predicate,threshold_a,threshold_b,target_count,seed_index,seed_j,seed_meas,dataset_fnv1a,success,termination_reason,result_index,result_value,trial_count,L_BBHT,actual_iter_normal,actual_iter_k3h3,actual_iter_dram_all_j,actual_iter_dram_session
LT,-16384,0,1,0,0x7b1dcdaf,0x24370df2,0xdf60e448,1,SUCCESS,6004,-28307,15,30,30,8,8,8
LT,-16384,0,1,1,0x3a85a4dc,0xa3b9aa35,0xdf60e448,1,SUCCESS,6004,-28307,23,132,132,43,35,27
LT,-16384,0,1,2,0x6162a8b2,0x871c276f,0xdf60e448,1,SUCCESS,6004,-28307,21,141,141,31,31,0
LT,-16384,0,1,3,0xc3adc34e,0xf5b8f22b,0xdf60e448,1,SUCCESS,6004,-28307,24,192,192,41,35,0
LT,-16384,0,1,4,0x2bb073ff,0x3f8396e3,0xdf60e448,1,SUCCESS,6004,-28307,20,108,108,30,30,0
LT,-16384,0,1,5,0xda585ab3,0xa7197ad7,0xdf60e448,1,SUCCESS,6004,-28307,21,96,96,25,24,0
LT,-16384,0,1,6,0x0ed109c0,0x5701ce52,0xdf60e448,1,SUCCESS,6004,-28307,24,207,207,58,52,17
LT,-16384,0,1,7,0x102ecf73,0x53c7612b,0xdf60e448,1,SUCCESS,6004,-28307,12,25,25,7,7,0
LT,-16384,0,1,8,0xcf29b6a1,0x35231a84,0xdf60e448,1,SUCCESS,6004,-28307,25,183,183,54,47,0
LT,-16384,0,1,9,0xc49cbb42,0xd0a3bbb8,0xdf60e448,1,SUCCESS,6004,-28307,24,148,148,68,54,2
LT,-16384,0,1,10,0x4cc51d23,0xee0e3ab4,0xdf60e448,1,SUCCESS,6004,-28307,24,195,195,47,40,0
LT,-16384,0,1,11,0xf9e8aa7a,0x3208c31a,0xdf60e448,1,SUCCESS,6004,-28307,25,218,218,57,44,0
LT,-16384,0,1,12,0xdda8b051,0xc8105c9d,0xdf60e448,1,SUCCESS,6004,-28307,26,276,276,76,63,9
LT,-16384,0,1,13,0xabfb11bf,0xf5dec75e,0xdf60e448,1,SUCCESS,6004,-28307,17,61,61,20,18,0
LT,-16384,0,1,14,0x20639811,0x6b6a7c47,0xdf60e448,1,SUCCESS,6004,-28307,25,221,221,69,50,0
LT,-16384,0,1,15,0xac72acd2,0xca84bc6c,0xdf60e448,1,SUCCESS,6004,-28307,26,234,234,77,61,0
LT,-16384,0,1,16,0x49a2da79,0xe1376725,0xdf60e448,1,SUCCESS,6004,-28307,23,175,175,41,39,0
LT,-16384,0,1,17,0x63a4e9d7,0x6166dba4,0xdf60e448,1,SUCCESS,6004,-28307,28,359,359,127,112,49
LT,-16384,0,1,18,0x8983f102,0x43fb6183,0xdf60e448,1,SUCCESS,6004,-28307,23,151,151,43,35,0
LT,-16384,0,1,19,0xb671aa78,0xc97ad8a2,0xdf60e448,1,SUCCESS,6004,-28307,28,371,371,160,126,14
LT,-16384,0,1,20,0xdaeb566a,0x989e5b3d,0xdf60e448,1,SUCCESS,6004,-28307,27,311,311,109,98,0
LT,-16384,0,1,21,0xf6181c00,0xa345ac4b,0xdf60e448,1,SUCCESS,6004,-28307,22,105,105,24,19,0
LT,-16384,0,1,22,0x4e18d852,0xa08980df,0xdf60e448,1,SUCCESS,6004,-28307,19,72,72,12,12,0
LT,-16384,0,1,23,0xa035ceba,0x611de4c4,0xdf60e448,1,SUCCESS,6004,-28307,26,337,337,101,92,0
LT,-16384,0,1,24,0xc2416ee4,0x7323f479,0xdf60e448,1,SUCCESS,6004,-28307,20,122,122,32,29,0
LT,-16384,0,1,25,0xfbdafbdd,0xa0c0cf2f,0xdf60e448,1,SUCCESS,6004,-28307,25,210,210,79,71,0
LT,-16384,0,1,26,0xa43fbf47,0x8de97b10,0xdf60e448,1,SUCCESS,6004,-28307,28,273,273,73,58,0
LT,-16384,0,1,27,0x6811f7c1,0xcb07044a,0xdf60e448,1,SUCCESS,6004,-28307,31,441,441,152,123,0
LT,-16384,0,1,28,0x610dde2c,0x8cf5deb9,0xdf60e448,1,SUCCESS,6004,-28307,24,205,205,65,63,0
LT,-16384,0,1,29,0x82241b87,0xbbe27f39,0xdf60e448,1,SUCCESS,6004,-28307,16,41,41,6,6,0
LT,-16384,0,1,30,0x48647490,0xea9551eb,0xdf60e448,1,SUCCESS,6004,-28307,27,298,298,97,74,0
LT,-16384,0,1,31,0x63df3b7f,0xa8b057e1,0xdf60e448,1,SUCCESS,6004,-28307,25,224,224,78,59,0
LT,-16384,0,1,32,0x433125bb,0x3221fef0,0xdf60e448,1,SUCCESS,6004,-28307,24,147,147,44,41,0
LT,-16384,0,1,33,0x7943be40,0x6641ee79,0xdf60e448,1,SUCCESS,6004,-28307,26,333,333,94,74,0
LT,-16384,0,1,34,0x26c93252,0x675d2908,0xdf60e448,1,SUCCESS,6004,-28307,17,68,68,17,17,0
LT,-16384,0,1,35,0xdbe3ed49,0xa7cfea56,0xdf60e448,1,SUCCESS,6004,-28307,24,230,230,57,53,0
LT,-16384,0,1,36,0xc2ec9bb4,0xbfc0ae9e,0xdf60e448,1,SUCCESS,6004,-28307,22,141,141,45,39,0
LT,-16384,0,1,37,0xe7ec8559,0x307064ac,0xdf60e448,1,SUCCESS,6004,-28307,20,85,85,32,27,0
LT,-16384,0,1,38,0xccb88b54,0x2cf00158,0xdf60e448,1,SUCCESS,6004,-28307,24,225,225,42,39,0
LT,-16384,0,1,39,0xb512e6a4,0x2b9e708c,0xdf60e448,1,SUCCESS,6004,-28307,24,205,205,46,44,0
LT,-16384,0,1,40,0x7e2c3d82,0xa69fb195,0xdf60e448,1,SUCCESS,6004,-28307,17,42,42,13,12,0
LT,-16384,0,1,41,0x58b3e5ad,0x23a21253,0xdf60e448,1,SUCCESS,6004,-28307,23,130,130,42,30,0
LT,-16384,0,1,42,0x9a07c40b,0x3ea78d8c,0xdf60e448,1,SUCCESS,6004,-28307,23,190,190,36,36,0
LT,-16384,0,1,43,0xf1f9a54b,0x7b00db61,0xdf60e448,1,SUCCESS,6004,-28307,19,98,98,20,20,0
LT,-16384,0,1,44,0xfba6212d,0xb8b8356a,0xdf60e448,1,SUCCESS,6004,-28307,25,202,202,46,35,0
LT,-16384,0,1,45,0x1ca60615,0xd753b84a,0xdf60e448,1,SUCCESS,6004,-28307,22,164,164,36,33,0
LT,-16384,0,1,46,0xa085c93e,0x19b8504d,0xdf60e448,1,SUCCESS,6004,-28307,17,52,52,13,11,0
LT,-16384,0,1,47,0x18190603,0xad0438b2,0xdf60e448,1,SUCCESS,6004,-28307,24,252,252,64,63,0
LT,-16384,0,1,48,0xc1143c78,0xbbdab3cd,0xdf60e448,1,SUCCESS,6004,-28307,26,226,226,72,69,0
LT,-16384,0,1,49,0x332063fc,0x222ba57c,0xdf60e448,1,SUCCESS,6004,-28307,25,229,229,53,53,0
LT,-16384,0,1,50,0xd6f4066b,0xab9eb714,0xdf60e448,1,SUCCESS,6004,-28307,25,213,213,62,58,0
LT,-16384,0,1,51,0x64b9628c,0x9cd8b518,0xdf60e448,1,SUCCESS,6004,-28307,21,111,111,23,23,0
LT,-16384,0,1,52,0x894e6771,0x8a255c2e,0xdf60e448,1,SUCCESS,6004,-28307,26,256,256,89,78,0
LT,-16384,0,1,53,0xe3e668e8,0xff1f20c3,0xdf60e448,1,SUCCESS,6004,-28307,20,77,77,26,25,0
LT,-16384,0,1,54,0x36980406,0xfbdbfa61,0xdf60e448,1,SUCCESS,6004,-28307,25,283,283,71,66,0
LT,-16384,0,1,55,0x114d2b4a,0xa617ad4e,0xdf60e448,1,SUCCESS,6004,-28307,23,124,124,52,48,0
LT,-16384,0,1,56,0x3b8907e1,0x0c6cbd10,0xdf60e448,1,SUCCESS,6004,-28307,21,86,86,27,26,0
LT,-16384,0,1,57,0x2cd09c1d,0x964fb1a7,0xdf60e448,1,SUCCESS,6004,-28307,22,166,166,42,40,0
LT,-16384,0,1,58,0x6d7a8604,0xbd6f99c6,0xdf60e448,1,SUCCESS,6004,-28307,21,97,97,21,18,0
LT,-16384,0,1,59,0x1fadaf42,0x60010aa3,0xdf60e448,1,SUCCESS,6004,-28307,27,201,201,50,38,0
LT,-16384,0,1,60,0x92fe7cfd,0xb54e2773,0xdf60e448,1,SUCCESS,6004,-28307,24,243,243,49,47,0
LT,-16384,0,1,61,0x1aecb060,0x9c545eba,0xdf60e448,1,SUCCESS,6004,-28307,24,183,183,65,57,0
LT,-16384,0,1,62,0x91778cc3,0xbd1d1bc0,0xdf60e448,1,SUCCESS,6004,-28307,23,153,153,34,33,0
LT,-16384,0,1,63,0xe6b7e7eb,0xd542988e,0xdf60e448,1,SUCCESS,6004,-28307,26,195,195,55,50,0
LT,-16384,0,1,64,0x6770144c,0xd2d3c6e7,0xdf60e448,1,SUCCESS,6004,-28307,26,193,193,46,36,0
LT,-16384,0,1,65,0xc600a248,0x0a1e0844,0xdf60e448,1,SUCCESS,6004,-28307,22,76,76,31,22,0
LT,-16384,0,1,66,0x1ea4f830,0x2ef0f28e,0xdf60e448,1,SUCCESS,6004,-28307,25,172,172,65,53,0
LT,-16384,0,1,67,0x639604f3,0x7fe04f83,0xdf60e448,1,SUCCESS,6004,-28307,22,105,105,48,42,0
LT,-16384,0,1,68,0x6e084a84,0xb643b17e,0xdf60e448,1,SUCCESS,6004,-28307,21,81,81,31,27,0
LT,-16384,0,1,69,0x3d7fc476,0x467d7a44,0xdf60e448,1,SUCCESS,6004,-28307,22,106,106,27,25,0
LT,-16384,0,1,70,0xedca3875,0xefade11e,0xdf60e448,1,SUCCESS,6004,-28307,26,243,243,98,88,0
LT,-16384,0,1,71,0xb883121d,0x095c678c,0xdf60e448,1,SUCCESS,6004,-28307,20,70,70,28,25,0
LT,-16384,0,1,72,0xace22797,0xbc422a9a,0xdf60e448,1,SUCCESS,6004,-28307,28,440,440,103,84,0
LT,-16384,0,1,73,0xefd3172d,0x8c2c3233,0xdf60e448,1,SUCCESS,6004,-28307,25,248,248,70,68,0
LT,-16384,0,1,74,0xe6aacdb5,0x7f1c158a,0xdf60e448,1,SUCCESS,6004,-28307,23,212,212,40,40,0
LT,-16384,0,1,75,0x6566c598,0xca804b00,0xdf60e448,1,SUCCESS,6004,-28307,21,117,117,26,26,0
LT,-16384,0,1,76,0x4e646d9d,0xcbae5ac0,0xdf60e448,1,SUCCESS,6004,-28307,23,149,149,53,44,0
LT,-16384,0,1,77,0x05d81d6f,0x260c4013,0xdf60e448,1,SUCCESS,6004,-28307,24,189,189,58,49,0
LT,-16384,0,1,78,0x2018f6a3,0x5728c7f4,0xdf60e448,1,SUCCESS,6004,-28307,25,177,177,69,55,0
LT,-16384,0,1,79,0x718ebf0c,0x4d7d460c,0xdf60e448,1,SUCCESS,6004,-28307,24,138,138,54,42,0
LT,-16384,0,1,80,0x042a8f17,0x2093b3f4,0xdf60e448,1,SUCCESS,6004,-28307,17,53,53,14,14,0
LT,-16384,0,1,81,0xfc1c775d,0x35bd20f1,0xdf60e448,1,SUCCESS,6004,-28307,18,79,79,19,19,0
LT,-16384,0,1,82,0x16b93b63,0x7d609ba5,0xdf60e448,1,SUCCESS,6004,-28307,21,121,121,40,37,0
LT,-16384,0,1,83,0x8ce1028e,0xb152e7ef,0xdf60e448,1,SUCCESS,6004,-28307,26,224,224,64,36,0
LT,-16384,0,1,84,0x87bad980,0x7dbefa97,0xdf60e448,1,SUCCESS,6004,-28307,21,132,132,28,25,0
LT,-16384,0,1,85,0xd63d86f3,0xf5399cca,0xdf60e448,1,SUCCESS,6004,-28307,24,234,234,66,61,0
LT,-16384,0,1,86,0xeeaba102,0x01560fc0,0xdf60e448,1,SUCCESS,6004,-28307,21,91,91,20,20,0
LT,-16384,0,1,87,0xc1fee4bb,0xc7e12d58,0xdf60e448,1,SUCCESS,6004,-28307,22,146,146,49,41,0
LT,-16384,0,1,88,0x0707c9da,0xf644a3f9,0xdf60e448,1,SUCCESS,6004,-28307,24,199,199,67,59,0
LT,-16384,0,1,89,0xde0d9c30,0x58a2ee8f,0xdf60e448,1,SUCCESS,6004,-28307,3,1,1,1,1,0
LT,-16384,0,1,90,0x7cd0efc7,0x9f385cfb,0xdf60e448,1,SUCCESS,6004,-28307,24,174,174,71,64,0
LT,-16384,0,1,91,0xe4cb50a6,0x94d13729,0xdf60e448,1,SUCCESS,6004,-28307,23,149,149,37,28,0
LT,-16384,0,1,92,0xa0882219,0x18f75d24,0xdf60e448,1,SUCCESS,6004,-28307,16,37,37,9,7,0
LT,-16384,0,1,93,0xc435e6f2,0xf75a52bc,0xdf60e448,1,SUCCESS,6004,-28307,23,192,192,51,49,0
LT,-16384,0,1,94,0x011b63f0,0x0aa34346,0xdf60e448,1,SUCCESS,6004,-28307,21,130,130,43,38,0
LT,-16384,0,1,95,0x1b456e77,0xee460f94,0xdf60e448,1,SUCCESS,6004,-28307,25,214,214,80,71,0
LT,-16384,0,1,96,0x10088608,0xef418331,0xdf60e448,1,SUCCESS,6004,-28307,17,42,42,11,11,0
LT,-16384,0,1,97,0x6fcfc352,0xf8fa9f4c,0xdf60e448,1,SUCCESS,6004,-28307,23,159,159,37,35,0
LT,-16384,0,1,98,0xfb6077af,0x713595a9,0xdf60e448,1,SUCCESS,6004,-28307,27,308,308,77,70,0
LT,-16384,0,1,99,0xc6ebb72e,0x08fdf109,0xdf60e448,1,SUCCESS,6004,-28307,27,263,263,138,113,0
LT,-16384,0,4,0,0x7b1dcdaf,0x24370df2,0x6015d0aa,1,SUCCESS,6004,-28307,15,30,30,8,8,8
LT,-16384,0,4,1,0x3a85a4dc,0xa3b9aa35,0x6015d0aa,1,SUCCESS,2687,-24767,20,81,81,25,25,17
LT,-16384,0,4,2,0x6162a8b2,0x871c276f,0x6015d0aa,1,SUCCESS,6004,-28307,19,89,89,24,24,0
LT,-16384,0,4,3,0xc3adc34e,0xf5b8f22b,0x6015d0aa,1,SUCCESS,14622,-28245,18,56,56,21,18,0
LT,-16384,0,4,4,0x2bb073ff,0x3f8396e3,0x6015d0aa,1,SUCCESS,13764,-17666,15,36,36,9,9,0
LT,-16384,0,4,5,0xda585ab3,0xa7197ad7,0x6015d0aa,1,SUCCESS,6004,-28307,18,40,40,12,11,0
LT,-16384,0,4,6,0x0ed109c0,0x5701ce52,0x6015d0aa,1,SUCCESS,13764,-17666,11,20,20,6,6,0
LT,-16384,0,4,7,0x102ecf73,0x53c7612b,0x6015d0aa,1,SUCCESS,2687,-24767,14,36,36,8,8,0
LT,-16384,0,4,8,0xcf29b6a1,0x35231a84,0x6015d0aa,1,SUCCESS,6004,-28307,19,76,76,26,21,0
LT,-16384,0,4,9,0xc49cbb42,0xd0a3bbb8,0x6015d0aa,1,SUCCESS,14622,-28245,24,148,148,68,54,29
LT,-16384,0,4,10,0x4cc51d23,0xee0e3ab4,0x6015d0aa,1,SUCCESS,14622,-28245,15,35,35,11,11,0
LT,-16384,0,4,11,0xf9e8aa7a,0x3208c31a,0x6015d0aa,1,SUCCESS,2687,-24767,19,85,85,21,20,0
LT,-16384,0,4,12,0xdda8b051,0xc8105c9d,0x6015d0aa,1,SUCCESS,14622,-28245,20,81,81,35,30,0
LT,-16384,0,4,13,0xabfb11bf,0xf5dec75e,0x6015d0aa,1,SUCCESS,2687,-24767,21,88,88,28,24,0
LT,-16384,0,4,14,0x20639811,0x6b6a7c47,0x6015d0aa,1,SUCCESS,14622,-28245,7,8,8,2,2,0
LT,-16384,0,4,15,0xac72acd2,0xca84bc6c,0x6015d0aa,1,SUCCESS,13764,-17666,9,3,3,2,2,0
LT,-16384,0,4,16,0x49a2da79,0xe1376725,0x6015d0aa,1,SUCCESS,6004,-28307,20,97,97,19,17,0
LT,-16384,0,4,17,0x63a4e9d7,0x6166dba4,0x6015d0aa,1,SUCCESS,2687,-24767,21,91,91,33,29,0
LT,-16384,0,4,18,0x8983f102,0x43fb6183,0x6015d0aa,1,SUCCESS,13764,-17666,13,18,18,8,8,0
LT,-16384,0,4,19,0xb671aa78,0xc97ad8a2,0x6015d0aa,1,SUCCESS,2687,-24767,21,82,82,33,26,0
LT,-16384,0,4,20,0xdaeb566a,0x989e5b3d,0x6015d0aa,1,SUCCESS,2687,-24767,22,112,112,38,29,0
LT,-16384,0,4,21,0xf6181c00,0xa345ac4b,0x6015d0aa,1,SUCCESS,6004,-28307,19,67,67,18,15,0
LT,-16384,0,4,22,0x4e18d852,0xa08980df,0x6015d0aa,1,SUCCESS,14622,-28245,11,13,13,4,4,0
LT,-16384,0,4,23,0xa035ceba,0x611de4c4,0x6015d0aa,1,SUCCESS,2687,-24767,20,88,88,23,20,0
LT,-16384,0,4,24,0xc2416ee4,0x7323f479,0x6015d0aa,1,SUCCESS,2687,-24767,18,73,73,20,17,0
LT,-16384,0,4,25,0xfbdafbdd,0xa0c0cf2f,0x6015d0aa,1,SUCCESS,6004,-28307,25,210,210,79,71,17
LT,-16384,0,4,26,0xa43fbf47,0x8de97b10,0x6015d0aa,1,SUCCESS,14622,-28245,16,39,39,10,10,0
LT,-16384,0,4,27,0x6811f7c1,0xcb07044a,0x6015d0aa,1,SUCCESS,13764,-17666,8,8,8,2,2,0
LT,-16384,0,4,28,0x610dde2c,0x8cf5deb9,0x6015d0aa,1,SUCCESS,14622,-28245,17,49,49,16,14,0
LT,-16384,0,4,29,0x82241b87,0xbbe27f39,0x6015d0aa,1,SUCCESS,6004,-28307,16,41,41,6,6,0
LT,-16384,0,4,30,0x48647490,0xea9551eb,0x6015d0aa,1,SUCCESS,2687,-24767,19,63,63,26,25,0
LT,-16384,0,4,31,0x63df3b7f,0xa8b057e1,0x6015d0aa,1,SUCCESS,14622,-28245,21,106,106,43,35,0
LT,-16384,0,4,32,0x433125bb,0x3221fef0,0x6015d0aa,1,SUCCESS,6004,-28307,21,70,70,26,23,0
LT,-16384,0,4,33,0x7943be40,0x6641ee79,0x6015d0aa,1,SUCCESS,2687,-24767,17,57,57,17,16,0
LT,-16384,0,4,34,0x26c93252,0x675d2908,0x6015d0aa,1,SUCCESS,6004,-28307,22,129,129,20,19,0
LT,-16384,0,4,35,0xdbe3ed49,0xa7cfea56,0x6015d0aa,1,SUCCESS,13764,-17666,19,98,98,25,25,0
LT,-16384,0,4,36,0xc2ec9bb4,0xbfc0ae9e,0x6015d0aa,1,SUCCESS,6004,-28307,17,47,47,18,17,0
LT,-16384,0,4,37,0xe7ec8559,0x307064ac,0x6015d0aa,1,SUCCESS,14622,-28245,18,53,53,27,22,0
LT,-16384,0,4,38,0xccb88b54,0x2cf00158,0x6015d0aa,1,SUCCESS,2687,-24767,15,40,40,9,9,0
LT,-16384,0,4,39,0xb512e6a4,0x2b9e708c,0x6015d0aa,1,SUCCESS,2687,-24767,15,31,31,9,9,0
LT,-16384,0,4,40,0x7e2c3d82,0xa69fb195,0x6015d0aa,1,SUCCESS,6004,-28307,17,42,42,13,12,0
LT,-16384,0,4,41,0x58b3e5ad,0x23a21253,0x6015d0aa,1,SUCCESS,2687,-24767,19,83,83,22,18,0
LT,-16384,0,4,42,0x9a07c40b,0x3ea78d8c,0x6015d0aa,1,SUCCESS,14622,-28245,18,75,75,18,18,0
LT,-16384,0,4,43,0xf1f9a54b,0x7b00db61,0x6015d0aa,1,SUCCESS,13764,-17666,18,78,78,12,12,0
LT,-16384,0,4,44,0xfba6212d,0xb8b8356a,0x6015d0aa,1,SUCCESS,2687,-24767,16,44,44,12,12,0
LT,-16384,0,4,45,0x1ca60615,0xd753b84a,0x6015d0aa,1,SUCCESS,2687,-24767,17,50,50,10,10,0
LT,-16384,0,4,46,0xa085c93e,0x19b8504d,0x6015d0aa,1,SUCCESS,6004,-28307,21,106,106,22,19,0
LT,-16384,0,4,47,0x18190603,0xad0438b2,0x6015d0aa,1,SUCCESS,2687,-24767,15,30,30,13,12,0
LT,-16384,0,4,48,0xc1143c78,0xbbdab3cd,0x6015d0aa,1,SUCCESS,6004,-28307,22,95,95,35,32,0
LT,-16384,0,4,49,0x332063fc,0x222ba57c,0x6015d0aa,1,SUCCESS,14622,-28245,23,148,148,40,40,0
LT,-16384,0,4,50,0xd6f4066b,0xab9eb714,0x6015d0aa,1,SUCCESS,13764,-17666,22,105,105,30,26,0
LT,-16384,0,4,51,0x64b9628c,0x9cd8b518,0x6015d0aa,1,SUCCESS,2687,-24767,13,23,23,6,6,0
LT,-16384,0,4,52,0x894e6771,0x8a255c2e,0x6015d0aa,1,SUCCESS,6004,-28307,20,116,116,29,29,0
LT,-16384,0,4,53,0xe3e668e8,0xff1f20c3,0x6015d0aa,1,SUCCESS,2687,-24767,21,115,115,39,38,0
LT,-16384,0,4,54,0x36980406,0xfbdbfa61,0x6015d0aa,1,SUCCESS,14622,-28245,23,156,156,40,35,0
LT,-16384,0,4,55,0x114d2b4a,0xa617ad4e,0x6015d0aa,1,SUCCESS,2687,-24767,23,124,124,52,48,0
LT,-16384,0,4,56,0x3b8907e1,0x0c6cbd10,0x6015d0aa,1,SUCCESS,13764,-17666,23,142,142,55,52,0
LT,-16384,0,4,57,0x2cd09c1d,0x964fb1a7,0x6015d0aa,1,SUCCESS,6004,-28307,19,87,87,26,25,0
LT,-16384,0,4,58,0x6d7a8604,0xbd6f99c6,0x6015d0aa,1,SUCCESS,2687,-24767,15,37,37,12,12,0
LT,-16384,0,4,59,0x1fadaf42,0x60010aa3,0x6015d0aa,1,SUCCESS,14622,-28245,27,201,201,50,38,0
LT,-16384,0,4,60,0x92fe7cfd,0xb54e2773,0x6015d0aa,1,SUCCESS,6004,-28307,21,135,135,33,31,0
LT,-16384,0,4,61,0x1aecb060,0x9c545eba,0x6015d0aa,1,SUCCESS,14622,-28245,17,47,47,15,13,0
LT,-16384,0,4,62,0x91778cc3,0xbd1d1bc0,0x6015d0aa,1,SUCCESS,6004,-28307,16,49,49,12,12,0
LT,-16384,0,4,63,0xe6b7e7eb,0xd542988e,0x6015d0aa,1,SUCCESS,6004,-28307,25,145,145,28,23,0
LT,-16384,0,4,64,0x6770144c,0xd2d3c6e7,0x6015d0aa,1,SUCCESS,2687,-24767,17,38,38,12,11,0
LT,-16384,0,4,65,0xc600a248,0x0a1e0844,0x6015d0aa,1,SUCCESS,13764,-17666,21,67,67,27,22,0
LT,-16384,0,4,66,0x1ea4f830,0x2ef0f28e,0x6015d0aa,1,SUCCESS,2687,-24767,24,119,119,28,16,0
LT,-16384,0,4,67,0x639604f3,0x7fe04f83,0x6015d0aa,1,SUCCESS,6004,-28307,19,58,58,20,17,0
LT,-16384,0,4,68,0x6e084a84,0xb643b17e,0x6015d0aa,1,SUCCESS,6004,-28307,21,81,81,31,27,0
LT,-16384,0,4,69,0x3d7fc476,0x467d7a44,0x6015d0aa,1,SUCCESS,13764,-17666,22,106,106,27,25,0
LT,-16384,0,4,70,0xedca3875,0xefade11e,0x6015d0aa,1,SUCCESS,14622,-28245,20,77,77,18,13,0
LT,-16384,0,4,71,0xb883121d,0x095c678c,0x6015d0aa,1,SUCCESS,6004,-28307,20,70,70,28,25,0
LT,-16384,0,4,72,0xace22797,0xbc422a9a,0x6015d0aa,1,SUCCESS,14622,-28245,18,67,67,17,16,0
LT,-16384,0,4,73,0xefd3172d,0x8c2c3233,0x6015d0aa,1,SUCCESS,2687,-24767,21,100,100,35,34,0
LT,-16384,0,4,74,0xe6aacdb5,0x7f1c158a,0x6015d0aa,1,SUCCESS,13764,-17666,22,172,172,33,33,0
LT,-16384,0,4,75,0x6566c598,0xca804b00,0x6015d0aa,1,SUCCESS,6004,-28307,21,117,117,26,26,0
LT,-16384,0,4,76,0x4e646d9d,0xcbae5ac0,0x6015d0aa,1,SUCCESS,13764,-17666,21,97,97,30,21,0
LT,-16384,0,4,77,0x05d81d6f,0x260c4013,0x6015d0aa,1,SUCCESS,13764,-17666,24,189,189,58,49,0
LT,-16384,0,4,78,0x2018f6a3,0x5728c7f4,0x6015d0aa,1,SUCCESS,2687,-24767,19,53,53,11,9,0
LT,-16384,0,4,79,0x718ebf0c,0x4d7d460c,0x6015d0aa,1,SUCCESS,2687,-24767,24,138,138,54,42,0
LT,-16384,0,4,80,0x042a8f17,0x2093b3f4,0x6015d0aa,1,SUCCESS,14622,-28245,21,89,89,24,23,0
LT,-16384,0,4,81,0xfc1c775d,0x35bd20f1,0x6015d0aa,1,SUCCESS,6004,-28307,21,116,116,37,32,0
LT,-16384,0,4,82,0x16b93b63,0x7d609ba5,0x6015d0aa,1,SUCCESS,14622,-28245,21,121,121,40,37,0
LT,-16384,0,4,83,0x8ce1028e,0xb152e7ef,0x6015d0aa,1,SUCCESS,14622,-28245,19,79,79,22,20,0
LT,-16384,0,4,84,0x87bad980,0x7dbefa97,0x6015d0aa,1,SUCCESS,14622,-28245,18,66,66,23,20,0
LT,-16384,0,4,85,0xd63d86f3,0xf5399cca,0x6015d0aa,1,SUCCESS,2687,-24767,19,67,67,28,23,0
LT,-16384,0,4,86,0xeeaba102,0x01560fc0,0x6015d0aa,1,SUCCESS,13764,-17666,19,62,62,19,19,0
LT,-16384,0,4,87,0xc1fee4bb,0xc7e12d58,0x6015d0aa,1,SUCCESS,6004,-28307,17,54,54,13,13,0
LT,-16384,0,4,88,0x0707c9da,0xf644a3f9,0x6015d0aa,1,SUCCESS,6004,-28307,22,115,115,51,43,0
LT,-16384,0,4,89,0xde0d9c30,0x58a2ee8f,0x6015d0aa,1,SUCCESS,6004,-28307,3,1,1,1,1,0
LT,-16384,0,4,90,0x7cd0efc7,0x9f385cfb,0x6015d0aa,1,SUCCESS,13764,-17666,20,60,60,24,21,0
LT,-16384,0,4,91,0xe4cb50a6,0x94d13729,0x6015d0aa,1,SUCCESS,14622,-28245,20,100,100,22,22,0
LT,-16384,0,4,92,0xa0882219,0x18f75d24,0x6015d0aa,1,SUCCESS,6004,-28307,16,37,37,9,7,0
LT,-16384,0,4,93,0xc435e6f2,0xf75a52bc,0x6015d0aa,1,SUCCESS,14622,-28245,22,143,143,26,24,0
LT,-16384,0,4,94,0x011b63f0,0x0aa34346,0x6015d0aa,1,SUCCESS,13764,-17666,20,92,92,27,22,0
LT,-16384,0,4,95,0x1b456e77,0xee460f94,0x6015d0aa,1,SUCCESS,13764,-17666,21,100,100,32,25,0
LT,-16384,0,4,96,0x10088608,0xef418331,0x6015d0aa,1,SUCCESS,6004,-28307,17,42,42,11,11,0
LT,-16384,0,4,97,0x6fcfc352,0xf8fa9f4c,0x6015d0aa,1,SUCCESS,2687,-24767,16,33,33,16,14,0
LT,-16384,0,4,98,0xfb6077af,0x713595a9,0x6015d0aa,1,SUCCESS,14622,-28245,16,45,45,15,15,0
LT,-16384,0,4,99,0xc6ebb72e,0x08fdf109,0x6015d0aa,1,SUCCESS,14622,-28245,21,101,101,31,31,0
LT,-16384,0,16,0,0x7b1dcdaf,0x24370df2,0xcdc69ebc,1,SUCCESS,6463,-19424,14,22,22,5,5,5
LT,-16384,0,16,1,0x3a85a4dc,0xa3b9aa35,0xcdc69ebc,1,SUCCESS,8671,-19865,20,81,81,25,25,20
LT,-16384,0,16,2,0x6162a8b2,0x871c276f,0xcdc69ebc,1,SUCCESS,16156,-26932,14,34,34,9,9,0
LT,-16384,0,16,3,0xc3adc34e,0xf5b8f22b,0xcdc69ebc,1,SUCCESS,9469,-18742,10,13,13,5,5,0
LT,-16384,0,16,4,0x2bb073ff,0x3f8396e3,0xcdc69ebc,1,SUCCESS,13764,-17666,16,47,47,11,11,0
LT,-16384,0,16,5,0xda585ab3,0xa7197ad7,0xcdc69ebc,1,SUCCESS,2815,-23791,17,29,29,9,8,0
LT,-16384,0,16,6,0x0ed109c0,0x5701ce52,0xcdc69ebc,1,SUCCESS,13764,-17666,11,20,20,6,6,0
LT,-16384,0,16,7,0x102ecf73,0x53c7612b,0xcdc69ebc,1,SUCCESS,2828,-17484,14,36,36,8,8,0
LT,-16384,0,16,8,0xcf29b6a1,0x35231a84,0xcdc69ebc,1,SUCCESS,2828,-17484,16,49,49,9,9,0
LT,-16384,0,16,9,0xc49cbb42,0xd0a3bbb8,0xcdc69ebc,1,SUCCESS,8671,-19865,17,40,40,18,17,0
LT,-16384,0,16,10,0x4cc51d23,0xee0e3ab4,0xcdc69ebc,1,SUCCESS,14622,-28245,15,35,35,11,11,0
LT,-16384,0,16,11,0xf9e8aa7a,0x3208c31a,0xcdc69ebc,1,SUCCESS,2828,-17484,19,85,85,21,20,0
LT,-16384,0,16,12,0xdda8b051,0xc8105c9d,0xcdc69ebc,1,SUCCESS,438,-30743,18,42,42,12,10,0
LT,-16384,0,16,13,0xabfb11bf,0xf5dec75e,0xcdc69ebc,1,SUCCESS,14622,-28245,12,24,24,7,7,0
LT,-16384,0,16,14,0x20639811,0x6b6a7c47,0xcdc69ebc,1,SUCCESS,14622,-28245,7,8,8,2,2,0
LT,-16384,0,16,15,0xac72acd2,0xca84bc6c,0xcdc69ebc,1,SUCCESS,13764,-17666,9,3,3,2,2,0
LT,-16384,0,16,16,0x49a2da79,0xe1376725,0xcdc69ebc,1,SUCCESS,2828,-17484,11,20,20,4,4,0
LT,-16384,0,16,17,0x63a4e9d7,0x6166dba4,0xcdc69ebc,1,SUCCESS,5518,-25251,11,13,13,4,4,0
LT,-16384,0,16,18,0x8983f102,0x43fb6183,0xcdc69ebc,1,SUCCESS,14562,-27299,9,8,8,4,4,0
LT,-16384,0,16,19,0xb671aa78,0xc97ad8a2,0xcdc69ebc,1,SUCCESS,14562,-27299,21,82,82,33,26,1
LT,-16384,0,16,20,0xdaeb566a,0x989e5b3d,0xcdc69ebc,1,SUCCESS,14562,-27299,13,20,20,5,5,0
LT,-16384,0,16,21,0xf6181c00,0xa345ac4b,0xcdc69ebc,1,SUCCESS,2828,-17484,9,4,4,4,4,0
LT,-16384,0,16,22,0x4e18d852,0xa08980df,0xcdc69ebc,1,SUCCESS,14622,-28245,11,13,13,4,4,0
LT,-16384,0,16,23,0xa035ceba,0x611de4c4,0xcdc69ebc,1,SUCCESS,16156,-26932,10,13,13,5,5,0
LT,-16384,0,16,24,0xc2416ee4,0x7323f479,0xcdc69ebc,1,SUCCESS,8671,-19865,11,21,21,6,6,0
LT,-16384,0,16,25,0xfbdafbdd,0xa0c0cf2f,0xcdc69ebc,1,SUCCESS,6004,-28307,15,28,28,6,6,0
LT,-16384,0,16,26,0xa43fbf47,0x8de97b10,0xcdc69ebc,1,SUCCESS,2828,-17484,21,83,83,22,20,0
LT,-16384,0,16,27,0x6811f7c1,0xcb07044a,0xcdc69ebc,1,SUCCESS,13764,-17666,8,8,8,2,2,0
LT,-16384,0,16,28,0x610dde2c,0x8cf5deb9,0xcdc69ebc,1,SUCCESS,5470,-16918,11,17,17,5,5,0
LT,-16384,0,16,29,0x82241b87,0xbbe27f39,0xcdc69ebc,1,SUCCESS,14562,-27299,7,6,6,2,2,0
LT,-16384,0,16,30,0x48647490,0xea9551eb,0xcdc69ebc,1,SUCCESS,8671,-19865,17,38,38,12,11,0
LT,-16384,0,16,31,0x63df3b7f,0xa8b057e1,0xcdc69ebc,1,SUCCESS,5518,-25251,6,3,3,1,1,0
LT,-16384,0,16,32,0x433125bb,0x3221fef0,0xcdc69ebc,1,SUCCESS,8671,-19865,21,70,70,26,23,0
LT,-16384,0,16,33,0x7943be40,0x6641ee79,0xcdc69ebc,1,SUCCESS,2815,-23791,14,31,31,8,8,0
LT,-16384,0,16,34,0x26c93252,0x675d2908,0xcdc69ebc,1,SUCCESS,6004,-28307,17,68,68,17,17,0
LT,-16384,0,16,35,0xdbe3ed49,0xa7cfea56,0xcdc69ebc,1,SUCCESS,8671,-19865,13,18,18,8,8,0
LT,-16384,0,16,36,0xc2ec9bb4,0xbfc0ae9e,0xcdc69ebc,1,SUCCESS,16156,-26932,17,47,47,18,17,0
LT,-16384,0,16,37,0xe7ec8559,0x307064ac,0xcdc69ebc,1,SUCCESS,5518,-25251,18,53,53,27,22,0
LT,-16384,0,16,38,0xccb88b54,0x2cf00158,0xcdc69ebc,1,SUCCESS,2815,-23791,11,22,22,5,5,0
LT,-16384,0,16,39,0xb512e6a4,0x2b9e708c,0xcdc69ebc,1,SUCCESS,13764,-17666,16,45,45,14,14,0
LT,-16384,0,16,40,0x7e2c3d82,0xa69fb195,0xcdc69ebc,1,SUCCESS,11575,-17397,10,9,9,4,4,0
LT,-16384,0,16,41,0x58b3e5ad,0x23a21253,0xcdc69ebc,1,SUCCESS,2828,-17484,13,20,20,7,7,0
LT,-16384,0,16,42,0x9a07c40b,0x3ea78d8c,0xcdc69ebc,1,SUCCESS,14622,-28245,15,34,34,12,12,0
LT,-16384,0,16,43,0xf1f9a54b,0x7b00db61,0xcdc69ebc,1,SUCCESS,13764,-17666,14,33,33,10,10,0
LT,-16384,0,16,44,0xfba6212d,0xb8b8356a,0xcdc69ebc,1,SUCCESS,13764,-17666,18,58,58,14,12,0
LT,-16384,0,16,45,0x1ca60615,0xd753b84a,0xcdc69ebc,1,SUCCESS,5518,-25251,13,24,24,7,7,0
LT,-16384,0,16,46,0xa085c93e,0x19b8504d,0xcdc69ebc,1,SUCCESS,2687,-24767,20,96,96,21,19,0
LT,-16384,0,16,47,0x18190603,0xad0438b2,0xcdc69ebc,1,SUCCESS,2828,-17484,11,11,11,4,4,0
LT,-16384,0,16,48,0xc1143c78,0xbbdab3cd,0xcdc69ebc,1,SUCCESS,11575,-17397,21,63,63,27,24,0
LT,-16384,0,16,49,0x332063fc,0x222ba57c,0xcdc69ebc,1,SUCCESS,5518,-25251,14,27,27,6,6,0
LT,-16384,0,16,50,0xd6f4066b,0xab9eb714,0xcdc69ebc,1,SUCCESS,2828,-17484,13,15,15,6,6,0
LT,-16384,0,16,51,0x64b9628c,0x9cd8b518,0xcdc69ebc,1,SUCCESS,16156,-26932,15,37,37,9,9,0
LT,-16384,0,16,52,0x894e6771,0x8a255c2e,0xcdc69ebc,1,SUCCESS,16156,-26932,12,12,12,3,3,0
LT,-16384,0,16,53,0xe3e668e8,0xff1f20c3,0xcdc69ebc,1,SUCCESS,2687,-24767,17,33,33,9,9,0
LT,-16384,0,16,54,0x36980406,0xfbdbfa61,0xcdc69ebc,1,SUCCESS,10396,-31067,13,32,32,9,7,0
LT,-16384,0,16,55,0x114d2b4a,0xa617ad4e,0xcdc69ebc,1,SUCCESS,8671,-19865,18,51,51,11,10,0
LT,-16384,0,16,56,0x3b8907e1,0x0c6cbd10,0xcdc69ebc,1,SUCCESS,9469,-18742,17,37,37,12,12,0
LT,-16384,0,16,57,0x2cd09c1d,0x964fb1a7,0xcdc69ebc,1,SUCCESS,6463,-19424,19,87,87,26,25,0
LT,-16384,0,16,58,0x6d7a8604,0xbd6f99c6,0xcdc69ebc,1,SUCCESS,2687,-24767,15,37,37,12,12,0
LT,-16384,0,16,59,0x1fadaf42,0x60010aa3,0xcdc69ebc,1,SUCCESS,6004,-28307,11,14,14,4,4,0
LT,-16384,0,16,60,0x92fe7cfd,0xb54e2773,0xcdc69ebc,1,SUCCESS,8671,-19865,17,63,63,18,16,0
LT,-16384,0,16,61,0x1aecb060,0x9c545eba,0xcdc69ebc,1,SUCCESS,16156,-26932,17,47,47,15,13,0
LT,-16384,0,16,62,0x91778cc3,0xbd1d1bc0,0xcdc69ebc,1,SUCCESS,14562,-27299,15,37,37,10,10,0
LT,-16384,0,16,63,0xe6b7e7eb,0xd542988e,0xcdc69ebc,1,SUCCESS,14622,-28245,10,11,11,5,5,0
LT,-16384,0,16,64,0x6770144c,0xd2d3c6e7,0xcdc69ebc,1,SUCCESS,5470,-16918,18,52,52,15,14,0
LT,-16384,0,16,65,0xc600a248,0x0a1e0844,0xcdc69ebc,1,SUCCESS,438,-30743,8,8,8,3,3,0
LT,-16384,0,16,66,0x1ea4f830,0x2ef0f28e,0xcdc69ebc,1,SUCCESS,8671,-19865,12,18,18,6,6,0
LT,-16384,0,16,67,0x639604f3,0x7fe04f83,0xcdc69ebc,1,SUCCESS,14622,-28245,19,58,58,20,17,0
LT,-16384,0,16,68,0x6e084a84,0xb643b17e,0xcdc69ebc,1,SUCCESS,2687,-24767,12,24,24,6,6,0
LT,-16384,0,16,69,0x3d7fc476,0x467d7a44,0xcdc69ebc,1,SUCCESS,6463,-19424,17,36,36,12,11,0
LT,-16384,0,16,70,0xedca3875,0xefade11e,0xcdc69ebc,1,SUCCESS,14622,-28245,23,119,119,42,32,6
LT,-16384,0,16,71,0xb883121d,0x095c678c,0xcdc69ebc,1,SUCCESS,6004,-28307,20,70,70,28,25,0
LT,-16384,0,16,72,0xace22797,0xbc422a9a,0xcdc69ebc,1,SUCCESS,13764,-17666,16,41,41,13,12,0
LT,-16384,0,16,73,0xefd3172d,0x8c2c3233,0xcdc69ebc,1,SUCCESS,2687,-24767,17,35,35,10,10,0
LT,-16384,0,16,74,0xe6aacdb5,0x7f1c158a,0xcdc69ebc,1,SUCCESS,2815,-23791,14,26,26,6,6,0
LT,-16384,0,16,75,0x6566c598,0xca804b00,0xcdc69ebc,1,SUCCESS,2828,-17484,9,9,9,4,4,0
LT,-16384,0,16,76,0x4e646d9d,0xcbae5ac0,0xcdc69ebc,1,SUCCESS,16156,-26932,11,19,19,6,6,0
LT,-16384,0,16,77,0x05d81d6f,0x260c4013,0xcdc69ebc,1,SUCCESS,9469,-18742,18,67,67,22,22,0
LT,-16384,0,16,78,0x2018f6a3,0x5728c7f4,0xcdc69ebc,1,SUCCESS,9469,-18742,19,53,53,11,9,0
LT,-16384,0,16,79,0x718ebf0c,0x4d7d460c,0xcdc69ebc,1,SUCCESS,438,-30743,16,43,43,16,15,0
LT,-16384,0,16,80,0x042a8f17,0x2093b3f4,0xcdc69ebc,1,SUCCESS,2828,-17484,15,34,34,8,8,0
LT,-16384,0,16,81,0xfc1c775d,0x35bd20f1,0xcdc69ebc,1,SUCCESS,2828,-17484,15,44,44,10,10,0
LT,-16384,0,16,82,0x16b93b63,0x7d609ba5,0xcdc69ebc,1,SUCCESS,2828,-17484,17,49,49,14,12,0
LT,-16384,0,16,83,0x8ce1028e,0xb152e7ef,0xcdc69ebc,1,SUCCESS,6463,-19424,15,32,32,10,9,0
LT,-16384,0,16,84,0x87bad980,0x7dbefa97,0xcdc69ebc,1,SUCCESS,5518,-25251,12,23,23,7,7,0
LT,-16384,0,16,85,0xd63d86f3,0xf5399cca,0xcdc69ebc,1,SUCCESS,10396,-31067,19,67,67,28,23,0
LT,-16384,0,16,86,0xeeaba102,0x01560fc0,0xcdc69ebc,1,SUCCESS,14562,-27299,19,62,62,19,19,0
LT,-16384,0,16,87,0xc1fee4bb,0xc7e12d58,0xcdc69ebc,1,SUCCESS,8671,-19865,16,46,46,13,13,0
LT,-16384,0,16,88,0x0707c9da,0xf644a3f9,0xcdc69ebc,1,SUCCESS,8671,-19865,13,25,25,6,6,0
LT,-16384,0,16,89,0xde0d9c30,0x58a2ee8f,0xcdc69ebc,1,SUCCESS,6004,-28307,14,27,27,8,8,0
LT,-16384,0,16,90,0x7cd0efc7,0x9f385cfb,0xcdc69ebc,1,SUCCESS,16156,-26932,13,12,12,6,6,0
LT,-16384,0,16,91,0xe4cb50a6,0x94d13729,0xcdc69ebc,1,SUCCESS,438,-30743,13,10,10,3,3,0
LT,-16384,0,16,92,0xa0882219,0x18f75d24,0xcdc69ebc,1,SUCCESS,2828,-17484,11,13,13,6,6,0
LT,-16384,0,16,93,0xc435e6f2,0xf75a52bc,0xcdc69ebc,1,SUCCESS,14562,-27299,16,55,55,10,10,0
LT,-16384,0,16,94,0x011b63f0,0x0aa34346,0xcdc69ebc,1,SUCCESS,9469,-18742,11,14,14,5,5,0
LT,-16384,0,16,95,0x1b456e77,0xee460f94,0xcdc69ebc,1,SUCCESS,9469,-18742,17,47,47,18,18,0
LT,-16384,0,16,96,0x10088608,0xef418331,0xcdc69ebc,1,SUCCESS,2687,-24767,10,12,12,4,4,0
LT,-16384,0,16,97,0x6fcfc352,0xf8fa9f4c,0xcdc69ebc,1,SUCCESS,2815,-23791,16,33,33,16,14,0
LT,-16384,0,16,98,0xfb6077af,0x713595a9,0xcdc69ebc,1,SUCCESS,5470,-16918,16,45,45,15,15,0
LT,-16384,0,16,99,0xc6ebb72e,0x08fdf109,0xcdc69ebc,1,SUCCESS,5470,-16918,15,28,28,6,6,0
LT,-16384,0,64,0,0x7b1dcdaf,0x24370df2,0x8e060871,1,SUCCESS,1089,-17865,7,4,4,2,2,2
LT,-16384,0,64,1,0x3a85a4dc,0xa3b9aa35,0x8e060871,1,SUCCESS,1951,-17282,16,35,35,12,12,10
LT,-16384,0,64,2,0x6162a8b2,0x871c276f,0x8e060871,1,SUCCESS,10706,-30061,10,12,12,4,4,0
LT,-16384,0,64,3,0xc3adc34e,0xf5b8f22b,0x8e060871,1,SUCCESS,16156,-26932,9,8,8,4,4,0
LT,-16384,0,64,4,0x2bb073ff,0x3f8396e3,0x8e060871,1,SUCCESS,13764,-17666,12,17,17,7,7,0
LT,-16384,0,64,5,0xda585ab3,0xa7197ad7,0x8e060871,1,SUCCESS,10117,-21896,5,3,3,1,1,0
LT,-16384,0,64,6,0x0ed109c0,0x5701ce52,0x8e060871,1,SUCCESS,16073,-17117,2,1,1,1,1,0
LT,-16384,0,64,7,0x102ecf73,0x53c7612b,0x8e060871,1,SUCCESS,15048,-24121,8,8,8,3,3,0
LT,-16384,0,64,8,0xcf29b6a1,0x35231a84,0x8e060871,1,SUCCESS,12822,-30595,10,8,8,4,4,0
LT,-16384,0,64,9,0xc49cbb42,0xd0a3bbb8,0x8e060871,1,SUCCESS,8239,-17326,10,9,9,2,2,0
LT,-16384,0,64,10,0x4cc51d23,0xee0e3ab4,0x8e060871,1,SUCCESS,3605,-26225,12,23,23,5,5,0
LT,-16384,0,64,11,0xf9e8aa7a,0x3208c31a,0x8e060871,1,SUCCESS,11830,-32530,9,10,10,3,3,0
LT,-16384,0,64,12,0xdda8b051,0xc8105c9d,0x8e060871,1,SUCCESS,187,-22178,14,20,20,10,10,0
LT,-16384,0,64,13,0xabfb11bf,0xf5dec75e,0x8e060871,1,SUCCESS,14812,-20654,12,24,24,7,7,0
LT,-16384,0,64,14,0x20639811,0x6b6a7c47,0x8e060871,1,SUCCESS,8103,-21040,8,9,9,2,2,0
LT,-16384,0,64,15,0xac72acd2,0xca84bc6c,0x8e060871,1,SUCCESS,8050,-21247,10,7,7,4,4,0
LT,-16384,0,64,16,0x49a2da79,0xe1376725,0x8e060871,1,SUCCESS,11898,-26778,9,12,12,4,4,0
LT,-16384,0,64,17,0x63a4e9d7,0x6166dba4,0x8e060871,1,SUCCESS,10602,-21556,13,21,21,7,6,0
LT,-16384,0,64,18,0x8983f102,0x43fb6183,0x8e060871,1,SUCCESS,14622,-28245,9,8,8,4,4,0
LT,-16384,0,64,19,0xb671aa78,0xc97ad8a2,0x8e060871,1,SUCCESS,10117,-21896,10,10,10,3,3,0
LT,-16384,0,64,20,0xdaeb566a,0x989e5b3d,0x8e060871,1,SUCCESS,438,-30743,11,13,13,4,4,0
LT,-16384,0,64,21,0xf6181c00,0xa345ac4b,0x8e060871,1,SUCCESS,2815,-23791,11,7,7,4,4,0
LT,-16384,0,64,22,0x4e18d852,0xa08980df,0x8e060871,1,SUCCESS,14662,-22014,11,13,13,4,4,0
LT,-16384,0,64,23,0xa035ceba,0x611de4c4,0x8e060871,1,SUCCESS,2843,-27723,14,29,29,7,7,0
LT,-16384,0,64,24,0xc2416ee4,0x7323f479,0x8e060871,1,SUCCESS,4806,-18062,5,4,4,1,1,0
LT,-16384,0,64,25,0xfbdafbdd,0xa0c0cf2f,0x8e060871,1,SUCCESS,10396,-31067,10,8,8,2,2,0
LT,-16384,0,64,26,0xa43fbf47,0x8de97b10,0x8e060871,1,SUCCESS,13360,-28930,15,29,29,10,10,0
LT,-16384,0,64,27,0x6811f7c1,0xcb07044a,0x8e060871,1,SUCCESS,7227,-22375,12,17,17,4,4,0
LT,-16384,0,64,28,0x610dde2c,0x8cf5deb9,0x8e060871,1,SUCCESS,15048,-24121,4,2,2,1,1,0
LT,-16384,0,64,29,0x82241b87,0xbbe27f39,0x8e060871,1,SUCCESS,1089,-17865,9,11,11,3,3,0
LT,-16384,0,64,30,0x48647490,0xea9551eb,0x8e060871,1,SUCCESS,9469,-18742,14,21,21,7,7,0
LT,-16384,0,64,31,0x63df3b7f,0xa8b057e1,0x8e060871,1,SUCCESS,16073,-17117,9,10,10,4,4,0
LT,-16384,0,64,32,0x433125bb,0x3221fef0,0x8e060871,1,SUCCESS,11308,-20891,16,35,35,7,7,0
LT,-16384,0,64,33,0x7943be40,0x6641ee79,0x8e060871,1,SUCCESS,11228,-19551,11,17,17,6,6,0
LT,-16384,0,64,34,0x26c93252,0x675d2908,0x8e060871,1,SUCCESS,12822,-30595,12,21,21,4,4,0
LT,-16384,0,64,35,0xdbe3ed49,0xa7cfea56,0x8e060871,1,SUCCESS,3372,-16463,5,4,4,2,2,0
LT,-16384,0,64,36,0xc2ec9bb4,0xbfc0ae9e,0x8e060871,1,SUCCESS,8239,-17326,14,23,23,9,9,0
LT,-16384,0,64,37,0xe7ec8559,0x307064ac,0x8e060871,1,SUCCESS,8050,-21247,6,5,5,2,2,0
LT,-16384,0,64,38,0xccb88b54,0x2cf00158,0x8e060871,1,SUCCESS,15048,-24121,5,4,4,2,2,0
LT,-16384,0,64,39,0xb512e6a4,0x2b9e708c,0x8e060871,1,SUCCESS,13442,-19364,14,22,22,6,6,0
LT,-16384,0,64,40,0x7e2c3d82,0xa69fb195,0x8e060871,1,SUCCESS,1951,-17282,15,28,28,8,8,0
LT,-16384,0,64,41,0x58b3e5ad,0x23a21253,0x8e060871,1,SUCCESS,6760,-27408,12,14,14,7,7,0
LT,-16384,0,64,42,0x9a07c40b,0x3ea78d8c,0x8e060871,1,SUCCESS,7227,-22375,11,12,12,5,5,0
LT,-16384,0,64,43,0xf1f9a54b,0x7b00db61,0x8e060871,1,SUCCESS,6760,-27408,12,22,22,7,7,0
LT,-16384,0,64,44,0xfba6212d,0xb8b8356a,0x8e060871,1,SUCCESS,4246,-31407,13,18,18,5,5,0
LT,-16384,0,64,45,0x1ca60615,0xd753b84a,0x8e060871,1,SUCCESS,2843,-27723,17,50,50,10,10,0
LT,-16384,0,64,46,0xa085c93e,0x19b8504d,0x8e060871,1,SUCCESS,15570,-27224,12,21,21,6,6,0
LT,-16384,0,64,47,0x18190603,0xad0438b2,0x8e060871,1,SUCCESS,8016,-19922,15,30,30,13,12,0
LT,-16384,0,64,48,0xc1143c78,0xbbdab3cd,0x8e060871,1,SUCCESS,11228,-19551,11,7,7,4,4,0
LT,-16384,0,64,49,0x332063fc,0x222ba57c,0x8e060871,1,SUCCESS,14812,-20654,12,17,17,6,6,0
LT,-16384,0,64,50,0xd6f4066b,0xab9eb714,0x8e060871,1,SUCCESS,3149,-30574,13,15,15,6,6,0
LT,-16384,0,64,51,0x64b9628c,0x9cd8b518,0x8e060871,1,SUCCESS,15529,-19241,10,15,15,4,4,0
LT,-16384,0,64,52,0x894e6771,0x8a255c2e,0x8e060871,1,SUCCESS,16156,-26932,16,43,43,15,15,3
LT,-16384,0,64,53,0xe3e668e8,0xff1f20c3,0x8e060871,1,SUCCESS,15570,-27224,13,21,21,7,7,0
LT,-16384,0,64,54,0x36980406,0xfbdbfa61,0x8e060871,1,SUCCESS,3486,-28677,11,22,22,5,5,0
LT,-16384,0,64,55,0x114d2b4a,0xa617ad4e,0x8e060871,1,SUCCESS,3149,-30574,6,5,5,2,2,0
LT,-16384,0,64,56,0x3b8907e1,0x0c6cbd10,0x8e060871,1,SUCCESS,8016,-19922,7,4,4,2,2,0
LT,-16384,0,64,57,0x2cd09c1d,0x964fb1a7,0x8e060871,1,SUCCESS,4246,-31407,12,15,15,5,5,0
LT,-16384,0,64,58,0x6d7a8604,0xbd6f99c6,0x8e060871,1,SUCCESS,6463,-19424,6,5,5,2,2,0
LT,-16384,0,64,59,0x1fadaf42,0x60010aa3,0x8e060871,1,SUCCESS,14562,-27299,15,34,34,12,12,0
LT,-16384,0,64,60,0x92fe7cfd,0xb54e2773,0x8e060871,1,SUCCESS,15048,-24121,10,15,15,5,5,0
LT,-16384,0,64,61,0x1aecb060,0x9c545eba,0x8e060871,1,SUCCESS,16156,-26932,12,21,21,4,4,0
LT,-16384,0,64,62,0x91778cc3,0xbd1d1bc0,0x8e060871,1,SUCCESS,14622,-28245,13,27,27,7,7,0
LT,-16384,0,64,63,0xe6b7e7eb,0xd542988e,0x8e060871,1,SUCCESS,15273,-28381,13,24,24,6,6,0
LT,-16384,0,64,64,0x6770144c,0xd2d3c6e7,0x8e060871,1,SUCCESS,12822,-30595,16,32,32,12,11,0
LT,-16384,0,64,65,0xc600a248,0x0a1e0844,0x8e060871,1,SUCCESS,8671,-19865,16,39,39,12,11,0
LT,-16384,0,64,66,0x1ea4f830,0x2ef0f28e,0x8e060871,1,SUCCESS,2162,-20710,10,7,7,5,5,0
LT,-16384,0,64,67,0x639604f3,0x7fe04f83,0x8e060871,1,SUCCESS,12888,-24207,13,19,19,5,5,0
LT,-16384,0,64,68,0x6e084a84,0xb643b17e,0x8e060871,1,SUCCESS,12822,-30595,2,0,0,0,0,0
LT,-16384,0,64,69,0x3d7fc476,0x467d7a44,0x8e060871,1,SUCCESS,6463,-19424,17,36,36,12,11,0
LT,-16384,0,64,70,0xedca3875,0xefade11e,0x8e060871,1,SUCCESS,1951,-17282,14,28,28,6,6,0
LT,-16384,0,64,71,0xb883121d,0x095c678c,0x8e060871,1,SUCCESS,6760,-27408,6,3,3,2,2,0
LT,-16384,0,64,72,0xace22797,0xbc422a9a,0x8e060871,1,SUCCESS,2687,-24767,9,10,10,4,4,0
LT,-16384,0,64,73,0xefd3172d,0x8c2c3233,0x8e060871,1,SUCCESS,11308,-20891,3,1,1,1,1,0
LT,-16384,0,64,74,0xe6aacdb5,0x7f1c158a,0x8e060871,1,SUCCESS,2843,-27723,14,26,26,6,6,0
LT,-16384,0,64,75,0x6566c598,0xca804b00,0x8e060871,1,SUCCESS,1089,-17865,13,25,25,5,5,0
LT,-16384,0,64,76,0x4e646d9d,0xcbae5ac0,0x8e060871,1,SUCCESS,14236,-17629,9,10,10,4,4,0
LT,-16384,0,64,77,0x05d81d6f,0x260c4013,0x8e060871,1,SUCCESS,14499,-28296,15,31,31,9,9,0
LT,-16384,0,64,78,0x2018f6a3,0x5728c7f4,0x8e060871,1,SUCCESS,5518,-25251,6,5,5,2,2,0
LT,-16384,0,64,79,0x718ebf0c,0x4d7d460c,0x8e060871,1,SUCCESS,9407,-25706,3,1,1,1,1,0
LT,-16384,0,64,80,0x042a8f17,0x2093b3f4,0x8e060871,1,SUCCESS,11830,-32530,14,26,26,8,8,0
LT,-16384,0,64,81,0xfc1c775d,0x35bd20f1,0x8e060871,1,SUCCESS,8016,-19922,7,6,6,2,2,0
LT,-16384,0,64,82,0x16b93b63,0x7d609ba5,0x8e060871,1,SUCCESS,1173,-24863,8,6,6,1,1,0
LT,-16384,0,64,83,0x8ce1028e,0xb152e7ef,0x8e060871,1,SUCCESS,13442,-19364,8,7,7,3,3,0
LT,-16384,0,64,84,0x87bad980,0x7dbefa97,0x8e060871,1,SUCCESS,11994,-25266,10,14,14,4,4,0
LT,-16384,0,64,85,0xd63d86f3,0xf5399cca,0x8e060871,1,SUCCESS,15570,-27224,12,21,21,7,7,0
LT,-16384,0,64,86,0xeeaba102,0x01560fc0,0x8e060871,1,SUCCESS,3149,-30574,10,10,10,4,4,0
LT,-16384,0,64,87,0xc1fee4bb,0xc7e12d58,0x8e060871,1,SUCCESS,3372,-16463,11,10,10,2,2,0
LT,-16384,0,64,88,0x0707c9da,0xf644a3f9,0x8e060871,1,SUCCESS,3372,-16463,11,14,14,4,4,0
LT,-16384,0,64,89,0xde0d9c30,0x58a2ee8f,0x8e060871,1,SUCCESS,11575,-17397,14,27,27,8,8,0
LT,-16384,0,64,90,0x7cd0efc7,0x9f385cfb,0x8e060871,1,SUCCESS,16156,-26932,13,12,12,6,6,0
LT,-16384,0,64,91,0xe4cb50a6,0x94d13729,0x8e060871,1,SUCCESS,2828,-17484,15,24,24,8,8,0
LT,-16384,0,64,92,0xa0882219,0x18f75d24,0x8e060871,1,SUCCESS,6760,-27408,11,13,13,6,6,0
LT,-16384,0,64,93,0xc435e6f2,0xf75a52bc,0x8e060871,1,SUCCESS,13360,-28930,9,11,11,3,3,0
LT,-16384,0,64,94,0x011b63f0,0x0aa34346,0x8e060871,1,SUCCESS,1173,-24863,13,21,21,7,7,0
LT,-16384,0,64,95,0x1b456e77,0xee460f94,0x8e060871,1,SUCCESS,10396,-31067,17,47,47,18,18,3
LT,-16384,0,64,96,0x10088608,0xef418331,0x8e060871,1,SUCCESS,1951,-17282,15,26,26,6,6,0
LT,-16384,0,64,97,0x6fcfc352,0xf8fa9f4c,0x8e060871,1,SUCCESS,438,-30743,15,19,19,6,5,0
LT,-16384,0,64,98,0xfb6077af,0x713595a9,0x8e060871,1,SUCCESS,2162,-20710,12,17,17,7,7,0
LT,-16384,0,64,99,0xc6ebb72e,0x08fdf109,0x8e060871,1,SUCCESS,10117,-21896,10,12,12,3,3,0
LT,-16384,0,256,0,0x7b1dcdaf,0x24370df2,0xa569173a,1,SUCCESS,2969,-25443,6,4,4,2,2,2
LT,-16384,0,256,1,0x3a85a4dc,0xa3b9aa35,0xa569173a,1,SUCCESS,2036,-24289,10,5,5,2,2,0
LT,-16384,0,256,2,0x6162a8b2,0x871c276f,0xa569173a,1,SUCCESS,2969,-25443,8,4,4,2,2,0
LT,-16384,0,256,3,0xc3adc34e,0xf5b8f22b,0xa569173a,1,SUCCESS,16257,-25143,9,8,8,4,4,2
LT,-16384,0,256,4,0x2bb073ff,0x3f8396e3,0xa569173a,1,SUCCESS,4806,-18062,8,4,4,2,2,0
LT,-16384,0,256,5,0xda585ab3,0xa7197ad7,0xa569173a,1,SUCCESS,13028,-23887,3,1,1,1,1,0
LT,-16384,0,256,6,0x0ed109c0,0x5701ce52,0xa569173a,1,SUCCESS,4303,-27643,5,3,3,2,2,0
LT,-16384,0,256,7,0x102ecf73,0x53c7612b,0xa569173a,1,SUCCESS,75,-16955,7,5,5,2,2,0
LT,-16384,0,256,8,0xcf29b6a1,0x35231a84,0xa569173a,1,SUCCESS,12888,-24207,9,4,4,2,2,0
LT,-16384,0,256,9,0xc49cbb42,0xd0a3bbb8,0xa569173a,1,SUCCESS,15465,-21388,7,3,3,2,2,0
LT,-16384,0,256,10,0x4cc51d23,0xee0e3ab4,0xa569173a,1,SUCCESS,5232,-25821,7,6,6,2,2,0
LT,-16384,0,256,11,0xf9e8aa7a,0x3208c31a,0xa569173a,1,SUCCESS,9837,-23102,4,2,2,1,1,0
LT,-16384,0,256,12,0xdda8b051,0xc8105c9d,0xa569173a,1,SUCCESS,2572,-23848,2,1,1,1,1,0
LT,-16384,0,256,13,0xabfb11bf,0xf5dec75e,0xa569173a,1,SUCCESS,13764,-17666,8,8,8,2,2,0
LT,-16384,0,256,14,0x20639811,0x6b6a7c47,0xa569173a,1,SUCCESS,2343,-32692,6,7,7,2,2,0
LT,-16384,0,256,15,0xac72acd2,0xca84bc6c,0xa569173a,1,SUCCESS,8016,-19922,10,7,7,4,4,0
LT,-16384,0,256,16,0x49a2da79,0xe1376725,0xa569173a,1,SUCCESS,13887,-19044,7,6,6,2,2,0
LT,-16384,0,256,17,0x63a4e9d7,0x6166dba4,0xa569173a,1,SUCCESS,9334,-25762,6,5,5,2,2,0
LT,-16384,0,256,18,0x8983f102,0x43fb6183,0xa569173a,1,SUCCESS,14662,-22014,9,8,8,4,4,0
LT,-16384,0,256,19,0xb671aa78,0xc97ad8a2,0xa569173a,1,SUCCESS,4230,-27491,10,10,10,3,3,0
LT,-16384,0,256,20,0xdaeb566a,0x989e5b3d,0xa569173a,1,SUCCESS,13764,-17666,2,1,1,1,1,0
LT,-16384,0,256,21,0xf6181c00,0xa345ac4b,0xa569173a,1,SUCCESS,2971,-20420,9,4,4,4,4,0
LT,-16384,0,256,22,0x4e18d852,0xa08980df,0xa569173a,1,SUCCESS,3486,-28677,2,1,1,1,1,0
LT,-16384,0,256,23,0xa035ceba,0x611de4c4,0xa569173a,1,SUCCESS,15952,-30688,3,2,2,1,1,0
LT,-16384,0,256,24,0xc2416ee4,0x7323f479,0xa569173a,1,SUCCESS,16334,-29822,4,3,3,1,1,0
LT,-16384,0,256,25,0xfbdafbdd,0xa0c0cf2f,0xa569173a,1,SUCCESS,13309,-26568,8,4,4,2,2,0
LT,-16384,0,256,26,0xa43fbf47,0x8de97b10,0xa569173a,1,SUCCESS,996,-23070,8,4,4,2,2,0
LT,-16384,0,256,27,0x6811f7c1,0xcb07044a,0xa569173a,1,SUCCESS,16219,-29789,7,6,6,2,2,0
LT,-16384,0,256,28,0x610dde2c,0x8cf5deb9,0xa569173a,1,SUCCESS,11306,-29918,10,14,14,5,5,1
LT,-16384,0,256,29,0x82241b87,0xbbe27f39,0xa569173a,1,SUCCESS,1719,-28833,3,1,1,1,1,0
LT,-16384,0,256,30,0x48647490,0xea9551eb,0xa569173a,1,SUCCESS,5216,-32302,9,7,7,3,3,0
LT,-16384,0,256,31,0x63df3b7f,0xa8b057e1,0xa569173a,1,SUCCESS,11708,-22830,5,2,2,1,1,0
LT,-16384,0,256,32,0x433125bb,0x3221fef0,0xa569173a,1,SUCCESS,12127,-28042,8,6,6,2,2,0
LT,-16384,0,256,33,0x7943be40,0x6641ee79,0xa569173a,1,SUCCESS,6904,-18884,7,5,5,2,2,0
LT,-16384,0,256,34,0x26c93252,0x675d2908,0xa569173a,1,SUCCESS,329,-25772,5,3,3,2,2,0
LT,-16384,0,256,35,0xdbe3ed49,0xa7cfea56,0xa569173a,1,SUCCESS,10388,-25852,6,6,6,2,2,0
LT,-16384,0,256,36,0xc2ec9bb4,0xbfc0ae9e,0xa569173a,1,SUCCESS,16314,-29269,6,3,3,2,2,0
LT,-16384,0,256,37,0xe7ec8559,0x307064ac,0xa569173a,1,SUCCESS,8050,-21247,6,5,5,2,2,0
LT,-16384,0,256,38,0xccb88b54,0x2cf00158,0xa569173a,1,SUCCESS,2162,-20710,7,7,7,2,2,0
LT,-16384,0,256,39,0xb512e6a4,0x2b9e708c,0xa569173a,1,SUCCESS,187,-22178,10,10,10,3,3,0
LT,-16384,0,256,40,0x7e2c3d82,0xa69fb195,0xa569173a,1,SUCCESS,12399,-20869,6,5,5,2,2,0
LT,-16384,0,256,41,0x58b3e5ad,0x23a21253,0xa569173a,1,SUCCESS,7611,-26746,5,4,4,2,2,0
LT,-16384,0,256,42,0x9a07c40b,0x3ea78d8c,0xa569173a,1,SUCCESS,6463,-19424,6,2,2,1,1,0
LT,-16384,0,256,43,0xf1f9a54b,0x7b00db61,0xa569173a,1,SUCCESS,11130,-31706,8,6,6,3,3,0
LT,-16384,0,256,44,0xfba6212d,0xb8b8356a,0xa569173a,1,SUCCESS,14784,-16651,7,2,2,1,1,0
LT,-16384,0,256,45,0x1ca60615,0xd753b84a,0xa569173a,1,SUCCESS,9350,-23396,6,4,4,2,2,0
LT,-16384,0,256,46,0xa085c93e,0x19b8504d,0xa569173a,1,SUCCESS,14589,-23621,11,15,15,5,5,0
LT,-16384,0,256,47,0x18190603,0xad0438b2,0xa569173a,1,SUCCESS,12974,-31246,8,3,3,2,2,0
LT,-16384,0,256,48,0xc1143c78,0xbbdab3cd,0xa569173a,1,SUCCESS,6252,-19608,5,1,1,1,1,0
LT,-16384,0,256,49,0x332063fc,0x222ba57c,0xa569173a,1,SUCCESS,13185,-27169,5,2,2,1,1,0
LT,-16384,0,256,50,0xd6f4066b,0xab9eb714,0xa569173a,1,SUCCESS,3074,-20707,13,15,15,6,6,1
LT,-16384,0,256,51,0x64b9628c,0x9cd8b518,0xa569173a,1,SUCCESS,5216,-32302,1,0,0,0,0,0
LT,-16384,0,256,52,0x894e6771,0x8a255c2e,0xa569173a,1,SUCCESS,16206,-23632,12,12,12,3,3,0
LT,-16384,0,256,53,0xe3e668e8,0xff1f20c3,0xa569173a,1,SUCCESS,4806,-18062,10,11,11,4,4,0
LT,-16384,0,256,54,0x36980406,0xfbdbfa61,0xa569173a,1,SUCCESS,14499,-28296,9,13,13,4,4,0
LT,-16384,0,256,55,0x114d2b4a,0xa617ad4e,0xa569173a,1,SUCCESS,3149,-30574,6,5,5,2,2,0
LT,-16384,0,256,56,0x3b8907e1,0x0c6cbd10,0xa569173a,1,SUCCESS,12399,-20869,4,2,2,1,1,0
LT,-16384,0,256,57,0x2cd09c1d,0x964fb1a7,0xa569173a,1,SUCCESS,10559,-18023,11,10,10,5,5,0
LT,-16384,0,256,58,0x6d7a8604,0xbd6f99c6,0xa569173a,1,SUCCESS,3605,-26225,10,11,11,4,4,0
LT,-16384,0,256,59,0x1fadaf42,0x60010aa3,0xa569173a,1,SUCCESS,1951,-17282,8,7,7,2,2,0
LT,-16384,0,256,60,0x92fe7cfd,0xb54e2773,0xa569173a,1,SUCCESS,5902,-24886,7,5,5,2,2,0
LT,-16384,0,256,61,0x1aecb060,0x9c545eba,0xa569173a,1,SUCCESS,6708,-32503,8,9,9,3,3,0
LT,-16384,0,256,62,0x91778cc3,0xbd1d1bc0,0xa569173a,1,SUCCESS,6014,-16471,10,13,13,5,5,0
LT,-16384,0,256,63,0xe6b7e7eb,0xd542988e,0xa569173a,1,SUCCESS,5518,-25251,5,3,3,2,2,0
LT,-16384,0,256,64,0x6770144c,0xd2d3c6e7,0xa569173a,1,SUCCESS,2343,-32692,10,10,10,4,4,0
LT,-16384,0,256,65,0xc600a248,0x0a1e0844,0xa569173a,1,SUCCESS,4230,-27491,3,1,1,1,1,0
LT,-16384,0,256,66,0x1ea4f830,0x2ef0f28e,0xa569173a,1,SUCCESS,11977,-25277,3,1,1,1,1,0
LT,-16384,0,256,67,0x639604f3,0x7fe04f83,0xa569173a,1,SUCCESS,1277,-26421,11,15,15,5,5,0
LT,-16384,0,256,68,0x6e084a84,0xb643b17e,0xa569173a,1,SUCCESS,12822,-30595,2,0,0,0,0,0
LT,-16384,0,256,69,0x3d7fc476,0x467d7a44,0xa569173a,1,SUCCESS,1344,-26656,8,6,6,3,3,0
LT,-16384,0,256,70,0xedca3875,0xefade11e,0xa569173a,1,SUCCESS,2971,-20420,2,1,1,1,1,0
LT,-16384,0,256,71,0xb883121d,0x095c678c,0xa569173a,1,SUCCESS,15725,-31609,11,10,10,3,3,0
LT,-16384,0,256,72,0xace22797,0xbc422a9a,0xa569173a,1,SUCCESS,2658,-18659,9,10,10,4,4,0
LT,-16384,0,256,73,0xefd3172d,0x8c2c3233,0xa569173a,1,SUCCESS,13185,-27169,5,4,4,2,2,0
LT,-16384,0,256,74,0xe6aacdb5,0x7f1c158a,0xa569173a,1,SUCCESS,11575,-17397,3,1,1,1,1,0
LT,-16384,0,256,75,0x6566c598,0xca804b00,0xa569173a,1,SUCCESS,6463,-19424,4,3,3,1,1,0
LT,-16384,0,256,76,0x4e646d9d,0xcbae5ac0,0xa569173a,1,SUCCESS,14236,-17629,9,10,10,4,4,0
LT,-16384,0,256,77,0x05d81d6f,0x260c4013,0xa569173a,1,SUCCESS,6252,-19608,4,1,1,1,1,0
LT,-16384,0,256,78,0x2018f6a3,0x5728c7f4,0xa569173a,1,SUCCESS,7640,-30933,7,7,7,2,2,0
LT,-16384,0,256,79,0x718ebf0c,0x4d7d460c,0xa569173a,1,SUCCESS,9407,-25706,3,1,1,1,1,0
LT,-16384,0,256,80,0x042a8f17,0x2093b3f4,0xa569173a,1,SUCCESS,9078,-27959,8,4,4,2,2,0
LT,-16384,0,256,81,0xfc1c775d,0x35bd20f1,0xa569173a,1,SUCCESS,8050,-21247,4,2,2,1,1,0
LT,-16384,0,256,82,0x16b93b63,0x7d609ba5,0xa569173a,1,SUCCESS,15049,-32471,3,1,1,1,1,0
LT,-16384,0,256,83,0x8ce1028e,0xb152e7ef,0xa569173a,1,SUCCESS,13544,-19201,6,4,4,1,1,0
LT,-16384,0,256,84,0x87bad980,0x7dbefa97,0xa569173a,1,SUCCESS,14794,-24299,7,6,6,2,2,0
LT,-16384,0,256,85,0xd63d86f3,0xf5399cca,0xa569173a,1,SUCCESS,7964,-27918,8,7,7,2,2,0
LT,-16384,0,256,86,0xeeaba102,0x01560fc0,0xa569173a,1,SUCCESS,3124,-18325,10,10,10,4,4,0
LT,-16384,0,256,87,0xc1fee4bb,0xc7e12d58,0xa569173a,1,SUCCESS,13074,-16790,7,7,7,2,2,0
LT,-16384,0,256,88,0x0707c9da,0xf644a3f9,0xa569173a,1,SUCCESS,7964,-27918,4,1,1,1,1,0
LT,-16384,0,256,89,0xde0d9c30,0x58a2ee8f,0xa569173a,1,SUCCESS,14979,-30644,7,6,6,2,2,0
LT,-16384,0,256,90,0x7cd0efc7,0x9f385cfb,0xa569173a,1,SUCCESS,12205,-22159,3,1,1,1,1,0
LT,-16384,0,256,91,0xe4cb50a6,0x94d13729,0xa569173a,1,SUCCESS,10100,-21223,4,1,1,1,1,0
LT,-16384,0,256,92,0xa0882219,0x18f75d24,0xa569173a,1,SUCCESS,2971,-20420,11,13,13,6,6,0
LT,-16384,0,256,93,0xc435e6f2,0xf75a52bc,0xa569173a,1,SUCCESS,14349,-16530,8,8,8,3,3,0
LT,-16384,0,256,94,0x011b63f0,0x0aa34346,0xa569173a,1,SUCCESS,6004,-28307,6,2,2,1,1,0
LT,-16384,0,256,95,0x1b456e77,0xee460f94,0xa569173a,1,SUCCESS,4806,-18062,10,12,12,5,5,0
LT,-16384,0,256,96,0x10088608,0xef418331,0xa569173a,1,SUCCESS,2767,-19886,10,12,12,4,4,0
LT,-16384,0,256,97,0x6fcfc352,0xf8fa9f4c,0xa569173a,1,SUCCESS,2969,-25443,7,5,5,2,2,0
LT,-16384,0,256,98,0xfb6077af,0x713595a9,0xa569173a,1,SUCCESS,7640,-30933,8,5,5,2,2,0
LT,-16384,0,256,99,0xc6ebb72e,0x08fdf109,0xa569173a,1,SUCCESS,10209,-30215,10,12,12,3,3,0
GT,16383,0,1,0,0x7b1dcdaf,0x24370df2,0x57f636a0,1,SUCCESS,12148,26989,21,119,119,38,38,38
GT,16383,0,1,1,0x3a85a4dc,0xa3b9aa35,0x57f636a0,1,SUCCESS,12148,26989,25,259,259,87,79,41
GT,16383,0,1,2,0x6162a8b2,0x871c276f,0x57f636a0,1,SUCCESS,12148,26989,17,56,56,16,16,0
GT,16383,0,1,3,0xc3adc34e,0xf5b8f22b,0x57f636a0,1,SUCCESS,12148,26989,28,307,307,68,56,0
GT,16383,0,1,4,0x2bb073ff,0x3f8396e3,0x57f636a0,1,SUCCESS,12148,26989,23,182,182,39,39,0
GT,16383,0,1,5,0xda585ab3,0xa7197ad7,0x57f636a0,1,SUCCESS,12148,26989,27,221,221,68,40,0
GT,16383,0,1,6,0x0ed109c0,0x5701ce52,0x57f636a0,1,SUCCESS,12148,26989,24,207,207,58,52,0
GT,16383,0,1,7,0x102ecf73,0x53c7612b,0x57f636a0,1,SUCCESS,12148,26989,22,128,128,36,36,0
GT,16383,0,1,8,0xcf29b6a1,0x35231a84,0x57f636a0,1,SUCCESS,12148,26989,25,183,183,54,47,0
GT,16383,0,1,9,0xc49cbb42,0xd0a3bbb8,0x57f636a0,1,SUCCESS,12148,26989,25,189,189,68,54,0
GT,16383,0,1,10,0x4cc51d23,0xee0e3ab4,0x57f636a0,1,SUCCESS,12148,26989,28,357,357,122,98,19
GT,16383,0,1,11,0xf9e8aa7a,0x3208c31a,0x57f636a0,1,SUCCESS,12148,26989,29,407,407,146,113,15
GT,16383,0,1,12,0xdda8b051,0xc8105c9d,0x57f636a0,1,SUCCESS,12148,26989,22,142,142,36,31,0
GT,16383,0,1,13,0xabfb11bf,0xf5dec75e,0x57f636a0,1,SUCCESS,12148,26989,23,179,179,55,51,0
GT,16383,0,1,14,0x20639811,0x6b6a7c47,0x57f636a0,1,SUCCESS,12148,26989,20,99,99,31,28,0
GT,16383,0,1,15,0xac72acd2,0xca84bc6c,0x57f636a0,1,SUCCESS,12148,26989,24,156,156,67,61,0
GT,16383,0,1,16,0x49a2da79,0xe1376725,0x57f636a0,1,SUCCESS,12148,26989,16,57,57,11,11,0
GT,16383,0,1,17,0x63a4e9d7,0x6166dba4,0x57f636a0,1,SUCCESS,12148,26989,17,51,51,15,14,0
GT,16383,0,1,18,0x8983f102,0x43fb6183,0x57f636a0,1,SUCCESS,12148,26989,21,101,101,28,20,0
GT,16383,0,1,19,0xb671aa78,0xc97ad8a2,0x57f636a0,1,SUCCESS,12148,26989,26,235,235,82,58,0
GT,16383,0,1,20,0xdaeb566a,0x989e5b3d,0x57f636a0,1,SUCCESS,12148,26989,17,58,58,13,13,0
GT,16383,0,1,21,0xf6181c00,0xa345ac4b,0x57f636a0,1,SUCCESS,12148,26989,13,18,18,6,6,0
GT,16383,0,1,22,0x4e18d852,0xa08980df,0x57f636a0,1,SUCCESS,12148,26989,24,178,178,50,48,0
GT,16383,0,1,23,0xa035ceba,0x611de4c4,0x57f636a0,1,SUCCESS,12148,26989,25,245,245,63,54,0
GT,16383,0,1,24,0xc2416ee4,0x7323f479,0x57f636a0,1,SUCCESS,12148,26989,22,182,182,40,37,0
GT,16383,0,1,25,0xfbdafbdd,0xa0c0cf2f,0x57f636a0,1,SUCCESS,12148,26989,25,210,210,79,71,0
GT,16383,0,1,26,0xa43fbf47,0x8de97b10,0x57f636a0,1,SUCCESS,12148,26989,23,140,140,48,46,0
GT,16383,0,1,27,0x6811f7c1,0xcb07044a,0x57f636a0,1,SUCCESS,12148,26989,26,226,226,58,47,0
GT,16383,0,1,28,0x610dde2c,0x8cf5deb9,0x57f636a0,1,SUCCESS,12148,26989,22,112,112,25,23,0
GT,16383,0,1,29,0x82241b87,0xbbe27f39,0x57f636a0,1,SUCCESS,12148,26989,22,160,160,39,37,0
GT,16383,0,1,30,0x48647490,0xea9551eb,0x57f636a0,1,SUCCESS,12148,26989,26,241,241,97,74,0
GT,16383,0,1,31,0x63df3b7f,0xa8b057e1,0x57f636a0,1,SUCCESS,12148,26989,25,224,224,78,59,0
GT,16383,0,1,32,0x433125bb,0x3221fef0,0x57f636a0,1,SUCCESS,12148,26989,27,325,325,101,96,0
GT,16383,0,1,33,0x7943be40,0x6641ee79,0x57f636a0,1,SUCCESS,12148,26989,26,333,333,94,74,0
GT,16383,0,1,34,0x26c93252,0x675d2908,0x57f636a0,1,SUCCESS,12148,26989,27,290,290,107,100,0
GT,16383,0,1,35,0xdbe3ed49,0xa7cfea56,0x57f636a0,1,SUCCESS,12148,26989,22,146,146,46,42,0
GT,16383,0,1,36,0xc2ec9bb4,0xbfc0ae9e,0x57f636a0,1,SUCCESS,12148,26989,29,386,386,97,85,0
GT,16383,0,1,37,0xe7ec8559,0x307064ac,0x57f636a0,1,SUCCESS,12148,26989,27,400,400,121,109,0
GT,16383,0,1,38,0xccb88b54,0x2cf00158,0x57f636a0,1,SUCCESS,12148,26989,13,31,31,8,8,0
GT,16383,0,1,39,0xb512e6a4,0x2b9e708c,0x57f636a0,1,SUCCESS,12148,26989,24,205,205,46,44,0
GT,16383,0,1,40,0x7e2c3d82,0xa69fb195,0x57f636a0,1,SUCCESS,12148,26989,22,119,119,31,29,0
GT,16383,0,1,41,0x58b3e5ad,0x23a21253,0x57f636a0,1,SUCCESS,12148,26989,25,258,258,78,66,0
GT,16383,0,1,42,0x9a07c40b,0x3ea78d8c,0x57f636a0,1,SUCCESS,12148,26989,22,154,154,35,35,0
GT,16383,0,1,43,0xf1f9a54b,0x7b00db61,0x57f636a0,1,SUCCESS,12148,26989,32,337,337,90,49,0
GT,16383,0,1,44,0xfba6212d,0xb8b8356a,0x57f636a0,1,SUCCESS,12148,26989,27,263,263,72,59,0
GT,16383,0,1,45,0x1ca60615,0xd753b84a,0x57f636a0,1,SUCCESS,12148,26989,18,66,66,16,16,0
GT,16383,0,1,46,0xa085c93e,0x19b8504d,0x57f636a0,1,SUCCESS,12148,26989,25,235,235,75,71,0
GT,16383,0,1,47,0x18190603,0xad0438b2,0x57f636a0,1,SUCCESS,12148,26989,20,95,95,26,25,0
GT,16383,0,1,48,0xc1143c78,0xbbdab3cd,0x57f636a0,1,SUCCESS,12148,26989,21,63,63,27,24,0
GT,16383,0,1,49,0x332063fc,0x222ba57c,0x57f636a0,1,SUCCESS,12148,26989,27,353,353,96,96,0
GT,16383,0,1,50,0xd6f4066b,0xab9eb714,0x57f636a0,1,SUCCESS,12148,26989,17,35,35,15,12,0
GT,16383,0,1,51,0x64b9628c,0x9cd8b518,0x57f636a0,1,SUCCESS,12148,26989,27,252,252,86,78,0
GT,16383,0,1,52,0x894e6771,0x8a255c2e,0x57f636a0,1,SUCCESS,12148,26989,26,256,256,89,78,0
GT,16383,0,1,53,0xe3e668e8,0xff1f20c3,0x57f636a0,1,SUCCESS,12148,26989,21,115,115,39,38,0
GT,16383,0,1,54,0x36980406,0xfbdbfa61,0x57f636a0,1,SUCCESS,12148,26989,23,156,156,40,35,0
GT,16383,0,1,55,0x114d2b4a,0xa617ad4e,0x57f636a0,1,SUCCESS,12148,26989,23,124,124,52,48,0
GT,16383,0,1,56,0x3b8907e1,0x0c6cbd10,0x57f636a0,1,SUCCESS,12148,26989,23,142,142,55,52,0
GT,16383,0,1,57,0x2cd09c1d,0x964fb1a7,0x57f636a0,1,SUCCESS,12148,26989,22,166,166,42,40,0
GT,16383,0,1,58,0x6d7a8604,0xbd6f99c6,0x57f636a0,1,SUCCESS,12148,26989,26,195,195,59,50,0
GT,16383,0,1,59,0x1fadaf42,0x60010aa3,0x57f636a0,1,SUCCESS,12148,26989,30,396,396,123,111,0
GT,16383,0,1,60,0x92fe7cfd,0xb54e2773,0x57f636a0,1,SUCCESS,12148,26989,15,39,39,10,8,0
GT,16383,0,1,61,0x1aecb060,0x9c545eba,0x57f636a0,1,SUCCESS,12148,26989,24,183,183,65,57,0
GT,16383,0,1,62,0x91778cc3,0xbd1d1bc0,0x57f636a0,1,SUCCESS,12148,26989,18,63,63,13,12,0
GT,16383,0,1,63,0xe6b7e7eb,0xd542988e,0x57f636a0,1,SUCCESS,12148,26989,23,116,116,25,23,0
GT,16383,0,1,64,0x6770144c,0xd2d3c6e7,0x57f636a0,1,SUCCESS,12148,26989,18,52,52,15,14,0
GT,16383,0,1,65,0xc600a248,0x0a1e0844,0x57f636a0,1,SUCCESS,12148,26989,26,277,277,94,85,0
GT,16383,0,1,66,0x1ea4f830,0x2ef0f28e,0x57f636a0,1,SUCCESS,12148,26989,27,311,311,89,77,0
GT,16383,0,1,67,0x639604f3,0x7fe04f83,0x57f636a0,1,SUCCESS,12148,26989,24,153,153,52,46,0
GT,16383,0,1,68,0x6e084a84,0xb643b17e,0x57f636a0,1,SUCCESS,12148,26989,22,110,110,33,29,0
GT,16383,0,1,69,0x3d7fc476,0x467d7a44,0x57f636a0,1,SUCCESS,12148,26989,25,221,221,60,57,0
GT,16383,0,1,70,0xedca3875,0xefade11e,0x57f636a0,1,SUCCESS,12148,26989,26,243,243,98,88,0
GT,16383,0,1,71,0xb883121d,0x095c678c,0x57f636a0,1,SUCCESS,12148,26989,21,87,87,28,25,0
GT,16383,0,1,72,0xace22797,0xbc422a9a,0x57f636a0,1,SUCCESS,12148,26989,23,217,217,42,41,0
GT,16383,0,1,73,0xefd3172d,0x8c2c3233,0x57f636a0,1,SUCCESS,12148,26989,21,100,100,35,34,0
GT,16383,0,1,74,0xe6aacdb5,0x7f1c158a,0x57f636a0,1,SUCCESS,12148,26989,22,172,172,33,33,0
GT,16383,0,1,75,0x6566c598,0xca804b00,0x57f636a0,1,SUCCESS,12148,26989,22,140,140,26,26,0
GT,16383,0,1,76,0x4e646d9d,0xcbae5ac0,0x57f636a0,1,SUCCESS,12148,26989,23,149,149,53,44,0
GT,16383,0,1,77,0x05d81d6f,0x260c4013,0x57f636a0,1,SUCCESS,12148,26989,17,45,45,12,12,0
GT,16383,0,1,78,0x2018f6a3,0x5728c7f4,0x57f636a0,1,SUCCESS,12148,26989,25,177,177,69,55,0
GT,16383,0,1,79,0x718ebf0c,0x4d7d460c,0x57f636a0,1,SUCCESS,12148,26989,27,314,314,112,100,0
GT,16383,0,1,80,0x042a8f17,0x2093b3f4,0x57f636a0,1,SUCCESS,12148,26989,26,269,269,61,57,0
GT,16383,0,1,81,0xfc1c775d,0x35bd20f1,0x57f636a0,1,SUCCESS,12148,26989,21,116,116,37,32,0
GT,16383,0,1,82,0x16b93b63,0x7d609ba5,0x57f636a0,1,SUCCESS,12148,26989,21,121,121,40,37,0
GT,16383,0,1,83,0x8ce1028e,0xb152e7ef,0x57f636a0,1,SUCCESS,12148,26989,28,374,374,126,98,0
GT,16383,0,1,84,0x87bad980,0x7dbefa97,0x57f636a0,1,SUCCESS,12148,26989,20,107,107,27,24,0
GT,16383,0,1,85,0xd63d86f3,0xf5399cca,0x57f636a0,1,SUCCESS,12148,26989,12,21,21,7,7,0
GT,16383,0,1,86,0xeeaba102,0x01560fc0,0x57f636a0,1,SUCCESS,12148,26989,24,200,200,64,64,0
GT,16383,0,1,87,0xc1fee4bb,0xc7e12d58,0x57f636a0,1,SUCCESS,12148,26989,28,389,389,86,78,0
GT,16383,0,1,88,0x0707c9da,0xf644a3f9,0x57f636a0,1,SUCCESS,12148,26989,24,199,199,67,59,0
GT,16383,0,1,89,0xde0d9c30,0x58a2ee8f,0x57f636a0,1,SUCCESS,12148,26989,23,150,150,54,52,0
GT,16383,0,1,90,0x7cd0efc7,0x9f385cfb,0x57f636a0,1,SUCCESS,12148,26989,23,110,110,41,34,0
GT,16383,0,1,91,0xe4cb50a6,0x94d13729,0x57f636a0,1,SUCCESS,12148,26989,26,241,241,86,71,0
GT,16383,0,1,92,0xa0882219,0x18f75d24,0x57f636a0,1,SUCCESS,12148,26989,26,354,354,89,86,0
GT,16383,0,1,93,0xc435e6f2,0xf75a52bc,0x57f636a0,1,SUCCESS,12148,26989,21,119,119,25,23,0
GT,16383,0,1,94,0x011b63f0,0x0aa34346,0x57f636a0,1,SUCCESS,12148,26989,21,130,130,43,38,0
GT,16383,0,1,95,0x1b456e77,0xee460f94,0x57f636a0,1,SUCCESS,12148,26989,25,214,214,80,71,0
GT,16383,0,1,96,0x10088608,0xef418331,0x57f636a0,1,SUCCESS,12148,26989,21,108,108,21,21,0
GT,16383,0,1,97,0x6fcfc352,0xf8fa9f4c,0x57f636a0,1,SUCCESS,12148,26989,26,325,325,96,93,0
GT,16383,0,1,98,0xfb6077af,0x713595a9,0x57f636a0,1,SUCCESS,12148,26989,22,153,153,51,44,0
GT,16383,0,1,99,0xc6ebb72e,0x08fdf109,0x57f636a0,1,SUCCESS,12148,26989,21,101,101,31,31,0
GT,16383,0,4,0,0x7b1dcdaf,0x24370df2,0x6cc2a677,1,SUCCESS,14541,30711,21,119,119,38,38,38
GT,16383,0,4,1,0x3a85a4dc,0xa3b9aa35,0x6cc2a677,1,SUCCESS,2460,23714,20,81,81,25,25,0
GT,16383,0,4,2,0x6162a8b2,0x871c276f,0x6cc2a677,1,SUCCESS,10937,16908,20,120,120,31,31,0
GT,16383,0,4,3,0xc3adc34e,0xf5b8f22b,0x6cc2a677,1,SUCCESS,14541,30711,18,56,56,21,18,0
GT,16383,0,4,4,0x2bb073ff,0x3f8396e3,0x6cc2a677,1,SUCCESS,10937,16908,20,108,108,30,30,0
GT,16383,0,4,5,0xda585ab3,0xa7197ad7,0x6cc2a677,1,SUCCESS,2460,23714,22,136,136,41,40,2
GT,16383,0,4,6,0x0ed109c0,0x5701ce52,0x6cc2a677,1,SUCCESS,10937,16908,17,68,68,18,17,0
GT,16383,0,4,7,0x102ecf73,0x53c7612b,0x6cc2a677,1,SUCCESS,2460,23714,14,36,36,8,8,0
GT,16383,0,4,8,0xcf29b6a1,0x35231a84,0x6cc2a677,1,SUCCESS,2460,23714,25,183,183,54,47,7
GT,16383,0,4,9,0xc49cbb42,0xd0a3bbb8,0x6cc2a677,1,SUCCESS,14541,30711,24,148,148,68,54,7
GT,16383,0,4,10,0x4cc51d23,0xee0e3ab4,0x6cc2a677,1,SUCCESS,14541,30711,15,35,35,11,11,0
GT,16383,0,4,11,0xf9e8aa7a,0x3208c31a,0x6cc2a677,1,SUCCESS,2460,23714,19,85,85,21,20,0
GT,16383,0,4,12,0xdda8b051,0xc8105c9d,0x6cc2a677,1,SUCCESS,2460,23714,17,32,32,12,10,0
GT,16383,0,4,13,0xabfb11bf,0xf5dec75e,0x6cc2a677,1,SUCCESS,10937,16908,12,24,24,7,7,0
GT,16383,0,4,14,0x20639811,0x6b6a7c47,0x6cc2a677,1,SUCCESS,14541,30711,14,29,29,6,6,0
GT,16383,0,4,15,0xac72acd2,0xca84bc6c,0x6cc2a677,1,SUCCESS,14541,30711,21,85,85,39,34,0
GT,16383,0,4,16,0x49a2da79,0xe1376725,0x6cc2a677,1,SUCCESS,12148,26989,23,175,175,41,39,0
GT,16383,0,4,17,0x63a4e9d7,0x6166dba4,0x6cc2a677,1,SUCCESS,12148,26989,17,51,51,15,14,0
GT,16383,0,4,18,0x8983f102,0x43fb6183,0x6cc2a677,1,SUCCESS,14541,30711,9,8,8,4,4,0
GT,16383,0,4,19,0xb671aa78,0xc97ad8a2,0x6cc2a677,1,SUCCESS,2460,23714,21,82,82,33,26,0
GT,16383,0,4,20,0xdaeb566a,0x989e5b3d,0x6cc2a677,1,SUCCESS,14541,30711,13,20,20,5,5,0
GT,16383,0,4,21,0xf6181c00,0xa345ac4b,0x6cc2a677,1,SUCCESS,12148,26989,13,18,18,6,6,0
GT,16383,0,4,22,0x4e18d852,0xa08980df,0x6cc2a677,1,SUCCESS,10937,16908,20,92,92,20,20,0
GT,16383,0,4,23,0xa035ceba,0x611de4c4,0x6cc2a677,1,SUCCESS,2460,23714,20,88,88,23,20,0
GT,16383,0,4,24,0xc2416ee4,0x7323f479,0x6cc2a677,1,SUCCESS,2460,23714,18,73,73,20,17,0
GT,16383,0,4,25,0xfbdafbdd,0xa0c0cf2f,0x6cc2a677,1,SUCCESS,10937,16908,20,100,100,23,23,0
GT,16383,0,4,26,0xa43fbf47,0x8de97b10,0x6cc2a677,1,SUCCESS,14541,30711,16,39,39,10,10,0
GT,16383,0,4,27,0x6811f7c1,0xcb07044a,0x6cc2a677,1,SUCCESS,14541,30711,18,56,56,18,17,0
GT,16383,0,4,28,0x610dde2c,0x8cf5deb9,0x6cc2a677,1,SUCCESS,10937,16908,18,54,54,16,14,0
GT,16383,0,4,29,0x82241b87,0xbbe27f39,0x6cc2a677,1,SUCCESS,14541,30711,7,6,6,2,2,0
GT,16383,0,4,30,0x48647490,0xea9551eb,0x6cc2a677,1,SUCCESS,2460,23714,19,63,63,26,25,0
GT,16383,0,4,31,0x63df3b7f,0xa8b057e1,0x6cc2a677,1,SUCCESS,14541,30711,21,106,106,43,35,0
GT,16383,0,4,32,0x433125bb,0x3221fef0,0x6cc2a677,1,SUCCESS,12148,26989,10,12,12,4,4,0
GT,16383,0,4,33,0x7943be40,0x6641ee79,0x6cc2a677,1,SUCCESS,2460,23714,17,57,57,17,16,0
GT,16383,0,4,34,0x26c93252,0x675d2908,0x6cc2a677,1,SUCCESS,2460,23714,25,171,171,39,32,0
GT,16383,0,4,35,0xdbe3ed49,0xa7cfea56,0x6cc2a677,1,SUCCESS,10937,16908,18,73,73,17,17,0
GT,16383,0,4,36,0xc2ec9bb4,0xbfc0ae9e,0x6cc2a677,1,SUCCESS,14541,30711,23,180,180,45,39,0
GT,16383,0,4,37,0xe7ec8559,0x307064ac,0x6cc2a677,1,SUCCESS,2460,23714,12,17,17,7,7,0
GT,16383,0,4,38,0xccb88b54,0x2cf00158,0x6cc2a677,1,SUCCESS,10937,16908,21,123,123,29,26,0
GT,16383,0,4,39,0xb512e6a4,0x2b9e708c,0x6cc2a677,1,SUCCESS,14541,30711,21,105,105,30,28,0
GT,16383,0,4,40,0x7e2c3d82,0xa69fb195,0x6cc2a677,1,SUCCESS,12148,26989,22,119,119,31,29,0
GT,16383,0,4,41,0x58b3e5ad,0x23a21253,0x6cc2a677,1,SUCCESS,12148,26989,17,61,61,21,17,0
GT,16383,0,4,42,0x9a07c40b,0x3ea78d8c,0x6cc2a677,1,SUCCESS,14541,30711,18,75,75,18,18,0
GT,16383,0,4,43,0xf1f9a54b,0x7b00db61,0x6cc2a677,1,SUCCESS,2460,23714,21,141,141,27,27,0
GT,16383,0,4,44,0xfba6212d,0xb8b8356a,0x6cc2a677,1,SUCCESS,2460,23714,16,44,44,12,12,0
GT,16383,0,4,45,0x1ca60615,0xd753b84a,0x6cc2a677,1,SUCCESS,10937,16908,16,40,40,10,10,0
GT,16383,0,4,46,0xa085c93e,0x19b8504d,0x6cc2a677,1,SUCCESS,10937,16908,24,164,164,42,38,0
GT,16383,0,4,47,0x18190603,0xad0438b2,0x6cc2a677,1,SUCCESS,12148,26989,19,76,76,26,25,0
GT,16383,0,4,48,0xc1143c78,0xbbdab3cd,0x6cc2a677,1,SUCCESS,14541,30711,25,157,157,37,34,0
GT,16383,0,4,49,0x332063fc,0x222ba57c,0x6cc2a677,1,SUCCESS,14541,30711,23,148,148,40,40,0
GT,16383,0,4,50,0xd6f4066b,0xab9eb714,0x6cc2a677,1,SUCCESS,12148,26989,16,32,32,12,12,0
GT,16383,0,4,51,0x64b9628c,0x9cd8b518,0x6cc2a677,1,SUCCESS,10937,16908,20,88,88,22,22,0
GT,16383,0,4,52,0x894e6771,0x8a255c2e,0x6cc2a677,1,SUCCESS,10937,16908,15,28,28,9,9,0
GT,16383,0,4,53,0xe3e668e8,0xff1f20c3,0x6cc2a677,1,SUCCESS,12148,26989,18,49,49,16,16,0
GT,16383,0,4,54,0x36980406,0xfbdbfa61,0x6cc2a677,1,SUCCESS,10937,16908,22,121,121,29,24,0
GT,16383,0,4,55,0x114d2b4a,0xa617ad4e,0x6cc2a677,1,SUCCESS,2460,23714,23,124,124,52,48,0
GT,16383,0,4,56,0x3b8907e1,0x0c6cbd10,0x6cc2a677,1,SUCCESS,10937,16908,17,37,37,12,12,0
GT,16383,0,4,57,0x2cd09c1d,0x964fb1a7,0x6cc2a677,1,SUCCESS,14541,30711,21,126,126,31,29,0
GT,16383,0,4,58,0x6d7a8604,0xbd6f99c6,0x6cc2a677,1,SUCCESS,2460,23714,15,37,37,12,12,0
GT,16383,0,4,59,0x1fadaf42,0x60010aa3,0x6cc2a677,1,SUCCESS,12148,26989,26,163,163,38,26,0
GT,16383,0,4,60,0x92fe7cfd,0xb54e2773,0x6cc2a677,1,SUCCESS,2460,23714,22,170,170,37,35,0
GT,16383,0,4,61,0x1aecb060,0x9c545eba,0x6cc2a677,1,SUCCESS,14541,30711,17,47,47,15,13,0
GT,16383,0,4,62,0x91778cc3,0xbd1d1bc0,0x6cc2a677,1,SUCCESS,10937,16908,15,37,37,10,10,0
GT,16383,0,4,63,0xe6b7e7eb,0xd542988e,0x6cc2a677,1,SUCCESS,10937,16908,26,195,195,55,50,0
GT,16383,0,4,64,0x6770144c,0xd2d3c6e7,0x6cc2a677,1,SUCCESS,2460,23714,23,129,129,37,31,0
GT,16383,0,4,65,0xc600a248,0x0a1e0844,0x6cc2a677,1,SUCCESS,14541,30711,23,131,131,64,55,1
GT,16383,0,4,66,0x1ea4f830,0x2ef0f28e,0x6cc2a677,1,SUCCESS,2460,23714,24,119,119,28,16,0
GT,16383,0,4,67,0x639604f3,0x7fe04f83,0x6cc2a677,1,SUCCESS,10937,16908,22,105,105,48,42,0
GT,16383,0,4,68,0x6e084a84,0xb643b17e,0x6cc2a677,1,SUCCESS,10937,16908,22,110,110,33,29,0
GT,16383,0,4,69,0x3d7fc476,0x467d7a44,0x6cc2a677,1,SUCCESS,10937,16908,23,160,160,56,54,0
GT,16383,0,4,70,0xedca3875,0xefade11e,0x6cc2a677,1,SUCCESS,2460,23714,21,82,82,18,13,0
GT,16383,0,4,71,0xb883121d,0x095c678c,0x6cc2a677,1,SUCCESS,12148,26989,19,45,45,14,11,0
GT,16383,0,4,72,0xace22797,0xbc422a9a,0x6cc2a677,1,SUCCESS,2460,23714,9,10,10,4,4,0
GT,16383,0,4,73,0xefd3172d,0x8c2c3233,0x6cc2a677,1,SUCCESS,2460,23714,21,100,100,35,34,0
GT,16383,0,4,74,0xe6aacdb5,0x7f1c158a,0x6cc2a677,1,SUCCESS,12148,26989,23,212,212,40,40,0
GT,16383,0,4,75,0x6566c598,0xca804b00,0x6cc2a677,1,SUCCESS,2460,23714,22,140,140,26,26,0
GT,16383,0,4,76,0x4e646d9d,0xcbae5ac0,0x6cc2a677,1,SUCCESS,10937,16908,17,64,64,19,17,0
GT,16383,0,4,77,0x05d81d6f,0x260c4013,0x6cc2a677,1,SUCCESS,12148,26989,24,189,189,58,49,0
GT,16383,0,4,78,0x2018f6a3,0x5728c7f4,0x6cc2a677,1,SUCCESS,10937,16908,10,11,11,2,2,0
GT,16383,0,4,79,0x718ebf0c,0x4d7d460c,0x6cc2a677,1,SUCCESS,2460,23714,24,138,138,54,42,0
GT,16383,0,4,80,0x042a8f17,0x2093b3f4,0x6cc2a677,1,SUCCESS,14541,30711,21,89,89,24,23,0
GT,16383,0,4,81,0xfc1c775d,0x35bd20f1,0x6cc2a677,1,SUCCESS,2460,23714,13,28,28,5,5,0
GT,16383,0,4,82,0x16b93b63,0x7d609ba5,0x6cc2a677,1,SUCCESS,10937,16908,20,84,84,30,27,0
GT,16383,0,4,83,0x8ce1028e,0xb152e7ef,0x6cc2a677,1,SUCCESS,14541,30711,19,79,79,22,20,0
GT,16383,0,4,84,0x87bad980,0x7dbefa97,0x6cc2a677,1,SUCCESS,14541,30711,18,66,66,23,20,0
GT,16383,0,4,85,0xd63d86f3,0xf5399cca,0x6cc2a677,1,SUCCESS,2460,23714,16,32,32,9,7,0
GT,16383,0,4,86,0xeeaba102,0x01560fc0,0x6cc2a677,1,SUCCESS,12148,26989,21,91,91,20,20,0
GT,16383,0,4,87,0xc1fee4bb,0xc7e12d58,0x6cc2a677,1,SUCCESS,14541,30711,22,146,146,49,41,0
GT,16383,0,4,88,0x0707c9da,0xf644a3f9,0x6cc2a677,1,SUCCESS,10937,16908,16,48,48,16,15,0
GT,16383,0,4,89,0xde0d9c30,0x58a2ee8f,0x6cc2a677,1,SUCCESS,12148,26989,21,91,91,27,26,0
GT,16383,0,4,90,0x7cd0efc7,0x9f385cfb,0x6cc2a677,1,SUCCESS,2460,23714,23,110,110,41,34,0
GT,16383,0,4,91,0xe4cb50a6,0x94d13729,0x6cc2a677,1,SUCCESS,14541,30711,20,100,100,22,22,0
GT,16383,0,4,92,0xa0882219,0x18f75d24,0x6cc2a677,1,SUCCESS,10937,16908,22,146,146,39,36,0
GT,16383,0,4,93,0xc435e6f2,0xf75a52bc,0x6cc2a677,1,SUCCESS,12148,26989,20,96,96,25,23,0
GT,16383,0,4,94,0x011b63f0,0x0aa34346,0x6cc2a677,1,SUCCESS,10937,16908,18,62,62,27,22,0
GT,16383,0,4,95,0x1b456e77,0xee460f94,0x6cc2a677,1,SUCCESS,10937,16908,17,47,47,18,18,0
GT,16383,0,4,96,0x10088608,0xef418331,0x6cc2a677,1,SUCCESS,10937,16908,19,74,74,18,18,0
GT,16383,0,4,97,0x6fcfc352,0xf8fa9f4c,0x6cc2a677,1,SUCCESS,2460,23714,16,33,33,16,14,0
GT,16383,0,4,98,0xfb6077af,0x713595a9,0x6cc2a677,1,SUCCESS,14541,30711,16,45,45,15,15,0
GT,16383,0,4,99,0xc6ebb72e,0x08fdf109,0x6cc2a677,1,SUCCESS,14541,30711,21,101,101,31,31,0
GT,16383,0,16,0,0x7b1dcdaf,0x24370df2,0x50dd0d55,1,SUCCESS,7119,21276,25,308,308,70,70,70
GT,16383,0,16,1,0x3a85a4dc,0xa3b9aa35,0x50dd0d55,1,SUCCESS,13499,22948,11,9,9,4,4,0
GT,16383,0,16,2,0x6162a8b2,0x871c276f,0x50dd0d55,1,SUCCESS,12148,26989,17,56,56,16,16,0
GT,16383,0,16,3,0xc3adc34e,0xf5b8f22b,0x50dd0d55,1,SUCCESS,9616,21800,10,13,13,5,5,0
GT,16383,0,16,4,0x2bb073ff,0x3f8396e3,0x50dd0d55,1,SUCCESS,13499,22948,12,17,17,7,7,0
GT,16383,0,16,5,0xda585ab3,0xa7197ad7,0x50dd0d55,1,SUCCESS,10937,16908,19,57,57,18,17,0
GT,16383,0,16,6,0x0ed109c0,0x5701ce52,0x50dd0d55,1,SUCCESS,6979,19071,17,68,68,18,17,0
GT,16383,0,16,7,0x102ecf73,0x53c7612b,0x50dd0d55,1,SUCCESS,86,26850,7,5,5,2,2,0
GT,16383,0,16,8,0xcf29b6a1,0x35231a84,0x50dd0d55,1,SUCCESS,6322,19210,19,76,76,26,21,0
GT,16383,0,16,9,0xc49cbb42,0xd0a3bbb8,0x50dd0d55,1,SUCCESS,9359,25296,17,40,40,18,17,0
GT,16383,0,16,10,0x4cc51d23,0xee0e3ab4,0x50dd0d55,1,SUCCESS,14644,22285,15,35,35,11,11,0
GT,16383,0,16,11,0xf9e8aa7a,0x3208c31a,0x50dd0d55,1,SUCCESS,1999,28193,17,57,57,11,10,0
GT,16383,0,16,12,0xdda8b051,0xc8105c9d,0x50dd0d55,1,SUCCESS,86,26850,14,20,20,10,10,0
GT,16383,0,16,13,0xabfb11bf,0xf5dec75e,0x50dd0d55,1,SUCCESS,14644,22285,12,24,24,7,7,0
GT,16383,0,16,14,0x20639811,0x6b6a7c47,0x50dd0d55,1,SUCCESS,14644,22285,12,19,19,6,6,0
GT,16383,0,16,15,0xac72acd2,0xca84bc6c,0x50dd0d55,1,SUCCESS,9669,18554,16,39,39,11,11,0
GT,16383,0,16,16,0x49a2da79,0xe1376725,0x50dd0d55,1,SUCCESS,9098,29117,10,16,16,4,4,0
GT,16383,0,16,17,0x63a4e9d7,0x6166dba4,0x50dd0d55,1,SUCCESS,13499,22948,15,30,30,10,9,0
GT,16383,0,16,18,0x8983f102,0x43fb6183,0x50dd0d55,1,SUCCESS,14541,30711,9,8,8,4,4,0
GT,16383,0,16,19,0xb671aa78,0xc97ad8a2,0x50dd0d55,1,SUCCESS,9669,18554,16,35,35,10,10,0
GT,16383,0,16,20,0xdaeb566a,0x989e5b3d,0x50dd0d55,1,SUCCESS,10937,16908,16,46,46,13,13,0
GT,16383,0,16,21,0xf6181c00,0xa345ac4b,0x50dd0d55,1,SUCCESS,6979,19071,12,12,12,5,5,0
GT,16383,0,16,22,0x4e18d852,0xa08980df,0x50dd0d55,1,SUCCESS,15344,21024,17,48,48,11,11,0
GT,16383,0,16,23,0xa035ceba,0x611de4c4,0x50dd0d55,1,SUCCESS,9359,25296,12,21,21,7,7,0
GT,16383,0,16,24,0xc2416ee4,0x7323f479,0x50dd0d55,1,SUCCESS,9098,29117,11,21,21,6,6,0
GT,16383,0,16,25,0xfbdafbdd,0xa0c0cf2f,0x50dd0d55,1,SUCCESS,15344,21024,16,38,38,10,10,0
GT,16383,0,16,26,0xa43fbf47,0x8de97b10,0x50dd0d55,1,SUCCESS,9359,25296,12,13,13,6,6,0
GT,16383,0,16,27,0x6811f7c1,0xcb07044a,0x50dd0d55,1,SUCCESS,7119,21276,12,17,17,4,4,0
GT,16383,0,16,28,0x610dde2c,0x8cf5deb9,0x50dd0d55,1,SUCCESS,10937,16908,10,14,14,5,5,0
GT,16383,0,16,29,0x82241b87,0xbbe27f39,0x50dd0d55,1,SUCCESS,6979,19071,10,14,14,3,3,0
GT,16383,0,16,30,0x48647490,0xea9551eb,0x50dd0d55,1,SUCCESS,9359,25296,17,38,38,12,11,0
GT,16383,0,16,31,0x63df3b7f,0xa8b057e1,0x50dd0d55,1,SUCCESS,9669,18554,8,6,6,2,2,0
GT,16383,0,16,32,0x433125bb,0x3221fef0,0x50dd0d55,1,SUCCESS,9616,21800,21,70,70,26,23,0
GT,16383,0,16,33,0x7943be40,0x6641ee79,0x50dd0d55,1,SUCCESS,10937,16908,11,17,17,6,6,0
GT,16383,0,16,34,0x26c93252,0x675d2908,0x50dd0d55,1,SUCCESS,9359,25296,19,84,84,17,17,0
GT,16383,0,16,35,0xdbe3ed49,0xa7cfea56,0x50dd0d55,1,SUCCESS,9359,25296,18,73,73,17,17,0
GT,16383,0,16,36,0xc2ec9bb4,0xbfc0ae9e,0x50dd0d55,1,SUCCESS,7119,21276,14,23,23,9,9,0
GT,16383,0,16,37,0xe7ec8559,0x307064ac,0x50dd0d55,1,SUCCESS,9359,25296,16,28,28,9,7,0
GT,16383,0,16,38,0xccb88b54,0x2cf00158,0x50dd0d55,1,SUCCESS,15344,21024,15,40,40,9,9,0
GT,16383,0,16,39,0xb512e6a4,0x2b9e708c,0x50dd0d55,1,SUCCESS,13499,22948,16,45,45,14,14,0
GT,16383,0,16,40,0x7e2c3d82,0xa69fb195,0x50dd0d55,1,SUCCESS,6979,19071,17,42,42,13,12,0
GT,16383,0,16,41,0x58b3e5ad,0x23a21253,0x50dd0d55,1,SUCCESS,86,26850,14,29,29,9,9,0
GT,16383,0,16,42,0x9a07c40b,0x3ea78d8c,0x50dd0d55,1,SUCCESS,7119,21276,11,12,12,5,5,0
GT,16383,0,16,43,0xf1f9a54b,0x7b00db61,0x50dd0d55,1,SUCCESS,10937,16908,8,6,6,3,3,0
GT,16383,0,16,44,0xfba6212d,0xb8b8356a,0x50dd0d55,1,SUCCESS,1999,28193,14,28,28,10,10,0
GT,16383,0,16,45,0x1ca60615,0xd753b84a,0x50dd0d55,1,SUCCESS,12148,26989,18,66,66,16,16,0
GT,16383,0,16,46,0xa085c93e,0x19b8504d,0x50dd0d55,1,SUCCESS,6979,19071,9,10,10,4,4,0
GT,16383,0,16,47,0x18190603,0xad0438b2,0x50dd0d55,1,SUCCESS,86,26850,9,6,6,3,3,0
GT,16383,0,16,48,0xc1143c78,0xbbdab3cd,0x50dd0d55,1,SUCCESS,10937,16908,11,7,7,4,4,0
GT,16383,0,16,49,0x332063fc,0x222ba57c,0x50dd0d55,1,SUCCESS,14644,22285,12,17,17,6,6,0
GT,16383,0,16,50,0xd6f4066b,0xab9eb714,0x50dd0d55,1,SUCCESS,2460,23714,16,32,32,12,12,0
GT,16383,0,16,51,0x64b9628c,0x9cd8b518,0x50dd0d55,1,SUCCESS,13499,22948,18,60,60,10,10,0
GT,16383,0,16,52,0x894e6771,0x8a255c2e,0x50dd0d55,1,SUCCESS,13499,22948,16,43,43,15,15,0
GT,16383,0,16,53,0xe3e668e8,0xff1f20c3,0x50dd0d55,1,SUCCESS,9098,29117,18,49,49,16,16,0
GT,16383,0,16,54,0x36980406,0xfbdbfa61,0x50dd0d55,1,SUCCESS,10937,16908,19,82,82,20,15,0
GT,16383,0,16,55,0x114d2b4a,0xa617ad4e,0x50dd0d55,1,SUCCESS,13499,22948,17,43,43,11,10,0
GT,16383,0,16,56,0x3b8907e1,0x0c6cbd10,0x50dd0d55,1,SUCCESS,9669,18554,17,37,37,12,12,0
GT,16383,0,16,57,0x2cd09c1d,0x964fb1a7,0x50dd0d55,1,SUCCESS,86,26850,13,22,22,7,7,0
GT,16383,0,16,58,0x6d7a8604,0xbd6f99c6,0x50dd0d55,1,SUCCESS,2460,23714,17,62,62,18,18,0
GT,16383,0,16,59,0x1fadaf42,0x60010aa3,0x50dd0d55,1,SUCCESS,9616,21800,16,49,49,15,15,0
GT,16383,0,16,60,0x92fe7cfd,0xb54e2773,0x50dd0d55,1,SUCCESS,12148,26989,15,39,39,10,8,0
GT,16383,0,16,61,0x1aecb060,0x9c545eba,0x50dd0d55,1,SUCCESS,14644,22285,21,83,83,27,19,0
GT,16383,0,16,62,0x91778cc3,0xbd1d1bc0,0x50dd0d55,1,SUCCESS,14541,30711,15,37,37,10,10,0
GT,16383,0,16,63,0xe6b7e7eb,0xd542988e,0x50dd0d55,1,SUCCESS,14644,22285,10,11,11,5,5,0
GT,16383,0,16,64,0x6770144c,0xd2d3c6e7,0x50dd0d55,1,SUCCESS,12148,26989,16,32,32,12,11,0
GT,16383,0,16,65,0xc600a248,0x0a1e0844,0x50dd0d55,1,SUCCESS,9098,29117,16,39,39,12,11,0
GT,16383,0,16,66,0x1ea4f830,0x2ef0f28e,0x50dd0d55,1,SUCCESS,1999,28193,10,7,7,5,5,0
GT,16383,0,16,67,0x639604f3,0x7fe04f83,0x50dd0d55,1,SUCCESS,14644,22285,19,58,58,20,17,0
GT,16383,0,16,68,0x6e084a84,0xb643b17e,0x50dd0d55,1,SUCCESS,7119,21276,21,81,81,31,27,0
GT,16383,0,16,69,0x3d7fc476,0x467d7a44,0x50dd0d55,1,SUCCESS,10937,16908,15,23,23,5,5,0
GT,16383,0,16,70,0xedca3875,0xefade11e,0x50dd0d55,1,SUCCESS,9098,29117,15,40,40,12,12,0
GT,16383,0,16,71,0xb883121d,0x095c678c,0x50dd0d55,1,SUCCESS,9098,29117,20,70,70,28,25,0
GT,16383,0,16,72,0xace22797,0xbc422a9a,0x50dd0d55,1,SUCCESS,2460,23714,9,10,10,4,4,0
GT,16383,0,16,73,0xefd3172d,0x8c2c3233,0x50dd0d55,1,SUCCESS,13499,22948,11,15,15,5,5,0
GT,16383,0,16,74,0xe6aacdb5,0x7f1c158a,0x50dd0d55,1,SUCCESS,10937,16908,15,35,35,9,9,0
GT,16383,0,16,75,0x6566c598,0xca804b00,0x50dd0d55,1,SUCCESS,6322,19210,17,62,62,17,17,0
GT,16383,0,16,76,0x4e646d9d,0xcbae5ac0,0x50dd0d55,1,SUCCESS,2460,23714,18,67,67,20,17,0
GT,16383,0,16,77,0x05d81d6f,0x260c4013,0x50dd0d55,1,SUCCESS,9669,18554,14,22,22,7,7,0
GT,16383,0,16,78,0x2018f6a3,0x5728c7f4,0x50dd0d55,1,SUCCESS,86,26850,16,32,32,8,8,0
GT,16383,0,16,79,0x718ebf0c,0x4d7d460c,0x50dd0d55,1,SUCCESS,86,26850,16,43,43,16,15,0
GT,16383,0,16,80,0x042a8f17,0x2093b3f4,0x50dd0d55,1,SUCCESS,7119,21276,17,53,53,14,14,0
GT,16383,0,16,81,0xfc1c775d,0x35bd20f1,0x50dd0d55,1,SUCCESS,2460,23714,13,28,28,5,5,0
GT,16383,0,16,82,0x16b93b63,0x7d609ba5,0x50dd0d55,1,SUCCESS,9616,21800,20,84,84,30,27,0
GT,16383,0,16,83,0x8ce1028e,0xb152e7ef,0x50dd0d55,1,SUCCESS,7119,21276,15,32,32,10,9,0
GT,16383,0,16,84,0x87bad980,0x7dbefa97,0x50dd0d55,1,SUCCESS,1999,28193,17,46,46,16,13,0
GT,16383,0,16,85,0xd63d86f3,0xf5399cca,0x50dd0d55,1,SUCCESS,12148,26989,12,21,21,7,7,0
GT,16383,0,16,86,0xeeaba102,0x01560fc0,0x50dd0d55,1,SUCCESS,13499,22948,13,24,24,6,6,0
GT,16383,0,16,87,0xc1fee4bb,0xc7e12d58,0x50dd0d55,1,SUCCESS,6979,19071,12,15,15,5,5,0
GT,16383,0,16,88,0x0707c9da,0xf644a3f9,0x50dd0d55,1,SUCCESS,86,26850,12,19,19,5,5,0
GT,16383,0,16,89,0xde0d9c30,0x58a2ee8f,0x50dd0d55,1,SUCCESS,10937,16908,17,50,50,9,9,0
GT,16383,0,16,90,0x7cd0efc7,0x9f385cfb,0x50dd0d55,1,SUCCESS,9669,18554,14,19,19,7,7,0
GT,16383,0,16,91,0xe4cb50a6,0x94d13729,0x50dd0d55,1,SUCCESS,13499,22948,15,24,24,8,8,0
GT,16383,0,16,92,0xa0882219,0x18f75d24,0x50dd0d55,1,SUCCESS,6979,19071,12,20,20,7,7,0
GT,16383,0,16,93,0xc435e6f2,0xf75a52bc,0x50dd0d55,1,SUCCESS,7119,21276,15,45,45,10,10,0
GT,16383,0,16,94,0x011b63f0,0x0aa34346,0x50dd0d55,1,SUCCESS,9616,21800,11,14,14,5,5,0
GT,16383,0,16,95,0x1b456e77,0xee460f94,0x50dd0d55,1,SUCCESS,9669,18554,17,47,47,18,18,0
GT,16383,0,16,96,0x10088608,0xef418331,0x50dd0d55,1,SUCCESS,9669,18554,16,31,31,6,6,0
GT,16383,0,16,97,0x6fcfc352,0xf8fa9f4c,0x50dd0d55,1,SUCCESS,6979,19071,11,11,11,5,5,0
GT,16383,0,16,98,0xfb6077af,0x713595a9,0x50dd0d55,1,SUCCESS,9098,29117,17,57,57,15,15,0
GT,16383,0,16,99,0xc6ebb72e,0x08fdf109,0x50dd0d55,1,SUCCESS,10937,16908,16,42,42,14,14,0
GT,16383,0,64,0,0x7b1dcdaf,0x24370df2,0x29a01211,1,SUCCESS,2932,26834,6,4,4,2,2,2
GT,16383,0,64,1,0x3a85a4dc,0xa3b9aa35,0x29a01211,1,SUCCESS,9359,25296,13,14,14,5,5,3
GT,16383,0,64,2,0x6162a8b2,0x871c276f,0x29a01211,1,SUCCESS,2954,18528,8,4,4,2,2,0
GT,16383,0,64,3,0xc3adc34e,0xf5b8f22b,0x29a01211,1,SUCCESS,9616,21800,10,13,13,5,5,0
GT,16383,0,64,4,0x2bb073ff,0x3f8396e3,0x29a01211,1,SUCCESS,5262,22899,14,27,27,7,7,2
GT,16383,0,64,5,0xda585ab3,0xa7197ad7,0x29a01211,1,SUCCESS,7437,25617,10,5,5,2,2,0
GT,16383,0,64,6,0x0ed109c0,0x5701ce52,0x29a01211,1,SUCCESS,13683,28167,9,14,14,4,4,0
GT,16383,0,64,7,0x102ecf73,0x53c7612b,0x29a01211,1,SUCCESS,86,26850,7,5,5,2,2,0
GT,16383,0,64,8,0xcf29b6a1,0x35231a84,0x29a01211,1,SUCCESS,14644,22285,12,20,20,7,7,0
GT,16383,0,64,9,0xc49cbb42,0xd0a3bbb8,0x29a01211,1,SUCCESS,4668,16760,12,20,20,6,6,0
GT,16383,0,64,10,0x4cc51d23,0xee0e3ab4,0x29a01211,1,SUCCESS,1999,28193,9,9,9,2,2,0
GT,16383,0,64,11,0xf9e8aa7a,0x3208c31a,0x29a01211,1,SUCCESS,3178,30209,1,0,0,0,0,0
GT,16383,0,64,12,0xdda8b051,0xc8105c9d,0x29a01211,1,SUCCESS,86,26850,14,20,20,10,10,3
GT,16383,0,64,13,0xabfb11bf,0xf5dec75e,0x29a01211,1,SUCCESS,11781,18398,9,12,12,4,4,0
GT,16383,0,64,14,0x20639811,0x6b6a7c47,0x29a01211,1,SUCCESS,14644,22285,7,8,8,2,2,0
GT,16383,0,64,15,0xac72acd2,0xca84bc6c,0x29a01211,1,SUCCESS,8470,24127,7,1,1,1,1,0
GT,16383,0,64,16,0x49a2da79,0xe1376725,0x29a01211,1,SUCCESS,2932,26834,11,20,20,4,4,0
GT,16383,0,64,17,0x63a4e9d7,0x6166dba4,0x29a01211,1,SUCCESS,13683,28167,15,30,30,10,9,0
GT,16383,0,64,18,0x8983f102,0x43fb6183,0x29a01211,1,SUCCESS,7437,25617,14,27,27,9,9,0
GT,16383,0,64,19,0xb671aa78,0xc97ad8a2,0x29a01211,1,SUCCESS,10937,16908,20,56,56,16,10,0
GT,16383,0,64,20,0xdaeb566a,0x989e5b3d,0x29a01211,1,SUCCESS,7437,25617,9,9,9,4,4,0
GT,16383,0,64,21,0xf6181c00,0xa345ac4b,0x29a01211,1,SUCCESS,14537,18801,16,38,38,15,15,5
GT,16383,0,64,22,0x4e18d852,0xa08980df,0x29a01211,1,SUCCESS,5169,20236,8,6,6,3,3,0
GT,16383,0,64,23,0xa035ceba,0x611de4c4,0x29a01211,1,SUCCESS,16057,26038,10,13,13,5,5,0
GT,16383,0,64,24,0xc2416ee4,0x7323f479,0x29a01211,1,SUCCESS,2932,26834,3,2,2,1,1,0
GT,16383,0,64,25,0xfbdafbdd,0xa0c0cf2f,0x29a01211,1,SUCCESS,3178,30209,6,3,3,2,2,0
GT,16383,0,64,26,0xa43fbf47,0x8de97b10,0x29a01211,1,SUCCESS,15049,21292,10,7,7,2,2,0
GT,16383,0,64,27,0x6811f7c1,0xcb07044a,0x29a01211,1,SUCCESS,10937,16908,13,22,22,5,5,0
GT,16383,0,64,28,0x610dde2c,0x8cf5deb9,0x29a01211,1,SUCCESS,349,27683,8,7,7,2,2,0
GT,16383,0,64,29,0x82241b87,0xbbe27f39,0x29a01211,1,SUCCESS,1999,28193,15,35,35,6,6,0
GT,16383,0,64,30,0x48647490,0xea9551eb,0x29a01211,1,SUCCESS,9098,29117,14,21,21,7,7,0
GT,16383,0,64,31,0x63df3b7f,0xa8b057e1,0x29a01211,1,SUCCESS,11917,23087,7,5,5,2,2,0
GT,16383,0,64,32,0x433125bb,0x3221fef0,0x29a01211,1,SUCCESS,5169,20236,12,18,18,6,6,0
GT,16383,0,64,33,0x7943be40,0x6641ee79,0x29a01211,1,SUCCESS,8298,19422,8,8,8,3,3,0
GT,16383,0,64,34,0x26c93252,0x675d2908,0x29a01211,1,SUCCESS,8298,19422,8,8,8,3,3,0
GT,16383,0,64,35,0xdbe3ed49,0xa7cfea56,0x29a01211,1,SUCCESS,9098,29117,13,18,18,8,8,0
GT,16383,0,64,36,0xc2ec9bb4,0xbfc0ae9e,0x29a01211,1,SUCCESS,7437,25617,19,77,77,18,17,2
GT,16383,0,64,37,0xe7ec8559,0x307064ac,0x29a01211,1,SUCCESS,7859,30665,12,17,17,7,7,0
GT,16383,0,64,38,0xccb88b54,0x2cf00158,0x29a01211,1,SUCCESS,9098,29117,9,12,12,4,4,0
GT,16383,0,64,39,0xb512e6a4,0x2b9e708c,0x29a01211,1,SUCCESS,13499,22948,14,22,22,6,6,0
GT,16383,0,64,40,0x7e2c3d82,0xa69fb195,0x29a01211,1,SUCCESS,8470,24127,11,14,14,5,5,0
GT,16383,0,64,41,0x58b3e5ad,0x23a21253,0x29a01211,1,SUCCESS,7119,21276,12,14,14,7,7,0
GT,16383,0,64,42,0x9a07c40b,0x3ea78d8c,0x29a01211,1,SUCCESS,6537,26623,6,2,2,1,1,0
GT,16383,0,64,43,0xf1f9a54b,0x7b00db61,0x29a01211,1,SUCCESS,11781,18398,10,12,12,5,5,0
GT,16383,0,64,44,0xfba6212d,0xb8b8356a,0x29a01211,1,SUCCESS,2116,19170,14,28,28,10,10,0
GT,16383,0,64,45,0x1ca60615,0xd753b84a,0x29a01211,1,SUCCESS,6322,19210,12,21,21,7,7,0
GT,16383,0,64,46,0xa085c93e,0x19b8504d,0x29a01211,1,SUCCESS,7119,21276,9,10,10,4,4,0
GT,16383,0,64,47,0x18190603,0xad0438b2,0x29a01211,1,SUCCESS,7859,30665,15,30,30,13,12,0
GT,16383,0,64,48,0xc1143c78,0xbbdab3cd,0x29a01211,1,SUCCESS,6322,19210,5,1,1,1,1,0
GT,16383,0,64,49,0x332063fc,0x222ba57c,0x29a01211,1,SUCCESS,10501,19012,11,11,11,5,5,0
GT,16383,0,64,50,0xd6f4066b,0xab9eb714,0x29a01211,1,SUCCESS,2954,18528,13,15,15,6,6,0
GT,16383,0,64,51,0x64b9628c,0x9cd8b518,0x29a01211,1,SUCCESS,14537,18801,8,10,10,3,3,0
GT,16383,0,64,52,0x894e6771,0x8a255c2e,0x29a01211,1,SUCCESS,3178,30209,12,12,12,3,3,0
GT,16383,0,64,53,0xe3e668e8,0xff1f20c3,0x29a01211,1,SUCCESS,15576,30727,13,21,21,7,7,0
GT,16383,0,64,54,0x36980406,0xfbdbfa61,0x29a01211,1,SUCCESS,14541,30711,9,13,13,4,4,0
GT,16383,0,64,55,0x114d2b4a,0xa617ad4e,0x29a01211,1,SUCCESS,11080,32198,7,7,7,2,2,0
GT,16383,0,64,56,0x3b8907e1,0x0c6cbd10,0x29a01211,1,SUCCESS,10185,25984,16,25,25,6,6,0
GT,16383,0,64,57,0x2cd09c1d,0x964fb1a7,0x29a01211,1,SUCCESS,9631,31202,7,2,2,2,2,0
GT,16383,0,64,58,0x6d7a8604,0xbd6f99c6,0x29a01211,1,SUCCESS,6322,19210,12,18,18,6,6,0
GT,16383,0,64,59,0x1fadaf42,0x60010aa3,0x29a01211,1,SUCCESS,13683,28167,10,11,11,4,4,0
GT,16383,0,64,60,0x92fe7cfd,0xb54e2773,0x29a01211,1,SUCCESS,12148,26989,9,10,10,4,4,0
GT,16383,0,64,61,0x1aecb060,0x9c545eba,0x29a01211,1,SUCCESS,10501,19012,15,34,34,11,10,0
GT,16383,0,64,62,0x91778cc3,0xbd1d1bc0,0x29a01211,1,SUCCESS,14644,22285,13,27,27,7,7,0
GT,16383,0,64,63,0xe6b7e7eb,0xd542988e,0x29a01211,1,SUCCESS,15344,21024,13,24,24,6,6,0
GT,16383,0,64,64,0x6770144c,0xd2d3c6e7,0x29a01211,1,SUCCESS,86,26850,13,19,19,4,4,0
GT,16383,0,64,65,0xc600a248,0x0a1e0844,0x29a01211,1,SUCCESS,9669,18554,11,12,12,4,4,0
GT,16383,0,64,66,0x1ea4f830,0x2ef0f28e,0x29a01211,1,SUCCESS,2116,19170,10,7,7,5,5,0
GT,16383,0,64,67,0x639604f3,0x7fe04f83,0x29a01211,1,SUCCESS,5262,22899,17,34,34,9,6,0
GT,16383,0,64,68,0x6e084a84,0xb643b17e,0x29a01211,1,SUCCESS,12968,16603,11,18,18,6,6,0
GT,16383,0,64,69,0x3d7fc476,0x467d7a44,0x29a01211,1,SUCCESS,2578,31110,8,6,6,3,3,0
GT,16383,0,64,70,0xedca3875,0xefade11e,0x29a01211,1,SUCCESS,4668,16760,9,10,10,3,3,0
GT,16383,0,64,71,0xb883121d,0x095c678c,0x29a01211,1,SUCCESS,4668,16760,16,27,27,12,11,0
GT,16383,0,64,72,0xace22797,0xbc422a9a,0x29a01211,1,SUCCESS,6537,26623,6,3,3,1,1,0
GT,16383,0,64,73,0xefd3172d,0x8c2c3233,0x29a01211,1,SUCCESS,2578,31110,17,35,35,10,10,0
GT,16383,0,64,74,0xe6aacdb5,0x7f1c158a,0x29a01211,1,SUCCESS,2932,26834,14,26,26,6,6,0
GT,16383,0,64,75,0x6566c598,0xca804b00,0x29a01211,1,SUCCESS,6537,26623,4,3,3,1,1,0
GT,16383,0,64,76,0x4e646d9d,0xcbae5ac0,0x29a01211,1,SUCCESS,16017,22351,11,19,19,6,6,0
GT,16383,0,64,77,0x05d81d6f,0x260c4013,0x29a01211,1,SUCCESS,6322,19210,4,1,1,1,1,0
GT,16383,0,64,78,0x2018f6a3,0x5728c7f4,0x29a01211,1,SUCCESS,10501,19012,13,17,17,3,3,0
GT,16383,0,64,79,0x718ebf0c,0x4d7d460c,0x29a01211,1,SUCCESS,5068,19298,5,3,3,2,2,0
GT,16383,0,64,80,0x042a8f17,0x2093b3f4,0x29a01211,1,SUCCESS,11080,32198,14,26,26,8,8,0
GT,16383,0,64,81,0xfc1c775d,0x35bd20f1,0x29a01211,1,SUCCESS,10715,31474,11,18,18,3,3,0
GT,16383,0,64,82,0x16b93b63,0x7d609ba5,0x29a01211,1,SUCCESS,10501,19012,11,15,15,5,5,0
GT,16383,0,64,83,0x8ce1028e,0xb152e7ef,0x29a01211,1,SUCCESS,7526,20953,14,23,23,9,8,0
GT,16383,0,64,84,0x87bad980,0x7dbefa97,0x29a01211,1,SUCCESS,15092,16661,9,11,11,4,4,0
GT,16383,0,64,85,0xd63d86f3,0xf5399cca,0x29a01211,1,SUCCESS,12148,26989,11,14,14,3,3,0
GT,16383,0,64,86,0xeeaba102,0x01560fc0,0x29a01211,1,SUCCESS,13683,28167,13,24,24,6,6,0
GT,16383,0,64,87,0xc1fee4bb,0xc7e12d58,0x29a01211,1,SUCCESS,11080,32198,6,5,5,2,2,0
GT,16383,0,64,88,0x0707c9da,0xf644a3f9,0x29a01211,1,SUCCESS,8900,27322,13,25,25,6,6,0
GT,16383,0,64,89,0xde0d9c30,0x58a2ee8f,0x29a01211,1,SUCCESS,11258,27039,10,13,13,5,5,0
GT,16383,0,64,90,0x7cd0efc7,0x9f385cfb,0x29a01211,1,SUCCESS,10937,16908,8,5,5,2,2,0
GT,16383,0,64,91,0xe4cb50a6,0x94d13729,0x29a01211,1,SUCCESS,2808,20620,15,24,24,8,8,0
GT,16383,0,64,92,0xa0882219,0x18f75d24,0x29a01211,1,SUCCESS,2932,26834,10,7,7,3,3,0
GT,16383,0,64,93,0xc435e6f2,0xf75a52bc,0x29a01211,1,SUCCESS,4668,16760,11,19,19,5,5,0
GT,16383,0,64,94,0x011b63f0,0x0aa34346,0x29a01211,1,SUCCESS,13499,22948,3,1,1,1,1,0
GT,16383,0,64,95,0x1b456e77,0xee460f94,0x29a01211,1,SUCCESS,9669,18554,17,47,47,18,18,1
GT,16383,0,64,96,0x10088608,0xef418331,0x29a01211,1,SUCCESS,1969,29996,15,26,26,6,6,0
GT,16383,0,64,97,0x6fcfc352,0xf8fa9f4c,0x29a01211,1,SUCCESS,569,20217,4,1,1,1,1,0
GT,16383,0,64,98,0xfb6077af,0x713595a9,0x29a01211,1,SUCCESS,1068,20482,7,3,3,1,1,0
GT,16383,0,64,99,0xc6ebb72e,0x08fdf109,0x29a01211,1,SUCCESS,10501,19012,16,42,42,14,14,0
GT,16383,0,256,0,0x7b1dcdaf,0x24370df2,0x13d60bf9,1,SUCCESS,6194,21743,4,2,2,1,1,1
GT,16383,0,256,1,0x3a85a4dc,0xa3b9aa35,0x13d60bf9,1,SUCCESS,16378,30332,2,0,0,0,0,0
GT,16383,0,256,2,0x6162a8b2,0x871c276f,0x13d60bf9,1,SUCCESS,8111,30919,7,3,3,2,2,1
GT,16383,0,256,3,0xc3adc34e,0xf5b8f22b,0x13d60bf9,1,SUCCESS,16057,26038,9,8,8,4,4,2
GT,16383,0,256,4,0x2bb073ff,0x3f8396e3,0x13d60bf9,1,SUCCESS,7054,22624,1,0,0,0,0,0
GT,16383,0,256,5,0xda585ab3,0xa7197ad7,0x13d60bf9,1,SUCCESS,1569,17806,4,2,2,1,1,0
GT,16383,0,256,6,0x0ed109c0,0x5701ce52,0x13d60bf9,1,SUCCESS,16057,26038,2,1,1,1,1,0
GT,16383,0,256,7,0x102ecf73,0x53c7612b,0x13d60bf9,1,SUCCESS,8111,30919,10,14,14,5,5,1
GT,16383,0,256,8,0xcf29b6a1,0x35231a84,0x13d60bf9,1,SUCCESS,3262,18088,11,13,13,5,5,0
GT,16383,0,256,9,0xc49cbb42,0xd0a3bbb8,0x13d60bf9,1,SUCCESS,15398,22207,7,3,3,2,2,0
GT,16383,0,256,10,0x4cc51d23,0xee0e3ab4,0x13d60bf9,1,SUCCESS,2261,32679,3,2,2,1,1,0
GT,16383,0,256,11,0xf9e8aa7a,0x3208c31a,0x13d60bf9,1,SUCCESS,3178,30209,1,0,0,0,0,0
GT,16383,0,256,12,0xdda8b051,0xc8105c9d,0x13d60bf9,1,SUCCESS,86,26850,14,20,20,10,10,5
GT,16383,0,256,13,0xabfb11bf,0xf5dec75e,0x13d60bf9,1,SUCCESS,7345,32287,6,5,5,2,2,0
GT,16383,0,256,14,0x20639811,0x6b6a7c47,0x13d60bf9,1,SUCCESS,14618,25652,7,8,8,2,2,0
GT,16383,0,256,15,0xac72acd2,0xca84bc6c,0x13d60bf9,1,SUCCESS,6024,20409,3,0,0,0,0,0
GT,16383,0,256,16,0x49a2da79,0xe1376725,0x13d60bf9,1,SUCCESS,7859,30665,8,8,8,2,2,0
GT,16383,0,256,17,0x63a4e9d7,0x6166dba4,0x13d60bf9,1,SUCCESS,11280,20121,8,9,9,3,3,0
GT,16383,0,256,18,0x8983f102,0x43fb6183,0x13d60bf9,1,SUCCESS,14537,18801,9,8,8,4,4,0
GT,16383,0,256,19,0xb671aa78,0xc97ad8a2,0x13d60bf9,1,SUCCESS,10420,24885,5,1,1,1,1,0
GT,16383,0,256,20,0xdaeb566a,0x989e5b3d,0x13d60bf9,1,SUCCESS,14509,22808,6,3,3,1,1,0
GT,16383,0,256,21,0xf6181c00,0xa345ac4b,0x13d60bf9,1,SUCCESS,2778,28454,9,4,4,4,4,0
GT,16383,0,256,22,0x4e18d852,0xa08980df,0x13d60bf9,1,SUCCESS,12247,19745,7,3,3,1,1,0
GT,16383,0,256,23,0xa035ceba,0x611de4c4,0x13d60bf9,1,SUCCESS,15827,28165,7,5,5,2,2,0
GT,16383,0,256,24,0xc2416ee4,0x7323f479,0x13d60bf9,1,SUCCESS,16338,30402,4,3,3,1,1,0
GT,16383,0,256,25,0xfbdafbdd,0xa0c0cf2f,0x13d60bf9,1,SUCCESS,5899,19232,2,1,1,1,1,0
GT,16383,0,256,26,0xa43fbf47,0x8de97b10,0x13d60bf9,1,SUCCESS,8864,26133,12,13,13,6,6,0
GT,16383,0,256,27,0x6811f7c1,0xcb07044a,0x13d60bf9,1,SUCCESS,6587,31055,11,13,13,2,2,0
GT,16383,0,256,28,0x610dde2c,0x8cf5deb9,0x13d60bf9,1,SUCCESS,15049,21292,4,2,2,1,1,0
GT,16383,0,256,29,0x82241b87,0xbbe27f39,0x13d60bf9,1,SUCCESS,15592,21080,6,4,4,2,2,0
GT,16383,0,256,30,0x48647490,0xea9551eb,0x13d60bf9,1,SUCCESS,5257,30311,9,7,7,3,3,0
GT,16383,0,256,31,0x63df3b7f,0xa8b057e1,0x13d60bf9,1,SUCCESS,15986,29937,4,2,2,1,1,0
GT,16383,0,256,32,0x433125bb,0x3221fef0,0x13d60bf9,1,SUCCESS,389,18724,5,2,2,1,1,0
GT,16383,0,256,33,0x7943be40,0x6641ee79,0x13d60bf9,1,SUCCESS,7345,32287,5,2,2,1,1,0
GT,16383,0,256,34,0x26c93252,0x675d2908,0x13d60bf9,1,SUCCESS,13499,22948,4,1,1,1,1,0
GT,16383,0,256,35,0xdbe3ed49,0xa7cfea56,0x13d60bf9,1,SUCCESS,10128,20312,6,6,6,2,2,0
GT,16383,0,256,36,0xc2ec9bb4,0xbfc0ae9e,0x13d60bf9,1,SUCCESS,16338,30402,6,3,3,2,2,0
GT,16383,0,256,37,0xe7ec8559,0x307064ac,0x13d60bf9,1,SUCCESS,13426,21020,4,2,2,1,1,0
GT,16383,0,256,38,0xccb88b54,0x2cf00158,0x13d60bf9,1,SUCCESS,15049,21292,5,4,4,2,2,0
GT,16383,0,256,39,0xb512e6a4,0x2b9e708c,0x13d60bf9,1,SUCCESS,943,20053,5,4,4,2,2,0
GT,16383,0,256,40,0x7e2c3d82,0xa69fb195,0x13d60bf9,1,SUCCESS,13451,24112,3,1,1,1,1,0
GT,16383,0,256,41,0x58b3e5ad,0x23a21253,0x13d60bf9,1,SUCCESS,745,17423,2,1,1,1,1,0
GT,16383,0,256,42,0x9a07c40b,0x3ea78d8c,0x13d60bf9,1,SUCCESS,15092,16661,8,2,2,1,1,0
GT,16383,0,256,43,0xf1f9a54b,0x7b00db61,0x13d60bf9,1,SUCCESS,10784,24389,8,6,6,3,3,0
GT,16383,0,256,44,0xfba6212d,0xb8b8356a,0x13d60bf9,1,SUCCESS,4260,25069,12,13,13,5,5,0
GT,16383,0,256,45,0x1ca60615,0xd753b84a,0x13d60bf9,1,SUCCESS,9098,29117,6,4,4,2,2,0
GT,16383,0,256,46,0xa085c93e,0x19b8504d,0x13d60bf9,1,SUCCESS,15827,28165,5,2,2,2,2,0
GT,16383,0,256,47,0x18190603,0xad0438b2,0x13d60bf9,1,SUCCESS,12819,29797,8,3,3,2,2,0
GT,16383,0,256,48,0xc1143c78,0xbbdab3cd,0x13d60bf9,1,SUCCESS,10784,24389,11,7,7,4,4,0
GT,16383,0,256,49,0x332063fc,0x222ba57c,0x13d60bf9,1,SUCCESS,16035,26235,8,5,5,2,2,0
GT,16383,0,256,50,0xd6f4066b,0xab9eb714,0x13d60bf9,1,SUCCESS,8254,18531,4,1,1,1,1,0
GT,16383,0,256,51,0x64b9628c,0x9cd8b518,0x13d60bf9,1,SUCCESS,3067,28255,7,7,7,2,2,0
GT,16383,0,256,52,0x894e6771,0x8a255c2e,0x13d60bf9,1,SUCCESS,13426,21020,11,9,9,2,2,0
GT,16383,0,256,53,0xe3e668e8,0xff1f20c3,0x13d60bf9,1,SUCCESS,4886,31721,10,11,11,4,4,0
GT,16383,0,256,54,0x36980406,0xfbdbfa61,0x13d60bf9,1,SUCCESS,4260,25069,8,9,9,2,2,0
GT,16383,0,256,55,0x114d2b4a,0xa617ad4e,0x13d60bf9,1,SUCCESS,3077,26085,6,5,5,2,2,0
GT,16383,0,256,56,0x3b8907e1,0x0c6cbd10,0x13d60bf9,1,SUCCESS,7859,30665,7,4,4,2,2,0
GT,16383,0,256,57,0x2cd09c1d,0x964fb1a7,0x13d60bf9,1,SUCCESS,9616,21800,7,2,2,2,2,0
GT,16383,0,256,58,0x6d7a8604,0xbd6f99c6,0x13d60bf9,1,SUCCESS,8254,18531,5,4,4,2,2,0
GT,16383,0,256,59,0x1fadaf42,0x60010aa3,0x13d60bf9,1,SUCCESS,5899,19232,11,14,14,4,4,0
GT,16383,0,256,60,0x92fe7cfd,0xb54e2773,0x13d60bf9,1,SUCCESS,838,17066,6,3,3,1,1,0
GT,16383,0,256,61,0x1aecb060,0x9c545eba,0x13d60bf9,1,SUCCESS,3077,26085,10,13,13,3,3,0
GT,16383,0,256,62,0x91778cc3,0xbd1d1bc0,0x13d60bf9,1,SUCCESS,6083,16900,10,13,13,5,5,0
GT,16383,0,256,63,0xe6b7e7eb,0xd542988e,0x13d60bf9,1,SUCCESS,14620,28124,10,11,11,5,5,0
GT,16383,0,256,64,0x6770144c,0xd2d3c6e7,0x13d60bf9,1,SUCCESS,13954,28289,9,6,6,2,2,0
GT,16383,0,256,65,0xc600a248,0x0a1e0844,0x13d60bf9,1,SUCCESS,14141,31377,7,5,5,2,2,0
GT,16383,0,256,66,0x1ea4f830,0x2ef0f28e,0x13d60bf9,1,SUCCESS,11917,23087,3,1,1,1,1,0
GT,16383,0,256,67,0x639604f3,0x7fe04f83,0x13d60bf9,1,SUCCESS,7232,17025,6,6,6,2,2,0
GT,16383,0,256,68,0x6e084a84,0xb643b17e,0x13d60bf9,1,SUCCESS,9146,30642,7,4,4,1,1,0
GT,16383,0,256,69,0x3d7fc476,0x467d7a44,0x13d60bf9,1,SUCCESS,12819,29797,2,1,1,1,1,0
GT,16383,0,256,70,0xedca3875,0xefade11e,0x13d60bf9,1,SUCCESS,4334,22057,9,10,10,3,3,0
GT,16383,0,256,71,0xb883121d,0x095c678c,0x13d60bf9,1,SUCCESS,15289,23833,8,6,6,2,2,0
GT,16383,0,256,72,0xace22797,0xbc422a9a,0x13d60bf9,1,SUCCESS,2282,31718,9,10,10,4,4,0
GT,16383,0,256,73,0xefd3172d,0x8c2c3233,0x13d60bf9,1,SUCCESS,11249,20891,3,1,1,1,1,0
GT,16383,0,256,74,0xe6aacdb5,0x7f1c158a,0x13d60bf9,1,SUCCESS,3178,30209,7,4,4,2,2,0
GT,16383,0,256,75,0x6566c598,0xca804b00,0x13d60bf9,1,SUCCESS,2780,28208,9,9,9,4,4,0
GT,16383,0,256,76,0x4e646d9d,0xcbae5ac0,0x13d60bf9,1,SUCCESS,6194,21743,7,4,4,1,1,0
GT,16383,0,256,77,0x05d81d6f,0x260c4013,0x13d60bf9,1,SUCCESS,9359,25296,7,5,5,2,2,0
GT,16383,0,256,78,0x2018f6a3,0x5728c7f4,0x13d60bf9,1,SUCCESS,12753,30202,5,3,3,1,1,0
GT,16383,0,256,79,0x718ebf0c,0x4d7d460c,0x13d60bf9,1,SUCCESS,6587,31055,7,5,5,2,2,0
GT,16383,0,256,80,0x042a8f17,0x2093b3f4,0x13d60bf9,1,SUCCESS,8134,25012,10,10,10,5,5,0
GT,16383,0,256,81,0xfc1c775d,0x35bd20f1,0x13d60bf9,1,SUCCESS,7991,23470,4,2,2,1,1,0
GT,16383,0,256,82,0x16b93b63,0x7d609ba5,0x13d60bf9,1,SUCCESS,7859,30665,9,10,10,4,4,0
GT,16383,0,256,83,0x8ce1028e,0xb152e7ef,0x13d60bf9,1,SUCCESS,13499,22948,6,4,4,1,1,0
GT,16383,0,256,84,0x87bad980,0x7dbefa97,0x13d60bf9,1,SUCCESS,14887,23275,9,11,11,4,4,0
GT,16383,0,256,85,0xd63d86f3,0xf5399cca,0x13d60bf9,1,SUCCESS,3077,26085,6,5,5,2,2,0
GT,16383,0,256,86,0xeeaba102,0x01560fc0,0x13d60bf9,1,SUCCESS,1569,17806,2,1,1,1,1,0
GT,16383,0,256,87,0xc1fee4bb,0xc7e12d58,0x13d60bf9,1,SUCCESS,11032,17393,6,5,5,2,2,0
GT,16383,0,256,88,0x0707c9da,0xf644a3f9,0x13d60bf9,1,SUCCESS,7900,20548,4,1,1,1,1,0
GT,16383,0,256,89,0xde0d9c30,0x58a2ee8f,0x13d60bf9,1,SUCCESS,12120,17967,4,2,2,1,1,0
GT,16383,0,256,90,0x7cd0efc7,0x9f385cfb,0x13d60bf9,1,SUCCESS,1317,28061,6,3,3,1,1,0
GT,16383,0,256,91,0xe4cb50a6,0x94d13729,0x13d60bf9,1,SUCCESS,8900,27322,8,3,3,2,2,0
GT,16383,0,256,92,0xa0882219,0x18f75d24,0x13d60bf9,1,SUCCESS,8316,21095,8,4,4,3,3,0
GT,16383,0,256,93,0xc435e6f2,0xf75a52bc,0x13d60bf9,1,SUCCESS,11249,20891,2,1,1,1,1,0
GT,16383,0,256,94,0x011b63f0,0x0aa34346,0x13d60bf9,1,SUCCESS,2932,26834,7,3,3,1,1,0
GT,16383,0,256,95,0x1b456e77,0xee460f94,0x13d60bf9,1,SUCCESS,8134,25012,4,2,2,1,1,0
GT,16383,0,256,96,0x10088608,0xef418331,0x13d60bf9,1,SUCCESS,2460,23714,10,12,12,4,4,0
GT,16383,0,256,97,0x6fcfc352,0xf8fa9f4c,0x13d60bf9,1,SUCCESS,2808,20620,7,5,5,2,2,0
GT,16383,0,256,98,0xfb6077af,0x713595a9,0x13d60bf9,1,SUCCESS,1068,20482,12,17,17,7,7,0
GT,16383,0,256,99,0xc6ebb72e,0x08fdf109,0x13d60bf9,1,SUCCESS,7108,28195,2,0,0,0,0,0
EQ,12345,0,1,0,0x7b1dcdaf,0x24370df2,0xe0bb7e9c,1,SUCCESS,507,12345,25,308,308,70,70,70
EQ,12345,0,1,1,0x3a85a4dc,0xa3b9aa35,0xe0bb7e9c,1,SUCCESS,507,12345,15,23,23,9,9,0
EQ,12345,0,1,2,0x6162a8b2,0x871c276f,0xe0bb7e9c,1,SUCCESS,507,12345,22,181,181,40,40,0
EQ,12345,0,1,3,0xc3adc34e,0xf5b8f22b,0xe0bb7e9c,1,SUCCESS,507,12345,25,239,239,53,47,0
EQ,12345,0,1,4,0x2bb073ff,0x3f8396e3,0xe0bb7e9c,1,SUCCESS,507,12345,24,240,240,58,58,0
EQ,12345,0,1,5,0xda585ab3,0xa7197ad7,0xe0bb7e9c,1,SUCCESS,507,12345,23,155,155,41,40,0
EQ,12345,0,1,6,0x0ed109c0,0x5701ce52,0xe0bb7e9c,1,SUCCESS,507,12345,9,14,14,4,4,0
EQ,12345,0,1,7,0x102ecf73,0x53c7612b,0xe0bb7e9c,1,SUCCESS,507,12345,23,180,180,52,52,0
EQ,12345,0,1,8,0xcf29b6a1,0x35231a84,0xe0bb7e9c,1,SUCCESS,507,12345,26,261,261,85,78,8
EQ,12345,0,1,9,0xc49cbb42,0xd0a3bbb8,0xe0bb7e9c,1,SUCCESS,507,12345,24,148,148,68,54,0
EQ,12345,0,1,10,0x4cc51d23,0xee0e3ab4,0xe0bb7e9c,1,SUCCESS,507,12345,20,93,93,31,28,0
EQ,12345,0,1,11,0xf9e8aa7a,0x3208c31a,0xe0bb7e9c,1,SUCCESS,507,12345,23,175,175,45,44,0
EQ,12345,0,1,12,0xdda8b051,0xc8105c9d,0xe0bb7e9c,1,SUCCESS,507,12345,18,42,42,12,10,0
EQ,12345,0,1,13,0xabfb11bf,0xf5dec75e,0xe0bb7e9c,1,SUCCESS,507,12345,24,218,218,55,51,0
EQ,12345,0,1,14,0x20639811,0x6b6a7c47,0xe0bb7e9c,1,SUCCESS,507,12345,21,133,133,37,34,0
EQ,12345,0,1,15,0xac72acd2,0xca84bc6c,0xe0bb7e9c,1,SUCCESS,507,12345,27,333,333,115,99,21
EQ,12345,0,1,16,0x49a2da79,0xe1376725,0xe0bb7e9c,1,SUCCESS,507,12345,25,225,225,45,41,0
EQ,12345,0,1,17,0x63a4e9d7,0x6166dba4,0xe0bb7e9c,1,SUCCESS,507,12345,25,152,152,45,31,0
EQ,12345,0,1,18,0x8983f102,0x43fb6183,0xe0bb7e9c,1,SUCCESS,507,12345,24,216,216,73,65,0
EQ,12345,0,1,19,0xb671aa78,0xc97ad8a2,0xe0bb7e9c,1,SUCCESS,507,12345,22,122,122,47,40,0
EQ,12345,0,1,20,0xdaeb566a,0x989e5b3d,0xe0bb7e9c,1,SUCCESS,507,12345,27,311,311,109,98,0
EQ,12345,0,1,21,0xf6181c00,0xa345ac4b,0xe0bb7e9c,1,SUCCESS,507,12345,26,200,200,68,61,0
EQ,12345,0,1,22,0x4e18d852,0xa08980df,0xe0bb7e9c,1,SUCCESS,507,12345,15,37,37,9,9,0
EQ,12345,0,1,23,0xa035ceba,0x611de4c4,0xe0bb7e9c,1,SUCCESS,507,12345,23,141,141,35,26,0
EQ,12345,0,1,24,0xc2416ee4,0x7323f479,0xe0bb7e9c,1,SUCCESS,507,12345,21,159,159,40,37,0
EQ,12345,0,1,25,0xfbdafbdd,0xa0c0cf2f,0xe0bb7e9c,1,SUCCESS,507,12345,25,210,210,79,71,0
EQ,12345,0,1,26,0xa43fbf47,0x8de97b10,0xe0bb7e9c,1,SUCCESS,507,12345,27,215,215,66,51,0
EQ,12345,0,1,27,0x6811f7c1,0xcb07044a,0xe0bb7e9c,1,SUCCESS,507,12345,24,174,174,41,34,0
EQ,12345,0,1,28,0x610dde2c,0x8cf5deb9,0xe0bb7e9c,1,SUCCESS,507,12345,25,256,256,65,63,0
EQ,12345,0,1,29,0x82241b87,0xbbe27f39,0xe0bb7e9c,1,SUCCESS,507,12345,21,133,133,39,37,0
EQ,12345,0,1,30,0x48647490,0xea9551eb,0xe0bb7e9c,1,SUCCESS,507,12345,19,63,63,26,25,0
EQ,12345,0,1,31,0x63df3b7f,0xa8b057e1,0xe0bb7e9c,1,SUCCESS,507,12345,27,273,273,80,59,0
EQ,12345,0,1,32,0x433125bb,0x3221fef0,0xe0bb7e9c,1,SUCCESS,507,12345,22,93,93,26,23,0
EQ,12345,0,1,33,0x7943be40,0x6641ee79,0xe0bb7e9c,1,SUCCESS,507,12345,19,93,93,27,26,0
EQ,12345,0,1,34,0x26c93252,0x675d2908,0xe0bb7e9c,1,SUCCESS,507,12345,27,290,290,107,100,1
EQ,12345,0,1,35,0xdbe3ed49,0xa7cfea56,0xe0bb7e9c,1,SUCCESS,507,12345,16,40,40,12,12,0
EQ,12345,0,1,36,0xc2ec9bb4,0xbfc0ae9e,0xe0bb7e9c,1,SUCCESS,507,12345,24,229,229,55,49,0
EQ,12345,0,1,37,0xe7ec8559,0x307064ac,0xe0bb7e9c,1,SUCCESS,507,12345,23,169,169,44,39,0
EQ,12345,0,1,38,0xccb88b54,0x2cf00158,0xe0bb7e9c,1,SUCCESS,507,12345,21,123,123,29,26,0
EQ,12345,0,1,39,0xb512e6a4,0x2b9e708c,0xe0bb7e9c,1,SUCCESS,507,12345,21,105,105,30,28,0
EQ,12345,0,1,40,0x7e2c3d82,0xa69fb195,0xe0bb7e9c,1,SUCCESS,507,12345,18,48,48,13,12,0
EQ,12345,0,1,41,0x58b3e5ad,0x23a21253,0xe0bb7e9c,1,SUCCESS,507,12345,24,196,196,78,66,0
EQ,12345,0,1,42,0x9a07c40b,0x3ea78d8c,0xe0bb7e9c,1,SUCCESS,507,12345,21,126,126,35,35,0
EQ,12345,0,1,43,0xf1f9a54b,0x7b00db61,0xe0bb7e9c,1,SUCCESS,507,12345,28,252,252,57,33,0
EQ,12345,0,1,44,0xfba6212d,0xb8b8356a,0xe0bb7e9c,1,SUCCESS,507,12345,28,368,368,118,105,5
EQ,12345,0,1,45,0x1ca60615,0xd753b84a,0xe0bb7e9c,1,SUCCESS,507,12345,21,131,131,33,30,0
EQ,12345,0,1,46,0xa085c93e,0x19b8504d,0xe0bb7e9c,1,SUCCESS,507,12345,20,96,96,21,19,0
EQ,12345,0,1,47,0x18190603,0xad0438b2,0xe0bb7e9c,1,SUCCESS,507,12345,21,120,120,26,25,0
EQ,12345,0,1,48,0xc1143c78,0xbbdab3cd,0xe0bb7e9c,1,SUCCESS,507,12345,25,157,157,37,34,0
EQ,12345,0,1,49,0x332063fc,0x222ba57c,0xe0bb7e9c,1,SUCCESS,507,12345,23,148,148,40,40,0
EQ,12345,0,1,50,0xd6f4066b,0xab9eb714,0xe0bb7e9c,1,SUCCESS,507,12345,26,275,275,66,62,0
EQ,12345,0,1,51,0x64b9628c,0x9cd8b518,0xe0bb7e9c,1,SUCCESS,507,12345,22,122,122,23,23,0
EQ,12345,0,1,52,0x894e6771,0x8a255c2e,0xe0bb7e9c,1,SUCCESS,507,12345,26,256,256,89,78,0
EQ,12345,0,1,53,0xe3e668e8,0xff1f20c3,0xe0bb7e9c,1,SUCCESS,507,12345,24,167,167,43,38,0
EQ,12345,0,1,54,0x36980406,0xfbdbfa61,0xe0bb7e9c,1,SUCCESS,507,12345,25,283,283,71,66,0
EQ,12345,0,1,55,0x114d2b4a,0xa617ad4e,0xe0bb7e9c,1,SUCCESS,507,12345,26,269,269,83,79,0
EQ,12345,0,1,56,0x3b8907e1,0x0c6cbd10,0xe0bb7e9c,1,SUCCESS,507,12345,23,142,142,55,52,0
EQ,12345,0,1,57,0x2cd09c1d,0x964fb1a7,0xe0bb7e9c,1,SUCCESS,507,12345,24,241,241,67,53,0
EQ,12345,0,1,58,0x6d7a8604,0xbd6f99c6,0xe0bb7e9c,1,SUCCESS,507,12345,28,369,369,134,125,20
EQ,12345,0,1,59,0x1fadaf42,0x60010aa3,0xe0bb7e9c,1,SUCCESS,507,12345,24,141,141,33,26,0
EQ,12345,0,1,60,0x92fe7cfd,0xb54e2773,0xe0bb7e9c,1,SUCCESS,507,12345,21,135,135,33,31,0
EQ,12345,0,1,61,0x1aecb060,0x9c545eba,0xe0bb7e9c,1,SUCCESS,507,12345,27,306,306,97,57,0
EQ,12345,0,1,62,0x91778cc3,0xbd1d1bc0,0xe0bb7e9c,1,SUCCESS,507,12345,24,196,196,44,43,0
EQ,12345,0,1,63,0xe6b7e7eb,0xd542988e,0xe0bb7e9c,1,SUCCESS,507,12345,19,67,67,14,13,0
EQ,12345,0,1,64,0x6770144c,0xd2d3c6e7,0xe0bb7e9c,1,SUCCESS,507,12345,23,129,129,37,31,0
EQ,12345,0,1,65,0xc600a248,0x0a1e0844,0xe0bb7e9c,1,SUCCESS,507,12345,26,277,277,94,85,0
EQ,12345,0,1,66,0x1ea4f830,0x2ef0f28e,0xe0bb7e9c,1,SUCCESS,507,12345,15,45,45,12,12,0
EQ,12345,0,1,67,0x639604f3,0x7fe04f83,0xe0bb7e9c,1,SUCCESS,507,12345,22,105,105,48,42,0
EQ,12345,0,1,68,0x6e084a84,0xb643b17e,0xe0bb7e9c,1,SUCCESS,507,12345,26,239,239,80,74,0
EQ,12345,0,1,69,0x3d7fc476,0x467d7a44,0xe0bb7e9c,1,SUCCESS,507,12345,23,160,160,56,54,0
EQ,12345,0,1,70,0xedca3875,0xefade11e,0xe0bb7e9c,1,SUCCESS,507,12345,26,243,243,98,88,0
EQ,12345,0,1,71,0xb883121d,0x095c678c,0xe0bb7e9c,1,SUCCESS,507,12345,25,235,235,41,38,0
EQ,12345,0,1,72,0xace22797,0xbc422a9a,0xe0bb7e9c,1,SUCCESS,507,12345,12,15,15,4,4,0
EQ,12345,0,1,73,0xefd3172d,0x8c2c3233,0xe0bb7e9c,1,SUCCESS,507,12345,19,49,49,13,12,0
EQ,12345,0,1,74,0xe6aacdb5,0x7f1c158a,0xe0bb7e9c,1,SUCCESS,507,12345,23,212,212,40,40,0
EQ,12345,0,1,75,0x6566c598,0xca804b00,0xe0bb7e9c,1,SUCCESS,507,12345,15,42,42,11,11,0
EQ,12345,0,1,76,0x4e646d9d,0xcbae5ac0,0xe0bb7e9c,1,SUCCESS,507,12345,17,64,64,19,17,0
EQ,12345,0,1,77,0x05d81d6f,0x260c4013,0xe0bb7e9c,1,SUCCESS,507,12345,22,113,113,32,23,0
EQ,12345,0,1,78,0x2018f6a3,0x5728c7f4,0xe0bb7e9c,1,SUCCESS,507,12345,31,430,430,118,72,0
EQ,12345,0,1,79,0x718ebf0c,0x4d7d460c,0xe0bb7e9c,1,SUCCESS,507,12345,24,138,138,54,42,0
EQ,12345,0,1,80,0x042a8f17,0x2093b3f4,0xe0bb7e9c,1,SUCCESS,507,12345,27,381,381,116,112,0
EQ,12345,0,1,81,0xfc1c775d,0x35bd20f1,0xe0bb7e9c,1,SUCCESS,507,12345,28,300,300,95,58,0
EQ,12345,0,1,82,0x16b93b63,0x7d609ba5,0xe0bb7e9c,1,SUCCESS,507,12345,27,336,336,114,96,0
EQ,12345,0,1,83,0x8ce1028e,0xb152e7ef,0xe0bb7e9c,1,SUCCESS,507,12345,20,110,110,33,31,0
EQ,12345,0,1,84,0x87bad980,0x7dbefa97,0xe0bb7e9c,1,SUCCESS,507,12345,26,277,277,91,72,0
EQ,12345,0,1,85,0xd63d86f3,0xf5399cca,0xe0bb7e9c,1,SUCCESS,507,12345,22,145,145,43,38,0
EQ,12345,0,1,86,0xeeaba102,0x01560fc0,0xe0bb7e9c,1,SUCCESS,507,12345,24,200,200,64,64,0
EQ,12345,0,1,87,0xc1fee4bb,0xc7e12d58,0xe0bb7e9c,1,SUCCESS,507,12345,23,191,191,53,45,0
EQ,12345,0,1,88,0x0707c9da,0xf644a3f9,0xe0bb7e9c,1,SUCCESS,507,12345,24,199,199,67,59,0
EQ,12345,0,1,89,0xde0d9c30,0x58a2ee8f,0xe0bb7e9c,1,SUCCESS,507,12345,16,41,41,8,8,0
EQ,12345,0,1,90,0x7cd0efc7,0x9f385cfb,0xe0bb7e9c,1,SUCCESS,507,12345,24,174,174,71,64,0
EQ,12345,0,1,91,0xe4cb50a6,0x94d13729,0xe0bb7e9c,1,SUCCESS,507,12345,17,53,53,18,18,0
EQ,12345,0,1,92,0xa0882219,0x18f75d24,0xe0bb7e9c,1,SUCCESS,507,12345,20,86,86,25,22,0
EQ,12345,0,1,93,0xc435e6f2,0xf75a52bc,0xe0bb7e9c,1,SUCCESS,507,12345,23,192,192,51,49,0
EQ,12345,0,1,94,0x011b63f0,0x0aa34346,0xe0bb7e9c,1,SUCCESS,507,12345,18,62,62,27,22,0
EQ,12345,0,1,95,0x1b456e77,0xee460f94,0xe0bb7e9c,1,SUCCESS,507,12345,20,75,75,25,18,0
EQ,12345,0,1,96,0x10088608,0xef418331,0xe0bb7e9c,1,SUCCESS,507,12345,24,183,183,68,57,0
EQ,12345,0,1,97,0x6fcfc352,0xf8fa9f4c,0xe0bb7e9c,1,SUCCESS,507,12345,21,102,102,28,26,0
EQ,12345,0,1,98,0xfb6077af,0x713595a9,0xe0bb7e9c,1,SUCCESS,507,12345,20,102,102,20,20,0
EQ,12345,0,1,99,0xc6ebb72e,0x08fdf109,0xe0bb7e9c,1,SUCCESS,507,12345,27,263,263,138,113,0
EQ,12345,0,4,0,0x7b1dcdaf,0x24370df2,0x44bb67d0,1,SUCCESS,8685,12345,21,119,119,38,38,38
EQ,12345,0,4,1,0x3a85a4dc,0xa3b9aa35,0x44bb67d0,1,SUCCESS,8685,12345,23,132,132,43,35,0
EQ,12345,0,4,2,0x6162a8b2,0x871c276f,0x44bb67d0,1,SUCCESS,2852,12345,19,89,89,24,24,0
EQ,12345,0,4,3,0xc3adc34e,0xf5b8f22b,0x44bb67d0,1,SUCCESS,2852,12345,20,101,101,29,26,0
EQ,12345,0,4,4,0x2bb073ff,0x3f8396e3,0x44bb67d0,1,SUCCESS,4724,12345,16,47,47,11,11,0
EQ,12345,0,4,5,0xda585ab3,0xa7197ad7,0x44bb67d0,1,SUCCESS,2852,12345,20,72,72,18,17,0
EQ,12345,0,4,6,0x0ed109c0,0x5701ce52,0x44bb67d0,1,SUCCESS,507,12345,9,14,14,4,4,0
EQ,12345,0,4,7,0x102ecf73,0x53c7612b,0x44bb67d0,1,SUCCESS,507,12345,21,112,112,36,36,0
EQ,12345,0,4,8,0xcf29b6a1,0x35231a84,0x44bb67d0,1,SUCCESS,2852,12345,15,40,40,8,8,0
EQ,12345,0,4,9,0xc49cbb42,0xd0a3bbb8,0x44bb67d0,1,SUCCESS,2852,12345,23,94,94,40,26,0
EQ,12345,0,4,10,0x4cc51d23,0xee0e3ab4,0x44bb67d0,1,SUCCESS,2852,12345,19,65,65,20,17,0
EQ,12345,0,4,11,0xf9e8aa7a,0x3208c31a,0x44bb67d0,1,SUCCESS,4724,12345,15,41,41,10,10,0
EQ,12345,0,4,12,0xdda8b051,0xc8105c9d,0x44bb67d0,1,SUCCESS,507,12345,18,42,42,12,10,0
EQ,12345,0,4,13,0xabfb11bf,0xf5dec75e,0x44bb67d0,1,SUCCESS,2852,12345,22,128,128,44,40,2
EQ,12345,0,4,14,0x20639811,0x6b6a7c47,0x44bb67d0,1,SUCCESS,4724,12345,17,59,59,14,14,0
EQ,12345,0,4,15,0xac72acd2,0xca84bc6c,0x44bb67d0,1,SUCCESS,8685,12345,21,85,85,39,34,0
EQ,12345,0,4,16,0x49a2da79,0xe1376725,0x44bb67d0,1,SUCCESS,2852,12345,21,116,116,21,19,0
EQ,12345,0,4,17,0x63a4e9d7,0x6166dba4,0x44bb67d0,1,SUCCESS,507,12345,24,121,121,43,29,0
EQ,12345,0,4,18,0x8983f102,0x43fb6183,0x44bb67d0,1,SUCCESS,8685,12345,22,116,116,28,20,0
EQ,12345,0,4,19,0xb671aa78,0xc97ad8a2,0x44bb67d0,1,SUCCESS,507,12345,21,82,82,33,26,0
EQ,12345,0,4,20,0xdaeb566a,0x989e5b3d,0x44bb67d0,1,SUCCESS,507,12345,22,112,112,38,29,0
EQ,12345,0,4,21,0xf6181c00,0xa345ac4b,0x44bb67d0,1,SUCCESS,2852,12345,9,4,4,4,4,0
EQ,12345,0,4,22,0x4e18d852,0xa08980df,0x44bb67d0,1,SUCCESS,507,12345,15,37,37,9,9,0
EQ,12345,0,4,23,0xa035ceba,0x611de4c4,0x44bb67d0,1,SUCCESS,8685,12345,12,21,21,7,7,0
EQ,12345,0,4,24,0xc2416ee4,0x7323f479,0x44bb67d0,1,SUCCESS,8685,12345,9,14,14,4,4,0
EQ,12345,0,4,25,0xfbdafbdd,0xa0c0cf2f,0x44bb67d0,1,SUCCESS,4724,12345,19,77,77,22,22,0
EQ,12345,0,4,26,0xa43fbf47,0x8de97b10,0x44bb67d0,1,SUCCESS,2852,12345,21,83,83,22,20,0
EQ,12345,0,4,27,0x6811f7c1,0xcb07044a,0x44bb67d0,1,SUCCESS,507,12345,19,77,77,22,21,0
EQ,12345,0,4,28,0x610dde2c,0x8cf5deb9,0x44bb67d0,1,SUCCESS,2852,12345,23,142,142,32,30,0
EQ,12345,0,4,29,0x82241b87,0xbbe27f39,0x44bb67d0,1,SUCCESS,2852,12345,18,62,62,21,19,0
EQ,12345,0,4,30,0x48647490,0xea9551eb,0x44bb67d0,1,SUCCESS,2852,12345,20,80,80,26,25,0
EQ,12345,0,4,31,0x63df3b7f,0xa8b057e1,0x44bb67d0,1,SUCCESS,4724,12345,10,14,14,4,4,0
EQ,12345,0,4,32,0x433125bb,0x3221fef0,0x44bb67d0,1,SUCCESS,4724,12345,21,70,70,26,23,0
EQ,12345,0,4,33,0x7943be40,0x6641ee79,0x44bb67d0,1,SUCCESS,8685,12345,20,98,98,31,26,0
EQ,12345,0,4,34,0x26c93252,0x675d2908,0x44bb67d0,1,SUCCESS,8685,12345,11,17,17,4,4,0
EQ,12345,0,4,35,0xdbe3ed49,0xa7cfea56,0x44bb67d0,1,SUCCESS,8685,12345,18,73,73,17,17,0
EQ,12345,0,4,36,0xc2ec9bb4,0xbfc0ae9e,0x44bb67d0,1,SUCCESS,4724,12345,17,47,47,18,17,0
EQ,12345,0,4,37,0xe7ec8559,0x307064ac,0x44bb67d0,1,SUCCESS,507,12345,20,85,85,32,27,0
EQ,12345,0,4,38,0xccb88b54,0x2cf00158,0x44bb67d0,1,SUCCESS,8685,12345,16,54,54,14,14,0
EQ,12345,0,4,39,0xb512e6a4,0x2b9e708c,0x44bb67d0,1,SUCCESS,4724,12345,18,71,71,22,22,0
EQ,12345,0,4,40,0x7e2c3d82,0xa69fb195,0x44bb67d0,1,SUCCESS,507,12345,18,48,48,13,12,0
EQ,12345,0,4,41,0x58b3e5ad,0x23a21253,0x44bb67d0,1,SUCCESS,2852,12345,12,14,14,7,7,0
EQ,12345,0,4,42,0x9a07c40b,0x3ea78d8c,0x44bb67d0,1,SUCCESS,2852,12345,15,34,34,12,12,0
EQ,12345,0,4,43,0xf1f9a54b,0x7b00db61,0x44bb67d0,1,SUCCESS,4724,12345,19,98,98,20,20,0
EQ,12345,0,4,44,0xfba6212d,0xb8b8356a,0x44bb67d0,1,SUCCESS,2852,12345,21,123,123,32,30,0
EQ,12345,0,4,45,0x1ca60615,0xd753b84a,0x44bb67d0,1,SUCCESS,2852,12345,20,102,102,33,30,0
EQ,12345,0,4,46,0xa085c93e,0x19b8504d,0x44bb67d0,1,SUCCESS,507,12345,18,68,68,18,16,0
EQ,12345,0,4,47,0x18190603,0xad0438b2,0x44bb67d0,1,SUCCESS,8685,12345,19,76,76,26,25,0
EQ,12345,0,4,48,0xc1143c78,0xbbdab3cd,0x44bb67d0,1,SUCCESS,2852,12345,22,95,95,35,32,0
EQ,12345,0,4,49,0x332063fc,0x222ba57c,0x44bb67d0,1,SUCCESS,507,12345,16,44,44,12,12,0
EQ,12345,0,4,50,0xd6f4066b,0xab9eb714,0x44bb67d0,1,SUCCESS,8685,12345,12,9,9,2,2,0
EQ,12345,0,4,51,0x64b9628c,0x9cd8b518,0x44bb67d0,1,SUCCESS,4724,12345,21,111,111,23,23,0
EQ,12345,0,4,52,0x894e6771,0x8a255c2e,0x44bb67d0,1,SUCCESS,2852,12345,18,73,73,21,21,0
EQ,12345,0,4,53,0xe3e668e8,0xff1f20c3,0x44bb67d0,1,SUCCESS,4724,12345,20,77,77,26,25,0
EQ,12345,0,4,54,0x36980406,0xfbdbfa61,0x44bb67d0,1,SUCCESS,2852,12345,24,217,217,66,61,21
EQ,12345,0,4,55,0x114d2b4a,0xa617ad4e,0x44bb67d0,1,SUCCESS,507,12345,23,124,124,52,48,0
EQ,12345,0,4,56,0x3b8907e1,0x0c6cbd10,0x44bb67d0,1,SUCCESS,8685,12345,19,59,59,21,20,0
EQ,12345,0,4,57,0x2cd09c1d,0x964fb1a7,0x44bb67d0,1,SUCCESS,4724,12345,22,166,166,42,40,0
EQ,12345,0,4,58,0x6d7a8604,0xbd6f99c6,0x44bb67d0,1,SUCCESS,507,12345,21,97,97,21,18,0
EQ,12345,0,4,59,0x1fadaf42,0x60010aa3,0x44bb67d0,1,SUCCESS,2852,12345,20,86,86,25,20,0
EQ,12345,0,4,60,0x92fe7cfd,0xb54e2773,0x44bb67d0,1,SUCCESS,507,12345,18,84,84,23,21,0
EQ,12345,0,4,61,0x1aecb060,0x9c545eba,0x44bb67d0,1,SUCCESS,507,12345,22,123,123,48,40,0
EQ,12345,0,4,62,0x91778cc3,0xbd1d1bc0,0x44bb67d0,1,SUCCESS,2852,12345,23,153,153,34,33,0
EQ,12345,0,4,63,0xe6b7e7eb,0xd542988e,0x44bb67d0,1,SUCCESS,2852,12345,18,54,54,11,10,0
EQ,12345,0,4,64,0x6770144c,0xd2d3c6e7,0x44bb67d0,1,SUCCESS,507,12345,19,64,64,16,14,0
EQ,12345,0,4,65,0xc600a248,0x0a1e0844,0x44bb67d0,1,SUCCESS,8685,12345,23,131,131,64,55,0
EQ,12345,0,4,66,0x1ea4f830,0x2ef0f28e,0x44bb67d0,1,SUCCESS,4724,12345,25,172,172,65,53,0
EQ,12345,0,4,67,0x639604f3,0x7fe04f83,0x44bb67d0,1,SUCCESS,8685,12345,16,30,30,9,6,0
EQ,12345,0,4,68,0x6e084a84,0xb643b17e,0x44bb67d0,1,SUCCESS,2852,12345,21,81,81,31,27,0
EQ,12345,0,4,69,0x3d7fc476,0x467d7a44,0x44bb67d0,1,SUCCESS,8685,12345,22,106,106,27,25,0
EQ,12345,0,4,70,0xedca3875,0xefade11e,0x44bb67d0,1,SUCCESS,2852,12345,23,119,119,42,32,0
EQ,12345,0,4,71,0xb883121d,0x095c678c,0x44bb67d0,1,SUCCESS,2852,12345,22,124,124,40,37,0
EQ,12345,0,4,72,0xace22797,0xbc422a9a,0x44bb67d0,1,SUCCESS,507,12345,12,15,15,4,4,0
EQ,12345,0,4,73,0xefd3172d,0x8c2c3233,0x44bb67d0,1,SUCCESS,2852,12345,20,66,66,18,17,0
EQ,12345,0,4,74,0xe6aacdb5,0x7f1c158a,0x44bb67d0,1,SUCCESS,507,12345,21,145,145,33,33,0
EQ,12345,0,4,75,0x6566c598,0xca804b00,0x44bb67d0,1,SUCCESS,2852,12345,9,9,9,4,4,0
EQ,12345,0,4,76,0x4e646d9d,0xcbae5ac0,0x44bb67d0,1,SUCCESS,2852,12345,16,47,47,13,11,0
EQ,12345,0,4,77,0x05d81d6f,0x260c4013,0x44bb67d0,1,SUCCESS,507,12345,18,67,67,22,22,0
EQ,12345,0,4,78,0x2018f6a3,0x5728c7f4,0x44bb67d0,1,SUCCESS,4724,12345,25,177,177,69,55,0
EQ,12345,0,4,79,0x718ebf0c,0x4d7d460c,0x44bb67d0,1,SUCCESS,2852,12345,22,90,90,31,21,0
EQ,12345,0,4,80,0x042a8f17,0x2093b3f4,0x44bb67d0,1,SUCCESS,8685,12345,24,175,175,48,44,0
EQ,12345,0,4,81,0xfc1c775d,0x35bd20f1,0x44bb67d0,1,SUCCESS,8685,12345,9,12,12,3,3,0
EQ,12345,0,4,82,0x16b93b63,0x7d609ba5,0x44bb67d0,1,SUCCESS,8685,12345,12,18,18,5,5,0
EQ,12345,0,4,83,0x8ce1028e,0xb152e7ef,0x44bb67d0,1,SUCCESS,8685,12345,14,23,23,9,8,0
EQ,12345,0,4,84,0x87bad980,0x7dbefa97,0x44bb67d0,1,SUCCESS,4724,12345,21,132,132,28,25,0
EQ,12345,0,4,85,0xd63d86f3,0xf5399cca,0x44bb67d0,1,SUCCESS,4724,12345,20,91,91,29,24,0
EQ,12345,0,4,86,0xeeaba102,0x01560fc0,0x44bb67d0,1,SUCCESS,8685,12345,21,91,91,20,20,0
EQ,12345,0,4,87,0xc1fee4bb,0xc7e12d58,0x44bb67d0,1,SUCCESS,4724,12345,19,89,89,20,20,0
EQ,12345,0,4,88,0x0707c9da,0xf644a3f9,0x44bb67d0,1,SUCCESS,8685,12345,16,48,48,16,15,0
EQ,12345,0,4,89,0xde0d9c30,0x58a2ee8f,0x44bb67d0,1,SUCCESS,507,12345,16,41,41,8,8,0
EQ,12345,0,4,90,0x7cd0efc7,0x9f385cfb,0x44bb67d0,1,SUCCESS,8685,12345,18,54,54,24,21,0
EQ,12345,0,4,91,0xe4cb50a6,0x94d13729,0x44bb67d0,1,SUCCESS,507,12345,17,53,53,18,18,0
EQ,12345,0,4,92,0xa0882219,0x18f75d24,0x44bb67d0,1,SUCCESS,2852,12345,11,13,13,6,6,0
EQ,12345,0,4,93,0xc435e6f2,0xf75a52bc,0x44bb67d0,1,SUCCESS,8685,12345,20,96,96,25,23,0
EQ,12345,0,4,94,0x011b63f0,0x0aa34346,0x44bb67d0,1,SUCCESS,4724,12345,19,71,71,27,22,0
EQ,12345,0,4,95,0x1b456e77,0xee460f94,0x44bb67d0,1,SUCCESS,8685,12345,17,47,47,18,18,0
EQ,12345,0,4,96,0x10088608,0xef418331,0x44bb67d0,1,SUCCESS,8685,12345,19,74,74,18,18,0
EQ,12345,0,4,97,0x6fcfc352,0xf8fa9f4c,0x44bb67d0,1,SUCCESS,2852,12345,22,124,124,28,26,0
EQ,12345,0,4,98,0xfb6077af,0x713595a9,0x44bb67d0,1,SUCCESS,8685,12345,20,102,102,20,20,0
EQ,12345,0,4,99,0xc6ebb72e,0x08fdf109,0x44bb67d0,1,SUCCESS,8685,12345,16,42,42,14,14,0
EQ,12345,0,16,0,0x7b1dcdaf,0x24370df2,0x7527279e,1,SUCCESS,4512,12345,11,15,15,3,3,3
EQ,12345,0,16,1,0x3a85a4dc,0xa3b9aa35,0x7527279e,1,SUCCESS,507,12345,15,23,23,9,9,6
EQ,12345,0,16,2,0x6162a8b2,0x871c276f,0x7527279e,1,SUCCESS,10593,12345,17,56,56,16,16,7
EQ,12345,0,16,3,0xc3adc34e,0xf5b8f22b,0x7527279e,1,SUCCESS,5281,12345,18,56,56,21,18,2
EQ,12345,0,16,4,0x2bb073ff,0x3f8396e3,0x7527279e,1,SUCCESS,4512,12345,14,27,27,7,7,0
EQ,12345,0,16,5,0xda585ab3,0xa7197ad7,0x7527279e,1,SUCCESS,10839,12345,15,18,18,5,5,0
EQ,12345,0,16,6,0x0ed109c0,0x5701ce52,0x7527279e,1,SUCCESS,3947,12345,17,68,68,18,17,0
EQ,12345,0,16,7,0x102ecf73,0x53c7612b,0x7527279e,1,SUCCESS,5281,12345,12,25,25,7,7,0
EQ,12345,0,16,8,0xcf29b6a1,0x35231a84,0x7527279e,1,SUCCESS,2852,12345,14,32,32,7,7,0
EQ,12345,0,16,9,0xc49cbb42,0xd0a3bbb8,0x7527279e,1,SUCCESS,3947,12345,12,20,20,6,6,0
EQ,12345,0,16,10,0x4cc51d23,0xee0e3ab4,0x7527279e,1,SUCCESS,14405,12345,15,35,35,11,11,0
EQ,12345,0,16,11,0xf9e8aa7a,0x3208c31a,0x7527279e,1,SUCCESS,1721,12345,17,57,57,11,10,0
EQ,12345,0,16,12,0xdda8b051,0xc8105c9d,0x7527279e,1,SUCCESS,5281,12345,16,28,28,12,10,0
EQ,12345,0,16,13,0xabfb11bf,0xf5dec75e,0x7527279e,1,SUCCESS,10593,12345,16,43,43,10,8,0
EQ,12345,0,16,14,0x20639811,0x6b6a7c47,0x7527279e,1,SUCCESS,4724,12345,19,71,71,17,14,0
EQ,12345,0,16,15,0xac72acd2,0xca84bc6c,0x7527279e,1,SUCCESS,14405,12345,21,85,85,39,34,16
EQ,12345,0,16,16,0x49a2da79,0xe1376725,0x7527279e,1,SUCCESS,10931,12345,13,30,30,8,8,0
EQ,12345,0,16,17,0x63a4e9d7,0x6166dba4,0x7527279e,1,SUCCESS,5281,12345,11,13,13,4,4,0
EQ,12345,0,16,18,0x8983f102,0x43fb6183,0x7527279e,1,SUCCESS,5281,12345,14,27,27,9,9,0
EQ,12345,0,16,19,0xb671aa78,0xc97ad8a2,0x7527279e,1,SUCCESS,10931,12345,21,82,82,33,26,0
EQ,12345,0,16,20,0xdaeb566a,0x989e5b3d,0x7527279e,1,SUCCESS,10931,12345,17,58,58,13,13,0
EQ,12345,0,16,21,0xf6181c00,0xa345ac4b,0x7527279e,1,SUCCESS,7786,12345,19,67,67,18,15,0
EQ,12345,0,16,22,0x4e18d852,0xa08980df,0x7527279e,1,SUCCESS,491,12345,15,37,37,9,9,0
EQ,12345,0,16,23,0xa035ceba,0x611de4c4,0x7527279e,1,SUCCESS,8685,12345,12,21,21,7,7,0
EQ,12345,0,16,24,0xc2416ee4,0x7323f479,0x7527279e,1,SUCCESS,7786,12345,16,47,47,15,12,0
EQ,12345,0,16,25,0xfbdafbdd,0xa0c0cf2f,0x7527279e,1,SUCCESS,491,12345,9,6,6,2,2,0
EQ,12345,0,16,26,0xa43fbf47,0x8de97b10,0x7527279e,1,SUCCESS,4512,12345,15,29,29,10,10,0
EQ,12345,0,16,27,0x6811f7c1,0xcb07044a,0x7527279e,1,SUCCESS,3947,12345,14,32,32,10,10,0
EQ,12345,0,16,28,0x610dde2c,0x8cf5deb9,0x7527279e,1,SUCCESS,5281,12345,11,17,17,5,5,0
EQ,12345,0,16,29,0x82241b87,0xbbe27f39,0x7527279e,1,SUCCESS,7786,12345,14,30,30,6,6,0
EQ,12345,0,16,30,0x48647490,0xea9551eb,0x7527279e,1,SUCCESS,3947,12345,15,26,26,7,7,0
EQ,12345,0,16,31,0x63df3b7f,0xa8b057e1,0x7527279e,1,SUCCESS,2852,12345,14,35,35,9,9,0
EQ,12345,0,16,32,0x433125bb,0x3221fef0,0x7527279e,1,SUCCESS,5281,12345,21,70,70,26,23,0
EQ,12345,0,16,33,0x7943be40,0x6641ee79,0x7527279e,1,SUCCESS,491,12345,13,23,23,6,6,0
EQ,12345,0,16,34,0x26c93252,0x675d2908,0x7527279e,1,SUCCESS,8685,12345,11,17,17,4,4,0
EQ,12345,0,16,35,0xdbe3ed49,0xa7cfea56,0x7527279e,1,SUCCESS,10593,12345,15,30,30,12,12,0
EQ,12345,0,16,36,0xc2ec9bb4,0xbfc0ae9e,0x7527279e,1,SUCCESS,10931,12345,7,5,5,2,2,0
EQ,12345,0,16,37,0xe7ec8559,0x307064ac,0x7527279e,1,SUCCESS,491,12345,2,1,1,1,1,0
EQ,12345,0,16,38,0xccb88b54,0x2cf00158,0x7527279e,1,SUCCESS,15288,12345,15,40,40,9,9,0
EQ,12345,0,16,39,0xb512e6a4,0x2b9e708c,0x7527279e,1,SUCCESS,15288,12345,18,71,71,22,22,0
EQ,12345,0,16,40,0x7e2c3d82,0xa69fb195,0x7527279e,1,SUCCESS,507,12345,18,48,48,13,12,0
EQ,12345,0,16,41,0x58b3e5ad,0x23a21253,0x7527279e,1,SUCCESS,491,12345,14,29,29,9,9,0
EQ,12345,0,16,42,0x9a07c40b,0x3ea78d8c,0x7527279e,1,SUCCESS,4512,12345,17,57,57,15,15,0
EQ,12345,0,16,43,0xf1f9a54b,0x7b00db61,0x7527279e,1,SUCCESS,10839,12345,8,6,6,3,3,0
EQ,12345,0,16,44,0xfba6212d,0xb8b8356a,0x7527279e,1,SUCCESS,2852,12345,20,93,93,21,19,0
EQ,12345,0,16,45,0x1ca60615,0xd753b84a,0x7527279e,1,SUCCESS,7786,12345,12,21,21,7,7,0
EQ,12345,0,16,46,0xa085c93e,0x19b8504d,0x7527279e,1,SUCCESS,5281,12345,18,68,68,18,16,0
EQ,12345,0,16,47,0x18190603,0xad0438b2,0x7527279e,1,SUCCESS,1801,12345,15,30,30,13,12,0
EQ,12345,0,16,48,0xc1143c78,0xbbdab3cd,0x7527279e,1,SUCCESS,15288,12345,13,13,13,6,6,0
EQ,12345,0,16,49,0x332063fc,0x222ba57c,0x7527279e,1,SUCCESS,15288,12345,16,44,44,12,12,0
EQ,12345,0,16,50,0xd6f4066b,0xab9eb714,0x7527279e,1,SUCCESS,8685,12345,18,48,48,16,13,0
EQ,12345,0,16,51,0x64b9628c,0x9cd8b518,0x7527279e,1,SUCCESS,10931,12345,16,43,43,9,9,0
EQ,12345,0,16,52,0x894e6771,0x8a255c2e,0x7527279e,1,SUCCESS,10931,12345,16,43,43,15,15,0
EQ,12345,0,16,53,0xe3e668e8,0xff1f20c3,0x7527279e,1,SUCCESS,1801,12345,17,33,33,9,9,0
EQ,12345,0,16,54,0x36980406,0xfbdbfa61,0x7527279e,1,SUCCESS,5281,12345,22,121,121,29,24,0
EQ,12345,0,16,55,0x114d2b4a,0xa617ad4e,0x7527279e,1,SUCCESS,10931,12345,16,33,33,8,7,0
EQ,12345,0,16,56,0x3b8907e1,0x0c6cbd10,0x7527279e,1,SUCCESS,10931,12345,10,10,10,3,3,0
EQ,12345,0,16,57,0x2cd09c1d,0x964fb1a7,0x7527279e,1,SUCCESS,7786,12345,17,61,61,14,14,0
EQ,12345,0,16,58,0x6d7a8604,0xbd6f99c6,0x7527279e,1,SUCCESS,1721,12345,15,37,37,12,12,0
EQ,12345,0,16,59,0x1fadaf42,0x60010aa3,0x7527279e,1,SUCCESS,7786,12345,16,49,49,15,15,0
EQ,12345,0,16,60,0x92fe7cfd,0xb54e2773,0x7527279e,1,SUCCESS,7786,12345,18,84,84,23,21,0
EQ,12345,0,16,61,0x1aecb060,0x9c545eba,0x7527279e,1,SUCCESS,14405,12345,21,83,83,27,19,0
EQ,12345,0,16,62,0x91778cc3,0xbd1d1bc0,0x7527279e,1,SUCCESS,491,12345,19,77,77,15,14,0
EQ,12345,0,16,63,0xe6b7e7eb,0xd542988e,0x7527279e,1,SUCCESS,7786,12345,16,42,42,11,10,0
EQ,12345,0,16,64,0x6770144c,0xd2d3c6e7,0x7527279e,1,SUCCESS,10931,12345,16,32,32,12,11,0
EQ,12345,0,16,65,0xc600a248,0x0a1e0844,0x7527279e,1,SUCCESS,10839,12345,21,67,67,27,22,0
EQ,12345,0,16,66,0x1ea4f830,0x2ef0f28e,0x7527279e,1,SUCCESS,491,12345,15,45,45,12,12,0
EQ,12345,0,16,67,0x639604f3,0x7fe04f83,0x7527279e,1,SUCCESS,8685,12345,16,30,30,9,6,0
EQ,12345,0,16,68,0x6e084a84,0xb643b17e,0x7527279e,1,SUCCESS,3947,12345,21,81,81,31,27,0
EQ,12345,0,16,69,0x3d7fc476,0x467d7a44,0x7527279e,1,SUCCESS,5281,12345,17,36,36,12,11,0
EQ,12345,0,16,70,0xedca3875,0xefade11e,0x7527279e,1,SUCCESS,2852,12345,4,3,3,1,1,0
EQ,12345,0,16,71,0xb883121d,0x095c678c,0x7527279e,1,SUCCESS,2852,12345,16,27,27,12,11,0
EQ,12345,0,16,72,0xace22797,0xbc422a9a,0x7527279e,1,SUCCESS,491,12345,12,15,15,4,4,0
EQ,12345,0,16,73,0xefd3172d,0x8c2c3233,0x7527279e,1,SUCCESS,1721,12345,17,35,35,10,10,0
EQ,12345,0,16,74,0xe6aacdb5,0x7f1c158a,0x7527279e,1,SUCCESS,10593,12345,10,15,15,5,5,0
EQ,12345,0,16,75,0x6566c598,0xca804b00,0x7527279e,1,SUCCESS,15288,12345,14,31,31,6,6,0
EQ,12345,0,16,76,0x4e646d9d,0xcbae5ac0,0x7527279e,1,SUCCESS,2852,12345,10,13,13,4,4,0
EQ,12345,0,16,77,0x05d81d6f,0x260c4013,0x7527279e,1,SUCCESS,8685,12345,15,31,31,9,9,0
EQ,12345,0,16,78,0x2018f6a3,0x5728c7f4,0x7527279e,1,SUCCESS,15288,12345,17,41,41,9,9,0
EQ,12345,0,16,79,0x718ebf0c,0x4d7d460c,0x7527279e,1,SUCCESS,491,12345,16,43,43,16,15,0
EQ,12345,0,16,80,0x042a8f17,0x2093b3f4,0x7527279e,1,SUCCESS,491,12345,12,16,16,5,5,0
EQ,12345,0,16,81,0xfc1c775d,0x35bd20f1,0x7527279e,1,SUCCESS,8685,12345,9,12,12,3,3,0
EQ,12345,0,16,82,0x16b93b63,0x7d609ba5,0x7527279e,1,SUCCESS,8685,12345,12,18,18,5,5,0
EQ,12345,0,16,83,0x8ce1028e,0xb152e7ef,0x7527279e,1,SUCCESS,2852,12345,10,12,12,5,5,0
EQ,12345,0,16,84,0x87bad980,0x7dbefa97,0x7527279e,1,SUCCESS,7786,12345,18,66,66,23,20,0
EQ,12345,0,16,85,0xd63d86f3,0xf5399cca,0x7527279e,1,SUCCESS,2852,12345,18,44,44,17,12,0
EQ,12345,0,16,86,0xeeaba102,0x01560fc0,0x7527279e,1,SUCCESS,7786,12345,15,36,36,9,9,0
EQ,12345,0,16,87,0xc1fee4bb,0xc7e12d58,0x7527279e,1,SUCCESS,7786,12345,16,46,46,13,13,0
EQ,12345,0,16,88,0x0707c9da,0xf644a3f9,0x7527279e,1,SUCCESS,10593,12345,16,48,48,16,15,0
EQ,12345,0,16,89,0xde0d9c30,0x58a2ee8f,0x7527279e,1,SUCCESS,5281,12345,14,27,27,8,8,0
EQ,12345,0,16,90,0x7cd0efc7,0x9f385cfb,0x7527279e,1,SUCCESS,5281,12345,18,54,54,24,21,0
EQ,12345,0,16,91,0xe4cb50a6,0x94d13729,0x7527279e,1,SUCCESS,10931,12345,17,53,53,18,18,0
EQ,12345,0,16,92,0xa0882219,0x18f75d24,0x7527279e,1,SUCCESS,507,12345,20,86,86,25,22,0
EQ,12345,0,16,93,0xc435e6f2,0xf75a52bc,0x7527279e,1,SUCCESS,5281,12345,15,45,45,10,10,0
EQ,12345,0,16,94,0x011b63f0,0x0aa34346,0x7527279e,1,SUCCESS,1721,12345,17,40,40,14,9,0
EQ,12345,0,16,95,0x1b456e77,0xee460f94,0x7527279e,1,SUCCESS,4724,12345,10,12,12,5,5,0
EQ,12345,0,16,96,0x10088608,0xef418331,0x7527279e,1,SUCCESS,4724,12345,17,42,42,11,11,0
EQ,12345,0,16,97,0x6fcfc352,0xf8fa9f4c,0x7527279e,1,SUCCESS,1801,12345,16,33,33,16,14,0
EQ,12345,0,16,98,0xfb6077af,0x713595a9,0x7527279e,1,SUCCESS,1801,12345,13,20,20,7,7,0
EQ,12345,0,16,99,0xc6ebb72e,0x08fdf109,0x7527279e,1,SUCCESS,15288,12345,21,101,101,31,31,0
EQ,12345,0,64,0,0x7b1dcdaf,0x24370df2,0xefb2e98e,1,SUCCESS,2852,12345,6,4,4,2,2,2
EQ,12345,0,64,1,0x3a85a4dc,0xa3b9aa35,0xefb2e98e,1,SUCCESS,8685,12345,13,14,14,5,5,3
EQ,12345,0,64,2,0x6162a8b2,0x871c276f,0xefb2e98e,1,SUCCESS,8089,12345,7,3,3,2,2,0
EQ,12345,0,64,3,0xc3adc34e,0xf5b8f22b,0xefb2e98e,1,SUCCESS,4876,12345,13,19,19,5,5,0
EQ,12345,0,64,4,0x2bb073ff,0x3f8396e3,0xefb2e98e,1,SUCCESS,4720,12345,8,4,4,2,2,0
EQ,12345,0,64,5,0xda585ab3,0xa7197ad7,0xefb2e98e,1,SUCCESS,4876,12345,18,40,40,12,11,6
EQ,12345,0,64,6,0x0ed109c0,0x5701ce52,0xefb2e98e,1,SUCCESS,7786,12345,12,24,24,6,6,0
EQ,12345,0,64,7,0x102ecf73,0x53c7612b,0xefb2e98e,1,SUCCESS,1801,12345,12,25,25,7,7,0
EQ,12345,0,64,8,0xcf29b6a1,0x35231a84,0xefb2e98e,1,SUCCESS,3304,12345,11,13,13,5,5,0
EQ,12345,0,64,9,0xc49cbb42,0xd0a3bbb8,0xefb2e98e,1,SUCCESS,12001,12345,1,0,0,0,0,0
EQ,12345,0,64,10,0x4cc51d23,0xee0e3ab4,0xefb2e98e,1,SUCCESS,8685,12345,5,4,4,2,2,0
EQ,12345,0,64,11,0xf9e8aa7a,0x3208c31a,0xefb2e98e,1,SUCCESS,682,12345,12,19,19,7,7,0
EQ,12345,0,64,12,0xdda8b051,0xc8105c9d,0xefb2e98e,1,SUCCESS,26,12345,14,20,20,10,10,0
EQ,12345,0,64,13,0xabfb11bf,0xf5dec75e,0xefb2e98e,1,SUCCESS,9302,12345,11,17,17,4,4,0
EQ,12345,0,64,14,0x20639811,0x6b6a7c47,0xefb2e98e,1,SUCCESS,14567,12345,12,19,19,6,6,0
EQ,12345,0,64,15,0xac72acd2,0xca84bc6c,0xefb2e98e,1,SUCCESS,7400,12345,10,7,7,4,4,0
EQ,12345,0,64,16,0x49a2da79,0xe1376725,0xefb2e98e,1,SUCCESS,10839,12345,13,30,30,8,8,0
EQ,12345,0,64,17,0x63a4e9d7,0x6166dba4,0xefb2e98e,1,SUCCESS,6247,12345,7,6,6,2,2,0
EQ,12345,0,64,18,0x8983f102,0x43fb6183,0xefb2e98e,1,SUCCESS,14542,12345,9,8,8,4,4,0
EQ,12345,0,64,19,0xb671aa78,0xc97ad8a2,0xefb2e98e,1,SUCCESS,4724,12345,11,16,16,6,6,0
EQ,12345,0,64,20,0xdaeb566a,0x989e5b3d,0xefb2e98e,1,SUCCESS,14542,12345,13,20,20,5,5,0
EQ,12345,0,64,21,0xf6181c00,0xa345ac4b,0xefb2e98e,1,SUCCESS,11647,12345,13,18,18,6,6,0
EQ,12345,0,64,22,0x4e18d852,0xa08980df,0xefb2e98e,1,SUCCESS,4724,12345,8,6,6,3,3,0
EQ,12345,0,64,23,0xa035ceba,0x611de4c4,0xefb2e98e,1,SUCCESS,16090,12345,10,13,13,5,5,0
EQ,12345,0,64,24,0xc2416ee4,0x7323f479,0xefb2e98e,1,SUCCESS,2888,12345,3,2,2,1,1,0
EQ,12345,0,64,25,0xfbdafbdd,0xa0c0cf2f,0xefb2e98e,1,SUCCESS,3073,12345,6,3,3,2,2,0
EQ,12345,0,64,26,0xa43fbf47,0x8de97b10,0xefb2e98e,1,SUCCESS,8225,12345,12,13,13,6,6,0
EQ,12345,0,64,27,0x6811f7c1,0xcb07044a,0xefb2e98e,1,SUCCESS,173,12345,10,11,11,2,2,0
EQ,12345,0,64,28,0x610dde2c,0x8cf5deb9,0xefb2e98e,1,SUCCESS,10593,12345,10,14,14,5,5,0
EQ,12345,0,64,29,0x82241b87,0xbbe27f39,0xefb2e98e,1,SUCCESS,14542,12345,7,6,6,2,2,0
EQ,12345,0,64,30,0x48647490,0xea9551eb,0xefb2e98e,1,SUCCESS,3903,12345,11,11,11,3,3,0
EQ,12345,0,64,31,0x63df3b7f,0xa8b057e1,0xefb2e98e,1,SUCCESS,160,12345,11,19,19,5,5,0
EQ,12345,0,64,32,0x433125bb,0x3221fef0,0xefb2e98e,1,SUCCESS,4720,12345,2,1,1,1,1,0
EQ,12345,0,64,33,0x7943be40,0x6641ee79,0xefb2e98e,1,SUCCESS,160,12345,4,1,1,1,1,0
EQ,12345,0,64,34,0x26c93252,0x675d2908,0xefb2e98e,1,SUCCESS,6247,12345,10,13,13,4,4,0
EQ,12345,0,64,35,0xdbe3ed49,0xa7cfea56,0xefb2e98e,1,SUCCESS,7400,12345,13,18,18,8,8,0
EQ,12345,0,64,36,0xc2ec9bb4,0xbfc0ae9e,0xefb2e98e,1,SUCCESS,5531,12345,14,23,23,9,9,0
EQ,12345,0,64,37,0xe7ec8559,0x307064ac,0xefb2e98e,1,SUCCESS,8225,12345,16,28,28,9,7,0
EQ,12345,0,64,38,0xccb88b54,0x2cf00158,0xefb2e98e,1,SUCCESS,10931,12345,10,17,17,5,5,0
EQ,12345,0,64,39,0xb512e6a4,0x2b9e708c,0xefb2e98e,1,SUCCESS,2888,12345,11,13,13,3,3,0
EQ,12345,0,64,40,0x7e2c3d82,0xa69fb195,0xefb2e98e,1,SUCCESS,11272,12345,10,9,9,4,4,0
EQ,12345,0,64,41,0x58b3e5ad,0x23a21253,0xefb2e98e,1,SUCCESS,4512,12345,6,5,5,2,2,0
EQ,12345,0,64,42,0x9a07c40b,0x3ea78d8c,0xefb2e98e,1,SUCCESS,507,12345,10,8,8,5,5,0
EQ,12345,0,64,43,0xf1f9a54b,0x7b00db61,0xefb2e98e,1,SUCCESS,11272,12345,10,12,12,5,5,0
EQ,12345,0,64,44,0xfba6212d,0xb8b8356a,0xefb2e98e,1,SUCCESS,7400,12345,11,8,8,3,3,0
EQ,12345,0,64,45,0x1ca60615,0xd753b84a,0xefb2e98e,1,SUCCESS,7786,12345,11,14,14,4,4,0
EQ,12345,0,64,46,0xa085c93e,0x19b8504d,0xefb2e98e,1,SUCCESS,6247,12345,9,10,10,4,4,0
EQ,12345,0,64,47,0x18190603,0xad0438b2,0xefb2e98e,1,SUCCESS,5200,12345,15,30,30,13,12,1
EQ,12345,0,64,48,0xc1143c78,0xbbdab3cd,0xefb2e98e,1,SUCCESS,15288,12345,13,13,13,6,6,0
EQ,12345,0,64,49,0x332063fc,0x222ba57c,0xefb2e98e,1,SUCCESS,10234,12345,11,11,11,5,5,0
EQ,12345,0,64,50,0xd6f4066b,0xab9eb714,0xefb2e98e,1,SUCCESS,1038,12345,16,32,32,12,12,0
EQ,12345,0,64,51,0x64b9628c,0x9cd8b518,0xefb2e98e,1,SUCCESS,14405,12345,8,10,10,3,3,0
EQ,12345,0,64,52,0x894e6771,0x8a255c2e,0xefb2e98e,1,SUCCESS,16090,12345,16,43,43,15,15,3
EQ,12345,0,64,53,0xe3e668e8,0xff1f20c3,0xefb2e98e,1,SUCCESS,15469,12345,13,21,21,7,7,0
EQ,12345,0,64,54,0x36980406,0xfbdbfa61,0xefb2e98e,1,SUCCESS,14405,12345,9,13,13,4,4,0
EQ,12345,0,64,55,0x114d2b4a,0xa617ad4e,0xefb2e98e,1,SUCCESS,11647,12345,2,1,1,1,1,0
EQ,12345,0,64,56,0x3b8907e1,0x0c6cbd10,0xefb2e98e,1,SUCCESS,7786,12345,7,4,4,2,2,0
EQ,12345,0,64,57,0x2cd09c1d,0x964fb1a7,0xefb2e98e,1,SUCCESS,3876,12345,12,15,15,5,5,0
EQ,12345,0,64,58,0x6d7a8604,0xbd6f99c6,0xefb2e98e,1,SUCCESS,8225,12345,5,4,4,2,2,0
EQ,12345,0,64,59,0x1fadaf42,0x60010aa3,0xefb2e98e,1,SUCCESS,8225,12345,11,14,14,4,4,0
EQ,12345,0,64,60,0x92fe7cfd,0xb54e2773,0xefb2e98e,1,SUCCESS,3903,12345,2,1,1,1,1,0
EQ,12345,0,64,61,0x1aecb060,0x9c545eba,0xefb2e98e,1,SUCCESS,13012,12345,10,13,13,3,3,0
EQ,12345,0,64,62,0x91778cc3,0xbd1d1bc0,0xefb2e98e,1,SUCCESS,15288,12345,5,4,4,2,2,0
EQ,12345,0,64,63,0xe6b7e7eb,0xd542988e,0xefb2e98e,1,SUCCESS,14567,12345,10,11,11,5,5,0
EQ,12345,0,64,64,0x6770144c,0xd2d3c6e7,0xefb2e98e,1,SUCCESS,1801,12345,10,10,10,4,4,0
EQ,12345,0,64,65,0xc600a248,0x0a1e0844,0xefb2e98e,1,SUCCESS,26,12345,15,28,28,7,6,0
EQ,12345,0,64,66,0x1ea4f830,0x2ef0f28e,0xefb2e98e,1,SUCCESS,9302,12345,13,26,26,8,8,0
EQ,12345,0,64,67,0x639604f3,0x7fe04f83,0xefb2e98e,1,SUCCESS,682,12345,11,15,15,5,5,0
EQ,12345,0,64,68,0x6e084a84,0xb643b17e,0xefb2e98e,1,SUCCESS,1825,12345,12,24,24,6,6,0
EQ,12345,0,64,69,0x3d7fc476,0x467d7a44,0xefb2e98e,1,SUCCESS,8225,12345,15,23,23,5,5,0
EQ,12345,0,64,70,0xedca3875,0xefade11e,0xefb2e98e,1,SUCCESS,5531,12345,15,40,40,12,12,0
EQ,12345,0,64,71,0xb883121d,0x095c678c,0xefb2e98e,1,SUCCESS,2852,12345,16,27,27,12,11,0
EQ,12345,0,64,72,0xace22797,0xbc422a9a,0xefb2e98e,1,SUCCESS,13048,12345,13,20,20,5,5,0
EQ,12345,0,64,73,0xefd3172d,0x8c2c3233,0xefb2e98e,1,SUCCESS,701,12345,17,35,35,10,10,0
EQ,12345,0,64,74,0xe6aacdb5,0x7f1c158a,0xefb2e98e,1,SUCCESS,507,12345,16,48,48,13,13,0
EQ,12345,0,64,75,0x6566c598,0xca804b00,0xefb2e98e,1,SUCCESS,10812,12345,7,5,5,1,1,0
EQ,12345,0,64,76,0x4e646d9d,0xcbae5ac0,0xefb2e98e,1,SUCCESS,1801,12345,15,36,36,12,10,0
EQ,12345,0,64,77,0x05d81d6f,0x260c4013,0xefb2e98e,1,SUCCESS,701,12345,8,8,8,3,3,0
EQ,12345,0,64,78,0x2018f6a3,0x5728c7f4,0xefb2e98e,1,SUCCESS,5281,12345,6,5,5,2,2,0
EQ,12345,0,64,79,0x718ebf0c,0x4d7d460c,0xefb2e98e,1,SUCCESS,8089,12345,16,43,43,16,15,0
EQ,12345,0,64,80,0x042a8f17,0x2093b3f4,0xefb2e98e,1,SUCCESS,8799,12345,8,4,4,2,2,0
EQ,12345,0,64,81,0xfc1c775d,0x35bd20f1,0xefb2e98e,1,SUCCESS,7786,12345,7,6,6,2,2,0
EQ,12345,0,64,82,0x16b93b63,0x7d609ba5,0xefb2e98e,1,SUCCESS,10234,12345,11,15,15,5,5,0
EQ,12345,0,64,83,0x8ce1028e,0xb152e7ef,0xefb2e98e,1,SUCCESS,5270,12345,14,23,23,9,8,0
EQ,12345,0,64,84,0x87bad980,0x7dbefa97,0xefb2e98e,1,SUCCESS,14494,12345,3,1,1,1,1,0
EQ,12345,0,64,85,0xd63d86f3,0xf5399cca,0xefb2e98e,1,SUCCESS,5200,12345,10,13,13,3,3,0
EQ,12345,0,64,86,0xeeaba102,0x01560fc0,0xefb2e98e,1,SUCCESS,586,12345,12,19,19,6,6,0
EQ,12345,0,64,87,0xc1fee4bb,0xc7e12d58,0xefb2e98e,1,SUCCESS,10593,12345,13,23,23,8,8,0
EQ,12345,0,64,88,0x0707c9da,0xf644a3f9,0xefb2e98e,1,SUCCESS,7786,12345,13,25,25,6,6,0
EQ,12345,0,64,89,0xde0d9c30,0x58a2ee8f,0xefb2e98e,1,SUCCESS,10931,12345,10,13,13,5,5,0
EQ,12345,0,64,90,0x7cd0efc7,0x9f385cfb,0xefb2e98e,1,SUCCESS,16090,12345,13,12,12,6,6,0
EQ,12345,0,64,91,0xe4cb50a6,0x94d13729,0xefb2e98e,1,SUCCESS,13048,12345,14,18,18,8,8,0
EQ,12345,0,64,92,0xa0882219,0x18f75d24,0xefb2e98e,1,SUCCESS,5341,12345,3,1,1,1,1,0
EQ,12345,0,64,93,0xc435e6f2,0xf75a52bc,0xefb2e98e,1,SUCCESS,13012,12345,10,14,14,3,3,0
EQ,12345,0,64,94,0x011b63f0,0x0aa34346,0xefb2e98e,1,SUCCESS,507,12345,13,21,21,7,7,0
EQ,12345,0,64,95,0x1b456e77,0xee460f94,0xefb2e98e,1,SUCCESS,507,12345,20,75,75,25,18,3
EQ,12345,0,64,96,0x10088608,0xef418331,0xefb2e98e,1,SUCCESS,13012,12345,14,21,21,6,6,0
EQ,12345,0,64,97,0x6fcfc352,0xf8fa9f4c,0xefb2e98e,1,SUCCESS,1801,12345,16,33,33,16,14,0
EQ,12345,0,64,98,0xfb6077af,0x713595a9,0xefb2e98e,1,SUCCESS,491,12345,10,7,7,2,2,0
EQ,12345,0,64,99,0xc6ebb72e,0x08fdf109,0xefb2e98e,1,SUCCESS,5531,12345,6,4,4,2,2,0
EQ,12345,0,256,0,0x7b1dcdaf,0x24370df2,0xdca4f97c,1,SUCCESS,15288,12345,8,7,7,3,3,3
EQ,12345,0,256,1,0x3a85a4dc,0xa3b9aa35,0xdca4f97c,1,SUCCESS,5849,12345,5,2,2,1,1,0
EQ,12345,0,256,2,0x6162a8b2,0x871c276f,0xdca4f97c,1,SUCCESS,8081,12345,7,3,3,2,2,0
EQ,12345,0,256,3,0xc3adc34e,0xf5b8f22b,0xdca4f97c,1,SUCCESS,16060,12345,9,8,8,4,4,1
EQ,12345,0,256,4,0x2bb073ff,0x3f8396e3,0xdca4f97c,1,SUCCESS,12680,12345,12,17,17,7,7,3
EQ,12345,0,256,5,0xda585ab3,0xa7197ad7,0xdca4f97c,1,SUCCESS,7233,12345,10,5,5,2,2,0
EQ,12345,0,256,6,0x0ed109c0,0x5701ce52,0xdca4f97c,1,SUCCESS,3716,12345,7,7,7,2,2,0
EQ,12345,0,256,7,0x102ecf73,0x53c7612b,0xdca4f97c,1,SUCCESS,3545,12345,8,8,8,3,3,0
EQ,12345,0,256,8,0xcf29b6a1,0x35231a84,0xdca4f97c,1,SUCCESS,11907,12345,10,8,8,4,4,0
EQ,12345,0,256,9,0xc49cbb42,0xd0a3bbb8,0xdca4f97c,1,SUCCESS,12001,12345,1,0,0,0,0,0
EQ,12345,0,256,10,0x4cc51d23,0xee0e3ab4,0xdca4f97c,1,SUCCESS,5451,12345,4,2,2,1,1,0
EQ,12345,0,256,11,0xf9e8aa7a,0x3208c31a,0xdca4f97c,1,SUCCESS,873,12345,12,19,19,7,7,0
EQ,12345,0,256,12,0xdda8b051,0xc8105c9d,0xdca4f97c,1,SUCCESS,90,12345,5,3,3,2,2,0
EQ,12345,0,256,13,0xabfb11bf,0xf5dec75e,0xdca4f97c,1,SUCCESS,7326,12345,6,5,5,2,2,0
EQ,12345,0,256,14,0x20639811,0x6b6a7c47,0xdca4f97c,1,SUCCESS,1930,12345,6,7,7,2,2,0
EQ,12345,0,256,15,0xac72acd2,0xca84bc6c,0xdca4f97c,1,SUCCESS,13448,12345,9,3,3,2,2,0
EQ,12345,0,256,16,0x49a2da79,0xe1376725,0xdca4f97c,1,SUCCESS,12329,12345,6,4,4,2,2,0
EQ,12345,0,256,17,0x63a4e9d7,0x6166dba4,0xdca4f97c,1,SUCCESS,6247,12345,7,6,6,2,2,0
EQ,12345,0,256,18,0x8983f102,0x43fb6183,0xdca4f97c,1,SUCCESS,4389,12345,7,4,4,1,1,0
EQ,12345,0,256,19,0xb671aa78,0xc97ad8a2,0xdca4f97c,1,SUCCESS,13749,12345,7,3,3,2,2,0
EQ,12345,0,256,20,0xdaeb566a,0x989e5b3d,0xdca4f97c,1,SUCCESS,6940,12345,9,9,9,4,4,0
EQ,12345,0,256,21,0xf6181c00,0xa345ac4b,0xdca4f97c,1,SUCCESS,2302,12345,9,4,4,4,4,0
EQ,12345,0,256,22,0x4e18d852,0xa08980df,0xdca4f97c,1,SUCCESS,7844,12345,9,7,7,3,3,0
EQ,12345,0,256,23,0xa035ceba,0x611de4c4,0xdca4f97c,1,SUCCESS,6733,12345,5,4,4,2,2,0
EQ,12345,0,256,24,0xc2416ee4,0x7323f479,0xdca4f97c,1,SUCCESS,4724,12345,8,10,10,3,3,0
EQ,12345,0,256,25,0xfbdafbdd,0xa0c0cf2f,0xdca4f97c,1,SUCCESS,9555,12345,12,14,14,5,5,0
EQ,12345,0,256,26,0xa43fbf47,0x8de97b10,0xdca4f97c,1,SUCCESS,6702,12345,9,6,6,2,2,0
EQ,12345,0,256,27,0x6811f7c1,0xcb07044a,0xdca4f97c,1,SUCCESS,10532,12345,6,4,4,2,2,0
EQ,12345,0,256,28,0x610dde2c,0x8cf5deb9,0xdca4f97c,1,SUCCESS,314,12345,8,7,7,2,2,0
EQ,12345,0,256,29,0x82241b87,0xbbe27f39,0xdca4f97c,1,SUCCESS,14410,12345,7,6,6,2,2,0
EQ,12345,0,256,30,0x48647490,0xea9551eb,0xdca4f97c,1,SUCCESS,4956,12345,9,7,7,3,3,0
EQ,12345,0,256,31,0x63df3b7f,0xa8b057e1,0xdca4f97c,1,SUCCESS,15859,12345,9,10,10,4,4,0
EQ,12345,0,256,32,0x433125bb,0x3221fef0,0xdca4f97c,1,SUCCESS,11246,12345,10,12,12,4,4,0
EQ,12345,0,256,33,0x7943be40,0x6641ee79,0xdca4f97c,1,SUCCESS,825,12345,8,8,8,3,3,0
EQ,12345,0,256,34,0x26c93252,0x675d2908,0xdca4f97c,1,SUCCESS,10842,12345,7,5,5,2,2,0
EQ,12345,0,256,35,0xdbe3ed49,0xa7cfea56,0xdca4f97c,1,SUCCESS,9972,12345,6,6,6,2,2,0
EQ,12345,0,256,36,0xc2ec9bb4,0xbfc0ae9e,0xdca4f97c,1,SUCCESS,16297,12345,6,3,3,2,2,0
EQ,12345,0,256,37,0xe7ec8559,0x307064ac,0xdca4f97c,1,SUCCESS,1456,12345,5,4,4,2,2,0
EQ,12345,0,256,38,0xccb88b54,0x2cf00158,0xdca4f97c,1,SUCCESS,11990,12345,6,5,5,2,2,0
EQ,12345,0,256,39,0xb512e6a4,0x2b9e708c,0xdca4f97c,1,SUCCESS,10839,12345,4,2,2,1,1,0
EQ,12345,0,256,40,0x7e2c3d82,0xa69fb195,0xdca4f97c,1,SUCCESS,586,12345,5,4,4,2,2,0
EQ,12345,0,256,41,0x58b3e5ad,0x23a21253,0xdca4f97c,1,SUCCESS,7400,12345,5,4,4,2,2,0
EQ,12345,0,256,42,0x9a07c40b,0x3ea78d8c,0xdca4f97c,1,SUCCESS,507,12345,10,8,8,5,5,0
EQ,12345,0,256,43,0xf1f9a54b,0x7b00db61,0xdca4f97c,1,SUCCESS,160,12345,6,3,3,1,1,0
EQ,12345,0,256,44,0xfba6212d,0xb8b8356a,0xdca4f97c,1,SUCCESS,7400,12345,11,8,8,3,3,0
EQ,12345,0,256,45,0x1ca60615,0xd753b84a,0xdca4f97c,1,SUCCESS,8996,12345,6,4,4,2,2,0
EQ,12345,0,256,46,0xa085c93e,0x19b8504d,0xdca4f97c,1,SUCCESS,15586,12345,8,6,6,2,2,0
EQ,12345,0,256,47,0x18190603,0xad0438b2,0xdca4f97c,1,SUCCESS,56,12345,9,6,6,3,3,0
EQ,12345,0,256,48,0xc1143c78,0xbbdab3cd,0xdca4f97c,1,SUCCESS,10265,12345,11,7,7,4,4,0
EQ,12345,0,256,49,0x332063fc,0x222ba57c,0xdca4f97c,1,SUCCESS,5281,12345,9,6,6,2,2,0
EQ,12345,0,256,50,0xd6f4066b,0xab9eb714,0xdca4f97c,1,SUCCESS,2160,12345,13,15,15,6,6,0
EQ,12345,0,256,51,0x64b9628c,0x9cd8b518,0xdca4f97c,1,SUCCESS,6300,12345,5,4,4,2,2,0
EQ,12345,0,256,52,0x894e6771,0x8a255c2e,0xdca4f97c,1,SUCCESS,13448,12345,3,1,1,1,1,0
EQ,12345,0,256,53,0xe3e668e8,0xff1f20c3,0xdca4f97c,1,SUCCESS,8799,12345,9,7,7,3,3,0
EQ,12345,0,256,54,0x36980406,0xfbdbfa61,0xdca4f97c,1,SUCCESS,7615,12345,4,2,2,1,1,0
EQ,12345,0,256,55,0x114d2b4a,0xa617ad4e,0xdca4f97c,1,SUCCESS,12785,12345,4,2,2,1,1,0
EQ,12345,0,256,56,0x3b8907e1,0x0c6cbd10,0xdca4f97c,1,SUCCESS,7780,12345,7,4,4,2,2,0
EQ,12345,0,256,57,0x2cd09c1d,0x964fb1a7,0xdca4f97c,1,SUCCESS,9459,12345,7,2,2,2,2,0
EQ,12345,0,256,58,0x6d7a8604,0xbd6f99c6,0xdca4f97c,1,SUCCESS,8225,12345,5,4,4,2,2,0
EQ,12345,0,256,59,0x1fadaf42,0x60010aa3,0xdca4f97c,1,SUCCESS,4389,12345,6,5,5,2,2,0
EQ,12345,0,256,60,0x92fe7cfd,0xb54e2773,0xdca4f97c,1,SUCCESS,11343,12345,9,10,10,4,4,0
EQ,12345,0,256,61,0x1aecb060,0x9c545eba,0xdca4f97c,1,SUCCESS,12329,12345,11,17,17,4,4,0
EQ,12345,0,256,62,0x91778cc3,0xbd1d1bc0,0xdca4f97c,1,SUCCESS,5666,12345,10,13,13,5,5,0
EQ,12345,0,256,63,0xe6b7e7eb,0xd542988e,0xdca4f97c,1,SUCCESS,14388,12345,10,11,11,5,5,0
EQ,12345,0,256,64,0x6770144c,0xd2d3c6e7,0xdca4f97c,1,SUCCESS,3410,12345,8,4,4,2,2,0
EQ,12345,0,256,65,0xc600a248,0x0a1e0844,0xdca4f97c,1,SUCCESS,10195,12345,6,3,3,2,2,0
EQ,12345,0,256,66,0x1ea4f830,0x2ef0f28e,0xdca4f97c,1,SUCCESS,1133,12345,6,2,2,1,1,0
EQ,12345,0,256,67,0x639604f3,0x7fe04f83,0xdca4f97c,1,SUCCESS,5270,12345,10,10,10,4,4,0
EQ,12345,0,256,68,0x6e084a84,0xb643b17e,0xdca4f97c,1,SUCCESS,8996,12345,8,6,6,2,2,0
EQ,12345,0,256,69,0x3d7fc476,0x467d7a44,0xdca4f97c,1,SUCCESS,15374,12345,7,3,3,2,2,0
EQ,12345,0,256,70,0xedca3875,0xefade11e,0xdca4f97c,1,SUCCESS,2789,12345,4,3,3,1,1,0
EQ,12345,0,256,71,0xb883121d,0x095c678c,0xdca4f97c,1,SUCCESS,15233,12345,8,6,6,2,2,0
EQ,12345,0,256,72,0xace22797,0xbc422a9a,0xdca4f97c,1,SUCCESS,1859,12345,7,4,4,1,1,0
EQ,12345,0,256,73,0xefd3172d,0x8c2c3233,0xdca4f97c,1,SUCCESS,9230,12345,7,6,6,2,2,0
EQ,12345,0,256,74,0xe6aacdb5,0x7f1c158a,0xdca4f97c,1,SUCCESS,2442,12345,6,2,2,1,1,0
EQ,12345,0,256,75,0x6566c598,0xca804b00,0xdca4f97c,1,SUCCESS,14410,12345,2,1,1,1,1,0
EQ,12345,0,256,76,0x4e646d9d,0xcbae5ac0,0xdca4f97c,1,SUCCESS,13239,12345,9,10,10,4,4,0
EQ,12345,0,256,77,0x05d81d6f,0x260c4013,0xdca4f97c,1,SUCCESS,9230,12345,7,5,5,2,2,0
EQ,12345,0,256,78,0x2018f6a3,0x5728c7f4,0xdca4f97c,1,SUCCESS,3237,12345,2,1,1,1,1,0
EQ,12345,0,256,79,0x718ebf0c,0x4d7d460c,0xdca4f97c,1,SUCCESS,11111,12345,2,1,1,1,1,0
EQ,12345,0,256,80,0x042a8f17,0x2093b3f4,0xdca4f97c,1,SUCCESS,8089,12345,10,10,10,5,5,0
EQ,12345,0,256,81,0xfc1c775d,0x35bd20f1,0xdca4f97c,1,SUCCESS,9492,12345,6,4,4,1,1,0
EQ,12345,0,256,82,0x16b93b63,0x7d609ba5,0xdca4f97c,1,SUCCESS,14992,12345,3,1,1,1,1,0
EQ,12345,0,256,83,0x8ce1028e,0xb152e7ef,0xdca4f97c,1,SUCCESS,15859,12345,3,2,2,1,1,0
EQ,12345,0,256,84,0x87bad980,0x7dbefa97,0xdca4f97c,1,SUCCESS,10082,12345,6,4,4,1,1,0
EQ,12345,0,256,85,0xd63d86f3,0xf5399cca,0xdca4f97c,1,SUCCESS,8851,12345,9,10,10,3,3,0
EQ,12345,0,256,86,0xeeaba102,0x01560fc0,0xdca4f97c,1,SUCCESS,10812,12345,11,13,13,4,4,0
EQ,12345,0,256,87,0xc1fee4bb,0xc7e12d58,0xdca4f97c,1,SUCCESS,6247,12345,12,15,15,5,5,0
EQ,12345,0,256,88,0x0707c9da,0xf644a3f9,0xdca4f97c,1,SUCCESS,1038,12345,6,3,3,1,1,0
EQ,12345,0,256,89,0xde0d9c30,0x58a2ee8f,0xdca4f97c,1,SUCCESS,10532,12345,10,13,13,5,5,0
EQ,12345,0,256,90,0x7cd0efc7,0x9f385cfb,0xdca4f97c,1,SUCCESS,15943,12345,13,12,12,6,6,0
EQ,12345,0,256,91,0xe4cb50a6,0x94d13729,0xdca4f97c,1,SUCCESS,9960,12345,4,1,1,1,1,0
EQ,12345,0,256,92,0xa0882219,0x18f75d24,0xdca4f97c,1,SUCCESS,8081,12345,4,1,1,1,1,0
EQ,12345,0,256,93,0xc435e6f2,0xf75a52bc,0xdca4f97c,1,SUCCESS,12684,12345,10,14,14,3,3,0
EQ,12345,0,256,94,0x011b63f0,0x0aa34346,0xdca4f97c,1,SUCCESS,2888,12345,7,3,3,1,1,0
EQ,12345,0,256,95,0x1b456e77,0xee460f94,0xdca4f97c,1,SUCCESS,2852,12345,9,7,7,2,2,0
EQ,12345,0,256,96,0x10088608,0xef418331,0xdca4f97c,1,SUCCESS,1456,12345,4,2,2,1,1,0
EQ,12345,0,256,97,0x6fcfc352,0xf8fa9f4c,0xdca4f97c,1,SUCCESS,13286,12345,6,3,3,1,1,0
EQ,12345,0,256,98,0xfb6077af,0x713595a9,0xdca4f97c,1,SUCCESS,10964,12345,2,1,1,1,1,0
EQ,12345,0,256,99,0xc6ebb72e,0x08fdf109,0xdca4f97c,1,SUCCESS,2852,12345,5,2,2,1,1,0
RANGE,-4096,4096,1,0,0x7b1dcdaf,0x24370df2,0xcd8dbc25,1,SUCCESS,16227,-1474,21,119,119,38,38,38
RANGE,-4096,4096,1,1,0x3a85a4dc,0xa3b9aa35,0xcd8dbc25,1,SUCCESS,16227,-1474,25,259,259,87,79,41
RANGE,-4096,4096,1,2,0x6162a8b2,0x871c276f,0xcd8dbc25,1,SUCCESS,16227,-1474,14,34,34,9,9,0
RANGE,-4096,4096,1,3,0xc3adc34e,0xf5b8f22b,0xcd8dbc25,1,SUCCESS,16227,-1474,9,8,8,4,4,0
RANGE,-4096,4096,1,4,0x2bb073ff,0x3f8396e3,0xcd8dbc25,1,SUCCESS,16227,-1474,28,417,417,69,60,0
RANGE,-4096,4096,1,5,0xda585ab3,0xa7197ad7,0xcd8dbc25,1,SUCCESS,16227,-1474,27,221,221,68,40,0
RANGE,-4096,4096,1,6,0x0ed109c0,0x5701ce52,0xcd8dbc25,1,SUCCESS,16227,-1474,25,258,258,58,52,0
RANGE,-4096,4096,1,7,0x102ecf73,0x53c7612b,0xcd8dbc25,1,SUCCESS,16227,-1474,27,351,351,65,65,0
RANGE,-4096,4096,1,8,0xcf29b6a1,0x35231a84,0xcd8dbc25,1,SUCCESS,16227,-1474,20,93,93,26,21,0
RANGE,-4096,4096,1,9,0xc49cbb42,0xd0a3bbb8,0xcd8dbc25,1,SUCCESS,16227,-1474,25,189,189,68,54,0
RANGE,-4096,4096,1,10,0x4cc51d23,0xee0e3ab4,0xcd8dbc25,1,SUCCESS,16227,-1474,28,357,357,122,98,19
RANGE,-4096,4096,1,11,0xf9e8aa7a,0x3208c31a,0xcd8dbc25,1,SUCCESS,16227,-1474,22,152,152,45,44,0
RANGE,-4096,4096,1,12,0xdda8b051,0xc8105c9d,0xcd8dbc25,1,SUCCESS,16227,-1474,19,51,51,15,10,0
RANGE,-4096,4096,1,13,0xabfb11bf,0xf5dec75e,0xcd8dbc25,1,SUCCESS,16227,-1474,22,128,128,44,40,0
RANGE,-4096,4096,1,14,0x20639811,0x6b6a7c47,0xcd8dbc25,1,SUCCESS,16227,-1474,24,171,171,53,34,0
RANGE,-4096,4096,1,15,0xac72acd2,0xca84bc6c,0xcd8dbc25,1,SUCCESS,16227,-1474,13,18,18,6,6,0
RANGE,-4096,4096,1,16,0x49a2da79,0xe1376725,0xcd8dbc25,1,SUCCESS,16227,-1474,19,80,80,13,11,0
RANGE,-4096,4096,1,17,0x63a4e9d7,0x6166dba4,0xcd8dbc25,1,SUCCESS,16227,-1474,28,359,359,127,112,14
RANGE,-4096,4096,1,18,0x8983f102,0x43fb6183,0xcd8dbc25,1,SUCCESS,16227,-1474,24,216,216,73,65,0
RANGE,-4096,4096,1,19,0xb671aa78,0xc97ad8a2,0xcd8dbc25,1,SUCCESS,16227,-1474,21,82,82,33,26,0
RANGE,-4096,4096,1,20,0xdaeb566a,0x989e5b3d,0xcd8dbc25,1,SUCCESS,16227,-1474,26,213,213,68,57,0
RANGE,-4096,4096,1,21,0xf6181c00,0xa345ac4b,0xcd8dbc25,1,SUCCESS,16227,-1474,27,295,295,102,95,0
RANGE,-4096,4096,1,22,0x4e18d852,0xa08980df,0xcd8dbc25,1,SUCCESS,16227,-1474,22,117,117,24,22,0
RANGE,-4096,4096,1,23,0xa035ceba,0x611de4c4,0xcd8dbc25,1,SUCCESS,16227,-1474,10,13,13,5,5,0
RANGE,-4096,4096,1,24,0xc2416ee4,0x7323f479,0xcd8dbc25,1,SUCCESS,16227,-1474,24,291,291,64,61,0
RANGE,-4096,4096,1,25,0xfbdafbdd,0xa0c0cf2f,0xcd8dbc25,1,SUCCESS,16227,-1474,19,77,77,22,22,0
RANGE,-4096,4096,1,26,0xa43fbf47,0x8de97b10,0xcd8dbc25,1,SUCCESS,16227,-1474,23,140,140,48,46,0
RANGE,-4096,4096,1,27,0x6811f7c1,0xcb07044a,0xcd8dbc25,1,SUCCESS,16227,-1474,7,6,6,2,2,0
RANGE,-4096,4096,1,28,0x610dde2c,0x8cf5deb9,0xcd8dbc25,1,SUCCESS,16227,-1474,21,89,89,21,19,0
RANGE,-4096,4096,1,29,0x82241b87,0xbbe27f39,0xcd8dbc25,1,SUCCESS,16227,-1474,23,211,211,53,51,0
RANGE,-4096,4096,1,30,0x48647490,0xea9551eb,0xcd8dbc25,1,SUCCESS,16227,-1474,20,80,80,26,25,0
RANGE,-4096,4096,1,31,0x63df3b7f,0xa8b057e1,0xcd8dbc25,1,SUCCESS,16227,-1474,21,106,106,43,35,0
RANGE,-4096,4096,1,32,0x433125bb,0x3221fef0,0xcd8dbc25,1,SUCCESS,16227,-1474,27,325,325,101,96,0
RANGE,-4096,4096,1,33,0x7943be40,0x6641ee79,0xcd8dbc25,1,SUCCESS,16227,-1474,21,127,127,34,29,0
RANGE,-4096,4096,1,34,0x26c93252,0x675d2908,0xcd8dbc25,1,SUCCESS,16227,-1474,22,129,129,20,19,0
RANGE,-4096,4096,1,35,0xdbe3ed49,0xa7cfea56,0xcd8dbc25,1,SUCCESS,16227,-1474,22,146,146,46,42,0
RANGE,-4096,4096,1,36,0xc2ec9bb4,0xbfc0ae9e,0xcd8dbc25,1,SUCCESS,16227,-1474,17,47,47,18,17,0
RANGE,-4096,4096,1,37,0xe7ec8559,0x307064ac,0xcd8dbc25,1,SUCCESS,16227,-1474,22,142,142,44,39,0
RANGE,-4096,4096,1,38,0xccb88b54,0x2cf00158,0xcd8dbc25,1,SUCCESS,16227,-1474,27,319,319,72,47,0
RANGE,-4096,4096,1,39,0xb512e6a4,0x2b9e708c,0xcd8dbc25,1,SUCCESS,16227,-1474,18,71,71,22,22,0
RANGE,-4096,4096,1,40,0x7e2c3d82,0xa69fb195,0xcd8dbc25,1,SUCCESS,16227,-1474,24,170,170,52,50,0
RANGE,-4096,4096,1,41,0x58b3e5ad,0x23a21253,0xcd8dbc25,1,SUCCESS,16227,-1474,25,258,258,78,66,0
RANGE,-4096,4096,1,42,0x9a07c40b,0x3ea78d8c,0xcd8dbc25,1,SUCCESS,16227,-1474,24,245,245,55,55,0
RANGE,-4096,4096,1,43,0xf1f9a54b,0x7b00db61,0xcd8dbc25,1,SUCCESS,16227,-1474,21,141,141,27,27,0
RANGE,-4096,4096,1,44,0xfba6212d,0xb8b8356a,0xcd8dbc25,1,SUCCESS,16227,-1474,24,167,167,41,30,0
RANGE,-4096,4096,1,45,0x1ca60615,0xd753b84a,0xcd8dbc25,1,SUCCESS,16227,-1474,24,245,245,45,42,0
RANGE,-4096,4096,1,46,0xa085c93e,0x19b8504d,0xcd8dbc25,1,SUCCESS,16227,-1474,25,235,235,75,71,0
RANGE,-4096,4096,1,47,0x18190603,0xad0438b2,0xcd8dbc25,1,SUCCESS,16227,-1474,23,189,189,46,45,0
RANGE,-4096,4096,1,48,0xc1143c78,0xbbdab3cd,0xcd8dbc25,1,SUCCESS,16227,-1474,22,95,95,35,32,0
RANGE,-4096,4096,1,49,0x332063fc,0x222ba57c,0xcd8dbc25,1,SUCCESS,16227,-1474,22,108,108,17,17,0
RANGE,-4096,4096,1,50,0xd6f4066b,0xab9eb714,0xcd8dbc25,1,SUCCESS,16227,-1474,22,105,105,30,26,0
RANGE,-4096,4096,1,51,0x64b9628c,0x9cd8b518,0xcd8dbc25,1,SUCCESS,16227,-1474,15,37,37,9,9,0
RANGE,-4096,4096,1,52,0x894e6771,0x8a255c2e,0xcd8dbc25,1,SUCCESS,16227,-1474,19,87,87,21,21,0
RANGE,-4096,4096,1,53,0xe3e668e8,0xff1f20c3,0xcd8dbc25,1,SUCCESS,16227,-1474,21,115,115,39,38,0
RANGE,-4096,4096,1,54,0x36980406,0xfbdbfa61,0xcd8dbc25,1,SUCCESS,16227,-1474,24,217,217,66,61,0
RANGE,-4096,4096,1,55,0x114d2b4a,0xa617ad4e,0xcd8dbc25,1,SUCCESS,16227,-1474,23,124,124,52,48,0
RANGE,-4096,4096,1,56,0x3b8907e1,0x0c6cbd10,0xcd8dbc25,1,SUCCESS,16227,-1474,24,207,207,68,65,0
RANGE,-4096,4096,1,57,0x2cd09c1d,0x964fb1a7,0xcd8dbc25,1,SUCCESS,16227,-1474,21,126,126,31,29,0
RANGE,-4096,4096,1,58,0x6d7a8604,0xbd6f99c6,0xcd8dbc25,1,SUCCESS,16227,-1474,22,128,128,34,31,0
RANGE,-4096,4096,1,59,0x1fadaf42,0x60010aa3,0xcd8dbc25,1,SUCCESS,16227,-1474,20,86,86,25,20,0
RANGE,-4096,4096,1,60,0x92fe7cfd,0xb54e2773,0xcd8dbc25,1,SUCCESS,16227,-1474,23,217,217,49,47,0
RANGE,-4096,4096,1,61,0x1aecb060,0x9c545eba,0xcd8dbc25,1,SUCCESS,16227,-1474,17,47,47,15,13,0
RANGE,-4096,4096,1,62,0x91778cc3,0xbd1d1bc0,0xcd8dbc25,1,SUCCESS,16227,-1474,25,256,256,61,60,0
RANGE,-4096,4096,1,63,0xe6b7e7eb,0xd542988e,0xcd8dbc25,1,SUCCESS,16227,-1474,20,86,86,20,19,0
RANGE,-4096,4096,1,64,0x6770144c,0xd2d3c6e7,0xcd8dbc25,1,SUCCESS,16227,-1474,27,246,246,63,53,0
RANGE,-4096,4096,1,65,0xc600a248,0x0a1e0844,0xcd8dbc25,1,SUCCESS,16227,-1474,23,131,131,64,55,0
RANGE,-4096,4096,1,66,0x1ea4f830,0x2ef0f28e,0xcd8dbc25,1,SUCCESS,16227,-1474,19,90,90,15,15,0
RANGE,-4096,4096,1,67,0x639604f3,0x7fe04f83,0xcd8dbc25,1,SUCCESS,16227,-1474,24,153,153,52,46,0
RANGE,-4096,4096,1,68,0x6e084a84,0xb643b17e,0xcd8dbc25,1,SUCCESS,16227,-1474,27,333,333,100,94,0
RANGE,-4096,4096,1,69,0x3d7fc476,0x467d7a44,0xcd8dbc25,1,SUCCESS,16227,-1474,25,221,221,60,57,0
RANGE,-4096,4096,1,70,0xedca3875,0xefade11e,0xcd8dbc25,1,SUCCESS,16227,-1474,23,119,119,42,32,0
RANGE,-4096,4096,1,71,0xb883121d,0x095c678c,0xcd8dbc25,1,SUCCESS,16227,-1474,23,161,161,40,37,0
RANGE,-4096,4096,1,72,0xace22797,0xbc422a9a,0xcd8dbc25,1,SUCCESS,16227,-1474,22,176,176,38,37,0
RANGE,-4096,4096,1,73,0xefd3172d,0x8c2c3233,0xcd8dbc25,1,SUCCESS,16227,-1474,25,248,248,70,68,0
RANGE,-4096,4096,1,74,0xe6aacdb5,0x7f1c158a,0xcd8dbc25,1,SUCCESS,16227,-1474,21,145,145,33,33,0
RANGE,-4096,4096,1,75,0x6566c598,0xca804b00,0xcd8dbc25,1,SUCCESS,16227,-1474,19,95,95,26,26,0
RANGE,-4096,4096,1,76,0x4e646d9d,0xcbae5ac0,0xcd8dbc25,1,SUCCESS,16227,-1474,26,256,256,60,51,0
RANGE,-4096,4096,1,77,0x05d81d6f,0x260c4013,0xcd8dbc25,1,SUCCESS,16227,-1474,19,90,90,23,23,0
RANGE,-4096,4096,1,78,0x2018f6a3,0x5728c7f4,0xcd8dbc25,1,SUCCESS,16227,-1474,25,177,177,69,55,0
RANGE,-4096,4096,1,79,0x718ebf0c,0x4d7d460c,0xcd8dbc25,1,SUCCESS,16227,-1474,27,314,314,112,100,0
RANGE,-4096,4096,1,80,0x042a8f17,0x2093b3f4,0xcd8dbc25,1,SUCCESS,16227,-1474,24,175,175,48,44,0
RANGE,-4096,4096,1,81,0xfc1c775d,0x35bd20f1,0xcd8dbc25,1,SUCCESS,16227,-1474,29,362,362,99,62,0
RANGE,-4096,4096,1,82,0x16b93b63,0x7d609ba5,0xcd8dbc25,1,SUCCESS,16227,-1474,22,136,136,40,37,0
RANGE,-4096,4096,1,83,0x8ce1028e,0xb152e7ef,0xcd8dbc25,1,SUCCESS,16227,-1474,19,79,79,22,20,0
RANGE,-4096,4096,1,84,0x87bad980,0x7dbefa97,0xcd8dbc25,1,SUCCESS,16227,-1474,22,163,163,34,31,0
RANGE,-4096,4096,1,85,0xd63d86f3,0xf5399cca,0xcd8dbc25,1,SUCCESS,16227,-1474,21,129,129,43,38,0
RANGE,-4096,4096,1,86,0xeeaba102,0x01560fc0,0xcd8dbc25,1,SUCCESS,16227,-1474,22,109,109,20,20,0
RANGE,-4096,4096,1,87,0xc1fee4bb,0xc7e12d58,0xcd8dbc25,1,SUCCESS,16227,-1474,17,54,54,13,13,0
RANGE,-4096,4096,1,88,0x0707c9da,0xf644a3f9,0xcd8dbc25,1,SUCCESS,16227,-1474,22,115,115,51,43,0
RANGE,-4096,4096,1,89,0xde0d9c30,0x58a2ee8f,0xcd8dbc25,1,SUCCESS,16227,-1474,23,150,150,54,52,0
RANGE,-4096,4096,1,90,0x7cd0efc7,0x9f385cfb,0xcd8dbc25,1,SUCCESS,16227,-1474,13,12,12,6,6,0
RANGE,-4096,4096,1,91,0xe4cb50a6,0x94d13729,0xcd8dbc25,1,SUCCESS,16227,-1474,26,241,241,86,71,0
RANGE,-4096,4096,1,92,0xa0882219,0x18f75d24,0xcd8dbc25,1,SUCCESS,16227,-1474,26,354,354,89,86,0
RANGE,-4096,4096,1,93,0xc435e6f2,0xf75a52bc,0xcd8dbc25,1,SUCCESS,16227,-1474,27,294,294,83,61,0
RANGE,-4096,4096,1,94,0x011b63f0,0x0aa34346,0xcd8dbc25,1,SUCCESS,16227,-1474,26,229,229,93,53,0
RANGE,-4096,4096,1,95,0x1b456e77,0xee460f94,0xcd8dbc25,1,SUCCESS,16227,-1474,25,214,214,80,71,0
RANGE,-4096,4096,1,96,0x10088608,0xef418331,0xcd8dbc25,1,SUCCESS,16227,-1474,24,183,183,68,57,0
RANGE,-4096,4096,1,97,0x6fcfc352,0xf8fa9f4c,0xcd8dbc25,1,SUCCESS,16227,-1474,19,69,69,19,17,0
RANGE,-4096,4096,1,98,0xfb6077af,0x713595a9,0xcd8dbc25,1,SUCCESS,16227,-1474,22,153,153,51,44,0
RANGE,-4096,4096,1,99,0xc6ebb72e,0x08fdf109,0xcd8dbc25,1,SUCCESS,16227,-1474,27,263,263,138,113,1
RANGE,-4096,4096,4,0,0x7b1dcdaf,0x24370df2,0x7bae8d3a,1,SUCCESS,4728,-2771,20,81,81,16,16,16
RANGE,-4096,4096,4,1,0x3a85a4dc,0xa3b9aa35,0x7bae8d3a,1,SUCCESS,4728,-2771,19,56,56,12,12,0
RANGE,-4096,4096,4,2,0x6162a8b2,0x871c276f,0x7bae8d3a,1,SUCCESS,16227,-1474,17,56,56,16,16,0
RANGE,-4096,4096,4,3,0xc3adc34e,0xf5b8f22b,0x7bae8d3a,1,SUCCESS,16227,-1474,9,8,8,4,4,0
RANGE,-4096,4096,4,4,0x2bb073ff,0x3f8396e3,0x7bae8d3a,1,SUCCESS,9777,2203,20,108,108,30,30,14
RANGE,-4096,4096,4,5,0xda585ab3,0xa7197ad7,0x7bae8d3a,1,SUCCESS,4728,-2771,22,136,136,41,40,10
RANGE,-4096,4096,4,6,0x0ed109c0,0x5701ce52,0x7bae8d3a,1,SUCCESS,12345,2314,18,90,90,23,22,0
RANGE,-4096,4096,4,7,0x102ecf73,0x53c7612b,0x7bae8d3a,1,SUCCESS,4728,-2771,21,112,112,36,36,0
RANGE,-4096,4096,4,8,0xcf29b6a1,0x35231a84,0x7bae8d3a,1,SUCCESS,16227,-1474,20,93,93,26,21,0
RANGE,-4096,4096,4,9,0xc49cbb42,0xd0a3bbb8,0x7bae8d3a,1,SUCCESS,9777,2203,17,40,40,18,17,0
RANGE,-4096,4096,4,10,0x4cc51d23,0xee0e3ab4,0x7bae8d3a,1,SUCCESS,12345,2314,16,44,44,11,11,0
RANGE,-4096,4096,4,11,0xf9e8aa7a,0x3208c31a,0x7bae8d3a,1,SUCCESS,9777,2203,21,108,108,24,23,0
RANGE,-4096,4096,4,12,0xdda8b051,0xc8105c9d,0x7bae8d3a,1,SUCCESS,16227,-1474,19,51,51,15,10,0
RANGE,-4096,4096,4,13,0xabfb11bf,0xf5dec75e,0x7bae8d3a,1,SUCCESS,4728,-2771,21,88,88,28,24,0
RANGE,-4096,4096,4,14,0x20639811,0x6b6a7c47,0x7bae8d3a,1,SUCCESS,4728,-2771,19,71,71,17,14,0
RANGE,-4096,4096,4,15,0xac72acd2,0xca84bc6c,0x7bae8d3a,1,SUCCESS,9777,2203,16,39,39,11,11,0
RANGE,-4096,4096,4,16,0x49a2da79,0xe1376725,0x7bae8d3a,1,SUCCESS,9777,2203,14,35,35,8,8,0
RANGE,-4096,4096,4,17,0x63a4e9d7,0x6166dba4,0x7bae8d3a,1,SUCCESS,4728,-2771,21,91,91,33,29,0
RANGE,-4096,4096,4,18,0x8983f102,0x43fb6183,0x7bae8d3a,1,SUCCESS,4728,-2771,23,151,151,43,35,0
RANGE,-4096,4096,4,19,0xb671aa78,0xc97ad8a2,0x7bae8d3a,1,SUCCESS,4728,-2771,11,16,16,6,6,0
RANGE,-4096,4096,4,20,0xdaeb566a,0x989e5b3d,0x7bae8d3a,1,SUCCESS,9777,2203,15,33,33,9,9,0
RANGE,-4096,4096,4,21,0xf6181c00,0xa345ac4b,0x7bae8d3a,1,SUCCESS,9777,2203,16,38,38,15,15,0
RANGE,-4096,4096,4,22,0x4e18d852,0xa08980df,0x7bae8d3a,1,SUCCESS,12345,2314,24,178,178,50,48,8
RANGE,-4096,4096,4,23,0xa035ceba,0x611de4c4,0x7bae8d3a,1,SUCCESS,16227,-1474,10,13,13,5,5,0
RANGE,-4096,4096,4,24,0xc2416ee4,0x7323f479,0x7bae8d3a,1,SUCCESS,12345,2314,19,93,93,23,20,0
RANGE,-4096,4096,4,25,0xfbdafbdd,0xa0c0cf2f,0x7bae8d3a,1,SUCCESS,16227,-1474,18,55,55,15,15,0
RANGE,-4096,4096,4,26,0xa43fbf47,0x8de97b10,0x7bae8d3a,1,SUCCESS,4728,-2771,15,29,29,10,10,0
RANGE,-4096,4096,4,27,0x6811f7c1,0xcb07044a,0x7bae8d3a,1,SUCCESS,16227,-1474,7,6,6,2,2,0
RANGE,-4096,4096,4,28,0x610dde2c,0x8cf5deb9,0x7bae8d3a,1,SUCCESS,12345,2314,21,89,89,21,19,0
RANGE,-4096,4096,4,29,0x82241b87,0xbbe27f39,0x7bae8d3a,1,SUCCESS,4728,-2771,18,62,62,21,19,0
RANGE,-4096,4096,4,30,0x48647490,0xea9551eb,0x7bae8d3a,1,SUCCESS,16227,-1474,17,38,38,12,11,0
RANGE,-4096,4096,4,31,0x63df3b7f,0xa8b057e1,0x7bae8d3a,1,SUCCESS,16227,-1474,21,106,106,43,35,0
RANGE,-4096,4096,4,32,0x433125bb,0x3221fef0,0x7bae8d3a,1,SUCCESS,4728,-2771,12,18,18,6,6,0
RANGE,-4096,4096,4,33,0x7943be40,0x6641ee79,0x7bae8d3a,1,SUCCESS,4728,-2771,16,41,41,10,9,0
RANGE,-4096,4096,4,34,0x26c93252,0x675d2908,0x7bae8d3a,1,SUCCESS,4728,-2771,21,110,110,18,17,0
RANGE,-4096,4096,4,35,0xdbe3ed49,0xa7cfea56,0x7bae8d3a,1,SUCCESS,12345,2314,19,98,98,25,25,0
RANGE,-4096,4096,4,36,0xc2ec9bb4,0xbfc0ae9e,0x7bae8d3a,1,SUCCESS,9777,2203,24,229,229,55,49,1
RANGE,-4096,4096,4,37,0xe7ec8559,0x307064ac,0x7bae8d3a,1,SUCCESS,9777,2203,13,17,17,7,7,0
RANGE,-4096,4096,4,38,0xccb88b54,0x2cf00158,0x7bae8d3a,1,SUCCESS,12345,2314,13,31,31,8,8,0
RANGE,-4096,4096,4,39,0xb512e6a4,0x2b9e708c,0x7bae8d3a,1,SUCCESS,9777,2203,18,71,71,22,22,0
RANGE,-4096,4096,4,40,0x7e2c3d82,0xa69fb195,0x7bae8d3a,1,SUCCESS,12345,2314,21,90,90,28,26,0
RANGE,-4096,4096,4,41,0x58b3e5ad,0x23a21253,0x7bae8d3a,1,SUCCESS,12345,2314,17,61,61,21,17,0
RANGE,-4096,4096,4,42,0x9a07c40b,0x3ea78d8c,0x7bae8d3a,1,SUCCESS,16227,-1474,23,190,190,36,36,0
RANGE,-4096,4096,4,43,0xf1f9a54b,0x7b00db61,0x7bae8d3a,1,SUCCESS,4728,-2771,21,141,141,27,27,0
RANGE,-4096,4096,4,44,0xfba6212d,0xb8b8356a,0x7bae8d3a,1,SUCCESS,9777,2203,18,58,58,14,12,0
RANGE,-4096,4096,4,45,0x1ca60615,0xd753b84a,0x7bae8d3a,1,SUCCESS,4728,-2771,20,102,102,33,30,0
RANGE,-4096,4096,4,46,0xa085c93e,0x19b8504d,0x7bae8d3a,1,SUCCESS,4728,-2771,23,126,126,23,19,0
RANGE,-4096,4096,4,47,0x18190603,0xad0438b2,0x7bae8d3a,1,SUCCESS,12345,2314,19,76,76,26,25,0
RANGE,-4096,4096,4,48,0xc1143c78,0xbbdab3cd,0x7bae8d3a,1,SUCCESS,4728,-2771,17,27,27,10,8,0
RANGE,-4096,4096,4,49,0x332063fc,0x222ba57c,0x7bae8d3a,1,SUCCESS,9777,2203,15,32,32,6,6,0
RANGE,-4096,4096,4,50,0xd6f4066b,0xab9eb714,0x7bae8d3a,1,SUCCESS,12345,2314,16,32,32,12,12,0
RANGE,-4096,4096,4,51,0x64b9628c,0x9cd8b518,0x7bae8d3a,1,SUCCESS,9777,2203,20,88,88,22,22,0
RANGE,-4096,4096,4,52,0x894e6771,0x8a255c2e,0x7bae8d3a,1,SUCCESS,16227,-1474,16,43,43,15,15,0
RANGE,-4096,4096,4,53,0xe3e668e8,0xff1f20c3,0x7bae8d3a,1,SUCCESS,12345,2314,18,49,49,16,16,0
RANGE,-4096,4096,4,54,0x36980406,0xfbdbfa61,0x7bae8d3a,1,SUCCESS,4728,-2771,17,61,61,18,15,0
RANGE,-4096,4096,4,55,0x114d2b4a,0xa617ad4e,0x7bae8d3a,1,SUCCESS,9777,2203,18,51,51,11,10,0
RANGE,-4096,4096,4,56,0x3b8907e1,0x0c6cbd10,0x7bae8d3a,1,SUCCESS,9777,2203,21,86,86,27,26,0
RANGE,-4096,4096,4,57,0x2cd09c1d,0x964fb1a7,0x7bae8d3a,1,SUCCESS,4728,-2771,20,97,97,27,25,0
RANGE,-4096,4096,4,58,0x6d7a8604,0xbd6f99c6,0x7bae8d3a,1,SUCCESS,12345,2314,22,128,128,34,31,0
RANGE,-4096,4096,4,59,0x1fadaf42,0x60010aa3,0x7bae8d3a,1,SUCCESS,4728,-2771,20,86,86,25,20,0
RANGE,-4096,4096,4,60,0x92fe7cfd,0xb54e2773,0x7bae8d3a,1,SUCCESS,4728,-2771,8,6,6,2,2,0
RANGE,-4096,4096,4,61,0x1aecb060,0x9c545eba,0x7bae8d3a,1,SUCCESS,4728,-2771,22,123,123,48,40,0
RANGE,-4096,4096,4,62,0x91778cc3,0xbd1d1bc0,0x7bae8d3a,1,SUCCESS,12345,2314,22,120,120,18,17,0
RANGE,-4096,4096,4,63,0xe6b7e7eb,0xd542988e,0x7bae8d3a,1,SUCCESS,9777,2203,20,86,86,20,19,0
RANGE,-4096,4096,4,64,0x6770144c,0xd2d3c6e7,0x7bae8d3a,1,SUCCESS,12345,2314,16,32,32,12,11,0
RANGE,-4096,4096,4,65,0xc600a248,0x0a1e0844,0x7bae8d3a,1,SUCCESS,4728,-2771,20,45,45,16,11,0
RANGE,-4096,4096,4,66,0x1ea4f830,0x2ef0f28e,0x7bae8d3a,1,SUCCESS,9777,2203,15,45,45,12,12,0
RANGE,-4096,4096,4,67,0x639604f3,0x7fe04f83,0x7bae8d3a,1,SUCCESS,9777,2203,22,105,105,48,42,0
RANGE,-4096,4096,4,68,0x6e084a84,0xb643b17e,0x7bae8d3a,1,SUCCESS,9777,2203,22,110,110,33,29,0
RANGE,-4096,4096,4,69,0x3d7fc476,0x467d7a44,0x7bae8d3a,1,SUCCESS,9777,2203,21,81,81,17,15,0
RANGE,-4096,4096,4,70,0xedca3875,0xefade11e,0x7bae8d3a,1,SUCCESS,16227,-1474,24,133,133,42,32,0
RANGE,-4096,4096,4,71,0xb883121d,0x095c678c,0x7bae8d3a,1,SUCCESS,16227,-1474,21,87,87,28,25,0
RANGE,-4096,4096,4,72,0xace22797,0xbc422a9a,0x7bae8d3a,1,SUCCESS,12345,2314,19,92,92,26,25,0
RANGE,-4096,4096,4,73,0xefd3172d,0x8c2c3233,0x7bae8d3a,1,SUCCESS,9777,2203,14,24,24,7,7,0
RANGE,-4096,4096,4,74,0xe6aacdb5,0x7f1c158a,0x7bae8d3a,1,SUCCESS,4728,-2771,17,64,64,16,16,0
RANGE,-4096,4096,4,75,0x6566c598,0xca804b00,0x7bae8d3a,1,SUCCESS,4728,-2771,17,62,62,17,17,0
RANGE,-4096,4096,4,76,0x4e646d9d,0xcbae5ac0,0x7bae8d3a,1,SUCCESS,9777,2203,20,76,76,26,17,0
RANGE,-4096,4096,4,77,0x05d81d6f,0x260c4013,0x7bae8d3a,1,SUCCESS,4728,-2771,19,90,90,23,23,0
RANGE,-4096,4096,4,78,0x2018f6a3,0x5728c7f4,0x7bae8d3a,1,SUCCESS,4728,-2771,14,25,25,8,8,0
RANGE,-4096,4096,4,79,0x718ebf0c,0x4d7d460c,0x7bae8d3a,1,SUCCESS,4728,-2771,14,27,27,7,6,0
RANGE,-4096,4096,4,80,0x042a8f17,0x2093b3f4,0x7bae8d3a,1,SUCCESS,16227,-1474,21,89,89,24,23,0
RANGE,-4096,4096,4,81,0xfc1c775d,0x35bd20f1,0x7bae8d3a,1,SUCCESS,4728,-2771,18,79,79,19,19,0
RANGE,-4096,4096,4,82,0x16b93b63,0x7d609ba5,0x7bae8d3a,1,SUCCESS,16227,-1474,21,121,121,40,37,0
RANGE,-4096,4096,4,83,0x8ce1028e,0xb152e7ef,0x7bae8d3a,1,SUCCESS,16227,-1474,20,110,110,33,31,0
RANGE,-4096,4096,4,84,0x87bad980,0x7dbefa97,0x7bae8d3a,1,SUCCESS,16227,-1474,20,107,107,27,24,0
RANGE,-4096,4096,4,85,0xd63d86f3,0xf5399cca,0x7bae8d3a,1,SUCCESS,16227,-1474,18,44,44,17,12,0
RANGE,-4096,4096,4,86,0xeeaba102,0x01560fc0,0x7bae8d3a,1,SUCCESS,4728,-2771,23,136,136,27,27,0
RANGE,-4096,4096,4,87,0xc1fee4bb,0xc7e12d58,0x7bae8d3a,1,SUCCESS,16227,-1474,15,33,33,9,9,0
RANGE,-4096,4096,4,88,0x0707c9da,0xf644a3f9,0x7bae8d3a,1,SUCCESS,12345,2314,10,10,10,4,4,0
RANGE,-4096,4096,4,89,0xde0d9c30,0x58a2ee8f,0x7bae8d3a,1,SUCCESS,12345,2314,21,91,91,27,26,0
RANGE,-4096,4096,4,90,0x7cd0efc7,0x9f385cfb,0x7bae8d3a,1,SUCCESS,16227,-1474,13,12,12,6,6,0
RANGE,-4096,4096,4,91,0xe4cb50a6,0x94d13729,0x7bae8d3a,1,SUCCESS,16227,-1474,22,121,121,31,22,0
RANGE,-4096,4096,4,92,0xa0882219,0x18f75d24,0x7bae8d3a,1,SUCCESS,9777,2203,18,55,55,19,16,0
RANGE,-4096,4096,4,93,0xc435e6f2,0xf75a52bc,0x7bae8d3a,1,SUCCESS,9777,2203,18,71,71,10,10,0
RANGE,-4096,4096,4,94,0x011b63f0,0x0aa34346,0x7bae8d3a,1,SUCCESS,16227,-1474,13,21,21,7,7,0
RANGE,-4096,4096,4,95,0x1b456e77,0xee460f94,0x7bae8d3a,1,SUCCESS,12345,2314,21,100,100,32,25,0
RANGE,-4096,4096,4,96,0x10088608,0xef418331,0x7bae8d3a,1,SUCCESS,9777,2203,16,31,31,6,6,0
RANGE,-4096,4096,4,97,0x6fcfc352,0xf8fa9f4c,0x7bae8d3a,1,SUCCESS,4728,-2771,22,124,124,28,26,0
RANGE,-4096,4096,4,98,0xfb6077af,0x713595a9,0x7bae8d3a,1,SUCCESS,12345,2314,19,82,82,15,15,0
RANGE,-4096,4096,4,99,0xc6ebb72e,0x08fdf109,0x7bae8d3a,1,SUCCESS,9777,2203,16,42,42,14,14,0
RANGE,-4096,4096,16,0,0x7b1dcdaf,0x24370df2,0xc24fdace,1,SUCCESS,4554,4061,20,81,81,16,16,16
RANGE,-4096,4096,16,1,0x3a85a4dc,0xa3b9aa35,0xc24fdace,1,SUCCESS,13446,-543,11,9,9,4,4,0
RANGE,-4096,4096,16,2,0x6162a8b2,0x871c276f,0xc24fdace,1,SUCCESS,16227,-1474,14,34,34,9,9,0
RANGE,-4096,4096,16,3,0xc3adc34e,0xf5b8f22b,0xc24fdace,1,SUCCESS,16227,-1474,9,8,8,4,4,0
RANGE,-4096,4096,16,4,0x2bb073ff,0x3f8396e3,0xc24fdace,1,SUCCESS,5449,-2943,17,59,59,12,12,0
RANGE,-4096,4096,16,5,0xda585ab3,0xa7197ad7,0xc24fdace,1,SUCCESS,12345,2314,18,40,40,12,11,0
RANGE,-4096,4096,16,6,0x0ed109c0,0x5701ce52,0xc24fdace,1,SUCCESS,1208,-1015,15,42,42,13,12,0
RANGE,-4096,4096,16,7,0x102ecf73,0x53c7612b,0xc24fdace,1,SUCCESS,6787,-1136,19,67,67,15,15,0
RANGE,-4096,4096,16,8,0xcf29b6a1,0x35231a84,0xc24fdace,1,SUCCESS,12995,-628,15,40,40,8,8,0
RANGE,-4096,4096,16,9,0xc49cbb42,0xd0a3bbb8,0xc24fdace,1,SUCCESS,3663,-4027,11,14,14,5,5,0
RANGE,-4096,4096,16,10,0x4cc51d23,0xee0e3ab4,0xc24fdace,1,SUCCESS,4554,4061,20,93,93,31,28,12
RANGE,-4096,4096,16,11,0xf9e8aa7a,0x3208c31a,0xc24fdace,1,SUCCESS,1208,-1015,15,41,41,10,10,0
RANGE,-4096,4096,16,12,0xdda8b051,0xc8105c9d,0xc24fdace,1,SUCCESS,645,768,18,42,42,12,10,0
RANGE,-4096,4096,16,13,0xabfb11bf,0xf5dec75e,0xc24fdace,1,SUCCESS,6787,-1136,17,61,61,20,18,0
RANGE,-4096,4096,16,14,0x20639811,0x6b6a7c47,0xc24fdace,1,SUCCESS,15376,-614,16,45,45,10,10,0
RANGE,-4096,4096,16,15,0xac72acd2,0xca84bc6c,0xc24fdace,1,SUCCESS,9777,2203,16,39,39,11,11,0
RANGE,-4096,4096,16,16,0x49a2da79,0xe1376725,0xc24fdace,1,SUCCESS,9777,2203,14,35,35,8,8,0
RANGE,-4096,4096,16,17,0x63a4e9d7,0x6166dba4,0xc24fdace,1,SUCCESS,13446,-543,15,30,30,10,9,0
RANGE,-4096,4096,16,18,0x8983f102,0x43fb6183,0xc24fdace,1,SUCCESS,13981,-1174,17,55,55,15,13,0
RANGE,-4096,4096,16,19,0xb671aa78,0xc97ad8a2,0xc24fdace,1,SUCCESS,13981,-1174,7,3,3,2,2,0
RANGE,-4096,4096,16,20,0xdaeb566a,0x989e5b3d,0xc24fdace,1,SUCCESS,12995,-628,15,33,33,9,9,0
RANGE,-4096,4096,16,21,0xf6181c00,0xa345ac4b,0xc24fdace,1,SUCCESS,6787,-1136,12,12,12,5,5,0
RANGE,-4096,4096,16,22,0x4e18d852,0xa08980df,0xc24fdace,1,SUCCESS,9998,-1243,12,18,18,5,5,0
RANGE,-4096,4096,16,23,0xa035ceba,0x611de4c4,0xc24fdace,1,SUCCESS,9270,2094,12,21,21,7,7,0
RANGE,-4096,4096,16,24,0xc2416ee4,0x7323f479,0xc24fdace,1,SUCCESS,12995,-628,12,28,28,7,7,0
RANGE,-4096,4096,16,25,0xfbdafbdd,0xa0c0cf2f,0xc24fdace,1,SUCCESS,15376,-614,18,55,55,15,15,0
RANGE,-4096,4096,16,26,0xa43fbf47,0x8de97b10,0xc24fdace,1,SUCCESS,5449,-2943,15,29,29,10,10,0
RANGE,-4096,4096,16,27,0x6811f7c1,0xcb07044a,0xc24fdace,1,SUCCESS,4728,-2771,14,32,32,10,10,0
RANGE,-4096,4096,16,28,0x610dde2c,0x8cf5deb9,0xc24fdace,1,SUCCESS,5449,-2943,11,17,17,5,5,0
RANGE,-4096,4096,16,29,0x82241b87,0xbbe27f39,0xc24fdace,1,SUCCESS,4728,-2771,18,62,62,21,19,0
RANGE,-4096,4096,16,30,0x48647490,0xea9551eb,0xc24fdace,1,SUCCESS,3663,-4027,19,63,63,26,25,0
RANGE,-4096,4096,16,31,0x63df3b7f,0xa8b057e1,0xc24fdace,1,SUCCESS,3663,-4027,14,35,35,9,9,0
RANGE,-4096,4096,16,32,0x433125bb,0x3221fef0,0xc24fdace,1,SUCCESS,12995,-628,7,4,4,1,1,0
RANGE,-4096,4096,16,33,0x7943be40,0x6641ee79,0xc24fdace,1,SUCCESS,1208,-1015,8,8,8,3,3,0
RANGE,-4096,4096,16,34,0x26c93252,0x675d2908,0xc24fdace,1,SUCCESS,645,768,9,12,12,4,4,0
RANGE,-4096,4096,16,35,0xdbe3ed49,0xa7cfea56,0xc24fdace,1,SUCCESS,16227,-1474,17,57,57,17,17,0
RANGE,-4096,4096,16,36,0xc2ec9bb4,0xbfc0ae9e,0xc24fdace,1,SUCCESS,16227,-1474,17,47,47,18,17,0
RANGE,-4096,4096,16,37,0xe7ec8559,0x307064ac,0xc24fdace,1,SUCCESS,9270,2094,16,28,28,9,7,0
RANGE,-4096,4096,16,38,0xccb88b54,0x2cf00158,0xc24fdace,1,SUCCESS,1208,-1015,17,70,70,16,16,0
RANGE,-4096,4096,16,39,0xb512e6a4,0x2b9e708c,0xc24fdace,1,SUCCESS,1208,-1015,15,31,31,9,9,0
RANGE,-4096,4096,16,40,0x7e2c3d82,0xa69fb195,0xc24fdace,1,SUCCESS,1208,-1015,15,28,28,8,8,0
RANGE,-4096,4096,16,41,0x58b3e5ad,0x23a21253,0xc24fdace,1,SUCCESS,4554,4061,17,61,61,21,17,0
RANGE,-4096,4096,16,42,0x9a07c40b,0x3ea78d8c,0xc24fdace,1,SUCCESS,15376,-614,15,34,34,12,12,0
RANGE,-4096,4096,16,43,0xf1f9a54b,0x7b00db61,0xc24fdace,1,SUCCESS,13446,-543,14,33,33,10,10,0
RANGE,-4096,4096,16,44,0xfba6212d,0xb8b8356a,0xc24fdace,1,SUCCESS,4554,4061,12,13,13,5,5,0
RANGE,-4096,4096,16,45,0x1ca60615,0xd753b84a,0xc24fdace,1,SUCCESS,6787,-1136,9,10,10,3,3,0
RANGE,-4096,4096,16,46,0xa085c93e,0x19b8504d,0xc24fdace,1,SUCCESS,6787,-1136,9,10,10,4,4,0
RANGE,-4096,4096,16,47,0x18190603,0xad0438b2,0xc24fdace,1,SUCCESS,1208,-1015,16,42,42,13,12,0
RANGE,-4096,4096,16,48,0xc1143c78,0xbbdab3cd,0xc24fdace,1,SUCCESS,15376,-614,13,13,13,6,6,0
RANGE,-4096,4096,16,49,0x332063fc,0x222ba57c,0xc24fdace,1,SUCCESS,12345,2314,4,1,1,1,1,0
RANGE,-4096,4096,16,50,0xd6f4066b,0xab9eb714,0xc24fdace,1,SUCCESS,9998,-1243,18,48,48,16,13,0
RANGE,-4096,4096,16,51,0x64b9628c,0x9cd8b518,0xc24fdace,1,SUCCESS,16227,-1474,15,37,37,9,9,0
RANGE,-4096,4096,16,52,0x894e6771,0x8a255c2e,0xc24fdace,1,SUCCESS,13446,-543,11,9,9,2,2,0
RANGE,-4096,4096,16,53,0xe3e668e8,0xff1f20c3,0xc24fdace,1,SUCCESS,9270,2094,20,77,77,26,25,0
RANGE,-4096,4096,16,54,0x36980406,0xfbdbfa61,0xc24fdace,1,SUCCESS,3663,-4027,11,22,22,5,5,0
RANGE,-4096,4096,16,55,0x114d2b4a,0xa617ad4e,0xc24fdace,1,SUCCESS,5449,-2943,13,22,22,4,4,0
RANGE,-4096,4096,16,56,0x3b8907e1,0x0c6cbd10,0xc24fdace,1,SUCCESS,645,768,8,7,7,3,3,0
RANGE,-4096,4096,16,57,0x2cd09c1d,0x964fb1a7,0xc24fdace,1,SUCCESS,12995,-628,15,38,38,9,9,0
RANGE,-4096,4096,16,58,0x6d7a8604,0xbd6f99c6,0xc24fdace,1,SUCCESS,13981,-1174,9,7,7,2,2,0
RANGE,-4096,4096,16,59,0x1fadaf42,0x60010aa3,0xc24fdace,1,SUCCESS,9777,2203,16,49,49,15,15,0
RANGE,-4096,4096,16,60,0x92fe7cfd,0xb54e2773,0xc24fdace,1,SUCCESS,4728,-2771,8,6,6,2,2,0
RANGE,-4096,4096,16,61,0x1aecb060,0x9c545eba,0xc24fdace,1,SUCCESS,15376,-614,15,34,34,11,10,0
RANGE,-4096,4096,16,62,0x91778cc3,0xbd1d1bc0,0xc24fdace,1,SUCCESS,645,768,17,52,52,13,12,0
RANGE,-4096,4096,16,63,0xe6b7e7eb,0xd542988e,0xc24fdace,1,SUCCESS,15376,-614,13,24,24,6,6,0
RANGE,-4096,4096,16,64,0x6770144c,0xd2d3c6e7,0xc24fdace,1,SUCCESS,4728,-2771,18,52,52,15,14,0
RANGE,-4096,4096,16,65,0xc600a248,0x0a1e0844,0xc24fdace,1,SUCCESS,4728,-2771,20,45,45,16,11,0
RANGE,-4096,4096,16,66,0x1ea4f830,0x2ef0f28e,0xc24fdace,1,SUCCESS,645,768,15,45,45,12,12,0
RANGE,-4096,4096,16,67,0x639604f3,0x7fe04f83,0xc24fdace,1,SUCCESS,1208,-1015,11,15,15,5,5,0
RANGE,-4096,4096,16,68,0x6e084a84,0xb643b17e,0xc24fdace,1,SUCCESS,12995,-628,11,18,18,6,6,0
RANGE,-4096,4096,16,69,0x3d7fc476,0x467d7a44,0xc24fdace,1,SUCCESS,6787,-1136,17,36,36,12,11,0
RANGE,-4096,4096,16,70,0xedca3875,0xefade11e,0xc24fdace,1,SUCCESS,4554,4061,9,10,10,3,3,0
RANGE,-4096,4096,16,71,0xb883121d,0x095c678c,0xc24fdace,1,SUCCESS,6787,-1136,20,70,70,28,25,0
RANGE,-4096,4096,16,72,0xace22797,0xbc422a9a,0xc24fdace,1,SUCCESS,645,768,17,51,51,13,12,0
RANGE,-4096,4096,16,73,0xefd3172d,0x8c2c3233,0xc24fdace,1,SUCCESS,13446,-543,11,15,15,5,5,0
RANGE,-4096,4096,16,74,0xe6aacdb5,0x7f1c158a,0xc24fdace,1,SUCCESS,1208,-1015,16,48,48,13,13,0
RANGE,-4096,4096,16,75,0x6566c598,0xca804b00,0xc24fdace,1,SUCCESS,15376,-614,14,31,31,6,6,0
RANGE,-4096,4096,16,76,0x4e646d9d,0xcbae5ac0,0xc24fdace,1,SUCCESS,13981,-1174,9,10,10,4,4,0
RANGE,-4096,4096,16,77,0x05d81d6f,0x260c4013,0xc24fdace,1,SUCCESS,9998,-1243,18,67,67,22,22,0
RANGE,-4096,4096,16,78,0x2018f6a3,0x5728c7f4,0xc24fdace,1,SUCCESS,4728,-2771,14,25,25,8,8,0
RANGE,-4096,4096,16,79,0x718ebf0c,0x4d7d460c,0xc24fdace,1,SUCCESS,4728,-2771,14,27,27,7,6,0
RANGE,-4096,4096,16,80,0x042a8f17,0x2093b3f4,0xc24fdace,1,SUCCESS,9777,2203,18,63,63,14,14,0
RANGE,-4096,4096,16,81,0xfc1c775d,0x35bd20f1,0xc24fdace,1,SUCCESS,3663,-4027,15,44,44,10,10,0
RANGE,-4096,4096,16,82,0x16b93b63,0x7d609ba5,0xc24fdace,1,SUCCESS,9777,2203,20,84,84,30,27,0
RANGE,-4096,4096,16,83,0x8ce1028e,0xb152e7ef,0xc24fdace,1,SUCCESS,15376,-614,14,23,23,9,8,0
RANGE,-4096,4096,16,84,0x87bad980,0x7dbefa97,0xc24fdace,1,SUCCESS,5449,-2943,12,23,23,7,7,0
RANGE,-4096,4096,16,85,0xd63d86f3,0xf5399cca,0xc24fdace,1,SUCCESS,12345,2314,19,67,67,28,23,0
RANGE,-4096,4096,16,86,0xeeaba102,0x01560fc0,0xc24fdace,1,SUCCESS,13981,-1174,19,62,62,19,19,0
RANGE,-4096,4096,16,87,0xc1fee4bb,0xc7e12d58,0xc24fdace,1,SUCCESS,6787,-1136,12,15,15,5,5,0
RANGE,-4096,4096,16,88,0x0707c9da,0xf644a3f9,0xc24fdace,1,SUCCESS,12345,2314,16,48,48,16,15,0
RANGE,-4096,4096,16,89,0xde0d9c30,0x58a2ee8f,0xc24fdace,1,SUCCESS,645,768,16,41,41,8,8,0
RANGE,-4096,4096,16,90,0x7cd0efc7,0x9f385cfb,0xc24fdace,1,SUCCESS,16227,-1474,13,12,12,6,6,0
RANGE,-4096,4096,16,91,0xe4cb50a6,0x94d13729,0xc24fdace,1,SUCCESS,3663,-4027,18,75,75,22,22,0
RANGE,-4096,4096,16,92,0xa0882219,0x18f75d24,0xc24fdace,1,SUCCESS,9777,2203,18,55,55,19,16,0
RANGE,-4096,4096,16,93,0xc435e6f2,0xf75a52bc,0xc24fdace,1,SUCCESS,6787,-1136,15,45,45,10,10,0
RANGE,-4096,4096,16,94,0x011b63f0,0x0aa34346,0xc24fdace,1,SUCCESS,645,768,18,62,62,27,22,0
RANGE,-4096,4096,16,95,0x1b456e77,0xee460f94,0xc24fdace,1,SUCCESS,12995,-628,5,4,4,2,2,0
RANGE,-4096,4096,16,96,0x10088608,0xef418331,0xc24fdace,1,SUCCESS,13446,-543,14,21,21,6,6,0
RANGE,-4096,4096,16,97,0x6fcfc352,0xf8fa9f4c,0xc24fdace,1,SUCCESS,6787,-1136,11,11,11,5,5,0
RANGE,-4096,4096,16,98,0xfb6077af,0x713595a9,0xc24fdace,1,SUCCESS,1208,-1015,12,17,17,7,7,0
RANGE,-4096,4096,16,99,0xc6ebb72e,0x08fdf109,0xc24fdace,1,SUCCESS,4554,4061,19,70,70,17,17,0
RANGE,-4096,4096,64,0,0x7b1dcdaf,0x24370df2,0x4f2d645d,1,SUCCESS,6171,1345,14,22,22,5,5,5
RANGE,-4096,4096,64,1,0x3a85a4dc,0xa3b9aa35,0x4f2d645d,1,SUCCESS,13589,-734,11,9,9,4,4,0
RANGE,-4096,4096,64,2,0x6162a8b2,0x871c276f,0x4f2d645d,1,SUCCESS,16227,-1474,14,34,34,9,9,4
RANGE,-4096,4096,64,3,0xc3adc34e,0xf5b8f22b,0x4f2d645d,1,SUCCESS,16227,-1474,9,8,8,4,4,0
RANGE,-4096,4096,64,4,0x2bb073ff,0x3f8396e3,0x4f2d645d,1,SUCCESS,3669,3592,13,21,21,7,7,0
RANGE,-4096,4096,64,5,0xda585ab3,0xa7197ad7,0x4f2d645d,1,SUCCESS,11383,3702,15,18,18,5,5,0
RANGE,-4096,4096,64,6,0x0ed109c0,0x5701ce52,0x4f2d645d,1,SUCCESS,4695,-731,15,42,42,13,12,3
RANGE,-4096,4096,64,7,0x102ecf73,0x53c7612b,0x4f2d645d,1,SUCCESS,15073,-866,8,8,8,3,3,0
RANGE,-4096,4096,64,8,0xcf29b6a1,0x35231a84,0x4f2d645d,1,SUCCESS,12995,-628,10,8,8,4,4,0
RANGE,-4096,4096,64,9,0xc49cbb42,0xd0a3bbb8,0x4f2d645d,1,SUCCESS,8166,2259,10,9,9,2,2,0
RANGE,-4096,4096,64,10,0x4cc51d23,0xee0e3ab4,0x4f2d645d,1,SUCCESS,8771,-3801,5,4,4,2,2,0
RANGE,-4096,4096,64,11,0xf9e8aa7a,0x3208c31a,0x4f2d645d,1,SUCCESS,1236,1692,12,19,19,7,7,0
RANGE,-4096,4096,64,12,0xdda8b051,0xc8105c9d,0x4f2d645d,1,SUCCESS,318,626,14,20,20,10,10,0
RANGE,-4096,4096,64,13,0xabfb11bf,0xf5dec75e,0x4f2d645d,1,SUCCESS,13135,465,7,7,7,2,2,0
RANGE,-4096,4096,64,14,0x20639811,0x6b6a7c47,0x4f2d645d,1,SUCCESS,14698,-2746,12,19,19,6,6,0
RANGE,-4096,4096,64,15,0xac72acd2,0xca84bc6c,0x4f2d645d,1,SUCCESS,16151,-1400,13,18,18,6,6,0
RANGE,-4096,4096,64,16,0x49a2da79,0xe1376725,0x4f2d645d,1,SUCCESS,12560,207,13,30,30,8,8,0
RANGE,-4096,4096,64,17,0x63a4e9d7,0x6166dba4,0x4f2d645d,1,SUCCESS,13599,-583,15,30,30,10,9,0
RANGE,-4096,4096,64,18,0x8983f102,0x43fb6183,0x4f2d645d,1,SUCCESS,13981,-1174,13,18,18,8,8,0
RANGE,-4096,4096,64,19,0xb671aa78,0xc97ad8a2,0x4f2d645d,1,SUCCESS,13981,-1174,8,4,4,2,2,0
RANGE,-4096,4096,64,20,0xdaeb566a,0x989e5b3d,0x4f2d645d,1,SUCCESS,6855,-2726,9,9,9,4,4,0
RANGE,-4096,4096,64,21,0xf6181c00,0xa345ac4b,0x4f2d645d,1,SUCCESS,3675,78,14,23,23,6,6,0
RANGE,-4096,4096,64,22,0x4e18d852,0xa08980df,0x4f2d645d,1,SUCCESS,14698,-2746,11,13,13,4,4,0
RANGE,-4096,4096,64,23,0xa035ceba,0x611de4c4,0x4f2d645d,1,SUCCESS,6787,-1136,5,4,4,2,2,0
RANGE,-4096,4096,64,24,0xc2416ee4,0x7323f479,0x4f2d645d,1,SUCCESS,8431,1225,11,21,21,6,6,0
RANGE,-4096,4096,64,25,0xfbdafbdd,0xa0c0cf2f,0x4f2d645d,1,SUCCESS,15678,3772,16,38,38,10,10,0
RANGE,-4096,4096,64,26,0xa43fbf47,0x8de97b10,0x4f2d645d,1,SUCCESS,1111,3018,7,3,3,2,2,0
RANGE,-4096,4096,64,27,0x6811f7c1,0xcb07044a,0x4f2d645d,1,SUCCESS,6787,-1136,12,17,17,4,4,0
RANGE,-4096,4096,64,28,0x610dde2c,0x8cf5deb9,0x4f2d645d,1,SUCCESS,12495,-3747,5,4,4,2,2,0
RANGE,-4096,4096,64,29,0x82241b87,0xbbe27f39,0x4f2d645d,1,SUCCESS,1691,-1050,3,1,1,1,1,0
RANGE,-4096,4096,64,30,0x48647490,0xea9551eb,0x4f2d645d,1,SUCCESS,4475,-1764,7,3,3,1,1,0
RANGE,-4096,4096,64,31,0x63df3b7f,0xa8b057e1,0x4f2d645d,1,SUCCESS,318,626,11,19,19,5,5,0
RANGE,-4096,4096,64,32,0x433125bb,0x3221fef0,0x4f2d645d,1,SUCCESS,11383,3702,16,35,35,7,7,0
RANGE,-4096,4096,64,33,0x7943be40,0x6641ee79,0x4f2d645d,1,SUCCESS,8166,2259,8,8,8,3,3,0
RANGE,-4096,4096,64,34,0x26c93252,0x675d2908,0x4f2d645d,1,SUCCESS,318,626,5,3,3,2,2,0
RANGE,-4096,4096,64,35,0xdbe3ed49,0xa7cfea56,0x4f2d645d,1,SUCCESS,12495,-3747,15,30,30,12,12,0
RANGE,-4096,4096,64,36,0xc2ec9bb4,0xbfc0ae9e,0x4f2d645d,1,SUCCESS,6855,-2726,14,23,23,9,9,0
RANGE,-4096,4096,64,37,0xe7ec8559,0x307064ac,0x4f2d645d,1,SUCCESS,13446,-543,4,2,2,1,1,0
RANGE,-4096,4096,64,38,0xccb88b54,0x2cf00158,0x4f2d645d,1,SUCCESS,15073,-866,5,4,4,2,2,0
RANGE,-4096,4096,64,39,0xb512e6a4,0x2b9e708c,0x4f2d645d,1,SUCCESS,6855,-2726,2,1,1,1,1,0
RANGE,-4096,4096,64,40,0x7e2c3d82,0xa69fb195,0x4f2d645d,1,SUCCESS,8166,2259,11,14,14,5,5,0
RANGE,-4096,4096,64,41,0x58b3e5ad,0x23a21253,0x4f2d645d,1,SUCCESS,645,768,14,29,29,9,9,0
RANGE,-4096,4096,64,42,0x9a07c40b,0x3ea78d8c,0x4f2d645d,1,SUCCESS,6787,-1136,11,12,12,5,5,0
RANGE,-4096,4096,64,43,0xf1f9a54b,0x7b00db61,0x4f2d645d,1,SUCCESS,12345,2314,10,12,12,5,5,0
RANGE,-4096,4096,64,44,0xfba6212d,0xb8b8356a,0x4f2d645d,1,SUCCESS,4299,-3541,12,13,13,5,5,0
RANGE,-4096,4096,64,45,0x1ca60615,0xd753b84a,0x4f2d645d,1,SUCCESS,8166,2259,11,14,14,4,4,0
RANGE,-4096,4096,64,46,0xa085c93e,0x19b8504d,0x4f2d645d,1,SUCCESS,12995,-628,13,28,28,7,7,0
RANGE,-4096,4096,64,47,0x18190603,0xad0438b2,0x4f2d645d,1,SUCCESS,6075,-3833,15,30,30,13,12,0
RANGE,-4096,4096,64,48,0xc1143c78,0xbbdab3cd,0x4f2d645d,1,SUCCESS,4299,-3541,17,27,27,10,8,0
RANGE,-4096,4096,64,49,0x332063fc,0x222ba57c,0x4f2d645d,1,SUCCESS,5193,2575,14,27,27,6,6,0
RANGE,-4096,4096,64,50,0xd6f4066b,0xab9eb714,0x4f2d645d,1,SUCCESS,4554,4061,6,3,3,2,2,0
RANGE,-4096,4096,64,51,0x64b9628c,0x9cd8b518,0x4f2d645d,1,SUCCESS,14356,-58,8,10,10,3,3,0
RANGE,-4096,4096,64,52,0x894e6771,0x8a255c2e,0x4f2d645d,1,SUCCESS,4728,-2771,8,5,5,2,2,0
RANGE,-4096,4096,64,53,0xe3e668e8,0xff1f20c3,0x4f2d645d,1,SUCCESS,16227,-1474,2,1,1,1,1,0
RANGE,-4096,4096,64,54,0x36980406,0xfbdbfa61,0x4f2d645d,1,SUCCESS,14356,-58,9,13,13,4,4,0
RANGE,-4096,4096,64,55,0x114d2b4a,0xa617ad4e,0x4f2d645d,1,SUCCESS,13446,-543,9,11,11,4,4,0
RANGE,-4096,4096,64,56,0x3b8907e1,0x0c6cbd10,0x4f2d645d,1,SUCCESS,9998,-1243,14,15,15,3,3,0
RANGE,-4096,4096,64,57,0x2cd09c1d,0x964fb1a7,0x4f2d645d,1,SUCCESS,4100,1363,12,15,15,5,5,0
RANGE,-4096,4096,64,58,0x6d7a8604,0xbd6f99c6,0x4f2d645d,1,SUCCESS,3669,3592,10,11,11,4,4,0
RANGE,-4096,4096,64,59,0x1fadaf42,0x60010aa3,0x4f2d645d,1,SUCCESS,4554,4061,6,5,5,2,2,0
RANGE,-4096,4096,64,60,0x92fe7cfd,0xb54e2773,0x4f2d645d,1,SUCCESS,4695,-731,8,6,6,2,2,0
RANGE,-4096,4096,64,61,0x1aecb060,0x9c545eba,0x4f2d645d,1,SUCCESS,13222,-1247,10,13,13,3,3,0
RANGE,-4096,4096,64,62,0x91778cc3,0xbd1d1bc0,0x4f2d645d,1,SUCCESS,5959,-2036,10,13,13,5,5,0
RANGE,-4096,4096,64,63,0xe6b7e7eb,0xd542988e,0x4f2d645d,1,SUCCESS,14134,227,14,34,34,10,10,0
RANGE,-4096,4096,64,64,0x6770144c,0xd2d3c6e7,0x4f2d645d,1,SUCCESS,3669,3592,8,4,4,2,2,0
RANGE,-4096,4096,64,65,0xc600a248,0x0a1e0844,0x4f2d645d,1,SUCCESS,7089,3669,16,39,39,12,11,0
RANGE,-4096,4096,64,66,0x1ea4f830,0x2ef0f28e,0x4f2d645d,1,SUCCESS,1835,477,10,7,7,5,5,0
RANGE,-4096,4096,64,67,0x639604f3,0x7fe04f83,0x4f2d645d,1,SUCCESS,5449,-2943,10,10,10,4,4,0
RANGE,-4096,4096,64,68,0x6e084a84,0xb643b17e,0x4f2d645d,1,SUCCESS,5193,2575,6,3,3,1,1,0
RANGE,-4096,4096,64,69,0x3d7fc476,0x467d7a44,0x4f2d645d,1,SUCCESS,8771,-3801,15,23,23,5,5,0
RANGE,-4096,4096,64,70,0xedca3875,0xefade11e,0x4f2d645d,1,SUCCESS,5193,2575,8,7,7,2,2,0
RANGE,-4096,4096,64,71,0xb883121d,0x095c678c,0x4f2d645d,1,SUCCESS,3669,3592,16,27,27,12,11,0
RANGE,-4096,4096,64,72,0xace22797,0xbc422a9a,0x4f2d645d,1,SUCCESS,2272,-2760,9,10,10,4,4,0
RANGE,-4096,4096,64,73,0xefd3172d,0x8c2c3233,0x4f2d645d,1,SUCCESS,13135,465,5,4,4,2,2,0
RANGE,-4096,4096,64,74,0xe6aacdb5,0x7f1c158a,0x4f2d645d,1,SUCCESS,12299,1447,15,35,35,9,9,0
RANGE,-4096,4096,64,75,0x6566c598,0xca804b00,0x4f2d645d,1,SUCCESS,883,-3821,10,12,12,4,4,0
RANGE,-4096,4096,64,76,0x4e646d9d,0xcbae5ac0,0x4f2d645d,1,SUCCESS,14084,1681,9,10,10,4,4,0
RANGE,-4096,4096,64,77,0x05d81d6f,0x260c4013,0x4f2d645d,1,SUCCESS,3428,-3946,9,10,10,3,3,0
RANGE,-4096,4096,64,78,0x2018f6a3,0x5728c7f4,0x4f2d645d,1,SUCCESS,4299,-3541,14,25,25,8,8,0
RANGE,-4096,4096,64,79,0x718ebf0c,0x4d7d460c,0x4f2d645d,1,SUCCESS,1236,1692,8,8,8,3,3,0
RANGE,-4096,4096,64,80,0x042a8f17,0x2093b3f4,0x4f2d645d,1,SUCCESS,8431,1225,10,10,10,5,5,0
RANGE,-4096,4096,64,81,0xfc1c775d,0x35bd20f1,0x4f2d645d,1,SUCCESS,1835,477,13,28,28,5,5,0
RANGE,-4096,4096,64,82,0x16b93b63,0x7d609ba5,0x4f2d645d,1,SUCCESS,12495,-3747,12,18,18,5,5,0
RANGE,-4096,4096,64,83,0x8ce1028e,0xb152e7ef,0x4f2d645d,1,SUCCESS,6075,-3833,14,23,23,9,8,0
RANGE,-4096,4096,64,84,0x87bad980,0x7dbefa97,0x4f2d645d,1,SUCCESS,15073,-866,9,11,11,4,4,0
RANGE,-4096,4096,64,85,0xd63d86f3,0xf5399cca,0x4f2d645d,1,SUCCESS,15678,3772,12,21,21,7,7,0
RANGE,-4096,4096,64,86,0xeeaba102,0x01560fc0,0x4f2d645d,1,SUCCESS,1111,3018,12,19,19,6,6,0
RANGE,-4096,4096,64,87,0xc1fee4bb,0xc7e12d58,0x4f2d645d,1,SUCCESS,12345,2314,13,23,23,8,8,0
RANGE,-4096,4096,64,88,0x0707c9da,0xf644a3f9,0x4f2d645d,1,SUCCESS,318,626,12,19,19,5,5,0
RANGE,-4096,4096,64,89,0xde0d9c30,0x58a2ee8f,0x4f2d645d,1,SUCCESS,698,-2344,13,19,19,5,5,0
RANGE,-4096,4096,64,90,0x7cd0efc7,0x9f385cfb,0x4f2d645d,1,SUCCESS,9777,2203,14,19,19,7,7,0
RANGE,-4096,4096,64,91,0xe4cb50a6,0x94d13729,0x4f2d645d,1,SUCCESS,2272,-2760,15,24,24,8,8,0
RANGE,-4096,4096,64,92,0xa0882219,0x18f75d24,0x4f2d645d,1,SUCCESS,6075,-3833,11,13,13,6,6,0
RANGE,-4096,4096,64,93,0xc435e6f2,0xf75a52bc,0x4f2d645d,1,SUCCESS,4299,-3541,12,25,25,6,6,0
RANGE,-4096,4096,64,94,0x011b63f0,0x0aa34346,0x4f2d645d,1,SUCCESS,883,-3821,13,21,21,7,7,0
RANGE,-4096,4096,64,95,0x1b456e77,0xee460f94,0x4f2d645d,1,SUCCESS,8166,2259,4,2,2,1,1,0
RANGE,-4096,4096,64,96,0x10088608,0xef418331,0x4f2d645d,1,SUCCESS,15073,-866,6,4,4,1,1,0
RANGE,-4096,4096,64,97,0x6fcfc352,0xf8fa9f4c,0x4f2d645d,1,SUCCESS,15073,-866,8,5,5,2,2,0
RANGE,-4096,4096,64,98,0xfb6077af,0x713595a9,0x4f2d645d,1,SUCCESS,1691,-1050,12,17,17,7,7,0
RANGE,-4096,4096,64,99,0xc6ebb72e,0x08fdf109,0x4f2d645d,1,SUCCESS,9270,2094,12,18,18,6,6,0
RANGE,-4096,4096,256,0,0x7b1dcdaf,0x24370df2,0x0d48036a,1,SUCCESS,12101,-2751,2,1,1,1,1,1
RANGE,-4096,4096,256,1,0x3a85a4dc,0xa3b9aa35,0x0d48036a,1,SUCCESS,1860,-2151,10,5,5,2,2,1
RANGE,-4096,4096,256,2,0x6162a8b2,0x871c276f,0x0d48036a,1,SUCCESS,7612,-2447,1,0,0,0,0,0
RANGE,-4096,4096,256,3,0xc3adc34e,0xf5b8f22b,0x0d48036a,1,SUCCESS,16113,1308,9,8,8,4,4,2
RANGE,-4096,4096,256,4,0x2bb073ff,0x3f8396e3,0x0d48036a,1,SUCCESS,4785,-3064,8,4,4,2,2,0
RANGE,-4096,4096,256,5,0xda585ab3,0xa7197ad7,0x0d48036a,1,SUCCESS,1511,-1704,11,9,9,4,4,0
RANGE,-4096,4096,256,6,0x0ed109c0,0x5701ce52,0x0d48036a,1,SUCCESS,598,3880,9,14,14,4,4,0
RANGE,-4096,4096,256,7,0x102ecf73,0x53c7612b,0x0d48036a,1,SUCCESS,6718,-633,5,3,3,1,1,0
RANGE,-4096,4096,256,8,0xcf29b6a1,0x35231a84,0x0d48036a,1,SUCCESS,12890,-3479,9,4,4,2,2,0
RANGE,-4096,4096,256,9,0xc49cbb42,0xd0a3bbb8,0x0d48036a,1,SUCCESS,6618,224,9,7,7,2,2,0
RANGE,-4096,4096,256,10,0x4cc51d23,0xee0e3ab4,0x0d48036a,1,SUCCESS,5193,2575,7,6,6,2,2,0
RANGE,-4096,4096,256,11,0xf9e8aa7a,0x3208c31a,0x0d48036a,1,SUCCESS,11800,-2201,9,10,10,3,3,0
RANGE,-4096,4096,256,12,0xdda8b051,0xc8105c9d,0x0d48036a,1,SUCCESS,591,-455,13,10,10,3,3,0
RANGE,-4096,4096,256,13,0xabfb11bf,0xf5dec75e,0x0d48036a,1,SUCCESS,2714,-4014,3,1,1,1,1,0
RANGE,-4096,4096,256,14,0x20639811,0x6b6a7c47,0x0d48036a,1,SUCCESS,6544,298,3,2,2,1,1,0
RANGE,-4096,4096,256,15,0xac72acd2,0xca84bc6c,0x0d48036a,1,SUCCESS,7061,575,10,7,7,4,4,0
RANGE,-4096,4096,256,16,0x49a2da79,0xe1376725,0x0d48036a,1,SUCCESS,13958,3326,7,6,6,2,2,0
RANGE,-4096,4096,256,17,0x63a4e9d7,0x6166dba4,0x0d48036a,1,SUCCESS,8833,-2331,6,5,5,2,2,0
RANGE,-4096,4096,256,18,0x8983f102,0x43fb6183,0x0d48036a,1,SUCCESS,12101,-2751,6,3,3,1,1,0
RANGE,-4096,4096,256,19,0xb671aa78,0xc97ad8a2,0x0d48036a,1,SUCCESS,14110,3958,7,3,3,2,2,0
RANGE,-4096,4096,256,20,0xdaeb566a,0x989e5b3d,0x0d48036a,1,SUCCESS,6313,3315,9,9,9,4,4,0
RANGE,-4096,4096,256,21,0xf6181c00,0xa345ac4b,0x0d48036a,1,SUCCESS,4836,-1429,10,5,5,4,4,0
RANGE,-4096,4096,256,22,0x4e18d852,0xa08980df,0x0d48036a,1,SUCCESS,2313,2221,5,1,1,1,1,0
RANGE,-4096,4096,256,23,0xa035ceba,0x611de4c4,0x0d48036a,1,SUCCESS,6595,1025,5,4,4,2,2,0
RANGE,-4096,4096,256,24,0xc2416ee4,0x7323f479,0x0d48036a,1,SUCCESS,6282,-619,6,6,6,2,2,0
RANGE,-4096,4096,256,25,0xfbdafbdd,0xa0c0cf2f,0x0d48036a,1,SUCCESS,10141,656,10,8,8,2,2,0
RANGE,-4096,4096,256,26,0xa43fbf47,0x8de97b10,0x0d48036a,1,SUCCESS,6544,298,9,6,6,2,2,0
RANGE,-4096,4096,256,27,0x6811f7c1,0xcb07044a,0x0d48036a,1,SUCCESS,10759,4069,6,4,4,2,2,0
RANGE,-4096,4096,256,28,0x610dde2c,0x8cf5deb9,0x0d48036a,1,SUCCESS,12495,-3747,5,4,4,2,2,0
RANGE,-4096,4096,256,29,0x82241b87,0xbbe27f39,0x0d48036a,1,SUCCESS,14698,-2746,7,6,6,2,2,0
RANGE,-4096,4096,256,30,0x48647490,0xea9551eb,0x0d48036a,1,SUCCESS,13981,-1174,3,1,1,1,1,0
RANGE,-4096,4096,256,31,0x63df3b7f,0xa8b057e1,0x0d48036a,1,SUCCESS,15984,2155,4,2,2,1,1,0
RANGE,-4096,4096,256,32,0x433125bb,0x3221fef0,0x0d48036a,1,SUCCESS,12442,-3189,10,12,12,4,4,0
RANGE,-4096,4096,256,33,0x7943be40,0x6641ee79,0x0d48036a,1,SUCCESS,1165,-3955,8,8,8,3,3,0
RANGE,-4096,4096,256,34,0x26c93252,0x675d2908,0x0d48036a,1,SUCCESS,1409,-221,8,8,8,3,3,0
RANGE,-4096,4096,256,35,0xdbe3ed49,0xa7cfea56,0x0d48036a,1,SUCCESS,4695,-731,2,1,1,1,1,0
RANGE,-4096,4096,256,36,0xc2ec9bb4,0xbfc0ae9e,0x0d48036a,1,SUCCESS,15925,-2305,4,0,0,0,0,0
RANGE,-4096,4096,256,37,0xe7ec8559,0x307064ac,0x0d48036a,1,SUCCESS,15604,-3833,9,8,8,2,2,0
RANGE,-4096,4096,256,38,0xccb88b54,0x2cf00158,0x0d48036a,1,SUCCESS,15120,1624,5,4,4,2,2,0
RANGE,-4096,4096,256,39,0xb512e6a4,0x2b9e708c,0x0d48036a,1,SUCCESS,1027,2796,5,4,4,2,2,0
RANGE,-4096,4096,256,40,0x7e2c3d82,0xa69fb195,0x0d48036a,1,SUCCESS,14134,227,4,2,2,1,1,0
RANGE,-4096,4096,256,41,0x58b3e5ad,0x23a21253,0x0d48036a,1,SUCCESS,7167,-3522,5,4,4,2,2,0
RANGE,-4096,4096,256,42,0x9a07c40b,0x3ea78d8c,0x0d48036a,1,SUCCESS,13599,-583,9,3,3,1,1,0
RANGE,-4096,4096,256,43,0xf1f9a54b,0x7b00db61,0x0d48036a,1,SUCCESS,598,3880,2,1,1,1,1,0
RANGE,-4096,4096,256,44,0xfba6212d,0xb8b8356a,0x0d48036a,1,SUCCESS,10982,2141,9,5,5,2,2,0
RANGE,-4096,4096,256,45,0x1ca60615,0xd753b84a,0x0d48036a,1,SUCCESS,1409,-221,7,6,6,2,2,0
RANGE,-4096,4096,256,46,0xa085c93e,0x19b8504d,0x0d48036a,1,SUCCESS,6718,-633,6,3,3,2,2,0
RANGE,-4096,4096,256,47,0x18190603,0xad0438b2,0x0d48036a,1,SUCCESS,12995,-628,8,3,3,2,2,0
RANGE,-4096,4096,256,48,0xc1143c78,0xbbdab3cd,0x0d48036a,1,SUCCESS,10759,4069,11,7,7,4,4,0
RANGE,-4096,4096,256,49,0x332063fc,0x222ba57c,0x0d48036a,1,SUCCESS,13195,-3032,5,2,2,1,1,0
RANGE,-4096,4096,256,50,0xd6f4066b,0xab9eb714,0x0d48036a,1,SUCCESS,2464,796,5,1,1,1,1,0
RANGE,-4096,4096,256,51,0x64b9628c,0x9cd8b518,0x0d48036a,1,SUCCESS,14515,-2810,8,10,10,3,3,0
RANGE,-4096,4096,256,52,0x894e6771,0x8a255c2e,0x0d48036a,1,SUCCESS,4734,813,8,5,5,2,2,0
RANGE,-4096,4096,256,53,0xe3e668e8,0xff1f20c3,0x0d48036a,1,SUCCESS,8740,-1739,9,7,7,3,3,0
RANGE,-4096,4096,256,54,0x36980406,0xfbdbfa61,0x0d48036a,1,SUCCESS,8565,1388,6,6,6,2,2,0
RANGE,-4096,4096,256,55,0x114d2b4a,0xa617ad4e,0x0d48036a,1,SUCCESS,11006,14,7,7,7,2,2,0
RANGE,-4096,4096,256,56,0x3b8907e1,0x0c6cbd10,0x0d48036a,1,SUCCESS,645,768,8,7,7,3,3,0
RANGE,-4096,4096,256,57,0x2cd09c1d,0x964fb1a7,0x0d48036a,1,SUCCESS,9296,-1665,11,10,10,5,5,1
RANGE,-4096,4096,256,58,0x6d7a8604,0xbd6f99c6,0x0d48036a,1,SUCCESS,9405,1321,2,1,1,1,1,0
RANGE,-4096,4096,256,59,0x1fadaf42,0x60010aa3,0x0d48036a,1,SUCCESS,1873,350,8,7,7,2,2,0
RANGE,-4096,4096,256,60,0x92fe7cfd,0xb54e2773,0x0d48036a,1,SUCCESS,2026,-2644,5,2,2,1,1,0
RANGE,-4096,4096,256,61,0x1aecb060,0x9c545eba,0x0d48036a,1,SUCCESS,5893,-2240,5,4,4,2,2,0
RANGE,-4096,4096,256,62,0x91778cc3,0xbd1d1bc0,0x0d48036a,1,SUCCESS,6787,-1136,3,1,1,1,1,0
RANGE,-4096,4096,256,63,0xe6b7e7eb,0xd542988e,0x0d48036a,1,SUCCESS,5449,-2943,5,3,3,2,2,0
RANGE,-4096,4096,256,64,0x6770144c,0xd2d3c6e7,0x0d48036a,1,SUCCESS,9240,-1467,6,2,2,2,2,0
RANGE,-4096,4096,256,65,0xc600a248,0x0a1e0844,0x0d48036a,1,SUCCESS,10323,-26,6,3,3,2,2,0
RANGE,-4096,4096,256,66,0x1ea4f830,0x2ef0f28e,0x0d48036a,1,SUCCESS,11968,3802,3,1,1,1,1,0
RANGE,-4096,4096,256,67,0x639604f3,0x7fe04f83,0x0d48036a,1,SUCCESS,6987,-2316,6,6,6,2,2,0
RANGE,-4096,4096,256,68,0x6e084a84,0xb643b17e,0x0d48036a,1,SUCCESS,5170,3782,6,3,3,1,1,0
RANGE,-4096,4096,256,69,0x3d7fc476,0x467d7a44,0x0d48036a,1,SUCCESS,12880,1397,2,1,1,1,1,0
RANGE,-4096,4096,256,70,0xedca3875,0xefade11e,0x0d48036a,1,SUCCESS,4430,74,9,10,10,3,3,0
RANGE,-4096,4096,256,71,0xb883121d,0x095c678c,0x0d48036a,1,SUCCESS,8836,-3872,12,13,13,3,3,0
RANGE,-4096,4096,256,72,0xace22797,0xbc422a9a,0x0d48036a,1,SUCCESS,1409,-221,8,6,6,2,2,0
RANGE,-4096,4096,256,73,0xefd3172d,0x8c2c3233,0x0d48036a,1,SUCCESS,12874,4091,4,2,2,1,1,0
RANGE,-4096,4096,256,74,0xe6aacdb5,0x7f1c158a,0x0d48036a,1,SUCCESS,5526,3979,9,10,10,3,3,0
RANGE,-4096,4096,256,75,0x6566c598,0xca804b00,0x0d48036a,1,SUCCESS,2756,874,9,9,9,4,4,0
RANGE,-4096,4096,256,76,0x4e646d9d,0xcbae5ac0,0x0d48036a,1,SUCCESS,4708,-911,8,6,6,2,2,0
RANGE,-4096,4096,256,77,0x05d81d6f,0x260c4013,0x0d48036a,1,SUCCESS,14134,227,5,3,3,2,2,0
RANGE,-4096,4096,256,78,0x2018f6a3,0x5728c7f4,0x0d48036a,1,SUCCESS,7219,43,7,7,7,2,2,0
RANGE,-4096,4096,256,79,0x718ebf0c,0x4d7d460c,0x0d48036a,1,SUCCESS,6313,3315,7,5,5,2,2,0
RANGE,-4096,4096,256,80,0x042a8f17,0x2093b3f4,0x0d48036a,1,SUCCESS,8709,-3403,8,4,4,2,2,0
RANGE,-4096,4096,256,81,0xfc1c775d,0x35bd20f1,0x0d48036a,1,SUCCESS,15037,-3396,5,3,3,1,1,0
RANGE,-4096,4096,256,82,0x16b93b63,0x7d609ba5,0x0d48036a,1,SUCCESS,7219,43,9,10,10,4,4,0
RANGE,-4096,4096,256,83,0x8ce1028e,0xb152e7ef,0x0d48036a,1,SUCCESS,2981,-1400,10,12,12,5,5,0
RANGE,-4096,4096,256,84,0x87bad980,0x7dbefa97,0x0d48036a,1,SUCCESS,1165,-3955,13,26,26,8,7,2
RANGE,-4096,4096,256,85,0xd63d86f3,0xf5399cca,0x0d48036a,1,SUCCESS,1622,-746,2,1,1,1,1,0
RANGE,-4096,4096,256,86,0xeeaba102,0x01560fc0,0x0d48036a,1,SUCCESS,2981,-1400,10,10,10,4,4,0
RANGE,-4096,4096,256,87,0xc1fee4bb,0xc7e12d58,0x0d48036a,1,SUCCESS,11006,14,6,5,5,2,2,0
RANGE,-4096,4096,256,88,0x0707c9da,0xf644a3f9,0x0d48036a,1,SUCCESS,12629,-3988,10,10,10,4,4,0
RANGE,-4096,4096,256,89,0xde0d9c30,0x58a2ee8f,0x0d48036a,1,SUCCESS,5920,357,3,1,1,1,1,0
RANGE,-4096,4096,256,90,0x7cd0efc7,0x9f385cfb,0x0d48036a,1,SUCCESS,480,-2190,4,2,2,1,1,0
RANGE,-4096,4096,256,91,0xe4cb50a6,0x94d13729,0x0d48036a,1,SUCCESS,533,909,13,10,10,3,3,0
RANGE,-4096,4096,256,92,0xa0882219,0x18f75d24,0x0d48036a,1,SUCCESS,5364,2037,3,1,1,1,1,0
RANGE,-4096,4096,256,93,0xc435e6f2,0xf75a52bc,0x0d48036a,1,SUCCESS,2151,3011,3,2,2,1,1,0
RANGE,-4096,4096,256,94,0x011b63f0,0x0aa34346,0x0d48036a,1,SUCCESS,14139,-261,9,7,7,4,4,0
RANGE,-4096,4096,256,95,0x1b456e77,0xee460f94,0x0d48036a,1,SUCCESS,13135,465,5,4,4,2,2,0
RANGE,-4096,4096,256,96,0x10088608,0xef418331,0x0d48036a,1,SUCCESS,4116,-3709,7,6,6,2,2,0
RANGE,-4096,4096,256,97,0x6fcfc352,0xf8fa9f4c,0x0d48036a,1,SUCCESS,2859,-2006,7,5,5,2,2,0
RANGE,-4096,4096,256,98,0xfb6077af,0x713595a9,0x0d48036a,1,SUCCESS,1236,1692,12,17,17,7,7,0
RANGE,-4096,4096,256,99,0xc6ebb72e,0x08fdf109,0x0d48036a,1,SUCCESS,6987,-2316,8,8,8,2,2,0
