predicate,m,seed_idx,mode,rc,result_index,result_value,trial,l_bbht,iter,cycles,status
LT,1,0,normal,OK,6004,-28307,15,30,30,22580,0x0000080c
LT,1,1,normal,OK,6004,-28307,23,132,132,55271,0x0000080c
LT,1,2,normal,OK,6004,-28307,21,141,141,57460,0x0000080c
LT,1,3,normal,OK,6004,-28307,24,192,192,74364,0x0000080c
LT,1,4,normal,OK,6004,-28307,20,108,108,47394,0x0000080c
LT,1,5,normal,OK,6004,-28307,21,96,96,45141,0x0000080c
LT,1,6,normal,OK,6004,-28307,24,207,207,76835,0x0000080c
LT,1,7,normal,OK,6004,-28307,12,25,25,17354,0x0000080c
LT,1,8,normal,OK,6004,-28307,25,183,183,72843,0x0000080c
LT,1,9,normal,OK,6004,-28307,24,148,148,62646,0x0000080c
LT,1,10,normal,OK,6004,-28307,24,195,195,73684,0x0000080c
LT,1,11,normal,OK,6004,-28307,25,218,218,80038,0x0000080c
LT,1,12,normal,OK,6004,-28307,26,276,276,97814,0x0000080c
LT,1,13,normal,OK,6004,-28307,17,61,61,33446,0x0000080c
LT,1,14,normal,OK,6004,-28307,25,221,221,83790,0x0000080c
LT,1,15,normal,OK,6004,-28307,26,234,234,87428,0x0000080c
LT,1,16,normal,OK,6004,-28307,23,175,175,68661,0x0000080c
LT,1,17,normal,OK,6004,-28307,28,359,359,121723,0x0000088c
LT,1,18,normal,OK,6004,-28307,23,151,151,62432,0x0000080c
LT,1,19,normal,OK,6004,-28307,28,371,371,125461,0x0000088c
LT,1,20,normal,OK,6004,-28307,27,311,311,109884,0x0000080c
LT,1,21,normal,OK,6004,-28307,22,105,105,48692,0x0000080c
LT,1,22,normal,OK,6004,-28307,19,72,72,36798,0x0000080c
LT,1,23,normal,OK,6004,-28307,26,337,337,114742,0x0000080c
LT,1,24,normal,OK,6004,-28307,20,122,122,51486,0x0000080c
LT,1,25,normal,OK,6004,-28307,25,210,210,79591,0x0000080c
LT,1,26,normal,OK,6004,-28307,28,273,273,97933,0x0000080c
LT,1,27,normal,OK,6004,-28307,31,441,441,146934,0x0000088c
LT,1,28,normal,OK,6004,-28307,24,205,205,77233,0x0000080c
LT,1,29,normal,OK,6004,-28307,16,41,41,26052,0x0000080c
LT,1,30,normal,OK,6004,-28307,27,298,298,103344,0x0000080c
LT,1,31,normal,OK,6004,-28307,25,224,224,82650,0x0000080c
LT,1,32,normal,OK,6004,-28307,24,147,147,61217,0x0000080c
LT,1,33,normal,OK,6004,-28307,26,333,333,111629,0x0000080c
LT,1,34,normal,OK,6004,-28307,17,68,68,34341,0x0000080c
LT,1,35,normal,OK,6004,-28307,24,230,230,84337,0x0000080c
LT,1,36,normal,OK,6004,-28307,22,141,141,59020,0x0000080c
LT,1,37,normal,OK,6004,-28307,20,85,85,41467,0x0000080c
LT,1,38,normal,OK,6004,-28307,24,225,225,82694,0x0000080c
LT,1,39,normal,OK,6004,-28307,24,205,205,77641,0x0000080c
LT,1,40,normal,OK,6004,-28307,17,42,42,27216,0x0000080c
LT,1,41,normal,OK,6004,-28307,23,130,130,55088,0x0000080c
LT,1,42,normal,OK,6004,-28307,23,190,190,72223,0x0000080c
LT,1,43,normal,OK,6004,-28307,19,98,98,44230,0x0000080c
LT,1,44,normal,OK,6004,-28307,25,202,202,76546,0x0000080c
LT,1,45,normal,OK,6004,-28307,22,164,164,63450,0x0000080c
LT,1,46,normal,OK,6004,-28307,17,52,52,30980,0x0000080c
LT,1,47,normal,OK,6004,-28307,24,252,252,89279,0x0000080c
LT,1,48,normal,OK,6004,-28307,26,226,226,85572,0x0000080c
LT,1,49,normal,OK,6004,-28307,25,229,229,85660,0x0000080c
LT,1,50,normal,OK,6004,-28307,25,213,213,79813,0x0000080c
LT,1,51,normal,OK,6004,-28307,21,111,111,48978,0x0000080c
LT,1,52,normal,OK,6004,-28307,26,256,256,93689,0x0000080c
LT,1,53,normal,OK,6004,-28307,20,77,77,39893,0x0000080c
LT,1,54,normal,OK,6004,-28307,25,283,283,99456,0x0000080c
LT,1,55,normal,OK,6004,-28307,23,124,124,54798,0x0000080c
LT,1,56,normal,OK,6004,-28307,21,86,86,42790,0x0000080c
LT,1,57,normal,OK,6004,-28307,22,166,166,64622,0x0000080c
LT,1,58,normal,OK,6004,-28307,21,97,97,46555,0x0000080c
LT,1,59,normal,OK,6004,-28307,27,201,201,80091,0x0000080c
LT,1,60,normal,OK,6004,-28307,24,243,243,87185,0x0000080c
LT,1,61,normal,OK,6004,-28307,24,183,183,73305,0x0000080c
LT,1,62,normal,OK,6004,-28307,23,153,153,62249,0x0000080c
LT,1,63,normal,OK,6004,-28307,26,195,195,77010,0x0000080c
LT,1,64,normal,OK,6004,-28307,26,193,193,73926,0x0000080c
LT,1,65,normal,OK,6004,-28307,22,76,76,40418,0x0000080c
LT,1,66,normal,OK,6004,-28307,25,172,172,68813,0x0000080c
LT,1,67,normal,OK,6004,-28307,22,105,105,48926,0x0000080c
LT,1,68,normal,OK,6004,-28307,21,81,81,41939,0x0000080c
LT,1,69,normal,OK,6004,-28307,22,106,106,48330,0x0000080c
LT,1,70,normal,OK,6004,-28307,26,243,243,88313,0x0000080c
LT,1,71,normal,OK,6004,-28307,20,70,70,37867,0x0000080c
LT,1,72,normal,OK,6004,-28307,28,440,440,142126,0x0000080c
LT,1,73,normal,OK,6004,-28307,25,248,248,89758,0x0000080c
LT,1,74,normal,OK,6004,-28307,23,212,212,77496,0x0000080c
LT,1,75,normal,OK,6004,-28307,21,117,117,51205,0x0000080c
LT,1,76,normal,OK,6004,-28307,23,149,149,60097,0x0000080c
LT,1,77,normal,OK,6004,-28307,24,189,189,71802,0x0000080c
LT,1,78,normal,OK,6004,-28307,25,177,177,70813,0x0000080c
LT,1,79,normal,OK,6004,-28307,24,138,138,59732,0x0000080c
LT,1,80,normal,OK,6004,-28307,17,53,53,29601,0x0000080c
LT,1,81,normal,OK,6004,-28307,18,79,79,37493,0x0000080c
LT,1,82,normal,OK,6004,-28307,21,121,121,51892,0x0000080c
LT,1,83,normal,OK,6004,-28307,26,224,224,84668,0x0000080c
LT,1,84,normal,OK,6004,-28307,21,132,132,55275,0x0000080c
LT,1,85,normal,OK,6004,-28307,24,234,234,84787,0x0000080c
LT,1,86,normal,OK,6004,-28307,21,91,91,44158,0x0000080c
LT,1,87,normal,OK,6004,-28307,22,146,146,59702,0x0000080c
LT,1,88,normal,OK,6004,-28307,24,199,199,75006,0x0000080c
LT,1,89,normal,OK,6004,-28307,3,1,1,3469,0x0000080c
LT,1,90,normal,OK,6004,-28307,24,174,174,69411,0x0000080c
LT,1,91,normal,OK,6004,-28307,23,149,149,61251,0x0000080c
LT,1,92,normal,OK,6004,-28307,16,37,37,25042,0x0000080c
LT,1,93,normal,OK,6004,-28307,23,192,192,73042,0x0000080c
LT,1,94,normal,OK,6004,-28307,21,130,130,53618,0x0000080c
LT,1,95,normal,OK,6004,-28307,25,214,214,80261,0x0000080c
LT,1,96,normal,OK,6004,-28307,17,42,42,26523,0x0000080c
LT,1,97,normal,OK,6004,-28307,23,159,159,63569,0x0000080c
LT,1,98,normal,OK,6004,-28307,27,308,308,107092,0x0000080c
LT,1,99,normal,OK,6004,-28307,27,263,263,94521,0x0000088c
LT,4,0,normal,OK,6004,-28307,15,30,30,22518,0x0000080c
LT,4,1,normal,OK,2687,-24767,20,81,81,39660,0x0000080c
LT,4,2,normal,OK,6004,-28307,19,89,89,41386,0x0000080c
LT,4,3,normal,OK,14622,-28245,18,56,56,32691,0x0000080c
LT,4,4,normal,OK,13764,-17666,15,36,36,23720,0x0000080c
LT,4,5,normal,OK,6004,-28307,18,40,40,27643,0x0000080c
LT,4,6,normal,OK,13764,-17666,11,20,20,15416,0x0000080c
LT,4,7,normal,OK,2687,-24767,14,36,36,22205,0x0000080c
LT,4,8,normal,OK,6004,-28307,19,76,76,38480,0x0000080c
LT,4,9,normal,OK,14622,-28245,24,148,148,63067,0x0000080c
LT,4,10,normal,OK,14622,-28245,15,35,35,23014,0x0000080c
LT,4,11,normal,OK,2687,-24767,19,85,85,40064,0x0000080c
LT,4,12,normal,OK,14622,-28245,20,81,81,40212,0x0000080c
LT,4,13,normal,OK,2687,-24767,21,88,88,45088,0x0000080c
LT,4,14,normal,OK,14622,-28245,7,8,8,9163,0x0000080c
LT,4,15,normal,OK,13764,-17666,9,3,3,9455,0x0000080c
LT,4,16,normal,OK,6004,-28307,20,97,97,45366,0x0000080c
LT,4,17,normal,OK,2687,-24767,21,91,91,44521,0x0000080c
LT,4,18,normal,OK,13764,-17666,13,18,18,16988,0x0000080c
LT,4,19,normal,OK,2687,-24767,21,82,82,41915,0x0000080c
LT,4,20,normal,OK,2687,-24767,22,112,112,51702,0x0000080c
LT,4,21,normal,OK,6004,-28307,19,67,67,35872,0x0000080c
LT,4,22,normal,OK,14622,-28245,11,13,13,13188,0x0000080c
LT,4,23,normal,OK,2687,-24767,20,88,88,43337,0x0000080c
LT,4,24,normal,OK,2687,-24767,18,73,73,36617,0x0000080c
LT,4,25,normal,OK,6004,-28307,25,210,210,78942,0x0000080c
LT,4,26,normal,OK,14622,-28245,16,39,39,24725,0x0000080c
LT,4,27,normal,OK,13764,-17666,8,8,8,10102,0x0000080c
LT,4,28,normal,OK,14622,-28245,17,49,49,29210,0x0000080c
LT,4,29,normal,OK,6004,-28307,16,41,41,26108,0x0000080c
LT,4,30,normal,OK,2687,-24767,19,63,63,33955,0x0000080c
LT,4,31,normal,OK,14622,-28245,21,106,106,47691,0x0000080c
LT,4,32,normal,OK,6004,-28307,21,70,70,37894,0x0000080c
LT,4,33,normal,OK,2687,-24767,17,57,57,30100,0x0000080c
LT,4,34,normal,OK,6004,-28307,22,129,129,55116,0x0000080c
LT,4,35,normal,OK,13764,-17666,19,98,98,45002,0x0000080c
LT,4,36,normal,OK,6004,-28307,17,47,47,29179,0x0000080c
LT,4,37,normal,OK,14622,-28245,18,53,53,31272,0x0000080c
LT,4,38,normal,OK,2687,-24767,15,40,40,25189,0x0000080c
LT,4,39,normal,OK,2687,-24767,15,31,31,22669,0x0000080c
LT,4,40,normal,OK,6004,-28307,17,42,42,27249,0x0000080c
LT,4,41,normal,OK,2687,-24767,19,83,83,39187,0x0000080c
LT,4,42,normal,OK,14622,-28245,18,75,75,37043,0x0000080c
LT,4,43,normal,OK,13764,-17666,18,78,78,38165,0x0000080c
LT,4,44,normal,OK,2687,-24767,16,44,44,26116,0x0000080c
LT,4,45,normal,OK,2687,-24767,17,50,50,28565,0x0000080c
LT,4,46,normal,OK,6004,-28307,21,106,106,48449,0x0000080c
LT,4,47,normal,OK,2687,-24767,15,30,30,21922,0x0000080c
LT,4,48,normal,OK,6004,-28307,22,95,95,47064,0x0000080c
LT,4,49,normal,OK,14622,-28245,23,148,148,61964,0x0000080c
LT,4,50,normal,OK,13764,-17666,22,105,105,48934,0x0000080c
LT,4,51,normal,OK,2687,-24767,13,23,23,18039,0x0000080c
LT,4,52,normal,OK,6004,-28307,20,116,116,51094,0x0000080c
LT,4,53,normal,OK,2687,-24767,21,115,115,50834,0x0000080c
LT,4,54,normal,OK,14622,-28245,23,156,156,64217,0x0000080c
LT,4,55,normal,OK,2687,-24767,23,124,124,54456,0x0000080c
LT,4,56,normal,OK,13764,-17666,23,142,142,59572,0x0000080c
LT,4,57,normal,OK,6004,-28307,19,87,87,40225,0x0000080c
LT,4,58,normal,OK,2687,-24767,15,37,37,24859,0x0000080c
LT,4,59,normal,OK,14622,-28245,27,201,201,80119,0x0000080c
LT,4,60,normal,OK,6004,-28307,21,135,135,55961,0x0000080c
LT,4,61,normal,OK,14622,-28245,17,47,47,30266,0x0000080c
LT,4,62,normal,OK,6004,-28307,16,49,49,28611,0x0000080c
LT,4,63,normal,OK,6004,-28307,25,145,145,63098,0x0000080c
LT,4,64,normal,OK,2687,-24767,17,38,38,25526,0x0000080c
LT,4,65,normal,OK,13764,-17666,21,67,67,37191,0x0000080c
LT,4,66,normal,OK,2687,-24767,24,119,119,53683,0x0000080c
LT,4,67,normal,OK,6004,-28307,19,58,58,33332,0x0000080c
LT,4,68,normal,OK,6004,-28307,21,81,81,41864,0x0000080c
LT,4,69,normal,OK,13764,-17666,22,106,106,48799,0x0000080c
LT,4,70,normal,OK,14622,-28245,20,77,77,38985,0x0000080c
LT,4,71,normal,OK,6004,-28307,20,70,70,38208,0x0000080c
LT,4,72,normal,OK,14622,-28245,18,67,67,33990,0x0000080c
LT,4,73,normal,OK,2687,-24767,21,100,100,46630,0x0000080c
LT,4,74,normal,OK,13764,-17666,22,172,172,66003,0x0000080c
LT,4,75,normal,OK,6004,-28307,21,117,117,50838,0x0000080c
LT,4,76,normal,OK,13764,-17666,21,97,97,45346,0x0000080c
LT,4,77,normal,OK,13764,-17666,24,189,189,71481,0x0000080c
LT,4,78,normal,OK,2687,-24767,19,53,53,32428,0x0000080c
LT,4,79,normal,OK,2687,-24767,24,138,138,59494,0x0000080c
LT,4,80,normal,OK,14622,-28245,21,89,89,43455,0x0000080c
LT,4,81,normal,OK,6004,-28307,21,116,116,50376,0x0000080c
LT,4,82,normal,OK,14622,-28245,21,121,121,52211,0x0000080c
LT,4,83,normal,OK,14622,-28245,19,79,79,39146,0x0000080c
LT,4,84,normal,OK,14622,-28245,18,66,66,34917,0x0000080c
LT,4,85,normal,OK,2687,-24767,19,67,67,35762,0x0000080c
LT,4,86,normal,OK,13764,-17666,19,62,62,34667,0x0000080c
LT,4,87,normal,OK,6004,-28307,17,54,54,30375,0x0000080c
LT,4,88,normal,OK,6004,-28307,22,115,115,50886,0x0000080c
LT,4,89,normal,OK,6004,-28307,3,1,1,3469,0x0000080c
LT,4,90,normal,OK,13764,-17666,20,60,60,35391,0x0000080c
LT,4,91,normal,OK,14622,-28245,20,100,100,45627,0x0000080c
LT,4,92,normal,OK,6004,-28307,16,37,37,25043,0x0000080c
LT,4,93,normal,OK,14622,-28245,22,143,143,59992,0x0000080c
LT,4,94,normal,OK,13764,-17666,20,92,92,43092,0x0000080c
LT,4,95,normal,OK,13764,-17666,21,100,100,46678,0x0000080c
LT,4,96,normal,OK,6004,-28307,17,42,42,26556,0x0000080c
LT,4,97,normal,OK,2687,-24767,16,33,33,23517,0x0000080c
LT,4,98,normal,OK,14622,-28245,16,45,45,26607,0x0000080c
LT,4,99,normal,OK,14622,-28245,21,101,101,46312,0x0000080c
LT,16,0,normal,OK,6463,-19424,14,22,22,19569,0x0000080c
LT,16,1,normal,OK,8671,-19865,20,81,81,39524,0x0000080c
LT,16,2,normal,OK,16156,-26932,14,34,34,21880,0x0000080c
LT,16,3,normal,OK,9469,-18742,10,13,13,13054,0x0000080c
LT,16,4,normal,OK,13764,-17666,16,47,47,27740,0x0000080c
LT,16,5,normal,OK,2815,-23791,17,29,29,23480,0x0000080c
LT,16,6,normal,OK,13764,-17666,11,20,20,15432,0x0000080c
LT,16,7,normal,OK,2828,-17484,14,36,36,22244,0x0000080c
LT,16,8,normal,OK,2828,-17484,16,49,49,28721,0x0000080c
LT,16,9,normal,OK,8671,-19865,17,40,40,27892,0x0000080c
LT,16,10,normal,OK,14622,-28245,15,35,35,22963,0x0000080c
LT,16,11,normal,OK,2828,-17484,19,85,85,39341,0x0000080c
LT,16,12,normal,OK,438,-30743,18,42,42,27508,0x0000080c
LT,16,13,normal,OK,14622,-28245,12,24,24,18820,0x0000080c
LT,16,14,normal,OK,14622,-28245,7,8,8,9147,0x0000080c
LT,16,15,normal,OK,13764,-17666,9,3,3,9453,0x0000080c
LT,16,16,normal,OK,2828,-17484,11,20,20,15639,0x0000080c
LT,16,17,normal,OK,5518,-25251,11,13,13,14109,0x0000080c
LT,16,18,normal,OK,14562,-27299,9,8,8,10573,0x0000080c
LT,16,19,normal,OK,14562,-27299,21,82,82,42272,0x0000080c
LT,16,20,normal,OK,14562,-27299,13,20,20,17990,0x0000080c
LT,16,21,normal,OK,2828,-17484,9,4,4,9920,0x0000080c
LT,16,22,normal,OK,14622,-28245,11,13,13,13167,0x0000080c
LT,16,23,normal,OK,16156,-26932,10,13,13,14174,0x0000080c
LT,16,24,normal,OK,8671,-19865,11,21,21,15574,0x0000080c
LT,16,25,normal,OK,6004,-28307,15,28,28,20946,0x0000080c
LT,16,26,normal,OK,2828,-17484,21,83,83,40669,0x0000080c
LT,16,27,normal,OK,13764,-17666,8,8,8,10096,0x0000080c
LT,16,28,normal,OK,5470,-16918,11,17,17,14758,0x0000080c
LT,16,29,normal,OK,14562,-27299,7,6,6,8853,0x0000080c
LT,16,30,normal,OK,8671,-19865,17,38,38,25440,0x0000080c
LT,16,31,normal,OK,5518,-25251,6,3,3,6650,0x0000080c
LT,16,32,normal,OK,8671,-19865,21,70,70,38240,0x0000080c
LT,16,33,normal,OK,2815,-23791,14,31,31,20827,0x0000080c
LT,16,34,normal,OK,6004,-28307,17,68,68,34368,0x0000080c
LT,16,35,normal,OK,8671,-19865,13,18,18,17338,0x0000080c
LT,16,36,normal,OK,16156,-26932,17,47,47,29550,0x0000080c
LT,16,37,normal,OK,5518,-25251,18,53,53,31022,0x0000080c
LT,16,38,normal,OK,2815,-23791,11,22,22,16880,0x0000080c
LT,16,39,normal,OK,13764,-17666,16,45,45,27409,0x0000080c
LT,16,40,normal,OK,11575,-17397,10,9,9,11888,0x0000080c
LT,16,41,normal,OK,2828,-17484,13,20,20,17399,0x0000080c
LT,16,42,normal,OK,14622,-28245,15,34,34,23670,0x0000080c
LT,16,43,normal,OK,13764,-17666,14,33,33,22244,0x0000080c
LT,16,44,normal,OK,13764,-17666,18,58,58,31735,0x0000080c
LT,16,45,normal,OK,5518,-25251,13,24,24,17627,0x0000080c
LT,16,46,normal,OK,2687,-24767,20,96,96,45335,0x0000080c
LT,16,47,normal,OK,2828,-17484,11,11,11,13134,0x0000080c
LT,16,48,normal,OK,11575,-17397,21,63,63,37632,0x0000080c
LT,16,49,normal,OK,5518,-25251,14,27,27,21595,0x0000080c
LT,16,50,normal,OK,2828,-17484,13,15,15,15354,0x0000080c
LT,16,51,normal,OK,16156,-26932,15,37,37,23650,0x0000080c
LT,16,52,normal,OK,16156,-26932,12,12,12,15737,0x0000080c
LT,16,53,normal,OK,2687,-24767,17,33,33,25261,0x0000080c
LT,16,54,normal,OK,10396,-31067,13,32,32,20985,0x0000080c
LT,16,55,normal,OK,8671,-19865,18,51,51,30920,0x0000080c
LT,16,56,normal,OK,9469,-18742,17,37,37,26144,0x0000080c
LT,16,57,normal,OK,6463,-19424,19,87,87,40790,0x0000080c
LT,16,58,normal,OK,2687,-24767,15,37,37,24856,0x0000080c
LT,16,59,normal,OK,6004,-28307,11,14,14,14759,0x0000080c
LT,16,60,normal,OK,8671,-19865,17,63,63,33038,0x0000080c
LT,16,61,normal,OK,16156,-26932,17,47,47,30278,0x0000080c
LT,16,62,normal,OK,14562,-27299,15,37,37,24593,0x0000080c
LT,16,63,normal,OK,14622,-28245,10,11,11,12070,0x0000080c
LT,16,64,normal,OK,5470,-16918,18,52,52,30063,0x0000080c
LT,16,65,normal,OK,438,-30743,8,8,8,9531,0x0000080c
LT,16,66,normal,OK,8671,-19865,12,18,18,15487,0x0000080c
LT,16,67,normal,OK,14622,-28245,19,58,58,33383,0x0000080c
LT,16,68,normal,OK,2687,-24767,12,24,24,18070,0x0000080c
LT,16,69,normal,OK,6463,-19424,17,36,36,25457,0x0000080c
LT,16,70,normal,OK,14622,-28245,23,119,119,52748,0x0000080c
LT,16,71,normal,OK,6004,-28307,20,70,70,37821,0x0000080c
LT,16,72,normal,OK,13764,-17666,16,41,41,25785,0x0000080c
LT,16,73,normal,OK,2687,-24767,17,35,35,25905,0x0000080c
LT,16,74,normal,OK,2815,-23791,14,26,26,19820,0x0000080c
LT,16,75,normal,OK,2828,-17484,9,9,9,11306,0x0000080c
LT,16,76,normal,OK,16156,-26932,11,19,19,15043,0x0000080c
LT,16,77,normal,OK,9469,-18742,18,67,67,34177,0x0000080c
LT,16,78,normal,OK,9469,-18742,19,53,53,32614,0x0000080c
LT,16,79,normal,OK,438,-30743,16,43,43,26154,0x0000080c
LT,16,80,normal,OK,2828,-17484,15,34,34,22720,0x0000080c
LT,16,81,normal,OK,2828,-17484,15,44,44,25713,0x0000080c
LT,16,82,normal,OK,2828,-17484,17,49,49,29415,0x0000080c
LT,16,83,normal,OK,6463,-19424,15,32,32,23262,0x0000080c
LT,16,84,normal,OK,5518,-25251,12,23,23,17932,0x0000080c
LT,16,85,normal,OK,10396,-31067,19,67,67,35837,0x0000080c
LT,16,86,normal,OK,14562,-27299,19,62,62,34783,0x0000080c
LT,16,87,normal,OK,8671,-19865,16,46,46,27131,0x0000080c
LT,16,88,normal,OK,8671,-19865,13,25,25,19013,0x0000080c
LT,16,89,normal,OK,6004,-28307,14,27,27,21081,0x0000080c
LT,16,90,normal,OK,16156,-26932,13,12,12,15842,0x0000080c
LT,16,91,normal,OK,438,-30743,13,10,10,15401,0x0000080c
LT,16,92,normal,OK,2828,-17484,11,13,13,14030,0x0000080c
LT,16,93,normal,OK,14562,-27299,16,55,55,29941,0x0000080c
LT,16,94,normal,OK,9469,-18742,11,14,14,13644,0x0000080c
LT,16,95,normal,OK,9469,-18742,17,47,47,28668,0x0000080c
LT,16,96,normal,OK,2687,-24767,10,12,12,12077,0x0000080c
LT,16,97,normal,OK,2815,-23791,16,33,33,23505,0x0000080c
LT,16,98,normal,OK,5470,-16918,16,45,45,26334,0x0000080c
LT,16,99,normal,OK,5470,-16918,15,28,28,21581,0x0000080c
LT,64,0,normal,OK,1089,-17865,7,4,4,7675,0x0000080c
LT,64,1,normal,OK,1951,-17282,16,35,35,23573,0x0000080c
LT,64,2,normal,OK,10706,-30061,10,12,12,12220,0x0000080c
LT,64,3,normal,OK,16156,-26932,9,8,8,10770,0x0000080c
LT,64,4,normal,OK,13764,-17666,12,17,17,16003,0x0000080c
LT,64,5,normal,OK,10117,-21896,5,3,3,5526,0x0000080c
LT,64,6,normal,OK,16073,-17117,2,1,1,2613,0x0000080c
LT,64,7,normal,OK,15048,-24121,8,8,8,9280,0x0000080c
LT,64,8,normal,OK,12822,-30595,10,8,8,12244,0x0000080c
LT,64,9,normal,OK,8239,-17326,10,9,9,13016,0x0000080c
LT,64,10,normal,OK,3605,-26225,12,23,23,17002,0x0000080c
LT,64,11,normal,OK,11830,-32530,9,10,10,11133,0x0000080c
LT,64,12,normal,OK,187,-22178,14,20,20,18458,0x0000080c
LT,64,13,normal,OK,14812,-20654,12,24,24,18792,0x0000080c
LT,64,14,normal,OK,8103,-21040,8,9,9,10356,0x0000080c
LT,64,15,normal,OK,8050,-21247,10,7,7,11470,0x0000080c
LT,64,16,normal,OK,11898,-26778,9,12,12,11768,0x0000080c
LT,64,17,normal,OK,10602,-21556,13,21,21,18442,0x0000080c
LT,64,18,normal,OK,14622,-28245,9,8,8,10596,0x0000080c
LT,64,19,normal,OK,10117,-21896,10,10,10,12687,0x0000080c
LT,64,20,normal,OK,438,-30743,11,13,13,13955,0x0000080c
LT,64,21,normal,OK,2815,-23791,11,7,7,12389,0x0000080c
LT,64,22,normal,OK,14662,-22014,11,13,13,13163,0x0000080c
LT,64,23,normal,OK,2843,-27723,14,29,29,22430,0x0000080c
LT,64,24,normal,OK,4806,-18062,5,4,4,5585,0x0000080c
LT,64,25,normal,OK,10396,-31067,10,8,8,11004,0x0000080c
LT,64,26,normal,OK,13360,-28930,15,29,29,21620,0x0000080c
LT,64,27,normal,OK,7227,-22375,12,17,17,16188,0x0000080c
LT,64,28,normal,OK,15048,-24121,4,2,2,4484,0x0000080c
LT,64,29,normal,OK,1089,-17865,9,11,11,11837,0x0000080c
LT,64,30,normal,OK,9469,-18742,14,21,21,18155,0x0000080c
LT,64,31,normal,OK,16073,-17117,9,10,10,11774,0x0000080c
LT,64,32,normal,OK,11308,-20891,16,35,35,24138,0x0000080c
LT,64,33,normal,OK,11228,-19551,11,17,17,14933,0x0000080c
LT,64,34,normal,OK,12822,-30595,12,21,21,17417,0x0000080c
LT,64,35,normal,OK,3372,-16463,5,4,4,5911,0x0000080c
LT,64,36,normal,OK,8239,-17326,14,23,23,20244,0x0000080c
LT,64,37,normal,OK,8050,-21247,6,5,5,6607,0x0000080c
LT,64,38,normal,OK,15048,-24121,5,4,4,6242,0x0000080c
LT,64,39,normal,OK,13442,-19364,14,22,22,19604,0x0000080c
LT,64,40,normal,OK,1951,-17282,15,28,28,21812,0x0000080c
LT,64,41,normal,OK,6760,-27408,12,14,14,15044,0x0000080c
LT,64,42,normal,OK,7227,-22375,11,12,12,13578,0x0000080c
LT,64,43,normal,OK,6760,-27408,12,22,22,17156,0x0000080c
LT,64,44,normal,OK,4246,-31407,13,18,18,16528,0x0000080c
LT,64,45,normal,OK,2843,-27723,17,50,50,28605,0x0000080c
LT,64,46,normal,OK,15570,-27224,12,21,21,17674,0x0000080c
LT,64,47,normal,OK,8016,-19922,15,30,30,22152,0x0000080c
LT,64,48,normal,OK,11228,-19551,11,7,7,12741,0x0000080c
LT,64,49,normal,OK,14812,-20654,12,17,17,16989,0x0000080c
LT,64,50,normal,OK,3149,-30574,13,15,15,15364,0x0000080c
LT,64,51,normal,OK,15529,-19241,10,15,15,13165,0x0000080c
LT,64,52,normal,OK,16156,-26932,16,43,43,27827,0x0000080c
LT,64,53,normal,OK,15570,-27224,13,21,21,18292,0x0000080c
LT,64,54,normal,OK,3486,-28677,11,22,22,16429,0x0000080c
LT,64,55,normal,OK,3149,-30574,6,5,5,6967,0x0000080c
LT,64,56,normal,OK,8016,-19922,7,4,4,7843,0x0000080c
LT,64,57,normal,OK,4246,-31407,12,15,15,14931,0x0000080c
LT,64,58,normal,OK,6463,-19424,6,5,5,7227,0x0000080c
LT,64,59,normal,OK,14562,-27299,15,34,34,24622,0x0000080c
LT,64,60,normal,OK,15048,-24121,10,15,15,13196,0x0000080c
LT,64,61,normal,OK,16156,-26932,12,21,21,18162,0x0000080c
LT,64,62,normal,OK,14622,-28245,13,27,27,20096,0x0000080c
LT,64,63,normal,OK,15273,-28381,13,24,24,18968,0x0000080c
LT,64,64,normal,OK,12822,-30595,16,32,32,22965,0x0000080c
LT,64,65,normal,OK,8671,-19865,16,39,39,25246,0x0000080c
LT,64,66,normal,OK,2162,-20710,10,7,7,10849,0x0000080c
LT,64,67,normal,OK,12888,-24207,13,19,19,17331,0x0000080c
LT,64,68,normal,OK,12822,-30595,2,0,0,1861,0x0000080c
LT,64,69,normal,OK,6463,-19424,17,36,36,25528,0x0000080c
LT,64,70,normal,OK,1951,-17282,14,28,28,20322,0x0000080c
LT,64,71,normal,OK,6760,-27408,6,3,3,6132,0x0000080c
LT,64,72,normal,OK,2687,-24767,9,10,10,10798,0x0000080c
LT,64,73,normal,OK,11308,-20891,3,1,1,2892,0x0000080c
LT,64,74,normal,OK,2843,-27723,14,26,26,19789,0x0000080c
LT,64,75,normal,OK,1089,-17865,13,25,25,19086,0x0000080c
LT,64,76,normal,OK,14236,-17629,9,10,10,10666,0x0000080c
LT,64,77,normal,OK,14499,-28296,15,31,31,21565,0x0000080c
LT,64,78,normal,OK,5518,-25251,6,5,5,7140,0x0000080c
LT,64,79,normal,OK,9407,-25706,3,1,1,3228,0x0000080c
LT,64,80,normal,OK,11830,-32530,14,26,26,19807,0x0000080c
LT,64,81,normal,OK,8016,-19922,7,6,6,7873,0x0000080c
LT,64,82,normal,OK,1173,-24863,8,6,6,9570,0x0000080c
LT,64,83,normal,OK,13442,-19364,8,7,7,10097,0x0000080c
LT,64,84,normal,OK,11994,-25266,10,14,14,13701,0x0000080c
LT,64,85,normal,OK,15570,-27224,12,21,21,16983,0x0000080c
LT,64,86,normal,OK,3149,-30574,10,10,10,11822,0x0000080c
LT,64,87,normal,OK,3372,-16463,11,10,10,12801,0x0000080c
LT,64,88,normal,OK,3372,-16463,11,14,14,14376,0x0000080c
LT,64,89,normal,OK,11575,-17397,14,27,27,20994,0x0000080c
LT,64,90,normal,OK,16156,-26932,13,12,12,15872,0x0000080c
LT,64,91,normal,OK,2828,-17484,15,24,24,21155,0x0000080c
LT,64,92,normal,OK,6760,-27408,11,13,13,13975,0x0000080c
LT,64,93,normal,OK,13360,-28930,9,11,11,11201,0x0000080c
LT,64,94,normal,OK,1173,-24863,13,21,21,17213,0x0000080c
LT,64,95,normal,OK,10396,-31067,17,47,47,28785,0x0000080c
LT,64,96,normal,OK,1951,-17282,15,26,26,20474,0x0000080c
LT,64,97,normal,OK,438,-30743,15,19,19,18998,0x0000080c
LT,64,98,normal,OK,2162,-20710,12,17,17,15430,0x0000080c
LT,64,99,normal,OK,10117,-21896,10,12,12,12115,0x0000080c
LT,256,0,normal,OK,2969,-25443,6,4,4,6951,0x0000080c
LT,256,1,normal,OK,2036,-24289,10,5,5,10171,0x0000080c
LT,256,2,normal,OK,2969,-25443,8,4,4,8366,0x0000080c
LT,256,3,normal,OK,16257,-25143,9,8,8,10738,0x0000080c
LT,256,4,normal,OK,4806,-18062,8,4,4,8881,0x0000080c
LT,256,5,normal,OK,13028,-23887,3,1,1,3232,0x0000080c
LT,256,6,normal,OK,4303,-27643,5,3,3,5515,0x0000080c
LT,256,7,normal,OK,75,-16955,7,5,5,7312,0x0000080c
LT,256,8,normal,OK,12888,-24207,9,4,4,10116,0x0000080c
LT,256,9,normal,OK,15465,-21388,7,3,3,8384,0x0000080c
LT,256,10,normal,OK,5232,-25821,7,6,6,7830,0x0000080c
LT,256,11,normal,OK,9837,-23102,4,2,2,3939,0x0000080c
LT,256,12,normal,OK,2572,-23848,2,1,1,2149,0x0000080c
LT,256,13,normal,OK,13764,-17666,8,8,8,10134,0x0000080c
LT,256,14,normal,OK,2343,-32692,6,7,7,7742,0x0000080c
LT,256,15,normal,OK,8016,-19922,10,7,7,11444,0x0000080c
LT,256,16,normal,OK,13887,-19044,7,6,6,8129,0x0000080c
LT,256,17,normal,OK,9334,-25762,6,5,5,7322,0x0000080c
LT,256,18,normal,OK,14662,-22014,9,8,8,10597,0x0000080c
LT,256,19,normal,OK,4230,-27491,10,10,10,12522,0x0000080c
LT,256,20,normal,OK,13764,-17666,2,1,1,2446,0x0000080c
LT,256,21,normal,OK,2971,-20420,9,4,4,9939,0x0000080c
LT,256,22,normal,OK,3486,-28677,2,1,1,1826,0x0000080c
LT,256,23,normal,OK,15952,-30688,3,2,2,3743,0x0000080c
LT,256,24,normal,OK,16334,-29822,4,3,3,4494,0x0000080c
LT,256,25,normal,OK,13309,-26568,8,4,4,8193,0x0000080c
LT,256,26,normal,OK,996,-23070,8,4,4,7905,0x0000080c
LT,256,27,normal,OK,16219,-29789,7,6,6,8499,0x0000080c
LT,256,28,normal,OK,11306,-29918,10,14,14,13142,0x0000080c
LT,256,29,normal,OK,1719,-28833,3,1,1,3058,0x0000080c
LT,256,30,normal,OK,5216,-32302,9,7,7,9912,0x0000080c
LT,256,31,normal,OK,11708,-22830,5,2,2,5478,0x0000080c
LT,256,32,normal,OK,12127,-28042,8,6,6,8924,0x0000080c
LT,256,33,normal,OK,6904,-18884,7,5,5,7782,0x0000080c
LT,256,34,normal,OK,329,-25772,5,3,3,5690,0x0000080c
LT,256,35,normal,OK,10388,-25852,6,6,6,7444,0x0000080c
LT,256,36,normal,OK,16314,-29269,6,3,3,7229,0x0000080c
LT,256,37,normal,OK,8050,-21247,6,5,5,6603,0x0000080c
LT,256,38,normal,OK,2162,-20710,7,7,7,8880,0x0000080c
LT,256,39,normal,OK,187,-22178,10,10,10,12231,0x0000080c
LT,256,40,normal,OK,12399,-20869,6,5,5,7325,0x0000080c
LT,256,41,normal,OK,7611,-26746,5,4,4,5626,0x0000080c
LT,256,42,normal,OK,6463,-19424,6,2,2,5904,0x0000080c
LT,256,43,normal,OK,11130,-31706,8,6,6,8803,0x0000080c
LT,256,44,normal,OK,14784,-16651,7,2,2,7042,0x0000080c
LT,256,45,normal,OK,9350,-23396,6,4,4,6403,0x0000080c
LT,256,46,normal,OK,14589,-23621,11,15,15,14885,0x0000080c
LT,256,47,normal,OK,12974,-31246,8,3,3,8776,0x0000080c
LT,256,48,normal,OK,6252,-19608,5,1,1,5066,0x0000080c
LT,256,49,normal,OK,13185,-27169,5,2,2,5341,0x0000080c
LT,256,50,normal,OK,3074,-20707,13,15,15,15309,0x0000080c
LT,256,51,normal,OK,5216,-32302,1,0,0,848,0x0000080c
LT,256,52,normal,OK,16206,-23632,12,12,12,15722,0x0000080c
LT,256,53,normal,OK,4806,-18062,10,11,11,12609,0x0000080c
LT,256,54,normal,OK,14499,-28296,9,13,13,12284,0x0000080c
LT,256,55,normal,OK,3149,-30574,6,5,5,6967,0x0000080c
LT,256,56,normal,OK,12399,-20869,4,2,2,4546,0x0000080c
LT,256,57,normal,OK,10559,-18023,11,10,10,12790,0x0000080c
LT,256,58,normal,OK,3605,-26225,10,11,11,12944,0x0000080c
LT,256,59,normal,OK,1951,-17282,8,7,7,9888,0x0000080c
LT,256,60,normal,OK,5902,-24886,7,5,5,7508,0x0000080c
LT,256,61,normal,OK,6708,-32503,8,9,9,10523,0x0000080c
LT,256,62,normal,OK,6014,-16471,10,13,13,13367,0x0000080c
LT,256,63,normal,OK,5518,-25251,5,3,3,5396,0x0000080c
LT,256,64,normal,OK,2343,-32692,10,10,10,12139,0x0000080c
LT,256,65,normal,OK,4230,-27491,3,1,1,2909,0x0000080c
LT,256,66,normal,OK,11977,-25277,3,1,1,3221,0x0000080c
LT,256,67,normal,OK,1277,-26421,11,15,15,14182,0x0000080c
LT,256,68,normal,OK,12822,-30595,2,0,0,1861,0x0000080c
LT,256,69,normal,OK,1344,-26656,8,6,6,9158,0x0000080c
LT,256,70,normal,OK,2971,-20420,2,1,1,1812,0x0000080c
LT,256,71,normal,OK,15725,-31609,11,10,10,13708,0x0000080c
LT,256,72,normal,OK,2658,-18659,9,10,10,10780,0x0000080c
LT,256,73,normal,OK,13185,-27169,5,4,4,5904,0x0000080c
LT,256,74,normal,OK,11575,-17397,3,1,1,3043,0x0000080c
LT,256,75,normal,OK,6463,-19424,4,3,3,4610,0x0000080c
LT,256,76,normal,OK,14236,-17629,9,10,10,10657,0x0000080c
LT,256,77,normal,OK,6252,-19608,4,1,1,3431,0x0000080c
LT,256,78,normal,OK,7640,-30933,7,7,7,8592,0x0000080c
LT,256,79,normal,OK,9407,-25706,3,1,1,3214,0x0000080c
LT,256,80,normal,OK,9078,-27959,8,4,4,8312,0x0000080c
LT,256,81,normal,OK,8050,-21247,4,2,2,3699,0x0000080c
LT,256,82,normal,OK,15049,-32471,3,1,1,3648,0x0000080c
LT,256,83,normal,OK,13544,-19201,6,4,4,7013,0x0000080c
LT,256,84,normal,OK,14794,-24299,7,6,6,8241,0x0000080c
LT,256,85,normal,OK,7964,-27918,8,7,7,9202,0x0000080c
LT,256,86,normal,OK,3124,-18325,10,10,10,11830,0x0000080c
LT,256,87,normal,OK,13074,-16790,7,7,7,8610,0x0000080c
LT,256,88,normal,OK,7964,-27918,4,1,1,3983,0x0000080c
LT,256,89,normal,OK,14979,-30644,7,6,6,8990,0x0000080c
LT,256,90,normal,OK,12205,-22159,3,1,1,3228,0x0000080c
LT,256,91,normal,OK,10100,-21223,4,1,1,4416,0x0000080c
LT,256,92,normal,OK,2971,-20420,11,13,13,14020,0x0000080c
LT,256,93,normal,OK,14349,-16530,8,8,8,9270,0x0000080c
LT,256,94,normal,OK,6004,-28307,6,2,2,5772,0x0000080c
LT,256,95,normal,OK,4806,-18062,10,12,12,12992,0x0000080c
LT,256,96,normal,OK,2767,-19886,10,12,12,12047,0x0000080c
LT,256,97,normal,OK,2969,-25443,7,5,5,7982,0x0000080c
LT,256,98,normal,OK,7640,-30933,8,5,5,8818,0x0000080c
LT,256,99,normal,OK,10209,-30215,10,12,12,12149,0x0000080c
GT,1,0,normal,OK,12148,26989,21,119,119,51783,0x0000080c
GT,1,1,normal,OK,12148,26989,25,259,259,91037,0x0000080c
GT,1,2,normal,OK,12148,26989,17,56,56,30653,0x0000080c
GT,1,3,normal,OK,12148,26989,28,307,307,108564,0x0000080c
GT,1,4,normal,OK,12148,26989,23,182,182,69896,0x0000080c
GT,1,5,normal,OK,12148,26989,27,221,221,83580,0x0000080c
GT,1,6,normal,OK,12148,26989,24,207,207,77157,0x0000080c
GT,1,7,normal,OK,12148,26989,22,128,128,54191,0x0000080c
GT,1,8,normal,OK,12148,26989,25,183,183,73034,0x0000080c
GT,1,9,normal,OK,12148,26989,25,189,189,74810,0x0000080c
GT,1,10,normal,OK,12148,26989,28,357,357,120482,0x0000080c
GT,1,11,normal,OK,12148,26989,29,407,407,134085,0x0000088c
GT,1,12,normal,OK,12148,26989,22,142,142,58287,0x0000080c
GT,1,13,normal,OK,12148,26989,23,179,179,71558,0x0000080c
GT,1,14,normal,OK,12148,26989,20,99,99,46681,0x0000080c
GT,1,15,normal,OK,12148,26989,24,156,156,65060,0x0000080c
GT,1,16,normal,OK,12148,26989,16,57,57,30689,0x0000080c
GT,1,17,normal,OK,12148,26989,17,51,51,30420,0x0000080c
GT,1,18,normal,OK,12148,26989,21,101,101,47341,0x0000080c
GT,1,19,normal,OK,12148,26989,26,235,235,87544,0x0000080c
GT,1,20,normal,OK,12148,26989,17,58,58,32185,0x0000080c
GT,1,21,normal,OK,12148,26989,13,18,18,17263,0x0000080c
GT,1,22,normal,OK,12148,26989,24,178,178,69996,0x0000080c
GT,1,23,normal,OK,12148,26989,25,245,245,89651,0x0000080c
GT,1,24,normal,OK,12148,26989,22,182,182,69287,0x0000080c
GT,1,25,normal,OK,12148,26989,25,210,210,79823,0x0000080c
GT,1,26,normal,OK,12148,26989,23,140,140,58015,0x0000080c
GT,1,27,normal,OK,12148,26989,26,226,226,84805,0x0000080c
GT,1,28,normal,OK,12148,26989,22,112,112,50750,0x0000080c
GT,1,29,normal,OK,12148,26989,22,160,160,62963,0x0000080c
GT,1,30,normal,OK,12148,26989,26,241,241,87511,0x0000080c
GT,1,31,normal,OK,12148,26989,25,224,224,82883,0x0000080c
GT,1,32,normal,OK,12148,26989,27,325,325,111644,0x0000080c
GT,1,33,normal,OK,12148,26989,26,333,333,111932,0x0000080c
GT,1,34,normal,OK,12148,26989,27,290,290,102859,0x0000088c
GT,1,35,normal,OK,12148,26989,22,146,146,60544,0x0000080c
GT,1,36,normal,OK,12148,26989,29,386,386,130390,0x0000080c
GT,1,37,normal,OK,12148,26989,27,400,400,131542,0x0000088c
GT,1,38,normal,OK,12148,26989,13,31,31,21105,0x0000080c
GT,1,39,normal,OK,12148,26989,24,205,205,77830,0x0000080c
GT,1,40,normal,OK,12148,26989,22,119,119,52107,0x0000080c
GT,1,41,normal,OK,12148,26989,25,258,258,91250,0x0000080c
GT,1,42,normal,OK,12148,26989,22,154,154,61791,0x0000080c
GT,1,43,normal,OK,12148,26989,32,337,337,120142,0x0000080c
GT,1,44,normal,OK,12148,26989,27,263,263,95028,0x0000080c
GT,1,45,normal,OK,12148,26989,18,66,66,33886,0x0000080c
GT,1,46,normal,OK,12148,26989,25,235,235,86477,0x0000080c
GT,1,47,normal,OK,12148,26989,20,95,95,44132,0x0000080c
GT,1,48,normal,OK,12148,26989,21,63,63,37661,0x0000080c
GT,1,49,normal,OK,12148,26989,27,353,353,120430,0x0000080c
GT,1,50,normal,OK,12148,26989,17,35,35,24784,0x0000080c
GT,1,51,normal,OK,12148,26989,27,252,252,91859,0x0000080c
GT,1,52,normal,OK,12148,26989,26,256,256,94083,0x0000080c
GT,1,53,normal,OK,12148,26989,21,115,115,51154,0x0000080c
GT,1,54,normal,OK,12148,26989,23,156,156,64038,0x0000080c
GT,1,55,normal,OK,12148,26989,23,124,124,55087,0x0000080c
GT,1,56,normal,OK,12148,26989,23,142,142,59731,0x0000080c
GT,1,57,normal,OK,12148,26989,22,166,166,64933,0x0000080c
GT,1,58,normal,OK,12148,26989,26,195,195,77246,0x0000080c
GT,1,59,normal,OK,12148,26989,30,396,396,135128,0x0000088c
GT,1,60,normal,OK,12148,26989,15,39,39,24579,0x0000080c
GT,1,61,normal,OK,12148,26989,24,183,183,73564,0x0000080c
GT,1,62,normal,OK,12148,26989,18,63,63,34069,0x0000080c
GT,1,63,normal,OK,12148,26989,23,116,116,53331,0x0000080c
GT,1,64,normal,OK,12148,26989,18,52,52,29887,0x0000080c
GT,1,65,normal,OK,12148,26989,26,277,277,98360,0x0000080c
GT,1,66,normal,OK,12148,26989,27,311,311,107774,0x0000080c
GT,1,67,normal,OK,12148,26989,24,153,153,63876,0x0000080c
GT,1,68,normal,OK,12148,26989,22,110,110,50680,0x0000080c
GT,1,69,normal,OK,12148,26989,25,221,221,82035,0x0000080c
GT,1,70,normal,OK,12148,26989,26,243,243,88570,0x0000080c
GT,1,71,normal,OK,12148,26989,21,87,87,43554,0x0000080c
GT,1,72,normal,OK,12148,26989,23,217,217,78608,0x0000080c
GT,1,73,normal,OK,12148,26989,21,100,100,46690,0x0000080c
GT,1,74,normal,OK,12148,26989,22,172,172,66064,0x0000080c
GT,1,75,normal,OK,12148,26989,22,140,140,58438,0x0000080c
GT,1,76,normal,OK,12148,26989,23,149,149,60314,0x0000080c
GT,1,77,normal,OK,12148,26989,17,45,45,27348,0x0000080c
GT,1,78,normal,OK,12148,26989,25,177,177,71076,0x0000080c
GT,1,79,normal,OK,12148,26989,27,314,314,109080,0x0000088c
GT,1,80,normal,OK,12148,26989,26,269,269,96118,0x0000080c
GT,1,81,normal,OK,12148,26989,21,116,116,50452,0x0000080c
GT,1,82,normal,OK,12148,26989,21,121,121,52214,0x0000080c
GT,1,83,normal,OK,12148,26989,28,374,374,126788,0x0000080c
GT,1,84,normal,OK,12148,26989,20,107,107,47829,0x0000080c
GT,1,85,normal,OK,12148,26989,12,21,21,16929,0x0000080c
GT,1,86,normal,OK,12148,26989,24,200,200,76458,0x0000080c
GT,1,87,normal,OK,12148,26989,28,389,389,130433,0x0000080c
GT,1,88,normal,OK,12148,26989,24,199,199,75247,0x0000080c
GT,1,89,normal,OK,12148,26989,23,150,150,62238,0x0000080c
GT,1,90,normal,OK,12148,26989,23,110,110,51739,0x0000080c
GT,1,91,normal,OK,12148,26989,26,241,241,88642,0x0000080c
GT,1,92,normal,OK,12148,26989,26,354,354,118337,0x0000080c
GT,1,93,normal,OK,12148,26989,21,119,119,52097,0x0000080c
GT,1,94,normal,OK,12148,26989,21,130,130,53868,0x0000080c
GT,1,95,normal,OK,12148,26989,25,214,214,80521,0x0000080c
GT,1,96,normal,OK,12148,26989,21,108,108,47855,0x0000080c
GT,1,97,normal,OK,12148,26989,26,325,325,110950,0x0000080c
GT,1,98,normal,OK,12148,26989,22,153,153,61200,0x0000080c
GT,1,99,normal,OK,12148,26989,21,101,101,46246,0x0000080c
GT,4,0,normal,OK,14541,30711,21,119,119,51780,0x0000080c
GT,4,1,normal,OK,2460,23714,20,81,81,39613,0x0000080c
GT,4,2,normal,OK,10937,16908,20,120,120,50711,0x0000080c
GT,4,3,normal,OK,14541,30711,18,56,56,32691,0x0000080c
GT,4,4,normal,OK,10937,16908,20,108,108,47353,0x0000080c
GT,4,5,normal,OK,2460,23714,22,136,136,56335,0x0000080c
GT,4,6,normal,OK,10937,16908,17,68,68,33590,0x0000080c
GT,4,7,normal,OK,2460,23714,14,36,36,22167,0x0000080c
GT,4,8,normal,OK,2460,23714,25,183,183,72776,0x0000080c
GT,4,9,normal,OK,14541,30711,24,148,148,63088,0x0000080c
GT,4,10,normal,OK,14541,30711,15,35,35,22961,0x0000080c
GT,4,11,normal,OK,2460,23714,19,85,85,40023,0x0000080c
GT,4,12,normal,OK,2460,23714,17,32,32,24173,0x0000080c
GT,4,13,normal,OK,10937,16908,12,24,24,18668,0x0000080c
GT,4,14,normal,OK,14541,30711,14,29,29,22066,0x0000080c
GT,4,15,normal,OK,14541,30711,21,85,85,42995,0x0000080c
GT,4,16,normal,OK,12148,26989,23,175,175,69112,0x0000080c
GT,4,17,normal,OK,12148,26989,17,51,51,30463,0x0000080c
GT,4,18,normal,OK,14541,30711,9,8,8,10632,0x0000080c
GT,4,19,normal,OK,2460,23714,21,82,82,41936,0x0000080c
GT,4,20,normal,OK,14541,30711,13,20,20,17961,0x0000080c
GT,4,21,normal,OK,12148,26989,13,18,18,17304,0x0000080c
GT,4,22,normal,OK,10937,16908,20,92,92,43491,0x0000080c
GT,4,23,normal,OK,2460,23714,20,88,88,43347,0x0000080c
GT,4,24,normal,OK,2460,23714,18,73,73,36664,0x0000080c
GT,4,25,normal,OK,10937,16908,20,100,100,45705,0x0000080c
GT,4,26,normal,OK,14541,30711,16,39,39,24686,0x0000080c
GT,4,27,normal,OK,14541,30711,18,56,56,32470,0x0000080c
GT,4,28,normal,OK,10937,16908,18,54,54,31607,0x0000080c
GT,4,29,normal,OK,14541,30711,7,6,6,8878,0x0000080c
GT,4,30,normal,OK,2460,23714,19,63,63,33970,0x0000080c
GT,4,31,normal,OK,14541,30711,21,106,106,47698,0x0000080c
GT,4,32,normal,OK,12148,26989,10,12,12,12442,0x0000080c
GT,4,33,normal,OK,2460,23714,17,57,57,30102,0x0000080c
GT,4,34,normal,OK,2460,23714,25,171,171,68710,0x0000080c
GT,4,35,normal,OK,10937,16908,18,73,73,37348,0x0000080c
GT,4,36,normal,OK,14541,30711,23,180,180,69969,0x0000080c
GT,4,37,normal,OK,2460,23714,12,17,17,15724,0x0000080c
GT,4,38,normal,OK,10937,16908,21,123,123,52699,0x0000080c
GT,4,39,normal,OK,14541,30711,21,105,105,48425,0x0000080c
GT,4,40,normal,OK,12148,26989,22,119,119,52238,0x0000080c
GT,4,41,normal,OK,12148,26989,17,61,61,31476,0x0000080c
GT,4,42,normal,OK,14541,30711,18,75,75,37048,0x0000080c
GT,4,43,normal,OK,2460,23714,21,141,141,57449,0x0000080c
GT,4,44,normal,OK,2460,23714,16,44,44,26100,0x0000080c
GT,4,45,normal,OK,10937,16908,16,40,40,25220,0x0000080c
GT,4,46,normal,OK,10937,16908,24,164,164,66497,0x0000080c
GT,4,47,normal,OK,12148,26989,19,76,76,37971,0x0000080c
GT,4,48,normal,OK,14541,30711,25,157,157,66446,0x0000080c
GT,4,49,normal,OK,14541,30711,23,148,148,61954,0x0000080c
GT,4,50,normal,OK,12148,26989,16,32,32,23160,0x0000080c
GT,4,51,normal,OK,10937,16908,20,88,88,41578,0x0000080c
GT,4,52,normal,OK,10937,16908,15,28,28,22709,0x0000080c
GT,4,53,normal,OK,12148,26989,18,49,49,30764,0x0000080c
GT,4,54,normal,OK,10937,16908,22,121,121,53878,0x0000080c
GT,4,55,normal,OK,2460,23714,23,124,124,54472,0x0000080c
GT,4,56,normal,OK,10937,16908,17,37,37,26233,0x0000080c
GT,4,57,normal,OK,14541,30711,21,126,126,52607,0x0000080c
GT,4,58,normal,OK,2460,23714,15,37,37,24874,0x0000080c
GT,4,59,normal,OK,12148,26989,26,163,163,68903,0x0000080c
GT,4,60,normal,OK,2460,23714,22,170,170,66073,0x0000080c
GT,4,61,normal,OK,14541,30711,17,47,47,30290,0x0000080c
GT,4,62,normal,OK,10937,16908,15,37,37,24546,0x0000080c
GT,4,63,normal,OK,10937,16908,26,195,195,77523,0x0000080c
GT,4,64,normal,OK,2460,23714,23,129,129,55086,0x0000080c
GT,4,65,normal,OK,14541,30711,23,131,131,56596,0x0000080c
GT,4,66,normal,OK,2460,23714,24,119,119,53771,0x0000080c
GT,4,67,normal,OK,10937,16908,22,105,105,49099,0x0000080c
GT,4,68,normal,OK,10937,16908,22,110,110,50653,0x0000080c
GT,4,69,normal,OK,10937,16908,23,160,160,64260,0x0000080c
GT,4,70,normal,OK,2460,23714,21,82,82,41169,0x0000080c
GT,4,71,normal,OK,12148,26989,19,45,45,30689,0x0000080c
GT,4,72,normal,OK,2460,23714,9,10,10,10799,0x0000080c
GT,4,73,normal,OK,2460,23714,21,100,100,46599,0x0000080c
GT,4,74,normal,OK,12148,26989,23,212,212,77710,0x0000080c
GT,4,75,normal,OK,2460,23714,22,140,140,57796,0x0000080c
GT,4,76,normal,OK,10937,16908,17,64,64,32606,0x0000080c
GT,4,77,normal,OK,12148,26989,24,189,189,71492,0x0000080c
GT,4,78,normal,OK,10937,16908,10,11,11,12655,0x0000080c
GT,4,79,normal,OK,2460,23714,24,138,138,59468,0x0000080c
GT,4,80,normal,OK,14541,30711,21,89,89,43472,0x0000080c
GT,4,81,normal,OK,2460,23714,13,28,28,19857,0x0000080c
GT,4,82,normal,OK,10937,16908,20,84,84,41345,0x0000080c
GT,4,83,normal,OK,14541,30711,19,79,79,39153,0x0000080c
GT,4,84,normal,OK,14541,30711,18,66,66,34944,0x0000080c
GT,4,85,normal,OK,2460,23714,16,32,32,23655,0x0000080c
GT,4,86,normal,OK,12148,26989,21,91,91,44402,0x0000080c
GT,4,87,normal,OK,14541,30711,22,146,146,59490,0x0000080c
GT,4,88,normal,OK,10937,16908,16,48,48,27562,0x0000080c
GT,4,89,normal,OK,12148,26989,21,91,91,44561,0x0000080c
GT,4,90,normal,OK,2460,23714,23,110,110,51303,0x0000080c
GT,4,91,normal,OK,14541,30711,20,100,100,45647,0x0000080c
GT,4,92,normal,OK,10937,16908,22,146,146,59422,0x0000080c
GT,4,93,normal,OK,12148,26989,20,96,96,45133,0x0000080c
GT,4,94,normal,OK,10937,16908,18,62,62,33196,0x0000080c
GT,4,95,normal,OK,10937,16908,17,47,47,28750,0x0000080c
GT,4,96,normal,OK,10937,16908,19,74,74,36953,0x0000080c
GT,4,97,normal,OK,2460,23714,16,33,33,23545,0x0000080c
GT,4,98,normal,OK,14541,30711,16,45,45,26636,0x0000080c
GT,4,99,normal,OK,14541,30711,21,101,101,46359,0x0000080c
GT,16,0,normal,OK,7119,21276,25,308,308,105999,0x0000080c
GT,16,1,normal,OK,13499,22948,11,9,9,12359,0x0000080c
GT,16,2,normal,OK,12148,26989,17,56,56,30632,0x0000080c
GT,16,3,normal,OK,9616,21800,10,13,13,13048,0x0000080c
GT,16,4,normal,OK,13499,22948,12,17,17,16059,0x0000080c
GT,16,5,normal,OK,10937,16908,19,57,57,32975,0x0000080c
GT,16,6,normal,OK,6979,19071,17,68,68,33623,0x0000080c
GT,16,7,normal,OK,86,26850,7,5,5,7346,0x0000080c
GT,16,8,normal,OK,6322,19210,19,76,76,38809,0x0000080c
GT,16,9,normal,OK,9359,25296,17,40,40,27884,0x0000080c
GT,16,10,normal,OK,14644,22285,15,35,35,23000,0x0000080c
GT,16,11,normal,OK,1999,28193,17,57,57,30217,0x0000080c
GT,16,12,normal,OK,86,26850,14,20,20,18443,0x0000080c
GT,16,13,normal,OK,14644,22285,12,24,24,18797,0x0000080c
GT,16,14,normal,OK,14644,22285,12,19,19,17001,0x0000080c
GT,16,15,normal,OK,9669,18554,16,39,39,25960,0x0000080c
GT,16,16,normal,OK,9098,29117,10,16,16,13764,0x0000080c
GT,16,17,normal,OK,13499,22948,15,30,30,22943,0x0000080c
GT,16,18,normal,OK,14541,30711,9,8,8,10593,0x0000080c
GT,16,19,normal,OK,9669,18554,16,35,35,24998,0x0000080c
GT,16,20,normal,OK,10937,16908,16,46,46,27939,0x0000080c
GT,16,21,normal,OK,6979,19071,12,12,12,14567,0x0000080c
GT,16,22,normal,OK,15344,21024,17,48,48,28661,0x0000080c
GT,16,23,normal,OK,9359,25296,12,21,21,18528,0x0000080c
GT,16,24,normal,OK,9098,29117,11,21,21,15587,0x0000080c
GT,16,25,normal,OK,15344,21024,16,38,38,24789,0x0000080c
GT,16,26,normal,OK,9359,25296,12,13,13,14262,0x0000080c
GT,16,27,normal,OK,7119,21276,12,17,17,16126,0x0000080c
GT,16,28,normal,OK,10937,16908,10,14,14,13125,0x0000080c
GT,16,29,normal,OK,6979,19071,10,14,14,13727,0x0000080c
GT,16,30,normal,OK,9359,25296,17,38,38,25487,0x0000080c
GT,16,31,normal,OK,9669,18554,8,6,6,9504,0x0000080c
GT,16,32,normal,OK,9616,21800,21,70,70,38311,0x0000080c
GT,16,33,normal,OK,10937,16908,11,17,17,14564,0x0000080c
GT,16,34,normal,OK,9359,25296,19,84,84,40776,0x0000080c
GT,16,35,normal,OK,9359,25296,18,73,73,37000,0x0000080c
GT,16,36,normal,OK,7119,21276,14,23,23,20187,0x0000080c
GT,16,37,normal,OK,9359,25296,16,28,28,22570,0x0000080c
GT,16,38,normal,OK,15344,21024,15,40,40,25570,0x0000080c
GT,16,39,normal,OK,13499,22948,16,45,45,27475,0x0000080c
GT,16,40,normal,OK,6979,19071,17,42,42,27295,0x0000080c
GT,16,41,normal,OK,86,26850,14,29,29,20522,0x0000080c
GT,16,42,normal,OK,7119,21276,11,12,12,13572,0x0000080c
GT,16,43,normal,OK,10937,16908,8,6,6,8760,0x0000080c
GT,16,44,normal,OK,1999,28193,14,28,28,19991,0x0000080c
GT,16,45,normal,OK,12148,26989,18,66,66,33866,0x0000080c
GT,16,46,normal,OK,6979,19071,9,10,10,11543,0x0000080c
GT,16,47,normal,OK,86,26850,9,6,6,10269,0x0000080c
GT,16,48,normal,OK,10937,16908,11,7,7,12712,0x0000080c
GT,16,49,normal,OK,14644,22285,12,17,17,16949,0x0000080c
GT,16,50,normal,OK,2460,23714,16,32,32,22879,0x0000080c
GT,16,51,normal,OK,13499,22948,18,60,60,32696,0x0000080c
GT,16,52,normal,OK,13499,22948,16,43,43,27668,0x0000080c
GT,16,53,normal,OK,9098,29117,18,49,49,30472,0x0000080c
GT,16,54,normal,OK,10937,16908,19,82,82,40166,0x0000080c
GT,16,55,normal,OK,13499,22948,17,43,43,27777,0x0000080c
GT,16,56,normal,OK,9669,18554,17,37,37,26149,0x0000080c
GT,16,57,normal,OK,86,26850,13,22,22,17511,0x0000080c
GT,16,58,normal,OK,2460,23714,17,62,62,33453,0x0000080c
GT,16,59,normal,OK,9616,21800,16,49,49,28999,0x0000080c
GT,16,60,normal,OK,12148,26989,15,39,39,24545,0x0000080c
GT,16,61,normal,OK,14644,22285,21,83,83,43704,0x0000080c
GT,16,62,normal,OK,14541,30711,15,37,37,24641,0x0000080c
GT,16,63,normal,OK,14644,22285,10,11,11,12072,0x0000080c
GT,16,64,normal,OK,12148,26989,16,32,32,23169,0x0000080c
GT,16,65,normal,OK,9098,29117,16,39,39,25200,0x0000080c
GT,16,66,normal,OK,1999,28193,10,7,7,10828,0x0000080c
GT,16,67,normal,OK,14644,22285,19,58,58,33400,0x0000080c
GT,16,68,normal,OK,7119,21276,21,81,81,42003,0x0000080c
GT,16,69,normal,OK,10937,16908,15,23,23,20120,0x0000080c
GT,16,70,normal,OK,9098,29117,15,40,40,24489,0x0000080c
GT,16,71,normal,OK,9098,29117,20,70,70,37949,0x0000080c
GT,16,72,normal,OK,2460,23714,9,10,10,10816,0x0000080c
GT,16,73,normal,OK,13499,22948,11,15,15,15028,0x0000080c
GT,16,74,normal,OK,10937,16908,15,35,35,23200,0x0000080c
GT,16,75,normal,OK,6322,19210,17,62,62,32407,0x0000080c
GT,16,76,normal,OK,2460,23714,18,67,67,34072,0x0000080c
GT,16,77,normal,OK,9669,18554,14,22,22,18073,0x0000080c
GT,16,78,normal,OK,86,26850,16,32,32,24142,0x0000080c
GT,16,79,normal,OK,86,26850,16,43,43,26203,0x0000080c
GT,16,80,normal,OK,7119,21276,17,53,53,29650,0x0000080c
GT,16,81,normal,OK,2460,23714,13,28,28,19857,0x0000080c
GT,16,82,normal,OK,9616,21800,20,84,84,41258,0x0000080c
GT,16,83,normal,OK,7119,21276,15,32,32,23246,0x0000080c
GT,16,84,normal,OK,1999,28193,17,46,46,28485,0x0000080c
GT,16,85,normal,OK,12148,26989,12,21,21,16839,0x0000080c
GT,16,86,normal,OK,13499,22948,13,24,24,18387,0x0000080c
GT,16,87,normal,OK,6979,19071,12,15,15,15002,0x0000080c
GT,16,88,normal,OK,86,26850,12,19,19,16403,0x0000080c
GT,16,89,normal,OK,10937,16908,17,50,50,29783,0x0000080c
GT,16,90,normal,OK,9669,18554,14,19,19,18643,0x0000080c
GT,16,91,normal,OK,13499,22948,15,24,24,21034,0x0000080c
GT,16,92,normal,OK,6979,19071,12,20,20,16828,0x0000080c
GT,16,93,normal,OK,7119,21276,15,45,45,26146,0x0000080c
GT,16,94,normal,OK,9616,21800,11,14,14,13662,0x0000080c
GT,16,95,normal,OK,9669,18554,17,47,47,28635,0x0000080c
GT,16,96,normal,OK,9669,18554,16,31,31,22698,0x0000080c
GT,16,97,normal,OK,6979,19071,11,11,11,13289,0x0000080c
GT,16,98,normal,OK,9098,29117,17,57,57,30501,0x0000080c
GT,16,99,normal,OK,10937,16908,16,42,42,26318,0x0000080c
GT,64,0,normal,OK,2932,26834,6,4,4,6975,0x0000080c
GT,64,1,normal,OK,9359,25296,13,14,14,15674,0x0000080c
GT,64,2,normal,OK,2954,18528,8,4,4,8357,0x0000080c
GT,64,3,normal,OK,9616,21800,10,13,13,13080,0x0000080c
GT,64,4,normal,OK,5262,22899,14,27,27,20344,0x0000080c
GT,64,5,normal,OK,7437,25617,10,5,5,10715,0x0000080c
GT,64,6,normal,OK,13683,28167,9,14,14,12115,0x0000080c
GT,64,7,normal,OK,86,26850,7,5,5,7340,0x0000080c
GT,64,8,normal,OK,14644,22285,12,20,20,17411,0x0000080c
GT,64,9,normal,OK,4668,16760,12,20,20,17600,0x0000080c
GT,64,10,normal,OK,1999,28193,9,9,9,10251,0x0000080c
GT,64,11,normal,OK,3178,30209,1,0,0,794,0x0000080c
GT,64,12,normal,OK,86,26850,14,20,20,18388,0x0000080c
GT,64,13,normal,OK,11781,18398,9,12,12,12233,0x0000080c
GT,64,14,normal,OK,14644,22285,7,8,8,9162,0x0000080c
GT,64,15,normal,OK,8470,24127,7,1,1,6797,0x0000080c
GT,64,16,normal,OK,2932,26834,11,20,20,15653,0x0000080c
GT,64,17,normal,OK,13683,28167,15,30,30,22911,0x0000080c
GT,64,18,normal,OK,7437,25617,14,27,27,20358,0x0000080c
GT,64,19,normal,OK,10937,16908,20,56,56,34498,0x0000080c
GT,64,20,normal,OK,7437,25617,9,9,9,11336,0x0000080c
GT,64,21,normal,OK,14537,18801,16,38,38,25539,0x0000080c
GT,64,22,normal,OK,5169,20236,8,6,6,8492,0x0000080c
GT,64,23,normal,OK,16057,26038,10,13,13,14213,0x0000080c
GT,64,24,normal,OK,2932,26834,3,2,2,3017,0x0000080c
GT,64,25,normal,OK,3178,30209,6,3,3,6068,0x0000080c
GT,64,26,normal,OK,15049,21292,10,7,7,10804,0x0000080c
GT,64,27,normal,OK,10937,16908,13,22,22,18602,0x0000080c
GT,64,28,normal,OK,349,27683,8,7,7,9488,0x0000080c
GT,64,29,normal,OK,1999,28193,15,35,35,23474,0x0000080c
GT,64,30,normal,OK,9098,29117,14,21,21,18122,0x0000080c
GT,64,31,normal,OK,11917,23087,7,5,5,8227,0x0000080c
GT,64,32,normal,OK,5169,20236,12,18,18,15808,0x0000080c
GT,64,33,normal,OK,8298,19422,8,8,8,9533,0x0000080c
GT,64,34,normal,OK,8298,19422,8,8,8,10145,0x0000080c
GT,64,35,normal,OK,9098,29117,13,18,18,17357,0x0000080c
GT,64,36,normal,OK,7437,25617,19,77,77,39286,0x0000080c
GT,64,37,normal,OK,7859,30665,12,17,17,15887,0x0000080c
GT,64,38,normal,OK,9098,29117,9,12,12,12375,0x0000080c
GT,64,39,normal,OK,13499,22948,14,22,22,19684,0x0000080c
GT,64,40,normal,OK,8470,24127,11,14,14,14138,0x0000080c
GT,64,41,normal,OK,7119,21276,12,14,14,15048,0x0000080c
GT,64,42,normal,OK,6537,26623,6,2,2,5912,0x0000080c
GT,64,43,normal,OK,11781,18398,10,12,12,12504,0x0000080c
GT,64,44,normal,OK,2116,19170,14,28,28,19994,0x0000080c
GT,64,45,normal,OK,6322,19210,12,21,21,15996,0x0000080c
GT,64,46,normal,OK,7119,21276,9,10,10,11566,0x0000080c
GT,64,47,normal,OK,7859,30665,15,30,30,22144,0x0000080c
GT,64,48,normal,OK,6322,19210,5,1,1,5074,0x0000080c
GT,64,49,normal,OK,10501,19012,11,11,11,14205,0x0000080c
GT,64,50,normal,OK,2954,18528,13,15,15,15353,0x0000080c
GT,64,51,normal,OK,14537,18801,8,10,10,9941,0x0000080c
GT,64,52,normal,OK,3178,30209,12,12,12,15338,0x0000080c
GT,64,53,normal,OK,15576,30727,13,21,21,18253,0x0000080c
GT,64,54,normal,OK,14541,30711,9,13,13,12268,0x0000080c
GT,64,55,normal,OK,11080,32198,7,7,7,8540,0x0000080c
GT,64,56,normal,OK,10185,25984,16,25,25,21876,0x0000080c
GT,64,57,normal,OK,9631,31202,7,2,2,6596,0x0000080c
GT,64,58,normal,OK,6322,19210,12,18,18,16775,0x0000080c
GT,64,59,normal,OK,13683,28167,10,11,11,13041,0x0000080c
GT,64,60,normal,OK,12148,26989,9,10,10,10751,0x0000080c
GT,64,61,normal,OK,10501,19012,15,34,34,24664,0x0000080c
GT,64,62,normal,OK,14644,22285,13,27,27,20171,0x0000080c
GT,64,63,normal,OK,15344,21024,13,24,24,19006,0x0000080c
GT,64,64,normal,OK,86,26850,13,19,19,16926,0x0000080c
GT,64,65,normal,OK,9669,18554,11,12,12,13258,0x0000080c
GT,64,66,normal,OK,2116,19170,10,7,7,10840,0x0000080c
GT,64,67,normal,OK,5262,22899,17,34,34,24947,0x0000080c
GT,64,68,normal,OK,12968,16603,11,18,18,15703,0x0000080c
GT,64,69,normal,OK,2578,31110,8,6,6,9229,0x0000080c
GT,64,70,normal,OK,4668,16760,9,10,10,10916,0x0000080c
GT,64,71,normal,OK,4668,16760,16,27,27,22797,0x0000080c
GT,64,72,normal,OK,6537,26623,6,3,3,6654,0x0000080c
GT,64,73,normal,OK,2578,31110,17,35,35,25845,0x0000080c
GT,64,74,normal,OK,2932,26834,14,26,26,19796,0x0000080c
GT,64,75,normal,OK,6537,26623,4,3,3,4600,0x0000080c
GT,64,76,normal,OK,16017,22351,11,19,19,15062,0x0000080c
GT,64,77,normal,OK,6322,19210,4,1,1,3439,0x0000080c
GT,64,78,normal,OK,10501,19012,13,17,17,17503,0x0000080c
GT,64,79,normal,OK,5068,19298,5,3,3,5403,0x0000080c
GT,64,80,normal,OK,11080,32198,14,26,26,19742,0x0000080c
GT,64,81,normal,OK,10715,31474,11,18,18,14691,0x0000080c
GT,64,82,normal,OK,10501,19012,11,15,15,15018,0x0000080c
GT,64,83,normal,OK,7526,20953,14,23,23,20221,0x0000080c
GT,64,84,normal,OK,15092,16661,9,11,11,11847,0x0000080c
GT,64,85,normal,OK,12148,26989,11,14,14,13990,0x0000080c
GT,64,86,normal,OK,13683,28167,13,24,24,18423,0x0000080c
GT,64,87,normal,OK,11080,32198,6,5,5,6961,0x0000080c
GT,64,88,normal,OK,8900,27322,13,25,25,18981,0x0000080c
GT,64,89,normal,OK,11258,27039,10,13,13,13795,0x0000080c
GT,64,90,normal,OK,10937,16908,8,5,5,8990,0x0000080c
GT,64,91,normal,OK,2808,20620,15,24,24,21157,0x0000080c
GT,64,92,normal,OK,2932,26834,10,7,7,11464,0x0000080c
GT,64,93,normal,OK,4668,16760,11,19,19,15288,0x0000080c
GT,64,94,normal,OK,13499,22948,3,1,1,2959,0x0000080c
GT,64,95,normal,OK,9669,18554,17,47,47,28693,0x0000080c
GT,64,96,normal,OK,1969,29996,15,26,26,20411,0x0000080c
GT,64,97,normal,OK,569,20217,4,1,1,4299,0x0000080c
GT,64,98,normal,OK,1068,20482,7,3,3,7309,0x0000080c
GT,64,99,normal,OK,10501,19012,16,42,42,26288,0x0000080c
GT,256,0,normal,OK,6194,21743,4,2,2,4771,0x0000080c
GT,256,1,normal,OK,16378,30332,2,0,0,2251,0x0000080c
GT,256,2,normal,OK,8111,30919,7,3,3,7309,0x0000080c
GT,256,3,normal,OK,16057,26038,9,8,8,10738,0x0000080c
GT,256,4,normal,OK,7054,22624,1,0,0,919,0x0000080c
GT,256,5,normal,OK,1569,17806,4,2,2,4241,0x0000080c
GT,256,6,normal,OK,16057,26038,2,1,1,2628,0x0000080c
GT,256,7,normal,OK,8111,30919,10,14,14,12402,0x0000080c
GT,256,8,normal,OK,3262,18088,11,13,13,14379,0x0000080c
GT,256,9,normal,OK,15398,22207,7,3,3,8362,0x0000080c
GT,256,10,normal,OK,2261,32679,3,2,2,3313,0x0000080c
GT,256,11,normal,OK,3178,30209,1,0,0,794,0x0000080c
GT,256,12,normal,OK,86,26850,14,20,20,18430,0x0000080c
GT,256,13,normal,OK,7345,32287,6,5,5,7088,0x0000080c
GT,256,14,normal,OK,14618,25652,7,8,8,9177,0x0000080c
GT,256,15,normal,OK,6024,20409,3,0,0,2815,0x0000080c
GT,256,16,normal,OK,7859,30665,8,8,8,9600,0x0000080c
GT,256,17,normal,OK,11280,20121,8,9,9,10319,0x0000080c
GT,256,18,normal,OK,14537,18801,9,8,8,10595,0x0000080c
GT,256,19,normal,OK,10420,24885,5,1,1,5170,0x0000080c
GT,256,20,normal,OK,14509,22808,6,3,3,7053,0x0000080c
GT,256,21,normal,OK,2778,28454,9,4,4,9932,0x0000080c
GT,256,22,normal,OK,12247,19745,7,3,3,6823,0x0000080c
GT,256,23,normal,OK,15827,28165,7,5,5,8578,0x0000080c
GT,256,24,normal,OK,16338,30402,4,3,3,4485,0x0000080c
GT,256,25,normal,OK,5899,19232,2,1,1,2341,0x0000080c
GT,256,26,normal,OK,8864,26133,12,13,13,14158,0x0000080c
GT,256,27,normal,OK,6587,31055,11,13,13,14225,0x0000080c
GT,256,28,normal,OK,15049,21292,4,2,2,4474,0x0000080c
GT,256,29,normal,OK,15592,21080,6,4,4,7170,0x0000080c
GT,256,30,normal,OK,5257,30311,9,7,7,9930,0x0000080c
GT,256,31,normal,OK,15986,29937,4,2,2,4413,0x0000080c
GT,256,32,normal,OK,389,18724,5,2,2,4831,0x0000080c
GT,256,33,normal,OK,7345,32287,5,2,2,5223,0x0000080c
GT,256,34,normal,OK,13499,22948,4,1,1,4476,0x0000080c
GT,256,35,normal,OK,10128,20312,6,6,6,7425,0x0000080c
GT,256,36,normal,OK,16338,30402,6,3,3,7231,0x0000080c
GT,256,37,normal,OK,13426,21020,4,2,2,4138,0x0000080c
GT,256,38,normal,OK,15049,21292,5,4,4,6245,0x0000080c
GT,256,39,normal,OK,943,20053,5,4,4,5475,0x0000080c
GT,256,40,normal,OK,13451,24112,3,1,1,3315,0x0000080c
GT,256,41,normal,OK,745,17423,2,1,1,1753,0x0000080c
GT,256,42,normal,OK,15092,16661,8,2,2,8163,0x0000080c
GT,256,43,normal,OK,10784,24389,8,6,6,8755,0x0000080c
GT,256,44,normal,OK,4260,25069,12,13,13,14353,0x0000080c
GT,256,45,normal,OK,9098,29117,6,4,4,6386,0x0000080c
GT,256,46,normal,OK,15827,28165,5,2,2,5572,0x0000080c
GT,256,47,normal,OK,12819,29797,8,3,3,8785,0x0000080c
GT,256,48,normal,OK,10784,24389,11,7,7,12724,0x0000080c
GT,256,49,normal,OK,16035,26235,8,5,5,9614,0x0000080c
GT,256,50,normal,OK,8254,18531,4,1,1,3738,0x0000080c
GT,256,51,normal,OK,3067,28255,7,7,7,8014,0x0000080c
GT,256,52,normal,OK,13426,21020,11,9,9,13742,0x0000080c
GT,256,53,normal,OK,4886,31721,10,11,11,12612,0x0000080c
GT,256,54,normal,OK,4260,25069,8,9,9,10056,0x0000080c
GT,256,55,normal,OK,3077,26085,6,5,5,6927,0x0000080c
GT,256,56,normal,OK,7859,30665,7,4,4,7840,0x0000080c
GT,256,57,normal,OK,9616,21800,7,2,2,6581,0x0000080c
GT,256,58,normal,OK,8254,18531,5,4,4,6068,0x0000080c
GT,256,59,normal,OK,5899,19232,11,14,14,14766,0x0000080c
GT,256,60,normal,OK,838,17066,6,3,3,6051,0x0000080c
GT,256,61,normal,OK,3077,26085,10,13,13,13576,0x0000080c
GT,256,62,normal,OK,6083,16900,10,13,13,13373,0x0000080c
GT,256,63,normal,OK,14620,28124,10,11,11,12125,0x0000080c
GT,256,64,normal,OK,13954,28289,9,6,6,10277,0x0000080c
GT,256,65,normal,OK,14141,31377,7,5,5,8023,0x0000080c
GT,256,66,normal,OK,11917,23087,3,1,1,3223,0x0000080c
GT,256,67,normal,OK,7232,17025,6,6,6,7812,0x0000080c
GT,256,68,normal,OK,9146,30642,7,4,4,7621,0x0000080c
GT,256,69,normal,OK,12819,29797,2,1,1,2399,0x0000080c
GT,256,70,normal,OK,4334,22057,9,10,10,10882,0x0000080c
GT,256,71,normal,OK,15289,23833,8,6,6,9309,0x0000080c
GT,256,72,normal,OK,2282,31718,9,10,10,10733,0x0000080c
GT,256,73,normal,OK,11249,20891,3,1,1,2895,0x0000080c
GT,256,74,normal,OK,3178,30209,7,4,4,7565,0x0000080c
GT,256,75,normal,OK,2780,28208,9,9,9,11329,0x0000080c
GT,256,76,normal,OK,6194,21743,7,4,4,7090,0x0000080c
GT,256,77,normal,OK,9359,25296,7,5,5,7580,0x0000080c
GT,256,78,normal,OK,12753,30202,5,3,3,5720,0x0000080c
GT,256,79,normal,OK,6587,31055,7,5,5,7648,0x0000080c
GT,256,80,normal,OK,8134,25012,10,10,10,11816,0x0000080c
GT,256,81,normal,OK,7991,23470,4,2,2,3684,0x0000080c
GT,256,82,normal,OK,7859,30665,9,10,10,11561,0x0000080c
GT,256,83,normal,OK,13499,22948,6,4,4,7035,0x0000080c
GT,256,84,normal,OK,14887,23275,9,11,11,11782,0x0000080c
GT,256,85,normal,OK,3077,26085,6,5,5,6482,0x0000080c
GT,256,86,normal,OK,1569,17806,2,1,1,2189,0x0000080c
GT,256,87,normal,OK,11032,17393,6,5,5,6950,0x0000080c
GT,256,88,normal,OK,7900,20548,4,1,1,3981,0x0000080c
GT,256,89,normal,OK,12120,17967,4,2,2,4822,0x0000080c
GT,256,90,normal,OK,1317,28061,6,3,3,6395,0x0000080c
GT,256,91,normal,OK,8900,27322,8,3,3,8767,0x0000080c
GT,256,92,normal,OK,8316,21095,8,4,4,9093,0x0000080c
GT,256,93,normal,OK,11249,20891,2,1,1,2105,0x0000080c
GT,256,94,normal,OK,2932,26834,7,3,3,6825,0x0000080c
GT,256,95,normal,OK,8134,25012,4,2,2,4674,0x0000080c
GT,256,96,normal,OK,2460,23714,10,12,12,12064,0x0000080c
GT,256,97,normal,OK,2808,20620,7,5,5,7972,0x0000080c
GT,256,98,normal,OK,1068,20482,12,17,17,15432,0x0000080c
GT,256,99,normal,OK,7108,28195,2,0,0,1633,0x0000080c
EQ,1,0,normal,OK,507,12345,25,308,308,105250,0x0000080c
EQ,1,1,normal,OK,507,12345,15,23,23,19595,0x0000080c
EQ,1,2,normal,OK,507,12345,22,181,181,68764,0x0000080c
EQ,1,3,normal,OK,507,12345,25,239,239,87528,0x0000080c
EQ,1,4,normal,OK,507,12345,24,240,240,85570,0x0000080c
EQ,1,5,normal,OK,507,12345,23,155,155,62224,0x0000080c
EQ,1,6,normal,OK,507,12345,9,14,14,11974,0x0000080c
EQ,1,7,normal,OK,507,12345,23,180,180,68359,0x0000080c
EQ,1,8,normal,OK,507,12345,26,261,261,94011,0x0000080c
EQ,1,9,normal,OK,507,12345,24,148,148,62453,0x0000080c
EQ,1,10,normal,OK,507,12345,20,93,93,43135,0x0000080c
EQ,1,11,normal,OK,507,12345,23,175,175,66607,0x0000080c
EQ,1,12,normal,OK,507,12345,18,42,42,27524,0x0000080c
EQ,1,13,normal,OK,507,12345,24,218,218,82523,0x0000080c
EQ,1,14,normal,OK,507,12345,21,133,133,56246,0x0000080c
EQ,1,15,normal,OK,507,12345,27,333,333,114345,0x0000080c
EQ,1,16,normal,OK,507,12345,25,225,225,83373,0x0000080c
EQ,1,17,normal,OK,507,12345,25,152,152,64440,0x0000080c
EQ,1,18,normal,OK,507,12345,24,216,216,80219,0x0000080c
EQ,1,19,normal,OK,507,12345,22,122,122,53544,0x0000080c
EQ,1,20,normal,OK,507,12345,27,311,311,109726,0x0000080c
EQ,1,21,normal,OK,507,12345,26,200,200,76911,0x0000080c
EQ,1,22,normal,OK,507,12345,15,37,37,23357,0x0000080c
EQ,1,23,normal,OK,507,12345,23,141,141,60063,0x0000080c
EQ,1,24,normal,OK,507,12345,21,159,159,61921,0x0000080c
EQ,1,25,normal,OK,507,12345,25,210,210,79404,0x0000080c
EQ,1,26,normal,OK,507,12345,27,215,215,81490,0x0000080c
EQ,1,27,normal,OK,507,12345,24,174,174,68666,0x0000080c
EQ,1,28,normal,OK,507,12345,25,256,256,91415,0x0000080c
EQ,1,29,normal,OK,507,12345,21,133,133,54378,0x0000080c
EQ,1,30,normal,OK,507,12345,19,63,63,33566,0x0000080c
EQ,1,31,normal,OK,507,12345,27,273,273,96947,0x0000080c
EQ,1,32,normal,OK,507,12345,22,93,93,45007,0x0000080c
EQ,1,33,normal,OK,507,12345,19,93,93,41446,0x0000080c
EQ,1,34,normal,OK,507,12345,27,290,290,102212,0x0000088c
EQ,1,35,normal,OK,507,12345,16,40,40,26053,0x0000080c
EQ,1,36,normal,OK,507,12345,24,229,229,83659,0x0000080c
EQ,1,37,normal,OK,507,12345,23,169,169,66490,0x0000080c
EQ,1,38,normal,OK,507,12345,21,123,123,52821,0x0000080c
EQ,1,39,normal,OK,507,12345,21,105,105,48165,0x0000080c
EQ,1,40,normal,OK,507,12345,18,48,48,29493,0x0000080c
EQ,1,41,normal,OK,507,12345,24,196,196,73191,0x0000080c
EQ,1,42,normal,OK,507,12345,21,126,126,53202,0x0000080c
EQ,1,43,normal,OK,507,12345,28,252,252,93422,0x0000080c
EQ,1,44,normal,OK,507,12345,28,368,368,123188,0x0000088c
EQ,1,45,normal,OK,507,12345,21,131,131,53534,0x0000080c
EQ,1,46,normal,OK,507,12345,20,96,96,45271,0x0000080c
EQ,1,47,normal,OK,507,12345,21,120,120,51286,0x0000080c
EQ,1,48,normal,OK,507,12345,25,157,157,66173,0x0000080c
EQ,1,49,normal,OK,507,12345,23,148,148,62022,0x0000080c
EQ,1,50,normal,OK,507,12345,26,275,275,96878,0x0000080c
EQ,1,51,normal,OK,507,12345,22,122,122,52514,0x0000080c
EQ,1,52,normal,OK,507,12345,26,256,256,93258,0x0000080c
EQ,1,53,normal,OK,507,12345,24,167,167,67195,0x0000080c
EQ,1,54,normal,OK,507,12345,25,283,283,99240,0x0000080c
EQ,1,55,normal,OK,507,12345,26,269,269,95392,0x0000080c
EQ,1,56,normal,OK,507,12345,23,142,142,59254,0x0000080c
EQ,1,57,normal,OK,507,12345,24,241,241,86199,0x0000080c
EQ,1,58,normal,OK,507,12345,28,369,369,124899,0x0000088c
EQ,1,59,normal,OK,507,12345,24,141,141,61117,0x0000080c
EQ,1,60,normal,OK,507,12345,21,135,135,55452,0x0000080c
EQ,1,61,normal,OK,507,12345,27,306,306,108473,0x0000080c
EQ,1,62,normal,OK,507,12345,24,196,196,74218,0x0000080c
EQ,1,63,normal,OK,507,12345,19,67,67,36510,0x0000080c
EQ,1,64,normal,OK,507,12345,23,129,129,54154,0x0000080c
EQ,1,65,normal,OK,507,12345,26,277,277,97962,0x0000080c
EQ,1,66,normal,OK,507,12345,15,45,45,25365,0x0000080c
EQ,1,67,normal,OK,507,12345,22,105,105,48789,0x0000080c
EQ,1,68,normal,OK,507,12345,26,239,239,88303,0x0000080c
EQ,1,69,normal,OK,507,12345,23,160,160,63321,0x0000080c
EQ,1,70,normal,OK,507,12345,26,243,243,88094,0x0000080c
EQ,1,71,normal,OK,507,12345,25,235,235,86040,0x0000080c
EQ,1,72,normal,OK,507,12345,12,15,15,14593,0x0000080c
EQ,1,73,normal,OK,507,12345,19,49,49,31109,0x0000080c
EQ,1,74,normal,OK,507,12345,23,212,212,77174,0x0000080c
EQ,1,75,normal,OK,507,12345,15,42,42,25253,0x0000080c
EQ,1,76,normal,OK,507,12345,17,64,64,32145,0x0000080c
EQ,1,77,normal,OK,507,12345,22,113,113,49661,0x0000080c
EQ,1,78,normal,OK,507,12345,31,430,430,142865,0x0000080c
EQ,1,79,normal,OK,507,12345,24,138,138,59529,0x0000080c
EQ,1,80,normal,OK,507,12345,27,381,381,125960,0x0000088c
EQ,1,81,normal,OK,507,12345,28,300,300,104621,0x0000080c
EQ,1,82,normal,OK,507,12345,27,336,336,114629,0x0000080c
EQ,1,83,normal,OK,507,12345,20,110,110,48680,0x0000080c
EQ,1,84,normal,OK,507,12345,26,277,277,98387,0x0000080c
EQ,1,85,normal,OK,507,12345,22,145,145,59330,0x0000080c
EQ,1,86,normal,OK,507,12345,24,200,200,75983,0x0000080c
EQ,1,87,normal,OK,507,12345,23,191,191,72161,0x0000080c
EQ,1,88,normal,OK,507,12345,24,199,199,74735,0x0000080c
EQ,1,89,normal,OK,507,12345,16,41,41,26349,0x0000080c
EQ,1,90,normal,OK,507,12345,24,174,174,69276,0x0000080c
EQ,1,91,normal,OK,507,12345,17,53,53,30217,0x0000080c
EQ,1,92,normal,OK,507,12345,20,86,86,41488,0x0000080c
EQ,1,93,normal,OK,507,12345,23,192,192,72790,0x0000080c
EQ,1,94,normal,OK,507,12345,18,62,62,32532,0x0000080c
EQ,1,95,normal,OK,507,12345,20,75,75,38894,0x0000080c
EQ,1,96,normal,OK,507,12345,24,183,183,70216,0x0000080c
EQ,1,97,normal,OK,507,12345,21,102,102,46655,0x0000080c
EQ,1,98,normal,OK,507,12345,20,102,102,45401,0x0000080c
EQ,1,99,normal,OK,507,12345,27,263,263,94300,0x0000088c
EQ,4,0,normal,OK,8685,12345,21,119,119,51532,0x0000080c
EQ,4,1,normal,OK,8685,12345,23,132,132,56125,0x0000080c
EQ,4,2,normal,OK,2852,12345,19,89,89,41200,0x0000080c
EQ,4,3,normal,OK,2852,12345,20,101,101,46241,0x0000080c
EQ,4,4,normal,OK,4724,12345,16,47,47,27408,0x0000080c
EQ,4,5,normal,OK,2852,12345,20,72,72,37656,0x0000080c
EQ,4,6,normal,OK,507,12345,9,14,14,11998,0x0000080c
EQ,4,7,normal,OK,507,12345,21,112,112,48911,0x0000080c
EQ,4,8,normal,OK,2852,12345,15,40,40,25157,0x0000080c
EQ,4,9,normal,OK,2852,12345,23,94,94,47445,0x0000080c
EQ,4,10,normal,OK,2852,12345,19,65,65,34597,0x0000080c
EQ,4,11,normal,OK,4724,12345,15,41,41,24572,0x0000080c
EQ,4,12,normal,OK,507,12345,18,42,42,27524,0x0000080c
EQ,4,13,normal,OK,2852,12345,22,128,128,56368,0x0000080c
EQ,4,14,normal,OK,4724,12345,17,59,59,32723,0x0000080c
EQ,4,15,normal,OK,8685,12345,21,85,85,42701,0x0000080c
EQ,4,16,normal,OK,2852,12345,21,116,116,51112,0x0000080c
EQ,4,17,normal,OK,507,12345,24,121,121,54537,0x0000080c
EQ,4,18,normal,OK,8685,12345,22,116,116,51795,0x0000080c
EQ,4,19,normal,OK,507,12345,21,82,82,41707,0x0000080c
EQ,4,20,normal,OK,507,12345,22,112,112,51645,0x0000080c
EQ,4,21,normal,OK,2852,12345,9,4,4,9913,0x0000080c
EQ,4,22,normal,OK,507,12345,15,37,37,23412,0x0000080c
EQ,4,23,normal,OK,8685,12345,12,21,21,18494,0x0000080c
EQ,4,24,normal,OK,8685,12345,9,14,14,11715,0x0000080c
EQ,4,25,normal,OK,4724,12345,19,77,77,38381,0x0000080c
EQ,4,26,normal,OK,2852,12345,21,83,83,40893,0x0000080c
EQ,4,27,normal,OK,507,12345,19,77,77,38735,0x0000080c
EQ,4,28,normal,OK,2852,12345,23,142,142,59163,0x0000080c
EQ,4,29,normal,OK,2852,12345,18,62,62,33200,0x0000080c
EQ,4,30,normal,OK,2852,12345,20,80,80,39108,0x0000080c
EQ,4,31,normal,OK,4724,12345,10,14,14,13693,0x0000080c
EQ,4,32,normal,OK,4724,12345,21,70,70,37759,0x0000080c
EQ,4,33,normal,OK,8685,12345,20,98,98,43843,0x0000080c
EQ,4,34,normal,OK,8685,12345,11,17,17,14957,0x0000080c
EQ,4,35,normal,OK,8685,12345,18,73,73,37164,0x0000080c
EQ,4,36,normal,OK,4724,12345,17,47,47,29175,0x0000080c
EQ,4,37,normal,OK,507,12345,20,85,85,41114,0x0000080c
EQ,4,38,normal,OK,8685,12345,16,54,54,29794,0x0000080c
EQ,4,39,normal,OK,4724,12345,18,71,71,36130,0x0000080c
EQ,4,40,normal,OK,507,12345,18,48,48,29467,0x0000080c
EQ,4,41,normal,OK,2852,12345,12,14,14,14902,0x0000080c
EQ,4,42,normal,OK,2852,12345,15,34,34,23318,0x0000080c
EQ,4,43,normal,OK,4724,12345,19,98,98,44191,0x0000080c
EQ,4,44,normal,OK,2852,12345,21,123,123,51650,0x0000080c
EQ,4,45,normal,OK,2852,12345,20,102,102,45121,0x0000080c
EQ,4,46,normal,OK,507,12345,18,68,68,35919,0x0000080c
EQ,4,47,normal,OK,8685,12345,19,76,76,37876,0x0000080c
EQ,4,48,normal,OK,2852,12345,22,95,95,46865,0x0000080c
EQ,4,49,normal,OK,507,12345,16,44,44,27803,0x0000080c
EQ,4,50,normal,OK,8685,12345,12,9,9,12983,0x0000080c
EQ,4,51,normal,OK,4724,12345,21,111,111,48340,0x0000080c
EQ,4,52,normal,OK,2852,12345,18,73,73,37552,0x0000080c
EQ,4,53,normal,OK,4724,12345,20,77,77,39787,0x0000080c
EQ,4,54,normal,OK,2852,12345,24,217,217,80829,0x0000080c
EQ,4,55,normal,OK,507,12345,23,124,124,54306,0x0000080c
EQ,4,56,normal,OK,8685,12345,19,59,59,33715,0x0000080c
EQ,4,57,normal,OK,4724,12345,22,166,166,63859,0x0000080c
EQ,4,58,normal,OK,507,12345,21,97,97,46391,0x0000080c
EQ,4,59,normal,OK,2852,12345,20,86,86,42603,0x0000080c
EQ,4,60,normal,OK,507,12345,18,84,84,39172,0x0000080c
EQ,4,61,normal,OK,507,12345,22,123,123,54966,0x0000080c
EQ,4,62,normal,OK,2852,12345,23,153,153,62603,0x0000080c
EQ,4,63,normal,OK,2852,12345,18,54,54,32128,0x0000080c
EQ,4,64,normal,OK,507,12345,19,64,64,33848,0x0000080c
EQ,4,65,normal,OK,8685,12345,23,131,131,56199,0x0000080c
EQ,4,66,normal,OK,4724,12345,25,172,172,68518,0x0000080c
EQ,4,67,normal,OK,8685,12345,16,30,30,22753,0x0000080c
EQ,4,68,normal,OK,2852,12345,21,81,81,41739,0x0000080c
EQ,4,69,normal,OK,8685,12345,22,106,106,48514,0x0000080c
EQ,4,70,normal,OK,2852,12345,23,119,119,52691,0x0000080c
EQ,4,71,normal,OK,2852,12345,22,124,124,54352,0x0000080c
EQ,4,72,normal,OK,507,12345,12,15,15,14593,0x0000080c
EQ,4,73,normal,OK,2852,12345,20,66,66,36562,0x0000080c
EQ,4,74,normal,OK,507,12345,21,145,145,57423,0x0000080c
EQ,4,75,normal,OK,2852,12345,9,9,9,11331,0x0000080c
EQ,4,76,normal,OK,2852,12345,16,47,47,26982,0x0000080c
EQ,4,77,normal,OK,507,12345,18,67,67,33621,0x0000080c
EQ,4,78,normal,OK,4724,12345,25,177,177,70754,0x0000080c
EQ,4,79,normal,OK,2852,12345,22,90,90,45097,0x0000080c
EQ,4,80,normal,OK,8685,12345,24,175,175,68973,0x0000080c
EQ,4,81,normal,OK,8685,12345,9,12,12,11534,0x0000080c
EQ,4,82,normal,OK,8685,12345,12,18,18,16708,0x0000080c
EQ,4,83,normal,OK,8685,12345,14,23,23,19755,0x0000080c
EQ,4,84,normal,OK,4724,12345,21,132,132,55275,0x0000080c
EQ,4,85,normal,OK,4724,12345,20,91,91,42903,0x0000080c
EQ,4,86,normal,OK,8685,12345,21,91,91,44076,0x0000080c
EQ,4,87,normal,OK,4724,12345,19,89,89,41407,0x0000080c
EQ,4,88,normal,OK,8685,12345,16,48,48,27494,0x0000080c
EQ,4,89,normal,OK,507,12345,16,41,41,26363,0x0000080c
EQ,4,90,normal,OK,8685,12345,18,54,54,31582,0x0000080c
EQ,4,91,normal,OK,507,12345,17,53,53,30173,0x0000080c
EQ,4,92,normal,OK,2852,12345,11,13,13,14010,0x0000080c
EQ,4,93,normal,OK,8685,12345,20,96,96,44829,0x0000080c
EQ,4,94,normal,OK,4724,12345,19,71,71,36219,0x0000080c
EQ,4,95,normal,OK,8685,12345,17,47,47,28651,0x0000080c
EQ,4,96,normal,OK,8685,12345,19,74,74,36764,0x0000080c
EQ,4,97,normal,OK,2852,12345,22,124,124,53511,0x0000080c
EQ,4,98,normal,OK,8685,12345,20,102,102,45621,0x0000080c
EQ,4,99,normal,OK,8685,12345,16,42,42,26172,0x0000080c
EQ,16,0,normal,OK,4512,12345,11,15,15,14649,0x0000080c
EQ,16,1,normal,OK,507,12345,15,23,23,19604,0x0000080c
EQ,16,2,normal,OK,10593,12345,17,56,56,30555,0x0000080c
EQ,16,3,normal,OK,5281,12345,18,56,56,31904,0x0000080c
EQ,16,4,normal,OK,4512,12345,14,27,27,20291,0x0000080c
EQ,16,5,normal,OK,10839,12345,15,18,18,18587,0x0000080c
EQ,16,6,normal,OK,3947,12345,17,68,68,33451,0x0000080c
EQ,16,7,normal,OK,5281,12345,12,25,25,17325,0x0000080c
EQ,16,8,normal,OK,2852,12345,14,32,32,22296,0x0000080c
EQ,16,9,normal,OK,3947,12345,12,20,20,17587,0x0000080c
EQ,16,10,normal,OK,14405,12345,15,35,35,22907,0x0000080c
EQ,16,11,normal,OK,1721,12345,17,57,57,30146,0x0000080c
EQ,16,12,normal,OK,5281,12345,16,28,28,22267,0x0000080c
EQ,16,13,normal,OK,10593,12345,16,43,43,27771,0x0000080c
EQ,16,14,normal,OK,4724,12345,19,71,71,38024,0x0000080c
EQ,16,15,normal,OK,14405,12345,21,85,85,42849,0x0000080c
EQ,16,16,normal,OK,10931,12345,13,30,30,20436,0x0000080c
EQ,16,17,normal,OK,5281,12345,11,13,13,14066,0x0000080c
EQ,16,18,normal,OK,5281,12345,14,27,27,20144,0x0000080c
EQ,16,19,normal,OK,10931,12345,21,82,82,42061,0x0000080c
EQ,16,20,normal,OK,10931,12345,17,58,58,32143,0x0000080c
EQ,16,21,normal,OK,7786,12345,19,67,67,35802,0x0000080c
EQ,16,22,normal,OK,491,12345,15,37,37,23379,0x0000080c
EQ,16,23,normal,OK,8685,12345,12,21,21,18530,0x0000080c
EQ,16,24,normal,OK,7786,12345,16,47,47,27764,0x0000080c
EQ,16,25,normal,OK,491,12345,9,6,6,9400,0x0000080c
EQ,16,26,normal,OK,4512,12345,15,29,29,20846,0x0000080c
EQ,16,27,normal,OK,3947,12345,14,32,32,22001,0x0000080c
EQ,16,28,normal,OK,5281,12345,11,17,17,14736,0x0000080c
EQ,16,29,normal,OK,7786,12345,14,30,30,21422,0x0000080c
EQ,16,30,normal,OK,3947,12345,15,26,26,20431,0x0000080c
EQ,16,31,normal,OK,2852,12345,14,35,35,22752,0x0000080c
EQ,16,32,normal,OK,5281,12345,21,70,70,38070,0x0000080c
EQ,16,33,normal,OK,491,12345,13,23,23,17903,0x0000080c
EQ,16,34,normal,OK,8685,12345,11,17,17,14960,0x0000080c
EQ,16,35,normal,OK,10593,12345,15,30,30,22591,0x0000080c
EQ,16,36,normal,OK,10931,12345,7,5,5,8806,0x0000080c
EQ,16,37,normal,OK,491,12345,2,1,1,1826,0x0000080c
EQ,16,38,normal,OK,15288,12345,15,40,40,25481,0x0000080c
EQ,16,39,normal,OK,15288,12345,18,71,71,36413,0x0000080c
EQ,16,40,normal,OK,507,12345,18,48,48,29511,0x0000080c
EQ,16,41,normal,OK,491,12345,14,29,29,20492,0x0000080c
EQ,16,42,normal,OK,4512,12345,17,57,57,31355,0x0000080c
EQ,16,43,normal,OK,10839,12345,8,6,6,8778,0x0000080c
EQ,16,44,normal,OK,2852,12345,20,93,93,42606,0x0000080c
EQ,16,45,normal,OK,7786,12345,12,21,21,15945,0x0000080c
EQ,16,46,normal,OK,5281,12345,18,68,68,36029,0x0000080c
EQ,16,47,normal,OK,1801,12345,15,30,30,21883,0x0000080c
EQ,16,48,normal,OK,15288,12345,13,13,13,16684,0x0000080c
EQ,16,49,normal,OK,15288,12345,16,44,44,28257,0x0000080c
EQ,16,50,normal,OK,8685,12345,18,48,48,29080,0x0000080c
EQ,16,51,normal,OK,10931,12345,16,43,43,26257,0x0000080c
EQ,16,52,normal,OK,10931,12345,16,43,43,27488,0x0000080c
EQ,16,53,normal,OK,1801,12345,17,33,33,25210,0x0000080c
EQ,16,54,normal,OK,5281,12345,22,121,121,53330,0x0000080c
EQ,16,55,normal,OK,10931,12345,16,33,33,24001,0x0000080c
EQ,16,56,normal,OK,10931,12345,10,10,10,12349,0x0000080c
EQ,16,57,normal,OK,7786,12345,17,61,61,31734,0x0000080c
EQ,16,58,normal,OK,1721,12345,15,37,37,24792,0x0000080c
EQ,16,59,normal,OK,7786,12345,16,49,49,28782,0x0000080c
EQ,16,60,normal,OK,7786,12345,18,84,84,39419,0x0000080c
EQ,16,61,normal,OK,14405,12345,21,83,83,43573,0x0000080c
EQ,16,62,normal,OK,491,12345,19,77,77,38407,0x0000080c
EQ,16,63,normal,OK,7786,12345,16,42,42,26989,0x0000080c
EQ,16,64,normal,OK,10931,12345,16,32,32,23078,0x0000080c
EQ,16,65,normal,OK,10839,12345,21,67,67,37085,0x0000080c
EQ,16,66,normal,OK,491,12345,15,45,45,25304,0x0000080c
EQ,16,67,normal,OK,8685,12345,16,30,30,22760,0x0000080c
EQ,16,68,normal,OK,3947,12345,21,81,81,41751,0x0000080c
EQ,16,69,normal,OK,5281,12345,17,36,36,25404,0x0000080c
EQ,16,70,normal,OK,2852,12345,4,3,3,4278,0x0000080c
EQ,16,71,normal,OK,2852,12345,16,27,27,22707,0x0000080c
EQ,16,72,normal,OK,491,12345,12,15,15,14567,0x0000080c
EQ,16,73,normal,OK,1721,12345,17,35,35,25805,0x0000080c
EQ,16,74,normal,OK,10593,12345,10,15,15,13080,0x0000080c
EQ,16,75,normal,OK,15288,12345,14,31,31,21622,0x0000080c
EQ,16,76,normal,OK,2852,12345,10,13,13,12245,0x0000080c
EQ,16,77,normal,OK,8685,12345,15,31,31,21375,0x0000080c
EQ,16,78,normal,OK,15288,12345,17,41,41,27700,0x0000080c
EQ,16,79,normal,OK,491,12345,16,43,43,26089,0x0000080c
EQ,16,80,normal,OK,491,12345,12,16,16,15279,0x0000080c
EQ,16,81,normal,OK,8685,12345,9,12,12,11533,0x0000080c
EQ,16,82,normal,OK,8685,12345,12,18,18,16699,0x0000080c
EQ,16,83,normal,OK,2852,12345,10,12,12,12897,0x0000080c
EQ,16,84,normal,OK,7786,12345,18,66,66,34638,0x0000080c
EQ,16,85,normal,OK,2852,12345,18,44,44,28621,0x0000080c
EQ,16,86,normal,OK,7786,12345,15,36,36,23580,0x0000080c
EQ,16,87,normal,OK,7786,12345,16,46,46,27094,0x0000080c
EQ,16,88,normal,OK,10593,12345,16,48,48,27510,0x0000080c
EQ,16,89,normal,OK,5281,12345,14,27,27,21030,0x0000080c
EQ,16,90,normal,OK,5281,12345,18,54,54,31994,0x0000080c
EQ,16,91,normal,OK,10931,12345,17,53,53,30487,0x0000080c
EQ,16,92,normal,OK,507,12345,20,86,86,41449,0x0000080c
EQ,16,93,normal,OK,5281,12345,15,45,45,26069,0x0000080c
EQ,16,94,normal,OK,1721,12345,17,40,40,25937,0x0000080c
EQ,16,95,normal,OK,4724,12345,10,12,12,13024,0x0000080c
EQ,16,96,normal,OK,4724,12345,17,42,42,26459,0x0000080c
EQ,16,97,normal,OK,1801,12345,16,33,33,23405,0x0000080c
EQ,16,98,normal,OK,1801,12345,13,20,20,17033,0x0000080c
EQ,16,99,normal,OK,15288,12345,21,101,101,46224,0x0000080c
EQ,64,0,normal,OK,2852,12345,6,4,4,6950,0x0000080c
EQ,64,1,normal,OK,8685,12345,13,14,14,15637,0x0000080c
EQ,64,2,normal,OK,8089,12345,7,3,3,7300,0x0000080c
EQ,64,3,normal,OK,4876,12345,13,19,19,17606,0x0000080c
EQ,64,4,normal,OK,4720,12345,8,4,4,8883,0x0000080c
EQ,64,5,normal,OK,4876,12345,18,40,40,27333,0x0000080c
EQ,64,6,normal,OK,7786,12345,12,24,24,17401,0x0000080c
EQ,64,7,normal,OK,1801,12345,12,25,25,16851,0x0000080c
EQ,64,8,normal,OK,3304,12345,11,13,13,14341,0x0000080c
EQ,64,9,normal,OK,12001,12345,1,0,0,1061,0x0000080c
EQ,64,10,normal,OK,8685,12345,5,4,4,5656,0x0000080c
EQ,64,11,normal,OK,682,12345,12,19,19,15882,0x0000080c
EQ,64,12,normal,OK,26,12345,14,20,20,18445,0x0000080c
EQ,64,13,normal,OK,9302,12345,11,17,17,15773,0x0000080c
EQ,64,14,normal,OK,14567,12345,12,19,19,16955,0x0000080c
EQ,64,15,normal,OK,7400,12345,10,7,7,11441,0x0000080c
EQ,64,16,normal,OK,10839,12345,13,30,30,20344,0x0000080c
EQ,64,17,normal,OK,6247,12345,7,6,6,8459,0x0000080c
EQ,64,18,normal,OK,14542,12345,9,8,8,10582,0x0000080c
EQ,64,19,normal,OK,4724,12345,11,16,16,15123,0x0000080c
EQ,64,20,normal,OK,14542,12345,13,20,20,17973,0x0000080c
EQ,64,21,normal,OK,11647,12345,13,18,18,17200,0x0000080c
EQ,64,22,normal,OK,4724,12345,8,6,6,8482,0x0000080c
EQ,64,23,normal,OK,16090,12345,10,13,13,14191,0x0000080c
EQ,64,24,normal,OK,2888,12345,3,2,2,2999,0x0000080c
EQ,64,25,normal,OK,3073,12345,6,3,3,6034,0x0000080c
EQ,64,26,normal,OK,8225,12345,12,13,13,14183,0x0000080c
EQ,64,27,normal,OK,173,12345,10,11,11,12724,0x0000080c
EQ,64,28,normal,OK,10593,12345,10,14,14,13079,0x0000080c
EQ,64,29,normal,OK,14542,12345,7,6,6,8861,0x0000080c
EQ,64,30,normal,OK,3903,12345,11,11,11,12873,0x0000080c
EQ,64,31,normal,OK,160,12345,11,19,19,15659,0x0000080c
EQ,64,32,normal,OK,4720,12345,2,1,1,2276,0x0000080c
EQ,64,33,normal,OK,160,12345,4,1,1,4007,0x0000080c
EQ,64,34,normal,OK,6247,12345,10,13,13,13303,0x0000080c
EQ,64,35,normal,OK,7400,12345,13,18,18,17270,0x0000080c
EQ,64,36,normal,OK,5531,12345,14,23,23,20077,0x0000080c
EQ,64,37,normal,OK,8225,12345,16,28,28,22482,0x0000080c
EQ,64,38,normal,OK,10931,12345,10,17,17,14741,0x0000080c
EQ,64,39,normal,OK,2888,12345,11,13,13,14174,0x0000080c
EQ,64,40,normal,OK,11272,12345,10,9,9,11839,0x0000080c
EQ,64,41,normal,OK,4512,12345,6,5,5,6705,0x0000080c
EQ,64,42,normal,OK,507,12345,10,8,8,11593,0x0000080c
EQ,64,43,normal,OK,11272,12345,10,12,12,12491,0x0000080c
EQ,64,44,normal,OK,7400,12345,11,8,8,12178,0x0000080c
EQ,64,45,normal,OK,7786,12345,11,14,14,13187,0x0000080c
EQ,64,46,normal,OK,6247,12345,9,10,10,11511,0x0000080c
EQ,64,47,normal,OK,5200,12345,15,30,30,22018,0x0000080c
EQ,64,48,normal,OK,15288,12345,13,13,13,16651,0x0000080c
EQ,64,49,normal,OK,10234,12345,11,11,11,14229,0x0000080c
EQ,64,50,normal,OK,1038,12345,16,32,32,22741,0x0000080c
EQ,64,51,normal,OK,14405,12345,8,10,10,9902,0x0000080c
EQ,64,52,normal,OK,16090,12345,16,43,43,27744,0x0000080c
EQ,64,53,normal,OK,15469,12345,13,21,21,18139,0x0000080c
EQ,64,54,normal,OK,14405,12345,9,13,13,12215,0x0000080c
EQ,64,55,normal,OK,11647,12345,2,1,1,2476,0x0000080c
EQ,64,56,normal,OK,7786,12345,7,4,4,7817,0x0000080c
EQ,64,57,normal,OK,3876,12345,12,15,15,14890,0x0000080c
EQ,64,58,normal,OK,8225,12345,5,4,4,6018,0x0000080c
EQ,64,59,normal,OK,8225,12345,11,14,14,14830,0x0000080c
EQ,64,60,normal,OK,3903,12345,2,1,1,2035,0x0000080c
EQ,64,61,normal,OK,13012,12345,10,13,13,13750,0x0000080c
EQ,64,62,normal,OK,15288,12345,5,4,4,6226,0x0000080c
EQ,64,63,normal,OK,14567,12345,10,11,11,12092,0x0000080c
EQ,64,64,normal,OK,1801,12345,10,10,10,12065,0x0000080c
EQ,64,65,normal,OK,26,12345,15,28,28,21242,0x0000080c
EQ,64,66,normal,OK,9302,12345,13,26,26,18558,0x0000080c
EQ,64,67,normal,OK,682,12345,11,15,15,14070,0x0000080c
EQ,64,68,normal,OK,1825,12345,12,24,24,17933,0x0000080c
EQ,64,69,normal,OK,8225,12345,15,23,23,20252,0x0000080c
EQ,64,70,normal,OK,5531,12345,15,40,40,24318,0x0000080c
EQ,64,71,normal,OK,2852,12345,16,27,27,22645,0x0000080c
EQ,64,72,normal,OK,13048,12345,13,20,20,16956,0x0000080c
EQ,64,73,normal,OK,701,12345,17,35,35,25770,0x0000080c
EQ,64,74,normal,OK,507,12345,16,48,48,27290,0x0000080c
EQ,64,75,normal,OK,10812,12345,7,5,5,8336,0x0000080c
EQ,64,76,normal,OK,1801,12345,15,36,36,23209,0x0000080c
EQ,64,77,normal,OK,701,12345,8,8,8,9114,0x0000080c
EQ,64,78,normal,OK,5281,12345,6,5,5,7090,0x0000080c
EQ,64,79,normal,OK,8089,12345,16,43,43,25984,0x0000080c
EQ,64,80,normal,OK,8799,12345,8,4,4,8280,0x0000080c
EQ,64,81,normal,OK,7786,12345,7,6,6,7849,0x0000080c
EQ,64,82,normal,OK,10234,12345,11,15,15,14925,0x0000080c
EQ,64,83,normal,OK,5270,12345,14,23,23,20145,0x0000080c
EQ,64,84,normal,OK,14494,12345,3,1,1,3262,0x0000080c
EQ,64,85,normal,OK,5200,12345,10,13,13,12612,0x0000080c
EQ,64,86,normal,OK,586,12345,12,19,19,15957,0x0000080c
EQ,64,87,normal,OK,10593,12345,13,23,23,18126,0x0000080c
EQ,64,88,normal,OK,7786,12345,13,25,25,18881,0x0000080c
EQ,64,89,normal,OK,10931,12345,10,13,13,13791,0x0000080c
EQ,64,90,normal,OK,16090,12345,13,12,12,15840,0x0000080c
EQ,64,91,normal,OK,13048,12345,14,18,18,18713,0x0000080c
EQ,64,92,normal,OK,5341,12345,3,1,1,3362,0x0000080c
EQ,64,93,normal,OK,13012,12345,10,14,14,13051,0x0000080c
EQ,64,94,normal,OK,507,12345,13,21,21,17167,0x0000080c
EQ,64,95,normal,OK,507,12345,20,75,75,38731,0x0000080c
EQ,64,96,normal,OK,13012,12345,14,21,21,18308,0x0000080c
EQ,64,97,normal,OK,1801,12345,16,33,33,23401,0x0000080c
EQ,64,98,normal,OK,491,12345,10,7,7,11175,0x0000080c
EQ,64,99,normal,OK,5531,12345,6,4,4,6557,0x0000080c
EQ,256,0,normal,OK,15288,12345,8,7,7,9652,0x0000080c
EQ,256,1,normal,OK,5849,12345,5,2,2,5393,0x0000080c
EQ,256,2,normal,OK,8081,12345,7,3,3,7297,0x0000080c
EQ,256,3,normal,OK,16060,12345,9,8,8,10725,0x0000080c
EQ,256,4,normal,OK,12680,12345,12,17,17,15953,0x0000080c
EQ,256,5,normal,OK,7233,12345,10,5,5,10677,0x0000080c
EQ,256,6,normal,OK,3716,12345,7,7,7,8320,0x0000080c
EQ,256,7,normal,OK,3545,12345,8,8,8,8917,0x0000080c
EQ,256,8,normal,OK,11907,12345,10,8,8,12168,0x0000080c
EQ,256,9,normal,OK,12001,12345,1,0,0,1061,0x0000080c
EQ,256,10,normal,OK,5451,12345,4,2,2,4154,0x0000080c
EQ,256,11,normal,OK,873,12345,12,19,19,15885,0x0000080c
EQ,256,12,normal,OK,90,12345,5,3,3,5451,0x0000080c
EQ,256,13,normal,OK,7326,12345,6,5,5,7075,0x0000080c
EQ,256,14,normal,OK,1930,12345,6,7,7,7728,0x0000080c
EQ,256,15,normal,OK,13448,12345,9,3,3,9429,0x0000080c
EQ,256,16,normal,OK,12329,12345,6,4,4,6438,0x0000080c
EQ,256,17,normal,OK,6247,12345,7,6,6,8433,0x0000080c
EQ,256,18,normal,OK,4389,12345,7,4,4,7235,0x0000080c
EQ,256,19,normal,OK,13749,12345,7,3,3,7653,0x0000080c
EQ,256,20,normal,OK,6940,12345,9,9,9,11302,0x0000080c
EQ,256,21,normal,OK,2302,12345,9,4,4,9921,0x0000080c
EQ,256,22,normal,OK,7844,12345,9,7,7,9619,0x0000080c
EQ,256,23,normal,OK,6733,12345,5,4,4,6058,0x0000080c
EQ,256,24,normal,OK,4724,12345,8,10,10,9605,0x0000080c
EQ,256,25,normal,OK,9555,12345,12,14,14,14606,0x0000080c
EQ,256,26,normal,OK,6702,12345,9,6,6,9302,0x0000080c
EQ,256,27,normal,OK,10532,12345,6,4,4,6711,0x0000080c
EQ,256,28,normal,OK,314,12345,8,7,7,9425,0x0000080c
EQ,256,29,normal,OK,14410,12345,7,6,6,8871,0x0000080c
EQ,256,30,normal,OK,4956,12345,9,7,7,9962,0x0000080c
EQ,256,31,normal,OK,15859,12345,9,10,10,11726,0x0000080c
EQ,256,32,normal,OK,11246,12345,10,12,12,12444,0x0000080c
EQ,256,33,normal,OK,825,12345,8,8,8,9312,0x0000080c
EQ,256,34,normal,OK,10842,12345,7,5,5,8383,0x0000080c
EQ,256,35,normal,OK,9972,12345,6,6,6,7417,0x0000080c
EQ,256,36,normal,OK,16297,12345,6,3,3,7230,0x0000080c
EQ,256,37,normal,OK,1456,12345,5,4,4,5399,0x0000080c
EQ,256,38,normal,OK,11990,12345,6,5,5,7569,0x0000080c
EQ,256,39,normal,OK,10839,12345,4,2,2,4233,0x0000080c
EQ,256,40,normal,OK,586,12345,5,4,4,5941,0x0000080c
EQ,256,41,normal,OK,7400,12345,5,4,4,5602,0x0000080c
EQ,256,42,normal,OK,507,12345,10,8,8,11601,0x0000080c
EQ,256,43,normal,OK,160,12345,6,3,3,5860,0x0000080c
EQ,256,44,normal,OK,7400,12345,11,8,8,12175,0x0000080c
EQ,256,45,normal,OK,8996,12345,6,4,4,6416,0x0000080c
EQ,256,46,normal,OK,15586,12345,8,6,6,9520,0x0000080c
EQ,256,47,normal,OK,56,12345,9,6,6,10257,0x0000080c
EQ,256,48,normal,OK,10265,12345,11,7,7,12710,0x0000080c
EQ,256,49,normal,OK,5281,12345,9,6,6,10741,0x0000080c
EQ,256,50,normal,OK,2160,12345,13,15,15,15265,0x0000080c
EQ,256,51,normal,OK,6300,12345,5,4,4,5572,0x0000080c
EQ,256,52,normal,OK,13448,12345,3,1,1,3663,0x0000080c
EQ,256,53,normal,OK,8799,12345,9,7,7,10695,0x0000080c
EQ,256,54,normal,OK,7615,12345,4,2,2,4182,0x0000080c
EQ,256,55,normal,OK,12785,12345,4,2,2,4639,0x0000080c
EQ,256,56,normal,OK,7780,12345,7,4,4,7801,0x0000080c
EQ,256,57,normal,OK,9459,12345,7,2,2,6579,0x0000080c
EQ,256,58,normal,OK,8225,12345,5,4,4,6036,0x0000080c
EQ,256,59,normal,OK,4389,12345,6,5,5,7557,0x0000080c
EQ,256,60,normal,OK,11343,12345,9,10,10,10664,0x0000080c
EQ,256,61,normal,OK,12329,12345,11,17,17,15704,0x0000080c
EQ,256,62,normal,OK,5666,12345,10,13,13,13328,0x0000080c
EQ,256,63,normal,OK,14388,12345,10,11,11,12078,0x0000080c
EQ,256,64,normal,OK,3410,12345,8,4,4,8617,0x0000080c
EQ,256,65,normal,OK,10195,12345,6,3,3,6351,0x0000080c
EQ,256,66,normal,OK,1133,12345,6,2,2,5851,0x0000080c
EQ,256,67,normal,OK,5270,12345,10,10,10,12092,0x0000080c
EQ,256,68,normal,OK,8996,12345,8,6,6,9116,0x0000080c
EQ,256,69,normal,OK,15374,12345,7,3,3,7608,0x0000080c
EQ,256,70,normal,OK,2789,12345,4,3,3,4243,0x0000080c
EQ,256,71,normal,OK,15233,12345,8,6,6,9263,0x0000080c
EQ,256,72,normal,OK,1859,12345,7,4,4,7624,0x0000080c
EQ,256,73,normal,OK,9230,12345,7,6,6,8481,0x0000080c
EQ,256,74,normal,OK,2442,12345,6,2,2,6224,0x0000080c
EQ,256,75,normal,OK,14410,12345,2,1,1,2446,0x0000080c
EQ,256,76,normal,OK,13239,12345,9,10,10,10578,0x0000080c
EQ,256,77,normal,OK,9230,12345,7,5,5,7562,0x0000080c
EQ,256,78,normal,OK,3237,12345,2,1,1,2012,0x0000080c
EQ,256,79,normal,OK,11111,12345,2,1,1,2199,0x0000080c
EQ,256,80,normal,OK,8089,12345,10,10,10,11836,0x0000080c
EQ,256,81,normal,OK,9492,12345,6,4,4,6379,0x0000080c
EQ,256,82,normal,OK,14992,12345,3,1,1,3653,0x0000080c
EQ,256,83,normal,OK,15859,12345,3,2,2,3736,0x0000080c
EQ,256,84,normal,OK,10082,12345,6,4,4,6505,0x0000080c
EQ,256,85,normal,OK,8851,12345,9,10,10,10919,0x0000080c
EQ,256,86,normal,OK,10812,12345,11,13,13,13642,0x0000080c
EQ,256,87,normal,OK,6247,12345,12,15,15,14979,0x0000080c
EQ,256,88,normal,OK,1038,12345,6,3,3,6375,0x0000080c
EQ,256,89,normal,OK,10532,12345,10,13,13,13701,0x0000080c
EQ,256,90,normal,OK,15943,12345,13,12,12,15811,0x0000080c
EQ,256,91,normal,OK,9960,12345,4,1,1,4400,0x0000080c
EQ,256,92,normal,OK,8081,12345,4,1,1,4298,0x0000080c
EQ,256,93,normal,OK,12684,12345,10,14,14,13016,0x0000080c
EQ,256,94,normal,OK,2888,12345,7,3,3,6786,0x0000080c
EQ,256,95,normal,OK,2852,12345,9,7,7,10792,0x0000080c
EQ,256,96,normal,OK,1456,12345,4,2,2,3732,0x0000080c
EQ,256,97,normal,OK,13286,12345,6,3,3,6635,0x0000080c
EQ,256,98,normal,OK,10964,12345,2,1,1,2183,0x0000080c
EQ,256,99,normal,OK,2852,12345,5,2,2,5123,0x0000080c
RANGE,1,0,normal,OK,16227,-1474,21,119,119,51933,0x0000080c
RANGE,1,1,normal,OK,16227,-1474,25,259,259,91166,0x0000080c
RANGE,1,2,normal,OK,16227,-1474,14,34,34,21886,0x0000080c
RANGE,1,3,normal,OK,16227,-1474,9,8,8,10758,0x0000080c
RANGE,1,4,normal,OK,16227,-1474,28,417,417,137160,0x0000080c
RANGE,1,5,normal,OK,16227,-1474,27,221,221,83716,0x0000080c
RANGE,1,6,normal,OK,16227,-1474,25,258,258,91868,0x0000080c
RANGE,1,7,normal,OK,16227,-1474,27,351,351,118047,0x0000080c
RANGE,1,8,normal,OK,16227,-1474,20,93,93,44426,0x0000080c
RANGE,1,9,normal,OK,16227,-1474,25,189,189,74945,0x0000080c
RANGE,1,10,normal,OK,16227,-1474,28,357,357,120620,0x0000080c
RANGE,1,11,normal,OK,16227,-1474,22,152,152,59988,0x0000080c
RANGE,1,12,normal,OK,16227,-1474,19,51,51,31102,0x0000080c
RANGE,1,13,normal,OK,16227,-1474,22,128,128,57030,0x0000080c
RANGE,1,14,normal,OK,16227,-1474,24,171,171,69847,0x0000080c
RANGE,1,15,normal,OK,16227,-1474,13,18,18,17309,0x0000080c
RANGE,1,16,normal,OK,16227,-1474,19,80,80,39928,0x0000080c
RANGE,1,17,normal,OK,16227,-1474,28,359,359,122219,0x0000088c
RANGE,1,18,normal,OK,16227,-1474,24,216,216,81025,0x0000080c
RANGE,1,19,normal,OK,16227,-1474,21,82,82,42298,0x0000080c
RANGE,1,20,normal,OK,16227,-1474,26,213,213,83364,0x0000080c
RANGE,1,21,normal,OK,16227,-1474,27,295,295,103744,0x0000080c
RANGE,1,22,normal,OK,16227,-1474,22,117,117,51763,0x0000080c
RANGE,1,23,normal,OK,16227,-1474,10,13,13,14152,0x0000080c
RANGE,1,24,normal,OK,16227,-1474,24,291,291,100357,0x0000080c
RANGE,1,25,normal,OK,16227,-1474,19,77,77,38248,0x0000080c
RANGE,1,26,normal,OK,16227,-1474,23,140,140,58116,0x0000080c
RANGE,1,27,normal,OK,16227,-1474,7,6,6,8444,0x0000080c
RANGE,1,28,normal,OK,16227,-1474,21,89,89,43674,0x0000080c
RANGE,1,29,normal,OK,16227,-1474,23,211,211,77779,0x0000080c
RANGE,1,30,normal,OK,16227,-1474,20,80,80,39401,0x0000080c
RANGE,1,31,normal,OK,16227,-1474,21,106,106,47915,0x0000080c
RANGE,1,32,normal,OK,16227,-1474,27,325,325,111772,0x0000080c
RANGE,1,33,normal,OK,16227,-1474,21,127,127,52755,0x0000080c
RANGE,1,34,normal,OK,16227,-1474,22,129,129,55692,0x0000080c
RANGE,1,35,normal,OK,16227,-1474,22,146,146,60640,0x0000080c
RANGE,1,36,normal,OK,16227,-1474,17,47,47,29483,0x0000080c
RANGE,1,37,normal,OK,16227,-1474,22,142,142,58900,0x0000080c
RANGE,1,38,normal,OK,16227,-1474,27,319,319,111510,0x0000080c
RANGE,1,39,normal,OK,16227,-1474,18,71,71,36464,0x0000080c
RANGE,1,40,normal,OK,16227,-1474,24,170,170,67667,0x0000080c
RANGE,1,41,normal,OK,16227,-1474,25,258,258,91354,0x0000080c
RANGE,1,42,normal,OK,16227,-1474,24,245,245,88120,0x0000080c
RANGE,1,43,normal,OK,16227,-1474,21,141,141,57758,0x0000080c
RANGE,1,44,normal,OK,16227,-1474,24,167,167,66569,0x0000080c
RANGE,1,45,normal,OK,16227,-1474,24,245,245,87108,0x0000080c
RANGE,1,46,normal,OK,16227,-1474,25,235,235,86593,0x0000080c
RANGE,1,47,normal,OK,16227,-1474,23,189,189,72173,0x0000080c
RANGE,1,48,normal,OK,16227,-1474,22,95,95,47413,0x0000080c
RANGE,1,49,normal,OK,16227,-1474,22,108,108,50796,0x0000080c
RANGE,1,50,normal,OK,16227,-1474,22,105,105,48242,0x0000080c
RANGE,1,51,normal,OK,16227,-1474,15,37,37,23646,0x0000080c
RANGE,1,52,normal,OK,16227,-1474,19,87,87,42683,0x0000080c
RANGE,1,53,normal,OK,16227,-1474,21,115,115,51299,0x0000080c
RANGE,1,54,normal,OK,16227,-1474,24,217,217,81416,0x0000080c
RANGE,1,55,normal,OK,16227,-1474,23,124,124,55168,0x0000080c
RANGE,1,56,normal,OK,16227,-1474,24,207,207,78236,0x0000080c
RANGE,1,57,normal,OK,16227,-1474,21,126,126,53302,0x0000080c
RANGE,1,58,normal,OK,16227,-1474,22,128,128,56065,0x0000080c
RANGE,1,59,normal,OK,16227,-1474,20,86,86,42677,0x0000080c
RANGE,1,60,normal,OK,16227,-1474,23,217,217,79750,0x0000080c
RANGE,1,61,normal,OK,16227,-1474,17,47,47,30293,0x0000080c
RANGE,1,62,normal,OK,16227,-1474,25,256,256,91838,0x0000080c
RANGE,1,63,normal,OK,16227,-1474,20,86,86,42787,0x0000080c
RANGE,1,64,normal,OK,16227,-1474,27,246,246,89182,0x0000080c
RANGE,1,65,normal,OK,16227,-1474,23,131,131,56295,0x0000080c
RANGE,1,66,normal,OK,16227,-1474,19,90,90,41771,0x0000080c
RANGE,1,67,normal,OK,16227,-1474,24,153,153,64074,0x0000080c
RANGE,1,68,normal,OK,16227,-1474,27,333,333,114997,0x0000080c
RANGE,1,69,normal,OK,16227,-1474,25,221,221,82178,0x0000080c
RANGE,1,70,normal,OK,16227,-1474,23,119,119,52804,0x0000080c
RANGE,1,71,normal,OK,16227,-1474,23,161,161,65335,0x0000080c
RANGE,1,72,normal,OK,16227,-1474,22,176,176,66781,0x0000080c
RANGE,1,73,normal,OK,16227,-1474,25,248,248,90353,0x0000080c
RANGE,1,74,normal,OK,16227,-1474,21,145,145,57848,0x0000080c
RANGE,1,75,normal,OK,16227,-1474,19,95,95,43466,0x0000080c
RANGE,1,76,normal,OK,16227,-1474,26,256,256,92328,0x0000080c
RANGE,1,77,normal,OK,16227,-1474,19,90,90,41538,0x0000080c
RANGE,1,78,normal,OK,16227,-1474,25,177,177,71243,0x0000080c
RANGE,1,79,normal,OK,16227,-1474,27,314,314,109267,0x0000088c
RANGE,1,80,normal,OK,16227,-1474,24,175,175,69209,0x0000080c
RANGE,1,81,normal,OK,16227,-1474,29,362,362,122919,0x0000080c
RANGE,1,82,normal,OK,16227,-1474,22,136,136,57397,0x0000080c
RANGE,1,83,normal,OK,16227,-1474,19,79,79,39776,0x0000080c
RANGE,1,84,normal,OK,16227,-1474,22,163,163,64907,0x0000080c
RANGE,1,85,normal,OK,16227,-1474,21,129,129,54618,0x0000080c
RANGE,1,86,normal,OK,16227,-1474,22,109,109,50265,0x0000080c
RANGE,1,87,normal,OK,16227,-1474,17,54,54,30487,0x0000080c
RANGE,1,88,normal,OK,16227,-1474,22,115,115,51066,0x0000080c
RANGE,1,89,normal,OK,16227,-1474,23,150,150,62345,0x0000080c
RANGE,1,90,normal,OK,16227,-1474,13,12,12,15800,0x0000080c
RANGE,1,91,normal,OK,16227,-1474,26,241,241,88887,0x0000080c
RANGE,1,92,normal,OK,16227,-1474,26,354,354,118458,0x0000080c
RANGE,1,93,normal,OK,16227,-1474,27,294,294,104715,0x0000080c
RANGE,1,94,normal,OK,16227,-1474,26,229,229,85115,0x0000080c
RANGE,1,95,normal,OK,16227,-1474,25,214,214,80655,0x0000080c
RANGE,1,96,normal,OK,16227,-1474,24,183,183,70856,0x0000080c
RANGE,1,97,normal,OK,16227,-1474,19,69,69,36194,0x0000080c
RANGE,1,98,normal,OK,16227,-1474,22,153,153,61325,0x0000080c
RANGE,1,99,normal,OK,16227,-1474,27,263,263,94951,0x0000088c
RANGE,4,0,normal,OK,4728,-2771,20,81,81,40674,0x0000080c
RANGE,4,1,normal,OK,4728,-2771,19,56,56,32213,0x0000080c
RANGE,4,2,normal,OK,16227,-1474,17,56,56,30630,0x0000080c
RANGE,4,3,normal,OK,16227,-1474,9,8,8,10730,0x0000080c
RANGE,4,4,normal,OK,9777,2203,20,108,108,47262,0x0000080c
RANGE,4,5,normal,OK,4728,-2771,22,136,136,56422,0x0000080c
RANGE,4,6,normal,OK,12345,2314,18,90,90,40472,0x0000080c
RANGE,4,7,normal,OK,4728,-2771,21,112,112,49152,0x0000080c
RANGE,4,8,normal,OK,16227,-1474,20,93,93,44118,0x0000080c
RANGE,4,9,normal,OK,9777,2203,17,40,40,27925,0x0000080c
RANGE,4,10,normal,OK,12345,2314,16,44,44,26486,0x0000080c
RANGE,4,11,normal,OK,9777,2203,21,108,108,48012,0x0000080c
RANGE,4,12,normal,OK,16227,-1474,19,51,51,31119,0x0000080c
RANGE,4,13,normal,OK,4728,-2771,21,88,88,45132,0x0000080c
RANGE,4,14,normal,OK,4728,-2771,19,71,71,37892,0x0000080c
RANGE,4,15,normal,OK,9777,2203,16,39,39,25961,0x0000080c
RANGE,4,16,normal,OK,9777,2203,14,35,35,22808,0x0000080c
RANGE,4,17,normal,OK,4728,-2771,21,91,91,44566,0x0000080c
RANGE,4,18,normal,OK,4728,-2771,23,151,151,62227,0x0000080c
RANGE,4,19,normal,OK,4728,-2771,11,16,16,14921,0x0000080c
RANGE,4,20,normal,OK,9777,2203,15,33,33,23337,0x0000080c
RANGE,4,21,normal,OK,9777,2203,16,38,38,25448,0x0000080c
RANGE,4,22,normal,OK,12345,2314,24,178,178,70733,0x0000080c
RANGE,4,23,normal,OK,16227,-1474,10,13,13,14145,0x0000080c
RANGE,4,24,normal,OK,12345,2314,19,93,93,43059,0x0000080c
RANGE,4,25,normal,OK,16227,-1474,18,55,55,31711,0x0000080c
RANGE,4,26,normal,OK,4728,-2771,15,29,29,20929,0x0000080c
RANGE,4,27,normal,OK,16227,-1474,7,6,6,8448,0x0000080c
RANGE,4,28,normal,OK,12345,2314,21,89,89,43546,0x0000080c
RANGE,4,29,normal,OK,4728,-2771,18,62,62,33296,0x0000080c
RANGE,4,30,normal,OK,16227,-1474,17,38,38,25782,0x0000080c
RANGE,4,31,normal,OK,16227,-1474,21,106,106,47767,0x0000080c
RANGE,4,32,normal,OK,4728,-2771,12,18,18,15743,0x0000080c
RANGE,4,33,normal,OK,4728,-2771,16,41,41,25143,0x0000080c
RANGE,4,34,normal,OK,4728,-2771,21,110,110,49286,0x0000080c
RANGE,4,35,normal,OK,12345,2314,19,98,98,45062,0x0000080c
RANGE,4,36,normal,OK,9777,2203,24,229,229,84014,0x0000080c
RANGE,4,37,normal,OK,9777,2203,13,17,17,16731,0x0000080c
RANGE,4,38,normal,OK,12345,2314,13,31,31,21106,0x0000080c
RANGE,4,39,normal,OK,9777,2203,18,71,71,36323,0x0000080c
RANGE,4,40,normal,OK,12345,2314,21,90,90,43472,0x0000080c
RANGE,4,41,normal,OK,12345,2314,17,61,61,31541,0x0000080c
RANGE,4,42,normal,OK,16227,-1474,23,190,190,72355,0x0000080c
RANGE,4,43,normal,OK,4728,-2771,21,141,141,57528,0x0000080c
RANGE,4,44,normal,OK,9777,2203,18,58,58,31966,0x0000080c
RANGE,4,45,normal,OK,4728,-2771,20,102,102,45402,0x0000080c
RANGE,4,46,normal,OK,4728,-2771,23,126,126,55420,0x0000080c
RANGE,4,47,normal,OK,12345,2314,19,76,76,38052,0x0000080c
RANGE,4,48,normal,OK,4728,-2771,17,27,27,24470,0x0000080c
RANGE,4,49,normal,OK,9777,2203,15,32,32,23938,0x0000080c
RANGE,4,50,normal,OK,12345,2314,16,32,32,23190,0x0000080c
RANGE,4,51,normal,OK,9777,2203,20,88,88,41582,0x0000080c
RANGE,4,52,normal,OK,16227,-1474,16,43,43,27835,0x0000080c
RANGE,4,53,normal,OK,12345,2314,18,49,49,30775,0x0000080c
RANGE,4,54,normal,OK,4728,-2771,17,61,61,32754,0x0000080c
RANGE,4,55,normal,OK,9777,2203,18,51,51,30799,0x0000080c
RANGE,4,56,normal,OK,9777,2203,21,86,86,42959,0x0000080c
RANGE,4,57,normal,OK,4728,-2771,20,97,97,43792,0x0000080c
RANGE,4,58,normal,OK,12345,2314,22,128,128,55903,0x0000080c
RANGE,4,59,normal,OK,4728,-2771,20,86,86,42847,0x0000080c
RANGE,4,60,normal,OK,4728,-2771,8,6,6,8619,0x0000080c
RANGE,4,61,normal,OK,4728,-2771,22,123,123,55329,0x0000080c
RANGE,4,62,normal,OK,12345,2314,22,120,120,53421,0x0000080c
RANGE,4,63,normal,OK,9777,2203,20,86,86,42740,0x0000080c
RANGE,4,64,normal,OK,12345,2314,16,32,32,23121,0x0000080c
RANGE,4,65,normal,OK,4728,-2771,20,45,45,30316,0x0000080c
RANGE,4,66,normal,OK,9777,2203,15,45,45,25645,0x0000080c
RANGE,4,67,normal,OK,9777,2203,22,105,105,49079,0x0000080c
RANGE,4,68,normal,OK,9777,2203,22,110,110,50626,0x0000080c
RANGE,4,69,normal,OK,9777,2203,21,81,81,41157,0x0000080c
RANGE,4,70,normal,OK,16227,-1474,24,133,133,57866,0x0000080c
RANGE,4,71,normal,OK,16227,-1474,21,87,87,43974,0x0000080c
RANGE,4,72,normal,OK,12345,2314,19,92,92,41673,0x0000080c
RANGE,4,73,normal,OK,9777,2203,14,24,24,20105,0x0000080c
RANGE,4,74,normal,OK,4728,-2771,17,64,64,32536,0x0000080c
RANGE,4,75,normal,OK,4728,-2771,17,62,62,32366,0x0000080c
RANGE,4,76,normal,OK,9777,2203,20,76,76,38679,0x0000080c
RANGE,4,77,normal,OK,4728,-2771,19,90,90,40718,0x0000080c
RANGE,4,78,normal,OK,4728,-2771,14,25,25,20488,0x0000080c
RANGE,4,79,normal,OK,4728,-2771,14,27,27,20303,0x0000080c
RANGE,4,80,normal,OK,16227,-1474,21,89,89,43540,0x0000080c
RANGE,4,81,normal,OK,4728,-2771,18,79,79,37980,0x0000080c
RANGE,4,82,normal,OK,16227,-1474,21,121,121,52290,0x0000080c
RANGE,4,83,normal,OK,16227,-1474,20,110,110,48650,0x0000080c
RANGE,4,84,normal,OK,16227,-1474,20,107,107,48139,0x0000080c
RANGE,4,85,normal,OK,16227,-1474,18,44,44,28831,0x0000080c
RANGE,4,86,normal,OK,4728,-2771,23,136,136,58318,0x0000080c
RANGE,4,87,normal,OK,16227,-1474,15,33,33,22651,0x0000080c
RANGE,4,88,normal,OK,12345,2314,10,10,10,12519,0x0000080c
RANGE,4,89,normal,OK,12345,2314,21,91,91,44600,0x0000080c
RANGE,4,90,normal,OK,16227,-1474,13,12,12,15805,0x0000080c
RANGE,4,91,normal,OK,16227,-1474,22,121,121,53173,0x0000080c
RANGE,4,92,normal,OK,9777,2203,18,55,55,31533,0x0000080c
RANGE,4,93,normal,OK,9777,2203,18,71,71,36332,0x0000080c
RANGE,4,94,normal,OK,16227,-1474,13,21,21,17652,0x0000080c
RANGE,4,95,normal,OK,12345,2314,21,100,100,46638,0x0000080c
RANGE,4,96,normal,OK,9777,2203,16,31,31,22774,0x0000080c
RANGE,4,97,normal,OK,4728,-2771,22,124,124,53941,0x0000080c
RANGE,4,98,normal,OK,12345,2314,19,82,82,39545,0x0000080c
RANGE,4,99,normal,OK,9777,2203,16,42,42,26286,0x0000080c
RANGE,16,0,normal,OK,4554,4061,20,81,81,40626,0x0000080c
RANGE,16,1,normal,OK,13446,-543,11,9,9,12312,0x0000080c
RANGE,16,2,normal,OK,16227,-1474,14,34,34,21886,0x0000080c
RANGE,16,3,normal,OK,16227,-1474,9,8,8,10756,0x0000080c
RANGE,16,4,normal,OK,5449,-2943,17,59,59,31726,0x0000080c
RANGE,16,5,normal,OK,12345,2314,18,40,40,27466,0x0000080c
RANGE,16,6,normal,OK,1208,-1015,15,42,42,24765,0x0000080c
RANGE,16,7,normal,OK,6787,-1136,19,67,67,34948,0x0000080c
RANGE,16,8,normal,OK,12995,-628,15,40,40,25543,0x0000080c
RANGE,16,9,normal,OK,3663,-4027,11,14,14,15159,0x0000080c
RANGE,16,10,normal,OK,4554,4061,20,93,93,43346,0x0000080c
RANGE,16,11,normal,OK,1208,-1015,15,41,41,24450,0x0000080c
RANGE,16,12,normal,OK,645,768,18,42,42,27510,0x0000080c
RANGE,16,13,normal,OK,6787,-1136,17,61,61,33477,0x0000080c
RANGE,16,14,normal,OK,15376,-614,16,45,45,28222,0x0000080c
RANGE,16,15,normal,OK,9777,2203,16,39,39,25911,0x0000080c
RANGE,16,16,normal,OK,9777,2203,14,35,35,22835,0x0000080c
RANGE,16,17,normal,OK,13446,-543,15,30,30,22880,0x0000080c
RANGE,16,18,normal,OK,13981,-1174,17,55,55,31174,0x0000080c
RANGE,16,19,normal,OK,13981,-1174,7,3,3,7673,0x0000080c
RANGE,16,20,normal,OK,12995,-628,15,33,33,23406,0x0000080c
RANGE,16,21,normal,OK,6787,-1136,12,12,12,14593,0x0000080c
RANGE,16,22,normal,OK,9998,-1243,12,18,18,15565,0x0000080c
RANGE,16,23,normal,OK,9270,2094,12,21,21,18514,0x0000080c
RANGE,16,24,normal,OK,12995,-628,12,28,28,18466,0x0000080c
RANGE,16,25,normal,OK,15376,-614,18,55,55,31216,0x0000080c
RANGE,16,26,normal,OK,5449,-2943,15,29,29,20928,0x0000080c
RANGE,16,27,normal,OK,4728,-2771,14,32,32,21997,0x0000080c
RANGE,16,28,normal,OK,5449,-2943,11,17,17,14760,0x0000080c
RANGE,16,29,normal,OK,4728,-2771,18,62,62,33271,0x0000080c
RANGE,16,30,normal,OK,3663,-4027,19,63,63,33762,0x0000080c
RANGE,16,31,normal,OK,3663,-4027,14,35,35,22798,0x0000080c
RANGE,16,32,normal,OK,12995,-628,7,4,4,7315,0x0000080c
RANGE,16,33,normal,OK,1208,-1015,8,8,8,9311,0x0000080c
RANGE,16,34,normal,OK,645,768,9,12,12,11681,0x0000080c
RANGE,16,35,normal,OK,16227,-1474,17,57,57,31773,0x0000080c
RANGE,16,36,normal,OK,16227,-1474,17,47,47,29477,0x0000080c
RANGE,16,37,normal,OK,9270,2094,16,28,28,22565,0x0000080c
RANGE,16,38,normal,OK,1208,-1015,17,70,70,35112,0x0000080c
RANGE,16,39,normal,OK,1208,-1015,15,31,31,22623,0x0000080c
RANGE,16,40,normal,OK,1208,-1015,15,28,28,21726,0x0000080c
RANGE,16,41,normal,OK,4554,4061,17,61,61,31388,0x0000080c
RANGE,16,42,normal,OK,15376,-614,15,34,34,23702,0x0000080c
RANGE,16,43,normal,OK,13446,-543,14,33,33,22230,0x0000080c
RANGE,16,44,normal,OK,4554,4061,12,13,13,14350,0x0000080c
RANGE,16,45,normal,OK,6787,-1136,9,10,10,10402,0x0000080c
RANGE,16,46,normal,OK,6787,-1136,9,10,10,11501,0x0000080c
RANGE,16,47,normal,OK,1208,-1015,16,42,42,25868,0x0000080c
RANGE,16,48,normal,OK,15376,-614,13,13,13,16672,0x0000080c
RANGE,16,49,normal,OK,12345,2314,4,1,1,3981,0x0000080c
RANGE,16,50,normal,OK,9998,-1243,18,48,48,29244,0x0000080c
RANGE,16,51,normal,OK,16227,-1474,15,37,37,23653,0x0000080c
RANGE,16,52,normal,OK,13446,-543,11,9,9,13757,0x0000080c
RANGE,16,53,normal,OK,9270,2094,20,77,77,40026,0x0000080c
RANGE,16,54,normal,OK,3663,-4027,11,22,22,16437,0x0000080c
RANGE,16,55,normal,OK,5449,-2943,13,22,22,18157,0x0000080c
RANGE,16,56,normal,OK,645,768,8,7,7,9338,0x0000080c
RANGE,16,57,normal,OK,12995,-628,15,38,38,24003,0x0000080c
RANGE,16,58,normal,OK,13981,-1174,9,7,7,11122,0x0000080c
RANGE,16,59,normal,OK,9777,2203,16,49,49,28960,0x0000080c
RANGE,16,60,normal,OK,4728,-2771,8,6,6,8627,0x0000080c
RANGE,16,61,normal,OK,15376,-614,15,34,34,24658,0x0000080c
RANGE,16,62,normal,OK,645,768,17,52,52,30120,0x0000080c
RANGE,16,63,normal,OK,15376,-614,13,24,24,18992,0x0000080c
RANGE,16,64,normal,OK,4728,-2771,18,52,52,30037,0x0000080c
RANGE,16,65,normal,OK,4728,-2771,20,45,45,30277,0x0000080c
RANGE,16,66,normal,OK,645,768,15,45,45,25400,0x0000080c
RANGE,16,67,normal,OK,1208,-1015,11,15,15,14148,0x0000080c
RANGE,16,68,normal,OK,12995,-628,11,18,18,15654,0x0000080c
RANGE,16,69,normal,OK,6787,-1136,17,36,36,25437,0x0000080c
RANGE,16,70,normal,OK,4554,4061,9,10,10,10876,0x0000080c
RANGE,16,71,normal,OK,6787,-1136,20,70,70,37870,0x0000080c
RANGE,16,72,normal,OK,645,768,17,51,51,29123,0x0000080c
RANGE,16,73,normal,OK,13446,-543,11,15,15,15000,0x0000080c
RANGE,16,74,normal,OK,1208,-1015,16,48,48,27410,0x0000080c
RANGE,16,75,normal,OK,15376,-614,14,31,31,21648,0x0000080c
RANGE,16,76,normal,OK,13981,-1174,9,10,10,10666,0x0000080c
RANGE,16,77,normal,OK,9998,-1243,18,67,67,34253,0x0000080c
RANGE,16,78,normal,OK,4728,-2771,14,25,25,20400,0x0000080c
RANGE,16,79,normal,OK,4728,-2771,14,27,27,20239,0x0000080c
RANGE,16,80,normal,OK,9777,2203,18,63,63,33297,0x0000080c
RANGE,16,81,normal,OK,3663,-4027,15,44,44,25762,0x0000080c
RANGE,16,82,normal,OK,9777,2203,20,84,84,41291,0x0000080c
RANGE,16,83,normal,OK,15376,-614,14,23,23,19997,0x0000080c
RANGE,16,84,normal,OK,5449,-2943,12,23,23,17956,0x0000080c
RANGE,16,85,normal,OK,12345,2314,19,67,67,35944,0x0000080c
RANGE,16,86,normal,OK,13981,-1174,19,62,62,34816,0x0000080c
RANGE,16,87,normal,OK,6787,-1136,12,15,15,14992,0x0000080c
RANGE,16,88,normal,OK,12345,2314,16,48,48,27609,0x0000080c
RANGE,16,89,normal,OK,645,768,16,41,41,26301,0x0000080c
RANGE,16,90,normal,OK,16227,-1474,13,12,12,15838,0x0000080c
RANGE,16,91,normal,OK,3663,-4027,18,75,75,37264,0x0000080c
RANGE,16,92,normal,OK,9777,2203,18,55,55,31498,0x0000080c
RANGE,16,93,normal,OK,6787,-1136,15,45,45,26113,0x0000080c
RANGE,16,94,normal,OK,645,768,18,62,62,32549,0x0000080c
RANGE,16,95,normal,OK,12995,-628,5,4,4,6320,0x0000080c
RANGE,16,96,normal,OK,13446,-543,14,21,21,18303,0x0000080c
RANGE,16,97,normal,OK,6787,-1136,11,11,11,13292,0x0000080c
RANGE,16,98,normal,OK,1208,-1015,12,17,17,15515,0x0000080c
RANGE,16,99,normal,OK,4554,4061,19,70,70,36307,0x0000080c
RANGE,64,0,normal,OK,6171,1345,14,22,22,19568,0x0000080c
RANGE,64,1,normal,OK,13589,-734,11,9,9,12368,0x0000080c
RANGE,64,2,normal,OK,16227,-1474,14,34,34,21826,0x0000080c
RANGE,64,3,normal,OK,16227,-1474,9,8,8,10752,0x0000080c
RANGE,64,4,normal,OK,3669,3592,13,21,21,17905,0x0000080c
RANGE,64,5,normal,OK,11383,3702,15,18,18,18631,0x0000080c
RANGE,64,6,normal,OK,4695,-731,15,42,42,24875,0x0000080c
RANGE,64,7,normal,OK,15073,-866,8,8,8,9292,0x0000080c
RANGE,64,8,normal,OK,12995,-628,10,8,8,12272,0x0000080c
RANGE,64,9,normal,OK,8166,2259,10,9,9,12996,0x0000080c
RANGE,64,10,normal,OK,8771,-3801,5,4,4,5668,0x0000080c
RANGE,64,11,normal,OK,1236,1692,12,19,19,15997,0x0000080c
RANGE,64,12,normal,OK,318,626,14,20,20,18441,0x0000080c
RANGE,64,13,normal,OK,13135,465,7,7,7,8753,0x0000080c
RANGE,64,14,normal,OK,14698,-2746,12,19,19,16996,0x0000080c
RANGE,64,15,normal,OK,16151,-1400,13,18,18,17320,0x0000080c
RANGE,64,16,normal,OK,12560,207,13,30,30,20536,0x0000080c
RANGE,64,17,normal,OK,13599,-583,15,30,30,22924,0x0000080c
RANGE,64,18,normal,OK,13981,-1174,13,18,18,17017,0x0000080c
RANGE,64,19,normal,OK,13981,-1174,8,4,4,9100,0x0000080c
RANGE,64,20,normal,OK,6855,-2726,9,9,9,11307,0x0000080c
RANGE,64,21,normal,OK,3675,78,14,23,23,19426,0x0000080c
RANGE,64,22,normal,OK,14698,-2746,11,13,13,13182,0x0000080c
RANGE,64,23,normal,OK,6787,-1136,5,4,4,6054,0x0000080c
RANGE,64,24,normal,OK,8431,1225,11,21,21,15524,0x0000080c
RANGE,64,25,normal,OK,15678,3772,16,38,38,24774,0x0000080c
RANGE,64,26,normal,OK,1111,3018,7,3,3,6920,0x0000080c
RANGE,64,27,normal,OK,6787,-1136,12,17,17,16113,0x0000080c
RANGE,64,28,normal,OK,12495,-3747,5,4,4,6126,0x0000080c
RANGE,64,29,normal,OK,1691,-1050,3,1,1,3061,0x0000080c
RANGE,64,30,normal,OK,4475,-1764,7,3,3,7199,0x0000080c
RANGE,64,31,normal,OK,318,626,11,19,19,15736,0x0000080c
RANGE,64,32,normal,OK,11383,3702,16,35,35,24155,0x0000080c
RANGE,64,33,normal,OK,8166,2259,8,8,8,9506,0x0000080c
RANGE,64,34,normal,OK,318,626,5,3,3,5728,0x0000080c
RANGE,64,35,normal,OK,12495,-3747,15,30,30,22683,0x0000080c
RANGE,64,36,normal,OK,6855,-2726,14,23,23,20153,0x0000080c
RANGE,64,37,normal,OK,13446,-543,4,2,2,4120,0x0000080c
RANGE,64,38,normal,OK,15073,-866,5,4,4,6246,0x0000080c
RANGE,64,39,normal,OK,6855,-2726,2,1,1,1889,0x0000080c
RANGE,64,40,normal,OK,8166,2259,11,14,14,14153,0x0000080c
RANGE,64,41,normal,OK,645,768,14,29,29,20435,0x0000080c
RANGE,64,42,normal,OK,6787,-1136,11,12,12,13544,0x0000080c
RANGE,64,43,normal,OK,12345,2314,10,12,12,12561,0x0000080c
RANGE,64,44,normal,OK,4299,-3541,12,13,13,14309,0x0000080c
RANGE,64,45,normal,OK,8166,2259,11,14,14,13228,0x0000080c
RANGE,64,46,normal,OK,12995,-628,13,28,28,20619,0x0000080c
RANGE,64,47,normal,OK,6075,-3833,15,30,30,22084,0x0000080c
RANGE,64,48,normal,OK,4299,-3541,17,27,27,24480,0x0000080c
RANGE,64,49,normal,OK,5193,2575,14,27,27,21596,0x0000080c
RANGE,64,50,normal,OK,4554,4061,6,3,3,5862,0x0000080c
RANGE,64,51,normal,OK,14356,-58,8,10,10,9933,0x0000080c
RANGE,64,52,normal,OK,4728,-2771,8,5,5,9725,0x0000080c
RANGE,64,53,normal,OK,16227,-1474,2,1,1,2180,0x0000080c
RANGE,64,54,normal,OK,14356,-58,9,13,13,12259,0x0000080c
RANGE,64,55,normal,OK,13446,-543,9,11,11,11569,0x0000080c
RANGE,64,56,normal,OK,9998,-1243,14,15,15,17426,0x0000080c
RANGE,64,57,normal,OK,4100,1363,12,15,15,14911,0x0000080c
RANGE,64,58,normal,OK,3669,3592,10,11,11,12958,0x0000080c
RANGE,64,59,normal,OK,4554,4061,6,5,5,7558,0x0000080c
RANGE,64,60,normal,OK,4695,-731,8,6,6,8623,0x0000080c
RANGE,64,61,normal,OK,13222,-1247,10,13,13,13761,0x0000080c
RANGE,64,62,normal,OK,5959,-2036,10,13,13,13366,0x0000080c
RANGE,64,63,normal,OK,14134,227,14,34,34,22798,0x0000080c
RANGE,64,64,normal,OK,3669,3592,8,4,4,8612,0x0000080c
RANGE,64,65,normal,OK,7089,3669,16,39,39,25089,0x0000080c
RANGE,64,66,normal,OK,1835,477,10,7,7,10849,0x0000080c
RANGE,64,67,normal,OK,5449,-2943,10,10,10,12084,0x0000080c
RANGE,64,68,normal,OK,5193,2575,6,3,3,6365,0x0000080c
RANGE,64,69,normal,OK,8771,-3801,15,23,23,20308,0x0000080c
RANGE,64,70,normal,OK,5193,2575,8,7,7,9250,0x0000080c
RANGE,64,71,normal,OK,3669,3592,16,27,27,22712,0x0000080c
RANGE,64,72,normal,OK,2272,-2760,9,10,10,10733,0x0000080c
RANGE,64,73,normal,OK,13135,465,5,4,4,5908,0x0000080c
RANGE,64,74,normal,OK,12299,1447,15,35,35,23272,0x0000080c
RANGE,64,75,normal,OK,883,-3821,10,12,12,12860,0x0000080c
RANGE,64,76,normal,OK,14084,1681,9,10,10,10623,0x0000080c
RANGE,64,77,normal,OK,3428,-3946,9,10,10,10421,0x0000080c
RANGE,64,78,normal,OK,4299,-3541,14,25,25,20471,0x0000080c
RANGE,64,79,normal,OK,1236,1692,8,8,8,9181,0x0000080c
RANGE,64,80,normal,OK,8431,1225,10,10,10,11873,0x0000080c
RANGE,64,81,normal,OK,1835,477,13,28,28,19114,0x0000080c
RANGE,64,82,normal,OK,12495,-3747,12,18,18,16889,0x0000080c
RANGE,64,83,normal,OK,6075,-3833,14,23,23,20230,0x0000080c
RANGE,64,84,normal,OK,15073,-866,9,11,11,11821,0x0000080c
RANGE,64,85,normal,OK,15678,3772,12,21,21,17039,0x0000080c
RANGE,64,86,normal,OK,1111,3018,12,19,19,15971,0x0000080c
RANGE,64,87,normal,OK,12345,2314,13,23,23,18249,0x0000080c
RANGE,64,88,normal,OK,318,626,12,19,19,16427,0x0000080c
RANGE,64,89,normal,OK,698,-2344,13,19,19,17847,0x0000080c
RANGE,64,90,normal,OK,9777,2203,14,19,19,18714,0x0000080c
RANGE,64,91,normal,OK,2272,-2760,15,24,24,21118,0x0000080c
RANGE,64,92,normal,OK,6075,-3833,11,13,13,13967,0x0000080c
RANGE,64,93,normal,OK,4299,-3541,12,25,25,17623,0x0000080c
RANGE,64,94,normal,OK,883,-3821,13,21,21,17215,0x0000080c
RANGE,64,95,normal,OK,8166,2259,4,2,2,4681,0x0000080c
RANGE,64,96,normal,OK,15073,-866,6,4,4,6527,0x0000080c
RANGE,64,97,normal,OK,15073,-866,8,5,5,9136,0x0000080c
RANGE,64,98,normal,OK,1691,-1050,12,17,17,15385,0x0000080c
RANGE,64,99,normal,OK,9270,2094,12,18,18,15926,0x0000080c
RANGE,256,0,normal,OK,12101,-2751,2,1,1,2472,0x0000080c
RANGE,256,1,normal,OK,1860,-2151,10,5,5,10164,0x0000080c
RANGE,256,2,normal,OK,7612,-2447,1,0,0,950,0x0000080c
RANGE,256,3,normal,OK,16113,1308,9,8,8,10727,0x0000080c
RANGE,256,4,normal,OK,4785,-3064,8,4,4,8865,0x0000080c
RANGE,256,5,normal,OK,1511,-1704,11,9,9,12464,0x0000080c
RANGE,256,6,normal,OK,598,3880,9,14,14,11947,0x0000080c
RANGE,256,7,normal,OK,6718,-633,5,3,3,5277,0x0000080c
RANGE,256,8,normal,OK,12890,-3479,9,4,4,10097,0x0000080c
RANGE,256,9,normal,OK,6618,224,9,7,7,11581,0x0000080c
RANGE,256,10,normal,OK,5193,2575,7,6,6,7798,0x0000080c
RANGE,256,11,normal,OK,11800,-2201,9,10,10,11147,0x0000080c
RANGE,256,12,normal,OK,591,-455,13,10,10,15059,0x0000080c
RANGE,256,13,normal,OK,2714,-4014,3,1,1,2872,0x0000080c
RANGE,256,14,normal,OK,6544,298,3,2,2,3666,0x0000080c
RANGE,256,15,normal,OK,7061,575,10,7,7,11430,0x0000080c
RANGE,256,16,normal,OK,13958,3326,7,6,6,8116,0x0000080c
RANGE,256,17,normal,OK,8833,-2331,6,5,5,7284,0x0000080c
RANGE,256,18,normal,OK,12101,-2751,6,3,3,6163,0x0000080c
RANGE,256,19,normal,OK,14110,3958,7,3,3,7695,0x0000080c
RANGE,256,20,normal,OK,6313,3315,9,9,9,11292,0x0000080c
RANGE,256,21,normal,OK,4836,-1429,10,5,5,11011,0x0000080c
RANGE,256,22,normal,OK,2313,2221,5,1,1,4219,0x0000080c
RANGE,256,23,normal,OK,6595,1025,5,4,4,6060,0x0000080c
RANGE,256,24,normal,OK,6282,-619,6,6,6,6997,0x0000080c
RANGE,256,25,normal,OK,10141,656,10,8,8,10974,0x0000080c
RANGE,256,26,normal,OK,6544,298,9,6,6,9337,0x0000080c
RANGE,256,27,normal,OK,10759,4069,6,4,4,6719,0x0000080c
RANGE,256,28,normal,OK,12495,-3747,5,4,4,6080,0x0000080c
RANGE,256,29,normal,OK,14698,-2746,7,6,6,8880,0x0000080c
RANGE,256,30,normal,OK,13981,-1174,3,1,1,2903,0x0000080c
RANGE,256,31,normal,OK,15984,2155,4,2,2,4415,0x0000080c
RANGE,256,32,normal,OK,12442,-3189,10,12,12,12498,0x0000080c
RANGE,256,33,normal,OK,1165,-3955,8,8,8,9320,0x0000080c
RANGE,256,34,normal,OK,1409,-221,8,8,8,9921,0x0000080c
RANGE,256,35,normal,OK,4695,-731,2,1,1,2156,0x0000080c
RANGE,256,36,normal,OK,15925,-2305,4,0,0,4342,0x0000080c
RANGE,256,37,normal,OK,15604,-3833,9,8,8,10427,0x0000080c
RANGE,256,38,normal,OK,15120,1624,5,4,4,6259,0x0000080c
RANGE,256,39,normal,OK,1027,2796,5,4,4,5485,0x0000080c
RANGE,256,40,normal,OK,14134,227,4,2,2,4724,0x0000080c
RANGE,256,41,normal,OK,7167,-3522,5,4,4,5603,0x0000080c
RANGE,256,42,normal,OK,13599,-583,9,3,3,9545,0x0000080c
RANGE,256,43,normal,OK,598,3880,2,1,1,2044,0x0000080c
RANGE,256,44,normal,OK,10982,2141,9,5,5,9569,0x0000080c
RANGE,256,45,normal,OK,1409,-221,7,6,6,7648,0x0000080c
RANGE,256,46,normal,OK,6718,-633,6,3,3,6764,0x0000080c
RANGE,256,47,normal,OK,12995,-628,8,3,3,8775,0x0000080c
RANGE,256,48,normal,OK,10759,4069,11,7,7,12708,0x0000080c
RANGE,256,49,normal,OK,13195,-3032,5,2,2,5329,0x0000080c
RANGE,256,50,normal,OK,2464,796,5,1,1,4485,0x0000080c
RANGE,256,51,normal,OK,14515,-2810,8,10,10,9907,0x0000080c
RANGE,256,52,normal,OK,4734,813,8,5,5,9742,0x0000080c
RANGE,256,53,normal,OK,8740,-1739,9,7,7,10690,0x0000080c
RANGE,256,54,normal,OK,8565,1388,6,6,6,7353,0x0000080c
RANGE,256,55,normal,OK,11006,14,7,7,7,8569,0x0000080c
RANGE,256,56,normal,OK,645,768,8,7,7,9343,0x0000080c
RANGE,256,57,normal,OK,9296,-1665,11,10,10,12731,0x0000080c
RANGE,256,58,normal,OK,9405,1321,2,1,1,2291,0x0000080c
RANGE,256,59,normal,OK,1873,350,8,7,7,9869,0x0000080c
RANGE,256,60,normal,OK,2026,-2644,5,2,2,5062,0x0000080c
RANGE,256,61,normal,OK,5893,-2240,5,4,4,6297,0x0000080c
RANGE,256,62,normal,OK,6787,-1136,3,1,1,3404,0x0000080c
RANGE,256,63,normal,OK,5449,-2943,5,3,3,5398,0x0000080c
RANGE,256,64,normal,OK,9240,-1467,6,2,2,6413,0x0000080c
RANGE,256,65,normal,OK,10323,-26,6,3,3,6363,0x0000080c
RANGE,256,66,normal,OK,11968,3802,3,1,1,3212,0x0000080c
RANGE,256,67,normal,OK,6987,-2316,6,6,6,7789,0x0000080c
RANGE,256,68,normal,OK,5170,3782,6,3,3,6390,0x0000080c
RANGE,256,69,normal,OK,12880,1397,2,1,1,2398,0x0000080c
RANGE,256,70,normal,OK,4430,74,9,10,10,10866,0x0000080c
RANGE,256,71,normal,OK,8836,-3872,12,13,13,15491,0x0000080c
RANGE,256,72,normal,OK,1409,-221,8,6,6,8911,0x0000080c
RANGE,256,73,normal,OK,12874,4091,4,2,2,4242,0x0000080c
RANGE,256,74,normal,OK,5526,3979,9,10,10,10771,0x0000080c
RANGE,256,75,normal,OK,2756,874,9,9,9,11271,0x0000080c
RANGE,256,76,normal,OK,4708,-911,8,6,6,8439,0x0000080c
RANGE,256,77,normal,OK,14134,227,5,3,3,5097,0x0000080c
RANGE,256,78,normal,OK,7219,43,7,7,7,8594,0x0000080c
RANGE,256,79,normal,OK,6313,3315,7,5,5,7606,0x0000080c
RANGE,256,80,normal,OK,8709,-3403,8,4,4,8249,0x0000080c
RANGE,256,81,normal,OK,15037,-3396,5,3,3,5124,0x0000080c
RANGE,256,82,normal,OK,7219,43,9,10,10,11525,0x0000080c
RANGE,256,83,normal,OK,2981,-1400,10,12,12,12906,0x0000080c
RANGE,256,84,normal,OK,1165,-3955,13,26,26,19483,0x0000080c
RANGE,256,85,normal,OK,1622,-746,2,1,1,2123,0x0000080c
RANGE,256,86,normal,OK,2981,-1400,10,10,10,11806,0x0000080c
RANGE,256,87,normal,OK,11006,14,6,5,5,6981,0x0000080c
RANGE,256,88,normal,OK,12629,-3988,10,10,10,12495,0x0000080c
RANGE,256,89,normal,OK,5920,357,3,1,1,3447,0x0000080c
RANGE,256,90,normal,OK,480,-2190,4,2,2,4207,0x0000080c
RANGE,256,91,normal,OK,533,909,13,10,10,15402,0x0000080c
RANGE,256,92,normal,OK,5364,2037,3,1,1,3354,0x0000080c
RANGE,256,93,normal,OK,2151,3011,3,2,2,3119,0x0000080c
RANGE,256,94,normal,OK,14139,-261,9,7,7,9861,0x0000080c
RANGE,256,95,normal,OK,13135,465,5,4,4,6297,0x0000080c
RANGE,256,96,normal,OK,4116,-3709,7,6,6,7953,0x0000080c
RANGE,256,97,normal,OK,2859,-2006,7,5,5,7987,0x0000080c
RANGE,256,98,normal,OK,1236,1692,12,17,17,15454,0x0000080c
RANGE,256,99,normal,OK,6987,-2316,8,8,8,9343,0x0000080c
