Copyright 1986-2022 Xilinx, Inc. All Rights Reserved. Copyright 2022-2026 Advanced Micro Devices, Inc. All Rights Reserved.
------------------------------------------------------------------------------------------------------------------------------------------------------------------------------------------
| Tool Version : Vivado v.2026.1 (lin64) Build 6511674 Tue Jun 16 11:01:26 MDT 2026
| Date         : Fri Sep 25 15:28:16 2026
| Host         : Dev-Ubuntu running 64-bit Ubuntu 24.04.4 LTS
| Command      : report_timing -sort_by group -max_paths 100 -path_type summary -file /opt/rvx/platform/bbht_grover_nocheckpoint/imp_arty-100t_2026-09-25/imp_result/route_timing_max.rpt
| Design       : BBHT_GROVER_NOCHECKPOINT_FPGA
| Device       : 7a100t-csg324
| Speed File   : -1  PRODUCTION 1.23 2018-06-13
| Design State : Routed
------------------------------------------------------------------------------------------------------------------------------------------------------------------------------------------

Timing Report

Startpoint                     Endpoint                       Slack(ns)     
----------------------------------------------------------------------------
i_platform/i_bbht/u_core/u_main_ip/g_intra_e4.u_iter_dp/oracle_valid_t1_reg/C
                               i_platform/i_bbht/u_core/u_main_ip/g_intra_e4.u_iter_dp/u_sum3/cut_reg_reg[3][12]/CE
                                                              0.193         
i_platform/i_bbht/u_core/u_main_ip/g_intra_e4.u_iter_dp/oracle_valid_t1_reg/C
                               i_platform/i_bbht/u_core/u_main_ip/g_intra_e4.u_iter_dp/u_sum3/cut_reg_reg[3][13]/CE
                                                              0.193         
i_platform/i_bbht/u_core/u_main_ip/g_intra_e4.u_iter_dp/oracle_valid_t1_reg/C
                               i_platform/i_bbht/u_core/u_main_ip/g_intra_e4.u_iter_dp/u_sum3/cut_reg_reg[3][14]/CE
                                                              0.193         
i_platform/i_bbht/u_core/u_main_ip/g_intra_e4.u_iter_dp/oracle_valid_t1_reg/C
                               i_platform/i_bbht/u_core/u_main_ip/g_intra_e4.u_iter_dp/u_sum3/cut_reg_reg[3][15]/CE
                                                              0.193         
i_platform/i_bbht/u_core/u_main_ip/g_intra_e4.u_amp_mem/quad_v_d_reg/C
                               i_platform/i_bbht/u_core/u_main_ip/g_intra_e4.u_amp_mem/quad_rd3_reg[369]/CE
                                                              0.215         
i_platform/i_bbht/u_core/u_main_ip/g_intra_e4.u_amp_mem/quad_v_d_reg/C
                               i_platform/i_bbht/u_core/u_main_ip/g_intra_e4.u_amp_mem/quad_rd3_reg[376]/CE
                                                              0.215         
i_platform/i_bbht/u_core/u_main_ip/g_intra_e4.u_iter_dp/oracle_valid_t1_reg/C
                               i_platform/i_bbht/u_core/u_main_ip/g_intra_e4.u_iter_dp/u_sum3/cut_reg_reg[3][0]/CE
                                                              0.232         
i_platform/i_bbht/u_core/u_main_ip/g_intra_e4.u_iter_dp/oracle_valid_t1_reg/C
                               i_platform/i_bbht/u_core/u_main_ip/g_intra_e4.u_iter_dp/u_sum3/cut_reg_reg[3][1]/CE
                                                              0.232         
i_platform/i_bbht/u_core/u_main_ip/g_intra_e4.u_iter_dp/oracle_valid_t1_reg/C
                               i_platform/i_bbht/u_core/u_main_ip/g_intra_e4.u_iter_dp/u_sum3/cut_reg_reg[3][2]/CE
                                                              0.232         
i_platform/i_bbht/u_core/u_main_ip/g_intra_e4.u_iter_dp/oracle_valid_t1_reg/C
                               i_platform/i_bbht/u_core/u_main_ip/g_intra_e4.u_iter_dp/u_sum3/cut_reg_reg[3][3]/CE
                                                              0.232         
i_platform/i_bbht/u_core/u_main_ip/g_intra_e4.u_amp_mem/quad_v_d_reg/C
                               i_platform/i_bbht/u_core/u_main_ip/g_intra_e4.u_amp_mem/quad_rd3_reg[221]/CE
                                                              0.235         
i_platform/i_bbht/u_core/u_main_ip/g_intra_e4.u_amp_mem/quad_v_d_reg/C
                               i_platform/i_bbht/u_core/u_main_ip/g_intra_e4.u_amp_mem/quad_rd3_reg[222]/CE
                                                              0.235         
i_platform/i_bbht/u_core/u_main_ip/g_intra_e4.u_amp_mem/quad_v_d_reg/C
                               i_platform/i_bbht/u_core/u_main_ip/g_intra_e4.u_amp_mem/quad_rd3_reg[224]/CE
                                                              0.235         
i_platform/i_bbht/u_core/u_main_ip/g_intra_e4.u_amp_mem/quad_v_d_reg/C
                               i_platform/i_bbht/u_core/u_main_ip/g_intra_e4.u_amp_mem/quad_rd0_reg[142]/CE
                                                              0.237         
i_platform/i_bbht/u_core/u_main_ip/g_intra_e4.u_amp_mem/quad_v_d_reg/C
                               i_platform/i_bbht/u_core/u_main_ip/g_intra_e4.u_amp_mem/quad_rd0_reg[145]/CE
                                                              0.237         
i_platform/i_bbht/u_core/u_main_ip/u_measure_verify/u_born/u_square32/v0_reg/C
                               i_platform/i_bbht/u_core/u_main_ip/u_measure_verify/u_born/u_square32/sq10__26/CEP
                                                              0.240         
i_platform/i_bbht/u_core/u_main_ip/g_intra_e4.u_iter_dp/oracle_valid_t1_reg/C
                               i_platform/i_bbht/u_core/u_main_ip/g_intra_e4.u_iter_dp/u_sum3/cut_reg_reg[3][20]/CE
                                                              0.245         
i_platform/i_bbht/u_core/u_main_ip/g_intra_e4.u_iter_dp/oracle_valid_t1_reg/C
                               i_platform/i_bbht/u_core/u_main_ip/g_intra_e4.u_iter_dp/u_sum3/cut_reg_reg[3][21]/CE
                                                              0.245         
i_platform/i_bbht/u_core/u_main_ip/g_intra_e4.u_iter_dp/oracle_valid_t1_reg/C
                               i_platform/i_bbht/u_core/u_main_ip/g_intra_e4.u_iter_dp/u_sum3/cut_reg_reg[3][22]/CE
                                                              0.245         
i_platform/i_bbht/u_core/u_main_ip/g_intra_e4.u_iter_dp/oracle_valid_t1_reg/C
                               i_platform/i_bbht/u_core/u_main_ip/g_intra_e4.u_iter_dp/u_sum3/cut_reg_reg[3][23]/CE
                                                              0.245         
i_platform/i_bbht/u_core/u_main_ip/u_measure_verify/u_born/u_square32/v0_reg/C
                               i_platform/i_bbht/u_core/u_main_ip/u_measure_verify/u_born/u_square32/sq1_reg[693]/CE
                                                              0.250         
i_platform/i_bbht/u_core/u_main_ip/g_intra_e4.u_amp_mem/quad_v_d_reg/C
                               i_platform/i_bbht/u_core/u_main_ip/g_intra_e4.u_amp_mem/quad_rd0_reg[212]/CE
                                                              0.258         
i_platform/i_bbht/u_core/u_main_ip/g_intra_e4.u_amp_mem/quad_v_d_reg/C
                               i_platform/i_bbht/u_core/u_main_ip/g_intra_e4.u_amp_mem/quad_rd3_reg[253]/CE
                                                              0.259         
i_platform/i_bbht/u_core/u_main_ip/g_intra_e4.u_amp_mem/quad_v_d_reg/C
                               i_platform/i_bbht/u_core/u_main_ip/g_intra_e4.u_amp_mem/quad_rd3_reg[254]/CE
                                                              0.259         
i_platform/i_bbht/u_core/u_main_ip/g_intra_e4.u_amp_mem/quad_v_d_reg/C
                               i_platform/i_bbht/u_core/u_main_ip/g_intra_e4.u_amp_mem/quad_rd3_reg[255]/CE
                                                              0.259         
i_platform/i_bbht/u_core/u_main_ip/g_intra_e4.u_amp_mem/quad_v_d_reg/C
                               i_platform/i_bbht/u_core/u_main_ip/g_intra_e4.u_amp_mem/quad_rd3_reg[256]/CE
                                                              0.259         
i_platform/i_bbht/u_core/u_main_ip/g_intra_e4.u_amp_mem/quad_v_d_reg/C
                               i_platform/i_bbht/u_core/u_main_ip/g_intra_e4.u_amp_mem/quad_rd0_reg[399]/CE
                                                              0.276         
i_platform/i_bbht/u_core/u_main_ip/g_intra_e4.u_amp_mem/quad_v_d_reg/C
                               i_platform/i_bbht/u_core/u_main_ip/g_intra_e4.u_amp_mem/quad_rd0_reg[400]/CE
                                                              0.276         
i_platform/i_bbht/u_core/u_main_ip/g_intra_e4.u_amp_mem/quad_v_d_reg/C
                               i_platform/i_bbht/u_core/u_main_ip/g_intra_e4.u_amp_mem/quad_rd0_reg[402]/CE
                                                              0.276         
i_platform/i_bbht/u_core/u_main_ip/g_intra_e4.u_amp_mem/quad_v_d_reg/C
                               i_platform/i_bbht/u_core/u_main_ip/g_intra_e4.u_amp_mem/quad_rd0_reg[405]/CE
                                                              0.276         
i_platform/i_bbht/u_core/u_main_ip/g_intra_e4.u_amp_mem/quad_v_d_reg/C
                               i_platform/i_bbht/u_core/u_main_ip/g_intra_e4.u_amp_mem/quad_rd0_reg[406]/CE
                                                              0.276         
i_platform/i_bbht/u_core/u_main_ip/g_intra_e4.u_amp_mem/quad_v_d_reg/C
                               i_platform/i_bbht/u_core/u_main_ip/g_intra_e4.u_amp_mem/quad_rd0_reg[410]/CE
                                                              0.276         
i_platform/i_bbht/u_core/u_main_ip/g_intra_e4.u_amp_mem/quad_v_d_reg/C
                               i_platform/i_bbht/u_core/u_main_ip/g_intra_e4.u_amp_mem/quad_rd0_reg[303]/CE
                                                              0.277         
i_platform/i_bbht/u_core/u_main_ip/u_measure_verify/u_born/u_square32/v0_reg/C
                               i_platform/i_bbht/u_core/u_main_ip/u_measure_verify/u_born/u_square32/sq1_reg[552]/CE
                                                              0.279         
i_platform/i_bbht/u_core/u_main_ip/u_measure_verify/u_born/u_square32/v0_reg/C
                               i_platform/i_bbht/u_core/u_main_ip/u_measure_verify/u_born/u_square32/sq1_reg[696]/CE
                                                              0.279         
i_platform/i_bbht/u_core/u_main_ip/u_measure_verify/u_born/u_square32/v0_reg/C
                               i_platform/i_bbht/u_core/u_main_ip/u_measure_verify/u_born/u_square32/sq1_reg[697]/CE
                                                              0.279         
i_platform/i_bbht/u_core/u_main_ip/g_intra_e4.u_amp_mem/quad_v_d_reg/C
                               i_platform/i_bbht/u_core/u_main_ip/g_intra_e4.u_amp_mem/quad_rd0_reg[369]/CE
                                                              0.288         
i_platform/i_bbht/u_core/u_main_ip/g_intra_e4.u_amp_mem/quad_v_d_reg/C
                               i_platform/i_bbht/u_core/u_main_ip/g_intra_e4.u_amp_mem/quad_rd0_reg[370]/CE
                                                              0.288         
i_platform/i_bbht/u_core/u_main_ip/g_intra_e4.u_amp_mem/quad_v_d_reg/C
                               i_platform/i_bbht/u_core/u_main_ip/g_intra_e4.u_amp_mem/quad_rd0_reg[372]/CE
                                                              0.288         
i_platform/i_bbht/u_core/u_main_ip/g_intra_e4.u_amp_mem/quad_v_d_reg/C
                               i_platform/i_bbht/u_core/u_main_ip/g_intra_e4.u_amp_mem/quad_rd0_reg[374]/CE
                                                              0.288         
i_platform/i_bbht/u_core/u_main_ip/g_intra_e4.u_iter_dp/oracle_valid_t1_reg/C
                               i_platform/i_bbht/u_core/u_main_ip/g_intra_e4.u_iter_dp/u_sum3/cut_reg_reg[3][24]/CE
                                                              0.296         
i_platform/i_bbht/u_core/u_main_ip/g_intra_e4.u_iter_dp/oracle_valid_t1_reg/C
                               i_platform/i_bbht/u_core/u_main_ip/g_intra_e4.u_iter_dp/u_sum3/cut_reg_reg[3][25]/CE
                                                              0.296         
i_platform/i_bbht/u_core/u_main_ip/g_intra_e4.u_iter_dp/oracle_valid_t1_reg/C
                               i_platform/i_bbht/u_core/u_main_ip/g_intra_e4.u_iter_dp/u_sum3/cut_reg_reg[3][26]/CE
                                                              0.296         
i_platform/i_bbht/u_core/u_main_ip/g_intra_e4.u_iter_dp/oracle_valid_t1_reg/C
                               i_platform/i_bbht/u_core/u_main_ip/g_intra_e4.u_iter_dp/u_sum3/cut_reg_reg[3][27]/CE
                                                              0.296         
i_platform/i_bbht/u_core/u_main_ip/g_intra_e4.u_iter_dp/oracle_valid_t1_reg/C
                               i_platform/i_bbht/u_core/u_main_ip/g_intra_e4.u_iter_dp/amp3_out_reg[641]/D
                                                              0.306         
i_platform/i_bbht/u_core/u_main_ip/u_measure_verify/u_born/lane_index_reg[1]_rep__0/C
                               i_platform/i_bbht/u_core/u_main_ip/u_measure_verify/u_born/lane_index_reg[0]_rep__2/CE
                                                              0.306         
i_platform/i_bbht/u_core/u_main_ip/u_measure_verify/u_born/lane_index_reg[1]_rep__0/C
                               i_platform/i_bbht/u_core/u_main_ip/u_measure_verify/u_born/lane_index_reg[1]_rep/CE
                                                              0.306         
i_platform/i_bbht/u_core/u_main_ip/g_intra_e4.u_iter_dp/oracle_valid_t1_reg/C
                               i_platform/i_bbht/u_core/u_main_ip/g_intra_e4.u_iter_dp/amp3_out_reg[640]/D
                                                              0.307         
i_platform/i_bbht/u_core/u_main_ip/g_intra_e4.u_amp_mem/quad_v_d_reg/C
                               i_platform/i_bbht/u_core/u_main_ip/g_intra_e4.u_amp_mem/quad_rd0_reg[305]/CE
                                                              0.313         
i_platform/i_bbht/u_core/u_main_ip/g_intra_e4.u_amp_mem/quad_v_d_reg/C
                               i_platform/i_bbht/u_core/u_main_ip/g_intra_e4.u_amp_mem/quad_rd0_reg[306]/CE
                                                              0.313         
i_platform/i_bbht/u_core/u_main_ip/g_intra_e4.u_amp_mem/quad_v_d_reg/C
                               i_platform/i_bbht/u_core/u_main_ip/g_intra_e4.u_amp_mem/quad_rd0_reg[368]/CE
                                                              0.315         
i_platform/i_bbht/u_core/u_main_ip/run_threshold_a_reg[5]/C
                               i_platform/i_bbht/u_core/u_main_ip/g_intra_e4.u_iter_dp/pred0_pipe_reg[12]/D
                                                              0.318         
i_platform/i_bbht/u_core/u_main_ip/u_measure_verify/u_born/u_square32/v0_reg/C
                               i_platform/i_bbht/u_core/u_main_ip/u_measure_verify/u_born/u_square32/sq1_reg[554]/CE
                                                              0.334         
i_platform/i_bbht/u_core/u_main_ip/g_intra_e4.u_iter_dp/oracle_valid_t1_reg/C
                               i_platform/i_bbht/u_core/u_main_ip/g_intra_e4.u_iter_dp/amp3_out_reg[643]/D
                                                              0.334         
i_platform/i_bbht/u_core/u_main_ip/u_measure_verify/u_born/u_square32/v0_reg/C
                               i_platform/i_bbht/u_core/u_main_ip/u_measure_verify/u_born/u_square32/sq1_reg[614]/CE
                                                              0.361         
i_platform/i_bbht/u_core/u_main_ip/u_measure_verify/u_born/u_square32/v0_reg/C
                               i_platform/i_bbht/u_core/u_main_ip/u_measure_verify/u_born/u_square32/sq1_reg[690]/CE
                                                              0.361         
i_platform/i_bbht/u_core/u_main_ip/g_intra_e4.u_amp_mem/quad_v_d_reg/C
                               i_platform/i_bbht/u_core/u_main_ip/g_intra_e4.u_amp_mem/quad_rd0_reg[227]/CE
                                                              0.364         
i_platform/i_bbht/u_core/u_main_ip/run_threshold_a_reg[5]/C
                               i_platform/i_bbht/u_core/u_main_ip/g_intra_e4.u_iter_dp/pred0_pipe_reg[13]/D
                                                              0.369         
i_platform/i_bbht/u_core/u_main_ip/g_intra_e4.u_amp_mem/quad_v_d_reg/C
                               i_platform/i_bbht/u_core/u_main_ip/g_intra_e4.u_amp_mem/quad_rd1_reg[553]/CE
                                                              0.369         
i_platform/i_bbht/u_core/u_main_ip/g_intra_e4.u_amp_mem/quad_v_d_reg/C
                               i_platform/i_bbht/u_core/u_main_ip/g_intra_e4.u_amp_mem/quad_rd0_reg[396]/CE
                                                              0.371         
i_platform/i_bbht/u_core/u_main_ip/g_intra_e4.u_iter_dp/oracle_valid_t1_reg/C
                               i_platform/i_bbht/u_core/u_main_ip/g_intra_e4.u_iter_dp/u_sum3/cut_reg_reg[3][4]/CE
                                                              0.373         
i_platform/i_bbht/u_core/u_main_ip/g_intra_e4.u_iter_dp/oracle_valid_t1_reg/C
                               i_platform/i_bbht/u_core/u_main_ip/g_intra_e4.u_iter_dp/u_sum3/cut_reg_reg[3][5]/CE
                                                              0.373         
i_platform/i_bbht/u_core/u_main_ip/g_intra_e4.u_iter_dp/oracle_valid_t1_reg/C
                               i_platform/i_bbht/u_core/u_main_ip/g_intra_e4.u_iter_dp/u_sum3/cut_reg_reg[3][6]/CE
                                                              0.373         
i_platform/i_bbht/u_core/u_main_ip/g_intra_e4.u_iter_dp/oracle_valid_t1_reg/C
                               i_platform/i_bbht/u_core/u_main_ip/g_intra_e4.u_iter_dp/u_sum3/cut_reg_reg[3][7]/CE
                                                              0.373         
i_platform/i_bbht/u_core/u_main_ip/g_intra_e4.u_iter_dp/oracle0_t1_reg[370]/C
                               i_platform/i_bbht/u_core/u_main_ip/g_intra_e4.u_iter_dp/u_sum0/cut_reg_reg[2][25]/D
                                                              0.375         
i_platform/i_bbht/u_core/u_main_ip/u_measure_verify/u_born/lane_index_reg[1]_rep__0/C
                               i_platform/i_bbht/u_core/u_main_ip/u_measure_verify/u_born/lane_cumulative_reg[1]/CE
                                                              0.395         
i_platform/i_bbht/u_core/u_main_ip/u_measure_verify/u_born/lane_index_reg[1]_rep__0/C
                               i_platform/i_bbht/u_core/u_main_ip/u_measure_verify/u_born/lane_cumulative_reg[2]/CE
                                                              0.395         
i_platform/i_bbht/u_core/u_main_ip/u_measure_verify/u_born/lane_index_reg[1]_rep__0/C
                               i_platform/i_bbht/u_core/u_main_ip/u_measure_verify/u_born/lane_cumulative_reg[3]/CE
                                                              0.395         
i_platform/i_bbht/u_core/u_main_ip/u_measure_verify/u_born/lane_index_reg[1]_rep__0/C
                               i_platform/i_bbht/u_core/u_main_ip/u_measure_verify/u_born/lane_cumulative_reg[4]/CE
                                                              0.395         
i_platform/i_bbht/u_core/u_main_ip/u_measure_verify/u_born/lane_index_reg[1]_rep__0/C
                               i_platform/i_bbht/u_core/u_main_ip/u_measure_verify/u_born/lane_cumulative_reg[6]/CE
                                                              0.395         
i_platform/i_bbht/u_core/u_main_ip/u_measure_verify/u_born/lane_index_reg[1]_rep__0/C
                               i_platform/i_bbht/u_core/u_main_ip/u_measure_verify/u_born/lane_cumulative_reg[7]/CE
                                                              0.395         
i_platform/i_bbht/u_core/u_main_ip/g_intra_e4.u_iter_dp/oracle0_t1_reg[370]/C
                               i_platform/i_bbht/u_core/u_main_ip/g_intra_e4.u_iter_dp/u_sum0/cut_reg_reg[2][27]/D
                                                              0.396         
i_platform/i_bbht/u_core/u_main_ip/g_intra_e4.u_amp_mem/quad_v_d_reg/C
                               i_platform/i_bbht/u_core/u_main_ip/g_intra_e4.u_amp_mem/quad_rd3_reg[233]/CE
                                                              0.403         
i_platform/i_bbht/u_core/u_main_ip/g_intra_e4.u_amp_mem/quad_v_d_reg/C
                               i_platform/i_bbht/u_core/u_main_ip/g_intra_e4.u_amp_mem/quad_rd3_reg[257]/CE
                                                              0.403         
i_platform/i_bbht/u_core/u_main_ip/g_intra_e4.u_amp_mem/quad_v_d_reg/C
                               i_platform/i_bbht/u_core/u_main_ip/g_intra_e4.u_amp_mem/quad_rd3_reg[258]/CE
                                                              0.403         
i_platform/i_bbht/u_core/u_main_ip/g_intra_e4.u_amp_mem/quad_v_d_reg/C
                               i_platform/i_bbht/u_core/u_main_ip/g_intra_e4.u_amp_mem/quad_rd3_reg[259]/CE
                                                              0.403         
i_platform/i_bbht/u_core/u_main_ip/u_measure_verify/u_born/u_square32/v0_reg/C
                               i_platform/i_bbht/u_core/u_main_ip/u_measure_verify/u_born/u_square32/sq1_reg[564]/CE
                                                              0.404         
i_platform/i_bbht/u_core/u_main_ip/g_intra_e4.u_amp_mem/quad_v_d_reg/C
                               i_platform/i_bbht/u_core/u_main_ip/g_intra_e4.u_amp_mem/quad_rd3_reg[231]/CE
                                                              0.412         
i_platform/i_bbht/u_core/u_main_ip/g_intra_e4.u_amp_mem/quad_v_d_reg/C
                               i_platform/i_bbht/u_core/u_main_ip/g_intra_e4.u_amp_mem/quad_rd0_reg[337]/CE
                                                              0.415         
i_platform/i_bbht/u_core/u_main_ip/g_intra_e4.u_amp_mem/quad_v_d_reg/C
                               i_platform/i_bbht/u_core/u_main_ip/g_intra_e4.u_amp_mem/quad_rd0_reg[304]/CE
                                                              0.427         
i_platform/i_bbht/u_core/u_main_ip/g_intra_e4.u_amp_mem/quad_v_d_reg/C
                               i_platform/i_bbht/u_core/u_main_ip/g_intra_e4.u_amp_mem/quad_rd0_reg[307]/CE
                                                              0.427         
i_platform/i_bbht/u_core/u_main_ip/g_intra_e4.u_iter_dp/two_mean_reg[0]_rep/C
                               i_platform/i_bbht/u_core/u_main_ip/g_intra_e4.u_iter_dp/amp2_out_reg[322]/D
                                                              0.442         
i_platform/i_bbht/u_core/u_main_ip/u_measure_verify/u_born/u_square32/v0_reg/C
                               i_platform/i_bbht/u_core/u_main_ip/u_measure_verify/u_born/u_square32/sq1_reg[565]/CE
                                                              0.452         
i_platform/i_bbht/u_core/u_main_ip/u_measure_verify/u_born/u_square32/v0_reg/C
                               i_platform/i_bbht/u_core/u_main_ip/u_measure_verify/u_born/u_square32/sq1_reg[555]/CE
                                                              0.461         
i_platform/i_bbht/u_core/u_main_ip/u_measure_verify/u_born/u_square32/v0_reg/C
                               i_platform/i_bbht/u_core/u_main_ip/u_measure_verify/u_born/u_square32/sq1_reg[699]/CE
                                                              0.467         
i_platform/i_bbht/u_core/u_main_ip/g_intra_e4.u_amp_mem/quad_v_d_reg/C
                               i_platform/i_bbht/u_core/u_main_ip/g_intra_e4.u_amp_mem/quad_rd3_reg[380]/CE
                                                              0.468         
i_platform/i_bbht/u_core/u_main_ip/g_intra_e4.u_iter_dp/oracle0_t1_reg[370]/C
                               i_platform/i_bbht/u_core/u_main_ip/g_intra_e4.u_iter_dp/u_sum0/cut_reg_reg[2][26]/D
                                                              0.470         
i_platform/i_bbht/u_core/u_main_ip/g_intra_e4.u_amp_mem/quad_v_d_reg/C
                               i_platform/i_bbht/u_core/u_main_ip/g_intra_e4.u_amp_mem/quad_rd0_reg[228]/CE
                                                              0.472         
i_platform/i_bbht/u_core/u_main_ip/run_threshold_a_reg[2]/C
                               i_platform/i_bbht/u_core/u_main_ip/g_intra_e4.u_iter_dp/pred3_pipe_reg[22]/D
                                                              0.475         
i_platform/i_bbht/u_core/u_main_ip/g_intra_e4.u_iter_dp/two_mean_reg[0]/C
                               i_platform/i_bbht/u_core/u_main_ip/g_intra_e4.u_iter_dp/amp0_out_reg[345]/D
                                                              0.481         
i_platform/i_bbht/u_core/u_main_ip/run_threshold_a_reg[2]/C
                               i_platform/i_bbht/u_core/u_main_ip/g_intra_e4.u_iter_dp/pred1_pipe_reg[5]/D
                                                              0.482         
i_platform/i_bbht/u_core/u_main_ip/g_intra_e4.u_iter_dp/oracle2_t1_reg[393]/C
                               i_platform/i_bbht/u_core/u_main_ip/g_intra_e4.u_iter_dp/u_sum2/cut_reg_reg[2][25]/D
                                                              0.483         
i_platform/i_bbht/u_core/u_main_ip/g_intra_e4.u_iter_dp/oracle_valid_t1_reg/C
                               i_platform/i_bbht/u_core/u_main_ip/g_intra_e4.u_iter_dp/amp3_out_reg[638]/D
                                                              0.484         
i_platform/i_bbht/u_core/u_main_ip/g_intra_e4.u_iter_dp/oracle0_t1_reg[370]/C
                               i_platform/i_bbht/u_core/u_main_ip/g_intra_e4.u_iter_dp/u_sum0/cut_reg_reg[2][24]/D
                                                              0.486         
i_platform/i_bbht/u_core/u_main_ip/g_intra_e4.u_iter_dp/oracle0_t1_reg[370]/C
                               i_platform/i_bbht/u_core/u_main_ip/g_intra_e4.u_iter_dp/u_sum0/cut_reg_reg[2][21]/D
                                                              0.490         
i_platform/i_bbht/u_core/u_main_ip/g_intra_e4.u_amp_mem/quad_v_d_reg/C
                               i_platform/i_bbht/u_core/u_main_ip/g_intra_e4.u_amp_mem/quad_rd0_reg[50]/CE
                                                              0.496         
i_platform/i_bbht/u_core/u_main_ip/g_intra_e4.u_amp_mem/quad_v_d_reg/C
                               i_platform/i_bbht/u_core/u_main_ip/g_intra_e4.u_amp_mem/quad_rd0_reg[51]/CE
                                                              0.496         
i_platform/i_bbht/u_core/u_main_ip/g_intra_e4.u_amp_mem/quad_v_d_reg/C
                               i_platform/i_bbht/u_core/u_main_ip/g_intra_e4.u_amp_mem/quad_rd0_reg[66]/CE
                                                              0.496         
i_platform/i_bbht/u_core/u_main_ip/g_intra_e4.u_amp_mem/quad_v_d_reg/C
                               i_platform/i_bbht/u_core/u_main_ip/g_intra_e4.u_amp_mem/quad_rd0_reg[67]/CE
                                                              0.496         
i_platform/i_bbht/u_core/u_main_ip/g_intra_e4.u_amp_mem/quad_v_d_reg/C
                               i_platform/i_bbht/u_core/u_main_ip/g_intra_e4.u_amp_mem/quad_rd1_reg[552]/CE
                                                              0.498         
i_platform/i_rtl/platform_controller/i_rvx_instance_3/rvx_signal_05_reg[1]/C
                               i_platform/i_rtl/i_snim_common_peri_group_no_name/i_munoc_instance_0/i_munoc_instance_2/i_munoc_instance_0/i_gen_buffer[0].i_munoc_instance_0/rvx_signal_6_reg[3][48]/CLR
                                                              3.274         
i_platform/i_rtl/platform_controller/i_rvx_instance_3/rvx_signal_05_reg[1]/C
                               i_platform/i_rtl/i_snim_common_peri_group_no_name/i_munoc_instance_0/i_munoc_instance_2/i_munoc_instance_0/i_gen_buffer[0].i_munoc_instance_0/rvx_signal_6_reg[3][49]/CLR
                                                              3.274         
i_platform/i_rtl/platform_controller/i_rvx_instance_3/rvx_signal_05_reg[1]/C
                               i_platform/i_rtl/i_snim_common_peri_group_no_name/i_munoc_instance_0/i_munoc_instance_2/i_munoc_instance_0/i_gen_buffer[0].i_munoc_instance_0/rvx_signal_6_reg[3][50]/CLR
                                                              3.274         
i_platform/i_rtl/platform_controller/i_rvx_instance_3/rvx_signal_05_reg[1]/C
                               i_platform/i_rtl/i_snim_common_peri_group_no_name/i_munoc_instance_0/i_munoc_instance_2/i_munoc_instance_0/i_gen_buffer[0].i_munoc_instance_0/rvx_signal_6_reg[3][51]/CLR
                                                              3.274         
i_platform/i_rtl/platform_controller/i_rvx_instance_3/rvx_signal_05_reg[1]/C
                               i_platform/i_rtl/i_snim_common_peri_group_no_name/i_munoc_instance_0/i_munoc_instance_2/i_munoc_instance_0/i_gen_buffer[0].i_munoc_instance_0/rvx_signal_6_reg[3][52]/CLR
                                                              3.274         
i_platform/i_rtl/platform_controller/i_rvx_instance_3/rvx_signal_05_reg[1]/C
                               i_platform/i_rtl/i_snim_common_peri_group_no_name/i_munoc_instance_1/i_munoc_instance_3/i_munoc_instance_1/i_rvx_instance_1/i_rvx_instance_0/rvx_port_10_reg[4]/CLR
                                                              3.360         
i_platform/i_rtl/platform_controller/i_rvx_instance_3/rvx_signal_05_reg[1]/C
                               i_platform/i_rtl/i_snim_common_peri_group_no_name/i_munoc_instance_1/i_munoc_instance_3/i_munoc_instance_1/i_rvx_instance_1/i_rvx_instance_0/rvx_port_10_reg[5]/CLR
                                                              3.360         
i_platform/i_rtl/platform_controller/i_rvx_instance_3/rvx_signal_05_reg[1]/C
                               i_platform/i_rtl/i_snim_common_peri_group_no_name/i_munoc_instance_1/i_munoc_instance_3/i_munoc_instance_0/i_rvx_instance_1/i_rvx_instance_1/rvx_signal_6_reg[2][12]/CLR
                                                              3.412         
i_platform/i_rtl/platform_controller/i_rvx_instance_3/rvx_signal_05_reg[1]/C
                               i_platform/i_rtl/i_snim_common_peri_group_no_name/i_munoc_instance_0/i_munoc_instance_2/i_munoc_instance_0/i_gen_buffer[0].i_munoc_instance_0/rvx_signal_6_reg[5][46]/CLR
                                                              3.416         
i_platform/i_rtl/platform_controller/i_rvx_instance_3/rvx_signal_05_reg[1]/C
                               i_platform/i_rtl/i_snim_common_peri_group_no_name/i_munoc_instance_0/i_munoc_instance_2/i_munoc_instance_0/i_gen_buffer[0].i_munoc_instance_0/rvx_signal_6_reg[5][47]/CLR
                                                              3.416         
i_platform/i_rtl/platform_controller/i_rvx_instance_3/rvx_signal_05_reg[1]/C
                               i_platform/i_rtl/i_snim_common_peri_group_no_name/i_munoc_instance_0/i_munoc_instance_2/i_munoc_instance_0/i_gen_buffer[0].i_munoc_instance_0/rvx_signal_6_reg[5][48]/CLR
                                                              3.416         
i_platform/i_rtl/platform_controller/i_rvx_instance_3/rvx_signal_05_reg[1]/C
                               i_platform/i_rtl/i_snim_common_peri_group_no_name/i_munoc_instance_0/i_munoc_instance_2/i_munoc_instance_0/i_gen_buffer[0].i_munoc_instance_0/rvx_signal_6_reg[5][49]/CLR
                                                              3.416         
i_platform/i_rtl/platform_controller/i_rvx_instance_3/rvx_signal_05_reg[1]/C
                               i_platform/i_rtl/i_snim_common_peri_group_no_name/i_munoc_instance_0/i_munoc_instance_2/i_munoc_instance_0/i_gen_buffer[0].i_munoc_instance_0/rvx_signal_6_reg[5][50]/CLR
                                                              3.416         
i_platform/i_rtl/platform_controller/i_rvx_instance_3/rvx_signal_05_reg[1]/C
                               i_platform/i_rtl/i_snim_common_peri_group_no_name/i_munoc_instance_0/i_munoc_instance_2/i_munoc_instance_0/i_gen_buffer[0].i_munoc_instance_0/rvx_signal_6_reg[5][51]/CLR
                                                              3.416         
i_platform/i_rtl/platform_controller/i_rvx_instance_3/rvx_signal_05_reg[1]/C
                               i_platform/i_rtl/i_snim_common_peri_group_no_name/i_munoc_instance_0/i_munoc_instance_2/i_munoc_instance_0/i_gen_buffer[0].i_munoc_instance_0/rvx_signal_6_reg[5][52]/CLR
                                                              3.416         
i_platform/i_rtl/platform_controller/i_rvx_instance_3/rvx_signal_05_reg[1]/C
                               i_platform/i_rtl/i_snim_common_peri_group_no_name/i_munoc_instance_0/i_munoc_instance_2/i_munoc_instance_0/i_gen_buffer[0].i_munoc_instance_0/rvx_signal_6_reg[2][17]/CLR
                                                              3.416         
i_platform/i_rtl/platform_controller/i_rvx_instance_3/rvx_signal_05_reg[1]/C
                               i_platform/i_rtl/i_snim_common_peri_group_no_name/i_munoc_instance_1/i_munoc_instance_3/i_munoc_instance_0/i_rvx_instance_1/i_rvx_instance_1/rvx_signal_6_reg[2][23]/CLR
                                                              3.450         
i_platform/i_rtl/platform_controller/i_rvx_instance_3/rvx_signal_05_reg[1]/C
                               i_platform/i_rtl/i_snim_common_peri_group_no_name/i_munoc_instance_1/i_munoc_instance_3/i_munoc_instance_0/i_rvx_instance_1/i_rvx_instance_1/rvx_signal_6_reg[2][26]/CLR
                                                              3.450         
i_platform/i_rtl/platform_controller/i_rvx_instance_3/rvx_signal_05_reg[1]/C
                               i_platform/i_rtl/i_snim_common_peri_group_no_name/i_munoc_instance_1/i_munoc_instance_3/i_munoc_instance_0/i_rvx_instance_1/i_rvx_instance_1/rvx_signal_6_reg[2][7]/CLR
                                                              3.450         
i_platform/i_rtl/platform_controller/i_rvx_instance_3/rvx_signal_05_reg[1]/C
                               i_platform/i_rtl/i_snim_common_peri_group_no_name/i_munoc_instance_1/i_munoc_instance_3/i_munoc_instance_0/i_rvx_instance_1/i_rvx_instance_0/i_rvx_instance_3/value_reg[1]/CLR
                                                              3.456         
i_platform/i_rtl/platform_controller/i_rvx_instance_3/rvx_signal_05_reg[1]/C
                               i_platform/i_rtl/i_snim_common_peri_group_no_name/i_munoc_instance_0/i_munoc_instance_2/i_munoc_instance_0/i_gen_buffer[0].i_munoc_instance_0/rvx_signal_6_reg[6][49]/CLR
                                                              3.460         
i_platform/i_rtl/platform_controller/i_rvx_instance_3/rvx_signal_05_reg[1]/C
                               i_platform/i_rtl/i_snim_common_peri_group_no_name/i_munoc_instance_0/i_munoc_instance_2/i_munoc_instance_0/i_gen_buffer[0].i_munoc_instance_0/rvx_signal_6_reg[6][50]/CLR
                                                              3.460         
i_platform/i_rtl/platform_controller/i_rvx_instance_3/rvx_signal_05_reg[1]/C
                               i_platform/i_rtl/i_snim_common_peri_group_no_name/i_munoc_instance_0/i_munoc_instance_2/i_munoc_instance_0/i_gen_buffer[0].i_munoc_instance_0/rvx_signal_6_reg[6][51]/CLR
                                                              3.460         
i_platform/i_rtl/platform_controller/i_rvx_instance_3/rvx_signal_05_reg[1]/C
                               i_platform/i_rtl/i_snim_common_peri_group_no_name/i_munoc_instance_0/i_munoc_instance_2/i_munoc_instance_0/i_gen_buffer[0].i_munoc_instance_0/rvx_signal_6_reg[6][52]/CLR
                                                              3.460         
i_platform/i_rtl/platform_controller/i_rvx_instance_3/rvx_signal_05_reg[1]/C
                               i_platform/i_rtl/i_snim_common_peri_group_no_name/i_munoc_instance_1/i_munoc_instance_3/i_munoc_instance_0/i_rvx_instance_1/i_rvx_instance_0/i_rvx_instance_3/value_reg[0]/CLR
                                                              3.498         
i_platform/i_rtl/platform_controller/i_rvx_instance_3/rvx_signal_05_reg[1]/C
                               i_platform/i_rtl/i_snim_common_peri_group_no_name/i_munoc_instance_0/i_munoc_instance_2/i_munoc_instance_0/i_gen_buffer[0].i_munoc_instance_0/rvx_signal_6_reg[6][18]/CLR
                                                              3.502         
i_platform/i_rtl/platform_controller/i_rvx_instance_3/rvx_signal_05_reg[1]/C
                               i_platform/i_rtl/i_snim_common_peri_group_no_name/i_munoc_instance_0/i_munoc_instance_2/i_munoc_instance_0/i_gen_buffer[0].i_munoc_instance_0/rvx_signal_6_reg[6][46]/CLR
                                                              3.502         
i_platform/i_rtl/platform_controller/i_rvx_instance_3/rvx_signal_05_reg[1]/C
                               i_platform/i_rtl/i_snim_common_peri_group_no_name/i_munoc_instance_0/i_munoc_instance_2/i_munoc_instance_0/i_gen_buffer[0].i_munoc_instance_0/rvx_signal_6_reg[6][47]/CLR
                                                              3.502         
i_platform/i_rtl/platform_controller/i_rvx_instance_3/rvx_signal_05_reg[1]/C
                               i_platform/i_rtl/i_snim_common_peri_group_no_name/i_munoc_instance_0/i_munoc_instance_2/i_munoc_instance_0/i_gen_buffer[0].i_munoc_instance_0/rvx_signal_6_reg[6][48]/CLR
                                                              3.502         
i_platform/i_rtl/platform_controller/i_rvx_instance_3/rvx_signal_05_reg[1]/C
                               i_platform/i_rtl/i_snim_common_peri_group_no_name/i_munoc_instance_0/i_munoc_instance_2/i_munoc_instance_0/i_gen_buffer[0].i_munoc_instance_0/rvx_signal_6_reg[3][3]/CLR
                                                              3.502         
i_platform/i_rtl/platform_controller/i_rvx_instance_3/rvx_signal_05_reg[1]/C
                               i_platform/i_rtl/i_snim_common_peri_group_no_name/i_munoc_instance_0/i_munoc_instance_2/i_munoc_instance_0/i_gen_buffer[0].i_munoc_instance_0/rvx_signal_6_reg[7][16]/CLR
                                                              3.520         
i_platform/i_rtl/platform_controller/i_rvx_instance_3/rvx_signal_05_reg[1]/C
                               i_platform/i_rtl/i_snim_common_peri_group_no_name/i_munoc_instance_0/i_munoc_instance_2/i_munoc_instance_0/i_gen_buffer[0].i_munoc_instance_0/rvx_signal_6_reg[7][26]/CLR
                                                              3.520         
i_platform/i_rtl/platform_controller/i_rvx_instance_3/rvx_signal_05_reg[1]/C
                               i_platform/i_rtl/i_snim_common_peri_group_no_name/i_munoc_instance_0/i_munoc_instance_2/i_munoc_instance_0/i_gen_buffer[0].i_munoc_instance_0/rvx_signal_6_reg[7][48]/CLR
                                                              3.520         
i_platform/i_rtl/platform_controller/i_rvx_instance_3/rvx_signal_05_reg[1]/C
                               i_platform/i_rtl/i_snim_common_peri_group_no_name/i_munoc_instance_0/i_munoc_instance_2/i_munoc_instance_0/i_gen_buffer[0].i_munoc_instance_0/rvx_signal_6_reg[7][49]/CLR
                                                              3.520         
i_platform/i_rtl/platform_controller/i_rvx_instance_3/rvx_signal_05_reg[1]/C
                               i_platform/i_rtl/i_snim_common_peri_group_no_name/i_munoc_instance_0/i_munoc_instance_2/i_munoc_instance_0/i_gen_buffer[0].i_munoc_instance_0/rvx_signal_6_reg[0][15]/CLR
                                                              3.523         
i_platform/i_rtl/platform_controller/i_rvx_instance_3/rvx_signal_05_reg[1]/C
                               i_platform/i_rtl/i_snim_common_peri_group_no_name/i_munoc_instance_0/i_munoc_instance_2/i_munoc_instance_0/i_gen_buffer[0].i_munoc_instance_0/rvx_signal_6_reg[0][3]/CLR
                                                              3.523         
i_platform/i_rtl/platform_controller/i_rvx_instance_3/rvx_signal_05_reg[1]/C
                               i_platform/i_rtl/i_snim_common_peri_group_no_name/i_munoc_instance_0/i_munoc_instance_2/i_munoc_instance_0/i_gen_buffer[0].i_munoc_instance_0/rvx_signal_6_reg[2][15]/CLR
                                                              3.527         
i_platform/i_rtl/platform_controller/i_rvx_instance_3/rvx_signal_05_reg[1]/C
                               i_platform/i_rtl/i_snim_common_peri_group_no_name/i_munoc_instance_0/i_munoc_instance_2/i_munoc_instance_0/i_gen_buffer[0].i_munoc_instance_0/rvx_signal_6_reg[2][3]/CLR
                                                              3.527         
i_platform/i_rtl/platform_controller/i_rvx_instance_3/rvx_signal_05_reg[1]/C
                               i_platform/i_rtl/i_snim_common_peri_group_no_name/i_munoc_instance_1/i_munoc_instance_3/i_munoc_instance_0/i_rvx_instance_1/i_rvx_instance_1/rvx_signal_6_reg[1][17]/CLR
                                                              3.536         
i_platform/i_rtl/platform_controller/i_rvx_instance_3/rvx_signal_05_reg[1]/C
                               i_platform/i_rtl/i_snim_common_peri_group_no_name/i_munoc_instance_1/i_munoc_instance_3/i_munoc_instance_0/i_rvx_instance_1/i_rvx_instance_1/rvx_signal_6_reg[1][4]/CLR
                                                              3.536         
i_platform/i_rtl/platform_controller/i_rvx_instance_3/rvx_signal_05_reg[1]/C
                               i_platform/i_rtl/i_snim_common_peri_group_no_name/i_munoc_instance_1/i_munoc_instance_3/i_munoc_instance_0/i_rvx_instance_1/i_rvx_instance_1/rvx_signal_6_reg[1][7]/CLR
                                                              3.536         
i_platform/i_rtl/platform_controller/i_rvx_instance_3/rvx_signal_05_reg[1]/C
                               i_platform/i_rtl/i_snim_common_peri_group_no_name/i_munoc_instance_1/i_munoc_instance_3/i_munoc_instance_0/i_rvx_instance_1/i_rvx_instance_1/rvx_signal_6_reg[1][8]/CLR
                                                              3.536         
i_platform/i_rtl/platform_controller/i_rvx_instance_3/rvx_signal_05_reg[1]/C
                               i_platform/i_rtl/i_snim_common_peri_group_no_name/i_munoc_instance_1/i_munoc_instance_3/i_munoc_instance_1/i_rvx_instance_1/i_rvx_instance_0/rvx_port_10_reg[7]/CLR
                                                              3.558         
i_platform/i_rtl/platform_controller/i_rvx_instance_3/rvx_signal_05_reg[1]/C
                               i_platform/i_rtl/i_snim_common_peri_group_no_name/i_munoc_instance_1/i_munoc_instance_3/i_munoc_instance_1/i_rvx_instance_0/i_rvx_instance_0/rvx_signal_6_reg[1][40]/CLR
                                                              3.568         
i_platform/i_rtl/platform_controller/i_rvx_instance_3/rvx_signal_05_reg[1]/C
                               i_platform/i_rtl/i_snim_common_peri_group_no_name/i_munoc_instance_1/i_munoc_instance_3/i_munoc_instance_1/i_rvx_instance_0/i_rvx_instance_0/rvx_signal_6_reg[1][41]/CLR
                                                              3.568         
i_platform/i_rtl/platform_controller/i_rvx_instance_3/rvx_signal_05_reg[1]/C
                               i_platform/i_rtl/i_snim_common_peri_group_no_name/i_munoc_instance_0/i_munoc_instance_2/i_munoc_instance_0/i_gen_buffer[0].i_munoc_instance_0/rvx_signal_6_reg[6][15]/CLR
                                                              3.575         
i_platform/i_rtl/platform_controller/i_rvx_instance_3/rvx_signal_05_reg[1]/C
                               i_platform/i_rtl/i_snim_common_peri_group_no_name/i_munoc_instance_0/i_munoc_instance_2/i_munoc_instance_0/i_gen_buffer[0].i_munoc_instance_0/rvx_signal_6_reg[6][3]/CLR
                                                              3.575         
i_platform/i_rtl/platform_controller/i_rvx_instance_3/rvx_signal_05_reg[1]/C
                               i_platform/i_rtl/i_snim_common_peri_group_no_name/i_munoc_instance_0/i_munoc_instance_2/i_munoc_instance_0/i_gen_buffer[0].i_munoc_instance_0/rvx_signal_6_reg[7][15]/CLR
                                                              3.579         
i_platform/i_rtl/platform_controller/i_rvx_instance_3/rvx_signal_05_reg[1]/C
                               i_platform/i_rtl/i_snim_common_peri_group_no_name/i_munoc_instance_0/i_munoc_instance_2/i_munoc_instance_0/i_gen_buffer[0].i_munoc_instance_0/rvx_signal_6_reg[7][3]/CLR
                                                              3.579         
i_platform/i_rtl/platform_controller/i_rvx_instance_3/rvx_signal_05_reg[1]/C
                               i_platform/i_rtl/i_snim_common_peri_group_no_name/i_munoc_instance_1/i_munoc_instance_3/i_munoc_instance_1/i_rvx_instance_0/i_rvx_instance_0/rvx_signal_6_reg[2][23]/CLR
                                                              3.583         
i_platform/i_rtl/platform_controller/i_rvx_instance_3/rvx_signal_05_reg[1]/C
                               i_platform/i_rtl/i_snim_common_peri_group_no_name/i_munoc_instance_1/i_munoc_instance_3/i_munoc_instance_1/i_rvx_instance_0/i_rvx_instance_0/rvx_signal_6_reg[2][26]/CLR
                                                              3.583         
i_platform/i_rtl/platform_controller/i_rvx_instance_3/rvx_signal_05_reg[1]/C
                               i_platform/i_rtl/i_snim_common_peri_group_no_name/i_munoc_instance_1/i_munoc_instance_3/i_munoc_instance_1/i_rvx_instance_0/i_rvx_instance_0/rvx_signal_6_reg[2][28]/CLR
                                                              3.583         
i_platform/i_rtl/platform_controller/i_rvx_instance_3/rvx_signal_05_reg[1]/C
                               i_platform/i_rtl/i_snim_common_peri_group_no_name/i_munoc_instance_0/i_munoc_instance_2/i_munoc_instance_0/i_gen_buffer[0].i_munoc_instance_0/rvx_signal_6_reg[0][26]/CLR
                                                              3.606         
i_platform/i_rtl/platform_controller/i_rvx_instance_3/rvx_signal_05_reg[1]/C
                               i_platform/i_rtl/i_snim_common_peri_group_no_name/i_munoc_instance_0/i_munoc_instance_2/i_munoc_instance_0/i_gen_buffer[0].i_munoc_instance_0/rvx_signal_6_reg[0][46]/CLR
                                                              3.606         
i_platform/i_rtl/platform_controller/i_rvx_instance_3/rvx_signal_05_reg[1]/C
                               i_platform/i_rtl/i_snim_common_peri_group_no_name/i_munoc_instance_0/i_munoc_instance_2/i_munoc_instance_0/i_gen_buffer[0].i_munoc_instance_0/rvx_signal_6_reg[0][47]/CLR
                                                              3.606         
i_platform/i_rtl/platform_controller/i_rvx_instance_3/rvx_signal_05_reg[1]/C
                               i_platform/i_rtl/i_snim_common_peri_group_no_name/i_munoc_instance_1/i_munoc_instance_3/i_munoc_instance_0/i_rvx_instance_1/i_rvx_instance_0/i_rvx_instance_0/value_reg[1]/CLR
                                                              3.612         
i_platform/i_rtl/platform_controller/i_rvx_instance_3/rvx_signal_05_reg[1]/C
                               i_platform/i_rtl/i_snim_common_peri_group_no_name/i_munoc_instance_1/i_munoc_instance_3/i_munoc_instance_1/i_rvx_instance_0/i_rvx_instance_0/rvx_signal_6_reg[0][26]/CLR
                                                              3.627         
i_platform/i_rtl/platform_controller/i_rvx_instance_3/rvx_signal_05_reg[1]/C
                               i_platform/i_rtl/i_snim_common_peri_group_no_name/i_munoc_instance_1/i_munoc_instance_3/i_munoc_instance_1/i_rvx_instance_0/i_rvx_instance_0/rvx_signal_6_reg[0][28]/CLR
                                                              3.627         
i_platform/i_rtl/platform_controller/i_rvx_instance_3/rvx_signal_05_reg[1]/C
                               i_platform/i_rtl/i_snim_common_peri_group_no_name/i_munoc_instance_1/i_munoc_instance_3/i_munoc_instance_1/i_rvx_instance_0/i_rvx_instance_0/rvx_signal_6_reg[0][30]/CLR
                                                              3.627         
i_platform/i_rtl/platform_controller/i_rvx_instance_3/rvx_signal_05_reg[1]/C
                               i_platform/i_rtl/i_snim_common_peri_group_no_name/i_munoc_instance_0/i_munoc_instance_2/i_munoc_instance_0/i_gen_buffer[0].i_munoc_instance_0/rvx_signal_6_reg[2][48]/CLR
                                                              3.644         
i_platform/i_rtl/platform_controller/i_rvx_instance_3/rvx_signal_05_reg[1]/C
                               i_platform/i_rtl/i_snim_common_peri_group_no_name/i_munoc_instance_0/i_munoc_instance_2/i_munoc_instance_0/i_gen_buffer[0].i_munoc_instance_0/rvx_signal_6_reg[2][51]/CLR
                                                              3.644         
i_platform/i_rtl/platform_controller/i_rvx_instance_3/rvx_signal_05_reg[1]/C
                               i_platform/i_rtl/i_snim_common_peri_group_no_name/i_munoc_instance_1/i_munoc_instance_3/i_munoc_instance_0/i_rvx_instance_1/i_rvx_instance_0/i_rvx_instance_0/value_reg[0]/CLR
                                                              3.654         
i_platform/i_rtl/platform_controller/i_rvx_instance_3/rvx_signal_05_reg[1]/C
                               i_platform/i_rtl/i_snim_common_peri_group_no_name/i_munoc_instance_1/i_munoc_instance_3/i_munoc_instance_1/i_rvx_instance_1/i_rvx_instance_0/rvx_port_10_reg[2]/CLR
                                                              3.665         
i_platform/i_rtl/platform_controller/i_rvx_instance_3/rvx_signal_05_reg[1]/C
                               i_platform/i_rtl/i_snim_common_peri_group_no_name/i_munoc_instance_1/i_munoc_instance_3/i_munoc_instance_1/i_rvx_instance_1/i_rvx_instance_0/rvx_port_10_reg[3]/CLR
                                                              3.665         
i_platform/i_rtl/platform_controller/i_rvx_instance_3/rvx_signal_05_reg[1]/C
                               i_platform/i_rtl/i_snim_common_peri_group_no_name/i_munoc_instance_1/i_munoc_instance_3/i_munoc_instance_1/i_rvx_instance_0/i_rvx_instance_0/rvx_signal_6_reg[0][11]/CLR
                                                              3.669         
i_platform/i_rtl/platform_controller/i_rvx_instance_3/rvx_signal_05_reg[1]/C
                               i_platform/i_rtl/i_snim_common_peri_group_no_name/i_munoc_instance_1/i_munoc_instance_3/i_munoc_instance_1/i_rvx_instance_0/i_rvx_instance_0/rvx_signal_6_reg[0][15]/CLR
                                                              3.669         
i_platform/i_rtl/platform_controller/i_rvx_instance_3/rvx_signal_05_reg[1]/C
                               i_platform/i_rtl/i_snim_common_peri_group_no_name/i_munoc_instance_1/i_munoc_instance_3/i_munoc_instance_1/i_rvx_instance_0/i_rvx_instance_0/rvx_signal_6_reg[0][21]/CLR
                                                              3.669         
i_platform/i_rtl/platform_controller/i_rvx_instance_3/rvx_signal_05_reg[1]/C
                               i_platform/i_rtl/i_snim_common_peri_group_no_name/i_munoc_instance_1/i_munoc_instance_3/i_munoc_instance_1/i_rvx_instance_0/i_rvx_instance_0/rvx_signal_6_reg[0][23]/CLR
                                                              3.669         
i_platform/i_rtl/platform_controller/i_rvx_instance_3/rvx_signal_05_reg[1]/C
                               i_platform/i_rtl/i_snim_common_peri_group_no_name/i_munoc_instance_0/i_munoc_instance_2/i_munoc_instance_0/i_gen_buffer[0].i_munoc_instance_0/rvx_signal_6_reg[5][14]/CLR
                                                              3.686         
i_platform/i_rtl/platform_controller/i_rvx_instance_3/rvx_signal_05_reg[1]/C
                               i_platform/i_rtl/i_snim_common_peri_group_no_name/i_munoc_instance_0/i_munoc_instance_2/i_munoc_instance_0/i_gen_buffer[0].i_munoc_instance_0/rvx_signal_6_reg[5][18]/CLR
                                                              3.686         
i_platform/i_rtl/platform_controller/i_rvx_instance_3/rvx_signal_05_reg[1]/C
                               i_platform/i_rtl/i_snim_common_peri_group_no_name/i_munoc_instance_0/i_munoc_instance_2/i_munoc_instance_0/i_gen_buffer[0].i_munoc_instance_0/rvx_signal_6_reg[7][14]/CLR
                                                              3.690         
i_platform/i_rtl/platform_controller/i_rvx_instance_3/rvx_signal_05_reg[1]/C
                               i_platform/i_rtl/i_snim_common_peri_group_no_name/i_munoc_instance_0/i_munoc_instance_2/i_munoc_instance_0/i_gen_buffer[0].i_munoc_instance_0/rvx_signal_6_reg[7][19]/CLR
                                                              3.690         
i_platform/i_rtl/platform_controller/i_rvx_instance_3/rvx_signal_05_reg[1]/C
                               i_platform/i_rtl/i_snim_common_peri_group_no_name/i_munoc_instance_1/i_munoc_instance_3/i_munoc_instance_0/i_rvx_instance_1/i_rvx_instance_0/rvx_signal_7_reg[3][3]/CLR
                                                              3.708         
i_platform/i_rtl/platform_controller/i_rvx_instance_3/rvx_signal_05_reg[1]/C
                               i_platform/i_rtl/i_snim_common_peri_group_no_name/i_munoc_instance_1/i_munoc_instance_3/i_munoc_instance_0/i_rvx_instance_1/i_rvx_instance_0/rvx_signal_7_reg[3][4]/CLR
                                                              3.708         
i_platform/i_rtl/platform_controller/i_rvx_instance_3/rvx_signal_05_reg[1]/C
                               i_platform/i_rtl/i_snim_common_peri_group_no_name/i_munoc_instance_1/i_munoc_instance_3/i_munoc_instance_0/i_rvx_instance_1/i_rvx_instance_0/rvx_signal_7_reg[3][6]/CLR
                                                              3.708         
i_platform/i_rtl/platform_controller/i_rvx_instance_3/rvx_signal_05_reg[1]/C
                               i_platform/i_rtl/i_snim_common_peri_group_no_name/i_munoc_instance_1/i_munoc_instance_3/i_munoc_instance_0/i_rvx_instance_1/i_rvx_instance_0/rvx_signal_7_reg[3][0]/CLR
                                                              3.713         
i_platform/i_rtl/platform_controller/i_rvx_instance_3/rvx_signal_05_reg[1]/C
                               i_platform/i_rtl/i_snim_common_peri_group_no_name/i_munoc_instance_1/i_munoc_instance_3/i_munoc_instance_0/i_rvx_instance_1/i_rvx_instance_0/rvx_signal_7_reg[3][1]/CLR
                                                              3.713         
i_platform/i_rtl/platform_controller/i_rvx_instance_3/rvx_signal_05_reg[1]/C
                               i_platform/i_rtl/i_snim_common_peri_group_no_name/i_munoc_instance_1/i_munoc_instance_3/i_munoc_instance_0/i_rvx_instance_1/i_rvx_instance_0/rvx_signal_7_reg[3][2]/CLR
                                                              3.713         
i_platform/i_rtl/platform_controller/i_rvx_instance_3/rvx_signal_05_reg[1]/C
                               i_platform/i_rtl/i_snim_common_peri_group_no_name/i_munoc_instance_1/i_munoc_instance_3/i_munoc_instance_0/i_rvx_instance_1/i_rvx_instance_0/rvx_signal_7_reg[3][5]/CLR
                                                              3.713         
i_platform/i_rtl/platform_controller/i_rvx_instance_3/rvx_signal_05_reg[1]/C
                               i_platform/i_rtl/i_snim_common_peri_group_no_name/i_munoc_instance_1/i_munoc_instance_3/i_munoc_instance_1/i_rvx_instance_0/i_rvx_instance_0/rvx_signal_6_reg[2][16]/CLR
                                                              3.724         
i_platform/i_rtl/platform_controller/i_rvx_instance_3/rvx_signal_05_reg[1]/C
                               i_platform/i_rtl/i_snim_common_peri_group_no_name/i_munoc_instance_1/i_munoc_instance_3/i_munoc_instance_1/i_rvx_instance_0/i_rvx_instance_0/rvx_signal_6_reg[2][19]/CLR
                                                              3.724         
i_platform/i_rtl/platform_controller/i_rvx_instance_3/rvx_signal_05_reg[1]/C
                               i_platform/i_rtl/i_snim_common_peri_group_no_name/i_munoc_instance_1/i_munoc_instance_3/i_munoc_instance_1/i_rvx_instance_0/i_rvx_instance_0/rvx_signal_6_reg[2][24]/CLR
                                                              3.724         
i_platform/i_rtl/platform_controller/i_rvx_instance_3/rvx_signal_05_reg[1]/C
                               i_platform/i_rtl/i_snim_common_peri_group_no_name/i_munoc_instance_1/i_munoc_instance_3/i_munoc_instance_1/i_rvx_instance_0/i_rvx_instance_0/rvx_signal_6_reg[2][3]/CLR
                                                              3.724         
i_platform/i_rtl/platform_controller/i_rvx_instance_3/rvx_signal_05_reg[1]/C
                               i_platform/i_rtl/i_snim_common_peri_group_no_name/i_munoc_instance_0/i_munoc_instance_2/i_munoc_instance_0/i_gen_buffer[0].i_munoc_instance_0/rvx_signal_6_reg[5][13]/CLR
                                                              3.738         
i_platform/i_rtl/platform_controller/i_rvx_instance_3/rvx_signal_05_reg[1]/C
                               i_platform/i_rtl/i_snim_common_peri_group_no_name/i_munoc_instance_0/i_munoc_instance_2/i_munoc_instance_0/i_gen_buffer[0].i_munoc_instance_0/rvx_signal_6_reg[5][19]/CLR
                                                              3.738         
i_platform/i_rtl/platform_controller/i_rvx_instance_3/rvx_signal_05_reg[1]/C
                               i_platform/i_rtl/i_snim_common_peri_group_no_name/i_munoc_instance_0/i_munoc_instance_2/i_munoc_instance_0/i_gen_buffer[0].i_munoc_instance_0/rvx_signal_6_reg[5][21]/CLR
                                                              3.738         
i_platform/i_rtl/platform_controller/i_rvx_instance_3/rvx_signal_05_reg[1]/C
                               i_platform/i_rtl/i_snim_common_peri_group_no_name/i_munoc_instance_0/i_munoc_instance_2/i_munoc_instance_0/i_gen_buffer[0].i_munoc_instance_0/rvx_signal_6_reg[5][26]/CLR
                                                              3.738         
i_platform/i_rtl/platform_controller/i_rvx_instance_3/rvx_signal_05_reg[1]/C
                               i_platform/i_rtl/i_snim_common_peri_group_no_name/i_munoc_instance_0/i_munoc_instance_2/i_munoc_instance_0/i_gen_buffer[0].i_munoc_instance_0/rvx_signal_6_reg[6][14]/CLR
                                                              3.742         
i_platform/i_rtl/platform_controller/i_rvx_instance_3/rvx_signal_05_reg[1]/C
                               i_platform/i_rtl/i_snim_common_peri_group_no_name/i_munoc_instance_0/i_munoc_instance_2/i_munoc_instance_0/i_gen_buffer[0].i_munoc_instance_0/rvx_signal_6_reg[6][19]/CLR
                                                              3.742         
i_platform/i_rtl/platform_controller/i_rvx_instance_3/rvx_signal_05_reg[1]/C
                               i_platform/i_rtl/i_snim_common_peri_group_no_name/i_munoc_instance_0/i_munoc_instance_2/i_munoc_instance_0/i_gen_buffer[0].i_munoc_instance_0/rvx_signal_6_reg[6][21]/CLR
                                                              3.742         
i_platform/i_rtl/platform_controller/i_rvx_instance_3/rvx_signal_05_reg[1]/C
                               i_platform/i_rtl/i_snim_common_peri_group_no_name/i_munoc_instance_0/i_munoc_instance_2/i_munoc_instance_0/i_gen_buffer[0].i_munoc_instance_0/rvx_signal_6_reg[6][13]/CLR
                                                              3.746         
i_platform/i_rtl/platform_controller/i_rvx_instance_3/rvx_signal_05_reg[1]/C
                               i_platform/i_rtl/i_snim_common_peri_group_no_name/i_munoc_instance_0/i_munoc_instance_3/munoc_signal_25_reg[8]/CLR
                                                              3.752         
i_platform/i_rtl/platform_controller/i_rvx_instance_3/rvx_signal_05_reg[1]/C
                               i_platform/i_rtl/i_snim_common_peri_group_no_name/i_munoc_instance_1/i_munoc_instance_3/i_munoc_instance_0/i_rvx_instance_1/i_rvx_instance_0/rvx_signal_7_reg[0][4]/CLR
                                                              3.757         
i_platform/i_rtl/platform_controller/i_rvx_instance_3/rvx_signal_05_reg[1]/C
                               i_platform/i_rtl/i_snim_common_peri_group_no_name/i_munoc_instance_1/i_munoc_instance_3/i_munoc_instance_0/i_rvx_instance_1/i_rvx_instance_0/rvx_signal_7_reg[0][5]/CLR
                                                              3.757         
i_platform/i_rtl/platform_controller/i_rvx_instance_3/rvx_signal_05_reg[1]/C
                               i_platform/i_rtl/i_snim_common_peri_group_no_name/i_munoc_instance_1/i_munoc_instance_3/i_munoc_instance_0/i_rvx_instance_1/i_rvx_instance_0/rvx_signal_7_reg[0][6]/CLR
                                                              3.757         
i_platform/i_rtl/platform_controller/i_rvx_instance_3/rvx_signal_05_reg[1]/C
                               i_platform/i_rtl/i_snim_common_peri_group_no_name/i_munoc_instance_1/i_munoc_instance_3/i_munoc_instance_1/i_rvx_instance_0/i_rvx_instance_0/rvx_signal_6_reg[0][25]/CLR
                                                              3.768         
i_platform/i_rtl/platform_controller/i_rvx_instance_3/rvx_signal_05_reg[1]/C
                               i_platform/i_rtl/i_snim_common_peri_group_no_name/i_munoc_instance_1/i_munoc_instance_3/i_munoc_instance_1/i_rvx_instance_0/i_rvx_instance_0/rvx_signal_6_reg[0][29]/CLR
                                                              3.768         
i_platform/i_rtl/platform_controller/i_rvx_instance_3/rvx_signal_05_reg[1]/C
                               i_platform/i_rtl/i_snim_common_peri_group_no_name/i_munoc_instance_1/i_munoc_instance_3/i_munoc_instance_1/i_rvx_instance_0/i_rvx_instance_0/rvx_signal_6_reg[0][3]/CLR
                                                              3.768         
i_platform/i_rtl/platform_controller/i_rvx_instance_3/rvx_signal_05_reg[1]/C
                               i_platform/i_rtl/i_system_router/i_munoc_instance_1/i_input_port_with_routinhg_info[5].i_munoc_instance_1/i_munoc_instance_1/rvx_port_3_reg[29]/CLR
                                                              3.786         
i_platform/i_rtl/platform_controller/i_rvx_instance_3/rvx_signal_05_reg[1]/C
                               i_platform/i_rtl/i_snim_common_peri_group_no_name/i_munoc_instance_0/i_munoc_instance_3/munoc_signal_25_reg[6]/CLR
                                                              3.794         
i_platform/i_rtl/i_snim_i_system_sram_no_name/i_munoc_instance_0/i_munoc_instance_2/i_munoc_instance_0/i_gen_buffer[0].i_munoc_instance_0/i_rvx_instance_0/value_reg[6]/C
                               i_platform/i_system_sram/generate_cell[0].i_cell/i_write_bit[1].rvx_signal_3_reg_7/ENBWREN
                                                              5.374         
i_platform/i_rtl/i_snim_i_system_sram_no_name/i_munoc_instance_0/i_munoc_instance_2/i_munoc_instance_0/i_gen_buffer[0].i_munoc_instance_0/i_rvx_instance_0/value_reg[6]/C
                               i_platform/i_system_sram/generate_cell[0].i_cell/i_write_bit[1].rvx_signal_3_reg_8/ENBWREN
                                                              5.380         
i_platform/i_rtl/i_snim_i_system_sram_no_name/i_munoc_instance_0/i_munoc_instance_2/i_munoc_instance_0/i_gen_buffer[0].i_munoc_instance_0/i_rvx_instance_0/value_reg[6]/C
                               i_platform/i_system_sram/generate_cell[0].i_cell/i_write_bit[1].rvx_signal_3_reg_9/ENBWREN
                                                              5.896         
i_platform/i_rtl/i_snim_i_system_sram_no_name/i_munoc_instance_0/i_munoc_instance_2/i_munoc_instance_0/i_gen_buffer[0].i_munoc_instance_0/i_rvx_instance_0/value_reg[6]/C
                               i_platform/i_system_sram/generate_cell[0].i_cell/i_write_bit[1].rvx_signal_3_reg_16/ENBWREN
                                                              5.965         
i_platform/i_rtl/i_snim_i_system_sram_no_name/i_munoc_instance_0/i_munoc_instance_2/i_munoc_instance_0/i_gen_buffer[0].i_munoc_instance_0/i_rvx_instance_0/value_reg[6]/C
                               i_platform/i_system_sram/generate_cell[0].i_cell/i_write_bit[1].rvx_signal_3_reg_17/ENBWREN
                                                              6.110         
i_platform/i_rtl/i_snim_i_system_sram_no_name/i_munoc_instance_0/i_munoc_instance_2/i_munoc_instance_0/i_gen_buffer[0].i_munoc_instance_0/i_rvx_instance_0/value_reg[6]/C
                               i_platform/i_system_sram/generate_cell[0].i_cell/i_write_bit[1].rvx_signal_3_reg_31/ENBWREN
                                                              6.111         
i_platform/i_rtl/i_snim_i_system_sram_no_name/i_munoc_instance_0/i_munoc_instance_2/i_munoc_instance_0/i_gen_buffer[0].i_munoc_instance_0/i_rvx_instance_0/value_reg[6]/C
                               i_platform/i_system_sram/generate_cell[0].i_cell/i_write_bit[1].rvx_signal_3_reg_30/ENBWREN
                                                              6.111         
i_platform/i_rtl/i_snim_i_system_sram_no_name/i_munoc_instance_0/i_munoc_instance_2/i_munoc_instance_0/i_gen_buffer[0].i_munoc_instance_0/i_rvx_instance_0/value_reg[6]/C
                               i_platform/i_system_sram/generate_cell[0].i_cell/i_write_bit[1].rvx_signal_3_reg_16/ENARDEN
                                                              6.119         
i_platform/i_rtl/i_snim_i_system_sram_no_name/i_munoc_instance_0/i_munoc_instance_2/i_munoc_instance_0/i_gen_buffer[0].i_munoc_instance_0/i_rvx_instance_0/value_reg[6]/C
                               i_platform/i_system_sram/generate_cell[0].i_cell/i_write_bit[1].rvx_signal_3_reg_27/ENBWREN
                                                              6.122         
i_platform/i_rtl/i_main_core/i_orca/core/D__0/two_cycle.from_decode_instruction_signal_reg[22]/C
                               i_platform/i_rtl/i_mnim_i_main_core_data/i_munoc_instance_03/i_munoc_instance_0/i_rvx_instance_2/value_reg[0]/CE
                                                              6.185         
i_platform/i_rtl/i_main_core/i_orca/core/D__0/two_cycle.from_decode_instruction_signal_reg[22]/C
                               i_platform/i_rtl/i_mnim_i_main_core_data/i_munoc_instance_03/i_munoc_instance_0/i_rvx_instance_2/value_reg[1]/CE
                                                              6.185         
i_platform/i_rtl/i_main_core/i_orca/core/D__0/two_cycle.from_decode_instruction_signal_reg[22]/C
                               i_platform/i_rtl/i_mnim_i_main_core_data/i_munoc_instance_03/i_munoc_instance_0/i_rvx_instance_2/value_reg[2]/CE
                                                              6.185         
i_platform/i_rtl/i_main_core/i_orca/core/D__0/two_cycle.from_decode_instruction_signal_reg[22]/C
                               i_platform/i_rtl/i_mnim_i_main_core_data/i_munoc_instance_03/i_munoc_instance_0/i_rvx_instance_2/value_reg[3]/CE
                                                              6.185         
i_platform/i_rtl/i_main_core/i_orca/core/D__0/two_cycle.from_decode_instruction_signal_reg[22]/C
                               i_platform/i_rtl/i_main_core/i_orca/core/X/syscall/memory_region_registers_gen[0].umr_gen.writeable_umr_gen.mumr_base_reg[0][22]/CE
                                                              6.318         
i_platform/i_rtl/i_main_core/i_orca/core/D__0/two_cycle.from_decode_instruction_signal_reg[22]/C
                               i_platform/i_rtl/i_main_core/i_orca/core/X/syscall/memory_region_registers_gen[0].umr_gen.writeable_umr_gen.mumr_base_reg[0][4]/CE
                                                              6.318         
i_platform/i_rtl/i_main_core/i_orca/core/D__0/two_cycle.from_decode_instruction_signal_reg[22]/C
                               i_platform/i_rtl/i_main_core/i_orca/core/X/syscall/memory_region_registers_gen[0].umr_gen.writeable_umr_gen.mumr_base_reg[0][7]/CE
                                                              6.318         
i_platform/i_rtl/i_main_core/i_orca/core/D__0/two_cycle.from_decode_instruction_signal_reg[22]/C
                               i_platform/i_rtl/i_main_core/i_orca/core/X/syscall/memory_region_registers_gen[0].umr_gen.writeable_umr_gen.mumr_base_reg[0][12]/CE
                                                              6.328         
i_platform/i_rtl/i_main_core/i_orca/core/D__0/two_cycle.from_decode_instruction_signal_reg[22]/C
                               i_platform/i_rtl/i_main_core/i_orca/core/X/syscall/memory_region_registers_gen[0].umr_gen.writeable_umr_gen.mumr_base_reg[0][15]/CE
                                                              6.328         
i_platform/i_rtl/i_main_core/i_orca/core/D__0/two_cycle.from_decode_instruction_signal_reg[22]/C
                               i_platform/i_rtl/i_main_core/i_orca/core/X/syscall/memory_region_registers_gen[0].umr_gen.writeable_umr_gen.mumr_base_reg[0][3]/CE
                                                              6.328         
i_platform/i_rtl/i_main_core/i_orca/core/D__0/two_cycle.from_decode_instruction_signal_reg[22]/C
                               i_platform/i_rtl/i_main_core/i_orca/core/X/syscall/memory_region_registers_gen[0].umr_gen.writeable_umr_gen.mumr_base_reg[0][5]/CE
                                                              6.328         
i_platform/i_rtl/i_main_core/i_orca/core/D__0/two_cycle.from_decode_instruction_signal_reg[22]/C
                               i_platform/i_rtl/i_main_core/i_orca/core/X/syscall/memory_region_registers_gen[0].umr_gen.writeable_umr_gen.mumr_base_reg[0][10]/CE
                                                              6.362         
i_platform/i_rtl/i_main_core/i_orca/core/D__0/two_cycle.from_decode_instruction_signal_reg[22]/C
                               i_platform/i_rtl/i_main_core/i_orca/core/X/syscall/memory_region_registers_gen[0].umr_gen.writeable_umr_gen.mumr_base_reg[0][8]/CE
                                                              6.362         
i_platform/i_rtl/i_main_core/i_orca/core/D__0/two_cycle.from_decode_instruction_signal_reg[22]/C
                               i_platform/i_rtl/i_main_core/i_orca/the_memory_interface/uc_masters_gen.duc_master/ervp_master/i_write_buffer/rvx_signal_6_reg[1][10]/CE
                                                              6.409         
i_platform/i_rtl/i_main_core/i_orca/core/D__0/two_cycle.from_decode_instruction_signal_reg[22]/C
                               i_platform/i_rtl/i_main_core/i_orca/the_memory_interface/uc_masters_gen.duc_master/ervp_master/i_write_buffer/rvx_signal_6_reg[1][1]/CE
                                                              6.409         
i_platform/i_rtl/i_main_core/i_orca/core/D__0/two_cycle.from_decode_instruction_signal_reg[22]/C
                               i_platform/i_rtl/i_main_core/i_orca/the_memory_interface/uc_masters_gen.duc_master/ervp_master/i_write_buffer/rvx_signal_6_reg[1][22]/CE
                                                              6.409         
i_platform/i_rtl/i_main_core/i_orca/core/D__0/two_cycle.from_decode_instruction_signal_reg[22]/C
                               i_platform/i_rtl/i_main_core/i_orca/the_memory_interface/uc_masters_gen.duc_master/ervp_master/i_write_buffer/rvx_signal_6_reg[1][29]/CE
                                                              6.409         
i_platform/i_rtl/i_main_core/i_orca/core/D__0/two_cycle.from_decode_instruction_signal_reg[22]/C
                               i_platform/i_rtl/i_main_core/i_orca/the_memory_interface/uc_masters_gen.duc_master/ervp_master/i_write_buffer/rvx_signal_6_reg[1][2]/CE
                                                              6.409         
i_platform/i_rtl/i_main_core/i_orca/core/D__0/two_cycle.from_decode_instruction_signal_reg[22]/C
                               i_platform/i_rtl/i_main_core/i_orca/the_memory_interface/uc_masters_gen.duc_master/ervp_master/i_write_buffer/rvx_signal_6_reg[1][6]/CE
                                                              6.409         
i_platform/i_rtl/i_main_core/i_orca/core/D__0/two_cycle.from_decode_instruction_signal_reg[22]/C
                               i_platform/i_rtl/i_main_core/i_orca/the_memory_interface/uc_masters_gen.duc_master/ervp_master/i_write_buffer/rvx_signal_6_reg[1][7]/CE
                                                              6.409         
i_platform/i_rtl/i_main_core/i_orca/core/D__0/two_cycle.from_decode_instruction_signal_reg[22]/C
                               i_platform/i_rtl/i_main_core/i_orca/the_memory_interface/uc_masters_gen.duc_master/ervp_master/i_write_buffer/rvx_signal_6_reg[1][8]/CE
                                                              6.409         
i_platform/i_rtl/i_main_core/i_orca/core/D__0/two_cycle.from_decode_instruction_signal_reg[22]/C
                               i_platform/i_rtl/i_main_core/i_orca/core/X/syscall/memory_region_registers_gen[0].umr_gen.writeable_umr_gen.mumr_base_reg[0][0]/CE
                                                              6.442         
i_platform/i_rtl/i_main_core/i_orca/core/D__0/two_cycle.from_decode_instruction_signal_reg[22]/C
                               i_platform/i_rtl/i_main_core/i_orca/core/X/syscall/memory_region_registers_gen[0].umr_gen.writeable_umr_gen.mumr_base_reg[0][1]/CE
                                                              6.442         
i_platform/i_rtl/i_main_core/i_orca/core/D__0/two_cycle.from_decode_instruction_signal_reg[22]/C
                               i_platform/i_rtl/i_main_core/i_orca/core/X/syscall/memory_region_registers_gen[0].umr_gen.writeable_umr_gen.mumr_base_reg[0][17]/CE
                                                              6.472         
i_platform/i_rtl/i_main_core/i_orca/core/D__0/two_cycle.from_decode_instruction_signal_reg[22]/C
                               i_platform/i_rtl/i_main_core/i_orca/core/X/syscall/memory_region_registers_gen[0].umr_gen.writeable_umr_gen.mumr_base_reg[0][19]/CE
                                                              6.472         
i_platform/i_rtl/i_main_core/i_orca/core/D__0/two_cycle.from_decode_instruction_signal_reg[22]/C
                               i_platform/i_rtl/i_main_core/i_orca/core/X/syscall/memory_region_registers_gen[0].umr_gen.writeable_umr_gen.mumr_base_reg[0][20]/CE
                                                              6.472         
i_platform/i_rtl/i_main_core/i_orca/core/D__0/two_cycle.from_decode_instruction_signal_reg[22]/C
                               i_platform/i_rtl/i_main_core/i_orca/core/X/syscall/memory_region_registers_gen[0].umr_gen.writeable_umr_gen.mumr_base_reg[0][24]/CE
                                                              6.472         
i_platform/i_rtl/i_main_core/i_orca/core/D__0/two_cycle.from_decode_instruction_signal_reg[22]/C
                               i_platform/i_rtl/i_main_core/i_orca/core/X/syscall/memory_region_registers_gen[0].umr_gen.writeable_umr_gen.mumr_base_reg[0][11]/CE
                                                              6.484         
i_platform/i_rtl/i_main_core/i_orca/core/D__0/two_cycle.from_decode_instruction_signal_reg[22]/C
                               i_platform/i_rtl/i_main_core/i_orca/core/X/syscall/memory_region_registers_gen[0].umr_gen.writeable_umr_gen.mumr_base_reg[0][2]/CE
                                                              6.484         
i_platform/i_rtl/i_main_core/i_orca/core/D__0/two_cycle.from_decode_instruction_signal_reg[22]/C
                               i_platform/i_rtl/i_main_core/i_orca/core/X/syscall/memory_region_registers_gen[0].umr_gen.writeable_umr_gen.mumr_base_reg[0][16]/CE
                                                              6.489         
i_platform/i_rtl/i_main_core/i_orca/core/D__0/two_cycle.from_decode_instruction_signal_reg[22]/C
                               i_platform/i_rtl/i_main_core/i_orca/core/X/syscall/memory_region_registers_gen[0].umr_gen.writeable_umr_gen.mumr_base_reg[0][18]/CE
                                                              6.489         
i_platform/i_rtl/i_main_core/i_orca/core/D__0/two_cycle.from_decode_instruction_signal_reg[22]/C
                               i_platform/i_rtl/i_main_core/i_orca/core/X/syscall/memory_region_registers_gen[0].umr_gen.writeable_umr_gen.mumr_base_reg[0][23]/CE
                                                              6.489         
i_platform/i_rtl/i_main_core/i_orca/core/D__0/two_cycle.from_decode_instruction_signal_reg[22]/C
                               i_platform/i_rtl/i_main_core/i_orca/core/X/syscall/memory_region_registers_gen[0].umr_gen.writeable_umr_gen.mumr_base_reg[0][6]/CE
                                                              6.489         
i_platform/i_rtl/i_main_core/i_orca/core/D__0/two_cycle.from_decode_instruction_signal_reg[22]/C
                               i_platform/i_rtl/i_main_core/i_orca/the_memory_interface/uc_masters_gen.duc_master/ervp_master/i_write_buffer/rvx_signal_6_reg[0][11]/CE
                                                              6.490         
i_platform/i_rtl/i_main_core/i_orca/core/D__0/two_cycle.from_decode_instruction_signal_reg[22]/C
                               i_platform/i_rtl/i_main_core/i_orca/the_memory_interface/uc_masters_gen.duc_master/ervp_master/i_write_buffer/rvx_signal_6_reg[0][12]/CE
                                                              6.490         
i_platform/i_rtl/i_main_core/i_orca/core/D__0/two_cycle.from_decode_instruction_signal_reg[22]/C
                               i_platform/i_rtl/i_main_core/i_orca/the_memory_interface/uc_masters_gen.duc_master/ervp_master/i_write_buffer/rvx_signal_6_reg[0][14]/CE
                                                              6.490         
i_platform/i_rtl/i_main_core/i_orca/core/D__0/two_cycle.from_decode_instruction_signal_reg[22]/C
                               i_platform/i_rtl/i_main_core/i_orca/the_memory_interface/uc_masters_gen.duc_master/ervp_master/i_write_buffer/rvx_signal_6_reg[0][29]/CE
                                                              6.490         
i_platform/i_rtl/i_main_core/i_orca/core/D__0/two_cycle.from_decode_instruction_signal_reg[22]/C
                               i_platform/i_rtl/i_main_core/i_orca/the_memory_interface/uc_masters_gen.duc_master/ervp_master/i_write_buffer/rvx_signal_6_reg[0][2]/CE
                                                              6.490         
i_platform/i_rtl/i_main_core/i_orca/core/D__0/two_cycle.from_decode_instruction_signal_reg[22]/C
                               i_platform/i_rtl/i_main_core/i_orca/the_memory_interface/uc_masters_gen.duc_master/ervp_master/i_write_buffer/rvx_signal_6_reg[0][7]/CE
                                                              6.490         
i_platform/i_rtl/i_main_core/i_orca/core/D__0/two_cycle.from_decode_instruction_signal_reg[22]/C
                               i_platform/i_rtl/i_main_core/i_orca/the_memory_interface/uc_masters_gen.duc_master/ervp_master/i_write_buffer/rvx_signal_6_reg[0][8]/CE
                                                              6.490         
i_platform/i_rtl/i_main_core/i_orca/core/D__0/two_cycle.from_decode_instruction_signal_reg[22]/C
                               i_platform/i_rtl/i_main_core/i_orca/the_memory_interface/uc_masters_gen.duc_master/ervp_master/i_write_buffer/rvx_signal_6_reg[0][9]/CE
                                                              6.490         
i_platform/i_rtl/i_main_core/i_orca/core/D__0/two_cycle.from_decode_instruction_signal_reg[22]/C
                               i_platform/i_rtl/i_main_core/i_orca/core/X/syscall/memory_region_registers_gen[0].umr_gen.writeable_umr_gen.mumr_base_reg[0][13]/CE
                                                              6.528         
i_platform/i_rtl/i_main_core/i_orca/core/D__0/two_cycle.from_decode_instruction_signal_reg[22]/C
                               i_platform/i_rtl/i_main_core/i_orca/core/X/syscall/memory_region_registers_gen[0].umr_gen.writeable_umr_gen.mumr_base_reg[0][14]/CE
                                                              6.528         
i_platform/i_rtl/i_main_core/i_orca/core/D__0/two_cycle.from_decode_instruction_signal_reg[22]/C
                               i_platform/i_rtl/i_main_core/i_orca/core/X/syscall/memory_region_registers_gen[0].umr_gen.writeable_umr_gen.mumr_base_reg[0][25]/CE
                                                              6.528         
i_platform/i_rtl/i_main_core/i_orca/core/D__0/two_cycle.from_decode_instruction_signal_reg[22]/C
                               i_platform/i_rtl/i_main_core/i_orca/core/X/syscall/memory_region_registers_gen[0].umr_gen.writeable_umr_gen.mumr_base_reg[0][26]/CE
                                                              6.528         
i_platform/i_rtl/i_main_core/i_orca/core/D__0/two_cycle.from_decode_instruction_signal_reg[22]/C
                               i_platform/i_rtl/i_main_core/i_orca/core/X/syscall/memory_region_registers_gen[0].umr_gen.writeable_umr_gen.mumr_base_reg[0][27]/CE
                                                              6.528         
i_platform/i_rtl/i_main_core/i_orca/core/D__0/two_cycle.from_decode_instruction_signal_reg[22]/C
                               i_platform/i_rtl/i_main_core/i_orca/core/X/syscall/memory_region_registers_gen[0].umr_gen.writeable_umr_gen.mumr_base_reg[0][29]/CE
                                                              6.528         
i_platform/i_rtl/i_main_core/i_orca/core/D__0/two_cycle.from_decode_instruction_signal_reg[22]/C
                               i_platform/i_rtl/i_main_core/i_orca/core/X/syscall/memory_region_registers_gen[0].umr_gen.writeable_umr_gen.mumr_base_reg[0][31]/CE
                                                              6.537         
i_platform/i_rtl/i_main_core/i_orca/core/D__0/two_cycle.from_decode_instruction_signal_reg[22]/C
                               i_platform/i_rtl/i_main_core/i_orca/core/X/syscall/memory_region_registers_gen[0].umr_gen.writeable_umr_gen.mumr_base_reg[0][9]/CE
                                                              6.537         
i_platform/i_rtl/i_snim_i_system_sram_no_name/i_munoc_instance_0/i_munoc_instance_2/i_munoc_instance_0/i_gen_buffer[0].i_munoc_instance_0/i_rvx_instance_0/value_reg[6]/C
                               i_platform/i_system_sram/generate_cell[0].i_cell/i_write_bit[1].rvx_signal_3_reg_17/ENARDEN
                                                              6.557         
i_platform/i_rtl/i_main_core/i_orca/core/D__0/two_cycle.from_decode_instruction_signal_reg[22]/C
                               i_platform/i_rtl/i_mnim_i_main_core_data/i_munoc_instance_03/i_munoc_instance_0/rvx_signal_6_reg[3][0]/D
                                                              6.628         
i_platform/i_rtl/i_main_core/i_orca/core/D__0/two_cycle.from_decode_instruction_signal_reg[22]/C
                               i_platform/i_rtl/i_main_core/i_orca/the_memory_interface/uc_masters_gen.duc_master/ervp_master/i_write_buffer/rvx_signal_6_reg[0][10]/CE
                                                              6.630         
i_platform/i_rtl/i_main_core/i_orca/core/D__0/two_cycle.from_decode_instruction_signal_reg[22]/C
                               i_platform/i_rtl/i_main_core/i_orca/the_memory_interface/uc_masters_gen.duc_master/ervp_master/i_write_buffer/rvx_signal_6_reg[0][1]/CE
                                                              6.630         
i_platform/i_rtl/i_main_core/i_orca/core/D__0/two_cycle.from_decode_instruction_signal_reg[22]/C
                               i_platform/i_rtl/i_main_core/i_orca/the_memory_interface/uc_masters_gen.duc_master/ervp_master/i_write_buffer/rvx_signal_6_reg[0][22]/CE
                                                              6.630         
i_platform/i_rtl/i_main_core/i_orca/core/D__0/two_cycle.from_decode_instruction_signal_reg[22]/C
                               i_platform/i_rtl/i_main_core/i_orca/the_memory_interface/uc_masters_gen.duc_master/ervp_master/i_write_buffer/rvx_signal_6_reg[0][36]/CE
                                                              6.630         
i_platform/i_rtl/i_main_core/i_orca/core/D__0/two_cycle.from_decode_instruction_signal_reg[22]/C
                               i_platform/i_rtl/i_main_core/i_orca/the_memory_interface/uc_masters_gen.duc_master/ervp_master/i_write_buffer/rvx_signal_6_reg[0][6]/CE
                                                              6.630         
i_platform/i_rtl/i_snim_i_system_sram_no_name/i_munoc_instance_0/i_munoc_instance_2/i_munoc_instance_0/i_gen_buffer[0].i_munoc_instance_0/i_rvx_instance_0/value_reg[6]/C
                               i_platform/i_system_sram/generate_cell[0].i_cell/i_write_bit[1].rvx_signal_3_reg_25/ENBWREN
                                                              6.645         
i_platform/i_rtl/i_main_core/i_orca/core/D__0/two_cycle.from_decode_instruction_signal_reg[22]/C
                               i_platform/i_rtl/i_main_core/i_orca/core/X/syscall/memory_region_registers_gen[0].umr_gen.writeable_umr_gen.mumr_base_reg[0][21]/CE
                                                              6.650         
i_platform/i_rtl/i_main_core/i_orca/core/D__0/two_cycle.from_decode_instruction_signal_reg[22]/C
                               i_platform/i_rtl/i_main_core/i_orca/core/X/syscall/memory_region_registers_gen[0].umr_gen.writeable_umr_gen.mumr_base_reg[0][28]/CE
                                                              6.650         
i_platform/i_rtl/i_main_core/i_orca/core/D__0/two_cycle.from_decode_instruction_signal_reg[22]/C
                               i_platform/i_rtl/i_main_core/i_orca/core/X/syscall/memory_region_registers_gen[0].umr_gen.writeable_umr_gen.mumr_base_reg[0][30]/CE
                                                              6.650         
i_platform/i_rtl/i_snim_i_system_sram_no_name/i_munoc_instance_0/i_munoc_instance_2/i_munoc_instance_0/i_gen_buffer[0].i_munoc_instance_0/i_rvx_instance_0/value_reg[6]/C
                               i_platform/i_system_sram/generate_cell[0].i_cell/i_write_bit[1].rvx_signal_3_reg_9/ENARDEN
                                                              6.674         
i_platform/i_rtl/i_main_core/i_orca/core/D__0/two_cycle.from_decode_instruction_signal_reg[22]/C
                               i_platform/i_rtl/i_main_core/i_orca/the_memory_interface/uc_masters_gen.duc_master/ervp_master/i_write_buffer/rvx_signal_6_reg[1][11]/CE
                                                              6.689         
i_platform/i_rtl/i_main_core/i_orca/core/D__0/two_cycle.from_decode_instruction_signal_reg[22]/C
                               i_platform/i_rtl/i_main_core/i_orca/the_memory_interface/uc_masters_gen.duc_master/ervp_master/i_write_buffer/rvx_signal_6_reg[1][12]/CE
                                                              6.689         
i_platform/i_rtl/i_main_core/i_orca/core/D__0/two_cycle.from_decode_instruction_signal_reg[22]/C
                               i_platform/i_rtl/i_main_core/i_orca/the_memory_interface/uc_masters_gen.duc_master/ervp_master/i_write_buffer/rvx_signal_6_reg[1][14]/CE
                                                              6.689         
i_platform/i_rtl/i_main_core/i_orca/core/D__0/two_cycle.from_decode_instruction_signal_reg[22]/C
                               i_platform/i_rtl/i_main_core/i_orca/the_memory_interface/uc_masters_gen.duc_master/ervp_master/i_write_buffer/rvx_signal_6_reg[1][9]/CE
                                                              6.689         
i_platform/i_rtl/i_main_core/i_orca/core/D__0/two_cycle.from_decode_instruction_signal_reg[22]/C
                               i_platform/i_rtl/i_main_core/i_orca/core/X/syscall/memory_region_registers_gen[0].umr_gen.writeable_umr_gen.mumr_last_reg[0][4]/CE
                                                              6.715         
i_platform/i_rtl/i_main_core/i_orca/core/D__0/two_cycle.from_decode_instruction_signal_reg[22]/C
                               i_platform/i_rtl/i_main_core/i_orca/core/X/syscall/memory_region_registers_gen[0].umr_gen.writeable_umr_gen.mumr_last_reg[0][7]/CE
                                                              6.715         
i_platform/i_rtl/i_main_core/i_orca/core/D__0/two_cycle.from_decode_instruction_signal_reg[22]/C
                               i_platform/i_rtl/i_main_core/i_orca/the_memory_interface/uc_masters_gen.duc_master/ervp_master/i_write_buffer/rvx_signal_6_reg[0][17]/CE
                                                              6.717         
i_platform/i_rtl/i_main_core/i_orca/core/D__0/two_cycle.from_decode_instruction_signal_reg[22]/C
                               i_platform/i_rtl/i_main_core/i_orca/the_memory_interface/uc_masters_gen.duc_master/ervp_master/i_write_buffer/rvx_signal_6_reg[0][25]/CE
                                                              6.717         
i_platform/i_rtl/i_main_core/i_orca/core/D__0/two_cycle.from_decode_instruction_signal_reg[22]/C
                               i_platform/i_rtl/i_main_core/i_orca/the_memory_interface/uc_masters_gen.duc_master/ervp_master/i_write_buffer/rvx_signal_6_reg[0][27]/CE
                                                              6.717         
i_platform/i_rtl/i_main_core/i_orca/core/D__0/two_cycle.from_decode_instruction_signal_reg[22]/C
                               i_platform/i_rtl/i_main_core/i_orca/the_memory_interface/uc_masters_gen.duc_master/ervp_master/i_write_buffer/rvx_signal_6_reg[0][30]/CE
                                                              6.717         
i_platform/i_rtl/i_main_core/i_orca/core/D__0/two_cycle.from_decode_instruction_signal_reg[22]/C
                               i_platform/i_rtl/i_main_core/i_orca/the_memory_interface/uc_masters_gen.duc_master/ervp_master/i_write_buffer/rvx_signal_6_reg[1][17]/CE
                                                              6.747         
i_platform/i_rtl/i_main_core/i_orca/core/D__0/two_cycle.from_decode_instruction_signal_reg[22]/C
                               i_platform/i_rtl/i_main_core/i_orca/the_memory_interface/uc_masters_gen.duc_master/ervp_master/i_write_buffer/rvx_signal_6_reg[1][25]/CE
                                                              6.747         
i_platform/i_rtl/i_main_core/i_orca/core/D__0/two_cycle.from_decode_instruction_signal_reg[22]/C
                               i_platform/i_rtl/i_main_core/i_orca/the_memory_interface/uc_masters_gen.duc_master/ervp_master/i_write_buffer/rvx_signal_6_reg[1][27]/CE
                                                              6.747         
i_platform/i_rtl/i_main_core/i_orca/core/D__0/two_cycle.from_decode_instruction_signal_reg[22]/C
                               i_platform/i_rtl/i_main_core/i_orca/the_memory_interface/uc_masters_gen.duc_master/ervp_master/i_write_buffer/rvx_signal_6_reg[1][30]/CE
                                                              6.747         
i_platform/i_rtl/i_main_core/i_orca/core/D__0/two_cycle.from_decode_instruction_signal_reg[22]/C
                               i_platform/i_rtl/i_main_core/i_orca/core/X/syscall/memory_region_registers_gen[0].umr_gen.writeable_umr_gen.mumr_last_reg[0][10]/CE
                                                              6.798         
i_platform/i_rtl/i_main_core/i_orca/core/D__0/two_cycle.from_decode_instruction_signal_reg[22]/C
                               i_platform/i_rtl/i_main_core/i_orca/core/X/syscall/memory_region_registers_gen[0].umr_gen.writeable_umr_gen.mumr_last_reg[0][12]/CE
                                                              6.798         
i_platform/i_rtl/i_main_core/i_orca/core/D__0/two_cycle.from_decode_instruction_signal_reg[22]/C
                               i_platform/i_rtl/i_main_core/i_orca/core/X/syscall/memory_region_registers_gen[0].umr_gen.writeable_umr_gen.mumr_last_reg[0][15]/CE
                                                              6.798         
i_platform/i_rtl/i_main_core/i_orca/core/D__0/two_cycle.from_decode_instruction_signal_reg[22]/C
                               i_platform/i_rtl/i_main_core/i_orca/core/X/syscall/memory_region_registers_gen[0].umr_gen.writeable_umr_gen.mumr_last_reg[0][5]/CE
                                                              6.798         
i_platform/i_rtl/i_main_core/i_orca/core/D__0/two_cycle.from_decode_instruction_signal_reg[22]/C
                               i_platform/i_rtl/i_main_core/i_orca/core/X/syscall/memory_region_registers_gen[0].umr_gen.writeable_umr_gen.mumr_last_reg[0][8]/CE
                                                              6.798         
i_platform/i_rtl/i_snim_i_system_sram_no_name/i_munoc_instance_0/i_munoc_instance_2/i_munoc_instance_0/i_gen_buffer[0].i_munoc_instance_0/i_rvx_instance_0/value_reg[6]/C
                               i_platform/i_system_sram/generate_cell[0].i_cell/i_write_bit[1].rvx_signal_3_reg_8/ENARDEN
                                                              6.811         
i_platform/i_rtl/i_main_core/i_orca/core/D__0/two_cycle.from_decode_instruction_signal_reg[22]/C
                               i_platform/i_rtl/i_main_core/i_orca/core/X/syscall/memory_region_registers_gen[0].umr_gen.writeable_umr_gen.mumr_last_reg[0][1]/CE
                                                              6.856         
i_platform/i_rtl/i_main_core/i_orca/core/D__0/two_cycle.from_decode_instruction_signal_reg[22]/C
                               i_platform/i_rtl/i_main_core/i_orca/core/X/syscall/memory_region_registers_gen[0].umr_gen.writeable_umr_gen.mumr_last_reg[0][22]/CE
                                                              6.856         
i_platform/i_rtl/i_main_core/i_orca/core/D__0/two_cycle.from_decode_instruction_signal_reg[22]/C
                               i_platform/i_rtl/i_main_core/i_orca/the_memory_interface/uc_masters_gen.duc_master/ervp_master/i_write_buffer/rvx_signal_6_reg[0][13]/CE
                                                              6.923         
i_platform/i_rtl/i_main_core/i_orca/core/D__0/two_cycle.from_decode_instruction_signal_reg[22]/C
                               i_platform/i_rtl/i_main_core/i_orca/the_memory_interface/uc_masters_gen.duc_master/ervp_master/i_write_buffer/rvx_signal_6_reg[1][21]/CE
                                                              6.938         
i_platform/i_rtl/i_main_core/i_orca/core/D__0/two_cycle.from_decode_instruction_signal_reg[22]/C
                               i_platform/i_rtl/i_main_core/i_orca/the_memory_interface/uc_masters_gen.duc_master/ervp_master/i_write_buffer/rvx_signal_6_reg[1][23]/CE
                                                              6.938         
i_platform/i_rtl/i_main_core/i_orca/core/D__0/two_cycle.from_decode_instruction_signal_reg[22]/C
                               i_platform/i_rtl/i_main_core/i_orca/the_memory_interface/uc_masters_gen.duc_master/ervp_master/i_write_buffer/rvx_signal_6_reg[1][35]/CE
                                                              6.938         
i_platform/i_rtl/i_main_core/i_orca/core/D__0/two_cycle.from_decode_instruction_signal_reg[22]/C
                               i_platform/i_rtl/i_main_core/i_orca/the_memory_interface/uc_masters_gen.duc_master/ervp_master/i_write_buffer/rvx_signal_6_reg[1][5]/CE
                                                              6.938         
i_platform/i_rtl/i_main_core/i_orca/core/D__0/two_cycle.from_decode_instruction_signal_reg[22]/C
                               i_platform/i_rtl/i_main_core/i_orca/core/X/syscall/memory_region_registers_gen[0].umr_gen.writeable_umr_gen.mumr_last_reg[0][16]/CE
                                                              6.939         
i_platform/i_rtl/i_main_core/i_orca/core/D__0/two_cycle.from_decode_instruction_signal_reg[22]/C
                               i_platform/i_rtl/i_main_core/i_orca/core/X/syscall/memory_region_registers_gen[0].umr_gen.writeable_umr_gen.mumr_last_reg[0][17]/CE
                                                              6.939         
i_platform/i_rtl/i_main_core/i_orca/core/D__0/two_cycle.from_decode_instruction_signal_reg[22]/C
                               i_platform/i_rtl/i_main_core/i_orca/core/X/syscall/memory_region_registers_gen[0].umr_gen.writeable_umr_gen.mumr_last_reg[0][18]/CE
                                                              6.939         
i_platform/i_rtl/platform_controller/i_rvx_instance_4/i_rvx_instance_0/rvx_port_09_reg/C
                               pjtag_rtdo                     11.411        
pjtag_rtms                     i_platform/i_rtl/platform_controller/i_rvx_instance_4/i_rvx_instance_0/i_rvx_instance_1/rvx_signal_0_reg[0]/CE
                                                              23.146        
pjtag_rtms                     i_platform/i_rtl/platform_controller/i_rvx_instance_4/i_rvx_instance_0/i_rvx_instance_1/rvx_signal_0_reg[2]/CE
                                                              23.146        
pjtag_rtms                     i_platform/i_rtl/platform_controller/i_rvx_instance_4/i_rvx_instance_0/i_rvx_instance_1/rvx_signal_0_reg[3]/CE
                                                              23.146        
pjtag_rtms                     i_platform/i_rtl/platform_controller/i_rvx_instance_4/i_rvx_instance_0/i_rvx_instance_1/rvx_signal_0_reg[4]/CE
                                                              23.146        
pjtag_rtms                     i_platform/i_rtl/platform_controller/i_rvx_instance_4/i_rvx_instance_0/i_rvx_instance_1/rvx_signal_0_reg[1]/CE
                                                              23.296        
pjtag_rtms                     i_platform/i_rtl/platform_controller/i_rvx_instance_4/i_rvx_instance_0/i_rvx_instance_1/rvx_signal_0_reg[5]/CE
                                                              23.296        
pjtag_rtms                     i_platform/i_rtl/platform_controller/i_rvx_instance_4/i_rvx_instance_0/i_rvx_instance_1/rvx_signal_0_reg[6]/CE
                                                              23.296        
pjtag_rtms                     i_platform/i_rtl/platform_controller/i_rvx_instance_4/i_rvx_instance_0/i_rvx_instance_1/rvx_signal_0_reg[7]/CE
                                                              23.296        
pjtag_rtms                     i_platform/i_rtl/platform_controller/i_rvx_instance_4/i_rvx_instance_0/i_rvx_instance_1/rvx_signal_0_reg[3]/D
                                                              23.402        
pjtag_rtms                     i_platform/i_rtl/platform_controller/i_rvx_instance_4/i_rvx_instance_0/i_rvx_instance_1/rvx_signal_0_reg[4]/D
                                                              23.422        
pjtag_rtms                     i_platform/i_rtl/platform_controller/i_rvx_instance_4/i_rvx_instance_0/i_rvx_instance_1/rvx_signal_0_reg[5]/D
                                                              23.457        
pjtag_rtms                     i_platform/i_rtl/platform_controller/i_rvx_instance_4/i_rvx_instance_0/i_rvx_instance_1/rvx_signal_0_reg[1]/D
                                                              23.459        
pjtag_rtms                     i_platform/i_rtl/platform_controller/i_rvx_instance_4/i_rvx_instance_0/i_rvx_instance_1/rvx_signal_0_reg[6]/D
                                                              23.481        
pjtag_rtms                     i_platform/i_rtl/platform_controller/i_rvx_instance_4/i_rvx_instance_0/rvx_port_09_reg/CE
                                                              23.517        
pjtag_rtms                     i_platform/i_rtl/platform_controller/i_rvx_instance_4/i_rvx_instance_0/i_rvx_instance_1/rvx_signal_0_reg[7]/D
                                                              23.535        
pjtag_rtms                     i_platform/i_rtl/platform_controller/i_rvx_instance_4/i_rvx_instance_0/i_rvx_instance_1/rvx_signal_0_reg[0]/D
                                                              23.994        
pjtag_rtms                     i_platform/i_rtl/platform_controller/i_rvx_instance_4/i_rvx_instance_0/rvx_port_09_reg/D
                                                              24.013        
pjtag_rtms                     i_platform/i_rtl/platform_controller/i_rvx_instance_4/i_rvx_instance_0/i_rvx_instance_1/rvx_signal_0_reg[2]/D
                                                              24.016        
i_platform/i_rtl/platform_controller/i_rvx_instance_4/i_rvx_instance_0/i_rvx_instance_1/rvx_signal_0_reg[3]/C
                               i_platform/i_rtl/platform_controller/i_rvx_instance_4/i_rvx_instance_0/i_rvx_instance_0/rvx_signal_1_reg[24]/CE
                                                              42.337        
i_platform/i_rtl/platform_controller/i_rvx_instance_4/i_rvx_instance_0/i_rvx_instance_1/rvx_signal_0_reg[3]/C
                               i_platform/i_rtl/platform_controller/i_rvx_instance_4/i_rvx_instance_0/i_rvx_instance_0/rvx_signal_1_reg[11]/CE
                                                              42.492        
i_platform/i_rtl/platform_controller/i_rvx_instance_4/i_rvx_instance_0/i_rvx_instance_1/rvx_signal_0_reg[3]/C
                               i_platform/i_rtl/platform_controller/i_rvx_instance_4/i_rvx_instance_0/i_rvx_instance_0/rvx_signal_1_reg[12]/CE
                                                              42.492        
i_platform/i_rtl/platform_controller/i_rvx_instance_4/i_rvx_instance_0/i_rvx_instance_1/rvx_signal_0_reg[3]/C
                               i_platform/i_rtl/platform_controller/i_rvx_instance_4/i_rvx_instance_0/i_rvx_instance_0/rvx_signal_1_reg[13]/CE
                                                              42.492        
i_platform/i_rtl/platform_controller/i_rvx_instance_4/i_rvx_instance_0/i_rvx_instance_1/rvx_signal_0_reg[3]/C
                               i_platform/i_rtl/platform_controller/i_rvx_instance_4/i_rvx_instance_0/i_rvx_instance_0/rvx_signal_1_reg[14]/CE
                                                              42.492        
i_platform/i_rtl/platform_controller/i_rvx_instance_4/i_rvx_instance_0/i_rvx_instance_1/rvx_signal_0_reg[3]/C
                               i_platform/i_rtl/platform_controller/i_rvx_instance_4/i_rvx_instance_0/i_rvx_instance_0/rvx_signal_1_reg[25]/CE
                                                              42.537        
i_platform/i_rtl/platform_controller/i_rvx_instance_4/i_rvx_instance_0/i_rvx_instance_1/rvx_signal_0_reg[3]/C
                               i_platform/i_rtl/platform_controller/i_rvx_instance_4/i_rvx_instance_0/i_rvx_instance_0/rvx_signal_1_reg[26]/CE
                                                              42.537        
i_platform/i_rtl/platform_controller/i_rvx_instance_4/i_rvx_instance_0/i_rvx_instance_1/rvx_signal_0_reg[3]/C
                               i_platform/i_rtl/platform_controller/i_rvx_instance_4/i_rvx_instance_0/i_rvx_instance_0/rvx_signal_1_reg[27]/CE
                                                              42.537        
i_platform/i_rtl/platform_controller/i_rvx_instance_4/i_rvx_instance_0/i_rvx_instance_1/rvx_signal_0_reg[3]/C
                               i_platform/i_rtl/platform_controller/i_rvx_instance_4/i_rvx_instance_0/i_rvx_instance_0/rvx_signal_1_reg[28]/CE
                                                              42.537        
i_platform/i_rtl/platform_controller/i_rvx_instance_4/i_rvx_instance_0/i_rvx_instance_1/rvx_signal_0_reg[3]/C
                               i_platform/i_rtl/platform_controller/i_rvx_instance_4/i_rvx_instance_0/i_rvx_instance_0/rvx_signal_1_reg[24]/D
                                                              42.579        
i_platform/i_rtl/platform_controller/i_rvx_instance_4/i_rvx_instance_0/i_rvx_instance_1/rvx_signal_0_reg[3]/C
                               i_platform/i_rtl/platform_controller/i_rvx_instance_4/i_rvx_instance_0/i_rvx_instance_0/rvx_signal_1_reg[6]/CE
                                                              42.632        
i_platform/i_rtl/platform_controller/i_rvx_instance_4/i_rvx_instance_0/i_rvx_instance_1/rvx_signal_0_reg[3]/C
                               i_platform/i_rtl/platform_controller/i_rvx_instance_4/i_rvx_instance_0/i_rvx_instance_0/rvx_signal_1_reg[7]/CE
                                                              42.632        
i_platform/i_rtl/platform_controller/i_rvx_instance_4/i_rvx_instance_0/i_rvx_instance_1/rvx_signal_0_reg[3]/C
                               i_platform/i_rtl/platform_controller/i_rvx_instance_4/i_rvx_instance_0/i_rvx_instance_0/rvx_signal_1_reg[7]/D
                                                              42.706        
i_platform/i_rtl/platform_controller/i_rvx_instance_4/i_rvx_instance_0/i_rvx_instance_1/rvx_signal_0_reg[3]/C
                               i_platform/i_rtl/platform_controller/i_rvx_instance_4/i_rvx_instance_0/i_rvx_instance_0/rvx_signal_1_reg[0]/CE
                                                              42.740        
i_platform/i_rtl/platform_controller/i_rvx_instance_4/i_rvx_instance_0/i_rvx_instance_1/rvx_signal_0_reg[3]/C
                               i_platform/i_rtl/platform_controller/i_rvx_instance_4/i_rvx_instance_0/i_rvx_instance_0/rvx_signal_1_reg[1]/CE
                                                              42.740        
i_platform/i_rtl/platform_controller/i_rvx_instance_4/i_rvx_instance_0/i_rvx_instance_1/rvx_signal_0_reg[3]/C
                               i_platform/i_rtl/platform_controller/i_rvx_instance_4/i_rvx_instance_0/i_rvx_instance_0/rvx_signal_1_reg[2]/CE
                                                              42.740        
i_platform/i_rtl/platform_controller/i_rvx_instance_4/i_rvx_instance_0/i_rvx_instance_1/rvx_signal_0_reg[3]/C
                               i_platform/i_rtl/platform_controller/i_rvx_instance_4/i_rvx_instance_0/i_rvx_instance_0/rvx_signal_1_reg[12]/D
                                                              42.743        
i_platform/i_rtl/platform_controller/i_rvx_instance_4/i_rvx_instance_0/i_rvx_instance_1/rvx_signal_0_reg[3]/C
                               i_platform/i_rtl/platform_controller/i_rvx_instance_4/i_rvx_instance_0/i_rvx_instance_0/rvx_signal_1_reg[11]/D
                                                              42.746        
i_platform/i_rtl/platform_controller/i_rvx_instance_4/i_rvx_instance_0/i_rvx_instance_1/rvx_signal_0_reg[3]/C
                               i_platform/i_rtl/platform_controller/i_rvx_instance_4/i_rvx_instance_0/i_rvx_instance_0/rvx_signal_1_reg[10]/CE
                                                              42.792        
i_platform/i_rtl/platform_controller/i_rvx_instance_4/i_rvx_instance_0/i_rvx_instance_1/rvx_signal_0_reg[3]/C
                               i_platform/i_rtl/platform_controller/i_rvx_instance_4/i_rvx_instance_0/i_rvx_instance_0/rvx_signal_1_reg[30]/CE
                                                              42.792        
i_platform/i_rtl/platform_controller/i_rvx_instance_4/i_rvx_instance_0/i_rvx_instance_1/rvx_signal_0_reg[3]/C
                               i_platform/i_rtl/platform_controller/i_rvx_instance_4/i_rvx_instance_0/i_rvx_instance_0/rvx_signal_1_reg[8]/CE
                                                              42.792        
i_platform/i_rtl/platform_controller/i_rvx_instance_4/i_rvx_instance_0/i_rvx_instance_1/rvx_signal_0_reg[3]/C
                               i_platform/i_rtl/platform_controller/i_rvx_instance_4/i_rvx_instance_0/i_rvx_instance_0/rvx_signal_1_reg[9]/CE
                                                              42.792        
i_platform/i_rtl/platform_controller/i_rvx_instance_4/i_rvx_instance_0/i_rvx_instance_1/rvx_signal_0_reg[3]/C
                               i_platform/i_rtl/platform_controller/i_rvx_instance_4/i_rvx_instance_0/i_rvx_instance_0/rvx_signal_1_reg[27]/D
                                                              42.815        
i_platform/i_rtl/platform_controller/i_rvx_instance_4/i_rvx_instance_0/i_rvx_instance_1/rvx_signal_0_reg[3]/C
                               i_platform/i_rtl/platform_controller/i_rvx_instance_4/i_rvx_instance_0/i_rvx_instance_0/rvx_signal_1_reg[21]/CE
                                                              42.820        
i_platform/i_rtl/platform_controller/i_rvx_instance_4/i_rvx_instance_0/i_rvx_instance_1/rvx_signal_0_reg[3]/C
                               i_platform/i_rtl/platform_controller/i_rvx_instance_4/i_rvx_instance_0/i_rvx_instance_0/rvx_signal_1_reg[22]/CE
                                                              42.820        
i_platform/i_rtl/platform_controller/i_rvx_instance_4/i_rvx_instance_0/i_rvx_instance_1/rvx_signal_0_reg[3]/C
                               i_platform/i_rtl/platform_controller/i_rvx_instance_4/i_rvx_instance_0/i_rvx_instance_0/rvx_signal_1_reg[23]/CE
                                                              42.820        
i_platform/i_rtl/platform_controller/i_rvx_instance_4/i_rvx_instance_0/i_rvx_instance_1/rvx_signal_0_reg[3]/C
                               i_platform/i_rtl/platform_controller/i_rvx_instance_4/i_rvx_instance_0/i_rvx_instance_0/rvx_signal_1_reg[29]/CE
                                                              42.820        
i_platform/i_rtl/platform_controller/i_rvx_instance_4/i_rvx_instance_0/i_rvx_instance_1/rvx_signal_0_reg[3]/C
                               i_platform/i_rtl/platform_controller/i_rvx_instance_4/i_rvx_instance_0/i_rvx_instance_0/rvx_signal_1_reg[21]/D
                                                              42.926        
i_platform/i_rtl/platform_controller/i_rvx_instance_4/i_rvx_instance_0/i_rvx_instance_1/rvx_signal_0_reg[3]/C
                               i_platform/i_rtl/platform_controller/i_rvx_instance_4/i_rvx_instance_0/i_rvx_instance_0/rvx_signal_1_reg[22]/D
                                                              42.940        
i_platform/i_rtl/platform_controller/i_rvx_instance_4/i_rvx_instance_0/i_rvx_instance_1/rvx_signal_0_reg[3]/C
                               i_platform/i_rtl/platform_controller/i_rvx_instance_4/i_rvx_instance_0/i_rvx_instance_0/rvx_signal_1_reg[14]/D
                                                              42.968        
i_platform/i_rtl/platform_controller/i_rvx_instance_4/i_rvx_instance_0/i_rvx_instance_1/rvx_signal_0_reg[3]/C
                               i_platform/i_rtl/platform_controller/i_rvx_instance_4/i_rvx_instance_0/i_rvx_instance_0/rvx_signal_1_reg[9]/D
                                                              42.990        
i_platform/i_rtl/platform_controller/i_rvx_instance_4/i_rvx_instance_0/i_rvx_instance_1/rvx_signal_0_reg[3]/C
                               i_platform/i_rtl/platform_controller/i_rvx_instance_4/i_rvx_instance_0/i_rvx_instance_0/rvx_signal_1_reg[8]/D
                                                              42.991        
i_platform/i_rtl/platform_controller/i_rvx_instance_4/i_rvx_instance_0/i_rvx_instance_1/rvx_signal_0_reg[3]/C
                               i_platform/i_rtl/platform_controller/i_rvx_instance_4/i_rvx_instance_0/i_rvx_instance_0/rvx_signal_1_reg[15]/CE
                                                              43.079        
i_platform/i_rtl/platform_controller/i_rvx_instance_4/i_rvx_instance_0/i_rvx_instance_1/rvx_signal_0_reg[3]/C
                               i_platform/i_rtl/platform_controller/i_rvx_instance_4/i_rvx_instance_0/i_rvx_instance_0/rvx_signal_1_reg[16]/CE
                                                              43.079        
i_platform/i_rtl/platform_controller/i_rvx_instance_4/i_rvx_instance_0/i_rvx_instance_1/rvx_signal_0_reg[3]/C
                               i_platform/i_rtl/platform_controller/i_rvx_instance_4/i_rvx_instance_0/i_rvx_instance_0/rvx_signal_1_reg[17]/CE
                                                              43.079        
i_platform/i_rtl/platform_controller/i_rvx_instance_4/i_rvx_instance_0/i_rvx_instance_1/rvx_signal_0_reg[3]/C
                               i_platform/i_rtl/platform_controller/i_rvx_instance_4/i_rvx_instance_0/i_rvx_instance_0/rvx_signal_1_reg[28]/D
                                                              43.093        
i_platform/i_rtl/platform_controller/i_rvx_instance_4/i_rvx_instance_0/i_rvx_instance_1/rvx_signal_0_reg[3]/C
                               i_platform/i_rtl/platform_controller/i_rvx_instance_4/i_rvx_instance_0/i_rvx_instance_0/rvx_signal_1_reg[25]/D
                                                              43.097        
i_platform/i_rtl/platform_controller/i_rvx_instance_4/i_rvx_instance_0/i_rvx_instance_1/rvx_signal_0_reg[3]/C
                               i_platform/i_rtl/platform_controller/i_rvx_instance_4/i_rvx_instance_0/i_rvx_instance_0/rvx_signal_1_reg[26]/D
                                                              43.104        
i_platform/i_rtl/platform_controller/i_rvx_instance_4/i_rvx_instance_0/i_rvx_instance_1/rvx_signal_0_reg[3]/C
                               i_platform/i_rtl/platform_controller/i_rvx_instance_4/i_rvx_instance_0/i_rvx_instance_0/rvx_signal_1_reg[13]/D
                                                              43.137        
i_platform/i_rtl/platform_controller/i_rvx_instance_4/i_rvx_instance_0/i_rvx_instance_1/rvx_signal_0_reg[3]/C
                               i_platform/i_rtl/platform_controller/i_rvx_instance_4/i_rvx_instance_0/i_rvx_instance_0/rvx_signal_1_reg[17]/D
                                                              43.182        
i_platform/i_rtl/platform_controller/i_rvx_instance_4/i_rvx_instance_0/i_rvx_instance_1/rvx_signal_0_reg[3]/C
                               i_platform/i_rtl/platform_controller/i_rvx_instance_4/i_rvx_instance_0/i_rvx_instance_0/rvx_signal_1_reg[6]/D
                                                              43.215        
i_platform/i_rtl/platform_controller/i_rvx_instance_4/i_rvx_instance_0/i_rvx_instance_1/rvx_signal_0_reg[3]/C
                               i_platform/i_rtl/platform_controller/i_rvx_instance_4/i_rvx_instance_0/i_rvx_instance_0/rvx_signal_1_reg[30]/D
                                                              43.216        
i_platform/i_rtl/platform_controller/i_rvx_instance_4/i_rvx_instance_0/i_rvx_instance_1/rvx_signal_0_reg[3]/C
                               i_platform/i_rtl/platform_controller/i_rvx_instance_4/i_rvx_instance_0/i_rvx_instance_0/rvx_signal_1_reg[29]/D
                                                              43.322        
i_platform/i_rtl/platform_controller/i_rvx_instance_4/i_rvx_instance_0/i_rvx_instance_1/rvx_signal_0_reg[3]/C
                               i_platform/i_rtl/platform_controller/i_rvx_instance_4/i_rvx_instance_0/i_rvx_instance_0/rvx_signal_1_reg[23]/D
                                                              43.326        
i_platform/i_rtl/platform_controller/i_rvx_instance_4/i_rvx_instance_0/i_rvx_instance_1/rvx_signal_0_reg[3]/C
                               i_platform/i_rtl/platform_controller/i_rvx_instance_4/i_rvx_instance_0/i_rvx_instance_0/rvx_signal_1_reg[18]/CE
                                                              43.346        
i_platform/i_rtl/platform_controller/i_rvx_instance_4/i_rvx_instance_0/i_rvx_instance_1/rvx_signal_0_reg[3]/C
                               i_platform/i_rtl/platform_controller/i_rvx_instance_4/i_rvx_instance_0/i_rvx_instance_0/rvx_signal_1_reg[19]/CE
                                                              43.346        
i_platform/i_rtl/platform_controller/i_rvx_instance_4/i_rvx_instance_0/i_rvx_instance_1/rvx_signal_0_reg[3]/C
                               i_platform/i_rtl/platform_controller/i_rvx_instance_4/i_rvx_instance_0/i_rvx_instance_0/rvx_signal_1_reg[20]/CE
                                                              43.346        
i_platform/i_rtl/platform_controller/i_rvx_instance_4/i_rvx_instance_0/i_rvx_instance_1/rvx_signal_0_reg[3]/C
                               i_platform/i_rtl/platform_controller/i_rvx_instance_4/i_rvx_instance_3/rvx_signal_07_reg[12]/CE
                                                              43.364        
i_platform/i_rtl/platform_controller/i_rvx_instance_4/i_rvx_instance_0/i_rvx_instance_1/rvx_signal_0_reg[3]/C
                               i_platform/i_rtl/platform_controller/i_rvx_instance_4/i_rvx_instance_3/rvx_signal_07_reg[14]/CE
                                                              43.364        
i_platform/i_rtl/platform_controller/i_rvx_instance_4/i_rvx_instance_0/i_rvx_instance_1/rvx_signal_0_reg[3]/C
                               i_platform/i_rtl/platform_controller/i_rvx_instance_4/i_rvx_instance_3/rvx_signal_07_reg[26]/CE
                                                              43.364        
i_platform/i_rtl/platform_controller/i_rvx_instance_4/i_rvx_instance_0/i_rvx_instance_1/rvx_signal_0_reg[3]/C
                               i_platform/i_rtl/platform_controller/i_rvx_instance_4/i_rvx_instance_3/rvx_signal_07_reg[27]/CE
                                                              43.364        
i_platform/i_rtl/platform_controller/i_rvx_instance_4/i_rvx_instance_0/i_rvx_instance_1/rvx_signal_0_reg[3]/C
                               i_platform/i_rtl/platform_controller/i_rvx_instance_4/i_rvx_instance_3/rvx_signal_07_reg[28]/CE
                                                              43.364        
i_platform/i_rtl/platform_controller/i_rvx_instance_4/i_rvx_instance_0/i_rvx_instance_1/rvx_signal_0_reg[3]/C
                               i_platform/i_rtl/platform_controller/i_rvx_instance_4/i_rvx_instance_3/rvx_signal_07_reg[7]/CE
                                                              43.364        
i_platform/i_rtl/platform_controller/i_rvx_instance_4/i_rvx_instance_0/i_rvx_instance_1/rvx_signal_0_reg[3]/C
                               i_platform/i_rtl/platform_controller/i_rvx_instance_4/i_rvx_instance_3/rvx_signal_07_reg[8]/CE
                                                              43.364        
i_platform/i_rtl/platform_controller/i_rvx_instance_4/i_rvx_instance_0/i_rvx_instance_1/rvx_signal_0_reg[3]/C
                               i_platform/i_rtl/platform_controller/i_rvx_instance_4/i_rvx_instance_0/i_rvx_instance_0/rvx_signal_1_reg[10]/D
                                                              43.365        
i_platform/i_rtl/platform_controller/i_rvx_instance_4/i_rvx_instance_0/i_rvx_instance_1/rvx_signal_0_reg[3]/C
                               i_platform/i_rtl/platform_controller/i_rvx_instance_4/i_rvx_instance_0/i_rvx_instance_0/rvx_signal_1_reg[16]/D
                                                              43.529        
i_platform/i_rtl/platform_controller/i_rvx_instance_4/i_rvx_instance_0/i_rvx_instance_1/rvx_signal_0_reg[3]/C
                               i_platform/i_rtl/platform_controller/i_rvx_instance_4/i_rvx_instance_0/i_rvx_instance_0/rvx_signal_1_reg[15]/D
                                                              43.532        
i_platform/i_rtl/platform_controller/i_rvx_instance_4/i_rvx_instance_0/i_rvx_instance_1/rvx_signal_0_reg[3]/C
                               i_platform/i_rtl/platform_controller/i_rvx_instance_4/i_rvx_instance_0/i_rvx_instance_0/rvx_signal_1_reg[31]/CE
                                                              43.609        
i_platform/i_rtl/platform_controller/i_rvx_instance_4/i_rvx_instance_0/i_rvx_instance_1/rvx_signal_0_reg[3]/C
                               i_platform/i_rtl/platform_controller/i_rvx_instance_4/i_rvx_instance_0/i_rvx_instance_0/rvx_signal_1_reg[3]/CE
                                                              43.609        
i_platform/i_rtl/platform_controller/i_rvx_instance_4/i_rvx_instance_0/i_rvx_instance_1/rvx_signal_0_reg[3]/C
                               i_platform/i_rtl/platform_controller/i_rvx_instance_4/i_rvx_instance_0/i_rvx_instance_0/rvx_signal_1_reg[4]/CE
                                                              43.609        
i_platform/i_rtl/platform_controller/i_rvx_instance_4/i_rvx_instance_0/i_rvx_instance_1/rvx_signal_0_reg[3]/C
                               i_platform/i_rtl/platform_controller/i_rvx_instance_4/i_rvx_instance_0/i_rvx_instance_0/rvx_signal_1_reg[5]/CE
                                                              43.609        
i_platform/i_rtl/platform_controller/i_rvx_instance_4/i_rvx_instance_0/i_rvx_instance_1/rvx_signal_0_reg[3]/C
                               i_platform/i_rtl/platform_controller/i_rvx_instance_4/i_rvx_instance_0/i_rvx_instance_0/rvx_signal_1_reg[20]/D
                                                              43.631        
i_platform/i_rtl/platform_controller/i_rvx_instance_4/i_rvx_instance_0/i_rvx_instance_1/rvx_signal_0_reg[3]/C
                               i_platform/i_rtl/platform_controller/i_rvx_instance_4/i_rvx_instance_3/rvx_signal_07_reg[10]/CE
                                                              43.675        
i_platform/i_rtl/platform_controller/i_rvx_instance_4/i_rvx_instance_0/i_rvx_instance_1/rvx_signal_0_reg[3]/C
                               i_platform/i_rtl/platform_controller/i_rvx_instance_4/i_rvx_instance_3/rvx_signal_07_reg[11]/CE
                                                              43.675        
i_platform/i_rtl/platform_controller/i_rvx_instance_4/i_rvx_instance_0/i_rvx_instance_1/rvx_signal_0_reg[3]/C
                               i_platform/i_rtl/platform_controller/i_rvx_instance_4/i_rvx_instance_3/rvx_signal_07_reg[13]/CE
                                                              43.675        
i_platform/i_rtl/platform_controller/i_rvx_instance_4/i_rvx_instance_0/i_rvx_instance_1/rvx_signal_0_reg[3]/C
                               i_platform/i_rtl/platform_controller/i_rvx_instance_4/i_rvx_instance_3/rvx_signal_07_reg[16]/CE
                                                              43.675        
i_platform/i_rtl/platform_controller/i_rvx_instance_4/i_rvx_instance_0/i_rvx_instance_1/rvx_signal_0_reg[3]/C
                               i_platform/i_rtl/platform_controller/i_rvx_instance_4/i_rvx_instance_3/rvx_signal_07_reg[21]/CE
                                                              43.675        
i_platform/i_rtl/platform_controller/i_rvx_instance_4/i_rvx_instance_0/i_rvx_instance_1/rvx_signal_0_reg[3]/C
                               i_platform/i_rtl/platform_controller/i_rvx_instance_4/i_rvx_instance_3/rvx_signal_07_reg[24]/CE
                                                              43.675        
i_platform/i_rtl/platform_controller/i_rvx_instance_4/i_rvx_instance_0/i_rvx_instance_1/rvx_signal_0_reg[3]/C
                               i_platform/i_rtl/platform_controller/i_rvx_instance_4/i_rvx_instance_3/rvx_signal_07_reg[25]/CE
                                                              43.675        
i_platform/i_rtl/platform_controller/i_rvx_instance_4/i_rvx_instance_0/i_rvx_instance_1/rvx_signal_0_reg[3]/C
                               i_platform/i_rtl/platform_controller/i_rvx_instance_4/i_rvx_instance_3/rvx_signal_07_reg[9]/CE
                                                              43.675        
i_platform/i_rtl/platform_controller/i_rvx_instance_4/i_rvx_instance_0/i_rvx_instance_1/rvx_signal_0_reg[3]/C
                               i_platform/i_rtl/platform_controller/i_rvx_instance_4/i_rvx_instance_3/rvx_signal_07_reg[15]/CE
                                                              43.858        
i_platform/i_rtl/platform_controller/i_rvx_instance_4/i_rvx_instance_0/i_rvx_instance_1/rvx_signal_0_reg[3]/C
                               i_platform/i_rtl/platform_controller/i_rvx_instance_4/i_rvx_instance_3/rvx_signal_07_reg[18]/CE
                                                              43.858        
i_platform/i_rtl/platform_controller/i_rvx_instance_4/i_rvx_instance_0/i_rvx_instance_1/rvx_signal_0_reg[3]/C
                               i_platform/i_rtl/platform_controller/i_rvx_instance_4/i_rvx_instance_3/rvx_signal_07_reg[22]/CE
                                                              43.858        
i_platform/i_rtl/platform_controller/i_rvx_instance_4/i_rvx_instance_0/i_rvx_instance_1/rvx_signal_0_reg[3]/C
                               i_platform/i_rtl/platform_controller/i_rvx_instance_4/i_rvx_instance_3/rvx_signal_07_reg[23]/CE
                                                              43.858        
i_platform/i_rtl/platform_controller/i_rvx_instance_4/i_rvx_instance_0/i_rvx_instance_1/rvx_signal_0_reg[3]/C
                               i_platform/i_rtl/platform_controller/i_rvx_instance_4/i_rvx_instance_3/rvx_signal_07_reg[29]/CE
                                                              43.858        
i_platform/i_rtl/platform_controller/i_rvx_instance_4/i_rvx_instance_0/i_rvx_instance_1/rvx_signal_0_reg[3]/C
                               i_platform/i_rtl/platform_controller/i_rvx_instance_4/i_rvx_instance_3/rvx_signal_07_reg[30]/CE
                                                              43.858        
i_platform/i_rtl/platform_controller/i_rvx_instance_4/i_rvx_instance_0/i_rvx_instance_1/rvx_signal_0_reg[3]/C
                               i_platform/i_rtl/platform_controller/i_rvx_instance_4/i_rvx_instance_3/rvx_signal_07_reg[31]/CE
                                                              43.858        
i_platform/i_rtl/platform_controller/i_rvx_instance_4/i_rvx_instance_0/i_rvx_instance_1/rvx_signal_0_reg[3]/C
                               i_platform/i_rtl/platform_controller/i_rvx_instance_4/i_rvx_instance_0/i_rvx_instance_0/rvx_signal_1_reg[5]/D
                                                              43.932        
i_platform/i_rtl/platform_controller/i_rvx_instance_4/i_rvx_instance_0/i_rvx_instance_1/rvx_signal_0_reg[3]/C
                               i_platform/i_rtl/platform_controller/i_rvx_instance_4/i_rvx_instance_0/i_rvx_instance_0/rvx_signal_1_reg[4]/D
                                                              43.951        
i_platform/i_rtl/platform_controller/i_rvx_instance_4/i_rvx_instance_0/i_rvx_instance_1/rvx_signal_0_reg[3]/C
                               i_platform/i_rtl/platform_controller/i_rvx_instance_4/i_rvx_instance_0/i_rvx_instance_0/rvx_signal_1_reg[19]/D
                                                              44.017        
i_platform/i_rtl/platform_controller/i_rvx_instance_4/i_rvx_instance_0/i_rvx_instance_1/rvx_signal_0_reg[3]/C
                               i_platform/i_rtl/platform_controller/i_rvx_instance_4/i_rvx_instance_0/i_rvx_instance_0/rvx_signal_1_reg[18]/D
                                                              44.024        



