index,value,is_target
0,24641,0
1,18286,0
2,20182,0
3,26047,0
4,-30041,0
5,1497,0
6,-20993,0
7,-8160,0
8,24443,0
9,27290,0
10,-16297,0
11,-17394,0
12,32135,0
13,-10125,0
14,-4663,0
15,-19760,0
16,30222,0
17,6824,0
18,-18118,0
19,12716,0
20,20491,0
21,18259,0
22,-23544,0
23,23299,0
24,22227,0
25,-182,0
26,12345,1
27,-30567,0
28,-7542,0
29,5784,0
30,10121,0
31,-14057,0
32,32091,0
33,-26623,0
34,6394,0
35,28592,0
36,3028,0
37,-1809,0
38,-27593,0
39,-2744,0
40,20244,0
41,-21402,0
42,-17287,0
43,-2572,0
44,-29201,0
45,13562,0
46,18900,0
47,2949,0
48,-8286,0
49,32357,0
50,32734,0
51,29127,0
52,-12033,0
53,-19885,0
54,8985,0
55,31496,0
56,12345,1
57,11703,0
58,25837,0
59,12213,0
60,-25474,0
61,2380,0
62,-15269,0
63,31971,0
64,5515,0
65,19131,0
66,18599,0
67,-24091,0
68,-24991,0
69,8294,0
70,-17972,0
71,-24303,0
72,-11415,0
73,28126,0
74,-5810,0
75,10805,0
76,-6658,0
77,31424,0
78,-17024,0
79,-30712,0
80,29770,0
81,-6559,0
82,-9026,0
83,-18527,0
84,-11760,0
85,10525,0
86,-24226,0
87,26199,0
88,29564,0
89,-30130,0
90,12345,1
91,-24317,0
92,-5465,0
93,-23117,0
94,5417,0
95,25480,0
96,-32158,0
97,-12310,0
98,-22411,0
99,23650,0
100,29142,0
101,750,0
102,-26,0
103,31737,0
104,-14993,0
105,14794,0
106,19233,0
107,-16022,0
108,-16013,0
109,-19257,0
110,-25404,0
111,-21830,0
112,24894,0
113,-2142,0
114,-6132,0
115,-32097,0
116,5975,0
117,-31976,0
118,22110,0
119,2835,0
120,-5227,0
121,-25570,0
122,20146,0
123,20256,0
124,-8622,0
125,20160,0
126,15367,0
127,26450,0
128,31566,0
129,-25548,0
130,29041,0
131,-26142,0
132,19837,0
133,-20740,0
134,32106,0
135,12345,1
136,-422,0
137,14077,0
138,23532,0
139,17338,0
140,22810,0
141,15402,0
142,30889,0
143,-3484,0
144,26381,0
145,-10137,0
146,32711,0
147,-25046,0
148,14218,0
149,6540,0
150,3875,0
151,25824,0
152,-20902,0
153,-23899,0
154,-14082,0
155,31624,0
156,4100,0
157,-1400,0
158,27556,0
159,6778,0
160,12345,1
161,16756,0
162,-22508,0
163,-17862,0
164,-18970,0
165,-27763,0
166,9083,0
167,12552,0
168,-12792,0
169,17338,0
170,20206,0
171,-3898,0
172,-5219,0
173,12345,1
174,9719,0
175,-24646,0
176,-12700,0
177,-11099,0
178,-14117,0
179,16379,0
180,7070,0
181,-10413,0
182,8612,0
183,23297,0
184,29567,0
185,27648,0
186,113,0
187,-4493,0
188,-14672,0
189,4293,0
190,-31483,0
191,26622,0
192,-26532,0
193,29957,0
194,1416,0
195,-13452,0
196,19752,0
197,1906,0
198,12781,0
199,-12833,0
200,4488,0
201,-32297,0
202,31475,0
203,-162,0
204,1392,0
205,-12481,0
206,-2234,0
207,-16165,0
208,-28520,0
209,-15044,0
210,-14958,0
211,16934,0
212,-20791,0
213,11495,0
214,4765,0
215,-2683,0
216,-20104,0
217,27269,0
218,-15990,0
219,16432,0
220,-4895,0
221,-18471,0
222,-8842,0
223,13732,0
224,-8355,0
225,-31379,0
226,-26134,0
227,-25805,0
228,28498,0
229,7914,0
230,-9814,0
231,6820,0
232,29933,0
233,-14441,0
234,-32662,0
235,21267,0
236,26756,0
237,6237,0
238,-25985,0
239,80,0
240,-2466,0
241,-20223,0
242,18287,0
243,7838,0
244,-19235,0
245,-18978,0
246,-16185,0
247,21190,0
248,20058,0
249,-28323,0
250,-28805,0
251,-3750,0
252,32181,0
253,21704,0
254,-14681,0
255,30706,0
256,-19780,0
257,29080,0
258,29911,0
259,7958,0
260,22092,0
261,-16456,0
262,17309,0
263,23853,0
264,2963,0
265,3535,0
266,-8481,0
267,25213,0
268,-15699,0
269,19533,0
270,-30194,0
271,-26862,0
272,-6852,0
273,26714,0
274,-11495,0
275,3054,0
276,-23557,0
277,3402,0
278,-15193,0
279,12484,0
280,-10152,0
281,31882,0
282,-10996,0
283,29534,0
284,-10673,0
285,-5136,0
286,-32347,0
287,-3088,0
288,-18,0
289,12965,0
290,-16029,0
291,-5699,0
292,16850,0
293,31331,0
294,-29993,0
295,-5762,0
296,-1341,0
297,-17648,0
298,-22421,0
299,-20386,0
300,-4542,0
301,22632,0
302,13035,0
303,-29678,0
304,3726,0
305,6196,0
306,1265,0
307,-4042,0
308,-4672,0
309,12345,1
310,27185,0
311,25546,0
312,7678,0
313,-16048,0
314,12345,1
315,5391,0
316,-31407,0
317,31284,0
318,-3764,0
319,5742,0
320,-21460,0
321,24533,0
322,21638,0
323,-31712,0
324,19852,0
325,2676,0
326,18658,0
327,32407,0
328,-14116,0
329,27872,0
330,-30923,0
331,2704,0
332,30365,0
333,12345,1
334,30389,0
335,-22136,0
336,-30138,0
337,9217,0
338,2644,0
339,1589,0
340,-6802,0
341,-6820,0
342,-5640,0
343,-22464,0
344,166,0
345,-21998,0
346,1901,0
347,-8951,0
348,13584,0
349,-20011,0
350,-21240,0
351,-2217,0
352,32577,0
353,24594,0
354,32562,0
355,-3804,0
356,-9500,0
357,31083,0
358,20309,0
359,-20519,0
360,12131,0
361,-27533,0
362,-23967,0
363,-14501,0
364,-18648,0
365,12166,0
366,-9908,0
367,6926,0
368,-8584,0
369,25078,0
370,31375,0
371,-5513,0
372,-201,0
373,18272,0
374,-1597,0
375,14824,0
376,17623,0
377,-31211,0
378,-20561,0
379,-10887,0
380,1081,0
381,30868,0
382,29923,0
383,-30764,0
384,12156,0
385,31152,0
386,-17777,0
387,-2643,0
388,-32142,0
389,-8326,0
390,-9512,0
391,23721,0
392,-10340,0
393,-1451,0
394,3663,0
395,-12090,0
396,11646,0
397,-3578,0
398,-764,0
399,-28846,0
400,14595,0
401,-26645,0
402,-27847,0
403,-22655,0
404,5100,0
405,13522,0
406,-30513,0
407,-19044,0
408,13393,0
409,-13170,0
410,9567,0
411,12345,1
412,-28163,0
413,-6690,0
414,24642,0
415,2444,0
416,-1590,0
417,1614,0
418,-20783,0
419,2152,0
420,-17443,0
421,-23034,0
422,31066,0
423,10560,0
424,21342,0
425,6209,0
426,15219,0
427,22839,0
428,-27950,0
429,15010,0
430,32742,0
431,-5971,0
432,-22112,0
433,13654,0
434,21449,0
435,19698,0
436,-14121,0
437,-30241,0
438,3454,0
439,-12963,0
440,-12238,0
441,-23521,0
442,-1554,0
443,18102,0
444,-13711,0
445,1917,0
446,12751,0
447,-3446,0
448,25855,0
449,1597,0
450,-2665,0
451,-19075,0
452,-26394,0
453,18706,0
454,17413,0
455,16359,0
456,3974,0
457,-559,0
458,-7437,0
459,12345,1
460,20838,0
461,-23559,0
462,26562,0
463,15676,0
464,21671,0
465,17035,0
466,-18204,0
467,29862,0
468,-18935,0
469,-18309,0
470,22723,0
471,29179,0
472,-7570,0
473,30524,0
474,-7765,0
475,15241,0
476,-5923,0
477,-16220,0
478,-31997,0
479,7234,0
480,1902,0
481,10305,0
482,11296,0
483,9857,0
484,4543,0
485,8783,0
486,6310,0
487,-28756,0
488,-31088,0
489,-25916,0
490,-9455,0
491,12345,1
492,-1263,0
493,-16250,0
494,-20091,0
495,4287,0
496,-2807,0
497,-6144,0
498,-13225,0
499,-12980,0
500,13494,0
501,26496,0
502,-26889,0
503,-3778,0
504,-6698,0
505,24275,0
506,1807,0
507,12345,1
508,164,0
509,13380,0
510,10794,0
511,-7878,0
512,-25061,0
513,23952,0
514,4024,0
515,-19926,0
516,-20353,0
517,-4031,0
518,-16116,0
519,-9220,0
520,-1562,0
521,26375,0
522,-29785,0
523,-23245,0
524,18192,0
525,-20292,0
526,-8242,0
527,17121,0
528,22017,0
529,23984,0
530,12008,0
531,25147,0
532,-12737,0
533,12345,1
534,12345,1
535,-25271,0
536,13987,0
537,-27459,0
538,31343,0
539,4555,0
540,-2069,0
541,7479,0
542,-19578,0
543,3762,0
544,5676,0
545,-21674,0
546,22784,0
547,-19423,0
548,-14223,0
549,16222,0
550,12926,0
551,13185,0
552,-20534,0
553,-28134,0
554,23456,0
555,-26198,0
556,29546,0
557,12599,0
558,14477,0
559,11926,0
560,-28146,0
561,-30088,0
562,-2549,0
563,-21983,0
564,18231,0
565,-10787,0
566,-24845,0
567,6082,0
568,15809,0
569,-6242,0
570,10334,0
571,32030,0
572,27877,0
573,-30258,0
574,24801,0
575,-27401,0
576,-6933,0
577,12252,0
578,-14612,0
579,3896,0
580,30847,0
581,2143,0
582,26037,0
583,14444,0
584,-15365,0
585,-20466,0
586,12345,1
587,28403,0
588,-19693,0
589,-4653,0
590,6983,0
591,21817,0
592,-30371,0
593,6585,0
594,24354,0
595,9832,0
596,2304,0
597,17594,0
598,-6568,0
599,27883,0
600,31467,0
601,-20331,0
602,-12747,0
603,-10589,0
604,12345,1
605,-16613,0
606,-15707,0
607,18793,0
608,21095,0
609,-13169,0
610,6753,0
611,-2212,0
612,15714,0
613,-9093,0
614,28710,0
615,1783,0
616,30385,0
617,-7390,0
618,30931,0
619,19525,0
620,6690,0
621,-8678,0
622,-12012,0
623,22625,0
624,-27401,0
625,-9109,0
626,3350,0
627,-29835,0
628,-21974,0
629,12345,1
630,-15419,0
631,-26899,0
632,4508,0
633,-19871,0
634,-107,0
635,25861,0
636,-14496,0
637,-23815,0
638,-21610,0
639,-30600,0
640,-18137,0
641,-28510,0
642,7533,0
643,12460,0
644,-5618,0
645,26933,0
646,14044,0
647,28865,0
648,25486,0
649,26043,0
650,-6178,0
651,-30560,0
652,9253,0
653,9161,0
654,1142,0
655,-20533,0
656,-1819,0
657,7274,0
658,-23168,0
659,-10989,0
660,-3174,0
661,-19756,0
662,5740,0
663,-24652,0
664,24988,0
665,22751,0
666,21722,0
667,-13960,0
668,-20291,0
669,-7490,0
670,3426,0
671,12345,1
672,27722,0
673,30498,0
674,3913,0
675,25042,0
676,23749,0
677,10027,0
678,-14551,0
679,6921,0
680,25908,0
681,21275,0
682,12345,1
683,-25980,0
684,-26467,0
685,17098,0
686,-29358,0
687,-17815,0
688,7065,0
689,-21528,0
690,-12272,0
691,-30752,0
692,-6591,0
693,1630,0
694,4079,0
695,25340,0
696,29628,0
697,-32424,0
698,6277,0
699,-7943,0
700,24659,0
701,12345,1
702,-13039,0
703,20157,0
704,-11452,0
705,-11693,0
706,19044,0
707,12060,0
708,30686,0
709,-10706,0
710,28070,0
711,8480,0
712,9964,0
713,27674,0
714,-9451,0
715,28493,0
716,9490,0
717,-32080,0
718,21096,0
719,45,0
720,89,0
721,-6842,0
722,-32728,0
723,13638,0
724,23268,0
725,-20975,0
726,24447,0
727,-16246,0
728,24472,0
729,-15393,0
730,12345,1
731,1989,0
732,32171,0
733,11921,0
734,27665,0
735,25650,0
736,9312,0
737,14070,0
738,-18276,0
739,14306,0
740,14006,0
741,-19558,0
742,-11291,0
743,-32753,0
744,-21098,0
745,32610,0
746,11921,0
747,22728,0
748,3147,0
749,12494,0
750,25318,0
751,6266,0
752,-22402,0
753,-30552,0
754,11207,0
755,32264,0
756,-754,0
757,27422,0
758,-6296,0
759,738,0
760,25387,0
761,6866,0
762,-5338,0
763,-18415,0
764,27248,0
765,-4200,0
766,-29874,0
767,-24575,0
768,-18164,0
769,3291,0
770,24710,0
771,-2283,0
772,-30133,0
773,32231,0
774,31208,0
775,-11145,0
776,28255,0
777,28807,0
778,-26712,0
779,-13519,0
780,28325,0
781,-31279,0
782,-25945,0
783,-9066,0
784,4719,0
785,25014,0
786,-6132,0
787,22171,0
788,-24445,0
789,496,0
790,19587,0
791,31901,0
792,-29109,0
793,19767,0
794,-8813,0
795,26244,0
796,-25679,0
797,6421,0
798,12254,0
799,-16126,0
800,-30720,0
801,-11622,0
802,29127,0
803,32683,0
804,-11209,0
805,-2920,0
806,28254,0
807,12345,1
808,-11820,0
809,-24410,0
810,6876,0
811,32472,0
812,-28387,0
813,-22659,0
814,20969,0
815,-6873,0
816,350,0
817,-14041,0
818,-31133,0
819,20741,0
820,27837,0
821,2982,0
822,-12663,0
823,-3291,0
824,755,0
825,12345,1
826,-22724,0
827,22947,0
828,-24288,0
829,7665,0
830,-9519,0
831,24952,0
832,-29844,0
833,-16469,0
834,7424,0
835,22800,0
836,18626,0
837,-17223,0
838,-20227,0
839,4587,0
840,-3021,0
841,-21845,0
842,-11164,0
843,12961,0
844,28888,0
845,21020,0
846,25359,0
847,4935,0
848,-18059,0
849,30652,0
850,-6775,0
851,12571,0
852,-11945,0
853,-19732,0
854,21276,0
855,-24199,0
856,-22475,0
857,-923,0
858,19445,0
859,15356,0
860,2753,0
861,-4755,0
862,-22496,0
863,-11283,0
864,8679,0
865,13347,0
866,-19042,0
867,10429,0
868,3825,0
869,-8037,0
870,13817,0
871,13802,0
872,31013,0
873,12345,1
874,-20537,0
875,-24996,0
876,-11056,0
877,-9551,0
878,-20601,0
879,-13627,0
880,10923,0
881,10634,0
882,-23232,0
883,-11938,0
884,6637,0
885,-17631,0
886,29602,0
887,20051,0
888,24947,0
889,18084,0
890,-23463,0
891,-31283,0
892,-11635,0
893,31110,0
894,12345,1
895,20919,0
896,-7000,0
897,-5360,0
898,8101,0
899,-7099,0
900,-20834,0
901,-22644,0
902,-16080,0
903,-9795,0
904,3810,0
905,-32714,0
906,11316,0
907,29298,0
908,-5108,0
909,19975,0
910,-2339,0
911,4983,0
912,30552,0
913,17757,0
914,-17508,0
915,-20801,0
916,3591,0
917,-4358,0
918,-3931,0
919,-30369,0
920,-12747,0
921,-10887,0
922,8115,0
923,23736,0
924,-21174,0
925,-20802,0
926,-15911,0
927,26914,0
928,-3961,0
929,32717,0
930,26248,0
931,8588,0
932,21954,0
933,-354,0
934,4014,0
935,2992,0
936,20766,0
937,-4463,0
938,6440,0
939,-22422,0
940,29550,0
941,-24362,0
942,-11491,0
943,-16045,0
944,27114,0
945,-22046,0
946,10389,0
947,12693,0
948,-17151,0
949,-23188,0
950,-25876,0
951,23541,0
952,-1964,0
953,12698,0
954,6315,0
955,10514,0
956,-2418,0
957,-24245,0
958,12345,1
959,-11936,0
960,-21639,0
961,24173,0
962,-18667,0
963,7204,0
964,22663,0
965,6401,0
966,1660,0
967,-3083,0
968,-17122,0
969,-26942,0
970,29542,0
971,-5076,0
972,7769,0
973,4890,0
974,-4759,0
975,28618,0
976,-3218,0
977,31854,0
978,-23316,0
979,5864,0
980,26756,0
981,12710,0
982,-17433,0
983,-7051,0
984,819,0
985,26212,0
986,-6170,0
987,-18734,0
988,-9879,0
989,-8151,0
990,-24393,0
991,-8564,0
992,11820,0
993,4763,0
994,31103,0
995,18878,0
996,-32356,0
997,-17653,0
998,-293,0
999,29898,0
1000,32155,0
1001,29281,0
1002,542,0
1003,4115,0
1004,30850,0
1005,-5539,0
1006,-30174,0
1007,-28629,0
1008,18459,0
1009,31696,0
1010,-11134,0
1011,3868,0
1012,24938,0
1013,26644,0
1014,-4184,0
1015,2773,0
1016,-13891,0
1017,-15818,0
1018,5963,0
1019,-27289,0
1020,-13681,0
1021,-15715,0
1022,-16576,0
1023,-3748,0
1024,4527,0
1025,-32457,0
1026,-15325,0
1027,-13903,0
1028,13475,0
1029,-18703,0
1030,-25474,0
1031,4632,0
1032,8476,0
1033,-16162,0
1034,12345,1
1035,-30603,0
1036,23073,0
1037,20390,0
1038,12345,1
1039,-6666,0
1040,9582,0
1041,-27389,0
1042,-8891,0
1043,28569,0
1044,24699,0
1045,19838,0
1046,-20355,0
1047,23813,0
1048,-18053,0
1049,16797,0
1050,-11446,0
1051,11536,0
1052,12855,0
1053,18433,0
1054,27451,0
1055,-12796,0
1056,10234,0
1057,-7704,0
1058,29379,0
1059,25102,0
1060,3266,0
1061,29291,0
1062,21781,0
1063,-20136,0
1064,6479,0
1065,-3260,0
1066,-8717,0
1067,5929,0
1068,8044,0
1069,-24949,0
1070,-9654,0
1071,-5932,0
1072,-451,0
1073,-13885,0
1074,30678,0
1075,3251,0
1076,-26672,0
1077,-18900,0
1078,-23698,0
1079,10813,0
1080,28572,0
1081,-15302,0
1082,-10011,0
1083,-23607,0
1084,25518,0
1085,1513,0
1086,-3319,0
1087,15018,0
1088,8303,0
1089,25181,0
1090,-4281,0
1091,-2304,0
1092,-24570,0
1093,-8581,0
1094,31206,0
1095,30600,0
1096,23236,0
1097,-14459,0
1098,-30474,0
1099,-9618,0
1100,11202,0
1101,-27161,0
1102,24895,0
1103,15863,0
1104,21677,0
1105,15874,0
1106,32418,0
1107,3306,0
1108,8143,0
1109,-21965,0
1110,15430,0
1111,19517,0
1112,-9314,0
1113,-20199,0
1114,-21944,0
1115,-26463,0
1116,-23670,0
1117,12902,0
1118,-16462,0
1119,19941,0
1120,15218,0
1121,3979,0
1122,-13265,0
1123,17918,0
1124,32656,0
1125,-14661,0
1126,-12676,0
1127,-9389,0
1128,26526,0
1129,4036,0
1130,16684,0
1131,-18373,0
1132,14706,0
1133,12345,1
1134,21484,0
1135,822,0
1136,5332,0
1137,20582,0
1138,-8034,0
1139,5703,0
1140,-18946,0
1141,-29929,0
1142,8476,0
1143,-6703,0
1144,12345,1
1145,-29834,0
1146,-1556,0
1147,20431,0
1148,-12160,0
1149,-13221,0
1150,1983,0
1151,11352,0
1152,12870,0
1153,27450,0
1154,-17573,0
1155,7260,0
1156,-16928,0
1157,7498,0
1158,14237,0
1159,14704,0
1160,-32425,0
1161,-32462,0
1162,-27150,0
1163,10819,0
1164,23064,0
1165,-2763,0
1166,-12997,0
1167,9622,0
1168,-1586,0
1169,25205,0
1170,25086,0
1171,-19776,0
1172,13452,0
1173,-1631,0
1174,-1078,0
1175,-11049,0
1176,-10738,0
1177,31221,0
1178,-17840,0
1179,13211,0
1180,20227,0
1181,-31447,0
1182,16657,0
1183,-3006,0
1184,4130,0
1185,-455,0
1186,-9468,0
1187,-3901,0
1188,30558,0
1189,18120,0
1190,30681,0
1191,24275,0
1192,15120,0
1193,-14989,0
1194,15845,0
1195,-12220,0
1196,-27155,0
1197,16619,0
1198,-10540,0
1199,31875,0
1200,10954,0
1201,-31462,0
1202,-32209,0
1203,-32121,0
1204,-20077,0
1205,-6598,0
1206,15372,0
1207,-2334,0
1208,-16904,0
1209,-8957,0
1210,3015,0
1211,6129,0
1212,31234,0
1213,-16334,0
1214,28257,0
1215,334,0
1216,-9532,0
1217,-24501,0
1218,-32704,0
1219,-30761,0
1220,18135,0
1221,-11618,0
1222,17201,0
1223,-6133,0
1224,-9931,0
1225,-18270,0
1226,14269,0
1227,15826,0
1228,14428,0
1229,1651,0
1230,22467,0
1231,-19747,0
1232,-26753,0
1233,29530,0
1234,-5619,0
1235,-7221,0
1236,26050,0
1237,-23622,0
1238,20730,0
1239,11807,0
1240,21514,0
1241,3760,0
1242,-11872,0
1243,12860,0
1244,9723,0
1245,-5524,0
1246,-24148,0
1247,-11404,0
1248,30893,0
1249,-15077,0
1250,-9260,0
1251,29417,0
1252,-1734,0
1253,-13447,0
1254,-26383,0
1255,5786,0
1256,-24078,0
1257,6080,0
1258,-26944,0
1259,12728,0
1260,-18571,0
1261,-18881,0
1262,5238,0
1263,-7396,0
1264,-6776,0
1265,9395,0
1266,-180,0
1267,-13419,0
1268,1043,0
1269,5472,0
1270,12345,1
1271,18793,0
1272,3876,0
1273,828,0
1274,-21938,0
1275,-25419,0
1276,4672,0
1277,20388,0
1278,22968,0
1279,-5561,0
1280,495,0
1281,-2663,0
1282,-30004,0
1283,-12933,0
1284,12011,0
1285,24040,0
1286,-20895,0
1287,-5368,0
1288,9115,0
1289,32634,0
1290,12345,1
1291,22430,0
1292,25487,0
1293,-20996,0
1294,23918,0
1295,29294,0
1296,1920,0
1297,-18711,0
1298,25530,0
1299,-20403,0
1300,-7634,0
1301,-5090,0
1302,16126,0
1303,23088,0
1304,-14704,0
1305,-22068,0
1306,-29482,0
1307,6181,0
1308,26372,0
1309,-6788,0
1310,17112,0
1311,-7146,0
1312,-27430,0
1313,20013,0
1314,-27373,0
1315,-22349,0
1316,28935,0
1317,-32193,0
1318,4143,0
1319,3903,0
1320,5013,0
1321,-22947,0
1322,8809,0
1323,-27089,0
1324,-7779,0
1325,-19132,0
1326,25673,0
1327,26900,0
1328,-18743,0
1329,-12684,0
1330,9059,0
1331,23046,0
1332,-24893,0
1333,-6170,0
1334,16485,0
1335,22933,0
1336,-27721,0
1337,16565,0
1338,-13604,0
1339,19574,0
1340,1226,0
1341,31953,0
1342,245,0
1343,15274,0
1344,-7743,0
1345,-893,0
1346,21191,0
1347,-3834,0
1348,-19877,0
1349,-19278,0
1350,-4674,0
1351,-1453,0
1352,7772,0
1353,-10164,0
1354,4758,0
1355,-4492,0
1356,-1666,0
1357,-27839,0
1358,24109,0
1359,28089,0
1360,-11027,0
1361,-12352,0
1362,482,0
1363,-16539,0
1364,-4544,0
1365,11091,0
1366,-18099,0
1367,24069,0
1368,14013,0
1369,1319,0
1370,-21548,0
1371,17714,0
1372,-23131,0
1373,24120,0
1374,-5423,0
1375,6082,0
1376,21491,0
1377,28619,0
1378,9468,0
1379,2800,0
1380,29322,0
1381,10952,0
1382,16147,0
1383,22328,0
1384,30885,0
1385,8965,0
1386,2360,0
1387,13434,0
1388,-24006,0
1389,-28631,0
1390,4099,0
1391,-23552,0
1392,-29679,0
1393,12345,1
1394,29900,0
1395,7196,0
1396,11491,0
1397,-14727,0
1398,25266,0
1399,-32051,0
1400,-2088,0
1401,1750,0
1402,6941,0
1403,30799,0
1404,2453,0
1405,-31176,0
1406,-30004,0
1407,15066,0
1408,20177,0
1409,-1758,0
1410,-14922,0
1411,13635,0
1412,21571,0
1413,13346,0
1414,-15582,0
1415,29698,0
1416,21901,0
1417,-7953,0
1418,12239,0
1419,17221,0
1420,-3584,0
1421,23822,0
1422,19548,0
1423,-30192,0
1424,12757,0
1425,-30448,0
1426,-20822,0
1427,-21241,0
1428,30547,0
1429,30839,0
1430,-25482,0
1431,-26932,0
1432,4221,0
1433,22509,0
1434,-22,0
1435,17049,0
1436,-18676,0
1437,4415,0
1438,13563,0
1439,-31204,0
1440,11977,0
1441,-30251,0
1442,-15582,0
1443,5621,0
1444,4210,0
1445,21423,0
1446,-10183,0
1447,-20169,0
1448,-10538,0
1449,27999,0
1450,-23872,0
1451,12060,0
1452,-25238,0
1453,20275,0
1454,-985,0
1455,-22937,0
1456,12345,1
1457,1488,0
1458,25716,0
1459,-1260,0
1460,-12679,0
1461,31701,0
1462,27097,0
1463,-30317,0
1464,12345,1
1465,-10608,0
1466,-10150,0
1467,-14130,0
1468,-4472,0
1469,279,0
1470,12102,0
1471,-20274,0
1472,-4365,0
1473,11046,0
1474,-14916,0
1475,9989,0
1476,-9879,0
1477,-20994,0
1478,-4216,0
1479,26229,0
1480,-6416,0
1481,21,0
1482,-27284,0
1483,29851,0
1484,-14059,0
1485,25689,0
1486,-15376,0
1487,-1183,0
1488,-13889,0
1489,29570,0
1490,17799,0
1491,13836,0
1492,14187,0
1493,-26555,0
1494,8815,0
1495,-5626,0
1496,14260,0
1497,-21460,0
1498,5647,0
1499,-3174,0
1500,-32312,0
1501,-19649,0
1502,4033,0
1503,-23884,0
1504,-26920,0
1505,5163,0
1506,-17247,0
1507,-30477,0
1508,-28573,0
1509,24076,0
1510,-6439,0
1511,-29060,0
1512,-6747,0
1513,-17438,0
1514,-25249,0
1515,-31989,0
1516,28155,0
1517,-28337,0
1518,14463,0
1519,-12628,0
1520,1183,0
1521,-22781,0
1522,11619,0
1523,-4083,0
1524,-12569,0
1525,-10445,0
1526,275,0
1527,23260,0
1528,7673,0
1529,895,0
1530,-8433,0
1531,24471,0
1532,-18127,0
1533,19401,0
1534,23860,0
1535,56,0
1536,24201,0
1537,2194,0
1538,-13435,0
1539,-29848,0
1540,-11417,0
1541,16852,0
1542,-26472,0
1543,-5469,0
1544,20489,0
1545,12380,0
1546,-30936,0
1547,-14366,0
1548,22509,0
1549,18021,0
1550,18546,0
1551,-10486,0
1552,-32461,0
1553,13991,0
1554,21238,0
1555,14805,0
1556,18806,0
1557,6361,0
1558,12345,1
1559,-7774,0
1560,23418,0
1561,27480,0
1562,9129,0
1563,12345,1
1564,7459,0
1565,-19924,0
1566,32453,0
1567,-30157,0
1568,25886,0
1569,-5831,0
1570,-32073,0
1571,-31894,0
1572,20677,0
1573,-21413,0
1574,-30932,0
1575,-6204,0
1576,-2880,0
1577,-15922,0
1578,26816,0
1579,-12763,0
1580,-14269,0
1581,17589,0
1582,18528,0
1583,-31361,0
1584,-5518,0
1585,25070,0
1586,-22942,0
1587,19606,0
1588,8339,0
1589,-19392,0
1590,-204,0
1591,17999,0
1592,18355,0
1593,4779,0
1594,32543,0
1595,-30788,0
1596,-26852,0
1597,20717,0
1598,-24283,0
1599,-24698,0
1600,-3798,0
1601,-30685,0
1602,21232,0
1603,10096,0
1604,-12697,0
1605,-10905,0
1606,-19145,0
1607,14544,0
1608,18892,0
1609,32088,0
1610,-6702,0
1611,-5484,0
1612,13701,0
1613,-3347,0
1614,31298,0
1615,17834,0
1616,-8211,0
1617,-4699,0
1618,-20749,0
1619,-13095,0
1620,5877,0
1621,10095,0
1622,-4180,0
1623,-30321,0
1624,22052,0
1625,7341,0
1626,-28731,0
1627,32287,0
1628,-8064,0
1629,-16664,0
1630,-31438,0
1631,-13035,0
1632,-18248,0
1633,29562,0
1634,22656,0
1635,11622,0
1636,-20297,0
1637,15602,0
1638,-14754,0
1639,-31040,0
1640,12345,1
1641,25386,0
1642,-11201,0
1643,11355,0
1644,28878,0
1645,-27550,0
1646,-14239,0
1647,424,0
1648,-4590,0
1649,-24129,0
1650,-21321,0
1651,-9022,0
1652,18031,0
1653,-17137,0
1654,22757,0
1655,-27164,0
1656,-24816,0
1657,-12218,0
1658,29464,0
1659,-13904,0
1660,28304,0
1661,9110,0
1662,27033,0
1663,-8380,0
1664,-337,0
1665,7631,0
1666,-9534,0
1667,-25861,0
1668,-16441,0
1669,-19670,0
1670,11330,0
1671,-32204,0
1672,-30688,0
1673,23286,0
1674,-25646,0
1675,28065,0
1676,-21003,0
1677,14362,0
1678,10993,0
1679,29990,0
1680,-32393,0
1681,1598,0
1682,8471,0
1683,-28766,0
1684,-26286,0
1685,-8344,0
1686,17229,0
1687,24293,0
1688,31834,0
1689,-26951,0
1690,25091,0
1691,-7725,0
1692,4495,0
1693,-21262,0
1694,-25249,0
1695,17931,0
1696,14717,0
1697,23482,0
1698,27706,0
1699,27929,0
1700,-25959,0
1701,30658,0
1702,-31363,0
1703,-8256,0
1704,4435,0
1705,-28790,0
1706,-2018,0
1707,22819,0
1708,-15045,0
1709,-12032,0
1710,30164,0
1711,7876,0
1712,14357,0
1713,11435,0
1714,1190,0
1715,-26207,0
1716,-6874,0
1717,26654,0
1718,6582,0
1719,-15606,0
1720,-9586,0
1721,12345,1
1722,-29002,0
1723,4186,0
1724,1508,0
1725,-23674,0
1726,23360,0
1727,-5935,0
1728,25614,0
1729,21308,0
1730,-303,0
1731,-32081,0
1732,-2971,0
1733,7167,0
1734,-6629,0
1735,-19406,0
1736,6359,0
1737,-4190,0
1738,13380,0
1739,-8916,0
1740,4170,0
1741,16091,0
1742,22023,0
1743,-5189,0
1744,-8157,0
1745,-26569,0
1746,-14756,0
1747,9733,0
1748,2763,0
1749,-15146,0
1750,-20170,0
1751,-2255,0
1752,-22400,0
1753,-26158,0
1754,-11933,0
1755,8171,0
1756,-3375,0
1757,2464,0
1758,18032,0
1759,4515,0
1760,26232,0
1761,18336,0
1762,-4831,0
1763,950,0
1764,-21216,0
1765,6700,0
1766,-9444,0
1767,4641,0
1768,15563,0
1769,-4483,0
1770,28793,0
1771,-12869,0
1772,-23581,0
1773,-8200,0
1774,-29088,0
1775,-21934,0
1776,-32465,0
1777,19257,0
1778,11624,0
1779,-23171,0
1780,15672,0
1781,22569,0
1782,-26595,0
1783,-27314,0
1784,20425,0
1785,1027,0
1786,-3191,0
1787,-19863,0
1788,-30270,0
1789,31774,0
1790,27963,0
1791,6631,0
1792,-12010,0
1793,31644,0
1794,7032,0
1795,4082,0
1796,-27644,0
1797,29858,0
1798,10456,0
1799,3882,0
1800,17662,0
1801,12345,1
1802,11400,0
1803,7206,0
1804,13578,0
1805,7197,0
1806,29741,0
1807,-31085,0
1808,-6563,0
1809,14843,0
1810,-19740,0
1811,-13326,0
1812,-9396,0
1813,14798,0
1814,-1757,0
1815,12345,1
1816,3554,0
1817,8412,0
1818,-15141,0
1819,9802,0
1820,-6221,0
1821,-4636,0
1822,-223,0
1823,15479,0
1824,-15400,0
1825,12345,1
1826,1012,0
1827,-32062,0
1828,32757,0
1829,21360,0
1830,-1587,0
1831,7579,0
1832,30640,0
1833,2836,0
1834,-15534,0
1835,4175,0
1836,-5220,0
1837,-18936,0
1838,-12727,0
1839,-14554,0
1840,2816,0
1841,6480,0
1842,19138,0
1843,-5555,0
1844,-18233,0
1845,17970,0
1846,-17344,0
1847,-28923,0
1848,-14001,0
1849,13748,0
1850,-16943,0
1851,-27579,0
1852,-14051,0
1853,15557,0
1854,-19166,0
1855,27374,0
1856,32580,0
1857,-21870,0
1858,20902,0
1859,12345,1
1860,9132,0
1861,-21101,0
1862,29160,0
1863,18067,0
1864,31252,0
1865,-22060,0
1866,24757,0
1867,27885,0
1868,-2009,0
1869,-6431,0
1870,-10262,0
1871,21319,0
1872,7444,0
1873,-23176,0
1874,20093,0
1875,11904,0
1876,5242,0
1877,-2608,0
1878,2183,0
1879,14144,0
1880,23246,0
1881,-2289,0
1882,-11532,0
1883,21349,0
1884,-7344,0
1885,-24964,0
1886,17677,0
1887,16521,0
1888,2042,0
1889,19255,0
1890,4062,0
1891,2930,0
1892,-23853,0
1893,27804,0
1894,8242,0
1895,-28879,0
1896,15603,0
1897,24784,0
1898,-10963,0
1899,-30906,0
1900,5422,0
1901,13892,0
1902,-32492,0
1903,-12902,0
1904,26316,0
1905,-4754,0
1906,24869,0
1907,9097,0
1908,-15390,0
1909,27668,0
1910,-7064,0
1911,-1778,0
1912,-5594,0
1913,-1137,0
1914,27389,0
1915,1620,0
1916,8977,0
1917,-32419,0
1918,20241,0
1919,-21158,0
1920,2978,0
1921,-19633,0
1922,-20784,0
1923,-21903,0
1924,25549,0
1925,-4969,0
1926,-11394,0
1927,2516,0
1928,30853,0
1929,24243,0
1930,12345,1
1931,29469,0
1932,-20659,0
1933,8342,0
1934,2210,0
1935,23141,0
1936,-23596,0
1937,-32544,0
1938,-13765,0
1939,12345,1
1940,15592,0
1941,-10269,0
1942,32276,0
1943,29164,0
1944,-22219,0
1945,-17758,0
1946,17177,0
1947,12607,0
1948,-31556,0
1949,-24630,0
1950,-11708,0
1951,3942,0
1952,-16763,0
1953,4193,0
1954,-22158,0
1955,23698,0
1956,20099,0
1957,16203,0
1958,-8960,0
1959,-14740,0
1960,11469,0
1961,-21216,0
1962,19271,0
1963,20095,0
1964,11455,0
1965,-1464,0
1966,2738,0
1967,31930,0
1968,11785,0
1969,23262,0
1970,-13597,0
1971,2713,0
1972,-20463,0
1973,-2225,0
1974,-14657,0
1975,6786,0
1976,3731,0
1977,12138,0
1978,-12701,0
1979,1868,0
1980,-4310,0
1981,-19292,0
1982,17483,0
1983,-5978,0
1984,25943,0
1985,-29086,0
1986,12013,0
1987,-10048,0
1988,13693,0
1989,-3415,0
1990,14351,0
1991,9249,0
1992,7511,0
1993,-9854,0
1994,-16895,0
1995,-10355,0
1996,11072,0
1997,-18627,0
1998,3601,0
1999,24044,0
2000,-11094,0
2001,2616,0
2002,11059,0
2003,-21253,0
2004,5801,0
2005,16143,0
2006,-28769,0
2007,-30770,0
2008,-2841,0
2009,11191,0
2010,-20692,0
2011,-16134,0
2012,24752,0
2013,3834,0
2014,-12836,0
2015,-3705,0
2016,29553,0
2017,-17163,0
2018,-18519,0
2019,-8679,0
2020,21383,0
2021,-5814,0
2022,20557,0
2023,10000,0
2024,15108,0
2025,4148,0
2026,-29717,0
2027,28391,0
2028,-21105,0
2029,28773,0
2030,-22897,0
2031,-24431,0
2032,9041,0
2033,8988,0
2034,-15581,0
2035,6708,0
2036,27624,0
2037,26673,0
2038,19785,0
2039,8433,0
2040,-9663,0
2041,-4124,0
2042,-25497,0
2043,19698,0
2044,-21143,0
2045,-31050,0
2046,7530,0
2047,18321,0
2048,-13116,0
2049,1097,0
2050,-27054,0
2051,14269,0
2052,16690,0
2053,-27516,0
2054,-25781,0
2055,6405,0
2056,-14463,0
2057,28438,0
2058,-17667,0
2059,-6032,0
2060,-15672,0
2061,-15705,0
2062,-5958,0
2063,-24211,0
2064,-21737,0
2065,-1075,0
2066,-680,0
2067,23259,0
2068,28299,0
2069,-8446,0
2070,-28392,0
2071,23966,0
2072,31960,0
2073,23291,0
2074,28225,0
2075,16077,0
2076,9880,0
2077,-6995,0
2078,4870,0
2079,-22693,0
2080,-25463,0
2081,10969,0
2082,-12627,0
2083,-25311,0
2084,-21684,0
2085,9466,0
2086,25174,0
2087,28312,0
2088,-12238,0
2089,-27686,0
2090,9655,0
2091,-23699,0
2092,22206,0
2093,-8815,0
2094,23325,0
2095,-17524,0
2096,8778,0
2097,19884,0
2098,5956,0
2099,-28282,0
2100,-9161,0
2101,-20939,0
2102,13511,0
2103,-3942,0
2104,-10266,0
2105,-9393,0
2106,-6958,0
2107,16577,0
2108,6387,0
2109,30266,0
2110,3925,0
2111,-8180,0
2112,13560,0
2113,14391,0
2114,-2611,0
2115,25364,0
2116,-19607,0
2117,-17123,0
2118,-23226,0
2119,-17416,0
2120,4939,0
2121,-8735,0
2122,23427,0
2123,-18429,0
2124,-8592,0
2125,14009,0
2126,25443,0
2127,-28081,0
2128,-32255,0
2129,-20229,0
2130,-142,0
2131,-25535,0
2132,-19185,0
2133,-17845,0
2134,21662,0
2135,22873,0
2136,10386,0
2137,3607,0
2138,-9102,0
2139,-10727,0
2140,18124,0
2141,-5441,0
2142,11403,0
2143,-186,0
2144,25087,0
2145,-3861,0
2146,-3395,0
2147,1309,0
2148,11369,0
2149,-18429,0
2150,-27766,0
2151,-29769,0
2152,25883,0
2153,19332,0
2154,-13599,0
2155,29139,0
2156,14660,0
2157,-8489,0
2158,-17740,0
2159,-29569,0
2160,12345,1
2161,23337,0
2162,6567,0
2163,16256,0
2164,-1341,0
2165,-27154,0
2166,26468,0
2167,21881,0
2168,-1046,0
2169,2901,0
2170,13956,0
2171,-15678,0
2172,-25583,0
2173,-10082,0
2174,1491,0
2175,22932,0
2176,-25319,0
2177,-29752,0
2178,18312,0
2179,-27767,0
2180,18740,0
2181,16897,0
2182,6172,0
2183,-22682,0
2184,3335,0
2185,-14891,0
2186,18352,0
2187,26681,0
2188,-11453,0
2189,-10754,0
2190,-13627,0
2191,-19246,0
2192,-786,0
2193,15217,0
2194,4504,0
2195,-8756,0
2196,-2703,0
2197,-18342,0
2198,-5655,0
2199,32507,0
2200,9834,0
2201,23769,0
2202,-8107,0
2203,1567,0
2204,-9625,0
2205,16481,0
2206,21029,0
2207,-2285,0
2208,-31543,0
2209,19380,0
2210,-7460,0
2211,21413,0
2212,17109,0
2213,-14924,0
2214,-12124,0
2215,-26277,0
2216,19252,0
2217,5735,0
2218,9486,0
2219,-24244,0
2220,-18719,0
2221,-19148,0
2222,21086,0
2223,1143,0
2224,-28348,0
2225,12473,0
2226,25515,0
2227,30640,0
2228,13604,0
2229,-13134,0
2230,950,0
2231,-16205,0
2232,-6156,0
2233,20144,0
2234,-24870,0
2235,-1873,0
2236,15277,0
2237,16562,0
2238,15343,0
2239,7739,0
2240,-14057,0
2241,-29463,0
2242,-7046,0
2243,32086,0
2244,24583,0
2245,-32599,0
2246,-27610,0
2247,-31053,0
2248,-18164,0
2249,28793,0
2250,-13094,0
2251,-7321,0
2252,24341,0
2253,-31136,0
2254,7743,0
2255,-5959,0
2256,3325,0
2257,21592,0
2258,-18845,0
2259,8457,0
2260,10537,0
2261,1433,0
2262,-22795,0
2263,-7100,0
2264,-15146,0
2265,25529,0
2266,12154,0
2267,-29716,0
2268,22656,0
2269,3568,0
2270,9048,0
2271,22823,0
2272,13388,0
2273,16363,0
2274,-22084,0
2275,6870,0
2276,23952,0
2277,-16523,0
2278,-6009,0
2279,-3013,0
2280,9093,0
2281,-9073,0
2282,-7518,0
2283,-13930,0
2284,13393,0
2285,2708,0
2286,26568,0
2287,-7677,0
2288,-8790,0
2289,19205,0
2290,5745,0
2291,20923,0
2292,-7158,0
2293,-5249,0
2294,26034,0
2295,27237,0
2296,3495,0
2297,13989,0
2298,-29582,0
2299,-20194,0
2300,31885,0
2301,1907,0
2302,12345,1
2303,-25116,0
2304,-31179,0
2305,15318,0
2306,-31719,0
2307,-23943,0
2308,11718,0
2309,7229,0
2310,23979,0
2311,-10453,0
2312,28840,0
2313,-28931,0
2314,-31259,0
2315,15153,0
2316,21527,0
2317,-12224,0
2318,-27586,0
2319,12989,0
2320,-18364,0
2321,-781,0
2322,3625,0
2323,28559,0
2324,8579,0
2325,-23618,0
2326,8842,0
2327,-16861,0
2328,-28705,0
2329,9830,0
2330,20366,0
2331,13958,0
2332,26633,0
2333,31642,0
2334,-4538,0
2335,12345,1
2336,-4984,0
2337,8944,0
2338,-1492,0
2339,6914,0
2340,-28821,0
2341,-30816,0
2342,-10322,0
2343,-31069,0
2344,-14287,0
2345,1864,0
2346,-32423,0
2347,12137,0
2348,27313,0
2349,-22459,0
2350,-31034,0
2351,11069,0
2352,10342,0
2353,28160,0
2354,15308,0
2355,26827,0
2356,-4755,0
2357,-4038,0
2358,5183,0
2359,29383,0
2360,12345,1
2361,-14009,0
2362,14107,0
2363,23141,0
2364,-1939,0
2365,8895,0
2366,6950,0
2367,10371,0
2368,-20027,0
2369,31806,0
2370,18550,0
2371,8560,0
2372,-11491,0
2373,19173,0
2374,9315,0
2375,-14535,0
2376,14564,0
2377,-20452,0
2378,-15799,0
2379,2794,0
2380,4312,0
2381,-16239,0
2382,20416,0
2383,-4970,0
2384,19067,0
2385,26119,0
2386,-29080,0
2387,12271,0
2388,-20344,0
2389,-5377,0
2390,-9653,0
2391,-8264,0
2392,21852,0
2393,325,0
2394,22179,0
2395,-16777,0
2396,32230,0
2397,15580,0
2398,-16858,0
2399,-5984,0
2400,6939,0
2401,-488,0
2402,9839,0
2403,25347,0
2404,-13481,0
2405,-26655,0
2406,-7889,0
2407,-17332,0
2408,-17285,0
2409,20430,0
2410,23055,0
2411,-30940,0
2412,5058,0
2413,25422,0
2414,10501,0
2415,-17673,0
2416,8241,0
2417,-7086,0
2418,-7530,0
2419,13973,0
2420,-22868,0
2421,-18909,0
2422,-32407,0
2423,-19475,0
2424,-21912,0
2425,19231,0
2426,-18092,0
2427,23990,0
2428,9628,0
2429,-24815,0
2430,4902,0
2431,16317,0
2432,1750,0
2433,-14472,0
2434,-12851,0
2435,-20056,0
2436,17349,0
2437,-15522,0
2438,-4371,0
2439,-6032,0
2440,22232,0
2441,17251,0
2442,12345,1
2443,-22703,0
2444,-11855,0
2445,-29600,0
2446,1215,0
2447,-11131,0
2448,-678,0
2449,-14957,0
2450,-7352,0
2451,-32131,0
2452,11508,0
2453,32644,0
2454,10037,0
2455,702,0
2456,-22732,0
2457,-24700,0
2458,12587,0
2459,-29531,0
2460,-29007,0
2461,-17137,0
2462,26683,0
2463,22508,0
2464,-29516,0
2465,30171,0
2466,-4085,0
2467,-11154,0
2468,-21933,0
2469,-7639,0
2470,16169,0
2471,-13708,0
2472,-23605,0
2473,14127,0
2474,-24281,0
2475,24644,0
2476,-29884,0
2477,7567,0
2478,-27731,0
2479,-20904,0
2480,25592,0
2481,32360,0
2482,22783,0
2483,2164,0
2484,1829,0
2485,9657,0
2486,10721,0
2487,12486,0
2488,12046,0
2489,-27175,0
2490,13935,0
2491,3555,0
2492,24602,0
2493,-14894,0
2494,32148,0
2495,-11758,0
2496,-19144,0
2497,-30498,0
2498,7643,0
2499,23079,0
2500,-16327,0
2501,-29938,0
2502,-30412,0
2503,22810,0
2504,23732,0
2505,15760,0
2506,30673,0
2507,1481,0
2508,-26052,0
2509,-8616,0
2510,-22130,0
2511,-22902,0
2512,-2989,0
2513,-26092,0
2514,-31030,0
2515,-20705,0
2516,-30368,0
2517,2315,0
2518,-25864,0
2519,-13546,0
2520,390,0
2521,-16308,0
2522,-2307,0
2523,-20362,0
2524,15308,0
2525,28349,0
2526,16843,0
2527,-17268,0
2528,15666,0
2529,-14454,0
2530,21627,0
2531,12630,0
2532,-9910,0
2533,26607,0
2534,31166,0
2535,23663,0
2536,-4746,0
2537,-31375,0
2538,-2793,0
2539,-19192,0
2540,14900,0
2541,13185,0
2542,-25200,0
2543,-14418,0
2544,20386,0
2545,-31625,0
2546,26528,0
2547,-20116,0
2548,24116,0
2549,-22421,0
2550,-10390,0
2551,-27420,0
2552,28365,0
2553,19864,0
2554,29725,0
2555,-15623,0
2556,-5587,0
2557,24354,0
2558,6124,0
2559,-9431,0
2560,16167,0
2561,4359,0
2562,-15507,0
2563,-18728,0
2564,416,0
2565,-19223,0
2566,29486,0
2567,8401,0
2568,-1684,0
2569,-13487,0
2570,-27713,0
2571,4131,0
2572,-292,0
2573,23771,0
2574,25331,0
2575,5107,0
2576,-14226,0
2577,13138,0
2578,-18982,0
2579,-9367,0
2580,-10859,0
2581,14459,0
2582,-15785,0
2583,31835,0
2584,-12013,0
2585,-12535,0
2586,3323,0
2587,-28199,0
2588,-14126,0
2589,19405,0
2590,4838,0
2591,-5986,0
2592,18007,0
2593,14590,0
2594,22933,0
2595,-30932,0
2596,14362,0
2597,25640,0
2598,-29556,0
2599,1442,0
2600,-14347,0
2601,-13077,0
2602,30236,0
2603,2598,0
2604,8515,0
2605,-15958,0
2606,172,0
2607,15290,0
2608,-31427,0
2609,-7364,0
2610,-9847,0
2611,-20688,0
2612,-22014,0
2613,-4002,0
2614,-13137,0
2615,-12542,0
2616,8733,0
2617,8234,0
2618,5959,0
2619,29960,0
2620,5608,0
2621,-4202,0
2622,-6987,0
2623,12543,0
2624,-3329,0
2625,5517,0
2626,1158,0
2627,11229,0
2628,2257,0
2629,32077,0
2630,25427,0
2631,2132,0
2632,-24621,0
2633,-16573,0
2634,1306,0
2635,-22338,0
2636,-18827,0
2637,-2709,0
2638,26372,0
2639,8738,0
2640,-3400,0
2641,-16147,0
2642,23720,0
2643,2737,0
2644,19282,0
2645,3170,0
2646,6468,0
2647,-2252,0
2648,-5669,0
2649,2666,0
2650,16499,0
2651,9869,0
2652,17311,0
2653,-28152,0
2654,-7872,0
2655,28432,0
2656,-17907,0
2657,-16332,0
2658,-23985,0
2659,12345,1
2660,-20710,0
2661,-16730,0
2662,-15793,0
2663,-9103,0
2664,27465,0
2665,-30449,0
2666,26600,0
2667,-29486,0
2668,-6624,0
2669,-10838,0
2670,17318,0
2671,15754,0
2672,-7628,0
2673,11582,0
2674,6256,0
2675,17908,0
2676,-30835,0
2677,272,0
2678,-3718,0
2679,19588,0
2680,-30930,0
2681,-5349,0
2682,10105,0
2683,2262,0
2684,-12096,0
2685,28118,0
2686,3749,0
2687,14832,0
2688,31046,0
2689,-29072,0
2690,-2999,0
2691,6169,0
2692,-28665,0
2693,17689,0
2694,-28570,0
2695,-30497,0
2696,-15987,0
2697,-1213,0
2698,11912,0
2699,6406,0
2700,32090,0
2701,-29416,0
2702,5935,0
2703,21414,0
2704,30782,0
2705,-20643,0
2706,-19200,0
2707,2108,0
2708,17948,0
2709,-31870,0
2710,18635,0
2711,-655,0
2712,9165,0
2713,-16621,0
2714,-11995,0
2715,3999,0
2716,18668,0
2717,-22753,0
2718,-8250,0
2719,2832,0
2720,-32491,0
2721,13270,0
2722,-31815,0
2723,-10316,0
2724,9293,0
2725,-687,0
2726,12345,1
2727,-17352,0
2728,16927,0
2729,11734,0
2730,-2322,0
2731,9281,0
2732,21608,0
2733,28464,0
2734,-20881,0
2735,18867,0
2736,-6665,0
2737,16396,0
2738,23824,0
2739,-21370,0
2740,-29030,0
2741,16684,0
2742,-11403,0
2743,2869,0
2744,29653,0
2745,-29179,0
2746,4232,0
2747,-1457,0
2748,-13892,0
2749,-9308,0
2750,24885,0
2751,-20490,0
2752,-3806,0
2753,14353,0
2754,-1172,0
2755,-10443,0
2756,10425,0
2757,24699,0
2758,2654,0
2759,31245,0
2760,742,0
2761,-10113,0
2762,25819,0
2763,22947,0
2764,32455,0
2765,-8276,0
2766,29508,0
2767,3080,0
2768,10958,0
2769,27552,0
2770,-3555,0
2771,4661,0
2772,-23714,0
2773,-5173,0
2774,24593,0
2775,-11600,0
2776,7886,0
2777,19747,0
2778,27522,0
2779,-23894,0
2780,-29091,0
2781,-4716,0
2782,16292,0
2783,25499,0
2784,-24750,0
2785,-14163,0
2786,2374,0
2787,3274,0
2788,31073,0
2789,12345,1
2790,30833,0
2791,4141,0
2792,20321,0
2793,32593,0
2794,-28015,0
2795,5976,0
2796,18541,0
2797,-31751,0
2798,20619,0
2799,47,0
2800,-24902,0
2801,23550,0
2802,30024,0
2803,16325,0
2804,2449,0
2805,-13933,0
2806,8283,0
2807,21674,0
2808,-20329,0
2809,26212,0
2810,17474,0
2811,-1236,0
2812,26098,0
2813,9906,0
2814,4762,0
2815,2281,0
2816,6567,0
2817,32336,0
2818,7949,0
2819,4388,0
2820,18709,0
2821,-6402,0
2822,-13050,0
2823,-5943,0
2824,-21841,0
2825,191,0
2826,18178,0
2827,10117,0
2828,4334,0
2829,24624,0
2830,12231,0
2831,28104,0
2832,7524,0
2833,13980,0
2834,-15868,0
2835,32133,0
2836,3177,0
2837,-20279,0
2838,-16139,0
2839,-26050,0
2840,-5772,0
2841,3192,0
2842,-3195,0
2843,-23455,0
2844,-2751,0
2845,26120,0
2846,14889,0
2847,-27809,0
2848,-23636,0
2849,25315,0
2850,8753,0
2851,-1294,0
2852,12345,1
2853,-11502,0
2854,9302,0
2855,-24056,0
2856,8682,0
2857,8893,0
2858,23729,0
2859,31518,0
2860,15350,0
2861,-14744,0
2862,-24566,0
2863,-20624,0
2864,-12539,0
2865,-24837,0
2866,16200,0
2867,28256,0
2868,5948,0
2869,-11421,0
2870,11681,0
2871,-18480,0
2872,-12436,0
2873,17615,0
2874,12345,1
2875,23495,0
2876,-17631,0
2877,-26232,0
2878,5297,0
2879,4143,0
2880,-24143,0
2881,17657,0
2882,6517,0
2883,-11448,0
2884,-10264,0
2885,16638,0
2886,13133,0
2887,7828,0
2888,12345,1
2889,-30832,0
2890,2951,0
2891,4582,0
2892,-11214,0
2893,-25108,0
2894,7445,0
2895,-14629,0
2896,-17625,0
2897,-10587,0
2898,10028,0
2899,-4496,0
2900,5877,0
2901,-24122,0
2902,2657,0
2903,11556,0
2904,26322,0
2905,-31466,0
2906,12345,1
2907,28150,0
2908,-11413,0
2909,11577,0
2910,-2538,0
2911,-1346,0
2912,26216,0
2913,22552,0
2914,-31830,0
2915,-30777,0
2916,-4712,0
2917,-16803,0
2918,-1067,0
2919,245,0
2920,-21330,0
2921,-31113,0
2922,8728,0
2923,3686,0
2924,-4453,0
2925,30226,0
2926,6197,0
2927,3429,0
2928,14152,0
2929,1406,0
2930,15706,0
2931,26612,0
2932,-25007,0
2933,-23656,0
2934,30243,0
2935,-13375,0
2936,380,0
2937,-869,0
2938,-31075,0
2939,-14712,0
2940,-27754,0
2941,-21526,0
2942,-6641,0
2943,28835,0
2944,27779,0
2945,20892,0
2946,-2933,0
2947,22104,0
2948,161,0
2949,-26829,0
2950,21457,0
2951,-17808,0
2952,-30475,0
2953,-7533,0
2954,-6373,0
2955,11548,0
2956,12309,0
2957,28131,0
2958,-25930,0
2959,32009,0
2960,20353,0
2961,12946,0
2962,-4134,0
2963,23336,0
2964,1281,0
2965,-20166,0
2966,6293,0
2967,22590,0
2968,10796,0
2969,18289,0
2970,16757,0
2971,26613,0
2972,-12954,0
2973,-14820,0
2974,-19008,0
2975,21712,0
2976,2085,0
2977,9763,0
2978,-31799,0
2979,-30934,0
2980,-23961,0
2981,4659,0
2982,-18155,0
2983,-18682,0
2984,2801,0
2985,-26008,0
2986,4976,0
2987,-316,0
2988,16767,0
2989,-14318,0
2990,-19770,0
2991,7489,0
2992,25569,0
2993,12345,1
2994,-19096,0
2995,-16285,0
2996,2610,0
2997,-13384,0
2998,-1188,0
2999,371,0
3000,18797,0
3001,-1152,0
3002,-31027,0
3003,12194,0
3004,-12334,0
3005,17432,0
3006,22761,0
3007,20624,0
3008,19152,0
3009,-19672,0
3010,-27307,0
3011,-7917,0
3012,-28812,0
3013,23151,0
3014,15952,0
3015,-1983,0
3016,-7757,0
3017,19,0
3018,-20978,0
3019,14934,0
3020,9049,0
3021,30601,0
3022,-4253,0
3023,-32337,0
3024,31025,0
3025,30845,0
3026,-10170,0
3027,8437,0
3028,-16001,0
3029,23339,0
3030,15548,0
3031,15653,0
3032,-23514,0
3033,2140,0
3034,-13084,0
3035,-306,0
3036,-29511,0
3037,13714,0
3038,860,0
3039,19238,0
3040,197,0
3041,17314,0
3042,-2876,0
3043,23945,0
3044,22664,0
3045,4055,0
3046,-23161,0
3047,-31865,0
3048,-2967,0
3049,18596,0
3050,21551,0
3051,-18824,0
3052,-21359,0
3053,-6546,0
3054,2846,0
3055,-1330,0
3056,-18405,0
3057,-26166,0
3058,-4833,0
3059,-27072,0
3060,1118,0
3061,12345,1
3062,29025,0
3063,20521,0
3064,8916,0
3065,25574,0
3066,8242,0
3067,-1445,0
3068,-23662,0
3069,-5525,0
3070,13036,0
3071,824,0
3072,-26713,0
3073,12345,1
3074,18696,0
3075,-22543,0
3076,-25418,0
3077,24807,0
3078,20910,0
3079,-1792,0
3080,-18557,0
3081,-29452,0
3082,-18128,0
3083,-30798,0
3084,3904,0
3085,536,0
3086,-9965,0
3087,15818,0
3088,15365,0
3089,15944,0
3090,-6948,0
3091,18853,0
3092,-11328,0
3093,-19389,0
3094,-11921,0
3095,5657,0
3096,-19875,0
3097,-29284,0
3098,17696,0
3099,13128,0
3100,20595,0
3101,-26994,0
3102,-14084,0
3103,29603,0
3104,23190,0
3105,-4209,0
3106,-28124,0
3107,-4999,0
3108,-14829,0
3109,6580,0
3110,23319,0
3111,-17429,0
3112,-21849,0
3113,-30257,0
3114,-16965,0
3115,-31310,0
3116,-20097,0
3117,25995,0
3118,25296,0
3119,26865,0
3120,-27172,0
3121,-16727,0
3122,1010,0
3123,31773,0
3124,-23533,0
3125,7090,0
3126,-29294,0
3127,12988,0
3128,4320,0
3129,-3206,0
3130,-29760,0
3131,26025,0
3132,-22731,0
3133,14219,0
3134,23963,0
3135,14178,0
3136,-888,0
3137,22830,0
3138,-5418,0
3139,31229,0
3140,9930,0
3141,-3668,0
3142,631,0
3143,30554,0
3144,17501,0
3145,-7204,0
3146,10254,0
3147,-7811,0
3148,-16510,0
3149,29457,0
3150,25902,0
3151,6644,0
3152,-25426,0
3153,-30203,0
3154,2219,0
3155,32188,0
3156,-22413,0
3157,-31211,0
3158,-11509,0
3159,-9452,0
3160,-30908,0
3161,32007,0
3162,-2048,0
3163,-648,0
3164,27740,0
3165,28708,0
3166,-17712,0
3167,24419,0
3168,-20339,0
3169,2906,0
3170,664,0
3171,1584,0
3172,31883,0
3173,-21908,0
3174,-20920,0
3175,24220,0
3176,-14482,0
3177,3331,0
3178,14316,0
3179,3914,0
3180,6660,0
3181,4222,0
3182,-5587,0
3183,4517,0
3184,3588,0
3185,15096,0
3186,-5821,0
3187,-31624,0
3188,-19414,0
3189,-18861,0
3190,-25980,0
3191,-2218,0
3192,-1595,0
3193,25087,0
3194,31336,0
3195,20400,0
3196,8964,0
3197,-5339,0
3198,-9505,0
3199,9695,0
3200,-16908,0
3201,-30643,0
3202,5523,0
3203,21730,0
3204,30105,0
3205,-3879,0
3206,-732,0
3207,-7465,0
3208,-6545,0
3209,-9136,0
3210,23867,0
3211,4314,0
3212,20816,0
3213,-17124,0
3214,12391,0
3215,28312,0
3216,17923,0
3217,5880,0
3218,-23330,0
3219,10113,0
3220,-20221,0
3221,31408,0
3222,-29674,0
3223,-29964,0
3224,-13991,0
3225,-15167,0
3226,2856,0
3227,-14401,0
3228,14519,0
3229,-22093,0
3230,7393,0
3231,-9035,0
3232,-25493,0
3233,-9280,0
3234,22797,0
3235,28620,0
3236,26411,0
3237,12345,1
3238,17060,0
3239,5846,0
3240,24384,0
3241,5321,0
3242,-22578,0
3243,-18957,0
3244,28133,0
3245,14193,0
3246,14155,0
3247,32354,0
3248,542,0
3249,-32256,0
3250,-2126,0
3251,29591,0
3252,31766,0
3253,4412,0
3254,1769,0
3255,-28819,0
3256,1642,0
3257,30477,0
3258,5448,0
3259,-9744,0
3260,-13451,0
3261,25160,0
3262,19921,0
3263,-17066,0
3264,-6112,0
3265,-1726,0
3266,-23399,0
3267,-32362,0
3268,-26002,0
3269,9766,0
3270,3771,0
3271,17094,0
3272,28935,0
3273,15434,0
3274,10090,0
3275,-26566,0
3276,-15234,0
3277,5622,0
3278,-7114,0
3279,-5970,0
3280,-7304,0
3281,-9553,0
3282,18665,0
3283,4870,0
3284,2319,0
3285,-18241,0
3286,31833,0
3287,7163,0
3288,12345,1
3289,-10259,0
3290,29849,0
3291,-24684,0
3292,-10717,0
3293,-13177,0
3294,-12697,0
3295,28800,0
3296,-6471,0
3297,318,0
3298,-20121,0
3299,-28192,0
3300,22523,0
3301,10467,0
3302,6358,0
3303,13947,0
3304,12345,1
3305,5166,0
3306,-26824,0
3307,-21996,0
3308,19138,0
3309,-9447,0
3310,23526,0
3311,28188,0
3312,-22390,0
3313,25789,0
3314,23737,0
3315,-676,0
3316,-29298,0
3317,-29548,0
3318,-19229,0
3319,27720,0
3320,-2757,0
3321,-9960,0
3322,6051,0
3323,18156,0
3324,20575,0
3325,19,0
3326,15858,0
3327,14008,0
3328,7161,0
3329,29431,0
3330,-559,0
3331,-9342,0
3332,-15837,0
3333,19176,0
3334,11318,0
3335,12345,1
3336,12691,0
3337,-31991,0
3338,-3289,0
3339,-12957,0
3340,-22025,0
3341,7040,0
3342,-27767,0
3343,-22740,0
3344,4692,0
3345,-20295,0
3346,-22093,0
3347,16127,0
3348,14469,0
3349,-11508,0
3350,-31043,0
3351,13397,0
3352,-13922,0
3353,27892,0
3354,12019,0
3355,4752,0
3356,21738,0
3357,-21304,0
3358,-28793,0
3359,-14098,0
3360,19487,0
3361,-24964,0
3362,-15278,0
3363,30857,0
3364,31046,0
3365,11017,0
3366,25656,0
3367,-16086,0
3368,2302,0
3369,15259,0
3370,-10435,0
3371,-3060,0
3372,-10519,0
3373,-19232,0
3374,-16083,0
3375,-30449,0
3376,-12388,0
3377,-23486,0
3378,12042,0
3379,-23700,0
3380,-17637,0
3381,3742,0
3382,-26232,0
3383,23822,0
3384,2004,0
3385,10633,0
3386,-2265,0
3387,-837,0
3388,3996,0
3389,-24982,0
3390,15189,0
3391,-15753,0
3392,-14785,0
3393,28307,0
3394,-32495,0
3395,26724,0
3396,29368,0
3397,7075,0
3398,-2412,0
3399,1821,0
3400,6900,0
3401,26235,0
3402,511,0
3403,-25840,0
3404,13061,0
3405,-21060,0
3406,13664,0
3407,5659,0
3408,26690,0
3409,31961,0
3410,12345,1
3411,-5987,0
3412,-21114,0
3413,24405,0
3414,-9211,0
3415,15625,0
3416,-15946,0
3417,17968,0
3418,801,0
3419,21140,0
3420,-27235,0
3421,4944,0
3422,-18837,0
3423,-31165,0
3424,-24829,0
3425,23644,0
3426,-4308,0
3427,8085,0
3428,-31866,0
3429,-27293,0
3430,-13725,0
3431,541,0
3432,8969,0
3433,25075,0
3434,-7465,0
3435,9912,0
3436,20989,0
3437,17014,0
3438,-27001,0
3439,-25181,0
3440,30815,0
3441,30606,0
3442,7500,0
3443,30162,0
3444,21161,0
3445,20458,0
3446,23990,0
3447,14642,0
3448,21992,0
3449,20264,0
3450,-166,0
3451,28314,0
3452,27966,0
3453,-22438,0
3454,-8553,0
3455,-11970,0
3456,15844,0
3457,28929,0
3458,-5799,0
3459,26998,0
3460,31255,0
3461,-31943,0
3462,-22196,0
3463,-13226,0
3464,-17144,0
3465,2037,0
3466,20941,0
3467,17604,0
3468,31117,0
3469,-15453,0
3470,9612,0
3471,18353,0
3472,28008,0
3473,-29327,0
3474,-24679,0
3475,-4448,0
3476,-9896,0
3477,25260,0
3478,31546,0
3479,20608,0
3480,14262,0
3481,-29510,0
3482,-29214,0
3483,-31025,0
3484,21456,0
3485,18580,0
3486,1129,0
3487,16728,0
3488,-18724,0
3489,30644,0
3490,-29086,0
3491,-24034,0
3492,27482,0
3493,-14115,0
3494,-13275,0
3495,-26374,0
3496,-23908,0
3497,-21269,0
3498,-20045,0
3499,-1764,0
3500,17240,0
3501,-30435,0
3502,7004,0
3503,-10216,0
3504,10134,0
3505,-7095,0
3506,-17714,0
3507,-25128,0
3508,-24025,0
3509,-15787,0
3510,5143,0
3511,-20560,0
3512,16053,0
3513,-8112,0
3514,26442,0
3515,-22034,0
3516,-11194,0
3517,9918,0
3518,349,0
3519,-74,0
3520,-18821,0
3521,-3584,0
3522,20528,0
3523,-2486,0
3524,-11275,0
3525,5994,0
3526,-30490,0
3527,9268,0
3528,14882,0
3529,25145,0
3530,28901,0
3531,-32256,0
3532,26953,0
3533,-26662,0
3534,-1660,0
3535,13039,0
3536,-16929,0
3537,-28803,0
3538,-2071,0
3539,22929,0
3540,-23030,0
3541,-13451,0
3542,30130,0
3543,25422,0
3544,3957,0
3545,12345,1
3546,-14184,0
3547,4832,0
3548,4074,0
3549,-17029,0
3550,-22982,0
3551,-31120,0
3552,-9291,0
3553,-24748,0
3554,-1886,0
3555,-3752,0
3556,-4996,0
3557,-6570,0
3558,-21426,0
3559,-12765,0
3560,-26884,0
3561,1495,0
3562,-16425,0
3563,-29005,0
3564,22141,0
3565,15098,0
3566,17722,0
3567,19657,0
3568,-12143,0
3569,-10512,0
3570,14210,0
3571,27396,0
3572,-13053,0
3573,11290,0
3574,-26002,0
3575,-17494,0
3576,3138,0
3577,-25882,0
3578,-25959,0
3579,28205,0
3580,5394,0
3581,179,0
3582,-308,0
3583,7934,0
3584,4272,0
3585,21769,0
3586,19797,0
3587,-28897,0
3588,-20819,0
3589,-23007,0
3590,-29095,0
3591,-6850,0
3592,24321,0
3593,-10579,0
3594,2392,0
3595,28700,0
3596,7273,0
3597,22641,0
3598,-16577,0
3599,-17488,0
3600,-20508,0
3601,-17134,0
3602,-864,0
3603,-16314,0
3604,-11895,0
3605,30426,0
3606,-29480,0
3607,28496,0
3608,10001,0
3609,-3823,0
3610,-17391,0
3611,-23281,0
3612,-14038,0
3613,-30887,0
3614,25831,0
3615,-247,0
3616,27244,0
3617,-17834,0
3618,-3037,0
3619,12345,1
3620,-32720,0
3621,-3756,0
3622,11933,0
3623,-4451,0
3624,6360,0
3625,-5514,0
3626,-16280,0
3627,-4490,0
3628,17280,0
3629,-14531,0
3630,-3290,0
3631,-13745,0
3632,4465,0
3633,14159,0
3634,30787,0
3635,8116,0
3636,-17733,0
3637,-23961,0
3638,-1614,0
3639,-15716,0
3640,31093,0
3641,22011,0
3642,4306,0
3643,6610,0
3644,14889,0
3645,1157,0
3646,1393,0
3647,-9748,0
3648,-8310,0
3649,-14076,0
3650,6389,0
3651,-9250,0
3652,21845,0
3653,20089,0
3654,22684,0
3655,31907,0
3656,-31288,0
3657,-11954,0
3658,6592,0
3659,6928,0
3660,24114,0
3661,12345,1
3662,-17948,0
3663,-28583,0
3664,28838,0
3665,25596,0
3666,-5465,0
3667,6988,0
3668,21255,0
3669,22838,0
3670,11182,0
3671,1810,0
3672,-13131,0
3673,22697,0
3674,-839,0
3675,-26110,0
3676,-31564,0
3677,4773,0
3678,-12165,0
3679,-13783,0
3680,-6205,0
3681,-25364,0
3682,-22346,0
3683,14273,0
3684,-29490,0
3685,-7969,0
3686,26995,0
3687,-10072,0
3688,-9361,0
3689,16582,0
3690,-3977,0
3691,-7045,0
3692,-1856,0
3693,14265,0
3694,21905,0
3695,-20590,0
3696,30329,0
3697,12200,0
3698,11572,0
3699,-2642,0
3700,-5951,0
3701,29253,0
3702,24111,0
3703,3261,0
3704,-21942,0
3705,-18667,0
3706,26131,0
3707,31122,0
3708,19642,0
3709,-8630,0
3710,26045,0
3711,-1477,0
3712,22979,0
3713,29161,0
3714,-3125,0
3715,-4345,0
3716,12345,1
3717,25988,0
3718,-21818,0
3719,-1178,0
3720,-13920,0
3721,-29605,0
3722,6683,0
3723,-22879,0
3724,-11818,0
3725,-4745,0
3726,-4672,0
3727,22174,0
3728,12345,1
3729,-25758,0
3730,-23561,0
3731,-8267,0
3732,15755,0
3733,8511,0
3734,8479,0
3735,27873,0
3736,-7170,0
3737,-7688,0
3738,-19342,0
3739,4512,0
3740,3442,0
3741,-14015,0
3742,7072,0
3743,10869,0
3744,16276,0
3745,8597,0
3746,12065,0
3747,14507,0
3748,19451,0
3749,14161,0
3750,-1521,0
3751,6881,0
3752,29413,0
3753,-29588,0
3754,-31336,0
3755,-24656,0
3756,4185,0
3757,4090,0
3758,23399,0
3759,1230,0
3760,7665,0
3761,-14529,0
3762,-5305,0
3763,-11478,0
3764,32260,0
3765,-15472,0
3766,-31502,0
3767,-23662,0
3768,-20286,0
3769,-11708,0
3770,-28034,0
3771,12225,0
3772,-31305,0
3773,-5588,0
3774,-19596,0
3775,-22533,0
3776,21656,0
3777,-22824,0
3778,20836,0
3779,-23856,0
3780,32642,0
3781,-30416,0
3782,12199,0
3783,5382,0
3784,-13891,0
3785,4581,0
3786,32016,0
3787,18749,0
3788,-30254,0
3789,12345,1
3790,20325,0
3791,20658,0
3792,-1002,0
3793,12049,0
3794,-5945,0
3795,30411,0
3796,-25045,0
3797,7582,0
3798,-22145,0
3799,-8682,0
3800,30250,0
3801,20229,0
3802,9897,0
3803,-19070,0
3804,-7967,0
3805,-31837,0
3806,2148,0
3807,16076,0
3808,18341,0
3809,-10580,0
3810,-32524,0
3811,32711,0
3812,-30023,0
3813,3943,0
3814,352,0
3815,21227,0
3816,25036,0
3817,-1631,0
3818,11914,0
3819,-31772,0
3820,-13406,0
3821,-6019,0
3822,15596,0
3823,21570,0
3824,-32635,0
3825,-10934,0
3826,5108,0
3827,14574,0
3828,147,0
3829,-20374,0
3830,-27292,0
3831,-5450,0
3832,-29575,0
3833,28743,0
3834,20019,0
3835,-2744,0
3836,5888,0
3837,-25641,0
3838,-9858,0
3839,-1360,0
3840,-26269,0
3841,28813,0
3842,-16170,0
3843,-14296,0
3844,21714,0
3845,17869,0
3846,-31862,0
3847,20312,0
3848,-20397,0
3849,13834,0
3850,12430,0
3851,24115,0
3852,-32080,0
3853,-21175,0
3854,16830,0
3855,-24774,0
3856,12036,0
3857,-30601,0
3858,-26930,0
3859,-32148,0
3860,-11569,0
3861,31395,0
3862,-12681,0
3863,17425,0
3864,-25066,0
3865,-18992,0
3866,13935,0
3867,2538,0
3868,10264,0
3869,-7217,0
3870,-15898,0
3871,-32057,0
3872,-14626,0
3873,-12836,0
3874,10659,0
3875,-8649,0
3876,12345,1
3877,-25300,0
3878,26174,0
3879,17818,0
3880,-19842,0
3881,-12211,0
3882,14140,0
3883,-14052,0
3884,-1356,0
3885,-24288,0
3886,25318,0
3887,-23676,0
3888,-18862,0
3889,-19422,0
3890,27707,0
3891,-3687,0
3892,11328,0
3893,7303,0
3894,9913,0
3895,-843,0
3896,-15247,0
3897,11778,0
3898,8031,0
3899,2391,0
3900,133,0
3901,-14521,0
3902,-6902,0
3903,12345,1
3904,-22392,0
3905,8560,0
3906,19427,0
3907,621,0
3908,8690,0
3909,-15313,0
3910,3847,0
3911,-27608,0
3912,16766,0
3913,5110,0
3914,27866,0
3915,12345,1
3916,-5516,0
3917,-31486,0
3918,26726,0
3919,-18245,0
3920,2817,0
3921,-32299,0
3922,21626,0
3923,-30207,0
3924,-20386,0
3925,30264,0
3926,-31752,0
3927,-17450,0
3928,-17188,0
3929,12574,0
3930,28475,0
3931,-15789,0
3932,2874,0
3933,6536,0
3934,-11342,0
3935,20741,0
3936,-660,0
3937,-3619,0
3938,-15454,0
3939,27860,0
3940,-10875,0
3941,31587,0
3942,210,0
3943,-15237,0
3944,7719,0
3945,-27563,0
3946,12878,0
3947,12345,1
3948,-3376,0
3949,2102,0
3950,-31842,0
3951,-12761,0
3952,-13539,0
3953,-2029,0
3954,8415,0
3955,-2510,0
3956,23587,0
3957,-24035,0
3958,15875,0
3959,23306,0
3960,13186,0
3961,1974,0
3962,-2357,0
3963,15442,0
3964,-15791,0
3965,-5037,0
3966,4974,0
3967,1577,0
3968,-2926,0
3969,5122,0
3970,-18709,0
3971,31272,0
3972,-13776,0
3973,-16257,0
3974,26556,0
3975,-22606,0
3976,-7282,0
3977,-6704,0
3978,15426,0
3979,-20481,0
3980,-23793,0
3981,32056,0
3982,-32561,0
3983,18150,0
3984,13665,0
3985,1625,0
3986,32758,0
3987,-18189,0
3988,-29609,0
3989,-14549,0
3990,-15771,0
3991,-11548,0
3992,23738,0
3993,15885,0
3994,-13874,0
3995,5773,0
3996,-20655,0
3997,30672,0
3998,4608,0
3999,-24507,0
4000,15095,0
4001,-19863,0
4002,10924,0
4003,16927,0
4004,-1710,0
4005,24595,0
4006,-22983,0
4007,-2048,0
4008,19542,0
4009,18268,0
4010,-20690,0
4011,-32255,0
4012,-30310,0
4013,-20987,0
4014,18069,0
4015,-24104,0
4016,14551,0
4017,-12278,0
4018,14392,0
4019,14916,0
4020,28634,0
4021,-32010,0
4022,-30187,0
4023,-2474,0
4024,-4346,0
4025,19607,0
4026,-1793,0
4027,19905,0
4028,26964,0
4029,-20539,0
4030,32692,0
4031,-7701,0
4032,901,0
4033,6413,0
4034,-22771,0
4035,6786,0
4036,-22751,0
4037,-10700,0
4038,-31826,0
4039,6602,0
4040,-26190,0
4041,-13321,0
4042,6947,0
4043,-11534,0
4044,-21128,0
4045,6427,0
4046,24420,0
4047,7295,0
4048,-19043,0
4049,29689,0
4050,29060,0
4051,-11452,0
4052,-25734,0
4053,-8670,0
4054,-3615,0
4055,14688,0
4056,-23138,0
4057,-22305,0
4058,-27081,0
4059,25052,0
4060,19928,0
4061,-17000,0
4062,3559,0
4063,6092,0
4064,-25434,0
4065,-23425,0
4066,29876,0
4067,22071,0
4068,7227,0
4069,16491,0
4070,-19397,0
4071,11773,0
4072,-11558,0
4073,12478,0
4074,-1268,0
4075,29268,0
4076,27231,0
4077,16892,0
4078,168,0
4079,-11811,0
4080,11300,0
4081,-25300,0
4082,7870,0
4083,-3644,0
4084,-22113,0
4085,30907,0
4086,-20124,0
4087,-4755,0
4088,1925,0
4089,-26925,0
4090,13888,0
4091,-15144,0
4092,-11810,0
4093,14684,0
4094,-26579,0
4095,13252,0
4096,27172,0
4097,77,0
4098,6619,0
4099,1516,0
4100,-939,0
4101,-28205,0
4102,20542,0
4103,15338,0
4104,-24674,0
4105,-26878,0
4106,12297,0
4107,-12485,0
4108,1566,0
4109,-13311,0
4110,-5822,0
4111,-31335,0
4112,-11898,0
4113,15982,0
4114,-19404,0
4115,13971,0
4116,18479,0
4117,-29002,0
4118,-3396,0
4119,-29112,0
4120,22046,0
4121,-15145,0
4122,14571,0
4123,-6007,0
4124,-5674,0
4125,-27988,0
4126,32091,0
4127,15786,0
4128,-17517,0
4129,-5837,0
4130,10856,0
4131,-3367,0
4132,-7567,0
4133,8128,0
4134,-9789,0
4135,-3814,0
4136,23433,0
4137,-22342,0
4138,-26921,0
4139,-15010,0
4140,27651,0
4141,12616,0
4142,-7196,0
4143,-9562,0
4144,27439,0
4145,-3529,0
4146,32690,0
4147,22056,0
4148,-269,0
4149,18161,0
4150,-29999,0
4151,-21043,0
4152,19671,0
4153,-27488,0
4154,9157,0
4155,-11648,0
4156,7909,0
4157,-12541,0
4158,22879,0
4159,-6850,0
4160,-28665,0
4161,9278,0
4162,-7023,0
4163,26668,0
4164,-10770,0
4165,19727,0
4166,21403,0
4167,20618,0
4168,-9915,0
4169,-27320,0
4170,-13152,0
4171,-31873,0
4172,25438,0
4173,-13027,0
4174,-17274,0
4175,-21578,0
4176,-1699,0
4177,20161,0
4178,-23040,0
4179,24183,0
4180,-25445,0
4181,-3248,0
4182,-17741,0
4183,-29487,0
4184,18035,0
4185,16858,0
4186,-21009,0
4187,14998,0
4188,-27371,0
4189,4665,0
4190,-27099,0
4191,-11361,0
4192,-26471,0
4193,-14352,0
4194,3817,0
4195,26913,0
4196,-4417,0
4197,11326,0
4198,-5959,0
4199,10476,0
4200,19695,0
4201,-11220,0
4202,-27613,0
4203,-6369,0
4204,-22115,0
4205,-28064,0
4206,-16162,0
4207,19607,0
4208,9527,0
4209,26889,0
4210,-4487,0
4211,3482,0
4212,12333,0
4213,5320,0
4214,-597,0
4215,-32620,0
4216,19230,0
4217,28848,0
4218,-27585,0
4219,-16043,0
4220,-26903,0
4221,-3283,0
4222,12345,1
4223,32256,0
4224,-31158,0
4225,10290,0
4226,-17049,0
4227,-32476,0
4228,22854,0
4229,-6938,0
4230,-14586,0
4231,-28939,0
4232,-10215,0
4233,1319,0
4234,-10896,0
4235,20475,0
4236,-21038,0
4237,-12237,0
4238,-1640,0
4239,-23600,0
4240,-2244,0
4241,-15603,0
4242,-16579,0
4243,21212,0
4244,6999,0
4245,-15229,0
4246,24994,0
4247,15476,0
4248,16467,0
4249,-1079,0
4250,9789,0
4251,-20253,0
4252,-5207,0
4253,-31134,0
4254,22675,0
4255,-22061,0
4256,-4325,0
4257,29900,0
4258,-12694,0
4259,-26704,0
4260,-27861,0
4261,-9345,0
4262,2016,0
4263,-13770,0
4264,-16506,0
4265,-14741,0
4266,-6302,0
4267,14789,0
4268,-21433,0
4269,12345,1
4270,-10066,0
4271,-22313,0
4272,-1707,0
4273,-30238,0
4274,-14744,0
4275,-15842,0
4276,-29290,0
4277,31537,0
4278,1776,0
4279,-32097,0
4280,2475,0
4281,24436,0
4282,-8582,0
4283,20380,0
4284,15407,0
4285,17686,0
4286,27941,0
4287,-4055,0
4288,9690,0
4289,-965,0
4290,-30648,0
4291,-13963,0
4292,-15036,0
4293,31062,0
4294,-20367,0
4295,-22194,0
4296,-8946,0
4297,-23014,0
4298,8543,0
4299,32080,0
4300,-32509,0
4301,26370,0
4302,-14741,0
4303,-20506,0
4304,15561,0
4305,19882,0
4306,13798,0
4307,-21227,0
4308,19642,0
4309,5837,0
4310,-1871,0
4311,-29332,0
4312,-25186,0
4313,12080,0
4314,-17635,0
4315,17123,0
4316,-4398,0
4317,-4791,0
4318,-24232,0
4319,20530,0
4320,-10990,0
4321,-8912,0
4322,-9270,0
4323,9236,0
4324,-13740,0
4325,24492,0
4326,735,0
4327,-18053,0
4328,-2489,0
4329,30677,0
4330,-19905,0
4331,-12402,0
4332,20439,0
4333,-17387,0
4334,-23576,0
4335,21772,0
4336,-21196,0
4337,-27134,0
4338,-5903,0
4339,-19946,0
4340,-32598,0
4341,-27841,0
4342,-26895,0
4343,23472,0
4344,-23564,0
4345,-14737,0
4346,289,0
4347,14463,0
4348,26306,0
4349,28408,0
4350,5480,0
4351,1887,0
4352,-30324,0
4353,-3633,0
4354,-18953,0
4355,8133,0
4356,-23172,0
4357,-22387,0
4358,3300,0
4359,-26733,0
4360,-1561,0
4361,5728,0
4362,12345,1
4363,-29207,0
4364,2507,0
4365,6604,0
4366,-23066,0
4367,26970,0
4368,-18031,0
4369,-5785,0
4370,-32134,0
4371,14818,0
4372,-26308,0
4373,-25963,0
4374,-6764,0
4375,-26116,0
4376,-17058,0
4377,-14257,0
4378,10685,0
4379,-2702,0
4380,-26333,0
4381,-6197,0
4382,-19020,0
4383,-26547,0
4384,3810,0
4385,454,0
4386,-10452,0
4387,-22036,0
4388,32304,0
4389,12345,1
4390,24574,0
4391,30770,0
4392,-23706,0
4393,-12687,0
4394,-17931,0
4395,16819,0
4396,2301,0
4397,23578,0
4398,12903,0
4399,4922,0
4400,-18403,0
4401,-28641,0
4402,13818,0
4403,17510,0
4404,25545,0
4405,-351,0
4406,30513,0
4407,-19937,0
4408,19504,0
4409,-15684,0
4410,-10323,0
4411,12455,0
4412,-7276,0
4413,25650,0
4414,-21003,0
4415,28569,0
4416,-15653,0
4417,-3869,0
4418,475,0
4419,-8461,0
4420,24384,0
4421,-14100,0
4422,712,0
4423,-24649,0
4424,26144,0
4425,-9273,0
4426,-16785,0
4427,8293,0
4428,-20278,0
4429,19953,0
4430,-6498,0
4431,-9668,0
4432,30619,0
4433,4771,0
4434,-20619,0
4435,-1915,0
4436,-6390,0
4437,31927,0
4438,-12086,0
4439,19957,0
4440,13487,0
4441,-12090,0
4442,-26722,0
4443,19630,0
4444,-24382,0
4445,-8631,0
4446,30925,0
4447,-16392,0
4448,-1640,0
4449,24603,0
4450,-9055,0
4451,14853,0
4452,-305,0
4453,-176,0
4454,-32465,0
4455,-27077,0
4456,31327,0
4457,2722,0
4458,8200,0
4459,-11598,0
4460,14535,0
4461,3013,0
4462,-3531,0
4463,-19128,0
4464,14210,0
4465,-5956,0
4466,25209,0
4467,22767,0
4468,-12096,0
4469,-13313,0
4470,-9709,0
4471,-20773,0
4472,-3977,0
4473,27766,0
4474,-32205,0
4475,-17619,0
4476,-7665,0
4477,29996,0
4478,29659,0
4479,-2449,0
4480,-899,0
4481,-20648,0
4482,-25494,0
4483,7461,0
4484,-13150,0
4485,15618,0
4486,7259,0
4487,-896,0
4488,-10667,0
4489,24281,0
4490,31454,0
4491,-5535,0
4492,3042,0
4493,-25888,0
4494,16136,0
4495,-26881,0
4496,-9244,0
4497,-23822,0
4498,30296,0
4499,8842,0
4500,-3131,0
4501,-16377,0
4502,-9376,0
4503,5378,0
4504,-27829,0
4505,4627,0
4506,14707,0
4507,8129,0
4508,-26151,0
4509,13160,0
4510,27072,0
4511,26321,0
4512,12345,1
4513,-10131,0
4514,1634,0
4515,-3489,0
4516,-2189,0
4517,20333,0
4518,108,0
4519,-26416,0
4520,7133,0
4521,-8716,0
4522,-18295,0
4523,-6276,0
4524,-21007,0
4525,-6426,0
4526,-5355,0
4527,-26926,0
4528,-30264,0
4529,30455,0
4530,8872,0
4531,19504,0
4532,7195,0
4533,21814,0
4534,-25222,0
4535,-28756,0
4536,29516,0
4537,3674,0
4538,3651,0
4539,-5446,0
4540,-5315,0
4541,11142,0
4542,18945,0
4543,-19922,0
4544,9207,0
4545,24033,0
4546,4663,0
4547,-334,0
4548,-654,0
4549,29356,0
4550,25633,0
4551,19808,0
4552,-16655,0
4553,-1235,0
4554,-11703,0
4555,-26902,0
4556,-27863,0
4557,-24027,0
4558,-26460,0
4559,-16690,0
4560,-9091,0
4561,25019,0
4562,-25243,0
4563,-273,0
4564,-13462,0
4565,18585,0
4566,1960,0
4567,774,0
4568,-15505,0
4569,-20263,0
4570,5974,0
4571,-22442,0
4572,-2420,0
4573,-19937,0
4574,-21603,0
4575,20948,0
4576,6995,0
4577,18346,0
4578,-424,0
4579,11866,0
4580,-12011,0
4581,10537,0
4582,1413,0
4583,17971,0
4584,2058,0
4585,18657,0
4586,-27167,0
4587,15933,0
4588,12345,1
4589,23888,0
4590,-13964,0
4591,29012,0
4592,-303,0
4593,4823,0
4594,16245,0
4595,-19768,0
4596,-27563,0
4597,8865,0
4598,-2616,0
4599,-32597,0
4600,16377,0
4601,-31762,0
4602,21635,0
4603,5426,0
4604,-31913,0
4605,8660,0
4606,-25474,0
4607,4413,0
4608,-14455,0
4609,-10884,0
4610,21814,0
4611,23053,0
4612,32716,0
4613,25866,0
4614,21074,0
4615,19498,0
4616,-14826,0
4617,-14626,0
4618,24349,0
4619,-30821,0
4620,3965,0
4621,18101,0
4622,29690,0
4623,-19548,0
4624,-15051,0
4625,22500,0
4626,23032,0
4627,-3949,0
4628,-27261,0
4629,-12415,0
4630,-5888,0
4631,-31075,0
4632,16147,0
4633,-20627,0
4634,-14398,0
4635,27362,0
4636,32727,0
4637,-21990,0
4638,28238,0
4639,10583,0
4640,14294,0
4641,-21837,0
4642,17254,0
4643,-26818,0
4644,-147,0
4645,-13222,0
4646,3914,0
4647,-21598,0
4648,23061,0
4649,-31825,0
4650,755,0
4651,-30639,0
4652,17474,0
4653,-11511,0
4654,-10941,0
4655,12594,0
4656,-30307,0
4657,-8161,0
4658,-28275,0
4659,1078,0
4660,-25333,0
4661,-8993,0
4662,29709,0
4663,-12517,0
4664,-16064,0
4665,-959,0
4666,17915,0
4667,17607,0
4668,9395,0
4669,-7677,0
4670,24769,0
4671,-10144,0
4672,27442,0
4673,6959,0
4674,1620,0
4675,6851,0
4676,-7708,0
4677,-13415,0
4678,-14136,0
4679,16746,0
4680,-4206,0
4681,-30202,0
4682,-30577,0
4683,23004,0
4684,8851,0
4685,3502,0
4686,-2807,0
4687,8961,0
4688,-27467,0
4689,10127,0
4690,-8949,0
4691,-29198,0
4692,459,0
4693,26439,0
4694,22286,0
4695,-11473,0
4696,18276,0
4697,-30742,0
4698,-3721,0
4699,-12027,0
4700,20657,0
4701,-3202,0
4702,12208,0
4703,-6460,0
4704,-4594,0
4705,1029,0
4706,27775,0
4707,-4837,0
4708,6100,0
4709,24237,0
4710,-25595,0
4711,22645,0
4712,-17054,0
4713,19530,0
4714,-5384,0
4715,-29264,0
4716,26796,0
4717,6630,0
4718,2441,0
4719,-23721,0
4720,12345,1
4721,22789,0
4722,-16013,0
4723,696,0
4724,12345,1
4725,-17251,0
4726,26135,0
4727,-3525,0
4728,-3351,0
4729,-2099,0
4730,21870,0
4731,-305,0
4732,-20949,0
4733,5353,0
4734,27135,0
4735,10180,0
4736,23455,0
4737,-23312,0
4738,-30769,0
4739,25216,0
4740,2708,0
4741,-2791,0
4742,24206,0
4743,-9590,0
4744,-24724,0
4745,22048,0
4746,-22929,0
4747,12323,0
4748,7006,0
4749,6966,0
4750,-27193,0
4751,-32639,0
4752,8430,0
4753,-14777,0
4754,11059,0
4755,-25468,0
4756,-2614,0
4757,-22370,0
4758,-27137,0
4759,21124,0
4760,31718,0
4761,4547,0
4762,-32720,0
4763,-27356,0
4764,-23960,0
4765,-9402,0
4766,26646,0
4767,26516,0
4768,27347,0
4769,1894,0
4770,-14206,0
4771,9027,0
4772,1466,0
4773,5341,0
4774,-19024,0
4775,362,0
4776,30318,0
4777,-12068,0
4778,-27736,0
4779,-29150,0
4780,13462,0
4781,-28748,0
4782,-21945,0
4783,25447,0
4784,22160,0
4785,22178,0
4786,11962,0
4787,13080,0
4788,17352,0
4789,-3435,0
4790,-1226,0
4791,-12846,0
4792,-10696,0
4793,-15042,0
4794,-27854,0
4795,-4066,0
4796,9499,0
4797,4265,0
4798,-22253,0
4799,32396,0
4800,15554,0
4801,-2150,0
4802,-31651,0
4803,12345,1
4804,-11405,0
4805,-2376,0
4806,-4380,0
4807,-31524,0
4808,12239,0
4809,31078,0
4810,-2283,0
4811,5035,0
4812,-30725,0
4813,2565,0
4814,-12554,0
4815,-29546,0
4816,12345,1
4817,-5138,0
4818,25255,0
4819,-16186,0
4820,24759,0
4821,24063,0
4822,-19551,0
4823,-13303,0
4824,-3409,0
4825,13130,0
4826,-13316,0
4827,-28031,0
4828,5968,0
4829,18495,0
4830,-20032,0
4831,19883,0
4832,-25113,0
4833,9174,0
4834,-10646,0
4835,10507,0
4836,28592,0
4837,-475,0
4838,-29616,0
4839,-5932,0
4840,16423,0
4841,7715,0
4842,-16344,0
4843,24231,0
4844,-5189,0
4845,26755,0
4846,12764,0
4847,-2855,0
4848,13881,0
4849,-8461,0
4850,24738,0
4851,-23466,0
4852,-10064,0
4853,-15699,0
4854,20624,0
4855,16532,0
4856,1961,0
4857,11283,0
4858,14734,0
4859,28904,0
4860,-6948,0
4861,5397,0
4862,28027,0
4863,24184,0
4864,-13685,0
4865,18355,0
4866,-29073,0
4867,28530,0
4868,-1284,0
4869,-4216,0
4870,-21657,0
4871,-23981,0
4872,11184,0
4873,6321,0
4874,-13345,0
4875,17720,0
4876,12345,1
4877,14373,0
4878,27244,0
4879,-8342,0
4880,-13725,0
4881,27668,0
4882,-5655,0
4883,-27979,0
4884,-16245,0
4885,-17574,0
4886,-7947,0
4887,-12801,0
4888,8666,0
4889,693,0
4890,-13167,0
4891,-3467,0
4892,8328,0
4893,-15012,0
4894,-23476,0
4895,-10839,0
4896,-24382,0
4897,-9394,0
4898,-32002,0
4899,11971,0
4900,-14491,0
4901,20502,0
4902,29780,0
4903,14009,0
4904,-9913,0
4905,-17045,0
4906,-10718,0
4907,4976,0
4908,2206,0
4909,4111,0
4910,-32556,0
4911,13358,0
4912,-17978,0
4913,22283,0
4914,-17769,0
4915,-6687,0
4916,5036,0
4917,-3034,0
4918,5472,0
4919,9667,0
4920,31901,0
4921,-6389,0
4922,-26201,0
4923,-28486,0
4924,32010,0
4925,25733,0
4926,-14188,0
4927,28212,0
4928,13040,0
4929,7073,0
4930,-27444,0
4931,-8930,0
4932,301,0
4933,1901,0
4934,6182,0
4935,-28233,0
4936,-13918,0
4937,-19830,0
4938,15878,0
4939,-23388,0
4940,-23482,0
4941,5635,0
4942,-24189,0
4943,28970,0
4944,-18114,0
4945,-8161,0
4946,11566,0
4947,-18690,0
4948,21128,0
4949,-17276,0
4950,28707,0
4951,10545,0
4952,-17324,0
4953,-13182,0
4954,-13527,0
4955,-8856,0
4956,12345,1
4957,1529,0
4958,22928,0
4959,-30974,0
4960,-8906,0
4961,31227,0
4962,-24309,0
4963,3497,0
4964,10168,0
4965,1233,0
4966,27872,0
4967,32568,0
4968,-6764,0
4969,-9663,0
4970,-21359,0
4971,-953,0
4972,23563,0
4973,15712,0
4974,-17620,0
4975,580,0
4976,11581,0
4977,-17640,0
4978,-10809,0
4979,-25557,0
4980,6182,0
4981,-27919,0
4982,12273,0
4983,-21817,0
4984,25627,0
4985,-1354,0
4986,39,0
4987,197,0
4988,3235,0
4989,15990,0
4990,-16906,0
4991,10212,0
4992,-21796,0
4993,27105,0
4994,-17097,0
4995,-28986,0
4996,30415,0
4997,-9205,0
4998,-29456,0
4999,16521,0
5000,-22505,0
5001,19679,0
5002,11048,0
5003,-22541,0
5004,31878,0
5005,26308,0
5006,-5072,0
5007,-3795,0
5008,-27972,0
5009,-30459,0
5010,-26017,0
5011,28738,0
5012,-7876,0
5013,-11182,0
5014,-31000,0
5015,31235,0
5016,-22989,0
5017,-3502,0
5018,24665,0
5019,-4609,0
5020,-32476,0
5021,31694,0
5022,-28293,0
5023,-13932,0
5024,8600,0
5025,14410,0
5026,4269,0
5027,-15757,0
5028,-21018,0
5029,-12699,0
5030,-26639,0
5031,-16728,0
5032,-19241,0
5033,7594,0
5034,-11699,0
5035,-8612,0
5036,-31266,0
5037,-21211,0
5038,-28803,0
5039,3859,0
5040,14334,0
5041,24063,0
5042,16616,0
5043,-10786,0
5044,26164,0
5045,-27350,0
5046,-18913,0
5047,22899,0
5048,7963,0
5049,-30077,0
5050,23558,0
5051,10463,0
5052,5303,0
5053,-8375,0
5054,23274,0
5055,2173,0
5056,4218,0
5057,-17291,0
5058,-9845,0
5059,17529,0
5060,-22426,0
5061,2652,0
5062,22032,0
5063,-3408,0
5064,-17251,0
5065,-3596,0
5066,5187,0
5067,-17919,0
5068,1300,0
5069,-10849,0
5070,16964,0
5071,-26342,0
5072,-9656,0
5073,10581,0
5074,-26176,0
5075,-27629,0
5076,-25828,0
5077,-2422,0
5078,6516,0
5079,11315,0
5080,-11751,0
5081,10709,0
5082,-2888,0
5083,2278,0
5084,-27394,0
5085,-15434,0
5086,-18589,0
5087,19637,0
5088,9680,0
5089,24805,0
5090,-7992,0
5091,-30012,0
5092,23656,0
5093,-14555,0
5094,-29655,0
5095,-32267,0
5096,24584,0
5097,4977,0
5098,1452,0
5099,23659,0
5100,-5291,0
5101,-25909,0
5102,-15953,0
5103,-17907,0
5104,-32613,0
5105,-6701,0
5106,6751,0
5107,24460,0
5108,32670,0
5109,-6998,0
5110,-3783,0
5111,16562,0
5112,13163,0
5113,-29277,0
5114,32386,0
5115,-22511,0
5116,28405,0
5117,30416,0
5118,-32266,0
5119,-4103,0
5120,-1506,0
5121,-3596,0
5122,-13104,0
5123,-27464,0
5124,27957,0
5125,2866,0
5126,28332,0
5127,-30568,0
5128,-18710,0
5129,-28742,0
5130,-17848,0
5131,-18125,0
5132,-12282,0
5133,23471,0
5134,23261,0
5135,-23459,0
5136,23957,0
5137,-24889,0
5138,-25020,0
5139,-18649,0
5140,-1038,0
5141,20972,0
5142,-23423,0
5143,17359,0
5144,-24011,0
5145,17143,0
5146,-6802,0
5147,10654,0
5148,-13295,0
5149,18023,0
5150,-24162,0
5151,17040,0
5152,-1998,0
5153,7440,0
5154,-1492,0
5155,9442,0
5156,-3119,0
5157,18155,0
5158,-8428,0
5159,-25620,0
5160,-28209,0
5161,-19647,0
5162,-3874,0
5163,-5419,0
5164,-27883,0
5165,20870,0
5166,4586,0
5167,30784,0
5168,11785,0
5169,13860,0
5170,9709,0
5171,-16656,0
5172,-22872,0
5173,-26505,0
5174,15443,0
5175,-12299,0
5176,12698,0
5177,14618,0
5178,23260,0
5179,496,0
5180,19164,0
5181,-28613,0
5182,-4032,0
5183,-4032,0
5184,28203,0
5185,-17926,0
5186,-5486,0
5187,-5220,0
5188,-21819,0
5189,1142,0
5190,-26937,0
5191,22839,0
5192,-650,0
5193,24840,0
5194,-19536,0
5195,-21165,0
5196,12873,0
5197,-23222,0
5198,-31537,0
5199,-12852,0
5200,12345,1
5201,1052,0
5202,18569,0
5203,619,0
5204,15033,0
5205,-14176,0
5206,-3114,0
5207,4992,0
5208,24376,0
5209,-30042,0
5210,12358,0
5211,9072,0
5212,28553,0
5213,19179,0
5214,10884,0
5215,24965,0
5216,27648,0
5217,-5989,0
5218,-27768,0
5219,-18113,0
5220,2997,0
5221,4278,0
5222,20083,0
5223,21293,0
5224,8449,0
5225,-19419,0
5226,5201,0
5227,11125,0
5228,9255,0
5229,17436,0
5230,18237,0
5231,-24670,0
5232,-10663,0
5233,21912,0
5234,3896,0
5235,-17653,0
5236,-3473,0
5237,-4107,0
5238,8180,0
5239,-6775,0
5240,27459,0
5241,4773,0
5242,-7284,0
5243,3799,0
5244,-13103,0
5245,-6509,0
5246,-17801,0
5247,-26994,0
5248,-19720,0
5249,20545,0
5250,18129,0
5251,-199,0
5252,-31835,0
5253,21901,0
5254,-26280,0
5255,26885,0
5256,7269,0
5257,-10469,0
5258,2185,0
5259,-13848,0
5260,354,0
5261,-21900,0
5262,-18618,0
5263,-24828,0
5264,-14224,0
5265,-32397,0
5266,20825,0
5267,18943,0
5268,8246,0
5269,5219,0
5270,12345,1
5271,30282,0
5272,-13244,0
5273,27307,0
5274,12175,0
5275,18821,0
5276,-10791,0
5277,30816,0
5278,13664,0
5279,-19513,0
5280,31097,0
5281,12345,1
5282,8486,0
5283,-30808,0
5284,3489,0
5285,19801,0
5286,-31292,0
5287,-1337,0
5288,3483,0
5289,23963,0
5290,19826,0
5291,32750,0
5292,7999,0
5293,-5275,0
5294,-26016,0
5295,25254,0
5296,-30656,0
5297,29114,0
5298,-20639,0
5299,24344,0
5300,-19699,0
5301,-32514,0
5302,20004,0
5303,-15763,0
5304,-22615,0
5305,21424,0
5306,-3540,0
5307,27330,0
5308,24931,0
5309,-19328,0
5310,23929,0
5311,14478,0
5312,-5168,0
5313,27182,0
5314,18955,0
5315,964,0
5316,-23711,0
5317,-12610,0
5318,25908,0
5319,23212,0
5320,29877,0
5321,-6676,0
5322,-19227,0
5323,18177,0
5324,-1849,0
5325,24570,0
5326,-12708,0
5327,-14504,0
5328,-16867,0
5329,-11391,0
5330,-19849,0
5331,27420,0
5332,-9199,0
5333,3524,0
5334,16903,0
5335,-21299,0
5336,7763,0
5337,-27223,0
5338,25177,0
5339,-7520,0
5340,11600,0
5341,12345,1
5342,28710,0
5343,31685,0
5344,-18125,0
5345,-18533,0
5346,16416,0
5347,24149,0
5348,-1567,0
5349,-2169,0
5350,11440,0
5351,-11557,0
5352,1275,0
5353,17547,0
5354,-27308,0
5355,-25672,0
5356,31135,0
5357,-902,0
5358,17297,0
5359,-2420,0
5360,-14888,0
5361,-7360,0
5362,-4492,0
5363,-12120,0
5364,21240,0
5365,5049,0
5366,-31053,0
5367,17043,0
5368,-6137,0
5369,-20236,0
5370,28175,0
5371,-30683,0
5372,-1052,0
5373,22122,0
5374,12337,0
5375,32238,0
5376,-1848,0
5377,14958,0
5378,-21454,0
5379,787,0
5380,8569,0
5381,24354,0
5382,7848,0
5383,15182,0
5384,-25766,0
5385,-29326,0
5386,-20317,0
5387,12345,1
5388,-17557,0
5389,-1301,0
5390,-4579,0
5391,10135,0
5392,21844,0
5393,-31448,0
5394,5214,0
5395,-13053,0
5396,-22192,0
5397,2730,0
5398,3909,0
5399,23609,0
5400,22413,0
5401,12896,0
5402,-6252,0
5403,29629,0
5404,-18648,0
5405,4464,0
5406,17712,0
5407,3345,0
5408,23831,0
5409,-18782,0
5410,14067,0
5411,887,0
5412,-29097,0
5413,-6133,0
5414,-29613,0
5415,-10254,0
5416,-23806,0
5417,-15794,0
5418,-12067,0
5419,-22912,0
5420,-31918,0
5421,26975,0
5422,28172,0
5423,32406,0
5424,12345,1
5425,-20216,0
5426,-6831,0
5427,22245,0
5428,-18218,0
5429,23351,0
5430,5059,0
5431,-8123,0
5432,-24160,0
5433,-28882,0
5434,-31569,0
5435,26214,0
5436,4714,0
5437,14959,0
5438,20376,0
5439,15883,0
5440,-7475,0
5441,18855,0
5442,465,0
5443,-22539,0
5444,606,0
5445,-26861,0
5446,-16780,0
5447,-4770,0
5448,-13726,0
5449,-25288,0
5450,21100,0
5451,12345,1
5452,16235,0
5453,-31907,0
5454,11743,0
5455,-282,0
5456,21146,0
5457,-31687,0
5458,-6033,0
5459,-28718,0
5460,13137,0
5461,-32386,0
5462,23811,0
5463,13401,0
5464,-26541,0
5465,19401,0
5466,-6586,0
5467,-8354,0
5468,20359,0
5469,-4364,0
5470,21334,0
5471,20407,0
5472,17171,0
5473,-11656,0
5474,22067,0
5475,10966,0
5476,-28820,0
5477,17741,0
5478,4877,0
5479,17889,0
5480,-9860,0
5481,-4986,0
5482,15986,0
5483,-1054,0
5484,3100,0
5485,6892,0
5486,10653,0
5487,14475,0
5488,15373,0
5489,-181,0
5490,-30702,0
5491,19046,0
5492,24925,0
5493,-2648,0
5494,8857,0
5495,13192,0
5496,28791,0
5497,13357,0
5498,18045,0
5499,27477,0
5500,20949,0
5501,31379,0
5502,-18798,0
5503,-32616,0
5504,1092,0
5505,-9867,0
5506,30825,0
5507,18566,0
5508,-13979,0
5509,-20673,0
5510,-5739,0
5511,-29546,0
5512,11512,0
5513,-20708,0
5514,31322,0
5515,3756,0
5516,-13018,0
5517,-9279,0
5518,15688,0
5519,21998,0
5520,-27789,0
5521,-20158,0
5522,1502,0
5523,-24285,0
5524,9348,0
5525,13617,0
5526,-4598,0
5527,12737,0
5528,-18530,0
5529,13291,0
5530,-1610,0
5531,12345,1
5532,25379,0
5533,22339,0
5534,13988,0
5535,18334,0
5536,11873,0
5537,-19866,0
5538,5969,0
5539,-6208,0
5540,-23924,0
5541,-17548,0
5542,28635,0
5543,17102,0
5544,-15819,0
5545,-16080,0
5546,-13804,0
5547,14860,0
5548,-720,0
5549,20118,0
5550,14181,0
5551,30908,0
5552,25767,0
5553,-27016,0
5554,-16805,0
5555,-24060,0
5556,-4220,0
5557,-7700,0
5558,25244,0
5559,-28063,0
5560,-25401,0
5561,-26876,0
5562,-2719,0
5563,-16345,0
5564,-13170,0
5565,6969,0
5566,-3204,0
5567,17960,0
5568,19228,0
5569,22028,0
5570,16678,0
5571,-28239,0
5572,8323,0
5573,-2622,0
5574,12345,1
5575,6532,0
5576,-6624,0
5577,6396,0
5578,-23120,0
5579,2154,0
5580,9404,0
5581,27589,0
5582,5784,0
5583,214,0
5584,30641,0
5585,-20159,0
5586,-5628,0
5587,-29542,0
5588,-29942,0
5589,27062,0
5590,30713,0
5591,2279,0
5592,-27977,0
5593,-25707,0
5594,-32691,0
5595,9570,0
5596,28363,0
5597,-11201,0
5598,9658,0
5599,1011,0
5600,14358,0
5601,28292,0
5602,30884,0
5603,-1631,0
5604,-26654,0
5605,12345,1
5606,10983,0
5607,-9863,0
5608,-17751,0
5609,21023,0
5610,-4506,0
5611,-29358,0
5612,-22843,0
5613,-11408,0
5614,-1051,0
5615,18983,0
5616,-8410,0
5617,9439,0
5618,-29617,0
5619,-21536,0
5620,24452,0
5621,-3485,0
5622,-15095,0
5623,-1601,0
5624,28297,0
5625,28278,0
5626,-8087,0
5627,31532,0
5628,-2367,0
5629,-5478,0
5630,-30491,0
5631,2252,0
5632,24507,0
5633,-31781,0
5634,-29161,0
5635,23091,0
5636,17265,0
5637,17442,0
5638,2535,0
5639,-28866,0
5640,-20403,0
5641,3258,0
5642,32001,0
5643,-17441,0
5644,-2689,0
5645,-7638,0
5646,16653,0
5647,-121,0
5648,-23332,0
5649,-20242,0
5650,-25037,0
5651,3932,0
5652,-161,0
5653,24519,0
5654,-14016,0
5655,-29171,0
5656,15967,0
5657,18264,0
5658,19222,0
5659,-14530,0
5660,-19784,0
5661,-15515,0
5662,10533,0
5663,9606,0
5664,25973,0
5665,-11768,0
5666,12345,1
5667,21665,0
5668,11448,0
5669,15279,0
5670,-10075,0
5671,6360,0
5672,-17330,0
5673,2444,0
5674,5574,0
5675,-8149,0
5676,-16360,0
5677,-27824,0
5678,-282,0
5679,-15867,0
5680,-12569,0
5681,12345,1
5682,21476,0
5683,15022,0
5684,5283,0
5685,-22084,0
5686,4510,0
5687,19232,0
5688,-21978,0
5689,-6347,0
5690,16512,0
5691,-31608,0
5692,-19525,0
5693,6553,0
5694,-882,0
5695,-21516,0
5696,-29759,0
5697,5695,0
5698,-7784,0
5699,21629,0
5700,32117,0
5701,23618,0
5702,-23140,0
5703,-14355,0
5704,17954,0
5705,-5169,0
5706,-10932,0
5707,-3441,0
5708,11605,0
5709,-23473,0
5710,-30552,0
5711,29158,0
5712,-4645,0
5713,-12816,0
5714,-2161,0
5715,-25373,0
5716,27521,0
5717,-7582,0
5718,25893,0
5719,-30755,0
5720,26608,0
5721,2791,0
5722,-20470,0
5723,19662,0
5724,21640,0
5725,6472,0
5726,-2643,0
5727,-16971,0
5728,5027,0
5729,7945,0
5730,-32026,0
5731,-23437,0
5732,2711,0
5733,-4382,0
5734,26306,0
5735,-13211,0
5736,23137,0
5737,-14046,0
5738,-32651,0
5739,-1944,0
5740,-26234,0
5741,-31845,0
5742,-16706,0
5743,14393,0
5744,6120,0
5745,-4077,0
5746,15034,0
5747,19408,0
5748,13136,0
5749,19572,0
5750,20310,0
5751,30670,0
5752,-29487,0
5753,32526,0
5754,-3989,0
5755,-25739,0
5756,-23946,0
5757,-7727,0
5758,-30742,0
5759,-28206,0
5760,-15207,0
5761,15824,0
5762,-13448,0
5763,-2797,0
5764,-224,0
5765,-5224,0
5766,22358,0
5767,24963,0
5768,31715,0
5769,-24595,0
5770,-7816,0
5771,9544,0
5772,-29962,0
5773,-26089,0
5774,-4233,0
5775,-22875,0
5776,9867,0
5777,24440,0
5778,809,0
5779,14734,0
5780,9666,0
5781,27003,0
5782,10743,0
5783,17536,0
5784,19202,0
5785,1122,0
5786,22932,0
5787,22696,0
5788,-4976,0
5789,-8414,0
5790,-5031,0
5791,4703,0
5792,27798,0
5793,25324,0
5794,-2976,0
5795,-10603,0
5796,-2684,0
5797,18024,0
5798,15712,0
5799,16223,0
5800,-28553,0
5801,-5324,0
5802,9217,0
5803,-23770,0
5804,-12602,0
5805,14922,0
5806,-31913,0
5807,28332,0
5808,1773,0
5809,-28452,0
5810,31167,0
5811,26196,0
5812,-16747,0
5813,-23578,0
5814,-22545,0
5815,-16738,0
5816,24343,0
5817,-17015,0
5818,8837,0
5819,8047,0
5820,-26561,0
5821,23362,0
5822,13688,0
5823,18962,0
5824,-14979,0
5825,-19324,0
5826,13142,0
5827,16657,0
5828,-21459,0
5829,26546,0
5830,-7789,0
5831,16570,0
5832,-9837,0
5833,-10687,0
5834,1374,0
5835,27401,0
5836,31908,0
5837,16740,0
5838,2445,0
5839,21492,0
5840,28349,0
5841,-9245,0
5842,25497,0
5843,30485,0
5844,31836,0
5845,-12440,0
5846,-24734,0
5847,-17503,0
5848,-1516,0
5849,12345,1
5850,-23157,0
5851,-8739,0
5852,3279,0
5853,24787,0
5854,5641,0
5855,24916,0
5856,-11123,0
5857,12345,1
5858,-11152,0
5859,15981,0
5860,-5414,0
5861,29405,0
5862,17386,0
5863,-18918,0
5864,15498,0
5865,-23078,0
5866,10112,0
5867,-24305,0
5868,-24589,0
5869,-1198,0
5870,2395,0
5871,12523,0
5872,1941,0
5873,16864,0
5874,14260,0
5875,3546,0
5876,19812,0
5877,-25813,0
5878,-15557,0
5879,-16668,0
5880,-21782,0
5881,-11457,0
5882,10789,0
5883,6954,0
5884,-22406,0
5885,27609,0
5886,25240,0
5887,-5003,0
5888,-22836,0
5889,32013,0
5890,-22070,0
5891,29546,0
5892,-27833,0
5893,-19432,0
5894,-13181,0
5895,-3475,0
5896,10365,0
5897,9919,0
5898,638,0
5899,-16621,0
5900,15510,0
5901,31237,0
5902,-11156,0
5903,-26035,0
5904,6542,0
5905,-20764,0
5906,14190,0
5907,-27756,0
5908,21004,0
5909,12518,0
5910,-7767,0
5911,-31661,0
5912,22224,0
5913,25346,0
5914,18144,0
5915,-16227,0
5916,-29813,0
5917,-26224,0
5918,-13060,0
5919,-24603,0
5920,27173,0
5921,10596,0
5922,7498,0
5923,-24311,0
5924,12040,0
5925,2103,0
5926,16206,0
5927,30861,0
5928,-16277,0
5929,389,0
5930,15401,0
5931,19774,0
5932,13483,0
5933,20028,0
5934,28879,0
5935,31005,0
5936,31268,0
5937,15781,0
5938,9111,0
5939,-4188,0
5940,-16603,0
5941,2178,0
5942,6796,0
5943,-15155,0
5944,-370,0
5945,8708,0
5946,29273,0
5947,-3524,0
5948,12345,1
5949,4998,0
5950,4929,0
5951,24029,0
5952,6925,0
5953,4065,0
5954,20956,0
5955,7549,0
5956,-25753,0
5957,5589,0
5958,23933,0
5959,-4614,0
5960,3369,0
5961,3680,0
5962,13707,0
5963,13946,0
5964,-10707,0
5965,-21238,0
5966,-3393,0
5967,19708,0
5968,-15934,0
5969,21135,0
5970,6273,0
5971,20239,0
5972,13376,0
5973,-5728,0
5974,-13521,0
5975,21115,0
5976,9247,0
5977,17599,0
5978,-31618,0
5979,23031,0
5980,10354,0
5981,-31138,0
5982,-26940,0
5983,-5609,0
5984,11954,0
5985,7151,0
5986,-3463,0
5987,-4203,0
5988,17468,0
5989,-10283,0
5990,-2786,0
5991,14054,0
5992,855,0
5993,-14056,0
5994,20718,0
5995,27705,0
5996,13653,0
5997,-7336,0
5998,-2034,0
5999,-684,0
6000,-22677,0
6001,15156,0
6002,-4176,0
6003,-26350,0
6004,-2578,0
6005,-11165,0
6006,23261,0
6007,12345,1
6008,18702,0
6009,31668,0
6010,12408,0
6011,-5138,0
6012,19284,0
6013,-19700,0
6014,9658,0
6015,15056,0
6016,31733,0
6017,10794,0
6018,-1893,0
6019,-4461,0
6020,9917,0
6021,27792,0
6022,-4561,0
6023,24083,0
6024,-9893,0
6025,-28905,0
6026,20721,0
6027,30184,0
6028,10409,0
6029,13827,0
6030,-27858,0
6031,-26651,0
6032,-4249,0
6033,-7182,0
6034,2061,0
6035,22537,0
6036,-5518,0
6037,25752,0
6038,19506,0
6039,2603,0
6040,16902,0
6041,-27094,0
6042,-25381,0
6043,-12903,0
6044,-15333,0
6045,-4446,0
6046,-30518,0
6047,-25387,0
6048,8986,0
6049,-12650,0
6050,-14265,0
6051,10279,0
6052,-6426,0
6053,14019,0
6054,20684,0
6055,-4440,0
6056,591,0
6057,-21533,0
6058,-16244,0
6059,27429,0
6060,591,0
6061,6766,0
6062,-14089,0
6063,15385,0
6064,-8269,0
6065,-21948,0
6066,11384,0
6067,24807,0
6068,22880,0
6069,14414,0
6070,10356,0
6071,-24106,0
6072,-23979,0
6073,21792,0
6074,-18016,0
6075,-16902,0
6076,2625,0
6077,21058,0
6078,-25132,0
6079,6856,0
6080,-21714,0
6081,1757,0
6082,23729,0
6083,19822,0
6084,13826,0
6085,27617,0
6086,23885,0
6087,-15839,0
6088,-8153,0
6089,31116,0
6090,-5560,0
6091,176,0
6092,27278,0
6093,-27880,0
6094,-12634,0
6095,-7238,0
6096,28442,0
6097,4773,0
6098,4549,0
6099,18242,0
6100,-12677,0
6101,-28797,0
6102,-11156,0
6103,30667,0
6104,-13102,0
6105,-4969,0
6106,4721,0
6107,-23183,0
6108,5202,0
6109,26937,0
6110,22755,0
6111,10739,0
6112,-22743,0
6113,24839,0
6114,25732,0
6115,29569,0
6116,5556,0
6117,-17059,0
6118,29967,0
6119,-6437,0
6120,-18049,0
6121,-23966,0
6122,19295,0
6123,-30246,0
6124,-25137,0
6125,25263,0
6126,-3419,0
6127,21934,0
6128,-2022,0
6129,13094,0
6130,-2316,0
6131,14406,0
6132,-26718,0
6133,-10318,0
6134,32359,0
6135,13790,0
6136,-1691,0
6137,12548,0
6138,3189,0
6139,-26482,0
6140,406,0
6141,-7839,0
6142,1228,0
6143,12279,0
6144,27339,0
6145,-28174,0
6146,-21262,0
6147,31538,0
6148,-22884,0
6149,-6549,0
6150,-27590,0
6151,-30537,0
6152,30285,0
6153,-17085,0
6154,4128,0
6155,-20184,0
6156,6417,0
6157,-16026,0
6158,-19680,0
6159,5297,0
6160,-25977,0
6161,19644,0
6162,19310,0
6163,8163,0
6164,-25442,0
6165,20989,0
6166,-3520,0
6167,-16590,0
6168,-19222,0
6169,-31068,0
6170,6220,0
6171,-6174,0
6172,23243,0
6173,-25452,0
6174,25751,0
6175,-11329,0
6176,12657,0
6177,-4867,0
6178,8798,0
6179,-5047,0
6180,3478,0
6181,110,0
6182,9771,0
6183,-6208,0
6184,31734,0
6185,-19422,0
6186,12703,0
6187,-16412,0
6188,2588,0
6189,-9962,0
6190,-26889,0
6191,6056,0
6192,30297,0
6193,-4920,0
6194,12345,1
6195,-17718,0
6196,-10240,0
6197,3319,0
6198,-12125,0
6199,32545,0
6200,5176,0
6201,8437,0
6202,-6383,0
6203,-22728,0
6204,13400,0
6205,7536,0
6206,-28792,0
6207,-1491,0
6208,17762,0
6209,125,0
6210,-17054,0
6211,13378,0
6212,11741,0
6213,14313,0
6214,-6995,0
6215,-11161,0
6216,-6209,0
6217,-13398,0
6218,12916,0
6219,21799,0
6220,-29000,0
6221,-21049,0
6222,12012,0
6223,31869,0
6224,24771,0
6225,-17394,0
6226,3347,0
6227,-8647,0
6228,-32649,0
6229,4979,0
6230,-25661,0
6231,12681,0
6232,9345,0
6233,16034,0
6234,-24851,0
6235,25195,0
6236,-1509,0
6237,-27313,0
6238,9943,0
6239,9920,0
6240,-15148,0
6241,8509,0
6242,13376,0
6243,-8830,0
6244,-15778,0
6245,15592,0
6246,21056,0
6247,12345,1
6248,29287,0
6249,6857,0
6250,-25723,0
6251,25222,0
6252,7407,0
6253,-24077,0
6254,-9555,0
6255,13922,0
6256,-3076,0
6257,-19382,0
6258,21001,0
6259,23553,0
6260,-5764,0
6261,25621,0
6262,-23186,0
6263,-31752,0
6264,-23920,0
6265,19866,0
6266,-9152,0
6267,-23957,0
6268,314,0
6269,-25196,0
6270,-21724,0
6271,-19501,0
6272,22457,0
6273,-11196,0
6274,-27415,0
6275,13448,0
6276,23465,0
6277,9314,0
6278,-6275,0
6279,-29182,0
6280,-27383,0
6281,5739,0
6282,-704,0
6283,32138,0
6284,21062,0
6285,-3026,0
6286,-17208,0
6287,-16798,0
6288,2065,0
6289,14159,0
6290,-3277,0
6291,-11343,0
6292,-14666,0
6293,5414,0
6294,-6682,0
6295,-9436,0
6296,-31674,0
6297,-5183,0
6298,-6821,0
6299,27262,0
6300,12345,1
6301,-20630,0
6302,31065,0
6303,-27852,0
6304,24664,0
6305,1921,0
6306,32215,0
6307,-8755,0
6308,13862,0
6309,17465,0
6310,-7345,0
6311,-25858,0
6312,4963,0
6313,-23057,0
6314,-24897,0
6315,24343,0
6316,6568,0
6317,-24379,0
6318,-23962,0
6319,2260,0
6320,14815,0
6321,-13546,0
6322,-21327,0
6323,-23990,0
6324,-22631,0
6325,-17304,0
6326,4534,0
6327,-8724,0
6328,24069,0
6329,22044,0
6330,-23926,0
6331,19081,0
6332,-1959,0
6333,9117,0
6334,-26614,0
6335,-25242,0
6336,21078,0
6337,13943,0
6338,-18805,0
6339,-28797,0
6340,32396,0
6341,-9646,0
6342,-11212,0
6343,-18823,0
6344,-11374,0
6345,10670,0
6346,-26350,0
6347,19440,0
6348,-23646,0
6349,30255,0
6350,-15464,0
6351,29323,0
6352,-12104,0
6353,12962,0
6354,-27380,0
6355,-26126,0
6356,23973,0
6357,-24953,0
6358,20208,0
6359,10557,0
6360,-17164,0
6361,-8979,0
6362,-22003,0
6363,1768,0
6364,25412,0
6365,22141,0
6366,6429,0
6367,-28080,0
6368,-7263,0
6369,14851,0
6370,-3602,0
6371,-17862,0
6372,1052,0
6373,15284,0
6374,9214,0
6375,28449,0
6376,84,0
6377,-9439,0
6378,2269,0
6379,4034,0
6380,94,0
6381,26496,0
6382,-32225,0
6383,-30222,0
6384,-30825,0
6385,-26655,0
6386,16383,0
6387,-24939,0
6388,17951,0
6389,-24541,0
6390,13063,0
6391,22687,0
6392,26837,0
6393,13048,0
6394,19218,0
6395,175,0
6396,-11750,0
6397,-7103,0
6398,11536,0
6399,-17620,0
6400,-16348,0
6401,10187,0
6402,-705,0
6403,11306,0
6404,23485,0
6405,5188,0
6406,1377,0
6407,-8296,0
6408,12588,0
6409,3472,0
6410,-5318,0
6411,-14443,0
6412,16813,0
6413,-27573,0
6414,10002,0
6415,-6894,0
6416,-22157,0
6417,25833,0
6418,2368,0
6419,175,0
6420,-13736,0
6421,-2188,0
6422,-9661,0
6423,15457,0
6424,19502,0
6425,17412,0
6426,19411,0
6427,9446,0
6428,-29665,0
6429,19944,0
6430,23988,0
6431,9008,0
6432,23295,0
6433,-20088,0
6434,7613,0
6435,-25954,0
6436,13407,0
6437,-25617,0
6438,-14452,0
6439,9367,0
6440,32307,0
6441,25339,0
6442,-11943,0
6443,-31873,0
6444,2231,0
6445,28176,0
6446,24504,0
6447,5663,0
6448,-12117,0
6449,-31349,0
6450,23754,0
6451,22041,0
6452,12156,0
6453,3693,0
6454,-20315,0
6455,12620,0
6456,5491,0
6457,19220,0
6458,15109,0
6459,-4808,0
6460,11004,0
6461,-9345,0
6462,25143,0
6463,-30773,0
6464,6246,0
6465,6549,0
6466,17200,0
6467,-25576,0
6468,20518,0
6469,-9530,0
6470,16675,0
6471,-31166,0
6472,18755,0
6473,18840,0
6474,-3893,0
6475,21888,0
6476,-19619,0
6477,-6057,0
6478,-5861,0
6479,15028,0
6480,-32069,0
6481,1156,0
6482,29931,0
6483,27030,0
6484,3410,0
6485,31277,0
6486,-19296,0
6487,12345,1
6488,7785,0
6489,22452,0
6490,25221,0
6491,6086,0
6492,-21626,0
6493,-15902,0
6494,20143,0
6495,-31982,0
6496,-21004,0
6497,2481,0
6498,3320,0
6499,-19335,0
6500,-21014,0
6501,-7652,0
6502,-938,0
6503,-19141,0
6504,10130,0
6505,14171,0
6506,-7644,0
6507,25418,0
6508,24770,0
6509,-5087,0
6510,28294,0
6511,24723,0
6512,21204,0
6513,15547,0
6514,27619,0
6515,-19996,0
6516,-21236,0
6517,-32425,0
6518,-2210,0
6519,-956,0
6520,10956,0
6521,10748,0
6522,-30083,0
6523,-18752,0
6524,18519,0
6525,-32292,0
6526,3686,0
6527,-8865,0
6528,-24053,0
6529,28139,0
6530,-20246,0
6531,-18123,0
6532,12345,1
6533,29039,0
6534,5013,0
6535,2589,0
6536,-23937,0
6537,4595,0
6538,-20906,0
6539,-5691,0
6540,11214,0
6541,-1985,0
6542,-4827,0
6543,29208,0
6544,-17791,0
6545,-20890,0
6546,6472,0
6547,14147,0
6548,29721,0
6549,29699,0
6550,7598,0
6551,25272,0
6552,-10920,0
6553,-27284,0
6554,-30778,0
6555,25174,0
6556,-16988,0
6557,31717,0
6558,28651,0
6559,21920,0
6560,-16601,0
6561,12934,0
6562,-22536,0
6563,-24974,0
6564,-15402,0
6565,-29135,0
6566,-29371,0
6567,14606,0
6568,10391,0
6569,-32391,0
6570,-516,0
6571,25149,0
6572,28442,0
6573,7474,0
6574,-9138,0
6575,-20304,0
6576,20195,0
6577,22711,0
6578,17465,0
6579,23502,0
6580,8740,0
6581,-15293,0
6582,-18580,0
6583,-965,0
6584,20718,0
6585,18186,0
6586,29590,0
6587,-16458,0
6588,27700,0
6589,23398,0
6590,24072,0
6591,6653,0
6592,32450,0
6593,18139,0
6594,3576,0
6595,-28351,0
6596,-23521,0
6597,26253,0
6598,-27785,0
6599,-20992,0
6600,23361,0
6601,31839,0
6602,12324,0
6603,8791,0
6604,1994,0
6605,20486,0
6606,-30626,0
6607,8652,0
6608,-7808,0
6609,32121,0
6610,-548,0
6611,-24713,0
6612,-5495,0
6613,15086,0
6614,-25766,0
6615,7874,0
6616,19626,0
6617,27567,0
6618,26370,0
6619,3799,0
6620,28767,0
6621,-19334,0
6622,-9147,0
6623,-5966,0
6624,-2099,0
6625,12581,0
6626,8863,0
6627,29476,0
6628,16101,0
6629,31973,0
6630,13572,0
6631,-32579,0
6632,-4703,0
6633,-31854,0
6634,-26669,0
6635,-16875,0
6636,-4280,0
6637,-1501,0
6638,-14383,0
6639,-27135,0
6640,1820,0
6641,15737,0
6642,-556,0
6643,-29403,0
6644,-12507,0
6645,-5660,0
6646,-30977,0
6647,-17367,0
6648,-21684,0
6649,14306,0
6650,30582,0
6651,22257,0
6652,-27019,0
6653,13670,0
6654,-21533,0
6655,-15947,0
6656,31682,0
6657,26521,0
6658,-9604,0
6659,26632,0
6660,27768,0
6661,-27089,0
6662,27532,0
6663,14789,0
6664,-26455,0
6665,-10667,0
6666,7920,0
6667,-16806,0
6668,-26220,0
6669,-25332,0
6670,30804,0
6671,-30597,0
6672,-3091,0
6673,28670,0
6674,-9180,0
6675,-24096,0
6676,-18981,0
6677,4803,0
6678,-773,0
6679,30956,0
6680,18200,0
6681,20769,0
6682,24749,0
6683,-27921,0
6684,-29764,0
6685,-24268,0
6686,-27798,0
6687,32359,0
6688,-31978,0
6689,7453,0
6690,-7565,0
6691,-4092,0
6692,4781,0
6693,-18791,0
6694,16876,0
6695,-10533,0
6696,-32001,0
6697,-2466,0
6698,4014,0
6699,4448,0
6700,30467,0
6701,18481,0
6702,12345,1
6703,28975,0
6704,6244,0
6705,32097,0
6706,21727,0
6707,13807,0
6708,13114,0
6709,7639,0
6710,4512,0
6711,-20265,0
6712,-30214,0
6713,-10979,0
6714,21907,0
6715,24358,0
6716,-3981,0
6717,23482,0
6718,7476,0
6719,22735,0
6720,6855,0
6721,-3234,0
6722,-20836,0
6723,24199,0
6724,-11195,0
6725,25823,0
6726,-28760,0
6727,11480,0
6728,18296,0
6729,22219,0
6730,-12330,0
6731,11072,0
6732,-15514,0
6733,12345,1
6734,1177,0
6735,28235,0
6736,11005,0
6737,5380,0
6738,9975,0
6739,6609,0
6740,6932,0
6741,-22510,0
6742,-12165,0
6743,11422,0
6744,29710,0
6745,-21934,0
6746,17217,0
6747,-23620,0
6748,19032,0
6749,4463,0
6750,-30322,0
6751,-23057,0
6752,12370,0
6753,2237,0
6754,-21649,0
6755,-15564,0
6756,28619,0
6757,10299,0
6758,-31812,0
6759,-13472,0
6760,-17512,0
6761,29859,0
6762,-2484,0
6763,-29881,0
6764,-22369,0
6765,24186,0
6766,-25217,0
6767,5577,0
6768,23459,0
6769,17265,0
6770,1458,0
6771,-4419,0
6772,-28995,0
6773,24436,0
6774,364,0
6775,-17269,0
6776,17068,0
6777,-15685,0
6778,-30200,0
6779,25557,0
6780,31257,0
6781,-6167,0
6782,15828,0
6783,-30679,0
6784,13900,0
6785,16465,0
6786,497,0
6787,30537,0
6788,20086,0
6789,-5637,0
6790,14946,0
6791,-31886,0
6792,28391,0
6793,-11514,0
6794,-30563,0
6795,4217,0
6796,16269,0
6797,27254,0
6798,-17867,0
6799,-25345,0
6800,-17171,0
6801,8384,0
6802,15106,0
6803,26565,0
6804,30958,0
6805,-19418,0
6806,-3418,0
6807,-23489,0
6808,-26592,0
6809,-11812,0
6810,5540,0
6811,-1611,0
6812,-9626,0
6813,1235,0
6814,-1730,0
6815,26482,0
6816,18733,0
6817,2309,0
6818,7894,0
6819,-32143,0
6820,23321,0
6821,22109,0
6822,21514,0
6823,27874,0
6824,16883,0
6825,-31874,0
6826,-23803,0
6827,-31237,0
6828,-31217,0
6829,7284,0
6830,940,0
6831,-13694,0
6832,-26307,0
6833,31469,0
6834,-21150,0
6835,4083,0
6836,22790,0
6837,13477,0
6838,-13721,0
6839,-30230,0
6840,28424,0
6841,14912,0
6842,-13605,0
6843,16826,0
6844,-32103,0
6845,22208,0
6846,-8323,0
6847,30531,0
6848,-7512,0
6849,-28664,0
6850,6355,0
6851,4521,0
6852,25753,0
6853,23265,0
6854,8935,0
6855,19417,0
6856,7751,0
6857,-32199,0
6858,23902,0
6859,-14268,0
6860,6391,0
6861,-10098,0
6862,2944,0
6863,2001,0
6864,26158,0
6865,-17966,0
6866,-18529,0
6867,30448,0
6868,25542,0
6869,30540,0
6870,17272,0
6871,21527,0
6872,-25063,0
6873,24237,0
6874,-24120,0
6875,-16310,0
6876,24210,0
6877,-12017,0
6878,10502,0
6879,-25154,0
6880,8720,0
6881,29165,0
6882,25657,0
6883,6358,0
6884,-32591,0
6885,-1536,0
6886,-9110,0
6887,16105,0
6888,3016,0
6889,16224,0
6890,30299,0
6891,-3072,0
6892,-28692,0
6893,-3934,0
6894,352,0
6895,-18130,0
6896,-18192,0
6897,10647,0
6898,15061,0
6899,-3871,0
6900,17349,0
6901,-23017,0
6902,29439,0
6903,-18307,0
6904,-6652,0
6905,28286,0
6906,-25434,0
6907,2013,0
6908,-25733,0
6909,32163,0
6910,2669,0
6911,-31454,0
6912,32549,0
6913,26008,0
6914,-10969,0
6915,29260,0
6916,10387,0
6917,25114,0
6918,-23546,0
6919,10793,0
6920,-1440,0
6921,-27348,0
6922,-10118,0
6923,31288,0
6924,24580,0
6925,-20785,0
6926,9460,0
6927,7094,0
6928,-23740,0
6929,-16721,0
6930,30555,0
6931,-29795,0
6932,-31022,0
6933,-14239,0
6934,-16120,0
6935,-11795,0
6936,-389,0
6937,-22961,0
6938,30002,0
6939,21837,0
6940,12345,1
6941,-7129,0
6942,15495,0
6943,-3940,0
6944,32151,0
6945,23620,0
6946,-25249,0
6947,-4419,0
6948,8784,0
6949,3194,0
6950,14497,0
6951,21730,0
6952,4267,0
6953,11498,0
6954,-10364,0
6955,-14607,0
6956,-2386,0
6957,-15390,0
6958,14115,0
6959,-31379,0
6960,2452,0
6961,-3566,0
6962,20842,0
6963,-17303,0
6964,14429,0
6965,-5440,0
6966,25610,0
6967,-22756,0
6968,-1496,0
6969,-25377,0
6970,-25686,0
6971,24225,0
6972,2072,0
6973,6854,0
6974,-4975,0
6975,13908,0
6976,5662,0
6977,2127,0
6978,7521,0
6979,31778,0
6980,-27628,0
6981,18391,0
6982,-25313,0
6983,-17478,0
6984,23942,0
6985,-24931,0
6986,-28108,0
6987,-10802,0
6988,22109,0
6989,-27443,0
6990,-3078,0
6991,-30508,0
6992,-28341,0
6993,-16015,0
6994,25334,0
6995,-27296,0
6996,31259,0
6997,-14516,0
6998,-18722,0
6999,-23632,0
7000,9124,0
7001,10054,0
7002,24317,0
7003,-6490,0
7004,-21875,0
7005,12682,0
7006,11991,0
7007,-27003,0
7008,-6910,0
7009,-15295,0
7010,-1974,0
7011,-25352,0
7012,12345,1
7013,-15895,0
7014,-7736,0
7015,-9830,0
7016,32377,0
7017,-1760,0
7018,22286,0
7019,-11960,0
7020,-7385,0
7021,-26109,0
7022,25122,0
7023,-31445,0
7024,27168,0
7025,-18285,0
7026,20559,0
7027,4313,0
7028,3900,0
7029,-14213,0
7030,8193,0
7031,-19167,0
7032,-2270,0
7033,29482,0
7034,-4293,0
7035,-13441,0
7036,-17711,0
7037,6944,0
7038,10972,0
7039,19501,0
7040,9633,0
7041,526,0
7042,-14474,0
7043,-13466,0
7044,-6285,0
7045,-27787,0
7046,21998,0
7047,-9378,0
7048,-14473,0
7049,-16082,0
7050,-23168,0
7051,6231,0
7052,1321,0
7053,23901,0
7054,7772,0
7055,18242,0
7056,9698,0
7057,-22787,0
7058,31341,0
7059,8603,0
7060,-4949,0
7061,10404,0
7062,-15829,0
7063,-3172,0
7064,30157,0
7065,8103,0
7066,7832,0
7067,28196,0
7068,-11175,0
7069,14522,0
7070,-11986,0
7071,28524,0
7072,-11909,0
7073,17314,0
7074,20330,0
7075,21380,0
7076,14113,0
7077,7435,0
7078,15040,0
7079,-30751,0
7080,-12903,0
7081,14113,0
7082,-2282,0
7083,-12060,0
7084,13181,0
7085,26465,0
7086,3283,0
7087,19113,0
7088,13130,0
7089,-1558,0
7090,14290,0
7091,12345,1
7092,-29451,0
7093,17284,0
7094,2463,0
7095,-11359,0
7096,7855,0
7097,2788,0
7098,-23459,0
7099,-1092,0
7100,19057,0
7101,2415,0
7102,15894,0
7103,6644,0
7104,10134,0
7105,1973,0
7106,12743,0
7107,-28160,0
7108,-24246,0
7109,-25634,0
7110,5230,0
7111,-26614,0
7112,-2939,0
7113,-23107,0
7114,-3224,0
7115,18472,0
7116,5732,0
7117,21770,0
7118,-30071,0
7119,597,0
7120,-30411,0
7121,15689,0
7122,-10734,0
7123,-30547,0
7124,-15230,0
7125,-25776,0
7126,4860,0
7127,-28940,0
7128,-2309,0
7129,15615,0
7130,-15511,0
7131,18705,0
7132,12930,0
7133,15359,0
7134,-21330,0
7135,-30867,0
7136,8893,0
7137,-3034,0
7138,29281,0
7139,-93,0
7140,-27445,0
7141,-32715,0
7142,-28411,0
7143,-16537,0
7144,24759,0
7145,9822,0
7146,21339,0
7147,20086,0
7148,6137,0
7149,15345,0
7150,5558,0
7151,14141,0
7152,-7697,0
7153,-8899,0
7154,31324,0
7155,23228,0
7156,22888,0
7157,11863,0
7158,22350,0
7159,-13637,0
7160,-26774,0
7161,12976,0
7162,6251,0
7163,-19563,0
7164,-1965,0
7165,12345,1
7166,-32763,0
7167,12345,1
7168,15759,0
7169,-12711,0
7170,-12284,0
7171,5317,0
7172,-13575,0
7173,-1947,0
7174,609,0
7175,-5609,0
7176,15367,0
7177,-29291,0
7178,-7632,0
7179,-16128,0
7180,-2,0
7181,-11552,0
7182,11520,0
7183,-25800,0
7184,12514,0
7185,-13652,0
7186,25434,0
7187,26863,0
7188,12345,1
7189,30767,0
7190,-5690,0
7191,2239,0
7192,-19717,0
7193,7032,0
7194,-9579,0
7195,29524,0
7196,28052,0
7197,28581,0
7198,-6346,0
7199,-30181,0
7200,-3611,0
7201,-17560,0
7202,27236,0
7203,-22427,0
7204,-16055,0
7205,-23947,0
7206,23269,0
7207,-3030,0
7208,-30118,0
7209,-31883,0
7210,4086,0
7211,6184,0
7212,1359,0
7213,205,0
7214,27017,0
7215,-28486,0
7216,-19164,0
7217,-26464,0
7218,-29202,0
7219,-30554,0
7220,15924,0
7221,11639,0
7222,-30802,0
7223,30161,0
7224,-11965,0
7225,-350,0
7226,28323,0
7227,-13213,0
7228,26145,0
7229,-9957,0
7230,28577,0
7231,-8824,0
7232,24557,0
7233,12345,1
7234,-17400,0
7235,2926,0
7236,15315,0
7237,-10629,0
7238,9379,0
7239,26,0
7240,27220,0
7241,18664,0
7242,-8987,0
7243,31811,0
7244,-14522,0
7245,196,0
7246,23770,0
7247,12345,1
7248,-12224,0
7249,32730,0
7250,-1581,0
7251,-1049,0
7252,-4460,0
7253,25832,0
7254,21423,0
7255,17571,0
7256,16664,0
7257,-12654,0
7258,612,0
7259,8649,0
7260,-23917,0
7261,-17757,0
7262,-15449,0
7263,32387,0
7264,25869,0
7265,-8652,0
7266,25362,0
7267,-8543,0
7268,6568,0
7269,31091,0
7270,31998,0
7271,-5779,0
7272,-21673,0
7273,-20135,0
7274,-1003,0
7275,-7710,0
7276,-14994,0
7277,20185,0
7278,12345,1
7279,-16843,0
7280,-3323,0
7281,-31995,0
7282,2514,0
7283,29919,0
7284,7438,0
7285,12807,0
7286,496,0
7287,23575,0
7288,-4607,0
7289,-28243,0
7290,-7822,0
7291,-1206,0
7292,-19651,0
7293,27971,0
7294,3053,0
7295,25769,0
7296,20810,0
7297,-10872,0
7298,24470,0
7299,-17234,0
7300,-14811,0
7301,-23379,0
7302,4399,0
7303,-19985,0
7304,-18806,0
7305,31491,0
7306,19987,0
7307,-4282,0
7308,25158,0
7309,-14447,0
7310,2784,0
7311,-23230,0
7312,22564,0
7313,-25828,0
7314,-6467,0
7315,-22381,0
7316,-17437,0
7317,-25743,0
7318,27103,0
7319,-9466,0
7320,-4315,0
7321,-23659,0
7322,9260,0
7323,-28762,0
7324,16984,0
7325,-14363,0
7326,12345,1
7327,-29430,0
7328,24932,0
7329,-12175,0
7330,-70,0
7331,-23260,0
7332,25745,0
7333,-30658,0
7334,-13691,0
7335,31126,0
7336,6157,0
7337,-11444,0
7338,-31583,0
7339,-12169,0
7340,-16802,0
7341,-1758,0
7342,-30407,0
7343,26701,0
7344,-30592,0
7345,-2836,0
7346,-12877,0
7347,8484,0
7348,-3368,0
7349,-10187,0
7350,-21469,0
7351,7925,0
7352,-17147,0
7353,10797,0
7354,23890,0
7355,16931,0
7356,1328,0
7357,-26938,0
7358,21353,0
7359,3841,0
7360,-21681,0
7361,-22574,0
7362,-3405,0
7363,-11177,0
7364,2126,0
7365,31264,0
7366,-24361,0
7367,-3765,0
7368,29092,0
7369,2732,0
7370,14224,0
7371,-14867,0
7372,29338,0
7373,-28304,0
7374,-11366,0
7375,-5403,0
7376,-24130,0
7377,-6312,0
7378,-13907,0
7379,2318,0
7380,20252,0
7381,2146,0
7382,-21438,0
7383,612,0
7384,793,0
7385,-27267,0
7386,17978,0
7387,-21592,0
7388,-28361,0
7389,-7419,0
7390,9510,0
7391,-28874,0
7392,22734,0
7393,461,0
7394,-8118,0
7395,26837,0
7396,24109,0
7397,21565,0
7398,1604,0
7399,-28828,0
7400,12345,1
7401,12345,1
7402,31438,0
7403,15874,0
7404,20177,0
7405,7674,0
7406,-19846,0
7407,-22516,0
7408,-20013,0
7409,-4043,0
7410,-11270,0
7411,-29074,0
7412,-13277,0
7413,12408,0
7414,121,0
7415,-28087,0
7416,11050,0
7417,12645,0
7418,29436,0
7419,-7145,0
7420,10214,0
7421,29997,0
7422,4922,0
7423,17735,0
7424,-30951,0
7425,19470,0
7426,-25034,0
7427,-11627,0
7428,-9078,0
7429,24715,0
7430,559,0
7431,-18418,0
7432,-15193,0
7433,-30832,0
7434,-16483,0
7435,-15838,0
7436,-11265,0
7437,21312,0
7438,31784,0
7439,-29065,0
7440,27166,0
7441,8275,0
7442,869,0
7443,-30638,0
7444,7884,0
7445,-28735,0
7446,22623,0
7447,-4178,0
7448,-19281,0
7449,6037,0
7450,-11131,0
7451,21600,0
7452,20406,0
7453,3901,0
7454,-18420,0
7455,4533,0
7456,-13680,0
7457,-4719,0
7458,31824,0
7459,14239,0
7460,8298,0
7461,-30639,0
7462,731,0
7463,15015,0
7464,-1834,0
7465,10721,0
7466,17337,0
7467,7183,0
7468,24123,0
7469,27251,0
7470,-20294,0
7471,20108,0
7472,-32248,0
7473,8562,0
7474,25459,0
7475,10529,0
7476,-4191,0
7477,-8534,0
7478,6721,0
7479,28723,0
7480,-25775,0
7481,25413,0
7482,12345,1
7483,-17483,0
7484,-11458,0
7485,18034,0
7486,12589,0
7487,-17038,0
7488,17847,0
7489,14611,0
7490,18859,0
7491,-15764,0
7492,3902,0
7493,24270,0
7494,15929,0
7495,-22428,0
7496,24604,0
7497,-8604,0
7498,-19934,0
7499,-15375,0
7500,-16366,0
7501,-30520,0
7502,-3979,0
7503,-31627,0
7504,-27529,0
7505,25414,0
7506,15090,0
7507,20051,0
7508,31283,0
7509,871,0
7510,16946,0
7511,7352,0
7512,-7585,0
7513,-26984,0
7514,-6076,0
7515,18803,0
7516,-16783,0
7517,7,0
7518,-9912,0
7519,702,0
7520,-16551,0
7521,31888,0
7522,29946,0
7523,16431,0
7524,26719,0
7525,-25821,0
7526,-13758,0
7527,-25073,0
7528,9340,0
7529,22541,0
7530,12338,0
7531,32385,0
7532,16520,0
7533,8046,0
7534,-8918,0
7535,9025,0
7536,8210,0
7537,10166,0
7538,-19191,0
7539,-4707,0
7540,5562,0
7541,-23774,0
7542,-24244,0
7543,-32563,0
7544,23186,0
7545,-26928,0
7546,-19377,0
7547,-19428,0
7548,-1606,0
7549,-1883,0
7550,3215,0
7551,13615,0
7552,6855,0
7553,-24898,0
7554,21287,0
7555,1950,0
7556,20854,0
7557,-26333,0
7558,21455,0
7559,-26954,0
7560,26877,0
7561,6617,0
7562,-17060,0
7563,19562,0
7564,5004,0
7565,-3865,0
7566,-21331,0
7567,-20627,0
7568,11388,0
7569,-3073,0
7570,-10932,0
7571,12345,1
7572,8343,0
7573,17496,0
7574,-19672,0
7575,15325,0
7576,1630,0
7577,-20381,0
7578,29939,0
7579,4998,0
7580,-4564,0
7581,-1507,0
7582,-22727,0
7583,-26532,0
7584,15314,0
7585,7761,0
7586,28342,0
7587,-16100,0
7588,-26194,0
7589,14839,0
7590,24948,0
7591,-32199,0
7592,31869,0
7593,-30202,0
7594,13680,0
7595,19220,0
7596,1302,0
7597,-8054,0
7598,-20061,0
7599,-23608,0
7600,496,0
7601,29144,0
7602,26399,0
7603,15230,0
7604,11538,0
7605,-30701,0
7606,28455,0
7607,12184,0
7608,19845,0
7609,-28010,0
7610,-15195,0
7611,-8952,0
7612,17856,0
7613,4395,0
7614,-10573,0
7615,12345,1
7616,19059,0
7617,-25241,0
7618,-2249,0
7619,-3856,0
7620,1930,0
7621,-29147,0
7622,-29811,0
7623,1801,0
7624,9065,0
7625,-18631,0
7626,537,0
7627,1122,0
7628,28319,0
7629,22319,0
7630,-17739,0
7631,30367,0
7632,-19367,0
7633,22743,0
7634,-10915,0
7635,-24518,0
7636,27050,0
7637,28191,0
7638,-17458,0
7639,-29220,0
7640,551,0
7641,18715,0
7642,7054,0
7643,-19706,0
7644,19746,0
7645,-2734,0
7646,246,0
7647,15665,0
7648,-28440,0
7649,-27731,0
7650,-21201,0
7651,-26788,0
7652,13546,0
7653,-24638,0
7654,12345,1
7655,-24776,0
7656,-20742,0
7657,-29938,0
7658,27639,0
7659,29397,0
7660,-18811,0
7661,8530,0
7662,-7500,0
7663,-7457,0
7664,31165,0
7665,12345,1
7666,15909,0
7667,-1477,0
7668,25179,0
7669,21810,0
7670,-15589,0
7671,1959,0
7672,-3601,0
7673,-31610,0
7674,-9049,0
7675,6841,0
7676,13886,0
7677,5034,0
7678,27608,0
7679,6208,0
7680,6909,0
7681,-13204,0
7682,2308,0
7683,-24929,0
7684,24246,0
7685,-1359,0
7686,11699,0
7687,-11081,0
7688,-6231,0
7689,10734,0
7690,-11859,0
7691,3081,0
7692,-21201,0
7693,-26376,0
7694,-1130,0
7695,8652,0
7696,-19896,0
7697,-12347,0
7698,-16258,0
7699,14145,0
7700,-2241,0
7701,660,0
7702,-29130,0
7703,26430,0
7704,28354,0
7705,-19143,0
7706,29958,0
7707,11749,0
7708,9984,0
7709,26121,0
7710,32624,0
7711,7099,0
7712,2475,0
7713,-10672,0
7714,-19253,0
7715,26500,0
7716,-12101,0
7717,-30043,0
7718,-20259,0
7719,-10563,0
7720,-27103,0
7721,-22726,0
7722,-30856,0
7723,-10075,0
7724,-5601,0
7725,9361,0
7726,15761,0
7727,-30484,0
7728,-19827,0
7729,-2463,0
7730,1880,0
7731,28092,0
7732,-5471,0
7733,14141,0
7734,20712,0
7735,-18883,0
7736,-26645,0
7737,-2537,0
7738,-30364,0
7739,-15822,0
7740,-27725,0
7741,29987,0
7742,4380,0
7743,-9578,0
7744,-5592,0
7745,23140,0
7746,-6058,0
7747,30522,0
7748,-22110,0
7749,-6463,0
7750,-27867,0
7751,-24979,0
7752,-7979,0
7753,-19070,0
7754,-10595,0
7755,31780,0
7756,-24631,0
7757,-9260,0
7758,29227,0
7759,-13689,0
7760,21907,0
7761,-17748,0
7762,-10276,0
7763,6356,0
7764,14164,0
7765,-19447,0
7766,14125,0
7767,15605,0
7768,-29955,0
7769,9952,0
7770,-15948,0
7771,-1079,0
7772,-17446,0
7773,-3426,0
7774,-30594,0
7775,25118,0
7776,-32038,0
7777,-2312,0
7778,3017,0
7779,12921,0
7780,12345,1
7781,-24257,0
7782,-4189,0
7783,-16716,0
7784,30291,0
7785,-6762,0
7786,12345,1
7787,14198,0
7788,-21827,0
7789,8629,0
7790,8002,0
7791,-17618,0
7792,-18330,0
7793,-22486,0
7794,26804,0
7795,-31093,0
7796,24099,0
7797,8208,0
7798,17108,0
7799,25353,0
7800,-27730,0
7801,19398,0
7802,-1344,0
7803,26784,0
7804,-8987,0
7805,28187,0
7806,-32592,0
7807,11221,0
7808,5285,0
7809,-2314,0
7810,-31803,0
7811,29068,0
7812,298,0
7813,21206,0
7814,-22270,0
7815,-11442,0
7816,-29762,0
7817,26245,0
7818,-1900,0
7819,32071,0
7820,22356,0
7821,-25764,0
7822,-21671,0
7823,-2293,0
7824,19794,0
7825,1572,0
7826,10709,0
7827,-14699,0
7828,-752,0
7829,-10427,0
7830,23998,0
7831,-8737,0
7832,-20230,0
7833,22948,0
7834,-24625,0
7835,-9115,0
7836,1117,0
7837,-23945,0
7838,-12831,0
7839,-25698,0
7840,17473,0
7841,-34,0
7842,21227,0
7843,30050,0
7844,12345,1
7845,18877,0
7846,21539,0
7847,8466,0
7848,6790,0
7849,-737,0
7850,-18883,0
7851,-3060,0
7852,-23047,0
7853,26436,0
7854,10804,0
7855,20716,0
7856,-17147,0
7857,-28124,0
7858,-31517,0
7859,9099,0
7860,15412,0
7861,-23314,0
7862,15522,0
7863,9766,0
7864,-30105,0
7865,509,0
7866,1308,0
7867,24097,0
7868,28551,0
7869,985,0
7870,-15053,0
7871,12712,0
7872,14899,0
7873,-31224,0
7874,12949,0
7875,13178,0
7876,28729,0
7877,7224,0
7878,-12435,0
7879,-9153,0
7880,-29044,0
7881,30465,0
7882,26061,0
7883,-1013,0
7884,-27216,0
7885,13310,0
7886,-12284,0
7887,30050,0
7888,-24793,0
7889,6150,0
7890,-24393,0
7891,2227,0
7892,-12807,0
7893,-3155,0
7894,-19720,0
7895,14690,0
7896,-28025,0
7897,-16385,0
7898,2811,0
7899,9939,0
7900,-13995,0
7901,5253,0
7902,-27332,0
7903,-24006,0
7904,-22161,0
7905,-3817,0
7906,31310,0
7907,20019,0
7908,-9407,0
7909,22884,0
7910,10713,0
7911,-1610,0
7912,-31981,0
7913,28149,0
7914,4900,0
7915,-8375,0
7916,-28295,0
7917,29443,0
7918,14192,0
7919,8885,0
7920,-7575,0
7921,-16565,0
7922,20706,0
7923,9241,0
7924,-32745,0
7925,-1891,0
7926,-32625,0
7927,18375,0
7928,25889,0
7929,1097,0
7930,11191,0
7931,26498,0
7932,7670,0
7933,9562,0
7934,24285,0
7935,-27152,0
7936,19388,0
7937,22439,0
7938,-7955,0
7939,-30731,0
7940,-28384,0
7941,-26428,0
7942,-30715,0
7943,8293,0
7944,-17232,0
7945,5888,0
7946,8255,0
7947,30678,0
7948,-30881,0
7949,-26054,0
7950,9983,0
7951,11949,0
7952,-27431,0
7953,-5234,0
7954,26667,0
7955,-26664,0
7956,29430,0
7957,-2824,0
7958,-8879,0
7959,17126,0
7960,-26185,0
7961,-32270,0
7962,11951,0
7963,6100,0
7964,-8439,0
7965,-15091,0
7966,23796,0
7967,-237,0
7968,20120,0
7969,18725,0
7970,-9539,0
7971,5121,0
7972,-22564,0
7973,-31330,0
7974,-15327,0
7975,-1768,0
7976,19707,0
7977,-2724,0
7978,-27316,0
7979,-18808,0
7980,17312,0
7981,26249,0
7982,15097,0
7983,-19258,0
7984,-12730,0
7985,7827,0
7986,-5489,0
7987,2363,0
7988,22248,0
7989,7639,0
7990,-17294,0
7991,20751,0
7992,17134,0
7993,11691,0
7994,-12273,0
7995,-915,0
7996,-25715,0
7997,21600,0
7998,-24386,0
7999,3983,0
8000,18370,0
8001,19208,0
8002,24418,0
8003,-19891,0
8004,10306,0
8005,1035,0
8006,27216,0
8007,10456,0
8008,12345,1
8009,-1083,0
8010,-24123,0
8011,9289,0
8012,28417,0
8013,18617,0
8014,7321,0
8015,-10618,0
8016,31424,0
8017,31976,0
8018,-31670,0
8019,-29058,0
8020,-14042,0
8021,-30645,0
8022,6496,0
8023,30326,0
8024,-19935,0
8025,-24325,0
8026,23651,0
8027,21056,0
8028,-15898,0
8029,-28856,0
8030,23814,0
8031,-11946,0
8032,11257,0
8033,15466,0
8034,-26930,0
8035,17009,0
8036,16013,0
8037,23084,0
8038,-1995,0
8039,22165,0
8040,-23335,0
8041,28885,0
8042,-10465,0
8043,-31720,0
8044,31144,0
8045,16652,0
8046,-227,0
8047,-15613,0
8048,-15489,0
8049,-7047,0
8050,-1080,0
8051,11039,0
8052,-4558,0
8053,22082,0
8054,-17169,0
8055,-29059,0
8056,26267,0
8057,-32367,0
8058,24901,0
8059,12456,0
8060,1047,0
8061,10348,0
8062,14696,0
8063,-30639,0
8064,5081,0
8065,27092,0
8066,12532,0
8067,-18236,0
8068,-1133,0
8069,20697,0
8070,-15756,0
8071,-29509,0
8072,28968,0
8073,-7162,0
8074,30111,0
8075,-8164,0
8076,26263,0
8077,6531,0
8078,-14011,0
8079,-5264,0
8080,1430,0
8081,12345,1
8082,-30025,0
8083,25364,0
8084,-23533,0
8085,-19797,0
8086,6133,0
8087,16735,0
8088,30329,0
8089,12345,1
8090,-7605,0
8091,27585,0
8092,-16802,0
8093,2180,0
8094,18390,0
8095,16519,0
8096,-26302,0
8097,-26888,0
8098,-2409,0
8099,-2226,0
8100,2849,0
8101,-25750,0
8102,242,0
8103,-27864,0
8104,18213,0
8105,-13727,0
8106,22619,0
8107,6207,0
8108,-10386,0
8109,18049,0
8110,-11209,0
8111,26034,0
8112,-2771,0
8113,-25994,0
8114,27754,0
8115,7908,0
8116,-13583,0
8117,9238,0
8118,10095,0
8119,20815,0
8120,12135,0
8121,-32556,0
8122,14678,0
8123,-20123,0
8124,2968,0
8125,-32035,0
8126,13911,0
8127,-9894,0
8128,-7093,0
8129,30226,0
8130,16629,0
8131,-21507,0
8132,-25872,0
8133,25522,0
8134,10758,0
8135,4069,0
8136,-282,0
8137,-30032,0
8138,-13556,0
8139,29497,0
8140,-5976,0
8141,-1962,0
8142,26311,0
8143,14824,0
8144,-9789,0
8145,-2254,0
8146,5997,0
8147,-32504,0
8148,-22411,0
8149,2192,0
8150,-12439,0
8151,23206,0
8152,26810,0
8153,9844,0
8154,15966,0
8155,-30167,0
8156,6498,0
8157,-508,0
8158,12992,0
8159,-13698,0
8160,-9632,0
8161,-21703,0
8162,22521,0
8163,29738,0
8164,-5026,0
8165,-17810,0
8166,-1092,0
8167,2642,0
8168,-28743,0
8169,-2056,0
8170,18680,0
8171,-3604,0
8172,13505,0
8173,-1182,0
8174,-5242,0
8175,11218,0
8176,5818,0
8177,3467,0
8178,22355,0
8179,27321,0
8180,30781,0
8181,-5798,0
8182,-32446,0
8183,-13692,0
8184,-32286,0
8185,-23767,0
8186,5710,0
8187,27395,0
8188,28134,0
8189,12345,1
8190,5734,0
8191,-20053,0
8192,-18570,0
8193,-1740,0
8194,-32123,0
8195,-18808,0
8196,-7559,0
8197,-12861,0
8198,-7990,0
8199,-16910,0
8200,-22151,0
8201,-421,0
8202,-28783,0
8203,29929,0
8204,9859,0
8205,32118,0
8206,-14412,0
8207,-2637,0
8208,29087,0
8209,11489,0
8210,14330,0
8211,1084,0
8212,-23250,0
8213,17733,0
8214,25373,0
8215,-7509,0
8216,27998,0
8217,-7243,0
8218,23945,0
8219,6633,0
8220,-13353,0
8221,25634,0
8222,-30445,0
8223,-23483,0
8224,25772,0
8225,12345,1
8226,26506,0
8227,31176,0
8228,26944,0
8229,-29352,0
8230,-1103,0
8231,-27105,0
8232,-13382,0
8233,-11935,0
8234,-4205,0
8235,-23275,0
8236,-15793,0
8237,6610,0
8238,3748,0
8239,-8964,0
8240,-9744,0
8241,21185,0
8242,10324,0
8243,-2541,0
8244,30954,0
8245,24017,0
8246,11989,0
8247,1758,0
8248,13906,0
8249,-7584,0
8250,12345,1
8251,24997,0
8252,12345,1
8253,-4036,0
8254,9307,0
8255,-10163,0
8256,13721,0
8257,22242,0
8258,31031,0
8259,11025,0
8260,-8018,0
8261,-23857,0
8262,-31338,0
8263,19824,0
8264,4595,0
8265,32089,0
8266,21237,0
8267,-30413,0
8268,20440,0
8269,28115,0
8270,17028,0
8271,-19733,0
8272,12345,1
8273,-9476,0
8274,-17074,0
8275,-29718,0
8276,10901,0
8277,9513,0
8278,26077,0
8279,7318,0
8280,2201,0
8281,-23344,0
8282,-8301,0
8283,-31273,0
8284,-15440,0
8285,-24453,0
8286,23243,0
8287,11549,0
8288,-8483,0
8289,2239,0
8290,27104,0
8291,76,0
8292,6407,0
8293,-15722,0
8294,-25214,0
8295,12345,1
8296,28063,0
8297,1463,0
8298,19306,0
8299,-14119,0
8300,-29644,0
8301,3543,0
8302,-31329,0
8303,12345,1
8304,-23633,0
8305,-14970,0
8306,23073,0
8307,23621,0
8308,-3599,0
8309,-22622,0
8310,16742,0
8311,23179,0
8312,14996,0
8313,-3999,0
8314,26285,0
8315,-16829,0
8316,-14794,0
8317,1005,0
8318,-25764,0
8319,-25632,0
8320,-27164,0
8321,-14315,0
8322,-17548,0
8323,24898,0
8324,12132,0
8325,-27183,0
8326,-13225,0
8327,26253,0
8328,12345,1
8329,31426,0
8330,1361,0
8331,15073,0
8332,-2055,0
8333,-29000,0
8334,-2279,0
8335,28166,0
8336,-17790,0
8337,23408,0
8338,-3542,0
8339,-11741,0
8340,-12175,0
8341,-15635,0
8342,24261,0
8343,-848,0
8344,-204,0
8345,-9041,0
8346,-5815,0
8347,31869,0
8348,8566,0
8349,-5849,0
8350,1033,0
8351,-17115,0
8352,-11381,0
8353,4893,0
8354,-9838,0
8355,2814,0
8356,-14457,0
8357,13020,0
8358,3371,0
8359,22854,0
8360,21737,0
8361,-17402,0
8362,17259,0
8363,9968,0
8364,-15721,0
8365,-131,0
8366,-17066,0
8367,27276,0
8368,-19218,0
8369,2875,0
8370,6717,0
8371,4266,0
8372,-29395,0
8373,-30711,0
8374,-7169,0
8375,-18936,0
8376,22586,0
8377,20624,0
8378,5139,0
8379,2388,0
8380,14545,0
8381,30887,0
8382,30956,0
8383,-24236,0
8384,-19980,0
8385,15134,0
8386,21543,0
8387,28032,0
8388,-23470,0
8389,32179,0
8390,1009,0
8391,21535,0
8392,-17710,0
8393,1880,0
8394,32543,0
8395,-13217,0
8396,26129,0
8397,15064,0
8398,-11236,0
8399,-21013,0
8400,1377,0
8401,23095,0
8402,8758,0
8403,8975,0
8404,20457,0
8405,-23272,0
8406,-1714,0
8407,27074,0
8408,-23305,0
8409,28859,0
8410,-25460,0
8411,-12800,0
8412,-16772,0
8413,-18417,0
8414,10220,0
8415,-26249,0
8416,32085,0
8417,-21998,0
8418,9358,0
8419,-21950,0
8420,372,0
8421,-11942,0
8422,-12808,0
8423,3916,0
8424,-32719,0
8425,13987,0
8426,-1067,0
8427,-4085,0
8428,25184,0
8429,-8777,0
8430,13496,0
8431,27416,0
8432,-14593,0
8433,-10175,0
8434,10078,0
8435,-3585,0
8436,16602,0
8437,26673,0
8438,-17301,0
8439,28438,0
8440,26903,0
8441,-15730,0
8442,-4747,0
8443,-29032,0
8444,-8993,0
8445,11166,0
8446,13572,0
8447,-22058,0
8448,-91,0
8449,-20147,0
8450,16483,0
8451,-27873,0
8452,-7838,0
8453,12637,0
8454,19209,0
8455,-11019,0
8456,-5737,0
8457,-8884,0
8458,-32185,0
8459,-11427,0
8460,-18618,0
8461,20541,0
8462,-10121,0
8463,2130,0
8464,-26938,0
8465,17435,0
8466,21221,0
8467,-18220,0
8468,-12489,0
8469,-30544,0
8470,-22423,0
8471,5118,0
8472,12345,1
8473,30799,0
8474,20759,0
8475,8228,0
8476,-20930,0
8477,-14450,0
8478,-10410,0
8479,3725,0
8480,20584,0
8481,31924,0
8482,-4944,0
8483,2676,0
8484,-29746,0
8485,-14636,0
8486,-20329,0
8487,-29670,0
8488,-20832,0
8489,16991,0
8490,24026,0
8491,-28374,0
8492,11945,0
8493,-10451,0
8494,-22117,0
8495,-14237,0
8496,18513,0
8497,12345,1
8498,15473,0
8499,8598,0
8500,-22068,0
8501,29648,0
8502,-5675,0
8503,-771,0
8504,-1589,0
8505,9255,0
8506,-4446,0
8507,6390,0
8508,-2704,0
8509,-27544,0
8510,-2163,0
8511,-22677,0
8512,18429,0
8513,872,0
8514,13975,0
8515,12114,0
8516,-22582,0
8517,20569,0
8518,23300,0
8519,22443,0
8520,-7642,0
8521,-11334,0
8522,-16135,0
8523,-14530,0
8524,5959,0
8525,-12276,0
8526,26505,0
8527,-9465,0
8528,14459,0
8529,1221,0
8530,19895,0
8531,-9180,0
8532,-22615,0
8533,-5639,0
8534,11693,0
8535,1321,0
8536,4791,0
8537,-22701,0
8538,2922,0
8539,-4951,0
8540,-15291,0
8541,-576,0
8542,-18803,0
8543,-22507,0
8544,-22325,0
8545,-31448,0
8546,12345,1
8547,-10562,0
8548,21045,0
8549,7529,0
8550,-29158,0
8551,-4630,0
8552,-12037,0
8553,14943,0
8554,23286,0
8555,18365,0
8556,-25999,0
8557,-20525,0
8558,14853,0
8559,22445,0
8560,9494,0
8561,-30623,0
8562,25688,0
8563,21388,0
8564,-31167,0
8565,-6924,0
8566,5284,0
8567,-20785,0
8568,20564,0
8569,-19078,0
8570,-32756,0
8571,9729,0
8572,16042,0
8573,-9169,0
8574,-3586,0
8575,-4941,0
8576,-21466,0
8577,330,0
8578,9378,0
8579,4643,0
8580,11125,0
8581,27221,0
8582,12345,1
8583,-5386,0
8584,10502,0
8585,16967,0
8586,4235,0
8587,12037,0
8588,-12066,0
8589,25811,0
8590,-30896,0
8591,32324,0
8592,-4242,0
8593,23817,0
8594,-13813,0
8595,-19461,0
8596,-13410,0
8597,22526,0
8598,14756,0
8599,-995,0
8600,20301,0
8601,-19896,0
8602,14164,0
8603,-891,0
8604,24691,0
8605,31792,0
8606,12707,0
8607,19562,0
8608,25459,0
8609,-18903,0
8610,31460,0
8611,300,0
8612,18847,0
8613,-19059,0
8614,13484,0
8615,22966,0
8616,21308,0
8617,-23703,0
8618,11284,0
8619,15991,0
8620,21081,0
8621,-24563,0
8622,20072,0
8623,-13207,0
8624,10424,0
8625,2607,0
8626,15549,0
8627,28473,0
8628,-11280,0
8629,25392,0
8630,21039,0
8631,-11760,0
8632,-6525,0
8633,8211,0
8634,-5252,0
8635,-11101,0
8636,-16926,0
8637,-17995,0
8638,28324,0
8639,-6563,0
8640,-24612,0
8641,-27087,0
8642,27390,0
8643,4338,0
8644,-19555,0
8645,-11128,0
8646,12547,0
8647,-23375,0
8648,-29473,0
8649,12802,0
8650,-2808,0
8651,16309,0
8652,2730,0
8653,8112,0
8654,-8605,0
8655,24247,0
8656,22869,0
8657,26328,0
8658,-6875,0
8659,28799,0
8660,1234,0
8661,-23489,0
8662,-16812,0
8663,28472,0
8664,26113,0
8665,-31462,0
8666,28916,0
8667,-1378,0
8668,27072,0
8669,-2265,0
8670,-26382,0
8671,-11812,0
8672,20326,0
8673,19337,0
8674,-6169,0
8675,-17369,0
8676,23095,0
8677,880,0
8678,-15430,0
8679,-1906,0
8680,29855,0
8681,3286,0
8682,4718,0
8683,12542,0
8684,31548,0
8685,12345,1
8686,-23139,0
8687,-2492,0
8688,25147,0
8689,9875,0
8690,-23807,0
8691,9767,0
8692,-26420,0
8693,29008,0
8694,-680,0
8695,13910,0
8696,13271,0
8697,11234,0
8698,2820,0
8699,22437,0
8700,20565,0
8701,30472,0
8702,-24994,0
8703,-19953,0
8704,-26118,0
8705,-23308,0
8706,-7269,0
8707,24346,0
8708,-30729,0
8709,-3897,0
8710,-10852,0
8711,-5473,0
8712,27777,0
8713,-18000,0
8714,4846,0
8715,15537,0
8716,-27749,0
8717,-14680,0
8718,8154,0
8719,23533,0
8720,-2155,0
8721,11801,0
8722,-4780,0
8723,15949,0
8724,17076,0
8725,-26470,0
8726,31171,0
8727,-27382,0
8728,-2910,0
8729,-26402,0
8730,13664,0
8731,14697,0
8732,13893,0
8733,8779,0
8734,-2179,0
8735,-16614,0
8736,-26929,0
8737,-32759,0
8738,25229,0
8739,29753,0
8740,-26489,0
8741,6784,0
8742,12987,0
8743,27851,0
8744,12626,0
8745,-32293,0
8746,-11702,0
8747,14084,0
8748,-26954,0
8749,-19930,0
8750,25346,0
8751,31254,0
8752,19029,0
8753,430,0
8754,-25065,0
8755,-24713,0
8756,-18606,0
8757,-31101,0
8758,19351,0
8759,-13628,0
8760,-25181,0
8761,-17908,0
8762,28063,0
8763,1447,0
8764,19407,0
8765,2435,0
8766,5932,0
8767,-18395,0
8768,3492,0
8769,30189,0
8770,213,0
8771,-11828,0
8772,-9740,0
8773,-21056,0
8774,27289,0
8775,24052,0
8776,17109,0
8777,4069,0
8778,-14299,0
8779,-18806,0
8780,14553,0
8781,-197,0
8782,19885,0
8783,3901,0
8784,-15353,0
8785,-9024,0
8786,-4913,0
8787,6656,0
8788,-10806,0
8789,11848,0
8790,-24030,0
8791,764,0
8792,32423,0
8793,-5827,0
8794,-12481,0
8795,12043,0
8796,15641,0
8797,-30179,0
8798,-18949,0
8799,12345,1
8800,-1083,0
8801,-31639,0
8802,-21231,0
8803,-3324,0
8804,297,0
8805,24918,0
8806,-11347,0
8807,-24555,0
8808,-12949,0
8809,29319,0
8810,29224,0
8811,-16676,0
8812,-31676,0
8813,-5079,0
8814,-11710,0
8815,16548,0
8816,24196,0
8817,-9883,0
8818,8716,0
8819,14832,0
8820,25599,0
8821,-1815,0
8822,-3539,0
8823,13955,0
8824,-5485,0
8825,-32275,0
8826,15429,0
8827,3819,0
8828,-15228,0
8829,-22745,0
8830,-24557,0
8831,-19504,0
8832,-28282,0
8833,15027,0
8834,16143,0
8835,19333,0
8836,-11283,0
8837,-15278,0
8838,-7416,0
8839,-31448,0
8840,-11774,0
8841,15649,0
8842,169,0
8843,22536,0
8844,29662,0
8845,27234,0
8846,-30478,0
8847,22968,0
8848,26369,0
8849,29128,0
8850,22363,0
8851,12345,1
8852,-16058,0
8853,18387,0
8854,-24468,0
8855,-7388,0
8856,27183,0
8857,-27657,0
8858,-26213,0
8859,30154,0
8860,-13671,0
8861,-19292,0
8862,11768,0
8863,7548,0
8864,-7077,0
8865,10897,0
8866,-17239,0
8867,-29669,0
8868,-13946,0
8869,11357,0
8870,-18090,0
8871,-20252,0
8872,27115,0
8873,1373,0
8874,32699,0
8875,18440,0
8876,-14867,0
8877,-4862,0
8878,14249,0
8879,-9498,0
8880,-25626,0
8881,-24977,0
8882,-6650,0
8883,-28564,0
8884,-27246,0
8885,16579,0
8886,31155,0
8887,-18376,0
8888,32501,0
8889,-15400,0
8890,4293,0
8891,-19843,0
8892,26650,0
8893,716,0
8894,-10896,0
8895,25616,0
8896,-30645,0
8897,32326,0
8898,7285,0
8899,24301,0
8900,4400,0
8901,14945,0
8902,-11103,0
8903,-30465,0
8904,2576,0
8905,-7570,0
8906,-24361,0
8907,-15595,0
8908,-31695,0
8909,-31326,0
8910,-24496,0
8911,-26935,0
8912,-30878,0
8913,26529,0
8914,-2719,0
8915,9346,0
8916,19266,0
8917,31972,0
8918,23979,0
8919,-11278,0
8920,2466,0
8921,-1197,0
8922,-9726,0
8923,12250,0
8924,32308,0
8925,-4961,0
8926,-5435,0
8927,3057,0
8928,2553,0
8929,-981,0
8930,-22322,0
8931,6703,0
8932,-6678,0
8933,-28594,0
8934,9508,0
8935,-11667,0
8936,-8296,0
8937,-10720,0
8938,-21117,0
8939,-19263,0
8940,21,0
8941,4429,0
8942,-6519,0
8943,18188,0
8944,-1088,0
8945,-29128,0
8946,-16887,0
8947,-22411,0
8948,-24191,0
8949,5452,0
8950,-24739,0
8951,-27887,0
8952,13887,0
8953,-17654,0
8954,-15248,0
8955,1701,0
8956,-25914,0
8957,3380,0
8958,-5998,0
8959,29158,0
8960,30705,0
8961,741,0
8962,-22885,0
8963,29333,0
8964,-9363,0
8965,-28933,0
8966,2561,0
8967,26583,0
8968,21832,0
8969,14270,0
8970,31520,0
8971,-25227,0
8972,-30511,0
8973,-3843,0
8974,-27881,0
8975,-1106,0
8976,-14946,0
8977,21719,0
8978,-20142,0
8979,16591,0
8980,15632,0
8981,9859,0
8982,-15713,0
8983,24924,0
8984,6233,0
8985,21382,0
8986,11778,0
8987,18104,0
8988,24062,0
8989,10406,0
8990,-18562,0
8991,-27525,0
8992,-25554,0
8993,2227,0
8994,1904,0
8995,-30602,0
8996,12345,1
8997,15192,0
8998,8404,0
8999,-14285,0
9000,32559,0
9001,-20773,0
9002,-23221,0
9003,17221,0
9004,-6012,0
9005,-9981,0
9006,13795,0
9007,11909,0
9008,-23331,0
9009,-5916,0
9010,20309,0
9011,-32170,0
9012,-18695,0
9013,-21287,0
9014,-24519,0
9015,4390,0
9016,13857,0
9017,-27141,0
9018,-32246,0
9019,-23531,0
9020,2436,0
9021,13263,0
9022,-28985,0
9023,2863,0
9024,13952,0
9025,-26487,0
9026,24138,0
9027,-2938,0
9028,24805,0
9029,-5730,0
9030,26646,0
9031,13644,0
9032,-25960,0
9033,31391,0
9034,15276,0
9035,-31862,0
9036,13625,0
9037,9046,0
9038,-22627,0
9039,27989,0
9040,-20535,0
9041,3526,0
9042,21455,0
9043,-27053,0
9044,-1741,0
9045,-27495,0
9046,18052,0
9047,-1799,0
9048,-22045,0
9049,26270,0
9050,-218,0
9051,28196,0
9052,19943,0
9053,8932,0
9054,-14393,0
9055,25154,0
9056,19249,0
9057,-17849,0
9058,-24365,0
9059,-24803,0
9060,22554,0
9061,11471,0
9062,12345,1
9063,30806,0
9064,5665,0
9065,11481,0
9066,27113,0
9067,28528,0
9068,5498,0
9069,9314,0
9070,26030,0
9071,9134,0
9072,-9462,0
9073,-27865,0
9074,3510,0
9075,17994,0
9076,-29176,0
9077,10860,0
9078,22979,0
9079,28590,0
9080,19515,0
9081,-26537,0
9082,2458,0
9083,25947,0
9084,-4819,0
9085,16190,0
9086,-2324,0
9087,-27463,0
9088,12345,1
9089,-6905,0
9090,17900,0
9091,-6627,0
9092,-27136,0
9093,1480,0
9094,-16667,0
9095,-24303,0
9096,-4032,0
9097,26986,0
9098,-2600,0
9099,-2603,0
9100,16396,0
9101,-10462,0
9102,8789,0
9103,-1316,0
9104,-21003,0
9105,18807,0
9106,3569,0
9107,-4185,0
9108,-26549,0
9109,-17728,0
9110,-29783,0
9111,-27497,0
9112,-16787,0
9113,-21211,0
9114,27358,0
9115,26812,0
9116,17965,0
9117,-7195,0
9118,-21797,0
9119,2777,0
9120,8365,0
9121,-21101,0
9122,30441,0
9123,2085,0
9124,-8166,0
9125,-15604,0
9126,-23805,0
9127,-16984,0
9128,-28973,0
9129,-17972,0
9130,-13900,0
9131,-14731,0
9132,15238,0
9133,-14744,0
9134,29290,0
9135,-23385,0
9136,-9422,0
9137,25491,0
9138,25478,0
9139,27835,0
9140,-31484,0
9141,28824,0
9142,24893,0
9143,13448,0
9144,-5011,0
9145,25131,0
9146,-26593,0
9147,-23204,0
9148,21517,0
9149,-18214,0
9150,6588,0
9151,-15972,0
9152,30109,0
9153,15750,0
9154,19068,0
9155,-14786,0
9156,19344,0
9157,-8896,0
9158,20019,0
9159,22111,0
9160,31008,0
9161,28192,0
9162,25040,0
9163,-25668,0
9164,15674,0
9165,-7944,0
9166,10996,0
9167,5885,0
9168,10000,0
9169,12196,0
9170,10798,0
9171,-9477,0
9172,-1105,0
9173,12138,0
9174,-9905,0
9175,-17686,0
9176,-26187,0
9177,-13330,0
9178,18123,0
9179,6753,0
9180,-4840,0
9181,-30526,0
9182,14125,0
9183,-21442,0
9184,25139,0
9185,-14661,0
9186,-12849,0
9187,-16773,0
9188,9465,0
9189,14953,0
9190,1322,0
9191,-31621,0
9192,-4789,0
9193,32753,0
9194,10952,0
9195,24168,0
9196,-11379,0
9197,-6559,0
9198,30057,0
9199,-5112,0
9200,1341,0
9201,30086,0
9202,11464,0
9203,-31245,0
9204,28560,0
9205,-24185,0
9206,-7016,0
9207,23247,0
9208,-10289,0
9209,-2294,0
9210,-1316,0
9211,1194,0
9212,24997,0
9213,31588,0
9214,-26677,0
9215,24068,0
9216,-27869,0
9217,649,0
9218,-1052,0
9219,-4922,0
9220,32382,0
9221,-24763,0
9222,28868,0
9223,-25298,0
9224,16462,0
9225,16717,0
9226,23911,0
9227,2437,0
9228,-31819,0
9229,16772,0
9230,12345,1
9231,-29159,0
9232,11248,0
9233,-24977,0
9234,-29168,0
9235,-22866,0
9236,-30042,0
9237,4560,0
9238,-3379,0
9239,-29859,0
9240,30969,0
9241,-25822,0
9242,17388,0
9243,-32300,0
9244,-22113,0
9245,23227,0
9246,-23150,0
9247,21879,0
9248,-31889,0
9249,9772,0
9250,17400,0
9251,-23458,0
9252,-15944,0
9253,-7916,0
9254,19616,0
9255,-25541,0
9256,-28684,0
9257,9838,0
9258,-19977,0
9259,17708,0
9260,-11952,0
9261,11250,0
9262,26422,0
9263,-25788,0
9264,21468,0
9265,2924,0
9266,-31209,0
9267,-29180,0
9268,-5054,0
9269,-26490,0
9270,-4109,0
9271,29484,0
9272,971,0
9273,-2259,0
9274,-28997,0
9275,-23339,0
9276,28824,0
9277,1260,0
9278,-13996,0
9279,-13390,0
9280,25192,0
9281,20572,0
9282,-18545,0
9283,13771,0
9284,-23791,0
9285,18378,0
9286,-8236,0
9287,15728,0
9288,-10682,0
9289,-9068,0
9290,19086,0
9291,-12434,0
9292,-11887,0
9293,6421,0
9294,-2066,0
9295,-8496,0
9296,32551,0
9297,-6550,0
9298,8329,0
9299,15963,0
9300,19437,0
9301,-16091,0
9302,12345,1
9303,-11499,0
9304,-5737,0
9305,-9556,0
9306,-738,0
9307,24351,0
9308,-21413,0
9309,24822,0
9310,-14594,0
9311,30903,0
9312,14950,0
9313,4111,0
9314,21036,0
9315,19495,0
9316,-13037,0
9317,5516,0
9318,6258,0
9319,-23226,0
9320,-23913,0
9321,-20451,0
9322,5426,0
9323,3545,0
9324,26346,0
9325,4166,0
9326,-4242,0
9327,-22245,0
9328,-12519,0
9329,21590,0
9330,-27164,0
9331,-12877,0
9332,29244,0
9333,25468,0
9334,-24300,0
9335,-5904,0
9336,23560,0
9337,30415,0
9338,-23339,0
9339,-10004,0
9340,15980,0
9341,5966,0
9342,-19964,0
9343,-32352,0
9344,-14019,0
9345,11898,0
9346,-3270,0
9347,24526,0
9348,-28561,0
9349,-28862,0
9350,30925,0
9351,-12061,0
9352,29599,0
9353,-8443,0
9354,12345,1
9355,10770,0
9356,12262,0
9357,-16968,0
9358,-26989,0
9359,-5895,0
9360,-18747,0
9361,-25606,0
9362,7818,0
9363,-25396,0
9364,-6491,0
9365,15796,0
9366,-22357,0
9367,-26793,0
9368,-4060,0
9369,30403,0
9370,22682,0
9371,7224,0
9372,31198,0
9373,30822,0
9374,10070,0
9375,8074,0
9376,-11726,0
9377,-20884,0
9378,-87,0
9379,16020,0
9380,-11253,0
9381,-22485,0
9382,12753,0
9383,-2790,0
9384,29395,0
9385,11337,0
9386,30343,0
9387,-28094,0
9388,29854,0
9389,22290,0
9390,17456,0
9391,4913,0
9392,17152,0
9393,5443,0
9394,2231,0
9395,2092,0
9396,13598,0
9397,147,0
9398,-614,0
9399,27192,0
9400,22229,0
9401,-28080,0
9402,3177,0
9403,2844,0
9404,-25399,0
9405,-26614,0
9406,24610,0
9407,-19050,0
9408,-18178,0
9409,-19124,0
9410,-7304,0
9411,-28851,0
9412,-22863,0
9413,7205,0
9414,-13765,0
9415,17208,0
9416,9700,0
9417,26806,0
9418,9029,0
9419,17839,0
9420,15299,0
9421,3599,0
9422,-13372,0
9423,31337,0
9424,-25965,0
9425,25312,0
9426,-7146,0
9427,18162,0
9428,5436,0
9429,-23227,0
9430,1745,0
9431,-29527,0
9432,12584,0
9433,14976,0
9434,-18618,0
9435,19936,0
9436,17071,0
9437,3800,0
9438,-28519,0
9439,1591,0
9440,-9309,0
9441,8583,0
9442,1971,0
9443,20967,0
9444,3466,0
9445,-2282,0
9446,17999,0
9447,-14447,0
9448,-29975,0
9449,27904,0
9450,25525,0
9451,-16689,0
9452,-7580,0
9453,10842,0
9454,-19359,0
9455,-11841,0
9456,-17117,0
9457,28188,0
9458,18527,0
9459,12345,1
9460,27607,0
9461,8659,0
9462,17879,0
9463,12412,0
9464,31148,0
9465,-10407,0
9466,-13884,0
9467,32667,0
9468,-3125,0
9469,-17563,0
9470,12577,0
9471,-1018,0
9472,4151,0
9473,18417,0
9474,13895,0
9475,-16701,0
9476,8181,0
9477,28087,0
9478,5958,0
9479,-8307,0
9480,3223,0
9481,29408,0
9482,25395,0
9483,12327,0
9484,7219,0
9485,-22983,0
9486,-31712,0
9487,-15565,0
9488,24509,0
9489,-27115,0
9490,7652,0
9491,2680,0
9492,12345,1
9493,7120,0
9494,-13642,0
9495,-12145,0
9496,23625,0
9497,-23748,0
9498,-11143,0
9499,-27416,0
9500,-11347,0
9501,12345,1
9502,22100,0
9503,11250,0
9504,-7646,0
9505,-5182,0
9506,-32201,0
9507,19640,0
9508,13311,0
9509,-22524,0
9510,-2556,0
9511,-25818,0
9512,-26320,0
9513,18482,0
9514,24267,0
9515,31244,0
9516,-31877,0
9517,-10301,0
9518,-29491,0
9519,-29755,0
9520,-2777,0
9521,-1981,0
9522,26308,0
9523,31989,0
9524,-5760,0
9525,17600,0
9526,-14351,0
9527,-18504,0
9528,-19280,0
9529,-2979,0
9530,-32163,0
9531,-837,0
9532,246,0
9533,-32056,0
9534,13989,0
9535,-16611,0
9536,5166,0
9537,8269,0
9538,-12909,0
9539,28879,0
9540,-11102,0
9541,31049,0
9542,-9655,0
9543,1038,0
9544,-27278,0
9545,27718,0
9546,24777,0
9547,615,0
9548,-8054,0
9549,-7998,0
9550,26345,0
9551,-28091,0
9552,32713,0
9553,-21397,0
9554,6607,0
9555,12345,1
9556,2675,0
9557,27913,0
9558,19045,0
9559,-1714,0
9560,29375,0
9561,5024,0
9562,-5877,0
9563,-28682,0
9564,4430,0
9565,-2974,0
9566,15671,0
9567,-27059,0
9568,1805,0
9569,7816,0
9570,-8661,0
9571,-4279,0
9572,28933,0
9573,-20523,0
9574,12624,0
9575,-21819,0
9576,31914,0
9577,-11557,0
9578,15585,0
9579,6031,0
9580,-19412,0
9581,-9323,0
9582,-12718,0
9583,7492,0
9584,31820,0
9585,-3188,0
9586,22287,0
9587,30972,0
9588,-17335,0
9589,18561,0
9590,15468,0
9591,-23145,0
9592,23705,0
9593,1836,0
9594,1054,0
9595,-12638,0
9596,-13155,0
9597,-32255,0
9598,13369,0
9599,19599,0
9600,7975,0
9601,3827,0
9602,12033,0
9603,7319,0
9604,13133,0
9605,29933,0
9606,22638,0
9607,9317,0
9608,23427,0
9609,-11897,0
9610,-25748,0
9611,29301,0
9612,-30083,0
9613,-9383,0
9614,-2083,0
9615,-20885,0
9616,17791,0
9617,11765,0
9618,-3108,0
9619,-3433,0
9620,-29918,0
9621,-3933,0
9622,-17242,0
9623,-686,0
9624,29666,0
9625,21668,0
9626,-2227,0
9627,-3046,0
9628,-27635,0
9629,-1008,0
9630,-19041,0
9631,-21114,0
9632,-26553,0
9633,-25470,0
9634,-22881,0
9635,-12077,0
9636,-7134,0
9637,6415,0
9638,-8518,0
9639,18010,0
9640,-79,0
9641,-9131,0
9642,-28708,0
9643,-24824,0
9644,27289,0
9645,20284,0
9646,14015,0
9647,-3570,0
9648,-23929,0
9649,18416,0
9650,-14849,0
9651,-28065,0
9652,21560,0
9653,-20209,0
9654,3434,0
9655,1817,0
9656,11067,0
9657,-6760,0
9658,-7647,0
9659,-25440,0
9660,21939,0
9661,-7215,0
9662,29339,0
9663,-11180,0
9664,-21634,0
9665,-17808,0
9666,24138,0
9667,8303,0
9668,1725,0
9669,20526,0
9670,5153,0
9671,-3563,0
9672,-22026,0
9673,32254,0
9674,-598,0
9675,12458,0
9676,13560,0
9677,-3951,0
9678,26755,0
9679,-28442,0
9680,32380,0
9681,-7819,0
9682,-3166,0
9683,-8417,0
9684,18943,0
9685,-18832,0
9686,12547,0
9687,9801,0
9688,29043,0
9689,21903,0
9690,-20066,0
9691,-7607,0
9692,298,0
9693,18179,0
9694,24840,0
9695,20437,0
9696,2179,0
9697,-18076,0
9698,28613,0
9699,-7672,0
9700,-23811,0
9701,7375,0
9702,7890,0
9703,-29302,0
9704,30523,0
9705,15734,0
9706,-3448,0
9707,7238,0
9708,-1340,0
9709,3345,0
9710,13027,0
9711,-4295,0
9712,-16714,0
9713,7385,0
9714,7709,0
9715,1866,0
9716,-2187,0
9717,24153,0
9718,-5945,0
9719,13715,0
9720,7722,0
9721,-23338,0
9722,10001,0
9723,-23913,0
9724,-4534,0
9725,15603,0
9726,-4693,0
9727,22430,0
9728,23135,0
9729,-12459,0
9730,-10779,0
9731,19756,0
9732,32194,0
9733,-32020,0
9734,-22294,0
9735,22915,0
9736,30652,0
9737,23935,0
9738,15251,0
9739,18174,0
9740,11466,0
9741,21659,0
9742,30945,0
9743,3603,0
9744,-8160,0
9745,-13161,0
9746,29889,0
9747,11933,0
9748,11544,0
9749,-15950,0
9750,-24560,0
9751,605,0
9752,-27138,0
9753,30031,0
9754,21244,0
9755,-26513,0
9756,12345,1
9757,-25211,0
9758,-14013,0
9759,-10937,0
9760,-23719,0
9761,21904,0
9762,-22422,0
9763,24534,0
9764,-13352,0
9765,-20618,0
9766,20198,0
9767,27720,0
9768,-30418,0
9769,-6997,0
9770,-14719,0
9771,26858,0
9772,12345,1
9773,-13778,0
9774,-11037,0
9775,-15308,0
9776,-4103,0
9777,14300,0
9778,-27057,0
9779,-23562,0
9780,-2688,0
9781,-29382,0
9782,29871,0
9783,15005,0
9784,-28913,0
9785,31168,0
9786,21895,0
9787,13679,0
9788,24923,0
9789,-24960,0
9790,-22217,0
9791,-2610,0
9792,25372,0
9793,-4808,0
9794,1269,0
9795,-30965,0
9796,-14583,0
9797,-22413,0
9798,31408,0
9799,18294,0
9800,-15664,0
9801,13638,0
9802,-5620,0
9803,18127,0
9804,5026,0
9805,-24725,0
9806,7217,0
9807,15205,0
9808,-16429,0
9809,22560,0
9810,30652,0
9811,-15668,0
9812,-8358,0
9813,28988,0
9814,-27805,0
9815,23861,0
9816,-7286,0
9817,12646,0
9818,-21676,0
9819,-11174,0
9820,16082,0
9821,-32435,0
9822,-13209,0
9823,-28178,0
9824,18568,0
9825,19585,0
9826,-14875,0
9827,3529,0
9828,27288,0
9829,22773,0
9830,3270,0
9831,5793,0
9832,-18080,0
9833,-13354,0
9834,29619,0
9835,-3815,0
9836,-19743,0
9837,-18391,0
9838,31754,0
9839,16964,0
9840,-2401,0
9841,-32352,0
9842,24998,0
9843,-10890,0
9844,3403,0
9845,5426,0
9846,-6001,0
9847,-32194,0
9848,15039,0
9849,16068,0
9850,22844,0
9851,-30657,0
9852,-12240,0
9853,-5267,0
9854,15165,0
9855,31484,0
9856,-25377,0
9857,-9874,0
9858,23837,0
9859,-9073,0
9860,28202,0
9861,14893,0
9862,-19620,0
9863,-24350,0
9864,-1311,0
9865,-32298,0
9866,-22910,0
9867,-951,0
9868,-1941,0
9869,-31566,0
9870,30461,0
9871,6032,0
9872,28142,0
9873,-9656,0
9874,3489,0
9875,681,0
9876,27692,0
9877,-9570,0
9878,-26790,0
9879,-23190,0
9880,27798,0
9881,5065,0
9882,-31834,0
9883,26741,0
9884,-16462,0
9885,23542,0
9886,9746,0
9887,-25347,0
9888,-21302,0
9889,-29808,0
9890,27192,0
9891,-25905,0
9892,-11037,0
9893,4309,0
9894,-9229,0
9895,12100,0
9896,30778,0
9897,31646,0
9898,-32700,0
9899,10275,0
9900,708,0
9901,12555,0
9902,4271,0
9903,-8398,0
9904,-4925,0
9905,9089,0
9906,-31658,0
9907,1985,0
9908,-23731,0
9909,-21118,0
9910,-2908,0
9911,12407,0
9912,-10859,0
9913,14709,0
9914,25206,0
9915,-9139,0
9916,12345,1
9917,-19292,0
9918,32157,0
9919,14894,0
9920,28131,0
9921,28317,0
9922,14526,0
9923,23499,0
9924,25482,0
9925,-14704,0
9926,27238,0
9927,12345,1
9928,-7999,0
9929,-4362,0
9930,-3056,0
9931,12788,0
9932,25922,0
9933,16060,0
9934,12792,0
9935,28061,0
9936,-12717,0
9937,-30140,0
9938,-16422,0
9939,-16805,0
9940,4534,0
9941,463,0
9942,22834,0
9943,-5289,0
9944,31106,0
9945,-11941,0
9946,27654,0
9947,628,0
9948,16872,0
9949,30231,0
9950,-14209,0
9951,18203,0
9952,11946,0
9953,12345,1
9954,-20005,0
9955,15999,0
9956,-19500,0
9957,8139,0
9958,24380,0
9959,-30004,0
9960,12345,1
9961,16278,0
9962,-27090,0
9963,-32406,0
9964,-18712,0
9965,24136,0
9966,-12569,0
9967,28022,0
9968,16113,0
9969,6179,0
9970,30978,0
9971,21254,0
9972,12345,1
9973,23529,0
9974,12302,0
9975,3305,0
9976,28779,0
9977,-614,0
9978,-5936,0
9979,-17972,0
9980,9143,0
9981,-9065,0
9982,30823,0
9983,-19193,0
9984,12345,1
9985,-13582,0
9986,21445,0
9987,-11995,0
9988,-17591,0
9989,19174,0
9990,7983,0
9991,32456,0
9992,-10165,0
9993,-32453,0
9994,-604,0
9995,14876,0
9996,-30171,0
9997,26451,0
9998,17508,0
9999,-31392,0
10000,-30792,0
10001,-20158,0
10002,-20731,0
10003,23583,0
10004,-11082,0
10005,13597,0
10006,-18671,0
10007,1381,0
10008,2284,0
10009,-11407,0
10010,-7468,0
10011,7970,0
10012,28033,0
10013,-1441,0
10014,4112,0
10015,5579,0
10016,26844,0
10017,-4378,0
10018,-30552,0
10019,-24753,0
10020,-29104,0
10021,14090,0
10022,-11569,0
10023,22469,0
10024,9792,0
10025,-8977,0
10026,12345,1
10027,-27500,0
10028,-27531,0
10029,-2633,0
10030,-31105,0
10031,19795,0
10032,-22952,0
10033,22422,0
10034,-25106,0
10035,-24911,0
10036,-27787,0
10037,9260,0
10038,16198,0
10039,-1836,0
10040,10768,0
10041,15367,0
10042,-11886,0
10043,-8332,0
10044,-1701,0
10045,4146,0
10046,6021,0
10047,5805,0
10048,20032,0
10049,-22063,0
10050,9672,0
10051,18294,0
10052,-600,0
10053,10290,0
10054,23701,0
10055,-278,0
10056,-5197,0
10057,11932,0
10058,26994,0
10059,7139,0
10060,-10790,0
10061,-20194,0
10062,-26827,0
10063,15455,0
10064,-17724,0
10065,-12916,0
10066,-16504,0
10067,19362,0
10068,32521,0
10069,22561,0
10070,19582,0
10071,-20379,0
10072,3826,0
10073,12345,1
10074,-13882,0
10075,-18039,0
10076,-5364,0
10077,-22974,0
10078,-12482,0
10079,3948,0
10080,-30291,0
10081,10158,0
10082,12345,1
10083,7157,0
10084,-8067,0
10085,12347,0
10086,-14405,0
10087,-4219,0
10088,-5301,0
10089,-7709,0
10090,14632,0
10091,-182,0
10092,-30161,0
10093,-18345,0
10094,-25140,0
10095,25658,0
10096,29679,0
10097,3239,0
10098,17789,0
10099,15657,0
10100,11156,0
10101,-12640,0
10102,23319,0
10103,12015,0
10104,-9307,0
10105,-13458,0
10106,26098,0
10107,7920,0
10108,4605,0
10109,-13142,0
10110,-28264,0
10111,-8945,0
10112,-14396,0
10113,12345,1
10114,-2835,0
10115,29322,0
10116,-19771,0
10117,17601,0
10118,-30276,0
10119,-13378,0
10120,25315,0
10121,547,0
10122,-6123,0
10123,8417,0
10124,7592,0
10125,-29061,0
10126,-1555,0
10127,-54,0
10128,-61,0
10129,-23378,0
10130,-24127,0
10131,-6893,0
10132,25256,0
10133,19280,0
10134,619,0
10135,23904,0
10136,29082,0
10137,-5861,0
10138,1385,0
10139,3221,0
10140,-17900,0
10141,-2466,0
10142,-25787,0
10143,-3668,0
10144,-31752,0
10145,27714,0
10146,32354,0
10147,28423,0
10148,7331,0
10149,-10091,0
10150,-29125,0
10151,-10156,0
10152,-13306,0
10153,-20959,0
10154,16498,0
10155,-20530,0
10156,-29240,0
10157,9395,0
10158,-31460,0
10159,19047,0
10160,-14517,0
10161,-10853,0
10162,-12758,0
10163,-1437,0
10164,27687,0
10165,-9442,0
10166,-10198,0
10167,32315,0
10168,14356,0
10169,-20132,0
10170,17023,0
10171,13164,0
10172,2631,0
10173,9957,0
10174,-26057,0
10175,3630,0
10176,14962,0
10177,8722,0
10178,-7119,0
10179,32355,0
10180,-18324,0
10181,2341,0
10182,30925,0
10183,-13692,0
10184,-10627,0
10185,-21563,0
10186,32709,0
10187,26520,0
10188,17267,0
10189,22425,0
10190,14270,0
10191,12257,0
10192,13101,0
10193,-29099,0
10194,-24495,0
10195,12345,1
10196,21563,0
10197,1150,0
10198,-15765,0
10199,13778,0
10200,-27382,0
10201,31923,0
10202,4347,0
10203,17034,0
10204,3504,0
10205,470,0
10206,-25381,0
10207,-21915,0
10208,-8894,0
10209,-5178,0
10210,7542,0
10211,-30169,0
10212,30777,0
10213,20965,0
10214,-13824,0
10215,-8611,0
10216,-17781,0
10217,18017,0
10218,-28891,0
10219,13860,0
10220,-19263,0
10221,-27230,0
10222,20865,0
10223,-1420,0
10224,-4608,0
10225,-22314,0
10226,-2317,0
10227,21151,0
10228,27413,0
10229,20387,0
10230,-10284,0
10231,-31863,0
10232,10313,0
10233,26261,0
10234,12345,1
10235,31911,0
10236,-32605,0
10237,-10044,0
10238,786,0
10239,3207,0
10240,-11558,0
10241,-1596,0
10242,-2693,0
10243,32256,0
10244,-27664,0
10245,4749,0
10246,5687,0
10247,-30570,0
10248,21010,0
10249,-16078,0
10250,22067,0
10251,4508,0
10252,-30017,0
10253,15645,0
10254,19864,0
10255,30173,0
10256,-23786,0
10257,-4363,0
10258,-5921,0
10259,-2600,0
10260,8288,0
10261,-31148,0
10262,-31084,0
10263,-11491,0
10264,32001,0
10265,12345,1
10266,-22969,0
10267,-21149,0
10268,26689,0
10269,-18775,0
10270,-29969,0
10271,19481,0
10272,26716,0
10273,-13299,0
10274,-653,0
10275,-17125,0
10276,-19587,0
10277,-4730,0
10278,4641,0
10279,-4031,0
10280,-30398,0
10281,-21233,0
10282,12537,0
10283,-3724,0
10284,15134,0
10285,5287,0
10286,-14291,0
10287,-6774,0
10288,-13934,0
10289,-19624,0
10290,-25236,0
10291,24902,0
10292,23373,0
10293,22890,0
10294,-5706,0
10295,11409,0
10296,-25928,0
10297,5640,0
10298,-23513,0
10299,-31639,0
10300,-1293,0
10301,6648,0
10302,-31488,0
10303,10746,0
10304,-18560,0
10305,14102,0
10306,22985,0
10307,22662,0
10308,31732,0
10309,868,0
10310,20221,0
10311,-13403,0
10312,-7587,0
10313,9605,0
10314,-8443,0
10315,21311,0
10316,-5438,0
10317,-26776,0
10318,-2855,0
10319,16525,0
10320,-11233,0
10321,-27978,0
10322,-22939,0
10323,-777,0
10324,-22983,0
10325,-6412,0
10326,-15768,0
10327,28240,0
10328,31203,0
10329,19082,0
10330,5688,0
10331,12266,0
10332,18929,0
10333,-7450,0
10334,5197,0
10335,4464,0
10336,-8123,0
10337,28435,0
10338,-16896,0
10339,13828,0
10340,4270,0
10341,30501,0
10342,-16236,0
10343,-4348,0
10344,-4027,0
10345,21078,0
10346,17732,0
10347,30061,0
10348,-1268,0
10349,-1145,0
10350,-32379,0
10351,16077,0
10352,-9892,0
10353,13552,0
10354,293,0
10355,-26943,0
10356,8261,0
10357,13118,0
10358,-32676,0
10359,-19852,0
10360,20441,0
10361,19356,0
10362,-22332,0
10363,8666,0
10364,6558,0
10365,12345,1
10366,-20503,0
10367,-18913,0
10368,32160,0
10369,9729,0
10370,24854,0
10371,-15359,0
10372,15578,0
10373,-21536,0
10374,10497,0
10375,-5512,0
10376,26066,0
10377,26284,0
10378,-6408,0
10379,13982,0
10380,-13432,0
10381,-2529,0
10382,-29867,0
10383,-6535,0
10384,8006,0
10385,-301,0
10386,-23355,0
10387,-19899,0
10388,-28761,0
10389,25385,0
10390,-32377,0
10391,-25485,0
10392,-29163,0
10393,30107,0
10394,29758,0
10395,-2904,0
10396,31144,0
10397,-3652,0
10398,21936,0
10399,32213,0
10400,23548,0
10401,-22473,0
10402,-28432,0
10403,19548,0
10404,-16402,0
10405,-18035,0
10406,3861,0
10407,-7361,0
10408,28857,0
10409,27460,0
10410,-6996,0
10411,-16958,0
10412,-22816,0
10413,899,0
10414,16935,0
10415,16320,0
10416,-20025,0
10417,-6803,0
10418,-29786,0
10419,7233,0
10420,-26413,0
10421,12345,1
10422,8757,0
10423,25816,0
10424,2289,0
10425,-19182,0
10426,7461,0
10427,1498,0
10428,9077,0
10429,2876,0
10430,20623,0
10431,-20773,0
10432,-29973,0
10433,11866,0
10434,12345,1
10435,6916,0
10436,5840,0
10437,9425,0
10438,-4646,0
10439,-10273,0
10440,5306,0
10441,-11470,0
10442,9998,0
10443,13501,0
10444,18072,0
10445,-22501,0
10446,28333,0
10447,3769,0
10448,13901,0
10449,-27175,0
10450,12604,0
10451,20836,0
10452,-23244,0
10453,-24326,0
10454,-24962,0
10455,-16729,0
10456,25123,0
10457,-23913,0
10458,-3736,0
10459,29110,0
10460,-27094,0
10461,32123,0
10462,-19850,0
10463,16126,0
10464,9304,0
10465,7575,0
10466,7750,0
10467,28031,0
10468,-18166,0
10469,-25708,0
10470,24312,0
10471,-24243,0
10472,1551,0
10473,-5686,0
10474,-26884,0
10475,5166,0
10476,-24644,0
10477,11164,0
10478,-5529,0
10479,-3951,0
10480,-13796,0
10481,-12305,0
10482,-21710,0
10483,-17108,0
10484,-11782,0
10485,12739,0
10486,-10130,0
10487,-12221,0
10488,-4785,0
10489,-1544,0
10490,-4750,0
10491,-12585,0
10492,-23117,0
10493,29017,0
10494,-659,0
10495,-24439,0
10496,-20396,0
10497,16098,0
10498,23724,0
10499,31375,0
10500,16173,0
10501,-1821,0
10502,14013,0
10503,12345,1
10504,9501,0
10505,-31417,0
10506,-19806,0
10507,10219,0
10508,-31517,0
10509,-21948,0
10510,14120,0
10511,14225,0
10512,26977,0
10513,13651,0
10514,-18911,0
10515,27782,0
10516,15927,0
10517,22623,0
10518,5192,0
10519,28384,0
10520,7445,0
10521,-26681,0
10522,-29178,0
10523,-16510,0
10524,25210,0
10525,29897,0
10526,26146,0
10527,22713,0
10528,-30069,0
10529,16886,0
10530,29230,0
10531,-1652,0
10532,12345,1
10533,-15123,0
10534,13841,0
10535,28127,0
10536,-4802,0
10537,13847,0
10538,-21955,0
10539,-26643,0
10540,-9674,0
10541,-30534,0
10542,26922,0
10543,30118,0
10544,-28795,0
10545,11152,0
10546,-5075,0
10547,-29257,0
10548,2896,0
10549,2016,0
10550,13321,0
10551,24209,0
10552,14404,0
10553,15303,0
10554,-59,0
10555,-2414,0
10556,-9910,0
10557,-24005,0
10558,-17391,0
10559,24101,0
10560,-12101,0
10561,9492,0
10562,18295,0
10563,-29572,0
10564,30895,0
10565,10771,0
10566,-16012,0
10567,-30057,0
10568,-29443,0
10569,1918,0
10570,-15269,0
10571,15057,0
10572,-29428,0
10573,20016,0
10574,10011,0
10575,4643,0
10576,-8484,0
10577,23705,0
10578,17015,0
10579,-26373,0
10580,30678,0
10581,-17013,0
10582,7748,0
10583,16243,0
10584,-12182,0
10585,15954,0
10586,-7084,0
10587,16596,0
10588,-19479,0
10589,-21020,0
10590,-14337,0
10591,-16641,0
10592,28609,0
10593,12345,1
10594,143,0
10595,9184,0
10596,23244,0
10597,-3153,0
10598,12345,1
10599,16613,0
10600,21143,0
10601,-15039,0
10602,19357,0
10603,-15532,0
10604,-15129,0
10605,-31666,0
10606,10832,0
10607,-22007,0
10608,-23436,0
10609,15681,0
10610,16145,0
10611,-6495,0
10612,-10152,0
10613,16111,0
10614,-6709,0
10615,13516,0
10616,4654,0
10617,28768,0
10618,15367,0
10619,23026,0
10620,21794,0
10621,19975,0
10622,30707,0
10623,10500,0
10624,-13998,0
10625,30331,0
10626,-9880,0
10627,1416,0
10628,-16119,0
10629,-21732,0
10630,23267,0
10631,-5790,0
10632,-26063,0
10633,32664,0
10634,30502,0
10635,-6486,0
10636,3893,0
10637,-19646,0
10638,-26836,0
10639,7676,0
10640,-20570,0
10641,14794,0
10642,6136,0
10643,12117,0
10644,-29812,0
10645,-2719,0
10646,28351,0
10647,14710,0
10648,-3516,0
10649,18824,0
10650,-14983,0
10651,32575,0
10652,6436,0
10653,-3145,0
10654,20690,0
10655,6410,0
10656,6515,0
10657,29338,0
10658,13806,0
10659,-32649,0
10660,9380,0
10661,22335,0
10662,3643,0
10663,30454,0
10664,31299,0
10665,-16727,0
10666,-28563,0
10667,25125,0
10668,-31124,0
10669,-31892,0
10670,2111,0
10671,17256,0
10672,30161,0
10673,3461,0
10674,31307,0
10675,18840,0
10676,-7229,0
10677,21013,0
10678,23902,0
10679,14968,0
10680,-7904,0
10681,-26962,0
10682,-19227,0
10683,15427,0
10684,14802,0
10685,-12038,0
10686,3951,0
10687,5985,0
10688,27958,0
10689,32227,0
10690,-13644,0
10691,-1876,0
10692,18123,0
10693,13107,0
10694,-16455,0
10695,18938,0
10696,-4097,0
10697,12851,0
10698,5839,0
10699,12856,0
10700,-331,0
10701,20564,0
10702,3328,0
10703,19406,0
10704,-25556,0
10705,278,0
10706,-13078,0
10707,15863,0
10708,-21128,0
10709,-7650,0
10710,-18732,0
10711,3248,0
10712,-8758,0
10713,27240,0
10714,9892,0
10715,22420,0
10716,28418,0
10717,19580,0
10718,-30378,0
10719,22438,0
10720,6431,0
10721,-613,0
10722,17084,0
10723,-12002,0
10724,7829,0
10725,12345,1
10726,-28794,0
10727,30936,0
10728,25003,0
10729,-16523,0
10730,-21844,0
10731,13835,0
10732,-10375,0
10733,-25815,0
10734,-20682,0
10735,-10109,0
10736,22826,0
10737,-12052,0
10738,11523,0
10739,-18372,0
10740,-13724,0
10741,28795,0
10742,7586,0
10743,-2893,0
10744,12763,0
10745,6592,0
10746,15765,0
10747,-15476,0
10748,25509,0
10749,8422,0
10750,26417,0
10751,25449,0
10752,-24171,0
10753,-25404,0
10754,30696,0
10755,9768,0
10756,2910,0
10757,-24548,0
10758,6354,0
10759,25253,0
10760,21498,0
10761,22006,0
10762,-6346,0
10763,-4520,0
10764,28151,0
10765,-12161,0
10766,-8870,0
10767,-18117,0
10768,16214,0
10769,14694,0
10770,5400,0
10771,-21574,0
10772,23216,0
10773,25341,0
10774,-9237,0
10775,-20581,0
10776,20809,0
10777,21922,0
10778,-29803,0
10779,105,0
10780,3857,0
10781,-5382,0
10782,-19733,0
10783,32648,0
10784,14169,0
10785,-15810,0
10786,11261,0
10787,12067,0
10788,-28461,0
10789,-26342,0
10790,-11041,0
10791,-19300,0
10792,-2045,0
10793,-9221,0
10794,24528,0
10795,19560,0
10796,17168,0
10797,-17233,0
10798,17323,0
10799,-19468,0
10800,-19627,0
10801,-29583,0
10802,-2058,0
10803,-30397,0
10804,-6752,0
10805,29668,0
10806,9831,0
10807,19629,0
10808,30243,0
10809,-7452,0
10810,-3169,0
10811,27162,0
10812,12345,1
10813,9971,0
10814,-25730,0
10815,17828,0
10816,-21342,0
10817,-6331,0
10818,-10881,0
10819,18146,0
10820,-32528,0
10821,-2136,0
10822,-3184,0
10823,15933,0
10824,-8933,0
10825,23781,0
10826,-16728,0
10827,-16941,0
10828,-4791,0
10829,-7095,0
10830,-29679,0
10831,21300,0
10832,-21876,0
10833,-13040,0
10834,23615,0
10835,-7191,0
10836,6314,0
10837,-18839,0
10838,30137,0
10839,12345,1
10840,-28373,0
10841,6003,0
10842,12345,1
10843,-27829,0
10844,-24378,0
10845,10141,0
10846,-22579,0
10847,-14417,0
10848,247,0
10849,-1340,0
10850,18352,0
10851,-32456,0
10852,-29369,0
10853,-28649,0
10854,-22302,0
10855,-2774,0
10856,-19425,0
10857,12231,0
10858,1511,0
10859,27395,0
10860,-9649,0
10861,-25483,0
10862,17916,0
10863,17882,0
10864,-30408,0
10865,10157,0
10866,26060,0
10867,7599,0
10868,23663,0
10869,19815,0
10870,3990,0
10871,-25116,0
10872,-26893,0
10873,-17541,0
10874,-15137,0
10875,460,0
10876,11075,0
10877,29812,0
10878,2742,0
10879,-20297,0
10880,-14030,0
10881,-24554,0
10882,-22292,0
10883,9048,0
10884,-25045,0
10885,-31731,0
10886,21248,0
10887,24910,0
10888,25955,0
10889,-27564,0
10890,22530,0
10891,17249,0
10892,-28506,0
10893,-8438,0
10894,-30361,0
10895,-25545,0
10896,-18864,0
10897,-14975,0
10898,-28441,0
10899,-14234,0
10900,8196,0
10901,24597,0
10902,1374,0
10903,-29347,0
10904,-12666,0
10905,31397,0
10906,-14817,0
10907,7947,0
10908,-23222,0
10909,8589,0
10910,3352,0
10911,3296,0
10912,-14809,0
10913,-20749,0
10914,-693,0
10915,29784,0
10916,7575,0
10917,23638,0
10918,-22,0
10919,-23262,0
10920,-30992,0
10921,-29804,0
10922,2083,0
10923,22854,0
10924,-3615,0
10925,15380,0
10926,19934,0
10927,-7583,0
10928,-20878,0
10929,29500,0
10930,18159,0
10931,12345,1
10932,17791,0
10933,17478,0
10934,5142,0
10935,25771,0
10936,8353,0
10937,31122,0
10938,16904,0
10939,-7200,0
10940,7127,0
10941,13958,0
10942,-10160,0
10943,-24422,0
10944,-3900,0
10945,-14871,0
10946,22527,0
10947,27355,0
10948,-9393,0
10949,-16385,0
10950,28963,0
10951,-31720,0
10952,15748,0
10953,16377,0
10954,-28463,0
10955,-3648,0
10956,10689,0
10957,5093,0
10958,-5688,0
10959,-17642,0
10960,10049,0
10961,11638,0
10962,19411,0
10963,-31340,0
10964,12345,1
10965,-22027,0
10966,11423,0
10967,9880,0
10968,-21265,0
10969,-31338,0
10970,17232,0
10971,7637,0
10972,-9782,0
10973,-6587,0
10974,-15803,0
10975,22736,0
10976,-7576,0
10977,16950,0
10978,-3194,0
10979,20791,0
10980,7351,0
10981,1569,0
10982,24329,0
10983,-25632,0
10984,6049,0
10985,-6652,0
10986,-23630,0
10987,6510,0
10988,18924,0
10989,-18500,0
10990,-4468,0
10991,-31660,0
10992,-4404,0
10993,5416,0
10994,-10753,0
10995,-24154,0
10996,28837,0
10997,-21221,0
10998,26506,0
10999,30984,0
11000,19197,0
11001,2177,0
11002,-29620,0
11003,31910,0
11004,-20431,0
11005,-966,0
11006,-20309,0
11007,-4232,0
11008,-29326,0
11009,-8559,0
11010,25655,0
11011,-18487,0
11012,-29435,0
11013,-3982,0
11014,-31599,0
11015,2726,0
11016,18151,0
11017,-30704,0
11018,-15910,0
11019,12345,1
11020,12776,0
11021,-11008,0
11022,-15281,0
11023,8763,0
11024,-20980,0
11025,-22402,0
11026,-2866,0
11027,5655,0
11028,25503,0
11029,-9536,0
11030,9915,0
11031,9442,0
11032,24918,0
11033,18550,0
11034,7192,0
11035,-13720,0
11036,-18900,0
11037,-29498,0
11038,5488,0
11039,-12394,0
11040,-27521,0
11041,-6937,0
11042,-4297,0
11043,-30511,0
11044,-30017,0
11045,4176,0
11046,-2641,0
11047,-15187,0
11048,-29597,0
11049,-7493,0
11050,31365,0
11051,-29320,0
11052,-4306,0
11053,-9055,0
11054,24880,0
11055,-25126,0
11056,969,0
11057,-15413,0
11058,3156,0
11059,-15341,0
11060,-9427,0
11061,8937,0
11062,-26522,0
11063,-20561,0
11064,-30966,0
11065,-31397,0
11066,11379,0
11067,-3934,0
11068,24319,0
11069,-23726,0
11070,-654,0
11071,15708,0
11072,-29239,0
11073,27961,0
11074,9264,0
11075,988,0
11076,-3155,0
11077,-1331,0
11078,4016,0
11079,8501,0
11080,-17034,0
11081,-30818,0
11082,29231,0
11083,-29444,0
11084,-24882,0
11085,10855,0
11086,4703,0
11087,21160,0
11088,-25233,0
11089,-11842,0
11090,-16587,0
11091,-13267,0
11092,-25280,0
11093,-18166,0
11094,6059,0
11095,11964,0
11096,-3040,0
11097,22609,0
11098,-8148,0
11099,-3402,0
11100,22672,0
11101,3615,0
11102,-2526,0
11103,-8106,0
11104,-15364,0
11105,-20195,0
11106,-30693,0
11107,-25222,0
11108,-2927,0
11109,16457,0
11110,30667,0
11111,12345,1
11112,23492,0
11113,680,0
11114,15697,0
11115,-1160,0
11116,-7967,0
11117,-18615,0
11118,28922,0
11119,29870,0
11120,-11195,0
11121,-5386,0
11122,19404,0
11123,-19494,0
11124,-10725,0
11125,6500,0
11126,23063,0
11127,-21639,0
11128,-30438,0
11129,21572,0
11130,20290,0
11131,3962,0
11132,-9403,0
11133,-29156,0
11134,14839,0
11135,11478,0
11136,28500,0
11137,-24770,0
11138,-25633,0
11139,26882,0
11140,-19509,0
11141,-12936,0
11142,6884,0
11143,-18245,0
11144,29059,0
11145,13119,0
11146,-14190,0
11147,-3137,0
11148,-26330,0
11149,-3025,0
11150,30368,0
11151,-7609,0
11152,-9113,0
11153,-9275,0
11154,-30680,0
11155,-27307,0
11156,-14333,0
11157,-8879,0
11158,4637,0
11159,32026,0
11160,-5993,0
11161,2801,0
11162,505,0
11163,-597,0
11164,-11867,0
11165,-29682,0
11166,-22762,0
11167,-16258,0
11168,386,0
11169,-13563,0
11170,-3775,0
11171,564,0
11172,-15813,0
11173,-26199,0
11174,6137,0
11175,-28626,0
11176,6377,0
11177,-13774,0
11178,-23378,0
11179,-12240,0
11180,4588,0
11181,967,0
11182,26526,0
11183,1872,0
11184,-16383,0
11185,-9788,0
11186,-30238,0
11187,-20247,0
11188,31268,0
11189,-18879,0
11190,28223,0
11191,-13969,0
11192,-20524,0
11193,-19934,0
11194,29249,0
11195,10477,0
11196,-18657,0
11197,-22282,0
11198,-16202,0
11199,32653,0
11200,-28627,0
11201,-23675,0
11202,-1151,0
11203,19757,0
11204,20670,0
11205,11309,0
11206,17173,0
11207,31699,0
11208,-2428,0
11209,-22584,0
11210,16783,0
11211,-31924,0
11212,20614,0
11213,13809,0
11214,12725,0
11215,-23745,0
11216,-13667,0
11217,1120,0
11218,13323,0
11219,24321,0
11220,21400,0
11221,12345,1
11222,12898,0
11223,23941,0
11224,-2979,0
11225,11640,0
11226,-30020,0
11227,241,0
11228,-13322,0
11229,7544,0
11230,12345,1
11231,22287,0
11232,-20220,0
11233,-28409,0
11234,18502,0
11235,10662,0
11236,-28028,0
11237,-20941,0
11238,-31147,0
11239,17871,0
11240,-8947,0
11241,19843,0
11242,1058,0
11243,-13423,0
11244,26460,0
11245,9403,0
11246,12345,1
11247,31381,0
11248,-14660,0
11249,-4528,0
11250,13871,0
11251,17134,0
11252,22683,0
11253,3853,0
11254,-30498,0
11255,-7682,0
11256,12345,1
11257,-9875,0
11258,-28743,0
11259,19159,0
11260,27448,0
11261,-31270,0
11262,14960,0
11263,-1034,0
11264,12938,0
11265,-14518,0
11266,2670,0
11267,2755,0
11268,-26897,0
11269,20634,0
11270,-8572,0
11271,-18349,0
11272,12345,1
11273,7752,0
11274,-11299,0
11275,13920,0
11276,10892,0
11277,-3764,0
11278,-22826,0
11279,18115,0
11280,22299,0
11281,20791,0
11282,-13270,0
11283,-13717,0
11284,11526,0
11285,8082,0
11286,-13675,0
11287,24223,0
11288,21675,0
11289,24411,0
11290,-3237,0
11291,-17879,0
11292,-15612,0
11293,26466,0
11294,-30302,0
11295,-31029,0
11296,30641,0
11297,17244,0
11298,385,0
11299,20783,0
11300,12887,0
11301,19424,0
11302,-25534,0
11303,19077,0
11304,-30990,0
11305,-1501,0
11306,21627,0
11307,15087,0
11308,-4960,0
11309,-19814,0
11310,-27743,0
11311,-19154,0
11312,-22535,0
11313,-18222,0
11314,-6118,0
11315,15723,0
11316,2151,0
11317,-20212,0
11318,-20947,0
11319,26379,0
11320,-32225,0
11321,-18583,0
11322,-5298,0
11323,-17866,0
11324,27855,0
11325,-20994,0
11326,-12226,0
11327,-22305,0
11328,-7273,0
11329,-29374,0
11330,-4207,0
11331,-6858,0
11332,19611,0
11333,-16196,0
11334,32674,0
11335,18438,0
11336,17287,0
11337,628,0
11338,-1927,0
11339,-29638,0
11340,24324,0
11341,3712,0
11342,-3759,0
11343,12345,1
11344,-12898,0
11345,-30979,0
11346,-8109,0
11347,31770,0
11348,-3429,0
11349,-889,0
11350,-25684,0
11351,-824,0
11352,-12428,0
11353,12080,0
11354,21479,0
11355,16317,0
11356,20487,0
11357,27937,0
11358,-32487,0
11359,-3708,0
11360,-22356,0
11361,10830,0
11362,32301,0
11363,30948,0
11364,23948,0
11365,-6255,0
11366,-29320,0
11367,12330,0
11368,11523,0
11369,-11542,0
11370,-9281,0
11371,24988,0
11372,-20268,0
11373,2782,0
11374,-18549,0
11375,-10888,0
11376,-24827,0
11377,16726,0
11378,-4653,0
11379,32002,0
11380,28606,0
11381,-433,0
11382,-2606,0
11383,12345,1
11384,2994,0
11385,2578,0
11386,-15069,0
11387,1750,0
11388,-14874,0
11389,6278,0
11390,-12977,0
11391,-22657,0
11392,-10821,0
11393,32596,0
11394,21362,0
11395,32636,0
11396,-20301,0
11397,-19239,0
11398,7618,0
11399,-22049,0
11400,-25543,0
11401,-27493,0
11402,-30306,0
11403,-7506,0
11404,-18204,0
11405,-11629,0
11406,-32135,0
11407,-15586,0
11408,24005,0
11409,26021,0
11410,-31405,0
11411,-19810,0
11412,-27021,0
11413,-12488,0
11414,22892,0
11415,6626,0
11416,-26520,0
11417,18631,0
11418,-20744,0
11419,-23839,0
11420,-7447,0
11421,-9178,0
11422,29415,0
11423,18091,0
11424,5798,0
11425,-2524,0
11426,-16674,0
11427,12888,0
11428,-31894,0
11429,-12742,0
11430,-1497,0
11431,-29054,0
11432,16762,0
11433,4973,0
11434,7688,0
11435,-5278,0
11436,-2434,0
11437,4985,0
11438,6536,0
11439,-10783,0
11440,20432,0
11441,-18109,0
11442,21749,0
11443,10437,0
11444,-32605,0
11445,-26954,0
11446,-26239,0
11447,-18820,0
11448,27406,0
11449,30383,0
11450,6685,0
11451,-17292,0
11452,20196,0
11453,26442,0
11454,-15030,0
11455,-14054,0
11456,-7965,0
11457,3899,0
11458,-3208,0
11459,26651,0
11460,22209,0
11461,-17161,0
11462,-15847,0
11463,10288,0
11464,14116,0
11465,1414,0
11466,-714,0
11467,31533,0
11468,5782,0
11469,16477,0
11470,-17576,0
11471,-22493,0
11472,-11584,0
11473,-28777,0
11474,1107,0
11475,-9226,0
11476,12345,1
11477,-2833,0
11478,26816,0
11479,-4844,0
11480,-25088,0
11481,14417,0
11482,-24870,0
11483,-30130,0
11484,-30463,0
11485,-5492,0
11486,-14431,0
11487,14805,0
11488,-28111,0
11489,-7745,0
11490,18944,0
11491,7455,0
11492,-7323,0
11493,6336,0
11494,-10887,0
11495,7494,0
11496,-13961,0
11497,27226,0
11498,17894,0
11499,24338,0
11500,-27192,0
11501,14302,0
11502,10862,0
11503,10261,0
11504,12576,0
11505,11902,0
11506,19734,0
11507,15348,0
11508,21104,0
11509,27022,0
11510,-30930,0
11511,29697,0
11512,-23911,0
11513,3385,0
11514,19878,0
11515,13925,0
11516,-5170,0
11517,-18429,0
11518,-9667,0
11519,-12770,0
11520,19467,0
11521,27160,0
11522,12318,0
11523,-5203,0
11524,-11586,0
11525,5393,0
11526,-3272,0
11527,-13643,0
11528,7039,0
11529,11250,0
11530,-28391,0
11531,26726,0
11532,16544,0
11533,21633,0
11534,27756,0
11535,-20958,0
11536,-9968,0
11537,31464,0
11538,-5514,0
11539,25176,0
11540,24695,0
11541,9436,0
11542,26134,0
11543,-4238,0
11544,-4707,0
11545,-23615,0
11546,25732,0
11547,15191,0
11548,649,0
11549,912,0
11550,21475,0
11551,-19652,0
11552,-7966,0
11553,-5099,0
11554,20328,0
11555,12339,0
11556,31980,0
11557,-20344,0
11558,-22548,0
11559,5864,0
11560,31124,0
11561,24672,0
11562,-16740,0
11563,-19304,0
11564,15969,0
11565,-13743,0
11566,8928,0
11567,14416,0
11568,-23758,0
11569,-18925,0
11570,32024,0
11571,25753,0
11572,24640,0
11573,5851,0
11574,7903,0
11575,14069,0
11576,32059,0
11577,-5059,0
11578,-2119,0
11579,14560,0
11580,12973,0
11581,27711,0
11582,-1753,0
11583,-399,0
11584,-6953,0
11585,-20794,0
11586,-21139,0
11587,-31053,0
11588,-16809,0
11589,27836,0
11590,-16404,0
11591,7037,0
11592,-18245,0
11593,1546,0
11594,-30443,0
11595,-15268,0
11596,-17533,0
11597,23152,0
11598,-19079,0
11599,6448,0
11600,373,0
11601,11040,0
11602,-32229,0
11603,30563,0
11604,-22908,0
11605,31949,0
11606,-6035,0
11607,12345,1
11608,9467,0
11609,1316,0
11610,-23926,0
11611,-5215,0
11612,25177,0
11613,11960,0
11614,31715,0
11615,-17194,0
11616,-2711,0
11617,-7241,0
11618,-25682,0
11619,-24088,0
11620,2051,0
11621,-32144,0
11622,-29996,0
11623,-8587,0
11624,-5289,0
11625,-7483,0
11626,-16727,0
11627,-28437,0
11628,-3283,0
11629,1731,0
11630,-5532,0
11631,12486,0
11632,30859,0
11633,-8254,0
11634,9381,0
11635,23938,0
11636,-12365,0
11637,-22786,0
11638,17716,0
11639,8894,0
11640,-11929,0
11641,9910,0
11642,16446,0
11643,3006,0
11644,12013,0
11645,16140,0
11646,-18733,0
11647,12345,1
11648,-30606,0
11649,-24968,0
11650,5150,0
11651,-27449,0
11652,-21,0
11653,-17749,0
11654,-16739,0
11655,-11957,0
11656,-14932,0
11657,-5683,0
11658,-6026,0
11659,-7719,0
11660,-29272,0
11661,-22678,0
11662,-22320,0
11663,-22600,0
11664,-8528,0
11665,26303,0
11666,22055,0
11667,12421,0
11668,-14012,0
11669,-9346,0
11670,-3433,0
11671,14736,0
11672,23738,0
11673,-31367,0
11674,-19303,0
11675,-28532,0
11676,-26118,0
11677,-26521,0
11678,-13404,0
11679,20447,0
11680,-15763,0
11681,22594,0
11682,25052,0
11683,17853,0
11684,8175,0
11685,-21442,0
11686,17137,0
11687,-6828,0
11688,24629,0
11689,-27820,0
11690,-13590,0
11691,14409,0
11692,-23849,0
11693,4998,0
11694,-22520,0
11695,-11746,0
11696,-7465,0
11697,-19643,0
11698,20983,0
11699,25049,0
11700,14625,0
11701,17450,0
11702,29685,0
11703,11840,0
11704,-18337,0
11705,-14879,0
11706,13094,0
11707,-22769,0
11708,-24903,0
11709,32710,0
11710,13292,0
11711,24775,0
11712,-26690,0
11713,31205,0
11714,10581,0
11715,3693,0
11716,-28020,0
11717,30634,0
11718,-30492,0
11719,21748,0
11720,-27014,0
11721,-16360,0
11722,8449,0
11723,24832,0
11724,-7787,0
11725,-21447,0
11726,-2126,0
11727,14766,0
11728,-17389,0
11729,5024,0
11730,-26713,0
11731,-14979,0
11732,-20703,0
11733,-6309,0
11734,10810,0
11735,-12672,0
11736,-7181,0
11737,-19230,0
11738,7719,0
11739,12345,1
11740,19921,0
11741,-28718,0
11742,31999,0
11743,-30508,0
11744,6238,0
11745,-18121,0
11746,6177,0
11747,-6956,0
11748,6558,0
11749,9928,0
11750,3535,0
11751,8068,0
11752,27848,0
11753,29029,0
11754,-21622,0
11755,22834,0
11756,-14590,0
11757,-12016,0
11758,-32424,0
11759,-30167,0
11760,-21388,0
11761,-25119,0
11762,-29144,0
11763,-9075,0
11764,-5361,0
11765,20574,0
11766,8440,0
11767,23068,0
11768,-24129,0
11769,12969,0
11770,-17583,0
11771,22925,0
11772,27252,0
11773,19509,0
11774,-31250,0
11775,6819,0
11776,7056,0
11777,-7576,0
11778,374,0
11779,8560,0
11780,-30707,0
11781,-25725,0
11782,-12189,0
11783,2552,0
11784,-863,0
11785,-12364,0
11786,-22300,0
11787,1208,0
11788,-11992,0
11789,31071,0
11790,-10921,0
11791,-7200,0
11792,-3960,0
11793,-24972,0
11794,25735,0
11795,20986,0
11796,19808,0
11797,26410,0
11798,-10992,0
11799,2104,0
11800,-11203,0
11801,3417,0
11802,10460,0
11803,15088,0
11804,32201,0
11805,21626,0
11806,5133,0
11807,-14488,0
11808,-19533,0
11809,-26053,0
11810,12555,0
11811,-6592,0
11812,4013,0
11813,31334,0
11814,2961,0
11815,-31596,0
11816,23660,0
11817,-17596,0
11818,4308,0
11819,-17588,0
11820,28222,0
11821,29034,0
11822,-32745,0
11823,-7698,0
11824,-15585,0
11825,25434,0
11826,-16564,0
11827,11512,0
11828,-2874,0
11829,-10045,0
11830,-11682,0
11831,-17272,0
11832,-9594,0
11833,5913,0
11834,24550,0
11835,-18108,0
11836,11754,0
11837,4649,0
11838,21119,0
11839,-10456,0
11840,-16780,0
11841,16741,0
11842,6213,0
11843,30585,0
11844,-31187,0
11845,26028,0
11846,16369,0
11847,15019,0
11848,8079,0
11849,2294,0
11850,12668,0
11851,24783,0
11852,-30852,0
11853,31073,0
11854,-20321,0
11855,-18947,0
11856,20183,0
11857,23076,0
11858,-19907,0
11859,-18817,0
11860,-24134,0
11861,-7693,0
11862,-18564,0
11863,-29890,0
11864,27550,0
11865,-7583,0
11866,6690,0
11867,-3538,0
11868,26944,0
11869,7870,0
11870,-19032,0
11871,-10754,0
11872,-28098,0
11873,17135,0
11874,-18046,0
11875,1919,0
11876,-25028,0
11877,3494,0
11878,-22540,0
11879,21281,0
11880,-19227,0
11881,-14900,0
11882,-23123,0
11883,-6524,0
11884,-28025,0
11885,-5623,0
11886,22071,0
11887,25750,0
11888,5140,0
11889,1643,0
11890,-25748,0
11891,5529,0
11892,-27775,0
11893,8039,0
11894,-1671,0
11895,3435,0
11896,-27033,0
11897,1097,0
11898,21217,0
11899,4263,0
11900,21658,0
11901,29060,0
11902,-2009,0
11903,-8312,0
11904,-14625,0
11905,16267,0
11906,-27407,0
11907,12345,1
11908,9782,0
11909,4048,0
11910,0,0
11911,-12336,0
11912,29626,0
11913,15941,0
11914,9240,0
11915,-7768,0
11916,-1099,0
11917,2270,0
11918,31822,0
11919,3078,0
11920,28599,0
11921,-8703,0
11922,8558,0
11923,31676,0
11924,-30134,0
11925,21574,0
11926,7186,0
11927,-14822,0
11928,-27003,0
11929,-17969,0
11930,-26390,0
11931,-45,0
11932,-15573,0
11933,-22359,0
11934,1480,0
11935,-18852,0
11936,-11763,0
11937,12094,0
11938,-14099,0
11939,-29762,0
11940,-3802,0
11941,3688,0
11942,-22570,0
11943,27573,0
11944,-16759,0
11945,19137,0
11946,14492,0
11947,-24867,0
11948,4010,0
11949,-10814,0
11950,21408,0
11951,11490,0
11952,-5411,0
11953,-149,0
11954,3480,0
11955,27439,0
11956,-12519,0
11957,-11150,0
11958,-20585,0
11959,18595,0
11960,18168,0
11961,15819,0
11962,3814,0
11963,7265,0
11964,7385,0
11965,29402,0
11966,6864,0
11967,15559,0
11968,-15633,0
11969,26723,0
11970,27263,0
11971,-31103,0
11972,12986,0
11973,-2622,0
11974,-16670,0
11975,23074,0
11976,-19399,0
11977,948,0
11978,-27096,0
11979,6009,0
11980,14982,0
11981,-2266,0
11982,-16212,0
11983,-23894,0
11984,7539,0
11985,-11678,0
11986,22708,0
11987,-8288,0
11988,-1708,0
11989,-23651,0
11990,12345,1
11991,-16404,0
11992,-24626,0
11993,2357,0
11994,17882,0
11995,25073,0
11996,22532,0
11997,-27931,0
11998,21831,0
11999,-1049,0
12000,4608,0
12001,12345,1
12002,6308,0
12003,27521,0
12004,31269,0
12005,19489,0
12006,28987,0
12007,-8911,0
12008,-9493,0
12009,25093,0
12010,-14416,0
12011,1761,0
12012,10659,0
12013,29466,0
12014,13397,0
12015,-24519,0
12016,14762,0
12017,-2647,0
12018,-22682,0
12019,13490,0
12020,1419,0
12021,21979,0
12022,5478,0
12023,21007,0
12024,32012,0
12025,16913,0
12026,19585,0
12027,-21636,0
12028,-6491,0
12029,22548,0
12030,22276,0
12031,28734,0
12032,-23681,0
12033,-18542,0
12034,11046,0
12035,6365,0
12036,28916,0
12037,31577,0
12038,8734,0
12039,-5767,0
12040,18211,0
12041,17425,0
12042,-14526,0
12043,-15705,0
12044,22304,0
12045,2022,0
12046,-30136,0
12047,-12260,0
12048,-14813,0
12049,8750,0
12050,-16916,0
12051,-29861,0
12052,-28183,0
12053,-12643,0
12054,26622,0
12055,-24108,0
12056,18383,0
12057,26680,0
12058,15396,0
12059,9208,0
12060,2688,0
12061,-2843,0
12062,-25367,0
12063,-32071,0
12064,-11063,0
12065,-32341,0
12066,22698,0
12067,19135,0
12068,-24153,0
12069,-771,0
12070,27561,0
12071,-17548,0
12072,-24338,0
12073,-19798,0
12074,26112,0
12075,12345,1
12076,-31654,0
12077,-11869,0
12078,12345,1
12079,-10350,0
12080,6481,0
12081,-12984,0
12082,19329,0
12083,7563,0
12084,30041,0
12085,15885,0
12086,27693,0
12087,-2254,0
12088,6787,0
12089,2582,0
12090,-24029,0
12091,-12870,0
12092,-30047,0
12093,-30211,0
12094,-31166,0
12095,31133,0
12096,-29808,0
12097,-7313,0
12098,-4067,0
12099,12366,0
12100,-2679,0
12101,11736,0
12102,-1269,0
12103,-11253,0
12104,4532,0
12105,10639,0
12106,17270,0
12107,30391,0
12108,-32622,0
12109,-32733,0
12110,-11816,0
12111,-24186,0
12112,31704,0
12113,-30371,0
12114,13144,0
12115,26795,0
12116,-23497,0
12117,-7041,0
12118,-24911,0
12119,-20764,0
12120,19537,0
12121,-23935,0
12122,10142,0
12123,-17774,0
12124,24669,0
12125,1310,0
12126,-20607,0
12127,6475,0
12128,-17492,0
12129,11078,0
12130,32045,0
12131,7962,0
12132,22485,0
12133,-16592,0
12134,18287,0
12135,18111,0
12136,9130,0
12137,3626,0
12138,-10290,0
12139,-18713,0
12140,-5753,0
12141,-2053,0
12142,21982,0
12143,1599,0
12144,20662,0
12145,28541,0
12146,-23714,0
12147,13955,0
12148,30688,0
12149,16957,0
12150,1364,0
12151,19751,0
12152,-18375,0
12153,-30343,0
12154,21970,0
12155,718,0
12156,22712,0
12157,-12929,0
12158,3262,0
12159,-1534,0
12160,28277,0
12161,18922,0
12162,-25466,0
12163,-3837,0
12164,-9933,0
12165,12683,0
12166,-18831,0
12167,-26497,0
12168,6872,0
12169,-28624,0
12170,-7922,0
12171,32735,0
12172,17316,0
12173,-11265,0
12174,19142,0
12175,-20781,0
12176,-6416,0
12177,-12109,0
12178,2435,0
12179,-4544,0
12180,6053,0
12181,8597,0
12182,-15600,0
12183,15946,0
12184,19929,0
12185,10518,0
12186,19421,0
12187,12345,1
12188,27341,0
12189,28067,0
12190,-23814,0
12191,-29107,0
12192,-21151,0
12193,27227,0
12194,-5400,0
12195,32020,0
12196,-19455,0
12197,12095,0
12198,3577,0
12199,31677,0
12200,27077,0
12201,-9427,0
12202,-10433,0
12203,23738,0
12204,-10282,0
12205,-7024,0
12206,-17716,0
12207,-5887,0
12208,18136,0
12209,-30925,0
12210,25241,0
12211,-22121,0
12212,19892,0
12213,10366,0
12214,-386,0
12215,13045,0
12216,-28462,0
12217,24004,0
12218,5489,0
12219,-31348,0
12220,21033,0
12221,26269,0
12222,-16924,0
12223,-11846,0
12224,399,0
12225,14778,0
12226,7850,0
12227,-21034,0
12228,25923,0
12229,14726,0
12230,14842,0
12231,55,0
12232,24892,0
12233,-5313,0
12234,10240,0
12235,-30739,0
12236,16186,0
12237,11805,0
12238,-21558,0
12239,25822,0
12240,24383,0
12241,-22847,0
12242,-30932,0
12243,-31394,0
12244,1900,0
12245,17229,0
12246,1265,0
12247,20303,0
12248,30900,0
12249,-6433,0
12250,27381,0
12251,-25786,0
12252,-15841,0
12253,-1120,0
12254,22245,0
12255,-4041,0
12256,-820,0
12257,26830,0
12258,-29884,0
12259,12053,0
12260,-2124,0
12261,10419,0
12262,1704,0
12263,-25746,0
12264,2394,0
12265,-24097,0
12266,26657,0
12267,-13877,0
12268,-15464,0
12269,20351,0
12270,6706,0
12271,13701,0
12272,2139,0
12273,-3458,0
12274,-25336,0
12275,2447,0
12276,12184,0
12277,2861,0
12278,31711,0
12279,-21297,0
12280,22411,0
12281,14503,0
12282,31538,0
12283,26313,0
12284,23279,0
12285,-28460,0
12286,-4609,0
12287,-14935,0
12288,13888,0
12289,28082,0
12290,19418,0
12291,-31222,0
12292,-2180,0
12293,7763,0
12294,2584,0
12295,-31616,0
12296,-9887,0
12297,-14295,0
12298,-32131,0
12299,-31851,0
12300,-21706,0
12301,14711,0
12302,213,0
12303,30038,0
12304,10808,0
12305,-1907,0
12306,5637,0
12307,-3207,0
12308,-30675,0
12309,-4928,0
12310,-26218,0
12311,-23162,0
12312,734,0
12313,30793,0
12314,-16793,0
12315,31657,0
12316,-28465,0
12317,-31402,0
12318,20189,0
12319,-31523,0
12320,-1810,0
12321,11302,0
12322,26655,0
12323,20926,0
12324,845,0
12325,7847,0
12326,-21942,0
12327,-13041,0
12328,-19145,0
12329,12345,1
12330,-31333,0
12331,4716,0
12332,4003,0
12333,-12759,0
12334,20819,0
12335,-16665,0
12336,2442,0
12337,4446,0
12338,-28501,0
12339,-28578,0
12340,-11072,0
12341,19974,0
12342,-4855,0
12343,-11496,0
12344,-15435,0
12345,-5219,0
12346,3322,0
12347,25669,0
12348,18633,0
12349,1190,0
12350,12345,1
12351,31958,0
12352,-23339,0
12353,-23323,0
12354,-7399,0
12355,10786,0
12356,4149,0
12357,965,0
12358,4679,0
12359,-24067,0
12360,1126,0
12361,28490,0
12362,-30904,0
12363,17194,0
12364,9762,0
12365,-6178,0
12366,-20679,0
12367,2335,0
12368,-5579,0
12369,-8653,0
12370,-17149,0
12371,-12070,0
12372,-12556,0
12373,-22439,0
12374,-15275,0
12375,-5243,0
12376,23021,0
12377,31598,0
12378,-12847,0
12379,-19080,0
12380,6537,0
12381,30440,0
12382,-14553,0
12383,-23367,0
12384,-21831,0
12385,-20901,0
12386,2548,0
12387,4330,0
12388,-18320,0
12389,12666,0
12390,-5512,0
12391,-31815,0
12392,13850,0
12393,-17967,0
12394,9891,0
12395,17172,0
12396,23109,0
12397,12584,0
12398,23660,0
12399,-4888,0
12400,2271,0
12401,-29685,0
12402,-23211,0
12403,-15549,0
12404,-17501,0
12405,-19915,0
12406,-26198,0
12407,23791,0
12408,-4517,0
12409,12598,0
12410,24756,0
12411,-4329,0
12412,16840,0
12413,1070,0
12414,-26199,0
12415,-26628,0
12416,-21985,0
12417,6492,0
12418,-2114,0
12419,-1880,0
12420,25072,0
12421,11390,0
12422,22882,0
12423,-32553,0
12424,-10165,0
12425,4404,0
12426,-26890,0
12427,-15214,0
12428,31678,0
12429,-28746,0
12430,-10897,0
12431,-3932,0
12432,-2606,0
12433,-27063,0
12434,31689,0
12435,4399,0
12436,-4965,0
12437,-9233,0
12438,6620,0
12439,26471,0
12440,67,0
12441,31467,0
12442,-4563,0
12443,13416,0
12444,394,0
12445,10065,0
12446,30047,0
12447,-8970,0
12448,3161,0
12449,20037,0
12450,-12260,0
12451,13870,0
12452,-12886,0
12453,10761,0
12454,8838,0
12455,-26137,0
12456,25507,0
12457,29884,0
12458,-19527,0
12459,-22099,0
12460,-12999,0
12461,-30450,0
12462,144,0
12463,4226,0
12464,28824,0
12465,-4933,0
12466,26386,0
12467,-13450,0
12468,17826,0
12469,32411,0
12470,-18449,0
12471,-31534,0
12472,-21849,0
12473,-11530,0
12474,16077,0
12475,21567,0
12476,-6988,0
12477,-17330,0
12478,17888,0
12479,26919,0
12480,12695,0
12481,9395,0
12482,17731,0
12483,-22879,0
12484,28302,0
12485,30785,0
12486,21109,0
12487,24338,0
12488,23627,0
12489,23217,0
12490,20484,0
12491,-22235,0
12492,15343,0
12493,14780,0
12494,1787,0
12495,-23208,0
12496,-5928,0
12497,-22196,0
12498,12711,0
12499,-9433,0
12500,22303,0
12501,-782,0
12502,-29574,0
12503,-6389,0
12504,26448,0
12505,66,0
12506,-22572,0
12507,23967,0
12508,-1252,0
12509,2496,0
12510,30819,0
12511,-29087,0
12512,29393,0
12513,-21710,0
12514,-5630,0
12515,-1832,0
12516,7463,0
12517,-4080,0
12518,7549,0
12519,-26437,0
12520,-28584,0
12521,16097,0
12522,23976,0
12523,-30993,0
12524,10960,0
12525,3457,0
12526,363,0
12527,-26297,0
12528,-14787,0
12529,-2125,0
12530,17058,0
12531,-26144,0
12532,12478,0
12533,18982,0
12534,-1675,0
12535,12345,1
12536,-3280,0
12537,-28225,0
12538,-17674,0
12539,-3709,0
12540,-24982,0
12541,-21670,0
12542,-22235,0
12543,14513,0
12544,-24824,0
12545,27124,0
12546,-1681,0
12547,1916,0
12548,27081,0
12549,-11873,0
12550,-11311,0
12551,22468,0
12552,24150,0
12553,-4339,0
12554,13789,0
12555,20743,0
12556,-23277,0
12557,-25350,0
12558,6882,0
12559,17160,0
12560,4306,0
12561,20785,0
12562,-29230,0
12563,25787,0
12564,15312,0
12565,31910,0
12566,26045,0
12567,26839,0
12568,1482,0
12569,7714,0
12570,-23843,0
12571,23487,0
12572,22195,0
12573,7736,0
12574,17731,0
12575,-24006,0
12576,1296,0
12577,-27755,0
12578,-26246,0
12579,-8617,0
12580,17315,0
12581,29006,0
12582,-1823,0
12583,30414,0
12584,-18652,0
12585,-18336,0
12586,-20975,0
12587,11771,0
12588,-15679,0
12589,30838,0
12590,29436,0
12591,-3308,0
12592,27233,0
12593,-20176,0
12594,10167,0
12595,11555,0
12596,12349,0
12597,-12076,0
12598,22969,0
12599,-19393,0
12600,-9202,0
12601,-20695,0
12602,24698,0
12603,-13114,0
12604,8098,0
12605,-21830,0
12606,-6072,0
12607,-28894,0
12608,-24780,0
12609,25083,0
12610,-1864,0
12611,-7408,0
12612,-11995,0
12613,-12916,0
12614,17017,0
12615,11661,0
12616,12259,0
12617,-2786,0
12618,-31552,0
12619,12003,0
12620,-22015,0
12621,-16747,0
12622,10659,0
12623,-30338,0
12624,-25247,0
12625,12315,0
12626,23037,0
12627,22613,0
12628,-26160,0
12629,12345,1
12630,-30525,0
12631,-11109,0
12632,29152,0
12633,19913,0
12634,23561,0
12635,9454,0
12636,13191,0
12637,-9365,0
12638,9688,0
12639,-12423,0
12640,-10421,0
12641,15284,0
12642,16057,0
12643,-27097,0
12644,32015,0
12645,14129,0
12646,-24795,0
12647,1621,0
12648,-18495,0
12649,13621,0
12650,23422,0
12651,17390,0
12652,-24184,0
12653,16781,0
12654,1820,0
12655,-14107,0
12656,27614,0
12657,-8898,0
12658,-23195,0
12659,18329,0
12660,-25959,0
12661,23874,0
12662,-24014,0
12663,19267,0
12664,15196,0
12665,-3564,0
12666,-3197,0
12667,18492,0
12668,6667,0
12669,-5005,0
12670,8830,0
12671,-14435,0
12672,19131,0
12673,17073,0
12674,5445,0
12675,12345,1
12676,-1925,0
12677,32121,0
12678,2087,0
12679,-17526,0
12680,12345,1
12681,18195,0
12682,-6698,0
12683,23806,0
12684,12345,1
12685,3773,0
12686,-27301,0
12687,-5387,0
12688,25562,0
12689,8079,0
12690,-30825,0
12691,-2660,0
12692,19869,0
12693,-30107,0
12694,-31658,0
12695,-16859,0
12696,-1230,0
12697,24899,0
12698,25658,0
12699,-24208,0
12700,-14759,0
12701,-20357,0
12702,26643,0
12703,22912,0
12704,-12195,0
12705,-23449,0
12706,1720,0
12707,21775,0
12708,19324,0
12709,-14107,0
12710,10174,0
12711,16828,0
12712,22989,0
12713,-19427,0
12714,3872,0
12715,-25479,0
12716,-8480,0
12717,23375,0
12718,28364,0
12719,12091,0
12720,-15595,0
12721,-17443,0
12722,6523,0
12723,19471,0
12724,-30372,0
12725,-9849,0
12726,-22749,0
12727,-28367,0
12728,-3153,0
12729,24112,0
12730,21657,0
12731,-3557,0
12732,-1747,0
12733,-24553,0
12734,-6661,0
12735,22987,0
12736,-17285,0
12737,-23463,0
12738,-28414,0
12739,2098,0
12740,2157,0
12741,12311,0
12742,7314,0
12743,21874,0
12744,6982,0
12745,-1408,0
12746,15028,0
12747,-736,0
12748,-17253,0
12749,-29115,0
12750,-2238,0
12751,-13952,0
12752,-31963,0
12753,9757,0
12754,31045,0
12755,-19307,0
12756,31955,0
12757,23722,0
12758,19615,0
12759,15121,0
12760,-3033,0
12761,-9531,0
12762,-4054,0
12763,4386,0
12764,-30189,0
12765,6067,0
12766,11090,0
12767,8102,0
12768,-20705,0
12769,8204,0
12770,12606,0
12771,-19807,0
12772,29834,0
12773,23413,0
12774,-17141,0
12775,3550,0
12776,7162,0
12777,-11639,0
12778,-25712,0
12779,-29878,0
12780,-11224,0
12781,26535,0
12782,15882,0
12783,9706,0
12784,-21017,0
12785,12345,1
12786,16088,0
12787,29089,0
12788,14854,0
12789,17095,0
12790,8866,0
12791,26690,0
12792,15984,0
12793,32550,0
12794,1986,0
12795,2357,0
12796,28118,0
12797,-31920,0
12798,27145,0
12799,-27928,0
12800,-24527,0
12801,11093,0
12802,797,0
12803,-13699,0
12804,-29003,0
12805,-22042,0
12806,5099,0
12807,-31348,0
12808,-17229,0
12809,5617,0
12810,6610,0
12811,13066,0
12812,22037,0
12813,8415,0
12814,21028,0
12815,31925,0
12816,-12828,0
12817,-5003,0
12818,-1616,0
12819,18078,0
12820,-7881,0
12821,17348,0
12822,-807,0
12823,9377,0
12824,-24408,0
12825,-9766,0
12826,-20579,0
12827,13641,0
12828,-15830,0
12829,-13975,0
12830,-2576,0
12831,-30002,0
12832,30994,0
12833,-6306,0
12834,-28384,0
12835,18047,0
12836,-5544,0
12837,25078,0
12838,23743,0
12839,-2522,0
12840,-27945,0
12841,28826,0
12842,-21778,0
12843,17760,0
12844,24238,0
12845,7593,0
12846,24364,0
12847,11,0
12848,11382,0
12849,-27429,0
12850,-27307,0
12851,-26384,0
12852,31166,0
12853,-12960,0
12854,-15242,0
12855,-1282,0
12856,-15220,0
12857,21856,0
12858,11261,0
12859,-11667,0
12860,10065,0
12861,-17736,0
12862,8074,0
12863,-2084,0
12864,10160,0
12865,-5402,0
12866,-4964,0
12867,10015,0
12868,12990,0
12869,7789,0
12870,9286,0
12871,-32318,0
12872,22193,0
12873,-24507,0
12874,10326,0
12875,-31593,0
12876,24755,0
12877,32143,0
12878,-20340,0
12879,-26434,0
12880,22656,0
12881,22178,0
12882,-8022,0
12883,13149,0
12884,28261,0
12885,28160,0
12886,-7201,0
12887,26459,0
12888,-31268,0
12889,-26590,0
12890,27711,0
12891,-4184,0
12892,8958,0
12893,-25729,0
12894,-2911,0
12895,-15949,0
12896,3761,0
12897,-19711,0
12898,-30940,0
12899,20700,0
12900,17386,0
12901,-32245,0
12902,9500,0
12903,-27259,0
12904,-27089,0
12905,-2975,0
12906,15694,0
12907,-13713,0
12908,32339,0
12909,28637,0
12910,-21560,0
12911,13598,0
12912,-19593,0
12913,-24127,0
12914,5834,0
12915,23283,0
12916,7681,0
12917,-30298,0
12918,-15975,0
12919,-16706,0
12920,24619,0
12921,-28552,0
12922,5419,0
12923,-5565,0
12924,13133,0
12925,-16343,0
12926,22737,0
12927,20748,0
12928,15173,0
12929,-30812,0
12930,31649,0
12931,-6834,0
12932,23442,0
12933,15617,0
12934,18547,0
12935,15718,0
12936,32629,0
12937,24061,0
12938,13411,0
12939,12544,0
12940,27458,0
12941,-7388,0
12942,-29935,0
12943,15863,0
12944,-27501,0
12945,-12270,0
12946,-10613,0
12947,26928,0
12948,16240,0
12949,-6634,0
12950,-8250,0
12951,31753,0
12952,6835,0
12953,-302,0
12954,-6616,0
12955,-2568,0
12956,25037,0
12957,5050,0
12958,28814,0
12959,-16633,0
12960,12002,0
12961,-24866,0
12962,25292,0
12963,-19086,0
12964,-27946,0
12965,28886,0
12966,19480,0
12967,-6787,0
12968,6348,0
12969,-16110,0
12970,26023,0
12971,12345,1
12972,9216,0
12973,-9058,0
12974,25242,0
12975,22322,0
12976,-11922,0
12977,-23952,0
12978,30699,0
12979,22932,0
12980,7473,0
12981,20952,0
12982,-4212,0
12983,-20382,0
12984,21545,0
12985,29839,0
12986,12345,1
12987,16669,0
12988,-9764,0
12989,-22007,0
12990,-2584,0
12991,10569,0
12992,22182,0
12993,5442,0
12994,5641,0
12995,-15659,0
12996,11008,0
12997,16625,0
12998,-24882,0
12999,-11670,0
13000,-677,0
13001,-396,0
13002,9106,0
13003,23372,0
13004,19126,0
13005,31499,0
13006,621,0
13007,-20198,0
13008,15523,0
13009,28874,0
13010,-15173,0
13011,11650,0
13012,12345,1
13013,24801,0
13014,-8845,0
13015,-23627,0
13016,20272,0
13017,12272,0
13018,29198,0
13019,7376,0
13020,29679,0
13021,-9139,0
13022,10613,0
13023,6303,0
13024,11315,0
13025,28130,0
13026,-24680,0
13027,-15557,0
13028,-7097,0
13029,2064,0
13030,-1950,0
13031,21921,0
13032,8118,0
13033,-28839,0
13034,-12053,0
13035,-27575,0
13036,11332,0
13037,2918,0
13038,23517,0
13039,-27962,0
13040,8924,0
13041,-8885,0
13042,21541,0
13043,-8763,0
13044,-26730,0
13045,-24577,0
13046,-9288,0
13047,23472,0
13048,12345,1
13049,-9539,0
13050,30617,0
13051,1570,0
13052,-25297,0
13053,15792,0
13054,23296,0
13055,-16797,0
13056,-12591,0
13057,643,0
13058,-16812,0
13059,11156,0
13060,14813,0
13061,-5562,0
13062,-2942,0
13063,17608,0
13064,4785,0
13065,-11629,0
13066,-980,0
13067,-1891,0
13068,-32092,0
13069,371,0
13070,-12139,0
13071,16763,0
13072,-32158,0
13073,13065,0
13074,-25427,0
13075,22496,0
13076,-11695,0
13077,23760,0
13078,-21708,0
13079,-4062,0
13080,-2431,0
13081,-9472,0
13082,-18342,0
13083,-31848,0
13084,-4998,0
13085,9399,0
13086,-24929,0
13087,16133,0
13088,4075,0
13089,-26746,0
13090,26468,0
13091,-2287,0
13092,9608,0
13093,-30414,0
13094,24509,0
13095,-13820,0
13096,-32204,0
13097,25718,0
13098,-4384,0
13099,7203,0
13100,25691,0
13101,-13098,0
13102,3382,0
13103,31890,0
13104,-1915,0
13105,10477,0
13106,-16437,0
13107,12345,1
13108,9216,0
13109,3669,0
13110,2676,0
13111,32043,0
13112,21529,0
13113,-25559,0
13114,25576,0
13115,-25940,0
13116,-25099,0
13117,-5532,0
13118,-7712,0
13119,-27377,0
13120,-11336,0
13121,-31792,0
13122,24414,0
13123,26889,0
13124,8704,0
13125,19439,0
13126,8574,0
13127,22263,0
13128,-15796,0
13129,-7896,0
13130,27848,0
13131,16329,0
13132,-7582,0
13133,-28307,0
13134,-12100,0
13135,26981,0
13136,-14753,0
13137,3679,0
13138,22137,0
13139,10807,0
13140,-31527,0
13141,1589,0
13142,19955,0
13143,-17311,0
13144,-32634,0
13145,12913,0
13146,3874,0
13147,-17899,0
13148,15089,0
13149,22552,0
13150,15155,0
13151,28138,0
13152,23242,0
13153,-23164,0
13154,13202,0
13155,-15971,0
13156,-6469,0
13157,17971,0
13158,-27852,0
13159,30514,0
13160,2194,0
13161,3646,0
13162,-17294,0
13163,-6426,0
13164,-2410,0
13165,-5048,0
13166,-5562,0
13167,26375,0
13168,6151,0
13169,19343,0
13170,5815,0
13171,-1859,0
13172,-31371,0
13173,-275,0
13174,-28310,0
13175,-16102,0
13176,-19389,0
13177,-18011,0
13178,-7264,0
13179,-15106,0
13180,10053,0
13181,-11585,0
13182,27361,0
13183,7602,0
13184,-27492,0
13185,5436,0
13186,23867,0
13187,-1114,0
13188,-1040,0
13189,-30355,0
13190,-28001,0
13191,-7929,0
13192,-28118,0
13193,-19822,0
13194,6009,0
13195,25644,0
13196,7646,0
13197,-12820,0
13198,24924,0
13199,18746,0
13200,-31065,0
13201,-22908,0
13202,7433,0
13203,-17035,0
13204,-14150,0
13205,5373,0
13206,27626,0
13207,-11528,0
13208,-22029,0
13209,18490,0
13210,12378,0
13211,-3798,0
13212,17903,0
13213,-10440,0
13214,26945,0
13215,-7520,0
13216,17992,0
13217,15118,0
13218,21310,0
13219,9153,0
13220,-12993,0
13221,12345,1
13222,-6019,0
13223,-20467,0
13224,-2179,0
13225,-22708,0
13226,9598,0
13227,11532,0
13228,-2875,0
13229,2607,0
13230,1744,0
13231,-30005,0
13232,12345,1
13233,9248,0
13234,8011,0
13235,11249,0
13236,-14795,0
13237,20311,0
13238,30855,0
13239,12345,1
13240,-3560,0
13241,20124,0
13242,23071,0
13243,-12589,0
13244,5359,0
13245,19254,0
13246,18883,0
13247,26581,0
13248,7322,0
13249,-10014,0
13250,-10160,0
13251,-8450,0
13252,-13408,0
13253,24439,0
13254,-24199,0
13255,-30626,0
13256,-16733,0
13257,-11230,0
13258,13340,0
13259,-18737,0
13260,-28339,0
13261,-20133,0
13262,-21473,0
13263,15367,0
13264,27549,0
13265,-24496,0
13266,-31498,0
13267,29283,0
13268,-12957,0
13269,-21853,0
13270,-154,0
13271,18077,0
13272,15609,0
13273,-14018,0
13274,-3013,0
13275,-6596,0
13276,-1131,0
13277,-13296,0
13278,11124,0
13279,27518,0
13280,-14116,0
13281,23817,0
13282,-18519,0
13283,24053,0
13284,24301,0
13285,17056,0
13286,12345,1
13287,6920,0
13288,-6229,0
13289,6209,0
13290,18838,0
13291,22954,0
13292,-19248,0
13293,17281,0
13294,1171,0
13295,27741,0
13296,-18729,0
13297,-29205,0
13298,23544,0
13299,-32728,0
13300,29688,0
13301,809,0
13302,-30946,0
13303,-28327,0
13304,25614,0
13305,2740,0
13306,22733,0
13307,-25273,0
13308,3795,0
13309,-16837,0
13310,5489,0
13311,6771,0
13312,21527,0
13313,-1790,0
13314,-11222,0
13315,9711,0
13316,-2818,0
13317,-13191,0
13318,22683,0
13319,-12406,0
13320,1858,0
13321,-17760,0
13322,13182,0
13323,7741,0
13324,13735,0
13325,-24290,0
13326,4217,0
13327,2078,0
13328,1087,0
13329,-25662,0
13330,-31267,0
13331,435,0
13332,-32191,0
13333,17283,0
13334,-3054,0
13335,19089,0
13336,7222,0
13337,-23130,0
13338,1588,0
13339,-28284,0
13340,7495,0
13341,-5486,0
13342,-22223,0
13343,-1539,0
13344,28709,0
13345,-18327,0
13346,11354,0
13347,-10368,0
13348,-22944,0
13349,16616,0
13350,-16303,0
13351,-4515,0
13352,-2119,0
13353,-22384,0
13354,-17921,0
13355,29456,0
13356,5723,0
13357,27814,0
13358,-6889,0
13359,-32258,0
13360,-24452,0
13361,-31812,0
13362,-8409,0
13363,4700,0
13364,-23312,0
13365,-15860,0
13366,-29253,0
13367,-11518,0
13368,15328,0
13369,15584,0
13370,-27716,0
13371,8330,0
13372,-28523,0
13373,6,0
13374,-2892,0
13375,-29354,0
13376,21558,0
13377,-6027,0
13378,-24278,0
13379,13941,0
13380,9719,0
13381,-21946,0
13382,22076,0
13383,18835,0
13384,-12050,0
13385,-13894,0
13386,-15068,0
13387,17991,0
13388,32225,0
13389,10197,0
13390,-23492,0
13391,-32181,0
13392,-26530,0
13393,21680,0
13394,-8603,0
13395,-18554,0
13396,3240,0
13397,-14737,0
13398,-13203,0
13399,-25442,0
13400,10339,0
13401,-2934,0
13402,-11601,0
13403,1419,0
13404,-10794,0
13405,28437,0
13406,-6750,0
13407,-8782,0
13408,6739,0
13409,4510,0
13410,-10529,0
13411,-17748,0
13412,-7024,0
13413,-21082,0
13414,-3070,0
13415,8705,0
13416,-5636,0
13417,-22228,0
13418,-20147,0
13419,-24326,0
13420,-4601,0
13421,26977,0
13422,13509,0
13423,26078,0
13424,-21390,0
13425,3111,0
13426,-8743,0
13427,10066,0
13428,-6636,0
13429,24548,0
13430,-423,0
13431,3868,0
13432,13729,0
13433,-27122,0
13434,17415,0
13435,-27925,0
13436,10039,0
13437,17361,0
13438,-25771,0
13439,30854,0
13440,22842,0
13441,-2468,0
13442,20587,0
13443,20845,0
13444,-13511,0
13445,-4558,0
13446,-17292,0
13447,5339,0
13448,12345,1
13449,713,0
13450,-29668,0
13451,18127,0
13452,-19022,0
13453,6504,0
13454,28621,0
13455,-19898,0
13456,-2649,0
13457,-263,0
13458,2364,0
13459,-18009,0
13460,-24369,0
13461,-4565,0
13462,23677,0
13463,15942,0
13464,-27449,0
13465,-22621,0
13466,32088,0
13467,-23123,0
13468,-25600,0
13469,-32164,0
13470,-7698,0
13471,-188,0
13472,14986,0
13473,-29832,0
13474,-29475,0
13475,-22069,0
13476,20898,0
13477,-3489,0
13478,8371,0
13479,15827,0
13480,-27046,0
13481,13429,0
13482,22051,0
13483,-1922,0
13484,-22700,0
13485,-6502,0
13486,-31560,0
13487,28254,0
13488,7488,0
13489,-8591,0
13490,-24846,0
13491,-21146,0
13492,14285,0
13493,-17555,0
13494,-21147,0
13495,-166,0
13496,14551,0
13497,5272,0
13498,8032,0
13499,-21687,0
13500,-31854,0
13501,-7381,0
13502,21162,0
13503,15883,0
13504,-23057,0
13505,-32313,0
13506,21041,0
13507,-25567,0
13508,6034,0
13509,29986,0
13510,549,0
13511,-13323,0
13512,24228,0
13513,-31378,0
13514,27931,0
13515,-19507,0
13516,-25280,0
13517,-11014,0
13518,-1883,0
13519,-24113,0
13520,-6789,0
13521,2858,0
13522,7685,0
13523,7262,0
13524,25262,0
13525,-18884,0
13526,-17243,0
13527,22213,0
13528,12392,0
13529,-32198,0
13530,24185,0
13531,8386,0
13532,6550,0
13533,-1380,0
13534,-30030,0
13535,-18570,0
13536,-22995,0
13537,2545,0
13538,29605,0
13539,-24646,0
13540,16934,0
13541,18161,0
13542,28692,0
13543,9618,0
13544,22720,0
13545,19210,0
13546,-10144,0
13547,32489,0
13548,9030,0
13549,-21272,0
13550,-9359,0
13551,22096,0
13552,1817,0
13553,-30191,0
13554,28568,0
13555,-3017,0
13556,10985,0
13557,24572,0
13558,-31165,0
13559,-21868,0
13560,-31616,0
13561,-13843,0
13562,2114,0
13563,-535,0
13564,9866,0
13565,10028,0
13566,8799,0
13567,-7536,0
13568,29881,0
13569,-12877,0
13570,30065,0
13571,-12483,0
13572,-27833,0
13573,12345,1
13574,25157,0
13575,-13936,0
13576,6295,0
13577,-30076,0
13578,23203,0
13579,-21906,0
13580,-18336,0
13581,2379,0
13582,-17540,0
13583,6238,0
13584,14479,0
13585,-24081,0
13586,3099,0
13587,-10280,0
13588,-11710,0
13589,-16555,0
13590,11807,0
13591,5557,0
13592,3035,0
13593,30097,0
13594,-26190,0
13595,22972,0
13596,-15248,0
13597,-20989,0
13598,-27810,0
13599,-29538,0
13600,10337,0
13601,-6502,0
13602,-8307,0
13603,3403,0
13604,-7719,0
13605,-25451,0
13606,1181,0
13607,4906,0
13608,-6590,0
13609,-18036,0
13610,-6223,0
13611,26674,0
13612,-19432,0
13613,25590,0
13614,-31141,0
13615,27753,0
13616,13777,0
13617,8704,0
13618,-2249,0
13619,-11369,0
13620,-7207,0
13621,14061,0
13622,-10022,0
13623,28554,0
13624,-30647,0
13625,3548,0
13626,-18760,0
13627,2255,0
13628,-26882,0
13629,28971,0
13630,-5797,0
13631,-15540,0
13632,-21290,0
13633,25335,0
13634,-2081,0
13635,16325,0
13636,17686,0
13637,-14641,0
13638,23984,0
13639,1574,0
13640,-24265,0
13641,30184,0
13642,16751,0
13643,29595,0
13644,24232,0
13645,-6813,0
13646,10410,0
13647,2448,0
13648,-7180,0
13649,-32037,0
13650,24090,0
13651,-23323,0
13652,-23082,0
13653,25484,0
13654,-4420,0
13655,-28277,0
13656,-23388,0
13657,16331,0
13658,6174,0
13659,25260,0
13660,12396,0
13661,8290,0
13662,-31776,0
13663,22395,0
13664,7114,0
13665,7619,0
13666,22996,0
13667,-10867,0
13668,-25551,0
13669,24715,0
13670,-17276,0
13671,23600,0
13672,8454,0
13673,-495,0
13674,15144,0
13675,-21476,0
13676,-5252,0
13677,30396,0
13678,-11822,0
13679,31579,0
13680,-29896,0
13681,-29800,0
13682,22424,0
13683,-11683,0
13684,20187,0
13685,-12297,0
13686,24834,0
13687,-10893,0
13688,11990,0
13689,-26764,0
13690,-28133,0
13691,-26090,0
13692,17042,0
13693,-3142,0
13694,8223,0
13695,31270,0
13696,31911,0
13697,-4269,0
13698,13166,0
13699,1899,0
13700,-27068,0
13701,7691,0
13702,-13997,0
13703,-900,0
13704,-7828,0
13705,-20403,0
13706,-21784,0
13707,-1146,0
13708,16745,0
13709,-6204,0
13710,9861,0
13711,30826,0
13712,29806,0
13713,-16536,0
13714,-13657,0
13715,-30838,0
13716,24954,0
13717,10807,0
13718,11722,0
13719,-13296,0
13720,-27845,0
13721,4714,0
13722,-17614,0
13723,30088,0
13724,19636,0
13725,-10205,0
13726,4811,0
13727,-23727,0
13728,-7586,0
13729,-24983,0
13730,-12385,0
13731,-17876,0
13732,-8967,0
13733,-447,0
13734,14566,0
13735,27508,0
13736,-12004,0
13737,5453,0
13738,-30504,0
13739,19359,0
13740,31437,0
13741,30346,0
13742,-19027,0
13743,-8461,0
13744,13110,0
13745,-6488,0
13746,-25819,0
13747,10388,0
13748,7770,0
13749,12345,1
13750,-29451,0
13751,19729,0
13752,-27066,0
13753,-16799,0
13754,2967,0
13755,-350,0
13756,30311,0
13757,20062,0
13758,4573,0
13759,14174,0
13760,-9390,0
13761,-31324,0
13762,17170,0
13763,-10909,0
13764,19555,0
13765,-11031,0
13766,9787,0
13767,15858,0
13768,12432,0
13769,22301,0
13770,23365,0
13771,-15501,0
13772,5708,0
13773,24905,0
13774,8454,0
13775,-22680,0
13776,-21378,0
13777,25826,0
13778,-1257,0
13779,-27145,0
13780,25935,0
13781,26052,0
13782,-26865,0
13783,-15560,0
13784,-24104,0
13785,2426,0
13786,20531,0
13787,26152,0
13788,22033,0
13789,-8740,0
13790,5725,0
13791,20571,0
13792,9875,0
13793,4449,0
13794,-18138,0
13795,-349,0
13796,-32290,0
13797,27266,0
13798,-13803,0
13799,-13658,0
13800,-27153,0
13801,-15863,0
13802,24973,0
13803,28879,0
13804,4780,0
13805,-25766,0
13806,11408,0
13807,22876,0
13808,-13899,0
13809,-6163,0
13810,7769,0
13811,7387,0
13812,-27918,0
13813,23572,0
13814,-2533,0
13815,-13080,0
13816,-790,0
13817,2922,0
13818,21264,0
13819,24732,0
13820,21561,0
13821,-12604,0
13822,-24235,0
13823,-22828,0
13824,28874,0
13825,4316,0
13826,-25968,0
13827,-8371,0
13828,-5908,0
13829,9879,0
13830,18407,0
13831,-23949,0
13832,-14726,0
13833,-17110,0
13834,-16765,0
13835,-20452,0
13836,-13762,0
13837,-18376,0
13838,27496,0
13839,23316,0
13840,-22465,0
13841,25162,0
13842,5787,0
13843,9297,0
13844,-3416,0
13845,-30149,0
13846,7473,0
13847,-21401,0
13848,26948,0
13849,17622,0
13850,30113,0
13851,28992,0
13852,-23408,0
13853,-16162,0
13854,14951,0
13855,-24706,0
13856,-28056,0
13857,-22417,0
13858,-13545,0
13859,31753,0
13860,-13726,0
13861,-15745,0
13862,11082,0
13863,-22371,0
13864,23159,0
13865,28494,0
13866,-20632,0
13867,17078,0
13868,3519,0
13869,129,0
13870,17294,0
13871,1449,0
13872,17325,0
13873,8915,0
13874,-15525,0
13875,30418,0
13876,-31656,0
13877,28401,0
13878,24248,0
13879,-15684,0
13880,-2251,0
13881,16699,0
13882,-22698,0
13883,-9249,0
13884,26622,0
13885,15510,0
13886,-31496,0
13887,5334,0
13888,-4680,0
13889,-6138,0
13890,-19753,0
13891,32488,0
13892,-27399,0
13893,-17263,0
13894,-15922,0
13895,30337,0
13896,-15884,0
13897,16172,0
13898,15488,0
13899,9390,0
13900,30106,0
13901,-19571,0
13902,-31915,0
13903,31099,0
13904,-16303,0
13905,-25650,0
13906,3008,0
13907,21525,0
13908,9889,0
13909,-20784,0
13910,-27249,0
13911,-607,0
13912,-12911,0
13913,3363,0
13914,-11703,0
13915,22756,0
13916,25514,0
13917,30965,0
13918,-8794,0
13919,31616,0
13920,-23266,0
13921,22790,0
13922,-18344,0
13923,-30306,0
13924,17005,0
13925,4875,0
13926,-3360,0
13927,6071,0
13928,11664,0
13929,12787,0
13930,-29205,0
13931,24268,0
13932,30956,0
13933,-21697,0
13934,-2732,0
13935,12506,0
13936,-14467,0
13937,-1800,0
13938,24322,0
13939,16995,0
13940,22500,0
13941,-27458,0
13942,1072,0
13943,30217,0
13944,-25247,0
13945,380,0
13946,-21957,0
13947,11959,0
13948,19178,0
13949,-32606,0
13950,18833,0
13951,28272,0
13952,-31424,0
13953,-4362,0
13954,1921,0
13955,19321,0
13956,834,0
13957,-5877,0
13958,5908,0
13959,-18176,0
13960,7613,0
13961,-19946,0
13962,22518,0
13963,12926,0
13964,-1239,0
13965,-15641,0
13966,22479,0
13967,-11206,0
13968,12345,1
13969,32351,0
13970,-30650,0
13971,-18078,0
13972,-9935,0
13973,-4630,0
13974,-17984,0
13975,-17154,0
13976,31298,0
13977,-14407,0
13978,17388,0
13979,12623,0
13980,21298,0
13981,-12829,0
13982,-821,0
13983,13363,0
13984,-10217,0
13985,-14958,0
13986,29453,0
13987,-16392,0
13988,-3496,0
13989,6080,0
13990,32634,0
13991,7728,0
13992,6872,0
13993,14447,0
13994,-26210,0
13995,-24709,0
13996,-2888,0
13997,1608,0
13998,18834,0
13999,20882,0
14000,-2071,0
14001,15230,0
14002,-6684,0
14003,1404,0
14004,-12298,0
14005,-18515,0
14006,315,0
14007,4442,0
14008,-4565,0
14009,14824,0
14010,29503,0
14011,-17811,0
14012,-7227,0
14013,22481,0
14014,-24626,0
14015,-27384,0
14016,9407,0
14017,32191,0
14018,22399,0
14019,11172,0
14020,-743,0
14021,-16578,0
14022,-21056,0
14023,-23469,0
14024,15611,0
14025,-28192,0
14026,-18313,0
14027,-17591,0
14028,27572,0
14029,24350,0
14030,-27655,0
14031,6345,0
14032,-31041,0
14033,31632,0
14034,-30542,0
14035,-32034,0
14036,-29579,0
14037,22604,0
14038,16295,0
14039,-19109,0
14040,-23619,0
14041,-14502,0
14042,-10772,0
14043,10873,0
14044,8635,0
14045,-27,0
14046,7588,0
14047,-24292,0
14048,13930,0
14049,7711,0
14050,-3591,0
14051,-8278,0
14052,-22965,0
14053,-23854,0
14054,9389,0
14055,-24368,0
14056,-18177,0
14057,11026,0
14058,-28562,0
14059,2710,0
14060,12279,0
14061,-29551,0
14062,-11341,0
14063,-24300,0
14064,-2513,0
14065,-32202,0
14066,30285,0
14067,-19518,0
14068,15725,0
14069,-28274,0
14070,4700,0
14071,-9143,0
14072,14071,0
14073,26045,0
14074,29846,0
14075,3775,0
14076,25159,0
14077,20848,0
14078,-22309,0
14079,26856,0
14080,-24536,0
14081,682,0
14082,-6467,0
14083,31541,0
14084,29674,0
14085,7313,0
14086,-3193,0
14087,4760,0
14088,3020,0
14089,-2256,0
14090,31602,0
14091,-2102,0
14092,-32292,0
14093,-14853,0
14094,22082,0
14095,-19674,0
14096,-20060,0
14097,-7331,0
14098,6614,0
14099,-10873,0
14100,-31631,0
14101,22948,0
14102,5460,0
14103,13215,0
14104,16950,0
14105,27745,0
14106,1534,0
14107,-7334,0
14108,26293,0
14109,415,0
14110,-24576,0
14111,-2347,0
14112,-19678,0
14113,27922,0
14114,26331,0
14115,20090,0
14116,20490,0
14117,-7795,0
14118,-6204,0
14119,-31631,0
14120,30199,0
14121,3559,0
14122,-7261,0
14123,31652,0
14124,-20880,0
14125,28409,0
14126,-31038,0
14127,-20560,0
14128,27248,0
14129,-4567,0
14130,-1342,0
14131,29535,0
14132,21145,0
14133,-888,0
14134,20693,0
14135,-14068,0
14136,-17928,0
14137,-11355,0
14138,4841,0
14139,-19571,0
14140,-17866,0
14141,10780,0
14142,5766,0
14143,-10807,0
14144,-17962,0
14145,-18343,0
14146,-22458,0
14147,30518,0
14148,23489,0
14149,-9152,0
14150,18976,0
14151,23978,0
14152,26158,0
14153,4009,0
14154,28729,0
14155,-4885,0
14156,-7806,0
14157,11854,0
14158,-31157,0
14159,21348,0
14160,-13593,0
14161,12345,1
14162,5637,0
14163,-778,0
14164,5969,0
14165,31552,0
14166,4180,0
14167,-10127,0
14168,23578,0
14169,16635,0
14170,17286,0
14171,-127,0
14172,10342,0
14173,22700,0
14174,-6317,0
14175,-17435,0
14176,-7024,0
14177,-25857,0
14178,-1116,0
14179,15412,0
14180,16577,0
14181,-13819,0
14182,-5056,0
14183,23191,0
14184,-4236,0
14185,-6851,0
14186,-30412,0
14187,31529,0
14188,19125,0
14189,-13194,0
14190,15291,0
14191,13055,0
14192,4437,0
14193,11924,0
14194,-13354,0
14195,9815,0
14196,-17040,0
14197,10957,0
14198,-21552,0
14199,-3863,0
14200,1666,0
14201,-1476,0
14202,26053,0
14203,-10396,0
14204,4393,0
14205,17431,0
14206,-25735,0
14207,1641,0
14208,-20479,0
14209,-17638,0
14210,-17685,0
14211,-17160,0
14212,25928,0
14213,-11278,0
14214,-17087,0
14215,22943,0
14216,-17215,0
14217,-26983,0
14218,24002,0
14219,3867,0
14220,-13549,0
14221,-21668,0
14222,10365,0
14223,-22114,0
14224,-10726,0
14225,56,0
14226,-73,0
14227,8726,0
14228,-30779,0
14229,11300,0
14230,11060,0
14231,-9762,0
14232,26160,0
14233,-18165,0
14234,-21037,0
14235,-2597,0
14236,-10636,0
14237,10704,0
14238,26108,0
14239,26173,0
14240,27714,0
14241,-25161,0
14242,-23538,0
14243,8646,0
14244,20354,0
14245,-11963,0
14246,10944,0
14247,29326,0
14248,30921,0
14249,-17138,0
14250,32587,0
14251,3097,0
14252,-25748,0
14253,-10261,0
14254,-25662,0
14255,-27623,0
14256,-16036,0
14257,12345,1
14258,31462,0
14259,-13680,0
14260,-13630,0
14261,12421,0
14262,-15967,0
14263,18992,0
14264,17646,0
14265,-10904,0
14266,27349,0
14267,26539,0
14268,-31100,0
14269,20039,0
14270,-16703,0
14271,30709,0
14272,-3613,0
14273,20135,0
14274,-6847,0
14275,2047,0
14276,32198,0
14277,13838,0
14278,2362,0
14279,-28831,0
14280,14282,0
14281,9811,0
14282,-31907,0
14283,-14601,0
14284,-7098,0
14285,-20796,0
14286,-1540,0
14287,12488,0
14288,-1168,0
14289,18746,0
14290,11403,0
14291,-14141,0
14292,-21214,0
14293,-30903,0
14294,-24502,0
14295,31445,0
14296,7080,0
14297,2467,0
14298,-14319,0
14299,-30462,0
14300,-14885,0
14301,13766,0
14302,24622,0
14303,-9687,0
14304,-28505,0
14305,-6326,0
14306,-25087,0
14307,19207,0
14308,-1078,0
14309,27745,0
14310,-8686,0
14311,27413,0
14312,-6850,0
14313,-30131,0
14314,25085,0
14315,14816,0
14316,-2373,0
14317,-9857,0
14318,-22828,0
14319,-24352,0
14320,19833,0
14321,11727,0
14322,-24473,0
14323,-17822,0
14324,13286,0
14325,25889,0
14326,29800,0
14327,-21486,0
14328,-11169,0
14329,4781,0
14330,27858,0
14331,6843,0
14332,-12197,0
14333,-22163,0
14334,1382,0
14335,25992,0
14336,-23615,0
14337,14481,0
14338,5814,0
14339,-8005,0
14340,8932,0
14341,2187,0
14342,-15865,0
14343,-29030,0
14344,-21587,0
14345,-1858,0
14346,21367,0
14347,-7249,0
14348,5959,0
14349,12445,0
14350,18627,0
14351,-3540,0
14352,-20575,0
14353,13603,0
14354,29594,0
14355,-25620,0
14356,5969,0
14357,-2982,0
14358,-31099,0
14359,-26434,0
14360,-13687,0
14361,-25755,0
14362,545,0
14363,-26221,0
14364,28238,0
14365,11470,0
14366,3610,0
14367,-9387,0
14368,7625,0
14369,13577,0
14370,-23830,0
14371,32322,0
14372,4853,0
14373,25260,0
14374,-27001,0
14375,-14487,0
14376,-30175,0
14377,-1001,0
14378,14474,0
14379,-11617,0
14380,-9612,0
14381,-31412,0
14382,-21871,0
14383,2230,0
14384,-266,0
14385,21334,0
14386,22453,0
14387,21170,0
14388,12345,1
14389,4150,0
14390,6285,0
14391,7109,0
14392,-5810,0
14393,-20434,0
14394,14364,0
14395,31003,0
14396,-12586,0
14397,-27438,0
14398,9391,0
14399,5312,0
14400,13179,0
14401,-28300,0
14402,-18854,0
14403,1680,0
14404,-8150,0
14405,12345,1
14406,-2125,0
14407,25305,0
14408,-9341,0
14409,28211,0
14410,12345,1
14411,-3959,0
14412,-9662,0
14413,23684,0
14414,19767,0
14415,-19620,0
14416,11752,0
14417,31265,0
14418,-25479,0
14419,12257,0
14420,5882,0
14421,21820,0
14422,20937,0
14423,-32708,0
14424,3933,0
14425,20040,0
14426,12387,0
14427,-4627,0
14428,10683,0
14429,31457,0
14430,30615,0
14431,-23011,0
14432,-8465,0
14433,4688,0
14434,30539,0
14435,-13865,0
14436,5172,0
14437,-20896,0
14438,-15924,0
14439,-23968,0
14440,-516,0
14441,14132,0
14442,-3329,0
14443,-16826,0
14444,-22179,0
14445,-29564,0
14446,23701,0
14447,-32164,0
14448,-2693,0
14449,30600,0
14450,-23975,0
14451,2317,0
14452,-6688,0
14453,18750,0
14454,16426,0
14455,25778,0
14456,22370,0
14457,-2697,0
14458,-22331,0
14459,8233,0
14460,27799,0
14461,-25726,0
14462,20449,0
14463,-5673,0
14464,-31012,0
14465,29256,0
14466,14153,0
14467,23883,0
14468,3752,0
14469,-29162,0
14470,2136,0
14471,-27419,0
14472,30967,0
14473,5369,0
14474,-8810,0
14475,-22941,0
14476,1014,0
14477,-4874,0
14478,23955,0
14479,-10147,0
14480,32484,0
14481,13840,0
14482,24782,0
14483,-20200,0
14484,-15872,0
14485,22576,0
14486,-14646,0
14487,-5201,0
14488,30330,0
14489,3741,0
14490,-11279,0
14491,-32372,0
14492,-28687,0
14493,-14608,0
14494,12345,1
14495,-2703,0
14496,25157,0
14497,4270,0
14498,-22684,0
14499,-8779,0
14500,-7252,0
14501,-32627,0
14502,-30474,0
14503,15718,0
14504,11248,0
14505,20752,0
14506,11426,0
14507,11001,0
14508,21452,0
14509,-12684,0
14510,-16266,0
14511,-24414,0
14512,12623,0
14513,2172,0
14514,-4393,0
14515,31487,0
14516,-7635,0
14517,32676,0
14518,-24906,0
14519,26646,0
14520,25188,0
14521,4491,0
14522,-16012,0
14523,-15585,0
14524,14800,0
14525,23990,0
14526,13592,0
14527,7992,0
14528,-9558,0
14529,1936,0
14530,-29048,0
14531,12431,0
14532,28601,0
14533,-18709,0
14534,-125,0
14535,27419,0
14536,25308,0
14537,17922,0
14538,-26204,0
14539,-31557,0
14540,27256,0
14541,-22176,0
14542,12345,1
14543,-9912,0
14544,-2921,0
14545,-934,0
14546,-4141,0
14547,-2902,0
14548,-14779,0
14549,12345,1
14550,13270,0
14551,-2597,0
14552,23665,0
14553,1493,0
14554,-15542,0
14555,-14215,0
14556,13927,0
14557,4097,0
14558,14430,0
14559,-6736,0
14560,13916,0
14561,-13971,0
14562,27575,0
14563,-21454,0
14564,9434,0
14565,3698,0
14566,-11571,0
14567,12345,1
14568,12345,1
14569,-13256,0
14570,-3124,0
14571,-18961,0
14572,17201,0
14573,-9878,0
14574,-25902,0
14575,20095,0
14576,15162,0
14577,9927,0
14578,19968,0
14579,8511,0
14580,32404,0
14581,-10727,0
14582,-982,0
14583,-7114,0
14584,-3726,0
14585,29152,0
14586,19488,0
14587,28662,0
14588,1467,0
14589,8048,0
14590,9439,0
14591,-31223,0
14592,7537,0
14593,-5439,0
14594,28718,0
14595,2591,0
14596,12244,0
14597,-21942,0
14598,12412,0
14599,-4063,0
14600,-12591,0
14601,-15167,0
14602,-16720,0
14603,29968,0
14604,-19736,0
14605,19322,0
14606,4403,0
14607,-3858,0
14608,328,0
14609,-9606,0
14610,26856,0
14611,17561,0
14612,14322,0
14613,-13306,0
14614,-13417,0
14615,3929,0
14616,2498,0
14617,-26058,0
14618,15361,0
14619,-13931,0
14620,26090,0
14621,-20244,0
14622,1301,0
14623,30826,0
14624,1518,0
14625,18916,0
14626,27518,0
14627,-1956,0
14628,27987,0
14629,-10695,0
14630,-8009,0
14631,-16888,0
14632,31730,0
14633,32731,0
14634,2425,0
14635,-27848,0
14636,25099,0
14637,12800,0
14638,23516,0
14639,12968,0
14640,19514,0
14641,23641,0
14642,-1732,0
14643,2040,0
14644,-23406,0
14645,-14746,0
14646,19741,0
14647,28854,0
14648,-20963,0
14649,-8882,0
14650,28637,0
14651,-4411,0
14652,2555,0
14653,-9953,0
14654,23114,0
14655,-2488,0
14656,13215,0
14657,20778,0
14658,-13456,0
14659,-20053,0
14660,8304,0
14661,-25454,0
14662,20509,0
14663,-20231,0
14664,-12946,0
14665,24914,0
14666,-23605,0
14667,-27111,0
14668,-13343,0
14669,-26084,0
14670,-20166,0
14671,-7784,0
14672,-6280,0
14673,4289,0
14674,14076,0
14675,-10113,0
14676,-18239,0
14677,3105,0
14678,10075,0
14679,1206,0
14680,16612,0
14681,18676,0
14682,-10605,0
14683,-17631,0
14684,22220,0
14685,-2890,0
14686,25500,0
14687,11625,0
14688,6352,0
14689,12345,1
14690,10444,0
14691,-5428,0
14692,-12040,0
14693,9825,0
14694,-20592,0
14695,-10871,0
14696,-14268,0
14697,24112,0
14698,-15502,0
14699,21537,0
14700,2013,0
14701,-12292,0
14702,24910,0
14703,2463,0
14704,-13445,0
14705,27732,0
14706,-30107,0
14707,-27761,0
14708,-27928,0
14709,-15945,0
14710,32457,0
14711,26587,0
14712,25059,0
14713,28320,0
14714,17962,0
14715,-23344,0
14716,-12496,0
14717,-22643,0
14718,6550,0
14719,16851,0
14720,-22720,0
14721,-9821,0
14722,-13756,0
14723,32446,0
14724,4730,0
14725,16914,0
14726,30959,0
14727,19705,0
14728,14507,0
14729,18467,0
14730,237,0
14731,5551,0
14732,12254,0
14733,-23112,0
14734,30474,0
14735,-12365,0
14736,-16794,0
14737,14155,0
14738,11125,0
14739,32045,0
14740,-16071,0
14741,21574,0
14742,-30351,0
14743,6143,0
14744,17095,0
14745,31051,0
14746,-14292,0
14747,-21634,0
14748,-14840,0
14749,-32436,0
14750,-8779,0
14751,-2156,0
14752,-9383,0
14753,-20940,0
14754,6321,0
14755,19531,0
14756,4147,0
14757,-3699,0
14758,17116,0
14759,5318,0
14760,-17607,0
14761,126,0
14762,15921,0
14763,-7034,0
14764,-4673,0
14765,31599,0
14766,12427,0
14767,-19345,0
14768,32525,0
14769,13261,0
14770,19534,0
14771,30838,0
14772,-16269,0
14773,-21095,0
14774,11365,0
14775,29428,0
14776,11077,0
14777,17789,0
14778,4811,0
14779,17935,0
14780,18120,0
14781,648,0
14782,-31993,0
14783,20047,0
14784,30464,0
14785,14870,0
14786,16579,0
14787,-14793,0
14788,-923,0
14789,-16409,0
14790,16110,0
14791,-4756,0
14792,-19689,0
14793,12909,0
14794,-26507,0
14795,-16762,0
14796,-9606,0
14797,-4314,0
14798,17377,0
14799,-31557,0
14800,9277,0
14801,-28379,0
14802,14885,0
14803,8705,0
14804,-17445,0
14805,-26546,0
14806,11653,0
14807,-1146,0
14808,24596,0
14809,17860,0
14810,28166,0
14811,-929,0
14812,635,0
14813,-10550,0
14814,-28971,0
14815,-1889,0
14816,5709,0
14817,-1603,0
14818,12253,0
14819,4258,0
14820,-1905,0
14821,18063,0
14822,4021,0
14823,9806,0
14824,-19204,0
14825,-8356,0
14826,-6851,0
14827,2828,0
14828,-23240,0
14829,-22303,0
14830,-227,0
14831,3326,0
14832,17140,0
14833,25789,0
14834,-12601,0
14835,-28455,0
14836,14524,0
14837,-23153,0
14838,-13634,0
14839,21138,0
14840,563,0
14841,7361,0
14842,-2433,0
14843,31682,0
14844,-1965,0
14845,31876,0
14846,10596,0
14847,7675,0
14848,-27945,0
14849,32087,0
14850,9122,0
14851,-14448,0
14852,-14308,0
14853,27226,0
14854,-1379,0
14855,-14218,0
14856,-23845,0
14857,28106,0
14858,-7576,0
14859,-24788,0
14860,-7082,0
14861,-30294,0
14862,1965,0
14863,15628,0
14864,-25801,0
14865,-3179,0
14866,3979,0
14867,6344,0
14868,-15915,0
14869,-6345,0
14870,-2189,0
14871,31237,0
14872,6553,0
14873,24352,0
14874,-23464,0
14875,-29375,0
14876,5958,0
14877,26491,0
14878,1567,0
14879,-6839,0
14880,-747,0
14881,14240,0
14882,-14933,0
14883,31,0
14884,-26523,0
14885,17489,0
14886,4224,0
14887,-19895,0
14888,-8815,0
14889,25578,0
14890,14596,0
14891,14442,0
14892,27499,0
14893,4190,0
14894,9736,0
14895,13730,0
14896,-494,0
14897,15508,0
14898,12036,0
14899,457,0
14900,-24671,0
14901,-11867,0
14902,-11244,0
14903,24772,0
14904,-27810,0
14905,19529,0
14906,-18468,0
14907,-4377,0
14908,22176,0
14909,-9523,0
14910,-28945,0
14911,14645,0
14912,-15992,0
14913,-15488,0
14914,6603,0
14915,29316,0
14916,9616,0
14917,6208,0
14918,-6491,0
14919,-30408,0
14920,-5438,0
14921,-11921,0
14922,-13160,0
14923,-25867,0
14924,-23570,0
14925,-11811,0
14926,1394,0
14927,28588,0
14928,17546,0
14929,-23797,0
14930,28796,0
14931,31204,0
14932,-10865,0
14933,32273,0
14934,25257,0
14935,19274,0
14936,17565,0
14937,11873,0
14938,-17051,0
14939,18791,0
14940,24004,0
14941,-29996,0
14942,-11839,0
14943,9358,0
14944,-25199,0
14945,28073,0
14946,30180,0
14947,5522,0
14948,3139,0
14949,-10794,0
14950,21709,0
14951,-15379,0
14952,26667,0
14953,13243,0
14954,-4046,0
14955,-16197,0
14956,-10718,0
14957,-20832,0
14958,-1945,0
14959,-28104,0
14960,10567,0
14961,277,0
14962,-10599,0
14963,13458,0
14964,-25810,0
14965,-15388,0
14966,27266,0
14967,24623,0
14968,5221,0
14969,25761,0
14970,-17264,0
14971,-12130,0
14972,8658,0
14973,18822,0
14974,16012,0
14975,-24893,0
14976,11116,0
14977,13642,0
14978,-27693,0
14979,24965,0
14980,2391,0
14981,-31665,0
14982,13560,0
14983,-12172,0
14984,-1265,0
14985,14726,0
14986,-31322,0
14987,25030,0
14988,22718,0
14989,11334,0
14990,6529,0
14991,-10348,0
14992,12345,1
14993,9139,0
14994,1109,0
14995,17891,0
14996,15908,0
14997,-6521,0
14998,-20970,0
14999,-13275,0
15000,21041,0
15001,-13357,0
15002,-4133,0
15003,10081,0
15004,-8479,0
15005,351,0
15006,-5143,0
15007,17738,0
15008,21153,0
15009,19744,0
15010,6389,0
15011,-12294,0
15012,-937,0
15013,-27707,0
15014,-500,0
15015,-2507,0
15016,32729,0
15017,-30530,0
15018,-15628,0
15019,31717,0
15020,-15701,0
15021,-26652,0
15022,-17926,0
15023,-17075,0
15024,-3084,0
15025,20791,0
15026,-14635,0
15027,7542,0
15028,27444,0
15029,9224,0
15030,-7572,0
15031,32463,0
15032,-26591,0
15033,18980,0
15034,-20486,0
15035,32336,0
15036,-8880,0
15037,-5818,0
15038,28905,0
15039,-27364,0
15040,-6900,0
15041,16811,0
15042,28899,0
15043,22963,0
15044,6218,0
15045,-14652,0
15046,-19530,0
15047,-30018,0
15048,-23505,0
15049,-32611,0
15050,20928,0
15051,-28457,0
15052,22984,0
15053,-1457,0
15054,-32516,0
15055,3446,0
15056,2108,0
15057,-19334,0
15058,14902,0
15059,-1821,0
15060,-8282,0
15061,10034,0
15062,7093,0
15063,-17510,0
15064,29286,0
15065,25382,0
15066,-30419,0
15067,-12067,0
15068,25059,0
15069,-15962,0
15070,12927,0
15071,11377,0
15072,-10858,0
15073,-16789,0
15074,22533,0
15075,9335,0
15076,-6323,0
15077,-13848,0
15078,-4938,0
15079,27929,0
15080,-21995,0
15081,-18965,0
15082,-8503,0
15083,31453,0
15084,-22167,0
15085,-31279,0
15086,32635,0
15087,23353,0
15088,-32227,0
15089,-16053,0
15090,30733,0
15091,12345,1
15092,-17178,0
15093,17970,0
15094,-20879,0
15095,-26505,0
15096,17050,0
15097,10121,0
15098,5397,0
15099,26686,0
15100,-18721,0
15101,-14902,0
15102,-4698,0
15103,11212,0
15104,-3508,0
15105,-7840,0
15106,7710,0
15107,4091,0
15108,-14296,0
15109,12287,0
15110,25725,0
15111,11377,0
15112,2964,0
15113,-20566,0
15114,-559,0
15115,29407,0
15116,-1295,0
15117,10062,0
15118,506,0
15119,-17124,0
15120,-9507,0
15121,2022,0
15122,-7771,0
15123,-11472,0
15124,-16879,0
15125,5530,0
15126,-11276,0
15127,13746,0
15128,-1205,0
15129,26357,0
15130,24346,0
15131,-22391,0
15132,20131,0
15133,-23014,0
15134,-30990,0
15135,30892,0
15136,7045,0
15137,7659,0
15138,9363,0
15139,2661,0
15140,20032,0
15141,5401,0
15142,-10364,0
15143,13058,0
15144,-28143,0
15145,-23502,0
15146,-10260,0
15147,-91,0
15148,-22665,0
15149,7427,0
15150,13012,0
15151,5629,0
15152,-1594,0
15153,-21428,0
15154,435,0
15155,-4144,0
15156,-20901,0
15157,31373,0
15158,-27702,0
15159,-3155,0
15160,-19749,0
15161,15152,0
15162,6689,0
15163,-5017,0
15164,14528,0
15165,20537,0
15166,-4144,0
15167,-14911,0
15168,-9757,0
15169,-17343,0
15170,18380,0
15171,-23883,0
15172,-1587,0
15173,27214,0
15174,15832,0
15175,31213,0
15176,-13983,0
15177,-32667,0
15178,-6498,0
15179,18344,0
15180,13701,0
15181,-16959,0
15182,17089,0
15183,6996,0
15184,-20074,0
15185,4800,0
15186,20398,0
15187,2426,0
15188,26181,0
15189,-13843,0
15190,27799,0
15191,-4010,0
15192,3176,0
15193,25090,0
15194,-16886,0
15195,-20649,0
15196,-3210,0
15197,2068,0
15198,6498,0
15199,6697,0
15200,-14729,0
15201,3099,0
15202,20544,0
15203,30010,0
15204,-8448,0
15205,19641,0
15206,13248,0
15207,23681,0
15208,-29284,0
15209,-9220,0
15210,26470,0
15211,-11909,0
15212,25512,0
15213,7530,0
15214,-9585,0
15215,-79,0
15216,1680,0
15217,1473,0
15218,-20673,0
15219,-19151,0
15220,-32583,0
15221,-29787,0
15222,-21875,0
15223,-15719,0
15224,25971,0
15225,-5338,0
15226,-11872,0
15227,-25158,0
15228,25239,0
15229,30061,0
15230,719,0
15231,-31473,0
15232,8102,0
15233,12345,1
15234,-9777,0
15235,25067,0
15236,-11546,0
15237,17700,0
15238,-23533,0
15239,-14709,0
15240,-30208,0
15241,30135,0
15242,22290,0
15243,-7911,0
15244,-27807,0
15245,-14064,0
15246,-10086,0
15247,26339,0
15248,-26017,0
15249,1956,0
15250,-22109,0
15251,-4265,0
15252,17499,0
15253,28128,0
15254,21984,0
15255,-27720,0
15256,-5717,0
15257,-12403,0
15258,21835,0
15259,26348,0
15260,-23835,0
15261,18636,0
15262,-3777,0
15263,-15115,0
15264,6288,0
15265,8904,0
15266,12185,0
15267,12146,0
15268,-30834,0
15269,25246,0
15270,-493,0
15271,12345,1
15272,-31387,0
15273,-6059,0
15274,-17101,0
15275,-173,0
15276,9179,0
15277,-26715,0
15278,6934,0
15279,-6554,0
15280,-3381,0
15281,1754,0
15282,12909,0
15283,2984,0
15284,-19926,0
15285,26239,0
15286,-7408,0
15287,21474,0
15288,12345,1
15289,22060,0
15290,-17980,0
15291,11529,0
15292,13126,0
15293,32297,0
15294,-3107,0
15295,-12221,0
15296,6380,0
15297,-24714,0
15298,-12623,0
15299,29768,0
15300,-11048,0
15301,-24345,0
15302,-16804,0
15303,-13406,0
15304,12345,1
15305,-31385,0
15306,-28384,0
15307,-11690,0
15308,14633,0
15309,3047,0
15310,23185,0
15311,9458,0
15312,13785,0
15313,21705,0
15314,11731,0
15315,-26351,0
15316,14485,0
15317,-8617,0
15318,-8628,0
15319,29553,0
15320,11566,0
15321,3968,0
15322,26921,0
15323,2964,0
15324,2802,0
15325,28130,0
15326,12105,0
15327,27456,0
15328,23421,0
15329,22675,0
15330,2252,0
15331,-10291,0
15332,-21735,0
15333,28446,0
15334,30247,0
15335,-16538,0
15336,3741,0
15337,-1795,0
15338,14283,0
15339,-24377,0
15340,-32235,0
15341,759,0
15342,-15926,0
15343,-7466,0
15344,-7287,0
15345,5005,0
15346,-11764,0
15347,-12313,0
15348,-19616,0
15349,-29004,0
15350,-23053,0
15351,-16466,0
15352,31910,0
15353,3027,0
15354,4288,0
15355,30559,0
15356,11203,0
15357,-4146,0
15358,-19219,0
15359,-26767,0
15360,-15095,0
15361,21677,0
15362,-16644,0
15363,14219,0
15364,24658,0
15365,3964,0
15366,-31628,0
15367,20086,0
15368,28358,0
15369,7248,0
15370,-994,0
15371,14753,0
15372,-6972,0
15373,14523,0
15374,12345,1
15375,13158,0
15376,-9023,0
15377,-29514,0
15378,-9482,0
15379,-12724,0
15380,29425,0
15381,24149,0
15382,-28880,0
15383,19852,0
15384,21364,0
15385,-25211,0
15386,-16185,0
15387,5789,0
15388,-32003,0
15389,-16872,0
15390,12573,0
15391,32487,0
15392,23624,0
15393,-16820,0
15394,-26184,0
15395,9267,0
15396,-7595,0
15397,-16319,0
15398,10837,0
15399,-7873,0
15400,-11939,0
15401,12442,0
15402,17888,0
15403,-18957,0
15404,-23077,0
15405,-9759,0
15406,-23461,0
15407,3224,0
15408,-24483,0
15409,-26984,0
15410,-20394,0
15411,-12573,0
15412,23369,0
15413,-12034,0
15414,-24107,0
15415,-3641,0
15416,-21508,0
15417,25290,0
15418,14449,0
15419,19290,0
15420,27888,0
15421,-29178,0
15422,2725,0
15423,376,0
15424,-29218,0
15425,-7551,0
15426,-8555,0
15427,-6171,0
15428,18747,0
15429,-6890,0
15430,17275,0
15431,16197,0
15432,16539,0
15433,19735,0
15434,16409,0
15435,18028,0
15436,23772,0
15437,11114,0
15438,-17548,0
15439,-5075,0
15440,8003,0
15441,1454,0
15442,2137,0
15443,27717,0
15444,16618,0
15445,12345,1
15446,21708,0
15447,855,0
15448,818,0
15449,2126,0
15450,14661,0
15451,-11710,0
15452,14296,0
15453,30149,0
15454,-26191,0
15455,2800,0
15456,-1081,0
15457,4349,0
15458,-18481,0
15459,-7698,0
15460,5319,0
15461,20739,0
15462,24120,0
15463,-31113,0
15464,12345,1
15465,-26195,0
15466,15229,0
15467,6328,0
15468,-17336,0
15469,12345,1
15470,3391,0
15471,-23357,0
15472,-11368,0
15473,-31914,0
15474,20086,0
15475,25060,0
15476,16932,0
15477,-15681,0
15478,6321,0
15479,-29504,0
15480,28124,0
15481,-28425,0
15482,-31090,0
15483,-29879,0
15484,12846,0
15485,-9817,0
15486,21787,0
15487,23287,0
15488,-17935,0
15489,27924,0
15490,-32199,0
15491,28701,0
15492,-28160,0
15493,-30576,0
15494,-17916,0
15495,29934,0
15496,25647,0
15497,8529,0
15498,6918,0
15499,-28121,0
15500,16360,0
15501,-24369,0
15502,21604,0
15503,13277,0
15504,-11886,0
15505,14510,0
15506,-10143,0
15507,-25531,0
15508,-5075,0
15509,28258,0
15510,-11703,0
15511,11701,0
15512,-21394,0
15513,6810,0
15514,24741,0
15515,26374,0
15516,-24596,0
15517,-5995,0
15518,-19945,0
15519,982,0
15520,-17448,0
15521,-2927,0
15522,31995,0
15523,24502,0
15524,19079,0
15525,5910,0
15526,-22372,0
15527,-26845,0
15528,-25255,0
15529,-30213,0
15530,16795,0
15531,16891,0
15532,-26539,0
15533,-27558,0
15534,-29353,0
15535,-29232,0
15536,8909,0
15537,7152,0
15538,25048,0
15539,28206,0
15540,31579,0
15541,-15164,0
15542,-28669,0
15543,19941,0
15544,20675,0
15545,-4363,0
15546,-8934,0
15547,16181,0
15548,22913,0
15549,-24973,0
15550,-10073,0
15551,-8956,0
15552,12705,0
15553,-21154,0
15554,-27341,0
15555,1674,0
15556,14244,0
15557,28677,0
15558,4986,0
15559,28907,0
15560,7472,0
15561,-31313,0
15562,20010,0
15563,-7857,0
15564,-10167,0
15565,172,0
15566,-20903,0
15567,26593,0
15568,8414,0
15569,-24376,0
15570,-20373,0
15571,-10185,0
15572,8320,0
15573,-22692,0
15574,5174,0
15575,28411,0
15576,-19324,0
15577,4800,0
15578,-32068,0
15579,24521,0
15580,23248,0
15581,19264,0
15582,-14170,0
15583,-10738,0
15584,8580,0
15585,12054,0
15586,12345,1
15587,602,0
15588,27307,0
15589,-26223,0
15590,12345,1
15591,-15854,0
15592,-18615,0
15593,-29671,0
15594,16502,0
15595,-8249,0
15596,18801,0
15597,5618,0
15598,-6392,0
15599,24000,0
15600,10890,0
15601,-18211,0
15602,22530,0
15603,-13336,0
15604,31053,0
15605,-8398,0
15606,3361,0
15607,20218,0
15608,-7991,0
15609,22995,0
15610,-23618,0
15611,6874,0
15612,-21023,0
15613,-28171,0
15614,24801,0
15615,29404,0
15616,-23335,0
15617,-7540,0
15618,6377,0
15619,8832,0
15620,-30410,0
15621,19076,0
15622,-15730,0
15623,-32026,0
15624,30692,0
15625,-15751,0
15626,11517,0
15627,28362,0
15628,-19784,0
15629,10369,0
15630,-7605,0
15631,26149,0
15632,30482,0
15633,-18231,0
15634,17694,0
15635,12673,0
15636,-12770,0
15637,-10313,0
15638,25826,0
15639,-18738,0
15640,14523,0
15641,-863,0
15642,-7961,0
15643,-2399,0
15644,-8561,0
15645,-23774,0
15646,11369,0
15647,-4052,0
15648,-2625,0
15649,21620,0
15650,13336,0
15651,23720,0
15652,14420,0
15653,-12469,0
15654,27432,0
15655,25331,0
15656,26624,0
15657,10421,0
15658,-1731,0
15659,20492,0
15660,-5893,0
15661,7258,0
15662,-8607,0
15663,-2227,0
15664,-1841,0
15665,8180,0
15666,-30557,0
15667,-6905,0
15668,25422,0
15669,-9776,0
15670,13865,0
15671,17743,0
15672,15448,0
15673,-20073,0
15674,-31548,0
15675,28235,0
15676,24224,0
15677,27361,0
15678,-67,0
15679,31885,0
15680,22464,0
15681,8491,0
15682,-14384,0
15683,-495,0
15684,-26642,0
15685,-17150,0
15686,-5105,0
15687,20607,0
15688,-19030,0
15689,3903,0
15690,-20480,0
15691,-1708,0
15692,-13251,0
15693,-12908,0
15694,-122,0
15695,24413,0
15696,-12729,0
15697,2576,0
15698,-15146,0
15699,-12291,0
15700,3917,0
15701,-26820,0
15702,-25258,0
15703,5791,0
15704,6524,0
15705,22628,0
15706,-12378,0
15707,2180,0
15708,-15298,0
15709,-4660,0
15710,-22108,0
15711,-31226,0
15712,-29343,0
15713,24130,0
15714,-27844,0
15715,-1775,0
15716,-17220,0
15717,32279,0
15718,30651,0
15719,7106,0
15720,32065,0
15721,-9181,0
15722,-394,0
15723,-7942,0
15724,18872,0
15725,15416,0
15726,-3922,0
15727,12345,1
15728,-11757,0
15729,1907,0
15730,20942,0
15731,19786,0
15732,-3066,0
15733,16604,0
15734,-17943,0
15735,-30264,0
15736,13772,0
15737,-20353,0
15738,-4185,0
15739,4053,0
15740,-16728,0
15741,12003,0
15742,8825,0
15743,29732,0
15744,-5699,0
15745,-5995,0
15746,4694,0
15747,-29952,0
15748,-26824,0
15749,-29382,0
15750,-2537,0
15751,-10315,0
15752,31483,0
15753,-3218,0
15754,11615,0
15755,25596,0
15756,-16050,0
15757,15557,0
15758,-3727,0
15759,-6645,0
15760,-6631,0
15761,-30266,0
15762,-9633,0
15763,-2043,0
15764,-30439,0
15765,-3040,0
15766,31204,0
15767,13251,0
15768,-24892,0
15769,14618,0
15770,-29310,0
15771,-23903,0
15772,11015,0
15773,21436,0
15774,13553,0
15775,-30003,0
15776,11547,0
15777,13546,0
15778,-21611,0
15779,17251,0
15780,-17119,0
15781,3792,0
15782,5973,0
15783,9047,0
15784,9961,0
15785,340,0
15786,-3909,0
15787,15399,0
15788,13411,0
15789,14554,0
15790,18650,0
15791,-22652,0
15792,30518,0
15793,-9213,0
15794,15195,0
15795,-11139,0
15796,-23874,0
15797,32566,0
15798,-23639,0
15799,-29789,0
15800,27564,0
15801,-27389,0
15802,7047,0
15803,20052,0
15804,15983,0
15805,28926,0
15806,17833,0
15807,13401,0
15808,15081,0
15809,-22861,0
15810,15249,0
15811,3874,0
15812,13301,0
15813,-15924,0
15814,31205,0
15815,9527,0
15816,5243,0
15817,9071,0
15818,-9110,0
15819,-13930,0
15820,-18295,0
15821,-5874,0
15822,-19482,0
15823,7509,0
15824,20565,0
15825,-520,0
15826,9008,0
15827,22691,0
15828,22398,0
15829,-80,0
15830,23673,0
15831,-7172,0
15832,-19600,0
15833,23578,0
15834,12282,0
15835,-29834,0
15836,15326,0
15837,22280,0
15838,-13945,0
15839,14918,0
15840,-8075,0
15841,-25142,0
15842,1081,0
15843,-4553,0
15844,-11683,0
15845,-13452,0
15846,-8979,0
15847,20381,0
15848,29088,0
15849,19547,0
15850,12183,0
15851,28562,0
15852,6643,0
15853,-10437,0
15854,-14779,0
15855,-29962,0
15856,-13030,0
15857,-15353,0
15858,743,0
15859,12345,1
15860,-24451,0
15861,55,0
15862,30379,0
15863,10005,0
15864,-18725,0
15865,5328,0
15866,-3670,0
15867,-6068,0
15868,9731,0
15869,21754,0
15870,18158,0
15871,26374,0
15872,1975,0
15873,13127,0
15874,-16497,0
15875,14928,0
15876,-30983,0
15877,-25172,0
15878,29530,0
15879,-16690,0
15880,23955,0
15881,30837,0
15882,-22858,0
15883,-17868,0
15884,17191,0
15885,-26587,0
15886,-6659,0
15887,6616,0
15888,9028,0
15889,-24615,0
15890,-31727,0
15891,26660,0
15892,-2772,0
15893,23800,0
15894,-21679,0
15895,-7955,0
15896,-20205,0
15897,3449,0
15898,29880,0
15899,-30894,0
15900,-16321,0
15901,8266,0
15902,-4949,0
15903,32613,0
15904,10885,0
15905,-237,0
15906,28409,0
15907,18865,0
15908,-143,0
15909,-9213,0
15910,12060,0
15911,32185,0
15912,29421,0
15913,19318,0
15914,-23211,0
15915,-4034,0
15916,3638,0
15917,13468,0
15918,-25102,0
15919,13693,0
15920,-4725,0
15921,30026,0
15922,24480,0
15923,14258,0
15924,12715,0
15925,20394,0
15926,9776,0
15927,31739,0
15928,-11079,0
15929,-7806,0
15930,19468,0
15931,5821,0
15932,9084,0
15933,-10495,0
15934,-28313,0
15935,-18019,0
15936,-31431,0
15937,-12502,0
15938,24723,0
15939,-11928,0
15940,8688,0
15941,-27862,0
15942,32295,0
15943,12345,1
15944,-30512,0
15945,-20158,0
15946,-32659,0
15947,16623,0
15948,-3739,0
15949,4773,0
15950,25002,0
15951,12816,0
15952,-12600,0
15953,799,0
15954,19424,0
15955,-24806,0
15956,19968,0
15957,32498,0
15958,30425,0
15959,-13125,0
15960,-6383,0
15961,29558,0
15962,-11942,0
15963,-18438,0
15964,-25457,0
15965,7241,0
15966,-1624,0
15967,-31163,0
15968,-271,0
15969,-24436,0
15970,28913,0
15971,-19407,0
15972,14133,0
15973,-25558,0
15974,-19492,0
15975,15308,0
15976,-15081,0
15977,-810,0
15978,3337,0
15979,-20986,0
15980,-24818,0
15981,-32398,0
15982,32559,0
15983,-7270,0
15984,31705,0
15985,-17847,0
15986,-11704,0
15987,18054,0
15988,27176,0
15989,3964,0
15990,26126,0
15991,1077,0
15992,30592,0
15993,-18107,0
15994,-29036,0
15995,10380,0
15996,3852,0
15997,-23103,0
15998,24041,0
15999,7763,0
16000,26269,0
16001,-26210,0
16002,-25703,0
16003,-12537,0
16004,-29694,0
16005,17351,0
16006,-14604,0
16007,-12348,0
16008,-10278,0
16009,-4211,0
16010,16232,0
16011,-14756,0
16012,-678,0
16013,-24230,0
16014,3633,0
16015,17617,0
16016,-6675,0
16017,5513,0
16018,31669,0
16019,-7193,0
16020,26435,0
16021,14099,0
16022,-18893,0
16023,32355,0
16024,-3970,0
16025,-28780,0
16026,-12315,0
16027,7928,0
16028,13752,0
16029,22021,0
16030,28360,0
16031,10832,0
16032,-10097,0
16033,-18881,0
16034,412,0
16035,-9326,0
16036,2763,0
16037,30545,0
16038,-69,0
16039,-28388,0
16040,14598,0
16041,-32100,0
16042,32597,0
16043,2893,0
16044,7372,0
16045,-2950,0
16046,-5566,0
16047,1284,0
16048,-30343,0
16049,3839,0
16050,13100,0
16051,-15277,0
16052,-31039,0
16053,15378,0
16054,-29985,0
16055,-21683,0
16056,22556,0
16057,31406,0
16058,31711,0
16059,-11956,0
16060,12345,1
16061,15937,0
16062,26708,0
16063,-29689,0
16064,2493,0
16065,4984,0
16066,-5309,0
16067,-17588,0
16068,18857,0
16069,-21453,0
16070,32716,0
16071,31012,0
16072,-18046,0
16073,4276,0
16074,-20412,0
16075,-1414,0
16076,31158,0
16077,-10824,0
16078,-27499,0
16079,13436,0
16080,15286,0
16081,-28274,0
16082,-1913,0
16083,-18463,0
16084,-28483,0
16085,26741,0
16086,-11591,0
16087,-10768,0
16088,-11428,0
16089,-20503,0
16090,12345,1
16091,7228,0
16092,31216,0
16093,-29861,0
16094,9717,0
16095,-21128,0
16096,-8180,0
16097,-20283,0
16098,19171,0
16099,-26726,0
16100,28858,0
16101,2297,0
16102,-5838,0
16103,-24038,0
16104,27691,0
16105,-30972,0
16106,9916,0
16107,22543,0
16108,12514,0
16109,18315,0
16110,955,0
16111,-8975,0
16112,-9324,0
16113,-11385,0
16114,-15393,0
16115,-15202,0
16116,-1820,0
16117,12327,0
16118,18932,0
16119,-1518,0
16120,-31846,0
16121,-29662,0
16122,-1520,0
16123,3660,0
16124,-10869,0
16125,-30312,0
16126,21407,0
16127,31276,0
16128,19829,0
16129,-19088,0
16130,-13969,0
16131,-14181,0
16132,-25931,0
16133,10617,0
16134,-13292,0
16135,27065,0
16136,11164,0
16137,6770,0
16138,19938,0
16139,15755,0
16140,28520,0
16141,2559,0
16142,-8573,0
16143,-10737,0
16144,12473,0
16145,-25872,0
16146,26870,0
16147,-9003,0
16148,14242,0
16149,-6533,0
16150,32161,0
16151,-2691,0
16152,-13228,0
16153,-19143,0
16154,7552,0
16155,10427,0
16156,-4402,0
16157,5575,0
16158,3681,0
16159,-31107,0
16160,27797,0
16161,28614,0
16162,-3871,0
16163,-9514,0
16164,32065,0
16165,-13001,0
16166,7553,0
16167,27069,0
16168,-25544,0
16169,24049,0
16170,-31923,0
16171,10208,0
16172,19030,0
16173,5456,0
16174,18508,0
16175,-19549,0
16176,-31302,0
16177,7973,0
16178,-28202,0
16179,16503,0
16180,27920,0
16181,20878,0
16182,-22083,0
16183,29611,0
16184,32661,0
16185,-31289,0
16186,-5885,0
16187,-14893,0
16188,917,0
16189,20352,0
16190,-17146,0
16191,-21440,0
16192,9488,0
16193,-2131,0
16194,30553,0
16195,-9569,0
16196,19255,0
16197,18107,0
16198,32195,0
16199,-11149,0
16200,-3003,0
16201,-20871,0
16202,9298,0
16203,16722,0
16204,10917,0
16205,-29058,0
16206,-13863,0
16207,23410,0
16208,-4255,0
16209,-11948,0
16210,-30834,0
16211,5800,0
16212,-11422,0
16213,28461,0
16214,-8021,0
16215,14298,0
16216,-3284,0
16217,30442,0
16218,15250,0
16219,10867,0
16220,30103,0
16221,-22469,0
16222,29432,0
16223,9576,0
16224,-26564,0
16225,32349,0
16226,-32275,0
16227,-28533,0
16228,19879,0
16229,25311,0
16230,5030,0
16231,-9382,0
16232,-32482,0
16233,2246,0
16234,-2030,0
16235,7196,0
16236,-13779,0
16237,6021,0
16238,8866,0
16239,-22768,0
16240,28403,0
16241,19952,0
16242,-12353,0
16243,-29441,0
16244,29270,0
16245,21436,0
16246,10656,0
16247,-11937,0
16248,1557,0
16249,-27857,0
16250,-261,0
16251,-8268,0
16252,-15457,0
16253,-27607,0
16254,-258,0
16255,-7781,0
16256,10676,0
16257,-8196,0
16258,27142,0
16259,3887,0
16260,-8439,0
16261,12790,0
16262,14939,0
16263,-20518,0
16264,-3227,0
16265,16164,0
16266,6211,0
16267,12041,0
16268,2661,0
16269,11738,0
16270,-23321,0
16271,-11258,0
16272,-24781,0
16273,7158,0
16274,-27641,0
16275,-7762,0
16276,5531,0
16277,-7341,0
16278,-20086,0
16279,-27135,0
16280,-25273,0
16281,-4065,0
16282,27766,0
16283,12363,0
16284,30427,0
16285,-7150,0
16286,-29448,0
16287,20162,0
16288,-15171,0
16289,4539,0
16290,578,0
16291,-1637,0
16292,14009,0
16293,26760,0
16294,-19052,0
16295,2132,0
16296,21780,0
16297,12345,1
16298,27454,0
16299,10563,0
16300,-11742,0
16301,11792,0
16302,-10839,0
16303,-9570,0
16304,-22321,0
16305,31618,0
16306,-2457,0
16307,-15754,0
16308,-12267,0
16309,9543,0
16310,-272,0
16311,-26474,0
16312,13796,0
16313,-30151,0
16314,-6035,0
16315,4562,0
16316,-21498,0
16317,31073,0
16318,29669,0
16319,-16466,0
16320,-3408,0
16321,16179,0
16322,-998,0
16323,14051,0
16324,-17542,0
16325,-18473,0
16326,-26994,0
16327,-16552,0
16328,15288,0
16329,-5927,0
16330,-18780,0
16331,2844,0
16332,-32748,0
16333,21136,0
16334,-3943,0
16335,31929,0
16336,-5846,0
16337,5821,0
16338,3146,0
16339,14755,0
16340,-14720,0
16341,-30982,0
16342,12404,0
16343,-9005,0
16344,-10495,0
16345,-11576,0
16346,-21785,0
16347,31848,0
16348,31572,0
16349,11769,0
16350,4996,0
16351,-25290,0
16352,25577,0
16353,-6469,0
16354,-22953,0
16355,16133,0
16356,1331,0
16357,-3848,0
16358,9676,0
16359,6782,0
16360,25553,0
16361,94,0
16362,-14445,0
16363,6392,0
16364,-1486,0
16365,-3636,0
16366,15697,0
16367,2572,0
16368,3846,0
16369,-10493,0
16370,-10483,0
16371,31099,0
16372,29705,0
16373,18574,0
16374,-31417,0
16375,289,0
16376,-14009,0
16377,31170,0
16378,-20001,0
16379,27528,0
16380,-5116,0
16381,-4689,0
16382,31560,0
16383,-16136,0
