predicate,m,seed_idx,mode,rc,result_index,result_value,trial,l_bbht,iter,cycles,status
LT,1,0,normal,OK,6004,-28307,15,30,8,204281,0x0000080c
LT,1,1,normal,OK,6004,-28307,23,132,27,520139,0x0000080c
LT,1,2,normal,OK,6004,-28307,21,141,0,172305,0x0000080c
LT,1,3,normal,OK,6004,-28307,24,192,0,210704,0x0000080c
LT,1,4,normal,OK,6004,-28307,20,108,0,171115,0x0000080c
LT,1,5,normal,OK,6004,-28307,21,96,0,159594,0x0000080c
LT,1,6,normal,OK,6004,-28307,24,207,17,458954,0x0000080c
LT,1,7,normal,OK,6004,-28307,12,25,0,105113,0x0000080c
LT,1,8,normal,OK,6004,-28307,25,183,0,222722,0x0000080c
LT,1,9,normal,OK,6004,-28307,24,148,2,202882,0x0000080c
LT,1,10,normal,OK,6004,-28307,24,195,0,210261,0x0000080c
LT,1,11,normal,OK,6004,-28307,25,218,0,221674,0x0000080c
LT,1,12,normal,OK,6004,-28307,26,276,9,366763,0x0000080c
LT,1,13,normal,OK,6004,-28307,17,61,0,122295,0x0000080c
LT,1,14,normal,OK,6004,-28307,25,221,0,223599,0x0000080c
LT,1,15,normal,OK,6004,-28307,26,234,0,224693,0x0000080c
LT,1,16,normal,OK,6004,-28307,23,175,0,185519,0x0000080c
LT,1,17,normal,OK,6004,-28307,28,359,49,924653,0x0000088c
LT,1,18,normal,OK,6004,-28307,23,151,0,198483,0x0000080c
LT,1,19,normal,OK,6004,-28307,28,371,14,447289,0x0000080c
LT,1,20,normal,OK,6004,-28307,27,311,0,226613,0x0000080c
LT,1,21,normal,OK,6004,-28307,22,105,0,172430,0x0000080c
LT,1,22,normal,OK,6004,-28307,19,72,0,158389,0x0000080c
LT,1,23,normal,OK,6004,-28307,26,337,0,271400,0x0000080c
LT,1,24,normal,OK,6004,-28307,20,122,0,205868,0x0000080c
LT,1,25,normal,OK,6004,-28307,25,210,0,246433,0x0000080c
LT,1,26,normal,OK,6004,-28307,28,273,0,235886,0x0000080c
LT,1,27,normal,OK,6004,-28307,31,441,0,297947,0x0000080c
LT,1,28,normal,OK,6004,-28307,24,205,0,234762,0x0000080c
LT,1,29,normal,OK,6004,-28307,16,41,0,108531,0x0000080c
LT,1,30,normal,OK,6004,-28307,27,298,0,235319,0x0000080c
LT,1,31,normal,OK,6004,-28307,25,224,0,258099,0x0000080c
LT,1,32,normal,OK,6004,-28307,24,147,0,186396,0x0000080c
LT,1,33,normal,OK,6004,-28307,26,333,0,245229,0x0000080c
LT,1,34,normal,OK,6004,-28307,17,68,0,156738,0x0000080c
LT,1,35,normal,OK,6004,-28307,24,230,0,199838,0x0000080c
LT,1,36,normal,OK,6004,-28307,22,141,0,173734,0x0000080c
LT,1,37,normal,OK,6004,-28307,20,85,0,195401,0x0000080c
LT,1,38,normal,OK,6004,-28307,24,225,0,233891,0x0000080c
LT,1,39,normal,OK,6004,-28307,24,205,0,223369,0x0000080c
LT,1,40,normal,OK,6004,-28307,17,42,0,132901,0x0000080c
LT,1,41,normal,OK,6004,-28307,23,130,0,220306,0x0000080c
LT,1,42,normal,OK,6004,-28307,23,190,0,198455,0x0000080c
LT,1,43,normal,OK,6004,-28307,19,98,0,183049,0x0000080c
LT,1,44,normal,OK,6004,-28307,25,202,0,221906,0x0000080c
LT,1,45,normal,OK,6004,-28307,22,164,0,184386,0x0000080c
LT,1,46,normal,OK,6004,-28307,17,52,0,134015,0x0000080c
LT,1,47,normal,OK,6004,-28307,24,252,0,209203,0x0000080c
LT,1,48,normal,OK,6004,-28307,26,226,0,202387,0x0000080c
LT,1,49,normal,OK,6004,-28307,25,229,0,200779,0x0000080c
LT,1,50,normal,OK,6004,-28307,25,213,0,210973,0x0000080c
LT,1,51,normal,OK,6004,-28307,21,111,0,218461,0x0000080c
LT,1,52,normal,OK,6004,-28307,26,256,0,260011,0x0000080c
LT,1,53,normal,OK,6004,-28307,20,77,0,184146,0x0000080c
LT,1,54,normal,OK,6004,-28307,25,283,0,246437,0x0000080c
LT,1,55,normal,OK,6004,-28307,23,124,0,232891,0x0000080c
LT,1,56,normal,OK,6004,-28307,21,86,0,172726,0x0000080c
LT,1,57,normal,OK,6004,-28307,22,166,0,171679,0x0000080c
LT,1,58,normal,OK,6004,-28307,21,97,0,208463,0x0000080c
LT,1,59,normal,OK,6004,-28307,27,201,0,250088,0x0000080c
LT,1,60,normal,OK,6004,-28307,24,243,0,244897,0x0000080c
LT,1,61,normal,OK,6004,-28307,24,183,0,235116,0x0000080c
LT,1,62,normal,OK,6004,-28307,23,153,0,209055,0x0000080c
LT,1,63,normal,OK,6004,-28307,26,195,0,270782,0x0000080c
LT,1,64,normal,OK,6004,-28307,26,193,0,232825,0x0000080c
LT,1,65,normal,OK,6004,-28307,22,76,0,161588,0x0000080c
LT,1,66,normal,OK,6004,-28307,25,172,0,210838,0x0000080c
LT,1,67,normal,OK,6004,-28307,22,105,0,186013,0x0000080c
LT,1,68,normal,OK,6004,-28307,21,81,0,149598,0x0000080c
LT,1,69,normal,OK,6004,-28307,22,106,0,195921,0x0000080c
LT,1,70,normal,OK,6004,-28307,26,243,0,233962,0x0000080c
LT,1,71,normal,OK,6004,-28307,20,70,0,172174,0x0000080c
LT,1,72,normal,OK,6004,-28307,28,440,0,283028,0x0000080c
LT,1,73,normal,OK,6004,-28307,25,248,0,223960,0x0000080c
LT,1,74,normal,OK,6004,-28307,23,212,0,196866,0x0000080c
LT,1,75,normal,OK,6004,-28307,21,117,0,172926,0x0000080c
LT,1,76,normal,OK,6004,-28307,23,149,0,232081,0x0000080c
LT,1,77,normal,OK,6004,-28307,24,189,0,232539,0x0000080c
LT,1,78,normal,OK,6004,-28307,25,177,0,245884,0x0000080c
LT,1,79,normal,OK,6004,-28307,24,138,0,235016,0x0000080c
LT,1,80,normal,OK,6004,-28307,17,53,0,144172,0x0000080c
LT,1,81,normal,OK,6004,-28307,18,79,0,121441,0x0000080c
LT,1,82,normal,OK,6004,-28307,21,121,0,171521,0x0000080c
LT,1,83,normal,OK,6004,-28307,26,224,0,248701,0x0000080c
LT,1,84,normal,OK,6004,-28307,21,132,0,195591,0x0000080c
LT,1,85,normal,OK,6004,-28307,24,234,0,222314,0x0000080c
LT,1,86,normal,OK,6004,-28307,21,91,0,185602,0x0000080c
LT,1,87,normal,OK,6004,-28307,22,146,0,197209,0x0000080c
LT,1,88,normal,OK,6004,-28307,24,199,0,209491,0x0000080c
LT,1,89,normal,OK,6004,-28307,3,1,0,15128,0x0000080c
LT,1,90,normal,OK,6004,-28307,24,174,0,188467,0x0000080c
LT,1,91,normal,OK,6004,-28307,23,149,0,197832,0x0000080c
LT,1,92,normal,OK,6004,-28307,16,37,0,120898,0x0000080c
LT,1,93,normal,OK,6004,-28307,23,192,0,173594,0x0000080c
LT,1,94,normal,OK,6004,-28307,21,130,0,183695,0x0000080c
LT,1,95,normal,OK,6004,-28307,25,214,0,222441,0x0000080c
LT,1,96,normal,OK,6004,-28307,17,42,0,109122,0x0000080c
LT,1,97,normal,OK,6004,-28307,23,159,0,197500,0x0000080c
LT,1,98,normal,OK,6004,-28307,27,308,0,247702,0x0000080c
LT,1,99,normal,OK,6004,-28307,27,263,0,248088,0x0000080c
LT,4,0,normal,OK,6004,-28307,15,30,8,204219,0x0000080c
LT,4,1,normal,OK,2687,-24767,20,81,17,350002,0x0000080c
LT,4,2,normal,OK,6004,-28307,19,89,0,146671,0x0000080c
LT,4,3,normal,OK,14622,-28245,18,56,0,146852,0x0000080c
LT,4,4,normal,OK,13764,-17666,15,36,0,108171,0x0000080c
LT,4,5,normal,OK,6004,-28307,18,40,0,121926,0x0000080c
LT,4,6,normal,OK,13764,-17666,11,20,0,69228,0x0000080c
LT,4,7,normal,OK,2687,-24767,14,36,0,130389,0x0000080c
LT,4,8,normal,OK,6004,-28307,19,76,0,158495,0x0000080c
LT,4,9,normal,OK,14622,-28245,24,148,29,550684,0x0000080c
LT,4,10,normal,OK,14622,-28245,15,35,0,108246,0x0000080c
LT,4,11,normal,OK,2687,-24767,19,85,0,158210,0x0000080c
LT,4,12,normal,OK,14622,-28245,20,81,0,171088,0x0000080c
LT,4,13,normal,OK,2687,-24767,21,88,0,162177,0x0000080c
LT,4,14,normal,OK,14622,-28245,7,8,0,42045,0x0000080c
LT,4,15,normal,OK,13764,-17666,9,3,0,32115,0x0000080c
LT,4,16,normal,OK,6004,-28307,20,97,0,147884,0x0000080c
LT,4,17,normal,OK,2687,-24767,21,91,0,184933,0x0000080c
LT,4,18,normal,OK,13764,-17666,13,18,0,71584,0x0000080c
LT,4,19,normal,OK,2687,-24767,21,82,0,172395,0x0000080c
LT,4,20,normal,OK,2687,-24767,22,112,0,174617,0x0000080c
LT,4,21,normal,OK,6004,-28307,19,67,0,134670,0x0000080c
LT,4,22,normal,OK,14622,-28245,11,13,0,80140,0x0000080c
LT,4,23,normal,OK,2687,-24767,20,88,0,195960,0x0000080c
LT,4,24,normal,OK,2687,-24767,18,73,0,180644,0x0000080c
LT,4,25,normal,OK,6004,-28307,25,210,17,471936,0x0000080c
LT,4,26,normal,OK,14622,-28245,16,39,0,95933,0x0000080c
LT,4,27,normal,OK,13764,-17666,8,8,0,31052,0x0000080c
LT,4,28,normal,OK,14622,-28245,17,49,0,157674,0x0000080c
LT,4,29,normal,OK,6004,-28307,16,41,0,108587,0x0000080c
LT,4,30,normal,OK,2687,-24767,19,63,0,134845,0x0000080c
LT,4,31,normal,OK,14622,-28245,21,106,0,207730,0x0000080c
LT,4,32,normal,OK,6004,-28307,21,70,0,160269,0x0000080c
LT,4,33,normal,OK,2687,-24767,17,57,0,131810,0x0000080c
LT,4,34,normal,OK,6004,-28307,22,129,0,207897,0x0000080c
LT,4,35,normal,OK,13764,-17666,19,98,0,137133,0x0000080c
LT,4,36,normal,OK,6004,-28307,17,47,0,122254,0x0000080c
LT,4,37,normal,OK,14622,-28245,18,53,0,170346,0x0000080c
LT,4,38,normal,OK,2687,-24767,15,40,0,132182,0x0000080c
LT,4,39,normal,OK,2687,-24767,15,31,0,109477,0x0000080c
LT,4,40,normal,OK,6004,-28307,17,42,0,132934,0x0000080c
LT,4,41,normal,OK,2687,-24767,19,83,0,170180,0x0000080c
LT,4,42,normal,OK,14622,-28245,18,75,0,146685,0x0000080c
LT,4,43,normal,OK,13764,-17666,18,78,0,170614,0x0000080c
LT,4,44,normal,OK,2687,-24767,16,44,0,120117,0x0000080c
LT,4,45,normal,OK,2687,-24767,17,50,0,121361,0x0000080c
LT,4,46,normal,OK,6004,-28307,21,106,0,183854,0x0000080c
LT,4,47,normal,OK,2687,-24767,15,30,0,107447,0x0000080c
LT,4,48,normal,OK,6004,-28307,22,95,0,151914,0x0000080c
LT,4,49,normal,OK,14622,-28245,23,148,0,175208,0x0000080c
LT,4,50,normal,OK,13764,-17666,22,105,0,173704,0x0000080c
LT,4,51,normal,OK,2687,-24767,13,23,0,117482,0x0000080c
LT,4,52,normal,OK,6004,-28307,20,116,0,184496,0x0000080c
LT,4,53,normal,OK,2687,-24767,21,115,0,196687,0x0000080c
LT,4,54,normal,OK,14622,-28245,23,156,0,221513,0x0000080c
LT,4,55,normal,OK,2687,-24767,23,124,0,232549,0x0000080c
LT,4,56,normal,OK,13764,-17666,23,142,0,198008,0x0000080c
LT,4,57,normal,OK,6004,-28307,19,87,0,133207,0x0000080c
LT,4,58,normal,OK,2687,-24767,15,37,0,132647,0x0000080c
LT,4,59,normal,OK,14622,-28245,27,201,0,250116,0x0000080c
LT,4,60,normal,OK,6004,-28307,21,135,0,207283,0x0000080c
LT,4,61,normal,OK,14622,-28245,17,47,0,146427,0x0000080c
LT,4,62,normal,OK,6004,-28307,16,49,0,121287,0x0000080c
LT,4,63,normal,OK,6004,-28307,25,145,0,258450,0x0000080c
LT,4,64,normal,OK,2687,-24767,17,38,0,120470,0x0000080c
LT,4,65,normal,OK,13764,-17666,21,67,0,149076,0x0000080c
LT,4,66,normal,OK,2687,-24767,24,119,0,198083,0x0000080c
LT,4,67,normal,OK,6004,-28307,19,58,0,159149,0x0000080c
LT,4,68,normal,OK,6004,-28307,21,81,0,149523,0x0000080c
LT,4,69,normal,OK,13764,-17666,22,106,0,196390,0x0000080c
LT,4,70,normal,OK,14622,-28245,20,77,0,182206,0x0000080c
LT,4,71,normal,OK,6004,-28307,20,70,0,172515,0x0000080c
LT,4,72,normal,OK,14622,-28245,18,67,0,157037,0x0000080c
LT,4,73,normal,OK,2687,-24767,21,100,0,173372,0x0000080c
LT,4,74,normal,OK,13764,-17666,22,172,0,184303,0x0000080c
LT,4,75,normal,OK,6004,-28307,21,117,0,172559,0x0000080c
LT,4,76,normal,OK,13764,-17666,21,97,0,207770,0x0000080c
LT,4,77,normal,OK,13764,-17666,24,189,0,232218,0x0000080c
LT,4,78,normal,OK,2687,-24767,19,53,0,170339,0x0000080c
LT,4,79,normal,OK,2687,-24767,24,138,0,234778,0x0000080c
LT,4,80,normal,OK,14622,-28245,21,89,0,183881,0x0000080c
LT,4,81,normal,OK,6004,-28307,21,116,0,148244,0x0000080c
LT,4,82,normal,OK,14622,-28245,21,121,0,171840,0x0000080c
LT,4,83,normal,OK,14622,-28245,19,79,0,159914,0x0000080c
LT,4,84,normal,OK,14622,-28245,18,66,0,157713,0x0000080c
LT,4,85,normal,OK,2687,-24767,19,67,0,159194,0x0000080c
LT,4,86,normal,OK,13764,-17666,19,62,0,160456,0x0000080c
LT,4,87,normal,OK,6004,-28307,17,54,0,133912,0x0000080c
LT,4,88,normal,OK,6004,-28307,22,115,0,184291,0x0000080c
LT,4,89,normal,OK,6004,-28307,3,1,0,15128,0x0000080c
LT,4,90,normal,OK,13764,-17666,20,60,0,149778,0x0000080c
LT,4,91,normal,OK,14622,-28245,20,100,0,160183,0x0000080c
LT,4,92,normal,OK,6004,-28307,16,37,0,120899,0x0000080c
LT,4,93,normal,OK,14622,-28245,22,143,0,161859,0x0000080c
LT,4,94,normal,OK,13764,-17666,20,92,0,171569,0x0000080c
LT,4,95,normal,OK,13764,-17666,21,100,0,172388,0x0000080c
LT,4,96,normal,OK,6004,-28307,17,42,0,109155,0x0000080c
LT,4,97,normal,OK,2687,-24767,16,33,0,109148,0x0000080c
LT,4,98,normal,OK,14622,-28245,16,45,0,143945,0x0000080c
LT,4,99,normal,OK,14622,-28245,21,101,0,172789,0x0000080c
LT,16,0,normal,OK,6463,-19424,14,22,5,163611,0x0000080c
LT,16,1,normal,OK,8671,-19865,20,81,20,389775,0x0000080c
LT,16,2,normal,OK,16156,-26932,14,34,0,94675,0x0000080c
LT,16,3,normal,OK,9469,-18742,10,13,0,56535,0x0000080c
LT,16,4,normal,OK,13764,-17666,16,47,0,120946,0x0000080c
LT,16,5,normal,OK,2815,-23791,17,29,0,109008,0x0000080c
LT,16,6,normal,OK,13764,-17666,11,20,0,69244,0x0000080c
LT,16,7,normal,OK,2828,-17484,14,36,0,130428,0x0000080c
LT,16,8,normal,OK,2828,-17484,16,49,0,120881,0x0000080c
LT,16,9,normal,OK,8671,-19865,17,40,0,99736,0x0000080c
LT,16,10,normal,OK,14622,-28245,15,35,0,108195,0x0000080c
LT,16,11,normal,OK,2828,-17484,19,85,0,157487,0x0000080c
LT,16,12,normal,OK,438,-30743,18,42,0,145379,0x0000080c
LT,16,13,normal,OK,14622,-28245,12,24,0,82210,0x0000080c
LT,16,14,normal,OK,14622,-28245,7,8,0,42029,0x0000080c
LT,16,15,normal,OK,13764,-17666,9,3,0,32113,0x0000080c
LT,16,16,normal,OK,2828,-17484,11,20,0,45333,0x0000080c
LT,16,17,normal,OK,5518,-25251,11,13,0,69776,0x0000080c
LT,16,18,normal,OK,14562,-27299,9,8,0,44225,0x0000080c
LT,16,19,normal,OK,14562,-27299,21,82,1,186056,0x0000080c
LT,16,20,normal,OK,14562,-27299,13,20,0,83341,0x0000080c
LT,16,21,normal,OK,2828,-17484,9,4,0,19998,0x0000080c
LT,16,22,normal,OK,14622,-28245,11,13,0,80119,0x0000080c
LT,16,23,normal,OK,16156,-26932,10,13,0,69972,0x0000080c
LT,16,24,normal,OK,8671,-19865,11,21,0,91691,0x0000080c
LT,16,25,normal,OK,6004,-28307,15,28,0,119318,0x0000080c
LT,16,26,normal,OK,2828,-17484,21,83,0,158567,0x0000080c
LT,16,27,normal,OK,13764,-17666,8,8,0,31046,0x0000080c
LT,16,28,normal,OK,5470,-16918,11,17,0,92967,0x0000080c
LT,16,29,normal,OK,14562,-27299,7,6,0,42781,0x0000080c
LT,16,30,normal,OK,8671,-19865,17,38,0,120900,0x0000080c
LT,16,31,normal,OK,5518,-25251,6,3,0,42020,0x0000080c
LT,16,32,normal,OK,8671,-19865,21,70,0,160615,0x0000080c
LT,16,33,normal,OK,2815,-23791,14,31,0,94417,0x0000080c
LT,16,34,normal,OK,6004,-28307,17,68,0,156765,0x0000080c
LT,16,35,normal,OK,8671,-19865,13,18,0,71934,0x0000080c
LT,16,36,normal,OK,16156,-26932,17,47,0,122625,0x0000080c
LT,16,37,normal,OK,5518,-25251,18,53,0,170096,0x0000080c
LT,16,38,normal,OK,2815,-23791,11,22,0,93248,0x0000080c
LT,16,39,normal,OK,13764,-17666,16,45,0,122177,0x0000080c
LT,16,40,normal,OK,11575,-17397,10,9,0,56429,0x0000080c
LT,16,41,normal,OK,2828,-17484,13,20,0,95067,0x0000080c
LT,16,42,normal,OK,14622,-28245,15,34,0,109167,0x0000080c
LT,16,43,normal,OK,13764,-17666,14,33,0,131739,0x0000080c
LT,16,44,normal,OK,13764,-17666,18,58,0,145366,0x0000080c
LT,16,45,normal,OK,5518,-25251,13,24,0,106036,0x0000080c
LT,16,46,normal,OK,2687,-24767,20,96,0,171720,0x0000080c
LT,16,47,normal,OK,2828,-17484,11,11,0,68815,0x0000080c
LT,16,48,normal,OK,11575,-17397,21,63,0,139292,0x0000080c
LT,16,49,normal,OK,5518,-25251,14,27,0,84960,0x0000080c
LT,16,50,normal,OK,2828,-17484,13,15,0,70229,0x0000080c
LT,16,51,normal,OK,16156,-26932,15,37,0,142723,0x0000080c
LT,16,52,normal,OK,16156,-26932,12,12,0,83339,0x0000080c
LT,16,53,normal,OK,2687,-24767,17,33,0,146164,0x0000080c
LT,16,54,normal,OK,10396,-31067,13,32,0,105726,0x0000080c
LT,16,55,normal,OK,8671,-19865,18,51,0,181809,0x0000080c
LT,16,56,normal,OK,9469,-18742,17,37,0,122385,0x0000080c
LT,16,57,normal,OK,6463,-19424,19,87,0,133772,0x0000080c
LT,16,58,normal,OK,2687,-24767,15,37,0,132644,0x0000080c
LT,16,59,normal,OK,6004,-28307,11,14,0,81962,0x0000080c
LT,16,60,normal,OK,8671,-19865,17,63,0,156760,0x0000080c
LT,16,61,normal,OK,16156,-26932,17,47,0,146439,0x0000080c
LT,16,62,normal,OK,14562,-27299,15,37,0,108779,0x0000080c
LT,16,63,normal,OK,14622,-28245,10,11,0,67882,0x0000080c
LT,16,64,normal,OK,5470,-16918,18,52,0,132967,0x0000080c
LT,16,65,normal,OK,438,-30743,8,8,0,42798,0x0000080c
LT,16,66,normal,OK,8671,-19865,12,18,0,57897,0x0000080c
LT,16,67,normal,OK,14622,-28245,19,58,0,159200,0x0000080c
LT,16,68,normal,OK,2687,-24767,12,24,0,70175,0x0000080c
LT,16,69,normal,OK,6463,-19424,17,36,0,133248,0x0000080c
LT,16,70,normal,OK,14622,-28245,23,119,6,276066,0x0000080c
LT,16,71,normal,OK,6004,-28307,20,70,0,172128,0x0000080c
LT,16,72,normal,OK,13764,-17666,16,41,0,132382,0x0000080c
LT,16,73,normal,OK,2687,-24767,17,35,0,123192,0x0000080c
LT,16,74,normal,OK,2815,-23791,14,26,0,83450,0x0000080c
LT,16,75,normal,OK,2828,-17484,9,9,0,44693,0x0000080c
LT,16,76,normal,OK,16156,-26932,11,19,0,92722,0x0000080c
LT,16,77,normal,OK,9469,-18742,18,67,0,157224,0x0000080c
LT,16,78,normal,OK,9469,-18742,19,53,0,170525,0x0000080c
LT,16,79,normal,OK,438,-30743,16,43,0,144538,0x0000080c
LT,16,80,normal,OK,2828,-17484,15,34,0,118986,0x0000080c
LT,16,81,normal,OK,2828,-17484,15,44,0,95727,0x0000080c
LT,16,82,normal,OK,2828,-17484,17,49,0,121444,0x0000080c
LT,16,83,normal,OK,6463,-19424,15,32,0,109805,0x0000080c
LT,16,84,normal,OK,5518,-25251,12,23,0,93388,0x0000080c
LT,16,85,normal,OK,10396,-31067,19,67,0,159269,0x0000080c
LT,16,86,normal,OK,14562,-27299,19,62,0,160572,0x0000080c
LT,16,87,normal,OK,8671,-19865,16,46,0,121118,0x0000080c
LT,16,88,normal,OK,8671,-19865,13,25,0,82523,0x0000080c
LT,16,89,normal,OK,6004,-28307,14,27,0,84446,0x0000080c
LT,16,90,normal,OK,16156,-26932,13,12,0,72544,0x0000080c
LT,16,91,normal,OK,438,-30743,13,10,0,72117,0x0000080c
LT,16,92,normal,OK,2828,-17484,11,13,0,57896,0x0000080c
LT,16,93,normal,OK,14562,-27299,16,55,0,96909,0x0000080c
LT,16,94,normal,OK,9469,-18742,11,14,0,69046,0x0000080c
LT,16,95,normal,OK,9469,-18742,17,47,0,121743,0x0000080c
LT,16,96,normal,OK,2687,-24767,10,12,0,56339,0x0000080c
LT,16,97,normal,OK,2815,-23791,16,33,0,109136,0x0000080c
LT,16,98,normal,OK,5470,-16918,16,45,0,143672,0x0000080c
LT,16,99,normal,OK,5470,-16918,15,28,0,108668,0x0000080c
LT,64,0,normal,OK,1089,-17865,7,4,2,57972,0x0000080c
LT,64,1,normal,OK,1951,-17282,16,35,10,193988,0x0000080c
LT,64,2,normal,OK,10706,-30061,10,12,0,55966,0x0000080c
LT,64,3,normal,OK,16156,-26932,9,8,0,43906,0x0000080c
LT,64,4,normal,OK,13764,-17666,12,17,0,70479,0x0000080c
LT,64,5,normal,OK,10117,-21896,5,3,0,16393,0x0000080c
LT,64,6,normal,OK,16073,-17117,2,1,0,14403,0x0000080c
LT,64,7,normal,OK,15048,-24121,8,8,0,54864,0x0000080c
LT,64,8,normal,OK,12822,-30595,10,8,0,57050,0x0000080c
LT,64,9,normal,OK,8239,-17326,10,9,0,33955,0x0000080c
LT,64,10,normal,OK,3605,-26225,12,23,0,81689,0x0000080c
LT,64,11,normal,OK,11830,-32530,9,10,0,55540,0x0000080c
LT,64,12,normal,OK,187,-22178,14,20,0,95479,0x0000080c
LT,64,13,normal,OK,14812,-20654,12,24,0,82182,0x0000080c
LT,64,14,normal,OK,8103,-21040,8,9,0,42842,0x0000080c
LT,64,15,normal,OK,8050,-21247,10,7,0,44740,0x0000080c
LT,64,16,normal,OK,11898,-26778,9,12,0,43844,0x0000080c
LT,64,17,normal,OK,10602,-21556,13,21,0,95329,0x0000080c
LT,64,18,normal,OK,14622,-28245,9,8,0,44248,0x0000080c
LT,64,19,normal,OK,10117,-21896,10,10,0,56963,0x0000080c
LT,64,20,normal,OK,438,-30743,11,13,0,69622,0x0000080c
LT,64,21,normal,OK,2815,-23791,11,7,0,45012,0x0000080c
LT,64,22,normal,OK,14662,-22014,11,13,0,80115,0x0000080c
LT,64,23,normal,OK,2843,-27723,14,29,0,120668,0x0000080c
LT,64,24,normal,OK,4806,-18062,5,4,0,16187,0x0000080c
LT,64,25,normal,OK,10396,-31067,10,8,0,56326,0x0000080c
LT,64,26,normal,OK,13360,-28930,15,29,0,95609,0x0000080c
LT,64,27,normal,OK,7227,-22375,12,17,0,69632,0x0000080c
LT,64,28,normal,OK,15048,-24121,4,2,0,28064,0x0000080c
LT,64,29,normal,OK,1089,-17865,9,11,0,55979,0x0000080c
LT,64,30,normal,OK,9469,-18742,14,21,0,83110,0x0000080c
LT,64,31,normal,OK,16073,-17117,9,10,0,80299,0x0000080c
LT,64,32,normal,OK,11308,-20891,16,35,0,97438,0x0000080c
LT,64,33,normal,OK,11228,-19551,11,17,0,69024,0x0000080c
LT,64,34,normal,OK,12822,-30595,12,21,0,93919,0x0000080c
LT,64,35,normal,OK,3372,-16463,5,4,0,40631,0x0000080c
LT,64,36,normal,OK,8239,-17326,14,23,0,84669,0x0000080c
LT,64,37,normal,OK,8050,-21247,6,5,0,52732,0x0000080c
LT,64,38,normal,OK,15048,-24121,5,4,0,29161,0x0000080c
LT,64,39,normal,OK,13442,-19364,14,22,0,97127,0x0000080c
LT,64,40,normal,OK,1951,-17282,15,28,0,107867,0x0000080c
LT,64,41,normal,OK,6760,-27408,12,14,0,82632,0x0000080c
LT,64,42,normal,OK,7227,-22375,11,12,0,69510,0x0000080c
LT,64,43,normal,OK,6760,-27408,12,22,0,106226,0x0000080c
LT,64,44,normal,OK,4246,-31407,13,18,0,82409,0x0000080c
LT,64,45,normal,OK,2843,-27723,17,50,0,121401,0x0000080c
LT,64,46,normal,OK,15570,-27224,12,21,0,82375,0x0000080c
LT,64,47,normal,OK,8016,-19922,15,30,0,107677,0x0000080c
LT,64,48,normal,OK,11228,-19551,11,7,0,46396,0x0000080c
LT,64,49,normal,OK,14812,-20654,12,17,0,71465,0x0000080c
LT,64,50,normal,OK,3149,-30574,13,15,0,70239,0x0000080c
LT,64,51,normal,OK,15529,-19241,10,15,0,91519,0x0000080c
LT,64,52,normal,OK,16156,-26932,16,43,3,173804,0x0000080c
LT,64,53,normal,OK,15570,-27224,13,21,0,106980,0x0000080c
LT,64,54,normal,OK,3486,-28677,11,22,0,80480,0x0000080c
LT,64,55,normal,OK,3149,-30574,6,5,0,53092,0x0000080c
LT,64,56,normal,OK,8016,-19922,7,4,0,30500,0x0000080c
LT,64,57,normal,OK,4246,-31407,12,15,0,45303,0x0000080c
LT,64,58,normal,OK,6463,-19424,6,5,0,41551,0x0000080c
LT,64,59,normal,OK,14562,-27299,15,34,0,121404,0x0000080c
LT,64,60,normal,OK,15048,-24121,10,15,0,79749,0x0000080c
LT,64,61,normal,OK,16156,-26932,12,21,0,94148,0x0000080c
LT,64,62,normal,OK,14622,-28245,13,27,0,94877,0x0000080c
LT,64,63,normal,OK,15273,-28381,13,24,0,106345,0x0000080c
LT,64,64,normal,OK,12822,-30595,16,32,0,107829,0x0000080c
LT,64,65,normal,OK,8671,-19865,16,39,0,108771,0x0000080c
LT,64,66,normal,OK,2162,-20710,10,7,0,44635,0x0000080c
LT,64,67,normal,OK,12888,-24207,13,19,0,83463,0x0000080c
LT,64,68,normal,OK,12822,-30595,2,0,0,2115,0x0000080c
LT,64,69,normal,OK,6463,-19424,17,36,0,132803,0x0000080c
LT,64,70,normal,OK,1951,-17282,14,28,0,118309,0x0000080c
LT,64,71,normal,OK,6760,-27408,6,3,0,29185,0x0000080c
LT,64,72,normal,OK,2687,-24767,9,10,0,55205,0x0000080c
LT,64,73,normal,OK,11308,-20891,3,1,0,14551,0x0000080c
LT,64,74,normal,OK,2843,-27723,14,26,0,83419,0x0000080c
LT,64,75,normal,OK,1089,-17865,13,25,0,83112,0x0000080c
LT,64,76,normal,OK,14236,-17629,9,10,0,67390,0x0000080c
LT,64,77,normal,OK,14499,-28296,15,31,0,119142,0x0000080c
LT,64,78,normal,OK,5518,-25251,6,5,0,41464,0x0000080c
LT,64,79,normal,OK,9407,-25706,3,1,0,15403,0x0000080c
LT,64,80,normal,OK,11830,-32530,14,26,0,117808,0x0000080c
LT,64,81,normal,OK,8016,-19922,7,6,0,41801,0x0000080c
LT,64,82,normal,OK,1173,-24863,8,6,0,19249,0x0000080c
LT,64,83,normal,OK,13442,-19364,8,7,0,44145,0x0000080c
LT,64,84,normal,OK,11994,-25266,10,14,0,68202,0x0000080c
LT,64,85,normal,OK,15570,-27224,12,21,0,82200,0x0000080c
LT,64,86,normal,OK,3149,-30574,10,10,0,68931,0x0000080c
LT,64,87,normal,OK,3372,-16463,11,10,0,57978,0x0000080c
LT,64,88,normal,OK,3372,-16463,11,14,0,57461,0x0000080c
LT,64,89,normal,OK,11575,-17397,14,27,0,84359,0x0000080c
LT,64,90,normal,OK,16156,-26932,13,12,0,72574,0x0000080c
LT,64,91,normal,OK,2828,-17484,15,24,0,97501,0x0000080c
LT,64,92,normal,OK,6760,-27408,11,13,0,57841,0x0000080c
LT,64,93,normal,OK,13360,-28930,9,11,0,43542,0x0000080c
LT,64,94,normal,OK,1173,-24863,13,21,0,82815,0x0000080c
LT,64,95,normal,OK,10396,-31067,17,47,3,161770,0x0000080c
LT,64,96,normal,OK,1951,-17282,15,26,0,95774,0x0000080c
LT,64,97,normal,OK,438,-30743,15,19,0,96669,0x0000080c
LT,64,98,normal,OK,2162,-20710,12,17,0,93508,0x0000080c
LT,64,99,normal,OK,10117,-21896,10,12,0,67662,0x0000080c
LT,256,0,normal,OK,2969,-25443,6,4,2,56863,0x0000080c
LT,256,1,normal,OK,2036,-24289,10,5,0,32170,0x0000080c
LT,256,2,normal,OK,2969,-25443,8,4,0,42693,0x0000080c
LT,256,3,normal,OK,16257,-25143,9,8,2,70481,0x0000080c
LT,256,4,normal,OK,4806,-18062,8,4,0,31407,0x0000080c
LT,256,5,normal,OK,13028,-23887,3,1,0,14891,0x0000080c
LT,256,6,normal,OK,4303,-27643,5,3,0,28699,0x0000080c
LT,256,7,normal,OK,75,-16955,7,5,0,42021,0x0000080c
LT,256,8,normal,OK,12888,-24207,9,4,0,44312,0x0000080c
LT,256,9,normal,OK,15465,-21388,7,3,0,31306,0x0000080c
LT,256,10,normal,OK,5232,-25821,7,6,0,42274,0x0000080c
LT,256,11,normal,OK,9837,-23102,4,2,0,15718,0x0000080c
LT,256,12,normal,OK,2572,-23848,2,1,0,13423,0x0000080c
LT,256,13,normal,OK,13764,-17666,8,8,0,42885,0x0000080c
LT,256,14,normal,OK,2343,-32692,6,7,0,29219,0x0000080c
LT,256,15,normal,OK,8016,-19922,10,7,0,44714,0x0000080c
LT,256,16,normal,OK,13887,-19044,7,6,0,30256,0x0000080c
LT,256,17,normal,OK,9334,-25762,6,5,0,29845,0x0000080c
LT,256,18,normal,OK,14662,-22014,9,8,0,44249,0x0000080c
LT,256,19,normal,OK,4230,-27491,10,10,0,56798,0x0000080c
LT,256,20,normal,OK,13764,-17666,2,1,0,14236,0x0000080c
LT,256,21,normal,OK,2971,-20420,9,4,0,20017,0x0000080c
LT,256,22,normal,OK,3486,-28677,2,1,0,13616,0x0000080c
LT,256,23,normal,OK,15952,-30688,3,2,0,15137,0x0000080c
LT,256,24,normal,OK,16334,-29822,4,3,0,15492,0x0000080c
LT,256,25,normal,OK,13309,-26568,8,4,0,43036,0x0000080c
LT,256,26,normal,OK,996,-23070,8,4,0,29915,0x0000080c
LT,256,27,normal,OK,16219,-29789,7,6,0,30110,0x0000080c
LT,256,28,normal,OK,11306,-29918,10,14,1,93780,0x0000080c
LT,256,29,normal,OK,1719,-28833,3,1,0,14717,0x0000080c
LT,256,30,normal,OK,5216,-32302,9,7,0,43313,0x0000080c
LT,256,31,normal,OK,11708,-22830,5,2,0,29443,0x0000080c
LT,256,32,normal,OK,12127,-28042,8,6,0,42205,0x0000080c
LT,256,33,normal,OK,6904,-18884,7,5,0,41459,0x0000080c
LT,256,34,normal,OK,329,-25772,5,3,0,28358,0x0000080c
LT,256,35,normal,OK,10388,-25852,6,6,0,41503,0x0000080c
LT,256,36,normal,OK,16314,-29269,6,3,0,29766,0x0000080c
LT,256,37,normal,OK,8050,-21247,6,5,0,52728,0x0000080c
LT,256,38,normal,OK,2162,-20710,7,7,0,54344,0x0000080c
LT,256,39,normal,OK,187,-22178,10,10,0,81141,0x0000080c
LT,256,40,normal,OK,12399,-20869,6,5,0,41133,0x0000080c
LT,256,41,normal,OK,7611,-26746,5,4,0,40346,0x0000080c
LT,256,42,normal,OK,6463,-19424,6,2,0,29222,0x0000080c
LT,256,43,normal,OK,11130,-31706,8,6,0,55433,0x0000080c
LT,256,44,normal,OK,14784,-16651,7,2,0,30229,0x0000080c
LT,256,45,normal,OK,9350,-23396,6,4,0,41508,0x0000080c
LT,256,46,normal,OK,14589,-23621,11,15,0,69506,0x0000080c
LT,256,47,normal,OK,12974,-31246,8,3,0,31567,0x0000080c
LT,256,48,normal,OK,6252,-19608,5,1,0,16463,0x0000080c
LT,256,49,normal,OK,13185,-27169,5,2,0,16473,0x0000080c
LT,256,50,normal,OK,3074,-20707,13,15,1,83488,0x0000080c
LT,256,51,normal,OK,5216,-32302,1,0,0,1233,0x0000080c
LT,256,52,normal,OK,16206,-23632,12,12,0,82808,0x0000080c
LT,256,53,normal,OK,4806,-18062,10,11,0,68937,0x0000080c
LT,256,54,normal,OK,14499,-28296,9,13,0,67181,0x0000080c
LT,256,55,normal,OK,3149,-30574,6,5,0,53092,0x0000080c
LT,256,56,normal,OK,12399,-20869,4,2,0,15809,0x0000080c
LT,256,57,normal,OK,10559,-18023,11,10,0,44618,0x0000080c
LT,256,58,normal,OK,3605,-26225,10,11,0,69272,0x0000080c
LT,256,59,normal,OK,1951,-17282,8,7,0,55221,0x0000080c
LT,256,60,normal,OK,5902,-24886,7,5,0,41701,0x0000080c
LT,256,61,normal,OK,6708,-32503,8,9,0,54810,0x0000080c
LT,256,62,normal,OK,6014,-16471,10,13,0,68649,0x0000080c
LT,256,63,normal,OK,5518,-25251,5,3,0,28064,0x0000080c
LT,256,64,normal,OK,2343,-32692,10,10,0,44614,0x0000080c
LT,256,65,normal,OK,4230,-27491,3,1,0,14568,0x0000080c
LT,256,66,normal,OK,11977,-25277,3,1,0,14880,0x0000080c
LT,256,67,normal,OK,1277,-26421,11,15,0,69319,0x0000080c
LT,256,68,normal,OK,12822,-30595,2,0,0,2115,0x0000080c
LT,256,69,normal,OK,1344,-26656,8,6,0,42439,0x0000080c
LT,256,70,normal,OK,2971,-20420,2,1,0,13602,0x0000080c
LT,256,71,normal,OK,15725,-31609,11,10,0,81971,0x0000080c
LT,256,72,normal,OK,2658,-18659,9,10,0,55187,0x0000080c
LT,256,73,normal,OK,13185,-27169,5,4,0,28307,0x0000080c
LT,256,74,normal,OK,11575,-17397,3,1,0,14702,0x0000080c
LT,256,75,normal,OK,6463,-19424,4,3,0,15608,0x0000080c
LT,256,76,normal,OK,14236,-17629,9,10,0,67381,0x0000080c
LT,256,77,normal,OK,6252,-19608,4,1,0,14959,0x0000080c
LT,256,78,normal,OK,7640,-30933,7,7,0,42255,0x0000080c
LT,256,79,normal,OK,9407,-25706,3,1,0,15389,0x0000080c
LT,256,80,normal,OK,9078,-27959,8,4,0,42123,0x0000080c
LT,256,81,normal,OK,8050,-21247,4,2,0,27279,0x0000080c
LT,256,82,normal,OK,15049,-32471,3,1,0,15307,0x0000080c
LT,256,83,normal,OK,13544,-19201,6,4,0,29801,0x0000080c
LT,256,84,normal,OK,14794,-24299,7,6,0,29852,0x0000080c
LT,256,85,normal,OK,7964,-27918,8,7,0,43250,0x0000080c
LT,256,86,normal,OK,3124,-18325,10,10,0,68939,0x0000080c
LT,256,87,normal,OK,13074,-16790,7,7,0,30472,0x0000080c
LT,256,88,normal,OK,7964,-27918,4,1,0,15511,0x0000080c
LT,256,89,normal,OK,14979,-30644,7,6,0,30601,0x0000080c
LT,256,90,normal,OK,12205,-22159,3,1,0,14887,0x0000080c
LT,256,91,normal,OK,10100,-21223,4,1,0,15944,0x0000080c
LT,256,92,normal,OK,2971,-20420,11,13,0,57886,0x0000080c
LT,256,93,normal,OK,14349,-16530,8,8,0,42537,0x0000080c
LT,256,94,normal,OK,6004,-28307,6,2,0,29090,0x0000080c
LT,256,95,normal,OK,4806,-18062,10,12,0,68539,0x0000080c
LT,256,96,normal,OK,2767,-19886,10,12,0,56309,0x0000080c
LT,256,97,normal,OK,2969,-25443,7,5,0,29858,0x0000080c
LT,256,98,normal,OK,7640,-30933,8,5,0,55197,0x0000080c
LT,256,99,normal,OK,10209,-30215,10,12,0,67696,0x0000080c
GT,1,0,normal,OK,12148,26989,21,119,38,679012,0x0000080c
GT,1,1,normal,OK,12148,26989,25,259,41,731830,0x0000080c
GT,1,2,normal,OK,12148,26989,17,56,0,121343,0x0000080c
GT,1,3,normal,OK,12148,26989,28,307,0,261109,0x0000080c
GT,1,4,normal,OK,12148,26989,23,182,0,209017,0x0000080c
GT,1,5,normal,OK,12148,26989,27,221,0,234928,0x0000080c
GT,1,6,normal,OK,12148,26989,24,207,0,233124,0x0000080c
GT,1,7,normal,OK,12148,26989,22,128,0,208785,0x0000080c
GT,1,8,normal,OK,12148,26989,25,183,0,222913,0x0000080c
GT,1,9,normal,OK,12148,26989,25,189,0,189244,0x0000080c
GT,1,10,normal,OK,12148,26989,28,357,19,513567,0x0000080c
GT,1,11,normal,OK,12148,26989,29,407,15,471862,0x0000088c
GT,1,12,normal,OK,12148,26989,22,142,0,196338,0x0000080c
GT,1,13,normal,OK,12148,26989,23,179,0,187872,0x0000080c
GT,1,14,normal,OK,12148,26989,20,99,0,160470,0x0000080c
GT,1,15,normal,OK,12148,26989,24,156,0,199655,0x0000080c
GT,1,16,normal,OK,12148,26989,16,57,0,97127,0x0000080c
GT,1,17,normal,OK,12148,26989,17,51,0,134752,0x0000080c
GT,1,18,normal,OK,12148,26989,21,101,0,173302,0x0000080c
GT,1,19,normal,OK,12148,26989,26,235,0,235829,0x0000080c
GT,1,20,normal,OK,12148,26989,17,58,0,134146,0x0000080c
GT,1,21,normal,OK,12148,26989,13,18,0,70311,0x0000080c
GT,1,22,normal,OK,12148,26989,24,178,0,221847,0x0000080c
GT,1,23,normal,OK,12148,26989,25,245,0,259019,0x0000080c
GT,1,24,normal,OK,12148,26989,22,182,0,231109,0x0000080c
GT,1,25,normal,OK,12148,26989,25,210,0,246665,0x0000080c
GT,1,26,normal,OK,12148,26989,23,140,0,184148,0x0000080c
GT,1,27,normal,OK,12148,26989,26,226,0,246244,0x0000080c
GT,1,28,normal,OK,12148,26989,22,112,0,209584,0x0000080c
GT,1,29,normal,OK,12148,26989,22,160,0,183927,0x0000080c
GT,1,30,normal,OK,12148,26989,26,241,0,222921,0x0000080c
GT,1,31,normal,OK,12148,26989,25,224,0,258332,0x0000080c
GT,1,32,normal,OK,12148,26989,27,325,0,224663,0x0000080c
GT,1,33,normal,OK,12148,26989,26,333,0,245532,0x0000080c
GT,1,34,normal,OK,12148,26989,27,290,0,271325,0x0000080c
GT,1,35,normal,OK,12148,26989,22,146,0,174965,0x0000080c
GT,1,36,normal,OK,12148,26989,29,386,0,250068,0x0000080c
GT,1,37,normal,OK,12148,26989,27,400,0,283691,0x0000080c
GT,1,38,normal,OK,12148,26989,13,31,0,118428,0x0000080c
GT,1,39,normal,OK,12148,26989,24,205,0,223558,0x0000080c
GT,1,40,normal,OK,12148,26989,22,119,0,195737,0x0000080c
GT,1,41,normal,OK,12148,26989,25,258,0,245888,0x0000080c
GT,1,42,normal,OK,12148,26989,22,154,0,185893,0x0000080c
GT,1,43,normal,OK,12148,26989,32,337,0,324766,0x0000080c
GT,1,44,normal,OK,12148,26989,27,263,0,247563,0x0000080c
GT,1,45,normal,OK,12148,26989,18,66,0,134112,0x0000080c
GT,1,46,normal,OK,12148,26989,25,235,0,234377,0x0000080c
GT,1,47,normal,OK,12148,26989,20,95,0,158981,0x0000080c
GT,1,48,normal,OK,12148,26989,21,63,0,139321,0x0000080c
GT,1,49,normal,OK,12148,26989,27,353,0,226029,0x0000080c
GT,1,50,normal,OK,12148,26989,17,35,0,109754,0x0000080c
GT,1,51,normal,OK,12148,26989,27,252,0,282196,0x0000080c
GT,1,52,normal,OK,12148,26989,26,256,0,260405,0x0000080c
GT,1,53,normal,OK,12148,26989,21,115,0,197007,0x0000080c
GT,1,54,normal,OK,12148,26989,23,156,0,221334,0x0000080c
GT,1,55,normal,OK,12148,26989,23,124,0,233180,0x0000080c
GT,1,56,normal,OK,12148,26989,23,142,0,198167,0x0000080c
GT,1,57,normal,OK,12148,26989,22,166,0,171990,0x0000080c
GT,1,58,normal,OK,12148,26989,26,195,0,259733,0x0000080c
GT,1,59,normal,OK,12148,26989,30,396,0,288460,0x0000080c
GT,1,60,normal,OK,12148,26989,15,39,0,143122,0x0000080c
GT,1,61,normal,OK,12148,26989,24,183,0,235375,0x0000080c
GT,1,62,normal,OK,12148,26989,18,63,0,146375,0x0000080c
GT,1,63,normal,OK,12148,26989,23,116,0,233028,0x0000080c
GT,1,64,normal,OK,12148,26989,18,52,0,132791,0x0000080c
GT,1,65,normal,OK,12148,26989,26,277,0,212945,0x0000080c
GT,1,66,normal,OK,12148,26989,27,311,0,236304,0x0000080c
GT,1,67,normal,OK,12148,26989,24,153,0,211583,0x0000080c
GT,1,68,normal,OK,12148,26989,22,110,0,162324,0x0000080c
GT,1,69,normal,OK,12148,26989,25,221,0,234161,0x0000080c
GT,1,70,normal,OK,12148,26989,26,243,0,234219,0x0000080c
GT,1,71,normal,OK,12148,26989,21,87,0,185026,0x0000080c
GT,1,72,normal,OK,12148,26989,23,217,0,220255,0x0000080c
GT,1,73,normal,OK,12148,26989,21,100,0,173432,0x0000080c
GT,1,74,normal,OK,12148,26989,22,172,0,184364,0x0000080c
GT,1,75,normal,OK,12148,26989,22,140,0,185734,0x0000080c
GT,1,76,normal,OK,12148,26989,23,149,0,232298,0x0000080c
GT,1,77,normal,OK,12148,26989,17,45,0,144555,0x0000080c
GT,1,78,normal,OK,12148,26989,25,177,0,246147,0x0000080c
GT,1,79,normal,OK,12148,26989,27,314,0,272734,0x0000080c
GT,1,80,normal,OK,12148,26989,26,269,0,247194,0x0000080c
GT,1,81,normal,OK,12148,26989,21,116,0,148320,0x0000080c
GT,1,82,normal,OK,12148,26989,21,121,0,171843,0x0000080c
GT,1,83,normal,OK,12148,26989,28,374,0,274411,0x0000080c
GT,1,84,normal,OK,12148,26989,20,107,0,183100,0x0000080c
GT,1,85,normal,OK,12148,26989,12,21,0,82146,0x0000080c
GT,1,86,normal,OK,12148,26989,24,200,0,224027,0x0000080c
GT,1,87,normal,OK,12148,26989,28,389,0,262280,0x0000080c
GT,1,88,normal,OK,12148,26989,24,199,0,209732,0x0000080c
GT,1,89,normal,OK,12148,26989,23,150,0,186753,0x0000080c
GT,1,90,normal,OK,12148,26989,23,110,0,176085,0x0000080c
GT,1,91,normal,OK,12148,26989,26,241,0,235853,0x0000080c
GT,1,92,normal,OK,12148,26989,26,354,0,246888,0x0000080c
GT,1,93,normal,OK,12148,26989,21,119,0,148654,0x0000080c
GT,1,94,normal,OK,12148,26989,21,130,0,183945,0x0000080c
GT,1,95,normal,OK,12148,26989,25,214,0,222701,0x0000080c
GT,1,96,normal,OK,12148,26989,21,108,0,159644,0x0000080c
GT,1,97,normal,OK,12148,26989,26,325,0,235901,0x0000080c
GT,1,98,normal,OK,12148,26989,22,153,0,208137,0x0000080c
GT,1,99,normal,OK,12148,26989,21,101,0,172723,0x0000080c
GT,4,0,normal,OK,14541,30711,21,119,38,679009,0x0000080c
GT,4,1,normal,OK,2460,23714,20,81,0,135602,0x0000080c
GT,4,2,normal,OK,10937,16908,20,120,0,159451,0x0000080c
GT,4,3,normal,OK,14541,30711,18,56,0,146852,0x0000080c
GT,4,4,normal,OK,10937,16908,20,108,0,171074,0x0000080c
GT,4,5,normal,OK,2460,23714,22,136,2,198465,0x0000080c
GT,4,6,normal,OK,10937,16908,17,68,0,144702,0x0000080c
GT,4,7,normal,OK,2460,23714,14,36,0,130351,0x0000080c
GT,4,8,normal,OK,2460,23714,25,183,7,315777,0x0000080c
GT,4,9,normal,OK,14541,30711,24,148,7,269839,0x0000080c
GT,4,10,normal,OK,14541,30711,15,35,0,108193,0x0000080c
GT,4,11,normal,OK,2460,23714,19,85,0,158169,0x0000080c
GT,4,12,normal,OK,2460,23714,17,32,0,133024,0x0000080c
GT,4,13,normal,OK,10937,16908,12,24,0,82058,0x0000080c
GT,4,14,normal,OK,14541,30711,14,29,0,96186,0x0000080c
GT,4,15,normal,OK,14541,30711,21,85,0,161395,0x0000080c
GT,4,16,normal,OK,12148,26989,23,175,0,185970,0x0000080c
GT,4,17,normal,OK,12148,26989,17,51,0,134795,0x0000080c
GT,4,18,normal,OK,14541,30711,9,8,0,44284,0x0000080c
GT,4,19,normal,OK,2460,23714,21,82,0,172416,0x0000080c
GT,4,20,normal,OK,14541,30711,13,20,0,83312,0x0000080c
GT,4,21,normal,OK,12148,26989,13,18,0,70352,0x0000080c
GT,4,22,normal,OK,10937,16908,20,92,0,171452,0x0000080c
GT,4,23,normal,OK,2460,23714,20,88,0,195970,0x0000080c
GT,4,24,normal,OK,2460,23714,18,73,0,180691,0x0000080c
GT,4,25,normal,OK,10937,16908,20,100,0,183347,0x0000080c
GT,4,26,normal,OK,14541,30711,16,39,0,95894,0x0000080c
GT,4,27,normal,OK,14541,30711,18,56,0,145599,0x0000080c
GT,4,28,normal,OK,10937,16908,18,54,0,170416,0x0000080c
GT,4,29,normal,OK,14541,30711,7,6,0,42806,0x0000080c
GT,4,30,normal,OK,2460,23714,19,63,0,134860,0x0000080c
GT,4,31,normal,OK,14541,30711,21,106,0,207737,0x0000080c
GT,4,32,normal,OK,12148,26989,10,12,0,56188,0x0000080c
GT,4,33,normal,OK,2460,23714,17,57,0,131812,0x0000080c
GT,4,34,normal,OK,2460,23714,25,171,0,245371,0x0000080c
GT,4,35,normal,OK,10937,16908,18,73,0,124434,0x0000080c
GT,4,36,normal,OK,14541,30711,23,180,0,174217,0x0000080c
GT,4,37,normal,OK,2460,23714,12,17,0,105603,0x0000080c
GT,4,38,normal,OK,10937,16908,21,123,0,207717,0x0000080c
GT,4,39,normal,OK,14541,30711,21,105,0,185643,0x0000080c
GT,4,40,normal,OK,12148,26989,22,119,0,195868,0x0000080c
GT,4,41,normal,OK,12148,26989,17,61,0,144959,0x0000080c
GT,4,42,normal,OK,14541,30711,18,75,0,146690,0x0000080c
GT,4,43,normal,OK,2460,23714,21,141,0,208213,0x0000080c
GT,4,44,normal,OK,2460,23714,16,44,0,120101,0x0000080c
GT,4,45,normal,OK,10937,16908,16,40,0,120797,0x0000080c
GT,4,46,normal,OK,10937,16908,24,164,0,221542,0x0000080c
GT,4,47,normal,OK,12148,26989,19,76,0,146185,0x0000080c
GT,4,48,normal,OK,14541,30711,25,157,0,189876,0x0000080c
GT,4,49,normal,OK,14541,30711,23,148,0,175198,0x0000080c
GT,4,50,normal,OK,12148,26989,16,32,0,97255,0x0000080c
GT,4,51,normal,OK,10937,16908,20,88,0,205486,0x0000080c
GT,4,52,normal,OK,10937,16908,15,28,0,121081,0x0000080c
GT,4,53,normal,OK,12148,26989,18,49,0,159097,0x0000080c
GT,4,54,normal,OK,10937,16908,22,121,0,208779,0x0000080c
GT,4,55,normal,OK,2460,23714,23,124,0,232565,0x0000080c
GT,4,56,normal,OK,10937,16908,17,37,0,122474,0x0000080c
GT,4,57,normal,OK,14541,30711,21,126,0,158594,0x0000080c
GT,4,58,normal,OK,2460,23714,15,37,0,132662,0x0000080c
GT,4,59,normal,OK,12148,26989,26,163,0,237300,0x0000080c
GT,4,60,normal,OK,2460,23714,22,170,0,219790,0x0000080c
GT,4,61,normal,OK,14541,30711,17,47,0,146451,0x0000080c
GT,4,62,normal,OK,10937,16908,15,37,0,108732,0x0000080c
GT,4,63,normal,OK,10937,16908,26,195,0,271295,0x0000080c
GT,4,64,normal,OK,2460,23714,23,129,0,195935,0x0000080c
GT,4,65,normal,OK,14541,30711,23,131,1,188165,0x0000080c
GT,4,66,normal,OK,2460,23714,24,119,0,198171,0x0000080c
GT,4,67,normal,OK,10937,16908,22,105,0,186186,0x0000080c
GT,4,68,normal,OK,10937,16908,22,110,0,162297,0x0000080c
GT,4,69,normal,OK,10937,16908,23,160,0,209211,0x0000080c
GT,4,70,normal,OK,2460,23714,21,82,0,182934,0x0000080c
GT,4,71,normal,OK,12148,26989,19,45,0,159951,0x0000080c
GT,4,72,normal,OK,2460,23714,9,10,0,55206,0x0000080c
GT,4,73,normal,OK,2460,23714,21,100,0,173341,0x0000080c
GT,4,74,normal,OK,12148,26989,23,212,0,197080,0x0000080c
GT,4,75,normal,OK,2460,23714,22,140,0,185092,0x0000080c
GT,4,76,normal,OK,10937,16908,17,64,0,157095,0x0000080c
GT,4,77,normal,OK,12148,26989,24,189,0,232229,0x0000080c
GT,4,78,normal,OK,10937,16908,10,11,0,68467,0x0000080c
GT,4,79,normal,OK,2460,23714,24,138,0,234752,0x0000080c
GT,4,80,normal,OK,14541,30711,21,89,0,183898,0x0000080c
GT,4,81,normal,OK,2460,23714,13,28,0,70771,0x0000080c
GT,4,82,normal,OK,10937,16908,20,84,0,159109,0x0000080c
GT,4,83,normal,OK,14541,30711,19,79,0,159921,0x0000080c
GT,4,84,normal,OK,14541,30711,18,66,0,157740,0x0000080c
GT,4,85,normal,OK,2460,23714,16,32,0,132637,0x0000080c
GT,4,86,normal,OK,12148,26989,21,91,0,185846,0x0000080c
GT,4,87,normal,OK,14541,30711,22,146,0,196997,0x0000080c
GT,4,88,normal,OK,10937,16908,16,48,0,119987,0x0000080c
GT,4,89,normal,OK,12148,26989,21,91,0,161371,0x0000080c
GT,4,90,normal,OK,2460,23714,23,110,0,175649,0x0000080c
GT,4,91,normal,OK,14541,30711,20,100,0,160203,0x0000080c
GT,4,92,normal,OK,10937,16908,22,146,0,196413,0x0000080c
GT,4,93,normal,OK,12148,26989,20,96,0,147916,0x0000080c
GT,4,94,normal,OK,10937,16908,18,62,0,146283,0x0000080c
GT,4,95,normal,OK,10937,16908,17,47,0,121825,0x0000080c
GT,4,96,normal,OK,10937,16908,19,74,0,134412,0x0000080c
GT,4,97,normal,OK,2460,23714,16,33,0,109176,0x0000080c
GT,4,98,normal,OK,14541,30711,16,45,0,143974,0x0000080c
GT,4,99,normal,OK,14541,30711,21,101,0,172836,0x0000080c
GT,16,0,normal,OK,7119,21276,25,308,70,1131920,0x0000080c
GT,16,1,normal,OK,13499,22948,11,9,0,44968,0x0000080c
GT,16,2,normal,OK,12148,26989,17,56,0,121322,0x0000080c
GT,16,3,normal,OK,9616,21800,10,13,0,56529,0x0000080c
GT,16,4,normal,OK,13499,22948,12,17,0,70535,0x0000080c
GT,16,5,normal,OK,10937,16908,19,57,0,134423,0x0000080c
GT,16,6,normal,OK,6979,19071,17,68,0,144735,0x0000080c
GT,16,7,normal,OK,86,26850,7,5,0,42055,0x0000080c
GT,16,8,normal,OK,6322,19210,19,76,0,158824,0x0000080c
GT,16,9,normal,OK,9359,25296,17,40,0,99728,0x0000080c
GT,16,10,normal,OK,14644,22285,15,35,0,108232,0x0000080c
GT,16,11,normal,OK,1999,28193,17,57,0,132443,0x0000080c
GT,16,12,normal,OK,86,26850,14,20,0,95464,0x0000080c
GT,16,13,normal,OK,14644,22285,12,24,0,82187,0x0000080c
GT,16,14,normal,OK,14644,22285,12,19,0,70431,0x0000080c
GT,16,15,normal,OK,9669,18554,16,39,0,109485,0x0000080c
GT,16,16,normal,OK,9098,29117,10,16,0,44649,0x0000080c
GT,16,17,normal,OK,13499,22948,15,30,0,109500,0x0000080c
GT,16,18,normal,OK,14541,30711,9,8,0,44245,0x0000080c
GT,16,19,normal,OK,9669,18554,16,35,0,109583,0x0000080c
GT,16,20,normal,OK,10937,16908,16,46,0,121410,0x0000080c
GT,16,21,normal,OK,6979,19071,12,12,0,57535,0x0000080c
GT,16,22,normal,OK,15344,21024,17,48,0,145073,0x0000080c
GT,16,23,normal,OK,9359,25296,12,21,0,95546,0x0000080c
GT,16,24,normal,OK,9098,29117,11,21,0,91704,0x0000080c
GT,16,25,normal,OK,15344,21024,16,38,0,132181,0x0000080c
GT,16,26,normal,OK,9359,25296,12,13,0,69282,0x0000080c
GT,16,27,normal,OK,7119,21276,12,17,0,69570,0x0000080c
GT,16,28,normal,OK,10937,16908,10,14,0,80459,0x0000080c
GT,16,29,normal,OK,6979,19071,10,14,0,56943,0x0000080c
GT,16,30,normal,OK,9359,25296,17,38,0,120947,0x0000080c
GT,16,31,normal,OK,9669,18554,8,6,0,67419,0x0000080c
GT,16,32,normal,OK,9616,21800,21,70,0,160686,0x0000080c
GT,16,33,normal,OK,10937,16908,11,17,0,68655,0x0000080c
GT,16,34,normal,OK,9359,25296,19,84,0,170472,0x0000080c
GT,16,35,normal,OK,9359,25296,18,73,0,124086,0x0000080c
GT,16,36,normal,OK,7119,21276,14,23,0,84612,0x0000080c
GT,16,37,normal,OK,9359,25296,16,28,0,144929,0x0000080c
GT,16,38,normal,OK,15344,21024,15,40,0,132563,0x0000080c
GT,16,39,normal,OK,13499,22948,16,45,0,122243,0x0000080c
GT,16,40,normal,OK,6979,19071,17,42,0,132980,0x0000080c
GT,16,41,normal,OK,86,26850,14,29,0,107475,0x0000080c
GT,16,42,normal,OK,7119,21276,11,12,0,69504,0x0000080c
GT,16,43,normal,OK,10937,16908,8,6,0,55390,0x0000080c
GT,16,44,normal,OK,1999,28193,14,28,0,94892,0x0000080c
GT,16,45,normal,OK,12148,26989,18,66,0,134092,0x0000080c
GT,16,46,normal,OK,6979,19071,9,10,0,55434,0x0000080c
GT,16,47,normal,OK,86,26850,9,6,0,43935,0x0000080c
GT,16,48,normal,OK,10937,16908,11,7,0,46367,0x0000080c
GT,16,49,normal,OK,14644,22285,12,17,0,71425,0x0000080c
GT,16,50,normal,OK,2460,23714,16,32,0,96974,0x0000080c
GT,16,51,normal,OK,13499,22948,18,60,0,180684,0x0000080c
GT,16,52,normal,OK,13499,22948,16,43,0,133735,0x0000080c
GT,16,53,normal,OK,9098,29117,18,49,0,158805,0x0000080c
GT,16,54,normal,OK,10937,16908,19,82,0,181677,0x0000080c
GT,16,55,normal,OK,13499,22948,17,43,0,169116,0x0000080c
GT,16,56,normal,OK,9669,18554,17,37,0,122390,0x0000080c
GT,16,57,normal,OK,86,26850,13,22,0,57698,0x0000080c
GT,16,58,normal,OK,2460,23714,17,62,0,157956,0x0000080c
GT,16,59,normal,OK,9616,21800,16,49,0,133476,0x0000080c
GT,16,60,normal,OK,12148,26989,15,39,0,143088,0x0000080c
GT,16,61,normal,OK,14644,22285,21,83,0,197005,0x0000080c
GT,16,62,normal,OK,14541,30711,15,37,0,108827,0x0000080c
GT,16,63,normal,OK,14644,22285,10,11,0,67884,0x0000080c
GT,16,64,normal,OK,12148,26989,16,32,0,108033,0x0000080c
GT,16,65,normal,OK,9098,29117,16,39,0,108725,0x0000080c
GT,16,66,normal,OK,1999,28193,10,7,0,44614,0x0000080c
GT,16,67,normal,OK,14644,22285,19,58,0,159217,0x0000080c
GT,16,68,normal,OK,7119,21276,21,81,0,149662,0x0000080c
GT,16,69,normal,OK,10937,16908,15,23,0,108016,0x0000080c
GT,16,70,normal,OK,9098,29117,15,40,0,130966,0x0000080c
GT,16,71,normal,OK,9098,29117,20,70,0,172256,0x0000080c
GT,16,72,normal,OK,2460,23714,9,10,0,55223,0x0000080c
GT,16,73,normal,OK,13499,22948,11,15,0,70681,0x0000080c
GT,16,74,normal,OK,10937,16908,15,35,0,96115,0x0000080c
GT,16,75,normal,OK,6322,19210,17,62,0,133308,0x0000080c
GT,16,76,normal,OK,2460,23714,18,67,0,169436,0x0000080c
GT,16,77,normal,OK,9669,18554,14,22,0,106365,0x0000080c
GT,16,78,normal,OK,86,26850,16,32,0,132608,0x0000080c
GT,16,79,normal,OK,86,26850,16,43,0,144587,0x0000080c
GT,16,80,normal,OK,7119,21276,17,53,0,144221,0x0000080c
GT,16,81,normal,OK,2460,23714,13,28,0,70771,0x0000080c
GT,16,82,normal,OK,9616,21800,20,84,0,159022,0x0000080c
GT,16,83,normal,OK,7119,21276,15,32,0,109789,0x0000080c
GT,16,84,normal,OK,1999,28193,17,46,0,144911,0x0000080c
GT,16,85,normal,OK,12148,26989,12,21,0,82056,0x0000080c
GT,16,86,normal,OK,13499,22948,13,24,0,106796,0x0000080c
GT,16,87,normal,OK,6979,19071,12,15,0,70524,0x0000080c
GT,16,88,normal,OK,86,26850,12,19,0,69833,0x0000080c
GT,16,89,normal,OK,10937,16908,17,50,0,122063,0x0000080c
GT,16,90,normal,OK,9669,18554,14,19,0,85160,0x0000080c
GT,16,91,normal,OK,13499,22948,15,24,0,97380,0x0000080c
GT,16,92,normal,OK,6979,19071,12,20,0,70509,0x0000080c
GT,16,93,normal,OK,7119,21276,15,45,0,95895,0x0000080c
GT,16,94,normal,OK,9616,21800,11,14,0,69064,0x0000080c
GT,16,95,normal,OK,9669,18554,17,47,0,121710,0x0000080c
GT,16,96,normal,OK,9669,18554,16,31,0,96542,0x0000080c
GT,16,97,normal,OK,6979,19071,11,11,0,57685,0x0000080c
GT,16,98,normal,OK,9098,29117,17,57,0,156329,0x0000080c
GT,16,99,normal,OK,10937,16908,16,42,0,121365,0x0000080c
GT,64,0,normal,OK,2932,26834,6,4,2,56887,0x0000080c
GT,64,1,normal,OK,9359,25296,13,14,3,87123,0x0000080c
GT,64,2,normal,OK,2954,18528,8,4,0,42684,0x0000080c
GT,64,3,normal,OK,9616,21800,10,13,0,56561,0x0000080c
GT,64,4,normal,OK,5262,22899,14,27,2,122117,0x0000080c
GT,64,5,normal,OK,7437,25617,10,5,0,32714,0x0000080c
GT,64,6,normal,OK,13683,28167,9,14,0,55462,0x0000080c
GT,64,7,normal,OK,86,26850,7,5,0,42049,0x0000080c
GT,64,8,normal,OK,14644,22285,12,20,0,82377,0x0000080c
GT,64,9,normal,OK,4668,16760,12,20,0,58964,0x0000080c
GT,64,10,normal,OK,1999,28193,9,9,0,55439,0x0000080c
GT,64,11,normal,OK,3178,30209,1,0,0,1179,0x0000080c
GT,64,12,normal,OK,86,26850,14,20,3,134803,0x0000080c
GT,64,13,normal,OK,11781,18398,9,12,0,55594,0x0000080c
GT,64,14,normal,OK,14644,22285,7,8,0,42044,0x0000080c
GT,64,15,normal,OK,8470,24127,7,1,0,18448,0x0000080c
GT,64,16,normal,OK,2932,26834,11,20,0,44831,0x0000080c
GT,64,17,normal,OK,13683,28167,15,30,0,109468,0x0000080c
GT,64,18,normal,OK,7437,25617,14,27,0,84239,0x0000080c
GT,64,19,normal,OK,10937,16908,20,56,0,160198,0x0000080c
GT,64,20,normal,OK,7437,25617,9,9,0,56524,0x0000080c
GT,64,21,normal,OK,14537,18801,16,38,5,163528,0x0000080c
GT,64,22,normal,OK,5169,20236,8,6,0,42289,0x0000080c
GT,64,23,normal,OK,16057,26038,10,13,0,70011,0x0000080c
GT,64,24,normal,OK,2932,26834,3,2,0,14411,0x0000080c
GT,64,25,normal,OK,3178,30209,6,3,0,29121,0x0000080c
GT,64,26,normal,OK,15049,21292,10,7,0,55359,0x0000080c
GT,64,27,normal,OK,10937,16908,13,22,0,82391,0x0000080c
GT,64,28,normal,OK,349,27683,8,7,0,67138,0x0000080c
GT,64,29,normal,OK,1999,28193,15,35,0,95873,0x0000080c
GT,64,30,normal,OK,9098,29117,14,21,0,83077,0x0000080c
GT,64,31,normal,OK,11917,23087,7,5,0,54737,0x0000080c
GT,64,32,normal,OK,5169,20236,12,18,0,70019,0x0000080c
GT,64,33,normal,OK,8298,19422,8,8,0,54085,0x0000080c
GT,64,34,normal,OK,8298,19422,8,8,0,55213,0x0000080c
GT,64,35,normal,OK,9098,29117,13,18,0,71953,0x0000080c
GT,64,36,normal,OK,7437,25617,19,77,2,162557,0x0000080c
GT,64,37,normal,OK,7859,30665,12,17,0,105766,0x0000080c
GT,64,38,normal,OK,9098,29117,9,12,0,79854,0x0000080c
GT,64,39,normal,OK,13499,22948,14,22,0,97207,0x0000080c
GT,64,40,normal,OK,8470,24127,11,14,0,69024,0x0000080c
GT,64,41,normal,OK,7119,21276,12,14,0,82636,0x0000080c
GT,64,42,normal,OK,6537,26623,6,2,0,29230,0x0000080c
GT,64,43,normal,OK,11781,18398,10,12,0,80884,0x0000080c
GT,64,44,normal,OK,2116,19170,14,28,0,94895,0x0000080c
GT,64,45,normal,OK,6322,19210,12,21,0,93530,0x0000080c
GT,64,46,normal,OK,7119,21276,9,10,0,55457,0x0000080c
GT,64,47,normal,OK,7859,30665,15,30,0,107669,0x0000080c
GT,64,48,normal,OK,6322,19210,5,1,0,16471,0x0000080c
GT,64,49,normal,OK,10501,19012,11,11,0,58601,0x0000080c
GT,64,50,normal,OK,2954,18528,13,15,0,70228,0x0000080c
GT,64,51,normal,OK,14537,18801,8,10,0,66280,0x0000080c
GT,64,52,normal,OK,3178,30209,12,12,0,82940,0x0000080c
GT,64,53,normal,OK,15576,30727,13,21,0,106941,0x0000080c
GT,64,54,normal,OK,14541,30711,9,13,0,67165,0x0000080c
GT,64,55,normal,OK,11080,32198,7,7,0,65805,0x0000080c
GT,64,56,normal,OK,10185,25984,16,25,0,109627,0x0000080c
GT,64,57,normal,OK,9631,31202,7,2,0,17466,0x0000080c
GT,64,58,normal,OK,6322,19210,12,18,0,94588,0x0000080c
GT,64,59,normal,OK,13683,28167,10,11,0,69369,0x0000080c
GT,64,60,normal,OK,12148,26989,9,10,0,66959,0x0000080c
GT,64,61,normal,OK,10501,19012,15,34,0,132215,0x0000080c
GT,64,62,normal,OK,14644,22285,13,27,0,94952,0x0000080c
GT,64,63,normal,OK,15344,21024,13,24,0,106383,0x0000080c
GT,64,64,normal,OK,86,26850,13,19,0,82026,0x0000080c
GT,64,65,normal,OK,9669,18554,11,12,0,57389,0x0000080c
GT,64,66,normal,OK,2116,19170,10,7,0,44626,0x0000080c
GT,64,67,normal,OK,5262,22899,17,34,0,133784,0x0000080c
GT,64,68,normal,OK,12968,16603,11,18,0,69529,0x0000080c
GT,64,69,normal,OK,2578,31110,8,6,0,43026,0x0000080c
GT,64,70,normal,OK,4668,16760,9,10,0,55323,0x0000080c
GT,64,71,normal,OK,4668,16760,16,27,0,121819,0x0000080c
GT,64,72,normal,OK,6537,26623,6,3,0,29707,0x0000080c
GT,64,73,normal,OK,2578,31110,17,35,0,123132,0x0000080c
GT,64,74,normal,OK,2932,26834,14,26,0,83426,0x0000080c
GT,64,75,normal,OK,6537,26623,4,3,0,15598,0x0000080c
GT,64,76,normal,OK,16017,22351,11,19,0,92741,0x0000080c
GT,64,77,normal,OK,6322,19210,4,1,0,14967,0x0000080c
GT,64,78,normal,OK,10501,19012,13,17,0,94934,0x0000080c
GT,64,79,normal,OK,5068,19298,5,3,0,28587,0x0000080c
GT,64,80,normal,OK,11080,32198,14,26,0,118259,0x0000080c
GT,64,81,normal,OK,10715,31474,11,18,0,56716,0x0000080c
GT,64,82,normal,OK,10501,19012,11,15,0,46037,0x0000080c
GT,64,83,normal,OK,7526,20953,14,23,0,97479,0x0000080c
GT,64,84,normal,OK,15092,16661,9,11,0,55473,0x0000080c
GT,64,85,normal,OK,12148,26989,11,14,0,69392,0x0000080c
GT,64,86,normal,OK,13683,28167,13,24,0,106832,0x0000080c
GT,64,87,normal,OK,11080,32198,6,5,0,29484,0x0000080c
GT,64,88,normal,OK,8900,27322,13,25,0,82491,0x0000080c
GT,64,89,normal,OK,11258,27039,10,13,0,45475,0x0000080c
GT,64,90,normal,OK,10937,16908,8,5,0,43568,0x0000080c
GT,64,91,normal,OK,2808,20620,15,24,0,97503,0x0000080c
GT,64,92,normal,OK,2932,26834,10,7,0,45250,0x0000080c
GT,64,93,normal,OK,4668,16760,11,19,0,57048,0x0000080c
GT,64,94,normal,OK,13499,22948,3,1,0,14618,0x0000080c
GT,64,95,normal,OK,9669,18554,17,47,1,135072,0x0000080c
GT,64,96,normal,OK,1969,29996,15,26,0,95711,0x0000080c
GT,64,97,normal,OK,569,20217,4,1,0,15827,0x0000080c
GT,64,98,normal,OK,1068,20482,7,3,0,42548,0x0000080c
GT,64,99,normal,OK,10501,19012,16,42,0,121335,0x0000080c
GT,256,0,normal,OK,6194,21743,4,2,1,29854,0x0000080c
GT,256,1,normal,OK,16378,30332,2,0,0,2505,0x0000080c
GT,256,2,normal,OK,8111,30919,7,3,1,43019,0x0000080c
GT,256,3,normal,OK,16057,26038,9,8,2,70481,0x0000080c
GT,256,4,normal,OK,7054,22624,1,0,0,1304,0x0000080c
GT,256,5,normal,OK,1569,17806,4,2,0,14988,0x0000080c
GT,256,6,normal,OK,16057,26038,2,1,0,14418,0x0000080c
GT,256,7,normal,OK,8111,30919,10,14,1,93040,0x0000080c
GT,256,8,normal,OK,3262,18088,11,13,0,69530,0x0000080c
GT,256,9,normal,OK,15398,22207,7,3,0,31284,0x0000080c
GT,256,10,normal,OK,2261,32679,3,2,0,14707,0x0000080c
GT,256,11,normal,OK,3178,30209,1,0,0,1179,0x0000080c
GT,256,12,normal,OK,86,26850,14,20,5,161451,0x0000080c
GT,256,13,normal,OK,7345,32287,6,5,0,29095,0x0000080c
GT,256,14,normal,OK,14618,25652,7,8,0,42059,0x0000080c
GT,256,15,normal,OK,6024,20409,3,0,0,2938,0x0000080c
GT,256,16,normal,OK,7859,30665,8,8,0,30550,0x0000080c
GT,256,17,normal,OK,11280,20121,8,9,0,55122,0x0000080c
GT,256,18,normal,OK,14537,18801,9,8,0,44247,0x0000080c
GT,256,19,normal,OK,10420,24885,5,1,0,16567,0x0000080c
GT,256,20,normal,OK,14509,22808,6,3,0,30106,0x0000080c
GT,256,21,normal,OK,2778,28454,9,4,0,20010,0x0000080c
GT,256,22,normal,OK,12247,19745,7,3,0,29745,0x0000080c
GT,256,23,normal,OK,15827,28165,7,5,0,43287,0x0000080c
GT,256,24,normal,OK,16338,30402,4,3,0,15483,0x0000080c
GT,256,25,normal,OK,5899,19232,2,1,0,14131,0x0000080c
GT,256,26,normal,OK,8864,26133,12,13,0,69178,0x0000080c
GT,256,27,normal,OK,6587,31055,11,13,0,57059,0x0000080c
GT,256,28,normal,OK,15049,21292,4,2,0,28054,0x0000080c
GT,256,29,normal,OK,15592,21080,6,4,0,41759,0x0000080c
GT,256,30,normal,OK,5257,30311,9,7,0,43331,0x0000080c
GT,256,31,normal,OK,15986,29937,4,2,0,27993,0x0000080c
GT,256,32,normal,OK,389,18724,5,2,0,28280,0x0000080c
GT,256,33,normal,OK,7345,32287,5,2,0,16355,0x0000080c
GT,256,34,normal,OK,13499,22948,4,1,0,16004,0x0000080c
GT,256,35,normal,OK,10128,20312,6,6,0,41484,0x0000080c
GT,256,36,normal,OK,16338,30402,6,3,0,29768,0x0000080c
GT,256,37,normal,OK,13426,21020,4,2,0,27718,0x0000080c
GT,256,38,normal,OK,15049,21292,5,4,0,29164,0x0000080c
GT,256,39,normal,OK,943,20053,5,4,0,40195,0x0000080c
GT,256,40,normal,OK,13451,24112,3,1,0,14974,0x0000080c
GT,256,41,normal,OK,745,17423,2,1,0,13543,0x0000080c
GT,256,42,normal,OK,15092,16661,8,2,0,31735,0x0000080c
GT,256,43,normal,OK,10784,24389,8,6,0,54869,0x0000080c
GT,256,44,normal,OK,4260,25069,12,13,0,81690,0x0000080c
GT,256,45,normal,OK,9098,29117,6,4,0,41491,0x0000080c
GT,256,46,normal,OK,15827,28165,5,2,0,16704,0x0000080c
GT,256,47,normal,OK,12819,29797,8,3,0,31576,0x0000080c
GT,256,48,normal,OK,10784,24389,11,7,0,46379,0x0000080c
GT,256,49,normal,OK,16035,26235,8,5,0,43676,0x0000080c
GT,256,50,normal,OK,8254,18531,4,1,0,15266,0x0000080c
GT,256,51,normal,OK,3067,28255,7,7,0,53478,0x0000080c
GT,256,52,normal,OK,13426,21020,11,9,0,70469,0x0000080c
GT,256,53,normal,OK,4886,31721,10,11,0,68940,0x0000080c
GT,256,54,normal,OK,4260,25069,8,9,0,54343,0x0000080c
GT,256,55,normal,OK,3077,26085,6,5,0,53052,0x0000080c
GT,256,56,normal,OK,7859,30665,7,4,0,30497,0x0000080c
GT,256,57,normal,OK,9616,21800,7,2,0,17451,0x0000080c
GT,256,58,normal,OK,8254,18531,5,4,0,28987,0x0000080c
GT,256,59,normal,OK,5899,19232,11,14,0,81969,0x0000080c
GT,256,60,normal,OK,838,17066,6,3,0,29104,0x0000080c
GT,256,61,normal,OK,3077,26085,10,13,0,80143,0x0000080c
GT,256,62,normal,OK,6083,16900,10,13,0,68655,0x0000080c
GT,256,63,normal,OK,14620,28124,10,11,0,67937,0x0000080c
GT,256,64,normal,OK,13954,28289,9,6,0,32142,0x0000080c
GT,256,65,normal,OK,14141,31377,7,5,0,30415,0x0000080c
GT,256,66,normal,OK,11917,23087,3,1,0,14882,0x0000080c
GT,256,67,normal,OK,7232,17025,6,6,0,41871,0x0000080c
GT,256,68,normal,OK,9146,30642,7,4,0,30278,0x0000080c
GT,256,69,normal,OK,12819,29797,2,1,0,14189,0x0000080c
GT,256,70,normal,OK,4334,22057,9,10,0,55289,0x0000080c
GT,256,71,normal,OK,15289,23833,8,6,0,54907,0x0000080c
GT,256,72,normal,OK,2282,31718,9,10,0,55140,0x0000080c
GT,256,73,normal,OK,11249,20891,3,1,0,14554,0x0000080c
GT,256,74,normal,OK,3178,30209,7,4,0,42023,0x0000080c
GT,256,75,normal,OK,2780,28208,9,9,0,44716,0x0000080c
GT,256,76,normal,OK,6194,21743,7,4,0,42064,0x0000080c
GT,256,77,normal,OK,9359,25296,7,5,0,41773,0x0000080c
GT,256,78,normal,OK,12753,30202,5,3,0,28904,0x0000080c
GT,256,79,normal,OK,6587,31055,7,5,0,42357,0x0000080c
GT,256,80,normal,OK,8134,25012,10,10,0,67893,0x0000080c
GT,256,81,normal,OK,7991,23470,4,2,0,27264,0x0000080c
GT,256,82,normal,OK,7859,30665,9,10,0,31850,0x0000080c
GT,256,83,normal,OK,13499,22948,6,4,0,29823,0x0000080c
GT,256,84,normal,OK,14887,23275,9,11,0,55408,0x0000080c
GT,256,85,normal,OK,3077,26085,6,5,0,29005,0x0000080c
GT,256,86,normal,OK,1569,17806,2,1,0,13979,0x0000080c
GT,256,87,normal,OK,11032,17393,6,5,0,29473,0x0000080c
GT,256,88,normal,OK,7900,20548,4,1,0,15509,0x0000080c
GT,256,89,normal,OK,12120,17967,4,2,0,16085,0x0000080c
GT,256,90,normal,OK,1317,28061,6,3,0,29448,0x0000080c
GT,256,91,normal,OK,8900,27322,8,3,0,31558,0x0000080c
GT,256,92,normal,OK,8316,21095,8,4,0,31619,0x0000080c
GT,256,93,normal,OK,11249,20891,2,1,0,13895,0x0000080c
GT,256,94,normal,OK,2932,26834,7,3,0,29747,0x0000080c
GT,256,95,normal,OK,8134,25012,4,2,0,15937,0x0000080c
GT,256,96,normal,OK,2460,23714,10,12,0,56326,0x0000080c
GT,256,97,normal,OK,2808,20620,7,5,0,29848,0x0000080c
GT,256,98,normal,OK,1068,20482,12,17,0,93510,0x0000080c
GT,256,99,normal,OK,7108,28195,2,0,0,1887,0x0000080c
EQ,1,0,normal,OK,507,12345,25,308,70,1131171,0x0000080c
EQ,1,1,normal,OK,507,12345,15,23,0,72604,0x0000080c
EQ,1,2,normal,OK,507,12345,22,181,0,184679,0x0000080c
EQ,1,3,normal,OK,507,12345,25,239,0,223083,0x0000080c
EQ,1,4,normal,OK,507,12345,24,240,0,220991,0x0000080c
EQ,1,5,normal,OK,507,12345,23,155,0,184382,0x0000080c
EQ,1,6,normal,OK,507,12345,9,14,0,55321,0x0000080c
EQ,1,7,normal,OK,507,12345,23,180,0,220843,0x0000080c
EQ,1,8,normal,OK,507,12345,26,261,8,341315,0x0000080c
EQ,1,9,normal,OK,507,12345,24,148,0,176082,0x0000080c
EQ,1,10,normal,OK,507,12345,20,93,0,160062,0x0000080c
EQ,1,11,normal,OK,507,12345,23,175,0,196298,0x0000080c
EQ,1,12,normal,OK,507,12345,18,42,0,145395,0x0000080c
EQ,1,13,normal,OK,507,12345,24,218,0,200172,0x0000080c
EQ,1,14,normal,OK,507,12345,21,133,0,172695,0x0000080c
EQ,1,15,normal,OK,507,12345,27,333,21,516409,0x0000080c
EQ,1,16,normal,OK,507,12345,25,225,0,210321,0x0000080c
EQ,1,17,normal,OK,507,12345,25,152,0,235367,0x0000080c
EQ,1,18,normal,OK,507,12345,24,216,0,210715,0x0000080c
EQ,1,19,normal,OK,507,12345,22,122,0,185094,0x0000080c
EQ,1,20,normal,OK,507,12345,27,311,0,226455,0x0000080c
EQ,1,21,normal,OK,507,12345,26,200,0,199068,0x0000080c
EQ,1,22,normal,OK,507,12345,15,37,0,130629,0x0000080c
EQ,1,23,normal,OK,507,12345,23,141,0,233651,0x0000080c
EQ,1,24,normal,OK,507,12345,21,159,0,218168,0x0000080c
EQ,1,25,normal,OK,507,12345,25,210,0,246246,0x0000080c
EQ,1,26,normal,OK,507,12345,27,215,0,223143,0x0000080c
EQ,1,27,normal,OK,507,12345,24,174,0,220545,0x0000080c
EQ,1,28,normal,OK,507,12345,25,256,0,247099,0x0000080c
EQ,1,29,normal,OK,507,12345,21,133,0,170827,0x0000080c
EQ,1,30,normal,OK,507,12345,19,63,0,134456,0x0000080c
EQ,1,31,normal,OK,507,12345,27,273,0,282751,0x0000080c
EQ,1,32,normal,OK,507,12345,22,93,0,161156,0x0000080c
EQ,1,33,normal,OK,507,12345,19,93,0,156956,0x0000080c
EQ,1,34,normal,OK,507,12345,27,290,1,283982,0x0000088c
EQ,1,35,normal,OK,507,12345,16,40,0,98544,0x0000080c
EQ,1,36,normal,OK,507,12345,24,229,0,186592,0x0000080c
EQ,1,37,normal,OK,507,12345,23,169,0,233174,0x0000080c
EQ,1,38,normal,OK,507,12345,21,123,0,207839,0x0000080c
EQ,1,39,normal,OK,507,12345,21,105,0,185383,0x0000080c
EQ,1,40,normal,OK,507,12345,18,48,0,145258,0x0000080c
EQ,1,41,normal,OK,507,12345,24,196,0,232589,0x0000080c
EQ,1,42,normal,OK,507,12345,21,126,0,173054,0x0000080c
EQ,1,43,normal,OK,507,12345,28,252,0,273891,0x0000080c
EQ,1,44,normal,OK,507,12345,28,368,5,326084,0x0000080c
EQ,1,45,normal,OK,507,12345,21,131,0,171545,0x0000080c
EQ,1,46,normal,OK,507,12345,20,96,0,171656,0x0000080c
EQ,1,47,normal,OK,507,12345,21,120,0,171180,0x0000080c
EQ,1,48,normal,OK,507,12345,25,157,0,189603,0x0000080c
EQ,1,49,normal,OK,507,12345,23,148,0,175266,0x0000080c
EQ,1,50,normal,OK,507,12345,26,275,0,223278,0x0000080c
EQ,1,51,normal,OK,507,12345,22,122,0,230752,0x0000080c
EQ,1,52,normal,OK,507,12345,26,256,0,259580,0x0000080c
EQ,1,53,normal,OK,507,12345,24,167,0,234278,0x0000080c
EQ,1,54,normal,OK,507,12345,25,283,0,246221,0x0000080c
EQ,1,55,normal,OK,507,12345,26,269,0,270070,0x0000080c
EQ,1,56,normal,OK,507,12345,23,142,0,197690,0x0000080c
EQ,1,57,normal,OK,507,12345,24,241,0,196721,0x0000080c
EQ,1,58,normal,OK,507,12345,28,369,20,550677,0x0000080c
EQ,1,59,normal,OK,507,12345,24,141,0,212004,0x0000080c
EQ,1,60,normal,OK,507,12345,21,135,0,206774,0x0000080c
EQ,1,61,normal,OK,507,12345,27,306,0,272699,0x0000080c
EQ,1,62,normal,OK,507,12345,24,196,0,221299,0x0000080c
EQ,1,63,normal,OK,507,12345,19,67,0,182512,0x0000080c
EQ,1,64,normal,OK,507,12345,23,129,0,195003,0x0000080c
EQ,1,65,normal,OK,507,12345,26,277,0,212547,0x0000080c
EQ,1,66,normal,OK,507,12345,15,45,0,95630,0x0000080c
EQ,1,67,normal,OK,507,12345,22,105,0,185876,0x0000080c
EQ,1,68,normal,OK,507,12345,26,239,0,212442,0x0000080c
EQ,1,69,normal,OK,507,12345,23,160,0,208272,0x0000080c
EQ,1,70,normal,OK,507,12345,26,243,0,233743,0x0000080c
EQ,1,71,normal,OK,507,12345,25,235,0,223171,0x0000080c
EQ,1,72,normal,OK,507,12345,12,15,0,81400,0x0000080c
EQ,1,73,normal,OK,507,12345,19,49,0,148026,0x0000080c
EQ,1,74,normal,OK,507,12345,23,212,0,196544,0x0000080c
EQ,1,75,normal,OK,507,12345,15,42,0,108114,0x0000080c
EQ,1,76,normal,OK,507,12345,17,64,0,156634,0x0000080c
EQ,1,77,normal,OK,507,12345,22,113,0,207198,0x0000080c
EQ,1,78,normal,OK,507,12345,31,430,0,320911,0x0000080c
EQ,1,79,normal,OK,507,12345,24,138,0,234813,0x0000080c
EQ,1,80,normal,OK,507,12345,27,381,0,259026,0x0000080c
EQ,1,81,normal,OK,507,12345,28,300,0,235419,0x0000080c
EQ,1,82,normal,OK,507,12345,27,336,0,247303,0x0000080c
EQ,1,83,normal,OK,507,12345,20,110,0,172903,0x0000080c
EQ,1,84,normal,OK,507,12345,26,277,0,258628,0x0000080c
EQ,1,85,normal,OK,507,12345,22,145,0,197102,0x0000080c
EQ,1,86,normal,OK,507,12345,24,200,0,223552,0x0000080c
EQ,1,87,normal,OK,507,12345,23,191,0,209413,0x0000080c
EQ,1,88,normal,OK,507,12345,24,199,0,209220,0x0000080c
EQ,1,89,normal,OK,507,12345,16,41,0,109344,0x0000080c
EQ,1,90,normal,OK,507,12345,24,174,0,188332,0x0000080c
EQ,1,91,normal,OK,507,12345,17,53,0,122218,0x0000080c
EQ,1,92,normal,OK,507,12345,20,86,0,171039,0x0000080c
EQ,1,93,normal,OK,507,12345,23,192,0,173342,0x0000080c
EQ,1,94,normal,OK,507,12345,18,62,0,145619,0x0000080c
EQ,1,95,normal,OK,507,12345,20,75,0,159559,0x0000080c
EQ,1,96,normal,OK,507,12345,24,183,0,197140,0x0000080c
EQ,1,97,normal,OK,507,12345,21,102,0,172351,0x0000080c
EQ,1,98,normal,OK,507,12345,20,102,0,182513,0x0000080c
EQ,1,99,normal,OK,507,12345,27,263,0,247867,0x0000080c
EQ,4,0,normal,OK,8685,12345,21,119,38,678761,0x0000080c
EQ,4,1,normal,OK,8685,12345,23,132,0,173609,0x0000080c
EQ,4,2,normal,OK,2852,12345,19,89,0,146485,0x0000080c
EQ,4,3,normal,OK,2852,12345,20,101,0,171817,0x0000080c
EQ,4,4,normal,OK,4724,12345,16,47,0,120614,0x0000080c
EQ,4,5,normal,OK,2852,12345,20,72,0,146799,0x0000080c
EQ,4,6,normal,OK,507,12345,9,14,0,55345,0x0000080c
EQ,4,7,normal,OK,507,12345,21,112,0,196075,0x0000080c
EQ,4,8,normal,OK,2852,12345,15,40,0,108032,0x0000080c
EQ,4,9,normal,OK,2852,12345,23,94,0,163714,0x0000080c
EQ,4,10,normal,OK,2852,12345,19,65,0,147274,0x0000080c
EQ,4,11,normal,OK,4724,12345,15,41,0,107698,0x0000080c
EQ,4,12,normal,OK,507,12345,18,42,0,145395,0x0000080c
EQ,4,13,normal,OK,2852,12345,22,128,2,201134,0x0000080c
EQ,4,14,normal,OK,4724,12345,17,59,0,122102,0x0000080c
EQ,4,15,normal,OK,8685,12345,21,85,0,161101,0x0000080c
EQ,4,16,normal,OK,2852,12345,21,116,0,160265,0x0000080c
EQ,4,17,normal,OK,507,12345,24,121,0,222009,0x0000080c
EQ,4,18,normal,OK,8685,12345,22,116,0,185451,0x0000080c
EQ,4,19,normal,OK,507,12345,21,82,0,172187,0x0000080c
EQ,4,20,normal,OK,507,12345,22,112,0,174560,0x0000080c
EQ,4,21,normal,OK,2852,12345,9,4,0,19991,0x0000080c
EQ,4,22,normal,OK,507,12345,15,37,0,130684,0x0000080c
EQ,4,23,normal,OK,8685,12345,12,21,0,95512,0x0000080c
EQ,4,24,normal,OK,8685,12345,9,14,0,66347,0x0000080c
EQ,4,25,normal,OK,4724,12345,19,77,0,170448,0x0000080c
EQ,4,26,normal,OK,2852,12345,21,83,0,158791,0x0000080c
EQ,4,27,normal,OK,507,12345,19,77,0,157969,0x0000080c
EQ,4,28,normal,OK,2852,12345,23,142,0,221717,0x0000080c
EQ,4,29,normal,OK,2852,12345,18,62,0,133454,0x0000080c
EQ,4,30,normal,OK,2852,12345,20,80,0,147163,0x0000080c
EQ,4,31,normal,OK,4724,12345,10,14,0,81027,0x0000080c
EQ,4,32,normal,OK,4724,12345,21,70,0,160134,0x0000080c
EQ,4,33,normal,OK,8685,12345,20,98,0,169698,0x0000080c
EQ,4,34,normal,OK,8685,12345,11,17,0,92650,0x0000080c
EQ,4,35,normal,OK,8685,12345,18,73,0,124250,0x0000080c
EQ,4,36,normal,OK,4724,12345,17,47,0,122250,0x0000080c
EQ,4,37,normal,OK,507,12345,20,85,0,195048,0x0000080c
EQ,4,38,normal,OK,8685,12345,16,54,0,144747,0x0000080c
EQ,4,39,normal,OK,4724,12345,18,71,0,147348,0x0000080c
EQ,4,40,normal,OK,507,12345,18,48,0,145232,0x0000080c
EQ,4,41,normal,OK,2852,12345,12,14,0,82490,0x0000080c
EQ,4,42,normal,OK,2852,12345,15,34,0,108815,0x0000080c
EQ,4,43,normal,OK,4724,12345,19,98,0,183010,0x0000080c
EQ,4,44,normal,OK,2852,12345,21,123,0,183066,0x0000080c
EQ,4,45,normal,OK,2852,12345,20,102,0,159147,0x0000080c
EQ,4,46,normal,OK,507,12345,18,68,0,146384,0x0000080c
EQ,4,47,normal,OK,8685,12345,19,76,0,146090,0x0000080c
EQ,4,48,normal,OK,2852,12345,22,95,0,151715,0x0000080c
EQ,4,49,normal,OK,507,12345,16,44,0,98202,0x0000080c
EQ,4,50,normal,OK,8685,12345,12,9,0,57778,0x0000080c
EQ,4,51,normal,OK,4724,12345,21,111,0,217823,0x0000080c
EQ,4,52,normal,OK,2852,12345,18,73,0,159009,0x0000080c
EQ,4,53,normal,OK,4724,12345,20,77,0,184040,0x0000080c
EQ,4,54,normal,OK,2852,12345,24,217,21,512994,0x0000080c
EQ,4,55,normal,OK,507,12345,23,124,0,232399,0x0000080c
EQ,4,56,normal,OK,8685,12345,19,59,0,147466,0x0000080c
EQ,4,57,normal,OK,4724,12345,22,166,0,170916,0x0000080c
EQ,4,58,normal,OK,507,12345,21,97,0,208299,0x0000080c
EQ,4,59,normal,OK,2852,12345,20,86,0,172670,0x0000080c
EQ,4,60,normal,OK,507,12345,18,84,0,168999,0x0000080c
EQ,4,61,normal,OK,507,12345,22,123,0,209337,0x0000080c
EQ,4,62,normal,OK,2852,12345,23,153,0,209409,0x0000080c
EQ,4,63,normal,OK,2852,12345,18,54,0,169905,0x0000080c
EQ,4,64,normal,OK,507,12345,19,64,0,145242,0x0000080c
EQ,4,65,normal,OK,8685,12345,23,131,0,174464,0x0000080c
EQ,4,66,normal,OK,4724,12345,25,172,0,210543,0x0000080c
EQ,4,67,normal,OK,8685,12345,16,30,0,120980,0x0000080c
EQ,4,68,normal,OK,2852,12345,21,81,0,149398,0x0000080c
EQ,4,69,normal,OK,8685,12345,22,106,0,196105,0x0000080c
EQ,4,70,normal,OK,2852,12345,23,119,0,196190,0x0000080c
EQ,4,71,normal,OK,2852,12345,22,124,0,197689,0x0000080c
EQ,4,72,normal,OK,507,12345,12,15,0,81400,0x0000080c
EQ,4,73,normal,OK,2852,12345,20,66,0,160644,0x0000080c
EQ,4,74,normal,OK,507,12345,21,145,0,171208,0x0000080c
EQ,4,75,normal,OK,2852,12345,9,9,0,44718,0x0000080c
EQ,4,76,normal,OK,2852,12345,16,47,0,144306,0x0000080c
EQ,4,77,normal,OK,507,12345,18,67,0,156668,0x0000080c
EQ,4,78,normal,OK,4724,12345,25,177,0,245825,0x0000080c
EQ,4,79,normal,OK,2852,12345,22,90,0,209761,0x0000080c
EQ,4,80,normal,OK,8685,12345,24,175,0,221619,0x0000080c
EQ,4,81,normal,OK,8685,12345,9,12,0,55411,0x0000080c
EQ,4,82,normal,OK,8685,12345,12,18,0,58602,0x0000080c
EQ,4,83,normal,OK,8685,12345,14,23,0,97013,0x0000080c
EQ,4,84,normal,OK,4724,12345,21,132,0,195591,0x0000080c
EQ,4,85,normal,OK,4724,12345,20,91,0,171645,0x0000080c
EQ,4,86,normal,OK,8685,12345,21,91,0,185520,0x0000080c
EQ,4,87,normal,OK,4724,12345,19,89,0,159009,0x0000080c
EQ,4,88,normal,OK,8685,12345,16,48,0,119919,0x0000080c
EQ,4,89,normal,OK,507,12345,16,41,0,109358,0x0000080c
EQ,4,90,normal,OK,8685,12345,18,54,0,124219,0x0000080c
EQ,4,91,normal,OK,507,12345,17,53,0,122174,0x0000080c
EQ,4,92,normal,OK,2852,12345,11,13,0,57876,0x0000080c
EQ,4,93,normal,OK,8685,12345,20,96,0,147612,0x0000080c
EQ,4,94,normal,OK,4724,12345,19,71,0,158591,0x0000080c
EQ,4,95,normal,OK,8685,12345,17,47,0,121726,0x0000080c
EQ,4,96,normal,OK,8685,12345,19,74,0,134223,0x0000080c
EQ,4,97,normal,OK,2852,12345,22,124,0,185047,0x0000080c
EQ,4,98,normal,OK,8685,12345,20,102,0,182733,0x0000080c
EQ,4,99,normal,OK,8685,12345,16,42,0,121219,0x0000080c
EQ,16,0,normal,OK,4512,12345,11,15,3,110214,0x0000080c
EQ,16,1,normal,OK,507,12345,15,23,6,152434,0x0000080c
EQ,16,2,normal,OK,10593,12345,17,56,7,214367,0x0000080c
EQ,16,3,normal,OK,5281,12345,18,56,2,172672,0x0000080c
EQ,16,4,normal,OK,4512,12345,14,27,0,95457,0x0000080c
EQ,16,5,normal,OK,10839,12345,15,18,0,83690,0x0000080c
EQ,16,6,normal,OK,3947,12345,17,68,0,144563,0x0000080c
EQ,16,7,normal,OK,5281,12345,12,25,0,105084,0x0000080c
EQ,16,8,normal,OK,2852,12345,14,32,0,95621,0x0000080c
EQ,16,9,normal,OK,3947,12345,12,20,0,58951,0x0000080c
EQ,16,10,normal,OK,14405,12345,15,35,0,108139,0x0000080c
EQ,16,11,normal,OK,1721,12345,17,57,0,132372,0x0000080c
EQ,16,12,normal,OK,5281,12345,16,28,0,120508,0x0000080c
EQ,16,13,normal,OK,10593,12345,16,43,0,109720,0x0000080c
EQ,16,14,normal,OK,4724,12345,19,71,0,147563,0x0000080c
EQ,16,15,normal,OK,14405,12345,21,85,16,374098,0x0000080c
EQ,16,16,normal,OK,10931,12345,13,30,0,70820,0x0000080c
EQ,16,17,normal,OK,5281,12345,11,13,0,69733,0x0000080c
EQ,16,18,normal,OK,5281,12345,14,27,0,84025,0x0000080c
EQ,16,19,normal,OK,10931,12345,21,82,0,172541,0x0000080c
EQ,16,20,normal,OK,10931,12345,17,58,0,134104,0x0000080c
EQ,16,21,normal,OK,7786,12345,19,67,0,134600,0x0000080c
EQ,16,22,normal,OK,491,12345,15,37,0,130651,0x0000080c
EQ,16,23,normal,OK,8685,12345,12,21,0,95548,0x0000080c
EQ,16,24,normal,OK,7786,12345,16,47,0,155341,0x0000080c
EQ,16,25,normal,OK,491,12345,9,6,0,55383,0x0000080c
EQ,16,26,normal,OK,4512,12345,15,29,0,94835,0x0000080c
EQ,16,27,normal,OK,3947,12345,14,32,0,94810,0x0000080c
EQ,16,28,normal,OK,5281,12345,11,17,0,92945,0x0000080c
EQ,16,29,normal,OK,7786,12345,14,30,0,83476,0x0000080c
EQ,16,30,normal,OK,3947,12345,15,26,0,95731,0x0000080c
EQ,16,31,normal,OK,2852,12345,14,35,0,119916,0x0000080c
EQ,16,32,normal,OK,5281,12345,21,70,0,160445,0x0000080c
EQ,16,33,normal,OK,491,12345,13,23,0,81943,0x0000080c
EQ,16,34,normal,OK,8685,12345,11,17,0,92653,0x0000080c
EQ,16,35,normal,OK,10593,12345,15,30,0,86062,0x0000080c
EQ,16,36,normal,OK,10931,12345,7,5,0,30682,0x0000080c
EQ,16,37,normal,OK,491,12345,2,1,0,13616,0x0000080c
EQ,16,38,normal,OK,15288,12345,15,40,0,132474,0x0000080c
EQ,16,39,normal,OK,15288,12345,18,71,0,147631,0x0000080c
EQ,16,40,normal,OK,507,12345,18,48,0,145276,0x0000080c
EQ,16,41,normal,OK,491,12345,14,29,0,107445,0x0000080c
EQ,16,42,normal,OK,4512,12345,17,57,0,134097,0x0000080c
EQ,16,43,normal,OK,10839,12345,8,6,0,55408,0x0000080c
EQ,16,44,normal,OK,2852,12345,20,93,0,170302,0x0000080c
EQ,16,45,normal,OK,7786,12345,12,21,0,93479,0x0000080c
EQ,16,46,normal,OK,5281,12345,18,68,0,146494,0x0000080c
EQ,16,47,normal,OK,1801,12345,15,30,0,107408,0x0000080c
EQ,16,48,normal,OK,15288,12345,13,13,0,60804,0x0000080c
EQ,16,49,normal,OK,15288,12345,16,44,0,98656,0x0000080c
EQ,16,50,normal,OK,8685,12345,18,48,0,122275,0x0000080c
EQ,16,51,normal,OK,10931,12345,16,43,0,155410,0x0000080c
EQ,16,52,normal,OK,10931,12345,16,43,0,133555,0x0000080c
EQ,16,53,normal,OK,1801,12345,17,33,0,146113,0x0000080c
EQ,16,54,normal,OK,5281,12345,22,121,0,208231,0x0000080c
EQ,16,55,normal,OK,10931,12345,16,33,0,156320,0x0000080c
EQ,16,56,normal,OK,10931,12345,10,10,0,57141,0x0000080c
EQ,16,57,normal,OK,7786,12345,17,61,0,108266,0x0000080c
EQ,16,58,normal,OK,1721,12345,15,37,0,132580,0x0000080c
EQ,16,59,normal,OK,7786,12345,16,49,0,133259,0x0000080c
EQ,16,60,normal,OK,7786,12345,18,84,0,169246,0x0000080c
EQ,16,61,normal,OK,14405,12345,21,83,0,196874,0x0000080c
EQ,16,62,normal,OK,491,12345,19,77,0,158673,0x0000080c
EQ,16,63,normal,OK,7786,12345,16,42,0,144606,0x0000080c
EQ,16,64,normal,OK,10931,12345,16,32,0,107942,0x0000080c
EQ,16,65,normal,OK,10839,12345,21,67,0,148970,0x0000080c
EQ,16,66,normal,OK,491,12345,15,45,0,95569,0x0000080c
EQ,16,67,normal,OK,8685,12345,16,30,0,120987,0x0000080c
EQ,16,68,normal,OK,3947,12345,21,81,0,149410,0x0000080c
EQ,16,69,normal,OK,5281,12345,17,36,0,133195,0x0000080c
EQ,16,70,normal,OK,2852,12345,4,3,0,15276,0x0000080c
EQ,16,71,normal,OK,2852,12345,16,27,0,121729,0x0000080c
EQ,16,72,normal,OK,491,12345,12,15,0,81374,0x0000080c
EQ,16,73,normal,OK,1721,12345,17,35,0,123092,0x0000080c
EQ,16,74,normal,OK,10593,12345,10,15,0,67832,0x0000080c
EQ,16,75,normal,OK,15288,12345,14,31,0,95728,0x0000080c
EQ,16,76,normal,OK,2852,12345,10,13,0,79844,0x0000080c
EQ,16,77,normal,OK,8685,12345,15,31,0,118952,0x0000080c
EQ,16,78,normal,OK,15288,12345,17,41,0,145451,0x0000080c
EQ,16,79,normal,OK,491,12345,16,43,0,144473,0x0000080c
EQ,16,80,normal,OK,491,12345,12,16,0,93106,0x0000080c
EQ,16,81,normal,OK,8685,12345,9,12,0,55410,0x0000080c
EQ,16,82,normal,OK,8685,12345,12,18,0,58593,0x0000080c
EQ,16,83,normal,OK,2852,12345,10,12,0,57675,0x0000080c
EQ,16,84,normal,OK,7786,12345,18,66,0,157434,0x0000080c
EQ,16,85,normal,OK,2852,12345,18,44,0,146478,0x0000080c
EQ,16,86,normal,OK,7786,12345,15,36,0,132149,0x0000080c
EQ,16,87,normal,OK,7786,12345,16,46,0,121081,0x0000080c
EQ,16,88,normal,OK,10593,12345,16,48,0,119935,0x0000080c
EQ,16,89,normal,OK,5281,12345,14,27,0,84395,0x0000080c
EQ,16,90,normal,OK,5281,12345,18,54,0,124631,0x0000080c
EQ,16,91,normal,OK,10931,12345,17,53,0,122488,0x0000080c
EQ,16,92,normal,OK,507,12345,20,86,0,171000,0x0000080c
EQ,16,93,normal,OK,5281,12345,15,45,0,95818,0x0000080c
EQ,16,94,normal,OK,1721,12345,17,40,0,133184,0x0000080c
EQ,16,95,normal,OK,4724,12345,10,12,0,68571,0x0000080c
EQ,16,96,normal,OK,4724,12345,17,42,0,109058,0x0000080c
EQ,16,97,normal,OK,1801,12345,16,33,0,109036,0x0000080c
EQ,16,98,normal,OK,1801,12345,13,20,0,105986,0x0000080c
EQ,16,99,normal,OK,15288,12345,21,101,0,172701,0x0000080c
EQ,64,0,normal,OK,2852,12345,6,4,2,56862,0x0000080c
EQ,64,1,normal,OK,8685,12345,13,14,3,87086,0x0000080c
EQ,64,2,normal,OK,8089,12345,7,3,0,30222,0x0000080c
EQ,64,3,normal,OK,4876,12345,13,19,0,83222,0x0000080c
EQ,64,4,normal,OK,4720,12345,8,4,0,31409,0x0000080c
EQ,64,5,normal,OK,4876,12345,18,40,6,189635,0x0000080c
EQ,64,6,normal,OK,7786,12345,12,24,0,81823,0x0000080c
EQ,64,7,normal,OK,1801,12345,12,25,0,104610,0x0000080c
EQ,64,8,normal,OK,3304,12345,11,13,0,69492,0x0000080c
EQ,64,9,normal,OK,12001,12345,1,0,0,1446,0x0000080c
EQ,64,10,normal,OK,8685,12345,5,4,0,28059,0x0000080c
EQ,64,11,normal,OK,682,12345,12,19,0,81629,0x0000080c
EQ,64,12,normal,OK,26,12345,14,20,0,95466,0x0000080c
EQ,64,13,normal,OK,9302,12345,11,17,0,69348,0x0000080c
EQ,64,14,normal,OK,14567,12345,12,19,0,70385,0x0000080c
EQ,64,15,normal,OK,7400,12345,10,7,0,44711,0x0000080c
EQ,64,16,normal,OK,10839,12345,13,30,0,70728,0x0000080c
EQ,64,17,normal,OK,6247,12345,7,6,0,42387,0x0000080c
EQ,64,18,normal,OK,14542,12345,9,8,0,44234,0x0000080c
EQ,64,19,normal,OK,4724,12345,11,16,0,69479,0x0000080c
EQ,64,20,normal,OK,14542,12345,13,20,0,83324,0x0000080c
EQ,64,21,normal,OK,11647,12345,13,18,0,70248,0x0000080c
EQ,64,22,normal,OK,4724,12345,8,6,0,42279,0x0000080c
EQ,64,23,normal,OK,16090,12345,10,13,0,69989,0x0000080c
EQ,64,24,normal,OK,2888,12345,3,2,0,14393,0x0000080c
EQ,64,25,normal,OK,3073,12345,6,3,0,29087,0x0000080c
EQ,64,26,normal,OK,8225,12345,12,13,0,69203,0x0000080c
EQ,64,27,normal,OK,173,12345,10,11,0,56219,0x0000080c
EQ,64,28,normal,OK,10593,12345,10,14,0,80413,0x0000080c
EQ,64,29,normal,OK,14542,12345,7,6,0,42789,0x0000080c
EQ,64,30,normal,OK,3903,12345,11,11,0,56753,0x0000080c
EQ,64,31,normal,OK,160,12345,11,19,0,93338,0x0000080c
EQ,64,32,normal,OK,4720,12345,2,1,0,14066,0x0000080c
EQ,64,33,normal,OK,160,12345,4,1,0,15535,0x0000080c
EQ,64,34,normal,OK,6247,12345,10,13,0,80386,0x0000080c
EQ,64,35,normal,OK,7400,12345,13,18,0,71866,0x0000080c
EQ,64,36,normal,OK,5531,12345,14,23,0,84502,0x0000080c
EQ,64,37,normal,OK,8225,12345,16,28,0,144841,0x0000080c
EQ,64,38,normal,OK,10931,12345,10,17,0,92565,0x0000080c
EQ,64,39,normal,OK,2888,12345,11,13,0,82158,0x0000080c
EQ,64,40,normal,OK,11272,12345,10,9,0,56380,0x0000080c
EQ,64,41,normal,OK,4512,12345,6,5,0,52830,0x0000080c
EQ,64,42,normal,OK,507,12345,10,8,0,56915,0x0000080c
EQ,64,43,normal,OK,11272,12345,10,12,0,80871,0x0000080c
EQ,64,44,normal,OK,7400,12345,11,8,0,69170,0x0000080c
EQ,64,45,normal,OK,7786,12345,11,14,0,80390,0x0000080c
EQ,64,46,normal,OK,6247,12345,9,10,0,55402,0x0000080c
EQ,64,47,normal,OK,5200,12345,15,30,1,120847,0x0000080c
EQ,64,48,normal,OK,15288,12345,13,13,0,60771,0x0000080c
EQ,64,49,normal,OK,10234,12345,11,11,0,58625,0x0000080c
EQ,64,50,normal,OK,1038,12345,16,32,0,96836,0x0000080c
EQ,64,51,normal,OK,14405,12345,8,10,0,66241,0x0000080c
EQ,64,52,normal,OK,16090,12345,16,43,3,173721,0x0000080c
EQ,64,53,normal,OK,15469,12345,13,21,0,106827,0x0000080c
EQ,64,54,normal,OK,14405,12345,9,13,0,67112,0x0000080c
EQ,64,55,normal,OK,11647,12345,2,1,0,14266,0x0000080c
EQ,64,56,normal,OK,7786,12345,7,4,0,30474,0x0000080c
EQ,64,57,normal,OK,3876,12345,12,15,0,45262,0x0000080c
EQ,64,58,normal,OK,8225,12345,5,4,0,28937,0x0000080c
EQ,64,59,normal,OK,8225,12345,11,14,0,82033,0x0000080c
EQ,64,60,normal,OK,3903,12345,2,1,0,13825,0x0000080c
EQ,64,61,normal,OK,13012,12345,10,13,0,80317,0x0000080c
EQ,64,62,normal,OK,15288,12345,5,4,0,28629,0x0000080c
EQ,64,63,normal,OK,14567,12345,10,11,0,67904,0x0000080c
EQ,64,64,normal,OK,1801,12345,10,10,0,44540,0x0000080c
EQ,64,65,normal,OK,26,12345,15,28,0,96012,0x0000080c
EQ,64,66,normal,OK,9302,12345,13,26,0,70518,0x0000080c
EQ,64,67,normal,OK,682,12345,11,15,0,69207,0x0000080c
EQ,64,68,normal,OK,1825,12345,12,24,0,70038,0x0000080c
EQ,64,69,normal,OK,8225,12345,15,23,0,108148,0x0000080c
EQ,64,70,normal,OK,5531,12345,15,40,0,130795,0x0000080c
EQ,64,71,normal,OK,2852,12345,16,27,0,121667,0x0000080c
EQ,64,72,normal,OK,13048,12345,13,20,0,94108,0x0000080c
EQ,64,73,normal,OK,701,12345,17,35,0,123057,0x0000080c
EQ,64,74,normal,OK,507,12345,16,48,0,108430,0x0000080c
EQ,64,75,normal,OK,10812,12345,7,5,0,30728,0x0000080c
EQ,64,76,normal,OK,1801,12345,15,36,0,131778,0x0000080c
EQ,64,77,normal,OK,701,12345,8,8,0,54182,0x0000080c
EQ,64,78,normal,OK,5281,12345,6,5,0,41414,0x0000080c
EQ,64,79,normal,OK,8089,12345,16,43,0,144368,0x0000080c
EQ,64,80,normal,OK,8799,12345,8,4,0,42607,0x0000080c
EQ,64,81,normal,OK,7786,12345,7,6,0,41777,0x0000080c
EQ,64,82,normal,OK,10234,12345,11,15,0,45944,0x0000080c
EQ,64,83,normal,OK,5270,12345,14,23,0,97403,0x0000080c
EQ,64,84,normal,OK,14494,12345,3,1,0,14921,0x0000080c
EQ,64,85,normal,OK,5200,12345,10,13,0,56609,0x0000080c
EQ,64,86,normal,OK,586,12345,12,19,0,94021,0x0000080c
EQ,64,87,normal,OK,10593,12345,13,23,0,83198,0x0000080c
EQ,64,88,normal,OK,7786,12345,13,25,0,82391,0x0000080c
EQ,64,89,normal,OK,10931,12345,10,13,0,45471,0x0000080c
EQ,64,90,normal,OK,16090,12345,13,12,0,72542,0x0000080c
EQ,64,91,normal,OK,13048,12345,14,18,0,84979,0x0000080c
EQ,64,92,normal,OK,5341,12345,3,1,0,15021,0x0000080c
EQ,64,93,normal,OK,13012,12345,10,14,0,44466,0x0000080c
EQ,64,94,normal,OK,507,12345,13,21,0,82769,0x0000080c
EQ,64,95,normal,OK,507,12345,20,75,3,199306,0x0000080c
EQ,64,96,normal,OK,13012,12345,14,21,0,83263,0x0000080c
EQ,64,97,normal,OK,1801,12345,16,33,0,109032,0x0000080c
EQ,64,98,normal,OK,491,12345,10,7,0,68563,0x0000080c
EQ,64,99,normal,OK,5531,12345,6,4,0,41146,0x0000080c
EQ,256,0,normal,OK,15288,12345,8,7,3,84128,0x0000080c
EQ,256,1,normal,OK,5849,12345,5,2,0,16525,0x0000080c
EQ,256,2,normal,OK,8081,12345,7,3,0,30219,0x0000080c
EQ,256,3,normal,OK,16060,12345,9,8,1,57165,0x0000080c
EQ,256,4,normal,OK,12680,12345,12,17,3,110339,0x0000080c
EQ,256,5,normal,OK,7233,12345,10,5,0,32676,0x0000080c
EQ,256,6,normal,OK,3716,12345,7,7,0,30182,0x0000080c
EQ,256,7,normal,OK,3545,12345,8,8,0,54501,0x0000080c
EQ,256,8,normal,OK,11907,12345,10,8,0,56974,0x0000080c
EQ,256,9,normal,OK,12001,12345,1,0,0,1446,0x0000080c
EQ,256,10,normal,OK,5451,12345,4,2,0,15417,0x0000080c
EQ,256,11,normal,OK,873,12345,12,19,0,81116,0x0000080c
EQ,256,12,normal,OK,90,12345,5,3,0,28635,0x0000080c
EQ,256,13,normal,OK,7326,12345,6,5,0,29082,0x0000080c
EQ,256,14,normal,OK,1930,12345,6,7,0,29205,0x0000080c
EQ,256,15,normal,OK,13448,12345,9,3,0,32089,0x0000080c
EQ,256,16,normal,OK,12329,12345,6,4,0,29226,0x0000080c
EQ,256,17,normal,OK,6247,12345,7,6,0,42361,0x0000080c
EQ,256,18,normal,OK,4389,12345,7,4,0,29892,0x0000080c
EQ,256,19,normal,OK,13749,12345,7,3,0,30575,0x0000080c
EQ,256,20,normal,OK,6940,12345,9,9,0,56490,0x0000080c
EQ,256,21,normal,OK,2302,12345,9,4,0,19999,0x0000080c
EQ,256,22,normal,OK,7844,12345,9,7,0,54821,0x0000080c
EQ,256,23,normal,OK,6733,12345,5,4,0,28977,0x0000080c
EQ,256,24,normal,OK,4724,12345,8,10,0,53627,0x0000080c
EQ,256,25,normal,OK,9555,12345,12,14,0,81678,0x0000080c
EQ,256,26,normal,OK,6702,12345,9,6,0,42452,0x0000080c
EQ,256,27,normal,OK,10532,12345,6,4,0,28983,0x0000080c
EQ,256,28,normal,OK,314,12345,8,7,0,67075,0x0000080c
EQ,256,29,normal,OK,14410,12345,7,6,0,42799,0x0000080c
EQ,256,30,normal,OK,4956,12345,9,7,0,43363,0x0000080c
EQ,256,31,normal,OK,15859,12345,9,10,0,80251,0x0000080c
EQ,256,32,normal,OK,11246,12345,10,12,0,56190,0x0000080c
EQ,256,33,normal,OK,825,12345,8,8,0,53864,0x0000080c
EQ,256,34,normal,OK,10842,12345,7,5,0,42576,0x0000080c
EQ,256,35,normal,OK,9972,12345,6,6,0,41476,0x0000080c
EQ,256,36,normal,OK,16297,12345,6,3,0,29767,0x0000080c
EQ,256,37,normal,OK,1456,12345,5,4,0,40119,0x0000080c
EQ,256,38,normal,OK,11990,12345,6,5,0,41893,0x0000080c
EQ,256,39,normal,OK,10839,12345,4,2,0,27813,0x0000080c
EQ,256,40,normal,OK,586,12345,5,4,0,28344,0x0000080c
EQ,256,41,normal,OK,7400,12345,5,4,0,40322,0x0000080c
EQ,256,42,normal,OK,507,12345,10,8,0,56923,0x0000080c
EQ,256,43,normal,OK,160,12345,6,3,0,41230,0x0000080c
EQ,256,44,normal,OK,7400,12345,11,8,0,69167,0x0000080c
EQ,256,45,normal,OK,8996,12345,6,4,0,41005,0x0000080c
EQ,256,46,normal,OK,15586,12345,8,6,0,42801,0x0000080c
EQ,256,47,normal,OK,56,12345,9,6,0,43923,0x0000080c
EQ,256,48,normal,OK,10265,12345,11,7,0,46365,0x0000080c
EQ,256,49,normal,OK,5281,12345,9,6,0,44407,0x0000080c
EQ,256,50,normal,OK,2160,12345,13,15,0,70140,0x0000080c
EQ,256,51,normal,OK,6300,12345,5,4,0,28491,0x0000080c
EQ,256,52,normal,OK,13448,12345,3,1,0,15322,0x0000080c
EQ,256,53,normal,OK,8799,12345,9,7,0,56413,0x0000080c
EQ,256,54,normal,OK,7615,12345,4,2,0,15445,0x0000080c
EQ,256,55,normal,OK,12785,12345,4,2,0,28219,0x0000080c
EQ,256,56,normal,OK,7780,12345,7,4,0,30458,0x0000080c
EQ,256,57,normal,OK,9459,12345,7,2,0,17449,0x0000080c
EQ,256,58,normal,OK,8225,12345,5,4,0,28955,0x0000080c
EQ,256,59,normal,OK,4389,12345,6,5,0,41881,0x0000080c
EQ,256,60,normal,OK,11343,12345,9,10,0,66872,0x0000080c
EQ,256,61,normal,OK,12329,12345,11,17,0,92881,0x0000080c
EQ,256,62,normal,OK,5666,12345,10,13,0,68610,0x0000080c
EQ,256,63,normal,OK,14388,12345,10,11,0,67890,0x0000080c
EQ,256,64,normal,OK,3410,12345,8,4,0,31143,0x0000080c
EQ,256,65,normal,OK,10195,12345,6,3,0,29404,0x0000080c
EQ,256,66,normal,OK,1133,12345,6,2,0,29169,0x0000080c
EQ,256,67,normal,OK,5270,12345,10,10,0,56884,0x0000080c
EQ,256,68,normal,OK,8996,12345,8,6,0,42913,0x0000080c
EQ,256,69,normal,OK,15374,12345,7,3,0,30530,0x0000080c
EQ,256,70,normal,OK,2789,12345,4,3,0,15241,0x0000080c
EQ,256,71,normal,OK,15233,12345,8,6,0,54861,0x0000080c
EQ,256,72,normal,OK,1859,12345,7,4,0,30281,0x0000080c
EQ,256,73,normal,OK,9230,12345,7,6,0,42409,0x0000080c
EQ,256,74,normal,OK,2442,12345,6,2,0,29542,0x0000080c
EQ,256,75,normal,OK,14410,12345,2,1,0,14236,0x0000080c
EQ,256,76,normal,OK,13239,12345,9,10,0,67302,0x0000080c
EQ,256,77,normal,OK,9230,12345,7,5,0,41755,0x0000080c
EQ,256,78,normal,OK,3237,12345,2,1,0,13802,0x0000080c
EQ,256,79,normal,OK,11111,12345,2,1,0,13989,0x0000080c
EQ,256,80,normal,OK,8089,12345,10,10,0,67913,0x0000080c
EQ,256,81,normal,OK,9492,12345,6,4,0,29167,0x0000080c
EQ,256,82,normal,OK,14992,12345,3,1,0,15312,0x0000080c
EQ,256,83,normal,OK,15859,12345,3,2,0,15130,0x0000080c
EQ,256,84,normal,OK,10082,12345,6,4,0,16976,0x0000080c
EQ,256,85,normal,OK,8851,12345,9,10,0,55842,0x0000080c
EQ,256,86,normal,OK,10812,12345,11,13,0,81626,0x0000080c
EQ,256,87,normal,OK,6247,12345,12,15,0,70501,0x0000080c
EQ,256,88,normal,OK,1038,12345,6,3,0,17111,0x0000080c
EQ,256,89,normal,OK,10532,12345,10,13,0,45381,0x0000080c
EQ,256,90,normal,OK,15943,12345,13,12,0,72513,0x0000080c
EQ,256,91,normal,OK,9960,12345,4,1,0,15928,0x0000080c
EQ,256,92,normal,OK,8081,12345,4,1,0,16342,0x0000080c
EQ,256,93,normal,OK,12684,12345,10,14,0,43915,0x0000080c
EQ,256,94,normal,OK,2888,12345,7,3,0,29708,0x0000080c
EQ,256,95,normal,OK,2852,12345,9,7,0,55994,0x0000080c
EQ,256,96,normal,OK,1456,12345,4,2,0,27312,0x0000080c
EQ,256,97,normal,OK,13286,12345,6,3,0,17371,0x0000080c
EQ,256,98,normal,OK,10964,12345,2,1,0,13973,0x0000080c
EQ,256,99,normal,OK,2852,12345,5,2,0,28572,0x0000080c
RANGE,1,0,normal,OK,16227,-1474,21,119,38,679162,0x0000080c
RANGE,1,1,normal,OK,16227,-1474,25,259,41,731959,0x0000080c
RANGE,1,2,normal,OK,16227,-1474,14,34,0,94681,0x0000080c
RANGE,1,3,normal,OK,16227,-1474,9,8,0,43894,0x0000080c
RANGE,1,4,normal,OK,16227,-1474,28,417,0,272356,0x0000080c
RANGE,1,5,normal,OK,16227,-1474,27,221,0,235064,0x0000080c
RANGE,1,6,normal,OK,16227,-1474,25,258,0,245990,0x0000080c
RANGE,1,7,normal,OK,16227,-1474,27,351,0,271896,0x0000080c
RANGE,1,8,normal,OK,16227,-1474,20,93,0,171606,0x0000080c
RANGE,1,9,normal,OK,16227,-1474,25,189,0,189379,0x0000080c
RANGE,1,10,normal,OK,16227,-1474,28,357,19,513705,0x0000080c
RANGE,1,11,normal,OK,16227,-1474,22,152,0,184104,0x0000080c
RANGE,1,12,normal,OK,16227,-1474,19,51,0,158258,0x0000080c
RANGE,1,13,normal,OK,16227,-1474,22,128,0,175189,0x0000080c
RANGE,1,14,normal,OK,16227,-1474,24,171,0,211236,0x0000080c
RANGE,1,15,normal,OK,16227,-1474,13,18,0,71389,0x0000080c
RANGE,1,16,normal,OK,16227,-1474,19,80,0,135281,0x0000080c
RANGE,1,17,normal,OK,16227,-1474,28,359,14,459544,0x0000088c
RANGE,1,18,normal,OK,16227,-1474,24,216,0,211521,0x0000080c
RANGE,1,19,normal,OK,16227,-1474,21,82,0,172778,0x0000080c
RANGE,1,20,normal,OK,16227,-1474,26,213,0,214393,0x0000080c
RANGE,1,21,normal,OK,16227,-1474,27,295,0,212396,0x0000080c
RANGE,1,22,normal,OK,16227,-1474,22,117,0,196439,0x0000080c
RANGE,1,23,normal,OK,16227,-1474,10,13,0,69950,0x0000080c
RANGE,1,24,normal,OK,16227,-1474,24,291,0,256634,0x0000080c
RANGE,1,25,normal,OK,16227,-1474,19,77,0,170315,0x0000080c
RANGE,1,26,normal,OK,16227,-1474,23,140,0,184249,0x0000080c
RANGE,1,27,normal,OK,16227,-1474,7,6,0,30055,0x0000080c
RANGE,1,28,normal,OK,16227,-1474,21,89,0,196933,0x0000080c
RANGE,1,29,normal,OK,16227,-1474,23,211,0,196898,0x0000080c
RANGE,1,30,normal,OK,16227,-1474,20,80,0,147456,0x0000080c
RANGE,1,31,normal,OK,16227,-1474,21,106,0,207954,0x0000080c
RANGE,1,32,normal,OK,16227,-1474,27,325,0,224791,0x0000080c
RANGE,1,33,normal,OK,16227,-1474,21,127,0,182595,0x0000080c
RANGE,1,34,normal,OK,16227,-1474,22,129,0,208473,0x0000080c
RANGE,1,35,normal,OK,16227,-1474,22,146,0,175061,0x0000080c
RANGE,1,36,normal,OK,16227,-1474,17,47,0,122558,0x0000080c
RANGE,1,37,normal,OK,16227,-1474,22,142,0,221069,0x0000080c
RANGE,1,38,normal,OK,16227,-1474,27,319,0,272807,0x0000080c
RANGE,1,39,normal,OK,16227,-1474,18,71,0,147682,0x0000080c
RANGE,1,40,normal,OK,16227,-1474,24,170,0,221122,0x0000080c
RANGE,1,41,normal,OK,16227,-1474,25,258,0,245992,0x0000080c
RANGE,1,42,normal,OK,16227,-1474,24,245,0,211447,0x0000080c
RANGE,1,43,normal,OK,16227,-1474,21,141,0,208522,0x0000080c
RANGE,1,44,normal,OK,16227,-1474,24,167,0,209534,0x0000080c
RANGE,1,45,normal,OK,16227,-1474,24,245,0,209919,0x0000080c
RANGE,1,46,normal,OK,16227,-1474,25,235,0,234493,0x0000080c
RANGE,1,47,normal,OK,16227,-1474,23,189,0,197122,0x0000080c
RANGE,1,48,normal,OK,16227,-1474,22,95,0,152263,0x0000080c
RANGE,1,49,normal,OK,16227,-1474,22,108,0,162970,0x0000080c
RANGE,1,50,normal,OK,16227,-1474,22,105,0,173012,0x0000080c
RANGE,1,51,normal,OK,16227,-1474,15,37,0,142719,0x0000080c
RANGE,1,52,normal,OK,16227,-1474,19,87,0,172100,0x0000080c
RANGE,1,53,normal,OK,16227,-1474,21,115,0,197152,0x0000080c
RANGE,1,54,normal,OK,16227,-1474,24,217,0,234217,0x0000080c
RANGE,1,55,normal,OK,16227,-1474,23,124,0,233261,0x0000080c
RANGE,1,56,normal,OK,16227,-1474,24,207,0,211117,0x0000080c
RANGE,1,57,normal,OK,16227,-1474,21,126,0,159289,0x0000080c
RANGE,1,58,normal,OK,16227,-1474,22,128,0,221428,0x0000080c
RANGE,1,59,normal,OK,16227,-1474,20,86,0,172744,0x0000080c
RANGE,1,60,normal,OK,16227,-1474,23,217,0,232682,0x0000080c
RANGE,1,61,normal,OK,16227,-1474,17,47,0,146454,0x0000080c
RANGE,1,62,normal,OK,16227,-1474,25,256,0,234689,0x0000080c
RANGE,1,63,normal,OK,16227,-1474,20,86,0,195424,0x0000080c
RANGE,1,64,normal,OK,16227,-1474,27,246,0,245706,0x0000080c
RANGE,1,65,normal,OK,16227,-1474,23,131,0,174560,0x0000080c
RANGE,1,66,normal,OK,16227,-1474,19,90,0,146791,0x0000080c
RANGE,1,67,normal,OK,16227,-1474,24,153,0,211781,0x0000080c
RANGE,1,68,normal,OK,16227,-1474,27,333,0,225896,0x0000080c
RANGE,1,69,normal,OK,16227,-1474,25,221,0,234304,0x0000080c
RANGE,1,70,normal,OK,16227,-1474,23,119,0,196303,0x0000080c
RANGE,1,71,normal,OK,16227,-1474,23,161,0,198736,0x0000080c
RANGE,1,72,normal,OK,16227,-1474,22,176,0,207623,0x0000080c
RANGE,1,73,normal,OK,16227,-1474,25,248,0,224555,0x0000080c
RANGE,1,74,normal,OK,16227,-1474,21,145,0,171633,0x0000080c
RANGE,1,75,normal,OK,16227,-1474,19,95,0,158962,0x0000080c
RANGE,1,76,normal,OK,16227,-1474,26,256,0,270967,0x0000080c
RANGE,1,77,normal,OK,16227,-1474,19,90,0,170160,0x0000080c
RANGE,1,78,normal,OK,16227,-1474,25,177,0,246314,0x0000080c
RANGE,1,79,normal,OK,16227,-1474,27,314,0,272921,0x0000080c
RANGE,1,80,normal,OK,16227,-1474,24,175,0,221855,0x0000080c
RANGE,1,81,normal,OK,16227,-1474,29,362,0,248957,0x0000080c
RANGE,1,82,normal,OK,16227,-1474,22,136,0,184721,0x0000080c
RANGE,1,83,normal,OK,16227,-1474,19,79,0,160544,0x0000080c
RANGE,1,84,normal,OK,16227,-1474,22,163,0,208678,0x0000080c
RANGE,1,85,normal,OK,16227,-1474,21,129,0,184960,0x0000080c
RANGE,1,86,normal,OK,16227,-1474,22,109,0,198609,0x0000080c
RANGE,1,87,normal,OK,16227,-1474,17,54,0,134024,0x0000080c
RANGE,1,88,normal,OK,16227,-1474,22,115,0,184471,0x0000080c
RANGE,1,89,normal,OK,16227,-1474,23,150,0,186860,0x0000080c
RANGE,1,90,normal,OK,16227,-1474,13,12,0,72502,0x0000080c
RANGE,1,91,normal,OK,16227,-1474,26,241,0,236098,0x0000080c
RANGE,1,92,normal,OK,16227,-1474,26,354,0,247009,0x0000080c
RANGE,1,93,normal,OK,16227,-1474,27,294,0,224917,0x0000080c
RANGE,1,94,normal,OK,16227,-1474,26,229,0,236022,0x0000080c
RANGE,1,95,normal,OK,16227,-1474,25,214,0,222835,0x0000080c
RANGE,1,96,normal,OK,16227,-1474,24,183,0,197780,0x0000080c
RANGE,1,97,normal,OK,16227,-1474,19,69,0,147295,0x0000080c
RANGE,1,98,normal,OK,16227,-1474,22,153,0,208262,0x0000080c
RANGE,1,99,normal,OK,16227,-1474,27,263,1,261822,0x0000080c
RANGE,4,0,normal,OK,4728,-2771,20,81,16,373636,0x0000080c
RANGE,4,1,normal,OK,4728,-2771,19,56,0,123157,0x0000080c
RANGE,4,2,normal,OK,16227,-1474,17,56,0,121320,0x0000080c
RANGE,4,3,normal,OK,16227,-1474,9,8,0,43866,0x0000080c
RANGE,4,4,normal,OK,9777,2203,20,108,14,357226,0x0000080c
RANGE,4,5,normal,OK,4728,-2771,22,136,10,304976,0x0000080c
RANGE,4,6,normal,OK,12345,2314,18,90,0,157424,0x0000080c
RANGE,4,7,normal,OK,4728,-2771,21,112,0,196316,0x0000080c
RANGE,4,8,normal,OK,16227,-1474,20,93,0,171298,0x0000080c
RANGE,4,9,normal,OK,9777,2203,17,40,0,99769,0x0000080c
RANGE,4,10,normal,OK,12345,2314,16,44,0,121003,0x0000080c
RANGE,4,11,normal,OK,9777,2203,21,108,0,172118,0x0000080c
RANGE,4,12,normal,OK,16227,-1474,19,51,0,158275,0x0000080c
RANGE,4,13,normal,OK,4728,-2771,21,88,0,162221,0x0000080c
RANGE,4,14,normal,OK,4728,-2771,19,71,0,147431,0x0000080c
RANGE,4,15,normal,OK,9777,2203,16,39,0,109486,0x0000080c
RANGE,4,16,normal,OK,9777,2203,14,35,0,83537,0x0000080c
RANGE,4,17,normal,OK,4728,-2771,21,91,0,184978,0x0000080c
RANGE,4,18,normal,OK,4728,-2771,23,151,0,198278,0x0000080c
RANGE,4,19,normal,OK,4728,-2771,11,16,0,69277,0x0000080c
RANGE,4,20,normal,OK,9777,2203,15,33,0,108583,0x0000080c
RANGE,4,21,normal,OK,9777,2203,16,38,0,96921,0x0000080c
RANGE,4,22,normal,OK,12345,2314,24,178,8,329009,0x0000080c
RANGE,4,23,normal,OK,16227,-1474,10,13,0,69943,0x0000080c
RANGE,4,24,normal,OK,12345,2314,19,93,0,193456,0x0000080c
RANGE,4,25,normal,OK,16227,-1474,18,55,0,157938,0x0000080c
RANGE,4,26,normal,OK,4728,-2771,15,29,0,94918,0x0000080c
RANGE,4,27,normal,OK,16227,-1474,7,6,0,30059,0x0000080c
RANGE,4,28,normal,OK,12345,2314,21,89,0,196805,0x0000080c
RANGE,4,29,normal,OK,4728,-2771,18,62,0,133550,0x0000080c
RANGE,4,30,normal,OK,16227,-1474,17,38,0,121242,0x0000080c
RANGE,4,31,normal,OK,16227,-1474,21,106,0,207806,0x0000080c
RANGE,4,32,normal,OK,4728,-2771,12,18,0,69954,0x0000080c
RANGE,4,33,normal,OK,4728,-2771,16,41,0,119423,0x0000080c
RANGE,4,34,normal,OK,4728,-2771,21,110,0,195432,0x0000080c
RANGE,4,35,normal,OK,12345,2314,19,98,0,137193,0x0000080c
RANGE,4,36,normal,OK,9777,2203,24,229,1,200251,0x0000080c
RANGE,4,37,normal,OK,9777,2203,13,17,0,106995,0x0000080c
RANGE,4,38,normal,OK,12345,2314,13,31,0,117913,0x0000080c
RANGE,4,39,normal,OK,9777,2203,18,71,0,147541,0x0000080c
RANGE,4,40,normal,OK,12345,2314,21,90,0,183117,0x0000080c
RANGE,4,41,normal,OK,12345,2314,17,61,0,145024,0x0000080c
RANGE,4,42,normal,OK,16227,-1474,23,190,0,198587,0x0000080c
RANGE,4,43,normal,OK,4728,-2771,21,141,0,208292,0x0000080c
RANGE,4,44,normal,OK,9777,2203,18,58,0,145597,0x0000080c
RANGE,4,45,normal,OK,4728,-2771,20,102,0,159428,0x0000080c
RANGE,4,46,normal,OK,4728,-2771,23,126,0,208865,0x0000080c
RANGE,4,47,normal,OK,12345,2314,19,76,0,146266,0x0000080c
RANGE,4,48,normal,OK,4728,-2771,17,27,0,100275,0x0000080c
RANGE,4,49,normal,OK,9777,2203,15,32,0,85847,0x0000080c
RANGE,4,50,normal,OK,12345,2314,16,32,0,97285,0x0000080c
RANGE,4,51,normal,OK,9777,2203,20,88,0,205490,0x0000080c
RANGE,4,52,normal,OK,16227,-1474,16,43,0,133902,0x0000080c
RANGE,4,53,normal,OK,12345,2314,18,49,0,159108,0x0000080c
RANGE,4,54,normal,OK,4728,-2771,17,61,0,156490,0x0000080c
RANGE,4,55,normal,OK,9777,2203,18,51,0,181688,0x0000080c
RANGE,4,56,normal,OK,9777,2203,21,86,0,172895,0x0000080c
RANGE,4,57,normal,OK,4728,-2771,20,97,0,145794,0x0000080c
RANGE,4,58,normal,OK,12345,2314,22,128,0,221266,0x0000080c
RANGE,4,59,normal,OK,4728,-2771,20,86,0,172914,0x0000080c
RANGE,4,60,normal,OK,4728,-2771,8,6,0,54217,0x0000080c
RANGE,4,61,normal,OK,4728,-2771,22,123,0,209700,0x0000080c
RANGE,4,62,normal,OK,12345,2314,22,120,0,197302,0x0000080c
RANGE,4,63,normal,OK,9777,2203,20,86,0,195377,0x0000080c
RANGE,4,64,normal,OK,12345,2314,16,32,0,107985,0x0000080c
RANGE,4,65,normal,OK,4728,-2771,20,45,0,136361,0x0000080c
RANGE,4,66,normal,OK,9777,2203,15,45,0,95910,0x0000080c
RANGE,4,67,normal,OK,9777,2203,22,105,0,186166,0x0000080c
RANGE,4,68,normal,OK,9777,2203,22,110,0,162270,0x0000080c
RANGE,4,69,normal,OK,9777,2203,21,81,0,183703,0x0000080c
RANGE,4,70,normal,OK,16227,-1474,24,133,0,209325,0x0000080c
RANGE,4,71,normal,OK,16227,-1474,21,87,0,185446,0x0000080c
RANGE,4,72,normal,OK,12345,2314,19,92,0,169765,0x0000080c
RANGE,4,73,normal,OK,9777,2203,14,24,0,96582,0x0000080c
RANGE,4,74,normal,OK,4728,-2771,17,64,0,121106,0x0000080c
RANGE,4,75,normal,OK,4728,-2771,17,62,0,133267,0x0000080c
RANGE,4,76,normal,OK,9777,2203,20,76,0,194998,0x0000080c
RANGE,4,77,normal,OK,4728,-2771,19,90,0,169340,0x0000080c
RANGE,4,78,normal,OK,4728,-2771,14,25,0,107469,0x0000080c
RANGE,4,79,normal,OK,4728,-2771,14,27,0,119587,0x0000080c
RANGE,4,80,normal,OK,16227,-1474,21,89,0,183966,0x0000080c
RANGE,4,81,normal,OK,4728,-2771,18,79,0,121928,0x0000080c
RANGE,4,82,normal,OK,16227,-1474,21,121,0,171919,0x0000080c
RANGE,4,83,normal,OK,16227,-1474,20,110,0,172873,0x0000080c
RANGE,4,84,normal,OK,16227,-1474,20,107,0,183410,0x0000080c
RANGE,4,85,normal,OK,16227,-1474,18,44,0,146688,0x0000080c
RANGE,4,86,normal,OK,4728,-2771,23,136,0,211177,0x0000080c
RANGE,4,87,normal,OK,16227,-1474,15,33,0,108413,0x0000080c
RANGE,4,88,normal,OK,12345,2314,10,10,0,56795,0x0000080c
RANGE,4,89,normal,OK,12345,2314,21,91,0,161410,0x0000080c
RANGE,4,90,normal,OK,16227,-1474,13,12,0,72507,0x0000080c
RANGE,4,91,normal,OK,16227,-1474,22,121,0,185504,0x0000080c
RANGE,4,92,normal,OK,9777,2203,18,55,0,145959,0x0000080c
RANGE,4,93,normal,OK,9777,2203,18,71,0,122400,0x0000080c
RANGE,4,94,normal,OK,16227,-1474,13,21,0,83254,0x0000080c
RANGE,4,95,normal,OK,12345,2314,21,100,0,172348,0x0000080c
RANGE,4,96,normal,OK,9777,2203,16,31,0,96618,0x0000080c
RANGE,4,97,normal,OK,4728,-2771,22,124,0,185477,0x0000080c
RANGE,4,98,normal,OK,12345,2314,19,82,0,170287,0x0000080c
RANGE,4,99,normal,OK,9777,2203,16,42,0,121333,0x0000080c
RANGE,16,0,normal,OK,4554,4061,20,81,16,373588,0x0000080c
RANGE,16,1,normal,OK,13446,-543,11,9,0,44921,0x0000080c
RANGE,16,2,normal,OK,16227,-1474,14,34,0,94681,0x0000080c
RANGE,16,3,normal,OK,16227,-1474,9,8,0,43892,0x0000080c
RANGE,16,4,normal,OK,5449,-2943,17,59,0,133422,0x0000080c
RANGE,16,5,normal,OK,12345,2314,18,40,0,121749,0x0000080c
RANGE,16,6,normal,OK,1208,-1015,15,42,0,119427,0x0000080c
RANGE,16,7,normal,OK,6787,-1136,19,67,0,170697,0x0000080c
RANGE,16,8,normal,OK,12995,-628,15,40,0,108418,0x0000080c
RANGE,16,9,normal,OK,3663,-4027,11,14,0,46443,0x0000080c
RANGE,16,10,normal,OK,4554,4061,20,93,12,308110,0x0000080c
RANGE,16,11,normal,OK,1208,-1015,15,41,0,107576,0x0000080c
RANGE,16,12,normal,OK,645,768,18,42,0,145381,0x0000080c
RANGE,16,13,normal,OK,6787,-1136,17,61,0,122326,0x0000080c
RANGE,16,14,normal,OK,15376,-614,16,45,0,109641,0x0000080c
RANGE,16,15,normal,OK,9777,2203,16,39,0,109436,0x0000080c
RANGE,16,16,normal,OK,9777,2203,14,35,0,83564,0x0000080c
RANGE,16,17,normal,OK,13446,-543,15,30,0,109437,0x0000080c
RANGE,16,18,normal,OK,13981,-1174,17,55,0,122645,0x0000080c
RANGE,16,19,normal,OK,13981,-1174,7,3,0,30595,0x0000080c
RANGE,16,20,normal,OK,12995,-628,15,33,0,108652,0x0000080c
RANGE,16,21,normal,OK,6787,-1136,12,12,0,57561,0x0000080c
RANGE,16,22,normal,OK,9998,-1243,12,18,0,92862,0x0000080c
RANGE,16,23,normal,OK,9270,2094,12,21,0,95532,0x0000080c
RANGE,16,24,normal,OK,12995,-628,12,28,0,104398,0x0000080c
RANGE,16,25,normal,OK,15376,-614,18,55,0,157443,0x0000080c
RANGE,16,26,normal,OK,5449,-2943,15,29,0,94917,0x0000080c
RANGE,16,27,normal,OK,4728,-2771,14,32,0,94806,0x0000080c
RANGE,16,28,normal,OK,5449,-2943,11,17,0,92969,0x0000080c
RANGE,16,29,normal,OK,4728,-2771,18,62,0,133525,0x0000080c
RANGE,16,30,normal,OK,3663,-4027,19,63,0,134652,0x0000080c
RANGE,16,31,normal,OK,3663,-4027,14,35,0,119962,0x0000080c
RANGE,16,32,normal,OK,12995,-628,7,4,0,29972,0x0000080c
RANGE,16,33,normal,OK,1208,-1015,8,8,0,53863,0x0000080c
RANGE,16,34,normal,OK,645,768,9,12,0,67359,0x0000080c
RANGE,16,35,normal,OK,16227,-1474,17,57,0,111429,0x0000080c
RANGE,16,36,normal,OK,16227,-1474,17,47,0,122552,0x0000080c
RANGE,16,37,normal,OK,9270,2094,16,28,0,144924,0x0000080c
RANGE,16,38,normal,OK,1208,-1015,17,70,0,157495,0x0000080c
RANGE,16,39,normal,OK,1208,-1015,15,31,0,109431,0x0000080c
RANGE,16,40,normal,OK,1208,-1015,15,28,0,107781,0x0000080c
RANGE,16,41,normal,OK,4554,4061,17,61,0,144871,0x0000080c
RANGE,16,42,normal,OK,15376,-614,15,34,0,109199,0x0000080c
RANGE,16,43,normal,OK,13446,-543,14,33,0,131725,0x0000080c
RANGE,16,44,normal,OK,4554,4061,12,13,0,81687,0x0000080c
RANGE,16,45,normal,OK,6787,-1136,9,10,0,67126,0x0000080c
RANGE,16,46,normal,OK,6787,-1136,9,10,0,55392,0x0000080c
RANGE,16,47,normal,OK,1208,-1015,16,42,0,108082,0x0000080c
RANGE,16,48,normal,OK,15376,-614,13,13,0,60792,0x0000080c
RANGE,16,49,normal,OK,12345,2314,4,1,0,15509,0x0000080c
RANGE,16,50,normal,OK,9998,-1243,18,48,0,122439,0x0000080c
RANGE,16,51,normal,OK,16227,-1474,15,37,0,142726,0x0000080c
RANGE,16,52,normal,OK,13446,-543,11,9,0,70484,0x0000080c
RANGE,16,53,normal,OK,9270,2094,20,77,0,184279,0x0000080c
RANGE,16,54,normal,OK,3663,-4027,11,22,0,80488,0x0000080c
RANGE,16,55,normal,OK,5449,-2943,13,22,0,118381,0x0000080c
RANGE,16,56,normal,OK,645,768,8,7,0,42870,0x0000080c
RANGE,16,57,normal,OK,12995,-628,15,38,0,83290,0x0000080c
RANGE,16,58,normal,OK,13981,-1174,9,7,0,56840,0x0000080c
RANGE,16,59,normal,OK,9777,2203,16,49,0,133437,0x0000080c
RANGE,16,60,normal,OK,4728,-2771,8,6,0,54225,0x0000080c
RANGE,16,61,normal,OK,15376,-614,15,34,0,132209,0x0000080c
RANGE,16,62,normal,OK,645,768,17,52,0,133671,0x0000080c
RANGE,16,63,normal,OK,15376,-614,13,24,0,106369,0x0000080c
RANGE,16,64,normal,OK,4728,-2771,18,52,0,132941,0x0000080c
RANGE,16,65,normal,OK,4728,-2771,20,45,0,136322,0x0000080c
RANGE,16,66,normal,OK,645,768,15,45,0,95665,0x0000080c
RANGE,16,67,normal,OK,1208,-1015,11,15,0,69285,0x0000080c
RANGE,16,68,normal,OK,12995,-628,11,18,0,69480,0x0000080c
RANGE,16,69,normal,OK,6787,-1136,17,36,0,133228,0x0000080c
RANGE,16,70,normal,OK,4554,4061,9,10,0,55283,0x0000080c
RANGE,16,71,normal,OK,6787,-1136,20,70,0,172177,0x0000080c
RANGE,16,72,normal,OK,645,768,17,51,0,144740,0x0000080c
RANGE,16,73,normal,OK,13446,-543,11,15,0,70653,0x0000080c
RANGE,16,74,normal,OK,1208,-1015,16,48,0,108550,0x0000080c
RANGE,16,75,normal,OK,15376,-614,14,31,0,95754,0x0000080c
RANGE,16,76,normal,OK,13981,-1174,9,10,0,67390,0x0000080c
RANGE,16,77,normal,OK,9998,-1243,18,67,0,157300,0x0000080c
RANGE,16,78,normal,OK,4728,-2771,14,25,0,107381,0x0000080c
RANGE,16,79,normal,OK,4728,-2771,14,27,0,119523,0x0000080c
RANGE,16,80,normal,OK,9777,2203,18,63,0,156888,0x0000080c
RANGE,16,81,normal,OK,3663,-4027,15,44,0,95776,0x0000080c
RANGE,16,82,normal,OK,9777,2203,20,84,0,159055,0x0000080c
RANGE,16,83,normal,OK,15376,-614,14,23,0,97255,0x0000080c
RANGE,16,84,normal,OK,5449,-2943,12,23,0,93412,0x0000080c
RANGE,16,85,normal,OK,12345,2314,19,67,0,159376,0x0000080c
RANGE,16,86,normal,OK,13981,-1174,19,62,0,160605,0x0000080c
RANGE,16,87,normal,OK,6787,-1136,12,15,0,70514,0x0000080c
RANGE,16,88,normal,OK,12345,2314,16,48,0,120034,0x0000080c
RANGE,16,89,normal,OK,645,768,16,41,0,109296,0x0000080c
RANGE,16,90,normal,OK,16227,-1474,13,12,0,72540,0x0000080c
RANGE,16,91,normal,OK,3663,-4027,18,75,0,135105,0x0000080c
RANGE,16,92,normal,OK,9777,2203,18,55,0,145924,0x0000080c
RANGE,16,93,normal,OK,6787,-1136,15,45,0,95862,0x0000080c
RANGE,16,94,normal,OK,645,768,18,62,0,145636,0x0000080c
RANGE,16,95,normal,OK,12995,-628,5,4,0,28723,0x0000080c
RANGE,16,96,normal,OK,13446,-543,14,21,0,83258,0x0000080c
RANGE,16,97,normal,OK,6787,-1136,11,11,0,57688,0x0000080c
RANGE,16,98,normal,OK,1208,-1015,12,17,0,93593,0x0000080c
RANGE,16,99,normal,OK,4554,4061,19,70,0,158944,0x0000080c
RANGE,64,0,normal,OK,6171,1345,14,22,5,163610,0x0000080c
RANGE,64,1,normal,OK,13589,-734,11,9,0,44977,0x0000080c
RANGE,64,2,normal,OK,16227,-1474,14,34,4,147835,0x0000080c
RANGE,64,3,normal,OK,16227,-1474,9,8,0,43888,0x0000080c
RANGE,64,4,normal,OK,3669,3592,13,21,0,82991,0x0000080c
RANGE,64,5,normal,OK,11383,3702,15,18,0,83734,0x0000080c
RANGE,64,6,normal,OK,4695,-731,15,42,3,159447,0x0000080c
RANGE,64,7,normal,OK,15073,-866,8,8,0,54876,0x0000080c
RANGE,64,8,normal,OK,12995,-628,10,8,0,57078,0x0000080c
RANGE,64,9,normal,OK,8166,2259,10,9,0,33935,0x0000080c
RANGE,64,10,normal,OK,8771,-3801,5,4,0,28587,0x0000080c
RANGE,64,11,normal,OK,1236,1692,12,19,0,81744,0x0000080c
RANGE,64,12,normal,OK,318,626,14,20,0,95462,0x0000080c
RANGE,64,13,normal,OK,13135,465,7,7,0,30099,0x0000080c
RANGE,64,14,normal,OK,14698,-2746,12,19,0,70426,0x0000080c
RANGE,64,15,normal,OK,16151,-1400,13,18,0,71400,0x0000080c
RANGE,64,16,normal,OK,12560,207,13,30,0,70920,0x0000080c
RANGE,64,17,normal,OK,13599,-583,15,30,0,109481,0x0000080c
RANGE,64,18,normal,OK,13981,-1174,13,18,0,71613,0x0000080c
RANGE,64,19,normal,OK,13981,-1174,8,4,0,43427,0x0000080c
RANGE,64,20,normal,OK,6855,-2726,9,9,0,56495,0x0000080c
RANGE,64,21,normal,OK,3675,78,14,23,0,82819,0x0000080c
RANGE,64,22,normal,OK,14698,-2746,11,13,0,80134,0x0000080c
RANGE,64,23,normal,OK,6787,-1136,5,4,0,28973,0x0000080c
RANGE,64,24,normal,OK,8431,1225,11,21,0,91641,0x0000080c
RANGE,64,25,normal,OK,15678,3772,16,38,0,132166,0x0000080c
RANGE,64,26,normal,OK,1111,3018,7,3,0,29326,0x0000080c
RANGE,64,27,normal,OK,6787,-1136,12,17,0,69557,0x0000080c
RANGE,64,28,normal,OK,12495,-3747,5,4,0,40846,0x0000080c
RANGE,64,29,normal,OK,1691,-1050,3,1,0,14720,0x0000080c
RANGE,64,30,normal,OK,4475,-1764,7,3,0,30121,0x0000080c
RANGE,64,31,normal,OK,318,626,11,19,0,93415,0x0000080c
RANGE,64,32,normal,OK,11383,3702,16,35,0,97455,0x0000080c
RANGE,64,33,normal,OK,8166,2259,8,8,0,54058,0x0000080c
RANGE,64,34,normal,OK,318,626,5,3,0,28396,0x0000080c
RANGE,64,35,normal,OK,12495,-3747,15,30,0,86154,0x0000080c
RANGE,64,36,normal,OK,6855,-2726,14,23,0,84578,0x0000080c
RANGE,64,37,normal,OK,13446,-543,4,2,0,27700,0x0000080c
RANGE,64,38,normal,OK,15073,-866,5,4,0,29165,0x0000080c
RANGE,64,39,normal,OK,6855,-2726,2,1,0,13679,0x0000080c
RANGE,64,40,normal,OK,8166,2259,11,14,0,69039,0x0000080c
RANGE,64,41,normal,OK,645,768,14,29,0,107388,0x0000080c
RANGE,64,42,normal,OK,6787,-1136,11,12,0,69476,0x0000080c
RANGE,64,43,normal,OK,12345,2314,10,12,0,80941,0x0000080c
RANGE,64,44,normal,OK,4299,-3541,12,13,0,81646,0x0000080c
RANGE,64,45,normal,OK,8166,2259,11,14,0,80947,0x0000080c
RANGE,64,46,normal,OK,12995,-628,13,28,0,95135,0x0000080c
RANGE,64,47,normal,OK,6075,-3833,15,30,0,107609,0x0000080c
RANGE,64,48,normal,OK,4299,-3541,17,27,0,100285,0x0000080c
RANGE,64,49,normal,OK,5193,2575,14,27,0,84961,0x0000080c
RANGE,64,50,normal,OK,4554,4061,6,3,0,28915,0x0000080c
RANGE,64,51,normal,OK,14356,-58,8,10,0,66272,0x0000080c
RANGE,64,52,normal,OK,4728,-2771,8,5,0,44303,0x0000080c
RANGE,64,53,normal,OK,16227,-1474,2,1,0,13970,0x0000080c
RANGE,64,54,normal,OK,14356,-58,9,13,0,67156,0x0000080c
RANGE,64,55,normal,OK,13446,-543,9,11,0,79829,0x0000080c
RANGE,64,56,normal,OK,9998,-1243,14,15,0,84487,0x0000080c
RANGE,64,57,normal,OK,4100,1363,12,15,0,45283,0x0000080c
RANGE,64,58,normal,OK,3669,3592,10,11,0,69286,0x0000080c
RANGE,64,59,normal,OK,4554,4061,6,5,0,41882,0x0000080c
RANGE,64,60,normal,OK,4695,-731,8,6,0,54221,0x0000080c
RANGE,64,61,normal,OK,13222,-1247,10,13,0,80328,0x0000080c
RANGE,64,62,normal,OK,5959,-2036,10,13,0,68648,0x0000080c
RANGE,64,63,normal,OK,14134,227,14,34,0,119195,0x0000080c
RANGE,64,64,normal,OK,3669,3592,8,4,0,31138,0x0000080c
RANGE,64,65,normal,OK,7089,3669,16,39,0,108614,0x0000080c
RANGE,64,66,normal,OK,1835,477,10,7,0,44635,0x0000080c
RANGE,64,67,normal,OK,5449,-2943,10,10,0,56876,0x0000080c
RANGE,64,68,normal,OK,5193,2575,6,3,0,29418,0x0000080c
RANGE,64,69,normal,OK,8771,-3801,15,23,0,108204,0x0000080c
RANGE,64,70,normal,OK,5193,2575,8,7,0,42782,0x0000080c
RANGE,64,71,normal,OK,3669,3592,16,27,0,121734,0x0000080c
RANGE,64,72,normal,OK,2272,-2760,9,10,0,55140,0x0000080c
RANGE,64,73,normal,OK,13135,465,5,4,0,28311,0x0000080c
RANGE,64,74,normal,OK,12299,1447,15,35,0,96187,0x0000080c
RANGE,64,75,normal,OK,883,-3821,10,12,0,57122,0x0000080c
RANGE,64,76,normal,OK,14084,1681,9,10,0,67347,0x0000080c
RANGE,64,77,normal,OK,3428,-3946,9,10,0,66629,0x0000080c
RANGE,64,78,normal,OK,4299,-3541,14,25,0,107452,0x0000080c
RANGE,64,79,normal,OK,1236,1692,8,8,0,54765,0x0000080c
RANGE,64,80,normal,OK,8431,1225,10,10,0,67950,0x0000080c
RANGE,64,81,normal,OK,1835,477,13,28,0,70028,0x0000080c
RANGE,64,82,normal,OK,12495,-3747,12,18,0,58783,0x0000080c
RANGE,64,83,normal,OK,6075,-3833,14,23,0,97488,0x0000080c
RANGE,64,84,normal,OK,15073,-866,9,11,0,55447,0x0000080c
RANGE,64,85,normal,OK,15678,3772,12,21,0,82256,0x0000080c
RANGE,64,86,normal,OK,1111,3018,12,19,0,94035,0x0000080c
RANGE,64,87,normal,OK,12345,2314,13,23,0,83321,0x0000080c
RANGE,64,88,normal,OK,318,626,12,19,0,69857,0x0000080c
RANGE,64,89,normal,OK,698,-2344,13,19,0,71662,0x0000080c
RANGE,64,90,normal,OK,9777,2203,14,19,0,85231,0x0000080c
RANGE,64,91,normal,OK,2272,-2760,15,24,0,97464,0x0000080c
RANGE,64,92,normal,OK,6075,-3833,11,13,0,57833,0x0000080c
RANGE,64,93,normal,OK,4299,-3541,12,25,0,69463,0x0000080c
RANGE,64,94,normal,OK,883,-3821,13,21,0,82817,0x0000080c
RANGE,64,95,normal,OK,8166,2259,4,2,0,15944,0x0000080c
RANGE,64,96,normal,OK,15073,-866,6,4,0,29315,0x0000080c
RANGE,64,97,normal,OK,15073,-866,8,5,0,31397,0x0000080c
RANGE,64,98,normal,OK,1691,-1050,12,17,0,92947,0x0000080c
RANGE,64,99,normal,OK,9270,2094,12,18,0,81938,0x0000080c
RANGE,256,0,normal,OK,12101,-2751,2,1,1,15765,0x0000080c
RANGE,256,1,normal,OK,1860,-2151,10,5,1,45467,0x0000080c
RANGE,256,2,normal,OK,7612,-2447,1,0,0,1335,0x0000080c
RANGE,256,3,normal,OK,16113,1308,9,8,2,69954,0x0000080c
RANGE,256,4,normal,OK,4785,-3064,8,4,0,31391,0x0000080c
RANGE,256,5,normal,OK,1511,-1704,11,9,0,45073,0x0000080c
RANGE,256,6,normal,OK,598,3880,9,14,0,55294,0x0000080c
RANGE,256,7,normal,OK,6718,-633,5,3,0,28461,0x0000080c
RANGE,256,8,normal,OK,12890,-3479,9,4,0,44293,0x0000080c
RANGE,256,9,normal,OK,6618,224,9,7,0,33181,0x0000080c
RANGE,256,10,normal,OK,5193,2575,7,6,0,42242,0x0000080c
RANGE,256,11,normal,OK,11800,-2201,9,10,0,55554,0x0000080c
RANGE,256,12,normal,OK,591,-455,13,10,0,83060,0x0000080c
RANGE,256,13,normal,OK,2714,-4014,3,1,0,14531,0x0000080c
RANGE,256,14,normal,OK,6544,298,3,2,0,15060,0x0000080c
RANGE,256,15,normal,OK,7061,575,10,7,0,44700,0x0000080c
RANGE,256,16,normal,OK,13958,3326,7,6,0,30243,0x0000080c
RANGE,256,17,normal,OK,8833,-2331,6,5,0,29807,0x0000080c
RANGE,256,18,normal,OK,12101,-2751,6,3,0,29216,0x0000080c
RANGE,256,19,normal,OK,14110,3958,7,3,0,30617,0x0000080c
RANGE,256,20,normal,OK,6313,3315,9,9,0,56480,0x0000080c
RANGE,256,21,normal,OK,4836,-1429,10,5,0,32494,0x0000080c
RANGE,256,22,normal,OK,2313,2221,5,1,0,16132,0x0000080c
RANGE,256,23,normal,OK,6595,1025,5,4,0,28463,0x0000080c
RANGE,256,24,normal,OK,6282,-619,6,6,0,28739,0x0000080c
RANGE,256,25,normal,OK,10141,656,10,8,0,56296,0x0000080c
RANGE,256,26,normal,OK,6544,298,9,6,0,42487,0x0000080c
RANGE,256,27,normal,OK,10759,4069,6,4,0,28991,0x0000080c
RANGE,256,28,normal,OK,12495,-3747,5,4,0,40800,0x0000080c
RANGE,256,29,normal,OK,14698,-2746,7,6,0,42808,0x0000080c
RANGE,256,30,normal,OK,13981,-1174,3,1,0,14562,0x0000080c
RANGE,256,31,normal,OK,15984,2155,4,2,0,27995,0x0000080c
RANGE,256,32,normal,OK,12442,-3189,10,12,0,56244,0x0000080c
RANGE,256,33,normal,OK,1165,-3955,8,8,0,53872,0x0000080c
RANGE,256,34,normal,OK,1409,-221,8,8,0,54989,0x0000080c
RANGE,256,35,normal,OK,4695,-731,2,1,0,13946,0x0000080c
RANGE,256,36,normal,OK,15925,-2305,4,0,0,4334,0x0000080c
RANGE,256,37,normal,OK,15604,-3833,9,8,0,78966,0x0000080c
RANGE,256,38,normal,OK,15120,1624,5,4,0,29178,0x0000080c
RANGE,256,39,normal,OK,1027,2796,5,4,0,40205,0x0000080c
RANGE,256,40,normal,OK,14134,227,4,2,0,15987,0x0000080c
RANGE,256,41,normal,OK,7167,-3522,5,4,0,40323,0x0000080c
RANGE,256,42,normal,OK,13599,-583,9,3,0,44522,0x0000080c
RANGE,256,43,normal,OK,598,3880,2,1,0,13834,0x0000080c
RANGE,256,44,normal,OK,10982,2141,9,5,0,55301,0x0000080c
RANGE,256,45,normal,OK,1409,-221,7,6,0,42092,0x0000080c
RANGE,256,46,normal,OK,6718,-633,6,3,0,29301,0x0000080c
RANGE,256,47,normal,OK,12995,-628,8,3,0,31566,0x0000080c
RANGE,256,48,normal,OK,10759,4069,11,7,0,46363,0x0000080c
RANGE,256,49,normal,OK,13195,-3032,5,2,0,16461,0x0000080c
RANGE,256,50,normal,OK,2464,796,5,1,0,16398,0x0000080c
RANGE,256,51,normal,OK,14515,-2810,8,10,0,65730,0x0000080c
RANGE,256,52,normal,OK,4734,813,8,5,0,44320,0x0000080c
RANGE,256,53,normal,OK,8740,-1739,9,7,0,56408,0x0000080c
RANGE,256,54,normal,OK,8565,1388,6,6,0,29095,0x0000080c
RANGE,256,55,normal,OK,11006,14,7,7,0,65834,0x0000080c
RANGE,256,56,normal,OK,645,768,8,7,0,42875,0x0000080c
RANGE,256,57,normal,OK,9296,-1665,11,10,1,57863,0x0000080c
RANGE,256,58,normal,OK,9405,1321,2,1,0,14081,0x0000080c
RANGE,256,59,normal,OK,1873,350,8,7,0,55202,0x0000080c
RANGE,256,60,normal,OK,2026,-2644,5,2,0,28511,0x0000080c
RANGE,256,61,normal,OK,5893,-2240,5,4,0,28700,0x0000080c
RANGE,256,62,normal,OK,6787,-1136,3,1,0,15063,0x0000080c
RANGE,256,63,normal,OK,5449,-2943,5,3,0,28066,0x0000080c
RANGE,256,64,normal,OK,9240,-1467,6,2,0,17414,0x0000080c
RANGE,256,65,normal,OK,10323,-26,6,3,0,29416,0x0000080c
RANGE,256,66,normal,OK,11968,3802,3,1,0,14871,0x0000080c
RANGE,256,67,normal,OK,6987,-2316,6,6,0,41848,0x0000080c
RANGE,256,68,normal,OK,5170,3782,6,3,0,29443,0x0000080c
RANGE,256,69,normal,OK,12880,1397,2,1,0,14188,0x0000080c
RANGE,256,70,normal,OK,4430,74,9,10,0,55273,0x0000080c
RANGE,256,71,normal,OK,8836,-3872,12,13,0,82828,0x0000080c
RANGE,256,72,normal,OK,1409,-221,8,6,0,42708,0x0000080c
RANGE,256,73,normal,OK,12874,4091,4,2,0,15505,0x0000080c
RANGE,256,74,normal,OK,5526,3979,9,10,0,55178,0x0000080c
RANGE,256,75,normal,OK,2756,874,9,9,0,44658,0x0000080c
RANGE,256,76,normal,OK,4708,-911,8,6,0,54553,0x0000080c
RANGE,256,77,normal,OK,14134,227,5,3,0,27765,0x0000080c
RANGE,256,78,normal,OK,7219,43,7,7,0,42257,0x0000080c
RANGE,256,79,normal,OK,6313,3315,7,5,0,42315,0x0000080c
RANGE,256,80,normal,OK,8709,-3403,8,4,0,42576,0x0000080c
RANGE,256,81,normal,OK,15037,-3396,5,3,0,28308,0x0000080c
RANGE,256,82,normal,OK,7219,43,9,10,0,31814,0x0000080c
RANGE,256,83,normal,OK,2981,-1400,10,12,0,57684,0x0000080c
RANGE,256,84,normal,OK,1165,-3955,13,26,2,132421,0x0000080c
RANGE,256,85,normal,OK,1622,-746,2,1,0,13913,0x0000080c
RANGE,256,86,normal,OK,2981,-1400,10,10,0,68915,0x0000080c
RANGE,256,87,normal,OK,11006,14,6,5,0,29504,0x0000080c
RANGE,256,88,normal,OK,12629,-3988,10,10,0,56771,0x0000080c
RANGE,256,89,normal,OK,5920,357,3,1,0,15106,0x0000080c
RANGE,256,90,normal,OK,480,-2190,4,2,0,15470,0x0000080c
RANGE,256,91,normal,OK,533,909,13,10,0,72118,0x0000080c
RANGE,256,92,normal,OK,5364,2037,3,1,0,15013,0x0000080c
RANGE,256,93,normal,OK,2151,3011,3,2,0,14513,0x0000080c
RANGE,256,94,normal,OK,14139,-261,9,7,0,43778,0x0000080c
RANGE,256,95,normal,OK,13135,465,5,4,0,28700,0x0000080c
RANGE,256,96,normal,OK,4116,-3709,7,6,0,41881,0x0000080c
RANGE,256,97,normal,OK,2859,-2006,7,5,0,29863,0x0000080c
RANGE,256,98,normal,OK,1236,1692,12,17,0,93532,0x0000080c
RANGE,256,99,normal,OK,6987,-2316,8,8,0,42610,0x0000080c
