predicate,m,seed_idx,mode,rc,result_index,result_value,trial,l_bbht,iter,cycles,status
LT,1,0,normal,OK,6004,-28307,15,30,8,325737,0x0000080c
LT,1,1,normal,OK,6004,-28307,23,132,27,884370,0x0000080c
LT,1,2,normal,OK,6004,-28307,21,141,0,223414,0x0000080c
LT,1,3,normal,OK,6004,-28307,24,192,0,273535,0x0000080c
LT,1,4,normal,OK,6004,-28307,20,108,0,222256,0x0000080c
LT,1,5,normal,OK,6004,-28307,21,96,0,206746,0x0000080c
LT,1,6,normal,OK,6004,-28307,24,207,17,729492,0x0000080c
LT,1,7,normal,OK,6004,-28307,12,25,0,136591,0x0000080c
LT,1,8,normal,OK,6004,-28307,25,183,0,289276,0x0000080c
LT,1,9,normal,OK,6004,-28307,24,148,2,277570,0x0000080c
LT,1,10,normal,OK,6004,-28307,24,195,0,273281,0x0000080c
LT,1,11,normal,OK,6004,-28307,25,218,0,288414,0x0000080c
LT,1,12,normal,OK,6004,-28307,26,276,9,547352,0x0000080c
LT,1,13,normal,OK,6004,-28307,17,61,0,157862,0x0000080c
LT,1,14,normal,OK,6004,-28307,25,221,0,290214,0x0000080c
LT,1,15,normal,OK,6004,-28307,26,234,0,291560,0x0000080c
LT,1,16,normal,OK,6004,-28307,23,175,0,240329,0x0000080c
LT,1,17,normal,OK,6004,-28307,28,359,49,1582737,0x0000088c
LT,1,18,normal,OK,6004,-28307,23,151,0,257326,0x0000080c
LT,1,19,normal,OK,6004,-28307,28,371,14,689984,0x0000080c
LT,1,20,normal,OK,6004,-28307,27,311,0,293317,0x0000080c
LT,1,21,normal,OK,6004,-28307,22,105,0,223622,0x0000080c
LT,1,22,normal,OK,6004,-28307,19,72,0,205280,0x0000080c
LT,1,23,normal,OK,6004,-28307,26,337,0,353937,0x0000080c
LT,1,24,normal,OK,6004,-28307,20,122,0,268680,0x0000080c
LT,1,25,normal,OK,6004,-28307,25,210,0,321086,0x0000080c
LT,1,26,normal,OK,6004,-28307,28,273,0,306506,0x0000080c
LT,1,27,normal,OK,6004,-28307,31,441,0,388230,0x0000080c
LT,1,28,normal,OK,6004,-28307,24,205,0,305482,0x0000080c
LT,1,29,normal,OK,6004,-28307,16,41,0,139971,0x0000080c
LT,1,30,normal,OK,6004,-28307,27,298,0,305920,0x0000080c
LT,1,31,normal,OK,6004,-28307,25,224,0,336656,0x0000080c
LT,1,32,normal,OK,6004,-28307,24,147,0,241382,0x0000080c
LT,1,33,normal,OK,6004,-28307,26,333,0,319945,0x0000080c
LT,1,34,normal,OK,6004,-28307,17,68,0,203844,0x0000080c
LT,1,35,normal,OK,6004,-28307,24,230,0,258740,0x0000080c
LT,1,36,normal,OK,6004,-28307,22,141,0,224862,0x0000080c
LT,1,37,normal,OK,6004,-28307,20,85,0,254140,0x0000080c
LT,1,38,normal,OK,6004,-28307,24,225,0,304654,0x0000080c
LT,1,39,normal,OK,6004,-28307,24,205,0,290134,0x0000080c
LT,1,40,normal,OK,6004,-28307,17,42,0,172158,0x0000080c
LT,1,41,normal,OK,6004,-28307,23,130,0,287167,0x0000080c
LT,1,42,normal,OK,6004,-28307,23,190,0,257293,0x0000080c
LT,1,43,normal,OK,6004,-28307,19,98,0,237990,0x0000080c
LT,1,44,normal,OK,6004,-28307,25,202,0,288635,0x0000080c
LT,1,45,normal,OK,6004,-28307,22,164,0,239297,0x0000080c
LT,1,46,normal,OK,6004,-28307,17,52,0,173348,0x0000080c
LT,1,47,normal,OK,6004,-28307,24,252,0,272023,0x0000080c
LT,1,48,normal,OK,6004,-28307,26,226,0,261305,0x0000080c
LT,1,49,normal,OK,6004,-28307,25,229,0,259917,0x0000080c
LT,1,50,normal,OK,6004,-28307,25,213,0,273836,0x0000080c
LT,1,51,normal,OK,6004,-28307,21,111,0,285208,0x0000080c
LT,1,52,normal,OK,6004,-28307,26,256,0,338558,0x0000080c
LT,1,53,normal,OK,6004,-28307,20,77,0,238872,0x0000080c
LT,1,54,normal,OK,6004,-28307,25,283,0,320922,0x0000080c
LT,1,55,normal,OK,6004,-28307,23,124,0,303641,0x0000080c
LT,1,56,normal,OK,6004,-28307,21,86,0,223689,0x0000080c
LT,1,57,normal,OK,6004,-28307,22,166,0,222903,0x0000080c
LT,1,58,normal,OK,6004,-28307,21,97,0,271240,0x0000080c
LT,1,59,normal,OK,6004,-28307,27,201,0,324790,0x0000080c
LT,1,60,normal,OK,6004,-28307,24,243,0,319367,0x0000080c
LT,1,61,normal,OK,6004,-28307,24,183,0,305754,0x0000080c
LT,1,62,normal,OK,6004,-28307,23,153,0,271952,0x0000080c
LT,1,63,normal,OK,6004,-28307,26,195,0,353319,0x0000080c
LT,1,64,normal,OK,6004,-28307,26,193,0,303498,0x0000080c
LT,1,65,normal,OK,6004,-28307,22,76,0,208736,0x0000080c
LT,1,66,normal,OK,6004,-28307,25,172,0,273547,0x0000080c
LT,1,67,normal,OK,6004,-28307,22,105,0,240986,0x0000080c
LT,1,68,normal,OK,6004,-28307,21,81,0,192833,0x0000080c
LT,1,69,normal,OK,6004,-28307,22,106,0,254858,0x0000080c
LT,1,70,normal,OK,6004,-28307,26,243,0,304592,0x0000080c
LT,1,71,normal,OK,6004,-28307,20,70,0,223208,0x0000080c
LT,1,72,normal,OK,6004,-28307,28,440,0,369276,0x0000080c
LT,1,73,normal,OK,6004,-28307,25,248,0,290713,0x0000080c
LT,1,74,normal,OK,6004,-28307,23,212,0,255886,0x0000080c
LT,1,75,normal,OK,6004,-28307,21,117,0,223898,0x0000080c
LT,1,76,normal,OK,6004,-28307,23,149,0,302612,0x0000080c
LT,1,77,normal,OK,6004,-28307,24,189,0,303037,0x0000080c
LT,1,78,normal,OK,6004,-28307,25,177,0,320552,0x0000080c
LT,1,79,normal,OK,6004,-28307,24,138,0,305796,0x0000080c
LT,1,80,normal,OK,6004,-28307,17,53,0,187274,0x0000080c
LT,1,81,normal,OK,6004,-28307,18,79,0,156888,0x0000080c
LT,1,82,normal,OK,6004,-28307,21,121,0,222585,0x0000080c
LT,1,83,normal,OK,6004,-28307,26,224,0,323346,0x0000080c
LT,1,84,normal,OK,6004,-28307,21,132,0,254433,0x0000080c
LT,1,85,normal,OK,6004,-28307,24,234,0,289173,0x0000080c
LT,1,86,normal,OK,6004,-28307,21,91,0,240602,0x0000080c
LT,1,87,normal,OK,6004,-28307,22,146,0,256109,0x0000080c
LT,1,88,normal,OK,6004,-28307,24,199,0,272331,0x0000080c
LT,1,89,normal,OK,6004,-28307,3,1,0,19108,0x0000080c
LT,1,90,normal,OK,6004,-28307,24,174,0,243405,0x0000080c
LT,1,91,normal,OK,6004,-28307,23,149,0,256821,0x0000080c
LT,1,92,normal,OK,6004,-28307,16,37,0,156226,0x0000080c
LT,1,93,normal,OK,6004,-28307,23,192,0,224667,0x0000080c
LT,1,94,normal,OK,6004,-28307,21,130,0,238784,0x0000080c
LT,1,95,normal,OK,6004,-28307,25,214,0,289074,0x0000080c
LT,1,96,normal,OK,6004,-28307,17,42,0,140689,0x0000080c
LT,1,97,normal,OK,6004,-28307,23,159,0,256415,0x0000080c
LT,1,98,normal,OK,6004,-28307,27,308,0,322393,0x0000080c
LT,1,99,normal,OK,6004,-28307,27,263,0,322792,0x0000080c
LT,4,0,normal,OK,6004,-28307,15,30,8,325828,0x0000080c
LT,4,1,normal,OK,2687,-24767,20,81,17,585074,0x0000080c
LT,4,2,normal,OK,6004,-28307,19,89,0,189851,0x0000080c
LT,4,3,normal,OK,14622,-28245,18,56,0,189911,0x0000080c
LT,4,4,normal,OK,13764,-17666,15,36,0,139566,0x0000080c
LT,4,5,normal,OK,6004,-28307,18,40,0,157269,0x0000080c
LT,4,6,normal,OK,13764,-17666,11,20,0,88844,0x0000080c
LT,4,7,normal,OK,2687,-24767,14,36,0,169654,0x0000080c
LT,4,8,normal,OK,6004,-28307,19,76,0,205753,0x0000080c
LT,4,9,normal,OK,14622,-28245,24,148,29,938651,0x0000080c
LT,4,10,normal,OK,14622,-28245,15,35,0,139650,0x0000080c
LT,4,11,normal,OK,2687,-24767,19,85,0,205326,0x0000080c
LT,4,12,normal,OK,14622,-28245,20,81,0,222249,0x0000080c
LT,4,13,normal,OK,2687,-24767,21,88,0,209348,0x0000080c
LT,4,14,normal,OK,14622,-28245,7,8,0,53782,0x0000080c
LT,4,15,normal,OK,13764,-17666,9,3,0,39747,0x0000080c
LT,4,16,normal,OK,6004,-28307,20,97,0,191132,0x0000080c
LT,4,17,normal,OK,2687,-24767,21,91,0,240085,0x0000080c
LT,4,18,normal,OK,13764,-17666,13,18,0,91011,0x0000080c
LT,4,19,normal,OK,2687,-24767,21,82,0,223633,0x0000080c
LT,4,20,normal,OK,2687,-24767,22,112,0,225530,0x0000080c
LT,4,21,normal,OK,6004,-28307,19,67,0,174037,0x0000080c
LT,4,22,normal,OK,14622,-28245,11,13,0,103641,0x0000080c
LT,4,23,normal,OK,2687,-24767,20,88,0,254875,0x0000080c
LT,4,24,normal,OK,2687,-24767,18,73,0,235735,0x0000080c
LT,4,25,normal,OK,6004,-28307,25,210,17,746063,0x0000080c
LT,4,26,normal,OK,14622,-28245,16,39,0,123307,0x0000080c
LT,4,27,normal,OK,13764,-17666,8,8,0,38993,0x0000080c
LT,4,28,normal,OK,14622,-28245,17,49,0,204865,0x0000080c
LT,4,29,normal,OK,6004,-28307,16,41,0,139842,0x0000080c
LT,4,30,normal,OK,2687,-24767,19,63,0,174153,0x0000080c
LT,4,31,normal,OK,14622,-28245,21,106,0,270647,0x0000080c
LT,4,32,normal,OK,6004,-28307,21,70,0,207241,0x0000080c
LT,4,33,normal,OK,2687,-24767,17,57,0,171023,0x0000080c
LT,4,34,normal,OK,6004,-28307,22,129,0,270806,0x0000080c
LT,4,35,normal,OK,13764,-17666,19,98,0,176359,0x0000080c
LT,4,36,normal,OK,6004,-28307,17,47,0,157706,0x0000080c
LT,4,37,normal,OK,14622,-28245,18,53,0,221290,0x0000080c
LT,4,38,normal,OK,2687,-24767,15,40,0,171653,0x0000080c
LT,4,39,normal,OK,2687,-24767,15,31,0,140792,0x0000080c
LT,4,40,normal,OK,6004,-28307,17,42,0,172130,0x0000080c
LT,4,41,normal,OK,2687,-24767,19,83,0,221251,0x0000080c
LT,4,42,normal,OK,14622,-28245,18,75,0,189983,0x0000080c
LT,4,43,normal,OK,13764,-17666,18,78,0,221544,0x0000080c
LT,4,44,normal,OK,2687,-24767,16,44,0,155434,0x0000080c
LT,4,45,normal,OK,2687,-24767,17,50,0,156673,0x0000080c
LT,4,46,normal,OK,6004,-28307,21,106,0,238932,0x0000080c
LT,4,47,normal,OK,2687,-24767,15,30,0,139040,0x0000080c
LT,4,48,normal,OK,6004,-28307,22,95,0,195117,0x0000080c
LT,4,49,normal,OK,14622,-28245,23,148,0,226108,0x0000080c
LT,4,50,normal,OK,13764,-17666,22,105,0,224695,0x0000080c
LT,4,51,normal,OK,2687,-24767,13,23,0,152930,0x0000080c
LT,4,52,normal,OK,6004,-28307,20,116,0,239543,0x0000080c
LT,4,53,normal,OK,2687,-24767,21,115,0,255570,0x0000080c
LT,4,54,normal,OK,14622,-28245,23,156,0,288352,0x0000080c
LT,4,55,normal,OK,2687,-24767,23,124,0,303208,0x0000080c
LT,4,56,normal,OK,13764,-17666,23,142,0,256905,0x0000080c
LT,4,57,normal,OK,6004,-28307,19,87,0,172401,0x0000080c
LT,4,58,normal,OK,2687,-24767,15,37,0,172178,0x0000080c
LT,4,59,normal,OK,14622,-28245,27,201,0,324749,0x0000080c
LT,4,60,normal,OK,6004,-28307,21,135,0,270210,0x0000080c
LT,4,61,normal,OK,14622,-28245,17,47,0,189535,0x0000080c
LT,4,62,normal,OK,6004,-28307,16,49,0,156510,0x0000080c
LT,4,63,normal,OK,6004,-28307,25,145,0,337140,0x0000080c
LT,4,64,normal,OK,2687,-24767,17,38,0,155825,0x0000080c
LT,4,65,normal,OK,13764,-17666,21,67,0,192294,0x0000080c
LT,4,66,normal,OK,2687,-24767,24,119,0,256991,0x0000080c
LT,4,67,normal,OK,6004,-28307,19,58,0,206170,0x0000080c
LT,4,68,normal,OK,6004,-28307,21,81,0,192767,0x0000080c
LT,4,69,normal,OK,13764,-17666,22,106,0,255207,0x0000080c
LT,4,70,normal,OK,14622,-28245,20,77,0,237093,0x0000080c
LT,4,71,normal,OK,6004,-28307,20,70,0,223509,0x0000080c
LT,4,72,normal,OK,14622,-28245,18,67,0,204067,0x0000080c
LT,4,73,normal,OK,2687,-24767,21,100,0,224291,0x0000080c
LT,4,74,normal,OK,13764,-17666,22,172,0,239320,0x0000080c
LT,4,75,normal,OK,6004,-28307,21,117,0,223563,0x0000080c
LT,4,76,normal,OK,13764,-17666,21,97,0,270723,0x0000080c
LT,4,77,normal,OK,13764,-17666,24,189,0,302878,0x0000080c
LT,4,78,normal,OK,2687,-24767,19,53,0,221284,0x0000080c
LT,4,79,normal,OK,2687,-24767,24,138,0,305644,0x0000080c
LT,4,80,normal,OK,14622,-28245,21,89,0,238796,0x0000080c
LT,4,81,normal,OK,6004,-28307,21,116,0,191568,0x0000080c
LT,4,82,normal,OK,14622,-28245,21,121,0,222960,0x0000080c
LT,4,83,normal,OK,14622,-28245,19,79,0,206687,0x0000080c
LT,4,84,normal,OK,14622,-28245,18,66,0,204746,0x0000080c
LT,4,85,normal,OK,2687,-24767,19,67,0,206205,0x0000080c
LT,4,86,normal,OK,13764,-17666,19,62,0,207627,0x0000080c
LT,4,87,normal,OK,6004,-28307,17,54,0,173013,0x0000080c
LT,4,88,normal,OK,6004,-28307,22,115,0,239358,0x0000080c
LT,4,89,normal,OK,6004,-28307,3,1,0,18866,0x0000080c
LT,4,90,normal,OK,13764,-17666,20,60,0,192986,0x0000080c
LT,4,91,normal,OK,14622,-28245,20,100,0,207299,0x0000080c
LT,4,92,normal,OK,6004,-28307,16,37,0,156169,0x0000080c
LT,4,93,normal,OK,14622,-28245,22,143,0,209055,0x0000080c
LT,4,94,normal,OK,13764,-17666,20,92,0,222507,0x0000080c
LT,4,95,normal,OK,13764,-17666,21,100,0,223564,0x0000080c
LT,4,96,normal,OK,6004,-28307,17,42,0,140679,0x0000080c
LT,4,97,normal,OK,2687,-24767,16,33,0,140537,0x0000080c
LT,4,98,normal,OK,14622,-28245,16,45,0,187123,0x0000080c
LT,4,99,normal,OK,14622,-28245,21,101,0,223662,0x0000080c
LT,16,0,normal,OK,6463,-19424,14,22,5,249964,0x0000080c
LT,16,1,normal,OK,8671,-19865,20,81,20,660115,0x0000080c
LT,16,2,normal,OK,16156,-26932,14,34,0,122140,0x0000080c
LT,16,3,normal,OK,9469,-18742,10,13,0,72233,0x0000080c
LT,16,4,normal,OK,13764,-17666,16,47,0,156320,0x0000080c
LT,16,5,normal,OK,2815,-23791,17,29,0,140466,0x0000080c
LT,16,6,normal,OK,13764,-17666,11,20,0,88727,0x0000080c
LT,16,7,normal,OK,2828,-17484,14,36,0,169737,0x0000080c
LT,16,8,normal,OK,2828,-17484,16,49,0,156097,0x0000080c
LT,16,9,normal,OK,8671,-19865,17,40,0,127222,0x0000080c
LT,16,10,normal,OK,14622,-28245,15,35,0,139744,0x0000080c
LT,16,11,normal,OK,2828,-17484,19,85,0,204616,0x0000080c
LT,16,12,normal,OK,438,-30743,18,42,0,188573,0x0000080c
LT,16,13,normal,OK,14622,-28245,12,24,0,105901,0x0000080c
LT,16,14,normal,OK,14622,-28245,7,8,0,53774,0x0000080c
LT,16,15,normal,OK,13764,-17666,9,3,0,39754,0x0000080c
LT,16,16,normal,OK,2828,-17484,11,20,0,57139,0x0000080c
LT,16,17,normal,OK,5518,-25251,11,13,0,89374,0x0000080c
LT,16,18,normal,OK,14562,-27299,9,8,0,55937,0x0000080c
LT,16,19,normal,OK,14562,-27299,21,82,1,248827,0x0000080c
LT,16,20,normal,OK,14562,-27299,13,20,0,106919,0x0000080c
LT,16,21,normal,OK,2828,-17484,9,4,0,23917,0x0000080c
LT,16,22,normal,OK,14622,-28245,11,13,0,103768,0x0000080c
LT,16,23,normal,OK,16156,-26932,10,13,0,89480,0x0000080c
LT,16,24,normal,OK,8671,-19865,11,21,0,119137,0x0000080c
LT,16,25,normal,OK,6004,-28307,15,28,0,154612,0x0000080c
LT,16,26,normal,OK,2828,-17484,21,83,0,205724,0x0000080c
LT,16,27,normal,OK,13764,-17666,8,8,0,38841,0x0000080c
LT,16,28,normal,OK,5470,-16918,11,17,0,120530,0x0000080c
LT,16,29,normal,OK,14562,-27299,7,6,0,54653,0x0000080c
LT,16,30,normal,OK,8671,-19865,17,38,0,155931,0x0000080c
LT,16,31,normal,OK,5518,-25251,6,3,0,53803,0x0000080c
LT,16,32,normal,OK,8671,-19865,21,70,0,207642,0x0000080c
LT,16,33,normal,OK,2815,-23791,14,31,0,121867,0x0000080c
LT,16,34,normal,OK,6004,-28307,17,68,0,203911,0x0000080c
LT,16,35,normal,OK,8671,-19865,13,18,0,91705,0x0000080c
LT,16,36,normal,OK,16156,-26932,17,47,0,158098,0x0000080c
LT,16,37,normal,OK,5518,-25251,18,53,0,221205,0x0000080c
LT,16,38,normal,OK,2815,-23791,11,22,0,120684,0x0000080c
LT,16,39,normal,OK,13764,-17666,16,45,0,157575,0x0000080c
LT,16,40,normal,OK,11575,-17397,10,9,0,72129,0x0000080c
LT,16,41,normal,OK,2828,-17484,13,20,0,122584,0x0000080c
LT,16,42,normal,OK,14622,-28245,15,34,0,140701,0x0000080c
LT,16,43,normal,OK,13764,-17666,14,33,0,170968,0x0000080c
LT,16,44,normal,OK,13764,-17666,18,58,0,188427,0x0000080c
LT,16,45,normal,OK,5518,-25251,13,24,0,137385,0x0000080c
LT,16,46,normal,OK,2687,-24767,20,96,0,222790,0x0000080c
LT,16,47,normal,OK,2828,-17484,11,11,0,88475,0x0000080c
LT,16,48,normal,OK,11575,-17397,21,63,0,178589,0x0000080c
LT,16,49,normal,OK,5518,-25251,14,27,0,108321,0x0000080c
LT,16,50,normal,OK,2828,-17484,13,15,0,89947,0x0000080c
LT,16,51,normal,OK,16156,-26932,15,37,0,185770,0x0000080c
LT,16,52,normal,OK,16156,-26932,12,12,0,106854,0x0000080c
LT,16,53,normal,OK,2687,-24767,17,33,0,189182,0x0000080c
LT,16,54,normal,OK,10396,-31067,13,32,0,137262,0x0000080c
LT,16,55,normal,OK,8671,-19865,18,51,0,236929,0x0000080c
LT,16,56,normal,OK,9469,-18742,17,37,0,157652,0x0000080c
LT,16,57,normal,OK,6463,-19424,19,87,0,173226,0x0000080c
LT,16,58,normal,OK,2687,-24767,15,37,0,171714,0x0000080c
LT,16,59,normal,OK,6004,-28307,11,14,0,105285,0x0000080c
LT,16,60,normal,OK,8671,-19865,17,63,0,204015,0x0000080c
LT,16,61,normal,OK,16156,-26932,17,47,0,189593,0x0000080c
LT,16,62,normal,OK,14562,-27299,15,37,0,140245,0x0000080c
LT,16,63,normal,OK,14622,-28245,10,11,0,87486,0x0000080c
LT,16,64,normal,OK,5470,-16918,18,52,0,172267,0x0000080c
LT,16,65,normal,OK,438,-30743,8,8,0,54493,0x0000080c
LT,16,66,normal,OK,8671,-19865,12,18,0,73586,0x0000080c
LT,16,67,normal,OK,14622,-28245,19,58,0,206344,0x0000080c
LT,16,68,normal,OK,2687,-24767,12,24,0,89844,0x0000080c
LT,16,69,normal,OK,6463,-19424,17,36,0,172474,0x0000080c
LT,16,70,normal,OK,14622,-28245,23,119,6,405607,0x0000080c
LT,16,71,normal,OK,6004,-28307,20,70,0,223250,0x0000080c
LT,16,72,normal,OK,13764,-17666,16,41,0,171675,0x0000080c
LT,16,73,normal,OK,2687,-24767,17,35,0,158603,0x0000080c
LT,16,74,normal,OK,2815,-23791,14,26,0,106991,0x0000080c
LT,16,75,normal,OK,2828,-17484,9,9,0,56496,0x0000080c
LT,16,76,normal,OK,16156,-26932,11,19,0,120219,0x0000080c
LT,16,77,normal,OK,9469,-18742,18,67,0,204287,0x0000080c
LT,16,78,normal,OK,9469,-18742,19,53,0,221677,0x0000080c
LT,16,79,normal,OK,438,-30743,16,43,0,187674,0x0000080c
LT,16,80,normal,OK,2828,-17484,15,34,0,154315,0x0000080c
LT,16,81,normal,OK,2828,-17484,15,44,0,123522,0x0000080c
LT,16,82,normal,OK,2828,-17484,17,49,0,156677,0x0000080c
LT,16,83,normal,OK,6463,-19424,15,32,0,141280,0x0000080c
LT,16,84,normal,OK,5518,-25251,12,23,0,120814,0x0000080c
LT,16,85,normal,OK,10396,-31067,19,67,0,206516,0x0000080c
LT,16,86,normal,OK,14562,-27299,19,62,0,207711,0x0000080c
LT,16,87,normal,OK,8671,-19865,16,46,0,156452,0x0000080c
LT,16,88,normal,OK,8671,-19865,13,25,0,106119,0x0000080c
LT,16,89,normal,OK,6004,-28307,14,27,0,107995,0x0000080c
LT,16,90,normal,OK,16156,-26932,13,12,0,92256,0x0000080c
LT,16,91,normal,OK,438,-30743,13,10,0,91666,0x0000080c
LT,16,92,normal,OK,2828,-17484,11,13,0,73636,0x0000080c
LT,16,93,normal,OK,14562,-27299,16,55,0,124240,0x0000080c
LT,16,94,normal,OK,9469,-18742,11,14,0,88748,0x0000080c
LT,16,95,normal,OK,9469,-18742,17,47,0,157121,0x0000080c
LT,16,96,normal,OK,2687,-24767,10,12,0,71885,0x0000080c
LT,16,97,normal,OK,2815,-23791,16,33,0,140569,0x0000080c
LT,16,98,normal,OK,5470,-16918,16,45,0,187008,0x0000080c
LT,16,99,normal,OK,5470,-16918,15,28,0,140027,0x0000080c
LT,64,0,normal,OK,1089,-17865,7,4,2,89455,0x0000080c
LT,64,1,normal,OK,1951,-17282,16,35,10,327254,0x0000080c
LT,64,2,normal,OK,10706,-30061,10,12,0,71615,0x0000080c
LT,64,3,normal,OK,16156,-26932,9,8,0,55840,0x0000080c
LT,64,4,normal,OK,13764,-17666,12,17,0,89939,0x0000080c
LT,64,5,normal,OK,10117,-21896,5,3,0,20338,0x0000080c
LT,64,6,normal,OK,16073,-17117,2,1,0,18433,0x0000080c
LT,64,7,normal,OK,15048,-24121,8,8,0,70600,0x0000080c
LT,64,8,normal,OK,12822,-30595,10,8,0,72655,0x0000080c
LT,64,9,normal,OK,8239,-17326,10,9,0,41843,0x0000080c
LT,64,10,normal,OK,3605,-26225,12,23,0,105181,0x0000080c
LT,64,11,normal,OK,11830,-32530,9,10,0,71270,0x0000080c
LT,64,12,normal,OK,187,-22178,14,20,0,123022,0x0000080c
LT,64,13,normal,OK,14812,-20654,12,24,0,105826,0x0000080c
LT,64,14,normal,OK,8103,-21040,8,9,0,54402,0x0000080c
LT,64,15,normal,OK,8050,-21247,10,7,0,56613,0x0000080c
LT,64,16,normal,OK,11898,-26778,9,12,0,55555,0x0000080c
LT,64,17,normal,OK,10602,-21556,13,21,0,122886,0x0000080c
LT,64,18,normal,OK,14622,-28245,9,8,0,55857,0x0000080c
LT,64,19,normal,OK,10117,-21896,10,10,0,72618,0x0000080c
LT,64,20,normal,OK,438,-30743,11,13,0,89239,0x0000080c
LT,64,21,normal,OK,2815,-23791,11,7,0,56765,0x0000080c
LT,64,22,normal,OK,14662,-22014,11,13,0,103755,0x0000080c
LT,64,23,normal,OK,2843,-27723,14,29,0,155998,0x0000080c
LT,64,24,normal,OK,4806,-18062,5,4,0,20142,0x0000080c
LT,64,25,normal,OK,10396,-31067,10,8,0,72187,0x0000080c
LT,64,26,normal,OK,13360,-28930,15,29,0,122892,0x0000080c
LT,64,27,normal,OK,7227,-22375,12,17,0,89272,0x0000080c
LT,64,28,normal,OK,15048,-24121,4,2,0,35995,0x0000080c
LT,64,29,normal,OK,1089,-17865,9,11,0,71667,0x0000080c
LT,64,30,normal,OK,9469,-18742,14,21,0,106851,0x0000080c
LT,64,31,normal,OK,16073,-17117,9,10,0,103969,0x0000080c
LT,64,32,normal,OK,11308,-20891,16,35,0,124887,0x0000080c
LT,64,33,normal,OK,11228,-19551,11,17,0,88439,0x0000080c
LT,64,34,normal,OK,12822,-30595,12,21,0,121434,0x0000080c
LT,64,35,normal,OK,3372,-16463,5,4,0,52555,0x0000080c
LT,64,36,normal,OK,8239,-17326,14,23,0,108079,0x0000080c
LT,64,37,normal,OK,8050,-21247,6,5,0,68396,0x0000080c
LT,64,38,normal,OK,15048,-24121,5,4,0,36895,0x0000080c
LT,64,39,normal,OK,13442,-19364,14,22,0,124720,0x0000080c
LT,64,40,normal,OK,1951,-17282,15,28,0,139248,0x0000080c
LT,64,41,normal,OK,6760,-27408,12,14,0,106257,0x0000080c
LT,64,42,normal,OK,7227,-22375,11,12,0,89015,0x0000080c
LT,64,43,normal,OK,6760,-27408,12,22,0,137533,0x0000080c
LT,64,44,normal,OK,4246,-31407,13,18,0,106049,0x0000080c
LT,64,45,normal,OK,2843,-27723,17,50,0,156492,0x0000080c
LT,64,46,normal,OK,15570,-27224,12,21,0,105929,0x0000080c
LT,64,47,normal,OK,8016,-19922,15,30,0,139011,0x0000080c
LT,64,48,normal,OK,11228,-19551,11,7,0,58305,0x0000080c
LT,64,49,normal,OK,14812,-20654,12,17,0,91016,0x0000080c
LT,64,50,normal,OK,3149,-30574,13,15,0,89894,0x0000080c
LT,64,51,normal,OK,15529,-19241,10,15,0,118935,0x0000080c
LT,64,52,normal,OK,16156,-26932,16,43,3,248294,0x0000080c
LT,64,53,normal,OK,15570,-27224,13,21,0,138394,0x0000080c
LT,64,54,normal,OK,3486,-28677,11,22,0,104150,0x0000080c
LT,64,55,normal,OK,3149,-30574,6,5,0,68782,0x0000080c
LT,64,56,normal,OK,8016,-19922,7,4,0,38314,0x0000080c
LT,64,57,normal,OK,4246,-31407,12,15,0,57077,0x0000080c
LT,64,58,normal,OK,6463,-19424,6,5,0,53305,0x0000080c
LT,64,59,normal,OK,14562,-27299,15,34,0,156698,0x0000080c
LT,64,60,normal,OK,15048,-24121,10,15,0,103190,0x0000080c
LT,64,61,normal,OK,16156,-26932,12,21,0,121657,0x0000080c
LT,64,62,normal,OK,14622,-28245,13,27,0,122479,0x0000080c
LT,64,63,normal,OK,15273,-28381,13,24,0,137626,0x0000080c
LT,64,64,normal,OK,12822,-30595,16,32,0,139223,0x0000080c
LT,64,65,normal,OK,8671,-19865,16,39,0,140297,0x0000080c
LT,64,66,normal,OK,2162,-20710,10,7,0,56394,0x0000080c
LT,64,67,normal,OK,12888,-24207,13,19,0,107250,0x0000080c
LT,64,68,normal,OK,12822,-30595,2,0,0,2115,0x0000080c
LT,64,69,normal,OK,6463,-19424,17,36,0,171792,0x0000080c
LT,64,70,normal,OK,1951,-17282,14,28,0,153744,0x0000080c
LT,64,71,normal,OK,6760,-27408,6,3,0,36882,0x0000080c
LT,64,72,normal,OK,2687,-24767,9,10,0,70897,0x0000080c
LT,64,73,normal,OK,11308,-20891,3,1,0,18519,0x0000080c
LT,64,74,normal,OK,2843,-27723,14,26,0,106933,0x0000080c
LT,64,75,normal,OK,1089,-17865,13,25,0,106755,0x0000080c
LT,64,76,normal,OK,14236,-17629,9,10,0,86987,0x0000080c
LT,64,77,normal,OK,14499,-28296,15,31,0,154483,0x0000080c
LT,64,78,normal,OK,5518,-25251,6,5,0,53318,0x0000080c
LT,64,79,normal,OK,9407,-25706,3,1,0,19388,0x0000080c
LT,64,80,normal,OK,11830,-32530,14,26,0,153066,0x0000080c
LT,64,81,normal,OK,8016,-19922,7,6,0,53696,0x0000080c
LT,64,82,normal,OK,1173,-24863,8,6,0,23131,0x0000080c
LT,64,83,normal,OK,13442,-19364,8,7,0,55877,0x0000080c
LT,64,84,normal,OK,11994,-25266,10,14,0,87954,0x0000080c
LT,64,85,normal,OK,15570,-27224,12,21,0,105844,0x0000080c
LT,64,86,normal,OK,3149,-30574,10,10,0,88573,0x0000080c
LT,64,87,normal,OK,3372,-16463,11,10,0,73706,0x0000080c
LT,64,88,normal,OK,3372,-16463,11,14,0,73168,0x0000080c
LT,64,89,normal,OK,11575,-17397,14,27,0,107901,0x0000080c
LT,64,90,normal,OK,16156,-26932,13,12,0,92265,0x0000080c
LT,64,91,normal,OK,2828,-17484,15,24,0,124855,0x0000080c
LT,64,92,normal,OK,6760,-27408,11,13,0,73732,0x0000080c
LT,64,93,normal,OK,13360,-28930,9,11,0,55221,0x0000080c
LT,64,94,normal,OK,1173,-24863,13,21,0,106382,0x0000080c
LT,64,95,normal,OK,10396,-31067,17,47,3,232297,0x0000080c
LT,64,96,normal,OK,1951,-17282,15,26,0,123135,0x0000080c
LT,64,97,normal,OK,438,-30743,15,19,0,124162,0x0000080c
LT,64,98,normal,OK,2162,-20710,12,17,0,121088,0x0000080c
LT,64,99,normal,OK,10117,-21896,10,12,0,87331,0x0000080c
LT,256,0,normal,OK,2969,-25443,6,4,2,88436,0x0000080c
LT,256,1,normal,OK,2036,-24289,10,5,0,40024,0x0000080c
LT,256,2,normal,OK,2969,-25443,8,4,0,54559,0x0000080c
LT,256,3,normal,OK,16257,-25143,9,8,2,105704,0x0000080c
LT,256,4,normal,OK,4806,-18062,8,4,0,39217,0x0000080c
LT,256,5,normal,OK,13028,-23887,3,1,0,18904,0x0000080c
LT,256,6,normal,OK,4303,-27643,5,3,0,36545,0x0000080c
LT,256,7,normal,OK,75,-16955,7,5,0,53980,0x0000080c
LT,256,8,normal,OK,12888,-24207,9,4,0,56061,0x0000080c
LT,256,9,normal,OK,15465,-21388,7,3,0,39164,0x0000080c
LT,256,10,normal,OK,5232,-25821,7,6,0,54103,0x0000080c
LT,256,11,normal,OK,9837,-23102,4,2,0,19603,0x0000080c
LT,256,12,normal,OK,2572,-23848,2,1,0,17372,0x0000080c
LT,256,13,normal,OK,13764,-17666,8,8,0,54710,0x0000080c
LT,256,14,normal,OK,2343,-32692,6,7,0,37036,0x0000080c
LT,256,15,normal,OK,8016,-19922,10,7,0,56590,0x0000080c
LT,256,16,normal,OK,13887,-19044,7,6,0,37958,0x0000080c
LT,256,17,normal,OK,9334,-25762,6,5,0,37569,0x0000080c
LT,256,18,normal,OK,14662,-22014,9,8,0,56127,0x0000080c
LT,256,19,normal,OK,4230,-27491,10,10,0,72463,0x0000080c
LT,256,20,normal,OK,13764,-17666,2,1,0,18227,0x0000080c
LT,256,21,normal,OK,2971,-20420,9,4,0,23967,0x0000080c
LT,256,22,normal,OK,3486,-28677,2,1,0,17584,0x0000080c
LT,256,23,normal,OK,15952,-30688,3,2,0,19032,0x0000080c
LT,256,24,normal,OK,16334,-29822,4,3,0,19396,0x0000080c
LT,256,25,normal,OK,13309,-26568,8,4,0,54858,0x0000080c
LT,256,26,normal,OK,996,-23070,8,4,0,37852,0x0000080c
LT,256,27,normal,OK,16219,-29789,7,6,0,38000,0x0000080c
LT,256,28,normal,OK,11306,-29918,10,14,1,129174,0x0000080c
LT,256,29,normal,OK,1719,-28833,3,1,0,18755,0x0000080c
LT,256,30,normal,OK,5216,-32302,9,7,0,54943,0x0000080c
LT,256,31,normal,OK,11708,-22830,5,2,0,37220,0x0000080c
LT,256,32,normal,OK,12127,-28042,8,6,0,53987,0x0000080c
LT,256,33,normal,OK,6904,-18884,7,5,0,53373,0x0000080c
LT,256,34,normal,OK,329,-25772,5,3,0,36095,0x0000080c
LT,256,35,normal,OK,10388,-25852,6,6,0,53283,0x0000080c
LT,256,36,normal,OK,16314,-29269,6,3,0,37690,0x0000080c
LT,256,37,normal,OK,8050,-21247,6,5,0,68369,0x0000080c
LT,256,38,normal,OK,2162,-20710,7,7,0,70117,0x0000080c
LT,256,39,normal,OK,187,-22178,10,10,0,104596,0x0000080c
LT,256,40,normal,OK,12399,-20869,6,5,0,52827,0x0000080c
LT,256,41,normal,OK,7611,-26746,5,4,0,52167,0x0000080c
LT,256,42,normal,OK,6463,-19424,6,2,0,37167,0x0000080c
LT,256,43,normal,OK,11130,-31706,8,6,0,71245,0x0000080c
LT,256,44,normal,OK,14784,-16651,7,2,0,37962,0x0000080c
LT,256,45,normal,OK,9350,-23396,6,4,0,53266,0x0000080c
LT,256,46,normal,OK,14589,-23621,11,15,0,89135,0x0000080c
LT,256,47,normal,OK,12974,-31246,8,3,0,39354,0x0000080c
LT,256,48,normal,OK,6252,-19608,5,1,0,20440,0x0000080c
LT,256,49,normal,OK,13185,-27169,5,2,0,20450,0x0000080c
LT,256,50,normal,OK,3074,-20707,13,15,1,114884,0x0000080c
LT,256,51,normal,OK,5216,-32302,1,0,0,1233,0x0000080c
LT,256,52,normal,OK,16206,-23632,12,12,0,106364,0x0000080c
LT,256,53,normal,OK,4806,-18062,10,11,0,88785,0x0000080c
LT,256,54,normal,OK,14499,-28296,9,13,0,86937,0x0000080c
LT,256,55,normal,OK,3149,-30574,6,5,0,68850,0x0000080c
LT,256,56,normal,OK,12399,-20869,4,2,0,19515,0x0000080c
LT,256,57,normal,OK,10559,-18023,11,10,0,56397,0x0000080c
LT,256,58,normal,OK,3605,-26225,10,11,0,88984,0x0000080c
LT,256,59,normal,OK,1951,-17282,8,7,0,71030,0x0000080c
LT,256,60,normal,OK,5902,-24886,7,5,0,53475,0x0000080c
LT,256,61,normal,OK,6708,-32503,8,9,0,70543,0x0000080c
LT,256,62,normal,OK,6014,-16471,10,13,0,88427,0x0000080c
LT,256,63,normal,OK,5518,-25251,5,3,0,35848,0x0000080c
LT,256,64,normal,OK,2343,-32692,10,10,0,56328,0x0000080c
LT,256,65,normal,OK,4230,-27491,3,1,0,18560,0x0000080c
LT,256,66,normal,OK,11977,-25277,3,1,0,18834,0x0000080c
LT,256,67,normal,OK,1277,-26421,11,15,0,88899,0x0000080c
LT,256,68,normal,OK,12822,-30595,2,0,0,2115,0x0000080c
LT,256,69,normal,OK,1344,-26656,8,6,0,54326,0x0000080c
LT,256,70,normal,OK,2971,-20420,2,1,0,17437,0x0000080c
LT,256,71,normal,OK,15725,-31609,11,10,0,105707,0x0000080c
LT,256,72,normal,OK,2658,-18659,9,10,0,70985,0x0000080c
LT,256,73,normal,OK,13185,-27169,5,4,0,36005,0x0000080c
LT,256,74,normal,OK,11575,-17397,3,1,0,18699,0x0000080c
LT,256,75,normal,OK,6463,-19424,4,3,0,19417,0x0000080c
LT,256,76,normal,OK,14236,-17629,9,10,0,87106,0x0000080c
LT,256,77,normal,OK,6252,-19608,4,1,0,18909,0x0000080c
LT,256,78,normal,OK,7640,-30933,7,7,0,54095,0x0000080c
LT,256,79,normal,OK,9407,-25706,3,1,0,19372,0x0000080c
LT,256,80,normal,OK,9078,-27959,8,4,0,53751,0x0000080c
LT,256,81,normal,OK,8050,-21247,4,2,0,35055,0x0000080c
LT,256,82,normal,OK,15049,-32471,3,1,0,19295,0x0000080c
LT,256,83,normal,OK,13544,-19201,6,4,0,37627,0x0000080c
LT,256,84,normal,OK,14794,-24299,7,6,0,37743,0x0000080c
LT,256,85,normal,OK,7964,-27918,8,7,0,55059,0x0000080c
LT,256,86,normal,OK,3124,-18325,10,10,0,88633,0x0000080c
LT,256,87,normal,OK,13074,-16790,7,7,0,38112,0x0000080c
LT,256,88,normal,OK,7964,-27918,4,1,0,19458,0x0000080c
LT,256,89,normal,OK,14979,-30644,7,6,0,38507,0x0000080c
LT,256,90,normal,OK,12205,-22159,3,1,0,18809,0x0000080c
LT,256,91,normal,OK,10100,-21223,4,1,0,19991,0x0000080c
LT,256,92,normal,OK,2971,-20420,11,13,0,73500,0x0000080c
LT,256,93,normal,OK,14349,-16530,8,8,0,54352,0x0000080c
LT,256,94,normal,OK,6004,-28307,6,2,0,36694,0x0000080c
LT,256,95,normal,OK,4806,-18062,10,12,0,88155,0x0000080c
LT,256,96,normal,OK,2767,-19886,10,12,0,72093,0x0000080c
LT,256,97,normal,OK,2969,-25443,7,5,0,37612,0x0000080c
LT,256,98,normal,OK,7640,-30933,8,5,0,70978,0x0000080c
LT,256,99,normal,OK,10209,-30215,10,12,0,87356,0x0000080c
GT,1,0,normal,OK,12148,26989,21,119,38,1176838,0x0000080c
GT,1,1,normal,OK,12148,26989,25,259,41,1268695,0x0000080c
GT,1,2,normal,OK,12148,26989,17,56,0,156738,0x0000080c
GT,1,3,normal,OK,12148,26989,28,307,0,339665,0x0000080c
GT,1,4,normal,OK,12148,26989,23,182,0,271827,0x0000080c
GT,1,5,normal,OK,12148,26989,27,221,0,305760,0x0000080c
GT,1,6,normal,OK,12148,26989,24,207,0,303544,0x0000080c
GT,1,7,normal,OK,12148,26989,22,128,0,271620,0x0000080c
GT,1,8,normal,OK,12148,26989,25,183,0,289729,0x0000080c
GT,1,9,normal,OK,12148,26989,25,189,0,244402,0x0000080c
GT,1,10,normal,OK,12148,26989,28,357,19,815224,0x0000080c
GT,1,11,normal,OK,12148,26989,29,407,15,730554,0x0000088c
GT,1,12,normal,OK,12148,26989,22,142,0,255300,0x0000080c
GT,1,13,normal,OK,12148,26989,23,179,0,242901,0x0000080c
GT,1,14,normal,OK,12148,26989,20,99,0,207444,0x0000080c
GT,1,15,normal,OK,12148,26989,24,156,0,258503,0x0000080c
GT,1,16,normal,OK,12148,26989,16,57,0,124772,0x0000080c
GT,1,17,normal,OK,12148,26989,17,51,0,173998,0x0000080c
GT,1,18,normal,OK,12148,26989,21,101,0,224314,0x0000080c
GT,1,19,normal,OK,12148,26989,26,235,0,306563,0x0000080c
GT,1,20,normal,OK,12148,26989,17,58,0,173448,0x0000080c
GT,1,21,normal,OK,12148,26989,13,18,0,90007,0x0000080c
GT,1,22,normal,OK,12148,26989,24,178,0,288513,0x0000080c
GT,1,23,normal,OK,12148,26989,25,245,0,337633,0x0000080c
GT,1,24,normal,OK,12148,26989,22,182,0,301959,0x0000080c
GT,1,25,normal,OK,12148,26989,25,210,0,321178,0x0000080c
GT,1,26,normal,OK,12148,26989,23,140,0,238879,0x0000080c
GT,1,27,normal,OK,12148,26989,26,226,0,320781,0x0000080c
GT,1,28,normal,OK,12148,26989,22,112,0,272403,0x0000080c
GT,1,29,normal,OK,12148,26989,22,160,0,238949,0x0000080c
GT,1,30,normal,OK,12148,26989,26,241,0,289717,0x0000080c
GT,1,31,normal,OK,12148,26989,25,224,0,336908,0x0000080c
GT,1,32,normal,OK,12148,26989,27,325,0,291356,0x0000080c
GT,1,33,normal,OK,12148,26989,26,333,0,320130,0x0000080c
GT,1,34,normal,OK,12148,26989,27,290,0,353723,0x0000080c
GT,1,35,normal,OK,12148,26989,22,146,0,226220,0x0000080c
GT,1,36,normal,OK,12148,26989,29,386,0,324738,0x0000080c
GT,1,37,normal,OK,12148,26989,27,400,0,370071,0x0000080c
GT,1,38,normal,OK,12148,26989,13,31,0,153874,0x0000080c
GT,1,39,normal,OK,12148,26989,24,205,0,290154,0x0000080c
GT,1,40,normal,OK,12148,26989,22,119,0,254517,0x0000080c
GT,1,41,normal,OK,12148,26989,25,258,0,320452,0x0000080c
GT,1,42,normal,OK,12148,26989,22,154,0,240976,0x0000080c
GT,1,43,normal,OK,12148,26989,32,337,0,422785,0x0000080c
GT,1,44,normal,OK,12148,26989,27,263,0,322199,0x0000080c
GT,1,45,normal,OK,12148,26989,18,66,0,173421,0x0000080c
GT,1,46,normal,OK,12148,26989,25,235,0,305031,0x0000080c
GT,1,47,normal,OK,12148,26989,20,95,0,206041,0x0000080c
GT,1,48,normal,OK,12148,26989,21,63,0,178624,0x0000080c
GT,1,49,normal,OK,12148,26989,27,353,0,292936,0x0000080c
GT,1,50,normal,OK,12148,26989,17,35,0,141255,0x0000080c
GT,1,51,normal,OK,12148,26989,27,252,0,368468,0x0000080c
GT,1,52,normal,OK,12148,26989,26,256,0,338929,0x0000080c
GT,1,53,normal,OK,12148,26989,21,115,0,255811,0x0000080c
GT,1,54,normal,OK,12148,26989,23,156,0,288054,0x0000080c
GT,1,55,normal,OK,12148,26989,23,124,0,303909,0x0000080c
GT,1,56,normal,OK,12148,26989,23,142,0,257109,0x0000080c
GT,1,57,normal,OK,12148,26989,22,166,0,223129,0x0000080c
GT,1,58,normal,OK,12148,26989,26,195,0,338120,0x0000080c
GT,1,59,normal,OK,12148,26989,30,396,0,374805,0x0000080c
GT,1,60,normal,OK,12148,26989,15,39,0,186250,0x0000080c
GT,1,61,normal,OK,12148,26989,24,183,0,306067,0x0000080c
GT,1,62,normal,OK,12148,26989,18,63,0,189659,0x0000080c
GT,1,63,normal,OK,12148,26989,23,116,0,303788,0x0000080c
GT,1,64,normal,OK,12148,26989,18,52,0,171966,0x0000080c
GT,1,65,normal,OK,12148,26989,26,277,0,275675,0x0000080c
GT,1,66,normal,OK,12148,26989,27,311,0,306901,0x0000080c
GT,1,67,normal,OK,12148,26989,24,153,0,274413,0x0000080c
GT,1,68,normal,OK,12148,26989,22,110,0,209514,0x0000080c
GT,1,69,normal,OK,12148,26989,25,221,0,304628,0x0000080c
GT,1,70,normal,OK,12148,26989,26,243,0,304829,0x0000080c
GT,1,71,normal,OK,12148,26989,21,87,0,240011,0x0000080c
GT,1,72,normal,OK,12148,26989,23,217,0,286918,0x0000080c
GT,1,73,normal,OK,12148,26989,21,100,0,224706,0x0000080c
GT,1,74,normal,OK,12148,26989,22,172,0,239411,0x0000080c
GT,1,75,normal,OK,12148,26989,22,140,0,240632,0x0000080c
GT,1,76,normal,OK,12148,26989,23,149,0,302850,0x0000080c
GT,1,77,normal,OK,12148,26989,17,45,0,187707,0x0000080c
GT,1,78,normal,OK,12148,26989,25,177,0,320709,0x0000080c
GT,1,79,normal,OK,12148,26989,27,314,0,355283,0x0000080c
GT,1,80,normal,OK,12148,26989,26,269,0,321821,0x0000080c
GT,1,81,normal,OK,12148,26989,21,116,0,191534,0x0000080c
GT,1,82,normal,OK,12148,26989,21,121,0,223028,0x0000080c
GT,1,83,normal,OK,12148,26989,28,374,0,356718,0x0000080c
GT,1,84,normal,OK,12148,26989,20,107,0,238064,0x0000080c
GT,1,85,normal,OK,12148,26989,12,21,0,105799,0x0000080c
GT,1,86,normal,OK,12148,26989,24,200,0,290582,0x0000080c
GT,1,87,normal,OK,12148,26989,28,389,0,340894,0x0000080c
GT,1,88,normal,OK,12148,26989,24,199,0,272595,0x0000080c
GT,1,89,normal,OK,12148,26989,23,150,0,241686,0x0000080c
GT,1,90,normal,OK,12148,26989,23,110,0,227224,0x0000080c
GT,1,91,normal,OK,12148,26989,26,241,0,306438,0x0000080c
GT,1,92,normal,OK,12148,26989,26,354,0,321413,0x0000080c
GT,1,93,normal,OK,12148,26989,21,119,0,191842,0x0000080c
GT,1,94,normal,OK,12148,26989,21,130,0,239033,0x0000080c
GT,1,95,normal,OK,12148,26989,25,214,0,289351,0x0000080c
GT,1,96,normal,OK,12148,26989,21,108,0,206879,0x0000080c
GT,1,97,normal,OK,12148,26989,26,325,0,306712,0x0000080c
GT,1,98,normal,OK,12148,26989,22,153,0,270985,0x0000080c
GT,1,99,normal,OK,12148,26989,21,101,0,223940,0x0000080c
GT,4,0,normal,OK,14541,30711,21,119,38,1177092,0x0000080c
GT,4,1,normal,OK,2460,23714,20,81,0,174690,0x0000080c
GT,4,2,normal,OK,10937,16908,20,120,0,206653,0x0000080c
GT,4,3,normal,OK,14541,30711,18,56,0,189867,0x0000080c
GT,4,4,normal,OK,10937,16908,20,108,0,222108,0x0000080c
GT,4,5,normal,OK,2460,23714,22,136,2,272871,0x0000080c
GT,4,6,normal,OK,10937,16908,17,68,0,187893,0x0000080c
GT,4,7,normal,OK,2460,23714,14,36,0,169732,0x0000080c
GT,4,8,normal,OK,2460,23714,25,183,7,464989,0x0000080c
GT,4,9,normal,OK,14541,30711,24,148,7,403278,0x0000080c
GT,4,10,normal,OK,14541,30711,15,35,0,139485,0x0000080c
GT,4,11,normal,OK,2460,23714,19,85,0,205249,0x0000080c
GT,4,12,normal,OK,2460,23714,17,32,0,172561,0x0000080c
GT,4,13,normal,OK,10937,16908,12,24,0,105476,0x0000080c
GT,4,14,normal,OK,14541,30711,14,29,0,123679,0x0000080c
GT,4,15,normal,OK,14541,30711,21,85,0,208414,0x0000080c
GT,4,16,normal,OK,12148,26989,23,175,0,240993,0x0000080c
GT,4,17,normal,OK,12148,26989,17,51,0,174153,0x0000080c
GT,4,18,normal,OK,14541,30711,9,8,0,55881,0x0000080c
GT,4,19,normal,OK,2460,23714,21,82,0,223470,0x0000080c
GT,4,20,normal,OK,14541,30711,13,20,0,106868,0x0000080c
GT,4,21,normal,OK,12148,26989,13,18,0,89832,0x0000080c
GT,4,22,normal,OK,10937,16908,20,92,0,222391,0x0000080c
GT,4,23,normal,OK,2460,23714,20,88,0,254756,0x0000080c
GT,4,24,normal,OK,2460,23714,18,73,0,235718,0x0000080c
GT,4,25,normal,OK,10937,16908,20,100,0,238207,0x0000080c
GT,4,26,normal,OK,14541,30711,16,39,0,123340,0x0000080c
GT,4,27,normal,OK,14541,30711,18,56,0,188698,0x0000080c
GT,4,28,normal,OK,10937,16908,18,54,0,221432,0x0000080c
GT,4,29,normal,OK,14541,30711,7,6,0,54506,0x0000080c
GT,4,30,normal,OK,2460,23714,19,63,0,174194,0x0000080c
GT,4,31,normal,OK,14541,30711,21,106,0,270461,0x0000080c
GT,4,32,normal,OK,12148,26989,10,12,0,71893,0x0000080c
GT,4,33,normal,OK,2460,23714,17,57,0,171046,0x0000080c
GT,4,34,normal,OK,2460,23714,25,171,0,320043,0x0000080c
GT,4,35,normal,OK,10937,16908,18,73,0,159696,0x0000080c
GT,4,36,normal,OK,14541,30711,23,180,0,225364,0x0000080c
GT,4,37,normal,OK,2460,23714,12,17,0,136991,0x0000080c
GT,4,38,normal,OK,10937,16908,21,123,0,270283,0x0000080c
GT,4,39,normal,OK,14541,30711,21,105,0,240659,0x0000080c
GT,4,40,normal,OK,12148,26989,22,119,0,254655,0x0000080c
GT,4,41,normal,OK,12148,26989,17,61,0,188190,0x0000080c
GT,4,42,normal,OK,14541,30711,18,75,0,189798,0x0000080c
GT,4,43,normal,OK,2460,23714,21,141,0,271058,0x0000080c
GT,4,44,normal,OK,2460,23714,16,44,0,155475,0x0000080c
GT,4,45,normal,OK,10937,16908,16,40,0,156048,0x0000080c
GT,4,46,normal,OK,10937,16908,24,164,0,288349,0x0000080c
GT,4,47,normal,OK,12148,26989,19,76,0,189534,0x0000080c
GT,4,48,normal,OK,14541,30711,25,157,0,244711,0x0000080c
GT,4,49,normal,OK,14541,30711,23,148,0,226401,0x0000080c
GT,4,50,normal,OK,12148,26989,16,32,0,124754,0x0000080c
GT,4,51,normal,OK,10937,16908,20,88,0,268359,0x0000080c
GT,4,52,normal,OK,10937,16908,15,28,0,156375,0x0000080c
GT,4,53,normal,OK,12148,26989,18,49,0,206334,0x0000080c
GT,4,54,normal,OK,10937,16908,22,121,0,271697,0x0000080c
GT,4,55,normal,OK,2460,23714,23,124,0,303150,0x0000080c
GT,4,56,normal,OK,10937,16908,17,37,0,157802,0x0000080c
GT,4,57,normal,OK,14541,30711,21,126,0,205859,0x0000080c
GT,4,58,normal,OK,2460,23714,15,37,0,171928,0x0000080c
GT,4,59,normal,OK,12148,26989,26,163,0,308100,0x0000080c
GT,4,60,normal,OK,2460,23714,22,170,0,286459,0x0000080c
GT,4,61,normal,OK,14541,30711,17,47,0,189629,0x0000080c
GT,4,62,normal,OK,10937,16908,15,37,0,140074,0x0000080c
GT,4,63,normal,OK,10937,16908,26,195,0,353858,0x0000080c
GT,4,64,normal,OK,2460,23714,23,129,0,254727,0x0000080c
GT,4,65,normal,OK,14541,30711,23,131,1,251087,0x0000080c
GT,4,66,normal,OK,2460,23714,24,119,0,257049,0x0000080c
GT,4,67,normal,OK,10937,16908,22,105,0,241036,0x0000080c
GT,4,68,normal,OK,10937,16908,22,110,0,209481,0x0000080c
GT,4,69,normal,OK,10937,16908,23,160,0,272059,0x0000080c
GT,4,70,normal,OK,2460,23714,21,82,0,237983,0x0000080c
GT,4,71,normal,OK,12148,26989,19,45,0,207252,0x0000080c
GT,4,72,normal,OK,2460,23714,9,10,0,70954,0x0000080c
GT,4,73,normal,OK,2460,23714,21,100,0,224483,0x0000080c
GT,4,74,normal,OK,12148,26989,23,212,0,255829,0x0000080c
GT,4,75,normal,OK,2460,23714,22,140,0,239920,0x0000080c
GT,4,76,normal,OK,10937,16908,17,64,0,204231,0x0000080c
GT,4,77,normal,OK,12148,26989,24,189,0,302976,0x0000080c
GT,4,78,normal,OK,10937,16908,10,11,0,88149,0x0000080c
GT,4,79,normal,OK,2460,23714,24,138,0,305491,0x0000080c
GT,4,80,normal,OK,14541,30711,21,89,0,238930,0x0000080c
GT,4,81,normal,OK,2460,23714,13,28,0,90325,0x0000080c
GT,4,82,normal,OK,10937,16908,20,84,0,206176,0x0000080c
GT,4,83,normal,OK,14541,30711,19,79,0,207019,0x0000080c
GT,4,84,normal,OK,14541,30711,18,66,0,204959,0x0000080c
GT,4,85,normal,OK,2460,23714,16,32,0,171796,0x0000080c
GT,4,86,normal,OK,12148,26989,21,91,0,240927,0x0000080c
GT,4,87,normal,OK,14541,30711,22,146,0,255687,0x0000080c
GT,4,88,normal,OK,10937,16908,16,48,0,155162,0x0000080c
GT,4,89,normal,OK,12148,26989,21,91,0,208467,0x0000080c
GT,4,90,normal,OK,2460,23714,23,110,0,226781,0x0000080c
GT,4,91,normal,OK,14541,30711,20,100,0,207365,0x0000080c
GT,4,92,normal,OK,10937,16908,22,146,0,255241,0x0000080c
GT,4,93,normal,OK,12148,26989,20,96,0,191092,0x0000080c
GT,4,94,normal,OK,10937,16908,18,62,0,189563,0x0000080c
GT,4,95,normal,OK,10937,16908,17,47,0,157044,0x0000080c
GT,4,96,normal,OK,10937,16908,19,74,0,173658,0x0000080c
GT,4,97,normal,OK,2460,23714,16,33,0,140724,0x0000080c
GT,4,98,normal,OK,14541,30711,16,45,0,187158,0x0000080c
GT,4,99,normal,OK,14541,30711,21,101,0,223872,0x0000080c
GT,16,0,normal,OK,7119,21276,25,308,70,2012866,0x0000080c
GT,16,1,normal,OK,13499,22948,11,9,0,56776,0x0000080c
GT,16,2,normal,OK,12148,26989,17,56,0,156576,0x0000080c
GT,16,3,normal,OK,9616,21800,10,13,0,72195,0x0000080c
GT,16,4,normal,OK,13499,22948,12,17,0,90244,0x0000080c
GT,16,5,normal,OK,10937,16908,19,57,0,173525,0x0000080c
GT,16,6,normal,OK,6979,19071,17,68,0,187848,0x0000080c
GT,16,7,normal,OK,86,26850,7,5,0,53877,0x0000080c
GT,16,8,normal,OK,6322,19210,19,76,0,205928,0x0000080c
GT,16,9,normal,OK,9359,25296,17,40,0,127411,0x0000080c
GT,16,10,normal,OK,14644,22285,15,35,0,139649,0x0000080c
GT,16,11,normal,OK,1999,28193,17,57,0,171606,0x0000080c
GT,16,12,normal,OK,86,26850,14,20,0,123042,0x0000080c
GT,16,13,normal,OK,14644,22285,12,24,0,105730,0x0000080c
GT,16,14,normal,OK,14644,22285,12,19,0,90286,0x0000080c
GT,16,15,normal,OK,9669,18554,16,39,0,140895,0x0000080c
GT,16,16,normal,OK,9098,29117,10,16,0,56485,0x0000080c
GT,16,17,normal,OK,13499,22948,15,30,0,140930,0x0000080c
GT,16,18,normal,OK,14541,30711,9,8,0,56082,0x0000080c
GT,16,19,normal,OK,9669,18554,16,35,0,141081,0x0000080c
GT,16,20,normal,OK,10937,16908,16,46,0,156763,0x0000080c
GT,16,21,normal,OK,6979,19071,12,12,0,73234,0x0000080c
GT,16,22,normal,OK,15344,21024,17,48,0,188198,0x0000080c
GT,16,23,normal,OK,9359,25296,12,21,0,122954,0x0000080c
GT,16,24,normal,OK,9098,29117,11,21,0,119145,0x0000080c
GT,16,25,normal,OK,15344,21024,16,38,0,171491,0x0000080c
GT,16,26,normal,OK,9359,25296,12,13,0,88715,0x0000080c
GT,16,27,normal,OK,7119,21276,12,17,0,89212,0x0000080c
GT,16,28,normal,OK,10937,16908,10,14,0,103952,0x0000080c
GT,16,29,normal,OK,6979,19071,10,14,0,72676,0x0000080c
GT,16,30,normal,OK,9359,25296,17,38,0,156186,0x0000080c
GT,16,31,normal,OK,9669,18554,8,6,0,87155,0x0000080c
GT,16,32,normal,OK,9616,21800,21,70,0,207911,0x0000080c
GT,16,33,normal,OK,10937,16908,11,17,0,88291,0x0000080c
GT,16,34,normal,OK,9359,25296,19,84,0,221644,0x0000080c
GT,16,35,normal,OK,9359,25296,18,73,0,159436,0x0000080c
GT,16,36,normal,OK,7119,21276,14,23,0,108345,0x0000080c
GT,16,37,normal,OK,9359,25296,16,28,0,188023,0x0000080c
GT,16,38,normal,OK,15344,21024,15,40,0,171620,0x0000080c
GT,16,39,normal,OK,13499,22948,16,45,0,157800,0x0000080c
GT,16,40,normal,OK,6979,19071,17,42,0,172150,0x0000080c
GT,16,41,normal,OK,86,26850,14,29,0,138720,0x0000080c
GT,16,42,normal,OK,7119,21276,11,12,0,89257,0x0000080c
GT,16,43,normal,OK,10937,16908,8,6,0,70959,0x0000080c
GT,16,44,normal,OK,1999,28193,14,28,0,122600,0x0000080c
GT,16,45,normal,OK,12148,26989,18,66,0,173283,0x0000080c
GT,16,46,normal,OK,6979,19071,9,10,0,71169,0x0000080c
GT,16,47,normal,OK,86,26850,9,6,0,55840,0x0000080c
GT,16,48,normal,OK,10937,16908,11,7,0,57956,0x0000080c
GT,16,49,normal,OK,14644,22285,12,17,0,91054,0x0000080c
GT,16,50,normal,OK,2460,23714,16,32,0,124452,0x0000080c
GT,16,51,normal,OK,13499,22948,18,60,0,235705,0x0000080c
GT,16,52,normal,OK,13499,22948,16,43,0,173183,0x0000080c
GT,16,53,normal,OK,9098,29117,18,49,0,205751,0x0000080c
GT,16,54,normal,OK,10937,16908,19,82,0,236743,0x0000080c
GT,16,55,normal,OK,13499,22948,17,43,0,220197,0x0000080c
GT,16,56,normal,OK,9669,18554,17,37,0,157790,0x0000080c
GT,16,57,normal,OK,86,26850,13,22,0,73424,0x0000080c
GT,16,58,normal,OK,2460,23714,17,62,0,205106,0x0000080c
GT,16,59,normal,OK,9616,21800,16,49,0,172642,0x0000080c
GT,16,60,normal,OK,12148,26989,15,39,0,186212,0x0000080c
GT,16,61,normal,OK,14644,22285,21,83,0,255999,0x0000080c
GT,16,62,normal,OK,14541,30711,15,37,0,140162,0x0000080c
GT,16,63,normal,OK,14644,22285,10,11,0,87514,0x0000080c
GT,16,64,normal,OK,12148,26989,16,32,0,139479,0x0000080c
GT,16,65,normal,OK,9098,29117,16,39,0,140264,0x0000080c
GT,16,66,normal,OK,1999,28193,10,7,0,56305,0x0000080c
GT,16,67,normal,OK,14644,22285,19,58,0,206551,0x0000080c
GT,16,68,normal,OK,7119,21276,21,81,0,192783,0x0000080c
GT,16,69,normal,OK,10937,16908,15,23,0,139467,0x0000080c
GT,16,70,normal,OK,9098,29117,15,40,0,170091,0x0000080c
GT,16,71,normal,OK,9098,29117,20,70,0,223479,0x0000080c
GT,16,72,normal,OK,2460,23714,9,10,0,70790,0x0000080c
GT,16,73,normal,OK,13499,22948,11,15,0,90263,0x0000080c
GT,16,74,normal,OK,10937,16908,15,35,0,123587,0x0000080c
GT,16,75,normal,OK,6322,19210,17,62,0,172682,0x0000080c
GT,16,76,normal,OK,2460,23714,18,67,0,220414,0x0000080c
GT,16,77,normal,OK,9669,18554,14,22,0,137700,0x0000080c
GT,16,78,normal,OK,86,26850,16,32,0,171973,0x0000080c
GT,16,79,normal,OK,86,26850,16,43,0,187861,0x0000080c
GT,16,80,normal,OK,7119,21276,17,53,0,187370,0x0000080c
GT,16,81,normal,OK,2460,23714,13,28,0,90266,0x0000080c
GT,16,82,normal,OK,9616,21800,20,84,0,206186,0x0000080c
GT,16,83,normal,OK,7119,21276,15,32,0,140993,0x0000080c
GT,16,84,normal,OK,1999,28193,17,46,0,188176,0x0000080c
GT,16,85,normal,OK,12148,26989,12,21,0,105747,0x0000080c
GT,16,86,normal,OK,13499,22948,13,24,0,138207,0x0000080c
GT,16,87,normal,OK,6979,19071,12,15,0,90153,0x0000080c
GT,16,88,normal,OK,86,26850,12,19,0,89510,0x0000080c
GT,16,89,normal,OK,10937,16908,17,50,0,157373,0x0000080c
GT,16,90,normal,OK,9669,18554,14,19,0,108897,0x0000080c
GT,16,91,normal,OK,13499,22948,15,24,0,124751,0x0000080c
GT,16,92,normal,OK,6979,19071,12,20,0,90063,0x0000080c
GT,16,93,normal,OK,7119,21276,15,45,0,123453,0x0000080c
GT,16,94,normal,OK,9616,21800,11,14,0,88648,0x0000080c
GT,16,95,normal,OK,9669,18554,17,47,0,157173,0x0000080c
GT,16,96,normal,OK,9669,18554,16,31,0,123944,0x0000080c
GT,16,97,normal,OK,6979,19071,11,11,0,73383,0x0000080c
GT,16,98,normal,OK,9098,29117,17,57,0,203555,0x0000080c
GT,16,99,normal,OK,10937,16908,16,42,0,156632,0x0000080c
GT,64,0,normal,OK,2932,26834,6,4,2,88247,0x0000080c
GT,64,1,normal,OK,9359,25296,13,14,3,134143,0x0000080c
GT,64,2,normal,OK,2954,18528,8,4,0,54649,0x0000080c
GT,64,3,normal,OK,9616,21800,10,13,0,72324,0x0000080c
GT,64,4,normal,OK,5262,22899,14,27,2,173016,0x0000080c
GT,64,5,normal,OK,7437,25617,10,5,0,40517,0x0000080c
GT,64,6,normal,OK,13683,28167,9,14,0,71160,0x0000080c
GT,64,7,normal,OK,86,26850,7,5,0,53867,0x0000080c
GT,64,8,normal,OK,14644,22285,12,20,0,105980,0x0000080c
GT,64,9,normal,OK,4668,16760,12,20,0,74816,0x0000080c
GT,64,10,normal,OK,1999,28193,9,9,0,71163,0x0000080c
GT,64,11,normal,OK,3178,30209,1,0,0,1179,0x0000080c
GT,64,12,normal,OK,86,26850,14,20,3,197486,0x0000080c
GT,64,13,normal,OK,11781,18398,9,12,0,71268,0x0000080c
GT,64,14,normal,OK,14644,22285,7,8,0,53954,0x0000080c
GT,64,15,normal,OK,8470,24127,7,1,0,22261,0x0000080c
GT,64,16,normal,OK,2932,26834,11,20,0,56426,0x0000080c
GT,64,17,normal,OK,13683,28167,15,30,0,140850,0x0000080c
GT,64,18,normal,OK,7437,25617,14,27,0,107901,0x0000080c
GT,64,19,normal,OK,10937,16908,20,56,0,207201,0x0000080c
GT,64,20,normal,OK,7437,25617,9,9,0,72130,0x0000080c
GT,64,21,normal,OK,14537,18801,16,38,5,249830,0x0000080c
GT,64,22,normal,OK,5169,20236,8,6,0,54129,0x0000080c
GT,64,23,normal,OK,16057,26038,10,13,0,89299,0x0000080c
GT,64,24,normal,OK,2932,26834,3,2,0,18390,0x0000080c
GT,64,25,normal,OK,3178,30209,6,3,0,36901,0x0000080c
GT,64,26,normal,OK,15049,21292,10,7,0,71136,0x0000080c
GT,64,27,normal,OK,10937,16908,13,22,0,105993,0x0000080c
GT,64,28,normal,OK,349,27683,8,7,0,86755,0x0000080c
GT,64,29,normal,OK,1999,28193,15,35,0,123487,0x0000080c
GT,64,30,normal,OK,9098,29117,14,21,0,106513,0x0000080c
GT,64,31,normal,OK,11917,23087,7,5,0,70506,0x0000080c
GT,64,32,normal,OK,5169,20236,12,18,0,89607,0x0000080c
GT,64,33,normal,OK,8298,19422,8,8,0,69781,0x0000080c
GT,64,34,normal,OK,8298,19422,8,8,0,70818,0x0000080c
GT,64,35,normal,OK,9098,29117,13,18,0,91731,0x0000080c
GT,64,36,normal,OK,7437,25617,19,77,2,225436,0x0000080c
GT,64,37,normal,OK,7859,30665,12,17,0,137143,0x0000080c
GT,64,38,normal,OK,9098,29117,9,12,0,103430,0x0000080c
GT,64,39,normal,OK,13499,22948,14,22,0,124768,0x0000080c
GT,64,40,normal,OK,8470,24127,11,14,0,88740,0x0000080c
GT,64,41,normal,OK,7119,21276,12,14,0,106099,0x0000080c
GT,64,42,normal,OK,6537,26623,6,2,0,37101,0x0000080c
GT,64,43,normal,OK,11781,18398,10,12,0,104444,0x0000080c
GT,64,44,normal,OK,2116,19170,14,28,0,122511,0x0000080c
GT,64,45,normal,OK,6322,19210,12,21,0,121100,0x0000080c
GT,64,46,normal,OK,7119,21276,9,10,0,71151,0x0000080c
GT,64,47,normal,OK,7859,30665,15,30,0,139084,0x0000080c
GT,64,48,normal,OK,6322,19210,5,1,0,20473,0x0000080c
GT,64,49,normal,OK,10501,19012,11,11,0,74139,0x0000080c
GT,64,50,normal,OK,2954,18528,13,15,0,89841,0x0000080c
GT,64,51,normal,OK,14537,18801,8,10,0,85985,0x0000080c
GT,64,52,normal,OK,3178,30209,12,12,0,106303,0x0000080c
GT,64,53,normal,OK,15576,30727,13,21,0,138322,0x0000080c
GT,64,54,normal,OK,14541,30711,9,13,0,86998,0x0000080c
GT,64,55,normal,OK,11080,32198,7,7,0,85353,0x0000080c
GT,64,56,normal,OK,10185,25984,16,25,0,141179,0x0000080c
GT,64,57,normal,OK,9631,31202,7,2,0,21427,0x0000080c
GT,64,58,normal,OK,6322,19210,12,18,0,122057,0x0000080c
GT,64,59,normal,OK,13683,28167,10,11,0,89158,0x0000080c
GT,64,60,normal,OK,12148,26989,9,10,0,86496,0x0000080c
GT,64,61,normal,OK,10501,19012,15,34,0,171712,0x0000080c
GT,64,62,normal,OK,14644,22285,13,27,0,122246,0x0000080c
GT,64,63,normal,OK,15344,21024,13,24,0,137828,0x0000080c
GT,64,64,normal,OK,86,26850,13,19,0,105364,0x0000080c
GT,64,65,normal,OK,9669,18554,11,12,0,73086,0x0000080c
GT,64,66,normal,OK,2116,19170,10,7,0,56345,0x0000080c
GT,64,67,normal,OK,5262,22899,17,34,0,173099,0x0000080c
GT,64,68,normal,OK,12968,16603,11,18,0,89145,0x0000080c
GT,64,69,normal,OK,2578,31110,8,6,0,54698,0x0000080c
GT,64,70,normal,OK,4668,16760,9,10,0,71070,0x0000080c
GT,64,71,normal,OK,4668,16760,16,27,0,157123,0x0000080c
GT,64,72,normal,OK,6537,26623,6,3,0,37603,0x0000080c
GT,64,73,normal,OK,2578,31110,17,35,0,158438,0x0000080c
GT,64,74,normal,OK,2932,26834,14,26,0,107082,0x0000080c
GT,64,75,normal,OK,6537,26623,4,3,0,19533,0x0000080c
GT,64,76,normal,OK,16017,22351,11,19,0,120239,0x0000080c
GT,64,77,normal,OK,6322,19210,4,1,0,18930,0x0000080c
GT,64,78,normal,OK,10501,19012,13,17,0,122357,0x0000080c
GT,64,79,normal,OK,5068,19298,5,3,0,36402,0x0000080c
GT,64,80,normal,OK,11080,32198,14,26,0,153719,0x0000080c
GT,64,81,normal,OK,10715,31474,11,18,0,72424,0x0000080c
GT,64,82,normal,OK,10501,19012,11,15,0,57828,0x0000080c
GT,64,83,normal,OK,7526,20953,14,23,0,124980,0x0000080c
GT,64,84,normal,OK,15092,16661,9,11,0,71195,0x0000080c
GT,64,85,normal,OK,12148,26989,11,14,0,89246,0x0000080c
GT,64,86,normal,OK,13683,28167,13,24,0,138304,0x0000080c
GT,64,87,normal,OK,11080,32198,6,5,0,37267,0x0000080c
GT,64,88,normal,OK,8900,27322,13,25,0,105983,0x0000080c
GT,64,89,normal,OK,11258,27039,10,13,0,57281,0x0000080c
GT,64,90,normal,OK,10937,16908,8,5,0,55503,0x0000080c
GT,64,91,normal,OK,2808,20620,15,24,0,124896,0x0000080c
GT,64,92,normal,OK,2932,26834,10,7,0,56877,0x0000080c
GT,64,93,normal,OK,4668,16760,11,19,0,72808,0x0000080c
GT,64,94,normal,OK,13499,22948,3,1,0,18409,0x0000080c
GT,64,95,normal,OK,9669,18554,17,47,1,182406,0x0000080c
GT,64,96,normal,OK,1969,29996,15,26,0,123023,0x0000080c
GT,64,97,normal,OK,569,20217,4,1,0,19699,0x0000080c
GT,64,98,normal,OK,1068,20482,7,3,0,54556,0x0000080c
GT,64,99,normal,OK,10501,19012,16,42,0,156588,0x0000080c
GT,256,0,normal,OK,6194,21743,4,2,1,45491,0x0000080c
GT,256,1,normal,OK,16378,30332,2,0,0,2505,0x0000080c
GT,256,2,normal,OK,8111,30919,7,3,1,62706,0x0000080c
GT,256,3,normal,OK,16057,26038,9,8,2,106057,0x0000080c
GT,256,4,normal,OK,7054,22624,1,0,0,1304,0x0000080c
GT,256,5,normal,OK,1569,17806,4,2,0,18798,0x0000080c
GT,256,6,normal,OK,16057,26038,2,1,0,18337,0x0000080c
GT,256,7,normal,OK,8111,30919,10,14,1,128439,0x0000080c
GT,256,8,normal,OK,3262,18088,11,13,0,89281,0x0000080c
GT,256,9,normal,OK,15398,22207,7,3,0,39020,0x0000080c
GT,256,10,normal,OK,2261,32679,3,2,0,18667,0x0000080c
GT,256,11,normal,OK,3178,30209,1,0,0,1179,0x0000080c
GT,256,12,normal,OK,86,26850,14,20,5,247810,0x0000080c
GT,256,13,normal,OK,7345,32287,6,5,0,36805,0x0000080c
GT,256,14,normal,OK,14618,25652,7,8,0,53927,0x0000080c
GT,256,15,normal,OK,6024,20409,3,0,0,2938,0x0000080c
GT,256,16,normal,OK,7859,30665,8,8,0,38255,0x0000080c
GT,256,17,normal,OK,11280,20121,8,9,0,70722,0x0000080c
GT,256,18,normal,OK,14537,18801,9,8,0,55971,0x0000080c
GT,256,19,normal,OK,10420,24885,5,1,0,20585,0x0000080c
GT,256,20,normal,OK,14509,22808,6,3,0,37834,0x0000080c
GT,256,21,normal,OK,2778,28454,9,4,0,23957,0x0000080c
GT,256,22,normal,OK,12247,19745,7,3,0,37585,0x0000080c
GT,256,23,normal,OK,15827,28165,7,5,0,55083,0x0000080c
GT,256,24,normal,OK,16338,30402,4,3,0,19440,0x0000080c
GT,256,25,normal,OK,5899,19232,2,1,0,18097,0x0000080c
GT,256,26,normal,OK,8864,26133,12,13,0,88610,0x0000080c
GT,256,27,normal,OK,6587,31055,11,13,0,72639,0x0000080c
GT,256,28,normal,OK,15049,21292,4,2,0,35983,0x0000080c
GT,256,29,normal,OK,15592,21080,6,4,0,53472,0x0000080c
GT,256,30,normal,OK,5257,30311,9,7,0,55127,0x0000080c
GT,256,31,normal,OK,15986,29937,4,2,0,35979,0x0000080c
GT,256,32,normal,OK,389,18724,5,2,0,36034,0x0000080c
GT,256,33,normal,OK,7345,32287,5,2,0,20382,0x0000080c
GT,256,34,normal,OK,13499,22948,4,1,0,19827,0x0000080c
GT,256,35,normal,OK,10128,20312,6,6,0,53399,0x0000080c
GT,256,36,normal,OK,16338,30402,6,3,0,37637,0x0000080c
GT,256,37,normal,OK,13426,21020,4,2,0,35494,0x0000080c
GT,256,38,normal,OK,15049,21292,5,4,0,37044,0x0000080c
GT,256,39,normal,OK,943,20053,5,4,0,51951,0x0000080c
GT,256,40,normal,OK,13451,24112,3,1,0,18921,0x0000080c
GT,256,41,normal,OK,745,17423,2,1,0,17530,0x0000080c
GT,256,42,normal,OK,15092,16661,8,2,0,39595,0x0000080c
GT,256,43,normal,OK,10784,24389,8,6,0,70558,0x0000080c
GT,256,44,normal,OK,4260,25069,12,13,0,105384,0x0000080c
GT,256,45,normal,OK,9098,29117,6,4,0,53205,0x0000080c
GT,256,46,normal,OK,15827,28165,5,2,0,20587,0x0000080c
GT,256,47,normal,OK,12819,29797,8,3,0,39507,0x0000080c
GT,256,48,normal,OK,10784,24389,11,7,0,58317,0x0000080c
GT,256,49,normal,OK,16035,26235,8,5,0,55332,0x0000080c
GT,256,50,normal,OK,8254,18531,4,1,0,19121,0x0000080c
GT,256,51,normal,OK,3067,28255,7,7,0,69179,0x0000080c
GT,256,52,normal,OK,13426,21020,11,9,0,90113,0x0000080c
GT,256,53,normal,OK,4886,31721,10,11,0,88628,0x0000080c
GT,256,54,normal,OK,4260,25069,8,9,0,69961,0x0000080c
GT,256,55,normal,OK,3077,26085,6,5,0,68798,0x0000080c
GT,256,56,normal,OK,7859,30665,7,4,0,38205,0x0000080c
GT,256,57,normal,OK,9616,21800,7,2,0,21515,0x0000080c
GT,256,58,normal,OK,8254,18531,5,4,0,36710,0x0000080c
GT,256,59,normal,OK,5899,19232,11,14,0,105573,0x0000080c
GT,256,60,normal,OK,838,17066,6,3,0,37022,0x0000080c
GT,256,61,normal,OK,3077,26085,10,13,0,103669,0x0000080c
GT,256,62,normal,OK,6083,16900,10,13,0,88362,0x0000080c
GT,256,63,normal,OK,14620,28124,10,11,0,87736,0x0000080c
GT,256,64,normal,OK,13954,28289,9,6,0,39887,0x0000080c
GT,256,65,normal,OK,14141,31377,7,5,0,38223,0x0000080c
GT,256,66,normal,OK,11917,23087,3,1,0,18871,0x0000080c
GT,256,67,normal,OK,7232,17025,6,6,0,53626,0x0000080c
GT,256,68,normal,OK,9146,30642,7,4,0,38243,0x0000080c
GT,256,69,normal,OK,12819,29797,2,1,0,18064,0x0000080c
GT,256,70,normal,OK,4334,22057,9,10,0,71038,0x0000080c
GT,256,71,normal,OK,15289,23833,8,6,0,70575,0x0000080c
GT,256,72,normal,OK,2282,31718,9,10,0,70896,0x0000080c
GT,256,73,normal,OK,11249,20891,3,1,0,18460,0x0000080c
GT,256,74,normal,OK,3178,30209,7,4,0,53775,0x0000080c
GT,256,75,normal,OK,2780,28208,9,9,0,56541,0x0000080c
GT,256,76,normal,OK,6194,21743,7,4,0,53841,0x0000080c
GT,256,77,normal,OK,9359,25296,7,5,0,53720,0x0000080c
GT,256,78,normal,OK,12753,30202,5,3,0,36700,0x0000080c
GT,256,79,normal,OK,6587,31055,7,5,0,54194,0x0000080c
GT,256,80,normal,OK,8134,25012,10,10,0,87511,0x0000080c
GT,256,81,normal,OK,7991,23470,4,2,0,35117,0x0000080c
GT,256,82,normal,OK,7859,30665,9,10,0,39795,0x0000080c
GT,256,83,normal,OK,13499,22948,6,4,0,37606,0x0000080c
GT,256,84,normal,OK,14887,23275,9,11,0,71086,0x0000080c
GT,256,85,normal,OK,3077,26085,6,5,0,36936,0x0000080c
GT,256,86,normal,OK,1569,17806,2,1,0,17871,0x0000080c
GT,256,87,normal,OK,11032,17393,6,5,0,37371,0x0000080c
GT,256,88,normal,OK,7900,20548,4,1,0,19334,0x0000080c
GT,256,89,normal,OK,12120,17967,4,2,0,20012,0x0000080c
GT,256,90,normal,OK,1317,28061,6,3,0,37368,0x0000080c
GT,256,91,normal,OK,8900,27322,8,3,0,39455,0x0000080c
GT,256,92,normal,OK,8316,21095,8,4,0,39383,0x0000080c
GT,256,93,normal,OK,11249,20891,2,1,0,17853,0x0000080c
GT,256,94,normal,OK,2932,26834,7,3,0,37549,0x0000080c
GT,256,95,normal,OK,8134,25012,4,2,0,19919,0x0000080c
GT,256,96,normal,OK,2460,23714,10,12,0,72036,0x0000080c
GT,256,97,normal,OK,2808,20620,7,5,0,37676,0x0000080c
GT,256,98,normal,OK,1068,20482,12,17,0,121176,0x0000080c
GT,256,99,normal,OK,7108,28195,2,0,0,1887,0x0000080c
EQ,1,0,normal,OK,507,12345,25,308,70,2013292,0x0000080c
EQ,1,1,normal,OK,507,12345,15,23,0,92235,0x0000080c
EQ,1,2,normal,OK,507,12345,22,181,0,239704,0x0000080c
EQ,1,3,normal,OK,507,12345,25,239,0,289730,0x0000080c
EQ,1,4,normal,OK,507,12345,24,240,0,287671,0x0000080c
EQ,1,5,normal,OK,507,12345,23,155,0,239360,0x0000080c
EQ,1,6,normal,OK,507,12345,9,14,0,71025,0x0000080c
EQ,1,7,normal,OK,507,12345,23,180,0,287724,0x0000080c
EQ,1,8,normal,OK,507,12345,26,261,8,505993,0x0000080c
EQ,1,9,normal,OK,507,12345,24,148,0,227170,0x0000080c
EQ,1,10,normal,OK,507,12345,20,93,0,207120,0x0000080c
EQ,1,11,normal,OK,507,12345,23,175,0,255154,0x0000080c
EQ,1,12,normal,OK,507,12345,18,42,0,188651,0x0000080c
EQ,1,13,normal,OK,507,12345,24,218,0,259278,0x0000080c
EQ,1,14,normal,OK,507,12345,21,133,0,223628,0x0000080c
EQ,1,15,normal,OK,507,12345,27,333,21,833943,0x0000080c
EQ,1,16,normal,OK,507,12345,25,225,0,273293,0x0000080c
EQ,1,17,normal,OK,507,12345,25,152,0,306236,0x0000080c
EQ,1,18,normal,OK,507,12345,24,216,0,273331,0x0000080c
EQ,1,19,normal,OK,507,12345,22,122,0,240257,0x0000080c
EQ,1,20,normal,OK,507,12345,27,311,0,293083,0x0000080c
EQ,1,21,normal,OK,507,12345,26,200,0,257989,0x0000080c
EQ,1,22,normal,OK,507,12345,15,37,0,170057,0x0000080c
EQ,1,23,normal,OK,507,12345,23,141,0,304340,0x0000080c
EQ,1,24,normal,OK,507,12345,21,159,0,285019,0x0000080c
EQ,1,25,normal,OK,507,12345,25,210,0,320781,0x0000080c
EQ,1,26,normal,OK,507,12345,27,215,0,289778,0x0000080c
EQ,1,27,normal,OK,507,12345,24,174,0,287298,0x0000080c
EQ,1,28,normal,OK,507,12345,25,256,0,321610,0x0000080c
EQ,1,29,normal,OK,507,12345,21,133,0,222006,0x0000080c
EQ,1,30,normal,OK,507,12345,19,63,0,173711,0x0000080c
EQ,1,31,normal,OK,507,12345,27,273,0,369274,0x0000080c
EQ,1,32,normal,OK,507,12345,22,93,0,208276,0x0000080c
EQ,1,33,normal,OK,507,12345,19,93,0,204010,0x0000080c
EQ,1,34,normal,OK,507,12345,27,290,1,378022,0x0000088c
EQ,1,35,normal,OK,507,12345,16,40,0,125953,0x0000080c
EQ,1,36,normal,OK,507,12345,24,229,0,241614,0x0000080c
EQ,1,37,normal,OK,507,12345,23,169,0,303786,0x0000080c
EQ,1,38,normal,OK,507,12345,21,123,0,270668,0x0000080c
EQ,1,39,normal,OK,507,12345,21,105,0,240276,0x0000080c
EQ,1,40,normal,OK,507,12345,18,48,0,188590,0x0000080c
EQ,1,41,normal,OK,507,12345,24,196,0,303284,0x0000080c
EQ,1,42,normal,OK,507,12345,21,126,0,224021,0x0000080c
EQ,1,43,normal,OK,507,12345,28,252,0,356399,0x0000080c
EQ,1,44,normal,OK,507,12345,28,368,5,463139,0x0000080c
EQ,1,45,normal,OK,507,12345,21,131,0,222730,0x0000080c
EQ,1,46,normal,OK,507,12345,20,96,0,222779,0x0000080c
EQ,1,47,normal,OK,507,12345,21,120,0,222378,0x0000080c
EQ,1,48,normal,OK,507,12345,25,157,0,244393,0x0000080c
EQ,1,49,normal,OK,507,12345,23,148,0,226310,0x0000080c
EQ,1,50,normal,OK,507,12345,26,275,0,289998,0x0000080c
EQ,1,51,normal,OK,507,12345,22,122,0,301529,0x0000080c
EQ,1,52,normal,OK,507,12345,26,256,0,338091,0x0000080c
EQ,1,53,normal,OK,507,12345,24,167,0,305110,0x0000080c
EQ,1,54,normal,OK,507,12345,25,283,0,320564,0x0000080c
EQ,1,55,normal,OK,507,12345,26,269,0,352545,0x0000080c
EQ,1,56,normal,OK,507,12345,23,142,0,256697,0x0000080c
EQ,1,57,normal,OK,507,12345,24,241,0,255856,0x0000080c
EQ,1,58,normal,OK,507,12345,28,369,20,871875,0x0000080c
EQ,1,59,normal,OK,507,12345,24,141,0,274890,0x0000080c
EQ,1,60,normal,OK,507,12345,21,135,0,269610,0x0000080c
EQ,1,61,normal,OK,507,12345,27,306,0,355262,0x0000080c
EQ,1,62,normal,OK,507,12345,24,196,0,287925,0x0000080c
EQ,1,63,normal,OK,507,12345,19,67,0,237605,0x0000080c
EQ,1,64,normal,OK,507,12345,23,129,0,254096,0x0000080c
EQ,1,65,normal,OK,507,12345,26,277,0,275337,0x0000080c
EQ,1,66,normal,OK,507,12345,15,45,0,123270,0x0000080c
EQ,1,67,normal,OK,507,12345,22,105,0,240625,0x0000080c
EQ,1,68,normal,OK,507,12345,26,239,0,275420,0x0000080c
EQ,1,69,normal,OK,507,12345,23,160,0,271049,0x0000080c
EQ,1,70,normal,OK,507,12345,26,243,0,304295,0x0000080c
EQ,1,71,normal,OK,507,12345,25,235,0,289962,0x0000080c
EQ,1,72,normal,OK,507,12345,12,15,0,105002,0x0000080c
EQ,1,73,normal,OK,507,12345,19,49,0,191286,0x0000080c
EQ,1,74,normal,OK,507,12345,23,212,0,255345,0x0000080c
EQ,1,75,normal,OK,507,12345,15,42,0,139538,0x0000080c
EQ,1,76,normal,OK,507,12345,17,64,0,203807,0x0000080c
EQ,1,77,normal,OK,507,12345,22,113,0,270096,0x0000080c
EQ,1,78,normal,OK,507,12345,31,430,0,418953,0x0000080c
EQ,1,79,normal,OK,507,12345,24,138,0,305690,0x0000080c
EQ,1,80,normal,OK,507,12345,27,381,0,337426,0x0000080c
EQ,1,81,normal,OK,507,12345,28,300,0,306061,0x0000080c
EQ,1,82,normal,OK,507,12345,27,336,0,322013,0x0000080c
EQ,1,83,normal,OK,507,12345,20,110,0,223994,0x0000080c
EQ,1,84,normal,OK,507,12345,26,277,0,337104,0x0000080c
EQ,1,85,normal,OK,507,12345,22,145,0,256063,0x0000080c
EQ,1,86,normal,OK,507,12345,24,200,0,290520,0x0000080c
EQ,1,87,normal,OK,507,12345,23,191,0,272207,0x0000080c
EQ,1,88,normal,OK,507,12345,24,199,0,272114,0x0000080c
EQ,1,89,normal,OK,507,12345,16,41,0,140658,0x0000080c
EQ,1,90,normal,OK,507,12345,24,174,0,243267,0x0000080c
EQ,1,91,normal,OK,507,12345,17,53,0,157512,0x0000080c
EQ,1,92,normal,OK,507,12345,20,86,0,221984,0x0000080c
EQ,1,93,normal,OK,507,12345,23,192,0,224606,0x0000080c
EQ,1,94,normal,OK,507,12345,18,62,0,188758,0x0000080c
EQ,1,95,normal,OK,507,12345,20,75,0,206790,0x0000080c
EQ,1,96,normal,OK,507,12345,24,183,0,255935,0x0000080c
EQ,1,97,normal,OK,507,12345,21,102,0,223286,0x0000080c
EQ,1,98,normal,OK,507,12345,20,102,0,237559,0x0000080c
EQ,1,99,normal,OK,507,12345,27,263,0,322457,0x0000080c
EQ,4,0,normal,OK,8685,12345,21,119,38,1176238,0x0000080c
EQ,4,1,normal,OK,8685,12345,23,132,0,224732,0x0000080c
EQ,4,2,normal,OK,2852,12345,19,89,0,189645,0x0000080c
EQ,4,3,normal,OK,2852,12345,20,101,0,223117,0x0000080c
EQ,4,4,normal,OK,4724,12345,16,47,0,155903,0x0000080c
EQ,4,5,normal,OK,2852,12345,20,72,0,190036,0x0000080c
EQ,4,6,normal,OK,507,12345,9,14,0,70966,0x0000080c
EQ,4,7,normal,OK,507,12345,21,112,0,255044,0x0000080c
EQ,4,8,normal,OK,2852,12345,15,40,0,139390,0x0000080c
EQ,4,9,normal,OK,2852,12345,23,94,0,210708,0x0000080c
EQ,4,10,normal,OK,2852,12345,19,65,0,190394,0x0000080c
EQ,4,11,normal,OK,4724,12345,15,41,0,139082,0x0000080c
EQ,4,12,normal,OK,507,12345,18,42,0,188561,0x0000080c
EQ,4,13,normal,OK,2852,12345,22,128,2,275750,0x0000080c
EQ,4,14,normal,OK,4724,12345,17,59,0,157525,0x0000080c
EQ,4,15,normal,OK,8685,12345,21,85,0,208208,0x0000080c
EQ,4,16,normal,OK,2852,12345,21,116,0,207372,0x0000080c
EQ,4,17,normal,OK,507,12345,24,121,0,288743,0x0000080c
EQ,4,18,normal,OK,8685,12345,22,116,0,240365,0x0000080c
EQ,4,19,normal,OK,507,12345,21,82,0,223413,0x0000080c
EQ,4,20,normal,OK,507,12345,22,112,0,225544,0x0000080c
EQ,4,21,normal,OK,2852,12345,9,4,0,23937,0x0000080c
EQ,4,22,normal,OK,507,12345,15,37,0,169838,0x0000080c
EQ,4,23,normal,OK,8685,12345,12,21,0,122916,0x0000080c
EQ,4,24,normal,OK,8685,12345,9,14,0,85993,0x0000080c
EQ,4,25,normal,OK,4724,12345,19,77,0,221662,0x0000080c
EQ,4,26,normal,OK,2852,12345,21,83,0,205851,0x0000080c
EQ,4,27,normal,OK,507,12345,19,77,0,204904,0x0000080c
EQ,4,28,normal,OK,2852,12345,23,142,0,288474,0x0000080c
EQ,4,29,normal,OK,2852,12345,18,62,0,172666,0x0000080c
EQ,4,30,normal,OK,2852,12345,20,80,0,190500,0x0000080c
EQ,4,31,normal,OK,4724,12345,10,14,0,104616,0x0000080c
EQ,4,32,normal,OK,4724,12345,21,70,0,207354,0x0000080c
EQ,4,33,normal,OK,8685,12345,20,98,0,220513,0x0000080c
EQ,4,34,normal,OK,8685,12345,11,17,0,120248,0x0000080c
EQ,4,35,normal,OK,8685,12345,18,73,0,159415,0x0000080c
EQ,4,36,normal,OK,4724,12345,17,47,0,157775,0x0000080c
EQ,4,37,normal,OK,507,12345,20,85,0,253895,0x0000080c
EQ,4,38,normal,OK,8685,12345,16,54,0,188084,0x0000080c
EQ,4,39,normal,OK,4724,12345,18,71,0,190554,0x0000080c
EQ,4,40,normal,OK,507,12345,18,48,0,188438,0x0000080c
EQ,4,41,normal,OK,2852,12345,12,14,0,106167,0x0000080c
EQ,4,42,normal,OK,2852,12345,15,34,0,140132,0x0000080c
EQ,4,43,normal,OK,4724,12345,19,98,0,237969,0x0000080c
EQ,4,44,normal,OK,2852,12345,21,123,0,238144,0x0000080c
EQ,4,45,normal,OK,2852,12345,20,102,0,206261,0x0000080c
EQ,4,46,normal,OK,507,12345,18,68,0,189579,0x0000080c
EQ,4,47,normal,OK,8685,12345,19,76,0,189332,0x0000080c
EQ,4,48,normal,OK,2852,12345,22,95,0,194998,0x0000080c
EQ,4,49,normal,OK,507,12345,16,44,0,125659,0x0000080c
EQ,4,50,normal,OK,8685,12345,12,9,0,73561,0x0000080c
EQ,4,51,normal,OK,4724,12345,21,111,0,284609,0x0000080c
EQ,4,52,normal,OK,2852,12345,18,73,0,206218,0x0000080c
EQ,4,53,normal,OK,4724,12345,20,77,0,238970,0x0000080c
EQ,4,54,normal,OK,2852,12345,24,217,21,830662,0x0000080c
EQ,4,55,normal,OK,507,12345,23,124,0,303156,0x0000080c
EQ,4,56,normal,OK,8685,12345,19,59,0,190653,0x0000080c
EQ,4,57,normal,OK,4724,12345,22,166,0,221884,0x0000080c
EQ,4,58,normal,OK,507,12345,21,97,0,271170,0x0000080c
EQ,4,59,normal,OK,2852,12345,20,86,0,223612,0x0000080c
EQ,4,60,normal,OK,507,12345,18,84,0,220189,0x0000080c
EQ,4,61,normal,OK,507,12345,22,123,0,272149,0x0000080c
EQ,4,62,normal,OK,2852,12345,23,153,0,272286,0x0000080c
EQ,4,63,normal,OK,2852,12345,18,54,0,220983,0x0000080c
EQ,4,64,normal,OK,507,12345,19,64,0,188406,0x0000080c
EQ,4,65,normal,OK,8685,12345,23,131,0,225556,0x0000080c
EQ,4,66,normal,OK,4724,12345,25,172,0,273317,0x0000080c
EQ,4,67,normal,OK,8685,12345,16,30,0,156412,0x0000080c
EQ,4,68,normal,OK,2852,12345,21,81,0,192376,0x0000080c
EQ,4,69,normal,OK,8685,12345,22,106,0,254879,0x0000080c
EQ,4,70,normal,OK,2852,12345,23,119,0,255117,0x0000080c
EQ,4,71,normal,OK,2852,12345,22,124,0,256618,0x0000080c
EQ,4,72,normal,OK,507,12345,12,15,0,105149,0x0000080c
EQ,4,73,normal,OK,2852,12345,20,66,0,207784,0x0000080c
EQ,4,74,normal,OK,507,12345,21,145,0,222134,0x0000080c
EQ,4,75,normal,OK,2852,12345,9,9,0,56432,0x0000080c
EQ,4,76,normal,OK,2852,12345,16,47,0,187495,0x0000080c
EQ,4,77,normal,OK,507,12345,18,67,0,203867,0x0000080c
EQ,4,78,normal,OK,4724,12345,25,177,0,320502,0x0000080c
EQ,4,79,normal,OK,2852,12345,22,90,0,272645,0x0000080c
EQ,4,80,normal,OK,8685,12345,24,175,0,288418,0x0000080c
EQ,4,81,normal,OK,8685,12345,9,12,0,71162,0x0000080c
EQ,4,82,normal,OK,8685,12345,12,18,0,74486,0x0000080c
EQ,4,83,normal,OK,8685,12345,14,23,0,124396,0x0000080c
EQ,4,84,normal,OK,4724,12345,21,132,0,254407,0x0000080c
EQ,4,85,normal,OK,4724,12345,20,91,0,222641,0x0000080c
EQ,4,86,normal,OK,8685,12345,21,91,0,240508,0x0000080c
EQ,4,87,normal,OK,4724,12345,19,89,0,206302,0x0000080c
EQ,4,88,normal,OK,8685,12345,16,48,0,155125,0x0000080c
EQ,4,89,normal,OK,507,12345,16,41,0,140804,0x0000080c
EQ,4,90,normal,OK,8685,12345,18,54,0,159628,0x0000080c
EQ,4,91,normal,OK,507,12345,17,53,0,157214,0x0000080c
EQ,4,92,normal,OK,2852,12345,11,13,0,73608,0x0000080c
EQ,4,93,normal,OK,8685,12345,20,96,0,190870,0x0000080c
EQ,4,94,normal,OK,4724,12345,19,71,0,205676,0x0000080c
EQ,4,95,normal,OK,8685,12345,17,47,0,157217,0x0000080c
EQ,4,96,normal,OK,8685,12345,19,74,0,173363,0x0000080c
EQ,4,97,normal,OK,2852,12345,22,124,0,240001,0x0000080c
EQ,4,98,normal,OK,8685,12345,20,102,0,237657,0x0000080c
EQ,4,99,normal,OK,8685,12345,16,42,0,156552,0x0000080c
EQ,16,0,normal,OK,4512,12345,11,15,3,165124,0x0000080c
EQ,16,1,normal,OK,507,12345,15,23,6,242680,0x0000080c
EQ,16,2,normal,OK,10593,12345,17,56,7,332165,0x0000080c
EQ,16,3,normal,OK,5281,12345,18,56,2,239107,0x0000080c
EQ,16,4,normal,OK,4512,12345,14,27,0,122827,0x0000080c
EQ,16,5,normal,OK,10839,12345,15,18,0,107371,0x0000080c
EQ,16,6,normal,OK,3947,12345,17,68,0,187691,0x0000080c
EQ,16,7,normal,OK,5281,12345,12,25,0,136512,0x0000080c
EQ,16,8,normal,OK,2852,12345,14,32,0,123017,0x0000080c
EQ,16,9,normal,OK,3947,12345,12,20,0,74603,0x0000080c
EQ,16,10,normal,OK,14405,12345,15,35,0,139458,0x0000080c
EQ,16,11,normal,OK,1721,12345,17,57,0,171624,0x0000080c
EQ,16,12,normal,OK,5281,12345,16,28,0,155844,0x0000080c
EQ,16,13,normal,OK,10593,12345,16,43,0,141085,0x0000080c
EQ,16,14,normal,OK,4724,12345,19,71,0,190754,0x0000080c
EQ,16,15,normal,OK,14405,12345,21,85,16,609133,0x0000080c
EQ,16,16,normal,OK,10931,12345,13,30,0,90582,0x0000080c
EQ,16,17,normal,OK,5281,12345,11,13,0,89370,0x0000080c
EQ,16,18,normal,OK,5281,12345,14,27,0,107786,0x0000080c
EQ,16,19,normal,OK,10931,12345,21,82,0,223319,0x0000080c
EQ,16,20,normal,OK,10931,12345,17,58,0,173525,0x0000080c
EQ,16,21,normal,OK,7786,12345,19,67,0,173772,0x0000080c
EQ,16,22,normal,OK,491,12345,15,37,0,169913,0x0000080c
EQ,16,23,normal,OK,8685,12345,12,21,0,123140,0x0000080c
EQ,16,24,normal,OK,7786,12345,16,47,0,202422,0x0000080c
EQ,16,25,normal,OK,491,12345,9,6,0,71158,0x0000080c
EQ,16,26,normal,OK,4512,12345,15,29,0,122341,0x0000080c
EQ,16,27,normal,OK,3947,12345,14,32,0,122405,0x0000080c
EQ,16,28,normal,OK,5281,12345,11,17,0,120329,0x0000080c
EQ,16,29,normal,OK,7786,12345,14,30,0,106973,0x0000080c
EQ,16,30,normal,OK,3947,12345,15,26,0,123209,0x0000080c
EQ,16,31,normal,OK,2852,12345,14,35,0,155177,0x0000080c
EQ,16,32,normal,OK,5281,12345,21,70,0,207602,0x0000080c
EQ,16,33,normal,OK,491,12345,13,23,0,105413,0x0000080c
EQ,16,34,normal,OK,8685,12345,11,17,0,120087,0x0000080c
EQ,16,35,normal,OK,10593,12345,15,30,0,109811,0x0000080c
EQ,16,36,normal,OK,10931,12345,7,5,0,38415,0x0000080c
EQ,16,37,normal,OK,491,12345,2,1,0,17564,0x0000080c
EQ,16,38,normal,OK,15288,12345,15,40,0,171654,0x0000080c
EQ,16,39,normal,OK,15288,12345,18,71,0,190862,0x0000080c
EQ,16,40,normal,OK,507,12345,18,48,0,188255,0x0000080c
EQ,16,41,normal,OK,491,12345,14,29,0,138890,0x0000080c
EQ,16,42,normal,OK,4512,12345,17,57,0,173489,0x0000080c
EQ,16,43,normal,OK,10839,12345,8,6,0,70935,0x0000080c
EQ,16,44,normal,OK,2852,12345,20,93,0,221411,0x0000080c
EQ,16,45,normal,OK,7786,12345,12,21,0,120972,0x0000080c
EQ,16,46,normal,OK,5281,12345,18,68,0,189751,0x0000080c
EQ,16,47,normal,OK,1801,12345,15,30,0,138892,0x0000080c
EQ,16,48,normal,OK,15288,12345,13,13,0,76610,0x0000080c
EQ,16,49,normal,OK,15288,12345,16,44,0,126076,0x0000080c
EQ,16,50,normal,OK,8685,12345,18,48,0,157723,0x0000080c
EQ,16,51,normal,OK,10931,12345,16,43,0,202596,0x0000080c
EQ,16,52,normal,OK,10931,12345,16,43,0,172821,0x0000080c
EQ,16,53,normal,OK,1801,12345,17,33,0,189259,0x0000080c
EQ,16,54,normal,OK,5281,12345,22,121,0,271113,0x0000080c
EQ,16,55,normal,OK,10931,12345,16,33,0,203447,0x0000080c
EQ,16,56,normal,OK,10931,12345,10,10,0,72860,0x0000080c
EQ,16,57,normal,OK,7786,12345,17,61,0,139706,0x0000080c
EQ,16,58,normal,OK,1721,12345,15,37,0,171831,0x0000080c
EQ,16,59,normal,OK,7786,12345,16,49,0,172404,0x0000080c
EQ,16,60,normal,OK,7786,12345,18,84,0,220296,0x0000080c
EQ,16,61,normal,OK,14405,12345,21,83,0,255667,0x0000080c
EQ,16,62,normal,OK,491,12345,19,77,0,205821,0x0000080c
EQ,16,63,normal,OK,7786,12345,16,42,0,187827,0x0000080c
EQ,16,64,normal,OK,10931,12345,16,32,0,139415,0x0000080c
EQ,16,65,normal,OK,10839,12345,21,67,0,191976,0x0000080c
EQ,16,66,normal,OK,491,12345,15,45,0,123018,0x0000080c
EQ,16,67,normal,OK,8685,12345,16,30,0,156467,0x0000080c
EQ,16,68,normal,OK,3947,12345,21,81,0,192528,0x0000080c
EQ,16,69,normal,OK,5281,12345,17,36,0,172504,0x0000080c
EQ,16,70,normal,OK,2852,12345,4,3,0,19197,0x0000080c
EQ,16,71,normal,OK,2852,12345,16,27,0,157043,0x0000080c
EQ,16,72,normal,OK,491,12345,12,15,0,104932,0x0000080c
EQ,16,73,normal,OK,1721,12345,17,35,0,158479,0x0000080c
EQ,16,74,normal,OK,10593,12345,10,15,0,87550,0x0000080c
EQ,16,75,normal,OK,15288,12345,14,31,0,123214,0x0000080c
EQ,16,76,normal,OK,2852,12345,10,13,0,103411,0x0000080c
EQ,16,77,normal,OK,8685,12345,15,31,0,154134,0x0000080c
EQ,16,78,normal,OK,15288,12345,17,41,0,188765,0x0000080c
EQ,16,79,normal,OK,491,12345,16,43,0,187737,0x0000080c
EQ,16,80,normal,OK,491,12345,12,16,0,120512,0x0000080c
EQ,16,81,normal,OK,8685,12345,9,12,0,71185,0x0000080c
EQ,16,82,normal,OK,8685,12345,12,18,0,74341,0x0000080c
EQ,16,83,normal,OK,2852,12345,10,12,0,73197,0x0000080c
EQ,16,84,normal,OK,7786,12345,18,66,0,204453,0x0000080c
EQ,16,85,normal,OK,2852,12345,18,44,0,189611,0x0000080c
EQ,16,86,normal,OK,7786,12345,15,36,0,171393,0x0000080c
EQ,16,87,normal,OK,7786,12345,16,46,0,156453,0x0000080c
EQ,16,88,normal,OK,10593,12345,16,48,0,155252,0x0000080c
EQ,16,89,normal,OK,5281,12345,14,27,0,108004,0x0000080c
EQ,16,90,normal,OK,5281,12345,18,54,0,160016,0x0000080c
EQ,16,91,normal,OK,10931,12345,17,53,0,157916,0x0000080c
EQ,16,92,normal,OK,507,12345,20,86,0,221971,0x0000080c
EQ,16,93,normal,OK,5281,12345,15,45,0,123304,0x0000080c
EQ,16,94,normal,OK,1721,12345,17,40,0,172438,0x0000080c
EQ,16,95,normal,OK,4724,12345,10,12,0,88044,0x0000080c
EQ,16,96,normal,OK,4724,12345,17,42,0,140506,0x0000080c
EQ,16,97,normal,OK,1801,12345,16,33,0,140428,0x0000080c
EQ,16,98,normal,OK,1801,12345,13,20,0,137458,0x0000080c
EQ,16,99,normal,OK,15288,12345,21,101,0,223651,0x0000080c
EQ,64,0,normal,OK,2852,12345,6,4,2,88181,0x0000080c
EQ,64,1,normal,OK,8685,12345,13,14,3,134037,0x0000080c
EQ,64,2,normal,OK,8089,12345,7,3,0,37874,0x0000080c
EQ,64,3,normal,OK,4876,12345,13,19,0,106845,0x0000080c
EQ,64,4,normal,OK,4720,12345,8,4,0,39316,0x0000080c
EQ,64,5,normal,OK,4876,12345,18,40,6,291567,0x0000080c
EQ,64,6,normal,OK,7786,12345,12,24,0,105540,0x0000080c
EQ,64,7,normal,OK,1801,12345,12,25,0,136085,0x0000080c
EQ,64,8,normal,OK,3304,12345,11,13,0,89089,0x0000080c
EQ,64,9,normal,OK,12001,12345,1,0,0,1446,0x0000080c
EQ,64,10,normal,OK,8685,12345,5,4,0,35930,0x0000080c
EQ,64,11,normal,OK,682,12345,12,19,0,105204,0x0000080c
EQ,64,12,normal,OK,26,12345,14,20,0,122930,0x0000080c
EQ,64,13,normal,OK,9302,12345,11,17,0,89042,0x0000080c
EQ,64,14,normal,OK,14567,12345,12,19,0,90152,0x0000080c
EQ,64,15,normal,OK,7400,12345,10,7,0,56372,0x0000080c
EQ,64,16,normal,OK,10839,12345,13,30,0,90367,0x0000080c
EQ,64,17,normal,OK,6247,12345,7,6,0,54281,0x0000080c
EQ,64,18,normal,OK,14542,12345,9,8,0,56087,0x0000080c
EQ,64,19,normal,OK,4724,12345,11,16,0,89000,0x0000080c
EQ,64,20,normal,OK,14542,12345,13,20,0,106991,0x0000080c
EQ,64,21,normal,OK,11647,12345,13,18,0,89668,0x0000080c
EQ,64,22,normal,OK,4724,12345,8,6,0,54095,0x0000080c
EQ,64,23,normal,OK,16090,12345,10,13,0,89668,0x0000080c
EQ,64,24,normal,OK,2888,12345,3,2,0,18353,0x0000080c
EQ,64,25,normal,OK,3073,12345,6,3,0,36959,0x0000080c
EQ,64,26,normal,OK,8225,12345,12,13,0,88868,0x0000080c
EQ,64,27,normal,OK,173,12345,10,11,0,72000,0x0000080c
EQ,64,28,normal,OK,10593,12345,10,14,0,103971,0x0000080c
EQ,64,29,normal,OK,14542,12345,7,6,0,54472,0x0000080c
EQ,64,30,normal,OK,3903,12345,11,11,0,72326,0x0000080c
EQ,64,31,normal,OK,160,12345,11,19,0,120814,0x0000080c
EQ,64,32,normal,OK,4720,12345,2,1,0,18052,0x0000080c
EQ,64,33,normal,OK,160,12345,4,1,0,19464,0x0000080c
EQ,64,34,normal,OK,6247,12345,10,13,0,103867,0x0000080c
EQ,64,35,normal,OK,7400,12345,13,18,0,91582,0x0000080c
EQ,64,36,normal,OK,5531,12345,14,23,0,108000,0x0000080c
EQ,64,37,normal,OK,8225,12345,16,28,0,188002,0x0000080c
EQ,64,38,normal,OK,10931,12345,10,17,0,120168,0x0000080c
EQ,64,39,normal,OK,2888,12345,11,13,0,105764,0x0000080c
EQ,64,40,normal,OK,11272,12345,10,9,0,72097,0x0000080c
EQ,64,41,normal,OK,4512,12345,6,5,0,68599,0x0000080c
EQ,64,42,normal,OK,507,12345,10,8,0,72721,0x0000080c
EQ,64,43,normal,OK,11272,12345,10,12,0,104313,0x0000080c
EQ,64,44,normal,OK,7400,12345,11,8,0,88808,0x0000080c
EQ,64,45,normal,OK,7786,12345,11,14,0,103941,0x0000080c
EQ,64,46,normal,OK,6247,12345,9,10,0,71065,0x0000080c
EQ,64,47,normal,OK,5200,12345,15,30,1,164079,0x0000080c
EQ,64,48,normal,OK,15288,12345,13,13,0,76608,0x0000080c
EQ,64,49,normal,OK,10234,12345,11,11,0,74501,0x0000080c
EQ,64,50,normal,OK,1038,12345,16,32,0,124205,0x0000080c
EQ,64,51,normal,OK,14405,12345,8,10,0,85954,0x0000080c
EQ,64,52,normal,OK,16090,12345,16,43,3,248302,0x0000080c
EQ,64,53,normal,OK,15469,12345,13,21,0,138115,0x0000080c
EQ,64,54,normal,OK,14405,12345,9,13,0,86754,0x0000080c
EQ,64,55,normal,OK,11647,12345,2,1,0,18234,0x0000080c
EQ,64,56,normal,OK,7786,12345,7,4,0,38392,0x0000080c
EQ,64,57,normal,OK,3876,12345,12,15,0,57031,0x0000080c
EQ,64,58,normal,OK,8225,12345,5,4,0,36771,0x0000080c
EQ,64,59,normal,OK,8225,12345,11,14,0,105587,0x0000080c
EQ,64,60,normal,OK,3903,12345,2,1,0,17858,0x0000080c
EQ,64,61,normal,OK,13012,12345,10,13,0,103768,0x0000080c
EQ,64,62,normal,OK,15288,12345,5,4,0,36420,0x0000080c
EQ,64,63,normal,OK,14567,12345,10,11,0,87607,0x0000080c
EQ,64,64,normal,OK,1801,12345,10,10,0,56366,0x0000080c
EQ,64,65,normal,OK,26,12345,15,28,0,123375,0x0000080c
EQ,64,66,normal,OK,9302,12345,13,26,0,90171,0x0000080c
EQ,64,67,normal,OK,682,12345,11,15,0,88960,0x0000080c
EQ,64,68,normal,OK,1825,12345,12,24,0,89593,0x0000080c
EQ,64,69,normal,OK,8225,12345,15,23,0,139376,0x0000080c
EQ,64,70,normal,OK,5531,12345,15,40,0,170214,0x0000080c
EQ,64,71,normal,OK,2852,12345,16,27,0,156859,0x0000080c
EQ,64,72,normal,OK,13048,12345,13,20,0,121511,0x0000080c
EQ,64,73,normal,OK,701,12345,17,35,0,158296,0x0000080c
EQ,64,74,normal,OK,507,12345,16,48,0,139952,0x0000080c
EQ,64,75,normal,OK,10812,12345,7,5,0,38552,0x0000080c
EQ,64,76,normal,OK,1801,12345,15,36,0,171176,0x0000080c
EQ,64,77,normal,OK,701,12345,8,8,0,69840,0x0000080c
EQ,64,78,normal,OK,5281,12345,6,5,0,53345,0x0000080c
EQ,64,79,normal,OK,8089,12345,16,43,0,187509,0x0000080c
EQ,64,80,normal,OK,8799,12345,8,4,0,54500,0x0000080c
EQ,64,81,normal,OK,7786,12345,7,6,0,53480,0x0000080c
EQ,64,82,normal,OK,10234,12345,11,15,0,57774,0x0000080c
EQ,64,83,normal,OK,5270,12345,14,23,0,124812,0x0000080c
EQ,64,84,normal,OK,14494,12345,3,1,0,18888,0x0000080c
EQ,64,85,normal,OK,5200,12345,10,13,0,72313,0x0000080c
EQ,64,86,normal,OK,586,12345,12,19,0,121416,0x0000080c
EQ,64,87,normal,OK,10593,12345,13,23,0,106851,0x0000080c
EQ,64,88,normal,OK,7786,12345,13,25,0,105966,0x0000080c
EQ,64,89,normal,OK,10931,12345,10,13,0,57257,0x0000080c
EQ,64,90,normal,OK,16090,12345,13,12,0,92230,0x0000080c
EQ,64,91,normal,OK,13048,12345,14,18,0,108390,0x0000080c
EQ,64,92,normal,OK,5341,12345,3,1,0,19072,0x0000080c
EQ,64,93,normal,OK,13012,12345,10,14,0,56176,0x0000080c
EQ,64,94,normal,OK,507,12345,13,21,0,106290,0x0000080c
EQ,64,95,normal,OK,507,12345,20,75,3,281714,0x0000080c
EQ,64,96,normal,OK,13012,12345,14,21,0,106847,0x0000080c
EQ,64,97,normal,OK,1801,12345,16,33,0,140496,0x0000080c
EQ,64,98,normal,OK,491,12345,10,7,0,88329,0x0000080c
EQ,64,99,normal,OK,5531,12345,6,4,0,52922,0x0000080c
EQ,256,0,normal,OK,15288,12345,8,7,3,131252,0x0000080c
EQ,256,1,normal,OK,5849,12345,5,2,0,20451,0x0000080c
EQ,256,2,normal,OK,8081,12345,7,3,0,38212,0x0000080c
EQ,256,3,normal,OK,16060,12345,9,8,1,80432,0x0000080c
EQ,256,4,normal,OK,12680,12345,12,17,3,165143,0x0000080c
EQ,256,5,normal,OK,7233,12345,10,5,0,40541,0x0000080c
EQ,256,6,normal,OK,3716,12345,7,7,0,38153,0x0000080c
EQ,256,7,normal,OK,3545,12345,8,8,0,70159,0x0000080c
EQ,256,8,normal,OK,11907,12345,10,8,0,72566,0x0000080c
EQ,256,9,normal,OK,12001,12345,1,0,0,1446,0x0000080c
EQ,256,10,normal,OK,5451,12345,4,2,0,19399,0x0000080c
EQ,256,11,normal,OK,873,12345,12,19,0,104893,0x0000080c
EQ,256,12,normal,OK,90,12345,5,3,0,36323,0x0000080c
EQ,256,13,normal,OK,7326,12345,6,5,0,36891,0x0000080c
EQ,256,14,normal,OK,1930,12345,6,7,0,37082,0x0000080c
EQ,256,15,normal,OK,13448,12345,9,3,0,39864,0x0000080c
EQ,256,16,normal,OK,12329,12345,6,4,0,37165,0x0000080c
EQ,256,17,normal,OK,6247,12345,7,6,0,54117,0x0000080c
EQ,256,18,normal,OK,4389,12345,7,4,0,37653,0x0000080c
EQ,256,19,normal,OK,13749,12345,7,3,0,38519,0x0000080c
EQ,256,20,normal,OK,6940,12345,9,9,0,72252,0x0000080c
EQ,256,21,normal,OK,2302,12345,9,4,0,23885,0x0000080c
EQ,256,22,normal,OK,7844,12345,9,7,0,70555,0x0000080c
EQ,256,23,normal,OK,6733,12345,5,4,0,36980,0x0000080c
EQ,256,24,normal,OK,4724,12345,8,10,0,69394,0x0000080c
EQ,256,25,normal,OK,9555,12345,12,14,0,105117,0x0000080c
EQ,256,26,normal,OK,6702,12345,9,6,0,54188,0x0000080c
EQ,256,27,normal,OK,10532,12345,6,4,0,36961,0x0000080c
EQ,256,28,normal,OK,314,12345,8,7,0,86629,0x0000080c
EQ,256,29,normal,OK,14410,12345,7,6,0,54473,0x0000080c
EQ,256,30,normal,OK,4956,12345,9,7,0,55232,0x0000080c
EQ,256,31,normal,OK,15859,12345,9,10,0,103651,0x0000080c
EQ,256,32,normal,OK,11246,12345,10,12,0,71848,0x0000080c
EQ,256,33,normal,OK,825,12345,8,8,0,69592,0x0000080c
EQ,256,34,normal,OK,10842,12345,7,5,0,54359,0x0000080c
EQ,256,35,normal,OK,9972,12345,6,6,0,53314,0x0000080c
EQ,256,36,normal,OK,16297,12345,6,3,0,37774,0x0000080c
EQ,256,37,normal,OK,1456,12345,5,4,0,51831,0x0000080c
EQ,256,38,normal,OK,11990,12345,6,5,0,53718,0x0000080c
EQ,256,39,normal,OK,10839,12345,4,2,0,35675,0x0000080c
EQ,256,40,normal,OK,586,12345,5,4,0,36205,0x0000080c
EQ,256,41,normal,OK,7400,12345,5,4,0,52055,0x0000080c
EQ,256,42,normal,OK,507,12345,10,8,0,72697,0x0000080c
EQ,256,43,normal,OK,160,12345,6,3,0,53053,0x0000080c
EQ,256,44,normal,OK,7400,12345,11,8,0,88799,0x0000080c
EQ,256,45,normal,OK,8996,12345,6,4,0,52815,0x0000080c
EQ,256,46,normal,OK,15586,12345,8,6,0,54588,0x0000080c
EQ,256,47,normal,OK,56,12345,9,6,0,55651,0x0000080c
EQ,256,48,normal,OK,10265,12345,11,7,0,58090,0x0000080c
EQ,256,49,normal,OK,5281,12345,9,6,0,56333,0x0000080c
EQ,256,50,normal,OK,2160,12345,13,15,0,89578,0x0000080c
EQ,256,51,normal,OK,6300,12345,5,4,0,36529,0x0000080c
EQ,256,52,normal,OK,13448,12345,3,1,0,19122,0x0000080c
EQ,256,53,normal,OK,8799,12345,9,7,0,72249,0x0000080c
EQ,256,54,normal,OK,7615,12345,4,2,0,19380,0x0000080c
EQ,256,55,normal,OK,12785,12345,4,2,0,35962,0x0000080c
EQ,256,56,normal,OK,7780,12345,7,4,0,38308,0x0000080c
EQ,256,57,normal,OK,9459,12345,7,2,0,21308,0x0000080c
EQ,256,58,normal,OK,8225,12345,5,4,0,36864,0x0000080c
EQ,256,59,normal,OK,4389,12345,6,5,0,53695,0x0000080c
EQ,256,60,normal,OK,11343,12345,9,10,0,86573,0x0000080c
EQ,256,61,normal,OK,12329,12345,11,17,0,120355,0x0000080c
EQ,256,62,normal,OK,5666,12345,10,13,0,88392,0x0000080c
EQ,256,63,normal,OK,14388,12345,10,11,0,87413,0x0000080c
EQ,256,64,normal,OK,3410,12345,8,4,0,39138,0x0000080c
EQ,256,65,normal,OK,10195,12345,6,3,0,37146,0x0000080c
EQ,256,66,normal,OK,1133,12345,6,2,0,37092,0x0000080c
EQ,256,67,normal,OK,5270,12345,10,10,0,72481,0x0000080c
EQ,256,68,normal,OK,8996,12345,8,6,0,54842,0x0000080c
EQ,256,69,normal,OK,15374,12345,7,3,0,38202,0x0000080c
EQ,256,70,normal,OK,2789,12345,4,3,0,19222,0x0000080c
EQ,256,71,normal,OK,15233,12345,8,6,0,70562,0x0000080c
EQ,256,72,normal,OK,1859,12345,7,4,0,38027,0x0000080c
EQ,256,73,normal,OK,9230,12345,7,6,0,54262,0x0000080c
EQ,256,74,normal,OK,2442,12345,6,2,0,37572,0x0000080c
EQ,256,75,normal,OK,14410,12345,2,1,0,18056,0x0000080c
EQ,256,76,normal,OK,13239,12345,9,10,0,86933,0x0000080c
EQ,256,77,normal,OK,9230,12345,7,5,0,53600,0x0000080c
EQ,256,78,normal,OK,3237,12345,2,1,0,17734,0x0000080c
EQ,256,79,normal,OK,11111,12345,2,1,0,18031,0x0000080c
EQ,256,80,normal,OK,8089,12345,10,10,0,87403,0x0000080c
EQ,256,81,normal,OK,9492,12345,6,4,0,37116,0x0000080c
EQ,256,82,normal,OK,14992,12345,3,1,0,19156,0x0000080c
EQ,256,83,normal,OK,15859,12345,3,2,0,19069,0x0000080c
EQ,256,84,normal,OK,10082,12345,6,4,0,20901,0x0000080c
EQ,256,85,normal,OK,8851,12345,9,10,0,71555,0x0000080c
EQ,256,86,normal,OK,10812,12345,11,13,0,105080,0x0000080c
EQ,256,87,normal,OK,6247,12345,12,15,0,90093,0x0000080c
EQ,256,88,normal,OK,1038,12345,6,3,0,20990,0x0000080c
EQ,256,89,normal,OK,10532,12345,10,13,0,57345,0x0000080c
EQ,256,90,normal,OK,15943,12345,13,12,0,91892,0x0000080c
EQ,256,91,normal,OK,9960,12345,4,1,0,19889,0x0000080c
EQ,256,92,normal,OK,8081,12345,4,1,0,20376,0x0000080c
EQ,256,93,normal,OK,12684,12345,10,14,0,55581,0x0000080c
EQ,256,94,normal,OK,2888,12345,7,3,0,37542,0x0000080c
EQ,256,95,normal,OK,2852,12345,9,7,0,71736,0x0000080c
EQ,256,96,normal,OK,1456,12345,4,2,0,35220,0x0000080c
EQ,256,97,normal,OK,13286,12345,6,3,0,21331,0x0000080c
EQ,256,98,normal,OK,10964,12345,2,1,0,17917,0x0000080c
EQ,256,99,normal,OK,2852,12345,5,2,0,36395,0x0000080c
RANGE,1,0,normal,OK,16227,-1474,21,119,38,1176949,0x0000080c
RANGE,1,1,normal,OK,16227,-1474,25,259,41,1268753,0x0000080c
RANGE,1,2,normal,OK,16227,-1474,14,34,0,122134,0x0000080c
RANGE,1,3,normal,OK,16227,-1474,9,8,0,55734,0x0000080c
RANGE,1,4,normal,OK,16227,-1474,28,417,0,354874,0x0000080c
RANGE,1,5,normal,OK,16227,-1474,27,221,0,305716,0x0000080c
RANGE,1,6,normal,OK,16227,-1474,25,258,0,320596,0x0000080c
RANGE,1,7,normal,OK,16227,-1474,27,351,0,354265,0x0000080c
RANGE,1,8,normal,OK,16227,-1474,20,93,0,222765,0x0000080c
RANGE,1,9,normal,OK,16227,-1474,25,189,0,244296,0x0000080c
RANGE,1,10,normal,OK,16227,-1474,28,357,19,815569,0x0000080c
RANGE,1,11,normal,OK,16227,-1474,22,152,0,239161,0x0000080c
RANGE,1,12,normal,OK,16227,-1474,19,51,0,205433,0x0000080c
RANGE,1,13,normal,OK,16227,-1474,22,128,0,226116,0x0000080c
RANGE,1,14,normal,OK,16227,-1474,24,171,0,274041,0x0000080c
RANGE,1,15,normal,OK,16227,-1474,13,18,0,91144,0x0000080c
RANGE,1,16,normal,OK,16227,-1474,19,80,0,174393,0x0000080c
RANGE,1,17,normal,OK,16227,-1474,28,359,14,706324,0x0000088c
RANGE,1,18,normal,OK,16227,-1474,24,216,0,274278,0x0000080c
RANGE,1,19,normal,OK,16227,-1474,21,82,0,223917,0x0000080c
RANGE,1,20,normal,OK,16227,-1474,26,213,0,277024,0x0000080c
RANGE,1,21,normal,OK,16227,-1474,27,295,0,275104,0x0000080c
RANGE,1,22,normal,OK,16227,-1474,22,117,0,255419,0x0000080c
RANGE,1,23,normal,OK,16227,-1474,10,13,0,89669,0x0000080c
RANGE,1,24,normal,OK,16227,-1474,24,291,0,335276,0x0000080c
RANGE,1,25,normal,OK,16227,-1474,19,77,0,221250,0x0000080c
RANGE,1,26,normal,OK,16227,-1474,23,140,0,239409,0x0000080c
RANGE,1,27,normal,OK,16227,-1474,7,6,0,37705,0x0000080c
RANGE,1,28,normal,OK,16227,-1474,21,89,0,255923,0x0000080c
RANGE,1,29,normal,OK,16227,-1474,23,211,0,255683,0x0000080c
RANGE,1,30,normal,OK,16227,-1474,20,80,0,190631,0x0000080c
RANGE,1,31,normal,OK,16227,-1474,21,106,0,270737,0x0000080c
RANGE,1,32,normal,OK,16227,-1474,27,325,0,291736,0x0000080c
RANGE,1,33,normal,OK,16227,-1474,21,127,0,237548,0x0000080c
RANGE,1,34,normal,OK,16227,-1474,22,129,0,271335,0x0000080c
RANGE,1,35,normal,OK,16227,-1474,22,146,0,226239,0x0000080c
RANGE,1,36,normal,OK,16227,-1474,17,47,0,157784,0x0000080c
RANGE,1,37,normal,OK,16227,-1474,22,142,0,287959,0x0000080c
RANGE,1,38,normal,OK,16227,-1474,27,319,0,355341,0x0000080c
RANGE,1,39,normal,OK,16227,-1474,18,71,0,190888,0x0000080c
RANGE,1,40,normal,OK,16227,-1474,24,170,0,288004,0x0000080c
RANGE,1,41,normal,OK,16227,-1474,25,258,0,320593,0x0000080c
RANGE,1,42,normal,OK,16227,-1474,24,245,0,274317,0x0000080c
RANGE,1,43,normal,OK,16227,-1474,21,141,0,271508,0x0000080c
RANGE,1,44,normal,OK,16227,-1474,24,167,0,272525,0x0000080c
RANGE,1,45,normal,OK,16227,-1474,24,245,0,272602,0x0000080c
RANGE,1,46,normal,OK,16227,-1474,25,235,0,305112,0x0000080c
RANGE,1,47,normal,OK,16227,-1474,23,189,0,256183,0x0000080c
RANGE,1,48,normal,OK,16227,-1474,22,95,0,195552,0x0000080c
RANGE,1,49,normal,OK,16227,-1474,22,108,0,210037,0x0000080c
RANGE,1,50,normal,OK,16227,-1474,22,105,0,223940,0x0000080c
RANGE,1,51,normal,OK,16227,-1474,15,37,0,186045,0x0000080c
RANGE,1,52,normal,OK,16227,-1474,19,87,0,223125,0x0000080c
RANGE,1,53,normal,OK,16227,-1474,21,115,0,255947,0x0000080c
RANGE,1,54,normal,OK,16227,-1474,24,217,0,304947,0x0000080c
RANGE,1,55,normal,OK,16227,-1474,23,124,0,303862,0x0000080c
RANGE,1,56,normal,OK,16227,-1474,24,207,0,274078,0x0000080c
RANGE,1,57,normal,OK,16227,-1474,21,126,0,206464,0x0000080c
RANGE,1,58,normal,OK,16227,-1474,22,128,0,287937,0x0000080c
RANGE,1,59,normal,OK,16227,-1474,20,86,0,223799,0x0000080c
RANGE,1,60,normal,OK,16227,-1474,23,217,0,303301,0x0000080c
RANGE,1,61,normal,OK,16227,-1474,17,47,0,189619,0x0000080c
RANGE,1,62,normal,OK,16227,-1474,25,256,0,305561,0x0000080c
RANGE,1,63,normal,OK,16227,-1474,20,86,0,254313,0x0000080c
RANGE,1,64,normal,OK,16227,-1474,27,246,0,320216,0x0000080c
RANGE,1,65,normal,OK,16227,-1474,23,131,0,225642,0x0000080c
RANGE,1,66,normal,OK,16227,-1474,19,90,0,190021,0x0000080c
RANGE,1,67,normal,OK,16227,-1474,24,153,0,274611,0x0000080c
RANGE,1,68,normal,OK,16227,-1474,27,333,0,292680,0x0000080c
RANGE,1,69,normal,OK,16227,-1474,25,221,0,304959,0x0000080c
RANGE,1,70,normal,OK,16227,-1474,23,119,0,255278,0x0000080c
RANGE,1,71,normal,OK,16227,-1474,23,161,0,257607,0x0000080c
RANGE,1,72,normal,OK,16227,-1474,22,176,0,270389,0x0000080c
RANGE,1,73,normal,OK,16227,-1474,25,248,0,291436,0x0000080c
RANGE,1,74,normal,OK,16227,-1474,21,145,0,222519,0x0000080c
RANGE,1,75,normal,OK,16227,-1474,19,95,0,206078,0x0000080c
RANGE,1,76,normal,OK,16227,-1474,26,256,0,353473,0x0000080c
RANGE,1,77,normal,OK,16227,-1474,19,90,0,221119,0x0000080c
RANGE,1,78,normal,OK,16227,-1474,25,177,0,321013,0x0000080c
RANGE,1,79,normal,OK,16227,-1474,27,314,0,355365,0x0000080c
RANGE,1,80,normal,OK,16227,-1474,24,175,0,288624,0x0000080c
RANGE,1,81,normal,OK,16227,-1474,29,362,0,323527,0x0000080c
RANGE,1,82,normal,OK,16227,-1474,22,136,0,239547,0x0000080c
RANGE,1,83,normal,OK,16227,-1474,19,79,0,207736,0x0000080c
RANGE,1,84,normal,OK,16227,-1474,22,163,0,271589,0x0000080c
RANGE,1,85,normal,OK,16227,-1474,21,129,0,239816,0x0000080c
RANGE,1,86,normal,OK,16227,-1474,22,109,0,257511,0x0000080c
RANGE,1,87,normal,OK,16227,-1474,17,54,0,173433,0x0000080c
RANGE,1,88,normal,OK,16227,-1474,22,115,0,239492,0x0000080c
RANGE,1,89,normal,OK,16227,-1474,23,150,0,241752,0x0000080c
RANGE,1,90,normal,OK,16227,-1474,13,12,0,92208,0x0000080c
RANGE,1,91,normal,OK,16227,-1474,26,241,0,306796,0x0000080c
RANGE,1,92,normal,OK,16227,-1474,26,354,0,321615,0x0000080c
RANGE,1,93,normal,OK,16227,-1474,27,294,0,291869,0x0000080c
RANGE,1,94,normal,OK,16227,-1474,26,229,0,306627,0x0000080c
RANGE,1,95,normal,OK,16227,-1474,25,214,0,289615,0x0000080c
RANGE,1,96,normal,OK,16227,-1474,24,183,0,256546,0x0000080c
RANGE,1,97,normal,OK,16227,-1474,19,69,0,190372,0x0000080c
RANGE,1,98,normal,OK,16227,-1474,22,153,0,271326,0x0000080c
RANGE,1,99,normal,OK,16227,-1474,27,263,1,347958,0x0000080c
RANGE,4,0,normal,OK,4728,-2771,20,81,16,608745,0x0000080c
RANGE,4,1,normal,OK,4728,-2771,19,56,0,158283,0x0000080c
RANGE,4,2,normal,OK,16227,-1474,17,56,0,156623,0x0000080c
RANGE,4,3,normal,OK,16227,-1474,9,8,0,55634,0x0000080c
RANGE,4,4,normal,OK,9777,2203,20,108,14,572597,0x0000080c
RANGE,4,5,normal,OK,4728,-2771,22,136,10,473644,0x0000080c
RANGE,4,6,normal,OK,12345,2314,18,90,0,204594,0x0000080c
RANGE,4,7,normal,OK,4728,-2771,21,112,0,255124,0x0000080c
RANGE,4,8,normal,OK,16227,-1474,20,93,0,222365,0x0000080c
RANGE,4,9,normal,OK,9777,2203,17,40,0,127266,0x0000080c
RANGE,4,10,normal,OK,12345,2314,16,44,0,156185,0x0000080c
RANGE,4,11,normal,OK,9777,2203,21,108,0,223241,0x0000080c
RANGE,4,12,normal,OK,16227,-1474,19,51,0,205393,0x0000080c
RANGE,4,13,normal,OK,4728,-2771,21,88,0,209617,0x0000080c
RANGE,4,14,normal,OK,4728,-2771,19,71,0,190624,0x0000080c
RANGE,4,15,normal,OK,9777,2203,16,39,0,140911,0x0000080c
RANGE,4,16,normal,OK,9777,2203,14,35,0,106971,0x0000080c
RANGE,4,17,normal,OK,4728,-2771,21,91,0,239929,0x0000080c
RANGE,4,18,normal,OK,4728,-2771,23,151,0,257104,0x0000080c
RANGE,4,19,normal,OK,4728,-2771,11,16,0,88963,0x0000080c
RANGE,4,20,normal,OK,9777,2203,15,33,0,139862,0x0000080c
RANGE,4,21,normal,OK,9777,2203,16,38,0,124284,0x0000080c
RANGE,4,22,normal,OK,12345,2314,24,178,8,489878,0x0000080c
RANGE,4,23,normal,OK,16227,-1474,10,13,0,89615,0x0000080c
RANGE,4,24,normal,OK,12345,2314,19,93,0,252391,0x0000080c
RANGE,4,25,normal,OK,16227,-1474,18,55,0,205048,0x0000080c
RANGE,4,26,normal,OK,4728,-2771,15,29,0,122486,0x0000080c
RANGE,4,27,normal,OK,16227,-1474,7,6,0,38063,0x0000080c
RANGE,4,28,normal,OK,12345,2314,21,89,0,255679,0x0000080c
RANGE,4,29,normal,OK,4728,-2771,18,62,0,172679,0x0000080c
RANGE,4,30,normal,OK,16227,-1474,17,38,0,156715,0x0000080c
RANGE,4,31,normal,OK,16227,-1474,21,106,0,270691,0x0000080c
RANGE,4,32,normal,OK,4728,-2771,12,18,0,89447,0x0000080c
RANGE,4,33,normal,OK,4728,-2771,16,41,0,154800,0x0000080c
RANGE,4,34,normal,OK,4728,-2771,21,110,0,254304,0x0000080c
RANGE,4,35,normal,OK,12345,2314,19,98,0,176428,0x0000080c
RANGE,4,36,normal,OK,9777,2203,24,229,1,266766,0x0000080c
RANGE,4,37,normal,OK,9777,2203,13,17,0,138384,0x0000080c
RANGE,4,38,normal,OK,12345,2314,13,31,0,153298,0x0000080c
RANGE,4,39,normal,OK,9777,2203,18,71,0,190747,0x0000080c
RANGE,4,40,normal,OK,12345,2314,21,90,0,238119,0x0000080c
RANGE,4,41,normal,OK,12345,2314,17,61,0,188178,0x0000080c
RANGE,4,42,normal,OK,16227,-1474,23,190,0,257516,0x0000080c
RANGE,4,43,normal,OK,4728,-2771,21,141,0,271077,0x0000080c
RANGE,4,44,normal,OK,9777,2203,18,58,0,188788,0x0000080c
RANGE,4,45,normal,OK,4728,-2771,20,102,0,206526,0x0000080c
RANGE,4,46,normal,OK,4728,-2771,23,126,0,271719,0x0000080c
RANGE,4,47,normal,OK,12345,2314,19,76,0,189375,0x0000080c
RANGE,4,48,normal,OK,4728,-2771,17,27,0,127695,0x0000080c
RANGE,4,49,normal,OK,9777,2203,15,32,0,109436,0x0000080c
RANGE,4,50,normal,OK,12345,2314,16,32,0,124693,0x0000080c
RANGE,4,51,normal,OK,9777,2203,20,88,0,268201,0x0000080c
RANGE,4,52,normal,OK,16227,-1474,16,43,0,173006,0x0000080c
RANGE,4,53,normal,OK,12345,2314,18,49,0,206312,0x0000080c
RANGE,4,54,normal,OK,4728,-2771,17,61,0,203717,0x0000080c
RANGE,4,55,normal,OK,9777,2203,18,51,0,236450,0x0000080c
RANGE,4,56,normal,OK,9777,2203,21,86,0,224024,0x0000080c
RANGE,4,57,normal,OK,4728,-2771,20,97,0,188888,0x0000080c
RANGE,4,58,normal,OK,12345,2314,22,128,0,287943,0x0000080c
RANGE,4,59,normal,OK,4728,-2771,20,86,0,223899,0x0000080c
RANGE,4,60,normal,OK,4728,-2771,8,6,0,69884,0x0000080c
RANGE,4,61,normal,OK,4728,-2771,22,123,0,272527,0x0000080c
RANGE,4,62,normal,OK,12345,2314,22,120,0,256140,0x0000080c
RANGE,4,63,normal,OK,9777,2203,20,86,0,254257,0x0000080c
RANGE,4,64,normal,OK,12345,2314,16,32,0,139402,0x0000080c
RANGE,4,65,normal,OK,4728,-2771,20,45,0,175563,0x0000080c
RANGE,4,66,normal,OK,9777,2203,15,45,0,123511,0x0000080c
RANGE,4,67,normal,OK,9777,2203,22,105,0,241151,0x0000080c
RANGE,4,68,normal,OK,9777,2203,22,110,0,209231,0x0000080c
RANGE,4,69,normal,OK,9777,2203,21,81,0,238743,0x0000080c
RANGE,4,70,normal,OK,16227,-1474,24,133,0,272182,0x0000080c
RANGE,4,71,normal,OK,16227,-1474,21,87,0,240299,0x0000080c
RANGE,4,72,normal,OK,12345,2314,19,92,0,220861,0x0000080c
RANGE,4,73,normal,OK,9777,2203,14,24,0,124117,0x0000080c
RANGE,4,74,normal,OK,4728,-2771,17,64,0,156316,0x0000080c
RANGE,4,75,normal,OK,4728,-2771,17,62,0,172645,0x0000080c
RANGE,4,76,normal,OK,9777,2203,20,76,0,253895,0x0000080c
RANGE,4,77,normal,OK,4728,-2771,19,90,0,220270,0x0000080c
RANGE,4,78,normal,OK,4728,-2771,14,25,0,138863,0x0000080c
RANGE,4,79,normal,OK,4728,-2771,14,27,0,154872,0x0000080c
RANGE,4,80,normal,OK,16227,-1474,21,89,0,239009,0x0000080c
RANGE,4,81,normal,OK,4728,-2771,18,79,0,157312,0x0000080c
RANGE,4,82,normal,OK,16227,-1474,21,121,0,222973,0x0000080c
RANGE,4,83,normal,OK,16227,-1474,20,110,0,224031,0x0000080c
RANGE,4,84,normal,OK,16227,-1474,20,107,0,238318,0x0000080c
RANGE,4,85,normal,OK,16227,-1474,18,44,0,189869,0x0000080c
RANGE,4,86,normal,OK,4728,-2771,23,136,0,273944,0x0000080c
RANGE,4,87,normal,OK,16227,-1474,15,33,0,139942,0x0000080c
RANGE,4,88,normal,OK,12345,2314,10,10,0,72491,0x0000080c
RANGE,4,89,normal,OK,12345,2314,21,91,0,208573,0x0000080c
RANGE,4,90,normal,OK,16227,-1474,13,12,0,92038,0x0000080c
RANGE,4,91,normal,OK,16227,-1474,22,121,0,240500,0x0000080c
RANGE,4,92,normal,OK,9777,2203,18,55,0,189189,0x0000080c
RANGE,4,93,normal,OK,9777,2203,18,71,0,157764,0x0000080c
RANGE,4,94,normal,OK,16227,-1474,13,21,0,106902,0x0000080c
RANGE,4,95,normal,OK,12345,2314,21,100,0,223363,0x0000080c
RANGE,4,96,normal,OK,9777,2203,16,31,0,124286,0x0000080c
RANGE,4,97,normal,OK,4728,-2771,22,124,0,240363,0x0000080c
RANGE,4,98,normal,OK,12345,2314,19,82,0,221393,0x0000080c
RANGE,4,99,normal,OK,9777,2203,16,42,0,156690,0x0000080c
RANGE,16,0,normal,OK,4554,4061,20,81,16,608572,0x0000080c
RANGE,16,1,normal,OK,13446,-543,11,9,0,56879,0x0000080c
RANGE,16,2,normal,OK,16227,-1474,14,34,0,122043,0x0000080c
RANGE,16,3,normal,OK,16227,-1474,9,8,0,55539,0x0000080c
RANGE,16,4,normal,OK,5449,-2943,17,59,0,172762,0x0000080c
RANGE,16,5,normal,OK,12345,2314,18,40,0,157112,0x0000080c
RANGE,16,6,normal,OK,1208,-1015,15,42,0,154724,0x0000080c
RANGE,16,7,normal,OK,6787,-1136,19,67,0,221836,0x0000080c
RANGE,16,8,normal,OK,12995,-628,15,40,0,139786,0x0000080c
RANGE,16,9,normal,OK,3663,-4027,11,14,0,58313,0x0000080c
RANGE,16,10,normal,OK,4554,4061,20,93,12,492460,0x0000080c
RANGE,16,11,normal,OK,1208,-1015,15,41,0,138761,0x0000080c
RANGE,16,12,normal,OK,645,768,18,42,0,188728,0x0000080c
RANGE,16,13,normal,OK,6787,-1136,17,61,0,157384,0x0000080c
RANGE,16,14,normal,OK,15376,-614,16,45,0,141109,0x0000080c
RANGE,16,15,normal,OK,9777,2203,16,39,0,140807,0x0000080c
RANGE,16,16,normal,OK,9777,2203,14,35,0,107139,0x0000080c
RANGE,16,17,normal,OK,13446,-543,15,30,0,140928,0x0000080c
RANGE,16,18,normal,OK,13981,-1174,17,55,0,158172,0x0000080c
RANGE,16,19,normal,OK,13981,-1174,7,3,0,38333,0x0000080c
RANGE,16,20,normal,OK,12995,-628,15,33,0,140106,0x0000080c
RANGE,16,21,normal,OK,6787,-1136,12,12,0,73242,0x0000080c
RANGE,16,22,normal,OK,9998,-1243,12,18,0,120431,0x0000080c
RANGE,16,23,normal,OK,9270,2094,12,21,0,122850,0x0000080c
RANGE,16,24,normal,OK,12995,-628,12,28,0,135857,0x0000080c
RANGE,16,25,normal,OK,15376,-614,18,55,0,204535,0x0000080c
RANGE,16,26,normal,OK,5449,-2943,15,29,0,122358,0x0000080c
RANGE,16,27,normal,OK,4728,-2771,14,32,0,122240,0x0000080c
RANGE,16,28,normal,OK,5449,-2943,11,17,0,120392,0x0000080c
RANGE,16,29,normal,OK,4728,-2771,18,62,0,172947,0x0000080c
RANGE,16,30,normal,OK,3663,-4027,19,63,0,173730,0x0000080c
RANGE,16,31,normal,OK,3663,-4027,14,35,0,155484,0x0000080c
RANGE,16,32,normal,OK,12995,-628,7,4,0,37694,0x0000080c
RANGE,16,33,normal,OK,1208,-1015,8,8,0,69599,0x0000080c
RANGE,16,34,normal,OK,645,768,9,12,0,87096,0x0000080c
RANGE,16,35,normal,OK,16227,-1474,17,57,0,142704,0x0000080c
RANGE,16,36,normal,OK,16227,-1474,17,47,0,157930,0x0000080c
RANGE,16,37,normal,OK,9270,2094,16,28,0,188169,0x0000080c
RANGE,16,38,normal,OK,1208,-1015,17,70,0,204501,0x0000080c
RANGE,16,39,normal,OK,1208,-1015,15,31,0,140872,0x0000080c
RANGE,16,40,normal,OK,1208,-1015,15,28,0,139223,0x0000080c
RANGE,16,41,normal,OK,4554,4061,17,61,0,188063,0x0000080c
RANGE,16,42,normal,OK,15376,-614,15,34,0,140762,0x0000080c
RANGE,16,43,normal,OK,13446,-543,14,33,0,170995,0x0000080c
RANGE,16,44,normal,OK,4554,4061,12,13,0,105432,0x0000080c
RANGE,16,45,normal,OK,6787,-1136,9,10,0,86616,0x0000080c
RANGE,16,46,normal,OK,6787,-1136,9,10,0,71068,0x0000080c
RANGE,16,47,normal,OK,1208,-1015,16,42,0,139512,0x0000080c
RANGE,16,48,normal,OK,15376,-614,13,13,0,76545,0x0000080c
RANGE,16,49,normal,OK,12345,2314,4,1,0,19570,0x0000080c
RANGE,16,50,normal,OK,9998,-1243,18,48,0,157590,0x0000080c
RANGE,16,51,normal,OK,16227,-1474,15,37,0,185876,0x0000080c
RANGE,16,52,normal,OK,13446,-543,11,9,0,90125,0x0000080c
RANGE,16,53,normal,OK,9270,2094,20,77,0,239039,0x0000080c
RANGE,16,54,normal,OK,3663,-4027,11,22,0,104126,0x0000080c
RANGE,16,55,normal,OK,5449,-2943,13,22,0,153651,0x0000080c
RANGE,16,56,normal,OK,645,768,8,7,0,54753,0x0000080c
RANGE,16,57,normal,OK,12995,-628,15,38,0,106870,0x0000080c
RANGE,16,58,normal,OK,13981,-1174,9,7,0,72550,0x0000080c
RANGE,16,59,normal,OK,9777,2203,16,49,0,172690,0x0000080c
RANGE,16,60,normal,OK,4728,-2771,8,6,0,69928,0x0000080c
RANGE,16,61,normal,OK,15376,-614,15,34,0,171440,0x0000080c
RANGE,16,62,normal,OK,645,768,17,52,0,172885,0x0000080c
RANGE,16,63,normal,OK,15376,-614,13,24,0,137777,0x0000080c
RANGE,16,64,normal,OK,4728,-2771,18,52,0,171941,0x0000080c
RANGE,16,65,normal,OK,4728,-2771,20,45,0,175518,0x0000080c
RANGE,16,66,normal,OK,645,768,15,45,0,123275,0x0000080c
RANGE,16,67,normal,OK,1208,-1015,11,15,0,88832,0x0000080c
RANGE,16,68,normal,OK,12995,-628,11,18,0,89174,0x0000080c
RANGE,16,69,normal,OK,6787,-1136,17,36,0,172580,0x0000080c
RANGE,16,70,normal,OK,4554,4061,9,10,0,71011,0x0000080c
RANGE,16,71,normal,OK,6787,-1136,20,70,0,223319,0x0000080c
RANGE,16,72,normal,OK,645,768,17,51,0,187702,0x0000080c
RANGE,16,73,normal,OK,13446,-543,11,15,0,90200,0x0000080c
RANGE,16,74,normal,OK,1208,-1015,16,48,0,139927,0x0000080c
RANGE,16,75,normal,OK,15376,-614,14,31,0,123206,0x0000080c
RANGE,16,76,normal,OK,13981,-1174,9,10,0,87094,0x0000080c
RANGE,16,77,normal,OK,9998,-1243,18,67,0,204459,0x0000080c
RANGE,16,78,normal,OK,4728,-2771,14,25,0,138843,0x0000080c
RANGE,16,79,normal,OK,4728,-2771,14,27,0,154859,0x0000080c
RANGE,16,80,normal,OK,9777,2203,18,63,0,204117,0x0000080c
RANGE,16,81,normal,OK,3663,-4027,15,44,0,123234,0x0000080c
RANGE,16,82,normal,OK,9777,2203,20,84,0,206223,0x0000080c
RANGE,16,83,normal,OK,15376,-614,14,23,0,124693,0x0000080c
RANGE,16,84,normal,OK,5449,-2943,12,23,0,121111,0x0000080c
RANGE,16,85,normal,OK,12345,2314,19,67,0,206391,0x0000080c
RANGE,16,86,normal,OK,13981,-1174,19,62,0,207830,0x0000080c
RANGE,16,87,normal,OK,6787,-1136,12,15,0,90122,0x0000080c
RANGE,16,88,normal,OK,12345,2314,16,48,0,155381,0x0000080c
RANGE,16,89,normal,OK,645,768,16,41,0,140664,0x0000080c
RANGE,16,90,normal,OK,16227,-1474,13,12,0,92171,0x0000080c
RANGE,16,91,normal,OK,3663,-4027,18,75,0,174290,0x0000080c
RANGE,16,92,normal,OK,9777,2203,18,55,0,189142,0x0000080c
RANGE,16,93,normal,OK,6787,-1136,15,45,0,123550,0x0000080c
RANGE,16,94,normal,OK,645,768,18,62,0,188982,0x0000080c
RANGE,16,95,normal,OK,12995,-628,5,4,0,36443,0x0000080c
RANGE,16,96,normal,OK,13446,-543,14,21,0,106801,0x0000080c
RANGE,16,97,normal,OK,6787,-1136,11,11,0,73406,0x0000080c
RANGE,16,98,normal,OK,1208,-1015,12,17,0,121166,0x0000080c
RANGE,16,99,normal,OK,4554,4061,19,70,0,206062,0x0000080c
RANGE,64,0,normal,OK,6171,1345,14,22,5,249899,0x0000080c
RANGE,64,1,normal,OK,13589,-734,11,9,0,56674,0x0000080c
RANGE,64,2,normal,OK,16227,-1474,14,34,4,222250,0x0000080c
RANGE,64,3,normal,OK,16227,-1474,9,8,0,55662,0x0000080c
RANGE,64,4,normal,OK,3669,3592,13,21,0,106349,0x0000080c
RANGE,64,5,normal,OK,11383,3702,15,18,0,107320,0x0000080c
RANGE,64,6,normal,OK,4695,-731,15,42,3,230015,0x0000080c
RANGE,64,7,normal,OK,15073,-866,8,8,0,70566,0x0000080c
RANGE,64,8,normal,OK,12995,-628,10,8,0,72766,0x0000080c
RANGE,64,9,normal,OK,8166,2259,10,9,0,41779,0x0000080c
RANGE,64,10,normal,OK,8771,-3801,5,4,0,36517,0x0000080c
RANGE,64,11,normal,OK,1236,1692,12,19,0,105243,0x0000080c
RANGE,64,12,normal,OK,318,626,14,20,0,122970,0x0000080c
RANGE,64,13,normal,OK,13135,465,7,7,0,37960,0x0000080c
RANGE,64,14,normal,OK,14698,-2746,12,19,0,90017,0x0000080c
RANGE,64,15,normal,OK,16151,-1400,13,18,0,91055,0x0000080c
RANGE,64,16,normal,OK,12560,207,13,30,0,90672,0x0000080c
RANGE,64,17,normal,OK,13599,-583,15,30,0,140698,0x0000080c
RANGE,64,18,normal,OK,13981,-1174,13,18,0,91113,0x0000080c
RANGE,64,19,normal,OK,13981,-1174,8,4,0,55134,0x0000080c
RANGE,64,20,normal,OK,6855,-2726,9,9,0,72183,0x0000080c
RANGE,64,21,normal,OK,3675,78,14,23,0,106534,0x0000080c
RANGE,64,22,normal,OK,14698,-2746,11,13,0,103536,0x0000080c
RANGE,64,23,normal,OK,6787,-1136,5,4,0,36745,0x0000080c
RANGE,64,24,normal,OK,8431,1225,11,21,0,119248,0x0000080c
RANGE,64,25,normal,OK,15678,3772,16,38,0,171291,0x0000080c
RANGE,64,26,normal,OK,1111,3018,7,3,0,37129,0x0000080c
RANGE,64,27,normal,OK,6787,-1136,12,17,0,89143,0x0000080c
RANGE,64,28,normal,OK,12495,-3747,5,4,0,52638,0x0000080c
RANGE,64,29,normal,OK,1691,-1050,3,1,0,18654,0x0000080c
RANGE,64,30,normal,OK,4475,-1764,7,3,0,37911,0x0000080c
RANGE,64,31,normal,OK,318,626,11,19,0,120982,0x0000080c
RANGE,64,32,normal,OK,11383,3702,16,35,0,125034,0x0000080c
RANGE,64,33,normal,OK,8166,2259,8,8,0,69777,0x0000080c
RANGE,64,34,normal,OK,318,626,5,3,0,36190,0x0000080c
RANGE,64,35,normal,OK,12495,-3747,15,30,0,109694,0x0000080c
RANGE,64,36,normal,OK,6855,-2726,14,23,0,108196,0x0000080c
RANGE,64,37,normal,OK,13446,-543,4,2,0,35369,0x0000080c
RANGE,64,38,normal,OK,15073,-866,5,4,0,37193,0x0000080c
RANGE,64,39,normal,OK,6855,-2726,2,1,0,17413,0x0000080c
RANGE,64,40,normal,OK,8166,2259,11,14,0,88784,0x0000080c
RANGE,64,41,normal,OK,645,768,14,29,0,138748,0x0000080c
RANGE,64,42,normal,OK,6787,-1136,11,12,0,89073,0x0000080c
RANGE,64,43,normal,OK,12345,2314,10,12,0,104477,0x0000080c
RANGE,64,44,normal,OK,4299,-3541,12,13,0,105160,0x0000080c
RANGE,64,45,normal,OK,8166,2259,11,14,0,104530,0x0000080c
RANGE,64,46,normal,OK,12995,-628,13,28,0,122527,0x0000080c
RANGE,64,47,normal,OK,6075,-3833,15,30,0,139178,0x0000080c
RANGE,64,48,normal,OK,4299,-3541,17,27,0,127813,0x0000080c
RANGE,64,49,normal,OK,5193,2575,14,27,0,108380,0x0000080c
RANGE,64,50,normal,OK,4554,4061,6,3,0,36837,0x0000080c
RANGE,64,51,normal,OK,14356,-58,8,10,0,85887,0x0000080c
RANGE,64,52,normal,OK,4728,-2771,8,5,0,56052,0x0000080c
RANGE,64,53,normal,OK,16227,-1474,2,1,0,17936,0x0000080c
RANGE,64,54,normal,OK,14356,-58,9,13,0,86887,0x0000080c
RANGE,64,55,normal,OK,13446,-543,9,11,0,103377,0x0000080c
RANGE,64,56,normal,OK,9998,-1243,14,15,0,108156,0x0000080c
RANGE,64,57,normal,OK,4100,1363,12,15,0,57231,0x0000080c
RANGE,64,58,normal,OK,3669,3592,10,11,0,88796,0x0000080c
RANGE,64,59,normal,OK,4554,4061,6,5,0,53621,0x0000080c
RANGE,64,60,normal,OK,4695,-731,8,6,0,69917,0x0000080c
RANGE,64,61,normal,OK,13222,-1247,10,13,0,103927,0x0000080c
RANGE,64,62,normal,OK,5959,-2036,10,13,0,88283,0x0000080c
RANGE,64,63,normal,OK,14134,227,14,34,0,154673,0x0000080c
RANGE,64,64,normal,OK,3669,3592,8,4,0,39036,0x0000080c
RANGE,64,65,normal,OK,7089,3669,16,39,0,140088,0x0000080c
RANGE,64,66,normal,OK,1835,477,10,7,0,56457,0x0000080c
RANGE,64,67,normal,OK,5449,-2943,10,10,0,72474,0x0000080c
RANGE,64,68,normal,OK,5193,2575,6,3,0,37250,0x0000080c
RANGE,64,69,normal,OK,8771,-3801,15,23,0,139793,0x0000080c
RANGE,64,70,normal,OK,5193,2575,8,7,0,54380,0x0000080c
RANGE,64,71,normal,OK,3669,3592,16,27,0,157031,0x0000080c
RANGE,64,72,normal,OK,2272,-2760,9,10,0,70914,0x0000080c
RANGE,64,73,normal,OK,13135,465,5,4,0,36183,0x0000080c
RANGE,64,74,normal,OK,12299,1447,15,35,0,123748,0x0000080c
RANGE,64,75,normal,OK,883,-3821,10,12,0,72931,0x0000080c
RANGE,64,76,normal,OK,14084,1681,9,10,0,86979,0x0000080c
RANGE,64,77,normal,OK,3428,-3946,9,10,0,86265,0x0000080c
RANGE,64,78,normal,OK,4299,-3541,14,25,0,138919,0x0000080c
RANGE,64,79,normal,OK,1236,1692,8,8,0,70443,0x0000080c
RANGE,64,80,normal,OK,8431,1225,10,10,0,87692,0x0000080c
RANGE,64,81,normal,OK,1835,477,13,28,0,89526,0x0000080c
RANGE,64,82,normal,OK,12495,-3747,12,18,0,74387,0x0000080c
RANGE,64,83,normal,OK,6075,-3833,14,23,0,125037,0x0000080c
RANGE,64,84,normal,OK,15073,-866,9,11,0,71069,0x0000080c
RANGE,64,85,normal,OK,15678,3772,12,21,0,105926,0x0000080c
RANGE,64,86,normal,OK,1111,3018,12,19,0,121747,0x0000080c
RANGE,64,87,normal,OK,12345,2314,13,23,0,106656,0x0000080c
RANGE,64,88,normal,OK,318,626,12,19,0,89614,0x0000080c
RANGE,64,89,normal,OK,698,-2344,13,19,0,91224,0x0000080c
RANGE,64,90,normal,OK,9777,2203,14,19,0,108974,0x0000080c
RANGE,64,91,normal,OK,2272,-2760,15,24,0,124858,0x0000080c
RANGE,64,92,normal,OK,6075,-3833,11,13,0,73531,0x0000080c
RANGE,64,93,normal,OK,4299,-3541,12,25,0,88931,0x0000080c
RANGE,64,94,normal,OK,883,-3821,13,21,0,106505,0x0000080c
RANGE,64,95,normal,OK,8166,2259,4,2,0,19678,0x0000080c
RANGE,64,96,normal,OK,15073,-866,6,4,0,37228,0x0000080c
RANGE,64,97,normal,OK,15073,-866,8,5,0,39114,0x0000080c
RANGE,64,98,normal,OK,1691,-1050,12,17,0,120377,0x0000080c
RANGE,64,99,normal,OK,9270,2094,12,18,0,105635,0x0000080c
RANGE,256,0,normal,OK,12101,-2751,2,1,1,27578,0x0000080c
RANGE,256,1,normal,OK,1860,-2151,10,5,1,65190,0x0000080c
RANGE,256,2,normal,OK,7612,-2447,1,0,0,1335,0x0000080c
RANGE,256,3,normal,OK,16113,1308,9,8,2,105160,0x0000080c
RANGE,256,4,normal,OK,4785,-3064,8,4,0,39398,0x0000080c
RANGE,256,5,normal,OK,1511,-1704,11,9,0,56784,0x0000080c
RANGE,256,6,normal,OK,598,3880,9,14,0,71114,0x0000080c
RANGE,256,7,normal,OK,6718,-633,5,3,0,36206,0x0000080c
RANGE,256,8,normal,OK,12890,-3479,9,4,0,55984,0x0000080c
RANGE,256,9,normal,OK,6618,224,9,7,0,41145,0x0000080c
RANGE,256,10,normal,OK,5193,2575,7,6,0,53871,0x0000080c
RANGE,256,11,normal,OK,11800,-2201,9,10,0,71265,0x0000080c
RANGE,256,12,normal,OK,591,-455,13,10,0,106505,0x0000080c
RANGE,256,13,normal,OK,2714,-4014,3,1,0,18502,0x0000080c
RANGE,256,14,normal,OK,6544,298,3,2,0,19110,0x0000080c
RANGE,256,15,normal,OK,7061,575,10,7,0,56541,0x0000080c
RANGE,256,16,normal,OK,13958,3326,7,6,0,37878,0x0000080c
RANGE,256,17,normal,OK,8833,-2331,6,5,0,37778,0x0000080c
RANGE,256,18,normal,OK,12101,-2751,6,3,0,37063,0x0000080c
RANGE,256,19,normal,OK,14110,3958,7,3,0,38512,0x0000080c
RANGE,256,20,normal,OK,6313,3315,9,9,0,72190,0x0000080c
RANGE,256,21,normal,OK,4836,-1429,10,5,0,40514,0x0000080c
RANGE,256,22,normal,OK,2313,2221,5,1,0,19934,0x0000080c
RANGE,256,23,normal,OK,6595,1025,5,4,0,36368,0x0000080c
RANGE,256,24,normal,OK,6282,-619,6,6,0,36643,0x0000080c
RANGE,256,25,normal,OK,10141,656,10,8,0,71941,0x0000080c
RANGE,256,26,normal,OK,6544,298,9,6,0,54163,0x0000080c
RANGE,256,27,normal,OK,10759,4069,6,4,0,36915,0x0000080c
RANGE,256,28,normal,OK,12495,-3747,5,4,0,52494,0x0000080c
RANGE,256,29,normal,OK,14698,-2746,7,6,0,54598,0x0000080c
RANGE,256,30,normal,OK,13981,-1174,3,1,0,18514,0x0000080c
RANGE,256,31,normal,OK,15984,2155,4,2,0,35815,0x0000080c
RANGE,256,32,normal,OK,12442,-3189,10,12,0,72021,0x0000080c
RANGE,256,33,normal,OK,1165,-3955,8,8,0,69625,0x0000080c
RANGE,256,34,normal,OK,1409,-221,8,8,0,70695,0x0000080c
RANGE,256,35,normal,OK,4695,-731,2,1,0,17904,0x0000080c
RANGE,256,36,normal,OK,15925,-2305,4,0,0,4334,0x0000080c
RANGE,256,37,normal,OK,15604,-3833,9,8,0,102462,0x0000080c
RANGE,256,38,normal,OK,15120,1624,5,4,0,37173,0x0000080c
RANGE,256,39,normal,OK,1027,2796,5,4,0,51880,0x0000080c
RANGE,256,40,normal,OK,14134,227,4,2,0,19828,0x0000080c
RANGE,256,41,normal,OK,7167,-3522,5,4,0,52262,0x0000080c
RANGE,256,42,normal,OK,13599,-583,9,3,0,56198,0x0000080c
RANGE,256,43,normal,OK,598,3880,2,1,0,17815,0x0000080c
RANGE,256,44,normal,OK,10982,2141,9,5,0,70915,0x0000080c
RANGE,256,45,normal,OK,1409,-221,7,6,0,54061,0x0000080c
RANGE,256,46,normal,OK,6718,-633,6,3,0,37039,0x0000080c
RANGE,256,47,normal,OK,12995,-628,8,3,0,39322,0x0000080c
RANGE,256,48,normal,OK,10759,4069,11,7,0,58243,0x0000080c
RANGE,256,49,normal,OK,13195,-3032,5,2,0,20296,0x0000080c
RANGE,256,50,normal,OK,2464,796,5,1,0,20293,0x0000080c
RANGE,256,51,normal,OK,14515,-2810,8,10,0,85444,0x0000080c
RANGE,256,52,normal,OK,4734,813,8,5,0,56016,0x0000080c
RANGE,256,53,normal,OK,8740,-1739,9,7,0,72161,0x0000080c
RANGE,256,54,normal,OK,8565,1388,6,6,0,36722,0x0000080c
RANGE,256,55,normal,OK,11006,14,7,7,0,85530,0x0000080c
RANGE,256,56,normal,OK,645,768,8,7,0,54758,0x0000080c
RANGE,256,57,normal,OK,9296,-1665,11,10,1,81449,0x0000080c
RANGE,256,58,normal,OK,9405,1321,2,1,0,17874,0x0000080c
RANGE,256,59,normal,OK,1873,350,8,7,0,70957,0x0000080c
RANGE,256,60,normal,OK,2026,-2644,5,2,0,36350,0x0000080c
RANGE,256,61,normal,OK,5893,-2240,5,4,0,36584,0x0000080c
RANGE,256,62,normal,OK,6787,-1136,3,1,0,18987,0x0000080c
RANGE,256,63,normal,OK,5449,-2943,5,3,0,35852,0x0000080c
RANGE,256,64,normal,OK,9240,-1467,6,2,0,21337,0x0000080c
RANGE,256,65,normal,OK,10323,-26,6,3,0,37323,0x0000080c
RANGE,256,66,normal,OK,11968,3802,3,1,0,18795,0x0000080c
RANGE,256,67,normal,OK,6987,-2316,6,6,0,53518,0x0000080c
RANGE,256,68,normal,OK,5170,3782,6,3,0,37311,0x0000080c
RANGE,256,69,normal,OK,12880,1397,2,1,0,18239,0x0000080c
RANGE,256,70,normal,OK,4430,74,9,10,0,70817,0x0000080c
RANGE,256,71,normal,OK,8836,-3872,12,13,0,106372,0x0000080c
RANGE,256,72,normal,OK,1409,-221,8,6,0,54490,0x0000080c
RANGE,256,73,normal,OK,12874,4091,4,2,0,19493,0x0000080c
RANGE,256,74,normal,OK,5526,3979,9,10,0,70973,0x0000080c
RANGE,256,75,normal,OK,2756,874,9,9,0,56426,0x0000080c
RANGE,256,76,normal,OK,4708,-911,8,6,0,70356,0x0000080c
RANGE,256,77,normal,OK,14134,227,5,3,0,35491,0x0000080c
RANGE,256,78,normal,OK,7219,43,7,7,0,54005,0x0000080c
RANGE,256,79,normal,OK,6313,3315,7,5,0,54231,0x0000080c
RANGE,256,80,normal,OK,8709,-3403,8,4,0,54442,0x0000080c
RANGE,256,81,normal,OK,15037,-3396,5,3,0,35928,0x0000080c
RANGE,256,82,normal,OK,7219,43,9,10,0,39764,0x0000080c
RANGE,256,83,normal,OK,2981,-1400,10,12,0,73254,0x0000080c
RANGE,256,84,normal,OK,1165,-3955,13,26,2,187554,0x0000080c
RANGE,256,85,normal,OK,1622,-746,2,1,0,17785,0x0000080c
RANGE,256,86,normal,OK,2981,-1400,10,10,0,88554,0x0000080c
RANGE,256,87,normal,OK,11006,14,6,5,0,37359,0x0000080c
RANGE,256,88,normal,OK,12629,-3988,10,10,0,72537,0x0000080c
RANGE,256,89,normal,OK,5920,357,3,1,0,19035,0x0000080c
RANGE,256,90,normal,OK,480,-2190,4,2,0,19532,0x0000080c
RANGE,256,91,normal,OK,533,909,13,10,0,91612,0x0000080c
RANGE,256,92,normal,OK,5364,2037,3,1,0,18923,0x0000080c
RANGE,256,93,normal,OK,2151,3011,3,2,0,18505,0x0000080c
RANGE,256,94,normal,OK,14139,-261,9,7,0,55399,0x0000080c
RANGE,256,95,normal,OK,13135,465,5,4,0,36510,0x0000080c
RANGE,256,96,normal,OK,4116,-3709,7,6,0,53620,0x0000080c
RANGE,256,97,normal,OK,2859,-2006,7,5,0,37732,0x0000080c
RANGE,256,98,normal,OK,1236,1692,12,17,0,121030,0x0000080c
RANGE,256,99,normal,OK,6987,-2316,8,8,0,54381,0x0000080c
