predicate,m,seed_idx,mode,rc,result_index,result_value,trial,l_bbht,iter,cycles,status
LT,1,0,normal,OK,6004,-28307,15,30,30,15004,0x0000080c
LT,1,0,ckpt,OK,6004,-28307,15,30,8,10931,0x0000080c
LT,1,1,normal,OK,6004,-28307,23,132,132,45624,0x0000080c
LT,1,1,ckpt,OK,6004,-28307,23,132,43,19571,0x0000080c
LT,1,2,normal,OK,6004,-28307,21,141,141,47145,0x0000080c
LT,1,2,ckpt,OK,6004,-28307,21,141,31,15801,0x0000080c
LT,1,3,normal,OK,6004,-28307,24,192,192,62168,0x0000080c
LT,1,3,ckpt,OK,6004,-28307,24,192,41,19684,0x0000080c
LT,1,4,normal,OK,6004,-28307,20,108,108,37954,0x0000080c
LT,1,4,ckpt,OK,6004,-28307,20,108,30,15329,0x0000080c
LT,1,5,normal,OK,6004,-28307,21,96,96,35353,0x0000080c
LT,1,5,ckpt,OK,6004,-28307,21,96,25,14384,0x0000080c
LT,1,6,normal,OK,6004,-28307,24,207,207,66096,0x0000080c
LT,1,6,ckpt,OK,6004,-28307,24,207,58,24485,0x0000080c
LT,1,7,normal,OK,6004,-28307,12,25,25,12186,0x0000080c
LT,1,7,ckpt,OK,6004,-28307,12,25,7,6221,0x0000080c
LT,1,8,normal,OK,6004,-28307,25,183,183,60268,0x0000080c
LT,1,8,ckpt,OK,6004,-28307,25,183,54,23553,0x0000080c
LT,1,9,normal,OK,6004,-28307,24,148,148,50388,0x0000080c
LT,1,9,ckpt,OK,6004,-28307,24,148,68,26742,0x0000080c
LT,1,10,normal,OK,6004,-28307,24,195,195,62914,0x0000080c
LT,1,10,ckpt,OK,6004,-28307,24,195,47,21213,0x0000080c
LT,1,11,normal,OK,6004,-28307,25,218,218,69416,0x0000080c
LT,1,11,ckpt,OK,6004,-28307,25,218,57,27607,0x0000080c
LT,1,12,normal,OK,6004,-28307,26,276,276,85325,0x0000080c
LT,1,12,ckpt,OK,6004,-28307,26,276,76,29892,0x0000080c
LT,1,13,normal,OK,6004,-28307,17,61,61,24151,0x0000080c
LT,1,13,ckpt,OK,6004,-28307,17,61,20,11469,0x0000080c
LT,1,14,normal,OK,6004,-28307,25,221,221,70378,0x0000080c
LT,1,14,ckpt,OK,6004,-28307,25,221,69,27487,0x0000080c
LT,1,15,normal,OK,6004,-28307,26,234,234,74226,0x0000080c
LT,1,15,ckpt,OK,6004,-28307,26,234,77,30428,0x0000080c
LT,1,16,normal,OK,6004,-28307,23,175,175,57092,0x0000080c
LT,1,16,ckpt,OK,6004,-28307,23,175,41,19039,0x0000080c
LT,1,17,normal,OK,6004,-28307,28,359,359,108135,0x0000088c
LT,1,17,ckpt,OK,6004,-28307,28,359,127,44210,0x0000088c
LT,1,18,normal,OK,6004,-28307,23,151,151,50894,0x0000080c
LT,1,18,ckpt,OK,6004,-28307,23,151,43,19920,0x0000080c
LT,1,19,normal,OK,6004,-28307,28,371,371,111377,0x0000088c
LT,1,19,ckpt,OK,6004,-28307,28,371,160,52641,0x0000088c
LT,1,20,normal,OK,6004,-28307,27,311,311,95063,0x0000080c
LT,1,20,ckpt,OK,6004,-28307,27,311,109,38611,0x0000080c
LT,1,21,normal,OK,6004,-28307,22,105,105,38091,0x0000080c
LT,1,21,ckpt,OK,6004,-28307,22,105,24,17597,0x0000080c
LT,1,22,normal,OK,6004,-28307,19,72,72,27923,0x0000080c
LT,1,22,ckpt,OK,6004,-28307,19,72,12,10072,0x0000080c
LT,1,23,normal,OK,6004,-28307,26,337,337,101602,0x0000080c
LT,1,23,ckpt,OK,6004,-28307,26,337,101,36539,0x0000080c
LT,1,24,normal,OK,6004,-28307,20,122,122,41705,0x0000080c
LT,1,24,ckpt,OK,6004,-28307,20,122,32,15729,0x0000080c
LT,1,25,normal,OK,6004,-28307,25,210,210,67264,0x0000080c
LT,1,25,ckpt,OK,6004,-28307,25,210,79,30185,0x0000080c
LT,1,26,normal,OK,6004,-28307,28,273,273,85337,0x0000080c
LT,1,26,ckpt,OK,6004,-28307,28,273,73,29151,0x0000080c
LT,1,27,normal,OK,6004,-28307,31,441,441,131372,0x0000088c
LT,1,27,ckpt,OK,6004,-28307,31,441,152,51967,0x0000088c
LT,1,28,normal,OK,6004,-28307,24,205,205,65471,0x0000080c
LT,1,28,ckpt,OK,6004,-28307,24,205,65,25804,0x0000080c
LT,1,29,normal,OK,6004,-28307,16,41,41,18345,0x0000080c
LT,1,29,ckpt,OK,6004,-28307,16,41,6,7310,0x0000080c
LT,1,30,normal,OK,6004,-28307,27,298,298,91623,0x0000080c
LT,1,30,ckpt,OK,6004,-28307,27,298,97,36182,0x0000080c
LT,1,31,normal,OK,6004,-28307,25,224,224,71098,0x0000080c
LT,1,31,ckpt,OK,6004,-28307,25,224,78,33031,0x0000080c
LT,1,32,normal,OK,6004,-28307,24,147,147,50137,0x0000080c
LT,1,32,ckpt,OK,6004,-28307,24,147,44,20131,0x0000080c
LT,1,33,normal,OK,6004,-28307,26,333,333,100225,0x0000080c
LT,1,33,ckpt,OK,6004,-28307,26,333,94,33986,0x0000080c
LT,1,34,normal,OK,6004,-28307,17,68,68,25883,0x0000080c
LT,1,34,ckpt,OK,6004,-28307,17,68,17,10688,0x0000080c
LT,1,35,normal,OK,6004,-28307,24,230,230,72203,0x0000080c
LT,1,35,ckpt,OK,6004,-28307,24,230,57,24270,0x0000080c
LT,1,36,normal,OK,6004,-28307,22,141,141,47706,0x0000080c
LT,1,36,ckpt,OK,6004,-28307,22,141,45,19805,0x0000080c
LT,1,37,normal,OK,6004,-28307,20,85,85,31903,0x0000080c
LT,1,37,ckpt,OK,6004,-28307,20,85,32,15984,0x0000080c
LT,1,38,normal,OK,6004,-28307,24,225,225,70932,0x0000080c
LT,1,38,ckpt,OK,6004,-28307,24,225,42,19884,0x0000080c
LT,1,39,normal,OK,6004,-28307,24,205,205,65569,0x0000080c
LT,1,39,ckpt,OK,6004,-28307,24,205,46,21068,0x0000080c
LT,1,40,normal,OK,6004,-28307,17,42,42,19068,0x0000080c
LT,1,40,ckpt,OK,6004,-28307,17,42,13,9744,0x0000080c
LT,1,41,normal,OK,6004,-28307,23,130,130,45131,0x0000080c
LT,1,41,ckpt,OK,6004,-28307,23,130,42,19921,0x0000080c
LT,1,42,normal,OK,6004,-28307,23,190,190,61119,0x0000080c
LT,1,42,ckpt,OK,6004,-28307,23,190,36,21155,0x0000080c
LT,1,43,normal,OK,6004,-28307,19,98,98,34859,0x0000080c
LT,1,43,ckpt,OK,6004,-28307,19,98,20,12416,0x0000080c
LT,1,44,normal,OK,6004,-28307,25,202,202,65211,0x0000080c
LT,1,44,ckpt,OK,6004,-28307,25,202,46,21064,0x0000080c
LT,1,45,normal,OK,6004,-28307,22,164,164,53748,0x0000080c
LT,1,45,ckpt,OK,6004,-28307,22,164,36,17470,0x0000080c
LT,1,46,normal,OK,6004,-28307,17,52,52,21747,0x0000080c
LT,1,46,ckpt,OK,6004,-28307,17,52,13,9538,0x0000080c
LT,1,47,normal,OK,6004,-28307,24,252,252,78044,0x0000080c
LT,1,47,ckpt,OK,6004,-28307,24,252,64,25738,0x0000080c
LT,1,48,normal,OK,6004,-28307,26,226,226,72184,0x0000080c
LT,1,48,ckpt,OK,6004,-28307,26,226,72,28907,0x0000080c
LT,1,49,normal,OK,6004,-28307,25,229,229,72403,0x0000080c
LT,1,49,ckpt,OK,6004,-28307,25,229,53,23045,0x0000080c
LT,1,50,normal,OK,6004,-28307,25,213,213,68075,0x0000080c
LT,1,50,ckpt,OK,6004,-28307,25,213,62,25269,0x0000080c
LT,1,51,normal,OK,6004,-28307,21,111,111,39190,0x0000080c
LT,1,51,ckpt,OK,6004,-28307,21,111,23,13919,0x0000080c
LT,1,52,normal,OK,6004,-28307,26,256,256,79991,0x0000080c
LT,1,52,ckpt,OK,6004,-28307,26,256,89,33038,0x0000080c
LT,1,53,normal,OK,6004,-28307,20,77,77,29802,0x0000080c
LT,1,53,ckpt,OK,6004,-28307,20,77,26,17224,0x0000080c
LT,1,54,normal,OK,6004,-28307,25,283,283,86757,0x0000080c
LT,1,54,ckpt,OK,6004,-28307,25,283,71,27970,0x0000080c
LT,1,55,normal,OK,6004,-28307,23,124,124,43694,0x0000080c
LT,1,55,ckpt,OK,6004,-28307,23,124,52,22214,0x0000080c
LT,1,56,normal,OK,6004,-28307,21,86,86,32568,0x0000080c
LT,1,56,ckpt,OK,6004,-28307,21,86,27,14596,0x0000080c
LT,1,57,normal,OK,6004,-28307,22,166,166,54300,0x0000080c
LT,1,57,ckpt,OK,6004,-28307,22,166,42,19005,0x0000080c
LT,1,58,normal,OK,6004,-28307,21,97,97,35527,0x0000080c
LT,1,58,ckpt,OK,6004,-28307,21,97,21,13336,0x0000080c
LT,1,59,normal,OK,6004,-28307,27,201,201,66014,0x0000080c
LT,1,59,ckpt,OK,6004,-28307,27,201,50,23240,0x0000080c
LT,1,60,normal,OK,6004,-28307,24,243,243,75702,0x0000080c
LT,1,60,ckpt,OK,6004,-28307,24,243,49,22118,0x0000080c
LT,1,61,normal,OK,6004,-28307,24,183,183,59683,0x0000080c
LT,1,61,ckpt,OK,6004,-28307,24,183,65,26622,0x0000080c
LT,1,62,normal,OK,6004,-28307,23,153,153,51269,0x0000080c
LT,1,62,ckpt,OK,6004,-28307,23,153,34,17289,0x0000080c
LT,1,63,normal,OK,6004,-28307,26,195,195,63808,0x0000080c
LT,1,63,ckpt,OK,6004,-28307,26,195,55,26605,0x0000080c
LT,1,64,normal,OK,6004,-28307,26,193,193,63297,0x0000080c
LT,1,64,ckpt,OK,6004,-28307,26,193,46,21889,0x0000080c
LT,1,65,normal,OK,6004,-28307,22,76,76,30313,0x0000080c
LT,1,65,ckpt,OK,6004,-28307,22,76,31,16031,0x0000080c
LT,1,66,normal,OK,6004,-28307,25,172,172,57292,0x0000080c
LT,1,66,ckpt,OK,6004,-28307,25,172,65,26669,0x0000080c
LT,1,67,normal,OK,6004,-28307,22,105,105,38077,0x0000080c
LT,1,67,ckpt,OK,6004,-28307,22,105,48,20842,0x0000080c
LT,1,68,normal,OK,6004,-28307,21,81,81,31407,0x0000080c
LT,1,68,ckpt,OK,6004,-28307,21,81,31,15923,0x0000080c
LT,1,69,normal,OK,6004,-28307,22,106,106,38287,0x0000080c
LT,1,69,ckpt,OK,6004,-28307,22,106,27,15015,0x0000080c
LT,1,70,normal,OK,6004,-28307,26,243,243,76537,0x0000080c
LT,1,70,ckpt,OK,6004,-28307,26,243,98,36033,0x0000080c
LT,1,71,normal,OK,6004,-28307,20,70,70,27931,0x0000080c
LT,1,71,ckpt,OK,6004,-28307,20,70,28,14747,0x0000080c
LT,1,72,normal,OK,6004,-28307,28,440,440,129654,0x0000080c
LT,1,72,ckpt,OK,6004,-28307,28,440,103,37615,0x0000080c
LT,1,73,normal,OK,6004,-28307,25,248,248,77245,0x0000080c
LT,1,73,ckpt,OK,6004,-28307,25,248,70,27428,0x0000080c
LT,1,74,normal,OK,6004,-28307,23,212,212,66919,0x0000080c
LT,1,74,ckpt,OK,6004,-28307,23,212,40,22240,0x0000080c
LT,1,75,normal,OK,6004,-28307,21,117,117,40828,0x0000080c
LT,1,75,ckpt,OK,6004,-28307,21,117,26,14821,0x0000080c
LT,1,76,normal,OK,6004,-28307,23,149,149,50171,0x0000080c
LT,1,76,ckpt,OK,6004,-28307,23,149,53,22139,0x0000080c
LT,1,77,normal,OK,6004,-28307,24,189,189,61280,0x0000080c
LT,1,77,ckpt,OK,6004,-28307,24,189,58,23831,0x0000080c
LT,1,78,normal,OK,6004,-28307,25,177,177,58548,0x0000080c
LT,1,78,ckpt,OK,6004,-28307,25,177,69,27710,0x0000080c
LT,1,79,normal,OK,6004,-28307,24,138,138,47846,0x0000080c
LT,1,79,ckpt,OK,6004,-28307,24,138,54,23115,0x0000080c
LT,1,80,normal,OK,6004,-28307,17,53,53,22011,0x0000080c
LT,1,80,ckpt,OK,6004,-28307,17,53,14,9850,0x0000080c
LT,1,81,normal,OK,6004,-28307,18,79,79,29338,0x0000080c
LT,1,81,ckpt,OK,6004,-28307,18,79,19,11438,0x0000080c
LT,1,82,normal,OK,6004,-28307,21,121,121,41980,0x0000080c
LT,1,82,ckpt,OK,6004,-28307,21,121,40,18307,0x0000080c
LT,1,83,normal,OK,6004,-28307,26,224,224,71497,0x0000080c
LT,1,83,ckpt,OK,6004,-28307,26,224,64,26343,0x0000080c
LT,1,84,normal,OK,6004,-28307,21,132,132,44836,0x0000080c
LT,1,84,ckpt,OK,6004,-28307,21,132,28,15164,0x0000080c
LT,1,85,normal,OK,6004,-28307,24,234,234,73273,0x0000080c
LT,1,85,ckpt,OK,6004,-28307,24,234,66,29202,0x0000080c
LT,1,86,normal,OK,6004,-28307,21,91,91,33905,0x0000080c
LT,1,86,ckpt,OK,6004,-28307,21,91,20,13271,0x0000080c
LT,1,87,normal,OK,6004,-28307,22,146,146,49039,0x0000080c
LT,1,87,ckpt,OK,6004,-28307,22,146,49,20846,0x0000080c
LT,1,88,normal,OK,6004,-28307,24,199,199,63895,0x0000080c
LT,1,88,ckpt,OK,6004,-28307,24,199,67,26475,0x0000080c
LT,1,89,normal,OK,6004,-28307,3,1,1,1712,0x0000080c
LT,1,89,ckpt,OK,6004,-28307,3,1,1,1557,0x0000080c
LT,1,90,normal,OK,6004,-28307,24,174,174,57463,0x0000080c
LT,1,90,ckpt,OK,6004,-28307,24,174,71,27634,0x0000080c
LT,1,91,normal,OK,6004,-28307,23,149,149,50271,0x0000080c
LT,1,91,ckpt,OK,6004,-28307,23,149,37,18169,0x0000080c
LT,1,92,normal,OK,6004,-28307,16,37,37,17273,0x0000080c
LT,1,92,ckpt,OK,6004,-28307,16,37,9,8099,0x0000080c
LT,1,93,normal,OK,6004,-28307,23,192,192,61628,0x0000080c
LT,1,93,ckpt,OK,6004,-28307,23,192,51,22033,0x0000080c
LT,1,94,normal,OK,6004,-28307,21,130,130,44264,0x0000080c
LT,1,94,ckpt,OK,6004,-28307,21,130,43,18972,0x0000080c
LT,1,95,normal,OK,6004,-28307,25,214,214,68461,0x0000080c
LT,1,95,ckpt,OK,6004,-28307,25,214,80,30756,0x0000080c
LT,1,96,normal,OK,6004,-28307,17,42,42,19026,0x0000080c
LT,1,96,ckpt,OK,6004,-28307,17,42,11,9049,0x0000080c
LT,1,97,normal,OK,6004,-28307,23,159,159,52961,0x0000080c
LT,1,97,ckpt,OK,6004,-28307,23,159,37,21402,0x0000080c
LT,1,98,normal,OK,6004,-28307,27,308,308,94193,0x0000080c
LT,1,98,ckpt,OK,6004,-28307,27,308,77,30164,0x0000080c
LT,1,99,normal,OK,6004,-28307,27,263,263,82273,0x0000088c
LT,1,99,ckpt,OK,6004,-28307,27,263,138,46464,0x0000088c
LT,4,0,normal,OK,6004,-28307,15,30,30,14942,0x0000080c
LT,4,0,ckpt,OK,6004,-28307,15,30,8,7583,0x0000080c
LT,4,1,normal,OK,2687,-24767,20,81,81,30902,0x0000080c
LT,4,1,ckpt,OK,2687,-24767,20,81,25,13927,0x0000080c
LT,4,2,normal,OK,6004,-28307,19,89,89,32418,0x0000080c
LT,4,2,ckpt,OK,6004,-28307,19,89,24,13233,0x0000080c
LT,4,3,normal,OK,14622,-28245,18,56,56,23327,0x0000080c
LT,4,3,ckpt,OK,14622,-28245,18,56,21,12314,0x0000080c
LT,4,4,normal,OK,13764,-17666,15,36,36,16578,0x0000080c
LT,4,4,ckpt,OK,13764,-17666,15,36,9,7832,0x0000080c
LT,4,5,normal,OK,6004,-28307,18,40,40,19178,0x0000080c
LT,4,5,ckpt,OK,6004,-28307,18,40,12,9794,0x0000080c
LT,4,6,normal,OK,13764,-17666,11,20,20,10379,0x0000080c
LT,4,6,ckpt,OK,13764,-17666,11,20,6,5534,0x0000080c
LT,4,7,normal,OK,2687,-24767,14,36,36,16093,0x0000080c
LT,4,7,ckpt,OK,2687,-24767,14,36,8,7229,0x0000080c
LT,4,8,normal,OK,6004,-28307,19,76,76,29140,0x0000080c
LT,4,8,ckpt,OK,6004,-28307,19,76,26,13947,0x0000080c
LT,4,9,normal,OK,14622,-28245,24,148,148,50437,0x0000080c
LT,4,9,ckpt,OK,14622,-28245,24,148,68,29962,0x0000080c
LT,4,10,normal,OK,14622,-28245,15,35,35,16244,0x0000080c
LT,4,10,ckpt,OK,14622,-28245,15,35,11,8362,0x0000080c
LT,4,11,normal,OK,2687,-24767,19,85,85,31375,0x0000080c
LT,4,11,ckpt,OK,2687,-24767,19,85,21,12535,0x0000080c
LT,4,12,normal,OK,14622,-28245,20,81,81,30803,0x0000080c
LT,4,12,ckpt,OK,14622,-28245,20,81,35,16577,0x0000080c
LT,4,13,normal,OK,2687,-24767,21,88,88,33285,0x0000080c
LT,4,13,ckpt,OK,2687,-24767,21,88,28,15260,0x0000080c
LT,4,14,normal,OK,14622,-28245,7,8,8,5394,0x0000080c
LT,4,14,ckpt,OK,14622,-28245,7,8,2,3154,0x0000080c
LT,4,15,normal,OK,13764,-17666,9,3,3,4990,0x0000080c
LT,4,15,ckpt,OK,13764,-17666,9,3,2,3827,0x0000080c
LT,4,16,normal,OK,6004,-28307,20,97,97,34996,0x0000080c
LT,4,16,ckpt,OK,6004,-28307,20,97,19,12178,0x0000080c
LT,4,17,normal,OK,2687,-24767,21,91,91,33958,0x0000080c
LT,4,17,ckpt,OK,2687,-24767,21,91,33,16620,0x0000080c
LT,4,18,normal,OK,13764,-17666,13,18,18,10852,0x0000080c
LT,4,18,ckpt,OK,13764,-17666,13,18,8,6851,0x0000080c
LT,4,19,normal,OK,2687,-24767,21,82,82,31569,0x0000080c
LT,4,19,ckpt,OK,2687,-24767,21,82,33,16220,0x0000080c
LT,4,20,normal,OK,2687,-24767,22,112,112,39923,0x0000080c
LT,4,20,ckpt,OK,2687,-24767,22,112,38,17901,0x0000080c
LT,4,21,normal,OK,6004,-28307,19,67,67,26718,0x0000080c
LT,4,21,ckpt,OK,6004,-28307,19,67,18,11890,0x0000080c
LT,4,22,normal,OK,14622,-28245,11,13,13,8585,0x0000080c
LT,4,22,ckpt,OK,14622,-28245,11,13,4,5061,0x0000080c
LT,4,23,normal,OK,2687,-24767,20,88,88,32750,0x0000080c
LT,4,23,ckpt,OK,2687,-24767,20,88,23,16837,0x0000080c
LT,4,24,normal,OK,2687,-24767,18,73,73,27811,0x0000080c
LT,4,24,ckpt,OK,2687,-24767,18,73,20,11879,0x0000080c
LT,4,25,normal,OK,6004,-28307,25,210,210,67359,0x0000080c
LT,4,25,ckpt,OK,6004,-28307,25,210,79,30262,0x0000080c
LT,4,26,normal,OK,14622,-28245,16,39,39,17824,0x0000080c
LT,4,26,ckpt,OK,14622,-28245,16,39,10,8381,0x0000080c
LT,4,27,normal,OK,13764,-17666,8,8,8,5861,0x0000080c
LT,4,27,ckpt,OK,13764,-17666,8,8,2,3498,0x0000080c
LT,4,28,normal,OK,14622,-28245,17,49,49,20876,0x0000080c
LT,4,28,ckpt,OK,14622,-28245,17,49,16,10261,0x0000080c
LT,4,29,normal,OK,6004,-28307,16,41,41,18370,0x0000080c
LT,4,29,ckpt,OK,6004,-28307,16,41,6,7335,0x0000080c
LT,4,30,normal,OK,2687,-24767,19,63,63,25514,0x0000080c
LT,4,30,ckpt,OK,2687,-24767,19,63,26,14017,0x0000080c
LT,4,31,normal,OK,14622,-28245,21,106,106,37841,0x0000080c
LT,4,31,ckpt,OK,14622,-28245,21,106,43,18986,0x0000080c
LT,4,32,normal,OK,6004,-28307,21,70,70,28416,0x0000080c
LT,4,32,ckpt,OK,6004,-28307,21,70,26,14392,0x0000080c
LT,4,33,normal,OK,2687,-24767,17,57,57,22913,0x0000080c
LT,4,33,ckpt,OK,2687,-24767,17,57,17,10471,0x0000080c
LT,4,34,normal,OK,6004,-28307,22,129,129,44360,0x0000080c
LT,4,34,ckpt,OK,6004,-28307,22,129,20,13281,0x0000080c
LT,4,35,normal,OK,13764,-17666,19,98,98,34856,0x0000080c
LT,4,35,ckpt,OK,13764,-17666,19,98,25,13709,0x0000080c
LT,4,36,normal,OK,6004,-28307,17,47,47,20473,0x0000080c
LT,4,36,ckpt,OK,6004,-28307,17,47,18,10950,0x0000080c
LT,4,37,normal,OK,14622,-28245,18,53,53,22528,0x0000080c
LT,4,37,ckpt,OK,14622,-28245,18,53,27,16775,0x0000080c
LT,4,38,normal,OK,2687,-24767,15,40,40,17706,0x0000080c
LT,4,38,ckpt,OK,2687,-24767,15,40,9,7859,0x0000080c
LT,4,39,normal,OK,2687,-24767,15,31,31,15341,0x0000080c
LT,4,39,ckpt,OK,2687,-24767,15,31,9,8073,0x0000080c
LT,4,40,normal,OK,6004,-28307,17,42,42,19101,0x0000080c
LT,4,40,ckpt,OK,6004,-28307,17,42,13,9762,0x0000080c
LT,4,41,normal,OK,2687,-24767,19,83,83,30746,0x0000080c
LT,4,41,ckpt,OK,2687,-24767,19,83,22,12795,0x0000080c
LT,4,42,normal,OK,14622,-28245,18,75,75,28237,0x0000080c
LT,4,42,ckpt,OK,14622,-28245,18,75,18,11323,0x0000080c
LT,4,43,normal,OK,13764,-17666,18,78,78,29111,0x0000080c
LT,4,43,ckpt,OK,13764,-17666,18,78,12,9668,0x0000080c
LT,4,44,normal,OK,2687,-24767,16,44,44,19122,0x0000080c
LT,4,44,ckpt,OK,2687,-24767,16,44,12,8930,0x0000080c
LT,4,45,normal,OK,2687,-24767,17,50,50,21130,0x0000080c
LT,4,45,ckpt,OK,2687,-24767,17,50,10,8649,0x0000080c
LT,4,46,normal,OK,6004,-28307,21,106,106,37917,0x0000080c
LT,4,46,ckpt,OK,6004,-28307,21,106,22,13293,0x0000080c
LT,4,47,normal,OK,2687,-24767,15,30,30,14966,0x0000080c
LT,4,47,ckpt,OK,2687,-24767,15,30,13,8834,0x0000080c
LT,4,48,normal,OK,6004,-28307,22,95,95,35533,0x0000080c
LT,4,48,ckpt,OK,6004,-28307,22,95,35,17551,0x0000080c
LT,4,49,normal,OK,14622,-28245,23,148,148,50054,0x0000080c
LT,4,49,ckpt,OK,14622,-28245,23,148,40,18943,0x0000080c
LT,4,50,normal,OK,13764,-17666,22,105,105,38085,0x0000080c
LT,4,50,ckpt,OK,13764,-17666,22,105,30,18779,0x0000080c
LT,4,51,normal,OK,2687,-24767,13,23,23,12089,0x0000080c
LT,4,51,ckpt,OK,2687,-24767,13,23,6,6257,0x0000080c
LT,4,52,normal,OK,6004,-28307,20,116,116,40228,0x0000080c
LT,4,52,ckpt,OK,6004,-28307,20,116,29,15054,0x0000080c
LT,4,53,normal,OK,2687,-24767,21,115,115,40395,0x0000080c
LT,4,53,ckpt,OK,2687,-24767,21,115,39,18044,0x0000080c
LT,4,54,normal,OK,14622,-28245,23,156,156,52059,0x0000080c
LT,4,54,ckpt,OK,14622,-28245,23,156,40,18958,0x0000080c
LT,4,55,normal,OK,2687,-24767,23,124,124,43693,0x0000080c
LT,4,55,ckpt,OK,2687,-24767,23,124,52,22222,0x0000080c
LT,4,56,normal,OK,13764,-17666,23,142,142,48375,0x0000080c
LT,4,56,ckpt,OK,13764,-17666,23,142,55,22725,0x0000080c
LT,4,57,normal,OK,6004,-28307,19,87,87,31939,0x0000080c
LT,4,57,ckpt,OK,6004,-28307,19,87,26,13751,0x0000080c
LT,4,58,normal,OK,2687,-24767,15,37,37,16849,0x0000080c
LT,4,58,ckpt,OK,2687,-24767,15,37,12,8648,0x0000080c
LT,4,59,normal,OK,14622,-28245,27,201,201,66011,0x0000080c
LT,4,59,ckpt,OK,14622,-28245,27,201,50,23240,0x0000080c
LT,4,60,normal,OK,6004,-28307,21,135,135,45646,0x0000080c
LT,4,60,ckpt,OK,6004,-28307,21,135,33,16823,0x0000080c
LT,4,61,normal,OK,14622,-28245,17,47,47,20475,0x0000080c
LT,4,61,ckpt,OK,14622,-28245,17,47,15,10479,0x0000080c
LT,4,62,normal,OK,6004,-28307,16,49,49,20532,0x0000080c
LT,4,62,ckpt,OK,6004,-28307,16,49,12,12003,0x0000080c
LT,4,63,normal,OK,6004,-28307,25,145,145,50182,0x0000080c
LT,4,63,ckpt,OK,6004,-28307,25,145,28,16594,0x0000080c
LT,4,64,normal,OK,2687,-24767,17,38,38,17998,0x0000080c
LT,4,64,ckpt,OK,2687,-24767,17,38,12,9565,0x0000080c
LT,4,65,normal,OK,13764,-17666,21,67,67,27465,0x0000080c
LT,4,65,ckpt,OK,13764,-17666,21,67,27,14630,0x0000080c
LT,4,66,normal,OK,2687,-24767,24,119,119,42727,0x0000080c
LT,4,66,ckpt,OK,2687,-24767,24,119,28,16472,0x0000080c
LT,4,67,normal,OK,6004,-28307,19,58,58,24240,0x0000080c
LT,4,67,ckpt,OK,6004,-28307,19,58,20,12256,0x0000080c
LT,4,68,normal,OK,6004,-28307,21,81,81,31270,0x0000080c
LT,4,68,ckpt,OK,6004,-28307,21,81,31,15765,0x0000080c
LT,4,69,normal,OK,13764,-17666,22,106,106,38353,0x0000080c
LT,4,69,ckpt,OK,13764,-17666,22,106,27,15068,0x0000080c
LT,4,70,normal,OK,14622,-28245,20,77,77,29762,0x0000080c
LT,4,70,ckpt,OK,14622,-28245,20,77,18,12209,0x0000080c
LT,4,71,normal,OK,6004,-28307,20,70,70,27962,0x0000080c
LT,4,71,ckpt,OK,6004,-28307,20,70,28,14776,0x0000080c
LT,4,72,normal,OK,14622,-28245,18,67,67,26207,0x0000080c
LT,4,72,ckpt,OK,14622,-28245,18,67,17,11160,0x0000080c
LT,4,73,normal,OK,2687,-24767,21,100,100,36315,0x0000080c
LT,4,73,ckpt,OK,2687,-24767,21,100,35,16757,0x0000080c
LT,4,74,normal,OK,13764,-17666,22,172,172,55898,0x0000080c
LT,4,74,ckpt,OK,13764,-17666,22,172,33,19457,0x0000080c
LT,4,75,normal,OK,6004,-28307,21,117,117,40802,0x0000080c
LT,4,75,ckpt,OK,6004,-28307,21,117,26,14770,0x0000080c
LT,4,76,normal,OK,13764,-17666,21,97,97,35558,0x0000080c
LT,4,76,ckpt,OK,13764,-17666,21,97,30,15447,0x0000080c
LT,4,77,normal,OK,13764,-17666,24,189,189,61207,0x0000080c
LT,4,77,ckpt,OK,13764,-17666,24,189,58,23758,0x0000080c
LT,4,78,normal,OK,2687,-24767,19,53,53,22995,0x0000080c
LT,4,78,ckpt,OK,2687,-24767,19,53,11,9798,0x0000080c
LT,4,79,normal,OK,2687,-24767,24,138,138,47856,0x0000080c
LT,4,79,ckpt,OK,2687,-24767,24,138,54,23143,0x0000080c
LT,4,80,normal,OK,14622,-28245,21,89,89,33357,0x0000080c
LT,4,80,ckpt,OK,14622,-28245,21,89,24,14056,0x0000080c
LT,4,81,normal,OK,6004,-28307,21,116,116,40557,0x0000080c
LT,4,81,ckpt,OK,6004,-28307,21,116,37,17501,0x0000080c
LT,4,82,normal,OK,14622,-28245,21,121,121,41896,0x0000080c
LT,4,82,ckpt,OK,14622,-28245,21,121,40,18234,0x0000080c
LT,4,83,normal,OK,14622,-28245,19,79,79,29806,0x0000080c
LT,4,83,ckpt,OK,14622,-28245,19,79,22,12808,0x0000080c
LT,4,84,normal,OK,14622,-28245,18,66,66,25894,0x0000080c
LT,4,84,ckpt,OK,14622,-28245,18,66,23,12753,0x0000080c
LT,4,85,normal,OK,2687,-24767,19,67,67,26670,0x0000080c
LT,4,85,ckpt,OK,2687,-24767,19,67,28,14461,0x0000080c
LT,4,86,normal,OK,13764,-17666,19,62,62,25296,0x0000080c
LT,4,86,ckpt,OK,13764,-17666,19,62,19,15198,0x0000080c
LT,4,87,normal,OK,6004,-28307,17,54,54,22320,0x0000080c
LT,4,87,ckpt,OK,6004,-28307,17,54,13,9573,0x0000080c
LT,4,88,normal,OK,6004,-28307,22,115,115,40719,0x0000080c
LT,4,88,ckpt,OK,6004,-28307,22,115,51,21561,0x0000080c
LT,4,89,normal,OK,6004,-28307,3,1,1,1712,0x0000080c
LT,4,89,ckpt,OK,6004,-28307,3,1,1,1557,0x0000080c
LT,4,90,normal,OK,13764,-17666,20,60,60,25269,0x0000080c
LT,4,90,ckpt,OK,13764,-17666,20,60,24,13618,0x0000080c
LT,4,91,normal,OK,14622,-28245,20,100,100,35908,0x0000080c
LT,4,91,ckpt,OK,14622,-28245,20,100,22,13086,0x0000080c
LT,4,92,normal,OK,6004,-28307,16,37,37,17274,0x0000080c
LT,4,92,ckpt,OK,6004,-28307,16,37,9,8100,0x0000080c
LT,4,93,normal,OK,14622,-28245,22,143,143,48275,0x0000080c
LT,4,93,ckpt,OK,14622,-28245,22,143,26,15122,0x0000080c
LT,4,94,normal,OK,13764,-17666,20,92,92,33714,0x0000080c
LT,4,94,ckpt,OK,13764,-17666,20,92,27,14316,0x0000080c
LT,4,95,normal,OK,13764,-17666,21,100,100,36425,0x0000080c
LT,4,95,ckpt,OK,13764,-17666,21,100,32,16558,0x0000080c
LT,4,96,normal,OK,6004,-28307,17,42,42,19028,0x0000080c
LT,4,96,ckpt,OK,6004,-28307,17,42,11,9051,0x0000080c
LT,4,97,normal,OK,2687,-24767,16,33,33,16275,0x0000080c
LT,4,97,ckpt,OK,2687,-24767,16,33,16,10443,0x0000080c
LT,4,98,normal,OK,14622,-28245,16,45,45,19396,0x0000080c
LT,4,98,ckpt,OK,14622,-28245,16,45,15,9800,0x0000080c
LT,4,99,normal,OK,14622,-28245,21,101,101,36555,0x0000080c
LT,4,99,ckpt,OK,14622,-28245,21,101,31,18927,0x0000080c
LT,16,0,normal,OK,6463,-19424,14,22,22,12403,0x0000080c
LT,16,0,ckpt,OK,6463,-19424,14,22,5,6474,0x0000080c
LT,16,1,normal,OK,8671,-19865,20,81,81,30797,0x0000080c
LT,16,1,ckpt,OK,8671,-19865,20,81,25,13813,0x0000080c
LT,16,2,normal,OK,16156,-26932,14,34,34,15520,0x0000080c
LT,16,2,ckpt,OK,16156,-26932,14,34,9,7388,0x0000080c
LT,16,3,normal,OK,9469,-18742,10,13,13,8117,0x0000080c
LT,16,3,ckpt,OK,9469,-18742,10,13,5,4981,0x0000080c
LT,16,4,normal,OK,13764,-17666,16,47,47,19971,0x0000080c
LT,16,4,ckpt,OK,13764,-17666,16,47,11,8720,0x0000080c
LT,16,5,normal,OK,2815,-23791,17,29,29,15704,0x0000080c
LT,16,5,ckpt,OK,2815,-23791,17,29,9,8562,0x0000080c
LT,16,6,normal,OK,13764,-17666,11,20,20,10395,0x0000080c
LT,16,6,ckpt,OK,13764,-17666,11,20,6,5550,0x0000080c
LT,16,7,normal,OK,2828,-17484,14,36,36,16070,0x0000080c
LT,16,7,ckpt,OK,2828,-17484,14,36,8,7209,0x0000080c
LT,16,8,normal,OK,2828,-17484,16,49,49,20549,0x0000080c
LT,16,8,ckpt,OK,2828,-17484,16,49,9,8273,0x0000080c
LT,16,9,normal,OK,8671,-19865,17,40,40,18535,0x0000080c
LT,16,9,ckpt,OK,8671,-19865,17,40,18,10825,0x0000080c
LT,16,10,normal,OK,14622,-28245,15,35,35,16193,0x0000080c
LT,16,10,ckpt,OK,14622,-28245,15,35,11,8311,0x0000080c
LT,16,11,normal,OK,2828,-17484,19,85,85,31396,0x0000080c
LT,16,11,ckpt,OK,2828,-17484,19,85,21,12509,0x0000080c
LT,16,12,normal,OK,438,-30743,18,42,42,19508,0x0000080c
LT,16,12,ckpt,OK,438,-30743,18,42,12,9744,0x0000080c
LT,16,13,normal,OK,14622,-28245,12,24,24,12040,0x0000080c
LT,16,13,ckpt,OK,14622,-28245,12,24,7,6270,0x0000080c
LT,16,14,normal,OK,14622,-28245,7,8,8,5378,0x0000080c
LT,16,14,ckpt,OK,14622,-28245,7,8,2,3138,0x0000080c
LT,16,15,normal,OK,13764,-17666,9,3,3,4988,0x0000080c
LT,16,15,ckpt,OK,13764,-17666,9,3,2,3825,0x0000080c
LT,16,16,normal,OK,2828,-17484,11,20,20,10478,0x0000080c
LT,16,16,ckpt,OK,2828,-17484,11,20,4,7838,0x0000080c
LT,16,17,normal,OK,5518,-25251,11,13,13,8607,0x0000080c
LT,16,17,ckpt,OK,5518,-25251,11,13,4,5112,0x0000080c
LT,16,18,normal,OK,14562,-27299,9,8,8,6294,0x0000080c
LT,16,18,ckpt,OK,14562,-27299,9,8,4,4338,0x0000080c
LT,16,19,normal,OK,14562,-27299,21,82,82,31554,0x0000080c
LT,16,19,ckpt,OK,14562,-27299,21,82,33,16210,0x0000080c
LT,16,20,normal,OK,14562,-27299,13,20,20,11358,0x0000080c
LT,16,20,ckpt,OK,14562,-27299,13,20,5,5996,0x0000080c
LT,16,21,normal,OK,2828,-17484,9,4,4,5300,0x0000080c
LT,16,21,ckpt,OK,2828,-17484,9,4,4,4408,0x0000080c
LT,16,22,normal,OK,14622,-28245,11,13,13,8564,0x0000080c
LT,16,22,ckpt,OK,14622,-28245,11,13,4,5040,0x0000080c
LT,16,23,normal,OK,16156,-26932,10,13,13,8183,0x0000080c
LT,16,23,ckpt,OK,16156,-26932,10,13,5,5047,0x0000080c
LT,16,24,normal,OK,8671,-19865,11,21,21,10723,0x0000080c
LT,16,24,ckpt,OK,8671,-19865,11,21,6,5609,0x0000080c
LT,16,25,normal,OK,6004,-28307,15,28,28,14393,0x0000080c
LT,16,25,ckpt,OK,6004,-28307,15,28,6,6929,0x0000080c
LT,16,26,normal,OK,2828,-17484,21,83,83,31749,0x0000080c
LT,16,26,ckpt,OK,2828,-17484,21,83,22,13242,0x0000080c
LT,16,27,normal,OK,13764,-17666,8,8,8,5855,0x0000080c
LT,16,27,ckpt,OK,13764,-17666,8,8,2,3492,0x0000080c
LT,16,28,normal,OK,5470,-16918,11,17,17,9597,0x0000080c
LT,16,28,ckpt,OK,5470,-16918,11,17,5,5282,0x0000080c
LT,16,29,normal,OK,14562,-27299,7,6,6,4805,0x0000080c
LT,16,29,ckpt,OK,14562,-27299,7,6,2,3095,0x0000080c
LT,16,30,normal,OK,8671,-19865,17,38,38,18005,0x0000080c
LT,16,30,ckpt,OK,8671,-19865,17,38,12,9332,0x0000080c
LT,16,31,normal,OK,5518,-25251,6,3,3,3601,0x0000080c
LT,16,31,ckpt,OK,5518,-25251,6,3,1,2543,0x0000080c
LT,16,32,normal,OK,8671,-19865,21,70,70,28328,0x0000080c
LT,16,32,ckpt,OK,8671,-19865,21,70,26,14307,0x0000080c
LT,16,33,normal,OK,2815,-23791,14,31,31,14653,0x0000080c
LT,16,33,ckpt,OK,2815,-23791,14,31,8,7079,0x0000080c
LT,16,34,normal,OK,6004,-28307,17,68,68,25910,0x0000080c
LT,16,34,ckpt,OK,6004,-28307,17,68,17,13309,0x0000080c
LT,16,35,normal,OK,8671,-19865,13,18,18,10830,0x0000080c
LT,16,35,ckpt,OK,8671,-19865,13,18,8,6790,0x0000080c
LT,16,36,normal,OK,16156,-26932,17,47,47,20534,0x0000080c
LT,16,36,ckpt,OK,16156,-26932,17,47,18,10990,0x0000080c
LT,16,37,normal,OK,5518,-25251,18,53,53,22495,0x0000080c
LT,16,37,ckpt,OK,5518,-25251,18,53,27,13976,0x0000080c
LT,16,38,normal,OK,2815,-23791,11,22,22,11037,0x0000080c
LT,16,38,ckpt,OK,2815,-23791,11,22,5,5392,0x0000080c
LT,16,39,normal,OK,13764,-17666,16,45,45,19454,0x0000080c
LT,16,39,ckpt,OK,13764,-17666,16,45,14,9679,0x0000080c
LT,16,40,normal,OK,11575,-17397,10,9,9,7075,0x0000080c
LT,16,40,ckpt,OK,11575,-17397,10,9,4,4730,0x0000080c
LT,16,41,normal,OK,2828,-17484,13,20,20,11325,0x0000080c
LT,16,41,ckpt,OK,2828,-17484,13,20,7,6553,0x0000080c
LT,16,42,normal,OK,14622,-28245,15,34,34,15970,0x0000080c
LT,16,42,ckpt,OK,14622,-28245,15,34,12,8657,0x0000080c
LT,16,43,normal,OK,13764,-17666,14,33,33,15233,0x0000080c
LT,16,43,ckpt,OK,13764,-17666,14,33,10,7688,0x0000080c
LT,16,44,normal,OK,13764,-17666,18,58,58,23735,0x0000080c
LT,16,44,ckpt,OK,13764,-17666,18,58,14,10138,0x0000080c
LT,16,45,normal,OK,5518,-25251,13,24,24,12297,0x0000080c
LT,16,45,ckpt,OK,5518,-25251,13,24,7,6405,0x0000080c
LT,16,46,normal,OK,2687,-24767,20,96,96,34779,0x0000080c
LT,16,46,ckpt,OK,2687,-24767,20,96,21,12662,0x0000080c
LT,16,47,normal,OK,2828,-17484,11,11,11,8066,0x0000080c
LT,16,47,ckpt,OK,2828,-17484,11,11,4,5072,0x0000080c
LT,16,48,normal,OK,11575,-17397,21,63,63,26604,0x0000080c
LT,16,48,ckpt,OK,11575,-17397,21,63,27,15123,0x0000080c
LT,16,49,normal,OK,5518,-25251,14,27,27,13654,0x0000080c
LT,16,49,ckpt,OK,5518,-25251,14,27,6,6575,0x0000080c
LT,16,50,normal,OK,2828,-17484,13,15,15,9993,0x0000080c
LT,16,50,ckpt,OK,2828,-17484,13,15,6,9425,0x0000080c
LT,16,51,normal,OK,16156,-26932,15,37,37,16725,0x0000080c
LT,16,51,ckpt,OK,16156,-26932,15,37,9,7743,0x0000080c
LT,16,52,normal,OK,16156,-26932,12,12,12,8833,0x0000080c
LT,16,52,ckpt,OK,16156,-26932,12,12,3,5181,0x0000080c
LT,16,53,normal,OK,2687,-24767,17,33,33,16741,0x0000080c
LT,16,53,ckpt,OK,2687,-24767,17,33,9,8662,0x0000080c
LT,16,54,normal,OK,10396,-31067,13,32,32,14539,0x0000080c
LT,16,54,ckpt,OK,10396,-31067,13,32,9,7090,0x0000080c
LT,16,55,normal,OK,8671,-19865,18,51,51,22052,0x0000080c
LT,16,55,ckpt,OK,8671,-19865,18,51,11,9654,0x0000080c
LT,16,56,normal,OK,9469,-18742,17,37,37,17748,0x0000080c
LT,16,56,ckpt,OK,9469,-18742,17,37,12,9248,0x0000080c
LT,16,57,normal,OK,6463,-19424,19,87,87,31977,0x0000080c
LT,16,57,ckpt,OK,6463,-19424,19,87,26,13777,0x0000080c
LT,16,58,normal,OK,2687,-24767,15,37,37,16846,0x0000080c
LT,16,58,ckpt,OK,2687,-24767,15,37,12,8631,0x0000080c
LT,16,59,normal,OK,6004,-28307,11,14,14,8916,0x0000080c
LT,16,59,ckpt,OK,6004,-28307,11,14,4,5135,0x0000080c
LT,16,60,normal,OK,8671,-19865,17,63,63,24704,0x0000080c
LT,16,60,ckpt,OK,8671,-19865,17,63,18,11280,0x0000080c
LT,16,61,normal,OK,16156,-26932,17,47,47,20456,0x0000080c
LT,16,61,ckpt,OK,16156,-26932,17,47,15,10463,0x0000080c
LT,16,62,normal,OK,14562,-27299,15,37,37,16800,0x0000080c
LT,16,62,ckpt,OK,14562,-27299,15,37,10,8178,0x0000080c
LT,16,63,normal,OK,14622,-28245,10,11,11,7505,0x0000080c
LT,16,63,ckpt,OK,14622,-28245,10,11,5,4896,0x0000080c
LT,16,64,normal,OK,5470,-16918,18,52,52,22156,0x0000080c
LT,16,64,ckpt,OK,5470,-16918,18,52,15,10744,0x0000080c
LT,16,65,normal,OK,438,-30743,8,8,8,5817,0x0000080c
LT,16,65,ckpt,OK,438,-30743,8,8,3,3722,0x0000080c
LT,16,66,normal,OK,8671,-19865,12,18,18,10412,0x0000080c
LT,16,66,ckpt,OK,8671,-19865,12,18,6,6103,0x0000080c
LT,16,67,normal,OK,14622,-28245,19,58,58,24229,0x0000080c
LT,16,67,ckpt,OK,14622,-28245,19,58,20,14985,0x0000080c
LT,16,68,normal,OK,2687,-24767,12,24,24,12003,0x0000080c
LT,16,68,ckpt,OK,2687,-24767,12,24,6,5972,0x0000080c
LT,16,69,normal,OK,6463,-19424,17,36,36,17495,0x0000080c
LT,16,69,ckpt,OK,6463,-19424,17,36,12,9366,0x0000080c
LT,16,70,normal,OK,14622,-28245,23,119,119,42295,0x0000080c
LT,16,70,ckpt,OK,14622,-28245,23,119,42,19863,0x0000080c
LT,16,71,normal,OK,6004,-28307,20,70,70,27885,0x0000080c
LT,16,71,ckpt,OK,6004,-28307,20,70,28,14698,0x0000080c
LT,16,72,normal,OK,13764,-17666,16,41,41,18326,0x0000080c
LT,16,72,ckpt,OK,13764,-17666,16,41,13,9182,0x0000080c
LT,16,73,normal,OK,2687,-24767,17,35,35,17199,0x0000080c
LT,16,73,ckpt,OK,2687,-24767,17,35,10,8707,0x0000080c
LT,16,74,normal,OK,2815,-23791,14,26,26,13460,0x0000080c
LT,16,74,ckpt,OK,2815,-23791,14,26,6,6650,0x0000080c
LT,16,75,normal,OK,2828,-17484,9,9,9,6562,0x0000080c
LT,16,75,ckpt,OK,2828,-17484,9,9,4,4343,0x0000080c
LT,16,76,normal,OK,16156,-26932,11,19,19,10161,0x0000080c
LT,16,76,ckpt,OK,16156,-26932,11,19,6,5578,0x0000080c
LT,16,77,normal,OK,9469,-18742,18,67,67,26084,0x0000080c
LT,16,77,ckpt,OK,9469,-18742,18,67,22,12157,0x0000080c
LT,16,78,normal,OK,9469,-18742,19,53,53,22964,0x0000080c
LT,16,78,ckpt,OK,9469,-18742,19,53,11,9768,0x0000080c
LT,16,79,normal,OK,438,-30743,16,43,43,18850,0x0000080c
LT,16,79,ckpt,OK,438,-30743,16,43,16,9988,0x0000080c
LT,16,80,normal,OK,2828,-17484,15,34,34,16043,0x0000080c
LT,16,80,ckpt,OK,2828,-17484,15,34,8,7521,0x0000080c
LT,16,81,normal,OK,2828,-17484,15,44,44,18695,0x0000080c
LT,16,81,ckpt,OK,2828,-17484,15,44,10,8055,0x0000080c
LT,16,82,normal,OK,2828,-17484,17,49,49,20957,0x0000080c
LT,16,82,ckpt,OK,2828,-17484,17,49,14,12674,0x0000080c
LT,16,83,normal,OK,6463,-19424,15,32,32,15438,0x0000080c
LT,16,83,ckpt,OK,6463,-19424,15,32,10,8096,0x0000080c
LT,16,84,normal,OK,5518,-25251,12,23,23,11741,0x0000080c
LT,16,84,ckpt,OK,5518,-25251,12,23,7,6249,0x0000080c
LT,16,85,normal,OK,10396,-31067,19,67,67,26621,0x0000080c
LT,16,85,ckpt,OK,10396,-31067,19,67,28,14420,0x0000080c
LT,16,86,normal,OK,14562,-27299,19,62,62,25257,0x0000080c
LT,16,86,ckpt,OK,14562,-27299,19,62,19,12299,0x0000080c
LT,16,87,normal,OK,8671,-19865,16,46,46,19641,0x0000080c
LT,16,87,ckpt,OK,8671,-19865,16,46,13,9138,0x0000080c
LT,16,88,normal,OK,8671,-19865,13,25,25,12722,0x0000080c
LT,16,88,ckpt,OK,8671,-19865,13,25,6,6305,0x0000080c
LT,16,89,normal,OK,6004,-28307,14,27,27,13729,0x0000080c
LT,16,89,ckpt,OK,6004,-28307,14,27,8,7189,0x0000080c
LT,16,90,normal,OK,16156,-26932,13,12,12,9334,0x0000080c
LT,16,90,ckpt,OK,16156,-26932,13,12,6,6352,0x0000080c
LT,16,91,normal,OK,438,-30743,13,10,10,8769,0x0000080c
LT,16,91,ckpt,OK,438,-30743,13,10,3,5629,0x0000080c
LT,16,92,normal,OK,2828,-17484,11,13,13,8590,0x0000080c
LT,16,92,ckpt,OK,2828,-17484,11,13,6,5595,0x0000080c
LT,16,93,normal,OK,14562,-27299,16,55,55,22079,0x0000080c
LT,16,93,ckpt,OK,14562,-27299,16,55,10,8544,0x0000080c
LT,16,94,normal,OK,9469,-18742,11,14,14,8824,0x0000080c
LT,16,94,ckpt,OK,9469,-18742,11,14,5,5299,0x0000080c
LT,16,95,normal,OK,9469,-18742,17,47,47,20458,0x0000080c
LT,16,95,ckpt,OK,9469,-18742,17,47,18,11414,0x0000080c
LT,16,96,normal,OK,2687,-24767,10,12,12,7853,0x0000080c
LT,16,96,ckpt,OK,2687,-24767,10,12,4,4715,0x0000080c
LT,16,97,normal,OK,2815,-23791,16,33,33,16263,0x0000080c
LT,16,97,ckpt,OK,2815,-23791,16,33,16,10432,0x0000080c
LT,16,98,normal,OK,5470,-16918,16,45,45,19402,0x0000080c
LT,16,98,ckpt,OK,5470,-16918,16,45,15,12573,0x0000080c
LT,16,99,normal,OK,5470,-16918,15,28,28,14501,0x0000080c
LT,16,99,ckpt,OK,5470,-16918,15,28,6,7041,0x0000080c
LT,64,0,normal,OK,1089,-17865,7,4,4,4309,0x0000080c
LT,64,0,ckpt,OK,1089,-17865,7,4,2,3130,0x0000080c
LT,64,1,normal,OK,1951,-17282,16,35,35,16765,0x0000080c
LT,64,1,ckpt,OK,1951,-17282,16,35,12,9015,0x0000080c
LT,64,2,normal,OK,10706,-30061,10,12,12,7810,0x0000080c
LT,64,2,ckpt,OK,10706,-30061,10,12,4,4673,0x0000080c
LT,64,3,normal,OK,16156,-26932,9,8,8,6367,0x0000080c
LT,64,3,ckpt,OK,16156,-26932,9,8,4,4413,0x0000080c
LT,64,4,normal,OK,13764,-17666,12,17,17,10060,0x0000080c
LT,64,4,ckpt,OK,13764,-17666,12,17,7,6189,0x0000080c
LT,64,5,normal,OK,10117,-21896,5,3,3,3166,0x0000080c
LT,64,5,ckpt,OK,10117,-21896,5,3,1,2235,0x0000080c
LT,64,6,normal,OK,16073,-17117,2,1,1,1204,0x0000080c
LT,64,6,ckpt,OK,16073,-17117,2,1,1,1175,0x0000080c
LT,64,7,normal,OK,15048,-24121,8,8,8,5814,0x0000080c
LT,64,7,ckpt,OK,15048,-24121,8,8,3,3717,0x0000080c
LT,64,8,normal,OK,12822,-30595,10,8,8,6842,0x0000080c
LT,64,8,ckpt,OK,12822,-30595,10,8,4,4762,0x0000080c
LT,64,9,normal,OK,8239,-17326,10,9,9,7025,0x0000080c
LT,64,9,ckpt,OK,8239,-17326,10,9,2,4148,0x0000080c
LT,64,10,normal,OK,3605,-26225,12,23,23,11679,0x0000080c
LT,64,10,ckpt,OK,3605,-26225,12,23,5,5645,0x0000080c
LT,64,11,normal,OK,11830,-32530,9,10,10,6823,0x0000080c
LT,64,11,ckpt,OK,11830,-32530,9,10,3,4072,0x0000080c
LT,64,12,normal,OK,187,-22178,14,20,20,11850,0x0000080c
LT,64,12,ckpt,OK,187,-22178,14,20,10,7894,0x0000080c
LT,64,13,normal,OK,14812,-20654,12,24,24,12012,0x0000080c
LT,64,13,ckpt,OK,14812,-20654,12,24,7,6242,0x0000080c
LT,64,14,normal,OK,8103,-21040,8,9,9,6115,0x0000080c
LT,64,14,ckpt,OK,8103,-21040,8,9,2,3486,0x0000080c
LT,64,15,normal,OK,8050,-21247,10,7,7,6533,0x0000080c
LT,64,15,ckpt,OK,8050,-21247,10,7,4,4718,0x0000080c
LT,64,16,normal,OK,11898,-26778,9,12,12,7396,0x0000080c
LT,64,16,ckpt,OK,11898,-26778,9,12,4,4384,0x0000080c
LT,64,17,normal,OK,10602,-21556,13,21,21,11624,0x0000080c
LT,64,17,ckpt,OK,10602,-21556,13,21,7,6560,0x0000080c
LT,64,18,normal,OK,14622,-28245,9,8,8,6317,0x0000080c
LT,64,18,ckpt,OK,14622,-28245,9,8,4,4361,0x0000080c
LT,64,19,normal,OK,10117,-21896,10,10,10,7316,0x0000080c
LT,64,19,ckpt,OK,10117,-21896,10,10,3,4441,0x0000080c
LT,64,20,normal,OK,438,-30743,11,13,13,8546,0x0000080c
LT,64,20,ckpt,OK,438,-30743,11,13,4,5020,0x0000080c
LT,64,21,normal,OK,2815,-23791,11,7,7,7073,0x0000080c
LT,64,21,ckpt,OK,2815,-23791,11,7,4,8132,0x0000080c
LT,64,22,normal,OK,14662,-22014,11,13,13,8560,0x0000080c
LT,64,22,ckpt,OK,14662,-22014,11,13,4,5036,0x0000080c
LT,64,23,normal,OK,2843,-27723,14,29,29,14334,0x0000080c
LT,64,23,ckpt,OK,2843,-27723,14,29,7,6996,0x0000080c
LT,64,24,normal,OK,4806,-18062,5,4,4,3411,0x0000080c
LT,64,24,ckpt,OK,4806,-18062,5,4,1,2213,0x0000080c
LT,64,25,normal,OK,10396,-31067,10,8,8,6780,0x0000080c
LT,64,25,ckpt,OK,10396,-31067,10,8,2,4170,0x0000080c
LT,64,26,normal,OK,13360,-28930,15,29,29,14664,0x0000080c
LT,64,26,ckpt,OK,13360,-28930,15,29,10,7995,0x0000080c
LT,64,27,normal,OK,7227,-22375,12,17,17,10121,0x0000080c
LT,64,27,ckpt,OK,7227,-22375,12,17,4,5617,0x0000080c
LT,64,28,normal,OK,15048,-24121,4,2,2,2410,0x0000080c
LT,64,28,ckpt,OK,15048,-24121,4,2,1,1869,0x0000080c
LT,64,29,normal,OK,1089,-17865,9,11,11,7093,0x0000080c
LT,64,29,ckpt,OK,1089,-17865,9,11,3,4077,0x0000080c
LT,64,30,normal,OK,9469,-18742,14,21,21,12105,0x0000080c
LT,64,30,ckpt,OK,9469,-18742,14,21,7,6987,0x0000080c
LT,64,31,normal,OK,16073,-17117,9,10,10,6875,0x0000080c
LT,64,31,ckpt,OK,16073,-17117,9,10,4,4389,0x0000080c
LT,64,32,normal,OK,11308,-20891,16,35,35,16772,0x0000080c
LT,64,32,ckpt,OK,11308,-20891,16,35,7,7596,0x0000080c
LT,64,33,normal,OK,11228,-19551,11,17,17,9617,0x0000080c
LT,64,33,ckpt,OK,11228,-19551,11,17,6,5562,0x0000080c
LT,64,34,normal,OK,12822,-30595,12,21,21,11164,0x0000080c
LT,64,34,ckpt,OK,12822,-30595,12,21,4,5396,0x0000080c
LT,64,35,normal,OK,3372,-16463,5,4,4,3396,0x0000080c
LT,64,35,ckpt,OK,3372,-16463,5,4,2,2466,0x0000080c
LT,64,36,normal,OK,8239,-17326,14,23,23,12737,0x0000080c
LT,64,36,ckpt,OK,8239,-17326,14,23,9,7517,0x0000080c
LT,64,37,normal,OK,8050,-21247,6,5,5,4116,0x0000080c
LT,64,37,ckpt,OK,8050,-21247,6,5,2,2795,0x0000080c
LT,64,38,normal,OK,15048,-24121,5,4,4,3417,0x0000080c
LT,64,38,ckpt,OK,15048,-24121,5,4,2,2487,0x0000080c
LT,64,39,normal,OK,13442,-19364,14,22,22,12376,0x0000080c
LT,64,39,ckpt,OK,13442,-19364,14,22,6,6840,0x0000080c
LT,64,40,normal,OK,1951,-17282,15,28,28,14515,0x0000080c
LT,64,40,ckpt,OK,1951,-17282,15,28,8,7795,0x0000080c
LT,64,41,normal,OK,6760,-27408,12,14,14,9287,0x0000080c
LT,64,41,ckpt,OK,6760,-27408,12,14,7,6229,0x0000080c
LT,64,42,normal,OK,7227,-22375,11,12,12,8262,0x0000080c
LT,64,42,ckpt,OK,7227,-22375,11,12,5,5264,0x0000080c
LT,64,43,normal,OK,6760,-27408,12,22,22,11430,0x0000080c
LT,64,43,ckpt,OK,6760,-27408,12,22,7,9086,0x0000080c
LT,64,44,normal,OK,4246,-31407,13,18,18,10795,0x0000080c
LT,64,44,ckpt,OK,4246,-31407,13,18,5,6002,0x0000080c
LT,64,45,normal,OK,2843,-27723,17,50,50,21108,0x0000080c
LT,64,45,ckpt,OK,2843,-27723,17,50,10,8627,0x0000080c
LT,64,46,normal,OK,15570,-27224,12,21,21,11204,0x0000080c
LT,64,46,ckpt,OK,15570,-27224,12,21,6,5965,0x0000080c
LT,64,47,normal,OK,8016,-19922,15,30,30,14979,0x0000080c
LT,64,47,ckpt,OK,8016,-19922,15,30,13,8847,0x0000080c
LT,64,48,normal,OK,11228,-19551,11,7,7,7084,0x0000080c
LT,64,48,ckpt,OK,11228,-19551,11,7,4,5145,0x0000080c
LT,64,49,normal,OK,14812,-20654,12,17,17,10116,0x0000080c
LT,64,49,ckpt,OK,14812,-20654,12,17,6,5935,0x0000080c
LT,64,50,normal,OK,3149,-30574,13,15,15,9972,0x0000080c
LT,64,50,ckpt,OK,3149,-30574,13,15,6,6201,0x0000080c
LT,64,51,normal,OK,15529,-19241,10,15,15,8569,0x0000080c
LT,64,51,ckpt,OK,15529,-19241,10,15,4,4636,0x0000080c
LT,64,52,normal,OK,16156,-26932,16,43,43,18880,0x0000080c
LT,64,52,ckpt,OK,16156,-26932,16,43,15,9707,0x0000080c
LT,64,53,normal,OK,15570,-27224,13,21,21,11691,0x0000080c
LT,64,53,ckpt,OK,15570,-27224,13,21,7,6593,0x0000080c
LT,64,54,normal,OK,3486,-28677,11,22,22,10865,0x0000080c
LT,64,54,ckpt,OK,3486,-28677,11,22,5,5218,0x0000080c
LT,64,55,normal,OK,3149,-30574,6,5,5,4135,0x0000080c
LT,64,55,ckpt,OK,3149,-30574,6,5,2,2816,0x0000080c
LT,64,56,normal,OK,8016,-19922,7,4,4,4291,0x0000080c
LT,64,56,ckpt,OK,8016,-19922,7,4,2,3111,0x0000080c
LT,64,57,normal,OK,4246,-31407,12,15,15,9577,0x0000080c
LT,64,57,ckpt,OK,4246,-31407,12,15,5,5661,0x0000080c
LT,64,58,normal,OK,6463,-19424,6,5,5,4147,0x0000080c
LT,64,58,ckpt,OK,6463,-19424,6,5,2,2829,0x0000080c
LT,64,59,normal,OK,14562,-27299,15,34,34,16116,0x0000080c
LT,64,59,ckpt,OK,14562,-27299,15,34,12,8661,0x0000080c
LT,64,60,normal,OK,15048,-24121,10,15,15,8631,0x0000080c
LT,64,60,ckpt,OK,15048,-24121,10,15,5,4963,0x0000080c
LT,64,61,normal,OK,16156,-26932,12,21,21,11165,0x0000080c
LT,64,61,ckpt,OK,16156,-26932,12,21,4,5394,0x0000080c
LT,64,62,normal,OK,14622,-28245,13,27,27,13216,0x0000080c
LT,64,62,ckpt,OK,14622,-28245,13,27,7,6529,0x0000080c
LT,64,63,normal,OK,15273,-28381,13,24,24,12398,0x0000080c
LT,64,63,ckpt,OK,15273,-28381,13,24,6,9518,0x0000080c
LT,64,64,normal,OK,12822,-30595,16,32,32,15971,0x0000080c
LT,64,64,ckpt,OK,12822,-30595,16,32,12,9245,0x0000080c
LT,64,65,normal,OK,8671,-19865,16,39,39,17787,0x0000080c
LT,64,65,ckpt,OK,8671,-19865,16,39,12,8878,0x0000080c
LT,64,66,normal,OK,2162,-20710,10,7,7,6532,0x0000080c
LT,64,66,ckpt,OK,2162,-20710,10,7,5,4983,0x0000080c
LT,64,67,normal,OK,12888,-24207,13,19,19,11102,0x0000080c
LT,64,67,ckpt,OK,12888,-24207,13,19,5,6135,0x0000080c
LT,64,68,normal,OK,12822,-30595,2,0,0,948,0x0000080c
LT,64,68,ckpt,OK,12822,-30595,2,0,0,917,0x0000080c
LT,64,69,normal,OK,6463,-19424,17,36,36,17442,0x0000080c
LT,64,69,ckpt,OK,6463,-19424,17,36,12,9333,0x0000080c
LT,64,70,normal,OK,1951,-17282,14,28,28,13962,0x0000080c
LT,64,70,ckpt,OK,1951,-17282,14,28,6,6814,0x0000080c
LT,64,71,normal,OK,6760,-27408,6,3,3,3579,0x0000080c
LT,64,71,ckpt,OK,6760,-27408,6,3,2,2789,0x0000080c
LT,64,72,normal,OK,2687,-24767,9,10,10,6860,0x0000080c
LT,64,72,ckpt,OK,2687,-24767,9,10,4,4376,0x0000080c
LT,64,73,normal,OK,11308,-20891,3,1,1,1631,0x0000080c
LT,64,73,ckpt,OK,11308,-20891,3,1,1,1476,0x0000080c
LT,64,74,normal,OK,2843,-27723,14,26,26,13367,0x0000080c
LT,64,74,ckpt,OK,2843,-27723,14,26,6,6557,0x0000080c
LT,64,75,normal,OK,1089,-17865,13,25,25,12671,0x0000080c
LT,64,75,ckpt,OK,1089,-17865,13,25,5,5983,0x0000080c
LT,64,76,normal,OK,14236,-17629,9,10,10,6821,0x0000080c
LT,64,76,ckpt,OK,14236,-17629,9,10,4,4337,0x0000080c
LT,64,77,normal,OK,14499,-28296,15,31,31,15074,0x0000080c
LT,64,77,ckpt,OK,14499,-28296,15,31,9,7610,0x0000080c
LT,64,78,normal,OK,5518,-25251,6,5,5,4153,0x0000080c
LT,64,78,ckpt,OK,5518,-25251,6,5,2,2832,0x0000080c
LT,64,79,normal,OK,9407,-25706,3,1,1,1688,0x0000080c
LT,64,79,ckpt,OK,9407,-25706,3,1,1,1535,0x0000080c
LT,64,80,normal,OK,11830,-32530,14,26,26,13447,0x0000080c
LT,64,80,ckpt,OK,11830,-32530,14,26,8,7169,0x0000080c
LT,64,81,normal,OK,8016,-19922,7,6,6,4910,0x0000080c
LT,64,81,ckpt,OK,8016,-19922,7,6,2,3202,0x0000080c
LT,64,82,normal,OK,1173,-24863,8,6,6,5391,0x0000080c
LT,64,82,ckpt,OK,1173,-24863,8,6,1,3290,0x0000080c
LT,64,83,normal,OK,13442,-19364,8,7,7,5608,0x0000080c
LT,64,83,ckpt,OK,13442,-19364,8,7,3,3777,0x0000080c
LT,64,84,normal,OK,11994,-25266,10,14,14,8454,0x0000080c
LT,64,84,ckpt,OK,11994,-25266,10,14,4,4808,0x0000080c
LT,64,85,normal,OK,15570,-27224,12,21,21,11133,0x0000080c
LT,64,85,ckpt,OK,15570,-27224,12,21,7,9356,0x0000080c
LT,64,86,normal,OK,3149,-30574,10,10,10,7350,0x0000080c
LT,64,86,ckpt,OK,3149,-30574,10,10,4,4934,0x0000080c
LT,64,87,normal,OK,3372,-16463,11,10,10,7826,0x0000080c
LT,64,87,ckpt,OK,3372,-16463,11,10,2,4560,0x0000080c
LT,64,88,normal,OK,3372,-16463,11,14,14,8843,0x0000080c
LT,64,88,ckpt,OK,3372,-16463,11,14,4,5050,0x0000080c
LT,64,89,normal,OK,11575,-17397,14,27,27,13704,0x0000080c
LT,64,89,ckpt,OK,11575,-17397,14,27,8,7164,0x0000080c
LT,64,90,normal,OK,16156,-26932,13,12,12,9364,0x0000080c
LT,64,90,ckpt,OK,16156,-26932,13,12,6,6382,0x0000080c
LT,64,91,normal,OK,2828,-17484,15,24,24,13455,0x0000080c
LT,64,91,ckpt,OK,2828,-17484,15,24,8,7697,0x0000080c
LT,64,92,normal,OK,6760,-27408,11,13,13,8597,0x0000080c
LT,64,92,ckpt,OK,6760,-27408,11,13,6,5602,0x0000080c
LT,64,93,normal,OK,13360,-28930,9,11,11,7108,0x0000080c
LT,64,93,ckpt,OK,13360,-28930,9,11,3,4093,0x0000080c
LT,64,94,normal,OK,1173,-24863,13,21,21,11604,0x0000080c
LT,64,94,ckpt,OK,1173,-24863,13,21,7,6575,0x0000080c
LT,64,95,normal,OK,10396,-31067,17,47,47,20482,0x0000080c
LT,64,95,ckpt,OK,10396,-31067,17,47,18,11438,0x0000080c
LT,64,96,normal,OK,1951,-17282,15,26,26,13828,0x0000080c
LT,64,96,ckpt,OK,1951,-17282,15,26,6,6894,0x0000080c
LT,64,97,normal,OK,438,-30743,15,19,19,12073,0x0000080c
LT,64,97,ckpt,OK,438,-30743,15,19,6,7410,0x0000080c
LT,64,98,normal,OK,2162,-20710,12,17,17,10107,0x0000080c
LT,64,98,ckpt,OK,2162,-20710,12,17,7,6194,0x0000080c
LT,64,99,normal,OK,10117,-21896,10,12,12,7829,0x0000080c
LT,64,99,ckpt,OK,10117,-21896,10,12,3,4430,0x0000080c
LT,256,0,normal,OK,2969,-25443,6,4,4,3871,0x0000080c
LT,256,0,ckpt,OK,2969,-25443,6,4,2,2816,0x0000080c
LT,256,1,normal,OK,2036,-24289,10,5,5,6009,0x0000080c
LT,256,1,ckpt,OK,2036,-24289,10,5,2,4193,0x0000080c
LT,256,2,normal,OK,2969,-25443,8,4,4,4776,0x0000080c
LT,256,2,ckpt,OK,2969,-25443,8,4,2,3475,0x0000080c
LT,256,3,normal,OK,16257,-25143,9,8,8,6335,0x0000080c
LT,256,3,ckpt,OK,16257,-25143,9,8,4,4381,0x0000080c
LT,256,4,normal,OK,4806,-18062,8,4,4,4826,0x0000080c
LT,256,4,ckpt,OK,4806,-18062,8,4,2,3522,0x0000080c
LT,256,5,normal,OK,13028,-23887,3,1,1,1692,0x0000080c
LT,256,5,ckpt,OK,13028,-23887,3,1,1,1539,0x0000080c
LT,256,6,normal,OK,4303,-27643,5,3,3,3093,0x0000080c
LT,256,6,ckpt,OK,4303,-27643,5,3,2,2429,0x0000080c
LT,256,7,normal,OK,75,-16955,7,5,5,4535,0x0000080c
LT,256,7,ckpt,OK,75,-16955,7,5,2,6086,0x0000080c
LT,256,8,normal,OK,12888,-24207,9,4,4,5372,0x0000080c
LT,256,8,ckpt,OK,12888,-24207,9,4,2,3944,0x0000080c
LT,256,9,normal,OK,15465,-21388,7,3,3,4057,0x0000080c
LT,256,9,ckpt,OK,15465,-21388,7,3,2,3142,0x0000080c
LT,256,10,normal,OK,5232,-25821,7,6,6,4836,0x0000080c
LT,256,10,ckpt,OK,5232,-25821,7,6,2,3128,0x0000080c
LT,256,11,normal,OK,9837,-23102,4,2,2,2330,0x0000080c
LT,256,11,ckpt,OK,9837,-23102,4,2,1,1785,0x0000080c
LT,256,12,normal,OK,2572,-23848,2,1,1,1205,0x0000080c
LT,256,12,ckpt,OK,2572,-23848,2,1,1,1175,0x0000080c
LT,256,13,normal,OK,13764,-17666,8,8,8,5893,0x0000080c
LT,256,13,ckpt,OK,13764,-17666,8,8,2,3530,0x0000080c
LT,256,14,normal,OK,2343,-32692,6,7,7,4662,0x0000080c
LT,256,14,ckpt,OK,2343,-32692,6,7,2,2811,0x0000080c
LT,256,15,normal,OK,8016,-19922,10,7,7,6476,0x0000080c
LT,256,15,ckpt,OK,8016,-19922,10,7,4,4661,0x0000080c
LT,256,16,normal,OK,13887,-19044,7,6,6,4825,0x0000080c
LT,256,16,ckpt,OK,13887,-19044,7,6,2,3117,0x0000080c
LT,256,17,normal,OK,9334,-25762,6,5,5,4118,0x0000080c
LT,256,17,ckpt,OK,9334,-25762,6,5,2,2802,0x0000080c
LT,256,18,normal,OK,14662,-22014,9,8,8,6318,0x0000080c
LT,256,18,ckpt,OK,14662,-22014,9,8,4,4362,0x0000080c
LT,256,19,normal,OK,4230,-27491,10,10,10,7306,0x0000080c
LT,256,19,ckpt,OK,4230,-27491,10,10,3,4431,0x0000080c
LT,256,20,normal,OK,13764,-17666,2,1,1,1192,0x0000080c
LT,256,20,ckpt,OK,13764,-17666,2,1,1,1161,0x0000080c
LT,256,21,normal,OK,2971,-20420,9,4,4,5319,0x0000080c
LT,256,21,ckpt,OK,2971,-20420,9,4,4,4427,0x0000080c
LT,256,22,normal,OK,3486,-28677,2,1,1,1223,0x0000080c
LT,256,22,ckpt,OK,3486,-28677,2,1,1,1194,0x0000080c
LT,256,23,normal,OK,15952,-30688,3,2,2,1955,0x0000080c
LT,256,23,ckpt,OK,15952,-30688,3,2,1,1536,0x0000080c
LT,256,24,normal,OK,16334,-29822,4,3,3,2699,0x0000080c
LT,256,24,ckpt,OK,16334,-29822,4,3,1,1890,0x0000080c
LT,256,25,normal,OK,13309,-26568,8,4,4,4789,0x0000080c
LT,256,25,ckpt,OK,13309,-26568,8,4,2,3487,0x0000080c
LT,256,26,normal,OK,996,-23070,8,4,4,4718,0x0000080c
LT,256,26,ckpt,OK,996,-23070,8,4,2,3414,0x0000080c
LT,256,27,normal,OK,16219,-29789,7,6,6,4916,0x0000080c
LT,256,27,ckpt,OK,16219,-29789,7,6,2,3207,0x0000080c
LT,256,28,normal,OK,11306,-29918,10,14,14,8360,0x0000080c
LT,256,28,ckpt,OK,11306,-29918,10,14,5,4963,0x0000080c
LT,256,29,normal,OK,1719,-28833,3,1,1,1642,0x0000080c
LT,256,29,ckpt,OK,1719,-28833,3,1,1,1486,0x0000080c
LT,256,30,normal,OK,5216,-32302,9,7,7,6005,0x0000080c
LT,256,30,ckpt,OK,5216,-32302,9,7,3,4049,0x0000080c
LT,256,31,normal,OK,11708,-22830,5,2,2,2839,0x0000080c
LT,256,31,ckpt,OK,11708,-22830,5,2,1,2170,0x0000080c
LT,256,32,normal,OK,12127,-28042,8,6,6,5334,0x0000080c
LT,256,32,ckpt,OK,12127,-28042,8,6,2,3502,0x0000080c
LT,256,33,normal,OK,6904,-18884,7,5,5,4540,0x0000080c
LT,256,33,ckpt,OK,6904,-18884,7,5,2,3095,0x0000080c
LT,256,34,normal,OK,329,-25772,5,3,3,3082,0x0000080c
LT,256,34,ckpt,OK,329,-25772,5,3,2,2418,0x0000080c
LT,256,35,normal,OK,10388,-25852,6,6,6,4364,0x0000080c
LT,256,35,ckpt,OK,10388,-25852,6,6,2,2780,0x0000080c
LT,256,36,normal,OK,16314,-29269,6,3,3,3653,0x0000080c
LT,256,36,ckpt,OK,16314,-29269,6,3,2,2862,0x0000080c
LT,256,37,normal,OK,8050,-21247,6,5,5,4112,0x0000080c
LT,256,37,ckpt,OK,8050,-21247,6,5,2,2791,0x0000080c
LT,256,38,normal,OK,2162,-20710,7,7,7,5142,0x0000080c
LT,256,38,ckpt,OK,2162,-20710,7,7,2,3169,0x0000080c
LT,256,39,normal,OK,187,-22178,10,10,10,7356,0x0000080c
LT,256,39,ckpt,OK,187,-22178,10,10,3,4481,0x0000080c
LT,256,40,normal,OK,12399,-20869,6,5,5,4121,0x0000080c
LT,256,40,ckpt,OK,12399,-20869,6,5,2,2800,0x0000080c
LT,256,41,normal,OK,7611,-26746,5,4,4,3390,0x0000080c
LT,256,41,ckpt,OK,7611,-26746,5,4,2,5354,0x0000080c
LT,256,42,normal,OK,6463,-19424,6,2,2,3289,0x0000080c
LT,256,42,ckpt,OK,6463,-19424,6,2,1,2497,0x0000080c
LT,256,43,normal,OK,11130,-31706,8,6,6,5337,0x0000080c
LT,256,43,ckpt,OK,11130,-31706,8,6,3,3771,0x0000080c
LT,256,44,normal,OK,14784,-16651,7,2,2,3800,0x0000080c
LT,256,44,ckpt,OK,14784,-16651,7,2,1,2884,0x0000080c
LT,256,45,normal,OK,9350,-23396,6,4,4,3788,0x0000080c
LT,256,45,ckpt,OK,9350,-23396,6,4,2,2733,0x0000080c
LT,256,46,normal,OK,14589,-23621,11,15,15,9135,0x0000080c
LT,256,46,ckpt,OK,14589,-23621,11,15,5,5343,0x0000080c
LT,256,47,normal,OK,12974,-31246,8,3,3,4566,0x0000080c
LT,256,47,ckpt,OK,12974,-31246,8,3,2,3530,0x0000080c
LT,256,48,normal,OK,6252,-19608,5,1,1,2613,0x0000080c
LT,256,48,ckpt,OK,6252,-19608,5,1,1,2209,0x0000080c
LT,256,49,normal,OK,13185,-27169,5,2,2,2826,0x0000080c
LT,256,49,ckpt,OK,13185,-27169,5,2,1,2157,0x0000080c
LT,256,50,normal,OK,3074,-20707,13,15,15,9917,0x0000080c
LT,256,50,ckpt,OK,3074,-20707,13,15,6,6146,0x0000080c
LT,256,51,normal,OK,5216,-32302,1,0,0,438,0x0000080c
LT,256,51,ckpt,OK,5216,-32302,1,0,0,528,0x0000080c
LT,256,52,normal,OK,16206,-23632,12,12,12,8787,0x0000080c
LT,256,52,ckpt,OK,16206,-23632,12,12,3,5135,0x0000080c
LT,256,53,normal,OK,4806,-18062,10,11,11,7579,0x0000080c
LT,256,53,ckpt,OK,4806,-18062,10,11,4,4706,0x0000080c
LT,256,54,normal,OK,14499,-28296,9,13,13,7602,0x0000080c
LT,256,54,ckpt,OK,14499,-28296,9,13,4,4321,0x0000080c
LT,256,55,normal,OK,3149,-30574,6,5,5,4135,0x0000080c
LT,256,55,ckpt,OK,3149,-30574,6,5,2,2816,0x0000080c
LT,256,56,normal,OK,12399,-20869,4,2,2,2379,0x0000080c
LT,256,56,ckpt,OK,12399,-20869,4,2,1,1834,0x0000080c
LT,256,57,normal,OK,10559,-18023,11,10,10,7815,0x0000080c
LT,256,57,ckpt,OK,10559,-18023,11,10,5,5348,0x0000080c
LT,256,58,normal,OK,3605,-26225,10,11,11,7573,0x0000080c
LT,256,58,ckpt,OK,3605,-26225,10,11,4,4701,0x0000080c
LT,256,59,normal,OK,1951,-17282,8,7,7,5678,0x0000080c
LT,256,59,ckpt,OK,1951,-17282,8,7,2,3579,0x0000080c
LT,256,60,normal,OK,5902,-24886,7,5,5,4638,0x0000080c
LT,256,60,ckpt,OK,5902,-24886,7,5,2,3193,0x0000080c
LT,256,61,normal,OK,6708,-32503,8,9,9,6158,0x0000080c
LT,256,61,ckpt,OK,6708,-32503,8,9,3,3796,0x0000080c
LT,256,62,normal,OK,6014,-16471,10,13,13,8120,0x0000080c
LT,256,62,ckpt,OK,6014,-16471,10,13,5,4983,0x0000080c
LT,256,63,normal,OK,5518,-25251,5,3,3,3098,0x0000080c
LT,256,63,ckpt,OK,5518,-25251,5,3,2,2432,0x0000080c
LT,256,64,normal,OK,2343,-32692,10,10,10,7357,0x0000080c
LT,256,64,ckpt,OK,2343,-32692,10,10,4,4749,0x0000080c
LT,256,65,normal,OK,4230,-27491,3,1,1,1617,0x0000080c
LT,256,65,ckpt,OK,4230,-27491,3,1,1,1463,0x0000080c
LT,256,66,normal,OK,11977,-25277,3,1,1,1681,0x0000080c
LT,256,66,ckpt,OK,11977,-25277,3,1,1,1526,0x0000080c
LT,256,67,normal,OK,1277,-26421,11,15,15,9114,0x0000080c
LT,256,67,ckpt,OK,1277,-26421,11,15,5,5324,0x0000080c
LT,256,68,normal,OK,12822,-30595,2,0,0,948,0x0000080c
LT,256,68,ckpt,OK,12822,-30595,2,0,0,917,0x0000080c
LT,256,69,normal,OK,1344,-26656,8,6,6,5320,0x0000080c
LT,256,69,ckpt,OK,1344,-26656,8,6,3,3753,0x0000080c
LT,256,70,normal,OK,2971,-20420,2,1,1,1209,0x0000080c
LT,256,70,ckpt,OK,2971,-20420,2,1,1,1179,0x0000080c
LT,256,71,normal,OK,15725,-31609,11,10,10,7803,0x0000080c
LT,256,71,ckpt,OK,15725,-31609,11,10,3,4805,0x0000080c
LT,256,72,normal,OK,2658,-18659,9,10,10,6842,0x0000080c
LT,256,72,ckpt,OK,2658,-18659,9,10,4,7637,0x0000080c
LT,256,73,normal,OK,13185,-27169,5,4,4,3389,0x0000080c
LT,256,73,ckpt,OK,13185,-27169,5,4,2,2458,0x0000080c
LT,256,74,normal,OK,11575,-17397,3,1,1,1658,0x0000080c
LT,256,74,ckpt,OK,11575,-17397,3,1,1,1504,0x0000080c
LT,256,75,normal,OK,6463,-19424,4,3,3,2629,0x0000080c
LT,256,75,ckpt,OK,6463,-19424,4,3,1,1821,0x0000080c
LT,256,76,normal,OK,14236,-17629,9,10,10,6812,0x0000080c
LT,256,76,ckpt,OK,14236,-17629,9,10,4,4328,0x0000080c
LT,256,77,normal,OK,6252,-19608,4,1,1,2039,0x0000080c
LT,256,77,ckpt,OK,6252,-19608,4,1,1,1761,0x0000080c
LT,256,78,normal,OK,7640,-30933,7,7,7,5133,0x0000080c
LT,256,78,ckpt,OK,7640,-30933,7,7,2,3158,0x0000080c
LT,256,79,normal,OK,9407,-25706,3,1,1,1643,0x0000080c
LT,256,79,ckpt,OK,9407,-25706,3,1,1,1490,0x0000080c
LT,256,80,normal,OK,9078,-27959,8,4,4,4846,0x0000080c
LT,256,80,ckpt,OK,9078,-27959,8,4,2,3542,0x0000080c
LT,256,81,normal,OK,8050,-21247,4,2,2,2431,0x0000080c
LT,256,81,ckpt,OK,8050,-21247,4,2,1,1888,0x0000080c
LT,256,82,normal,OK,15049,-32471,3,1,1,1705,0x0000080c
LT,256,82,ckpt,OK,15049,-32471,3,1,1,1549,0x0000080c
LT,256,83,normal,OK,13544,-19201,6,4,4,3871,0x0000080c
LT,256,83,ckpt,OK,13544,-19201,6,4,1,2549,0x0000080c
LT,256,84,normal,OK,14794,-24299,7,6,6,4906,0x0000080c
LT,256,84,ckpt,OK,14794,-24299,7,6,2,3196,0x0000080c
LT,256,85,normal,OK,7964,-27918,8,7,7,5612,0x0000080c
LT,256,85,ckpt,OK,7964,-27918,8,7,2,3518,0x0000080c
LT,256,86,normal,OK,3124,-18325,10,10,10,7358,0x0000080c
LT,256,86,ckpt,OK,3124,-18325,10,10,4,4942,0x0000080c
LT,256,87,normal,OK,13074,-16790,7,7,7,5151,0x0000080c
LT,256,87,ckpt,OK,13074,-16790,7,7,2,3176,0x0000080c
LT,256,88,normal,OK,7964,-27918,4,1,1,2157,0x0000080c
LT,256,88,ckpt,OK,7964,-27918,4,1,1,1878,0x0000080c
LT,256,89,normal,OK,14979,-30644,7,6,6,4911,0x0000080c
LT,256,89,ckpt,OK,14979,-30644,7,6,2,3202,0x0000080c
LT,256,90,normal,OK,12205,-22159,3,1,1,1688,0x0000080c
LT,256,90,ckpt,OK,12205,-22159,3,1,1,1532,0x0000080c
LT,256,91,normal,OK,10100,-21223,4,1,1,2156,0x0000080c
LT,256,91,ckpt,OK,10100,-21223,4,1,1,1877,0x0000080c
LT,256,92,normal,OK,2971,-20420,11,13,13,8580,0x0000080c
LT,256,92,ckpt,OK,2971,-20420,11,13,6,5585,0x0000080c
LT,256,93,normal,OK,14349,-16530,8,8,8,5804,0x0000080c
LT,256,93,ckpt,OK,14349,-16530,8,8,3,3708,0x0000080c
LT,256,94,normal,OK,6004,-28307,6,2,2,3312,0x0000080c
LT,256,94,ckpt,OK,6004,-28307,6,2,1,2519,0x0000080c
LT,256,95,normal,OK,4806,-18062,10,12,12,7838,0x0000080c
LT,256,95,ckpt,OK,4806,-18062,10,12,5,4968,0x0000080c
LT,256,96,normal,OK,2767,-19886,10,12,12,7792,0x0000080c
LT,256,96,ckpt,OK,2767,-19886,10,12,4,4654,0x0000080c
LT,256,97,normal,OK,2969,-25443,7,5,5,4616,0x0000080c
LT,256,97,ckpt,OK,2969,-25443,7,5,2,3171,0x0000080c
LT,256,98,normal,OK,7640,-30933,8,5,5,5073,0x0000080c
LT,256,98,ckpt,OK,7640,-30933,8,5,2,3505,0x0000080c
LT,256,99,normal,OK,10209,-30215,10,12,12,7863,0x0000080c
LT,256,99,ckpt,OK,10209,-30215,10,12,3,4464,0x0000080c
GT,1,0,normal,OK,12148,26989,21,119,119,41375,0x0000080c
GT,1,0,ckpt,OK,12148,26989,21,119,38,20974,0x0000080c
GT,1,1,normal,OK,12148,26989,25,259,259,80260,0x0000080c
GT,1,1,ckpt,OK,12148,26989,25,259,87,31972,0x0000080c
GT,1,2,normal,OK,12148,26989,17,56,56,22784,0x0000080c
GT,1,2,ckpt,OK,12148,26989,17,56,16,10309,0x0000080c
GT,1,3,normal,OK,12148,26989,28,307,307,94449,0x0000080c
GT,1,3,ckpt,OK,12148,26989,28,307,68,28321,0x0000080c
GT,1,4,normal,OK,12148,26989,23,182,182,58978,0x0000080c
GT,1,4,ckpt,OK,12148,26989,23,182,39,19018,0x0000080c
GT,1,5,normal,OK,12148,26989,27,221,221,71270,0x0000080c
GT,1,5,ckpt,OK,12148,26989,27,221,68,28139,0x0000080c
GT,1,6,normal,OK,12148,26989,24,207,207,66077,0x0000080c
GT,1,6,ckpt,OK,12148,26989,24,207,58,24517,0x0000080c
GT,1,7,normal,OK,12148,26989,22,128,128,44210,0x0000080c
GT,1,7,ckpt,OK,12148,26989,22,128,36,17603,0x0000080c
GT,1,8,normal,OK,12148,26989,25,183,183,60273,0x0000080c
GT,1,8,ckpt,OK,12148,26989,25,183,54,23558,0x0000080c
GT,1,9,normal,OK,12148,26989,25,189,189,61770,0x0000080c
GT,1,9,ckpt,OK,12148,26989,25,189,68,27135,0x0000080c
GT,1,10,normal,OK,12148,26989,28,357,357,107700,0x0000080c
GT,1,10,ckpt,OK,12148,26989,28,357,122,45568,0x0000080c
GT,1,11,normal,OK,12148,26989,29,407,407,121358,0x0000088c
GT,1,11,ckpt,OK,12148,26989,29,407,146,49386,0x0000088c
GT,1,12,normal,OK,12148,26989,22,142,142,47903,0x0000080c
GT,1,12,ckpt,OK,12148,26989,22,142,36,17530,0x0000080c
GT,1,13,normal,OK,12148,26989,23,179,179,58253,0x0000080c
GT,1,13,ckpt,OK,12148,26989,23,179,55,23018,0x0000080c
GT,1,14,normal,OK,12148,26989,20,99,99,35660,0x0000080c
GT,1,14,ckpt,OK,12148,26989,20,99,31,15635,0x0000080c
GT,1,15,normal,OK,12148,26989,24,156,156,52616,0x0000080c
GT,1,15,ckpt,OK,12148,26989,24,156,67,27084,0x0000080c
GT,1,16,normal,OK,12148,26989,16,57,57,22610,0x0000080c
GT,1,16,ckpt,OK,12148,26989,16,57,11,8715,0x0000080c
GT,1,17,normal,OK,12148,26989,17,51,51,21528,0x0000080c
GT,1,17,ckpt,OK,12148,26989,17,51,15,10236,0x0000080c
GT,1,18,normal,OK,12148,26989,21,101,101,36654,0x0000080c
GT,1,18,ckpt,OK,12148,26989,21,101,28,15030,0x0000080c
GT,1,19,normal,OK,12148,26989,26,235,235,74435,0x0000080c
GT,1,19,ckpt,OK,12148,26989,26,235,82,31176,0x0000080c
GT,1,20,normal,OK,12148,26989,17,58,58,23293,0x0000080c
GT,1,20,ckpt,OK,12148,26989,17,58,13,9566,0x0000080c
GT,1,21,normal,OK,12148,26989,13,18,18,10910,0x0000080c
GT,1,21,ckpt,OK,12148,26989,13,18,6,8339,0x0000080c
GT,1,22,normal,OK,12148,26989,24,178,178,58389,0x0000080c
GT,1,22,ckpt,OK,12148,26989,24,178,50,22222,0x0000080c
GT,1,23,normal,OK,12148,26989,25,245,245,76766,0x0000080c
GT,1,23,ckpt,OK,12148,26989,25,245,63,25945,0x0000080c
GT,1,24,normal,OK,12148,26989,22,182,182,58407,0x0000080c
GT,1,24,ckpt,OK,12148,26989,22,182,40,18439,0x0000080c
GT,1,25,normal,OK,12148,26989,25,210,210,67279,0x0000080c
GT,1,25,ckpt,OK,12148,26989,25,210,79,30200,0x0000080c
GT,1,26,normal,OK,12148,26989,23,140,140,47717,0x0000080c
GT,1,26,ckpt,OK,12148,26989,23,140,48,20723,0x0000080c
GT,1,27,normal,OK,12148,26989,26,226,226,72068,0x0000080c
GT,1,27,ckpt,OK,12148,26989,26,226,58,24931,0x0000080c
GT,1,28,normal,OK,12148,26989,22,112,112,39963,0x0000080c
GT,1,28,ckpt,OK,12148,26989,22,112,25,14555,0x0000080c
GT,1,29,normal,OK,12148,26989,22,160,160,52672,0x0000080c
GT,1,29,ckpt,OK,12148,26989,22,160,39,18213,0x0000080c
GT,1,30,normal,OK,12148,26989,26,241,241,76014,0x0000080c
GT,1,30,ckpt,OK,12148,26989,26,241,97,35802,0x0000080c
GT,1,31,normal,OK,12148,26989,25,224,224,71145,0x0000080c
GT,1,31,ckpt,OK,12148,26989,25,224,78,29791,0x0000080c
GT,1,32,normal,OK,12148,26989,27,325,325,98745,0x0000080c
GT,1,32,ckpt,OK,12148,26989,27,325,101,39591,0x0000080c
GT,1,33,normal,OK,12148,26989,26,333,333,100249,0x0000080c
GT,1,33,ckpt,OK,12148,26989,26,333,94,34010,0x0000080c
GT,1,34,normal,OK,12148,26989,27,290,290,89371,0x0000088c
GT,1,34,ckpt,OK,12148,26989,27,290,107,38291,0x0000088c
GT,1,35,normal,OK,12148,26989,22,146,146,49106,0x0000080c
GT,1,35,ckpt,OK,12148,26989,22,146,46,20650,0x0000080c
GT,1,36,normal,OK,12148,26989,29,386,386,115896,0x0000080c
GT,1,36,ckpt,OK,12148,26989,29,386,97,36192,0x0000080c
GT,1,37,normal,OK,12148,26989,27,400,400,118612,0x0000088c
GT,1,37,ckpt,OK,12148,26989,27,400,121,41955,0x0000088c
GT,1,38,normal,OK,12148,26989,13,31,31,14380,0x0000080c
GT,1,38,ckpt,OK,12148,26989,13,31,8,6899,0x0000080c
GT,1,39,normal,OK,12148,26989,24,205,205,65572,0x0000080c
GT,1,39,ckpt,OK,12148,26989,24,205,46,21071,0x0000080c
GT,1,40,normal,OK,12148,26989,22,119,119,41785,0x0000080c
GT,1,40,ckpt,OK,12148,26989,22,119,31,16359,0x0000080c
GT,1,41,normal,OK,12148,26989,25,258,258,79977,0x0000080c
GT,1,41,ckpt,OK,12148,26989,25,258,78,30153,0x0000080c
GT,1,42,normal,OK,12148,26989,22,154,154,51066,0x0000080c
GT,1,42,ckpt,OK,12148,26989,22,154,35,20338,0x0000080c
GT,1,43,normal,OK,12148,26989,32,337,337,104325,0x0000080c
GT,1,43,ckpt,OK,12148,26989,32,337,90,35638,0x0000080c
GT,1,44,normal,OK,12148,26989,27,263,263,82284,0x0000080c
GT,1,44,ckpt,OK,12148,26989,27,263,72,28747,0x0000080c
GT,1,45,normal,OK,12148,26989,18,66,66,25824,0x0000080c
GT,1,45,ckpt,OK,12148,26989,18,66,16,10698,0x0000080c
GT,1,46,normal,OK,12148,26989,25,235,235,73995,0x0000080c
GT,1,46,ckpt,OK,12148,26989,25,235,75,28889,0x0000080c
GT,1,47,normal,OK,12148,26989,20,95,95,34537,0x0000080c
GT,1,47,ckpt,OK,12148,26989,20,95,26,14231,0x0000080c
GT,1,48,normal,OK,12148,26989,21,63,63,26571,0x0000080c
GT,1,48,ckpt,OK,12148,26989,21,63,27,15117,0x0000080c
GT,1,49,normal,OK,12148,26989,27,353,353,106198,0x0000080c
GT,1,49,ckpt,OK,12148,26989,27,353,96,35212,0x0000080c
GT,1,50,normal,OK,12148,26989,17,35,35,17225,0x0000080c
GT,1,50,ckpt,OK,12148,26989,17,35,15,10071,0x0000080c
GT,1,51,normal,OK,12148,26989,27,252,252,79363,0x0000080c
GT,1,51,ckpt,OK,12148,26989,27,252,86,32816,0x0000080c
GT,1,52,normal,OK,12148,26989,26,256,256,80044,0x0000080c
GT,1,52,ckpt,OK,12148,26989,26,256,89,35998,0x0000080c
GT,1,53,normal,OK,12148,26989,21,115,115,40343,0x0000080c
GT,1,53,ckpt,OK,12148,26989,21,115,39,17983,0x0000080c
GT,1,54,normal,OK,12148,26989,23,156,156,52097,0x0000080c
GT,1,54,ckpt,OK,12148,26989,23,156,40,19003,0x0000080c
GT,1,55,normal,OK,12148,26989,23,124,124,43766,0x0000080c
GT,1,55,ckpt,OK,12148,26989,23,124,52,22286,0x0000080c
GT,1,56,normal,OK,12148,26989,23,142,142,48379,0x0000080c
GT,1,56,ckpt,OK,12148,26989,23,142,55,22739,0x0000080c
GT,1,57,normal,OK,12148,26989,22,166,166,54301,0x0000080c
GT,1,57,ckpt,OK,12148,26989,22,166,42,19043,0x0000080c
GT,1,58,normal,OK,12148,26989,26,195,195,63951,0x0000080c
GT,1,58,ckpt,OK,12148,26989,26,195,59,25368,0x0000080c
GT,1,59,normal,OK,12148,26989,30,396,396,119046,0x0000088c
GT,1,59,ckpt,OK,12148,26989,30,396,123,43784,0x0000088c
GT,1,60,normal,OK,12148,26989,15,39,39,17406,0x0000080c
GT,1,60,ckpt,OK,12148,26989,15,39,10,8089,0x0000080c
GT,1,61,normal,OK,12148,26989,24,183,183,59725,0x0000080c
GT,1,61,ckpt,OK,12148,26989,24,183,65,26648,0x0000080c
GT,1,62,normal,OK,12148,26989,18,63,63,25139,0x0000080c
GT,1,62,ckpt,OK,12148,26989,18,63,13,10056,0x0000080c
GT,1,63,normal,OK,12148,26989,23,116,116,41514,0x0000080c
GT,1,63,ckpt,OK,12148,26989,23,116,25,17830,0x0000080c
GT,1,64,normal,OK,12148,26989,18,52,52,22135,0x0000080c
GT,1,64,ckpt,OK,12148,26989,18,52,15,10721,0x0000080c
GT,1,65,normal,OK,12148,26989,26,277,277,85468,0x0000080c
GT,1,65,ckpt,OK,12148,26989,26,277,94,34128,0x0000080c
GT,1,66,normal,OK,12148,26989,27,311,311,95092,0x0000080c
GT,1,66,ckpt,OK,12148,26989,27,311,89,33741,0x0000080c
GT,1,67,normal,OK,12148,26989,24,153,153,51711,0x0000080c
GT,1,67,ckpt,OK,12148,26989,24,153,52,22570,0x0000080c
GT,1,68,normal,OK,12148,26989,22,110,110,39490,0x0000080c
GT,1,68,ckpt,OK,12148,26989,22,110,33,16732,0x0000080c
GT,1,69,normal,OK,12148,26989,25,221,221,70235,0x0000080c
GT,1,69,ckpt,OK,12148,26989,25,221,60,24864,0x0000080c
GT,1,70,normal,OK,12148,26989,26,243,243,76546,0x0000080c
GT,1,70,ckpt,OK,12148,26989,26,243,98,36045,0x0000080c
GT,1,71,normal,OK,12148,26989,21,87,87,32929,0x0000080c
GT,1,71,ckpt,OK,12148,26989,21,87,28,15115,0x0000080c
GT,1,72,normal,OK,12148,26989,23,217,217,68186,0x0000080c
GT,1,72,ckpt,OK,12148,26989,23,217,42,19595,0x0000080c
GT,1,73,normal,OK,12148,26989,21,100,100,36189,0x0000080c
GT,1,73,ckpt,OK,12148,26989,21,100,35,19787,0x0000080c
GT,1,74,normal,OK,12148,26989,22,172,172,55866,0x0000080c
GT,1,74,ckpt,OK,12148,26989,22,172,33,16607,0x0000080c
GT,1,75,normal,OK,12148,26989,22,140,140,47403,0x0000080c
GT,1,75,ckpt,OK,12148,26989,22,140,26,15177,0x0000080c
GT,1,76,normal,OK,12148,26989,23,149,149,50171,0x0000080c
GT,1,76,ckpt,OK,12148,26989,23,149,53,22139,0x0000080c
GT,1,77,normal,OK,12148,26989,17,45,45,19789,0x0000080c
GT,1,77,ckpt,OK,12148,26989,17,45,12,9164,0x0000080c
GT,1,78,normal,OK,12148,26989,25,177,177,58594,0x0000080c
GT,1,78,ckpt,OK,12148,26989,25,177,69,27725,0x0000080c
GT,1,79,normal,OK,12148,26989,27,314,314,95871,0x0000088c
GT,1,79,ckpt,OK,12148,26989,27,314,112,39681,0x0000088c
GT,1,80,normal,OK,12148,26989,26,269,269,83443,0x0000080c
GT,1,80,ckpt,OK,12148,26989,26,269,61,25703,0x0000080c
GT,1,81,normal,OK,12148,26989,21,116,116,40540,0x0000080c
GT,1,81,ckpt,OK,12148,26989,21,116,37,17459,0x0000080c
GT,1,82,normal,OK,12148,26989,21,121,121,41992,0x0000080c
GT,1,82,ckpt,OK,12148,26989,21,121,40,18319,0x0000080c
GT,1,83,normal,OK,12148,26989,28,374,374,112177,0x0000080c
GT,1,83,ckpt,OK,12148,26989,28,374,126,43495,0x0000080c
GT,1,84,normal,OK,12148,26989,20,107,107,37676,0x0000080c
GT,1,84,ckpt,OK,12148,26989,20,107,27,17584,0x0000080c
GT,1,85,normal,OK,12148,26989,12,21,21,11234,0x0000080c
GT,1,85,ckpt,OK,12148,26989,12,21,7,6375,0x0000080c
GT,1,86,normal,OK,12148,26989,24,200,200,64200,0x0000080c
GT,1,86,ckpt,OK,12148,26989,24,200,64,26126,0x0000080c
GT,1,87,normal,OK,12148,26989,28,389,389,116318,0x0000080c
GT,1,87,ckpt,OK,12148,26989,28,389,86,32928,0x0000080c
GT,1,88,normal,OK,12148,26989,24,199,199,63919,0x0000080c
GT,1,88,ckpt,OK,12148,26989,24,199,67,26499,0x0000080c
GT,1,89,normal,OK,12148,26989,23,150,150,50483,0x0000080c
GT,1,89,ckpt,OK,12148,26989,23,150,54,22559,0x0000080c
GT,1,90,normal,OK,12148,26989,23,110,110,39984,0x0000080c
GT,1,90,ckpt,OK,12148,26989,23,110,41,19287,0x0000080c
GT,1,91,normal,OK,12148,26989,26,241,241,76060,0x0000080c
GT,1,91,ckpt,OK,12148,26989,26,241,86,32332,0x0000080c
GT,1,92,normal,OK,12148,26989,26,354,354,106034,0x0000080c
GT,1,92,ckpt,OK,12148,26989,26,354,89,32976,0x0000080c
GT,1,93,normal,OK,12148,26989,21,119,119,41348,0x0000080c
GT,1,93,ckpt,OK,12148,26989,21,119,25,14361,0x0000080c
GT,1,94,normal,OK,12148,26989,21,130,130,44266,0x0000080c
GT,1,94,ckpt,OK,12148,26989,21,130,43,18993,0x0000080c
GT,1,95,normal,OK,12148,26989,25,214,214,68473,0x0000080c
GT,1,95,ckpt,OK,12148,26989,25,214,80,33795,0x0000080c
GT,1,96,normal,OK,12148,26989,21,108,108,38377,0x0000080c
GT,1,96,ckpt,OK,12148,26989,21,108,21,13148,0x0000080c
GT,1,97,normal,OK,12148,26989,26,325,325,98399,0x0000080c
GT,1,97,ckpt,OK,12148,26989,26,325,96,35242,0x0000080c
GT,1,98,normal,OK,12148,26989,22,153,153,50785,0x0000080c
GT,1,98,ckpt,OK,12148,26989,22,153,51,21501,0x0000080c
GT,1,99,normal,OK,12148,26989,21,101,101,36582,0x0000080c
GT,1,99,ckpt,OK,12148,26989,21,101,31,15884,0x0000080c
GT,4,0,normal,OK,14541,30711,21,119,119,41217,0x0000080c
GT,4,0,ckpt,OK,14541,30711,21,119,38,17580,0x0000080c
GT,4,1,normal,OK,2460,23714,20,81,81,30855,0x0000080c
GT,4,1,ckpt,OK,2460,23714,20,81,25,13880,0x0000080c
GT,4,2,normal,OK,10937,16908,20,120,120,41147,0x0000080c
GT,4,2,ckpt,OK,10937,16908,20,120,31,15480,0x0000080c
GT,4,3,normal,OK,14541,30711,18,56,56,23327,0x0000080c
GT,4,3,ckpt,OK,14541,30711,18,56,21,12297,0x0000080c
GT,4,4,normal,OK,10937,16908,20,108,108,38037,0x0000080c
GT,4,4,ckpt,OK,10937,16908,20,108,30,15384,0x0000080c
GT,4,5,normal,OK,2460,23714,22,136,136,46354,0x0000080c
GT,4,5,ckpt,OK,2460,23714,22,136,41,18922,0x0000080c
GT,4,6,normal,OK,10937,16908,17,68,68,25907,0x0000080c
GT,4,6,ckpt,OK,10937,16908,17,68,18,14205,0x0000080c
GT,4,7,normal,OK,2460,23714,14,36,36,16055,0x0000080c
GT,4,7,ckpt,OK,2460,23714,14,36,8,7214,0x0000080c
GT,4,8,normal,OK,2460,23714,25,183,183,60201,0x0000080c
GT,4,8,ckpt,OK,2460,23714,25,183,54,23468,0x0000080c
GT,4,9,normal,OK,14541,30711,24,148,148,50396,0x0000080c
GT,4,9,ckpt,OK,14541,30711,24,148,68,26757,0x0000080c
GT,4,10,normal,OK,14541,30711,15,35,35,16191,0x0000080c
GT,4,10,ckpt,OK,14541,30711,15,35,11,8309,0x0000080c
GT,4,11,normal,OK,2460,23714,19,85,85,31334,0x0000080c
GT,4,11,ckpt,OK,2460,23714,19,85,21,12494,0x0000080c
GT,4,12,normal,OK,2460,23714,17,32,32,16428,0x0000080c
GT,4,12,ckpt,OK,2460,23714,17,32,12,9455,0x0000080c
GT,4,13,normal,OK,10937,16908,12,24,24,12012,0x0000080c
GT,4,13,ckpt,OK,10937,16908,12,24,7,6242,0x0000080c
GT,4,14,normal,OK,14541,30711,14,29,29,14280,0x0000080c
GT,4,14,ckpt,OK,14541,30711,14,29,6,6673,0x0000080c
GT,4,15,normal,OK,14541,30711,21,85,85,32370,0x0000080c
GT,4,15,ckpt,OK,14541,30711,21,85,39,18447,0x0000080c
GT,4,16,normal,OK,12148,26989,23,175,175,57171,0x0000080c
GT,4,16,ckpt,OK,12148,26989,23,175,41,19149,0x0000080c
GT,4,17,normal,OK,12148,26989,17,51,51,21509,0x0000080c
GT,4,17,ckpt,OK,12148,26989,17,51,15,10217,0x0000080c
GT,4,18,normal,OK,14541,30711,9,8,8,6353,0x0000080c
GT,4,18,ckpt,OK,14541,30711,9,8,4,4397,0x0000080c
GT,4,19,normal,OK,2460,23714,21,82,82,31559,0x0000080c
GT,4,19,ckpt,OK,2460,23714,21,82,33,16210,0x0000080c
GT,4,20,normal,OK,14541,30711,13,20,20,11329,0x0000080c
GT,4,20,ckpt,OK,14541,30711,13,20,5,8989,0x0000080c
GT,4,21,normal,OK,12148,26989,13,18,18,10951,0x0000080c
GT,4,21,ckpt,OK,12148,26989,13,18,6,6387,0x0000080c
GT,4,22,normal,OK,10937,16908,20,92,92,33803,0x0000080c
GT,4,22,ckpt,OK,10937,16908,20,92,20,12872,0x0000080c
GT,4,23,normal,OK,2460,23714,20,88,88,32729,0x0000080c
GT,4,23,ckpt,OK,2460,23714,20,88,23,13537,0x0000080c
GT,4,24,normal,OK,2460,23714,18,73,73,27858,0x0000080c
GT,4,24,ckpt,OK,2460,23714,18,73,20,11926,0x0000080c
GT,4,25,normal,OK,10937,16908,20,100,100,35800,0x0000080c
GT,4,25,ckpt,OK,10937,16908,20,100,23,13319,0x0000080c
GT,4,26,normal,OK,14541,30711,16,39,39,17754,0x0000080c
GT,4,26,ckpt,OK,14541,30711,16,39,10,8311,0x0000080c
GT,4,27,normal,OK,14541,30711,18,56,56,23292,0x0000080c
GT,4,27,ckpt,OK,14541,30711,18,56,18,11423,0x0000080c
GT,4,28,normal,OK,10937,16908,18,54,54,22677,0x0000080c
GT,4,28,ckpt,OK,10937,16908,18,54,16,10613,0x0000080c
GT,4,29,normal,OK,14541,30711,7,6,6,4830,0x0000080c
GT,4,29,ckpt,OK,14541,30711,7,6,2,3120,0x0000080c
GT,4,30,normal,OK,2460,23714,19,63,63,25529,0x0000080c
GT,4,30,ckpt,OK,2460,23714,19,63,26,14032,0x0000080c
GT,4,31,normal,OK,14541,30711,21,106,106,37817,0x0000080c
GT,4,31,ckpt,OK,14541,30711,21,106,43,18962,0x0000080c
GT,4,32,normal,OK,12148,26989,10,12,12,7846,0x0000080c
GT,4,32,ckpt,OK,12148,26989,10,12,4,4708,0x0000080c
GT,4,33,normal,OK,2460,23714,17,57,57,22915,0x0000080c
GT,4,33,ckpt,OK,2460,23714,17,57,17,10473,0x0000080c
GT,4,34,normal,OK,2460,23714,25,171,171,56879,0x0000080c
GT,4,34,ckpt,OK,2460,23714,25,171,39,22630,0x0000080c
GT,4,35,normal,OK,10937,16908,18,73,73,27798,0x0000080c
GT,4,35,ckpt,OK,10937,16908,18,73,17,11192,0x0000080c
GT,4,36,normal,OK,14541,30711,23,180,180,58524,0x0000080c
GT,4,36,ckpt,OK,14541,30711,23,180,45,20176,0x0000080c
GT,4,37,normal,OK,2460,23714,12,17,17,10091,0x0000080c
GT,4,37,ckpt,OK,2460,23714,12,17,7,6177,0x0000080c
GT,4,38,normal,OK,10937,16908,21,123,123,42508,0x0000080c
GT,4,38,ckpt,OK,10937,16908,21,123,29,15413,0x0000080c
GT,4,39,normal,OK,14541,30711,21,105,105,37738,0x0000080c
GT,4,39,ckpt,OK,14541,30711,21,105,30,15854,0x0000080c
GT,4,40,normal,OK,12148,26989,22,119,119,41823,0x0000080c
GT,4,40,ckpt,OK,12148,26989,22,119,31,16385,0x0000080c
GT,4,41,normal,OK,12148,26989,17,61,61,24010,0x0000080c
GT,4,41,ckpt,OK,12148,26989,17,61,21,11650,0x0000080c
GT,4,42,normal,OK,14541,30711,18,75,75,28242,0x0000080c
GT,4,42,ckpt,OK,14541,30711,18,75,18,11299,0x0000080c
GT,4,43,normal,OK,2460,23714,21,141,141,47258,0x0000080c
GT,4,43,ckpt,OK,2460,23714,21,141,27,15044,0x0000080c
GT,4,44,normal,OK,2460,23714,16,44,44,19106,0x0000080c
GT,4,44,ckpt,OK,2460,23714,16,44,12,8914,0x0000080c
GT,4,45,normal,OK,10937,16908,16,40,40,18102,0x0000080c
GT,4,45,ckpt,OK,10937,16908,16,40,10,8395,0x0000080c
GT,4,46,normal,OK,10937,16908,24,164,164,54704,0x0000080c
GT,4,46,ckpt,OK,10937,16908,24,164,42,19762,0x0000080c
GT,4,47,normal,OK,12148,26989,19,76,76,28941,0x0000080c
GT,4,47,ckpt,OK,12148,26989,19,76,26,16556,0x0000080c
GT,4,48,normal,OK,14541,30711,25,157,157,53344,0x0000080c
GT,4,48,ckpt,OK,14541,30711,25,157,37,19189,0x0000080c
GT,4,49,normal,OK,14541,30711,23,148,148,50044,0x0000080c
GT,4,49,ckpt,OK,14541,30711,23,148,40,18952,0x0000080c
GT,4,50,normal,OK,12148,26989,16,32,32,15887,0x0000080c
GT,4,50,ckpt,OK,12148,26989,16,32,12,8848,0x0000080c
GT,4,51,normal,OK,10937,16908,20,88,88,32603,0x0000080c
GT,4,51,ckpt,OK,10937,16908,20,88,22,13301,0x0000080c
GT,4,52,normal,OK,10937,16908,15,28,28,14513,0x0000080c
GT,4,52,ckpt,OK,10937,16908,15,28,9,7843,0x0000080c
GT,4,53,normal,OK,12148,26989,18,49,49,21462,0x0000080c
GT,4,53,ckpt,OK,12148,26989,18,49,16,10871,0x0000080c
GT,4,54,normal,OK,10937,16908,22,121,121,42316,0x0000080c
GT,4,54,ckpt,OK,10937,16908,22,121,29,15684,0x0000080c
GT,4,55,normal,OK,2460,23714,23,124,124,43678,0x0000080c
GT,4,55,ckpt,OK,2460,23714,23,124,52,22207,0x0000080c
GT,4,56,normal,OK,10937,16908,17,37,37,17806,0x0000080c
GT,4,56,ckpt,OK,10937,16908,17,37,12,9305,0x0000080c
GT,4,57,normal,OK,14541,30711,21,126,126,43160,0x0000080c
GT,4,57,ckpt,OK,14541,30711,21,126,31,15718,0x0000080c
GT,4,58,normal,OK,2460,23714,15,37,37,16864,0x0000080c
GT,4,58,ckpt,OK,2460,23714,15,37,12,8663,0x0000080c
GT,4,59,normal,OK,12148,26989,26,163,163,55453,0x0000080c
GT,4,59,ckpt,OK,12148,26989,26,163,38,22704,0x0000080c
GT,4,60,normal,OK,2460,23714,22,170,170,55379,0x0000080c
GT,4,60,ckpt,OK,2460,23714,22,170,37,18227,0x0000080c
GT,4,61,normal,OK,14541,30711,17,47,47,20499,0x0000080c
GT,4,61,ckpt,OK,14541,30711,17,47,15,10495,0x0000080c
GT,4,62,normal,OK,10937,16908,15,37,37,16877,0x0000080c
GT,4,62,ckpt,OK,10937,16908,15,37,10,8255,0x0000080c
GT,4,63,normal,OK,10937,16908,26,195,195,63856,0x0000080c
GT,4,63,ckpt,OK,10937,16908,26,195,55,24244,0x0000080c
GT,4,64,normal,OK,2460,23714,23,129,129,44943,0x0000080c
GT,4,64,ckpt,OK,2460,23714,23,129,37,18498,0x0000080c
GT,4,65,normal,OK,14541,30711,23,131,131,45430,0x0000080c
GT,4,65,ckpt,OK,14541,30711,23,131,64,25200,0x0000080c
GT,4,66,normal,OK,2460,23714,24,119,119,42815,0x0000080c
GT,4,66,ckpt,OK,2460,23714,24,119,28,16545,0x0000080c
GT,4,67,normal,OK,10937,16908,22,105,105,38188,0x0000080c
GT,4,67,ckpt,OK,10937,16908,22,105,48,20927,0x0000080c
GT,4,68,normal,OK,10937,16908,22,110,110,39370,0x0000080c
GT,4,68,ckpt,OK,10937,16908,22,110,33,16590,0x0000080c
GT,4,69,normal,OK,10937,16908,23,160,160,53218,0x0000080c
GT,4,69,ckpt,OK,10937,16908,23,160,56,23169,0x0000080c
GT,4,70,normal,OK,2460,23714,21,82,82,31598,0x0000080c
GT,4,70,ckpt,OK,2460,23714,21,82,18,15875,0x0000080c
GT,4,71,normal,OK,12148,26989,19,45,45,20853,0x0000080c
GT,4,71,ckpt,OK,12148,26989,19,45,14,10699,0x0000080c
GT,4,72,normal,OK,2460,23714,9,10,10,6861,0x0000080c
GT,4,72,ckpt,OK,2460,23714,9,10,4,4377,0x0000080c
GT,4,73,normal,OK,2460,23714,21,100,100,36284,0x0000080c
GT,4,73,ckpt,OK,2460,23714,21,100,35,16726,0x0000080c
GT,4,74,normal,OK,12148,26989,23,212,212,66947,0x0000080c
GT,4,74,ckpt,OK,12148,26989,23,212,40,18987,0x0000080c
GT,4,75,normal,OK,2460,23714,22,140,140,47381,0x0000080c
GT,4,75,ckpt,OK,2460,23714,22,140,26,15130,0x0000080c
GT,4,76,normal,OK,10937,16908,17,64,64,24954,0x0000080c
GT,4,76,ckpt,OK,10937,16908,17,64,19,11157,0x0000080c
GT,4,77,normal,OK,12148,26989,24,189,189,61280,0x0000080c
GT,4,77,ckpt,OK,12148,26989,24,189,58,23831,0x0000080c
GT,4,78,normal,OK,10937,16908,10,11,11,7625,0x0000080c
GT,4,78,ckpt,OK,10937,16908,10,11,2,4218,0x0000080c
GT,4,79,normal,OK,2460,23714,24,138,138,47799,0x0000080c
GT,4,79,ckpt,OK,2460,23714,24,138,54,23067,0x0000080c
GT,4,80,normal,OK,14541,30711,21,89,89,33374,0x0000080c
GT,4,80,ckpt,OK,14541,30711,21,89,24,14041,0x0000080c
GT,4,81,normal,OK,2460,23714,13,28,28,13535,0x0000080c
GT,4,81,ckpt,OK,2460,23714,13,28,5,6052,0x0000080c
GT,4,82,normal,OK,10937,16908,20,84,84,31719,0x0000080c
GT,4,82,ckpt,OK,10937,16908,20,84,30,15334,0x0000080c
GT,4,83,normal,OK,14541,30711,19,79,79,29751,0x0000080c
GT,4,83,ckpt,OK,14541,30711,19,79,22,15310,0x0000080c
GT,4,84,normal,OK,14541,30711,18,66,66,25921,0x0000080c
GT,4,84,ckpt,OK,14541,30711,18,66,23,12790,0x0000080c
GT,4,85,normal,OK,2460,23714,16,32,32,15948,0x0000080c
GT,4,85,ckpt,OK,2460,23714,16,32,9,8218,0x0000080c
GT,4,86,normal,OK,12148,26989,21,91,91,33963,0x0000080c
GT,4,86,ckpt,OK,12148,26989,21,91,20,13304,0x0000080c
GT,4,87,normal,OK,14541,30711,22,146,146,49013,0x0000080c
GT,4,87,ckpt,OK,14541,30711,22,146,49,20820,0x0000080c
GT,4,88,normal,OK,10937,16908,16,48,48,20165,0x0000080c
GT,4,88,ckpt,OK,10937,16908,16,48,16,9994,0x0000080c
GT,4,89,normal,OK,12148,26989,21,91,91,33936,0x0000080c
GT,4,89,ckpt,OK,12148,26989,21,91,27,14722,0x0000080c
GT,4,90,normal,OK,2460,23714,23,110,110,39920,0x0000080c
GT,4,90,ckpt,OK,2460,23714,23,110,41,19284,0x0000080c
GT,4,91,normal,OK,14541,30711,20,100,100,35928,0x0000080c
GT,4,91,ckpt,OK,14541,30711,20,100,22,13106,0x0000080c
GT,4,92,normal,OK,10937,16908,22,146,146,48914,0x0000080c
GT,4,92,ckpt,OK,10937,16908,22,146,39,18133,0x0000080c
GT,4,93,normal,OK,12148,26989,20,96,96,34856,0x0000080c
GT,4,93,ckpt,OK,12148,26989,20,96,25,14085,0x0000080c
GT,4,94,normal,OK,10937,16908,18,62,62,24793,0x0000080c
GT,4,94,ckpt,OK,10937,16908,18,62,27,13593,0x0000080c
GT,4,95,normal,OK,10937,16908,17,47,47,20540,0x0000080c
GT,4,95,ckpt,OK,10937,16908,17,47,18,11496,0x0000080c
GT,4,96,normal,OK,10937,16908,19,74,74,28450,0x0000080c
GT,4,96,ckpt,OK,10937,16908,19,74,18,11610,0x0000080c
GT,4,97,normal,OK,2460,23714,16,33,33,16303,0x0000080c
GT,4,97,ckpt,OK,2460,23714,16,33,16,10471,0x0000080c
GT,4,98,normal,OK,14541,30711,16,45,45,19425,0x0000080c
GT,4,98,ckpt,OK,14541,30711,16,45,15,9805,0x0000080c
GT,4,99,normal,OK,14541,30711,21,101,101,36571,0x0000080c
GT,4,99,ckpt,OK,14541,30711,21,101,31,15867,0x0000080c
GT,16,0,normal,OK,7119,21276,25,308,308,93238,0x0000080c
GT,16,0,ckpt,OK,7119,21276,25,308,70,27513,0x0000080c
GT,16,1,normal,OK,13499,22948,11,9,9,7539,0x0000080c
GT,16,1,ckpt,OK,13499,22948,11,9,4,5071,0x0000080c
GT,16,2,normal,OK,12148,26989,17,56,56,22763,0x0000080c
GT,16,2,ckpt,OK,12148,26989,17,56,16,10288,0x0000080c
GT,16,3,normal,OK,9616,21800,10,13,13,8111,0x0000080c
GT,16,3,ckpt,OK,9616,21800,10,13,5,4975,0x0000080c
GT,16,4,normal,OK,13499,22948,12,17,17,10116,0x0000080c
GT,16,4,ckpt,OK,13499,22948,12,17,7,6245,0x0000080c
GT,16,5,normal,OK,10937,16908,19,57,57,24007,0x0000080c
GT,16,5,ckpt,OK,10937,16908,19,57,18,11596,0x0000080c
GT,16,6,normal,OK,6979,19071,17,68,68,25878,0x0000080c
GT,16,6,ckpt,OK,6979,19071,17,68,18,10961,0x0000080c
GT,16,7,normal,OK,86,26850,7,5,5,4569,0x0000080c
GT,16,7,ckpt,OK,86,26850,7,5,2,3124,0x0000080c
GT,16,8,normal,OK,6322,19210,19,76,76,29066,0x0000080c
GT,16,8,ckpt,OK,6322,19210,19,76,26,13902,0x0000080c
GT,16,9,normal,OK,9359,25296,17,40,40,18496,0x0000080c
GT,16,9,ckpt,OK,9359,25296,17,40,18,10786,0x0000080c
GT,16,10,normal,OK,14644,22285,15,35,35,16230,0x0000080c
GT,16,10,ckpt,OK,14644,22285,15,35,11,11627,0x0000080c
GT,16,11,normal,OK,1999,28193,17,57,57,22999,0x0000080c
GT,16,11,ckpt,OK,1999,28193,17,57,11,9128,0x0000080c
GT,16,12,normal,OK,86,26850,14,20,20,11835,0x0000080c
GT,16,12,ckpt,OK,86,26850,14,20,10,7863,0x0000080c
GT,16,13,normal,OK,14644,22285,12,24,24,12017,0x0000080c
GT,16,13,ckpt,OK,14644,22285,12,24,7,6247,0x0000080c
GT,16,14,normal,OK,14644,22285,12,19,19,10624,0x0000080c
GT,16,14,ckpt,OK,14644,22285,12,19,6,5915,0x0000080c
GT,16,15,normal,OK,9669,18554,16,39,39,17850,0x0000080c
GT,16,15,ckpt,OK,9669,18554,16,39,11,9034,0x0000080c
GT,16,16,normal,OK,9098,29117,10,16,16,8889,0x0000080c
GT,16,16,ckpt,OK,9098,29117,10,16,4,4693,0x0000080c
GT,16,17,normal,OK,13499,22948,15,30,30,15026,0x0000080c
GT,16,17,ckpt,OK,13499,22948,15,30,10,8220,0x0000080c
GT,16,18,normal,OK,14541,30711,9,8,8,6314,0x0000080c
GT,16,18,ckpt,OK,14541,30711,9,8,4,4358,0x0000080c
GT,16,19,normal,OK,9669,18554,16,35,35,16733,0x0000080c
GT,16,19,ckpt,OK,9669,18554,16,35,10,8350,0x0000080c
GT,16,20,normal,OK,10937,16908,16,46,46,19643,0x0000080c
GT,16,20,ckpt,OK,10937,16908,16,46,13,9222,0x0000080c
GT,16,21,normal,OK,6979,19071,12,12,12,8810,0x0000080c
GT,16,21,ckpt,OK,6979,19071,12,12,5,5693,0x0000080c
GT,16,22,normal,OK,15344,21024,17,48,48,20637,0x0000080c
GT,16,22,ckpt,OK,15344,21024,17,48,11,9119,0x0000080c
GT,16,23,normal,OK,9359,25296,12,21,21,11283,0x0000080c
GT,16,23,ckpt,OK,9359,25296,12,21,7,6313,0x0000080c
GT,16,24,normal,OK,9098,29117,11,21,21,10736,0x0000080c
GT,16,24,ckpt,OK,9098,29117,11,21,6,5632,0x0000080c
GT,16,25,normal,OK,15344,21024,16,38,38,17516,0x0000080c
GT,16,25,ckpt,OK,15344,21024,16,38,10,8340,0x0000080c
GT,16,26,normal,OK,9359,25296,12,13,13,9032,0x0000080c
GT,16,26,ckpt,OK,9359,25296,12,13,6,5913,0x0000080c
GT,16,27,normal,OK,7119,21276,12,17,17,10090,0x0000080c
GT,16,27,ckpt,OK,7119,21276,12,17,4,5567,0x0000080c
GT,16,28,normal,OK,10937,16908,10,14,14,8374,0x0000080c
GT,16,28,ckpt,OK,10937,16908,10,14,5,8096,0x0000080c
GT,16,29,normal,OK,6979,19071,10,14,14,8294,0x0000080c
GT,16,29,ckpt,OK,6979,19071,10,14,3,4359,0x0000080c
GT,16,30,normal,OK,9359,25296,17,38,38,17990,0x0000080c
GT,16,30,ckpt,OK,9359,25296,17,38,12,9317,0x0000080c
GT,16,31,normal,OK,9669,18554,8,6,6,5325,0x0000080c
GT,16,31,ckpt,OK,9669,18554,8,6,2,3491,0x0000080c
GT,16,32,normal,OK,9616,21800,21,70,70,28337,0x0000080c
GT,16,32,ckpt,OK,9616,21800,21,70,26,14313,0x0000080c
GT,16,33,normal,OK,10937,16908,11,17,17,9527,0x0000080c
GT,16,33,ckpt,OK,10937,16908,11,17,6,5472,0x0000080c
GT,16,34,normal,OK,9359,25296,19,84,84,31126,0x0000080c
GT,16,34,ckpt,OK,9359,25296,19,84,17,11439,0x0000080c
GT,16,35,normal,OK,9359,25296,18,73,73,27791,0x0000080c
GT,16,35,ckpt,OK,9359,25296,18,73,17,11193,0x0000080c
GT,16,36,normal,OK,7119,21276,14,23,23,12742,0x0000080c
GT,16,36,ckpt,OK,7119,21276,14,23,9,7522,0x0000080c
GT,16,37,normal,OK,9359,25296,16,28,28,14863,0x0000080c
GT,16,37,ckpt,OK,9359,25296,16,28,9,8439,0x0000080c
GT,16,38,normal,OK,15344,21024,15,40,40,17746,0x0000080c
GT,16,38,ckpt,OK,15344,21024,15,40,9,7899,0x0000080c
GT,16,39,normal,OK,13499,22948,16,45,45,19520,0x0000080c
GT,16,39,ckpt,OK,13499,22948,16,45,14,9745,0x0000080c
GT,16,40,normal,OK,6979,19071,17,42,42,19116,0x0000080c
GT,16,40,ckpt,OK,6979,19071,17,42,13,9770,0x0000080c
GT,16,41,normal,OK,86,26850,14,29,29,14193,0x0000080c
GT,16,41,ckpt,OK,86,26850,14,29,9,7462,0x0000080c
GT,16,42,normal,OK,7119,21276,11,12,12,8287,0x0000080c
GT,16,42,ckpt,OK,7119,21276,11,12,5,5289,0x0000080c
GT,16,43,normal,OK,10937,16908,8,6,6,5294,0x0000080c
GT,16,43,ckpt,OK,10937,16908,8,6,3,3728,0x0000080c
GT,16,44,normal,OK,1999,28193,14,28,28,13972,0x0000080c
GT,16,44,ckpt,OK,1999,28193,14,28,10,7749,0x0000080c
GT,16,45,normal,OK,12148,26989,18,66,66,25804,0x0000080c
GT,16,45,ckpt,OK,12148,26989,18,66,16,13483,0x0000080c
GT,16,46,normal,OK,6979,19071,9,10,10,6861,0x0000080c
GT,16,46,ckpt,OK,6979,19071,9,10,4,4375,0x0000080c
GT,16,47,normal,OK,86,26850,9,6,6,5804,0x0000080c
GT,16,47,ckpt,OK,86,26850,9,6,3,4116,0x0000080c
GT,16,48,normal,OK,10937,16908,11,7,7,7055,0x0000080c
GT,16,48,ckpt,OK,10937,16908,11,7,4,5116,0x0000080c
GT,16,49,normal,OK,14644,22285,12,17,17,10076,0x0000080c
GT,16,49,ckpt,OK,14644,22285,12,17,6,5895,0x0000080c
GT,16,50,normal,OK,2460,23714,16,32,32,15916,0x0000080c
GT,16,50,ckpt,OK,2460,23714,16,32,12,8897,0x0000080c
GT,16,51,normal,OK,13499,22948,18,60,60,24200,0x0000080c
GT,16,51,ckpt,OK,13499,22948,18,60,10,9018,0x0000080c
GT,16,52,normal,OK,13499,22948,16,43,43,18907,0x0000080c
GT,16,52,ckpt,OK,13499,22948,16,43,15,9734,0x0000080c
GT,16,53,normal,OK,9098,29117,18,49,49,21387,0x0000080c
GT,16,53,ckpt,OK,9098,29117,18,49,16,10790,0x0000080c
GT,16,54,normal,OK,10937,16908,19,82,82,30578,0x0000080c
GT,16,54,ckpt,OK,10937,16908,19,82,20,12134,0x0000080c
GT,16,55,normal,OK,13499,22948,17,43,43,19412,0x0000080c
GT,16,55,ckpt,OK,13499,22948,17,43,11,9258,0x0000080c
GT,16,56,normal,OK,9669,18554,17,37,37,17753,0x0000080c
GT,16,56,ckpt,OK,9669,18554,17,37,12,9246,0x0000080c
GT,16,57,normal,OK,86,26850,13,22,22,11933,0x0000080c
GT,16,57,ckpt,OK,86,26850,13,22,7,6570,0x0000080c
GT,16,58,normal,OK,2460,23714,17,62,62,24468,0x0000080c
GT,16,58,ckpt,OK,2460,23714,17,62,18,11078,0x0000080c
GT,16,59,normal,OK,9616,21800,16,49,49,20517,0x0000080c
GT,16,59,ckpt,OK,9616,21800,16,49,15,9768,0x0000080c
GT,16,60,normal,OK,12148,26989,15,39,39,17372,0x0000080c
GT,16,60,ckpt,OK,12148,26989,15,39,10,8061,0x0000080c
GT,16,61,normal,OK,14644,22285,21,83,83,31715,0x0000080c
GT,16,61,ckpt,OK,14644,22285,21,83,27,18126,0x0000080c
GT,16,62,normal,OK,14541,30711,15,37,37,16817,0x0000080c
GT,16,62,ckpt,OK,14541,30711,15,37,10,8195,0x0000080c
GT,16,63,normal,OK,14644,22285,10,11,11,7507,0x0000080c
GT,16,63,ckpt,OK,14644,22285,10,11,5,4898,0x0000080c
GT,16,64,normal,OK,12148,26989,16,32,32,15958,0x0000080c
GT,16,64,ckpt,OK,12148,26989,16,32,12,9246,0x0000080c
GT,16,65,normal,OK,9098,29117,16,39,39,17772,0x0000080c
GT,16,65,ckpt,OK,9098,29117,16,39,12,8863,0x0000080c
GT,16,66,normal,OK,1999,28193,10,7,7,6542,0x0000080c
GT,16,66,ckpt,OK,1999,28193,10,7,5,4993,0x0000080c
GT,16,67,normal,OK,14644,22285,19,58,58,24215,0x0000080c
GT,16,67,ckpt,OK,14644,22285,19,58,20,12223,0x0000080c
GT,16,68,normal,OK,7119,21276,21,81,81,31316,0x0000080c
GT,16,68,ckpt,OK,7119,21276,21,81,31,15801,0x0000080c
GT,16,69,normal,OK,10937,16908,15,23,23,13102,0x0000080c
GT,16,69,ckpt,OK,10937,16908,15,23,5,6696,0x0000080c
GT,16,70,normal,OK,9098,29117,15,40,40,17626,0x0000080c
GT,16,70,ckpt,OK,9098,29117,15,40,12,8803,0x0000080c
GT,16,71,normal,OK,9098,29117,20,70,70,27889,0x0000080c
GT,16,71,ckpt,OK,9098,29117,20,70,28,14698,0x0000080c
GT,16,72,normal,OK,2460,23714,9,10,10,6878,0x0000080c
GT,16,72,ckpt,OK,2460,23714,9,10,4,4394,0x0000080c
GT,16,73,normal,OK,13499,22948,11,15,15,9092,0x0000080c
GT,16,73,ckpt,OK,13499,22948,11,15,5,5301,0x0000080c
GT,16,74,normal,OK,10937,16908,15,35,35,16275,0x0000080c
GT,16,74,ckpt,OK,10937,16908,15,35,9,7753,0x0000080c
GT,16,75,normal,OK,6322,19210,17,62,62,24352,0x0000080c
GT,16,75,ckpt,OK,6322,19210,17,62,17,10553,0x0000080c
GT,16,76,normal,OK,2460,23714,18,67,67,26103,0x0000080c
GT,16,76,ckpt,OK,2460,23714,18,67,20,14380,0x0000080c
GT,16,77,normal,OK,9669,18554,14,22,22,12302,0x0000080c
GT,16,77,ckpt,OK,9669,18554,14,22,7,6815,0x0000080c
GT,16,78,normal,OK,86,26850,16,32,32,15970,0x0000080c
GT,16,78,ckpt,OK,86,26850,16,32,8,7912,0x0000080c
GT,16,79,normal,OK,86,26850,16,43,43,18868,0x0000080c
GT,16,79,ckpt,OK,86,26850,16,43,16,9990,0x0000080c
GT,16,80,normal,OK,7119,21276,17,53,53,21998,0x0000080c
GT,16,80,ckpt,OK,7119,21276,17,53,14,9835,0x0000080c
GT,16,81,normal,OK,2460,23714,13,28,28,13535,0x0000080c
GT,16,81,ckpt,OK,2460,23714,13,28,5,6052,0x0000080c
GT,16,82,normal,OK,9616,21800,20,84,84,31632,0x0000080c
GT,16,82,ckpt,OK,9616,21800,20,84,30,15244,0x0000080c
GT,16,83,normal,OK,7119,21276,15,32,32,15422,0x0000080c
GT,16,83,ckpt,OK,7119,21276,15,32,10,8080,0x0000080c
GT,16,84,normal,OK,1999,28193,17,46,46,20151,0x0000080c
GT,16,84,ckpt,OK,1999,28193,17,46,16,10558,0x0000080c
GT,16,85,normal,OK,12148,26989,12,21,21,11144,0x0000080c
GT,16,85,ckpt,OK,12148,26989,12,21,7,6300,0x0000080c
GT,16,86,normal,OK,13499,22948,13,24,24,12406,0x0000080c
GT,16,86,ckpt,OK,13499,22948,13,24,6,6465,0x0000080c
GT,16,87,normal,OK,6979,19071,12,15,15,9586,0x0000080c
GT,16,87,ckpt,OK,6979,19071,12,15,5,5668,0x0000080c
GT,16,88,normal,OK,86,26850,12,19,19,10615,0x0000080c
GT,16,88,ckpt,OK,86,26850,12,19,5,5654,0x0000080c
GT,16,89,normal,OK,10937,16908,17,50,50,21201,0x0000080c
GT,16,89,ckpt,OK,10937,16908,17,50,9,8461,0x0000080c
GT,16,90,normal,OK,9669,18554,14,19,19,11601,0x0000080c
GT,16,90,ckpt,OK,9669,18554,14,19,7,6907,0x0000080c
GT,16,91,normal,OK,13499,22948,15,24,24,13365,0x0000080c
GT,16,91,ckpt,OK,13499,22948,15,24,8,7604,0x0000080c
GT,16,92,normal,OK,6979,19071,12,20,20,10916,0x0000080c
GT,16,92,ckpt,OK,6979,19071,12,20,7,6209,0x0000080c
GT,16,93,normal,OK,7119,21276,15,45,45,18973,0x0000080c
GT,16,93,ckpt,OK,7119,21276,15,45,10,8212,0x0000080c
GT,16,94,normal,OK,9616,21800,11,14,14,8842,0x0000080c
GT,16,94,ckpt,OK,9616,21800,11,14,5,5317,0x0000080c
GT,16,95,normal,OK,9669,18554,17,47,47,20363,0x0000080c
GT,16,95,ckpt,OK,9669,18554,17,47,18,11322,0x0000080c
GT,16,96,normal,OK,9669,18554,16,31,31,15549,0x0000080c
GT,16,96,ckpt,OK,9669,18554,16,31,6,7166,0x0000080c
GT,16,97,normal,OK,6979,19071,11,11,11,8066,0x0000080c
GT,16,97,ckpt,OK,6979,19071,11,11,5,5336,0x0000080c
GT,16,98,normal,OK,9098,29117,17,57,57,23035,0x0000080c
GT,16,98,ckpt,OK,9098,29117,17,57,15,10115,0x0000080c
GT,16,99,normal,OK,10937,16908,16,42,42,18673,0x0000080c
GT,16,99,ckpt,OK,10937,16908,16,42,14,9503,0x0000080c
GT,64,0,normal,OK,2932,26834,6,4,4,3895,0x0000080c
GT,64,0,ckpt,OK,2932,26834,6,4,2,2840,0x0000080c
GT,64,1,normal,OK,9359,25296,13,14,14,9817,0x0000080c
GT,64,1,ckpt,OK,9359,25296,13,14,5,6043,0x0000080c
GT,64,2,normal,OK,2954,18528,8,4,4,4767,0x0000080c
GT,64,2,ckpt,OK,2954,18528,8,4,2,3466,0x0000080c
GT,64,3,normal,OK,9616,21800,10,13,13,8143,0x0000080c
GT,64,3,ckpt,OK,9616,21800,10,13,5,5007,0x0000080c
GT,64,4,normal,OK,5262,22899,14,27,27,13643,0x0000080c
GT,64,4,ckpt,OK,5262,22899,14,27,7,6874,0x0000080c
GT,64,5,normal,OK,7437,25617,10,5,5,6088,0x0000080c
GT,64,5,ckpt,OK,7437,25617,10,5,2,4274,0x0000080c
GT,64,6,normal,OK,13683,28167,9,14,14,7929,0x0000080c
GT,64,6,ckpt,OK,13683,28167,9,14,4,4388,0x0000080c
GT,64,7,normal,OK,86,26850,7,5,5,4563,0x0000080c
GT,64,7,ckpt,OK,86,26850,7,5,2,3118,0x0000080c
GT,64,8,normal,OK,14644,22285,12,20,20,10972,0x0000080c
GT,64,8,ckpt,OK,14644,22285,12,20,7,6265,0x0000080c
GT,64,9,normal,OK,4668,16760,12,20,20,10882,0x0000080c
GT,64,9,ckpt,OK,4668,16760,12,20,6,5906,0x0000080c
GT,64,10,normal,OK,1999,28193,9,9,9,6561,0x0000080c
GT,64,10,ckpt,OK,1999,28193,9,9,2,3810,0x0000080c
GT,64,11,normal,OK,3178,30209,1,0,0,446,0x0000080c
GT,64,11,ckpt,OK,3178,30209,1,0,0,536,0x0000080c
GT,64,12,normal,OK,86,26850,14,20,20,11780,0x0000080c
GT,64,12,ckpt,OK,86,26850,14,20,10,7824,0x0000080c
GT,64,13,normal,OK,11781,18398,9,12,12,7396,0x0000080c
GT,64,13,ckpt,OK,11781,18398,9,12,4,7175,0x0000080c
GT,64,14,normal,OK,14644,22285,7,8,8,5393,0x0000080c
GT,64,14,ckpt,OK,14644,22285,7,8,2,3153,0x0000080c
GT,64,15,normal,OK,8470,24127,7,1,1,3524,0x0000080c
GT,64,15,ckpt,OK,8470,24127,7,1,1,2872,0x0000080c
GT,64,16,normal,OK,2932,26834,11,20,20,10461,0x0000080c
GT,64,16,ckpt,OK,2932,26834,11,20,4,5081,0x0000080c
GT,64,17,normal,OK,13683,28167,15,30,30,14994,0x0000080c
GT,64,17,ckpt,OK,13683,28167,15,30,10,8188,0x0000080c
GT,64,18,normal,OK,7437,25617,14,27,27,13750,0x0000080c
GT,64,18,ckpt,OK,7437,25617,14,27,9,7506,0x0000080c
GT,64,19,normal,OK,10937,16908,20,56,56,24159,0x0000080c
GT,64,19,ckpt,OK,10937,16908,20,56,16,11318,0x0000080c
GT,64,20,normal,OK,7437,25617,9,9,9,6592,0x0000080c
GT,64,20,ckpt,OK,7437,25617,9,9,4,4374,0x0000080c
GT,64,21,normal,OK,14537,18801,16,38,38,17615,0x0000080c
GT,64,21,ckpt,OK,14537,18801,16,38,15,10059,0x0000080c
GT,64,22,normal,OK,5169,20236,8,6,6,5336,0x0000080c
GT,64,22,ckpt,OK,5169,20236,8,6,3,3772,0x0000080c
GT,64,23,normal,OK,16057,26038,10,13,13,8222,0x0000080c
GT,64,23,ckpt,OK,16057,26038,10,13,5,5086,0x0000080c
GT,64,24,normal,OK,2932,26834,3,2,2,1942,0x0000080c
GT,64,24,ckpt,OK,2932,26834,3,2,1,1522,0x0000080c
GT,64,25,normal,OK,3178,30209,6,3,3,3577,0x0000080c
GT,64,25,ckpt,OK,3178,30209,6,3,2,2788,0x0000080c
GT,64,26,normal,OK,15049,21292,10,7,7,6487,0x0000080c
GT,64,26,ckpt,OK,15049,21292,10,7,2,4140,0x0000080c
GT,64,27,normal,OK,10937,16908,13,22,22,11970,0x0000080c
GT,64,27,ckpt,OK,10937,16908,13,22,5,6258,0x0000080c
GT,64,28,normal,OK,349,27683,8,7,7,5619,0x0000080c
GT,64,28,ckpt,OK,349,27683,8,7,2,3524,0x0000080c
GT,64,29,normal,OK,1999,28193,15,35,35,16270,0x0000080c
GT,64,29,ckpt,OK,1999,28193,15,35,6,6949,0x0000080c
GT,64,30,normal,OK,9098,29117,14,21,21,12103,0x0000080c
GT,64,30,ckpt,OK,9098,29117,14,21,7,6985,0x0000080c
GT,64,31,normal,OK,11917,23087,7,5,5,4582,0x0000080c
GT,64,31,ckpt,OK,11917,23087,7,5,2,3137,0x0000080c
GT,64,32,normal,OK,5169,20236,12,18,18,10423,0x0000080c
GT,64,32,ckpt,OK,5169,20236,12,18,6,5981,0x0000080c
GT,64,33,normal,OK,8298,19422,8,8,8,5788,0x0000080c
GT,64,33,ckpt,OK,8298,19422,8,8,3,3691,0x0000080c
GT,64,34,normal,OK,8298,19422,8,8,8,5842,0x0000080c
GT,64,34,ckpt,OK,8298,19422,8,8,3,3748,0x0000080c
GT,64,35,normal,OK,9098,29117,13,18,18,10849,0x0000080c
GT,64,35,ckpt,OK,9098,29117,13,18,8,9849,0x0000080c
GT,64,36,normal,OK,7437,25617,19,77,77,29326,0x0000080c
GT,64,36,ckpt,OK,7437,25617,19,77,18,11592,0x0000080c
GT,64,37,normal,OK,7859,30665,12,17,17,10099,0x0000080c
GT,64,37,ckpt,OK,7859,30665,12,17,7,6185,0x0000080c
GT,64,38,normal,OK,9098,29117,9,12,12,7445,0x0000080c
GT,64,38,ckpt,OK,9098,29117,9,12,4,4431,0x0000080c
GT,64,39,normal,OK,13499,22948,14,22,22,12487,0x0000080c
GT,64,39,ckpt,OK,13499,22948,14,22,6,6951,0x0000080c
GT,64,40,normal,OK,8470,24127,11,14,14,8822,0x0000080c
GT,64,40,ckpt,OK,8470,24127,11,14,5,5295,0x0000080c
GT,64,41,normal,OK,7119,21276,12,14,14,9291,0x0000080c
GT,64,41,ckpt,OK,7119,21276,12,14,7,6233,0x0000080c
GT,64,42,normal,OK,6537,26623,6,2,2,3297,0x0000080c
GT,64,42,ckpt,OK,6537,26623,6,2,1,2505,0x0000080c
GT,64,43,normal,OK,11781,18398,10,12,12,7815,0x0000080c
GT,64,43,ckpt,OK,11781,18398,10,12,5,4945,0x0000080c
GT,64,44,normal,OK,2116,19170,14,28,28,13944,0x0000080c
GT,64,44,ckpt,OK,2116,19170,14,28,10,7704,0x0000080c
GT,64,45,normal,OK,6322,19210,12,21,21,11045,0x0000080c
GT,64,45,ckpt,OK,6322,19210,12,21,7,6072,0x0000080c
GT,64,46,normal,OK,7119,21276,9,10,10,6884,0x0000080c
GT,64,46,ckpt,OK,7119,21276,9,10,4,4398,0x0000080c
GT,64,47,normal,OK,7859,30665,15,30,30,14971,0x0000080c
GT,64,47,ckpt,OK,7859,30665,15,30,13,8839,0x0000080c
GT,64,48,normal,OK,6322,19210,5,1,1,2621,0x0000080c
GT,64,48,ckpt,OK,6322,19210,5,1,1,2217,0x0000080c
GT,64,49,normal,OK,10501,19012,11,11,11,8021,0x0000080c
GT,64,49,ckpt,OK,10501,19012,11,11,5,5287,0x0000080c
GT,64,50,normal,OK,2954,18528,13,15,15,9992,0x0000080c
GT,64,50,ckpt,OK,2954,18528,13,15,6,6221,0x0000080c
GT,64,51,normal,OK,14537,18801,8,10,10,6320,0x0000080c
GT,64,51,ckpt,OK,14537,18801,8,10,3,3693,0x0000080c
GT,64,52,normal,OK,3178,30209,12,12,12,8806,0x0000080c
GT,64,52,ckpt,OK,3178,30209,12,12,3,5154,0x0000080c
GT,64,53,normal,OK,15576,30727,13,21,21,11621,0x0000080c
GT,64,53,ckpt,OK,15576,30727,13,21,7,6523,0x0000080c
GT,64,54,normal,OK,14541,30711,9,13,13,7586,0x0000080c
GT,64,54,ckpt,OK,14541,30711,9,13,4,4305,0x0000080c
GT,64,55,normal,OK,11080,32198,7,7,7,5143,0x0000080c
GT,64,55,ckpt,OK,11080,32198,7,7,2,3170,0x0000080c
GT,64,56,normal,OK,10185,25984,16,25,25,14169,0x0000080c
GT,64,56,ckpt,OK,10185,25984,16,25,6,10368,0x0000080c
GT,64,57,normal,OK,9631,31202,7,2,2,3819,0x0000080c
GT,64,57,ckpt,OK,9631,31202,7,2,2,3171,0x0000080c
GT,64,58,normal,OK,6322,19210,12,18,18,10429,0x0000080c
GT,64,58,ckpt,OK,6322,19210,12,18,6,5986,0x0000080c
GT,64,59,normal,OK,13683,28167,10,11,11,7608,0x0000080c
GT,64,59,ckpt,OK,13683,28167,10,11,4,4746,0x0000080c
GT,64,60,normal,OK,12148,26989,9,10,10,6906,0x0000080c
GT,64,60,ckpt,OK,12148,26989,9,10,4,4420,0x0000080c
GT,64,61,normal,OK,10501,19012,15,34,34,15972,0x0000080c
GT,64,61,ckpt,OK,10501,19012,15,34,11,8463,0x0000080c
GT,64,62,normal,OK,14644,22285,13,27,27,13291,0x0000080c
GT,64,62,ckpt,OK,14644,22285,13,27,7,6604,0x0000080c
GT,64,63,normal,OK,15344,21024,13,24,24,12436,0x0000080c
GT,64,63,ckpt,OK,15344,21024,13,24,6,6277,0x0000080c
GT,64,64,normal,OK,86,26850,13,19,19,11131,0x0000080c
GT,64,64,ckpt,OK,86,26850,13,19,4,5766,0x0000080c
GT,64,65,normal,OK,9669,18554,11,12,12,8252,0x0000080c
GT,64,65,ckpt,OK,9669,18554,11,12,4,4992,0x0000080c
GT,64,66,normal,OK,2116,19170,10,7,7,6523,0x0000080c
GT,64,66,ckpt,OK,2116,19170,10,7,5,4974,0x0000080c
GT,64,67,normal,OK,5262,22899,17,34,34,16861,0x0000080c
GT,64,67,ckpt,OK,5262,22899,17,34,9,8554,0x0000080c
GT,64,68,normal,OK,12968,16603,11,18,18,9922,0x0000080c
GT,64,68,ckpt,OK,12968,16603,11,18,6,5605,0x0000080c
GT,64,69,normal,OK,2578,31110,8,6,6,5360,0x0000080c
GT,64,69,ckpt,OK,2578,31110,8,6,3,3793,0x0000080c
GT,64,70,normal,OK,4668,16760,9,10,10,6885,0x0000080c
GT,64,70,ckpt,OK,4668,16760,9,10,3,4136,0x0000080c
GT,64,71,normal,OK,4668,16760,16,27,27,14656,0x0000080c
GT,64,71,ckpt,OK,4668,16760,16,27,12,9010,0x0000080c
GT,64,72,normal,OK,6537,26623,6,3,3,3605,0x0000080c
GT,64,72,ckpt,OK,6537,26623,6,3,1,2549,0x0000080c
GT,64,73,normal,OK,2578,31110,17,35,35,17108,0x0000080c
GT,64,73,ckpt,OK,2578,31110,17,35,10,8635,0x0000080c
GT,64,74,normal,OK,2932,26834,14,26,26,13436,0x0000080c
GT,64,74,ckpt,OK,2932,26834,14,26,6,6626,0x0000080c
GT,64,75,normal,OK,6537,26623,4,3,3,2619,0x0000080c
GT,64,75,ckpt,OK,6537,26623,4,3,1,1811,0x0000080c
GT,64,76,normal,OK,16017,22351,11,19,19,10180,0x0000080c
GT,64,76,ckpt,OK,16017,22351,11,19,6,5597,0x0000080c
GT,64,77,normal,OK,6322,19210,4,1,1,2047,0x0000080c
GT,64,77,ckpt,OK,6322,19210,4,1,1,4675,0x0000080c
GT,64,78,normal,OK,10501,19012,13,17,17,10623,0x0000080c
GT,64,78,ckpt,OK,10501,19012,13,17,3,5584,0x0000080c
GT,64,79,normal,OK,5068,19298,5,3,3,3136,0x0000080c
GT,64,79,ckpt,OK,5068,19298,5,3,2,2472,0x0000080c
GT,64,80,normal,OK,11080,32198,14,26,26,13413,0x0000080c
GT,64,80,ckpt,OK,11080,32198,14,26,8,7135,0x0000080c
GT,64,81,normal,OK,10715,31474,11,18,18,9995,0x0000080c
GT,64,81,ckpt,OK,10715,31474,11,18,3,4878,0x0000080c
GT,64,82,normal,OK,10501,19012,11,15,15,9175,0x0000080c
GT,64,82,ckpt,OK,10501,19012,11,15,5,5383,0x0000080c
GT,64,83,normal,OK,7526,20953,14,23,23,12590,0x0000080c
GT,64,83,ckpt,OK,7526,20953,14,23,9,7466,0x0000080c
GT,64,84,normal,OK,15092,16661,9,11,11,7196,0x0000080c
GT,64,84,ckpt,OK,15092,16661,9,11,4,4454,0x0000080c
GT,64,85,normal,OK,12148,26989,11,14,14,8860,0x0000080c
GT,64,85,ckpt,OK,12148,26989,11,14,3,4806,0x0000080c
GT,64,86,normal,OK,13683,28167,13,24,24,12473,0x0000080c
GT,64,86,ckpt,OK,13683,28167,13,24,6,6509,0x0000080c
GT,64,87,normal,OK,11080,32198,6,5,5,4129,0x0000080c
GT,64,87,ckpt,OK,11080,32198,6,5,2,2808,0x0000080c
GT,64,88,normal,OK,8900,27322,13,25,25,12721,0x0000080c
GT,64,88,ckpt,OK,8900,27322,13,25,6,6314,0x0000080c
GT,64,89,normal,OK,11258,27039,10,13,13,8207,0x0000080c
GT,64,89,ckpt,OK,11258,27039,10,13,5,5072,0x0000080c
GT,64,90,normal,OK,10937,16908,8,5,5,5090,0x0000080c
GT,64,90,ckpt,OK,10937,16908,8,5,2,3521,0x0000080c
GT,64,91,normal,OK,2808,20620,15,24,24,13457,0x0000080c
GT,64,91,ckpt,OK,2808,20620,15,24,8,7684,0x0000080c
GT,64,92,normal,OK,2932,26834,10,7,7,6527,0x0000080c
GT,64,92,ckpt,OK,2932,26834,10,7,3,4449,0x0000080c
GT,64,93,normal,OK,4668,16760,11,19,19,10158,0x0000080c
GT,64,93,ckpt,OK,4668,16760,11,19,5,5307,0x0000080c
GT,64,94,normal,OK,13499,22948,3,1,1,1667,0x0000080c
GT,64,94,ckpt,OK,13499,22948,3,1,1,1511,0x0000080c
GT,64,95,normal,OK,9669,18554,17,47,47,20359,0x0000080c
GT,64,95,ckpt,OK,9669,18554,17,47,18,11317,0x0000080c
GT,64,96,normal,OK,1969,29996,15,26,26,13796,0x0000080c
GT,64,96,ckpt,OK,1969,29996,15,26,6,6862,0x0000080c
GT,64,97,normal,OK,569,20217,4,1,1,2163,0x0000080c
GT,64,97,ckpt,OK,569,20217,4,1,1,1883,0x0000080c
GT,64,98,normal,OK,1068,20482,7,3,3,4036,0x0000080c
GT,64,98,ckpt,OK,1068,20482,7,3,1,2855,0x0000080c
GT,64,99,normal,OK,10501,19012,16,42,42,18643,0x0000080c
GT,64,99,ckpt,OK,10501,19012,16,42,14,12393,0x0000080c
GT,256,0,normal,OK,6194,21743,4,2,2,2418,0x0000080c
GT,256,0,ckpt,OK,6194,21743,4,2,1,1874,0x0000080c
GT,256,1,normal,OK,16378,30332,2,0,0,966,0x0000080c
GT,256,1,ckpt,OK,16378,30332,2,0,0,933,0x0000080c
GT,256,2,normal,OK,8111,30919,7,3,3,4067,0x0000080c
GT,256,2,ckpt,OK,8111,30919,7,3,2,3155,0x0000080c
GT,256,3,normal,OK,16057,26038,9,8,8,6335,0x0000080c
GT,256,3,ckpt,OK,16057,26038,9,8,4,4381,0x0000080c
GT,256,4,normal,OK,7054,22624,1,0,0,478,0x0000080c
GT,256,4,ckpt,OK,7054,22624,1,0,0,568,0x0000080c
GT,256,5,normal,OK,1569,17806,4,2,2,2415,0x0000080c
GT,256,5,ckpt,OK,1569,17806,4,2,1,1873,0x0000080c
GT,256,6,normal,OK,16057,26038,2,1,1,1219,0x0000080c
GT,256,6,ckpt,OK,16057,26038,2,1,1,1190,0x0000080c
GT,256,7,normal,OK,8111,30919,10,14,14,8333,0x0000080c
GT,256,7,ckpt,OK,8111,30919,10,14,5,4999,0x0000080c
GT,256,8,normal,OK,3262,18088,11,13,13,8660,0x0000080c
GT,256,8,ckpt,OK,3262,18088,11,13,5,5398,0x0000080c
GT,256,9,normal,OK,15398,22207,7,3,3,4035,0x0000080c
GT,256,9,ckpt,OK,15398,22207,7,3,2,3120,0x0000080c
GT,256,10,normal,OK,2261,32679,3,2,2,1959,0x0000080c
GT,256,10,ckpt,OK,2261,32679,3,2,1,1540,0x0000080c
GT,256,11,normal,OK,3178,30209,1,0,0,446,0x0000080c
GT,256,11,ckpt,OK,3178,30209,1,0,0,536,0x0000080c
GT,256,12,normal,OK,86,26850,14,20,20,11822,0x0000080c
GT,256,12,ckpt,OK,86,26850,14,20,10,7849,0x0000080c
GT,256,13,normal,OK,7345,32287,6,5,5,4132,0x0000080c
GT,256,13,ckpt,OK,7345,32287,6,5,2,2812,0x0000080c
GT,256,14,normal,OK,14618,25652,7,8,8,5408,0x0000080c
GT,256,14,ckpt,OK,14618,25652,7,8,2,3168,0x0000080c
GT,256,15,normal,OK,6024,20409,3,0,0,1399,0x0000080c
GT,256,15,ckpt,OK,6024,20409,3,0,0,1241,0x0000080c
GT,256,16,normal,OK,7859,30665,8,8,8,5855,0x0000080c
GT,256,16,ckpt,OK,7859,30665,8,8,2,3493,0x0000080c
GT,256,17,normal,OK,11280,20121,8,9,9,6140,0x0000080c
GT,256,17,ckpt,OK,11280,20121,8,9,3,3783,0x0000080c
GT,256,18,normal,OK,14537,18801,9,8,8,6316,0x0000080c
GT,256,18,ckpt,OK,14537,18801,9,8,4,4360,0x0000080c
GT,256,19,normal,OK,10420,24885,5,1,1,2562,0x0000080c
GT,256,19,ckpt,OK,10420,24885,5,1,1,2158,0x0000080c
GT,256,20,normal,OK,14509,22808,6,3,3,3632,0x0000080c
GT,256,20,ckpt,OK,14509,22808,6,3,1,2575,0x0000080c
GT,256,21,normal,OK,2778,28454,9,4,4,5312,0x0000080c
GT,256,21,ckpt,OK,2778,28454,9,4,4,4420,0x0000080c
GT,256,22,normal,OK,12247,19745,7,3,3,4108,0x0000080c
GT,256,22,ckpt,OK,12247,19745,7,3,1,2929,0x0000080c
GT,256,23,normal,OK,15827,28165,7,5,5,4654,0x0000080c
GT,256,23,ckpt,OK,15827,28165,7,5,2,3211,0x0000080c
GT,256,24,normal,OK,16338,30402,4,3,3,2690,0x0000080c
GT,256,24,ckpt,OK,16338,30402,4,3,1,1881,0x0000080c
GT,256,25,normal,OK,5899,19232,2,1,1,1211,0x0000080c
GT,256,25,ckpt,OK,5899,19232,2,1,1,1181,0x0000080c
GT,256,26,normal,OK,8864,26133,12,13,13,8959,0x0000080c
GT,256,26,ckpt,OK,8864,26133,12,13,6,5840,0x0000080c
GT,256,27,normal,OK,6587,31055,11,13,13,8630,0x0000080c
GT,256,27,ckpt,OK,6587,31055,11,13,2,4570,0x0000080c
GT,256,28,normal,OK,15049,21292,4,2,2,2400,0x0000080c
GT,256,28,ckpt,OK,15049,21292,4,2,1,1859,0x0000080c
GT,256,29,normal,OK,15592,21080,6,4,4,3811,0x0000080c
GT,256,29,ckpt,OK,15592,21080,6,4,2,2755,0x0000080c
GT,256,30,normal,OK,5257,30311,9,7,7,6023,0x0000080c
GT,256,30,ckpt,OK,5257,30311,9,7,3,4067,0x0000080c
GT,256,31,normal,OK,15986,29937,4,2,2,2401,0x0000080c
GT,256,31,ckpt,OK,15986,29937,4,2,1,1856,0x0000080c
GT,256,32,normal,OK,389,18724,5,2,2,2843,0x0000080c
GT,256,32,ckpt,OK,389,18724,5,2,1,2176,0x0000080c
GT,256,33,normal,OK,7345,32287,5,2,2,2832,0x0000080c
GT,256,33,ckpt,OK,7345,32287,5,2,1,2163,0x0000080c
GT,256,34,normal,OK,13499,22948,4,1,1,2123,0x0000080c
GT,256,34,ckpt,OK,13499,22948,4,1,1,4861,0x0000080c
GT,256,35,normal,OK,10128,20312,6,6,6,4376,0x0000080c
GT,256,35,ckpt,OK,10128,20312,6,6,2,2792,0x0000080c
GT,256,36,normal,OK,16338,30402,6,3,3,3655,0x0000080c
GT,256,36,ckpt,OK,16338,30402,6,3,2,2864,0x0000080c
GT,256,37,normal,OK,13426,21020,4,2,2,2405,0x0000080c
GT,256,37,ckpt,OK,13426,21020,4,2,1,1860,0x0000080c
GT,256,38,normal,OK,15049,21292,5,4,4,3420,0x0000080c
GT,256,38,ckpt,OK,15049,21292,5,4,2,2490,0x0000080c
GT,256,39,normal,OK,943,20053,5,4,4,3394,0x0000080c
GT,256,39,ckpt,OK,943,20053,5,4,2,2462,0x0000080c
GT,256,40,normal,OK,13451,24112,3,1,1,1651,0x0000080c
GT,256,40,ckpt,OK,13451,24112,3,1,1,1495,0x0000080c
GT,256,41,normal,OK,745,17423,2,1,1,1181,0x0000080c
GT,256,41,ckpt,OK,745,17423,2,1,1,1149,0x0000080c
GT,256,42,normal,OK,15092,16661,8,2,2,4232,0x0000080c
GT,256,42,ckpt,OK,15092,16661,8,2,1,3192,0x0000080c
GT,256,43,normal,OK,10784,24389,8,6,6,5320,0x0000080c
GT,256,43,ckpt,OK,10784,24389,8,6,3,3754,0x0000080c
GT,256,44,normal,OK,4260,25069,12,13,13,8999,0x0000080c
GT,256,44,ckpt,OK,4260,25069,12,13,5,5655,0x0000080c
GT,256,45,normal,OK,9098,29117,6,4,4,3802,0x0000080c
GT,256,45,ckpt,OK,9098,29117,6,4,2,2747,0x0000080c
GT,256,46,normal,OK,15827,28165,5,2,2,2871,0x0000080c
GT,256,46,ckpt,OK,15827,28165,5,2,2,2469,0x0000080c
GT,256,47,normal,OK,12819,29797,8,3,3,4575,0x0000080c
GT,256,47,ckpt,OK,12819,29797,8,3,2,3539,0x0000080c
GT,256,48,normal,OK,10784,24389,11,7,7,7067,0x0000080c
GT,256,48,ckpt,OK,10784,24389,11,7,4,5128,0x0000080c
GT,256,49,normal,OK,16035,26235,8,5,5,5032,0x0000080c
GT,256,49,ckpt,OK,16035,26235,8,5,2,3463,0x0000080c
GT,256,50,normal,OK,8254,18531,4,1,1,2098,0x0000080c
GT,256,50,ckpt,OK,8254,18531,4,1,1,1822,0x0000080c
GT,256,51,normal,OK,3067,28255,7,7,7,5113,0x0000080c
GT,256,51,ckpt,OK,3067,28255,7,7,2,3138,0x0000080c
GT,256,52,normal,OK,13426,21020,11,9,9,7558,0x0000080c
GT,256,52,ckpt,OK,13426,21020,11,9,2,4558,0x0000080c
GT,256,53,normal,OK,4886,31721,10,11,11,7613,0x0000080c
GT,256,53,ckpt,OK,4886,31721,10,11,4,4740,0x0000080c
GT,256,54,normal,OK,4260,25069,8,9,9,6094,0x0000080c
GT,256,54,ckpt,OK,4260,25069,8,9,2,3465,0x0000080c
GT,256,55,normal,OK,3077,26085,6,5,5,4095,0x0000080c
GT,256,55,ckpt,OK,3077,26085,6,5,2,2776,0x0000080c
GT,256,56,normal,OK,7859,30665,7,4,4,4288,0x0000080c
GT,256,56,ckpt,OK,7859,30665,7,4,2,3108,0x0000080c
GT,256,57,normal,OK,9616,21800,7,2,2,3804,0x0000080c
GT,256,57,ckpt,OK,9616,21800,7,2,2,3156,0x0000080c
GT,256,58,normal,OK,8254,18531,5,4,4,3429,0x0000080c
GT,256,58,ckpt,OK,8254,18531,5,4,2,2500,0x0000080c
GT,256,59,normal,OK,5899,19232,11,14,14,8954,0x0000080c
GT,256,59,ckpt,OK,5899,19232,11,14,4,5173,0x0000080c
GT,256,60,normal,OK,838,17066,6,3,3,3591,0x0000080c
GT,256,60,ckpt,OK,838,17066,6,3,1,2533,0x0000080c
GT,256,61,normal,OK,3077,26085,10,13,13,8143,0x0000080c
GT,256,61,ckpt,OK,3077,26085,10,13,3,4473,0x0000080c
GT,256,62,normal,OK,6083,16900,10,13,13,8188,0x0000080c
GT,256,62,ckpt,OK,6083,16900,10,13,5,5051,0x0000080c
GT,256,63,normal,OK,14620,28124,10,11,11,7560,0x0000080c
GT,256,63,ckpt,OK,14620,28124,10,11,5,4951,0x0000080c
GT,256,64,normal,OK,13954,28289,9,6,6,5812,0x0000080c
GT,256,64,ckpt,OK,13954,28289,9,6,2,3854,0x0000080c
GT,256,65,normal,OK,14141,31377,7,5,5,4564,0x0000080c
GT,256,65,ckpt,OK,14141,31377,7,5,2,6142,0x0000080c
GT,256,66,normal,OK,11917,23087,3,1,1,1683,0x0000080c
GT,256,66,ckpt,OK,11917,23087,3,1,1,1528,0x0000080c
GT,256,67,normal,OK,7232,17025,6,6,6,4422,0x0000080c
GT,256,67,ckpt,OK,7232,17025,6,6,2,2838,0x0000080c
GT,256,68,normal,OK,9146,30642,7,4,4,4317,0x0000080c
GT,256,68,ckpt,OK,9146,30642,7,4,1,2873,0x0000080c
GT,256,69,normal,OK,12819,29797,2,1,1,1207,0x0000080c
GT,256,69,ckpt,OK,12819,29797,2,1,1,1175,0x0000080c
GT,256,70,normal,OK,4334,22057,9,10,10,6851,0x0000080c
GT,256,70,ckpt,OK,4334,22057,9,10,3,4102,0x0000080c
GT,256,71,normal,OK,15289,23833,8,6,6,5347,0x0000080c
GT,256,71,ckpt,OK,15289,23833,8,6,2,3514,0x0000080c
GT,256,72,normal,OK,2282,31718,9,10,10,6795,0x0000080c
GT,256,72,ckpt,OK,2282,31718,9,10,4,4311,0x0000080c
GT,256,73,normal,OK,11249,20891,3,1,1,1665,0x0000080c
GT,256,73,ckpt,OK,11249,20891,3,1,1,1510,0x0000080c
GT,256,74,normal,OK,3178,30209,7,4,4,4292,0x0000080c
GT,256,74,ckpt,OK,3178,30209,7,4,2,3114,0x0000080c
GT,256,75,normal,OK,2780,28208,9,9,9,6585,0x0000080c
GT,256,75,ckpt,OK,2780,28208,9,9,4,4366,0x0000080c
GT,256,76,normal,OK,6194,21743,7,4,4,4282,0x0000080c
GT,256,76,ckpt,OK,6194,21743,7,4,1,2835,0x0000080c
GT,256,77,normal,OK,9359,25296,7,5,5,4524,0x0000080c
GT,256,77,ckpt,OK,9359,25296,7,5,2,3081,0x0000080c
GT,256,78,normal,OK,12753,30202,5,3,3,3143,0x0000080c
GT,256,78,ckpt,OK,12753,30202,5,3,1,2209,0x0000080c
GT,256,79,normal,OK,6587,31055,7,5,5,4592,0x0000080c
GT,256,79,ckpt,OK,6587,31055,7,5,2,3150,0x0000080c
GT,256,80,normal,OK,8134,25012,10,10,10,7313,0x0000080c
GT,256,80,ckpt,OK,8134,25012,10,10,5,4975,0x0000080c
GT,256,81,normal,OK,7991,23470,4,2,2,2416,0x0000080c
GT,256,81,ckpt,OK,7991,23470,4,2,1,1873,0x0000080c
GT,256,82,normal,OK,7859,30665,9,10,10,6910,0x0000080c
GT,256,82,ckpt,OK,7859,30665,9,10,4,4424,0x0000080c
GT,256,83,normal,OK,13499,22948,6,4,4,3893,0x0000080c
GT,256,83,ckpt,OK,13499,22948,6,4,1,2571,0x0000080c
GT,256,84,normal,OK,14887,23275,9,11,11,7131,0x0000080c
GT,256,84,ckpt,OK,14887,23275,9,11,4,4394,0x0000080c
GT,256,85,normal,OK,3077,26085,6,5,5,4084,0x0000080c
GT,256,85,ckpt,OK,3077,26085,6,5,2,2768,0x0000080c
GT,256,86,normal,OK,1569,17806,2,1,1,1183,0x0000080c
GT,256,86,ckpt,OK,1569,17806,2,1,1,1154,0x0000080c
GT,256,87,normal,OK,11032,17393,6,5,5,4118,0x0000080c
GT,256,87,ckpt,OK,11032,17393,6,5,2,2797,0x0000080c
GT,256,88,normal,OK,7900,20548,4,1,1,2155,0x0000080c
GT,256,88,ckpt,OK,7900,20548,4,1,1,1876,0x0000080c
GT,256,89,normal,OK,12120,17967,4,2,2,2469,0x0000080c
GT,256,89,ckpt,OK,12120,17967,4,2,1,1925,0x0000080c
GT,256,90,normal,OK,1317,28061,6,3,3,3625,0x0000080c
GT,256,90,ckpt,OK,1317,28061,6,3,1,2567,0x0000080c
GT,256,91,normal,OK,8900,27322,8,3,3,4588,0x0000080c
GT,256,91,ckpt,OK,8900,27322,8,3,2,3550,0x0000080c
GT,256,92,normal,OK,8316,21095,8,4,4,4790,0x0000080c
GT,256,92,ckpt,OK,8316,21095,8,4,3,3755,0x0000080c
GT,256,93,normal,OK,11249,20891,2,1,1,1223,0x0000080c
GT,256,93,ckpt,OK,11249,20891,2,1,1,1192,0x0000080c
GT,256,94,normal,OK,2932,26834,7,3,3,4048,0x0000080c
GT,256,94,ckpt,OK,2932,26834,7,3,1,2866,0x0000080c
GT,256,95,normal,OK,8134,25012,4,2,2,2414,0x0000080c
GT,256,95,ckpt,OK,8134,25012,4,2,1,1871,0x0000080c
GT,256,96,normal,OK,2460,23714,10,12,12,7871,0x0000080c
GT,256,96,ckpt,OK,2460,23714,10,12,4,4733,0x0000080c
GT,256,97,normal,OK,2808,20620,7,5,5,4606,0x0000080c
GT,256,97,ckpt,OK,2808,20620,7,5,2,3161,0x0000080c
GT,256,98,normal,OK,1068,20482,12,17,17,10047,0x0000080c
GT,256,98,ckpt,OK,1068,20482,12,17,7,6134,0x0000080c
GT,256,99,normal,OK,7108,28195,2,0,0,906,0x0000080c
GT,256,99,ckpt,OK,7108,28195,2,0,0,878,0x0000080c
EQ,1,0,normal,OK,507,12345,25,308,308,93388,0x0000080c
EQ,1,0,ckpt,OK,507,12345,25,308,70,30913,0x0000080c
EQ,1,1,normal,OK,507,12345,15,23,23,13104,0x0000080c
EQ,1,1,ckpt,OK,507,12345,15,23,9,7857,0x0000080c
EQ,1,2,normal,OK,507,12345,22,181,181,58194,0x0000080c
EQ,1,2,ckpt,OK,507,12345,22,181,40,18591,0x0000080c
EQ,1,3,normal,OK,507,12345,25,239,239,75108,0x0000080c
EQ,1,3,ckpt,OK,507,12345,25,239,53,23259,0x0000080c
EQ,1,4,normal,OK,507,12345,24,240,240,74800,0x0000080c
EQ,1,4,ckpt,OK,507,12345,24,240,58,24374,0x0000080c
EQ,1,5,normal,OK,507,12345,23,155,155,51926,0x0000080c
EQ,1,5,ckpt,OK,507,12345,23,155,41,19287,0x0000080c
EQ,1,6,normal,OK,507,12345,9,14,14,7881,0x0000080c
EQ,1,6,ckpt,OK,507,12345,9,14,4,4340,0x0000080c
EQ,1,7,normal,OK,507,12345,23,180,180,58433,0x0000080c
EQ,1,7,ckpt,OK,507,12345,23,180,52,22217,0x0000080c
EQ,1,8,normal,OK,507,12345,26,261,261,81460,0x0000080c
EQ,1,8,ckpt,OK,507,12345,26,261,85,32101,0x0000080c
EQ,1,9,normal,OK,507,12345,24,148,148,50443,0x0000080c
EQ,1,9,ckpt,OK,507,12345,24,148,68,26778,0x0000080c
EQ,1,10,normal,OK,507,12345,20,93,93,33974,0x0000080c
EQ,1,10,ckpt,OK,507,12345,20,93,31,15553,0x0000080c
EQ,1,11,normal,OK,507,12345,23,175,175,57084,0x0000080c
EQ,1,11,ckpt,OK,507,12345,23,175,45,23224,0x0000080c
EQ,1,12,normal,OK,507,12345,18,42,42,19524,0x0000080c
EQ,1,12,ckpt,OK,507,12345,18,42,12,9772,0x0000080c
EQ,1,13,normal,OK,507,12345,24,218,218,69025,0x0000080c
EQ,1,13,ckpt,OK,507,12345,24,218,55,23343,0x0000080c
EQ,1,14,normal,OK,507,12345,21,133,133,45032,0x0000080c
EQ,1,14,ckpt,OK,507,12345,21,133,37,17504,0x0000080c
EQ,1,15,normal,OK,507,12345,27,333,333,100950,0x0000080c
EQ,1,15,ckpt,OK,507,12345,27,333,115,40873,0x0000080c
EQ,1,16,normal,OK,507,12345,25,225,225,71356,0x0000080c
EQ,1,16,ckpt,OK,507,12345,25,225,45,20852,0x0000080c
EQ,1,17,normal,OK,507,12345,25,152,152,51927,0x0000080c
EQ,1,17,ckpt,OK,507,12345,25,152,45,21362,0x0000080c
EQ,1,18,normal,OK,507,12345,24,216,216,68550,0x0000080c
EQ,1,18,ckpt,OK,507,12345,24,216,73,28191,0x0000080c
EQ,1,19,normal,OK,507,12345,22,122,122,42602,0x0000080c
EQ,1,19,ckpt,OK,507,12345,22,122,47,20245,0x0000080c
EQ,1,20,normal,OK,507,12345,27,311,311,95060,0x0000080c
EQ,1,20,ckpt,OK,507,12345,27,311,109,38608,0x0000080c
EQ,1,21,normal,OK,507,12345,26,200,200,65073,0x0000080c
EQ,1,21,ckpt,OK,507,12345,26,200,68,30091,0x0000080c
EQ,1,22,normal,OK,507,12345,15,37,37,16773,0x0000080c
EQ,1,22,ckpt,OK,507,12345,15,37,9,7763,0x0000080c
EQ,1,23,normal,OK,507,12345,23,141,141,48246,0x0000080c
EQ,1,23,ckpt,OK,507,12345,23,141,35,17822,0x0000080c
EQ,1,24,normal,OK,507,12345,21,159,159,51947,0x0000080c
EQ,1,24,ckpt,OK,507,12345,21,159,40,18164,0x0000080c
EQ,1,25,normal,OK,507,12345,25,210,210,67232,0x0000080c
EQ,1,25,ckpt,OK,507,12345,25,210,79,30150,0x0000080c
EQ,1,26,normal,OK,507,12345,27,215,215,69521,0x0000080c
EQ,1,26,ckpt,OK,507,12345,27,215,66,26972,0x0000080c
EQ,1,27,normal,OK,507,12345,24,174,174,57276,0x0000080c
EQ,1,27,ckpt,OK,507,12345,24,174,41,19649,0x0000080c
EQ,1,28,normal,OK,507,12345,25,256,256,79491,0x0000080c
EQ,1,28,ckpt,OK,507,12345,25,256,65,26185,0x0000080c
EQ,1,29,normal,OK,507,12345,21,133,133,45055,0x0000080c
EQ,1,29,ckpt,OK,507,12345,21,133,39,17889,0x0000080c
EQ,1,30,normal,OK,507,12345,19,63,63,25497,0x0000080c
EQ,1,30,ckpt,OK,507,12345,19,63,26,13994,0x0000080c
EQ,1,31,normal,OK,507,12345,27,273,273,84947,0x0000080c
EQ,1,31,ckpt,OK,507,12345,27,273,80,30900,0x0000080c
EQ,1,32,normal,OK,507,12345,22,93,93,34902,0x0000080c
EQ,1,32,ckpt,OK,507,12345,22,93,26,17472,0x0000080c
EQ,1,33,normal,OK,507,12345,19,93,93,33377,0x0000080c
EQ,1,33,ckpt,OK,507,12345,19,93,27,13847,0x0000080c
EQ,1,34,normal,OK,507,12345,27,290,290,89406,0x0000088c
EQ,1,34,ckpt,OK,507,12345,27,290,107,38319,0x0000088c
EQ,1,35,normal,OK,507,12345,16,40,40,18098,0x0000080c
EQ,1,35,ckpt,OK,507,12345,16,40,12,9102,0x0000080c
EQ,1,36,normal,OK,507,12345,24,229,229,71990,0x0000080c
EQ,1,36,ckpt,OK,507,12345,24,229,55,23206,0x0000080c
EQ,1,37,normal,OK,507,12345,23,169,169,55572,0x0000080c
EQ,1,37,ckpt,OK,507,12345,23,169,44,20205,0x0000080c
EQ,1,38,normal,OK,507,12345,21,123,123,42506,0x0000080c
EQ,1,38,ckpt,OK,507,12345,21,123,29,15413,0x0000080c
EQ,1,39,normal,OK,507,12345,21,105,105,37757,0x0000080c
EQ,1,39,ckpt,OK,507,12345,21,105,30,15844,0x0000080c
EQ,1,40,normal,OK,507,12345,18,48,48,21090,0x0000080c
EQ,1,40,ckpt,OK,507,12345,18,48,13,10052,0x0000080c
EQ,1,41,normal,OK,507,12345,24,196,196,63134,0x0000080c
EQ,1,41,ckpt,OK,507,12345,24,196,78,29861,0x0000080c
EQ,1,42,normal,OK,507,12345,21,126,126,43228,0x0000080c
EQ,1,42,ckpt,OK,507,12345,21,126,35,16969,0x0000080c
EQ,1,43,normal,OK,507,12345,28,252,252,79927,0x0000080c
EQ,1,43,ckpt,OK,507,12345,28,252,57,28600,0x0000080c
EQ,1,44,normal,OK,507,12345,28,368,368,110654,0x0000088c
EQ,1,44,ckpt,OK,507,12345,28,368,118,41357,0x0000088c
EQ,1,45,normal,OK,507,12345,21,131,131,44490,0x0000080c
EQ,1,45,ckpt,OK,507,12345,21,131,33,16261,0x0000080c
EQ,1,46,normal,OK,507,12345,20,96,96,34808,0x0000080c
EQ,1,46,ckpt,OK,507,12345,20,96,21,12691,0x0000080c
EQ,1,47,normal,OK,507,12345,21,120,120,41591,0x0000080c
EQ,1,47,ckpt,OK,507,12345,21,120,26,14536,0x0000080c
EQ,1,48,normal,OK,507,12345,25,157,157,53381,0x0000080c
EQ,1,48,ckpt,OK,507,12345,25,157,37,19236,0x0000080c
EQ,1,49,normal,OK,507,12345,23,148,148,50019,0x0000080c
EQ,1,49,ckpt,OK,507,12345,23,148,40,18920,0x0000080c
EQ,1,50,normal,OK,507,12345,26,275,275,85009,0x0000080c
EQ,1,50,ckpt,OK,507,12345,26,275,66,26711,0x0000080c
EQ,1,51,normal,OK,507,12345,22,122,122,42502,0x0000080c
EQ,1,51,ckpt,OK,507,12345,22,122,23,14212,0x0000080c
EQ,1,52,normal,OK,507,12345,26,256,256,79932,0x0000080c
EQ,1,52,ckpt,OK,507,12345,26,256,89,32999,0x0000080c
EQ,1,53,normal,OK,507,12345,24,167,167,55526,0x0000080c
EQ,1,53,ckpt,OK,507,12345,24,167,43,20229,0x0000080c
EQ,1,54,normal,OK,507,12345,25,283,283,86727,0x0000080c
EQ,1,54,ckpt,OK,507,12345,25,283,71,27948,0x0000080c
EQ,1,55,normal,OK,507,12345,26,269,269,83461,0x0000080c
EQ,1,55,ckpt,OK,507,12345,26,269,83,31429,0x0000080c
EQ,1,56,normal,OK,507,12345,23,142,142,48367,0x0000080c
EQ,1,56,ckpt,OK,507,12345,23,142,55,22734,0x0000080c
EQ,1,57,normal,OK,507,12345,24,241,241,75057,0x0000080c
EQ,1,57,ckpt,OK,507,12345,24,241,67,26272,0x0000080c
EQ,1,58,normal,OK,507,12345,28,369,369,110846,0x0000088c
EQ,1,58,ckpt,OK,507,12345,28,369,134,46144,0x0000088c
EQ,1,59,normal,OK,507,12345,24,141,141,48642,0x0000080c
EQ,1,59,ckpt,OK,507,12345,24,141,33,17627,0x0000080c
EQ,1,60,normal,OK,507,12345,21,135,135,45633,0x0000080c
EQ,1,60,ckpt,OK,507,12345,21,135,33,16790,0x0000080c
EQ,1,61,normal,OK,507,12345,27,306,306,93683,0x0000080c
EQ,1,61,ckpt,OK,507,12345,27,306,97,36141,0x0000080c
EQ,1,62,normal,OK,507,12345,24,196,196,63138,0x0000080c
EQ,1,62,ckpt,OK,507,12345,24,196,44,20301,0x0000080c
EQ,1,63,normal,OK,507,12345,19,67,67,26612,0x0000080c
EQ,1,63,ckpt,OK,507,12345,19,67,14,10442,0x0000080c
EQ,1,64,normal,OK,507,12345,23,129,129,44879,0x0000080c
EQ,1,64,ckpt,OK,507,12345,23,129,37,21751,0x0000080c
EQ,1,65,normal,OK,507,12345,26,277,277,85473,0x0000080c
EQ,1,65,ckpt,OK,507,12345,26,277,94,34133,0x0000080c
EQ,1,66,normal,OK,507,12345,15,45,45,18967,0x0000080c
EQ,1,66,ckpt,OK,507,12345,15,45,12,8864,0x0000080c
EQ,1,67,normal,OK,507,12345,22,105,105,38126,0x0000080c
EQ,1,67,ckpt,OK,507,12345,22,105,48,20891,0x0000080c
EQ,1,68,normal,OK,507,12345,26,239,239,75659,0x0000080c
EQ,1,68,ckpt,OK,507,12345,26,239,80,30678,0x0000080c
EQ,1,69,normal,OK,507,12345,23,160,160,53116,0x0000080c
EQ,1,69,ckpt,OK,507,12345,23,160,56,23097,0x0000080c
EQ,1,70,normal,OK,507,12345,26,243,243,76504,0x0000080c
EQ,1,70,ckpt,OK,507,12345,26,243,98,36016,0x0000080c
EQ,1,71,normal,OK,507,12345,25,235,235,73961,0x0000080c
EQ,1,71,ckpt,OK,507,12345,25,235,41,19883,0x0000080c
EQ,1,72,normal,OK,507,12345,12,15,15,9580,0x0000080c
EQ,1,72,ckpt,OK,507,12345,12,15,4,5399,0x0000080c
EQ,1,73,normal,OK,507,12345,19,49,49,21707,0x0000080c
EQ,1,73,ckpt,OK,507,12345,19,49,13,10084,0x0000080c
EQ,1,74,normal,OK,507,12345,23,212,212,66876,0x0000080c
EQ,1,74,ckpt,OK,507,12345,23,212,40,18918,0x0000080c
EQ,1,75,normal,OK,507,12345,15,42,42,18111,0x0000080c
EQ,1,75,ckpt,OK,507,12345,15,42,11,11285,0x0000080c
EQ,1,76,normal,OK,507,12345,17,64,64,24865,0x0000080c
EQ,1,76,ckpt,OK,507,12345,17,64,19,11068,0x0000080c
EQ,1,77,normal,OK,507,12345,22,113,113,40145,0x0000080c
EQ,1,77,ckpt,OK,507,12345,22,113,32,16190,0x0000080c
EQ,1,78,normal,OK,507,12345,31,430,430,128295,0x0000080c
EQ,1,78,ckpt,OK,507,12345,31,430,118,43117,0x0000080c
EQ,1,79,normal,OK,507,12345,24,138,138,47798,0x0000080c
EQ,1,79,ckpt,OK,507,12345,24,138,54,23067,0x0000080c
EQ,1,80,normal,OK,507,12345,27,381,381,113588,0x0000088c
EQ,1,80,ckpt,OK,507,12345,27,381,116,40657,0x0000088c
EQ,1,81,normal,OK,507,12345,28,300,300,92583,0x0000080c
EQ,1,81,ckpt,OK,507,12345,28,300,95,35492,0x0000080c
EQ,1,82,normal,OK,507,12345,27,336,336,101792,0x0000080c
EQ,1,82,ckpt,OK,507,12345,27,336,114,40179,0x0000080c
EQ,1,83,normal,OK,507,12345,20,110,110,38527,0x0000080c
EQ,1,83,ckpt,OK,507,12345,20,110,33,16102,0x0000080c
EQ,1,84,normal,OK,507,12345,26,277,277,85650,0x0000080c
EQ,1,84,ckpt,OK,507,12345,26,277,91,33642,0x0000080c
EQ,1,85,normal,OK,507,12345,22,145,145,48667,0x0000080c
EQ,1,85,ckpt,OK,507,12345,22,145,43,21534,0x0000080c
EQ,1,86,normal,OK,507,12345,24,200,200,64190,0x0000080c
EQ,1,86,ckpt,OK,507,12345,24,200,64,26102,0x0000080c
EQ,1,87,normal,OK,507,12345,23,191,191,61398,0x0000080c
EQ,1,87,ckpt,OK,507,12345,23,191,53,22218,0x0000080c
EQ,1,88,normal,OK,507,12345,24,199,199,63872,0x0000080c
EQ,1,88,ckpt,OK,507,12345,24,199,67,26466,0x0000080c
EQ,1,89,normal,OK,507,12345,16,41,41,18363,0x0000080c
EQ,1,89,ckpt,OK,507,12345,16,41,8,7866,0x0000080c
EQ,1,90,normal,OK,507,12345,24,174,174,57483,0x0000080c
EQ,1,90,ckpt,OK,507,12345,24,174,71,27654,0x0000080c
EQ,1,91,normal,OK,507,12345,17,53,53,22007,0x0000080c
EQ,1,91,ckpt,OK,507,12345,17,53,18,10968,0x0000080c
EQ,1,92,normal,OK,507,12345,20,86,86,32079,0x0000080c
EQ,1,92,ckpt,OK,507,12345,20,86,25,13725,0x0000080c
EQ,1,93,normal,OK,507,12345,23,192,192,61624,0x0000080c
EQ,1,93,ckpt,OK,507,12345,23,192,51,22029,0x0000080c
EQ,1,94,normal,OK,507,12345,18,62,62,24842,0x0000080c
EQ,1,94,ckpt,OK,507,12345,18,62,27,13642,0x0000080c
EQ,1,95,normal,OK,507,12345,20,75,75,29361,0x0000080c
EQ,1,95,ckpt,OK,507,12345,20,75,25,14386,0x0000080c
EQ,1,96,normal,OK,507,12345,24,183,183,59694,0x0000080c
EQ,1,96,ckpt,OK,507,12345,24,183,68,27191,0x0000080c
EQ,1,97,normal,OK,507,12345,21,102,102,36836,0x0000080c
EQ,1,97,ckpt,OK,507,12345,21,102,28,18616,0x0000080c
EQ,1,98,normal,OK,507,12345,20,102,102,36364,0x0000080c
EQ,1,98,ckpt,OK,507,12345,20,102,20,12484,0x0000080c
EQ,1,99,normal,OK,507,12345,27,263,263,82300,0x0000088c
EQ,1,99,ckpt,OK,507,12345,27,263,138,46497,0x0000088c
EQ,4,0,normal,OK,8685,12345,21,119,119,41310,0x0000080c
EQ,4,0,ckpt,OK,8685,12345,21,119,38,17656,0x0000080c
EQ,4,1,normal,OK,8685,12345,23,132,132,45827,0x0000080c
EQ,4,1,ckpt,OK,8685,12345,23,132,43,19752,0x0000080c
EQ,4,2,normal,OK,2852,12345,19,89,89,32387,0x0000080c
EQ,4,2,ckpt,OK,2852,12345,19,89,24,13182,0x0000080c
EQ,4,3,normal,OK,2852,12345,20,101,101,36150,0x0000080c
EQ,4,3,ckpt,OK,2852,12345,20,101,29,15096,0x0000080c
EQ,4,4,normal,OK,4724,12345,16,47,47,19949,0x0000080c
EQ,4,4,ckpt,OK,4724,12345,16,47,11,8698,0x0000080c
EQ,4,5,normal,OK,2852,12345,20,72,72,28557,0x0000080c
EQ,4,5,ckpt,OK,2852,12345,20,72,18,12006,0x0000080c
EQ,4,6,normal,OK,507,12345,9,14,14,7905,0x0000080c
EQ,4,6,ckpt,OK,507,12345,9,14,4,4364,0x0000080c
EQ,4,7,normal,OK,507,12345,21,112,112,39495,0x0000080c
EQ,4,7,ckpt,OK,507,12345,21,112,36,17274,0x0000080c
EQ,4,8,normal,OK,2852,12345,15,40,40,17674,0x0000080c
EQ,4,8,ckpt,OK,2852,12345,15,40,8,7645,0x0000080c
EQ,4,9,normal,OK,2852,12345,23,94,94,35752,0x0000080c
EQ,4,9,ckpt,OK,2852,12345,23,94,40,21476,0x0000080c
EQ,4,10,normal,OK,2852,12345,19,65,65,26001,0x0000080c
EQ,4,10,ckpt,OK,2852,12345,19,65,20,12200,0x0000080c
EQ,4,11,normal,OK,4724,12345,15,41,41,17833,0x0000080c
EQ,4,11,ckpt,OK,4724,12345,15,41,10,8198,0x0000080c
EQ,4,12,normal,OK,507,12345,18,42,42,19524,0x0000080c
EQ,4,12,ckpt,OK,507,12345,18,42,12,9770,0x0000080c
EQ,4,13,normal,OK,2852,12345,22,128,128,44341,0x0000080c
EQ,4,13,ckpt,OK,2852,12345,22,128,44,19798,0x0000080c
EQ,4,14,normal,OK,4724,12345,17,59,59,23583,0x0000080c
EQ,4,14,ckpt,OK,4724,12345,17,59,14,9964,0x0000080c
EQ,4,15,normal,OK,8685,12345,21,85,85,32324,0x0000080c
EQ,4,15,ckpt,OK,8685,12345,21,85,39,18424,0x0000080c
EQ,4,16,normal,OK,2852,12345,21,116,116,40549,0x0000080c
EQ,4,16,ckpt,OK,2852,12345,21,116,21,13063,0x0000080c
EQ,4,17,normal,OK,507,12345,24,121,121,43302,0x0000080c
EQ,4,17,ckpt,OK,507,12345,24,121,43,20419,0x0000080c
EQ,4,18,normal,OK,8685,12345,22,116,116,41008,0x0000080c
EQ,4,18,ckpt,OK,8685,12345,22,116,28,15329,0x0000080c
EQ,4,19,normal,OK,507,12345,21,82,82,31454,0x0000080c
EQ,4,19,ckpt,OK,507,12345,21,82,33,16110,0x0000080c
EQ,4,20,normal,OK,507,12345,22,112,112,40021,0x0000080c
EQ,4,20,ckpt,OK,507,12345,22,112,38,18018,0x0000080c
EQ,4,21,normal,OK,2852,12345,9,4,4,5293,0x0000080c
EQ,4,21,ckpt,OK,2852,12345,9,4,4,4401,0x0000080c
EQ,4,22,normal,OK,507,12345,15,37,37,16859,0x0000080c
EQ,4,22,ckpt,OK,507,12345,15,37,9,7865,0x0000080c
EQ,4,23,normal,OK,8685,12345,12,21,21,11280,0x0000080c
EQ,4,23,ckpt,OK,8685,12345,12,21,7,6310,0x0000080c
EQ,4,24,normal,OK,8685,12345,9,14,14,7963,0x0000080c
EQ,4,24,ckpt,OK,8685,12345,9,14,4,4420,0x0000080c
EQ,4,25,normal,OK,4724,12345,19,77,77,29320,0x0000080c
EQ,4,25,ckpt,OK,4724,12345,19,77,22,12791,0x0000080c
EQ,4,26,normal,OK,2852,12345,21,83,83,31756,0x0000080c
EQ,4,26,ckpt,OK,2852,12345,21,83,22,13223,0x0000080c
EQ,4,27,normal,OK,507,12345,19,77,77,29333,0x0000080c
EQ,4,27,ckpt,OK,507,12345,19,77,22,12823,0x0000080c
EQ,4,28,normal,OK,2852,12345,23,142,142,48307,0x0000080c
EQ,4,28,ckpt,OK,2852,12345,23,142,32,16718,0x0000080c
EQ,4,29,normal,OK,2852,12345,18,62,62,24890,0x0000080c
EQ,4,29,ckpt,OK,2852,12345,18,62,21,12135,0x0000080c
EQ,4,30,normal,OK,2852,12345,20,80,80,30505,0x0000080c
EQ,4,30,ckpt,OK,2852,12345,20,80,26,14379,0x0000080c
EQ,4,31,normal,OK,4724,12345,10,14,14,8415,0x0000080c
EQ,4,31,ckpt,OK,4724,12345,10,14,4,4745,0x0000080c
EQ,4,32,normal,OK,4724,12345,21,70,70,28374,0x0000080c
EQ,4,32,ckpt,OK,4724,12345,21,70,26,14350,0x0000080c
EQ,4,33,normal,OK,8685,12345,20,98,98,35271,0x0000080c
EQ,4,33,ckpt,OK,8685,12345,20,98,31,15309,0x0000080c
EQ,4,34,normal,OK,8685,12345,11,17,17,9610,0x0000080c
EQ,4,34,ckpt,OK,8685,12345,11,17,4,5026,0x0000080c
EQ,4,35,normal,OK,8685,12345,18,73,73,27831,0x0000080c
EQ,4,35,ckpt,OK,8685,12345,18,73,17,11225,0x0000080c
EQ,4,36,normal,OK,4724,12345,17,47,47,20562,0x0000080c
EQ,4,36,ckpt,OK,4724,12345,17,47,18,14044,0x0000080c
EQ,4,37,normal,OK,507,12345,20,85,85,31953,0x0000080c
EQ,4,37,ckpt,OK,507,12345,20,85,32,16013,0x0000080c
EQ,4,38,normal,OK,8685,12345,16,54,54,21839,0x0000080c
EQ,4,38,ckpt,OK,8685,12345,16,54,14,9489,0x0000080c
EQ,4,39,normal,OK,4724,12345,18,71,71,27355,0x0000080c
EQ,4,39,ckpt,OK,4724,12345,18,71,22,12564,0x0000080c
EQ,4,40,normal,OK,507,12345,18,48,48,21126,0x0000080c
EQ,4,40,ckpt,OK,507,12345,18,48,13,10080,0x0000080c
EQ,4,41,normal,OK,2852,12345,12,14,14,9269,0x0000080c
EQ,4,41,ckpt,OK,2852,12345,12,14,7,6211,0x0000080c
EQ,4,42,normal,OK,2852,12345,15,34,34,15990,0x0000080c
EQ,4,42,ckpt,OK,2852,12345,15,34,12,8672,0x0000080c
EQ,4,43,normal,OK,4724,12345,19,98,98,34913,0x0000080c
EQ,4,43,ckpt,OK,4724,12345,19,98,20,12505,0x0000080c
EQ,4,44,normal,OK,2852,12345,21,123,123,42358,0x0000080c
EQ,4,44,ckpt,OK,2852,12345,21,123,32,15921,0x0000080c
EQ,4,45,normal,OK,2852,12345,20,102,102,36301,0x0000080c
EQ,4,45,ckpt,OK,2852,12345,20,102,33,15894,0x0000080c
EQ,4,46,normal,OK,507,12345,18,68,68,26524,0x0000080c
EQ,4,46,ckpt,OK,507,12345,18,68,18,11278,0x0000080c
EQ,4,47,normal,OK,8685,12345,19,76,76,29001,0x0000080c
EQ,4,47,ckpt,OK,8685,12345,19,76,26,13855,0x0000080c
EQ,4,48,normal,OK,2852,12345,22,95,95,35613,0x0000080c
EQ,4,48,ckpt,OK,2852,12345,22,95,35,17637,0x0000080c
EQ,4,49,normal,OK,507,12345,16,44,44,19104,0x0000080c
EQ,4,49,ckpt,OK,507,12345,16,44,12,11215,0x0000080c
EQ,4,50,normal,OK,8685,12345,12,9,9,7970,0x0000080c
EQ,4,50,ckpt,OK,8685,12345,12,9,2,4849,0x0000080c
EQ,4,51,normal,OK,4724,12345,21,111,111,39172,0x0000080c
EQ,4,51,ckpt,OK,4724,12345,21,111,23,13927,0x0000080c
EQ,4,52,normal,OK,2852,12345,18,73,73,27816,0x0000080c
EQ,4,52,ckpt,OK,2852,12345,18,73,21,12037,0x0000080c
EQ,4,53,normal,OK,4724,12345,20,77,77,29789,0x0000080c
EQ,4,53,ckpt,OK,4724,12345,20,77,26,14198,0x0000080c
EQ,4,54,normal,OK,2852,12345,24,217,217,68726,0x0000080c
EQ,4,54,ckpt,OK,2852,12345,24,217,66,26234,0x0000080c
EQ,4,55,normal,OK,507,12345,23,124,124,43667,0x0000080c
EQ,4,55,ckpt,OK,507,12345,23,124,52,22183,0x0000080c
EQ,4,56,normal,OK,8685,12345,19,59,59,24530,0x0000080c
EQ,4,56,ckpt,OK,8685,12345,19,59,21,12343,0x0000080c
EQ,4,57,normal,OK,4724,12345,22,166,166,54250,0x0000080c
EQ,4,57,ckpt,OK,4724,12345,22,166,42,19001,0x0000080c
EQ,4,58,normal,OK,507,12345,21,97,97,35487,0x0000080c
EQ,4,58,ckpt,OK,507,12345,21,97,21,13306,0x0000080c
EQ,4,59,normal,OK,2852,12345,20,86,86,32233,0x0000080c
EQ,4,59,ckpt,OK,2852,12345,20,86,25,13965,0x0000080c
EQ,4,60,normal,OK,507,12345,18,84,84,30707,0x0000080c
EQ,4,60,ckpt,OK,507,12345,18,84,23,12932,0x0000080c
EQ,4,61,normal,OK,507,12345,22,123,123,42877,0x0000080c
EQ,4,61,ckpt,OK,507,12345,22,123,48,22695,0x0000080c
EQ,4,62,normal,OK,2852,12345,23,153,153,51375,0x0000080c
EQ,4,62,ckpt,OK,2852,12345,23,153,34,17395,0x0000080c
EQ,4,63,normal,OK,2852,12345,18,54,54,22733,0x0000080c
EQ,4,63,ckpt,OK,2852,12345,18,54,11,9335,0x0000080c
EQ,4,64,normal,OK,507,12345,19,64,64,25841,0x0000080c
EQ,4,64,ckpt,OK,507,12345,19,64,16,11378,0x0000080c
EQ,4,65,normal,OK,8685,12345,23,131,131,45343,0x0000080c
EQ,4,65,ckpt,OK,8685,12345,23,131,64,25113,0x0000080c
EQ,4,66,normal,OK,4724,12345,25,172,172,57338,0x0000080c
EQ,4,66,ckpt,OK,4724,12345,25,172,65,26681,0x0000080c
EQ,4,67,normal,OK,8685,12345,16,30,30,15356,0x0000080c
EQ,4,67,ckpt,OK,8685,12345,16,30,9,8253,0x0000080c
EQ,4,68,normal,OK,2852,12345,21,81,81,31300,0x0000080c
EQ,4,68,ckpt,OK,2852,12345,21,81,31,15824,0x0000080c
EQ,4,69,normal,OK,8685,12345,22,106,106,38347,0x0000080c
EQ,4,69,ckpt,OK,8685,12345,22,106,27,15076,0x0000080c
EQ,4,70,normal,OK,2852,12345,23,119,119,42300,0x0000080c
EQ,4,70,ckpt,OK,2852,12345,23,119,42,19849,0x0000080c
EQ,4,71,normal,OK,2852,12345,22,124,124,43131,0x0000080c
EQ,4,71,ckpt,OK,2852,12345,22,124,40,18572,0x0000080c
EQ,4,72,normal,OK,507,12345,12,15,15,9580,0x0000080c
EQ,4,72,ckpt,OK,507,12345,12,15,4,5399,0x0000080c
EQ,4,73,normal,OK,2852,12345,20,66,66,26719,0x0000080c
EQ,4,73,ckpt,OK,2852,12345,20,66,18,14253,0x0000080c
EQ,4,74,normal,OK,507,12345,21,145,145,48162,0x0000080c
EQ,4,74,ckpt,OK,507,12345,21,145,33,16198,0x0000080c
EQ,4,75,normal,OK,2852,12345,9,9,9,6587,0x0000080c
EQ,4,75,ckpt,OK,2852,12345,9,9,4,4368,0x0000080c
EQ,4,76,normal,OK,2852,12345,16,47,47,19926,0x0000080c
EQ,4,76,ckpt,OK,2852,12345,16,47,13,9166,0x0000080c
EQ,4,77,normal,OK,507,12345,18,67,67,26086,0x0000080c
EQ,4,77,ckpt,OK,507,12345,18,67,22,12159,0x0000080c
EQ,4,78,normal,OK,4724,12345,25,177,177,58613,0x0000080c
EQ,4,78,ckpt,OK,4724,12345,25,177,69,27697,0x0000080c
EQ,4,79,normal,OK,2852,12345,22,90,90,34155,0x0000080c
EQ,4,79,ckpt,OK,2852,12345,22,90,31,16294,0x0000080c
EQ,4,80,normal,OK,8685,12345,24,175,175,57521,0x0000080c
EQ,4,80,ckpt,OK,8685,12345,24,175,48,21433,0x0000080c
EQ,4,81,normal,OK,8685,12345,9,12,12,7410,0x0000080c
EQ,4,81,ckpt,OK,8685,12345,9,12,3,4131,0x0000080c
EQ,4,82,normal,OK,8685,12345,12,18,18,10393,0x0000080c
EQ,4,82,ckpt,OK,8685,12345,12,18,5,5682,0x0000080c
EQ,4,83,normal,OK,8685,12345,14,23,23,12589,0x0000080c
EQ,4,83,ckpt,OK,8685,12345,14,23,9,7489,0x0000080c
EQ,4,84,normal,OK,4724,12345,21,132,132,44836,0x0000080c
EQ,4,84,ckpt,OK,4724,12345,21,132,28,15187,0x0000080c
EQ,4,85,normal,OK,4724,12345,20,91,91,33525,0x0000080c
EQ,4,85,ckpt,OK,4724,12345,20,91,29,15115,0x0000080c
EQ,4,86,normal,OK,8685,12345,21,91,91,33916,0x0000080c
EQ,4,86,ckpt,OK,8685,12345,21,91,20,13256,0x0000080c
EQ,4,87,normal,OK,4724,12345,19,89,89,32532,0x0000080c
EQ,4,87,ckpt,OK,4724,12345,19,89,20,15138,0x0000080c
EQ,4,88,normal,OK,8685,12345,16,48,48,20190,0x0000080c
EQ,4,88,ckpt,OK,8685,12345,16,48,16,10007,0x0000080c
EQ,4,89,normal,OK,507,12345,16,41,41,18377,0x0000080c
EQ,4,89,ckpt,OK,507,12345,16,41,8,7879,0x0000080c
EQ,4,90,normal,OK,8685,12345,18,54,54,22776,0x0000080c
EQ,4,90,ckpt,OK,8685,12345,18,54,24,12963,0x0000080c
EQ,4,91,normal,OK,507,12345,17,53,53,21994,0x0000080c
EQ,4,91,ckpt,OK,507,12345,17,53,18,10963,0x0000080c
EQ,4,92,normal,OK,2852,12345,11,13,13,8570,0x0000080c
EQ,4,92,ckpt,OK,2852,12345,11,13,6,5575,0x0000080c
EQ,4,93,normal,OK,8685,12345,20,96,96,34769,0x0000080c
EQ,4,93,ckpt,OK,8685,12345,20,96,25,13996,0x0000080c
EQ,4,94,normal,OK,4724,12345,19,71,71,27654,0x0000080c
EQ,4,94,ckpt,OK,4724,12345,19,71,27,13945,0x0000080c
EQ,4,95,normal,OK,8685,12345,17,47,47,20503,0x0000080c
EQ,4,95,ckpt,OK,8685,12345,17,47,18,11459,0x0000080c
EQ,4,96,normal,OK,8685,12345,19,74,74,28447,0x0000080c
EQ,4,96,ckpt,OK,8685,12345,19,74,18,11602,0x0000080c
EQ,4,97,normal,OK,2852,12345,22,124,124,43127,0x0000080c
EQ,4,97,ckpt,OK,2852,12345,22,124,28,15686,0x0000080c
EQ,4,98,normal,OK,8685,12345,20,102,102,36398,0x0000080c
EQ,4,98,ckpt,OK,8685,12345,20,102,20,12485,0x0000080c
EQ,4,99,normal,OK,8685,12345,16,42,42,18620,0x0000080c
EQ,4,99,ckpt,OK,8685,12345,16,42,14,9450,0x0000080c
EQ,16,0,normal,OK,4512,12345,11,15,15,9054,0x0000080c
EQ,16,0,ckpt,OK,4512,12345,11,15,3,4731,0x0000080c
EQ,16,1,normal,OK,507,12345,15,23,23,13144,0x0000080c
EQ,16,1,ckpt,OK,507,12345,15,23,9,10900,0x0000080c
EQ,16,2,normal,OK,10593,12345,17,56,56,22748,0x0000080c
EQ,16,2,ckpt,OK,10593,12345,17,56,16,10273,0x0000080c
EQ,16,3,normal,OK,5281,12345,18,56,56,23284,0x0000080c
EQ,16,3,ckpt,OK,5281,12345,18,56,21,12267,0x0000080c
EQ,16,4,normal,OK,4512,12345,14,27,27,13683,0x0000080c
EQ,16,4,ckpt,OK,4512,12345,14,27,7,6914,0x0000080c
EQ,16,5,normal,OK,10839,12345,15,18,18,11848,0x0000080c
EQ,16,5,ckpt,OK,10839,12345,15,18,5,6791,0x0000080c
EQ,16,6,normal,OK,3947,12345,17,68,68,25892,0x0000080c
EQ,16,6,ckpt,OK,3947,12345,17,68,18,10941,0x0000080c
EQ,16,7,normal,OK,5281,12345,12,25,25,12157,0x0000080c
EQ,16,7,ckpt,OK,5281,12345,12,25,7,6200,0x0000080c
EQ,16,8,normal,OK,2852,12345,14,32,32,15130,0x0000080c
EQ,16,8,ckpt,OK,2852,12345,14,32,7,6995,0x0000080c
EQ,16,9,normal,OK,3947,12345,12,20,20,10931,0x0000080c
EQ,16,9,ckpt,OK,3947,12345,12,20,6,5955,0x0000080c
EQ,16,10,normal,OK,14405,12345,15,35,35,16137,0x0000080c
EQ,16,10,ckpt,OK,14405,12345,15,35,11,8255,0x0000080c
EQ,16,11,normal,OK,1721,12345,17,57,57,22990,0x0000080c
EQ,16,11,ckpt,OK,1721,12345,17,57,11,9155,0x0000080c
EQ,16,12,normal,OK,5281,12345,16,28,28,14839,0x0000080c
EQ,16,12,ckpt,OK,5281,12345,16,28,12,9058,0x0000080c
EQ,16,13,normal,OK,10593,12345,16,43,43,18917,0x0000080c
EQ,16,13,ckpt,OK,10593,12345,16,43,10,8415,0x0000080c
EQ,16,14,normal,OK,4724,12345,19,71,71,27692,0x0000080c
EQ,16,14,ckpt,OK,4724,12345,19,71,17,11445,0x0000080c
EQ,16,15,normal,OK,14405,12345,21,85,85,32348,0x0000080c
EQ,16,15,ckpt,OK,14405,12345,21,85,39,18415,0x0000080c
EQ,16,16,normal,OK,10931,12345,13,30,30,14052,0x0000080c
EQ,16,16,ckpt,OK,10931,12345,13,30,8,9960,0x0000080c
EQ,16,17,normal,OK,5281,12345,11,13,13,8564,0x0000080c
EQ,16,17,ckpt,OK,5281,12345,11,13,4,5069,0x0000080c
EQ,16,18,normal,OK,5281,12345,14,27,27,13629,0x0000080c
EQ,16,18,ckpt,OK,5281,12345,14,27,9,7399,0x0000080c
EQ,16,19,normal,OK,10931,12345,21,82,82,31529,0x0000080c
EQ,16,19,ckpt,OK,10931,12345,21,82,33,16180,0x0000080c
EQ,16,20,normal,OK,10931,12345,17,58,58,23375,0x0000080c
EQ,16,20,ckpt,OK,10931,12345,17,58,13,9670,0x0000080c
EQ,16,21,normal,OK,7786,12345,19,67,67,26710,0x0000080c
EQ,16,21,ckpt,OK,7786,12345,19,67,18,11888,0x0000080c
EQ,16,22,normal,OK,491,12345,15,37,37,16857,0x0000080c
EQ,16,22,ckpt,OK,491,12345,15,37,9,7819,0x0000080c
EQ,16,23,normal,OK,8685,12345,12,21,21,11316,0x0000080c
EQ,16,23,ckpt,OK,8685,12345,12,21,7,6346,0x0000080c
EQ,16,24,normal,OK,7786,12345,16,47,47,19933,0x0000080c
EQ,16,24,ckpt,OK,7786,12345,16,47,15,9790,0x0000080c
EQ,16,25,normal,OK,491,12345,9,6,6,5741,0x0000080c
EQ,16,25,ckpt,OK,491,12345,9,6,2,3785,0x0000080c
EQ,16,26,normal,OK,4512,12345,15,29,29,14634,0x0000080c
EQ,16,26,ckpt,OK,4512,12345,15,29,10,7965,0x0000080c
EQ,16,27,normal,OK,3947,12345,14,32,32,15052,0x0000080c
EQ,16,27,ckpt,OK,3947,12345,14,32,10,7898,0x0000080c
EQ,16,28,normal,OK,5281,12345,11,17,17,9575,0x0000080c
EQ,16,28,ckpt,OK,5281,12345,11,17,5,5271,0x0000080c
EQ,16,29,normal,OK,7786,12345,14,30,30,14473,0x0000080c
EQ,16,29,ckpt,OK,7786,12345,14,30,6,6601,0x0000080c
EQ,16,30,normal,OK,3947,12345,15,26,26,13847,0x0000080c
EQ,16,30,ckpt,OK,3947,12345,15,26,7,7273,0x0000080c
EQ,16,31,normal,OK,2852,12345,14,35,35,15803,0x0000080c
EQ,16,31,ckpt,OK,2852,12345,14,35,9,7403,0x0000080c
EQ,16,32,normal,OK,5281,12345,21,70,70,28313,0x0000080c
EQ,16,32,ckpt,OK,5281,12345,21,70,26,17104,0x0000080c
EQ,16,33,normal,OK,491,12345,13,23,23,12077,0x0000080c
EQ,16,33,ckpt,OK,491,12345,13,23,6,6184,0x0000080c
EQ,16,34,normal,OK,8685,12345,11,17,17,9613,0x0000080c
EQ,16,34,ckpt,OK,8685,12345,11,17,4,5029,0x0000080c
EQ,16,35,normal,OK,10593,12345,15,30,30,14922,0x0000080c
EQ,16,35,ckpt,OK,10593,12345,15,30,12,8700,0x0000080c
EQ,16,36,normal,OK,10931,12345,7,5,5,4665,0x0000080c
EQ,16,36,ckpt,OK,10931,12345,7,5,2,3220,0x0000080c
EQ,16,37,normal,OK,491,12345,2,1,1,1192,0x0000080c
EQ,16,37,ckpt,OK,491,12345,2,1,1,1160,0x0000080c
EQ,16,38,normal,OK,15288,12345,15,40,40,17719,0x0000080c
EQ,16,38,ckpt,OK,15288,12345,15,40,9,7872,0x0000080c
EQ,16,39,normal,OK,15288,12345,18,71,71,27328,0x0000080c
EQ,16,39,ckpt,OK,15288,12345,18,71,22,12537,0x0000080c
EQ,16,40,normal,OK,507,12345,18,48,48,21170,0x0000080c
EQ,16,40,ckpt,OK,507,12345,18,48,13,10124,0x0000080c
EQ,16,41,normal,OK,491,12345,14,29,29,14194,0x0000080c
EQ,16,41,ckpt,OK,491,12345,14,29,9,7466,0x0000080c
EQ,16,42,normal,OK,4512,12345,17,57,57,22990,0x0000080c
EQ,16,42,ckpt,OK,4512,12345,17,57,15,10137,0x0000080c
EQ,16,43,normal,OK,10839,12345,8,6,6,5343,0x0000080c
EQ,16,43,ckpt,OK,10839,12345,8,6,3,3777,0x0000080c
EQ,16,44,normal,OK,2852,12345,20,93,93,33941,0x0000080c
EQ,16,44,ckpt,OK,2852,12345,20,93,21,12662,0x0000080c
EQ,16,45,normal,OK,7786,12345,12,21,21,11056,0x0000080c
EQ,16,45,ckpt,OK,7786,12345,12,21,7,6083,0x0000080c
EQ,16,46,normal,OK,5281,12345,18,68,68,26417,0x0000080c
EQ,16,46,ckpt,OK,5281,12345,18,68,18,11171,0x0000080c
EQ,16,47,normal,OK,1801,12345,15,30,30,14958,0x0000080c
EQ,16,47,ckpt,OK,1801,12345,15,30,13,8826,0x0000080c
EQ,16,48,normal,OK,15288,12345,13,13,13,9618,0x0000080c
EQ,16,48,ckpt,OK,15288,12345,13,13,6,6375,0x0000080c
EQ,16,49,normal,OK,15288,12345,16,44,44,19124,0x0000080c
EQ,16,49,ckpt,OK,15288,12345,16,44,12,8888,0x0000080c
EQ,16,50,normal,OK,8685,12345,18,48,48,21080,0x0000080c
EQ,16,50,ckpt,OK,8685,12345,18,48,16,13528,0x0000080c
EQ,16,51,normal,OK,10931,12345,16,43,43,18798,0x0000080c
EQ,16,51,ckpt,OK,10931,12345,16,43,9,8110,0x0000080c
EQ,16,52,normal,OK,10931,12345,16,43,43,18851,0x0000080c
EQ,16,52,ckpt,OK,10931,12345,16,43,15,9678,0x0000080c
EQ,16,53,normal,OK,1801,12345,17,33,33,16721,0x0000080c
EQ,16,53,ckpt,OK,1801,12345,17,33,9,8629,0x0000080c
EQ,16,54,normal,OK,5281,12345,22,121,121,42295,0x0000080c
EQ,16,54,ckpt,OK,5281,12345,22,121,29,15650,0x0000080c
EQ,16,55,normal,OK,10931,12345,16,33,33,16325,0x0000080c
EQ,16,55,ckpt,OK,10931,12345,16,33,8,8169,0x0000080c
EQ,16,56,normal,OK,10931,12345,10,10,10,7257,0x0000080c
EQ,16,56,ckpt,OK,10931,12345,10,10,3,4382,0x0000080c
EQ,16,57,normal,OK,7786,12345,17,61,61,24175,0x0000080c
EQ,16,57,ckpt,OK,7786,12345,17,61,14,9844,0x0000080c
EQ,16,58,normal,OK,1721,12345,15,37,37,16813,0x0000080c
EQ,16,58,ckpt,OK,1721,12345,15,37,12,8631,0x0000080c
EQ,16,59,normal,OK,7786,12345,16,49,49,20424,0x0000080c
EQ,16,59,ckpt,OK,7786,12345,16,49,15,9669,0x0000080c
EQ,16,60,normal,OK,7786,12345,18,84,84,30706,0x0000080c
EQ,16,60,ckpt,OK,7786,12345,18,84,23,12919,0x0000080c
EQ,16,61,normal,OK,14405,12345,21,83,83,31677,0x0000080c
EQ,16,61,ckpt,OK,14405,12345,21,83,27,15071,0x0000080c
EQ,16,62,normal,OK,491,12345,19,77,77,29315,0x0000080c
EQ,16,62,ckpt,OK,491,12345,19,77,15,10930,0x0000080c
EQ,16,63,normal,OK,7786,12345,16,42,42,18631,0x0000080c
EQ,16,63,ckpt,OK,7786,12345,16,42,11,8661,0x0000080c
EQ,16,64,normal,OK,10931,12345,16,32,32,15960,0x0000080c
EQ,16,64,ckpt,OK,10931,12345,16,32,12,12252,0x0000080c
EQ,16,65,normal,OK,10839,12345,21,67,67,27514,0x0000080c
EQ,16,65,ckpt,OK,10839,12345,21,67,27,14679,0x0000080c
EQ,16,66,normal,OK,491,12345,15,45,45,18968,0x0000080c
EQ,16,66,ckpt,OK,491,12345,15,45,12,8834,0x0000080c
EQ,16,67,normal,OK,8685,12345,16,30,30,15363,0x0000080c
EQ,16,67,ckpt,OK,8685,12345,16,30,9,8258,0x0000080c
EQ,16,68,normal,OK,3947,12345,21,81,81,31312,0x0000080c
EQ,16,68,ckpt,OK,3947,12345,21,81,31,15796,0x0000080c
EQ,16,69,normal,OK,5281,12345,17,36,36,17504,0x0000080c
EQ,16,69,ckpt,OK,5281,12345,17,36,12,9382,0x0000080c
EQ,16,70,normal,OK,2852,12345,4,3,3,2669,0x0000080c
EQ,16,70,ckpt,OK,2852,12345,4,3,1,1861,0x0000080c
EQ,16,71,normal,OK,2852,12345,16,27,27,14628,0x0000080c
EQ,16,71,ckpt,OK,2852,12345,16,27,12,9003,0x0000080c
EQ,16,72,normal,OK,491,12345,12,15,15,9554,0x0000080c
EQ,16,72,ckpt,OK,491,12345,12,15,4,5373,0x0000080c
EQ,16,73,normal,OK,1721,12345,17,35,35,17192,0x0000080c
EQ,16,73,ckpt,OK,1721,12345,17,35,10,8708,0x0000080c
EQ,16,74,normal,OK,10593,12345,10,15,15,8577,0x0000080c
EQ,16,74,ckpt,OK,10593,12345,10,15,5,4911,0x0000080c
EQ,16,75,normal,OK,15288,12345,14,31,31,14766,0x0000080c
EQ,16,75,ckpt,OK,15288,12345,14,31,6,6631,0x0000080c
EQ,16,76,normal,OK,2852,12345,10,13,13,8083,0x0000080c
EQ,16,76,ckpt,OK,2852,12345,10,13,4,4680,0x0000080c
EQ,16,77,normal,OK,8685,12345,15,31,31,15101,0x0000080c
EQ,16,77,ckpt,OK,8685,12345,15,31,9,7637,0x0000080c
EQ,16,78,normal,OK,15288,12345,17,41,41,18901,0x0000080c
EQ,16,78,ckpt,OK,15288,12345,17,41,9,8601,0x0000080c
EQ,16,79,normal,OK,491,12345,16,43,43,18816,0x0000080c
EQ,16,79,ckpt,OK,491,12345,16,43,16,9931,0x0000080c
EQ,16,80,normal,OK,491,12345,12,16,16,9863,0x0000080c
EQ,16,80,ckpt,OK,491,12345,12,16,5,8728,0x0000080c
EQ,16,81,normal,OK,8685,12345,9,12,12,7409,0x0000080c
EQ,16,81,ckpt,OK,8685,12345,9,12,3,4130,0x0000080c
EQ,16,82,normal,OK,8685,12345,12,18,18,10384,0x0000080c
EQ,16,82,ckpt,OK,8685,12345,12,18,5,5673,0x0000080c
EQ,16,83,normal,OK,2852,12345,10,12,12,7836,0x0000080c
EQ,16,83,ckpt,OK,2852,12345,10,12,5,4964,0x0000080c
EQ,16,84,normal,OK,7786,12345,18,66,66,25863,0x0000080c
EQ,16,84,ckpt,OK,7786,12345,18,66,23,12742,0x0000080c
EQ,16,85,normal,OK,2852,12345,18,44,44,20063,0x0000080c
EQ,16,85,ckpt,OK,2852,12345,18,44,17,11160,0x0000080c
EQ,16,86,normal,OK,7786,12345,15,36,36,16562,0x0000080c
EQ,16,86,ckpt,OK,7786,12345,15,36,9,8086,0x0000080c
EQ,16,87,normal,OK,7786,12345,16,46,46,19666,0x0000080c
EQ,16,87,ckpt,OK,7786,12345,16,46,13,9163,0x0000080c
EQ,16,88,normal,OK,10593,12345,16,48,48,20144,0x0000080c
EQ,16,88,ckpt,OK,10593,12345,16,48,16,9990,0x0000080c
EQ,16,89,normal,OK,5281,12345,14,27,27,13709,0x0000080c
EQ,16,89,ckpt,OK,5281,12345,14,27,8,7169,0x0000080c
EQ,16,90,normal,OK,5281,12345,18,54,54,22785,0x0000080c
EQ,16,90,ckpt,OK,5281,12345,18,54,24,12935,0x0000080c
EQ,16,91,normal,OK,10931,12345,17,53,53,22029,0x0000080c
EQ,16,91,ckpt,OK,10931,12345,17,53,18,10987,0x0000080c
EQ,16,92,normal,OK,507,12345,20,86,86,32102,0x0000080c
EQ,16,92,ckpt,OK,507,12345,20,86,25,13768,0x0000080c
EQ,16,93,normal,OK,5281,12345,15,45,45,19020,0x0000080c
EQ,16,93,ckpt,OK,5281,12345,15,45,10,8240,0x0000080c
EQ,16,94,normal,OK,1721,12345,17,40,40,18502,0x0000080c
EQ,16,94,ckpt,OK,1721,12345,17,40,14,9805,0x0000080c
EQ,16,95,normal,OK,4724,12345,10,12,12,7932,0x0000080c
EQ,16,95,ckpt,OK,4724,12345,10,12,5,5061,0x0000080c
EQ,16,96,normal,OK,4724,12345,17,42,42,19024,0x0000080c
EQ,16,96,ckpt,OK,4724,12345,17,42,11,12189,0x0000080c
EQ,16,97,normal,OK,1801,12345,16,33,33,16194,0x0000080c
EQ,16,97,ckpt,OK,1801,12345,16,33,16,10363,0x0000080c
EQ,16,98,normal,OK,1801,12345,13,20,20,11362,0x0000080c
EQ,16,98,ckpt,OK,1801,12345,13,20,7,6530,0x0000080c
EQ,16,99,normal,OK,15288,12345,21,101,101,36622,0x0000080c
EQ,16,99,ckpt,OK,15288,12345,21,101,31,15934,0x0000080c
EQ,64,0,normal,OK,2852,12345,6,4,4,3870,0x0000080c
EQ,64,0,ckpt,OK,2852,12345,6,4,2,2815,0x0000080c
EQ,64,1,normal,OK,8685,12345,13,14,14,9842,0x0000080c
EQ,64,1,ckpt,OK,8685,12345,13,14,5,6068,0x0000080c
EQ,64,2,normal,OK,8089,12345,7,3,3,4058,0x0000080c
EQ,64,2,ckpt,OK,8089,12345,7,3,2,3146,0x0000080c
EQ,64,3,normal,OK,4876,12345,13,19,19,11129,0x0000080c
EQ,64,3,ckpt,OK,4876,12345,13,19,5,6031,0x0000080c
EQ,64,4,normal,OK,4720,12345,8,4,4,4828,0x0000080c
EQ,64,4,ckpt,OK,4720,12345,8,4,2,3524,0x0000080c
EQ,64,5,normal,OK,4876,12345,18,40,40,19054,0x0000080c
EQ,64,5,ckpt,OK,4876,12345,18,40,12,9636,0x0000080c
EQ,64,6,normal,OK,7786,12345,12,24,24,11923,0x0000080c
EQ,64,6,ckpt,OK,7786,12345,12,24,6,5894,0x0000080c
EQ,64,7,normal,OK,1801,12345,12,25,25,12117,0x0000080c
EQ,64,7,ckpt,OK,1801,12345,12,25,7,6191,0x0000080c
EQ,64,8,normal,OK,3304,12345,11,13,13,8622,0x0000080c
EQ,64,8,ckpt,OK,3304,12345,11,13,5,5360,0x0000080c
EQ,64,9,normal,OK,12001,12345,1,0,0,465,0x0000080c
EQ,64,9,ckpt,OK,12001,12345,1,0,0,555,0x0000080c
EQ,64,10,normal,OK,8685,12345,5,4,4,3389,0x0000080c
EQ,64,10,ckpt,OK,8685,12345,5,4,2,2459,0x0000080c
EQ,64,11,normal,OK,682,12345,12,19,19,10528,0x0000080c
EQ,64,11,ckpt,OK,682,12345,12,19,7,6099,0x0000080c
EQ,64,12,normal,OK,26,12345,14,20,20,11868,0x0000080c
EQ,64,12,ckpt,OK,26,12345,14,20,10,7901,0x0000080c
EQ,64,13,normal,OK,9302,12345,11,17,17,9682,0x0000080c
EQ,64,13,ckpt,OK,9302,12345,11,17,4,5094,0x0000080c
EQ,64,14,normal,OK,14567,12345,12,19,19,10578,0x0000080c
EQ,64,14,ckpt,OK,14567,12345,12,19,6,5869,0x0000080c
EQ,64,15,normal,OK,7400,12345,10,7,7,6504,0x0000080c
EQ,64,15,ckpt,OK,7400,12345,10,7,4,4689,0x0000080c
EQ,64,16,normal,OK,10839,12345,13,30,30,13929,0x0000080c
EQ,64,16,ckpt,OK,10839,12345,13,30,8,10064,0x0000080c
EQ,64,17,normal,OK,6247,12345,7,6,6,4876,0x0000080c
EQ,64,17,ckpt,OK,6247,12345,7,6,2,3171,0x0000080c
EQ,64,18,normal,OK,14542,12345,9,8,8,6303,0x0000080c
EQ,64,18,ckpt,OK,14542,12345,9,8,4,4347,0x0000080c
EQ,64,19,normal,OK,4724,12345,11,16,16,9373,0x0000080c
EQ,64,19,ckpt,OK,4724,12345,11,16,6,5583,0x0000080c
EQ,64,20,normal,OK,14542,12345,13,20,20,11341,0x0000080c
EQ,64,20,ckpt,OK,14542,12345,13,20,5,5979,0x0000080c
EQ,64,21,normal,OK,11647,12345,13,18,18,10878,0x0000080c
EQ,64,21,ckpt,OK,11647,12345,13,18,6,6314,0x0000080c
EQ,64,22,normal,OK,4724,12345,8,6,6,5388,0x0000080c
EQ,64,22,ckpt,OK,4724,12345,8,6,3,3824,0x0000080c
EQ,64,23,normal,OK,16090,12345,10,13,13,8200,0x0000080c
EQ,64,23,ckpt,OK,16090,12345,10,13,5,5064,0x0000080c
EQ,64,24,normal,OK,2888,12345,3,2,2,1924,0x0000080c
EQ,64,24,ckpt,OK,2888,12345,3,2,1,1504,0x0000080c
EQ,64,25,normal,OK,3073,12345,6,3,3,3543,0x0000080c
EQ,64,25,ckpt,OK,3073,12345,6,3,2,2754,0x0000080c
EQ,64,26,normal,OK,8225,12345,12,13,13,8984,0x0000080c
EQ,64,26,ckpt,OK,8225,12345,12,13,6,5865,0x0000080c
EQ,64,27,normal,OK,173,12345,10,11,11,7570,0x0000080c
EQ,64,27,ckpt,OK,173,12345,10,11,2,4164,0x0000080c
EQ,64,28,normal,OK,10593,12345,10,14,14,8359,0x0000080c
EQ,64,28,ckpt,OK,10593,12345,10,14,5,4980,0x0000080c
EQ,64,29,normal,OK,14542,12345,7,6,6,4813,0x0000080c
EQ,64,29,ckpt,OK,14542,12345,7,6,2,3103,0x0000080c
EQ,64,30,normal,OK,3903,12345,11,11,11,8053,0x0000080c
EQ,64,30,ckpt,OK,3903,12345,11,11,3,4789,0x0000080c
EQ,64,31,normal,OK,160,12345,11,19,19,10157,0x0000080c
EQ,64,31,ckpt,OK,160,12345,11,19,5,5305,0x0000080c
EQ,64,32,normal,OK,4720,12345,2,1,1,1208,0x0000080c
EQ,64,32,ckpt,OK,4720,12345,2,1,1,1178,0x0000080c
EQ,64,33,normal,OK,160,12345,4,1,1,2088,0x0000080c
EQ,64,33,ckpt,OK,160,12345,4,1,1,1808,0x0000080c
EQ,64,34,normal,OK,6247,12345,10,13,13,8087,0x0000080c
EQ,64,34,ckpt,OK,6247,12345,10,13,4,4687,0x0000080c
EQ,64,35,normal,OK,7400,12345,13,18,18,10793,0x0000080c
EQ,64,35,ckpt,OK,7400,12345,13,18,8,6753,0x0000080c
EQ,64,36,normal,OK,5531,12345,14,23,23,12694,0x0000080c
EQ,64,36,ckpt,OK,5531,12345,14,23,9,7474,0x0000080c
EQ,64,37,normal,OK,8225,12345,16,28,28,14868,0x0000080c
EQ,64,37,ckpt,OK,8225,12345,16,28,9,8439,0x0000080c
EQ,64,38,normal,OK,10931,12345,10,17,17,9277,0x0000080c
EQ,64,38,ckpt,OK,10931,12345,10,17,5,5081,0x0000080c
EQ,64,39,normal,OK,2888,12345,11,13,13,8672,0x0000080c
EQ,64,39,ckpt,OK,2888,12345,11,13,3,4878,0x0000080c
EQ,64,40,normal,OK,11272,12345,10,9,9,7026,0x0000080c
EQ,64,40,ckpt,OK,11272,12345,10,9,4,7868,0x0000080c
EQ,64,41,normal,OK,4512,12345,6,5,5,4090,0x0000080c
EQ,64,41,ckpt,OK,4512,12345,6,5,2,2769,0x0000080c
EQ,64,42,normal,OK,507,12345,10,8,8,6749,0x0000080c
EQ,64,42,ckpt,OK,507,12345,10,8,5,4935,0x0000080c
EQ,64,43,normal,OK,11272,12345,10,12,12,7833,0x0000080c
EQ,64,43,ckpt,OK,11272,12345,10,12,5,4963,0x0000080c
EQ,64,44,normal,OK,7400,12345,11,8,8,7234,0x0000080c
EQ,64,44,ckpt,OK,7400,12345,11,8,3,4766,0x0000080c
EQ,64,45,normal,OK,7786,12345,11,14,14,8770,0x0000080c
EQ,64,45,ckpt,OK,7786,12345,11,14,4,4979,0x0000080c
EQ,64,46,normal,OK,6247,12345,9,10,10,6829,0x0000080c
EQ,64,46,ckpt,OK,6247,12345,9,10,4,4343,0x0000080c
EQ,64,47,normal,OK,5200,12345,15,30,30,14938,0x0000080c
EQ,64,47,ckpt,OK,5200,12345,15,30,13,8806,0x0000080c
EQ,64,48,normal,OK,15288,12345,13,13,13,9585,0x0000080c
EQ,64,48,ckpt,OK,15288,12345,13,13,6,6342,0x0000080c
EQ,64,49,normal,OK,10234,12345,11,11,11,8076,0x0000080c
EQ,64,49,ckpt,OK,10234,12345,11,11,5,5342,0x0000080c
EQ,64,50,normal,OK,1038,12345,16,32,32,15840,0x0000080c
EQ,64,50,ckpt,OK,1038,12345,16,32,12,8807,0x0000080c
EQ,64,51,normal,OK,14405,12345,8,10,10,6281,0x0000080c
EQ,64,51,ckpt,OK,14405,12345,8,10,3,3654,0x0000080c
EQ,64,52,normal,OK,16090,12345,16,43,43,18921,0x0000080c
EQ,64,52,ckpt,OK,16090,12345,16,43,15,9748,0x0000080c
EQ,64,53,normal,OK,15469,12345,13,21,21,11569,0x0000080c
EQ,64,53,ckpt,OK,15469,12345,13,21,7,6471,0x0000080c
EQ,64,54,normal,OK,14405,12345,9,13,13,7564,0x0000080c
EQ,64,54,ckpt,OK,14405,12345,9,13,4,4283,0x0000080c
EQ,64,55,normal,OK,11647,12345,2,1,1,1222,0x0000080c
EQ,64,55,ckpt,OK,11647,12345,2,1,1,1192,0x0000080c
EQ,64,56,normal,OK,7786,12345,7,4,4,4265,0x0000080c
EQ,64,56,ckpt,OK,7786,12345,7,4,2,3085,0x0000080c
EQ,64,57,normal,OK,3876,12345,12,15,15,9598,0x0000080c
EQ,64,57,ckpt,OK,3876,12345,12,15,5,5682,0x0000080c
EQ,64,58,normal,OK,8225,12345,5,4,4,3379,0x0000080c
EQ,64,58,ckpt,OK,8225,12345,5,4,2,2450,0x0000080c
EQ,64,59,normal,OK,8225,12345,11,14,14,8925,0x0000080c
EQ,64,59,ckpt,OK,8225,12345,11,14,4,5144,0x0000080c
EQ,64,60,normal,OK,3903,12345,2,1,1,1215,0x0000080c
EQ,64,60,ckpt,OK,3903,12345,2,1,1,1183,0x0000080c
EQ,64,61,normal,OK,13012,12345,10,13,13,8131,0x0000080c
EQ,64,61,ckpt,OK,13012,12345,10,13,3,4461,0x0000080c
EQ,64,62,normal,OK,15288,12345,5,4,4,3432,0x0000080c
EQ,64,62,ckpt,OK,15288,12345,5,4,2,2501,0x0000080c
EQ,64,63,normal,OK,14567,12345,10,11,11,7527,0x0000080c
EQ,64,63,ckpt,OK,14567,12345,10,11,5,4918,0x0000080c
EQ,64,64,normal,OK,1801,12345,10,10,10,7314,0x0000080c
EQ,64,64,ckpt,OK,1801,12345,10,10,4,7799,0x0000080c
EQ,64,65,normal,OK,26,12345,15,28,28,14348,0x0000080c
EQ,64,65,ckpt,OK,26,12345,15,28,7,7151,0x0000080c
EQ,64,66,normal,OK,9302,12345,13,26,26,13011,0x0000080c
EQ,64,66,ckpt,OK,9302,12345,13,26,8,6966,0x0000080c
EQ,64,67,normal,OK,682,12345,11,15,15,9033,0x0000080c
EQ,64,67,ckpt,OK,682,12345,11,15,5,5243,0x0000080c
EQ,64,68,normal,OK,1825,12345,12,24,24,11959,0x0000080c
EQ,64,68,ckpt,OK,1825,12345,12,24,6,5928,0x0000080c
EQ,64,69,normal,OK,8225,12345,15,23,23,13048,0x0000080c
EQ,64,69,ckpt,OK,8225,12345,15,23,5,6642,0x0000080c
EQ,64,70,normal,OK,5531,12345,15,40,40,17610,0x0000080c
EQ,64,70,ckpt,OK,5531,12345,15,40,12,8778,0x0000080c
EQ,64,71,normal,OK,2852,12345,16,27,27,14597,0x0000080c
EQ,64,71,ckpt,OK,2852,12345,16,27,12,8971,0x0000080c
EQ,64,72,normal,OK,13048,12345,13,20,20,11316,0x0000080c
EQ,64,72,ckpt,OK,13048,12345,13,20,5,6005,0x0000080c
EQ,64,73,normal,OK,701,12345,17,35,35,17188,0x0000080c
EQ,64,73,ckpt,OK,701,12345,17,35,10,8704,0x0000080c
EQ,64,74,normal,OK,507,12345,16,48,48,20141,0x0000080c
EQ,64,74,ckpt,OK,507,12345,16,48,13,9112,0x0000080c
EQ,64,75,normal,OK,10812,12345,7,5,5,4536,0x0000080c
EQ,64,75,ckpt,OK,10812,12345,7,5,1,2826,0x0000080c
EQ,64,76,normal,OK,1801,12345,15,36,36,16501,0x0000080c
EQ,64,76,ckpt,OK,1801,12345,15,36,12,8513,0x0000080c
EQ,64,77,normal,OK,701,12345,8,8,8,5803,0x0000080c
EQ,64,77,ckpt,OK,701,12345,8,8,3,3708,0x0000080c
EQ,64,78,normal,OK,5281,12345,6,5,5,4103,0x0000080c
EQ,64,78,ckpt,OK,5281,12345,6,5,2,2782,0x0000080c
EQ,64,79,normal,OK,8089,12345,16,43,43,18866,0x0000080c
EQ,64,79,ckpt,OK,8089,12345,16,43,16,10004,0x0000080c
EQ,64,80,normal,OK,8799,12345,8,4,4,4814,0x0000080c
EQ,64,80,ckpt,OK,8799,12345,8,4,2,3510,0x0000080c
EQ,64,81,normal,OK,7786,12345,7,6,6,4886,0x0000080c
EQ,64,81,ckpt,OK,7786,12345,7,6,2,3178,0x0000080c
EQ,64,82,normal,OK,10234,12345,11,15,15,9144,0x0000080c
EQ,64,82,ckpt,OK,10234,12345,11,15,5,5352,0x0000080c
EQ,64,83,normal,OK,5270,12345,14,23,23,12638,0x0000080c
EQ,64,83,ckpt,OK,5270,12345,14,23,9,10793,0x0000080c
EQ,64,84,normal,OK,14494,12345,3,1,1,1691,0x0000080c
EQ,64,84,ckpt,OK,14494,12345,3,1,1,1535,0x0000080c
EQ,64,85,normal,OK,5200,12345,10,13,13,8109,0x0000080c
EQ,64,85,ckpt,OK,5200,12345,10,13,3,4444,0x0000080c
EQ,64,86,normal,OK,586,12345,12,19,19,10696,0x0000080c
EQ,64,86,ckpt,OK,586,12345,12,19,6,6181,0x0000080c
EQ,64,87,normal,OK,10593,12345,13,23,23,12176,0x0000080c
EQ,64,87,ckpt,OK,10593,12345,13,23,8,6811,0x0000080c
EQ,64,88,normal,OK,7786,12345,13,25,25,12683,0x0000080c
EQ,64,88,ckpt,OK,7786,12345,13,25,6,6267,0x0000080c
EQ,64,89,normal,OK,10931,12345,10,13,13,8203,0x0000080c
EQ,64,89,ckpt,OK,10931,12345,10,13,5,5068,0x0000080c
EQ,64,90,normal,OK,16090,12345,13,12,12,9332,0x0000080c
EQ,64,90,ckpt,OK,16090,12345,13,12,6,6350,0x0000080c
EQ,64,91,normal,OK,13048,12345,14,18,18,11361,0x0000080c
EQ,64,91,ckpt,OK,13048,12345,14,18,8,7311,0x0000080c
EQ,64,92,normal,OK,5341,12345,3,1,1,1667,0x0000080c
EQ,64,92,ckpt,OK,5341,12345,3,1,1,1513,0x0000080c
EQ,64,93,normal,OK,13012,12345,10,14,14,8393,0x0000080c
EQ,64,93,ckpt,OK,13012,12345,10,14,3,4459,0x0000080c
EQ,64,94,normal,OK,507,12345,13,21,21,11620,0x0000080c
EQ,64,94,ckpt,OK,507,12345,13,21,7,6591,0x0000080c
EQ,64,95,normal,OK,507,12345,20,75,75,29260,0x0000080c
EQ,64,95,ckpt,OK,507,12345,20,75,25,14294,0x0000080c
EQ,64,96,normal,OK,13012,12345,14,21,21,12072,0x0000080c
EQ,64,96,ckpt,OK,13012,12345,14,21,6,6587,0x0000080c
EQ,64,97,normal,OK,1801,12345,16,33,33,16283,0x0000080c
EQ,64,97,ckpt,OK,1801,12345,16,33,16,10463,0x0000080c
EQ,64,98,normal,OK,491,12345,10,7,7,6455,0x0000080c
EQ,64,98,ckpt,OK,491,12345,10,7,2,4109,0x0000080c
EQ,64,99,normal,OK,5531,12345,6,4,4,3880,0x0000080c
EQ,64,99,ckpt,OK,5531,12345,6,4,2,2830,0x0000080c
EQ,256,0,normal,OK,15288,12345,8,7,7,5597,0x0000080c
EQ,256,0,ckpt,OK,15288,12345,8,7,3,3766,0x0000080c
EQ,256,1,normal,OK,5849,12345,5,2,2,2878,0x0000080c
EQ,256,1,ckpt,OK,5849,12345,5,2,1,2210,0x0000080c
EQ,256,2,normal,OK,8081,12345,7,3,3,4055,0x0000080c
EQ,256,2,ckpt,OK,8081,12345,7,3,2,3143,0x0000080c
EQ,256,3,normal,OK,16060,12345,9,8,8,6322,0x0000080c
EQ,256,3,ckpt,OK,16060,12345,9,8,4,4368,0x0000080c
EQ,256,4,normal,OK,12680,12345,12,17,17,10072,0x0000080c
EQ,256,4,ckpt,OK,12680,12345,12,17,7,6201,0x0000080c
EQ,256,5,normal,OK,7233,12345,10,5,5,6050,0x0000080c
EQ,256,5,ckpt,OK,7233,12345,10,5,2,4236,0x0000080c
EQ,256,6,normal,OK,3716,12345,7,7,7,5078,0x0000080c
EQ,256,6,ckpt,OK,3716,12345,7,7,2,6385,0x0000080c
EQ,256,7,normal,OK,3545,12345,8,8,8,5792,0x0000080c
EQ,256,7,ckpt,OK,3545,12345,8,8,3,3695,0x0000080c
EQ,256,8,normal,OK,11907,12345,10,8,8,6828,0x0000080c
EQ,256,8,ckpt,OK,11907,12345,10,8,4,4748,0x0000080c
EQ,256,9,normal,OK,12001,12345,1,0,0,465,0x0000080c
EQ,256,9,ckpt,OK,12001,12345,1,0,0,555,0x0000080c
EQ,256,10,normal,OK,5451,12345,4,2,2,2390,0x0000080c
EQ,256,10,ckpt,OK,5451,12345,4,2,1,1847,0x0000080c
EQ,256,11,normal,OK,873,12345,12,19,19,10593,0x0000080c
EQ,256,11,ckpt,OK,873,12345,12,19,7,6164,0x0000080c
EQ,256,12,normal,OK,90,12345,5,3,3,3122,0x0000080c
EQ,256,12,ckpt,OK,90,12345,5,3,2,2457,0x0000080c
EQ,256,13,normal,OK,7326,12345,6,5,5,4119,0x0000080c
EQ,256,13,ckpt,OK,7326,12345,6,5,2,2799,0x0000080c
EQ,256,14,normal,OK,1930,12345,6,7,7,4679,0x0000080c
EQ,256,14,ckpt,OK,1930,12345,6,7,2,2828,0x0000080c
EQ,256,15,normal,OK,13448,12345,9,3,3,4964,0x0000080c
EQ,256,15,ckpt,OK,13448,12345,9,3,2,3801,0x0000080c
EQ,256,16,normal,OK,12329,12345,6,4,4,3823,0x0000080c
EQ,256,16,ckpt,OK,12329,12345,6,4,2,2769,0x0000080c
EQ,256,17,normal,OK,6247,12345,7,6,6,4850,0x0000080c
EQ,256,17,ckpt,OK,6247,12345,7,6,2,3145,0x0000080c
EQ,256,18,normal,OK,4389,12345,7,4,4,4303,0x0000080c
EQ,256,18,ckpt,OK,4389,12345,7,4,1,2856,0x0000080c
EQ,256,19,normal,OK,13749,12345,7,3,3,4008,0x0000080c
EQ,256,19,ckpt,OK,13749,12345,7,3,2,3093,0x0000080c
EQ,256,20,normal,OK,6940,12345,9,9,9,6589,0x0000080c
EQ,256,20,ckpt,OK,6940,12345,9,9,4,4371,0x0000080c
EQ,256,21,normal,OK,2302,12345,9,4,4,5301,0x0000080c
EQ,256,21,ckpt,OK,2302,12345,9,4,4,4409,0x0000080c
EQ,256,22,normal,OK,7844,12345,9,7,7,6053,0x0000080c
EQ,256,22,ckpt,OK,7844,12345,9,7,3,4100,0x0000080c
EQ,256,23,normal,OK,6733,12345,5,4,4,3388,0x0000080c
EQ,256,23,ckpt,OK,6733,12345,5,4,2,2458,0x0000080c
EQ,256,24,normal,OK,4724,12345,8,10,10,6356,0x0000080c
EQ,256,24,ckpt,OK,4724,12345,8,10,3,3730,0x0000080c
EQ,256,25,normal,OK,9555,12345,12,14,14,9314,0x0000080c
EQ,256,25,ckpt,OK,9555,12345,12,14,5,5665,0x0000080c
EQ,256,26,normal,OK,6702,12345,9,6,6,5674,0x0000080c
EQ,256,26,ckpt,OK,6702,12345,9,6,2,3716,0x0000080c
EQ,256,27,normal,OK,10532,12345,6,4,4,3848,0x0000080c
EQ,256,27,ckpt,OK,10532,12345,6,4,2,2793,0x0000080c
EQ,256,28,normal,OK,314,12345,8,7,7,5587,0x0000080c
EQ,256,28,ckpt,OK,314,12345,8,7,2,3492,0x0000080c
EQ,256,29,normal,OK,14410,12345,7,6,6,4823,0x0000080c
EQ,256,29,ckpt,OK,14410,12345,7,6,2,3113,0x0000080c
EQ,256,30,normal,OK,4956,12345,9,7,7,6086,0x0000080c
EQ,256,30,ckpt,OK,4956,12345,9,7,3,4130,0x0000080c
EQ,256,31,normal,OK,15859,12345,9,10,10,6858,0x0000080c
EQ,256,31,ckpt,OK,15859,12345,9,10,4,4372,0x0000080c
EQ,256,32,normal,OK,11246,12345,10,12,12,7879,0x0000080c
EQ,256,32,ckpt,OK,11246,12345,10,12,4,4741,0x0000080c
EQ,256,33,normal,OK,825,12345,8,8,8,5846,0x0000080c
EQ,256,33,ckpt,OK,825,12345,8,8,3,3749,0x0000080c
EQ,256,34,normal,OK,10842,12345,7,5,5,4583,0x0000080c
EQ,256,34,ckpt,OK,10842,12345,7,5,2,3141,0x0000080c
EQ,256,35,normal,OK,9972,12345,6,6,6,4368,0x0000080c
EQ,256,35,ckpt,OK,9972,12345,6,6,2,2784,0x0000080c
EQ,256,36,normal,OK,16297,12345,6,3,3,3654,0x0000080c
EQ,256,36,ckpt,OK,16297,12345,6,3,2,2863,0x0000080c
EQ,256,37,normal,OK,1456,12345,5,4,4,3411,0x0000080c
EQ,256,37,ckpt,OK,1456,12345,5,4,2,2479,0x0000080c
EQ,256,38,normal,OK,11990,12345,6,5,5,4148,0x0000080c
EQ,256,38,ckpt,OK,11990,12345,6,5,2,2829,0x0000080c
EQ,256,39,normal,OK,10839,12345,4,2,2,2407,0x0000080c
EQ,256,39,ckpt,OK,10839,12345,4,2,1,1862,0x0000080c
EQ,256,40,normal,OK,586,12345,5,4,4,3364,0x0000080c
EQ,256,40,ckpt,OK,586,12345,5,4,2,2432,0x0000080c
EQ,256,41,normal,OK,7400,12345,5,4,4,3366,0x0000080c
EQ,256,41,ckpt,OK,7400,12345,5,4,2,2434,0x0000080c
EQ,256,42,normal,OK,507,12345,10,8,8,6757,0x0000080c
EQ,256,42,ckpt,OK,507,12345,10,8,5,4943,0x0000080c
EQ,256,43,normal,OK,160,12345,6,3,3,3555,0x0000080c
EQ,256,43,ckpt,OK,160,12345,6,3,1,2498,0x0000080c
EQ,256,44,normal,OK,7400,12345,11,8,8,7200,0x0000080c
EQ,256,44,ckpt,OK,7400,12345,11,8,3,4732,0x0000080c
EQ,256,45,normal,OK,8996,12345,6,4,4,3832,0x0000080c
EQ,256,45,ckpt,OK,8996,12345,6,4,2,2777,0x0000080c
EQ,256,46,normal,OK,15586,12345,8,6,6,5279,0x0000080c
EQ,256,46,ckpt,OK,15586,12345,8,6,2,3445,0x0000080c
EQ,256,47,normal,OK,56,12345,9,6,6,5792,0x0000080c
EQ,256,47,ckpt,OK,56,12345,9,6,3,4104,0x0000080c
EQ,256,48,normal,OK,10265,12345,11,7,7,7053,0x0000080c
EQ,256,48,ckpt,OK,10265,12345,11,7,4,5114,0x0000080c
EQ,256,49,normal,OK,5281,12345,9,6,6,5780,0x0000080c
EQ,256,49,ckpt,OK,5281,12345,9,6,2,3822,0x0000080c
EQ,256,50,normal,OK,2160,12345,13,15,15,9935,0x0000080c
EQ,256,50,ckpt,OK,2160,12345,13,15,6,6170,0x0000080c
EQ,256,51,normal,OK,6300,12345,5,4,4,3336,0x0000080c
EQ,256,51,ckpt,OK,6300,12345,5,4,2,2404,0x0000080c
EQ,256,52,normal,OK,13448,12345,3,1,1,1658,0x0000080c
EQ,256,52,ckpt,OK,13448,12345,3,1,1,1503,0x0000080c
EQ,256,53,normal,OK,8799,12345,9,7,7,6075,0x0000080c
EQ,256,53,ckpt,OK,8799,12345,9,7,3,4119,0x0000080c
EQ,256,54,normal,OK,7615,12345,4,2,2,2356,0x0000080c
EQ,256,54,ckpt,OK,7615,12345,4,2,1,1811,0x0000080c
EQ,256,55,normal,OK,12785,12345,4,2,2,2410,0x0000080c
EQ,256,55,ckpt,OK,12785,12345,4,2,1,1867,0x0000080c
EQ,256,56,normal,OK,7780,12345,7,4,4,4280,0x0000080c
EQ,256,56,ckpt,OK,7780,12345,7,4,2,3100,0x0000080c
EQ,256,57,normal,OK,9459,12345,7,2,2,3802,0x0000080c
EQ,256,57,ckpt,OK,9459,12345,7,2,2,3154,0x0000080c
EQ,256,58,normal,OK,8225,12345,5,4,4,3397,0x0000080c
EQ,256,58,ckpt,OK,8225,12345,5,4,2,2468,0x0000080c
EQ,256,59,normal,OK,4389,12345,6,5,5,4167,0x0000080c
EQ,256,59,ckpt,OK,4389,12345,6,5,2,2846,0x0000080c
EQ,256,60,normal,OK,11343,12345,9,10,10,6850,0x0000080c
EQ,256,60,ckpt,OK,11343,12345,9,10,4,4364,0x0000080c
EQ,256,61,normal,OK,12329,12345,11,17,17,9675,0x0000080c
EQ,256,61,ckpt,OK,12329,12345,11,17,4,5088,0x0000080c
EQ,256,62,normal,OK,5666,12345,10,13,13,8143,0x0000080c
EQ,256,62,ckpt,OK,5666,12345,10,13,5,5006,0x0000080c
EQ,256,63,normal,OK,14388,12345,10,11,11,7544,0x0000080c
EQ,256,63,ckpt,OK,14388,12345,10,11,5,4935,0x0000080c
EQ,256,64,normal,OK,3410,12345,8,4,4,4810,0x0000080c
EQ,256,64,ckpt,OK,3410,12345,8,4,2,3506,0x0000080c
EQ,256,65,normal,OK,10195,12345,6,3,3,3581,0x0000080c
EQ,256,65,ckpt,OK,10195,12345,6,3,2,2792,0x0000080c
EQ,256,66,normal,OK,1133,12345,6,2,2,3329,0x0000080c
EQ,256,66,ckpt,OK,1133,12345,6,2,1,2537,0x0000080c
EQ,256,67,normal,OK,5270,12345,10,10,10,7310,0x0000080c
EQ,256,67,ckpt,OK,5270,12345,10,10,4,4702,0x0000080c
EQ,256,68,normal,OK,8996,12345,8,6,6,5340,0x0000080c
EQ,256,68,ckpt,OK,8996,12345,8,6,2,3509,0x0000080c
EQ,256,69,normal,OK,15374,12345,7,3,3,4056,0x0000080c
EQ,256,69,ckpt,OK,15374,12345,7,3,2,3141,0x0000080c
EQ,256,70,normal,OK,2789,12345,4,3,3,2634,0x0000080c
EQ,256,70,ckpt,OK,2789,12345,4,3,1,1826,0x0000080c
EQ,256,71,normal,OK,15233,12345,8,6,6,5301,0x0000080c
EQ,256,71,ckpt,OK,15233,12345,8,6,2,3468,0x0000080c
EQ,256,72,normal,OK,1859,12345,7,4,4,4289,0x0000080c
EQ,256,72,ckpt,OK,1859,12345,7,4,1,2844,0x0000080c
EQ,256,73,normal,OK,9230,12345,7,6,6,4805,0x0000080c
EQ,256,73,ckpt,OK,9230,12345,7,6,2,3096,0x0000080c
EQ,256,74,normal,OK,2442,12345,6,2,2,3299,0x0000080c
EQ,256,74,ckpt,OK,2442,12345,6,2,1,2508,0x0000080c
EQ,256,75,normal,OK,14410,12345,2,1,1,1161,0x0000080c
EQ,256,75,ckpt,OK,14410,12345,2,1,1,1131,0x0000080c
EQ,256,76,normal,OK,13239,12345,9,10,10,6764,0x0000080c
EQ,256,76,ckpt,OK,13239,12345,9,10,4,4280,0x0000080c
EQ,256,77,normal,OK,9230,12345,7,5,5,4506,0x0000080c
EQ,256,77,ckpt,OK,9230,12345,7,5,2,3063,0x0000080c
EQ,256,78,normal,OK,3237,12345,2,1,1,1192,0x0000080c
EQ,256,78,ckpt,OK,3237,12345,2,1,1,1160,0x0000080c
EQ,256,79,normal,OK,11111,12345,2,1,1,1193,0x0000080c
EQ,256,79,ckpt,OK,11111,12345,2,1,1,1164,0x0000080c
EQ,256,80,normal,OK,8089,12345,10,10,10,7333,0x0000080c
EQ,256,80,ckpt,OK,8089,12345,10,10,5,4992,0x0000080c
EQ,256,81,normal,OK,9492,12345,6,4,4,3888,0x0000080c
EQ,256,81,ckpt,OK,9492,12345,6,4,1,2567,0x0000080c
EQ,256,82,normal,OK,14992,12345,3,1,1,1710,0x0000080c
EQ,256,82,ckpt,OK,14992,12345,3,1,1,1554,0x0000080c
EQ,256,83,normal,OK,15859,12345,3,2,2,1948,0x0000080c
EQ,256,83,ckpt,OK,15859,12345,3,2,1,1528,0x0000080c
EQ,256,84,normal,OK,10082,12345,6,4,4,3859,0x0000080c
EQ,256,84,ckpt,OK,10082,12345,6,4,1,2536,0x0000080c
EQ,256,85,normal,OK,8851,12345,9,10,10,6857,0x0000080c
EQ,256,85,ckpt,OK,8851,12345,9,10,3,4111,0x0000080c
EQ,256,86,normal,OK,10812,12345,11,13,13,8636,0x0000080c
EQ,256,86,ckpt,OK,10812,12345,11,13,4,5301,0x0000080c
EQ,256,87,normal,OK,6247,12345,12,15,15,9563,0x0000080c
EQ,256,87,ckpt,OK,6247,12345,12,15,5,5645,0x0000080c
EQ,256,88,normal,OK,1038,12345,6,3,3,3574,0x0000080c
EQ,256,88,ckpt,OK,1038,12345,6,3,1,2517,0x0000080c
EQ,256,89,normal,OK,10532,12345,10,13,13,8144,0x0000080c
EQ,256,89,ckpt,OK,10532,12345,10,13,5,5009,0x0000080c
EQ,256,90,normal,OK,15943,12345,13,12,12,9303,0x0000080c
EQ,256,90,ckpt,OK,15943,12345,13,12,6,6321,0x0000080c
EQ,256,91,normal,OK,9960,12345,4,1,1,2140,0x0000080c
EQ,256,91,ckpt,OK,9960,12345,4,1,1,1861,0x0000080c
EQ,256,92,normal,OK,8081,12345,4,1,1,2131,0x0000080c
EQ,256,92,ckpt,OK,8081,12345,4,1,1,1853,0x0000080c
EQ,256,93,normal,OK,12684,12345,10,14,14,8327,0x0000080c
EQ,256,93,ckpt,OK,12684,12345,10,14,3,4393,0x0000080c
EQ,256,94,normal,OK,2888,12345,7,3,3,4009,0x0000080c
EQ,256,94,ckpt,OK,2888,12345,7,3,1,2827,0x0000080c
EQ,256,95,normal,OK,2852,12345,9,7,7,6079,0x0000080c
EQ,256,95,ckpt,OK,2852,12345,9,7,2,3858,0x0000080c
EQ,256,96,normal,OK,1456,12345,4,2,2,2371,0x0000080c
EQ,256,96,ckpt,OK,1456,12345,4,2,1,1828,0x0000080c
EQ,256,97,normal,OK,13286,12345,6,3,3,3617,0x0000080c
EQ,256,97,ckpt,OK,13286,12345,6,3,1,2559,0x0000080c
EQ,256,98,normal,OK,10964,12345,2,1,1,1208,0x0000080c
EQ,256,98,ckpt,OK,10964,12345,2,1,1,1177,0x0000080c
EQ,256,99,normal,OK,2852,12345,5,2,2,2856,0x0000080c
EQ,256,99,ckpt,OK,2852,12345,5,2,1,2193,0x0000080c
RANGE,1,0,normal,OK,16227,-1474,21,119,119,41339,0x0000080c
RANGE,1,0,ckpt,OK,16227,-1474,21,119,38,20938,0x0000080c
RANGE,1,1,normal,OK,16227,-1474,25,259,259,80265,0x0000080c
RANGE,1,1,ckpt,OK,16227,-1474,25,259,87,31977,0x0000080c
RANGE,1,2,normal,OK,16227,-1474,14,34,34,15526,0x0000080c
RANGE,1,2,ckpt,OK,16227,-1474,14,34,9,7394,0x0000080c
RANGE,1,3,normal,OK,16227,-1474,9,8,8,6355,0x0000080c
RANGE,1,3,ckpt,OK,16227,-1474,9,8,4,4401,0x0000080c
RANGE,1,4,normal,OK,16227,-1474,28,417,417,123603,0x0000080c
RANGE,1,4,ckpt,OK,16227,-1474,28,417,69,28815,0x0000080c
RANGE,1,5,normal,OK,16227,-1474,27,221,221,71282,0x0000080c
RANGE,1,5,ckpt,OK,16227,-1474,27,221,68,28151,0x0000080c
RANGE,1,6,normal,OK,16227,-1474,25,258,258,80037,0x0000080c
RANGE,1,6,ckpt,OK,16227,-1474,25,258,58,24838,0x0000080c
RANGE,1,7,normal,OK,16227,-1474,27,351,351,105706,0x0000080c
RANGE,1,7,ckpt,OK,16227,-1474,27,351,65,27135,0x0000080c
RANGE,1,8,normal,OK,16227,-1474,20,93,93,34056,0x0000080c
RANGE,1,8,ckpt,OK,16227,-1474,20,93,26,14283,0x0000080c
RANGE,1,9,normal,OK,16227,-1474,25,189,189,61781,0x0000080c
RANGE,1,9,ckpt,OK,16227,-1474,25,189,68,27146,0x0000080c
RANGE,1,10,normal,OK,16227,-1474,28,357,357,107714,0x0000080c
RANGE,1,10,ckpt,OK,16227,-1474,28,357,122,44948,0x0000080c
RANGE,1,11,normal,OK,16227,-1474,22,152,152,50503,0x0000080c
RANGE,1,11,ckpt,OK,16227,-1474,22,152,45,20005,0x0000080c
RANGE,1,12,normal,OK,16227,-1474,19,51,51,22382,0x0000080c
RANGE,1,12,ckpt,OK,16227,-1474,19,51,15,10925,0x0000080c
RANGE,1,13,normal,OK,16227,-1474,22,128,128,44290,0x0000080c
RANGE,1,13,ckpt,OK,16227,-1474,22,128,44,19773,0x0000080c
RANGE,1,14,normal,OK,16227,-1474,24,171,171,56628,0x0000080c
RANGE,1,14,ckpt,OK,16227,-1474,24,171,53,22869,0x0000080c
RANGE,1,15,normal,OK,16227,-1474,13,18,18,10832,0x0000080c
RANGE,1,15,ckpt,OK,16227,-1474,13,18,6,6264,0x0000080c
RANGE,1,16,normal,OK,16227,-1474,19,80,80,30092,0x0000080c
RANGE,1,16,ckpt,OK,16227,-1474,19,80,13,10324,0x0000080c
RANGE,1,17,normal,OK,16227,-1474,28,359,359,108104,0x0000088c
RANGE,1,17,ckpt,OK,16227,-1474,28,359,127,44184,0x0000088c
RANGE,1,18,normal,OK,16227,-1474,24,216,216,68488,0x0000080c
RANGE,1,18,ckpt,OK,16227,-1474,24,216,73,28161,0x0000080c
RANGE,1,19,normal,OK,16227,-1474,21,82,82,31549,0x0000080c
RANGE,1,19,ckpt,OK,16227,-1474,21,82,33,16202,0x0000080c
RANGE,1,20,normal,OK,16227,-1474,26,213,213,68550,0x0000080c
RANGE,1,20,ckpt,OK,16227,-1474,26,213,68,27326,0x0000080c
RANGE,1,21,normal,OK,16227,-1474,27,295,295,90876,0x0000080c
RANGE,1,21,ckpt,OK,16227,-1474,27,295,102,40137,0x0000080c
RANGE,1,22,normal,OK,16227,-1474,22,117,117,41255,0x0000080c
RANGE,1,22,ckpt,OK,16227,-1474,22,117,24,14541,0x0000080c
RANGE,1,23,normal,OK,16227,-1474,10,13,13,8161,0x0000080c
RANGE,1,23,ckpt,OK,16227,-1474,10,13,5,5025,0x0000080c
RANGE,1,24,normal,OK,16227,-1474,24,291,291,88285,0x0000080c
RANGE,1,24,ckpt,OK,16227,-1474,24,291,64,25552,0x0000080c
RANGE,1,25,normal,OK,16227,-1474,19,77,77,29249,0x0000080c
RANGE,1,25,ckpt,OK,16227,-1474,19,77,22,12722,0x0000080c
RANGE,1,26,normal,OK,16227,-1474,23,140,140,47694,0x0000080c
RANGE,1,26,ckpt,OK,16227,-1474,23,140,48,20700,0x0000080c
RANGE,1,27,normal,OK,16227,-1474,7,6,6,4861,0x0000080c
RANGE,1,27,ckpt,OK,16227,-1474,7,6,2,3152,0x0000080c
RANGE,1,28,normal,OK,16227,-1474,21,89,89,33421,0x0000080c
RANGE,1,28,ckpt,OK,16227,-1474,21,89,21,13170,0x0000080c
RANGE,1,29,normal,OK,16227,-1474,23,211,211,66644,0x0000080c
RANGE,1,29,ckpt,OK,16227,-1474,23,211,53,22258,0x0000080c
RANGE,1,30,normal,OK,16227,-1474,20,80,80,30488,0x0000080c
RANGE,1,30,ckpt,OK,16227,-1474,20,80,26,14356,0x0000080c
RANGE,1,31,normal,OK,16227,-1474,21,106,106,37972,0x0000080c
RANGE,1,31,ckpt,OK,16227,-1474,21,106,43,19099,0x0000080c
RANGE,1,32,normal,OK,16227,-1474,27,325,325,98749,0x0000080c
RANGE,1,32,ckpt,OK,16227,-1474,27,325,101,36316,0x0000080c
RANGE,1,33,normal,OK,16227,-1474,21,127,127,43370,0x0000080c
RANGE,1,33,ckpt,OK,16227,-1474,21,127,34,16427,0x0000080c
RANGE,1,34,normal,OK,16227,-1474,22,129,129,44378,0x0000080c
RANGE,1,34,ckpt,OK,16227,-1474,22,129,20,13286,0x0000080c
RANGE,1,35,normal,OK,16227,-1474,22,146,146,49078,0x0000080c
RANGE,1,35,ckpt,OK,16227,-1474,22,146,46,20622,0x0000080c
RANGE,1,36,normal,OK,16227,-1474,17,47,47,20467,0x0000080c
RANGE,1,36,ckpt,OK,16227,-1474,17,47,18,10936,0x0000080c
RANGE,1,37,normal,OK,16227,-1474,22,142,142,47896,0x0000080c
RANGE,1,37,ckpt,OK,16227,-1474,22,142,44,19800,0x0000080c
RANGE,1,38,normal,OK,16227,-1474,27,319,319,97278,0x0000080c
RANGE,1,38,ckpt,OK,16227,-1474,27,319,72,28903,0x0000080c
RANGE,1,39,normal,OK,16227,-1474,18,71,71,27224,0x0000080c
RANGE,1,39,ckpt,OK,16227,-1474,18,71,22,12433,0x0000080c
RANGE,1,40,normal,OK,16227,-1474,24,170,170,56246,0x0000080c
RANGE,1,40,ckpt,OK,16227,-1474,24,170,52,22932,0x0000080c
RANGE,1,41,normal,OK,16227,-1474,25,258,258,79957,0x0000080c
RANGE,1,41,ckpt,OK,16227,-1474,25,258,78,30133,0x0000080c
RANGE,1,42,normal,OK,16227,-1474,24,245,245,76079,0x0000080c
RANGE,1,42,ckpt,OK,16227,-1474,24,245,55,23269,0x0000080c
RANGE,1,43,normal,OK,16227,-1474,21,141,141,47133,0x0000080c
RANGE,1,43,ckpt,OK,16227,-1474,21,141,27,14907,0x0000080c
RANGE,1,44,normal,OK,16227,-1474,24,167,167,55365,0x0000080c
RANGE,1,44,ckpt,OK,16227,-1474,24,167,41,19963,0x0000080c
RANGE,1,45,normal,OK,16227,-1474,24,245,245,76028,0x0000080c
RANGE,1,45,ckpt,OK,16227,-1474,24,245,45,20426,0x0000080c
RANGE,1,46,normal,OK,16227,-1474,25,235,235,73925,0x0000080c
RANGE,1,46,ckpt,OK,16227,-1474,25,235,75,28819,0x0000080c
RANGE,1,47,normal,OK,16227,-1474,23,189,189,60852,0x0000080c
RANGE,1,47,ckpt,OK,16227,-1474,23,189,46,20596,0x0000080c
RANGE,1,48,normal,OK,16227,-1474,22,95,95,35541,0x0000080c
RANGE,1,48,ckpt,OK,16227,-1474,22,95,35,17586,0x0000080c
RANGE,1,49,normal,OK,16227,-1474,22,108,108,38924,0x0000080c
RANGE,1,49,ckpt,OK,16227,-1474,22,108,17,12385,0x0000080c
RANGE,1,50,normal,OK,16227,-1474,22,105,105,38106,0x0000080c
RANGE,1,50,ckpt,OK,16227,-1474,22,105,30,15771,0x0000080c
RANGE,1,51,normal,OK,16227,-1474,15,37,37,16721,0x0000080c
RANGE,1,51,ckpt,OK,16227,-1474,15,37,9,7730,0x0000080c
RANGE,1,52,normal,OK,16227,-1474,19,87,87,31979,0x0000080c
RANGE,1,52,ckpt,OK,16227,-1474,19,87,21,12366,0x0000080c
RANGE,1,53,normal,OK,16227,-1474,21,115,115,40364,0x0000080c
RANGE,1,53,ckpt,OK,16227,-1474,21,115,39,18004,0x0000080c
RANGE,1,54,normal,OK,16227,-1474,24,217,217,68662,0x0000080c
RANGE,1,54,ckpt,OK,16227,-1474,24,217,66,26175,0x0000080c
RANGE,1,55,normal,OK,16227,-1474,23,124,124,43661,0x0000080c
RANGE,1,55,ckpt,OK,16227,-1474,23,124,52,22181,0x0000080c
RANGE,1,56,normal,OK,16227,-1474,24,207,207,66040,0x0000080c
RANGE,1,56,ckpt,OK,16227,-1474,24,207,68,29403,0x0000080c
RANGE,1,57,normal,OK,16227,-1474,21,126,126,43266,0x0000080c
RANGE,1,57,ckpt,OK,16227,-1474,21,126,31,15815,0x0000080c
RANGE,1,58,normal,OK,16227,-1474,22,128,128,44286,0x0000080c
RANGE,1,58,ckpt,OK,16227,-1474,22,128,34,17179,0x0000080c
RANGE,1,59,normal,OK,16227,-1474,20,86,86,32214,0x0000080c
RANGE,1,59,ckpt,OK,16227,-1474,20,86,25,13943,0x0000080c
RANGE,1,60,normal,OK,16227,-1474,23,217,217,68274,0x0000080c
RANGE,1,60,ckpt,OK,16227,-1474,23,217,49,21722,0x0000080c
RANGE,1,61,normal,OK,16227,-1474,17,47,47,20440,0x0000080c
RANGE,1,61,ckpt,OK,16227,-1474,17,47,15,10438,0x0000080c
RANGE,1,62,normal,OK,16227,-1474,25,256,256,79511,0x0000080c
RANGE,1,62,ckpt,OK,16227,-1474,25,256,61,25149,0x0000080c
RANGE,1,63,normal,OK,16227,-1474,20,86,86,32107,0x0000080c
RANGE,1,63,ckpt,OK,16227,-1474,20,86,20,12370,0x0000080c
RANGE,1,64,normal,OK,16227,-1474,27,246,246,77802,0x0000080c
RANGE,1,64,ckpt,OK,16227,-1474,27,246,63,26732,0x0000080c
RANGE,1,65,normal,OK,16227,-1474,23,131,131,45346,0x0000080c
RANGE,1,65,ckpt,OK,16227,-1474,23,131,64,25116,0x0000080c
RANGE,1,66,normal,OK,16227,-1474,19,90,90,32741,0x0000080c
RANGE,1,66,ckpt,OK,16227,-1474,19,90,15,11009,0x0000080c
RANGE,1,67,normal,OK,16227,-1474,24,153,153,51754,0x0000080c
RANGE,1,67,ckpt,OK,16227,-1474,24,153,52,25597,0x0000080c
RANGE,1,68,normal,OK,16227,-1474,27,333,333,100889,0x0000080c
RANGE,1,68,ckpt,OK,16227,-1474,27,333,100,36179,0x0000080c
RANGE,1,69,normal,OK,16227,-1474,25,221,221,70254,0x0000080c
RANGE,1,69,ckpt,OK,16227,-1474,25,221,60,24883,0x0000080c
RANGE,1,70,normal,OK,16227,-1474,23,119,119,42289,0x0000080c
RANGE,1,70,ckpt,OK,16227,-1474,23,119,42,19851,0x0000080c
RANGE,1,71,normal,OK,16227,-1474,23,161,161,53456,0x0000080c
RANGE,1,71,ckpt,OK,16227,-1474,23,161,40,18968,0x0000080c
RANGE,1,72,normal,OK,16227,-1474,22,176,176,56862,0x0000080c
RANGE,1,72,ckpt,OK,16227,-1474,22,176,38,18196,0x0000080c
RANGE,1,73,normal,OK,16227,-1474,25,248,248,77313,0x0000080c
RANGE,1,73,ckpt,OK,16227,-1474,25,248,70,27456,0x0000080c
RANGE,1,74,normal,OK,16227,-1474,21,145,145,48215,0x0000080c
RANGE,1,74,ckpt,OK,16227,-1474,21,145,33,16249,0x0000080c
RANGE,1,75,normal,OK,16227,-1474,19,95,95,34033,0x0000080c
RANGE,1,75,ckpt,OK,16227,-1474,19,95,26,13964,0x0000080c
RANGE,1,76,normal,OK,16227,-1474,26,256,256,79994,0x0000080c
RANGE,1,76,ckpt,OK,16227,-1474,26,256,60,25094,0x0000080c
RANGE,1,77,normal,OK,16227,-1474,19,90,90,32663,0x0000080c
RANGE,1,77,ckpt,OK,16227,-1474,19,90,23,14876,0x0000080c
RANGE,1,78,normal,OK,16227,-1474,25,177,177,58637,0x0000080c
RANGE,1,78,ckpt,OK,16227,-1474,25,177,69,27768,0x0000080c
RANGE,1,79,normal,OK,16227,-1474,27,314,314,95872,0x0000088c
RANGE,1,79,ckpt,OK,16227,-1474,27,314,112,39689,0x0000088c
RANGE,1,80,normal,OK,16227,-1474,24,175,175,57571,0x0000080c
RANGE,1,80,ckpt,OK,16227,-1474,24,175,48,21432,0x0000080c
RANGE,1,81,normal,OK,16227,-1474,29,362,362,109355,0x0000080c
RANGE,1,81,ckpt,OK,16227,-1474,29,362,99,36759,0x0000080c
RANGE,1,82,normal,OK,16227,-1474,22,136,136,46393,0x0000080c
RANGE,1,82,ckpt,OK,16227,-1474,22,136,40,18621,0x0000080c
RANGE,1,83,normal,OK,16227,-1474,19,79,79,29723,0x0000080c
RANGE,1,83,ckpt,OK,16227,-1474,19,79,22,12734,0x0000080c
RANGE,1,84,normal,OK,16227,-1474,22,163,163,53500,0x0000080c
RANGE,1,84,ckpt,OK,16227,-1474,22,163,34,17071,0x0000080c
RANGE,1,85,normal,OK,16227,-1474,21,129,129,44024,0x0000080c
RANGE,1,85,ckpt,OK,16227,-1474,21,129,43,19120,0x0000080c
RANGE,1,86,normal,OK,16227,-1474,22,109,109,39199,0x0000080c
RANGE,1,86,ckpt,OK,16227,-1474,22,109,20,13668,0x0000080c
RANGE,1,87,normal,OK,16227,-1474,17,54,54,22246,0x0000080c
RANGE,1,87,ckpt,OK,16227,-1474,17,54,13,9499,0x0000080c
RANGE,1,88,normal,OK,16227,-1474,22,115,115,40713,0x0000080c
RANGE,1,88,ckpt,OK,16227,-1474,22,115,51,24828,0x0000080c
RANGE,1,89,normal,OK,16227,-1474,23,150,150,50466,0x0000080c
RANGE,1,89,ckpt,OK,16227,-1474,23,150,54,22541,0x0000080c
RANGE,1,90,normal,OK,16227,-1474,13,12,12,9292,0x0000080c
RANGE,1,90,ckpt,OK,16227,-1474,13,12,6,6310,0x0000080c
RANGE,1,91,normal,OK,16227,-1474,26,241,241,76057,0x0000080c
RANGE,1,91,ckpt,OK,16227,-1474,26,241,86,32315,0x0000080c
RANGE,1,92,normal,OK,16227,-1474,26,354,354,106031,0x0000080c
RANGE,1,92,ckpt,OK,16227,-1474,26,354,89,32973,0x0000080c
RANGE,1,93,normal,OK,16227,-1474,27,294,294,90514,0x0000080c
RANGE,1,93,ckpt,OK,16227,-1474,27,294,83,32128,0x0000080c
RANGE,1,94,normal,OK,16227,-1474,26,229,229,72843,0x0000080c
RANGE,1,94,ckpt,OK,16227,-1474,26,229,93,34290,0x0000080c
RANGE,1,95,normal,OK,16227,-1474,25,214,214,68452,0x0000080c
RANGE,1,95,ckpt,OK,16227,-1474,25,214,80,30748,0x0000080c
RANGE,1,96,normal,OK,16227,-1474,24,183,183,59621,0x0000080c
RANGE,1,96,ckpt,OK,16227,-1474,24,183,68,27137,0x0000080c
RANGE,1,97,normal,OK,16227,-1474,19,69,69,27257,0x0000080c
RANGE,1,97,ckpt,OK,16227,-1474,19,69,19,12300,0x0000080c
RANGE,1,98,normal,OK,16227,-1474,22,153,153,50786,0x0000080c
RANGE,1,98,ckpt,OK,16227,-1474,22,153,51,21502,0x0000080c
RANGE,1,99,normal,OK,16227,-1474,27,263,263,82207,0x0000088c
RANGE,1,99,ckpt,OK,16227,-1474,27,263,138,49424,0x0000088c
RANGE,4,0,normal,OK,4728,-2771,20,81,81,30800,0x0000080c
RANGE,4,0,ckpt,OK,4728,-2771,20,81,16,11525,0x0000080c
RANGE,4,1,normal,OK,4728,-2771,19,56,56,23741,0x0000080c
RANGE,4,1,ckpt,OK,4728,-2771,19,56,12,10054,0x0000080c
RANGE,4,2,normal,OK,16227,-1474,17,56,56,22761,0x0000080c
RANGE,4,2,ckpt,OK,16227,-1474,17,56,16,10286,0x0000080c
RANGE,4,3,normal,OK,16227,-1474,9,8,8,6327,0x0000080c
RANGE,4,3,ckpt,OK,16227,-1474,9,8,4,4373,0x0000080c
RANGE,4,4,normal,OK,9777,2203,20,108,108,37977,0x0000080c
RANGE,4,4,ckpt,OK,9777,2203,20,108,30,15334,0x0000080c
RANGE,4,5,normal,OK,4728,-2771,22,136,136,46348,0x0000080c
RANGE,4,5,ckpt,OK,4728,-2771,22,136,41,18906,0x0000080c
RANGE,4,6,normal,OK,12345,2314,18,90,90,32193,0x0000080c
RANGE,4,6,ckpt,OK,12345,2314,18,90,23,12641,0x0000080c
RANGE,4,7,normal,OK,4728,-2771,21,112,112,39488,0x0000080c
RANGE,4,7,ckpt,OK,4728,-2771,21,112,36,17271,0x0000080c
RANGE,4,8,normal,OK,16227,-1474,20,93,93,34027,0x0000080c
RANGE,4,8,ckpt,OK,16227,-1474,20,93,26,14214,0x0000080c
RANGE,4,9,normal,OK,9777,2203,17,40,40,18537,0x0000080c
RANGE,4,9,ckpt,OK,9777,2203,17,40,18,10827,0x0000080c
RANGE,4,10,normal,OK,12345,2314,16,44,44,19089,0x0000080c
RANGE,4,10,ckpt,OK,12345,2314,16,44,11,8698,0x0000080c
RANGE,4,11,normal,OK,9777,2203,21,108,108,38379,0x0000080c
RANGE,4,11,ckpt,OK,9777,2203,21,108,24,14723,0x0000080c
RANGE,4,12,normal,OK,16227,-1474,19,51,51,22399,0x0000080c
RANGE,4,12,ckpt,OK,16227,-1474,19,51,15,10943,0x0000080c
RANGE,4,13,normal,OK,4728,-2771,21,88,88,33267,0x0000080c
RANGE,4,13,ckpt,OK,4728,-2771,21,88,28,15242,0x0000080c
RANGE,4,14,normal,OK,4728,-2771,19,71,71,27746,0x0000080c
RANGE,4,14,ckpt,OK,4728,-2771,19,71,17,11509,0x0000080c
RANGE,4,15,normal,OK,9777,2203,16,39,39,17851,0x0000080c
RANGE,4,15,ckpt,OK,9777,2203,16,39,11,9037,0x0000080c
RANGE,4,16,normal,OK,9777,2203,14,35,35,15797,0x0000080c
RANGE,4,16,ckpt,OK,9777,2203,14,35,8,7211,0x0000080c
RANGE,4,17,normal,OK,4728,-2771,21,91,91,33941,0x0000080c
RANGE,4,17,ckpt,OK,4728,-2771,21,91,33,16597,0x0000080c
RANGE,4,18,normal,OK,4728,-2771,23,151,151,50782,0x0000080c
RANGE,4,18,ckpt,OK,4728,-2771,23,151,43,19827,0x0000080c
RANGE,4,19,normal,OK,4728,-2771,11,16,16,9326,0x0000080c
RANGE,4,19,ckpt,OK,4728,-2771,11,16,6,5536,0x0000080c
RANGE,4,20,normal,OK,9777,2203,15,33,33,15730,0x0000080c
RANGE,4,20,ckpt,OK,9777,2203,15,33,9,7824,0x0000080c
RANGE,4,21,normal,OK,9777,2203,16,38,38,17648,0x0000080c
RANGE,4,21,ckpt,OK,9777,2203,16,38,15,10080,0x0000080c
RANGE,4,22,normal,OK,12345,2314,24,178,178,58444,0x0000080c
RANGE,4,22,ckpt,OK,12345,2314,24,178,50,22246,0x0000080c
RANGE,4,23,normal,OK,16227,-1474,10,13,13,8154,0x0000080c
RANGE,4,23,ckpt,OK,16227,-1474,10,13,5,5018,0x0000080c
RANGE,4,24,normal,OK,12345,2314,19,93,93,33595,0x0000080c
RANGE,4,24,ckpt,OK,12345,2314,19,93,23,13044,0x0000080c
RANGE,4,25,normal,OK,16227,-1474,18,55,55,22967,0x0000080c
RANGE,4,25,ckpt,OK,16227,-1474,18,55,15,13730,0x0000080c
RANGE,4,26,normal,OK,4728,-2771,15,29,29,14686,0x0000080c
RANGE,4,26,ckpt,OK,4728,-2771,15,29,10,8017,0x0000080c
RANGE,4,27,normal,OK,16227,-1474,7,6,6,4865,0x0000080c
RANGE,4,27,ckpt,OK,16227,-1474,7,6,2,3156,0x0000080c
RANGE,4,28,normal,OK,12345,2314,21,89,89,33324,0x0000080c
RANGE,4,28,ckpt,OK,12345,2314,21,89,21,13073,0x0000080c
RANGE,4,29,normal,OK,4728,-2771,18,62,62,24862,0x0000080c
RANGE,4,29,ckpt,OK,4728,-2771,18,62,21,12103,0x0000080c
RANGE,4,30,normal,OK,16227,-1474,17,38,38,17944,0x0000080c
RANGE,4,30,ckpt,OK,16227,-1474,17,38,12,9271,0x0000080c
RANGE,4,31,normal,OK,16227,-1474,21,106,106,37855,0x0000080c
RANGE,4,31,ckpt,OK,16227,-1474,21,106,43,19000,0x0000080c
RANGE,4,32,normal,OK,4728,-2771,12,18,18,10389,0x0000080c
RANGE,4,32,ckpt,OK,4728,-2771,12,18,6,5947,0x0000080c
RANGE,4,33,normal,OK,4728,-2771,16,41,41,18273,0x0000080c
RANGE,4,33,ckpt,OK,4728,-2771,16,41,10,8334,0x0000080c
RANGE,4,34,normal,OK,4728,-2771,21,110,110,38878,0x0000080c
RANGE,4,34,ckpt,OK,4728,-2771,21,110,18,12321,0x0000080c
RANGE,4,35,normal,OK,12345,2314,19,98,98,34885,0x0000080c
RANGE,4,35,ckpt,OK,12345,2314,19,98,25,13738,0x0000080c
RANGE,4,36,normal,OK,9777,2203,24,229,229,72035,0x0000080c
RANGE,4,36,ckpt,OK,9777,2203,24,229,55,23230,0x0000080c
RANGE,4,37,normal,OK,9777,2203,13,17,17,10564,0x0000080c
RANGE,4,37,ckpt,OK,9777,2203,13,17,7,6657,0x0000080c
RANGE,4,38,normal,OK,12345,2314,13,31,31,14350,0x0000080c
RANGE,4,38,ckpt,OK,12345,2314,13,31,8,6869,0x0000080c
RANGE,4,39,normal,OK,9777,2203,18,71,71,27331,0x0000080c
RANGE,4,39,ckpt,OK,9777,2203,18,71,22,15779,0x0000080c
RANGE,4,40,normal,OK,12345,2314,21,90,90,33622,0x0000080c
RANGE,4,40,ckpt,OK,12345,2314,21,90,28,15196,0x0000080c
RANGE,4,41,normal,OK,12345,2314,17,61,61,24013,0x0000080c
RANGE,4,41,ckpt,OK,12345,2314,17,61,21,11653,0x0000080c
RANGE,4,42,normal,OK,16227,-1474,23,190,190,61065,0x0000080c
RANGE,4,42,ckpt,OK,16227,-1474,23,190,36,17930,0x0000080c
RANGE,4,43,normal,OK,4728,-2771,21,141,141,47213,0x0000080c
RANGE,4,43,ckpt,OK,4728,-2771,21,141,27,14999,0x0000080c
RANGE,4,44,normal,OK,9777,2203,18,58,58,23811,0x0000080c
RANGE,4,44,ckpt,OK,9777,2203,18,58,14,10196,0x0000080c
RANGE,4,45,normal,OK,4728,-2771,20,102,102,36365,0x0000080c
RANGE,4,45,ckpt,OK,4728,-2771,20,102,33,15980,0x0000080c
RANGE,4,46,normal,OK,4728,-2771,23,126,126,44192,0x0000080c
RANGE,4,46,ckpt,OK,4728,-2771,23,126,23,14407,0x0000080c
RANGE,4,47,normal,OK,12345,2314,19,76,76,28960,0x0000080c
RANGE,4,47,ckpt,OK,12345,2314,19,76,26,13806,0x0000080c
RANGE,4,48,normal,OK,4728,-2771,17,27,27,15144,0x0000080c
RANGE,4,48,ckpt,OK,4728,-2771,17,27,10,8915,0x0000080c
RANGE,4,49,normal,OK,9777,2203,15,32,32,15494,0x0000080c
RANGE,4,49,ckpt,OK,9777,2203,15,32,6,6966,0x0000080c
RANGE,4,50,normal,OK,12345,2314,16,32,32,15855,0x0000080c
RANGE,4,50,ckpt,OK,12345,2314,16,32,12,8816,0x0000080c
RANGE,4,51,normal,OK,9777,2203,20,88,88,32607,0x0000080c
RANGE,4,51,ckpt,OK,9777,2203,20,88,22,13305,0x0000080c
RANGE,4,52,normal,OK,16227,-1474,16,43,43,18919,0x0000080c
RANGE,4,52,ckpt,OK,16227,-1474,16,43,15,12977,0x0000080c
RANGE,4,53,normal,OK,12345,2314,18,49,49,21442,0x0000080c
RANGE,4,53,ckpt,OK,12345,2314,18,49,16,10851,0x0000080c
RANGE,4,54,normal,OK,4728,-2771,17,61,61,24079,0x0000080c
RANGE,4,54,ckpt,OK,4728,-2771,17,61,18,10912,0x0000080c
RANGE,4,55,normal,OK,9777,2203,18,51,51,22024,0x0000080c
RANGE,4,55,ckpt,OK,9777,2203,18,51,11,9647,0x0000080c
RANGE,4,56,normal,OK,9777,2203,21,86,86,32613,0x0000080c
RANGE,4,56,ckpt,OK,9777,2203,21,86,27,14615,0x0000080c
RANGE,4,57,normal,OK,4728,-2771,20,97,97,35034,0x0000080c
RANGE,4,57,ckpt,OK,4728,-2771,20,97,27,14339,0x0000080c
RANGE,4,58,normal,OK,12345,2314,22,128,128,44248,0x0000080c
RANGE,4,58,ckpt,OK,12345,2314,22,128,34,17126,0x0000080c
RANGE,4,59,normal,OK,4728,-2771,20,86,86,32260,0x0000080c
RANGE,4,59,ckpt,OK,4728,-2771,20,86,25,13989,0x0000080c
RANGE,4,60,normal,OK,4728,-2771,8,6,6,5370,0x0000080c
RANGE,4,60,ckpt,OK,4728,-2771,8,6,2,3536,0x0000080c
RANGE,4,61,normal,OK,4728,-2771,22,123,123,43023,0x0000080c
RANGE,4,61,ckpt,OK,4728,-2771,22,123,48,21195,0x0000080c
RANGE,4,62,normal,OK,12345,2314,22,120,120,42138,0x0000080c
RANGE,4,62,ckpt,OK,12345,2314,22,120,18,12785,0x0000080c
RANGE,4,63,normal,OK,9777,2203,20,86,86,32091,0x0000080c
RANGE,4,63,ckpt,OK,9777,2203,20,86,20,12354,0x0000080c
RANGE,4,64,normal,OK,12345,2314,16,32,32,15910,0x0000080c
RANGE,4,64,ckpt,OK,12345,2314,16,32,12,9191,0x0000080c
RANGE,4,65,normal,OK,4728,-2771,20,45,45,21217,0x0000080c
RANGE,4,65,ckpt,OK,4728,-2771,20,45,16,14249,0x0000080c
RANGE,4,66,normal,OK,9777,2203,15,45,45,18968,0x0000080c
RANGE,4,66,ckpt,OK,9777,2203,15,45,12,8851,0x0000080c
RANGE,4,67,normal,OK,9777,2203,22,105,105,38199,0x0000080c
RANGE,4,67,ckpt,OK,9777,2203,22,105,48,20938,0x0000080c
RANGE,4,68,normal,OK,9777,2203,22,110,110,39374,0x0000080c
RANGE,4,68,ckpt,OK,9777,2203,22,110,33,16594,0x0000080c
RANGE,4,69,normal,OK,9777,2203,21,81,81,31307,0x0000080c
RANGE,4,69,ckpt,OK,9777,2203,21,81,17,12090,0x0000080c
RANGE,4,70,normal,OK,16227,-1474,24,133,133,46538,0x0000080c
RANGE,4,70,ckpt,OK,16227,-1474,24,133,42,20233,0x0000080c
RANGE,4,71,normal,OK,16227,-1474,21,87,87,32915,0x0000080c
RANGE,4,71,ckpt,OK,16227,-1474,21,87,28,15099,0x0000080c
RANGE,4,72,normal,OK,12345,2314,19,92,92,33232,0x0000080c
RANGE,4,72,ckpt,OK,12345,2314,19,92,26,13823,0x0000080c
RANGE,4,73,normal,OK,9777,2203,14,24,24,12846,0x0000080c
RANGE,4,73,ckpt,OK,9777,2203,14,24,7,6830,0x0000080c
RANGE,4,74,normal,OK,4728,-2771,17,64,64,24946,0x0000080c
RANGE,4,74,ckpt,OK,4728,-2771,17,64,16,10354,0x0000080c
RANGE,4,75,normal,OK,4728,-2771,17,62,62,24311,0x0000080c
RANGE,4,75,ckpt,OK,4728,-2771,17,62,17,10512,0x0000080c
RANGE,4,76,normal,OK,9777,2203,20,76,76,29487,0x0000080c
RANGE,4,76,ckpt,OK,9777,2203,20,76,26,13999,0x0000080c
RANGE,4,77,normal,OK,4728,-2771,19,90,90,32742,0x0000080c
RANGE,4,77,ckpt,OK,4728,-2771,19,90,23,12863,0x0000080c
RANGE,4,78,normal,OK,4728,-2771,14,25,25,13229,0x0000080c
RANGE,4,78,ckpt,OK,4728,-2771,14,25,8,10290,0x0000080c
RANGE,4,79,normal,OK,4728,-2771,14,27,27,13695,0x0000080c
RANGE,4,79,ckpt,OK,4728,-2771,14,27,7,6888,0x0000080c
RANGE,4,80,normal,OK,16227,-1474,21,89,89,33411,0x0000080c
RANGE,4,80,ckpt,OK,16227,-1474,21,89,24,14071,0x0000080c
RANGE,4,81,normal,OK,4728,-2771,18,79,79,29422,0x0000080c
RANGE,4,81,ckpt,OK,4728,-2771,18,79,19,11522,0x0000080c
RANGE,4,82,normal,OK,16227,-1474,21,121,121,41913,0x0000080c
RANGE,4,82,ckpt,OK,16227,-1474,21,121,40,18227,0x0000080c
RANGE,4,83,normal,OK,16227,-1474,20,110,110,38435,0x0000080c
RANGE,4,83,ckpt,OK,16227,-1474,20,110,33,16031,0x0000080c
RANGE,4,84,normal,OK,16227,-1474,20,107,107,37800,0x0000080c
RANGE,4,84,ckpt,OK,16227,-1474,20,107,27,14618,0x0000080c
RANGE,4,85,normal,OK,16227,-1474,18,44,44,20056,0x0000080c
RANGE,4,85,ckpt,OK,16227,-1474,18,44,17,11151,0x0000080c
RANGE,4,86,normal,OK,4728,-2771,23,136,136,46811,0x0000080c
RANGE,4,86,ckpt,OK,4728,-2771,23,136,27,15994,0x0000080c
RANGE,4,87,normal,OK,16227,-1474,15,33,33,15726,0x0000080c
RANGE,4,87,ckpt,OK,16227,-1474,15,33,9,7730,0x0000080c
RANGE,4,88,normal,OK,12345,2314,10,10,10,7334,0x0000080c
RANGE,4,88,ckpt,OK,12345,2314,10,10,4,4725,0x0000080c
RANGE,4,89,normal,OK,12345,2314,21,91,91,33944,0x0000080c
RANGE,4,89,ckpt,OK,12345,2314,21,91,27,14730,0x0000080c
RANGE,4,90,normal,OK,16227,-1474,13,12,12,9297,0x0000080c
RANGE,4,90,ckpt,OK,16227,-1474,13,12,6,6315,0x0000080c
RANGE,4,91,normal,OK,16227,-1474,22,121,121,42417,0x0000080c
RANGE,4,91,ckpt,OK,16227,-1474,22,121,31,18207,0x0000080c
RANGE,4,92,normal,OK,9777,2203,18,55,55,22975,0x0000080c
RANGE,4,92,ckpt,OK,9777,2203,18,55,19,11495,0x0000080c
RANGE,4,93,normal,OK,9777,2203,18,71,71,27247,0x0000080c
RANGE,4,93,ckpt,OK,9777,2203,18,71,10,9241,0x0000080c
RANGE,4,94,normal,OK,16227,-1474,13,21,21,11609,0x0000080c
RANGE,4,94,ckpt,OK,16227,-1474,13,21,7,6580,0x0000080c
RANGE,4,95,normal,OK,12345,2314,21,100,100,36385,0x0000080c
RANGE,4,95,ckpt,OK,12345,2314,21,100,32,16518,0x0000080c
RANGE,4,96,normal,OK,9777,2203,16,31,31,15656,0x0000080c
RANGE,4,96,ckpt,OK,9777,2203,16,31,6,7273,0x0000080c
RANGE,4,97,normal,OK,4728,-2771,22,124,124,43185,0x0000080c
RANGE,4,97,ckpt,OK,4728,-2771,22,124,28,15752,0x0000080c
RANGE,4,98,normal,OK,12345,2314,19,82,82,30670,0x0000080c
RANGE,4,98,ckpt,OK,12345,2314,19,82,15,10897,0x0000080c
RANGE,4,99,normal,OK,9777,2203,16,42,42,18672,0x0000080c
RANGE,4,99,ckpt,OK,9777,2203,16,42,14,9502,0x0000080c
RANGE,16,0,normal,OK,4554,4061,20,81,81,30814,0x0000080c
RANGE,16,0,ckpt,OK,4554,4061,20,81,16,11503,0x0000080c
RANGE,16,1,normal,OK,13446,-543,11,9,9,7492,0x0000080c
RANGE,16,1,ckpt,OK,13446,-543,11,9,4,5024,0x0000080c
RANGE,16,2,normal,OK,16227,-1474,14,34,34,15526,0x0000080c
RANGE,16,2,ckpt,OK,16227,-1474,14,34,9,7394,0x0000080c
RANGE,16,3,normal,OK,16227,-1474,9,8,8,6353,0x0000080c
RANGE,16,3,ckpt,OK,16227,-1474,9,8,4,4399,0x0000080c
RANGE,16,4,normal,OK,5449,-2943,17,59,59,23516,0x0000080c
RANGE,16,4,ckpt,OK,5449,-2943,17,59,12,9236,0x0000080c
RANGE,16,5,normal,OK,12345,2314,18,40,40,19032,0x0000080c
RANGE,16,5,ckpt,OK,12345,2314,18,40,12,9654,0x0000080c
RANGE,16,6,normal,OK,1208,-1015,15,42,42,18057,0x0000080c
RANGE,16,6,ckpt,OK,1208,-1015,15,42,13,11872,0x0000080c
RANGE,16,7,normal,OK,6787,-1136,19,67,67,26662,0x0000080c
RANGE,16,7,ckpt,OK,6787,-1136,19,67,15,10952,0x0000080c
RANGE,16,8,normal,OK,12995,-628,15,40,40,17688,0x0000080c
RANGE,16,8,ckpt,OK,12995,-628,15,40,8,7681,0x0000080c
RANGE,16,9,normal,OK,3663,-4027,11,14,14,8820,0x0000080c
RANGE,16,9,ckpt,OK,3663,-4027,11,14,5,5291,0x0000080c
RANGE,16,10,normal,OK,4554,4061,20,93,93,33968,0x0000080c
RANGE,16,10,ckpt,OK,4554,4061,20,93,31,15560,0x0000080c
RANGE,16,11,normal,OK,1208,-1015,15,41,41,17773,0x0000080c
RANGE,16,11,ckpt,OK,1208,-1015,15,41,10,8126,0x0000080c
RANGE,16,12,normal,OK,645,768,18,42,42,19510,0x0000080c
RANGE,16,12,ckpt,OK,645,768,18,42,12,9753,0x0000080c
RANGE,16,13,normal,OK,6787,-1136,17,61,61,24151,0x0000080c
RANGE,16,13,ckpt,OK,6787,-1136,17,61,20,11453,0x0000080c
RANGE,16,14,normal,OK,15376,-614,16,45,45,19430,0x0000080c
RANGE,16,14,ckpt,OK,15376,-614,16,45,10,8586,0x0000080c
RANGE,16,15,normal,OK,9777,2203,16,39,39,17801,0x0000080c
RANGE,16,15,ckpt,OK,9777,2203,16,39,11,8977,0x0000080c
RANGE,16,16,normal,OK,9777,2203,14,35,35,15855,0x0000080c
RANGE,16,16,ckpt,OK,9777,2203,14,35,8,7219,0x0000080c
RANGE,16,17,normal,OK,13446,-543,15,30,30,14963,0x0000080c
RANGE,16,17,ckpt,OK,13446,-543,15,30,10,8157,0x0000080c
RANGE,16,18,normal,OK,13981,-1174,17,55,55,22561,0x0000080c
RANGE,16,18,ckpt,OK,13981,-1174,17,55,15,10118,0x0000080c
RANGE,16,19,normal,OK,13981,-1174,7,3,3,4028,0x0000080c
RANGE,16,19,ckpt,OK,13981,-1174,7,3,2,3113,0x0000080c
RANGE,16,20,normal,OK,12995,-628,15,33,33,15706,0x0000080c
RANGE,16,20,ckpt,OK,12995,-628,15,33,9,7804,0x0000080c
RANGE,16,21,normal,OK,6787,-1136,12,12,12,8836,0x0000080c
RANGE,16,21,ckpt,OK,6787,-1136,12,12,5,5719,0x0000080c
RANGE,16,22,normal,OK,9998,-1243,12,18,18,10428,0x0000080c
RANGE,16,22,ckpt,OK,9998,-1243,12,18,5,8589,0x0000080c
RANGE,16,23,normal,OK,9270,2094,12,21,21,11269,0x0000080c
RANGE,16,23,ckpt,OK,9270,2094,12,21,7,6299,0x0000080c
RANGE,16,24,normal,OK,12995,-628,12,28,28,13019,0x0000080c
RANGE,16,24,ckpt,OK,12995,-628,12,28,7,6203,0x0000080c
RANGE,16,25,normal,OK,15376,-614,18,55,55,22968,0x0000080c
RANGE,16,25,ckpt,OK,15376,-614,18,55,15,10526,0x0000080c
RANGE,16,26,normal,OK,5449,-2943,15,29,29,14654,0x0000080c
RANGE,16,26,ckpt,OK,5449,-2943,15,29,10,7985,0x0000080c
RANGE,16,27,normal,OK,4728,-2771,14,32,32,15017,0x0000080c
RANGE,16,27,ckpt,OK,4728,-2771,14,32,10,7883,0x0000080c
RANGE,16,28,normal,OK,5449,-2943,11,17,17,9599,0x0000080c
RANGE,16,28,ckpt,OK,5449,-2943,11,17,5,5283,0x0000080c
RANGE,16,29,normal,OK,4728,-2771,18,62,62,24837,0x0000080c
RANGE,16,29,ckpt,OK,4728,-2771,18,62,21,12064,0x0000080c
RANGE,16,30,normal,OK,3663,-4027,19,63,63,25507,0x0000080c
RANGE,16,30,ckpt,OK,3663,-4027,19,63,26,14004,0x0000080c
RANGE,16,31,normal,OK,3663,-4027,14,35,35,15818,0x0000080c
RANGE,16,31,ckpt,OK,3663,-4027,14,35,9,7418,0x0000080c
RANGE,16,32,normal,OK,12995,-628,7,4,4,4321,0x0000080c
RANGE,16,32,ckpt,OK,12995,-628,7,4,1,2876,0x0000080c
RANGE,16,33,normal,OK,1208,-1015,8,8,8,5783,0x0000080c
RANGE,16,33,ckpt,OK,1208,-1015,8,8,3,3686,0x0000080c
RANGE,16,34,normal,OK,645,768,9,12,12,7340,0x0000080c
RANGE,16,34,ckpt,OK,645,768,9,12,4,4329,0x0000080c
RANGE,16,35,normal,OK,16227,-1474,17,57,57,23067,0x0000080c
RANGE,16,35,ckpt,OK,16227,-1474,17,57,17,10833,0x0000080c
RANGE,16,36,normal,OK,16227,-1474,17,47,47,20461,0x0000080c
RANGE,16,36,ckpt,OK,16227,-1474,17,47,18,10942,0x0000080c
RANGE,16,37,normal,OK,9270,2094,16,28,28,14858,0x0000080c
RANGE,16,37,ckpt,OK,9270,2094,16,28,9,8426,0x0000080c
RANGE,16,38,normal,OK,1208,-1015,17,70,70,26592,0x0000080c
RANGE,16,38,ckpt,OK,1208,-1015,17,70,16,10412,0x0000080c
RANGE,16,39,normal,OK,1208,-1015,15,31,31,15295,0x0000080c
RANGE,16,39,ckpt,OK,1208,-1015,15,31,9,11044,0x0000080c
RANGE,16,40,normal,OK,1208,-1015,15,28,28,14429,0x0000080c
RANGE,16,40,ckpt,OK,1208,-1015,15,28,8,7721,0x0000080c
RANGE,16,41,normal,OK,4554,4061,17,61,61,24015,0x0000080c
RANGE,16,41,ckpt,OK,4554,4061,17,61,21,11649,0x0000080c
RANGE,16,42,normal,OK,15376,-614,15,34,34,15971,0x0000080c
RANGE,16,42,ckpt,OK,15376,-614,15,34,12,8658,0x0000080c
RANGE,16,43,normal,OK,13446,-543,14,33,33,15219,0x0000080c
RANGE,16,43,ckpt,OK,13446,-543,14,33,10,7697,0x0000080c
RANGE,16,44,normal,OK,4554,4061,12,13,13,8996,0x0000080c
RANGE,16,44,ckpt,OK,4554,4061,12,13,5,5652,0x0000080c
RANGE,16,45,normal,OK,6787,-1136,9,10,10,6774,0x0000080c
RANGE,16,45,ckpt,OK,6787,-1136,9,10,3,4024,0x0000080c
RANGE,16,46,normal,OK,6787,-1136,9,10,10,6819,0x0000080c
RANGE,16,46,ckpt,OK,6787,-1136,9,10,4,4333,0x0000080c
RANGE,16,47,normal,OK,1208,-1015,16,42,42,18595,0x0000080c
RANGE,16,47,ckpt,OK,1208,-1015,16,42,13,9159,0x0000080c
RANGE,16,48,normal,OK,15376,-614,13,13,13,9575,0x0000080c
RANGE,16,48,ckpt,OK,15376,-614,13,13,6,6332,0x0000080c
RANGE,16,49,normal,OK,12345,2314,4,1,1,2093,0x0000080c
RANGE,16,49,ckpt,OK,12345,2314,4,1,1,1813,0x0000080c
RANGE,16,50,normal,OK,9998,-1243,18,48,48,21120,0x0000080c
RANGE,16,50,ckpt,OK,9998,-1243,18,48,16,10670,0x0000080c
RANGE,16,51,normal,OK,16227,-1474,15,37,37,16759,0x0000080c
RANGE,16,51,ckpt,OK,16227,-1474,15,37,9,7792,0x0000080c
RANGE,16,52,normal,OK,13446,-543,11,9,9,7573,0x0000080c
RANGE,16,52,ckpt,OK,13446,-543,11,9,2,4573,0x0000080c
RANGE,16,53,normal,OK,9270,2094,20,77,77,29718,0x0000080c
RANGE,16,53,ckpt,OK,9270,2094,20,77,26,14104,0x0000080c
RANGE,16,54,normal,OK,3663,-4027,11,22,22,10935,0x0000080c
RANGE,16,54,ckpt,OK,3663,-4027,11,22,5,5296,0x0000080c
RANGE,16,55,normal,OK,5449,-2943,13,22,22,11990,0x0000080c
RANGE,16,55,ckpt,OK,5449,-2943,13,22,4,5832,0x0000080c
RANGE,16,56,normal,OK,645,768,8,7,7,5531,0x0000080c
RANGE,16,56,ckpt,OK,645,768,8,7,3,3699,0x0000080c
RANGE,16,57,normal,OK,12995,-628,15,38,38,17109,0x0000080c
RANGE,16,57,ckpt,OK,12995,-628,15,38,9,10827,0x0000080c
RANGE,16,58,normal,OK,13981,-1174,9,7,7,6099,0x0000080c
RANGE,16,58,ckpt,OK,13981,-1174,9,7,2,3879,0x0000080c
RANGE,16,59,normal,OK,9777,2203,16,49,49,20509,0x0000080c
RANGE,16,59,ckpt,OK,9777,2203,16,49,15,9754,0x0000080c
RANGE,16,60,normal,OK,4728,-2771,8,6,6,5378,0x0000080c
RANGE,16,60,ckpt,OK,4728,-2771,8,6,2,3544,0x0000080c
RANGE,16,61,normal,OK,15376,-614,15,34,34,16090,0x0000080c
RANGE,16,61,ckpt,OK,15376,-614,15,34,11,8587,0x0000080c
RANGE,16,62,normal,OK,645,768,17,52,52,21755,0x0000080c
RANGE,16,62,ckpt,OK,645,768,17,52,13,9711,0x0000080c
RANGE,16,63,normal,OK,15376,-614,13,24,24,12391,0x0000080c
RANGE,16,63,ckpt,OK,15376,-614,13,24,6,6232,0x0000080c
RANGE,16,64,normal,OK,4728,-2771,18,52,52,22099,0x0000080c
RANGE,16,64,ckpt,OK,4728,-2771,18,52,15,10687,0x0000080c
RANGE,16,65,normal,OK,4728,-2771,20,45,45,21178,0x0000080c
RANGE,16,65,ckpt,OK,4728,-2771,20,45,16,11378,0x0000080c
RANGE,16,66,normal,OK,645,768,15,45,45,19002,0x0000080c
RANGE,16,66,ckpt,OK,645,768,15,45,12,8858,0x0000080c
RANGE,16,67,normal,OK,1208,-1015,11,15,15,9080,0x0000080c
RANGE,16,67,ckpt,OK,1208,-1015,11,15,5,5290,0x0000080c
RANGE,16,68,normal,OK,12995,-628,11,18,18,9873,0x0000080c
RANGE,16,68,ckpt,OK,12995,-628,11,18,6,5556,0x0000080c
RANGE,16,69,normal,OK,6787,-1136,17,36,36,17475,0x0000080c
RANGE,16,69,ckpt,OK,6787,-1136,17,36,12,9340,0x0000080c
RANGE,16,70,normal,OK,4554,4061,9,10,10,6845,0x0000080c
RANGE,16,70,ckpt,OK,4554,4061,9,10,3,4096,0x0000080c
RANGE,16,71,normal,OK,6787,-1136,20,70,70,27872,0x0000080c
RANGE,16,71,ckpt,OK,6787,-1136,20,70,28,14684,0x0000080c
RANGE,16,72,normal,OK,645,768,17,51,51,21409,0x0000080c
RANGE,16,72,ckpt,OK,645,768,17,51,13,9500,0x0000080c
RANGE,16,73,normal,OK,13446,-543,11,15,15,9064,0x0000080c
RANGE,16,73,ckpt,OK,13446,-543,11,15,5,5273,0x0000080c
RANGE,16,74,normal,OK,1208,-1015,16,48,48,20199,0x0000080c
RANGE,16,74,ckpt,OK,1208,-1015,16,48,13,12059,0x0000080c
RANGE,16,75,normal,OK,15376,-614,14,31,31,14730,0x0000080c
RANGE,16,75,ckpt,OK,15376,-614,14,31,6,6595,0x0000080c
RANGE,16,76,normal,OK,13981,-1174,9,10,10,6821,0x0000080c
RANGE,16,76,ckpt,OK,13981,-1174,9,10,4,4337,0x0000080c
RANGE,16,77,normal,OK,9998,-1243,18,67,67,26129,0x0000080c
RANGE,16,77,ckpt,OK,9998,-1243,18,67,22,12202,0x0000080c
RANGE,16,78,normal,OK,4728,-2771,14,25,25,13141,0x0000080c
RANGE,16,78,ckpt,OK,4728,-2771,14,25,8,7186,0x0000080c
RANGE,16,79,normal,OK,4728,-2771,14,27,27,13631,0x0000080c
RANGE,16,79,ckpt,OK,4728,-2771,14,27,7,6824,0x0000080c
RANGE,16,80,normal,OK,9777,2203,18,63,63,25111,0x0000080c
RANGE,16,80,ckpt,OK,9777,2203,18,63,14,10180,0x0000080c
RANGE,16,81,normal,OK,3663,-4027,15,44,44,18713,0x0000080c
RANGE,16,81,ckpt,OK,3663,-4027,15,44,10,8073,0x0000080c
RANGE,16,82,normal,OK,9777,2203,20,84,84,31665,0x0000080c
RANGE,16,82,ckpt,OK,9777,2203,20,84,30,15252,0x0000080c
RANGE,16,83,normal,OK,15376,-614,14,23,23,12583,0x0000080c
RANGE,16,83,ckpt,OK,15376,-614,14,23,9,7483,0x0000080c
RANGE,16,84,normal,OK,5449,-2943,12,23,23,11765,0x0000080c
RANGE,16,84,ckpt,OK,5449,-2943,12,23,7,6296,0x0000080c
RANGE,16,85,normal,OK,12345,2314,19,67,67,26635,0x0000080c
RANGE,16,85,ckpt,OK,12345,2314,19,67,28,14437,0x0000080c
RANGE,16,86,normal,OK,13981,-1174,19,62,62,25290,0x0000080c
RANGE,16,86,ckpt,OK,13981,-1174,19,62,19,12325,0x0000080c
RANGE,16,87,normal,OK,6787,-1136,12,15,15,9576,0x0000080c
RANGE,16,87,ckpt,OK,6787,-1136,12,15,5,5658,0x0000080c
RANGE,16,88,normal,OK,12345,2314,16,48,48,20150,0x0000080c
RANGE,16,88,ckpt,OK,12345,2314,16,48,16,9991,0x0000080c
RANGE,16,89,normal,OK,645,768,16,41,41,18284,0x0000080c
RANGE,16,89,ckpt,OK,645,768,16,41,8,10909,0x0000080c
RANGE,16,90,normal,OK,16227,-1474,13,12,12,9330,0x0000080c
RANGE,16,90,ckpt,OK,16227,-1474,13,12,6,6348,0x0000080c
RANGE,16,91,normal,OK,3663,-4027,18,75,75,28303,0x0000080c
RANGE,16,91,ckpt,OK,3663,-4027,18,75,22,12362,0x0000080c
RANGE,16,92,normal,OK,9777,2203,18,55,55,22940,0x0000080c
RANGE,16,92,ckpt,OK,9777,2203,18,55,19,11469,0x0000080c
RANGE,16,93,normal,OK,6787,-1136,15,45,45,18940,0x0000080c
RANGE,16,93,ckpt,OK,6787,-1136,15,45,10,8204,0x0000080c
RANGE,16,94,normal,OK,645,768,18,62,62,24828,0x0000080c
RANGE,16,94,ckpt,OK,645,768,18,62,27,13628,0x0000080c
RANGE,16,95,normal,OK,12995,-628,5,4,4,3433,0x0000080c
RANGE,16,95,ckpt,OK,12995,-628,5,4,2,2503,0x0000080c
RANGE,16,96,normal,OK,13446,-543,14,21,21,12005,0x0000080c
RANGE,16,96,ckpt,OK,13446,-543,14,21,6,6520,0x0000080c
RANGE,16,97,normal,OK,6787,-1136,11,11,11,8069,0x0000080c
RANGE,16,97,ckpt,OK,6787,-1136,11,11,5,5339,0x0000080c
RANGE,16,98,normal,OK,1208,-1015,12,17,17,10130,0x0000080c
RANGE,16,98,ckpt,OK,1208,-1015,12,17,7,6217,0x0000080c
RANGE,16,99,normal,OK,4554,4061,19,70,70,27432,0x0000080c
RANGE,16,99,ckpt,OK,4554,4061,19,70,17,11364,0x0000080c
RANGE,64,0,normal,OK,6171,1345,14,22,22,12402,0x0000080c
RANGE,64,0,ckpt,OK,6171,1345,14,22,5,6496,0x0000080c
RANGE,64,1,normal,OK,13589,-734,11,9,9,7548,0x0000080c
RANGE,64,1,ckpt,OK,13589,-734,11,9,4,5080,0x0000080c
RANGE,64,2,normal,OK,16227,-1474,14,34,34,15497,0x0000080c
RANGE,64,2,ckpt,OK,16227,-1474,14,34,9,7365,0x0000080c
RANGE,64,3,normal,OK,16227,-1474,9,8,8,6349,0x0000080c
RANGE,64,3,ckpt,OK,16227,-1474,9,8,4,4395,0x0000080c
RANGE,64,4,normal,OK,3669,3592,13,21,21,11614,0x0000080c
RANGE,64,4,ckpt,OK,3669,3592,13,21,7,6559,0x0000080c
RANGE,64,5,normal,OK,11383,3702,15,18,18,11861,0x0000080c
RANGE,64,5,ckpt,OK,11383,3702,15,18,5,6783,0x0000080c
RANGE,64,6,normal,OK,4695,-731,15,42,42,18074,0x0000080c
RANGE,64,6,ckpt,OK,4695,-731,15,42,13,12124,0x0000080c
RANGE,64,7,normal,OK,15073,-866,8,8,8,5826,0x0000080c
RANGE,64,7,ckpt,OK,15073,-866,8,8,3,3729,0x0000080c
RANGE,64,8,normal,OK,12995,-628,10,8,8,6901,0x0000080c
RANGE,64,8,ckpt,OK,12995,-628,10,8,4,4821,0x0000080c
RANGE,64,9,normal,OK,8166,2259,10,9,9,7036,0x0000080c
RANGE,64,9,ckpt,OK,8166,2259,10,9,2,4159,0x0000080c
RANGE,64,10,normal,OK,8771,-3801,5,4,4,3370,0x0000080c
RANGE,64,10,ckpt,OK,8771,-3801,5,4,2,2440,0x0000080c
RANGE,64,11,normal,OK,1236,1692,12,19,19,10612,0x0000080c
RANGE,64,11,ckpt,OK,1236,1692,12,19,7,6168,0x0000080c
RANGE,64,12,normal,OK,318,626,14,20,20,11833,0x0000080c
RANGE,64,12,ckpt,OK,318,626,14,20,10,7882,0x0000080c
RANGE,64,13,normal,OK,13135,465,7,7,7,5170,0x0000080c
RANGE,64,13,ckpt,OK,13135,465,7,7,2,3196,0x0000080c
RANGE,64,14,normal,OK,14698,-2746,12,19,19,10619,0x0000080c
RANGE,64,14,ckpt,OK,14698,-2746,12,19,6,5910,0x0000080c
RANGE,64,15,normal,OK,16151,-1400,13,18,18,10874,0x0000080c
RANGE,64,15,ckpt,OK,16151,-1400,13,18,6,6306,0x0000080c
RANGE,64,16,normal,OK,12560,207,13,30,30,14028,0x0000080c
RANGE,64,16,ckpt,OK,12560,207,13,30,8,6878,0x0000080c
RANGE,64,17,normal,OK,13599,-583,15,30,30,15007,0x0000080c
RANGE,64,17,ckpt,OK,13599,-583,15,30,10,8201,0x0000080c
RANGE,64,18,normal,OK,13981,-1174,13,18,18,10881,0x0000080c
RANGE,64,18,ckpt,OK,13981,-1174,13,18,8,6871,0x0000080c
RANGE,64,19,normal,OK,13981,-1174,8,4,4,4797,0x0000080c
RANGE,64,19,ckpt,OK,13981,-1174,8,4,2,3493,0x0000080c
RANGE,64,20,normal,OK,6855,-2726,9,9,9,6594,0x0000080c
RANGE,64,20,ckpt,OK,6855,-2726,9,9,4,4376,0x0000080c
RANGE,64,21,normal,OK,3675,78,14,23,23,12694,0x0000080c
RANGE,64,21,ckpt,OK,3675,78,14,23,6,6681,0x0000080c
RANGE,64,22,normal,OK,14698,-2746,11,13,13,8548,0x0000080c
RANGE,64,22,ckpt,OK,14698,-2746,11,13,4,5024,0x0000080c
RANGE,64,23,normal,OK,6787,-1136,5,4,4,3384,0x0000080c
RANGE,64,23,ckpt,OK,6787,-1136,5,4,2,2454,0x0000080c
RANGE,64,24,normal,OK,8431,1225,11,21,21,10704,0x0000080c
RANGE,64,24,ckpt,OK,8431,1225,11,21,6,5590,0x0000080c
RANGE,64,25,normal,OK,15678,3772,16,38,38,17532,0x0000080c
RANGE,64,25,ckpt,OK,15678,3772,16,38,10,8356,0x0000080c
RANGE,64,26,normal,OK,1111,3018,7,3,3,3988,0x0000080c
RANGE,64,26,ckpt,OK,1111,3018,7,3,2,3073,0x0000080c
RANGE,64,27,normal,OK,6787,-1136,12,17,17,10077,0x0000080c
RANGE,64,27,ckpt,OK,6787,-1136,12,17,4,5572,0x0000080c
RANGE,64,28,normal,OK,12495,-3747,5,4,4,3425,0x0000080c
RANGE,64,28,ckpt,OK,12495,-3747,5,4,2,2497,0x0000080c
RANGE,64,29,normal,OK,1691,-1050,3,1,1,1645,0x0000080c
RANGE,64,29,ckpt,OK,1691,-1050,3,1,1,4385,0x0000080c
RANGE,64,30,normal,OK,4475,-1764,7,3,3,4081,0x0000080c
RANGE,64,30,ckpt,OK,4475,-1764,7,3,1,2899,0x0000080c
RANGE,64,31,normal,OK,318,626,11,19,19,10203,0x0000080c
RANGE,64,31,ckpt,OK,318,626,11,19,5,5351,0x0000080c
RANGE,64,32,normal,OK,11383,3702,16,35,35,16758,0x0000080c
RANGE,64,32,ckpt,OK,11383,3702,16,35,7,7582,0x0000080c
RANGE,64,33,normal,OK,8166,2259,8,8,8,5792,0x0000080c
RANGE,64,33,ckpt,OK,8166,2259,8,8,3,3695,0x0000080c
RANGE,64,34,normal,OK,318,626,5,3,3,3120,0x0000080c
RANGE,64,34,ckpt,OK,318,626,5,3,2,2456,0x0000080c
RANGE,64,35,normal,OK,12495,-3747,15,30,30,14921,0x0000080c
RANGE,64,35,ckpt,OK,12495,-3747,15,30,12,8699,0x0000080c
RANGE,64,36,normal,OK,6855,-2726,14,23,23,12708,0x0000080c
RANGE,64,36,ckpt,OK,6855,-2726,14,23,9,7488,0x0000080c
RANGE,64,37,normal,OK,13446,-543,4,2,2,2387,0x0000080c
RANGE,64,37,ckpt,OK,13446,-543,4,2,1,1842,0x0000080c
RANGE,64,38,normal,OK,15073,-866,5,4,4,3421,0x0000080c
RANGE,64,38,ckpt,OK,15073,-866,5,4,2,2491,0x0000080c
RANGE,64,39,normal,OK,6855,-2726,2,1,1,1193,0x0000080c
RANGE,64,39,ckpt,OK,6855,-2726,2,1,1,1161,0x0000080c
RANGE,64,40,normal,OK,8166,2259,11,14,14,8868,0x0000080c
RANGE,64,40,ckpt,OK,8166,2259,11,14,5,5341,0x0000080c
RANGE,64,41,normal,OK,645,768,14,29,29,14137,0x0000080c
RANGE,64,41,ckpt,OK,645,768,14,29,9,7399,0x0000080c
RANGE,64,42,normal,OK,6787,-1136,11,12,12,8259,0x0000080c
RANGE,64,42,ckpt,OK,6787,-1136,11,12,5,5261,0x0000080c
RANGE,64,43,normal,OK,12345,2314,10,12,12,7841,0x0000080c
RANGE,64,43,ckpt,OK,12345,2314,10,12,5,4971,0x0000080c
RANGE,64,44,normal,OK,4299,-3541,12,13,13,8955,0x0000080c
RANGE,64,44,ckpt,OK,4299,-3541,12,13,5,5611,0x0000080c
RANGE,64,45,normal,OK,8166,2259,11,14,14,8780,0x0000080c
RANGE,64,45,ckpt,OK,8166,2259,11,14,4,4989,0x0000080c
RANGE,64,46,normal,OK,12995,-628,13,28,28,13522,0x0000080c
RANGE,64,46,ckpt,OK,12995,-628,13,28,7,6571,0x0000080c
RANGE,64,47,normal,OK,6075,-3833,15,30,30,15004,0x0000080c
RANGE,64,47,ckpt,OK,6075,-3833,15,30,13,8872,0x0000080c
RANGE,64,48,normal,OK,4299,-3541,17,27,27,15123,0x0000080c
RANGE,64,48,ckpt,OK,4299,-3541,17,27,10,8881,0x0000080c
RANGE,64,49,normal,OK,5193,2575,14,27,27,13655,0x0000080c
RANGE,64,49,ckpt,OK,5193,2575,14,27,6,6576,0x0000080c
RANGE,64,50,normal,OK,4554,4061,6,3,3,3526,0x0000080c
RANGE,64,50,ckpt,OK,4554,4061,6,3,2,2739,0x0000080c
RANGE,64,51,normal,OK,14356,-58,8,10,10,6312,0x0000080c
RANGE,64,51,ckpt,OK,14356,-58,8,10,3,3685,0x0000080c
RANGE,64,52,normal,OK,4728,-2771,8,5,5,5081,0x0000080c
RANGE,64,52,ckpt,OK,4728,-2771,8,5,2,6394,0x0000080c
RANGE,64,53,normal,OK,16227,-1474,2,1,1,1205,0x0000080c
RANGE,64,53,ckpt,OK,16227,-1474,2,1,1,1173,0x0000080c
RANGE,64,54,normal,OK,14356,-58,9,13,13,7608,0x0000080c
RANGE,64,54,ckpt,OK,14356,-58,9,13,4,4327,0x0000080c
RANGE,64,55,normal,OK,13446,-543,9,11,11,7135,0x0000080c
RANGE,64,55,ckpt,OK,13446,-543,9,11,4,4388,0x0000080c
RANGE,64,56,normal,OK,9998,-1243,14,15,15,10570,0x0000080c
RANGE,64,56,ckpt,OK,9998,-1243,14,15,3,5874,0x0000080c
RANGE,64,57,normal,OK,4100,1363,12,15,15,9588,0x0000080c
RANGE,64,57,ckpt,OK,4100,1363,12,15,5,5672,0x0000080c
RANGE,64,58,normal,OK,3669,3592,10,11,11,7587,0x0000080c
RANGE,64,58,ckpt,OK,3669,3592,10,11,4,4715,0x0000080c
RANGE,64,59,normal,OK,4554,4061,6,5,5,4168,0x0000080c
RANGE,64,59,ckpt,OK,4554,4061,6,5,2,2847,0x0000080c
RANGE,64,60,normal,OK,4695,-731,8,6,6,5374,0x0000080c
RANGE,64,60,ckpt,OK,4695,-731,8,6,2,3540,0x0000080c
RANGE,64,61,normal,OK,13222,-1247,10,13,13,8142,0x0000080c
RANGE,64,61,ckpt,OK,13222,-1247,10,13,3,4472,0x0000080c
RANGE,64,62,normal,OK,5959,-2036,10,13,13,8119,0x0000080c
RANGE,64,62,ckpt,OK,5959,-2036,10,13,5,4982,0x0000080c
RANGE,64,63,normal,OK,14134,227,14,34,34,15539,0x0000080c
RANGE,64,63,ckpt,OK,14134,227,14,34,10,7670,0x0000080c
RANGE,64,64,normal,OK,3669,3592,8,4,4,4805,0x0000080c
RANGE,64,64,ckpt,OK,3669,3592,8,4,2,3501,0x0000080c
RANGE,64,65,normal,OK,7089,3669,16,39,39,17723,0x0000080c
RANGE,64,65,ckpt,OK,7089,3669,16,39,12,8814,0x0000080c
RANGE,64,66,normal,OK,1835,477,10,7,7,6563,0x0000080c
RANGE,64,66,ckpt,OK,1835,477,10,7,5,5014,0x0000080c
RANGE,64,67,normal,OK,5449,-2943,10,10,10,7302,0x0000080c
RANGE,64,67,ckpt,OK,5449,-2943,10,10,4,4694,0x0000080c
RANGE,64,68,normal,OK,5193,2575,6,3,3,3564,0x0000080c
RANGE,64,68,ckpt,OK,5193,2575,6,3,1,2509,0x0000080c
RANGE,64,69,normal,OK,8771,-3801,15,23,23,13073,0x0000080c
RANGE,64,69,ckpt,OK,8771,-3801,15,23,5,6667,0x0000080c
RANGE,64,70,normal,OK,5193,2575,8,7,7,5598,0x0000080c
RANGE,64,70,ckpt,OK,5193,2575,8,7,2,3501,0x0000080c
RANGE,64,71,normal,OK,3669,3592,16,27,27,14602,0x0000080c
RANGE,64,71,ckpt,OK,3669,3592,16,27,12,8968,0x0000080c
RANGE,64,72,normal,OK,2272,-2760,9,10,10,6795,0x0000080c
RANGE,64,72,ckpt,OK,2272,-2760,9,10,4,4311,0x0000080c
RANGE,64,73,normal,OK,13135,465,5,4,4,3393,0x0000080c
RANGE,64,73,ckpt,OK,13135,465,5,4,2,2462,0x0000080c
RANGE,64,74,normal,OK,12299,1447,15,35,35,16254,0x0000080c
RANGE,64,74,ckpt,OK,12299,1447,15,35,9,7732,0x0000080c
RANGE,64,75,normal,OK,883,-3821,10,12,12,7861,0x0000080c
RANGE,64,75,ckpt,OK,883,-3821,10,12,4,7753,0x0000080c
RANGE,64,76,normal,OK,14084,1681,9,10,10,6778,0x0000080c
RANGE,64,76,ckpt,OK,14084,1681,9,10,4,4294,0x0000080c
RANGE,64,77,normal,OK,3428,-3946,9,10,10,6762,0x0000080c
RANGE,64,77,ckpt,OK,3428,-3946,9,10,3,4013,0x0000080c
RANGE,64,78,normal,OK,4299,-3541,14,25,25,13212,0x0000080c
RANGE,64,78,ckpt,OK,4299,-3541,14,25,8,7260,0x0000080c
RANGE,64,79,normal,OK,1236,1692,8,8,8,5808,0x0000080c
RANGE,64,79,ckpt,OK,1236,1692,8,8,3,3714,0x0000080c
RANGE,64,80,normal,OK,8431,1225,10,10,10,7339,0x0000080c
RANGE,64,80,ckpt,OK,8431,1225,10,10,5,4998,0x0000080c
RANGE,64,81,normal,OK,1835,477,13,28,28,13536,0x0000080c
RANGE,64,81,ckpt,OK,1835,477,13,28,5,6053,0x0000080c
RANGE,64,82,normal,OK,12495,-3747,12,18,18,10450,0x0000080c
RANGE,64,82,ckpt,OK,12495,-3747,12,18,5,5739,0x0000080c
RANGE,64,83,normal,OK,6075,-3833,14,23,23,12692,0x0000080c
RANGE,64,83,ckpt,OK,6075,-3833,14,23,9,7568,0x0000080c
RANGE,64,84,normal,OK,15073,-866,9,11,11,7170,0x0000080c
RANGE,64,84,ckpt,OK,15073,-866,9,11,4,4426,0x0000080c
RANGE,64,85,normal,OK,15678,3772,12,21,21,11189,0x0000080c
RANGE,64,85,ckpt,OK,15678,3772,12,21,7,6315,0x0000080c
RANGE,64,86,normal,OK,1111,3018,12,19,19,10648,0x0000080c
RANGE,64,86,ckpt,OK,1111,3018,12,19,6,6140,0x0000080c
RANGE,64,87,normal,OK,12345,2314,13,23,23,12206,0x0000080c
RANGE,64,87,ckpt,OK,12345,2314,13,23,8,6841,0x0000080c
RANGE,64,88,normal,OK,318,626,12,19,19,10639,0x0000080c
RANGE,64,88,ckpt,OK,318,626,12,19,5,5671,0x0000080c
RANGE,64,89,normal,OK,698,-2344,13,19,19,11184,0x0000080c
RANGE,64,89,ckpt,OK,698,-2344,13,19,5,6087,0x0000080c
RANGE,64,90,normal,OK,9777,2203,14,19,19,11672,0x0000080c
RANGE,64,90,ckpt,OK,9777,2203,14,19,7,6978,0x0000080c
RANGE,64,91,normal,OK,2272,-2760,15,24,24,13418,0x0000080c
RANGE,64,91,ckpt,OK,2272,-2760,15,24,8,7639,0x0000080c
RANGE,64,92,normal,OK,6075,-3833,11,13,13,8651,0x0000080c
RANGE,64,92,ckpt,OK,6075,-3833,11,13,6,5656,0x0000080c
RANGE,64,93,normal,OK,4299,-3541,12,25,25,12145,0x0000080c
RANGE,64,93,ckpt,OK,4299,-3541,12,25,6,5847,0x0000080c
RANGE,64,94,normal,OK,883,-3821,13,21,21,11637,0x0000080c
RANGE,64,94,ckpt,OK,883,-3821,13,21,7,6608,0x0000080c
RANGE,64,95,normal,OK,8166,2259,4,2,2,2421,0x0000080c
RANGE,64,95,ckpt,OK,8166,2259,4,2,1,4628,0x0000080c
RANGE,64,96,normal,OK,15073,-866,6,4,4,3819,0x0000080c
RANGE,64,96,ckpt,OK,15073,-866,6,4,1,2498,0x0000080c
RANGE,64,97,normal,OK,15073,-866,8,5,5,5081,0x0000080c
RANGE,64,97,ckpt,OK,15073,-866,8,5,2,3512,0x0000080c
RANGE,64,98,normal,OK,1691,-1050,12,17,17,10093,0x0000080c
RANGE,64,98,ckpt,OK,1691,-1050,12,17,7,6180,0x0000080c
RANGE,64,99,normal,OK,9270,2094,12,18,18,10386,0x0000080c
RANGE,64,99,ckpt,OK,9270,2094,12,18,6,5948,0x0000080c
RANGE,256,0,normal,OK,12101,-2751,2,1,1,1218,0x0000080c
RANGE,256,0,ckpt,OK,12101,-2751,2,1,1,1187,0x0000080c
RANGE,256,1,normal,OK,1860,-2151,10,5,5,6002,0x0000080c
RANGE,256,1,ckpt,OK,1860,-2151,10,5,2,4186,0x0000080c
RANGE,256,2,normal,OK,7612,-2447,1,0,0,478,0x0000080c
RANGE,256,2,ckpt,OK,7612,-2447,1,0,0,571,0x0000080c
RANGE,256,3,normal,OK,16113,1308,9,8,8,6324,0x0000080c
RANGE,256,3,ckpt,OK,16113,1308,9,8,4,4370,0x0000080c
RANGE,256,4,normal,OK,4785,-3064,8,4,4,4810,0x0000080c
RANGE,256,4,ckpt,OK,4785,-3064,8,4,2,3506,0x0000080c
RANGE,256,5,normal,OK,1511,-1704,11,9,9,7582,0x0000080c
RANGE,256,5,ckpt,OK,1511,-1704,11,9,4,5118,0x0000080c
RANGE,256,6,normal,OK,598,3880,9,14,14,7854,0x0000080c
RANGE,256,6,ckpt,OK,598,3880,9,14,4,4313,0x0000080c
RANGE,256,7,normal,OK,6718,-633,5,3,3,3134,0x0000080c
RANGE,256,7,ckpt,OK,6718,-633,5,3,1,2200,0x0000080c
RANGE,256,8,normal,OK,12890,-3479,9,4,4,5353,0x0000080c
RANGE,256,8,ckpt,OK,12890,-3479,9,4,2,3925,0x0000080c
RANGE,256,9,normal,OK,6618,224,9,7,7,6093,0x0000080c
RANGE,256,9,ckpt,OK,6618,224,9,7,2,3870,0x0000080c
RANGE,256,10,normal,OK,5193,2575,7,6,6,4835,0x0000080c
RANGE,256,10,ckpt,OK,5193,2575,7,6,2,3127,0x0000080c
RANGE,256,11,normal,OK,11800,-2201,9,10,10,6868,0x0000080c
RANGE,256,11,ckpt,OK,11800,-2201,9,10,3,4117,0x0000080c
RANGE,256,12,normal,OK,591,-455,13,10,10,8706,0x0000080c
RANGE,256,12,ckpt,OK,591,-455,13,10,3,5461,0x0000080c
RANGE,256,13,normal,OK,2714,-4014,3,1,1,1673,0x0000080c
RANGE,256,13,ckpt,OK,2714,-4014,3,1,1,1518,0x0000080c
RANGE,256,14,normal,OK,6544,298,3,2,2,1940,0x0000080c
RANGE,256,14,ckpt,OK,6544,298,3,2,1,1519,0x0000080c
RANGE,256,15,normal,OK,7061,575,10,7,7,6493,0x0000080c
RANGE,256,15,ckpt,OK,7061,575,10,7,4,4678,0x0000080c
RANGE,256,16,normal,OK,13958,3326,7,6,6,4843,0x0000080c
RANGE,256,16,ckpt,OK,13958,3326,7,6,2,3135,0x0000080c
RANGE,256,17,normal,OK,8833,-2331,6,5,5,4142,0x0000080c
RANGE,256,17,ckpt,OK,8833,-2331,6,5,2,2826,0x0000080c
RANGE,256,18,normal,OK,12101,-2751,6,3,3,3610,0x0000080c
RANGE,256,18,ckpt,OK,12101,-2751,6,3,1,2552,0x0000080c
RANGE,256,19,normal,OK,14110,3958,7,3,3,4050,0x0000080c
RANGE,256,19,ckpt,OK,14110,3958,7,3,2,3135,0x0000080c
RANGE,256,20,normal,OK,6313,3315,9,9,9,6579,0x0000080c
RANGE,256,20,ckpt,OK,6313,3315,9,9,4,4361,0x0000080c
RANGE,256,21,normal,OK,4836,-1429,10,5,5,6012,0x0000080c
RANGE,256,21,ckpt,OK,4836,-1429,10,5,4,4731,0x0000080c
RANGE,256,22,normal,OK,2313,2221,5,1,1,2603,0x0000080c
RANGE,256,22,ckpt,OK,2313,2221,5,1,1,2202,0x0000080c
RANGE,256,23,normal,OK,6595,1025,5,4,4,3390,0x0000080c
RANGE,256,23,ckpt,OK,6595,1025,5,4,2,2460,0x0000080c
RANGE,256,24,normal,OK,6282,-619,6,6,6,4382,0x0000080c
RANGE,256,24,ckpt,OK,6282,-619,6,6,2,2797,0x0000080c
RANGE,256,25,normal,OK,10141,656,10,8,8,6750,0x0000080c
RANGE,256,25,ckpt,OK,10141,656,10,8,2,7172,0x0000080c
RANGE,256,26,normal,OK,6544,298,9,6,6,5709,0x0000080c
RANGE,256,26,ckpt,OK,6544,298,9,6,2,3751,0x0000080c
RANGE,256,27,normal,OK,10759,4069,6,4,4,3856,0x0000080c
RANGE,256,27,ckpt,OK,10759,4069,6,4,2,2801,0x0000080c
RANGE,256,28,normal,OK,12495,-3747,5,4,4,3379,0x0000080c
RANGE,256,28,ckpt,OK,12495,-3747,5,4,2,2451,0x0000080c
RANGE,256,29,normal,OK,14698,-2746,7,6,6,4832,0x0000080c
RANGE,256,29,ckpt,OK,14698,-2746,7,6,2,3122,0x0000080c
RANGE,256,30,normal,OK,13981,-1174,3,1,1,1704,0x0000080c
RANGE,256,30,ckpt,OK,13981,-1174,3,1,1,1548,0x0000080c
RANGE,256,31,normal,OK,15984,2155,4,2,2,2403,0x0000080c
RANGE,256,31,ckpt,OK,15984,2155,4,2,1,1858,0x0000080c
RANGE,256,32,normal,OK,12442,-3189,10,12,12,7871,0x0000080c
RANGE,256,32,ckpt,OK,12442,-3189,10,12,4,4733,0x0000080c
RANGE,256,33,normal,OK,1165,-3955,8,8,8,5823,0x0000080c
RANGE,256,33,ckpt,OK,1165,-3955,8,8,3,3726,0x0000080c
RANGE,256,34,normal,OK,1409,-221,8,8,8,5835,0x0000080c
RANGE,256,34,ckpt,OK,1409,-221,8,8,3,3741,0x0000080c
RANGE,256,35,normal,OK,4695,-731,2,1,1,1212,0x0000080c
RANGE,256,35,ckpt,OK,4695,-731,2,1,1,1182,0x0000080c
RANGE,256,36,normal,OK,15925,-2305,4,0,0,1896,0x0000080c
RANGE,256,36,ckpt,OK,15925,-2305,4,0,0,1614,0x0000080c
RANGE,256,37,normal,OK,15604,-3833,9,8,8,6303,0x0000080c
RANGE,256,37,ckpt,OK,15604,-3833,9,8,2,3815,0x0000080c
RANGE,256,38,normal,OK,15120,1624,5,4,4,3434,0x0000080c
RANGE,256,38,ckpt,OK,15120,1624,5,4,2,2504,0x0000080c
RANGE,256,39,normal,OK,1027,2796,5,4,4,3373,0x0000080c
RANGE,256,39,ckpt,OK,1027,2796,5,4,2,2441,0x0000080c
RANGE,256,40,normal,OK,14134,227,4,2,2,2402,0x0000080c
RANGE,256,40,ckpt,OK,14134,227,4,2,1,1857,0x0000080c
RANGE,256,41,normal,OK,7167,-3522,5,4,4,3398,0x0000080c
RANGE,256,41,ckpt,OK,7167,-3522,5,4,2,2466,0x0000080c
RANGE,256,42,normal,OK,13599,-583,9,3,3,4956,0x0000080c
RANGE,256,42,ckpt,OK,13599,-583,9,3,1,3527,0x0000080c
RANGE,256,43,normal,OK,598,3880,2,1,1,1193,0x0000080c
RANGE,256,43,ckpt,OK,598,3880,2,1,1,1162,0x0000080c
RANGE,256,44,normal,OK,10982,2141,9,5,5,5507,0x0000080c
RANGE,256,44,ckpt,OK,10982,2141,9,5,2,3815,0x0000080c
RANGE,256,45,normal,OK,1409,-221,7,6,6,4778,0x0000080c
RANGE,256,45,ckpt,OK,1409,-221,7,6,2,3069,0x0000080c
RANGE,256,46,normal,OK,6718,-633,6,3,3,3622,0x0000080c
RANGE,256,46,ckpt,OK,6718,-633,6,3,2,2831,0x0000080c
RANGE,256,47,normal,OK,12995,-628,8,3,3,4565,0x0000080c
RANGE,256,47,ckpt,OK,12995,-628,8,3,2,3529,0x0000080c
RANGE,256,48,normal,OK,10759,4069,11,7,7,7051,0x0000080c
RANGE,256,48,ckpt,OK,10759,4069,11,7,4,5112,0x0000080c
RANGE,256,49,normal,OK,13195,-3032,5,2,2,2814,0x0000080c
RANGE,256,49,ckpt,OK,13195,-3032,5,2,1,2145,0x0000080c
RANGE,256,50,normal,OK,2464,796,5,1,1,2528,0x0000080c
RANGE,256,50,ckpt,OK,2464,796,5,1,1,2128,0x0000080c
RANGE,256,51,normal,OK,14515,-2810,8,10,10,6286,0x0000080c
RANGE,256,51,ckpt,OK,14515,-2810,8,10,3,3659,0x0000080c
RANGE,256,52,normal,OK,4734,813,8,5,5,5098,0x0000080c
RANGE,256,52,ckpt,OK,4734,813,8,5,2,3530,0x0000080c
RANGE,256,53,normal,OK,8740,-1739,9,7,7,6070,0x0000080c
RANGE,256,53,ckpt,OK,8740,-1739,9,7,3,4114,0x0000080c
RANGE,256,54,normal,OK,8565,1388,6,6,6,4335,0x0000080c
RANGE,256,54,ckpt,OK,8565,1388,6,6,2,2749,0x0000080c
RANGE,256,55,normal,OK,11006,14,7,7,7,5172,0x0000080c
RANGE,256,55,ckpt,OK,11006,14,7,7,2,3199,0x0000080c
RANGE,256,56,normal,OK,645,768,8,7,7,5536,0x0000080c
RANGE,256,56,ckpt,OK,645,768,8,7,3,3704,0x0000080c
RANGE,256,57,normal,OK,9296,-1665,11,10,10,7787,0x0000080c
RANGE,256,57,ckpt,OK,9296,-1665,11,10,5,5320,0x0000080c
RANGE,256,58,normal,OK,9405,1321,2,1,1,1223,0x0000080c
RANGE,256,58,ckpt,OK,9405,1321,2,1,1,1194,0x0000080c
RANGE,256,59,normal,OK,1873,350,8,7,7,5690,0x0000080c
RANGE,256,59,ckpt,OK,1873,350,8,7,2,6610,0x0000080c
RANGE,256,60,normal,OK,2026,-2644,5,2,2,2888,0x0000080c
RANGE,256,60,ckpt,OK,2026,-2644,5,2,1,2219,0x0000080c
RANGE,256,61,normal,OK,5893,-2240,5,4,4,3410,0x0000080c
RANGE,256,61,ckpt,OK,5893,-2240,5,4,2,2478,0x0000080c
RANGE,256,62,normal,OK,6787,-1136,3,1,1,1678,0x0000080c
RANGE,256,62,ckpt,OK,6787,-1136,3,1,1,1523,0x0000080c
RANGE,256,63,normal,OK,5449,-2943,5,3,3,3100,0x0000080c
RANGE,256,63,ckpt,OK,5449,-2943,5,3,2,2434,0x0000080c
RANGE,256,64,normal,OK,9240,-1467,6,2,2,3364,0x0000080c
RANGE,256,64,ckpt,OK,9240,-1467,6,2,2,2838,0x0000080c
RANGE,256,65,normal,OK,10323,-26,6,3,3,3562,0x0000080c
RANGE,256,65,ckpt,OK,10323,-26,6,3,2,2773,0x0000080c
RANGE,256,66,normal,OK,11968,3802,3,1,1,1672,0x0000080c
RANGE,256,66,ckpt,OK,11968,3802,3,1,1,1517,0x0000080c
RANGE,256,67,normal,OK,6987,-2316,6,6,6,4430,0x0000080c
RANGE,256,67,ckpt,OK,6987,-2316,6,6,2,2846,0x0000080c
RANGE,256,68,normal,OK,5170,3782,6,3,3,3620,0x0000080c
RANGE,256,68,ckpt,OK,5170,3782,6,3,1,2565,0x0000080c
RANGE,256,69,normal,OK,12880,1397,2,1,1,1206,0x0000080c
RANGE,256,69,ckpt,OK,12880,1397,2,1,1,1174,0x0000080c
RANGE,256,70,normal,OK,4430,74,9,10,10,6835,0x0000080c
RANGE,256,70,ckpt,OK,4430,74,9,10,3,4086,0x0000080c
RANGE,256,71,normal,OK,8836,-3872,12,13,13,9052,0x0000080c
RANGE,256,71,ckpt,OK,8836,-3872,12,13,3,5135,0x0000080c
RANGE,256,72,normal,OK,1409,-221,8,6,6,5290,0x0000080c
RANGE,256,72,ckpt,OK,1409,-221,8,6,2,3458,0x0000080c
RANGE,256,73,normal,OK,12874,4091,4,2,2,2354,0x0000080c
RANGE,256,73,ckpt,OK,12874,4091,4,2,1,1810,0x0000080c
RANGE,256,74,normal,OK,5526,3979,9,10,10,6833,0x0000080c
RANGE,256,74,ckpt,OK,5526,3979,9,10,3,4084,0x0000080c
RANGE,256,75,normal,OK,2756,874,9,9,9,6527,0x0000080c
RANGE,256,75,ckpt,OK,2756,874,9,9,4,4308,0x0000080c
RANGE,256,76,normal,OK,4708,-911,8,6,6,5283,0x0000080c
RANGE,256,76,ckpt,OK,4708,-911,8,6,2,3449,0x0000080c
RANGE,256,77,normal,OK,14134,227,5,3,3,3047,0x0000080c
RANGE,256,77,ckpt,OK,14134,227,5,3,2,2382,0x0000080c
RANGE,256,78,normal,OK,7219,43,7,7,7,5135,0x0000080c
RANGE,256,78,ckpt,OK,7219,43,7,7,2,3160,0x0000080c
RANGE,256,79,normal,OK,6313,3315,7,5,5,4550,0x0000080c
RANGE,256,79,ckpt,OK,6313,3315,7,5,2,3108,0x0000080c
RANGE,256,80,normal,OK,8709,-3403,8,4,4,4783,0x0000080c
RANGE,256,80,ckpt,OK,8709,-3403,8,4,2,3479,0x0000080c
RANGE,256,81,normal,OK,15037,-3396,5,3,3,3167,0x0000080c
RANGE,256,81,ckpt,OK,15037,-3396,5,3,1,2235,0x0000080c
RANGE,256,82,normal,OK,7219,43,9,10,10,6874,0x0000080c
RANGE,256,82,ckpt,OK,7219,43,9,10,4,4388,0x0000080c
RANGE,256,83,normal,OK,2981,-1400,10,12,12,7845,0x0000080c
RANGE,256,83,ckpt,OK,2981,-1400,10,12,5,4973,0x0000080c
RANGE,256,84,normal,OK,1165,-3955,13,26,26,13006,0x0000080c
RANGE,256,84,ckpt,OK,1165,-3955,13,26,8,6875,0x0000080c
RANGE,256,85,normal,OK,1622,-746,2,1,1,1210,0x0000080c
RANGE,256,85,ckpt,OK,1622,-746,2,1,1,1183,0x0000080c
RANGE,256,86,normal,OK,2981,-1400,10,10,10,7365,0x0000080c
RANGE,256,86,ckpt,OK,2981,-1400,10,10,4,4949,0x0000080c
RANGE,256,87,normal,OK,11006,14,6,5,5,4149,0x0000080c
RANGE,256,87,ckpt,OK,11006,14,6,5,2,2828,0x0000080c
RANGE,256,88,normal,OK,12629,-3988,10,10,10,7310,0x0000080c
RANGE,256,88,ckpt,OK,12629,-3988,10,10,4,4701,0x0000080c
RANGE,256,89,normal,OK,5920,357,3,1,1,1690,0x0000080c
RANGE,256,89,ckpt,OK,5920,357,3,1,1,1535,0x0000080c
RANGE,256,90,normal,OK,480,-2190,4,2,2,2412,0x0000080c
RANGE,256,90,ckpt,OK,480,-2190,4,2,1,1867,0x0000080c
RANGE,256,91,normal,OK,533,909,13,10,10,8770,0x0000080c
RANGE,256,91,ckpt,OK,533,909,13,10,3,5628,0x0000080c
RANGE,256,92,normal,OK,5364,2037,3,1,1,1659,0x0000080c
RANGE,256,92,ckpt,OK,5364,2037,3,1,1,2761,0x0000080c
RANGE,256,93,normal,OK,2151,3011,3,2,2,1889,0x0000080c
RANGE,256,93,ckpt,OK,2151,3011,3,2,1,1469,0x0000080c
RANGE,256,94,normal,OK,14139,-261,9,7,7,6047,0x0000080c
RANGE,256,94,ckpt,OK,14139,-261,9,7,4,4358,0x0000080c
RANGE,256,95,normal,OK,13135,465,5,4,4,3410,0x0000080c
RANGE,256,95,ckpt,OK,13135,465,5,4,2,2480,0x0000080c
RANGE,256,96,normal,OK,4116,-3709,7,6,6,4866,0x0000080c
RANGE,256,96,ckpt,OK,4116,-3709,7,6,2,3158,0x0000080c
RANGE,256,97,normal,OK,2859,-2006,7,5,5,4621,0x0000080c
RANGE,256,97,ckpt,OK,2859,-2006,7,5,2,3176,0x0000080c
RANGE,256,98,normal,OK,1236,1692,12,17,17,10069,0x0000080c
RANGE,256,98,ckpt,OK,1236,1692,12,17,7,6156,0x0000080c
RANGE,256,99,normal,OK,6987,-2316,8,8,8,5877,0x0000080c
RANGE,256,99,ckpt,OK,6987,-2316,8,8,2,3519,0x0000080c
