target_count,seed_j,backend,attempt,m_bound,requested_j,result_index,success,target_probability,execution_seconds
1,1,NUMPY_FLOAT64,1,1,0,11645,False,6.103515625e-05,0.00011982896830886602
1,1,NUMPY_FLOAT64,2,2,1,9850,False,0.0005492270029208157,0.00033332896418869495
1,1,NUMPY_FLOAT64,3,2,0,2562,False,6.103515625e-05,4.797696601599455e-05
1,1,NUMPY_FLOAT64,4,2,1,4861,False,0.0005492270029208157,0.00011461798567324877
1,1,NUMPY_FLOAT64,5,3,2,4404,False,0.0015251339755106843,0.00016562396194785833
1,1,NUMPY_FLOAT64,6,3,2,16375,False,0.0015251339755106843,0.0001617589732632041
1,1,NUMPY_FLOAT64,7,3,0,9244,False,6.103515625e-05,4.3999054469168186e-05
1,1,NUMPY_FLOAT64,8,4,2,5026,False,0.0015251339755106843,0.00015474308747798204
1,1,NUMPY_FLOAT64,9,5,2,46,False,0.0015251339755106843,0.00015138799790292978
1,1,NUMPY_FLOAT64,10,6,1,14942,False,0.0005492270029208157,0.00010463898070156574
1,1,NUMPY_FLOAT64,11,7,6,8085,False,0.010279732566874802,0.0003601569915190339
1,1,NUMPY_FLOAT64,12,8,7,16084,False,0.01367043773236499,0.0004226529272273183
1,1,NUMPY_FLOAT64,13,9,2,4936,False,0.0015251339755106843,0.00014835491310805082
1,1,NUMPY_FLOAT64,14,11,7,9422,False,0.01367043773236499,0.00041304295882582664
1,1,NUMPY_FLOAT64,15,13,5,15086,False,0.007367240660447194,0.0002996909897774458
1,1,NUMPY_FLOAT64,16,16,2,2490,False,0.0015251339755106843,0.00015233794692903757
1,1,NUMPY_FLOAT64,17,19,0,15017,False,6.103515625e-05,4.146294668316841e-05
1,1,NUMPY_FLOAT64,18,23,20,12,False,0.09914077053988757,0.0010702770669013262
1,1,NUMPY_FLOAT64,19,27,12,8390,False,0.03766512580579634,0.0006593390135094523
1,1,NUMPY_FLOAT64,20,32,27,0,True,0.17354781470282743,0.0014248170191422105
1,1,QISKIT_AER_STATEVECTOR,1,1,0,11645,False,6.103515625000003e-05,0.005028750980272889
1,1,QISKIT_AER_STATEVECTOR,2,2,1,9850,False,0.0005492270029208162,0.015880752936936915
1,1,QISKIT_AER_STATEVECTOR,3,2,0,2562,False,6.103515625000003e-05,0.0017718520248308778
1,1,QISKIT_AER_STATEVECTOR,4,2,1,4861,False,0.0005492270029208162,0.014827710925601423
1,1,QISKIT_AER_STATEVECTOR,5,3,2,4404,False,0.0015251339755106847,0.026102039963006973
1,1,QISKIT_AER_STATEVECTOR,6,3,2,16375,False,0.0015251339755106847,0.019588175928220153
1,1,QISKIT_AER_STATEVECTOR,7,3,0,9244,False,6.103515625000003e-05,0.0019231190672144294
1,1,QISKIT_AER_STATEVECTOR,8,4,2,5026,False,0.0015251339755106847,0.03564681194256991
1,1,QISKIT_AER_STATEVECTOR,9,5,2,46,False,0.0015251339755106847,0.026343313977122307
1,1,QISKIT_AER_STATEVECTOR,10,6,1,14942,False,0.0005492270029208162,0.021244429983198643
1,1,QISKIT_AER_STATEVECTOR,11,7,6,8085,False,0.010279732566874785,0.11007068702019751
1,1,QISKIT_AER_STATEVECTOR,12,8,7,16084,False,0.013670437732364964,0.10137065907474607
1,1,QISKIT_AER_STATEVECTOR,13,9,2,4936,False,0.0015251339755106847,0.025924533954821527
1,1,QISKIT_AER_STATEVECTOR,14,11,7,9422,False,0.013670437732364964,0.0823745559900999
1,1,QISKIT_AER_STATEVECTOR,15,13,5,15086,False,0.007367240660447187,0.04849052696954459
1,1,QISKIT_AER_STATEVECTOR,16,16,2,2490,False,0.0015251339755106847,0.022161145927384496
1,1,QISKIT_AER_STATEVECTOR,17,19,0,15017,False,6.103515625000003e-05,0.002291092067025602
1,1,QISKIT_AER_STATEVECTOR,18,23,20,12,False,0.09914077053988667,0.24586502101738006
1,1,QISKIT_AER_STATEVECTOR,19,27,12,8390,False,0.03766512580579618,0.1461388849420473
1,1,QISKIT_AER_STATEVECTOR,20,32,27,0,True,0.17354781470282554,0.37748012493830174
1,2,NUMPY_FLOAT64,1,1,0,13090,False,6.103515625e-05,0.00013547507114708424
1,2,NUMPY_FLOAT64,2,2,1,153,False,0.0005492270029208157,0.0002603930188342929
1,2,NUMPY_FLOAT64,3,2,1,6489,False,0.0005492270029208157,0.00011328095570206642
1,2,NUMPY_FLOAT64,4,2,1,6571,False,0.0005492270029208157,0.00011014204937964678
1,2,NUMPY_FLOAT64,5,3,2,3525,False,0.0015251339755106843,0.00016502197831869125
1,2,NUMPY_FLOAT64,6,3,2,10046,False,0.0015251339755106843,0.00016003602650016546
1,2,NUMPY_FLOAT64,7,3,1,8280,False,0.0005492270029208157,0.0001852000132203102
1,2,NUMPY_FLOAT64,8,4,2,5050,False,0.0015251339755106843,0.00016597099602222443
1,2,NUMPY_FLOAT64,9,5,3,8067,False,0.002987803098035274,0.00021224096417427063
1,2,NUMPY_FLOAT64,10,6,2,4857,False,0.0015251339755106843,0.0003149190451949835
1,2,NUMPY_FLOAT64,11,7,1,6627,False,0.0005492270029208157,0.00010607100557535887
1,2,NUMPY_FLOAT64,12,8,3,5890,False,0.002987803098035274,0.0002055290387943387
1,2,NUMPY_FLOAT64,13,9,6,9213,False,0.010279732566874802,0.0006200189236551523
1,2,NUMPY_FLOAT64,14,11,9,13810,False,0.02187277996348917,0.0010486209066584706
1,2,NUMPY_FLOAT64,15,13,6,12794,False,0.010279732566874802,0.000712667009793222
1,2,NUMPY_FLOAT64,16,16,1,9990,False,0.0005492270029208157,0.00013638392556458712
1,2,NUMPY_FLOAT64,17,19,13,5280,False,0.04383948622338856,0.0013573539908975363
1,2,NUMPY_FLOAT64,18,23,19,10646,False,0.08999882408905392,0.0016093889717012644
1,2,NUMPY_FLOAT64,19,27,15,0,True,0.057518068989633325,0.001189755043014884
1,2,QISKIT_AER_STATEVECTOR,1,1,0,13090,False,6.103515625000003e-05,0.0018660719506442547
1,2,QISKIT_AER_STATEVECTOR,2,2,1,153,False,0.0005492270029208162,0.01822014304343611
1,2,QISKIT_AER_STATEVECTOR,3,2,1,6489,False,0.0005492270029208162,0.015121294069103897
1,2,QISKIT_AER_STATEVECTOR,4,2,1,6571,False,0.0005492270029208162,0.018698611995205283
1,2,QISKIT_AER_STATEVECTOR,5,3,2,3525,False,0.0015251339755106847,0.02953605994116515
1,2,QISKIT_AER_STATEVECTOR,6,3,2,10046,False,0.0015251339755106847,0.026615276001393795
1,2,QISKIT_AER_STATEVECTOR,7,3,1,8280,False,0.0005492270029208162,0.01562179799657315
1,2,QISKIT_AER_STATEVECTOR,8,4,2,5050,False,0.0015251339755106847,0.0349739691009745
1,2,QISKIT_AER_STATEVECTOR,9,5,3,8067,False,0.0029878030980352737,0.04983093496412039
1,2,QISKIT_AER_STATEVECTOR,10,6,2,4857,False,0.0015251339755106847,0.0267470310209319
1,2,QISKIT_AER_STATEVECTOR,11,7,1,6627,False,0.0005492270029208162,0.016920663067139685
1,2,QISKIT_AER_STATEVECTOR,12,8,3,5890,False,0.0029878030980352737,0.04181847407016903
1,2,QISKIT_AER_STATEVECTOR,13,9,6,9213,False,0.010279732566874785,0.05812397599220276
1,2,QISKIT_AER_STATEVECTOR,14,11,9,13810,False,0.02187277996348911,0.10269203200004995
1,2,QISKIT_AER_STATEVECTOR,15,13,6,12794,False,0.010279732566874785,0.07405196106992662
1,2,QISKIT_AER_STATEVECTOR,16,16,1,9990,False,0.0005492270029208162,0.010776008944958448
1,2,QISKIT_AER_STATEVECTOR,17,19,13,5280,False,0.04383948622338834,0.1570164499571547
1,2,QISKIT_AER_STATEVECTOR,18,23,19,10646,False,0.08999882408905313,0.21263472107239068
1,2,QISKIT_AER_STATEVECTOR,19,27,15,0,True,0.05751806898963299,0.18482167599722743
1,3,NUMPY_FLOAT64,1,1,0,12967,False,6.103515625e-05,0.00012034201063215733
1,3,NUMPY_FLOAT64,2,2,0,4269,False,6.103515625e-05,0.00010337494313716888
1,3,NUMPY_FLOAT64,3,2,1,10432,False,0.0005492270029208157,0.0003162390785291791
1,3,NUMPY_FLOAT64,4,2,0,264,False,6.103515625e-05,8.873105980455875e-05
1,3,NUMPY_FLOAT64,5,3,0,16295,False,6.103515625e-05,8.643697947263718e-05
1,3,NUMPY_FLOAT64,6,3,0,6395,False,6.103515625e-05,8.437095675617456e-05
1,3,NUMPY_FLOAT64,7,3,1,600,False,0.0005492270029208157,0.00020670297089964151
1,3,NUMPY_FLOAT64,8,4,0,3781,False,6.103515625e-05,4.398298915475607e-05
1,3,NUMPY_FLOAT64,9,5,4,7566,False,0.004935806069861494,0.0002927229506894946
1,3,NUMPY_FLOAT64,10,6,2,77,False,0.0015251339755106843,0.00016234302893280983
1,3,NUMPY_FLOAT64,11,7,4,8449,False,0.004935806069861494,0.0002720389747992158
1,3,NUMPY_FLOAT64,12,8,6,431,False,0.010279732566874802,0.0003550599794834852
1,3,NUMPY_FLOAT64,13,9,2,6095,False,0.0015251339755106843,0.0001476040342822671
1,3,NUMPY_FLOAT64,14,11,4,15460,False,0.004935806069861494,0.0002654050476849079
1,3,NUMPY_FLOAT64,15,13,10,6435,False,0.02667640741818577,0.000626289052888751
1,3,NUMPY_FLOAT64,16,16,4,4598,False,0.004935806069861494,0.0002724110381677747
1,3,NUMPY_FLOAT64,17,19,1,11082,False,0.0005492270029208157,0.00016941095236688852
1,3,NUMPY_FLOAT64,18,23,9,12790,False,0.02187277996348917,0.0005283030914142728
1,3,NUMPY_FLOAT64,19,27,24,5259,False,0.13952800822431213,0.002165028010495007
1,3,NUMPY_FLOAT64,20,32,22,0,True,0.11858967465648255,0.0021516719134524465
1,3,QISKIT_AER_STATEVECTOR,1,1,0,12967,False,6.103515625000003e-05,0.0019222759874537587
1,3,QISKIT_AER_STATEVECTOR,2,2,0,4269,False,6.103515625000003e-05,0.0019264610018581152
1,3,QISKIT_AER_STATEVECTOR,3,2,1,10432,False,0.0005492270029208162,0.014496624004095793
1,3,QISKIT_AER_STATEVECTOR,4,2,0,264,False,6.103515625000003e-05,0.002035354031249881
1,3,QISKIT_AER_STATEVECTOR,5,3,0,16295,False,6.103515625000003e-05,0.0015873989323154092
1,3,QISKIT_AER_STATEVECTOR,6,3,0,6395,False,6.103515625000003e-05,0.0016363989561796188
1,3,QISKIT_AER_STATEVECTOR,7,3,1,600,False,0.0005492270029208162,0.014831489999778569
1,3,QISKIT_AER_STATEVECTOR,8,4,0,3781,False,6.103515625000003e-05,0.0013661389239132404
1,3,QISKIT_AER_STATEVECTOR,9,5,4,7566,False,0.004935806069861492,0.03907002799678594
1,3,QISKIT_AER_STATEVECTOR,10,6,2,77,False,0.0015251339755106847,0.022359819966368377
1,3,QISKIT_AER_STATEVECTOR,11,7,4,8449,False,0.004935806069861492,0.05073427397292107
1,3,QISKIT_AER_STATEVECTOR,12,8,6,431,False,0.010279732566874785,0.07798490603454411
1,3,QISKIT_AER_STATEVECTOR,13,9,2,6095,False,0.0015251339755106847,0.024591397028416395
1,3,QISKIT_AER_STATEVECTOR,14,11,4,15460,False,0.004935806069861492,0.05204229708760977
1,3,QISKIT_AER_STATEVECTOR,15,13,10,6435,False,0.026676407418185676,0.13982960500288755
1,3,QISKIT_AER_STATEVECTOR,16,16,4,4598,False,0.004935806069861492,0.041092492057941854
1,3,QISKIT_AER_STATEVECTOR,17,19,1,11082,False,0.0005492270029208162,0.010965829016640782
1,3,QISKIT_AER_STATEVECTOR,18,23,9,12790,False,0.02187277996348911,0.11753533803857863
1,3,QISKIT_AER_STATEVECTOR,19,27,24,5259,False,0.1395280082243107,0.23603352392092347
1,3,QISKIT_AER_STATEVECTOR,20,32,22,0,True,0.11858967465648136,0.2955777699826285
1,4,NUMPY_FLOAT64,1,1,0,15163,False,6.103515625e-05,0.00012073491234332323
1,4,NUMPY_FLOAT64,2,2,0,5292,False,6.103515625e-05,0.00010877102613449097
1,4,NUMPY_FLOAT64,3,2,0,15037,False,6.103515625e-05,9.191699791699648e-05
1,4,NUMPY_FLOAT64,4,2,1,9796,False,0.0005492270029208157,0.0003243850078433752
1,4,NUMPY_FLOAT64,5,3,2,597,False,0.0015251339755106843,0.0003347169840708375
1,4,NUMPY_FLOAT64,6,3,2,2241,False,0.0015251339755106843,0.00031391694210469723
1,4,NUMPY_FLOAT64,7,3,2,10394,False,0.0015251339755106843,0.0002958310069516301
1,4,NUMPY_FLOAT64,8,4,3,10440,False,0.002987803098035274,0.00039551500231027603
1,4,NUMPY_FLOAT64,9,5,4,12410,False,0.004935806069861494,0.0005188799696043134
1,4,NUMPY_FLOAT64,10,6,5,724,False,0.007367240660447194,0.0006167240208014846
1,4,NUMPY_FLOAT64,11,7,3,731,False,0.002987803098035274,0.0004102709935978055
1,4,NUMPY_FLOAT64,12,8,6,1020,False,0.010279732566874802,0.0007044400554150343
1,4,NUMPY_FLOAT64,13,9,2,10702,False,0.0015251339755106843,0.0003081390168517828
1,4,NUMPY_FLOAT64,14,11,5,5195,False,0.007367240660447194,0.0006383869331330061
1,4,NUMPY_FLOAT64,15,13,1,10624,False,0.0005492270029208157,0.00019417901057749987
1,4,NUMPY_FLOAT64,16,16,9,8120,False,0.02187277996348917,0.0010355270933359861
1,4,NUMPY_FLOAT64,17,19,5,5129,False,0.007367240660447194,0.0006151669658720493
1,4,NUMPY_FLOAT64,18,23,5,15753,False,0.007367240660447194,0.0006189580308273435
1,4,NUMPY_FLOAT64,19,27,19,13765,False,0.08999882408905392,0.0019708600593730807
1,4,NUMPY_FLOAT64,20,32,22,10215,False,0.11858967465648255,0.0022599330404773355
1,4,NUMPY_FLOAT64,21,39,14,0,True,0.05045928870343037,0.0014666389906778932
1,4,QISKIT_AER_STATEVECTOR,1,1,0,15163,False,6.103515625000003e-05,0.002335206954739988
1,4,QISKIT_AER_STATEVECTOR,2,2,0,5292,False,6.103515625000003e-05,0.001918746973387897
1,4,QISKIT_AER_STATEVECTOR,3,2,0,15037,False,6.103515625000003e-05,0.002119684941135347
1,4,QISKIT_AER_STATEVECTOR,4,2,1,9796,False,0.0005492270029208162,0.018449530005455017
1,4,QISKIT_AER_STATEVECTOR,5,3,2,597,False,0.0015251339755106847,0.03260447608772665
1,4,QISKIT_AER_STATEVECTOR,6,3,2,2241,False,0.0015251339755106847,0.02431131002958864
1,4,QISKIT_AER_STATEVECTOR,7,3,2,10394,False,0.0015251339755106847,0.026193410041742027
1,4,QISKIT_AER_STATEVECTOR,8,4,3,10440,False,0.0029878030980352737,0.03708308795467019
1,4,QISKIT_AER_STATEVECTOR,9,5,4,12410,False,0.004935806069861492,0.058777649071998894
1,4,QISKIT_AER_STATEVECTOR,10,6,5,724,False,0.007367240660447187,0.07354858703911304
1,4,QISKIT_AER_STATEVECTOR,11,7,3,731,False,0.0029878030980352737,0.0391186629422009
1,4,QISKIT_AER_STATEVECTOR,12,8,6,1020,False,0.010279732566874785,0.0882045200560242
1,4,QISKIT_AER_STATEVECTOR,13,9,2,10702,False,0.0015251339755106847,0.020258703967556357
1,4,QISKIT_AER_STATEVECTOR,14,11,5,5195,False,0.007367240660447187,0.05075850896537304
1,4,QISKIT_AER_STATEVECTOR,15,13,1,10624,False,0.0005492270029208162,0.013731552986428142
1,4,QISKIT_AER_STATEVECTOR,16,16,9,8120,False,0.02187277996348911,0.11624760192353278
1,4,QISKIT_AER_STATEVECTOR,17,19,5,5129,False,0.007367240660447187,0.06796731799840927
1,4,QISKIT_AER_STATEVECTOR,18,23,5,15753,False,0.007367240660447187,0.06743956007994711
1,4,QISKIT_AER_STATEVECTOR,19,27,19,13765,False,0.08999882408905313,0.24580256501212716
1,4,QISKIT_AER_STATEVECTOR,20,32,22,10215,False,0.11858967465648136,0.2970594910439104
1,4,QISKIT_AER_STATEVECTOR,21,39,14,0,True,0.050459288703430076,0.18995958799496293
1,5,NUMPY_FLOAT64,1,1,0,9458,False,6.103515625e-05,0.00011921091936528683
1,5,NUMPY_FLOAT64,2,2,1,7977,False,0.0005492270029208157,0.00032592297066003084
1,5,NUMPY_FLOAT64,3,2,0,2933,False,6.103515625e-05,7.187109440565109e-05
1,5,NUMPY_FLOAT64,4,2,0,8773,False,6.103515625e-05,7.866299711167812e-05
1,5,NUMPY_FLOAT64,5,3,0,3903,False,6.103515625e-05,9.063701145350933e-05
1,5,NUMPY_FLOAT64,6,3,1,4896,False,0.0005492270029208157,0.00021182408090680838
1,5,NUMPY_FLOAT64,7,3,1,11224,False,0.0005492270029208157,0.0001267869956791401
1,5,NUMPY_FLOAT64,8,4,0,8578,False,6.103515625e-05,4.6587083488702774e-05
1,5,NUMPY_FLOAT64,9,5,3,15673,False,0.002987803098035274,0.00032242597080767155
1,5,NUMPY_FLOAT64,10,6,4,13998,False,0.004935806069861494,0.00038530805613845587
1,5,NUMPY_FLOAT64,11,7,2,4910,False,0.0015251339755106843,0.0003049740334972739
1,5,NUMPY_FLOAT64,12,8,6,1074,False,0.010279732566874802,0.0006356739904731512
1,5,NUMPY_FLOAT64,13,9,2,9633,False,0.0015251339755106843,0.00028106500394642353
1,5,NUMPY_FLOAT64,14,11,9,10745,False,0.02187277996348917,0.0008873560000211
1,5,NUMPY_FLOAT64,15,13,10,1099,False,0.02667640741818577,0.0007388179656118155
1,5,NUMPY_FLOAT64,16,16,7,6844,False,0.01367043773236499,0.0005040150135755539
1,5,NUMPY_FLOAT64,17,19,9,14452,False,0.02187277996348917,0.0005771690048277378
1,5,NUMPY_FLOAT64,18,23,3,1674,False,0.002987803098035274,0.00040389306377619505
1,5,NUMPY_FLOAT64,19,27,17,2467,False,0.0729245693708311,0.0013848330127075315
1,5,NUMPY_FLOAT64,20,32,12,376,False,0.03766512580579634,0.0011260270839557052
1,5,NUMPY_FLOAT64,21,39,24,15849,False,0.13952800822431213,0.0018254020251333714
1,5,NUMPY_FLOAT64,22,47,43,0,True,0.39508186520117,0.0025074040750041604
1,5,QISKIT_AER_STATEVECTOR,1,1,0,9458,False,6.103515625000003e-05,0.0017668900545686483
1,5,QISKIT_AER_STATEVECTOR,2,2,1,7977,False,0.0005492270029208162,0.012236659997142851
1,5,QISKIT_AER_STATEVECTOR,3,2,0,2933,False,6.103515625000003e-05,0.0012847280595451593
1,5,QISKIT_AER_STATEVECTOR,4,2,0,8773,False,6.103515625000003e-05,0.0012349840253591537
1,5,QISKIT_AER_STATEVECTOR,5,3,0,3903,False,6.103515625000003e-05,0.0011527820024639368
1,5,QISKIT_AER_STATEVECTOR,6,3,1,4896,False,0.0005492270029208162,0.010694897035136819
1,5,QISKIT_AER_STATEVECTOR,7,3,1,11224,False,0.0005492270029208162,0.011053598020225763
1,5,QISKIT_AER_STATEVECTOR,8,4,0,8578,False,6.103515625000003e-05,0.0011800660286098719
1,5,QISKIT_AER_STATEVECTOR,9,5,3,15673,False,0.0029878030980352737,0.040238299989141524
1,5,QISKIT_AER_STATEVECTOR,10,6,4,13998,False,0.004935806069861492,0.0531508750282228
1,5,QISKIT_AER_STATEVECTOR,11,7,2,4910,False,0.0015251339755106847,0.026944575016386807
1,5,QISKIT_AER_STATEVECTOR,12,8,6,1074,False,0.010279732566874785,0.07600370002910495
1,5,QISKIT_AER_STATEVECTOR,13,9,2,9633,False,0.0015251339755106847,0.027766601997427642
1,5,QISKIT_AER_STATEVECTOR,14,11,9,10745,False,0.02187277996348911,0.12611845694482327
1,5,QISKIT_AER_STATEVECTOR,15,13,10,1099,False,0.026676407418185676,0.1075852430658415
1,5,QISKIT_AER_STATEVECTOR,16,16,7,6844,False,0.013670437732364964,0.08560435089748353
1,5,QISKIT_AER_STATEVECTOR,17,19,9,14452,False,0.02187277996348911,0.12062091496773064
1,5,QISKIT_AER_STATEVECTOR,18,23,3,1674,False,0.0029878030980352737,0.04095366189721972
1,5,QISKIT_AER_STATEVECTOR,19,27,17,2467,False,0.07292456937083056,0.20078850199934095
1,5,QISKIT_AER_STATEVECTOR,20,32,12,376,False,0.03766512580579618,0.15479977696668357
1,5,QISKIT_AER_STATEVECTOR,21,39,24,15849,False,0.1395280082243107,0.34465684997849166
1,5,QISKIT_AER_STATEVECTOR,22,47,43,0,True,0.3950818652011633,0.6096457549137995
1,6,NUMPY_FLOAT64,1,1,0,8190,False,6.103515625e-05,0.00012543995399028063
1,6,NUMPY_FLOAT64,2,2,1,5891,False,0.0005492270029208157,0.0003245830303058028
1,6,NUMPY_FLOAT64,3,2,1,8117,False,0.0005492270029208157,0.0002101990394294262
1,6,NUMPY_FLOAT64,4,2,0,4527,False,6.103515625e-05,9.074900299310684e-05
1,6,NUMPY_FLOAT64,5,3,0,14909,False,6.103515625e-05,8.799100760370493e-05
1,6,NUMPY_FLOAT64,6,3,1,8378,False,0.0005492270029208157,0.00020410597790032625
1,6,NUMPY_FLOAT64,7,3,2,3222,False,0.0015251339755106843,0.00021419406402856112
1,6,NUMPY_FLOAT64,8,4,1,1581,False,0.0005492270029208157,0.00018930400256067514
1,6,NUMPY_FLOAT64,9,5,0,12174,False,6.103515625e-05,8.343893568962812e-05
1,6,NUMPY_FLOAT64,10,6,5,2607,False,0.007367240660447194,0.0006310479948297143
1,6,NUMPY_FLOAT64,11,7,1,3047,False,0.0005492270029208157,0.0001965000992640853
1,6,NUMPY_FLOAT64,12,8,5,1109,False,0.007367240660447194,0.0006264969706535339
1,6,NUMPY_FLOAT64,13,9,5,12304,False,0.007367240660447194,0.0004587980220094323
1,6,NUMPY_FLOAT64,14,11,8,6458,False,0.017536045123506365,0.000779403024353087
1,6,NUMPY_FLOAT64,15,13,12,11823,False,0.03766512580579634,0.0007645169971510768
1,6,NUMPY_FLOAT64,16,16,4,5330,False,0.004935806069861494,0.0004014859441667795
1,6,NUMPY_FLOAT64,17,19,8,10241,False,0.017536045123506365,0.0006771469488739967
1,6,NUMPY_FLOAT64,18,23,3,13086,False,0.002987803098035274,0.0003594231093302369
1,6,NUMPY_FLOAT64,19,27,18,8718,False,0.08125724497359635,0.0015211700228974223
1,6,NUMPY_FLOAT64,20,32,17,5839,False,0.0729245693708311,0.0016701819840818644
1,6,NUMPY_FLOAT64,21,39,2,1387,False,0.0015251339755106843,0.00029844604432582855
1,6,NUMPY_FLOAT64,22,47,30,0,True,0.2104347872761882,0.002983157057315111
1,6,QISKIT_AER_STATEVECTOR,1,1,0,8190,False,6.103515625000003e-05,0.0015512319514527917
1,6,QISKIT_AER_STATEVECTOR,2,2,1,5891,False,0.0005492270029208162,0.016471691080369055
1,6,QISKIT_AER_STATEVECTOR,3,2,1,8117,False,0.0005492270029208162,0.019138377043418586
1,6,QISKIT_AER_STATEVECTOR,4,2,0,4527,False,6.103515625000003e-05,0.0021430249325931072
1,6,QISKIT_AER_STATEVECTOR,5,3,0,14909,False,6.103515625000003e-05,0.0020883389515802264
1,6,QISKIT_AER_STATEVECTOR,6,3,1,8378,False,0.0005492270029208162,0.017561925924383104
1,6,QISKIT_AER_STATEVECTOR,7,3,2,3222,False,0.0015251339755106847,0.02892272500321269
1,6,QISKIT_AER_STATEVECTOR,8,4,1,1581,False,0.0005492270029208162,0.01872030203230679
1,6,QISKIT_AER_STATEVECTOR,9,5,0,12174,False,6.103515625000003e-05,0.0020035180496051908
1,6,QISKIT_AER_STATEVECTOR,10,6,5,2607,False,0.007367240660447187,0.0646246790420264
1,6,QISKIT_AER_STATEVECTOR,11,7,1,3047,False,0.0005492270029208162,0.016011704923585057
1,6,QISKIT_AER_STATEVECTOR,12,8,5,1109,False,0.007367240660447187,0.06969648809172213
1,6,QISKIT_AER_STATEVECTOR,13,9,5,12304,False,0.007367240660447187,0.0509862540056929
1,6,QISKIT_AER_STATEVECTOR,14,11,8,6458,False,0.017536045123506327,0.10426027805078775
1,6,QISKIT_AER_STATEVECTOR,15,13,12,11823,False,0.03766512580579618,0.12966129300184548
1,6,QISKIT_AER_STATEVECTOR,16,16,4,5330,False,0.004935806069861492,0.04559622996021062
1,6,QISKIT_AER_STATEVECTOR,17,19,8,10241,False,0.017536045123506327,0.09446540998760611
1,6,QISKIT_AER_STATEVECTOR,18,23,3,13086,False,0.0029878030980352737,0.05449641996528953
1,6,QISKIT_AER_STATEVECTOR,19,27,18,8718,False,0.08125724497359568,0.2556095980107784
1,6,QISKIT_AER_STATEVECTOR,20,32,17,5839,False,0.07292456937083056,0.19742349302396178
1,6,QISKIT_AER_STATEVECTOR,21,39,2,1387,False,0.0015251339755106847,0.025141694932244718
1,6,QISKIT_AER_STATEVECTOR,22,47,30,0,True,0.21043478727618575,0.4009850309230387
1,7,NUMPY_FLOAT64,1,1,0,14767,False,6.103515625e-05,0.00011806201655417681
1,7,NUMPY_FLOAT64,2,2,0,10734,False,6.103515625e-05,0.0001031969441100955
1,7,NUMPY_FLOAT64,3,2,1,4935,False,0.0005492270029208157,0.0002810601145029068
1,7,NUMPY_FLOAT64,4,2,1,896,False,0.0005492270029208157,0.00021183094941079617
1,7,NUMPY_FLOAT64,5,3,2,15393,False,0.0015251339755106843,0.00031807797495275736
1,7,NUMPY_FLOAT64,6,3,2,15320,False,0.0015251339755106843,0.0002974630333483219
1,7,NUMPY_FLOAT64,7,3,2,7370,False,0.0015251339755106843,0.00030447705648839474
1,7,NUMPY_FLOAT64,8,4,0,10352,False,6.103515625e-05,8.933607023209333e-05
1,7,NUMPY_FLOAT64,9,5,2,881,False,0.0015251339755106843,0.0003059839364141226
1,7,NUMPY_FLOAT64,10,6,4,4643,False,0.004935806069861494,0.000509698991663754
1,7,NUMPY_FLOAT64,11,7,2,6947,False,0.0015251339755106843,0.0003007070627063513
1,7,NUMPY_FLOAT64,12,8,3,271,False,0.002987803098035274,0.0004226469900459051
1,7,NUMPY_FLOAT64,13,9,1,1350,False,0.0005492270029208157,0.00015171896666288376
1,7,NUMPY_FLOAT64,14,11,10,10968,False,0.02667640741818577,0.0010785970371216536
1,7,NUMPY_FLOAT64,15,13,3,7556,False,0.002987803098035274,0.00041360093746334314
1,7,NUMPY_FLOAT64,16,16,6,11741,False,0.010279732566874802,0.0006226459518074989
1,7,NUMPY_FLOAT64,17,19,16,12509,False,0.06500893416261029,0.0016977590275928378
1,7,NUMPY_FLOAT64,18,23,18,6540,False,0.08125724497359635,0.0015139880124479532
1,7,NUMPY_FLOAT64,19,27,25,16008,False,0.15053037798122515,0.0015722319949418306
1,7,NUMPY_FLOAT64,20,32,10,12810,False,0.02667640741818577,0.0007039679912850261
1,7,NUMPY_FLOAT64,21,39,37,0,True,0.30579319654865766,0.0022814420517534018
1,7,QISKIT_AER_STATEVECTOR,1,1,0,14767,False,6.103515625000003e-05,0.002157794893719256
1,7,QISKIT_AER_STATEVECTOR,2,2,0,10734,False,6.103515625000003e-05,0.0017310719704255462
1,7,QISKIT_AER_STATEVECTOR,3,2,1,4935,False,0.0005492270029208162,0.016769743990153074
1,7,QISKIT_AER_STATEVECTOR,4,2,1,896,False,0.0005492270029208162,0.013942221063189209
1,7,QISKIT_AER_STATEVECTOR,5,3,2,15393,False,0.0015251339755106847,0.027410184033215046
1,7,QISKIT_AER_STATEVECTOR,6,3,2,15320,False,0.0015251339755106847,0.027053141966462135
1,7,QISKIT_AER_STATEVECTOR,7,3,2,7370,False,0.0015251339755106847,0.02911223703995347
1,7,QISKIT_AER_STATEVECTOR,8,4,0,10352,False,6.103515625000003e-05,0.0014529690379276872
1,7,QISKIT_AER_STATEVECTOR,9,5,2,881,False,0.0015251339755106847,0.029518541996367276
1,7,QISKIT_AER_STATEVECTOR,10,6,4,4643,False,0.004935806069861492,0.05545271898154169
1,7,QISKIT_AER_STATEVECTOR,11,7,2,6947,False,0.0015251339755106847,0.023465089965611696
1,7,QISKIT_AER_STATEVECTOR,12,8,3,271,False,0.0029878030980352737,0.047239687060937285
1,7,QISKIT_AER_STATEVECTOR,13,9,1,1350,False,0.0005492270029208162,0.012751852977089584
1,7,QISKIT_AER_STATEVECTOR,14,11,10,10968,False,0.026676407418185676,0.1415596939623356
1,7,QISKIT_AER_STATEVECTOR,15,13,3,7556,False,0.0029878030980352737,0.04026696702931076
1,7,QISKIT_AER_STATEVECTOR,16,16,6,11741,False,0.010279732566874785,0.059119294048286974
1,7,QISKIT_AER_STATEVECTOR,17,19,16,12509,False,0.06500893416260986,0.20149228104855865
1,7,QISKIT_AER_STATEVECTOR,18,23,18,6540,False,0.08125724497359568,0.2668052410008386
1,7,QISKIT_AER_STATEVECTOR,19,27,25,16008,False,0.1505303779812236,0.30453924590256065
1,7,QISKIT_AER_STATEVECTOR,20,32,10,12810,False,0.026676407418185676,0.1264706050278619
1,7,QISKIT_AER_STATEVECTOR,21,39,37,0,True,0.3057931965486534,0.4827564849983901
1,8,NUMPY_FLOAT64,1,1,0,15997,False,6.103515625e-05,0.00011772802099585533
1,8,NUMPY_FLOAT64,2,2,0,225,False,6.103515625e-05,9.910296648740768e-05
1,8,NUMPY_FLOAT64,3,2,0,470,False,6.103515625e-05,9.349302854388952e-05
1,8,NUMPY_FLOAT64,4,2,0,9737,False,6.103515625e-05,8.81460728123784e-05
1,8,NUMPY_FLOAT64,5,3,1,11544,False,0.0005492270029208157,0.0002725269878283143
1,8,NUMPY_FLOAT64,6,3,2,1819,False,0.0015251339755106843,0.0003228380810469389
1,8,NUMPY_FLOAT64,7,3,2,481,False,0.0015251339755106843,0.00030947604682296515
1,8,NUMPY_FLOAT64,8,4,0,7917,False,6.103515625e-05,8.29850323498249e-05
1,8,NUMPY_FLOAT64,9,5,1,14388,False,0.0005492270029208157,0.00019592291209846735
1,8,NUMPY_FLOAT64,10,6,4,8599,False,0.004935806069861494,0.0005506089655682445
1,8,NUMPY_FLOAT64,11,7,5,6739,False,0.007367240660447194,0.000606257002800703
1,8,NUMPY_FLOAT64,12,8,2,6252,False,0.0015251339755106843,0.0002818609355017543
1,8,NUMPY_FLOAT64,13,9,6,6955,False,0.010279732566874802,0.0007075699977576733
1,8,NUMPY_FLOAT64,14,11,5,12337,False,0.007367240660447194,0.0005882889963686466
1,8,NUMPY_FLOAT64,15,13,10,5525,False,0.02667640741818577,0.0011206269264221191
1,8,NUMPY_FLOAT64,16,16,2,9600,False,0.0015251339755106843,0.0003095288993790746
1,8,NUMPY_FLOAT64,17,19,18,15350,False,0.08125724497359635,0.0018002099823206663
1,8,NUMPY_FLOAT64,18,23,11,1982,False,0.03194223673147845,0.0011132979998365045
1,8,NUMPY_FLOAT64,19,27,10,12476,False,0.02667640741818577,0.0009051939705386758
1,8,NUMPY_FLOAT64,20,32,7,15241,False,0.01367043773236499,0.0008007410215213895
1,8,NUMPY_FLOAT64,21,39,28,9566,False,0.1855404050739143,0.0022192610194906592
1,8,NUMPY_FLOAT64,22,47,36,7521,False,0.29149200987686924,0.002403025981038809
1,8,NUMPY_FLOAT64,23,56,6,6527,False,0.010279732566874802,0.0005331030115485191
1,8,NUMPY_FLOAT64,24,67,43,0,True,0.39508186520117,0.003149928990751505
1,8,QISKIT_AER_STATEVECTOR,1,1,0,15997,False,6.103515625000003e-05,0.0015818249667063355
1,8,QISKIT_AER_STATEVECTOR,2,2,0,225,False,6.103515625000003e-05,0.001380647998303175
1,8,QISKIT_AER_STATEVECTOR,3,2,0,470,False,6.103515625000003e-05,0.001735926023684442
1,8,QISKIT_AER_STATEVECTOR,4,2,0,9737,False,6.103515625000003e-05,0.0018184450455009937
1,8,QISKIT_AER_STATEVECTOR,5,3,1,11544,False,0.0005492270029208162,0.0122410369804129
1,8,QISKIT_AER_STATEVECTOR,6,3,2,1819,False,0.0015251339755106847,0.0235561280278489
1,8,QISKIT_AER_STATEVECTOR,7,3,2,481,False,0.0015251339755106847,0.024608740000985563
1,8,QISKIT_AER_STATEVECTOR,8,4,0,7917,False,6.103515625000003e-05,0.0014068669406697154
1,8,QISKIT_AER_STATEVECTOR,9,5,1,14388,False,0.0005492270029208162,0.016182085033506155
1,8,QISKIT_AER_STATEVECTOR,10,6,4,8599,False,0.004935806069861492,0.05635241302661598
1,8,QISKIT_AER_STATEVECTOR,11,7,5,6739,False,0.007367240660447187,0.08247763407416642
1,8,QISKIT_AER_STATEVECTOR,12,8,2,6252,False,0.0015251339755106847,0.028595257084816694
1,8,QISKIT_AER_STATEVECTOR,13,9,6,6955,False,0.010279732566874785,0.08430222701281309
1,8,QISKIT_AER_STATEVECTOR,14,11,5,12337,False,0.007367240660447187,0.06943550193682313
1,8,QISKIT_AER_STATEVECTOR,15,13,10,5525,False,0.026676407418185676,0.14384268899448216
1,8,QISKIT_AER_STATEVECTOR,16,16,2,9600,False,0.0015251339755106847,0.024286989006213844
1,8,QISKIT_AER_STATEVECTOR,17,19,18,15350,False,0.08125724497359568,0.24824010394513607
1,8,QISKIT_AER_STATEVECTOR,18,23,11,1982,False,0.03194223673147832,0.14341167907696217
1,8,QISKIT_AER_STATEVECTOR,19,27,10,12476,False,0.026676407418185676,0.13683852890972048
1,8,QISKIT_AER_STATEVECTOR,20,32,7,15241,False,0.013670437732364964,0.11211599106900394
1,8,QISKIT_AER_STATEVECTOR,21,39,28,9566,False,0.18554040507391226,0.411471811006777
1,8,QISKIT_AER_STATEVECTOR,22,47,36,7521,False,0.2914920098768654,0.5431700330227613
1,8,QISKIT_AER_STATEVECTOR,23,56,6,6527,False,0.010279732566874785,0.06546677800361067
1,8,QISKIT_AER_STATEVECTOR,24,67,43,0,True,0.3950818652011633,0.5771922719432041
1,9,NUMPY_FLOAT64,1,1,0,7532,False,6.103515625e-05,7.52259511500597e-05
1,9,NUMPY_FLOAT64,2,2,1,3314,False,0.0005492270029208157,0.00022037001326680183
1,9,NUMPY_FLOAT64,3,2,0,14955,False,6.103515625e-05,9.121105540543795e-05
1,9,NUMPY_FLOAT64,4,2,1,8741,False,0.0005492270029208157,0.0002122590085491538
1,9,NUMPY_FLOAT64,5,3,0,14303,False,6.103515625e-05,8.815305773168802e-05
1,9,NUMPY_FLOAT64,6,3,0,13911,False,6.103515625e-05,8.675595745444298e-05
1,9,NUMPY_FLOAT64,7,3,2,16114,False,0.0015251339755106843,0.0001938929781317711
1,9,NUMPY_FLOAT64,8,4,0,10268,False,6.103515625e-05,5.292310379445553e-05
1,9,NUMPY_FLOAT64,9,5,1,2274,False,0.0005492270029208157,0.00019167701248079538
1,9,NUMPY_FLOAT64,10,6,5,13514,False,0.007367240660447194,0.00039100099820643663
1,9,NUMPY_FLOAT64,11,7,5,3013,False,0.007367240660447194,0.00042120693251490593
1,9,NUMPY_FLOAT64,12,8,3,8570,False,0.002987803098035274,0.00024263199884444475
1,9,NUMPY_FLOAT64,13,9,5,11058,False,0.007367240660447194,0.0006308879237622023
1,9,NUMPY_FLOAT64,14,11,6,8471,False,0.010279732566874802,0.0007024029036983848
1,9,NUMPY_FLOAT64,15,13,9,15462,False,0.02187277996348917,0.0006073280237615108
1,9,NUMPY_FLOAT64,16,16,12,1915,False,0.03766512580579634,0.0008014380000531673
1,9,NUMPY_FLOAT64,17,19,17,13510,False,0.0729245693708311,0.0013627329608425498
1,9,NUMPY_FLOAT64,18,23,6,32,False,0.010279732566874802,0.0004686639877036214
1,9,NUMPY_FLOAT64,19,27,23,1345,False,0.12887764041106253,0.001963287009857595
1,9,NUMPY_FLOAT64,20,32,10,9840,False,0.02667640741818577,0.0006954109994694591
1,9,NUMPY_FLOAT64,21,39,30,8168,False,0.2104347872761882,0.0019588180584833026
1,9,NUMPY_FLOAT64,22,47,29,7855,False,0.19784006614991875,0.0023138870019465685
1,9,NUMPY_FLOAT64,23,56,1,3842,False,0.0005492270029208157,0.00011179805733263493
1,9,NUMPY_FLOAT64,24,67,3,11612,False,0.002987803098035274,0.0003176199970766902
1,9,NUMPY_FLOAT64,25,80,32,0,True,0.23645993843574034,0.00199368002358824
1,9,QISKIT_AER_STATEVECTOR,1,1,0,7532,False,6.103515625000003e-05,0.0015594749711453915
1,9,QISKIT_AER_STATEVECTOR,2,2,1,3314,False,0.0005492270029208162,0.014331470942124724
1,9,QISKIT_AER_STATEVECTOR,3,2,0,14955,False,6.103515625000003e-05,0.0013668859610334039
1,9,QISKIT_AER_STATEVECTOR,4,2,1,8741,False,0.0005492270029208162,0.017483068048022687
1,9,QISKIT_AER_STATEVECTOR,5,3,0,14303,False,6.103515625000003e-05,0.0011853979667648673
1,9,QISKIT_AER_STATEVECTOR,6,3,0,13911,False,6.103515625000003e-05,0.0012277299538254738
1,9,QISKIT_AER_STATEVECTOR,7,3,2,16114,False,0.0015251339755106847,0.02784430596511811
1,9,QISKIT_AER_STATEVECTOR,8,4,0,10268,False,6.103515625000003e-05,0.0016059150220826268
1,9,QISKIT_AER_STATEVECTOR,9,5,1,2274,False,0.0005492270029208162,0.011974976980127394
1,9,QISKIT_AER_STATEVECTOR,10,6,5,13514,False,0.007367240660447187,0.061618032050319016
1,9,QISKIT_AER_STATEVECTOR,11,7,5,3013,False,0.007367240660447187,0.04934010200668126
1,9,QISKIT_AER_STATEVECTOR,12,8,3,8570,False,0.0029878030980352737,0.03321694291662425
1,9,QISKIT_AER_STATEVECTOR,13,9,5,11058,False,0.007367240660447187,0.06952865689527243
1,9,QISKIT_AER_STATEVECTOR,14,11,6,8471,False,0.010279732566874785,0.06814809597562999
1,9,QISKIT_AER_STATEVECTOR,15,13,9,15462,False,0.02187277996348911,0.13496992201544344
1,9,QISKIT_AER_STATEVECTOR,16,16,12,1915,False,0.03766512580579618,0.1948625339427963
1,9,QISKIT_AER_STATEVECTOR,17,19,17,13510,False,0.07292456937083056,0.20926518901251256
1,9,QISKIT_AER_STATEVECTOR,18,23,6,32,False,0.010279732566874785,0.07703256199602038
1,9,QISKIT_AER_STATEVECTOR,19,27,23,1345,False,0.1288776404110612,0.3044552589999512
1,9,QISKIT_AER_STATEVECTOR,20,32,10,9840,False,0.026676407418185676,0.13273573492188007
1,9,QISKIT_AER_STATEVECTOR,21,39,30,8168,False,0.21043478727618575,0.38906787103042006
1,9,QISKIT_AER_STATEVECTOR,22,47,29,7855,False,0.19784006614991653,0.33555533504113555
1,9,QISKIT_AER_STATEVECTOR,23,56,1,3842,False,0.0005492270029208162,0.01061357802245766
1,9,QISKIT_AER_STATEVECTOR,24,67,3,11612,False,0.0029878030980352737,0.029937325976788998
1,9,QISKIT_AER_STATEVECTOR,25,80,32,0,True,0.23645993843573754,0.36833059799391776
1,10,NUMPY_FLOAT64,1,1,0,5871,False,6.103515625e-05,7.93250510469079e-05
1,10,NUMPY_FLOAT64,2,2,1,6944,False,0.0005492270029208157,0.0001931310398504138
1,10,NUMPY_FLOAT64,3,2,1,15005,False,0.0005492270029208157,0.00011501694098114967
1,10,NUMPY_FLOAT64,4,2,1,7205,False,0.0005492270029208157,0.00010956008918583393
1,10,NUMPY_FLOAT64,5,3,0,6747,False,6.103515625e-05,4.829699173569679e-05
1,10,NUMPY_FLOAT64,6,3,2,7537,False,0.0015251339755106843,0.0001715649850666523
1,10,NUMPY_FLOAT64,7,3,0,8541,False,6.103515625e-05,4.4982065446674824e-05
1,10,NUMPY_FLOAT64,8,4,2,4959,False,0.0015251339755106843,0.0003267689608037472
1,10,NUMPY_FLOAT64,9,5,0,8730,False,6.103515625e-05,4.853901918977499e-05
1,10,NUMPY_FLOAT64,10,6,3,639,False,0.002987803098035274,0.0002500260015949607
1,10,NUMPY_FLOAT64,11,7,3,592,False,0.002987803098035274,0.0002647869987413287
1,10,NUMPY_FLOAT64,12,8,1,9326,False,0.0005492270029208157,0.00012307392898947
1,10,NUMPY_FLOAT64,13,9,4,14730,False,0.004935806069861494,0.00028956495225429535
1,10,NUMPY_FLOAT64,14,11,2,12294,False,0.0015251339755106843,0.00020675791893154383
1,10,NUMPY_FLOAT64,15,13,1,10863,False,0.0005492270029208157,0.00014384498354047537
1,10,NUMPY_FLOAT64,16,16,4,13775,False,0.004935806069861494,0.0004478810587897897
1,10,NUMPY_FLOAT64,17,19,5,16348,False,0.007367240660447194,0.0006221790099516511
1,10,NUMPY_FLOAT64,18,23,10,9793,False,0.02667640741818577,0.0010211380431428552
1,10,NUMPY_FLOAT64,19,27,20,13428,False,0.09914077053988757,0.0015135080320760608
1,10,NUMPY_FLOAT64,20,32,26,0,True,0.16187400583587824,0.002064234926365316
1,10,QISKIT_AER_STATEVECTOR,1,1,0,5871,False,6.103515625000003e-05,0.0020920250099152327
1,10,QISKIT_AER_STATEVECTOR,2,2,1,6944,False,0.0005492270029208162,0.012120173079892993
1,10,QISKIT_AER_STATEVECTOR,3,2,1,15005,False,0.0005492270029208162,0.012661570101045072
1,10,QISKIT_AER_STATEVECTOR,4,2,1,7205,False,0.0005492270029208162,0.011479762033559382
1,10,QISKIT_AER_STATEVECTOR,5,3,0,6747,False,6.103515625000003e-05,0.0013445069780573249
1,10,QISKIT_AER_STATEVECTOR,6,3,2,7537,False,0.0015251339755106847,0.02545089810155332
1,10,QISKIT_AER_STATEVECTOR,7,3,0,8541,False,6.103515625000003e-05,0.0016489429399371147
1,10,QISKIT_AER_STATEVECTOR,8,4,2,4959,False,0.0015251339755106847,0.030636530951596797
1,10,QISKIT_AER_STATEVECTOR,9,5,0,8730,False,6.103515625000003e-05,0.002037840080447495
1,10,QISKIT_AER_STATEVECTOR,10,6,3,639,False,0.0029878030980352737,0.03730250394437462
1,10,QISKIT_AER_STATEVECTOR,11,7,3,592,False,0.0029878030980352737,0.04583099496085197
1,10,QISKIT_AER_STATEVECTOR,12,8,1,9326,False,0.0005492270029208162,0.01898079295642674
1,10,QISKIT_AER_STATEVECTOR,13,9,4,14730,False,0.004935806069861492,0.06682482094038278
1,10,QISKIT_AER_STATEVECTOR,14,11,2,12294,False,0.0015251339755106847,0.03250145399942994
1,10,QISKIT_AER_STATEVECTOR,15,13,1,10863,False,0.0005492270029208162,0.013944437960162759
1,10,QISKIT_AER_STATEVECTOR,16,16,4,13775,False,0.004935806069861492,0.04877326299902052
1,10,QISKIT_AER_STATEVECTOR,17,19,5,16348,False,0.007367240660447187,0.07128074101638049
1,10,QISKIT_AER_STATEVECTOR,18,23,10,9793,False,0.026676407418185676,0.1625370760448277
1,10,QISKIT_AER_STATEVECTOR,19,27,20,13428,False,0.09914077053988667,0.25659990799613297
1,10,QISKIT_AER_STATEVECTOR,20,32,26,0,True,0.16187400583587652,0.31295409006997943
1,11,NUMPY_FLOAT64,1,1,0,11002,False,6.103515625e-05,8.448504377156496e-05
1,11,NUMPY_FLOAT64,2,2,0,3872,False,6.103515625e-05,7.09600280970335e-05
1,11,NUMPY_FLOAT64,3,2,1,14236,False,0.0005492270029208157,0.00029874301981180906
1,11,NUMPY_FLOAT64,4,2,0,2093,False,6.103515625e-05,9.229802526533604e-05
1,11,NUMPY_FLOAT64,5,3,1,15456,False,0.0005492270029208157,0.00011985201854258776
1,11,NUMPY_FLOAT64,6,3,2,8618,False,0.0015251339755106843,0.00021046202164143324
1,11,NUMPY_FLOAT64,7,3,2,6518,False,0.0015251339755106843,0.0002425219863653183
1,11,NUMPY_FLOAT64,8,4,2,16054,False,0.0015251339755106843,0.00019167305435985327
1,11,NUMPY_FLOAT64,9,5,0,8408,False,6.103515625e-05,5.4943026043474674e-05
1,11,NUMPY_FLOAT64,10,6,3,3290,False,0.002987803098035274,0.00020382704678922892
1,11,NUMPY_FLOAT64,11,7,6,14116,False,0.010279732566874802,0.0004381079925224185
1,11,NUMPY_FLOAT64,12,8,1,9768,False,0.0005492270029208157,0.00010096107143908739
1,11,NUMPY_FLOAT64,13,9,4,13645,False,0.004935806069861494,0.0002815129701048136
1,11,NUMPY_FLOAT64,14,11,8,6043,False,0.017536045123506365,0.0004719530697911978
1,11,NUMPY_FLOAT64,15,13,4,10375,False,0.004935806069861494,0.0003551699919626117
1,11,NUMPY_FLOAT64,16,16,6,9629,False,0.010279732566874802,0.00035201292484998703
1,11,NUMPY_FLOAT64,17,19,18,3919,False,0.08125724497359635,0.001148388022556901
1,11,NUMPY_FLOAT64,18,23,20,15767,False,0.09914077053988757,0.0016970179276540875
1,11,NUMPY_FLOAT64,19,27,15,9338,False,0.057518068989633325,0.0011562079889699817
1,11,NUMPY_FLOAT64,20,32,30,7026,False,0.2104347872761882,0.0026642840821295977
1,11,NUMPY_FLOAT64,21,39,18,11939,False,0.08125724497359635,0.0012118059676140547
1,11,NUMPY_FLOAT64,22,47,6,9668,False,0.010279732566874802,0.000358775956556201
1,11,NUMPY_FLOAT64,23,56,34,0,True,0.263514228827222,0.003801111946813762
1,11,QISKIT_AER_STATEVECTOR,1,1,0,11002,False,6.103515625000003e-05,0.0017330379923805594
1,11,QISKIT_AER_STATEVECTOR,2,2,0,3872,False,6.103515625000003e-05,0.001253001973964274
1,11,QISKIT_AER_STATEVECTOR,3,2,1,14236,False,0.0005492270029208162,0.010801737080328166
1,11,QISKIT_AER_STATEVECTOR,4,2,0,2093,False,6.103515625000003e-05,0.0017112200148403645
1,11,QISKIT_AER_STATEVECTOR,5,3,1,15456,False,0.0005492270029208162,0.011576988967135549
1,11,QISKIT_AER_STATEVECTOR,6,3,2,8618,False,0.0015251339755106847,0.022532752016559243
1,11,QISKIT_AER_STATEVECTOR,7,3,2,6518,False,0.0015251339755106847,0.022145733004435897
1,11,QISKIT_AER_STATEVECTOR,8,4,2,16054,False,0.0015251339755106847,0.023681974038481712
1,11,QISKIT_AER_STATEVECTOR,9,5,0,8408,False,6.103515625000003e-05,0.0014698049053549767
1,11,QISKIT_AER_STATEVECTOR,10,6,3,3290,False,0.0029878030980352737,0.03678012196905911
1,11,QISKIT_AER_STATEVECTOR,11,7,6,14116,False,0.010279732566874785,0.07500241708476096
1,11,QISKIT_AER_STATEVECTOR,12,8,1,9768,False,0.0005492270029208162,0.016298159025609493
1,11,QISKIT_AER_STATEVECTOR,13,9,4,13645,False,0.004935806069861492,0.05113811290357262
1,11,QISKIT_AER_STATEVECTOR,14,11,8,6043,False,0.017536045123506327,0.10974148893728852
1,11,QISKIT_AER_STATEVECTOR,15,13,4,10375,False,0.004935806069861492,0.050954462960362434
1,11,QISKIT_AER_STATEVECTOR,16,16,6,9629,False,0.010279732566874785,0.07339425396639854
1,11,QISKIT_AER_STATEVECTOR,17,19,18,3919,False,0.08125724497359568,0.2038381410529837
1,11,QISKIT_AER_STATEVECTOR,18,23,20,15767,False,0.09914077053988667,0.24332320294342935
1,11,QISKIT_AER_STATEVECTOR,19,27,15,9338,False,0.05751806898963299,0.1465932800201699
1,11,QISKIT_AER_STATEVECTOR,20,32,30,7026,False,0.21043478727618575,0.2944010440260172
1,11,QISKIT_AER_STATEVECTOR,21,39,18,11939,False,0.08125724497359568,0.22800394205842167
1,11,QISKIT_AER_STATEVECTOR,22,47,6,9668,False,0.010279732566874785,0.07993504300247878
1,11,QISKIT_AER_STATEVECTOR,23,56,34,0,True,0.2635142288272187,0.38946170709095895
1,12,NUMPY_FLOAT64,1,1,0,4133,False,6.103515625e-05,0.0001205960288643837
1,12,NUMPY_FLOAT64,2,2,0,10028,False,6.103515625e-05,0.00010572699829936028
1,12,NUMPY_FLOAT64,3,2,0,3341,False,6.103515625e-05,4.7891982831060886e-05
1,12,NUMPY_FLOAT64,4,2,1,5759,False,0.0005492270029208157,0.00016364699695259333
1,12,NUMPY_FLOAT64,5,3,1,2559,False,0.0005492270029208157,0.0001728020142763853
1,12,NUMPY_FLOAT64,6,3,0,7000,False,6.103515625e-05,4.71270177513361e-05
1,12,NUMPY_FLOAT64,7,3,1,7940,False,0.0005492270029208157,0.00012052699457854033
1,12,NUMPY_FLOAT64,8,4,2,5832,False,0.0015251339755106843,0.00021662295330315828
1,12,NUMPY_FLOAT64,9,5,3,440,False,0.002987803098035274,0.000244967988692224
1,12,NUMPY_FLOAT64,10,6,4,7057,False,0.004935806069861494,0.0003678430803120136
1,12,NUMPY_FLOAT64,11,7,5,13248,False,0.007367240660447194,0.0004015839658677578
1,12,NUMPY_FLOAT64,12,8,2,8978,False,0.0015251339755106843,0.00015797303058207035
1,12,NUMPY_FLOAT64,13,9,3,11221,False,0.002987803098035274,0.0002119819400832057
1,12,NUMPY_FLOAT64,14,11,2,4793,False,0.0015251339755106843,0.0001830519177019596
1,12,NUMPY_FLOAT64,15,13,7,8417,False,0.01367043773236499,0.00041838502511382103
1,12,NUMPY_FLOAT64,16,16,0,314,False,6.103515625e-05,8.402299135923386e-05
1,12,NUMPY_FLOAT64,17,19,15,7165,False,0.057518068989633325,0.0010329189244657755
1,12,NUMPY_FLOAT64,18,23,3,10151,False,0.002987803098035274,0.0002140570431947708
1,12,NUMPY_FLOAT64,19,27,14,15508,False,0.05045928870343037,0.0010686040623113513
1,12,NUMPY_FLOAT64,20,32,15,10183,False,0.057518068989633325,0.0009649209678173065
1,12,NUMPY_FLOAT64,21,39,18,932,False,0.08125724497359635,0.001134107937105
1,12,NUMPY_FLOAT64,22,47,22,14992,False,0.11858967465648255,0.0012091120006516576
1,12,NUMPY_FLOAT64,23,56,5,2119,False,0.007367240660447194,0.00039175699930638075
1,12,NUMPY_FLOAT64,24,67,62,0,True,0.6865502261718149,0.004070304916240275
1,12,QISKIT_AER_STATEVECTOR,1,1,0,4133,False,6.103515625000003e-05,0.0021709039574488997
1,12,QISKIT_AER_STATEVECTOR,2,2,0,10028,False,6.103515625000003e-05,0.0016643799608573318
1,12,QISKIT_AER_STATEVECTOR,3,2,0,3341,False,6.103515625000003e-05,0.0013228809693828225
1,12,QISKIT_AER_STATEVECTOR,4,2,1,5759,False,0.0005492270029208162,0.013826561975292861
1,12,QISKIT_AER_STATEVECTOR,5,3,1,2559,False,0.0005492270029208162,0.012255940004251897
1,12,QISKIT_AER_STATEVECTOR,6,3,0,7000,False,6.103515625000003e-05,0.0016102460213005543
1,12,QISKIT_AER_STATEVECTOR,7,3,1,7940,False,0.0005492270029208162,0.014150639064610004
1,12,QISKIT_AER_STATEVECTOR,8,4,2,5832,False,0.0015251339755106847,0.024606302962638438
1,12,QISKIT_AER_STATEVECTOR,9,5,3,440,False,0.0029878030980352737,0.03566655400209129
1,12,QISKIT_AER_STATEVECTOR,10,6,4,7057,False,0.004935806069861492,0.04667136701755226
1,12,QISKIT_AER_STATEVECTOR,11,7,5,13248,False,0.007367240660447187,0.06025163491722196
1,12,QISKIT_AER_STATEVECTOR,12,8,2,8978,False,0.0015251339755106847,0.023883461952209473
1,12,QISKIT_AER_STATEVECTOR,13,9,3,11221,False,0.0029878030980352737,0.03651067509781569
1,12,QISKIT_AER_STATEVECTOR,14,11,2,4793,False,0.0015251339755106847,0.024723720969632268
1,12,QISKIT_AER_STATEVECTOR,15,13,7,8417,False,0.013670437732364964,0.09023108799010515
1,12,QISKIT_AER_STATEVECTOR,16,16,0,314,False,6.103515625000003e-05,0.0017278209561482072
1,12,QISKIT_AER_STATEVECTOR,17,19,15,7165,False,0.05751806898963299,0.20586414891295135
1,12,QISKIT_AER_STATEVECTOR,18,23,3,10151,False,0.0029878030980352737,0.03951485699508339
1,12,QISKIT_AER_STATEVECTOR,19,27,14,15508,False,0.050459288703430076,0.18841619894374162
1,12,QISKIT_AER_STATEVECTOR,20,32,15,10183,False,0.05751806898963299,0.18895957106724381
1,12,QISKIT_AER_STATEVECTOR,21,39,18,932,False,0.08125724497359568,0.2810797530692071
1,12,QISKIT_AER_STATEVECTOR,22,47,22,14992,False,0.11858967465648136,0.2997422270709649
1,12,QISKIT_AER_STATEVECTOR,23,56,5,2119,False,0.007367240660447187,0.0800697460072115
1,12,QISKIT_AER_STATEVECTOR,24,67,62,0,True,0.6865502261717967,0.8809678499819711
1,13,NUMPY_FLOAT64,1,1,0,11900,False,6.103515625e-05,0.0001166369765996933
1,13,NUMPY_FLOAT64,2,2,1,6521,False,0.0005492270029208157,0.0003178789047524333
1,13,NUMPY_FLOAT64,3,2,0,2381,False,6.103515625e-05,9.131408296525478e-05
1,13,NUMPY_FLOAT64,4,2,0,11053,False,6.103515625e-05,8.400692604482174e-05
1,13,NUMPY_FLOAT64,5,3,1,2271,False,0.0005492270029208157,0.00019294396042823792
1,13,NUMPY_FLOAT64,6,3,0,4466,False,6.103515625e-05,8.520099800080061e-05
1,13,NUMPY_FLOAT64,7,3,0,11179,False,6.103515625e-05,9.282794781029224e-05
1,13,NUMPY_FLOAT64,8,4,2,12830,False,0.0015251339755106843,0.0003032010281458497
1,13,NUMPY_FLOAT64,9,5,2,9206,False,0.0015251339755106843,0.0003014380345121026
1,13,NUMPY_FLOAT64,10,6,2,6127,False,0.0015251339755106843,0.00027978396974503994
1,13,NUMPY_FLOAT64,11,7,3,8463,False,0.002987803098035274,0.00039675598964095116
1,13,NUMPY_FLOAT64,12,8,1,14414,False,0.0005492270029208157,0.00019727495964616537
1,13,NUMPY_FLOAT64,13,9,8,8306,False,0.017536045123506365,0.000931927002966404
1,13,NUMPY_FLOAT64,14,11,8,262,False,0.017536045123506365,0.00048156699631363153
1,13,NUMPY_FLOAT64,15,13,0,15410,False,6.103515625e-05,4.371104296296835e-05
1,13,NUMPY_FLOAT64,16,16,7,9723,False,0.01367043773236499,0.0004162589320912957
1,13,NUMPY_FLOAT64,17,19,4,9837,False,0.004935806069861494,0.00032122002448886633
1,13,NUMPY_FLOAT64,18,23,3,4520,False,0.002987803098035274,0.00020082597620785236
1,13,NUMPY_FLOAT64,19,27,24,0,True,0.13952800822431213,0.0019022580236196518
1,13,QISKIT_AER_STATEVECTOR,1,1,0,11900,False,6.103515625000003e-05,0.0014724050415679812
1,13,QISKIT_AER_STATEVECTOR,2,2,1,6521,False,0.0005492270029208162,0.011855195043608546
1,13,QISKIT_AER_STATEVECTOR,3,2,0,2381,False,6.103515625000003e-05,0.0012058879947289824
1,13,QISKIT_AER_STATEVECTOR,4,2,0,11053,False,6.103515625000003e-05,0.0011753459693863988
1,13,QISKIT_AER_STATEVECTOR,5,3,1,2271,False,0.0005492270029208162,0.011489702039398253
1,13,QISKIT_AER_STATEVECTOR,6,3,0,4466,False,6.103515625000003e-05,0.0014659279258921742
1,13,QISKIT_AER_STATEVECTOR,7,3,0,11179,False,6.103515625000003e-05,0.001226442982442677
1,13,QISKIT_AER_STATEVECTOR,8,4,2,12830,False,0.0015251339755106847,0.02896524197421968
1,13,QISKIT_AER_STATEVECTOR,9,5,2,9206,False,0.0015251339755106847,0.03770983300637454
1,13,QISKIT_AER_STATEVECTOR,10,6,2,6127,False,0.0015251339755106847,0.03104956995230168
1,13,QISKIT_AER_STATEVECTOR,11,7,3,8463,False,0.0029878030980352737,0.029739539022557437
1,13,QISKIT_AER_STATEVECTOR,12,8,1,14414,False,0.0005492270029208162,0.010268355021253228
1,13,QISKIT_AER_STATEVECTOR,13,9,8,8306,False,0.017536045123506327,0.10386437003035098
1,13,QISKIT_AER_STATEVECTOR,14,11,8,262,False,0.017536045123506327,0.10837522009387612
1,13,QISKIT_AER_STATEVECTOR,15,13,0,15410,False,6.103515625000003e-05,0.0024075800320133567
1,13,QISKIT_AER_STATEVECTOR,16,16,7,9723,False,0.013670437732364964,0.10321288497652858
1,13,QISKIT_AER_STATEVECTOR,17,19,4,9837,False,0.004935806069861492,0.042900447035208344
1,13,QISKIT_AER_STATEVECTOR,18,23,3,4520,False,0.0029878030980352737,0.05391838401556015
1,13,QISKIT_AER_STATEVECTOR,19,27,24,0,True,0.1395280082243107,0.36202081805095077
1,14,NUMPY_FLOAT64,1,1,0,14678,False,6.103515625e-05,6.175495218485594e-05
1,14,NUMPY_FLOAT64,2,2,1,13615,False,0.0005492270029208157,0.00016574794426560402
1,14,NUMPY_FLOAT64,3,2,1,12660,False,0.0005492270029208157,0.00018757907673716545
1,14,NUMPY_FLOAT64,4,2,0,8588,False,6.103515625e-05,9.548105299472809e-05
1,14,NUMPY_FLOAT64,5,3,1,8551,False,0.0005492270029208157,0.00010265200398862362
1,14,NUMPY_FLOAT64,6,3,1,2788,False,0.0005492270029208157,9.905197657644749e-05
1,14,NUMPY_FLOAT64,7,3,0,6409,False,6.103515625e-05,9.082199539989233e-05
1,14,NUMPY_FLOAT64,8,4,0,6077,False,6.103515625e-05,4.167109727859497e-05
1,14,NUMPY_FLOAT64,9,5,4,12406,False,0.004935806069861494,0.0002602379536256194
1,14,NUMPY_FLOAT64,10,6,1,6146,False,0.0005492270029208157,0.00010412198025733232
1,14,NUMPY_FLOAT64,11,7,5,8970,False,0.007367240660447194,0.00031621300149708986
1,14,NUMPY_FLOAT64,12,8,6,11610,False,0.010279732566874802,0.00036583200562745333
1,14,NUMPY_FLOAT64,13,9,2,11992,False,0.0015251339755106843,0.0003005359321832657
1,14,NUMPY_FLOAT64,14,11,4,16003,False,0.004935806069861494,0.0002488750033080578
1,14,NUMPY_FLOAT64,15,13,6,5484,False,0.010279732566874802,0.00042020296677947044
1,14,NUMPY_FLOAT64,16,16,13,11717,False,0.04383948622338856,0.0007040679920464754
1,14,NUMPY_FLOAT64,17,19,14,6940,False,0.05045928870343037,0.0007860420737415552
1,14,NUMPY_FLOAT64,18,23,8,15044,False,0.017536045123506365,0.00047420605551451445
1,14,NUMPY_FLOAT64,19,27,1,3884,False,0.0005492270029208157,0.0001037579495459795
1,14,NUMPY_FLOAT64,20,32,27,642,False,0.17354781470282743,0.0014484230196103454
1,14,NUMPY_FLOAT64,21,39,37,6589,False,0.30579319654865766,0.0020109310280531645
1,14,NUMPY_FLOAT64,22,47,20,4178,False,0.09914077053988757,0.0010587050346657634
1,14,NUMPY_FLOAT64,23,56,10,13377,False,0.02667640741818577,0.0007053249282762408
1,14,NUMPY_FLOAT64,24,67,1,8814,False,0.0005492270029208157,0.00018923799507319927
1,14,NUMPY_FLOAT64,25,80,64,0,True,0.7151608708243103,0.003641134942881763
1,14,QISKIT_AER_STATEVECTOR,1,1,0,14678,False,6.103515625000003e-05,0.0014252139953896403
1,14,QISKIT_AER_STATEVECTOR,2,2,1,13615,False,0.0005492270029208162,0.011098122922703624
1,14,QISKIT_AER_STATEVECTOR,3,2,1,12660,False,0.0005492270029208162,0.01027153606992215
1,14,QISKIT_AER_STATEVECTOR,4,2,0,8588,False,6.103515625000003e-05,0.0012516750721260905
1,14,QISKIT_AER_STATEVECTOR,5,3,1,8551,False,0.0005492270029208162,0.01219442905858159
1,14,QISKIT_AER_STATEVECTOR,6,3,1,2788,False,0.0005492270029208162,0.013071881956420839
1,14,QISKIT_AER_STATEVECTOR,7,3,0,6409,False,6.103515625000003e-05,0.001664206967689097
1,14,QISKIT_AER_STATEVECTOR,8,4,0,6077,False,6.103515625000003e-05,0.0014736190205439925
1,14,QISKIT_AER_STATEVECTOR,9,5,4,12406,False,0.004935806069861492,0.051392982015386224
1,14,QISKIT_AER_STATEVECTOR,10,6,1,6146,False,0.0005492270029208162,0.010502393008209765
1,14,QISKIT_AER_STATEVECTOR,11,7,5,8970,False,0.007367240660447187,0.04916517296805978
1,14,QISKIT_AER_STATEVECTOR,12,8,6,11610,False,0.010279732566874785,0.0726493870606646
1,14,QISKIT_AER_STATEVECTOR,13,9,2,11992,False,0.0015251339755106847,0.021763472934253514
1,14,QISKIT_AER_STATEVECTOR,14,11,4,16003,False,0.004935806069861492,0.04039418790489435
1,14,QISKIT_AER_STATEVECTOR,15,13,6,5484,False,0.010279732566874785,0.07140564301516861
1,14,QISKIT_AER_STATEVECTOR,16,16,13,11717,False,0.04383948622338834,0.20538634504191577
1,14,QISKIT_AER_STATEVECTOR,17,19,14,6940,False,0.050459288703430076,0.21528898796532303
1,14,QISKIT_AER_STATEVECTOR,18,23,8,15044,False,0.017536045123506327,0.14274423592723906
1,14,QISKIT_AER_STATEVECTOR,19,27,1,3884,False,0.0005492270029208162,0.021756725036539137
1,14,QISKIT_AER_STATEVECTOR,20,32,27,642,False,0.17354781470282554,0.36857078899629414
1,14,QISKIT_AER_STATEVECTOR,21,39,37,6589,False,0.3057931965486534,0.5493288250872865
1,14,QISKIT_AER_STATEVECTOR,22,47,20,4178,False,0.09914077053988667,0.2398659239988774
1,14,QISKIT_AER_STATEVECTOR,23,56,10,13377,False,0.026676407418185676,0.15257261297665536
1,14,QISKIT_AER_STATEVECTOR,24,67,1,8814,False,0.0005492270029208162,0.011298237950541079
1,14,QISKIT_AER_STATEVECTOR,25,80,64,0,True,0.7151608708242903,0.9463313770247623
1,15,NUMPY_FLOAT64,1,1,0,7509,False,6.103515625e-05,0.00011489796452224255
1,15,NUMPY_FLOAT64,2,2,0,8803,False,6.103515625e-05,0.00010211404878646135
1,15,NUMPY_FLOAT64,3,2,1,12065,False,0.0005492270029208157,0.00031985994428396225
1,15,NUMPY_FLOAT64,4,2,1,5171,False,0.0005492270029208157,0.00021717092022299767
1,15,NUMPY_FLOAT64,5,3,1,6743,False,0.0005492270029208157,0.0002109679626300931
1,15,NUMPY_FLOAT64,6,3,1,12740,False,0.0005492270029208157,0.0001928090350702405
1,15,NUMPY_FLOAT64,7,3,1,14422,False,0.0005492270029208157,0.00019634503405541182
1,15,NUMPY_FLOAT64,8,4,2,15721,False,0.0015251339755106843,0.000294296070933342
1,15,NUMPY_FLOAT64,9,5,1,11114,False,0.0005492270029208157,0.00019038398750126362
1,15,NUMPY_FLOAT64,10,6,0,3854,False,6.103515625e-05,9.320094250142574e-05
1,15,NUMPY_FLOAT64,11,7,3,13682,False,0.002987803098035274,0.00039731606375426054
1,15,NUMPY_FLOAT64,12,8,0,3306,False,6.103515625e-05,0.00010056700557470322
1,15,NUMPY_FLOAT64,13,9,7,10303,False,0.01367043773236499,0.000841913977637887
1,15,NUMPY_FLOAT64,14,11,1,9644,False,0.0005492270029208157,0.00019129295833408833
1,15,NUMPY_FLOAT64,15,13,7,13776,False,0.01367043773236499,0.0008061360567808151
1,15,NUMPY_FLOAT64,16,16,6,9818,False,0.010279732566874802,0.0006795770023018122
1,15,NUMPY_FLOAT64,17,19,6,12791,False,0.010279732566874802,0.0007161539979279041
1,15,NUMPY_FLOAT64,18,23,21,3502,False,0.10867415718891889,0.002233935985714197
1,15,NUMPY_FLOAT64,19,27,6,14993,False,0.010279732566874802,0.0007284389575943351
1,15,NUMPY_FLOAT64,20,32,27,3161,False,0.17354781470282743,0.0028133150190114975
1,15,NUMPY_FLOAT64,21,39,21,0,True,0.10867415718891889,0.0021348929731175303
1,15,QISKIT_AER_STATEVECTOR,1,1,0,7509,False,6.103515625000003e-05,0.0024363220436498523
1,15,QISKIT_AER_STATEVECTOR,2,2,0,8803,False,6.103515625000003e-05,0.0021994730923324823
1,15,QISKIT_AER_STATEVECTOR,3,2,1,12065,False,0.0005492270029208162,0.01990361395291984
1,15,QISKIT_AER_STATEVECTOR,4,2,1,5171,False,0.0005492270029208162,0.01913653896190226
1,15,QISKIT_AER_STATEVECTOR,5,3,1,6743,False,0.0005492270029208162,0.012970790034160018
1,15,QISKIT_AER_STATEVECTOR,6,3,1,12740,False,0.0005492270029208162,0.012158702942542732
1,15,QISKIT_AER_STATEVECTOR,7,3,1,14422,False,0.0005492270029208162,0.010983183048665524
1,15,QISKIT_AER_STATEVECTOR,8,4,2,15721,False,0.0015251339755106847,0.037031690939329565
1,15,QISKIT_AER_STATEVECTOR,9,5,1,11114,False,0.0005492270029208162,0.02018756198231131
1,15,QISKIT_AER_STATEVECTOR,10,6,0,3854,False,6.103515625000003e-05,0.0021581361070275307
1,15,QISKIT_AER_STATEVECTOR,11,7,3,13682,False,0.0029878030980352737,0.05486553395166993
1,15,QISKIT_AER_STATEVECTOR,12,8,0,3306,False,6.103515625000003e-05,0.00215268402826041
1,15,QISKIT_AER_STATEVECTOR,13,9,7,10303,False,0.013670437732364964,0.10679203306790441
1,15,QISKIT_AER_STATEVECTOR,14,11,1,9644,False,0.0005492270029208162,0.018213029019534588
1,15,QISKIT_AER_STATEVECTOR,15,13,7,13776,False,0.013670437732364964,0.09124260104727
1,15,QISKIT_AER_STATEVECTOR,16,16,6,9818,False,0.010279732566874785,0.07505644205957651
1,15,QISKIT_AER_STATEVECTOR,17,19,6,12791,False,0.010279732566874785,0.10606496699620038
1,15,QISKIT_AER_STATEVECTOR,18,23,21,3502,False,0.10867415718891786,0.256344947963953
1,15,QISKIT_AER_STATEVECTOR,19,27,6,14993,False,0.010279732566874785,0.07681636395864189
1,15,QISKIT_AER_STATEVECTOR,20,32,27,3161,False,0.17354781470282554,0.38708752603270113
1,15,QISKIT_AER_STATEVECTOR,21,39,21,0,True,0.10867415718891786,0.2594980549765751
1,16,NUMPY_FLOAT64,1,1,0,11090,False,6.103515625e-05,6.159301847219467e-05
1,16,NUMPY_FLOAT64,2,2,0,6601,False,6.103515625e-05,5.5629992857575417e-05
1,16,NUMPY_FLOAT64,3,2,0,14776,False,6.103515625e-05,5.149794742465019e-05
1,16,NUMPY_FLOAT64,4,2,1,12367,False,0.0005492270029208157,0.00018467498011887074
1,16,NUMPY_FLOAT64,5,3,2,9046,False,0.0015251339755106843,0.00023825897369533777
1,16,NUMPY_FLOAT64,6,3,1,13024,False,0.0005492270029208157,0.00010232208296656609
1,16,NUMPY_FLOAT64,7,3,2,9959,False,0.0015251339755106843,0.00021429406479001045
1,16,NUMPY_FLOAT64,8,4,0,5072,False,6.103515625e-05,4.583899863064289e-05
1,16,NUMPY_FLOAT64,9,5,1,109,False,0.0005492270029208157,9.709899313747883e-05
1,16,NUMPY_FLOAT64,10,6,2,7333,False,0.0015251339755106843,0.00015683297533541918
1,16,NUMPY_FLOAT64,11,7,2,7905,False,0.0015251339755106843,0.00015789899043738842
1,16,NUMPY_FLOAT64,12,8,0,5159,False,6.103515625e-05,4.986301064491272e-05
1,16,NUMPY_FLOAT64,13,9,4,948,False,0.004935806069861494,0.0003626650432124734
1,16,NUMPY_FLOAT64,14,11,8,6710,False,0.017536045123506365,0.0006727220024913549
1,16,NUMPY_FLOAT64,15,13,10,648,False,0.02667640741818577,0.0006028760690242052
1,16,NUMPY_FLOAT64,16,16,15,4498,False,0.057518068989633325,0.001064916024915874
1,16,NUMPY_FLOAT64,17,19,5,8474,False,0.007367240660447194,0.0003179520135745406
1,16,NUMPY_FLOAT64,18,23,4,12952,False,0.004935806069861494,0.0002599660074338317
1,16,NUMPY_FLOAT64,19,27,23,6576,False,0.12887764041106253,0.0013957000337541103
1,16,NUMPY_FLOAT64,20,32,20,10017,False,0.09914077053988757,0.0011101400014013052
1,16,NUMPY_FLOAT64,21,39,14,14809,False,0.05045928870343037,0.0008660219609737396
1,16,NUMPY_FLOAT64,22,47,26,3086,False,0.16187400583587824,0.0015361399855464697
1,16,NUMPY_FLOAT64,23,56,8,1576,False,0.017536045123506365,0.00045451405458152294
1,16,NUMPY_FLOAT64,24,67,12,1580,False,0.03766512580579634,0.0006634439341723919
1,16,NUMPY_FLOAT64,25,80,31,11752,False,0.22331226967107654,0.00183216598816216
1,16,NUMPY_FLOAT64,26,96,85,0,True,0.9458542129802124,0.007779577048495412
1,16,QISKIT_AER_STATEVECTOR,1,1,0,11090,False,6.103515625000003e-05,0.0024670650018379092
1,16,QISKIT_AER_STATEVECTOR,2,2,0,6601,False,6.103515625000003e-05,0.0022762130247429013
1,16,QISKIT_AER_STATEVECTOR,3,2,0,14776,False,6.103515625000003e-05,0.0022638309746980667
1,16,QISKIT_AER_STATEVECTOR,4,2,1,12367,False,0.0005492270029208162,0.019756099907681346
1,16,QISKIT_AER_STATEVECTOR,5,3,2,9046,False,0.0015251339755106847,0.03500064497347921
1,16,QISKIT_AER_STATEVECTOR,6,3,1,13024,False,0.0005492270029208162,0.019641624065116048
1,16,QISKIT_AER_STATEVECTOR,7,3,2,9959,False,0.0015251339755106847,0.03742692293599248
1,16,QISKIT_AER_STATEVECTOR,8,4,0,5072,False,6.103515625000003e-05,0.002269843011163175
1,16,QISKIT_AER_STATEVECTOR,9,5,1,109,False,0.0005492270029208162,0.017211399972438812
1,16,QISKIT_AER_STATEVECTOR,10,6,2,7333,False,0.0015251339755106847,0.02636031701695174
1,16,QISKIT_AER_STATEVECTOR,11,7,2,7905,False,0.0015251339755106847,0.032166765071451664
1,16,QISKIT_AER_STATEVECTOR,12,8,0,5159,False,6.103515625000003e-05,0.001469004899263382
1,16,QISKIT_AER_STATEVECTOR,13,9,4,948,False,0.004935806069861492,0.052829977008514106
1,16,QISKIT_AER_STATEVECTOR,14,11,8,6710,False,0.017536045123506327,0.10039686597883701
1,16,QISKIT_AER_STATEVECTOR,15,13,10,648,False,0.026676407418185676,0.1310251639224589
1,16,QISKIT_AER_STATEVECTOR,16,16,15,4498,False,0.05751806898963299,0.1853134579723701
1,16,QISKIT_AER_STATEVECTOR,17,19,5,8474,False,0.007367240660447187,0.06500930094625801
1,16,QISKIT_AER_STATEVECTOR,18,23,4,12952,False,0.004935806069861492,0.0465621369658038
1,16,QISKIT_AER_STATEVECTOR,19,27,23,6576,False,0.1288776404110612,0.2691420209594071
1,16,QISKIT_AER_STATEVECTOR,20,32,20,10017,False,0.09914077053988667,0.21043627697508782
1,16,QISKIT_AER_STATEVECTOR,21,39,14,14809,False,0.050459288703430076,0.18424648605287075
1,16,QISKIT_AER_STATEVECTOR,22,47,26,3086,False,0.16187400583587652,0.35155354999005795
1,16,QISKIT_AER_STATEVECTOR,23,56,8,1576,False,0.017536045123506327,0.13352361402940005
1,16,QISKIT_AER_STATEVECTOR,24,67,12,1580,False,0.03766512580579618,0.14404235291294754
1,16,QISKIT_AER_STATEVECTOR,25,80,31,11752,False,0.22331226967107387,0.4729308959795162
1,16,QISKIT_AER_STATEVECTOR,26,96,85,0,True,0.9458542129801748,1.124847257975489
1,17,NUMPY_FLOAT64,1,1,0,6320,False,6.103515625e-05,0.00011347606778144836
1,17,NUMPY_FLOAT64,2,2,1,10342,False,0.0005492270029208157,0.0003183060325682163
1,17,NUMPY_FLOAT64,3,2,0,6470,False,6.103515625e-05,8.773303125053644e-05
1,17,NUMPY_FLOAT64,4,2,0,10654,False,6.103515625e-05,0.00010402197949588299
1,17,NUMPY_FLOAT64,5,3,0,11719,False,6.103515625e-05,8.446502033621073e-05
1,17,NUMPY_FLOAT64,6,3,2,14187,False,0.0015251339755106843,0.00016235990915447474
1,17,NUMPY_FLOAT64,7,3,2,4939,False,0.0015251339755106843,0.00015744299162179232
1,17,NUMPY_FLOAT64,8,4,3,4791,False,0.002987803098035274,0.00020441599190235138
1,17,NUMPY_FLOAT64,9,5,3,1252,False,0.002987803098035274,0.00020580599084496498
1,17,NUMPY_FLOAT64,10,6,1,14357,False,0.0005492270029208157,0.00010145397391170263
1,17,NUMPY_FLOAT64,11,7,5,7118,False,0.007367240660447194,0.0005906820297241211
1,17,NUMPY_FLOAT64,12,8,1,14504,False,0.0005492270029208157,0.0002057900419458747
1,17,NUMPY_FLOAT64,13,9,3,5401,False,0.002987803098035274,0.0004093759926036
1,17,NUMPY_FLOAT64,14,11,9,1209,False,0.02187277996348917,0.001086742035113275
1,17,NUMPY_FLOAT64,15,13,10,13165,False,0.02667640741818577,0.00110725499689579
1,17,NUMPY_FLOAT64,16,16,10,11049,False,0.02667640741818577,0.001147711998783052
1,17,NUMPY_FLOAT64,17,19,11,7855,False,0.03194223673147845,0.0011356520699337125
1,17,NUMPY_FLOAT64,18,23,10,9266,False,0.02667640741818577,0.0010940120555460453
1,17,NUMPY_FLOAT64,19,27,13,15436,False,0.04383948622338856,0.0013902150094509125
1,17,NUMPY_FLOAT64,20,32,24,3689,False,0.13952800822431213,0.002572030993178487
1,17,NUMPY_FLOAT64,21,39,29,10484,False,0.19784006614991875,0.003038169932551682
1,17,NUMPY_FLOAT64,22,47,3,477,False,0.002987803098035274,0.0004024920053780079
1,17,NUMPY_FLOAT64,23,56,23,0,True,0.12887764041106253,0.002402392914518714
1,17,QISKIT_AER_STATEVECTOR,1,1,0,6320,False,6.103515625000003e-05,0.0022179540246725082
1,17,QISKIT_AER_STATEVECTOR,2,2,1,10342,False,0.0005492270029208162,0.019961842917837203
1,17,QISKIT_AER_STATEVECTOR,3,2,0,6470,False,6.103515625000003e-05,0.0018648758996278048
1,17,QISKIT_AER_STATEVECTOR,4,2,0,10654,False,6.103515625000003e-05,0.0013355959672480822
1,17,QISKIT_AER_STATEVECTOR,5,3,0,11719,False,6.103515625000003e-05,0.001701759989373386
1,17,QISKIT_AER_STATEVECTOR,6,3,2,14187,False,0.0015251339755106847,0.0226448510074988
1,17,QISKIT_AER_STATEVECTOR,7,3,2,4939,False,0.0015251339755106847,0.021986157982610166
1,17,QISKIT_AER_STATEVECTOR,8,4,3,4791,False,0.0029878030980352737,0.04822918202262372
1,17,QISKIT_AER_STATEVECTOR,9,5,3,1252,False,0.0029878030980352737,0.05449076392687857
1,17,QISKIT_AER_STATEVECTOR,10,6,1,14357,False,0.0005492270029208162,0.019821378053165972
1,17,QISKIT_AER_STATEVECTOR,11,7,5,7118,False,0.007367240660447187,0.060233353986404836
1,17,QISKIT_AER_STATEVECTOR,12,8,1,14504,False,0.0005492270029208162,0.010595839004963636
1,17,QISKIT_AER_STATEVECTOR,13,9,3,5401,False,0.0029878030980352737,0.03247661504428834
1,17,QISKIT_AER_STATEVECTOR,14,11,9,1209,False,0.02187277996348911,0.12612555001396686
1,17,QISKIT_AER_STATEVECTOR,15,13,10,13165,False,0.026676407418185676,0.12057642394211143
1,17,QISKIT_AER_STATEVECTOR,16,16,10,11049,False,0.026676407418185676,0.16153416805900633
1,17,QISKIT_AER_STATEVECTOR,17,19,11,7855,False,0.03194223673147832,0.16133170598186553
1,17,QISKIT_AER_STATEVECTOR,18,23,10,9266,False,0.026676407418185676,0.13417850201949477
1,17,QISKIT_AER_STATEVECTOR,19,27,13,15436,False,0.04383948622338834,0.15444327401928604
1,17,QISKIT_AER_STATEVECTOR,20,32,24,3689,False,0.1395280082243107,0.344651969964616
1,17,QISKIT_AER_STATEVECTOR,21,39,29,10484,False,0.19784006614991653,0.39029039500746876
1,17,QISKIT_AER_STATEVECTOR,22,47,3,477,False,0.0029878030980352737,0.03735361201688647
1,17,QISKIT_AER_STATEVECTOR,23,56,23,0,True,0.1288776404110612,0.30193074606359005
1,18,NUMPY_FLOAT64,1,1,0,8202,False,6.103515625e-05,6.776605732738972e-05
1,18,NUMPY_FLOAT64,2,2,1,4287,False,0.0005492270029208157,0.0001501869410276413
1,18,NUMPY_FLOAT64,3,2,1,13919,False,0.0005492270029208157,0.00011404592078179121
1,18,NUMPY_FLOAT64,4,2,0,8101,False,6.103515625e-05,4.586891736835241e-05
1,18,NUMPY_FLOAT64,5,3,0,14657,False,6.103515625e-05,4.440802149474621e-05
1,18,NUMPY_FLOAT64,6,3,2,2439,False,0.0015251339755106843,0.0001910499995574355
1,18,NUMPY_FLOAT64,7,3,1,2096,False,0.0005492270029208157,0.00011105299927294254
1,18,NUMPY_FLOAT64,8,4,1,12794,False,0.0005492270029208157,0.0001113769831135869
1,18,NUMPY_FLOAT64,9,5,3,9490,False,0.002987803098035274,0.0002160300500690937
1,18,NUMPY_FLOAT64,10,6,3,15918,False,0.002987803098035274,0.00020235893316566944
1,18,NUMPY_FLOAT64,11,7,5,9714,False,0.007367240660447194,0.0003177850740030408
1,18,NUMPY_FLOAT64,12,8,5,9526,False,0.007367240660447194,0.00031581101939082146
1,18,NUMPY_FLOAT64,13,9,3,2154,False,0.002987803098035274,0.00021414505317807198
1,18,NUMPY_FLOAT64,14,11,2,5509,False,0.0015251339755106843,0.00014805805403739214
1,18,NUMPY_FLOAT64,15,13,1,13620,False,0.0005492270029208157,9.543297346681356e-05
1,18,NUMPY_FLOAT64,16,16,8,7353,False,0.017536045123506365,0.00047297403216362
1,18,NUMPY_FLOAT64,17,19,0,8069,False,6.103515625e-05,4.124501720070839e-05
1,18,NUMPY_FLOAT64,18,23,18,2245,False,0.08125724497359635,0.0010195779614150524
1,18,NUMPY_FLOAT64,19,27,20,9942,False,0.09914077053988757,0.0010707429610192776
1,18,NUMPY_FLOAT64,20,32,0,1512,False,6.103515625e-05,4.154304042458534e-05
1,18,NUMPY_FLOAT64,21,39,10,11918,False,0.02667640741818577,0.000587497022934258
1,18,NUMPY_FLOAT64,22,47,10,9226,False,0.02667640741818577,0.0005546179600059986
1,18,NUMPY_FLOAT64,23,56,53,10032,False,0.5504617817632831,0.0027732830494642258
1,18,NUMPY_FLOAT64,24,67,56,0,True,0.5968080369406757,0.0029293259140104055
1,18,QISKIT_AER_STATEVECTOR,1,1,0,8202,False,6.103515625000003e-05,0.0014426290290430188
1,18,QISKIT_AER_STATEVECTOR,2,2,1,4287,False,0.0005492270029208162,0.010520756943151355
1,18,QISKIT_AER_STATEVECTOR,3,2,1,13919,False,0.0005492270029208162,0.010226069018244743
1,18,QISKIT_AER_STATEVECTOR,4,2,0,8101,False,6.103515625000003e-05,0.0011823750101029873
1,18,QISKIT_AER_STATEVECTOR,5,3,0,14657,False,6.103515625000003e-05,0.0011567639885470271
1,18,QISKIT_AER_STATEVECTOR,6,3,2,2439,False,0.0015251339755106847,0.01959626702591777
1,18,QISKIT_AER_STATEVECTOR,7,3,1,2096,False,0.0005492270029208162,0.010306607000529766
1,18,QISKIT_AER_STATEVECTOR,8,4,1,12794,False,0.0005492270029208162,0.011219511041417718
1,18,QISKIT_AER_STATEVECTOR,9,5,3,9490,False,0.0029878030980352737,0.03055735898669809
1,18,QISKIT_AER_STATEVECTOR,10,6,3,15918,False,0.0029878030980352737,0.03189860505517572
1,18,QISKIT_AER_STATEVECTOR,11,7,5,9714,False,0.007367240660447187,0.06981948693282902
1,18,QISKIT_AER_STATEVECTOR,12,8,5,9526,False,0.007367240660447187,0.055585218011401594
1,18,QISKIT_AER_STATEVECTOR,13,9,3,2154,False,0.0029878030980352737,0.031240115989930928
1,18,QISKIT_AER_STATEVECTOR,14,11,2,5509,False,0.0015251339755106847,0.020036644069477916
1,18,QISKIT_AER_STATEVECTOR,15,13,1,13620,False,0.0005492270029208162,0.010445144958794117
1,18,QISKIT_AER_STATEVECTOR,16,16,8,7353,False,0.017536045123506327,0.1077848169952631
1,18,QISKIT_AER_STATEVECTOR,17,19,0,8069,False,6.103515625000003e-05,0.00234998797532171
1,18,QISKIT_AER_STATEVECTOR,18,23,18,2245,False,0.08125724497359568,0.2923786239698529
1,18,QISKIT_AER_STATEVECTOR,19,27,20,9942,False,0.09914077053988667,0.2432211140403524
1,18,QISKIT_AER_STATEVECTOR,20,32,0,1512,False,6.103515625000003e-05,0.001351205981336534
1,18,QISKIT_AER_STATEVECTOR,21,39,10,11918,False,0.026676407418185676,0.14552688505500555
1,18,QISKIT_AER_STATEVECTOR,22,47,10,9226,False,0.026676407418185676,0.1681660059839487
1,18,QISKIT_AER_STATEVECTOR,23,56,53,10032,False,0.550461781763271,0.7736277710646391
1,18,QISKIT_AER_STATEVECTOR,24,67,56,0,True,0.596808036940662,0.7970247559715062
1,19,NUMPY_FLOAT64,1,1,0,13472,False,6.103515625e-05,0.00011774594895541668
1,19,NUMPY_FLOAT64,2,2,0,3693,False,6.103515625e-05,0.00011481007095426321
1,19,NUMPY_FLOAT64,3,2,1,948,False,0.0005492270029208157,0.0003079220186918974
1,19,NUMPY_FLOAT64,4,2,1,1630,False,0.0005492270029208157,0.00021600699983537197
1,19,NUMPY_FLOAT64,5,3,2,14683,False,0.0015251339755106843,0.00027309893630445004
1,19,NUMPY_FLOAT64,6,3,1,14008,False,0.0005492270029208157,0.00020373298320919275
1,19,NUMPY_FLOAT64,7,3,0,1763,False,6.103515625e-05,8.753093425184488e-05
1,19,NUMPY_FLOAT64,8,4,1,11982,False,0.0005492270029208157,0.00019437307491898537
1,19,NUMPY_FLOAT64,9,5,0,9087,False,6.103515625e-05,9.907095227390528e-05
1,19,NUMPY_FLOAT64,10,6,3,497,False,0.002987803098035274,0.0004072969313710928
1,19,NUMPY_FLOAT64,11,7,4,1309,False,0.004935806069861494,0.0004909440176561475
1,19,NUMPY_FLOAT64,12,8,2,6647,False,0.0015251339755106843,0.0001502240775153041
1,19,NUMPY_FLOAT64,13,9,6,10420,False,0.010279732566874802,0.0006295670755207539
1,19,NUMPY_FLOAT64,14,11,6,11833,False,0.010279732566874802,0.0007108499994501472
1,19,NUMPY_FLOAT64,15,13,3,5718,False,0.002987803098035274,0.00039791304152458906
1,19,NUMPY_FLOAT64,16,16,9,14607,False,0.02187277996348917,0.0009850759524852037
1,19,NUMPY_FLOAT64,17,19,2,14241,False,0.0015251339755106843,0.0002942010760307312
1,19,NUMPY_FLOAT64,18,23,12,14103,False,0.03766512580579634,0.001321651041507721
1,19,NUMPY_FLOAT64,19,27,15,5229,False,0.057518068989633325,0.0014531019842252135
1,19,NUMPY_FLOAT64,20,32,21,9660,False,0.10867415718891889,0.0022200020030140877
1,19,NUMPY_FLOAT64,21,39,31,14381,False,0.22331226967107654,0.003163530956953764
1,19,NUMPY_FLOAT64,22,47,2,12655,False,0.0015251339755106843,0.0002745349192991853
1,19,NUMPY_FLOAT64,23,56,6,175,False,0.010279732566874802,0.0006868840428069234
1,19,NUMPY_FLOAT64,24,67,64,0,True,0.7151608708243103,0.00593472202308476
1,19,QISKIT_AER_STATEVECTOR,1,1,0,13472,False,6.103515625000003e-05,0.0024085399927571416
1,19,QISKIT_AER_STATEVECTOR,2,2,0,3693,False,6.103515625000003e-05,0.00220786698628217
1,19,QISKIT_AER_STATEVECTOR,3,2,1,948,False,0.0005492270029208162,0.018242385936900973
1,19,QISKIT_AER_STATEVECTOR,4,2,1,1630,False,0.0005492270029208162,0.013556597055867314
1,19,QISKIT_AER_STATEVECTOR,5,3,2,14683,False,0.0015251339755106847,0.021510506980121136
1,19,QISKIT_AER_STATEVECTOR,6,3,1,14008,False,0.0005492270029208162,0.010326797957532108
1,19,QISKIT_AER_STATEVECTOR,7,3,0,1763,False,6.103515625000003e-05,0.0011880520032718778
1,19,QISKIT_AER_STATEVECTOR,8,4,1,11982,False,0.0005492270029208162,0.015097313094884157
1,19,QISKIT_AER_STATEVECTOR,9,5,0,9087,False,6.103515625000003e-05,0.0019873660057783127
1,19,QISKIT_AER_STATEVECTOR,10,6,3,497,False,0.0029878030980352737,0.04685133509337902
1,19,QISKIT_AER_STATEVECTOR,11,7,4,1309,False,0.004935806069861492,0.06410889397375286
1,19,QISKIT_AER_STATEVECTOR,12,8,2,6647,False,0.0015251339755106847,0.0340144649380818
1,19,QISKIT_AER_STATEVECTOR,13,9,6,10420,False,0.010279732566874785,0.0877833180129528
1,19,QISKIT_AER_STATEVECTOR,14,11,6,11833,False,0.010279732566874785,0.07982625800650567
1,19,QISKIT_AER_STATEVECTOR,15,13,3,5718,False,0.0029878030980352737,0.0395547739462927
1,19,QISKIT_AER_STATEVECTOR,16,16,9,14607,False,0.02187277996348911,0.12398022599518299
1,19,QISKIT_AER_STATEVECTOR,17,19,2,14241,False,0.0015251339755106847,0.0376175029668957
1,19,QISKIT_AER_STATEVECTOR,18,23,12,14103,False,0.03766512580579618,0.13770405401010066
1,19,QISKIT_AER_STATEVECTOR,19,27,15,5229,False,0.05751806898963299,0.2070132449734956
1,19,QISKIT_AER_STATEVECTOR,20,32,21,9660,False,0.10867415718891786,0.2893029550323263
1,19,QISKIT_AER_STATEVECTOR,21,39,31,14381,False,0.22331226967107387,0.4865370850311592
1,19,QISKIT_AER_STATEVECTOR,22,47,2,12655,False,0.0015251339755106847,0.022900774027220905
1,19,QISKIT_AER_STATEVECTOR,23,56,6,175,False,0.010279732566874785,0.08027846401091665
1,19,QISKIT_AER_STATEVECTOR,24,67,64,0,True,0.7151608708242903,0.9170718099921942
1,20,NUMPY_FLOAT64,1,1,0,8662,False,6.103515625e-05,6.42659142613411e-05
1,20,NUMPY_FLOAT64,2,2,0,4798,False,6.103515625e-05,5.731394048780203e-05
1,20,NUMPY_FLOAT64,3,2,0,1412,False,6.103515625e-05,4.543503746390343e-05
1,20,NUMPY_FLOAT64,4,2,0,8513,False,6.103515625e-05,4.6337954699993134e-05
1,20,NUMPY_FLOAT64,5,3,0,5907,False,6.103515625e-05,4.274107050150633e-05
1,20,NUMPY_FLOAT64,6,3,2,10372,False,0.0015251339755106843,0.00019561394583433867
1,20,NUMPY_FLOAT64,7,3,1,10012,False,0.0005492270029208157,0.00010187807492911816
1,20,NUMPY_FLOAT64,8,4,3,1843,False,0.002987803098035274,0.00021116400603204966
1,20,NUMPY_FLOAT64,9,5,4,10914,False,0.004935806069861494,0.0002619019942358136
1,20,NUMPY_FLOAT64,10,6,4,14700,False,0.004935806069861494,0.00025459600146859884
1,20,NUMPY_FLOAT64,11,7,6,11591,False,0.010279732566874802,0.00035694590769708157
1,20,NUMPY_FLOAT64,12,8,6,12325,False,0.010279732566874802,0.00035222095903009176
1,20,NUMPY_FLOAT64,13,9,5,7194,False,0.007367240660447194,0.00030134699773043394
1,20,NUMPY_FLOAT64,14,11,1,1163,False,0.0005492270029208157,9.694893378764391e-05
1,20,NUMPY_FLOAT64,15,13,7,15397,False,0.01367043773236499,0.0004103670362383127
1,20,NUMPY_FLOAT64,16,16,6,91,False,0.010279732566874802,0.0003546290099620819
1,20,NUMPY_FLOAT64,17,19,8,727,False,0.017536045123506365,0.0007993079489096999
1,20,NUMPY_FLOAT64,18,23,16,4513,False,0.06500893416261029,0.0008791550062596798
1,20,NUMPY_FLOAT64,19,27,16,7546,False,0.06500893416261029,0.0009381750132888556
1,20,NUMPY_FLOAT64,20,32,4,8364,False,0.004935806069861494,0.0003420619759708643
1,20,NUMPY_FLOAT64,21,39,13,9982,False,0.04383948622338856,0.0007597069488838315
1,20,NUMPY_FLOAT64,22,47,18,12493,False,0.08125724497359635,0.0009556070435792208
1,20,NUMPY_FLOAT64,23,56,49,1221,False,0.4880483430577085,0.0027236660243943334
1,20,NUMPY_FLOAT64,24,67,12,4973,False,0.03766512580579634,0.0007037709001451731
1,20,NUMPY_FLOAT64,25,80,15,2163,False,0.057518068989633325,0.0008755490416660905
1,20,NUMPY_FLOAT64,26,96,66,0,True,0.7429312997918465,0.0035808400716632605
1,20,QISKIT_AER_STATEVECTOR,1,1,0,8662,False,6.103515625000003e-05,0.0015046760672703385
1,20,QISKIT_AER_STATEVECTOR,2,2,0,4798,False,6.103515625000003e-05,0.0012761380057781935
1,20,QISKIT_AER_STATEVECTOR,3,2,0,1412,False,6.103515625000003e-05,0.0012677289778366685
1,20,QISKIT_AER_STATEVECTOR,4,2,0,8513,False,6.103515625000003e-05,0.0012786260340362787
1,20,QISKIT_AER_STATEVECTOR,5,3,0,5907,False,6.103515625000003e-05,0.0013410289539024234
1,20,QISKIT_AER_STATEVECTOR,6,3,2,10372,False,0.0015251339755106847,0.021843150025233626
1,20,QISKIT_AER_STATEVECTOR,7,3,1,10012,False,0.0005492270029208162,0.015703579992987216
1,20,QISKIT_AER_STATEVECTOR,8,4,3,1843,False,0.0029878030980352737,0.03665608703158796
1,20,QISKIT_AER_STATEVECTOR,9,5,4,10914,False,0.004935806069861492,0.06461454601958394
1,20,QISKIT_AER_STATEVECTOR,10,6,4,14700,False,0.004935806069861492,0.04891552997287363
1,20,QISKIT_AER_STATEVECTOR,11,7,6,11591,False,0.010279732566874785,0.06286354805342853
1,20,QISKIT_AER_STATEVECTOR,12,8,6,12325,False,0.010279732566874785,0.08528533601202071
1,20,QISKIT_AER_STATEVECTOR,13,9,5,7194,False,0.007367240660447187,0.07104171009268612
1,20,QISKIT_AER_STATEVECTOR,14,11,1,1163,False,0.0005492270029208162,0.019175090943463147
1,20,QISKIT_AER_STATEVECTOR,15,13,7,15397,False,0.013670437732364964,0.08630190801341087
1,20,QISKIT_AER_STATEVECTOR,16,16,6,91,False,0.010279732566874785,0.06572968291584402
1,20,QISKIT_AER_STATEVECTOR,17,19,8,727,False,0.017536045123506327,0.09184470598120242
1,20,QISKIT_AER_STATEVECTOR,18,23,16,4513,False,0.06500893416260986,0.18201803206466138
1,20,QISKIT_AER_STATEVECTOR,19,27,16,7546,False,0.06500893416260986,0.20941782393492758
1,20,QISKIT_AER_STATEVECTOR,20,32,4,8364,False,0.004935806069861492,0.038861921057105064
1,20,QISKIT_AER_STATEVECTOR,21,39,13,9982,False,0.04383948622338834,0.12385914695914835
1,20,QISKIT_AER_STATEVECTOR,22,47,18,12493,False,0.08125724497359568,0.23722592904232442
1,20,QISKIT_AER_STATEVECTOR,23,56,49,1221,False,0.4880483430576989,0.7406453799922019
1,20,QISKIT_AER_STATEVECTOR,24,67,12,4973,False,0.03766512580579618,0.14522541395854205
1,20,QISKIT_AER_STATEVECTOR,25,80,15,2163,False,0.05751806898963299,0.24060562998056412
1,20,QISKIT_AER_STATEVECTOR,26,96,66,0,True,0.7429312997918245,0.808791799005121
1,21,NUMPY_FLOAT64,1,1,0,3644,False,6.103515625e-05,0.00012035598047077656
1,21,NUMPY_FLOAT64,2,2,1,7063,False,0.0005492270029208157,0.00033163209445774555
1,21,NUMPY_FLOAT64,3,2,0,16204,False,6.103515625e-05,0.0001011560671031475
1,21,NUMPY_FLOAT64,4,2,1,3689,False,0.0005492270029208157,0.00021340104285627604
1,21,NUMPY_FLOAT64,5,3,2,13515,False,0.0015251339755106843,0.00036017189268022776
1,21,NUMPY_FLOAT64,6,3,0,9606,False,6.103515625e-05,8.615001570433378e-05
1,21,NUMPY_FLOAT64,7,3,1,13199,False,0.0005492270029208157,0.00013808102812618017
1,21,NUMPY_FLOAT64,8,4,1,2212,False,0.0005492270029208157,0.00010869803372770548
1,21,NUMPY_FLOAT64,9,5,2,3833,False,0.0015251339755106843,0.00028637400828301907
1,21,NUMPY_FLOAT64,10,6,1,15494,False,0.0005492270029208157,0.00014716503210365772
1,21,NUMPY_FLOAT64,11,7,6,12729,False,0.010279732566874802,0.0006839670240879059
1,21,NUMPY_FLOAT64,12,8,2,7353,False,0.0015251339755106843,0.00031477201264351606
1,21,NUMPY_FLOAT64,13,9,4,14009,False,0.004935806069861494,0.0004930759314447641
1,21,NUMPY_FLOAT64,14,11,8,15160,False,0.017536045123506365,0.0008809299906715751
1,21,NUMPY_FLOAT64,15,13,4,6172,False,0.004935806069861494,0.0004909760318696499
1,21,NUMPY_FLOAT64,16,16,12,3563,False,0.03766512580579634,0.001238672062754631
1,21,NUMPY_FLOAT64,17,19,3,1098,False,0.002987803098035274,0.0002548500197008252
1,21,NUMPY_FLOAT64,18,23,8,8640,False,0.017536045123506365,0.0006390949711203575
1,21,NUMPY_FLOAT64,19,27,13,10598,False,0.04383948622338856,0.0014528080355376005
1,21,NUMPY_FLOAT64,20,32,11,460,False,0.03194223673147845,0.0011770629789680243
1,21,NUMPY_FLOAT64,21,39,20,13808,False,0.09914077053988757,0.0020117429085075855
1,21,NUMPY_FLOAT64,22,47,40,0,True,0.34977784487914537,0.003883562982082367
1,21,QISKIT_AER_STATEVECTOR,1,1,0,3644,False,6.103515625000003e-05,0.002446120954118669
1,21,QISKIT_AER_STATEVECTOR,2,2,1,7063,False,0.0005492270029208162,0.018278934992849827
1,21,QISKIT_AER_STATEVECTOR,3,2,0,16204,False,6.103515625000003e-05,0.001753775984980166
1,21,QISKIT_AER_STATEVECTOR,4,2,1,3689,False,0.0005492270029208162,0.011265164008364081
1,21,QISKIT_AER_STATEVECTOR,5,3,2,13515,False,0.0015251339755106847,0.03250177996233106
1,21,QISKIT_AER_STATEVECTOR,6,3,0,9606,False,6.103515625000003e-05,0.002311268006451428
1,21,QISKIT_AER_STATEVECTOR,7,3,1,13199,False,0.0005492270029208162,0.019175171968527138
1,21,QISKIT_AER_STATEVECTOR,8,4,1,2212,False,0.0005492270029208162,0.0174147910438478
1,21,QISKIT_AER_STATEVECTOR,9,5,2,3833,False,0.0015251339755106847,0.02729296195320785
1,21,QISKIT_AER_STATEVECTOR,10,6,1,15494,False,0.0005492270029208162,0.011849310016259551
1,21,QISKIT_AER_STATEVECTOR,11,7,6,12729,False,0.010279732566874785,0.07491875998675823
1,21,QISKIT_AER_STATEVECTOR,12,8,2,7353,False,0.0015251339755106847,0.022821765043772757
1,21,QISKIT_AER_STATEVECTOR,13,9,4,14009,False,0.004935806069861492,0.06858842098154128
1,21,QISKIT_AER_STATEVECTOR,14,11,8,15160,False,0.017536045123506327,0.14216434094123542
1,21,QISKIT_AER_STATEVECTOR,15,13,4,6172,False,0.004935806069861492,0.059231717023067176
1,21,QISKIT_AER_STATEVECTOR,16,16,12,3563,False,0.03766512580579618,0.13006806292105466
1,21,QISKIT_AER_STATEVECTOR,17,19,3,1098,False,0.0029878030980352737,0.03165195800829679
1,21,QISKIT_AER_STATEVECTOR,18,23,8,8640,False,0.017536045123506327,0.10447602404747158
1,21,QISKIT_AER_STATEVECTOR,19,27,13,10598,False,0.04383948622338834,0.15097389498259872
1,21,QISKIT_AER_STATEVECTOR,20,32,11,460,False,0.03194223673147832,0.18091558699961752
1,21,QISKIT_AER_STATEVECTOR,21,39,20,13808,False,0.09914077053988667,0.25488145800773054
1,21,QISKIT_AER_STATEVECTOR,22,47,40,0,True,0.3497778448791401,0.46620460599660873
1,22,NUMPY_FLOAT64,1,1,0,15378,False,6.103515625e-05,0.00011453998740762472
1,22,NUMPY_FLOAT64,2,2,1,8099,False,0.0005492270029208157,0.0003349879989400506
1,22,NUMPY_FLOAT64,3,2,1,8671,False,0.0005492270029208157,0.00021020404528826475
1,22,NUMPY_FLOAT64,4,2,1,7852,False,0.0005492270029208157,0.0002042700070887804
1,22,NUMPY_FLOAT64,5,3,2,9533,False,0.0015251339755106843,0.0003187580732628703
1,22,NUMPY_FLOAT64,6,3,0,6740,False,6.103515625e-05,8.674105629324913e-05
1,22,NUMPY_FLOAT64,7,3,0,9433,False,6.103515625e-05,7.388403173536062e-05
1,22,NUMPY_FLOAT64,8,4,1,1988,False,0.0005492270029208157,0.00019610393792390823
1,22,NUMPY_FLOAT64,9,5,1,5714,False,0.0005492270029208157,0.00019373802933841944
1,22,NUMPY_FLOAT64,10,6,5,6414,False,0.007367240660447194,0.0005975880194455385
1,22,NUMPY_FLOAT64,11,7,3,336,False,0.002987803098035274,0.00041353004053235054
1,22,NUMPY_FLOAT64,12,8,0,8838,False,6.103515625e-05,8.293299470096827e-05
1,22,NUMPY_FLOAT64,13,9,8,9140,False,0.017536045123506365,0.0008886969881132245
1,22,NUMPY_FLOAT64,14,11,0,13509,False,6.103515625e-05,8.290598634630442e-05
1,22,NUMPY_FLOAT64,15,13,9,6606,False,0.02187277996348917,0.0010141149396076798
1,22,NUMPY_FLOAT64,16,16,13,12284,False,0.04383948622338856,0.0013970719883218408
1,22,NUMPY_FLOAT64,17,19,4,9735,False,0.004935806069861494,0.0004314390243962407
1,22,NUMPY_FLOAT64,18,23,9,10125,False,0.02187277996348917,0.001011410029605031
1,22,NUMPY_FLOAT64,19,27,5,5699,False,0.007367240660447194,0.0005843889666721225
1,22,NUMPY_FLOAT64,20,32,12,8719,False,0.03766512580579634,0.0012848681071773171
1,22,NUMPY_FLOAT64,21,39,4,7112,False,0.004935806069861494,0.0004966610576957464
1,22,NUMPY_FLOAT64,22,47,38,175,False,0.32028402672631406,0.0038478639908134937
1,22,NUMPY_FLOAT64,23,56,35,4030,False,0.2773944318611407,0.0035276931012049317
1,22,NUMPY_FLOAT64,24,67,45,0,True,0.4258214097509496,0.004500041948631406
1,22,QISKIT_AER_STATEVECTOR,1,1,0,15378,False,6.103515625000003e-05,0.0021290029399096966
1,22,QISKIT_AER_STATEVECTOR,2,2,1,8099,False,0.0005492270029208162,0.018444413086399436
1,22,QISKIT_AER_STATEVECTOR,3,2,1,8671,False,0.0005492270029208162,0.014083366026170552
1,22,QISKIT_AER_STATEVECTOR,4,2,1,7852,False,0.0005492270029208162,0.019229038036428392
1,22,QISKIT_AER_STATEVECTOR,5,3,2,9533,False,0.0015251339755106847,0.03580902889370918
1,22,QISKIT_AER_STATEVECTOR,6,3,0,6740,False,6.103515625000003e-05,0.0023145340383052826
1,22,QISKIT_AER_STATEVECTOR,7,3,0,9433,False,6.103515625000003e-05,0.001983952010050416
1,22,QISKIT_AER_STATEVECTOR,8,4,1,1988,False,0.0005492270029208162,0.013767212047241628
1,22,QISKIT_AER_STATEVECTOR,9,5,1,5714,False,0.0005492270029208162,0.014727683970704675
1,22,QISKIT_AER_STATEVECTOR,10,6,5,6414,False,0.007367240660447187,0.0783317299792543
1,22,QISKIT_AER_STATEVECTOR,11,7,3,336,False,0.0029878030980352737,0.03802840691059828
1,22,QISKIT_AER_STATEVECTOR,12,8,0,8838,False,6.103515625000003e-05,0.0013267379254102707
1,22,QISKIT_AER_STATEVECTOR,13,9,8,9140,False,0.017536045123506327,0.11770073499064893
1,22,QISKIT_AER_STATEVECTOR,14,11,0,13509,False,6.103515625000003e-05,0.0013827610528096557
1,22,QISKIT_AER_STATEVECTOR,15,13,9,6606,False,0.02187277996348911,0.09051815106067806
1,22,QISKIT_AER_STATEVECTOR,16,16,13,12284,False,0.04383948622338834,0.16697471006773412
1,22,QISKIT_AER_STATEVECTOR,17,19,4,9735,False,0.004935806069861492,0.05376397108193487
1,22,QISKIT_AER_STATEVECTOR,18,23,9,10125,False,0.02187277996348911,0.10642306203953922
1,22,QISKIT_AER_STATEVECTOR,19,27,5,5699,False,0.007367240660447187,0.05503834702540189
1,22,QISKIT_AER_STATEVECTOR,20,32,12,8719,False,0.03766512580579618,0.12526787107344717
1,22,QISKIT_AER_STATEVECTOR,21,39,4,7112,False,0.004935806069861492,0.038159435032866895
1,22,QISKIT_AER_STATEVECTOR,22,47,38,175,False,0.3202840267263095,0.5178958988981321
1,22,QISKIT_AER_STATEVECTOR,23,56,35,4030,False,0.2773944318611371,0.4939046350773424
1,22,QISKIT_AER_STATEVECTOR,24,67,45,0,True,0.42582140975094196,0.6271680920617655
1,23,NUMPY_FLOAT64,1,1,0,103,False,6.103515625e-05,0.00012373505160212517
1,23,NUMPY_FLOAT64,2,2,0,15643,False,6.103515625e-05,0.00010912993457168341
1,23,NUMPY_FLOAT64,3,2,1,10402,False,0.0005492270029208157,0.00030856404919177294
1,23,NUMPY_FLOAT64,4,2,0,12873,False,6.103515625e-05,0.0001001299824565649
1,23,NUMPY_FLOAT64,5,3,0,15446,False,6.103515625e-05,7.955101318657398e-05
1,23,NUMPY_FLOAT64,6,3,2,3516,False,0.0015251339755106843,0.00030811107717454433
1,23,NUMPY_FLOAT64,7,3,0,7670,False,6.103515625e-05,9.309593588113785e-05
1,23,NUMPY_FLOAT64,8,4,3,12788,False,0.002987803098035274,0.00044643389992415905
1,23,NUMPY_FLOAT64,9,5,3,0,True,0.002987803098035274,0.00042387295980006456
1,23,QISKIT_AER_STATEVECTOR,1,1,0,103,False,6.103515625000003e-05,0.0019046589732170105
1,23,QISKIT_AER_STATEVECTOR,2,2,0,15643,False,6.103515625000003e-05,0.0022817320423200727
1,23,QISKIT_AER_STATEVECTOR,3,2,1,10402,False,0.0005492270029208162,0.015408175066113472
1,23,QISKIT_AER_STATEVECTOR,4,2,0,12873,False,6.103515625000003e-05,0.0014103979337960482
1,23,QISKIT_AER_STATEVECTOR,5,3,0,15446,False,6.103515625000003e-05,0.002343973028473556
1,23,QISKIT_AER_STATEVECTOR,6,3,2,3516,False,0.0015251339755106847,0.0255456930026412
1,23,QISKIT_AER_STATEVECTOR,7,3,0,7670,False,6.103515625000003e-05,0.001230999012477696
1,23,QISKIT_AER_STATEVECTOR,8,4,3,12788,False,0.0029878030980352737,0.02988730394281447
1,23,QISKIT_AER_STATEVECTOR,9,5,3,0,True,0.0029878030980352737,0.045059025986120105
1,24,NUMPY_FLOAT64,1,1,0,300,False,6.103515625e-05,0.00011616910342127085
1,24,NUMPY_FLOAT64,2,2,0,6888,False,6.103515625e-05,0.00010535400360822678
1,24,NUMPY_FLOAT64,3,2,0,355,False,6.103515625e-05,9.314005728811026e-05
1,24,NUMPY_FLOAT64,4,2,1,8497,False,0.0005492270029208157,0.0002390570007264614
1,24,NUMPY_FLOAT64,5,3,1,11059,False,0.0005492270029208157,0.00020568701438605785
1,24,NUMPY_FLOAT64,6,3,2,5363,False,0.0015251339755106843,0.00031368702184408903
1,24,NUMPY_FLOAT64,7,3,1,7166,False,0.0005492270029208157,0.00020065205171704292
1,24,NUMPY_FLOAT64,8,4,3,14643,False,0.002987803098035274,0.0004221930867061019
1,24,NUMPY_FLOAT64,9,5,0,1227,False,6.103515625e-05,9.447592310607433e-05
1,24,NUMPY_FLOAT64,10,6,3,15583,False,0.002987803098035274,0.0004093790194019675
1,24,NUMPY_FLOAT64,11,7,4,11777,False,0.004935806069861494,0.0005227529909461737
1,24,NUMPY_FLOAT64,12,8,6,7329,False,0.010279732566874802,0.0007131859892979264
1,24,NUMPY_FLOAT64,13,9,4,769,False,0.004935806069861494,0.0005090980557724833
1,24,NUMPY_FLOAT64,14,11,0,14926,False,6.103515625e-05,9.221502114087343e-05
1,24,NUMPY_FLOAT64,15,13,7,4027,False,0.01367043773236499,0.0008167149499058723
1,24,NUMPY_FLOAT64,16,16,6,4494,False,0.010279732566874802,0.0007125190459191799
1,24,NUMPY_FLOAT64,17,19,9,13529,False,0.02187277996348917,0.0009822139982134104
1,24,NUMPY_FLOAT64,18,23,5,12138,False,0.007367240660447194,0.0005855769850313663
1,24,NUMPY_FLOAT64,19,27,12,2949,False,0.03766512580579634,0.001371270976960659
1,24,NUMPY_FLOAT64,20,32,10,16158,False,0.02667640741818577,0.0011087050661444664
1,24,NUMPY_FLOAT64,21,39,16,27,False,0.06500893416261029,0.001735249999910593
1,24,NUMPY_FLOAT64,22,47,8,10577,False,0.017536045123506365,0.0009290740126743913
1,24,NUMPY_FLOAT64,23,56,9,10339,False,0.02187277996348917,0.00097952492069453
1,24,NUMPY_FLOAT64,24,67,21,2329,False,0.10867415718891889,0.002161517972126603
1,24,NUMPY_FLOAT64,25,80,4,13860,False,0.004935806069861494,0.00047003000508993864
1,24,NUMPY_FLOAT64,26,96,62,0,True,0.6865502261718149,0.006348408991470933
1,24,QISKIT_AER_STATEVECTOR,1,1,0,300,False,6.103515625000003e-05,0.0023654389660805464
1,24,QISKIT_AER_STATEVECTOR,2,2,0,6888,False,6.103515625000003e-05,0.0024373040068894625
1,24,QISKIT_AER_STATEVECTOR,3,2,0,355,False,6.103515625000003e-05,0.0024655609158799052
1,24,QISKIT_AER_STATEVECTOR,4,2,1,8497,False,0.0005492270029208162,0.015763672068715096
1,24,QISKIT_AER_STATEVECTOR,5,3,1,11059,False,0.0005492270029208162,0.01520659402012825
1,24,QISKIT_AER_STATEVECTOR,6,3,2,5363,False,0.0015251339755106847,0.022555068018846214
1,24,QISKIT_AER_STATEVECTOR,7,3,1,7166,False,0.0005492270029208162,0.015337035991251469
1,24,QISKIT_AER_STATEVECTOR,8,4,3,14643,False,0.0029878030980352737,0.033117737038992345
1,24,QISKIT_AER_STATEVECTOR,9,5,0,1227,False,6.103515625000003e-05,0.0019800609443336725
1,24,QISKIT_AER_STATEVECTOR,10,6,3,15583,False,0.0029878030980352737,0.047021043952554464
1,24,QISKIT_AER_STATEVECTOR,11,7,4,11777,False,0.004935806069861492,0.04533079208340496
1,24,QISKIT_AER_STATEVECTOR,12,8,6,7329,False,0.010279732566874785,0.08274112304206938
1,24,QISKIT_AER_STATEVECTOR,13,9,4,769,False,0.004935806069861492,0.03761863801628351
1,24,QISKIT_AER_STATEVECTOR,14,11,0,14926,False,6.103515625000003e-05,0.001511982991360128
1,24,QISKIT_AER_STATEVECTOR,15,13,7,4027,False,0.013670437732364964,0.07389899797271937
1,24,QISKIT_AER_STATEVECTOR,16,16,6,4494,False,0.010279732566874785,0.08518882503267378
1,24,QISKIT_AER_STATEVECTOR,17,19,9,13529,False,0.02187277996348911,0.1459964009700343
1,24,QISKIT_AER_STATEVECTOR,18,23,5,12138,False,0.007367240660447187,0.08381567103788257
1,24,QISKIT_AER_STATEVECTOR,19,27,12,2949,False,0.03766512580579618,0.1940031589474529
1,24,QISKIT_AER_STATEVECTOR,20,32,10,16158,False,0.026676407418185676,0.16952746897004545
1,24,QISKIT_AER_STATEVECTOR,21,39,16,27,False,0.06500893416260986,0.1762280350085348
1,24,QISKIT_AER_STATEVECTOR,22,47,8,10577,False,0.017536045123506327,0.09210848610382527
1,24,QISKIT_AER_STATEVECTOR,23,56,9,10339,False,0.02187277996348911,0.11067335901316255
1,24,QISKIT_AER_STATEVECTOR,24,67,21,2329,False,0.10867415718891786,0.24757844302803278
1,24,QISKIT_AER_STATEVECTOR,25,80,4,13860,False,0.004935806069861492,0.06596671405714005
1,24,QISKIT_AER_STATEVECTOR,26,96,62,0,True,0.6865502261717967,0.8706571450456977
1,25,NUMPY_FLOAT64,1,1,0,6519,False,6.103515625e-05,0.00011367094703018665
1,25,NUMPY_FLOAT64,2,2,1,6813,False,0.0005492270029208157,0.00025724200531840324
1,25,NUMPY_FLOAT64,3,2,0,4162,False,6.103515625e-05,9.28450608626008e-05
1,25,NUMPY_FLOAT64,4,2,0,14471,False,6.103515625e-05,8.969090413302183e-05
1,25,NUMPY_FLOAT64,5,3,1,10984,False,0.0005492270029208157,0.000216167070902884
1,25,NUMPY_FLOAT64,6,3,1,13516,False,0.0005492270029208157,0.00021752004977315664
1,25,NUMPY_FLOAT64,7,3,1,9739,False,0.0005492270029208157,0.00020907598081976175
1,25,NUMPY_FLOAT64,8,4,0,15989,False,6.103515625e-05,9.674998000264168e-05
1,25,NUMPY_FLOAT64,9,5,4,15584,False,0.004935806069861494,0.0005238140001893044
1,25,NUMPY_FLOAT64,10,6,5,4837,False,0.007367240660447194,0.0006229359423741698
1,25,NUMPY_FLOAT64,11,7,4,8993,False,0.004935806069861494,0.0005149759817868471
1,25,NUMPY_FLOAT64,12,8,1,9115,False,0.0005492270029208157,0.00019145605619996786
1,25,NUMPY_FLOAT64,13,9,6,14450,False,0.010279732566874802,0.0007481829961761832
1,25,NUMPY_FLOAT64,14,11,4,2807,False,0.004935806069861494,0.00048718403559178114
1,25,NUMPY_FLOAT64,15,13,3,6918,False,0.002987803098035274,0.00041291501838713884
1,25,NUMPY_FLOAT64,16,16,12,6447,False,0.03766512580579634,0.0012898260029032826
1,25,NUMPY_FLOAT64,17,19,6,10122,False,0.010279732566874802,0.0007340740412473679
1,25,NUMPY_FLOAT64,18,23,18,15248,False,0.08125724497359635,0.0019367519998922944
1,25,NUMPY_FLOAT64,19,27,25,0,True,0.15053037798122515,0.002659062040038407
1,25,QISKIT_AER_STATEVECTOR,1,1,0,6519,False,6.103515625000003e-05,0.0024371390463784337
1,25,QISKIT_AER_STATEVECTOR,2,2,1,6813,False,0.0005492270029208162,0.019763035932555795
1,25,QISKIT_AER_STATEVECTOR,3,2,0,4162,False,6.103515625000003e-05,0.002294349018484354
1,25,QISKIT_AER_STATEVECTOR,4,2,0,14471,False,6.103515625000003e-05,0.0022796379635110497
1,25,QISKIT_AER_STATEVECTOR,5,3,1,10984,False,0.0005492270029208162,0.01749954908154905
1,25,QISKIT_AER_STATEVECTOR,6,3,1,13516,False,0.0005492270029208162,0.014028712059371173
1,25,QISKIT_AER_STATEVECTOR,7,3,1,9739,False,0.0005492270029208162,0.01421602803748101
1,25,QISKIT_AER_STATEVECTOR,8,4,0,15989,False,6.103515625000003e-05,0.0012880240101367235
1,25,QISKIT_AER_STATEVECTOR,9,5,4,15584,False,0.004935806069861492,0.05245018296409398
1,25,QISKIT_AER_STATEVECTOR,10,6,5,4837,False,0.007367240660447187,0.056955390027724206
1,25,QISKIT_AER_STATEVECTOR,11,7,4,8993,False,0.004935806069861492,0.06486278597731143
1,25,QISKIT_AER_STATEVECTOR,12,8,1,9115,False,0.0005492270029208162,0.01914954709354788
1,25,QISKIT_AER_STATEVECTOR,13,9,6,14450,False,0.010279732566874785,0.10143949103076011
1,25,QISKIT_AER_STATEVECTOR,14,11,4,2807,False,0.004935806069861492,0.0684737479314208
1,25,QISKIT_AER_STATEVECTOR,15,13,3,6918,False,0.0029878030980352737,0.04120362305548042
1,25,QISKIT_AER_STATEVECTOR,16,16,12,6447,False,0.03766512580579618,0.14354695996735245
1,25,QISKIT_AER_STATEVECTOR,17,19,6,10122,False,0.010279732566874785,0.08039309200830758
1,25,QISKIT_AER_STATEVECTOR,18,23,18,15248,False,0.08125724497359568,0.216281806002371
1,25,QISKIT_AER_STATEVECTOR,19,27,25,0,True,0.1505303779812236,0.33774606394581497
1,26,NUMPY_FLOAT64,1,1,0,9401,False,6.103515625e-05,0.0001147149596363306
1,26,NUMPY_FLOAT64,2,2,1,10790,False,0.0005492270029208157,0.00026914000045508146
1,26,NUMPY_FLOAT64,3,2,1,5438,False,0.0005492270029208157,0.00021389592438936234
1,26,NUMPY_FLOAT64,4,2,0,7922,False,6.103515625e-05,9.315507486462593e-05
1,26,NUMPY_FLOAT64,5,3,1,9825,False,0.0005492270029208157,0.00020506291184574366
1,26,NUMPY_FLOAT64,6,3,1,10425,False,0.0005492270029208157,0.0002042669802904129
1,26,NUMPY_FLOAT64,7,3,0,1314,False,6.103515625e-05,8.641998283565044e-05
1,26,NUMPY_FLOAT64,8,4,0,15728,False,6.103515625e-05,8.529901970177889e-05
1,26,NUMPY_FLOAT64,9,5,3,8630,False,0.002987803098035274,0.00034241797402501106
1,26,NUMPY_FLOAT64,10,6,4,7875,False,0.004935806069861494,0.0005309589905664325
1,26,NUMPY_FLOAT64,11,7,2,4927,False,0.0015251339755106843,0.0002884439891204238
1,26,NUMPY_FLOAT64,12,8,2,9311,False,0.0015251339755106843,0.0002967449836432934
1,26,NUMPY_FLOAT64,13,9,0,12531,False,6.103515625e-05,8.412101306021214e-05
1,26,NUMPY_FLOAT64,14,11,7,11265,False,0.01367043773236499,0.0008185430197045207
1,26,NUMPY_FLOAT64,15,13,5,12569,False,0.007367240660447194,0.0006015590624883771
1,26,NUMPY_FLOAT64,16,16,2,9407,False,0.0015251339755106843,0.0002936150413006544
1,26,NUMPY_FLOAT64,17,19,14,14933,False,0.05045928870343037,0.0014955298975110054
1,26,NUMPY_FLOAT64,18,23,11,14410,False,0.03194223673147845,0.001213541952893138
1,26,NUMPY_FLOAT64,19,27,10,7627,False,0.02667640741818577,0.001127319992519915
1,26,NUMPY_FLOAT64,20,32,5,10873,False,0.007367240660447194,0.00044131698086857796
1,26,NUMPY_FLOAT64,21,39,10,6926,False,0.02667640741818577,0.0011140709975734353
1,26,NUMPY_FLOAT64,22,47,35,4598,False,0.2773944318611407,0.003541077021509409
1,26,NUMPY_FLOAT64,23,56,48,0,True,0.4724360263787071,0.005284521961584687
1,26,QISKIT_AER_STATEVECTOR,1,1,0,9401,False,6.103515625000003e-05,0.002350738039240241
1,26,QISKIT_AER_STATEVECTOR,2,2,1,10790,False,0.0005492270029208162,0.02015741099603474
1,26,QISKIT_AER_STATEVECTOR,3,2,1,5438,False,0.0005492270029208162,0.02024646196514368
1,26,QISKIT_AER_STATEVECTOR,4,2,0,7922,False,6.103515625000003e-05,0.002339484984986484
1,26,QISKIT_AER_STATEVECTOR,5,3,1,9825,False,0.0005492270029208162,0.016690382966771722
1,26,QISKIT_AER_STATEVECTOR,6,3,1,10425,False,0.0005492270029208162,0.013461307971738279
1,26,QISKIT_AER_STATEVECTOR,7,3,0,1314,False,6.103515625000003e-05,0.0022914379369467497
1,26,QISKIT_AER_STATEVECTOR,8,4,0,15728,False,6.103515625000003e-05,0.002296391990967095
1,26,QISKIT_AER_STATEVECTOR,9,5,3,8630,False,0.0029878030980352737,0.055025235982611775
1,26,QISKIT_AER_STATEVECTOR,10,6,4,7875,False,0.004935806069861492,0.06679560104385018
1,26,QISKIT_AER_STATEVECTOR,11,7,2,4927,False,0.0015251339755106847,0.023701569996774197
1,26,QISKIT_AER_STATEVECTOR,12,8,2,9311,False,0.0015251339755106847,0.025150546920485795
1,26,QISKIT_AER_STATEVECTOR,13,9,0,12531,False,6.103515625000003e-05,0.0018374889623373747
1,26,QISKIT_AER_STATEVECTOR,14,11,7,11265,False,0.013670437732364964,0.07134325907099992
1,26,QISKIT_AER_STATEVECTOR,15,13,5,12569,False,0.007367240660447187,0.04826837405562401
1,26,QISKIT_AER_STATEVECTOR,16,16,2,9407,False,0.0015251339755106847,0.02099435101263225
1,26,QISKIT_AER_STATEVECTOR,17,19,14,14933,False,0.050459288703430076,0.1355714900419116
1,26,QISKIT_AER_STATEVECTOR,18,23,11,14410,False,0.03194223673147832,0.13548214605543762
1,26,QISKIT_AER_STATEVECTOR,19,27,10,7627,False,0.026676407418185676,0.1595750580308959
1,26,QISKIT_AER_STATEVECTOR,20,32,5,10873,False,0.007367240660447187,0.08399337402079254
1,26,QISKIT_AER_STATEVECTOR,21,39,10,6926,False,0.026676407418185676,0.17038039804901928
1,26,QISKIT_AER_STATEVECTOR,22,47,35,4598,False,0.2773944318611371,0.4691887169610709
1,26,QISKIT_AER_STATEVECTOR,23,56,48,0,True,0.4724360263786981,0.6471424590563402
1,27,NUMPY_FLOAT64,1,1,0,15999,False,6.103515625e-05,0.00010299298446625471
1,27,NUMPY_FLOAT64,2,2,0,10014,False,6.103515625e-05,0.00011169107165187597
1,27,NUMPY_FLOAT64,3,2,1,11243,False,0.0005492270029208157,0.0003072520485147834
1,27,NUMPY_FLOAT64,4,2,1,15422,False,0.0005492270029208157,0.00020089501049369574
1,27,NUMPY_FLOAT64,5,3,0,14469,False,6.103515625e-05,9.0467045083642e-05
1,27,NUMPY_FLOAT64,6,3,2,16073,False,0.0015251339755106843,0.00034148502163589
1,27,NUMPY_FLOAT64,7,3,1,6766,False,0.0005492270029208157,0.00020264997147023678
1,27,NUMPY_FLOAT64,8,4,1,7722,False,0.0005492270029208157,0.0002078789984807372
1,27,NUMPY_FLOAT64,9,5,4,13291,False,0.004935806069861494,0.0005181320011615753
1,27,NUMPY_FLOAT64,10,6,5,8123,False,0.007367240660447194,0.0004180390387773514
1,27,NUMPY_FLOAT64,11,7,6,13355,False,0.010279732566874802,0.0007028849795460701
1,27,NUMPY_FLOAT64,12,8,2,7575,False,0.0015251339755106843,0.0003176550380885601
1,27,NUMPY_FLOAT64,13,9,0,15906,False,6.103515625e-05,8.507294114679098e-05
1,27,NUMPY_FLOAT64,14,11,0,12263,False,6.103515625e-05,9.665905963629484e-05
1,27,NUMPY_FLOAT64,15,13,0,8379,False,6.103515625e-05,8.284300565719604e-05
1,27,NUMPY_FLOAT64,16,16,14,2726,False,0.05045928870343037,0.0016035080188885331
1,27,NUMPY_FLOAT64,17,19,9,4025,False,0.02187277996348917,0.0009817309910431504
1,27,NUMPY_FLOAT64,18,23,7,13879,False,0.01367043773236499,0.0008405450498685241
1,27,NUMPY_FLOAT64,19,27,17,13063,False,0.0729245693708311,0.0017813100712373853
1,27,NUMPY_FLOAT64,20,32,11,6652,False,0.03194223673147845,0.0010915659368038177
1,27,NUMPY_FLOAT64,21,39,6,8488,False,0.010279732566874802,0.0005555690731853247
1,27,NUMPY_FLOAT64,22,47,8,104,False,0.017536045123506365,0.0008356909966096282
1,27,NUMPY_FLOAT64,23,56,33,7675,False,0.24986495483356372,0.003407709999009967
1,27,NUMPY_FLOAT64,24,67,59,0,True,0.6423040459450425,0.005667728953994811
1,27,QISKIT_AER_STATEVECTOR,1,1,0,15999,False,6.103515625000003e-05,0.002478373935446143
1,27,QISKIT_AER_STATEVECTOR,2,2,0,10014,False,6.103515625000003e-05,0.0019826609641313553
1,27,QISKIT_AER_STATEVECTOR,3,2,1,11243,False,0.0005492270029208162,0.02023410692345351
1,27,QISKIT_AER_STATEVECTOR,4,2,1,15422,False,0.0005492270029208162,0.02070940099656582
1,27,QISKIT_AER_STATEVECTOR,5,3,0,14469,False,6.103515625000003e-05,0.002194836037233472
1,27,QISKIT_AER_STATEVECTOR,6,3,2,16073,False,0.0015251339755106847,0.037644837982952595
1,27,QISKIT_AER_STATEVECTOR,7,3,1,6766,False,0.0005492270029208162,0.020981576992198825
1,27,QISKIT_AER_STATEVECTOR,8,4,1,7722,False,0.0005492270029208162,0.020011007087305188
1,27,QISKIT_AER_STATEVECTOR,9,5,4,13291,False,0.004935806069861492,0.07204332400579005
1,27,QISKIT_AER_STATEVECTOR,10,6,5,8123,False,0.007367240660447187,0.0746681010350585
1,27,QISKIT_AER_STATEVECTOR,11,7,6,13355,False,0.010279732566874785,0.06719658290967345
1,27,QISKIT_AER_STATEVECTOR,12,8,2,7575,False,0.0015251339755106847,0.022843378013931215
1,27,QISKIT_AER_STATEVECTOR,13,9,0,15906,False,6.103515625000003e-05,0.0021626859670504928
1,27,QISKIT_AER_STATEVECTOR,14,11,0,12263,False,6.103515625000003e-05,0.001243709004484117
1,27,QISKIT_AER_STATEVECTOR,15,13,0,8379,False,6.103515625000003e-05,0.0012542690383270383
1,27,QISKIT_AER_STATEVECTOR,16,16,14,2726,False,0.050459288703430076,0.20506460301112384
1,27,QISKIT_AER_STATEVECTOR,17,19,9,4025,False,0.02187277996348911,0.15078633499797434
1,27,QISKIT_AER_STATEVECTOR,18,23,7,13879,False,0.013670437732364964,0.1074874239275232
1,27,QISKIT_AER_STATEVECTOR,19,27,17,13063,False,0.07292456937083056,0.2241985920118168
1,27,QISKIT_AER_STATEVECTOR,20,32,11,6652,False,0.03194223673147832,0.15946219593752176
1,27,QISKIT_AER_STATEVECTOR,21,39,6,8488,False,0.010279732566874785,0.0641623690025881
1,27,QISKIT_AER_STATEVECTOR,22,47,8,104,False,0.017536045123506327,0.1128187159774825
1,27,QISKIT_AER_STATEVECTOR,23,56,33,7675,False,0.24986495483356072,0.4709008919307962
1,27,QISKIT_AER_STATEVECTOR,24,67,59,0,True,0.6423040459450267,0.8232361080590636
1,28,NUMPY_FLOAT64,1,1,0,12935,False,6.103515625e-05,0.0001134900376200676
1,28,NUMPY_FLOAT64,2,2,0,15657,False,6.103515625e-05,9.264703840017319e-05
1,28,NUMPY_FLOAT64,3,2,0,12822,False,6.103515625e-05,8.845597039908171e-05
1,28,NUMPY_FLOAT64,4,2,0,2388,False,6.103515625e-05,9.803602006286383e-05
1,28,NUMPY_FLOAT64,5,3,1,13916,False,0.0005492270029208157,0.0002307170070707798
1,28,NUMPY_FLOAT64,6,3,0,5320,False,6.103515625e-05,8.476804941892624e-05
1,28,NUMPY_FLOAT64,7,3,2,10399,False,0.0015251339755106843,0.00031507702078670263
1,28,NUMPY_FLOAT64,8,4,1,8191,False,0.0005492270029208157,0.00018978002481162548
1,28,NUMPY_FLOAT64,9,5,3,15113,False,0.002987803098035274,0.00038254703395068645
1,28,NUMPY_FLOAT64,10,6,1,14173,False,0.0005492270029208157,0.00016330601647496223
1,28,NUMPY_FLOAT64,11,7,3,10181,False,0.002987803098035274,0.000358075019903481
1,28,NUMPY_FLOAT64,12,8,7,8742,False,0.01367043773236499,0.0007412990089505911
1,28,NUMPY_FLOAT64,13,9,8,3445,False,0.017536045123506365,0.0008646090282127261
1,28,NUMPY_FLOAT64,14,11,1,11870,False,0.0005492270029208157,0.00017436896450817585
1,28,NUMPY_FLOAT64,15,13,10,4869,False,0.02667640741818577,0.0009924160549417138
1,28,NUMPY_FLOAT64,16,16,13,1182,False,0.04383948622338856,0.0013516310136765242
1,28,NUMPY_FLOAT64,17,19,15,6213,False,0.057518068989633325,0.0015341989928856492
1,28,NUMPY_FLOAT64,18,23,6,2224,False,0.010279732566874802,0.0006882200250402093
1,28,NUMPY_FLOAT64,19,27,25,11417,False,0.15053037798122515,0.002505945973098278
1,28,NUMPY_FLOAT64,20,32,27,4232,False,0.17354781470282743,0.0027406360022723675
1,28,NUMPY_FLOAT64,21,39,33,0,True,0.24986495483356372,0.0034578300546854734
1,28,QISKIT_AER_STATEVECTOR,1,1,0,12935,False,6.103515625000003e-05,0.002242809976451099
1,28,QISKIT_AER_STATEVECTOR,2,2,0,15657,False,6.103515625000003e-05,0.0022025960497558117
1,28,QISKIT_AER_STATEVECTOR,3,2,0,12822,False,6.103515625000003e-05,0.00226958398707211
1,28,QISKIT_AER_STATEVECTOR,4,2,0,2388,False,6.103515625000003e-05,0.0022694719955325127
1,28,QISKIT_AER_STATEVECTOR,5,3,1,13916,False,0.0005492270029208162,0.019963891012594104
1,28,QISKIT_AER_STATEVECTOR,6,3,0,5320,False,6.103515625000003e-05,0.0019617610378190875
1,28,QISKIT_AER_STATEVECTOR,7,3,2,10399,False,0.0015251339755106847,0.026646013953723013
1,28,QISKIT_AER_STATEVECTOR,8,4,1,8191,False,0.0005492270029208162,0.014725470915436745
1,28,QISKIT_AER_STATEVECTOR,9,5,3,15113,False,0.0029878030980352737,0.042639201041311026
1,28,QISKIT_AER_STATEVECTOR,10,6,1,14173,False,0.0005492270029208162,0.017941758036613464
1,28,QISKIT_AER_STATEVECTOR,11,7,3,10181,False,0.0029878030980352737,0.035366475000046194
1,28,QISKIT_AER_STATEVECTOR,12,8,7,8742,False,0.013670437732364964,0.07392007496673614
1,28,QISKIT_AER_STATEVECTOR,13,9,8,3445,False,0.017536045123506327,0.0932517460314557
1,28,QISKIT_AER_STATEVECTOR,14,11,1,11870,False,0.0005492270029208162,0.010528039070777595
1,28,QISKIT_AER_STATEVECTOR,15,13,10,4869,False,0.026676407418185676,0.10839399206452072
1,28,QISKIT_AER_STATEVECTOR,16,16,13,1182,False,0.04383948622338834,0.12665681401267648
1,28,QISKIT_AER_STATEVECTOR,17,19,15,6213,False,0.05751806898963299,0.21784698904957622
1,28,QISKIT_AER_STATEVECTOR,18,23,6,2224,False,0.010279732566874785,0.10493105102796108
1,28,QISKIT_AER_STATEVECTOR,19,27,25,11417,False,0.1505303779812236,0.34424417302943766
1,28,QISKIT_AER_STATEVECTOR,20,32,27,4232,False,0.17354781470282554,0.36076095805037767
1,28,QISKIT_AER_STATEVECTOR,21,39,33,0,True,0.24986495483356072,0.5353323449380696
1,29,NUMPY_FLOAT64,1,1,0,15036,False,6.103515625e-05,0.00012832204811275005
1,29,NUMPY_FLOAT64,2,2,1,1154,False,0.0005492270029208157,0.00024154200218617916
1,29,NUMPY_FLOAT64,3,2,0,8785,False,6.103515625e-05,8.809997234493494e-05
1,29,NUMPY_FLOAT64,4,2,1,4360,False,0.0005492270029208157,0.00018247601110488176
1,29,NUMPY_FLOAT64,5,3,2,9724,False,0.0015251339755106843,0.0003016999689862132
1,29,NUMPY_FLOAT64,6,3,2,4927,False,0.0015251339755106843,0.000301679945550859
1,29,NUMPY_FLOAT64,7,3,1,1593,False,0.0005492270029208157,0.00019390997476875782
1,29,NUMPY_FLOAT64,8,4,0,6993,False,6.103515625e-05,6.431504152715206e-05
1,29,NUMPY_FLOAT64,9,5,0,985,False,6.103515625e-05,8.4078055806458e-05
1,29,NUMPY_FLOAT64,10,6,3,13054,False,0.002987803098035274,0.0004096629563719034
1,29,NUMPY_FLOAT64,11,7,2,1329,False,0.0015251339755106843,0.0002937339013442397
1,29,NUMPY_FLOAT64,12,8,4,14426,False,0.004935806069861494,0.0004965040134266019
1,29,NUMPY_FLOAT64,13,9,4,15206,False,0.004935806069861494,0.0004976839991286397
1,29,NUMPY_FLOAT64,14,11,8,13509,False,0.017536045123506365,0.0008830300066620111
1,29,NUMPY_FLOAT64,15,13,11,6085,False,0.03194223673147845,0.001171587035059929
1,29,NUMPY_FLOAT64,16,16,6,2832,False,0.010279732566874802,0.0006778199458494782
1,29,NUMPY_FLOAT64,17,19,17,0,True,0.0729245693708311,0.0017273050034418702
1,29,QISKIT_AER_STATEVECTOR,1,1,0,15036,False,6.103515625000003e-05,0.002360319020226598
1,29,QISKIT_AER_STATEVECTOR,2,2,1,1154,False,0.0005492270029208162,0.012752990005537868
1,29,QISKIT_AER_STATEVECTOR,3,2,0,8785,False,6.103515625000003e-05,0.0012003059964627028
1,29,QISKIT_AER_STATEVECTOR,4,2,1,4360,False,0.0005492270029208162,0.010486684972420335
1,29,QISKIT_AER_STATEVECTOR,5,3,2,9724,False,0.0015251339755106847,0.019377856981009245
1,29,QISKIT_AER_STATEVECTOR,6,3,2,4927,False,0.0015251339755106847,0.01990908302832395
1,29,QISKIT_AER_STATEVECTOR,7,3,1,1593,False,0.0005492270029208162,0.010295017040334642
1,29,QISKIT_AER_STATEVECTOR,8,4,0,6993,False,6.103515625000003e-05,0.0012227710103616118
1,29,QISKIT_AER_STATEVECTOR,9,5,0,985,False,6.103515625000003e-05,0.0011670360108837485
1,29,QISKIT_AER_STATEVECTOR,10,6,3,13054,False,0.0029878030980352737,0.030165583011694252
1,29,QISKIT_AER_STATEVECTOR,11,7,2,1329,False,0.0015251339755106847,0.025876747095026076
1,29,QISKIT_AER_STATEVECTOR,12,8,4,14426,False,0.004935806069861492,0.05449976189993322
1,29,QISKIT_AER_STATEVECTOR,13,9,4,15206,False,0.004935806069861492,0.06602866190951318
1,29,QISKIT_AER_STATEVECTOR,14,11,8,13509,False,0.017536045123506327,0.13840022101067007
1,29,QISKIT_AER_STATEVECTOR,15,13,11,6085,False,0.03194223673147832,0.1552771379938349
1,29,QISKIT_AER_STATEVECTOR,16,16,6,2832,False,0.010279732566874785,0.09217069705482572
1,29,QISKIT_AER_STATEVECTOR,17,19,17,0,True,0.07292456937083056,0.26420536008663476
1,30,NUMPY_FLOAT64,1,1,0,13912,False,6.103515625e-05,6.335298530757427e-05
1,30,NUMPY_FLOAT64,2,2,1,15077,False,0.0005492270029208157,0.0001753529068082571
1,30,NUMPY_FLOAT64,3,2,1,2147,False,0.0005492270029208157,0.00010881503112614155
1,30,NUMPY_FLOAT64,4,2,1,6536,False,0.0005492270029208157,0.00010583200491964817
1,30,NUMPY_FLOAT64,5,3,2,5828,False,0.0015251339755106843,0.00016913795843720436
1,30,NUMPY_FLOAT64,6,3,1,1428,False,0.0005492270029208157,0.0001027189427986741
1,30,NUMPY_FLOAT64,7,3,2,7172,False,0.0015251339755106843,0.00016155606135725975
1,30,NUMPY_FLOAT64,8,4,1,7557,False,0.0005492270029208157,0.00010895903687924147
1,30,NUMPY_FLOAT64,9,5,1,9346,False,0.0005492270029208157,0.00019252696074545383
1,30,NUMPY_FLOAT64,10,6,2,2498,False,0.0015251339755106843,0.0001515670446678996
1,30,NUMPY_FLOAT64,11,7,6,5942,False,0.010279732566874802,0.0003947510849684477
1,30,NUMPY_FLOAT64,12,8,4,8451,False,0.004935806069861494,0.00027153303381055593
1,30,NUMPY_FLOAT64,13,9,2,10973,False,0.0015251339755106843,0.00017209898214787245
1,30,NUMPY_FLOAT64,14,11,6,4980,False,0.010279732566874802,0.0003808339824900031
1,30,NUMPY_FLOAT64,15,13,11,11077,False,0.03194223673147845,0.0007178019732236862
1,30,NUMPY_FLOAT64,16,16,9,10577,False,0.02187277996348917,0.0006224008975550532
1,30,NUMPY_FLOAT64,17,19,13,0,True,0.04383948622338856,0.0008243269985541701
1,30,QISKIT_AER_STATEVECTOR,1,1,0,13912,False,6.103515625000003e-05,0.0017797650070860982
1,30,QISKIT_AER_STATEVECTOR,2,2,1,15077,False,0.0005492270029208162,0.015124348108656704
1,30,QISKIT_AER_STATEVECTOR,3,2,1,2147,False,0.0005492270029208162,0.019510071957483888
1,30,QISKIT_AER_STATEVECTOR,4,2,1,6536,False,0.0005492270029208162,0.02015666093211621
1,30,QISKIT_AER_STATEVECTOR,5,3,2,5828,False,0.0015251339755106847,0.0317915219347924
1,30,QISKIT_AER_STATEVECTOR,6,3,1,1428,False,0.0005492270029208162,0.019562661997042596
1,30,QISKIT_AER_STATEVECTOR,7,3,2,7172,False,0.0015251339755106847,0.028607524000108242
1,30,QISKIT_AER_STATEVECTOR,8,4,1,7557,False,0.0005492270029208162,0.012840055976994336
1,30,QISKIT_AER_STATEVECTOR,9,5,1,9346,False,0.0005492270029208162,0.013417331967502832
1,30,QISKIT_AER_STATEVECTOR,10,6,2,2498,False,0.0015251339755106847,0.02787390595767647
1,30,QISKIT_AER_STATEVECTOR,11,7,6,5942,False,0.010279732566874785,0.06364727602340281
1,30,QISKIT_AER_STATEVECTOR,12,8,4,8451,False,0.004935806069861492,0.05085793894249946
1,30,QISKIT_AER_STATEVECTOR,13,9,2,10973,False,0.0015251339755106847,0.028163947979919612
1,30,QISKIT_AER_STATEVECTOR,14,11,6,4980,False,0.010279732566874785,0.07439763203728944
1,30,QISKIT_AER_STATEVECTOR,15,13,11,11077,False,0.03194223673147832,0.14609063195530325
1,30,QISKIT_AER_STATEVECTOR,16,16,9,10577,False,0.02187277996348911,0.1459550749277696
1,30,QISKIT_AER_STATEVECTOR,17,19,13,0,True,0.04383948622338834,0.16453575599007308
1,31,NUMPY_FLOAT64,1,1,0,15380,False,6.103515625e-05,0.00011515291407704353
1,31,NUMPY_FLOAT64,2,2,0,9806,False,6.103515625e-05,0.00010467099491506815
1,31,NUMPY_FLOAT64,3,2,1,3513,False,0.0005492270029208157,0.00023901904933154583
1,31,NUMPY_FLOAT64,4,2,0,2506,False,6.103515625e-05,9.734206832945347e-05
1,31,NUMPY_FLOAT64,5,3,1,13893,False,0.0005492270029208157,0.0002020540414378047
1,31,NUMPY_FLOAT64,6,3,0,10855,False,6.103515625e-05,8.474092464894056e-05
1,31,NUMPY_FLOAT64,7,3,1,7583,False,0.0005492270029208157,0.00018460804130882025
1,31,NUMPY_FLOAT64,8,4,3,12839,False,0.002987803098035274,0.00041234795935451984
1,31,NUMPY_FLOAT64,9,5,3,12019,False,0.002987803098035274,0.0004228929756209254
1,31,NUMPY_FLOAT64,10,6,1,8575,False,0.0005492270029208157,0.00018842006102204323
1,31,NUMPY_FLOAT64,11,7,0,1827,False,6.103515625e-05,8.217198774218559e-05
1,31,NUMPY_FLOAT64,12,8,4,13778,False,0.004935806069861494,0.0004821720067411661
1,31,NUMPY_FLOAT64,13,9,5,989,False,0.007367240660447194,0.0006233908934518695
1,31,NUMPY_FLOAT64,14,11,6,12866,False,0.010279732566874802,0.0007167360745370388
1,31,NUMPY_FLOAT64,15,13,2,10637,False,0.0015251339755106843,0.0003090790705755353
1,31,NUMPY_FLOAT64,16,16,0,6096,False,6.103515625e-05,8.448900189250708e-05
1,31,NUMPY_FLOAT64,17,19,2,2368,False,0.0015251339755106843,0.0003009189385920763
1,31,NUMPY_FLOAT64,18,23,12,13021,False,0.03766512580579634,0.0012786559527739882
1,31,NUMPY_FLOAT64,19,27,3,7577,False,0.002987803098035274,0.00039554398972541094
1,31,NUMPY_FLOAT64,20,32,27,15165,False,0.17354781470282743,0.0026410440914332867
1,31,NUMPY_FLOAT64,21,39,9,10151,False,0.02187277996348917,0.0010064730886369944
1,31,NUMPY_FLOAT64,22,47,46,0,True,0.44130736110944574,0.0036669240798801184
1,31,QISKIT_AER_STATEVECTOR,1,1,0,15380,False,6.103515625000003e-05,0.002411563997156918
1,31,QISKIT_AER_STATEVECTOR,2,2,0,9806,False,6.103515625000003e-05,0.0022179260849952698
1,31,QISKIT_AER_STATEVECTOR,3,2,1,3513,False,0.0005492270029208162,0.019960184930823743
1,31,QISKIT_AER_STATEVECTOR,4,2,0,2506,False,6.103515625000003e-05,0.0023116599768400192
1,31,QISKIT_AER_STATEVECTOR,5,3,1,13893,False,0.0005492270029208162,0.01958713901694864
1,31,QISKIT_AER_STATEVECTOR,6,3,0,10855,False,6.103515625000003e-05,0.0022668950259685516
1,31,QISKIT_AER_STATEVECTOR,7,3,1,7583,False,0.0005492270029208162,0.014959815074689686
1,31,QISKIT_AER_STATEVECTOR,8,4,3,12839,False,0.0029878030980352737,0.03033057297579944
1,31,QISKIT_AER_STATEVECTOR,9,5,3,12019,False,0.0029878030980352737,0.04300706193316728
1,31,QISKIT_AER_STATEVECTOR,10,6,1,8575,False,0.0005492270029208162,0.012786241015419364
1,31,QISKIT_AER_STATEVECTOR,11,7,0,1827,False,6.103515625000003e-05,0.002290543052367866
1,31,QISKIT_AER_STATEVECTOR,12,8,4,13778,False,0.004935806069861492,0.0488072510343045
1,31,QISKIT_AER_STATEVECTOR,13,9,5,989,False,0.007367240660447187,0.04759471898432821
1,31,QISKIT_AER_STATEVECTOR,14,11,6,12866,False,0.010279732566874785,0.0884800449712202
1,31,QISKIT_AER_STATEVECTOR,15,13,2,10637,False,0.0015251339755106847,0.027594872983172536
1,31,QISKIT_AER_STATEVECTOR,16,16,0,6096,False,6.103515625000003e-05,0.002299212967045605
1,31,QISKIT_AER_STATEVECTOR,17,19,2,2368,False,0.0015251339755106847,0.03738375997636467
1,31,QISKIT_AER_STATEVECTOR,18,23,12,13021,False,0.03766512580579618,0.19570283696521074
1,31,QISKIT_AER_STATEVECTOR,19,27,3,7577,False,0.0029878030980352737,0.04463052796199918
1,31,QISKIT_AER_STATEVECTOR,20,32,27,15165,False,0.17354781470282554,0.43085324205458164
1,31,QISKIT_AER_STATEVECTOR,21,39,9,10151,False,0.02187277996348911,0.14631255401764065
1,31,QISKIT_AER_STATEVECTOR,22,47,46,0,True,0.4413073611094375,0.5777549860067666
1,32,NUMPY_FLOAT64,1,1,0,48,False,6.103515625e-05,0.00011602696031332016
1,32,NUMPY_FLOAT64,2,2,0,15871,False,6.103515625e-05,0.00010659894905984402
1,32,NUMPY_FLOAT64,3,2,0,7531,False,6.103515625e-05,8.747191168367863e-05
1,32,NUMPY_FLOAT64,4,2,1,9923,False,0.0005492270029208157,0.00022832409013062716
1,32,NUMPY_FLOAT64,5,3,1,15581,False,0.0005492270029208157,0.00020285299979150295
1,32,NUMPY_FLOAT64,6,3,0,7339,False,6.103515625e-05,9.244098328053951e-05
1,32,NUMPY_FLOAT64,7,3,1,9463,False,0.0005492270029208157,0.0001991759054362774
1,32,NUMPY_FLOAT64,8,4,3,2011,False,0.002987803098035274,0.0004079570062458515
1,32,NUMPY_FLOAT64,9,5,4,15093,False,0.004935806069861494,0.0005109189078211784
1,32,NUMPY_FLOAT64,10,6,5,15384,False,0.007367240660447194,0.0006114939460530877
1,32,NUMPY_FLOAT64,11,7,1,9897,False,0.0005492270029208157,0.00019724504090845585
1,32,NUMPY_FLOAT64,12,8,6,14518,False,0.010279732566874802,0.0007098009809851646
1,32,NUMPY_FLOAT64,13,9,8,9879,False,0.017536045123506365,0.0009255269542336464
1,32,NUMPY_FLOAT64,14,11,0,12144,False,6.103515625e-05,8.384301327168941e-05
1,32,NUMPY_FLOAT64,15,13,4,9100,False,0.004935806069861494,0.0004902990767732263
1,32,NUMPY_FLOAT64,16,16,14,13725,False,0.05045928870343037,0.0014747660607099533
1,32,NUMPY_FLOAT64,17,19,10,4388,False,0.02667640741818577,0.0010933380108326674
1,32,NUMPY_FLOAT64,18,23,10,9966,False,0.02667640741818577,0.0010763660538941622
1,32,NUMPY_FLOAT64,19,27,8,2818,False,0.017536045123506365,0.0008802730590105057
1,32,NUMPY_FLOAT64,20,32,14,6233,False,0.05045928870343037,0.0014930448960512877
1,32,NUMPY_FLOAT64,21,39,29,1417,False,0.19784006614991875,0.002985688974149525
1,32,NUMPY_FLOAT64,22,47,16,2846,False,0.06500893416261029,0.0013330079382285476
1,32,NUMPY_FLOAT64,23,56,25,8193,False,0.15053037798122515,0.0017562250141054392
1,32,NUMPY_FLOAT64,24,67,46,0,True,0.44130736110944574,0.004275442915968597
1,32,QISKIT_AER_STATEVECTOR,1,1,0,48,False,6.103515625000003e-05,0.002269707969389856
1,32,QISKIT_AER_STATEVECTOR,2,2,0,15871,False,6.103515625000003e-05,0.0016149460570886731
1,32,QISKIT_AER_STATEVECTOR,3,2,0,7531,False,6.103515625000003e-05,0.0012373379431664944
1,32,QISKIT_AER_STATEVECTOR,4,2,1,9923,False,0.0005492270029208162,0.010392102994956076
1,32,QISKIT_AER_STATEVECTOR,5,3,1,15581,False,0.0005492270029208162,0.01028868299908936
1,32,QISKIT_AER_STATEVECTOR,6,3,0,7339,False,6.103515625000003e-05,0.0012129530077800155
1,32,QISKIT_AER_STATEVECTOR,7,3,1,9463,False,0.0005492270029208162,0.010349249001592398
1,32,QISKIT_AER_STATEVECTOR,8,4,3,2011,False,0.0029878030980352737,0.03879044309724122
1,32,QISKIT_AER_STATEVECTOR,9,5,4,15093,False,0.004935806069861492,0.053739782073535025
1,32,QISKIT_AER_STATEVECTOR,10,6,5,15384,False,0.007367240660447187,0.08877738297451288
1,32,QISKIT_AER_STATEVECTOR,11,7,1,9897,False,0.0005492270029208162,0.020190088893286884
1,32,QISKIT_AER_STATEVECTOR,12,8,6,14518,False,0.010279732566874785,0.09079391206614673
1,32,QISKIT_AER_STATEVECTOR,13,9,8,9879,False,0.017536045123506327,0.13944897893816233
1,32,QISKIT_AER_STATEVECTOR,14,11,0,12144,False,6.103515625000003e-05,0.0022224190179258585
1,32,QISKIT_AER_STATEVECTOR,15,13,4,9100,False,0.004935806069861492,0.07033086498267949
1,32,QISKIT_AER_STATEVECTOR,16,16,14,13725,False,0.050459288703430076,0.19177262904122472
1,32,QISKIT_AER_STATEVECTOR,17,19,10,4388,False,0.026676407418185676,0.11757733603008091
1,32,QISKIT_AER_STATEVECTOR,18,23,10,9966,False,0.026676407418185676,0.1324663159903139
1,32,QISKIT_AER_STATEVECTOR,19,27,8,2818,False,0.017536045123506327,0.08859302708879113
1,32,QISKIT_AER_STATEVECTOR,20,32,14,6233,False,0.050459288703430076,0.2120449859648943
1,32,QISKIT_AER_STATEVECTOR,21,39,29,1417,False,0.19784006614991653,0.32042502297554165
1,32,QISKIT_AER_STATEVECTOR,22,47,16,2846,False,0.06500893416260986,0.1799324300372973
1,32,QISKIT_AER_STATEVECTOR,23,56,25,8193,False,0.1505303779812236,0.27653768204618245
1,32,QISKIT_AER_STATEVECTOR,24,67,46,0,True,0.4413073611094375,0.5388595290714875
1,33,NUMPY_FLOAT64,1,1,0,16321,False,6.103515625e-05,6.1960075981915e-05
1,33,NUMPY_FLOAT64,2,2,1,11240,False,0.0005492270029208157,0.00015065097250044346
1,33,NUMPY_FLOAT64,3,2,0,10330,False,6.103515625e-05,4.4051092118024826e-05
1,33,NUMPY_FLOAT64,4,2,0,11800,False,6.103515625e-05,4.230509512126446e-05
1,33,NUMPY_FLOAT64,5,3,1,4801,False,0.0005492270029208157,0.00010384491179138422
1,33,NUMPY_FLOAT64,6,3,0,6397,False,6.103515625e-05,4.2057945393025875e-05
1,33,NUMPY_FLOAT64,7,3,1,5695,False,0.0005492270029208157,9.985000360757113e-05
1,33,NUMPY_FLOAT64,8,4,1,11775,False,0.0005492270029208157,9.891297668218613e-05
1,33,NUMPY_FLOAT64,9,5,1,10222,False,0.0005492270029208157,9.797001257538795e-05
1,33,NUMPY_FLOAT64,10,6,2,12068,False,0.0015251339755106843,0.00015461305156350136
1,33,NUMPY_FLOAT64,11,7,0,15381,False,6.103515625e-05,4.5320019125938416e-05
1,33,NUMPY_FLOAT64,12,8,4,12533,False,0.004935806069861494,0.0002541840076446533
1,33,NUMPY_FLOAT64,13,9,2,291,False,0.0015251339755106843,0.00015301606617867947
1,33,NUMPY_FLOAT64,14,11,4,14426,False,0.004935806069861494,0.00024970003869384527
1,33,NUMPY_FLOAT64,15,13,10,14863,False,0.02667640741818577,0.0005671209655702114
1,33,NUMPY_FLOAT64,16,16,6,5531,False,0.010279732566874802,0.000348854111507535
1,33,NUMPY_FLOAT64,17,19,17,1740,False,0.0729245693708311,0.0009233800228685141
1,33,NUMPY_FLOAT64,18,23,6,8241,False,0.010279732566874802,0.0003478199942037463
1,33,NUMPY_FLOAT64,19,27,20,11312,False,0.09914077053988757,0.0010609159944579005
1,33,NUMPY_FLOAT64,20,32,5,947,False,0.007367240660447194,0.0003054459812119603
1,33,NUMPY_FLOAT64,21,39,27,15316,False,0.17354781470282743,0.001410576980561018
1,33,NUMPY_FLOAT64,22,47,2,10359,False,0.0015251339755106843,0.00014591205399483442
1,33,NUMPY_FLOAT64,23,56,4,7496,False,0.004935806069861494,0.00024891807697713375
1,33,NUMPY_FLOAT64,24,67,60,0,True,0.6572110920618186,0.003066092962399125
1,33,QISKIT_AER_STATEVECTOR,1,1,0,16321,False,6.103515625000003e-05,0.0013632350601255894
1,33,QISKIT_AER_STATEVECTOR,2,2,1,11240,False,0.0005492270029208162,0.01038926700130105
1,33,QISKIT_AER_STATEVECTOR,3,2,0,10330,False,6.103515625000003e-05,0.0012847579782828689
1,33,QISKIT_AER_STATEVECTOR,4,2,0,11800,False,6.103515625000003e-05,0.0015544560737907887
1,33,QISKIT_AER_STATEVECTOR,5,3,1,4801,False,0.0005492270029208162,0.011826775036752224
1,33,QISKIT_AER_STATEVECTOR,6,3,0,6397,False,6.103515625000003e-05,0.001708167023025453
1,33,QISKIT_AER_STATEVECTOR,7,3,1,5695,False,0.0005492270029208162,0.01691014796961099
1,33,QISKIT_AER_STATEVECTOR,8,4,1,11775,False,0.0005492270029208162,0.019216142944060266
1,33,QISKIT_AER_STATEVECTOR,9,5,1,10222,False,0.0005492270029208162,0.015612903982400894
1,33,QISKIT_AER_STATEVECTOR,10,6,2,12068,False,0.0015251339755106847,0.032723694923333824
1,33,QISKIT_AER_STATEVECTOR,11,7,0,15381,False,6.103515625000003e-05,0.002317353035323322
1,33,QISKIT_AER_STATEVECTOR,12,8,4,12533,False,0.004935806069861492,0.06352084397803992
1,33,QISKIT_AER_STATEVECTOR,13,9,2,291,False,0.0015251339755106847,0.019713568966835737
1,33,QISKIT_AER_STATEVECTOR,14,11,4,14426,False,0.004935806069861492,0.03772454697173089
1,33,QISKIT_AER_STATEVECTOR,15,13,10,14863,False,0.026676407418185676,0.11637564504053444
1,33,QISKIT_AER_STATEVECTOR,16,16,6,5531,False,0.010279732566874785,0.07924136996734887
1,33,QISKIT_AER_STATEVECTOR,17,19,17,1740,False,0.07292456937083056,0.26388928201049566
1,33,QISKIT_AER_STATEVECTOR,18,23,6,8241,False,0.010279732566874785,0.0989998709410429
1,33,QISKIT_AER_STATEVECTOR,19,27,20,11312,False,0.09914077053988667,0.304407274001278
1,33,QISKIT_AER_STATEVECTOR,20,32,5,947,False,0.007367240660447187,0.08023868896998465
1,33,QISKIT_AER_STATEVECTOR,21,39,27,15316,False,0.17354781470282554,0.32930192397907376
1,33,QISKIT_AER_STATEVECTOR,22,47,2,10359,False,0.0015251339755106847,0.0346950771054253
1,33,QISKIT_AER_STATEVECTOR,23,56,4,7496,False,0.004935806069861492,0.059635002980940044
1,33,QISKIT_AER_STATEVECTOR,24,67,60,0,True,0.6572110920618018,0.7121105910046026
1,34,NUMPY_FLOAT64,1,1,0,8928,False,6.103515625e-05,6.461795419454575e-05
1,34,NUMPY_FLOAT64,2,2,1,15947,False,0.0005492270029208157,0.00015060603618621826
1,34,NUMPY_FLOAT64,3,2,1,12976,False,0.0005492270029208157,0.00010969303548336029
1,34,NUMPY_FLOAT64,4,2,0,15908,False,6.103515625e-05,4.657800309360027e-05
1,34,NUMPY_FLOAT64,5,3,1,1630,False,0.0005492270029208157,0.00010683597065508366
1,34,NUMPY_FLOAT64,6,3,1,10900,False,0.0005492270029208157,0.00010626495350152254
1,34,NUMPY_FLOAT64,7,3,1,5693,False,0.0005492270029208157,0.00010194000788033009
1,34,NUMPY_FLOAT64,8,4,3,5452,False,0.002987803098035274,0.0002186379861086607
1,34,NUMPY_FLOAT64,9,5,4,13128,False,0.004935806069861494,0.00031917099840939045
1,34,NUMPY_FLOAT64,10,6,2,12671,False,0.0015251339755106843,0.00015506299678236246
1,34,NUMPY_FLOAT64,11,7,0,15461,False,6.103515625e-05,4.727893974632025e-05
1,34,NUMPY_FLOAT64,12,8,0,2799,False,6.103515625e-05,4.36269911006093e-05
1,34,NUMPY_FLOAT64,13,9,7,2408,False,0.01367043773236499,0.000415986985899508
1,34,NUMPY_FLOAT64,14,11,6,9932,False,0.010279732566874802,0.0007153709884732962
1,34,NUMPY_FLOAT64,15,13,5,9880,False,0.007367240660447194,0.00031129398848861456
1,34,NUMPY_FLOAT64,16,16,3,3848,False,0.002987803098035274,0.00026847096160054207
1,34,NUMPY_FLOAT64,17,19,7,15965,False,0.01367043773236499,0.0004177889786660671
1,34,NUMPY_FLOAT64,18,23,1,6801,False,0.0005492270029208157,0.00019640394020825624
1,34,NUMPY_FLOAT64,19,27,12,7904,False,0.03766512580579634,0.0009336740477010608
1,34,NUMPY_FLOAT64,20,32,28,1463,False,0.1855404050739143,0.0020593999652191997
1,34,NUMPY_FLOAT64,21,39,12,4610,False,0.03766512580579634,0.0009154940489679575
1,34,NUMPY_FLOAT64,22,47,17,6310,False,0.0729245693708311,0.0013917450560256839
1,34,NUMPY_FLOAT64,23,56,42,13212,False,0.3798582892641412,0.004355269949883223
1,34,NUMPY_FLOAT64,24,67,49,11547,False,0.4880483430577085,0.004979131044819951
1,34,NUMPY_FLOAT64,25,80,64,0,True,0.7151608708243103,0.0063441029051318765
1,34,QISKIT_AER_STATEVECTOR,1,1,0,8928,False,6.103515625000003e-05,0.0024483720771968365
1,34,QISKIT_AER_STATEVECTOR,2,2,1,15947,False,0.0005492270029208162,0.01967683294788003
1,34,QISKIT_AER_STATEVECTOR,3,2,1,12976,False,0.0005492270029208162,0.01943967503029853
1,34,QISKIT_AER_STATEVECTOR,4,2,0,15908,False,6.103515625000003e-05,0.0022756810067221522
1,34,QISKIT_AER_STATEVECTOR,5,3,1,1630,False,0.0005492270029208162,0.01958439394365996
1,34,QISKIT_AER_STATEVECTOR,6,3,1,10900,False,0.0005492270029208162,0.018585277954116464
1,34,QISKIT_AER_STATEVECTOR,7,3,1,5693,False,0.0005492270029208162,0.01926583400927484
1,34,QISKIT_AER_STATEVECTOR,8,4,3,5452,False,0.0029878030980352737,0.053902597981505096
1,34,QISKIT_AER_STATEVECTOR,9,5,4,13128,False,0.004935806069861492,0.07111360295675695
1,34,QISKIT_AER_STATEVECTOR,10,6,2,12671,False,0.0015251339755106847,0.03702231904026121
1,34,QISKIT_AER_STATEVECTOR,11,7,0,15461,False,6.103515625000003e-05,0.002223226008936763
1,34,QISKIT_AER_STATEVECTOR,12,8,0,2799,False,6.103515625000003e-05,0.0017644399777054787
1,34,QISKIT_AER_STATEVECTOR,13,9,7,2408,False,0.013670437732364964,0.11973555898293853
1,34,QISKIT_AER_STATEVECTOR,14,11,6,9932,False,0.010279732566874785,0.08425527007784694
1,34,QISKIT_AER_STATEVECTOR,15,13,5,9880,False,0.007367240660447187,0.08920910907909274
1,34,QISKIT_AER_STATEVECTOR,16,16,3,3848,False,0.0029878030980352737,0.05541521101258695
1,34,QISKIT_AER_STATEVECTOR,17,19,7,15965,False,0.013670437732364964,0.09405584295745939
1,34,QISKIT_AER_STATEVECTOR,18,23,1,6801,False,0.0005492270029208162,0.012625628034584224
1,34,QISKIT_AER_STATEVECTOR,19,27,12,7904,False,0.03766512580579618,0.16127288702409714
1,34,QISKIT_AER_STATEVECTOR,20,32,28,1463,False,0.18554040507391226,0.3085218450287357
1,34,QISKIT_AER_STATEVECTOR,21,39,12,4610,False,0.03766512580579618,0.14138819091022015
1,34,QISKIT_AER_STATEVECTOR,22,47,17,6310,False,0.07292456937083056,0.2365885879844427
1,34,QISKIT_AER_STATEVECTOR,23,56,42,13212,False,0.37985828926413495,0.5775219190400094
1,34,QISKIT_AER_STATEVECTOR,24,67,49,11547,False,0.4880483430576989,0.6613974870415404
1,34,QISKIT_AER_STATEVECTOR,25,80,64,0,True,0.7151608708242903,0.8767311299452558
1,35,NUMPY_FLOAT64,1,1,0,12459,False,6.103515625e-05,8.083402644842863e-05
1,35,NUMPY_FLOAT64,2,2,0,12151,False,6.103515625e-05,6.920204032212496e-05
1,35,NUMPY_FLOAT64,3,2,1,11525,False,0.0005492270029208157,0.00018722796812653542
1,35,NUMPY_FLOAT64,4,2,1,14760,False,0.0005492270029208157,0.00011128198821097612
1,35,NUMPY_FLOAT64,5,3,1,12516,False,0.0005492270029208157,0.00012157694436609745
1,35,NUMPY_FLOAT64,6,3,1,12712,False,0.0005492270029208157,0.00012391305062919855
1,35,NUMPY_FLOAT64,7,3,1,2878,False,0.0005492270029208157,0.0001965389819815755
1,35,NUMPY_FLOAT64,8,4,3,6452,False,0.002987803098035274,0.00025340390857309103
1,35,NUMPY_FLOAT64,9,5,3,13185,False,0.002987803098035274,0.0003009280189871788
1,35,NUMPY_FLOAT64,10,6,3,4468,False,0.002987803098035274,0.0002638850128278136
1,35,NUMPY_FLOAT64,11,7,3,1012,False,0.002987803098035274,0.00032052607275545597
1,35,NUMPY_FLOAT64,12,8,2,11542,False,0.0015251339755106843,0.00019791093654930592
1,35,NUMPY_FLOAT64,13,9,7,5425,False,0.01367043773236499,0.0004931309958919883
1,35,NUMPY_FLOAT64,14,11,2,311,False,0.0015251339755106843,0.0001781769096851349
1,35,NUMPY_FLOAT64,15,13,4,4938,False,0.004935806069861494,0.0002622359897941351
1,35,NUMPY_FLOAT64,16,16,5,6689,False,0.007367240660447194,0.00030684901867061853
1,35,NUMPY_FLOAT64,17,19,18,13130,False,0.08125724497359635,0.0011952350614592433
1,35,NUMPY_FLOAT64,18,23,21,3572,False,0.10867415718891889,0.002007944043725729
1,35,NUMPY_FLOAT64,19,27,17,3973,False,0.0729245693708311,0.0010284510208293796
1,35,NUMPY_FLOAT64,20,32,28,3496,False,0.1855404050739143,0.002166643040254712
1,35,NUMPY_FLOAT64,21,39,7,3866,False,0.01367043773236499,0.0005716659361496568
1,35,NUMPY_FLOAT64,22,47,46,11945,False,0.44130736110944574,0.004004232003353536
1,35,NUMPY_FLOAT64,23,56,38,211,False,0.32028402672631406,0.002728575957007706
1,35,NUMPY_FLOAT64,24,67,63,0,True,0.7009536644156298,0.0048534260131418705
1,35,QISKIT_AER_STATEVECTOR,1,1,0,12459,False,6.103515625000003e-05,0.0014446090208366513
1,35,QISKIT_AER_STATEVECTOR,2,2,0,12151,False,6.103515625000003e-05,0.0014058520318940282
1,35,QISKIT_AER_STATEVECTOR,3,2,1,11525,False,0.0005492270029208162,0.015108596067875624
1,35,QISKIT_AER_STATEVECTOR,4,2,1,14760,False,0.0005492270029208162,0.014660950982943177
1,35,QISKIT_AER_STATEVECTOR,5,3,1,12516,False,0.0005492270029208162,0.012845883029513061
1,35,QISKIT_AER_STATEVECTOR,6,3,1,12712,False,0.0005492270029208162,0.01218033698387444
1,35,QISKIT_AER_STATEVECTOR,7,3,1,2878,False,0.0005492270029208162,0.011434625019319355
1,35,QISKIT_AER_STATEVECTOR,8,4,3,6452,False,0.0029878030980352737,0.03856856294441968
1,35,QISKIT_AER_STATEVECTOR,9,5,3,13185,False,0.0029878030980352737,0.032545777037739754
1,35,QISKIT_AER_STATEVECTOR,10,6,3,4468,False,0.0029878030980352737,0.04370788601227105
1,35,QISKIT_AER_STATEVECTOR,11,7,3,1012,False,0.0029878030980352737,0.04986752802506089
1,35,QISKIT_AER_STATEVECTOR,12,8,2,11542,False,0.0015251339755106847,0.035275542992167175
1,35,QISKIT_AER_STATEVECTOR,13,9,7,5425,False,0.013670437732364964,0.1039684769930318
1,35,QISKIT_AER_STATEVECTOR,14,11,2,311,False,0.0015251339755106847,0.019742887001484632
1,35,QISKIT_AER_STATEVECTOR,15,13,4,4938,False,0.004935806069861492,0.046885458054021
1,35,QISKIT_AER_STATEVECTOR,16,16,5,6689,False,0.007367240660447187,0.07858580292668194
1,35,QISKIT_AER_STATEVECTOR,17,19,18,13130,False,0.08125724497359568,0.22340689692646265
1,35,QISKIT_AER_STATEVECTOR,18,23,21,3572,False,0.10867415718891786,0.33793907205108553
1,35,QISKIT_AER_STATEVECTOR,19,27,17,3973,False,0.07292456937083056,0.2546025620540604
1,35,QISKIT_AER_STATEVECTOR,20,32,28,3496,False,0.18554040507391226,0.38010931096505374
1,35,QISKIT_AER_STATEVECTOR,21,39,7,3866,False,0.013670437732364964,0.12189164594747126
1,35,QISKIT_AER_STATEVECTOR,22,47,46,11945,False,0.4413073611094375,0.6519541230518371
1,35,QISKIT_AER_STATEVECTOR,23,56,38,211,False,0.3202840267263095,0.5800909550162032
1,35,QISKIT_AER_STATEVECTOR,24,67,63,0,True,0.7009536644156108,0.847326801973395
1,36,NUMPY_FLOAT64,1,1,0,13011,False,6.103515625e-05,6.434193346649408e-05
1,36,NUMPY_FLOAT64,2,2,0,2797,False,6.103515625e-05,5.727203097194433e-05
1,36,NUMPY_FLOAT64,3,2,0,5669,False,6.103515625e-05,4.389300011098385e-05
1,36,NUMPY_FLOAT64,4,2,0,2068,False,6.103515625e-05,4.2588100768625736e-05
1,36,NUMPY_FLOAT64,5,3,0,14456,False,6.103515625e-05,4.127994179725647e-05
1,36,NUMPY_FLOAT64,6,3,2,12969,False,0.0015251339755106843,0.00022305501624941826
1,36,NUMPY_FLOAT64,7,3,1,14449,False,0.0005492270029208157,0.00010579905938357115
1,36,NUMPY_FLOAT64,8,4,2,9933,False,0.0015251339755106843,0.0001548690488561988
1,36,NUMPY_FLOAT64,9,5,4,5632,False,0.004935806069861494,0.0002790710423141718
1,36,NUMPY_FLOAT64,10,6,1,2231,False,0.0005492270029208157,0.00010087003465741873
1,36,NUMPY_FLOAT64,11,7,0,13290,False,6.103515625e-05,4.637904930859804e-05
1,36,NUMPY_FLOAT64,12,8,4,8468,False,0.004935806069861494,0.0002558419946581125
1,36,NUMPY_FLOAT64,13,9,3,13984,False,0.002987803098035274,0.000215784995816648
1,36,NUMPY_FLOAT64,14,11,6,14873,False,0.010279732566874802,0.00035334296990185976
1,36,NUMPY_FLOAT64,15,13,1,1283,False,0.0005492270029208157,9.531795512884855e-05
1,36,NUMPY_FLOAT64,16,16,15,10558,False,0.057518068989633325,0.0008202829631045461
1,36,NUMPY_FLOAT64,17,19,11,3742,False,0.03194223673147845,0.0006384460721164942
1,36,NUMPY_FLOAT64,18,23,1,6003,False,0.0005492270029208157,9.662995580583811e-05
1,36,NUMPY_FLOAT64,19,27,11,4363,False,0.03194223673147845,0.0006067190552130342
1,36,NUMPY_FLOAT64,20,32,12,12611,False,0.03766512580579634,0.0006812369683757424
1,36,NUMPY_FLOAT64,21,39,14,1120,False,0.05045928870343037,0.0007558079669252038
1,36,NUMPY_FLOAT64,22,47,34,9805,False,0.263514228827222,0.0018705179682001472
1,36,NUMPY_FLOAT64,23,56,34,10934,False,0.263514228827222,0.0017934900242835283
1,36,NUMPY_FLOAT64,24,67,26,0,True,0.16187400583587824,0.0013665560400113463
1,36,QISKIT_AER_STATEVECTOR,1,1,0,13011,False,6.103515625000003e-05,0.0013882149942219257
1,36,QISKIT_AER_STATEVECTOR,2,2,0,2797,False,6.103515625000003e-05,0.0011943270219489932
1,36,QISKIT_AER_STATEVECTOR,3,2,0,5669,False,6.103515625000003e-05,0.0011905820574611425
1,36,QISKIT_AER_STATEVECTOR,4,2,0,2068,False,6.103515625000003e-05,0.0011920318938791752
1,36,QISKIT_AER_STATEVECTOR,5,3,0,14456,False,6.103515625000003e-05,0.001183282001875341
1,36,QISKIT_AER_STATEVECTOR,6,3,2,12969,False,0.0015251339755106847,0.019547677948139608
1,36,QISKIT_AER_STATEVECTOR,7,3,1,14449,False,0.0005492270029208162,0.010682517080567777
1,36,QISKIT_AER_STATEVECTOR,8,4,2,9933,False,0.0015251339755106847,0.02879401098471135
1,36,QISKIT_AER_STATEVECTOR,9,5,4,5632,False,0.004935806069861492,0.07245912496000528
1,36,QISKIT_AER_STATEVECTOR,10,6,1,2231,False,0.0005492270029208162,0.019632805953733623
1,36,QISKIT_AER_STATEVECTOR,11,7,0,13290,False,6.103515625000003e-05,0.00215151091106236
1,36,QISKIT_AER_STATEVECTOR,12,8,4,8468,False,0.004935806069861492,0.06740764703135937
1,36,QISKIT_AER_STATEVECTOR,13,9,3,13984,False,0.0029878030980352737,0.05388964305166155
1,36,QISKIT_AER_STATEVECTOR,14,11,6,14873,False,0.010279732566874785,0.09408523794263601
1,36,QISKIT_AER_STATEVECTOR,15,13,1,1283,False,0.0005492270029208162,0.015181391034275293
1,36,QISKIT_AER_STATEVECTOR,16,16,15,10558,False,0.05751806898963299,0.24775728897657245
1,36,QISKIT_AER_STATEVECTOR,17,19,11,3742,False,0.03194223673147832,0.17647559696342796
1,36,QISKIT_AER_STATEVECTOR,18,23,1,6003,False,0.0005492270029208162,0.020176620921120048
1,36,QISKIT_AER_STATEVECTOR,19,27,11,4363,False,0.03194223673147832,0.16956211801152676
1,36,QISKIT_AER_STATEVECTOR,20,32,12,12611,False,0.03766512580579618,0.154803667915985
1,36,QISKIT_AER_STATEVECTOR,21,39,14,1120,False,0.050459288703430076,0.15125278302002698
1,36,QISKIT_AER_STATEVECTOR,22,47,34,9805,False,0.2635142288272187,0.542666289024055
1,36,QISKIT_AER_STATEVECTOR,23,56,34,10934,False,0.2635142288272187,0.46995598601642996
1,36,QISKIT_AER_STATEVECTOR,24,67,26,0,True,0.16187400583587652,0.3763464270159602
1,37,NUMPY_FLOAT64,1,1,0,2336,False,6.103515625e-05,7.118610665202141e-05
1,37,NUMPY_FLOAT64,2,2,1,12172,False,0.0005492270029208157,0.00014058698434382677
1,37,NUMPY_FLOAT64,3,2,0,5298,False,6.103515625e-05,4.637299571186304e-05
1,37,NUMPY_FLOAT64,4,2,1,10764,False,0.0005492270029208157,0.00012593099381774664
1,37,NUMPY_FLOAT64,5,3,1,10007,False,0.0005492270029208157,0.00011599005665630102
1,37,NUMPY_FLOAT64,6,3,2,9106,False,0.0015251339755106843,0.00027893390506505966
1,37,NUMPY_FLOAT64,7,3,0,14878,False,6.103515625e-05,9.373994544148445e-05
1,37,NUMPY_FLOAT64,8,4,3,13981,False,0.002987803098035274,0.00027043605223298073
1,37,NUMPY_FLOAT64,9,5,3,6183,False,0.002987803098035274,0.000262003974057734
1,37,NUMPY_FLOAT64,10,6,2,14991,False,0.0015251339755106843,0.0003107810625806451
1,37,NUMPY_FLOAT64,11,7,6,12958,False,0.010279732566874802,0.000730158993974328
1,37,NUMPY_FLOAT64,12,8,6,4917,False,0.010279732566874802,0.0007450539851561189
1,37,NUMPY_FLOAT64,13,9,6,1903,False,0.010279732566874802,0.0003709980519488454
1,37,NUMPY_FLOAT64,14,11,6,8372,False,0.010279732566874802,0.0006501469761133194
1,37,NUMPY_FLOAT64,15,13,5,2263,False,0.007367240660447194,0.0004162229597568512
1,37,NUMPY_FLOAT64,16,16,3,4046,False,0.002987803098035274,0.00022090401034802198
1,37,NUMPY_FLOAT64,17,19,16,0,True,0.06500893416261029,0.000974001013673842
1,37,QISKIT_AER_STATEVECTOR,1,1,0,2336,False,6.103515625000003e-05,0.0013827710645273328
1,37,QISKIT_AER_STATEVECTOR,2,2,1,12172,False,0.0005492270029208162,0.011195454047992826
1,37,QISKIT_AER_STATEVECTOR,3,2,0,5298,False,6.103515625000003e-05,0.0012177409371361136
1,37,QISKIT_AER_STATEVECTOR,4,2,1,10764,False,0.0005492270029208162,0.01067161001265049
1,37,QISKIT_AER_STATEVECTOR,5,3,1,10007,False,0.0005492270029208162,0.012743744999170303
1,37,QISKIT_AER_STATEVECTOR,6,3,2,9106,False,0.0015251339755106847,0.03665303799789399
1,37,QISKIT_AER_STATEVECTOR,7,3,0,14878,False,6.103515625000003e-05,0.0021858259569853544
1,37,QISKIT_AER_STATEVECTOR,8,4,3,13981,False,0.0029878030980352737,0.05463212402537465
1,37,QISKIT_AER_STATEVECTOR,9,5,3,6183,False,0.0029878030980352737,0.04566655098460615
1,37,QISKIT_AER_STATEVECTOR,10,6,2,14991,False,0.0015251339755106847,0.025383847998455167
1,37,QISKIT_AER_STATEVECTOR,11,7,6,12958,False,0.010279732566874785,0.10430403600912541
1,37,QISKIT_AER_STATEVECTOR,12,8,6,4917,False,0.010279732566874785,0.10308889800217003
1,37,QISKIT_AER_STATEVECTOR,13,9,6,1903,False,0.010279732566874785,0.09123531496152282
1,37,QISKIT_AER_STATEVECTOR,14,11,6,8372,False,0.010279732566874785,0.05663446395192295
1,37,QISKIT_AER_STATEVECTOR,15,13,5,2263,False,0.007367240660447187,0.06042033398989588
1,37,QISKIT_AER_STATEVECTOR,16,16,3,4046,False,0.0029878030980352737,0.037133687059395015
1,37,QISKIT_AER_STATEVECTOR,17,19,16,0,True,0.06500893416260986,0.23989708302542567
1,38,NUMPY_FLOAT64,1,1,0,6595,False,6.103515625e-05,7.647601887583733e-05
1,38,NUMPY_FLOAT64,2,2,1,13515,False,0.0005492270029208157,0.00022626295685768127
1,38,NUMPY_FLOAT64,3,2,1,14535,False,0.0005492270029208157,0.000146504957228899
1,38,NUMPY_FLOAT64,4,2,1,10557,False,0.0005492270029208157,0.00013633701018989086
1,38,NUMPY_FLOAT64,5,3,1,7285,False,0.0005492270029208157,0.00018259603530168533
1,38,NUMPY_FLOAT64,6,3,2,5044,False,0.0015251339755106843,0.0002942810533568263
1,38,NUMPY_FLOAT64,7,3,2,802,False,0.0015251339755106843,0.00026331294793635607
1,38,NUMPY_FLOAT64,8,4,0,8168,False,6.103515625e-05,9.75349685177207e-05
1,38,NUMPY_FLOAT64,9,5,3,6947,False,0.002987803098035274,0.00041270710062235594
1,38,NUMPY_FLOAT64,10,6,1,9108,False,0.0005492270029208157,0.0002040400868281722
1,38,NUMPY_FLOAT64,11,7,6,7041,False,0.010279732566874802,0.0007305080071091652
1,38,NUMPY_FLOAT64,12,8,0,9697,False,6.103515625e-05,4.933308809995651e-05
1,38,NUMPY_FLOAT64,13,9,4,8428,False,0.004935806069861494,0.00034254498314112425
1,38,NUMPY_FLOAT64,14,11,5,11525,False,0.007367240660447194,0.0006431229412555695
1,38,NUMPY_FLOAT64,15,13,12,4371,False,0.03766512580579634,0.0013336300617083907
1,38,NUMPY_FLOAT64,16,16,8,11996,False,0.017536045123506365,0.0006757120136171579
1,38,NUMPY_FLOAT64,17,19,12,0,True,0.03766512580579634,0.0012987280497327447
1,38,QISKIT_AER_STATEVECTOR,1,1,0,6595,False,6.103515625000003e-05,0.0022985549876466393
1,38,QISKIT_AER_STATEVECTOR,2,2,1,13515,False,0.0005492270029208162,0.01467914693057537
1,38,QISKIT_AER_STATEVECTOR,3,2,1,14535,False,0.0005492270029208162,0.013759284047409892
1,38,QISKIT_AER_STATEVECTOR,4,2,1,10557,False,0.0005492270029208162,0.011608386063016951
1,38,QISKIT_AER_STATEVECTOR,5,3,1,7285,False,0.0005492270029208162,0.013411057065241039
1,38,QISKIT_AER_STATEVECTOR,6,3,2,5044,False,0.0015251339755106847,0.027005926007404923
1,38,QISKIT_AER_STATEVECTOR,7,3,2,802,False,0.0015251339755106847,0.021467202925123274
1,38,QISKIT_AER_STATEVECTOR,8,4,0,8168,False,6.103515625000003e-05,0.0012742970138788223
1,38,QISKIT_AER_STATEVECTOR,9,5,3,6947,False,0.0029878030980352737,0.02844922395888716
1,38,QISKIT_AER_STATEVECTOR,10,6,1,9108,False,0.0005492270029208162,0.010465778992511332
1,38,QISKIT_AER_STATEVECTOR,11,7,6,7041,False,0.010279732566874785,0.07648724899627268
1,38,QISKIT_AER_STATEVECTOR,12,8,0,9697,False,6.103515625000003e-05,0.00163720001000911
1,38,QISKIT_AER_STATEVECTOR,13,9,4,8428,False,0.004935806069861492,0.04919938405510038
1,38,QISKIT_AER_STATEVECTOR,14,11,5,11525,False,0.007367240660447187,0.08003610302694142
1,38,QISKIT_AER_STATEVECTOR,15,13,12,4371,False,0.03766512580579618,0.1386153269559145
1,38,QISKIT_AER_STATEVECTOR,16,16,8,11996,False,0.017536045123506327,0.10304016503505409
1,38,QISKIT_AER_STATEVECTOR,17,19,12,0,True,0.03766512580579618,0.20655923197045922
1,39,NUMPY_FLOAT64,1,1,0,136,False,6.103515625e-05,0.00012406997848302126
1,39,NUMPY_FLOAT64,2,2,0,487,False,6.103515625e-05,0.00010221905540674925
1,39,NUMPY_FLOAT64,3,2,1,10268,False,0.0005492270029208157,0.00024618604220449924
1,39,NUMPY_FLOAT64,4,2,0,3562,False,6.103515625e-05,9.33619448915124e-05
1,39,NUMPY_FLOAT64,5,3,0,11945,False,6.103515625e-05,7.675401866436005e-05
1,39,NUMPY_FLOAT64,6,3,2,5095,False,0.0015251339755106843,0.0003404460148885846
1,39,NUMPY_FLOAT64,7,3,2,14709,False,0.0015251339755106843,0.0002979090204462409
1,39,NUMPY_FLOAT64,8,4,1,965,False,0.0005492270029208157,0.00018382689449936152
1,39,NUMPY_FLOAT64,9,5,0,4966,False,6.103515625e-05,8.785794489085674e-05
1,39,NUMPY_FLOAT64,10,6,0,16115,False,6.103515625e-05,8.626305498182774e-05
1,39,NUMPY_FLOAT64,11,7,5,1835,False,0.007367240660447194,0.0006704939296469092
1,39,NUMPY_FLOAT64,12,8,4,6931,False,0.004935806069861494,0.0005185359623283148
1,39,NUMPY_FLOAT64,13,9,2,4677,False,0.0015251339755106843,0.0002852369798347354
1,39,NUMPY_FLOAT64,14,11,9,2648,False,0.02187277996348917,0.001028146012686193
1,39,NUMPY_FLOAT64,15,13,10,3942,False,0.02667640741818577,0.0011758399195969105
1,39,NUMPY_FLOAT64,16,16,7,12968,False,0.01367043773236499,0.0008217380382120609
1,39,NUMPY_FLOAT64,17,19,15,7630,False,0.057518068989633325,0.0016823409823700786
1,39,NUMPY_FLOAT64,18,23,13,11184,False,0.04383948622338856,0.0014187400229275227
1,39,NUMPY_FLOAT64,19,27,25,463,False,0.15053037798122515,0.002708667074330151
1,39,NUMPY_FLOAT64,20,32,21,9570,False,0.10867415718891889,0.0018565849168226123
1,39,NUMPY_FLOAT64,21,39,1,13426,False,0.0005492270029208157,0.00017829297576099634
1,39,NUMPY_FLOAT64,22,47,10,3914,False,0.02667640741818577,0.0010799000738188624
1,39,NUMPY_FLOAT64,23,56,17,12880,False,0.0729245693708311,0.0018804209539666772
1,39,NUMPY_FLOAT64,24,67,62,0,True,0.6865502261718149,0.0061685360269621015
1,39,QISKIT_AER_STATEVECTOR,1,1,0,136,False,6.103515625000003e-05,0.0024431339697912335
1,39,QISKIT_AER_STATEVECTOR,2,2,0,487,False,6.103515625000003e-05,0.00234110897872597
1,39,QISKIT_AER_STATEVECTOR,3,2,1,10268,False,0.0005492270029208162,0.020255459938198328
1,39,QISKIT_AER_STATEVECTOR,4,2,0,3562,False,6.103515625000003e-05,0.0023341559572145343
1,39,QISKIT_AER_STATEVECTOR,5,3,0,11945,False,6.103515625000003e-05,0.002287470968440175
1,39,QISKIT_AER_STATEVECTOR,6,3,2,5095,False,0.0015251339755106847,0.032154967077076435
1,39,QISKIT_AER_STATEVECTOR,7,3,2,14709,False,0.0015251339755106847,0.035284276003949344
1,39,QISKIT_AER_STATEVECTOR,8,4,1,965,False,0.0005492270029208162,0.0202009939821437
1,39,QISKIT_AER_STATEVECTOR,9,5,0,4966,False,6.103515625000003e-05,0.0023032190511003137
1,39,QISKIT_AER_STATEVECTOR,10,6,0,16115,False,6.103515625000003e-05,0.0023315029684454203
1,39,QISKIT_AER_STATEVECTOR,11,7,5,1835,False,0.007367240660447187,0.07349836197681725
1,39,QISKIT_AER_STATEVECTOR,12,8,4,6931,False,0.004935806069861492,0.05605169606860727
1,39,QISKIT_AER_STATEVECTOR,13,9,2,4677,False,0.0015251339755106847,0.026855658972635865
1,39,QISKIT_AER_STATEVECTOR,14,11,9,2648,False,0.02187277996348911,0.11818120407406241
1,39,QISKIT_AER_STATEVECTOR,15,13,10,3942,False,0.026676407418185676,0.111906582955271
1,39,QISKIT_AER_STATEVECTOR,16,16,7,12968,False,0.013670437732364964,0.11103256593924016
1,39,QISKIT_AER_STATEVECTOR,17,19,15,7630,False,0.05751806898963299,0.14991504896897823
1,39,QISKIT_AER_STATEVECTOR,18,23,13,11184,False,0.04383948622338834,0.12480455101467669
1,39,QISKIT_AER_STATEVECTOR,19,27,25,463,False,0.1505303779812236,0.2974743840750307
1,39,QISKIT_AER_STATEVECTOR,20,32,21,9570,False,0.10867415718891786,0.3313118970254436
1,39,QISKIT_AER_STATEVECTOR,21,39,1,13426,False,0.0005492270029208162,0.010999295045621693
1,39,QISKIT_AER_STATEVECTOR,22,47,10,3914,False,0.026676407418185676,0.09318645601160824
1,39,QISKIT_AER_STATEVECTOR,23,56,17,12880,False,0.07292456937083056,0.22330239601433277
1,39,QISKIT_AER_STATEVECTOR,24,67,62,0,True,0.6865502261717967,0.940118926926516
1,40,NUMPY_FLOAT64,1,1,0,5739,False,6.103515625e-05,7.071206346154213e-05
1,40,NUMPY_FLOAT64,2,2,0,12047,False,6.103515625e-05,5.681102629750967e-05
1,40,NUMPY_FLOAT64,3,2,0,6145,False,6.103515625e-05,5.8368081226944923e-05
1,40,NUMPY_FLOAT64,4,2,1,932,False,0.0005492270029208157,0.00016035104636102915
1,40,NUMPY_FLOAT64,5,3,0,501,False,6.103515625e-05,5.852500908076763e-05
1,40,NUMPY_FLOAT64,6,3,1,1595,False,0.0005492270029208157,0.00011271995026618242
1,40,NUMPY_FLOAT64,7,3,1,11540,False,0.0005492270029208157,0.00010140007361769676
1,40,NUMPY_FLOAT64,8,4,0,4733,False,6.103515625e-05,4.3067033402621746e-05
1,40,NUMPY_FLOAT64,9,5,4,1805,False,0.004935806069861494,0.0002748059341683984
1,40,NUMPY_FLOAT64,10,6,5,2478,False,0.007367240660447194,0.0003771129995584488
1,40,NUMPY_FLOAT64,11,7,3,8037,False,0.002987803098035274,0.00020981591660529375
1,40,NUMPY_FLOAT64,12,8,3,584,False,0.002987803098035274,0.00021389801986515522
1,40,NUMPY_FLOAT64,13,9,1,2879,False,0.0005492270029208157,9.570992551743984e-05
1,40,NUMPY_FLOAT64,14,11,1,3014,False,0.0005492270029208157,9.714404586702585e-05
1,40,NUMPY_FLOAT64,15,13,0,3104,False,6.103515625e-05,4.188192542642355e-05
1,40,NUMPY_FLOAT64,16,16,8,15263,False,0.017536045123506365,0.0004602510016411543
1,40,NUMPY_FLOAT64,17,19,5,6629,False,0.007367240660447194,0.0003088240046054125
1,40,NUMPY_FLOAT64,18,23,3,15807,False,0.002987803098035274,0.00021130999084562063
1,40,NUMPY_FLOAT64,19,27,26,16265,False,0.16187400583587824,0.0013713499065488577
1,40,NUMPY_FLOAT64,20,32,25,0,True,0.15053037798122515,0.0016718609258532524
1,40,QISKIT_AER_STATEVECTOR,1,1,0,5739,False,6.103515625000003e-05,0.0018427519826218486
1,40,QISKIT_AER_STATEVECTOR,2,2,0,12047,False,6.103515625000003e-05,0.0011984739685431123
1,40,QISKIT_AER_STATEVECTOR,3,2,0,6145,False,6.103515625000003e-05,0.0014738559257239103
1,40,QISKIT_AER_STATEVECTOR,4,2,1,932,False,0.0005492270029208162,0.01520758995320648
1,40,QISKIT_AER_STATEVECTOR,5,3,0,501,False,6.103515625000003e-05,0.0021709389984607697
1,40,QISKIT_AER_STATEVECTOR,6,3,1,1595,False,0.0005492270029208162,0.017749221995472908
1,40,QISKIT_AER_STATEVECTOR,7,3,1,11540,False,0.0005492270029208162,0.018082957016304135
1,40,QISKIT_AER_STATEVECTOR,8,4,0,4733,False,6.103515625000003e-05,0.0017418039496988058
1,40,QISKIT_AER_STATEVECTOR,9,5,4,1805,False,0.004935806069861492,0.04678811598569155
1,40,QISKIT_AER_STATEVECTOR,10,6,5,2478,False,0.007367240660447187,0.05973099102266133
1,40,QISKIT_AER_STATEVECTOR,11,7,3,8037,False,0.0029878030980352737,0.038331168005242944
1,40,QISKIT_AER_STATEVECTOR,12,8,3,584,False,0.0029878030980352737,0.05288979795295745
1,40,QISKIT_AER_STATEVECTOR,13,9,1,2879,False,0.0005492270029208162,0.018972240039147437
1,40,QISKIT_AER_STATEVECTOR,14,11,1,3014,False,0.0005492270029208162,0.01968957995995879
1,40,QISKIT_AER_STATEVECTOR,15,13,0,3104,False,6.103515625000003e-05,0.0023077380610629916
1,40,QISKIT_AER_STATEVECTOR,16,16,8,15263,False,0.017536045123506327,0.10812641796655953
1,40,QISKIT_AER_STATEVECTOR,17,19,5,6629,False,0.007367240660447187,0.07482653995975852
1,40,QISKIT_AER_STATEVECTOR,18,23,3,15807,False,0.0029878030980352737,0.05524587107356638
1,40,QISKIT_AER_STATEVECTOR,19,27,26,16265,False,0.16187400583587652,0.37106881698127836
1,40,QISKIT_AER_STATEVECTOR,20,32,25,0,True,0.1505303779812236,0.4307948680361733
1,41,NUMPY_FLOAT64,1,1,0,3134,False,6.103515625e-05,6.172293797135353e-05
1,41,NUMPY_FLOAT64,2,2,1,5804,False,0.0005492270029208157,0.00014475698117166758
1,41,NUMPY_FLOAT64,3,2,0,14212,False,6.103515625e-05,4.471291322261095e-05
1,41,NUMPY_FLOAT64,4,2,0,9970,False,6.103515625e-05,4.890200216323137e-05
1,41,NUMPY_FLOAT64,5,3,2,2245,False,0.0015251339755106843,0.00016673700883984566
1,41,NUMPY_FLOAT64,6,3,1,6895,False,0.0005492270029208157,0.00010360893793404102
1,41,NUMPY_FLOAT64,7,3,1,905,False,0.0005492270029208157,0.00012785999570041895
1,41,NUMPY_FLOAT64,8,4,0,1851,False,6.103515625e-05,4.345807246863842e-05
1,41,NUMPY_FLOAT64,9,5,3,2058,False,0.002987803098035274,0.0002179209841415286
1,41,NUMPY_FLOAT64,10,6,4,9008,False,0.004935806069861494,0.00028580997604876757
1,41,NUMPY_FLOAT64,11,7,1,2220,False,0.0005492270029208157,0.00014869100414216518
1,41,NUMPY_FLOAT64,12,8,4,8851,False,0.004935806069861494,0.0003940470051020384
1,41,NUMPY_FLOAT64,13,9,1,15649,False,0.0005492270029208157,0.0001981740351766348
1,41,NUMPY_FLOAT64,14,11,5,2805,False,0.007367240660447194,0.0005851590540260077
1,41,NUMPY_FLOAT64,15,13,12,9866,False,0.03766512580579634,0.0012056949781253934
1,41,NUMPY_FLOAT64,16,16,3,13217,False,0.002987803098035274,0.0003354540094733238
1,41,NUMPY_FLOAT64,17,19,15,8265,False,0.057518068989633325,0.0014872860629111528
1,41,NUMPY_FLOAT64,18,23,10,9691,False,0.02667640741818577,0.0009598990436643362
1,41,NUMPY_FLOAT64,19,27,13,11002,False,0.04383948622338856,0.0007688410114496946
1,41,NUMPY_FLOAT64,20,32,31,2802,False,0.22331226967107654,0.0017879100050777197
1,41,NUMPY_FLOAT64,21,39,4,6511,False,0.004935806069861494,0.0003913029795512557
1,41,NUMPY_FLOAT64,22,47,10,1326,False,0.02667640741818577,0.0010551519226282835
1,41,NUMPY_FLOAT64,23,56,15,6261,False,0.057518068989633325,0.0015727560967206955
1,41,NUMPY_FLOAT64,24,67,50,4183,False,0.5036723305643184,0.004996626987121999
1,41,NUMPY_FLOAT64,25,80,20,7785,False,0.09914077053988757,0.002136192051693797
1,41,NUMPY_FLOAT64,26,96,77,0,True,0.876004057020896,0.008291593985632062
1,41,QISKIT_AER_STATEVECTOR,1,1,0,3134,False,6.103515625000003e-05,0.0023749619722366333
1,41,QISKIT_AER_STATEVECTOR,2,2,1,5804,False,0.0005492270029208162,0.01963672391138971
1,41,QISKIT_AER_STATEVECTOR,3,2,0,14212,False,6.103515625000003e-05,0.0022624069824814796
1,41,QISKIT_AER_STATEVECTOR,4,2,0,9970,False,6.103515625000003e-05,0.002311976975761354
1,41,QISKIT_AER_STATEVECTOR,5,3,2,2245,False,0.0015251339755106847,0.03706544393207878
1,41,QISKIT_AER_STATEVECTOR,6,3,1,6895,False,0.0005492270029208162,0.020181892905384302
1,41,QISKIT_AER_STATEVECTOR,7,3,1,905,False,0.0005492270029208162,0.020091752987354994
1,41,QISKIT_AER_STATEVECTOR,8,4,0,1851,False,6.103515625000003e-05,0.002276908024214208
1,41,QISKIT_AER_STATEVECTOR,9,5,3,2058,False,0.0029878030980352737,0.053855906939134
1,41,QISKIT_AER_STATEVECTOR,10,6,4,9008,False,0.004935806069861492,0.049940349999815226
1,41,QISKIT_AER_STATEVECTOR,11,7,1,2220,False,0.0005492270029208162,0.013087093946523964
1,41,QISKIT_AER_STATEVECTOR,12,8,4,8851,False,0.004935806069861492,0.04510366800241172
1,41,QISKIT_AER_STATEVECTOR,13,9,1,15649,False,0.0005492270029208162,0.01447578298393637
1,41,QISKIT_AER_STATEVECTOR,14,11,5,2805,False,0.007367240660447187,0.08665946905966848
1,41,QISKIT_AER_STATEVECTOR,15,13,12,9866,False,0.03766512580579618,0.17675650003366172
1,41,QISKIT_AER_STATEVECTOR,16,16,3,13217,False,0.0029878030980352737,0.03305169602390379
1,41,QISKIT_AER_STATEVECTOR,17,19,15,8265,False,0.05751806898963299,0.17177277500741184
1,41,QISKIT_AER_STATEVECTOR,18,23,10,9691,False,0.026676407418185676,0.1304535549134016
1,41,QISKIT_AER_STATEVECTOR,19,27,13,11002,False,0.04383948622338834,0.1863975499290973
1,41,QISKIT_AER_STATEVECTOR,20,32,31,2802,False,0.22331226967107387,0.395456318045035
1,41,QISKIT_AER_STATEVECTOR,21,39,4,6511,False,0.004935806069861492,0.06838157307356596
1,41,QISKIT_AER_STATEVECTOR,22,47,10,1326,False,0.026676407418185676,0.15983248897828162
1,41,QISKIT_AER_STATEVECTOR,23,56,15,6261,False,0.05751806898963299,0.1392596720252186
1,41,QISKIT_AER_STATEVECTOR,24,67,50,4183,False,0.503672330564308,0.7944332839688286
1,41,QISKIT_AER_STATEVECTOR,25,80,20,7785,False,0.09914077053988667,0.28815086907707155
1,41,QISKIT_AER_STATEVECTOR,26,96,77,0,True,0.8760040570208647,1.1091845179907978
1,42,NUMPY_FLOAT64,1,1,0,7235,False,6.103515625e-05,0.00011627399362623692
1,42,NUMPY_FLOAT64,2,2,1,7961,False,0.0005492270029208157,0.0003095589345321059
1,42,NUMPY_FLOAT64,3,2,1,13142,False,0.0005492270029208157,0.00020969402976334095
1,42,NUMPY_FLOAT64,4,2,0,13810,False,6.103515625e-05,9.01930034160614e-05
1,42,NUMPY_FLOAT64,5,3,2,10888,False,0.0015251339755106843,0.00032406498212367296
1,42,NUMPY_FLOAT64,6,3,2,1221,False,0.0015251339755106843,0.00031568005215376616
1,42,NUMPY_FLOAT64,7,3,1,3700,False,0.0005492270029208157,0.0002046179724857211
1,42,NUMPY_FLOAT64,8,4,1,1270,False,0.0005492270029208157,0.000208197976462543
1,42,NUMPY_FLOAT64,9,5,2,15228,False,0.0015251339755106843,0.00030097702983766794
1,42,NUMPY_FLOAT64,10,6,2,2916,False,0.0015251339755106843,0.0002871870528906584
1,42,NUMPY_FLOAT64,11,7,5,2247,False,0.007367240660447194,0.0006060169544070959
1,42,NUMPY_FLOAT64,12,8,6,7530,False,0.010279732566874802,0.0007384199416264892
1,42,NUMPY_FLOAT64,13,9,1,15974,False,0.0005492270029208157,0.00019543396774679422
1,42,NUMPY_FLOAT64,14,11,10,7328,False,0.02667640741818577,0.0011804839596152306
1,42,NUMPY_FLOAT64,15,13,0,1574,False,6.103515625e-05,8.368608541786671e-05
1,42,NUMPY_FLOAT64,16,16,12,5564,False,0.03766512580579634,0.00139193597715348
1,42,NUMPY_FLOAT64,17,19,5,12025,False,0.007367240660447194,0.0005784030072391033
1,42,NUMPY_FLOAT64,18,23,9,13632,False,0.02187277996348917,0.0010134050389751792
1,42,NUMPY_FLOAT64,19,27,10,8463,False,0.02667640741818577,0.0011033080518245697
1,42,NUMPY_FLOAT64,20,32,23,8241,False,0.12887764041106253,0.002468921011313796
1,42,NUMPY_FLOAT64,21,39,17,14677,False,0.0729245693708311,0.0018024470191448927
1,42,NUMPY_FLOAT64,22,47,41,4355,False,0.3647520320554989,0.004163780948147178
1,42,NUMPY_FLOAT64,23,56,40,0,True,0.34977784487914537,0.0041908969869837165
1,42,QISKIT_AER_STATEVECTOR,1,1,0,7235,False,6.103515625000003e-05,0.002434559050016105
1,42,QISKIT_AER_STATEVECTOR,2,2,1,7961,False,0.0005492270029208162,0.01490204210858792
1,42,QISKIT_AER_STATEVECTOR,3,2,1,13142,False,0.0005492270029208162,0.013485403032973409
1,42,QISKIT_AER_STATEVECTOR,4,2,0,13810,False,6.103515625000003e-05,0.001311753992922604
1,42,QISKIT_AER_STATEVECTOR,5,3,2,10888,False,0.0015251339755106847,0.019917710917070508
1,42,QISKIT_AER_STATEVECTOR,6,3,2,1221,False,0.0015251339755106847,0.030229936935938895
1,42,QISKIT_AER_STATEVECTOR,7,3,1,3700,False,0.0005492270029208162,0.019642904051579535
1,42,QISKIT_AER_STATEVECTOR,8,4,1,1270,False,0.0005492270029208162,0.013460214948281646
1,42,QISKIT_AER_STATEVECTOR,9,5,2,15228,False,0.0015251339755106847,0.03224522201344371
1,42,QISKIT_AER_STATEVECTOR,10,6,2,2916,False,0.0015251339755106847,0.03742716507986188
1,42,QISKIT_AER_STATEVECTOR,11,7,5,2247,False,0.007367240660447187,0.05412976001389325
1,42,QISKIT_AER_STATEVECTOR,12,8,6,7530,False,0.010279732566874785,0.07110329600982368
1,42,QISKIT_AER_STATEVECTOR,13,9,1,15974,False,0.0005492270029208162,0.015837545040994883
1,42,QISKIT_AER_STATEVECTOR,14,11,10,7328,False,0.026676407418185676,0.1315016079461202
1,42,QISKIT_AER_STATEVECTOR,15,13,0,1574,False,6.103515625000003e-05,0.0012701289961114526
1,42,QISKIT_AER_STATEVECTOR,16,16,12,5564,False,0.03766512580579618,0.14353896002285182
1,42,QISKIT_AER_STATEVECTOR,17,19,5,12025,False,0.007367240660447187,0.08748178894165903
1,42,QISKIT_AER_STATEVECTOR,18,23,9,13632,False,0.02187277996348911,0.14794706203974783
1,42,QISKIT_AER_STATEVECTOR,19,27,10,8463,False,0.026676407418185676,0.13286232703831047
1,42,QISKIT_AER_STATEVECTOR,20,32,23,8241,False,0.1288776404110612,0.2914883769117296
1,42,QISKIT_AER_STATEVECTOR,21,39,17,14677,False,0.07292456937083056,0.26054351299535483
1,42,QISKIT_AER_STATEVECTOR,22,47,41,4355,False,0.36475203205549317,0.562474207021296
1,42,QISKIT_AER_STATEVECTOR,23,56,40,0,True,0.3497778448791401,0.5333780809305608
1,43,NUMPY_FLOAT64,1,1,0,6214,False,6.103515625e-05,0.0001056100009009242
1,43,NUMPY_FLOAT64,2,2,0,3494,False,6.103515625e-05,9.669095743447542e-05
1,43,NUMPY_FLOAT64,3,2,1,9373,False,0.0005492270029208157,0.0002657469594851136
1,43,NUMPY_FLOAT64,4,2,1,4665,False,0.0005492270029208157,0.0001572169130668044
1,43,NUMPY_FLOAT64,5,3,0,6531,False,6.103515625e-05,6.38799974694848e-05
1,43,NUMPY_FLOAT64,6,3,1,15757,False,0.0005492270029208157,0.00015862495638430119
1,43,NUMPY_FLOAT64,7,3,2,6835,False,0.0015251339755106843,0.00023559504188597202
1,43,NUMPY_FLOAT64,8,4,3,4856,False,0.002987803098035274,0.00040079199243336916
1,43,NUMPY_FLOAT64,9,5,3,15674,False,0.002987803098035274,0.0004284479655325413
1,43,NUMPY_FLOAT64,10,6,3,3322,False,0.002987803098035274,0.00043405801989138126
1,43,NUMPY_FLOAT64,11,7,4,14659,False,0.004935806069861494,0.0005327339749783278
1,43,NUMPY_FLOAT64,12,8,2,1782,False,0.0015251339755106843,0.0003019130090251565
1,43,NUMPY_FLOAT64,13,9,4,13726,False,0.004935806069861494,0.0005010500317439437
1,43,NUMPY_FLOAT64,14,11,8,10760,False,0.017536045123506365,0.0008478270610794425
1,43,NUMPY_FLOAT64,15,13,0,10308,False,6.103515625e-05,8.697097655385733e-05
1,43,NUMPY_FLOAT64,16,16,8,4580,False,0.017536045123506365,0.0008522949647158384
1,43,NUMPY_FLOAT64,17,19,7,4574,False,0.01367043773236499,0.0007837510202080011
1,43,NUMPY_FLOAT64,18,23,16,1341,False,0.06500893416261029,0.0016785130137577653
1,43,NUMPY_FLOAT64,19,27,22,11416,False,0.11858967465648255,0.0023879430955275893
1,43,NUMPY_FLOAT64,20,32,11,6943,False,0.03194223673147845,0.0012896809494122863
1,43,NUMPY_FLOAT64,21,39,35,15156,False,0.2773944318611407,0.003592832013964653
1,43,NUMPY_FLOAT64,22,47,40,11731,False,0.34977784487914537,0.00414668396115303
1,43,NUMPY_FLOAT64,23,56,16,0,True,0.06500893416261029,0.0016860499745234847
1,43,QISKIT_AER_STATEVECTOR,1,1,0,6214,False,6.103515625000003e-05,0.002426794031634927
1,43,QISKIT_AER_STATEVECTOR,2,2,0,3494,False,6.103515625000003e-05,0.002249730983749032
1,43,QISKIT_AER_STATEVECTOR,3,2,1,9373,False,0.0005492270029208162,0.01991393999196589
1,43,QISKIT_AER_STATEVECTOR,4,2,1,4665,False,0.0005492270029208162,0.019992477959021926
1,43,QISKIT_AER_STATEVECTOR,5,3,0,6531,False,6.103515625000003e-05,0.0023361530620604753
1,43,QISKIT_AER_STATEVECTOR,6,3,1,15757,False,0.0005492270029208162,0.01824491797015071
1,43,QISKIT_AER_STATEVECTOR,7,3,2,6835,False,0.0015251339755106847,0.03393769101239741
1,43,QISKIT_AER_STATEVECTOR,8,4,3,4856,False,0.0029878030980352737,0.028432896011509
1,43,QISKIT_AER_STATEVECTOR,9,5,3,15674,False,0.0029878030980352737,0.0344738510902971
1,43,QISKIT_AER_STATEVECTOR,10,6,3,3322,False,0.0029878030980352737,0.05294952995609492
1,43,QISKIT_AER_STATEVECTOR,11,7,4,14659,False,0.004935806069861492,0.07031750807072967
1,43,QISKIT_AER_STATEVECTOR,12,8,2,1782,False,0.0015251339755106847,0.03622000094037503
1,43,QISKIT_AER_STATEVECTOR,13,9,4,13726,False,0.004935806069861492,0.045371529064141214
1,43,QISKIT_AER_STATEVECTOR,14,11,8,10760,False,0.017536045123506327,0.11489520105533302
1,43,QISKIT_AER_STATEVECTOR,15,13,0,10308,False,6.103515625000003e-05,0.0023749329848214984
1,43,QISKIT_AER_STATEVECTOR,16,16,8,4580,False,0.017536045123506327,0.14250658603850752
1,43,QISKIT_AER_STATEVECTOR,17,19,7,4574,False,0.013670437732364964,0.12492825707886368
1,43,QISKIT_AER_STATEVECTOR,18,23,16,1341,False,0.06500893416260986,0.1899584080092609
1,43,QISKIT_AER_STATEVECTOR,19,27,22,11416,False,0.11858967465648136,0.3081770970020443
1,43,QISKIT_AER_STATEVECTOR,20,32,11,6943,False,0.03194223673147832,0.15874065400566906
1,43,QISKIT_AER_STATEVECTOR,21,39,35,15156,False,0.2773944318611371,0.5385328039992601
1,43,QISKIT_AER_STATEVECTOR,22,47,40,11731,False,0.3497778448791401,0.4447666550986469
1,43,QISKIT_AER_STATEVECTOR,23,56,16,0,True,0.06500893416260986,0.2008038229541853
1,44,NUMPY_FLOAT64,1,1,0,13765,False,6.103515625e-05,6.258999928832054e-05
1,44,NUMPY_FLOAT64,2,2,0,10698,False,6.103515625e-05,5.56230079382658e-05
1,44,NUMPY_FLOAT64,3,2,0,3355,False,6.103515625e-05,4.279904533177614e-05
1,44,NUMPY_FLOAT64,4,2,0,15892,False,6.103515625e-05,4.290195647627115e-05
1,44,NUMPY_FLOAT64,5,3,2,4021,False,0.0015251339755106843,0.00019765901379287243
1,44,NUMPY_FLOAT64,6,3,2,7800,False,0.0015251339755106843,0.0001643249997869134
1,44,NUMPY_FLOAT64,7,3,0,12230,False,6.103515625e-05,4.569697193801403e-05
1,44,NUMPY_FLOAT64,8,4,0,13204,False,6.103515625e-05,4.146096762269735e-05
1,44,NUMPY_FLOAT64,9,5,1,13560,False,0.0005492270029208157,0.00010218797251582146
1,44,NUMPY_FLOAT64,10,6,3,6874,False,0.002987803098035274,0.00021107099018990993
1,44,NUMPY_FLOAT64,11,7,0,12116,False,6.103515625e-05,4.42329328507185e-05
1,44,NUMPY_FLOAT64,12,8,3,11847,False,0.002987803098035274,0.0002062460407614708
1,44,NUMPY_FLOAT64,13,9,5,8442,False,0.007367240660447194,0.0003018300049006939
1,44,NUMPY_FLOAT64,14,11,6,5830,False,0.010279732566874802,0.0003706099232658744
1,44,NUMPY_FLOAT64,15,13,5,11485,False,0.007367240660447194,0.0005360619397833943
1,44,NUMPY_FLOAT64,16,16,2,10938,False,0.0015251339755106843,0.0002975899260491133
1,44,NUMPY_FLOAT64,17,19,14,4510,False,0.05045928870343037,0.0011681290343403816
1,44,NUMPY_FLOAT64,18,23,5,14809,False,0.007367240660447194,0.00033664307557046413
1,44,NUMPY_FLOAT64,19,27,9,16102,False,0.02187277996348917,0.0005718620959669352
1,44,NUMPY_FLOAT64,20,32,19,11100,False,0.08999882408905392,0.0012046119663864374
1,44,NUMPY_FLOAT64,21,39,32,16289,False,0.23645993843574034,0.0019491479033604264
1,44,NUMPY_FLOAT64,22,47,6,7312,False,0.010279732566874802,0.0003885140176862478
1,44,NUMPY_FLOAT64,23,56,41,0,True,0.3647520320554989,0.00309713592287153
1,44,QISKIT_AER_STATEVECTOR,1,1,0,13765,False,6.103515625000003e-05,0.0014897699002176523
1,44,QISKIT_AER_STATEVECTOR,2,2,0,10698,False,6.103515625000003e-05,0.0012909159995615482
1,44,QISKIT_AER_STATEVECTOR,3,2,0,3355,False,6.103515625000003e-05,0.0017971489578485489
1,44,QISKIT_AER_STATEVECTOR,4,2,0,15892,False,6.103515625000003e-05,0.0019242169801145792
1,44,QISKIT_AER_STATEVECTOR,5,3,2,4021,False,0.0015251339755106847,0.02394442493095994
1,44,QISKIT_AER_STATEVECTOR,6,3,2,7800,False,0.0015251339755106847,0.03601524804253131
1,44,QISKIT_AER_STATEVECTOR,7,3,0,12230,False,6.103515625000003e-05,0.002305094967596233
1,44,QISKIT_AER_STATEVECTOR,8,4,0,13204,False,6.103515625000003e-05,0.0022929130354896188
1,44,QISKIT_AER_STATEVECTOR,9,5,1,13560,False,0.0005492270029208162,0.014522282057441771
1,44,QISKIT_AER_STATEVECTOR,10,6,3,6874,False,0.0029878030980352737,0.04560864600352943
1,44,QISKIT_AER_STATEVECTOR,11,7,0,12116,False,6.103515625000003e-05,0.0018749349983409047
1,44,QISKIT_AER_STATEVECTOR,12,8,3,11847,False,0.0029878030980352737,0.028651980916038156
1,44,QISKIT_AER_STATEVECTOR,13,9,5,8442,False,0.007367240660447187,0.07544037909246981
1,44,QISKIT_AER_STATEVECTOR,14,11,6,5830,False,0.010279732566874785,0.05734457401558757
1,44,QISKIT_AER_STATEVECTOR,15,13,5,11485,False,0.007367240660447187,0.04774886998347938
1,44,QISKIT_AER_STATEVECTOR,16,16,2,10938,False,0.0015251339755106847,0.02693157398607582
1,44,QISKIT_AER_STATEVECTOR,17,19,14,4510,False,0.050459288703430076,0.20693578710779548
1,44,QISKIT_AER_STATEVECTOR,18,23,5,14809,False,0.007367240660447187,0.08151017199270427
1,44,QISKIT_AER_STATEVECTOR,19,27,9,16102,False,0.02187277996348911,0.1234239210607484
1,44,QISKIT_AER_STATEVECTOR,20,32,19,11100,False,0.08999882408905313,0.32329472596757114
1,44,QISKIT_AER_STATEVECTOR,21,39,32,16289,False,0.23645993843573754,0.40700806002132595
1,44,QISKIT_AER_STATEVECTOR,22,47,6,7312,False,0.010279732566874785,0.05832559592090547
1,44,QISKIT_AER_STATEVECTOR,23,56,41,0,True,0.36475203205549317,0.6103132780408487
1,45,NUMPY_FLOAT64,1,1,0,2550,False,6.103515625e-05,6.113795097917318e-05
1,45,NUMPY_FLOAT64,2,2,1,6432,False,0.0005492270029208157,0.00015021103899925947
1,45,NUMPY_FLOAT64,3,2,0,12473,False,6.103515625e-05,4.401104524731636e-05
1,45,NUMPY_FLOAT64,4,2,1,15137,False,0.0005492270029208157,0.00010391103569418192
1,45,NUMPY_FLOAT64,5,3,0,8583,False,6.103515625e-05,4.2264931835234165e-05
1,45,NUMPY_FLOAT64,6,3,0,14641,False,6.103515625e-05,5.1977927796542645e-05
1,45,NUMPY_FLOAT64,7,3,0,142,False,6.103515625e-05,4.06680628657341e-05
1,45,NUMPY_FLOAT64,8,4,2,5236,False,0.0015251339755106843,0.0001623299904167652
1,45,NUMPY_FLOAT64,9,5,3,10422,False,0.002987803098035274,0.0002028739545494318
1,45,NUMPY_FLOAT64,10,6,5,11645,False,0.007367240660447194,0.0003123419592157006
1,45,NUMPY_FLOAT64,11,7,2,11506,False,0.0015251339755106843,0.00014748296234756708
1,45,NUMPY_FLOAT64,12,8,7,10042,False,0.01367043773236499,0.00043774989899247885
1,45,NUMPY_FLOAT64,13,9,1,15853,False,0.0005492270029208157,0.00010106898844242096
1,45,NUMPY_FLOAT64,14,11,0,16182,False,6.103515625e-05,4.1406950913369656e-05
1,45,NUMPY_FLOAT64,15,13,0,15311,False,6.103515625e-05,4.146900027990341e-05
1,45,NUMPY_FLOAT64,16,16,3,5591,False,0.002987803098035274,0.0002007950097322464
1,45,NUMPY_FLOAT64,17,19,9,993,False,0.02187277996348917,0.0005324170924723148
1,45,NUMPY_FLOAT64,18,23,18,10336,False,0.08125724497359635,0.0009620980126783252
1,45,NUMPY_FLOAT64,19,27,26,11470,False,0.16187400583587824,0.0017262400360777974
1,45,NUMPY_FLOAT64,20,32,10,16026,False,0.02667640741818577,0.0005627330392599106
1,45,NUMPY_FLOAT64,21,39,25,10493,False,0.15053037798122515,0.001389348995871842
1,45,NUMPY_FLOAT64,22,47,8,15585,False,0.017536045123506365,0.0004731699591502547
1,45,NUMPY_FLOAT64,23,56,35,12025,False,0.2773944318611407,0.002500379108823836
1,45,NUMPY_FLOAT64,24,67,44,2983,False,0.4104078940006051,0.0039821119280532
1,45,NUMPY_FLOAT64,25,80,24,3822,False,0.13952800822431213,0.002574585028924048
1,45,NUMPY_FLOAT64,26,96,56,0,True,0.5968080369406757,0.004309250041842461
1,45,QISKIT_AER_STATEVECTOR,1,1,0,2550,False,6.103515625000003e-05,0.030820462037809193
1,45,QISKIT_AER_STATEVECTOR,2,2,1,6432,False,0.0005492270029208162,0.013281082967296243
1,45,QISKIT_AER_STATEVECTOR,3,2,0,12473,False,6.103515625000003e-05,0.001307999948039651
1,45,QISKIT_AER_STATEVECTOR,4,2,1,15137,False,0.0005492270029208162,0.012051505036652088
1,45,QISKIT_AER_STATEVECTOR,5,3,0,8583,False,6.103515625000003e-05,0.0012538899900391698
1,45,QISKIT_AER_STATEVECTOR,6,3,0,14641,False,6.103515625000003e-05,0.0017340489430353045
1,45,QISKIT_AER_STATEVECTOR,7,3,0,142,False,6.103515625000003e-05,0.001240534009411931
1,45,QISKIT_AER_STATEVECTOR,8,4,2,5236,False,0.0015251339755106847,0.020393727929331362
1,45,QISKIT_AER_STATEVECTOR,9,5,3,10422,False,0.0029878030980352737,0.028501847060397267
1,45,QISKIT_AER_STATEVECTOR,10,6,5,11645,False,0.007367240660447187,0.04926556907594204
1,45,QISKIT_AER_STATEVECTOR,11,7,2,11506,False,0.0015251339755106847,0.03459471801761538
1,45,QISKIT_AER_STATEVECTOR,12,8,7,10042,False,0.013670437732364964,0.11698234104551375
1,45,QISKIT_AER_STATEVECTOR,13,9,1,15853,False,0.0005492270029208162,0.01829983398783952
1,45,QISKIT_AER_STATEVECTOR,14,11,0,16182,False,6.103515625000003e-05,0.002273429068736732
1,45,QISKIT_AER_STATEVECTOR,15,13,0,15311,False,6.103515625000003e-05,0.002208038931712508
1,45,QISKIT_AER_STATEVECTOR,16,16,3,5591,False,0.0029878030980352737,0.05475694790948182
1,45,QISKIT_AER_STATEVECTOR,17,19,9,993,False,0.02187277996348911,0.13772408000659198
1,45,QISKIT_AER_STATEVECTOR,18,23,18,10336,False,0.08125724497359568,0.26499058096669614
1,45,QISKIT_AER_STATEVECTOR,19,27,26,11470,False,0.16187400583587652,0.401161817018874
1,45,QISKIT_AER_STATEVECTOR,20,32,10,16026,False,0.026676407418185676,0.14096482400782406
1,45,QISKIT_AER_STATEVECTOR,21,39,25,10493,False,0.1505303779812236,0.32354355207644403
1,45,QISKIT_AER_STATEVECTOR,22,47,8,15585,False,0.017536045123506327,0.13566090108361095
1,45,QISKIT_AER_STATEVECTOR,23,56,35,12025,False,0.2773944318611371,0.5211820229887962
1,45,QISKIT_AER_STATEVECTOR,24,67,44,2983,False,0.41040789400059785,0.5313015140127391
1,45,QISKIT_AER_STATEVECTOR,25,80,24,3822,False,0.1395280082243107,0.38983442005701363
1,45,QISKIT_AER_STATEVECTOR,26,96,56,0,True,0.596808036940662,0.8147451119730249
1,46,NUMPY_FLOAT64,1,1,0,3934,False,6.103515625e-05,0.00011795992031693459
1,46,NUMPY_FLOAT64,2,2,1,6561,False,0.0005492270029208157,0.00033190601971000433
1,46,NUMPY_FLOAT64,3,2,1,16008,False,0.0005492270029208157,0.0002143461024388671
1,46,NUMPY_FLOAT64,4,2,1,7891,False,0.0005492270029208157,0.00022230006288737059
1,46,NUMPY_FLOAT64,5,3,0,14571,False,6.103515625e-05,9.636010508984327e-05
1,46,NUMPY_FLOAT64,6,3,0,14715,False,6.103515625e-05,9.246997069567442e-05
1,46,NUMPY_FLOAT64,7,3,1,12362,False,0.0005492270029208157,0.0002111620269715786
1,46,NUMPY_FLOAT64,8,4,2,1612,False,0.0015251339755106843,0.0003132530255243182
1,46,NUMPY_FLOAT64,9,5,4,3197,False,0.004935806069861494,0.0005220860475674272
1,46,NUMPY_FLOAT64,10,6,1,100,False,0.0005492270029208157,0.00019766297191381454
1,46,NUMPY_FLOAT64,11,7,1,14805,False,0.0005492270029208157,0.00019250100012868643
1,46,NUMPY_FLOAT64,12,8,0,2861,False,6.103515625e-05,8.757994510233402e-05
1,46,NUMPY_FLOAT64,13,9,3,12961,False,0.002987803098035274,0.0004099899670109153
1,46,NUMPY_FLOAT64,14,11,10,10708,False,0.02667640741818577,0.0011424419935792685
1,46,NUMPY_FLOAT64,15,13,4,1287,False,0.004935806069861494,0.0004215249791741371
1,46,NUMPY_FLOAT64,16,16,2,2523,False,0.0015251339755106843,0.0003025949699804187
1,46,NUMPY_FLOAT64,17,19,17,8178,False,0.0729245693708311,0.0019293000223115087
1,46,NUMPY_FLOAT64,18,23,4,15468,False,0.004935806069861494,0.0005052229389548302
1,46,NUMPY_FLOAT64,19,27,0,3664,False,6.103515625e-05,9.286799468100071e-05
1,46,NUMPY_FLOAT64,20,32,15,5921,False,0.057518068989633325,0.0016413580160588026
1,46,NUMPY_FLOAT64,21,39,18,12981,False,0.08125724497359635,0.0020259100710973144
1,46,NUMPY_FLOAT64,22,47,7,3364,False,0.01367043773236499,0.0007882410427555442
1,46,NUMPY_FLOAT64,23,56,39,12606,False,0.3349503500722138,0.0042144450126215816
1,46,NUMPY_FLOAT64,24,67,47,0,True,0.4568506259997544,0.004753665998578072
1,46,QISKIT_AER_STATEVECTOR,1,1,0,3934,False,6.103515625000003e-05,0.002452735905535519
1,46,QISKIT_AER_STATEVECTOR,2,2,1,6561,False,0.0005492270029208162,0.020115574938245118
1,46,QISKIT_AER_STATEVECTOR,3,2,1,16008,False,0.0005492270029208162,0.016196621931158006
1,46,QISKIT_AER_STATEVECTOR,4,2,1,7891,False,0.0005492270029208162,0.011789528070949018
1,46,QISKIT_AER_STATEVECTOR,5,3,0,14571,False,6.103515625000003e-05,0.001247589010745287
1,46,QISKIT_AER_STATEVECTOR,6,3,0,14715,False,6.103515625000003e-05,0.001176935969851911
1,46,QISKIT_AER_STATEVECTOR,7,3,1,12362,False,0.0005492270029208162,0.010288671008311212
1,46,QISKIT_AER_STATEVECTOR,8,4,2,1612,False,0.0015251339755106847,0.031591917970217764
1,46,QISKIT_AER_STATEVECTOR,9,5,4,3197,False,0.004935806069861492,0.06279234099201858
1,46,QISKIT_AER_STATEVECTOR,10,6,1,100,False,0.0005492270029208162,0.01532882999163121
1,46,QISKIT_AER_STATEVECTOR,11,7,1,14805,False,0.0005492270029208162,0.014329540077596903
1,46,QISKIT_AER_STATEVECTOR,12,8,0,2861,False,6.103515625000003e-05,0.0012720610247924924
1,46,QISKIT_AER_STATEVECTOR,13,9,3,12961,False,0.0029878030980352737,0.03065047797281295
1,46,QISKIT_AER_STATEVECTOR,14,11,10,10708,False,0.026676407418185676,0.14705854607746005
1,46,QISKIT_AER_STATEVECTOR,15,13,4,1287,False,0.004935806069861492,0.060636674985289574
1,46,QISKIT_AER_STATEVECTOR,16,16,2,2523,False,0.0015251339755106847,0.0378062539966777
1,46,QISKIT_AER_STATEVECTOR,17,19,17,8178,False,0.07292456937083056,0.2211422910913825
1,46,QISKIT_AER_STATEVECTOR,18,23,4,15468,False,0.004935806069861492,0.06686122808605433
1,46,QISKIT_AER_STATEVECTOR,19,27,0,3664,False,6.103515625000003e-05,0.0023291659308597445
1,46,QISKIT_AER_STATEVECTOR,20,32,15,5921,False,0.05751806898963299,0.24477987294085324
1,46,QISKIT_AER_STATEVECTOR,21,39,18,12981,False,0.08125724497359568,0.2669533060397953
1,46,QISKIT_AER_STATEVECTOR,22,47,7,3364,False,0.013670437732364964,0.12737296998966485
1,46,QISKIT_AER_STATEVECTOR,23,56,39,12606,False,0.3349503500722089,0.44850633200258017
1,46,QISKIT_AER_STATEVECTOR,24,67,47,0,True,0.45685062599974585,0.7529987699817866
1,47,NUMPY_FLOAT64,1,1,0,14038,False,6.103515625e-05,0.00011708703823387623
1,47,NUMPY_FLOAT64,2,2,0,18,False,6.103515625e-05,0.00010200205724686384
1,47,NUMPY_FLOAT64,3,2,1,11360,False,0.0005492270029208157,0.0003113689599558711
1,47,NUMPY_FLOAT64,4,2,0,11302,False,6.103515625e-05,9.339000098407269e-05
1,47,NUMPY_FLOAT64,5,3,2,16078,False,0.0015251339755106843,0.0003103000344708562
1,47,NUMPY_FLOAT64,6,3,2,15153,False,0.0015251339755106843,0.0003231159644201398
1,47,NUMPY_FLOAT64,7,3,1,11649,False,0.0005492270029208157,0.000203492003493011
1,47,NUMPY_FLOAT64,8,4,0,14602,False,6.103515625e-05,8.557701949030161e-05
1,47,NUMPY_FLOAT64,9,5,1,9146,False,0.0005492270029208157,0.00020131911151111126
1,47,NUMPY_FLOAT64,10,6,1,12557,False,0.0005492270029208157,0.00019788590725511312
1,47,NUMPY_FLOAT64,11,7,0,15188,False,6.103515625e-05,8.495000656694174e-05
1,47,NUMPY_FLOAT64,12,8,7,15069,False,0.01367043773236499,0.0008108830079436302
1,47,NUMPY_FLOAT64,13,9,6,1521,False,0.010279732566874802,0.0007584509439766407
1,47,NUMPY_FLOAT64,14,11,2,16352,False,0.0015251339755106843,0.00030909304041415453
1,47,NUMPY_FLOAT64,15,13,7,14618,False,0.01367043773236499,0.0008210580563172698
1,47,NUMPY_FLOAT64,16,16,13,9530,False,0.04383948622338856,0.0014197869459167123
1,47,NUMPY_FLOAT64,17,19,14,295,False,0.05045928870343037,0.0016119229840114713
1,47,NUMPY_FLOAT64,18,23,21,15773,False,0.10867415718891889,0.002361114020459354
1,47,NUMPY_FLOAT64,19,27,8,15385,False,0.017536045123506365,0.0008928719907999039
1,47,NUMPY_FLOAT64,20,32,0,8174,False,6.103515625e-05,9.789504110813141e-05
1,47,NUMPY_FLOAT64,21,39,37,12004,False,0.30579319654865766,0.0038207280449569225
1,47,NUMPY_FLOAT64,22,47,17,12381,False,0.0729245693708311,0.0018100689630955458
1,47,NUMPY_FLOAT64,23,56,43,0,True,0.39508186520117,0.004331946023739874
1,47,QISKIT_AER_STATEVECTOR,1,1,0,14038,False,6.103515625000003e-05,0.002424380974844098
1,47,QISKIT_AER_STATEVECTOR,2,2,0,18,False,6.103515625000003e-05,0.00224286294542253
1,47,QISKIT_AER_STATEVECTOR,3,2,1,11360,False,0.0005492270029208162,0.019143282086588442
1,47,QISKIT_AER_STATEVECTOR,4,2,0,11302,False,6.103515625000003e-05,0.002110398025251925
1,47,QISKIT_AER_STATEVECTOR,5,3,2,16078,False,0.0015251339755106847,0.02867399901151657
1,47,QISKIT_AER_STATEVECTOR,6,3,2,15153,False,0.0015251339755106847,0.030772640951909125
1,47,QISKIT_AER_STATEVECTOR,7,3,1,11649,False,0.0005492270029208162,0.01754624699242413
1,47,QISKIT_AER_STATEVECTOR,8,4,0,14602,False,6.103515625000003e-05,0.0020873009925708175
1,47,QISKIT_AER_STATEVECTOR,9,5,1,9146,False,0.0005492270029208162,0.017028780071996152
1,47,QISKIT_AER_STATEVECTOR,10,6,1,12557,False,0.0005492270029208162,0.01613892801105976
1,47,QISKIT_AER_STATEVECTOR,11,7,0,15188,False,6.103515625000003e-05,0.0017490970203652978
1,47,QISKIT_AER_STATEVECTOR,12,8,7,15069,False,0.013670437732364964,0.08159902202896774
1,47,QISKIT_AER_STATEVECTOR,13,9,6,1521,False,0.010279732566874785,0.055982138030231
1,47,QISKIT_AER_STATEVECTOR,14,11,2,16352,False,0.0015251339755106847,0.034269558964297175
1,47,QISKIT_AER_STATEVECTOR,15,13,7,14618,False,0.013670437732364964,0.07401757198385894
1,47,QISKIT_AER_STATEVECTOR,16,16,13,9530,False,0.04383948622338834,0.18293167103547603
1,47,QISKIT_AER_STATEVECTOR,17,19,14,295,False,0.050459288703430076,0.1354812269564718
1,47,QISKIT_AER_STATEVECTOR,18,23,21,15773,False,0.10867415718891786,0.3141351230442524
1,47,QISKIT_AER_STATEVECTOR,19,27,8,15385,False,0.017536045123506327,0.09711669303942472
1,47,QISKIT_AER_STATEVECTOR,20,32,0,8174,False,6.103515625000003e-05,0.0015732230385765433
1,47,QISKIT_AER_STATEVECTOR,21,39,37,12004,False,0.3057931965486534,0.43816539901308715
1,47,QISKIT_AER_STATEVECTOR,22,47,17,12381,False,0.07292456937083056,0.2146534729981795
1,47,QISKIT_AER_STATEVECTOR,23,56,43,0,True,0.3950818652011633,0.6069522280013189
1,48,NUMPY_FLOAT64,1,1,0,2598,False,6.103515625e-05,0.00011853198520839214
1,48,NUMPY_FLOAT64,2,2,0,9399,False,6.103515625e-05,0.00010376796126365662
1,48,NUMPY_FLOAT64,3,2,0,16004,False,6.103515625e-05,9.625998791307211e-05
1,48,NUMPY_FLOAT64,4,2,0,12742,False,6.103515625e-05,8.87010246515274e-05
1,48,NUMPY_FLOAT64,5,3,2,4608,False,0.0015251339755106843,0.0003740149550139904
1,48,NUMPY_FLOAT64,6,3,2,9043,False,0.0015251339755106843,0.0003027890343219042
1,48,NUMPY_FLOAT64,7,3,1,327,False,0.0005492270029208157,0.00020866305567324162
1,48,NUMPY_FLOAT64,8,4,2,8420,False,0.0015251339755106843,0.0003206429537385702
1,48,NUMPY_FLOAT64,9,5,0,1338,False,6.103515625e-05,8.7546999566257e-05
1,48,NUMPY_FLOAT64,10,6,1,14912,False,0.0005492270029208157,0.00019793002866208553
1,48,NUMPY_FLOAT64,11,7,5,5150,False,0.007367240660447194,0.0006590889533981681
1,48,NUMPY_FLOAT64,12,8,5,8866,False,0.007367240660447194,0.0006591860437765718
1,48,NUMPY_FLOAT64,13,9,4,10900,False,0.004935806069861494,0.000506643089465797
1,48,NUMPY_FLOAT64,14,11,8,13942,False,0.017536045123506365,0.0009123149793595076
1,48,NUMPY_FLOAT64,15,13,1,1661,False,0.0005492270029208157,0.00018901401199400425
1,48,NUMPY_FLOAT64,16,16,15,13170,False,0.057518068989633325,0.0017337669851258397
1,48,NUMPY_FLOAT64,17,19,15,14259,False,0.057518068989633325,0.001602258998900652
1,48,NUMPY_FLOAT64,18,23,12,14245,False,0.03766512580579634,0.0013626139843836427
1,48,NUMPY_FLOAT64,19,27,25,0,True,0.15053037798122515,0.0026213180972263217
1,48,QISKIT_AER_STATEVECTOR,1,1,0,2598,False,6.103515625000003e-05,0.0024873269721865654
1,48,QISKIT_AER_STATEVECTOR,2,2,0,9399,False,6.103515625000003e-05,0.0018828549655154347
1,48,QISKIT_AER_STATEVECTOR,3,2,0,16004,False,6.103515625000003e-05,0.002019797917455435
1,48,QISKIT_AER_STATEVECTOR,4,2,0,12742,False,6.103515625000003e-05,0.0020023079123347998
1,48,QISKIT_AER_STATEVECTOR,5,3,2,4608,False,0.0015251339755106847,0.021906955051235855
1,48,QISKIT_AER_STATEVECTOR,6,3,2,9043,False,0.0015251339755106847,0.019905288005247712
1,48,QISKIT_AER_STATEVECTOR,7,3,1,327,False,0.0005492270029208162,0.010568503057584167
1,48,QISKIT_AER_STATEVECTOR,8,4,2,8420,False,0.0015251339755106847,0.019981177058070898
1,48,QISKIT_AER_STATEVECTOR,9,5,0,1338,False,6.103515625000003e-05,0.0011796359904110432
1,48,QISKIT_AER_STATEVECTOR,10,6,1,14912,False,0.0005492270029208162,0.010951668955385685
1,48,QISKIT_AER_STATEVECTOR,11,7,5,5150,False,0.007367240660447187,0.08511810190975666
1,48,QISKIT_AER_STATEVECTOR,12,8,5,8866,False,0.007367240660447187,0.06151604210026562
1,48,QISKIT_AER_STATEVECTOR,13,9,4,10900,False,0.004935806069861492,0.04211184394080192
1,48,QISKIT_AER_STATEVECTOR,14,11,8,13942,False,0.017536045123506327,0.11678661790210754
1,48,QISKIT_AER_STATEVECTOR,15,13,1,1661,False,0.0005492270029208162,0.017913284013047814
1,48,QISKIT_AER_STATEVECTOR,16,16,15,13170,False,0.05751806898963299,0.20121933706104755
1,48,QISKIT_AER_STATEVECTOR,17,19,15,14259,False,0.05751806898963299,0.20338588999584317
1,48,QISKIT_AER_STATEVECTOR,18,23,12,14245,False,0.03766512580579618,0.1622927680145949
1,48,QISKIT_AER_STATEVECTOR,19,27,25,0,True,0.1505303779812236,0.39623023197054863
1,49,NUMPY_FLOAT64,1,1,0,10855,False,6.103515625e-05,0.00010587798897176981
1,49,NUMPY_FLOAT64,2,2,1,10169,False,0.0005492270029208157,0.0002615350531414151
1,49,NUMPY_FLOAT64,3,2,0,3771,False,6.103515625e-05,9.833404328674078e-05
1,49,NUMPY_FLOAT64,4,2,1,14554,False,0.0005492270029208157,0.00021440198179334402
1,49,NUMPY_FLOAT64,5,3,1,13473,False,0.0005492270029208157,0.00020689296070486307
1,49,NUMPY_FLOAT64,6,3,0,12677,False,6.103515625e-05,9.553006384521723e-05
1,49,NUMPY_FLOAT64,7,3,2,729,False,0.0015251339755106843,0.00031390797812491655
1,49,NUMPY_FLOAT64,8,4,3,13882,False,0.002987803098035274,0.00043038406874984503
1,49,NUMPY_FLOAT64,9,5,0,11516,False,6.103515625e-05,6.339710671454668e-05
1,49,NUMPY_FLOAT64,10,6,0,3165,False,6.103515625e-05,0.00010125699918717146
1,49,NUMPY_FLOAT64,11,7,0,189,False,6.103515625e-05,8.27079638838768e-05
1,49,NUMPY_FLOAT64,12,8,7,7316,False,0.01367043773236499,0.0008226140635088086
1,49,NUMPY_FLOAT64,13,9,1,5405,False,0.0005492270029208157,0.00019100203644484282
1,49,NUMPY_FLOAT64,14,11,10,14652,False,0.02667640741818577,0.0011897910153493285
1,49,NUMPY_FLOAT64,15,13,5,6956,False,0.007367240660447194,0.0006325539434328675
1,49,NUMPY_FLOAT64,16,16,3,9704,False,0.002987803098035274,0.0003731159958988428
1,49,NUMPY_FLOAT64,17,19,2,9526,False,0.0015251339755106843,0.00029327499214559793
1,49,NUMPY_FLOAT64,18,23,3,4956,False,0.002987803098035274,0.0003989110700786114
1,49,NUMPY_FLOAT64,19,27,17,8070,False,0.0729245693708311,0.0018224220257252455
1,49,NUMPY_FLOAT64,20,32,3,9820,False,0.002987803098035274,0.0003934520063921809
1,49,NUMPY_FLOAT64,21,39,8,6763,False,0.017536045123506365,0.0008448560256510973
1,49,NUMPY_FLOAT64,22,47,19,3362,False,0.08999882408905392,0.001380516099743545
1,49,NUMPY_FLOAT64,23,56,14,1520,False,0.05045928870343037,0.0013841110048815608
1,49,NUMPY_FLOAT64,24,67,19,2514,False,0.08999882408905392,0.0018671619473025203
1,49,NUMPY_FLOAT64,25,80,53,0,True,0.5504617817632831,0.004330397001467645
1,49,QISKIT_AER_STATEVECTOR,1,1,0,10855,False,6.103515625000003e-05,0.001685609924606979
1,49,QISKIT_AER_STATEVECTOR,2,2,1,10169,False,0.0005492270029208162,0.01998292899224907
1,49,QISKIT_AER_STATEVECTOR,3,2,0,3771,False,6.103515625000003e-05,0.0022967939730733633
1,49,QISKIT_AER_STATEVECTOR,4,2,1,14554,False,0.0005492270029208162,0.01857136096805334
1,49,QISKIT_AER_STATEVECTOR,5,3,1,13473,False,0.0005492270029208162,0.019860291038639843
1,49,QISKIT_AER_STATEVECTOR,6,3,0,12677,False,6.103515625000003e-05,0.002187974052503705
1,49,QISKIT_AER_STATEVECTOR,7,3,2,729,False,0.0015251339755106847,0.03520482697058469
1,49,QISKIT_AER_STATEVECTOR,8,4,3,13882,False,0.0029878030980352737,0.04850033193361014
1,49,QISKIT_AER_STATEVECTOR,9,5,0,11516,False,6.103515625000003e-05,0.0013224100694060326
1,49,QISKIT_AER_STATEVECTOR,10,6,0,3165,False,6.103515625000003e-05,0.0012397709069773555
1,49,QISKIT_AER_STATEVECTOR,11,7,0,189,False,6.103515625000003e-05,0.0022771129151806235
1,49,QISKIT_AER_STATEVECTOR,12,8,7,7316,False,0.013670437732364964,0.07793972198851407
1,49,QISKIT_AER_STATEVECTOR,13,9,1,5405,False,0.0005492270029208162,0.014870653976686299
1,49,QISKIT_AER_STATEVECTOR,14,11,10,14652,False,0.026676407418185676,0.15659014706034213
1,49,QISKIT_AER_STATEVECTOR,15,13,5,6956,False,0.007367240660447187,0.05084201006684452
1,49,QISKIT_AER_STATEVECTOR,16,16,3,9704,False,0.0029878030980352737,0.042903631925582886
1,49,QISKIT_AER_STATEVECTOR,17,19,2,9526,False,0.0015251339755106847,0.020053255022503436
1,49,QISKIT_AER_STATEVECTOR,18,23,3,4956,False,0.0029878030980352737,0.036276370054110885
1,49,QISKIT_AER_STATEVECTOR,19,27,17,8070,False,0.07292456937083056,0.2791285910643637
1,49,QISKIT_AER_STATEVECTOR,20,32,3,9820,False,0.0029878030980352737,0.029435900039970875
1,49,QISKIT_AER_STATEVECTOR,21,39,8,6763,False,0.017536045123506327,0.09609911497682333
1,49,QISKIT_AER_STATEVECTOR,22,47,19,3362,False,0.08999882408905313,0.23540099803358316
1,49,QISKIT_AER_STATEVECTOR,23,56,14,1520,False,0.050459288703430076,0.19244667189195752
1,49,QISKIT_AER_STATEVECTOR,24,67,19,2514,False,0.08999882408905313,0.28296137996949255
1,49,QISKIT_AER_STATEVECTOR,25,80,53,0,True,0.550461781763271,0.6947765540098771
1,50,NUMPY_FLOAT64,1,1,0,4457,False,6.103515625e-05,6.062805186957121e-05
1,50,NUMPY_FLOAT64,2,2,1,11663,False,0.0005492270029208157,0.00015084201004356146
1,50,NUMPY_FLOAT64,3,2,1,2480,False,0.0005492270029208157,0.00010228704195469618
1,50,NUMPY_FLOAT64,4,2,1,767,False,0.0005492270029208157,0.00020093296188861132
1,50,NUMPY_FLOAT64,5,3,1,12019,False,0.0005492270029208157,0.00017484696581959724
1,50,NUMPY_FLOAT64,6,3,0,11935,False,6.103515625e-05,4.278693813830614e-05
1,50,NUMPY_FLOAT64,7,3,0,10769,False,6.103515625e-05,5.029002204537392e-05
1,50,NUMPY_FLOAT64,8,4,1,5298,False,0.0005492270029208157,9.781995322555304e-05
1,50,NUMPY_FLOAT64,9,5,2,7915,False,0.0015251339755106843,0.00015106797218322754
1,50,NUMPY_FLOAT64,10,6,2,15921,False,0.0015251339755106843,0.00014797598123550415
1,50,NUMPY_FLOAT64,11,7,3,7481,False,0.002987803098035274,0.0002721379278227687
1,50,NUMPY_FLOAT64,12,8,4,2776,False,0.004935806069861494,0.0002694609574973583
1,50,NUMPY_FLOAT64,13,9,2,11396,False,0.0015251339755106843,0.00030008808244019747
1,50,NUMPY_FLOAT64,14,11,6,14214,False,0.010279732566874802,0.0005602550227195024
1,50,NUMPY_FLOAT64,15,13,9,11597,False,0.02187277996348917,0.0005101100541651249
1,50,NUMPY_FLOAT64,16,16,2,10073,False,0.0015251339755106843,0.000291032949462533
1,50,NUMPY_FLOAT64,17,19,6,15282,False,0.010279732566874802,0.0007127448916435242
1,50,NUMPY_FLOAT64,18,23,12,6310,False,0.03766512580579634,0.0011187499621883035
1,50,NUMPY_FLOAT64,19,27,4,5309,False,0.004935806069861494,0.0002463829005137086
1,50,NUMPY_FLOAT64,20,32,25,14641,False,0.15053037798122515,0.0018617400201037526
1,50,NUMPY_FLOAT64,21,39,6,10360,False,0.010279732566874802,0.0007129459409043193
1,50,NUMPY_FLOAT64,22,47,32,3592,False,0.23645993843574034,0.0018541959580034018
1,50,NUMPY_FLOAT64,23,56,43,0,True,0.39508186520117,0.0023645299952477217
1,50,QISKIT_AER_STATEVECTOR,1,1,0,4457,False,6.103515625000003e-05,0.0014497049851343036
1,50,QISKIT_AER_STATEVECTOR,2,2,1,11663,False,0.0005492270029208162,0.014632715028710663
1,50,QISKIT_AER_STATEVECTOR,3,2,1,2480,False,0.0005492270029208162,0.01134030893445015
1,50,QISKIT_AER_STATEVECTOR,4,2,1,767,False,0.0005492270029208162,0.01029849296901375
1,50,QISKIT_AER_STATEVECTOR,5,3,1,12019,False,0.0005492270029208162,0.010264857090078294
1,50,QISKIT_AER_STATEVECTOR,6,3,0,11935,False,6.103515625000003e-05,0.0012176629388704896
1,50,QISKIT_AER_STATEVECTOR,7,3,0,10769,False,6.103515625000003e-05,0.0011581600410863757
1,50,QISKIT_AER_STATEVECTOR,8,4,1,5298,False,0.0005492270029208162,0.011291820090264082
1,50,QISKIT_AER_STATEVECTOR,9,5,2,7915,False,0.0015251339755106847,0.020537119009532034
1,50,QISKIT_AER_STATEVECTOR,10,6,2,15921,False,0.0015251339755106847,0.021867483970709145
1,50,QISKIT_AER_STATEVECTOR,11,7,3,7481,False,0.0029878030980352737,0.030199994915165007
1,50,QISKIT_AER_STATEVECTOR,12,8,4,2776,False,0.004935806069861492,0.038195561966858804
1,50,QISKIT_AER_STATEVECTOR,13,9,2,11396,False,0.0015251339755106847,0.020099914981983602
1,50,QISKIT_AER_STATEVECTOR,14,11,6,14214,False,0.010279732566874785,0.056756350910291076
1,50,QISKIT_AER_STATEVECTOR,15,13,9,11597,False,0.02187277996348911,0.0849711709888652
1,50,QISKIT_AER_STATEVECTOR,16,16,2,10073,False,0.0015251339755106847,0.01950336992740631
1,50,QISKIT_AER_STATEVECTOR,17,19,6,15282,False,0.010279732566874785,0.06588338396977633
1,50,QISKIT_AER_STATEVECTOR,18,23,12,6310,False,0.03766512580579618,0.13425972999539226
1,50,QISKIT_AER_STATEVECTOR,19,27,4,5309,False,0.004935806069861492,0.0582882110029459
1,50,QISKIT_AER_STATEVECTOR,20,32,25,14641,False,0.1505303779812236,0.32246700406540185
1,50,QISKIT_AER_STATEVECTOR,21,39,6,10360,False,0.010279732566874785,0.07677158899605274
1,50,QISKIT_AER_STATEVECTOR,22,47,32,3592,False,0.23645993843573754,0.4817839930765331
1,50,QISKIT_AER_STATEVECTOR,23,56,43,0,True,0.3950818652011633,0.646099130040966
4,1,NUMPY_FLOAT64,1,1,0,11645,False,0.000244140625,7.790804374963045e-05
4,1,NUMPY_FLOAT64,2,2,1,9840,False,0.0021958353463560343,0.00014910998288542032
4,1,NUMPY_FLOAT64,3,2,0,2562,False,0.000244140625,4.479801282286644e-05
4,1,NUMPY_FLOAT64,4,2,1,4844,False,0.0021958353463560343,0.00010204699356108904
4,1,NUMPY_FLOAT64,5,3,2,4351,False,0.006091602842843935,0.00015933893155306578
4,1,NUMPY_FLOAT64,6,3,2,16374,False,0.006091602842843935,0.00014753593131899834
4,1,NUMPY_FLOAT64,7,3,0,9244,False,0.000244140625,4.162697587162256e-05
4,1,NUMPY_FLOAT64,8,4,2,4976,False,0.006091602842843935,0.0001544170081615448
4,1,NUMPY_FLOAT64,9,5,2,2,True,0.006091602842843935,0.00014447199646383524
4,1,QISKIT_AER_STATEVECTOR,1,1,0,11645,False,0.0002441406250000001,0.0022866170620545745
4,1,QISKIT_AER_STATEVECTOR,2,2,1,9840,False,0.002195835346356035,0.01403559697791934
4,1,QISKIT_AER_STATEVECTOR,3,2,0,2562,False,0.0002441406250000001,0.0012457359116524458
4,1,QISKIT_AER_STATEVECTOR,4,2,1,4844,False,0.002195835346356035,0.014236781047657132
4,1,QISKIT_AER_STATEVECTOR,5,3,2,4351,False,0.006091602842843934,0.033616130938753486
4,1,QISKIT_AER_STATEVECTOR,6,3,2,16374,False,0.006091602842843934,0.03598314092960209
4,1,QISKIT_AER_STATEVECTOR,7,3,0,9244,False,0.0002441406250000001,0.002155106980353594
4,1,QISKIT_AER_STATEVECTOR,8,4,2,4976,False,0.006091602842843934,0.03776525193825364
4,1,QISKIT_AER_STATEVECTOR,9,5,2,2,True,0.006091602842843934,0.035775498021394014
4,2,NUMPY_FLOAT64,1,1,0,13090,False,0.000244140625,0.00011296302545815706
4,2,NUMPY_FLOAT64,2,2,1,129,False,0.0021958353463560343,0.0002902810228988528
4,2,NUMPY_FLOAT64,3,2,1,6475,False,0.0021958353463560343,0.00015663006342947483
4,2,NUMPY_FLOAT64,4,2,1,6557,False,0.0021958353463560343,0.00018138298764824867
4,2,NUMPY_FLOAT64,5,3,2,3468,False,0.006091602842843935,0.00028375000692903996
4,2,NUMPY_FLOAT64,6,3,2,10018,False,0.006091602842843935,0.0002803599927574396
4,2,NUMPY_FLOAT64,7,3,1,8268,False,0.0021958353463560343,0.00018985907081514597
4,2,NUMPY_FLOAT64,8,4,2,5000,False,0.006091602842843935,0.00031282007694244385
4,2,NUMPY_FLOAT64,9,5,3,7994,False,0.01191622898797395,0.0003570900298655033
4,2,NUMPY_FLOAT64,10,6,2,4806,False,0.006091602842843935,0.00026636896654963493
4,2,NUMPY_FLOAT64,11,7,1,6613,False,0.0021958353463560343,0.00016948406118899584
4,2,NUMPY_FLOAT64,12,8,3,5797,False,0.01191622898797395,0.00028962106443941593
4,2,NUMPY_FLOAT64,13,9,6,8987,False,0.04069868865227794,0.0006548410747200251
4,2,NUMPY_FLOAT64,14,11,9,13631,False,0.0855825154242248,0.000893027987331152
4,2,NUMPY_FLOAT64,15,13,6,12681,False,0.04069868865227794,0.00043602101504802704
4,2,NUMPY_FLOAT64,16,16,1,9980,False,0.0021958353463560343,0.00010660593397915363
4,2,NUMPY_FLOAT64,17,19,13,3630,False,0.16767996333129248,0.0007106449920684099
4,2,NUMPY_FLOAT64,18,23,19,8620,False,0.3276136017022503,0.0015313879121094942
4,2,NUMPY_FLOAT64,19,27,15,0,True,0.2168511477630975,0.0014144970336928964
4,2,QISKIT_AER_STATEVECTOR,1,1,0,13090,False,0.0002441406250000001,0.0023394280578941107
4,2,QISKIT_AER_STATEVECTOR,2,2,1,129,False,0.002195835346356035,0.02005399309564382
4,2,QISKIT_AER_STATEVECTOR,3,2,1,6475,False,0.002195835346356035,0.0187780229607597
4,2,QISKIT_AER_STATEVECTOR,4,2,1,6557,False,0.002195835346356035,0.014525699079968035
4,2,QISKIT_AER_STATEVECTOR,5,3,2,3468,False,0.006091602842843934,0.02191115205641836
4,2,QISKIT_AER_STATEVECTOR,6,3,2,10018,False,0.006091602842843934,0.0203917499165982
4,2,QISKIT_AER_STATEVECTOR,7,3,1,8268,False,0.002195835346356035,0.01033358194399625
4,2,QISKIT_AER_STATEVECTOR,8,4,2,5000,False,0.006091602842843934,0.019271575030870736
4,2,QISKIT_AER_STATEVECTOR,9,5,3,7994,False,0.011916228987973945,0.039119421038776636
4,2,QISKIT_AER_STATEVECTOR,10,6,2,4806,False,0.006091602842843934,0.021645280998200178
4,2,QISKIT_AER_STATEVECTOR,11,7,1,6613,False,0.002195835346356035,0.019911985960789025
4,2,QISKIT_AER_STATEVECTOR,12,8,3,5797,False,0.011916228987973945,0.05497738695703447
4,2,QISKIT_AER_STATEVECTOR,13,9,6,8987,False,0.04069868865227787,0.05815246899146587
4,2,QISKIT_AER_STATEVECTOR,14,11,9,13631,False,0.08558251542422442,0.13647831208072603
4,2,QISKIT_AER_STATEVECTOR,15,13,6,12681,False,0.04069868865227787,0.058173252968117595
4,2,QISKIT_AER_STATEVECTOR,16,16,1,9980,False,0.002195835346356035,0.010495797032490373
4,2,QISKIT_AER_STATEVECTOR,17,19,13,3630,False,0.167679963331291,0.1568055059760809
4,2,QISKIT_AER_STATEVECTOR,18,23,19,8620,False,0.327613601702246,0.27841317595448345
4,2,QISKIT_AER_STATEVECTOR,19,27,15,0,True,0.21685114776309528,0.22689213801641017
4,3,NUMPY_FLOAT64,1,1,0,12967,False,0.000244140625,7.861503399908543e-05
4,3,NUMPY_FLOAT64,2,2,0,4269,False,0.000244140625,7.850199472159147e-05
4,3,NUMPY_FLOAT64,3,2,1,10424,False,0.0021958353463560343,0.00024389999452978373
4,3,NUMPY_FLOAT64,4,2,0,264,False,0.000244140625,5.9542013332247734e-05
4,3,NUMPY_FLOAT64,5,3,0,16295,False,0.000244140625,6.797502283006907e-05
4,3,NUMPY_FLOAT64,6,3,0,6395,False,0.000244140625,9.92720015347004e-05
4,3,NUMPY_FLOAT64,7,3,1,576,False,0.0021958353463560343,0.00014628900680691004
4,3,NUMPY_FLOAT64,8,4,0,3781,False,0.000244140625,5.350599531084299e-05
4,3,NUMPY_FLOAT64,9,5,4,7436,False,0.019646966890663024,0.00032188103068619967
4,3,NUMPY_FLOAT64,10,6,2,6,False,0.006091602842843935,0.00018199195619672537
4,3,NUMPY_FLOAT64,11,7,4,8332,False,0.019646966890663024,0.0005516090895980597
4,3,NUMPY_FLOAT64,12,8,6,3,True,0.04069868865227794,0.0007246360182762146
4,3,QISKIT_AER_STATEVECTOR,1,1,0,12967,False,0.0002441406250000001,0.0019495210144668818
4,3,QISKIT_AER_STATEVECTOR,2,2,0,4269,False,0.0002441406250000001,0.001999463071115315
4,3,QISKIT_AER_STATEVECTOR,3,2,1,10424,False,0.002195835346356035,0.014041421003639698
4,3,QISKIT_AER_STATEVECTOR,4,2,0,264,False,0.0002441406250000001,0.0023265769705176353
4,3,QISKIT_AER_STATEVECTOR,5,3,0,16295,False,0.0002441406250000001,0.0016300500137731433
4,3,QISKIT_AER_STATEVECTOR,6,3,0,6395,False,0.0002441406250000001,0.0019241860136389732
4,3,QISKIT_AER_STATEVECTOR,7,3,1,576,False,0.002195835346356035,0.01702204195316881
4,3,QISKIT_AER_STATEVECTOR,8,4,0,3781,False,0.0002441406250000001,0.0015157820889726281
4,3,QISKIT_AER_STATEVECTOR,9,5,4,7436,False,0.019646966890663004,0.07280749001074582
4,3,QISKIT_AER_STATEVECTOR,10,6,2,6,False,0.006091602842843934,0.03775346698239446
4,3,QISKIT_AER_STATEVECTOR,11,7,4,8332,False,0.019646966890663004,0.06288960704114288
4,3,QISKIT_AER_STATEVECTOR,12,8,6,3,True,0.04069868865227787,0.05605188803747296
4,4,NUMPY_FLOAT64,1,1,0,15163,False,0.000244140625,7.019203621894121e-05
4,4,NUMPY_FLOAT64,2,2,0,5292,False,0.000244140625,5.47940144315362e-05
4,4,NUMPY_FLOAT64,3,2,0,15037,False,0.000244140625,4.738708958029747e-05
4,4,NUMPY_FLOAT64,4,2,1,9786,False,0.0021958353463560343,0.0001829719403758645
4,4,NUMPY_FLOAT64,5,3,2,527,False,0.006091602842843935,0.00015787803567945957
4,4,NUMPY_FLOAT64,6,3,2,2179,False,0.006091602842843935,0.00015272502787411213
4,4,NUMPY_FLOAT64,7,3,2,10368,False,0.006091602842843935,0.00014894502237439156
4,4,NUMPY_FLOAT64,8,4,3,10388,False,0.01191622898797395,0.00020038895308971405
4,4,NUMPY_FLOAT64,9,5,4,12351,False,0.019646966890663024,0.00025167001876980066
4,4,NUMPY_FLOAT64,10,6,5,373,False,0.029253625728584965,0.0003041729796677828
4,4,NUMPY_FLOAT64,11,7,3,592,False,0.01191622898797395,0.00020090502221137285
4,4,NUMPY_FLOAT64,12,8,6,536,False,0.04069868865227794,0.0003477480495348573
4,4,NUMPY_FLOAT64,13,9,2,10677,False,0.006091602842843935,0.0001466259127482772
4,4,NUMPY_FLOAT64,14,11,5,4945,False,0.029253625728584965,0.0003090599784627557
4,4,NUMPY_FLOAT64,15,13,1,10615,False,0.0021958353463560343,9.210791904479265e-05
4,4,NUMPY_FLOAT64,16,16,9,7546,False,0.0855825154242248,0.0005880680400878191
4,4,NUMPY_FLOAT64,17,19,5,4877,False,0.029253625728584965,0.00029070000164210796
4,4,NUMPY_FLOAT64,18,23,5,15739,False,0.029253625728584965,0.0003860229626297951
4,4,NUMPY_FLOAT64,19,27,19,12840,False,0.3276136017022503,0.001056706067174673
4,4,NUMPY_FLOAT64,20,32,22,7041,False,0.4181258257569521,0.0011359520722180605
4,4,NUMPY_FLOAT64,21,39,14,0,True,0.19166348281337348,0.001036101020872593
4,4,QISKIT_AER_STATEVECTOR,1,1,0,15163,False,0.0002441406250000001,0.0013622739352285862
4,4,QISKIT_AER_STATEVECTOR,2,2,0,5292,False,0.0002441406250000001,0.0012417050311341882
4,4,QISKIT_AER_STATEVECTOR,3,2,0,15037,False,0.0002441406250000001,0.001243207952938974
4,4,QISKIT_AER_STATEVECTOR,4,2,1,9786,False,0.002195835346356035,0.01131143094971776
4,4,QISKIT_AER_STATEVECTOR,5,3,2,527,False,0.006091602842843934,0.037787709035910666
4,4,QISKIT_AER_STATEVECTOR,6,3,2,2179,False,0.006091602842843934,0.036110976012423635
4,4,QISKIT_AER_STATEVECTOR,7,3,2,10368,False,0.006091602842843934,0.037105042953044176
4,4,QISKIT_AER_STATEVECTOR,8,4,3,10388,False,0.011916228987973945,0.052278199000284076
4,4,QISKIT_AER_STATEVECTOR,9,5,4,12351,False,0.019646966890663004,0.06860075797885656
4,4,QISKIT_AER_STATEVECTOR,10,6,5,373,False,0.02925362572858493,0.06231775495689362
4,4,QISKIT_AER_STATEVECTOR,11,7,3,592,False,0.011916228987973945,0.033899459056556225
4,4,QISKIT_AER_STATEVECTOR,12,8,6,536,False,0.04069868865227787,0.07014841097407043
4,4,QISKIT_AER_STATEVECTOR,13,9,2,10677,False,0.006091602842843934,0.026013709022663534
4,4,QISKIT_AER_STATEVECTOR,14,11,5,4945,False,0.02925362572858493,0.06514472304843366
4,4,QISKIT_AER_STATEVECTOR,15,13,1,10615,False,0.002195835346356035,0.018544705002568662
4,4,QISKIT_AER_STATEVECTOR,16,16,9,7546,False,0.08558251542422442,0.11735109600704163
4,4,QISKIT_AER_STATEVECTOR,17,19,5,4877,False,0.02925362572858493,0.06513237301260233
4,4,QISKIT_AER_STATEVECTOR,18,23,5,15739,False,0.02925362572858493,0.05396129807922989
4,4,QISKIT_AER_STATEVECTOR,19,27,19,12840,False,0.327613601702246,0.22902292700018734
4,4,QISKIT_AER_STATEVECTOR,20,32,22,7041,False,0.41812582575694557,0.2711142230546102
4,4,QISKIT_AER_STATEVECTOR,21,39,14,0,True,0.19166348281337164,0.15498436498455703
4,5,NUMPY_FLOAT64,1,1,0,9458,False,0.000244140625,0.00011276791337877512
4,5,NUMPY_FLOAT64,2,2,1,7964,False,0.0021958353463560343,0.0002490000333636999
4,5,NUMPY_FLOAT64,3,2,0,2933,False,0.000244140625,8.80219740793109e-05
4,5,NUMPY_FLOAT64,4,2,0,8773,False,0.000244140625,9.36869764700532e-05
4,5,NUMPY_FLOAT64,5,3,0,3903,False,0.000244140625,8.295092266052961e-05
4,5,NUMPY_FLOAT64,6,3,1,4879,False,0.0021958353463560343,0.000219144974835217
4,5,NUMPY_FLOAT64,7,3,1,11216,False,0.0021958353463560343,0.00020472891628742218
4,5,NUMPY_FLOAT64,8,4,0,8578,False,0.000244140625,8.17510299384594e-05
4,5,NUMPY_FLOAT64,9,5,3,15667,False,0.01191622898797395,0.0004548850702121854
4,5,NUMPY_FLOAT64,10,6,4,13962,False,0.019646966890663024,0.0005172170931473374
4,5,NUMPY_FLOAT64,11,7,2,4860,False,0.006091602842843935,0.0002992220688611269
4,5,NUMPY_FLOAT64,12,8,6,591,False,0.04069868865227794,0.0007095569744706154
4,5,NUMPY_FLOAT64,13,9,2,9604,False,0.006091602842843935,0.00030366505961865187
4,5,NUMPY_FLOAT64,14,11,9,10353,False,0.0855825154242248,0.0009918810101225972
4,5,NUMPY_FLOAT64,15,13,10,3,True,0.10386521758020019,0.001134773949161172
4,5,QISKIT_AER_STATEVECTOR,1,1,0,9458,False,0.0002441406250000001,0.0024679380003362894
4,5,QISKIT_AER_STATEVECTOR,2,2,1,7964,False,0.002195835346356035,0.02005227899644524
4,5,QISKIT_AER_STATEVECTOR,3,2,0,2933,False,0.0002441406250000001,0.0023530080216005445
4,5,QISKIT_AER_STATEVECTOR,4,2,0,8773,False,0.0002441406250000001,0.0021150930551812053
4,5,QISKIT_AER_STATEVECTOR,5,3,0,3903,False,0.0002441406250000001,0.0023209439823403955
4,5,QISKIT_AER_STATEVECTOR,6,3,1,4879,False,0.002195835346356035,0.020024883095175028
4,5,QISKIT_AER_STATEVECTOR,7,3,1,11216,False,0.002195835346356035,0.020226040040142834
4,5,QISKIT_AER_STATEVECTOR,8,4,0,8578,False,0.0002441406250000001,0.0018885600147768855
4,5,QISKIT_AER_STATEVECTOR,9,5,3,15667,False,0.011916228987973945,0.053668495966121554
4,5,QISKIT_AER_STATEVECTOR,10,6,4,13962,False,0.019646966890663004,0.07347296189982444
4,5,QISKIT_AER_STATEVECTOR,11,7,2,4860,False,0.006091602842843934,0.03581470204517245
4,5,QISKIT_AER_STATEVECTOR,12,8,6,591,False,0.04069868865227787,0.09848581999540329
4,5,QISKIT_AER_STATEVECTOR,13,9,2,9604,False,0.006091602842843934,0.03320647100917995
4,5,QISKIT_AER_STATEVECTOR,14,11,9,10353,False,0.08558251542422442,0.13104091794230044
4,5,QISKIT_AER_STATEVECTOR,15,13,10,3,True,0.10386521758019962,0.14625114004593343
4,6,NUMPY_FLOAT64,1,1,0,8190,False,0.000244140625,7.88980396464467e-05
4,6,NUMPY_FLOAT64,2,2,1,5875,False,0.0021958353463560343,0.00018177099991589785
4,6,NUMPY_FLOAT64,3,2,1,8105,False,0.0021958353463560343,0.0001437950413674116
4,6,NUMPY_FLOAT64,4,2,0,4527,False,0.000244140625,5.279399920254946e-05
4,6,NUMPY_FLOAT64,5,3,0,14909,False,0.000244140625,5.299493204802275e-05
4,6,NUMPY_FLOAT64,6,3,1,8367,False,0.0021958353463560343,0.0001279929419979453
4,6,NUMPY_FLOAT64,7,3,2,3164,False,0.006091602842843935,0.00018694193568080664
4,6,NUMPY_FLOAT64,8,4,1,1560,False,0.0021958353463560343,9.827292524278164e-05
4,6,NUMPY_FLOAT64,9,5,0,12174,False,0.000244140625,6.179092451930046e-05
4,6,NUMPY_FLOAT64,10,6,5,2299,False,0.029253625728584965,0.00040485896170139313
4,6,NUMPY_FLOAT64,11,7,1,3028,False,0.0021958353463560343,0.00011666188947856426
4,6,NUMPY_FLOAT64,12,8,5,768,False,0.029253625728584965,0.00037958601024001837
4,6,NUMPY_FLOAT64,13,9,5,12213,False,0.029253625728584965,0.00042853690683841705
4,6,NUMPY_FLOAT64,14,11,8,5913,False,0.06891823634806225,0.0006556339794769883
4,6,NUMPY_FLOAT64,15,13,12,11252,False,0.14499425206736485,0.0010056759929284453
4,6,NUMPY_FLOAT64,16,16,4,5167,False,0.019646966890663024,0.00036874902434647083
4,6,NUMPY_FLOAT64,17,19,8,9903,False,0.06891823634806225,0.0005206610076129436
4,6,NUMPY_FLOAT64,18,23,3,13056,False,0.01191622898797395,0.0003862789599224925
4,6,NUMPY_FLOAT64,19,27,18,6345,False,0.2986341714783573,0.0011134339729323983
4,6,NUMPY_FLOAT64,20,32,17,2987,False,0.270441134484708,0.0010800410527735949
4,6,NUMPY_FLOAT64,21,39,2,1321,False,0.006091602842843935,0.00015382107812911272
4,6,NUMPY_FLOAT64,22,47,30,0,True,0.6646354194132928,0.0018323450349271297
4,6,QISKIT_AER_STATEVECTOR,1,1,0,8190,False,0.0002441406250000001,0.0018195160664618015
4,6,QISKIT_AER_STATEVECTOR,2,2,1,5875,False,0.002195835346356035,0.013573931995779276
4,6,QISKIT_AER_STATEVECTOR,3,2,1,8105,False,0.002195835346356035,0.010371614946052432
4,6,QISKIT_AER_STATEVECTOR,4,2,0,4527,False,0.0002441406250000001,0.001191269955597818
4,6,QISKIT_AER_STATEVECTOR,5,3,0,14909,False,0.0002441406250000001,0.001211120979860425
4,6,QISKIT_AER_STATEVECTOR,6,3,1,8367,False,0.002195835346356035,0.018608534010127187
4,6,QISKIT_AER_STATEVECTOR,7,3,2,3164,False,0.006091602842843934,0.037461900035850704
4,6,QISKIT_AER_STATEVECTOR,8,4,1,1560,False,0.002195835346356035,0.019759836955927312
4,6,QISKIT_AER_STATEVECTOR,9,5,0,12174,False,0.0002441406250000001,0.002371635055169463
4,6,QISKIT_AER_STATEVECTOR,10,6,5,2299,False,0.02925362572858493,0.08914188097696751
4,6,QISKIT_AER_STATEVECTOR,11,7,1,3028,False,0.002195835346356035,0.02007126295939088
4,6,QISKIT_AER_STATEVECTOR,12,8,5,768,False,0.02925362572858493,0.07582016894593835
4,6,QISKIT_AER_STATEVECTOR,13,9,5,12213,False,0.02925362572858493,0.07142219797242433
4,6,QISKIT_AER_STATEVECTOR,14,11,8,5913,False,0.06891823634806199,0.09839696309063584
4,6,QISKIT_AER_STATEVECTOR,15,13,12,11252,False,0.14499425206736377,0.18053921591490507
4,6,QISKIT_AER_STATEVECTOR,16,16,4,5167,False,0.019646966890663004,0.03967833600472659
4,6,QISKIT_AER_STATEVECTOR,17,19,8,9903,False,0.06891823634806199,0.11589236499276012
4,6,QISKIT_AER_STATEVECTOR,18,23,3,13056,False,0.011916228987973945,0.029172969982028008
4,6,QISKIT_AER_STATEVECTOR,19,27,18,6345,False,0.29863417147835347,0.19556368398480117
4,6,QISKIT_AER_STATEVECTOR,20,32,17,2987,False,0.2704411344847048,0.24976398900616914
4,6,QISKIT_AER_STATEVECTOR,21,39,2,1321,False,0.006091602842843934,0.03151815105229616
4,6,QISKIT_AER_STATEVECTOR,22,47,30,0,True,0.6646354194132784,0.40382619900628924
4,7,NUMPY_FLOAT64,1,1,0,14767,False,0.000244140625,6.329792086035013e-05
4,7,NUMPY_FLOAT64,2,2,0,10734,False,0.000244140625,5.538994446396828e-05
4,7,NUMPY_FLOAT64,3,2,1,4919,False,0.0021958353463560343,0.00012970005627721548
4,7,NUMPY_FLOAT64,4,2,1,873,False,0.0021958353463560343,0.00010070390999317169
4,7,NUMPY_FLOAT64,5,3,2,15389,False,0.006091602842843935,0.00020476104691624641
4,7,NUMPY_FLOAT64,6,3,2,15315,False,0.006091602842843935,0.0001629450125619769
4,7,NUMPY_FLOAT64,7,3,2,7330,False,0.006091602842843935,0.0001517999917268753
4,7,NUMPY_FLOAT64,8,4,0,10352,False,0.000244140625,5.2412040531635284e-05
4,7,NUMPY_FLOAT64,9,5,2,812,False,0.006091602842843935,0.00015865603927522898
4,7,NUMPY_FLOAT64,10,6,4,4469,False,0.019646966890663024,0.00026968400925397873
4,7,NUMPY_FLOAT64,11,7,2,6906,False,0.006091602842843935,0.00030066294129937887
4,7,NUMPY_FLOAT64,12,8,3,128,False,0.01191622898797395,0.00021769502200186253
4,7,NUMPY_FLOAT64,13,9,1,1328,False,0.0021958353463560343,9.888398926705122e-05
4,7,NUMPY_FLOAT64,14,11,10,10502,False,0.10386521758020019,0.0006197099573910236
4,7,NUMPY_FLOAT64,15,13,3,7478,False,0.01191622898797395,0.0002024819841608405
4,7,NUMPY_FLOAT64,16,16,6,11595,False,0.04069868865227794,0.00038526603020727634
4,7,NUMPY_FLOAT64,17,19,16,11597,False,0.24314459288508386,0.0009953720727935433
4,7,NUMPY_FLOAT64,18,23,18,3491,False,0.2986341714783573,0.0011673220433294773
4,7,NUMPY_FLOAT64,19,27,25,15731,False,0.5115082487498068,0.0018098950386047363
4,7,NUMPY_FLOAT64,20,32,10,12503,False,0.10386521758020019,0.0006054179975762963
4,7,NUMPY_FLOAT64,21,39,37,0,True,0.8491604728408314,0.0021909659262746572
4,7,QISKIT_AER_STATEVECTOR,1,1,0,14767,False,0.0002441406250000001,0.0015523090260103345
4,7,QISKIT_AER_STATEVECTOR,2,2,0,10734,False,0.0002441406250000001,0.0013727339683100581
4,7,QISKIT_AER_STATEVECTOR,3,2,1,4919,False,0.002195835346356035,0.012052803998813033
4,7,QISKIT_AER_STATEVECTOR,4,2,1,873,False,0.002195835346356035,0.012099634041078389
4,7,QISKIT_AER_STATEVECTOR,5,3,2,15389,False,0.006091602842843934,0.022548489039763808
4,7,QISKIT_AER_STATEVECTOR,6,3,2,15315,False,0.006091602842843934,0.026030363980680704
4,7,QISKIT_AER_STATEVECTOR,7,3,2,7330,False,0.006091602842843934,0.026607997016981244
4,7,QISKIT_AER_STATEVECTOR,8,4,0,10352,False,0.0002441406250000001,0.0020402519730851054
4,7,QISKIT_AER_STATEVECTOR,9,5,2,812,False,0.006091602842843934,0.030875088996253908
4,7,QISKIT_AER_STATEVECTOR,10,6,4,4469,False,0.019646966890663004,0.04509966797195375
4,7,QISKIT_AER_STATEVECTOR,11,7,2,6906,False,0.006091602842843934,0.020652803941629827
4,7,QISKIT_AER_STATEVECTOR,12,8,3,128,False,0.011916228987973945,0.035834686015732586
4,7,QISKIT_AER_STATEVECTOR,13,9,1,1328,False,0.002195835346356035,0.018538139993324876
4,7,QISKIT_AER_STATEVECTOR,14,11,10,10502,False,0.10386521758019962,0.12511152599472553
4,7,QISKIT_AER_STATEVECTOR,15,13,3,7478,False,0.011916228987973945,0.055792807950638235
4,7,QISKIT_AER_STATEVECTOR,16,16,6,11595,False,0.04069868865227787,0.10434078797698021
4,7,QISKIT_AER_STATEVECTOR,17,19,16,11597,False,0.24314459288508106,0.24428077891934663
4,7,QISKIT_AER_STATEVECTOR,18,23,18,3491,False,0.29863417147835347,0.2624178850091994
4,7,QISKIT_AER_STATEVECTOR,19,27,25,15731,False,0.5115082487497975,0.3175240959972143
4,7,QISKIT_AER_STATEVECTOR,20,32,10,12503,False,0.10386521758019962,0.12556254991795868
4,7,QISKIT_AER_STATEVECTOR,21,39,37,0,True,0.8491604728408091,0.5268127650488168
4,8,NUMPY_FLOAT64,1,1,0,15997,False,0.000244140625,6.128696259111166e-05
4,8,NUMPY_FLOAT64,2,2,0,225,False,0.000244140625,6.033596582710743e-05
4,8,NUMPY_FLOAT64,3,2,0,470,False,0.000244140625,4.6644010581076145e-05
4,8,NUMPY_FLOAT64,4,2,0,9737,False,0.000244140625,4.974589683115482e-05
4,8,NUMPY_FLOAT64,5,3,1,11536,False,0.0021958353463560343,0.0001329309307038784
4,8,NUMPY_FLOAT64,6,3,2,1755,False,0.006091602842843935,0.00016160693485289812
4,8,NUMPY_FLOAT64,7,3,2,411,False,0.006091602842843935,0.0001483530504629016
4,8,NUMPY_FLOAT64,8,4,0,7917,False,0.000244140625,5.133193917572498e-05
4,8,NUMPY_FLOAT64,9,5,1,14385,False,0.0021958353463560343,9.75379953160882e-05
4,8,NUMPY_FLOAT64,10,6,4,8483,False,0.019646966890663024,0.0002653989940881729
4,8,NUMPY_FLOAT64,11,7,5,6523,False,0.029253625728584965,0.0003018679562956095
4,8,NUMPY_FLOAT64,12,8,2,6207,False,0.006091602842843935,0.0001431379932910204
4,8,NUMPY_FLOAT64,13,9,6,6658,False,0.04069868865227794,0.00035691901575773954
4,8,NUMPY_FLOAT64,14,11,5,12247,False,0.029253625728584965,0.00031334091909229755
4,8,NUMPY_FLOAT64,15,13,10,4592,False,0.10386521758020019,0.0005462529370561242
4,8,NUMPY_FLOAT64,16,16,2,9571,False,0.006091602842843935,0.00014865293633192778
4,8,NUMPY_FLOAT64,17,19,18,15030,False,0.2986341714783573,0.0009416230022907257
4,8,NUMPY_FLOAT64,18,23,11,477,False,0.12369494344643513,0.000617471057921648
4,8,NUMPY_FLOAT64,19,27,10,12140,False,0.10386521758020019,0.0006158689502626657
4,8,NUMPY_FLOAT64,20,32,7,15193,False,0.05393745929955882,0.000646870001219213
4,8,NUMPY_FLOAT64,21,39,28,2347,False,0.6044872360604446,0.0014327389653772116
4,8,NUMPY_FLOAT64,22,47,36,2,True,0.8261240621336419,0.0019988600397482514
4,8,QISKIT_AER_STATEVECTOR,1,1,0,15997,False,0.0002441406250000001,0.00157054397277534
4,8,QISKIT_AER_STATEVECTOR,2,2,0,225,False,0.0002441406250000001,0.0012126400833949447
4,8,QISKIT_AER_STATEVECTOR,3,2,0,470,False,0.0002441406250000001,0.0011891999747604132
4,8,QISKIT_AER_STATEVECTOR,4,2,0,9737,False,0.0002441406250000001,0.0012573250569403172
4,8,QISKIT_AER_STATEVECTOR,5,3,1,11536,False,0.002195835346356035,0.01255072292406112
4,8,QISKIT_AER_STATEVECTOR,6,3,2,1755,False,0.006091602842843934,0.035970248049125075
4,8,QISKIT_AER_STATEVECTOR,7,3,2,411,False,0.006091602842843934,0.037574105081148446
4,8,QISKIT_AER_STATEVECTOR,8,4,0,7917,False,0.0002441406250000001,0.001887149061076343
4,8,QISKIT_AER_STATEVECTOR,9,5,1,14385,False,0.002195835346356035,0.011770893004722893
4,8,QISKIT_AER_STATEVECTOR,10,6,4,8483,False,0.019646966890663004,0.06017230206634849
4,8,QISKIT_AER_STATEVECTOR,11,7,5,6523,False,0.02925362572858493,0.07626629702281207
4,8,QISKIT_AER_STATEVECTOR,12,8,2,6207,False,0.006091602842843934,0.037256069015711546
4,8,QISKIT_AER_STATEVECTOR,13,9,6,6658,False,0.04069868865227787,0.09054804604966193
4,8,QISKIT_AER_STATEVECTOR,14,11,5,12247,False,0.02925362572858493,0.09031037404201925
4,8,QISKIT_AER_STATEVECTOR,15,13,10,4592,False,0.10386521758019962,0.1511166050331667
4,8,QISKIT_AER_STATEVECTOR,16,16,2,9571,False,0.006091602842843934,0.036940565099939704
4,8,QISKIT_AER_STATEVECTOR,17,19,18,15030,False,0.29863417147835347,0.3133666559588164
4,8,QISKIT_AER_STATEVECTOR,18,23,11,477,False,0.12369494344643428,0.16179563605692238
4,8,QISKIT_AER_STATEVECTOR,19,27,10,12140,False,0.10386521758019962,0.1727823909604922
4,8,QISKIT_AER_STATEVECTOR,20,32,7,15193,False,0.05393745929955868,0.09217566403094679
4,8,QISKIT_AER_STATEVECTOR,21,39,28,2347,False,0.6044872360604321,0.3582742400467396
4,8,QISKIT_AER_STATEVECTOR,22,47,36,2,True,0.8261240621336209,0.49367548001464456
4,9,NUMPY_FLOAT64,1,1,0,7532,False,0.000244140625,0.00011586991604417562
4,9,NUMPY_FLOAT64,2,2,1,3295,False,0.0021958353463560343,0.0002589710056781769
4,9,NUMPY_FLOAT64,3,2,0,14955,False,0.000244140625,9.950401727110147e-05
4,9,NUMPY_FLOAT64,4,2,1,8730,False,0.0021958353463560343,0.0002009130548685789
4,9,NUMPY_FLOAT64,5,3,0,14303,False,0.000244140625,8.99219885468483e-05
4,9,NUMPY_FLOAT64,6,3,0,13911,False,0.000244140625,8.321402128785849e-05
4,9,NUMPY_FLOAT64,7,3,2,16113,False,0.006091602842843935,0.0003089939709752798
4,9,NUMPY_FLOAT64,8,4,0,10268,False,0.000244140625,8.600298315286636e-05
4,9,NUMPY_FLOAT64,9,5,1,2253,False,0.0021958353463560343,0.00019159703515470028
4,9,NUMPY_FLOAT64,10,6,5,13450,False,0.029253625728584965,0.0006121830083429813
4,9,NUMPY_FLOAT64,11,7,5,2714,False,0.029253625728584965,0.0005902829580008984
4,9,NUMPY_FLOAT64,12,8,3,8501,False,0.01191622898797395,0.00038973207119852304
4,9,NUMPY_FLOAT64,13,9,5,10938,False,0.029253625728584965,0.0005613259272649884
4,9,NUMPY_FLOAT64,14,11,6,8221,False,0.04069868865227794,0.0006591840647161007
4,9,NUMPY_FLOAT64,15,13,9,15398,False,0.0855825154242248,0.0010056099854409695
4,9,NUMPY_FLOAT64,16,16,12,101,False,0.14499425206736485,0.0012812950881198049
4,9,NUMPY_FLOAT64,17,19,17,12733,False,0.270441134484708,0.0017641610465943813
4,9,NUMPY_FLOAT64,18,23,6,1,True,0.04069868865227794,0.0007364490302279592
4,9,QISKIT_AER_STATEVECTOR,1,1,0,7532,False,0.0002441406250000001,0.0024090460501611233
4,9,QISKIT_AER_STATEVECTOR,2,2,1,3295,False,0.002195835346356035,0.020111238001845777
4,9,QISKIT_AER_STATEVECTOR,3,2,0,14955,False,0.0002441406250000001,0.0021384150022640824
4,9,QISKIT_AER_STATEVECTOR,4,2,1,8730,False,0.002195835346356035,0.019536343053914607
4,9,QISKIT_AER_STATEVECTOR,5,3,0,14303,False,0.0002441406250000001,0.0022793669486418366
4,9,QISKIT_AER_STATEVECTOR,6,3,0,13911,False,0.0002441406250000001,0.0022877550218254328
4,9,QISKIT_AER_STATEVECTOR,7,3,2,16113,False,0.006091602842843934,0.03574514505453408
4,9,QISKIT_AER_STATEVECTOR,8,4,0,10268,False,0.0002441406250000001,0.0022949440171942115
4,9,QISKIT_AER_STATEVECTOR,9,5,1,2253,False,0.002195835346356035,0.02002986695151776
4,9,QISKIT_AER_STATEVECTOR,10,6,5,13450,False,0.02925362572858493,0.07083056808914989
4,9,QISKIT_AER_STATEVECTOR,11,7,5,2714,False,0.02925362572858493,0.08994502294808626
4,9,QISKIT_AER_STATEVECTOR,12,8,3,8501,False,0.011916228987973945,0.04989067593123764
4,9,QISKIT_AER_STATEVECTOR,13,9,5,10938,False,0.02925362572858493,0.050433893920853734
4,9,QISKIT_AER_STATEVECTOR,14,11,6,8221,False,0.04069868865227787,0.09836599102709442
4,9,QISKIT_AER_STATEVECTOR,15,13,9,15398,False,0.08558251542422442,0.12084667093586177
4,9,QISKIT_AER_STATEVECTOR,16,16,12,101,False,0.14499425206736377,0.13419637794140726
4,9,QISKIT_AER_STATEVECTOR,17,19,17,12733,False,0.2704411344847048,0.2662993329577148
4,9,QISKIT_AER_STATEVECTOR,18,23,6,1,True,0.04069868865227787,0.07855038507841527
4,10,NUMPY_FLOAT64,1,1,0,5871,False,0.000244140625,7.76610104367137e-05
4,10,NUMPY_FLOAT64,2,2,1,6931,False,0.0021958353463560343,0.00016842898912727833
4,10,NUMPY_FLOAT64,3,2,1,15003,False,0.0021958353463560343,0.00015083607286214828
4,10,NUMPY_FLOAT64,4,2,1,7192,False,0.0021958353463560343,0.00017969508189707994
4,10,NUMPY_FLOAT64,5,3,0,6747,False,0.000244140625,6.279000081121922e-05
4,10,NUMPY_FLOAT64,6,3,2,7498,False,0.006091602842843935,0.00021009508054703474
4,10,NUMPY_FLOAT64,7,3,0,8541,False,0.000244140625,0.00010173791088163853
4,10,NUMPY_FLOAT64,8,4,2,4909,False,0.006091602842843935,0.00031503394711762667
4,10,NUMPY_FLOAT64,9,5,0,8730,False,0.000244140625,6.114691495895386e-05
4,10,NUMPY_FLOAT64,10,6,3,499,False,0.01191622898797395,0.0002744049998000264
4,10,NUMPY_FLOAT64,11,7,3,452,False,0.01191622898797395,0.0002648760564625263
4,10,NUMPY_FLOAT64,12,8,1,9316,False,0.0021958353463560343,0.00012539001181721687
4,10,NUMPY_FLOAT64,13,9,4,14706,False,0.019646966890663024,0.0003273600013926625
4,10,NUMPY_FLOAT64,14,11,2,12276,False,0.006091602842843935,0.00029592798091471195
4,10,NUMPY_FLOAT64,15,13,1,10855,False,0.0021958353463560343,0.00019020098261535168
4,10,NUMPY_FLOAT64,16,16,4,13736,False,0.019646966890663024,0.0004875290906056762
4,10,NUMPY_FLOAT64,17,19,5,16347,False,0.029253625728584965,0.0005337570328265429
4,10,NUMPY_FLOAT64,18,23,10,9227,False,0.10386521758020019,0.0011194830294698477
4,10,NUMPY_FLOAT64,19,27,20,12242,False,0.35726625189401345,0.0015290499432012439
4,10,NUMPY_FLOAT64,20,32,26,0,True,0.5427084318016249,0.0017343449871987104
4,10,QISKIT_AER_STATEVECTOR,1,1,0,5871,False,0.0002441406250000001,0.0023343840148299932
4,10,QISKIT_AER_STATEVECTOR,2,2,1,6931,False,0.002195835346356035,0.017295684083364904
4,10,QISKIT_AER_STATEVECTOR,3,2,1,15003,False,0.002195835346356035,0.011505301925353706
4,10,QISKIT_AER_STATEVECTOR,4,2,1,7192,False,0.002195835346356035,0.01360006199683994
4,10,QISKIT_AER_STATEVECTOR,5,3,0,6747,False,0.0002441406250000001,0.0014823470264673233
4,10,QISKIT_AER_STATEVECTOR,6,3,2,7498,False,0.006091602842843934,0.031698707956820726
4,10,QISKIT_AER_STATEVECTOR,7,3,0,8541,False,0.0002441406250000001,0.0012087690411135554
4,10,QISKIT_AER_STATEVECTOR,8,4,2,4909,False,0.006091602842843934,0.03125707199797034
4,10,QISKIT_AER_STATEVECTOR,9,5,0,8730,False,0.0002441406250000001,0.002371555077843368
4,10,QISKIT_AER_STATEVECTOR,10,6,3,499,False,0.011916228987973945,0.05510274996049702
4,10,QISKIT_AER_STATEVECTOR,11,7,3,452,False,0.011916228987973945,0.05351517896633595
4,10,QISKIT_AER_STATEVECTOR,12,8,1,9316,False,0.002195835346356035,0.0203039210755378
4,10,QISKIT_AER_STATEVECTOR,13,9,4,14706,False,0.019646966890663004,0.07280910992994905
4,10,QISKIT_AER_STATEVECTOR,14,11,2,12276,False,0.006091602842843934,0.03709966503083706
4,10,QISKIT_AER_STATEVECTOR,15,13,1,10855,False,0.002195835346356035,0.01884877390693873
4,10,QISKIT_AER_STATEVECTOR,16,16,4,13736,False,0.019646966890663004,0.07200043799821287
4,10,QISKIT_AER_STATEVECTOR,17,19,5,16347,False,0.02925362572858493,0.07129997399169952
4,10,QISKIT_AER_STATEVECTOR,18,23,10,9227,False,0.10386521758019962,0.14850200701039284
4,10,QISKIT_AER_STATEVECTOR,19,27,20,12242,False,0.3572662518940084,0.21841405797749758
4,10,QISKIT_AER_STATEVECTOR,20,32,26,0,True,0.5427084318016147,0.3318687209393829
4,11,NUMPY_FLOAT64,1,1,0,11002,False,0.000244140625,6.68700085952878e-05
4,11,NUMPY_FLOAT64,2,2,0,3872,False,0.000244140625,5.702802445739508e-05
4,11,NUMPY_FLOAT64,3,2,1,14233,False,0.0021958353463560343,0.00013935496099293232
4,11,NUMPY_FLOAT64,4,2,0,2093,False,0.000244140625,4.415202420204878e-05
4,11,NUMPY_FLOAT64,5,3,1,15455,False,0.0021958353463560343,0.000103021040558815
4,11,NUMPY_FLOAT64,6,3,2,8584,False,0.006091602842843935,0.00015970994718372822
4,11,NUMPY_FLOAT64,7,3,2,6475,False,0.006091602842843935,0.00015135493595153093
4,11,NUMPY_FLOAT64,8,4,2,16052,False,0.006091602842843935,0.00015408394392579794
4,11,NUMPY_FLOAT64,9,5,0,8408,False,0.000244140625,4.2850966565310955e-05
4,11,NUMPY_FLOAT64,10,6,3,3174,False,0.01191622898797395,0.0002023190027102828
4,11,NUMPY_FLOAT64,11,7,6,14044,False,0.04069868865227794,0.000346521963365376
4,11,NUMPY_FLOAT64,12,8,1,9759,False,0.0021958353463560343,9.629398118704557e-05
4,11,NUMPY_FLOAT64,13,9,4,13605,False,0.019646966890663024,0.0002470259787514806
4,11,NUMPY_FLOAT64,14,11,8,5475,False,0.06891823634806225,0.0004484729142859578
4,11,NUMPY_FLOAT64,15,13,4,10286,False,0.019646966890663024,0.00024548196233808994
4,11,NUMPY_FLOAT64,16,16,6,9416,False,0.04069868865227794,0.000373651972040534
4,11,NUMPY_FLOAT64,17,19,18,59,False,0.2986341714783573,0.0009438020642846823
4,11,NUMPY_FLOAT64,18,23,20,15520,False,0.35726625189401345,0.0010945550166070461
4,11,NUMPY_FLOAT64,19,27,15,7906,False,0.2168511477630975,0.0007899630581960082
4,11,NUMPY_FLOAT64,20,32,30,3,True,0.6646354194132928,0.0015267060371115804
4,11,QISKIT_AER_STATEVECTOR,1,1,0,11002,False,0.0002441406250000001,0.0014183269813656807
4,11,QISKIT_AER_STATEVECTOR,2,2,0,3872,False,0.0002441406250000001,0.0011997029650956392
4,11,QISKIT_AER_STATEVECTOR,3,2,1,14233,False,0.002195835346356035,0.01042467204388231
4,11,QISKIT_AER_STATEVECTOR,4,2,0,2093,False,0.0002441406250000001,0.0012125640641897917
4,11,QISKIT_AER_STATEVECTOR,5,3,1,15455,False,0.002195835346356035,0.010358051978982985
4,11,QISKIT_AER_STATEVECTOR,6,3,2,8584,False,0.006091602842843934,0.036471668048761785
4,11,QISKIT_AER_STATEVECTOR,7,3,2,6475,False,0.006091602842843934,0.03755751100834459
4,11,QISKIT_AER_STATEVECTOR,8,4,2,16052,False,0.006091602842843934,0.0357943830313161
4,11,QISKIT_AER_STATEVECTOR,9,5,0,8408,False,0.0002441406250000001,0.0024276250042021275
4,11,QISKIT_AER_STATEVECTOR,10,6,3,3174,False,0.011916228987973945,0.05518826702609658
4,11,QISKIT_AER_STATEVECTOR,11,7,6,14044,False,0.04069868865227787,0.09815271000843495
4,11,QISKIT_AER_STATEVECTOR,12,8,1,9759,False,0.002195835346356035,0.016932796919718385
4,11,QISKIT_AER_STATEVECTOR,13,9,4,13605,False,0.019646966890663004,0.07193551398813725
4,11,QISKIT_AER_STATEVECTOR,14,11,8,5475,False,0.06891823634806199,0.1132931710453704
4,11,QISKIT_AER_STATEVECTOR,15,13,4,10286,False,0.019646966890663004,0.05662600393407047
4,11,QISKIT_AER_STATEVECTOR,16,16,6,9416,False,0.04069868865227787,0.1051223729737103
4,11,QISKIT_AER_STATEVECTOR,17,19,18,59,False,0.29863417147835347,0.19457117200363427
4,11,QISKIT_AER_STATEVECTOR,18,23,20,15520,False,0.3572662518940084,0.29567976808175445
4,11,QISKIT_AER_STATEVECTOR,19,27,15,7906,False,0.21685114776309528,0.20311497699003667
4,11,QISKIT_AER_STATEVECTOR,20,32,30,3,True,0.6646354194132784,0.4893871600506827
4,12,NUMPY_FLOAT64,1,1,0,4133,False,0.000244140625,0.0001121860696002841
4,12,NUMPY_FLOAT64,2,2,0,10028,False,0.000244140625,9.978900197893381e-05
4,12,NUMPY_FLOAT64,3,2,0,3341,False,0.000244140625,8.830102160573006e-05
4,12,NUMPY_FLOAT64,4,2,1,5744,False,0.0021958353463560343,0.00023341609630733728
4,12,NUMPY_FLOAT64,5,3,1,2539,False,0.0021958353463560343,0.00013226596638560295
4,12,NUMPY_FLOAT64,6,3,0,7000,False,0.000244140625,8.52290540933609e-05
4,12,NUMPY_FLOAT64,7,3,1,7927,False,0.0021958353463560343,0.00021104502957314253
4,12,NUMPY_FLOAT64,8,4,2,5786,False,0.006091602842843935,0.00024755194317549467
4,12,NUMPY_FLOAT64,9,5,3,299,False,0.01191622898797395,0.00040573091246187687
4,12,NUMPY_FLOAT64,10,6,4,6919,False,0.019646966890663024,0.0005308790132403374
4,12,NUMPY_FLOAT64,11,7,5,13178,False,0.029253625728584965,0.000594147015362978
4,12,NUMPY_FLOAT64,12,8,2,8945,False,0.006091602842843935,0.0002970639616250992
4,12,NUMPY_FLOAT64,13,9,3,11175,False,0.01191622898797395,0.0004112409660592675
4,12,NUMPY_FLOAT64,14,11,2,4742,False,0.006091602842843935,0.00015337602235376835
4,12,NUMPY_FLOAT64,15,13,7,8079,False,0.05393745929955882,0.0007658529793843627
4,12,NUMPY_FLOAT64,16,16,0,314,False,0.000244140625,8.576107211410999e-05
4,12,NUMPY_FLOAT64,17,19,15,5291,False,0.2168511477630975,0.0015822480199858546
4,12,NUMPY_FLOAT64,18,23,3,10096,False,0.01191622898797395,0.0004050430143252015
4,12,NUMPY_FLOAT64,19,27,14,15355,False,0.19166348281337348,0.0014945099828764796
4,12,NUMPY_FLOAT64,20,32,15,8923,False,0.2168511477630975,0.0015820239204913378
4,12,NUMPY_FLOAT64,21,39,18,1,True,0.2986341714783573,0.0018795880023390055
4,12,QISKIT_AER_STATEVECTOR,1,1,0,4133,False,0.0002441406250000001,0.002511276979930699
4,12,QISKIT_AER_STATEVECTOR,2,2,0,10028,False,0.0002441406250000001,0.002400267985649407
4,12,QISKIT_AER_STATEVECTOR,3,2,0,3341,False,0.0002441406250000001,0.002453183988109231
4,12,QISKIT_AER_STATEVECTOR,4,2,1,5744,False,0.002195835346356035,0.020008116960525513
4,12,QISKIT_AER_STATEVECTOR,5,3,1,2539,False,0.002195835346356035,0.012577914050780237
4,12,QISKIT_AER_STATEVECTOR,6,3,0,7000,False,0.0002441406250000001,0.0020676119020208716
4,12,QISKIT_AER_STATEVECTOR,7,3,1,7927,False,0.002195835346356035,0.020150583004578948
4,12,QISKIT_AER_STATEVECTOR,8,4,2,5786,False,0.006091602842843934,0.035896038985811174
4,12,QISKIT_AER_STATEVECTOR,9,5,3,299,False,0.011916228987973945,0.031030202051624656
4,12,QISKIT_AER_STATEVECTOR,10,6,4,6919,False,0.019646966890663004,0.03736446599941701
4,12,QISKIT_AER_STATEVECTOR,11,7,5,13178,False,0.02925362572858493,0.06847895798273385
4,12,QISKIT_AER_STATEVECTOR,12,8,2,8945,False,0.006091602842843934,0.03369856299832463
4,12,QISKIT_AER_STATEVECTOR,13,9,3,11175,False,0.011916228987973945,0.030603222083300352
4,12,QISKIT_AER_STATEVECTOR,14,11,2,4742,False,0.006091602842843934,0.030107536003924906
4,12,QISKIT_AER_STATEVECTOR,15,13,7,8079,False,0.05393745929955868,0.10268353298306465
4,12,QISKIT_AER_STATEVECTOR,16,16,0,314,False,0.0002441406250000001,0.0015257539926096797
4,12,QISKIT_AER_STATEVECTOR,17,19,15,5291,False,0.21685114776309528,0.24717494193464518
4,12,QISKIT_AER_STATEVECTOR,18,23,3,10096,False,0.011916228987973945,0.05206735897809267
4,12,QISKIT_AER_STATEVECTOR,19,27,14,15355,False,0.19166348281337164,0.18531003198586404
4,12,QISKIT_AER_STATEVECTOR,20,32,15,8923,False,0.21685114776309528,0.18029248202219605
4,12,QISKIT_AER_STATEVECTOR,21,39,18,1,True,0.29863417147835347,0.28599260898772627
4,13,NUMPY_FLOAT64,1,1,0,11900,False,0.000244140625,0.00011384196113795042
4,13,NUMPY_FLOAT64,2,2,1,6506,False,0.0021958353463560343,0.00024842401035130024
4,13,NUMPY_FLOAT64,3,2,0,2381,False,0.000244140625,6.790598854422569e-05
4,13,NUMPY_FLOAT64,4,2,0,11053,False,0.000244140625,8.443498518317938e-05
4,13,NUMPY_FLOAT64,5,3,1,2251,False,0.0021958353463560343,0.0002077859826385975
4,13,NUMPY_FLOAT64,6,3,0,4466,False,0.000244140625,9.084201883524656e-05
4,13,NUMPY_FLOAT64,7,3,0,11179,False,0.000244140625,8.315895684063435e-05
4,13,NUMPY_FLOAT64,8,4,2,12815,False,0.006091602842843935,0.0002716559683904052
4,13,NUMPY_FLOAT64,9,5,2,9174,False,0.006091602842843935,0.00028484303038567305
4,13,NUMPY_FLOAT64,10,6,2,6082,False,0.006091602842843935,0.00027304189279675484
4,13,NUMPY_FLOAT64,11,7,3,8393,False,0.01191622898797395,0.00039673002902418375
4,13,NUMPY_FLOAT64,12,8,1,14411,False,0.0021958353463560343,0.00018977397121489048
4,13,NUMPY_FLOAT64,13,9,8,7862,False,0.06891823634806225,0.0008617389248684049
4,13,NUMPY_FLOAT64,14,11,8,1,True,0.06891823634806225,0.0008461900288239121
4,13,QISKIT_AER_STATEVECTOR,1,1,0,11900,False,0.0002441406250000001,0.0022544609382748604
4,13,QISKIT_AER_STATEVECTOR,2,2,1,6506,False,0.002195835346356035,0.019378126016817987
4,13,QISKIT_AER_STATEVECTOR,3,2,0,2381,False,0.0002441406250000001,0.002230430953204632
4,13,QISKIT_AER_STATEVECTOR,4,2,0,11053,False,0.0002441406250000001,0.0021758730290457606
4,13,QISKIT_AER_STATEVECTOR,5,3,1,2251,False,0.002195835346356035,0.019299719016999006
4,13,QISKIT_AER_STATEVECTOR,6,3,0,4466,False,0.0002441406250000001,0.002336843986995518
4,13,QISKIT_AER_STATEVECTOR,7,3,0,11179,False,0.0002441406250000001,0.0023203829769045115
4,13,QISKIT_AER_STATEVECTOR,8,4,2,12815,False,0.006091602842843934,0.03770848992280662
4,13,QISKIT_AER_STATEVECTOR,9,5,2,9174,False,0.006091602842843934,0.03768692701123655
4,13,QISKIT_AER_STATEVECTOR,10,6,2,6082,False,0.006091602842843934,0.03677407593932003
4,13,QISKIT_AER_STATEVECTOR,11,7,3,8393,False,0.011916228987973945,0.051587105030193925
4,13,QISKIT_AER_STATEVECTOR,12,8,1,14411,False,0.002195835346356035,0.014483641949482262
4,13,QISKIT_AER_STATEVECTOR,13,9,8,7862,False,0.06891823634806199,0.12532261793967336
4,13,QISKIT_AER_STATEVECTOR,14,11,8,1,True,0.06891823634806199,0.12531711591873318
4,14,NUMPY_FLOAT64,1,1,0,14678,False,0.000244140625,0.00011927506420761347
4,14,NUMPY_FLOAT64,2,2,1,13611,False,0.0021958353463560343,0.0002629120135679841
4,14,NUMPY_FLOAT64,3,2,1,12655,False,0.0021958353463560343,0.0002332549775019288
4,14,NUMPY_FLOAT64,4,2,0,8588,False,0.000244140625,9.73499845713377e-05
4,14,NUMPY_FLOAT64,5,3,1,8539,False,0.0021958353463560343,0.0002276271115988493
4,14,NUMPY_FLOAT64,6,3,1,2768,False,0.0021958353463560343,0.000174265936948359
4,14,NUMPY_FLOAT64,7,3,0,6409,False,0.000244140625,5.154998507350683e-05
4,14,NUMPY_FLOAT64,8,4,0,6077,False,0.000244140625,8.763500954955816e-05
4,14,NUMPY_FLOAT64,9,5,4,12347,False,0.019646966890663024,0.0004863050999119878
4,14,NUMPY_FLOAT64,10,6,1,6131,False,0.0021958353463560343,0.00012909295037388802
4,14,NUMPY_FLOAT64,11,7,5,8804,False,0.029253625728584965,0.0004352329997345805
4,14,NUMPY_FLOAT64,12,8,6,11460,False,0.04069868865227794,0.00041955290362238884
4,14,NUMPY_FLOAT64,13,9,2,11973,False,0.006091602842843935,0.00029718398582190275
4,14,NUMPY_FLOAT64,14,11,4,15998,False,0.019646966890663024,0.0005175479454919696
4,14,NUMPY_FLOAT64,15,13,6,5140,False,0.04069868865227794,0.000708778970874846
4,14,NUMPY_FLOAT64,16,16,13,11024,False,0.16767996333129248,0.0007476769387722015
4,14,NUMPY_FLOAT64,17,19,14,5292,False,0.19166348281337348,0.0007957580965012312
4,14,NUMPY_FLOAT64,18,23,8,14971,False,0.06891823634806225,0.000940835103392601
4,14,NUMPY_FLOAT64,19,27,1,3866,False,0.0021958353463560343,0.00019178795628249645
4,14,NUMPY_FLOAT64,20,32,27,1,True,0.5737418257716523,0.0020006910199299455
4,14,QISKIT_AER_STATEVECTOR,1,1,0,14678,False,0.0002441406250000001,0.0018867789767682552
4,14,QISKIT_AER_STATEVECTOR,2,2,1,13611,False,0.002195835346356035,0.014423788990825415
4,14,QISKIT_AER_STATEVECTOR,3,2,1,12655,False,0.002195835346356035,0.015277213999070227
4,14,QISKIT_AER_STATEVECTOR,4,2,0,8588,False,0.0002441406250000001,0.002131666988134384
4,14,QISKIT_AER_STATEVECTOR,5,3,1,8539,False,0.002195835346356035,0.01907278294675052
4,14,QISKIT_AER_STATEVECTOR,6,3,1,2768,False,0.002195835346356035,0.014835180016234517
4,14,QISKIT_AER_STATEVECTOR,7,3,0,6409,False,0.0002441406250000001,0.0013043010840192437
4,14,QISKIT_AER_STATEVECTOR,8,4,0,6077,False,0.0002441406250000001,0.0015834131045266986
4,14,QISKIT_AER_STATEVECTOR,9,5,4,12347,False,0.019646966890663004,0.06335063197184354
4,14,QISKIT_AER_STATEVECTOR,10,6,1,6131,False,0.002195835346356035,0.020186028094030917
4,14,QISKIT_AER_STATEVECTOR,11,7,5,8804,False,0.02925362572858493,0.07243013405241072
4,14,QISKIT_AER_STATEVECTOR,12,8,6,11460,False,0.04069868865227787,0.06228414399083704
4,14,QISKIT_AER_STATEVECTOR,13,9,2,11973,False,0.006091602842843934,0.025481099961325526
4,14,QISKIT_AER_STATEVECTOR,14,11,4,15998,False,0.019646966890663004,0.04862893500830978
4,14,QISKIT_AER_STATEVECTOR,15,13,6,5140,False,0.04069868865227787,0.07208059809636325
4,14,QISKIT_AER_STATEVECTOR,16,16,13,11024,False,0.167679963331291,0.16366051498334855
4,14,QISKIT_AER_STATEVECTOR,17,19,14,5292,False,0.19166348281337164,0.17478628200478852
4,14,QISKIT_AER_STATEVECTOR,18,23,8,14971,False,0.06891823634806199,0.08786556299310178
4,14,QISKIT_AER_STATEVECTOR,19,27,1,3866,False,0.002195835346356035,0.012566637014970183
4,14,QISKIT_AER_STATEVECTOR,20,32,27,1,True,0.5737418257716407,0.26050711795687675
4,15,NUMPY_FLOAT64,1,1,0,7509,False,0.000244140625,6.688898429274559e-05
4,15,NUMPY_FLOAT64,2,2,0,8803,False,0.000244140625,5.545793101191521e-05
4,15,NUMPY_FLOAT64,3,2,1,12059,False,0.0021958353463560343,0.00012954010162502527
4,15,NUMPY_FLOAT64,4,2,1,5154,False,0.0021958353463560343,0.00012464507017284632
4,15,NUMPY_FLOAT64,5,3,1,6729,False,0.0021958353463560343,0.00010528601706027985
4,15,NUMPY_FLOAT64,6,3,1,12735,False,0.0021958353463560343,0.00010286492761224508
4,15,NUMPY_FLOAT64,7,3,1,14419,False,0.0021958353463560343,0.00018020800780504942
4,15,NUMPY_FLOAT64,8,4,2,15718,False,0.006091602842843935,0.00015800492838025093
4,15,NUMPY_FLOAT64,9,5,1,11106,False,0.0021958353463560343,9.852403309196234e-05
4,15,NUMPY_FLOAT64,10,6,0,3854,False,0.000244140625,7.87860481068492e-05
4,15,NUMPY_FLOAT64,11,7,3,13658,False,0.01191622898797395,0.0002051369519904256
4,15,NUMPY_FLOAT64,12,8,0,3306,False,0.000244140625,4.312198143452406e-05
4,15,NUMPY_FLOAT64,13,9,7,10045,False,0.05393745929955882,0.00041871098801493645
4,15,NUMPY_FLOAT64,14,11,1,9634,False,0.0021958353463560343,9.618804324418306e-05
4,15,NUMPY_FLOAT64,15,13,7,13666,False,0.05393745929955882,0.00041357590816915035
4,15,NUMPY_FLOAT64,16,16,6,9611,False,0.04069868865227794,0.0004758849972859025
4,15,NUMPY_FLOAT64,17,19,6,12677,False,0.04069868865227794,0.0006051660748198628
4,15,NUMPY_FLOAT64,18,23,21,3,True,0.3874763196678059,0.0015708119608461857
4,15,QISKIT_AER_STATEVECTOR,1,1,0,7509,False,0.0002441406250000001,0.00134165002964437
4,15,QISKIT_AER_STATEVECTOR,2,2,0,8803,False,0.0002441406250000001,0.0011533789802342653
4,15,QISKIT_AER_STATEVECTOR,3,2,1,12059,False,0.002195835346356035,0.010644734953530133
4,15,QISKIT_AER_STATEVECTOR,4,2,1,5154,False,0.002195835346356035,0.010973323951475322
4,15,QISKIT_AER_STATEVECTOR,5,3,1,6729,False,0.002195835346356035,0.01068281999323517
4,15,QISKIT_AER_STATEVECTOR,6,3,1,12735,False,0.002195835346356035,0.010654103942215443
4,15,QISKIT_AER_STATEVECTOR,7,3,1,14419,False,0.002195835346356035,0.010529552004300058
4,15,QISKIT_AER_STATEVECTOR,8,4,2,15718,False,0.006091602842843934,0.022366823977790773
4,15,QISKIT_AER_STATEVECTOR,9,5,1,11106,False,0.002195835346356035,0.013180308975279331
4,15,QISKIT_AER_STATEVECTOR,10,6,0,3854,False,0.0002441406250000001,0.002113840077072382
4,15,QISKIT_AER_STATEVECTOR,11,7,3,13658,False,0.011916228987973945,0.034439593087881804
4,15,QISKIT_AER_STATEVECTOR,12,8,0,3306,False,0.0002441406250000001,0.0013002099003642797
4,15,QISKIT_AER_STATEVECTOR,13,9,7,10045,False,0.05393745929955868,0.07656914205290377
4,15,QISKIT_AER_STATEVECTOR,14,11,1,9634,False,0.002195835346356035,0.010443747974932194
4,15,QISKIT_AER_STATEVECTOR,15,13,7,13666,False,0.05393745929955868,0.10666287690401077
4,15,QISKIT_AER_STATEVECTOR,16,16,6,9611,False,0.04069868865227787,0.07932098594028503
4,15,QISKIT_AER_STATEVECTOR,17,19,6,12677,False,0.04069868865227787,0.06117135600652546
4,15,QISKIT_AER_STATEVECTOR,18,23,21,3,True,0.38747631966780005,0.2921366220107302
4,16,NUMPY_FLOAT64,1,1,0,11090,False,0.000244140625,0.00011862698011100292
4,16,NUMPY_FLOAT64,2,2,0,6601,False,0.000244140625,0.00010436295997351408
4,16,NUMPY_FLOAT64,3,2,0,14776,False,0.000244140625,8.917506784200668e-05
4,16,NUMPY_FLOAT64,4,2,1,12361,False,0.0021958353463560343,0.00024199089966714382
4,16,NUMPY_FLOAT64,5,3,2,9013,False,0.006091602842843935,0.0003141099587082863
4,16,NUMPY_FLOAT64,6,3,1,13019,False,0.0021958353463560343,0.0001978559885174036
4,16,NUMPY_FLOAT64,7,3,2,9931,False,0.006091602842843935,0.00030327902641147375
4,16,NUMPY_FLOAT64,8,4,0,5072,False,0.000244140625,8.443696424365044e-05
4,16,NUMPY_FLOAT64,9,5,1,85,False,0.0021958353463560343,0.00019167002756148577
4,16,NUMPY_FLOAT64,10,6,2,7294,False,0.006091602842843935,0.00027786800637841225
4,16,NUMPY_FLOAT64,11,7,2,7867,False,0.006091602842843935,0.0002973639639094472
4,16,NUMPY_FLOAT64,12,8,0,5159,False,0.000244140625,7.809803355485201e-05
4,16,NUMPY_FLOAT64,13,9,4,719,False,0.019646966890663024,0.00048106606118381023
4,16,NUMPY_FLOAT64,14,11,8,6178,False,0.06891823634806225,0.0009129649261012673
4,16,NUMPY_FLOAT64,15,13,10,2,True,0.10386521758020019,0.0011293200077489018
4,16,QISKIT_AER_STATEVECTOR,1,1,0,11090,False,0.0002441406250000001,0.002418413059785962
4,16,QISKIT_AER_STATEVECTOR,2,2,0,6601,False,0.0002441406250000001,0.002297770930454135
4,16,QISKIT_AER_STATEVECTOR,3,2,0,14776,False,0.0002441406250000001,0.0023305179784074426
4,16,QISKIT_AER_STATEVECTOR,4,2,1,12361,False,0.002195835346356035,0.01974178699310869
4,16,QISKIT_AER_STATEVECTOR,5,3,2,9013,False,0.006091602842843934,0.031964631052687764
4,16,QISKIT_AER_STATEVECTOR,6,3,1,13019,False,0.002195835346356035,0.010945788002572954
4,16,QISKIT_AER_STATEVECTOR,7,3,2,9931,False,0.006091602842843934,0.03482239902950823
4,16,QISKIT_AER_STATEVECTOR,8,4,0,5072,False,0.0002441406250000001,0.002331660012714565
4,16,QISKIT_AER_STATEVECTOR,9,5,1,85,False,0.002195835346356035,0.01981161197181791
4,16,QISKIT_AER_STATEVECTOR,10,6,2,7294,False,0.006091602842843934,0.036690357024781406
4,16,QISKIT_AER_STATEVECTOR,11,7,2,7867,False,0.006091602842843934,0.03327404102310538
4,16,QISKIT_AER_STATEVECTOR,12,8,0,5159,False,0.0002441406250000001,0.0023402459919452667
4,16,QISKIT_AER_STATEVECTOR,13,9,4,719,False,0.019646966890663004,0.06501206406392157
4,16,QISKIT_AER_STATEVECTOR,14,11,8,6178,False,0.06891823634806199,0.1047095749527216
4,16,QISKIT_AER_STATEVECTOR,15,13,10,2,True,0.10386521758019962,0.1650128159672022
4,17,NUMPY_FLOAT64,1,1,0,6320,False,0.000244140625,6.389198824763298e-05
4,17,NUMPY_FLOAT64,2,2,1,10333,False,0.0021958353463560343,0.00014604907482862473
4,17,NUMPY_FLOAT64,3,2,0,6470,False,0.000244140625,4.780292510986328e-05
4,17,NUMPY_FLOAT64,4,2,0,10654,False,0.000244140625,4.491605795919895e-05
4,17,NUMPY_FLOAT64,5,3,0,11719,False,0.000244140625,0.00010148505680263042
4,17,NUMPY_FLOAT64,6,3,2,14177,False,0.006091602842843935,0.0001634489744901657
4,17,NUMPY_FLOAT64,7,3,2,4889,False,0.006091602842843935,0.0001553540350869298
4,17,NUMPY_FLOAT64,8,4,3,4689,False,0.01191622898797395,0.0002070050686597824
4,17,NUMPY_FLOAT64,9,5,3,1118,False,0.01191622898797395,0.00021013198420405388
4,17,NUMPY_FLOAT64,10,6,1,14354,False,0.0021958353463560343,0.0001320920418947935
4,17,NUMPY_FLOAT64,11,7,5,6910,False,0.029253625728584965,0.0003180309431627393
4,17,NUMPY_FLOAT64,12,8,1,14501,False,0.0021958353463560343,9.983195923268795e-05
4,17,NUMPY_FLOAT64,13,9,3,5304,False,0.01191622898797395,0.00020296894945204258
4,17,NUMPY_FLOAT64,14,11,9,154,False,0.0855825154242248,0.0007754600374028087
4,17,NUMPY_FLOAT64,15,13,10,12889,False,0.10386521758020019,0.0011352970032021403
4,17,NUMPY_FLOAT64,16,16,10,10590,False,0.10386521758020019,0.0008594520622864366
4,17,NUMPY_FLOAT64,17,19,11,6963,False,0.12369494344643513,0.0011008220026269555
4,17,NUMPY_FLOAT64,18,23,10,8655,False,0.10386521758020019,0.0011143500450998545
4,17,NUMPY_FLOAT64,19,27,13,15295,False,0.16767996333129248,0.001209542970173061
4,17,NUMPY_FLOAT64,20,32,24,2,True,0.48026312257643117,0.0013957360060885549
4,17,QISKIT_AER_STATEVECTOR,1,1,0,6320,False,0.0002441406250000001,0.0017832649173215032
4,17,QISKIT_AER_STATEVECTOR,2,2,1,10333,False,0.002195835346356035,0.014411833020858467
4,17,QISKIT_AER_STATEVECTOR,3,2,0,6470,False,0.0002441406250000001,0.001779709942638874
4,17,QISKIT_AER_STATEVECTOR,4,2,0,10654,False,0.0002441406250000001,0.0012000449933111668
4,17,QISKIT_AER_STATEVECTOR,5,3,0,11719,False,0.0002441406250000001,0.0011053559137508273
4,17,QISKIT_AER_STATEVECTOR,6,3,2,14177,False,0.006091602842843934,0.022094252984970808
4,17,QISKIT_AER_STATEVECTOR,7,3,2,4889,False,0.006091602842843934,0.021155204041860998
4,17,QISKIT_AER_STATEVECTOR,8,4,3,4689,False,0.011916228987973945,0.02944822993595153
4,17,QISKIT_AER_STATEVECTOR,9,5,3,1118,False,0.011916228987973945,0.05330166302155703
4,17,QISKIT_AER_STATEVECTOR,10,6,1,14354,False,0.002195835346356035,0.014190292917191982
4,17,QISKIT_AER_STATEVECTOR,11,7,5,6910,False,0.02925362572858493,0.07374361902475357
4,17,QISKIT_AER_STATEVECTOR,12,8,1,14501,False,0.002195835346356035,0.01056485902518034
4,17,QISKIT_AER_STATEVECTOR,13,9,3,5304,False,0.011916228987973945,0.028497532941401005
4,17,QISKIT_AER_STATEVECTOR,14,11,9,154,False,0.08558251542422442,0.12148989294655621
4,17,QISKIT_AER_STATEVECTOR,15,13,10,12889,False,0.10386521758019962,0.12495003105141222
4,17,QISKIT_AER_STATEVECTOR,16,16,10,10590,False,0.10386521758019962,0.1429521800018847
4,17,QISKIT_AER_STATEVECTOR,17,19,11,6963,False,0.12369494344643428,0.1627023529727012
4,17,QISKIT_AER_STATEVECTOR,18,23,10,8655,False,0.10386521758019962,0.14831680606584996
4,17,QISKIT_AER_STATEVECTOR,19,27,13,15295,False,0.167679963331291,0.14863963797688484
4,17,QISKIT_AER_STATEVECTOR,20,32,24,2,True,0.4802631225764228,0.2328379669925198
4,18,NUMPY_FLOAT64,1,1,0,8202,False,0.000244140625,6.494706030935049e-05
4,18,NUMPY_FLOAT64,2,2,1,4269,False,0.0021958353463560343,0.00014889799058437347
4,18,NUMPY_FLOAT64,3,2,1,13915,False,0.0021958353463560343,0.00010658800601959229
4,18,NUMPY_FLOAT64,4,2,0,8101,False,0.000244140625,4.5476946979761124e-05
4,18,NUMPY_FLOAT64,5,3,0,14657,False,0.000244140625,4.4549000449478626e-05
4,18,NUMPY_FLOAT64,6,3,2,2378,False,0.006091602842843935,0.0001757090212777257
4,18,NUMPY_FLOAT64,7,3,1,2075,False,0.0021958353463560343,0.00010016898158937693
4,18,NUMPY_FLOAT64,8,4,1,12788,False,0.0021958353463560343,0.00010615203063935041
4,18,NUMPY_FLOAT64,9,5,3,9429,False,0.01191622898797395,0.00020631600636988878
4,18,NUMPY_FLOAT64,10,6,3,15914,False,0.01191622898797395,0.00020385906100273132
4,18,NUMPY_FLOAT64,11,7,5,9565,False,0.029253625728584965,0.0003114030696451664
4,18,NUMPY_FLOAT64,12,8,5,9373,False,0.029253625728584965,0.00029913894832134247
4,18,NUMPY_FLOAT64,13,9,3,2028,False,0.01191622898797395,0.00020809296984225512
4,18,NUMPY_FLOAT64,14,11,2,5461,False,0.006091602842843935,0.00014399108476936817
4,18,NUMPY_FLOAT64,15,13,1,13616,False,0.0021958353463560343,9.428500197827816e-05
4,18,NUMPY_FLOAT64,16,16,8,6857,False,0.06891823634806225,0.0004491009749472141
4,18,NUMPY_FLOAT64,17,19,0,8069,False,0.000244140625,4.18639974668622e-05
4,18,NUMPY_FLOAT64,18,23,18,2,True,0.2986341714783573,0.0009713589679449797
4,18,QISKIT_AER_STATEVECTOR,1,1,0,8202,False,0.0002441406250000001,0.0013857140438631177
4,18,QISKIT_AER_STATEVECTOR,2,2,1,4269,False,0.002195835346356035,0.010394714074209332
4,18,QISKIT_AER_STATEVECTOR,3,2,1,13915,False,0.002195835346356035,0.010223268065601587
4,18,QISKIT_AER_STATEVECTOR,4,2,0,8101,False,0.0002441406250000001,0.0012124880449846387
4,18,QISKIT_AER_STATEVECTOR,5,3,0,14657,False,0.0002441406250000001,0.00121170689817518
4,18,QISKIT_AER_STATEVECTOR,6,3,2,2378,False,0.006091602842843934,0.01947148609906435
4,18,QISKIT_AER_STATEVECTOR,7,3,1,2075,False,0.002195835346356035,0.011160349939018488
4,18,QISKIT_AER_STATEVECTOR,8,4,1,12788,False,0.002195835346356035,0.012063084985129535
4,18,QISKIT_AER_STATEVECTOR,9,5,3,9429,False,0.011916228987973945,0.04991596401669085
4,18,QISKIT_AER_STATEVECTOR,10,6,3,15914,False,0.011916228987973945,0.0349259979557246
4,18,QISKIT_AER_STATEVECTOR,11,7,5,9565,False,0.02925362572858493,0.07617104996461421
4,18,QISKIT_AER_STATEVECTOR,12,8,5,9373,False,0.02925362572858493,0.08814640296623111
4,18,QISKIT_AER_STATEVECTOR,13,9,3,2028,False,0.011916228987973945,0.04217434604652226
4,18,QISKIT_AER_STATEVECTOR,14,11,2,5461,False,0.006091602842843934,0.022049049963243306
4,18,QISKIT_AER_STATEVECTOR,15,13,1,13616,False,0.002195835346356035,0.01358919800259173
4,18,QISKIT_AER_STATEVECTOR,16,16,8,6857,False,0.06891823634806199,0.10807086003478616
4,18,QISKIT_AER_STATEVECTOR,17,19,0,8069,False,0.0002441406250000001,0.0014324180083349347
4,18,QISKIT_AER_STATEVECTOR,18,23,18,2,True,0.29863417147835347,0.24403599696233869
4,19,NUMPY_FLOAT64,1,1,0,13472,False,0.000244140625,6.121199112385511e-05
4,19,NUMPY_FLOAT64,2,2,0,3693,False,0.000244140625,5.501997657120228e-05
4,19,NUMPY_FLOAT64,3,2,1,925,False,0.0021958353463560343,0.00012813799548894167
4,19,NUMPY_FLOAT64,4,2,1,1609,False,0.0021958353463560343,9.90019179880619e-05
4,19,NUMPY_FLOAT64,5,3,2,14676,False,0.006091602842843935,0.00014884700067341328
4,19,NUMPY_FLOAT64,6,3,1,14005,False,0.0021958353463560343,9.699701331555843e-05
4,19,NUMPY_FLOAT64,7,3,0,1763,False,0.000244140625,4.775309935212135e-05
4,19,NUMPY_FLOAT64,8,4,1,11976,False,0.0021958353463560343,9.600596968084574e-05
4,19,NUMPY_FLOAT64,9,5,0,9087,False,0.000244140625,4.79560112580657e-05
4,19,NUMPY_FLOAT64,10,6,3,356,False,0.01191622898797395,0.00020491203758865595
4,19,NUMPY_FLOAT64,11,7,4,1085,False,0.019646966890663024,0.000247516087256372
4,19,NUMPY_FLOAT64,12,8,2,6604,False,0.006091602842843935,0.00014417804777622223
4,19,NUMPY_FLOAT64,13,9,6,10232,False,0.04069868865227794,0.00035312294494360685
4,19,NUMPY_FLOAT64,14,11,6,11690,False,0.04069868865227794,0.0003545460058376193
4,19,NUMPY_FLOAT64,15,13,3,5624,False,0.01191622898797395,0.0002032499760389328
4,19,NUMPY_FLOAT64,16,16,9,14483,False,0.0855825154242248,0.0005114650120958686
4,19,NUMPY_FLOAT64,17,19,2,14231,False,0.006091602842843935,0.00014872010797262192
4,19,NUMPY_FLOAT64,18,23,12,13817,False,0.14499425206736485,0.0007146740099415183
4,19,NUMPY_FLOAT64,19,27,15,2963,False,0.2168511477630975,0.0008174109971150756
4,19,NUMPY_FLOAT64,20,32,21,6601,False,0.3874763196678059,0.001088563003577292
4,19,NUMPY_FLOAT64,21,39,31,11304,False,0.6938032959979046,0.0016451360424980521
4,19,NUMPY_FLOAT64,22,47,2,12638,False,0.006091602842843935,0.0001430619740858674
4,19,NUMPY_FLOAT64,23,56,6,2,True,0.04069868865227794,0.00036807695869356394
4,19,QISKIT_AER_STATEVECTOR,1,1,0,13472,False,0.0002441406250000001,0.001387375988997519
4,19,QISKIT_AER_STATEVECTOR,2,2,0,3693,False,0.0002441406250000001,0.0012070779921486974
4,19,QISKIT_AER_STATEVECTOR,3,2,1,925,False,0.002195835346356035,0.010651584016159177
4,19,QISKIT_AER_STATEVECTOR,4,2,1,1609,False,0.002195835346356035,0.010644105961546302
4,19,QISKIT_AER_STATEVECTOR,5,3,2,14676,False,0.006091602842843934,0.03552600089460611
4,19,QISKIT_AER_STATEVECTOR,6,3,1,14005,False,0.002195835346356035,0.016831054002977908
4,19,QISKIT_AER_STATEVECTOR,7,3,0,1763,False,0.0002441406250000001,0.002031132928095758
4,19,QISKIT_AER_STATEVECTOR,8,4,1,11976,False,0.002195835346356035,0.014634318999014795
4,19,QISKIT_AER_STATEVECTOR,9,5,0,9087,False,0.0002441406250000001,0.0012898111017420888
4,19,QISKIT_AER_STATEVECTOR,10,6,3,356,False,0.011916228987973945,0.030864370986819267
4,19,QISKIT_AER_STATEVECTOR,11,7,4,1085,False,0.019646966890663004,0.05190501199103892
4,19,QISKIT_AER_STATEVECTOR,12,8,2,6604,False,0.006091602842843934,0.03076148102991283
4,19,QISKIT_AER_STATEVECTOR,13,9,6,10232,False,0.04069868865227787,0.10399823600891978
4,19,QISKIT_AER_STATEVECTOR,14,11,6,11690,False,0.04069868865227787,0.0968069409718737
4,19,QISKIT_AER_STATEVECTOR,15,13,3,5624,False,0.011916228987973945,0.04158662003464997
4,19,QISKIT_AER_STATEVECTOR,16,16,9,14483,False,0.08558251542422442,0.15194792696274817
4,19,QISKIT_AER_STATEVECTOR,17,19,2,14231,False,0.006091602842843934,0.03623705497011542
4,19,QISKIT_AER_STATEVECTOR,18,23,12,13817,False,0.14499425206736377,0.17947366496082395
4,19,QISKIT_AER_STATEVECTOR,19,27,15,2963,False,0.21685114776309528,0.22700454201549292
4,19,QISKIT_AER_STATEVECTOR,20,32,21,6601,False,0.38747631966780005,0.2690894090337679
4,19,QISKIT_AER_STATEVECTOR,21,39,31,11304,False,0.6938032959978889,0.49706621398217976
4,19,QISKIT_AER_STATEVECTOR,22,47,2,12638,False,0.006091602842843934,0.03473455901257694
4,19,QISKIT_AER_STATEVECTOR,23,56,6,2,True,0.04069868865227787,0.08707245998084545
4,20,NUMPY_FLOAT64,1,1,0,8662,False,0.000244140625,0.00011826609261333942
4,20,NUMPY_FLOAT64,2,2,0,4798,False,0.000244140625,9.878701530396938e-05
4,20,NUMPY_FLOAT64,3,2,0,1412,False,0.000244140625,0.0001057980116456747
4,20,NUMPY_FLOAT64,4,2,0,8513,False,0.000244140625,9.0084969997406e-05
4,20,NUMPY_FLOAT64,5,3,0,5907,False,0.000244140625,9.308999869972467e-05
4,20,NUMPY_FLOAT64,6,3,2,10346,False,0.006091602842843935,0.0003758419770747423
4,20,NUMPY_FLOAT64,7,3,1,10002,False,0.0021958353463560343,0.00021769991144537926
4,20,NUMPY_FLOAT64,8,4,3,1714,False,0.01191622898797395,0.00043886294588446617
4,20,NUMPY_FLOAT64,9,5,4,10833,False,0.019646966890663024,0.0004926599794998765
4,20,NUMPY_FLOAT64,10,6,4,14675,False,0.019646966890663024,0.0005360670620575547
4,20,NUMPY_FLOAT64,11,7,6,11440,False,0.04069868865227794,0.00035360909532755613
4,20,NUMPY_FLOAT64,12,8,6,12197,False,0.04069868865227794,0.00045070191845297813
4,20,NUMPY_FLOAT64,13,9,5,6989,False,0.029253625728584965,0.0003084189957007766
4,20,NUMPY_FLOAT64,14,11,1,1140,False,0.0021958353463560343,0.00014606001786887646
4,20,NUMPY_FLOAT64,15,13,7,15355,False,0.05393745929955882,0.0004130089655518532
4,20,NUMPY_FLOAT64,16,16,6,1,True,0.04069868865227794,0.000741186086088419
4,20,QISKIT_AER_STATEVECTOR,1,1,0,8662,False,0.0002441406250000001,0.0018950150115415454
4,20,QISKIT_AER_STATEVECTOR,2,2,0,4798,False,0.0002441406250000001,0.0016093560261651874
4,20,QISKIT_AER_STATEVECTOR,3,2,0,1412,False,0.0002441406250000001,0.001877546077594161
4,20,QISKIT_AER_STATEVECTOR,4,2,0,8513,False,0.0002441406250000001,0.0013215020298957825
4,20,QISKIT_AER_STATEVECTOR,5,3,0,5907,False,0.0002441406250000001,0.001696088002063334
4,20,QISKIT_AER_STATEVECTOR,6,3,2,10346,False,0.006091602842843934,0.032770180027000606
4,20,QISKIT_AER_STATEVECTOR,7,3,1,10002,False,0.002195835346356035,0.018847497063688934
4,20,QISKIT_AER_STATEVECTOR,8,4,3,1714,False,0.011916228987973945,0.030503824935294688
4,20,QISKIT_AER_STATEVECTOR,9,5,4,10833,False,0.019646966890663004,0.04211899102665484
4,20,QISKIT_AER_STATEVECTOR,10,6,4,14675,False,0.019646966890663004,0.05774516798555851
4,20,QISKIT_AER_STATEVECTOR,11,7,6,11440,False,0.04069868865227787,0.1035610819235444
4,20,QISKIT_AER_STATEVECTOR,12,8,6,12197,False,0.04069868865227787,0.09947303798981011
4,20,QISKIT_AER_STATEVECTOR,13,9,5,6989,False,0.02925362572858493,0.07850923005025834
4,20,QISKIT_AER_STATEVECTOR,14,11,1,1140,False,0.002195835346356035,0.020217222976498306
4,20,QISKIT_AER_STATEVECTOR,15,13,7,15355,False,0.05393745929955868,0.12080644397065043
4,20,QISKIT_AER_STATEVECTOR,16,16,6,1,True,0.04069868865227787,0.09336453408468515
4,21,NUMPY_FLOAT64,1,1,0,3644,False,0.000244140625,0.00011329504195600748
4,21,NUMPY_FLOAT64,2,2,1,7049,False,0.0021958353463560343,0.00020181899890303612
4,21,NUMPY_FLOAT64,3,2,0,16204,False,0.000244140625,0.00010507390834391117
4,21,NUMPY_FLOAT64,4,2,1,3670,False,0.0021958353463560343,0.0001938419882208109
4,21,NUMPY_FLOAT64,5,3,2,13502,False,0.006091602842843935,0.00028841698076575994
4,21,NUMPY_FLOAT64,6,3,0,9606,False,0.000244140625,9.156600572168827e-05
4,21,NUMPY_FLOAT64,7,3,1,13195,False,0.0021958353463560343,0.00018771097529679537
4,21,NUMPY_FLOAT64,8,4,1,2191,False,0.0021958353463560343,0.0002046430017799139
4,21,NUMPY_FLOAT64,9,5,2,3777,False,0.006091602842843935,0.0002309719566255808
4,21,NUMPY_FLOAT64,10,6,1,15493,False,0.0021958353463560343,0.00018358405213803053
4,21,NUMPY_FLOAT64,11,7,6,12613,False,0.04069868865227794,0.0004614089848473668
4,21,NUMPY_FLOAT64,12,8,2,7313,False,0.006091602842843935,0.0001593229826539755
4,21,NUMPY_FLOAT64,13,9,4,13974,False,0.019646966890663024,0.0003046540077775717
4,21,NUMPY_FLOAT64,14,11,8,15093,False,0.06891823634806225,0.0005744370864704251
4,21,NUMPY_FLOAT64,15,13,4,6021,False,0.019646966890663024,0.00037315895315259695
4,21,NUMPY_FLOAT64,16,16,12,1956,False,0.14499425206736485,0.0009218989871442318
4,21,NUMPY_FLOAT64,17,19,3,963,False,0.01191622898797395,0.00040575896855443716
4,21,NUMPY_FLOAT64,18,23,8,8214,False,0.06891823634806225,0.0008994820527732372
4,21,NUMPY_FLOAT64,19,27,13,9738,False,0.16767996333129248,0.0014446109998971224
4,21,NUMPY_FLOAT64,20,32,11,1,True,0.12369494344643513,0.0011799109634011984
4,21,QISKIT_AER_STATEVECTOR,1,1,0,3644,False,0.0002441406250000001,0.002180873998440802
4,21,QISKIT_AER_STATEVECTOR,2,2,1,7049,False,0.002195835346356035,0.01628355192951858
4,21,QISKIT_AER_STATEVECTOR,3,2,0,16204,False,0.0002441406250000001,0.001314696972258389
4,21,QISKIT_AER_STATEVECTOR,4,2,1,3670,False,0.002195835346356035,0.013792579062283039
4,21,QISKIT_AER_STATEVECTOR,5,3,2,13502,False,0.006091602842843934,0.0276561250211671
4,21,QISKIT_AER_STATEVECTOR,6,3,0,9606,False,0.0002441406250000001,0.0013262120774015784
4,21,QISKIT_AER_STATEVECTOR,7,3,1,13195,False,0.002195835346356035,0.010535873007029295
4,21,QISKIT_AER_STATEVECTOR,8,4,1,2191,False,0.002195835346356035,0.01027366193011403
4,21,QISKIT_AER_STATEVECTOR,9,5,2,3777,False,0.006091602842843934,0.019165782956406474
4,21,QISKIT_AER_STATEVECTOR,10,6,1,15493,False,0.002195835346356035,0.010680309031158686
4,21,QISKIT_AER_STATEVECTOR,11,7,6,12613,False,0.04069868865227787,0.06074862997047603
4,21,QISKIT_AER_STATEVECTOR,12,8,2,7313,False,0.006091602842843934,0.02185776096303016
4,21,QISKIT_AER_STATEVECTOR,13,9,4,13974,False,0.019646966890663004,0.05109093408100307
4,21,QISKIT_AER_STATEVECTOR,14,11,8,15093,False,0.06891823634806199,0.08070588705595583
4,21,QISKIT_AER_STATEVECTOR,15,13,4,6021,False,0.019646966890663004,0.06363753695040941
4,21,QISKIT_AER_STATEVECTOR,16,16,12,1956,False,0.14499425206736377,0.14529667503666133
4,21,QISKIT_AER_STATEVECTOR,17,19,3,963,False,0.011916228987973945,0.05387954204343259
4,21,QISKIT_AER_STATEVECTOR,18,23,8,8214,False,0.06891823634806199,0.14162109605967999
4,21,QISKIT_AER_STATEVECTOR,19,27,13,9738,False,0.167679963331291,0.15287747408729047
4,21,QISKIT_AER_STATEVECTOR,20,32,11,1,True,0.12369494344643428,0.13028130598831922
4,22,NUMPY_FLOAT64,1,1,0,15378,False,0.000244140625,0.00011728005483746529
4,22,NUMPY_FLOAT64,2,2,1,8086,False,0.0021958353463560343,0.00026572297792881727
4,22,NUMPY_FLOAT64,3,2,1,8660,False,0.0021958353463560343,0.00010525202378630638
4,22,NUMPY_FLOAT64,4,2,1,7839,False,0.0021958353463560343,0.00010778801515698433
4,22,NUMPY_FLOAT64,5,3,2,9503,False,0.006091602842843935,0.00041257101111114025
4,22,NUMPY_FLOAT64,6,3,0,6740,False,0.000244140625,4.5752967707812786e-05
4,22,NUMPY_FLOAT64,7,3,0,9433,False,0.000244140625,4.601897671818733e-05
4,22,NUMPY_FLOAT64,8,4,1,1967,False,0.0021958353463560343,0.00010760605800896883
4,22,NUMPY_FLOAT64,9,5,1,5698,False,0.0021958353463560343,0.00010258005931973457
4,22,NUMPY_FLOAT64,10,6,5,6191,False,0.029253625728584965,0.00032444903627038
4,22,NUMPY_FLOAT64,11,7,3,194,False,0.01191622898797395,0.00021745497360825539
4,22,NUMPY_FLOAT64,12,8,0,8838,False,0.000244140625,4.2631058022379875e-05
4,22,NUMPY_FLOAT64,13,9,8,8741,False,0.06891823634806225,0.0007072399603202939
4,22,NUMPY_FLOAT64,14,11,0,13509,False,0.000244140625,4.7354958951473236e-05
4,22,NUMPY_FLOAT64,15,13,9,5926,False,0.0855825154242248,0.0005425909766927361
4,22,NUMPY_FLOAT64,16,16,13,11675,False,0.16767996333129248,0.0007207490270957351
4,22,NUMPY_FLOAT64,17,19,4,9637,False,0.019646966890663024,0.0003067560028284788
4,22,NUMPY_FLOAT64,18,23,9,9691,False,0.0855825154242248,0.0006245009135454893
4,22,NUMPY_FLOAT64,19,27,5,5460,False,0.029253625728584965,0.0003114510327577591
4,22,NUMPY_FLOAT64,20,32,12,7758,False,0.14499425206736485,0.0006776029476895928
4,22,NUMPY_FLOAT64,21,39,4,6975,False,0.019646966890663024,0.00026664091274142265
4,22,NUMPY_FLOAT64,22,47,38,1,True,0.8708333084363616,0.002207749057561159
4,22,QISKIT_AER_STATEVECTOR,1,1,0,15378,False,0.0002441406250000001,0.0014288199599832296
4,22,QISKIT_AER_STATEVECTOR,2,2,1,8086,False,0.002195835346356035,0.011724743992090225
4,22,QISKIT_AER_STATEVECTOR,3,2,1,8660,False,0.002195835346356035,0.01074393093585968
4,22,QISKIT_AER_STATEVECTOR,4,2,1,7839,False,0.002195835346356035,0.010498175048269331
4,22,QISKIT_AER_STATEVECTOR,5,3,2,9503,False,0.006091602842843934,0.01975453901104629
4,22,QISKIT_AER_STATEVECTOR,6,3,0,6740,False,0.0002441406250000001,0.0011563419830054045
4,22,QISKIT_AER_STATEVECTOR,7,3,0,9433,False,0.0002441406250000001,0.001165861962363124
4,22,QISKIT_AER_STATEVECTOR,8,4,1,1967,False,0.002195835346356035,0.01071606995537877
4,22,QISKIT_AER_STATEVECTOR,9,5,1,5698,False,0.002195835346356035,0.011505409027449787
4,22,QISKIT_AER_STATEVECTOR,10,6,5,6191,False,0.02925362572858493,0.067770313937217
4,22,QISKIT_AER_STATEVECTOR,11,7,3,194,False,0.011916228987973945,0.05043487099464983
4,22,QISKIT_AER_STATEVECTOR,12,8,0,8838,False,0.0002441406250000001,0.002320808940567076
4,22,QISKIT_AER_STATEVECTOR,13,9,8,8741,False,0.06891823634806199,0.10632467200048268
4,22,QISKIT_AER_STATEVECTOR,14,11,0,13509,False,0.0002441406250000001,0.0013299729907885194
4,22,QISKIT_AER_STATEVECTOR,15,13,9,5926,False,0.08558251542422442,0.08621368499007076
4,22,QISKIT_AER_STATEVECTOR,16,16,13,11675,False,0.167679963331291,0.14530219906009734
4,22,QISKIT_AER_STATEVECTOR,17,19,4,9637,False,0.019646966890663004,0.0403832639567554
4,22,QISKIT_AER_STATEVECTOR,18,23,9,9691,False,0.08558251542422442,0.12569138500839472
4,22,QISKIT_AER_STATEVECTOR,19,27,5,5460,False,0.02925362572858493,0.06715947098564357
4,22,QISKIT_AER_STATEVECTOR,20,32,12,7758,False,0.14499425206736377,0.14885046309791505
4,22,QISKIT_AER_STATEVECTOR,21,39,4,6975,False,0.019646966890663004,0.054129146970808506
4,22,QISKIT_AER_STATEVECTOR,22,47,38,1,True,0.8708333084363382,0.5574219189584255
4,23,NUMPY_FLOAT64,1,1,0,103,False,0.000244140625,0.00011725805234164
4,23,NUMPY_FLOAT64,2,2,0,15643,False,0.000244140625,0.0001053869491443038
4,23,NUMPY_FLOAT64,3,2,1,10394,False,0.0021958353463560343,0.0002654900308698416
4,23,NUMPY_FLOAT64,4,2,0,12873,False,0.000244140625,9.354599751532078e-05
4,23,NUMPY_FLOAT64,5,3,0,15446,False,0.000244140625,8.833000902086496e-05
4,23,NUMPY_FLOAT64,6,3,2,3459,False,0.006091602842843935,0.00034612405579537153
4,23,NUMPY_FLOAT64,7,3,0,7670,False,0.000244140625,9.131594561040401e-05
4,23,NUMPY_FLOAT64,8,4,3,12756,False,0.01191622898797395,0.0004331850213930011
4,23,NUMPY_FLOAT64,9,5,3,0,True,0.01191622898797395,0.000422490993514657
4,23,QISKIT_AER_STATEVECTOR,1,1,0,103,False,0.0002441406250000001,0.002453363034874201
4,23,QISKIT_AER_STATEVECTOR,2,2,0,15643,False,0.0002441406250000001,0.0022947159595787525
4,23,QISKIT_AER_STATEVECTOR,3,2,1,10394,False,0.002195835346356035,0.018052767030894756
4,23,QISKIT_AER_STATEVECTOR,4,2,0,12873,False,0.0002441406250000001,0.0013861930929124355
4,23,QISKIT_AER_STATEVECTOR,5,3,0,15446,False,0.0002441406250000001,0.0016455539735034108
4,23,QISKIT_AER_STATEVECTOR,6,3,2,3459,False,0.006091602842843934,0.023582066991366446
4,23,QISKIT_AER_STATEVECTOR,7,3,0,7670,False,0.0002441406250000001,0.0012348919408395886
4,23,QISKIT_AER_STATEVECTOR,8,4,3,12756,False,0.011916228987973945,0.029488434898667037
4,23,QISKIT_AER_STATEVECTOR,9,5,3,0,True,0.011916228987973945,0.04120014701038599
4,24,NUMPY_FLOAT64,1,1,0,300,False,0.000244140625,0.00011430203448981047
4,24,NUMPY_FLOAT64,2,2,0,6888,False,0.000244140625,9.63079510256648e-05
4,24,NUMPY_FLOAT64,3,2,0,355,False,0.000244140625,9.073794353753328e-05
4,24,NUMPY_FLOAT64,4,2,1,8485,False,0.0021958353463560343,0.0002314569428563118
4,24,NUMPY_FLOAT64,5,3,1,11051,False,0.0021958353463560343,0.0002170819789171219
4,24,NUMPY_FLOAT64,6,3,2,5315,False,0.006091602842843935,0.0002945549786090851
4,24,NUMPY_FLOAT64,7,3,1,7153,False,0.0021958353463560343,0.000191192957572639
4,24,NUMPY_FLOAT64,8,4,3,14627,False,0.01191622898797395,0.0004250570200383663
4,24,NUMPY_FLOAT64,9,5,0,1227,False,0.000244140625,8.4250932559371e-05
4,24,NUMPY_FLOAT64,10,6,3,15576,False,0.01191622898797395,0.0004046270623803139
4,24,NUMPY_FLOAT64,11,7,4,11709,False,0.019646966890663024,0.0004877140745520592
4,24,NUMPY_FLOAT64,12,8,6,7043,False,0.04069868865227794,0.0007372470572590828
4,24,NUMPY_FLOAT64,13,9,4,537,False,0.019646966890663024,0.0004715269897133112
4,24,NUMPY_FLOAT64,14,11,0,14926,False,0.000244140625,9.238894563168287e-05
4,24,NUMPY_FLOAT64,15,13,7,3504,False,0.05393745929955882,0.000768819940276444
4,24,NUMPY_FLOAT64,16,16,6,4119,False,0.04069868865227794,0.000685582053847611
4,24,NUMPY_FLOAT64,17,19,9,13331,False,0.0855825154242248,0.0008702409686520696
4,24,NUMPY_FLOAT64,18,23,5,12043,False,0.029253625728584965,0.0005863039987161756
4,24,NUMPY_FLOAT64,19,27,12,1265,False,0.14499425206736485,0.0012706619454547763
4,24,NUMPY_FLOAT64,20,32,10,16139,False,0.10386521758020019,0.0011630610097199678
4,24,NUMPY_FLOAT64,21,39,16,1,True,0.24314459288508386,0.0016596999485045671
4,24,QISKIT_AER_STATEVECTOR,1,1,0,300,False,0.0002441406250000001,0.002228153054602444
4,24,QISKIT_AER_STATEVECTOR,2,2,0,6888,False,0.0002441406250000001,0.0023271481040865183
4,24,QISKIT_AER_STATEVECTOR,3,2,0,355,False,0.0002441406250000001,0.0023033979814499617
4,24,QISKIT_AER_STATEVECTOR,4,2,1,8485,False,0.002195835346356035,0.013056867988780141
4,24,QISKIT_AER_STATEVECTOR,5,3,1,11051,False,0.002195835346356035,0.0104151169070974
4,24,QISKIT_AER_STATEVECTOR,6,3,2,5315,False,0.006091602842843934,0.01933860604185611
4,24,QISKIT_AER_STATEVECTOR,7,3,1,7153,False,0.002195835346356035,0.010316708008758724
4,24,QISKIT_AER_STATEVECTOR,8,4,3,14627,False,0.011916228987973945,0.03077740501612425
4,24,QISKIT_AER_STATEVECTOR,9,5,0,1227,False,0.0002441406250000001,0.0015305139822885394
4,24,QISKIT_AER_STATEVECTOR,10,6,3,15576,False,0.011916228987973945,0.03576221608091146
4,24,QISKIT_AER_STATEVECTOR,11,7,4,11709,False,0.019646966890663004,0.06212533207144588
4,24,QISKIT_AER_STATEVECTOR,12,8,6,7043,False,0.04069868865227787,0.07184999308083206
4,24,QISKIT_AER_STATEVECTOR,13,9,4,537,False,0.019646966890663004,0.03997970500495285
4,24,QISKIT_AER_STATEVECTOR,14,11,0,14926,False,0.0002441406250000001,0.001361059956252575
4,24,QISKIT_AER_STATEVECTOR,15,13,7,3504,False,0.05393745929955868,0.08051479503046721
4,24,QISKIT_AER_STATEVECTOR,16,16,6,4119,False,0.04069868865227787,0.058022832963615656
4,24,QISKIT_AER_STATEVECTOR,17,19,9,13331,False,0.08558251542422442,0.12791779497638345
4,24,QISKIT_AER_STATEVECTOR,18,23,5,12043,False,0.02925362572858493,0.07802985096350312
4,24,QISKIT_AER_STATEVECTOR,19,27,12,1265,False,0.14499425206736377,0.19826572597958148
4,24,QISKIT_AER_STATEVECTOR,20,32,10,16139,False,0.10386521758019962,0.14657048101071268
4,24,QISKIT_AER_STATEVECTOR,21,39,16,1,True,0.24314459288508106,0.21006656996905804
4,25,NUMPY_FLOAT64,1,1,0,6519,False,0.000244140625,7.045292295515537e-05
4,25,NUMPY_FLOAT64,2,2,1,6799,False,0.0021958353463560343,0.00015733798500150442
4,25,NUMPY_FLOAT64,3,2,0,4162,False,0.000244140625,4.434795118868351e-05
4,25,NUMPY_FLOAT64,4,2,0,14471,False,0.000244140625,4.537601489573717e-05
4,25,NUMPY_FLOAT64,5,3,1,10976,False,0.0021958353463560343,0.0002039700048044324
4,25,NUMPY_FLOAT64,6,3,1,13512,False,0.0021958353463560343,0.00020369200501590967
4,25,NUMPY_FLOAT64,7,3,1,9729,False,0.0021958353463560343,0.00019188097212463617
4,25,NUMPY_FLOAT64,8,4,0,15989,False,0.000244140625,4.490895662456751e-05
4,25,NUMPY_FLOAT64,9,5,4,15572,False,0.019646966890663024,0.000260090921074152
4,25,NUMPY_FLOAT64,10,6,5,4579,False,0.029253625728584965,0.0005608228966593742
4,25,NUMPY_FLOAT64,11,7,4,8883,False,0.019646966890663024,0.0005118920234963298
4,25,NUMPY_FLOAT64,12,8,1,9105,False,0.0021958353463560343,0.0001875140005722642
4,25,NUMPY_FLOAT64,13,9,6,14389,False,0.04069868865227794,0.0007454759906977415
4,25,NUMPY_FLOAT64,14,11,4,2606,False,0.019646966890663024,0.00024862505961209536
4,25,NUMPY_FLOAT64,15,13,3,6834,False,0.01191622898797395,0.0002182390308007598
4,25,NUMPY_FLOAT64,16,16,12,5202,False,0.14499425206736485,0.000683224992826581
4,25,NUMPY_FLOAT64,17,19,6,9925,False,0.04069868865227794,0.0003655320033431053
4,25,NUMPY_FLOAT64,18,23,18,14897,False,0.2986341714783573,0.001660926965996623
4,25,NUMPY_FLOAT64,19,27,25,0,True,0.5115082487498068,0.002660586964339018
4,25,QISKIT_AER_STATEVECTOR,1,1,0,6519,False,0.0002441406250000001,0.0021917830454185605
4,25,QISKIT_AER_STATEVECTOR,2,2,1,6799,False,0.002195835346356035,0.015370534034445882
4,25,QISKIT_AER_STATEVECTOR,3,2,0,4162,False,0.0002441406250000001,0.0019263209542259574
4,25,QISKIT_AER_STATEVECTOR,4,2,0,14471,False,0.0002441406250000001,0.001992636010982096
4,25,QISKIT_AER_STATEVECTOR,5,3,1,10976,False,0.002195835346356035,0.019899938022717834
4,25,QISKIT_AER_STATEVECTOR,6,3,1,13512,False,0.002195835346356035,0.017110284068621695
4,25,QISKIT_AER_STATEVECTOR,7,3,1,9729,False,0.002195835346356035,0.014877654029987752
4,25,QISKIT_AER_STATEVECTOR,8,4,0,15989,False,0.0002441406250000001,0.0013794340193271637
4,25,QISKIT_AER_STATEVECTOR,9,5,4,15572,False,0.019646966890663004,0.03773933101911098
4,25,QISKIT_AER_STATEVECTOR,10,6,5,4579,False,0.02925362572858493,0.06457573699299246
4,25,QISKIT_AER_STATEVECTOR,11,7,4,8883,False,0.019646966890663004,0.0722929909825325
4,25,QISKIT_AER_STATEVECTOR,12,8,1,9105,False,0.002195835346356035,0.02010874403640628
4,25,QISKIT_AER_STATEVECTOR,13,9,6,14389,False,0.04069868865227787,0.10412763198837638
4,25,QISKIT_AER_STATEVECTOR,14,11,4,2606,False,0.019646966890663004,0.07219645904842764
4,25,QISKIT_AER_STATEVECTOR,15,13,3,6834,False,0.011916228987973945,0.042822206974960864
4,25,QISKIT_AER_STATEVECTOR,16,16,12,5202,False,0.14499425206736377,0.17859926191158593
4,25,QISKIT_AER_STATEVECTOR,17,19,6,9925,False,0.04069868865227787,0.07365497201681137
4,25,QISKIT_AER_STATEVECTOR,18,23,18,14897,False,0.29863417147835347,0.19680558296386153
4,25,QISKIT_AER_STATEVECTOR,19,27,25,0,True,0.5115082487497975,0.3382371709449217
4,26,NUMPY_FLOAT64,1,1,0,9401,False,0.000244140625,0.00011498096864670515
4,26,NUMPY_FLOAT64,2,2,1,10782,False,0.0021958353463560343,0.00024725194089114666
4,26,NUMPY_FLOAT64,3,2,1,5422,False,0.0021958353463560343,0.0002118829870596528
4,26,NUMPY_FLOAT64,4,2,0,7922,False,0.000244140625,8.836109191179276e-05
4,26,NUMPY_FLOAT64,5,3,1,9816,False,0.0021958353463560343,0.00019241205882281065
4,26,NUMPY_FLOAT64,6,3,1,10416,False,0.0021958353463560343,0.0002047220477834344
4,26,NUMPY_FLOAT64,7,3,0,1314,False,0.000244140625,8.934293873608112e-05
4,26,NUMPY_FLOAT64,8,4,0,15728,False,0.000244140625,8.298002649098635e-05
4,26,NUMPY_FLOAT64,9,5,3,8561,False,0.01191622898797395,0.00038601807318627834
4,26,NUMPY_FLOAT64,10,6,4,7749,False,0.019646966890663024,0.0005140670109540224
4,26,NUMPY_FLOAT64,11,7,2,4877,False,0.006091602842843935,0.00028892606496810913
4,26,NUMPY_FLOAT64,12,8,2,9280,False,0.006091602842843935,0.0002874840283766389
4,26,NUMPY_FLOAT64,13,9,0,12531,False,0.000244140625,9.411002974957228e-05
4,26,NUMPY_FLOAT64,14,11,7,11048,False,0.05393745929955882,0.0007629420142620802
4,26,NUMPY_FLOAT64,15,13,5,12484,False,0.029253625728584965,0.0005631609819829464
4,26,NUMPY_FLOAT64,16,16,2,9376,False,0.006091602842843935,0.0002814331091940403
4,26,NUMPY_FLOAT64,17,19,14,14680,False,0.19166348281337348,0.0013348159845918417
4,26,NUMPY_FLOAT64,18,23,11,14204,False,0.12369494344643513,0.0011112210340797901
4,26,NUMPY_FLOAT64,19,27,10,6875,False,0.10386521758020019,0.0011239199666306376
4,26,NUMPY_FLOAT64,20,32,5,10750,False,0.029253625728584965,0.00045390299055725336
4,26,NUMPY_FLOAT64,21,39,10,6114,False,0.10386521758020019,0.0008009939920157194
4,26,NUMPY_FLOAT64,22,47,35,2,True,0.8018140403248848,0.0031807880150154233
4,26,QISKIT_AER_STATEVECTOR,1,1,0,9401,False,0.0002441406250000001,0.0022940149065107107
4,26,QISKIT_AER_STATEVECTOR,2,2,1,10782,False,0.002195835346356035,0.020192740950733423
4,26,QISKIT_AER_STATEVECTOR,3,2,1,5422,False,0.002195835346356035,0.01765360205899924
4,26,QISKIT_AER_STATEVECTOR,4,2,0,7922,False,0.0002441406250000001,0.0016536200419068336
4,26,QISKIT_AER_STATEVECTOR,5,3,1,9816,False,0.002195835346356035,0.010779265081509948
4,26,QISKIT_AER_STATEVECTOR,6,3,1,10416,False,0.002195835346356035,0.012214773101732135
4,26,QISKIT_AER_STATEVECTOR,7,3,0,1314,False,0.0002441406250000001,0.0012041220907121897
4,26,QISKIT_AER_STATEVECTOR,8,4,0,15728,False,0.0002441406250000001,0.0011723819188773632
4,26,QISKIT_AER_STATEVECTOR,9,5,3,8561,False,0.011916228987973945,0.03416722093243152
4,26,QISKIT_AER_STATEVECTOR,10,6,4,7749,False,0.019646966890663004,0.04268393595702946
4,26,QISKIT_AER_STATEVECTOR,11,7,2,4877,False,0.006091602842843934,0.02468873094767332
4,26,QISKIT_AER_STATEVECTOR,12,8,2,9280,False,0.006091602842843934,0.021720014046877623
4,26,QISKIT_AER_STATEVECTOR,13,9,0,12531,False,0.0002441406250000001,0.002126469975337386
4,26,QISKIT_AER_STATEVECTOR,14,11,7,11048,False,0.05393745929955868,0.11335829203017056
4,26,QISKIT_AER_STATEVECTOR,15,13,5,12484,False,0.02925362572858493,0.06645382102578878
4,26,QISKIT_AER_STATEVECTOR,16,16,2,9376,False,0.006091602842843934,0.026699985028244555
4,26,QISKIT_AER_STATEVECTOR,17,19,14,14680,False,0.19166348281337164,0.2216823271010071
4,26,QISKIT_AER_STATEVECTOR,18,23,11,14204,False,0.12369494344643428,0.15852482710033655
4,26,QISKIT_AER_STATEVECTOR,19,27,10,6875,False,0.10386521758019962,0.11147787398658693
4,26,QISKIT_AER_STATEVECTOR,20,32,5,10750,False,0.02925362572858493,0.07988457602914423
4,26,QISKIT_AER_STATEVECTOR,21,39,10,6114,False,0.10386521758019962,0.1773359370417893
4,26,QISKIT_AER_STATEVECTOR,22,47,35,2,True,0.8018140403248647,0.5241564459865913
4,27,NUMPY_FLOAT64,1,1,0,15999,False,0.000244140625,9.146006777882576e-05
4,27,NUMPY_FLOAT64,2,2,0,10014,False,0.000244140625,6.231199949979782e-05
4,27,NUMPY_FLOAT64,3,2,1,11235,False,0.0021958353463560343,0.00024092290550470352
4,27,NUMPY_FLOAT64,4,2,1,15421,False,0.0021958353463560343,0.0002109480556100607
4,27,NUMPY_FLOAT64,5,3,0,14469,False,0.000244140625,8.675397839397192e-05
4,27,NUMPY_FLOAT64,6,3,2,16071,False,0.006091602842843935,0.00028467399533838034
4,27,NUMPY_FLOAT64,7,3,1,6752,False,0.0021958353463560343,0.00020210305228829384
4,27,NUMPY_FLOAT64,8,4,1,7709,False,0.0021958353463560343,0.000202102935872972
4,27,NUMPY_FLOAT64,9,5,4,13245,False,0.019646966890663024,0.0004776889691129327
4,27,NUMPY_FLOAT64,10,6,5,7938,False,0.029253625728584965,0.0006108439993113279
4,27,NUMPY_FLOAT64,11,7,6,13260,False,0.04069868865227794,0.0006872049998492002
4,27,NUMPY_FLOAT64,12,8,2,7536,False,0.006091602842843935,0.0002843099646270275
4,27,NUMPY_FLOAT64,13,9,0,15906,False,0.000244140625,8.331600110977888e-05
4,27,NUMPY_FLOAT64,14,11,0,12263,False,0.000244140625,8.802104275673628e-05
4,27,NUMPY_FLOAT64,15,13,0,8379,False,0.000244140625,8.056999649852514e-05
4,27,NUMPY_FLOAT64,16,16,14,344,False,0.19166348281337348,0.0013658490497618914
4,27,NUMPY_FLOAT64,17,19,9,3166,False,0.0855825154242248,0.0010521899675950408
4,27,NUMPY_FLOAT64,18,23,7,13773,False,0.05393745929955882,0.0008096880046650767
4,27,NUMPY_FLOAT64,19,27,17,12164,False,0.270441134484708,0.001758413971401751
4,27,NUMPY_FLOAT64,20,32,11,5635,False,0.12369494344643513,0.0012314260238781571
4,27,NUMPY_FLOAT64,21,39,6,8239,False,0.04069868865227794,0.0007114760810509324
4,27,NUMPY_FLOAT64,22,47,8,1,True,0.06891823634806225,0.0008783800294622779
4,27,QISKIT_AER_STATEVECTOR,1,1,0,15999,False,0.0002441406250000001,0.0024628929095342755
4,27,QISKIT_AER_STATEVECTOR,2,2,0,10014,False,0.0002441406250000001,0.0022883519995957613
4,27,QISKIT_AER_STATEVECTOR,3,2,1,11235,False,0.002195835346356035,0.01675774296745658
4,27,QISKIT_AER_STATEVECTOR,4,2,1,15421,False,0.002195835346356035,0.02007262606639415
4,27,QISKIT_AER_STATEVECTOR,5,3,0,14469,False,0.0002441406250000001,0.002341300016269088
4,27,QISKIT_AER_STATEVECTOR,6,3,2,16071,False,0.006091602842843934,0.036123067955486476
4,27,QISKIT_AER_STATEVECTOR,7,3,1,6752,False,0.002195835346356035,0.019744054996408522
4,27,QISKIT_AER_STATEVECTOR,8,4,1,7709,False,0.002195835346356035,0.019523183000274003
4,27,QISKIT_AER_STATEVECTOR,9,5,4,13245,False,0.019646966890663004,0.051943838014267385
4,27,QISKIT_AER_STATEVECTOR,10,6,5,7938,False,0.02925362572858493,0.07701670692767948
4,27,QISKIT_AER_STATEVECTOR,11,7,6,13260,False,0.04069868865227787,0.08727249596267939
4,27,QISKIT_AER_STATEVECTOR,12,8,2,7536,False,0.006091602842843934,0.025416161050088704
4,27,QISKIT_AER_STATEVECTOR,13,9,0,15906,False,0.0002441406250000001,0.00141531799454242
4,27,QISKIT_AER_STATEVECTOR,14,11,0,12263,False,0.0002441406250000001,0.002301975036971271
4,27,QISKIT_AER_STATEVECTOR,15,13,0,8379,False,0.0002441406250000001,0.001191093004308641
4,27,QISKIT_AER_STATEVECTOR,16,16,14,344,False,0.19166348281337164,0.17529841396026313
4,27,QISKIT_AER_STATEVECTOR,17,19,9,3166,False,0.08558251542422442,0.14032722101546824
4,27,QISKIT_AER_STATEVECTOR,18,23,7,13773,False,0.05393745929955868,0.09389783698134124
4,27,QISKIT_AER_STATEVECTOR,19,27,17,12164,False,0.2704411344847048,0.24450444395188242
4,27,QISKIT_AER_STATEVECTOR,20,32,11,5635,False,0.12369494344643428,0.1871862190309912
4,27,QISKIT_AER_STATEVECTOR,21,39,6,8239,False,0.04069868865227787,0.10457756102550775
4,27,QISKIT_AER_STATEVECTOR,22,47,8,1,True,0.06891823634806199,0.12102068797685206
4,28,NUMPY_FLOAT64,1,1,0,12935,False,0.000244140625,9.234796743839979e-05
4,28,NUMPY_FLOAT64,2,2,0,15657,False,0.000244140625,0.00010141392704099417
4,28,NUMPY_FLOAT64,3,2,0,12822,False,0.000244140625,6.919307634234428e-05
4,28,NUMPY_FLOAT64,4,2,0,2388,False,0.000244140625,6.613193545490503e-05
4,28,NUMPY_FLOAT64,5,3,1,13913,False,0.0021958353463560343,0.00020270294044166803
4,28,NUMPY_FLOAT64,6,3,0,5320,False,0.000244140625,8.812092710286379e-05
4,28,NUMPY_FLOAT64,7,3,2,10372,False,0.006091602842843935,0.00025466899387538433
4,28,NUMPY_FLOAT64,8,4,1,8179,False,0.0021958353463560343,0.00015670096036046743
4,28,NUMPY_FLOAT64,9,5,3,15102,False,0.01191622898797395,0.0003362919669598341
4,28,NUMPY_FLOAT64,10,6,1,14170,False,0.0021958353463560343,0.0001394110731780529
4,28,NUMPY_FLOAT64,11,7,3,10126,False,0.01191622898797395,0.0002516839886084199
4,28,NUMPY_FLOAT64,12,8,7,8418,False,0.05393745929955882,0.0004904549568891525
4,28,NUMPY_FLOAT64,13,9,8,2734,False,0.06891823634806225,0.0008745439117774367
4,28,NUMPY_FLOAT64,14,11,1,11863,False,0.0021958353463560343,9.621295612305403e-05
4,28,NUMPY_FLOAT64,15,13,10,3880,False,0.10386521758020019,0.00073942297603935
4,28,NUMPY_FLOAT64,16,16,13,2,True,0.16767996333129248,0.0011402249801903963
4,28,QISKIT_AER_STATEVECTOR,1,1,0,12935,False,0.0002441406250000001,0.0020831329748034477
4,28,QISKIT_AER_STATEVECTOR,2,2,0,15657,False,0.0002441406250000001,0.001371007994748652
4,28,QISKIT_AER_STATEVECTOR,3,2,0,12822,False,0.0002441406250000001,0.0017562990542501211
4,28,QISKIT_AER_STATEVECTOR,4,2,0,2388,False,0.0002441406250000001,0.0016484629595652223
4,28,QISKIT_AER_STATEVECTOR,5,3,1,13913,False,0.002195835346356035,0.011506797978654504
4,28,QISKIT_AER_STATEVECTOR,6,3,0,5320,False,0.0002441406250000001,0.0012077869614586234
4,28,QISKIT_AER_STATEVECTOR,7,3,2,10372,False,0.006091602842843934,0.02026666607707739
4,28,QISKIT_AER_STATEVECTOR,8,4,1,8179,False,0.002195835346356035,0.01083037001080811
4,28,QISKIT_AER_STATEVECTOR,9,5,3,15102,False,0.011916228987973945,0.032831246964633465
4,28,QISKIT_AER_STATEVECTOR,10,6,1,14170,False,0.002195835346356035,0.019001392065547407
4,28,QISKIT_AER_STATEVECTOR,11,7,3,10126,False,0.011916228987973945,0.045589912915602326
4,28,QISKIT_AER_STATEVECTOR,12,8,7,8418,False,0.05393745929955868,0.10736934002488852
4,28,QISKIT_AER_STATEVECTOR,13,9,8,2734,False,0.06891823634806199,0.0966968199936673
4,28,QISKIT_AER_STATEVECTOR,14,11,1,11863,False,0.002195835346356035,0.010480379918590188
4,28,QISKIT_AER_STATEVECTOR,15,13,10,3880,False,0.10386521758019962,0.14316989004146308
4,28,QISKIT_AER_STATEVECTOR,16,16,13,2,True,0.167679963331291,0.17412306601181626
4,29,NUMPY_FLOAT64,1,1,0,15036,False,0.000244140625,6.673508323729038e-05
4,29,NUMPY_FLOAT64,2,2,1,1132,False,0.0021958353463560343,0.00017956504598259926
4,29,NUMPY_FLOAT64,3,2,0,8785,False,0.000244140625,4.412198904901743e-05
4,29,NUMPY_FLOAT64,4,2,1,4342,False,0.0021958353463560343,0.0001954290783032775
4,29,NUMPY_FLOAT64,5,3,2,9694,False,0.006091602842843935,0.0001607700251042843
4,29,NUMPY_FLOAT64,6,3,2,4877,False,0.006091602842843935,0.00014770403504371643
4,29,NUMPY_FLOAT64,7,3,1,1572,False,0.0021958353463560343,0.00020275602582842112
4,29,NUMPY_FLOAT64,8,4,0,6993,False,0.000244140625,4.288600757718086e-05
4,29,NUMPY_FLOAT64,9,5,0,985,False,0.000244140625,5.2748946473002434e-05
4,29,NUMPY_FLOAT64,10,6,3,13024,False,0.01191622898797395,0.00022308295592665672
4,29,NUMPY_FLOAT64,11,7,2,1262,False,0.006091602842843935,0.00015444704331457615
4,29,NUMPY_FLOAT64,12,8,4,14397,False,0.019646966890663024,0.00027797697111964226
4,29,NUMPY_FLOAT64,13,9,4,15189,False,0.019646966890663024,0.0002446649596095085
4,29,NUMPY_FLOAT64,14,11,8,13351,False,0.06891823634806225,0.0004595189820975065
4,29,NUMPY_FLOAT64,15,13,11,5009,False,0.12369494344643513,0.0009734579361975193
4,29,NUMPY_FLOAT64,16,16,6,2405,False,0.04069868865227794,0.000341109000146389
4,29,NUMPY_FLOAT64,17,19,17,0,True,0.270441134484708,0.0008851260645315051
4,29,QISKIT_AER_STATEVECTOR,1,1,0,15036,False,0.0002441406250000001,0.001390129909850657
4,29,QISKIT_AER_STATEVECTOR,2,2,1,1132,False,0.002195835346356035,0.012863070936873555
4,29,QISKIT_AER_STATEVECTOR,3,2,0,8785,False,0.0002441406250000001,0.002005716902203858
4,29,QISKIT_AER_STATEVECTOR,4,2,1,4342,False,0.002195835346356035,0.018580653006210923
4,29,QISKIT_AER_STATEVECTOR,5,3,2,9694,False,0.006091602842843934,0.03759653901215643
4,29,QISKIT_AER_STATEVECTOR,6,3,2,4877,False,0.006091602842843934,0.03524020791519433
4,29,QISKIT_AER_STATEVECTOR,7,3,1,1572,False,0.002195835346356035,0.018849782063625753
4,29,QISKIT_AER_STATEVECTOR,8,4,0,6993,False,0.0002441406250000001,0.0023187609622254968
4,29,QISKIT_AER_STATEVECTOR,9,5,0,985,False,0.0002441406250000001,0.002314636018127203
4,29,QISKIT_AER_STATEVECTOR,10,6,3,13024,False,0.011916228987973945,0.05505042301956564
4,29,QISKIT_AER_STATEVECTOR,11,7,2,1262,False,0.006091602842843934,0.030380551936104894
4,29,QISKIT_AER_STATEVECTOR,12,8,4,14397,False,0.019646966890663004,0.057036801939830184
4,29,QISKIT_AER_STATEVECTOR,13,9,4,15189,False,0.019646966890663004,0.04926131700631231
4,29,QISKIT_AER_STATEVECTOR,14,11,8,13351,False,0.06891823634806199,0.08368716307450086
4,29,QISKIT_AER_STATEVECTOR,15,13,11,5009,False,0.12369494344643428,0.15916406002361327
4,29,QISKIT_AER_STATEVECTOR,16,16,6,2405,False,0.04069868865227787,0.09977375599555671
4,29,QISKIT_AER_STATEVECTOR,17,19,17,0,True,0.2704411344847048,0.24228825990576297
4,30,NUMPY_FLOAT64,1,1,0,13912,False,0.000244140625,9.177892934530973e-05
4,30,NUMPY_FLOAT64,2,2,1,15075,False,0.0021958353463560343,0.00020111794583499432
4,30,NUMPY_FLOAT64,3,2,1,2126,False,0.0021958353463560343,0.00016357307322323322
4,30,NUMPY_FLOAT64,4,2,1,6522,False,0.0021958353463560343,0.00018060393631458282
4,30,NUMPY_FLOAT64,5,3,2,5781,False,0.006091602842843935,0.0002827810822054744
4,30,NUMPY_FLOAT64,6,3,1,1406,False,0.0021958353463560343,0.00019841000903397799
4,30,NUMPY_FLOAT64,7,3,2,7131,False,0.006091602842843935,0.00029513798654079437
4,30,NUMPY_FLOAT64,8,4,1,7544,False,0.0021958353463560343,0.0001769819064065814
4,30,NUMPY_FLOAT64,9,5,1,9335,False,0.0021958353463560343,0.00018684100359678268
4,30,NUMPY_FLOAT64,10,6,2,2437,False,0.006091602842843935,0.00029758806340396404
4,30,NUMPY_FLOAT64,11,7,6,5613,False,0.04069868865227794,0.0007515650941058993
4,30,NUMPY_FLOAT64,12,8,4,8334,False,0.019646966890663024,0.0005152770318090916
4,30,NUMPY_FLOAT64,13,9,2,10949,False,0.006091602842843935,0.0002880590036511421
4,30,NUMPY_FLOAT64,14,11,6,4621,False,0.04069868865227794,0.0007394480053335428
4,30,NUMPY_FLOAT64,15,13,11,10523,False,0.12369494344643513,0.0011989549966529012
4,30,NUMPY_FLOAT64,16,16,9,10173,False,0.0855825154242248,0.001040541916154325
4,30,NUMPY_FLOAT64,17,19,13,0,True,0.16767996333129248,0.001392860896885395
4,30,QISKIT_AER_STATEVECTOR,1,1,0,13912,False,0.0002441406250000001,0.0024011190980672836
4,30,QISKIT_AER_STATEVECTOR,2,2,1,15075,False,0.002195835346356035,0.01990346994716674
4,30,QISKIT_AER_STATEVECTOR,3,2,1,2126,False,0.002195835346356035,0.019854880054481328
4,30,QISKIT_AER_STATEVECTOR,4,2,1,6522,False,0.002195835346356035,0.018092126003466547
4,30,QISKIT_AER_STATEVECTOR,5,3,2,5781,False,0.006091602842843934,0.036913948017172515
4,30,QISKIT_AER_STATEVECTOR,6,3,1,1406,False,0.002195835346356035,0.02004736801609397
4,30,QISKIT_AER_STATEVECTOR,7,3,2,7131,False,0.006091602842843934,0.03768688696436584
4,30,QISKIT_AER_STATEVECTOR,8,4,1,7544,False,0.002195835346356035,0.01979064499028027
4,30,QISKIT_AER_STATEVECTOR,9,5,1,9335,False,0.002195835346356035,0.019926670007407665
4,30,QISKIT_AER_STATEVECTOR,10,6,2,2437,False,0.006091602842843934,0.03658849000930786
4,30,QISKIT_AER_STATEVECTOR,11,7,6,5613,False,0.04069868865227787,0.09162365202791989
4,30,QISKIT_AER_STATEVECTOR,12,8,4,8334,False,0.019646966890663004,0.06540699501056224
4,30,QISKIT_AER_STATEVECTOR,13,9,2,10949,False,0.006091602842843934,0.03615200298372656
4,30,QISKIT_AER_STATEVECTOR,14,11,6,4621,False,0.04069868865227787,0.06902855494990945
4,30,QISKIT_AER_STATEVECTOR,15,13,11,10523,False,0.12369494344643428,0.14121510297991335
4,30,QISKIT_AER_STATEVECTOR,16,16,9,10173,False,0.08558251542422442,0.1074212909443304
4,30,QISKIT_AER_STATEVECTOR,17,19,13,0,True,0.167679963331291,0.15133771498221904
4,31,NUMPY_FLOAT64,1,1,0,15380,False,0.000244140625,0.0001131909666582942
4,31,NUMPY_FLOAT64,2,2,0,9806,False,0.000244140625,0.00010103103704750538
4,31,NUMPY_FLOAT64,3,2,1,3494,False,0.0021958353463560343,0.00023738702293485403
4,31,NUMPY_FLOAT64,4,2,0,2506,False,0.000244140625,4.4981949031353e-05
4,31,NUMPY_FLOAT64,5,3,1,13889,False,0.0021958353463560343,0.00010265689343214035
4,31,NUMPY_FLOAT64,6,3,0,10855,False,0.000244140625,8.576503023505211e-05
4,31,NUMPY_FLOAT64,7,3,1,7570,False,0.0021958353463560343,0.00019410904496908188
4,31,NUMPY_FLOAT64,8,4,3,12808,False,0.01191622898797395,0.00039835297502577305
4,31,NUMPY_FLOAT64,9,5,3,11981,False,0.01191622898797395,0.0004192930646240711
4,31,NUMPY_FLOAT64,10,6,1,8564,False,0.0021958353463560343,0.0001897040056064725
4,31,NUMPY_FLOAT64,11,7,0,1827,False,0.000244140625,8.897401858121157e-05
4,31,NUMPY_FLOAT64,12,8,4,13739,False,0.019646966890663024,0.00047467800322920084
4,31,NUMPY_FLOAT64,13,9,5,645,False,0.029253625728584965,0.0005708199460059404
4,31,NUMPY_FLOAT64,14,11,6,12755,False,0.04069868865227794,0.0006653829477727413
4,31,NUMPY_FLOAT64,15,13,2,10612,False,0.006091602842843935,0.0002941850107163191
4,31,NUMPY_FLOAT64,16,16,0,6096,False,0.000244140625,8.338701445609331e-05
4,31,NUMPY_FLOAT64,17,19,2,2306,False,0.006091602842843935,0.00032388605177402496
4,31,NUMPY_FLOAT64,18,23,12,12599,False,0.14499425206736485,0.0013379750307649374
4,31,NUMPY_FLOAT64,19,27,3,7499,False,0.01191622898797395,0.00039905495941638947
4,31,NUMPY_FLOAT64,20,32,27,14022,False,0.5737418257716523,0.002648174064233899
4,31,NUMPY_FLOAT64,21,39,9,9718,False,0.0855825154242248,0.0010601639514788985
4,31,NUMPY_FLOAT64,22,47,46,0,True,0.9862310351909523,0.004809958976693451
4,31,QISKIT_AER_STATEVECTOR,1,1,0,15380,False,0.0002441406250000001,0.0025253009516745806
4,31,QISKIT_AER_STATEVECTOR,2,2,0,9806,False,0.0002441406250000001,0.0024861169513314962
4,31,QISKIT_AER_STATEVECTOR,3,2,1,3494,False,0.002195835346356035,0.019985860912129283
4,31,QISKIT_AER_STATEVECTOR,4,2,0,2506,False,0.0002441406250000001,0.002367492998018861
4,31,QISKIT_AER_STATEVECTOR,5,3,1,13889,False,0.002195835346356035,0.01681449601892382
4,31,QISKIT_AER_STATEVECTOR,6,3,0,10855,False,0.0002441406250000001,0.0012227620463818312
4,31,QISKIT_AER_STATEVECTOR,7,3,1,7570,False,0.002195835346356035,0.01668691693339497
4,31,QISKIT_AER_STATEVECTOR,8,4,3,12808,False,0.011916228987973945,0.031108770985156298
4,31,QISKIT_AER_STATEVECTOR,9,5,3,11981,False,0.011916228987973945,0.036724673002026975
4,31,QISKIT_AER_STATEVECTOR,10,6,1,8564,False,0.002195835346356035,0.014884658972732723
4,31,QISKIT_AER_STATEVECTOR,11,7,0,1827,False,0.0002441406250000001,0.0016812080284580588
4,31,QISKIT_AER_STATEVECTOR,12,8,4,13739,False,0.019646966890663004,0.06756891100667417
4,31,QISKIT_AER_STATEVECTOR,13,9,5,645,False,0.02925362572858493,0.07907091302331537
4,31,QISKIT_AER_STATEVECTOR,14,11,6,12755,False,0.04069868865227787,0.08073807903565466
4,31,QISKIT_AER_STATEVECTOR,15,13,2,10612,False,0.006091602842843934,0.03796843299642205
4,31,QISKIT_AER_STATEVECTOR,16,16,0,6096,False,0.0002441406250000001,0.0023297209991142154
4,31,QISKIT_AER_STATEVECTOR,17,19,2,2306,False,0.006091602842843934,0.03722102695610374
4,31,QISKIT_AER_STATEVECTOR,18,23,12,12599,False,0.14499425206736377,0.15300766099244356
4,31,QISKIT_AER_STATEVECTOR,19,27,3,7499,False,0.011916228987973945,0.053844238980673254
4,31,QISKIT_AER_STATEVECTOR,20,32,27,14022,False,0.5737418257716407,0.3608426930150017
4,31,QISKIT_AER_STATEVECTOR,21,39,9,9718,False,0.08558251542422442,0.09587480104528368
4,31,QISKIT_AER_STATEVECTOR,22,47,46,0,True,0.9862310351909214,0.5251325470162556
4,32,NUMPY_FLOAT64,1,1,0,48,False,0.000244140625,6.090500392019749e-05
4,32,NUMPY_FLOAT64,2,2,0,15871,False,0.000244140625,5.5558979511260986e-05
4,32,NUMPY_FLOAT64,3,2,0,7531,False,0.000244140625,5.210598465055227e-05
4,32,NUMPY_FLOAT64,4,2,1,9914,False,0.0021958353463560343,0.00016875099390745163
4,32,NUMPY_FLOAT64,5,3,1,15580,False,0.0021958353463560343,0.00010302604641765356
4,32,NUMPY_FLOAT64,6,3,0,7339,False,0.000244140625,7.828697562217712e-05
4,32,NUMPY_FLOAT64,7,3,1,9453,False,0.0021958353463560343,9.981507901102304e-05
4,32,NUMPY_FLOAT64,8,4,3,1884,False,0.01191622898797395,0.00020437303464859724
4,32,NUMPY_FLOAT64,9,5,4,15074,False,0.019646966890663024,0.0002695180010050535
4,32,NUMPY_FLOAT64,10,6,5,15362,False,0.029253625728584965,0.00030181894544512033
4,32,NUMPY_FLOAT64,11,7,1,9888,False,0.0021958353463560343,0.00010027398820966482
4,32,NUMPY_FLOAT64,12,8,6,14459,False,0.04069868865227794,0.00034968298859894276
4,32,NUMPY_FLOAT64,13,9,8,9521,False,0.06891823634806225,0.0004868010291829705
4,32,NUMPY_FLOAT64,14,11,0,12144,False,0.000244140625,5.794502794742584e-05
4,32,NUMPY_FLOAT64,15,13,4,8992,False,0.019646966890663024,0.0004496730398386717
4,32,NUMPY_FLOAT64,16,16,14,13262,False,0.19166348281337348,0.0014218749711290002
4,32,NUMPY_FLOAT64,17,19,10,3357,False,0.10386521758020019,0.0009840690763667226
4,32,NUMPY_FLOAT64,18,23,10,9414,False,0.10386521758020019,0.000934434006921947
4,32,NUMPY_FLOAT64,19,27,8,2072,False,0.06891823634806225,0.0008953000651672482
4,32,NUMPY_FLOAT64,20,32,14,4462,False,0.19166348281337348,0.0013639029348269105
4,32,NUMPY_FLOAT64,21,39,29,1,True,0.6348245927301691,0.002473210101015866
4,32,QISKIT_AER_STATEVECTOR,1,1,0,48,False,0.0002441406250000001,0.002092704991810024
4,32,QISKIT_AER_STATEVECTOR,2,2,0,15871,False,0.0002441406250000001,0.0021318900398910046
4,32,QISKIT_AER_STATEVECTOR,3,2,0,7531,False,0.0002441406250000001,0.0021586379734799266
4,32,QISKIT_AER_STATEVECTOR,4,2,1,9914,False,0.002195835346356035,0.019890828989446163
4,32,QISKIT_AER_STATEVECTOR,5,3,1,15580,False,0.002195835346356035,0.01976054790429771
4,32,QISKIT_AER_STATEVECTOR,6,3,0,7339,False,0.0002441406250000001,0.001317985006608069
4,32,QISKIT_AER_STATEVECTOR,7,3,1,9453,False,0.002195835346356035,0.01792077801655978
4,32,QISKIT_AER_STATEVECTOR,8,4,3,1884,False,0.011916228987973945,0.05149299104232341
4,32,QISKIT_AER_STATEVECTOR,9,5,4,15074,False,0.019646966890663004,0.07181856397073716
4,32,QISKIT_AER_STATEVECTOR,10,6,5,15362,False,0.02925362572858493,0.0745450600516051
4,32,QISKIT_AER_STATEVECTOR,11,7,1,9888,False,0.002195835346356035,0.0118124820291996
4,32,QISKIT_AER_STATEVECTOR,12,8,6,14459,False,0.04069868865227787,0.08325895096641034
4,32,QISKIT_AER_STATEVECTOR,13,9,8,9521,False,0.06891823634806199,0.10414221393875778
4,32,QISKIT_AER_STATEVECTOR,14,11,0,12144,False,0.0002441406250000001,0.0012997740413993597
4,32,QISKIT_AER_STATEVECTOR,15,13,4,8992,False,0.019646966890663004,0.038150709006004035
4,32,QISKIT_AER_STATEVECTOR,16,16,14,13262,False,0.19166348281337164,0.21091525407973677
4,32,QISKIT_AER_STATEVECTOR,17,19,10,3357,False,0.10386521758019962,0.14765510603319854
4,32,QISKIT_AER_STATEVECTOR,18,23,10,9414,False,0.10386521758019962,0.16674316604621708
4,32,QISKIT_AER_STATEVECTOR,19,27,8,2072,False,0.06891823634806199,0.10834848694503307
4,32,QISKIT_AER_STATEVECTOR,20,32,14,4462,False,0.19166348281337164,0.13791607099119574
4,32,QISKIT_AER_STATEVECTOR,21,39,29,1,True,0.6348245927301557,0.43933579698204994
4,33,NUMPY_FLOAT64,1,1,0,16321,False,0.000244140625,0.00011711195111274719
4,33,NUMPY_FLOAT64,2,2,1,11233,False,0.0021958353463560343,0.0003399519482627511
4,33,NUMPY_FLOAT64,3,2,0,10330,False,0.000244140625,8.957704994827509e-05
4,33,NUMPY_FLOAT64,4,2,0,11800,False,0.000244140625,5.0588976591825485e-05
4,33,NUMPY_FLOAT64,5,3,1,4784,False,0.0021958353463560343,0.00019564700778573751
4,33,NUMPY_FLOAT64,6,3,0,6397,False,0.000244140625,9.146297816187143e-05
4,33,NUMPY_FLOAT64,7,3,1,5680,False,0.0021958353463560343,0.0001827609958127141
4,33,NUMPY_FLOAT64,8,4,1,11769,False,0.0021958353463560343,0.00018493097741156816
4,33,NUMPY_FLOAT64,9,5,1,10213,False,0.0021958353463560343,0.00019844097550958395
4,33,NUMPY_FLOAT64,10,6,2,12049,False,0.006091602842843935,0.0002979449927806854
4,33,NUMPY_FLOAT64,11,7,0,15381,False,0.000244140625,8.81940359249711e-05
4,33,NUMPY_FLOAT64,12,8,4,12476,False,0.019646966890663024,0.0004506940022110939
4,33,NUMPY_FLOAT64,13,9,2,220,False,0.006091602842843935,0.00029247801285237074
4,33,NUMPY_FLOAT64,14,11,4,14397,False,0.019646966890663024,0.000515489955432713
4,33,NUMPY_FLOAT64,15,13,10,14732,False,0.10386521758020019,0.001109604025259614
4,33,NUMPY_FLOAT64,16,16,6,5189,False,0.04069868865227794,0.0007279200945049524
4,33,NUMPY_FLOAT64,17,19,17,2,True,0.270441134484708,0.0017778120236471295
4,33,QISKIT_AER_STATEVECTOR,1,1,0,16321,False,0.0002441406250000001,0.002459476003423333
4,33,QISKIT_AER_STATEVECTOR,2,2,1,11233,False,0.002195835346356035,0.019877801998518407
4,33,QISKIT_AER_STATEVECTOR,3,2,0,10330,False,0.0002441406250000001,0.0023452009772881866
4,33,QISKIT_AER_STATEVECTOR,4,2,0,11800,False,0.0002441406250000001,0.0022817030549049377
4,33,QISKIT_AER_STATEVECTOR,5,3,1,4784,False,0.002195835346356035,0.020158039988018572
4,33,QISKIT_AER_STATEVECTOR,6,3,0,6397,False,0.0002441406250000001,0.002346829976886511
4,33,QISKIT_AER_STATEVECTOR,7,3,1,5680,False,0.002195835346356035,0.019641708000563085
4,33,QISKIT_AER_STATEVECTOR,8,4,1,11769,False,0.002195835346356035,0.01865463494323194
4,33,QISKIT_AER_STATEVECTOR,9,5,1,10213,False,0.002195835346356035,0.020178862032480538
4,33,QISKIT_AER_STATEVECTOR,10,6,2,12049,False,0.006091602842843934,0.0375105399871245
4,33,QISKIT_AER_STATEVECTOR,11,7,0,15381,False,0.0002441406250000001,0.002312098047696054
4,33,QISKIT_AER_STATEVECTOR,12,8,4,12476,False,0.019646966890663004,0.054821441997773945
4,33,QISKIT_AER_STATEVECTOR,13,9,2,220,False,0.006091602842843934,0.03689865197520703
4,33,QISKIT_AER_STATEVECTOR,14,11,4,14397,False,0.019646966890663004,0.06309301406145096
4,33,QISKIT_AER_STATEVECTOR,15,13,10,14732,False,0.10386521758019962,0.13960104098077863
4,33,QISKIT_AER_STATEVECTOR,16,16,6,5189,False,0.04069868865227787,0.0920550610171631
4,33,QISKIT_AER_STATEVECTOR,17,19,17,2,True,0.2704411344847048,0.2247834539739415
4,34,NUMPY_FLOAT64,1,1,0,8928,False,0.000244140625,0.00011768005788326263
4,34,NUMPY_FLOAT64,2,2,1,15946,False,0.0021958353463560343,0.00026443193200975657
4,34,NUMPY_FLOAT64,3,2,1,12971,False,0.0021958353463560343,0.0002120321150869131
4,34,NUMPY_FLOAT64,4,2,0,15908,False,0.000244140625,9.056692942976952e-05
4,34,NUMPY_FLOAT64,5,3,1,1608,False,0.0021958353463560343,0.00021404004655778408
4,34,NUMPY_FLOAT64,6,3,1,10892,False,0.0021958353463560343,0.00012929702643305063
4,34,NUMPY_FLOAT64,7,3,1,5677,False,0.0021958353463560343,0.00020945793949067593
4,34,NUMPY_FLOAT64,8,4,3,5356,False,0.01191622898797395,0.0003692550817504525
4,34,NUMPY_FLOAT64,9,5,4,13080,False,0.019646966890663024,0.0005043009296059608
4,34,NUMPY_FLOAT64,10,6,2,12655,False,0.006091602842843935,0.0003299320815131068
4,34,NUMPY_FLOAT64,11,7,0,15461,False,0.000244140625,9.10189701244235e-05
4,34,NUMPY_FLOAT64,12,8,0,2799,False,0.000244140625,6.870704237371683e-05
4,34,NUMPY_FLOAT64,13,9,7,1815,False,0.05393745929955882,0.0006372749339789152
4,34,NUMPY_FLOAT64,14,11,6,9728,False,0.04069868865227794,0.0007604769198223948
4,34,NUMPY_FLOAT64,15,13,5,9735,False,0.029253625728584965,0.0006622039945796132
4,34,NUMPY_FLOAT64,16,16,3,3737,False,0.01191622898797395,0.0004156469367444515
4,34,NUMPY_FLOAT64,17,19,7,15947,False,0.05393745929955882,0.0004941580118611455
4,34,NUMPY_FLOAT64,18,23,1,6787,False,0.0021958353463560343,0.00020967295859009027
4,34,NUMPY_FLOAT64,19,27,12,6842,False,0.14499425206736485,0.0013790850061923265
4,34,NUMPY_FLOAT64,20,32,28,1,True,0.6044872360604446,0.002315063029527664
4,34,QISKIT_AER_STATEVECTOR,1,1,0,8928,False,0.0002441406250000001,0.0018668289994820952
4,34,QISKIT_AER_STATEVECTOR,2,2,1,15946,False,0.002195835346356035,0.01336764101870358
4,34,QISKIT_AER_STATEVECTOR,3,2,1,12971,False,0.002195835346356035,0.012174741015769541
4,34,QISKIT_AER_STATEVECTOR,4,2,0,15908,False,0.0002441406250000001,0.0012682899832725525
4,34,QISKIT_AER_STATEVECTOR,5,3,1,1608,False,0.002195835346356035,0.012652783072553575
4,34,QISKIT_AER_STATEVECTOR,6,3,1,10892,False,0.002195835346356035,0.01046413101721555
4,34,QISKIT_AER_STATEVECTOR,7,3,1,5677,False,0.002195835346356035,0.010814448934979737
4,34,QISKIT_AER_STATEVECTOR,8,4,3,5356,False,0.011916228987973945,0.030965390033088624
4,34,QISKIT_AER_STATEVECTOR,9,5,4,13080,False,0.019646966890663004,0.06280039495322853
4,34,QISKIT_AER_STATEVECTOR,10,6,2,12655,False,0.006091602842843934,0.03273747896309942
4,34,QISKIT_AER_STATEVECTOR,11,7,0,15461,False,0.0002441406250000001,0.0017336949240416288
4,34,QISKIT_AER_STATEVECTOR,12,8,0,2799,False,0.0002441406250000001,0.0013984759571030736
4,34,QISKIT_AER_STATEVECTOR,13,9,7,1815,False,0.05393745929955868,0.0991415890166536
4,34,QISKIT_AER_STATEVECTOR,14,11,6,9728,False,0.04069868865227787,0.08994711702689528
4,34,QISKIT_AER_STATEVECTOR,15,13,5,9735,False,0.02925362572858493,0.062105244025588036
4,34,QISKIT_AER_STATEVECTOR,16,16,3,3737,False,0.011916228987973945,0.04362059908453375
4,34,QISKIT_AER_STATEVECTOR,17,19,7,15947,False,0.05393745929955868,0.09038800396956503
4,34,QISKIT_AER_STATEVECTOR,18,23,1,6787,False,0.002195835346356035,0.016337436973117292
4,34,QISKIT_AER_STATEVECTOR,19,27,12,6842,False,0.14499425206736377,0.1892651580274105
4,34,QISKIT_AER_STATEVECTOR,20,32,28,1,True,0.6044872360604321,0.3645990180084482
4,35,NUMPY_FLOAT64,1,1,0,12459,False,0.000244140625,0.00011470704339444637
4,35,NUMPY_FLOAT64,2,2,0,12151,False,0.000244140625,0.00010263093281537294
4,35,NUMPY_FLOAT64,3,2,1,11518,False,0.0021958353463560343,0.0002431379398331046
4,35,NUMPY_FLOAT64,4,2,1,14758,False,0.0021958353463560343,0.00023999204859137535
4,35,NUMPY_FLOAT64,5,3,1,12511,False,0.0021958353463560343,0.00020842801313847303
4,35,NUMPY_FLOAT64,6,3,1,12707,False,0.0021958353463560343,0.00016747391782701015
4,35,NUMPY_FLOAT64,7,3,1,2858,False,0.0021958353463560343,0.00018408405594527721
4,35,NUMPY_FLOAT64,8,4,3,6364,False,0.01191622898797395,0.0004014859441667795
4,35,NUMPY_FLOAT64,9,5,3,13157,False,0.01191622898797395,0.0004197360249236226
4,35,NUMPY_FLOAT64,10,6,3,4362,False,0.01191622898797395,0.0002977049443870783
4,35,NUMPY_FLOAT64,11,7,3,876,False,0.01191622898797395,0.000330492970533669
4,35,NUMPY_FLOAT64,12,8,2,11521,False,0.006091602842843935,0.0002304580993950367
4,35,NUMPY_FLOAT64,13,9,7,4961,False,0.05393745929955882,0.000641081016510725
4,35,NUMPY_FLOAT64,14,11,2,241,False,0.006091602842843935,0.0002343449741601944
4,35,NUMPY_FLOAT64,15,13,4,4769,False,0.019646966890663024,0.0002828619908541441
4,35,NUMPY_FLOAT64,16,16,5,6472,False,0.029253625728584965,0.000305084977298975
4,35,NUMPY_FLOAT64,17,19,18,12122,False,0.2986341714783573,0.0010225250152871013
4,35,NUMPY_FLOAT64,18,23,21,3,True,0.3874763196678059,0.0016774960095062852
4,35,QISKIT_AER_STATEVECTOR,1,1,0,12459,False,0.0002441406250000001,0.00227963097859174
4,35,QISKIT_AER_STATEVECTOR,2,2,0,12151,False,0.0002441406250000001,0.0019941580248996615
4,35,QISKIT_AER_STATEVECTOR,3,2,1,11518,False,0.002195835346356035,0.01661873608827591
4,35,QISKIT_AER_STATEVECTOR,4,2,1,14758,False,0.002195835346356035,0.015199604909867048
4,35,QISKIT_AER_STATEVECTOR,5,3,1,12511,False,0.002195835346356035,0.019579696003347635
4,35,QISKIT_AER_STATEVECTOR,6,3,1,12707,False,0.002195835346356035,0.017816719016991556
4,35,QISKIT_AER_STATEVECTOR,7,3,1,2858,False,0.002195835346356035,0.012885830015875399
4,35,QISKIT_AER_STATEVECTOR,8,4,3,6364,False,0.011916228987973945,0.0363906369311735
4,35,QISKIT_AER_STATEVECTOR,9,5,3,13157,False,0.011916228987973945,0.03329187503550202
4,35,QISKIT_AER_STATEVECTOR,10,6,3,4362,False,0.011916228987973945,0.043051786022260785
4,35,QISKIT_AER_STATEVECTOR,11,7,3,876,False,0.011916228987973945,0.040516647044569254
4,35,QISKIT_AER_STATEVECTOR,12,8,2,11521,False,0.006091602842843934,0.036986446008086205
4,35,QISKIT_AER_STATEVECTOR,13,9,7,4961,False,0.05393745929955868,0.10675399901811033
4,35,QISKIT_AER_STATEVECTOR,14,11,2,241,False,0.006091602842843934,0.019706538994796574
4,35,QISKIT_AER_STATEVECTOR,15,13,4,4769,False,0.019646966890663004,0.05272842093836516
4,35,QISKIT_AER_STATEVECTOR,16,16,5,6472,False,0.02925362572858493,0.046606678050011396
4,35,QISKIT_AER_STATEVECTOR,17,19,18,12122,False,0.29863417147835347,0.2560023959958926
4,35,QISKIT_AER_STATEVECTOR,18,23,21,3,True,0.38747631966780005,0.32984480599407107
4,36,NUMPY_FLOAT64,1,1,0,13011,False,0.000244140625,0.00012242398224771023
4,36,NUMPY_FLOAT64,2,2,0,2797,False,0.000244140625,0.00010081799700856209
4,36,NUMPY_FLOAT64,3,2,0,5669,False,0.000244140625,7.118599023669958e-05
4,36,NUMPY_FLOAT64,4,2,0,2068,False,0.000244140625,8.512998465448618e-05
4,36,NUMPY_FLOAT64,5,3,0,14456,False,0.000244140625,8.469901513308287e-05
4,36,NUMPY_FLOAT64,6,3,2,12954,False,0.006091602842843935,0.0003456250997260213
4,36,NUMPY_FLOAT64,7,3,1,14446,False,0.0021958353463560343,0.00020835502073168755
4,36,NUMPY_FLOAT64,8,4,2,9905,False,0.006091602842843935,0.0002880909014493227
4,36,NUMPY_FLOAT64,9,5,4,5473,False,0.019646966890663024,0.0004898160696029663
4,36,NUMPY_FLOAT64,10,6,1,2210,False,0.0021958353463560343,9.635300375521183e-05
4,36,NUMPY_FLOAT64,11,7,0,13290,False,0.000244140625,7.867405656725168e-05
4,36,NUMPY_FLOAT64,12,8,4,8350,False,0.019646966890663024,0.0005003949627280235
4,36,NUMPY_FLOAT64,13,9,3,13963,False,0.01191622898797395,0.0003955650608986616
4,36,NUMPY_FLOAT64,14,11,6,14825,False,0.04069868865227794,0.0006981970509514213
4,36,NUMPY_FLOAT64,15,13,1,1261,False,0.0021958353463560343,0.00019261403940618038
4,36,NUMPY_FLOAT64,16,16,15,9375,False,0.2168511477630975,0.0016638210508972406
4,36,NUMPY_FLOAT64,17,19,11,2421,False,0.12369494344643513,0.0011025170097127557
4,36,NUMPY_FLOAT64,18,23,1,5987,False,0.0021958353463560343,0.00018694298341870308
4,36,NUMPY_FLOAT64,19,27,11,3106,False,0.12369494344643513,0.001172082033008337
4,36,NUMPY_FLOAT64,20,32,12,12138,False,0.14499425206736485,0.001388239092193544
4,36,NUMPY_FLOAT64,21,39,14,2,True,0.19166348281337348,0.001196407014504075
4,36,QISKIT_AER_STATEVECTOR,1,1,0,13011,False,0.0002441406250000001,0.0024112029932439327
4,36,QISKIT_AER_STATEVECTOR,2,2,0,2797,False,0.0002441406250000001,0.002299536019563675
4,36,QISKIT_AER_STATEVECTOR,3,2,0,5669,False,0.0002441406250000001,0.00228102901019156
4,36,QISKIT_AER_STATEVECTOR,4,2,0,2068,False,0.0002441406250000001,0.0022082170471549034
4,36,QISKIT_AER_STATEVECTOR,5,3,0,14456,False,0.0002441406250000001,0.0023154770024120808
4,36,QISKIT_AER_STATEVECTOR,6,3,2,12954,False,0.006091602842843934,0.037012604996562004
4,36,QISKIT_AER_STATEVECTOR,7,3,1,14446,False,0.002195835346356035,0.019949857029132545
4,36,QISKIT_AER_STATEVECTOR,8,4,2,9905,False,0.006091602842843934,0.03245768905617297
4,36,QISKIT_AER_STATEVECTOR,9,5,4,5473,False,0.019646966890663004,0.06467378698289394
4,36,QISKIT_AER_STATEVECTOR,10,6,1,2210,False,0.002195835346356035,0.016930609941482544
4,36,QISKIT_AER_STATEVECTOR,11,7,0,13290,False,0.0002441406250000001,0.0015535579295828938
4,36,QISKIT_AER_STATEVECTOR,12,8,4,8350,False,0.019646966890663004,0.06155748595483601
4,36,QISKIT_AER_STATEVECTOR,13,9,3,13963,False,0.011916228987973945,0.047097817063331604
4,36,QISKIT_AER_STATEVECTOR,14,11,6,14825,False,0.04069868865227787,0.0818151020212099
4,36,QISKIT_AER_STATEVECTOR,15,13,1,1261,False,0.002195835346356035,0.013903639977797866
4,36,QISKIT_AER_STATEVECTOR,16,16,15,9375,False,0.21685114776309528,0.20284807705320418
4,36,QISKIT_AER_STATEVECTOR,17,19,11,2421,False,0.12369494344643428,0.11622442898806185
4,36,QISKIT_AER_STATEVECTOR,18,23,1,5987,False,0.002195835346356035,0.019313124008476734
4,36,QISKIT_AER_STATEVECTOR,19,27,11,3106,False,0.12369494344643428,0.18042008392512798
4,36,QISKIT_AER_STATEVECTOR,20,32,12,12138,False,0.14499425206736377,0.1866156510077417
4,36,QISKIT_AER_STATEVECTOR,21,39,14,2,True,0.19166348281337164,0.21092170209158212
4,37,NUMPY_FLOAT64,1,1,0,2336,False,0.000244140625,0.00010692107025533915
4,37,NUMPY_FLOAT64,2,2,1,12166,False,0.0021958353463560343,0.00023474497720599174
4,37,NUMPY_FLOAT64,3,2,0,5298,False,0.000244140625,5.8026984333992004e-05
4,37,NUMPY_FLOAT64,4,2,1,10756,False,0.0021958353463560343,0.00012742390390485525
4,37,NUMPY_FLOAT64,5,3,1,9998,False,0.0021958353463560343,0.0001237710239365697
4,37,NUMPY_FLOAT64,6,3,2,9073,False,0.006091602842843935,0.0003088189987465739
4,37,NUMPY_FLOAT64,7,3,0,14878,False,0.000244140625,4.684203304350376e-05
4,37,NUMPY_FLOAT64,8,4,3,13960,False,0.01191622898797395,0.0002148699713870883
4,37,NUMPY_FLOAT64,9,5,3,6093,False,0.01191622898797395,0.00023719808086752892
4,37,NUMPY_FLOAT64,10,6,2,14984,False,0.006091602842843935,0.00017014506738632917
4,37,NUMPY_FLOAT64,11,7,6,12850,False,0.04069868865227794,0.00036556494887918234
4,37,NUMPY_FLOAT64,12,8,6,4556,False,0.04069868865227794,0.0003455219557508826
4,37,NUMPY_FLOAT64,13,9,6,1447,False,0.04069868865227794,0.0003634400200098753
4,37,NUMPY_FLOAT64,14,11,6,8119,False,0.04069868865227794,0.0005818890640512109
4,37,NUMPY_FLOAT64,15,13,5,1947,False,0.029253625728584965,0.0003076510038226843
4,37,NUMPY_FLOAT64,16,16,3,3937,False,0.01191622898797395,0.00020501203835010529
4,37,NUMPY_FLOAT64,17,19,16,0,True,0.24314459288508386,0.0015391049673780799
4,37,QISKIT_AER_STATEVECTOR,1,1,0,2336,False,0.0002441406250000001,0.0023690640227869153
4,37,QISKIT_AER_STATEVECTOR,2,2,1,12166,False,0.002195835346356035,0.016367760952562094
4,37,QISKIT_AER_STATEVECTOR,3,2,0,5298,False,0.0002441406250000001,0.0019183550029993057
4,37,QISKIT_AER_STATEVECTOR,4,2,1,10756,False,0.002195835346356035,0.011508859926834702
4,37,QISKIT_AER_STATEVECTOR,5,3,1,9998,False,0.002195835346356035,0.010205041035078466
4,37,QISKIT_AER_STATEVECTOR,6,3,2,9073,False,0.006091602842843934,0.01989578001666814
4,37,QISKIT_AER_STATEVECTOR,7,3,0,14878,False,0.0002441406250000001,0.00154487497638911
4,37,QISKIT_AER_STATEVECTOR,8,4,3,13960,False,0.011916228987973945,0.030139366979710758
4,37,QISKIT_AER_STATEVECTOR,9,5,3,6093,False,0.011916228987973945,0.0517669019754976
4,37,QISKIT_AER_STATEVECTOR,10,6,2,14984,False,0.006091602842843934,0.026637281058356166
4,37,QISKIT_AER_STATEVECTOR,11,7,6,12850,False,0.04069868865227787,0.08014964102767408
4,37,QISKIT_AER_STATEVECTOR,12,8,6,4556,False,0.04069868865227787,0.08109959808643907
4,37,QISKIT_AER_STATEVECTOR,13,9,6,1447,False,0.04069868865227787,0.0849741370184347
4,37,QISKIT_AER_STATEVECTOR,14,11,6,8119,False,0.04069868865227787,0.06930464401375502
4,37,QISKIT_AER_STATEVECTOR,15,13,5,1947,False,0.02925362572858493,0.04815080901607871
4,37,QISKIT_AER_STATEVECTOR,16,16,3,3937,False,0.011916228987973945,0.031361747067421675
4,37,QISKIT_AER_STATEVECTOR,17,19,16,0,True,0.24314459288508106,0.17637966806069016
4,38,NUMPY_FLOAT64,1,1,0,6595,False,0.000244140625,6.07209512963891e-05
4,38,NUMPY_FLOAT64,2,2,1,13511,False,0.0021958353463560343,0.00014971790369600058
4,38,NUMPY_FLOAT64,3,2,1,14533,False,0.0021958353463560343,0.00010980595834553242
4,38,NUMPY_FLOAT64,4,2,1,10549,False,0.0021958353463560343,0.00010380405001342297
4,38,NUMPY_FLOAT64,5,3,1,7272,False,0.0021958353463560343,0.00011192995589226484
4,38,NUMPY_FLOAT64,6,3,2,4994,False,0.006091602842843935,0.00016302207950502634
4,38,NUMPY_FLOAT64,7,3,2,733,False,0.006091602842843935,0.00015709898434579372
4,38,NUMPY_FLOAT64,8,4,0,8168,False,0.000244140625,4.571303725242615e-05
4,38,NUMPY_FLOAT64,9,5,3,6863,False,0.01191622898797395,0.00021563994232565165
4,38,NUMPY_FLOAT64,10,6,1,9098,False,0.0021958353463560343,0.00018897198606282473
4,38,NUMPY_FLOAT64,11,7,6,6747,False,0.04069868865227794,0.00038156798109412193
4,38,NUMPY_FLOAT64,12,8,0,9697,False,0.000244140625,6.795197259634733e-05
4,38,NUMPY_FLOAT64,13,9,4,8310,False,0.019646966890663024,0.00025655806530267
4,38,NUMPY_FLOAT64,14,11,5,11417,False,0.029253625728584965,0.0003048430662602186
4,38,NUMPY_FLOAT64,15,13,12,2866,False,0.14499425206736485,0.000683679012581706
4,38,NUMPY_FLOAT64,16,16,8,11755,False,0.06891823634806225,0.00045128900092095137
4,38,NUMPY_FLOAT64,17,19,12,0,True,0.14499425206736485,0.0007042790530249476
4,38,QISKIT_AER_STATEVECTOR,1,1,0,6595,False,0.0002441406250000001,0.0015405929880216718
4,38,QISKIT_AER_STATEVECTOR,2,2,1,13511,False,0.002195835346356035,0.011503912974148989
4,38,QISKIT_AER_STATEVECTOR,3,2,1,14533,False,0.002195835346356035,0.01038352306932211
4,38,QISKIT_AER_STATEVECTOR,4,2,1,10549,False,0.002195835346356035,0.011602277983911335
4,38,QISKIT_AER_STATEVECTOR,5,3,1,7272,False,0.002195835346356035,0.015549398958683014
4,38,QISKIT_AER_STATEVECTOR,6,3,2,4994,False,0.006091602842843934,0.023859565961174667
4,38,QISKIT_AER_STATEVECTOR,7,3,2,733,False,0.006091602842843934,0.025741023011505604
4,38,QISKIT_AER_STATEVECTOR,8,4,0,8168,False,0.0002441406250000001,0.001299903029575944
4,38,QISKIT_AER_STATEVECTOR,9,5,3,6863,False,0.011916228987973945,0.0432697479845956
4,38,QISKIT_AER_STATEVECTOR,10,6,1,9098,False,0.002195835346356035,0.012371612014248967
4,38,QISKIT_AER_STATEVECTOR,11,7,6,6747,False,0.04069868865227787,0.09978140401653945
4,38,QISKIT_AER_STATEVECTOR,12,8,0,9697,False,0.0002441406250000001,0.0024173089768737555
4,38,QISKIT_AER_STATEVECTOR,13,9,4,8310,False,0.019646966890663004,0.06994860898703337
4,38,QISKIT_AER_STATEVECTOR,14,11,5,11417,False,0.02925362572858493,0.08016814407892525
4,38,QISKIT_AER_STATEVECTOR,15,13,12,2866,False,0.14499425206736377,0.15166252595372498
4,38,QISKIT_AER_STATEVECTOR,16,16,8,11755,False,0.06891823634806199,0.10163094196468592
4,38,QISKIT_AER_STATEVECTOR,17,19,12,0,True,0.14499425206736377,0.19620998797472566
4,39,NUMPY_FLOAT64,1,1,0,136,False,0.000244140625,0.00010774505790323019
4,39,NUMPY_FLOAT64,2,2,0,487,False,0.000244140625,0.00010102801024913788
4,39,NUMPY_FLOAT64,3,2,1,10259,False,0.0021958353463560343,0.00021714507602155209
4,39,NUMPY_FLOAT64,4,2,0,3562,False,0.000244140625,7.222802378237247e-05
4,39,NUMPY_FLOAT64,5,3,0,11945,False,0.000244140625,5.1397946663200855e-05
4,39,NUMPY_FLOAT64,6,3,2,5046,False,0.006091602842843935,0.0002833600156009197
4,39,NUMPY_FLOAT64,7,3,2,14702,False,0.006091602842843935,0.00022342801094055176
4,39,NUMPY_FLOAT64,8,4,1,942,False,0.0021958353463560343,0.0001788209192454815
4,39,NUMPY_FLOAT64,9,5,0,4966,False,0.000244140625,8.153694216161966e-05
4,39,NUMPY_FLOAT64,10,6,0,16115,False,0.000244140625,7.399008609354496e-05
4,39,NUMPY_FLOAT64,11,7,5,1510,False,0.029253625728584965,0.0005550599889829755
4,39,NUMPY_FLOAT64,12,8,4,6791,False,0.019646966890663024,0.00045267597306519747
4,39,NUMPY_FLOAT64,13,9,2,4625,False,0.006091602842843935,0.0002616209676489234
4,39,NUMPY_FLOAT64,14,11,9,1694,False,0.0855825154242248,0.0009007229236885905
4,39,NUMPY_FLOAT64,15,13,10,2873,False,0.10386521758020019,0.0008594869868829846
4,39,NUMPY_FLOAT64,16,16,7,12823,False,0.05393745929955882,0.0006513599073514342
4,39,NUMPY_FLOAT64,17,19,15,5851,False,0.2168511477630975,0.00154419697355479
4,39,NUMPY_FLOAT64,18,23,13,10412,False,0.16767996333129248,0.0009076088899746537
4,39,NUMPY_FLOAT64,19,27,25,1,True,0.5115082487498068,0.0022795599652454257
4,39,QISKIT_AER_STATEVECTOR,1,1,0,136,False,0.0002441406250000001,0.001987677998840809
4,39,QISKIT_AER_STATEVECTOR,2,2,0,487,False,0.0002441406250000001,0.002226248965598643
4,39,QISKIT_AER_STATEVECTOR,3,2,1,10259,False,0.002195835346356035,0.014572844025678933
4,39,QISKIT_AER_STATEVECTOR,4,2,0,3562,False,0.0002441406250000001,0.0013116529444232583
4,39,QISKIT_AER_STATEVECTOR,5,3,0,11945,False,0.0002441406250000001,0.0017312460113316774
4,39,QISKIT_AER_STATEVECTOR,6,3,2,5046,False,0.006091602842843934,0.0326062620151788
4,39,QISKIT_AER_STATEVECTOR,7,3,2,14702,False,0.006091602842843934,0.03657622798345983
4,39,QISKIT_AER_STATEVECTOR,8,4,1,942,False,0.002195835346356035,0.01831171300727874
4,39,QISKIT_AER_STATEVECTOR,9,5,0,4966,False,0.0002441406250000001,0.0012026219628751278
4,39,QISKIT_AER_STATEVECTOR,10,6,0,16115,False,0.0002441406250000001,0.0011802109656855464
4,39,QISKIT_AER_STATEVECTOR,11,7,5,1510,False,0.02925362572858493,0.06966116896364838
4,39,QISKIT_AER_STATEVECTOR,12,8,4,6791,False,0.019646966890663004,0.06357646500691772
4,39,QISKIT_AER_STATEVECTOR,13,9,2,4625,False,0.006091602842843934,0.03687190997879952
4,39,QISKIT_AER_STATEVECTOR,14,11,9,1694,False,0.08558251542422442,0.1317311889724806
4,39,QISKIT_AER_STATEVECTOR,15,13,10,2873,False,0.10386521758019962,0.13444779405836016
4,39,QISKIT_AER_STATEVECTOR,16,16,7,12823,False,0.05393745929955868,0.08768791798502207
4,39,QISKIT_AER_STATEVECTOR,17,19,15,5851,False,0.21685114776309528,0.23438668891321868
4,39,QISKIT_AER_STATEVECTOR,18,23,13,10412,False,0.167679963331291,0.18536728993058205
4,39,QISKIT_AER_STATEVECTOR,19,27,25,1,True,0.5115082487497975,0.28481904207728803
4,40,NUMPY_FLOAT64,1,1,0,5739,False,0.000244140625,9.211699943989515e-05
4,40,NUMPY_FLOAT64,2,2,0,12047,False,0.000244140625,9.329605381935835e-05
4,40,NUMPY_FLOAT64,3,2,0,6145,False,0.000244140625,8.122995495796204e-05
4,40,NUMPY_FLOAT64,4,2,1,909,False,0.0021958353463560343,0.00022259901743382215
4,40,NUMPY_FLOAT64,5,3,0,501,False,0.000244140625,7.954810280352831e-05
4,40,NUMPY_FLOAT64,6,3,1,1574,False,0.0021958353463560343,0.0001906099496409297
4,40,NUMPY_FLOAT64,7,3,1,11533,False,0.0021958353463560343,0.0001898609334602952
4,40,NUMPY_FLOAT64,8,4,0,4733,False,0.000244140625,5.993002559989691e-05
4,40,NUMPY_FLOAT64,9,5,4,1589,False,0.019646966890663024,0.0003273789770901203
4,40,NUMPY_FLOAT64,10,6,5,2168,False,0.029253625728584965,0.00048438902013003826
4,40,NUMPY_FLOAT64,11,7,3,7963,False,0.01191622898797395,0.000355530995875597
4,40,NUMPY_FLOAT64,12,8,3,444,False,0.01191622898797395,0.00034617807250469923
4,40,NUMPY_FLOAT64,13,9,1,2859,False,0.0021958353463560343,0.00017176195979118347
4,40,NUMPY_FLOAT64,14,11,1,2994,False,0.0021958353463560343,0.0001828980166465044
4,40,NUMPY_FLOAT64,15,13,0,3104,False,0.000244140625,8.06800089776516e-05
4,40,NUMPY_FLOAT64,16,16,8,15201,False,0.06891823634806225,0.0009360979311168194
4,40,NUMPY_FLOAT64,17,19,5,6410,False,0.029253625728584965,0.0006212210282683372
4,40,NUMPY_FLOAT64,18,23,3,15802,False,0.01191622898797395,0.00041008903644979
4,40,NUMPY_FLOAT64,19,27,26,16166,False,0.5427084318016249,0.002509371959604323
4,40,NUMPY_FLOAT64,20,32,25,1,True,0.5115082487498068,0.002690181019715965
4,40,QISKIT_AER_STATEVECTOR,1,1,0,5739,False,0.0002441406250000001,0.002435668953694403
4,40,QISKIT_AER_STATEVECTOR,2,2,0,12047,False,0.0002441406250000001,0.0023271430982276797
4,40,QISKIT_AER_STATEVECTOR,3,2,0,6145,False,0.0002441406250000001,0.002304869005456567
4,40,QISKIT_AER_STATEVECTOR,4,2,1,909,False,0.002195835346356035,0.019926478038541973
4,40,QISKIT_AER_STATEVECTOR,5,3,0,501,False,0.0002441406250000001,0.002165370970033109
4,40,QISKIT_AER_STATEVECTOR,6,3,1,1574,False,0.002195835346356035,0.018296184949576855
4,40,QISKIT_AER_STATEVECTOR,7,3,1,11533,False,0.002195835346356035,0.010235402034595609
4,40,QISKIT_AER_STATEVECTOR,8,4,0,4733,False,0.0002441406250000001,0.0012043010210618377
4,40,QISKIT_AER_STATEVECTOR,9,5,4,1589,False,0.019646966890663004,0.047535346006043255
4,40,QISKIT_AER_STATEVECTOR,10,6,5,2168,False,0.02925362572858493,0.06509714806452394
4,40,QISKIT_AER_STATEVECTOR,11,7,3,7963,False,0.011916228987973945,0.04378401697613299
4,40,QISKIT_AER_STATEVECTOR,12,8,3,444,False,0.011916228987973945,0.04700627597048879
4,40,QISKIT_AER_STATEVECTOR,13,9,1,2859,False,0.002195835346356035,0.018860502052120864
4,40,QISKIT_AER_STATEVECTOR,14,11,1,2994,False,0.002195835346356035,0.01739243499469012
4,40,QISKIT_AER_STATEVECTOR,15,13,0,3104,False,0.0002441406250000001,0.0015848579350858927
4,40,QISKIT_AER_STATEVECTOR,16,16,8,15201,False,0.06891823634806199,0.0749680990120396
4,40,QISKIT_AER_STATEVECTOR,17,19,5,6410,False,0.02925362572858493,0.06595641106832772
4,40,QISKIT_AER_STATEVECTOR,18,23,3,15802,False,0.011916228987973945,0.0321868370519951
4,40,QISKIT_AER_STATEVECTOR,19,27,26,16166,False,0.5427084318016147,0.334679062012583
4,40,QISKIT_AER_STATEVECTOR,20,32,25,1,True,0.5115082487497975,0.31007685291115195
4,41,NUMPY_FLOAT64,1,1,0,3134,False,0.000244140625,6.0669961385428905e-05
4,41,NUMPY_FLOAT64,2,2,1,5789,False,0.0021958353463560343,0.00014326698146760464
4,41,NUMPY_FLOAT64,3,2,0,14212,False,0.000244140625,4.824693314731121e-05
4,41,NUMPY_FLOAT64,4,2,0,9970,False,0.000244140625,4.6106986701488495e-05
4,41,NUMPY_FLOAT64,5,3,2,2182,False,0.006091602842843935,0.00015860493294894695
4,41,NUMPY_FLOAT64,6,3,1,6881,False,0.0021958353463560343,0.00010380300227552652
4,41,NUMPY_FLOAT64,7,3,1,883,False,0.0021958353463560343,9.627698455005884e-05
4,41,NUMPY_FLOAT64,8,4,0,1851,False,0.000244140625,4.228099714964628e-05
4,41,NUMPY_FLOAT64,9,5,3,1931,False,0.01191622898797395,0.00020228000357747078
4,41,NUMPY_FLOAT64,10,6,4,8899,False,0.019646966890663024,0.0002580430591478944
4,41,NUMPY_FLOAT64,11,7,1,2199,False,0.0021958353463560343,9.695300832390785e-05
4,41,NUMPY_FLOAT64,12,8,4,8740,False,0.019646966890663024,0.0002517959801480174
4,41,NUMPY_FLOAT64,13,9,1,15648,False,0.0021958353463560343,9.556498844176531e-05
4,41,NUMPY_FLOAT64,14,11,5,2501,False,0.029253625728584965,0.0002935730153694749
4,41,NUMPY_FLOAT64,15,13,12,9049,False,0.14499425206736485,0.0012397849932312965
4,41,NUMPY_FLOAT64,16,16,3,13189,False,0.01191622898797395,0.00019338191486895084
4,41,NUMPY_FLOAT64,17,19,15,6615,False,0.2168511477630975,0.0008827609708532691
4,41,NUMPY_FLOAT64,18,23,10,9116,False,0.10386521758020019,0.0006181400967761874
4,41,NUMPY_FLOAT64,19,27,13,10202,False,0.16767996333129248,0.0007110550068318844
4,41,NUMPY_FLOAT64,20,32,31,2,True,0.6938032959979046,0.0015865149907767773
4,41,QISKIT_AER_STATEVECTOR,1,1,0,3134,False,0.0002441406250000001,0.0014929570024833083
4,41,QISKIT_AER_STATEVECTOR,2,2,1,5789,False,0.002195835346356035,0.01922976109199226
4,41,QISKIT_AER_STATEVECTOR,3,2,0,14212,False,0.0002441406250000001,0.002397713018581271
4,41,QISKIT_AER_STATEVECTOR,4,2,0,9970,False,0.0002441406250000001,0.0021066940389573574
4,41,QISKIT_AER_STATEVECTOR,5,3,2,2182,False,0.006091602842843934,0.027624077047221363
4,41,QISKIT_AER_STATEVECTOR,6,3,1,6881,False,0.002195835346356035,0.018158278078772128
4,41,QISKIT_AER_STATEVECTOR,7,3,1,883,False,0.002195835346356035,0.019826274015940726
4,41,QISKIT_AER_STATEVECTOR,8,4,0,1851,False,0.0002441406250000001,0.0023444590624421835
4,41,QISKIT_AER_STATEVECTOR,9,5,3,1931,False,0.011916228987973945,0.045676190056838095
4,41,QISKIT_AER_STATEVECTOR,10,6,4,8899,False,0.019646966890663004,0.03775123797822744
4,41,QISKIT_AER_STATEVECTOR,11,7,1,2199,False,0.002195835346356035,0.01058138394728303
4,41,QISKIT_AER_STATEVECTOR,12,8,4,8740,False,0.019646966890663004,0.05705990199930966
4,41,QISKIT_AER_STATEVECTOR,13,9,1,15648,False,0.002195835346356035,0.01993333303835243
4,41,QISKIT_AER_STATEVECTOR,14,11,5,2501,False,0.02925362572858493,0.07428438100032508
4,41,QISKIT_AER_STATEVECTOR,15,13,12,9049,False,0.14499425206736377,0.18493000592570752
4,41,QISKIT_AER_STATEVECTOR,16,16,3,13189,False,0.011916228987973945,0.04162800300400704
4,41,QISKIT_AER_STATEVECTOR,17,19,15,6615,False,0.21685114776309528,0.23158595606219023
4,41,QISKIT_AER_STATEVECTOR,18,23,10,9116,False,0.10386521758019962,0.16741008905228227
4,41,QISKIT_AER_STATEVECTOR,19,27,13,10202,False,0.167679963331291,0.20206765295006335
4,41,QISKIT_AER_STATEVECTOR,20,32,31,2,True,0.6938032959978889,0.4257936399662867
4,42,NUMPY_FLOAT64,1,1,0,7235,False,0.000244140625,0.00011775095481425524
4,42,NUMPY_FLOAT64,2,2,1,7949,False,0.0021958353463560343,0.000267320079728961
4,42,NUMPY_FLOAT64,3,2,1,13137,False,0.0021958353463560343,0.00022328505292534828
4,42,NUMPY_FLOAT64,4,2,0,13810,False,0.000244140625,9.04350308701396e-05
4,42,NUMPY_FLOAT64,5,3,2,10864,False,0.006091602842843935,0.0003424989990890026
4,42,NUMPY_FLOAT64,6,3,2,1154,False,0.006091602842843935,0.0002978779375553131
4,42,NUMPY_FLOAT64,7,3,1,3681,False,0.0021958353463560343,0.0001903389347717166
4,42,NUMPY_FLOAT64,8,4,1,1248,False,0.0021958353463560343,0.00021501502487808466
4,42,NUMPY_FLOAT64,9,5,2,15223,False,0.006091602842843935,0.00028906192164868116
4,42,NUMPY_FLOAT64,10,6,2,2857,False,0.006091602842843935,0.0002960850251838565
4,42,NUMPY_FLOAT64,11,7,5,1931,False,0.029253625728584965,0.0006392570212483406
4,42,NUMPY_FLOAT64,12,8,6,7251,False,0.04069868865227794,0.000724629033356905
4,42,NUMPY_FLOAT64,13,9,1,15974,False,0.0021958353463560343,0.00019830791279673576
4,42,NUMPY_FLOAT64,14,11,10,6550,False,0.10386521758020019,0.0010603939881548285
4,42,NUMPY_FLOAT64,15,13,0,1574,False,0.000244140625,8.269306272268295e-05
4,42,NUMPY_FLOAT64,16,16,12,4208,False,0.14499425206736485,0.001348955905996263
4,42,NUMPY_FLOAT64,17,19,5,11928,False,0.029253625728584965,0.0005990380886942148
4,42,NUMPY_FLOAT64,18,23,9,13441,False,0.0855825154242248,0.0009630860295146704
4,42,NUMPY_FLOAT64,19,27,10,7783,False,0.10386521758020019,0.0010793349938467145
4,42,NUMPY_FLOAT64,20,32,23,3510,False,0.4490950747579381,0.0023606399772688746
4,42,NUMPY_FLOAT64,21,39,17,14216,False,0.270441134484708,0.00174602004699409
4,42,NUMPY_FLOAT64,22,47,41,2,True,0.9268525630766049,0.0038258639397099614
4,42,QISKIT_AER_STATEVECTOR,1,1,0,7235,False,0.0002441406250000001,0.0024264430394396186
4,42,QISKIT_AER_STATEVECTOR,2,2,1,7949,False,0.002195835346356035,0.018440259038470685
4,42,QISKIT_AER_STATEVECTOR,3,2,1,13137,False,0.002195835346356035,0.010425374028272927
4,42,QISKIT_AER_STATEVECTOR,4,2,0,13810,False,0.0002441406250000001,0.0011824879329651594
4,42,QISKIT_AER_STATEVECTOR,5,3,2,10864,False,0.006091602842843934,0.019894551020115614
4,42,QISKIT_AER_STATEVECTOR,6,3,2,1154,False,0.006091602842843934,0.02062895300332457
4,42,QISKIT_AER_STATEVECTOR,7,3,1,3681,False,0.002195835346356035,0.010911069926805794
4,42,QISKIT_AER_STATEVECTOR,8,4,1,1248,False,0.002195835346356035,0.019316661986522377
4,42,QISKIT_AER_STATEVECTOR,9,5,2,15223,False,0.006091602842843934,0.03292503207921982
4,42,QISKIT_AER_STATEVECTOR,10,6,2,2857,False,0.006091602842843934,0.02622810599859804
4,42,QISKIT_AER_STATEVECTOR,11,7,5,1931,False,0.02925362572858493,0.054061923059634864
4,42,QISKIT_AER_STATEVECTOR,12,8,6,7251,False,0.04069868865227787,0.08412672905251384
4,42,QISKIT_AER_STATEVECTOR,13,9,1,15974,False,0.002195835346356035,0.01071432395838201
4,42,QISKIT_AER_STATEVECTOR,14,11,10,6550,False,0.10386521758019962,0.16243278700858355
4,42,QISKIT_AER_STATEVECTOR,15,13,0,1574,False,0.0002441406250000001,0.002358481055125594
4,42,QISKIT_AER_STATEVECTOR,16,16,12,4208,False,0.14499425206736377,0.20276478701271117
4,42,QISKIT_AER_STATEVECTOR,17,19,5,11928,False,0.02925362572858493,0.08508698001969606
4,42,QISKIT_AER_STATEVECTOR,18,23,9,13441,False,0.08558251542422442,0.09751048497855663
4,42,QISKIT_AER_STATEVECTOR,19,27,10,7783,False,0.10386521758019962,0.11909020005259663
4,42,QISKIT_AER_STATEVECTOR,20,32,23,3510,False,0.44909507475793076,0.330128854024224
4,42,QISKIT_AER_STATEVECTOR,21,39,17,14216,False,0.2704411344847048,0.19593227608129382
4,42,QISKIT_AER_STATEVECTOR,22,47,41,2,True,0.9268525630765784,0.520520081045106
4,43,NUMPY_FLOAT64,1,1,0,6214,False,0.000244140625,6.0472055338323116e-05
4,43,NUMPY_FLOAT64,2,2,0,3494,False,0.000244140625,5.647598300129175e-05
4,43,NUMPY_FLOAT64,3,2,1,9363,False,0.0021958353463560343,0.00017778901383280754
4,43,NUMPY_FLOAT64,4,2,1,4648,False,0.0021958353463560343,0.00010287994518876076
4,43,NUMPY_FLOAT64,5,3,0,6531,False,0.000244140625,4.279310815036297e-05
4,43,NUMPY_FLOAT64,6,3,1,15756,False,0.0021958353463560343,0.00010550895240157843
4,43,NUMPY_FLOAT64,7,3,2,6792,False,0.006091602842843935,0.00015263701789081097
4,43,NUMPY_FLOAT64,8,4,3,4754,False,0.01191622898797395,0.00019960803911089897
4,43,NUMPY_FLOAT64,9,5,3,15668,False,0.01191622898797395,0.00020196603145450354
4,43,NUMPY_FLOAT64,10,6,3,3206,False,0.01191622898797395,0.00019721291027963161
4,43,NUMPY_FLOAT64,11,7,4,14634,False,0.019646966890663024,0.000257215928286314
4,43,NUMPY_FLOAT64,12,8,2,1718,False,0.006091602842843935,0.00014480797108262777
4,43,NUMPY_FLOAT64,13,9,4,13686,False,0.019646966890663024,0.00025033007841557264
4,43,NUMPY_FLOAT64,14,11,8,10451,False,0.06891823634806225,0.0004505410324782133
4,43,NUMPY_FLOAT64,15,13,0,10308,False,0.000244140625,4.170997999608517e-05
4,43,NUMPY_FLOAT64,16,16,8,3931,False,0.06891823634806225,0.0004621479893103242
4,43,NUMPY_FLOAT64,17,19,7,4074,False,0.05393745929955882,0.0004326719790697098
4,43,NUMPY_FLOAT64,18,23,16,2,True,0.24314459288508386,0.000858840998262167
4,43,QISKIT_AER_STATEVECTOR,1,1,0,6214,False,0.0002441406250000001,0.0015131949912756681
4,43,QISKIT_AER_STATEVECTOR,2,2,0,3494,False,0.0002441406250000001,0.0013039440382272005
4,43,QISKIT_AER_STATEVECTOR,3,2,1,9363,False,0.002195835346356035,0.01322095503564924
4,43,QISKIT_AER_STATEVECTOR,4,2,1,4648,False,0.002195835346356035,0.013753345934674144
4,43,QISKIT_AER_STATEVECTOR,5,3,0,6531,False,0.0002441406250000001,0.002195300068706274
4,43,QISKIT_AER_STATEVECTOR,6,3,1,15756,False,0.002195835346356035,0.019970341003499925
4,43,QISKIT_AER_STATEVECTOR,7,3,2,6792,False,0.006091602842843934,0.03768550592940301
4,43,QISKIT_AER_STATEVECTOR,8,4,3,4754,False,0.011916228987973945,0.0424650339409709
4,43,QISKIT_AER_STATEVECTOR,9,5,3,15668,False,0.011916228987973945,0.055225285002961755
4,43,QISKIT_AER_STATEVECTOR,10,6,3,3206,False,0.011916228987973945,0.0550606589531526
4,43,QISKIT_AER_STATEVECTOR,11,7,4,14634,False,0.019646966890663004,0.05626673100050539
4,43,QISKIT_AER_STATEVECTOR,12,8,2,1718,False,0.006091602842843934,0.03535720403306186
4,43,QISKIT_AER_STATEVECTOR,13,9,4,13686,False,0.019646966890663004,0.07246986695099622
4,43,QISKIT_AER_STATEVECTOR,14,11,8,10451,False,0.06891823634806199,0.11975068703759462
4,43,QISKIT_AER_STATEVECTOR,15,13,0,10308,False,0.0002441406250000001,0.0014041170943528414
4,43,QISKIT_AER_STATEVECTOR,16,16,8,3931,False,0.06891823634806199,0.08363918599206954
4,43,QISKIT_AER_STATEVECTOR,17,19,7,4074,False,0.05393745929955868,0.1017832780489698
4,43,QISKIT_AER_STATEVECTOR,18,23,16,2,True,0.24314459288508106,0.25377509801182896
4,44,NUMPY_FLOAT64,1,1,0,13765,False,0.000244140625,0.00011658994480967522
4,44,NUMPY_FLOAT64,2,2,0,10698,False,0.000244140625,0.00010193500202149153
4,44,NUMPY_FLOAT64,3,2,0,3355,False,0.000244140625,8.162797894328833e-05
4,44,NUMPY_FLOAT64,4,2,0,15892,False,0.000244140625,7.726310286670923e-05
4,44,NUMPY_FLOAT64,5,3,2,3967,False,0.006091602842843935,0.0003212869632989168
4,44,NUMPY_FLOAT64,6,3,2,7762,False,0.006091602842843935,0.00023916002828627825
4,44,NUMPY_FLOAT64,7,3,0,12230,False,0.000244140625,8.276698645204306e-05
4,44,NUMPY_FLOAT64,8,4,0,13204,False,0.000244140625,8.200807496905327e-05
4,44,NUMPY_FLOAT64,9,5,1,13556,False,0.0021958353463560343,0.00019036198500543833
4,44,NUMPY_FLOAT64,10,6,3,6790,False,0.01191622898797395,0.0003729950403794646
4,44,NUMPY_FLOAT64,11,7,0,12116,False,0.000244140625,7.602199912071228e-05
4,44,NUMPY_FLOAT64,12,8,3,11807,False,0.01191622898797395,0.0003642810042947531
4,44,NUMPY_FLOAT64,13,9,5,8264,False,0.029253625728584965,0.0005433569895103574
4,44,NUMPY_FLOAT64,14,11,6,5497,False,0.04069868865227794,0.0005668180529028177
4,44,NUMPY_FLOAT64,15,13,5,11376,False,0.029253625728584965,0.0005745490780100226
4,44,NUMPY_FLOAT64,16,16,2,10914,False,0.006091602842843935,0.00028874201234430075
4,44,NUMPY_FLOAT64,17,19,14,2438,False,0.19166348281337348,0.0015277209458872676
4,44,NUMPY_FLOAT64,18,23,5,14774,False,0.029253625728584965,0.0005902309203520417
4,44,NUMPY_FLOAT64,19,27,9,16082,False,0.0855825154242248,0.0009912420064210892
4,44,NUMPY_FLOAT64,20,32,19,9235,False,0.3276136017022503,0.0019332970259711146
4,44,NUMPY_FLOAT64,21,39,32,16123,False,0.7222143132827502,0.003378722001798451
4,44,NUMPY_FLOAT64,22,47,6,7026,False,0.04069868865227794,0.0006921299500390887
4,44,NUMPY_FLOAT64,23,56,41,1,True,0.9268525630766049,0.0037027939688414335
4,44,QISKIT_AER_STATEVECTOR,1,1,0,13765,False,0.0002441406250000001,0.0024680040078237653
4,44,QISKIT_AER_STATEVECTOR,2,2,0,10698,False,0.0002441406250000001,0.001811685971915722
4,44,QISKIT_AER_STATEVECTOR,3,2,0,3355,False,0.0002441406250000001,0.0023028869181871414
4,44,QISKIT_AER_STATEVECTOR,4,2,0,15892,False,0.0002441406250000001,0.002275063074193895
4,44,QISKIT_AER_STATEVECTOR,5,3,2,3967,False,0.006091602842843934,0.03795853001065552
4,44,QISKIT_AER_STATEVECTOR,6,3,2,7762,False,0.006091602842843934,0.03762025397736579
4,44,QISKIT_AER_STATEVECTOR,7,3,0,12230,False,0.0002441406250000001,0.0022612600587308407
4,44,QISKIT_AER_STATEVECTOR,8,4,0,13204,False,0.0002441406250000001,0.0022500839550048113
4,44,QISKIT_AER_STATEVECTOR,9,5,1,13556,False,0.002195835346356035,0.0199499879963696
4,44,QISKIT_AER_STATEVECTOR,10,6,3,6790,False,0.011916228987973945,0.05552702094428241
4,44,QISKIT_AER_STATEVECTOR,11,7,0,12116,False,0.0002441406250000001,0.002337665995582938
4,44,QISKIT_AER_STATEVECTOR,12,8,3,11807,False,0.011916228987973945,0.049617137061432004
4,44,QISKIT_AER_STATEVECTOR,13,9,5,8264,False,0.02925362572858493,0.0486598159186542
4,44,QISKIT_AER_STATEVECTOR,14,11,6,5497,False,0.04069868865227787,0.08829184505157173
4,44,QISKIT_AER_STATEVECTOR,15,13,5,11376,False,0.02925362572858493,0.08142260694876313
4,44,QISKIT_AER_STATEVECTOR,16,16,2,10914,False,0.006091602842843934,0.037134266924113035
4,44,QISKIT_AER_STATEVECTOR,17,19,14,2438,False,0.19166348281337164,0.19694740104023367
4,44,QISKIT_AER_STATEVECTOR,18,23,5,14774,False,0.02925362572858493,0.07716146507300436
4,44,QISKIT_AER_STATEVECTOR,19,27,9,16082,False,0.08558251542422442,0.15972674102522433
4,44,QISKIT_AER_STATEVECTOR,20,32,19,9235,False,0.327613601702246,0.23797385697253048
4,44,QISKIT_AER_STATEVECTOR,21,39,32,16123,False,0.7222143132827333,0.4590167310088873
4,44,QISKIT_AER_STATEVECTOR,22,47,6,7026,False,0.04069868865227787,0.05764135508798063
4,44,QISKIT_AER_STATEVECTOR,23,56,41,1,True,0.9268525630765784,0.5970551460050046
4,45,NUMPY_FLOAT64,1,1,0,2550,False,0.000244140625,7.186504080891609e-05
4,45,NUMPY_FLOAT64,2,2,1,6417,False,0.0021958353463560343,0.0002015129430219531
4,45,NUMPY_FLOAT64,3,2,0,12473,False,0.000244140625,5.3141964599490166e-05
4,45,NUMPY_FLOAT64,4,2,1,15135,False,0.0021958353463560343,0.00011730904225260019
4,45,NUMPY_FLOAT64,5,3,0,8583,False,0.000244140625,4.699395503848791e-05
4,45,NUMPY_FLOAT64,6,3,0,14641,False,0.000244140625,5.260691978037357e-05
4,45,NUMPY_FLOAT64,7,3,0,142,False,0.000244140625,4.457402974367142e-05
4,45,NUMPY_FLOAT64,8,4,2,5187,False,0.006091602842843935,0.000164784025400877
4,45,NUMPY_FLOAT64,9,5,3,10369,False,0.01191622898797395,0.000208937912248075
4,45,NUMPY_FLOAT64,10,6,5,11539,False,0.029253625728584965,0.0003170979907736182
4,45,NUMPY_FLOAT64,11,7,2,11484,False,0.006091602842843935,0.0001508889254182577
4,45,NUMPY_FLOAT64,12,8,7,9774,False,0.05393745929955882,0.00046743196435272694
4,45,NUMPY_FLOAT64,13,9,1,15852,False,0.0021958353463560343,9.888096246868372e-05
4,45,NUMPY_FLOAT64,14,11,0,16182,False,0.000244140625,4.168297164142132e-05
4,45,NUMPY_FLOAT64,15,13,0,15311,False,0.000244140625,4.2552943341434e-05
4,45,NUMPY_FLOAT64,16,16,3,5496,False,0.01191622898797395,0.0002589710056781769
4,45,NUMPY_FLOAT64,17,19,9,3,True,0.0855825154242248,0.0004967899294570088
4,45,QISKIT_AER_STATEVECTOR,1,1,0,2550,False,0.0002441406250000001,0.0013235369697213173
4,45,QISKIT_AER_STATEVECTOR,2,2,1,6417,False,0.002195835346356035,0.011464645038358867
4,45,QISKIT_AER_STATEVECTOR,3,2,0,12473,False,0.0002441406250000001,0.0011980070266872644
4,45,QISKIT_AER_STATEVECTOR,4,2,1,15135,False,0.002195835346356035,0.011390422005206347
4,45,QISKIT_AER_STATEVECTOR,5,3,0,8583,False,0.0002441406250000001,0.0012080819578841329
4,45,QISKIT_AER_STATEVECTOR,6,3,0,14641,False,0.0002441406250000001,0.0011626919731497765
4,45,QISKIT_AER_STATEVECTOR,7,3,0,142,False,0.0002441406250000001,0.0012003679294139147
4,45,QISKIT_AER_STATEVECTOR,8,4,2,5187,False,0.006091602842843934,0.02534385002218187
4,45,QISKIT_AER_STATEVECTOR,9,5,3,10369,False,0.011916228987973945,0.050537297036498785
4,45,QISKIT_AER_STATEVECTOR,10,6,5,11539,False,0.02925362572858493,0.08728324109688401
4,45,QISKIT_AER_STATEVECTOR,11,7,2,11484,False,0.006091602842843934,0.03273249906487763
4,45,QISKIT_AER_STATEVECTOR,12,8,7,9774,False,0.05393745929955868,0.11325986997690052
4,45,QISKIT_AER_STATEVECTOR,13,9,1,15852,False,0.002195835346356035,0.010763198020868003
4,45,QISKIT_AER_STATEVECTOR,14,11,0,16182,False,0.0002441406250000001,0.001214104937389493
4,45,QISKIT_AER_STATEVECTOR,15,13,0,15311,False,0.0002441406250000001,0.0012250840663909912
4,45,QISKIT_AER_STATEVECTOR,16,16,3,5496,False,0.011916228987973945,0.053547587944194674
4,45,QISKIT_AER_STATEVECTOR,17,19,9,3,True,0.08558251542422442,0.1608162879711017
4,46,NUMPY_FLOAT64,1,1,0,3934,False,0.000244140625,0.00011097604874521494
4,46,NUMPY_FLOAT64,2,2,1,6547,False,0.0021958353463560343,0.00024938699789345264
4,46,NUMPY_FLOAT64,3,2,1,16007,False,0.0021958353463560343,0.00021156598813831806
4,46,NUMPY_FLOAT64,4,2,1,7879,False,0.0021958353463560343,0.00020832708105444908
4,46,NUMPY_FLOAT64,5,3,0,14571,False,0.000244140625,8.663791231811047e-05
4,46,NUMPY_FLOAT64,6,3,0,14715,False,0.000244140625,8.459901437163353e-05
4,46,NUMPY_FLOAT64,7,3,1,12356,False,0.0021958353463560343,0.00019636796787381172
4,46,NUMPY_FLOAT64,8,4,2,1546,False,0.006091602842843935,0.0003263420658186078
4,46,NUMPY_FLOAT64,9,5,4,3002,False,0.019646966890663024,0.0005103070288896561
4,46,NUMPY_FLOAT64,10,6,1,76,False,0.0021958353463560343,0.00018940691370517015
4,46,NUMPY_FLOAT64,11,7,1,14803,False,0.0021958353463560343,0.0001965611008927226
4,46,NUMPY_FLOAT64,12,8,0,2861,False,0.000244140625,8.472695481032133e-05
4,46,NUMPY_FLOAT64,13,9,3,12930,False,0.01191622898797395,0.00040683301631361246
4,46,NUMPY_FLOAT64,14,11,10,10220,False,0.10386521758020019,0.0010962460655719042
4,46,NUMPY_FLOAT64,15,13,4,1063,False,0.019646966890663024,0.00047629198525100946
4,46,NUMPY_FLOAT64,16,16,2,2462,False,0.006091602842843935,0.0002886770525947213
4,46,NUMPY_FLOAT64,17,19,17,5959,False,0.270441134484708,0.0018512969836592674
4,46,NUMPY_FLOAT64,18,23,4,15454,False,0.019646966890663024,0.0004924460081383586
4,46,NUMPY_FLOAT64,19,27,0,3664,False,0.000244140625,9.187706746160984e-05
4,46,NUMPY_FLOAT64,20,32,15,3795,False,0.2168511477630975,0.001638885005377233
4,46,NUMPY_FLOAT64,21,39,18,11927,False,0.2986341714783573,0.0019674949580803514
4,46,NUMPY_FLOAT64,22,47,7,2813,False,0.05393745929955882,0.0007790109375491738
4,46,NUMPY_FLOAT64,23,56,39,3,True,0.8910579300750142,0.0039393559563905
4,46,QISKIT_AER_STATEVECTOR,1,1,0,3934,False,0.0002441406250000001,0.002444593934342265
4,46,QISKIT_AER_STATEVECTOR,2,2,1,6547,False,0.002195835346356035,0.015534384059719741
4,46,QISKIT_AER_STATEVECTOR,3,2,1,16007,False,0.002195835346356035,0.016294725937768817
4,46,QISKIT_AER_STATEVECTOR,4,2,1,7879,False,0.002195835346356035,0.015536606078967452
4,46,QISKIT_AER_STATEVECTOR,5,3,0,14571,False,0.0002441406250000001,0.0012544180499389768
4,46,QISKIT_AER_STATEVECTOR,6,3,0,14715,False,0.0002441406250000001,0.0012087300419807434
4,46,QISKIT_AER_STATEVECTOR,7,3,1,12356,False,0.002195835346356035,0.010304949013516307
4,46,QISKIT_AER_STATEVECTOR,8,4,2,1546,False,0.006091602842843934,0.019435612950474024
4,46,QISKIT_AER_STATEVECTOR,9,5,4,3002,False,0.019646966890663004,0.03920942510012537
4,46,QISKIT_AER_STATEVECTOR,10,6,1,76,False,0.002195835346356035,0.011521466076374054
4,46,QISKIT_AER_STATEVECTOR,11,7,1,14803,False,0.002195835346356035,0.011356155970133841
4,46,QISKIT_AER_STATEVECTOR,12,8,0,2861,False,0.0002441406250000001,0.0013846749207004905
4,46,QISKIT_AER_STATEVECTOR,13,9,3,12930,False,0.011916228987973945,0.02859719202388078
4,46,QISKIT_AER_STATEVECTOR,14,11,10,10220,False,0.10386521758019962,0.09440243197605014
4,46,QISKIT_AER_STATEVECTOR,15,13,4,1063,False,0.019646966890663004,0.04928718402516097
4,46,QISKIT_AER_STATEVECTOR,16,16,2,2462,False,0.006091602842843934,0.021819871966727078
4,46,QISKIT_AER_STATEVECTOR,17,19,17,5959,False,0.2704411344847048,0.1691458011046052
4,46,QISKIT_AER_STATEVECTOR,18,23,4,15454,False,0.019646966890663004,0.04677810100838542
4,46,QISKIT_AER_STATEVECTOR,19,27,0,3664,False,0.0002441406250000001,0.0016248819883912802
4,46,QISKIT_AER_STATEVECTOR,20,32,15,3795,False,0.21685114776309528,0.18458050105255097
4,46,QISKIT_AER_STATEVECTOR,21,39,18,11927,False,0.29863417147835347,0.21219694800674915
4,46,QISKIT_AER_STATEVECTOR,22,47,7,2813,False,0.05393745929955868,0.11464997695293278
4,46,QISKIT_AER_STATEVECTOR,23,56,39,3,True,0.8910579300749899,0.5013091780710965
4,47,NUMPY_FLOAT64,1,1,0,14038,False,0.000244140625,8.626491762697697e-05
4,47,NUMPY_FLOAT64,2,2,0,18,False,0.000244140625,0.00010090100113302469
4,47,NUMPY_FLOAT64,3,2,1,11353,False,0.0021958353463560343,0.0002932649804279208
4,47,NUMPY_FLOAT64,4,2,0,11302,False,0.000244140625,8.300296030938625e-05
4,47,NUMPY_FLOAT64,5,3,2,16076,False,0.006091602842843935,0.0003062390023842454
4,47,NUMPY_FLOAT64,6,3,2,15148,False,0.006091602842843935,0.0003220390062779188
4,47,NUMPY_FLOAT64,7,3,1,11642,False,0.0021958353463560343,0.0001912181032821536
4,47,NUMPY_FLOAT64,8,4,0,14602,False,0.000244140625,8.358003105968237e-05
4,47,NUMPY_FLOAT64,9,5,1,9135,False,0.0021958353463560343,0.0001716500846669078
4,47,NUMPY_FLOAT64,10,6,1,12551,False,0.0021958353463560343,0.00020813301671296358
4,47,NUMPY_FLOAT64,11,7,0,15188,False,0.000244140625,9.021896403282881e-05
4,47,NUMPY_FLOAT64,12,8,7,15013,False,0.05393745929955882,0.0008206050843000412
4,47,NUMPY_FLOAT64,13,9,6,1052,False,0.04069868865227794,0.00072051293682307
4,47,NUMPY_FLOAT64,14,11,2,16352,False,0.006091602842843935,0.00027376192156225443
4,47,NUMPY_FLOAT64,15,13,7,14543,False,0.05393745929955882,0.0007846539374440908
4,47,NUMPY_FLOAT64,16,16,13,8512,False,0.16767996333129248,0.0013751169899478555
4,47,NUMPY_FLOAT64,17,19,14,1,True,0.19166348281337348,0.0015038640704005957
4,47,QISKIT_AER_STATEVECTOR,1,1,0,14038,False,0.0002441406250000001,0.0024545739870518446
4,47,QISKIT_AER_STATEVECTOR,2,2,0,18,False,0.0002441406250000001,0.0022605599369853735
4,47,QISKIT_AER_STATEVECTOR,3,2,1,11353,False,0.002195835346356035,0.019824841059744358
4,47,QISKIT_AER_STATEVECTOR,4,2,0,11302,False,0.0002441406250000001,0.00231658190023154
4,47,QISKIT_AER_STATEVECTOR,5,3,2,16076,False,0.006091602842843934,0.037314101005904377
4,47,QISKIT_AER_STATEVECTOR,6,3,2,15148,False,0.006091602842843934,0.03695673693437129
4,47,QISKIT_AER_STATEVECTOR,7,3,1,11642,False,0.002195835346356035,0.018663527094759047
4,47,QISKIT_AER_STATEVECTOR,8,4,0,14602,False,0.0002441406250000001,0.0020686390344053507
4,47,QISKIT_AER_STATEVECTOR,9,5,1,9135,False,0.002195835346356035,0.012901667039841413
4,47,QISKIT_AER_STATEVECTOR,10,6,1,12551,False,0.002195835346356035,0.017830310971476138
4,47,QISKIT_AER_STATEVECTOR,11,7,0,15188,False,0.0002441406250000001,0.0022382689639925957
4,47,QISKIT_AER_STATEVECTOR,12,8,7,15013,False,0.05393745929955868,0.10311165207531303
4,47,QISKIT_AER_STATEVECTOR,13,9,6,1052,False,0.04069868865227787,0.08603592193685472
4,47,QISKIT_AER_STATEVECTOR,14,11,2,16352,False,0.006091602842843934,0.03366657707374543
4,47,QISKIT_AER_STATEVECTOR,15,13,7,14543,False,0.05393745929955868,0.07396712200716138
4,47,QISKIT_AER_STATEVECTOR,16,16,13,8512,False,0.167679963331291,0.16455831099301577
4,47,QISKIT_AER_STATEVECTOR,17,19,14,1,True,0.19166348281337164,0.1908694850280881
4,48,NUMPY_FLOAT64,1,1,0,2598,False,0.000244140625,7.130496669560671e-05
4,48,NUMPY_FLOAT64,2,2,0,9399,False,0.000244140625,6.15590251982212e-05
4,48,NUMPY_FLOAT64,3,2,0,16004,False,0.000244140625,4.793202970176935e-05
4,48,NUMPY_FLOAT64,4,2,0,12742,False,0.000244140625,4.4999062083661556e-05
4,48,NUMPY_FLOAT64,5,3,2,4556,False,0.006091602842843935,0.00019749102648347616
4,48,NUMPY_FLOAT64,6,3,2,9010,False,0.006091602842843935,0.00016382907051593065
4,48,NUMPY_FLOAT64,7,3,1,304,False,0.0021958353463560343,9.885895997285843e-05
4,48,NUMPY_FLOAT64,8,4,2,8385,False,0.006091602842843935,0.0001523160608485341
4,48,NUMPY_FLOAT64,9,5,0,1338,False,0.000244140625,4.3101957999169827e-05
4,48,NUMPY_FLOAT64,10,6,1,14910,False,0.0021958353463560343,0.00010561395902186632
4,48,NUMPY_FLOAT64,11,7,5,4899,False,0.029253625728584965,0.0004001930356025696
4,48,NUMPY_FLOAT64,12,8,5,8697,False,0.029253625728584965,0.0002957199467346072
4,48,NUMPY_FLOAT64,13,9,4,10819,False,0.019646966890663024,0.00027576100546866655
4,48,NUMPY_FLOAT64,14,11,8,13807,False,0.06891823634806225,0.00045057095121592283
4,48,NUMPY_FLOAT64,15,13,1,1639,False,0.0021958353463560343,0.00010334409307688475
4,48,NUMPY_FLOAT64,16,16,15,12516,False,0.2168511477630975,0.0008374169701710343
4,48,NUMPY_FLOAT64,17,19,15,13827,False,0.2168511477630975,0.000853843055665493
4,48,NUMPY_FLOAT64,18,23,12,13977,False,0.14499425206736485,0.0006865570321679115
4,48,NUMPY_FLOAT64,19,27,25,0,True,0.5115082487498068,0.0013313640374690294
4,48,QISKIT_AER_STATEVECTOR,1,1,0,2598,False,0.0002441406250000001,0.0012980339815840125
4,48,QISKIT_AER_STATEVECTOR,2,2,0,9399,False,0.0002441406250000001,0.0011480459943413734
4,48,QISKIT_AER_STATEVECTOR,3,2,0,16004,False,0.0002441406250000001,0.0011346350656822324
4,48,QISKIT_AER_STATEVECTOR,4,2,0,12742,False,0.0002441406250000001,0.001200175960548222
4,48,QISKIT_AER_STATEVECTOR,5,3,2,4556,False,0.006091602842843934,0.02022995101287961
4,48,QISKIT_AER_STATEVECTOR,6,3,2,9010,False,0.006091602842843934,0.025559414993040264
4,48,QISKIT_AER_STATEVECTOR,7,3,1,304,False,0.002195835346356035,0.019275769940577447
4,48,QISKIT_AER_STATEVECTOR,8,4,2,8385,False,0.006091602842843934,0.03599496907554567
4,48,QISKIT_AER_STATEVECTOR,9,5,0,1338,False,0.0002441406250000001,0.00234378594905138
4,48,QISKIT_AER_STATEVECTOR,10,6,1,14910,False,0.002195835346356035,0.01981337903998792
4,48,QISKIT_AER_STATEVECTOR,11,7,5,4899,False,0.02925362572858493,0.07922067202161998
4,48,QISKIT_AER_STATEVECTOR,12,8,5,8697,False,0.02925362572858493,0.07159472699277103
4,48,QISKIT_AER_STATEVECTOR,13,9,4,10819,False,0.019646966890663004,0.04442513606045395
4,48,QISKIT_AER_STATEVECTOR,14,11,8,13807,False,0.06891823634806199,0.12343762908130884
4,48,QISKIT_AER_STATEVECTOR,15,13,1,1639,False,0.002195835346356035,0.010496156057342887
4,48,QISKIT_AER_STATEVECTOR,16,16,15,12516,False,0.21685114776309528,0.22565519099589437
4,48,QISKIT_AER_STATEVECTOR,17,19,15,13827,False,0.21685114776309528,0.24806797108612955
4,48,QISKIT_AER_STATEVECTOR,18,23,12,13977,False,0.14499425206736377,0.12902063503861427
4,48,QISKIT_AER_STATEVECTOR,19,27,25,0,True,0.5115082487497975,0.3289538649842143
4,49,NUMPY_FLOAT64,1,1,0,10855,False,0.000244140625,6.215204484760761e-05
4,49,NUMPY_FLOAT64,2,2,1,10160,False,0.0021958353463560343,0.00015613005962222815
4,49,NUMPY_FLOAT64,3,2,0,3771,False,0.000244140625,4.686194006353617e-05
4,49,NUMPY_FLOAT64,4,2,1,14552,False,0.0021958353463560343,0.00010375608690083027
4,49,NUMPY_FLOAT64,5,3,1,13469,False,0.0021958353463560343,0.00010860397014766932
4,49,NUMPY_FLOAT64,6,3,0,12677,False,0.000244140625,4.690699279308319e-05
4,49,NUMPY_FLOAT64,7,3,2,660,False,0.006091602842843935,0.00017053494229912758
4,49,NUMPY_FLOAT64,8,4,3,13860,False,0.01191622898797395,0.0002552630612626672
4,49,NUMPY_FLOAT64,9,5,0,11516,False,0.000244140625,8.916202932596207e-05
4,49,NUMPY_FLOAT64,10,6,0,3165,False,0.000244140625,8.335302118211985e-05
4,49,NUMPY_FLOAT64,11,7,0,189,False,0.000244140625,7.698999252170324e-05
4,49,NUMPY_FLOAT64,12,8,7,6932,False,0.05393745929955882,0.0007211810443550348
4,49,NUMPY_FLOAT64,13,9,1,5389,False,0.0021958353463560343,0.00017452402971684933
4,49,NUMPY_FLOAT64,14,11,10,14504,False,0.10386521758020019,0.001043324009515345
4,49,NUMPY_FLOAT64,15,13,5,6745,False,0.029253625728584965,0.0005461840191856027
4,49,NUMPY_FLOAT64,16,16,3,9645,False,0.01191622898797395,0.0003608519909903407
4,49,NUMPY_FLOAT64,17,19,2,9495,False,0.006091602842843935,0.0002744580851867795
4,49,NUMPY_FLOAT64,18,23,3,4855,False,0.01191622898797395,0.0003886120393872261
4,49,NUMPY_FLOAT64,19,27,17,5821,False,0.270441134484708,0.0018579700263217092
4,49,NUMPY_FLOAT64,20,32,3,9762,False,0.01191622898797395,0.00039343605749309063
4,49,NUMPY_FLOAT64,21,39,8,6234,False,0.06891823634806225,0.0009344380814582109
4,49,NUMPY_FLOAT64,22,47,19,3,True,0.3276136017022503,0.0019741900032386184
4,49,QISKIT_AER_STATEVECTOR,1,1,0,10855,False,0.0002441406250000001,0.0024809869937598705
4,49,QISKIT_AER_STATEVECTOR,2,2,1,10160,False,0.002195835346356035,0.01990034501068294
4,49,QISKIT_AER_STATEVECTOR,3,2,0,3771,False,0.0002441406250000001,0.0019667979795485735
4,49,QISKIT_AER_STATEVECTOR,4,2,1,14552,False,0.002195835346356035,0.020025665988214314
4,49,QISKIT_AER_STATEVECTOR,5,3,1,13469,False,0.002195835346356035,0.019988142070360482
4,49,QISKIT_AER_STATEVECTOR,6,3,0,12677,False,0.0002441406250000001,0.002313456032425165
4,49,QISKIT_AER_STATEVECTOR,7,3,2,660,False,0.006091602842843934,0.03516954998485744
4,49,QISKIT_AER_STATEVECTOR,8,4,3,13860,False,0.011916228987973945,0.045240858918987215
4,49,QISKIT_AER_STATEVECTOR,9,5,0,11516,False,0.0002441406250000001,0.0022278570104390383
4,49,QISKIT_AER_STATEVECTOR,10,6,0,3165,False,0.0002441406250000001,0.0022362100426107645
4,49,QISKIT_AER_STATEVECTOR,11,7,0,189,False,0.0002441406250000001,0.0022630930179730058
4,49,QISKIT_AER_STATEVECTOR,12,8,7,6932,False,0.05393745929955868,0.11588522396050394
4,49,QISKIT_AER_STATEVECTOR,13,9,1,5389,False,0.002195835346356035,0.013700597919523716
4,49,QISKIT_AER_STATEVECTOR,14,11,10,14504,False,0.10386521758019962,0.122060023015365
4,49,QISKIT_AER_STATEVECTOR,15,13,5,6745,False,0.02925362572858493,0.08906338200904429
4,49,QISKIT_AER_STATEVECTOR,16,16,3,9645,False,0.011916228987973945,0.05453558498993516
4,49,QISKIT_AER_STATEVECTOR,17,19,2,9495,False,0.006091602842843934,0.03785146796144545
4,49,QISKIT_AER_STATEVECTOR,18,23,3,4855,False,0.011916228987973945,0.05541331402491778
4,49,QISKIT_AER_STATEVECTOR,19,27,17,5821,False,0.2704411344847048,0.2559456810122356
4,49,QISKIT_AER_STATEVECTOR,20,32,3,9762,False,0.011916228987973945,0.03325966000556946
4,49,QISKIT_AER_STATEVECTOR,21,39,8,6234,False,0.06891823634806199,0.13524984708055854
4,49,QISKIT_AER_STATEVECTOR,22,47,19,3,True,0.327613601702246,0.24527658300939947
4,50,NUMPY_FLOAT64,1,1,0,4457,False,0.000244140625,0.00010469602420926094
4,50,NUMPY_FLOAT64,2,2,1,11656,False,0.0021958353463560343,0.00022961106151342392
4,50,NUMPY_FLOAT64,3,2,1,2460,False,0.0021958353463560343,0.0001995899947360158
4,50,NUMPY_FLOAT64,4,2,1,744,False,0.0021958353463560343,0.00016533804591745138
4,50,NUMPY_FLOAT64,5,3,1,12013,False,0.0021958353463560343,0.00018080102745443583
4,50,NUMPY_FLOAT64,6,3,0,11935,False,0.000244140625,7.585599087178707e-05
4,50,NUMPY_FLOAT64,7,3,0,10769,False,0.000244140625,8.631299715489149e-05
4,50,NUMPY_FLOAT64,8,4,1,5282,False,0.0021958353463560343,0.00019228900782763958
4,50,NUMPY_FLOAT64,9,5,2,7878,False,0.006091602842843935,0.0002762919757515192
4,50,NUMPY_FLOAT64,10,6,2,15919,False,0.006091602842843935,0.00027226691599935293
4,50,NUMPY_FLOAT64,11,7,3,7403,False,0.01191622898797395,0.0003229239955544472
4,50,NUMPY_FLOAT64,12,8,4,2575,False,0.019646966890663024,0.00046010699588805437
4,50,NUMPY_FLOAT64,13,9,2,11374,False,0.006091602842843935,0.000274749007076025
4,50,NUMPY_FLOAT64,14,11,6,14146,False,0.04069868865227794,0.0006804980803281069
4,50,NUMPY_FLOAT64,15,13,9,11265,False,0.0855825154242248,0.0009412240469828248
4,50,NUMPY_FLOAT64,16,16,2,10045,False,0.006091602842843935,0.0002736559836193919
4,50,NUMPY_FLOAT64,17,19,6,15248,False,0.04069868865227794,0.000636375043541193
4,50,NUMPY_FLOAT64,18,23,12,5047,False,0.14499425206736485,0.0012496199924498796
4,50,NUMPY_FLOAT64,19,27,4,5145,False,0.019646966890663024,0.0004568949807435274
4,50,NUMPY_FLOAT64,20,32,25,13354,False,0.5115082487498068,0.002510010963305831
4,50,NUMPY_FLOAT64,21,39,6,10171,False,0.04069868865227794,0.0006781269330531359
4,50,NUMPY_FLOAT64,22,47,32,2,True,0.7222143132827502,0.003259949036873877
4,50,QISKIT_AER_STATEVECTOR,1,1,0,4457,False,0.0002441406250000001,0.0024560390738770366
4,50,QISKIT_AER_STATEVECTOR,2,2,1,11656,False,0.002195835346356035,0.02028552396222949
4,50,QISKIT_AER_STATEVECTOR,3,2,1,2460,False,0.002195835346356035,0.0201574070379138
4,50,QISKIT_AER_STATEVECTOR,4,2,1,744,False,0.002195835346356035,0.020157216931693256
4,50,QISKIT_AER_STATEVECTOR,5,3,1,12013,False,0.002195835346356035,0.019859708030708134
4,50,QISKIT_AER_STATEVECTOR,6,3,0,11935,False,0.0002441406250000001,0.0023245560005307198
4,50,QISKIT_AER_STATEVECTOR,7,3,0,10769,False,0.0002441406250000001,0.0021719689248129725
4,50,QISKIT_AER_STATEVECTOR,8,4,1,5282,False,0.002195835346356035,0.01993715006392449
4,50,QISKIT_AER_STATEVECTOR,9,5,2,7878,False,0.006091602842843934,0.036884973058477044
4,50,QISKIT_AER_STATEVECTOR,10,6,2,15919,False,0.006091602842843934,0.03393212694209069
4,50,QISKIT_AER_STATEVECTOR,11,7,3,7403,False,0.011916228987973945,0.0399602820398286
4,50,QISKIT_AER_STATEVECTOR,12,8,4,2575,False,0.019646966890663004,0.038368017063476145
4,50,QISKIT_AER_STATEVECTOR,13,9,2,11374,False,0.006091602842843934,0.022232172079384327
4,50,QISKIT_AER_STATEVECTOR,14,11,6,14146,False,0.04069868865227787,0.10373989189974964
4,50,QISKIT_AER_STATEVECTOR,15,13,9,11265,False,0.08558251542422442,0.15824559202883393
4,50,QISKIT_AER_STATEVECTOR,16,16,2,10045,False,0.006091602842843934,0.031614311039447784
4,50,QISKIT_AER_STATEVECTOR,17,19,6,15248,False,0.04069868865227787,0.09631680103484541
4,50,QISKIT_AER_STATEVECTOR,18,23,12,5047,False,0.14499425206736377,0.14209989190567285
4,50,QISKIT_AER_STATEVECTOR,19,27,4,5145,False,0.019646966890663004,0.04794623202178627
4,50,QISKIT_AER_STATEVECTOR,20,32,25,13354,False,0.5115082487497975,0.29953280999325216
4,50,QISKIT_AER_STATEVECTOR,21,39,6,10171,False,0.04069868865227787,0.0872309539699927
4,50,QISKIT_AER_STATEVECTOR,22,47,32,2,True,0.7222143132827333,0.44600181793794036
16,1,NUMPY_FLOAT64,1,1,0,11645,False,0.0009765625,8.105102460831404e-05
16,1,NUMPY_FLOAT64,2,2,1,9802,False,0.008766189217567444,0.00013633398339152336
16,1,NUMPY_FLOAT64,3,2,0,2562,False,0.0009765625,6.140000186860561e-05
16,1,NUMPY_FLOAT64,4,2,1,4776,False,0.008766189217567444,0.00010233791545033455
16,1,NUMPY_FLOAT64,5,3,2,4136,False,0.0242238485955113,0.000153791974298656
16,1,NUMPY_FLOAT64,6,3,2,16374,False,0.0242238485955113,0.00016153499018400908
16,1,NUMPY_FLOAT64,7,3,0,9244,False,0.0009765625,4.226202145218849e-05
16,1,NUMPY_FLOAT64,8,4,2,4773,False,0.0242238485955113,0.00016198097728192806
16,1,NUMPY_FLOAT64,9,5,2,2,True,0.0242238485955113,0.000158025068230927
16,1,QISKIT_AER_STATEVECTOR,1,1,0,11645,False,0.0009765625000000004,0.0014480550307780504
16,1,QISKIT_AER_STATEVECTOR,2,2,1,9802,False,0.008766189217567447,0.010494576068595052
16,1,QISKIT_AER_STATEVECTOR,3,2,0,2562,False,0.0009765625000000004,0.0012122830376029015
16,1,QISKIT_AER_STATEVECTOR,4,2,1,4776,False,0.008766189217567447,0.010215269052423537
16,1,QISKIT_AER_STATEVECTOR,5,3,2,4136,False,0.024223848595511306,0.03696233301889151
16,1,QISKIT_AER_STATEVECTOR,6,3,2,16374,False,0.024223848595511306,0.035967838019132614
16,1,QISKIT_AER_STATEVECTOR,7,3,0,9244,False,0.0009765625000000004,0.002010356984101236
16,1,QISKIT_AER_STATEVECTOR,8,4,2,4773,False,0.024223848595511306,0.025518289068713784
16,1,QISKIT_AER_STATEVECTOR,9,5,2,2,True,0.024223848595511306,0.033687471062876284
16,2,NUMPY_FLOAT64,1,1,0,13090,False,0.0009765625,9.736395440995693e-05
16,2,NUMPY_FLOAT64,2,2,1,34,False,0.008766189217567444,0.00033151800744235516
16,2,NUMPY_FLOAT64,3,2,1,6416,False,0.008766189217567444,0.00021129497326910496
16,2,NUMPY_FLOAT64,4,2,1,6499,False,0.008766189217567444,0.00020355195738375187
16,2,NUMPY_FLOAT64,5,3,2,3238,False,0.0242238485955113,0.0003102810587733984
16,2,NUMPY_FLOAT64,6,3,2,9904,False,0.0242238485955113,0.00017288909293711185
16,2,NUMPY_FLOAT64,7,3,1,8220,False,0.008766189217567444,0.0001945430412888527
16,2,NUMPY_FLOAT64,8,4,2,4797,False,0.0242238485955113,0.00019055500160902739
16,2,NUMPY_FLOAT64,9,5,3,7690,False,0.04710825057121504,0.0002346730325371027
16,2,NUMPY_FLOAT64,10,6,2,4600,False,0.0242238485955113,0.0002988009946420789
16,2,NUMPY_FLOAT64,11,7,1,6555,False,0.008766189217567444,0.0001918970374390483
16,2,NUMPY_FLOAT64,12,8,3,5415,False,0.04710825057121504,0.0004131209570914507
16,2,NUMPY_FLOAT64,13,9,6,7980,False,0.15620524772962735,0.0007341270102187991
16,2,NUMPY_FLOAT64,14,11,9,12722,False,0.31309985406631047,0.0010442580096423626
16,2,NUMPY_FLOAT64,15,13,6,12177,False,0.15620524772962735,0.0007113530300557613
16,2,NUMPY_FLOAT64,16,16,1,9943,False,0.008766189217567444,0.0001929720165207982
16,2,NUMPY_FLOAT64,17,19,13,10,True,0.558355923305556,0.0013924210797995329
16,2,QISKIT_AER_STATEVECTOR,1,1,0,13090,False,0.0009765625000000004,0.002391178044490516
16,2,QISKIT_AER_STATEVECTOR,2,2,1,34,False,0.008766189217567447,0.017881901003420353
16,2,QISKIT_AER_STATEVECTOR,3,2,1,6416,False,0.008766189217567447,0.01054833794478327
16,2,QISKIT_AER_STATEVECTOR,4,2,1,6499,False,0.008766189217567447,0.0105190189788118
16,2,QISKIT_AER_STATEVECTOR,5,3,2,3238,False,0.024223848595511306,0.019775003078393638
16,2,QISKIT_AER_STATEVECTOR,6,3,2,9904,False,0.024223848595511306,0.01940481597557664
16,2,QISKIT_AER_STATEVECTOR,7,3,1,8220,False,0.008766189217567447,0.010357184102758765
16,2,QISKIT_AER_STATEVECTOR,8,4,2,4797,False,0.024223848595511306,0.019417066010646522
16,2,QISKIT_AER_STATEVECTOR,9,5,3,7690,False,0.04710825057121501,0.04002310999203473
16,2,QISKIT_AER_STATEVECTOR,10,6,2,4600,False,0.024223848595511306,0.023218288901261985
16,2,QISKIT_AER_STATEVECTOR,11,7,1,6555,False,0.008766189217567447,0.012383045977912843
16,2,QISKIT_AER_STATEVECTOR,12,8,3,5415,False,0.04710825057121501,0.04752055800054222
16,2,QISKIT_AER_STATEVECTOR,13,9,6,7980,False,0.156205247729627,0.05958797095809132
16,2,QISKIT_AER_STATEVECTOR,14,11,9,12722,False,0.31309985406630936,0.13114518101792783
16,2,QISKIT_AER_STATEVECTOR,15,13,6,12177,False,0.156205247729627,0.09930118499323726
16,2,QISKIT_AER_STATEVECTOR,16,16,1,9943,False,0.008766189217567447,0.020032190019264817
16,2,QISKIT_AER_STATEVECTOR,17,19,13,10,True,0.5583559233055528,0.16446984000504017
16,3,NUMPY_FLOAT64,1,1,0,12967,False,0.0009765625,0.0001228409819304943
16,3,NUMPY_FLOAT64,2,2,0,4269,False,0.0009765625,9.96830640360713e-05
16,3,NUMPY_FLOAT64,3,2,1,10388,False,0.008766189217567444,0.0002501111011952162
16,3,NUMPY_FLOAT64,4,2,0,264,False,0.0009765625,8.989893831312656e-05
16,3,NUMPY_FLOAT64,5,3,0,16295,False,0.0009765625,8.662603795528412e-05
16,3,NUMPY_FLOAT64,6,3,0,6395,False,0.0009765625,8.156499825417995e-05
16,3,NUMPY_FLOAT64,7,3,1,483,False,0.008766189217567444,0.00019924400839954615
16,3,NUMPY_FLOAT64,8,4,0,3781,False,0.0009765625,8.610310032963753e-05
16,3,NUMPY_FLOAT64,9,5,4,6886,False,0.07706217555207087,0.0005094630178064108
16,3,NUMPY_FLOAT64,10,6,2,4,True,0.0242238485955113,0.00030892796348780394
16,3,QISKIT_AER_STATEVECTOR,1,1,0,12967,False,0.0009765625000000004,0.002381786936894059
16,3,QISKIT_AER_STATEVECTOR,2,2,0,4269,False,0.0009765625000000004,0.0020936320070177317
16,3,QISKIT_AER_STATEVECTOR,3,2,1,10388,False,0.008766189217567447,0.012574510998092592
16,3,QISKIT_AER_STATEVECTOR,4,2,0,264,False,0.0009765625000000004,0.0012021419825032353
16,3,QISKIT_AER_STATEVECTOR,5,3,0,16295,False,0.0009765625000000004,0.0011710970429703593
16,3,QISKIT_AER_STATEVECTOR,6,3,0,6395,False,0.0009765625000000004,0.001216877019032836
16,3,QISKIT_AER_STATEVECTOR,7,3,1,483,False,0.008766189217567447,0.014695566962473094
16,3,QISKIT_AER_STATEVECTOR,8,4,0,3781,False,0.0009765625000000004,0.0011968170292675495
16,3,QISKIT_AER_STATEVECTOR,9,5,4,6886,False,0.07706217555207076,0.0596291070105508
16,3,QISKIT_AER_STATEVECTOR,10,6,2,4,True,0.024223848595511306,0.0249145720154047
16,4,NUMPY_FLOAT64,1,1,0,15163,False,0.0009765625,9.823101572692394e-05
16,4,NUMPY_FLOAT64,2,2,0,5292,False,0.0009765625,9.252200834453106e-05
16,4,NUMPY_FLOAT64,3,2,0,15037,False,0.0009765625,5.45070506632328e-05
16,4,NUMPY_FLOAT64,4,2,1,9747,False,0.008766189217567444,0.00021001300774514675
16,4,NUMPY_FLOAT64,5,3,2,244,False,0.0242238485955113,0.00032833393197506666
16,4,NUMPY_FLOAT64,6,3,2,1926,False,0.0242238485955113,0.00031304708682000637
16,4,NUMPY_FLOAT64,7,3,2,10261,False,0.0242238485955113,0.00030536798294633627
16,4,NUMPY_FLOAT64,8,4,3,10171,False,0.04710825057121504,0.0003978760214522481
16,4,NUMPY_FLOAT64,9,5,4,12103,False,0.07706217555207087,0.0005196830024942756
16,4,NUMPY_FLOAT64,10,6,5,7,True,0.11361805052087579,0.0006183329969644547
16,4,QISKIT_AER_STATEVECTOR,1,1,0,15163,False,0.0009765625000000004,0.001878047944046557
16,4,QISKIT_AER_STATEVECTOR,2,2,0,5292,False,0.0009765625000000004,0.0021867878967896104
16,4,QISKIT_AER_STATEVECTOR,3,2,0,15037,False,0.0009765625000000004,0.0022108250996097922
16,4,QISKIT_AER_STATEVECTOR,4,2,1,9747,False,0.008766189217567447,0.019870092044584453
16,4,QISKIT_AER_STATEVECTOR,5,3,2,244,False,0.024223848595511306,0.03781709400936961
16,4,QISKIT_AER_STATEVECTOR,6,3,2,1926,False,0.024223848595511306,0.03614293201826513
16,4,QISKIT_AER_STATEVECTOR,7,3,2,10261,False,0.024223848595511306,0.03759041696321219
16,4,QISKIT_AER_STATEVECTOR,8,4,3,10171,False,0.04710825057121501,0.05006765993312001
16,4,QISKIT_AER_STATEVECTOR,9,5,4,12103,False,0.07706217555207076,0.058837970020249486
16,4,QISKIT_AER_STATEVECTOR,10,6,5,7,True,0.11361805052087556,0.07441143202595413
16,5,NUMPY_FLOAT64,1,1,0,9458,False,0.0009765625,0.00012022198643535376
16,5,NUMPY_FLOAT64,2,2,1,7915,False,0.008766189217567444,0.0002593479584902525
16,5,NUMPY_FLOAT64,3,2,0,2933,False,0.0009765625,5.969102494418621e-05
16,5,NUMPY_FLOAT64,4,2,0,8773,False,0.0009765625,7.612805347889662e-05
16,5,NUMPY_FLOAT64,5,3,0,3903,False,0.0009765625,7.762189488857985e-05
16,5,NUMPY_FLOAT64,6,3,1,4811,False,0.008766189217567444,0.00022149807773530483
16,5,NUMPY_FLOAT64,7,3,1,11186,False,0.008766189217567444,0.00020861392840743065
16,5,NUMPY_FLOAT64,8,4,0,8578,False,0.0009765625,8.584093302488327e-05
16,5,NUMPY_FLOAT64,9,5,3,15641,False,0.04710825057121504,0.00041530688758939505
16,5,NUMPY_FLOAT64,10,6,4,13813,False,0.07706217555207087,0.0004923819797113538
16,5,NUMPY_FLOAT64,11,7,2,4654,False,0.0242238485955113,0.00030700303614139557
16,5,NUMPY_FLOAT64,12,8,6,7,True,0.15620524772962735,0.000721486983820796
16,5,QISKIT_AER_STATEVECTOR,1,1,0,9458,False,0.0009765625000000004,0.0020539010874927044
16,5,QISKIT_AER_STATEVECTOR,2,2,1,7915,False,0.008766189217567447,0.013927037012763321
16,5,QISKIT_AER_STATEVECTOR,3,2,0,2933,False,0.0009765625000000004,0.00139145296998322
16,5,QISKIT_AER_STATEVECTOR,4,2,0,8773,False,0.0009765625000000004,0.002063040970824659
16,5,QISKIT_AER_STATEVECTOR,5,3,0,3903,False,0.0009765625000000004,0.0015115260612219572
16,5,QISKIT_AER_STATEVECTOR,6,3,1,4811,False,0.008766189217567447,0.012485407991334796
16,5,QISKIT_AER_STATEVECTOR,7,3,1,11186,False,0.008766189217567447,0.011193093960173428
16,5,QISKIT_AER_STATEVECTOR,8,4,0,8578,False,0.0009765625000000004,0.0012442889856174588
16,5,QISKIT_AER_STATEVECTOR,9,5,3,15641,False,0.04710825057121501,0.033325474010780454
16,5,QISKIT_AER_STATEVECTOR,10,6,4,13813,False,0.07706217555207076,0.07186777598690242
16,5,QISKIT_AER_STATEVECTOR,11,7,2,4654,False,0.024223848595511306,0.037811266956850886
16,5,QISKIT_AER_STATEVECTOR,12,8,6,7,True,0.156205247729627,0.10848906903993338
16,6,NUMPY_FLOAT64,1,1,0,8190,False,0.0009765625,0.00011175696272403002
16,6,NUMPY_FLOAT64,2,2,1,5813,False,0.008766189217567444,0.00024351198226213455
16,6,NUMPY_FLOAT64,3,2,1,8056,False,0.008766189217567444,0.00020109699107706547
16,6,NUMPY_FLOAT64,4,2,0,4527,False,0.0009765625,8.752604480832815e-05
16,6,NUMPY_FLOAT64,5,3,0,14909,False,0.0009765625,9.187997784465551e-05
16,6,NUMPY_FLOAT64,6,3,1,8319,False,0.008766189217567444,0.0001964470138773322
16,6,NUMPY_FLOAT64,7,3,2,2928,False,0.0242238485955113,0.00029903603717684746
16,6,NUMPY_FLOAT64,8,4,1,1472,False,0.008766189217567444,0.00018941506277769804
16,6,NUMPY_FLOAT64,9,5,0,12174,False,0.0009765625,8.50859796628356e-05
16,6,NUMPY_FLOAT64,10,6,5,970,False,0.11361805052087579,0.0006038839928805828
16,6,NUMPY_FLOAT64,11,7,1,2949,False,0.008766189217567444,0.00020029803272336721
16,6,NUMPY_FLOAT64,12,8,5,10,True,0.11361805052087579,0.0006090309470891953
16,6,QISKIT_AER_STATEVECTOR,1,1,0,8190,False,0.0009765625000000004,0.002319165039807558
16,6,QISKIT_AER_STATEVECTOR,2,2,1,5813,False,0.008766189217567447,0.02010071708355099
16,6,QISKIT_AER_STATEVECTOR,3,2,1,8056,False,0.008766189217567447,0.01986459002364427
16,6,QISKIT_AER_STATEVECTOR,4,2,0,4527,False,0.0009765625000000004,0.0022682619746774435
16,6,QISKIT_AER_STATEVECTOR,5,3,0,14909,False,0.0009765625000000004,0.002298897015862167
16,6,QISKIT_AER_STATEVECTOR,6,3,1,8319,False,0.008766189217567447,0.018729059025645256
16,6,QISKIT_AER_STATEVECTOR,7,3,2,2928,False,0.024223848595511306,0.022507451009005308
16,6,QISKIT_AER_STATEVECTOR,8,4,1,1472,False,0.008766189217567447,0.010746204061433673
16,6,QISKIT_AER_STATEVECTOR,9,5,0,12174,False,0.0009765625000000004,0.001171741052530706
16,6,QISKIT_AER_STATEVECTOR,10,6,5,970,False,0.11361805052087556,0.08119526400696486
16,6,QISKIT_AER_STATEVECTOR,11,7,1,2949,False,0.008766189217567447,0.01978365797549486
16,6,QISKIT_AER_STATEVECTOR,12,8,5,10,True,0.11361805052087556,0.04912181803956628
16,7,NUMPY_FLOAT64,1,1,0,14767,False,0.0009765625,6.075599230825901e-05
16,7,NUMPY_FLOAT64,2,2,0,10734,False,0.0009765625,5.32220583409071e-05
16,7,NUMPY_FLOAT64,3,2,1,4851,False,0.008766189217567444,0.00012642599176615477
16,7,NUMPY_FLOAT64,4,2,1,782,False,0.008766189217567444,9.976595174521208e-05
16,7,NUMPY_FLOAT64,5,3,2,15371,False,0.0242238485955113,0.00015629897825419903
16,7,NUMPY_FLOAT64,6,3,2,15296,False,0.0242238485955113,0.00014696107245981693
16,7,NUMPY_FLOAT64,7,3,2,7169,False,0.0242238485955113,0.00014664593618363142
16,7,NUMPY_FLOAT64,8,4,0,10352,False,0.0009765625,4.27949707955122e-05
16,7,NUMPY_FLOAT64,9,5,2,534,False,0.0242238485955113,0.00014518294483423233
16,7,NUMPY_FLOAT64,10,6,4,3737,False,0.07706217555207087,0.00025054009165614843
16,7,NUMPY_FLOAT64,11,7,2,6736,False,0.0242238485955113,0.00014701904729008675
16,7,NUMPY_FLOAT64,12,8,3,6,True,0.04710825057121504,0.0003881759475916624
16,7,QISKIT_AER_STATEVECTOR,1,1,0,14767,False,0.0009765625000000004,0.0012676549376919866
16,7,QISKIT_AER_STATEVECTOR,2,2,0,10734,False,0.0009765625000000004,0.0011902149999514222
16,7,QISKIT_AER_STATEVECTOR,3,2,1,4851,False,0.008766189217567447,0.011433333973400295
16,7,QISKIT_AER_STATEVECTOR,4,2,1,782,False,0.008766189217567447,0.016428780974820256
16,7,QISKIT_AER_STATEVECTOR,5,3,2,15371,False,0.024223848595511306,0.02754165302030742
16,7,QISKIT_AER_STATEVECTOR,6,3,2,15296,False,0.024223848595511306,0.030305064981803298
16,7,QISKIT_AER_STATEVECTOR,7,3,2,7169,False,0.024223848595511306,0.03573006694205105
16,7,QISKIT_AER_STATEVECTOR,8,4,0,10352,False,0.0009765625000000004,0.002370379981584847
16,7,QISKIT_AER_STATEVECTOR,9,5,2,534,False,0.024223848595511306,0.03650577401276678
16,7,QISKIT_AER_STATEVECTOR,10,6,4,3737,False,0.07706217555207076,0.042619837913662195
16,7,QISKIT_AER_STATEVECTOR,11,7,2,6736,False,0.024223848595511306,0.019663245999254286
16,7,QISKIT_AER_STATEVECTOR,12,8,3,6,True,0.04710825057121501,0.04448265302926302
16,8,NUMPY_FLOAT64,1,1,0,15997,False,0.0009765625,0.00010012299753725529
16,8,NUMPY_FLOAT64,2,2,0,225,False,0.0009765625,8.461601100862026e-05
16,8,NUMPY_FLOAT64,3,2,0,470,False,0.0009765625,5.476304795593023e-05
16,8,NUMPY_FLOAT64,4,2,0,9737,False,0.0009765625,7.477798499166965e-05
16,8,NUMPY_FLOAT64,5,3,1,11508,False,0.008766189217567444,0.0002126189647242427
16,8,NUMPY_FLOAT64,6,3,2,1494,False,0.0242238485955113,0.00026064098346978426
16,8,NUMPY_FLOAT64,7,3,2,126,False,0.0242238485955113,0.0001606399891898036
16,8,NUMPY_FLOAT64,8,4,0,7917,False,0.0009765625,5.9428042732179165e-05
16,8,NUMPY_FLOAT64,9,5,1,14373,False,0.008766189217567444,0.00011195405386388302
16,8,NUMPY_FLOAT64,10,6,4,7998,False,0.07706217555207087,0.00025810091756284237
16,8,NUMPY_FLOAT64,11,7,5,5593,False,0.11361805052087579,0.0005032200133427978
16,8,NUMPY_FLOAT64,12,8,2,6026,False,0.0242238485955113,0.00014458002988249063
16,8,NUMPY_FLOAT64,13,9,6,5335,False,0.15620524772962735,0.0004341669846326113
16,8,NUMPY_FLOAT64,14,11,5,11857,False,0.11361805052087579,0.0002996079856529832
16,8,NUMPY_FLOAT64,15,13,10,15,True,0.37238643309689723,0.000625537009909749
16,8,QISKIT_AER_STATEVECTOR,1,1,0,15997,False,0.0009765625000000004,0.001230978057719767
16,8,QISKIT_AER_STATEVECTOR,2,2,0,225,False,0.0009765625000000004,0.0014522719429805875
16,8,QISKIT_AER_STATEVECTOR,3,2,0,470,False,0.0009765625000000004,0.0011595089454203844
16,8,QISKIT_AER_STATEVECTOR,4,2,0,9737,False,0.0009765625000000004,0.001161013962700963
16,8,QISKIT_AER_STATEVECTOR,5,3,1,11508,False,0.008766189217567447,0.01023450493812561
16,8,QISKIT_AER_STATEVECTOR,6,3,2,1494,False,0.024223848595511306,0.019303744076751173
16,8,QISKIT_AER_STATEVECTOR,7,3,2,126,False,0.024223848595511306,0.021772356936708093
16,8,QISKIT_AER_STATEVECTOR,8,4,0,7917,False,0.0009765625000000004,0.0018272030865773559
16,8,QISKIT_AER_STATEVECTOR,9,5,1,14373,False,0.008766189217567447,0.012863342999480665
16,8,QISKIT_AER_STATEVECTOR,10,6,4,7998,False,0.07706217555207076,0.056188340997323394
16,8,QISKIT_AER_STATEVECTOR,11,7,5,5593,False,0.11361805052087556,0.060355826979503036
16,8,QISKIT_AER_STATEVECTOR,12,8,2,6026,False,0.024223848595511306,0.03401935601141304
16,8,QISKIT_AER_STATEVECTOR,13,9,6,5335,False,0.156205247729627,0.09763090498745441
16,8,QISKIT_AER_STATEVECTOR,14,11,5,11857,False,0.11361805052087556,0.07486587797757238
16,8,QISKIT_AER_STATEVECTOR,15,13,10,15,True,0.37238643309689545,0.09797530993819237
16,9,NUMPY_FLOAT64,1,1,0,7532,False,0.0009765625,6.528699304908514e-05
16,9,NUMPY_FLOAT64,2,2,1,3218,False,0.008766189217567444,0.00017795292660593987
16,9,NUMPY_FLOAT64,3,2,0,14955,False,0.0009765625,5.3440919145941734e-05
16,9,NUMPY_FLOAT64,4,2,1,8685,False,0.008766189217567444,0.00010324805043637753
16,9,NUMPY_FLOAT64,5,3,0,14303,False,0.0009765625,4.2604049667716026e-05
16,9,NUMPY_FLOAT64,6,3,0,13911,False,0.0009765625,4.6721892431378365e-05
16,9,NUMPY_FLOAT64,7,3,2,16108,False,0.0242238485955113,0.00015909899957478046
16,9,NUMPY_FLOAT64,8,4,0,10268,False,0.0009765625,4.3131993152201176e-05
16,9,NUMPY_FLOAT64,9,5,1,2170,False,0.008766189217567444,9.741401299834251e-05
16,9,NUMPY_FLOAT64,10,6,5,13173,False,0.11361805052087579,0.0003005079925060272
16,9,NUMPY_FLOAT64,11,7,5,1424,False,0.11361805052087579,0.00030916603282094
16,9,NUMPY_FLOAT64,12,8,3,8216,False,0.04710825057121504,0.00019520195201039314
16,9,NUMPY_FLOAT64,13,9,5,10425,False,0.11361805052087579,0.0003148720134049654
16,9,NUMPY_FLOAT64,14,11,6,7111,False,0.15620524772962735,0.00035971507895737886
16,9,NUMPY_FLOAT64,15,13,9,15073,False,0.31309985406631047,0.0005232560215517879
16,9,NUMPY_FLOAT64,16,16,12,4,True,0.4959790924304038,0.0006535829743370414
16,9,QISKIT_AER_STATEVECTOR,1,1,0,7532,False,0.0009765625000000004,0.0014172210358083248
16,9,QISKIT_AER_STATEVECTOR,2,2,1,3218,False,0.008766189217567447,0.011314204079099
16,9,QISKIT_AER_STATEVECTOR,3,2,0,14955,False,0.0009765625000000004,0.001413959078490734
16,9,QISKIT_AER_STATEVECTOR,4,2,1,8685,False,0.008766189217567447,0.01715866499580443
16,9,QISKIT_AER_STATEVECTOR,5,3,0,14303,False,0.0009765625000000004,0.0023291410179808736
16,9,QISKIT_AER_STATEVECTOR,6,3,0,13911,False,0.0009765625000000004,0.0019059410551562905
16,9,QISKIT_AER_STATEVECTOR,7,3,2,16108,False,0.024223848595511306,0.02879012597259134
16,9,QISKIT_AER_STATEVECTOR,8,4,0,10268,False,0.0009765625000000004,0.0012098130537196994
16,9,QISKIT_AER_STATEVECTOR,9,5,1,2170,False,0.008766189217567447,0.0102307089837268
16,9,QISKIT_AER_STATEVECTOR,10,6,5,13173,False,0.11361805052087556,0.0527874690014869
16,9,QISKIT_AER_STATEVECTOR,11,7,5,1424,False,0.11361805052087556,0.047587702982127666
16,9,QISKIT_AER_STATEVECTOR,12,8,3,8216,False,0.04710825057121501,0.030242918990552425
16,9,QISKIT_AER_STATEVECTOR,13,9,5,10425,False,0.11361805052087556,0.06575817498378456
16,9,QISKIT_AER_STATEVECTOR,14,11,6,7111,False,0.156205247729627,0.05800912796985358
16,9,QISKIT_AER_STATEVECTOR,15,13,9,15073,False,0.31309985406630936,0.10903475002851337
16,9,QISKIT_AER_STATEVECTOR,16,16,12,4,True,0.4959790924304013,0.16751938895322382
16,10,NUMPY_FLOAT64,1,1,0,5871,False,0.0009765625,0.00011146697215735912
16,10,NUMPY_FLOAT64,2,2,1,6875,False,0.008766189217567444,0.00032079906668514013
16,10,NUMPY_FLOAT64,3,2,1,14995,False,0.008766189217567444,0.00021384202409535646
16,10,NUMPY_FLOAT64,4,2,1,7137,False,0.008766189217567444,0.00020254799164831638
16,10,NUMPY_FLOAT64,5,3,0,6747,False,0.0009765625,8.608796633780003e-05
16,10,NUMPY_FLOAT64,6,3,2,7339,False,0.0242238485955113,0.0002988970372825861
16,10,NUMPY_FLOAT64,7,3,0,8541,False,0.0009765625,8.362799417227507e-05
16,10,NUMPY_FLOAT64,8,4,2,4704,False,0.0242238485955113,0.0003249520668759942
16,10,NUMPY_FLOAT64,9,5,0,8730,False,0.0009765625,8.367793634533882e-05
16,10,NUMPY_FLOAT64,10,6,3,14,True,0.04710825057121504,0.00040659308433532715
16,10,QISKIT_AER_STATEVECTOR,1,1,0,5871,False,0.0009765625000000004,0.002434855094179511
16,10,QISKIT_AER_STATEVECTOR,2,2,1,6875,False,0.008766189217567447,0.01848327601328492
16,10,QISKIT_AER_STATEVECTOR,3,2,1,14995,False,0.008766189217567447,0.016263292985968292
16,10,QISKIT_AER_STATEVECTOR,4,2,1,7137,False,0.008766189217567447,0.010496548959054053
16,10,QISKIT_AER_STATEVECTOR,5,3,0,6747,False,0.0009765625000000004,0.0012059200089424849
16,10,QISKIT_AER_STATEVECTOR,6,3,2,7339,False,0.024223848595511306,0.019709240994416177
16,10,QISKIT_AER_STATEVECTOR,7,3,0,8541,False,0.0009765625000000004,0.0015305489068850875
16,10,QISKIT_AER_STATEVECTOR,8,4,2,4704,False,0.024223848595511306,0.03502315899822861
16,10,QISKIT_AER_STATEVECTOR,9,5,0,8730,False,0.0009765625000000004,0.002324879984371364
16,10,QISKIT_AER_STATEVECTOR,10,6,3,14,True,0.04710825057121501,0.05546845099888742
16,11,NUMPY_FLOAT64,1,1,0,11002,False,0.0009765625,0.00011481798719614744
16,11,NUMPY_FLOAT64,2,2,0,3872,False,0.0009765625,9.763299021869898e-05
16,11,NUMPY_FLOAT64,3,2,1,14220,False,0.008766189217567444,0.0002207040088251233
16,11,NUMPY_FLOAT64,4,2,0,2093,False,0.0009765625,8.477189112454653e-05
16,11,NUMPY_FLOAT64,5,3,1,15449,False,0.008766189217567444,0.0001983910333365202
16,11,NUMPY_FLOAT64,6,3,2,8445,False,0.0242238485955113,0.0003025149926543236
16,11,NUMPY_FLOAT64,7,3,2,6298,False,0.0242238485955113,0.0003117959713563323
16,11,NUMPY_FLOAT64,8,4,2,16046,False,0.0242238485955113,0.00031715002842247486
16,11,NUMPY_FLOAT64,9,5,0,8408,False,0.0009765625,8.5863983258605e-05
16,11,NUMPY_FLOAT64,10,6,3,2696,False,0.04710825057121504,0.00041014794260263443
16,11,NUMPY_FLOAT64,11,7,6,13726,False,0.15620524772962735,0.0006729810265824199
16,11,NUMPY_FLOAT64,12,8,1,9719,False,0.008766189217567444,0.00019060494378209114
16,11,NUMPY_FLOAT64,13,9,4,13434,False,0.07706217555207087,0.0004924209788441658
16,11,NUMPY_FLOAT64,14,11,8,2728,False,0.2567307379460351,0.0008943000575527549
16,11,NUMPY_FLOAT64,15,13,4,9911,False,0.07706217555207087,0.00048638798762112856
16,11,NUMPY_FLOAT64,16,16,6,8468,False,0.15620524772962735,0.0007323320023715496
16,11,NUMPY_FLOAT64,17,19,18,5,True,0.8379113151277884,0.00187039899174124
16,11,QISKIT_AER_STATEVECTOR,1,1,0,11002,False,0.0009765625000000004,0.0014276420697569847
16,11,QISKIT_AER_STATEVECTOR,2,2,0,3872,False,0.0009765625000000004,0.001814357005059719
16,11,QISKIT_AER_STATEVECTOR,3,2,1,14220,False,0.008766189217567447,0.0170474509941414
16,11,QISKIT_AER_STATEVECTOR,4,2,0,2093,False,0.0009765625000000004,0.0023064279230311513
16,11,QISKIT_AER_STATEVECTOR,5,3,1,15449,False,0.008766189217567447,0.02002061507664621
16,11,QISKIT_AER_STATEVECTOR,6,3,2,8445,False,0.024223848595511306,0.037722882931120694
16,11,QISKIT_AER_STATEVECTOR,7,3,2,6298,False,0.024223848595511306,0.03708453103899956
16,11,QISKIT_AER_STATEVECTOR,8,4,2,16046,False,0.024223848595511306,0.037775452015921474
16,11,QISKIT_AER_STATEVECTOR,9,5,0,8408,False,0.0009765625000000004,0.0022942249197512865
16,11,QISKIT_AER_STATEVECTOR,10,6,3,2696,False,0.04710825057121501,0.03751793596893549
16,11,QISKIT_AER_STATEVECTOR,11,7,6,13726,False,0.156205247729627,0.07754250697325915
16,11,QISKIT_AER_STATEVECTOR,12,8,1,9719,False,0.008766189217567447,0.02005757309962064
16,11,QISKIT_AER_STATEVECTOR,13,9,4,13434,False,0.07706217555207076,0.0688363779336214
16,11,QISKIT_AER_STATEVECTOR,14,11,8,2728,False,0.2567307379460343,0.12760340701788664
16,11,QISKIT_AER_STATEVECTOR,15,13,4,9911,False,0.07706217555207076,0.06473254493903369
16,11,QISKIT_AER_STATEVECTOR,16,16,6,8468,False,0.156205247729627,0.10835674195550382
16,11,QISKIT_AER_STATEVECTOR,17,19,18,5,True,0.837911315127781,0.23065176396630704
16,12,NUMPY_FLOAT64,1,1,0,4133,False,0.0009765625,0.00011468795128166676
16,12,NUMPY_FLOAT64,2,2,0,10028,False,0.0009765625,0.00010206201113760471
16,12,NUMPY_FLOAT64,3,2,0,3341,False,0.0009765625,8.970906492322683e-05
16,12,NUMPY_FLOAT64,4,2,1,5681,False,0.008766189217567444,0.0003017729613929987
16,12,NUMPY_FLOAT64,5,3,1,2457,False,0.008766189217567444,0.00022409099619835615
16,12,NUMPY_FLOAT64,6,3,0,7000,False,0.0009765625,8.538400288671255e-05
16,12,NUMPY_FLOAT64,7,3,1,7878,False,0.008766189217567444,0.00018396391533315182
16,12,NUMPY_FLOAT64,8,4,2,5597,False,0.0242238485955113,0.0002988919150084257
16,12,NUMPY_FLOAT64,9,5,3,10,True,0.04710825057121504,0.0004187579033896327
16,12,QISKIT_AER_STATEVECTOR,1,1,0,4133,False,0.0009765625000000004,0.00244816392660141
16,12,QISKIT_AER_STATEVECTOR,2,2,0,10028,False,0.0009765625000000004,0.002293667057529092
16,12,QISKIT_AER_STATEVECTOR,3,2,0,3341,False,0.0009765625000000004,0.002028906950727105
16,12,QISKIT_AER_STATEVECTOR,4,2,1,5681,False,0.008766189217567447,0.020025528967380524
16,12,QISKIT_AER_STATEVECTOR,5,3,1,2457,False,0.008766189217567447,0.019414679030887783
16,12,QISKIT_AER_STATEVECTOR,6,3,0,7000,False,0.0009765625000000004,0.0023041170788928866
16,12,QISKIT_AER_STATEVECTOR,7,3,1,7878,False,0.008766189217567447,0.019393524969927967
16,12,QISKIT_AER_STATEVECTOR,8,4,2,5597,False,0.024223848595511306,0.02274734398815781
16,12,QISKIT_AER_STATEVECTOR,9,5,3,10,True,0.04710825057121501,0.04634025995619595
16,13,NUMPY_FLOAT64,1,1,0,11900,False,0.0009765625,0.00012673193123191595
16,13,NUMPY_FLOAT64,2,2,1,6448,False,0.008766189217567444,0.00024015503004193306
16,13,NUMPY_FLOAT64,3,2,0,2381,False,0.0009765625,8.832593448460102e-05
16,13,NUMPY_FLOAT64,4,2,0,11053,False,0.0009765625,8.945201989263296e-05
16,13,NUMPY_FLOAT64,5,3,1,2167,False,0.008766189217567444,0.00021197297610342503
16,13,NUMPY_FLOAT64,6,3,0,4466,False,0.0009765625,9.481608867645264e-05
16,13,NUMPY_FLOAT64,7,3,0,11179,False,0.0009765625,8.366303518414497e-05
16,13,NUMPY_FLOAT64,8,4,2,12751,False,0.0242238485955113,0.0003014829708263278
16,13,NUMPY_FLOAT64,9,5,2,9046,False,0.0242238485955113,0.0002972290385514498
16,13,NUMPY_FLOAT64,10,6,2,5898,False,0.0242238485955113,0.00030053802765905857
16,13,NUMPY_FLOAT64,11,7,3,8104,False,0.04710825057121504,0.000396852963604033
16,13,NUMPY_FLOAT64,12,8,1,14399,False,0.008766189217567444,0.0001953729661181569
16,13,NUMPY_FLOAT64,13,9,8,5717,False,0.2567307379460351,0.0008963099680840969
16,13,NUMPY_FLOAT64,14,11,8,2,True,0.2567307379460351,0.0008985269814729691
16,13,QISKIT_AER_STATEVECTOR,1,1,0,11900,False,0.0009765625000000004,0.002270617987960577
16,13,QISKIT_AER_STATEVECTOR,2,2,1,6448,False,0.008766189217567447,0.018375217099674046
16,13,QISKIT_AER_STATEVECTOR,3,2,0,2381,False,0.0009765625000000004,0.002079318044707179
16,13,QISKIT_AER_STATEVECTOR,4,2,0,11053,False,0.0009765625000000004,0.00206358905415982
16,13,QISKIT_AER_STATEVECTOR,5,3,1,2167,False,0.008766189217567447,0.016543810022994876
16,13,QISKIT_AER_STATEVECTOR,6,3,0,4466,False,0.0009765625000000004,0.0017631009686738253
16,13,QISKIT_AER_STATEVECTOR,7,3,0,11179,False,0.0009765625000000004,0.001233382965438068
16,13,QISKIT_AER_STATEVECTOR,8,4,2,12751,False,0.024223848595511306,0.028883955907076597
16,13,QISKIT_AER_STATEVECTOR,9,5,2,9046,False,0.024223848595511306,0.03725667903199792
16,13,QISKIT_AER_STATEVECTOR,10,6,2,5898,False,0.024223848595511306,0.025124383042566478
16,13,QISKIT_AER_STATEVECTOR,11,7,3,8104,False,0.04710825057121501,0.028393166954629123
16,13,QISKIT_AER_STATEVECTOR,12,8,1,14399,False,0.008766189217567447,0.010255275061354041
16,13,QISKIT_AER_STATEVECTOR,13,9,8,5717,False,0.2567307379460343,0.11985971906688064
16,13,QISKIT_AER_STATEVECTOR,14,11,8,2,True,0.2567307379460343,0.14183579001110047
16,14,NUMPY_FLOAT64,1,1,0,14678,False,0.0009765625,0.00011899997480213642
16,14,NUMPY_FLOAT64,2,2,1,13594,False,0.008766189217567444,0.0002518180990591645
16,14,NUMPY_FLOAT64,3,2,1,12633,False,0.008766189217567444,0.00021550909150391817
16,14,NUMPY_FLOAT64,4,2,0,8588,False,0.0009765625,8.574104867875576e-05
16,14,NUMPY_FLOAT64,5,3,1,8493,False,0.008766189217567444,0.00020326196681708097
16,14,NUMPY_FLOAT64,6,3,1,2688,False,0.008766189217567444,0.0002053470816463232
16,14,NUMPY_FLOAT64,7,3,0,6409,False,0.0009765625,8.632603567093611e-05
16,14,NUMPY_FLOAT64,8,4,0,6077,False,0.0009765625,8.356699254363775e-05
16,14,NUMPY_FLOAT64,9,5,4,12099,False,0.07706217555207087,0.0005345949903130531
16,14,NUMPY_FLOAT64,10,6,1,6070,False,0.008766189217567444,0.00020110001787543297
16,14,NUMPY_FLOAT64,11,7,5,8088,False,0.11361805052087579,0.0005930149927735329
16,14,NUMPY_FLOAT64,12,8,6,10790,False,0.15620524772962735,0.0006962550105527043
16,14,NUMPY_FLOAT64,13,9,2,11894,False,0.0242238485955113,0.00027951691299676895
16,14,NUMPY_FLOAT64,14,11,4,15974,False,0.07706217555207087,0.0005016539944335818
16,14,NUMPY_FLOAT64,15,13,6,3611,False,0.15620524772962735,0.0006786810699850321
16,14,NUMPY_FLOAT64,16,16,13,6290,False,0.558355923305556,0.0014011840103194118
16,14,NUMPY_FLOAT64,17,19,14,11,True,0.6198218333197829,0.0014636249979957938
16,14,QISKIT_AER_STATEVECTOR,1,1,0,14678,False,0.0009765625000000004,0.0024308329448103905
16,14,QISKIT_AER_STATEVECTOR,2,2,1,13594,False,0.008766189217567447,0.0200233570067212
16,14,QISKIT_AER_STATEVECTOR,3,2,1,12633,False,0.008766189217567447,0.019906351109966636
16,14,QISKIT_AER_STATEVECTOR,4,2,0,8588,False,0.0009765625000000004,0.002319160965271294
16,14,QISKIT_AER_STATEVECTOR,5,3,1,8493,False,0.008766189217567447,0.01934981904923916
16,14,QISKIT_AER_STATEVECTOR,6,3,1,2688,False,0.008766189217567447,0.02015779190696776
16,14,QISKIT_AER_STATEVECTOR,7,3,0,6409,False,0.0009765625000000004,0.002336418954655528
16,14,QISKIT_AER_STATEVECTOR,8,4,0,6077,False,0.0009765625000000004,0.002307867049239576
16,14,QISKIT_AER_STATEVECTOR,9,5,4,12099,False,0.07706217555207076,0.060734565020538867
16,14,QISKIT_AER_STATEVECTOR,10,6,1,6070,False,0.008766189217567447,0.018726616050116718
16,14,QISKIT_AER_STATEVECTOR,11,7,5,8088,False,0.11361805052087556,0.07390238507650793
16,14,QISKIT_AER_STATEVECTOR,12,8,6,10790,False,0.156205247729627,0.08272167597897351
16,14,QISKIT_AER_STATEVECTOR,13,9,2,11894,False,0.024223848595511306,0.03651894407812506
16,14,QISKIT_AER_STATEVECTOR,14,11,4,15974,False,0.07706217555207076,0.047567305038683116
16,14,QISKIT_AER_STATEVECTOR,15,13,6,3611,False,0.156205247729627,0.08732745097950101
16,14,QISKIT_AER_STATEVECTOR,16,16,13,6290,False,0.5583559233055528,0.18713011895306408
16,14,QISKIT_AER_STATEVECTOR,17,19,14,11,True,0.6198218333197794,0.1812794670695439
16,15,NUMPY_FLOAT64,1,1,0,7509,False,0.0009765625,9.346904698759317e-05
16,15,NUMPY_FLOAT64,2,2,0,8803,False,0.0009765625,9.302201215177774e-05
16,15,NUMPY_FLOAT64,3,2,1,12033,False,0.008766189217567444,0.00017492996994405985
16,15,NUMPY_FLOAT64,4,2,1,5088,False,0.008766189217567444,0.00010633107740432024
16,15,NUMPY_FLOAT64,5,3,1,6672,False,0.008766189217567444,0.00010632898192852736
16,15,NUMPY_FLOAT64,6,3,1,12713,False,0.008766189217567444,0.00010280904825776815
16,15,NUMPY_FLOAT64,7,3,1,14408,False,0.008766189217567444,0.00010400800965726376
16,15,NUMPY_FLOAT64,8,4,2,15706,False,0.0242238485955113,0.00016372499521821737
16,15,NUMPY_FLOAT64,9,5,1,11075,False,0.008766189217567444,0.00010104395914822817
16,15,NUMPY_FLOAT64,10,6,0,3854,False,0.0009765625,4.4918968342244625e-05
16,15,NUMPY_FLOAT64,11,7,3,13559,False,0.04710825057121504,0.0002077950630337
16,15,NUMPY_FLOAT64,12,8,0,3306,False,0.0009765625,4.454306326806545e-05
16,15,NUMPY_FLOAT64,13,9,7,8854,False,0.2041589920509978,0.0004124490078538656
16,15,NUMPY_FLOAT64,14,11,1,9594,False,0.008766189217567444,9.700597729533911e-05
16,15,NUMPY_FLOAT64,15,13,7,13155,False,0.2041589920509978,0.00039789907168596983
16,15,NUMPY_FLOAT64,16,16,6,8690,False,0.15620524772962735,0.0003544730134308338
16,15,NUMPY_FLOAT64,17,19,6,12173,False,0.15620524772962735,0.00035951705649495125
16,15,NUMPY_FLOAT64,18,23,21,5,True,0.9494256368200228,0.0011111869243904948
16,15,QISKIT_AER_STATEVECTOR,1,1,0,7509,False,0.0009765625000000004,0.001527004991658032
16,15,QISKIT_AER_STATEVECTOR,2,2,0,8803,False,0.0009765625000000004,0.001427929033525288
16,15,QISKIT_AER_STATEVECTOR,3,2,1,12033,False,0.008766189217567447,0.011453735060058534
16,15,QISKIT_AER_STATEVECTOR,4,2,1,5088,False,0.008766189217567447,0.01174981298390776
16,15,QISKIT_AER_STATEVECTOR,5,3,1,6672,False,0.008766189217567447,0.01326449098996818
16,15,QISKIT_AER_STATEVECTOR,6,3,1,12713,False,0.008766189217567447,0.01636976096779108
16,15,QISKIT_AER_STATEVECTOR,7,3,1,14408,False,0.008766189217567447,0.018172177951782942
16,15,QISKIT_AER_STATEVECTOR,8,4,2,15706,False,0.024223848595511306,0.032129358034580946
16,15,QISKIT_AER_STATEVECTOR,9,5,1,11075,False,0.008766189217567447,0.01427478704135865
16,15,QISKIT_AER_STATEVECTOR,10,6,0,3854,False,0.0009765625000000004,0.0020489440066739917
16,15,QISKIT_AER_STATEVECTOR,11,7,3,13559,False,0.04710825057121501,0.03265167598146945
16,15,QISKIT_AER_STATEVECTOR,12,8,0,3306,False,0.0009765625000000004,0.001468624104745686
16,15,QISKIT_AER_STATEVECTOR,13,9,7,8854,False,0.20415899205099725,0.08786709699779749
16,15,QISKIT_AER_STATEVECTOR,14,11,1,9594,False,0.008766189217567447,0.020089511992409825
16,15,QISKIT_AER_STATEVECTOR,15,13,7,13155,False,0.20415899205099725,0.10799362894613296
16,15,QISKIT_AER_STATEVECTOR,16,16,6,8690,False,0.156205247729627,0.10694942192640156
16,15,QISKIT_AER_STATEVECTOR,17,19,6,12173,False,0.156205247729627,0.07757716497872025
16,15,QISKIT_AER_STATEVECTOR,18,23,21,5,True,0.9494256368200139,0.29441411595325917
16,16,NUMPY_FLOAT64,1,1,0,11090,False,0.0009765625,0.00013042299542576075
16,16,NUMPY_FLOAT64,2,2,0,6601,False,0.0009765625,0.00010287004988640547
16,16,NUMPY_FLOAT64,3,2,0,14776,False,0.0009765625,8.628901559859514e-05
16,16,NUMPY_FLOAT64,4,2,1,12338,False,0.008766189217567444,0.0003136580344289541
16,16,NUMPY_FLOAT64,5,3,2,8882,False,0.0242238485955113,0.0003085019998252392
16,16,NUMPY_FLOAT64,6,3,1,13000,False,0.008766189217567444,0.00019550800789147615
16,16,NUMPY_FLOAT64,7,3,2,9816,False,0.0242238485955113,0.0003059779992327094
16,16,NUMPY_FLOAT64,8,4,0,5072,False,0.0009765625,8.391391020268202e-05
16,16,NUMPY_FLOAT64,9,5,1,13,True,0.008766189217567444,0.00019233196508139372
16,16,QISKIT_AER_STATEVECTOR,1,1,0,11090,False,0.0009765625000000004,0.002458601025864482
16,16,QISKIT_AER_STATEVECTOR,2,2,0,6601,False,0.0009765625000000004,0.002315657096914947
16,16,QISKIT_AER_STATEVECTOR,3,2,0,14776,False,0.0009765625000000004,0.002325059031136334
16,16,QISKIT_AER_STATEVECTOR,4,2,1,12338,False,0.008766189217567447,0.0201350370189175
16,16,QISKIT_AER_STATEVECTOR,5,3,2,8882,False,0.024223848595511306,0.02594819199293852
16,16,QISKIT_AER_STATEVECTOR,6,3,1,13000,False,0.008766189217567447,0.012838432099670172
16,16,QISKIT_AER_STATEVECTOR,7,3,2,9816,False,0.024223848595511306,0.026414025924168527
16,16,QISKIT_AER_STATEVECTOR,8,4,0,5072,False,0.0009765625000000004,0.0013786180643364787
16,16,QISKIT_AER_STATEVECTOR,9,5,1,13,True,0.008766189217567447,0.011143240029923618
16,17,NUMPY_FLOAT64,1,1,0,6320,False,0.0009765625,5.9388927184045315e-05
16,17,NUMPY_FLOAT64,2,2,1,10298,False,0.008766189217567444,0.00013228505849838257
16,17,NUMPY_FLOAT64,3,2,0,6470,False,0.0009765625,4.5168912038207054e-05
16,17,NUMPY_FLOAT64,4,2,0,10654,False,0.0009765625,4.385598003864288e-05
16,17,NUMPY_FLOAT64,5,3,0,11719,False,0.0009765625,4.3498934246599674e-05
16,17,NUMPY_FLOAT64,6,3,2,14138,False,0.0242238485955113,0.00022910593543201685
16,17,NUMPY_FLOAT64,7,3,2,4684,False,0.0242238485955113,0.0003097049193456769
16,17,NUMPY_FLOAT64,8,4,3,4266,False,0.04710825057121504,0.0003947970690205693
16,17,NUMPY_FLOAT64,9,5,3,566,False,0.04710825057121504,0.00020181597210466862
16,17,NUMPY_FLOAT64,10,6,1,14342,False,0.008766189217567444,9.575998410582542e-05
16,17,NUMPY_FLOAT64,11,7,5,6016,False,0.11361805052087579,0.00029552995692938566
16,17,NUMPY_FLOAT64,12,8,1,14490,False,0.008766189217567444,9.483902249485254e-05
16,17,NUMPY_FLOAT64,13,9,3,4903,False,0.04710825057121504,0.00020139699336141348
16,17,NUMPY_FLOAT64,14,11,9,4,True,0.31309985406631047,0.0005054239882156253
16,17,QISKIT_AER_STATEVECTOR,1,1,0,6320,False,0.0009765625000000004,0.0012930830707773566
16,17,QISKIT_AER_STATEVECTOR,2,2,1,10298,False,0.008766189217567447,0.011864839005284011
16,17,QISKIT_AER_STATEVECTOR,3,2,0,6470,False,0.0009765625000000004,0.00121691997628659
16,17,QISKIT_AER_STATEVECTOR,4,2,0,10654,False,0.0009765625000000004,0.0011918239761143923
16,17,QISKIT_AER_STATEVECTOR,5,3,0,11719,False,0.0009765625000000004,0.0011919209500774741
16,17,QISKIT_AER_STATEVECTOR,6,3,2,14138,False,0.024223848595511306,0.019675391959026456
16,17,QISKIT_AER_STATEVECTOR,7,3,2,4684,False,0.024223848595511306,0.01908657792955637
16,17,QISKIT_AER_STATEVECTOR,8,4,3,4266,False,0.04710825057121501,0.03601775399874896
16,17,QISKIT_AER_STATEVECTOR,9,5,3,566,False,0.04710825057121501,0.05254092102404684
16,17,QISKIT_AER_STATEVECTOR,10,6,1,14342,False,0.008766189217567447,0.01607660495210439
16,17,QISKIT_AER_STATEVECTOR,11,7,5,6016,False,0.11361805052087556,0.07349014398641884
16,17,QISKIT_AER_STATEVECTOR,12,8,1,14490,False,0.008766189217567447,0.01699893898330629
16,17,QISKIT_AER_STATEVECTOR,13,9,3,4903,False,0.04710825057121501,0.04776293796021491
16,17,QISKIT_AER_STATEVECTOR,14,11,9,4,True,0.31309985406630936,0.12162631202954799
16,18,NUMPY_FLOAT64,1,1,0,8202,False,0.0009765625,0.00011323508806526661
16,18,NUMPY_FLOAT64,2,2,1,4198,False,0.008766189217567444,0.00024636508896946907
16,18,NUMPY_FLOAT64,3,2,1,13901,False,0.008766189217567444,0.00010212499182671309
16,18,NUMPY_FLOAT64,4,2,0,8101,False,0.0009765625,4.3166917748749256e-05
16,18,NUMPY_FLOAT64,5,3,0,14657,False,0.0009765625,4.181393887847662e-05
16,18,NUMPY_FLOAT64,6,3,2,2128,False,0.0242238485955113,0.00015292793978005648
16,18,NUMPY_FLOAT64,7,3,1,1991,False,0.008766189217567444,9.52079426497221e-05
16,18,NUMPY_FLOAT64,8,4,1,12767,False,0.008766189217567444,9.486498311161995e-05
16,18,NUMPY_FLOAT64,9,5,3,9177,False,0.04710825057121504,0.00019900896586477757
16,18,NUMPY_FLOAT64,10,6,3,15897,False,0.04710825057121504,0.00019969698041677475
16,18,NUMPY_FLOAT64,11,7,5,8922,False,0.11361805052087579,0.0003264850238338113
16,18,NUMPY_FLOAT64,12,8,5,8711,False,0.11361805052087579,0.0005511160707101226
16,18,NUMPY_FLOAT64,13,9,3,1508,False,0.04710825057121504,0.00019875098951160908
16,18,NUMPY_FLOAT64,14,11,2,5266,False,0.0242238485955113,0.00014429795555770397
16,18,NUMPY_FLOAT64,15,13,1,13599,False,0.008766189217567444,9.319500532001257e-05
16,18,NUMPY_FLOAT64,16,16,8,4458,False,0.2567307379460351,0.0005004000850021839
16,18,NUMPY_FLOAT64,17,19,0,8069,False,0.0009765625,4.352291580289602e-05
16,18,NUMPY_FLOAT64,18,23,18,3,True,0.8379113151277884,0.0010507950792089105
16,18,QISKIT_AER_STATEVECTOR,1,1,0,8202,False,0.0009765625000000004,0.002193270018324256
16,18,QISKIT_AER_STATEVECTOR,2,2,1,4198,False,0.008766189217567447,0.014483953011222184
16,18,QISKIT_AER_STATEVECTOR,3,2,1,13901,False,0.008766189217567447,0.01718514005187899
16,18,QISKIT_AER_STATEVECTOR,4,2,0,8101,False,0.0009765625000000004,0.001300196978263557
16,18,QISKIT_AER_STATEVECTOR,5,3,0,14657,False,0.0009765625000000004,0.001529249013401568
16,18,QISKIT_AER_STATEVECTOR,6,3,2,2128,False,0.024223848595511306,0.035674510058015585
16,18,QISKIT_AER_STATEVECTOR,7,3,1,1991,False,0.008766189217567447,0.019273192039690912
16,18,QISKIT_AER_STATEVECTOR,8,4,1,12767,False,0.008766189217567447,0.018487746943719685
16,18,QISKIT_AER_STATEVECTOR,9,5,3,9177,False,0.04710825057121501,0.05087866506073624
16,18,QISKIT_AER_STATEVECTOR,10,6,3,15897,False,0.04710825057121501,0.04880803800188005
16,18,QISKIT_AER_STATEVECTOR,11,7,5,8922,False,0.11361805052087556,0.06477948499377817
16,18,QISKIT_AER_STATEVECTOR,12,8,5,8711,False,0.11361805052087556,0.06616937799844891
16,18,QISKIT_AER_STATEVECTOR,13,9,3,1508,False,0.04710825057121501,0.046545566990971565
16,18,QISKIT_AER_STATEVECTOR,14,11,2,5266,False,0.024223848595511306,0.02564175007864833
16,18,QISKIT_AER_STATEVECTOR,15,13,1,13599,False,0.008766189217567447,0.020054684951901436
16,18,QISKIT_AER_STATEVECTOR,16,16,8,4458,False,0.2567307379460343,0.08555040694773197
16,18,QISKIT_AER_STATEVECTOR,17,19,0,8069,False,0.0009765625000000004,0.0013190130703151226
16,18,QISKIT_AER_STATEVECTOR,18,23,18,3,True,0.837911315127781,0.16913332103285939
16,19,NUMPY_FLOAT64,1,1,0,13472,False,0.0009765625,6.23979140073061e-05
16,19,NUMPY_FLOAT64,2,2,0,3693,False,0.0009765625,5.6317076086997986e-05
16,19,NUMPY_FLOAT64,3,2,1,834,False,0.008766189217567444,0.00024005095474421978
16,19,NUMPY_FLOAT64,4,2,1,1522,False,0.008766189217567444,0.00021401699632406235
16,19,NUMPY_FLOAT64,5,3,2,14645,False,0.0242238485955113,0.0002998089184984565
16,19,NUMPY_FLOAT64,6,3,1,13991,False,0.008766189217567444,0.00010081601794809103
16,19,NUMPY_FLOAT64,7,3,0,1763,False,0.0009765625,4.6205008402466774e-05
16,19,NUMPY_FLOAT64,8,4,1,11950,False,0.008766189217567444,0.00018280092626810074
16,19,NUMPY_FLOAT64,9,5,0,9087,False,0.0009765625,4.503992386162281e-05
16,19,NUMPY_FLOAT64,10,6,3,11,True,0.04710825057121504,0.00020680297166109085
16,19,QISKIT_AER_STATEVECTOR,1,1,0,13472,False,0.0009765625000000004,0.0013275040546432137
16,19,QISKIT_AER_STATEVECTOR,2,2,0,3693,False,0.0009765625000000004,0.0016999379731714725
16,19,QISKIT_AER_STATEVECTOR,3,2,1,834,False,0.008766189217567447,0.011217569001019001
16,19,QISKIT_AER_STATEVECTOR,4,2,1,1522,False,0.008766189217567447,0.011167626013047993
16,19,QISKIT_AER_STATEVECTOR,5,3,2,14645,False,0.024223848595511306,0.023054386023432016
16,19,QISKIT_AER_STATEVECTOR,6,3,1,13991,False,0.008766189217567447,0.0173851860454306
16,19,QISKIT_AER_STATEVECTOR,7,3,0,1763,False,0.0009765625000000004,0.0017804079689085484
16,19,QISKIT_AER_STATEVECTOR,8,4,1,11950,False,0.008766189217567447,0.015630310052074492
16,19,QISKIT_AER_STATEVECTOR,9,5,0,9087,False,0.0009765625000000004,0.0022264099679887295
16,19,QISKIT_AER_STATEVECTOR,10,6,3,11,True,0.04710825057121501,0.0458691919920966
16,20,NUMPY_FLOAT64,1,1,0,8662,False,0.0009765625,6.242003291845322e-05
16,20,NUMPY_FLOAT64,2,2,0,4798,False,0.0009765625,5.2663031965494156e-05
16,20,NUMPY_FLOAT64,3,2,0,1412,False,0.0009765625,4.466099198907614e-05
16,20,NUMPY_FLOAT64,4,2,0,8513,False,0.0009765625,4.5594992116093636e-05
16,20,NUMPY_FLOAT64,5,3,0,5907,False,0.0009765625,4.2707077227532864e-05
16,20,NUMPY_FLOAT64,6,3,2,10238,False,0.0242238485955113,0.00032454601023346186
16,20,NUMPY_FLOAT64,7,3,1,9965,False,0.008766189217567444,0.000196772045455873
16,20,NUMPY_FLOAT64,8,4,3,1184,False,0.04710825057121504,0.00020780600607395172
16,20,NUMPY_FLOAT64,9,5,4,10492,False,0.07706217555207087,0.0002565609756857157
16,20,NUMPY_FLOAT64,10,6,4,14570,False,0.07706217555207087,0.0002523609437048435
16,20,NUMPY_FLOAT64,11,7,6,10767,False,0.15620524772962735,0.00039600091986358166
16,20,NUMPY_FLOAT64,12,8,6,11627,False,0.15620524772962735,0.0003486459609121084
16,20,NUMPY_FLOAT64,13,9,5,6102,False,0.11361805052087579,0.00048315501771867275
16,20,NUMPY_FLOAT64,14,11,1,1051,False,0.008766189217567444,0.00018929503858089447
16,20,NUMPY_FLOAT64,15,13,7,15162,False,0.2041589920509978,0.0003988719545304775
16,20,NUMPY_FLOAT64,16,16,6,1,True,0.15620524772962735,0.00043454195838421583
16,20,QISKIT_AER_STATEVECTOR,1,1,0,8662,False,0.0009765625000000004,0.0013233289355412126
16,20,QISKIT_AER_STATEVECTOR,2,2,0,4798,False,0.0009765625000000004,0.00136312295217067
16,20,QISKIT_AER_STATEVECTOR,3,2,0,1412,False,0.0009765625000000004,0.0012970929965376854
16,20,QISKIT_AER_STATEVECTOR,4,2,0,8513,False,0.0009765625000000004,0.0019149240106344223
16,20,QISKIT_AER_STATEVECTOR,5,3,0,5907,False,0.0009765625000000004,0.0012519399169832468
16,20,QISKIT_AER_STATEVECTOR,6,3,2,10238,False,0.024223848595511306,0.021874079015105963
16,20,QISKIT_AER_STATEVECTOR,7,3,1,9965,False,0.008766189217567447,0.010499635012820363
16,20,QISKIT_AER_STATEVECTOR,8,4,3,1184,False,0.04710825057121501,0.03133710997644812
16,20,QISKIT_AER_STATEVECTOR,9,5,4,10492,False,0.07706217555207076,0.05352987500373274
16,20,QISKIT_AER_STATEVECTOR,10,6,4,14570,False,0.07706217555207076,0.053401277982629836
16,20,QISKIT_AER_STATEVECTOR,11,7,6,10767,False,0.156205247729627,0.07654631300829351
16,20,QISKIT_AER_STATEVECTOR,12,8,6,11627,False,0.156205247729627,0.07936310896184295
16,20,QISKIT_AER_STATEVECTOR,13,9,5,6102,False,0.11361805052087556,0.0730375440325588
16,20,QISKIT_AER_STATEVECTOR,14,11,1,1051,False,0.008766189217567447,0.010437592980451882
16,20,QISKIT_AER_STATEVECTOR,15,13,7,15162,False,0.20415899205099725,0.08006340602878481
16,20,QISKIT_AER_STATEVECTOR,16,16,6,1,True,0.156205247729627,0.08007101190742105
16,21,NUMPY_FLOAT64,1,1,0,3644,False,0.0009765625,6.423401646316051e-05
16,21,NUMPY_FLOAT64,2,2,1,6994,False,0.008766189217567444,0.00015051406808197498
16,21,NUMPY_FLOAT64,3,2,0,16204,False,0.0009765625,5.081400740891695e-05
16,21,NUMPY_FLOAT64,4,2,1,3595,False,0.008766189217567444,0.00010707497131079435
16,21,NUMPY_FLOAT64,5,3,2,13451,False,0.0242238485955113,0.00016570091247558594
16,21,NUMPY_FLOAT64,6,3,0,9606,False,0.0009765625,4.4554006308317184e-05
16,21,NUMPY_FLOAT64,7,3,1,13176,False,0.008766189217567444,0.00010464608203619719
16,21,NUMPY_FLOAT64,8,4,1,2108,False,0.008766189217567444,9.825301822274923e-05
16,21,NUMPY_FLOAT64,9,5,2,3552,False,0.0242238485955113,0.00015992892440408468
16,21,NUMPY_FLOAT64,10,6,1,15488,False,0.008766189217567444,0.00010070903226733208
16,21,NUMPY_FLOAT64,11,7,6,12100,False,0.15620524772962735,0.0003737410297617316
16,21,NUMPY_FLOAT64,12,8,2,7151,False,0.0242238485955113,0.00015329092275351286
16,21,NUMPY_FLOAT64,13,9,4,13826,False,0.07706217555207087,0.0003513449337333441
16,21,NUMPY_FLOAT64,14,11,8,14768,False,0.2567307379460351,0.0006854289676994085
16,21,NUMPY_FLOAT64,15,13,4,5384,False,0.07706217555207087,0.0003962119808420539
16,21,NUMPY_FLOAT64,16,16,12,7,True,0.4959790924304038,0.0010353929828852415
16,21,QISKIT_AER_STATEVECTOR,1,1,0,3644,False,0.0009765625000000004,0.00211458804551512
16,21,QISKIT_AER_STATEVECTOR,2,2,1,6994,False,0.008766189217567447,0.017832032055594027
16,21,QISKIT_AER_STATEVECTOR,3,2,0,16204,False,0.0009765625000000004,0.001229009940288961
16,21,QISKIT_AER_STATEVECTOR,4,2,1,3595,False,0.008766189217567447,0.010847482015378773
16,21,QISKIT_AER_STATEVECTOR,5,3,2,13451,False,0.024223848595511306,0.019870805088430643
16,21,QISKIT_AER_STATEVECTOR,6,3,0,9606,False,0.0009765625000000004,0.001490775030106306
16,21,QISKIT_AER_STATEVECTOR,7,3,1,13176,False,0.008766189217567447,0.01385018602013588
16,21,QISKIT_AER_STATEVECTOR,8,4,1,2108,False,0.008766189217567447,0.01966703392099589
16,21,QISKIT_AER_STATEVECTOR,9,5,2,3552,False,0.024223848595511306,0.03677344892639667
16,21,QISKIT_AER_STATEVECTOR,10,6,1,15488,False,0.008766189217567447,0.017539894091896713
16,21,QISKIT_AER_STATEVECTOR,11,7,6,12100,False,0.156205247729627,0.06198639899957925
16,21,QISKIT_AER_STATEVECTOR,12,8,2,7151,False,0.024223848595511306,0.036265255068428814
16,21,QISKIT_AER_STATEVECTOR,13,9,4,13826,False,0.07706217555207076,0.05021631997078657
16,21,QISKIT_AER_STATEVECTOR,14,11,8,14768,False,0.2567307379460343,0.13542078505270183
16,21,QISKIT_AER_STATEVECTOR,15,13,4,5384,False,0.07706217555207076,0.07275079796090722
16,21,QISKIT_AER_STATEVECTOR,16,16,12,7,True,0.4959790924304013,0.15971838496625423
16,22,NUMPY_FLOAT64,1,1,0,15378,False,0.0009765625,6.720691453665495e-05
16,22,NUMPY_FLOAT64,2,2,1,8038,False,0.008766189217567444,0.000139121082611382
16,22,NUMPY_FLOAT64,3,2,1,8614,False,0.008766189217567444,0.00010297598782926798
16,22,NUMPY_FLOAT64,4,2,1,7789,False,0.008766189217567444,9.95430164039135e-05
16,22,NUMPY_FLOAT64,5,3,2,9380,False,0.0242238485955113,0.0001574991038069129
16,22,NUMPY_FLOAT64,6,3,0,6740,False,0.0009765625,4.278100095689297e-05
16,22,NUMPY_FLOAT64,7,3,0,9433,False,0.0009765625,4.103698302060366e-05
16,22,NUMPY_FLOAT64,8,4,1,1882,False,0.008766189217567444,9.569001849740744e-05
16,22,NUMPY_FLOAT64,9,5,1,5635,False,0.008766189217567444,9.597698226571083e-05
16,22,NUMPY_FLOAT64,10,6,5,5230,False,0.11361805052087579,0.00029904895927757025
16,22,NUMPY_FLOAT64,11,7,3,7,True,0.04710825057121504,0.00020417501218616962
16,22,QISKIT_AER_STATEVECTOR,1,1,0,15378,False,0.0009765625000000004,0.0013032170245423913
16,22,QISKIT_AER_STATEVECTOR,2,2,1,8038,False,0.008766189217567447,0.01033339009154588
16,22,QISKIT_AER_STATEVECTOR,3,2,1,8614,False,0.008766189217567447,0.010121202911250293
16,22,QISKIT_AER_STATEVECTOR,4,2,1,7789,False,0.008766189217567447,0.010316618951037526
16,22,QISKIT_AER_STATEVECTOR,5,3,2,9380,False,0.024223848595511306,0.019459453993476927
16,22,QISKIT_AER_STATEVECTOR,6,3,0,6740,False,0.0009765625000000004,0.0012117000296711922
16,22,QISKIT_AER_STATEVECTOR,7,3,0,9433,False,0.0009765625000000004,0.0012655019527301192
16,22,QISKIT_AER_STATEVECTOR,8,4,1,1882,False,0.008766189217567447,0.01065497298259288
16,22,QISKIT_AER_STATEVECTOR,9,5,1,5635,False,0.008766189217567447,0.010558629990555346
16,22,QISKIT_AER_STATEVECTOR,10,6,5,5230,False,0.11361805052087556,0.0842438320396468
16,22,QISKIT_AER_STATEVECTOR,11,7,3,7,True,0.04710825057121501,0.04694618901703507
16,23,NUMPY_FLOAT64,1,1,0,103,False,0.0009765625,5.975295789539814e-05
16,23,NUMPY_FLOAT64,2,2,0,15643,False,0.0009765625,5.2427989430725574e-05
16,23,NUMPY_FLOAT64,3,2,1,10358,False,0.008766189217567444,0.00013090705033391714
16,23,NUMPY_FLOAT64,4,2,0,12873,False,0.0009765625,4.382908809930086e-05
16,23,NUMPY_FLOAT64,5,3,0,15446,False,0.0009765625,4.264106974005699e-05
16,23,NUMPY_FLOAT64,6,3,2,3229,False,0.0242238485955113,0.00016141391824930906
16,23,NUMPY_FLOAT64,7,3,0,7670,False,0.0009765625,4.1229999624192715e-05
16,23,NUMPY_FLOAT64,8,4,3,12625,False,0.04710825057121504,0.00020129000768065453
16,23,NUMPY_FLOAT64,9,5,3,0,True,0.04710825057121504,0.00019672000780701637
16,23,QISKIT_AER_STATEVECTOR,1,1,0,103,False,0.0009765625000000004,0.0012615879531949759
16,23,QISKIT_AER_STATEVECTOR,2,2,0,15643,False,0.0009765625000000004,0.0011960139963775873
16,23,QISKIT_AER_STATEVECTOR,3,2,1,10358,False,0.008766189217567447,0.01027724496088922
16,23,QISKIT_AER_STATEVECTOR,4,2,0,12873,False,0.0009765625000000004,0.0012051010271534324
16,23,QISKIT_AER_STATEVECTOR,5,3,0,15446,False,0.0009765625000000004,0.0011891390895470977
16,23,QISKIT_AER_STATEVECTOR,6,3,2,3229,False,0.024223848595511306,0.03033780597615987
16,23,QISKIT_AER_STATEVECTOR,7,3,0,7670,False,0.0009765625000000004,0.0023395189782604575
16,23,QISKIT_AER_STATEVECTOR,8,4,3,12625,False,0.04710825057121501,0.054076942964456975
16,23,QISKIT_AER_STATEVECTOR,9,5,3,0,True,0.04710825057121501,0.05053611798211932
16,24,NUMPY_FLOAT64,1,1,0,300,False,0.0009765625,9.514996781945229e-05
16,24,NUMPY_FLOAT64,2,2,0,6888,False,0.0009765625,9.574089199304581e-05
16,24,NUMPY_FLOAT64,3,2,0,355,False,0.0009765625,6.778200622648001e-05
16,24,NUMPY_FLOAT64,4,2,1,8438,False,0.008766189217567444,0.00021467090118676424
16,24,NUMPY_FLOAT64,5,3,1,11020,False,0.008766189217567444,0.00017484999261796474
16,24,NUMPY_FLOAT64,6,3,2,5117,False,0.0242238485955113,0.0002704770304262638
16,24,NUMPY_FLOAT64,7,3,1,7099,False,0.008766189217567444,0.00016395002603530884
16,24,NUMPY_FLOAT64,8,4,3,14564,False,0.04710825057121504,0.0002749999985098839
16,24,NUMPY_FLOAT64,9,5,0,1227,False,0.0009765625,4.184897989034653e-05
16,24,NUMPY_FLOAT64,10,6,3,15547,False,0.04710825057121504,0.00020190596114844084
16,24,NUMPY_FLOAT64,11,7,4,11421,False,0.07706217555207087,0.0004086890257894993
16,24,NUMPY_FLOAT64,12,8,6,5772,False,0.15620524772962735,0.0005836109630763531
16,24,NUMPY_FLOAT64,13,9,4,10,True,0.07706217555207087,0.0005026271101087332
16,24,QISKIT_AER_STATEVECTOR,1,1,0,300,False,0.0009765625000000004,0.0023182990262284875
16,24,QISKIT_AER_STATEVECTOR,2,2,0,6888,False,0.0009765625000000004,0.0022096040192991495
16,24,QISKIT_AER_STATEVECTOR,3,2,0,355,False,0.0009765625000000004,0.0018914040410891175
16,24,QISKIT_AER_STATEVECTOR,4,2,1,8438,False,0.008766189217567447,0.020041567040607333
16,24,QISKIT_AER_STATEVECTOR,5,3,1,11020,False,0.008766189217567447,0.012267444981262088
16,24,QISKIT_AER_STATEVECTOR,6,3,2,5117,False,0.024223848595511306,0.028301871032454073
16,24,QISKIT_AER_STATEVECTOR,7,3,1,7099,False,0.008766189217567447,0.015392811968922615
16,24,QISKIT_AER_STATEVECTOR,8,4,3,14564,False,0.04710825057121501,0.037953596911393106
16,24,QISKIT_AER_STATEVECTOR,9,5,0,1227,False,0.0009765625000000004,0.0012391150230541825
16,24,QISKIT_AER_STATEVECTOR,10,6,3,15547,False,0.04710825057121501,0.03033446695189923
16,24,QISKIT_AER_STATEVECTOR,11,7,4,11421,False,0.07706217555207076,0.06043722399044782
16,24,QISKIT_AER_STATEVECTOR,12,8,6,5772,False,0.156205247729627,0.08916492003481835
16,24,QISKIT_AER_STATEVECTOR,13,9,4,10,True,0.07706217555207076,0.0519798609893769
16,25,NUMPY_FLOAT64,1,1,0,6519,False,0.0009765625,0.0001199070829898119
16,25,NUMPY_FLOAT64,2,2,1,6743,False,0.008766189217567444,0.0001410150434821844
16,25,NUMPY_FLOAT64,3,2,0,4162,False,0.0009765625,4.7122943215072155e-05
16,25,NUMPY_FLOAT64,4,2,0,14471,False,0.0009765625,4.808604717254639e-05
16,25,NUMPY_FLOAT64,5,3,1,10944,False,0.008766189217567444,0.00010782107710838318
16,25,NUMPY_FLOAT64,6,3,1,13495,False,0.008766189217567444,0.00010309694334864616
16,25,NUMPY_FLOAT64,7,3,1,9690,False,0.008766189217567444,0.00012144003994762897
16,25,NUMPY_FLOAT64,8,4,0,15989,False,0.0009765625,4.284095484763384e-05
16,25,NUMPY_FLOAT64,9,5,4,15522,False,0.07706217555207087,0.00025849405210465193
16,25,NUMPY_FLOAT64,10,6,5,3465,False,0.11361805052087579,0.0003095869906246662
16,25,NUMPY_FLOAT64,11,7,4,8422,False,0.07706217555207087,0.0002541440771892667
16,25,NUMPY_FLOAT64,12,8,1,9062,False,0.008766189217567444,9.695196058601141e-05
16,25,NUMPY_FLOAT64,13,9,6,14118,False,0.15620524772962735,0.0003509280504658818
16,25,NUMPY_FLOAT64,14,11,4,1759,False,0.07706217555207087,0.00031320599373430014
16,25,NUMPY_FLOAT64,15,13,3,6489,False,0.04710825057121504,0.00019884610082954168
16,25,NUMPY_FLOAT64,16,16,12,13,True,0.4959790924304038,0.0006584289949387312
16,25,QISKIT_AER_STATEVECTOR,1,1,0,6519,False,0.0009765625000000004,0.0013832689728587866
16,25,QISKIT_AER_STATEVECTOR,2,2,1,6743,False,0.008766189217567447,0.010522554046474397
16,25,QISKIT_AER_STATEVECTOR,3,2,0,4162,False,0.0009765625000000004,0.0011673729168251157
16,25,QISKIT_AER_STATEVECTOR,4,2,0,14471,False,0.0009765625000000004,0.0011082659475505352
16,25,QISKIT_AER_STATEVECTOR,5,3,1,10944,False,0.008766189217567447,0.010193623951636255
16,25,QISKIT_AER_STATEVECTOR,6,3,1,13495,False,0.008766189217567447,0.010402488987892866
16,25,QISKIT_AER_STATEVECTOR,7,3,1,9690,False,0.008766189217567447,0.010177183081395924
16,25,QISKIT_AER_STATEVECTOR,8,4,0,15989,False,0.0009765625000000004,0.00116654799785465
16,25,QISKIT_AER_STATEVECTOR,9,5,4,15522,False,0.07706217555207076,0.051153008942492306
16,25,QISKIT_AER_STATEVECTOR,10,6,5,3465,False,0.11361805052087556,0.06620890100020915
16,25,QISKIT_AER_STATEVECTOR,11,7,4,8422,False,0.07706217555207076,0.05533911695238203
16,25,QISKIT_AER_STATEVECTOR,12,8,1,9062,False,0.008766189217567447,0.01849918405059725
16,25,QISKIT_AER_STATEVECTOR,13,9,6,14118,False,0.156205247729627,0.08544153592083603
16,25,QISKIT_AER_STATEVECTOR,14,11,4,1759,False,0.07706217555207076,0.07168263895437121
16,25,QISKIT_AER_STATEVECTOR,15,13,3,6489,False,0.04710825057121501,0.053203817922621965
16,25,QISKIT_AER_STATEVECTOR,16,16,12,13,True,0.4959790924304013,0.2001204719999805
16,26,NUMPY_FLOAT64,1,1,0,9401,False,0.0009765625,0.0001257669646292925
16,26,NUMPY_FLOAT64,2,2,1,10749,False,0.008766189217567444,0.0002444959245622158
16,26,NUMPY_FLOAT64,3,2,1,5357,False,0.008766189217567444,0.00016680790577083826
16,26,NUMPY_FLOAT64,4,2,0,7922,False,0.0009765625,8.869904559105635e-05
16,26,NUMPY_FLOAT64,5,3,1,9777,False,0.008766189217567444,0.00017542904242873192
16,26,NUMPY_FLOAT64,6,3,1,10381,False,0.008766189217567444,0.00019400694873183966
16,26,NUMPY_FLOAT64,7,3,0,1314,False,0.0009765625,8.399202488362789e-05
16,26,NUMPY_FLOAT64,8,4,0,15728,False,0.0009765625,8.305790834128857e-05
16,26,NUMPY_FLOAT64,9,5,3,8278,False,0.04710825057121504,0.0003991380799561739
16,26,NUMPY_FLOAT64,10,6,4,7219,False,0.07706217555207087,0.00048544397577643394
16,26,NUMPY_FLOAT64,11,7,2,4672,False,0.0242238485955113,0.0002994970418512821
16,26,NUMPY_FLOAT64,12,8,2,9153,False,0.0242238485955113,0.00020896096248179674
16,26,NUMPY_FLOAT64,13,9,0,12531,False,0.0009765625,8.77350103110075e-05
16,26,NUMPY_FLOAT64,14,11,7,10046,False,0.2041589920509978,0.0007707260083407164
16,26,NUMPY_FLOAT64,15,13,5,12116,False,0.11361805052087579,0.0005894199712201953
16,26,NUMPY_FLOAT64,16,16,2,9251,False,0.0242238485955113,0.0002876189537346363
16,26,NUMPY_FLOAT64,17,19,14,12765,False,0.6198218333197829,0.0014893889892846346
16,26,NUMPY_FLOAT64,18,23,11,13013,False,0.43366502688184605,0.0011898899683728814
16,26,NUMPY_FLOAT64,19,27,10,2816,False,0.37238643309689723,0.0007115269545465708
16,26,NUMPY_FLOAT64,20,32,5,10218,False,0.11361805052087579,0.0005011650500819087
16,26,NUMPY_FLOAT64,21,39,10,1730,False,0.37238643309689723,0.0008220849558711052
16,26,NUMPY_FLOAT64,22,47,35,12,True,0.6353722890053021,0.0032785069197416306
16,26,QISKIT_AER_STATEVECTOR,1,1,0,9401,False,0.0009765625000000004,0.002410754910670221
16,26,QISKIT_AER_STATEVECTOR,2,2,1,10749,False,0.008766189217567447,0.020354192005470395
16,26,QISKIT_AER_STATEVECTOR,3,2,1,5357,False,0.008766189217567447,0.019620551029220223
16,26,QISKIT_AER_STATEVECTOR,4,2,0,7922,False,0.0009765625000000004,0.0022286600433290005
16,26,QISKIT_AER_STATEVECTOR,5,3,1,9777,False,0.008766189217567447,0.012561953044496477
16,26,QISKIT_AER_STATEVECTOR,6,3,1,10381,False,0.008766189217567447,0.010387778980657458
16,26,QISKIT_AER_STATEVECTOR,7,3,0,1314,False,0.0009765625000000004,0.0012413699878379703
16,26,QISKIT_AER_STATEVECTOR,8,4,0,15728,False,0.0009765625000000004,0.001209676032885909
16,26,QISKIT_AER_STATEVECTOR,9,5,3,8278,False,0.04710825057121501,0.02877911797259003
16,26,QISKIT_AER_STATEVECTOR,10,6,4,7219,False,0.07706217555207076,0.05380300106480718
16,26,QISKIT_AER_STATEVECTOR,11,7,2,4672,False,0.024223848595511306,0.020852137939073145
16,26,QISKIT_AER_STATEVECTOR,12,8,2,9153,False,0.024223848595511306,0.03434056998230517
16,26,QISKIT_AER_STATEVECTOR,13,9,0,12531,False,0.0009765625000000004,0.001816627918742597
16,26,QISKIT_AER_STATEVECTOR,14,11,7,10046,False,0.20415899205099725,0.12012550898361951
16,26,QISKIT_AER_STATEVECTOR,15,13,5,12116,False,0.11361805052087556,0.0854864310240373
16,26,QISKIT_AER_STATEVECTOR,16,16,2,9251,False,0.024223848595511306,0.027780310017988086
16,26,QISKIT_AER_STATEVECTOR,17,19,14,12765,False,0.6198218333197794,0.13471023889724165
16,26,QISKIT_AER_STATEVECTOR,18,23,11,13013,False,0.43366502688184394,0.16820564796216786
16,26,QISKIT_AER_STATEVECTOR,19,27,10,2816,False,0.37238643309689545,0.1312842700863257
16,26,QISKIT_AER_STATEVECTOR,20,32,5,10218,False,0.11361805052087556,0.05418678605929017
16,26,QISKIT_AER_STATEVECTOR,21,39,10,1730,False,0.37238643309689545,0.12893141095992178
16,26,QISKIT_AER_STATEVECTOR,22,47,35,12,True,0.6353722890052894,0.459058552980423
16,27,NUMPY_FLOAT64,1,1,0,15999,False,0.0009765625,6.265798583626747e-05
16,27,NUMPY_FLOAT64,2,2,0,10014,False,0.0009765625,6.282806862145662e-05
16,27,NUMPY_FLOAT64,3,2,1,11205,False,0.008766189217567444,0.00017091003246605396
16,27,NUMPY_FLOAT64,4,2,1,15415,False,0.008766189217567444,0.00011063995771110058
16,27,NUMPY_FLOAT64,5,3,0,14469,False,0.0009765625,4.541897214949131e-05
16,27,NUMPY_FLOAT64,6,3,2,16066,False,0.0242238485955113,0.00017464207485318184
16,27,NUMPY_FLOAT64,7,3,1,6696,False,0.008766189217567444,0.00011171703226864338
16,27,NUMPY_FLOAT64,8,4,1,7658,False,0.008766189217567444,9.806198067963123e-05
16,27,NUMPY_FLOAT64,9,5,4,13053,False,0.07706217555207087,0.0002651680260896683
16,27,NUMPY_FLOAT64,10,6,5,7141,False,0.11361805052087579,0.0003074789419770241
16,27,NUMPY_FLOAT64,11,7,6,12835,False,0.15620524772962735,0.0003514280542731285
16,27,NUMPY_FLOAT64,12,8,2,7379,False,0.0242238485955113,0.0001494780881330371
16,27,NUMPY_FLOAT64,13,9,0,15906,False,0.0009765625,4.216399975121021e-05
16,27,NUMPY_FLOAT64,14,11,0,12263,False,0.0009765625,4.1328021325170994e-05
16,27,NUMPY_FLOAT64,15,13,0,8379,False,0.0009765625,4.1053048335015774e-05
16,27,NUMPY_FLOAT64,16,16,14,5,True,0.6198218333197829,0.0007445779629051685
16,27,QISKIT_AER_STATEVECTOR,1,1,0,15999,False,0.0009765625000000004,0.0013079820200800896
16,27,QISKIT_AER_STATEVECTOR,2,2,0,10014,False,0.0009765625000000004,0.0011669739615172148
16,27,QISKIT_AER_STATEVECTOR,3,2,1,11205,False,0.008766189217567447,0.010430554044432938
16,27,QISKIT_AER_STATEVECTOR,4,2,1,15415,False,0.008766189217567447,0.010252104024402797
16,27,QISKIT_AER_STATEVECTOR,5,3,0,14469,False,0.0009765625000000004,0.0011758030159398913
16,27,QISKIT_AER_STATEVECTOR,6,3,2,16066,False,0.024223848595511306,0.019518855027854443
16,27,QISKIT_AER_STATEVECTOR,7,3,1,6696,False,0.008766189217567447,0.012100209947675467
16,27,QISKIT_AER_STATEVECTOR,8,4,1,7658,False,0.008766189217567447,0.015853138058446348
16,27,QISKIT_AER_STATEVECTOR,9,5,4,13053,False,0.07706217555207076,0.049120787996798754
16,27,QISKIT_AER_STATEVECTOR,10,6,5,7141,False,0.11361805052087556,0.06255582510493696
16,27,QISKIT_AER_STATEVECTOR,11,7,6,12835,False,0.156205247729627,0.07172518700826913
16,27,QISKIT_AER_STATEVECTOR,12,8,2,7379,False,0.024223848595511306,0.03297533199656755
16,27,QISKIT_AER_STATEVECTOR,13,9,0,15906,False,0.0009765625000000004,0.002052874071523547
16,27,QISKIT_AER_STATEVECTOR,14,11,0,12263,False,0.0009765625000000004,0.0019394010305404663
16,27,QISKIT_AER_STATEVECTOR,15,13,0,8379,False,0.0009765625000000004,0.002110395929776132
16,27,QISKIT_AER_STATEVECTOR,16,16,14,5,True,0.6198218333197794,0.2112454860471189
16,28,NUMPY_FLOAT64,1,1,0,12935,False,0.0009765625,9.234494064003229e-05
16,28,NUMPY_FLOAT64,2,2,0,15657,False,0.0009765625,8.748401887714863e-05
16,28,NUMPY_FLOAT64,3,2,0,12822,False,0.0009765625,8.721009362488985e-05
16,28,NUMPY_FLOAT64,4,2,0,2388,False,0.0009765625,8.859799709171057e-05
16,28,NUMPY_FLOAT64,5,3,1,13898,False,0.008766189217567444,0.000247701071202755
16,28,NUMPY_FLOAT64,6,3,0,5320,False,0.0009765625,7.592502515763044e-05
16,28,NUMPY_FLOAT64,7,3,2,10265,False,0.0242238485955113,0.00030603306367993355
16,28,NUMPY_FLOAT64,8,4,1,8131,False,0.008766189217567444,0.00017936096992343664
16,28,NUMPY_FLOAT64,9,5,3,15056,False,0.04710825057121504,0.0003418580163270235
16,28,NUMPY_FLOAT64,10,6,1,14157,False,0.008766189217567444,0.00020571995992213488
16,28,NUMPY_FLOAT64,11,7,3,9900,False,0.04710825057121504,0.00040508294478058815
16,28,NUMPY_FLOAT64,12,8,7,6922,False,0.2041589920509978,0.0007960300426930189
16,28,NUMPY_FLOAT64,13,9,8,13,True,0.2567307379460351,0.0009006400359794497
16,28,QISKIT_AER_STATEVECTOR,1,1,0,12935,False,0.0009765625000000004,0.002471755025908351
16,28,QISKIT_AER_STATEVECTOR,2,2,0,15657,False,0.0009765625000000004,0.002308589988388121
16,28,QISKIT_AER_STATEVECTOR,3,2,0,12822,False,0.0009765625000000004,0.002317723003216088
16,28,QISKIT_AER_STATEVECTOR,4,2,0,2388,False,0.0009765625000000004,0.002308044000528753
16,28,QISKIT_AER_STATEVECTOR,5,3,1,13898,False,0.008766189217567447,0.020279358024708927
16,28,QISKIT_AER_STATEVECTOR,6,3,0,5320,False,0.0009765625000000004,0.002106391009874642
16,28,QISKIT_AER_STATEVECTOR,7,3,2,10265,False,0.024223848595511306,0.0327338749775663
16,28,QISKIT_AER_STATEVECTOR,8,4,1,8131,False,0.008766189217567447,0.018212424940429628
16,28,QISKIT_AER_STATEVECTOR,9,5,3,15056,False,0.04710825057121501,0.045709201018325984
16,28,QISKIT_AER_STATEVECTOR,10,6,1,14157,False,0.008766189217567447,0.012091082986444235
16,28,QISKIT_AER_STATEVECTOR,11,7,3,9900,False,0.04710825057121501,0.03354420606046915
16,28,QISKIT_AER_STATEVECTOR,12,8,7,6922,False,0.20415899205099725,0.06943821010645479
16,28,QISKIT_AER_STATEVECTOR,13,9,8,13,True,0.2567307379460343,0.11997303098905832
16,29,NUMPY_FLOAT64,1,1,0,15036,False,0.0009765625,0.00010639301035553217
16,29,NUMPY_FLOAT64,2,2,1,1042,False,0.008766189217567444,0.0002188489306718111
16,29,NUMPY_FLOAT64,3,2,0,8785,False,0.0009765625,8.206907659769058e-05
16,29,NUMPY_FLOAT64,4,2,1,4271,False,0.008766189217567444,0.00019300705753266811
16,29,NUMPY_FLOAT64,5,3,2,9575,False,0.0242238485955113,0.00026575103402137756
16,29,NUMPY_FLOAT64,6,3,2,4671,False,0.0242238485955113,0.00028181704692542553
16,29,NUMPY_FLOAT64,7,3,1,1484,False,0.008766189217567444,0.00020118104293942451
16,29,NUMPY_FLOAT64,8,4,0,6993,False,0.0009765625,7.685204036533833e-05
16,29,NUMPY_FLOAT64,9,5,0,985,False,0.0009765625,8.431600872427225e-05
16,29,NUMPY_FLOAT64,10,6,3,12903,False,0.04710825057121504,0.00036048097535967827
16,29,NUMPY_FLOAT64,11,7,2,993,False,0.0242238485955113,0.0002736549358814955
16,29,NUMPY_FLOAT64,12,8,4,14275,False,0.07706217555207087,0.00045197794679552317
16,29,NUMPY_FLOAT64,13,9,4,15116,False,0.07706217555207087,0.0004905740497633815
16,29,NUMPY_FLOAT64,14,11,8,12587,False,0.2567307379460351,0.0008663310436531901
16,29,NUMPY_FLOAT64,15,13,11,14,True,0.43366502688184605,0.0012039929861202836
16,29,QISKIT_AER_STATEVECTOR,1,1,0,15036,False,0.0009765625000000004,0.002422131015919149
16,29,QISKIT_AER_STATEVECTOR,2,2,1,1042,False,0.008766189217567447,0.01547362597193569
16,29,QISKIT_AER_STATEVECTOR,3,2,0,8785,False,0.0009765625000000004,0.0012356470106169581
16,29,QISKIT_AER_STATEVECTOR,4,2,1,4271,False,0.008766189217567447,0.014484131010249257
16,29,QISKIT_AER_STATEVECTOR,5,3,2,9575,False,0.024223848595511306,0.02243126800749451
16,29,QISKIT_AER_STATEVECTOR,6,3,2,4671,False,0.024223848595511306,0.02905291796196252
16,29,QISKIT_AER_STATEVECTOR,7,3,1,1484,False,0.008766189217567447,0.019008051021955907
16,29,QISKIT_AER_STATEVECTOR,8,4,0,6993,False,0.0009765625000000004,0.0013523050583899021
16,29,QISKIT_AER_STATEVECTOR,9,5,0,985,False,0.0009765625000000004,0.0011726629454642534
16,29,QISKIT_AER_STATEVECTOR,10,6,3,12903,False,0.04710825057121501,0.04718675895128399
16,29,QISKIT_AER_STATEVECTOR,11,7,2,993,False,0.024223848595511306,0.027887525036931038
16,29,QISKIT_AER_STATEVECTOR,12,8,4,14275,False,0.07706217555207076,0.057901229010894895
16,29,QISKIT_AER_STATEVECTOR,13,9,4,15116,False,0.07706217555207076,0.05828331992961466
16,29,QISKIT_AER_STATEVECTOR,14,11,8,12587,False,0.2567307379460343,0.14337485702708364
16,29,QISKIT_AER_STATEVECTOR,15,13,11,14,True,0.43366502688184394,0.1812750529497862
16,30,NUMPY_FLOAT64,1,1,0,13912,False,0.0009765625,0.00011273892596364021
16,30,NUMPY_FLOAT64,2,2,1,15067,False,0.008766189217567444,0.0002621490275487304
16,30,NUMPY_FLOAT64,3,2,1,2042,False,0.008766189217567444,0.0002321610227227211
16,30,NUMPY_FLOAT64,4,2,1,6464,False,0.008766189217567444,0.00020720693282783031
16,30,NUMPY_FLOAT64,5,3,2,5592,False,0.0242238485955113,0.0003276070347055793
16,30,NUMPY_FLOAT64,6,3,1,1317,False,0.008766189217567444,0.0001962489914149046
16,30,NUMPY_FLOAT64,7,3,2,6966,False,0.0242238485955113,0.0003022359451279044
16,30,NUMPY_FLOAT64,8,4,1,7492,False,0.008766189217567444,0.00019390997476875782
16,30,NUMPY_FLOAT64,9,5,1,9294,False,0.008766189217567444,0.0002182809403166175
16,30,NUMPY_FLOAT64,10,6,2,2188,False,0.0242238485955113,0.0002961659338325262
16,30,NUMPY_FLOAT64,11,7,6,4148,False,0.15620524772962735,0.0007129759760573506
16,30,NUMPY_FLOAT64,12,8,4,7839,False,0.07706217555207087,0.000496360007673502
16,30,NUMPY_FLOAT64,13,9,2,10852,False,0.0242238485955113,0.00027522502932697535
16,30,NUMPY_FLOAT64,14,11,6,3020,False,0.15620524772962735,0.0007126500131562352
16,30,NUMPY_FLOAT64,15,13,11,7322,False,0.43366502688184605,0.0011928279418498278
16,30,NUMPY_FLOAT64,16,16,9,8122,False,0.31309985406631047,0.0009798670653253794
16,30,NUMPY_FLOAT64,17,19,13,0,True,0.558355923305556,0.001405048999004066
16,30,QISKIT_AER_STATEVECTOR,1,1,0,13912,False,0.0009765625000000004,0.0024251750437542796
16,30,QISKIT_AER_STATEVECTOR,2,2,1,15067,False,0.008766189217567447,0.02015568793285638
16,30,QISKIT_AER_STATEVECTOR,3,2,1,2042,False,0.008766189217567447,0.020077242981642485
16,30,QISKIT_AER_STATEVECTOR,4,2,1,6464,False,0.008766189217567447,0.02005491394083947
16,30,QISKIT_AER_STATEVECTOR,5,3,2,5592,False,0.024223848595511306,0.037551315035670996
16,30,QISKIT_AER_STATEVECTOR,6,3,1,1317,False,0.008766189217567447,0.01982253708411008
16,30,QISKIT_AER_STATEVECTOR,7,3,2,6966,False,0.024223848595511306,0.037222870043478906
16,30,QISKIT_AER_STATEVECTOR,8,4,1,7492,False,0.008766189217567447,0.019112018984742463
16,30,QISKIT_AER_STATEVECTOR,9,5,1,9294,False,0.008766189217567447,0.013635160983540118
16,30,QISKIT_AER_STATEVECTOR,10,6,2,2188,False,0.024223848595511306,0.021196705987676978
16,30,QISKIT_AER_STATEVECTOR,11,7,6,4148,False,0.156205247729627,0.07924748002551496
16,30,QISKIT_AER_STATEVECTOR,12,8,4,7839,False,0.07706217555207076,0.0723675120389089
16,30,QISKIT_AER_STATEVECTOR,13,9,2,10852,False,0.024223848595511306,0.03759995603468269
16,30,QISKIT_AER_STATEVECTOR,14,11,6,3020,False,0.156205247729627,0.07133122300729156
16,30,QISKIT_AER_STATEVECTOR,15,13,11,7322,False,0.43366502688184394,0.14517501601949334
16,30,QISKIT_AER_STATEVECTOR,16,16,9,8122,False,0.31309985406630936,0.14360994601156563
16,30,QISKIT_AER_STATEVECTOR,17,19,13,0,True,0.5583559233055528,0.20890597498510033
16,31,NUMPY_FLOAT64,1,1,0,15380,False,0.0009765625,0.00011631706729531288
16,31,NUMPY_FLOAT64,2,2,0,9806,False,0.0009765625,0.00010285701137036085
16,31,NUMPY_FLOAT64,3,2,1,3418,False,0.008766189217567444,0.00024763389956206083
16,31,NUMPY_FLOAT64,4,2,0,2506,False,0.0009765625,9.428698103874922e-05
16,31,NUMPY_FLOAT64,5,3,1,13875,False,0.008766189217567444,0.00020521890837699175
16,31,NUMPY_FLOAT64,6,3,0,10855,False,0.0009765625,8.66670161485672e-05
16,31,NUMPY_FLOAT64,7,3,1,7518,False,0.008766189217567444,0.00019925599917769432
16,31,NUMPY_FLOAT64,8,4,3,12679,False,0.04710825057121504,0.00040790694765746593
16,31,NUMPY_FLOAT64,9,5,3,11821,False,0.04710825057121504,0.0004055020399391651
16,31,NUMPY_FLOAT64,10,6,1,8517,False,0.008766189217567444,0.00021502492018043995
16,31,NUMPY_FLOAT64,11,7,0,1827,False,0.0009765625,8.428993169218302e-05
16,31,NUMPY_FLOAT64,12,8,4,13577,False,0.07706217555207087,0.000528011005371809
16,31,NUMPY_FLOAT64,13,9,5,9,True,0.11361805052087579,0.0005842630052939057
16,31,QISKIT_AER_STATEVECTOR,1,1,0,15380,False,0.0009765625000000004,0.0024361489340662956
16,31,QISKIT_AER_STATEVECTOR,2,2,0,9806,False,0.0009765625000000004,0.002232863917015493
16,31,QISKIT_AER_STATEVECTOR,3,2,1,3418,False,0.008766189217567447,0.019702533027157187
16,31,QISKIT_AER_STATEVECTOR,4,2,0,2506,False,0.0009765625000000004,0.0023417349439114332
16,31,QISKIT_AER_STATEVECTOR,5,3,1,13875,False,0.008766189217567447,0.019492373103275895
16,31,QISKIT_AER_STATEVECTOR,6,3,0,10855,False,0.0009765625000000004,0.0018598190508782864
16,31,QISKIT_AER_STATEVECTOR,7,3,1,7518,False,0.008766189217567447,0.020116719068028033
16,31,QISKIT_AER_STATEVECTOR,8,4,3,12679,False,0.04710825057121501,0.05462985602207482
16,31,QISKIT_AER_STATEVECTOR,9,5,3,11821,False,0.04710825057121501,0.0525380369508639
16,31,QISKIT_AER_STATEVECTOR,10,6,1,8517,False,0.008766189217567447,0.015083991922438145
16,31,QISKIT_AER_STATEVECTOR,11,7,0,1827,False,0.0009765625000000004,0.0012266229605302215
16,31,QISKIT_AER_STATEVECTOR,12,8,4,13577,False,0.07706217555207076,0.03780856996309012
16,31,QISKIT_AER_STATEVECTOR,13,9,5,9,True,0.11361805052087556,0.05197992501780391
16,32,NUMPY_FLOAT64,1,1,0,48,False,0.0009765625,6.281409878283739e-05
16,32,NUMPY_FLOAT64,2,2,0,15871,False,0.0009765625,5.932897329330444e-05
16,32,NUMPY_FLOAT64,3,2,0,7531,False,0.0009765625,4.690699279308319e-05
16,32,NUMPY_FLOAT64,4,2,1,9876,False,0.008766189217567444,0.00013538601342588663
16,32,NUMPY_FLOAT64,5,3,1,15575,False,0.008766189217567444,0.00012280407827347517
16,32,NUMPY_FLOAT64,6,3,0,7339,False,0.0009765625,4.416401498019695e-05
16,32,NUMPY_FLOAT64,7,3,1,9412,False,0.008766189217567444,0.00010192499030381441
16,32,NUMPY_FLOAT64,8,4,3,1359,False,0.04710825057121504,0.0002896010410040617
16,32,NUMPY_FLOAT64,9,5,4,14994,False,0.07706217555207087,0.00025169900618493557
16,32,NUMPY_FLOAT64,10,6,5,15265,False,0.11361805052087579,0.00040459109004586935
16,32,NUMPY_FLOAT64,11,7,1,9849,False,0.008766189217567444,9.872997179627419e-05
16,32,NUMPY_FLOAT64,12,8,6,14197,False,0.15620524772962735,0.0006006429903209209
16,32,NUMPY_FLOAT64,13,9,8,7794,False,0.2567307379460351,0.0006459290161728859
16,32,NUMPY_FLOAT64,14,11,0,12144,False,0.0009765625,4.303804598748684e-05
16,32,NUMPY_FLOAT64,15,13,4,8538,False,0.07706217555207087,0.00026064692065119743
16,32,NUMPY_FLOAT64,16,16,14,9751,False,0.6198218333197829,0.0007523549720644951
16,32,NUMPY_FLOAT64,17,19,10,12,True,0.37238643309689723,0.0005650570383295417
16,32,QISKIT_AER_STATEVECTOR,1,1,0,48,False,0.0009765625000000004,0.0017678339499980211
16,32,QISKIT_AER_STATEVECTOR,2,2,0,15871,False,0.0009765625000000004,0.0014847139827907085
16,32,QISKIT_AER_STATEVECTOR,3,2,0,7531,False,0.0009765625000000004,0.0011671939864754677
16,32,QISKIT_AER_STATEVECTOR,4,2,1,9876,False,0.008766189217567447,0.011124823009595275
16,32,QISKIT_AER_STATEVECTOR,5,3,1,15575,False,0.008766189217567447,0.010394788929261267
16,32,QISKIT_AER_STATEVECTOR,6,3,0,7339,False,0.0009765625000000004,0.0011742269853129983
16,32,QISKIT_AER_STATEVECTOR,7,3,1,9412,False,0.008766189217567447,0.013027052977122366
16,32,QISKIT_AER_STATEVECTOR,8,4,3,1359,False,0.04710825057121501,0.04710383096244186
16,32,QISKIT_AER_STATEVECTOR,9,5,4,14994,False,0.07706217555207076,0.05589336797129363
16,32,QISKIT_AER_STATEVECTOR,10,6,5,15265,False,0.11361805052087556,0.050949543016031384
16,32,QISKIT_AER_STATEVECTOR,11,7,1,9849,False,0.008766189217567447,0.02017396700102836
16,32,QISKIT_AER_STATEVECTOR,12,8,6,14197,False,0.156205247729627,0.08041006105486304
16,32,QISKIT_AER_STATEVECTOR,13,9,8,7794,False,0.2567307379460343,0.11990365805104375
16,32,QISKIT_AER_STATEVECTOR,14,11,0,12144,False,0.0009765625000000004,0.0024130370002239943
16,32,QISKIT_AER_STATEVECTOR,15,13,4,8538,False,0.07706217555207076,0.07291704788804054
16,32,QISKIT_AER_STATEVECTOR,16,16,14,9751,False,0.6198218333197794,0.2430643669795245
16,32,QISKIT_AER_STATEVECTOR,17,19,10,12,True,0.37238643309689545,0.11708223505411297
16,33,NUMPY_FLOAT64,1,1,0,16321,False,0.0009765625,6.91049499437213e-05
16,33,NUMPY_FLOAT64,2,2,1,11203,False,0.008766189217567444,0.00023738399613648653
16,33,NUMPY_FLOAT64,3,2,0,10330,False,0.0009765625,8.080305997282267e-05
16,33,NUMPY_FLOAT64,4,2,0,11800,False,0.0009765625,7.917301263660192e-05
16,33,NUMPY_FLOAT64,5,3,1,4716,False,0.008766189217567444,0.00016790395602583885
16,33,NUMPY_FLOAT64,6,3,0,6397,False,0.0009765625,8.731195703148842e-05
16,33,NUMPY_FLOAT64,7,3,1,5616,False,0.008766189217567444,0.00018068903591483831
16,33,NUMPY_FLOAT64,8,4,1,11741,False,0.008766189217567444,0.00019948603585362434
16,33,NUMPY_FLOAT64,9,5,1,10177,False,0.008766189217567444,0.00012638105545192957
16,33,NUMPY_FLOAT64,10,6,2,11972,False,0.0242238485955113,0.00017764000222086906
16,33,NUMPY_FLOAT64,11,7,0,15381,False,0.0009765625,5.057896487414837e-05
16,33,NUMPY_FLOAT64,12,8,4,12236,False,0.07706217555207087,0.00032344390638172626
16,33,NUMPY_FLOAT64,13,9,2,12,True,0.0242238485955113,0.00016185198910534382
16,33,QISKIT_AER_STATEVECTOR,1,1,0,16321,False,0.0009765625000000004,0.0013071589637547731
16,33,QISKIT_AER_STATEVECTOR,2,2,1,11203,False,0.008766189217567447,0.013091035070829093
16,33,QISKIT_AER_STATEVECTOR,3,2,0,10330,False,0.0009765625000000004,0.0022839830489829183
16,33,QISKIT_AER_STATEVECTOR,4,2,0,11800,False,0.0009765625000000004,0.002200045040808618
16,33,QISKIT_AER_STATEVECTOR,5,3,1,4716,False,0.008766189217567447,0.019242194015532732
16,33,QISKIT_AER_STATEVECTOR,6,3,0,6397,False,0.0009765625000000004,0.0018883380107581615
16,33,QISKIT_AER_STATEVECTOR,7,3,1,5616,False,0.008766189217567447,0.012780706980265677
16,33,QISKIT_AER_STATEVECTOR,8,4,1,11741,False,0.008766189217567447,0.010610255994834006
16,33,QISKIT_AER_STATEVECTOR,9,5,1,10177,False,0.008766189217567447,0.010944738984107971
16,33,QISKIT_AER_STATEVECTOR,10,6,2,11972,False,0.024223848595511306,0.019739126903004944
16,33,QISKIT_AER_STATEVECTOR,11,7,0,15381,False,0.0009765625000000004,0.00123320403508842
16,33,QISKIT_AER_STATEVECTOR,12,8,4,12236,False,0.07706217555207076,0.04290498106274754
16,33,QISKIT_AER_STATEVECTOR,13,9,2,12,True,0.024223848595511306,0.023788713035173714
16,34,NUMPY_FLOAT64,1,1,0,8928,False,0.0009765625,7.789197843521833e-05
16,34,NUMPY_FLOAT64,2,2,1,15944,False,0.008766189217567444,0.00022655504290014505
16,34,NUMPY_FLOAT64,3,2,1,12951,False,0.008766189217567444,0.0002195530105382204
16,34,NUMPY_FLOAT64,4,2,0,15908,False,0.0009765625,9.336404036730528e-05
16,34,NUMPY_FLOAT64,5,3,1,1521,False,0.008766189217567444,0.00020872207824140787
16,34,NUMPY_FLOAT64,6,3,1,10860,False,0.008766189217567444,0.0001667860196903348
16,34,NUMPY_FLOAT64,7,3,1,5614,False,0.008766189217567444,0.00019597902428358793
16,34,NUMPY_FLOAT64,8,4,3,4957,False,0.04710825057121504,0.00039858894888311625
16,34,NUMPY_FLOAT64,9,5,4,12877,False,0.07706217555207087,0.0005233680130913854
16,34,NUMPY_FLOAT64,10,6,2,12588,False,0.0242238485955113,0.0002772670704871416
16,34,NUMPY_FLOAT64,11,7,0,15461,False,0.0009765625,8.483498822897673e-05
16,34,NUMPY_FLOAT64,12,8,0,2799,False,0.0009765625,8.170597720891237e-05
16,34,NUMPY_FLOAT64,13,9,7,12,True,0.2041589920509978,0.0008169689681380987
16,34,QISKIT_AER_STATEVECTOR,1,1,0,8928,False,0.0009765625000000004,0.0023666939232498407
16,34,QISKIT_AER_STATEVECTOR,2,2,1,15944,False,0.008766189217567447,0.019915168988518417
16,34,QISKIT_AER_STATEVECTOR,3,2,1,12951,False,0.008766189217567447,0.019943356979638338
16,34,QISKIT_AER_STATEVECTOR,4,2,0,15908,False,0.0009765625000000004,0.0022401140304282308
16,34,QISKIT_AER_STATEVECTOR,5,3,1,1521,False,0.008766189217567447,0.01983359397854656
16,34,QISKIT_AER_STATEVECTOR,6,3,1,10860,False,0.008766189217567447,0.018692015088163316
16,34,QISKIT_AER_STATEVECTOR,7,3,1,5614,False,0.008766189217567447,0.0185083249816671
16,34,QISKIT_AER_STATEVECTOR,8,4,3,4957,False,0.04710825057121501,0.030474448925815523
16,34,QISKIT_AER_STATEVECTOR,9,5,4,12877,False,0.07706217555207076,0.04771166807040572
16,34,QISKIT_AER_STATEVECTOR,10,6,2,12588,False,0.024223848595511306,0.024761960026808083
16,34,QISKIT_AER_STATEVECTOR,11,7,0,15461,False,0.0009765625000000004,0.0013661700068041682
16,34,QISKIT_AER_STATEVECTOR,12,8,0,2799,False,0.0009765625000000004,0.0015136669389903545
16,34,QISKIT_AER_STATEVECTOR,13,9,7,12,True,0.20415899205099725,0.08387025992851704
16,35,NUMPY_FLOAT64,1,1,0,12459,False,0.0009765625,6.194994784891605e-05
16,35,NUMPY_FLOAT64,2,2,0,12151,False,0.0009765625,5.322298966348171e-05
16,35,NUMPY_FLOAT64,3,2,1,11489,False,0.008766189217567444,0.00013303698506206274
16,35,NUMPY_FLOAT64,4,2,1,14748,False,0.008766189217567444,0.00011682906188070774
16,35,NUMPY_FLOAT64,5,3,1,12488,False,0.008766189217567444,9.982998017221689e-05
16,35,NUMPY_FLOAT64,6,3,1,12685,False,0.008766189217567444,0.00010761211160570383
16,35,NUMPY_FLOAT64,7,3,1,2779,False,0.008766189217567444,9.779108222573996e-05
16,35,NUMPY_FLOAT64,8,4,3,6002,False,0.04710825057121504,0.0002030109753832221
16,35,NUMPY_FLOAT64,9,5,3,13040,False,0.04710825057121504,0.0002813510363921523
16,35,NUMPY_FLOAT64,10,6,3,3928,False,0.04710825057121504,0.00020045298151671886
16,35,NUMPY_FLOAT64,11,7,3,315,False,0.04710825057121504,0.00027533702086657286
16,35,NUMPY_FLOAT64,12,8,2,11434,False,0.0242238485955113,0.00014647003263235092
16,35,NUMPY_FLOAT64,13,9,7,2815,False,0.2041589920509978,0.0004949870053678751
16,35,NUMPY_FLOAT64,14,11,2,13,True,0.0242238485955113,0.00018570199608802795
16,35,QISKIT_AER_STATEVECTOR,1,1,0,12459,False,0.0009765625000000004,0.001585226971656084
16,35,QISKIT_AER_STATEVECTOR,2,2,0,12151,False,0.0009765625000000004,0.0019142719684168696
16,35,QISKIT_AER_STATEVECTOR,3,2,1,11489,False,0.008766189217567447,0.015904241940006614
16,35,QISKIT_AER_STATEVECTOR,4,2,1,14748,False,0.008766189217567447,0.014626504038460553
16,35,QISKIT_AER_STATEVECTOR,5,3,1,12488,False,0.008766189217567447,0.014039326109923422
16,35,QISKIT_AER_STATEVECTOR,6,3,1,12685,False,0.008766189217567447,0.015243196045048535
16,35,QISKIT_AER_STATEVECTOR,7,3,1,2779,False,0.008766189217567447,0.014737099059857428
16,35,QISKIT_AER_STATEVECTOR,8,4,3,6002,False,0.04710825057121501,0.036566211958415806
16,35,QISKIT_AER_STATEVECTOR,9,5,3,13040,False,0.04710825057121501,0.035836488008499146
16,35,QISKIT_AER_STATEVECTOR,10,6,3,3928,False,0.04710825057121501,0.04652681294828653
16,35,QISKIT_AER_STATEVECTOR,11,7,3,315,False,0.04710825057121501,0.054078802932053804
16,35,QISKIT_AER_STATEVECTOR,12,8,2,11434,False,0.024223848595511306,0.036048064939677715
16,35,QISKIT_AER_STATEVECTOR,13,9,7,2815,False,0.20415899205099725,0.11807499907445163
16,35,QISKIT_AER_STATEVECTOR,14,11,2,13,True,0.024223848595511306,0.035669593955390155
16,36,NUMPY_FLOAT64,1,1,0,13011,False,0.0009765625,0.00011661497410386801
16,36,NUMPY_FLOAT64,2,2,0,2797,False,0.0009765625,9.90109983831644e-05
16,36,NUMPY_FLOAT64,3,2,0,5669,False,0.0009765625,0.00010113697499036789
16,36,NUMPY_FLOAT64,4,2,0,2068,False,0.0009765625,8.614303078502417e-05
16,36,NUMPY_FLOAT64,5,3,0,14456,False,0.0009765625,7.842702325433493e-05
16,36,NUMPY_FLOAT64,6,3,2,12893,False,0.0242238485955113,0.00024946092162281275
16,36,NUMPY_FLOAT64,7,3,1,14434,False,0.008766189217567444,0.00011140597052872181
16,36,NUMPY_FLOAT64,8,4,2,9789,False,0.0242238485955113,0.00023078802041709423
16,36,NUMPY_FLOAT64,9,5,4,4803,False,0.07706217555207087,0.0002806689590215683
16,36,NUMPY_FLOAT64,10,6,1,2127,False,0.008766189217567444,9.690201841294765e-05
16,36,NUMPY_FLOAT64,11,7,0,13290,False,0.0009765625,0.0001002548960968852
16,36,NUMPY_FLOAT64,12,8,4,7857,False,0.07706217555207087,0.00025920895859599113
16,36,NUMPY_FLOAT64,13,9,3,13876,False,0.04710825057121504,0.00019834598060697317
16,36,NUMPY_FLOAT64,14,11,6,14613,False,0.15620524772962735,0.0003558219177648425
16,36,NUMPY_FLOAT64,15,13,1,1172,False,0.008766189217567444,0.00011010898742824793
16,36,NUMPY_FLOAT64,16,16,15,15,True,0.6794173555244681,0.0008926020236685872
16,36,QISKIT_AER_STATEVECTOR,1,1,0,13011,False,0.0009765625000000004,0.0014040250098332763
16,36,QISKIT_AER_STATEVECTOR,2,2,0,2797,False,0.0009765625000000004,0.0014816969633102417
16,36,QISKIT_AER_STATEVECTOR,3,2,0,5669,False,0.0009765625000000004,0.00170296395663172
16,36,QISKIT_AER_STATEVECTOR,4,2,0,2068,False,0.0009765625000000004,0.0013313249219208956
16,36,QISKIT_AER_STATEVECTOR,5,3,0,14456,False,0.0009765625000000004,0.001559961005114019
16,36,QISKIT_AER_STATEVECTOR,6,3,2,12893,False,0.024223848595511306,0.029121152008883655
16,36,QISKIT_AER_STATEVECTOR,7,3,1,14434,False,0.008766189217567447,0.014065190101973712
16,36,QISKIT_AER_STATEVECTOR,8,4,2,9789,False,0.024223848595511306,0.02886833599768579
16,36,QISKIT_AER_STATEVECTOR,9,5,4,4803,False,0.07706217555207076,0.040004606009460986
16,36,QISKIT_AER_STATEVECTOR,10,6,1,2127,False,0.008766189217567447,0.010791556909680367
16,36,QISKIT_AER_STATEVECTOR,11,7,0,13290,False,0.0009765625000000004,0.001307033933699131
16,36,QISKIT_AER_STATEVECTOR,12,8,4,7857,False,0.07706217555207076,0.03896338399499655
16,36,QISKIT_AER_STATEVECTOR,13,9,3,13876,False,0.04710825057121501,0.03205860801972449
16,36,QISKIT_AER_STATEVECTOR,14,11,6,14613,False,0.156205247729627,0.08325343707110733
16,36,QISKIT_AER_STATEVECTOR,15,13,1,1172,False,0.008766189217567447,0.01962387200910598
16,36,QISKIT_AER_STATEVECTOR,16,16,15,15,True,0.6794173555244638,0.20750658598262817
16,37,NUMPY_FLOAT64,1,1,0,2336,False,0.0009765625,9.600294288247824e-05
16,37,NUMPY_FLOAT64,2,2,1,12141,False,0.008766189217567444,0.0003350350307300687
16,37,NUMPY_FLOAT64,3,2,0,5298,False,0.0009765625,6.507895886898041e-05
16,37,NUMPY_FLOAT64,4,2,1,10723,False,0.008766189217567444,0.0001436260063201189
16,37,NUMPY_FLOAT64,5,3,1,9960,False,0.008766189217567444,0.0002142420271411538
16,37,NUMPY_FLOAT64,6,3,2,8943,False,0.0242238485955113,0.0003270339220762253
16,37,NUMPY_FLOAT64,7,3,0,14878,False,0.0009765625,5.142705049365759e-05
16,37,NUMPY_FLOAT64,8,4,3,13872,False,0.04710825057121504,0.0003122610505670309
16,37,NUMPY_FLOAT64,9,5,3,5721,False,0.04710825057121504,0.00024526496417820454
16,37,NUMPY_FLOAT64,10,6,2,14959,False,0.0242238485955113,0.00014805502723902464
16,37,NUMPY_FLOAT64,11,7,6,12369,False,0.15620524772962735,0.0003606990212574601
16,37,NUMPY_FLOAT64,12,8,6,2946,False,0.15620524772962735,0.00034545804373919964
16,37,NUMPY_FLOAT64,13,9,6,12,True,0.15620524772962735,0.0003603929653763771
16,37,QISKIT_AER_STATEVECTOR,1,1,0,2336,False,0.0009765625000000004,0.0012986550573259592
16,37,QISKIT_AER_STATEVECTOR,2,2,1,12141,False,0.008766189217567447,0.013750963029451668
16,37,QISKIT_AER_STATEVECTOR,3,2,0,5298,False,0.0009765625000000004,0.0014438880607485771
16,37,QISKIT_AER_STATEVECTOR,4,2,1,10723,False,0.008766189217567447,0.010584908071905375
16,37,QISKIT_AER_STATEVECTOR,5,3,1,9960,False,0.008766189217567447,0.010188543004915118
16,37,QISKIT_AER_STATEVECTOR,6,3,2,8943,False,0.024223848595511306,0.02003479900304228
16,37,QISKIT_AER_STATEVECTOR,7,3,0,14878,False,0.0009765625000000004,0.0012971730902791023
16,37,QISKIT_AER_STATEVECTOR,8,4,3,13872,False,0.04710825057121501,0.030819055973552167
16,37,QISKIT_AER_STATEVECTOR,9,5,3,5721,False,0.04710825057121501,0.035902471048757434
16,37,QISKIT_AER_STATEVECTOR,10,6,2,14959,False,0.024223848595511306,0.02539081999566406
16,37,QISKIT_AER_STATEVECTOR,11,7,6,12369,False,0.156205247729627,0.07674320403020829
16,37,QISKIT_AER_STATEVECTOR,12,8,6,2946,False,0.156205247729627,0.05890889000147581
16,37,QISKIT_AER_STATEVECTOR,13,9,6,12,True,0.156205247729627,0.0830646250396967
16,38,NUMPY_FLOAT64,1,1,0,6595,False,0.0009765625,6.124901119619608e-05
16,38,NUMPY_FLOAT64,2,2,1,13494,False,0.008766189217567444,0.00017971103079617023
16,38,NUMPY_FLOAT64,3,2,1,14522,False,0.008766189217567444,0.00020660704467445612
16,38,NUMPY_FLOAT64,4,2,1,10514,False,0.008766189217567444,0.00020211096853017807
16,38,NUMPY_FLOAT64,5,3,1,7218,False,0.008766189217567444,0.00018902297597378492
16,38,NUMPY_FLOAT64,6,3,2,4791,False,0.0242238485955113,0.0002967650070786476
16,38,NUMPY_FLOAT64,7,3,2,454,False,0.0242238485955113,0.0002874711062759161
16,38,NUMPY_FLOAT64,8,4,0,8168,False,0.0009765625,9.033898822963238e-05
16,38,NUMPY_FLOAT64,9,5,3,6519,False,0.04710825057121504,0.00039803306572139263
16,38,NUMPY_FLOAT64,10,6,1,9055,False,0.008766189217567444,0.00019079598132520914
16,38,NUMPY_FLOAT64,11,7,6,5436,False,0.15620524772962735,0.0007022529607638717
16,38,NUMPY_FLOAT64,12,8,0,9697,False,0.0009765625,0.00010074302554130554
16,38,NUMPY_FLOAT64,13,9,4,7814,False,0.07706217555207087,0.00047868897672742605
16,38,NUMPY_FLOAT64,14,11,5,10948,False,0.11361805052087579,0.0005780609790235758
16,38,NUMPY_FLOAT64,15,13,12,9,True,0.4959790924304038,0.0012803100980818272
16,38,QISKIT_AER_STATEVECTOR,1,1,0,6595,False,0.0009765625000000004,0.002323935041204095
16,38,QISKIT_AER_STATEVECTOR,2,2,1,13494,False,0.008766189217567447,0.019817052059806883
16,38,QISKIT_AER_STATEVECTOR,3,2,1,14522,False,0.008766189217567447,0.02003079396672547
16,38,QISKIT_AER_STATEVECTOR,4,2,1,10514,False,0.008766189217567447,0.02019189193379134
16,38,QISKIT_AER_STATEVECTOR,5,3,1,7218,False,0.008766189217567447,0.018650954007171094
16,38,QISKIT_AER_STATEVECTOR,6,3,2,4791,False,0.024223848595511306,0.03506044205278158
16,38,QISKIT_AER_STATEVECTOR,7,3,2,454,False,0.024223848595511306,0.03651784802787006
16,38,QISKIT_AER_STATEVECTOR,8,4,0,8168,False,0.0009765625000000004,0.002007861970923841
16,38,QISKIT_AER_STATEVECTOR,9,5,3,6519,False,0.04710825057121501,0.036266514915041625
16,38,QISKIT_AER_STATEVECTOR,10,6,1,9055,False,0.008766189217567447,0.014802898047491908
16,38,QISKIT_AER_STATEVECTOR,11,7,6,5436,False,0.156205247729627,0.07007262390106916
16,38,QISKIT_AER_STATEVECTOR,12,8,0,9697,False,0.0009765625000000004,0.0013534239260479808
16,38,QISKIT_AER_STATEVECTOR,13,9,4,7814,False,0.07706217555207076,0.04690246994141489
16,38,QISKIT_AER_STATEVECTOR,14,11,5,10948,False,0.11361805052087556,0.06913891201838851
16,38,QISKIT_AER_STATEVECTOR,15,13,12,9,True,0.4959790924304013,0.17347402090672404
16,39,NUMPY_FLOAT64,1,1,0,136,False,0.0009765625,6.0199061408638954e-05
16,39,NUMPY_FLOAT64,2,2,0,487,False,0.0009765625,5.5674929171800613e-05
16,39,NUMPY_FLOAT64,3,2,1,10223,False,0.008766189217567444,0.00013730593491345644
16,39,NUMPY_FLOAT64,4,2,0,3562,False,0.0009765625,4.296505358070135e-05
16,39,NUMPY_FLOAT64,5,3,0,11945,False,0.0009765625,4.329206421971321e-05
16,39,NUMPY_FLOAT64,6,3,2,4843,False,0.0242238485955113,0.00016023998614400625
16,39,NUMPY_FLOAT64,7,3,2,14672,False,0.0242238485955113,0.0001491219736635685
16,39,NUMPY_FLOAT64,8,4,1,851,False,0.008766189217567444,9.485601913183928e-05
16,39,NUMPY_FLOAT64,9,5,0,4966,False,0.0009765625,4.1257007978856564e-05
16,39,NUMPY_FLOAT64,10,6,0,16115,False,0.0009765625,4.2199972085654736e-05
16,39,NUMPY_FLOAT64,11,7,5,106,False,0.11361805052087579,0.0002994680544361472
16,39,NUMPY_FLOAT64,12,8,4,6201,False,0.07706217555207087,0.0002498229732736945
16,39,NUMPY_FLOAT64,13,9,2,4415,False,0.0242238485955113,0.000145082944072783
16,39,NUMPY_FLOAT64,14,11,9,9,True,0.31309985406631047,0.0005127870244905353
16,39,QISKIT_AER_STATEVECTOR,1,1,0,136,False,0.0009765625000000004,0.001362381037324667
16,39,QISKIT_AER_STATEVECTOR,2,2,0,487,False,0.0009765625000000004,0.0012157410383224487
16,39,QISKIT_AER_STATEVECTOR,3,2,1,10223,False,0.008766189217567447,0.01040920801460743
16,39,QISKIT_AER_STATEVECTOR,4,2,0,3562,False,0.0009765625000000004,0.0012241000076755881
16,39,QISKIT_AER_STATEVECTOR,5,3,0,11945,False,0.0009765625000000004,0.0012404340086504817
16,39,QISKIT_AER_STATEVECTOR,6,3,2,4843,False,0.024223848595511306,0.0230944799259305
16,39,QISKIT_AER_STATEVECTOR,7,3,2,14672,False,0.024223848595511306,0.03671561100054532
16,39,QISKIT_AER_STATEVECTOR,8,4,1,851,False,0.008766189217567447,0.017488262034021318
16,39,QISKIT_AER_STATEVECTOR,9,5,0,4966,False,0.0009765625000000004,0.0022874970454722643
16,39,QISKIT_AER_STATEVECTOR,10,6,0,16115,False,0.0009765625000000004,0.002292620949447155
16,39,QISKIT_AER_STATEVECTOR,11,7,5,106,False,0.11361805052087556,0.09029805497266352
16,39,QISKIT_AER_STATEVECTOR,12,8,4,6201,False,0.07706217555207076,0.0714389729546383
16,39,QISKIT_AER_STATEVECTOR,13,9,2,4415,False,0.024223848595511306,0.02423450502101332
16,39,QISKIT_AER_STATEVECTOR,14,11,9,9,True,0.31309985406630936,0.11635832698084414
16,40,NUMPY_FLOAT64,1,1,0,5739,False,0.0009765625,0.00011213193647563457
16,40,NUMPY_FLOAT64,2,2,0,12047,False,0.0009765625,0.00010170298628509045
16,40,NUMPY_FLOAT64,3,2,0,6145,False,0.0009765625,9.295798372477293e-05
16,40,NUMPY_FLOAT64,4,2,1,818,False,0.008766189217567444,0.00022095302119851112
16,40,NUMPY_FLOAT64,5,3,0,501,False,0.0009765625,8.544500451534986e-05
16,40,NUMPY_FLOAT64,6,3,1,1486,False,0.008766189217567444,0.00019880197942256927
16,40,NUMPY_FLOAT64,7,3,1,11505,False,0.008766189217567444,0.0001937919296324253
16,40,NUMPY_FLOAT64,8,4,0,4733,False,0.0009765625,6.723008118569851e-05
16,40,NUMPY_FLOAT64,9,5,4,680,False,0.07706217555207087,0.0005006439751014113
16,40,NUMPY_FLOAT64,10,6,5,826,False,0.11361805052087579,0.0005903210258111358
16,40,NUMPY_FLOAT64,11,7,3,7659,False,0.04710825057121504,0.00039556098636239767
16,40,NUMPY_FLOAT64,12,8,3,13,True,0.04710825057121504,0.00039119296707212925
16,40,QISKIT_AER_STATEVECTOR,1,1,0,5739,False,0.0009765625000000004,0.0024345869896933436
16,40,QISKIT_AER_STATEVECTOR,2,2,0,12047,False,0.0009765625000000004,0.002303982968442142
16,40,QISKIT_AER_STATEVECTOR,3,2,0,6145,False,0.0009765625000000004,0.002280362998135388
16,40,QISKIT_AER_STATEVECTOR,4,2,1,818,False,0.008766189217567447,0.02018925698939711
16,40,QISKIT_AER_STATEVECTOR,5,3,0,501,False,0.0009765625000000004,0.002316716010682285
16,40,QISKIT_AER_STATEVECTOR,6,3,1,1486,False,0.008766189217567447,0.019396492978557944
16,40,QISKIT_AER_STATEVECTOR,7,3,1,11505,False,0.008766189217567447,0.017022639978677034
16,40,QISKIT_AER_STATEVECTOR,8,4,0,4733,False,0.0009765625000000004,0.0022861319594085217
16,40,QISKIT_AER_STATEVECTOR,9,5,4,680,False,0.07706217555207076,0.07253243506420404
16,40,QISKIT_AER_STATEVECTOR,10,6,5,826,False,0.11361805052087556,0.07493826292920858
16,40,QISKIT_AER_STATEVECTOR,11,7,3,7659,False,0.04710825057121501,0.0497705900343135
16,40,QISKIT_AER_STATEVECTOR,12,8,3,13,True,0.04710825057121501,0.05509299703408033
16,41,NUMPY_FLOAT64,1,1,0,3134,False,0.0009765625,0.00011565396562218666
16,41,NUMPY_FLOAT64,2,2,1,5727,False,0.008766189217567444,0.00024166388902813196
16,41,NUMPY_FLOAT64,3,2,0,14212,False,0.0009765625,9.143701754510403e-05
16,41,NUMPY_FLOAT64,4,2,0,9970,False,0.0009765625,8.624792098999023e-05
16,41,NUMPY_FLOAT64,5,3,2,1929,False,0.0242238485955113,0.0003122380003333092
16,41,NUMPY_FLOAT64,6,3,1,6825,False,0.008766189217567444,0.00019401300232857466
16,41,NUMPY_FLOAT64,7,3,1,791,False,0.008766189217567444,0.00019265699665993452
16,41,NUMPY_FLOAT64,8,4,0,1851,False,0.0009765625,8.299690671265125e-05
16,41,NUMPY_FLOAT64,9,5,3,1408,False,0.04710825057121504,0.00039562408346682787
16,41,NUMPY_FLOAT64,10,6,4,8439,False,0.07706217555207087,0.0004953250754624605
16,41,NUMPY_FLOAT64,11,7,1,2115,False,0.008766189217567444,0.00018978596199303865
16,41,NUMPY_FLOAT64,12,8,4,8270,False,0.07706217555207087,0.0005183409666642547
16,41,NUMPY_FLOAT64,13,9,1,15644,False,0.008766189217567444,0.00019174604676663876
16,41,NUMPY_FLOAT64,14,11,5,1191,False,0.11361805052087579,0.0005914159119129181
16,41,NUMPY_FLOAT64,15,13,12,3951,False,0.4959790924304038,0.001298189046792686
16,41,NUMPY_FLOAT64,16,16,3,13073,False,0.04710825057121504,0.00039804400876164436
16,41,NUMPY_FLOAT64,17,19,15,12,True,0.6794173555244681,0.0016526409890502691
16,41,QISKIT_AER_STATEVECTOR,1,1,0,3134,False,0.0009765625000000004,0.0023595590610057116
16,41,QISKIT_AER_STATEVECTOR,2,2,1,5727,False,0.008766189217567447,0.01914260198827833
16,41,QISKIT_AER_STATEVECTOR,3,2,0,14212,False,0.0009765625000000004,0.0022135149920359254
16,41,QISKIT_AER_STATEVECTOR,4,2,0,9970,False,0.0009765625000000004,0.002226998098194599
16,41,QISKIT_AER_STATEVECTOR,5,3,2,1929,False,0.024223848595511306,0.0357011710293591
16,41,QISKIT_AER_STATEVECTOR,6,3,1,6825,False,0.008766189217567447,0.019563238020054996
16,41,QISKIT_AER_STATEVECTOR,7,3,1,791,False,0.008766189217567447,0.01907043601386249
16,41,QISKIT_AER_STATEVECTOR,8,4,0,1851,False,0.0009765625000000004,0.00216827099211514
16,41,QISKIT_AER_STATEVECTOR,9,5,3,1408,False,0.04710825057121501,0.04548199602868408
16,41,QISKIT_AER_STATEVECTOR,10,6,4,8439,False,0.07706217555207076,0.061186241917312145
16,41,QISKIT_AER_STATEVECTOR,11,7,1,2115,False,0.008766189217567447,0.018567156046628952
16,41,QISKIT_AER_STATEVECTOR,12,8,4,8270,False,0.07706217555207076,0.06719795998651534
16,41,QISKIT_AER_STATEVECTOR,13,9,1,15644,False,0.008766189217567447,0.012222346966154873
16,41,QISKIT_AER_STATEVECTOR,14,11,5,1191,False,0.11361805052087556,0.051650847075507045
16,41,QISKIT_AER_STATEVECTOR,15,13,12,3951,False,0.4959790924304013,0.1566470159450546
16,41,QISKIT_AER_STATEVECTOR,16,16,3,13073,False,0.04710825057121501,0.029061243985779583
16,41,QISKIT_AER_STATEVECTOR,17,19,15,12,True,0.6794173555244638,0.19654807995539159
16,42,NUMPY_FLOAT64,1,1,0,7235,False,0.0009765625,0.00011390901636332273
16,42,NUMPY_FLOAT64,2,2,1,7899,False,0.008766189217567444,0.0002502528950572014
16,42,NUMPY_FLOAT64,3,2,1,13118,False,0.008766189217567444,0.0002029660390689969
16,42,NUMPY_FLOAT64,4,2,0,13810,False,0.0009765625,8.786504622548819e-05
16,42,NUMPY_FLOAT64,5,3,2,10765,False,0.0242238485955113,0.0003101739566773176
16,42,NUMPY_FLOAT64,6,3,2,882,False,0.0242238485955113,0.0003058629808947444
16,42,NUMPY_FLOAT64,7,3,1,3607,False,0.008766189217567444,0.00019079598132520914
16,42,NUMPY_FLOAT64,8,4,1,1159,False,0.008766189217567444,0.0001988959265872836
16,42,NUMPY_FLOAT64,9,5,2,15203,False,0.0242238485955113,0.0002904270077124238
16,42,NUMPY_FLOAT64,10,6,2,2616,False,0.0242238485955113,0.0002913700882345438
16,42,NUMPY_FLOAT64,11,7,5,567,False,0.11361805052087579,0.0005991630023345351
16,42,NUMPY_FLOAT64,12,8,6,6009,False,0.15620524772962735,0.0006836169632151723
16,42,NUMPY_FLOAT64,13,9,1,15971,False,0.008766189217567444,0.00018859293777495623
16,42,NUMPY_FLOAT64,14,11,10,2352,False,0.37238643309689723,0.001101193018257618
16,42,NUMPY_FLOAT64,15,13,0,1574,False,0.0009765625,8.30100616440177e-05
16,42,NUMPY_FLOAT64,16,16,12,11,True,0.4959790924304038,0.0012633679434657097
16,42,QISKIT_AER_STATEVECTOR,1,1,0,7235,False,0.0009765625000000004,0.0025174590991809964
16,42,QISKIT_AER_STATEVECTOR,2,2,1,7899,False,0.008766189217567447,0.020451653050258756
16,42,QISKIT_AER_STATEVECTOR,3,2,1,13118,False,0.008766189217567447,0.01905360200908035
16,42,QISKIT_AER_STATEVECTOR,4,2,0,13810,False,0.0009765625000000004,0.0018988619558513165
16,42,QISKIT_AER_STATEVECTOR,5,3,2,10765,False,0.024223848595511306,0.036718211020343006
16,42,QISKIT_AER_STATEVECTOR,6,3,2,882,False,0.024223848595511306,0.03749153693206608
16,42,QISKIT_AER_STATEVECTOR,7,3,1,3607,False,0.008766189217567447,0.01906114793382585
16,42,QISKIT_AER_STATEVECTOR,8,4,1,1159,False,0.008766189217567447,0.020000415039248765
16,42,QISKIT_AER_STATEVECTOR,9,5,2,15203,False,0.024223848595511306,0.032055002986453474
16,42,QISKIT_AER_STATEVECTOR,10,6,2,2616,False,0.024223848595511306,0.036088639055378735
16,42,QISKIT_AER_STATEVECTOR,11,7,5,567,False,0.11361805052087556,0.08541790302842855
16,42,QISKIT_AER_STATEVECTOR,12,8,6,6009,False,0.156205247729627,0.10338350792881101
16,42,QISKIT_AER_STATEVECTOR,13,9,1,15971,False,0.008766189217567447,0.016899844049476087
16,42,QISKIT_AER_STATEVECTOR,14,11,10,2352,False,0.37238643309689545,0.13575127604417503
16,42,QISKIT_AER_STATEVECTOR,15,13,0,1574,False,0.0009765625000000004,0.0023702160688117146
16,42,QISKIT_AER_STATEVECTOR,16,16,12,11,True,0.4959790924304013,0.1856615849537775
16,43,NUMPY_FLOAT64,1,1,0,6214,False,0.0009765625,6.284902337938547e-05
16,43,NUMPY_FLOAT64,2,2,0,3494,False,0.0009765625,5.650799721479416e-05
16,43,NUMPY_FLOAT64,3,2,1,9321,False,0.008766189217567444,0.00022237293887883425
16,43,NUMPY_FLOAT64,4,2,1,4579,False,0.008766189217567444,0.00020350597333163023
16,43,NUMPY_FLOAT64,5,3,0,6531,False,0.0009765625,8.785293903201818e-05
16,43,NUMPY_FLOAT64,6,3,1,15752,False,0.008766189217567444,0.00020054890774190426
16,43,NUMPY_FLOAT64,7,3,2,6621,False,0.0242238485955113,0.00015837396495044231
16,43,NUMPY_FLOAT64,8,4,3,4334,False,0.04710825057121504,0.00020534289069473743
16,43,NUMPY_FLOAT64,9,5,3,15642,False,0.04710825057121504,0.00020271900575608015
16,43,NUMPY_FLOAT64,10,6,3,2729,False,0.04710825057121504,0.00019960501231253147
16,43,NUMPY_FLOAT64,11,7,4,14526,False,0.07706217555207087,0.0004961150698363781
16,43,NUMPY_FLOAT64,12,8,2,1456,False,0.0242238485955113,0.00016790395602583885
16,43,NUMPY_FLOAT64,13,9,4,13520,False,0.07706217555207087,0.0002493159845471382
16,43,NUMPY_FLOAT64,14,11,8,8957,False,0.2567307379460351,0.0006469929357990623
16,43,NUMPY_FLOAT64,15,13,0,10308,False,0.0009765625,4.2045023292303085e-05
16,43,NUMPY_FLOAT64,16,16,8,796,False,0.2567307379460351,0.0007194119971245527
16,43,NUMPY_FLOAT64,17,19,7,1761,False,0.2041589920509978,0.00041028507985174656
16,43,NUMPY_FLOAT64,18,23,16,3,True,0.7362122192406655,0.0009044139878824353
16,43,QISKIT_AER_STATEVECTOR,1,1,0,6214,False,0.0009765625000000004,0.0014131839852780104
16,43,QISKIT_AER_STATEVECTOR,2,2,0,3494,False,0.0009765625000000004,0.001281586941331625
16,43,QISKIT_AER_STATEVECTOR,3,2,1,9321,False,0.008766189217567447,0.013763641007244587
16,43,QISKIT_AER_STATEVECTOR,4,2,1,4579,False,0.008766189217567447,0.017433317028917372
16,43,QISKIT_AER_STATEVECTOR,5,3,0,6531,False,0.0009765625000000004,0.00227163708768785
16,43,QISKIT_AER_STATEVECTOR,6,3,1,15752,False,0.008766189217567447,0.01836297509726137
16,43,QISKIT_AER_STATEVECTOR,7,3,2,6621,False,0.024223848595511306,0.02442953595891595
16,43,QISKIT_AER_STATEVECTOR,8,4,3,4334,False,0.04710825057121501,0.04952201899141073
16,43,QISKIT_AER_STATEVECTOR,9,5,3,15642,False,0.04710825057121501,0.0542036360129714
16,43,QISKIT_AER_STATEVECTOR,10,6,3,2729,False,0.04710825057121501,0.033729768940247595
16,43,QISKIT_AER_STATEVECTOR,11,7,4,14526,False,0.07706217555207076,0.05963553802575916
16,43,QISKIT_AER_STATEVECTOR,12,8,2,1456,False,0.024223848595511306,0.035429505980573595
16,43,QISKIT_AER_STATEVECTOR,13,9,4,13520,False,0.07706217555207076,0.06856200098991394
16,43,QISKIT_AER_STATEVECTOR,14,11,8,8957,False,0.2567307379460343,0.140014554024674
16,43,QISKIT_AER_STATEVECTOR,15,13,0,10308,False,0.0009765625000000004,0.0023481769021600485
16,43,QISKIT_AER_STATEVECTOR,16,16,8,796,False,0.2567307379460343,0.11648024793248624
16,43,QISKIT_AER_STATEVECTOR,17,19,7,1761,False,0.20415899205099725,0.11344999598804861
16,43,QISKIT_AER_STATEVECTOR,18,23,16,3,True,0.7362122192406603,0.24032358394470066
16,44,NUMPY_FLOAT64,1,1,0,13765,False,0.0009765625,6.159103941172361e-05
16,44,NUMPY_FLOAT64,2,2,0,10698,False,0.0009765625,5.695503205060959e-05
16,44,NUMPY_FLOAT64,3,2,0,3355,False,0.0009765625,4.5684981159865856e-05
16,44,NUMPY_FLOAT64,4,2,0,15892,False,0.0009765625,8.734292350709438e-05
16,44,NUMPY_FLOAT64,5,3,2,3745,False,0.0242238485955113,0.00036260997876524925
16,44,NUMPY_FLOAT64,6,3,2,7608,False,0.0242238485955113,0.00016014603897929192
16,44,NUMPY_FLOAT64,7,3,0,12230,False,0.0009765625,4.495005123317242e-05
16,44,NUMPY_FLOAT64,8,4,0,13204,False,0.0009765625,4.6064029447734356e-05
16,44,NUMPY_FLOAT64,9,5,1,13539,False,0.008766189217567444,9.962206240743399e-05
16,44,NUMPY_FLOAT64,10,6,3,6443,False,0.04710825057121504,0.00020849693100899458
16,44,NUMPY_FLOAT64,11,7,0,12116,False,0.0009765625,4.431500565260649e-05
16,44,NUMPY_FLOAT64,12,8,3,11641,False,0.04710825057121504,0.00020350900012999773
16,44,NUMPY_FLOAT64,13,9,5,7498,False,0.11361805052087579,0.00038541306275874376
16,44,NUMPY_FLOAT64,14,11,6,4016,False,0.15620524772962735,0.00036967499181628227
16,44,NUMPY_FLOAT64,15,13,5,10903,False,0.11361805052087579,0.0002974380040541291
16,44,NUMPY_FLOAT64,16,16,2,10817,False,0.0242238485955113,0.00015688897110521793
16,44,NUMPY_FLOAT64,17,19,14,8,True,0.6198218333197829,0.0007937549380585551
16,44,QISKIT_AER_STATEVECTOR,1,1,0,13765,False,0.0009765625000000004,0.0018792519113048911
16,44,QISKIT_AER_STATEVECTOR,2,2,0,10698,False,0.0009765625000000004,0.001273438916541636
16,44,QISKIT_AER_STATEVECTOR,3,2,0,3355,False,0.0009765625000000004,0.0014934299979358912
16,44,QISKIT_AER_STATEVECTOR,4,2,0,15892,False,0.0009765625000000004,0.0018042679876089096
16,44,QISKIT_AER_STATEVECTOR,5,3,2,3745,False,0.024223848595511306,0.021896121092140675
16,44,QISKIT_AER_STATEVECTOR,6,3,2,7608,False,0.024223848595511306,0.019428908941335976
16,44,QISKIT_AER_STATEVECTOR,7,3,0,12230,False,0.0009765625000000004,0.0011869899462908506
16,44,QISKIT_AER_STATEVECTOR,8,4,0,13204,False,0.0009765625000000004,0.001177196973003447
16,44,QISKIT_AER_STATEVECTOR,9,5,1,13539,False,0.008766189217567447,0.010205549071542919
16,44,QISKIT_AER_STATEVECTOR,10,6,3,6443,False,0.04710825057121501,0.03739847906399518
16,44,QISKIT_AER_STATEVECTOR,11,7,0,12116,False,0.0009765625000000004,0.0021724210819229484
16,44,QISKIT_AER_STATEVECTOR,12,8,3,11641,False,0.04710825057121501,0.043790925992652774
16,44,QISKIT_AER_STATEVECTOR,13,9,5,7498,False,0.11361805052087556,0.05143393494654447
16,44,QISKIT_AER_STATEVECTOR,14,11,6,4016,False,0.156205247729627,0.06609347905032337
16,44,QISKIT_AER_STATEVECTOR,15,13,5,10903,False,0.11361805052087556,0.05533982196357101
16,44,QISKIT_AER_STATEVECTOR,16,16,2,10817,False,0.024223848595511306,0.021914712036959827
16,44,QISKIT_AER_STATEVECTOR,17,19,14,8,True,0.6198218333197794,0.18459055793937296
16,45,NUMPY_FLOAT64,1,1,0,2550,False,0.0009765625,0.0001257099211215973
16,45,NUMPY_FLOAT64,2,2,1,6358,False,0.008766189217567444,0.00015142292249947786
16,45,NUMPY_FLOAT64,3,2,0,12473,False,0.0009765625,4.5307911932468414e-05
16,45,NUMPY_FLOAT64,4,2,1,15127,False,0.008766189217567444,0.00011515698861330748
16,45,NUMPY_FLOAT64,5,3,0,8583,False,0.0009765625,5.538901314139366e-05
16,45,NUMPY_FLOAT64,6,3,0,14641,False,0.0009765625,7.228401955217123e-05
16,45,NUMPY_FLOAT64,7,3,0,142,False,0.0009765625,5.5606942623853683e-05
16,45,NUMPY_FLOAT64,8,4,2,4987,False,0.0242238485955113,0.00028141005896031857
16,45,NUMPY_FLOAT64,9,5,3,10152,False,0.04710825057121504,0.0003311189357191324
16,45,NUMPY_FLOAT64,10,6,5,11082,False,0.11361805052087579,0.0005288349930197
16,45,NUMPY_FLOAT64,11,7,2,11397,False,0.0242238485955113,0.0002565360628068447
16,45,NUMPY_FLOAT64,12,8,7,8532,False,0.2041589920509978,0.0005987950135022402
16,45,NUMPY_FLOAT64,13,9,1,15849,False,0.008766189217567444,0.00020049302838742733
16,45,NUMPY_FLOAT64,14,11,0,16182,False,0.0009765625,8.310307748615742e-05
16,45,NUMPY_FLOAT64,15,13,0,15311,False,0.0009765625,6.605603266507387e-05
16,45,NUMPY_FLOAT64,16,16,3,5102,False,0.04710825057121504,0.0002540519926697016
16,45,NUMPY_FLOAT64,17,19,9,4,True,0.31309985406631047,0.0007504619425162673
16,45,QISKIT_AER_STATEVECTOR,1,1,0,2550,False,0.0009765625000000004,0.0021362309344112873
16,45,QISKIT_AER_STATEVECTOR,2,2,1,6358,False,0.008766189217567447,0.012211062014102936
16,45,QISKIT_AER_STATEVECTOR,3,2,0,12473,False,0.0009765625000000004,0.00206228403840214
16,45,QISKIT_AER_STATEVECTOR,4,2,1,15127,False,0.008766189217567447,0.01882285694591701
16,45,QISKIT_AER_STATEVECTOR,5,3,0,8583,False,0.0009765625000000004,0.001893569016829133
16,45,QISKIT_AER_STATEVECTOR,6,3,0,14641,False,0.0009765625000000004,0.0019985230173915625
16,45,QISKIT_AER_STATEVECTOR,7,3,0,142,False,0.0009765625000000004,0.0017084010178223252
16,45,QISKIT_AER_STATEVECTOR,8,4,2,4987,False,0.024223848595511306,0.020626781042665243
16,45,QISKIT_AER_STATEVECTOR,9,5,3,10152,False,0.04710825057121501,0.04625432298053056
16,45,QISKIT_AER_STATEVECTOR,10,6,5,11082,False,0.11361805052087556,0.08422590291593224
16,45,QISKIT_AER_STATEVECTOR,11,7,2,11397,False,0.024223848595511306,0.03706787701230496
16,45,QISKIT_AER_STATEVECTOR,12,8,7,8532,False,0.20415899205099725,0.12121918797492981
16,45,QISKIT_AER_STATEVECTOR,13,9,1,15849,False,0.008766189217567447,0.019741022028028965
16,45,QISKIT_AER_STATEVECTOR,14,11,0,16182,False,0.0009765625000000004,0.001778684905730188
16,45,QISKIT_AER_STATEVECTOR,15,13,0,15311,False,0.0009765625000000004,0.001821747049689293
16,45,QISKIT_AER_STATEVECTOR,16,16,3,5102,False,0.04710825057121501,0.05425613303668797
16,45,QISKIT_AER_STATEVECTOR,17,19,9,4,True,0.31309985406630936,0.1567902109818533
16,46,NUMPY_FLOAT64,1,1,0,3934,False,0.0009765625,0.00011239503510296345
16,46,NUMPY_FLOAT64,2,2,1,6489,False,0.008766189217567444,0.00025322206784039736
16,46,NUMPY_FLOAT64,3,2,1,16005,False,0.008766189217567444,0.00020937796216458082
16,46,NUMPY_FLOAT64,4,2,1,7829,False,0.008766189217567444,0.000202930998057127
16,46,NUMPY_FLOAT64,5,3,0,14571,False,0.0009765625,7.528590504080057e-05
16,46,NUMPY_FLOAT64,6,3,0,14715,False,0.0009765625,9.141501504927874e-05
16,46,NUMPY_FLOAT64,7,3,1,12332,False,0.008766189217567444,0.00016557599883526564
16,46,NUMPY_FLOAT64,8,4,2,1282,False,0.0242238485955113,0.0003105050418525934
16,46,NUMPY_FLOAT64,9,5,4,2180,False,0.07706217555207087,0.0004734800895676017
16,46,NUMPY_FLOAT64,10,6,1,12,True,0.008766189217567444,0.00018726103007793427
16,46,QISKIT_AER_STATEVECTOR,1,1,0,3934,False,0.0009765625000000004,0.0023552619386464357
16,46,QISKIT_AER_STATEVECTOR,2,2,1,6489,False,0.008766189217567447,0.015070074005052447
16,46,QISKIT_AER_STATEVECTOR,3,2,1,16005,False,0.008766189217567447,0.014480698970146477
16,46,QISKIT_AER_STATEVECTOR,4,2,1,7829,False,0.008766189217567447,0.014446429908275604
16,46,QISKIT_AER_STATEVECTOR,5,3,0,14571,False,0.0009765625000000004,0.0013465709052979946
16,46,QISKIT_AER_STATEVECTOR,6,3,0,14715,False,0.0009765625000000004,0.0017558009130880237
16,46,QISKIT_AER_STATEVECTOR,7,3,1,12332,False,0.008766189217567447,0.011834932956844568
16,46,QISKIT_AER_STATEVECTOR,8,4,2,1282,False,0.024223848595511306,0.023035557940602303
16,46,QISKIT_AER_STATEVECTOR,9,5,4,2180,False,0.07706217555207076,0.04607131110969931
16,46,QISKIT_AER_STATEVECTOR,10,6,1,12,True,0.008766189217567447,0.010497270035557449
16,47,NUMPY_FLOAT64,1,1,0,14038,False,0.0009765625,6.077007856220007e-05
16,47,NUMPY_FLOAT64,2,2,0,18,False,0.0009765625,5.2153016440570354e-05
16,47,NUMPY_FLOAT64,3,2,1,11323,False,0.008766189217567444,0.00013080902863293886
16,47,NUMPY_FLOAT64,4,2,0,11302,False,0.0009765625,4.464597441256046e-05
16,47,NUMPY_FLOAT64,5,3,2,16071,False,0.0242238485955113,0.0001645579468458891
16,47,NUMPY_FLOAT64,6,3,2,15126,False,0.0242238485955113,0.00015338603407144547
16,47,NUMPY_FLOAT64,7,3,1,11614,False,0.008766189217567444,0.00010067399125546217
16,47,NUMPY_FLOAT64,8,4,0,14602,False,0.0009765625,4.420394543558359e-05
16,47,NUMPY_FLOAT64,9,5,1,9092,False,0.008766189217567444,9.953707922250032e-05
16,47,NUMPY_FLOAT64,10,6,1,12529,False,0.008766189217567444,9.797303937375546e-05
16,47,NUMPY_FLOAT64,11,7,0,15188,False,0.0009765625,4.407705273479223e-05
16,47,NUMPY_FLOAT64,12,8,7,14755,False,0.2041589920509978,0.000416547991335392
16,47,NUMPY_FLOAT64,13,9,6,10,True,0.15620524772962735,0.0003492799587547779
16,47,QISKIT_AER_STATEVECTOR,1,1,0,14038,False,0.0009765625000000004,0.0012391629861667752
16,47,QISKIT_AER_STATEVECTOR,2,2,0,18,False,0.0009765625000000004,0.0012237719492986798
16,47,QISKIT_AER_STATEVECTOR,3,2,1,11323,False,0.008766189217567447,0.010238196002319455
16,47,QISKIT_AER_STATEVECTOR,4,2,0,11302,False,0.0009765625000000004,0.0012088549556210637
16,47,QISKIT_AER_STATEVECTOR,5,3,2,16071,False,0.024223848595511306,0.019481220981106162
16,47,QISKIT_AER_STATEVECTOR,6,3,2,15126,False,0.024223848595511306,0.028715263004414737
16,47,QISKIT_AER_STATEVECTOR,7,3,1,11614,False,0.008766189217567447,0.019602986052632332
16,47,QISKIT_AER_STATEVECTOR,8,4,0,14602,False,0.0009765625000000004,0.0022809599759057164
16,47,QISKIT_AER_STATEVECTOR,9,5,1,9092,False,0.008766189217567447,0.020078479079529643
16,47,QISKIT_AER_STATEVECTOR,10,6,1,12529,False,0.008766189217567447,0.01834210893139243
16,47,QISKIT_AER_STATEVECTOR,11,7,0,15188,False,0.0009765625000000004,0.002057436970062554
16,47,QISKIT_AER_STATEVECTOR,12,8,7,14755,False,0.20415899205099725,0.12455279403366148
16,47,QISKIT_AER_STATEVECTOR,13,9,6,10,True,0.156205247729627,0.09025096404366195
16,48,NUMPY_FLOAT64,1,1,0,2598,False,0.0009765625,0.00011942593846470118
16,48,NUMPY_FLOAT64,2,2,0,9399,False,0.0009765625,0.00010033394210040569
16,48,NUMPY_FLOAT64,3,2,0,16004,False,0.0009765625,8.324196096509695e-05
16,48,NUMPY_FLOAT64,4,2,0,12742,False,0.0009765625,8.891092147678137e-05
16,48,NUMPY_FLOAT64,5,3,2,4345,False,0.0242238485955113,0.0003177099861204624
16,48,NUMPY_FLOAT64,6,3,2,8879,False,0.0242238485955113,0.0003124119248241186
16,48,NUMPY_FLOAT64,7,3,1,209,False,0.008766189217567444,0.00019899406470358372
16,48,NUMPY_FLOAT64,8,4,2,8242,False,0.0242238485955113,0.00029650796204805374
16,48,NUMPY_FLOAT64,9,5,0,1338,False,0.0009765625,8.329993579536676e-05
16,48,NUMPY_FLOAT64,10,6,1,14901,False,0.008766189217567444,0.00019153999164700508
16,48,NUMPY_FLOAT64,11,7,5,3815,False,0.11361805052087579,0.0005691950209438801
16,48,NUMPY_FLOAT64,12,8,5,7972,False,0.11361805052087579,0.0005919979885220528
16,48,NUMPY_FLOAT64,13,9,4,10477,False,0.07706217555207087,0.00044727895874530077
16,48,NUMPY_FLOAT64,14,11,8,13159,False,0.2567307379460351,0.0009287321008741856
16,48,NUMPY_FLOAT64,15,13,1,1552,False,0.008766189217567444,0.0001835329458117485
16,48,NUMPY_FLOAT64,16,16,15,6943,False,0.6794173555244681,0.0015822380082681775
16,48,NUMPY_FLOAT64,17,19,15,10142,False,0.6794173555244681,0.0015718759968876839
16,48,NUMPY_FLOAT64,18,23,12,12304,False,0.4959790924304038,0.0013027440290898085
16,48,NUMPY_FLOAT64,19,27,25,1,True,0.999461244744407,0.0026251189410686493
16,48,QISKIT_AER_STATEVECTOR,1,1,0,2598,False,0.0009765625000000004,0.002437902963720262
16,48,QISKIT_AER_STATEVECTOR,2,2,0,9399,False,0.0009765625000000004,0.0022634780034422874
16,48,QISKIT_AER_STATEVECTOR,3,2,0,16004,False,0.0009765625000000004,0.0022545841056853533
16,48,QISKIT_AER_STATEVECTOR,4,2,0,12742,False,0.0009765625000000004,0.0022257290547713637
16,48,QISKIT_AER_STATEVECTOR,5,3,2,4345,False,0.024223848595511306,0.032938270014710724
16,48,QISKIT_AER_STATEVECTOR,6,3,2,8879,False,0.024223848595511306,0.03244460991118103
16,48,QISKIT_AER_STATEVECTOR,7,3,1,209,False,0.008766189217567447,0.01914635207504034
16,48,QISKIT_AER_STATEVECTOR,8,4,2,8242,False,0.024223848595511306,0.03442575002554804
16,48,QISKIT_AER_STATEVECTOR,9,5,0,1338,False,0.0009765625000000004,0.0015029539354145527
16,48,QISKIT_AER_STATEVECTOR,10,6,1,14901,False,0.008766189217567447,0.013836769037880003
16,48,QISKIT_AER_STATEVECTOR,11,7,5,3815,False,0.11361805052087556,0.05534568103030324
16,48,QISKIT_AER_STATEVECTOR,12,8,5,7972,False,0.11361805052087556,0.051786346011795104
16,48,QISKIT_AER_STATEVECTOR,13,9,4,10477,False,0.07706217555207076,0.05815519904717803
16,48,QISKIT_AER_STATEVECTOR,14,11,8,13159,False,0.2567307379460343,0.09863043506629765
16,48,QISKIT_AER_STATEVECTOR,15,13,1,1552,False,0.008766189217567447,0.011484078015200794
16,48,QISKIT_AER_STATEVECTOR,16,16,15,6943,False,0.6794173555244638,0.18676900898572057
16,48,QISKIT_AER_STATEVECTOR,17,19,15,10142,False,0.6794173555244638,0.23104114003945142
16,48,QISKIT_AER_STATEVECTOR,18,23,12,12304,False,0.4959790924304013,0.19776916899718344
16,48,QISKIT_AER_STATEVECTOR,19,27,25,1,True,0.9994612447443952,0.4152239460963756
16,49,NUMPY_FLOAT64,1,1,0,10855,False,0.0009765625,0.00011445407290011644
16,49,NUMPY_FLOAT64,2,2,1,10123,False,0.008766189217567444,0.000334274023771286
16,49,NUMPY_FLOAT64,3,2,0,3771,False,0.0009765625,6.725604180246592e-05
16,49,NUMPY_FLOAT64,4,2,1,14541,False,0.008766189217567444,0.0001466679386794567
16,49,NUMPY_FLOAT64,5,3,1,13452,False,0.008766189217567444,0.00011682300828397274
16,49,NUMPY_FLOAT64,6,3,0,12677,False,0.0009765625,5.968904588371515e-05
16,49,NUMPY_FLOAT64,7,3,2,380,False,0.0242238485955113,0.00024089403450489044
16,49,NUMPY_FLOAT64,8,4,3,13769,False,0.04710825057121504,0.0003049860242754221
16,49,NUMPY_FLOAT64,9,5,0,11516,False,0.0009765625,6.76480121910572e-05
16,49,NUMPY_FLOAT64,10,6,0,3165,False,0.0009765625,8.918996900320053e-05
16,49,NUMPY_FLOAT64,11,7,0,189,False,0.0009765625,0.00010209192987531424
16,49,NUMPY_FLOAT64,12,8,7,5156,False,0.2041589920509978,0.0005057069938629866
16,49,NUMPY_FLOAT64,13,9,1,5324,False,0.008766189217567444,0.0001907949335873127
16,49,NUMPY_FLOAT64,14,11,10,13701,False,0.37238643309689723,0.0009156609885394573
16,49,NUMPY_FLOAT64,15,13,5,5835,False,0.11361805052087579,0.0004600168904289603
16,49,NUMPY_FLOAT64,16,16,3,9401,False,0.04710825057121504,0.00023714196868240833
16,49,NUMPY_FLOAT64,17,19,2,9373,False,0.0242238485955113,0.0001600210089236498
16,49,NUMPY_FLOAT64,18,23,3,4438,False,0.04710825057121504,0.00019973795861005783
16,49,NUMPY_FLOAT64,19,27,17,10,True,0.789319871343655,0.001017645001411438
16,49,QISKIT_AER_STATEVECTOR,1,1,0,10855,False,0.0009765625000000004,0.0023491480387747288
16,49,QISKIT_AER_STATEVECTOR,2,2,1,10123,False,0.008766189217567447,0.01596570305991918
16,49,QISKIT_AER_STATEVECTOR,3,2,0,3771,False,0.0009765625000000004,0.001248336979188025
16,49,QISKIT_AER_STATEVECTOR,4,2,1,14541,False,0.008766189217567447,0.010386884096078575
16,49,QISKIT_AER_STATEVECTOR,5,3,1,13452,False,0.008766189217567447,0.010409796959720552
16,49,QISKIT_AER_STATEVECTOR,6,3,0,12677,False,0.0009765625000000004,0.0012320239329710603
16,49,QISKIT_AER_STATEVECTOR,7,3,2,380,False,0.024223848595511306,0.027308685006573796
16,49,QISKIT_AER_STATEVECTOR,8,4,3,13769,False,0.04710825057121501,0.05356927099637687
16,49,QISKIT_AER_STATEVECTOR,9,5,0,11516,False,0.0009765625000000004,0.0023230169899761677
16,49,QISKIT_AER_STATEVECTOR,10,6,0,3165,False,0.0009765625000000004,0.0023160160053521395
16,49,QISKIT_AER_STATEVECTOR,11,7,0,189,False,0.0009765625000000004,0.0022498350590467453
16,49,QISKIT_AER_STATEVECTOR,12,8,7,5156,False,0.20415899205099725,0.0954745999770239
16,49,QISKIT_AER_STATEVECTOR,13,9,1,5324,False,0.008766189217567447,0.013714812928810716
16,49,QISKIT_AER_STATEVECTOR,14,11,10,13701,False,0.37238643309689545,0.12911115505266935
16,49,QISKIT_AER_STATEVECTOR,15,13,5,5835,False,0.11361805052087556,0.07396305503789335
16,49,QISKIT_AER_STATEVECTOR,16,16,3,9401,False,0.04710825057121501,0.04367115499917418
16,49,QISKIT_AER_STATEVECTOR,17,19,2,9373,False,0.024223848595511306,0.03702145197894424
16,49,QISKIT_AER_STATEVECTOR,18,23,3,4438,False,0.04710825057121501,0.03437855001538992
16,49,QISKIT_AER_STATEVECTOR,19,27,17,10,True,0.7893198713436487,0.18463859299663454
16,50,NUMPY_FLOAT64,1,1,0,4457,False,0.0009765625,8.937204256653786e-05
16,50,NUMPY_FLOAT64,2,2,1,11628,False,0.008766189217567444,0.00033328798599541187
16,50,NUMPY_FLOAT64,3,2,1,2378,False,0.008766189217567444,0.00022920093033462763
16,50,NUMPY_FLOAT64,4,2,1,652,False,0.008766189217567444,0.00012108997907489538
16,50,NUMPY_FLOAT64,5,3,1,11987,False,0.008766189217567444,0.00013514095917344093
16,50,NUMPY_FLOAT64,6,3,0,11935,False,0.0009765625,8.94379336386919e-05
16,50,NUMPY_FLOAT64,7,3,0,10769,False,0.0009765625,9.12320101633668e-05
16,50,NUMPY_FLOAT64,8,4,1,5216,False,0.008766189217567444,0.00013006199151277542
16,50,NUMPY_FLOAT64,9,5,2,7726,False,0.0242238485955113,0.0001827100059017539
16,50,NUMPY_FLOAT64,10,6,2,15911,False,0.0242238485955113,0.00030645402148365974
16,50,NUMPY_FLOAT64,11,7,3,7078,False,0.04710825057121504,0.0004042210057377815
16,50,NUMPY_FLOAT64,12,8,4,1727,False,0.07706217555207087,0.0004984750412404537
16,50,NUMPY_FLOAT64,13,9,2,11285,False,0.0242238485955113,0.0003042840398848057
16,50,NUMPY_FLOAT64,14,11,6,13842,False,0.15620524772962735,0.00042576203122735023
16,50,NUMPY_FLOAT64,15,13,9,9574,False,0.31309985406631047,0.0006990809924900532
16,50,NUMPY_FLOAT64,16,16,2,9932,False,0.0242238485955113,0.00017383100930601358
16,50,NUMPY_FLOAT64,17,19,6,15093,False,0.15620524772962735,0.0006860820576548576
16,50,NUMPY_FLOAT64,18,23,12,13,True,0.4959790924304038,0.0013252180069684982
16,50,QISKIT_AER_STATEVECTOR,1,1,0,4457,False,0.0009765625000000004,0.0017274781130254269
16,50,QISKIT_AER_STATEVECTOR,2,2,1,11628,False,0.008766189217567447,0.01506388105917722
16,50,QISKIT_AER_STATEVECTOR,3,2,1,2378,False,0.008766189217567447,0.013299972983077168
16,50,QISKIT_AER_STATEVECTOR,4,2,1,652,False,0.008766189217567447,0.013916975003667176
16,50,QISKIT_AER_STATEVECTOR,5,3,1,11987,False,0.008766189217567447,0.010469897999428213
16,50,QISKIT_AER_STATEVECTOR,6,3,0,11935,False,0.0009765625000000004,0.0012484269682317972
16,50,QISKIT_AER_STATEVECTOR,7,3,0,10769,False,0.0009765625000000004,0.0011692519765347242
16,50,QISKIT_AER_STATEVECTOR,8,4,1,5216,False,0.008766189217567447,0.010237934067845345
16,50,QISKIT_AER_STATEVECTOR,9,5,2,7726,False,0.024223848595511306,0.019290218013338745
16,50,QISKIT_AER_STATEVECTOR,10,6,2,15911,False,0.024223848595511306,0.019809541990980506
16,50,QISKIT_AER_STATEVECTOR,11,7,3,7078,False,0.04710825057121501,0.037938911002129316
16,50,QISKIT_AER_STATEVECTOR,12,8,4,1727,False,0.07706217555207076,0.06952954991720617
16,50,QISKIT_AER_STATEVECTOR,13,9,2,11285,False,0.024223848595511306,0.03184789407532662
16,50,QISKIT_AER_STATEVECTOR,14,11,6,13842,False,0.156205247729627,0.09765300701837987
16,50,QISKIT_AER_STATEVECTOR,15,13,9,9574,False,0.31309985406630936,0.11240083700977266
16,50,QISKIT_AER_STATEVECTOR,16,16,2,9932,False,0.024223848595511306,0.02304467197973281
16,50,QISKIT_AER_STATEVECTOR,17,19,6,15093,False,0.156205247729627,0.056543119018897414
16,50,QISKIT_AER_STATEVECTOR,18,23,12,13,True,0.4959790924304013,0.11432385607622564
64,1,NUMPY_FLOAT64,1,1,0,11645,False,0.00390625,7.475202437490225e-05
64,1,NUMPY_FLOAT64,2,2,1,9644,False,0.034790992736816406,0.00014311494305729866
64,1,NUMPY_FLOAT64,3,2,0,2562,False,0.00390625,4.951399751007557e-05
64,1,NUMPY_FLOAT64,4,2,1,4498,False,0.034790992736816406,0.00010750291403383017
64,1,NUMPY_FLOAT64,5,3,2,3223,False,0.09463772200979292,0.00017062202095985413
64,1,NUMPY_FLOAT64,6,3,2,16374,False,0.09463772200979292,0.00015623506624251604
64,1,NUMPY_FLOAT64,7,3,0,9244,False,0.00390625,4.700093995779753e-05
64,1,NUMPY_FLOAT64,8,4,2,3906,False,0.09463772200979292,0.00015521899331361055
64,1,NUMPY_FLOAT64,9,5,2,2,True,0.09463772200979292,0.00015278207138180733
64,1,QISKIT_AER_STATEVECTOR,1,1,0,11645,False,0.003906250000000001,0.0017179930582642555
64,1,QISKIT_AER_STATEVECTOR,2,2,1,9644,False,0.03479099273681641,0.020124481059610844
64,1,QISKIT_AER_STATEVECTOR,3,2,0,2562,False,0.003906250000000001,0.0018873349763453007
64,1,QISKIT_AER_STATEVECTOR,4,2,1,4498,False,0.03479099273681641,0.017369374982081354
64,1,QISKIT_AER_STATEVECTOR,5,3,2,3223,False,0.09463772200979288,0.025260799913667142
64,1,QISKIT_AER_STATEVECTOR,6,3,2,16374,False,0.09463772200979288,0.028298556921072304
64,1,QISKIT_AER_STATEVECTOR,7,3,0,9244,False,0.003906250000000001,0.0013026500819250941
64,1,QISKIT_AER_STATEVECTOR,8,4,2,3906,False,0.09463772200979288,0.020330063998699188
64,1,QISKIT_AER_STATEVECTOR,9,5,2,2,True,0.09463772200979288,0.036126021994277835
64,2,NUMPY_FLOAT64,1,1,0,13090,False,0.00390625,0.00011940498370677233
64,2,NUMPY_FLOAT64,2,2,1,18,True,0.034790992736816406,0.0002572920639067888
64,2,QISKIT_AER_STATEVECTOR,1,1,0,13090,False,0.003906250000000001,0.002308113034814596
64,2,QISKIT_AER_STATEVECTOR,2,2,1,18,True,0.03479099273681641,0.020149145973846316
64,3,NUMPY_FLOAT64,1,1,0,12967,False,0.00390625,0.00010635098442435265
64,3,NUMPY_FLOAT64,2,2,0,4269,False,0.00390625,9.304902050644159e-05
64,3,NUMPY_FLOAT64,3,2,1,10245,False,0.034790992736816406,0.00022073101717978716
64,3,NUMPY_FLOAT64,4,2,0,264,False,0.00390625,8.845701813697815e-05
64,3,NUMPY_FLOAT64,5,3,0,16295,False,0.00390625,8.525198791176081e-05
64,3,NUMPY_FLOAT64,6,3,0,6395,False,0.00390625,9.753101039677858e-05
64,3,NUMPY_FLOAT64,7,3,1,102,False,0.034790992736816406,0.000187463010661304
64,3,NUMPY_FLOAT64,8,4,0,3781,False,0.00390625,8.66670161485672e-05
64,3,NUMPY_FLOAT64,9,5,4,4164,False,0.28474280203265145,0.0005295509472489357
64,3,NUMPY_FLOAT64,10,6,2,4,True,0.09463772200979292,0.00031619402579963207
64,3,QISKIT_AER_STATEVECTOR,1,1,0,12967,False,0.003906250000000001,0.0023274319246411324
64,3,QISKIT_AER_STATEVECTOR,2,2,0,4269,False,0.003906250000000001,0.0023258880246430635
64,3,QISKIT_AER_STATEVECTOR,3,2,1,10245,False,0.03479099273681641,0.020099307061173022
64,3,QISKIT_AER_STATEVECTOR,4,2,0,264,False,0.003906250000000001,0.002294515958055854
64,3,QISKIT_AER_STATEVECTOR,5,3,0,16295,False,0.003906250000000001,0.0023090490140020847
64,3,QISKIT_AER_STATEVECTOR,6,3,0,6395,False,0.003906250000000001,0.002290463075041771
64,3,QISKIT_AER_STATEVECTOR,7,3,1,102,False,0.03479099273681641,0.020037574926391244
64,3,QISKIT_AER_STATEVECTOR,8,4,0,3781,False,0.003906250000000001,0.002316809957846999
64,3,QISKIT_AER_STATEVECTOR,9,5,4,4164,False,0.284742802032651,0.06979465892072767
64,3,QISKIT_AER_STATEVECTOR,10,6,2,4,True,0.09463772200979288,0.020981573034077883
64,4,NUMPY_FLOAT64,1,1,0,15163,False,0.00390625,6.258394569158554e-05
64,4,NUMPY_FLOAT64,2,2,0,5292,False,0.00390625,5.37169398739934e-05
64,4,NUMPY_FLOAT64,3,2,0,15037,False,0.00390625,4.7084991820156574e-05
64,4,NUMPY_FLOAT64,4,2,1,9588,False,0.034790992736816406,0.00018033792730420828
64,4,NUMPY_FLOAT64,5,3,2,25,True,0.09463772200979292,0.00016675004735589027
64,4,QISKIT_AER_STATEVECTOR,1,1,0,15163,False,0.003906250000000001,0.0020443269750103354
64,4,QISKIT_AER_STATEVECTOR,2,2,0,5292,False,0.003906250000000001,0.001973856007680297
64,4,QISKIT_AER_STATEVECTOR,3,2,0,15037,False,0.003906250000000001,0.0020391331054270267
64,4,QISKIT_AER_STATEVECTOR,4,2,1,9588,False,0.03479099273681641,0.01920038100797683
64,4,QISKIT_AER_STATEVECTOR,5,3,2,25,True,0.09463772200979288,0.026440895977430046
64,5,NUMPY_FLOAT64,1,1,0,9458,False,0.00390625,0.0001239849952980876
64,5,NUMPY_FLOAT64,2,2,1,7712,False,0.034790992736816406,0.00025547691620886326
64,5,NUMPY_FLOAT64,3,2,0,2933,False,0.00390625,9.214796591550112e-05
64,5,NUMPY_FLOAT64,4,2,0,8773,False,0.00390625,9.579199831932783e-05
64,5,NUMPY_FLOAT64,5,3,0,3903,False,0.00390625,4.779803566634655e-05
64,5,NUMPY_FLOAT64,6,3,1,4534,False,0.034790992736816406,0.00013025198131799698
64,5,NUMPY_FLOAT64,7,3,1,11061,False,0.034790992736816406,0.00011970300693064928
64,5,NUMPY_FLOAT64,8,4,0,8578,False,0.00390625,4.3635955080389977e-05
64,5,NUMPY_FLOAT64,9,5,3,15524,False,0.17972062825725743,0.0003369100159034133
64,5,NUMPY_FLOAT64,10,6,4,13077,False,0.28474280203265145,0.0002678090240806341
64,5,NUMPY_FLOAT64,11,7,2,3779,False,0.09463772200979292,0.00015753204934298992
64,5,NUMPY_FLOAT64,12,8,6,9,True,0.5276176773084243,0.0003743759589269757
64,5,QISKIT_AER_STATEVECTOR,1,1,0,9458,False,0.003906250000000001,0.0013763409806415439
64,5,QISKIT_AER_STATEVECTOR,2,2,1,7712,False,0.03479099273681641,0.010621919995173812
64,5,QISKIT_AER_STATEVECTOR,3,2,0,2933,False,0.003906250000000001,0.001310062943957746
64,5,QISKIT_AER_STATEVECTOR,4,2,0,8773,False,0.003906250000000001,0.0012098479783162475
64,5,QISKIT_AER_STATEVECTOR,5,3,0,3903,False,0.003906250000000001,0.0011904090642929077
64,5,QISKIT_AER_STATEVECTOR,6,3,1,4534,False,0.03479099273681641,0.010615712963044643
64,5,QISKIT_AER_STATEVECTOR,7,3,1,11061,False,0.03479099273681641,0.010197327006608248
64,5,QISKIT_AER_STATEVECTOR,8,4,0,8578,False,0.003906250000000001,0.0011679679155349731
64,5,QISKIT_AER_STATEVECTOR,9,5,3,15524,False,0.17972062825725726,0.05017311195842922
64,5,QISKIT_AER_STATEVECTOR,10,6,4,13077,False,0.284742802032651,0.0536723310360685
64,5,QISKIT_AER_STATEVECTOR,11,7,2,3779,False,0.09463772200979288,0.037736400961875916
64,5,QISKIT_AER_STATEVECTOR,12,8,6,9,True,0.527617677308423,0.09314800705760717
64,6,NUMPY_FLOAT64,1,1,0,8190,False,0.00390625,0.00010857800953090191
64,6,NUMPY_FLOAT64,2,2,1,5560,False,0.034790992736816406,0.0002448670566082001
64,6,NUMPY_FLOAT64,3,2,1,7857,False,0.034790992736816406,0.00019185489509254694
64,6,NUMPY_FLOAT64,4,2,0,4527,False,0.00390625,8.414802141487598e-05
64,6,NUMPY_FLOAT64,5,3,0,14909,False,0.00390625,4.213303327560425e-05
64,6,NUMPY_FLOAT64,6,3,1,8126,False,0.034790992736816406,0.00010054302401840687
64,6,NUMPY_FLOAT64,7,3,2,1924,False,0.09463772200979292,0.00014767597895115614
64,6,NUMPY_FLOAT64,8,4,1,1115,False,0.034790992736816406,9.575102012604475e-05
64,6,NUMPY_FLOAT64,9,5,0,12174,False,0.00390625,4.281196743249893e-05
64,6,NUMPY_FLOAT64,10,6,5,26,True,0.40316599765415717,0.0003212390001863241
64,6,QISKIT_AER_STATEVECTOR,1,1,0,8190,False,0.003906250000000001,0.0013317629927769303
64,6,QISKIT_AER_STATEVECTOR,2,2,1,5560,False,0.03479099273681641,0.01068800501525402
64,6,QISKIT_AER_STATEVECTOR,3,2,1,7857,False,0.03479099273681641,0.010311204008758068
64,6,QISKIT_AER_STATEVECTOR,4,2,0,4527,False,0.003906250000000001,0.0012117610312998295
64,6,QISKIT_AER_STATEVECTOR,5,3,0,14909,False,0.003906250000000001,0.0011979200644418597
64,6,QISKIT_AER_STATEVECTOR,6,3,1,8126,False,0.03479099273681641,0.010233218083158135
64,6,QISKIT_AER_STATEVECTOR,7,3,2,1924,False,0.09463772200979288,0.019353006035089493
64,6,QISKIT_AER_STATEVECTOR,8,4,1,1115,False,0.03479099273681641,0.010798578965477645
64,6,QISKIT_AER_STATEVECTOR,9,5,0,12174,False,0.003906250000000001,0.001434470061212778
64,6,QISKIT_AER_STATEVECTOR,10,6,5,26,True,0.4031659976541565,0.07670919899828732
64,7,NUMPY_FLOAT64,1,1,0,14767,False,0.00390625,0.0001154730562120676
64,7,NUMPY_FLOAT64,2,2,0,10734,False,0.00390625,0.00010229193139821291
64,7,NUMPY_FLOAT64,3,2,1,4575,False,0.034790992736816406,0.00024874298833310604
64,7,NUMPY_FLOAT64,4,2,1,408,False,0.034790992736816406,0.00020363100338727236
64,7,NUMPY_FLOAT64,5,3,2,15296,False,0.09463772200979292,0.0003117539454251528
64,7,NUMPY_FLOAT64,6,3,2,15215,False,0.09463772200979292,0.00024137203581631184
64,7,NUMPY_FLOAT64,7,3,2,6481,False,0.09463772200979292,0.0002495190128684044
64,7,NUMPY_FLOAT64,8,4,0,10352,False,0.00390625,8.344196248799562e-05
64,7,NUMPY_FLOAT64,9,5,2,37,True,0.09463772200979292,0.00025454594288021326
64,7,QISKIT_AER_STATEVECTOR,1,1,0,14767,False,0.003906250000000001,0.0012834049994125962
64,7,QISKIT_AER_STATEVECTOR,2,2,0,10734,False,0.003906250000000001,0.001180513994768262
64,7,QISKIT_AER_STATEVECTOR,3,2,1,4575,False,0.03479099273681641,0.01061387499794364
64,7,QISKIT_AER_STATEVECTOR,4,2,1,408,False,0.03479099273681641,0.011565495980903506
64,7,QISKIT_AER_STATEVECTOR,5,3,2,15296,False,0.09463772200979288,0.03514143102802336
64,7,QISKIT_AER_STATEVECTOR,6,3,2,15215,False,0.09463772200979288,0.02539050707127899
64,7,QISKIT_AER_STATEVECTOR,7,3,2,6481,False,0.09463772200979288,0.03379374591168016
64,7,QISKIT_AER_STATEVECTOR,8,4,0,10352,False,0.003906250000000001,0.0023329369723796844
64,7,QISKIT_AER_STATEVECTOR,9,5,2,37,True,0.09463772200979288,0.03776334004942328
64,8,NUMPY_FLOAT64,1,1,0,15997,False,0.00390625,0.00011114298831671476
64,8,NUMPY_FLOAT64,2,2,0,225,False,0.00390625,9.429501369595528e-05
64,8,NUMPY_FLOAT64,3,2,0,470,False,0.00390625,0.0001026190584525466
64,8,NUMPY_FLOAT64,4,2,0,9737,False,0.00390625,8.452299516648054e-05
64,8,NUMPY_FLOAT64,5,3,1,11391,False,0.034790992736816406,0.0002236490836367011
64,8,NUMPY_FLOAT64,6,3,2,383,False,0.09463772200979292,0.00029485695995390415
64,8,NUMPY_FLOAT64,7,3,2,20,True,0.09463772200979292,0.0002962610451504588
64,8,QISKIT_AER_STATEVECTOR,1,1,0,15997,False,0.003906250000000001,0.0023493770277127624
64,8,QISKIT_AER_STATEVECTOR,2,2,0,225,False,0.003906250000000001,0.0018591670086607337
64,8,QISKIT_AER_STATEVECTOR,3,2,0,470,False,0.003906250000000001,0.0022998719941824675
64,8,QISKIT_AER_STATEVECTOR,4,2,0,9737,False,0.003906250000000001,0.0022800499573349953
64,8,QISKIT_AER_STATEVECTOR,5,3,1,11391,False,0.03479099273681641,0.01837821409571916
64,8,QISKIT_AER_STATEVECTOR,6,3,2,383,False,0.09463772200979288,0.031160607002675533
64,8,QISKIT_AER_STATEVECTOR,7,3,2,20,True,0.09463772200979288,0.03557225491385907
64,9,NUMPY_FLOAT64,1,1,0,7532,False,0.00390625,0.00010285608004778624
64,9,NUMPY_FLOAT64,2,2,1,2903,False,0.034790992736816406,0.00023395195603370667
64,9,NUMPY_FLOAT64,3,2,0,14955,False,0.00390625,8.962396532297134e-05
64,9,NUMPY_FLOAT64,4,2,1,8501,False,0.034790992736816406,0.00020382809452712536
64,9,NUMPY_FLOAT64,5,3,0,14303,False,0.00390625,7.148005533963442e-05
64,9,NUMPY_FLOAT64,6,3,0,13911,False,0.00390625,9.015400428324938e-05
64,9,NUMPY_FLOAT64,7,3,2,16087,False,0.09463772200979292,0.0003039150033146143
64,9,NUMPY_FLOAT64,8,4,0,10268,False,0.00390625,8.663802873343229e-05
64,9,NUMPY_FLOAT64,9,5,1,1830,False,0.034790992736816406,0.00019221403636038303
64,9,NUMPY_FLOAT64,10,6,5,11629,False,0.40316599765415717,0.0005903359269723296
64,9,NUMPY_FLOAT64,11,7,5,30,True,0.40316599765415717,0.0005938629619777203
64,9,QISKIT_AER_STATEVECTOR,1,1,0,7532,False,0.003906250000000001,0.002441106946207583
64,9,QISKIT_AER_STATEVECTOR,2,2,1,2903,False,0.03479099273681641,0.020101314992643893
64,9,QISKIT_AER_STATEVECTOR,3,2,0,14955,False,0.003906250000000001,0.0021590100368484855
64,9,QISKIT_AER_STATEVECTOR,4,2,1,8501,False,0.03479099273681641,0.019919828977435827
64,9,QISKIT_AER_STATEVECTOR,5,3,0,14303,False,0.003906250000000001,0.0022897659800946712
64,9,QISKIT_AER_STATEVECTOR,6,3,0,13911,False,0.003906250000000001,0.0023334090365096927
64,9,QISKIT_AER_STATEVECTOR,7,3,2,16087,False,0.09463772200979288,0.036653293995186687
64,9,QISKIT_AER_STATEVECTOR,8,4,0,10268,False,0.003906250000000001,0.0022977559128776193
64,9,QISKIT_AER_STATEVECTOR,9,5,1,1830,False,0.03479099273681641,0.020016671041958034
64,9,QISKIT_AER_STATEVECTOR,10,6,5,11629,False,0.4031659976541565,0.08992712397594005
64,9,QISKIT_AER_STATEVECTOR,11,7,5,30,True,0.4031659976541565,0.08724132098723203
64,10,NUMPY_FLOAT64,1,1,0,5871,False,0.00390625,8.760602213442326e-05
64,10,NUMPY_FLOAT64,2,2,1,6647,False,0.034790992736816406,0.000249117030762136
64,10,NUMPY_FLOAT64,3,2,1,14962,False,0.034790992736816406,0.00020258792210370302
64,10,NUMPY_FLOAT64,4,2,1,6916,False,0.034790992736816406,0.0001958890352398157
64,10,NUMPY_FLOAT64,5,3,0,6747,False,0.00390625,8.56189290061593e-05
64,10,NUMPY_FLOAT64,6,3,2,6665,False,0.09463772200979292,0.00031189899891614914
64,10,NUMPY_FLOAT64,7,3,0,8541,False,0.00390625,8.449598681181669e-05
64,10,NUMPY_FLOAT64,8,4,2,3833,False,0.09463772200979292,0.00031177105847746134
64,10,NUMPY_FLOAT64,9,5,0,8730,False,0.00390625,8.31258948892355e-05
64,10,NUMPY_FLOAT64,10,6,3,14,True,0.17972062825725743,0.00039710395503789186
64,10,QISKIT_AER_STATEVECTOR,1,1,0,5871,False,0.003906250000000001,0.0023535810178145766
64,10,QISKIT_AER_STATEVECTOR,2,2,1,6647,False,0.03479099273681641,0.01994744304101914
64,10,QISKIT_AER_STATEVECTOR,3,2,1,14962,False,0.03479099273681641,0.01978684007190168
64,10,QISKIT_AER_STATEVECTOR,4,2,1,6916,False,0.03479099273681641,0.020185330999083817
64,10,QISKIT_AER_STATEVECTOR,5,3,0,6747,False,0.003906250000000001,0.0022693470818921924
64,10,QISKIT_AER_STATEVECTOR,6,3,2,6665,False,0.09463772200979288,0.03784094704315066
64,10,QISKIT_AER_STATEVECTOR,7,3,0,8541,False,0.003906250000000001,0.0023284429917111993
64,10,QISKIT_AER_STATEVECTOR,8,4,2,3833,False,0.09463772200979288,0.03767787106335163
64,10,QISKIT_AER_STATEVECTOR,9,5,0,8730,False,0.003906250000000001,0.0022820039885118604
64,10,QISKIT_AER_STATEVECTOR,10,6,3,14,True,0.17972062825725726,0.05224389606155455
64,11,NUMPY_FLOAT64,1,1,0,11002,False,0.00390625,6.324599962681532e-05
64,11,NUMPY_FLOAT64,2,2,0,3872,False,0.00390625,7.045106031000614e-05
64,11,NUMPY_FLOAT64,3,2,1,14168,False,0.034790992736816406,0.00013186794240027666
64,11,NUMPY_FLOAT64,4,2,0,2093,False,0.00390625,4.816101863980293e-05
64,11,NUMPY_FLOAT64,5,3,1,15427,False,0.034790992736816406,0.00010507495608180761
64,11,NUMPY_FLOAT64,6,3,2,7852,False,0.09463772200979292,0.00016239704564213753
64,11,NUMPY_FLOAT64,7,3,2,5546,False,0.09463772200979292,0.00019249599426984787
64,11,NUMPY_FLOAT64,8,4,2,16021,False,0.09463772200979292,0.00027119205333292484
64,11,NUMPY_FLOAT64,9,5,0,8408,False,0.00390625,7.413001731038094e-05
64,11,NUMPY_FLOAT64,10,6,3,530,False,0.17972062825725743,0.00022561894729733467
64,11,NUMPY_FLOAT64,11,7,6,11651,False,0.5276176773084243,0.0006099380552768707
64,11,NUMPY_FLOAT64,12,8,1,9560,False,0.034790992736816406,0.0001738410210236907
64,11,NUMPY_FLOAT64,13,9,4,12589,False,0.28474280203265145,0.00042194605339318514
64,11,NUMPY_FLOAT64,14,11,8,31,True,0.7637221440185905,0.0006649720016866922
64,11,QISKIT_AER_STATEVECTOR,1,1,0,11002,False,0.003906250000000001,0.0016493999864906073
64,11,QISKIT_AER_STATEVECTOR,2,2,0,3872,False,0.003906250000000001,0.0012895179679617286
64,11,QISKIT_AER_STATEVECTOR,3,2,1,14168,False,0.03479099273681641,0.012271998915821314
64,11,QISKIT_AER_STATEVECTOR,4,2,0,2093,False,0.003906250000000001,0.0011809170246124268
64,11,QISKIT_AER_STATEVECTOR,5,3,1,15427,False,0.03479099273681641,0.010273100924678147
64,11,QISKIT_AER_STATEVECTOR,6,3,2,7852,False,0.09463772200979288,0.019806064083240926
64,11,QISKIT_AER_STATEVECTOR,7,3,2,5546,False,0.09463772200979288,0.02002187806647271
64,11,QISKIT_AER_STATEVECTOR,8,4,2,16021,False,0.09463772200979288,0.019179153023287654
64,11,QISKIT_AER_STATEVECTOR,9,5,0,8408,False,0.003906250000000001,0.001180068007670343
64,11,QISKIT_AER_STATEVECTOR,10,6,3,530,False,0.17972062825725726,0.030874244053848088
64,11,QISKIT_AER_STATEVECTOR,11,7,6,11651,False,0.527617677308423,0.09387817408423871
64,11,QISKIT_AER_STATEVECTOR,12,8,1,9560,False,0.03479099273681641,0.020186446025036275
64,11,QISKIT_AER_STATEVECTOR,13,9,4,12589,False,0.284742802032651,0.056867861887440085
64,11,QISKIT_AER_STATEVECTOR,14,11,8,31,True,0.7637221440185877,0.10626628191675991
64,12,NUMPY_FLOAT64,1,1,0,4133,False,0.00390625,9.647198021411896e-05
64,12,NUMPY_FLOAT64,2,2,0,10028,False,0.00390625,8.480495307594538e-05
64,12,NUMPY_FLOAT64,3,2,0,3341,False,0.00390625,7.134105544537306e-05
64,12,NUMPY_FLOAT64,4,2,1,5425,False,0.034790992736816406,0.0002519580302760005
64,12,NUMPY_FLOAT64,5,3,1,2124,False,0.034790992736816406,0.00017414498142898083
64,12,NUMPY_FLOAT64,6,3,0,7000,False,0.00390625,7.947208359837532e-05
64,12,NUMPY_FLOAT64,7,3,1,7674,False,0.034790992736816406,0.00012090499512851238
64,12,NUMPY_FLOAT64,8,4,2,4792,False,0.09463772200979292,0.0002758509945124388
64,12,NUMPY_FLOAT64,9,5,3,10,True,0.17972062825725743,0.00032469595316797495
64,12,QISKIT_AER_STATEVECTOR,1,1,0,4133,False,0.003906250000000001,0.0017863679677248001
64,12,QISKIT_AER_STATEVECTOR,2,2,0,10028,False,0.003906250000000001,0.0012411749921739101
64,12,QISKIT_AER_STATEVECTOR,3,2,0,3341,False,0.003906250000000001,0.001207508030347526
64,12,QISKIT_AER_STATEVECTOR,4,2,1,5425,False,0.03479099273681641,0.010520063922740519
64,12,QISKIT_AER_STATEVECTOR,5,3,1,2124,False,0.03479099273681641,0.011037137010134757
64,12,QISKIT_AER_STATEVECTOR,6,3,0,7000,False,0.003906250000000001,0.0012160880723968148
64,12,QISKIT_AER_STATEVECTOR,7,3,1,7674,False,0.03479099273681641,0.010648049996234477
64,12,QISKIT_AER_STATEVECTOR,8,4,2,4792,False,0.09463772200979288,0.0200229249894619
64,12,QISKIT_AER_STATEVECTOR,9,5,3,10,True,0.17972062825725726,0.028566134977154434
64,13,NUMPY_FLOAT64,1,1,0,11900,False,0.00390625,6.075704004615545e-05
64,13,NUMPY_FLOAT64,2,2,1,6210,False,0.034790992736816406,0.0001351650571450591
64,13,NUMPY_FLOAT64,3,2,0,2381,False,0.00390625,4.4677057303488255e-05
64,13,NUMPY_FLOAT64,4,2,0,11053,False,0.00390625,4.3032923713326454e-05
64,13,NUMPY_FLOAT64,5,3,1,1827,False,0.034790992736816406,9.977095760405064e-05
64,13,NUMPY_FLOAT64,6,3,0,4466,False,0.00390625,4.213105421513319e-05
64,13,NUMPY_FLOAT64,7,3,0,11179,False,0.00390625,4.4681946747004986e-05
64,13,NUMPY_FLOAT64,8,4,2,12480,False,0.09463772200979292,0.00015035702381283045
64,13,NUMPY_FLOAT64,9,5,2,8498,False,0.09463772200979292,0.00014754594303667545
64,13,NUMPY_FLOAT64,10,6,2,5116,False,0.09463772200979292,0.0001530819572508335
64,13,NUMPY_FLOAT64,11,7,3,6794,False,0.17972062825725743,0.00019578798674046993
64,13,NUMPY_FLOAT64,12,8,1,14352,False,0.034790992736816406,9.248300921171904e-05
64,13,NUMPY_FLOAT64,13,9,8,43,True,0.7637221440185905,0.0004523250972852111
64,13,QISKIT_AER_STATEVECTOR,1,1,0,11900,False,0.003906250000000001,0.0012649031123146415
64,13,QISKIT_AER_STATEVECTOR,2,2,1,6210,False,0.03479099273681641,0.015160814975388348
64,13,QISKIT_AER_STATEVECTOR,3,2,0,2381,False,0.003906250000000001,0.002171281957998872
64,13,QISKIT_AER_STATEVECTOR,4,2,0,11053,False,0.003906250000000001,0.0021276179468259215
64,13,QISKIT_AER_STATEVECTOR,5,3,1,1827,False,0.03479099273681641,0.018818642012774944
64,13,QISKIT_AER_STATEVECTOR,6,3,0,4466,False,0.003906250000000001,0.0012275290209800005
64,13,QISKIT_AER_STATEVECTOR,7,3,0,11179,False,0.003906250000000001,0.0011996399844065309
64,13,QISKIT_AER_STATEVECTOR,8,4,2,12480,False,0.09463772200979288,0.01983661309350282
64,13,QISKIT_AER_STATEVECTOR,9,5,2,8498,False,0.09463772200979288,0.019460145034827292
64,13,QISKIT_AER_STATEVECTOR,10,6,2,5116,False,0.09463772200979288,0.019577975035645068
64,13,QISKIT_AER_STATEVECTOR,11,7,3,6794,False,0.17972062825725726,0.03370737296063453
64,13,QISKIT_AER_STATEVECTOR,12,8,1,14352,False,0.03479099273681641,0.011403025011532009
64,13,QISKIT_AER_STATEVECTOR,13,9,8,43,True,0.7637221440185877,0.0915864739799872
64,14,NUMPY_FLOAT64,1,1,0,14678,False,0.00390625,0.00010307796765118837
64,14,NUMPY_FLOAT64,2,2,1,13527,False,0.034790992736816406,0.0002578779822215438
64,14,NUMPY_FLOAT64,3,2,1,12543,False,0.034790992736816406,0.0002184300683438778
64,14,NUMPY_FLOAT64,4,2,0,8588,False,0.00390625,8.976098615676165e-05
64,14,NUMPY_FLOAT64,5,3,1,8304,False,0.034790992736816406,0.00015430001076310873
64,14,NUMPY_FLOAT64,6,3,1,2360,False,0.034790992736816406,0.00015799794346094131
64,14,NUMPY_FLOAT64,7,3,0,6409,False,0.00390625,5.021505057811737e-05
64,14,NUMPY_FLOAT64,8,4,0,6077,False,0.00390625,5.7274941354990005e-05
64,14,NUMPY_FLOAT64,9,5,4,10871,False,0.28474280203265145,0.00041872309520840645
64,14,NUMPY_FLOAT64,10,6,1,5823,False,0.034790992736816406,0.00011121598072350025
64,14,NUMPY_FLOAT64,11,7,5,4100,False,0.40316599765415717,0.0003927620127797127
64,14,NUMPY_FLOAT64,12,8,6,6421,False,0.5276176773084243,0.0004116769414395094
64,14,NUMPY_FLOAT64,13,9,2,11559,False,0.09463772200979292,0.0003180720377713442
64,14,NUMPY_FLOAT64,14,11,4,15857,False,0.28474280203265145,0.00026136799715459347
64,14,NUMPY_FLOAT64,15,13,6,41,True,0.5276176773084243,0.0005810300353914499
64,14,QISKIT_AER_STATEVECTOR,1,1,0,14678,False,0.003906250000000001,0.001941054011695087
64,14,QISKIT_AER_STATEVECTOR,2,2,1,13527,False,0.03479099273681641,0.01714414998423308
64,14,QISKIT_AER_STATEVECTOR,3,2,1,12543,False,0.03479099273681641,0.015659083030186594
64,14,QISKIT_AER_STATEVECTOR,4,2,0,8588,False,0.003906250000000001,0.0012272590538486838
64,14,QISKIT_AER_STATEVECTOR,5,3,1,8304,False,0.03479099273681641,0.011243241024203598
64,14,QISKIT_AER_STATEVECTOR,6,3,1,2360,False,0.03479099273681641,0.01595000096131116
64,14,QISKIT_AER_STATEVECTOR,7,3,0,6409,False,0.003906250000000001,0.0013101919321343303
64,14,QISKIT_AER_STATEVECTOR,8,4,0,6077,False,0.003906250000000001,0.0012456499971449375
64,14,QISKIT_AER_STATEVECTOR,9,5,4,10871,False,0.284742802032651,0.042397067067213356
64,14,QISKIT_AER_STATEVECTOR,10,6,1,5823,False,0.03479099273681641,0.015049502020701766
64,14,QISKIT_AER_STATEVECTOR,11,7,5,4100,False,0.4031659976541565,0.05447963299229741
64,14,QISKIT_AER_STATEVECTOR,12,8,6,6421,False,0.527617677308423,0.09494664496742189
64,14,QISKIT_AER_STATEVECTOR,13,9,2,11559,False,0.09463772200979288,0.03577502502594143
64,14,QISKIT_AER_STATEVECTOR,14,11,4,15857,False,0.284742802032651,0.05851266998797655
64,14,QISKIT_AER_STATEVECTOR,15,13,6,41,True,0.527617677308423,0.06947390804998577
64,15,NUMPY_FLOAT64,1,1,0,7509,False,0.00390625,6.365496665239334e-05
64,15,NUMPY_FLOAT64,2,2,0,8803,False,0.00390625,5.522696301341057e-05
64,15,NUMPY_FLOAT64,3,2,1,11929,False,0.034790992736816406,0.00013611000031232834
64,15,NUMPY_FLOAT64,4,2,1,4817,False,0.034790992736816406,0.0001033589942380786
64,15,NUMPY_FLOAT64,5,3,1,6439,False,0.034790992736816406,0.00020111806225031614
64,15,NUMPY_FLOAT64,6,3,1,12625,False,0.034790992736816406,9.917805436998606e-05
64,15,NUMPY_FLOAT64,7,3,1,14361,False,0.034790992736816406,0.00019502395298331976
64,15,NUMPY_FLOAT64,8,4,2,15656,False,0.09463772200979292,0.00015629490371793509
64,15,NUMPY_FLOAT64,9,5,1,10948,False,0.034790992736816406,0.0001964149996638298
64,15,NUMPY_FLOAT64,10,6,0,3854,False,0.00390625,8.771696593612432e-05
64,15,NUMPY_FLOAT64,11,7,3,13112,False,0.17972062825725743,0.00026754301507025957
64,15,NUMPY_FLOAT64,12,8,0,3306,False,0.00390625,5.817192140966654e-05
64,15,NUMPY_FLOAT64,13,9,7,62,True,0.650349994727914,0.0005296909948810935
64,15,QISKIT_AER_STATEVECTOR,1,1,0,7509,False,0.003906250000000001,0.0019593420438468456
64,15,QISKIT_AER_STATEVECTOR,2,2,0,8803,False,0.003906250000000001,0.0015011270297691226
64,15,QISKIT_AER_STATEVECTOR,3,2,1,11929,False,0.03479099273681641,0.01851881993934512
64,15,QISKIT_AER_STATEVECTOR,4,2,1,4817,False,0.03479099273681641,0.017783788964152336
64,15,QISKIT_AER_STATEVECTOR,5,3,1,6439,False,0.03479099273681641,0.0166296090465039
64,15,QISKIT_AER_STATEVECTOR,6,3,1,12625,False,0.03479099273681641,0.019167100079357624
64,15,QISKIT_AER_STATEVECTOR,7,3,1,14361,False,0.03479099273681641,0.013914555893279612
64,15,QISKIT_AER_STATEVECTOR,8,4,2,15656,False,0.09463772200979288,0.023696796037256718
64,15,QISKIT_AER_STATEVECTOR,9,5,1,10948,False,0.03479099273681641,0.016069048084318638
64,15,QISKIT_AER_STATEVECTOR,10,6,0,3854,False,0.003906250000000001,0.002241199021227658
64,15,QISKIT_AER_STATEVECTOR,11,7,3,13112,False,0.17972062825725726,0.04070445091929287
64,15,QISKIT_AER_STATEVECTOR,12,8,0,3306,False,0.003906250000000001,0.0022326200269162655
64,15,QISKIT_AER_STATEVECTOR,13,9,7,62,True,0.6503499947279118,0.06542802299372852
64,16,NUMPY_FLOAT64,1,1,0,11090,False,0.00390625,6.983708590269089e-05
64,16,NUMPY_FLOAT64,2,2,0,6601,False,0.00390625,5.8750039897859097e-05
64,16,NUMPY_FLOAT64,3,2,0,14776,False,0.00390625,9.116600267589092e-05
64,16,NUMPY_FLOAT64,4,2,1,12241,False,0.034790992736816406,0.00017502601258456707
64,16,NUMPY_FLOAT64,5,3,2,8322,False,0.09463772200979292,0.00016499205958098173
64,16,NUMPY_FLOAT64,6,3,1,12919,False,0.034790992736816406,0.00010936998296529055
64,16,NUMPY_FLOAT64,7,3,2,9326,False,0.09463772200979292,0.00015829596668481827
64,16,NUMPY_FLOAT64,8,4,0,5072,False,0.00390625,4.313595127314329e-05
64,16,NUMPY_FLOAT64,9,5,1,13,True,0.034790992736816406,9.806500747799873e-05
64,16,QISKIT_AER_STATEVECTOR,1,1,0,11090,False,0.003906250000000001,0.0013635179493576288
64,16,QISKIT_AER_STATEVECTOR,2,2,0,6601,False,0.003906250000000001,0.0011766839306801558
64,16,QISKIT_AER_STATEVECTOR,3,2,0,14776,False,0.003906250000000001,0.001161991967819631
64,16,QISKIT_AER_STATEVECTOR,4,2,1,12241,False,0.03479099273681641,0.0117887839442119
64,16,QISKIT_AER_STATEVECTOR,5,3,2,8322,False,0.09463772200979288,0.020715620019473135
64,16,QISKIT_AER_STATEVECTOR,6,3,1,12919,False,0.03479099273681641,0.019506282988004386
64,16,QISKIT_AER_STATEVECTOR,7,3,2,9326,False,0.09463772200979288,0.037613217951729894
64,16,QISKIT_AER_STATEVECTOR,8,4,0,5072,False,0.003906250000000001,0.0023326179943978786
64,16,QISKIT_AER_STATEVECTOR,9,5,1,13,True,0.03479099273681641,0.020252530928701162
64,17,NUMPY_FLOAT64,1,1,0,6320,False,0.00390625,8.036603685468435e-05
64,17,NUMPY_FLOAT64,2,2,1,10152,False,0.034790992736816406,0.00012982008047401905
64,17,NUMPY_FLOAT64,3,2,0,6470,False,0.00390625,4.391500260680914e-05
64,17,NUMPY_FLOAT64,4,2,0,10654,False,0.00390625,4.3149921111762524e-05
64,17,NUMPY_FLOAT64,5,3,0,11719,False,0.00390625,4.243198782205582e-05
64,17,NUMPY_FLOAT64,6,3,2,13970,False,0.09463772200979292,0.00015406892634928226
64,17,NUMPY_FLOAT64,7,3,2,3811,False,0.09463772200979292,0.0002031479962170124
64,17,NUMPY_FLOAT64,8,4,3,2348,False,0.17972062825725743,0.00019885704386979342
64,17,NUMPY_FLOAT64,9,5,3,28,True,0.17972062825725743,0.00020367198158055544
64,17,QISKIT_AER_STATEVECTOR,1,1,0,6320,False,0.003906250000000001,0.0012268919963389635
64,17,QISKIT_AER_STATEVECTOR,2,2,1,10152,False,0.03479099273681641,0.011649665073491633
64,17,QISKIT_AER_STATEVECTOR,3,2,0,6470,False,0.003906250000000001,0.0015321800019592047
64,17,QISKIT_AER_STATEVECTOR,4,2,0,10654,False,0.003906250000000001,0.0014530590269714594
64,17,QISKIT_AER_STATEVECTOR,5,3,0,11719,False,0.003906250000000001,0.00124262401368469
64,17,QISKIT_AER_STATEVECTOR,6,3,2,13970,False,0.09463772200979288,0.03228239307645708
64,17,QISKIT_AER_STATEVECTOR,7,3,2,3811,False,0.09463772200979288,0.02261497196741402
64,17,QISKIT_AER_STATEVECTOR,8,4,3,2348,False,0.17972062825725726,0.036070047062821686
64,17,QISKIT_AER_STATEVECTOR,9,5,3,28,True,0.17972062825725726,0.05274268600624055
64,18,NUMPY_FLOAT64,1,1,0,8202,False,0.00390625,0.00010178191587328911
64,18,NUMPY_FLOAT64,2,2,1,3906,False,0.034790992736816406,0.00025233603082597256
64,18,NUMPY_FLOAT64,3,2,1,13841,False,0.034790992736816406,0.0001298669958487153
64,18,NUMPY_FLOAT64,4,2,0,8101,False,0.00390625,4.806206561625004e-05
64,18,NUMPY_FLOAT64,5,3,0,14657,False,0.00390625,4.5928056351840496e-05
64,18,NUMPY_FLOAT64,6,3,2,1064,False,0.09463772200979292,0.00020554906222969294
64,18,NUMPY_FLOAT64,7,3,1,1646,False,0.034790992736816406,9.863602463155985e-05
64,18,NUMPY_FLOAT64,8,4,1,12680,False,0.034790992736816406,9.965302888303995e-05
64,18,NUMPY_FLOAT64,9,5,3,8037,False,0.17972062825725743,0.00020419200882315636
64,18,NUMPY_FLOAT64,10,6,3,15820,False,0.17972062825725743,0.00021727103739976883
64,18,NUMPY_FLOAT64,11,7,5,5334,False,0.40316599765415717,0.0005601799348369241
64,18,NUMPY_FLOAT64,12,8,5,5022,False,0.40316599765415717,0.0005167319905012846
64,18,NUMPY_FLOAT64,13,9,3,47,True,0.17972062825725743,0.00020664895419031382
64,18,QISKIT_AER_STATEVECTOR,1,1,0,8202,False,0.003906250000000001,0.0021747390273958445
64,18,QISKIT_AER_STATEVECTOR,2,2,1,3906,False,0.03479099273681641,0.01995334797538817
64,18,QISKIT_AER_STATEVECTOR,3,2,1,13841,False,0.03479099273681641,0.014004052965901792
64,18,QISKIT_AER_STATEVECTOR,4,2,0,8101,False,0.003906250000000001,0.0011849090224131942
64,18,QISKIT_AER_STATEVECTOR,5,3,0,14657,False,0.003906250000000001,0.0021305709378793836
64,18,QISKIT_AER_STATEVECTOR,6,3,2,1064,False,0.09463772200979288,0.022436368046328425
64,18,QISKIT_AER_STATEVECTOR,7,3,1,1646,False,0.03479099273681641,0.010971557931043208
64,18,QISKIT_AER_STATEVECTOR,8,4,1,12680,False,0.03479099273681641,0.01420580898411572
64,18,QISKIT_AER_STATEVECTOR,9,5,3,8037,False,0.17972062825725726,0.03443232597783208
64,18,QISKIT_AER_STATEVECTOR,10,6,3,15820,False,0.17972062825725726,0.053929512039758265
64,18,QISKIT_AER_STATEVECTOR,11,7,5,5334,False,0.4031659976541565,0.0892647790024057
64,18,QISKIT_AER_STATEVECTOR,12,8,5,5022,False,0.4031659976541565,0.07536824699491262
64,18,QISKIT_AER_STATEVECTOR,13,9,3,47,True,0.17972062825725726,0.04618910001590848
64,19,NUMPY_FLOAT64,1,1,0,13472,False,0.00390625,5.9267040342092514e-05
64,19,NUMPY_FLOAT64,2,2,0,3693,False,0.00390625,5.09719830006361e-05
64,19,NUMPY_FLOAT64,3,2,1,462,False,0.034790992736816406,0.00013301498256623745
64,19,NUMPY_FLOAT64,4,2,1,1166,False,0.034790992736816406,9.981298353523016e-05
64,19,NUMPY_FLOAT64,5,3,2,14515,False,0.09463772200979292,0.00016104301903396845
64,19,NUMPY_FLOAT64,6,3,1,13933,False,0.034790992736816406,9.647093247622252e-05
64,19,NUMPY_FLOAT64,7,3,0,1763,False,0.00390625,4.724995233118534e-05
64,19,NUMPY_FLOAT64,8,4,1,11844,False,0.034790992736816406,0.00019808602519333363
64,19,NUMPY_FLOAT64,9,5,0,9087,False,0.00390625,8.602393791079521e-05
64,19,NUMPY_FLOAT64,10,6,3,11,True,0.17972062825725743,0.00020315498113632202
64,19,QISKIT_AER_STATEVECTOR,1,1,0,13472,False,0.003906250000000001,0.0012694350443780422
64,19,QISKIT_AER_STATEVECTOR,2,2,0,3693,False,0.003906250000000001,0.0011934180511161685
64,19,QISKIT_AER_STATEVECTOR,3,2,1,462,False,0.03479099273681641,0.010614661034196615
64,19,QISKIT_AER_STATEVECTOR,4,2,1,1166,False,0.03479099273681641,0.01024681399576366
64,19,QISKIT_AER_STATEVECTOR,5,3,2,14515,False,0.09463772200979288,0.019322438980452716
64,19,QISKIT_AER_STATEVECTOR,6,3,1,13933,False,0.03479099273681641,0.010734609910286963
64,19,QISKIT_AER_STATEVECTOR,7,3,0,1763,False,0.003906250000000001,0.001267949934117496
64,19,QISKIT_AER_STATEVECTOR,8,4,1,11844,False,0.03479099273681641,0.01673250598832965
64,19,QISKIT_AER_STATEVECTOR,9,5,0,9087,False,0.003906250000000001,0.0023583670845255256
64,19,QISKIT_AER_STATEVECTOR,10,6,3,11,True,0.17972062825725726,0.038883706904016435
64,20,NUMPY_FLOAT64,1,1,0,8662,False,0.00390625,5.880510434508324e-05
64,20,NUMPY_FLOAT64,2,2,0,4798,False,0.00390625,5.11660473421216e-05
64,20,NUMPY_FLOAT64,3,2,0,1412,False,0.00390625,4.327797796577215e-05
64,20,NUMPY_FLOAT64,4,2,0,8513,False,0.00390625,4.351302050054073e-05
64,20,NUMPY_FLOAT64,5,3,0,5907,False,0.00390625,4.115200135856867e-05
64,20,NUMPY_FLOAT64,6,3,2,9780,False,0.09463772200979292,0.00019256898667663336
64,20,NUMPY_FLOAT64,7,3,1,9811,False,0.034790992736816406,9.733694605529308e-05
64,20,NUMPY_FLOAT64,8,4,3,40,True,0.17972062825725743,0.0001996000064536929
64,20,QISKIT_AER_STATEVECTOR,1,1,0,8662,False,0.003906250000000001,0.0015295640332624316
64,20,QISKIT_AER_STATEVECTOR,2,2,0,4798,False,0.003906250000000001,0.0011872779577970505
64,20,QISKIT_AER_STATEVECTOR,3,2,0,1412,False,0.003906250000000001,0.0012130399700254202
64,20,QISKIT_AER_STATEVECTOR,4,2,0,8513,False,0.003906250000000001,0.0012084400514140725
64,20,QISKIT_AER_STATEVECTOR,5,3,0,5907,False,0.003906250000000001,0.001180376042611897
64,20,QISKIT_AER_STATEVECTOR,6,3,2,9780,False,0.09463772200979288,0.033754470059648156
64,20,QISKIT_AER_STATEVECTOR,7,3,1,9811,False,0.03479099273681641,0.013764125062152743
64,20,QISKIT_AER_STATEVECTOR,8,4,3,40,True,0.17972062825725726,0.031739542027935386
64,21,NUMPY_FLOAT64,1,1,0,3644,False,0.00390625,0.00010076700709760189
64,21,NUMPY_FLOAT64,2,2,1,6770,False,0.034790992736816406,0.00021411699708551168
64,21,NUMPY_FLOAT64,3,2,0,16204,False,0.00390625,7.578497752547264e-05
64,21,NUMPY_FLOAT64,4,2,1,3289,False,0.034790992736816406,0.00017339899204671383
64,21,NUMPY_FLOAT64,5,3,2,13232,False,0.09463772200979292,0.0002987600164487958
64,21,NUMPY_FLOAT64,6,3,0,9606,False,0.00390625,8.198409341275692e-05
64,21,NUMPY_FLOAT64,7,3,1,13099,False,0.034790992736816406,0.00016971002332866192
64,21,NUMPY_FLOAT64,8,4,1,1766,False,0.034790992736816406,0.00016288505867123604
64,21,NUMPY_FLOAT64,9,5,2,2595,False,0.09463772200979292,0.0002767610130831599
64,21,NUMPY_FLOAT64,10,6,1,15466,False,0.034790992736816406,0.000150540960021317
64,21,NUMPY_FLOAT64,11,7,6,8755,False,0.5276176773084243,0.0006459619617089629
64,21,NUMPY_FLOAT64,12,8,2,6463,False,0.09463772200979292,0.0002884819405153394
64,21,NUMPY_FLOAT64,13,9,4,13093,False,0.28474280203265145,0.00046466104686260223
64,21,NUMPY_FLOAT64,14,11,8,11315,False,0.7637221440185905,0.0008063969435170293
64,21,NUMPY_FLOAT64,15,13,4,2232,False,0.28474280203265145,0.0004338810686022043
64,21,NUMPY_FLOAT64,16,16,12,15,True,0.9999470421032737,0.0011394249740988016
64,21,QISKIT_AER_STATEVECTOR,1,1,0,3644,False,0.003906250000000001,0.0021206799428910017
64,21,QISKIT_AER_STATEVECTOR,2,2,1,6770,False,0.03479099273681641,0.016852808999828994
64,21,QISKIT_AER_STATEVECTOR,3,2,0,16204,False,0.003906250000000001,0.00225464696995914
64,21,QISKIT_AER_STATEVECTOR,4,2,1,3289,False,0.03479099273681641,0.01863365899771452
64,21,QISKIT_AER_STATEVECTOR,5,3,2,13232,False,0.09463772200979288,0.031237478950060904
64,21,QISKIT_AER_STATEVECTOR,6,3,0,9606,False,0.003906250000000001,0.0022749050986021757
64,21,QISKIT_AER_STATEVECTOR,7,3,1,13099,False,0.03479099273681641,0.019673064001835883
64,21,QISKIT_AER_STATEVECTOR,8,4,1,1766,False,0.03479099273681641,0.016940720030106604
64,21,QISKIT_AER_STATEVECTOR,9,5,2,2595,False,0.09463772200979288,0.03403254400473088
64,21,QISKIT_AER_STATEVECTOR,10,6,1,15466,False,0.03479099273681641,0.019572761026211083
64,21,QISKIT_AER_STATEVECTOR,11,7,6,8755,False,0.527617677308423,0.10403632093220949
64,21,QISKIT_AER_STATEVECTOR,12,8,2,6463,False,0.09463772200979288,0.03765801398549229
64,21,QISKIT_AER_STATEVECTOR,13,9,4,13093,False,0.284742802032651,0.07055974600370973
64,21,QISKIT_AER_STATEVECTOR,14,11,8,11315,False,0.7637221440185877,0.13675560906995088
64,21,QISKIT_AER_STATEVECTOR,15,13,4,2232,False,0.284742802032651,0.07284061901737005
64,21,QISKIT_AER_STATEVECTOR,16,16,12,15,True,0.9999470421032675,0.15328027203213423
64,22,NUMPY_FLOAT64,1,1,0,15378,False,0.00390625,6.085901986807585e-05
64,22,NUMPY_FLOAT64,2,2,1,7838,False,0.034790992736816406,0.00015638803597539663
64,22,NUMPY_FLOAT64,3,2,1,8428,False,0.034790992736816406,0.00010114302858710289
64,22,NUMPY_FLOAT64,4,2,1,7583,False,0.034790992736816406,9.957794100046158e-05
64,22,NUMPY_FLOAT64,5,3,2,8858,False,0.09463772200979292,0.00017749995458871126
64,22,NUMPY_FLOAT64,6,3,0,6740,False,0.00390625,4.972703754901886e-05
64,22,NUMPY_FLOAT64,7,3,0,9433,False,0.00390625,5.250610411167145e-05
64,22,NUMPY_FLOAT64,8,4,1,1534,False,0.034790992736816406,0.00012519897427409887
64,22,NUMPY_FLOAT64,9,5,1,5378,False,0.034790992736816406,9.544496424496174e-05
64,22,NUMPY_FLOAT64,10,6,5,62,True,0.40316599765415717,0.0003101470647379756
64,22,QISKIT_AER_STATEVECTOR,1,1,0,15378,False,0.003906250000000001,0.0013498739572241902
64,22,QISKIT_AER_STATEVECTOR,2,2,1,7838,False,0.03479099273681641,0.013245973968878388
64,22,QISKIT_AER_STATEVECTOR,3,2,1,8428,False,0.03479099273681641,0.015202191076241434
64,22,QISKIT_AER_STATEVECTOR,4,2,1,7583,False,0.03479099273681641,0.019678064971230924
64,22,QISKIT_AER_STATEVECTOR,5,3,2,8858,False,0.09463772200979288,0.036750680999830365
64,22,QISKIT_AER_STATEVECTOR,6,3,0,6740,False,0.003906250000000001,0.0021263710223138332
64,22,QISKIT_AER_STATEVECTOR,7,3,0,9433,False,0.003906250000000001,0.0023138979449868202
64,22,QISKIT_AER_STATEVECTOR,8,4,1,1534,False,0.03479099273681641,0.020164749934338033
64,22,QISKIT_AER_STATEVECTOR,9,5,1,5378,False,0.03479099273681641,0.017795554944314063
64,22,QISKIT_AER_STATEVECTOR,10,6,5,62,True,0.4031659976541565,0.06565593392588198
64,23,NUMPY_FLOAT64,1,1,0,103,False,0.00390625,0.00011159293353557587
64,23,NUMPY_FLOAT64,2,2,0,15643,False,0.00390625,0.00010530208237469196
64,23,NUMPY_FLOAT64,3,2,1,10214,False,0.034790992736816406,0.00024453294463455677
64,23,NUMPY_FLOAT64,4,2,0,12873,False,0.00390625,0.00010025501251220703
64,23,NUMPY_FLOAT64,5,3,0,15446,False,0.00390625,9.341794066131115e-05
64,23,NUMPY_FLOAT64,6,3,2,2247,False,0.09463772200979292,0.000322981970384717
64,23,NUMPY_FLOAT64,7,3,0,7670,False,0.00390625,8.327793329954147e-05
64,23,NUMPY_FLOAT64,8,4,3,12030,False,0.17972062825725743,0.0004229840124025941
64,23,NUMPY_FLOAT64,9,5,3,0,True,0.17972062825725743,0.00040792394429445267
64,23,QISKIT_AER_STATEVECTOR,1,1,0,103,False,0.003906250000000001,0.0022213259944692254
64,23,QISKIT_AER_STATEVECTOR,2,2,0,15643,False,0.003906250000000001,0.002249623998068273
64,23,QISKIT_AER_STATEVECTOR,3,2,1,10214,False,0.03479099273681641,0.019603497930802405
64,23,QISKIT_AER_STATEVECTOR,4,2,0,12873,False,0.003906250000000001,0.002294535981491208
64,23,QISKIT_AER_STATEVECTOR,5,3,0,15446,False,0.003906250000000001,0.0022310259519144893
64,23,QISKIT_AER_STATEVECTOR,6,3,2,2247,False,0.09463772200979288,0.030197805957868695
64,23,QISKIT_AER_STATEVECTOR,7,3,0,7670,False,0.003906250000000001,0.0014051829930394888
64,23,QISKIT_AER_STATEVECTOR,8,4,3,12030,False,0.17972062825725726,0.05478544195648283
64,23,QISKIT_AER_STATEVECTOR,9,5,3,0,True,0.17972062825725726,0.05325491004623473
64,24,NUMPY_FLOAT64,1,1,0,300,False,0.00390625,0.0001105540432035923
64,24,NUMPY_FLOAT64,2,2,0,6888,False,0.00390625,9.826302994042635e-05
64,24,NUMPY_FLOAT64,3,2,0,355,False,0.00390625,8.563301526010036e-05
64,24,NUMPY_FLOAT64,4,2,1,8248,False,0.034790992736816406,0.00024665589444339275
64,24,NUMPY_FLOAT64,5,3,1,10891,False,0.034790992736816406,0.00023105298168957233
64,24,NUMPY_FLOAT64,6,3,2,4277,False,0.09463772200979292,0.0002391650341451168
64,24,NUMPY_FLOAT64,7,3,1,6876,False,0.034790992736816406,0.00021033792290836573
64,24,NUMPY_FLOAT64,8,4,3,14276,False,0.17972062825725743,0.00035624299198389053
64,24,NUMPY_FLOAT64,9,5,0,1227,False,0.00390625,7.472094148397446e-05
64,24,NUMPY_FLOAT64,10,6,3,15415,False,0.17972062825725743,0.00032716395799070597
64,24,NUMPY_FLOAT64,11,7,4,9999,False,0.28474280203265145,0.0004907819675281644
64,24,NUMPY_FLOAT64,12,8,6,54,True,0.5276176773084243,0.0005117559339851141
64,24,QISKIT_AER_STATEVECTOR,1,1,0,300,False,0.003906250000000001,0.0020390689605847
64,24,QISKIT_AER_STATEVECTOR,2,2,0,6888,False,0.003906250000000001,0.0018299740040674806
64,24,QISKIT_AER_STATEVECTOR,3,2,0,355,False,0.003906250000000001,0.0022954531013965607
64,24,QISKIT_AER_STATEVECTOR,4,2,1,8248,False,0.03479099273681641,0.020024129888042808
64,24,QISKIT_AER_STATEVECTOR,5,3,1,10891,False,0.03479099273681641,0.01926380000077188
64,24,QISKIT_AER_STATEVECTOR,6,3,2,4277,False,0.09463772200979288,0.01977355999406427
64,24,QISKIT_AER_STATEVECTOR,7,3,1,6876,False,0.03479099273681641,0.010543268988840282
64,24,QISKIT_AER_STATEVECTOR,8,4,3,14276,False,0.17972062825725726,0.030227252980694175
64,24,QISKIT_AER_STATEVECTOR,9,5,0,1227,False,0.003906250000000001,0.0012607129756361246
64,24,QISKIT_AER_STATEVECTOR,10,6,3,15415,False,0.17972062825725726,0.04372804902959615
64,24,QISKIT_AER_STATEVECTOR,11,7,4,9999,False,0.284742802032651,0.050847815931774676
64,24,QISKIT_AER_STATEVECTOR,12,8,6,54,True,0.527617677308423,0.07802213402464986
64,25,NUMPY_FLOAT64,1,1,0,6519,False,0.00390625,6.560399197041988e-05
64,25,NUMPY_FLOAT64,2,2,1,6512,False,0.034790992736816406,0.00015792495105415583
64,25,NUMPY_FLOAT64,3,2,0,4162,False,0.00390625,9.83190257102251e-05
64,25,NUMPY_FLOAT64,4,2,0,14471,False,0.00390625,6.675405893474817e-05
64,25,NUMPY_FLOAT64,5,3,1,10814,False,0.034790992736816406,0.0001563049154356122
64,25,NUMPY_FLOAT64,6,3,1,13426,False,0.034790992736816406,0.00010396097786724567
64,25,NUMPY_FLOAT64,7,3,1,9530,False,0.034790992736816406,0.00013380299787968397
64,25,NUMPY_FLOAT64,8,4,0,15989,False,0.00390625,6.894301623106003e-05
64,25,NUMPY_FLOAT64,9,5,4,15275,False,0.28474280203265145,0.0005193150136619806
64,25,NUMPY_FLOAT64,10,6,5,47,True,0.40316599765415717,0.00042465596925467253
64,25,QISKIT_AER_STATEVECTOR,1,1,0,6519,False,0.003906250000000001,0.0021526130149140954
64,25,QISKIT_AER_STATEVECTOR,2,2,1,6512,False,0.03479099273681641,0.017632849980145693
64,25,QISKIT_AER_STATEVECTOR,3,2,0,4162,False,0.003906250000000001,0.0019948959816247225
64,25,QISKIT_AER_STATEVECTOR,4,2,0,14471,False,0.003906250000000001,0.002323256921954453
64,25,QISKIT_AER_STATEVECTOR,5,3,1,10814,False,0.03479099273681641,0.015081414021551609
64,25,QISKIT_AER_STATEVECTOR,6,3,1,13426,False,0.03479099273681641,0.011334339971654117
64,25,QISKIT_AER_STATEVECTOR,7,3,1,9530,False,0.03479099273681641,0.012972429976798594
64,25,QISKIT_AER_STATEVECTOR,8,4,0,15989,False,0.003906250000000001,0.0017104930011555552
64,25,QISKIT_AER_STATEVECTOR,9,5,4,15275,False,0.284742802032651,0.06619335699360818
64,25,QISKIT_AER_STATEVECTOR,10,6,5,47,True,0.4031659976541565,0.06507424800656736
64,26,NUMPY_FLOAT64,1,1,0,9401,False,0.00390625,6.0113961808383465e-05
64,26,NUMPY_FLOAT64,2,2,1,10614,False,0.034790992736816406,0.00015769200399518013
64,26,NUMPY_FLOAT64,3,2,1,5093,False,0.034790992736816406,0.00010131008457392454
64,26,NUMPY_FLOAT64,4,2,0,7922,False,0.00390625,4.3548992834985256e-05
64,26,NUMPY_FLOAT64,5,3,1,9619,False,0.034790992736816406,0.00012407696340233088
64,26,NUMPY_FLOAT64,6,3,1,10237,False,0.034790992736816406,9.65209910646081e-05
64,26,NUMPY_FLOAT64,7,3,0,1314,False,0.00390625,4.274107050150633e-05
64,26,NUMPY_FLOAT64,8,4,0,15728,False,0.00390625,5.188700743019581e-05
64,26,NUMPY_FLOAT64,9,5,3,6995,False,0.17972062825725743,0.0002202540636062622
64,26,NUMPY_FLOAT64,10,6,4,4593,False,0.28474280203265145,0.000369289075024426
64,26,NUMPY_FLOAT64,11,7,2,3798,False,0.09463772200979292,0.00014605408068746328
64,26,NUMPY_FLOAT64,12,8,2,8614,False,0.09463772200979292,0.00015466695185750723
64,26,NUMPY_FLOAT64,13,9,0,12531,False,0.00390625,4.329998046159744e-05
64,26,NUMPY_FLOAT64,14,11,7,2001,False,0.650349994727914,0.0004061750369146466
64,26,NUMPY_FLOAT64,15,13,5,10064,False,0.40316599765415717,0.00030002405401319265
64,26,NUMPY_FLOAT64,16,16,2,8719,False,0.09463772200979292,0.00014398701023310423
64,26,NUMPY_FLOAT64,17,19,14,62,True,0.942157495910118,0.000741099938750267
64,26,QISKIT_AER_STATEVECTOR,1,1,0,9401,False,0.003906250000000001,0.0013165780110284686
64,26,QISKIT_AER_STATEVECTOR,2,2,1,10614,False,0.03479099273681641,0.01654845697339624
64,26,QISKIT_AER_STATEVECTOR,3,2,1,5093,False,0.03479099273681641,0.018937016022391617
64,26,QISKIT_AER_STATEVECTOR,4,2,0,7922,False,0.003906250000000001,0.002315499004907906
64,26,QISKIT_AER_STATEVECTOR,5,3,1,9619,False,0.03479099273681641,0.018219360965304077
64,26,QISKIT_AER_STATEVECTOR,6,3,1,10237,False,0.03479099273681641,0.01533525693230331
64,26,QISKIT_AER_STATEVECTOR,7,3,0,1314,False,0.003906250000000001,0.001995624043047428
64,26,QISKIT_AER_STATEVECTOR,8,4,0,15728,False,0.003906250000000001,0.0019677100935950875
64,26,QISKIT_AER_STATEVECTOR,9,5,3,6995,False,0.17972062825725726,0.049410057021304965
64,26,QISKIT_AER_STATEVECTOR,10,6,4,4593,False,0.284742802032651,0.039381001028232276
64,26,QISKIT_AER_STATEVECTOR,11,7,2,3798,False,0.09463772200979288,0.031146868015639484
64,26,QISKIT_AER_STATEVECTOR,12,8,2,8614,False,0.09463772200979288,0.023059151018969715
64,26,QISKIT_AER_STATEVECTOR,13,9,0,12531,False,0.003906250000000001,0.0012372389901429415
64,26,QISKIT_AER_STATEVECTOR,14,11,7,2001,False,0.6503499947279118,0.0738202789798379
64,26,QISKIT_AER_STATEVECTOR,15,13,5,10064,False,0.4031659976541565,0.05591698898933828
64,26,QISKIT_AER_STATEVECTOR,16,16,2,8719,False,0.09463772200979288,0.021902488078922033
64,26,QISKIT_AER_STATEVECTOR,17,19,14,62,True,0.9421574959101099,0.16140016599092633
64,27,NUMPY_FLOAT64,1,1,0,15999,False,0.00390625,0.00011961802374571562
64,27,NUMPY_FLOAT64,2,2,0,10014,False,0.00390625,9.833998046815395e-05
64,27,NUMPY_FLOAT64,3,2,1,11081,False,0.034790992736816406,0.0002287690294906497
64,27,NUMPY_FLOAT64,4,2,1,15392,False,0.034790992736816406,0.00020155194215476513
64,27,NUMPY_FLOAT64,5,3,0,14469,False,0.00390625,7.052603177726269e-05
64,27,NUMPY_FLOAT64,6,3,2,16042,False,0.09463772200979292,0.0003043839242309332
64,27,NUMPY_FLOAT64,7,3,1,6464,False,0.034790992736816406,0.0001839910401031375
64,27,NUMPY_FLOAT64,8,4,1,7449,False,0.034790992736816406,0.00019105104729533195
64,27,NUMPY_FLOAT64,9,5,4,12098,False,0.28474280203265145,0.0005093789659440517
64,27,NUMPY_FLOAT64,10,6,5,2698,False,0.40316599765415717,0.0005561769939959049
64,27,NUMPY_FLOAT64,11,7,6,10063,False,0.5276176773084243,0.0006992659764364362
64,27,NUMPY_FLOAT64,12,8,2,6707,False,0.09463772200979292,0.0002933600917458534
64,27,NUMPY_FLOAT64,13,9,0,15906,False,0.00390625,9.524403139948845e-05
64,27,NUMPY_FLOAT64,14,11,0,12263,False,0.00390625,8.053600322455168e-05
64,27,NUMPY_FLOAT64,15,13,0,8379,False,0.00390625,6.09569251537323e-05
64,27,NUMPY_FLOAT64,16,16,14,14,True,0.942157495910118,0.001441332045942545
64,27,QISKIT_AER_STATEVECTOR,1,1,0,15999,False,0.003906250000000001,0.002396421041339636
64,27,QISKIT_AER_STATEVECTOR,2,2,0,10014,False,0.003906250000000001,0.0022044649813324213
64,27,QISKIT_AER_STATEVECTOR,3,2,1,11081,False,0.03479099273681641,0.018713472061790526
64,27,QISKIT_AER_STATEVECTOR,4,2,1,15392,False,0.03479099273681641,0.013623742037452757
64,27,QISKIT_AER_STATEVECTOR,5,3,0,14469,False,0.003906250000000001,0.001284293015487492
64,27,QISKIT_AER_STATEVECTOR,6,3,2,16042,False,0.09463772200979288,0.0351687369402498
64,27,QISKIT_AER_STATEVECTOR,7,3,1,6464,False,0.03479099273681641,0.01984399708453566
64,27,QISKIT_AER_STATEVECTOR,8,4,1,7449,False,0.03479099273681641,0.01988456293474883
64,27,QISKIT_AER_STATEVECTOR,9,5,4,12098,False,0.284742802032651,0.06463638704735786
64,27,QISKIT_AER_STATEVECTOR,10,6,5,2698,False,0.4031659976541565,0.0833208009134978
64,27,QISKIT_AER_STATEVECTOR,11,7,6,10063,False,0.527617677308423,0.07002840202767402
64,27,QISKIT_AER_STATEVECTOR,12,8,2,6707,False,0.09463772200979288,0.028377983020618558
64,27,QISKIT_AER_STATEVECTOR,13,9,0,15906,False,0.003906250000000001,0.0022806309862062335
64,27,QISKIT_AER_STATEVECTOR,14,11,0,12263,False,0.003906250000000001,0.0021750270389020443
64,27,QISKIT_AER_STATEVECTOR,15,13,0,8379,False,0.003906250000000001,0.002248138072900474
64,27,QISKIT_AER_STATEVECTOR,16,16,14,14,True,0.9421574959101099,0.18355280603282154
64,28,NUMPY_FLOAT64,1,1,0,12935,False,0.00390625,6.673694588243961e-05
64,28,NUMPY_FLOAT64,2,2,0,15657,False,0.00390625,6.327801384031773e-05
64,28,NUMPY_FLOAT64,3,2,0,12822,False,0.00390625,4.596204962581396e-05
64,28,NUMPY_FLOAT64,4,2,0,2388,False,0.00390625,4.521396476775408e-05
64,28,NUMPY_FLOAT64,5,3,1,13839,False,0.034790992736816406,0.00012825906742364168
64,28,NUMPY_FLOAT64,6,3,0,5320,False,0.00390625,4.533096216619015e-05
64,28,NUMPY_FLOAT64,7,3,2,9809,False,0.09463772200979292,0.00016076001338660717
64,28,NUMPY_FLOAT64,8,4,1,7933,False,0.034790992736816406,0.0001005630474537611
64,28,NUMPY_FLOAT64,9,5,3,14846,False,0.17972062825725743,0.00020723592024296522
64,28,NUMPY_FLOAT64,10,6,1,14104,False,0.034790992736816406,9.921693708747625e-05
64,28,NUMPY_FLOAT64,11,7,3,8874,False,0.17972062825725743,0.0002218999434262514
64,28,NUMPY_FLOAT64,12,8,7,53,True,0.650349994727914,0.00041150697506964207
64,28,QISKIT_AER_STATEVECTOR,1,1,0,12935,False,0.003906250000000001,0.0013526189140975475
64,28,QISKIT_AER_STATEVECTOR,2,2,0,15657,False,0.003906250000000001,0.0012187761021777987
64,28,QISKIT_AER_STATEVECTOR,3,2,0,12822,False,0.003906250000000001,0.0011997849214822054
64,28,QISKIT_AER_STATEVECTOR,4,2,0,2388,False,0.003906250000000001,0.0011746649397537112
64,28,QISKIT_AER_STATEVECTOR,5,3,1,13839,False,0.03479099273681641,0.010404338012449443
64,28,QISKIT_AER_STATEVECTOR,6,3,0,5320,False,0.003906250000000001,0.0012286000419408083
64,28,QISKIT_AER_STATEVECTOR,7,3,2,9809,False,0.09463772200979288,0.02032392204273492
64,28,QISKIT_AER_STATEVECTOR,8,4,1,7933,False,0.03479099273681641,0.01212813495658338
64,28,QISKIT_AER_STATEVECTOR,9,5,3,14846,False,0.17972062825725726,0.03293736698105931
64,28,QISKIT_AER_STATEVECTOR,10,6,1,14104,False,0.03479099273681641,0.014469022979028523
64,28,QISKIT_AER_STATEVECTOR,11,7,3,8874,False,0.17972062825725726,0.033183449995703995
64,28,QISKIT_AER_STATEVECTOR,12,8,7,53,True,0.6503499947279118,0.06554312503430992
64,29,NUMPY_FLOAT64,1,1,0,15036,False,0.00390625,6.0824910178780556e-05
64,29,NUMPY_FLOAT64,2,2,1,674,False,0.034790992736816406,0.00013968604616820812
64,29,NUMPY_FLOAT64,3,2,0,8785,False,0.00390625,4.352501127868891e-05
64,29,NUMPY_FLOAT64,4,2,1,3981,False,0.034790992736816406,0.00010640604887157679
64,29,NUMPY_FLOAT64,5,3,2,9067,False,0.09463772200979292,0.00015194097068160772
64,29,NUMPY_FLOAT64,6,3,2,3797,False,0.09463772200979292,0.0001474800519645214
64,29,NUMPY_FLOAT64,7,3,1,1128,False,0.034790992736816406,9.574100840836763e-05
64,29,NUMPY_FLOAT64,8,4,0,6993,False,0.00390625,4.1446066461503506e-05
64,29,NUMPY_FLOAT64,9,5,0,985,False,0.00390625,8.222891483455896e-05
64,29,NUMPY_FLOAT64,10,6,3,12352,False,0.17972062825725743,0.00019708997569978237
64,29,NUMPY_FLOAT64,11,7,2,55,True,0.09463772200979292,0.00014560308773070574
64,29,QISKIT_AER_STATEVECTOR,1,1,0,15036,False,0.003906250000000001,0.0013233229983597994
64,29,QISKIT_AER_STATEVECTOR,2,2,1,674,False,0.03479099273681641,0.012373156961984932
64,29,QISKIT_AER_STATEVECTOR,3,2,0,8785,False,0.003906250000000001,0.0012838689144700766
64,29,QISKIT_AER_STATEVECTOR,4,2,1,3981,False,0.03479099273681641,0.01787961390800774
64,29,QISKIT_AER_STATEVECTOR,5,3,2,9067,False,0.09463772200979288,0.03776588605251163
64,29,QISKIT_AER_STATEVECTOR,6,3,2,3797,False,0.09463772200979288,0.03736215003300458
64,29,QISKIT_AER_STATEVECTOR,7,3,1,1128,False,0.03479099273681641,0.02019010006915778
64,29,QISKIT_AER_STATEVECTOR,8,4,0,6993,False,0.003906250000000001,0.0023660160368308425
64,29,QISKIT_AER_STATEVECTOR,9,5,0,985,False,0.003906250000000001,0.0023441730299964547
64,29,QISKIT_AER_STATEVECTOR,10,6,3,12352,False,0.17972062825725726,0.05404297891072929
64,29,QISKIT_AER_STATEVECTOR,11,7,2,55,True,0.09463772200979288,0.03688065195456147
64,30,NUMPY_FLOAT64,1,1,0,13912,False,0.00390625,0.00011251494288444519
64,30,NUMPY_FLOAT64,2,2,1,15035,False,0.034790992736816406,0.00023637805134058
64,30,NUMPY_FLOAT64,3,2,1,1699,False,0.034790992736816406,0.00020152796059846878
64,30,NUMPY_FLOAT64,4,2,1,6226,False,0.034790992736816406,0.00019847799558192492
64,30,NUMPY_FLOAT64,5,3,2,4787,False,0.09463772200979292,0.0003102339105680585
64,30,NUMPY_FLOAT64,6,3,1,957,False,0.034790992736816406,0.0001909829443320632
64,30,NUMPY_FLOAT64,7,3,2,6263,False,0.09463772200979292,0.00029504706617444754
64,30,NUMPY_FLOAT64,8,4,1,7279,False,0.034790992736816406,0.00019888603128492832
64,30,NUMPY_FLOAT64,9,5,1,9124,False,0.034790992736816406,0.00019568298012018204
64,30,NUMPY_FLOAT64,10,6,2,1129,False,0.09463772200979292,0.00029467896092683077
64,30,NUMPY_FLOAT64,11,7,6,44,True,0.5276176773084243,0.0006877010455355048
64,30,QISKIT_AER_STATEVECTOR,1,1,0,13912,False,0.003906250000000001,0.0022114430321380496
64,30,QISKIT_AER_STATEVECTOR,2,2,1,15035,False,0.03479099273681641,0.014138819999061525
64,30,QISKIT_AER_STATEVECTOR,3,2,1,1699,False,0.03479099273681641,0.011166144046001136
64,30,QISKIT_AER_STATEVECTOR,4,2,1,6226,False,0.03479099273681641,0.011825189925730228
64,30,QISKIT_AER_STATEVECTOR,5,3,2,4787,False,0.09463772200979288,0.025316477986052632
64,30,QISKIT_AER_STATEVECTOR,6,3,1,957,False,0.03479099273681641,0.01992091501597315
64,30,QISKIT_AER_STATEVECTOR,7,3,2,6263,False,0.09463772200979288,0.037777166930027306
64,30,QISKIT_AER_STATEVECTOR,8,4,1,7279,False,0.03479099273681641,0.01842631702311337
64,30,QISKIT_AER_STATEVECTOR,9,5,1,9124,False,0.03479099273681641,0.019462883938103914
64,30,QISKIT_AER_STATEVECTOR,10,6,2,1129,False,0.09463772200979288,0.021635227953083813
64,30,QISKIT_AER_STATEVECTOR,11,7,6,44,True,0.527617677308423,0.09519035392440856
64,31,NUMPY_FLOAT64,1,1,0,15380,False,0.00390625,0.00011489307507872581
64,31,NUMPY_FLOAT64,2,2,0,9806,False,0.00390625,0.00010365096386522055
64,31,NUMPY_FLOAT64,3,2,1,3107,False,0.034790992736816406,0.00024249707348644733
64,31,NUMPY_FLOAT64,4,2,0,2506,False,0.00390625,9.304098784923553e-05
64,31,NUMPY_FLOAT64,5,3,1,13815,False,0.034790992736816406,0.00020653195679187775
64,31,NUMPY_FLOAT64,6,3,0,10855,False,0.00390625,9.27529763430357e-05
64,31,NUMPY_FLOAT64,7,3,1,7306,False,0.034790992736816406,0.00021295202895998955
64,31,NUMPY_FLOAT64,8,4,3,12092,False,0.17972062825725743,0.0004180649993941188
64,31,NUMPY_FLOAT64,9,5,3,11099,False,0.17972062825725743,0.0004179510287940502
64,31,NUMPY_FLOAT64,10,6,1,8329,False,0.034790992736816406,0.00019383302424103022
64,31,NUMPY_FLOAT64,11,7,0,1827,False,0.00390625,8.412299212068319e-05
64,31,NUMPY_FLOAT64,12,8,4,12772,False,0.28474280203265145,0.0004997190553694963
64,31,NUMPY_FLOAT64,13,9,5,10,True,0.40316599765415717,0.0005936520174145699
64,31,QISKIT_AER_STATEVECTOR,1,1,0,15380,False,0.003906250000000001,0.0023898760555312037
64,31,QISKIT_AER_STATEVECTOR,2,2,0,9806,False,0.003906250000000001,0.00231880194041878
64,31,QISKIT_AER_STATEVECTOR,3,2,1,3107,False,0.03479099273681641,0.020267779007554054
64,31,QISKIT_AER_STATEVECTOR,4,2,0,2506,False,0.003906250000000001,0.002331346971914172
64,31,QISKIT_AER_STATEVECTOR,5,3,1,13815,False,0.03479099273681641,0.017033803975209594
64,31,QISKIT_AER_STATEVECTOR,6,3,0,10855,False,0.003906250000000001,0.0018917110282927752
64,31,QISKIT_AER_STATEVECTOR,7,3,1,7306,False,0.03479099273681641,0.017878741957247257
64,31,QISKIT_AER_STATEVECTOR,8,4,3,12092,False,0.17972062825725726,0.04943834198638797
64,31,QISKIT_AER_STATEVECTOR,9,5,3,11099,False,0.17972062825725726,0.03934925596695393
64,31,QISKIT_AER_STATEVECTOR,10,6,1,8329,False,0.03479099273681641,0.01975997199770063
64,31,QISKIT_AER_STATEVECTOR,11,7,0,1827,False,0.003906250000000001,0.002308246912434697
64,31,QISKIT_AER_STATEVECTOR,12,8,4,12772,False,0.284742802032651,0.05325178103521466
64,31,QISKIT_AER_STATEVECTOR,13,9,5,10,True,0.4031659976541565,0.07495987194124609
64,32,NUMPY_FLOAT64,1,1,0,48,True,0.00390625,0.00011647306382656097
64,32,QISKIT_AER_STATEVECTOR,1,1,0,48,True,0.003906250000000001,0.0017977500101551414
64,33,NUMPY_FLOAT64,1,1,0,16321,False,0.00390625,5.419296212494373e-05
64,33,NUMPY_FLOAT64,2,2,1,11078,False,0.034790992736816406,0.00013575702905654907
64,33,NUMPY_FLOAT64,3,2,0,10330,False,0.00390625,4.4422922655940056e-05
64,33,NUMPY_FLOAT64,4,2,0,11800,False,0.00390625,4.20550350099802e-05
64,33,NUMPY_FLOAT64,5,3,1,4436,False,0.034790992736816406,0.0001003460492938757
64,33,NUMPY_FLOAT64,6,3,0,6397,False,0.00390625,4.584807902574539e-05
64,33,NUMPY_FLOAT64,7,3,1,5359,False,0.034790992736816406,0.000196089968085289
64,33,NUMPY_FLOAT64,8,4,1,11630,False,0.034790992736816406,0.00021939992439001799
64,33,NUMPY_FLOAT64,9,5,1,10028,False,0.034790992736816406,0.0001922959927469492
64,33,NUMPY_FLOAT64,10,6,2,11643,False,0.09463772200979292,0.00025145895779132843
64,33,NUMPY_FLOAT64,11,7,0,15381,False,0.00390625,8.160201832652092e-05
64,33,NUMPY_FLOAT64,12,8,4,11048,False,0.28474280203265145,0.0005065189907327294
64,33,NUMPY_FLOAT64,13,9,2,13,True,0.09463772200979292,0.0002935959491878748
64,33,QISKIT_AER_STATEVECTOR,1,1,0,16321,False,0.003906250000000001,0.002285065012983978
64,33,QISKIT_AER_STATEVECTOR,2,2,1,11078,False,0.03479099273681641,0.014271635911427438
64,33,QISKIT_AER_STATEVECTOR,3,2,0,10330,False,0.003906250000000001,0.001212475006468594
64,33,QISKIT_AER_STATEVECTOR,4,2,0,11800,False,0.003906250000000001,0.0011828870046883821
64,33,QISKIT_AER_STATEVECTOR,5,3,1,4436,False,0.03479099273681641,0.017961211036890745
64,33,QISKIT_AER_STATEVECTOR,6,3,0,6397,False,0.003906250000000001,0.0020696809515357018
64,33,QISKIT_AER_STATEVECTOR,7,3,1,5359,False,0.03479099273681641,0.016870968975126743
64,33,QISKIT_AER_STATEVECTOR,8,4,1,11630,False,0.03479099273681641,0.013127868995070457
64,33,QISKIT_AER_STATEVECTOR,9,5,1,10028,False,0.03479099273681641,0.013056544936262071
64,33,QISKIT_AER_STATEVECTOR,10,6,2,11643,False,0.09463772200979288,0.023254825035110116
64,33,QISKIT_AER_STATEVECTOR,11,7,0,15381,False,0.003906250000000001,0.00202730402816087
64,33,QISKIT_AER_STATEVECTOR,12,8,4,11048,False,0.284742802032651,0.05930258706212044
64,33,QISKIT_AER_STATEVECTOR,13,9,2,13,True,0.09463772200979288,0.01939487992785871
64,34,NUMPY_FLOAT64,1,1,0,8928,False,0.00390625,6.39560166746378e-05
64,34,NUMPY_FLOAT64,2,2,1,15933,False,0.034790992736816406,0.00013387203216552734
64,34,NUMPY_FLOAT64,3,2,1,12869,False,0.034790992736816406,0.00010541605297476053
64,34,NUMPY_FLOAT64,4,2,0,15908,False,0.00390625,4.4918968342244625e-05
64,34,NUMPY_FLOAT64,5,3,1,1165,False,0.034790992736816406,0.00010152591858059168
64,34,NUMPY_FLOAT64,6,3,1,10728,False,0.034790992736816406,0.00010180799290537834
64,34,NUMPY_FLOAT64,7,3,1,5356,False,0.034790992736816406,9.938795119524002e-05
64,34,NUMPY_FLOAT64,8,4,3,3148,False,0.17972062825725743,0.0002262259367853403
64,34,NUMPY_FLOAT64,9,5,4,11872,False,0.28474280203265145,0.00025072600692510605
64,34,NUMPY_FLOAT64,10,6,2,12305,False,0.09463772200979292,0.00014682498294860125
64,34,NUMPY_FLOAT64,11,7,0,15461,False,0.00390625,4.297203850001097e-05
64,34,NUMPY_FLOAT64,12,8,0,2799,False,0.00390625,4.1065970435738564e-05
64,34,NUMPY_FLOAT64,13,9,7,15,True,0.650349994727914,0.00039893609937280416
64,34,QISKIT_AER_STATEVECTOR,1,1,0,8928,False,0.003906250000000001,0.001299455063417554
64,34,QISKIT_AER_STATEVECTOR,2,2,1,15933,False,0.03479099273681641,0.012433864991180599
64,34,QISKIT_AER_STATEVECTOR,3,2,1,12869,False,0.03479099273681641,0.015076190000399947
64,34,QISKIT_AER_STATEVECTOR,4,2,0,15908,False,0.003906250000000001,0.0014889659360051155
64,34,QISKIT_AER_STATEVECTOR,5,3,1,1165,False,0.03479099273681641,0.012570580001920462
64,34,QISKIT_AER_STATEVECTOR,6,3,1,10728,False,0.03479099273681641,0.010762340971268713
64,34,QISKIT_AER_STATEVECTOR,7,3,1,5356,False,0.03479099273681641,0.010476213996298611
64,34,QISKIT_AER_STATEVECTOR,8,4,3,3148,False,0.17972062825725726,0.035852757981047034
64,34,QISKIT_AER_STATEVECTOR,9,5,4,11872,False,0.284742802032651,0.04070949996821582
64,34,QISKIT_AER_STATEVECTOR,10,6,2,12305,False,0.09463772200979288,0.03709811100270599
64,34,QISKIT_AER_STATEVECTOR,11,7,0,15461,False,0.003906250000000001,0.0023247849894687533
64,34,QISKIT_AER_STATEVECTOR,12,8,0,2799,False,0.003906250000000001,0.002311498043127358
64,34,QISKIT_AER_STATEVECTOR,13,9,7,15,True,0.6503499947279118,0.1175153770018369
64,35,NUMPY_FLOAT64,1,1,0,12459,False,0.00390625,6.244401447474957e-05
64,35,NUMPY_FLOAT64,2,2,0,12151,False,0.00390625,9.013700764626265e-05
64,35,NUMPY_FLOAT64,3,2,1,11372,False,0.034790992736816406,0.0002172540407627821
64,35,NUMPY_FLOAT64,4,2,1,14709,False,0.034790992736816406,0.00018714007455855608
64,35,NUMPY_FLOAT64,5,3,1,12395,False,0.034790992736816406,0.00011697493027895689
64,35,NUMPY_FLOAT64,6,3,1,12597,False,0.034790992736816406,0.00010205002035945654
64,35,NUMPY_FLOAT64,7,3,1,2453,False,0.034790992736816406,9.839492850005627e-05
64,35,NUMPY_FLOAT64,8,4,3,4359,False,0.17972062825725743,0.00022713409271091223
64,35,NUMPY_FLOAT64,9,5,3,12511,False,0.17972062825725743,0.00021697301417589188
64,35,NUMPY_FLOAT64,10,6,3,1956,False,0.17972062825725743,0.0002239870373159647
64,35,NUMPY_FLOAT64,11,7,3,22,True,0.17972062825725743,0.00021254806779325008
64,35,QISKIT_AER_STATEVECTOR,1,1,0,12459,False,0.003906250000000001,0.0013340059667825699
64,35,QISKIT_AER_STATEVECTOR,2,2,0,12151,False,0.003906250000000001,0.0012373690260574222
64,35,QISKIT_AER_STATEVECTOR,3,2,1,11372,False,0.03479099273681641,0.013571713003329933
64,35,QISKIT_AER_STATEVECTOR,4,2,1,14709,False,0.03479099273681641,0.02012899098917842
64,35,QISKIT_AER_STATEVECTOR,5,3,1,12395,False,0.03479099273681641,0.020025338977575302
64,35,QISKIT_AER_STATEVECTOR,6,3,1,12597,False,0.03479099273681641,0.018726473907008767
64,35,QISKIT_AER_STATEVECTOR,7,3,1,2453,False,0.03479099273681641,0.019581395899876952
64,35,QISKIT_AER_STATEVECTOR,8,4,3,4359,False,0.17972062825725726,0.05281863792333752
64,35,QISKIT_AER_STATEVECTOR,9,5,3,12511,False,0.17972062825725726,0.053942827973514795
64,35,QISKIT_AER_STATEVECTOR,10,6,3,1956,False,0.17972062825725726,0.05351447407156229
64,35,QISKIT_AER_STATEVECTOR,11,7,3,22,True,0.17972062825725726,0.04933020693715662
64,36,NUMPY_FLOAT64,1,1,0,13011,False,0.00390625,9.434798266738653e-05
64,36,NUMPY_FLOAT64,2,2,0,2797,False,0.00390625,9.322992991656065e-05
64,36,NUMPY_FLOAT64,3,2,0,5669,False,0.00390625,9.172805584967136e-05
64,36,NUMPY_FLOAT64,4,2,0,2068,False,0.00390625,8.424196857959032e-05
64,36,NUMPY_FLOAT64,5,3,0,14456,False,0.00390625,8.390296716243029e-05
64,36,NUMPY_FLOAT64,6,3,2,12632,False,0.09463772200979292,0.0003507499350234866
64,36,NUMPY_FLOAT64,7,3,1,14388,False,0.034790992736816406,0.0001970520243048668
64,36,NUMPY_FLOAT64,8,4,2,9297,False,0.09463772200979292,0.0003128030803054571
64,36,NUMPY_FLOAT64,9,5,4,1484,False,0.28474280203265145,0.0004950020229443908
64,36,NUMPY_FLOAT64,10,6,1,1785,False,0.034790992736816406,0.00016877404414117336
64,36,NUMPY_FLOAT64,11,7,0,13290,False,0.00390625,9.374297223985195e-05
64,36,NUMPY_FLOAT64,12,8,4,5413,False,0.28474280203265145,0.000494270003400743
64,36,NUMPY_FLOAT64,13,9,3,13479,False,0.17972062825725743,0.000372236012481153
64,36,NUMPY_FLOAT64,14,11,6,13230,False,0.5276176773084243,0.0007209479808807373
64,36,NUMPY_FLOAT64,15,13,1,808,False,0.034790992736816406,0.00018800294492393732
64,36,NUMPY_FLOAT64,16,16,15,48,True,0.8706018568295804,0.0017053369665518403
64,36,QISKIT_AER_STATEVECTOR,1,1,0,13011,False,0.003906250000000001,0.002359029953368008
64,36,QISKIT_AER_STATEVECTOR,2,2,0,2797,False,0.003906250000000001,0.0021648849360644817
64,36,QISKIT_AER_STATEVECTOR,3,2,0,5669,False,0.003906250000000001,0.0020596239482983947
64,36,QISKIT_AER_STATEVECTOR,4,2,0,2068,False,0.003906250000000001,0.001760423998348415
64,36,QISKIT_AER_STATEVECTOR,5,3,0,14456,False,0.003906250000000001,0.0014651500387117267
64,36,QISKIT_AER_STATEVECTOR,6,3,2,12632,False,0.09463772200979288,0.027071885066106915
64,36,QISKIT_AER_STATEVECTOR,7,3,1,14388,False,0.03479099273681641,0.020127806928940117
64,36,QISKIT_AER_STATEVECTOR,8,4,2,9297,False,0.09463772200979288,0.035935645923018456
64,36,QISKIT_AER_STATEVECTOR,9,5,4,1484,False,0.284742802032651,0.03823377098888159
64,36,QISKIT_AER_STATEVECTOR,10,6,1,1785,False,0.03479099273681641,0.010937334969639778
64,36,QISKIT_AER_STATEVECTOR,11,7,0,13290,False,0.003906250000000001,0.0017505199648439884
64,36,QISKIT_AER_STATEVECTOR,12,8,4,5413,False,0.284742802032651,0.05604045500513166
64,36,QISKIT_AER_STATEVECTOR,13,9,3,13479,False,0.17972062825725726,0.03337864892091602
64,36,QISKIT_AER_STATEVECTOR,14,11,6,13230,False,0.527617677308423,0.10193609003908932
64,36,QISKIT_AER_STATEVECTOR,15,13,1,808,False,0.03479099273681641,0.01923726499080658
64,36,QISKIT_AER_STATEVECTOR,16,16,15,48,True,0.8706018568295724,0.24468316603451967
64,37,NUMPY_FLOAT64,1,1,0,2336,False,0.00390625,0.00010554899927228689
64,37,NUMPY_FLOAT64,2,2,1,12040,False,0.034790992736816406,0.0002665390493348241
64,37,NUMPY_FLOAT64,3,2,0,5298,False,0.00390625,9.56410076469183e-05
64,37,NUMPY_FLOAT64,4,2,1,10587,False,0.034790992736816406,0.00020173098891973495
64,37,NUMPY_FLOAT64,5,3,1,9806,False,0.034790992736816406,0.00019912596326321363
64,37,NUMPY_FLOAT64,6,3,2,8388,False,0.09463772200979292,0.00030216691084206104
64,37,NUMPY_FLOAT64,7,3,0,14878,False,0.00390625,8.426408749073744e-05
64,37,NUMPY_FLOAT64,8,4,3,13475,False,0.17972062825725743,0.00040105695370584726
64,37,NUMPY_FLOAT64,9,5,3,4033,False,0.17972062825725743,0.00039844296406954527
64,37,NUMPY_FLOAT64,10,6,2,14853,False,0.09463772200979292,0.0002907469170168042
64,37,NUMPY_FLOAT64,11,7,6,9234,False,0.5276176773084243,0.0007196600781753659
64,37,NUMPY_FLOAT64,12,8,6,37,True,0.5276176773084243,0.0006684469990432262
64,37,QISKIT_AER_STATEVECTOR,1,1,0,2336,False,0.003906250000000001,0.0014076289953663945
64,37,QISKIT_AER_STATEVECTOR,2,2,1,12040,False,0.03479099273681641,0.012063530972227454
64,37,QISKIT_AER_STATEVECTOR,3,2,0,5298,False,0.003906250000000001,0.0012304929550737143
64,37,QISKIT_AER_STATEVECTOR,4,2,1,10587,False,0.03479099273681641,0.010306329000741243
64,37,QISKIT_AER_STATEVECTOR,5,3,1,9806,False,0.03479099273681641,0.01128019206225872
64,37,QISKIT_AER_STATEVECTOR,6,3,2,8388,False,0.09463772200979288,0.019703600089997053
64,37,QISKIT_AER_STATEVECTOR,7,3,0,14878,False,0.003906250000000001,0.0012087190989404917
64,37,QISKIT_AER_STATEVECTOR,8,4,3,13475,False,0.17972062825725726,0.03379540203604847
64,37,QISKIT_AER_STATEVECTOR,9,5,3,4033,False,0.17972062825725726,0.03481110592838377
64,37,QISKIT_AER_STATEVECTOR,10,6,2,14853,False,0.09463772200979288,0.025102515006437898
64,37,QISKIT_AER_STATEVECTOR,11,7,6,9234,False,0.527617677308423,0.06109909398946911
64,37,QISKIT_AER_STATEVECTOR,12,8,6,37,True,0.527617677308423,0.056698758038692176
64,38,NUMPY_FLOAT64,1,1,0,6595,False,0.00390625,6.196997128427029e-05
64,38,NUMPY_FLOAT64,2,2,1,13425,False,0.034790992736816406,0.00014492892660200596
64,38,NUMPY_FLOAT64,3,2,1,14477,False,0.034790992736816406,0.00011626200284808874
64,38,NUMPY_FLOAT64,4,2,1,10374,False,0.034790992736816406,0.00010147702414542437
64,38,NUMPY_FLOAT64,5,3,1,6999,False,0.034790992736816406,0.00010302907321602106
64,38,NUMPY_FLOAT64,6,3,2,3926,False,0.09463772200979292,0.00015862402506172657
64,38,NUMPY_FLOAT64,7,3,2,34,True,0.09463772200979292,0.00015012896619737148
64,38,QISKIT_AER_STATEVECTOR,1,1,0,6595,False,0.003906250000000001,0.001313203014433384
64,38,QISKIT_AER_STATEVECTOR,2,2,1,13425,False,0.03479099273681641,0.010436347918584943
64,38,QISKIT_AER_STATEVECTOR,3,2,1,14477,False,0.03479099273681641,0.010208601015619934
64,38,QISKIT_AER_STATEVECTOR,4,2,1,10374,False,0.03479099273681641,0.010297478060238063
64,38,QISKIT_AER_STATEVECTOR,5,3,1,6999,False,0.03479099273681641,0.010375153971835971
64,38,QISKIT_AER_STATEVECTOR,6,3,2,3926,False,0.09463772200979288,0.01939307409338653
64,38,QISKIT_AER_STATEVECTOR,7,3,2,34,True,0.09463772200979288,0.020391241065226495
64,39,NUMPY_FLOAT64,1,1,0,136,False,0.00390625,6.75299670547247e-05
64,39,NUMPY_FLOAT64,2,2,0,487,False,0.00390625,5.1193987019360065e-05
64,39,NUMPY_FLOAT64,3,2,1,10076,False,0.034790992736816406,0.00015942903701215982
64,39,NUMPY_FLOAT64,4,2,0,3562,False,0.00390625,5.2597024478018284e-05
64,39,NUMPY_FLOAT64,5,3,0,11945,False,0.00390625,4.256109241396189e-05
64,39,NUMPY_FLOAT64,6,3,2,3982,False,0.09463772200979292,0.00018740794621407986
64,39,NUMPY_FLOAT64,7,3,2,14544,False,0.09463772200979292,0.00015857804100960493
64,39,NUMPY_FLOAT64,8,4,1,479,False,0.034790992736816406,9.611493442207575e-05
64,39,NUMPY_FLOAT64,9,5,0,4966,False,0.00390625,8.992699440568686e-05
64,39,NUMPY_FLOAT64,10,6,0,16115,False,0.00390625,4.2169936932623386e-05
64,39,NUMPY_FLOAT64,11,7,5,18,True,0.40316599765415717,0.00030178704764693975
64,39,QISKIT_AER_STATEVECTOR,1,1,0,136,False,0.003906250000000001,0.0012232400476932526
64,39,QISKIT_AER_STATEVECTOR,2,2,0,487,False,0.003906250000000001,0.0016872320557013154
64,39,QISKIT_AER_STATEVECTOR,3,2,1,10076,False,0.03479099273681641,0.011919202981516719
64,39,QISKIT_AER_STATEVECTOR,4,2,0,3562,False,0.003906250000000001,0.0022738969419151545
64,39,QISKIT_AER_STATEVECTOR,5,3,0,11945,False,0.003906250000000001,0.0022210140014067292
64,39,QISKIT_AER_STATEVECTOR,6,3,2,3982,False,0.09463772200979288,0.032150674960576
64,39,QISKIT_AER_STATEVECTOR,7,3,2,14544,False,0.09463772200979288,0.03149701398797333
64,39,QISKIT_AER_STATEVECTOR,8,4,1,479,False,0.03479099273681641,0.015042519895359874
64,39,QISKIT_AER_STATEVECTOR,9,5,0,4966,False,0.003906250000000001,0.0018573610577732325
64,39,QISKIT_AER_STATEVECTOR,10,6,0,16115,False,0.003906250000000001,0.001911544008180499
64,39,QISKIT_AER_STATEVECTOR,11,7,5,18,True,0.4031659976541565,0.08824235294014215
64,40,NUMPY_FLOAT64,1,1,0,5739,False,0.00390625,0.0001129009760916233
64,40,NUMPY_FLOAT64,2,2,0,12047,False,0.00390625,0.00010065699461847544
64,40,NUMPY_FLOAT64,3,2,0,6145,False,0.00390625,8.672801777720451e-05
64,40,NUMPY_FLOAT64,4,2,1,445,False,0.034790992736816406,0.00024463096633553505
64,40,NUMPY_FLOAT64,5,3,0,501,False,0.00390625,9.542610496282578e-05
64,40,NUMPY_FLOAT64,6,3,1,1130,False,0.034790992736816406,0.0001540189841762185
64,40,NUMPY_FLOAT64,7,3,1,11388,False,0.034790992736816406,0.0001977820647880435
64,40,NUMPY_FLOAT64,8,4,0,4733,False,0.00390625,9.441806469112635e-05
64,40,NUMPY_FLOAT64,9,5,4,25,True,0.28474280203265145,0.0004998419899493456
64,40,QISKIT_AER_STATEVECTOR,1,1,0,5739,False,0.003906250000000001,0.0023945060092955828
64,40,QISKIT_AER_STATEVECTOR,2,2,0,12047,False,0.003906250000000001,0.0022847140207886696
64,40,QISKIT_AER_STATEVECTOR,3,2,0,6145,False,0.003906250000000001,0.002334514050744474
64,40,QISKIT_AER_STATEVECTOR,4,2,1,445,False,0.03479099273681641,0.019547365023754537
64,40,QISKIT_AER_STATEVECTOR,5,3,0,501,False,0.003906250000000001,0.002298584906384349
64,40,QISKIT_AER_STATEVECTOR,6,3,1,1130,False,0.03479099273681641,0.017214744933880866
64,40,QISKIT_AER_STATEVECTOR,7,3,1,11388,False,0.03479099273681641,0.015183629002422094
64,40,QISKIT_AER_STATEVECTOR,8,4,0,4733,False,0.003906250000000001,0.0022629189770668745
64,40,QISKIT_AER_STATEVECTOR,9,5,4,25,True,0.284742802032651,0.07110749406274408
64,41,NUMPY_FLOAT64,1,1,0,3134,False,0.00390625,6.354402285069227e-05
64,41,NUMPY_FLOAT64,2,2,1,5471,False,0.034790992736816406,0.0001415760489180684
64,41,NUMPY_FLOAT64,3,2,0,14212,False,0.00390625,9.690097067505121e-05
64,41,NUMPY_FLOAT64,4,2,0,9970,False,0.00390625,8.81369924172759e-05
64,41,NUMPY_FLOAT64,5,3,2,850,False,0.09463772200979292,0.00032283796463161707
64,41,NUMPY_FLOAT64,6,3,1,6596,False,0.034790992736816406,0.000181737937964499
64,41,NUMPY_FLOAT64,7,3,1,418,False,0.034790992736816406,0.00019621592946350574
64,41,NUMPY_FLOAT64,8,4,0,1851,False,0.00390625,5.145894829183817e-05
64,41,NUMPY_FLOAT64,9,5,3,45,True,0.17972062825725743,0.0003951980033889413
64,41,QISKIT_AER_STATEVECTOR,1,1,0,3134,False,0.003906250000000001,0.0023624609457328916
64,41,QISKIT_AER_STATEVECTOR,2,2,1,5471,False,0.03479099273681641,0.020031973952427506
64,41,QISKIT_AER_STATEVECTOR,3,2,0,14212,False,0.003906250000000001,0.0023934640921652317
64,41,QISKIT_AER_STATEVECTOR,4,2,0,9970,False,0.003906250000000001,0.002356272074393928
64,41,QISKIT_AER_STATEVECTOR,5,3,2,850,False,0.09463772200979288,0.03782597207464278
64,41,QISKIT_AER_STATEVECTOR,6,3,1,6596,False,0.03479099273681641,0.020199513994157314
64,41,QISKIT_AER_STATEVECTOR,7,3,1,418,False,0.03479099273681641,0.015798079897649586
64,41,QISKIT_AER_STATEVECTOR,8,4,0,1851,False,0.003906250000000001,0.001691190991550684
64,41,QISKIT_AER_STATEVECTOR,9,5,3,45,True,0.17972062825725726,0.04498427198268473
64,42,NUMPY_FLOAT64,1,1,0,7235,False,0.00390625,8.872291073203087e-05
64,42,NUMPY_FLOAT64,2,2,1,7696,False,0.034790992736816406,0.00014606805052608252
64,42,NUMPY_FLOAT64,3,2,1,13040,False,0.034790992736816406,0.00011338293552398682
64,42,NUMPY_FLOAT64,4,2,0,13810,False,0.00390625,4.5742024667561054e-05
64,42,NUMPY_FLOAT64,5,3,2,10346,False,0.09463772200979292,0.0001550390152260661
64,42,NUMPY_FLOAT64,6,3,2,51,True,0.09463772200979292,0.00015527009963989258
64,42,QISKIT_AER_STATEVECTOR,1,1,0,7235,False,0.003906250000000001,0.0013489279663190246
64,42,QISKIT_AER_STATEVECTOR,2,2,1,7696,False,0.03479099273681641,0.010403205989859998
64,42,QISKIT_AER_STATEVECTOR,3,2,1,13040,False,0.03479099273681641,0.012221425073221326
64,42,QISKIT_AER_STATEVECTOR,4,2,0,13810,False,0.003906250000000001,0.0012455920223146677
64,42,QISKIT_AER_STATEVECTOR,5,3,2,10346,False,0.09463772200979288,0.02430255396757275
64,42,QISKIT_AER_STATEVECTOR,6,3,2,51,True,0.09463772200979288,0.02166483795735985
64,43,NUMPY_FLOAT64,1,1,0,6214,False,0.00390625,6.255193147808313e-05
64,43,NUMPY_FLOAT64,2,2,0,3494,False,0.00390625,6.419501733034849e-05
64,43,NUMPY_FLOAT64,3,2,1,9152,False,0.034790992736816406,0.00012948899529874325
64,43,NUMPY_FLOAT64,4,2,1,4296,False,0.034790992736816406,0.0001146799186244607
64,43,NUMPY_FLOAT64,5,3,0,6531,False,0.00390625,4.492397420108318e-05
64,43,NUMPY_FLOAT64,6,3,1,15737,False,0.034790992736816406,0.00010270497296005487
64,43,NUMPY_FLOAT64,7,3,2,5893,False,0.09463772200979292,0.00015337602235376835
64,43,NUMPY_FLOAT64,8,4,3,2427,False,0.17972062825725743,0.00020664394833147526
64,43,NUMPY_FLOAT64,9,5,3,15525,False,0.17972062825725743,0.00020541297271847725
64,43,NUMPY_FLOAT64,10,6,3,568,False,0.17972062825725743,0.0002065330045297742
64,43,NUMPY_FLOAT64,11,7,4,13994,False,0.28474280203265145,0.00026351597625762224
64,43,NUMPY_FLOAT64,12,8,2,342,False,0.09463772200979292,0.0001509160501882434
64,43,NUMPY_FLOAT64,13,9,4,12700,False,0.28474280203265145,0.00025029899552464485
64,43,NUMPY_FLOAT64,14,11,8,55,True,0.7637221440185905,0.00045715796295553446
64,43,QISKIT_AER_STATEVECTOR,1,1,0,6214,False,0.003906250000000001,0.0012783680576831102
64,43,QISKIT_AER_STATEVECTOR,2,2,0,3494,False,0.003906250000000001,0.0012030369834974408
64,43,QISKIT_AER_STATEVECTOR,3,2,1,9152,False,0.03479099273681641,0.010362558998167515
64,43,QISKIT_AER_STATEVECTOR,4,2,1,4296,False,0.03479099273681641,0.010194757953286171
64,43,QISKIT_AER_STATEVECTOR,5,3,0,6531,False,0.003906250000000001,0.0011755219893530011
64,43,QISKIT_AER_STATEVECTOR,6,3,1,15737,False,0.03479099273681641,0.010415516910143197
64,43,QISKIT_AER_STATEVECTOR,7,3,2,5893,False,0.09463772200979288,0.019649344962090254
64,43,QISKIT_AER_STATEVECTOR,8,4,3,2427,False,0.17972062825725726,0.02887460496276617
64,43,QISKIT_AER_STATEVECTOR,9,5,3,15525,False,0.17972062825725726,0.030553754069842398
64,43,QISKIT_AER_STATEVECTOR,10,6,3,568,False,0.17972062825725726,0.04598037293180823
64,43,QISKIT_AER_STATEVECTOR,11,7,4,13994,False,0.284742802032651,0.0613848619395867
64,43,QISKIT_AER_STATEVECTOR,12,8,2,342,False,0.09463772200979288,0.035978219006210566
64,43,QISKIT_AER_STATEVECTOR,13,9,4,12700,False,0.284742802032651,0.05913504201453179
64,43,QISKIT_AER_STATEVECTOR,14,11,8,55,True,0.7637221440185877,0.11738831293769181
64,44,NUMPY_FLOAT64,1,1,0,13765,False,0.00390625,0.00011396792251616716
64,44,NUMPY_FLOAT64,2,2,0,10698,False,0.00390625,0.00010714505333453417
64,44,NUMPY_FLOAT64,3,2,0,3355,False,0.00390625,9.023898746818304e-05
64,44,NUMPY_FLOAT64,4,2,0,15892,False,0.00390625,9.576696902513504e-05
64,44,NUMPY_FLOAT64,5,3,2,2802,False,0.09463772200979292,0.000345145002938807
64,44,NUMPY_FLOAT64,6,3,2,6953,False,0.09463772200979292,0.00031521799974143505
64,44,NUMPY_FLOAT64,7,3,0,12230,False,0.00390625,9.211699943989515e-05
64,44,NUMPY_FLOAT64,8,4,0,13204,False,0.00390625,9.775406215339899e-05
64,44,NUMPY_FLOAT64,9,5,1,13471,False,0.034790992736816406,0.000203594914637506
64,44,NUMPY_FLOAT64,10,6,3,4870,False,0.17972062825725743,0.00043097196612507105
64,44,NUMPY_FLOAT64,11,7,0,12116,False,0.00390625,8.437805809080601e-05
64,44,NUMPY_FLOAT64,12,8,3,10891,False,0.17972062825725743,0.00041733309626579285
64,44,NUMPY_FLOAT64,13,9,5,3226,False,0.40316599765415717,0.0006125629879534245
64,44,NUMPY_FLOAT64,14,11,6,43,True,0.5276176773084243,0.0006980309262871742
64,44,QISKIT_AER_STATEVECTOR,1,1,0,13765,False,0.003906250000000001,0.002383511047810316
64,44,QISKIT_AER_STATEVECTOR,2,2,0,10698,False,0.003906250000000001,0.002247257041744888
64,44,QISKIT_AER_STATEVECTOR,3,2,0,3355,False,0.003906250000000001,0.002053047064691782
64,44,QISKIT_AER_STATEVECTOR,4,2,0,15892,False,0.003906250000000001,0.0020534839713945985
64,44,QISKIT_AER_STATEVECTOR,5,3,2,2802,False,0.09463772200979288,0.027346555958501995
64,44,QISKIT_AER_STATEVECTOR,6,3,2,6953,False,0.09463772200979288,0.03298410400748253
64,44,QISKIT_AER_STATEVECTOR,7,3,0,12230,False,0.003906250000000001,0.00231272098608315
64,44,QISKIT_AER_STATEVECTOR,8,4,0,13204,False,0.003906250000000001,0.0023039759835228324
64,44,QISKIT_AER_STATEVECTOR,9,5,1,13471,False,0.03479099273681641,0.0201392819872126
64,44,QISKIT_AER_STATEVECTOR,10,6,3,4870,False,0.17972062825725726,0.0546815189300105
64,44,QISKIT_AER_STATEVECTOR,11,7,0,12116,False,0.003906250000000001,0.0022711600176990032
64,44,QISKIT_AER_STATEVECTOR,12,8,3,10891,False,0.17972062825725726,0.05103179404977709
64,44,QISKIT_AER_STATEVECTOR,13,9,5,3226,False,0.4031659976541565,0.08285970101132989
64,44,QISKIT_AER_STATEVECTOR,14,11,6,43,True,0.527617677308423,0.10658143600448966
64,45,NUMPY_FLOAT64,1,1,0,2550,False,0.00390625,0.00011553498916327953
64,45,NUMPY_FLOAT64,2,2,1,6118,False,0.034790992736816406,0.00023699295707046986
64,45,NUMPY_FLOAT64,3,2,0,12473,False,0.00390625,0.00010245910380035639
64,45,NUMPY_FLOAT64,4,2,1,15097,False,0.034790992736816406,0.00019152299501001835
64,45,NUMPY_FLOAT64,5,3,0,8583,False,0.00390625,9.724695701152086e-05
64,45,NUMPY_FLOAT64,6,3,0,14641,False,0.00390625,4.2523955926299095e-05
64,45,NUMPY_FLOAT64,7,3,0,142,False,0.00390625,8.153007365763187e-05
64,45,NUMPY_FLOAT64,8,4,2,4136,False,0.09463772200979292,0.00018219603225588799
64,45,NUMPY_FLOAT64,9,5,3,9166,False,0.17972062825725743,0.000416656956076622
64,45,NUMPY_FLOAT64,10,6,5,8533,False,0.40316599765415717,0.0005473970668390393
64,45,NUMPY_FLOAT64,11,7,2,11025,False,0.09463772200979292,0.0002223779447376728
64,45,NUMPY_FLOAT64,12,8,7,60,True,0.650349994727914,0.000678934040479362
64,45,QISKIT_AER_STATEVECTOR,1,1,0,2550,False,0.003906250000000001,0.0014632570091634989
64,45,QISKIT_AER_STATEVECTOR,2,2,1,6118,False,0.03479099273681641,0.01780826097819954
64,45,QISKIT_AER_STATEVECTOR,3,2,0,12473,False,0.003906250000000001,0.0012020589783787727
64,45,QISKIT_AER_STATEVECTOR,4,2,1,15097,False,0.03479099273681641,0.01143461698666215
64,45,QISKIT_AER_STATEVECTOR,5,3,0,8583,False,0.003906250000000001,0.00157338404096663
64,45,QISKIT_AER_STATEVECTOR,6,3,0,14641,False,0.003906250000000001,0.0023123740684241056
64,45,QISKIT_AER_STATEVECTOR,7,3,0,142,False,0.003906250000000001,0.002330438932403922
64,45,QISKIT_AER_STATEVECTOR,8,4,2,4136,False,0.09463772200979288,0.037638989044353366
64,45,QISKIT_AER_STATEVECTOR,9,5,3,9166,False,0.17972062825725726,0.051067049033008516
64,45,QISKIT_AER_STATEVECTOR,10,6,5,8533,False,0.4031659976541565,0.07635092001874
64,45,QISKIT_AER_STATEVECTOR,11,7,2,11025,False,0.09463772200979288,0.023767138016410172
64,45,QISKIT_AER_STATEVECTOR,12,8,7,60,True,0.6503499947279118,0.09287940990179777
64,46,NUMPY_FLOAT64,1,1,0,3934,False,0.00390625,6.149010732769966e-05
64,46,NUMPY_FLOAT64,2,2,1,6252,False,0.034790992736816406,0.0001384230563417077
64,46,NUMPY_FLOAT64,3,2,1,15996,False,0.034790992736816406,0.00013124197721481323
64,46,NUMPY_FLOAT64,4,2,1,7624,False,0.034790992736816406,9.996793232858181e-05
64,46,NUMPY_FLOAT64,5,3,0,14571,False,0.00390625,4.545098636299372e-05
64,46,NUMPY_FLOAT64,6,3,0,14715,False,0.00390625,4.1684950701892376e-05
64,46,NUMPY_FLOAT64,7,3,1,12235,False,0.034790992736816406,0.00010413199197500944
64,46,NUMPY_FLOAT64,8,4,2,155,False,0.09463772200979292,0.00015642994549125433
64,46,NUMPY_FLOAT64,9,5,4,44,True,0.28474280203265145,0.00027126003988087177
64,46,QISKIT_AER_STATEVECTOR,1,1,0,3934,False,0.003906250000000001,0.0013390799285843968
64,46,QISKIT_AER_STATEVECTOR,2,2,1,6252,False,0.03479099273681641,0.012672637938521802
64,46,QISKIT_AER_STATEVECTOR,3,2,1,15996,False,0.03479099273681641,0.017436316004022956
64,46,QISKIT_AER_STATEVECTOR,4,2,1,7624,False,0.03479099273681641,0.012266259989701211
64,46,QISKIT_AER_STATEVECTOR,5,3,0,14571,False,0.003906250000000001,0.001218821038492024
64,46,QISKIT_AER_STATEVECTOR,6,3,0,14715,False,0.003906250000000001,0.0011793969897553325
64,46,QISKIT_AER_STATEVECTOR,7,3,1,12235,False,0.03479099273681641,0.01021551399026066
64,46,QISKIT_AER_STATEVECTOR,8,4,2,155,False,0.09463772200979288,0.019406193983741105
64,46,QISKIT_AER_STATEVECTOR,9,5,4,44,True,0.284742802032651,0.038691914989613
64,47,NUMPY_FLOAT64,1,1,0,14038,False,0.00390625,6.733997724950314e-05
64,47,NUMPY_FLOAT64,2,2,0,18,True,0.00390625,5.5434065870940685e-05
64,47,QISKIT_AER_STATEVECTOR,1,1,0,14038,False,0.003906250000000001,0.0013776610139757395
64,47,QISKIT_AER_STATEVECTOR,2,2,0,18,True,0.003906250000000001,0.0020425099646672606
64,48,NUMPY_FLOAT64,1,1,0,2598,False,0.00390625,5.308701656758785e-05
64,48,NUMPY_FLOAT64,2,2,0,9399,False,0.00390625,4.783901385962963e-05
64,48,NUMPY_FLOAT64,3,2,0,16004,False,0.00390625,4.4378917664289474e-05
64,48,NUMPY_FLOAT64,4,2,0,12742,False,0.00390625,8.777901530265808e-05
64,48,NUMPY_FLOAT64,5,3,2,3447,False,0.09463772200979292,0.00034977204632014036
64,48,NUMPY_FLOAT64,6,3,2,8319,False,0.09463772200979292,0.0003170010168105364
64,48,NUMPY_FLOAT64,7,3,1,37,True,0.034790992736816406,0.000135257956571877
64,48,QISKIT_AER_STATEVECTOR,1,1,0,2598,False,0.003906250000000001,0.001336936024017632
64,48,QISKIT_AER_STATEVECTOR,2,2,0,9399,False,0.003906250000000001,0.0018834259826689959
64,48,QISKIT_AER_STATEVECTOR,3,2,0,16004,False,0.003906250000000001,0.001921958988532424
64,48,QISKIT_AER_STATEVECTOR,4,2,0,12742,False,0.003906250000000001,0.0016371260862797499
64,48,QISKIT_AER_STATEVECTOR,5,3,2,3447,False,0.09463772200979288,0.022273654001764953
64,48,QISKIT_AER_STATEVECTOR,6,3,2,8319,False,0.09463772200979288,0.02035798504948616
64,48,QISKIT_AER_STATEVECTOR,7,3,1,37,True,0.03479099273681641,0.014324518968351185
64,49,NUMPY_FLOAT64,1,1,0,10855,False,0.00390625,0.00011463696137070656
64,49,NUMPY_FLOAT64,2,2,1,9974,False,0.034790992736816406,0.00024215597659349442
64,49,NUMPY_FLOAT64,3,2,0,3771,False,0.00390625,8.460902608931065e-05
64,49,NUMPY_FLOAT64,4,2,1,14497,False,0.034790992736816406,0.00020270806271582842
64,49,NUMPY_FLOAT64,5,3,1,13382,False,0.034790992736816406,0.0002019969979301095
64,49,NUMPY_FLOAT64,6,3,0,12677,False,0.00390625,8.597993291914463e-05
64,49,NUMPY_FLOAT64,7,3,2,31,True,0.09463772200979292,0.0003184450324624777
64,49,QISKIT_AER_STATEVECTOR,1,1,0,10855,False,0.003906250000000001,0.002075091004371643
64,49,QISKIT_AER_STATEVECTOR,2,2,1,9974,False,0.03479099273681641,0.015404187026433647
64,49,QISKIT_AER_STATEVECTOR,3,2,0,3771,False,0.003906250000000001,0.0022829259978607297
64,49,QISKIT_AER_STATEVECTOR,4,2,1,14497,False,0.03479099273681641,0.011365479091182351
64,49,QISKIT_AER_STATEVECTOR,5,3,1,13382,False,0.03479099273681641,0.01834971399512142
64,49,QISKIT_AER_STATEVECTOR,6,3,0,12677,False,0.003906250000000001,0.0022918449249118567
64,49,QISKIT_AER_STATEVECTOR,7,3,2,31,True,0.09463772200979288,0.03631189896259457
64,50,NUMPY_FLOAT64,1,1,0,4457,False,0.00390625,0.00011534802615642548
64,50,NUMPY_FLOAT64,2,2,1,11514,False,0.034790992736816406,0.00024015503004193306
64,50,NUMPY_FLOAT64,3,2,1,2043,False,0.034790992736816406,0.00021673203445971012
64,50,NUMPY_FLOAT64,4,2,1,276,False,0.034790992736816406,0.00019652803894132376
64,50,NUMPY_FLOAT64,5,3,1,11882,False,0.034790992736816406,0.0001956019550561905
64,50,NUMPY_FLOAT64,6,3,0,11935,False,0.00390625,8.381996303796768e-05
64,50,NUMPY_FLOAT64,7,3,0,10769,False,0.00390625,9.086099453270435e-05
64,50,NUMPY_FLOAT64,8,4,1,4949,False,0.034790992736816406,0.0001731140073388815
64,50,NUMPY_FLOAT64,9,5,2,7080,False,0.09463772200979292,0.00029580004047602415
64,50,NUMPY_FLOAT64,10,6,2,15876,False,0.09463772200979292,0.00030516996048390865
64,50,NUMPY_FLOAT64,11,7,3,5605,False,0.17972062825725743,0.0003777099773287773
64,50,NUMPY_FLOAT64,12,8,4,39,True,0.28474280203265145,0.0005032520275563002
64,50,QISKIT_AER_STATEVECTOR,1,1,0,4457,False,0.003906250000000001,0.0023337649181485176
64,50,QISKIT_AER_STATEVECTOR,2,2,1,11514,False,0.03479099273681641,0.02015197090804577
64,50,QISKIT_AER_STATEVECTOR,3,2,1,2043,False,0.03479099273681641,0.01954159396700561
64,50,QISKIT_AER_STATEVECTOR,4,2,1,276,False,0.03479099273681641,0.019922685925848782
64,50,QISKIT_AER_STATEVECTOR,5,3,1,11882,False,0.03479099273681641,0.015244497102685273
64,50,QISKIT_AER_STATEVECTOR,6,3,0,11935,False,0.003906250000000001,0.0014187009073793888
64,50,QISKIT_AER_STATEVECTOR,7,3,0,10769,False,0.003906250000000001,0.002270366996526718
64,50,QISKIT_AER_STATEVECTOR,8,4,1,4949,False,0.03479099273681641,0.010953797027468681
64,50,QISKIT_AER_STATEVECTOR,9,5,2,7080,False,0.09463772200979288,0.019716425915248692
64,50,QISKIT_AER_STATEVECTOR,10,6,2,15876,False,0.09463772200979288,0.021715637994930148
64,50,QISKIT_AER_STATEVECTOR,11,7,3,5605,False,0.17972062825725726,0.04078550194390118
64,50,QISKIT_AER_STATEVECTOR,12,8,4,39,True,0.284742802032651,0.04461349395569414
256,1,NUMPY_FLOAT64,1,1,0,11645,False,0.015625,7.057702168822289e-05
256,1,NUMPY_FLOAT64,2,2,1,8953,False,0.13482666015625,0.00016308901831507683
256,1,NUMPY_FLOAT64,3,2,0,2562,False,0.015625,5.457201041281223e-05
256,1,NUMPY_FLOAT64,4,2,1,3280,False,0.13482666015625,0.00010798999574035406
256,1,NUMPY_FLOAT64,5,3,2,200,True,0.34389519691467285,0.00017170398496091366
256,1,QISKIT_AER_STATEVECTOR,1,1,0,11645,False,0.015625,0.001369662000797689
256,1,QISKIT_AER_STATEVECTOR,2,2,1,8953,False,0.13482666015625,0.020136849023401737
256,1,QISKIT_AER_STATEVECTOR,3,2,0,2562,False,0.015625,0.0023085538996383548
256,1,QISKIT_AER_STATEVECTOR,4,2,1,3280,False,0.13482666015625,0.011913122027181089
256,1,QISKIT_AER_STATEVECTOR,5,3,2,200,True,0.3438951969146728,0.03688288189005107
256,2,NUMPY_FLOAT64,1,1,0,13090,False,0.015625,8.825794793665409e-05
256,2,NUMPY_FLOAT64,2,2,1,18,True,0.13482666015625,0.00021078507415950298
256,2,QISKIT_AER_STATEVECTOR,1,1,0,13090,False,0.015625,0.002042007981799543
256,2,QISKIT_AER_STATEVECTOR,2,2,1,18,True,0.13482666015625,0.017050439026206732
256,3,NUMPY_FLOAT64,1,1,0,12967,False,0.015625,5.935295484960079e-05
256,3,NUMPY_FLOAT64,2,2,0,4269,False,0.015625,5.982501897960901e-05
256,3,NUMPY_FLOAT64,3,2,1,9616,False,0.13482666015625,0.00012765196152031422
256,3,NUMPY_FLOAT64,4,2,0,264,False,0.015625,4.519301000982523e-05
256,3,NUMPY_FLOAT64,5,3,0,16295,False,0.015625,5.737005267292261e-05
256,3,NUMPY_FLOAT64,6,3,0,6395,False,0.015625,4.729605279862881e-05
256,3,NUMPY_FLOAT64,7,3,1,70,True,0.13482666015625,0.00010597100481390953
256,3,QISKIT_AER_STATEVECTOR,1,1,0,12967,False,0.015625,0.001197220990434289
256,3,QISKIT_AER_STATEVECTOR,2,2,0,4269,False,0.015625,0.0012368179159238935
256,3,QISKIT_AER_STATEVECTOR,3,2,1,9616,False,0.13482666015625,0.010765908053144813
256,3,QISKIT_AER_STATEVECTOR,4,2,0,264,False,0.015625,0.0014305110089480877
256,3,QISKIT_AER_STATEVECTOR,5,3,0,16295,False,0.015625,0.0014813729794695973
256,3,QISKIT_AER_STATEVECTOR,6,3,0,6395,False,0.015625,0.0020113849313929677
256,3,QISKIT_AER_STATEVECTOR,7,3,1,70,True,0.13482666015625,0.018322721938602626
256,4,NUMPY_FLOAT64,1,1,0,15163,False,0.015625,0.00010205595754086971
256,4,NUMPY_FLOAT64,2,2,0,5292,False,0.015625,8.981896098703146e-05
256,4,NUMPY_FLOAT64,3,2,0,15037,False,0.015625,8.873699698597193e-05
256,4,NUMPY_FLOAT64,4,2,1,8892,False,0.13482666015625,0.00021930201910436153
256,4,NUMPY_FLOAT64,5,3,2,28,True,0.34389519691467285,0.00032071699388325214
256,4,QISKIT_AER_STATEVECTOR,1,1,0,15163,False,0.015625,0.002311902935616672
256,4,QISKIT_AER_STATEVECTOR,2,2,0,5292,False,0.015625,0.00224100099876523
256,4,QISKIT_AER_STATEVECTOR,3,2,0,15037,False,0.015625,0.0022536569740623236
256,4,QISKIT_AER_STATEVECTOR,4,2,1,8892,False,0.13482666015625,0.019830598030239344
256,4,QISKIT_AER_STATEVECTOR,5,3,2,28,True,0.3438951969146728,0.030267611029557884
256,5,NUMPY_FLOAT64,1,1,0,9458,False,0.015625,5.822302773594856e-05
256,5,NUMPY_FLOAT64,2,2,1,6823,False,0.13482666015625,0.00012724008411169052
256,5,NUMPY_FLOAT64,3,2,0,2933,False,0.015625,4.389707464724779e-05
256,5,NUMPY_FLOAT64,4,2,0,8773,False,0.015625,4.624505527317524e-05
256,5,NUMPY_FLOAT64,5,3,0,3903,False,0.015625,4.216795787215233e-05
256,5,NUMPY_FLOAT64,6,3,1,3319,False,0.13482666015625,0.00010150508023798466
256,5,NUMPY_FLOAT64,7,3,1,10516,False,0.13482666015625,9.807501919567585e-05
256,5,NUMPY_FLOAT64,8,4,0,8578,False,0.015625,4.2067025788128376e-05
256,5,NUMPY_FLOAT64,9,5,3,14678,False,0.5913801500573754,0.00022950500715523958
256,5,NUMPY_FLOAT64,10,6,4,3655,False,0.8163770193968958,0.00026206206530332565
256,5,NUMPY_FLOAT64,11,7,2,223,True,0.34389519691467285,0.00014762300997972488
256,5,QISKIT_AER_STATEVECTOR,1,1,0,9458,False,0.015625,0.0012056970736011863
256,5,QISKIT_AER_STATEVECTOR,2,2,1,6823,False,0.13482666015625,0.01577487599570304
256,5,QISKIT_AER_STATEVECTOR,3,2,0,2933,False,0.015625,0.002249112934805453
256,5,QISKIT_AER_STATEVECTOR,4,2,0,8773,False,0.015625,0.0022644340060651302
256,5,QISKIT_AER_STATEVECTOR,5,3,0,3903,False,0.015625,0.0022836519638076425
256,5,QISKIT_AER_STATEVECTOR,6,3,1,3319,False,0.13482666015625,0.018659477005712688
256,5,QISKIT_AER_STATEVECTOR,7,3,1,10516,False,0.13482666015625,0.011763158021494746
256,5,QISKIT_AER_STATEVECTOR,8,4,0,8578,False,0.015625,0.0011920559918507934
256,5,QISKIT_AER_STATEVECTOR,9,5,3,14678,False,0.5913801500573752,0.030321311089210212
256,5,QISKIT_AER_STATEVECTOR,10,6,4,3655,False,0.8163770193968947,0.0729937800206244
256,5,QISKIT_AER_STATEVECTOR,11,7,2,223,True,0.3438951969146728,0.03767376905307174
256,6,NUMPY_FLOAT64,1,1,0,8190,False,0.015625,0.00011348898988217115
256,6,NUMPY_FLOAT64,2,2,1,4451,False,0.13482666015625,0.0002354129683226347
256,6,NUMPY_FLOAT64,3,2,1,6983,False,0.13482666015625,0.0001851969864219427
256,6,NUMPY_FLOAT64,4,2,0,4527,False,0.015625,9.317800868302584e-05
256,6,NUMPY_FLOAT64,5,3,0,14909,False,0.015625,8.399796206504107e-05
256,6,NUMPY_FLOAT64,6,3,1,7280,False,0.13482666015625,0.00019680208060890436
256,6,NUMPY_FLOAT64,7,3,2,147,True,0.34389519691467285,0.0003144679358229041
256,6,QISKIT_AER_STATEVECTOR,1,1,0,8190,False,0.015625,0.0022598630748689175
256,6,QISKIT_AER_STATEVECTOR,2,2,1,4451,False,0.13482666015625,0.019666071981191635
256,6,QISKIT_AER_STATEVECTOR,3,2,1,6983,False,0.13482666015625,0.018290517036803067
256,6,QISKIT_AER_STATEVECTOR,4,2,0,4527,False,0.015625,0.0023247309727594256
256,6,QISKIT_AER_STATEVECTOR,5,3,0,14909,False,0.015625,0.0022647030418738723
256,6,QISKIT_AER_STATEVECTOR,6,3,1,7280,False,0.13482666015625,0.019764541066251695
256,6,QISKIT_AER_STATEVECTOR,7,3,2,147,True,0.3438951969146728,0.03158556192647666
256,7,NUMPY_FLOAT64,1,1,0,14767,False,0.015625,6.438593845814466e-05
256,7,NUMPY_FLOAT64,2,2,0,10734,False,0.015625,5.013495683670044e-05
256,7,NUMPY_FLOAT64,3,2,1,3364,False,0.13482666015625,0.00012493401300162077
256,7,NUMPY_FLOAT64,4,2,1,104,True,0.13482666015625,0.00012733403127640486
256,7,QISKIT_AER_STATEVECTOR,1,1,0,14767,False,0.015625,0.0012850030325353146
256,7,QISKIT_AER_STATEVECTOR,2,2,0,10734,False,0.015625,0.0018023900920525193
256,7,QISKIT_AER_STATEVECTOR,3,2,1,3364,False,0.13482666015625,0.011618399992585182
256,7,QISKIT_AER_STATEVECTOR,4,2,1,104,True,0.13482666015625,0.011571860988624394
256,8,NUMPY_FLOAT64,1,1,0,15997,False,0.015625,0.00010753003880381584
256,8,NUMPY_FLOAT64,2,2,0,225,True,0.015625,5.815702024847269e-05
256,8,QISKIT_AER_STATEVECTOR,1,1,0,15997,False,0.015625,0.0017680649179965258
256,8,QISKIT_AER_STATEVECTOR,2,2,0,225,True,0.015625,0.0014667040668427944
256,9,NUMPY_FLOAT64,1,1,0,7532,False,0.015625,6.046704947948456e-05
256,9,NUMPY_FLOAT64,2,2,1,1521,False,0.13482666015625,0.0001270039938390255
256,9,NUMPY_FLOAT64,3,2,0,14955,False,0.015625,4.509300924837589e-05
256,9,NUMPY_FLOAT64,4,2,1,7693,False,0.13482666015625,0.00010123290121555328
256,9,NUMPY_FLOAT64,5,3,0,14303,False,0.015625,4.984100814908743e-05
256,9,NUMPY_FLOAT64,6,3,0,13911,False,0.015625,4.170602187514305e-05
256,9,NUMPY_FLOAT64,7,3,2,15980,False,0.34389519691467285,0.0001600029645487666
256,9,NUMPY_FLOAT64,8,4,0,10268,False,0.015625,4.213908687233925e-05
256,9,NUMPY_FLOAT64,9,5,1,338,False,0.13482666015625,9.967200458049774e-05
256,9,NUMPY_FLOAT64,10,6,5,219,True,0.9635154816192113,0.000468894955702126
256,9,QISKIT_AER_STATEVECTOR,1,1,0,7532,False,0.015625,0.0012048110365867615
256,9,QISKIT_AER_STATEVECTOR,2,2,1,1521,False,0.13482666015625,0.010953532066196203
256,9,QISKIT_AER_STATEVECTOR,3,2,0,14955,False,0.015625,0.001749188988469541
256,9,QISKIT_AER_STATEVECTOR,4,2,1,7693,False,0.13482666015625,0.015319181024096906
256,9,QISKIT_AER_STATEVECTOR,5,3,0,14303,False,0.015625,0.001488107955083251
256,9,QISKIT_AER_STATEVECTOR,6,3,0,13911,False,0.015625,0.0015708130085840821
256,9,QISKIT_AER_STATEVECTOR,7,3,2,15980,False,0.3438951969146728,0.02250944694969803
256,9,QISKIT_AER_STATEVECTOR,8,4,0,10268,False,0.015625,0.0012934659607708454
256,9,QISKIT_AER_STATEVECTOR,9,5,1,338,False,0.13482666015625,0.015388990985229611
256,9,QISKIT_AER_STATEVECTOR,10,6,5,219,True,0.9635154816192089,0.07540817896369845
256,10,NUMPY_FLOAT64,1,1,0,5871,False,0.015625,0.0001249669585376978
256,10,NUMPY_FLOAT64,2,2,1,5649,False,0.13482666015625,0.00025900406762957573
256,10,NUMPY_FLOAT64,3,2,1,14816,False,0.13482666015625,0.0001659630797803402
256,10,NUMPY_FLOAT64,4,2,1,5946,False,0.13482666015625,0.00013520405627787113
256,10,NUMPY_FLOAT64,5,3,0,6747,False,0.015625,9.464705362915993e-05
256,10,NUMPY_FLOAT64,6,3,2,3130,False,0.34389519691467285,0.00020176300313323736
256,10,NUMPY_FLOAT64,7,3,0,8541,False,0.015625,5.474803037941456e-05
256,10,NUMPY_FLOAT64,8,4,2,226,True,0.34389519691467285,0.00019433104898780584
256,10,QISKIT_AER_STATEVECTOR,1,1,0,5871,False,0.015625,0.002066384069621563
256,10,QISKIT_AER_STATEVECTOR,2,2,1,5649,False,0.13482666015625,0.016628728015348315
256,10,QISKIT_AER_STATEVECTOR,3,2,1,14816,False,0.13482666015625,0.018819486955180764
256,10,QISKIT_AER_STATEVECTOR,4,2,1,5946,False,0.13482666015625,0.019888304988853633
256,10,QISKIT_AER_STATEVECTOR,5,3,0,6747,False,0.015625,0.002293437020853162
256,10,QISKIT_AER_STATEVECTOR,6,3,2,3130,False,0.3438951969146728,0.03663496999070048
256,10,QISKIT_AER_STATEVECTOR,7,3,0,8541,False,0.015625,0.001737002981826663
256,10,QISKIT_AER_STATEVECTOR,8,4,2,226,True,0.3438951969146728,0.0315855200169608
256,11,NUMPY_FLOAT64,1,1,0,11002,False,0.015625,0.00011247291695326567
256,11,NUMPY_FLOAT64,2,2,0,3872,False,0.015625,9.750900790095329e-05
256,11,NUMPY_FLOAT64,3,2,1,13941,False,0.13482666015625,0.00022419204469770193
256,11,NUMPY_FLOAT64,4,2,0,2093,False,0.015625,9.961600881069899e-05
256,11,NUMPY_FLOAT64,5,3,1,15329,False,0.13482666015625,0.00017836596816778183
256,11,NUMPY_FLOAT64,6,3,2,4750,False,0.34389519691467285,0.0003008060157299042
256,11,NUMPY_FLOAT64,7,3,2,1604,False,0.34389519691467285,0.00030101509764790535
256,11,NUMPY_FLOAT64,8,4,2,15889,False,0.34389519691467285,0.00031815702095627785
256,11,NUMPY_FLOAT64,9,5,0,8408,False,0.015625,8.55069374665618e-05
256,11,NUMPY_FLOAT64,10,6,3,87,True,0.5913801500573754,0.00041336589492857456
256,11,QISKIT_AER_STATEVECTOR,1,1,0,11002,False,0.015625,0.002013850025832653
256,11,QISKIT_AER_STATEVECTOR,2,2,0,3872,False,0.015625,0.0017763320356607437
256,11,QISKIT_AER_STATEVECTOR,3,2,1,13941,False,0.13482666015625,0.01677561504766345
256,11,QISKIT_AER_STATEVECTOR,4,2,0,2093,False,0.015625,0.0022561830701306462
256,11,QISKIT_AER_STATEVECTOR,5,3,1,15329,False,0.13482666015625,0.019388175918720663
256,11,QISKIT_AER_STATEVECTOR,6,3,2,4750,False,0.3438951969146728,0.035255677066743374
256,11,QISKIT_AER_STATEVECTOR,7,3,2,1604,False,0.3438951969146728,0.03607646794989705
256,11,QISKIT_AER_STATEVECTOR,8,4,2,15889,False,0.3438951969146728,0.03500400995835662
256,11,QISKIT_AER_STATEVECTOR,9,5,0,8408,False,0.015625,0.002237844979390502
256,11,QISKIT_AER_STATEVECTOR,10,6,3,87,True,0.5913801500573752,0.05423525196965784
256,12,NUMPY_FLOAT64,1,1,0,4133,False,0.015625,0.00011228001676499844
256,12,NUMPY_FLOAT64,2,2,0,10028,False,0.015625,0.00010042591020464897
256,12,NUMPY_FLOAT64,3,2,0,3341,False,0.015625,8.989602793008089e-05
256,12,NUMPY_FLOAT64,4,2,1,4301,False,0.13482666015625,0.00022103195078670979
256,12,NUMPY_FLOAT64,5,3,1,662,False,0.13482666015625,0.00021730700973421335
256,12,NUMPY_FLOAT64,6,3,0,7000,False,0.015625,7.887405809015036e-05
256,12,NUMPY_FLOAT64,7,3,1,6781,False,0.13482666015625,0.00020793406292796135
256,12,NUMPY_FLOAT64,8,4,2,576,False,0.34389519691467285,0.0002965889871120453
256,12,NUMPY_FLOAT64,9,5,3,12,True,0.5913801500573754,0.0004048809641972184
256,12,QISKIT_AER_STATEVECTOR,1,1,0,4133,False,0.015625,0.0022367299534380436
256,12,QISKIT_AER_STATEVECTOR,2,2,0,10028,False,0.015625,0.0019378300057724118
256,12,QISKIT_AER_STATEVECTOR,3,2,0,3341,False,0.015625,0.0021924920147284865
256,12,QISKIT_AER_STATEVECTOR,4,2,1,4301,False,0.13482666015625,0.01695229299366474
256,12,QISKIT_AER_STATEVECTOR,5,3,1,662,False,0.13482666015625,0.012678652070462704
256,12,QISKIT_AER_STATEVECTOR,6,3,0,7000,False,0.015625,0.0012625850504264235
256,12,QISKIT_AER_STATEVECTOR,7,3,1,6781,False,0.13482666015625,0.018087944015860558
256,12,QISKIT_AER_STATEVECTOR,8,4,2,576,False,0.3438951969146728,0.03691268607508391
256,12,QISKIT_AER_STATEVECTOR,9,5,3,12,True,0.5913801500573752,0.053218442015349865
256,13,NUMPY_FLOAT64,1,1,0,11900,False,0.015625,7.14259222149849e-05
256,13,NUMPY_FLOAT64,2,2,1,5167,False,0.13482666015625,0.00018743006512522697
256,13,NUMPY_FLOAT64,3,2,0,2381,False,0.015625,6.859307177364826e-05
256,13,NUMPY_FLOAT64,4,2,0,11053,False,0.015625,6.439303979277611e-05
256,13,NUMPY_FLOAT64,5,3,1,335,False,0.13482666015625,0.0001497470075264573
256,13,NUMPY_FLOAT64,6,3,0,4466,False,0.015625,5.382997915148735e-05
256,13,NUMPY_FLOAT64,7,3,0,11179,False,0.015625,6.450898945331573e-05
256,13,NUMPY_FLOAT64,8,4,2,11061,False,0.34389519691467285,0.00021430104970932007
256,13,NUMPY_FLOAT64,9,5,2,5631,False,0.34389519691467285,0.00021236797329038382
256,13,NUMPY_FLOAT64,10,6,2,1018,False,0.34389519691467285,0.00020541693083941936
256,13,NUMPY_FLOAT64,11,7,3,224,True,0.5913801500573754,0.0002922989660874009
256,13,QISKIT_AER_STATEVECTOR,1,1,0,11900,False,0.015625,0.0014861570671200752
256,13,QISKIT_AER_STATEVECTOR,2,2,1,5167,False,0.13482666015625,0.011108762002550066
256,13,QISKIT_AER_STATEVECTOR,3,2,0,2381,False,0.015625,0.00122263899538666
256,13,QISKIT_AER_STATEVECTOR,4,2,0,11053,False,0.015625,0.0012019260320812464
256,13,QISKIT_AER_STATEVECTOR,5,3,1,335,False,0.13482666015625,0.010327951051294804
256,13,QISKIT_AER_STATEVECTOR,6,3,0,4466,False,0.015625,0.0012282050447538495
256,13,QISKIT_AER_STATEVECTOR,7,3,0,11179,False,0.015625,0.0011219140142202377
256,13,QISKIT_AER_STATEVECTOR,8,4,2,11061,False,0.3438951969146728,0.019543997943401337
256,13,QISKIT_AER_STATEVECTOR,9,5,2,5631,False,0.3438951969146728,0.025368425995111465
256,13,QISKIT_AER_STATEVECTOR,10,6,2,1018,False,0.3438951969146728,0.022759841987863183
256,13,QISKIT_AER_STATEVECTOR,11,7,3,224,True,0.5913801500573752,0.044756002025678754
256,14,NUMPY_FLOAT64,1,1,0,14678,False,0.015625,0.00011514895595610142
256,14,NUMPY_FLOAT64,2,2,1,13235,False,0.13482666015625,0.0002466599689796567
256,14,NUMPY_FLOAT64,3,2,1,12149,False,0.13482666015625,0.00021862098947167397
256,14,NUMPY_FLOAT64,4,2,0,8588,False,0.015625,8.93039396032691e-05
256,14,NUMPY_FLOAT64,5,3,1,7476,False,0.13482666015625,0.00020786398090422153
256,14,NUMPY_FLOAT64,6,3,1,923,False,0.13482666015625,0.00021170394029468298
256,14,NUMPY_FLOAT64,7,3,0,6409,False,0.015625,7.095490582287312e-05
256,14,NUMPY_FLOAT64,8,4,0,6077,False,0.015625,8.485105354338884e-05
256,14,NUMPY_FLOAT64,9,5,4,237,True,0.8163770193968958,0.0003246390260756016
256,14,QISKIT_AER_STATEVECTOR,1,1,0,14678,False,0.015625,0.0014382950030267239
256,14,QISKIT_AER_STATEVECTOR,2,2,1,13235,False,0.13482666015625,0.011623134952969849
256,14,QISKIT_AER_STATEVECTOR,3,2,1,12149,False,0.13482666015625,0.012030647951178253
256,14,QISKIT_AER_STATEVECTOR,4,2,0,8588,False,0.015625,0.0019023719942197204
256,14,QISKIT_AER_STATEVECTOR,5,3,1,7476,False,0.13482666015625,0.01354929304216057
256,14,QISKIT_AER_STATEVECTOR,6,3,1,923,False,0.13482666015625,0.011837217025458813
256,14,QISKIT_AER_STATEVECTOR,7,3,0,6409,False,0.015625,0.0021545899799093604
256,14,QISKIT_AER_STATEVECTOR,8,4,0,6077,False,0.015625,0.0019828680669888854
256,14,QISKIT_AER_STATEVECTOR,9,5,4,237,True,0.8163770193968947,0.06415690295398235
256,15,NUMPY_FLOAT64,1,1,0,7509,False,0.015625,0.00011070899199694395
256,15,NUMPY_FLOAT64,2,2,0,8803,False,0.015625,9.889202192425728e-05
256,15,NUMPY_FLOAT64,3,2,1,11473,False,0.13482666015625,0.00016857509035617113
256,15,NUMPY_FLOAT64,4,2,1,3632,False,0.13482666015625,0.00015011499635875225
256,15,NUMPY_FLOAT64,5,3,1,5420,False,0.13482666015625,0.0001988159492611885
256,15,NUMPY_FLOAT64,6,3,1,12240,False,0.13482666015625,0.00020362692885100842
256,15,NUMPY_FLOAT64,7,3,1,14153,False,0.13482666015625,0.00013183709233999252
256,15,NUMPY_FLOAT64,8,4,2,15391,False,0.34389519691467285,0.00019330601207911968
256,15,NUMPY_FLOAT64,9,5,1,10391,False,0.13482666015625,0.00017898401711136103
256,15,NUMPY_FLOAT64,10,6,0,3854,False,0.015625,5.7688914239406586e-05
256,15,NUMPY_FLOAT64,11,7,3,9894,False,0.5913801500573754,0.00024429592303931713
256,15,NUMPY_FLOAT64,12,8,0,3306,False,0.015625,5.7690078392624855e-05
256,15,NUMPY_FLOAT64,13,9,7,178,True,0.9074492475732607,0.0005331260617822409
256,15,QISKIT_AER_STATEVECTOR,1,1,0,7509,False,0.015625,0.0024004889419302344
256,15,QISKIT_AER_STATEVECTOR,2,2,0,8803,False,0.015625,0.0017057490767911077
256,15,QISKIT_AER_STATEVECTOR,3,2,1,11473,False,0.13482666015625,0.01980732602532953
256,15,QISKIT_AER_STATEVECTOR,4,2,1,3632,False,0.13482666015625,0.019988557090982795
256,15,QISKIT_AER_STATEVECTOR,5,3,1,5420,False,0.13482666015625,0.015808406053110957
256,15,QISKIT_AER_STATEVECTOR,6,3,1,12240,False,0.13482666015625,0.01338322798255831
256,15,QISKIT_AER_STATEVECTOR,7,3,1,14153,False,0.13482666015625,0.013521290966309607
256,15,QISKIT_AER_STATEVECTOR,8,4,2,15391,False,0.3438951969146728,0.028959985938854516
256,15,QISKIT_AER_STATEVECTOR,9,5,1,10391,False,0.13482666015625,0.016245933016762137
256,15,QISKIT_AER_STATEVECTOR,10,6,0,3854,False,0.015625,0.0017325569642707705
256,15,QISKIT_AER_STATEVECTOR,11,7,3,9894,False,0.5913801500573752,0.05080040299799293
256,15,QISKIT_AER_STATEVECTOR,12,8,0,3306,False,0.015625,0.0018325219862163067
256,15,QISKIT_AER_STATEVECTOR,13,9,7,178,True,0.9074492475732572,0.10162973892875016
256,16,NUMPY_FLOAT64,1,1,0,11090,False,0.015625,0.00011715595610439777
256,16,NUMPY_FLOAT64,2,2,0,6601,False,0.015625,0.00010205293074250221
256,16,NUMPY_FLOAT64,3,2,0,14776,False,0.015625,8.11299541965127e-05
256,16,NUMPY_FLOAT64,4,2,1,11816,False,0.13482666015625,0.0002046369481831789
256,16,NUMPY_FLOAT64,5,3,2,5390,False,0.34389519691467285,0.0003078179433941841
256,16,NUMPY_FLOAT64,6,3,1,12563,False,0.13482666015625,0.00011311692651361227
256,16,NUMPY_FLOAT64,7,3,2,6759,False,0.34389519691467285,0.00030765205156058073
256,16,NUMPY_FLOAT64,8,4,0,5072,False,0.015625,5.364697426557541e-05
256,16,NUMPY_FLOAT64,9,5,1,13,True,0.13482666015625,0.00020169198978692293
256,16,QISKIT_AER_STATEVECTOR,1,1,0,11090,False,0.015625,0.002405585953965783
256,16,QISKIT_AER_STATEVECTOR,2,2,0,6601,False,0.015625,0.0022537560435011983
256,16,QISKIT_AER_STATEVECTOR,3,2,0,14776,False,0.015625,0.002302092034369707
256,16,QISKIT_AER_STATEVECTOR,4,2,1,11816,False,0.13482666015625,0.01997590495739132
256,16,QISKIT_AER_STATEVECTOR,5,3,2,5390,False,0.3438951969146728,0.028418613015674055
256,16,QISKIT_AER_STATEVECTOR,6,3,1,12563,False,0.13482666015625,0.011767177958972752
256,16,QISKIT_AER_STATEVECTOR,7,3,2,6759,False,0.3438951969146728,0.02555609797127545
256,16,QISKIT_AER_STATEVECTOR,8,4,0,5072,False,0.015625,0.0013605679851025343
256,16,QISKIT_AER_STATEVECTOR,9,5,1,13,True,0.13482666015625,0.01106751395855099
256,17,NUMPY_FLOAT64,1,1,0,6320,False,0.015625,6.250001024454832e-05
256,17,NUMPY_FLOAT64,2,2,1,9513,False,0.13482666015625,0.0001308739883825183
256,17,NUMPY_FLOAT64,3,2,0,6470,False,0.015625,4.7995010390877724e-05
256,17,NUMPY_FLOAT64,4,2,0,10654,False,0.015625,7.324898615479469e-05
256,17,NUMPY_FLOAT64,5,3,0,11719,False,0.015625,4.654307849705219e-05
256,17,NUMPY_FLOAT64,6,3,2,13093,False,0.34389519691467285,0.00016288296319544315
256,17,NUMPY_FLOAT64,7,3,2,225,True,0.34389519691467285,0.00016214698553085327
256,17,QISKIT_AER_STATEVECTOR,1,1,0,6320,False,0.015625,0.0012869969941675663
256,17,QISKIT_AER_STATEVECTOR,2,2,1,9513,False,0.13482666015625,0.011762548936530948
256,17,QISKIT_AER_STATEVECTOR,3,2,0,6470,False,0.015625,0.00233075104188174
256,17,QISKIT_AER_STATEVECTOR,4,2,0,10654,False,0.015625,0.001229768036864698
256,17,QISKIT_AER_STATEVECTOR,5,3,0,11719,False,0.015625,0.0013907370157539845
256,17,QISKIT_AER_STATEVECTOR,6,3,2,13093,False,0.3438951969146728,0.02016107097733766
256,17,QISKIT_AER_STATEVECTOR,7,3,2,225,True,0.3438951969146728,0.02050310093909502
256,18,NUMPY_FLOAT64,1,1,0,8202,False,0.015625,6.004690658301115e-05
256,18,NUMPY_FLOAT64,2,2,1,2627,False,0.13482666015625,0.00013929489068686962
256,18,NUMPY_FLOAT64,3,2,1,13581,False,0.13482666015625,0.00010810093954205513
256,18,NUMPY_FLOAT64,4,2,0,8101,False,0.015625,4.69329534098506e-05
256,18,NUMPY_FLOAT64,5,3,0,14657,False,0.015625,4.393595736473799e-05
256,18,NUMPY_FLOAT64,6,3,2,111,True,0.34389519691467285,0.00016604096163064241
256,18,QISKIT_AER_STATEVECTOR,1,1,0,8202,False,0.015625,0.0013166330754756927
256,18,QISKIT_AER_STATEVECTOR,2,2,1,2627,False,0.13482666015625,0.011219289968721569
256,18,QISKIT_AER_STATEVECTOR,3,2,1,13581,False,0.13482666015625,0.018168559996411204
256,18,QISKIT_AER_STATEVECTOR,4,2,0,8101,False,0.015625,0.0015269420109689236
256,18,QISKIT_AER_STATEVECTOR,5,3,0,14657,False,0.015625,0.0013835369609296322
256,18,QISKIT_AER_STATEVECTOR,6,3,2,111,True,0.3438951969146728,0.022842996986582875
256,19,NUMPY_FLOAT64,1,1,0,13472,False,0.015625,6.268511060625315e-05
256,19,NUMPY_FLOAT64,2,2,0,3693,False,0.015625,6.109802052378654e-05
256,19,NUMPY_FLOAT64,3,2,1,110,True,0.13482666015625,0.00011748704127967358
256,19,QISKIT_AER_STATEVECTOR,1,1,0,13472,False,0.015625,0.0012418960686773062
256,19,QISKIT_AER_STATEVECTOR,2,2,0,3693,False,0.015625,0.0013117360649630427
256,19,QISKIT_AER_STATEVECTOR,3,2,1,110,True,0.13482666015625,0.01443137798923999
256,20,NUMPY_FLOAT64,1,1,0,8662,False,0.015625,6.54800096526742e-05
256,20,NUMPY_FLOAT64,2,2,0,4798,False,0.015625,5.502300336956978e-05
256,20,NUMPY_FLOAT64,3,2,0,1412,False,0.015625,4.736694972962141e-05
256,20,NUMPY_FLOAT64,4,2,0,8513,False,0.015625,8.689495734870434e-05
256,20,NUMPY_FLOAT64,5,3,0,5907,False,0.015625,8.522404823452234e-05
256,20,NUMPY_FLOAT64,6,3,2,7378,False,0.34389519691467285,0.0002311388961970806
256,20,NUMPY_FLOAT64,7,3,1,9137,False,0.13482666015625,0.00012257997877895832
256,20,NUMPY_FLOAT64,8,4,3,49,True,0.5913801500573754,0.0003003759775310755
256,20,QISKIT_AER_STATEVECTOR,1,1,0,8662,False,0.015625,0.0016991179436445236
256,20,QISKIT_AER_STATEVECTOR,2,2,0,4798,False,0.015625,0.001482195919379592
256,20,QISKIT_AER_STATEVECTOR,3,2,0,1412,False,0.015625,0.0015136200236156583
256,20,QISKIT_AER_STATEVECTOR,4,2,0,8513,False,0.015625,0.0014223059406504035
256,20,QISKIT_AER_STATEVECTOR,5,3,0,5907,False,0.015625,0.0018297460628673434
256,20,QISKIT_AER_STATEVECTOR,6,3,2,7378,False,0.3438951969146728,0.024044135003350675
256,20,QISKIT_AER_STATEVECTOR,7,3,1,9137,False,0.13482666015625,0.0128856070805341
256,20,QISKIT_AER_STATEVECTOR,8,4,3,49,True,0.5913801500573752,0.03110190504230559
256,21,NUMPY_FLOAT64,1,1,0,3644,False,0.015625,6.43259845674038e-05
256,21,NUMPY_FLOAT64,2,2,1,5784,False,0.13482666015625,0.00014166696928441525
256,21,NUMPY_FLOAT64,3,2,0,16204,False,0.015625,4.621699918061495e-05
256,21,NUMPY_FLOAT64,4,2,1,1947,False,0.13482666015625,0.000105437939055264
256,21,NUMPY_FLOAT64,5,3,2,12086,False,0.34389519691467285,0.00016027700621634722
256,21,NUMPY_FLOAT64,6,3,0,9606,False,0.015625,4.4276006519794464e-05
256,21,NUMPY_FLOAT64,7,3,1,12762,False,0.13482666015625,0.00010028097312897444
256,21,NUMPY_FLOAT64,8,4,1,267,False,0.13482666015625,0.00012910307850688696
256,21,NUMPY_FLOAT64,9,5,2,174,True,0.34389519691467285,0.0001592789776623249
256,21,QISKIT_AER_STATEVECTOR,1,1,0,3644,False,0.015625,0.0013313909294083714
256,21,QISKIT_AER_STATEVECTOR,2,2,1,5784,False,0.13482666015625,0.010473213973455131
256,21,QISKIT_AER_STATEVECTOR,3,2,0,16204,False,0.015625,0.0011938950046896935
256,21,QISKIT_AER_STATEVECTOR,4,2,1,1947,False,0.13482666015625,0.010965873952955008
256,21,QISKIT_AER_STATEVECTOR,5,3,2,12086,False,0.3438951969146728,0.024006371037103236
256,21,QISKIT_AER_STATEVECTOR,6,3,0,9606,False,0.015625,0.0012163120554760098
256,21,QISKIT_AER_STATEVECTOR,7,3,1,12762,False,0.13482666015625,0.010557007044553757
256,21,QISKIT_AER_STATEVECTOR,8,4,1,267,False,0.13482666015625,0.010491630993783474
256,21,QISKIT_AER_STATEVECTOR,9,5,2,174,True,0.3438951969146728,0.020364481955766678
256,22,NUMPY_FLOAT64,1,1,0,15378,False,0.015625,6.781204137951136e-05
256,22,NUMPY_FLOAT64,2,2,1,6962,False,0.13482666015625,0.00017246801871806383
256,22,NUMPY_FLOAT64,3,2,1,7613,False,0.13482666015625,0.0001156009966507554
256,22,NUMPY_FLOAT64,4,2,1,6681,False,0.13482666015625,0.00010813295375555754
256,22,NUMPY_FLOAT64,5,3,2,6121,False,0.34389519691467285,0.00016583502292633057
256,22,NUMPY_FLOAT64,6,3,0,6740,False,0.015625,4.6192086301743984e-05
256,22,NUMPY_FLOAT64,7,3,0,9433,False,0.015625,4.4380081817507744e-05
256,22,NUMPY_FLOAT64,8,4,1,231,True,0.13482666015625,0.00010840792674571276
256,22,QISKIT_AER_STATEVECTOR,1,1,0,15378,False,0.015625,0.001420069020241499
256,22,QISKIT_AER_STATEVECTOR,2,2,1,6962,False,0.13482666015625,0.010738949058577418
256,22,QISKIT_AER_STATEVECTOR,3,2,1,7613,False,0.13482666015625,0.01076926407404244
256,22,QISKIT_AER_STATEVECTOR,4,2,1,6681,False,0.13482666015625,0.010251576080918312
256,22,QISKIT_AER_STATEVECTOR,5,3,2,6121,False,0.3438951969146728,0.021523904986679554
256,22,QISKIT_AER_STATEVECTOR,6,3,0,6740,False,0.015625,0.00139709806535393
256,22,QISKIT_AER_STATEVECTOR,7,3,0,9433,False,0.015625,0.0012418229598551989
256,22,QISKIT_AER_STATEVECTOR,8,4,1,231,True,0.13482666015625,0.011225991998799145
256,23,NUMPY_FLOAT64,1,1,0,103,True,0.015625,6.921205203980207e-05
256,23,QISKIT_AER_STATEVECTOR,1,1,0,103,True,0.015625,0.0013106151018291712
256,24,NUMPY_FLOAT64,1,1,0,300,False,0.015625,7.07369763404131e-05
256,24,NUMPY_FLOAT64,2,2,0,6888,False,0.015625,6.683496758341789e-05
256,24,NUMPY_FLOAT64,3,2,0,355,False,0.015625,8.969800546765327e-05
256,24,NUMPY_FLOAT64,4,2,1,7414,False,0.13482666015625,0.00023497699294239283
256,24,NUMPY_FLOAT64,5,3,1,10328,False,0.13482666015625,0.00014973198994994164
256,24,NUMPY_FLOAT64,6,3,2,244,True,0.34389519691467285,0.00020797294564545155
256,24,QISKIT_AER_STATEVECTOR,1,1,0,300,False,0.015625,0.0012974259443581104
256,24,QISKIT_AER_STATEVECTOR,2,2,0,6888,False,0.015625,0.0014409269206225872
256,24,QISKIT_AER_STATEVECTOR,3,2,0,355,False,0.015625,0.0014698459999635816
256,24,QISKIT_AER_STATEVECTOR,4,2,1,7414,False,0.13482666015625,0.013511919998563826
256,24,QISKIT_AER_STATEVECTOR,5,3,1,10328,False,0.13482666015625,0.012207966996356845
256,24,QISKIT_AER_STATEVECTOR,6,3,2,244,True,0.3438951969146728,0.022935857996344566
256,25,NUMPY_FLOAT64,1,1,0,6519,False,0.015625,7.805495988577604e-05
256,25,NUMPY_FLOAT64,2,2,1,5500,False,0.13482666015625,0.00017569109331816435
256,25,NUMPY_FLOAT64,3,2,0,4162,False,0.015625,5.7533965446054935e-05
256,25,NUMPY_FLOAT64,4,2,0,14471,False,0.015625,6.0245045460760593e-05
256,25,NUMPY_FLOAT64,5,3,1,10243,False,0.13482666015625,0.0001377669395878911
256,25,NUMPY_FLOAT64,6,3,1,13123,False,0.13482666015625,0.00018455705139786005
256,25,NUMPY_FLOAT64,7,3,1,8827,False,0.13482666015625,0.00013360404409468174
256,25,NUMPY_FLOAT64,8,4,0,15989,False,0.015625,5.53010031580925e-05
256,25,NUMPY_FLOAT64,9,5,4,12117,False,0.8163770193968958,0.0003355940571054816
256,25,NUMPY_FLOAT64,10,6,5,79,True,0.9635154816192113,0.0004464029334485531
256,25,QISKIT_AER_STATEVECTOR,1,1,0,6519,False,0.015625,0.002242410904727876
256,25,QISKIT_AER_STATEVECTOR,2,2,1,5500,False,0.13482666015625,0.019551801029592752
256,25,QISKIT_AER_STATEVECTOR,3,2,0,4162,False,0.015625,0.0022796080447733402
256,25,QISKIT_AER_STATEVECTOR,4,2,0,14471,False,0.015625,0.0022554679308086634
256,25,QISKIT_AER_STATEVECTOR,5,3,1,10243,False,0.13482666015625,0.019636248936876655
256,25,QISKIT_AER_STATEVECTOR,6,3,1,13123,False,0.13482666015625,0.013652269961312413
256,25,QISKIT_AER_STATEVECTOR,7,3,1,8827,False,0.13482666015625,0.017454729066230357
256,25,QISKIT_AER_STATEVECTOR,8,4,0,15989,False,0.015625,0.00180335296317935
256,25,QISKIT_AER_STATEVECTOR,9,5,4,12117,False,0.8163770193968947,0.045141572947613895
256,25,QISKIT_AER_STATEVECTOR,10,6,5,79,True,0.9635154816192089,0.07515528600197285
256,26,NUMPY_FLOAT64,1,1,0,9401,False,0.015625,6.54000323265791e-05
256,26,NUMPY_FLOAT64,2,2,1,10023,False,0.13482666015625,0.00019828404765576124
256,26,NUMPY_FLOAT64,3,2,1,3936,False,0.13482666015625,0.00017449597362428904
256,26,NUMPY_FLOAT64,4,2,0,7922,False,0.015625,8.764001540839672e-05
256,26,NUMPY_FLOAT64,5,3,1,8925,False,0.13482666015625,0.0002002620603889227
256,26,NUMPY_FLOAT64,6,3,1,9607,False,0.13482666015625,0.00017377501353621483
256,26,NUMPY_FLOAT64,7,3,0,1314,False,0.015625,8.398806676268578e-05
256,26,NUMPY_FLOAT64,8,4,0,15728,False,0.015625,6.90479064360261e-05
256,26,NUMPY_FLOAT64,9,5,3,228,True,0.5913801500573754,0.00040191703010350466
256,26,QISKIT_AER_STATEVECTOR,1,1,0,9401,False,0.015625,0.0024445808958262205
256,26,QISKIT_AER_STATEVECTOR,2,2,1,10023,False,0.13482666015625,0.01850500807631761
256,26,QISKIT_AER_STATEVECTOR,3,2,1,3936,False,0.13482666015625,0.019516892032697797
256,26,QISKIT_AER_STATEVECTOR,4,2,0,7922,False,0.015625,0.0022191000171005726
256,26,QISKIT_AER_STATEVECTOR,5,3,1,8925,False,0.13482666015625,0.018133403034880757
256,26,QISKIT_AER_STATEVECTOR,6,3,1,9607,False,0.13482666015625,0.0197920500067994
256,26,QISKIT_AER_STATEVECTOR,7,3,0,1314,False,0.015625,0.002300297957845032
256,26,QISKIT_AER_STATEVECTOR,8,4,0,15728,False,0.015625,0.0022423960035666823
256,26,QISKIT_AER_STATEVECTOR,9,5,3,228,True,0.5913801500573752,0.04268445901107043
256,27,NUMPY_FLOAT64,1,1,0,15999,False,0.015625,0.00011778203770518303
256,27,NUMPY_FLOAT64,2,2,0,10014,False,0.015625,9.569397661834955e-05
256,27,NUMPY_FLOAT64,3,2,1,10537,False,0.13482666015625,0.000248186057433486
256,27,NUMPY_FLOAT64,4,2,1,15290,False,0.13482666015625,0.00021005910821259022
256,27,NUMPY_FLOAT64,5,3,0,14469,False,0.015625,6.115902215242386e-05
256,27,NUMPY_FLOAT64,6,3,2,15918,False,0.34389519691467285,0.00022591894958168268
256,27,NUMPY_FLOAT64,7,3,1,5447,False,0.13482666015625,0.00020914804190397263
256,27,NUMPY_FLOAT64,8,4,1,6534,False,0.13482666015625,0.0002046170411631465
256,27,NUMPY_FLOAT64,9,5,4,254,True,0.8163770193968958,0.0005171229131519794
256,27,QISKIT_AER_STATEVECTOR,1,1,0,15999,False,0.015625,0.0017882020911201835
256,27,QISKIT_AER_STATEVECTOR,2,2,0,10014,False,0.015625,0.0016238930402323604
256,27,QISKIT_AER_STATEVECTOR,3,2,1,10537,False,0.13482666015625,0.013395537971518934
256,27,QISKIT_AER_STATEVECTOR,4,2,1,15290,False,0.13482666015625,0.012247098959051073
256,27,QISKIT_AER_STATEVECTOR,5,3,0,14469,False,0.015625,0.0012515239650383592
256,27,QISKIT_AER_STATEVECTOR,6,3,2,15918,False,0.3438951969146728,0.03743194602429867
256,27,QISKIT_AER_STATEVECTOR,7,3,1,5447,False,0.13482666015625,0.020206709974445403
256,27,QISKIT_AER_STATEVECTOR,8,4,1,6534,False,0.13482666015625,0.01664968195836991
256,27,QISKIT_AER_STATEVECTOR,9,5,4,254,True,0.8163770193968947,0.05932419595774263
256,28,NUMPY_FLOAT64,1,1,0,12935,False,0.015625,6.0906982980668545e-05
256,28,NUMPY_FLOAT64,2,2,0,15657,False,0.015625,4.759593866765499e-05
256,28,NUMPY_FLOAT64,3,2,0,12822,False,0.015625,4.432699643075466e-05
256,28,NUMPY_FLOAT64,4,2,0,2388,False,0.015625,4.8437039367854595e-05
256,28,NUMPY_FLOAT64,5,3,1,13578,False,0.13482666015625,0.00013457401655614376
256,28,NUMPY_FLOAT64,6,3,0,5320,False,0.015625,4.375702701508999e-05
256,28,NUMPY_FLOAT64,7,3,2,7418,False,0.34389519691467285,0.0001625180011615157
256,28,NUMPY_FLOAT64,8,4,1,7067,False,0.13482666015625,9.808200411498547e-05
256,28,NUMPY_FLOAT64,9,5,3,13333,False,0.5913801500573754,0.00020225998014211655
256,28,NUMPY_FLOAT64,10,6,1,13870,False,0.13482666015625,9.63619677349925e-05
256,28,NUMPY_FLOAT64,11,7,3,1486,False,0.5913801500573754,0.00020539003890007734
256,28,NUMPY_FLOAT64,12,8,7,152,True,0.9074492475732607,0.0004084670217707753
256,28,QISKIT_AER_STATEVECTOR,1,1,0,12935,False,0.015625,0.0012747719883918762
256,28,QISKIT_AER_STATEVECTOR,2,2,0,15657,False,0.015625,0.0011509970063343644
256,28,QISKIT_AER_STATEVECTOR,3,2,0,12822,False,0.015625,0.00115560507401824
256,28,QISKIT_AER_STATEVECTOR,4,2,0,2388,False,0.015625,0.0011530349729582667
256,28,QISKIT_AER_STATEVECTOR,5,3,1,13578,False,0.13482666015625,0.010358012979850173
256,28,QISKIT_AER_STATEVECTOR,6,3,0,5320,False,0.015625,0.00117704295553267
256,28,QISKIT_AER_STATEVECTOR,7,3,2,7418,False,0.3438951969146728,0.019355662050656974
256,28,QISKIT_AER_STATEVECTOR,8,4,1,7067,False,0.13482666015625,0.010582813993096352
256,28,QISKIT_AER_STATEVECTOR,9,5,3,13333,False,0.5913801500573752,0.03690372395794839
256,28,QISKIT_AER_STATEVECTOR,10,6,1,13870,False,0.13482666015625,0.018077893066219985
256,28,QISKIT_AER_STATEVECTOR,11,7,3,1486,False,0.5913801500573752,0.03544773207977414
256,28,QISKIT_AER_STATEVECTOR,12,8,7,152,True,0.9074492475732572,0.1106554800644517
256,29,NUMPY_FLOAT64,1,1,0,15036,False,0.015625,9.88449901342392e-05
256,29,NUMPY_FLOAT64,2,2,1,134,True,0.13482666015625,0.00024530000519007444
256,29,QISKIT_AER_STATEVECTOR,1,1,0,15036,False,0.015625,0.0022786069894209504
256,29,QISKIT_AER_STATEVECTOR,2,2,1,134,True,0.13482666015625,0.020129117066971958
256,30,NUMPY_FLOAT64,1,1,0,13912,False,0.015625,0.000110602006316185
256,30,NUMPY_FLOAT64,2,2,1,14897,False,0.13482666015625,0.00022448599338531494
256,30,NUMPY_FLOAT64,3,2,1,249,True,0.13482666015625,0.00020174810197204351
256,30,QISKIT_AER_STATEVECTOR,1,1,0,13912,False,0.015625,0.0022948840633034706
256,30,QISKIT_AER_STATEVECTOR,2,2,1,14897,False,0.13482666015625,0.015124886995181441
256,30,QISKIT_AER_STATEVECTOR,3,2,1,249,True,0.13482666015625,0.017031644005328417
256,31,NUMPY_FLOAT64,1,1,0,15380,False,0.015625,5.481101106852293e-05
256,31,NUMPY_FLOAT64,2,2,0,9806,False,0.015625,4.8024929128587246e-05
256,31,NUMPY_FLOAT64,3,2,1,1747,False,0.13482666015625,0.00013004906941205263
256,31,NUMPY_FLOAT64,4,2,0,2506,False,0.015625,8.978100959211588e-05
256,31,NUMPY_FLOAT64,5,3,1,13551,False,0.13482666015625,0.00020224903710186481
256,31,NUMPY_FLOAT64,6,3,0,10855,False,0.015625,9.565101936459541e-05
256,31,NUMPY_FLOAT64,7,3,1,6375,False,0.13482666015625,0.00019802490714937449
256,31,NUMPY_FLOAT64,8,4,3,7871,False,0.5913801500573754,0.0004095669137313962
256,31,NUMPY_FLOAT64,9,5,3,5901,False,0.5913801500573754,0.0003978919703513384
256,31,NUMPY_FLOAT64,10,6,1,7503,False,0.13482666015625,0.00019228796008974314
256,31,NUMPY_FLOAT64,11,7,0,1827,False,0.015625,8.505699224770069e-05
256,31,NUMPY_FLOAT64,12,8,4,2482,False,0.8163770193968958,0.0004816419677808881
256,31,NUMPY_FLOAT64,13,9,5,17,True,0.9635154816192113,0.0005066969897598028
256,31,QISKIT_AER_STATEVECTOR,1,1,0,15380,False,0.015625,0.0018216019961982965
256,31,QISKIT_AER_STATEVECTOR,2,2,0,9806,False,0.015625,0.002135015092790127
256,31,QISKIT_AER_STATEVECTOR,3,2,1,1747,False,0.13482666015625,0.01945234800223261
256,31,QISKIT_AER_STATEVECTOR,4,2,0,2506,False,0.015625,0.0023161590797826648
256,31,QISKIT_AER_STATEVECTOR,5,3,1,13551,False,0.13482666015625,0.01962193299550563
256,31,QISKIT_AER_STATEVECTOR,6,3,0,10855,False,0.015625,0.002300768974237144
256,31,QISKIT_AER_STATEVECTOR,7,3,1,6375,False,0.13482666015625,0.015330291935242712
256,31,QISKIT_AER_STATEVECTOR,8,4,3,7871,False,0.5913801500573752,0.035409557982347906
256,31,QISKIT_AER_STATEVECTOR,9,5,3,5901,False,0.5913801500573752,0.04257084603887051
256,31,QISKIT_AER_STATEVECTOR,10,6,1,7503,False,0.13482666015625,0.020152817014604807
256,31,QISKIT_AER_STATEVECTOR,11,7,0,1827,False,0.015625,0.0023571159690618515
256,31,QISKIT_AER_STATEVECTOR,12,8,4,2482,False,0.8163770193968947,0.07161208603065461
256,31,QISKIT_AER_STATEVECTOR,13,9,5,17,True,0.9635154816192089,0.07267885701730847
256,32,NUMPY_FLOAT64,1,1,0,48,True,0.015625,5.9342943131923676e-05
256,32,QISKIT_AER_STATEVECTOR,1,1,0,48,True,0.015625,0.0013324159663170576
256,33,NUMPY_FLOAT64,1,1,0,16321,False,0.015625,5.556002724915743e-05
256,33,NUMPY_FLOAT64,2,2,1,10535,False,0.13482666015625,0.00014301692135632038
256,33,NUMPY_FLOAT64,3,2,0,10330,False,0.015625,8.089200127869844e-05
256,33,NUMPY_FLOAT64,4,2,0,11800,False,0.015625,8.357199840247631e-05
256,33,NUMPY_FLOAT64,5,3,1,3211,False,0.13482666015625,0.00020050397142767906
256,33,NUMPY_FLOAT64,6,3,0,6397,False,0.015625,9.194889571517706e-05
256,33,NUMPY_FLOAT64,7,3,1,4229,False,0.13482666015625,0.00019892107229679823
256,33,NUMPY_FLOAT64,8,4,1,11143,False,0.13482666015625,0.00019642803817987442
256,33,NUMPY_FLOAT64,9,5,1,9376,False,0.13482666015625,0.00019178702495992184
256,33,NUMPY_FLOAT64,10,6,2,9919,False,0.34389519691467285,0.0002945610322058201
256,33,NUMPY_FLOAT64,11,7,0,15381,False,0.015625,8.511298801749945e-05
256,33,NUMPY_FLOAT64,12,8,4,240,True,0.8163770193968958,0.0005138240521773696
256,33,QISKIT_AER_STATEVECTOR,1,1,0,16321,False,0.015625,0.002102584927342832
256,33,QISKIT_AER_STATEVECTOR,2,2,1,10535,False,0.13482666015625,0.019483788986690342
256,33,QISKIT_AER_STATEVECTOR,3,2,0,10330,False,0.015625,0.0022520379861816764
256,33,QISKIT_AER_STATEVECTOR,4,2,0,11800,False,0.015625,0.002245420007966459
256,33,QISKIT_AER_STATEVECTOR,5,3,1,3211,False,0.13482666015625,0.0196759020909667
256,33,QISKIT_AER_STATEVECTOR,6,3,0,6397,False,0.015625,0.0023304069181904197
256,33,QISKIT_AER_STATEVECTOR,7,3,1,4229,False,0.13482666015625,0.019146303995512426
256,33,QISKIT_AER_STATEVECTOR,8,4,1,11143,False,0.13482666015625,0.01911299501080066
256,33,QISKIT_AER_STATEVECTOR,9,5,1,9376,False,0.13482666015625,0.015314475051127374
256,33,QISKIT_AER_STATEVECTOR,10,6,2,9919,False,0.3438951969146728,0.022064205026254058
256,33,QISKIT_AER_STATEVECTOR,11,7,0,15381,False,0.015625,0.0011965589364990592
256,33,QISKIT_AER_STATEVECTOR,12,8,4,240,True,0.8163770193968947,0.05372397101018578
256,34,NUMPY_FLOAT64,1,1,0,8928,False,0.015625,6.251898594200611e-05
256,34,NUMPY_FLOAT64,2,2,1,15887,False,0.13482666015625,0.00013298692647367716
256,34,NUMPY_FLOAT64,3,2,1,12509,False,0.13482666015625,0.00020392308942973614
256,34,NUMPY_FLOAT64,4,2,0,15908,False,0.015625,8.629506919533014e-05
256,34,NUMPY_FLOAT64,5,3,1,189,True,0.13482666015625,0.00010757101699709892
256,34,QISKIT_AER_STATEVECTOR,1,1,0,8928,False,0.015625,0.0013006299268454313
256,34,QISKIT_AER_STATEVECTOR,2,2,1,15887,False,0.13482666015625,0.011303159990347922
256,34,QISKIT_AER_STATEVECTOR,3,2,1,12509,False,0.13482666015625,0.015483862021937966
256,34,QISKIT_AER_STATEVECTOR,4,2,0,15908,False,0.015625,0.0023173930821940303
256,34,QISKIT_AER_STATEVECTOR,5,3,1,189,True,0.13482666015625,0.02017252193763852
256,35,NUMPY_FLOAT64,1,1,0,12459,False,0.015625,0.00012015004176646471
256,35,NUMPY_FLOAT64,2,2,0,12151,False,0.015625,0.00010023696813732386
256,35,NUMPY_FLOAT64,3,2,1,10858,False,0.13482666015625,0.00022110796999186277
256,35,NUMPY_FLOAT64,4,2,1,14538,False,0.13482666015625,0.00020516710355877876
256,35,NUMPY_FLOAT64,5,3,1,11986,False,0.13482666015625,0.000198442954570055
256,35,NUMPY_FLOAT64,6,3,1,12209,False,0.13482666015625,0.00019706797320395708
256,35,NUMPY_FLOAT64,7,3,1,1025,False,0.13482666015625,0.00018758198712021112
256,35,NUMPY_FLOAT64,8,4,3,171,True,0.5913801500573754,0.0004096239572390914
256,35,QISKIT_AER_STATEVECTOR,1,1,0,12459,False,0.015625,0.002330405986867845
256,35,QISKIT_AER_STATEVECTOR,2,2,0,12151,False,0.015625,0.0023372070863842964
256,35,QISKIT_AER_STATEVECTOR,3,2,1,10858,False,0.13482666015625,0.019113712012767792
256,35,QISKIT_AER_STATEVECTOR,4,2,1,14538,False,0.13482666015625,0.012509015970863402
256,35,QISKIT_AER_STATEVECTOR,5,3,1,11986,False,0.13482666015625,0.012106193928048015
256,35,QISKIT_AER_STATEVECTOR,6,3,1,12209,False,0.13482666015625,0.016888628946617246
256,35,QISKIT_AER_STATEVECTOR,7,3,1,1025,False,0.13482666015625,0.019578455947339535
256,35,QISKIT_AER_STATEVECTOR,8,4,3,171,True,0.5913801500573752,0.04354978597257286
256,36,NUMPY_FLOAT64,1,1,0,13011,False,0.015625,6.492901593446732e-05
256,36,NUMPY_FLOAT64,2,2,0,2797,False,0.015625,5.7694967836141586e-05
256,36,NUMPY_FLOAT64,3,2,0,5669,False,0.015625,4.563899710774422e-05
256,36,NUMPY_FLOAT64,4,2,0,2068,False,0.015625,4.329998046159744e-05
256,36,NUMPY_FLOAT64,5,3,0,14456,False,0.015625,4.460196942090988e-05
256,36,NUMPY_FLOAT64,6,3,2,11268,False,0.34389519691467285,0.00027955404948443174
256,36,NUMPY_FLOAT64,7,3,1,14183,False,0.13482666015625,0.00015252595767378807
256,36,NUMPY_FLOAT64,8,4,2,6720,False,0.34389519691467285,0.00026290107052773237
256,36,NUMPY_FLOAT64,9,5,4,108,True,0.8163770193968958,0.0003262939862906933
256,36,QISKIT_AER_STATEVECTOR,1,1,0,13011,False,0.015625,0.0012072520330548286
256,36,QISKIT_AER_STATEVECTOR,2,2,0,2797,False,0.015625,0.0019172809552401304
256,36,QISKIT_AER_STATEVECTOR,3,2,0,5669,False,0.015625,0.0015390829648822546
256,36,QISKIT_AER_STATEVECTOR,4,2,0,2068,False,0.015625,0.001176048070192337
256,36,QISKIT_AER_STATEVECTOR,5,3,0,14456,False,0.015625,0.0015514150727540255
256,36,QISKIT_AER_STATEVECTOR,6,3,2,11268,False,0.3438951969146728,0.03675040800590068
256,36,QISKIT_AER_STATEVECTOR,7,3,1,14183,False,0.13482666015625,0.015437192982062697
256,36,QISKIT_AER_STATEVECTOR,8,4,2,6720,False,0.3438951969146728,0.022237475030124187
256,36,QISKIT_AER_STATEVECTOR,9,5,4,108,True,0.8163770193968947,0.0714969509281218
256,37,NUMPY_FLOAT64,1,1,0,2336,False,0.015625,0.00011461495887488127
256,37,NUMPY_FLOAT64,2,2,1,11594,False,0.13482666015625,0.000243813032284379
256,37,NUMPY_FLOAT64,3,2,0,5298,False,0.015625,0.00010627694427967072
256,37,NUMPY_FLOAT64,4,2,1,9993,False,0.13482666015625,0.00021110894158482552
256,37,NUMPY_FLOAT64,5,3,1,9132,False,0.13482666015625,0.00020572904031723738
256,37,NUMPY_FLOAT64,6,3,2,5480,False,0.34389519691467285,0.0003175470046699047
256,37,NUMPY_FLOAT64,7,3,0,14878,False,0.015625,8.642603643238544e-05
256,37,NUMPY_FLOAT64,8,4,3,10614,False,0.5913801500573754,0.00040045403875410557
256,37,NUMPY_FLOAT64,9,5,3,164,True,0.5913801500573754,0.00038883998058736324
256,37,QISKIT_AER_STATEVECTOR,1,1,0,2336,False,0.015625,0.002315902034752071
256,37,QISKIT_AER_STATEVECTOR,2,2,1,11594,False,0.13482666015625,0.017269493080675602
256,37,QISKIT_AER_STATEVECTOR,3,2,0,5298,False,0.015625,0.001213465933687985
256,37,QISKIT_AER_STATEVECTOR,4,2,1,9993,False,0.13482666015625,0.010276017943397164
256,37,QISKIT_AER_STATEVECTOR,5,3,1,9132,False,0.13482666015625,0.010241832002066076
256,37,QISKIT_AER_STATEVECTOR,6,3,2,5480,False,0.3438951969146728,0.019326063920743763
256,37,QISKIT_AER_STATEVECTOR,7,3,0,14878,False,0.015625,0.0012069690274074674
256,37,QISKIT_AER_STATEVECTOR,8,4,3,10614,False,0.5913801500573752,0.02845212910324335
256,37,QISKIT_AER_STATEVECTOR,9,5,3,164,True,0.5913801500573752,0.03387986705638468
256,38,NUMPY_FLOAT64,1,1,0,6595,False,0.015625,0.0001306099584326148
256,38,NUMPY_FLOAT64,2,2,1,13122,False,0.13482666015625,0.0002494179643690586
256,38,NUMPY_FLOAT64,3,2,1,14282,False,0.13482666015625,0.00016580999363213778
256,38,NUMPY_FLOAT64,4,2,1,9758,False,0.13482666015625,0.0002013979246839881
256,38,NUMPY_FLOAT64,5,3,1,6037,False,0.13482666015625,0.0002064310247078538
256,38,NUMPY_FLOAT64,6,3,2,229,True,0.34389519691467285,0.00024493096861988306
256,38,QISKIT_AER_STATEVECTOR,1,1,0,6595,False,0.015625,0.0015142670599743724
256,38,QISKIT_AER_STATEVECTOR,2,2,1,13122,False,0.13482666015625,0.015302219078876078
256,38,QISKIT_AER_STATEVECTOR,3,2,1,14282,False,0.13482666015625,0.015822281944565475
256,38,QISKIT_AER_STATEVECTOR,4,2,1,9758,False,0.13482666015625,0.013880130951292813
256,38,QISKIT_AER_STATEVECTOR,5,3,1,6037,False,0.13482666015625,0.017003193963319063
256,38,QISKIT_AER_STATEVECTOR,6,3,2,229,True,0.3438951969146728,0.022269489942118526
256,39,NUMPY_FLOAT64,1,1,0,136,True,0.015625,6.38739438727498e-05
256,39,QISKIT_AER_STATEVECTOR,1,1,0,136,True,0.015625,0.0013387850485742092
256,40,NUMPY_FLOAT64,1,1,0,5739,False,0.015625,5.614303518086672e-05
256,40,NUMPY_FLOAT64,2,2,0,12047,False,0.015625,4.654400981962681e-05
256,40,NUMPY_FLOAT64,3,2,0,6145,False,0.015625,8.850509766489267e-05
256,40,NUMPY_FLOAT64,4,2,1,108,True,0.13482666015625,0.00012107600923627615
256,40,QISKIT_AER_STATEVECTOR,1,1,0,5739,False,0.015625,0.0013136189663782716
256,40,QISKIT_AER_STATEVECTOR,2,2,0,12047,False,0.015625,0.0011675989953801036
256,40,QISKIT_AER_STATEVECTOR,3,2,0,6145,False,0.015625,0.0011527689639478922
256,40,QISKIT_AER_STATEVECTOR,4,2,1,108,True,0.13482666015625,0.01061960100196302
256,41,NUMPY_FLOAT64,1,1,0,3134,False,0.015625,8.676096331328154e-05
256,41,NUMPY_FLOAT64,2,2,1,4353,False,0.13482666015625,0.00022007303778082132
256,41,NUMPY_FLOAT64,3,2,0,14212,False,0.015625,8.85130139067769e-05
256,41,NUMPY_FLOAT64,4,2,0,9970,False,0.015625,8.644501212984324e-05
256,41,NUMPY_FLOAT64,5,3,2,102,True,0.34389519691467285,0.00026957993395626545
256,41,QISKIT_AER_STATEVECTOR,1,1,0,3134,False,0.015625,0.0018507050117477775
256,41,QISKIT_AER_STATEVECTOR,2,2,1,4353,False,0.13482666015625,0.01895531197078526
256,41,QISKIT_AER_STATEVECTOR,3,2,0,14212,False,0.015625,0.0019596400670707226
256,41,QISKIT_AER_STATEVECTOR,4,2,0,9970,False,0.015625,0.0012102059554308653
256,41,QISKIT_AER_STATEVECTOR,5,3,2,102,True,0.3438951969146728,0.021757621900178492
256,42,NUMPY_FLOAT64,1,1,0,7235,False,0.015625,5.8668083511292934e-05
256,42,NUMPY_FLOAT64,2,2,1,6805,False,0.13482666015625,0.00013077410403639078
256,42,NUMPY_FLOAT64,3,2,1,12697,False,0.13482666015625,0.00017783907242119312
256,42,NUMPY_FLOAT64,4,2,0,13810,False,0.015625,8.175394032150507e-05
256,42,NUMPY_FLOAT64,5,3,2,8150,False,0.34389519691467285,0.000310549046844244
256,42,NUMPY_FLOAT64,6,3,2,56,True,0.34389519691467285,0.0003113629063591361
256,42,QISKIT_AER_STATEVECTOR,1,1,0,7235,False,0.015625,0.002260167966596782
256,42,QISKIT_AER_STATEVECTOR,2,2,1,6805,False,0.13482666015625,0.020086399046704173
256,42,QISKIT_AER_STATEVECTOR,3,2,1,12697,False,0.13482666015625,0.019917843979783356
256,42,QISKIT_AER_STATEVECTOR,4,2,0,13810,False,0.015625,0.002243720111437142
256,42,QISKIT_AER_STATEVECTOR,5,3,2,8150,False,0.3438951969146728,0.036701341974548995
256,42,QISKIT_AER_STATEVECTOR,6,3,2,56,True,0.3438951969146728,0.03348122409079224
256,43,NUMPY_FLOAT64,1,1,0,6214,False,0.015625,7.28630693629384e-05
256,43,NUMPY_FLOAT64,2,2,0,3494,False,0.015625,4.993600305169821e-05
256,43,NUMPY_FLOAT64,3,2,1,8411,False,0.13482666015625,0.00012295192573219538
256,43,NUMPY_FLOAT64,4,2,1,3057,False,0.13482666015625,0.00010087003465741873
256,43,NUMPY_FLOAT64,5,3,0,6531,False,0.015625,4.379602614790201e-05
256,43,NUMPY_FLOAT64,6,3,1,15671,False,0.13482666015625,0.00010027503594756126
256,43,NUMPY_FLOAT64,7,3,2,2078,False,0.34389519691467285,0.00016510498244315386
256,43,NUMPY_FLOAT64,8,4,3,129,True,0.5913801500573754,0.0003992789424955845
256,43,QISKIT_AER_STATEVECTOR,1,1,0,6214,False,0.015625,0.001926134922541678
256,43,QISKIT_AER_STATEVECTOR,2,2,0,3494,False,0.015625,0.002217644010670483
256,43,QISKIT_AER_STATEVECTOR,3,2,1,8411,False,0.13482666015625,0.018518526921980083
256,43,QISKIT_AER_STATEVECTOR,4,2,1,3057,False,0.13482666015625,0.01848470699042082
256,43,QISKIT_AER_STATEVECTOR,5,3,0,6531,False,0.015625,0.0021806720178574324
256,43,QISKIT_AER_STATEVECTOR,6,3,1,15671,False,0.13482666015625,0.018221986014395952
256,43,QISKIT_AER_STATEVECTOR,7,3,2,2078,False,0.3438951969146728,0.036855592974461615
256,43,QISKIT_AER_STATEVECTOR,8,4,3,129,True,0.5913801500573752,0.054692232981324196
256,44,NUMPY_FLOAT64,1,1,0,13765,False,0.015625,0.00011285895016044378
256,44,NUMPY_FLOAT64,2,2,0,10698,False,0.015625,9.898003190755844e-05
256,44,NUMPY_FLOAT64,3,2,0,3355,False,0.015625,8.965807501226664e-05
256,44,NUMPY_FLOAT64,4,2,0,15892,False,0.015625,8.725107181817293e-05
256,44,NUMPY_FLOAT64,5,3,2,183,True,0.34389519691467285,0.0003323509590700269
256,44,QISKIT_AER_STATEVECTOR,1,1,0,13765,False,0.015625,0.0023514190688729286
256,44,QISKIT_AER_STATEVECTOR,2,2,0,10698,False,0.015625,0.002325180103071034
256,44,QISKIT_AER_STATEVECTOR,3,2,0,3355,False,0.015625,0.002271606936119497
256,44,QISKIT_AER_STATEVECTOR,4,2,0,15892,False,0.015625,0.002283969079144299
256,44,QISKIT_AER_STATEVECTOR,5,3,2,183,True,0.3438951969146728,0.03435248997993767
256,45,NUMPY_FLOAT64,1,1,0,2550,False,0.015625,0.00010361010208725929
256,45,NUMPY_FLOAT64,2,2,1,5066,False,0.13482666015625,0.0002235759748145938
256,45,NUMPY_FLOAT64,3,2,0,12473,False,0.015625,8.910696487873793e-05
256,45,NUMPY_FLOAT64,4,2,1,14965,False,0.13482666015625,0.0002004639245569706
256,45,NUMPY_FLOAT64,5,3,0,8583,False,0.015625,8.546607568860054e-05
256,45,NUMPY_FLOAT64,6,3,0,14641,False,0.015625,8.471193723380566e-05
256,45,NUMPY_FLOAT64,7,3,0,142,True,0.015625,8.306000381708145e-05
256,45,QISKIT_AER_STATEVECTOR,1,1,0,2550,False,0.015625,0.0023384179221466184
256,45,QISKIT_AER_STATEVECTOR,2,2,1,5066,False,0.13482666015625,0.01985058991704136
256,45,QISKIT_AER_STATEVECTOR,3,2,0,12473,False,0.015625,0.00231052003800869
256,45,QISKIT_AER_STATEVECTOR,4,2,1,14965,False,0.13482666015625,0.02005224395543337
256,45,QISKIT_AER_STATEVECTOR,5,3,0,8583,False,0.015625,0.007933159940876067
256,45,QISKIT_AER_STATEVECTOR,6,3,0,14641,False,0.015625,0.002307221060618758
256,45,QISKIT_AER_STATEVECTOR,7,3,0,142,True,0.015625,0.0022831689566373825
256,46,NUMPY_FLOAT64,1,1,0,3934,False,0.015625,0.00011352798901498318
256,46,NUMPY_FLOAT64,2,2,1,5213,False,0.13482666015625,0.00022713607177138329
256,46,NUMPY_FLOAT64,3,2,1,15956,False,0.13482666015625,0.00022359006106853485
256,46,NUMPY_FLOAT64,4,2,1,6726,False,0.13482666015625,0.0002014930360019207
256,46,NUMPY_FLOAT64,5,3,0,14571,False,0.015625,8.677900768816471e-05
256,46,NUMPY_FLOAT64,6,3,0,14715,False,0.015625,8.4556988440454e-05
256,46,NUMPY_FLOAT64,7,3,1,11810,False,0.13482666015625,0.00019738299306482077
256,46,NUMPY_FLOAT64,8,4,2,74,True,0.34389519691467285,0.00031192495953291655
256,46,QISKIT_AER_STATEVECTOR,1,1,0,3934,False,0.015625,0.0023013909813016653
256,46,QISKIT_AER_STATEVECTOR,2,2,1,5213,False,0.13482666015625,0.019649695954285562
256,46,QISKIT_AER_STATEVECTOR,3,2,1,15956,False,0.13482666015625,0.01916717307176441
256,46,QISKIT_AER_STATEVECTOR,4,2,1,6726,False,0.13482666015625,0.019812486018054187
256,46,QISKIT_AER_STATEVECTOR,5,3,0,14571,False,0.015625,0.002316816011443734
256,46,QISKIT_AER_STATEVECTOR,6,3,0,14715,False,0.015625,0.0022479499457404017
256,46,QISKIT_AER_STATEVECTOR,7,3,1,11810,False,0.13482666015625,0.0156954430276528
256,46,QISKIT_AER_STATEVECTOR,8,4,2,74,True,0.3438951969146728,0.019509247969835997
256,47,NUMPY_FLOAT64,1,1,0,14038,False,0.015625,6.618292536586523e-05
256,47,NUMPY_FLOAT64,2,2,0,18,True,0.015625,5.6940014474093914e-05
256,47,QISKIT_AER_STATEVECTOR,1,1,0,14038,False,0.015625,0.0012094700941815972
256,47,QISKIT_AER_STATEVECTOR,2,2,0,18,True,0.015625,0.0011606370098888874
256,48,NUMPY_FLOAT64,1,1,0,2598,False,0.015625,5.1820999942719936e-05
256,48,NUMPY_FLOAT64,2,2,0,9399,False,0.015625,4.726299084722996e-05
256,48,NUMPY_FLOAT64,3,2,0,16004,False,0.015625,4.551396705210209e-05
256,48,NUMPY_FLOAT64,4,2,0,12742,False,0.015625,4.259392153471708e-05
256,48,NUMPY_FLOAT64,5,3,2,210,True,0.34389519691467285,0.00017454300541430712
256,48,QISKIT_AER_STATEVECTOR,1,1,0,2598,False,0.015625,0.0011735860025510192
256,48,QISKIT_AER_STATEVECTOR,2,2,0,9399,False,0.015625,0.001157045946456492
256,48,QISKIT_AER_STATEVECTOR,3,2,0,16004,False,0.015625,0.0011556580429896712
256,48,QISKIT_AER_STATEVECTOR,4,2,0,12742,False,0.015625,0.0011530929477885365
256,48,QISKIT_AER_STATEVECTOR,5,3,2,210,True,0.3438951969146728,0.020023041986860335
256,49,NUMPY_FLOAT64,1,1,0,10855,False,0.015625,5.626305937767029e-05
256,49,NUMPY_FLOAT64,2,2,1,9317,False,0.13482666015625,0.00012733798939734697
256,49,NUMPY_FLOAT64,3,2,0,3771,False,0.015625,4.534109029918909e-05
256,49,NUMPY_FLOAT64,4,2,1,14303,False,0.13482666015625,0.00011460506357252598
256,49,NUMPY_FLOAT64,5,3,1,13074,False,0.13482666015625,0.00010286492761224508
256,49,NUMPY_FLOAT64,6,3,0,12677,False,0.015625,4.978897050023079e-05
256,49,NUMPY_FLOAT64,7,3,2,34,True,0.34389519691467285,0.0001583700068295002
256,49,QISKIT_AER_STATEVECTOR,1,1,0,10855,False,0.015625,0.0012078420259058475
256,49,QISKIT_AER_STATEVECTOR,2,2,1,9317,False,0.13482666015625,0.011196649051271379
256,49,QISKIT_AER_STATEVECTOR,3,2,0,3771,False,0.015625,0.0014592140214517713
256,49,QISKIT_AER_STATEVECTOR,4,2,1,14303,False,0.13482666015625,0.015255296020768583
256,49,QISKIT_AER_STATEVECTOR,5,3,1,13074,False,0.13482666015625,0.015133701032027602
256,49,QISKIT_AER_STATEVECTOR,6,3,0,12677,False,0.015625,0.0011819229694083333
256,49,QISKIT_AER_STATEVECTOR,7,3,2,34,True,0.3438951969146728,0.02239270997233689
256,50,NUMPY_FLOAT64,1,1,0,4457,False,0.015625,5.931698251515627e-05
256,50,NUMPY_FLOAT64,2,2,1,11015,False,0.13482666015625,0.00013167806901037693
256,50,NUMPY_FLOAT64,3,2,1,573,False,0.13482666015625,0.00011994398664683104
256,50,NUMPY_FLOAT64,4,2,1,89,True,0.13482666015625,0.0001020429190248251
256,50,QISKIT_AER_STATEVECTOR,1,1,0,4457,False,0.015625,0.0011919609969481826
256,50,QISKIT_AER_STATEVECTOR,2,2,1,11015,False,0.13482666015625,0.010358970030210912
256,50,QISKIT_AER_STATEVECTOR,3,2,1,573,False,0.13482666015625,0.020045673940330744
256,50,QISKIT_AER_STATEVECTOR,4,2,1,89,True,0.13482666015625,0.019987781066447496
