target_count,seed_index,seed_j,seed_meas,backend,platform,timing_scope,success,termination_reason,result_index,trial_count,L_BBHT,actual_grover_iterations,cycle_count,elapsed_us,execution_seconds,wall_seconds,build_seconds,transpile_seconds
1,0,0x7b1dcdaf,0x24370df2,NUMPY_FLOAT64,SERVER_CPU,NUMPY_CORE_ONLY,1,SUCCESS,507,24,238,,,,0.016479068202897906,0.022402017144486308,,
1,0,0x7b1dcdaf,0x24370df2,QISKIT_AER_STATEVECTOR,SERVER_CPU,AER_EXECUTION_ONLY,1,SUCCESS,507,24,238,,,,2.9451829434838146,11.198734702076763,3.5679036953952163,4.026836446952075
1,0,0x7b1dcdaf,0x24370df2,RTL_FIXED_NORMAL,SERVER_CPU,PYTHON_FIXED_MODEL_WALL,1,SUCCESS,507,25,308,308,,,0.03719911095686257,0.03719911095686257,,
1,0,0x7b1dcdaf,0x24370df2,SOFTWARE_K4H4,SERVER_CPU,PYTHON_FIXED_MODEL_WALL,1,SUCCESS,507,25,308,70,,,0.07136359997093678,0.07136359997093678,,
1,0,0x7b1dcdaf,0x24370df2,SOFTWARE_K3H3,SERVER_CPU,PYTHON_FIXED_MODEL_WALL,1,SUCCESS,507,25,308,70,,,0.014770722016692162,0.014770722016692162,,
1,1,0x3a85a4dc,0xa3b9aa35,NUMPY_FLOAT64,SERVER_CPU,NUMPY_CORE_ONLY,1,SUCCESS,507,15,23,,,,0.001900399336591363,0.004927017958834767,,
1,1,0x3a85a4dc,0xa3b9aa35,QISKIT_AER_STATEVECTOR,SERVER_CPU,AER_EXECUTION_ONLY,1,SUCCESS,507,15,23,,,,0.3195420305710286,0.885659531923011,0.22214435203932226,0.2990206000395119
1,1,0x3a85a4dc,0xa3b9aa35,RTL_FIXED_NORMAL,SERVER_CPU,PYTHON_FIXED_MODEL_WALL,1,SUCCESS,507,15,23,23,,,0.007084195036441088,0.007084195036441088,,
1,1,0x3a85a4dc,0xa3b9aa35,SOFTWARE_K4H4,SERVER_CPU,PYTHON_FIXED_MODEL_WALL,1,SUCCESS,507,15,23,9,,,0.009893582900986075,0.009893582900986075,,
1,1,0x3a85a4dc,0xa3b9aa35,SOFTWARE_K3H3,SERVER_CPU,PYTHON_FIXED_MODEL_WALL,1,SUCCESS,507,15,23,9,,,0.005902413045987487,0.005902413045987487,,
1,2,0x6162a8b2,0x871c276f,NUMPY_FLOAT64,SERVER_CPU,NUMPY_CORE_ONLY,1,SUCCESS,507,25,265,,,,0.017279951833188534,0.0234170809853822,,
1,2,0x6162a8b2,0x871c276f,QISKIT_AER_STATEVECTOR,SERVER_CPU,AER_EXECUTION_ONLY,1,SUCCESS,507,25,265,,,,3.0775546736549586,10.175827076192945,2.9399534412659705,3.588177841156721
1,2,0x6162a8b2,0x871c276f,RTL_FIXED_NORMAL,SERVER_CPU,PYTHON_FIXED_MODEL_WALL,1,SUCCESS,507,22,181,181,,,0.02123660990037024,0.02123660990037024,,
1,2,0x6162a8b2,0x871c276f,SOFTWARE_K4H4,SERVER_CPU,PYTHON_FIXED_MODEL_WALL,1,SUCCESS,507,22,181,40,,,0.05599708086811006,0.05599708086811006,,
1,2,0x6162a8b2,0x871c276f,SOFTWARE_K3H3,SERVER_CPU,PYTHON_FIXED_MODEL_WALL,1,SUCCESS,507,22,181,40,,,0.010162455029785633,0.010162455029785633,,
1,3,0xc3adc34e,0xf5b8f22b,NUMPY_FLOAT64,SERVER_CPU,NUMPY_CORE_ONLY,1,SUCCESS,507,25,239,,,,0.013170036254450679,0.017989126965403557,,
1,3,0xc3adc34e,0xf5b8f22b,QISKIT_AER_STATEVECTOR,SERVER_CPU,AER_EXECUTION_ONLY,1,SUCCESS,507,25,239,,,,2.7248324232641608,8.42132397601381,2.7282517882995307,2.483996704686433
1,3,0xc3adc34e,0xf5b8f22b,RTL_FIXED_NORMAL,SERVER_CPU,PYTHON_FIXED_MODEL_WALL,1,SUCCESS,507,25,239,239,,,0.032305035972967744,0.032305035972967744,,
1,3,0xc3adc34e,0xf5b8f22b,SOFTWARE_K4H4,SERVER_CPU,PYTHON_FIXED_MODEL_WALL,1,SUCCESS,507,25,239,51,,,0.023684699088335037,0.023684699088335037,,
1,3,0xc3adc34e,0xf5b8f22b,SOFTWARE_K3H3,SERVER_CPU,PYTHON_FIXED_MODEL_WALL,1,SUCCESS,507,25,239,53,,,0.01304453588090837,0.01304453588090837,,
1,4,0x2bb073ff,0x3f8396e3,NUMPY_FLOAT64,SERVER_CPU,NUMPY_CORE_ONLY,1,SUCCESS,507,23,182,,,,0.010585474548861384,0.015101641183719039,,
1,4,0x2bb073ff,0x3f8396e3,QISKIT_AER_STATEVECTOR,SERVER_CPU,AER_EXECUTION_ONLY,1,SUCCESS,507,23,182,,,,2.3060921947471797,5.374350524973124,1.6117553079966456,1.1817113431170583
1,4,0x2bb073ff,0x3f8396e3,RTL_FIXED_NORMAL,SERVER_CPU,PYTHON_FIXED_MODEL_WALL,1,SUCCESS,507,24,240,240,,,0.039390947902575135,0.039390947902575135,,
1,4,0x2bb073ff,0x3f8396e3,SOFTWARE_K4H4,SERVER_CPU,PYTHON_FIXED_MODEL_WALL,1,SUCCESS,507,24,240,58,,,0.07986795413307846,0.07986795413307846,,
1,4,0x2bb073ff,0x3f8396e3,SOFTWARE_K3H3,SERVER_CPU,PYTHON_FIXED_MODEL_WALL,1,SUCCESS,507,24,240,58,,,0.0164346881210804,0.0164346881210804,,
1,5,0xda585ab3,0xa7197ad7,NUMPY_FLOAT64,SERVER_CPU,NUMPY_CORE_ONLY,1,SUCCESS,507,21,96,,,,0.007861789548769593,0.013095908798277378,,
1,5,0xda585ab3,0xa7197ad7,QISKIT_AER_STATEVECTOR,SERVER_CPU,AER_EXECUTION_ONLY,1,SUCCESS,507,21,96,,,,1.0571875453460962,1.5073265691753477,0.19005458615720272,0.2068456090055406
1,5,0xda585ab3,0xa7197ad7,RTL_FIXED_NORMAL,SERVER_CPU,PYTHON_FIXED_MODEL_WALL,1,SUCCESS,507,23,155,155,,,0.02134376298636198,0.02134376298636198,,
1,5,0xda585ab3,0xa7197ad7,SOFTWARE_K4H4,SERVER_CPU,PYTHON_FIXED_MODEL_WALL,1,SUCCESS,507,23,155,41,,,0.017341787926852703,0.017341787926852703,,
1,5,0xda585ab3,0xa7197ad7,SOFTWARE_K3H3,SERVER_CPU,PYTHON_FIXED_MODEL_WALL,1,SUCCESS,507,23,155,41,,,0.010773103218525648,0.010773103218525648,,
1,6,0x0ed109c0,0x5701ce52,NUMPY_FLOAT64,SERVER_CPU,NUMPY_CORE_ONLY,1,SUCCESS,507,9,14,,,,0.0012365845032036304,0.003095627063885331,,
1,6,0x0ed109c0,0x5701ce52,QISKIT_AER_STATEVECTOR,SERVER_CPU,AER_EXECUTION_ONLY,1,SUCCESS,507,9,14,,,,0.19344387808814645,0.19862725283019245,0.0,0.0
1,6,0x0ed109c0,0x5701ce52,RTL_FIXED_NORMAL,SERVER_CPU,PYTHON_FIXED_MODEL_WALL,1,SUCCESS,507,9,14,14,,,0.0034545641392469406,0.0034545641392469406,,
1,6,0x0ed109c0,0x5701ce52,SOFTWARE_K4H4,SERVER_CPU,PYTHON_FIXED_MODEL_WALL,1,SUCCESS,507,9,14,4,,,0.0031721070408821106,0.0031721070408821106,,
1,6,0x0ed109c0,0x5701ce52,SOFTWARE_K3H3,SERVER_CPU,PYTHON_FIXED_MODEL_WALL,1,SUCCESS,507,9,14,4,,,0.0033924661111086607,0.0033924661111086607,,
1,7,0x102ecf73,0x53c7612b,NUMPY_FLOAT64,SERVER_CPU,NUMPY_CORE_ONLY,1,SUCCESS,507,23,180,,,,0.011569974943995476,0.01649853284470737,,
1,7,0x102ecf73,0x53c7612b,QISKIT_AER_STATEVECTOR,SERVER_CPU,AER_EXECUTION_ONLY,1,SUCCESS,507,23,180,,,,2.2531537082977593,5.2880226341076195,1.4133754610083997,1.40034347679466
1,7,0x102ecf73,0x53c7612b,RTL_FIXED_NORMAL,SERVER_CPU,PYTHON_FIXED_MODEL_WALL,1,SUCCESS,507,23,180,180,,,0.02597176586277783,0.02597176586277783,,
1,7,0x102ecf73,0x53c7612b,SOFTWARE_K4H4,SERVER_CPU,PYTHON_FIXED_MODEL_WALL,1,SUCCESS,507,23,180,52,,,0.021452276967465878,0.021452276967465878,,
1,7,0x102ecf73,0x53c7612b,SOFTWARE_K3H3,SERVER_CPU,PYTHON_FIXED_MODEL_WALL,1,SUCCESS,507,23,180,52,,,0.015510570025071502,0.015510570025071502,,
1,8,0xcf29b6a1,0x35231a84,NUMPY_FLOAT64,SERVER_CPU,NUMPY_CORE_ONLY,1,SUCCESS,507,26,261,,,,0.015277224127203226,0.020889217033982277,,
1,8,0xcf29b6a1,0x35231a84,QISKIT_AER_STATEVECTOR,SERVER_CPU,AER_EXECUTION_ONLY,1,SUCCESS,507,26,261,,,,3.184681514976546,5.903800830012187,1.2774882598314434,1.2295294210780412
1,8,0xcf29b6a1,0x35231a84,RTL_FIXED_NORMAL,SERVER_CPU,PYTHON_FIXED_MODEL_WALL,1,SUCCESS,507,26,261,261,,,0.03674998995848,0.03674998995848,,
1,8,0xcf29b6a1,0x35231a84,SOFTWARE_K4H4,SERVER_CPU,PYTHON_FIXED_MODEL_WALL,1,SUCCESS,507,26,261,83,,,0.03095811395905912,0.03095811395905912,,
1,8,0xcf29b6a1,0x35231a84,SOFTWARE_K3H3,SERVER_CPU,PYTHON_FIXED_MODEL_WALL,1,SUCCESS,507,26,261,85,,,0.017430005129426718,0.017430005129426718,,
1,9,0xc49cbb42,0xd0a3bbb8,NUMPY_FLOAT64,SERVER_CPU,NUMPY_CORE_ONLY,1,SUCCESS,507,24,148,,,,0.008632546523585916,0.013296073069795966,,
1,9,0xc49cbb42,0xd0a3bbb8,QISKIT_AER_STATEVECTOR,SERVER_CPU,AER_EXECUTION_ONLY,1,SUCCESS,507,24,148,,,,1.8043823963962495,3.3834976099897176,0.8196099270135164,0.6098386719822884
1,9,0xc49cbb42,0xd0a3bbb8,RTL_FIXED_NORMAL,SERVER_CPU,PYTHON_FIXED_MODEL_WALL,1,SUCCESS,507,24,148,148,,,0.025317616993561387,0.025317616993561387,,
1,9,0xc49cbb42,0xd0a3bbb8,SOFTWARE_K4H4,SERVER_CPU,PYTHON_FIXED_MODEL_WALL,1,SUCCESS,507,24,148,57,,,0.02470771293155849,0.02470771293155849,,
1,9,0xc49cbb42,0xd0a3bbb8,SOFTWARE_K3H3,SERVER_CPU,PYTHON_FIXED_MODEL_WALL,1,SUCCESS,507,24,148,68,,,0.017029734095558524,0.017029734095558524,,
1,10,0x4cc51d23,0xee0e3ab4,NUMPY_FLOAT64,SERVER_CPU,NUMPY_CORE_ONLY,1,SUCCESS,507,20,93,,,,0.006600996013730764,0.010692440904676914,,
1,10,0x4cc51d23,0xee0e3ab4,QISKIT_AER_STATEVECTOR,SERVER_CPU,AER_EXECUTION_ONLY,1,SUCCESS,507,20,93,,,,1.1762779613491148,2.3341131950728595,0.545402511022985,0.5217570019885898
1,10,0x4cc51d23,0xee0e3ab4,RTL_FIXED_NORMAL,SERVER_CPU,PYTHON_FIXED_MODEL_WALL,1,SUCCESS,507,20,93,93,,,0.014582381816580892,0.014582381816580892,,
1,10,0x4cc51d23,0xee0e3ab4,SOFTWARE_K4H4,SERVER_CPU,PYTHON_FIXED_MODEL_WALL,1,SUCCESS,507,20,93,30,,,0.02036295202560723,0.02036295202560723,,
1,10,0x4cc51d23,0xee0e3ab4,SOFTWARE_K3H3,SERVER_CPU,PYTHON_FIXED_MODEL_WALL,1,SUCCESS,507,20,93,31,,,0.009259253041818738,0.009259253041818738,,
1,11,0xf9e8aa7a,0x3208c31a,NUMPY_FLOAT64,SERVER_CPU,NUMPY_CORE_ONLY,1,SUCCESS,507,22,152,,,,0.009546225192025304,0.014084505150094628,,
1,11,0xf9e8aa7a,0x3208c31a,QISKIT_AER_STATEVECTOR,SERVER_CPU,AER_EXECUTION_ONLY,1,SUCCESS,507,22,152,,,,1.7979826307855546,3.838933281134814,0.8044714028947055,1.043015883071348
1,11,0xf9e8aa7a,0x3208c31a,RTL_FIXED_NORMAL,SERVER_CPU,PYTHON_FIXED_MODEL_WALL,1,SUCCESS,507,23,175,175,,,0.02849533688277006,0.02849533688277006,,
1,11,0xf9e8aa7a,0x3208c31a,SOFTWARE_K4H4,SERVER_CPU,PYTHON_FIXED_MODEL_WALL,1,SUCCESS,507,23,175,44,,,0.0507503030821681,0.0507503030821681,,
1,11,0xf9e8aa7a,0x3208c31a,SOFTWARE_K3H3,SERVER_CPU,PYTHON_FIXED_MODEL_WALL,1,SUCCESS,507,23,175,45,,,0.011755455983802676,0.011755455983802676,,
1,12,0xdda8b051,0xc8105c9d,NUMPY_FLOAT64,SERVER_CPU,NUMPY_CORE_ONLY,1,SUCCESS,507,18,42,,,,0.003371068276464939,0.007394757820293307,,
1,12,0xdda8b051,0xc8105c9d,QISKIT_AER_STATEVECTOR,SERVER_CPU,AER_EXECUTION_ONLY,1,SUCCESS,507,18,42,,,,0.49722550227306783,0.5064820579718798,0.0,0.0
1,12,0xdda8b051,0xc8105c9d,RTL_FIXED_NORMAL,SERVER_CPU,PYTHON_FIXED_MODEL_WALL,1,SUCCESS,507,18,42,42,,,0.010079452069476247,0.010079452069476247,,
1,12,0xdda8b051,0xc8105c9d,SOFTWARE_K4H4,SERVER_CPU,PYTHON_FIXED_MODEL_WALL,1,SUCCESS,507,18,42,10,,,0.006772488122805953,0.006772488122805953,,
1,12,0xdda8b051,0xc8105c9d,SOFTWARE_K3H3,SERVER_CPU,PYTHON_FIXED_MODEL_WALL,1,SUCCESS,507,18,42,12,,,0.006292494013905525,0.006292494013905525,,
1,13,0xabfb11bf,0xf5dec75e,NUMPY_FLOAT64,SERVER_CPU,NUMPY_CORE_ONLY,1,SUCCESS,507,24,218,,,,0.014788031578063965,0.01986724720336497,,
1,13,0xabfb11bf,0xf5dec75e,QISKIT_AER_STATEVECTOR,SERVER_CPU,AER_EXECUTION_ONLY,1,SUCCESS,507,24,218,,,,2.71313356468454,4.3937853788957,0.7989644708577543,0.7242960198782384
1,13,0xabfb11bf,0xf5dec75e,RTL_FIXED_NORMAL,SERVER_CPU,PYTHON_FIXED_MODEL_WALL,1,SUCCESS,507,24,218,218,,,0.03019847790710628,0.03019847790710628,,
1,13,0xabfb11bf,0xf5dec75e,SOFTWARE_K4H4,SERVER_CPU,PYTHON_FIXED_MODEL_WALL,1,SUCCESS,507,24,218,52,,,0.02117707789875567,0.02117707789875567,,
1,13,0xabfb11bf,0xf5dec75e,SOFTWARE_K3H3,SERVER_CPU,PYTHON_FIXED_MODEL_WALL,1,SUCCESS,507,24,218,55,,,0.01285277702845633,0.01285277702845633,,
1,14,0x20639811,0x6b6a7c47,NUMPY_FLOAT64,SERVER_CPU,NUMPY_CORE_ONLY,1,SUCCESS,507,21,133,,,,0.008389137918129563,0.012868765043094754,,
1,14,0x20639811,0x6b6a7c47,QISKIT_AER_STATEVECTOR,SERVER_CPU,AER_EXECUTION_ONLY,1,SUCCESS,507,21,133,,,,1.6493301969021559,3.302610191050917,0.6909294959623367,0.8227199171669781
1,14,0x20639811,0x6b6a7c47,RTL_FIXED_NORMAL,SERVER_CPU,PYTHON_FIXED_MODEL_WALL,1,SUCCESS,507,21,133,133,,,0.019141636788845062,0.019141636788845062,,
1,14,0x20639811,0x6b6a7c47,SOFTWARE_K4H4,SERVER_CPU,PYTHON_FIXED_MODEL_WALL,1,SUCCESS,507,21,133,36,,,0.04408754990436137,0.04408754990436137,,
1,14,0x20639811,0x6b6a7c47,SOFTWARE_K3H3,SERVER_CPU,PYTHON_FIXED_MODEL_WALL,1,SUCCESS,507,21,133,37,,,0.010285614989697933,0.010285614989697933,,
1,15,0xac72acd2,0xca84bc6c,NUMPY_FLOAT64,SERVER_CPU,NUMPY_CORE_ONLY,1,SUCCESS,507,27,333,,,,0.018598146038129926,0.024088492151349783,,
1,15,0xac72acd2,0xca84bc6c,QISKIT_AER_STATEVECTOR,SERVER_CPU,AER_EXECUTION_ONLY,1,SUCCESS,507,27,333,,,,3.8497662192676216,9.095875777071342,2.2703409320674837,2.5623883057851344
1,15,0xac72acd2,0xca84bc6c,RTL_FIXED_NORMAL,SERVER_CPU,PYTHON_FIXED_MODEL_WALL,1,SUCCESS,507,27,333,333,,,0.037216197000816464,0.037216197000816464,,
1,15,0xac72acd2,0xca84bc6c,SOFTWARE_K4H4,SERVER_CPU,PYTHON_FIXED_MODEL_WALL,1,SUCCESS,507,27,333,101,,,0.029785756021738052,0.029785756021738052,,
1,15,0xac72acd2,0xca84bc6c,SOFTWARE_K3H3,SERVER_CPU,PYTHON_FIXED_MODEL_WALL,1,SUCCESS,507,27,333,115,,,0.01988928089849651,0.01988928089849651,,
1,16,0x49a2da79,0xe1376725,NUMPY_FLOAT64,SERVER_CPU,NUMPY_CORE_ONLY,1,SUCCESS,507,26,308,,,,0.016372230369597673,0.021406473126262426,,
1,16,0x49a2da79,0xe1376725,QISKIT_AER_STATEVECTOR,SERVER_CPU,AER_EXECUTION_ONLY,1,SUCCESS,507,26,308,,,,3.7135483752936125,7.163297119084746,1.6479918209370226,1.4771878100000322
1,16,0x49a2da79,0xe1376725,RTL_FIXED_NORMAL,SERVER_CPU,PYTHON_FIXED_MODEL_WALL,1,SUCCESS,507,25,225,225,,,0.033182831946760416,0.033182831946760416,,
1,16,0x49a2da79,0xe1376725,SOFTWARE_K4H4,SERVER_CPU,PYTHON_FIXED_MODEL_WALL,1,SUCCESS,507,25,225,45,,,0.10315211489796638,0.10315211489796638,,
1,16,0x49a2da79,0xe1376725,SOFTWARE_K3H3,SERVER_CPU,PYTHON_FIXED_MODEL_WALL,1,SUCCESS,507,25,225,45,,,0.014253120170906186,0.014253120170906186,,
1,17,0x63a4e9d7,0x6166dba4,NUMPY_FLOAT64,SERVER_CPU,NUMPY_CORE_ONLY,1,SUCCESS,507,25,152,,,,0.009046862134709954,0.014408641960471869,,
1,17,0x63a4e9d7,0x6166dba4,QISKIT_AER_STATEVECTOR,SERVER_CPU,AER_EXECUTION_ONLY,1,SUCCESS,507,25,152,,,,1.7129198741167784,2.6306058058980852,0.4520094080362469,0.3672376580070704
1,17,0x63a4e9d7,0x6166dba4,RTL_FIXED_NORMAL,SERVER_CPU,PYTHON_FIXED_MODEL_WALL,1,SUCCESS,507,25,152,152,,,0.020605056080967188,0.020605056080967188,,
1,17,0x63a4e9d7,0x6166dba4,SOFTWARE_K4H4,SERVER_CPU,PYTHON_FIXED_MODEL_WALL,1,SUCCESS,507,25,152,35,,,0.018907163059338927,0.018907163059338927,,
1,17,0x63a4e9d7,0x6166dba4,SOFTWARE_K3H3,SERVER_CPU,PYTHON_FIXED_MODEL_WALL,1,SUCCESS,507,25,152,45,,,0.020397887099534273,0.020397887099534273,,
1,18,0x8983f102,0x43fb6183,NUMPY_FLOAT64,SERVER_CPU,NUMPY_CORE_ONLY,1,SUCCESS,507,23,151,,,,0.00866367993876338,0.01310670399107039,,
1,18,0x8983f102,0x43fb6183,QISKIT_AER_STATEVECTOR,SERVER_CPU,AER_EXECUTION_ONLY,1,SUCCESS,507,23,151,,,,1.8260927265509963,2.2692613690160215,0.1962642630096525,0.19846037379465997
1,18,0x8983f102,0x43fb6183,RTL_FIXED_NORMAL,SERVER_CPU,PYTHON_FIXED_MODEL_WALL,1,SUCCESS,507,24,216,216,,,0.02489525289274752,0.02489525289274752,,
1,18,0x8983f102,0x43fb6183,SOFTWARE_K4H4,SERVER_CPU,PYTHON_FIXED_MODEL_WALL,1,SUCCESS,507,24,216,70,,,0.19545992906205356,0.19545992906205356,,
1,18,0x8983f102,0x43fb6183,SOFTWARE_K3H3,SERVER_CPU,PYTHON_FIXED_MODEL_WALL,1,SUCCESS,507,24,216,73,,,0.014972920063883066,0.014972920063883066,,
1,19,0xb671aa78,0xc97ad8a2,NUMPY_FLOAT64,SERVER_CPU,NUMPY_CORE_ONLY,1,SUCCESS,507,21,82,,,,0.005592503119260073,0.009811013005673885,,
1,19,0xb671aa78,0xc97ad8a2,QISKIT_AER_STATEVECTOR,SERVER_CPU,AER_EXECUTION_ONLY,1,SUCCESS,507,21,82,,,,1.004577252548188,1.0156514048576355,0.0,0.0
1,19,0xb671aa78,0xc97ad8a2,RTL_FIXED_NORMAL,SERVER_CPU,PYTHON_FIXED_MODEL_WALL,1,SUCCESS,507,22,122,122,,,0.01749526895582676,0.01749526895582676,,
1,19,0xb671aa78,0xc97ad8a2,SOFTWARE_K4H4,SERVER_CPU,PYTHON_FIXED_MODEL_WALL,1,SUCCESS,507,22,122,42,,,0.014903989154845476,0.014903989154845476,,
1,19,0xb671aa78,0xc97ad8a2,SOFTWARE_K3H3,SERVER_CPU,PYTHON_FIXED_MODEL_WALL,1,SUCCESS,507,22,122,47,,,0.011928165098652244,0.011928165098652244,,
1,20,0xdaeb566a,0x989e5b3d,NUMPY_FLOAT64,SERVER_CPU,NUMPY_CORE_ONLY,1,SUCCESS,507,22,112,,,,0.007825099164620042,0.0132245859131217,,
1,20,0xdaeb566a,0x989e5b3d,QISKIT_AER_STATEVECTOR,SERVER_CPU,AER_EXECUTION_ONLY,1,SUCCESS,507,22,112,,,,1.2242876740638167,1.2355717269238085,0.0,0.0
1,20,0xdaeb566a,0x989e5b3d,RTL_FIXED_NORMAL,SERVER_CPU,PYTHON_FIXED_MODEL_WALL,1,SUCCESS,507,27,311,311,,,0.04133908497169614,0.04133908497169614,,
1,20,0xdaeb566a,0x989e5b3d,SOFTWARE_K4H4,SERVER_CPU,PYTHON_FIXED_MODEL_WALL,1,SUCCESS,507,27,311,100,,,0.02576941205188632,0.02576941205188632,,
1,20,0xdaeb566a,0x989e5b3d,SOFTWARE_K3H3,SERVER_CPU,PYTHON_FIXED_MODEL_WALL,1,SUCCESS,507,27,311,109,,,0.01967342896386981,0.01967342896386981,,
1,21,0xf6181c00,0xa345ac4b,NUMPY_FLOAT64,SERVER_CPU,NUMPY_CORE_ONLY,1,SUCCESS,507,26,200,,,,0.010918259155005217,0.01595309912227094,,
1,21,0xf6181c00,0xa345ac4b,QISKIT_AER_STATEVECTOR,SERVER_CPU,AER_EXECUTION_ONLY,1,SUCCESS,507,26,200,,,,2.456198589876294,2.469393373001367,0.0,0.0
1,21,0xf6181c00,0xa345ac4b,RTL_FIXED_NORMAL,SERVER_CPU,PYTHON_FIXED_MODEL_WALL,1,SUCCESS,507,26,200,200,,,0.02991981990635395,0.02991981990635395,,
1,21,0xf6181c00,0xa345ac4b,SOFTWARE_K4H4,SERVER_CPU,PYTHON_FIXED_MODEL_WALL,1,SUCCESS,507,26,200,62,,,0.019861945882439613,0.019861945882439613,,
1,21,0xf6181c00,0xa345ac4b,SOFTWARE_K3H3,SERVER_CPU,PYTHON_FIXED_MODEL_WALL,1,SUCCESS,507,26,200,68,,,0.015236082021147013,0.015236082021147013,,
1,22,0x4e18d852,0xa08980df,NUMPY_FLOAT64,SERVER_CPU,NUMPY_CORE_ONLY,1,SUCCESS,507,15,37,,,,0.0026124699506908655,0.005577263189479709,,
1,22,0x4e18d852,0xa08980df,QISKIT_AER_STATEVECTOR,SERVER_CPU,AER_EXECUTION_ONLY,1,SUCCESS,507,15,37,,,,0.43871806375682354,0.4482279741205275,0.0,0.0
1,22,0x4e18d852,0xa08980df,RTL_FIXED_NORMAL,SERVER_CPU,PYTHON_FIXED_MODEL_WALL,1,SUCCESS,507,15,37,37,,,0.009873958071693778,0.009873958071693778,,
1,22,0x4e18d852,0xa08980df,SOFTWARE_K4H4,SERVER_CPU,PYTHON_FIXED_MODEL_WALL,1,SUCCESS,507,15,37,9,,,0.006559307919815183,0.006559307919815183,,
1,22,0x4e18d852,0xa08980df,SOFTWARE_K3H3,SERVER_CPU,PYTHON_FIXED_MODEL_WALL,1,SUCCESS,507,15,37,9,,,0.00504852388985455,0.00504852388985455,,
1,23,0xa035ceba,0x611de4c4,NUMPY_FLOAT64,SERVER_CPU,NUMPY_CORE_ONLY,1,SUCCESS,507,21,107,,,,0.007307390216737986,0.012616317952051759,,
1,23,0xa035ceba,0x611de4c4,QISKIT_AER_STATEVECTOR,SERVER_CPU,AER_EXECUTION_ONLY,1,SUCCESS,507,21,107,,,,1.35504777636379,1.3659138560760766,0.0,0.0
1,23,0xa035ceba,0x611de4c4,RTL_FIXED_NORMAL,SERVER_CPU,PYTHON_FIXED_MODEL_WALL,1,SUCCESS,507,23,141,141,,,0.030709756072610617,0.030709756072610617,,
1,23,0xa035ceba,0x611de4c4,SOFTWARE_K4H4,SERVER_CPU,PYTHON_FIXED_MODEL_WALL,1,SUCCESS,507,23,141,31,,,0.02021298697218299,0.02021298697218299,,
1,23,0xa035ceba,0x611de4c4,SOFTWARE_K3H3,SERVER_CPU,PYTHON_FIXED_MODEL_WALL,1,SUCCESS,507,23,141,35,,,0.012073933845385909,0.012073933845385909,,
1,24,0xc2416ee4,0x7323f479,NUMPY_FLOAT64,SERVER_CPU,NUMPY_CORE_ONLY,1,SUCCESS,507,20,122,,,,0.0074754266534000635,0.011379390023648739,,
1,24,0xc2416ee4,0x7323f479,QISKIT_AER_STATEVECTOR,SERVER_CPU,AER_EXECUTION_ONLY,1,SUCCESS,507,20,122,,,,1.4441600674763322,1.4552433150820434,0.0,0.0
1,24,0xc2416ee4,0x7323f479,RTL_FIXED_NORMAL,SERVER_CPU,PYTHON_FIXED_MODEL_WALL,1,SUCCESS,507,21,159,159,,,0.025549971032887697,0.025549971032887697,,
1,24,0xc2416ee4,0x7323f479,SOFTWARE_K4H4,SERVER_CPU,PYTHON_FIXED_MODEL_WALL,1,SUCCESS,507,21,159,37,,,0.01581394881941378,0.01581394881941378,,
1,24,0xc2416ee4,0x7323f479,SOFTWARE_K3H3,SERVER_CPU,PYTHON_FIXED_MODEL_WALL,1,SUCCESS,507,21,159,40,,,0.011391048086807132,0.011391048086807132,,
1,25,0xfbdafbdd,0xa0c0cf2f,NUMPY_FLOAT64,SERVER_CPU,NUMPY_CORE_ONLY,1,SUCCESS,507,25,210,,,,0.011981962248682976,0.0176001840736717,,
1,25,0xfbdafbdd,0xa0c0cf2f,QISKIT_AER_STATEVECTOR,SERVER_CPU,AER_EXECUTION_ONLY,1,SUCCESS,507,25,210,,,,2.5102628495078534,4.654108391143382,1.0468298899941146,0.8845481937751174
1,25,0xfbdafbdd,0xa0c0cf2f,RTL_FIXED_NORMAL,SERVER_CPU,PYTHON_FIXED_MODEL_WALL,1,SUCCESS,507,25,210,210,,,0.03041180199943483,0.03041180199943483,,
1,25,0xfbdafbdd,0xa0c0cf2f,SOFTWARE_K4H4,SERVER_CPU,PYTHON_FIXED_MODEL_WALL,1,SUCCESS,507,25,210,79,,,0.047276685014367104,0.047276685014367104,,
1,25,0xfbdafbdd,0xa0c0cf2f,SOFTWARE_K3H3,SERVER_CPU,PYTHON_FIXED_MODEL_WALL,1,SUCCESS,507,25,210,79,,,0.015268470859155059,0.015268470859155059,,
1,26,0xa43fbf47,0x8de97b10,NUMPY_FLOAT64,SERVER_CPU,NUMPY_CORE_ONLY,1,SUCCESS,507,23,140,,,,0.008484537480399013,0.013503777096047997,,
1,26,0xa43fbf47,0x8de97b10,QISKIT_AER_STATEVECTOR,SERVER_CPU,AER_EXECUTION_ONLY,1,SUCCESS,507,23,140,,,,1.5579119762405753,3.056539674056694,0.7271781351882964,0.6502006610389799
1,26,0xa43fbf47,0x8de97b10,RTL_FIXED_NORMAL,SERVER_CPU,PYTHON_FIXED_MODEL_WALL,1,SUCCESS,507,27,215,215,,,0.030314937001094222,0.030314937001094222,,
1,26,0xa43fbf47,0x8de97b10,SOFTWARE_K4H4,SERVER_CPU,PYTHON_FIXED_MODEL_WALL,1,SUCCESS,507,27,215,61,,,0.02417240501381457,0.02417240501381457,,
1,26,0xa43fbf47,0x8de97b10,SOFTWARE_K3H3,SERVER_CPU,PYTHON_FIXED_MODEL_WALL,1,SUCCESS,507,27,215,66,,,0.014067291980609298,0.014067291980609298,,
1,27,0x6811f7c1,0xcb07044a,NUMPY_FLOAT64,SERVER_CPU,NUMPY_CORE_ONLY,1,SUCCESS,507,19,77,,,,0.004664223408326507,0.008275322150439024,,
1,27,0x6811f7c1,0xcb07044a,QISKIT_AER_STATEVECTOR,SERVER_CPU,AER_EXECUTION_ONLY,1,SUCCESS,507,19,77,,,,1.0102368940133601,1.0215199929662049,0.0,0.0
1,27,0x6811f7c1,0xcb07044a,RTL_FIXED_NORMAL,SERVER_CPU,PYTHON_FIXED_MODEL_WALL,1,SUCCESS,507,24,174,174,,,0.03179977601394057,0.03179977601394057,,
1,27,0x6811f7c1,0xcb07044a,SOFTWARE_K4H4,SERVER_CPU,PYTHON_FIXED_MODEL_WALL,1,SUCCESS,507,24,174,40,,,0.03202650207094848,0.03202650207094848,,
1,27,0x6811f7c1,0xcb07044a,SOFTWARE_K3H3,SERVER_CPU,PYTHON_FIXED_MODEL_WALL,1,SUCCESS,507,24,174,41,,,0.014780245954170823,0.014780245954170823,,
1,28,0x610dde2c,0x8cf5deb9,NUMPY_FLOAT64,SERVER_CPU,NUMPY_CORE_ONLY,1,SUCCESS,507,26,325,,,,0.021300749154761434,0.027100721839815378,,
1,28,0x610dde2c,0x8cf5deb9,QISKIT_AER_STATEVECTOR,SERVER_CPU,AER_EXECUTION_ONLY,1,SUCCESS,507,26,325,,,,3.7196981138549745,8.139416480902582,1.9495994639582932,2.0679321181960404
1,28,0x610dde2c,0x8cf5deb9,RTL_FIXED_NORMAL,SERVER_CPU,PYTHON_FIXED_MODEL_WALL,1,SUCCESS,507,25,256,256,,,0.03569038794375956,0.03569038794375956,,
1,28,0x610dde2c,0x8cf5deb9,SOFTWARE_K4H4,SERVER_CPU,PYTHON_FIXED_MODEL_WALL,1,SUCCESS,507,25,256,63,,,0.0243669671472162,0.0243669671472162,,
1,28,0x610dde2c,0x8cf5deb9,SOFTWARE_K3H3,SERVER_CPU,PYTHON_FIXED_MODEL_WALL,1,SUCCESS,507,25,256,65,,,0.016281365882605314,0.016281365882605314,,
1,29,0x82241b87,0xbbe27f39,NUMPY_FLOAT64,SERVER_CPU,NUMPY_CORE_ONLY,1,SUCCESS,507,25,313,,,,0.02126781572587788,0.02616833313368261,,
1,29,0x82241b87,0xbbe27f39,QISKIT_AER_STATEVECTOR,SERVER_CPU,AER_EXECUTION_ONLY,1,SUCCESS,507,25,313,,,,3.6592847623396665,8.116440519923344,2.035910777049139,2.0630305358208716
1,29,0x82241b87,0xbbe27f39,RTL_FIXED_NORMAL,SERVER_CPU,PYTHON_FIXED_MODEL_WALL,1,SUCCESS,507,21,133,133,,,0.016789486166089773,0.016789486166089773,,
1,29,0x82241b87,0xbbe27f39,SOFTWARE_K4H4,SERVER_CPU,PYTHON_FIXED_MODEL_WALL,1,SUCCESS,507,21,133,37,,,0.01160674705170095,0.01160674705170095,,
1,29,0x82241b87,0xbbe27f39,SOFTWARE_K3H3,SERVER_CPU,PYTHON_FIXED_MODEL_WALL,1,SUCCESS,507,21,133,39,,,0.009482135996222496,0.009482135996222496,,
1,30,0x48647490,0xea9551eb,NUMPY_FLOAT64,SERVER_CPU,NUMPY_CORE_ONLY,1,SUCCESS,507,19,63,,,,0.0041220602579414845,0.007847520988434553,,
1,30,0x48647490,0xea9551eb,QISKIT_AER_STATEVECTOR,SERVER_CPU,AER_EXECUTION_ONLY,1,SUCCESS,507,19,63,,,,0.7703920132480562,1.5403820590581745,0.4020877000875771,0.2930626920424402
1,30,0x48647490,0xea9551eb,RTL_FIXED_NORMAL,SERVER_CPU,PYTHON_FIXED_MODEL_WALL,1,SUCCESS,507,19,63,63,,,0.012111526913940907,0.012111526913940907,,
1,30,0x48647490,0xea9551eb,SOFTWARE_K4H4,SERVER_CPU,PYTHON_FIXED_MODEL_WALL,1,SUCCESS,507,19,63,25,,,0.023042503045871854,0.023042503045871854,,
1,30,0x48647490,0xea9551eb,SOFTWARE_K3H3,SERVER_CPU,PYTHON_FIXED_MODEL_WALL,1,SUCCESS,507,19,63,26,,,0.008423206163570285,0.008423206163570285,,
1,31,0x63df3b7f,0xa8b057e1,NUMPY_FLOAT64,SERVER_CPU,NUMPY_CORE_ONLY,1,SUCCESS,507,25,224,,,,0.017098044278100133,0.022847375134006143,,
1,31,0x63df3b7f,0xa8b057e1,QISKIT_AER_STATEVECTOR,SERVER_CPU,AER_EXECUTION_ONLY,1,SUCCESS,507,25,224,,,,2.58594455732964,3.3825548738241196,0.3668905470985919,0.3364662399981171
1,31,0x63df3b7f,0xa8b057e1,RTL_FIXED_NORMAL,SERVER_CPU,PYTHON_FIXED_MODEL_WALL,1,SUCCESS,507,27,273,273,,,0.04190166597254574,0.04190166597254574,,
1,31,0x63df3b7f,0xa8b057e1,SOFTWARE_K4H4,SERVER_CPU,PYTHON_FIXED_MODEL_WALL,1,SUCCESS,507,27,273,74,,,0.04245157307013869,0.04245157307013869,,
1,31,0x63df3b7f,0xa8b057e1,SOFTWARE_K3H3,SERVER_CPU,PYTHON_FIXED_MODEL_WALL,1,SUCCESS,507,27,273,80,,,0.022587921004742384,0.022587921004742384,,
1,32,0x433125bb,0x3221fef0,NUMPY_FLOAT64,SERVER_CPU,NUMPY_CORE_ONLY,1,SUCCESS,507,26,229,,,,0.013332426315173507,0.018516676034778357,,
1,32,0x433125bb,0x3221fef0,QISKIT_AER_STATEVECTOR,SERVER_CPU,AER_EXECUTION_ONLY,1,SUCCESS,507,26,229,,,,2.8439914130140096,5.4263892699964345,1.115972276078537,1.2088587100151926
1,32,0x433125bb,0x3221fef0,RTL_FIXED_NORMAL,SERVER_CPU,PYTHON_FIXED_MODEL_WALL,1,SUCCESS,507,22,93,93,,,0.014291706960648298,0.014291706960648298,,
1,32,0x433125bb,0x3221fef0,SOFTWARE_K4H4,SERVER_CPU,PYTHON_FIXED_MODEL_WALL,1,SUCCESS,507,22,93,25,,,0.010521742980927229,0.010521742980927229,,
1,32,0x433125bb,0x3221fef0,SOFTWARE_K3H3,SERVER_CPU,PYTHON_FIXED_MODEL_WALL,1,SUCCESS,507,22,93,26,,,0.010101487161591649,0.010101487161591649,,
1,33,0x7943be40,0x6641ee79,NUMPY_FLOAT64,SERVER_CPU,NUMPY_CORE_ONLY,1,SUCCESS,507,19,93,,,,0.005619312636554241,0.009584798011928797,,
1,33,0x7943be40,0x6641ee79,QISKIT_AER_STATEVECTOR,SERVER_CPU,AER_EXECUTION_ONLY,1,SUCCESS,507,19,93,,,,1.256658421130851,1.2665243290830404,0.0,0.0
1,33,0x7943be40,0x6641ee79,RTL_FIXED_NORMAL,SERVER_CPU,PYTHON_FIXED_MODEL_WALL,1,SUCCESS,507,19,93,93,,,0.012898516841232777,0.012898516841232777,,
1,33,0x7943be40,0x6641ee79,SOFTWARE_K4H4,SERVER_CPU,PYTHON_FIXED_MODEL_WALL,1,SUCCESS,507,19,93,26,,,0.011349963955581188,0.011349963955581188,,
1,33,0x7943be40,0x6641ee79,SOFTWARE_K3H3,SERVER_CPU,PYTHON_FIXED_MODEL_WALL,1,SUCCESS,507,19,93,27,,,0.00819403282366693,0.00819403282366693,,
1,34,0x26c93252,0x675d2908,NUMPY_FLOAT64,SERVER_CPU,NUMPY_CORE_ONLY,1,SUCCESS,507,25,171,,,,0.009466984076425433,0.014248279854655266,,
1,34,0x26c93252,0x675d2908,QISKIT_AER_STATEVECTOR,SERVER_CPU,AER_EXECUTION_ONLY,1,SUCCESS,507,25,171,,,,1.997637148015201,2.0103542779106647,0.0,0.0
1,34,0x26c93252,0x675d2908,RTL_FIXED_NORMAL,SERVER_CPU,PYTHON_FIXED_MODEL_WALL,1,SUCCESS,507,27,290,290,,,0.03348730714060366,0.03348730714060366,,
1,34,0x26c93252,0x675d2908,SOFTWARE_K4H4,SERVER_CPU,PYTHON_FIXED_MODEL_WALL,1,SUCCESS,507,27,290,106,,,0.04541327012702823,0.04541327012702823,,
1,34,0x26c93252,0x675d2908,SOFTWARE_K3H3,SERVER_CPU,PYTHON_FIXED_MODEL_WALL,1,SUCCESS,507,27,290,107,,,0.021581846987828612,0.021581846987828612,,
1,35,0xdbe3ed49,0xa7cfea56,NUMPY_FLOAT64,SERVER_CPU,NUMPY_CORE_ONLY,1,SUCCESS,507,29,467,,,,0.024084454402327538,0.029827408958226442,,
1,35,0xdbe3ed49,0xa7cfea56,QISKIT_AER_STATEVECTOR,SERVER_CPU,AER_EXECUTION_ONLY,1,SUCCESS,507,29,467,,,,5.453224108088762,13.190588488942012,3.760990404058248,3.300156365148723
1,35,0xdbe3ed49,0xa7cfea56,RTL_FIXED_NORMAL,SERVER_CPU,PYTHON_FIXED_MODEL_WALL,1,SUCCESS,507,16,40,40,,,0.00763023691251874,0.00763023691251874,,
1,35,0xdbe3ed49,0xa7cfea56,SOFTWARE_K4H4,SERVER_CPU,PYTHON_FIXED_MODEL_WALL,1,SUCCESS,507,16,40,12,,,0.010944538051262498,0.010944538051262498,,
1,35,0xdbe3ed49,0xa7cfea56,SOFTWARE_K3H3,SERVER_CPU,PYTHON_FIXED_MODEL_WALL,1,SUCCESS,507,16,40,12,,,0.00535171409137547,0.00535171409137547,,
1,36,0xc2ec9bb4,0xbfc0ae9e,NUMPY_FLOAT64,SERVER_CPU,NUMPY_CORE_ONLY,1,SUCCESS,507,24,229,,,,0.014700730796903372,0.019937023054808378,,
1,36,0xc2ec9bb4,0xbfc0ae9e,QISKIT_AER_STATEVECTOR,SERVER_CPU,AER_EXECUTION_ONLY,1,SUCCESS,507,24,229,,,,2.9482678114436567,4.5470310798846185,0.7711977169383317,0.6856203388888389
1,36,0xc2ec9bb4,0xbfc0ae9e,RTL_FIXED_NORMAL,SERVER_CPU,PYTHON_FIXED_MODEL_WALL,1,SUCCESS,507,24,229,229,,,0.02761274599470198,0.02761274599470198,,
1,36,0xc2ec9bb4,0xbfc0ae9e,SOFTWARE_K4H4,SERVER_CPU,PYTHON_FIXED_MODEL_WALL,1,SUCCESS,507,24,229,51,,,0.019868595991283655,0.019868595991283655,,
1,36,0xc2ec9bb4,0xbfc0ae9e,SOFTWARE_K3H3,SERVER_CPU,PYTHON_FIXED_MODEL_WALL,1,SUCCESS,507,24,229,55,,,0.08452777494676411,0.08452777494676411,,
1,37,0xe7ec8559,0x307064ac,NUMPY_FLOAT64,SERVER_CPU,NUMPY_CORE_ONLY,1,SUCCESS,507,23,169,,,,0.01048500626347959,0.015067096101120114,,
1,37,0xe7ec8559,0x307064ac,QISKIT_AER_STATEVECTOR,SERVER_CPU,AER_EXECUTION_ONLY,1,SUCCESS,507,23,169,,,,1.8486539933364838,1.859406559029594,0.0,0.0
1,37,0xe7ec8559,0x307064ac,RTL_FIXED_NORMAL,SERVER_CPU,PYTHON_FIXED_MODEL_WALL,1,SUCCESS,507,23,169,169,,,0.0249918547924608,0.0249918547924608,,
1,37,0xe7ec8559,0x307064ac,SOFTWARE_K4H4,SERVER_CPU,PYTHON_FIXED_MODEL_WALL,1,SUCCESS,507,23,169,43,,,0.01505877380259335,0.01505877380259335,,
1,37,0xe7ec8559,0x307064ac,SOFTWARE_K3H3,SERVER_CPU,PYTHON_FIXED_MODEL_WALL,1,SUCCESS,507,23,169,44,,,0.011725320015102625,0.011725320015102625,,
1,38,0xccb88b54,0x2cf00158,NUMPY_FLOAT64,SERVER_CPU,NUMPY_CORE_ONLY,1,SUCCESS,507,19,83,,,,0.005830185720697045,0.009652192005887628,,
1,38,0xccb88b54,0x2cf00158,QISKIT_AER_STATEVECTOR,SERVER_CPU,AER_EXECUTION_ONLY,1,SUCCESS,507,19,83,,,,1.0257171688135713,1.0355798851232976,0.0,0.0
1,38,0xccb88b54,0x2cf00158,RTL_FIXED_NORMAL,SERVER_CPU,PYTHON_FIXED_MODEL_WALL,1,SUCCESS,507,21,123,123,,,0.02111501502804458,0.02111501502804458,,
1,38,0xccb88b54,0x2cf00158,SOFTWARE_K4H4,SERVER_CPU,PYTHON_FIXED_MODEL_WALL,1,SUCCESS,507,21,123,26,,,0.01257276302203536,0.01257276302203536,,
1,38,0xccb88b54,0x2cf00158,SOFTWARE_K3H3,SERVER_CPU,PYTHON_FIXED_MODEL_WALL,1,SUCCESS,507,21,123,29,,,0.010579691966995597,0.010579691966995597,,
1,39,0xb512e6a4,0x2b9e708c,NUMPY_FLOAT64,SERVER_CPU,NUMPY_CORE_ONLY,1,SUCCESS,507,25,277,,,,0.01628465624526143,0.021581327077001333,,
1,39,0xb512e6a4,0x2b9e708c,QISKIT_AER_STATEVECTOR,SERVER_CPU,AER_EXECUTION_ONLY,1,SUCCESS,507,25,277,,,,3.3204909209161997,4.343054567929357,0.5126456010621041,0.39711262402124703
1,39,0xb512e6a4,0x2b9e708c,RTL_FIXED_NORMAL,SERVER_CPU,PYTHON_FIXED_MODEL_WALL,1,SUCCESS,507,21,105,105,,,0.01847828086465597,0.01847828086465597,,
1,39,0xb512e6a4,0x2b9e708c,SOFTWARE_K4H4,SERVER_CPU,PYTHON_FIXED_MODEL_WALL,1,SUCCESS,507,21,105,29,,,0.01825137808918953,0.01825137808918953,,
1,39,0xb512e6a4,0x2b9e708c,SOFTWARE_K3H3,SERVER_CPU,PYTHON_FIXED_MODEL_WALL,1,SUCCESS,507,21,105,30,,,0.01884416793473065,0.01884416793473065,,
1,40,0x7e2c3d82,0xa69fb195,NUMPY_FLOAT64,SERVER_CPU,NUMPY_CORE_ONLY,1,SUCCESS,507,18,48,,,,0.0033894286025315523,0.006978551158681512,,
1,40,0x7e2c3d82,0xa69fb195,QISKIT_AER_STATEVECTOR,SERVER_CPU,AER_EXECUTION_ONLY,1,SUCCESS,507,18,48,,,,0.6501596290618181,0.6609366799239069,0.0,0.0
1,40,0x7e2c3d82,0xa69fb195,RTL_FIXED_NORMAL,SERVER_CPU,PYTHON_FIXED_MODEL_WALL,1,SUCCESS,507,18,48,48,,,0.010108651127666235,0.010108651127666235,,
1,40,0x7e2c3d82,0xa69fb195,SOFTWARE_K4H4,SERVER_CPU,PYTHON_FIXED_MODEL_WALL,1,SUCCESS,507,18,48,13,,,0.008381104096770287,0.008381104096770287,,
1,40,0x7e2c3d82,0xa69fb195,SOFTWARE_K3H3,SERVER_CPU,PYTHON_FIXED_MODEL_WALL,1,SUCCESS,507,18,48,13,,,0.006726644933223724,0.006726644933223724,,
1,41,0x58b3e5ad,0x23a21253,NUMPY_FLOAT64,SERVER_CPU,NUMPY_CORE_ONLY,1,SUCCESS,507,23,130,,,,0.00836406834423542,0.012905234936624765,,
1,41,0x58b3e5ad,0x23a21253,QISKIT_AER_STATEVECTOR,SERVER_CPU,AER_EXECUTION_ONLY,1,SUCCESS,507,23,130,,,,1.653758658329025,1.6672197978477925,0.0,0.0
1,41,0x58b3e5ad,0x23a21253,RTL_FIXED_NORMAL,SERVER_CPU,PYTHON_FIXED_MODEL_WALL,1,SUCCESS,507,24,196,196,,,0.030432485975325108,0.030432485975325108,,
1,41,0x58b3e5ad,0x23a21253,SOFTWARE_K4H4,SERVER_CPU,PYTHON_FIXED_MODEL_WALL,1,SUCCESS,507,24,196,73,,,0.026241392828524113,0.026241392828524113,,
1,41,0x58b3e5ad,0x23a21253,SOFTWARE_K3H3,SERVER_CPU,PYTHON_FIXED_MODEL_WALL,1,SUCCESS,507,24,196,78,,,0.015767270931974053,0.015767270931974053,,
1,42,0x9a07c40b,0x3ea78d8c,NUMPY_FLOAT64,SERVER_CPU,NUMPY_CORE_ONLY,1,SUCCESS,507,24,245,,,,0.014234875794500113,0.01904898090288043,,
1,42,0x9a07c40b,0x3ea78d8c,QISKIT_AER_STATEVECTOR,SERVER_CPU,AER_EXECUTION_ONLY,1,SUCCESS,507,24,245,,,,2.823344641830772,2.838846507947892,0.0,0.0
1,42,0x9a07c40b,0x3ea78d8c,RTL_FIXED_NORMAL,SERVER_CPU,PYTHON_FIXED_MODEL_WALL,1,SUCCESS,507,21,126,126,,,0.020951815880835056,0.020951815880835056,,
1,42,0x9a07c40b,0x3ea78d8c,SOFTWARE_K4H4,SERVER_CPU,PYTHON_FIXED_MODEL_WALL,1,SUCCESS,507,21,126,35,,,0.014650252182036638,0.014650252182036638,,
1,42,0x9a07c40b,0x3ea78d8c,SOFTWARE_K3H3,SERVER_CPU,PYTHON_FIXED_MODEL_WALL,1,SUCCESS,507,21,126,35,,,0.009789527859538794,0.009789527859538794,,
1,43,0xf1f9a54b,0x7b00db61,NUMPY_FLOAT64,SERVER_CPU,NUMPY_CORE_ONLY,1,SUCCESS,507,21,141,,,,0.009236158803105354,0.0140081150457263,,
1,43,0xf1f9a54b,0x7b00db61,QISKIT_AER_STATEVECTOR,SERVER_CPU,AER_EXECUTION_ONLY,1,SUCCESS,507,21,141,,,,1.658487827051431,1.6685841819271445,0.0,0.0
1,43,0xf1f9a54b,0x7b00db61,RTL_FIXED_NORMAL,SERVER_CPU,PYTHON_FIXED_MODEL_WALL,1,SUCCESS,507,28,252,252,,,0.03544639586471021,0.03544639586471021,,
1,43,0xf1f9a54b,0x7b00db61,SOFTWARE_K4H4,SERVER_CPU,PYTHON_FIXED_MODEL_WALL,1,SUCCESS,507,28,252,57,,,0.01924272207543254,0.01924272207543254,,
1,43,0xf1f9a54b,0x7b00db61,SOFTWARE_K3H3,SERVER_CPU,PYTHON_FIXED_MODEL_WALL,1,SUCCESS,507,28,252,57,,,0.016961375949904323,0.016961375949904323,,
1,44,0xfba6212d,0xb8b8356a,NUMPY_FLOAT64,SERVER_CPU,NUMPY_CORE_ONLY,1,SUCCESS,507,28,368,,,,0.024978964123874903,0.031335453037172556,,
1,44,0xfba6212d,0xb8b8356a,QISKIT_AER_STATEVECTOR,SERVER_CPU,AER_EXECUTION_ONLY,1,SUCCESS,507,28,368,,,,4.479142986936495,7.655030417023227,1.5867451180238277,1.3031558599323034
1,44,0xfba6212d,0xb8b8356a,RTL_FIXED_NORMAL,SERVER_CPU,PYTHON_FIXED_MODEL_WALL,1,SUCCESS,507,28,368,368,,,0.05237442394718528,0.05237442394718528,,
1,44,0xfba6212d,0xb8b8356a,SOFTWARE_K4H4,SERVER_CPU,PYTHON_FIXED_MODEL_WALL,1,SUCCESS,507,28,368,115,,,0.0695267659612,0.0695267659612,,
1,44,0xfba6212d,0xb8b8356a,SOFTWARE_K3H3,SERVER_CPU,PYTHON_FIXED_MODEL_WALL,1,SUCCESS,507,28,368,118,,,0.022869538981467485,0.022869538981467485,,
1,45,0x1ca60615,0xd753b84a,NUMPY_FLOAT64,SERVER_CPU,NUMPY_CORE_ONLY,1,SUCCESS,507,22,164,,,,0.009812082396820188,0.014436267083510756,,
1,45,0x1ca60615,0xd753b84a,QISKIT_AER_STATEVECTOR,SERVER_CPU,AER_EXECUTION_ONLY,1,SUCCESS,507,22,164,,,,1.9656960528809577,1.9761103079654276,0.0,0.0
1,45,0x1ca60615,0xd753b84a,RTL_FIXED_NORMAL,SERVER_CPU,PYTHON_FIXED_MODEL_WALL,1,SUCCESS,507,21,131,131,,,0.018063775962218642,0.018063775962218642,,
1,45,0x1ca60615,0xd753b84a,SOFTWARE_K4H4,SERVER_CPU,PYTHON_FIXED_MODEL_WALL,1,SUCCESS,507,21,131,33,,,0.013111373875290155,0.013111373875290155,,
1,45,0x1ca60615,0xd753b84a,SOFTWARE_K3H3,SERVER_CPU,PYTHON_FIXED_MODEL_WALL,1,SUCCESS,507,21,131,33,,,0.009961155010387301,0.009961155010387301,,
1,46,0xa085c93e,0x19b8504d,NUMPY_FLOAT64,SERVER_CPU,NUMPY_CORE_ONLY,1,SUCCESS,507,25,235,,,,0.01354336622171104,0.018733727047219872,,
1,46,0xa085c93e,0x19b8504d,QISKIT_AER_STATEVECTOR,SERVER_CPU,AER_EXECUTION_ONLY,1,SUCCESS,507,25,235,,,,2.893290806328878,2.9088990797754377,0.0,0.0
1,46,0xa085c93e,0x19b8504d,RTL_FIXED_NORMAL,SERVER_CPU,PYTHON_FIXED_MODEL_WALL,1,SUCCESS,507,20,96,96,,,0.016259527998045087,0.016259527998045087,,
1,46,0xa085c93e,0x19b8504d,SOFTWARE_K4H4,SERVER_CPU,PYTHON_FIXED_MODEL_WALL,1,SUCCESS,507,20,96,20,,,0.014911238802596927,0.014911238802596927,,
1,46,0xa085c93e,0x19b8504d,SOFTWARE_K3H3,SERVER_CPU,PYTHON_FIXED_MODEL_WALL,1,SUCCESS,507,20,96,21,,,0.008583359187468886,0.008583359187468886,,
1,47,0x18190603,0xad0438b2,NUMPY_FLOAT64,SERVER_CPU,NUMPY_CORE_ONLY,1,SUCCESS,507,21,120,,,,0.007237880490720272,0.01132994401268661,,
1,47,0x18190603,0xad0438b2,QISKIT_AER_STATEVECTOR,SERVER_CPU,AER_EXECUTION_ONLY,1,SUCCESS,507,21,120,,,,1.5434168055653572,1.5551670950371772,0.0,0.0
1,47,0x18190603,0xad0438b2,RTL_FIXED_NORMAL,SERVER_CPU,PYTHON_FIXED_MODEL_WALL,1,SUCCESS,507,21,120,120,,,0.01983913197182119,0.01983913197182119,,
1,47,0x18190603,0xad0438b2,SOFTWARE_K4H4,SERVER_CPU,PYTHON_FIXED_MODEL_WALL,1,SUCCESS,507,21,120,26,,,0.012701479019597173,0.012701479019597173,,
1,47,0x18190603,0xad0438b2,SOFTWARE_K3H3,SERVER_CPU,PYTHON_FIXED_MODEL_WALL,1,SUCCESS,507,21,120,26,,,0.00956718996167183,0.00956718996167183,,
1,48,0xc1143c78,0xbbdab3cd,NUMPY_FLOAT64,SERVER_CPU,NUMPY_CORE_ONLY,1,SUCCESS,507,27,335,,,,0.023839901899918914,0.030535386875271797,,
1,48,0xc1143c78,0xbbdab3cd,QISKIT_AER_STATEVECTOR,SERVER_CPU,AER_EXECUTION_ONLY,1,SUCCESS,507,27,335,,,,4.248321236111224,7.397494465112686,1.5068406050559133,1.3172408060636371
1,48,0xc1143c78,0xbbdab3cd,RTL_FIXED_NORMAL,SERVER_CPU,PYTHON_FIXED_MODEL_WALL,1,SUCCESS,507,25,157,157,,,0.024101697141304612,0.024101697141304612,,
1,48,0xc1143c78,0xbbdab3cd,SOFTWARE_K4H4,SERVER_CPU,PYTHON_FIXED_MODEL_WALL,1,SUCCESS,507,25,157,36,,,0.03642042982392013,0.03642042982392013,,
1,48,0xc1143c78,0xbbdab3cd,SOFTWARE_K3H3,SERVER_CPU,PYTHON_FIXED_MODEL_WALL,1,SUCCESS,507,25,157,37,,,0.013909653993323445,0.013909653993323445,,
1,49,0x332063fc,0x222ba57c,NUMPY_FLOAT64,SERVER_CPU,NUMPY_CORE_ONLY,1,SUCCESS,507,16,44,,,,0.0031581602524966,0.0068595451302826405,,
1,49,0x332063fc,0x222ba57c,QISKIT_AER_STATEVECTOR,SERVER_CPU,AER_EXECUTION_ONLY,1,SUCCESS,507,16,44,,,,0.5468497625552118,0.5544442571699619,0.0,0.0
1,49,0x332063fc,0x222ba57c,RTL_FIXED_NORMAL,SERVER_CPU,PYTHON_FIXED_MODEL_WALL,1,SUCCESS,507,23,148,148,,,0.020606142934411764,0.020606142934411764,,
1,49,0x332063fc,0x222ba57c,SOFTWARE_K4H4,SERVER_CPU,PYTHON_FIXED_MODEL_WALL,1,SUCCESS,507,23,148,40,,,0.014646587893366814,0.014646587893366814,,
1,49,0x332063fc,0x222ba57c,SOFTWARE_K3H3,SERVER_CPU,PYTHON_FIXED_MODEL_WALL,1,SUCCESS,507,23,148,40,,,0.010467143030837178,0.010467143030837178,,
1,50,0xd6f4066b,0xab9eb714,NUMPY_FLOAT64,SERVER_CPU,NUMPY_CORE_ONLY,1,SUCCESS,507,23,135,,,,0.008326528826728463,0.013017978984862566,,
1,50,0xd6f4066b,0xab9eb714,QISKIT_AER_STATEVECTOR,SERVER_CPU,AER_EXECUTION_ONLY,1,SUCCESS,507,23,135,,,,1.539924385258928,1.5507366750389338,0.0,0.0
1,50,0xd6f4066b,0xab9eb714,RTL_FIXED_NORMAL,SERVER_CPU,PYTHON_FIXED_MODEL_WALL,1,SUCCESS,507,26,275,275,,,0.035383749986067414,0.035383749986067414,,
1,50,0xd6f4066b,0xab9eb714,SOFTWARE_K4H4,SERVER_CPU,PYTHON_FIXED_MODEL_WALL,1,SUCCESS,507,26,275,63,,,0.05454358505085111,0.05454358505085111,,
1,50,0xd6f4066b,0xab9eb714,SOFTWARE_K3H3,SERVER_CPU,PYTHON_FIXED_MODEL_WALL,1,SUCCESS,507,26,275,66,,,0.016963345929980278,0.016963345929980278,,
1,51,0x64b9628c,0x9cd8b518,NUMPY_FLOAT64,SERVER_CPU,NUMPY_CORE_ONLY,1,SUCCESS,507,27,252,,,,0.013225472997874022,0.018346475902944803,,
1,51,0x64b9628c,0x9cd8b518,QISKIT_AER_STATEVECTOR,SERVER_CPU,AER_EXECUTION_ONLY,1,SUCCESS,507,27,252,,,,3.0446741455234587,3.060047141974792,0.0,0.0
1,51,0x64b9628c,0x9cd8b518,RTL_FIXED_NORMAL,SERVER_CPU,PYTHON_FIXED_MODEL_WALL,1,SUCCESS,507,22,122,122,,,0.0197599520906806,0.0197599520906806,,
1,51,0x64b9628c,0x9cd8b518,SOFTWARE_K4H4,SERVER_CPU,PYTHON_FIXED_MODEL_WALL,1,SUCCESS,507,22,122,23,,,0.013121491996571422,0.013121491996571422,,
1,51,0x64b9628c,0x9cd8b518,SOFTWARE_K3H3,SERVER_CPU,PYTHON_FIXED_MODEL_WALL,1,SUCCESS,507,22,122,23,,,0.00954838888719678,0.00954838888719678,,
1,52,0x894e6771,0x8a255c2e,NUMPY_FLOAT64,SERVER_CPU,NUMPY_CORE_ONLY,1,SUCCESS,507,24,172,,,,0.009789532283321023,0.014671359909698367,,
1,52,0x894e6771,0x8a255c2e,QISKIT_AER_STATEVECTOR,SERVER_CPU,AER_EXECUTION_ONLY,1,SUCCESS,507,24,172,,,,1.9479907311033458,1.9597771128173918,0.0,0.0
1,52,0x894e6771,0x8a255c2e,RTL_FIXED_NORMAL,SERVER_CPU,PYTHON_FIXED_MODEL_WALL,1,SUCCESS,507,26,256,256,,,0.03350604907609522,0.03350604907609522,,
1,52,0x894e6771,0x8a255c2e,SOFTWARE_K4H4,SERVER_CPU,PYTHON_FIXED_MODEL_WALL,1,SUCCESS,507,26,256,85,,,0.02606353093869984,0.02606353093869984,,
1,52,0x894e6771,0x8a255c2e,SOFTWARE_K3H3,SERVER_CPU,PYTHON_FIXED_MODEL_WALL,1,SUCCESS,507,26,256,89,,,0.01973468787036836,0.01973468787036836,,
1,53,0xe3e668e8,0xff1f20c3,NUMPY_FLOAT64,SERVER_CPU,NUMPY_CORE_ONLY,1,SUCCESS,507,21,115,,,,0.006841442547738552,0.011099935974925756,,
1,53,0xe3e668e8,0xff1f20c3,QISKIT_AER_STATEVECTOR,SERVER_CPU,AER_EXECUTION_ONLY,1,SUCCESS,507,21,115,,,,1.274470586096868,1.2852908950299025,0.0,0.0
1,53,0xe3e668e8,0xff1f20c3,RTL_FIXED_NORMAL,SERVER_CPU,PYTHON_FIXED_MODEL_WALL,1,SUCCESS,507,24,167,167,,,0.025080566061660647,0.025080566061660647,,
1,53,0xe3e668e8,0xff1f20c3,SOFTWARE_K4H4,SERVER_CPU,PYTHON_FIXED_MODEL_WALL,1,SUCCESS,507,24,167,43,,,0.01755364704877138,0.01755364704877138,,
1,53,0xe3e668e8,0xff1f20c3,SOFTWARE_K3H3,SERVER_CPU,PYTHON_FIXED_MODEL_WALL,1,SUCCESS,507,24,167,43,,,0.012612869963049889,0.012612869963049889,,
1,54,0x36980406,0xfbdbfa61,NUMPY_FLOAT64,SERVER_CPU,NUMPY_CORE_ONLY,1,SUCCESS,507,25,283,,,,0.01687799347564578,0.022280585952103138,,
1,54,0x36980406,0xfbdbfa61,QISKIT_AER_STATEVECTOR,SERVER_CPU,AER_EXECUTION_ONLY,1,SUCCESS,507,25,283,,,,3.4579756394959986,5.328956130892038,0.9209146259818226,0.7525042719207704
1,54,0x36980406,0xfbdbfa61,RTL_FIXED_NORMAL,SERVER_CPU,PYTHON_FIXED_MODEL_WALL,1,SUCCESS,507,25,283,283,,,0.033104439033195376,0.033104439033195376,,
1,54,0x36980406,0xfbdbfa61,SOFTWARE_K4H4,SERVER_CPU,PYTHON_FIXED_MODEL_WALL,1,SUCCESS,507,25,283,69,,,0.03964513191021979,0.03964513191021979,,
1,54,0x36980406,0xfbdbfa61,SOFTWARE_K3H3,SERVER_CPU,PYTHON_FIXED_MODEL_WALL,1,SUCCESS,507,25,283,71,,,0.014417293015867472,0.014417293015867472,,
1,55,0x114d2b4a,0xa617ad4e,NUMPY_FLOAT64,SERVER_CPU,NUMPY_CORE_ONLY,1,SUCCESS,507,23,124,,,,0.00719814095646143,0.011586450040340424,,
1,55,0x114d2b4a,0xa617ad4e,QISKIT_AER_STATEVECTOR,SERVER_CPU,AER_EXECUTION_ONLY,1,SUCCESS,507,23,124,,,,1.474078274331987,2.898095512064174,0.6613842090591788,0.6225477978587151
1,55,0x114d2b4a,0xa617ad4e,RTL_FIXED_NORMAL,SERVER_CPU,PYTHON_FIXED_MODEL_WALL,1,SUCCESS,507,26,269,269,,,0.03662272496148944,0.03662272496148944,,
1,55,0x114d2b4a,0xa617ad4e,SOFTWARE_K4H4,SERVER_CPU,PYTHON_FIXED_MODEL_WALL,1,SUCCESS,507,26,269,83,,,0.026135171065106988,0.026135171065106988,,
1,55,0x114d2b4a,0xa617ad4e,SOFTWARE_K3H3,SERVER_CPU,PYTHON_FIXED_MODEL_WALL,1,SUCCESS,507,26,269,83,,,0.01681554992683232,0.01681554992683232,,
1,56,0x3b8907e1,0x0c6cbd10,NUMPY_FLOAT64,SERVER_CPU,NUMPY_CORE_ONLY,1,SUCCESS,507,24,207,,,,0.012393668061122298,0.01730523887090385,,
1,56,0x3b8907e1,0x0c6cbd10,QISKIT_AER_STATEVECTOR,SERVER_CPU,AER_EXECUTION_ONLY,1,SUCCESS,507,24,207,,,,2.3023993405513465,4.387685138033703,1.052213427145034,0.8140506539493799
1,56,0x3b8907e1,0x0c6cbd10,RTL_FIXED_NORMAL,SERVER_CPU,PYTHON_FIXED_MODEL_WALL,1,SUCCESS,507,23,142,142,,,0.019562741043046117,0.019562741043046117,,
1,56,0x3b8907e1,0x0c6cbd10,SOFTWARE_K4H4,SERVER_CPU,PYTHON_FIXED_MODEL_WALL,1,SUCCESS,507,23,142,54,,,0.05830255290493369,0.05830255290493369,,
1,56,0x3b8907e1,0x0c6cbd10,SOFTWARE_K3H3,SERVER_CPU,PYTHON_FIXED_MODEL_WALL,1,SUCCESS,507,23,142,55,,,0.012708978028967977,0.012708978028967977,,
1,57,0x2cd09c1d,0x964fb1a7,NUMPY_FLOAT64,SERVER_CPU,NUMPY_CORE_ONLY,1,SUCCESS,507,22,166,,,,0.009686545236036181,0.014360802015289664,,
1,57,0x2cd09c1d,0x964fb1a7,QISKIT_AER_STATEVECTOR,SERVER_CPU,AER_EXECUTION_ONLY,1,SUCCESS,507,22,166,,,,2.007970777573064,2.0200120608787984,0.0,0.0
1,57,0x2cd09c1d,0x964fb1a7,RTL_FIXED_NORMAL,SERVER_CPU,PYTHON_FIXED_MODEL_WALL,1,SUCCESS,507,24,241,241,,,0.03364009293727577,0.03364009293727577,,
1,57,0x2cd09c1d,0x964fb1a7,SOFTWARE_K4H4,SERVER_CPU,PYTHON_FIXED_MODEL_WALL,1,SUCCESS,507,24,241,53,,,0.015784358838573098,0.015784358838573098,,
1,57,0x2cd09c1d,0x964fb1a7,SOFTWARE_K3H3,SERVER_CPU,PYTHON_FIXED_MODEL_WALL,1,SUCCESS,507,24,241,67,,,0.015935433097183704,0.015935433097183704,,
1,58,0x6d7a8604,0xbd6f99c6,NUMPY_FLOAT64,SERVER_CPU,NUMPY_CORE_ONLY,1,SUCCESS,507,21,97,,,,0.006182211684063077,0.01073731598444283,,
1,58,0x6d7a8604,0xbd6f99c6,QISKIT_AER_STATEVECTOR,SERVER_CPU,AER_EXECUTION_ONLY,1,SUCCESS,507,21,97,,,,1.182987365173176,1.1950901439413428,0.0,0.0
1,58,0x6d7a8604,0xbd6f99c6,RTL_FIXED_NORMAL,SERVER_CPU,PYTHON_FIXED_MODEL_WALL,1,SUCCESS,507,28,369,369,,,0.047462017042562366,0.047462017042562366,,
1,58,0x6d7a8604,0xbd6f99c6,SOFTWARE_K4H4,SERVER_CPU,PYTHON_FIXED_MODEL_WALL,1,SUCCESS,507,28,369,134,,,0.029711642069742084,0.029711642069742084,,
1,58,0x6d7a8604,0xbd6f99c6,SOFTWARE_K3H3,SERVER_CPU,PYTHON_FIXED_MODEL_WALL,1,SUCCESS,507,28,369,134,,,0.023477036971598864,0.023477036971598864,,
1,59,0x1fadaf42,0x60010aa3,NUMPY_FLOAT64,SERVER_CPU,NUMPY_CORE_ONLY,1,SUCCESS,507,24,141,,,,0.008814685279503465,0.014055124018341303,,
1,59,0x1fadaf42,0x60010aa3,QISKIT_AER_STATEVECTOR,SERVER_CPU,AER_EXECUTION_ONLY,1,SUCCESS,507,24,141,,,,1.459512860281393,1.4702258461620659,0.0,0.0
1,59,0x1fadaf42,0x60010aa3,RTL_FIXED_NORMAL,SERVER_CPU,PYTHON_FIXED_MODEL_WALL,1,SUCCESS,507,24,141,141,,,0.018655204912647605,0.018655204912647605,,
1,59,0x1fadaf42,0x60010aa3,SOFTWARE_K4H4,SERVER_CPU,PYTHON_FIXED_MODEL_WALL,1,SUCCESS,507,24,141,28,,,0.012368674157187343,0.012368674157187343,,
1,59,0x1fadaf42,0x60010aa3,SOFTWARE_K3H3,SERVER_CPU,PYTHON_FIXED_MODEL_WALL,1,SUCCESS,507,24,141,33,,,0.01142210909165442,0.01142210909165442,,
1,60,0x92fe7cfd,0xb54e2773,NUMPY_FLOAT64,SERVER_CPU,NUMPY_CORE_ONLY,1,SUCCESS,507,20,104,,,,0.006607239367440343,0.010850102175027132,,
1,60,0x92fe7cfd,0xb54e2773,QISKIT_AER_STATEVECTOR,SERVER_CPU,AER_EXECUTION_ONLY,1,SUCCESS,507,20,104,,,,1.1527361362241209,1.1626554729882628,0.0,0.0
1,60,0x92fe7cfd,0xb54e2773,RTL_FIXED_NORMAL,SERVER_CPU,PYTHON_FIXED_MODEL_WALL,1,SUCCESS,507,21,135,135,,,0.018489088863134384,0.018489088863134384,,
1,60,0x92fe7cfd,0xb54e2773,SOFTWARE_K4H4,SERVER_CPU,PYTHON_FIXED_MODEL_WALL,1,SUCCESS,507,21,135,31,,,0.013463587034493685,0.013463587034493685,,
1,60,0x92fe7cfd,0xb54e2773,SOFTWARE_K3H3,SERVER_CPU,PYTHON_FIXED_MODEL_WALL,1,SUCCESS,507,21,135,33,,,0.0099682139698416,0.0099682139698416,,
1,61,0x1aecb060,0x9c545eba,NUMPY_FLOAT64,SERVER_CPU,NUMPY_CORE_ONLY,1,SUCCESS,507,22,123,,,,0.007161858957260847,0.011853927979245782,,
1,61,0x1aecb060,0x9c545eba,QISKIT_AER_STATEVECTOR,SERVER_CPU,AER_EXECUTION_ONLY,1,SUCCESS,507,22,123,,,,1.4245934365317225,1.4351158521603793,0.0,0.0
1,61,0x1aecb060,0x9c545eba,RTL_FIXED_NORMAL,SERVER_CPU,PYTHON_FIXED_MODEL_WALL,1,SUCCESS,507,27,306,306,,,0.04259160300716758,0.04259160300716758,,
1,61,0x1aecb060,0x9c545eba,SOFTWARE_K4H4,SERVER_CPU,PYTHON_FIXED_MODEL_WALL,1,SUCCESS,507,27,306,63,,,0.020399071043357253,0.020399071043357253,,
1,61,0x1aecb060,0x9c545eba,SOFTWARE_K3H3,SERVER_CPU,PYTHON_FIXED_MODEL_WALL,1,SUCCESS,507,27,306,97,,,0.019437160110101104,0.019437160110101104,,
1,62,0x91778cc3,0xbd1d1bc0,NUMPY_FLOAT64,SERVER_CPU,NUMPY_CORE_ONLY,1,SUCCESS,507,25,256,,,,0.014112984063103795,0.01907474990002811,,
1,62,0x91778cc3,0xbd1d1bc0,QISKIT_AER_STATEVECTOR,SERVER_CPU,AER_EXECUTION_ONLY,1,SUCCESS,507,25,256,,,,3.1575868704821914,6.2279665088281035,1.5588152657728642,1.217429205076769
1,62,0x91778cc3,0xbd1d1bc0,RTL_FIXED_NORMAL,SERVER_CPU,PYTHON_FIXED_MODEL_WALL,1,SUCCESS,507,24,196,196,,,0.028757006861269474,0.028757006861269474,,
1,62,0x91778cc3,0xbd1d1bc0,SOFTWARE_K4H4,SERVER_CPU,PYTHON_FIXED_MODEL_WALL,1,SUCCESS,507,24,196,44,,,0.040182152995839715,0.040182152995839715,,
1,62,0x91778cc3,0xbd1d1bc0,SOFTWARE_K3H3,SERVER_CPU,PYTHON_FIXED_MODEL_WALL,1,SUCCESS,507,24,196,44,,,0.013169771991670132,0.013169771991670132,,
1,63,0xe6b7e7eb,0xd542988e,NUMPY_FLOAT64,SERVER_CPU,NUMPY_CORE_ONLY,1,SUCCESS,507,26,195,,,,0.011631382163614035,0.016879904083907604,,
1,63,0xe6b7e7eb,0xd542988e,QISKIT_AER_STATEVECTOR,SERVER_CPU,AER_EXECUTION_ONLY,1,SUCCESS,507,26,195,,,,2.429765766719356,3.9904168150387704,0.7790027230512351,0.6140050699468702
1,63,0xe6b7e7eb,0xd542988e,RTL_FIXED_NORMAL,SERVER_CPU,PYTHON_FIXED_MODEL_WALL,1,SUCCESS,507,19,67,67,,,0.015122910030186176,0.015122910030186176,,
1,63,0xe6b7e7eb,0xd542988e,SOFTWARE_K4H4,SERVER_CPU,PYTHON_FIXED_MODEL_WALL,1,SUCCESS,507,19,67,13,,,0.015964913880452514,0.015964913880452514,,
1,63,0xe6b7e7eb,0xd542988e,SOFTWARE_K3H3,SERVER_CPU,PYTHON_FIXED_MODEL_WALL,1,SUCCESS,507,19,67,14,,,0.03945542383007705,0.03945542383007705,,
1,64,0x6770144c,0xd2d3c6e7,NUMPY_FLOAT64,SERVER_CPU,NUMPY_CORE_ONLY,1,SUCCESS,507,22,98,,,,0.006334531353786588,0.010882902890443802,,
1,64,0x6770144c,0xd2d3c6e7,QISKIT_AER_STATEVECTOR,SERVER_CPU,AER_EXECUTION_ONLY,1,SUCCESS,507,22,98,,,,1.2055898383259773,1.2176495110616088,0.0,0.0
1,64,0x6770144c,0xd2d3c6e7,RTL_FIXED_NORMAL,SERVER_CPU,PYTHON_FIXED_MODEL_WALL,1,SUCCESS,507,23,129,129,,,0.026792836841195822,0.026792836841195822,,
1,64,0x6770144c,0xd2d3c6e7,SOFTWARE_K4H4,SERVER_CPU,PYTHON_FIXED_MODEL_WALL,1,SUCCESS,507,23,129,35,,,0.0214869671035558,0.0214869671035558,,
1,64,0x6770144c,0xd2d3c6e7,SOFTWARE_K3H3,SERVER_CPU,PYTHON_FIXED_MODEL_WALL,1,SUCCESS,507,23,129,37,,,0.012984433909878135,0.012984433909878135,,
1,65,0xc600a248,0x0a1e0844,NUMPY_FLOAT64,SERVER_CPU,NUMPY_CORE_ONLY,1,SUCCESS,507,26,277,,,,0.017969083972275257,0.023432309040799737,,
1,65,0xc600a248,0x0a1e0844,QISKIT_AER_STATEVECTOR,SERVER_CPU,AER_EXECUTION_ONLY,1,SUCCESS,507,26,277,,,,3.0241171966772527,5.641290178988129,1.244931577006355,1.1247541240882128
1,65,0xc600a248,0x0a1e0844,RTL_FIXED_NORMAL,SERVER_CPU,PYTHON_FIXED_MODEL_WALL,1,SUCCESS,507,26,277,277,,,0.03719249088317156,0.03719249088317156,,
1,65,0xc600a248,0x0a1e0844,SOFTWARE_K4H4,SERVER_CPU,PYTHON_FIXED_MODEL_WALL,1,SUCCESS,507,26,277,92,,,0.026809941977262497,0.026809941977262497,,
1,65,0xc600a248,0x0a1e0844,SOFTWARE_K3H3,SERVER_CPU,PYTHON_FIXED_MODEL_WALL,1,SUCCESS,507,26,277,94,,,0.018362396163865924,0.018362396163865924,,
1,66,0x1ea4f830,0x2ef0f28e,NUMPY_FLOAT64,SERVER_CPU,NUMPY_CORE_ONLY,1,SUCCESS,507,18,79,,,,0.004692156100645661,0.008138514123857021,,
1,66,0x1ea4f830,0x2ef0f28e,QISKIT_AER_STATEVECTOR,SERVER_CPU,AER_EXECUTION_ONLY,1,SUCCESS,507,18,79,,,,0.8950494294986129,0.9040116490796208,0.0,0.0
1,66,0x1ea4f830,0x2ef0f28e,RTL_FIXED_NORMAL,SERVER_CPU,PYTHON_FIXED_MODEL_WALL,1,SUCCESS,507,15,45,45,,,0.007531115086749196,0.007531115086749196,,
1,66,0x1ea4f830,0x2ef0f28e,SOFTWARE_K4H4,SERVER_CPU,PYTHON_FIXED_MODEL_WALL,1,SUCCESS,507,15,45,12,,,0.02768558985553682,0.02768558985553682,,
1,66,0x1ea4f830,0x2ef0f28e,SOFTWARE_K3H3,SERVER_CPU,PYTHON_FIXED_MODEL_WALL,1,SUCCESS,507,15,45,12,,,0.005642785225063562,0.005642785225063562,,
1,67,0x639604f3,0x7fe04f83,NUMPY_FLOAT64,SERVER_CPU,NUMPY_CORE_ONLY,1,SUCCESS,507,22,105,,,,0.007214123383164406,0.012359639862552285,,
1,67,0x639604f3,0x7fe04f83,QISKIT_AER_STATEVECTOR,SERVER_CPU,AER_EXECUTION_ONLY,1,SUCCESS,507,22,105,,,,1.3219071007333696,1.3338735199067742,0.0,0.0
1,67,0x639604f3,0x7fe04f83,RTL_FIXED_NORMAL,SERVER_CPU,PYTHON_FIXED_MODEL_WALL,1,SUCCESS,507,22,105,105,,,0.02080065500922501,0.02080065500922501,,
1,67,0x639604f3,0x7fe04f83,SOFTWARE_K4H4,SERVER_CPU,PYTHON_FIXED_MODEL_WALL,1,SUCCESS,507,22,105,45,,,0.01754464302212,0.01754464302212,,
1,67,0x639604f3,0x7fe04f83,SOFTWARE_K3H3,SERVER_CPU,PYTHON_FIXED_MODEL_WALL,1,SUCCESS,507,22,105,48,,,0.012111681047827005,0.012111681047827005,,
1,68,0x6e084a84,0xb643b17e,NUMPY_FLOAT64,SERVER_CPU,NUMPY_CORE_ONLY,1,SUCCESS,507,26,239,,,,0.016446844907477498,0.022929484024643898,,
1,68,0x6e084a84,0xb643b17e,QISKIT_AER_STATEVECTOR,SERVER_CPU,AER_EXECUTION_ONLY,1,SUCCESS,507,26,239,,,,2.8510471710469574,5.036509837955236,0.9975084289908409,0.9774889699183404
1,68,0x6e084a84,0xb643b17e,RTL_FIXED_NORMAL,SERVER_CPU,PYTHON_FIXED_MODEL_WALL,1,SUCCESS,507,26,239,239,,,0.028724942822009325,0.028724942822009325,,
1,68,0x6e084a84,0xb643b17e,SOFTWARE_K4H4,SERVER_CPU,PYTHON_FIXED_MODEL_WALL,1,SUCCESS,507,26,239,79,,,0.02090312517248094,0.02090312517248094,,
1,68,0x6e084a84,0xb643b17e,SOFTWARE_K3H3,SERVER_CPU,PYTHON_FIXED_MODEL_WALL,1,SUCCESS,507,26,239,80,,,0.01574296480976045,0.01574296480976045,,
1,69,0x3d7fc476,0x467d7a44,NUMPY_FLOAT64,SERVER_CPU,NUMPY_CORE_ONLY,1,SUCCESS,507,23,160,,,,0.009042906807735562,0.013520458014681935,,
1,69,0x3d7fc476,0x467d7a44,QISKIT_AER_STATEVECTOR,SERVER_CPU,AER_EXECUTION_ONLY,1,SUCCESS,507,23,160,,,,1.684510453371331,1.6947185629978776,0.0,0.0
1,69,0x3d7fc476,0x467d7a44,RTL_FIXED_NORMAL,SERVER_CPU,PYTHON_FIXED_MODEL_WALL,1,SUCCESS,507,23,160,160,,,0.023526124889031053,0.023526124889031053,,
1,69,0x3d7fc476,0x467d7a44,SOFTWARE_K4H4,SERVER_CPU,PYTHON_FIXED_MODEL_WALL,1,SUCCESS,507,23,160,55,,,0.03559106285683811,0.03559106285683811,,
1,69,0x3d7fc476,0x467d7a44,SOFTWARE_K3H3,SERVER_CPU,PYTHON_FIXED_MODEL_WALL,1,SUCCESS,507,23,160,56,,,0.013142262119799852,0.013142262119799852,,
1,70,0xedca3875,0xefade11e,NUMPY_FLOAT64,SERVER_CPU,NUMPY_CORE_ONLY,1,SUCCESS,507,26,243,,,,0.013923835009336472,0.019082390004768968,,
1,70,0xedca3875,0xefade11e,QISKIT_AER_STATEVECTOR,SERVER_CPU,AER_EXECUTION_ONLY,1,SUCCESS,507,26,243,,,,2.663714964641258,5.285260937875137,1.21305182389915,1.1793893510475755
1,70,0xedca3875,0xefade11e,RTL_FIXED_NORMAL,SERVER_CPU,PYTHON_FIXED_MODEL_WALL,1,SUCCESS,507,26,243,243,,,0.051186497788876295,0.051186497788876295,,
1,70,0xedca3875,0xefade11e,SOFTWARE_K4H4,SERVER_CPU,PYTHON_FIXED_MODEL_WALL,1,SUCCESS,507,26,243,88,,,0.03306991886347532,0.03306991886347532,,
1,70,0xedca3875,0xefade11e,SOFTWARE_K3H3,SERVER_CPU,PYTHON_FIXED_MODEL_WALL,1,SUCCESS,507,26,243,98,,,0.01890941010788083,0.01890941010788083,,
1,71,0xb883121d,0x095c678c,NUMPY_FLOAT64,SERVER_CPU,NUMPY_CORE_ONLY,1,SUCCESS,507,26,310,,,,0.01719043217599392,0.02225862303748727,,
1,71,0xb883121d,0x095c678c,QISKIT_AER_STATEVECTOR,SERVER_CPU,AER_EXECUTION_ONLY,1,SUCCESS,507,26,310,,,,3.338224032893777,5.298466481966898,0.9872692658100277,0.8043382060714066
1,71,0xb883121d,0x095c678c,RTL_FIXED_NORMAL,SERVER_CPU,PYTHON_FIXED_MODEL_WALL,1,SUCCESS,507,25,235,235,,,0.026628294959664345,0.026628294959664345,,
1,71,0xb883121d,0x095c678c,SOFTWARE_K4H4,SERVER_CPU,PYTHON_FIXED_MODEL_WALL,1,SUCCESS,507,25,235,38,,,0.05462054116651416,0.05462054116651416,,
1,71,0xb883121d,0x095c678c,SOFTWARE_K3H3,SERVER_CPU,PYTHON_FIXED_MODEL_WALL,1,SUCCESS,507,25,235,41,,,0.011619821889325976,0.011619821889325976,,
1,72,0xace22797,0xbc422a9a,NUMPY_FLOAT64,SERVER_CPU,NUMPY_CORE_ONLY,1,SUCCESS,507,12,15,,,,0.0018621557392179966,0.004979914985597134,,
1,72,0xace22797,0xbc422a9a,QISKIT_AER_STATEVECTOR,SERVER_CPU,AER_EXECUTION_ONLY,1,SUCCESS,507,12,15,,,,0.16781102726235986,0.1738020849879831,0.0,0.0
1,72,0xace22797,0xbc422a9a,RTL_FIXED_NORMAL,SERVER_CPU,PYTHON_FIXED_MODEL_WALL,1,SUCCESS,507,12,15,15,,,0.00411087297834456,0.00411087297834456,,
1,72,0xace22797,0xbc422a9a,SOFTWARE_K4H4,SERVER_CPU,PYTHON_FIXED_MODEL_WALL,1,SUCCESS,507,12,15,4,,,0.0034560980275273323,0.0034560980275273323,,
1,72,0xace22797,0xbc422a9a,SOFTWARE_K3H3,SERVER_CPU,PYTHON_FIXED_MODEL_WALL,1,SUCCESS,507,12,15,4,,,0.0032044490799307823,0.0032044490799307823,,
1,73,0xefd3172d,0x8c2c3233,NUMPY_FLOAT64,SERVER_CPU,NUMPY_CORE_ONLY,1,SUCCESS,507,21,100,,,,0.006720684003084898,0.010931080905720592,,
1,73,0xefd3172d,0x8c2c3233,QISKIT_AER_STATEVECTOR,SERVER_CPU,AER_EXECUTION_ONLY,1,SUCCESS,507,21,100,,,,1.0640272651799023,1.074067645939067,0.0,0.0
1,73,0xefd3172d,0x8c2c3233,RTL_FIXED_NORMAL,SERVER_CPU,PYTHON_FIXED_MODEL_WALL,1,SUCCESS,507,19,49,49,,,0.008856921922415495,0.008856921922415495,,
1,73,0xefd3172d,0x8c2c3233,SOFTWARE_K4H4,SERVER_CPU,PYTHON_FIXED_MODEL_WALL,1,SUCCESS,507,19,49,12,,,0.013486449839547276,0.013486449839547276,,
1,73,0xefd3172d,0x8c2c3233,SOFTWARE_K3H3,SERVER_CPU,PYTHON_FIXED_MODEL_WALL,1,SUCCESS,507,19,49,13,,,0.008013525977730751,0.008013525977730751,,
1,74,0xe6aacdb5,0x7f1c158a,NUMPY_FLOAT64,SERVER_CPU,NUMPY_CORE_ONLY,1,SUCCESS,507,21,145,,,,0.009415685664862394,0.014099635882303119,,
1,74,0xe6aacdb5,0x7f1c158a,QISKIT_AER_STATEVECTOR,SERVER_CPU,AER_EXECUTION_ONLY,1,SUCCESS,507,21,145,,,,1.587774111656472,1.598607007181272,0.0,0.0
1,74,0xe6aacdb5,0x7f1c158a,RTL_FIXED_NORMAL,SERVER_CPU,PYTHON_FIXED_MODEL_WALL,1,SUCCESS,507,23,212,212,,,0.028216429986059666,0.028216429986059666,,
1,74,0xe6aacdb5,0x7f1c158a,SOFTWARE_K4H4,SERVER_CPU,PYTHON_FIXED_MODEL_WALL,1,SUCCESS,507,23,212,40,,,0.018449811963364482,0.018449811963364482,,
1,74,0xe6aacdb5,0x7f1c158a,SOFTWARE_K3H3,SERVER_CPU,PYTHON_FIXED_MODEL_WALL,1,SUCCESS,507,23,212,40,,,0.011258084094151855,0.011258084094151855,,
1,75,0x6566c598,0xca804b00,NUMPY_FLOAT64,SERVER_CPU,NUMPY_CORE_ONLY,1,SUCCESS,507,15,42,,,,0.0033097080886363983,0.006429578876122832,,
1,75,0x6566c598,0xca804b00,QISKIT_AER_STATEVECTOR,SERVER_CPU,AER_EXECUTION_ONLY,1,SUCCESS,507,15,42,,,,0.4461872922256589,0.4533036120701581,0.0,0.0
1,75,0x6566c598,0xca804b00,RTL_FIXED_NORMAL,SERVER_CPU,PYTHON_FIXED_MODEL_WALL,1,SUCCESS,507,15,42,42,,,0.007532272953540087,0.007532272953540087,,
1,75,0x6566c598,0xca804b00,SOFTWARE_K4H4,SERVER_CPU,PYTHON_FIXED_MODEL_WALL,1,SUCCESS,507,15,42,11,,,0.007379140937700868,0.007379140937700868,,
1,75,0x6566c598,0xca804b00,SOFTWARE_K3H3,SERVER_CPU,PYTHON_FIXED_MODEL_WALL,1,SUCCESS,507,15,42,11,,,0.0054246599320322275,0.0054246599320322275,,
1,76,0x4e646d9d,0xcbae5ac0,NUMPY_FLOAT64,SERVER_CPU,NUMPY_CORE_ONLY,1,SUCCESS,507,21,97,,,,0.00657271035015583,0.011082739103585482,,
1,76,0x4e646d9d,0xcbae5ac0,QISKIT_AER_STATEVECTOR,SERVER_CPU,AER_EXECUTION_ONLY,1,SUCCESS,507,21,97,,,,0.9828997640870512,0.9938684420194477,0.0,0.0
1,76,0x4e646d9d,0xcbae5ac0,RTL_FIXED_NORMAL,SERVER_CPU,PYTHON_FIXED_MODEL_WALL,1,SUCCESS,507,17,64,64,,,0.010079266037791967,0.010079266037791967,,
1,76,0x4e646d9d,0xcbae5ac0,SOFTWARE_K4H4,SERVER_CPU,PYTHON_FIXED_MODEL_WALL,1,SUCCESS,507,17,64,18,,,0.01014681882224977,0.01014681882224977,,
1,76,0x4e646d9d,0xcbae5ac0,SOFTWARE_K3H3,SERVER_CPU,PYTHON_FIXED_MODEL_WALL,1,SUCCESS,507,17,64,19,,,0.007539934944361448,0.007539934944361448,,
1,77,0x05d81d6f,0x260c4013,NUMPY_FLOAT64,SERVER_CPU,NUMPY_CORE_ONLY,1,SUCCESS,507,18,67,,,,0.004573196638375521,0.008210897911339998,,
1,77,0x05d81d6f,0x260c4013,QISKIT_AER_STATEVECTOR,SERVER_CPU,AER_EXECUTION_ONLY,1,SUCCESS,507,18,67,,,,0.7561955724377185,0.7647174540907145,0.0,0.0
1,77,0x05d81d6f,0x260c4013,RTL_FIXED_NORMAL,SERVER_CPU,PYTHON_FIXED_MODEL_WALL,1,SUCCESS,507,22,113,113,,,0.015491517027840018,0.015491517027840018,,
1,77,0x05d81d6f,0x260c4013,SOFTWARE_K4H4,SERVER_CPU,PYTHON_FIXED_MODEL_WALL,1,SUCCESS,507,22,113,26,,,0.012138394871726632,0.012138394871726632,,
1,77,0x05d81d6f,0x260c4013,SOFTWARE_K3H3,SERVER_CPU,PYTHON_FIXED_MODEL_WALL,1,SUCCESS,507,22,113,32,,,0.009541650069877505,0.009541650069877505,,
1,78,0x2018f6a3,0x5728c7f4,NUMPY_FLOAT64,SERVER_CPU,NUMPY_CORE_ONLY,1,SUCCESS,507,26,249,,,,0.01496804622001946,0.020174246048554778,,
1,78,0x2018f6a3,0x5728c7f4,QISKIT_AER_STATEVECTOR,SERVER_CPU,AER_EXECUTION_ONLY,1,SUCCESS,507,26,249,,,,2.6735813023988158,2.6864408229012042,0.0,0.0
1,78,0x2018f6a3,0x5728c7f4,RTL_FIXED_NORMAL,SERVER_CPU,PYTHON_FIXED_MODEL_WALL,1,SUCCESS,507,31,430,430,,,0.05358328600414097,0.05358328600414097,,
1,78,0x2018f6a3,0x5728c7f4,SOFTWARE_K4H4,SERVER_CPU,PYTHON_FIXED_MODEL_WALL,1,SUCCESS,507,31,430,90,,,0.025997024960815907,0.025997024960815907,,
1,78,0x2018f6a3,0x5728c7f4,SOFTWARE_K3H3,SERVER_CPU,PYTHON_FIXED_MODEL_WALL,1,SUCCESS,507,31,430,118,,,0.02792757679708302,0.02792757679708302,,
1,79,0x718ebf0c,0x4d7d460c,NUMPY_FLOAT64,SERVER_CPU,NUMPY_CORE_ONLY,1,SUCCESS,507,22,90,,,,0.007802809122949839,0.013730729930102825,,
1,79,0x718ebf0c,0x4d7d460c,QISKIT_AER_STATEVECTOR,SERVER_CPU,AER_EXECUTION_ONLY,1,SUCCESS,507,22,90,,,,1.1635208518709987,1.1768711160402745,0.0,0.0
1,79,0x718ebf0c,0x4d7d460c,RTL_FIXED_NORMAL,SERVER_CPU,PYTHON_FIXED_MODEL_WALL,1,SUCCESS,507,24,138,138,,,0.024188084062188864,0.024188084062188864,,
1,79,0x718ebf0c,0x4d7d460c,SOFTWARE_K4H4,SERVER_CPU,PYTHON_FIXED_MODEL_WALL,1,SUCCESS,507,24,138,51,,,0.021865745075047016,0.021865745075047016,,
1,79,0x718ebf0c,0x4d7d460c,SOFTWARE_K3H3,SERVER_CPU,PYTHON_FIXED_MODEL_WALL,1,SUCCESS,507,24,138,54,,,0.018437594873830676,0.018437594873830676,,
1,80,0x042a8f17,0x2093b3f4,NUMPY_FLOAT64,SERVER_CPU,NUMPY_CORE_ONLY,1,SUCCESS,507,24,175,,,,0.011990469647571445,0.017696535913273692,,
1,80,0x042a8f17,0x2093b3f4,QISKIT_AER_STATEVECTOR,SERVER_CPU,AER_EXECUTION_ONLY,1,SUCCESS,507,24,175,,,,2.2656701430678368,2.281088873045519,0.0,0.0
1,80,0x042a8f17,0x2093b3f4,RTL_FIXED_NORMAL,SERVER_CPU,PYTHON_FIXED_MODEL_WALL,1,SUCCESS,507,27,381,381,,,0.048040522960945964,0.048040522960945964,,
1,80,0x042a8f17,0x2093b3f4,SOFTWARE_K4H4,SERVER_CPU,PYTHON_FIXED_MODEL_WALL,1,SUCCESS,507,27,381,116,,,0.34667458408512175,0.34667458408512175,,
1,80,0x042a8f17,0x2093b3f4,SOFTWARE_K3H3,SERVER_CPU,PYTHON_FIXED_MODEL_WALL,1,SUCCESS,507,27,381,116,,,0.019440438132733107,0.019440438132733107,,
1,81,0xfc1c775d,0x35bd20f1,NUMPY_FLOAT64,SERVER_CPU,NUMPY_CORE_ONLY,1,SUCCESS,507,25,219,,,,0.011761415749788284,0.016629316844046116,,
1,81,0xfc1c775d,0x35bd20f1,QISKIT_AER_STATEVECTOR,SERVER_CPU,AER_EXECUTION_ONLY,1,SUCCESS,507,25,219,,,,2.294653198448941,2.3063629590906203,0.0,0.0
1,81,0xfc1c775d,0x35bd20f1,RTL_FIXED_NORMAL,SERVER_CPU,PYTHON_FIXED_MODEL_WALL,1,SUCCESS,507,28,300,300,,,0.03460250701755285,0.03460250701755285,,
1,81,0xfc1c775d,0x35bd20f1,SOFTWARE_K4H4,SERVER_CPU,PYTHON_FIXED_MODEL_WALL,1,SUCCESS,507,28,300,76,,,0.02118621300905943,0.02118621300905943,,
1,81,0xfc1c775d,0x35bd20f1,SOFTWARE_K3H3,SERVER_CPU,PYTHON_FIXED_MODEL_WALL,1,SUCCESS,507,28,300,95,,,0.018868729006499052,0.018868729006499052,,
1,82,0x16b93b63,0x7d609ba5,NUMPY_FLOAT64,SERVER_CPU,NUMPY_CORE_ONLY,1,SUCCESS,507,24,210,,,,0.011355094611644745,0.01598277408629656,,
1,82,0x16b93b63,0x7d609ba5,QISKIT_AER_STATEVECTOR,SERVER_CPU,AER_EXECUTION_ONLY,1,SUCCESS,507,24,210,,,,2.3420193907804787,3.978826710022986,0.7754034949466586,0.701902732020244
1,82,0x16b93b63,0x7d609ba5,RTL_FIXED_NORMAL,SERVER_CPU,PYTHON_FIXED_MODEL_WALL,1,SUCCESS,507,27,336,336,,,0.04341342695988715,0.04341342695988715,,
1,82,0x16b93b63,0x7d609ba5,SOFTWARE_K4H4,SERVER_CPU,PYTHON_FIXED_MODEL_WALL,1,SUCCESS,507,27,336,112,,,0.041624169098213315,0.041624169098213315,,
1,82,0x16b93b63,0x7d609ba5,SOFTWARE_K3H3,SERVER_CPU,PYTHON_FIXED_MODEL_WALL,1,SUCCESS,507,27,336,114,,,0.019459817092865705,0.019459817092865705,,
1,83,0x8ce1028e,0xb152e7ef,NUMPY_FLOAT64,SERVER_CPU,NUMPY_CORE_ONLY,1,SUCCESS,507,28,374,,,,0.02149844798259437,0.02737316000275314,,
1,83,0x8ce1028e,0xb152e7ef,QISKIT_AER_STATEVECTOR,SERVER_CPU,AER_EXECUTION_ONLY,1,SUCCESS,507,28,374,,,,4.31765190535225,7.421771358931437,1.5979163211304694,1.216368414927274
1,83,0x8ce1028e,0xb152e7ef,RTL_FIXED_NORMAL,SERVER_CPU,PYTHON_FIXED_MODEL_WALL,1,SUCCESS,507,20,110,110,,,0.014368047937750816,0.014368047937750816,,
1,83,0x8ce1028e,0xb152e7ef,SOFTWARE_K4H4,SERVER_CPU,PYTHON_FIXED_MODEL_WALL,1,SUCCESS,507,20,110,31,,,0.0214771821629256,0.0214771821629256,,
1,83,0x8ce1028e,0xb152e7ef,SOFTWARE_K3H3,SERVER_CPU,PYTHON_FIXED_MODEL_WALL,1,SUCCESS,507,20,110,33,,,0.00993137015029788,0.00993137015029788,,
1,84,0x87bad980,0x7dbefa97,NUMPY_FLOAT64,SERVER_CPU,NUMPY_CORE_ONLY,1,SUCCESS,507,26,277,,,,0.01627864153124392,0.02164545003324747,,
1,84,0x87bad980,0x7dbefa97,QISKIT_AER_STATEVECTOR,SERVER_CPU,AER_EXECUTION_ONLY,1,SUCCESS,507,26,277,,,,3.501199553720653,3.516185282031074,0.0,0.0
1,84,0x87bad980,0x7dbefa97,RTL_FIXED_NORMAL,SERVER_CPU,PYTHON_FIXED_MODEL_WALL,1,SUCCESS,507,26,277,277,,,0.030773874139413238,0.030773874139413238,,
1,84,0x87bad980,0x7dbefa97,SOFTWARE_K4H4,SERVER_CPU,PYTHON_FIXED_MODEL_WALL,1,SUCCESS,507,26,277,86,,,0.05447924602776766,0.05447924602776766,,
1,84,0x87bad980,0x7dbefa97,SOFTWARE_K3H3,SERVER_CPU,PYTHON_FIXED_MODEL_WALL,1,SUCCESS,507,26,277,91,,,0.022233889903873205,0.022233889903873205,,
1,85,0xd63d86f3,0xf5399cca,NUMPY_FLOAT64,SERVER_CPU,NUMPY_CORE_ONLY,1,SUCCESS,507,20,91,,,,0.00578469829633832,0.010069095063954592,,
1,85,0xd63d86f3,0xf5399cca,QISKIT_AER_STATEVECTOR,SERVER_CPU,AER_EXECUTION_ONLY,1,SUCCESS,507,20,91,,,,1.0775845348834991,1.088906330987811,0.0,0.0
1,85,0xd63d86f3,0xf5399cca,RTL_FIXED_NORMAL,SERVER_CPU,PYTHON_FIXED_MODEL_WALL,1,SUCCESS,507,22,145,145,,,0.020833431975916028,0.020833431975916028,,
1,85,0xd63d86f3,0xf5399cca,SOFTWARE_K4H4,SERVER_CPU,PYTHON_FIXED_MODEL_WALL,1,SUCCESS,507,22,145,38,,,0.014672267949208617,0.014672267949208617,,
1,85,0xd63d86f3,0xf5399cca,SOFTWARE_K3H3,SERVER_CPU,PYTHON_FIXED_MODEL_WALL,1,SUCCESS,507,22,145,43,,,0.01117692282423377,0.01117692282423377,,
1,86,0xeeaba102,0x01560fc0,NUMPY_FLOAT64,SERVER_CPU,NUMPY_CORE_ONLY,1,SUCCESS,507,24,200,,,,0.011262133484706283,0.015961385099217296,,
1,86,0xeeaba102,0x01560fc0,QISKIT_AER_STATEVECTOR,SERVER_CPU,AER_EXECUTION_ONLY,1,SUCCESS,507,24,200,,,,2.401702605886385,4.332927790936083,0.9656708890106529,0.7561833248473704
1,86,0xeeaba102,0x01560fc0,RTL_FIXED_NORMAL,SERVER_CPU,PYTHON_FIXED_MODEL_WALL,1,SUCCESS,507,24,200,200,,,0.025115289026871324,0.025115289026871324,,
1,86,0xeeaba102,0x01560fc0,SOFTWARE_K4H4,SERVER_CPU,PYTHON_FIXED_MODEL_WALL,1,SUCCESS,507,24,200,64,,,0.034092827001586556,0.034092827001586556,,
1,86,0xeeaba102,0x01560fc0,SOFTWARE_K3H3,SERVER_CPU,PYTHON_FIXED_MODEL_WALL,1,SUCCESS,507,24,200,64,,,0.015877312049269676,0.015877312049269676,,
1,87,0xc1fee4bb,0xc7e12d58,NUMPY_FLOAT64,SERVER_CPU,NUMPY_CORE_ONLY,1,SUCCESS,507,22,146,,,,0.009521413128823042,0.013855412136763334,,
1,87,0xc1fee4bb,0xc7e12d58,QISKIT_AER_STATEVECTOR,SERVER_CPU,AER_EXECUTION_ONLY,1,SUCCESS,507,22,146,,,,1.6595136392861605,1.671569474041462,0.0,0.0
1,87,0xc1fee4bb,0xc7e12d58,RTL_FIXED_NORMAL,SERVER_CPU,PYTHON_FIXED_MODEL_WALL,1,SUCCESS,507,23,191,191,,,0.024583147140219808,0.024583147140219808,,
1,87,0xc1fee4bb,0xc7e12d58,SOFTWARE_K4H4,SERVER_CPU,PYTHON_FIXED_MODEL_WALL,1,SUCCESS,507,23,191,52,,,0.016811658861115575,0.016811658861115575,,
1,87,0xc1fee4bb,0xc7e12d58,SOFTWARE_K3H3,SERVER_CPU,PYTHON_FIXED_MODEL_WALL,1,SUCCESS,507,23,191,53,,,0.012315782019868493,0.012315782019868493,,
1,88,0x0707c9da,0xf644a3f9,NUMPY_FLOAT64,SERVER_CPU,NUMPY_CORE_ONLY,1,SUCCESS,507,22,115,,,,0.00940036284737289,0.015099994139745831,,
1,88,0x0707c9da,0xf644a3f9,QISKIT_AER_STATEVECTOR,SERVER_CPU,AER_EXECUTION_ONLY,1,SUCCESS,507,22,115,,,,1.3816919461824,1.3929466479457915,0.0,0.0
1,88,0x0707c9da,0xf644a3f9,RTL_FIXED_NORMAL,SERVER_CPU,PYTHON_FIXED_MODEL_WALL,1,SUCCESS,507,24,199,199,,,0.030752460937947035,0.030752460937947035,,
1,88,0x0707c9da,0xf644a3f9,SOFTWARE_K4H4,SERVER_CPU,PYTHON_FIXED_MODEL_WALL,1,SUCCESS,507,24,199,65,,,0.01786181190982461,0.01786181190982461,,
1,88,0x0707c9da,0xf644a3f9,SOFTWARE_K3H3,SERVER_CPU,PYTHON_FIXED_MODEL_WALL,1,SUCCESS,507,24,199,67,,,0.015874543925747275,0.015874543925747275,,
1,89,0xde0d9c30,0x58a2ee8f,NUMPY_FLOAT64,SERVER_CPU,NUMPY_CORE_ONLY,1,SUCCESS,507,16,41,,,,0.003109279554337263,0.006542745977640152,,
1,89,0xde0d9c30,0x58a2ee8f,QISKIT_AER_STATEVECTOR,SERVER_CPU,AER_EXECUTION_ONLY,1,SUCCESS,507,16,41,,,,0.5039433045312762,0.513347330968827,0.0,0.0
1,89,0xde0d9c30,0x58a2ee8f,RTL_FIXED_NORMAL,SERVER_CPU,PYTHON_FIXED_MODEL_WALL,1,SUCCESS,507,16,41,41,,,0.007746944902464747,0.007746944902464747,,
1,89,0xde0d9c30,0x58a2ee8f,SOFTWARE_K4H4,SERVER_CPU,PYTHON_FIXED_MODEL_WALL,1,SUCCESS,507,16,41,8,,,0.0058272359892725945,0.0058272359892725945,,
1,89,0xde0d9c30,0x58a2ee8f,SOFTWARE_K3H3,SERVER_CPU,PYTHON_FIXED_MODEL_WALL,1,SUCCESS,507,16,41,8,,,0.004949694033712149,0.004949694033712149,,
1,90,0x7cd0efc7,0x9f385cfb,NUMPY_FLOAT64,SERVER_CPU,NUMPY_CORE_ONLY,1,SUCCESS,507,15,29,,,,0.0022120082285255194,0.005292926914989948,,
1,90,0x7cd0efc7,0x9f385cfb,QISKIT_AER_STATEVECTOR,SERVER_CPU,AER_EXECUTION_ONLY,1,SUCCESS,507,15,29,,,,0.3653477793559432,0.37307324493303895,0.0,0.0
1,90,0x7cd0efc7,0x9f385cfb,RTL_FIXED_NORMAL,SERVER_CPU,PYTHON_FIXED_MODEL_WALL,1,SUCCESS,507,24,174,174,,,0.025900353910401464,0.025900353910401464,,
1,90,0x7cd0efc7,0x9f385cfb,SOFTWARE_K4H4,SERVER_CPU,PYTHON_FIXED_MODEL_WALL,1,SUCCESS,507,24,174,69,,,0.017498173052445054,0.017498173052445054,,
1,90,0x7cd0efc7,0x9f385cfb,SOFTWARE_K3H3,SERVER_CPU,PYTHON_FIXED_MODEL_WALL,1,SUCCESS,507,24,174,71,,,0.015016081975772977,0.015016081975772977,,
1,91,0xe4cb50a6,0x94d13729,NUMPY_FLOAT64,SERVER_CPU,NUMPY_CORE_ONLY,1,SUCCESS,507,17,53,,,,0.0036834352649748325,0.007047876017168164,,
1,91,0xe4cb50a6,0x94d13729,QISKIT_AER_STATEVECTOR,SERVER_CPU,AER_EXECUTION_ONLY,1,SUCCESS,507,17,53,,,,0.6784680262207985,0.6875164089724422,0.0,0.0
1,91,0xe4cb50a6,0x94d13729,RTL_FIXED_NORMAL,SERVER_CPU,PYTHON_FIXED_MODEL_WALL,1,SUCCESS,507,17,53,53,,,0.00875760312192142,0.00875760312192142,,
1,91,0xe4cb50a6,0x94d13729,SOFTWARE_K4H4,SERVER_CPU,PYTHON_FIXED_MODEL_WALL,1,SUCCESS,507,17,53,18,,,0.008762634126469493,0.008762634126469493,,
1,91,0xe4cb50a6,0x94d13729,SOFTWARE_K3H3,SERVER_CPU,PYTHON_FIXED_MODEL_WALL,1,SUCCESS,507,17,53,18,,,0.00736422510817647,0.00736422510817647,,
1,92,0xa0882219,0x18f75d24,NUMPY_FLOAT64,SERVER_CPU,NUMPY_CORE_ONLY,1,SUCCESS,507,20,86,,,,0.005665376549586654,0.009951964020729065,,
1,92,0xa0882219,0x18f75d24,QISKIT_AER_STATEVECTOR,SERVER_CPU,AER_EXECUTION_ONLY,1,SUCCESS,507,20,86,,,,1.1250720210373402,1.1372731809969991,0.0,0.0
1,92,0xa0882219,0x18f75d24,RTL_FIXED_NORMAL,SERVER_CPU,PYTHON_FIXED_MODEL_WALL,1,SUCCESS,507,20,86,86,,,0.019593020202592015,0.019593020202592015,,
1,92,0xa0882219,0x18f75d24,SOFTWARE_K4H4,SERVER_CPU,PYTHON_FIXED_MODEL_WALL,1,SUCCESS,507,20,86,23,,,0.014685137895867229,0.014685137895867229,,
1,92,0xa0882219,0x18f75d24,SOFTWARE_K3H3,SERVER_CPU,PYTHON_FIXED_MODEL_WALL,1,SUCCESS,507,20,86,25,,,0.00943233398720622,0.00943233398720622,,
1,93,0xc435e6f2,0xf75a52bc,NUMPY_FLOAT64,SERVER_CPU,NUMPY_CORE_ONLY,1,SUCCESS,507,22,143,,,,0.009555233409628272,0.014907065080478787,,
1,93,0xc435e6f2,0xf75a52bc,QISKIT_AER_STATEVECTOR,SERVER_CPU,AER_EXECUTION_ONLY,1,SUCCESS,507,22,143,,,,1.7785838374402374,1.7911748720798641,0.0,0.0
1,93,0xc435e6f2,0xf75a52bc,RTL_FIXED_NORMAL,SERVER_CPU,PYTHON_FIXED_MODEL_WALL,1,SUCCESS,507,23,192,192,,,0.03144498891197145,0.03144498891197145,,
1,93,0xc435e6f2,0xf75a52bc,SOFTWARE_K4H4,SERVER_CPU,PYTHON_FIXED_MODEL_WALL,1,SUCCESS,507,23,192,50,,,0.015828879084438086,0.015828879084438086,,
1,93,0xc435e6f2,0xf75a52bc,SOFTWARE_K3H3,SERVER_CPU,PYTHON_FIXED_MODEL_WALL,1,SUCCESS,507,23,192,51,,,0.013076029950752854,0.013076029950752854,,
1,94,0x011b63f0,0x0aa34346,NUMPY_FLOAT64,SERVER_CPU,NUMPY_CORE_ONLY,1,SUCCESS,507,18,62,,,,0.0044476743787527084,0.008448007050901651,,
1,94,0x011b63f0,0x0aa34346,QISKIT_AER_STATEVECTOR,SERVER_CPU,AER_EXECUTION_ONLY,1,SUCCESS,507,18,62,,,,0.8005502903833985,0.8102435378823429,0.0,0.0
1,94,0x011b63f0,0x0aa34346,RTL_FIXED_NORMAL,SERVER_CPU,PYTHON_FIXED_MODEL_WALL,1,SUCCESS,507,18,62,62,,,0.014303768053650856,0.014303768053650856,,
1,94,0x011b63f0,0x0aa34346,SOFTWARE_K4H4,SERVER_CPU,PYTHON_FIXED_MODEL_WALL,1,SUCCESS,507,18,62,23,,,0.012606021948158741,0.012606021948158741,,
1,94,0x011b63f0,0x0aa34346,SOFTWARE_K3H3,SERVER_CPU,PYTHON_FIXED_MODEL_WALL,1,SUCCESS,507,18,62,27,,,0.009532897034659982,0.009532897034659982,,
1,95,0x1b456e77,0xee460f94,NUMPY_FLOAT64,SERVER_CPU,NUMPY_CORE_ONLY,1,SUCCESS,507,24,143,,,,0.011488741496577859,0.018151239026337862,,
1,95,0x1b456e77,0xee460f94,QISKIT_AER_STATEVECTOR,SERVER_CPU,AER_EXECUTION_ONLY,1,SUCCESS,507,24,143,,,,1.880118376808241,1.8931072251871228,0.0,0.0
1,95,0x1b456e77,0xee460f94,RTL_FIXED_NORMAL,SERVER_CPU,PYTHON_FIXED_MODEL_WALL,1,SUCCESS,507,20,75,75,,,0.013635752024129033,0.013635752024129033,,
1,95,0x1b456e77,0xee460f94,SOFTWARE_K4H4,SERVER_CPU,PYTHON_FIXED_MODEL_WALL,1,SUCCESS,507,20,75,18,,,0.010046538896858692,0.010046538896858692,,
1,95,0x1b456e77,0xee460f94,SOFTWARE_K3H3,SERVER_CPU,PYTHON_FIXED_MODEL_WALL,1,SUCCESS,507,20,75,25,,,0.008469640975818038,0.008469640975818038,,
1,96,0x10088608,0xef418331,NUMPY_FLOAT64,SERVER_CPU,NUMPY_CORE_ONLY,1,SUCCESS,507,24,183,,,,0.012888060184195638,0.0183971228543669,,
1,96,0x10088608,0xef418331,QISKIT_AER_STATEVECTOR,SERVER_CPU,AER_EXECUTION_ONLY,1,SUCCESS,507,24,183,,,,2.2017335074488074,3.9593194890767336,0.7114570280537009,0.868173090973869
1,96,0x10088608,0xef418331,RTL_FIXED_NORMAL,SERVER_CPU,PYTHON_FIXED_MODEL_WALL,1,SUCCESS,507,24,183,183,,,0.021966781932860613,0.021966781932860613,,
1,96,0x10088608,0xef418331,SOFTWARE_K4H4,SERVER_CPU,PYTHON_FIXED_MODEL_WALL,1,SUCCESS,507,24,183,64,,,0.023707245010882616,0.023707245010882616,,
1,96,0x10088608,0xef418331,SOFTWARE_K3H3,SERVER_CPU,PYTHON_FIXED_MODEL_WALL,1,SUCCESS,507,24,183,68,,,0.014078622916713357,0.014078622916713357,,
1,97,0x6fcfc352,0xf8fa9f4c,NUMPY_FLOAT64,SERVER_CPU,NUMPY_CORE_ONLY,1,SUCCESS,507,24,209,,,,0.011349170468747616,0.01600382709875703,,
1,97,0x6fcfc352,0xf8fa9f4c,QISKIT_AER_STATEVECTOR,SERVER_CPU,AER_EXECUTION_ONLY,1,SUCCESS,507,24,209,,,,2.431759663624689,2.44386622402817,0.0,0.0
1,97,0x6fcfc352,0xf8fa9f4c,RTL_FIXED_NORMAL,SERVER_CPU,PYTHON_FIXED_MODEL_WALL,1,SUCCESS,507,21,102,102,,,0.015710201114416122,0.015710201114416122,,
1,97,0x6fcfc352,0xf8fa9f4c,SOFTWARE_K4H4,SERVER_CPU,PYTHON_FIXED_MODEL_WALL,1,SUCCESS,507,21,102,26,,,0.012739456025883555,0.012739456025883555,,
1,97,0x6fcfc352,0xf8fa9f4c,SOFTWARE_K3H3,SERVER_CPU,PYTHON_FIXED_MODEL_WALL,1,SUCCESS,507,21,102,28,,,0.009596036048606038,0.009596036048606038,,
1,98,0xfb6077af,0x713595a9,NUMPY_FLOAT64,SERVER_CPU,NUMPY_CORE_ONLY,1,SUCCESS,507,24,186,,,,0.01228053541854024,0.01743911299854517,,
1,98,0xfb6077af,0x713595a9,QISKIT_AER_STATEVECTOR,SERVER_CPU,AER_EXECUTION_ONLY,1,SUCCESS,507,24,186,,,,2.3878444717265666,2.402421841863543,0.0,0.0
1,98,0xfb6077af,0x713595a9,RTL_FIXED_NORMAL,SERVER_CPU,PYTHON_FIXED_MODEL_WALL,1,SUCCESS,507,20,102,102,,,0.016918810084462166,0.016918810084462166,,
1,98,0xfb6077af,0x713595a9,SOFTWARE_K4H4,SERVER_CPU,PYTHON_FIXED_MODEL_WALL,1,SUCCESS,507,20,102,20,,,0.01684753503650427,0.01684753503650427,,
1,98,0xfb6077af,0x713595a9,SOFTWARE_K3H3,SERVER_CPU,PYTHON_FIXED_MODEL_WALL,1,SUCCESS,507,20,102,20,,,0.011193403042852879,0.011193403042852879,,
1,99,0xc6ebb72e,0x08fdf109,NUMPY_FLOAT64,SERVER_CPU,NUMPY_CORE_ONLY,1,SUCCESS,507,19,70,,,,0.004689412657171488,0.008466684026643634,,
1,99,0xc6ebb72e,0x08fdf109,QISKIT_AER_STATEVECTOR,SERVER_CPU,AER_EXECUTION_ONLY,1,SUCCESS,507,19,70,,,,0.8238473383244127,0.8331784601323307,0.0,0.0
1,99,0xc6ebb72e,0x08fdf109,RTL_FIXED_NORMAL,SERVER_CPU,PYTHON_FIXED_MODEL_WALL,1,SUCCESS,507,27,263,263,,,0.0376036879606545,0.0376036879606545,,
1,99,0xc6ebb72e,0x08fdf109,SOFTWARE_K4H4,SERVER_CPU,PYTHON_FIXED_MODEL_WALL,1,SUCCESS,507,27,263,138,,,0.026984637835994363,0.026984637835994363,,
1,99,0xc6ebb72e,0x08fdf109,SOFTWARE_K3H3,SERVER_CPU,PYTHON_FIXED_MODEL_WALL,1,SUCCESS,507,27,263,138,,,0.03184325201436877,0.03184325201436877,,
4,0,0x7b1dcdaf,0x24370df2,NUMPY_FLOAT64,SERVER_CPU,NUMPY_CORE_ONLY,1,SUCCESS,8685,21,119,,,,0.007951303152367473,0.013011430157348514,,
4,0,0x7b1dcdaf,0x24370df2,QISKIT_AER_STATEVECTOR,SERVER_CPU,AER_EXECUTION_ONLY,1,SUCCESS,8685,21,119,,,,1.5513073215261102,5.587795768165961,1.5495603950694203,2.196233424823731
4,0,0x7b1dcdaf,0x24370df2,RTL_FIXED_NORMAL,SERVER_CPU,PYTHON_FIXED_MODEL_WALL,1,SUCCESS,8685,21,119,119,,,0.02300373208709061,0.02300373208709061,,
4,0,0x7b1dcdaf,0x24370df2,SOFTWARE_K4H4,SERVER_CPU,PYTHON_FIXED_MODEL_WALL,1,SUCCESS,8685,21,119,38,,,0.013372073182836175,0.013372073182836175,,
4,0,0x7b1dcdaf,0x24370df2,SOFTWARE_K3H3,SERVER_CPU,PYTHON_FIXED_MODEL_WALL,1,SUCCESS,8685,21,119,38,,,0.009971090126782656,0.009971090126782656,,
4,1,0x3a85a4dc,0xa3b9aa35,NUMPY_FLOAT64,SERVER_CPU,NUMPY_CORE_ONLY,1,SUCCESS,4724,20,81,,,,0.006359245162457228,0.010814429959282279,,
4,1,0x3a85a4dc,0xa3b9aa35,QISKIT_AER_STATEVECTOR,SERVER_CPU,AER_EXECUTION_ONLY,1,SUCCESS,4724,20,81,,,,1.1643391847610474,3.021372524788603,0.87825424131006,0.8072479139082134
4,1,0x3a85a4dc,0xa3b9aa35,RTL_FIXED_NORMAL,SERVER_CPU,PYTHON_FIXED_MODEL_WALL,1,SUCCESS,8685,23,132,132,,,0.01849483302794397,0.01849483302794397,,
4,1,0x3a85a4dc,0xa3b9aa35,SOFTWARE_K4H4,SERVER_CPU,PYTHON_FIXED_MODEL_WALL,1,SUCCESS,8685,23,132,43,,,0.05627099913544953,0.05627099913544953,,
4,1,0x3a85a4dc,0xa3b9aa35,SOFTWARE_K3H3,SERVER_CPU,PYTHON_FIXED_MODEL_WALL,1,SUCCESS,8685,23,132,43,,,0.010972385993227363,0.010972385993227363,,
4,2,0x6162a8b2,0x871c276f,NUMPY_FLOAT64,SERVER_CPU,NUMPY_CORE_ONLY,1,SUCCESS,4724,19,89,,,,0.006013245554640889,0.010375309968367219,,
4,2,0x6162a8b2,0x871c276f,QISKIT_AER_STATEVECTOR,SERVER_CPU,AER_EXECUTION_ONLY,1,SUCCESS,4724,19,89,,,,1.038645834196359,2.048198499949649,0.3964371019974351,0.5284586288034916
4,2,0x6162a8b2,0x871c276f,RTL_FIXED_NORMAL,SERVER_CPU,PYTHON_FIXED_MODEL_WALL,1,SUCCESS,2852,19,89,89,,,0.01635095290839672,0.01635095290839672,,
4,2,0x6162a8b2,0x871c276f,SOFTWARE_K4H4,SERVER_CPU,PYTHON_FIXED_MODEL_WALL,1,SUCCESS,2852,19,89,24,,,0.007908147992566228,0.007908147992566228,,
4,2,0x6162a8b2,0x871c276f,SOFTWARE_K3H3,SERVER_CPU,PYTHON_FIXED_MODEL_WALL,1,SUCCESS,2852,19,89,24,,,0.007311164867132902,0.007311164867132902,,
4,3,0xc3adc34e,0xf5b8f22b,NUMPY_FLOAT64,SERVER_CPU,NUMPY_CORE_ONLY,1,SUCCESS,2852,15,31,,,,0.0026702696923166513,0.0061136819422245026,,
4,3,0xc3adc34e,0xf5b8f22b,QISKIT_AER_STATEVECTOR,SERVER_CPU,AER_EXECUTION_ONLY,1,SUCCESS,2852,15,31,,,,0.4026288576424122,0.4126799541991204,0.0,0.0
4,3,0xc3adc34e,0xf5b8f22b,RTL_FIXED_NORMAL,SERVER_CPU,PYTHON_FIXED_MODEL_WALL,1,SUCCESS,2852,20,101,101,,,0.014096274971961975,0.014096274971961975,,
4,3,0xc3adc34e,0xf5b8f22b,SOFTWARE_K4H4,SERVER_CPU,PYTHON_FIXED_MODEL_WALL,1,SUCCESS,2852,20,101,28,,,0.007855376927182078,0.007855376927182078,,
4,3,0xc3adc34e,0xf5b8f22b,SOFTWARE_K3H3,SERVER_CPU,PYTHON_FIXED_MODEL_WALL,1,SUCCESS,2852,20,101,29,,,0.007311880122870207,0.007311880122870207,,
4,4,0x2bb073ff,0x3f8396e3,NUMPY_FLOAT64,SERVER_CPU,NUMPY_CORE_ONLY,1,SUCCESS,4724,17,59,,,,0.00368835823610425,0.006994233932346106,,
4,4,0x2bb073ff,0x3f8396e3,QISKIT_AER_STATEVECTOR,SERVER_CPU,AER_EXECUTION_ONLY,1,SUCCESS,4724,17,59,,,,0.691769476281479,0.699888332048431,0.0,0.0
4,4,0x2bb073ff,0x3f8396e3,RTL_FIXED_NORMAL,SERVER_CPU,PYTHON_FIXED_MODEL_WALL,1,SUCCESS,4724,16,47,47,,,0.008117477176710963,0.008117477176710963,,
4,4,0x2bb073ff,0x3f8396e3,SOFTWARE_K4H4,SERVER_CPU,PYTHON_FIXED_MODEL_WALL,1,SUCCESS,4724,16,47,11,,,0.0050075550097972155,0.0050075550097972155,,
4,4,0x2bb073ff,0x3f8396e3,SOFTWARE_K3H3,SERVER_CPU,PYTHON_FIXED_MODEL_WALL,1,SUCCESS,4724,16,47,11,,,0.004947039997205138,0.004947039997205138,,
4,5,0xda585ab3,0xa7197ad7,NUMPY_FLOAT64,SERVER_CPU,NUMPY_CORE_ONLY,1,SUCCESS,4724,19,57,,,,0.0038007344119250774,0.007475463906303048,,
4,5,0xda585ab3,0xa7197ad7,QISKIT_AER_STATEVECTOR,SERVER_CPU,AER_EXECUTION_ONLY,1,SUCCESS,4724,19,57,,,,0.7977618332952261,1.3796919989399612,0.27272083912976086,0.2548108899500221
4,5,0xda585ab3,0xa7197ad7,RTL_FIXED_NORMAL,SERVER_CPU,PYTHON_FIXED_MODEL_WALL,1,SUCCESS,2852,20,72,72,,,0.012448830995708704,0.012448830995708704,,
4,5,0xda585ab3,0xa7197ad7,SOFTWARE_K4H4,SERVER_CPU,PYTHON_FIXED_MODEL_WALL,1,SUCCESS,2852,20,72,18,,,0.006880797212943435,0.006880797212943435,,
4,5,0xda585ab3,0xa7197ad7,SOFTWARE_K3H3,SERVER_CPU,PYTHON_FIXED_MODEL_WALL,1,SUCCESS,2852,20,72,18,,,0.006824439158663154,0.006824439158663154,,
4,6,0x0ed109c0,0x5701ce52,NUMPY_FLOAT64,SERVER_CPU,NUMPY_CORE_ONLY,1,SUCCESS,507,9,14,,,,0.0013592420145869255,0.00333411805331707,,
4,6,0x0ed109c0,0x5701ce52,QISKIT_AER_STATEVECTOR,SERVER_CPU,AER_EXECUTION_ONLY,1,SUCCESS,507,9,14,,,,0.1681444568093866,0.17280193394981325,0.0,0.0
4,6,0x0ed109c0,0x5701ce52,RTL_FIXED_NORMAL,SERVER_CPU,PYTHON_FIXED_MODEL_WALL,1,SUCCESS,507,9,14,14,,,0.003484977874904871,0.003484977874904871,,
4,6,0x0ed109c0,0x5701ce52,SOFTWARE_K4H4,SERVER_CPU,PYTHON_FIXED_MODEL_WALL,1,SUCCESS,507,9,14,4,,,0.0025385129265487194,0.0025385129265487194,,
4,6,0x0ed109c0,0x5701ce52,SOFTWARE_K3H3,SERVER_CPU,PYTHON_FIXED_MODEL_WALL,1,SUCCESS,507,9,14,4,,,0.0024262270890176296,0.0024262270890176296,,
4,7,0x102ecf73,0x53c7612b,NUMPY_FLOAT64,SERVER_CPU,NUMPY_CORE_ONLY,1,SUCCESS,507,21,112,,,,0.006830079015344381,0.010956851998344064,,
4,7,0x102ecf73,0x53c7612b,QISKIT_AER_STATEVECTOR,SERVER_CPU,AER_EXECUTION_ONLY,1,SUCCESS,507,21,112,,,,1.5066333969589323,3.2830654599238187,0.9229263348970562,0.7001380990259349
4,7,0x102ecf73,0x53c7612b,RTL_FIXED_NORMAL,SERVER_CPU,PYTHON_FIXED_MODEL_WALL,1,SUCCESS,507,21,112,112,,,0.016973559046164155,0.016973559046164155,,
4,7,0x102ecf73,0x53c7612b,SOFTWARE_K4H4,SERVER_CPU,PYTHON_FIXED_MODEL_WALL,1,SUCCESS,507,21,112,36,,,0.00884110783226788,0.00884110783226788,,
4,7,0x102ecf73,0x53c7612b,SOFTWARE_K3H3,SERVER_CPU,PYTHON_FIXED_MODEL_WALL,1,SUCCESS,507,21,112,36,,,0.007999251130968332,0.007999251130968332,,
4,8,0xcf29b6a1,0x35231a84,NUMPY_FLOAT64,SERVER_CPU,NUMPY_CORE_ONLY,1,SUCCESS,2852,15,40,,,,0.0028312020003795624,0.0057278170716017485,,
4,8,0xcf29b6a1,0x35231a84,QISKIT_AER_STATEVECTOR,SERVER_CPU,AER_EXECUTION_ONLY,1,SUCCESS,2852,15,40,,,,0.6237276862375438,0.6314337709918618,0.0,0.0
4,8,0xcf29b6a1,0x35231a84,RTL_FIXED_NORMAL,SERVER_CPU,PYTHON_FIXED_MODEL_WALL,1,SUCCESS,2852,15,40,40,,,0.008636539103463292,0.008636539103463292,,
4,8,0xcf29b6a1,0x35231a84,SOFTWARE_K4H4,SERVER_CPU,PYTHON_FIXED_MODEL_WALL,1,SUCCESS,2852,15,40,8,,,0.004429307067766786,0.004429307067766786,,
4,8,0xcf29b6a1,0x35231a84,SOFTWARE_K3H3,SERVER_CPU,PYTHON_FIXED_MODEL_WALL,1,SUCCESS,2852,15,40,8,,,0.0041405740194022655,0.0041405740194022655,,
4,9,0xc49cbb42,0xd0a3bbb8,NUMPY_FLOAT64,SERVER_CPU,NUMPY_CORE_ONLY,1,SUCCESS,2852,23,94,,,,0.005657459842041135,0.010084792971611023,,
4,9,0xc49cbb42,0xd0a3bbb8,QISKIT_AER_STATEVECTOR,SERVER_CPU,AER_EXECUTION_ONLY,1,SUCCESS,2852,23,94,,,,1.279429360292852,2.227907676016912,0.5079298929776996,0.34538651118054986
4,9,0xc49cbb42,0xd0a3bbb8,RTL_FIXED_NORMAL,SERVER_CPU,PYTHON_FIXED_MODEL_WALL,1,SUCCESS,2852,23,94,94,,,0.016311326064169407,0.016311326064169407,,
4,9,0xc49cbb42,0xd0a3bbb8,SOFTWARE_K4H4,SERVER_CPU,PYTHON_FIXED_MODEL_WALL,1,SUCCESS,2852,23,94,29,,,0.009484438924118876,0.009484438924118876,,
4,9,0xc49cbb42,0xd0a3bbb8,SOFTWARE_K3H3,SERVER_CPU,PYTHON_FIXED_MODEL_WALL,1,SUCCESS,2852,23,94,40,,,0.008594042854383588,0.008594042854383588,,
4,10,0x4cc51d23,0xee0e3ab4,NUMPY_FLOAT64,SERVER_CPU,NUMPY_CORE_ONLY,1,SUCCESS,2852,19,65,,,,0.004077928839251399,0.007700880989432335,,
4,10,0x4cc51d23,0xee0e3ab4,QISKIT_AER_STATEVECTOR,SERVER_CPU,AER_EXECUTION_ONLY,1,SUCCESS,2852,19,65,,,,0.8323495299555361,0.842002745019272,0.0,0.0
4,10,0x4cc51d23,0xee0e3ab4,RTL_FIXED_NORMAL,SERVER_CPU,PYTHON_FIXED_MODEL_WALL,1,SUCCESS,2852,19,65,65,,,0.011467050993815064,0.011467050993815064,,
4,10,0x4cc51d23,0xee0e3ab4,SOFTWARE_K4H4,SERVER_CPU,PYTHON_FIXED_MODEL_WALL,1,SUCCESS,2852,19,65,19,,,0.00590697699226439,0.00590697699226439,,
4,10,0x4cc51d23,0xee0e3ab4,SOFTWARE_K3H3,SERVER_CPU,PYTHON_FIXED_MODEL_WALL,1,SUCCESS,2852,19,65,20,,,0.005877890158444643,0.005877890158444643,,
4,11,0xf9e8aa7a,0x3208c31a,NUMPY_FLOAT64,SERVER_CPU,NUMPY_CORE_ONLY,1,SUCCESS,507,22,152,,,,0.008224742487072945,0.012380409054458141,,
4,11,0xf9e8aa7a,0x3208c31a,QISKIT_AER_STATEVECTOR,SERVER_CPU,AER_EXECUTION_ONLY,1,SUCCESS,507,22,152,,,,1.7623950317502022,4.518396856030449,1.191446642158553,1.3043590509332716
4,11,0xf9e8aa7a,0x3208c31a,RTL_FIXED_NORMAL,SERVER_CPU,PYTHON_FIXED_MODEL_WALL,1,SUCCESS,4724,15,41,41,,,0.007767658913508058,0.007767658913508058,,
4,11,0xf9e8aa7a,0x3208c31a,SOFTWARE_K4H4,SERVER_CPU,PYTHON_FIXED_MODEL_WALL,1,SUCCESS,4724,15,41,10,,,0.005382495000958443,0.005382495000958443,,
4,11,0xf9e8aa7a,0x3208c31a,SOFTWARE_K3H3,SERVER_CPU,PYTHON_FIXED_MODEL_WALL,1,SUCCESS,4724,15,41,10,,,0.004350276896730065,0.004350276896730065,,
4,12,0xdda8b051,0xc8105c9d,NUMPY_FLOAT64,SERVER_CPU,NUMPY_CORE_ONLY,1,SUCCESS,507,18,42,,,,0.0035905020777136087,0.007750652031973004,,
4,12,0xdda8b051,0xc8105c9d,QISKIT_AER_STATEVECTOR,SERVER_CPU,AER_EXECUTION_ONLY,1,SUCCESS,507,18,42,,,,0.5747740322258323,0.585356687894091,0.0,0.0
4,12,0xdda8b051,0xc8105c9d,RTL_FIXED_NORMAL,SERVER_CPU,PYTHON_FIXED_MODEL_WALL,1,SUCCESS,507,18,42,42,,,0.009630372049286962,0.009630372049286962,,
4,12,0xdda8b051,0xc8105c9d,SOFTWARE_K4H4,SERVER_CPU,PYTHON_FIXED_MODEL_WALL,1,SUCCESS,507,18,42,10,,,0.004799090093001723,0.004799090093001723,,
4,12,0xdda8b051,0xc8105c9d,SOFTWARE_K3H3,SERVER_CPU,PYTHON_FIXED_MODEL_WALL,1,SUCCESS,507,18,42,12,,,0.004901448031887412,0.004901448031887412,,
4,13,0xabfb11bf,0xf5dec75e,NUMPY_FLOAT64,SERVER_CPU,NUMPY_CORE_ONLY,1,SUCCESS,2852,22,128,,,,0.007138385670259595,0.01130106602795422,,
4,13,0xabfb11bf,0xf5dec75e,QISKIT_AER_STATEVECTOR,SERVER_CPU,AER_EXECUTION_ONLY,1,SUCCESS,2852,22,128,,,,1.6581161960493773,3.725921754958108,1.0434786879923195,0.8444374857936054
4,13,0xabfb11bf,0xf5dec75e,RTL_FIXED_NORMAL,SERVER_CPU,PYTHON_FIXED_MODEL_WALL,1,SUCCESS,2852,22,128,128,,,0.018731898861005902,0.018731898861005902,,
4,13,0xabfb11bf,0xf5dec75e,SOFTWARE_K4H4,SERVER_CPU,PYTHON_FIXED_MODEL_WALL,1,SUCCESS,2852,22,128,41,,,0.009533216012641788,0.009533216012641788,,
4,13,0xabfb11bf,0xf5dec75e,SOFTWARE_K3H3,SERVER_CPU,PYTHON_FIXED_MODEL_WALL,1,SUCCESS,2852,22,128,44,,,0.010228642029687762,0.010228642029687762,,
4,14,0x20639811,0x6b6a7c47,NUMPY_FLOAT64,SERVER_CPU,NUMPY_CORE_ONLY,1,SUCCESS,8685,20,99,,,,0.006119630998000503,0.010305587900802493,,
4,14,0x20639811,0x6b6a7c47,QISKIT_AER_STATEVECTOR,SERVER_CPU,AER_EXECUTION_ONLY,1,SUCCESS,8685,20,99,,,,1.2038217009976506,2.7832811600528657,0.7417688758578151,0.7222780596930534
4,14,0x20639811,0x6b6a7c47,RTL_FIXED_NORMAL,SERVER_CPU,PYTHON_FIXED_MODEL_WALL,1,SUCCESS,4724,17,59,59,,,0.010045996168628335,0.010045996168628335,,
4,14,0x20639811,0x6b6a7c47,SOFTWARE_K4H4,SERVER_CPU,PYTHON_FIXED_MODEL_WALL,1,SUCCESS,4724,17,59,14,,,0.005937349982559681,0.005937349982559681,,
4,14,0x20639811,0x6b6a7c47,SOFTWARE_K3H3,SERVER_CPU,PYTHON_FIXED_MODEL_WALL,1,SUCCESS,4724,17,59,14,,,0.0056922228541225195,0.0056922228541225195,,
4,15,0xac72acd2,0xca84bc6c,NUMPY_FLOAT64,SERVER_CPU,NUMPY_CORE_ONLY,1,SUCCESS,4724,24,156,,,,0.00941604282706976,0.014655294828116894,,
4,15,0xac72acd2,0xca84bc6c,QISKIT_AER_STATEVECTOR,SERVER_CPU,AER_EXECUTION_ONLY,1,SUCCESS,4724,24,156,,,,1.9686812376603484,5.443202599184588,1.7098499778658152,1.4759425427764654
4,15,0xac72acd2,0xca84bc6c,RTL_FIXED_NORMAL,SERVER_CPU,PYTHON_FIXED_MODEL_WALL,1,SUCCESS,8685,21,85,85,,,0.015880655962973833,0.015880655962973833,,
4,15,0xac72acd2,0xca84bc6c,SOFTWARE_K4H4,SERVER_CPU,PYTHON_FIXED_MODEL_WALL,1,SUCCESS,8685,21,85,35,,,0.009243734879419208,0.009243734879419208,,
4,15,0xac72acd2,0xca84bc6c,SOFTWARE_K3H3,SERVER_CPU,PYTHON_FIXED_MODEL_WALL,1,SUCCESS,8685,21,85,39,,,0.008404285181313753,0.008404285181313753,,
4,16,0x49a2da79,0xe1376725,NUMPY_FLOAT64,SERVER_CPU,NUMPY_CORE_ONLY,1,SUCCESS,2852,21,116,,,,0.006340919993817806,0.010347421048209071,,
4,16,0x49a2da79,0xe1376725,QISKIT_AER_STATEVECTOR,SERVER_CPU,AER_EXECUTION_ONLY,1,SUCCESS,2852,21,116,,,,1.6384830940514803,2.6222328960429877,0.45203008013777435,0.448229179950431
4,16,0x49a2da79,0xe1376725,RTL_FIXED_NORMAL,SERVER_CPU,PYTHON_FIXED_MODEL_WALL,1,SUCCESS,2852,21,116,116,,,0.0168630788102746,0.0168630788102746,,
4,16,0x49a2da79,0xe1376725,SOFTWARE_K4H4,SERVER_CPU,PYTHON_FIXED_MODEL_WALL,1,SUCCESS,2852,21,116,21,,,0.008554358035326004,0.008554358035326004,,
4,16,0x49a2da79,0xe1376725,SOFTWARE_K3H3,SERVER_CPU,PYTHON_FIXED_MODEL_WALL,1,SUCCESS,2852,21,116,21,,,0.006650303956121206,0.006650303956121206,,
4,17,0x63a4e9d7,0x6166dba4,NUMPY_FLOAT64,SERVER_CPU,NUMPY_CORE_ONLY,1,SUCCESS,507,25,152,,,,0.00894677173346281,0.013735468965023756,,
4,17,0x63a4e9d7,0x6166dba4,QISKIT_AER_STATEVECTOR,SERVER_CPU,AER_EXECUTION_ONLY,1,SUCCESS,507,25,152,,,,2.0501180342398584,4.497890238882974,1.0736794041004032,1.196869150036946
4,17,0x63a4e9d7,0x6166dba4,RTL_FIXED_NORMAL,SERVER_CPU,PYTHON_FIXED_MODEL_WALL,1,SUCCESS,507,24,121,121,,,0.016675028949975967,0.016675028949975967,,
4,17,0x63a4e9d7,0x6166dba4,SOFTWARE_K4H4,SERVER_CPU,PYTHON_FIXED_MODEL_WALL,1,SUCCESS,507,24,121,33,,,0.009064307902008295,0.009064307902008295,,
4,17,0x63a4e9d7,0x6166dba4,SOFTWARE_K3H3,SERVER_CPU,PYTHON_FIXED_MODEL_WALL,1,SUCCESS,507,24,121,43,,,0.01035917503759265,0.01035917503759265,,
4,18,0x8983f102,0x43fb6183,NUMPY_FLOAT64,SERVER_CPU,NUMPY_CORE_ONLY,1,SUCCESS,4724,21,101,,,,0.00580476108007133,0.00985335186123848,,
4,18,0x8983f102,0x43fb6183,QISKIT_AER_STATEVECTOR,SERVER_CPU,AER_EXECUTION_ONLY,1,SUCCESS,4724,21,101,,,,1.343154551461339,1.8584909599740058,0.24915361101739109,0.2292607598938048
4,18,0x8983f102,0x43fb6183,RTL_FIXED_NORMAL,SERVER_CPU,PYTHON_FIXED_MODEL_WALL,1,SUCCESS,8685,22,116,116,,,0.015399070922285318,0.015399070922285318,,
4,18,0x8983f102,0x43fb6183,SOFTWARE_K4H4,SERVER_CPU,PYTHON_FIXED_MODEL_WALL,1,SUCCESS,8685,22,116,25,,,0.007509371964260936,0.007509371964260936,,
4,18,0x8983f102,0x43fb6183,SOFTWARE_K3H3,SERVER_CPU,PYTHON_FIXED_MODEL_WALL,1,SUCCESS,8685,22,116,28,,,0.007394921034574509,0.007394921034574509,,
4,19,0xb671aa78,0xc97ad8a2,NUMPY_FLOAT64,SERVER_CPU,NUMPY_CORE_ONLY,1,SUCCESS,507,21,82,,,,0.004815429216250777,0.008855146123096347,,
4,19,0xb671aa78,0xc97ad8a2,QISKIT_AER_STATEVECTOR,SERVER_CPU,AER_EXECUTION_ONLY,1,SUCCESS,507,21,82,,,,1.1227133471984416,1.133816946996376,0.0,0.0
4,19,0xb671aa78,0xc97ad8a2,RTL_FIXED_NORMAL,SERVER_CPU,PYTHON_FIXED_MODEL_WALL,1,SUCCESS,507,21,82,82,,,0.011891477974131703,0.011891477974131703,,
4,19,0xb671aa78,0xc97ad8a2,SOFTWARE_K4H4,SERVER_CPU,PYTHON_FIXED_MODEL_WALL,1,SUCCESS,507,21,82,28,,,0.0072473338805139065,0.0072473338805139065,,
4,19,0xb671aa78,0xc97ad8a2,SOFTWARE_K3H3,SERVER_CPU,PYTHON_FIXED_MODEL_WALL,1,SUCCESS,507,21,82,33,,,0.007605189923197031,0.007605189923197031,,
4,20,0xdaeb566a,0x989e5b3d,NUMPY_FLOAT64,SERVER_CPU,NUMPY_CORE_ONLY,1,SUCCESS,4724,22,112,,,,0.006203852826729417,0.010313957929611206,,
4,20,0xdaeb566a,0x989e5b3d,QISKIT_AER_STATEVECTOR,SERVER_CPU,AER_EXECUTION_ONLY,1,SUCCESS,4724,22,112,,,,1.4467592732980847,1.4586694538593292,0.0,0.0
4,20,0xdaeb566a,0x989e5b3d,RTL_FIXED_NORMAL,SERVER_CPU,PYTHON_FIXED_MODEL_WALL,1,SUCCESS,507,22,112,112,,,0.015120130032300949,0.015120130032300949,,
4,20,0xdaeb566a,0x989e5b3d,SOFTWARE_K4H4,SERVER_CPU,PYTHON_FIXED_MODEL_WALL,1,SUCCESS,507,22,112,29,,,0.007581512909382582,0.007581512909382582,,
4,20,0xdaeb566a,0x989e5b3d,SOFTWARE_K3H3,SERVER_CPU,PYTHON_FIXED_MODEL_WALL,1,SUCCESS,507,22,112,38,,,0.008138020988553762,0.008138020988553762,,
4,21,0xf6181c00,0xa345ac4b,NUMPY_FLOAT64,SERVER_CPU,NUMPY_CORE_ONLY,1,SUCCESS,2852,9,4,,,,0.0006087652873247862,0.0023682741448283195,,
4,21,0xf6181c00,0xa345ac4b,QISKIT_AER_STATEVECTOR,SERVER_CPU,AER_EXECUTION_ONLY,1,SUCCESS,2852,9,4,,,,0.04968765075318515,0.05288823717273772,0.0,0.0
4,21,0xf6181c00,0xa345ac4b,RTL_FIXED_NORMAL,SERVER_CPU,PYTHON_FIXED_MODEL_WALL,1,SUCCESS,2852,9,4,4,,,0.0023558831308037043,0.0023558831308037043,,
4,21,0xf6181c00,0xa345ac4b,SOFTWARE_K4H4,SERVER_CPU,PYTHON_FIXED_MODEL_WALL,1,SUCCESS,2852,9,4,4,,,0.002860702108591795,0.002860702108591795,,
4,21,0xf6181c00,0xa345ac4b,SOFTWARE_K3H3,SERVER_CPU,PYTHON_FIXED_MODEL_WALL,1,SUCCESS,2852,9,4,4,,,0.0024214331060647964,0.0024214331060647964,,
4,22,0x4e18d852,0xa08980df,NUMPY_FLOAT64,SERVER_CPU,NUMPY_CORE_ONLY,1,SUCCESS,507,15,37,,,,0.002581600332632661,0.00563940592110157,,
4,22,0x4e18d852,0xa08980df,QISKIT_AER_STATEVECTOR,SERVER_CPU,AER_EXECUTION_ONLY,1,SUCCESS,507,15,37,,,,0.4435945567674935,0.4508949420414865,0.0,0.0
4,22,0x4e18d852,0xa08980df,RTL_FIXED_NORMAL,SERVER_CPU,PYTHON_FIXED_MODEL_WALL,1,SUCCESS,507,15,37,37,,,0.006555069936439395,0.006555069936439395,,
4,22,0x4e18d852,0xa08980df,SOFTWARE_K4H4,SERVER_CPU,PYTHON_FIXED_MODEL_WALL,1,SUCCESS,507,15,37,9,,,0.0043756498489528894,0.0043756498489528894,,
4,22,0x4e18d852,0xa08980df,SOFTWARE_K3H3,SERVER_CPU,PYTHON_FIXED_MODEL_WALL,1,SUCCESS,507,15,37,9,,,0.004098699893802404,0.004098699893802404,,
4,23,0xa035ceba,0x611de4c4,NUMPY_FLOAT64,SERVER_CPU,NUMPY_CORE_ONLY,1,SUCCESS,8685,12,21,,,,0.0015983565244823694,0.0039324050303548574,,
4,23,0xa035ceba,0x611de4c4,QISKIT_AER_STATEVECTOR,SERVER_CPU,AER_EXECUTION_ONLY,1,SUCCESS,8685,12,21,,,,0.2984397562686354,0.30494016502052546,0.0,0.0
4,23,0xa035ceba,0x611de4c4,RTL_FIXED_NORMAL,SERVER_CPU,PYTHON_FIXED_MODEL_WALL,1,SUCCESS,8685,12,21,21,,,0.004671185044571757,0.004671185044571757,,
4,23,0xa035ceba,0x611de4c4,SOFTWARE_K4H4,SERVER_CPU,PYTHON_FIXED_MODEL_WALL,1,SUCCESS,8685,12,21,7,,,0.003444063011556864,0.003444063011556864,,
4,23,0xa035ceba,0x611de4c4,SOFTWARE_K3H3,SERVER_CPU,PYTHON_FIXED_MODEL_WALL,1,SUCCESS,8685,12,21,7,,,0.003370247082784772,0.003370247082784772,,
4,24,0xc2416ee4,0x7323f479,NUMPY_FLOAT64,SERVER_CPU,NUMPY_CORE_ONLY,1,SUCCESS,8685,9,14,,,,0.0011788469273597002,0.002946299035102129,,
4,24,0xc2416ee4,0x7323f479,QISKIT_AER_STATEVECTOR,SERVER_CPU,AER_EXECUTION_ONLY,1,SUCCESS,8685,9,14,,,,0.20346375298686326,0.20813895598985255,0.0,0.0
4,24,0xc2416ee4,0x7323f479,RTL_FIXED_NORMAL,SERVER_CPU,PYTHON_FIXED_MODEL_WALL,1,SUCCESS,8685,9,14,14,,,0.0033336030319333076,0.0033336030319333076,,
4,24,0xc2416ee4,0x7323f479,SOFTWARE_K4H4,SERVER_CPU,PYTHON_FIXED_MODEL_WALL,1,SUCCESS,8685,9,14,4,,,0.0025390218943357468,0.0025390218943357468,,
4,24,0xc2416ee4,0x7323f479,SOFTWARE_K3H3,SERVER_CPU,PYTHON_FIXED_MODEL_WALL,1,SUCCESS,8685,9,14,4,,,0.0024648469407111406,0.0024648469407111406,,
4,25,0xfbdafbdd,0xa0c0cf2f,NUMPY_FLOAT64,SERVER_CPU,NUMPY_CORE_ONLY,1,SUCCESS,8685,20,100,,,,0.005695227300748229,0.009518061997368932,,
4,25,0xfbdafbdd,0xa0c0cf2f,QISKIT_AER_STATEVECTOR,SERVER_CPU,AER_EXECUTION_ONLY,1,SUCCESS,8685,20,100,,,,1.2852345549035817,2.0704677789472044,0.37906638416461647,0.3500245159957558
4,25,0xfbdafbdd,0xa0c0cf2f,RTL_FIXED_NORMAL,SERVER_CPU,PYTHON_FIXED_MODEL_WALL,1,SUCCESS,4724,19,77,77,,,0.012983617139980197,0.012983617139980197,,
4,25,0xfbdafbdd,0xa0c0cf2f,SOFTWARE_K4H4,SERVER_CPU,PYTHON_FIXED_MODEL_WALL,1,SUCCESS,4724,19,77,22,,,0.006551010068506002,0.006551010068506002,,
4,25,0xfbdafbdd,0xa0c0cf2f,SOFTWARE_K3H3,SERVER_CPU,PYTHON_FIXED_MODEL_WALL,1,SUCCESS,4724,19,77,22,,,0.005985475145280361,0.005985475145280361,,
4,26,0xa43fbf47,0x8de97b10,NUMPY_FLOAT64,SERVER_CPU,NUMPY_CORE_ONLY,1,SUCCESS,4724,15,29,,,,0.002070465823635459,0.004926759051159024,,
4,26,0xa43fbf47,0x8de97b10,QISKIT_AER_STATEVECTOR,SERVER_CPU,AER_EXECUTION_ONLY,1,SUCCESS,4724,15,29,,,,0.3195840218104422,0.32606723182834685,0.0,0.0
4,26,0xa43fbf47,0x8de97b10,RTL_FIXED_NORMAL,SERVER_CPU,PYTHON_FIXED_MODEL_WALL,1,SUCCESS,2852,21,83,83,,,0.011988777900114655,0.011988777900114655,,
4,26,0xa43fbf47,0x8de97b10,SOFTWARE_K4H4,SERVER_CPU,PYTHON_FIXED_MODEL_WALL,1,SUCCESS,2852,21,83,22,,,0.006829774007201195,0.006829774007201195,,
4,26,0xa43fbf47,0x8de97b10,SOFTWARE_K3H3,SERVER_CPU,PYTHON_FIXED_MODEL_WALL,1,SUCCESS,2852,21,83,22,,,0.00674303388223052,0.00674303388223052,,
4,27,0x6811f7c1,0xcb07044a,NUMPY_FLOAT64,SERVER_CPU,NUMPY_CORE_ONLY,1,SUCCESS,507,23,148,,,,0.00801778119057417,0.012529941974207759,,
4,27,0x6811f7c1,0xcb07044a,QISKIT_AER_STATEVECTOR,SERVER_CPU,AER_EXECUTION_ONLY,1,SUCCESS,507,23,148,,,,1.9987054271623492,3.723855478921905,0.7760294061154127,0.815632050158456
4,27,0x6811f7c1,0xcb07044a,RTL_FIXED_NORMAL,SERVER_CPU,PYTHON_FIXED_MODEL_WALL,1,SUCCESS,507,19,77,77,,,0.011152799939736724,0.011152799939736724,,
4,27,0x6811f7c1,0xcb07044a,SOFTWARE_K4H4,SERVER_CPU,PYTHON_FIXED_MODEL_WALL,1,SUCCESS,507,19,77,21,,,0.006472123088315129,0.006472123088315129,,
4,27,0x6811f7c1,0xcb07044a,SOFTWARE_K3H3,SERVER_CPU,PYTHON_FIXED_MODEL_WALL,1,SUCCESS,507,19,77,22,,,0.006206906167790294,0.006206906167790294,,
4,28,0x610dde2c,0x8cf5deb9,NUMPY_FLOAT64,SERVER_CPU,NUMPY_CORE_ONLY,1,SUCCESS,2852,24,205,,,,0.011810375144705176,0.01656039501540363,,
4,28,0x610dde2c,0x8cf5deb9,QISKIT_AER_STATEVECTOR,SERVER_CPU,AER_EXECUTION_ONLY,1,SUCCESS,2852,24,205,,,,2.7207628530450165,5.708998246118426,1.4683000368531793,1.2385031401645392
4,28,0x610dde2c,0x8cf5deb9,RTL_FIXED_NORMAL,SERVER_CPU,PYTHON_FIXED_MODEL_WALL,1,SUCCESS,2852,23,142,142,,,0.01992340199649334,0.01992340199649334,,
4,28,0x610dde2c,0x8cf5deb9,SOFTWARE_K4H4,SERVER_CPU,PYTHON_FIXED_MODEL_WALL,1,SUCCESS,2852,23,142,30,,,0.008569739060476422,0.008569739060476422,,
4,28,0x610dde2c,0x8cf5deb9,SOFTWARE_K3H3,SERVER_CPU,PYTHON_FIXED_MODEL_WALL,1,SUCCESS,2852,23,142,32,,,0.009026841027662158,0.009026841027662158,,
4,29,0x82241b87,0xbbe27f39,NUMPY_FLOAT64,SERVER_CPU,NUMPY_CORE_ONLY,1,SUCCESS,2852,18,62,,,,0.004459676332771778,0.008171004941686988,,
4,29,0x82241b87,0xbbe27f39,QISKIT_AER_STATEVECTOR,SERVER_CPU,AER_EXECUTION_ONLY,1,SUCCESS,2852,18,62,,,,0.8427179788704962,0.8523035279940814,0.0,0.0
4,29,0x82241b87,0xbbe27f39,RTL_FIXED_NORMAL,SERVER_CPU,PYTHON_FIXED_MODEL_WALL,1,SUCCESS,2852,18,62,62,,,0.013794562080875039,0.013794562080875039,,
4,29,0x82241b87,0xbbe27f39,SOFTWARE_K4H4,SERVER_CPU,PYTHON_FIXED_MODEL_WALL,1,SUCCESS,2852,18,62,19,,,0.006667301990091801,0.006667301990091801,,
4,29,0x82241b87,0xbbe27f39,SOFTWARE_K3H3,SERVER_CPU,PYTHON_FIXED_MODEL_WALL,1,SUCCESS,2852,18,62,21,,,0.006628015078604221,0.006628015078604221,,
4,30,0x48647490,0xea9551eb,NUMPY_FLOAT64,SERVER_CPU,NUMPY_CORE_ONLY,1,SUCCESS,4724,17,38,,,,0.0028251460753381252,0.00623978185467422,,
4,30,0x48647490,0xea9551eb,QISKIT_AER_STATEVECTOR,SERVER_CPU,AER_EXECUTION_ONLY,1,SUCCESS,4724,17,38,,,,0.43988239113241434,0.44795096083544195,0.0,0.0
4,30,0x48647490,0xea9551eb,RTL_FIXED_NORMAL,SERVER_CPU,PYTHON_FIXED_MODEL_WALL,1,SUCCESS,2852,20,80,80,,,0.011711340164765716,0.011711340164765716,,
4,30,0x48647490,0xea9551eb,SOFTWARE_K4H4,SERVER_CPU,PYTHON_FIXED_MODEL_WALL,1,SUCCESS,2852,20,80,25,,,0.007231817813590169,0.007231817813590169,,
4,30,0x48647490,0xea9551eb,SOFTWARE_K3H3,SERVER_CPU,PYTHON_FIXED_MODEL_WALL,1,SUCCESS,2852,20,80,26,,,0.007085882825776935,0.007085882825776935,,
4,31,0x63df3b7f,0xa8b057e1,NUMPY_FLOAT64,SERVER_CPU,NUMPY_CORE_ONLY,1,SUCCESS,4724,10,14,,,,0.0012303353287279606,0.0031985919922590256,,
4,31,0x63df3b7f,0xa8b057e1,QISKIT_AER_STATEVECTOR,SERVER_CPU,AER_EXECUTION_ONLY,1,SUCCESS,4724,10,14,,,,0.17172284703701735,0.17603687103837729,0.0,0.0
4,31,0x63df3b7f,0xa8b057e1,RTL_FIXED_NORMAL,SERVER_CPU,PYTHON_FIXED_MODEL_WALL,1,SUCCESS,4724,10,14,14,,,0.0038941099774092436,0.0038941099774092436,,
4,31,0x63df3b7f,0xa8b057e1,SOFTWARE_K4H4,SERVER_CPU,PYTHON_FIXED_MODEL_WALL,1,SUCCESS,4724,10,14,4,,,0.002613381016999483,0.002613381016999483,,
4,31,0x63df3b7f,0xa8b057e1,SOFTWARE_K3H3,SERVER_CPU,PYTHON_FIXED_MODEL_WALL,1,SUCCESS,4724,10,14,4,,,0.0027591190300881863,0.0027591190300881863,,
4,32,0x433125bb,0x3221fef0,NUMPY_FLOAT64,SERVER_CPU,NUMPY_CORE_ONLY,1,SUCCESS,4724,21,70,,,,0.004445955622941256,0.008473428897559643,,
4,32,0x433125bb,0x3221fef0,QISKIT_AER_STATEVECTOR,SERVER_CPU,AER_EXECUTION_ONLY,1,SUCCESS,4724,21,70,,,,0.9761949027888477,0.9865187869872898,0.0,0.0
4,32,0x433125bb,0x3221fef0,RTL_FIXED_NORMAL,SERVER_CPU,PYTHON_FIXED_MODEL_WALL,1,SUCCESS,4724,21,70,70,,,0.01517501100897789,0.01517501100897789,,
4,32,0x433125bb,0x3221fef0,SOFTWARE_K4H4,SERVER_CPU,PYTHON_FIXED_MODEL_WALL,1,SUCCESS,4724,21,70,25,,,0.007111050887033343,0.007111050887033343,,
4,32,0x433125bb,0x3221fef0,SOFTWARE_K3H3,SERVER_CPU,PYTHON_FIXED_MODEL_WALL,1,SUCCESS,4724,21,70,26,,,0.006868717027828097,0.006868717027828097,,
4,33,0x7943be40,0x6641ee79,NUMPY_FLOAT64,SERVER_CPU,NUMPY_CORE_ONLY,1,SUCCESS,4724,22,163,,,,0.00891833147034049,0.01307359617203474,,
4,33,0x7943be40,0x6641ee79,QISKIT_AER_STATEVECTOR,SERVER_CPU,AER_EXECUTION_ONLY,1,SUCCESS,4724,22,163,,,,2.0674866375047714,2.079586907988414,0.0,0.0
4,33,0x7943be40,0x6641ee79,RTL_FIXED_NORMAL,SERVER_CPU,PYTHON_FIXED_MODEL_WALL,1,SUCCESS,8685,20,98,98,,,0.014116479083895683,0.014116479083895683,,
4,33,0x7943be40,0x6641ee79,SOFTWARE_K4H4,SERVER_CPU,PYTHON_FIXED_MODEL_WALL,1,SUCCESS,8685,20,98,28,,,0.007866817060858011,0.007866817060858011,,
4,33,0x7943be40,0x6641ee79,SOFTWARE_K3H3,SERVER_CPU,PYTHON_FIXED_MODEL_WALL,1,SUCCESS,8685,20,98,31,,,0.013140324037522078,0.013140324037522078,,
4,34,0x26c93252,0x675d2908,NUMPY_FLOAT64,SERVER_CPU,NUMPY_CORE_ONLY,1,SUCCESS,8685,11,17,,,,0.001623809803277254,0.004135037073865533,,
4,34,0x26c93252,0x675d2908,QISKIT_AER_STATEVECTOR,SERVER_CPU,AER_EXECUTION_ONLY,1,SUCCESS,8685,11,17,,,,0.20570889045484364,0.211129809031263,0.0,0.0
4,34,0x26c93252,0x675d2908,RTL_FIXED_NORMAL,SERVER_CPU,PYTHON_FIXED_MODEL_WALL,1,SUCCESS,8685,11,17,17,,,0.004084084881469607,0.004084084881469607,,
4,34,0x26c93252,0x675d2908,SOFTWARE_K4H4,SERVER_CPU,PYTHON_FIXED_MODEL_WALL,1,SUCCESS,8685,11,17,4,,,0.002930189948529005,0.002930189948529005,,
4,34,0x26c93252,0x675d2908,SOFTWARE_K3H3,SERVER_CPU,PYTHON_FIXED_MODEL_WALL,1,SUCCESS,8685,11,17,4,,,0.002961321035400033,0.002961321035400033,,
4,35,0xdbe3ed49,0xa7cfea56,NUMPY_FLOAT64,SERVER_CPU,NUMPY_CORE_ONLY,1,SUCCESS,507,16,40,,,,0.002782606752589345,0.005849240813404322,,
4,35,0xdbe3ed49,0xa7cfea56,QISKIT_AER_STATEVECTOR,SERVER_CPU,AER_EXECUTION_ONLY,1,SUCCESS,507,16,40,,,,0.42036180454306304,0.4272976720239967,0.0,0.0
4,35,0xdbe3ed49,0xa7cfea56,RTL_FIXED_NORMAL,SERVER_CPU,PYTHON_FIXED_MODEL_WALL,1,SUCCESS,8685,18,73,73,,,0.010764662874862552,0.010764662874862552,,
4,35,0xdbe3ed49,0xa7cfea56,SOFTWARE_K4H4,SERVER_CPU,PYTHON_FIXED_MODEL_WALL,1,SUCCESS,8685,18,73,17,,,0.0069138528779149055,0.0069138528779149055,,
4,35,0xdbe3ed49,0xa7cfea56,SOFTWARE_K3H3,SERVER_CPU,PYTHON_FIXED_MODEL_WALL,1,SUCCESS,8685,18,73,17,,,0.005741443019360304,0.005741443019360304,,
4,36,0xc2ec9bb4,0xbfc0ae9e,NUMPY_FLOAT64,SERVER_CPU,NUMPY_CORE_ONLY,1,SUCCESS,4724,17,47,,,,0.0031314108055084944,0.006383544998243451,,
4,36,0xc2ec9bb4,0xbfc0ae9e,QISKIT_AER_STATEVECTOR,SERVER_CPU,AER_EXECUTION_ONLY,1,SUCCESS,4724,17,47,,,,0.5161536713130772,0.5245340110268444,0.0,0.0
4,36,0xc2ec9bb4,0xbfc0ae9e,RTL_FIXED_NORMAL,SERVER_CPU,PYTHON_FIXED_MODEL_WALL,1,SUCCESS,4724,17,47,47,,,0.008105420041829348,0.008105420041829348,,
4,36,0xc2ec9bb4,0xbfc0ae9e,SOFTWARE_K4H4,SERVER_CPU,PYTHON_FIXED_MODEL_WALL,1,SUCCESS,4724,17,47,17,,,0.005461754044517875,0.005461754044517875,,
4,36,0xc2ec9bb4,0xbfc0ae9e,SOFTWARE_K3H3,SERVER_CPU,PYTHON_FIXED_MODEL_WALL,1,SUCCESS,4724,17,47,18,,,0.005917720030993223,0.005917720030993223,,
4,37,0xe7ec8559,0x307064ac,NUMPY_FLOAT64,SERVER_CPU,NUMPY_CORE_ONLY,1,SUCCESS,507,22,142,,,,0.008606523042544723,0.013187351869419217,,
4,37,0xe7ec8559,0x307064ac,QISKIT_AER_STATEVECTOR,SERVER_CPU,AER_EXECUTION_ONLY,1,SUCCESS,507,22,142,,,,1.7869793362915516,3.4240432400256395,0.7127787920180708,0.7821021671406925
4,37,0xe7ec8559,0x307064ac,RTL_FIXED_NORMAL,SERVER_CPU,PYTHON_FIXED_MODEL_WALL,1,SUCCESS,507,20,85,85,,,0.015704839024692774,0.015704839024692774,,
4,37,0xe7ec8559,0x307064ac,SOFTWARE_K4H4,SERVER_CPU,PYTHON_FIXED_MODEL_WALL,1,SUCCESS,507,20,85,31,,,0.00927524920552969,0.00927524920552969,,
4,37,0xe7ec8559,0x307064ac,SOFTWARE_K3H3,SERVER_CPU,PYTHON_FIXED_MODEL_WALL,1,SUCCESS,507,20,85,32,,,0.007846825988963246,0.007846825988963246,,
4,38,0xccb88b54,0x2cf00158,NUMPY_FLOAT64,SERVER_CPU,NUMPY_CORE_ONLY,1,SUCCESS,507,21,123,,,,0.006990655325353146,0.011238610837608576,,
4,38,0xccb88b54,0x2cf00158,QISKIT_AER_STATEVECTOR,SERVER_CPU,AER_EXECUTION_ONLY,1,SUCCESS,507,21,123,,,,1.688563987147063,1.7003792829345912,0.0,0.0
4,38,0xccb88b54,0x2cf00158,RTL_FIXED_NORMAL,SERVER_CPU,PYTHON_FIXED_MODEL_WALL,1,SUCCESS,8685,16,54,54,,,0.00895478599704802,0.00895478599704802,,
4,38,0xccb88b54,0x2cf00158,SOFTWARE_K4H4,SERVER_CPU,PYTHON_FIXED_MODEL_WALL,1,SUCCESS,8685,16,54,14,,,0.00574373290874064,0.00574373290874064,,
4,38,0xccb88b54,0x2cf00158,SOFTWARE_K3H3,SERVER_CPU,PYTHON_FIXED_MODEL_WALL,1,SUCCESS,8685,16,54,14,,,0.004992725094780326,0.004992725094780326,,
4,39,0xb512e6a4,0x2b9e708c,NUMPY_FLOAT64,SERVER_CPU,NUMPY_CORE_ONLY,1,SUCCESS,2852,23,161,,,,0.00973614095710218,0.0141310750041157,,
4,39,0xb512e6a4,0x2b9e708c,QISKIT_AER_STATEVECTOR,SERVER_CPU,AER_EXECUTION_ONLY,1,SUCCESS,2852,23,161,,,,2.176753728883341,3.4486876339651644,0.544029438868165,0.5944951630663127
4,39,0xb512e6a4,0x2b9e708c,RTL_FIXED_NORMAL,SERVER_CPU,PYTHON_FIXED_MODEL_WALL,1,SUCCESS,4724,18,71,71,,,0.019331052899360657,0.019331052899360657,,
4,39,0xb512e6a4,0x2b9e708c,SOFTWARE_K4H4,SERVER_CPU,PYTHON_FIXED_MODEL_WALL,1,SUCCESS,4724,18,71,22,,,0.006550167920067906,0.006550167920067906,,
4,39,0xb512e6a4,0x2b9e708c,SOFTWARE_K3H3,SERVER_CPU,PYTHON_FIXED_MODEL_WALL,1,SUCCESS,4724,18,71,22,,,0.005958843976259232,0.005958843976259232,,
4,40,0x7e2c3d82,0xa69fb195,NUMPY_FLOAT64,SERVER_CPU,NUMPY_CORE_ONLY,1,SUCCESS,507,18,48,,,,0.003117599058896303,0.006734292022883892,,
4,40,0x7e2c3d82,0xa69fb195,QISKIT_AER_STATEVECTOR,SERVER_CPU,AER_EXECUTION_ONLY,1,SUCCESS,507,18,48,,,,0.6530550040770322,0.6620600179303437,0.0,0.0
4,40,0x7e2c3d82,0xa69fb195,RTL_FIXED_NORMAL,SERVER_CPU,PYTHON_FIXED_MODEL_WALL,1,SUCCESS,507,18,48,48,,,0.00876418687403202,0.00876418687403202,,
4,40,0x7e2c3d82,0xa69fb195,SOFTWARE_K4H4,SERVER_CPU,PYTHON_FIXED_MODEL_WALL,1,SUCCESS,507,18,48,13,,,0.0054770419374108315,0.0054770419374108315,,
4,40,0x7e2c3d82,0xa69fb195,SOFTWARE_K3H3,SERVER_CPU,PYTHON_FIXED_MODEL_WALL,1,SUCCESS,507,18,48,13,,,0.005795618984848261,0.005795618984848261,,
4,41,0x58b3e5ad,0x23a21253,NUMPY_FLOAT64,SERVER_CPU,NUMPY_CORE_ONLY,1,SUCCESS,2852,12,14,,,,0.0013746435288339853,0.003777645993977785,,
4,41,0x58b3e5ad,0x23a21253,QISKIT_AER_STATEVECTOR,SERVER_CPU,AER_EXECUTION_ONLY,1,SUCCESS,2852,12,14,,,,0.18075586226768792,0.18793976306915283,0.0,0.0
4,41,0x58b3e5ad,0x23a21253,RTL_FIXED_NORMAL,SERVER_CPU,PYTHON_FIXED_MODEL_WALL,1,SUCCESS,2852,12,14,14,,,0.003834209870547056,0.003834209870547056,,
4,41,0x58b3e5ad,0x23a21253,SOFTWARE_K4H4,SERVER_CPU,PYTHON_FIXED_MODEL_WALL,1,SUCCESS,2852,12,14,7,,,0.0033496608957648277,0.0033496608957648277,,
4,41,0x58b3e5ad,0x23a21253,SOFTWARE_K3H3,SERVER_CPU,PYTHON_FIXED_MODEL_WALL,1,SUCCESS,2852,12,14,7,,,0.003144548973068595,0.003144548973068595,,
4,42,0x9a07c40b,0x3ea78d8c,NUMPY_FLOAT64,SERVER_CPU,NUMPY_CORE_ONLY,1,SUCCESS,2852,16,49,,,,0.003100908827036619,0.006264143856242299,,
4,42,0x9a07c40b,0x3ea78d8c,QISKIT_AER_STATEVECTOR,SERVER_CPU,AER_EXECUTION_ONLY,1,SUCCESS,2852,16,49,,,,0.6625788358505815,0.671632814919576,0.0,0.0
4,42,0x9a07c40b,0x3ea78d8c,RTL_FIXED_NORMAL,SERVER_CPU,PYTHON_FIXED_MODEL_WALL,1,SUCCESS,2852,15,34,34,,,0.009177524130791426,0.009177524130791426,,
4,42,0x9a07c40b,0x3ea78d8c,SOFTWARE_K4H4,SERVER_CPU,PYTHON_FIXED_MODEL_WALL,1,SUCCESS,2852,15,34,12,,,0.01655935891903937,0.01655935891903937,,
4,42,0x9a07c40b,0x3ea78d8c,SOFTWARE_K3H3,SERVER_CPU,PYTHON_FIXED_MODEL_WALL,1,SUCCESS,2852,15,34,12,,,0.004610263044014573,0.004610263044014573,,
4,43,0xf1f9a54b,0x7b00db61,NUMPY_FLOAT64,SERVER_CPU,NUMPY_CORE_ONLY,1,SUCCESS,507,19,98,,,,0.005800090963020921,0.009542031912133098,,
4,43,0xf1f9a54b,0x7b00db61,QISKIT_AER_STATEVECTOR,SERVER_CPU,AER_EXECUTION_ONLY,1,SUCCESS,507,19,98,,,,1.1514402898028493,1.1605673250742257,0.0,0.0
4,43,0xf1f9a54b,0x7b00db61,RTL_FIXED_NORMAL,SERVER_CPU,PYTHON_FIXED_MODEL_WALL,1,SUCCESS,4724,19,98,98,,,0.014048258075490594,0.014048258075490594,,
4,43,0xf1f9a54b,0x7b00db61,SOFTWARE_K4H4,SERVER_CPU,PYTHON_FIXED_MODEL_WALL,1,SUCCESS,4724,19,98,20,,,0.00627361680381,0.00627361680381,,
4,43,0xf1f9a54b,0x7b00db61,SOFTWARE_K3H3,SERVER_CPU,PYTHON_FIXED_MODEL_WALL,1,SUCCESS,4724,19,98,20,,,0.005915998015552759,0.005915998015552759,,
4,44,0xfba6212d,0xb8b8356a,NUMPY_FLOAT64,SERVER_CPU,NUMPY_CORE_ONLY,1,SUCCESS,8685,21,123,,,,0.007334646536037326,0.011457491898909211,,
4,44,0xfba6212d,0xb8b8356a,QISKIT_AER_STATEVECTOR,SERVER_CPU,AER_EXECUTION_ONLY,1,SUCCESS,8685,21,123,,,,1.4908527256920934,1.5015354878269136,0.0,0.0
4,44,0xfba6212d,0xb8b8356a,RTL_FIXED_NORMAL,SERVER_CPU,PYTHON_FIXED_MODEL_WALL,1,SUCCESS,2852,21,123,123,,,0.01666436204686761,0.01666436204686761,,
4,44,0xfba6212d,0xb8b8356a,SOFTWARE_K4H4,SERVER_CPU,PYTHON_FIXED_MODEL_WALL,1,SUCCESS,2852,21,123,31,,,0.008806400001049042,0.008806400001049042,,
4,44,0xfba6212d,0xb8b8356a,SOFTWARE_K3H3,SERVER_CPU,PYTHON_FIXED_MODEL_WALL,1,SUCCESS,2852,21,123,32,,,0.007527859881520271,0.007527859881520271,,
4,45,0x1ca60615,0xd753b84a,NUMPY_FLOAT64,SERVER_CPU,NUMPY_CORE_ONLY,1,SUCCESS,8685,18,66,,,,0.0041002139914780855,0.00793247320689261,,
4,45,0x1ca60615,0xd753b84a,QISKIT_AER_STATEVECTOR,SERVER_CPU,AER_EXECUTION_ONLY,1,SUCCESS,8685,18,66,,,,0.8108263877220452,0.8197980020195246,0.0,0.0
4,45,0x1ca60615,0xd753b84a,RTL_FIXED_NORMAL,SERVER_CPU,PYTHON_FIXED_MODEL_WALL,1,SUCCESS,2852,20,102,102,,,0.016037706984207034,0.016037706984207034,,
4,45,0x1ca60615,0xd753b84a,SOFTWARE_K4H4,SERVER_CPU,PYTHON_FIXED_MODEL_WALL,1,SUCCESS,2852,20,102,33,,,0.007768954150378704,0.007768954150378704,,
4,45,0x1ca60615,0xd753b84a,SOFTWARE_K3H3,SERVER_CPU,PYTHON_FIXED_MODEL_WALL,1,SUCCESS,2852,20,102,33,,,0.007740597007796168,0.007740597007796168,,
4,46,0xa085c93e,0x19b8504d,NUMPY_FLOAT64,SERVER_CPU,NUMPY_CORE_ONLY,1,SUCCESS,507,18,68,,,,0.004155050963163376,0.007720679044723511,,
4,46,0xa085c93e,0x19b8504d,QISKIT_AER_STATEVECTOR,SERVER_CPU,AER_EXECUTION_ONLY,1,SUCCESS,507,18,68,,,,0.9133143031504005,0.9235619639512151,0.0,0.0
4,46,0xa085c93e,0x19b8504d,RTL_FIXED_NORMAL,SERVER_CPU,PYTHON_FIXED_MODEL_WALL,1,SUCCESS,507,18,68,68,,,0.010824328055605292,0.010824328055605292,,
4,46,0xa085c93e,0x19b8504d,SOFTWARE_K4H4,SERVER_CPU,PYTHON_FIXED_MODEL_WALL,1,SUCCESS,507,18,68,17,,,0.006203254917636514,0.006203254917636514,,
4,46,0xa085c93e,0x19b8504d,SOFTWARE_K3H3,SERVER_CPU,PYTHON_FIXED_MODEL_WALL,1,SUCCESS,507,18,68,18,,,0.006074317032471299,0.006074317032471299,,
4,47,0x18190603,0xad0438b2,NUMPY_FLOAT64,SERVER_CPU,NUMPY_CORE_ONLY,1,SUCCESS,8685,22,144,,,,0.008279170142486691,0.012723594205453992,,
4,47,0x18190603,0xad0438b2,QISKIT_AER_STATEVECTOR,SERVER_CPU,AER_EXECUTION_ONLY,1,SUCCESS,8685,22,144,,,,1.8104226763825864,1.8213161791209131,0.0,0.0
4,47,0x18190603,0xad0438b2,RTL_FIXED_NORMAL,SERVER_CPU,PYTHON_FIXED_MODEL_WALL,1,SUCCESS,8685,19,76,76,,,0.01163291884586215,0.01163291884586215,,
4,47,0x18190603,0xad0438b2,SOFTWARE_K4H4,SERVER_CPU,PYTHON_FIXED_MODEL_WALL,1,SUCCESS,8685,19,76,26,,,0.0068967880215495825,0.0068967880215495825,,
4,47,0x18190603,0xad0438b2,SOFTWARE_K3H3,SERVER_CPU,PYTHON_FIXED_MODEL_WALL,1,SUCCESS,8685,19,76,26,,,0.006989547051489353,0.006989547051489353,,
4,48,0xc1143c78,0xbbdab3cd,NUMPY_FLOAT64,SERVER_CPU,NUMPY_CORE_ONLY,1,SUCCESS,8685,21,63,,,,0.003939292626455426,0.00794761790893972,,
4,48,0xc1143c78,0xbbdab3cd,QISKIT_AER_STATEVECTOR,SERVER_CPU,AER_EXECUTION_ONLY,1,SUCCESS,8685,21,63,,,,0.6747566657140851,0.6833540820516646,0.0,0.0
4,48,0xc1143c78,0xbbdab3cd,RTL_FIXED_NORMAL,SERVER_CPU,PYTHON_FIXED_MODEL_WALL,1,SUCCESS,2852,22,95,95,,,0.013764067087322474,0.013764067087322474,,
4,48,0xc1143c78,0xbbdab3cd,SOFTWARE_K4H4,SERVER_CPU,PYTHON_FIXED_MODEL_WALL,1,SUCCESS,2852,22,95,34,,,0.008377352962270379,0.008377352962270379,,
4,48,0xc1143c78,0xbbdab3cd,SOFTWARE_K3H3,SERVER_CPU,PYTHON_FIXED_MODEL_WALL,1,SUCCESS,2852,22,95,35,,,0.008138431934639812,0.008138431934639812,,
4,49,0x332063fc,0x222ba57c,NUMPY_FLOAT64,SERVER_CPU,NUMPY_CORE_ONLY,1,SUCCESS,2852,18,52,,,,0.0036592294927686453,0.007061053067445755,,
4,49,0x332063fc,0x222ba57c,QISKIT_AER_STATEVECTOR,SERVER_CPU,AER_EXECUTION_ONLY,1,SUCCESS,2852,18,52,,,,0.6428431880194694,0.6526006560306996,0.0,0.0
4,49,0x332063fc,0x222ba57c,RTL_FIXED_NORMAL,SERVER_CPU,PYTHON_FIXED_MODEL_WALL,1,SUCCESS,507,16,44,44,,,0.009130815975368023,0.009130815975368023,,
4,49,0x332063fc,0x222ba57c,SOFTWARE_K4H4,SERVER_CPU,PYTHON_FIXED_MODEL_WALL,1,SUCCESS,507,16,44,12,,,0.004757117945700884,0.004757117945700884,,
4,49,0x332063fc,0x222ba57c,SOFTWARE_K3H3,SERVER_CPU,PYTHON_FIXED_MODEL_WALL,1,SUCCESS,507,16,44,12,,,0.005016049835830927,0.005016049835830927,,
4,50,0xd6f4066b,0xab9eb714,NUMPY_FLOAT64,SERVER_CPU,NUMPY_CORE_ONLY,1,SUCCESS,8685,12,9,,,,0.0011178117711097002,0.003635097062215209,,
4,50,0xd6f4066b,0xab9eb714,QISKIT_AER_STATEVECTOR,SERVER_CPU,AER_EXECUTION_ONLY,1,SUCCESS,8685,12,9,,,,0.1076416214928031,0.1125830770470202,0.0,0.0
4,50,0xd6f4066b,0xab9eb714,RTL_FIXED_NORMAL,SERVER_CPU,PYTHON_FIXED_MODEL_WALL,1,SUCCESS,8685,12,9,9,,,0.00352909485809505,0.00352909485809505,,
4,50,0xd6f4066b,0xab9eb714,SOFTWARE_K4H4,SERVER_CPU,PYTHON_FIXED_MODEL_WALL,1,SUCCESS,8685,12,9,2,,,0.002811717800796032,0.002811717800796032,,
4,50,0xd6f4066b,0xab9eb714,SOFTWARE_K3H3,SERVER_CPU,PYTHON_FIXED_MODEL_WALL,1,SUCCESS,8685,12,9,2,,,0.0026817829348146915,0.0026817829348146915,,
4,51,0x64b9628c,0x9cd8b518,NUMPY_FLOAT64,SERVER_CPU,NUMPY_CORE_ONLY,1,SUCCESS,2852,20,88,,,,0.005275224102661014,0.009444303112104535,,
4,51,0x64b9628c,0x9cd8b518,QISKIT_AER_STATEVECTOR,SERVER_CPU,AER_EXECUTION_ONLY,1,SUCCESS,2852,20,88,,,,1.22806288395077,1.2383719240315259,0.0,0.0
4,51,0x64b9628c,0x9cd8b518,RTL_FIXED_NORMAL,SERVER_CPU,PYTHON_FIXED_MODEL_WALL,1,SUCCESS,4724,21,111,111,,,0.016918450128287077,0.016918450128287077,,
4,51,0x64b9628c,0x9cd8b518,SOFTWARE_K4H4,SERVER_CPU,PYTHON_FIXED_MODEL_WALL,1,SUCCESS,4724,21,111,23,,,0.008144805207848549,0.008144805207848549,,
4,51,0x64b9628c,0x9cd8b518,SOFTWARE_K3H3,SERVER_CPU,PYTHON_FIXED_MODEL_WALL,1,SUCCESS,4724,21,111,23,,,0.007671185070648789,0.007671185070648789,,
4,52,0x894e6771,0x8a255c2e,NUMPY_FLOAT64,SERVER_CPU,NUMPY_CORE_ONLY,1,SUCCESS,2852,19,87,,,,0.005130819045007229,0.008965268032625318,,
4,52,0x894e6771,0x8a255c2e,QISKIT_AER_STATEVECTOR,SERVER_CPU,AER_EXECUTION_ONLY,1,SUCCESS,2852,19,87,,,,0.9977008318528533,1.0075081419199705,0.0,0.0
4,52,0x894e6771,0x8a255c2e,RTL_FIXED_NORMAL,SERVER_CPU,PYTHON_FIXED_MODEL_WALL,1,SUCCESS,2852,18,73,73,,,0.01065234886482358,0.01065234886482358,,
4,52,0x894e6771,0x8a255c2e,SOFTWARE_K4H4,SERVER_CPU,PYTHON_FIXED_MODEL_WALL,1,SUCCESS,2852,18,73,21,,,0.006008176831528544,0.006008176831528544,,
4,52,0x894e6771,0x8a255c2e,SOFTWARE_K3H3,SERVER_CPU,PYTHON_FIXED_MODEL_WALL,1,SUCCESS,2852,18,73,21,,,0.005858233897015452,0.005858233897015452,,
4,53,0xe3e668e8,0xff1f20c3,NUMPY_FLOAT64,SERVER_CPU,NUMPY_CORE_ONLY,1,SUCCESS,4724,20,77,,,,0.004604309797286987,0.008376109879463911,,
4,53,0xe3e668e8,0xff1f20c3,QISKIT_AER_STATEVECTOR,SERVER_CPU,AER_EXECUTION_ONLY,1,SUCCESS,4724,20,77,,,,0.9877008355688304,0.9982796050608158,0.0,0.0
4,53,0xe3e668e8,0xff1f20c3,RTL_FIXED_NORMAL,SERVER_CPU,PYTHON_FIXED_MODEL_WALL,1,SUCCESS,4724,20,77,77,,,0.011974198976531625,0.011974198976531625,,
4,53,0xe3e668e8,0xff1f20c3,SOFTWARE_K4H4,SERVER_CPU,PYTHON_FIXED_MODEL_WALL,1,SUCCESS,4724,20,77,26,,,0.006956313969567418,0.006956313969567418,,
4,53,0xe3e668e8,0xff1f20c3,SOFTWARE_K3H3,SERVER_CPU,PYTHON_FIXED_MODEL_WALL,1,SUCCESS,4724,20,77,26,,,0.006994662107899785,0.006994662107899785,,
4,54,0x36980406,0xfbdbfa61,NUMPY_FLOAT64,SERVER_CPU,NUMPY_CORE_ONLY,1,SUCCESS,8685,22,121,,,,0.006799292052164674,0.011106852907687426,,
4,54,0x36980406,0xfbdbfa61,QISKIT_AER_STATEVECTOR,SERVER_CPU,AER_EXECUTION_ONLY,1,SUCCESS,8685,22,121,,,,1.5772254597395658,1.5887379399500787,0.0,0.0
4,54,0x36980406,0xfbdbfa61,RTL_FIXED_NORMAL,SERVER_CPU,PYTHON_FIXED_MODEL_WALL,1,SUCCESS,2852,24,217,217,,,0.031135612865909934,0.031135612865909934,,
4,54,0x36980406,0xfbdbfa61,SOFTWARE_K4H4,SERVER_CPU,PYTHON_FIXED_MODEL_WALL,1,SUCCESS,2852,24,217,64,,,0.012000904884189367,0.012000904884189367,,
4,54,0x36980406,0xfbdbfa61,SOFTWARE_K3H3,SERVER_CPU,PYTHON_FIXED_MODEL_WALL,1,SUCCESS,2852,24,217,66,,,0.01180470921099186,0.01180470921099186,,
4,55,0x114d2b4a,0xa617ad4e,NUMPY_FLOAT64,SERVER_CPU,NUMPY_CORE_ONLY,1,SUCCESS,507,23,124,,,,0.0072995820082724094,0.01180659094825387,,
4,55,0x114d2b4a,0xa617ad4e,QISKIT_AER_STATEVECTOR,SERVER_CPU,AER_EXECUTION_ONLY,1,SUCCESS,507,23,124,,,,1.61730579379946,3.2248727520927787,0.889501737896353,0.5610512988641858
4,55,0x114d2b4a,0xa617ad4e,RTL_FIXED_NORMAL,SERVER_CPU,PYTHON_FIXED_MODEL_WALL,1,SUCCESS,507,23,124,124,,,0.028787460876628757,0.028787460876628757,,
4,55,0x114d2b4a,0xa617ad4e,SOFTWARE_K4H4,SERVER_CPU,PYTHON_FIXED_MODEL_WALL,1,SUCCESS,507,23,124,52,,,0.011672609020024538,0.011672609020024538,,
4,55,0x114d2b4a,0xa617ad4e,SOFTWARE_K3H3,SERVER_CPU,PYTHON_FIXED_MODEL_WALL,1,SUCCESS,507,23,124,52,,,0.009686359902843833,0.009686359902843833,,
4,56,0x3b8907e1,0x0c6cbd10,NUMPY_FLOAT64,SERVER_CPU,NUMPY_CORE_ONLY,1,SUCCESS,8685,17,37,,,,0.002778422087430954,0.006454270100221038,,
4,56,0x3b8907e1,0x0c6cbd10,QISKIT_AER_STATEVECTOR,SERVER_CPU,AER_EXECUTION_ONLY,1,SUCCESS,8685,17,37,,,,0.5189557606354356,0.5266224809456617,0.0,0.0
4,56,0x3b8907e1,0x0c6cbd10,RTL_FIXED_NORMAL,SERVER_CPU,PYTHON_FIXED_MODEL_WALL,1,SUCCESS,8685,19,59,59,,,0.011856114026159048,0.011856114026159048,,
4,56,0x3b8907e1,0x0c6cbd10,SOFTWARE_K4H4,SERVER_CPU,PYTHON_FIXED_MODEL_WALL,1,SUCCESS,8685,19,59,20,,,0.006681584054604173,0.006681584054604173,,
4,56,0x3b8907e1,0x0c6cbd10,SOFTWARE_K3H3,SERVER_CPU,PYTHON_FIXED_MODEL_WALL,1,SUCCESS,8685,19,59,21,,,0.00646827882155776,0.00646827882155776,,
4,57,0x2cd09c1d,0x964fb1a7,NUMPY_FLOAT64,SERVER_CPU,NUMPY_CORE_ONLY,1,SUCCESS,2852,17,61,,,,0.003996914019808173,0.007485419046133757,,
4,57,0x2cd09c1d,0x964fb1a7,QISKIT_AER_STATEVECTOR,SERVER_CPU,AER_EXECUTION_ONLY,1,SUCCESS,2852,17,61,,,,0.7199558990541846,0.728450417984277,0.0,0.0
4,57,0x2cd09c1d,0x964fb1a7,RTL_FIXED_NORMAL,SERVER_CPU,PYTHON_FIXED_MODEL_WALL,1,SUCCESS,4724,22,166,166,,,0.02190960105508566,0.02190960105508566,,
4,57,0x2cd09c1d,0x964fb1a7,SOFTWARE_K4H4,SERVER_CPU,PYTHON_FIXED_MODEL_WALL,1,SUCCESS,4724,22,166,40,,,0.008872719015926123,0.008872719015926123,,
4,57,0x2cd09c1d,0x964fb1a7,SOFTWARE_K3H3,SERVER_CPU,PYTHON_FIXED_MODEL_WALL,1,SUCCESS,4724,22,166,42,,,0.008806230966001749,0.008806230966001749,,
4,58,0x6d7a8604,0xbd6f99c6,NUMPY_FLOAT64,SERVER_CPU,NUMPY_CORE_ONLY,1,SUCCESS,8685,17,62,,,,0.004030623007565737,0.00755140301771462,,
4,58,0x6d7a8604,0xbd6f99c6,QISKIT_AER_STATEVECTOR,SERVER_CPU,AER_EXECUTION_ONLY,1,SUCCESS,8685,17,62,,,,0.7825808685738593,0.7922760411165655,0.0,0.0
4,58,0x6d7a8604,0xbd6f99c6,RTL_FIXED_NORMAL,SERVER_CPU,PYTHON_FIXED_MODEL_WALL,1,SUCCESS,507,21,97,97,,,0.01391325588338077,0.01391325588338077,,
4,58,0x6d7a8604,0xbd6f99c6,SOFTWARE_K4H4,SERVER_CPU,PYTHON_FIXED_MODEL_WALL,1,SUCCESS,507,21,97,21,,,0.006843620911240578,0.006843620911240578,,
4,58,0x6d7a8604,0xbd6f99c6,SOFTWARE_K3H3,SERVER_CPU,PYTHON_FIXED_MODEL_WALL,1,SUCCESS,507,21,97,21,,,0.006700823083519936,0.006700823083519936,,
4,59,0x1fadaf42,0x60010aa3,NUMPY_FLOAT64,SERVER_CPU,NUMPY_CORE_ONLY,1,SUCCESS,4724,20,86,,,,0.004963762359693646,0.008769136155024171,,
4,59,0x1fadaf42,0x60010aa3,QISKIT_AER_STATEVECTOR,SERVER_CPU,AER_EXECUTION_ONLY,1,SUCCESS,4724,20,86,,,,1.0578963288571686,1.068380441982299,0.0,0.0
4,59,0x1fadaf42,0x60010aa3,RTL_FIXED_NORMAL,SERVER_CPU,PYTHON_FIXED_MODEL_WALL,1,SUCCESS,2852,20,86,86,,,0.01368782902136445,0.01368782902136445,,
4,59,0x1fadaf42,0x60010aa3,SOFTWARE_K4H4,SERVER_CPU,PYTHON_FIXED_MODEL_WALL,1,SUCCESS,2852,20,86,20,,,0.006435499060899019,0.006435499060899019,,
4,59,0x1fadaf42,0x60010aa3,SOFTWARE_K3H3,SERVER_CPU,PYTHON_FIXED_MODEL_WALL,1,SUCCESS,2852,20,86,25,,,0.006632484961301088,0.006632484961301088,,
4,60,0x92fe7cfd,0xb54e2773,NUMPY_FLOAT64,SERVER_CPU,NUMPY_CORE_ONLY,1,SUCCESS,507,18,84,,,,0.004883364075794816,0.008426249027252197,,
4,60,0x92fe7cfd,0xb54e2773,QISKIT_AER_STATEVECTOR,SERVER_CPU,AER_EXECUTION_ONLY,1,SUCCESS,507,18,84,,,,1.0523812647443265,1.0608053060714155,0.0,0.0
4,60,0x92fe7cfd,0xb54e2773,RTL_FIXED_NORMAL,SERVER_CPU,PYTHON_FIXED_MODEL_WALL,1,SUCCESS,507,18,84,84,,,0.016702622873708606,0.016702622873708606,,
4,60,0x92fe7cfd,0xb54e2773,SOFTWARE_K4H4,SERVER_CPU,PYTHON_FIXED_MODEL_WALL,1,SUCCESS,507,18,84,21,,,0.006521313218399882,0.006521313218399882,,
4,60,0x92fe7cfd,0xb54e2773,SOFTWARE_K3H3,SERVER_CPU,PYTHON_FIXED_MODEL_WALL,1,SUCCESS,507,18,84,23,,,0.006421604892238975,0.006421604892238975,,
4,61,0x1aecb060,0x9c545eba,NUMPY_FLOAT64,SERVER_CPU,NUMPY_CORE_ONLY,1,SUCCESS,8685,21,83,,,,0.004931700183078647,0.009003486949950457,,
4,61,0x1aecb060,0x9c545eba,QISKIT_AER_STATEVECTOR,SERVER_CPU,AER_EXECUTION_ONLY,1,SUCCESS,8685,21,83,,,,1.1073784155305475,1.1185206528753042,0.0,0.0
4,61,0x1aecb060,0x9c545eba,RTL_FIXED_NORMAL,SERVER_CPU,PYTHON_FIXED_MODEL_WALL,1,SUCCESS,507,22,123,123,,,0.018473786069080234,0.018473786069080234,,
4,61,0x1aecb060,0x9c545eba,SOFTWARE_K4H4,SERVER_CPU,PYTHON_FIXED_MODEL_WALL,1,SUCCESS,507,22,123,46,,,0.009412827203050256,0.009412827203050256,,
4,61,0x1aecb060,0x9c545eba,SOFTWARE_K3H3,SERVER_CPU,PYTHON_FIXED_MODEL_WALL,1,SUCCESS,507,22,123,48,,,0.010077196173369884,0.010077196173369884,,
4,62,0x91778cc3,0xbd1d1bc0,NUMPY_FLOAT64,SERVER_CPU,NUMPY_CORE_ONLY,1,SUCCESS,2852,16,49,,,,0.003057168098166585,0.006193236913532019,,
4,62,0x91778cc3,0xbd1d1bc0,QISKIT_AER_STATEVECTOR,SERVER_CPU,AER_EXECUTION_ONLY,1,SUCCESS,2852,16,49,,,,0.7113966820761561,0.7209277618676424,0.0,0.0
4,62,0x91778cc3,0xbd1d1bc0,RTL_FIXED_NORMAL,SERVER_CPU,PYTHON_FIXED_MODEL_WALL,1,SUCCESS,2852,23,153,153,,,0.022451898083090782,0.022451898083090782,,
4,62,0x91778cc3,0xbd1d1bc0,SOFTWARE_K4H4,SERVER_CPU,PYTHON_FIXED_MODEL_WALL,1,SUCCESS,2852,23,153,34,,,0.008772656787186861,0.008772656787186861,,
4,62,0x91778cc3,0xbd1d1bc0,SOFTWARE_K3H3,SERVER_CPU,PYTHON_FIXED_MODEL_WALL,1,SUCCESS,2852,23,153,34,,,0.013694514986127615,0.013694514986127615,,
4,63,0xe6b7e7eb,0xd542988e,NUMPY_FLOAT64,SERVER_CPU,NUMPY_CORE_ONLY,1,SUCCESS,507,19,67,,,,0.004132797941565514,0.007905564038082957,,
4,63,0xe6b7e7eb,0xd542988e,QISKIT_AER_STATEVECTOR,SERVER_CPU,AER_EXECUTION_ONLY,1,SUCCESS,507,19,67,,,,0.7957076113671064,0.8063868300523609,0.0,0.0
4,63,0xe6b7e7eb,0xd542988e,RTL_FIXED_NORMAL,SERVER_CPU,PYTHON_FIXED_MODEL_WALL,1,SUCCESS,2852,18,54,54,,,0.008667661109939218,0.008667661109939218,,
4,63,0xe6b7e7eb,0xd542988e,SOFTWARE_K4H4,SERVER_CPU,PYTHON_FIXED_MODEL_WALL,1,SUCCESS,2852,18,54,10,,,0.0048210700042545795,0.0048210700042545795,,
4,63,0xe6b7e7eb,0xd542988e,SOFTWARE_K3H3,SERVER_CPU,PYTHON_FIXED_MODEL_WALL,1,SUCCESS,2852,18,54,11,,,0.004828231176361442,0.004828231176361442,,
4,64,0x6770144c,0xd2d3c6e7,NUMPY_FLOAT64,SERVER_CPU,NUMPY_CORE_ONLY,1,SUCCESS,507,22,98,,,,0.005637786351144314,0.009811725001782179,,
4,64,0x6770144c,0xd2d3c6e7,QISKIT_AER_STATEVECTOR,SERVER_CPU,AER_EXECUTION_ONLY,1,SUCCESS,507,22,98,,,,1.3711599556263536,1.3830881379544735,0.0,0.0
4,64,0x6770144c,0xd2d3c6e7,RTL_FIXED_NORMAL,SERVER_CPU,PYTHON_FIXED_MODEL_WALL,1,SUCCESS,507,19,64,64,,,0.010583515977486968,0.010583515977486968,,
4,64,0x6770144c,0xd2d3c6e7,SOFTWARE_K4H4,SERVER_CPU,PYTHON_FIXED_MODEL_WALL,1,SUCCESS,507,19,64,15,,,0.006070851115509868,0.006070851115509868,,
4,64,0x6770144c,0xd2d3c6e7,SOFTWARE_K3H3,SERVER_CPU,PYTHON_FIXED_MODEL_WALL,1,SUCCESS,507,19,64,16,,,0.005812537157908082,0.005812537157908082,,
4,65,0xc600a248,0x0a1e0844,NUMPY_FLOAT64,SERVER_CPU,NUMPY_CORE_ONLY,1,SUCCESS,4724,23,131,,,,0.007645058911293745,0.012088191928341985,,
4,65,0xc600a248,0x0a1e0844,QISKIT_AER_STATEVECTOR,SERVER_CPU,AER_EXECUTION_ONLY,1,SUCCESS,4724,23,131,,,,1.8091092973481864,4.205927341012284,0.9881674000062048,1.2128262920305133
4,65,0xc600a248,0x0a1e0844,RTL_FIXED_NORMAL,SERVER_CPU,PYTHON_FIXED_MODEL_WALL,1,SUCCESS,8685,23,131,131,,,0.01916800392791629,0.01916800392791629,,
4,65,0xc600a248,0x0a1e0844,SOFTWARE_K4H4,SERVER_CPU,PYTHON_FIXED_MODEL_WALL,1,SUCCESS,8685,23,131,62,,,0.011380771175026894,0.011380771175026894,,
4,65,0xc600a248,0x0a1e0844,SOFTWARE_K3H3,SERVER_CPU,PYTHON_FIXED_MODEL_WALL,1,SUCCESS,8685,23,131,64,,,0.011369201820343733,0.011369201820343733,,
4,66,0x1ea4f830,0x2ef0f28e,NUMPY_FLOAT64,SERVER_CPU,NUMPY_CORE_ONLY,1,SUCCESS,507,15,45,,,,0.0029193884693086147,0.00576008390635252,,
4,66,0x1ea4f830,0x2ef0f28e,QISKIT_AER_STATEVECTOR,SERVER_CPU,AER_EXECUTION_ONLY,1,SUCCESS,507,15,45,,,,0.5402601850219071,0.547163724899292,0.0,0.0
4,66,0x1ea4f830,0x2ef0f28e,RTL_FIXED_NORMAL,SERVER_CPU,PYTHON_FIXED_MODEL_WALL,1,SUCCESS,4724,25,172,172,,,0.03107674210332334,0.03107674210332334,,
4,66,0x1ea4f830,0x2ef0f28e,SOFTWARE_K4H4,SERVER_CPU,PYTHON_FIXED_MODEL_WALL,1,SUCCESS,4724,25,172,58,,,0.016763866879045963,0.016763866879045963,,
4,66,0x1ea4f830,0x2ef0f28e,SOFTWARE_K3H3,SERVER_CPU,PYTHON_FIXED_MODEL_WALL,1,SUCCESS,4724,25,172,65,,,0.018471360905095935,0.018471360905095935,,
4,67,0x639604f3,0x7fe04f83,NUMPY_FLOAT64,SERVER_CPU,NUMPY_CORE_ONLY,1,SUCCESS,8685,16,30,,,,0.002263841684907675,0.0054166060872375965,,
4,67,0x639604f3,0x7fe04f83,QISKIT_AER_STATEVECTOR,SERVER_CPU,AER_EXECUTION_ONLY,1,SUCCESS,8685,16,30,,,,0.3775918772444129,0.38626090600155294,0.0,0.0
4,67,0x639604f3,0x7fe04f83,RTL_FIXED_NORMAL,SERVER_CPU,PYTHON_FIXED_MODEL_WALL,1,SUCCESS,8685,16,30,30,,,0.007169482996687293,0.007169482996687293,,
4,67,0x639604f3,0x7fe04f83,SOFTWARE_K4H4,SERVER_CPU,PYTHON_FIXED_MODEL_WALL,1,SUCCESS,8685,16,30,8,,,0.004926954163238406,0.004926954163238406,,
4,67,0x639604f3,0x7fe04f83,SOFTWARE_K3H3,SERVER_CPU,PYTHON_FIXED_MODEL_WALL,1,SUCCESS,8685,16,30,9,,,0.004653432173654437,0.004653432173654437,,
4,68,0x6e084a84,0xb643b17e,NUMPY_FLOAT64,SERVER_CPU,NUMPY_CORE_ONLY,1,SUCCESS,2852,21,81,,,,0.005020329961553216,0.009197500068694353,,
4,68,0x6e084a84,0xb643b17e,QISKIT_AER_STATEVECTOR,SERVER_CPU,AER_EXECUTION_ONLY,1,SUCCESS,2852,21,81,,,,1.1202972738537937,1.1322187890764326,0.0,0.0
4,68,0x6e084a84,0xb643b17e,RTL_FIXED_NORMAL,SERVER_CPU,PYTHON_FIXED_MODEL_WALL,1,SUCCESS,2852,21,81,81,,,0.012106647016480565,0.012106647016480565,,
4,68,0x6e084a84,0xb643b17e,SOFTWARE_K4H4,SERVER_CPU,PYTHON_FIXED_MODEL_WALL,1,SUCCESS,2852,21,81,30,,,0.007589733926579356,0.007589733926579356,,
4,68,0x6e084a84,0xb643b17e,SOFTWARE_K3H3,SERVER_CPU,PYTHON_FIXED_MODEL_WALL,1,SUCCESS,2852,21,81,31,,,0.00742937414906919,0.00742937414906919,,
4,69,0x3d7fc476,0x467d7a44,NUMPY_FLOAT64,SERVER_CPU,NUMPY_CORE_ONLY,1,SUCCESS,2852,17,36,,,,0.0026001862715929747,0.005871642148122191,,
4,69,0x3d7fc476,0x467d7a44,QISKIT_AER_STATEVECTOR,SERVER_CPU,AER_EXECUTION_ONLY,1,SUCCESS,2852,17,36,,,,0.4164166124537587,0.42384056001901627,0.0,0.0
4,69,0x3d7fc476,0x467d7a44,RTL_FIXED_NORMAL,SERVER_CPU,PYTHON_FIXED_MODEL_WALL,1,SUCCESS,8685,22,106,106,,,0.016752600902691483,0.016752600902691483,,
4,69,0x3d7fc476,0x467d7a44,SOFTWARE_K4H4,SERVER_CPU,PYTHON_FIXED_MODEL_WALL,1,SUCCESS,8685,22,106,26,,,0.008635875070467591,0.008635875070467591,,
4,69,0x3d7fc476,0x467d7a44,SOFTWARE_K3H3,SERVER_CPU,PYTHON_FIXED_MODEL_WALL,1,SUCCESS,8685,22,106,27,,,0.007720069959759712,0.007720069959759712,,
4,70,0xedca3875,0xefade11e,NUMPY_FLOAT64,SERVER_CPU,NUMPY_CORE_ONLY,1,SUCCESS,507,23,119,,,,0.007837615674361587,0.012696271995082498,,
4,70,0xedca3875,0xefade11e,QISKIT_AER_STATEVECTOR,SERVER_CPU,AER_EXECUTION_ONLY,1,SUCCESS,507,23,119,,,,1.5461917470674962,2.7849025779869407,0.5463485550135374,0.576108159031719
4,70,0xedca3875,0xefade11e,RTL_FIXED_NORMAL,SERVER_CPU,PYTHON_FIXED_MODEL_WALL,1,SUCCESS,2852,23,119,119,,,0.016603406984359026,0.016603406984359026,,
4,70,0xedca3875,0xefade11e,SOFTWARE_K4H4,SERVER_CPU,PYTHON_FIXED_MODEL_WALL,1,SUCCESS,2852,23,119,32,,,0.008794611087068915,0.008794611087068915,,
4,70,0xedca3875,0xefade11e,SOFTWARE_K3H3,SERVER_CPU,PYTHON_FIXED_MODEL_WALL,1,SUCCESS,2852,23,119,42,,,0.01014976785518229,0.01014976785518229,,
4,71,0xb883121d,0x095c678c,NUMPY_FLOAT64,SERVER_CPU,NUMPY_CORE_ONLY,1,SUCCESS,4724,21,87,,,,0.005589175038039684,0.010047527961432934,,
4,71,0xb883121d,0x095c678c,QISKIT_AER_STATEVECTOR,SERVER_CPU,AER_EXECUTION_ONLY,1,SUCCESS,4724,21,87,,,,0.9591853066813201,0.9701651870273054,0.0,0.0
4,71,0xb883121d,0x095c678c,RTL_FIXED_NORMAL,SERVER_CPU,PYTHON_FIXED_MODEL_WALL,1,SUCCESS,2852,22,124,124,,,0.02019200287759304,0.02019200287759304,,
4,71,0xb883121d,0x095c678c,SOFTWARE_K4H4,SERVER_CPU,PYTHON_FIXED_MODEL_WALL,1,SUCCESS,2852,22,124,37,,,0.01131154503673315,0.01131154503673315,,
4,71,0xb883121d,0x095c678c,SOFTWARE_K3H3,SERVER_CPU,PYTHON_FIXED_MODEL_WALL,1,SUCCESS,2852,22,124,40,,,0.010241982992738485,0.010241982992738485,,
4,72,0xace22797,0xbc422a9a,NUMPY_FLOAT64,SERVER_CPU,NUMPY_CORE_ONLY,1,SUCCESS,507,12,15,,,,0.0013619849923998117,0.003798276884481311,,
4,72,0xace22797,0xbc422a9a,QISKIT_AER_STATEVECTOR,SERVER_CPU,AER_EXECUTION_ONLY,1,SUCCESS,507,12,15,,,,0.19306126912124455,0.19967210106551647,0.0,0.0
4,72,0xace22797,0xbc422a9a,RTL_FIXED_NORMAL,SERVER_CPU,PYTHON_FIXED_MODEL_WALL,1,SUCCESS,507,12,15,15,,,0.0051316930912435055,0.0051316930912435055,,
4,72,0xace22797,0xbc422a9a,SOFTWARE_K4H4,SERVER_CPU,PYTHON_FIXED_MODEL_WALL,1,SUCCESS,507,12,15,4,,,0.003079487942159176,0.003079487942159176,,
4,72,0xace22797,0xbc422a9a,SOFTWARE_K3H3,SERVER_CPU,PYTHON_FIXED_MODEL_WALL,1,SUCCESS,507,12,15,4,,,0.0034878929145634174,0.0034878929145634174,,
4,73,0xefd3172d,0x8c2c3233,NUMPY_FLOAT64,SERVER_CPU,NUMPY_CORE_ONLY,1,SUCCESS,507,24,180,,,,0.010575641179457307,0.015955560840666294,,
4,73,0xefd3172d,0x8c2c3233,QISKIT_AER_STATEVECTOR,SERVER_CPU,AER_EXECUTION_ONLY,1,SUCCESS,507,24,180,,,,2.3372069282922894,2.350260578095913,0.0,0.0
4,73,0xefd3172d,0x8c2c3233,RTL_FIXED_NORMAL,SERVER_CPU,PYTHON_FIXED_MODEL_WALL,1,SUCCESS,2852,20,66,66,,,0.01070581004023552,0.01070581004023552,,
4,73,0xefd3172d,0x8c2c3233,SOFTWARE_K4H4,SERVER_CPU,PYTHON_FIXED_MODEL_WALL,1,SUCCESS,2852,20,66,17,,,0.006947887130081654,0.006947887130081654,,
4,73,0xefd3172d,0x8c2c3233,SOFTWARE_K3H3,SERVER_CPU,PYTHON_FIXED_MODEL_WALL,1,SUCCESS,2852,20,66,18,,,0.006557947024703026,0.006557947024703026,,
4,74,0xe6aacdb5,0x7f1c158a,NUMPY_FLOAT64,SERVER_CPU,NUMPY_CORE_ONLY,1,SUCCESS,4724,21,145,,,,0.00809170096181333,0.012046793941408396,,
4,74,0xe6aacdb5,0x7f1c158a,QISKIT_AER_STATEVECTOR,SERVER_CPU,AER_EXECUTION_ONLY,1,SUCCESS,4724,21,145,,,,1.9861903497949243,1.9983596780803055,0.0,0.0
4,74,0xe6aacdb5,0x7f1c158a,RTL_FIXED_NORMAL,SERVER_CPU,PYTHON_FIXED_MODEL_WALL,1,SUCCESS,507,21,145,145,,,0.018069635145366192,0.018069635145366192,,
4,74,0xe6aacdb5,0x7f1c158a,SOFTWARE_K4H4,SERVER_CPU,PYTHON_FIXED_MODEL_WALL,1,SUCCESS,507,21,145,33,,,0.008024906041100621,0.008024906041100621,,
4,74,0xe6aacdb5,0x7f1c158a,SOFTWARE_K3H3,SERVER_CPU,PYTHON_FIXED_MODEL_WALL,1,SUCCESS,507,21,145,33,,,0.007792950142174959,0.007792950142174959,,
4,75,0x6566c598,0xca804b00,NUMPY_FLOAT64,SERVER_CPU,NUMPY_CORE_ONLY,1,SUCCESS,2852,9,9,,,,0.0008875255007296801,0.002694190014153719,,
4,75,0x6566c598,0xca804b00,QISKIT_AER_STATEVECTOR,SERVER_CPU,AER_EXECUTION_ONLY,1,SUCCESS,2852,9,9,,,,0.11830486916005611,0.12224089400842786,0.0,0.0
4,75,0x6566c598,0xca804b00,RTL_FIXED_NORMAL,SERVER_CPU,PYTHON_FIXED_MODEL_WALL,1,SUCCESS,2852,9,9,9,,,0.0035535870119929314,0.0035535870119929314,,
4,75,0x6566c598,0xca804b00,SOFTWARE_K4H4,SERVER_CPU,PYTHON_FIXED_MODEL_WALL,1,SUCCESS,2852,9,9,4,,,0.0024275730829685926,0.0024275730829685926,,
4,75,0x6566c598,0xca804b00,SOFTWARE_K3H3,SERVER_CPU,PYTHON_FIXED_MODEL_WALL,1,SUCCESS,2852,9,9,4,,,0.002490488113835454,0.002490488113835454,,
4,76,0x4e646d9d,0xcbae5ac0,NUMPY_FLOAT64,SERVER_CPU,NUMPY_CORE_ONLY,1,SUCCESS,4724,23,149,,,,0.009204274509102106,0.013856288976967335,,
4,76,0x4e646d9d,0xcbae5ac0,QISKIT_AER_STATEVECTOR,SERVER_CPU,AER_EXECUTION_ONLY,1,SUCCESS,4724,23,149,,,,1.7725536390207708,1.784648234024644,0.0,0.0
4,76,0x4e646d9d,0xcbae5ac0,RTL_FIXED_NORMAL,SERVER_CPU,PYTHON_FIXED_MODEL_WALL,1,SUCCESS,2852,16,47,47,,,0.008403347805142403,0.008403347805142403,,
4,76,0x4e646d9d,0xcbae5ac0,SOFTWARE_K4H4,SERVER_CPU,PYTHON_FIXED_MODEL_WALL,1,SUCCESS,2852,16,47,12,,,0.005096053006127477,0.005096053006127477,,
4,76,0x4e646d9d,0xcbae5ac0,SOFTWARE_K3H3,SERVER_CPU,PYTHON_FIXED_MODEL_WALL,1,SUCCESS,2852,16,47,13,,,0.004775224952027202,0.004775224952027202,,
4,77,0x05d81d6f,0x260c4013,NUMPY_FLOAT64,SERVER_CPU,NUMPY_CORE_ONLY,1,SUCCESS,8685,15,31,,,,0.002222993178293109,0.005217402009293437,,
4,77,0x05d81d6f,0x260c4013,QISKIT_AER_STATEVECTOR,SERVER_CPU,AER_EXECUTION_ONLY,1,SUCCESS,8685,15,31,,,,0.3968100973870605,0.40342042804695666,0.0,0.0
4,77,0x05d81d6f,0x260c4013,RTL_FIXED_NORMAL,SERVER_CPU,PYTHON_FIXED_MODEL_WALL,1,SUCCESS,507,18,67,67,,,0.010009119985625148,0.010009119985625148,,
4,77,0x05d81d6f,0x260c4013,SOFTWARE_K4H4,SERVER_CPU,PYTHON_FIXED_MODEL_WALL,1,SUCCESS,507,18,67,22,,,0.006256258115172386,0.006256258115172386,,
4,77,0x05d81d6f,0x260c4013,SOFTWARE_K3H3,SERVER_CPU,PYTHON_FIXED_MODEL_WALL,1,SUCCESS,507,18,67,22,,,0.0058272050227969885,0.0058272050227969885,,
4,78,0x2018f6a3,0x5728c7f4,NUMPY_FLOAT64,SERVER_CPU,NUMPY_CORE_ONLY,1,SUCCESS,8685,23,101,,,,0.00606132484972477,0.01049738796427846,,
4,78,0x2018f6a3,0x5728c7f4,QISKIT_AER_STATEVECTOR,SERVER_CPU,AER_EXECUTION_ONLY,1,SUCCESS,8685,23,101,,,,1.302288747858256,1.3159268258605152,0.0,0.0
4,78,0x2018f6a3,0x5728c7f4,RTL_FIXED_NORMAL,SERVER_CPU,PYTHON_FIXED_MODEL_WALL,1,SUCCESS,4724,25,177,177,,,0.022645473014563322,0.022645473014563322,,
4,78,0x2018f6a3,0x5728c7f4,SOFTWARE_K4H4,SERVER_CPU,PYTHON_FIXED_MODEL_WALL,1,SUCCESS,4724,25,177,57,,,0.014080056920647621,0.014080056920647621,,
4,78,0x2018f6a3,0x5728c7f4,SOFTWARE_K3H3,SERVER_CPU,PYTHON_FIXED_MODEL_WALL,1,SUCCESS,4724,25,177,69,,,0.013139019953086972,0.013139019953086972,,
4,79,0x718ebf0c,0x4d7d460c,NUMPY_FLOAT64,SERVER_CPU,NUMPY_CORE_ONLY,1,SUCCESS,2852,22,90,,,,0.0062193290796130896,0.011022732825949788,,
4,79,0x718ebf0c,0x4d7d460c,QISKIT_AER_STATEVECTOR,SERVER_CPU,AER_EXECUTION_ONLY,1,SUCCESS,2852,22,90,,,,1.226612949045375,1.237665883032605,0.0,0.0
4,79,0x718ebf0c,0x4d7d460c,RTL_FIXED_NORMAL,SERVER_CPU,PYTHON_FIXED_MODEL_WALL,1,SUCCESS,2852,22,90,90,,,0.01270630001090467,0.01270630001090467,,
4,79,0x718ebf0c,0x4d7d460c,SOFTWARE_K4H4,SERVER_CPU,PYTHON_FIXED_MODEL_WALL,1,SUCCESS,2852,22,90,28,,,0.007998429937288165,0.007998429937288165,,
4,79,0x718ebf0c,0x4d7d460c,SOFTWARE_K3H3,SERVER_CPU,PYTHON_FIXED_MODEL_WALL,1,SUCCESS,2852,22,90,31,,,0.007850207854062319,0.007850207854062319,,
4,80,0x042a8f17,0x2093b3f4,NUMPY_FLOAT64,SERVER_CPU,NUMPY_CORE_ONLY,1,SUCCESS,8685,17,53,,,,0.003262005979195237,0.006499754963442683,,
4,80,0x042a8f17,0x2093b3f4,QISKIT_AER_STATEVECTOR,SERVER_CPU,AER_EXECUTION_ONLY,1,SUCCESS,8685,17,53,,,,0.6905345998238772,0.6987637169659138,0.0,0.0
4,80,0x042a8f17,0x2093b3f4,RTL_FIXED_NORMAL,SERVER_CPU,PYTHON_FIXED_MODEL_WALL,1,SUCCESS,8685,24,175,175,,,0.021095827920362353,0.021095827920362353,,
4,80,0x042a8f17,0x2093b3f4,SOFTWARE_K4H4,SERVER_CPU,PYTHON_FIXED_MODEL_WALL,1,SUCCESS,8685,24,175,48,,,0.011290048947557807,0.011290048947557807,,
4,80,0x042a8f17,0x2093b3f4,SOFTWARE_K3H3,SERVER_CPU,PYTHON_FIXED_MODEL_WALL,1,SUCCESS,8685,24,175,48,,,0.011953294975683093,0.011953294975683093,,
4,81,0xfc1c775d,0x35bd20f1,NUMPY_FLOAT64,SERVER_CPU,NUMPY_CORE_ONLY,1,SUCCESS,8685,9,12,,,,0.0011267517693340778,0.002974748145788908,,
4,81,0xfc1c775d,0x35bd20f1,QISKIT_AER_STATEVECTOR,SERVER_CPU,AER_EXECUTION_ONLY,1,SUCCESS,8685,9,12,,,,0.14802526496350765,0.1523556369356811,0.0,0.0
4,81,0xfc1c775d,0x35bd20f1,RTL_FIXED_NORMAL,SERVER_CPU,PYTHON_FIXED_MODEL_WALL,1,SUCCESS,8685,9,12,12,,,0.0032374891452491283,0.0032374891452491283,,
4,81,0xfc1c775d,0x35bd20f1,SOFTWARE_K4H4,SERVER_CPU,PYTHON_FIXED_MODEL_WALL,1,SUCCESS,8685,9,12,3,,,0.0023993239738047123,0.0023993239738047123,,
4,81,0xfc1c775d,0x35bd20f1,SOFTWARE_K3H3,SERVER_CPU,PYTHON_FIXED_MODEL_WALL,1,SUCCESS,8685,9,12,3,,,0.0022124131210148335,0.0022124131210148335,,
4,82,0x16b93b63,0x7d609ba5,NUMPY_FLOAT64,SERVER_CPU,NUMPY_CORE_ONLY,1,SUCCESS,8685,12,18,,,,0.0016062569338828325,0.004130493849515915,,
4,82,0x16b93b63,0x7d609ba5,QISKIT_AER_STATEVECTOR,SERVER_CPU,AER_EXECUTION_ONLY,1,SUCCESS,8685,12,18,,,,0.2545324070379138,0.2609361808281392,0.0,0.0
4,82,0x16b93b63,0x7d609ba5,RTL_FIXED_NORMAL,SERVER_CPU,PYTHON_FIXED_MODEL_WALL,1,SUCCESS,8685,12,18,18,,,0.005579962162300944,0.005579962162300944,,
4,82,0x16b93b63,0x7d609ba5,SOFTWARE_K4H4,SERVER_CPU,PYTHON_FIXED_MODEL_WALL,1,SUCCESS,8685,12,18,5,,,0.0032203751616179943,0.0032203751616179943,,
4,82,0x16b93b63,0x7d609ba5,SOFTWARE_K3H3,SERVER_CPU,PYTHON_FIXED_MODEL_WALL,1,SUCCESS,8685,12,18,5,,,0.0029595561791211367,0.0029595561791211367,,
4,83,0x8ce1028e,0xb152e7ef,NUMPY_FLOAT64,SERVER_CPU,NUMPY_CORE_ONLY,1,SUCCESS,8685,14,23,,,,0.0017915975768119097,0.004459758056327701,,
4,83,0x8ce1028e,0xb152e7ef,QISKIT_AER_STATEVECTOR,SERVER_CPU,AER_EXECUTION_ONLY,1,SUCCESS,8685,14,23,,,,0.3244174215942621,0.3318964848294854,0.0,0.0
4,83,0x8ce1028e,0xb152e7ef,RTL_FIXED_NORMAL,SERVER_CPU,PYTHON_FIXED_MODEL_WALL,1,SUCCESS,8685,14,23,23,,,0.005245452979579568,0.005245452979579568,,
4,83,0x8ce1028e,0xb152e7ef,SOFTWARE_K4H4,SERVER_CPU,PYTHON_FIXED_MODEL_WALL,1,SUCCESS,8685,14,23,8,,,0.00379122793674469,0.00379122793674469,,
4,83,0x8ce1028e,0xb152e7ef,SOFTWARE_K3H3,SERVER_CPU,PYTHON_FIXED_MODEL_WALL,1,SUCCESS,8685,14,23,9,,,0.0038369870744645596,0.0038369870744645596,,
4,84,0x87bad980,0x7dbefa97,NUMPY_FLOAT64,SERVER_CPU,NUMPY_CORE_ONLY,1,SUCCESS,4724,20,107,,,,0.006103726802393794,0.010012581944465637,,
4,84,0x87bad980,0x7dbefa97,QISKIT_AER_STATEVECTOR,SERVER_CPU,AER_EXECUTION_ONLY,1,SUCCESS,4724,20,107,,,,1.3711071589495987,1.3813652337994426,0.0,0.0
4,84,0x87bad980,0x7dbefa97,RTL_FIXED_NORMAL,SERVER_CPU,PYTHON_FIXED_MODEL_WALL,1,SUCCESS,4724,21,132,132,,,0.02168420795351267,0.02168420795351267,,
4,84,0x87bad980,0x7dbefa97,SOFTWARE_K4H4,SERVER_CPU,PYTHON_FIXED_MODEL_WALL,1,SUCCESS,4724,21,132,25,,,0.0077852169051766396,0.0077852169051766396,,
4,84,0x87bad980,0x7dbefa97,SOFTWARE_K3H3,SERVER_CPU,PYTHON_FIXED_MODEL_WALL,1,SUCCESS,4724,21,132,28,,,0.007662830874323845,0.007662830874323845,,
4,85,0xd63d86f3,0xf5399cca,NUMPY_FLOAT64,SERVER_CPU,NUMPY_CORE_ONLY,1,SUCCESS,2852,21,129,,,,0.00807917956262827,0.012580550974234939,,
4,85,0xd63d86f3,0xf5399cca,QISKIT_AER_STATEVECTOR,SERVER_CPU,AER_EXECUTION_ONLY,1,SUCCESS,2852,21,129,,,,1.709035494364798,1.7212717509828508,0.0,0.0
4,85,0xd63d86f3,0xf5399cca,RTL_FIXED_NORMAL,SERVER_CPU,PYTHON_FIXED_MODEL_WALL,1,SUCCESS,4724,20,91,91,,,0.01260471809655428,0.01260471809655428,,
4,85,0xd63d86f3,0xf5399cca,SOFTWARE_K4H4,SERVER_CPU,PYTHON_FIXED_MODEL_WALL,1,SUCCESS,4724,20,91,24,,,0.006988355191424489,0.006988355191424489,,
4,85,0xd63d86f3,0xf5399cca,SOFTWARE_K3H3,SERVER_CPU,PYTHON_FIXED_MODEL_WALL,1,SUCCESS,4724,20,91,29,,,0.007615603972226381,0.007615603972226381,,
4,86,0xeeaba102,0x01560fc0,NUMPY_FLOAT64,SERVER_CPU,NUMPY_CORE_ONLY,1,SUCCESS,4724,21,91,,,,0.0056502369698137045,0.010289728175848722,,
4,86,0xeeaba102,0x01560fc0,QISKIT_AER_STATEVECTOR,SERVER_CPU,AER_EXECUTION_ONLY,1,SUCCESS,4724,21,91,,,,1.2018744479864836,1.2137320458423346,0.0,0.0
4,86,0xeeaba102,0x01560fc0,RTL_FIXED_NORMAL,SERVER_CPU,PYTHON_FIXED_MODEL_WALL,1,SUCCESS,8685,21,91,91,,,0.013243416091427207,0.013243416091427207,,
4,86,0xeeaba102,0x01560fc0,SOFTWARE_K4H4,SERVER_CPU,PYTHON_FIXED_MODEL_WALL,1,SUCCESS,8685,21,91,20,,,0.0066720109898597,0.0066720109898597,,
4,86,0xeeaba102,0x01560fc0,SOFTWARE_K3H3,SERVER_CPU,PYTHON_FIXED_MODEL_WALL,1,SUCCESS,8685,21,91,20,,,0.006540186004713178,0.006540186004713178,,
4,87,0xc1fee4bb,0xc7e12d58,NUMPY_FLOAT64,SERVER_CPU,NUMPY_CORE_ONLY,1,SUCCESS,4724,18,69,,,,0.004191708983853459,0.007616215851157904,,
4,87,0xc1fee4bb,0xc7e12d58,QISKIT_AER_STATEVECTOR,SERVER_CPU,AER_EXECUTION_ONLY,1,SUCCESS,4724,18,69,,,,0.9317346171010286,0.9406579239293933,0.0,0.0
4,87,0xc1fee4bb,0xc7e12d58,RTL_FIXED_NORMAL,SERVER_CPU,PYTHON_FIXED_MODEL_WALL,1,SUCCESS,4724,19,89,89,,,0.012584534008055925,0.012584534008055925,,
4,87,0xc1fee4bb,0xc7e12d58,SOFTWARE_K4H4,SERVER_CPU,PYTHON_FIXED_MODEL_WALL,1,SUCCESS,4724,19,89,20,,,0.0063483749981969595,0.0063483749981969595,,
4,87,0xc1fee4bb,0xc7e12d58,SOFTWARE_K3H3,SERVER_CPU,PYTHON_FIXED_MODEL_WALL,1,SUCCESS,4724,19,89,20,,,0.006143338978290558,0.006143338978290558,,
4,88,0x0707c9da,0xf644a3f9,NUMPY_FLOAT64,SERVER_CPU,NUMPY_CORE_ONLY,1,SUCCESS,8685,16,48,,,,0.0031302478164434433,0.006279977969825268,,
4,88,0x0707c9da,0xf644a3f9,QISKIT_AER_STATEVECTOR,SERVER_CPU,AER_EXECUTION_ONLY,1,SUCCESS,8685,16,48,,,,0.5487342108972371,0.5554710458964109,0.0,0.0
4,88,0x0707c9da,0xf644a3f9,RTL_FIXED_NORMAL,SERVER_CPU,PYTHON_FIXED_MODEL_WALL,1,SUCCESS,8685,16,48,48,,,0.007705457974225283,0.007705457974225283,,
4,88,0x0707c9da,0xf644a3f9,SOFTWARE_K4H4,SERVER_CPU,PYTHON_FIXED_MODEL_WALL,1,SUCCESS,8685,16,48,15,,,0.005030679050832987,0.005030679050832987,,
4,88,0x0707c9da,0xf644a3f9,SOFTWARE_K3H3,SERVER_CPU,PYTHON_FIXED_MODEL_WALL,1,SUCCESS,8685,16,48,16,,,0.005353896878659725,0.005353896878659725,,
4,89,0xde0d9c30,0x58a2ee8f,NUMPY_FLOAT64,SERVER_CPU,NUMPY_CORE_ONLY,1,SUCCESS,507,16,41,,,,0.0026616575196385384,0.005824256921187043,,
4,89,0xde0d9c30,0x58a2ee8f,QISKIT_AER_STATEVECTOR,SERVER_CPU,AER_EXECUTION_ONLY,1,SUCCESS,507,16,41,,,,0.5104074433911592,0.5178746869787574,0.0,0.0
4,89,0xde0d9c30,0x58a2ee8f,RTL_FIXED_NORMAL,SERVER_CPU,PYTHON_FIXED_MODEL_WALL,1,SUCCESS,507,16,41,41,,,0.007320286938920617,0.007320286938920617,,
4,89,0xde0d9c30,0x58a2ee8f,SOFTWARE_K4H4,SERVER_CPU,PYTHON_FIXED_MODEL_WALL,1,SUCCESS,507,16,41,8,,,0.004275692859664559,0.004275692859664559,,
4,89,0xde0d9c30,0x58a2ee8f,SOFTWARE_K3H3,SERVER_CPU,PYTHON_FIXED_MODEL_WALL,1,SUCCESS,507,16,41,8,,,0.0041274260729551315,0.0041274260729551315,,
4,90,0x7cd0efc7,0x9f385cfb,NUMPY_FLOAT64,SERVER_CPU,NUMPY_CORE_ONLY,1,SUCCESS,8685,18,54,,,,0.0033486331813037395,0.006743669044226408,,
4,90,0x7cd0efc7,0x9f385cfb,QISKIT_AER_STATEVECTOR,SERVER_CPU,AER_EXECUTION_ONLY,1,SUCCESS,8685,18,54,,,,0.7486437621992081,0.7576986558269709,0.0,0.0
4,90,0x7cd0efc7,0x9f385cfb,RTL_FIXED_NORMAL,SERVER_CPU,PYTHON_FIXED_MODEL_WALL,1,SUCCESS,8685,18,54,54,,,0.008714082883670926,0.008714082883670926,,
4,90,0x7cd0efc7,0x9f385cfb,SOFTWARE_K4H4,SERVER_CPU,PYTHON_FIXED_MODEL_WALL,1,SUCCESS,8685,18,54,21,,,0.005927057005465031,0.005927057005465031,,
4,90,0x7cd0efc7,0x9f385cfb,SOFTWARE_K3H3,SERVER_CPU,PYTHON_FIXED_MODEL_WALL,1,SUCCESS,8685,18,54,24,,,0.00608600489795208,0.00608600489795208,,
4,91,0xe4cb50a6,0x94d13729,NUMPY_FLOAT64,SERVER_CPU,NUMPY_CORE_ONLY,1,SUCCESS,507,18,75,,,,0.004329694667831063,0.007726125884801149,,
4,91,0xe4cb50a6,0x94d13729,QISKIT_AER_STATEVECTOR,SERVER_CPU,AER_EXECUTION_ONLY,1,SUCCESS,507,18,75,,,,1.1489979221951216,1.1585642150603235,0.0,0.0
4,91,0xe4cb50a6,0x94d13729,RTL_FIXED_NORMAL,SERVER_CPU,PYTHON_FIXED_MODEL_WALL,1,SUCCESS,507,17,53,53,,,0.010499764000996947,0.010499764000996947,,
4,91,0xe4cb50a6,0x94d13729,SOFTWARE_K4H4,SERVER_CPU,PYTHON_FIXED_MODEL_WALL,1,SUCCESS,507,17,53,18,,,0.0055564220529049635,0.0055564220529049635,,
4,91,0xe4cb50a6,0x94d13729,SOFTWARE_K3H3,SERVER_CPU,PYTHON_FIXED_MODEL_WALL,1,SUCCESS,507,17,53,18,,,0.005375272128731012,0.005375272128731012,,
4,92,0xa0882219,0x18f75d24,NUMPY_FLOAT64,SERVER_CPU,NUMPY_CORE_ONLY,1,SUCCESS,2852,11,13,,,,0.0011378198396414518,0.0032871251460164785,,
4,92,0xa0882219,0x18f75d24,QISKIT_AER_STATEVECTOR,SERVER_CPU,AER_EXECUTION_ONLY,1,SUCCESS,2852,11,13,,,,0.15397437545470893,0.1588744488544762,0.0,0.0
4,92,0xa0882219,0x18f75d24,RTL_FIXED_NORMAL,SERVER_CPU,PYTHON_FIXED_MODEL_WALL,1,SUCCESS,2852,11,13,13,,,0.004997102078050375,0.004997102078050375,,
4,92,0xa0882219,0x18f75d24,SOFTWARE_K4H4,SERVER_CPU,PYTHON_FIXED_MODEL_WALL,1,SUCCESS,2852,11,13,6,,,0.0031693410128355026,0.0031693410128355026,,
4,92,0xa0882219,0x18f75d24,SOFTWARE_K3H3,SERVER_CPU,PYTHON_FIXED_MODEL_WALL,1,SUCCESS,2852,11,13,6,,,0.0029090510215610266,0.0029090510215610266,,
4,93,0xc435e6f2,0xf75a52bc,NUMPY_FLOAT64,SERVER_CPU,NUMPY_CORE_ONLY,1,SUCCESS,8685,22,143,,,,0.007781575433909893,0.011997103923931718,,
4,93,0xc435e6f2,0xf75a52bc,QISKIT_AER_STATEVECTOR,SERVER_CPU,AER_EXECUTION_ONLY,1,SUCCESS,8685,22,143,,,,1.9730716245248914,1.9850577390752733,0.0,0.0
4,93,0xc435e6f2,0xf75a52bc,RTL_FIXED_NORMAL,SERVER_CPU,PYTHON_FIXED_MODEL_WALL,1,SUCCESS,8685,20,96,96,,,0.015444503864273429,0.015444503864273429,,
4,93,0xc435e6f2,0xf75a52bc,SOFTWARE_K4H4,SERVER_CPU,PYTHON_FIXED_MODEL_WALL,1,SUCCESS,8685,20,96,24,,,0.07005977584049106,0.07005977584049106,,
4,93,0xc435e6f2,0xf75a52bc,SOFTWARE_K3H3,SERVER_CPU,PYTHON_FIXED_MODEL_WALL,1,SUCCESS,8685,20,96,25,,,0.006740508833900094,0.006740508833900094,,
4,94,0x011b63f0,0x0aa34346,NUMPY_FLOAT64,SERVER_CPU,NUMPY_CORE_ONLY,1,SUCCESS,2852,21,130,,,,0.007024099119007587,0.011089734034612775,,
4,94,0x011b63f0,0x0aa34346,QISKIT_AER_STATEVECTOR,SERVER_CPU,AER_EXECUTION_ONLY,1,SUCCESS,2852,21,130,,,,1.7850004159845412,1.7962449928745627,0.0,0.0
4,94,0x011b63f0,0x0aa34346,RTL_FIXED_NORMAL,SERVER_CPU,PYTHON_FIXED_MODEL_WALL,1,SUCCESS,4724,19,71,71,,,0.010877490974962711,0.010877490974962711,,
4,94,0x011b63f0,0x0aa34346,SOFTWARE_K4H4,SERVER_CPU,PYTHON_FIXED_MODEL_WALL,1,SUCCESS,4724,19,71,23,,,0.006694362964481115,0.006694362964481115,,
4,94,0x011b63f0,0x0aa34346,SOFTWARE_K3H3,SERVER_CPU,PYTHON_FIXED_MODEL_WALL,1,SUCCESS,4724,19,71,27,,,0.006855886895209551,0.006855886895209551,,
4,95,0x1b456e77,0xee460f94,NUMPY_FLOAT64,SERVER_CPU,NUMPY_CORE_ONLY,1,SUCCESS,8685,17,47,,,,0.0029908709693700075,0.006228030892089009,,
4,95,0x1b456e77,0xee460f94,QISKIT_AER_STATEVECTOR,SERVER_CPU,AER_EXECUTION_ONLY,1,SUCCESS,8685,17,47,,,,0.5273784028831869,0.5366351299453527,0.0,0.0
4,95,0x1b456e77,0xee460f94,RTL_FIXED_NORMAL,SERVER_CPU,PYTHON_FIXED_MODEL_WALL,1,SUCCESS,8685,17,47,47,,,0.009169412078335881,0.009169412078335881,,
4,95,0x1b456e77,0xee460f94,SOFTWARE_K4H4,SERVER_CPU,PYTHON_FIXED_MODEL_WALL,1,SUCCESS,8685,17,47,18,,,0.0056436811573803425,0.0056436811573803425,,
4,95,0x1b456e77,0xee460f94,SOFTWARE_K3H3,SERVER_CPU,PYTHON_FIXED_MODEL_WALL,1,SUCCESS,8685,17,47,18,,,0.005396340973675251,0.005396340973675251,,
4,96,0x10088608,0xef418331,NUMPY_FLOAT64,SERVER_CPU,NUMPY_CORE_ONLY,1,SUCCESS,8685,19,74,,,,0.0048080445267260075,0.008817793102934957,,
4,96,0x10088608,0xef418331,QISKIT_AER_STATEVECTOR,SERVER_CPU,AER_EXECUTION_ONLY,1,SUCCESS,8685,19,74,,,,1.082927325507626,1.0936655499972403,0.0,0.0
4,96,0x10088608,0xef418331,RTL_FIXED_NORMAL,SERVER_CPU,PYTHON_FIXED_MODEL_WALL,1,SUCCESS,8685,19,74,74,,,0.011751064099371433,0.011751064099371433,,
4,96,0x10088608,0xef418331,SOFTWARE_K4H4,SERVER_CPU,PYTHON_FIXED_MODEL_WALL,1,SUCCESS,8685,19,74,18,,,0.006231148960068822,0.006231148960068822,,
4,96,0x10088608,0xef418331,SOFTWARE_K3H3,SERVER_CPU,PYTHON_FIXED_MODEL_WALL,1,SUCCESS,8685,19,74,18,,,0.006539599038660526,0.006539599038660526,,
4,97,0x6fcfc352,0xf8fa9f4c,NUMPY_FLOAT64,SERVER_CPU,NUMPY_CORE_ONLY,1,SUCCESS,2852,23,159,,,,0.009025860810652375,0.013527906965464354,,
4,97,0x6fcfc352,0xf8fa9f4c,QISKIT_AER_STATEVECTOR,SERVER_CPU,AER_EXECUTION_ONLY,1,SUCCESS,2852,23,159,,,,1.9503449040930718,3.017459232825786,0.4822235330939293,0.489189910935238
4,97,0x6fcfc352,0xf8fa9f4c,RTL_FIXED_NORMAL,SERVER_CPU,PYTHON_FIXED_MODEL_WALL,1,SUCCESS,2852,22,124,124,,,0.016431909054517746,0.016431909054517746,,
4,97,0x6fcfc352,0xf8fa9f4c,SOFTWARE_K4H4,SERVER_CPU,PYTHON_FIXED_MODEL_WALL,1,SUCCESS,2852,22,124,26,,,0.008262634975835681,0.008262634975835681,,
4,97,0x6fcfc352,0xf8fa9f4c,SOFTWARE_K3H3,SERVER_CPU,PYTHON_FIXED_MODEL_WALL,1,SUCCESS,2852,22,124,28,,,0.00755053898319602,0.00755053898319602,,
4,98,0xfb6077af,0x713595a9,NUMPY_FLOAT64,SERVER_CPU,NUMPY_CORE_ONLY,1,SUCCESS,4724,22,153,,,,0.008626069640740752,0.012792644090950489,,
4,98,0xfb6077af,0x713595a9,QISKIT_AER_STATEVECTOR,SERVER_CPU,AER_EXECUTION_ONLY,1,SUCCESS,4724,22,153,,,,1.8082564000505954,1.8188405730761588,0.0,0.0
4,98,0xfb6077af,0x713595a9,RTL_FIXED_NORMAL,SERVER_CPU,PYTHON_FIXED_MODEL_WALL,1,SUCCESS,8685,20,102,102,,,0.014841059921309352,0.014841059921309352,,
4,98,0xfb6077af,0x713595a9,SOFTWARE_K4H4,SERVER_CPU,PYTHON_FIXED_MODEL_WALL,1,SUCCESS,8685,20,102,20,,,0.006562510970979929,0.006562510970979929,,
4,98,0xfb6077af,0x713595a9,SOFTWARE_K3H3,SERVER_CPU,PYTHON_FIXED_MODEL_WALL,1,SUCCESS,8685,20,102,20,,,0.006304007023572922,0.006304007023572922,,
4,99,0xc6ebb72e,0x08fdf109,NUMPY_FLOAT64,SERVER_CPU,NUMPY_CORE_ONLY,1,SUCCESS,507,19,70,,,,0.00462992861866951,0.00830011093057692,,
4,99,0xc6ebb72e,0x08fdf109,QISKIT_AER_STATEVECTOR,SERVER_CPU,AER_EXECUTION_ONLY,1,SUCCESS,507,19,70,,,,0.8454536304343492,0.8547095889225602,0.0,0.0
4,99,0xc6ebb72e,0x08fdf109,RTL_FIXED_NORMAL,SERVER_CPU,PYTHON_FIXED_MODEL_WALL,1,SUCCESS,8685,16,42,42,,,0.007930109975859523,0.007930109975859523,,
4,99,0xc6ebb72e,0x08fdf109,SOFTWARE_K4H4,SERVER_CPU,PYTHON_FIXED_MODEL_WALL,1,SUCCESS,8685,16,42,14,,,0.005037933122366667,0.005037933122366667,,
4,99,0xc6ebb72e,0x08fdf109,SOFTWARE_K3H3,SERVER_CPU,PYTHON_FIXED_MODEL_WALL,1,SUCCESS,8685,16,42,14,,,0.012796588940545917,0.012796588940545917,,
16,0,0x7b1dcdaf,0x24370df2,NUMPY_FLOAT64,SERVER_CPU,NUMPY_CORE_ONLY,1,SUCCESS,4512,11,15,,,,0.0013839518651366234,0.003543516155332327,,
16,0,0x7b1dcdaf,0x24370df2,QISKIT_AER_STATEVECTOR,SERVER_CPU,AER_EXECUTION_ONLY,1,SUCCESS,4512,11,15,,,,0.16940512647852302,0.7432769918814301,0.14581419131718576,0.40248530986718833
16,0,0x7b1dcdaf,0x24370df2,RTL_FIXED_NORMAL,SERVER_CPU,PYTHON_FIXED_MODEL_WALL,1,SUCCESS,4512,11,15,15,,,0.003795050084590912,0.003795050084590912,,
16,0,0x7b1dcdaf,0x24370df2,SOFTWARE_K4H4,SERVER_CPU,PYTHON_FIXED_MODEL_WALL,1,SUCCESS,4512,11,15,3,,,0.0028468649834394455,0.0028468649834394455,,
16,0,0x7b1dcdaf,0x24370df2,SOFTWARE_K3H3,SERVER_CPU,PYTHON_FIXED_MODEL_WALL,1,SUCCESS,4512,11,15,3,,,0.002893109107390046,0.002893109107390046,,
16,1,0x3a85a4dc,0xa3b9aa35,NUMPY_FLOAT64,SERVER_CPU,NUMPY_CORE_ONLY,1,SUCCESS,507,15,23,,,,0.0019233401399105787,0.0048301490023732185,,
16,1,0x3a85a4dc,0xa3b9aa35,QISKIT_AER_STATEVECTOR,SERVER_CPU,AER_EXECUTION_ONLY,1,SUCCESS,507,15,23,,,,0.2734741955064237,1.072291747899726,0.32249599788337946,0.4194001262076199
16,1,0x3a85a4dc,0xa3b9aa35,RTL_FIXED_NORMAL,SERVER_CPU,PYTHON_FIXED_MODEL_WALL,1,SUCCESS,507,15,23,23,,,0.005217305151745677,0.005217305151745677,,
16,1,0x3a85a4dc,0xa3b9aa35,SOFTWARE_K4H4,SERVER_CPU,PYTHON_FIXED_MODEL_WALL,1,SUCCESS,507,15,23,9,,,0.0042318119667470455,0.0042318119667470455,,
16,1,0x3a85a4dc,0xa3b9aa35,SOFTWARE_K3H3,SERVER_CPU,PYTHON_FIXED_MODEL_WALL,1,SUCCESS,507,15,23,9,,,0.003918410046026111,0.003918410046026111,,
16,2,0x6162a8b2,0x871c276f,NUMPY_FLOAT64,SERVER_CPU,NUMPY_CORE_ONLY,1,SUCCESS,5281,18,65,,,,0.003942377166822553,0.007362361066043377,,
16,2,0x6162a8b2,0x871c276f,QISKIT_AER_STATEVECTOR,SERVER_CPU,AER_EXECUTION_ONLY,1,SUCCESS,5281,18,65,,,,0.8623599328566343,1.516278455965221,0.2701711328700185,0.3103271240834147
16,2,0x6162a8b2,0x871c276f,RTL_FIXED_NORMAL,SERVER_CPU,PYTHON_FIXED_MODEL_WALL,1,SUCCESS,10593,17,56,56,,,0.009340549120679498,0.009340549120679498,,
16,2,0x6162a8b2,0x871c276f,SOFTWARE_K4H4,SERVER_CPU,PYTHON_FIXED_MODEL_WALL,1,SUCCESS,10593,17,56,16,,,0.005763628985732794,0.005763628985732794,,
16,2,0x6162a8b2,0x871c276f,SOFTWARE_K3H3,SERVER_CPU,PYTHON_FIXED_MODEL_WALL,1,SUCCESS,10593,17,56,16,,,0.005775599041953683,0.005775599041953683,,
16,3,0xc3adc34e,0xf5b8f22b,NUMPY_FLOAT64,SERVER_CPU,NUMPY_CORE_ONLY,1,SUCCESS,10931,18,56,,,,0.004397031152620912,0.008264295989647508,,
16,3,0xc3adc34e,0xf5b8f22b,QISKIT_AER_STATEVECTOR,SERVER_CPU,AER_EXECUTION_ONLY,1,SUCCESS,10931,18,56,,,,0.7345674708485603,1.6515195399988443,0.4229215579107404,0.42542163492180407
16,3,0xc3adc34e,0xf5b8f22b,RTL_FIXED_NORMAL,SERVER_CPU,PYTHON_FIXED_MODEL_WALL,1,SUCCESS,5281,18,56,56,,,0.009574215859174728,0.009574215859174728,,
16,3,0xc3adc34e,0xf5b8f22b,SOFTWARE_K4H4,SERVER_CPU,PYTHON_FIXED_MODEL_WALL,1,SUCCESS,5281,18,56,20,,,0.006333637051284313,0.006333637051284313,,
16,3,0xc3adc34e,0xf5b8f22b,SOFTWARE_K3H3,SERVER_CPU,PYTHON_FIXED_MODEL_WALL,1,SUCCESS,5281,18,56,21,,,0.006176501978188753,0.006176501978188753,,
16,4,0x2bb073ff,0x3f8396e3,NUMPY_FLOAT64,SERVER_CPU,NUMPY_CORE_ONLY,1,SUCCESS,4512,12,17,,,,0.00184312229976058,0.004456767113879323,,
16,4,0x2bb073ff,0x3f8396e3,QISKIT_AER_STATEVECTOR,SERVER_CPU,AER_EXECUTION_ONLY,1,SUCCESS,4512,12,17,,,,0.23274200153537095,0.6287415530532598,0.13859508582390845,0.23112251586280763
16,4,0x2bb073ff,0x3f8396e3,RTL_FIXED_NORMAL,SERVER_CPU,PYTHON_FIXED_MODEL_WALL,1,SUCCESS,4512,14,27,27,,,0.005974932108074427,0.005974932108074427,,
16,4,0x2bb073ff,0x3f8396e3,SOFTWARE_K4H4,SERVER_CPU,PYTHON_FIXED_MODEL_WALL,1,SUCCESS,4512,14,27,7,,,0.004046965856105089,0.004046965856105089,,
16,4,0x2bb073ff,0x3f8396e3,SOFTWARE_K3H3,SERVER_CPU,PYTHON_FIXED_MODEL_WALL,1,SUCCESS,4512,14,27,7,,,0.0037036570720374584,0.0037036570720374584,,
16,5,0xda585ab3,0xa7197ad7,NUMPY_FLOAT64,SERVER_CPU,NUMPY_CORE_ONLY,1,SUCCESS,10839,15,18,,,,0.0016278557013720274,0.004578828811645508,,
16,5,0xda585ab3,0xa7197ad7,QISKIT_AER_STATEVECTOR,SERVER_CPU,AER_EXECUTION_ONLY,1,SUCCESS,10839,15,18,,,,0.2200493821874261,0.2268756681587547,0.0,0.0
16,5,0xda585ab3,0xa7197ad7,RTL_FIXED_NORMAL,SERVER_CPU,PYTHON_FIXED_MODEL_WALL,1,SUCCESS,10839,15,18,18,,,0.006401963997632265,0.006401963997632265,,
16,5,0xda585ab3,0xa7197ad7,SOFTWARE_K4H4,SERVER_CPU,PYTHON_FIXED_MODEL_WALL,1,SUCCESS,10839,15,18,5,,,0.0037716689985245466,0.0037716689985245466,,
16,5,0xda585ab3,0xa7197ad7,SOFTWARE_K3H3,SERVER_CPU,PYTHON_FIXED_MODEL_WALL,1,SUCCESS,10839,15,18,5,,,0.0036846890579909086,0.0036846890579909086,,
16,6,0x0ed109c0,0x5701ce52,NUMPY_FLOAT64,SERVER_CPU,NUMPY_CORE_ONLY,1,SUCCESS,3947,17,68,,,,0.004084863001480699,0.007328957086429,,
16,6,0x0ed109c0,0x5701ce52,QISKIT_AER_STATEVECTOR,SERVER_CPU,AER_EXECUTION_ONLY,1,SUCCESS,3947,17,68,,,,0.9428352350369096,2.0210361829958856,0.5907418029382825,0.40143552026711404
16,6,0x0ed109c0,0x5701ce52,RTL_FIXED_NORMAL,SERVER_CPU,PYTHON_FIXED_MODEL_WALL,1,SUCCESS,3947,17,68,68,,,0.010950769996270537,0.010950769996270537,,
16,6,0x0ed109c0,0x5701ce52,SOFTWARE_K4H4,SERVER_CPU,PYTHON_FIXED_MODEL_WALL,1,SUCCESS,3947,17,68,17,,,0.008104686858132482,0.008104686858132482,,
16,6,0x0ed109c0,0x5701ce52,SOFTWARE_K3H3,SERVER_CPU,PYTHON_FIXED_MODEL_WALL,1,SUCCESS,3947,17,68,18,,,0.011585029074922204,0.011585029074922204,,
16,7,0x102ecf73,0x53c7612b,NUMPY_FLOAT64,SERVER_CPU,NUMPY_CORE_ONLY,1,SUCCESS,10839,21,112,,,,0.006270924815908074,0.010314461076632142,,
16,7,0x102ecf73,0x53c7612b,QISKIT_AER_STATEVECTOR,SERVER_CPU,AER_EXECUTION_ONLY,1,SUCCESS,10839,21,112,,,,1.503465676214546,3.94844502187334,1.1701457579620183,1.1242953271139413
16,7,0x102ecf73,0x53c7612b,RTL_FIXED_NORMAL,SERVER_CPU,PYTHON_FIXED_MODEL_WALL,1,SUCCESS,5281,12,25,25,,,0.00647708005271852,0.00647708005271852,,
16,7,0x102ecf73,0x53c7612b,SOFTWARE_K4H4,SERVER_CPU,PYTHON_FIXED_MODEL_WALL,1,SUCCESS,5281,12,25,7,,,0.003862943034619093,0.003862943034619093,,
16,7,0x102ecf73,0x53c7612b,SOFTWARE_K3H3,SERVER_CPU,PYTHON_FIXED_MODEL_WALL,1,SUCCESS,5281,12,25,7,,,0.0036546210758388042,0.0036546210758388042,,
16,8,0xcf29b6a1,0x35231a84,NUMPY_FLOAT64,SERVER_CPU,NUMPY_CORE_ONLY,1,SUCCESS,2852,13,26,,,,0.0024406597949564457,0.005606349091976881,,
16,8,0xcf29b6a1,0x35231a84,QISKIT_AER_STATEVECTOR,SERVER_CPU,AER_EXECUTION_ONLY,1,SUCCESS,2852,13,26,,,,0.38601153111085296,0.392714056186378,0.0,0.0
16,8,0xcf29b6a1,0x35231a84,RTL_FIXED_NORMAL,SERVER_CPU,PYTHON_FIXED_MODEL_WALL,1,SUCCESS,2852,14,32,32,,,0.008206143043935299,0.008206143043935299,,
16,8,0xcf29b6a1,0x35231a84,SOFTWARE_K4H4,SERVER_CPU,PYTHON_FIXED_MODEL_WALL,1,SUCCESS,2852,14,32,7,,,0.004054030869156122,0.004054030869156122,,
16,8,0xcf29b6a1,0x35231a84,SOFTWARE_K3H3,SERVER_CPU,PYTHON_FIXED_MODEL_WALL,1,SUCCESS,2852,14,32,7,,,0.004087704000994563,0.004087704000994563,,
16,9,0xc49cbb42,0xd0a3bbb8,NUMPY_FLOAT64,SERVER_CPU,NUMPY_CORE_ONLY,1,SUCCESS,3947,12,20,,,,0.0020960813853889704,0.005144678987562656,,
16,9,0xc49cbb42,0xd0a3bbb8,QISKIT_AER_STATEVECTOR,SERVER_CPU,AER_EXECUTION_ONLY,1,SUCCESS,3947,12,20,,,,0.26166116655804217,0.2676814068108797,0.0,0.0
16,9,0xc49cbb42,0xd0a3bbb8,RTL_FIXED_NORMAL,SERVER_CPU,PYTHON_FIXED_MODEL_WALL,1,SUCCESS,3947,12,20,20,,,0.005114475963637233,0.005114475963637233,,
16,9,0xc49cbb42,0xd0a3bbb8,SOFTWARE_K4H4,SERVER_CPU,PYTHON_FIXED_MODEL_WALL,1,SUCCESS,3947,12,20,6,,,0.0038275199476629496,0.0038275199476629496,,
16,9,0xc49cbb42,0xd0a3bbb8,SOFTWARE_K3H3,SERVER_CPU,PYTHON_FIXED_MODEL_WALL,1,SUCCESS,3947,12,20,6,,,0.0031166349072009325,0.0031166349072009325,,
16,10,0x4cc51d23,0xee0e3ab4,NUMPY_FLOAT64,SERVER_CPU,NUMPY_CORE_ONLY,1,SUCCESS,14405,15,35,,,,0.0025241950061172247,0.005389141151681542,,
16,10,0x4cc51d23,0xee0e3ab4,QISKIT_AER_STATEVECTOR,SERVER_CPU,AER_EXECUTION_ONLY,1,SUCCESS,14405,15,35,,,,0.3923670407384634,0.8963361959904432,0.21458731614984572,0.24769520293921232
16,10,0x4cc51d23,0xee0e3ab4,RTL_FIXED_NORMAL,SERVER_CPU,PYTHON_FIXED_MODEL_WALL,1,SUCCESS,14405,15,35,35,,,0.006575346924364567,0.006575346924364567,,
16,10,0x4cc51d23,0xee0e3ab4,SOFTWARE_K4H4,SERVER_CPU,PYTHON_FIXED_MODEL_WALL,1,SUCCESS,14405,15,35,11,,,0.004662832012400031,0.004662832012400031,,
16,10,0x4cc51d23,0xee0e3ab4,SOFTWARE_K3H3,SERVER_CPU,PYTHON_FIXED_MODEL_WALL,1,SUCCESS,14405,15,35,11,,,0.004190069856122136,0.004190069856122136,,
16,11,0xf9e8aa7a,0x3208c31a,NUMPY_FLOAT64,SERVER_CPU,NUMPY_CORE_ONLY,1,SUCCESS,2852,17,57,,,,0.003506200388073921,0.006774123990908265,,
16,11,0xf9e8aa7a,0x3208c31a,QISKIT_AER_STATEVECTOR,SERVER_CPU,AER_EXECUTION_ONLY,1,SUCCESS,2852,17,57,,,,0.80682302871719,0.8154018779750913,0.0,0.0
16,11,0xf9e8aa7a,0x3208c31a,RTL_FIXED_NORMAL,SERVER_CPU,PYTHON_FIXED_MODEL_WALL,1,SUCCESS,1721,17,57,57,,,0.008749935077503324,0.008749935077503324,,
16,11,0xf9e8aa7a,0x3208c31a,SOFTWARE_K4H4,SERVER_CPU,PYTHON_FIXED_MODEL_WALL,1,SUCCESS,1721,17,57,10,,,0.005116356071084738,0.005116356071084738,,
16,11,0xf9e8aa7a,0x3208c31a,SOFTWARE_K3H3,SERVER_CPU,PYTHON_FIXED_MODEL_WALL,1,SUCCESS,1721,17,57,11,,,0.005510549992322922,0.005510549992322922,,
16,12,0xdda8b051,0xc8105c9d,NUMPY_FLOAT64,SERVER_CPU,NUMPY_CORE_ONLY,1,SUCCESS,5281,16,28,,,,0.0023794518783688545,0.0057342329528182745,,
16,12,0xdda8b051,0xc8105c9d,QISKIT_AER_STATEVECTOR,SERVER_CPU,AER_EXECUTION_ONLY,1,SUCCESS,5281,16,28,,,,0.3599433326162398,0.3678898650687188,0.0,0.0
16,12,0xdda8b051,0xc8105c9d,RTL_FIXED_NORMAL,SERVER_CPU,PYTHON_FIXED_MODEL_WALL,1,SUCCESS,5281,16,28,28,,,0.005816316930577159,0.005816316930577159,,
16,12,0xdda8b051,0xc8105c9d,SOFTWARE_K4H4,SERVER_CPU,PYTHON_FIXED_MODEL_WALL,1,SUCCESS,5281,16,28,10,,,0.004560529952868819,0.004560529952868819,,
16,12,0xdda8b051,0xc8105c9d,SOFTWARE_K3H3,SERVER_CPU,PYTHON_FIXED_MODEL_WALL,1,SUCCESS,5281,16,28,12,,,0.004561224021017551,0.004561224021017551,,
16,13,0xabfb11bf,0xf5dec75e,NUMPY_FLOAT64,SERVER_CPU,NUMPY_CORE_ONLY,1,SUCCESS,10593,12,24,,,,0.0017767061945050955,0.004165801918134093,,
16,13,0xabfb11bf,0xf5dec75e,QISKIT_AER_STATEVECTOR,SERVER_CPU,AER_EXECUTION_ONLY,1,SUCCESS,10593,12,24,,,,0.2672243877314031,0.2724616851191968,0.0,0.0
16,13,0xabfb11bf,0xf5dec75e,RTL_FIXED_NORMAL,SERVER_CPU,PYTHON_FIXED_MODEL_WALL,1,SUCCESS,10593,16,43,43,,,0.008263440104201436,0.008263440104201436,,
16,13,0xabfb11bf,0xf5dec75e,SOFTWARE_K4H4,SERVER_CPU,PYTHON_FIXED_MODEL_WALL,1,SUCCESS,10593,16,43,8,,,0.004363425076007843,0.004363425076007843,,
16,13,0xabfb11bf,0xf5dec75e,SOFTWARE_K3H3,SERVER_CPU,PYTHON_FIXED_MODEL_WALL,1,SUCCESS,10593,16,43,10,,,0.0052918249275535345,0.0052918249275535345,,
16,14,0x20639811,0x6b6a7c47,NUMPY_FLOAT64,SERVER_CPU,NUMPY_CORE_ONLY,1,SUCCESS,10931,16,45,,,,0.0034348187036812305,0.006852617021650076,,
16,14,0x20639811,0x6b6a7c47,QISKIT_AER_STATEVECTOR,SERVER_CPU,AER_EXECUTION_ONLY,1,SUCCESS,10931,16,45,,,,0.6104429860133678,0.6190587489400059,0.0,0.0
16,14,0x20639811,0x6b6a7c47,RTL_FIXED_NORMAL,SERVER_CPU,PYTHON_FIXED_MODEL_WALL,1,SUCCESS,4724,19,71,71,,,0.01139388489536941,0.01139388489536941,,
16,14,0x20639811,0x6b6a7c47,SOFTWARE_K4H4,SERVER_CPU,PYTHON_FIXED_MODEL_WALL,1,SUCCESS,4724,19,71,16,,,0.005892699817195535,0.005892699817195535,,
16,14,0x20639811,0x6b6a7c47,SOFTWARE_K3H3,SERVER_CPU,PYTHON_FIXED_MODEL_WALL,1,SUCCESS,4724,19,71,17,,,0.005818634992465377,0.005818634992465377,,
16,15,0xac72acd2,0xca84bc6c,NUMPY_FLOAT64,SERVER_CPU,NUMPY_CORE_ONLY,1,SUCCESS,14405,24,156,,,,0.008531223284080625,0.0133310800883919,,
16,15,0xac72acd2,0xca84bc6c,QISKIT_AER_STATEVECTOR,SERVER_CPU,AER_EXECUTION_ONLY,1,SUCCESS,14405,24,156,,,,2.0409265169873834,5.607232124079019,1.6314208800904453,1.624925963114947
16,15,0xac72acd2,0xca84bc6c,RTL_FIXED_NORMAL,SERVER_CPU,PYTHON_FIXED_MODEL_WALL,1,SUCCESS,14405,21,85,85,,,0.013036203105002642,0.013036203105002642,,
16,15,0xac72acd2,0xca84bc6c,SOFTWARE_K4H4,SERVER_CPU,PYTHON_FIXED_MODEL_WALL,1,SUCCESS,14405,21,85,35,,,0.009064036188647151,0.009064036188647151,,
16,15,0xac72acd2,0xca84bc6c,SOFTWARE_K3H3,SERVER_CPU,PYTHON_FIXED_MODEL_WALL,1,SUCCESS,14405,21,85,39,,,0.00864854408428073,0.00864854408428073,,
16,16,0x49a2da79,0xe1376725,NUMPY_FLOAT64,SERVER_CPU,NUMPY_CORE_ONLY,1,SUCCESS,10931,13,30,,,,0.0028051105327904224,0.0060633509419858456,,
16,16,0x49a2da79,0xe1376725,QISKIT_AER_STATEVECTOR,SERVER_CPU,AER_EXECUTION_ONLY,1,SUCCESS,10931,13,30,,,,0.3497036090120673,0.355484307045117,0.0,0.0
16,16,0x49a2da79,0xe1376725,RTL_FIXED_NORMAL,SERVER_CPU,PYTHON_FIXED_MODEL_WALL,1,SUCCESS,10931,13,30,30,,,0.0064388730097562075,0.0064388730097562075,,
16,16,0x49a2da79,0xe1376725,SOFTWARE_K4H4,SERVER_CPU,PYTHON_FIXED_MODEL_WALL,1,SUCCESS,10931,13,30,8,,,0.0037887850776314735,0.0037887850776314735,,
16,16,0x49a2da79,0xe1376725,SOFTWARE_K3H3,SERVER_CPU,PYTHON_FIXED_MODEL_WALL,1,SUCCESS,10931,13,30,8,,,0.004123631864786148,0.004123631864786148,,
16,17,0x63a4e9d7,0x6166dba4,NUMPY_FLOAT64,SERVER_CPU,NUMPY_CORE_ONLY,1,SUCCESS,5281,11,13,,,,0.0012432518415153027,0.0035304068587720394,,
16,17,0x63a4e9d7,0x6166dba4,QISKIT_AER_STATEVECTOR,SERVER_CPU,AER_EXECUTION_ONLY,1,SUCCESS,5281,11,13,,,,0.17442464921623468,0.1802371370140463,0.0,0.0
16,17,0x63a4e9d7,0x6166dba4,RTL_FIXED_NORMAL,SERVER_CPU,PYTHON_FIXED_MODEL_WALL,1,SUCCESS,5281,11,13,13,,,0.00503094308078289,0.00503094308078289,,
16,17,0x63a4e9d7,0x6166dba4,SOFTWARE_K4H4,SERVER_CPU,PYTHON_FIXED_MODEL_WALL,1,SUCCESS,5281,11,13,4,,,0.003231524024158716,0.003231524024158716,,
16,17,0x63a4e9d7,0x6166dba4,SOFTWARE_K3H3,SERVER_CPU,PYTHON_FIXED_MODEL_WALL,1,SUCCESS,5281,11,13,4,,,0.0035398949403315783,0.0035398949403315783,,
16,18,0x8983f102,0x43fb6183,NUMPY_FLOAT64,SERVER_CPU,NUMPY_CORE_ONLY,1,SUCCESS,5281,14,27,,,,0.002361292252317071,0.005450868047773838,,
16,18,0x8983f102,0x43fb6183,QISKIT_AER_STATEVECTOR,SERVER_CPU,AER_EXECUTION_ONLY,1,SUCCESS,5281,14,27,,,,0.33982398244552314,0.3470840658992529,0.0,0.0
16,18,0x8983f102,0x43fb6183,RTL_FIXED_NORMAL,SERVER_CPU,PYTHON_FIXED_MODEL_WALL,1,SUCCESS,5281,14,27,27,,,0.005295149981975555,0.005295149981975555,,
16,18,0x8983f102,0x43fb6183,SOFTWARE_K4H4,SERVER_CPU,PYTHON_FIXED_MODEL_WALL,1,SUCCESS,5281,14,27,9,,,0.00392363709397614,0.00392363709397614,,
16,18,0x8983f102,0x43fb6183,SOFTWARE_K3H3,SERVER_CPU,PYTHON_FIXED_MODEL_WALL,1,SUCCESS,5281,14,27,9,,,0.003780914004892111,0.003780914004892111,,
16,19,0xb671aa78,0xc97ad8a2,NUMPY_FLOAT64,SERVER_CPU,NUMPY_CORE_ONLY,1,SUCCESS,3947,16,35,,,,0.0024520803708583117,0.005580574972555041,,
16,19,0xb671aa78,0xc97ad8a2,QISKIT_AER_STATEVECTOR,SERVER_CPU,AER_EXECUTION_ONLY,1,SUCCESS,3947,16,35,,,,0.43393567530438304,0.44113792502321303,0.0,0.0
16,19,0xb671aa78,0xc97ad8a2,RTL_FIXED_NORMAL,SERVER_CPU,PYTHON_FIXED_MODEL_WALL,1,SUCCESS,10931,21,82,82,,,0.011696316068992019,0.011696316068992019,,
16,19,0xb671aa78,0xc97ad8a2,SOFTWARE_K4H4,SERVER_CPU,PYTHON_FIXED_MODEL_WALL,1,SUCCESS,10931,21,82,28,,,0.007292540045455098,0.007292540045455098,,
16,19,0xb671aa78,0xc97ad8a2,SOFTWARE_K3H3,SERVER_CPU,PYTHON_FIXED_MODEL_WALL,1,SUCCESS,10931,21,82,33,,,0.007497744867578149,0.007497744867578149,,
16,20,0xdaeb566a,0x989e5b3d,NUMPY_FLOAT64,SERVER_CPU,NUMPY_CORE_ONLY,1,SUCCESS,5281,22,112,,,,0.006297178100794554,0.010457873111590743,,
16,20,0xdaeb566a,0x989e5b3d,QISKIT_AER_STATEVECTOR,SERVER_CPU,AER_EXECUTION_ONLY,1,SUCCESS,5281,22,112,,,,1.456398932961747,3.155040177050978,0.6590237678028643,0.9135984277818352
16,20,0xdaeb566a,0x989e5b3d,RTL_FIXED_NORMAL,SERVER_CPU,PYTHON_FIXED_MODEL_WALL,1,SUCCESS,10931,17,58,58,,,0.00999572896398604,0.00999572896398604,,
16,20,0xdaeb566a,0x989e5b3d,SOFTWARE_K4H4,SERVER_CPU,PYTHON_FIXED_MODEL_WALL,1,SUCCESS,10931,17,58,13,,,0.0052668810822069645,0.0052668810822069645,,
16,20,0xdaeb566a,0x989e5b3d,SOFTWARE_K3H3,SERVER_CPU,PYTHON_FIXED_MODEL_WALL,1,SUCCESS,10931,17,58,13,,,0.004921906162053347,0.004921906162053347,,
16,21,0xf6181c00,0xa345ac4b,NUMPY_FLOAT64,SERVER_CPU,NUMPY_CORE_ONLY,1,SUCCESS,10931,19,67,,,,0.00402599573135376,0.007684831973165274,,
16,21,0xf6181c00,0xa345ac4b,QISKIT_AER_STATEVECTOR,SERVER_CPU,AER_EXECUTION_ONLY,1,SUCCESS,10931,19,67,,,,0.9067913724575192,1.4807821782305837,0.2553543150424957,0.2538050131406635
16,21,0xf6181c00,0xa345ac4b,RTL_FIXED_NORMAL,SERVER_CPU,PYTHON_FIXED_MODEL_WALL,1,SUCCESS,7786,19,67,67,,,0.013337716925889254,0.013337716925889254,,
16,21,0xf6181c00,0xa345ac4b,SOFTWARE_K4H4,SERVER_CPU,PYTHON_FIXED_MODEL_WALL,1,SUCCESS,7786,19,67,15,,,0.006017033010721207,0.006017033010721207,,
16,21,0xf6181c00,0xa345ac4b,SOFTWARE_K3H3,SERVER_CPU,PYTHON_FIXED_MODEL_WALL,1,SUCCESS,7786,19,67,18,,,0.005620831856504083,0.005620831856504083,,
16,22,0x4e18d852,0xa08980df,NUMPY_FLOAT64,SERVER_CPU,NUMPY_CORE_ONLY,1,SUCCESS,491,15,37,,,,0.0025694849900901318,0.0054341270588338375,,
16,22,0x4e18d852,0xa08980df,QISKIT_AER_STATEVECTOR,SERVER_CPU,AER_EXECUTION_ONLY,1,SUCCESS,491,15,37,,,,0.44259571633301675,0.4495951230637729,0.0,0.0
16,22,0x4e18d852,0xa08980df,RTL_FIXED_NORMAL,SERVER_CPU,PYTHON_FIXED_MODEL_WALL,1,SUCCESS,491,15,37,37,,,0.0065824000630527735,0.0065824000630527735,,
16,22,0x4e18d852,0xa08980df,SOFTWARE_K4H4,SERVER_CPU,PYTHON_FIXED_MODEL_WALL,1,SUCCESS,491,15,37,9,,,0.004632933996617794,0.004632933996617794,,
16,22,0x4e18d852,0xa08980df,SOFTWARE_K3H3,SERVER_CPU,PYTHON_FIXED_MODEL_WALL,1,SUCCESS,491,15,37,9,,,0.004686315078288317,0.004686315078288317,,
16,23,0xa035ceba,0x611de4c4,NUMPY_FLOAT64,SERVER_CPU,NUMPY_CORE_ONLY,1,SUCCESS,8685,12,21,,,,0.001591645646840334,0.003927759826183319,,
16,23,0xa035ceba,0x611de4c4,QISKIT_AER_STATEVECTOR,SERVER_CPU,AER_EXECUTION_ONLY,1,SUCCESS,8685,12,21,,,,0.33361326972953975,0.34045344195328653,0.0,0.0
16,23,0xa035ceba,0x611de4c4,RTL_FIXED_NORMAL,SERVER_CPU,PYTHON_FIXED_MODEL_WALL,1,SUCCESS,8685,12,21,21,,,0.004713431000709534,0.004713431000709534,,
16,23,0xa035ceba,0x611de4c4,SOFTWARE_K4H4,SERVER_CPU,PYTHON_FIXED_MODEL_WALL,1,SUCCESS,8685,12,21,7,,,0.0035183250438421965,0.0035183250438421965,,
16,23,0xa035ceba,0x611de4c4,SOFTWARE_K3H3,SERVER_CPU,PYTHON_FIXED_MODEL_WALL,1,SUCCESS,8685,12,21,7,,,0.0034313190262764692,0.0034313190262764692,,
16,24,0xc2416ee4,0x7323f479,NUMPY_FLOAT64,SERVER_CPU,NUMPY_CORE_ONLY,1,SUCCESS,1721,18,73,,,,0.004304492613300681,0.007721999892964959,,
16,24,0xc2416ee4,0x7323f479,QISKIT_AER_STATEVECTOR,SERVER_CPU,AER_EXECUTION_ONLY,1,SUCCESS,1721,18,73,,,,0.8878891568165272,0.897130903089419,0.0,0.0
16,24,0xc2416ee4,0x7323f479,RTL_FIXED_NORMAL,SERVER_CPU,PYTHON_FIXED_MODEL_WALL,1,SUCCESS,7786,16,47,47,,,0.007693797815591097,0.007693797815591097,,
16,24,0xc2416ee4,0x7323f479,SOFTWARE_K4H4,SERVER_CPU,PYTHON_FIXED_MODEL_WALL,1,SUCCESS,7786,16,47,12,,,0.005319045856595039,0.005319045856595039,,
16,24,0xc2416ee4,0x7323f479,SOFTWARE_K3H3,SERVER_CPU,PYTHON_FIXED_MODEL_WALL,1,SUCCESS,7786,16,47,15,,,0.0050677829422056675,0.0050677829422056675,,
16,25,0xfbdafbdd,0xa0c0cf2f,NUMPY_FLOAT64,SERVER_CPU,NUMPY_CORE_ONLY,1,SUCCESS,491,9,6,,,,0.0007331832312047482,0.0024994241539388895,,
16,25,0xfbdafbdd,0xa0c0cf2f,QISKIT_AER_STATEVECTOR,SERVER_CPU,AER_EXECUTION_ONLY,1,SUCCESS,491,9,6,,,,0.0900937500409782,0.0948383929207921,0.0,0.0
16,25,0xfbdafbdd,0xa0c0cf2f,RTL_FIXED_NORMAL,SERVER_CPU,PYTHON_FIXED_MODEL_WALL,1,SUCCESS,491,9,6,6,,,0.0031136050820350647,0.0031136050820350647,,
16,25,0xfbdafbdd,0xa0c0cf2f,SOFTWARE_K4H4,SERVER_CPU,PYTHON_FIXED_MODEL_WALL,1,SUCCESS,491,9,6,2,,,0.0021903461311012506,0.0021903461311012506,,
16,25,0xfbdafbdd,0xa0c0cf2f,SOFTWARE_K3H3,SERVER_CPU,PYTHON_FIXED_MODEL_WALL,1,SUCCESS,491,9,6,2,,,0.0020238589495420456,0.0020238589495420456,,
16,26,0xa43fbf47,0x8de97b10,NUMPY_FLOAT64,SERVER_CPU,NUMPY_CORE_ONLY,1,SUCCESS,4512,15,29,,,,0.002341423649340868,0.005687002092599869,,
16,26,0xa43fbf47,0x8de97b10,QISKIT_AER_STATEVECTOR,SERVER_CPU,AER_EXECUTION_ONLY,1,SUCCESS,4512,15,29,,,,0.3993150619789958,0.40663949702866375,0.0,0.0
16,26,0xa43fbf47,0x8de97b10,RTL_FIXED_NORMAL,SERVER_CPU,PYTHON_FIXED_MODEL_WALL,1,SUCCESS,4512,15,29,29,,,0.006006582174450159,0.006006582174450159,,
16,26,0xa43fbf47,0x8de97b10,SOFTWARE_K4H4,SERVER_CPU,PYTHON_FIXED_MODEL_WALL,1,SUCCESS,4512,15,29,10,,,0.004082388011738658,0.004082388011738658,,
16,26,0xa43fbf47,0x8de97b10,SOFTWARE_K3H3,SERVER_CPU,PYTHON_FIXED_MODEL_WALL,1,SUCCESS,4512,15,29,10,,,0.004050300922244787,0.004050300922244787,,
16,27,0x6811f7c1,0xcb07044a,NUMPY_FLOAT64,SERVER_CPU,NUMPY_CORE_ONLY,1,SUCCESS,3947,14,32,,,,0.002203029813244939,0.005048607941716909,,
16,27,0x6811f7c1,0xcb07044a,QISKIT_AER_STATEVECTOR,SERVER_CPU,AER_EXECUTION_ONLY,1,SUCCESS,3947,14,32,,,,0.4544968120753765,0.4612748238723725,0.0,0.0
16,27,0x6811f7c1,0xcb07044a,RTL_FIXED_NORMAL,SERVER_CPU,PYTHON_FIXED_MODEL_WALL,1,SUCCESS,3947,14,32,32,,,0.00671324715949595,0.00671324715949595,,
16,27,0x6811f7c1,0xcb07044a,SOFTWARE_K4H4,SERVER_CPU,PYTHON_FIXED_MODEL_WALL,1,SUCCESS,3947,14,32,10,,,0.0041342179756611586,0.0041342179756611586,,
16,27,0x6811f7c1,0xcb07044a,SOFTWARE_K3H3,SERVER_CPU,PYTHON_FIXED_MODEL_WALL,1,SUCCESS,3947,14,32,10,,,0.004405477084219456,0.004405477084219456,,
16,28,0x610dde2c,0x8cf5deb9,NUMPY_FLOAT64,SERVER_CPU,NUMPY_CORE_ONLY,1,SUCCESS,5281,11,17,,,,0.0013582378160208464,0.003549902932718396,,
16,28,0x610dde2c,0x8cf5deb9,QISKIT_AER_STATEVECTOR,SERVER_CPU,AER_EXECUTION_ONLY,1,SUCCESS,5281,11,17,,,,0.25342835509218276,0.259801534935832,0.0,0.0
16,28,0x610dde2c,0x8cf5deb9,RTL_FIXED_NORMAL,SERVER_CPU,PYTHON_FIXED_MODEL_WALL,1,SUCCESS,5281,11,17,17,,,0.005916599882766604,0.005916599882766604,,
16,28,0x610dde2c,0x8cf5deb9,SOFTWARE_K4H4,SERVER_CPU,PYTHON_FIXED_MODEL_WALL,1,SUCCESS,5281,11,17,5,,,0.003327762009575963,0.003327762009575963,,
16,28,0x610dde2c,0x8cf5deb9,SOFTWARE_K3H3,SERVER_CPU,PYTHON_FIXED_MODEL_WALL,1,SUCCESS,5281,11,17,5,,,0.002843867987394333,0.002843867987394333,,
16,29,0x82241b87,0xbbe27f39,NUMPY_FLOAT64,SERVER_CPU,NUMPY_CORE_ONLY,1,SUCCESS,5281,18,62,,,,0.003932195017114282,0.007326476043090224,,
16,29,0x82241b87,0xbbe27f39,QISKIT_AER_STATEVECTOR,SERVER_CPU,AER_EXECUTION_ONLY,1,SUCCESS,5281,18,62,,,,0.7664655968546867,1.4173954841680825,0.32878035586327314,0.2739619251806289
16,29,0x82241b87,0xbbe27f39,RTL_FIXED_NORMAL,SERVER_CPU,PYTHON_FIXED_MODEL_WALL,1,SUCCESS,7786,14,30,30,,,0.0071321099530905485,0.0071321099530905485,,
16,29,0x82241b87,0xbbe27f39,SOFTWARE_K4H4,SERVER_CPU,PYTHON_FIXED_MODEL_WALL,1,SUCCESS,7786,14,30,6,,,0.004050126997753978,0.004050126997753978,,
16,29,0x82241b87,0xbbe27f39,SOFTWARE_K3H3,SERVER_CPU,PYTHON_FIXED_MODEL_WALL,1,SUCCESS,7786,14,30,6,,,0.003513455856591463,0.003513455856591463,,
16,30,0x48647490,0xea9551eb,NUMPY_FLOAT64,SERVER_CPU,NUMPY_CORE_ONLY,1,SUCCESS,1721,19,63,,,,0.003949180478230119,0.007621085038408637,,
16,30,0x48647490,0xea9551eb,QISKIT_AER_STATEVECTOR,SERVER_CPU,AER_EXECUTION_ONLY,1,SUCCESS,1721,19,63,,,,0.8399198586121202,1.6127844019792974,0.3783502799924463,0.30734045896679163
16,30,0x48647490,0xea9551eb,RTL_FIXED_NORMAL,SERVER_CPU,PYTHON_FIXED_MODEL_WALL,1,SUCCESS,3947,15,26,26,,,0.006577369058504701,0.006577369058504701,,
16,30,0x48647490,0xea9551eb,SOFTWARE_K4H4,SERVER_CPU,PYTHON_FIXED_MODEL_WALL,1,SUCCESS,3947,15,26,7,,,0.00455860304646194,0.00455860304646194,,
16,30,0x48647490,0xea9551eb,SOFTWARE_K3H3,SERVER_CPU,PYTHON_FIXED_MODEL_WALL,1,SUCCESS,3947,15,26,7,,,0.0036582457832992077,0.0036582457832992077,,
16,31,0x63df3b7f,0xa8b057e1,NUMPY_FLOAT64,SERVER_CPU,NUMPY_CORE_ONLY,1,SUCCESS,507,17,57,,,,0.003610551357269287,0.006825675955042243,,
16,31,0x63df3b7f,0xa8b057e1,QISKIT_AER_STATEVECTOR,SERVER_CPU,AER_EXECUTION_ONLY,1,SUCCESS,507,17,57,,,,0.7511696994770318,0.7603287170641124,0.0,0.0
16,31,0x63df3b7f,0xa8b057e1,RTL_FIXED_NORMAL,SERVER_CPU,PYTHON_FIXED_MODEL_WALL,1,SUCCESS,2852,14,35,35,,,0.009748208103701472,0.009748208103701472,,
16,31,0x63df3b7f,0xa8b057e1,SOFTWARE_K4H4,SERVER_CPU,PYTHON_FIXED_MODEL_WALL,1,SUCCESS,2852,14,35,9,,,0.004670378984883428,0.004670378984883428,,
16,31,0x63df3b7f,0xa8b057e1,SOFTWARE_K3H3,SERVER_CPU,PYTHON_FIXED_MODEL_WALL,1,SUCCESS,2852,14,35,9,,,0.004554264014586806,0.004554264014586806,,
16,32,0x433125bb,0x3221fef0,NUMPY_FLOAT64,SERVER_CPU,NUMPY_CORE_ONLY,1,SUCCESS,10839,16,35,,,,0.002661164617165923,0.006250326056033373,,
16,32,0x433125bb,0x3221fef0,QISKIT_AER_STATEVECTOR,SERVER_CPU,AER_EXECUTION_ONLY,1,SUCCESS,10839,16,35,,,,0.43603407591581345,0.44394259504042566,0.0,0.0
16,32,0x433125bb,0x3221fef0,RTL_FIXED_NORMAL,SERVER_CPU,PYTHON_FIXED_MODEL_WALL,1,SUCCESS,5281,21,70,70,,,0.010903894901275635,0.010903894901275635,,
16,32,0x433125bb,0x3221fef0,SOFTWARE_K4H4,SERVER_CPU,PYTHON_FIXED_MODEL_WALL,1,SUCCESS,5281,21,70,25,,,0.007128815166652203,0.007128815166652203,,
16,32,0x433125bb,0x3221fef0,SOFTWARE_K3H3,SERVER_CPU,PYTHON_FIXED_MODEL_WALL,1,SUCCESS,5281,21,70,26,,,0.006847285898402333,0.006847285898402333,,
16,33,0x7943be40,0x6641ee79,NUMPY_FLOAT64,SERVER_CPU,NUMPY_CORE_ONLY,1,SUCCESS,491,13,23,,,,0.001739604864269495,0.004225500859320164,,
16,33,0x7943be40,0x6641ee79,QISKIT_AER_STATEVECTOR,SERVER_CPU,AER_EXECUTION_ONLY,1,SUCCESS,491,13,23,,,,0.32000531116500497,0.3265993339009583,0.0,0.0
16,33,0x7943be40,0x6641ee79,RTL_FIXED_NORMAL,SERVER_CPU,PYTHON_FIXED_MODEL_WALL,1,SUCCESS,491,13,23,23,,,0.00722280889749527,0.00722280889749527,,
16,33,0x7943be40,0x6641ee79,SOFTWARE_K4H4,SERVER_CPU,PYTHON_FIXED_MODEL_WALL,1,SUCCESS,491,13,23,6,,,0.0033813470508903265,0.0033813470508903265,,
16,33,0x7943be40,0x6641ee79,SOFTWARE_K3H3,SERVER_CPU,PYTHON_FIXED_MODEL_WALL,1,SUCCESS,491,13,23,6,,,0.0032871949952095747,0.0032871949952095747,,
16,34,0x26c93252,0x675d2908,NUMPY_FLOAT64,SERVER_CPU,NUMPY_CORE_ONLY,1,SUCCESS,8685,11,17,,,,0.0017090740147978067,0.004135982133448124,,
16,34,0x26c93252,0x675d2908,QISKIT_AER_STATEVECTOR,SERVER_CPU,AER_EXECUTION_ONLY,1,SUCCESS,8685,11,17,,,,0.23156503960490227,0.23773798206821084,0.0,0.0
16,34,0x26c93252,0x675d2908,RTL_FIXED_NORMAL,SERVER_CPU,PYTHON_FIXED_MODEL_WALL,1,SUCCESS,8685,11,17,17,,,0.004384390078485012,0.004384390078485012,,
16,34,0x26c93252,0x675d2908,SOFTWARE_K4H4,SERVER_CPU,PYTHON_FIXED_MODEL_WALL,1,SUCCESS,8685,11,17,4,,,0.0038867180701345205,0.0038867180701345205,,
16,34,0x26c93252,0x675d2908,SOFTWARE_K3H3,SERVER_CPU,PYTHON_FIXED_MODEL_WALL,1,SUCCESS,8685,11,17,4,,,0.0032307978253811598,0.0032307978253811598,,
16,35,0xdbe3ed49,0xa7cfea56,NUMPY_FLOAT64,SERVER_CPU,NUMPY_CORE_ONLY,1,SUCCESS,10593,15,30,,,,0.00218680570833385,0.005075832130387425,,
16,35,0xdbe3ed49,0xa7cfea56,QISKIT_AER_STATEVECTOR,SERVER_CPU,AER_EXECUTION_ONLY,1,SUCCESS,10593,15,30,,,,0.41965348506346345,0.4279887820594013,0.0,0.0
16,35,0xdbe3ed49,0xa7cfea56,RTL_FIXED_NORMAL,SERVER_CPU,PYTHON_FIXED_MODEL_WALL,1,SUCCESS,10593,15,30,30,,,0.0063623180612921715,0.0063623180612921715,,
16,35,0xdbe3ed49,0xa7cfea56,SOFTWARE_K4H4,SERVER_CPU,PYTHON_FIXED_MODEL_WALL,1,SUCCESS,10593,15,30,12,,,0.005007195984944701,0.005007195984944701,,
16,35,0xdbe3ed49,0xa7cfea56,SOFTWARE_K3H3,SERVER_CPU,PYTHON_FIXED_MODEL_WALL,1,SUCCESS,10593,15,30,12,,,0.00486954185180366,0.00486954185180366,,
16,36,0xc2ec9bb4,0xbfc0ae9e,NUMPY_FLOAT64,SERVER_CPU,NUMPY_CORE_ONLY,1,SUCCESS,10931,7,5,,,,0.000604656059294939,0.001983094960451126,,
16,36,0xc2ec9bb4,0xbfc0ae9e,QISKIT_AER_STATEVECTOR,SERVER_CPU,AER_EXECUTION_ONLY,1,SUCCESS,10931,7,5,,,,0.0781538081355393,0.08140802104026079,0.0,0.0
16,36,0xc2ec9bb4,0xbfc0ae9e,RTL_FIXED_NORMAL,SERVER_CPU,PYTHON_FIXED_MODEL_WALL,1,SUCCESS,10931,7,5,5,,,0.0031648289877921343,0.0031648289877921343,,
16,36,0xc2ec9bb4,0xbfc0ae9e,SOFTWARE_K4H4,SERVER_CPU,PYTHON_FIXED_MODEL_WALL,1,SUCCESS,10931,7,5,2,,,0.0017799390479922295,0.0017799390479922295,,
16,36,0xc2ec9bb4,0xbfc0ae9e,SOFTWARE_K3H3,SERVER_CPU,PYTHON_FIXED_MODEL_WALL,1,SUCCESS,10931,7,5,2,,,0.0017682588659226894,0.0017682588659226894,,
16,37,0xe7ec8559,0x307064ac,NUMPY_FLOAT64,SERVER_CPU,NUMPY_CORE_ONLY,1,SUCCESS,491,2,1,,,,0.00019249576143920422,0.0006902418099343777,,
16,37,0xe7ec8559,0x307064ac,QISKIT_AER_STATEVECTOR,SERVER_CPU,AER_EXECUTION_ONLY,1,SUCCESS,491,2,1,,,,0.01257996796630323,0.013510555028915405,0.0,0.0
16,37,0xe7ec8559,0x307064ac,RTL_FIXED_NORMAL,SERVER_CPU,PYTHON_FIXED_MODEL_WALL,1,SUCCESS,491,2,1,1,,,0.0007184380665421486,0.0007184380665421486,,
16,37,0xe7ec8559,0x307064ac,SOFTWARE_K4H4,SERVER_CPU,PYTHON_FIXED_MODEL_WALL,1,SUCCESS,491,2,1,1,,,0.0007293641101568937,0.0007293641101568937,,
16,37,0xe7ec8559,0x307064ac,SOFTWARE_K3H3,SERVER_CPU,PYTHON_FIXED_MODEL_WALL,1,SUCCESS,491,2,1,1,,,0.0006855020765215158,0.0006855020765215158,,
16,38,0xccb88b54,0x2cf00158,NUMPY_FLOAT64,SERVER_CPU,NUMPY_CORE_ONLY,1,SUCCESS,15288,15,40,,,,0.0029081134125590324,0.005903318990021944,,
16,38,0xccb88b54,0x2cf00158,QISKIT_AER_STATEVECTOR,SERVER_CPU,AER_EXECUTION_ONLY,1,SUCCESS,15288,15,40,,,,0.49512010742910206,0.502983083948493,0.0,0.0
16,38,0xccb88b54,0x2cf00158,RTL_FIXED_NORMAL,SERVER_CPU,PYTHON_FIXED_MODEL_WALL,1,SUCCESS,15288,15,40,40,,,0.008113848976790905,0.008113848976790905,,
16,38,0xccb88b54,0x2cf00158,SOFTWARE_K4H4,SERVER_CPU,PYTHON_FIXED_MODEL_WALL,1,SUCCESS,15288,15,40,9,,,0.005222463048994541,0.005222463048994541,,
16,38,0xccb88b54,0x2cf00158,SOFTWARE_K3H3,SERVER_CPU,PYTHON_FIXED_MODEL_WALL,1,SUCCESS,15288,15,40,9,,,0.00459101889282465,0.00459101889282465,,
16,39,0xb512e6a4,0x2b9e708c,NUMPY_FLOAT64,SERVER_CPU,NUMPY_CORE_ONLY,1,SUCCESS,1721,18,71,,,,0.005234960932284594,0.009067016886547208,,
16,39,0xb512e6a4,0x2b9e708c,QISKIT_AER_STATEVECTOR,SERVER_CPU,AER_EXECUTION_ONLY,1,SUCCESS,1721,18,71,,,,0.8819174275267869,1.6364567140117288,0.35060682496987283,0.34101863903924823
16,39,0xb512e6a4,0x2b9e708c,RTL_FIXED_NORMAL,SERVER_CPU,PYTHON_FIXED_MODEL_WALL,1,SUCCESS,15288,18,71,71,,,0.010439880890771747,0.010439880890771747,,
16,39,0xb512e6a4,0x2b9e708c,SOFTWARE_K4H4,SERVER_CPU,PYTHON_FIXED_MODEL_WALL,1,SUCCESS,15288,18,71,22,,,0.006409560097381473,0.006409560097381473,,
16,39,0xb512e6a4,0x2b9e708c,SOFTWARE_K3H3,SERVER_CPU,PYTHON_FIXED_MODEL_WALL,1,SUCCESS,15288,18,71,22,,,0.0061860710848122835,0.0061860710848122835,,
16,40,0x7e2c3d82,0xa69fb195,NUMPY_FLOAT64,SERVER_CPU,NUMPY_CORE_ONLY,1,SUCCESS,507,18,48,,,,0.003252317663282156,0.006788918981328607,,
16,40,0x7e2c3d82,0xa69fb195,QISKIT_AER_STATEVECTOR,SERVER_CPU,AER_EXECUTION_ONLY,1,SUCCESS,507,18,48,,,,0.6584056785795838,0.6682026830967516,0.0,0.0
16,40,0x7e2c3d82,0xa69fb195,RTL_FIXED_NORMAL,SERVER_CPU,PYTHON_FIXED_MODEL_WALL,1,SUCCESS,507,18,48,48,,,0.00823701685294509,0.00823701685294509,,
16,40,0x7e2c3d82,0xa69fb195,SOFTWARE_K4H4,SERVER_CPU,PYTHON_FIXED_MODEL_WALL,1,SUCCESS,507,18,48,13,,,0.0052775610238313675,0.0052775610238313675,,
16,40,0x7e2c3d82,0xa69fb195,SOFTWARE_K3H3,SERVER_CPU,PYTHON_FIXED_MODEL_WALL,1,SUCCESS,507,18,48,13,,,0.005087584024295211,0.005087584024295211,,
16,41,0x58b3e5ad,0x23a21253,NUMPY_FLOAT64,SERVER_CPU,NUMPY_CORE_ONLY,1,SUCCESS,3947,14,29,,,,0.002058937679976225,0.004734999034553766,,
16,41,0x58b3e5ad,0x23a21253,QISKIT_AER_STATEVECTOR,SERVER_CPU,AER_EXECUTION_ONLY,1,SUCCESS,3947,14,29,,,,0.3541945570614189,0.36166119994595647,0.0,0.0
16,41,0x58b3e5ad,0x23a21253,RTL_FIXED_NORMAL,SERVER_CPU,PYTHON_FIXED_MODEL_WALL,1,SUCCESS,491,14,29,29,,,0.006064184010028839,0.006064184010028839,,
16,41,0x58b3e5ad,0x23a21253,SOFTWARE_K4H4,SERVER_CPU,PYTHON_FIXED_MODEL_WALL,1,SUCCESS,491,14,29,9,,,0.004007986048236489,0.004007986048236489,,
16,41,0x58b3e5ad,0x23a21253,SOFTWARE_K3H3,SERVER_CPU,PYTHON_FIXED_MODEL_WALL,1,SUCCESS,491,14,29,9,,,0.004022279055789113,0.004022279055789113,,
16,42,0x9a07c40b,0x3ea78d8c,NUMPY_FLOAT64,SERVER_CPU,NUMPY_CORE_ONLY,1,SUCCESS,3947,16,49,,,,0.0032377142924815416,0.006556501844897866,,
16,42,0x9a07c40b,0x3ea78d8c,QISKIT_AER_STATEVECTOR,SERVER_CPU,AER_EXECUTION_ONLY,1,SUCCESS,3947,16,49,,,,0.5273299859836698,0.5345027670264244,0.0,0.0
16,42,0x9a07c40b,0x3ea78d8c,RTL_FIXED_NORMAL,SERVER_CPU,PYTHON_FIXED_MODEL_WALL,1,SUCCESS,4512,17,57,57,,,0.009105595061555505,0.009105595061555505,,
16,42,0x9a07c40b,0x3ea78d8c,SOFTWARE_K4H4,SERVER_CPU,PYTHON_FIXED_MODEL_WALL,1,SUCCESS,4512,17,57,15,,,0.0051235121209174395,0.0051235121209174395,,
16,42,0x9a07c40b,0x3ea78d8c,SOFTWARE_K3H3,SERVER_CPU,PYTHON_FIXED_MODEL_WALL,1,SUCCESS,4512,17,57,15,,,0.005049057072028518,0.005049057072028518,,
16,43,0xf1f9a54b,0x7b00db61,NUMPY_FLOAT64,SERVER_CPU,NUMPY_CORE_ONLY,1,SUCCESS,10839,8,6,,,,0.0007214706856757402,0.0024786810390651226,,
16,43,0xf1f9a54b,0x7b00db61,QISKIT_AER_STATEVECTOR,SERVER_CPU,AER_EXECUTION_ONLY,1,SUCCESS,10839,8,6,,,,0.07217438006773591,0.07553793303668499,0.0,0.0
16,43,0xf1f9a54b,0x7b00db61,RTL_FIXED_NORMAL,SERVER_CPU,PYTHON_FIXED_MODEL_WALL,1,SUCCESS,10839,8,6,6,,,0.002409239998087287,0.002409239998087287,,
16,43,0xf1f9a54b,0x7b00db61,SOFTWARE_K4H4,SERVER_CPU,PYTHON_FIXED_MODEL_WALL,1,SUCCESS,10839,8,6,3,,,0.0021551749669015408,0.0021551749669015408,,
16,43,0xf1f9a54b,0x7b00db61,SOFTWARE_K3H3,SERVER_CPU,PYTHON_FIXED_MODEL_WALL,1,SUCCESS,10839,8,6,3,,,0.0019928698893636465,0.0019928698893636465,,
16,44,0xfba6212d,0xb8b8356a,NUMPY_FLOAT64,SERVER_CPU,NUMPY_CORE_ONLY,1,SUCCESS,7786,19,74,,,,0.004392201080918312,0.007985165109857917,,
16,44,0xfba6212d,0xb8b8356a,QISKIT_AER_STATEVECTOR,SERVER_CPU,AER_EXECUTION_ONLY,1,SUCCESS,7786,19,74,,,,0.9534212774597108,0.9639021020848304,0.0,0.0
16,44,0xfba6212d,0xb8b8356a,RTL_FIXED_NORMAL,SERVER_CPU,PYTHON_FIXED_MODEL_WALL,1,SUCCESS,2852,20,93,93,,,0.012803459074348211,0.012803459074348211,,
16,44,0xfba6212d,0xb8b8356a,SOFTWARE_K4H4,SERVER_CPU,PYTHON_FIXED_MODEL_WALL,1,SUCCESS,2852,20,93,20,,,0.006716408068314195,0.006716408068314195,,
16,44,0xfba6212d,0xb8b8356a,SOFTWARE_K3H3,SERVER_CPU,PYTHON_FIXED_MODEL_WALL,1,SUCCESS,2852,20,93,21,,,0.006337503902614117,0.006337503902614117,,
16,45,0x1ca60615,0xd753b84a,NUMPY_FLOAT64,SERVER_CPU,NUMPY_CORE_ONLY,1,SUCCESS,10931,17,50,,,,0.0032091625034809113,0.006443108897656202,,
16,45,0x1ca60615,0xd753b84a,QISKIT_AER_STATEVECTOR,SERVER_CPU,AER_EXECUTION_ONLY,1,SUCCESS,10931,17,50,,,,0.6179045217577368,0.6267633850220591,0.0,0.0
16,45,0x1ca60615,0xd753b84a,RTL_FIXED_NORMAL,SERVER_CPU,PYTHON_FIXED_MODEL_WALL,1,SUCCESS,7786,12,21,21,,,0.00507024209946394,0.00507024209946394,,
16,45,0x1ca60615,0xd753b84a,SOFTWARE_K4H4,SERVER_CPU,PYTHON_FIXED_MODEL_WALL,1,SUCCESS,7786,12,21,7,,,0.003479404142126441,0.003479404142126441,,
16,45,0x1ca60615,0xd753b84a,SOFTWARE_K3H3,SERVER_CPU,PYTHON_FIXED_MODEL_WALL,1,SUCCESS,7786,12,21,7,,,0.003270471002906561,0.003270471002906561,,
16,46,0xa085c93e,0x19b8504d,NUMPY_FLOAT64,SERVER_CPU,NUMPY_CORE_ONLY,1,SUCCESS,507,18,68,,,,0.0040953513234853745,0.0076825302094221115,,
16,46,0xa085c93e,0x19b8504d,QISKIT_AER_STATEVECTOR,SERVER_CPU,AER_EXECUTION_ONLY,1,SUCCESS,507,18,68,,,,0.9840942833106965,0.9946616080123931,0.0,0.0
16,46,0xa085c93e,0x19b8504d,RTL_FIXED_NORMAL,SERVER_CPU,PYTHON_FIXED_MODEL_WALL,1,SUCCESS,5281,18,68,68,,,0.011089448118582368,0.011089448118582368,,
16,46,0xa085c93e,0x19b8504d,SOFTWARE_K4H4,SERVER_CPU,PYTHON_FIXED_MODEL_WALL,1,SUCCESS,5281,18,68,17,,,0.006432527210563421,0.006432527210563421,,
16,46,0xa085c93e,0x19b8504d,SOFTWARE_K3H3,SERVER_CPU,PYTHON_FIXED_MODEL_WALL,1,SUCCESS,5281,18,68,18,,,0.006974297109991312,0.006974297109991312,,
16,47,0x18190603,0xad0438b2,NUMPY_FLOAT64,SERVER_CPU,NUMPY_CORE_ONLY,1,SUCCESS,1801,15,30,,,,0.002337572630494833,0.005442077061161399,,
16,47,0x18190603,0xad0438b2,QISKIT_AER_STATEVECTOR,SERVER_CPU,AER_EXECUTION_ONLY,1,SUCCESS,1801,15,30,,,,0.3574671547394246,0.3642605161294341,0.0,0.0
16,47,0x18190603,0xad0438b2,RTL_FIXED_NORMAL,SERVER_CPU,PYTHON_FIXED_MODEL_WALL,1,SUCCESS,1801,15,30,30,,,0.006549903890118003,0.006549903890118003,,
16,47,0x18190603,0xad0438b2,SOFTWARE_K4H4,SERVER_CPU,PYTHON_FIXED_MODEL_WALL,1,SUCCESS,1801,15,30,12,,,0.0049010030925273895,0.0049010030925273895,,
16,47,0x18190603,0xad0438b2,SOFTWARE_K3H3,SERVER_CPU,PYTHON_FIXED_MODEL_WALL,1,SUCCESS,1801,15,30,13,,,0.004730467917397618,0.004730467917397618,,
16,48,0xc1143c78,0xbbdab3cd,NUMPY_FLOAT64,SERVER_CPU,NUMPY_CORE_ONLY,1,SUCCESS,15288,13,13,,,,0.0012606002856045961,0.003935330081731081,,
16,48,0xc1143c78,0xbbdab3cd,QISKIT_AER_STATEVECTOR,SERVER_CPU,AER_EXECUTION_ONLY,1,SUCCESS,15288,13,13,,,,0.14697080641053617,0.15292048291303217,0.0,0.0
16,48,0xc1143c78,0xbbdab3cd,RTL_FIXED_NORMAL,SERVER_CPU,PYTHON_FIXED_MODEL_WALL,1,SUCCESS,15288,13,13,13,,,0.003858644049614668,0.003858644049614668,,
16,48,0xc1143c78,0xbbdab3cd,SOFTWARE_K4H4,SERVER_CPU,PYTHON_FIXED_MODEL_WALL,1,SUCCESS,15288,13,13,6,,,0.0032870499417185783,0.0032870499417185783,,
16,48,0xc1143c78,0xbbdab3cd,SOFTWARE_K3H3,SERVER_CPU,PYTHON_FIXED_MODEL_WALL,1,SUCCESS,15288,13,13,6,,,0.0032052150927484035,0.0032052150927484035,,
16,49,0x332063fc,0x222ba57c,NUMPY_FLOAT64,SERVER_CPU,NUMPY_CORE_ONLY,1,SUCCESS,4512,18,52,,,,0.0033127986826002598,0.006813263986259699,,
16,49,0x332063fc,0x222ba57c,QISKIT_AER_STATEVECTOR,SERVER_CPU,AER_EXECUTION_ONLY,1,SUCCESS,4512,18,52,,,,0.7164921422954649,0.7251503251027316,0.0,0.0
16,49,0x332063fc,0x222ba57c,RTL_FIXED_NORMAL,SERVER_CPU,PYTHON_FIXED_MODEL_WALL,1,SUCCESS,15288,16,44,44,,,0.008738985983654857,0.008738985983654857,,
16,49,0x332063fc,0x222ba57c,SOFTWARE_K4H4,SERVER_CPU,PYTHON_FIXED_MODEL_WALL,1,SUCCESS,15288,16,44,12,,,0.004678150173276663,0.004678150173276663,,
16,49,0x332063fc,0x222ba57c,SOFTWARE_K3H3,SERVER_CPU,PYTHON_FIXED_MODEL_WALL,1,SUCCESS,15288,16,44,12,,,0.0044758610893040895,0.0044758610893040895,,
16,50,0xd6f4066b,0xab9eb714,NUMPY_FLOAT64,SERVER_CPU,NUMPY_CORE_ONLY,1,SUCCESS,10931,16,32,,,,0.0022540136706084013,0.005379465175792575,,
16,50,0xd6f4066b,0xab9eb714,QISKIT_AER_STATEVECTOR,SERVER_CPU,AER_EXECUTION_ONLY,1,SUCCESS,10931,16,32,,,,0.38896105461753905,0.39609467005357146,0.0,0.0
16,50,0xd6f4066b,0xab9eb714,RTL_FIXED_NORMAL,SERVER_CPU,PYTHON_FIXED_MODEL_WALL,1,SUCCESS,8685,18,48,48,,,0.010004176991060376,0.010004176991060376,,
16,50,0xd6f4066b,0xab9eb714,SOFTWARE_K4H4,SERVER_CPU,PYTHON_FIXED_MODEL_WALL,1,SUCCESS,8685,18,48,13,,,0.00529300095513463,0.00529300095513463,,
16,50,0xd6f4066b,0xab9eb714,SOFTWARE_K3H3,SERVER_CPU,PYTHON_FIXED_MODEL_WALL,1,SUCCESS,8685,18,48,16,,,0.0053217310924082994,0.0053217310924082994,,
16,51,0x64b9628c,0x9cd8b518,NUMPY_FLOAT64,SERVER_CPU,NUMPY_CORE_ONLY,1,SUCCESS,507,18,60,,,,0.0037918747402727604,0.007400108966976404,,
16,51,0x64b9628c,0x9cd8b518,QISKIT_AER_STATEVECTOR,SERVER_CPU,AER_EXECUTION_ONLY,1,SUCCESS,507,18,60,,,,0.7299036285839975,0.7393494299612939,0.0,0.0
16,51,0x64b9628c,0x9cd8b518,RTL_FIXED_NORMAL,SERVER_CPU,PYTHON_FIXED_MODEL_WALL,1,SUCCESS,10931,16,43,43,,,0.010867515811696649,0.010867515811696649,,
16,51,0x64b9628c,0x9cd8b518,SOFTWARE_K4H4,SERVER_CPU,PYTHON_FIXED_MODEL_WALL,1,SUCCESS,10931,16,43,9,,,0.004737888928502798,0.004737888928502798,,
16,51,0x64b9628c,0x9cd8b518,SOFTWARE_K3H3,SERVER_CPU,PYTHON_FIXED_MODEL_WALL,1,SUCCESS,10931,16,43,9,,,0.004509295802563429,0.004509295802563429,,
16,52,0x894e6771,0x8a255c2e,NUMPY_FLOAT64,SERVER_CPU,NUMPY_CORE_ONLY,1,SUCCESS,10931,16,43,,,,0.0027636163868010044,0.005953240906819701,,
16,52,0x894e6771,0x8a255c2e,QISKIT_AER_STATEVECTOR,SERVER_CPU,AER_EXECUTION_ONLY,1,SUCCESS,10931,16,43,,,,0.5222957541700453,0.5299955978989601,0.0,0.0
16,52,0x894e6771,0x8a255c2e,RTL_FIXED_NORMAL,SERVER_CPU,PYTHON_FIXED_MODEL_WALL,1,SUCCESS,10931,16,43,43,,,0.008285043062642217,0.008285043062642217,,
16,52,0x894e6771,0x8a255c2e,SOFTWARE_K4H4,SERVER_CPU,PYTHON_FIXED_MODEL_WALL,1,SUCCESS,10931,16,43,15,,,0.005048271035775542,0.005048271035775542,,
16,52,0x894e6771,0x8a255c2e,SOFTWARE_K3H3,SERVER_CPU,PYTHON_FIXED_MODEL_WALL,1,SUCCESS,10931,16,43,15,,,0.0050853651482611895,0.0050853651482611895,,
16,53,0xe3e668e8,0xff1f20c3,NUMPY_FLOAT64,SERVER_CPU,NUMPY_CORE_ONLY,1,SUCCESS,1801,17,33,,,,0.002414035378023982,0.005818655015900731,,
16,53,0xe3e668e8,0xff1f20c3,QISKIT_AER_STATEVECTOR,SERVER_CPU,AER_EXECUTION_ONLY,1,SUCCESS,1801,17,33,,,,0.4529985880944878,0.46233376301825047,0.0,0.0
16,53,0xe3e668e8,0xff1f20c3,RTL_FIXED_NORMAL,SERVER_CPU,PYTHON_FIXED_MODEL_WALL,1,SUCCESS,1801,17,33,33,,,0.006803989177569747,0.006803989177569747,,
16,53,0xe3e668e8,0xff1f20c3,SOFTWARE_K4H4,SERVER_CPU,PYTHON_FIXED_MODEL_WALL,1,SUCCESS,1801,17,33,9,,,0.006771735846996307,0.006771735846996307,,
16,53,0xe3e668e8,0xff1f20c3,SOFTWARE_K3H3,SERVER_CPU,PYTHON_FIXED_MODEL_WALL,1,SUCCESS,1801,17,33,9,,,0.005002202000468969,0.005002202000468969,,
16,54,0x36980406,0xfbdbfa61,NUMPY_FLOAT64,SERVER_CPU,NUMPY_CORE_ONLY,1,SUCCESS,2852,17,61,,,,0.004188022809103131,0.007843744941055775,,
16,54,0x36980406,0xfbdbfa61,QISKIT_AER_STATEVECTOR,SERVER_CPU,AER_EXECUTION_ONLY,1,SUCCESS,2852,17,61,,,,0.7810571296140552,0.7909240720327944,0.0,0.0
16,54,0x36980406,0xfbdbfa61,RTL_FIXED_NORMAL,SERVER_CPU,PYTHON_FIXED_MODEL_WALL,1,SUCCESS,5281,22,121,121,,,0.01615295489318669,0.01615295489318669,,
16,54,0x36980406,0xfbdbfa61,SOFTWARE_K4H4,SERVER_CPU,PYTHON_FIXED_MODEL_WALL,1,SUCCESS,5281,22,121,27,,,0.007837295066565275,0.007837295066565275,,
16,54,0x36980406,0xfbdbfa61,SOFTWARE_K3H3,SERVER_CPU,PYTHON_FIXED_MODEL_WALL,1,SUCCESS,5281,22,121,29,,,0.00756481010466814,0.00756481010466814,,
16,55,0x114d2b4a,0xa617ad4e,NUMPY_FLOAT64,SERVER_CPU,NUMPY_CORE_ONLY,1,SUCCESS,8685,20,71,,,,0.0043898276053369045,0.008392603136599064,,
16,55,0x114d2b4a,0xa617ad4e,QISKIT_AER_STATEVECTOR,SERVER_CPU,AER_EXECUTION_ONLY,1,SUCCESS,8685,20,71,,,,0.8137155352160335,0.8233612310141325,0.0,0.0
16,55,0x114d2b4a,0xa617ad4e,RTL_FIXED_NORMAL,SERVER_CPU,PYTHON_FIXED_MODEL_WALL,1,SUCCESS,10931,16,33,33,,,0.006391830975189805,0.006391830975189805,,
16,55,0x114d2b4a,0xa617ad4e,SOFTWARE_K4H4,SERVER_CPU,PYTHON_FIXED_MODEL_WALL,1,SUCCESS,10931,16,33,8,,,0.004393771989271045,0.004393771989271045,,
16,55,0x114d2b4a,0xa617ad4e,SOFTWARE_K3H3,SERVER_CPU,PYTHON_FIXED_MODEL_WALL,1,SUCCESS,10931,16,33,8,,,0.004070656141266227,0.004070656141266227,,
16,56,0x3b8907e1,0x0c6cbd10,NUMPY_FLOAT64,SERVER_CPU,NUMPY_CORE_ONLY,1,SUCCESS,10931,10,10,,,,0.0010305694304406643,0.0030483179725706577,,
16,56,0x3b8907e1,0x0c6cbd10,QISKIT_AER_STATEVECTOR,SERVER_CPU,AER_EXECUTION_ONLY,1,SUCCESS,10931,10,10,,,,0.1317084503825754,0.13615767401643097,0.0,0.0
16,56,0x3b8907e1,0x0c6cbd10,RTL_FIXED_NORMAL,SERVER_CPU,PYTHON_FIXED_MODEL_WALL,1,SUCCESS,10931,10,10,10,,,0.0033313122112303972,0.0033313122112303972,,
16,56,0x3b8907e1,0x0c6cbd10,SOFTWARE_K4H4,SERVER_CPU,PYTHON_FIXED_MODEL_WALL,1,SUCCESS,10931,10,10,3,,,0.0025785979814827442,0.0025785979814827442,,
16,56,0x3b8907e1,0x0c6cbd10,SOFTWARE_K3H3,SERVER_CPU,PYTHON_FIXED_MODEL_WALL,1,SUCCESS,10931,10,10,3,,,0.00244207214564085,0.00244207214564085,,
16,57,0x2cd09c1d,0x964fb1a7,NUMPY_FLOAT64,SERVER_CPU,NUMPY_CORE_ONLY,1,SUCCESS,15288,16,52,,,,0.0032842736691236496,0.006471599917858839,,
16,57,0x2cd09c1d,0x964fb1a7,QISKIT_AER_STATEVECTOR,SERVER_CPU,AER_EXECUTION_ONLY,1,SUCCESS,15288,16,52,,,,0.6850365165155381,0.6929342341609299,0.0,0.0
16,57,0x2cd09c1d,0x964fb1a7,RTL_FIXED_NORMAL,SERVER_CPU,PYTHON_FIXED_MODEL_WALL,1,SUCCESS,7786,17,61,61,,,0.010700876824557781,0.010700876824557781,,
16,57,0x2cd09c1d,0x964fb1a7,SOFTWARE_K4H4,SERVER_CPU,PYTHON_FIXED_MODEL_WALL,1,SUCCESS,7786,17,61,14,,,0.005298133939504623,0.005298133939504623,,
16,57,0x2cd09c1d,0x964fb1a7,SOFTWARE_K3H3,SERVER_CPU,PYTHON_FIXED_MODEL_WALL,1,SUCCESS,7786,17,61,14,,,0.004944282118231058,0.004944282118231058,,
16,58,0x6d7a8604,0xbd6f99c6,NUMPY_FLOAT64,SERVER_CPU,NUMPY_CORE_ONLY,1,SUCCESS,4512,16,44,,,,0.0028883367776870728,0.006163567071780562,,
16,58,0x6d7a8604,0xbd6f99c6,QISKIT_AER_STATEVECTOR,SERVER_CPU,AER_EXECUTION_ONLY,1,SUCCESS,4512,16,44,,,,0.5982705478090793,0.6059705300722271,0.0,0.0
16,58,0x6d7a8604,0xbd6f99c6,RTL_FIXED_NORMAL,SERVER_CPU,PYTHON_FIXED_MODEL_WALL,1,SUCCESS,1721,15,37,37,,,0.006672033807262778,0.006672033807262778,,
16,58,0x6d7a8604,0xbd6f99c6,SOFTWARE_K4H4,SERVER_CPU,PYTHON_FIXED_MODEL_WALL,1,SUCCESS,1721,15,37,12,,,0.0047006679233163595,0.0047006679233163595,,
16,58,0x6d7a8604,0xbd6f99c6,SOFTWARE_K3H3,SERVER_CPU,PYTHON_FIXED_MODEL_WALL,1,SUCCESS,1721,15,37,12,,,0.004418565891683102,0.004418565891683102,,
16,59,0x1fadaf42,0x60010aa3,NUMPY_FLOAT64,SERVER_CPU,NUMPY_CORE_ONLY,1,SUCCESS,7786,15,34,,,,0.0023802253417670727,0.005557924043387175,,
16,59,0x1fadaf42,0x60010aa3,QISKIT_AER_STATEVECTOR,SERVER_CPU,AER_EXECUTION_ONLY,1,SUCCESS,7786,15,34,,,,0.40479995030909777,0.41254811896942556,0.0,0.0
16,59,0x1fadaf42,0x60010aa3,RTL_FIXED_NORMAL,SERVER_CPU,PYTHON_FIXED_MODEL_WALL,1,SUCCESS,7786,16,49,49,,,0.009021139005199075,0.009021139005199075,,
16,59,0x1fadaf42,0x60010aa3,SOFTWARE_K4H4,SERVER_CPU,PYTHON_FIXED_MODEL_WALL,1,SUCCESS,7786,16,49,15,,,0.005078793037682772,0.005078793037682772,,
16,59,0x1fadaf42,0x60010aa3,SOFTWARE_K3H3,SERVER_CPU,PYTHON_FIXED_MODEL_WALL,1,SUCCESS,7786,16,49,15,,,0.004945885855704546,0.004945885855704546,,
16,60,0x92fe7cfd,0xb54e2773,NUMPY_FLOAT64,SERVER_CPU,NUMPY_CORE_ONLY,1,SUCCESS,8685,16,47,,,,0.0030009655747562647,0.006159571930766106,,
16,60,0x92fe7cfd,0xb54e2773,QISKIT_AER_STATEVECTOR,SERVER_CPU,AER_EXECUTION_ONLY,1,SUCCESS,8685,16,47,,,,0.5057436309289187,0.5129444301128387,0.0,0.0
16,60,0x92fe7cfd,0xb54e2773,RTL_FIXED_NORMAL,SERVER_CPU,PYTHON_FIXED_MODEL_WALL,1,SUCCESS,7786,18,84,84,,,0.011704875156283379,0.011704875156283379,,
16,60,0x92fe7cfd,0xb54e2773,SOFTWARE_K4H4,SERVER_CPU,PYTHON_FIXED_MODEL_WALL,1,SUCCESS,7786,18,84,21,,,0.0066869251895695925,0.0066869251895695925,,
16,60,0x92fe7cfd,0xb54e2773,SOFTWARE_K3H3,SERVER_CPU,PYTHON_FIXED_MODEL_WALL,1,SUCCESS,7786,18,84,23,,,0.006364526925608516,0.006364526925608516,,
16,61,0x1aecb060,0x9c545eba,NUMPY_FLOAT64,SERVER_CPU,NUMPY_CORE_ONLY,1,SUCCESS,10839,21,83,,,,0.004959974903613329,0.009148895973339677,,
16,61,0x1aecb060,0x9c545eba,QISKIT_AER_STATEVECTOR,SERVER_CPU,AER_EXECUTION_ONLY,1,SUCCESS,10839,21,83,,,,1.040400916710496,1.0502980060409755,0.0,0.0
16,61,0x1aecb060,0x9c545eba,RTL_FIXED_NORMAL,SERVER_CPU,PYTHON_FIXED_MODEL_WALL,1,SUCCESS,14405,21,83,83,,,0.015312917064875364,0.015312917064875364,,
16,61,0x1aecb060,0x9c545eba,SOFTWARE_K4H4,SERVER_CPU,PYTHON_FIXED_MODEL_WALL,1,SUCCESS,14405,21,83,25,,,0.0073168920353055,0.0073168920353055,,
16,61,0x1aecb060,0x9c545eba,SOFTWARE_K3H3,SERVER_CPU,PYTHON_FIXED_MODEL_WALL,1,SUCCESS,14405,21,83,27,,,0.007469770032912493,0.007469770032912493,,
16,62,0x91778cc3,0xbd1d1bc0,NUMPY_FLOAT64,SERVER_CPU,NUMPY_CORE_ONLY,1,SUCCESS,4724,18,63,,,,0.0038803969509899616,0.007536524906754494,,
16,62,0x91778cc3,0xbd1d1bc0,QISKIT_AER_STATEVECTOR,SERVER_CPU,AER_EXECUTION_ONLY,1,SUCCESS,4724,18,63,,,,0.8518634543288499,0.8623352411668748,0.0,0.0
16,62,0x91778cc3,0xbd1d1bc0,RTL_FIXED_NORMAL,SERVER_CPU,PYTHON_FIXED_MODEL_WALL,1,SUCCESS,491,19,77,77,,,0.012671233853325248,0.012671233853325248,,
16,62,0x91778cc3,0xbd1d1bc0,SOFTWARE_K4H4,SERVER_CPU,PYTHON_FIXED_MODEL_WALL,1,SUCCESS,491,19,77,15,,,0.006278889952227473,0.006278889952227473,,
16,62,0x91778cc3,0xbd1d1bc0,SOFTWARE_K3H3,SERVER_CPU,PYTHON_FIXED_MODEL_WALL,1,SUCCESS,491,19,77,15,,,0.007135523017495871,0.007135523017495871,,
16,63,0xe6b7e7eb,0xd542988e,NUMPY_FLOAT64,SERVER_CPU,NUMPY_CORE_ONLY,1,SUCCESS,14405,19,67,,,,0.004497492918744683,0.008611588971689343,,
16,63,0xe6b7e7eb,0xd542988e,QISKIT_AER_STATEVECTOR,SERVER_CPU,AER_EXECUTION_ONLY,1,SUCCESS,14405,19,67,,,,0.8899600135628134,0.9002766970079392,0.0,0.0
16,63,0xe6b7e7eb,0xd542988e,RTL_FIXED_NORMAL,SERVER_CPU,PYTHON_FIXED_MODEL_WALL,1,SUCCESS,7786,16,42,42,,,0.01143684796988964,0.01143684796988964,,
16,63,0xe6b7e7eb,0xd542988e,SOFTWARE_K4H4,SERVER_CPU,PYTHON_FIXED_MODEL_WALL,1,SUCCESS,7786,16,42,10,,,0.004690392874181271,0.004690392874181271,,
16,63,0xe6b7e7eb,0xd542988e,SOFTWARE_K3H3,SERVER_CPU,PYTHON_FIXED_MODEL_WALL,1,SUCCESS,7786,16,42,11,,,0.004594145808368921,0.004594145808368921,,
16,64,0x6770144c,0xd2d3c6e7,NUMPY_FLOAT64,SERVER_CPU,NUMPY_CORE_ONLY,1,SUCCESS,10931,16,32,,,,0.0028525646775960922,0.006569006014615297,,
16,64,0x6770144c,0xd2d3c6e7,QISKIT_AER_STATEVECTOR,SERVER_CPU,AER_EXECUTION_ONLY,1,SUCCESS,10931,16,32,,,,0.42585837189108133,0.43498603207990527,0.0,0.0
16,64,0x6770144c,0xd2d3c6e7,RTL_FIXED_NORMAL,SERVER_CPU,PYTHON_FIXED_MODEL_WALL,1,SUCCESS,10931,16,32,32,,,0.008330157026648521,0.008330157026648521,,
16,64,0x6770144c,0xd2d3c6e7,SOFTWARE_K4H4,SERVER_CPU,PYTHON_FIXED_MODEL_WALL,1,SUCCESS,10931,16,32,12,,,0.004658744903281331,0.004658744903281331,,
16,64,0x6770144c,0xd2d3c6e7,SOFTWARE_K3H3,SERVER_CPU,PYTHON_FIXED_MODEL_WALL,1,SUCCESS,10931,16,32,12,,,0.00446552294306457,0.00446552294306457,,
16,65,0xc600a248,0x0a1e0844,NUMPY_FLOAT64,SERVER_CPU,NUMPY_CORE_ONLY,1,SUCCESS,3947,16,39,,,,0.0026870756410062313,0.005853600800037384,,
16,65,0xc600a248,0x0a1e0844,QISKIT_AER_STATEVECTOR,SERVER_CPU,AER_EXECUTION_ONLY,1,SUCCESS,3947,16,39,,,,0.5150949382223189,0.5238012131303549,0.0,0.0
16,65,0xc600a248,0x0a1e0844,RTL_FIXED_NORMAL,SERVER_CPU,PYTHON_FIXED_MODEL_WALL,1,SUCCESS,10839,21,67,67,,,0.011709740851074457,0.011709740851074457,,
16,65,0xc600a248,0x0a1e0844,SOFTWARE_K4H4,SERVER_CPU,PYTHON_FIXED_MODEL_WALL,1,SUCCESS,10839,21,67,25,,,0.007024269085377455,0.007024269085377455,,
16,65,0xc600a248,0x0a1e0844,SOFTWARE_K3H3,SERVER_CPU,PYTHON_FIXED_MODEL_WALL,1,SUCCESS,10839,21,67,27,,,0.007519957143813372,0.007519957143813372,,
16,66,0x1ea4f830,0x2ef0f28e,NUMPY_FLOAT64,SERVER_CPU,NUMPY_CORE_ONLY,1,SUCCESS,8685,14,33,,,,0.0029280208982527256,0.00589134800247848,,
16,66,0x1ea4f830,0x2ef0f28e,QISKIT_AER_STATEVECTOR,SERVER_CPU,AER_EXECUTION_ONLY,1,SUCCESS,8685,14,33,,,,0.36010208004154265,0.36666119704023004,0.0,0.0
16,66,0x1ea4f830,0x2ef0f28e,RTL_FIXED_NORMAL,SERVER_CPU,PYTHON_FIXED_MODEL_WALL,1,SUCCESS,491,15,45,45,,,0.008274405030533671,0.008274405030533671,,
16,66,0x1ea4f830,0x2ef0f28e,SOFTWARE_K4H4,SERVER_CPU,PYTHON_FIXED_MODEL_WALL,1,SUCCESS,491,15,45,12,,,0.004475881112739444,0.004475881112739444,,
16,66,0x1ea4f830,0x2ef0f28e,SOFTWARE_K3H3,SERVER_CPU,PYTHON_FIXED_MODEL_WALL,1,SUCCESS,491,15,45,12,,,0.004726028069853783,0.004726028069853783,,
16,67,0x639604f3,0x7fe04f83,NUMPY_FLOAT64,SERVER_CPU,NUMPY_CORE_ONLY,1,SUCCESS,5281,18,41,,,,0.002798928413540125,0.006488160928711295,,
16,67,0x639604f3,0x7fe04f83,QISKIT_AER_STATEVECTOR,SERVER_CPU,AER_EXECUTION_ONLY,1,SUCCESS,5281,18,41,,,,0.44549820199608803,0.4550344890449196,0.0,0.0
16,67,0x639604f3,0x7fe04f83,RTL_FIXED_NORMAL,SERVER_CPU,PYTHON_FIXED_MODEL_WALL,1,SUCCESS,8685,16,30,30,,,0.0061449401546269655,0.0061449401546269655,,
16,67,0x639604f3,0x7fe04f83,SOFTWARE_K4H4,SERVER_CPU,PYTHON_FIXED_MODEL_WALL,1,SUCCESS,8685,16,30,8,,,0.004810701124370098,0.004810701124370098,,
16,67,0x639604f3,0x7fe04f83,SOFTWARE_K3H3,SERVER_CPU,PYTHON_FIXED_MODEL_WALL,1,SUCCESS,8685,16,30,9,,,0.004553356906399131,0.004553356906399131,,
16,68,0x6e084a84,0xb643b17e,NUMPY_FLOAT64,SERVER_CPU,NUMPY_CORE_ONLY,1,SUCCESS,3947,21,81,,,,0.004798548761755228,0.00904329214245081,,
16,68,0x6e084a84,0xb643b17e,QISKIT_AER_STATEVECTOR,SERVER_CPU,AER_EXECUTION_ONLY,1,SUCCESS,3947,21,81,,,,1.0708941335324198,2.025343792978674,0.4504564481321722,0.38892992585897446
16,68,0x6e084a84,0xb643b17e,RTL_FIXED_NORMAL,SERVER_CPU,PYTHON_FIXED_MODEL_WALL,1,SUCCESS,3947,21,81,81,,,0.014248483115807176,0.014248483115807176,,
16,68,0x6e084a84,0xb643b17e,SOFTWARE_K4H4,SERVER_CPU,PYTHON_FIXED_MODEL_WALL,1,SUCCESS,3947,21,81,30,,,0.008115432923659682,0.008115432923659682,,
16,68,0x6e084a84,0xb643b17e,SOFTWARE_K3H3,SERVER_CPU,PYTHON_FIXED_MODEL_WALL,1,SUCCESS,3947,21,81,31,,,0.009467408992350101,0.009467408992350101,,
16,69,0x3d7fc476,0x467d7a44,NUMPY_FLOAT64,SERVER_CPU,NUMPY_CORE_ONLY,1,SUCCESS,5281,17,36,,,,0.002525239484384656,0.005810062168166041,,
16,69,0x3d7fc476,0x467d7a44,QISKIT_AER_STATEVECTOR,SERVER_CPU,AER_EXECUTION_ONLY,1,SUCCESS,5281,17,36,,,,0.41738597583025694,0.42461321293376386,0.0,0.0
16,69,0x3d7fc476,0x467d7a44,RTL_FIXED_NORMAL,SERVER_CPU,PYTHON_FIXED_MODEL_WALL,1,SUCCESS,5281,17,36,36,,,0.00882599106989801,0.00882599106989801,,
16,69,0x3d7fc476,0x467d7a44,SOFTWARE_K4H4,SERVER_CPU,PYTHON_FIXED_MODEL_WALL,1,SUCCESS,5281,17,36,11,,,0.005027774954214692,0.005027774954214692,,
16,69,0x3d7fc476,0x467d7a44,SOFTWARE_K3H3,SERVER_CPU,PYTHON_FIXED_MODEL_WALL,1,SUCCESS,5281,17,36,12,,,0.005872232839465141,0.005872232839465141,,
16,70,0xedca3875,0xefade11e,NUMPY_FLOAT64,SERVER_CPU,NUMPY_CORE_ONLY,1,SUCCESS,2852,4,3,,,,0.00038902508094906807,0.0012574188876897097,,
16,70,0xedca3875,0xefade11e,QISKIT_AER_STATEVECTOR,SERVER_CPU,AER_EXECUTION_ONLY,1,SUCCESS,2852,4,3,,,,0.03414196823723614,0.036105914041399956,0.0,0.0
16,70,0xedca3875,0xefade11e,RTL_FIXED_NORMAL,SERVER_CPU,PYTHON_FIXED_MODEL_WALL,1,SUCCESS,2852,4,3,3,,,0.0017712190747261047,0.0017712190747261047,,
16,70,0xedca3875,0xefade11e,SOFTWARE_K4H4,SERVER_CPU,PYTHON_FIXED_MODEL_WALL,1,SUCCESS,2852,4,3,1,,,0.0010989531874656677,0.0010989531874656677,,
16,70,0xedca3875,0xefade11e,SOFTWARE_K3H3,SERVER_CPU,PYTHON_FIXED_MODEL_WALL,1,SUCCESS,2852,4,3,1,,,0.0011060098186135292,0.0011060098186135292,,
16,71,0xb883121d,0x095c678c,NUMPY_FLOAT64,SERVER_CPU,NUMPY_CORE_ONLY,1,SUCCESS,2852,16,27,,,,0.0024076325353235006,0.005795608973130584,,
16,71,0xb883121d,0x095c678c,QISKIT_AER_STATEVECTOR,SERVER_CPU,AER_EXECUTION_ONLY,1,SUCCESS,2852,16,27,,,,0.40246299165301025,0.41161740408279,0.0,0.0
16,71,0xb883121d,0x095c678c,RTL_FIXED_NORMAL,SERVER_CPU,PYTHON_FIXED_MODEL_WALL,1,SUCCESS,2852,16,27,27,,,0.008474292932078242,0.008474292932078242,,
16,71,0xb883121d,0x095c678c,SOFTWARE_K4H4,SERVER_CPU,PYTHON_FIXED_MODEL_WALL,1,SUCCESS,2852,16,27,11,,,0.004711558111011982,0.004711558111011982,,
16,71,0xb883121d,0x095c678c,SOFTWARE_K3H3,SERVER_CPU,PYTHON_FIXED_MODEL_WALL,1,SUCCESS,2852,16,27,12,,,0.004559756955131888,0.004559756955131888,,
16,72,0xace22797,0xbc422a9a,NUMPY_FLOAT64,SERVER_CPU,NUMPY_CORE_ONLY,1,SUCCESS,491,12,15,,,,0.0014814625028520823,0.004147648811340332,,
16,72,0xace22797,0xbc422a9a,QISKIT_AER_STATEVECTOR,SERVER_CPU,AER_EXECUTION_ONLY,1,SUCCESS,491,12,15,,,,0.22956778202205896,0.2361830158624798,0.0,0.0
16,72,0xace22797,0xbc422a9a,RTL_FIXED_NORMAL,SERVER_CPU,PYTHON_FIXED_MODEL_WALL,1,SUCCESS,491,12,15,15,,,0.004105554893612862,0.004105554893612862,,
16,72,0xace22797,0xbc422a9a,SOFTWARE_K4H4,SERVER_CPU,PYTHON_FIXED_MODEL_WALL,1,SUCCESS,491,12,15,4,,,0.003552800975739956,0.003552800975739956,,
16,72,0xace22797,0xbc422a9a,SOFTWARE_K3H3,SERVER_CPU,PYTHON_FIXED_MODEL_WALL,1,SUCCESS,491,12,15,4,,,0.0031895290594547987,0.0031895290594547987,,
16,73,0xefd3172d,0x8c2c3233,NUMPY_FLOAT64,SERVER_CPU,NUMPY_CORE_ONLY,1,SUCCESS,10593,19,49,,,,0.0037429267540574074,0.00803120993077755,,
16,73,0xefd3172d,0x8c2c3233,QISKIT_AER_STATEVECTOR,SERVER_CPU,AER_EXECUTION_ONLY,1,SUCCESS,10593,19,49,,,,0.6018506758846343,0.6118692581076175,0.0,0.0
16,73,0xefd3172d,0x8c2c3233,RTL_FIXED_NORMAL,SERVER_CPU,PYTHON_FIXED_MODEL_WALL,1,SUCCESS,1721,17,35,35,,,0.0069786610547453165,0.0069786610547453165,,
16,73,0xefd3172d,0x8c2c3233,SOFTWARE_K4H4,SERVER_CPU,PYTHON_FIXED_MODEL_WALL,1,SUCCESS,1721,17,35,10,,,0.004705802071839571,0.004705802071839571,,
16,73,0xefd3172d,0x8c2c3233,SOFTWARE_K3H3,SERVER_CPU,PYTHON_FIXED_MODEL_WALL,1,SUCCESS,1721,17,35,10,,,0.004520382033661008,0.004520382033661008,,
16,74,0xe6aacdb5,0x7f1c158a,NUMPY_FLOAT64,SERVER_CPU,NUMPY_CORE_ONLY,1,SUCCESS,10593,10,15,,,,0.001262452220544219,0.0033001811243593693,,
16,74,0xe6aacdb5,0x7f1c158a,QISKIT_AER_STATEVECTOR,SERVER_CPU,AER_EXECUTION_ONLY,1,SUCCESS,10593,10,15,,,,0.19107994274236262,0.19588285312056541,0.0,0.0
16,74,0xe6aacdb5,0x7f1c158a,RTL_FIXED_NORMAL,SERVER_CPU,PYTHON_FIXED_MODEL_WALL,1,SUCCESS,10593,10,15,15,,,0.00441456213593483,0.00441456213593483,,
16,74,0xe6aacdb5,0x7f1c158a,SOFTWARE_K4H4,SERVER_CPU,PYTHON_FIXED_MODEL_WALL,1,SUCCESS,10593,10,15,5,,,0.002882288070395589,0.002882288070395589,,
16,74,0xe6aacdb5,0x7f1c158a,SOFTWARE_K3H3,SERVER_CPU,PYTHON_FIXED_MODEL_WALL,1,SUCCESS,10593,10,15,5,,,0.0028279118705540895,0.0028279118705540895,,
16,75,0x6566c598,0xca804b00,NUMPY_FLOAT64,SERVER_CPU,NUMPY_CORE_ONLY,1,SUCCESS,3947,15,42,,,,0.0028939771000295877,0.005818683886900544,,
16,75,0x6566c598,0xca804b00,QISKIT_AER_STATEVECTOR,SERVER_CPU,AER_EXECUTION_ONLY,1,SUCCESS,3947,15,42,,,,0.4869547167327255,0.4940248350612819,0.0,0.0
16,75,0x6566c598,0xca804b00,RTL_FIXED_NORMAL,SERVER_CPU,PYTHON_FIXED_MODEL_WALL,1,SUCCESS,15288,14,31,31,,,0.007857945980504155,0.007857945980504155,,
16,75,0x6566c598,0xca804b00,SOFTWARE_K4H4,SERVER_CPU,PYTHON_FIXED_MODEL_WALL,1,SUCCESS,15288,14,31,6,,,0.004348492948338389,0.004348492948338389,,
16,75,0x6566c598,0xca804b00,SOFTWARE_K3H3,SERVER_CPU,PYTHON_FIXED_MODEL_WALL,1,SUCCESS,15288,14,31,6,,,0.004084013868123293,0.004084013868123293,,
16,76,0x4e646d9d,0xcbae5ac0,NUMPY_FLOAT64,SERVER_CPU,NUMPY_CORE_ONLY,1,SUCCESS,2852,10,13,,,,0.0012613439466804266,0.0036281892098486423,,
16,76,0x4e646d9d,0xcbae5ac0,QISKIT_AER_STATEVECTOR,SERVER_CPU,AER_EXECUTION_ONLY,1,SUCCESS,2852,10,13,,,,0.15754988370463252,0.16199380392208695,0.0,0.0
16,76,0x4e646d9d,0xcbae5ac0,RTL_FIXED_NORMAL,SERVER_CPU,PYTHON_FIXED_MODEL_WALL,1,SUCCESS,2852,10,13,13,,,0.003952011000365019,0.003952011000365019,,
16,76,0x4e646d9d,0xcbae5ac0,SOFTWARE_K4H4,SERVER_CPU,PYTHON_FIXED_MODEL_WALL,1,SUCCESS,2852,10,13,4,,,0.0026132361963391304,0.0026132361963391304,,
16,76,0x4e646d9d,0xcbae5ac0,SOFTWARE_K3H3,SERVER_CPU,PYTHON_FIXED_MODEL_WALL,1,SUCCESS,2852,10,13,4,,,0.0024916748516261578,0.0024916748516261578,,
16,77,0x05d81d6f,0x260c4013,NUMPY_FLOAT64,SERVER_CPU,NUMPY_CORE_ONLY,1,SUCCESS,8685,15,31,,,,0.0024202289059758186,0.005754813086241484,,
16,77,0x05d81d6f,0x260c4013,QISKIT_AER_STATEVECTOR,SERVER_CPU,AER_EXECUTION_ONLY,1,SUCCESS,8685,15,31,,,,0.44612015038728714,0.453289738856256,0.0,0.0
16,77,0x05d81d6f,0x260c4013,RTL_FIXED_NORMAL,SERVER_CPU,PYTHON_FIXED_MODEL_WALL,1,SUCCESS,8685,15,31,31,,,0.007191317854449153,0.007191317854449153,,
16,77,0x05d81d6f,0x260c4013,SOFTWARE_K4H4,SERVER_CPU,PYTHON_FIXED_MODEL_WALL,1,SUCCESS,8685,15,31,9,,,0.004114764975383878,0.004114764975383878,,
16,77,0x05d81d6f,0x260c4013,SOFTWARE_K3H3,SERVER_CPU,PYTHON_FIXED_MODEL_WALL,1,SUCCESS,8685,15,31,9,,,0.004150768043473363,0.004150768043473363,,
16,78,0x2018f6a3,0x5728c7f4,NUMPY_FLOAT64,SERVER_CPU,NUMPY_CORE_ONLY,1,SUCCESS,15288,17,41,,,,0.0027567902579903603,0.006050314987078309,,
16,78,0x2018f6a3,0x5728c7f4,QISKIT_AER_STATEVECTOR,SERVER_CPU,AER_EXECUTION_ONLY,1,SUCCESS,15288,17,41,,,,0.5277931289747357,0.5356569429859519,0.0,0.0
16,78,0x2018f6a3,0x5728c7f4,RTL_FIXED_NORMAL,SERVER_CPU,PYTHON_FIXED_MODEL_WALL,1,SUCCESS,15288,17,41,41,,,0.00768049992620945,0.00768049992620945,,
16,78,0x2018f6a3,0x5728c7f4,SOFTWARE_K4H4,SERVER_CPU,PYTHON_FIXED_MODEL_WALL,1,SUCCESS,15288,17,41,9,,,0.004450764041393995,0.004450764041393995,,
16,78,0x2018f6a3,0x5728c7f4,SOFTWARE_K3H3,SERVER_CPU,PYTHON_FIXED_MODEL_WALL,1,SUCCESS,15288,17,41,9,,,0.004276813939213753,0.004276813939213753,,
16,79,0x718ebf0c,0x4d7d460c,NUMPY_FLOAT64,SERVER_CPU,NUMPY_CORE_ONLY,1,SUCCESS,5281,16,43,,,,0.002963559003546834,0.006122114136815071,,
16,79,0x718ebf0c,0x4d7d460c,QISKIT_AER_STATEVECTOR,SERVER_CPU,AER_EXECUTION_ONLY,1,SUCCESS,5281,16,43,,,,0.5874262319412082,0.5957375268917531,0.0,0.0
16,79,0x718ebf0c,0x4d7d460c,RTL_FIXED_NORMAL,SERVER_CPU,PYTHON_FIXED_MODEL_WALL,1,SUCCESS,491,16,43,43,,,0.008191454922780395,0.008191454922780395,,
16,79,0x718ebf0c,0x4d7d460c,SOFTWARE_K4H4,SERVER_CPU,PYTHON_FIXED_MODEL_WALL,1,SUCCESS,491,16,43,15,,,0.005901711992919445,0.005901711992919445,,
16,79,0x718ebf0c,0x4d7d460c,SOFTWARE_K3H3,SERVER_CPU,PYTHON_FIXED_MODEL_WALL,1,SUCCESS,491,16,43,16,,,0.005993755999952555,0.005993755999952555,,
16,80,0x042a8f17,0x2093b3f4,NUMPY_FLOAT64,SERVER_CPU,NUMPY_CORE_ONLY,1,SUCCESS,491,12,16,,,,0.0016740094870328903,0.004410587018355727,,
16,80,0x042a8f17,0x2093b3f4,QISKIT_AER_STATEVECTOR,SERVER_CPU,AER_EXECUTION_ONLY,1,SUCCESS,491,12,16,,,,0.22456707432866096,0.230476058088243,0.0,0.0
16,80,0x042a8f17,0x2093b3f4,RTL_FIXED_NORMAL,SERVER_CPU,PYTHON_FIXED_MODEL_WALL,1,SUCCESS,491,12,16,16,,,0.006175279850140214,0.006175279850140214,,
16,80,0x042a8f17,0x2093b3f4,SOFTWARE_K4H4,SERVER_CPU,PYTHON_FIXED_MODEL_WALL,1,SUCCESS,491,12,16,5,,,0.003144907997921109,0.003144907997921109,,
16,80,0x042a8f17,0x2093b3f4,SOFTWARE_K3H3,SERVER_CPU,PYTHON_FIXED_MODEL_WALL,1,SUCCESS,491,12,16,5,,,0.0032757071312516928,0.0032757071312516928,,
16,81,0xfc1c775d,0x35bd20f1,NUMPY_FLOAT64,SERVER_CPU,NUMPY_CORE_ONLY,1,SUCCESS,8685,9,12,,,,0.0010375899728387594,0.0028221900574862957,,
16,81,0xfc1c775d,0x35bd20f1,QISKIT_AER_STATEVECTOR,SERVER_CPU,AER_EXECUTION_ONLY,1,SUCCESS,8685,9,12,,,,0.13635480753146112,0.13998735998757184,0.0,0.0
16,81,0xfc1c775d,0x35bd20f1,RTL_FIXED_NORMAL,SERVER_CPU,PYTHON_FIXED_MODEL_WALL,1,SUCCESS,8685,9,12,12,,,0.0031028951052576303,0.0031028951052576303,,
16,81,0xfc1c775d,0x35bd20f1,SOFTWARE_K4H4,SERVER_CPU,PYTHON_FIXED_MODEL_WALL,1,SUCCESS,8685,9,12,3,,,0.002394308801740408,0.002394308801740408,,
16,81,0xfc1c775d,0x35bd20f1,SOFTWARE_K3H3,SERVER_CPU,PYTHON_FIXED_MODEL_WALL,1,SUCCESS,8685,9,12,3,,,0.002346184104681015,0.002346184104681015,,
16,82,0x16b93b63,0x7d609ba5,NUMPY_FLOAT64,SERVER_CPU,NUMPY_CORE_ONLY,1,SUCCESS,8685,12,18,,,,0.001459568738937378,0.00380265386775136,,
16,82,0x16b93b63,0x7d609ba5,QISKIT_AER_STATEVECTOR,SERVER_CPU,AER_EXECUTION_ONLY,1,SUCCESS,8685,12,18,,,,0.23124281293712556,0.2359680370427668,0.0,0.0
16,82,0x16b93b63,0x7d609ba5,RTL_FIXED_NORMAL,SERVER_CPU,PYTHON_FIXED_MODEL_WALL,1,SUCCESS,8685,12,18,18,,,0.00784737803041935,0.00784737803041935,,
16,82,0x16b93b63,0x7d609ba5,SOFTWARE_K4H4,SERVER_CPU,PYTHON_FIXED_MODEL_WALL,1,SUCCESS,8685,12,18,5,,,0.0032787511590868235,0.0032787511590868235,,
16,82,0x16b93b63,0x7d609ba5,SOFTWARE_K3H3,SERVER_CPU,PYTHON_FIXED_MODEL_WALL,1,SUCCESS,8685,12,18,5,,,0.002928829053416848,0.002928829053416848,,
16,83,0x8ce1028e,0xb152e7ef,NUMPY_FLOAT64,SERVER_CPU,NUMPY_CORE_ONLY,1,SUCCESS,2852,10,12,,,,0.0011359620839357376,0.0031078639440238476,,
16,83,0x8ce1028e,0xb152e7ef,QISKIT_AER_STATEVECTOR,SERVER_CPU,AER_EXECUTION_ONLY,1,SUCCESS,2852,10,12,,,,0.13986865663900971,0.14404801395721734,0.0,0.0
16,83,0x8ce1028e,0xb152e7ef,RTL_FIXED_NORMAL,SERVER_CPU,PYTHON_FIXED_MODEL_WALL,1,SUCCESS,2852,10,12,12,,,0.003967163152992725,0.003967163152992725,,
16,83,0x8ce1028e,0xb152e7ef,SOFTWARE_K4H4,SERVER_CPU,PYTHON_FIXED_MODEL_WALL,1,SUCCESS,2852,10,12,5,,,0.002739035990089178,0.002739035990089178,,
16,83,0x8ce1028e,0xb152e7ef,SOFTWARE_K3H3,SERVER_CPU,PYTHON_FIXED_MODEL_WALL,1,SUCCESS,2852,10,12,5,,,0.0026901441160589457,0.0026901441160589457,,
16,84,0x87bad980,0x7dbefa97,NUMPY_FLOAT64,SERVER_CPU,NUMPY_CORE_ONLY,1,SUCCESS,10931,18,66,,,,0.0041718073189258575,0.0077043690253049135,,
16,84,0x87bad980,0x7dbefa97,QISKIT_AER_STATEVECTOR,SERVER_CPU,AER_EXECUTION_ONLY,1,SUCCESS,10931,18,66,,,,0.8501037668902427,1.5667859758250415,0.30204749503172934,0.3570925099775195
16,84,0x87bad980,0x7dbefa97,RTL_FIXED_NORMAL,SERVER_CPU,PYTHON_FIXED_MODEL_WALL,1,SUCCESS,7786,18,66,66,,,0.009684099815785885,0.009684099815785885,,
16,84,0x87bad980,0x7dbefa97,SOFTWARE_K4H4,SERVER_CPU,PYTHON_FIXED_MODEL_WALL,1,SUCCESS,7786,18,66,20,,,0.006647967034950852,0.006647967034950852,,
16,84,0x87bad980,0x7dbefa97,SOFTWARE_K3H3,SERVER_CPU,PYTHON_FIXED_MODEL_WALL,1,SUCCESS,7786,18,66,23,,,0.006571236997842789,0.006571236997842789,,
16,85,0xd63d86f3,0xf5399cca,NUMPY_FLOAT64,SERVER_CPU,NUMPY_CORE_ONLY,1,SUCCESS,1721,19,67,,,,0.004622446605935693,0.008786010090261698,,
16,85,0xd63d86f3,0xf5399cca,QISKIT_AER_STATEVECTOR,SERVER_CPU,AER_EXECUTION_ONLY,1,SUCCESS,1721,19,67,,,,0.8704922802280635,1.6249410649761558,0.3851031281519681,0.2782221660017967
16,85,0xd63d86f3,0xf5399cca,RTL_FIXED_NORMAL,SERVER_CPU,PYTHON_FIXED_MODEL_WALL,1,SUCCESS,2852,18,44,44,,,0.008914325153455138,0.008914325153455138,,
16,85,0xd63d86f3,0xf5399cca,SOFTWARE_K4H4,SERVER_CPU,PYTHON_FIXED_MODEL_WALL,1,SUCCESS,2852,18,44,12,,,0.005268387962132692,0.005268387962132692,,
16,85,0xd63d86f3,0xf5399cca,SOFTWARE_K3H3,SERVER_CPU,PYTHON_FIXED_MODEL_WALL,1,SUCCESS,2852,18,44,17,,,0.0054683019407093525,0.0054683019407093525,,
16,86,0xeeaba102,0x01560fc0,NUMPY_FLOAT64,SERVER_CPU,NUMPY_CORE_ONLY,1,SUCCESS,10931,19,62,,,,0.003834612900391221,0.007447404088452458,,
16,86,0xeeaba102,0x01560fc0,QISKIT_AER_STATEVECTOR,SERVER_CPU,AER_EXECUTION_ONLY,1,SUCCESS,10931,19,62,,,,0.8456267123110592,0.8556997878476977,0.0,0.0
16,86,0xeeaba102,0x01560fc0,RTL_FIXED_NORMAL,SERVER_CPU,PYTHON_FIXED_MODEL_WALL,1,SUCCESS,7786,15,36,36,,,0.00662635313346982,0.00662635313346982,,
16,86,0xeeaba102,0x01560fc0,SOFTWARE_K4H4,SERVER_CPU,PYTHON_FIXED_MODEL_WALL,1,SUCCESS,7786,15,36,9,,,0.004294828046113253,0.004294828046113253,,
16,86,0xeeaba102,0x01560fc0,SOFTWARE_K3H3,SERVER_CPU,PYTHON_FIXED_MODEL_WALL,1,SUCCESS,7786,15,36,9,,,0.004472475964576006,0.004472475964576006,,
16,87,0xc1fee4bb,0xc7e12d58,NUMPY_FLOAT64,SERVER_CPU,NUMPY_CORE_ONLY,1,SUCCESS,7786,16,46,,,,0.0032190612982958555,0.006254407810047269,,
16,87,0xc1fee4bb,0xc7e12d58,QISKIT_AER_STATEVECTOR,SERVER_CPU,AER_EXECUTION_ONLY,1,SUCCESS,7786,16,46,,,,0.6088720697443932,0.6169828199781477,0.0,0.0
16,87,0xc1fee4bb,0xc7e12d58,RTL_FIXED_NORMAL,SERVER_CPU,PYTHON_FIXED_MODEL_WALL,1,SUCCESS,7786,16,46,46,,,0.00832742708735168,0.00832742708735168,,
16,87,0xc1fee4bb,0xc7e12d58,SOFTWARE_K4H4,SERVER_CPU,PYTHON_FIXED_MODEL_WALL,1,SUCCESS,7786,16,46,13,,,0.0051043599378317595,0.0051043599378317595,,
16,87,0xc1fee4bb,0xc7e12d58,SOFTWARE_K3H3,SERVER_CPU,PYTHON_FIXED_MODEL_WALL,1,SUCCESS,7786,16,46,13,,,0.004641289124265313,0.004641289124265313,,
16,88,0x0707c9da,0xf644a3f9,NUMPY_FLOAT64,SERVER_CPU,NUMPY_CORE_ONLY,1,SUCCESS,491,19,65,,,,0.004118116805329919,0.007715058047324419,,
16,88,0x0707c9da,0xf644a3f9,QISKIT_AER_STATEVECTOR,SERVER_CPU,AER_EXECUTION_ONLY,1,SUCCESS,491,19,65,,,,0.9010910848155618,0.9121738818939775,0.0,0.0
16,88,0x0707c9da,0xf644a3f9,RTL_FIXED_NORMAL,SERVER_CPU,PYTHON_FIXED_MODEL_WALL,1,SUCCESS,10593,16,48,48,,,0.011155446991324425,0.011155446991324425,,
16,88,0x0707c9da,0xf644a3f9,SOFTWARE_K4H4,SERVER_CPU,PYTHON_FIXED_MODEL_WALL,1,SUCCESS,10593,16,48,15,,,0.006653483025729656,0.006653483025729656,,
16,88,0x0707c9da,0xf644a3f9,SOFTWARE_K3H3,SERVER_CPU,PYTHON_FIXED_MODEL_WALL,1,SUCCESS,10593,16,48,16,,,0.0060709621757268906,0.0060709621757268906,,
16,89,0xde0d9c30,0x58a2ee8f,NUMPY_FLOAT64,SERVER_CPU,NUMPY_CORE_ONLY,1,SUCCESS,5281,14,27,,,,0.0024060560390353203,0.005652912892401218,,
16,89,0xde0d9c30,0x58a2ee8f,QISKIT_AER_STATEVECTOR,SERVER_CPU,AER_EXECUTION_ONLY,1,SUCCESS,5281,14,27,,,,0.37402746896259487,0.3817501850426197,0.0,0.0
16,89,0xde0d9c30,0x58a2ee8f,RTL_FIXED_NORMAL,SERVER_CPU,PYTHON_FIXED_MODEL_WALL,1,SUCCESS,5281,14,27,27,,,0.0056337350979447365,0.0056337350979447365,,
16,89,0xde0d9c30,0x58a2ee8f,SOFTWARE_K4H4,SERVER_CPU,PYTHON_FIXED_MODEL_WALL,1,SUCCESS,5281,14,27,8,,,0.004301900044083595,0.004301900044083595,,
16,89,0xde0d9c30,0x58a2ee8f,SOFTWARE_K3H3,SERVER_CPU,PYTHON_FIXED_MODEL_WALL,1,SUCCESS,5281,14,27,8,,,0.0047142719849944115,0.0047142719849944115,,
16,90,0x7cd0efc7,0x9f385cfb,NUMPY_FLOAT64,SERVER_CPU,NUMPY_CORE_ONLY,1,SUCCESS,507,14,19,,,,0.0018901647999882698,0.005010857013985515,,
16,90,0x7cd0efc7,0x9f385cfb,QISKIT_AER_STATEVECTOR,SERVER_CPU,AER_EXECUTION_ONLY,1,SUCCESS,507,14,19,,,,0.2660892230924219,0.27376106195151806,0.0,0.0
16,90,0x7cd0efc7,0x9f385cfb,RTL_FIXED_NORMAL,SERVER_CPU,PYTHON_FIXED_MODEL_WALL,1,SUCCESS,5281,18,54,54,,,0.00999270798638463,0.00999270798638463,,
16,90,0x7cd0efc7,0x9f385cfb,SOFTWARE_K4H4,SERVER_CPU,PYTHON_FIXED_MODEL_WALL,1,SUCCESS,5281,18,54,21,,,0.00626851012930274,0.00626851012930274,,
16,90,0x7cd0efc7,0x9f385cfb,SOFTWARE_K3H3,SERVER_CPU,PYTHON_FIXED_MODEL_WALL,1,SUCCESS,5281,18,54,24,,,0.007026402046903968,0.007026402046903968,,
16,91,0xe4cb50a6,0x94d13729,NUMPY_FLOAT64,SERVER_CPU,NUMPY_CORE_ONLY,1,SUCCESS,507,16,35,,,,0.003276700619608164,0.006960038095712662,,
16,91,0xe4cb50a6,0x94d13729,QISKIT_AER_STATEVECTOR,SERVER_CPU,AER_EXECUTION_ONLY,1,SUCCESS,507,16,35,,,,0.4981988393701613,0.5071653199847788,0.0,0.0
16,91,0xe4cb50a6,0x94d13729,RTL_FIXED_NORMAL,SERVER_CPU,PYTHON_FIXED_MODEL_WALL,1,SUCCESS,10931,17,53,53,,,0.01303818286396563,0.01303818286396563,,
16,91,0xe4cb50a6,0x94d13729,SOFTWARE_K4H4,SERVER_CPU,PYTHON_FIXED_MODEL_WALL,1,SUCCESS,10931,17,53,18,,,0.006287750788033009,0.006287750788033009,,
16,91,0xe4cb50a6,0x94d13729,SOFTWARE_K3H3,SERVER_CPU,PYTHON_FIXED_MODEL_WALL,1,SUCCESS,10931,17,53,18,,,0.0056694550439715385,0.0056694550439715385,,
16,92,0xa0882219,0x18f75d24,NUMPY_FLOAT64,SERVER_CPU,NUMPY_CORE_ONLY,1,SUCCESS,10931,18,55,,,,0.003745316294953227,0.008271855069324374,,
16,92,0xa0882219,0x18f75d24,QISKIT_AER_STATEVECTOR,SERVER_CPU,AER_EXECUTION_ONLY,1,SUCCESS,10931,18,55,,,,0.7058660956099629,0.7147248829714954,0.0,0.0
16,92,0xa0882219,0x18f75d24,RTL_FIXED_NORMAL,SERVER_CPU,PYTHON_FIXED_MODEL_WALL,1,SUCCESS,507,20,86,86,,,0.012903181137517095,0.012903181137517095,,
16,92,0xa0882219,0x18f75d24,SOFTWARE_K4H4,SERVER_CPU,PYTHON_FIXED_MODEL_WALL,1,SUCCESS,507,20,86,23,,,0.006586194969713688,0.006586194969713688,,
16,92,0xa0882219,0x18f75d24,SOFTWARE_K3H3,SERVER_CPU,PYTHON_FIXED_MODEL_WALL,1,SUCCESS,507,20,86,25,,,0.006835990119725466,0.006835990119725466,,
16,93,0xc435e6f2,0xf75a52bc,NUMPY_FLOAT64,SERVER_CPU,NUMPY_CORE_ONLY,1,SUCCESS,5281,15,45,,,,0.002996092662215233,0.005989613011479378,,
16,93,0xc435e6f2,0xf75a52bc,QISKIT_AER_STATEVECTOR,SERVER_CPU,AER_EXECUTION_ONLY,1,SUCCESS,5281,15,45,,,,0.5542182382196188,0.561893898062408,0.0,0.0
16,93,0xc435e6f2,0xf75a52bc,RTL_FIXED_NORMAL,SERVER_CPU,PYTHON_FIXED_MODEL_WALL,1,SUCCESS,5281,15,45,45,,,0.008520178962498903,0.008520178962498903,,
16,93,0xc435e6f2,0xf75a52bc,SOFTWARE_K4H4,SERVER_CPU,PYTHON_FIXED_MODEL_WALL,1,SUCCESS,5281,15,45,10,,,0.004375757882371545,0.004375757882371545,,
16,93,0xc435e6f2,0xf75a52bc,SOFTWARE_K3H3,SERVER_CPU,PYTHON_FIXED_MODEL_WALL,1,SUCCESS,5281,15,45,10,,,0.004330626921728253,0.004330626921728253,,
16,94,0x011b63f0,0x0aa34346,NUMPY_FLOAT64,SERVER_CPU,NUMPY_CORE_ONLY,1,SUCCESS,10931,15,31,,,,0.0021809255704283714,0.005112073151394725,,
16,94,0x011b63f0,0x0aa34346,QISKIT_AER_STATEVECTOR,SERVER_CPU,AER_EXECUTION_ONLY,1,SUCCESS,10931,15,31,,,,0.39053510851226747,0.39788777683861554,0.0,0.0
16,94,0x011b63f0,0x0aa34346,RTL_FIXED_NORMAL,SERVER_CPU,PYTHON_FIXED_MODEL_WALL,1,SUCCESS,1721,17,40,40,,,0.007150470046326518,0.007150470046326518,,
16,94,0x011b63f0,0x0aa34346,SOFTWARE_K4H4,SERVER_CPU,PYTHON_FIXED_MODEL_WALL,1,SUCCESS,1721,17,40,10,,,0.004683793988078833,0.004683793988078833,,
16,94,0x011b63f0,0x0aa34346,SOFTWARE_K3H3,SERVER_CPU,PYTHON_FIXED_MODEL_WALL,1,SUCCESS,1721,17,40,14,,,0.005068046972155571,0.005068046972155571,,
16,95,0x1b456e77,0xee460f94,NUMPY_FLOAT64,SERVER_CPU,NUMPY_CORE_ONLY,1,SUCCESS,4724,10,12,,,,0.0010633671190589666,0.0030154988635331392,,
16,95,0x1b456e77,0xee460f94,QISKIT_AER_STATEVECTOR,SERVER_CPU,AER_EXECUTION_ONLY,1,SUCCESS,4724,10,12,,,,0.16323785088025033,0.16869393200613558,0.0,0.0
16,95,0x1b456e77,0xee460f94,RTL_FIXED_NORMAL,SERVER_CPU,PYTHON_FIXED_MODEL_WALL,1,SUCCESS,4724,10,12,12,,,0.004312410019338131,0.004312410019338131,,
16,95,0x1b456e77,0xee460f94,SOFTWARE_K4H4,SERVER_CPU,PYTHON_FIXED_MODEL_WALL,1,SUCCESS,4724,10,12,5,,,0.002838871208950877,0.002838871208950877,,
16,95,0x1b456e77,0xee460f94,SOFTWARE_K3H3,SERVER_CPU,PYTHON_FIXED_MODEL_WALL,1,SUCCESS,4724,10,12,5,,,0.0026626051403582096,0.0026626051403582096,,
16,96,0x10088608,0xef418331,NUMPY_FLOAT64,SERVER_CPU,NUMPY_CORE_ONLY,1,SUCCESS,3947,17,42,,,,0.0028795700054615736,0.006221391027793288,,
16,96,0x10088608,0xef418331,QISKIT_AER_STATEVECTOR,SERVER_CPU,AER_EXECUTION_ONLY,1,SUCCESS,3947,17,42,,,,0.5308795752935112,0.5394531120546162,0.0,0.0
16,96,0x10088608,0xef418331,RTL_FIXED_NORMAL,SERVER_CPU,PYTHON_FIXED_MODEL_WALL,1,SUCCESS,4724,17,42,42,,,0.007579523837193847,0.007579523837193847,,
16,96,0x10088608,0xef418331,SOFTWARE_K4H4,SERVER_CPU,PYTHON_FIXED_MODEL_WALL,1,SUCCESS,4724,17,42,11,,,0.0048282688949257135,0.0048282688949257135,,
16,96,0x10088608,0xef418331,SOFTWARE_K3H3,SERVER_CPU,PYTHON_FIXED_MODEL_WALL,1,SUCCESS,4724,17,42,11,,,0.004590975819155574,0.004590975819155574,,
16,97,0x6fcfc352,0xf8fa9f4c,NUMPY_FLOAT64,SERVER_CPU,NUMPY_CORE_ONLY,1,SUCCESS,1801,16,33,,,,0.0023253189865499735,0.005394546082243323,,
16,97,0x6fcfc352,0xf8fa9f4c,QISKIT_AER_STATEVECTOR,SERVER_CPU,AER_EXECUTION_ONLY,1,SUCCESS,1801,16,33,,,,0.4612271562218666,0.4692653480451554,0.0,0.0
16,97,0x6fcfc352,0xf8fa9f4c,RTL_FIXED_NORMAL,SERVER_CPU,PYTHON_FIXED_MODEL_WALL,1,SUCCESS,1801,16,33,33,,,0.006311625009402633,0.006311625009402633,,
16,97,0x6fcfc352,0xf8fa9f4c,SOFTWARE_K4H4,SERVER_CPU,PYTHON_FIXED_MODEL_WALL,1,SUCCESS,1801,16,33,14,,,0.004922578111290932,0.004922578111290932,,
16,97,0x6fcfc352,0xf8fa9f4c,SOFTWARE_K3H3,SERVER_CPU,PYTHON_FIXED_MODEL_WALL,1,SUCCESS,1801,16,33,16,,,0.005052939988672733,0.005052939988672733,,
16,98,0xfb6077af,0x713595a9,NUMPY_FLOAT64,SERVER_CPU,NUMPY_CORE_ONLY,1,SUCCESS,1801,13,20,,,,0.0016280675772577524,0.00412681489251554,,
16,98,0xfb6077af,0x713595a9,QISKIT_AER_STATEVECTOR,SERVER_CPU,AER_EXECUTION_ONLY,1,SUCCESS,1801,13,20,,,,0.23398135579191148,0.23944871895946562,0.0,0.0
16,98,0xfb6077af,0x713595a9,RTL_FIXED_NORMAL,SERVER_CPU,PYTHON_FIXED_MODEL_WALL,1,SUCCESS,1801,13,20,20,,,0.00546666095033288,0.00546666095033288,,
16,98,0xfb6077af,0x713595a9,SOFTWARE_K4H4,SERVER_CPU,PYTHON_FIXED_MODEL_WALL,1,SUCCESS,1801,13,20,7,,,0.004262842936441302,0.004262842936441302,,
16,98,0xfb6077af,0x713595a9,SOFTWARE_K3H3,SERVER_CPU,PYTHON_FIXED_MODEL_WALL,1,SUCCESS,1801,13,20,7,,,0.004074427066370845,0.004074427066370845,,
16,99,0xc6ebb72e,0x08fdf109,NUMPY_FLOAT64,SERVER_CPU,NUMPY_CORE_ONLY,1,SUCCESS,5281,13,23,,,,0.0020174661185592413,0.004947475157678127,,
16,99,0xc6ebb72e,0x08fdf109,QISKIT_AER_STATEVECTOR,SERVER_CPU,AER_EXECUTION_ONLY,1,SUCCESS,5281,13,23,,,,0.33082417538389564,0.3378707531373948,0.0,0.0
16,99,0xc6ebb72e,0x08fdf109,RTL_FIXED_NORMAL,SERVER_CPU,PYTHON_FIXED_MODEL_WALL,1,SUCCESS,15288,21,101,101,,,0.014217648888006806,0.014217648888006806,,
16,99,0xc6ebb72e,0x08fdf109,SOFTWARE_K4H4,SERVER_CPU,PYTHON_FIXED_MODEL_WALL,1,SUCCESS,15288,21,101,31,,,0.007377326022833586,0.007377326022833586,,
16,99,0xc6ebb72e,0x08fdf109,SOFTWARE_K3H3,SERVER_CPU,PYTHON_FIXED_MODEL_WALL,1,SUCCESS,15288,21,101,31,,,0.00987476110458374,0.00987476110458374,,
64,0,0x7b1dcdaf,0x24370df2,NUMPY_FLOAT64,SERVER_CPU,NUMPY_CORE_ONLY,1,SUCCESS,2852,6,4,,,,0.0005226216744631529,0.0018931569065898657,,
64,0,0x7b1dcdaf,0x24370df2,QISKIT_AER_STATEVECTOR,SERVER_CPU,AER_EXECUTION_ONLY,1,SUCCESS,2852,6,4,,,,0.07751250406727195,0.39315791986882687,0.06330098980106413,0.23895987193100154
64,0,0x7b1dcdaf,0x24370df2,RTL_FIXED_NORMAL,SERVER_CPU,PYTHON_FIXED_MODEL_WALL,1,SUCCESS,2852,6,4,4,,,0.002106843050569296,0.002106843050569296,,
64,0,0x7b1dcdaf,0x24370df2,SOFTWARE_K4H4,SERVER_CPU,PYTHON_FIXED_MODEL_WALL,1,SUCCESS,2852,6,4,2,,,0.0016927600372582674,0.0016927600372582674,,
64,0,0x7b1dcdaf,0x24370df2,SOFTWARE_K3H3,SERVER_CPU,PYTHON_FIXED_MODEL_WALL,1,SUCCESS,2852,6,4,2,,,0.001636262983083725,0.001636262983083725,,
64,1,0x3a85a4dc,0xa3b9aa35,NUMPY_FLOAT64,SERVER_CPU,NUMPY_CORE_ONLY,1,SUCCESS,507,13,14,,,,0.001785137690603733,0.004767399048432708,,
64,1,0x3a85a4dc,0xa3b9aa35,QISKIT_AER_STATEVECTOR,SERVER_CPU,AER_EXECUTION_ONLY,1,SUCCESS,507,13,14,,,,0.16758946632035077,0.7700734219979495,0.21637388691306114,0.3593056781683117
64,1,0x3a85a4dc,0xa3b9aa35,RTL_FIXED_NORMAL,SERVER_CPU,PYTHON_FIXED_MODEL_WALL,1,SUCCESS,8685,13,14,14,,,0.004384801024571061,0.004384801024571061,,
64,1,0x3a85a4dc,0xa3b9aa35,SOFTWARE_K4H4,SERVER_CPU,PYTHON_FIXED_MODEL_WALL,1,SUCCESS,8685,13,14,5,,,0.0034240439999848604,0.0034240439999848604,,
64,1,0x3a85a4dc,0xa3b9aa35,SOFTWARE_K3H3,SERVER_CPU,PYTHON_FIXED_MODEL_WALL,1,SUCCESS,8685,13,14,5,,,0.0030665379017591476,0.0030665379017591476,,
64,2,0x6162a8b2,0x871c276f,NUMPY_FLOAT64,SERVER_CPU,NUMPY_CORE_ONLY,1,SUCCESS,8089,7,3,,,,0.0005253867711871862,0.001989525044336915,,
64,2,0x6162a8b2,0x871c276f,QISKIT_AER_STATEVECTOR,SERVER_CPU,AER_EXECUTION_ONLY,1,SUCCESS,8089,7,3,,,,0.03493207995779812,0.037561526987701654,0.0,0.0
64,2,0x6162a8b2,0x871c276f,RTL_FIXED_NORMAL,SERVER_CPU,PYTHON_FIXED_MODEL_WALL,1,SUCCESS,8089,7,3,3,,,0.0018050731159746647,0.0018050731159746647,,
64,2,0x6162a8b2,0x871c276f,SOFTWARE_K4H4,SERVER_CPU,PYTHON_FIXED_MODEL_WALL,1,SUCCESS,8089,7,3,2,,,0.0017961901612579823,0.0017961901612579823,,
64,2,0x6162a8b2,0x871c276f,SOFTWARE_K3H3,SERVER_CPU,PYTHON_FIXED_MODEL_WALL,1,SUCCESS,8089,7,3,2,,,0.0017112488858401775,0.0017112488858401775,,
64,3,0xc3adc34e,0xf5b8f22b,NUMPY_FLOAT64,SERVER_CPU,NUMPY_CORE_ONLY,1,SUCCESS,4876,13,19,,,,0.0015888263005763292,0.0041477910708636045,,
64,3,0xc3adc34e,0xf5b8f22b,QISKIT_AER_STATEVECTOR,SERVER_CPU,AER_EXECUTION_ONLY,1,SUCCESS,4876,13,19,,,,0.20430125575512648,0.35164075111970305,0.04441531584598124,0.09042367013171315
64,3,0xc3adc34e,0xf5b8f22b,RTL_FIXED_NORMAL,SERVER_CPU,PYTHON_FIXED_MODEL_WALL,1,SUCCESS,4876,13,19,19,,,0.005453782854601741,0.005453782854601741,,
64,3,0xc3adc34e,0xf5b8f22b,SOFTWARE_K4H4,SERVER_CPU,PYTHON_FIXED_MODEL_WALL,1,SUCCESS,4876,13,19,5,,,0.003522648010402918,0.003522648010402918,,
64,3,0xc3adc34e,0xf5b8f22b,SOFTWARE_K3H3,SERVER_CPU,PYTHON_FIXED_MODEL_WALL,1,SUCCESS,4876,13,19,5,,,0.0031791250221431255,0.0031791250221431255,,
64,4,0x2bb073ff,0x3f8396e3,NUMPY_FLOAT64,SERVER_CPU,NUMPY_CORE_ONLY,1,SUCCESS,4720,8,4,,,,0.0006218140479177237,0.002208254998549819,,
64,4,0x2bb073ff,0x3f8396e3,QISKIT_AER_STATEVECTOR,SERVER_CPU,AER_EXECUTION_ONLY,1,SUCCESS,4720,8,4,,,,0.04534865194000304,0.048181885154917836,0.0,0.0
64,4,0x2bb073ff,0x3f8396e3,RTL_FIXED_NORMAL,SERVER_CPU,PYTHON_FIXED_MODEL_WALL,1,SUCCESS,4720,8,4,4,,,0.0020488270092755556,0.0020488270092755556,,
64,4,0x2bb073ff,0x3f8396e3,SOFTWARE_K4H4,SERVER_CPU,PYTHON_FIXED_MODEL_WALL,1,SUCCESS,4720,8,4,2,,,0.001901733921840787,0.001901733921840787,,
64,4,0x2bb073ff,0x3f8396e3,SOFTWARE_K3H3,SERVER_CPU,PYTHON_FIXED_MODEL_WALL,1,SUCCESS,4720,8,4,2,,,0.0018627550452947617,0.0018627550452947617,,
64,5,0xda585ab3,0xa7197ad7,NUMPY_FLOAT64,SERVER_CPU,NUMPY_CORE_ONLY,1,SUCCESS,4876,18,40,,,,0.002974289935082197,0.006580726010724902,,
64,5,0xda585ab3,0xa7197ad7,QISKIT_AER_STATEVECTOR,SERVER_CPU,AER_EXECUTION_ONLY,1,SUCCESS,4876,18,40,,,,0.5566343781538308,1.271693741902709,0.29709339095279574,0.35166215407662094
64,5,0xda585ab3,0xa7197ad7,RTL_FIXED_NORMAL,SERVER_CPU,PYTHON_FIXED_MODEL_WALL,1,SUCCESS,4876,18,40,40,,,0.01185808191075921,0.01185808191075921,,
64,5,0xda585ab3,0xa7197ad7,SOFTWARE_K4H4,SERVER_CPU,PYTHON_FIXED_MODEL_WALL,1,SUCCESS,4876,18,40,12,,,0.0055213249288499355,0.0055213249288499355,,
64,5,0xda585ab3,0xa7197ad7,SOFTWARE_K3H3,SERVER_CPU,PYTHON_FIXED_MODEL_WALL,1,SUCCESS,4876,18,40,12,,,0.005400015041232109,0.005400015041232109,,
64,6,0x0ed109c0,0x5701ce52,NUMPY_FLOAT64,SERVER_CPU,NUMPY_CORE_ONLY,1,SUCCESS,7786,12,24,,,,0.001913328655064106,0.004667513072490692,,
64,6,0x0ed109c0,0x5701ce52,QISKIT_AER_STATEVECTOR,SERVER_CPU,AER_EXECUTION_ONLY,1,SUCCESS,7786,12,24,,,,0.33738833642564714,0.637006042059511,0.12354155909270048,0.15512814396061003
64,6,0x0ed109c0,0x5701ce52,RTL_FIXED_NORMAL,SERVER_CPU,PYTHON_FIXED_MODEL_WALL,1,SUCCESS,7786,12,24,24,,,0.005261669866740704,0.005261669866740704,,
64,6,0x0ed109c0,0x5701ce52,SOFTWARE_K4H4,SERVER_CPU,PYTHON_FIXED_MODEL_WALL,1,SUCCESS,7786,12,24,6,,,0.0035905020777136087,0.0035905020777136087,,
64,6,0x0ed109c0,0x5701ce52,SOFTWARE_K3H3,SERVER_CPU,PYTHON_FIXED_MODEL_WALL,1,SUCCESS,7786,12,24,6,,,0.0032526489812880754,0.0032526489812880754,,
64,7,0x102ecf73,0x53c7612b,NUMPY_FLOAT64,SERVER_CPU,NUMPY_CORE_ONLY,1,SUCCESS,5281,12,25,,,,0.001822059042751789,0.004141394980251789,,
64,7,0x102ecf73,0x53c7612b,QISKIT_AER_STATEVECTOR,SERVER_CPU,AER_EXECUTION_ONLY,1,SUCCESS,5281,12,25,,,,0.3084077346138656,0.6118443221785128,0.1389120719395578,0.1451381160877645
64,7,0x102ecf73,0x53c7612b,RTL_FIXED_NORMAL,SERVER_CPU,PYTHON_FIXED_MODEL_WALL,1,SUCCESS,1801,12,25,25,,,0.005104618147015572,0.005104618147015572,,
64,7,0x102ecf73,0x53c7612b,SOFTWARE_K4H4,SERVER_CPU,PYTHON_FIXED_MODEL_WALL,1,SUCCESS,1801,12,25,7,,,0.003717126091942191,0.003717126091942191,,
64,7,0x102ecf73,0x53c7612b,SOFTWARE_K3H3,SERVER_CPU,PYTHON_FIXED_MODEL_WALL,1,SUCCESS,1801,12,25,7,,,0.003424486145377159,0.003424486145377159,,
64,8,0xcf29b6a1,0x35231a84,NUMPY_FLOAT64,SERVER_CPU,NUMPY_CORE_ONLY,1,SUCCESS,2335,12,20,,,,0.001660279929637909,0.004038386046886444,,
64,8,0xcf29b6a1,0x35231a84,QISKIT_AER_STATEVECTOR,SERVER_CPU,AER_EXECUTION_ONLY,1,SUCCESS,2335,12,20,,,,0.260362213710323,0.2657454290892929,0.0,0.0
64,8,0xcf29b6a1,0x35231a84,RTL_FIXED_NORMAL,SERVER_CPU,PYTHON_FIXED_MODEL_WALL,1,SUCCESS,3304,11,13,13,,,0.003672298975288868,0.003672298975288868,,
64,8,0xcf29b6a1,0x35231a84,SOFTWARE_K4H4,SERVER_CPU,PYTHON_FIXED_MODEL_WALL,1,SUCCESS,3304,11,13,5,,,0.0030660140328109264,0.0030660140328109264,,
64,8,0xcf29b6a1,0x35231a84,SOFTWARE_K3H3,SERVER_CPU,PYTHON_FIXED_MODEL_WALL,1,SUCCESS,3304,11,13,5,,,0.0028506701346486807,0.0028506701346486807,,
64,9,0xc49cbb42,0xd0a3bbb8,NUMPY_FLOAT64,SERVER_CPU,NUMPY_CORE_ONLY,1,SUCCESS,12001,1,0,,,,6.0758087784051895e-05,0.00034871697425842285,,
64,9,0xc49cbb42,0xd0a3bbb8,QISKIT_AER_STATEVECTOR,SERVER_CPU,AER_EXECUTION_ONLY,1,SUCCESS,12001,1,0,,,,0.0012893450912088156,0.0017464288976043463,0.0,0.0
64,9,0xc49cbb42,0xd0a3bbb8,RTL_FIXED_NORMAL,SERVER_CPU,PYTHON_FIXED_MODEL_WALL,1,SUCCESS,12001,1,0,0,,,0.000346445944160223,0.000346445944160223,,
64,9,0xc49cbb42,0xd0a3bbb8,SOFTWARE_K4H4,SERVER_CPU,PYTHON_FIXED_MODEL_WALL,1,SUCCESS,12001,1,0,0,,,0.0003377480898052454,0.0003377480898052454,,
64,9,0xc49cbb42,0xd0a3bbb8,SOFTWARE_K3H3,SERVER_CPU,PYTHON_FIXED_MODEL_WALL,1,SUCCESS,12001,1,0,0,,,0.00036394502967596054,0.00036394502967596054,,
64,10,0x4cc51d23,0xee0e3ab4,NUMPY_FLOAT64,SERVER_CPU,NUMPY_CORE_ONLY,1,SUCCESS,8685,5,4,,,,0.0005249034147709608,0.0016866989899426699,,
64,10,0x4cc51d23,0xee0e3ab4,QISKIT_AER_STATEVECTOR,SERVER_CPU,AER_EXECUTION_ONLY,1,SUCCESS,8685,5,4,,,,0.05091797700151801,0.05304822605103254,0.0,0.0
64,10,0x4cc51d23,0xee0e3ab4,RTL_FIXED_NORMAL,SERVER_CPU,PYTHON_FIXED_MODEL_WALL,1,SUCCESS,8685,5,4,4,,,0.0019528840202838182,0.0019528840202838182,,
64,10,0x4cc51d23,0xee0e3ab4,SOFTWARE_K4H4,SERVER_CPU,PYTHON_FIXED_MODEL_WALL,1,SUCCESS,8685,5,4,2,,,0.0014515630900859833,0.0014515630900859833,,
64,10,0x4cc51d23,0xee0e3ab4,SOFTWARE_K3H3,SERVER_CPU,PYTHON_FIXED_MODEL_WALL,1,SUCCESS,8685,5,4,2,,,0.0013647170271724463,0.0013647170271724463,,
64,11,0xf9e8aa7a,0x3208c31a,NUMPY_FLOAT64,SERVER_CPU,NUMPY_CORE_ONLY,1,SUCCESS,682,12,19,,,,0.0016640641260892153,0.003986718133091927,,
64,11,0xf9e8aa7a,0x3208c31a,QISKIT_AER_STATEVECTOR,SERVER_CPU,AER_EXECUTION_ONLY,1,SUCCESS,682,12,19,,,,0.23980896780267358,0.24519998696632683,0.0,0.0
64,11,0xf9e8aa7a,0x3208c31a,RTL_FIXED_NORMAL,SERVER_CPU,PYTHON_FIXED_MODEL_WALL,1,SUCCESS,682,12,19,19,,,0.0049494251143187284,0.0049494251143187284,,
64,11,0xf9e8aa7a,0x3208c31a,SOFTWARE_K4H4,SERVER_CPU,PYTHON_FIXED_MODEL_WALL,1,SUCCESS,682,12,19,7,,,0.0039879269897937775,0.0039879269897937775,,
64,11,0xf9e8aa7a,0x3208c31a,SOFTWARE_K3H3,SERVER_CPU,PYTHON_FIXED_MODEL_WALL,1,SUCCESS,682,12,19,7,,,0.0034696829970926046,0.0034696829970926046,,
64,12,0xdda8b051,0xc8105c9d,NUMPY_FLOAT64,SERVER_CPU,NUMPY_CORE_ONLY,1,SUCCESS,26,14,20,,,,0.0019091018475592136,0.004803754854947329,,
64,12,0xdda8b051,0xc8105c9d,QISKIT_AER_STATEVECTOR,SERVER_CPU,AER_EXECUTION_ONLY,1,SUCCESS,26,14,20,,,,0.27965943911112845,0.820766142103821,0.21986503805965185,0.28949114913120866
64,12,0xdda8b051,0xc8105c9d,RTL_FIXED_NORMAL,SERVER_CPU,PYTHON_FIXED_MODEL_WALL,1,SUCCESS,26,14,20,20,,,0.005050590028986335,0.005050590028986335,,
64,12,0xdda8b051,0xc8105c9d,SOFTWARE_K4H4,SERVER_CPU,PYTHON_FIXED_MODEL_WALL,1,SUCCESS,26,14,20,10,,,0.004446835955604911,0.004446835955604911,,
64,12,0xdda8b051,0xc8105c9d,SOFTWARE_K3H3,SERVER_CPU,PYTHON_FIXED_MODEL_WALL,1,SUCCESS,26,14,20,10,,,0.003938964102417231,0.003938964102417231,,
64,13,0xabfb11bf,0xf5dec75e,NUMPY_FLOAT64,SERVER_CPU,NUMPY_CORE_ONLY,1,SUCCESS,9302,11,17,,,,0.0013908729888498783,0.003568195039406419,,
64,13,0xabfb11bf,0xf5dec75e,QISKIT_AER_STATEVECTOR,SERVER_CPU,AER_EXECUTION_ONLY,1,SUCCESS,9302,11,17,,,,0.18781341495923698,0.19244625605642796,0.0,0.0
64,13,0xabfb11bf,0xf5dec75e,RTL_FIXED_NORMAL,SERVER_CPU,PYTHON_FIXED_MODEL_WALL,1,SUCCESS,9302,11,17,17,,,0.003992549842223525,0.003992549842223525,,
64,13,0xabfb11bf,0xf5dec75e,SOFTWARE_K4H4,SERVER_CPU,PYTHON_FIXED_MODEL_WALL,1,SUCCESS,9302,11,17,4,,,0.002841496141627431,0.002841496141627431,,
64,13,0xabfb11bf,0xf5dec75e,SOFTWARE_K3H3,SERVER_CPU,PYTHON_FIXED_MODEL_WALL,1,SUCCESS,9302,11,17,4,,,0.002665678970515728,0.002665678970515728,,
64,14,0x20639811,0x6b6a7c47,NUMPY_FLOAT64,SERVER_CPU,NUMPY_CORE_ONLY,1,SUCCESS,14567,12,19,,,,0.0015034193638712168,0.003831892041489482,,
64,14,0x20639811,0x6b6a7c47,QISKIT_AER_STATEVECTOR,SERVER_CPU,AER_EXECUTION_ONLY,1,SUCCESS,14567,12,19,,,,0.19566166959702969,0.20058315596543252,0.0,0.0
64,14,0x20639811,0x6b6a7c47,RTL_FIXED_NORMAL,SERVER_CPU,PYTHON_FIXED_MODEL_WALL,1,SUCCESS,14567,12,19,19,,,0.00433467305265367,0.00433467305265367,,
64,14,0x20639811,0x6b6a7c47,SOFTWARE_K4H4,SERVER_CPU,PYTHON_FIXED_MODEL_WALL,1,SUCCESS,14567,12,19,6,,,0.003151221899315715,0.003151221899315715,,
64,14,0x20639811,0x6b6a7c47,SOFTWARE_K3H3,SERVER_CPU,PYTHON_FIXED_MODEL_WALL,1,SUCCESS,14567,12,19,6,,,0.003100273897871375,0.003100273897871375,,
64,15,0xac72acd2,0xca84bc6c,NUMPY_FLOAT64,SERVER_CPU,NUMPY_CORE_ONLY,1,SUCCESS,7400,10,7,,,,0.0008799957577139139,0.0028089447878301144,,
64,15,0xac72acd2,0xca84bc6c,QISKIT_AER_STATEVECTOR,SERVER_CPU,AER_EXECUTION_ONLY,1,SUCCESS,7400,10,7,,,,0.09641593648120761,0.10016304510645568,0.0,0.0
64,15,0xac72acd2,0xca84bc6c,RTL_FIXED_NORMAL,SERVER_CPU,PYTHON_FIXED_MODEL_WALL,1,SUCCESS,7400,10,7,7,,,0.0027976608835160732,0.0027976608835160732,,
64,15,0xac72acd2,0xca84bc6c,SOFTWARE_K4H4,SERVER_CPU,PYTHON_FIXED_MODEL_WALL,1,SUCCESS,7400,10,7,4,,,0.0029540141113102436,0.0029540141113102436,,
64,15,0xac72acd2,0xca84bc6c,SOFTWARE_K3H3,SERVER_CPU,PYTHON_FIXED_MODEL_WALL,1,SUCCESS,7400,10,7,4,,,0.0024281200021505356,0.0024281200021505356,,
64,16,0x49a2da79,0xe1376725,NUMPY_FLOAT64,SERVER_CPU,NUMPY_CORE_ONLY,1,SUCCESS,10839,13,30,,,,0.0021318744402378798,0.004727050894871354,,
64,16,0x49a2da79,0xe1376725,QISKIT_AER_STATEVECTOR,SERVER_CPU,AER_EXECUTION_ONLY,1,SUCCESS,10839,13,30,,,,0.3859443359542638,0.3923249621875584,0.0,0.0
64,16,0x49a2da79,0xe1376725,RTL_FIXED_NORMAL,SERVER_CPU,PYTHON_FIXED_MODEL_WALL,1,SUCCESS,10839,13,30,30,,,0.00642370292916894,0.00642370292916894,,
64,16,0x49a2da79,0xe1376725,SOFTWARE_K4H4,SERVER_CPU,PYTHON_FIXED_MODEL_WALL,1,SUCCESS,10839,13,30,8,,,0.003715077880769968,0.003715077880769968,,
64,16,0x49a2da79,0xe1376725,SOFTWARE_K3H3,SERVER_CPU,PYTHON_FIXED_MODEL_WALL,1,SUCCESS,10839,13,30,8,,,0.0036524119786918163,0.0036524119786918163,,
64,17,0x63a4e9d7,0x6166dba4,NUMPY_FLOAT64,SERVER_CPU,NUMPY_CORE_ONLY,1,SUCCESS,6247,7,6,,,,0.0008176930714398623,0.0024159690365195274,,
64,17,0x63a4e9d7,0x6166dba4,QISKIT_AER_STATEVECTOR,SERVER_CPU,AER_EXECUTION_ONLY,1,SUCCESS,6247,7,6,,,,0.08418255392462015,0.08704266790300608,0.0,0.0
64,17,0x63a4e9d7,0x6166dba4,RTL_FIXED_NORMAL,SERVER_CPU,PYTHON_FIXED_MODEL_WALL,1,SUCCESS,6247,7,6,6,,,0.0038150381296873093,0.0038150381296873093,,
64,17,0x63a4e9d7,0x6166dba4,SOFTWARE_K4H4,SERVER_CPU,PYTHON_FIXED_MODEL_WALL,1,SUCCESS,6247,7,6,2,,,0.0018683800008147955,0.0018683800008147955,,
64,17,0x63a4e9d7,0x6166dba4,SOFTWARE_K3H3,SERVER_CPU,PYTHON_FIXED_MODEL_WALL,1,SUCCESS,6247,7,6,2,,,0.0018038959242403507,0.0018038959242403507,,
64,18,0x8983f102,0x43fb6183,NUMPY_FLOAT64,SERVER_CPU,NUMPY_CORE_ONLY,1,SUCCESS,14542,9,8,,,,0.0008976315148174763,0.0028607191052287817,,
64,18,0x8983f102,0x43fb6183,QISKIT_AER_STATEVECTOR,SERVER_CPU,AER_EXECUTION_ONLY,1,SUCCESS,14542,9,8,,,,0.08683235221542418,0.09041094896383584,0.0,0.0
64,18,0x8983f102,0x43fb6183,RTL_FIXED_NORMAL,SERVER_CPU,PYTHON_FIXED_MODEL_WALL,1,SUCCESS,14542,9,8,8,,,0.002845308044925332,0.002845308044925332,,
64,18,0x8983f102,0x43fb6183,SOFTWARE_K4H4,SERVER_CPU,PYTHON_FIXED_MODEL_WALL,1,SUCCESS,14542,9,8,4,,,0.0025268890894949436,0.0025268890894949436,,
64,18,0x8983f102,0x43fb6183,SOFTWARE_K3H3,SERVER_CPU,PYTHON_FIXED_MODEL_WALL,1,SUCCESS,14542,9,8,4,,,0.0022905850782990456,0.0022905850782990456,,
64,19,0xb671aa78,0xc97ad8a2,NUMPY_FLOAT64,SERVER_CPU,NUMPY_CORE_ONLY,1,SUCCESS,4724,11,16,,,,0.001357466448098421,0.0035607588943094015,,
64,19,0xb671aa78,0xc97ad8a2,QISKIT_AER_STATEVECTOR,SERVER_CPU,AER_EXECUTION_ONLY,1,SUCCESS,4724,11,16,,,,0.2070577524136752,0.21267761196941137,0.0,0.0
64,19,0xb671aa78,0xc97ad8a2,RTL_FIXED_NORMAL,SERVER_CPU,PYTHON_FIXED_MODEL_WALL,1,SUCCESS,4724,11,16,16,,,0.004017853178083897,0.004017853178083897,,
64,19,0xb671aa78,0xc97ad8a2,SOFTWARE_K4H4,SERVER_CPU,PYTHON_FIXED_MODEL_WALL,1,SUCCESS,4724,11,16,6,,,0.0031482859048992395,0.0031482859048992395,,
64,19,0xb671aa78,0xc97ad8a2,SOFTWARE_K3H3,SERVER_CPU,PYTHON_FIXED_MODEL_WALL,1,SUCCESS,4724,11,16,6,,,0.0030324249528348446,0.0030324249528348446,,
64,20,0xdaeb566a,0x989e5b3d,NUMPY_FLOAT64,SERVER_CPU,NUMPY_CORE_ONLY,1,SUCCESS,14542,13,20,,,,0.0015909255016595125,0.00419124192558229,,
64,20,0xdaeb566a,0x989e5b3d,QISKIT_AER_STATEVECTOR,SERVER_CPU,AER_EXECUTION_ONLY,1,SUCCESS,14542,13,20,,,,0.29620006727054715,0.30286077805794775,0.0,0.0
64,20,0xdaeb566a,0x989e5b3d,RTL_FIXED_NORMAL,SERVER_CPU,PYTHON_FIXED_MODEL_WALL,1,SUCCESS,14542,13,20,20,,,0.006183623103424907,0.006183623103424907,,
64,20,0xdaeb566a,0x989e5b3d,SOFTWARE_K4H4,SERVER_CPU,PYTHON_FIXED_MODEL_WALL,1,SUCCESS,14542,13,20,5,,,0.0033657639287412167,0.0033657639287412167,,
64,20,0xdaeb566a,0x989e5b3d,SOFTWARE_K3H3,SERVER_CPU,PYTHON_FIXED_MODEL_WALL,1,SUCCESS,14542,13,20,5,,,0.0032195558305829763,0.0032195558305829763,,
64,21,0xf6181c00,0xa345ac4b,NUMPY_FLOAT64,SERVER_CPU,NUMPY_CORE_ONLY,1,SUCCESS,11647,13,18,,,,0.0015063006430864334,0.004027562914416194,,
64,21,0xf6181c00,0xa345ac4b,QISKIT_AER_STATEVECTOR,SERVER_CPU,AER_EXECUTION_ONLY,1,SUCCESS,11647,13,18,,,,0.23215750977396965,0.23768452391959727,0.0,0.0
64,21,0xf6181c00,0xa345ac4b,RTL_FIXED_NORMAL,SERVER_CPU,PYTHON_FIXED_MODEL_WALL,1,SUCCESS,11647,13,18,18,,,0.005952144972980022,0.005952144972980022,,
64,21,0xf6181c00,0xa345ac4b,SOFTWARE_K4H4,SERVER_CPU,PYTHON_FIXED_MODEL_WALL,1,SUCCESS,11647,13,18,6,,,0.0036567121278494596,0.0036567121278494596,,
64,21,0xf6181c00,0xa345ac4b,SOFTWARE_K3H3,SERVER_CPU,PYTHON_FIXED_MODEL_WALL,1,SUCCESS,11647,13,18,6,,,0.008756597992032766,0.008756597992032766,,
64,22,0x4e18d852,0xa08980df,NUMPY_FLOAT64,SERVER_CPU,NUMPY_CORE_ONLY,1,SUCCESS,4724,8,6,,,,0.0007130110170692205,0.0023221950978040695,,
64,22,0x4e18d852,0xa08980df,QISKIT_AER_STATEVECTOR,SERVER_CPU,AER_EXECUTION_ONLY,1,SUCCESS,4724,8,6,,,,0.08957037818618119,0.09302588901482522,0.0,0.0
64,22,0x4e18d852,0xa08980df,RTL_FIXED_NORMAL,SERVER_CPU,PYTHON_FIXED_MODEL_WALL,1,SUCCESS,4724,8,6,6,,,0.004244052106514573,0.004244052106514573,,
64,22,0x4e18d852,0xa08980df,SOFTWARE_K4H4,SERVER_CPU,PYTHON_FIXED_MODEL_WALL,1,SUCCESS,4724,8,6,3,,,0.00225407094694674,0.00225407094694674,,
64,22,0x4e18d852,0xa08980df,SOFTWARE_K3H3,SERVER_CPU,PYTHON_FIXED_MODEL_WALL,1,SUCCESS,4724,8,6,3,,,0.002045141998678446,0.002045141998678446,,
64,23,0xa035ceba,0x611de4c4,NUMPY_FLOAT64,SERVER_CPU,NUMPY_CORE_ONLY,1,SUCCESS,16090,10,13,,,,0.0011367902625352144,0.003101206151768565,,
64,23,0xa035ceba,0x611de4c4,QISKIT_AER_STATEVECTOR,SERVER_CPU,AER_EXECUTION_ONLY,1,SUCCESS,16090,10,13,,,,0.16475132224150002,0.16979201510548592,0.0,0.0
64,23,0xa035ceba,0x611de4c4,RTL_FIXED_NORMAL,SERVER_CPU,PYTHON_FIXED_MODEL_WALL,1,SUCCESS,16090,10,13,13,,,0.0050984949339181185,0.0050984949339181185,,
64,23,0xa035ceba,0x611de4c4,SOFTWARE_K4H4,SERVER_CPU,PYTHON_FIXED_MODEL_WALL,1,SUCCESS,16090,10,13,5,,,0.002931850031018257,0.002931850031018257,,
64,23,0xa035ceba,0x611de4c4,SOFTWARE_K3H3,SERVER_CPU,PYTHON_FIXED_MODEL_WALL,1,SUCCESS,16090,10,13,5,,,0.0026706040371209383,0.0026706040371209383,,
64,24,0xc2416ee4,0x7323f479,NUMPY_FLOAT64,SERVER_CPU,NUMPY_CORE_ONLY,1,SUCCESS,2888,3,2,,,,0.0002786789555102587,0.0009447268676012754,,
64,24,0xc2416ee4,0x7323f479,QISKIT_AER_STATEVECTOR,SERVER_CPU,AER_EXECUTION_ONLY,1,SUCCESS,2888,3,2,,,,0.021694670198485255,0.022833650931715965,0.0,0.0
64,24,0xc2416ee4,0x7323f479,RTL_FIXED_NORMAL,SERVER_CPU,PYTHON_FIXED_MODEL_WALL,1,SUCCESS,2888,3,2,2,,,0.000910281902179122,0.000910281902179122,,
64,24,0xc2416ee4,0x7323f479,SOFTWARE_K4H4,SERVER_CPU,PYTHON_FIXED_MODEL_WALL,1,SUCCESS,2888,3,2,1,,,0.0008662869222462177,0.0008662869222462177,,
64,24,0xc2416ee4,0x7323f479,SOFTWARE_K3H3,SERVER_CPU,PYTHON_FIXED_MODEL_WALL,1,SUCCESS,2888,3,2,1,,,0.0012791091576218605,0.0012791091576218605,,
64,25,0xfbdafbdd,0xa0c0cf2f,NUMPY_FLOAT64,SERVER_CPU,NUMPY_CORE_ONLY,1,SUCCESS,3073,6,3,,,,0.0006056670099496841,0.001999279949814081,,
64,25,0xfbdafbdd,0xa0c0cf2f,QISKIT_AER_STATEVECTOR,SERVER_CPU,AER_EXECUTION_ONLY,1,SUCCESS,3073,6,3,,,,0.03573297639377415,0.03837352502159774,0.0,0.0
64,25,0xfbdafbdd,0xa0c0cf2f,RTL_FIXED_NORMAL,SERVER_CPU,PYTHON_FIXED_MODEL_WALL,1,SUCCESS,3073,6,3,3,,,0.0024321861565113068,0.0024321861565113068,,
64,25,0xfbdafbdd,0xa0c0cf2f,SOFTWARE_K4H4,SERVER_CPU,PYTHON_FIXED_MODEL_WALL,1,SUCCESS,3073,6,3,2,,,0.0016971540171653032,0.0016971540171653032,,
64,25,0xfbdafbdd,0xa0c0cf2f,SOFTWARE_K3H3,SERVER_CPU,PYTHON_FIXED_MODEL_WALL,1,SUCCESS,3073,6,3,2,,,0.0015665809623897076,0.0015665809623897076,,
64,26,0xa43fbf47,0x8de97b10,NUMPY_FLOAT64,SERVER_CPU,NUMPY_CORE_ONLY,1,SUCCESS,8225,12,13,,,,0.0012917539570480585,0.0037252178881317377,,
64,26,0xa43fbf47,0x8de97b10,QISKIT_AER_STATEVECTOR,SERVER_CPU,AER_EXECUTION_ONLY,1,SUCCESS,8225,12,13,,,,0.13202116102911532,0.13686161721125245,0.0,0.0
64,26,0xa43fbf47,0x8de97b10,RTL_FIXED_NORMAL,SERVER_CPU,PYTHON_FIXED_MODEL_WALL,1,SUCCESS,8225,12,13,13,,,0.0042335588950663805,0.0042335588950663805,,
64,26,0xa43fbf47,0x8de97b10,SOFTWARE_K4H4,SERVER_CPU,PYTHON_FIXED_MODEL_WALL,1,SUCCESS,8225,12,13,6,,,0.003352352185174823,0.003352352185174823,,
64,26,0xa43fbf47,0x8de97b10,SOFTWARE_K3H3,SERVER_CPU,PYTHON_FIXED_MODEL_WALL,1,SUCCESS,8225,12,13,6,,,0.003147608833387494,0.003147608833387494,,
64,27,0x6811f7c1,0xcb07044a,NUMPY_FLOAT64,SERVER_CPU,NUMPY_CORE_ONLY,1,SUCCESS,173,10,11,,,,0.001044179778546095,0.0030764408875256777,,
64,27,0x6811f7c1,0xcb07044a,QISKIT_AER_STATEVECTOR,SERVER_CPU,AER_EXECUTION_ONLY,1,SUCCESS,173,10,11,,,,0.13322581117972732,0.13756655110046268,0.0,0.0
64,27,0x6811f7c1,0xcb07044a,RTL_FIXED_NORMAL,SERVER_CPU,PYTHON_FIXED_MODEL_WALL,1,SUCCESS,173,10,11,11,,,0.004595303907990456,0.004595303907990456,,
64,27,0x6811f7c1,0xcb07044a,SOFTWARE_K4H4,SERVER_CPU,PYTHON_FIXED_MODEL_WALL,1,SUCCESS,173,10,11,2,,,0.0023284819908440113,0.0023284819908440113,,
64,27,0x6811f7c1,0xcb07044a,SOFTWARE_K3H3,SERVER_CPU,PYTHON_FIXED_MODEL_WALL,1,SUCCESS,173,10,11,2,,,0.0028799450956285,0.0028799450956285,,
64,28,0x610dde2c,0x8cf5deb9,NUMPY_FLOAT64,SERVER_CPU,NUMPY_CORE_ONLY,1,SUCCESS,10593,10,14,,,,0.001222450053319335,0.0032480028457939625,,
64,28,0x610dde2c,0x8cf5deb9,QISKIT_AER_STATEVECTOR,SERVER_CPU,AER_EXECUTION_ONLY,1,SUCCESS,10593,10,14,,,,0.16442107502371073,0.16831558500416577,0.0,0.0
64,28,0x610dde2c,0x8cf5deb9,RTL_FIXED_NORMAL,SERVER_CPU,PYTHON_FIXED_MODEL_WALL,1,SUCCESS,10593,10,14,14,,,0.004245183197781444,0.004245183197781444,,
64,28,0x610dde2c,0x8cf5deb9,SOFTWARE_K4H4,SERVER_CPU,PYTHON_FIXED_MODEL_WALL,1,SUCCESS,10593,10,14,5,,,0.00353804393671453,0.00353804393671453,,
64,28,0x610dde2c,0x8cf5deb9,SOFTWARE_K3H3,SERVER_CPU,PYTHON_FIXED_MODEL_WALL,1,SUCCESS,10593,10,14,5,,,0.003403776790946722,0.003403776790946722,,
64,29,0x82241b87,0xbbe27f39,NUMPY_FLOAT64,SERVER_CPU,NUMPY_CORE_ONLY,1,SUCCESS,14542,7,6,,,,0.0006673585157841444,0.0021313359029591084,,
64,29,0x82241b87,0xbbe27f39,QISKIT_AER_STATEVECTOR,SERVER_CPU,AER_EXECUTION_ONLY,1,SUCCESS,14542,7,6,,,,0.08036683173850179,0.08335890993475914,0.0,0.0
64,29,0x82241b87,0xbbe27f39,RTL_FIXED_NORMAL,SERVER_CPU,PYTHON_FIXED_MODEL_WALL,1,SUCCESS,14542,7,6,6,,,0.0021659638732671738,0.0021659638732671738,,
64,29,0x82241b87,0xbbe27f39,SOFTWARE_K4H4,SERVER_CPU,PYTHON_FIXED_MODEL_WALL,1,SUCCESS,14542,7,6,2,,,0.0018357390072196722,0.0018357390072196722,,
64,29,0x82241b87,0xbbe27f39,SOFTWARE_K3H3,SERVER_CPU,PYTHON_FIXED_MODEL_WALL,1,SUCCESS,14542,7,6,2,,,0.0017333249561488628,0.0017333249561488628,,
64,30,0x48647490,0xea9551eb,NUMPY_FLOAT64,SERVER_CPU,NUMPY_CORE_ONLY,1,SUCCESS,3903,11,11,,,,0.0011047055013477802,0.003232362912967801,,
64,30,0x48647490,0xea9551eb,QISKIT_AER_STATEVECTOR,SERVER_CPU,AER_EXECUTION_ONLY,1,SUCCESS,3903,11,11,,,,0.14691574731841683,0.15228833397850394,0.0,0.0
64,30,0x48647490,0xea9551eb,RTL_FIXED_NORMAL,SERVER_CPU,PYTHON_FIXED_MODEL_WALL,1,SUCCESS,3903,11,11,11,,,0.0034083009231835604,0.0034083009231835604,,
64,30,0x48647490,0xea9551eb,SOFTWARE_K4H4,SERVER_CPU,PYTHON_FIXED_MODEL_WALL,1,SUCCESS,3903,11,11,3,,,0.00268115708604455,0.00268115708604455,,
64,30,0x48647490,0xea9551eb,SOFTWARE_K3H3,SERVER_CPU,PYTHON_FIXED_MODEL_WALL,1,SUCCESS,3903,11,11,3,,,0.0025732209905982018,0.0025732209905982018,,
64,31,0x63df3b7f,0xa8b057e1,NUMPY_FLOAT64,SERVER_CPU,NUMPY_CORE_ONLY,1,SUCCESS,160,11,19,,,,0.001594312023371458,0.003773912088945508,,
64,31,0x63df3b7f,0xa8b057e1,QISKIT_AER_STATEVECTOR,SERVER_CPU,AER_EXECUTION_ONLY,1,SUCCESS,160,11,19,,,,0.2083696743939072,0.21307188482023776,0.0,0.0
64,31,0x63df3b7f,0xa8b057e1,RTL_FIXED_NORMAL,SERVER_CPU,PYTHON_FIXED_MODEL_WALL,1,SUCCESS,160,11,19,19,,,0.004262055037543178,0.004262055037543178,,
64,31,0x63df3b7f,0xa8b057e1,SOFTWARE_K4H4,SERVER_CPU,PYTHON_FIXED_MODEL_WALL,1,SUCCESS,160,11,19,5,,,0.0029276309069246054,0.0029276309069246054,,
64,31,0x63df3b7f,0xa8b057e1,SOFTWARE_K3H3,SERVER_CPU,PYTHON_FIXED_MODEL_WALL,1,SUCCESS,160,11,19,5,,,0.0029618418775498867,0.0029618418775498867,,
64,32,0x433125bb,0x3221fef0,NUMPY_FLOAT64,SERVER_CPU,NUMPY_CORE_ONLY,1,SUCCESS,4720,2,1,,,,0.00018075387924909592,0.0006595561280846596,,
64,32,0x433125bb,0x3221fef0,QISKIT_AER_STATEVECTOR,SERVER_CPU,AER_EXECUTION_ONLY,1,SUCCESS,4720,2,1,,,,0.011292988900095224,0.01208180608227849,0.0,0.0
64,32,0x433125bb,0x3221fef0,RTL_FIXED_NORMAL,SERVER_CPU,PYTHON_FIXED_MODEL_WALL,1,SUCCESS,4720,2,1,1,,,0.0006306970026344061,0.0006306970026344061,,
64,32,0x433125bb,0x3221fef0,SOFTWARE_K4H4,SERVER_CPU,PYTHON_FIXED_MODEL_WALL,1,SUCCESS,4720,2,1,1,,,0.0007005720399320126,0.0007005720399320126,,
64,32,0x433125bb,0x3221fef0,SOFTWARE_K3H3,SERVER_CPU,PYTHON_FIXED_MODEL_WALL,1,SUCCESS,4720,2,1,1,,,0.0006737140938639641,0.0006737140938639641,,
64,33,0x7943be40,0x6641ee79,NUMPY_FLOAT64,SERVER_CPU,NUMPY_CORE_ONLY,1,SUCCESS,160,4,1,,,,0.00027341837994754314,0.0011815419420599937,,
64,33,0x7943be40,0x6641ee79,QISKIT_AER_STATEVECTOR,SERVER_CPU,AER_EXECUTION_ONLY,1,SUCCESS,160,4,1,,,,0.013177010230720043,0.01459481893107295,0.0,0.0
64,33,0x7943be40,0x6641ee79,RTL_FIXED_NORMAL,SERVER_CPU,PYTHON_FIXED_MODEL_WALL,1,SUCCESS,160,4,1,1,,,0.000995387090370059,0.000995387090370059,,
64,33,0x7943be40,0x6641ee79,SOFTWARE_K4H4,SERVER_CPU,PYTHON_FIXED_MODEL_WALL,1,SUCCESS,160,4,1,1,,,0.0010372840333729982,0.0010372840333729982,,
64,33,0x7943be40,0x6641ee79,SOFTWARE_K3H3,SERVER_CPU,PYTHON_FIXED_MODEL_WALL,1,SUCCESS,160,4,1,1,,,0.000997908879071474,0.000997908879071474,,
64,34,0x26c93252,0x675d2908,NUMPY_FLOAT64,SERVER_CPU,NUMPY_CORE_ONLY,1,SUCCESS,6247,10,13,,,,0.001132509671151638,0.0031006350181996822,,
64,34,0x26c93252,0x675d2908,QISKIT_AER_STATEVECTOR,SERVER_CPU,AER_EXECUTION_ONLY,1,SUCCESS,6247,10,13,,,,0.15358508937060833,0.1576195121742785,0.0,0.0
64,34,0x26c93252,0x675d2908,RTL_FIXED_NORMAL,SERVER_CPU,PYTHON_FIXED_MODEL_WALL,1,SUCCESS,6247,10,13,13,,,0.003441477194428444,0.003441477194428444,,
64,34,0x26c93252,0x675d2908,SOFTWARE_K4H4,SERVER_CPU,PYTHON_FIXED_MODEL_WALL,1,SUCCESS,6247,10,13,4,,,0.0027168849483132362,0.0027168849483132362,,
64,34,0x26c93252,0x675d2908,SOFTWARE_K3H3,SERVER_CPU,PYTHON_FIXED_MODEL_WALL,1,SUCCESS,6247,10,13,4,,,0.0025739818811416626,0.0025739818811416626,,
64,35,0xdbe3ed49,0xa7cfea56,NUMPY_FLOAT64,SERVER_CPU,NUMPY_CORE_ONLY,1,SUCCESS,7400,13,18,,,,0.0015270779840648174,0.004049760056659579,,
64,35,0xdbe3ed49,0xa7cfea56,QISKIT_AER_STATEVECTOR,SERVER_CPU,AER_EXECUTION_ONLY,1,SUCCESS,7400,13,18,,,,0.2479419109877199,0.25472772191278636,0.0,0.0
64,35,0xdbe3ed49,0xa7cfea56,RTL_FIXED_NORMAL,SERVER_CPU,PYTHON_FIXED_MODEL_WALL,1,SUCCESS,7400,13,18,18,,,0.004918041871860623,0.004918041871860623,,
64,35,0xdbe3ed49,0xa7cfea56,SOFTWARE_K4H4,SERVER_CPU,PYTHON_FIXED_MODEL_WALL,1,SUCCESS,7400,13,18,8,,,0.003516758093610406,0.003516758093610406,,
64,35,0xdbe3ed49,0xa7cfea56,SOFTWARE_K3H3,SERVER_CPU,PYTHON_FIXED_MODEL_WALL,1,SUCCESS,7400,13,18,8,,,0.0035418400075286627,0.0035418400075286627,,
64,36,0xc2ec9bb4,0xbfc0ae9e,NUMPY_FLOAT64,SERVER_CPU,NUMPY_CORE_ONLY,1,SUCCESS,5531,12,13,,,,0.0012367686722427607,0.0035992690827697515,,
64,36,0xc2ec9bb4,0xbfc0ae9e,QISKIT_AER_STATEVECTOR,SERVER_CPU,AER_EXECUTION_ONLY,1,SUCCESS,5531,12,13,,,,0.17750495858490467,0.18346171220764518,0.0,0.0
64,36,0xc2ec9bb4,0xbfc0ae9e,RTL_FIXED_NORMAL,SERVER_CPU,PYTHON_FIXED_MODEL_WALL,1,SUCCESS,5531,14,23,23,,,0.005314043024554849,0.005314043024554849,,
64,36,0xc2ec9bb4,0xbfc0ae9e,SOFTWARE_K4H4,SERVER_CPU,PYTHON_FIXED_MODEL_WALL,1,SUCCESS,5531,14,23,9,,,0.0039405240677297115,0.0039405240677297115,,
64,36,0xc2ec9bb4,0xbfc0ae9e,SOFTWARE_K3H3,SERVER_CPU,PYTHON_FIXED_MODEL_WALL,1,SUCCESS,5531,14,23,9,,,0.00397996511310339,0.00397996511310339,,
64,37,0xe7ec8559,0x307064ac,NUMPY_FLOAT64,SERVER_CPU,NUMPY_CORE_ONLY,1,SUCCESS,8225,16,28,,,,0.0021389757748693228,0.005176723003387451,,
64,37,0xe7ec8559,0x307064ac,QISKIT_AER_STATEVECTOR,SERVER_CPU,AER_EXECUTION_ONLY,1,SUCCESS,8225,16,28,,,,0.4039365956559777,0.41239310801029205,0.0,0.0
64,37,0xe7ec8559,0x307064ac,RTL_FIXED_NORMAL,SERVER_CPU,PYTHON_FIXED_MODEL_WALL,1,SUCCESS,8225,16,28,28,,,0.00582321616820991,0.00582321616820991,,
64,37,0xe7ec8559,0x307064ac,SOFTWARE_K4H4,SERVER_CPU,PYTHON_FIXED_MODEL_WALL,1,SUCCESS,8225,16,28,7,,,0.00414086296223104,0.00414086296223104,,
64,37,0xe7ec8559,0x307064ac,SOFTWARE_K3H3,SERVER_CPU,PYTHON_FIXED_MODEL_WALL,1,SUCCESS,8225,16,28,9,,,0.004274044884368777,0.004274044884368777,,
64,38,0xccb88b54,0x2cf00158,NUMPY_FLOAT64,SERVER_CPU,NUMPY_CORE_ONLY,1,SUCCESS,15288,13,31,,,,0.002146543702110648,0.004673744086176157,,
64,38,0xccb88b54,0x2cf00158,QISKIT_AER_STATEVECTOR,SERVER_CPU,AER_EXECUTION_ONLY,1,SUCCESS,15288,13,31,,,,0.4186481407377869,0.42618790501728654,0.0,0.0
64,38,0xccb88b54,0x2cf00158,RTL_FIXED_NORMAL,SERVER_CPU,PYTHON_FIXED_MODEL_WALL,1,SUCCESS,10931,10,17,17,,,0.00472328788600862,0.00472328788600862,,
64,38,0xccb88b54,0x2cf00158,SOFTWARE_K4H4,SERVER_CPU,PYTHON_FIXED_MODEL_WALL,1,SUCCESS,10931,10,17,5,,,0.002952248090878129,0.002952248090878129,,
64,38,0xccb88b54,0x2cf00158,SOFTWARE_K3H3,SERVER_CPU,PYTHON_FIXED_MODEL_WALL,1,SUCCESS,10931,10,17,5,,,0.002833880018442869,0.002833880018442869,,
64,39,0xb512e6a4,0x2b9e708c,NUMPY_FLOAT64,SERVER_CPU,NUMPY_CORE_ONLY,1,SUCCESS,2888,11,13,,,,0.0012552235275506973,0.003454148070886731,,
64,39,0xb512e6a4,0x2b9e708c,QISKIT_AER_STATEVECTOR,SERVER_CPU,AER_EXECUTION_ONLY,1,SUCCESS,2888,11,13,,,,0.18751527811400592,0.19287605793215334,0.0,0.0
64,39,0xb512e6a4,0x2b9e708c,RTL_FIXED_NORMAL,SERVER_CPU,PYTHON_FIXED_MODEL_WALL,1,SUCCESS,2888,11,13,13,,,0.003874782007187605,0.003874782007187605,,
64,39,0xb512e6a4,0x2b9e708c,SOFTWARE_K4H4,SERVER_CPU,PYTHON_FIXED_MODEL_WALL,1,SUCCESS,2888,11,13,3,,,0.0027540239971131086,0.0027540239971131086,,
64,39,0xb512e6a4,0x2b9e708c,SOFTWARE_K3H3,SERVER_CPU,PYTHON_FIXED_MODEL_WALL,1,SUCCESS,2888,11,13,3,,,0.002575524849817157,0.002575524849817157,,
64,40,0x7e2c3d82,0xa69fb195,NUMPY_FLOAT64,SERVER_CPU,NUMPY_CORE_ONLY,1,SUCCESS,11272,10,9,,,,0.0009465659968554974,0.0029431988950818777,,
64,40,0x7e2c3d82,0xa69fb195,QISKIT_AER_STATEVECTOR,SERVER_CPU,AER_EXECUTION_ONLY,1,SUCCESS,11272,10,9,,,,0.09965576604008675,0.1038434139918536,0.0,0.0
64,40,0x7e2c3d82,0xa69fb195,RTL_FIXED_NORMAL,SERVER_CPU,PYTHON_FIXED_MODEL_WALL,1,SUCCESS,11272,10,9,9,,,0.0034544109366834164,0.0034544109366834164,,
64,40,0x7e2c3d82,0xa69fb195,SOFTWARE_K4H4,SERVER_CPU,PYTHON_FIXED_MODEL_WALL,1,SUCCESS,11272,10,9,4,,,0.0027173401322215796,0.0027173401322215796,,
64,40,0x7e2c3d82,0xa69fb195,SOFTWARE_K3H3,SERVER_CPU,PYTHON_FIXED_MODEL_WALL,1,SUCCESS,11272,10,9,4,,,0.0026843599043786526,0.0026843599043786526,,
64,41,0x58b3e5ad,0x23a21253,NUMPY_FLOAT64,SERVER_CPU,NUMPY_CORE_ONLY,1,SUCCESS,4512,6,5,,,,0.0005834270268678665,0.0018149828538298607,,
64,41,0x58b3e5ad,0x23a21253,QISKIT_AER_STATEVECTOR,SERVER_CPU,AER_EXECUTION_ONLY,1,SUCCESS,4512,6,5,,,,0.05379315628670156,0.056293850066140294,0.0,0.0
64,41,0x58b3e5ad,0x23a21253,RTL_FIXED_NORMAL,SERVER_CPU,PYTHON_FIXED_MODEL_WALL,1,SUCCESS,4512,6,5,5,,,0.001991561846807599,0.001991561846807599,,
64,41,0x58b3e5ad,0x23a21253,SOFTWARE_K4H4,SERVER_CPU,PYTHON_FIXED_MODEL_WALL,1,SUCCESS,4512,6,5,2,,,0.0016821208409965038,0.0016821208409965038,,
64,41,0x58b3e5ad,0x23a21253,SOFTWARE_K3H3,SERVER_CPU,PYTHON_FIXED_MODEL_WALL,1,SUCCESS,4512,6,5,2,,,0.0015890230424702168,0.0015890230424702168,,
64,42,0x9a07c40b,0x3ea78d8c,NUMPY_FLOAT64,SERVER_CPU,NUMPY_CORE_ONLY,1,SUCCESS,507,10,8,,,,0.00095508829690516,0.002926123095676303,,
64,42,0x9a07c40b,0x3ea78d8c,QISKIT_AER_STATEVECTOR,SERVER_CPU,AER_EXECUTION_ONLY,1,SUCCESS,507,10,8,,,,0.09636270976625383,0.10030506597831845,0.0,0.0
64,42,0x9a07c40b,0x3ea78d8c,RTL_FIXED_NORMAL,SERVER_CPU,PYTHON_FIXED_MODEL_WALL,1,SUCCESS,507,10,8,8,,,0.0029354810249060392,0.0029354810249060392,,
64,42,0x9a07c40b,0x3ea78d8c,SOFTWARE_K4H4,SERVER_CPU,PYTHON_FIXED_MODEL_WALL,1,SUCCESS,507,10,8,5,,,0.0028607158455997705,0.0028607158455997705,,
64,42,0x9a07c40b,0x3ea78d8c,SOFTWARE_K3H3,SERVER_CPU,PYTHON_FIXED_MODEL_WALL,1,SUCCESS,507,10,8,5,,,0.0027184919454157352,0.0027184919454157352,,
64,43,0xf1f9a54b,0x7b00db61,NUMPY_FLOAT64,SERVER_CPU,NUMPY_CORE_ONLY,1,SUCCESS,11272,10,12,,,,0.001104624941945076,0.003043635981157422,,
64,43,0xf1f9a54b,0x7b00db61,QISKIT_AER_STATEVECTOR,SERVER_CPU,AER_EXECUTION_ONLY,1,SUCCESS,11272,10,12,,,,0.13917441526427865,0.1434081238694489,0.0,0.0
64,43,0xf1f9a54b,0x7b00db61,RTL_FIXED_NORMAL,SERVER_CPU,PYTHON_FIXED_MODEL_WALL,1,SUCCESS,11272,10,12,12,,,0.003684375202283263,0.003684375202283263,,
64,43,0xf1f9a54b,0x7b00db61,SOFTWARE_K4H4,SERVER_CPU,PYTHON_FIXED_MODEL_WALL,1,SUCCESS,11272,10,12,5,,,0.002662717830389738,0.002662717830389738,,
64,43,0xf1f9a54b,0x7b00db61,SOFTWARE_K3H3,SERVER_CPU,PYTHON_FIXED_MODEL_WALL,1,SUCCESS,11272,10,12,5,,,0.0025905168149620295,0.0025905168149620295,,
64,44,0xfba6212d,0xb8b8356a,NUMPY_FLOAT64,SERVER_CPU,NUMPY_CORE_ONLY,1,SUCCESS,7400,11,8,,,,0.0009398311376571655,0.003177825128659606,,
64,44,0xfba6212d,0xb8b8356a,QISKIT_AER_STATEVECTOR,SERVER_CPU,AER_EXECUTION_ONLY,1,SUCCESS,7400,11,8,,,,0.09300724696367979,0.0976491360925138,0.0,0.0
64,44,0xfba6212d,0xb8b8356a,RTL_FIXED_NORMAL,SERVER_CPU,PYTHON_FIXED_MODEL_WALL,1,SUCCESS,7400,11,8,8,,,0.003317047143355012,0.003317047143355012,,
64,44,0xfba6212d,0xb8b8356a,SOFTWARE_K4H4,SERVER_CPU,PYTHON_FIXED_MODEL_WALL,1,SUCCESS,7400,11,8,3,,,0.0028302560094743967,0.0028302560094743967,,
64,44,0xfba6212d,0xb8b8356a,SOFTWARE_K3H3,SERVER_CPU,PYTHON_FIXED_MODEL_WALL,1,SUCCESS,7400,11,8,3,,,0.002534366911277175,0.002534366911277175,,
64,45,0x1ca60615,0xd753b84a,NUMPY_FLOAT64,SERVER_CPU,NUMPY_CORE_ONLY,1,SUCCESS,7786,11,14,,,,0.0015617399476468563,0.004117880016565323,,
64,45,0x1ca60615,0xd753b84a,QISKIT_AER_STATEVECTOR,SERVER_CPU,AER_EXECUTION_ONLY,1,SUCCESS,7786,11,14,,,,0.1450974342878908,0.14952374901622534,0.0,0.0
64,45,0x1ca60615,0xd753b84a,RTL_FIXED_NORMAL,SERVER_CPU,PYTHON_FIXED_MODEL_WALL,1,SUCCESS,7786,11,14,14,,,0.003725075861439109,0.003725075861439109,,
64,45,0x1ca60615,0xd753b84a,SOFTWARE_K4H4,SERVER_CPU,PYTHON_FIXED_MODEL_WALL,1,SUCCESS,7786,11,14,4,,,0.0029076479841023684,0.0029076479841023684,,
64,45,0x1ca60615,0xd753b84a,SOFTWARE_K3H3,SERVER_CPU,PYTHON_FIXED_MODEL_WALL,1,SUCCESS,7786,11,14,4,,,0.002741473028436303,0.002741473028436303,,
64,46,0xa085c93e,0x19b8504d,NUMPY_FLOAT64,SERVER_CPU,NUMPY_CORE_ONLY,1,SUCCESS,6247,9,10,,,,0.0011528171598911285,0.002991853980347514,,
64,46,0xa085c93e,0x19b8504d,QISKIT_AER_STATEVECTOR,SERVER_CPU,AER_EXECUTION_ONLY,1,SUCCESS,6247,9,10,,,,0.11906836298294365,0.12254516989924014,0.0,0.0
64,46,0xa085c93e,0x19b8504d,RTL_FIXED_NORMAL,SERVER_CPU,PYTHON_FIXED_MODEL_WALL,1,SUCCESS,6247,9,10,10,,,0.0035628860350698233,0.0035628860350698233,,
64,46,0xa085c93e,0x19b8504d,SOFTWARE_K4H4,SERVER_CPU,PYTHON_FIXED_MODEL_WALL,1,SUCCESS,6247,9,10,4,,,0.0031470779795199633,0.0031470779795199633,,
64,46,0xa085c93e,0x19b8504d,SOFTWARE_K3H3,SERVER_CPU,PYTHON_FIXED_MODEL_WALL,1,SUCCESS,6247,9,10,4,,,0.0029297468718141317,0.0029297468718141317,,
64,47,0x18190603,0xad0438b2,NUMPY_FLOAT64,SERVER_CPU,NUMPY_CORE_ONLY,1,SUCCESS,5200,15,30,,,,0.002593834651634097,0.005797551944851875,,
64,47,0x18190603,0xad0438b2,QISKIT_AER_STATEVECTOR,SERVER_CPU,AER_EXECUTION_ONLY,1,SUCCESS,5200,15,30,,,,0.3869827794842422,0.8708942669909447,0.17075526900589466,0.2800869760103524
64,47,0x18190603,0xad0438b2,RTL_FIXED_NORMAL,SERVER_CPU,PYTHON_FIXED_MODEL_WALL,1,SUCCESS,5200,15,30,30,,,0.006400889018550515,0.006400889018550515,,
64,47,0x18190603,0xad0438b2,SOFTWARE_K4H4,SERVER_CPU,PYTHON_FIXED_MODEL_WALL,1,SUCCESS,5200,15,30,12,,,0.005019248928874731,0.005019248928874731,,
64,47,0x18190603,0xad0438b2,SOFTWARE_K3H3,SERVER_CPU,PYTHON_FIXED_MODEL_WALL,1,SUCCESS,5200,15,30,13,,,0.00446775509044528,0.00446775509044528,,
64,48,0xc1143c78,0xbbdab3cd,NUMPY_FLOAT64,SERVER_CPU,NUMPY_CORE_ONLY,1,SUCCESS,15288,13,13,,,,0.0012483363971114159,0.003739326959475875,,
64,48,0xc1143c78,0xbbdab3cd,QISKIT_AER_STATEVECTOR,SERVER_CPU,AER_EXECUTION_ONLY,1,SUCCESS,15288,13,13,,,,0.1590434480458498,0.1638961979188025,0.0,0.0
64,48,0xc1143c78,0xbbdab3cd,RTL_FIXED_NORMAL,SERVER_CPU,PYTHON_FIXED_MODEL_WALL,1,SUCCESS,15288,13,13,13,,,0.004111051093786955,0.004111051093786955,,
64,48,0xc1143c78,0xbbdab3cd,SOFTWARE_K4H4,SERVER_CPU,PYTHON_FIXED_MODEL_WALL,1,SUCCESS,15288,13,13,6,,,0.0035933000035583973,0.0035933000035583973,,
64,48,0xc1143c78,0xbbdab3cd,SOFTWARE_K3H3,SERVER_CPU,PYTHON_FIXED_MODEL_WALL,1,SUCCESS,15288,13,13,6,,,0.003208979032933712,0.003208979032933712,,
64,49,0x332063fc,0x222ba57c,NUMPY_FLOAT64,SERVER_CPU,NUMPY_CORE_ONLY,1,SUCCESS,10234,11,11,,,,0.0010833882261067629,0.003184974193572998,,
64,49,0x332063fc,0x222ba57c,QISKIT_AER_STATEVECTOR,SERVER_CPU,AER_EXECUTION_ONLY,1,SUCCESS,10234,11,11,,,,0.14633039897307754,0.15149402199313045,0.0,0.0
64,49,0x332063fc,0x222ba57c,RTL_FIXED_NORMAL,SERVER_CPU,PYTHON_FIXED_MODEL_WALL,1,SUCCESS,10234,11,11,11,,,0.004116826923564076,0.004116826923564076,,
64,49,0x332063fc,0x222ba57c,SOFTWARE_K4H4,SERVER_CPU,PYTHON_FIXED_MODEL_WALL,1,SUCCESS,10234,11,11,5,,,0.0031312520150095224,0.0031312520150095224,,
64,49,0x332063fc,0x222ba57c,SOFTWARE_K3H3,SERVER_CPU,PYTHON_FIXED_MODEL_WALL,1,SUCCESS,10234,11,11,5,,,0.002926222048699856,0.002926222048699856,,
64,50,0xd6f4066b,0xab9eb714,NUMPY_FLOAT64,SERVER_CPU,NUMPY_CORE_ONLY,1,SUCCESS,1038,16,32,,,,0.002466433448716998,0.005555762909352779,,
64,50,0xd6f4066b,0xab9eb714,QISKIT_AER_STATEVECTOR,SERVER_CPU,AER_EXECUTION_ONLY,1,SUCCESS,1038,16,32,,,,0.40295538608916104,0.41167270694859326,0.0,0.0
64,50,0xd6f4066b,0xab9eb714,RTL_FIXED_NORMAL,SERVER_CPU,PYTHON_FIXED_MODEL_WALL,1,SUCCESS,1038,16,32,32,,,0.008982973173260689,0.008982973173260689,,
64,50,0xd6f4066b,0xab9eb714,SOFTWARE_K4H4,SERVER_CPU,PYTHON_FIXED_MODEL_WALL,1,SUCCESS,1038,16,32,12,,,0.0047526920679956675,0.0047526920679956675,,
64,50,0xd6f4066b,0xab9eb714,SOFTWARE_K3H3,SERVER_CPU,PYTHON_FIXED_MODEL_WALL,1,SUCCESS,1038,16,32,12,,,0.004352833842858672,0.004352833842858672,,
64,51,0x64b9628c,0x9cd8b518,NUMPY_FLOAT64,SERVER_CPU,NUMPY_CORE_ONLY,1,SUCCESS,14405,8,10,,,,0.0009113664273172617,0.0024847148451954126,,
64,51,0x64b9628c,0x9cd8b518,QISKIT_AER_STATEVECTOR,SERVER_CPU,AER_EXECUTION_ONLY,1,SUCCESS,14405,8,10,,,,0.13434265297837555,0.13809478096663952,0.0,0.0
64,51,0x64b9628c,0x9cd8b518,RTL_FIXED_NORMAL,SERVER_CPU,PYTHON_FIXED_MODEL_WALL,1,SUCCESS,14405,8,10,10,,,0.002685172948986292,0.002685172948986292,,
64,51,0x64b9628c,0x9cd8b518,SOFTWARE_K4H4,SERVER_CPU,PYTHON_FIXED_MODEL_WALL,1,SUCCESS,14405,8,10,3,,,0.00209439592435956,0.00209439592435956,,
64,51,0x64b9628c,0x9cd8b518,SOFTWARE_K3H3,SERVER_CPU,PYTHON_FIXED_MODEL_WALL,1,SUCCESS,14405,8,10,3,,,0.0020136090461164713,0.0020136090461164713,,
64,52,0x894e6771,0x8a255c2e,NUMPY_FLOAT64,SERVER_CPU,NUMPY_CORE_ONLY,1,SUCCESS,16090,15,28,,,,0.0020987053867429495,0.005003780126571655,,
64,52,0x894e6771,0x8a255c2e,QISKIT_AER_STATEVECTOR,SERVER_CPU,AER_EXECUTION_ONLY,1,SUCCESS,16090,15,28,,,,0.3566497617866844,0.6978677939623594,0.14749298198148608,0.1682463411707431
64,52,0x894e6771,0x8a255c2e,RTL_FIXED_NORMAL,SERVER_CPU,PYTHON_FIXED_MODEL_WALL,1,SUCCESS,16090,16,43,43,,,0.007580482866615057,0.007580482866615057,,
64,52,0x894e6771,0x8a255c2e,SOFTWARE_K4H4,SERVER_CPU,PYTHON_FIXED_MODEL_WALL,1,SUCCESS,16090,16,43,15,,,0.005476518999785185,0.005476518999785185,,
64,52,0x894e6771,0x8a255c2e,SOFTWARE_K3H3,SERVER_CPU,PYTHON_FIXED_MODEL_WALL,1,SUCCESS,16090,16,43,15,,,0.0050204850267618895,0.0050204850267618895,,
64,53,0xe3e668e8,0xff1f20c3,NUMPY_FLOAT64,SERVER_CPU,NUMPY_CORE_ONLY,1,SUCCESS,15469,13,21,,,,0.0018521440215408802,0.004370170878246427,,
64,53,0xe3e668e8,0xff1f20c3,QISKIT_AER_STATEVECTOR,SERVER_CPU,AER_EXECUTION_ONLY,1,SUCCESS,15469,13,21,,,,0.247107989853248,0.25361300888471305,0.0,0.0
64,53,0xe3e668e8,0xff1f20c3,RTL_FIXED_NORMAL,SERVER_CPU,PYTHON_FIXED_MODEL_WALL,1,SUCCESS,15469,13,21,21,,,0.005399016896262765,0.005399016896262765,,
64,53,0xe3e668e8,0xff1f20c3,SOFTWARE_K4H4,SERVER_CPU,PYTHON_FIXED_MODEL_WALL,1,SUCCESS,15469,13,21,7,,,0.0036406200379133224,0.0036406200379133224,,
64,53,0xe3e668e8,0xff1f20c3,SOFTWARE_K3H3,SERVER_CPU,PYTHON_FIXED_MODEL_WALL,1,SUCCESS,15469,13,21,7,,,0.0037583238445222378,0.0037583238445222378,,
64,54,0x36980406,0xfbdbfa61,NUMPY_FLOAT64,SERVER_CPU,NUMPY_CORE_ONLY,1,SUCCESS,14405,9,13,,,,0.0015469212085008621,0.0035196568351238966,,
64,54,0x36980406,0xfbdbfa61,QISKIT_AER_STATEVECTOR,SERVER_CPU,AER_EXECUTION_ONLY,1,SUCCESS,14405,9,13,,,,0.16385011468082666,0.16850641905330122,0.0,0.0
64,54,0x36980406,0xfbdbfa61,RTL_FIXED_NORMAL,SERVER_CPU,PYTHON_FIXED_MODEL_WALL,1,SUCCESS,14405,9,13,13,,,0.0032599230762571096,0.0032599230762571096,,
64,54,0x36980406,0xfbdbfa61,SOFTWARE_K4H4,SERVER_CPU,PYTHON_FIXED_MODEL_WALL,1,SUCCESS,14405,9,13,4,,,0.002477966947481036,0.002477966947481036,,
64,54,0x36980406,0xfbdbfa61,SOFTWARE_K3H3,SERVER_CPU,PYTHON_FIXED_MODEL_WALL,1,SUCCESS,14405,9,13,4,,,0.0022921741474419832,0.0022921741474419832,,
64,55,0x114d2b4a,0xa617ad4e,NUMPY_FLOAT64,SERVER_CPU,NUMPY_CORE_ONLY,1,SUCCESS,11647,2,1,,,,0.00020325626246631145,0.0006921410094946623,,
64,55,0x114d2b4a,0xa617ad4e,QISKIT_AER_STATEVECTOR,SERVER_CPU,AER_EXECUTION_ONLY,1,SUCCESS,11647,2,1,,,,0.01130929309874773,0.012133662821725011,0.0,0.0
64,55,0x114d2b4a,0xa617ad4e,RTL_FIXED_NORMAL,SERVER_CPU,PYTHON_FIXED_MODEL_WALL,1,SUCCESS,11647,2,1,1,,,0.0007027690298855305,0.0007027690298855305,,
64,55,0x114d2b4a,0xa617ad4e,SOFTWARE_K4H4,SERVER_CPU,PYTHON_FIXED_MODEL_WALL,1,SUCCESS,11647,2,1,1,,,0.0007364600896835327,0.0007364600896835327,,
64,55,0x114d2b4a,0xa617ad4e,SOFTWARE_K3H3,SERVER_CPU,PYTHON_FIXED_MODEL_WALL,1,SUCCESS,11647,2,1,1,,,0.0006835621315985918,0.0006835621315985918,,
64,56,0x3b8907e1,0x0c6cbd10,NUMPY_FLOAT64,SERVER_CPU,NUMPY_CORE_ONLY,1,SUCCESS,7786,7,4,,,,0.0006015552207827568,0.0020168719347566366,,
64,56,0x3b8907e1,0x0c6cbd10,QISKIT_AER_STATEVECTOR,SERVER_CPU,AER_EXECUTION_ONLY,1,SUCCESS,7786,7,4,,,,0.04368352214805782,0.046282072085887194,0.0,0.0
64,56,0x3b8907e1,0x0c6cbd10,RTL_FIXED_NORMAL,SERVER_CPU,PYTHON_FIXED_MODEL_WALL,1,SUCCESS,7786,7,4,4,,,0.0020111119374632835,0.0020111119374632835,,
64,56,0x3b8907e1,0x0c6cbd10,SOFTWARE_K4H4,SERVER_CPU,PYTHON_FIXED_MODEL_WALL,1,SUCCESS,7786,7,4,2,,,0.0018165258225053549,0.0018165258225053549,,
64,56,0x3b8907e1,0x0c6cbd10,SOFTWARE_K3H3,SERVER_CPU,PYTHON_FIXED_MODEL_WALL,1,SUCCESS,7786,7,4,2,,,0.0016892377752810717,0.0016892377752810717,,
64,57,0x2cd09c1d,0x964fb1a7,NUMPY_FLOAT64,SERVER_CPU,NUMPY_CORE_ONLY,1,SUCCESS,6247,13,22,,,,0.0018053296953439713,0.004297995008528233,,
64,57,0x2cd09c1d,0x964fb1a7,QISKIT_AER_STATEVECTOR,SERVER_CPU,AER_EXECUTION_ONLY,1,SUCCESS,6247,13,22,,,,0.24483554461039603,0.25009232107549906,0.0,0.0
64,57,0x2cd09c1d,0x964fb1a7,RTL_FIXED_NORMAL,SERVER_CPU,PYTHON_FIXED_MODEL_WALL,1,SUCCESS,3876,12,15,15,,,0.00395012297667563,0.00395012297667563,,
64,57,0x2cd09c1d,0x964fb1a7,SOFTWARE_K4H4,SERVER_CPU,PYTHON_FIXED_MODEL_WALL,1,SUCCESS,3876,12,15,5,,,0.003013867884874344,0.003013867884874344,,
64,57,0x2cd09c1d,0x964fb1a7,SOFTWARE_K3H3,SERVER_CPU,PYTHON_FIXED_MODEL_WALL,1,SUCCESS,3876,12,15,5,,,0.0028723999857902527,0.0028723999857902527,,
64,58,0x6d7a8604,0xbd6f99c6,NUMPY_FLOAT64,SERVER_CPU,NUMPY_CORE_ONLY,1,SUCCESS,8225,5,4,,,,0.0005160658620297909,0.0015426941681653261,,
64,58,0x6d7a8604,0xbd6f99c6,QISKIT_AER_STATEVECTOR,SERVER_CPU,AER_EXECUTION_ONLY,1,SUCCESS,8225,5,4,,,,0.04722325690090656,0.04928203206509352,0.0,0.0
64,58,0x6d7a8604,0xbd6f99c6,RTL_FIXED_NORMAL,SERVER_CPU,PYTHON_FIXED_MODEL_WALL,1,SUCCESS,8225,5,4,4,,,0.0015913350507616997,0.0015913350507616997,,
64,58,0x6d7a8604,0xbd6f99c6,SOFTWARE_K4H4,SERVER_CPU,PYTHON_FIXED_MODEL_WALL,1,SUCCESS,8225,5,4,2,,,0.0015161850024014711,0.0015161850024014711,,
64,58,0x6d7a8604,0xbd6f99c6,SOFTWARE_K3H3,SERVER_CPU,PYTHON_FIXED_MODEL_WALL,1,SUCCESS,8225,5,4,2,,,0.0014178359415382147,0.0014178359415382147,,
64,59,0x1fadaf42,0x60010aa3,NUMPY_FLOAT64,SERVER_CPU,NUMPY_CORE_ONLY,1,SUCCESS,8225,11,14,,,,0.0013436207082122564,0.003581891069188714,,
64,59,0x1fadaf42,0x60010aa3,QISKIT_AER_STATEVECTOR,SERVER_CPU,AER_EXECUTION_ONLY,1,SUCCESS,8225,11,14,,,,0.17623834987170994,0.18105497304350138,0.0,0.0
64,59,0x1fadaf42,0x60010aa3,RTL_FIXED_NORMAL,SERVER_CPU,PYTHON_FIXED_MODEL_WALL,1,SUCCESS,8225,11,14,14,,,0.003883457975462079,0.003883457975462079,,
64,59,0x1fadaf42,0x60010aa3,SOFTWARE_K4H4,SERVER_CPU,PYTHON_FIXED_MODEL_WALL,1,SUCCESS,8225,11,14,4,,,0.0029722528997808695,0.0029722528997808695,,
64,59,0x1fadaf42,0x60010aa3,SOFTWARE_K3H3,SERVER_CPU,PYTHON_FIXED_MODEL_WALL,1,SUCCESS,8225,11,14,4,,,0.0026858248747885227,0.0026858248747885227,,
64,60,0x92fe7cfd,0xb54e2773,NUMPY_FLOAT64,SERVER_CPU,NUMPY_CORE_ONLY,1,SUCCESS,3903,2,1,,,,0.00020060292445123196,0.0006813411600887775,,
64,60,0x92fe7cfd,0xb54e2773,QISKIT_AER_STATEVECTOR,SERVER_CPU,AER_EXECUTION_ONLY,1,SUCCESS,3903,2,1,,,,0.01184840896166861,0.012979581952095032,0.0,0.0
64,60,0x92fe7cfd,0xb54e2773,RTL_FIXED_NORMAL,SERVER_CPU,PYTHON_FIXED_MODEL_WALL,1,SUCCESS,3903,2,1,1,,,0.000685621052980423,0.000685621052980423,,
64,60,0x92fe7cfd,0xb54e2773,SOFTWARE_K4H4,SERVER_CPU,PYTHON_FIXED_MODEL_WALL,1,SUCCESS,3903,2,1,1,,,0.0008157731499522924,0.0008157731499522924,,
64,60,0x92fe7cfd,0xb54e2773,SOFTWARE_K3H3,SERVER_CPU,PYTHON_FIXED_MODEL_WALL,1,SUCCESS,3903,2,1,1,,,0.0006853099912405014,0.0006853099912405014,,
64,61,0x1aecb060,0x9c545eba,NUMPY_FLOAT64,SERVER_CPU,NUMPY_CORE_ONLY,1,SUCCESS,13012,10,13,,,,0.0013567439746111631,0.003567861160263419,,
64,61,0x1aecb060,0x9c545eba,QISKIT_AER_STATEVECTOR,SERVER_CPU,AER_EXECUTION_ONLY,1,SUCCESS,13012,10,13,,,,0.19088157592341304,0.19579332508146763,0.0,0.0
64,61,0x1aecb060,0x9c545eba,RTL_FIXED_NORMAL,SERVER_CPU,PYTHON_FIXED_MODEL_WALL,1,SUCCESS,13012,10,13,13,,,0.0037456690333783627,0.0037456690333783627,,
64,61,0x1aecb060,0x9c545eba,SOFTWARE_K4H4,SERVER_CPU,PYTHON_FIXED_MODEL_WALL,1,SUCCESS,13012,10,13,3,,,0.002728462917730212,0.002728462917730212,,
64,61,0x1aecb060,0x9c545eba,SOFTWARE_K3H3,SERVER_CPU,PYTHON_FIXED_MODEL_WALL,1,SUCCESS,13012,10,13,3,,,0.0023210381623357534,0.0023210381623357534,,
64,62,0x91778cc3,0xbd1d1bc0,NUMPY_FLOAT64,SERVER_CPU,NUMPY_CORE_ONLY,1,SUCCESS,15288,5,4,,,,0.0005054441280663013,0.0015241520013660192,,
64,62,0x91778cc3,0xbd1d1bc0,QISKIT_AER_STATEVECTOR,SERVER_CPU,AER_EXECUTION_ONLY,1,SUCCESS,15288,5,4,,,,0.04136308515444398,0.04328534286469221,0.0,0.0
64,62,0x91778cc3,0xbd1d1bc0,RTL_FIXED_NORMAL,SERVER_CPU,PYTHON_FIXED_MODEL_WALL,1,SUCCESS,15288,5,4,4,,,0.0015558849554508924,0.0015558849554508924,,
64,62,0x91778cc3,0xbd1d1bc0,SOFTWARE_K4H4,SERVER_CPU,PYTHON_FIXED_MODEL_WALL,1,SUCCESS,15288,5,4,2,,,0.0014643750619143248,0.0014643750619143248,,
64,62,0x91778cc3,0xbd1d1bc0,SOFTWARE_K3H3,SERVER_CPU,PYTHON_FIXED_MODEL_WALL,1,SUCCESS,15288,5,4,2,,,0.0013505511451512575,0.0013505511451512575,,
64,63,0xe6b7e7eb,0xd542988e,NUMPY_FLOAT64,SERVER_CPU,NUMPY_CORE_ONLY,1,SUCCESS,2335,13,24,,,,0.002245345152914524,0.005127680953592062,,
64,63,0xe6b7e7eb,0xd542988e,QISKIT_AER_STATEVECTOR,SERVER_CPU,AER_EXECUTION_ONLY,1,SUCCESS,2335,13,24,,,,0.3110487007070333,0.3180369029287249,0.0,0.0
64,63,0xe6b7e7eb,0xd542988e,RTL_FIXED_NORMAL,SERVER_CPU,PYTHON_FIXED_MODEL_WALL,1,SUCCESS,14567,10,11,11,,,0.0034308431204408407,0.0034308431204408407,,
64,63,0xe6b7e7eb,0xd542988e,SOFTWARE_K4H4,SERVER_CPU,PYTHON_FIXED_MODEL_WALL,1,SUCCESS,14567,10,11,5,,,0.003277729032561183,0.003277729032561183,,
64,63,0xe6b7e7eb,0xd542988e,SOFTWARE_K3H3,SERVER_CPU,PYTHON_FIXED_MODEL_WALL,1,SUCCESS,14567,10,11,5,,,0.0031110160052776337,0.0031110160052776337,,
64,64,0x6770144c,0xd2d3c6e7,NUMPY_FLOAT64,SERVER_CPU,NUMPY_CORE_ONLY,1,SUCCESS,1801,10,10,,,,0.0010455942247062922,0.003011411987245083,,
64,64,0x6770144c,0xd2d3c6e7,QISKIT_AER_STATEVECTOR,SERVER_CPU,AER_EXECUTION_ONLY,1,SUCCESS,1801,10,10,,,,0.1066037688869983,0.11050630011595786,0.0,0.0
64,64,0x6770144c,0xd2d3c6e7,RTL_FIXED_NORMAL,SERVER_CPU,PYTHON_FIXED_MODEL_WALL,1,SUCCESS,1801,10,10,10,,,0.003094414947554469,0.003094414947554469,,
64,64,0x6770144c,0xd2d3c6e7,SOFTWARE_K4H4,SERVER_CPU,PYTHON_FIXED_MODEL_WALL,1,SUCCESS,1801,10,10,4,,,0.0027407619636505842,0.0027407619636505842,,
64,64,0x6770144c,0xd2d3c6e7,SOFTWARE_K3H3,SERVER_CPU,PYTHON_FIXED_MODEL_WALL,1,SUCCESS,1801,10,10,4,,,0.0024769320152699947,0.0024769320152699947,,
64,65,0xc600a248,0x0a1e0844,NUMPY_FLOAT64,SERVER_CPU,NUMPY_CORE_ONLY,1,SUCCESS,3619,16,39,,,,0.0029282502364367247,0.006074573146179318,,
64,65,0xc600a248,0x0a1e0844,QISKIT_AER_STATEVECTOR,SERVER_CPU,AER_EXECUTION_ONLY,1,SUCCESS,3619,16,39,,,,0.44237200706265867,0.4499621819704771,0.0,0.0
64,65,0xc600a248,0x0a1e0844,RTL_FIXED_NORMAL,SERVER_CPU,PYTHON_FIXED_MODEL_WALL,1,SUCCESS,26,15,28,28,,,0.0065366418566554785,0.0065366418566554785,,
64,65,0xc600a248,0x0a1e0844,SOFTWARE_K4H4,SERVER_CPU,PYTHON_FIXED_MODEL_WALL,1,SUCCESS,26,15,28,6,,,0.0039064239244908094,0.0039064239244908094,,
64,65,0xc600a248,0x0a1e0844,SOFTWARE_K3H3,SERVER_CPU,PYTHON_FIXED_MODEL_WALL,1,SUCCESS,26,15,28,7,,,0.0047845079097896814,0.0047845079097896814,,
64,66,0x1ea4f830,0x2ef0f28e,NUMPY_FLOAT64,SERVER_CPU,NUMPY_CORE_ONLY,1,SUCCESS,8225,12,18,,,,0.002041808795183897,0.005036795046180487,,
64,66,0x1ea4f830,0x2ef0f28e,QISKIT_AER_STATEVECTOR,SERVER_CPU,AER_EXECUTION_ONLY,1,SUCCESS,8225,12,18,,,,0.2571655325591564,0.26301805418916047,0.0,0.0
64,66,0x1ea4f830,0x2ef0f28e,RTL_FIXED_NORMAL,SERVER_CPU,PYTHON_FIXED_MODEL_WALL,1,SUCCESS,9302,13,26,26,,,0.006488729966804385,0.006488729966804385,,
64,66,0x1ea4f830,0x2ef0f28e,SOFTWARE_K4H4,SERVER_CPU,PYTHON_FIXED_MODEL_WALL,1,SUCCESS,9302,13,26,8,,,0.00376847293227911,0.00376847293227911,,
64,66,0x1ea4f830,0x2ef0f28e,SOFTWARE_K3H3,SERVER_CPU,PYTHON_FIXED_MODEL_WALL,1,SUCCESS,9302,13,26,8,,,0.0034676138311624527,0.0034676138311624527,,
64,67,0x639604f3,0x7fe04f83,NUMPY_FLOAT64,SERVER_CPU,NUMPY_CORE_ONLY,1,SUCCESS,5200,13,19,,,,0.0019498409237712622,0.004680636106058955,,
64,67,0x639604f3,0x7fe04f83,QISKIT_AER_STATEVECTOR,SERVER_CPU,AER_EXECUTION_ONLY,1,SUCCESS,5200,13,19,,,,0.24317201133817434,0.2503064419142902,0.0,0.0
64,67,0x639604f3,0x7fe04f83,RTL_FIXED_NORMAL,SERVER_CPU,PYTHON_FIXED_MODEL_WALL,1,SUCCESS,682,11,15,15,,,0.0044556790962815285,0.0044556790962815285,,
64,67,0x639604f3,0x7fe04f83,SOFTWARE_K4H4,SERVER_CPU,PYTHON_FIXED_MODEL_WALL,1,SUCCESS,682,11,15,5,,,0.0029650579672306776,0.0029650579672306776,,
64,67,0x639604f3,0x7fe04f83,SOFTWARE_K3H3,SERVER_CPU,PYTHON_FIXED_MODEL_WALL,1,SUCCESS,682,11,15,5,,,0.00281864614225924,0.00281864614225924,,
64,68,0x6e084a84,0xb643b17e,NUMPY_FLOAT64,SERVER_CPU,NUMPY_CORE_ONLY,1,SUCCESS,1825,12,24,,,,0.0019067823886871338,0.0042574668768793344,,
64,68,0x6e084a84,0xb643b17e,QISKIT_AER_STATEVECTOR,SERVER_CPU,AER_EXECUTION_ONLY,1,SUCCESS,1825,12,24,,,,0.30669670016504824,0.3123801010660827,0.0,0.0
64,68,0x6e084a84,0xb643b17e,RTL_FIXED_NORMAL,SERVER_CPU,PYTHON_FIXED_MODEL_WALL,1,SUCCESS,1825,12,24,24,,,0.006250049918889999,0.006250049918889999,,
64,68,0x6e084a84,0xb643b17e,SOFTWARE_K4H4,SERVER_CPU,PYTHON_FIXED_MODEL_WALL,1,SUCCESS,1825,12,24,6,,,0.0033413690980523825,0.0033413690980523825,,
64,68,0x6e084a84,0xb643b17e,SOFTWARE_K3H3,SERVER_CPU,PYTHON_FIXED_MODEL_WALL,1,SUCCESS,1825,12,24,6,,,0.0031658168882131577,0.0031658168882131577,,
64,69,0x3d7fc476,0x467d7a44,NUMPY_FLOAT64,SERVER_CPU,NUMPY_CORE_ONLY,1,SUCCESS,3619,17,36,,,,0.0027311702724546194,0.005988233024254441,,
64,69,0x3d7fc476,0x467d7a44,QISKIT_AER_STATEVECTOR,SERVER_CPU,AER_EXECUTION_ONLY,1,SUCCESS,3619,17,36,,,,0.4700014016125351,0.4783676010556519,0.0,0.0
64,69,0x3d7fc476,0x467d7a44,RTL_FIXED_NORMAL,SERVER_CPU,PYTHON_FIXED_MODEL_WALL,1,SUCCESS,8225,15,23,23,,,0.009767836891114712,0.009767836891114712,,
64,69,0x3d7fc476,0x467d7a44,SOFTWARE_K4H4,SERVER_CPU,PYTHON_FIXED_MODEL_WALL,1,SUCCESS,8225,15,23,5,,,0.004393517039716244,0.004393517039716244,,
64,69,0x3d7fc476,0x467d7a44,SOFTWARE_K3H3,SERVER_CPU,PYTHON_FIXED_MODEL_WALL,1,SUCCESS,8225,15,23,5,,,0.004136434057727456,0.004136434057727456,,
64,70,0xedca3875,0xefade11e,NUMPY_FLOAT64,SERVER_CPU,NUMPY_CORE_ONLY,1,SUCCESS,5531,15,40,,,,0.003474534023553133,0.006618240848183632,,
64,70,0xedca3875,0xefade11e,QISKIT_AER_STATEVECTOR,SERVER_CPU,AER_EXECUTION_ONLY,1,SUCCESS,5531,15,40,,,,0.5098968076054007,0.517464664997533,0.0,0.0
64,70,0xedca3875,0xefade11e,RTL_FIXED_NORMAL,SERVER_CPU,PYTHON_FIXED_MODEL_WALL,1,SUCCESS,5531,15,40,40,,,0.006940223975107074,0.006940223975107074,,
64,70,0xedca3875,0xefade11e,SOFTWARE_K4H4,SERVER_CPU,PYTHON_FIXED_MODEL_WALL,1,SUCCESS,5531,15,40,12,,,0.004698470002040267,0.004698470002040267,,
64,70,0xedca3875,0xefade11e,SOFTWARE_K3H3,SERVER_CPU,PYTHON_FIXED_MODEL_WALL,1,SUCCESS,5531,15,40,12,,,0.004653566982597113,0.004653566982597113,,
64,71,0xb883121d,0x095c678c,NUMPY_FLOAT64,SERVER_CPU,NUMPY_CORE_ONLY,1,SUCCESS,2852,16,27,,,,0.0023839175701141357,0.005580227822065353,,
64,71,0xb883121d,0x095c678c,QISKIT_AER_STATEVECTOR,SERVER_CPU,AER_EXECUTION_ONLY,1,SUCCESS,2852,16,27,,,,0.36741230939514935,0.3751366080250591,0.0,0.0
64,71,0xb883121d,0x095c678c,RTL_FIXED_NORMAL,SERVER_CPU,PYTHON_FIXED_MODEL_WALL,1,SUCCESS,2852,16,27,27,,,0.006111708004027605,0.006111708004027605,,
64,71,0xb883121d,0x095c678c,SOFTWARE_K4H4,SERVER_CPU,PYTHON_FIXED_MODEL_WALL,1,SUCCESS,2852,16,27,11,,,0.004724262049421668,0.004724262049421668,,
64,71,0xb883121d,0x095c678c,SOFTWARE_K3H3,SERVER_CPU,PYTHON_FIXED_MODEL_WALL,1,SUCCESS,2852,16,27,12,,,0.004797433968633413,0.004797433968633413,,
64,72,0xace22797,0xbc422a9a,NUMPY_FLOAT64,SERVER_CPU,NUMPY_CORE_ONLY,1,SUCCESS,2852,13,20,,,,0.0019781196024268866,0.004782458068802953,,
64,72,0xace22797,0xbc422a9a,QISKIT_AER_STATEVECTOR,SERVER_CPU,AER_EXECUTION_ONLY,1,SUCCESS,2852,13,20,,,,0.2327962431591004,0.238777028163895,0.0,0.0
64,72,0xace22797,0xbc422a9a,RTL_FIXED_NORMAL,SERVER_CPU,PYTHON_FIXED_MODEL_WALL,1,SUCCESS,13048,13,20,20,,,0.0060431610327214,0.0060431610327214,,
64,72,0xace22797,0xbc422a9a,SOFTWARE_K4H4,SERVER_CPU,PYTHON_FIXED_MODEL_WALL,1,SUCCESS,13048,13,20,5,,,0.004225031938403845,0.004225031938403845,,
64,72,0xace22797,0xbc422a9a,SOFTWARE_K3H3,SERVER_CPU,PYTHON_FIXED_MODEL_WALL,1,SUCCESS,13048,13,20,5,,,0.0034060270991176367,0.0034060270991176367,,
64,73,0xefd3172d,0x8c2c3233,NUMPY_FLOAT64,SERVER_CPU,NUMPY_CORE_ONLY,1,SUCCESS,701,17,35,,,,0.002888779854401946,0.00625220499932766,,
64,73,0xefd3172d,0x8c2c3233,QISKIT_AER_STATEVECTOR,SERVER_CPU,AER_EXECUTION_ONLY,1,SUCCESS,701,17,35,,,,0.37401854689233005,0.38132911710999906,0.0,0.0
64,73,0xefd3172d,0x8c2c3233,RTL_FIXED_NORMAL,SERVER_CPU,PYTHON_FIXED_MODEL_WALL,1,SUCCESS,701,17,35,35,,,0.007551900111138821,0.007551900111138821,,
64,73,0xefd3172d,0x8c2c3233,SOFTWARE_K4H4,SERVER_CPU,PYTHON_FIXED_MODEL_WALL,1,SUCCESS,701,17,35,10,,,0.004552107071503997,0.004552107071503997,,
64,73,0xefd3172d,0x8c2c3233,SOFTWARE_K3H3,SERVER_CPU,PYTHON_FIXED_MODEL_WALL,1,SUCCESS,701,17,35,10,,,0.004422542871907353,0.004422542871907353,,
64,74,0xe6aacdb5,0x7f1c158a,NUMPY_FLOAT64,SERVER_CPU,NUMPY_CORE_ONLY,1,SUCCESS,2335,11,20,,,,0.0017916609067469835,0.0039623030461370945,,
64,74,0xe6aacdb5,0x7f1c158a,QISKIT_AER_STATEVECTOR,SERVER_CPU,AER_EXECUTION_ONLY,1,SUCCESS,2335,11,20,,,,0.21568073867820203,0.22096418007276952,0.0,0.0
64,74,0xe6aacdb5,0x7f1c158a,RTL_FIXED_NORMAL,SERVER_CPU,PYTHON_FIXED_MODEL_WALL,1,SUCCESS,507,16,48,48,,,0.0078004770912230015,0.0078004770912230015,,
64,74,0xe6aacdb5,0x7f1c158a,SOFTWARE_K4H4,SERVER_CPU,PYTHON_FIXED_MODEL_WALL,1,SUCCESS,507,16,48,13,,,0.004848127951845527,0.004848127951845527,,
64,74,0xe6aacdb5,0x7f1c158a,SOFTWARE_K3H3,SERVER_CPU,PYTHON_FIXED_MODEL_WALL,1,SUCCESS,507,16,48,13,,,0.004763677017763257,0.004763677017763257,,
64,75,0x6566c598,0xca804b00,NUMPY_FLOAT64,SERVER_CPU,NUMPY_CORE_ONLY,1,SUCCESS,10812,7,5,,,,0.0006749683525413275,0.0020887861028313637,,
64,75,0x6566c598,0xca804b00,QISKIT_AER_STATEVECTOR,SERVER_CPU,AER_EXECUTION_ONLY,1,SUCCESS,10812,7,5,,,,0.05537255178205669,0.0579918569419533,0.0,0.0
64,75,0x6566c598,0xca804b00,RTL_FIXED_NORMAL,SERVER_CPU,PYTHON_FIXED_MODEL_WALL,1,SUCCESS,10812,7,5,5,,,0.002236624015495181,0.002236624015495181,,
64,75,0x6566c598,0xca804b00,SOFTWARE_K4H4,SERVER_CPU,PYTHON_FIXED_MODEL_WALL,1,SUCCESS,10812,7,5,1,,,0.0016702080611139536,0.0016702080611139536,,
64,75,0x6566c598,0xca804b00,SOFTWARE_K3H3,SERVER_CPU,PYTHON_FIXED_MODEL_WALL,1,SUCCESS,10812,7,5,1,,,0.0015230809804052114,0.0015230809804052114,,
64,76,0x4e646d9d,0xcbae5ac0,NUMPY_FLOAT64,SERVER_CPU,NUMPY_CORE_ONLY,1,SUCCESS,1801,15,36,,,,0.003494623117148876,0.007155377883464098,,
64,76,0x4e646d9d,0xcbae5ac0,QISKIT_AER_STATEVECTOR,SERVER_CPU,AER_EXECUTION_ONLY,1,SUCCESS,1801,15,36,,,,0.3917979742400348,0.3981459839269519,0.0,0.0
64,76,0x4e646d9d,0xcbae5ac0,RTL_FIXED_NORMAL,SERVER_CPU,PYTHON_FIXED_MODEL_WALL,1,SUCCESS,1801,15,36,36,,,0.007167438976466656,0.007167438976466656,,
64,76,0x4e646d9d,0xcbae5ac0,SOFTWARE_K4H4,SERVER_CPU,PYTHON_FIXED_MODEL_WALL,1,SUCCESS,1801,15,36,11,,,0.004475871101021767,0.004475871101021767,,
64,76,0x4e646d9d,0xcbae5ac0,SOFTWARE_K3H3,SERVER_CPU,PYTHON_FIXED_MODEL_WALL,1,SUCCESS,1801,15,36,12,,,0.004570576129481196,0.004570576129481196,,
64,77,0x05d81d6f,0x260c4013,NUMPY_FLOAT64,SERVER_CPU,NUMPY_CORE_ONLY,1,SUCCESS,701,8,8,,,,0.001181343337520957,0.002940988168120384,,
64,77,0x05d81d6f,0x260c4013,QISKIT_AER_STATEVECTOR,SERVER_CPU,AER_EXECUTION_ONLY,1,SUCCESS,701,8,8,,,,0.08892546431161463,0.09220504993572831,0.0,0.0
64,77,0x05d81d6f,0x260c4013,RTL_FIXED_NORMAL,SERVER_CPU,PYTHON_FIXED_MODEL_WALL,1,SUCCESS,701,8,8,8,,,0.0025589149445295334,0.0025589149445295334,,
64,77,0x05d81d6f,0x260c4013,SOFTWARE_K4H4,SERVER_CPU,PYTHON_FIXED_MODEL_WALL,1,SUCCESS,701,8,8,3,,,0.0021686148829758167,0.0021686148829758167,,
64,77,0x05d81d6f,0x260c4013,SOFTWARE_K3H3,SERVER_CPU,PYTHON_FIXED_MODEL_WALL,1,SUCCESS,701,8,8,3,,,0.002049603033810854,0.002049603033810854,,
64,78,0x2018f6a3,0x5728c7f4,NUMPY_FLOAT64,SERVER_CPU,NUMPY_CORE_ONLY,1,SUCCESS,5281,6,5,,,,0.000612559961155057,0.0018405939918011427,,
64,78,0x2018f6a3,0x5728c7f4,QISKIT_AER_STATEVECTOR,SERVER_CPU,AER_EXECUTION_ONLY,1,SUCCESS,5281,6,5,,,,0.05503986473195255,0.05762691795825958,0.0,0.0
64,78,0x2018f6a3,0x5728c7f4,RTL_FIXED_NORMAL,SERVER_CPU,PYTHON_FIXED_MODEL_WALL,1,SUCCESS,5281,6,5,5,,,0.001867308048531413,0.001867308048531413,,
64,78,0x2018f6a3,0x5728c7f4,SOFTWARE_K4H4,SERVER_CPU,PYTHON_FIXED_MODEL_WALL,1,SUCCESS,5281,6,5,2,,,0.0015817990060895681,0.0015817990060895681,,
64,78,0x2018f6a3,0x5728c7f4,SOFTWARE_K3H3,SERVER_CPU,PYTHON_FIXED_MODEL_WALL,1,SUCCESS,5281,6,5,2,,,0.0015400040429085493,0.0015400040429085493,,
64,79,0x718ebf0c,0x4d7d460c,NUMPY_FLOAT64,SERVER_CPU,NUMPY_CORE_ONLY,1,SUCCESS,14405,14,27,,,,0.002143874764442444,0.004847760079428554,,
64,79,0x718ebf0c,0x4d7d460c,QISKIT_AER_STATEVECTOR,SERVER_CPU,AER_EXECUTION_ONLY,1,SUCCESS,14405,14,27,,,,0.35912693524733186,0.3653320260345936,0.0,0.0
64,79,0x718ebf0c,0x4d7d460c,RTL_FIXED_NORMAL,SERVER_CPU,PYTHON_FIXED_MODEL_WALL,1,SUCCESS,8089,16,43,43,,,0.007800163002684712,0.007800163002684712,,
64,79,0x718ebf0c,0x4d7d460c,SOFTWARE_K4H4,SERVER_CPU,PYTHON_FIXED_MODEL_WALL,1,SUCCESS,8089,16,43,15,,,0.005123810144141316,0.005123810144141316,,
64,79,0x718ebf0c,0x4d7d460c,SOFTWARE_K3H3,SERVER_CPU,PYTHON_FIXED_MODEL_WALL,1,SUCCESS,8089,16,43,16,,,0.005055201938375831,0.005055201938375831,,
64,80,0x042a8f17,0x2093b3f4,NUMPY_FLOAT64,SERVER_CPU,NUMPY_CORE_ONLY,1,SUCCESS,8799,8,4,,,,0.0006411687936633825,0.0022184629924595356,,
64,80,0x042a8f17,0x2093b3f4,QISKIT_AER_STATEVECTOR,SERVER_CPU,AER_EXECUTION_ONLY,1,SUCCESS,8799,8,4,,,,0.046614634804427624,0.04951637703925371,0.0,0.0
64,80,0x042a8f17,0x2093b3f4,RTL_FIXED_NORMAL,SERVER_CPU,PYTHON_FIXED_MODEL_WALL,1,SUCCESS,8799,8,4,4,,,0.003504175925627351,0.003504175925627351,,
64,80,0x042a8f17,0x2093b3f4,SOFTWARE_K4H4,SERVER_CPU,PYTHON_FIXED_MODEL_WALL,1,SUCCESS,8799,8,4,2,,,0.0019371418748050928,0.0019371418748050928,,
64,80,0x042a8f17,0x2093b3f4,SOFTWARE_K3H3,SERVER_CPU,PYTHON_FIXED_MODEL_WALL,1,SUCCESS,8799,8,4,2,,,0.0018468969501554966,0.0018468969501554966,,
64,81,0xfc1c775d,0x35bd20f1,NUMPY_FLOAT64,SERVER_CPU,NUMPY_CORE_ONLY,1,SUCCESS,7786,7,6,,,,0.0007363911718130112,0.0022786539047956467,,
64,81,0xfc1c775d,0x35bd20f1,QISKIT_AER_STATEVECTOR,SERVER_CPU,AER_EXECUTION_ONLY,1,SUCCESS,7786,7,6,,,,0.06501146219670773,0.06750990287400782,0.0,0.0
64,81,0xfc1c775d,0x35bd20f1,RTL_FIXED_NORMAL,SERVER_CPU,PYTHON_FIXED_MODEL_WALL,1,SUCCESS,7786,7,6,6,,,0.0021406959276646376,0.0021406959276646376,,
64,81,0xfc1c775d,0x35bd20f1,SOFTWARE_K4H4,SERVER_CPU,PYTHON_FIXED_MODEL_WALL,1,SUCCESS,7786,7,6,2,,,0.0017624141182750463,0.0017624141182750463,,
64,81,0xfc1c775d,0x35bd20f1,SOFTWARE_K3H3,SERVER_CPU,PYTHON_FIXED_MODEL_WALL,1,SUCCESS,7786,7,6,2,,,0.001819973113015294,0.001819973113015294,,
64,82,0x16b93b63,0x7d609ba5,NUMPY_FLOAT64,SERVER_CPU,NUMPY_CORE_ONLY,1,SUCCESS,2852,15,32,,,,0.002802181290462613,0.006023693829774857,,
64,82,0x16b93b63,0x7d609ba5,QISKIT_AER_STATEVECTOR,SERVER_CPU,AER_EXECUTION_ONLY,1,SUCCESS,2852,15,32,,,,0.3717424226924777,0.3792525290045887,0.0,0.0
64,82,0x16b93b63,0x7d609ba5,RTL_FIXED_NORMAL,SERVER_CPU,PYTHON_FIXED_MODEL_WALL,1,SUCCESS,10234,11,15,15,,,0.0046641030348837376,0.0046641030348837376,,
64,82,0x16b93b63,0x7d609ba5,SOFTWARE_K4H4,SERVER_CPU,PYTHON_FIXED_MODEL_WALL,1,SUCCESS,10234,11,15,5,,,0.003752710996195674,0.003752710996195674,,
64,82,0x16b93b63,0x7d609ba5,SOFTWARE_K3H3,SERVER_CPU,PYTHON_FIXED_MODEL_WALL,1,SUCCESS,10234,11,15,5,,,0.002882853150367737,0.002882853150367737,,
64,83,0x8ce1028e,0xb152e7ef,NUMPY_FLOAT64,SERVER_CPU,NUMPY_CORE_ONLY,1,SUCCESS,15288,12,15,,,,0.0015148534439504147,0.0039308101404458284,,
64,83,0x8ce1028e,0xb152e7ef,QISKIT_AER_STATEVECTOR,SERVER_CPU,AER_EXECUTION_ONLY,1,SUCCESS,15288,12,15,,,,0.17657129699364305,0.18244411004707217,0.0,0.0
64,83,0x8ce1028e,0xb152e7ef,RTL_FIXED_NORMAL,SERVER_CPU,PYTHON_FIXED_MODEL_WALL,1,SUCCESS,5270,14,23,23,,,0.006122366990894079,0.006122366990894079,,
64,83,0x8ce1028e,0xb152e7ef,SOFTWARE_K4H4,SERVER_CPU,PYTHON_FIXED_MODEL_WALL,1,SUCCESS,5270,14,23,8,,,0.003841264173388481,0.003841264173388481,,
64,83,0x8ce1028e,0xb152e7ef,SOFTWARE_K3H3,SERVER_CPU,PYTHON_FIXED_MODEL_WALL,1,SUCCESS,5270,14,23,9,,,0.0038958450313657522,0.0038958450313657522,,
64,84,0x87bad980,0x7dbefa97,NUMPY_FLOAT64,SERVER_CPU,NUMPY_CORE_ONLY,1,SUCCESS,14494,3,1,,,,0.0002417613286525011,0.00089461007155478,,
64,84,0x87bad980,0x7dbefa97,QISKIT_AER_STATEVECTOR,SERVER_CPU,AER_EXECUTION_ONLY,1,SUCCESS,14494,3,1,,,,0.014440148836001754,0.015795787097886205,0.0,0.0
64,84,0x87bad980,0x7dbefa97,RTL_FIXED_NORMAL,SERVER_CPU,PYTHON_FIXED_MODEL_WALL,1,SUCCESS,14494,3,1,1,,,0.0008788909763097763,0.0008788909763097763,,
64,84,0x87bad980,0x7dbefa97,SOFTWARE_K4H4,SERVER_CPU,PYTHON_FIXED_MODEL_WALL,1,SUCCESS,14494,3,1,1,,,0.0008618200663477182,0.0008618200663477182,,
64,84,0x87bad980,0x7dbefa97,SOFTWARE_K3H3,SERVER_CPU,PYTHON_FIXED_MODEL_WALL,1,SUCCESS,14494,3,1,1,,,0.0009116039145737886,0.0009116039145737886,,
64,85,0xd63d86f3,0xf5399cca,NUMPY_FLOAT64,SERVER_CPU,NUMPY_CORE_ONLY,1,SUCCESS,5200,10,13,,,,0.0015346140135079622,0.0038732700049877167,,
64,85,0xd63d86f3,0xf5399cca,QISKIT_AER_STATEVECTOR,SERVER_CPU,AER_EXECUTION_ONLY,1,SUCCESS,5200,10,13,,,,0.12945416010916233,0.1336256240028888,0.0,0.0
64,85,0xd63d86f3,0xf5399cca,RTL_FIXED_NORMAL,SERVER_CPU,PYTHON_FIXED_MODEL_WALL,1,SUCCESS,5200,10,13,13,,,0.0036846150178462267,0.0036846150178462267,,
64,85,0xd63d86f3,0xf5399cca,SOFTWARE_K4H4,SERVER_CPU,PYTHON_FIXED_MODEL_WALL,1,SUCCESS,5200,10,13,3,,,0.0025604169350117445,0.0025604169350117445,,
64,85,0xd63d86f3,0xf5399cca,SOFTWARE_K3H3,SERVER_CPU,PYTHON_FIXED_MODEL_WALL,1,SUCCESS,5200,10,13,3,,,0.0024223821237683296,0.0024223821237683296,,
64,86,0xeeaba102,0x01560fc0,NUMPY_FLOAT64,SERVER_CPU,NUMPY_CORE_ONLY,1,SUCCESS,10812,12,19,,,,0.0016713710501790047,0.004073265008628368,,
64,86,0xeeaba102,0x01560fc0,QISKIT_AER_STATEVECTOR,SERVER_CPU,AER_EXECUTION_ONLY,1,SUCCESS,10812,12,19,,,,0.19549765507690609,0.20104504190385342,0.0,0.0
64,86,0xeeaba102,0x01560fc0,RTL_FIXED_NORMAL,SERVER_CPU,PYTHON_FIXED_MODEL_WALL,1,SUCCESS,586,12,19,19,,,0.004453673027455807,0.004453673027455807,,
64,86,0xeeaba102,0x01560fc0,SOFTWARE_K4H4,SERVER_CPU,PYTHON_FIXED_MODEL_WALL,1,SUCCESS,586,12,19,6,,,0.003379065077751875,0.003379065077751875,,
64,86,0xeeaba102,0x01560fc0,SOFTWARE_K3H3,SERVER_CPU,PYTHON_FIXED_MODEL_WALL,1,SUCCESS,586,12,19,6,,,0.0035591619089245796,0.0035591619089245796,,
64,87,0xc1fee4bb,0xc7e12d58,NUMPY_FLOAT64,SERVER_CPU,NUMPY_CORE_ONLY,1,SUCCESS,7400,13,23,,,,0.0018828867468982935,0.004364110063761473,,
64,87,0xc1fee4bb,0xc7e12d58,QISKIT_AER_STATEVECTOR,SERVER_CPU,AER_EXECUTION_ONLY,1,SUCCESS,7400,13,23,,,,0.25619190954603255,0.2623154150787741,0.0,0.0
64,87,0xc1fee4bb,0xc7e12d58,RTL_FIXED_NORMAL,SERVER_CPU,PYTHON_FIXED_MODEL_WALL,1,SUCCESS,10593,13,23,23,,,0.005379560869187117,0.005379560869187117,,
64,87,0xc1fee4bb,0xc7e12d58,SOFTWARE_K4H4,SERVER_CPU,PYTHON_FIXED_MODEL_WALL,1,SUCCESS,10593,13,23,8,,,0.0035718209110200405,0.0035718209110200405,,
64,87,0xc1fee4bb,0xc7e12d58,SOFTWARE_K3H3,SERVER_CPU,PYTHON_FIXED_MODEL_WALL,1,SUCCESS,10593,13,23,8,,,0.003450732911005616,0.003450732911005616,,
64,88,0x0707c9da,0xf644a3f9,NUMPY_FLOAT64,SERVER_CPU,NUMPY_CORE_ONLY,1,SUCCESS,26,19,65,,,,0.004323610803112388,0.0080251710023731,,
64,88,0x0707c9da,0xf644a3f9,QISKIT_AER_STATEVECTOR,SERVER_CPU,AER_EXECUTION_ONLY,1,SUCCESS,26,19,65,,,,0.9184568305499852,2.1286928220652044,0.561943091917783,0.5531417699530721
64,88,0x0707c9da,0xf644a3f9,RTL_FIXED_NORMAL,SERVER_CPU,PYTHON_FIXED_MODEL_WALL,1,SUCCESS,7786,13,25,25,,,0.005625624908134341,0.005625624908134341,,
64,88,0x0707c9da,0xf644a3f9,SOFTWARE_K4H4,SERVER_CPU,PYTHON_FIXED_MODEL_WALL,1,SUCCESS,7786,13,25,6,,,0.0036252799909561872,0.0036252799909561872,,
64,88,0x0707c9da,0xf644a3f9,SOFTWARE_K3H3,SERVER_CPU,PYTHON_FIXED_MODEL_WALL,1,SUCCESS,7786,13,25,6,,,0.0032859870698302984,0.0032859870698302984,,
64,89,0xde0d9c30,0x58a2ee8f,NUMPY_FLOAT64,SERVER_CPU,NUMPY_CORE_ONLY,1,SUCCESS,5281,10,13,,,,0.0011605629697442055,0.003114585066214204,,
64,89,0xde0d9c30,0x58a2ee8f,QISKIT_AER_STATEVECTOR,SERVER_CPU,AER_EXECUTION_ONLY,1,SUCCESS,5281,10,13,,,,0.13094569370150566,0.1349865379743278,0.0,0.0
64,89,0xde0d9c30,0x58a2ee8f,RTL_FIXED_NORMAL,SERVER_CPU,PYTHON_FIXED_MODEL_WALL,1,SUCCESS,10931,10,13,13,,,0.0035332958213984966,0.0035332958213984966,,
64,89,0xde0d9c30,0x58a2ee8f,SOFTWARE_K4H4,SERVER_CPU,PYTHON_FIXED_MODEL_WALL,1,SUCCESS,10931,10,13,5,,,0.002830403158441186,0.002830403158441186,,
64,89,0xde0d9c30,0x58a2ee8f,SOFTWARE_K3H3,SERVER_CPU,PYTHON_FIXED_MODEL_WALL,1,SUCCESS,10931,10,13,5,,,0.002753349021077156,0.002753349021077156,,
64,90,0x7cd0efc7,0x9f385cfb,NUMPY_FLOAT64,SERVER_CPU,NUMPY_CORE_ONLY,1,SUCCESS,16090,13,12,,,,0.0012859269045293331,0.0037956980522722006,,
64,90,0x7cd0efc7,0x9f385cfb,QISKIT_AER_STATEVECTOR,SERVER_CPU,AER_EXECUTION_ONLY,1,SUCCESS,16090,13,12,,,,0.163209340069443,0.169523810967803,0.0,0.0
64,90,0x7cd0efc7,0x9f385cfb,RTL_FIXED_NORMAL,SERVER_CPU,PYTHON_FIXED_MODEL_WALL,1,SUCCESS,16090,13,12,12,,,0.005327531835064292,0.005327531835064292,,
64,90,0x7cd0efc7,0x9f385cfb,SOFTWARE_K4H4,SERVER_CPU,PYTHON_FIXED_MODEL_WALL,1,SUCCESS,16090,13,12,6,,,0.0034056000877171755,0.0034056000877171755,,
64,90,0x7cd0efc7,0x9f385cfb,SOFTWARE_K3H3,SERVER_CPU,PYTHON_FIXED_MODEL_WALL,1,SUCCESS,16090,13,12,6,,,0.0031249290332198143,0.0031249290332198143,,
64,91,0xe4cb50a6,0x94d13729,NUMPY_FLOAT64,SERVER_CPU,NUMPY_CORE_ONLY,1,SUCCESS,13048,14,18,,,,0.0015633460134267807,0.004200290888547897,,
64,91,0xe4cb50a6,0x94d13729,QISKIT_AER_STATEVECTOR,SERVER_CPU,AER_EXECUTION_ONLY,1,SUCCESS,13048,14,18,,,,0.22288112272508442,0.22969361604191363,0.0,0.0
64,91,0xe4cb50a6,0x94d13729,RTL_FIXED_NORMAL,SERVER_CPU,PYTHON_FIXED_MODEL_WALL,1,SUCCESS,13048,14,18,18,,,0.004567846888676286,0.004567846888676286,,
64,91,0xe4cb50a6,0x94d13729,SOFTWARE_K4H4,SERVER_CPU,PYTHON_FIXED_MODEL_WALL,1,SUCCESS,13048,14,18,8,,,0.0038655439857393503,0.0038655439857393503,,
64,91,0xe4cb50a6,0x94d13729,SOFTWARE_K3H3,SERVER_CPU,PYTHON_FIXED_MODEL_WALL,1,SUCCESS,13048,14,18,8,,,0.0037917669396847486,0.0037917669396847486,,
64,92,0xa0882219,0x18f75d24,NUMPY_FLOAT64,SERVER_CPU,NUMPY_CORE_ONLY,1,SUCCESS,5341,3,1,,,,0.00022059795446693897,0.0008856409694999456,,
64,92,0xa0882219,0x18f75d24,QISKIT_AER_STATEVECTOR,SERVER_CPU,AER_EXECUTION_ONLY,1,SUCCESS,5341,3,1,,,,0.013006595894694328,0.014134861994534731,0.0,0.0
64,92,0xa0882219,0x18f75d24,RTL_FIXED_NORMAL,SERVER_CPU,PYTHON_FIXED_MODEL_WALL,1,SUCCESS,5341,3,1,1,,,0.0008031739853322506,0.0008031739853322506,,
64,92,0xa0882219,0x18f75d24,SOFTWARE_K4H4,SERVER_CPU,PYTHON_FIXED_MODEL_WALL,1,SUCCESS,5341,3,1,1,,,0.0008712408598512411,0.0008712408598512411,,
64,92,0xa0882219,0x18f75d24,SOFTWARE_K3H3,SERVER_CPU,PYTHON_FIXED_MODEL_WALL,1,SUCCESS,5341,3,1,1,,,0.0009144979994744062,0.0009144979994744062,,
64,93,0xc435e6f2,0xf75a52bc,NUMPY_FLOAT64,SERVER_CPU,NUMPY_CORE_ONLY,1,SUCCESS,13012,10,14,,,,0.0012732450850307941,0.003276386996731162,,
64,93,0xc435e6f2,0xf75a52bc,QISKIT_AER_STATEVECTOR,SERVER_CPU,AER_EXECUTION_ONLY,1,SUCCESS,13012,10,14,,,,0.15632923156954348,0.16057996707968414,0.0,0.0
64,93,0xc435e6f2,0xf75a52bc,RTL_FIXED_NORMAL,SERVER_CPU,PYTHON_FIXED_MODEL_WALL,1,SUCCESS,13012,10,14,14,,,0.003684199182316661,0.003684199182316661,,
64,93,0xc435e6f2,0xf75a52bc,SOFTWARE_K4H4,SERVER_CPU,PYTHON_FIXED_MODEL_WALL,1,SUCCESS,13012,10,14,3,,,0.0025692421477288008,0.0025692421477288008,,
64,93,0xc435e6f2,0xf75a52bc,SOFTWARE_K3H3,SERVER_CPU,PYTHON_FIXED_MODEL_WALL,1,SUCCESS,13012,10,14,3,,,0.0024501699954271317,0.0024501699954271317,,
64,94,0x011b63f0,0x0aa34346,NUMPY_FLOAT64,SERVER_CPU,NUMPY_CORE_ONLY,1,SUCCESS,507,13,21,,,,0.0019281299319118261,0.004652103874832392,,
64,94,0x011b63f0,0x0aa34346,QISKIT_AER_STATEVECTOR,SERVER_CPU,AER_EXECUTION_ONLY,1,SUCCESS,507,13,21,,,,0.24196926155127585,0.24752420210279524,0.0,0.0
64,94,0x011b63f0,0x0aa34346,RTL_FIXED_NORMAL,SERVER_CPU,PYTHON_FIXED_MODEL_WALL,1,SUCCESS,507,13,21,21,,,0.005097697023302317,0.005097697023302317,,
64,94,0x011b63f0,0x0aa34346,SOFTWARE_K4H4,SERVER_CPU,PYTHON_FIXED_MODEL_WALL,1,SUCCESS,507,13,21,7,,,0.0036371140740811825,0.0036371140740811825,,
64,94,0x011b63f0,0x0aa34346,SOFTWARE_K3H3,SERVER_CPU,PYTHON_FIXED_MODEL_WALL,1,SUCCESS,507,13,21,7,,,0.0033808709122240543,0.0033808709122240543,,
64,95,0x1b456e77,0xee460f94,NUMPY_FLOAT64,SERVER_CPU,NUMPY_CORE_ONLY,1,SUCCESS,3903,18,56,,,,0.003597788978368044,0.007007583975791931,,
64,95,0x1b456e77,0xee460f94,QISKIT_AER_STATEVECTOR,SERVER_CPU,AER_EXECUTION_ONLY,1,SUCCESS,3903,18,56,,,,0.8435577473137528,1.4585716780275106,0.2696949439123273,0.288650028873235
64,95,0x1b456e77,0xee460f94,RTL_FIXED_NORMAL,SERVER_CPU,PYTHON_FIXED_MODEL_WALL,1,SUCCESS,507,20,75,75,,,0.013679669937118888,0.013679669937118888,,
64,95,0x1b456e77,0xee460f94,SOFTWARE_K4H4,SERVER_CPU,PYTHON_FIXED_MODEL_WALL,1,SUCCESS,507,20,75,18,,,0.006991288857534528,0.006991288857534528,,
64,95,0x1b456e77,0xee460f94,SOFTWARE_K3H3,SERVER_CPU,PYTHON_FIXED_MODEL_WALL,1,SUCCESS,507,20,75,25,,,0.0066344221122562885,0.0066344221122562885,,
64,96,0x10088608,0xef418331,NUMPY_FLOAT64,SERVER_CPU,NUMPY_CORE_ONLY,1,SUCCESS,8799,14,21,,,,0.0017149397172033787,0.004403910133987665,,
64,96,0x10088608,0xef418331,QISKIT_AER_STATEVECTOR,SERVER_CPU,AER_EXECUTION_ONLY,1,SUCCESS,8799,14,21,,,,0.2697406397201121,0.2777486501727253,0.0,0.0
64,96,0x10088608,0xef418331,RTL_FIXED_NORMAL,SERVER_CPU,PYTHON_FIXED_MODEL_WALL,1,SUCCESS,13012,14,21,21,,,0.004935163073241711,0.004935163073241711,,
64,96,0x10088608,0xef418331,SOFTWARE_K4H4,SERVER_CPU,PYTHON_FIXED_MODEL_WALL,1,SUCCESS,13012,14,21,6,,,0.0038883250672370195,0.0038883250672370195,,
64,96,0x10088608,0xef418331,SOFTWARE_K3H3,SERVER_CPU,PYTHON_FIXED_MODEL_WALL,1,SUCCESS,13012,14,21,6,,,0.003551972797140479,0.003551972797140479,,
64,97,0x6fcfc352,0xf8fa9f4c,NUMPY_FLOAT64,SERVER_CPU,NUMPY_CORE_ONLY,1,SUCCESS,13048,16,33,,,,0.002380610443651676,0.005433929152786732,,
64,97,0x6fcfc352,0xf8fa9f4c,QISKIT_AER_STATEVECTOR,SERVER_CPU,AER_EXECUTION_ONLY,1,SUCCESS,13048,16,33,,,,0.4042174860369414,0.9511013049632311,0.21368371811695397,0.29397988808341324
64,97,0x6fcfc352,0xf8fa9f4c,RTL_FIXED_NORMAL,SERVER_CPU,PYTHON_FIXED_MODEL_WALL,1,SUCCESS,1801,16,33,33,,,0.006581380032002926,0.006581380032002926,,
64,97,0x6fcfc352,0xf8fa9f4c,SOFTWARE_K4H4,SERVER_CPU,PYTHON_FIXED_MODEL_WALL,1,SUCCESS,1801,16,33,14,,,0.005302386125549674,0.005302386125549674,,
64,97,0x6fcfc352,0xf8fa9f4c,SOFTWARE_K3H3,SERVER_CPU,PYTHON_FIXED_MODEL_WALL,1,SUCCESS,1801,16,33,16,,,0.005164996953681111,0.005164996953681111,,
64,98,0xfb6077af,0x713595a9,NUMPY_FLOAT64,SERVER_CPU,NUMPY_CORE_ONLY,1,SUCCESS,491,10,7,,,,0.0008720559999346733,0.0029307559598237276,,
64,98,0xfb6077af,0x713595a9,QISKIT_AER_STATEVECTOR,SERVER_CPU,AER_EXECUTION_ONLY,1,SUCCESS,491,10,7,,,,0.0825516281183809,0.0867091550026089,0.0,0.0
64,98,0xfb6077af,0x713595a9,RTL_FIXED_NORMAL,SERVER_CPU,PYTHON_FIXED_MODEL_WALL,1,SUCCESS,491,10,7,7,,,0.003248410066589713,0.003248410066589713,,
64,98,0xfb6077af,0x713595a9,SOFTWARE_K4H4,SERVER_CPU,PYTHON_FIXED_MODEL_WALL,1,SUCCESS,491,10,7,2,,,0.0022728759795427322,0.0022728759795427322,,
64,98,0xfb6077af,0x713595a9,SOFTWARE_K3H3,SERVER_CPU,PYTHON_FIXED_MODEL_WALL,1,SUCCESS,491,10,7,2,,,0.0021725997794419527,0.0021725997794419527,,
64,99,0xc6ebb72e,0x08fdf109,NUMPY_FLOAT64,SERVER_CPU,NUMPY_CORE_ONLY,1,SUCCESS,5531,6,4,,,,0.0005144129972904921,0.0017435948830097914,,
64,99,0xc6ebb72e,0x08fdf109,QISKIT_AER_STATEVECTOR,SERVER_CPU,AER_EXECUTION_ONLY,1,SUCCESS,5531,6,4,,,,0.05021644104272127,0.05272441008128226,0.0,0.0
64,99,0xc6ebb72e,0x08fdf109,RTL_FIXED_NORMAL,SERVER_CPU,PYTHON_FIXED_MODEL_WALL,1,SUCCESS,5531,6,4,4,,,0.0017870389856398106,0.0017870389856398106,,
64,99,0xc6ebb72e,0x08fdf109,SOFTWARE_K4H4,SERVER_CPU,PYTHON_FIXED_MODEL_WALL,1,SUCCESS,5531,6,4,2,,,0.0016864659264683723,0.0016864659264683723,,
64,99,0xc6ebb72e,0x08fdf109,SOFTWARE_K3H3,SERVER_CPU,PYTHON_FIXED_MODEL_WALL,1,SUCCESS,5531,6,4,2,,,0.0015698240604251623,0.0015698240604251623,,
256,0,0x7b1dcdaf,0x24370df2,NUMPY_FLOAT64,SERVER_CPU,NUMPY_CORE_ONLY,1,SUCCESS,15288,8,7,,,,0.0008174038957804441,0.0024147769436240196,,
256,0,0x7b1dcdaf,0x24370df2,QISKIT_AER_STATEVECTOR,SERVER_CPU,AER_EXECUTION_ONLY,1,SUCCESS,15288,8,7,,,,0.10877015930600464,0.6124155221041292,0.1446139004547149,0.33864506776444614
256,0,0x7b1dcdaf,0x24370df2,RTL_FIXED_NORMAL,SERVER_CPU,PYTHON_FIXED_MODEL_WALL,1,SUCCESS,15288,8,7,7,,,0.0026670859660953283,0.0026670859660953283,,
256,0,0x7b1dcdaf,0x24370df2,SOFTWARE_K4H4,SERVER_CPU,PYTHON_FIXED_MODEL_WALL,1,SUCCESS,15288,8,7,3,,,0.0023680469021201134,0.0023680469021201134,,
256,0,0x7b1dcdaf,0x24370df2,SOFTWARE_K3H3,SERVER_CPU,PYTHON_FIXED_MODEL_WALL,1,SUCCESS,15288,8,7,3,,,0.0021065000910311937,0.0021065000910311937,,
256,1,0x3a85a4dc,0xa3b9aa35,NUMPY_FLOAT64,SERVER_CPU,NUMPY_CORE_ONLY,1,SUCCESS,5849,5,2,,,,0.00040867598727345467,0.0014713911805301905,,
256,1,0x3a85a4dc,0xa3b9aa35,QISKIT_AER_STATEVECTOR,SERVER_CPU,AER_EXECUTION_ONLY,1,SUCCESS,5849,5,2,,,,0.023677319288253784,0.025549985002726316,0.0,0.0
256,1,0x3a85a4dc,0xa3b9aa35,RTL_FIXED_NORMAL,SERVER_CPU,PYTHON_FIXED_MODEL_WALL,1,SUCCESS,5849,5,2,2,,,0.0013572161551564932,0.0013572161551564932,,
256,1,0x3a85a4dc,0xa3b9aa35,SOFTWARE_K4H4,SERVER_CPU,PYTHON_FIXED_MODEL_WALL,1,SUCCESS,5849,5,2,1,,,0.001420476008206606,0.001420476008206606,,
256,1,0x3a85a4dc,0xa3b9aa35,SOFTWARE_K3H3,SERVER_CPU,PYTHON_FIXED_MODEL_WALL,1,SUCCESS,5849,5,2,1,,,0.0012078541330993176,0.0012078541330993176,,
256,2,0x6162a8b2,0x871c276f,NUMPY_FLOAT64,SERVER_CPU,NUMPY_CORE_ONLY,1,SUCCESS,8081,7,3,,,,0.0005662047769874334,0.0020431140437722206,,
256,2,0x6162a8b2,0x871c276f,QISKIT_AER_STATEVECTOR,SERVER_CPU,AER_EXECUTION_ONLY,1,SUCCESS,8081,7,3,,,,0.037260421784594655,0.04001153400167823,0.0,0.0
256,2,0x6162a8b2,0x871c276f,RTL_FIXED_NORMAL,SERVER_CPU,PYTHON_FIXED_MODEL_WALL,1,SUCCESS,8081,7,3,3,,,0.0019345569889992476,0.0019345569889992476,,
256,2,0x6162a8b2,0x871c276f,SOFTWARE_K4H4,SERVER_CPU,PYTHON_FIXED_MODEL_WALL,1,SUCCESS,8081,7,3,2,,,0.001879122108221054,0.001879122108221054,,
256,2,0x6162a8b2,0x871c276f,SOFTWARE_K3H3,SERVER_CPU,PYTHON_FIXED_MODEL_WALL,1,SUCCESS,8081,7,3,2,,,0.0018698989879339933,0.0018698989879339933,,
256,3,0xc3adc34e,0xf5b8f22b,NUMPY_FLOAT64,SERVER_CPU,NUMPY_CORE_ONLY,1,SUCCESS,16060,9,8,,,,0.0010474021546542645,0.0029829819686710835,,
256,3,0xc3adc34e,0xf5b8f22b,QISKIT_AER_STATEVECTOR,SERVER_CPU,AER_EXECUTION_ONLY,1,SUCCESS,16060,9,8,,,,0.11569020338356495,0.30415978911332786,0.05985896312631667,0.11136209312826395
256,3,0xc3adc34e,0xf5b8f22b,RTL_FIXED_NORMAL,SERVER_CPU,PYTHON_FIXED_MODEL_WALL,1,SUCCESS,16060,9,8,8,,,0.0035317500587552786,0.0035317500587552786,,
256,3,0xc3adc34e,0xf5b8f22b,SOFTWARE_K4H4,SERVER_CPU,PYTHON_FIXED_MODEL_WALL,1,SUCCESS,16060,9,8,4,,,0.0028961901552975178,0.0028961901552975178,,
256,3,0xc3adc34e,0xf5b8f22b,SOFTWARE_K3H3,SERVER_CPU,PYTHON_FIXED_MODEL_WALL,1,SUCCESS,16060,9,8,4,,,0.002934275195002556,0.002934275195002556,,
256,4,0x2bb073ff,0x3f8396e3,NUMPY_FLOAT64,SERVER_CPU,NUMPY_CORE_ONLY,1,SUCCESS,4222,12,17,,,,0.001684525515884161,0.00419108709320426,,
256,4,0x2bb073ff,0x3f8396e3,QISKIT_AER_STATEVECTOR,SERVER_CPU,AER_EXECUTION_ONLY,1,SUCCESS,4222,12,17,,,,0.2342286587227136,0.6391186721157283,0.12669760477729142,0.24507888406515121
256,4,0x2bb073ff,0x3f8396e3,RTL_FIXED_NORMAL,SERVER_CPU,PYTHON_FIXED_MODEL_WALL,1,SUCCESS,12680,12,17,17,,,0.0043886140920221806,0.0043886140920221806,,
256,4,0x2bb073ff,0x3f8396e3,SOFTWARE_K4H4,SERVER_CPU,PYTHON_FIXED_MODEL_WALL,1,SUCCESS,12680,12,17,7,,,0.0036060018464922905,0.0036060018464922905,,
256,4,0x2bb073ff,0x3f8396e3,SOFTWARE_K3H3,SERVER_CPU,PYTHON_FIXED_MODEL_WALL,1,SUCCESS,12680,12,17,7,,,0.003359540132805705,0.003359540132805705,,
256,5,0xda585ab3,0xa7197ad7,NUMPY_FLOAT64,SERVER_CPU,NUMPY_CORE_ONLY,1,SUCCESS,7233,10,5,,,,0.0008053015917539597,0.0027859830297529697,,
256,5,0xda585ab3,0xa7197ad7,QISKIT_AER_STATEVECTOR,SERVER_CPU,AER_EXECUTION_ONLY,1,SUCCESS,7233,10,5,,,,0.05553069687448442,0.059254050021991134,0.0,0.0
256,5,0xda585ab3,0xa7197ad7,RTL_FIXED_NORMAL,SERVER_CPU,PYTHON_FIXED_MODEL_WALL,1,SUCCESS,7233,10,5,5,,,0.0028938669711351395,0.0028938669711351395,,
256,5,0xda585ab3,0xa7197ad7,SOFTWARE_K4H4,SERVER_CPU,PYTHON_FIXED_MODEL_WALL,1,SUCCESS,7233,10,5,2,,,0.0023825729731470346,0.0023825729731470346,,
256,5,0xda585ab3,0xa7197ad7,SOFTWARE_K3H3,SERVER_CPU,PYTHON_FIXED_MODEL_WALL,1,SUCCESS,7233,10,5,2,,,0.0024454451631754637,0.0024454451631754637,,
256,6,0x0ed109c0,0x5701ce52,NUMPY_FLOAT64,SERVER_CPU,NUMPY_CORE_ONLY,1,SUCCESS,3716,7,7,,,,0.0008383526001125574,0.0023498099762946367,,
256,6,0x0ed109c0,0x5701ce52,QISKIT_AER_STATEVECTOR,SERVER_CPU,AER_EXECUTION_ONLY,1,SUCCESS,3716,7,7,,,,0.07066266471520066,0.0733854491263628,0.0,0.0
256,6,0x0ed109c0,0x5701ce52,RTL_FIXED_NORMAL,SERVER_CPU,PYTHON_FIXED_MODEL_WALL,1,SUCCESS,3716,7,7,7,,,0.0022884379141032696,0.0022884379141032696,,
256,6,0x0ed109c0,0x5701ce52,SOFTWARE_K4H4,SERVER_CPU,PYTHON_FIXED_MODEL_WALL,1,SUCCESS,3716,7,7,2,,,0.0018151600379496813,0.0018151600379496813,,
256,6,0x0ed109c0,0x5701ce52,SOFTWARE_K3H3,SERVER_CPU,PYTHON_FIXED_MODEL_WALL,1,SUCCESS,3716,7,7,2,,,0.0017422768287360668,0.0017422768287360668,,
256,7,0x102ecf73,0x53c7612b,NUMPY_FLOAT64,SERVER_CPU,NUMPY_CORE_ONLY,1,SUCCESS,3545,8,8,,,,0.0008754772134125233,0.0024536489509046078,,
256,7,0x102ecf73,0x53c7612b,QISKIT_AER_STATEVECTOR,SERVER_CPU,AER_EXECUTION_ONLY,1,SUCCESS,3545,8,8,,,,0.08255102788098156,0.08586499793455005,0.0,0.0
256,7,0x102ecf73,0x53c7612b,RTL_FIXED_NORMAL,SERVER_CPU,PYTHON_FIXED_MODEL_WALL,1,SUCCESS,3545,8,8,8,,,0.002738349139690399,0.002738349139690399,,
256,7,0x102ecf73,0x53c7612b,SOFTWARE_K4H4,SERVER_CPU,PYTHON_FIXED_MODEL_WALL,1,SUCCESS,3545,8,8,3,,,0.002281583147123456,0.002281583147123456,,
256,7,0x102ecf73,0x53c7612b,SOFTWARE_K3H3,SERVER_CPU,PYTHON_FIXED_MODEL_WALL,1,SUCCESS,3545,8,8,3,,,0.0022816029377281666,0.0022816029377281666,,
256,8,0xcf29b6a1,0x35231a84,NUMPY_FLOAT64,SERVER_CPU,NUMPY_CORE_ONLY,1,SUCCESS,11907,10,8,,,,0.0010006288066506386,0.0030646759551018476,,
256,8,0xcf29b6a1,0x35231a84,QISKIT_AER_STATEVECTOR,SERVER_CPU,AER_EXECUTION_ONLY,1,SUCCESS,11907,10,8,,,,0.09048154461197555,0.0943674179725349,0.0,0.0
256,8,0xcf29b6a1,0x35231a84,RTL_FIXED_NORMAL,SERVER_CPU,PYTHON_FIXED_MODEL_WALL,1,SUCCESS,11907,10,8,8,,,0.0030432369094341993,0.0030432369094341993,,
256,8,0xcf29b6a1,0x35231a84,SOFTWARE_K4H4,SERVER_CPU,PYTHON_FIXED_MODEL_WALL,1,SUCCESS,11907,10,8,4,,,0.00274902512319386,0.00274902512319386,,
256,8,0xcf29b6a1,0x35231a84,SOFTWARE_K3H3,SERVER_CPU,PYTHON_FIXED_MODEL_WALL,1,SUCCESS,11907,10,8,4,,,0.0026179319247603416,0.0026179319247603416,,
256,9,0xc49cbb42,0xd0a3bbb8,NUMPY_FLOAT64,SERVER_CPU,NUMPY_CORE_ONLY,1,SUCCESS,12001,1,0,,,,6.338395178318024e-05,0.00035699200816452503,,
256,9,0xc49cbb42,0xd0a3bbb8,QISKIT_AER_STATEVECTOR,SERVER_CPU,AER_EXECUTION_ONLY,1,SUCCESS,12001,1,0,,,,0.001237671123817563,0.0017356530297547579,0.0,0.0
256,9,0xc49cbb42,0xd0a3bbb8,RTL_FIXED_NORMAL,SERVER_CPU,PYTHON_FIXED_MODEL_WALL,1,SUCCESS,12001,1,0,0,,,0.0003246469423174858,0.0003246469423174858,,
256,9,0xc49cbb42,0xd0a3bbb8,SOFTWARE_K4H4,SERVER_CPU,PYTHON_FIXED_MODEL_WALL,1,SUCCESS,12001,1,0,0,,,0.00033033709041774273,0.00033033709041774273,,
256,9,0xc49cbb42,0xd0a3bbb8,SOFTWARE_K3H3,SERVER_CPU,PYTHON_FIXED_MODEL_WALL,1,SUCCESS,12001,1,0,0,,,0.00031797681003808975,0.00031797681003808975,,
256,10,0x4cc51d23,0xee0e3ab4,NUMPY_FLOAT64,SERVER_CPU,NUMPY_CORE_ONLY,1,SUCCESS,5451,4,2,,,,0.00034533487632870674,0.0011806879192590714,,
256,10,0x4cc51d23,0xee0e3ab4,QISKIT_AER_STATEVECTOR,SERVER_CPU,AER_EXECUTION_ONLY,1,SUCCESS,5451,4,2,,,,0.022463049739599228,0.023999111028388143,0.0,0.0
256,10,0x4cc51d23,0xee0e3ab4,RTL_FIXED_NORMAL,SERVER_CPU,PYTHON_FIXED_MODEL_WALL,1,SUCCESS,5451,4,2,2,,,0.001156895887106657,0.001156895887106657,,
256,10,0x4cc51d23,0xee0e3ab4,SOFTWARE_K4H4,SERVER_CPU,PYTHON_FIXED_MODEL_WALL,1,SUCCESS,5451,4,2,1,,,0.0010819279123097658,0.0010819279123097658,,
256,10,0x4cc51d23,0xee0e3ab4,SOFTWARE_K3H3,SERVER_CPU,PYTHON_FIXED_MODEL_WALL,1,SUCCESS,5451,4,2,1,,,0.0011143628507852554,0.0011143628507852554,,
256,11,0xf9e8aa7a,0x3208c31a,NUMPY_FLOAT64,SERVER_CPU,NUMPY_CORE_ONLY,1,SUCCESS,3335,12,19,,,,0.0016915849409997463,0.004109634086489677,,
256,11,0xf9e8aa7a,0x3208c31a,QISKIT_AER_STATEVECTOR,SERVER_CPU,AER_EXECUTION_ONLY,1,SUCCESS,3335,12,19,,,,0.2752205175347626,0.2809553020633757,0.0,0.0
256,11,0xf9e8aa7a,0x3208c31a,RTL_FIXED_NORMAL,SERVER_CPU,PYTHON_FIXED_MODEL_WALL,1,SUCCESS,873,12,19,19,,,0.0068773808889091015,0.0068773808889091015,,
256,11,0xf9e8aa7a,0x3208c31a,SOFTWARE_K4H4,SERVER_CPU,PYTHON_FIXED_MODEL_WALL,1,SUCCESS,873,12,19,7,,,0.0036756829358637333,0.0036756829358637333,,
256,11,0xf9e8aa7a,0x3208c31a,SOFTWARE_K3H3,SERVER_CPU,PYTHON_FIXED_MODEL_WALL,1,SUCCESS,873,12,19,7,,,0.00333466287702322,0.00333466287702322,,
256,12,0xdda8b051,0xc8105c9d,NUMPY_FLOAT64,SERVER_CPU,NUMPY_CORE_ONLY,1,SUCCESS,90,5,3,,,,0.00044332281686365604,0.001479867147281766,,
256,12,0xdda8b051,0xc8105c9d,QISKIT_AER_STATEVECTOR,SERVER_CPU,AER_EXECUTION_ONLY,1,SUCCESS,90,5,3,,,,0.03241852088831365,0.034240375040099025,0.0,0.0
256,12,0xdda8b051,0xc8105c9d,RTL_FIXED_NORMAL,SERVER_CPU,PYTHON_FIXED_MODEL_WALL,1,SUCCESS,90,5,3,3,,,0.001900714822113514,0.001900714822113514,,
256,12,0xdda8b051,0xc8105c9d,SOFTWARE_K4H4,SERVER_CPU,PYTHON_FIXED_MODEL_WALL,1,SUCCESS,90,5,3,2,,,0.0016482120845466852,0.0016482120845466852,,
256,12,0xdda8b051,0xc8105c9d,SOFTWARE_K3H3,SERVER_CPU,PYTHON_FIXED_MODEL_WALL,1,SUCCESS,90,5,3,2,,,0.0013764230534434319,0.0013764230534434319,,
256,13,0xabfb11bf,0xf5dec75e,NUMPY_FLOAT64,SERVER_CPU,NUMPY_CORE_ONLY,1,SUCCESS,7326,6,5,,,,0.0006213029846549034,0.0018462198786437511,,
256,13,0xabfb11bf,0xf5dec75e,QISKIT_AER_STATEVECTOR,SERVER_CPU,AER_EXECUTION_ONLY,1,SUCCESS,7326,6,5,,,,0.06144889327697456,0.06391953700222075,0.0,0.0
256,13,0xabfb11bf,0xf5dec75e,RTL_FIXED_NORMAL,SERVER_CPU,PYTHON_FIXED_MODEL_WALL,1,SUCCESS,7326,6,5,5,,,0.001977371983230114,0.001977371983230114,,
256,13,0xabfb11bf,0xf5dec75e,SOFTWARE_K4H4,SERVER_CPU,PYTHON_FIXED_MODEL_WALL,1,SUCCESS,7326,6,5,2,,,0.0015850591007620096,0.0015850591007620096,,
256,13,0xabfb11bf,0xf5dec75e,SOFTWARE_K3H3,SERVER_CPU,PYTHON_FIXED_MODEL_WALL,1,SUCCESS,7326,6,5,2,,,0.001544480212032795,0.001544480212032795,,
256,14,0x20639811,0x6b6a7c47,NUMPY_FLOAT64,SERVER_CPU,NUMPY_CORE_ONLY,1,SUCCESS,1930,6,7,,,,0.0007226800080388784,0.002000755863264203,,
256,14,0x20639811,0x6b6a7c47,QISKIT_AER_STATEVECTOR,SERVER_CPU,AER_EXECUTION_ONLY,1,SUCCESS,1930,6,7,,,,0.08549182815477252,0.08797476906329393,0.0,0.0
256,14,0x20639811,0x6b6a7c47,RTL_FIXED_NORMAL,SERVER_CPU,PYTHON_FIXED_MODEL_WALL,1,SUCCESS,1930,6,7,7,,,0.0021899051498621702,0.0021899051498621702,,
256,14,0x20639811,0x6b6a7c47,SOFTWARE_K4H4,SERVER_CPU,PYTHON_FIXED_MODEL_WALL,1,SUCCESS,1930,6,7,2,,,0.0015805000439286232,0.0015805000439286232,,
256,14,0x20639811,0x6b6a7c47,SOFTWARE_K3H3,SERVER_CPU,PYTHON_FIXED_MODEL_WALL,1,SUCCESS,1930,6,7,2,,,0.001531486865133047,0.001531486865133047,,
256,15,0xac72acd2,0xca84bc6c,NUMPY_FLOAT64,SERVER_CPU,NUMPY_CORE_ONLY,1,SUCCESS,13448,9,3,,,,0.0006142302881926298,0.0024352180771529675,,
256,15,0xac72acd2,0xca84bc6c,QISKIT_AER_STATEVECTOR,SERVER_CPU,AER_EXECUTION_ONLY,1,SUCCESS,13448,9,3,,,,0.03733059507794678,0.04077088297344744,0.0,0.0
256,15,0xac72acd2,0xca84bc6c,RTL_FIXED_NORMAL,SERVER_CPU,PYTHON_FIXED_MODEL_WALL,1,SUCCESS,13448,9,3,3,,,0.002538712928071618,0.002538712928071618,,
256,15,0xac72acd2,0xca84bc6c,SOFTWARE_K4H4,SERVER_CPU,PYTHON_FIXED_MODEL_WALL,1,SUCCESS,13448,9,3,2,,,0.0021507099736481905,0.0021507099736481905,,
256,15,0xac72acd2,0xca84bc6c,SOFTWARE_K3H3,SERVER_CPU,PYTHON_FIXED_MODEL_WALL,1,SUCCESS,13448,9,3,2,,,0.0021167928352952003,0.0021167928352952003,,
256,16,0x49a2da79,0xe1376725,NUMPY_FLOAT64,SERVER_CPU,NUMPY_CORE_ONLY,1,SUCCESS,12329,6,4,,,,0.0005806151311844587,0.0018168610986322165,,
256,16,0x49a2da79,0xe1376725,QISKIT_AER_STATEVECTOR,SERVER_CPU,AER_EXECUTION_ONLY,1,SUCCESS,12329,6,4,,,,0.043489402160048485,0.04580779490061104,0.0,0.0
256,16,0x49a2da79,0xe1376725,RTL_FIXED_NORMAL,SERVER_CPU,PYTHON_FIXED_MODEL_WALL,1,SUCCESS,12329,6,4,4,,,0.0027940720319747925,0.0027940720319747925,,
256,16,0x49a2da79,0xe1376725,SOFTWARE_K4H4,SERVER_CPU,PYTHON_FIXED_MODEL_WALL,1,SUCCESS,12329,6,4,2,,,0.0016867970116436481,0.0016867970116436481,,
256,16,0x49a2da79,0xe1376725,SOFTWARE_K3H3,SERVER_CPU,PYTHON_FIXED_MODEL_WALL,1,SUCCESS,12329,6,4,2,,,0.0015836989041417837,0.0015836989041417837,,
256,17,0x63a4e9d7,0x6166dba4,NUMPY_FLOAT64,SERVER_CPU,NUMPY_CORE_ONLY,1,SUCCESS,6247,7,6,,,,0.0008902356494218111,0.002565711969509721,,
256,17,0x63a4e9d7,0x6166dba4,QISKIT_AER_STATEVECTOR,SERVER_CPU,AER_EXECUTION_ONLY,1,SUCCESS,6247,7,6,,,,0.07488304004073143,0.07786509394645691,0.0,0.0
256,17,0x63a4e9d7,0x6166dba4,RTL_FIXED_NORMAL,SERVER_CPU,PYTHON_FIXED_MODEL_WALL,1,SUCCESS,6247,7,6,6,,,0.00227863690815866,0.00227863690815866,,
256,17,0x63a4e9d7,0x6166dba4,SOFTWARE_K4H4,SERVER_CPU,PYTHON_FIXED_MODEL_WALL,1,SUCCESS,6247,7,6,2,,,0.0018443078733980656,0.0018443078733980656,,
256,17,0x63a4e9d7,0x6166dba4,SOFTWARE_K3H3,SERVER_CPU,PYTHON_FIXED_MODEL_WALL,1,SUCCESS,6247,7,6,2,,,0.0017635321710258722,0.0017635321710258722,,
256,18,0x8983f102,0x43fb6183,NUMPY_FLOAT64,SERVER_CPU,NUMPY_CORE_ONLY,1,SUCCESS,4389,7,4,,,,0.0006791271734982729,0.0021625978406518698,,
256,18,0x8983f102,0x43fb6183,QISKIT_AER_STATEVECTOR,SERVER_CPU,AER_EXECUTION_ONLY,1,SUCCESS,4389,7,4,,,,0.04731161566451192,0.05046569206751883,0.0,0.0
256,18,0x8983f102,0x43fb6183,RTL_FIXED_NORMAL,SERVER_CPU,PYTHON_FIXED_MODEL_WALL,1,SUCCESS,4389,7,4,4,,,0.002066542860120535,0.002066542860120535,,
256,18,0x8983f102,0x43fb6183,SOFTWARE_K4H4,SERVER_CPU,PYTHON_FIXED_MODEL_WALL,1,SUCCESS,4389,7,4,1,,,0.0015603459905833006,0.0015603459905833006,,
256,18,0x8983f102,0x43fb6183,SOFTWARE_K3H3,SERVER_CPU,PYTHON_FIXED_MODEL_WALL,1,SUCCESS,4389,7,4,1,,,0.001555458176881075,0.001555458176881075,,
256,19,0xb671aa78,0xc97ad8a2,NUMPY_FLOAT64,SERVER_CPU,NUMPY_CORE_ONLY,1,SUCCESS,13749,7,3,,,,0.0005537155084311962,0.0019508660770952702,,
256,19,0xb671aa78,0xc97ad8a2,QISKIT_AER_STATEVECTOR,SERVER_CPU,AER_EXECUTION_ONLY,1,SUCCESS,13749,7,3,,,,0.03770764754153788,0.04020869405940175,0.0,0.0
256,19,0xb671aa78,0xc97ad8a2,RTL_FIXED_NORMAL,SERVER_CPU,PYTHON_FIXED_MODEL_WALL,1,SUCCESS,13749,7,3,3,,,0.0018338498193770647,0.0018338498193770647,,
256,19,0xb671aa78,0xc97ad8a2,SOFTWARE_K4H4,SERVER_CPU,PYTHON_FIXED_MODEL_WALL,1,SUCCESS,13749,7,3,2,,,0.0017954050563275814,0.0017954050563275814,,
256,19,0xb671aa78,0xc97ad8a2,SOFTWARE_K3H3,SERVER_CPU,PYTHON_FIXED_MODEL_WALL,1,SUCCESS,13749,7,3,2,,,0.001745019108057022,0.001745019108057022,,
256,20,0xdaeb566a,0x989e5b3d,NUMPY_FLOAT64,SERVER_CPU,NUMPY_CORE_ONLY,1,SUCCESS,6940,9,9,,,,0.0009724567644298077,0.002746728016063571,,
256,20,0xdaeb566a,0x989e5b3d,QISKIT_AER_STATEVECTOR,SERVER_CPU,AER_EXECUTION_ONLY,1,SUCCESS,6940,9,9,,,,0.0945622946601361,0.09833374503068626,0.0,0.0
256,20,0xdaeb566a,0x989e5b3d,RTL_FIXED_NORMAL,SERVER_CPU,PYTHON_FIXED_MODEL_WALL,1,SUCCESS,6940,9,9,9,,,0.0029668640345335007,0.0029668640345335007,,
256,20,0xdaeb566a,0x989e5b3d,SOFTWARE_K4H4,SERVER_CPU,PYTHON_FIXED_MODEL_WALL,1,SUCCESS,6940,9,9,4,,,0.002453258028253913,0.002453258028253913,,
256,20,0xdaeb566a,0x989e5b3d,SOFTWARE_K3H3,SERVER_CPU,PYTHON_FIXED_MODEL_WALL,1,SUCCESS,6940,9,9,4,,,0.0023564649745821953,0.0023564649745821953,,
256,21,0xf6181c00,0xa345ac4b,NUMPY_FLOAT64,SERVER_CPU,NUMPY_CORE_ONLY,1,SUCCESS,2302,9,4,,,,0.0006752009503543377,0.0024377498775720596,,
256,21,0xf6181c00,0xa345ac4b,QISKIT_AER_STATEVECTOR,SERVER_CPU,AER_EXECUTION_ONLY,1,SUCCESS,2302,9,4,,,,0.0460479068569839,0.04922948777675629,0.0,0.0
256,21,0xf6181c00,0xa345ac4b,RTL_FIXED_NORMAL,SERVER_CPU,PYTHON_FIXED_MODEL_WALL,1,SUCCESS,2302,9,4,4,,,0.0036906530149281025,0.0036906530149281025,,
256,21,0xf6181c00,0xa345ac4b,SOFTWARE_K4H4,SERVER_CPU,PYTHON_FIXED_MODEL_WALL,1,SUCCESS,2302,9,4,4,,,0.0024453208316117525,0.0024453208316117525,,
256,21,0xf6181c00,0xa345ac4b,SOFTWARE_K3H3,SERVER_CPU,PYTHON_FIXED_MODEL_WALL,1,SUCCESS,2302,9,4,4,,,0.0022956610191613436,0.0022956610191613436,,
256,22,0x4e18d852,0xa08980df,NUMPY_FLOAT64,SERVER_CPU,NUMPY_CORE_ONLY,1,SUCCESS,7844,9,7,,,,0.0010045722592622042,0.0029835200402885675,,
256,22,0x4e18d852,0xa08980df,QISKIT_AER_STATEVECTOR,SERVER_CPU,AER_EXECUTION_ONLY,1,SUCCESS,7844,9,7,,,,0.09230909589678049,0.097018948988989,0.0,0.0
256,22,0x4e18d852,0xa08980df,RTL_FIXED_NORMAL,SERVER_CPU,PYTHON_FIXED_MODEL_WALL,1,SUCCESS,7844,9,7,7,,,0.0026881869416683912,0.0026881869416683912,,
256,22,0x4e18d852,0xa08980df,SOFTWARE_K4H4,SERVER_CPU,PYTHON_FIXED_MODEL_WALL,1,SUCCESS,7844,9,7,3,,,0.002319426042959094,0.002319426042959094,,
256,22,0x4e18d852,0xa08980df,SOFTWARE_K3H3,SERVER_CPU,PYTHON_FIXED_MODEL_WALL,1,SUCCESS,7844,9,7,3,,,0.002377354074269533,0.002377354074269533,,
256,23,0xa035ceba,0x611de4c4,NUMPY_FLOAT64,SERVER_CPU,NUMPY_CORE_ONLY,1,SUCCESS,6733,5,4,,,,0.0005225359927862883,0.001559391152113676,,
256,23,0xa035ceba,0x611de4c4,QISKIT_AER_STATEVECTOR,SERVER_CPU,AER_EXECUTION_ONLY,1,SUCCESS,6733,5,4,,,,0.043228912400081754,0.04513405496254563,0.0,0.0
256,23,0xa035ceba,0x611de4c4,RTL_FIXED_NORMAL,SERVER_CPU,PYTHON_FIXED_MODEL_WALL,1,SUCCESS,6733,5,4,4,,,0.0019763491582125425,0.0019763491582125425,,
256,23,0xa035ceba,0x611de4c4,SOFTWARE_K4H4,SERVER_CPU,PYTHON_FIXED_MODEL_WALL,1,SUCCESS,6733,5,4,2,,,0.0014816347975283861,0.0014816347975283861,,
256,23,0xa035ceba,0x611de4c4,SOFTWARE_K3H3,SERVER_CPU,PYTHON_FIXED_MODEL_WALL,1,SUCCESS,6733,5,4,2,,,0.0014153930824249983,0.0014153930824249983,,
256,24,0xc2416ee4,0x7323f479,NUMPY_FLOAT64,SERVER_CPU,NUMPY_CORE_ONLY,1,SUCCESS,4724,8,10,,,,0.0009648320265114307,0.002667257795110345,,
256,24,0xc2416ee4,0x7323f479,QISKIT_AER_STATEVECTOR,SERVER_CPU,AER_EXECUTION_ONLY,1,SUCCESS,4724,8,10,,,,0.13299671676941216,0.13694690284319222,0.0,0.0
256,24,0xc2416ee4,0x7323f479,RTL_FIXED_NORMAL,SERVER_CPU,PYTHON_FIXED_MODEL_WALL,1,SUCCESS,4724,8,10,10,,,0.0030856700614094734,0.0030856700614094734,,
256,24,0xc2416ee4,0x7323f479,SOFTWARE_K4H4,SERVER_CPU,PYTHON_FIXED_MODEL_WALL,1,SUCCESS,4724,8,10,3,,,0.0023675579577684402,0.0023675579577684402,,
256,24,0xc2416ee4,0x7323f479,SOFTWARE_K3H3,SERVER_CPU,PYTHON_FIXED_MODEL_WALL,1,SUCCESS,4724,8,10,3,,,0.0025570690631866455,0.0025570690631866455,,
256,25,0xfbdafbdd,0xa0c0cf2f,NUMPY_FLOAT64,SERVER_CPU,NUMPY_CORE_ONLY,1,SUCCESS,9555,12,14,,,,0.0016111903823912144,0.004316149977967143,,
256,25,0xfbdafbdd,0xa0c0cf2f,QISKIT_AER_STATEVECTOR,SERVER_CPU,AER_EXECUTION_ONLY,1,SUCCESS,9555,12,14,,,,0.17607847088947892,0.3684298519510776,0.06318135117180645,0.11201573698781431
256,25,0xfbdafbdd,0xa0c0cf2f,RTL_FIXED_NORMAL,SERVER_CPU,PYTHON_FIXED_MODEL_WALL,1,SUCCESS,9555,12,14,14,,,0.004079791018739343,0.004079791018739343,,
256,25,0xfbdafbdd,0xa0c0cf2f,SOFTWARE_K4H4,SERVER_CPU,PYTHON_FIXED_MODEL_WALL,1,SUCCESS,9555,12,14,5,,,0.0033960400614887476,0.0033960400614887476,,
256,25,0xfbdafbdd,0xa0c0cf2f,SOFTWARE_K3H3,SERVER_CPU,PYTHON_FIXED_MODEL_WALL,1,SUCCESS,9555,12,14,5,,,0.0030694310553371906,0.0030694310553371906,,
256,26,0xa43fbf47,0x8de97b10,NUMPY_FLOAT64,SERVER_CPU,NUMPY_CORE_ONLY,1,SUCCESS,6702,9,6,,,,0.0008686820510774851,0.0026624491438269615,,
256,26,0xa43fbf47,0x8de97b10,QISKIT_AER_STATEVECTOR,SERVER_CPU,AER_EXECUTION_ONLY,1,SUCCESS,6702,9,6,,,,0.06391406175680459,0.06717628403566778,0.0,0.0
256,26,0xa43fbf47,0x8de97b10,RTL_FIXED_NORMAL,SERVER_CPU,PYTHON_FIXED_MODEL_WALL,1,SUCCESS,6702,9,6,6,,,0.002520449925214052,0.002520449925214052,,
256,26,0xa43fbf47,0x8de97b10,SOFTWARE_K4H4,SERVER_CPU,PYTHON_FIXED_MODEL_WALL,1,SUCCESS,6702,9,6,2,,,0.00212430814281106,0.00212430814281106,,
256,26,0xa43fbf47,0x8de97b10,SOFTWARE_K3H3,SERVER_CPU,PYTHON_FIXED_MODEL_WALL,1,SUCCESS,6702,9,6,2,,,0.002069890033453703,0.002069890033453703,,
256,27,0x6811f7c1,0xcb07044a,NUMPY_FLOAT64,SERVER_CPU,NUMPY_CORE_ONLY,1,SUCCESS,10532,6,4,,,,0.0005743470974266529,0.0018031771760433912,,
256,27,0x6811f7c1,0xcb07044a,QISKIT_AER_STATEVECTOR,SERVER_CPU,AER_EXECUTION_ONLY,1,SUCCESS,10532,6,4,,,,0.04838397400453687,0.051324157044291496,0.0,0.0
256,27,0x6811f7c1,0xcb07044a,RTL_FIXED_NORMAL,SERVER_CPU,PYTHON_FIXED_MODEL_WALL,1,SUCCESS,10532,6,4,4,,,0.0024791371542960405,0.0024791371542960405,,
256,27,0x6811f7c1,0xcb07044a,SOFTWARE_K4H4,SERVER_CPU,PYTHON_FIXED_MODEL_WALL,1,SUCCESS,10532,6,4,2,,,0.0016087980475276709,0.0016087980475276709,,
256,27,0x6811f7c1,0xcb07044a,SOFTWARE_K3H3,SERVER_CPU,PYTHON_FIXED_MODEL_WALL,1,SUCCESS,10532,6,4,2,,,0.0016124218236654997,0.0016124218236654997,,
256,28,0x610dde2c,0x8cf5deb9,NUMPY_FLOAT64,SERVER_CPU,NUMPY_CORE_ONLY,1,SUCCESS,314,8,7,,,,0.0008760811761021614,0.002477862872183323,,
256,28,0x610dde2c,0x8cf5deb9,QISKIT_AER_STATEVECTOR,SERVER_CPU,AER_EXECUTION_ONLY,1,SUCCESS,314,8,7,,,,0.07602124963887036,0.07928644516505301,0.0,0.0
256,28,0x610dde2c,0x8cf5deb9,RTL_FIXED_NORMAL,SERVER_CPU,PYTHON_FIXED_MODEL_WALL,1,SUCCESS,314,8,7,7,,,0.0025087199173867702,0.0025087199173867702,,
256,28,0x610dde2c,0x8cf5deb9,SOFTWARE_K4H4,SERVER_CPU,PYTHON_FIXED_MODEL_WALL,1,SUCCESS,314,8,7,2,,,0.0020551991183310747,0.0020551991183310747,,
256,28,0x610dde2c,0x8cf5deb9,SOFTWARE_K3H3,SERVER_CPU,PYTHON_FIXED_MODEL_WALL,1,SUCCESS,314,8,7,2,,,0.0019913429860025644,0.0019913429860025644,,
256,29,0x82241b87,0xbbe27f39,NUMPY_FLOAT64,SERVER_CPU,NUMPY_CORE_ONLY,1,SUCCESS,14410,7,6,,,,0.0007653327193111181,0.002210554899647832,,
256,29,0x82241b87,0xbbe27f39,QISKIT_AER_STATEVECTOR,SERVER_CPU,AER_EXECUTION_ONLY,1,SUCCESS,14410,7,6,,,,0.07004891661927104,0.07271453808061779,0.0,0.0
256,29,0x82241b87,0xbbe27f39,RTL_FIXED_NORMAL,SERVER_CPU,PYTHON_FIXED_MODEL_WALL,1,SUCCESS,14410,7,6,6,,,0.0025626278948038816,0.0025626278948038816,,
256,29,0x82241b87,0xbbe27f39,SOFTWARE_K4H4,SERVER_CPU,PYTHON_FIXED_MODEL_WALL,1,SUCCESS,14410,7,6,2,,,0.0024193748831748962,0.0024193748831748962,,
256,29,0x82241b87,0xbbe27f39,SOFTWARE_K3H3,SERVER_CPU,PYTHON_FIXED_MODEL_WALL,1,SUCCESS,14410,7,6,2,,,0.0018348940648138523,0.0018348940648138523,,
256,30,0x48647490,0xea9551eb,NUMPY_FLOAT64,SERVER_CPU,NUMPY_CORE_ONLY,1,SUCCESS,4956,9,7,,,,0.0009114069398492575,0.0026941581163555384,,
256,30,0x48647490,0xea9551eb,QISKIT_AER_STATEVECTOR,SERVER_CPU,AER_EXECUTION_ONLY,1,SUCCESS,4956,9,7,,,,0.09230418875813484,0.09596052789129317,0.0,0.0
256,30,0x48647490,0xea9551eb,RTL_FIXED_NORMAL,SERVER_CPU,PYTHON_FIXED_MODEL_WALL,1,SUCCESS,4956,9,7,7,,,0.002918694168329239,0.002918694168329239,,
256,30,0x48647490,0xea9551eb,SOFTWARE_K4H4,SERVER_CPU,PYTHON_FIXED_MODEL_WALL,1,SUCCESS,4956,9,7,3,,,0.0024570049718022346,0.0024570049718022346,,
256,30,0x48647490,0xea9551eb,SOFTWARE_K3H3,SERVER_CPU,PYTHON_FIXED_MODEL_WALL,1,SUCCESS,4956,9,7,3,,,0.002374907024204731,0.002374907024204731,,
256,31,0x63df3b7f,0xa8b057e1,NUMPY_FLOAT64,SERVER_CPU,NUMPY_CORE_ONLY,1,SUCCESS,15859,9,10,,,,0.0011992789804935455,0.0030505890026688576,,
256,31,0x63df3b7f,0xa8b057e1,QISKIT_AER_STATEVECTOR,SERVER_CPU,AER_EXECUTION_ONLY,1,SUCCESS,15859,9,10,,,,0.1354516742285341,0.13940326101146638,0.0,0.0
256,31,0x63df3b7f,0xa8b057e1,RTL_FIXED_NORMAL,SERVER_CPU,PYTHON_FIXED_MODEL_WALL,1,SUCCESS,15859,9,10,10,,,0.0048154478427022696,0.0048154478427022696,,
256,31,0x63df3b7f,0xa8b057e1,SOFTWARE_K4H4,SERVER_CPU,PYTHON_FIXED_MODEL_WALL,1,SUCCESS,15859,9,10,4,,,0.002463442971929908,0.002463442971929908,,
256,31,0x63df3b7f,0xa8b057e1,SOFTWARE_K3H3,SERVER_CPU,PYTHON_FIXED_MODEL_WALL,1,SUCCESS,15859,9,10,4,,,0.0028073028661310673,0.0028073028661310673,,
256,32,0x433125bb,0x3221fef0,NUMPY_FLOAT64,SERVER_CPU,NUMPY_CORE_ONLY,1,SUCCESS,11246,10,12,,,,0.0012854710221290588,0.0032731927931308746,,
256,32,0x433125bb,0x3221fef0,QISKIT_AER_STATEVECTOR,SERVER_CPU,AER_EXECUTION_ONLY,1,SUCCESS,11246,10,12,,,,0.1885442929342389,0.19300494506023824,0.0,0.0
256,32,0x433125bb,0x3221fef0,RTL_FIXED_NORMAL,SERVER_CPU,PYTHON_FIXED_MODEL_WALL,1,SUCCESS,11246,10,12,12,,,0.0035535101778805256,0.0035535101778805256,,
256,32,0x433125bb,0x3221fef0,SOFTWARE_K4H4,SERVER_CPU,PYTHON_FIXED_MODEL_WALL,1,SUCCESS,11246,10,12,4,,,0.0026162550784647465,0.0026162550784647465,,
256,32,0x433125bb,0x3221fef0,SOFTWARE_K3H3,SERVER_CPU,PYTHON_FIXED_MODEL_WALL,1,SUCCESS,11246,10,12,4,,,0.0026951630134135485,0.0026951630134135485,,
256,33,0x7943be40,0x6641ee79,NUMPY_FLOAT64,SERVER_CPU,NUMPY_CORE_ONLY,1,SUCCESS,825,8,8,,,,0.0009573288261890411,0.0025787290651351213,,
256,33,0x7943be40,0x6641ee79,QISKIT_AER_STATEVECTOR,SERVER_CPU,AER_EXECUTION_ONLY,1,SUCCESS,825,8,8,,,,0.09051052923314273,0.09373325086198747,0.0,0.0
256,33,0x7943be40,0x6641ee79,RTL_FIXED_NORMAL,SERVER_CPU,PYTHON_FIXED_MODEL_WALL,1,SUCCESS,825,8,8,8,,,0.003838640172034502,0.003838640172034502,,
256,33,0x7943be40,0x6641ee79,SOFTWARE_K4H4,SERVER_CPU,PYTHON_FIXED_MODEL_WALL,1,SUCCESS,825,8,8,3,,,0.002195965964347124,0.002195965964347124,,
256,33,0x7943be40,0x6641ee79,SOFTWARE_K3H3,SERVER_CPU,PYTHON_FIXED_MODEL_WALL,1,SUCCESS,825,8,8,3,,,0.002030811971053481,0.002030811971053481,,
256,34,0x26c93252,0x675d2908,NUMPY_FLOAT64,SERVER_CPU,NUMPY_CORE_ONLY,1,SUCCESS,10842,7,5,,,,0.0006911640521138906,0.0021631300915032625,,
256,34,0x26c93252,0x675d2908,QISKIT_AER_STATEVECTOR,SERVER_CPU,AER_EXECUTION_ONLY,1,SUCCESS,10842,7,5,,,,0.05620093597099185,0.059238296933472157,0.0,0.0
256,34,0x26c93252,0x675d2908,RTL_FIXED_NORMAL,SERVER_CPU,PYTHON_FIXED_MODEL_WALL,1,SUCCESS,10842,7,5,5,,,0.00211580703034997,0.00211580703034997,,
256,34,0x26c93252,0x675d2908,SOFTWARE_K4H4,SERVER_CPU,PYTHON_FIXED_MODEL_WALL,1,SUCCESS,10842,7,5,2,,,0.0018327562138438225,0.0018327562138438225,,
256,34,0x26c93252,0x675d2908,SOFTWARE_K3H3,SERVER_CPU,PYTHON_FIXED_MODEL_WALL,1,SUCCESS,10842,7,5,2,,,0.0017423401586711407,0.0017423401586711407,,
256,35,0xdbe3ed49,0xa7cfea56,NUMPY_FLOAT64,SERVER_CPU,NUMPY_CORE_ONLY,1,SUCCESS,9972,6,6,,,,0.000693982932716608,0.0019124250393360853,,
256,35,0xdbe3ed49,0xa7cfea56,QISKIT_AER_STATEVECTOR,SERVER_CPU,AER_EXECUTION_ONLY,1,SUCCESS,9972,6,6,,,,0.07228942587971687,0.07477361685596406,0.0,0.0
256,35,0xdbe3ed49,0xa7cfea56,RTL_FIXED_NORMAL,SERVER_CPU,PYTHON_FIXED_MODEL_WALL,1,SUCCESS,9972,6,6,6,,,0.002075077034533024,0.002075077034533024,,
256,35,0xdbe3ed49,0xa7cfea56,SOFTWARE_K4H4,SERVER_CPU,PYTHON_FIXED_MODEL_WALL,1,SUCCESS,9972,6,6,2,,,0.0016532358713448048,0.0016532358713448048,,
256,35,0xdbe3ed49,0xa7cfea56,SOFTWARE_K3H3,SERVER_CPU,PYTHON_FIXED_MODEL_WALL,1,SUCCESS,9972,6,6,2,,,0.0015534500125795603,0.0015534500125795603,,
256,36,0xc2ec9bb4,0xbfc0ae9e,NUMPY_FLOAT64,SERVER_CPU,NUMPY_CORE_ONLY,1,SUCCESS,16297,6,3,,,,0.0005121068097651005,0.0017171679064631462,,
256,36,0xc2ec9bb4,0xbfc0ae9e,QISKIT_AER_STATEVECTOR,SERVER_CPU,AER_EXECUTION_ONLY,1,SUCCESS,16297,6,3,,,,0.039059318602085114,0.0413707650732249,0.0,0.0
256,36,0xc2ec9bb4,0xbfc0ae9e,RTL_FIXED_NORMAL,SERVER_CPU,PYTHON_FIXED_MODEL_WALL,1,SUCCESS,16297,6,3,3,,,0.0017702099867165089,0.0017702099867165089,,
256,36,0xc2ec9bb4,0xbfc0ae9e,SOFTWARE_K4H4,SERVER_CPU,PYTHON_FIXED_MODEL_WALL,1,SUCCESS,16297,6,3,2,,,0.0015688329003751278,0.0015688329003751278,,
256,36,0xc2ec9bb4,0xbfc0ae9e,SOFTWARE_K3H3,SERVER_CPU,PYTHON_FIXED_MODEL_WALL,1,SUCCESS,16297,6,3,2,,,0.0015171219129115343,0.0015171219129115343,,
256,37,0xe7ec8559,0x307064ac,NUMPY_FLOAT64,SERVER_CPU,NUMPY_CORE_ONLY,1,SUCCESS,1456,5,4,,,,0.0006633899174630642,0.0018462429288774729,,
256,37,0xe7ec8559,0x307064ac,QISKIT_AER_STATEVECTOR,SERVER_CPU,AER_EXECUTION_ONLY,1,SUCCESS,1456,5,4,,,,0.04692552192136645,0.049006920075044036,0.0,0.0
256,37,0xe7ec8559,0x307064ac,RTL_FIXED_NORMAL,SERVER_CPU,PYTHON_FIXED_MODEL_WALL,1,SUCCESS,1456,5,4,4,,,0.0015843589790165424,0.0015843589790165424,,
256,37,0xe7ec8559,0x307064ac,SOFTWARE_K4H4,SERVER_CPU,PYTHON_FIXED_MODEL_WALL,1,SUCCESS,1456,5,4,2,,,0.0014419869985431433,0.0014419869985431433,,
256,37,0xe7ec8559,0x307064ac,SOFTWARE_K3H3,SERVER_CPU,PYTHON_FIXED_MODEL_WALL,1,SUCCESS,1456,5,4,2,,,0.001411123899742961,0.001411123899742961,,
256,38,0xccb88b54,0x2cf00158,NUMPY_FLOAT64,SERVER_CPU,NUMPY_CORE_ONLY,1,SUCCESS,11990,6,5,,,,0.0006412393413484097,0.002049217000603676,,
256,38,0xccb88b54,0x2cf00158,QISKIT_AER_STATEVECTOR,SERVER_CPU,AER_EXECUTION_ONLY,1,SUCCESS,11990,6,5,,,,0.05606495775282383,0.058479055063799024,0.0,0.0
256,38,0xccb88b54,0x2cf00158,RTL_FIXED_NORMAL,SERVER_CPU,PYTHON_FIXED_MODEL_WALL,1,SUCCESS,11990,6,5,5,,,0.0018594618886709213,0.0018594618886709213,,
256,38,0xccb88b54,0x2cf00158,SOFTWARE_K4H4,SERVER_CPU,PYTHON_FIXED_MODEL_WALL,1,SUCCESS,11990,6,5,2,,,0.0016551970038563013,0.0016551970038563013,,
256,38,0xccb88b54,0x2cf00158,SOFTWARE_K3H3,SERVER_CPU,PYTHON_FIXED_MODEL_WALL,1,SUCCESS,11990,6,5,2,,,0.0015713409520685673,0.0015713409520685673,,
256,39,0xb512e6a4,0x2b9e708c,NUMPY_FLOAT64,SERVER_CPU,NUMPY_CORE_ONLY,1,SUCCESS,10839,4,2,,,,0.00036278623156249523,0.0012117628939449787,,
256,39,0xb512e6a4,0x2b9e708c,QISKIT_AER_STATEVECTOR,SERVER_CPU,AER_EXECUTION_ONLY,1,SUCCESS,10839,4,2,,,,0.022143078036606312,0.023582291090860963,0.0,0.0
256,39,0xb512e6a4,0x2b9e708c,RTL_FIXED_NORMAL,SERVER_CPU,PYTHON_FIXED_MODEL_WALL,1,SUCCESS,10839,4,2,2,,,0.001122897956520319,0.001122897956520319,,
256,39,0xb512e6a4,0x2b9e708c,SOFTWARE_K4H4,SERVER_CPU,PYTHON_FIXED_MODEL_WALL,1,SUCCESS,10839,4,2,1,,,0.001022774027660489,0.001022774027660489,,
256,39,0xb512e6a4,0x2b9e708c,SOFTWARE_K3H3,SERVER_CPU,PYTHON_FIXED_MODEL_WALL,1,SUCCESS,10839,4,2,1,,,0.0009978748857975006,0.0009978748857975006,,
256,40,0x7e2c3d82,0xa69fb195,NUMPY_FLOAT64,SERVER_CPU,NUMPY_CORE_ONLY,1,SUCCESS,586,5,4,,,,0.0007324381731450558,0.0020060709211975336,,
256,40,0x7e2c3d82,0xa69fb195,QISKIT_AER_STATEVECTOR,SERVER_CPU,AER_EXECUTION_ONLY,1,SUCCESS,586,5,4,,,,0.04979456169530749,0.05222675087861717,0.0,0.0
256,40,0x7e2c3d82,0xa69fb195,RTL_FIXED_NORMAL,SERVER_CPU,PYTHON_FIXED_MODEL_WALL,1,SUCCESS,586,5,4,4,,,0.0029926591087132692,0.0029926591087132692,,
256,40,0x7e2c3d82,0xa69fb195,SOFTWARE_K4H4,SERVER_CPU,PYTHON_FIXED_MODEL_WALL,1,SUCCESS,586,5,4,2,,,0.0015314570628106594,0.0015314570628106594,,
256,40,0x7e2c3d82,0xa69fb195,SOFTWARE_K3H3,SERVER_CPU,PYTHON_FIXED_MODEL_WALL,1,SUCCESS,586,5,4,2,,,0.001388627104461193,0.001388627104461193,,
256,41,0x58b3e5ad,0x23a21253,NUMPY_FLOAT64,SERVER_CPU,NUMPY_CORE_ONLY,1,SUCCESS,7400,5,4,,,,0.0005314068403095007,0.0015607380773872137,,
256,41,0x58b3e5ad,0x23a21253,QISKIT_AER_STATEVECTOR,SERVER_CPU,AER_EXECUTION_ONLY,1,SUCCESS,7400,5,4,,,,0.047431131126359105,0.049649672117084265,0.0,0.0
256,41,0x58b3e5ad,0x23a21253,RTL_FIXED_NORMAL,SERVER_CPU,PYTHON_FIXED_MODEL_WALL,1,SUCCESS,7400,5,4,4,,,0.001647664001211524,0.001647664001211524,,
256,41,0x58b3e5ad,0x23a21253,SOFTWARE_K4H4,SERVER_CPU,PYTHON_FIXED_MODEL_WALL,1,SUCCESS,7400,5,4,2,,,0.001376996049657464,0.001376996049657464,,
256,41,0x58b3e5ad,0x23a21253,SOFTWARE_K3H3,SERVER_CPU,PYTHON_FIXED_MODEL_WALL,1,SUCCESS,7400,5,4,2,,,0.001338448841124773,0.001338448841124773,,
256,42,0x9a07c40b,0x3ea78d8c,NUMPY_FLOAT64,SERVER_CPU,NUMPY_CORE_ONLY,1,SUCCESS,507,10,8,,,,0.0011094831861555576,0.0030506830662488937,,
256,42,0x9a07c40b,0x3ea78d8c,QISKIT_AER_STATEVECTOR,SERVER_CPU,AER_EXECUTION_ONLY,1,SUCCESS,507,10,8,,,,0.12017087358981371,0.12450639205053449,0.0,0.0
256,42,0x9a07c40b,0x3ea78d8c,RTL_FIXED_NORMAL,SERVER_CPU,PYTHON_FIXED_MODEL_WALL,1,SUCCESS,507,10,8,8,,,0.003116097068414092,0.003116097068414092,,
256,42,0x9a07c40b,0x3ea78d8c,SOFTWARE_K4H4,SERVER_CPU,PYTHON_FIXED_MODEL_WALL,1,SUCCESS,507,10,8,5,,,0.002733458997681737,0.002733458997681737,,
256,42,0x9a07c40b,0x3ea78d8c,SOFTWARE_K3H3,SERVER_CPU,PYTHON_FIXED_MODEL_WALL,1,SUCCESS,507,10,8,5,,,0.0026946249417960644,0.0026946249417960644,,
256,43,0xf1f9a54b,0x7b00db61,NUMPY_FLOAT64,SERVER_CPU,NUMPY_CORE_ONLY,1,SUCCESS,160,6,3,,,,0.0005333859007805586,0.0017566378228366375,,
256,43,0xf1f9a54b,0x7b00db61,QISKIT_AER_STATEVECTOR,SERVER_CPU,AER_EXECUTION_ONLY,1,SUCCESS,160,6,3,,,,0.038823312846943736,0.04134311992675066,0.0,0.0
256,43,0xf1f9a54b,0x7b00db61,RTL_FIXED_NORMAL,SERVER_CPU,PYTHON_FIXED_MODEL_WALL,1,SUCCESS,160,6,3,3,,,0.0023920270614326,0.0023920270614326,,
256,43,0xf1f9a54b,0x7b00db61,SOFTWARE_K4H4,SERVER_CPU,PYTHON_FIXED_MODEL_WALL,1,SUCCESS,160,6,3,1,,,0.0014654831029474735,0.0014654831029474735,,
256,43,0xf1f9a54b,0x7b00db61,SOFTWARE_K3H3,SERVER_CPU,PYTHON_FIXED_MODEL_WALL,1,SUCCESS,160,6,3,1,,,0.0013617589138448238,0.0013617589138448238,,
256,44,0xfba6212d,0xb8b8356a,NUMPY_FLOAT64,SERVER_CPU,NUMPY_CORE_ONLY,1,SUCCESS,7400,11,8,,,,0.0011114226654171944,0.003323247190564871,,
256,44,0xfba6212d,0xb8b8356a,QISKIT_AER_STATEVECTOR,SERVER_CPU,AER_EXECUTION_ONLY,1,SUCCESS,7400,11,8,,,,0.12697135284543037,0.13183447299525142,0.0,0.0
256,44,0xfba6212d,0xb8b8356a,RTL_FIXED_NORMAL,SERVER_CPU,PYTHON_FIXED_MODEL_WALL,1,SUCCESS,7400,11,8,8,,,0.003387734992429614,0.003387734992429614,,
256,44,0xfba6212d,0xb8b8356a,SOFTWARE_K4H4,SERVER_CPU,PYTHON_FIXED_MODEL_WALL,1,SUCCESS,7400,11,8,3,,,0.0027903879527002573,0.0027903879527002573,,
256,44,0xfba6212d,0xb8b8356a,SOFTWARE_K3H3,SERVER_CPU,PYTHON_FIXED_MODEL_WALL,1,SUCCESS,7400,11,8,3,,,0.002796362154185772,0.002796362154185772,,
256,45,0x1ca60615,0xd753b84a,NUMPY_FLOAT64,SERVER_CPU,NUMPY_CORE_ONLY,1,SUCCESS,8996,6,4,,,,0.0005860608071088791,0.001830780878663063,,
256,45,0x1ca60615,0xd753b84a,QISKIT_AER_STATEVECTOR,SERVER_CPU,AER_EXECUTION_ONLY,1,SUCCESS,8996,6,4,,,,0.04775654477998614,0.050499071134254336,0.0,0.0
256,45,0x1ca60615,0xd753b84a,RTL_FIXED_NORMAL,SERVER_CPU,PYTHON_FIXED_MODEL_WALL,1,SUCCESS,8996,6,4,4,,,0.002190923085436225,0.002190923085436225,,
256,45,0x1ca60615,0xd753b84a,SOFTWARE_K4H4,SERVER_CPU,PYTHON_FIXED_MODEL_WALL,1,SUCCESS,8996,6,4,2,,,0.0016488500405102968,0.0016488500405102968,,
256,45,0x1ca60615,0xd753b84a,SOFTWARE_K3H3,SERVER_CPU,PYTHON_FIXED_MODEL_WALL,1,SUCCESS,8996,6,4,2,,,0.0017712980043143034,0.0017712980043143034,,
256,46,0xa085c93e,0x19b8504d,NUMPY_FLOAT64,SERVER_CPU,NUMPY_CORE_ONLY,1,SUCCESS,15586,8,6,,,,0.0007908162660896778,0.0023808858823031187,,
256,46,0xa085c93e,0x19b8504d,QISKIT_AER_STATEVECTOR,SERVER_CPU,AER_EXECUTION_ONLY,1,SUCCESS,15586,8,6,,,,0.07812993275001645,0.08163438295014203,0.0,0.0
256,46,0xa085c93e,0x19b8504d,RTL_FIXED_NORMAL,SERVER_CPU,PYTHON_FIXED_MODEL_WALL,1,SUCCESS,15586,8,6,6,,,0.0023813459556549788,0.0023813459556549788,,
256,46,0xa085c93e,0x19b8504d,SOFTWARE_K4H4,SERVER_CPU,PYTHON_FIXED_MODEL_WALL,1,SUCCESS,15586,8,6,2,,,0.001991097116842866,0.001991097116842866,,
256,46,0xa085c93e,0x19b8504d,SOFTWARE_K3H3,SERVER_CPU,PYTHON_FIXED_MODEL_WALL,1,SUCCESS,15586,8,6,2,,,0.001985729904845357,0.001985729904845357,,
256,47,0x18190603,0xad0438b2,NUMPY_FLOAT64,SERVER_CPU,NUMPY_CORE_ONLY,1,SUCCESS,56,9,6,,,,0.0010234580840915442,0.003147104987874627,,
256,47,0x18190603,0xad0438b2,QISKIT_AER_STATEVECTOR,SERVER_CPU,AER_EXECUTION_ONLY,1,SUCCESS,56,9,6,,,,0.07127988012507558,0.07514387811534107,0.0,0.0
256,47,0x18190603,0xad0438b2,RTL_FIXED_NORMAL,SERVER_CPU,PYTHON_FIXED_MODEL_WALL,1,SUCCESS,56,9,6,6,,,0.0025962868239730597,0.0025962868239730597,,
256,47,0x18190603,0xad0438b2,SOFTWARE_K4H4,SERVER_CPU,PYTHON_FIXED_MODEL_WALL,1,SUCCESS,56,9,6,3,,,0.002558858133852482,0.002558858133852482,,
256,47,0x18190603,0xad0438b2,SOFTWARE_K3H3,SERVER_CPU,PYTHON_FIXED_MODEL_WALL,1,SUCCESS,56,9,6,3,,,0.0028477779123932123,0.0028477779123932123,,
256,48,0xc1143c78,0xbbdab3cd,NUMPY_FLOAT64,SERVER_CPU,NUMPY_CORE_ONLY,1,SUCCESS,10265,11,7,,,,0.0010410819668322802,0.0032940111123025417,,
256,48,0xc1143c78,0xbbdab3cd,QISKIT_AER_STATEVECTOR,SERVER_CPU,AER_EXECUTION_ONLY,1,SUCCESS,10265,11,7,,,,0.07615969888865948,0.08033809205517173,0.0,0.0
256,48,0xc1143c78,0xbbdab3cd,RTL_FIXED_NORMAL,SERVER_CPU,PYTHON_FIXED_MODEL_WALL,1,SUCCESS,10265,11,7,7,,,0.0030674231238663197,0.0030674231238663197,,
256,48,0xc1143c78,0xbbdab3cd,SOFTWARE_K4H4,SERVER_CPU,PYTHON_FIXED_MODEL_WALL,1,SUCCESS,10265,11,7,4,,,0.0027051749639213085,0.0027051749639213085,,
256,48,0xc1143c78,0xbbdab3cd,SOFTWARE_K3H3,SERVER_CPU,PYTHON_FIXED_MODEL_WALL,1,SUCCESS,10265,11,7,4,,,0.0026974088978022337,0.0026974088978022337,,
256,49,0x332063fc,0x222ba57c,NUMPY_FLOAT64,SERVER_CPU,NUMPY_CORE_ONLY,1,SUCCESS,5281,9,6,,,,0.0008498411625623703,0.0026315529830753803,,
256,49,0x332063fc,0x222ba57c,QISKIT_AER_STATEVECTOR,SERVER_CPU,AER_EXECUTION_ONLY,1,SUCCESS,5281,9,6,,,,0.0673266937956214,0.0709584099240601,0.0,0.0
256,49,0x332063fc,0x222ba57c,RTL_FIXED_NORMAL,SERVER_CPU,PYTHON_FIXED_MODEL_WALL,1,SUCCESS,5281,9,6,6,,,0.002503294963389635,0.002503294963389635,,
256,49,0x332063fc,0x222ba57c,SOFTWARE_K4H4,SERVER_CPU,PYTHON_FIXED_MODEL_WALL,1,SUCCESS,5281,9,6,2,,,0.0021527151111513376,0.0021527151111513376,,
256,49,0x332063fc,0x222ba57c,SOFTWARE_K3H3,SERVER_CPU,PYTHON_FIXED_MODEL_WALL,1,SUCCESS,5281,9,6,2,,,0.002075504045933485,0.002075504045933485,,
256,50,0xd6f4066b,0xab9eb714,NUMPY_FLOAT64,SERVER_CPU,NUMPY_CORE_ONLY,1,SUCCESS,2160,13,15,,,,0.0015037551056593657,0.0040099481120705605,,
256,50,0xd6f4066b,0xab9eb714,QISKIT_AER_STATEVECTOR,SERVER_CPU,AER_EXECUTION_ONLY,1,SUCCESS,2160,13,15,,,,0.2112032186705619,0.5226450969930738,0.12809722777456045,0.16139571904204786
256,50,0xd6f4066b,0xab9eb714,RTL_FIXED_NORMAL,SERVER_CPU,PYTHON_FIXED_MODEL_WALL,1,SUCCESS,2160,13,15,15,,,0.005615951027721167,0.005615951027721167,,
256,50,0xd6f4066b,0xab9eb714,SOFTWARE_K4H4,SERVER_CPU,PYTHON_FIXED_MODEL_WALL,1,SUCCESS,2160,13,15,6,,,0.003912278916686773,0.003912278916686773,,
256,50,0xd6f4066b,0xab9eb714,SOFTWARE_K3H3,SERVER_CPU,PYTHON_FIXED_MODEL_WALL,1,SUCCESS,2160,13,15,6,,,0.003409072058275342,0.003409072058275342,,
256,51,0x64b9628c,0x9cd8b518,NUMPY_FLOAT64,SERVER_CPU,NUMPY_CORE_ONLY,1,SUCCESS,6300,5,4,,,,0.0006093771662563086,0.0018215999007225037,,
256,51,0x64b9628c,0x9cd8b518,QISKIT_AER_STATEVECTOR,SERVER_CPU,AER_EXECUTION_ONLY,1,SUCCESS,6300,5,4,,,,0.05509638786315918,0.05729890498332679,0.0,0.0
256,51,0x64b9628c,0x9cd8b518,RTL_FIXED_NORMAL,SERVER_CPU,PYTHON_FIXED_MODEL_WALL,1,SUCCESS,6300,5,4,4,,,0.0016943539958447218,0.0016943539958447218,,
256,51,0x64b9628c,0x9cd8b518,SOFTWARE_K4H4,SERVER_CPU,PYTHON_FIXED_MODEL_WALL,1,SUCCESS,6300,5,4,2,,,0.0014858690556138754,0.0014858690556138754,,
256,51,0x64b9628c,0x9cd8b518,SOFTWARE_K3H3,SERVER_CPU,PYTHON_FIXED_MODEL_WALL,1,SUCCESS,6300,5,4,2,,,0.0014315720181912184,0.0014315720181912184,,
256,52,0x894e6771,0x8a255c2e,NUMPY_FLOAT64,SERVER_CPU,NUMPY_CORE_ONLY,1,SUCCESS,13448,3,1,,,,0.00023658410646021366,0.0009555642027407885,,
256,52,0x894e6771,0x8a255c2e,QISKIT_AER_STATEVECTOR,SERVER_CPU,AER_EXECUTION_ONLY,1,SUCCESS,13448,3,1,,,,0.012391719967126846,0.01349541381932795,0.0,0.0
256,52,0x894e6771,0x8a255c2e,RTL_FIXED_NORMAL,SERVER_CPU,PYTHON_FIXED_MODEL_WALL,1,SUCCESS,13448,3,1,1,,,0.0008243632037192583,0.0008243632037192583,,
256,52,0x894e6771,0x8a255c2e,SOFTWARE_K4H4,SERVER_CPU,PYTHON_FIXED_MODEL_WALL,1,SUCCESS,13448,3,1,1,,,0.0008690250106155872,0.0008690250106155872,,
256,52,0x894e6771,0x8a255c2e,SOFTWARE_K3H3,SERVER_CPU,PYTHON_FIXED_MODEL_WALL,1,SUCCESS,13448,3,1,1,,,0.0008332841098308563,0.0008332841098308563,,
256,53,0xe3e668e8,0xff1f20c3,NUMPY_FLOAT64,SERVER_CPU,NUMPY_CORE_ONLY,1,SUCCESS,8799,9,7,,,,0.0008524504955857992,0.002665668958798051,,
256,53,0xe3e668e8,0xff1f20c3,QISKIT_AER_STATEVECTOR,SERVER_CPU,AER_EXECUTION_ONLY,1,SUCCESS,8799,9,7,,,,0.07496483717113733,0.07877429388463497,0.0,0.0
256,53,0xe3e668e8,0xff1f20c3,RTL_FIXED_NORMAL,SERVER_CPU,PYTHON_FIXED_MODEL_WALL,1,SUCCESS,8799,9,7,7,,,0.002574480837211013,0.002574480837211013,,
256,53,0xe3e668e8,0xff1f20c3,SOFTWARE_K4H4,SERVER_CPU,PYTHON_FIXED_MODEL_WALL,1,SUCCESS,8799,9,7,3,,,0.0023634519893676043,0.0023634519893676043,,
256,53,0xe3e668e8,0xff1f20c3,SOFTWARE_K3H3,SERVER_CPU,PYTHON_FIXED_MODEL_WALL,1,SUCCESS,8799,9,7,3,,,0.0021952239330857992,0.0021952239330857992,,
256,54,0x36980406,0xfbdbfa61,NUMPY_FLOAT64,SERVER_CPU,NUMPY_CORE_ONLY,1,SUCCESS,7615,4,2,,,,0.00034585222601890564,0.0011857699137181044,,
256,54,0x36980406,0xfbdbfa61,QISKIT_AER_STATEVECTOR,SERVER_CPU,AER_EXECUTION_ONLY,1,SUCCESS,7615,4,2,,,,0.02300267806276679,0.024449274875223637,0.0,0.0
256,54,0x36980406,0xfbdbfa61,RTL_FIXED_NORMAL,SERVER_CPU,PYTHON_FIXED_MODEL_WALL,1,SUCCESS,7615,4,2,2,,,0.001157949911430478,0.001157949911430478,,
256,54,0x36980406,0xfbdbfa61,SOFTWARE_K4H4,SERVER_CPU,PYTHON_FIXED_MODEL_WALL,1,SUCCESS,7615,4,2,1,,,0.001465237932279706,0.001465237932279706,,
256,54,0x36980406,0xfbdbfa61,SOFTWARE_K3H3,SERVER_CPU,PYTHON_FIXED_MODEL_WALL,1,SUCCESS,7615,4,2,1,,,0.001042162999510765,0.001042162999510765,,
256,55,0x114d2b4a,0xa617ad4e,NUMPY_FLOAT64,SERVER_CPU,NUMPY_CORE_ONLY,1,SUCCESS,12785,4,2,,,,0.00036949990317225456,0.001223167171701789,,
256,55,0x114d2b4a,0xa617ad4e,QISKIT_AER_STATEVECTOR,SERVER_CPU,AER_EXECUTION_ONLY,1,SUCCESS,12785,4,2,,,,0.023013258818536997,0.02457051514647901,0.0,0.0
256,55,0x114d2b4a,0xa617ad4e,RTL_FIXED_NORMAL,SERVER_CPU,PYTHON_FIXED_MODEL_WALL,1,SUCCESS,12785,4,2,2,,,0.0011401260271668434,0.0011401260271668434,,
256,55,0x114d2b4a,0xa617ad4e,SOFTWARE_K4H4,SERVER_CPU,PYTHON_FIXED_MODEL_WALL,1,SUCCESS,12785,4,2,1,,,0.0010810231324285269,0.0010810231324285269,,
256,55,0x114d2b4a,0xa617ad4e,SOFTWARE_K3H3,SERVER_CPU,PYTHON_FIXED_MODEL_WALL,1,SUCCESS,12785,4,2,1,,,0.0010410340037196875,0.0010410340037196875,,
256,56,0x3b8907e1,0x0c6cbd10,NUMPY_FLOAT64,SERVER_CPU,NUMPY_CORE_ONLY,1,SUCCESS,7780,7,4,,,,0.0005818773061037064,0.001974747981876135,,
256,56,0x3b8907e1,0x0c6cbd10,QISKIT_AER_STATEVECTOR,SERVER_CPU,AER_EXECUTION_ONLY,1,SUCCESS,7780,7,4,,,,0.046561092138290405,0.04913124185986817,0.0,0.0
256,56,0x3b8907e1,0x0c6cbd10,RTL_FIXED_NORMAL,SERVER_CPU,PYTHON_FIXED_MODEL_WALL,1,SUCCESS,7780,7,4,4,,,0.0020221099257469177,0.0020221099257469177,,
256,56,0x3b8907e1,0x0c6cbd10,SOFTWARE_K4H4,SERVER_CPU,PYTHON_FIXED_MODEL_WALL,1,SUCCESS,7780,7,4,2,,,0.0019269038457423449,0.0019269038457423449,,
256,56,0x3b8907e1,0x0c6cbd10,SOFTWARE_K3H3,SERVER_CPU,PYTHON_FIXED_MODEL_WALL,1,SUCCESS,7780,7,4,2,,,0.0023067090660333633,0.0023067090660333633,,
256,57,0x2cd09c1d,0x964fb1a7,NUMPY_FLOAT64,SERVER_CPU,NUMPY_CORE_ONLY,1,SUCCESS,9459,7,2,,,,0.00047376914881169796,0.001865670084953308,,
256,57,0x2cd09c1d,0x964fb1a7,QISKIT_AER_STATEVECTOR,SERVER_CPU,AER_EXECUTION_ONLY,1,SUCCESS,9459,7,2,,,,0.030354029033333063,0.03304892801679671,0.0,0.0
256,57,0x2cd09c1d,0x964fb1a7,RTL_FIXED_NORMAL,SERVER_CPU,PYTHON_FIXED_MODEL_WALL,1,SUCCESS,9459,7,2,2,,,0.0018974430859088898,0.0018974430859088898,,
256,57,0x2cd09c1d,0x964fb1a7,SOFTWARE_K4H4,SERVER_CPU,PYTHON_FIXED_MODEL_WALL,1,SUCCESS,9459,7,2,2,,,0.0017968399915844202,0.0017968399915844202,,
256,57,0x2cd09c1d,0x964fb1a7,SOFTWARE_K3H3,SERVER_CPU,PYTHON_FIXED_MODEL_WALL,1,SUCCESS,9459,7,2,2,,,0.0017201481387019157,0.0017201481387019157,,
256,58,0x6d7a8604,0xbd6f99c6,NUMPY_FLOAT64,SERVER_CPU,NUMPY_CORE_ONLY,1,SUCCESS,8225,5,4,,,,0.0005825038533657789,0.0016164639964699745,,
256,58,0x6d7a8604,0xbd6f99c6,QISKIT_AER_STATEVECTOR,SERVER_CPU,AER_EXECUTION_ONLY,1,SUCCESS,8225,5,4,,,,0.04343662294559181,0.045413830084726214,0.0,0.0
256,58,0x6d7a8604,0xbd6f99c6,RTL_FIXED_NORMAL,SERVER_CPU,PYTHON_FIXED_MODEL_WALL,1,SUCCESS,8225,5,4,4,,,0.0021695708855986595,0.0021695708855986595,,
256,58,0x6d7a8604,0xbd6f99c6,SOFTWARE_K4H4,SERVER_CPU,PYTHON_FIXED_MODEL_WALL,1,SUCCESS,8225,5,4,2,,,0.0016618941444903612,0.0016618941444903612,,
256,58,0x6d7a8604,0xbd6f99c6,SOFTWARE_K3H3,SERVER_CPU,PYTHON_FIXED_MODEL_WALL,1,SUCCESS,8225,5,4,2,,,0.0018144820351153612,0.0018144820351153612,,
256,59,0x1fadaf42,0x60010aa3,NUMPY_FLOAT64,SERVER_CPU,NUMPY_CORE_ONLY,1,SUCCESS,4389,6,5,,,,0.000649625901132822,0.0019837701693177223,,
256,59,0x1fadaf42,0x60010aa3,QISKIT_AER_STATEVECTOR,SERVER_CPU,AER_EXECUTION_ONLY,1,SUCCESS,4389,6,5,,,,0.05335589870810509,0.05594466906040907,0.0,0.0
256,59,0x1fadaf42,0x60010aa3,RTL_FIXED_NORMAL,SERVER_CPU,PYTHON_FIXED_MODEL_WALL,1,SUCCESS,4389,6,5,5,,,0.0022452829871326685,0.0022452829871326685,,
256,59,0x1fadaf42,0x60010aa3,SOFTWARE_K4H4,SERVER_CPU,PYTHON_FIXED_MODEL_WALL,1,SUCCESS,4389,6,5,2,,,0.0015825869049876928,0.0015825869049876928,,
256,59,0x1fadaf42,0x60010aa3,SOFTWARE_K3H3,SERVER_CPU,PYTHON_FIXED_MODEL_WALL,1,SUCCESS,4389,6,5,2,,,0.0015251250006258488,0.0015251250006258488,,
256,60,0x92fe7cfd,0xb54e2773,NUMPY_FLOAT64,SERVER_CPU,NUMPY_CORE_ONLY,1,SUCCESS,11343,9,10,,,,0.0010995508637279272,0.002904213033616543,,
256,60,0x92fe7cfd,0xb54e2773,QISKIT_AER_STATEVECTOR,SERVER_CPU,AER_EXECUTION_ONLY,1,SUCCESS,11343,9,10,,,,0.12719543115235865,0.13135721813887358,0.0,0.0
256,60,0x92fe7cfd,0xb54e2773,RTL_FIXED_NORMAL,SERVER_CPU,PYTHON_FIXED_MODEL_WALL,1,SUCCESS,11343,9,10,10,,,0.0034467100631445646,0.0034467100631445646,,
256,60,0x92fe7cfd,0xb54e2773,SOFTWARE_K4H4,SERVER_CPU,PYTHON_FIXED_MODEL_WALL,1,SUCCESS,11343,9,10,4,,,0.0028278410900384188,0.0028278410900384188,,
256,60,0x92fe7cfd,0xb54e2773,SOFTWARE_K3H3,SERVER_CPU,PYTHON_FIXED_MODEL_WALL,1,SUCCESS,11343,9,10,4,,,0.002490212908014655,0.002490212908014655,,
256,61,0x1aecb060,0x9c545eba,NUMPY_FLOAT64,SERVER_CPU,NUMPY_CORE_ONLY,1,SUCCESS,12329,11,17,,,,0.0017680556047707796,0.0042851578909903765,,
256,61,0x1aecb060,0x9c545eba,QISKIT_AER_STATEVECTOR,SERVER_CPU,AER_EXECUTION_ONLY,1,SUCCESS,12329,11,17,,,,0.23683861177414656,0.24293644214048982,0.0,0.0
256,61,0x1aecb060,0x9c545eba,RTL_FIXED_NORMAL,SERVER_CPU,PYTHON_FIXED_MODEL_WALL,1,SUCCESS,12329,11,17,17,,,0.005267950007691979,0.005267950007691979,,
256,61,0x1aecb060,0x9c545eba,SOFTWARE_K4H4,SERVER_CPU,PYTHON_FIXED_MODEL_WALL,1,SUCCESS,12329,11,17,4,,,0.0032078870572149754,0.0032078870572149754,,
256,61,0x1aecb060,0x9c545eba,SOFTWARE_K3H3,SERVER_CPU,PYTHON_FIXED_MODEL_WALL,1,SUCCESS,12329,11,17,4,,,0.0030141090974211693,0.0030141090974211693,,
256,62,0x91778cc3,0xbd1d1bc0,NUMPY_FLOAT64,SERVER_CPU,NUMPY_CORE_ONLY,1,SUCCESS,5666,10,13,,,,0.0016644871793687344,0.003897970076650381,,
256,62,0x91778cc3,0xbd1d1bc0,QISKIT_AER_STATEVECTOR,SERVER_CPU,AER_EXECUTION_ONLY,1,SUCCESS,5666,10,13,,,,0.16166426707059145,0.16682878881692886,0.0,0.0
256,62,0x91778cc3,0xbd1d1bc0,RTL_FIXED_NORMAL,SERVER_CPU,PYTHON_FIXED_MODEL_WALL,1,SUCCESS,5666,10,13,13,,,0.005683694966137409,0.005683694966137409,,
256,62,0x91778cc3,0xbd1d1bc0,SOFTWARE_K4H4,SERVER_CPU,PYTHON_FIXED_MODEL_WALL,1,SUCCESS,5666,10,13,5,,,0.0029943501576781273,0.0029943501576781273,,
256,62,0x91778cc3,0xbd1d1bc0,SOFTWARE_K3H3,SERVER_CPU,PYTHON_FIXED_MODEL_WALL,1,SUCCESS,5666,10,13,5,,,0.0027458008844405413,0.0027458008844405413,,
256,63,0xe6b7e7eb,0xd542988e,NUMPY_FLOAT64,SERVER_CPU,NUMPY_CORE_ONLY,1,SUCCESS,14388,10,11,,,,0.0011994605883955956,0.003180575091391802,,
256,63,0xe6b7e7eb,0xd542988e,QISKIT_AER_STATEVECTOR,SERVER_CPU,AER_EXECUTION_ONLY,1,SUCCESS,14388,10,11,,,,0.14819347579032183,0.15358997997827828,0.0,0.0
256,63,0xe6b7e7eb,0xd542988e,RTL_FIXED_NORMAL,SERVER_CPU,PYTHON_FIXED_MODEL_WALL,1,SUCCESS,14388,10,11,11,,,0.003638508962467313,0.003638508962467313,,
256,63,0xe6b7e7eb,0xd542988e,SOFTWARE_K4H4,SERVER_CPU,PYTHON_FIXED_MODEL_WALL,1,SUCCESS,14388,10,11,5,,,0.00285303290002048,0.00285303290002048,,
256,63,0xe6b7e7eb,0xd542988e,SOFTWARE_K3H3,SERVER_CPU,PYTHON_FIXED_MODEL_WALL,1,SUCCESS,14388,10,11,5,,,0.0027619730681180954,0.0027619730681180954,,
256,64,0x6770144c,0xd2d3c6e7,NUMPY_FLOAT64,SERVER_CPU,NUMPY_CORE_ONLY,1,SUCCESS,3410,8,4,,,,0.0007477959152311087,0.002485073171555996,,
256,64,0x6770144c,0xd2d3c6e7,QISKIT_AER_STATEVECTOR,SERVER_CPU,AER_EXECUTION_ONLY,1,SUCCESS,3410,8,4,,,,0.04863037681207061,0.051954064052551985,0.0,0.0
256,64,0x6770144c,0xd2d3c6e7,RTL_FIXED_NORMAL,SERVER_CPU,PYTHON_FIXED_MODEL_WALL,1,SUCCESS,3410,8,4,4,,,0.002169213956221938,0.002169213956221938,,
256,64,0x6770144c,0xd2d3c6e7,SOFTWARE_K4H4,SERVER_CPU,PYTHON_FIXED_MODEL_WALL,1,SUCCESS,3410,8,4,2,,,0.001824669074267149,0.001824669074267149,,
256,64,0x6770144c,0xd2d3c6e7,SOFTWARE_K3H3,SERVER_CPU,PYTHON_FIXED_MODEL_WALL,1,SUCCESS,3410,8,4,2,,,0.0017697089351713657,0.0017697089351713657,,
256,65,0xc600a248,0x0a1e0844,NUMPY_FLOAT64,SERVER_CPU,NUMPY_CORE_ONLY,1,SUCCESS,10195,6,3,,,,0.00049980403855443,0.0017050800379365683,,
256,65,0xc600a248,0x0a1e0844,QISKIT_AER_STATEVECTOR,SERVER_CPU,AER_EXECUTION_ONLY,1,SUCCESS,10195,6,3,,,,0.0335853339638561,0.035775894997641444,0.0,0.0
256,65,0xc600a248,0x0a1e0844,RTL_FIXED_NORMAL,SERVER_CPU,PYTHON_FIXED_MODEL_WALL,1,SUCCESS,10195,6,3,3,,,0.001615698914974928,0.001615698914974928,,
256,65,0xc600a248,0x0a1e0844,SOFTWARE_K4H4,SERVER_CPU,PYTHON_FIXED_MODEL_WALL,1,SUCCESS,10195,6,3,2,,,0.0016826398205012083,0.0016826398205012083,,
256,65,0xc600a248,0x0a1e0844,SOFTWARE_K3H3,SERVER_CPU,PYTHON_FIXED_MODEL_WALL,1,SUCCESS,10195,6,3,2,,,0.0015935460105538368,0.0015935460105538368,,
256,66,0x1ea4f830,0x2ef0f28e,NUMPY_FLOAT64,SERVER_CPU,NUMPY_CORE_ONLY,1,SUCCESS,1133,6,2,,,,0.00042877206578850746,0.0017121899873018265,,
256,66,0x1ea4f830,0x2ef0f28e,QISKIT_AER_STATEVECTOR,SERVER_CPU,AER_EXECUTION_ONLY,1,SUCCESS,1133,6,2,,,,0.024411643389612436,0.026515712961554527,0.0,0.0
256,66,0x1ea4f830,0x2ef0f28e,RTL_FIXED_NORMAL,SERVER_CPU,PYTHON_FIXED_MODEL_WALL,1,SUCCESS,1133,6,2,2,,,0.001526916865259409,0.001526916865259409,,
256,66,0x1ea4f830,0x2ef0f28e,SOFTWARE_K4H4,SERVER_CPU,PYTHON_FIXED_MODEL_WALL,1,SUCCESS,1133,6,2,1,,,0.001399561995640397,0.001399561995640397,,
256,66,0x1ea4f830,0x2ef0f28e,SOFTWARE_K3H3,SERVER_CPU,PYTHON_FIXED_MODEL_WALL,1,SUCCESS,1133,6,2,1,,,0.0013518931809812784,0.0013518931809812784,,
256,67,0x639604f3,0x7fe04f83,NUMPY_FLOAT64,SERVER_CPU,NUMPY_CORE_ONLY,1,SUCCESS,5270,10,10,,,,0.0011597129050642252,0.0031461259350180626,,
256,67,0x639604f3,0x7fe04f83,QISKIT_AER_STATEVECTOR,SERVER_CPU,AER_EXECUTION_ONLY,1,SUCCESS,5270,10,10,,,,0.11389532079920173,0.11877574096433818,0.0,0.0
256,67,0x639604f3,0x7fe04f83,RTL_FIXED_NORMAL,SERVER_CPU,PYTHON_FIXED_MODEL_WALL,1,SUCCESS,5270,10,10,10,,,0.0032947640866041183,0.0032947640866041183,,
256,67,0x639604f3,0x7fe04f83,SOFTWARE_K4H4,SERVER_CPU,PYTHON_FIXED_MODEL_WALL,1,SUCCESS,5270,10,10,4,,,0.002675553085282445,0.002675553085282445,,
256,67,0x639604f3,0x7fe04f83,SOFTWARE_K3H3,SERVER_CPU,PYTHON_FIXED_MODEL_WALL,1,SUCCESS,5270,10,10,4,,,0.0026989539619535208,0.0026989539619535208,,
256,68,0x6e084a84,0xb643b17e,NUMPY_FLOAT64,SERVER_CPU,NUMPY_CORE_ONLY,1,SUCCESS,8996,8,6,,,,0.0008464821148663759,0.002430981956422329,,
256,68,0x6e084a84,0xb643b17e,QISKIT_AER_STATEVECTOR,SERVER_CPU,AER_EXECUTION_ONLY,1,SUCCESS,8996,8,6,,,,0.08156350394710898,0.08531508687883615,0.0,0.0
256,68,0x6e084a84,0xb643b17e,RTL_FIXED_NORMAL,SERVER_CPU,PYTHON_FIXED_MODEL_WALL,1,SUCCESS,8996,8,6,6,,,0.0023639521095901728,0.0023639521095901728,,
256,68,0x6e084a84,0xb643b17e,SOFTWARE_K4H4,SERVER_CPU,PYTHON_FIXED_MODEL_WALL,1,SUCCESS,8996,8,6,2,,,0.002058780984953046,0.002058780984953046,,
256,68,0x6e084a84,0xb643b17e,SOFTWARE_K3H3,SERVER_CPU,PYTHON_FIXED_MODEL_WALL,1,SUCCESS,8996,8,6,2,,,0.0022658100351691246,0.0022658100351691246,,
256,69,0x3d7fc476,0x467d7a44,NUMPY_FLOAT64,SERVER_CPU,NUMPY_CORE_ONLY,1,SUCCESS,15374,7,3,,,,0.0005800416693091393,0.0021056560799479485,,
256,69,0x3d7fc476,0x467d7a44,QISKIT_AER_STATEVECTOR,SERVER_CPU,AER_EXECUTION_ONLY,1,SUCCESS,15374,7,3,,,,0.037808278342708945,0.04023583605885506,0.0,0.0
256,69,0x3d7fc476,0x467d7a44,RTL_FIXED_NORMAL,SERVER_CPU,PYTHON_FIXED_MODEL_WALL,1,SUCCESS,15374,7,3,3,,,0.0018919480498880148,0.0018919480498880148,,
256,69,0x3d7fc476,0x467d7a44,SOFTWARE_K4H4,SERVER_CPU,PYTHON_FIXED_MODEL_WALL,1,SUCCESS,15374,7,3,2,,,0.001787293003872037,0.001787293003872037,,
256,69,0x3d7fc476,0x467d7a44,SOFTWARE_K3H3,SERVER_CPU,PYTHON_FIXED_MODEL_WALL,1,SUCCESS,15374,7,3,2,,,0.0016872161068022251,0.0016872161068022251,,
256,70,0xedca3875,0xefade11e,NUMPY_FLOAT64,SERVER_CPU,NUMPY_CORE_ONLY,1,SUCCESS,2789,4,3,,,,0.00041177263483405113,0.0012584479991346598,,
256,70,0xedca3875,0xefade11e,QISKIT_AER_STATEVECTOR,SERVER_CPU,AER_EXECUTION_ONLY,1,SUCCESS,2789,4,3,,,,0.03676099004223943,0.03861751197837293,0.0,0.0
256,70,0xedca3875,0xefade11e,RTL_FIXED_NORMAL,SERVER_CPU,PYTHON_FIXED_MODEL_WALL,1,SUCCESS,2789,4,3,3,,,0.0014159749262034893,0.0014159749262034893,,
256,70,0xedca3875,0xefade11e,SOFTWARE_K4H4,SERVER_CPU,PYTHON_FIXED_MODEL_WALL,1,SUCCESS,2789,4,3,1,,,0.0011877790093421936,0.0011877790093421936,,
256,70,0xedca3875,0xefade11e,SOFTWARE_K3H3,SERVER_CPU,PYTHON_FIXED_MODEL_WALL,1,SUCCESS,2789,4,3,1,,,0.0010904220398515463,0.0010904220398515463,,
256,71,0xb883121d,0x095c678c,NUMPY_FLOAT64,SERVER_CPU,NUMPY_CORE_ONLY,1,SUCCESS,15233,8,6,,,,0.000754442298784852,0.0024156910367310047,,
256,71,0xb883121d,0x095c678c,QISKIT_AER_STATEVECTOR,SERVER_CPU,AER_EXECUTION_ONLY,1,SUCCESS,15233,8,6,,,,0.08866179524920881,0.09218063298612833,0.0,0.0
256,71,0xb883121d,0x095c678c,RTL_FIXED_NORMAL,SERVER_CPU,PYTHON_FIXED_MODEL_WALL,1,SUCCESS,15233,8,6,6,,,0.002475790912285447,0.002475790912285447,,
256,71,0xb883121d,0x095c678c,SOFTWARE_K4H4,SERVER_CPU,PYTHON_FIXED_MODEL_WALL,1,SUCCESS,15233,8,6,2,,,0.0022140329238027334,0.0022140329238027334,,
256,71,0xb883121d,0x095c678c,SOFTWARE_K3H3,SERVER_CPU,PYTHON_FIXED_MODEL_WALL,1,SUCCESS,15233,8,6,2,,,0.001878382172435522,0.001878382172435522,,
256,72,0xace22797,0xbc422a9a,NUMPY_FLOAT64,SERVER_CPU,NUMPY_CORE_ONLY,1,SUCCESS,1859,7,4,,,,0.0006148603279143572,0.002012380165979266,,
256,72,0xace22797,0xbc422a9a,QISKIT_AER_STATEVECTOR,SERVER_CPU,AER_EXECUTION_ONLY,1,SUCCESS,1859,7,4,,,,0.05237605422735214,0.05533654079772532,0.0,0.0
256,72,0xace22797,0xbc422a9a,RTL_FIXED_NORMAL,SERVER_CPU,PYTHON_FIXED_MODEL_WALL,1,SUCCESS,1859,7,4,4,,,0.002987756161019206,0.002987756161019206,,
256,72,0xace22797,0xbc422a9a,SOFTWARE_K4H4,SERVER_CPU,PYTHON_FIXED_MODEL_WALL,1,SUCCESS,1859,7,4,1,,,0.0016226780135184526,0.0016226780135184526,,
256,72,0xace22797,0xbc422a9a,SOFTWARE_K3H3,SERVER_CPU,PYTHON_FIXED_MODEL_WALL,1,SUCCESS,1859,7,4,1,,,0.0015995900612324476,0.0015995900612324476,,
256,73,0xefd3172d,0x8c2c3233,NUMPY_FLOAT64,SERVER_CPU,NUMPY_CORE_ONLY,1,SUCCESS,9230,7,6,,,,0.0008640852756798267,0.002525846939533949,,
256,73,0xefd3172d,0x8c2c3233,QISKIT_AER_STATEVECTOR,SERVER_CPU,AER_EXECUTION_ONLY,1,SUCCESS,9230,7,6,,,,0.08376230299472809,0.08744125789962709,0.0,0.0
256,73,0xefd3172d,0x8c2c3233,RTL_FIXED_NORMAL,SERVER_CPU,PYTHON_FIXED_MODEL_WALL,1,SUCCESS,9230,7,6,6,,,0.002215415006503463,0.002215415006503463,,
256,73,0xefd3172d,0x8c2c3233,SOFTWARE_K4H4,SERVER_CPU,PYTHON_FIXED_MODEL_WALL,1,SUCCESS,9230,7,6,2,,,0.0018159940373152494,0.0018159940373152494,,
256,73,0xefd3172d,0x8c2c3233,SOFTWARE_K3H3,SERVER_CPU,PYTHON_FIXED_MODEL_WALL,1,SUCCESS,9230,7,6,2,,,0.0017866080161184072,0.0017866080161184072,,
256,74,0xe6aacdb5,0x7f1c158a,NUMPY_FLOAT64,SERVER_CPU,NUMPY_CORE_ONLY,1,SUCCESS,2442,6,2,,,,0.0004885653033852577,0.0017920730169862509,,
256,74,0xe6aacdb5,0x7f1c158a,QISKIT_AER_STATEVECTOR,SERVER_CPU,AER_EXECUTION_ONLY,1,SUCCESS,2442,6,2,,,,0.026052035158500075,0.02822546800598502,0.0,0.0
256,74,0xe6aacdb5,0x7f1c158a,RTL_FIXED_NORMAL,SERVER_CPU,PYTHON_FIXED_MODEL_WALL,1,SUCCESS,2442,6,2,2,,,0.001543477177619934,0.001543477177619934,,
256,74,0xe6aacdb5,0x7f1c158a,SOFTWARE_K4H4,SERVER_CPU,PYTHON_FIXED_MODEL_WALL,1,SUCCESS,2442,6,2,1,,,0.0015046820044517517,0.0015046820044517517,,
256,74,0xe6aacdb5,0x7f1c158a,SOFTWARE_K3H3,SERVER_CPU,PYTHON_FIXED_MODEL_WALL,1,SUCCESS,2442,6,2,1,,,0.0013914229348301888,0.0013914229348301888,,
256,75,0x6566c598,0xca804b00,NUMPY_FLOAT64,SERVER_CPU,NUMPY_CORE_ONLY,1,SUCCESS,14410,2,1,,,,0.00018728990107774734,0.0006651240400969982,,
256,75,0x6566c598,0xca804b00,QISKIT_AER_STATEVECTOR,SERVER_CPU,AER_EXECUTION_ONLY,1,SUCCESS,14410,2,1,,,,0.012061458081007004,0.01285688509233296,0.0,0.0
256,75,0x6566c598,0xca804b00,RTL_FIXED_NORMAL,SERVER_CPU,PYTHON_FIXED_MODEL_WALL,1,SUCCESS,14410,2,1,1,,,0.0006499260198324919,0.0006499260198324919,,
256,75,0x6566c598,0xca804b00,SOFTWARE_K4H4,SERVER_CPU,PYTHON_FIXED_MODEL_WALL,1,SUCCESS,14410,2,1,1,,,0.0007108531426638365,0.0007108531426638365,,
256,75,0x6566c598,0xca804b00,SOFTWARE_K3H3,SERVER_CPU,PYTHON_FIXED_MODEL_WALL,1,SUCCESS,14410,2,1,1,,,0.0006918520666658878,0.0006918520666658878,,
256,76,0x4e646d9d,0xcbae5ac0,NUMPY_FLOAT64,SERVER_CPU,NUMPY_CORE_ONLY,1,SUCCESS,13239,9,10,,,,0.0010574916377663612,0.0028808019123971462,,
256,76,0x4e646d9d,0xcbae5ac0,QISKIT_AER_STATEVECTOR,SERVER_CPU,AER_EXECUTION_ONLY,1,SUCCESS,13239,9,10,,,,0.13324267091229558,0.13750612805597484,0.0,0.0
256,76,0x4e646d9d,0xcbae5ac0,RTL_FIXED_NORMAL,SERVER_CPU,PYTHON_FIXED_MODEL_WALL,1,SUCCESS,13239,9,10,10,,,0.002923724940046668,0.002923724940046668,,
256,76,0x4e646d9d,0xcbae5ac0,SOFTWARE_K4H4,SERVER_CPU,PYTHON_FIXED_MODEL_WALL,1,SUCCESS,13239,9,10,4,,,0.002616283018141985,0.002616283018141985,,
256,76,0x4e646d9d,0xcbae5ac0,SOFTWARE_K3H3,SERVER_CPU,PYTHON_FIXED_MODEL_WALL,1,SUCCESS,13239,9,10,4,,,0.0024496191181242466,0.0024496191181242466,,
256,77,0x05d81d6f,0x260c4013,NUMPY_FLOAT64,SERVER_CPU,NUMPY_CORE_ONLY,1,SUCCESS,9230,7,5,,,,0.0006518543232232332,0.0020745641086250544,,
256,77,0x05d81d6f,0x260c4013,QISKIT_AER_STATEVECTOR,SERVER_CPU,AER_EXECUTION_ONLY,1,SUCCESS,9230,7,5,,,,0.06649544392712414,0.06973827397450805,0.0,0.0
256,77,0x05d81d6f,0x260c4013,RTL_FIXED_NORMAL,SERVER_CPU,PYTHON_FIXED_MODEL_WALL,1,SUCCESS,9230,7,5,5,,,0.0028314348310232162,0.0028314348310232162,,
256,77,0x05d81d6f,0x260c4013,SOFTWARE_K4H4,SERVER_CPU,PYTHON_FIXED_MODEL_WALL,1,SUCCESS,9230,7,5,2,,,0.0018707108683884144,0.0018707108683884144,,
256,77,0x05d81d6f,0x260c4013,SOFTWARE_K3H3,SERVER_CPU,PYTHON_FIXED_MODEL_WALL,1,SUCCESS,9230,7,5,2,,,0.0017873849719762802,0.0017873849719762802,,
256,78,0x2018f6a3,0x5728c7f4,NUMPY_FLOAT64,SERVER_CPU,NUMPY_CORE_ONLY,1,SUCCESS,3237,2,1,,,,0.00019813491962850094,0.0006802689749747515,,
256,78,0x2018f6a3,0x5728c7f4,QISKIT_AER_STATEVECTOR,SERVER_CPU,AER_EXECUTION_ONLY,1,SUCCESS,3237,2,1,,,,0.011665537720546126,0.01245834305882454,0.0,0.0
256,78,0x2018f6a3,0x5728c7f4,RTL_FIXED_NORMAL,SERVER_CPU,PYTHON_FIXED_MODEL_WALL,1,SUCCESS,3237,2,1,1,,,0.0006494869012385607,0.0006494869012385607,,
256,78,0x2018f6a3,0x5728c7f4,SOFTWARE_K4H4,SERVER_CPU,PYTHON_FIXED_MODEL_WALL,1,SUCCESS,3237,2,1,1,,,0.000693783862516284,0.000693783862516284,,
256,78,0x2018f6a3,0x5728c7f4,SOFTWARE_K3H3,SERVER_CPU,PYTHON_FIXED_MODEL_WALL,1,SUCCESS,3237,2,1,1,,,0.0006860559806227684,0.0006860559806227684,,
256,79,0x718ebf0c,0x4d7d460c,NUMPY_FLOAT64,SERVER_CPU,NUMPY_CORE_ONLY,1,SUCCESS,11111,2,1,,,,0.0001795168500393629,0.0006514051929116249,,
256,79,0x718ebf0c,0x4d7d460c,QISKIT_AER_STATEVECTOR,SERVER_CPU,AER_EXECUTION_ONLY,1,SUCCESS,11111,2,1,,,,0.01099724997766316,0.01177809084765613,0.0,0.0
256,79,0x718ebf0c,0x4d7d460c,RTL_FIXED_NORMAL,SERVER_CPU,PYTHON_FIXED_MODEL_WALL,1,SUCCESS,11111,2,1,1,,,0.000639346893876791,0.000639346893876791,,
256,79,0x718ebf0c,0x4d7d460c,SOFTWARE_K4H4,SERVER_CPU,PYTHON_FIXED_MODEL_WALL,1,SUCCESS,11111,2,1,1,,,0.0007088028360158205,0.0007088028360158205,,
256,79,0x718ebf0c,0x4d7d460c,SOFTWARE_K3H3,SERVER_CPU,PYTHON_FIXED_MODEL_WALL,1,SUCCESS,11111,2,1,1,,,0.0006886539049446583,0.0006886539049446583,,
256,80,0x042a8f17,0x2093b3f4,NUMPY_FLOAT64,SERVER_CPU,NUMPY_CORE_ONLY,1,SUCCESS,8089,10,10,,,,0.0012110858224332333,0.0033109618816524744,,
256,80,0x042a8f17,0x2093b3f4,QISKIT_AER_STATEVECTOR,SERVER_CPU,AER_EXECUTION_ONLY,1,SUCCESS,8089,10,10,,,,0.1303597695659846,0.13436629809439182,0.0,0.0
256,80,0x042a8f17,0x2093b3f4,RTL_FIXED_NORMAL,SERVER_CPU,PYTHON_FIXED_MODEL_WALL,1,SUCCESS,8089,10,10,10,,,0.0034017639700323343,0.0034017639700323343,,
256,80,0x042a8f17,0x2093b3f4,SOFTWARE_K4H4,SERVER_CPU,PYTHON_FIXED_MODEL_WALL,1,SUCCESS,8089,10,10,5,,,0.0028829730581492186,0.0028829730581492186,,
256,80,0x042a8f17,0x2093b3f4,SOFTWARE_K3H3,SERVER_CPU,PYTHON_FIXED_MODEL_WALL,1,SUCCESS,8089,10,10,5,,,0.0027574149426072836,0.0027574149426072836,,
256,81,0xfc1c775d,0x35bd20f1,NUMPY_FLOAT64,SERVER_CPU,NUMPY_CORE_ONLY,1,SUCCESS,9492,6,4,,,,0.0005796649493277073,0.0018152310512959957,,
256,81,0xfc1c775d,0x35bd20f1,QISKIT_AER_STATEVECTOR,SERVER_CPU,AER_EXECUTION_ONLY,1,SUCCESS,9492,6,4,,,,0.04708833899348974,0.04927104595117271,0.0,0.0
256,81,0xfc1c775d,0x35bd20f1,RTL_FIXED_NORMAL,SERVER_CPU,PYTHON_FIXED_MODEL_WALL,1,SUCCESS,9492,6,4,4,,,0.00173282902687788,0.00173282902687788,,
256,81,0xfc1c775d,0x35bd20f1,SOFTWARE_K4H4,SERVER_CPU,PYTHON_FIXED_MODEL_WALL,1,SUCCESS,9492,6,4,1,,,0.001437705010175705,0.001437705010175705,,
256,81,0xfc1c775d,0x35bd20f1,SOFTWARE_K3H3,SERVER_CPU,PYTHON_FIXED_MODEL_WALL,1,SUCCESS,9492,6,4,1,,,0.0013846231158822775,0.0013846231158822775,,
256,82,0x16b93b63,0x7d609ba5,NUMPY_FLOAT64,SERVER_CPU,NUMPY_CORE_ONLY,1,SUCCESS,14992,3,1,,,,0.00026347581297159195,0.0009576340671628714,,
256,82,0x16b93b63,0x7d609ba5,QISKIT_AER_STATEVECTOR,SERVER_CPU,AER_EXECUTION_ONLY,1,SUCCESS,14992,3,1,,,,0.012239518808200955,0.0135133839212358,0.0,0.0
256,82,0x16b93b63,0x7d609ba5,RTL_FIXED_NORMAL,SERVER_CPU,PYTHON_FIXED_MODEL_WALL,1,SUCCESS,14992,3,1,1,,,0.0008178928401321173,0.0008178928401321173,,
256,82,0x16b93b63,0x7d609ba5,SOFTWARE_K4H4,SERVER_CPU,PYTHON_FIXED_MODEL_WALL,1,SUCCESS,14992,3,1,1,,,0.0008718231692910194,0.0008718231692910194,,
256,82,0x16b93b63,0x7d609ba5,SOFTWARE_K3H3,SERVER_CPU,PYTHON_FIXED_MODEL_WALL,1,SUCCESS,14992,3,1,1,,,0.0008765750098973513,0.0008765750098973513,,
256,83,0x8ce1028e,0xb152e7ef,NUMPY_FLOAT64,SERVER_CPU,NUMPY_CORE_ONLY,1,SUCCESS,15859,3,2,,,,0.0003020677249878645,0.0009874769020825624,,
256,83,0x8ce1028e,0xb152e7ef,QISKIT_AER_STATEVECTOR,SERVER_CPU,AER_EXECUTION_ONLY,1,SUCCESS,15859,3,2,,,,0.021434243069961667,0.02256366703659296,0.0,0.0
256,83,0x8ce1028e,0xb152e7ef,RTL_FIXED_NORMAL,SERVER_CPU,PYTHON_FIXED_MODEL_WALL,1,SUCCESS,15859,3,2,2,,,0.0009569409303367138,0.0009569409303367138,,
256,83,0x8ce1028e,0xb152e7ef,SOFTWARE_K4H4,SERVER_CPU,PYTHON_FIXED_MODEL_WALL,1,SUCCESS,15859,3,2,1,,,0.0008852460887283087,0.0008852460887283087,,
256,83,0x8ce1028e,0xb152e7ef,SOFTWARE_K3H3,SERVER_CPU,PYTHON_FIXED_MODEL_WALL,1,SUCCESS,15859,3,2,1,,,0.0009523208718746901,0.0009523208718746901,,
256,84,0x87bad980,0x7dbefa97,NUMPY_FLOAT64,SERVER_CPU,NUMPY_CORE_ONLY,1,SUCCESS,10082,6,4,,,,0.0007671520579606295,0.0022902691271156073,,
256,84,0x87bad980,0x7dbefa97,QISKIT_AER_STATEVECTOR,SERVER_CPU,AER_EXECUTION_ONLY,1,SUCCESS,10082,6,4,,,,0.05077128065750003,0.05294671608135104,0.0,0.0
256,84,0x87bad980,0x7dbefa97,RTL_FIXED_NORMAL,SERVER_CPU,PYTHON_FIXED_MODEL_WALL,1,SUCCESS,10082,6,4,4,,,0.0018476201221346855,0.0018476201221346855,,
256,84,0x87bad980,0x7dbefa97,SOFTWARE_K4H4,SERVER_CPU,PYTHON_FIXED_MODEL_WALL,1,SUCCESS,10082,6,4,1,,,0.001413943013176322,0.001413943013176322,,
256,84,0x87bad980,0x7dbefa97,SOFTWARE_K3H3,SERVER_CPU,PYTHON_FIXED_MODEL_WALL,1,SUCCESS,10082,6,4,1,,,0.001363246003165841,0.001363246003165841,,
256,85,0xd63d86f3,0xf5399cca,NUMPY_FLOAT64,SERVER_CPU,NUMPY_CORE_ONLY,1,SUCCESS,8851,9,10,,,,0.0012257343623787165,0.0032838741317391396,,
256,85,0xd63d86f3,0xf5399cca,QISKIT_AER_STATEVECTOR,SERVER_CPU,AER_EXECUTION_ONLY,1,SUCCESS,8851,9,10,,,,0.1580989877693355,0.1628974878694862,0.0,0.0
256,85,0xd63d86f3,0xf5399cca,RTL_FIXED_NORMAL,SERVER_CPU,PYTHON_FIXED_MODEL_WALL,1,SUCCESS,8851,9,10,10,,,0.005226671928539872,0.005226671928539872,,
256,85,0xd63d86f3,0xf5399cca,SOFTWARE_K4H4,SERVER_CPU,PYTHON_FIXED_MODEL_WALL,1,SUCCESS,8851,9,10,3,,,0.0025739159900695086,0.0025739159900695086,,
256,85,0xd63d86f3,0xf5399cca,SOFTWARE_K3H3,SERVER_CPU,PYTHON_FIXED_MODEL_WALL,1,SUCCESS,8851,9,10,3,,,0.0024417568929493427,0.0024417568929493427,,
256,86,0xeeaba102,0x01560fc0,NUMPY_FLOAT64,SERVER_CPU,NUMPY_CORE_ONLY,1,SUCCESS,10812,11,13,,,,0.0014038588851690292,0.003931890008971095,,
256,86,0xeeaba102,0x01560fc0,QISKIT_AER_STATEVECTOR,SERVER_CPU,AER_EXECUTION_ONLY,1,SUCCESS,10812,11,13,,,,0.21700410800985992,0.2231736071407795,0.0,0.0
256,86,0xeeaba102,0x01560fc0,RTL_FIXED_NORMAL,SERVER_CPU,PYTHON_FIXED_MODEL_WALL,1,SUCCESS,10812,11,13,13,,,0.004006956005468965,0.004006956005468965,,
256,86,0xeeaba102,0x01560fc0,SOFTWARE_K4H4,SERVER_CPU,PYTHON_FIXED_MODEL_WALL,1,SUCCESS,10812,11,13,4,,,0.0028874289710074663,0.0028874289710074663,,
256,86,0xeeaba102,0x01560fc0,SOFTWARE_K3H3,SERVER_CPU,PYTHON_FIXED_MODEL_WALL,1,SUCCESS,10812,11,13,4,,,0.0027279111091047525,0.0027279111091047525,,
256,87,0xc1fee4bb,0xc7e12d58,NUMPY_FLOAT64,SERVER_CPU,NUMPY_CORE_ONLY,1,SUCCESS,6247,12,15,,,,0.0015507421921938658,0.004066349007189274,,
256,87,0xc1fee4bb,0xc7e12d58,QISKIT_AER_STATEVECTOR,SERVER_CPU,AER_EXECUTION_ONLY,1,SUCCESS,6247,12,15,,,,0.21134912525303662,0.21703014988452196,0.0,0.0
256,87,0xc1fee4bb,0xc7e12d58,RTL_FIXED_NORMAL,SERVER_CPU,PYTHON_FIXED_MODEL_WALL,1,SUCCESS,6247,12,15,15,,,0.0040989520493894815,0.0040989520493894815,,
256,87,0xc1fee4bb,0xc7e12d58,SOFTWARE_K4H4,SERVER_CPU,PYTHON_FIXED_MODEL_WALL,1,SUCCESS,6247,12,15,5,,,0.003242308972403407,0.003242308972403407,,
256,87,0xc1fee4bb,0xc7e12d58,SOFTWARE_K3H3,SERVER_CPU,PYTHON_FIXED_MODEL_WALL,1,SUCCESS,6247,12,15,5,,,0.0029733721166849136,0.0029733721166849136,,
256,88,0x0707c9da,0xf644a3f9,NUMPY_FLOAT64,SERVER_CPU,NUMPY_CORE_ONLY,1,SUCCESS,1038,6,3,,,,0.0004956487100571394,0.0017125681042671204,,
256,88,0x0707c9da,0xf644a3f9,QISKIT_AER_STATEVECTOR,SERVER_CPU,AER_EXECUTION_ONLY,1,SUCCESS,1038,6,3,,,,0.03402328840456903,0.03639591904357076,0.0,0.0
256,88,0x0707c9da,0xf644a3f9,RTL_FIXED_NORMAL,SERVER_CPU,PYTHON_FIXED_MODEL_WALL,1,SUCCESS,1038,6,3,3,,,0.0016930860001593828,0.0016930860001593828,,
256,88,0x0707c9da,0xf644a3f9,SOFTWARE_K4H4,SERVER_CPU,PYTHON_FIXED_MODEL_WALL,1,SUCCESS,1038,6,3,1,,,0.0014353650622069836,0.0014353650622069836,,
256,88,0x0707c9da,0xf644a3f9,SOFTWARE_K3H3,SERVER_CPU,PYTHON_FIXED_MODEL_WALL,1,SUCCESS,1038,6,3,1,,,0.0013678970281034708,0.0013678970281034708,,
256,89,0xde0d9c30,0x58a2ee8f,NUMPY_FLOAT64,SERVER_CPU,NUMPY_CORE_ONLY,1,SUCCESS,10532,10,13,,,,0.0012544274795800447,0.0032654330134391785,,
256,89,0xde0d9c30,0x58a2ee8f,QISKIT_AER_STATEVECTOR,SERVER_CPU,AER_EXECUTION_ONLY,1,SUCCESS,10532,10,13,,,,0.1513258672785014,0.1557310160715133,0.0,0.0
256,89,0xde0d9c30,0x58a2ee8f,RTL_FIXED_NORMAL,SERVER_CPU,PYTHON_FIXED_MODEL_WALL,1,SUCCESS,10532,10,13,13,,,0.0035537010990083218,0.0035537010990083218,,
256,89,0xde0d9c30,0x58a2ee8f,SOFTWARE_K4H4,SERVER_CPU,PYTHON_FIXED_MODEL_WALL,1,SUCCESS,10532,10,13,5,,,0.002814921084791422,0.002814921084791422,,
256,89,0xde0d9c30,0x58a2ee8f,SOFTWARE_K3H3,SERVER_CPU,PYTHON_FIXED_MODEL_WALL,1,SUCCESS,10532,10,13,5,,,0.0027291420847177505,0.0027291420847177505,,
256,90,0x7cd0efc7,0x9f385cfb,NUMPY_FLOAT64,SERVER_CPU,NUMPY_CORE_ONLY,1,SUCCESS,15943,13,12,,,,0.001322401687502861,0.003808259032666683,,
256,90,0x7cd0efc7,0x9f385cfb,QISKIT_AER_STATEVECTOR,SERVER_CPU,AER_EXECUTION_ONLY,1,SUCCESS,15943,13,12,,,,0.17311630328185856,0.17911734897643328,0.0,0.0
256,90,0x7cd0efc7,0x9f385cfb,RTL_FIXED_NORMAL,SERVER_CPU,PYTHON_FIXED_MODEL_WALL,1,SUCCESS,15943,13,12,12,,,0.004412312991917133,0.004412312991917133,,
256,90,0x7cd0efc7,0x9f385cfb,SOFTWARE_K4H4,SERVER_CPU,PYTHON_FIXED_MODEL_WALL,1,SUCCESS,15943,13,12,6,,,0.003688354976475239,0.003688354976475239,,
256,90,0x7cd0efc7,0x9f385cfb,SOFTWARE_K3H3,SERVER_CPU,PYTHON_FIXED_MODEL_WALL,1,SUCCESS,15943,13,12,6,,,0.0033964631147682667,0.0033964631147682667,,
256,91,0xe4cb50a6,0x94d13729,NUMPY_FLOAT64,SERVER_CPU,NUMPY_CORE_ONLY,1,SUCCESS,9960,4,1,,,,0.00031229108572006226,0.0011976209934800863,,
256,91,0xe4cb50a6,0x94d13729,QISKIT_AER_STATEVECTOR,SERVER_CPU,AER_EXECUTION_ONLY,1,SUCCESS,9960,4,1,,,,0.015369442058727145,0.01727830502204597,0.0,0.0
256,91,0xe4cb50a6,0x94d13729,RTL_FIXED_NORMAL,SERVER_CPU,PYTHON_FIXED_MODEL_WALL,1,SUCCESS,9960,4,1,1,,,0.0010328078642487526,0.0010328078642487526,,
256,91,0xe4cb50a6,0x94d13729,SOFTWARE_K4H4,SERVER_CPU,PYTHON_FIXED_MODEL_WALL,1,SUCCESS,9960,4,1,1,,,0.0011709360405802727,0.0011709360405802727,,
256,91,0xe4cb50a6,0x94d13729,SOFTWARE_K3H3,SERVER_CPU,PYTHON_FIXED_MODEL_WALL,1,SUCCESS,9960,4,1,1,,,0.0011310309637337923,0.0011310309637337923,,
256,92,0xa0882219,0x18f75d24,NUMPY_FLOAT64,SERVER_CPU,NUMPY_CORE_ONLY,1,SUCCESS,8081,4,1,,,,0.0002923340070992708,0.0011889750603586435,,
256,92,0xa0882219,0x18f75d24,QISKIT_AER_STATEVECTOR,SERVER_CPU,AER_EXECUTION_ONLY,1,SUCCESS,8081,4,1,,,,0.015583420637995005,0.017475378001108766,0.0,0.0
256,92,0xa0882219,0x18f75d24,RTL_FIXED_NORMAL,SERVER_CPU,PYTHON_FIXED_MODEL_WALL,1,SUCCESS,8081,4,1,1,,,0.0010364390909671783,0.0010364390909671783,,
256,92,0xa0882219,0x18f75d24,SOFTWARE_K4H4,SERVER_CPU,PYTHON_FIXED_MODEL_WALL,1,SUCCESS,8081,4,1,1,,,0.0011442669201642275,0.0011442669201642275,,
256,92,0xa0882219,0x18f75d24,SOFTWARE_K3H3,SERVER_CPU,PYTHON_FIXED_MODEL_WALL,1,SUCCESS,8081,4,1,1,,,0.0011194930411875248,0.0011194930411875248,,
256,93,0xc435e6f2,0xf75a52bc,NUMPY_FLOAT64,SERVER_CPU,NUMPY_CORE_ONLY,1,SUCCESS,12684,10,14,,,,0.001659526489675045,0.003920899936929345,,
256,93,0xc435e6f2,0xf75a52bc,QISKIT_AER_STATEVECTOR,SERVER_CPU,AER_EXECUTION_ONLY,1,SUCCESS,12684,10,14,,,,0.1813223019707948,0.1860645809210837,0.0,0.0
256,93,0xc435e6f2,0xf75a52bc,RTL_FIXED_NORMAL,SERVER_CPU,PYTHON_FIXED_MODEL_WALL,1,SUCCESS,12684,10,14,14,,,0.0045074711088091135,0.0045074711088091135,,
256,93,0xc435e6f2,0xf75a52bc,SOFTWARE_K4H4,SERVER_CPU,PYTHON_FIXED_MODEL_WALL,1,SUCCESS,12684,10,14,3,,,0.002392643131315708,0.002392643131315708,,
256,93,0xc435e6f2,0xf75a52bc,SOFTWARE_K3H3,SERVER_CPU,PYTHON_FIXED_MODEL_WALL,1,SUCCESS,12684,10,14,3,,,0.002292598830536008,0.002292598830536008,,
256,94,0x011b63f0,0x0aa34346,NUMPY_FLOAT64,SERVER_CPU,NUMPY_CORE_ONLY,1,SUCCESS,2888,7,3,,,,0.0005522922147065401,0.0019308961927890778,,
256,94,0x011b63f0,0x0aa34346,QISKIT_AER_STATEVECTOR,SERVER_CPU,AER_EXECUTION_ONLY,1,SUCCESS,2888,7,3,,,,0.036216399632394314,0.039069658145308495,0.0,0.0
256,94,0x011b63f0,0x0aa34346,RTL_FIXED_NORMAL,SERVER_CPU,PYTHON_FIXED_MODEL_WALL,1,SUCCESS,2888,7,3,3,,,0.003106017131358385,0.003106017131358385,,
256,94,0x011b63f0,0x0aa34346,SOFTWARE_K4H4,SERVER_CPU,PYTHON_FIXED_MODEL_WALL,1,SUCCESS,2888,7,3,1,,,0.0015770441386848688,0.0015770441386848688,,
256,94,0x011b63f0,0x0aa34346,SOFTWARE_K3H3,SERVER_CPU,PYTHON_FIXED_MODEL_WALL,1,SUCCESS,2888,7,3,1,,,0.0015086450148373842,0.0015086450148373842,,
256,95,0x1b456e77,0xee460f94,NUMPY_FLOAT64,SERVER_CPU,NUMPY_CORE_ONLY,1,SUCCESS,2852,9,7,,,,0.0008805373217910528,0.0026650831568986177,,
256,95,0x1b456e77,0xee460f94,QISKIT_AER_STATEVECTOR,SERVER_CPU,AER_EXECUTION_ONLY,1,SUCCESS,2852,9,7,,,,0.08303303993307054,0.08720161486417055,0.0,0.0
256,95,0x1b456e77,0xee460f94,RTL_FIXED_NORMAL,SERVER_CPU,PYTHON_FIXED_MODEL_WALL,1,SUCCESS,2852,9,7,7,,,0.002996325958520174,0.002996325958520174,,
256,95,0x1b456e77,0xee460f94,SOFTWARE_K4H4,SERVER_CPU,PYTHON_FIXED_MODEL_WALL,1,SUCCESS,2852,9,7,2,,,0.0021974029950797558,0.0021974029950797558,,
256,95,0x1b456e77,0xee460f94,SOFTWARE_K3H3,SERVER_CPU,PYTHON_FIXED_MODEL_WALL,1,SUCCESS,2852,9,7,2,,,0.002113417023792863,0.002113417023792863,,
256,96,0x10088608,0xef418331,NUMPY_FLOAT64,SERVER_CPU,NUMPY_CORE_ONLY,1,SUCCESS,1456,4,2,,,,0.00035873986780643463,0.0011973271612077951,,
256,96,0x10088608,0xef418331,QISKIT_AER_STATEVECTOR,SERVER_CPU,AER_EXECUTION_ONLY,1,SUCCESS,1456,4,2,,,,0.022229345282539725,0.02367518306709826,0.0,0.0
256,96,0x10088608,0xef418331,RTL_FIXED_NORMAL,SERVER_CPU,PYTHON_FIXED_MODEL_WALL,1,SUCCESS,1456,4,2,2,,,0.0011358140036463737,0.0011358140036463737,,
256,96,0x10088608,0xef418331,SOFTWARE_K4H4,SERVER_CPU,PYTHON_FIXED_MODEL_WALL,1,SUCCESS,1456,4,2,1,,,0.0010801658499985933,0.0010801658499985933,,
256,96,0x10088608,0xef418331,SOFTWARE_K3H3,SERVER_CPU,PYTHON_FIXED_MODEL_WALL,1,SUCCESS,1456,4,2,1,,,0.0011002880055457354,0.0011002880055457354,,
256,97,0x6fcfc352,0xf8fa9f4c,NUMPY_FLOAT64,SERVER_CPU,NUMPY_CORE_ONLY,1,SUCCESS,13286,6,3,,,,0.0005087968893349171,0.0017179518472403288,,
256,97,0x6fcfc352,0xf8fa9f4c,QISKIT_AER_STATEVECTOR,SERVER_CPU,AER_EXECUTION_ONLY,1,SUCCESS,13286,6,3,,,,0.03481295146048069,0.03707153792493045,0.0,0.0
256,97,0x6fcfc352,0xf8fa9f4c,RTL_FIXED_NORMAL,SERVER_CPU,PYTHON_FIXED_MODEL_WALL,1,SUCCESS,13286,6,3,3,,,0.0029042791575193405,0.0029042791575193405,,
256,97,0x6fcfc352,0xf8fa9f4c,SOFTWARE_K4H4,SERVER_CPU,PYTHON_FIXED_MODEL_WALL,1,SUCCESS,13286,6,3,1,,,0.0014526019804179668,0.0014526019804179668,,
256,97,0x6fcfc352,0xf8fa9f4c,SOFTWARE_K3H3,SERVER_CPU,PYTHON_FIXED_MODEL_WALL,1,SUCCESS,13286,6,3,1,,,0.0013618490193039179,0.0013618490193039179,,
256,98,0xfb6077af,0x713595a9,NUMPY_FLOAT64,SERVER_CPU,NUMPY_CORE_ONLY,1,SUCCESS,10964,2,1,,,,0.00019050505943596363,0.0006550038233399391,,
256,98,0xfb6077af,0x713595a9,QISKIT_AER_STATEVECTOR,SERVER_CPU,AER_EXECUTION_ONLY,1,SUCCESS,10964,2,1,,,,0.011107077123597264,0.011887280968949199,0.0,0.0
256,98,0xfb6077af,0x713595a9,RTL_FIXED_NORMAL,SERVER_CPU,PYTHON_FIXED_MODEL_WALL,1,SUCCESS,10964,2,1,1,,,0.0006545879878103733,0.0006545879878103733,,
256,98,0xfb6077af,0x713595a9,SOFTWARE_K4H4,SERVER_CPU,PYTHON_FIXED_MODEL_WALL,1,SUCCESS,10964,2,1,1,,,0.0006908709183335304,0.0006908709183335304,,
256,98,0xfb6077af,0x713595a9,SOFTWARE_K3H3,SERVER_CPU,PYTHON_FIXED_MODEL_WALL,1,SUCCESS,10964,2,1,1,,,0.0006735119968652725,0.0006735119968652725,,
256,99,0xc6ebb72e,0x08fdf109,NUMPY_FLOAT64,SERVER_CPU,NUMPY_CORE_ONLY,1,SUCCESS,2852,5,2,,,,0.0003903170581907034,0.0014258511364459991,,
256,99,0xc6ebb72e,0x08fdf109,QISKIT_AER_STATEVECTOR,SERVER_CPU,AER_EXECUTION_ONLY,1,SUCCESS,2852,5,2,,,,0.023403587052598596,0.025258560897782445,0.0,0.0
256,99,0xc6ebb72e,0x08fdf109,RTL_FIXED_NORMAL,SERVER_CPU,PYTHON_FIXED_MODEL_WALL,1,SUCCESS,2852,5,2,2,,,0.001355642918497324,0.001355642918497324,,
256,99,0xc6ebb72e,0x08fdf109,SOFTWARE_K4H4,SERVER_CPU,PYTHON_FIXED_MODEL_WALL,1,SUCCESS,2852,5,2,1,,,0.0012992739211767912,0.0012992739211767912,,
256,99,0xc6ebb72e,0x08fdf109,SOFTWARE_K3H3,SERVER_CPU,PYTHON_FIXED_MODEL_WALL,1,SUCCESS,2852,5,2,1,,,0.0013614620547741652,0.0013614620547741652,,
1,0,0x7b1dcdaf,0x24370df2,FPGA_NORMAL_E1,ARTY_A7_100T_100MHZ,BOARD_COMMAND_TO_RESULT_ELAPSED,1,SUCCESS,507,25,308,308,351394,3519,0.003519,,,
1,1,0x3a85a4dc,0xa3b9aa35,FPGA_NORMAL_E1,ARTY_A7_100T_100MHZ,BOARD_COMMAND_TO_RESULT_ELAPSED,1,SUCCESS,507,15,23,23,43019,435,0.000435,,,
1,2,0x6162a8b2,0x871c276f,FPGA_NORMAL_E1,ARTY_A7_100T_100MHZ,BOARD_COMMAND_TO_RESULT_ELAPSED,1,SUCCESS,507,22,181,181,216220,2167,0.002167,,,
1,3,0xc3adc34e,0xf5b8f22b,FPGA_NORMAL_E1,ARTY_A7_100T_100MHZ,BOARD_COMMAND_TO_RESULT_ELAPSED,1,SUCCESS,507,25,239,239,280680,2812,0.002812,,,
1,4,0x2bb073ff,0x3f8396e3,FPGA_NORMAL_E1,ARTY_A7_100T_100MHZ,BOARD_COMMAND_TO_RESULT_ELAPSED,1,SUCCESS,507,24,240,240,279106,2796,0.002796,,,
1,5,0xda585ab3,0xa7197ad7,FPGA_NORMAL_E1,ARTY_A7_100T_100MHZ,BOARD_COMMAND_TO_RESULT_ELAPSED,1,SUCCESS,507,23,155,155,190096,1906,0.001906,,,
1,6,0x0ed109c0,0x5701ce52,FPGA_NORMAL_E1,ARTY_A7_100T_100MHZ,BOARD_COMMAND_TO_RESULT_ELAPSED,1,SUCCESS,507,9,14,14,26182,266,0.000266,,,
1,7,0x102ecf73,0x53c7612b,FPGA_NORMAL_E1,ARTY_A7_100T_100MHZ,BOARD_COMMAND_TO_RESULT_ELAPSED,1,SUCCESS,507,23,180,180,215431,2159,0.002159,,,
1,8,0xcf29b6a1,0x35231a84,FPGA_NORMAL_E1,ARTY_A7_100T_100MHZ,BOARD_COMMAND_TO_RESULT_ELAPSED,1,SUCCESS,507,26,261,261,304443,3050,0.00305,,,
1,9,0xc49cbb42,0xd0a3bbb8,FPGA_NORMAL_E1,ARTY_A7_100T_100MHZ,BOARD_COMMAND_TO_RESULT_ELAPSED,1,SUCCESS,507,24,148,148,185333,1859,0.001859,,,
1,10,0x4cc51d23,0xee0e3ab4,FPGA_NORMAL_E1,ARTY_A7_100T_100MHZ,BOARD_COMMAND_TO_RESULT_ELAPSED,1,SUCCESS,507,20,93,93,122239,1227,0.001227,,,
1,11,0xf9e8aa7a,0x3208c31a,FPGA_NORMAL_E1,ARTY_A7_100T_100MHZ,BOARD_COMMAND_TO_RESULT_ELAPSED,1,SUCCESS,507,23,175,175,209839,2104,0.002104,,,
1,12,0xdda8b051,0xc8105c9d,FPGA_NORMAL_E1,ARTY_A7_100T_100MHZ,BOARD_COMMAND_TO_RESULT_ELAPSED,1,SUCCESS,507,18,42,42,66692,672,0.000672,,,
1,13,0xabfb11bf,0xf5dec75e,FPGA_NORMAL_E1,ARTY_A7_100T_100MHZ,BOARD_COMMAND_TO_RESULT_ELAPSED,1,SUCCESS,507,24,218,218,259163,2597,0.002597,,,
1,14,0x20639811,0x6b6a7c47,FPGA_NORMAL_E1,ARTY_A7_100T_100MHZ,BOARD_COMMAND_TO_RESULT_ELAPSED,1,SUCCESS,507,21,133,133,166454,1669,0.001669,,,
1,15,0xac72acd2,0xca84bc6c,FPGA_NORMAL_E1,ARTY_A7_100T_100MHZ,BOARD_COMMAND_TO_RESULT_ELAPSED,1,SUCCESS,507,27,333,333,380457,3810,0.00381,,,
1,16,0x49a2da79,0xe1376725,FPGA_NORMAL_E1,ARTY_A7_100T_100MHZ,BOARD_COMMAND_TO_RESULT_ELAPSED,1,SUCCESS,507,25,225,225,265773,2663,0.002663,,,
1,17,0x63a4e9d7,0x6166dba4,FPGA_NORMAL_E1,ARTY_A7_100T_100MHZ,BOARD_COMMAND_TO_RESULT_ELAPSED,1,SUCCESS,507,25,152,152,190776,1913,0.001913,,,
1,18,0x8983f102,0x43fb6183,FPGA_NORMAL_E1,ARTY_A7_100T_100MHZ,BOARD_COMMAND_TO_RESULT_ELAPSED,1,SUCCESS,507,24,216,216,255323,2559,0.002559,,,
1,19,0xb671aa78,0xc97ad8a2,FPGA_NORMAL_E1,ARTY_A7_100T_100MHZ,BOARD_COMMAND_TO_RESULT_ELAPSED,1,SUCCESS,507,22,122,122,155688,1562,0.001562,,,
1,20,0xdaeb566a,0x989e5b3d,FPGA_NORMAL_E1,ARTY_A7_100T_100MHZ,BOARD_COMMAND_TO_RESULT_ELAPSED,1,SUCCESS,507,27,311,311,358942,3594,0.003594,,,
1,21,0xf6181c00,0xa345ac4b,FPGA_NORMAL_E1,ARTY_A7_100T_100MHZ,BOARD_COMMAND_TO_RESULT_ELAPSED,1,SUCCESS,507,26,200,200,240495,2410,0.00241,,,
1,22,0x4e18d852,0xa08980df,FPGA_NORMAL_E1,ARTY_A7_100T_100MHZ,BOARD_COMMAND_TO_RESULT_ELAPSED,1,SUCCESS,507,15,37,37,57533,581,0.000581,,,
1,23,0xa035ceba,0x611de4c4,FPGA_NORMAL_E1,ARTY_A7_100T_100MHZ,BOARD_COMMAND_TO_RESULT_ELAPSED,1,SUCCESS,507,23,141,141,177183,1777,0.001777,,,
1,24,0xc2416ee4,0x7323f479,FPGA_NORMAL_E1,ARTY_A7_100T_100MHZ,BOARD_COMMAND_TO_RESULT_ELAPSED,1,SUCCESS,507,21,159,159,192097,1927,0.001927,,,
1,25,0xfbdafbdd,0xa0c0cf2f,FPGA_NORMAL_E1,ARTY_A7_100T_100MHZ,BOARD_COMMAND_TO_RESULT_ELAPSED,1,SUCCESS,507,25,210,210,250284,2508,0.002508,,,
1,26,0xa43fbf47,0x8de97b10,FPGA_NORMAL_E1,ARTY_A7_100T_100MHZ,BOARD_COMMAND_TO_RESULT_ELAPSED,1,SUCCESS,507,27,215,215,256978,2575,0.002575,,,
1,27,0x6811f7c1,0xcb07044a,FPGA_NORMAL_E1,ARTY_A7_100T_100MHZ,BOARD_COMMAND_TO_RESULT_ELAPSED,1,SUCCESS,507,24,174,174,211514,2120,0.00212,,,
1,28,0x610dde2c,0x8cf5deb9,FPGA_NORMAL_E1,ARTY_A7_100T_100MHZ,BOARD_COMMAND_TO_RESULT_ELAPSED,1,SUCCESS,507,25,256,256,297623,2981,0.002981,,,
1,29,0x82241b87,0xbbe27f39,FPGA_NORMAL_E1,ARTY_A7_100T_100MHZ,BOARD_COMMAND_TO_RESULT_ELAPSED,1,SUCCESS,507,21,133,133,164586,1650,0.00165,,,
1,30,0x48647490,0xea9551eb,FPGA_NORMAL_E1,ARTY_A7_100T_100MHZ,BOARD_COMMAND_TO_RESULT_ELAPSED,1,SUCCESS,507,19,63,63,89246,898,0.000898,,,
1,31,0x63df3b7f,0xa8b057e1,FPGA_NORMAL_E1,ARTY_A7_100T_100MHZ,BOARD_COMMAND_TO_RESULT_ELAPSED,1,SUCCESS,507,27,273,273,316979,3175,0.003175,,,
1,32,0x433125bb,0x3221fef0,FPGA_NORMAL_E1,ARTY_A7_100T_100MHZ,BOARD_COMMAND_TO_RESULT_ELAPSED,1,SUCCESS,507,22,93,93,124879,1254,0.001254,,,
1,33,0x7943be40,0x6641ee79,FPGA_NORMAL_E1,ARTY_A7_100T_100MHZ,BOARD_COMMAND_TO_RESULT_ELAPSED,1,SUCCESS,507,19,93,93,120166,1206,0.001206,,,
1,34,0x26c93252,0x675d2908,FPGA_NORMAL_E1,ARTY_A7_100T_100MHZ,BOARD_COMMAND_TO_RESULT_ELAPSED,1,SUCCESS,507,27,290,290,335300,3358,0.003358,,,
1,35,0xdbe3ed49,0xa7cfea56,FPGA_NORMAL_E1,ARTY_A7_100T_100MHZ,BOARD_COMMAND_TO_RESULT_ELAPSED,1,SUCCESS,507,16,40,40,62917,634,0.000634,,,
1,36,0xc2ec9bb4,0xbfc0ae9e,FPGA_NORMAL_E1,ARTY_A7_100T_100MHZ,BOARD_COMMAND_TO_RESULT_ELAPSED,1,SUCCESS,507,24,229,229,268747,2693,0.002693,,,
1,37,0xe7ec8559,0x307064ac,FPGA_NORMAL_E1,ARTY_A7_100T_100MHZ,BOARD_COMMAND_TO_RESULT_ELAPSED,1,SUCCESS,507,23,169,169,205114,2057,0.002057,,,
1,38,0xccb88b54,0x2cf00158,FPGA_NORMAL_E1,ARTY_A7_100T_100MHZ,BOARD_COMMAND_TO_RESULT_ELAPSED,1,SUCCESS,507,21,123,123,155349,1559,0.001559,,,
1,39,0xb512e6a4,0x2b9e708c,FPGA_NORMAL_E1,ARTY_A7_100T_100MHZ,BOARD_COMMAND_TO_RESULT_ELAPSED,1,SUCCESS,507,21,105,105,136869,1374,0.001374,,,
1,40,0x7e2c3d82,0xa69fb195,FPGA_NORMAL_E1,ARTY_A7_100T_100MHZ,BOARD_COMMAND_TO_RESULT_ELAPSED,1,SUCCESS,507,18,48,48,73269,737,0.000737,,,
1,41,0x58b3e5ad,0x23a21253,FPGA_NORMAL_E1,ARTY_A7_100T_100MHZ,BOARD_COMMAND_TO_RESULT_ELAPSED,1,SUCCESS,507,24,196,196,232935,2334,0.002334,,,
1,42,0x9a07c40b,0x3ea78d8c,FPGA_NORMAL_E1,ARTY_A7_100T_100MHZ,BOARD_COMMAND_TO_RESULT_ELAPSED,1,SUCCESS,507,21,126,126,158034,1586,0.001586,,,
1,43,0xf1f9a54b,0x7b00db61,FPGA_NORMAL_E1,ARTY_A7_100T_100MHZ,BOARD_COMMAND_TO_RESULT_ELAPSED,1,SUCCESS,507,28,252,252,297710,2982,0.002982,,,
1,44,0xfba6212d,0xb8b8356a,FPGA_NORMAL_E1,ARTY_A7_100T_100MHZ,BOARD_COMMAND_TO_RESULT_ELAPSED,1,SUCCESS,507,28,368,368,416564,4170,0.00417,,,
1,45,0x1ca60615,0xd753b84a,FPGA_NORMAL_E1,ARTY_A7_100T_100MHZ,BOARD_COMMAND_TO_RESULT_ELAPSED,1,SUCCESS,507,21,131,131,162206,1627,0.001627,,,
1,46,0xa085c93e,0x19b8504d,FPGA_NORMAL_E1,ARTY_A7_100T_100MHZ,BOARD_COMMAND_TO_RESULT_ELAPSED,1,SUCCESS,507,20,96,96,126679,1271,0.001271,,,
1,47,0x18190603,0xad0438b2,FPGA_NORMAL_E1,ARTY_A7_100T_100MHZ,BOARD_COMMAND_TO_RESULT_ELAPSED,1,SUCCESS,507,21,120,120,151510,1521,0.001521,,,
1,48,0xc1143c78,0xbbdab3cd,FPGA_NORMAL_E1,ARTY_A7_100T_100MHZ,BOARD_COMMAND_TO_RESULT_ELAPSED,1,SUCCESS,507,25,157,157,196349,1968,0.001968,,,
1,49,0x332063fc,0x222ba57c,FPGA_NORMAL_E1,ARTY_A7_100T_100MHZ,BOARD_COMMAND_TO_RESULT_ELAPSED,1,SUCCESS,507,23,148,148,184518,1851,0.001851,,,
1,50,0xd6f4066b,0xab9eb714,FPGA_NORMAL_E1,ARTY_A7_100T_100MHZ,BOARD_COMMAND_TO_RESULT_ELAPSED,1,SUCCESS,507,26,275,275,318062,3186,0.003186,,,
1,51,0x64b9628c,0x9cd8b518,FPGA_NORMAL_E1,ARTY_A7_100T_100MHZ,BOARD_COMMAND_TO_RESULT_ELAPSED,1,SUCCESS,507,22,122,122,154658,1552,0.001552,,,
1,52,0x894e6771,0x8a255c2e,FPGA_NORMAL_E1,ARTY_A7_100T_100MHZ,BOARD_COMMAND_TO_RESULT_ELAPSED,1,SUCCESS,507,26,256,256,299850,3002,0.003002,,,
1,53,0xe3e668e8,0xff1f20c3,FPGA_NORMAL_E1,ARTY_A7_100T_100MHZ,BOARD_COMMAND_TO_RESULT_ELAPSED,1,SUCCESS,507,24,167,167,204667,2052,0.002052,,,
1,54,0x36980406,0xfbdbfa61,FPGA_NORMAL_E1,ARTY_A7_100T_100MHZ,BOARD_COMMAND_TO_RESULT_ELAPSED,1,SUCCESS,507,25,283,283,326184,3266,0.003266,,,
1,55,0x114d2b4a,0xa617ad4e,FPGA_NORMAL_E1,ARTY_A7_100T_100MHZ,BOARD_COMMAND_TO_RESULT_ELAPSED,1,SUCCESS,507,26,269,269,311968,3124,0.003124,,,
1,56,0x3b8907e1,0x0c6cbd10,FPGA_NORMAL_E1,ARTY_A7_100T_100MHZ,BOARD_COMMAND_TO_RESULT_ELAPSED,1,SUCCESS,507,23,142,142,177142,1777,0.001777,,,
1,57,0x2cd09c1d,0x964fb1a7,FPGA_NORMAL_E1,ARTY_A7_100T_100MHZ,BOARD_COMMAND_TO_RESULT_ELAPSED,1,SUCCESS,507,24,241,241,280503,2810,0.00281,,,
1,58,0x6d7a8604,0xbd6f99c6,FPGA_NORMAL_E1,ARTY_A7_100T_100MHZ,BOARD_COMMAND_TO_RESULT_ELAPSED,1,SUCCESS,507,28,369,369,419043,4196,0.004196,,,
1,59,0x1fadaf42,0x60010aa3,FPGA_NORMAL_E1,ARTY_A7_100T_100MHZ,BOARD_COMMAND_TO_RESULT_ELAPSED,1,SUCCESS,507,24,141,141,178621,1791,0.001791,,,
1,60,0x92fe7cfd,0xb54e2773,FPGA_NORMAL_E1,ARTY_A7_100T_100MHZ,BOARD_COMMAND_TO_RESULT_ELAPSED,1,SUCCESS,507,21,135,135,167196,1677,0.001677,,,
1,61,0x1aecb060,0x9c545eba,FPGA_NORMAL_E1,ARTY_A7_100T_100MHZ,BOARD_COMMAND_TO_RESULT_ELAPSED,1,SUCCESS,507,27,306,306,353849,3544,0.003544,,,
1,62,0x91778cc3,0xbd1d1bc0,FPGA_NORMAL_E1,ARTY_A7_100T_100MHZ,BOARD_COMMAND_TO_RESULT_ELAPSED,1,SUCCESS,507,24,196,196,233962,2344,0.002344,,,
1,63,0xe6b7e7eb,0xd542988e,FPGA_NORMAL_E1,ARTY_A7_100T_100MHZ,BOARD_COMMAND_TO_RESULT_ELAPSED,1,SUCCESS,507,19,67,67,95262,958,0.000958,,,
1,64,0x6770144c,0xd2d3c6e7,FPGA_NORMAL_E1,ARTY_A7_100T_100MHZ,BOARD_COMMAND_TO_RESULT_ELAPSED,1,SUCCESS,507,23,129,129,162058,1625,0.001625,,,
1,65,0xc600a248,0x0a1e0844,FPGA_NORMAL_E1,ARTY_A7_100T_100MHZ,BOARD_COMMAND_TO_RESULT_ELAPSED,1,SUCCESS,507,26,277,277,320682,3211,0.003211,,,
1,66,0x1ea4f830,0x2ef0f28e,FPGA_NORMAL_E1,ARTY_A7_100T_100MHZ,BOARD_COMMAND_TO_RESULT_ELAPSED,1,SUCCESS,507,15,45,45,65685,661,0.000661,,,
1,67,0x639604f3,0x7fe04f83,FPGA_NORMAL_E1,ARTY_A7_100T_100MHZ,BOARD_COMMAND_TO_RESULT_ELAPSED,1,SUCCESS,507,22,105,105,137877,1383,0.001383,,,
1,68,0x6e084a84,0xb643b17e,FPGA_NORMAL_E1,ARTY_A7_100T_100MHZ,BOARD_COMMAND_TO_RESULT_ELAPSED,1,SUCCESS,507,26,239,239,281839,2824,0.002824,,,
1,69,0x3d7fc476,0x467d7a44,FPGA_NORMAL_E1,ARTY_A7_100T_100MHZ,BOARD_COMMAND_TO_RESULT_ELAPSED,1,SUCCESS,507,23,160,160,195033,1955,0.001955,,,
1,70,0xedca3875,0xefade11e,FPGA_NORMAL_E1,ARTY_A7_100T_100MHZ,BOARD_COMMAND_TO_RESULT_ELAPSED,1,SUCCESS,507,26,243,243,284702,2853,0.002853,,,
1,71,0xb883121d,0x095c678c,FPGA_NORMAL_E1,ARTY_A7_100T_100MHZ,BOARD_COMMAND_TO_RESULT_ELAPSED,1,SUCCESS,507,25,235,235,276120,2766,0.002766,,,
1,72,0xace22797,0xbc422a9a,FPGA_NORMAL_E1,ARTY_A7_100T_100MHZ,BOARD_COMMAND_TO_RESULT_ELAPSED,1,SUCCESS,507,12,15,15,30721,312,0.000312,,,
1,73,0xefd3172d,0x8c2c3233,FPGA_NORMAL_E1,ARTY_A7_100T_100MHZ,BOARD_COMMAND_TO_RESULT_ELAPSED,1,SUCCESS,507,19,49,49,76037,765,0.000765,,,
1,74,0xe6aacdb5,0x7f1c158a,FPGA_NORMAL_E1,ARTY_A7_100T_100MHZ,BOARD_COMMAND_TO_RESULT_ELAPSED,1,SUCCESS,507,23,212,212,248822,2493,0.002493,,,
1,75,0x6566c598,0xca804b00,FPGA_NORMAL_E1,ARTY_A7_100T_100MHZ,BOARD_COMMAND_TO_RESULT_ELAPSED,1,SUCCESS,507,15,42,42,63269,637,0.000637,,,
1,76,0x4e646d9d,0xcbae5ac0,FPGA_NORMAL_E1,ARTY_A7_100T_100MHZ,BOARD_COMMAND_TO_RESULT_ELAPSED,1,SUCCESS,507,17,64,64,87825,884,0.000884,,,
1,77,0x05d81d6f,0x260c4013,FPGA_NORMAL_E1,ARTY_A7_100T_100MHZ,BOARD_COMMAND_TO_RESULT_ELAPSED,1,SUCCESS,507,22,113,113,144893,1455,0.001455,,,
1,78,0x2018f6a3,0x5728c7f4,FPGA_NORMAL_E1,ARTY_A7_100T_100MHZ,BOARD_COMMAND_TO_RESULT_ELAPSED,1,SUCCESS,507,31,430,430,485009,4854,0.004854,,,
1,79,0x718ebf0c,0x4d7d460c,FPGA_NORMAL_E1,ARTY_A7_100T_100MHZ,BOARD_COMMAND_TO_RESULT_ELAPSED,1,SUCCESS,507,24,138,138,174729,1752,0.001752,,,
1,80,0x042a8f17,0x2093b3f4,FPGA_NORMAL_E1,ARTY_A7_100T_100MHZ,BOARD_COMMAND_TO_RESULT_ELAPSED,1,SUCCESS,507,27,381,381,428936,4294,0.004294,,,
1,81,0xfc1c775d,0x35bd20f1,FPGA_NORMAL_E1,ARTY_A7_100T_100MHZ,BOARD_COMMAND_TO_RESULT_ELAPSED,1,SUCCESS,507,28,300,300,345773,3463,0.003463,,,
1,82,0x16b93b63,0x7d609ba5,FPGA_NORMAL_E1,ARTY_A7_100T_100MHZ,BOARD_COMMAND_TO_RESULT_ELAPSED,1,SUCCESS,507,27,336,336,383045,3836,0.003836,,,
1,83,0x8ce1028e,0xb152e7ef,FPGA_NORMAL_E1,ARTY_A7_100T_100MHZ,BOARD_COMMAND_TO_RESULT_ELAPSED,1,SUCCESS,507,20,110,110,140840,1413,0.001413,,,
1,84,0x87bad980,0x7dbefa97,FPGA_NORMAL_E1,ARTY_A7_100T_100MHZ,BOARD_COMMAND_TO_RESULT_ELAPSED,1,SUCCESS,507,26,277,277,321107,3216,0.003216,,,
1,85,0xd63d86f3,0xf5399cca,FPGA_NORMAL_E1,ARTY_A7_100T_100MHZ,BOARD_COMMAND_TO_RESULT_ELAPSED,1,SUCCESS,507,22,145,145,179138,1795,0.001795,,,
1,86,0xeeaba102,0x01560fc0,FPGA_NORMAL_E1,ARTY_A7_100T_100MHZ,BOARD_COMMAND_TO_RESULT_ELAPSED,1,SUCCESS,507,24,200,200,238799,2393,0.002393,,,
1,87,0xc1fee4bb,0xc7e12d58,FPGA_NORMAL_E1,ARTY_A7_100T_100MHZ,BOARD_COMMAND_TO_RESULT_ELAPSED,1,SUCCESS,507,23,191,191,227681,2282,0.002282,,,
1,88,0x0707c9da,0xf644a3f9,FPGA_NORMAL_E1,ARTY_A7_100T_100MHZ,BOARD_COMMAND_TO_RESULT_ELAPSED,1,SUCCESS,507,24,199,199,236783,2372,0.002372,,,
1,89,0xde0d9c30,0x58a2ee8f,FPGA_NORMAL_E1,ARTY_A7_100T_100MHZ,BOARD_COMMAND_TO_RESULT_ELAPSED,1,SUCCESS,507,16,41,41,63981,645,0.000645,,,
1,90,0x7cd0efc7,0x9f385cfb,FPGA_NORMAL_E1,ARTY_A7_100T_100MHZ,BOARD_COMMAND_TO_RESULT_ELAPSED,1,SUCCESS,507,24,174,174,212124,2126,0.002126,,,
1,91,0xe4cb50a6,0x94d13729,FPGA_NORMAL_E1,ARTY_A7_100T_100MHZ,BOARD_COMMAND_TO_RESULT_ELAPSED,1,SUCCESS,507,17,53,53,77449,780,0.00078,,,
1,92,0xa0882219,0x18f75d24,FPGA_NORMAL_E1,ARTY_A7_100T_100MHZ,BOARD_COMMAND_TO_RESULT_ELAPSED,1,SUCCESS,507,20,86,86,115216,1157,0.001157,,,
1,93,0xc435e6f2,0xf75a52bc,FPGA_NORMAL_E1,ARTY_A7_100T_100MHZ,BOARD_COMMAND_TO_RESULT_ELAPSED,1,SUCCESS,507,23,192,192,229078,2296,0.002296,,,
1,94,0x011b63f0,0x0aa34346,FPGA_NORMAL_E1,ARTY_A7_100T_100MHZ,BOARD_COMMAND_TO_RESULT_ELAPSED,1,SUCCESS,507,18,62,62,87060,876,0.000876,,,
1,95,0x1b456e77,0xee460f94,FPGA_NORMAL_E1,ARTY_A7_100T_100MHZ,BOARD_COMMAND_TO_RESULT_ELAPSED,1,SUCCESS,507,20,75,75,104174,1047,0.001047,,,
1,96,0x10088608,0xef418331,FPGA_NORMAL_E1,ARTY_A7_100T_100MHZ,BOARD_COMMAND_TO_RESULT_ELAPSED,1,SUCCESS,507,24,183,183,219976,2205,0.002205,,,
1,97,0x6fcfc352,0xf8fa9f4c,FPGA_NORMAL_E1,ARTY_A7_100T_100MHZ,BOARD_COMMAND_TO_RESULT_ELAPSED,1,SUCCESS,507,21,102,102,133055,1335,0.001335,,,
1,98,0xfb6077af,0x713595a9,FPGA_NORMAL_E1,ARTY_A7_100T_100MHZ,BOARD_COMMAND_TO_RESULT_ELAPSED,1,SUCCESS,507,20,102,102,131417,1319,0.001319,,,
1,99,0xc6ebb72e,0x08fdf109,FPGA_NORMAL_E1,ARTY_A7_100T_100MHZ,BOARD_COMMAND_TO_RESULT_ELAPSED,1,SUCCESS,507,27,263,263,306652,3072,0.003072,,,
4,0,0x7b1dcdaf,0x24370df2,FPGA_NORMAL_E1,ARTY_A7_100T_100MHZ,BOARD_COMMAND_TO_RESULT_ELAPSED,1,SUCCESS,8685,21,119,119,150988,1514,0.001514,,,
4,1,0x3a85a4dc,0xa3b9aa35,FPGA_NORMAL_E1,ARTY_A7_100T_100MHZ,BOARD_COMMAND_TO_RESULT_ELAPSED,1,SUCCESS,8685,23,132,132,166333,1668,0.001668,,,
4,2,0x6162a8b2,0x871c276f,FPGA_NORMAL_E1,ARTY_A7_100T_100MHZ,BOARD_COMMAND_TO_RESULT_ELAPSED,1,SUCCESS,2852,19,89,89,116848,1173,0.001173,,,
4,3,0xc3adc34e,0xf5b8f22b,FPGA_NORMAL_E1,ARTY_A7_100T_100MHZ,BOARD_COMMAND_TO_RESULT_ELAPSED,1,SUCCESS,2852,20,101,101,131489,1320,0.00132,,,
4,4,0x2bb073ff,0x3f8396e3,FPGA_NORMAL_E1,ARTY_A7_100T_100MHZ,BOARD_COMMAND_TO_RESULT_ELAPSED,1,SUCCESS,4724,16,47,47,69648,703,0.000703,,,
4,5,0xda585ab3,0xa7197ad7,FPGA_NORMAL_E1,ARTY_A7_100T_100MHZ,BOARD_COMMAND_TO_RESULT_ELAPSED,1,SUCCESS,2852,20,72,72,100632,1012,0.001012,,,
4,6,0x0ed109c0,0x5701ce52,FPGA_NORMAL_E1,ARTY_A7_100T_100MHZ,BOARD_COMMAND_TO_RESULT_ELAPSED,1,SUCCESS,507,9,14,14,26206,268,0.000268,,,
4,7,0x102ecf73,0x53c7612b,FPGA_NORMAL_E1,ARTY_A7_100T_100MHZ,BOARD_COMMAND_TO_RESULT_ELAPSED,1,SUCCESS,507,21,112,112,142991,1435,0.001435,,,
4,8,0xcf29b6a1,0x35231a84,FPGA_NORMAL_E1,ARTY_A7_100T_100MHZ,BOARD_COMMAND_TO_RESULT_ELAPSED,1,SUCCESS,2852,15,40,40,61637,621,0.000621,,,
4,9,0xc49cbb42,0xd0a3bbb8,FPGA_NORMAL_E1,ARTY_A7_100T_100MHZ,BOARD_COMMAND_TO_RESULT_ELAPSED,1,SUCCESS,2852,23,94,94,128469,1290,0.00129,,,
4,10,0x4cc51d23,0xee0e3ab4,FPGA_NORMAL_E1,ARTY_A7_100T_100MHZ,BOARD_COMMAND_TO_RESULT_ELAPSED,1,SUCCESS,2852,19,65,65,91813,923,0.000923,,,
4,11,0xf9e8aa7a,0x3208c31a,FPGA_NORMAL_E1,ARTY_A7_100T_100MHZ,BOARD_COMMAND_TO_RESULT_ELAPSED,1,SUCCESS,4724,15,41,41,61820,623,0.000623,,,
4,12,0xdda8b051,0xc8105c9d,FPGA_NORMAL_E1,ARTY_A7_100T_100MHZ,BOARD_COMMAND_TO_RESULT_ELAPSED,1,SUCCESS,507,18,42,42,66692,672,0.000672,,,
4,13,0xabfb11bf,0xf5dec75e,FPGA_NORMAL_E1,ARTY_A7_100T_100MHZ,BOARD_COMMAND_TO_RESULT_ELAPSED,1,SUCCESS,2852,22,128,128,163120,1636,0.001636,,,
4,14,0x20639811,0x6b6a7c47,FPGA_NORMAL_E1,ARTY_A7_100T_100MHZ,BOARD_COMMAND_TO_RESULT_ELAPSED,1,SUCCESS,4724,17,59,59,84563,851,0.000851,,,
4,15,0xac72acd2,0xca84bc6c,FPGA_NORMAL_E1,ARTY_A7_100T_100MHZ,BOARD_COMMAND_TO_RESULT_ELAPSED,1,SUCCESS,8685,21,85,85,116045,1166,0.001166,,,
4,16,0x49a2da79,0xe1376725,FPGA_NORMAL_E1,ARTY_A7_100T_100MHZ,BOARD_COMMAND_TO_RESULT_ELAPSED,1,SUCCESS,2852,21,116,116,148264,1488,0.001488,,,
4,17,0x63a4e9d7,0x6166dba4,FPGA_NORMAL_E1,ARTY_A7_100T_100MHZ,BOARD_COMMAND_TO_RESULT_ELAPSED,1,SUCCESS,507,24,121,121,156681,1572,0.001572,,,
4,18,0x8983f102,0x43fb6183,FPGA_NORMAL_E1,ARTY_A7_100T_100MHZ,BOARD_COMMAND_TO_RESULT_ELAPSED,1,SUCCESS,8685,22,116,116,149331,1499,0.001499,,,
4,19,0xb671aa78,0xc97ad8a2,FPGA_NORMAL_E1,ARTY_A7_100T_100MHZ,BOARD_COMMAND_TO_RESULT_ELAPSED,1,SUCCESS,507,21,82,82,112747,1132,0.001132,,,
4,20,0xdaeb566a,0x989e5b3d,FPGA_NORMAL_E1,ARTY_A7_100T_100MHZ,BOARD_COMMAND_TO_RESULT_ELAPSED,1,SUCCESS,507,22,112,112,146109,1465,0.001465,,,
4,21,0xf6181c00,0xa345ac4b,FPGA_NORMAL_E1,ARTY_A7_100T_100MHZ,BOARD_COMMAND_TO_RESULT_ELAPSED,1,SUCCESS,2852,9,4,4,16441,170,0.00017,,,
4,22,0x4e18d852,0xa08980df,FPGA_NORMAL_E1,ARTY_A7_100T_100MHZ,BOARD_COMMAND_TO_RESULT_ELAPSED,1,SUCCESS,507,15,37,37,57588,581,0.000581,,,
4,23,0xa035ceba,0x611de4c4,FPGA_NORMAL_E1,ARTY_A7_100T_100MHZ,BOARD_COMMAND_TO_RESULT_ELAPSED,1,SUCCESS,8685,12,21,21,39230,398,0.000398,,,
4,24,0xc2416ee4,0x7323f479,FPGA_NORMAL_E1,ARTY_A7_100T_100MHZ,BOARD_COMMAND_TO_RESULT_ELAPSED,1,SUCCESS,8685,9,14,14,25923,265,0.000265,,,
4,25,0xfbdafbdd,0xa0c0cf2f,FPGA_NORMAL_E1,ARTY_A7_100T_100MHZ,BOARD_COMMAND_TO_RESULT_ELAPSED,1,SUCCESS,4724,19,77,77,104813,1053,0.001053,,,
4,26,0xa43fbf47,0x8de97b10,FPGA_NORMAL_E1,ARTY_A7_100T_100MHZ,BOARD_COMMAND_TO_RESULT_ELAPSED,1,SUCCESS,2852,21,83,83,112701,1132,0.001132,,,
4,27,0x6811f7c1,0xcb07044a,FPGA_NORMAL_E1,ARTY_A7_100T_100MHZ,BOARD_COMMAND_TO_RESULT_ELAPSED,1,SUCCESS,507,19,77,77,105167,1056,0.001056,,,
4,28,0x610dde2c,0x8cf5deb9,FPGA_NORMAL_E1,ARTY_A7_100T_100MHZ,BOARD_COMMAND_TO_RESULT_ELAPSED,1,SUCCESS,2852,23,142,142,177051,1775,0.001775,,,
4,29,0x82241b87,0xbbe27f39,FPGA_NORMAL_E1,ARTY_A7_100T_100MHZ,BOARD_COMMAND_TO_RESULT_ELAPSED,1,SUCCESS,2852,18,62,62,87728,882,0.000882,,,
4,30,0x48647490,0xea9551eb,FPGA_NORMAL_E1,ARTY_A7_100T_100MHZ,BOARD_COMMAND_TO_RESULT_ELAPSED,1,SUCCESS,2852,20,80,80,108228,1087,0.001087,,,
4,31,0x63df3b7f,0xa8b057e1,FPGA_NORMAL_E1,ARTY_A7_100T_100MHZ,BOARD_COMMAND_TO_RESULT_ELAPSED,1,SUCCESS,4724,10,14,14,28285,288,0.000288,,,
4,32,0x433125bb,0x3221fef0,FPGA_NORMAL_E1,ARTY_A7_100T_100MHZ,BOARD_COMMAND_TO_RESULT_ELAPSED,1,SUCCESS,4724,21,70,70,99583,1001,0.001001,,,
4,33,0x7943be40,0x6641ee79,FPGA_NORMAL_E1,ARTY_A7_100T_100MHZ,BOARD_COMMAND_TO_RESULT_ELAPSED,1,SUCCESS,8685,20,98,98,126787,1273,0.001273,,,
4,34,0x26c93252,0x675d2908,FPGA_NORMAL_E1,ARTY_A7_100T_100MHZ,BOARD_COMMAND_TO_RESULT_ELAPSED,1,SUCCESS,8685,11,17,17,32237,328,0.000328,,,
4,35,0xdbe3ed49,0xa7cfea56,FPGA_NORMAL_E1,ARTY_A7_100T_100MHZ,BOARD_COMMAND_TO_RESULT_ELAPSED,1,SUCCESS,8685,18,73,73,100140,1007,0.001007,,,
4,36,0xc2ec9bb4,0xbfc0ae9e,FPGA_NORMAL_E1,ARTY_A7_100T_100MHZ,BOARD_COMMAND_TO_RESULT_ELAPSED,1,SUCCESS,4724,17,47,47,71799,723,0.000723,,,
4,37,0xe7ec8559,0x307064ac,FPGA_NORMAL_E1,ARTY_A7_100T_100MHZ,BOARD_COMMAND_TO_RESULT_ELAPSED,1,SUCCESS,507,20,85,85,114074,1146,0.001146,,,
4,38,0xccb88b54,0x2cf00158,FPGA_NORMAL_E1,ARTY_A7_100T_100MHZ,BOARD_COMMAND_TO_RESULT_ELAPSED,1,SUCCESS,8685,16,54,54,77410,780,0.00078,,,
4,39,0xb512e6a4,0x2b9e708c,FPGA_NORMAL_E1,ARTY_A7_100T_100MHZ,BOARD_COMMAND_TO_RESULT_ELAPSED,1,SUCCESS,4724,18,71,71,97570,980,0.00098,,,
4,40,0x7e2c3d82,0xa69fb195,FPGA_NORMAL_E1,ARTY_A7_100T_100MHZ,BOARD_COMMAND_TO_RESULT_ELAPSED,1,SUCCESS,507,18,48,48,73243,737,0.000737,,,
4,41,0x58b3e5ad,0x23a21253,FPGA_NORMAL_E1,ARTY_A7_100T_100MHZ,BOARD_COMMAND_TO_RESULT_ELAPSED,1,SUCCESS,2852,12,14,14,30262,307,0.000307,,,
4,42,0x9a07c40b,0x3ea78d8c,FPGA_NORMAL_E1,ARTY_A7_100T_100MHZ,BOARD_COMMAND_TO_RESULT_ELAPSED,1,SUCCESS,2852,15,34,34,55190,556,0.000556,,,
4,43,0xf1f9a54b,0x7b00db61,FPGA_NORMAL_E1,ARTY_A7_100T_100MHZ,BOARD_COMMAND_TO_RESULT_ELAPSED,1,SUCCESS,4724,19,98,98,126751,1272,0.001272,,,
4,44,0xfba6212d,0xb8b8356a,FPGA_NORMAL_E1,ARTY_A7_100T_100MHZ,BOARD_COMMAND_TO_RESULT_ELAPSED,1,SUCCESS,2852,21,123,123,154178,1548,0.001548,,,
4,45,0x1ca60615,0xd753b84a,FPGA_NORMAL_E1,ARTY_A7_100T_100MHZ,BOARD_COMMAND_TO_RESULT_ELAPSED,1,SUCCESS,2852,20,102,102,131137,1317,0.001317,,,
4,46,0xa085c93e,0x19b8504d,FPGA_NORMAL_E1,ARTY_A7_100T_100MHZ,BOARD_COMMAND_TO_RESULT_ELAPSED,1,SUCCESS,507,18,68,68,95055,955,0.000955,,,
4,47,0x18190603,0xad0438b2,FPGA_NORMAL_E1,ARTY_A7_100T_100MHZ,BOARD_COMMAND_TO_RESULT_ELAPSED,1,SUCCESS,8685,19,76,76,103540,1040,0.00104,,,
4,48,0xc1143c78,0xbbdab3cd,FPGA_NORMAL_E1,ARTY_A7_100T_100MHZ,BOARD_COMMAND_TO_RESULT_ELAPSED,1,SUCCESS,2852,22,95,95,128273,1289,0.001289,,,
4,49,0x332063fc,0x222ba57c,FPGA_NORMAL_E1,ARTY_A7_100T_100MHZ,BOARD_COMMAND_TO_RESULT_ELAPSED,1,SUCCESS,507,16,44,44,67739,681,0.000681,,,
4,50,0xd6f4066b,0xab9eb714,FPGA_NORMAL_E1,ARTY_A7_100T_100MHZ,BOARD_COMMAND_TO_RESULT_ELAPSED,1,SUCCESS,8685,12,9,9,24503,251,0.000251,,,
4,51,0x64b9628c,0x9cd8b518,FPGA_NORMAL_E1,ARTY_A7_100T_100MHZ,BOARD_COMMAND_TO_RESULT_ELAPSED,1,SUCCESS,4724,21,111,111,141652,1421,0.001421,,,
4,52,0x894e6771,0x8a255c2e,FPGA_NORMAL_E1,ARTY_A7_100T_100MHZ,BOARD_COMMAND_TO_RESULT_ELAPSED,1,SUCCESS,2852,18,73,73,100528,1010,0.00101,,,
4,53,0xe3e668e8,0xff1f20c3,FPGA_NORMAL_E1,ARTY_A7_100T_100MHZ,BOARD_COMMAND_TO_RESULT_ELAPSED,1,SUCCESS,4724,20,77,77,106603,1071,0.001071,,,
4,54,0x36980406,0xfbdbfa61,FPGA_NORMAL_E1,ARTY_A7_100T_100MHZ,BOARD_COMMAND_TO_RESULT_ELAPSED,1,SUCCESS,2852,24,217,217,256701,2571,0.002571,,,
4,55,0x114d2b4a,0xa617ad4e,FPGA_NORMAL_E1,ARTY_A7_100T_100MHZ,BOARD_COMMAND_TO_RESULT_ELAPSED,1,SUCCESS,507,23,124,124,158370,1589,0.001589,,,
4,56,0x3b8907e1,0x0c6cbd10,FPGA_NORMAL_E1,ARTY_A7_100T_100MHZ,BOARD_COMMAND_TO_RESULT_ELAPSED,1,SUCCESS,8685,19,59,59,86323,868,0.000868,,,
4,57,0x2cd09c1d,0x964fb1a7,FPGA_NORMAL_E1,ARTY_A7_100T_100MHZ,BOARD_COMMAND_TO_RESULT_ELAPSED,1,SUCCESS,4724,22,166,166,199795,2003,0.002003,,,
4,58,0x6d7a8604,0xbd6f99c6,FPGA_NORMAL_E1,ARTY_A7_100T_100MHZ,BOARD_COMMAND_TO_RESULT_ELAPSED,1,SUCCESS,507,21,97,97,128951,1295,0.001295,,,
4,59,0x1fadaf42,0x60010aa3,FPGA_NORMAL_E1,ARTY_A7_100T_100MHZ,BOARD_COMMAND_TO_RESULT_ELAPSED,1,SUCCESS,2852,20,86,86,116331,1168,0.001168,,,
4,60,0x92fe7cfd,0xb54e2773,FPGA_NORMAL_E1,ARTY_A7_100T_100MHZ,BOARD_COMMAND_TO_RESULT_ELAPSED,1,SUCCESS,507,18,84,84,110596,1111,0.001111,,,
4,61,0x1aecb060,0x9c545eba,FPGA_NORMAL_E1,ARTY_A7_100T_100MHZ,BOARD_COMMAND_TO_RESULT_ELAPSED,1,SUCCESS,507,22,123,123,157878,1584,0.001584,,,
4,62,0x91778cc3,0xbd1d1bc0,FPGA_NORMAL_E1,ARTY_A7_100T_100MHZ,BOARD_COMMAND_TO_RESULT_ELAPSED,1,SUCCESS,2852,23,153,153,188939,1895,0.001895,,,
4,63,0xe6b7e7eb,0xd542988e,FPGA_NORMAL_E1,ARTY_A7_100T_100MHZ,BOARD_COMMAND_TO_RESULT_ELAPSED,1,SUCCESS,2852,18,54,54,80512,810,0.00081,,,
4,64,0x6770144c,0xd2d3c6e7,FPGA_NORMAL_E1,ARTY_A7_100T_100MHZ,BOARD_COMMAND_TO_RESULT_ELAPSED,1,SUCCESS,507,19,64,64,90296,907,0.000907,,,
4,65,0xc600a248,0x0a1e0844,FPGA_NORMAL_E1,ARTY_A7_100T_100MHZ,BOARD_COMMAND_TO_RESULT_ELAPSED,1,SUCCESS,8685,23,131,131,165639,1661,0.001661,,,
4,66,0x1ea4f830,0x2ef0f28e,FPGA_NORMAL_E1,ARTY_A7_100T_100MHZ,BOARD_COMMAND_TO_RESULT_ELAPSED,1,SUCCESS,4724,25,172,172,210214,2107,0.002107,,,
4,67,0x639604f3,0x7fe04f83,FPGA_NORMAL_E1,ARTY_A7_100T_100MHZ,BOARD_COMMAND_TO_RESULT_ELAPSED,1,SUCCESS,8685,16,30,30,51937,524,0.000524,,,
4,68,0x6e084a84,0xb643b17e,FPGA_NORMAL_E1,ARTY_A7_100T_100MHZ,BOARD_COMMAND_TO_RESULT_ELAPSED,1,SUCCESS,2852,21,81,81,112011,1126,0.001126,,,
4,69,0x3d7fc476,0x467d7a44,FPGA_NORMAL_E1,ARTY_A7_100T_100MHZ,BOARD_COMMAND_TO_RESULT_ELAPSED,1,SUCCESS,8685,22,106,106,138370,1388,0.001388,,,
4,70,0xedca3875,0xefade11e,FPGA_NORMAL_E1,ARTY_A7_100T_100MHZ,BOARD_COMMAND_TO_RESULT_ELAPSED,1,SUCCESS,2852,23,119,119,152915,1535,0.001535,,,
4,71,0xb883121d,0x095c678c,FPGA_NORMAL_E1,ARTY_A7_100T_100MHZ,BOARD_COMMAND_TO_RESULT_ELAPSED,1,SUCCESS,2852,22,124,124,158032,1585,0.001585,,,
4,72,0xace22797,0xbc422a9a,FPGA_NORMAL_E1,ARTY_A7_100T_100MHZ,BOARD_COMMAND_TO_RESULT_ELAPSED,1,SUCCESS,507,12,15,15,30721,312,0.000312,,,
4,73,0xefd3172d,0x8c2c3233,FPGA_NORMAL_E1,ARTY_A7_100T_100MHZ,BOARD_COMMAND_TO_RESULT_ELAPSED,1,SUCCESS,2852,20,66,66,94930,955,0.000955,,,
4,74,0xe6aacdb5,0x7f1c158a,FPGA_NORMAL_E1,ARTY_A7_100T_100MHZ,BOARD_COMMAND_TO_RESULT_ELAPSED,1,SUCCESS,507,21,145,145,176847,1774,0.001774,,,
4,75,0x6566c598,0xca804b00,FPGA_NORMAL_E1,ARTY_A7_100T_100MHZ,BOARD_COMMAND_TO_RESULT_ELAPSED,1,SUCCESS,2852,9,9,9,21699,222,0.000222,,,
4,76,0x4e646d9d,0xcbae5ac0,FPGA_NORMAL_E1,ARTY_A7_100T_100MHZ,BOARD_COMMAND_TO_RESULT_ELAPSED,1,SUCCESS,2852,16,47,47,69222,698,0.000698,,,
4,77,0x05d81d6f,0x260c4013,FPGA_NORMAL_E1,ARTY_A7_100T_100MHZ,BOARD_COMMAND_TO_RESULT_ELAPSED,1,SUCCESS,507,18,67,67,91989,925,0.000925,,,
4,78,0x2018f6a3,0x5728c7f4,FPGA_NORMAL_E1,ARTY_A7_100T_100MHZ,BOARD_COMMAND_TO_RESULT_ELAPSED,1,SUCCESS,4724,25,177,177,216290,2169,0.002169,,,
4,79,0x718ebf0c,0x4d7d460c,FPGA_NORMAL_E1,ARTY_A7_100T_100MHZ,BOARD_COMMAND_TO_RESULT_ELAPSED,1,SUCCESS,2852,22,90,90,122665,1232,0.001232,,,
4,80,0x042a8f17,0x2093b3f4,FPGA_NORMAL_E1,ARTY_A7_100T_100MHZ,BOARD_COMMAND_TO_RESULT_ELAPSED,1,SUCCESS,8685,24,175,175,212589,2131,0.002131,,,
4,81,0xfc1c775d,0x35bd20f1,FPGA_NORMAL_E1,ARTY_A7_100T_100MHZ,BOARD_COMMAND_TO_RESULT_ELAPSED,1,SUCCESS,8685,9,12,12,24206,247,0.000247,,,
4,82,0x16b93b63,0x7d609ba5,FPGA_NORMAL_E1,ARTY_A7_100T_100MHZ,BOARD_COMMAND_TO_RESULT_ELAPSED,1,SUCCESS,8685,12,18,18,35140,356,0.000356,,,
4,83,0x8ce1028e,0xb152e7ef,FPGA_NORMAL_E1,ARTY_A7_100T_100MHZ,BOARD_COMMAND_TO_RESULT_ELAPSED,1,SUCCESS,8685,14,23,23,42795,434,0.000434,,,
4,84,0x87bad980,0x7dbefa97,FPGA_NORMAL_E1,ARTY_A7_100T_100MHZ,BOARD_COMMAND_TO_RESULT_ELAPSED,1,SUCCESS,4724,21,132,132,164715,1652,0.001652,,,
4,85,0xd63d86f3,0xf5399cca,FPGA_NORMAL_E1,ARTY_A7_100T_100MHZ,BOARD_COMMAND_TO_RESULT_ELAPSED,1,SUCCESS,4724,20,91,91,120471,1209,0.001209,,,
4,86,0xeeaba102,0x01560fc0,FPGA_NORMAL_E1,ARTY_A7_100T_100MHZ,BOARD_COMMAND_TO_RESULT_ELAPSED,1,SUCCESS,8685,21,91,91,122028,1225,0.001225,,,
4,87,0xc1fee4bb,0xc7e12d58,FPGA_NORMAL_E1,ARTY_A7_100T_100MHZ,BOARD_COMMAND_TO_RESULT_ELAPSED,1,SUCCESS,4724,19,89,89,117055,1176,0.001176,,,
4,88,0x0707c9da,0xf644a3f9,FPGA_NORMAL_E1,ARTY_A7_100T_100MHZ,BOARD_COMMAND_TO_RESULT_ELAPSED,1,SUCCESS,8685,16,48,48,70502,710,0.00071,,,
4,89,0xde0d9c30,0x58a2ee8f,FPGA_NORMAL_E1,ARTY_A7_100T_100MHZ,BOARD_COMMAND_TO_RESULT_ELAPSED,1,SUCCESS,507,16,41,41,63995,646,0.000646,,,
4,90,0x7cd0efc7,0x9f385cfb,FPGA_NORMAL_E1,ARTY_A7_100T_100MHZ,BOARD_COMMAND_TO_RESULT_ELAPSED,1,SUCCESS,8685,18,54,54,79966,804,0.000804,,,
4,91,0xe4cb50a6,0x94d13729,FPGA_NORMAL_E1,ARTY_A7_100T_100MHZ,BOARD_COMMAND_TO_RESULT_ELAPSED,1,SUCCESS,507,17,53,53,77405,780,0.00078,,,
4,92,0xa0882219,0x18f75d24,FPGA_NORMAL_E1,ARTY_A7_100T_100MHZ,BOARD_COMMAND_TO_RESULT_ELAPSED,1,SUCCESS,2852,11,13,13,28218,287,0.000287,,,
4,93,0xc435e6f2,0xf75a52bc,FPGA_NORMAL_E1,ARTY_A7_100T_100MHZ,BOARD_COMMAND_TO_RESULT_ELAPSED,1,SUCCESS,8685,20,96,96,126237,1268,0.001268,,,
4,94,0x011b63f0,0x0aa34346,FPGA_NORMAL_E1,ARTY_A7_100T_100MHZ,BOARD_COMMAND_TO_RESULT_ELAPSED,1,SUCCESS,4724,19,71,71,98043,985,0.000985,,,
4,95,0x1b456e77,0xee460f94,FPGA_NORMAL_E1,ARTY_A7_100T_100MHZ,BOARD_COMMAND_TO_RESULT_ELAPSED,1,SUCCESS,8685,17,47,47,71275,718,0.000718,,,
4,96,0x10088608,0xef418331,FPGA_NORMAL_E1,ARTY_A7_100T_100MHZ,BOARD_COMMAND_TO_RESULT_ELAPSED,1,SUCCESS,8685,19,74,74,100892,1013,0.001013,,,
4,97,0x6fcfc352,0xf8fa9f4c,FPGA_NORMAL_E1,ARTY_A7_100T_100MHZ,BOARD_COMMAND_TO_RESULT_ELAPSED,1,SUCCESS,2852,22,124,124,157191,1578,0.001578,,,
4,98,0xfb6077af,0x713595a9,FPGA_NORMAL_E1,ARTY_A7_100T_100MHZ,BOARD_COMMAND_TO_RESULT_ELAPSED,1,SUCCESS,8685,20,102,102,131637,1321,0.001321,,,
4,99,0xc6ebb72e,0x08fdf109,FPGA_NORMAL_E1,ARTY_A7_100T_100MHZ,BOARD_COMMAND_TO_RESULT_ELAPSED,1,SUCCESS,8685,16,42,42,64572,650,0.00065,,,
16,0,0x7b1dcdaf,0x24370df2,FPGA_NORMAL_E1,ARTY_A7_100T_100MHZ,BOARD_COMMAND_TO_RESULT_ELAPSED,1,SUCCESS,4512,11,15,15,30393,309,0.000309,,,
16,1,0x3a85a4dc,0xa3b9aa35,FPGA_NORMAL_E1,ARTY_A7_100T_100MHZ,BOARD_COMMAND_TO_RESULT_ELAPSED,1,SUCCESS,507,15,23,23,43028,435,0.000435,,,
16,2,0x6162a8b2,0x871c276f,FPGA_NORMAL_E1,ARTY_A7_100T_100MHZ,BOARD_COMMAND_TO_RESULT_ELAPSED,1,SUCCESS,10593,17,56,56,80091,806,0.000806,,,
16,3,0xc3adc34e,0xf5b8f22b,FPGA_NORMAL_E1,ARTY_A7_100T_100MHZ,BOARD_COMMAND_TO_RESULT_ELAPSED,1,SUCCESS,5281,18,56,56,81824,823,0.000823,,,
16,4,0x2bb073ff,0x3f8396e3,FPGA_NORMAL_E1,ARTY_A7_100T_100MHZ,BOARD_COMMAND_TO_RESULT_ELAPSED,1,SUCCESS,4512,14,27,27,46403,469,0.000469,,,
16,5,0xda585ab3,0xa7197ad7,FPGA_NORMAL_E1,ARTY_A7_100T_100MHZ,BOARD_COMMAND_TO_RESULT_ELAPSED,1,SUCCESS,10839,15,18,18,38171,387,0.000387,,,
16,6,0x0ed109c0,0x5701ce52,FPGA_NORMAL_E1,ARTY_A7_100T_100MHZ,BOARD_COMMAND_TO_RESULT_ELAPSED,1,SUCCESS,3947,17,68,68,92203,927,0.000927,,,
16,7,0x102ecf73,0x53c7612b,FPGA_NORMAL_E1,ARTY_A7_100T_100MHZ,BOARD_COMMAND_TO_RESULT_ELAPSED,1,SUCCESS,5281,12,25,25,41133,416,0.000416,,,
16,8,0xcf29b6a1,0x35231a84,FPGA_NORMAL_E1,ARTY_A7_100T_100MHZ,BOARD_COMMAND_TO_RESULT_ELAPSED,1,SUCCESS,2852,14,32,32,52248,526,0.000526,,,
16,9,0xc49cbb42,0xd0a3bbb8,FPGA_NORMAL_E1,ARTY_A7_100T_100MHZ,BOARD_COMMAND_TO_RESULT_ELAPSED,1,SUCCESS,3947,12,20,20,37555,380,0.00038,,,
16,10,0x4cc51d23,0xee0e3ab4,FPGA_NORMAL_E1,ARTY_A7_100T_100MHZ,BOARD_COMMAND_TO_RESULT_ELAPSED,1,SUCCESS,14405,15,35,35,55547,560,0.00056,,,
16,11,0xf9e8aa7a,0x3208c31a,FPGA_NORMAL_E1,ARTY_A7_100T_100MHZ,BOARD_COMMAND_TO_RESULT_ELAPSED,1,SUCCESS,1721,17,57,57,80450,810,0.00081,,,
16,12,0xdda8b051,0xc8105c9d,FPGA_NORMAL_E1,ARTY_A7_100T_100MHZ,BOARD_COMMAND_TO_RESULT_ELAPSED,1,SUCCESS,5281,16,28,28,49915,505,0.000505,,,
16,13,0xabfb11bf,0xf5dec75e,FPGA_NORMAL_E1,ARTY_A7_100T_100MHZ,BOARD_COMMAND_TO_RESULT_ELAPSED,1,SUCCESS,10593,16,43,43,66939,674,0.000674,,,
16,14,0x20639811,0x6b6a7c47,FPGA_NORMAL_E1,ARTY_A7_100T_100MHZ,BOARD_COMMAND_TO_RESULT_ELAPSED,1,SUCCESS,4724,19,71,71,99848,1004,0.001004,,,
16,15,0xac72acd2,0xca84bc6c,FPGA_NORMAL_E1,ARTY_A7_100T_100MHZ,BOARD_COMMAND_TO_RESULT_ELAPSED,1,SUCCESS,14405,21,85,85,116193,1167,0.001167,,,
16,16,0x49a2da79,0xe1376725,FPGA_NORMAL_E1,ARTY_A7_100T_100MHZ,BOARD_COMMAND_TO_RESULT_ELAPSED,1,SUCCESS,10931,13,30,30,48468,489,0.000489,,,
16,17,0x63a4e9d7,0x6166dba4,FPGA_NORMAL_E1,ARTY_A7_100T_100MHZ,BOARD_COMMAND_TO_RESULT_ELAPSED,1,SUCCESS,5281,11,13,13,28274,288,0.000288,,,
16,18,0x8983f102,0x43fb6183,FPGA_NORMAL_E1,ARTY_A7_100T_100MHZ,BOARD_COMMAND_TO_RESULT_ELAPSED,1,SUCCESS,5281,14,27,27,46256,466,0.000466,,,
16,19,0xb671aa78,0xc97ad8a2,FPGA_NORMAL_E1,ARTY_A7_100T_100MHZ,BOARD_COMMAND_TO_RESULT_ELAPSED,1,SUCCESS,10931,21,82,82,113101,1137,0.001137,,,
16,20,0xdaeb566a,0x989e5b3d,FPGA_NORMAL_E1,ARTY_A7_100T_100MHZ,BOARD_COMMAND_TO_RESULT_ELAPSED,1,SUCCESS,10931,17,58,58,83215,836,0.000836,,,
16,21,0xf6181c00,0xa345ac4b,FPGA_NORMAL_E1,ARTY_A7_100T_100MHZ,BOARD_COMMAND_TO_RESULT_ELAPSED,1,SUCCESS,7786,19,67,67,94554,951,0.000951,,,
16,22,0x4e18d852,0xa08980df,FPGA_NORMAL_E1,ARTY_A7_100T_100MHZ,BOARD_COMMAND_TO_RESULT_ELAPSED,1,SUCCESS,491,15,37,37,57555,580,0.00058,,,
16,23,0xa035ceba,0x611de4c4,FPGA_NORMAL_E1,ARTY_A7_100T_100MHZ,BOARD_COMMAND_TO_RESULT_ELAPSED,1,SUCCESS,8685,12,21,21,39266,397,0.000397,,,
16,24,0xc2416ee4,0x7323f479,FPGA_NORMAL_E1,ARTY_A7_100T_100MHZ,BOARD_COMMAND_TO_RESULT_ELAPSED,1,SUCCESS,7786,16,47,47,70004,705,0.000705,,,
16,25,0xfbdafbdd,0xa0c0cf2f,FPGA_NORMAL_E1,ARTY_A7_100T_100MHZ,BOARD_COMMAND_TO_RESULT_ELAPSED,1,SUCCESS,491,9,6,6,17464,179,0.000179,,,
16,26,0xa43fbf47,0x8de97b10,FPGA_NORMAL_E1,ARTY_A7_100T_100MHZ,BOARD_COMMAND_TO_RESULT_ELAPSED,1,SUCCESS,4512,15,29,29,48878,493,0.000493,,,
16,27,0x6811f7c1,0xcb07044a,FPGA_NORMAL_E1,ARTY_A7_100T_100MHZ,BOARD_COMMAND_TO_RESULT_ELAPSED,1,SUCCESS,3947,14,32,32,51953,526,0.000526,,,
16,28,0x610dde2c,0x8cf5deb9,FPGA_NORMAL_E1,ARTY_A7_100T_100MHZ,BOARD_COMMAND_TO_RESULT_ELAPSED,1,SUCCESS,5281,11,17,17,32016,324,0.000324,,,
16,29,0x82241b87,0xbbe27f39,FPGA_NORMAL_E1,ARTY_A7_100T_100MHZ,BOARD_COMMAND_TO_RESULT_ELAPSED,1,SUCCESS,7786,14,30,30,49838,503,0.000503,,,
16,30,0x48647490,0xea9551eb,FPGA_NORMAL_E1,ARTY_A7_100T_100MHZ,BOARD_COMMAND_TO_RESULT_ELAPSED,1,SUCCESS,3947,15,26,26,46159,467,0.000467,,,
16,31,0x63df3b7f,0xa8b057e1,FPGA_NORMAL_E1,ARTY_A7_100T_100MHZ,BOARD_COMMAND_TO_RESULT_ELAPSED,1,SUCCESS,2852,14,35,35,55008,555,0.000555,,,
16,32,0x433125bb,0x3221fef0,FPGA_NORMAL_E1,ARTY_A7_100T_100MHZ,BOARD_COMMAND_TO_RESULT_ELAPSED,1,SUCCESS,5281,21,70,70,99894,1004,0.001004,,,
16,33,0x7943be40,0x6641ee79,FPGA_NORMAL_E1,ARTY_A7_100T_100MHZ,BOARD_COMMAND_TO_RESULT_ELAPSED,1,SUCCESS,491,13,23,23,40559,410,0.00041,,,
16,34,0x26c93252,0x675d2908,FPGA_NORMAL_E1,ARTY_A7_100T_100MHZ,BOARD_COMMAND_TO_RESULT_ELAPSED,1,SUCCESS,8685,11,17,17,32240,328,0.000328,,,
16,35,0xdbe3ed49,0xa7cfea56,FPGA_NORMAL_E1,ARTY_A7_100T_100MHZ,BOARD_COMMAND_TO_RESULT_ELAPSED,1,SUCCESS,10593,15,30,30,51391,518,0.000518,,,
16,36,0xc2ec9bb4,0xbfc0ae9e,FPGA_NORMAL_E1,ARTY_A7_100T_100MHZ,BOARD_COMMAND_TO_RESULT_ELAPSED,1,SUCCESS,10931,7,5,5,15334,159,0.000159,,,
16,37,0xe7ec8559,0x307064ac,FPGA_NORMAL_E1,ARTY_A7_100T_100MHZ,BOARD_COMMAND_TO_RESULT_ELAPSED,1,SUCCESS,491,2,1,1,3362,38,3.8e-05,,,
16,38,0xccb88b54,0x2cf00158,FPGA_NORMAL_E1,ARTY_A7_100T_100MHZ,BOARD_COMMAND_TO_RESULT_ELAPSED,1,SUCCESS,15288,15,40,40,61961,625,0.000625,,,
16,39,0xb512e6a4,0x2b9e708c,FPGA_NORMAL_E1,ARTY_A7_100T_100MHZ,BOARD_COMMAND_TO_RESULT_ELAPSED,1,SUCCESS,15288,18,71,71,97853,983,0.000983,,,
16,40,0x7e2c3d82,0xa69fb195,FPGA_NORMAL_E1,ARTY_A7_100T_100MHZ,BOARD_COMMAND_TO_RESULT_ELAPSED,1,SUCCESS,507,18,48,48,73287,738,0.000738,,,
16,41,0x58b3e5ad,0x23a21253,FPGA_NORMAL_E1,ARTY_A7_100T_100MHZ,BOARD_COMMAND_TO_RESULT_ELAPSED,1,SUCCESS,491,14,29,29,48140,486,0.000486,,,
16,42,0x9a07c40b,0x3ea78d8c,FPGA_NORMAL_E1,ARTY_A7_100T_100MHZ,BOARD_COMMAND_TO_RESULT_ELAPSED,1,SUCCESS,4512,17,57,57,81659,823,0.000823,,,
16,43,0xf1f9a54b,0x7b00db61,FPGA_NORMAL_E1,ARTY_A7_100T_100MHZ,BOARD_COMMAND_TO_RESULT_ELAPSED,1,SUCCESS,10839,8,6,6,16458,170,0.00017,,,
16,44,0xfba6212d,0xb8b8356a,FPGA_NORMAL_E1,ARTY_A7_100T_100MHZ,BOARD_COMMAND_TO_RESULT_ELAPSED,1,SUCCESS,2852,20,93,93,121710,1222,0.001222,,,
16,45,0x1ca60615,0xd753b84a,FPGA_NORMAL_E1,ARTY_A7_100T_100MHZ,BOARD_COMMAND_TO_RESULT_ELAPSED,1,SUCCESS,7786,12,21,21,36681,372,0.000372,,,
16,46,0xa085c93e,0x19b8504d,FPGA_NORMAL_E1,ARTY_A7_100T_100MHZ,BOARD_COMMAND_TO_RESULT_ELAPSED,1,SUCCESS,5281,18,68,68,95165,957,0.000957,,,
16,47,0x18190603,0xad0438b2,FPGA_NORMAL_E1,ARTY_A7_100T_100MHZ,BOARD_COMMAND_TO_RESULT_ELAPSED,1,SUCCESS,1801,15,30,30,50683,511,0.000511,,,
16,48,0xc1143c78,0xbbdab3cd,FPGA_NORMAL_E1,ARTY_A7_100T_100MHZ,BOARD_COMMAND_TO_RESULT_ELAPSED,1,SUCCESS,15288,13,13,13,31660,321,0.000321,,,
16,49,0x332063fc,0x222ba57c,FPGA_NORMAL_E1,ARTY_A7_100T_100MHZ,BOARD_COMMAND_TO_RESULT_ELAPSED,1,SUCCESS,15288,16,44,44,68193,686,0.000686,,,
16,50,0xd6f4066b,0xab9eb714,FPGA_NORMAL_E1,ARTY_A7_100T_100MHZ,BOARD_COMMAND_TO_RESULT_ELAPSED,1,SUCCESS,8685,18,48,48,72856,734,0.000734,,,
16,51,0x64b9628c,0x9cd8b518,FPGA_NORMAL_E1,ARTY_A7_100T_100MHZ,BOARD_COMMAND_TO_RESULT_ELAPSED,1,SUCCESS,10931,16,43,43,65425,659,0.000659,,,
16,52,0x894e6771,0x8a255c2e,FPGA_NORMAL_E1,ARTY_A7_100T_100MHZ,BOARD_COMMAND_TO_RESULT_ELAPSED,1,SUCCESS,10931,16,43,43,66656,672,0.000672,,,
16,53,0xe3e668e8,0xff1f20c3,FPGA_NORMAL_E1,ARTY_A7_100T_100MHZ,BOARD_COMMAND_TO_RESULT_ELAPSED,1,SUCCESS,1801,17,33,33,57082,576,0.000576,,,
16,54,0x36980406,0xfbdbfa61,FPGA_NORMAL_E1,ARTY_A7_100T_100MHZ,BOARD_COMMAND_TO_RESULT_ELAPSED,1,SUCCESS,5281,22,121,121,154706,1553,0.001553,,,
16,55,0x114d2b4a,0xa617ad4e,FPGA_NORMAL_E1,ARTY_A7_100T_100MHZ,BOARD_COMMAND_TO_RESULT_ELAPSED,1,SUCCESS,10931,16,33,33,55489,560,0.00056,,,
16,56,0x3b8907e1,0x0c6cbd10,FPGA_NORMAL_E1,ARTY_A7_100T_100MHZ,BOARD_COMMAND_TO_RESULT_ELAPSED,1,SUCCESS,10931,10,10,10,23869,244,0.000244,,,
16,57,0x2cd09c1d,0x964fb1a7,FPGA_NORMAL_E1,ARTY_A7_100T_100MHZ,BOARD_COMMAND_TO_RESULT_ELAPSED,1,SUCCESS,7786,17,61,61,85110,855,0.000855,,,
16,58,0x6d7a8604,0xbd6f99c6,FPGA_NORMAL_E1,ARTY_A7_100T_100MHZ,BOARD_COMMAND_TO_RESULT_ELAPSED,1,SUCCESS,1721,15,37,37,58968,595,0.000595,,,
16,59,0x1fadaf42,0x60010aa3,FPGA_NORMAL_E1,ARTY_A7_100T_100MHZ,BOARD_COMMAND_TO_RESULT_ELAPSED,1,SUCCESS,7786,16,49,49,72558,731,0.000731,,,
16,60,0x92fe7cfd,0xb54e2773,FPGA_NORMAL_E1,ARTY_A7_100T_100MHZ,BOARD_COMMAND_TO_RESULT_ELAPSED,1,SUCCESS,7786,18,84,84,110843,1113,0.001113,,,
16,61,0x1aecb060,0x9c545eba,FPGA_NORMAL_E1,ARTY_A7_100T_100MHZ,BOARD_COMMAND_TO_RESULT_ELAPSED,1,SUCCESS,14405,21,83,83,115381,1159,0.001159,,,
16,62,0x91778cc3,0xbd1d1bc0,FPGA_NORMAL_E1,ARTY_A7_100T_100MHZ,BOARD_COMMAND_TO_RESULT_ELAPSED,1,SUCCESS,491,19,77,77,104839,1053,0.001053,,,
16,63,0xe6b7e7eb,0xd542988e,FPGA_NORMAL_E1,ARTY_A7_100T_100MHZ,BOARD_COMMAND_TO_RESULT_ELAPSED,1,SUCCESS,7786,16,42,42,65389,660,0.00066,,,
16,64,0x6770144c,0xd2d3c6e7,FPGA_NORMAL_E1,ARTY_A7_100T_100MHZ,BOARD_COMMAND_TO_RESULT_ELAPSED,1,SUCCESS,10931,16,32,32,53798,542,0.000542,,,
16,65,0xc600a248,0x0a1e0844,FPGA_NORMAL_E1,ARTY_A7_100T_100MHZ,BOARD_COMMAND_TO_RESULT_ELAPSED,1,SUCCESS,10839,21,67,67,96605,971,0.000971,,,
16,66,0x1ea4f830,0x2ef0f28e,FPGA_NORMAL_E1,ARTY_A7_100T_100MHZ,BOARD_COMMAND_TO_RESULT_ELAPSED,1,SUCCESS,491,15,45,45,65624,661,0.000661,,,
16,67,0x639604f3,0x7fe04f83,FPGA_NORMAL_E1,ARTY_A7_100T_100MHZ,BOARD_COMMAND_TO_RESULT_ELAPSED,1,SUCCESS,8685,16,30,30,51944,523,0.000523,,,
16,68,0x6e084a84,0xb643b17e,FPGA_NORMAL_E1,ARTY_A7_100T_100MHZ,BOARD_COMMAND_TO_RESULT_ELAPSED,1,SUCCESS,3947,21,81,81,112023,1125,0.001125,,,
16,69,0x3d7fc476,0x467d7a44,FPGA_NORMAL_E1,ARTY_A7_100T_100MHZ,BOARD_COMMAND_TO_RESULT_ELAPSED,1,SUCCESS,5281,17,36,36,59580,601,0.000601,,,
16,70,0xedca3875,0xefade11e,FPGA_NORMAL_E1,ARTY_A7_100T_100MHZ,BOARD_COMMAND_TO_RESULT_ELAPSED,1,SUCCESS,2852,4,3,3,8118,86,8.6e-05,,,
16,71,0xb883121d,0x095c678c,FPGA_NORMAL_E1,ARTY_A7_100T_100MHZ,BOARD_COMMAND_TO_RESULT_ELAPSED,1,SUCCESS,2852,16,27,27,49587,501,0.000501,,,
16,72,0xace22797,0xbc422a9a,FPGA_NORMAL_E1,ARTY_A7_100T_100MHZ,BOARD_COMMAND_TO_RESULT_ELAPSED,1,SUCCESS,491,12,15,15,30695,312,0.000312,,,
16,73,0xefd3172d,0x8c2c3233,FPGA_NORMAL_E1,ARTY_A7_100T_100MHZ,BOARD_COMMAND_TO_RESULT_ELAPSED,1,SUCCESS,1721,17,35,35,59213,596,0.000596,,,
16,74,0xe6aacdb5,0x7f1c158a,FPGA_NORMAL_E1,ARTY_A7_100T_100MHZ,BOARD_COMMAND_TO_RESULT_ELAPSED,1,SUCCESS,10593,10,15,15,28440,290,0.00029,,,
16,75,0x6566c598,0xca804b00,FPGA_NORMAL_E1,ARTY_A7_100T_100MHZ,BOARD_COMMAND_TO_RESULT_ELAPSED,1,SUCCESS,15288,14,31,31,50806,512,0.000512,,,
16,76,0x4e646d9d,0xcbae5ac0,FPGA_NORMAL_E1,ARTY_A7_100T_100MHZ,BOARD_COMMAND_TO_RESULT_ELAPSED,1,SUCCESS,2852,10,13,13,26069,267,0.000267,,,
16,77,0x05d81d6f,0x260c4013,FPGA_NORMAL_E1,ARTY_A7_100T_100MHZ,BOARD_COMMAND_TO_RESULT_ELAPSED,1,SUCCESS,8685,15,31,31,50943,514,0.000514,,,
16,78,0x2018f6a3,0x5728c7f4,FPGA_NORMAL_E1,ARTY_A7_100T_100MHZ,BOARD_COMMAND_TO_RESULT_ELAPSED,1,SUCCESS,15288,17,41,41,65716,663,0.000663,,,
16,79,0x718ebf0c,0x4d7d460c,FPGA_NORMAL_E1,ARTY_A7_100T_100MHZ,BOARD_COMMAND_TO_RESULT_ELAPSED,1,SUCCESS,491,16,43,43,65257,658,0.000658,,,
16,80,0x042a8f17,0x2093b3f4,FPGA_NORMAL_E1,ARTY_A7_100T_100MHZ,BOARD_COMMAND_TO_RESULT_ELAPSED,1,SUCCESS,491,12,16,16,32175,326,0.000326,,,
16,81,0xfc1c775d,0x35bd20f1,FPGA_NORMAL_E1,ARTY_A7_100T_100MHZ,BOARD_COMMAND_TO_RESULT_ELAPSED,1,SUCCESS,8685,9,12,12,24205,247,0.000247,,,
16,82,0x16b93b63,0x7d609ba5,FPGA_NORMAL_E1,ARTY_A7_100T_100MHZ,BOARD_COMMAND_TO_RESULT_ELAPSED,1,SUCCESS,8685,12,18,18,35131,356,0.000356,,,
16,83,0x8ce1028e,0xb152e7ef,FPGA_NORMAL_E1,ARTY_A7_100T_100MHZ,BOARD_COMMAND_TO_RESULT_ELAPSED,1,SUCCESS,2852,10,12,12,25953,264,0.000264,,,
16,84,0x87bad980,0x7dbefa97,FPGA_NORMAL_E1,ARTY_A7_100T_100MHZ,BOARD_COMMAND_TO_RESULT_ELAPSED,1,SUCCESS,7786,18,66,66,92238,926,0.000926,,,
16,85,0xd63d86f3,0xf5399cca,FPGA_NORMAL_E1,ARTY_A7_100T_100MHZ,BOARD_COMMAND_TO_RESULT_ELAPSED,1,SUCCESS,2852,18,44,44,69325,698,0.000698,,,
16,86,0xeeaba102,0x01560fc0,FPGA_NORMAL_E1,ARTY_A7_100T_100MHZ,BOARD_COMMAND_TO_RESULT_ELAPSED,1,SUCCESS,7786,15,36,36,56988,574,0.000574,,,
16,87,0xc1fee4bb,0xc7e12d58,FPGA_NORMAL_E1,ARTY_A7_100T_100MHZ,BOARD_COMMAND_TO_RESULT_ELAPSED,1,SUCCESS,7786,16,46,46,68566,691,0.000691,,,
16,88,0x0707c9da,0xf644a3f9,FPGA_NORMAL_E1,ARTY_A7_100T_100MHZ,BOARD_COMMAND_TO_RESULT_ELAPSED,1,SUCCESS,10593,16,48,48,70518,710,0.00071,,,
16,89,0xde0d9c30,0x58a2ee8f,FPGA_NORMAL_E1,ARTY_A7_100T_100MHZ,BOARD_COMMAND_TO_RESULT_ELAPSED,1,SUCCESS,5281,14,27,27,47142,477,0.000477,,,
16,90,0x7cd0efc7,0x9f385cfb,FPGA_NORMAL_E1,ARTY_A7_100T_100MHZ,BOARD_COMMAND_TO_RESULT_ELAPSED,1,SUCCESS,5281,18,54,54,80378,808,0.000808,,,
16,91,0xe4cb50a6,0x94d13729,FPGA_NORMAL_E1,ARTY_A7_100T_100MHZ,BOARD_COMMAND_TO_RESULT_ELAPSED,1,SUCCESS,10931,17,53,53,77719,783,0.000783,,,
16,92,0xa0882219,0x18f75d24,FPGA_NORMAL_E1,ARTY_A7_100T_100MHZ,BOARD_COMMAND_TO_RESULT_ELAPSED,1,SUCCESS,507,20,86,86,115177,1157,0.001157,,,
16,93,0xc435e6f2,0xf75a52bc,FPGA_NORMAL_E1,ARTY_A7_100T_100MHZ,BOARD_COMMAND_TO_RESULT_ELAPSED,1,SUCCESS,5281,15,45,45,66389,669,0.000669,,,
16,94,0x011b63f0,0x0aa34346,FPGA_NORMAL_E1,ARTY_A7_100T_100MHZ,BOARD_COMMAND_TO_RESULT_ELAPSED,1,SUCCESS,1721,17,40,40,63185,638,0.000638,,,
16,95,0x1b456e77,0xee460f94,FPGA_NORMAL_E1,ARTY_A7_100T_100MHZ,BOARD_COMMAND_TO_RESULT_ELAPSED,1,SUCCESS,4724,10,12,12,26080,266,0.000266,,,
16,96,0x10088608,0xef418331,FPGA_NORMAL_E1,ARTY_A7_100T_100MHZ,BOARD_COMMAND_TO_RESULT_ELAPSED,1,SUCCESS,4724,17,42,42,65243,658,0.000658,,,
16,97,0x6fcfc352,0xf8fa9f4c,FPGA_NORMAL_E1,ARTY_A7_100T_100MHZ,BOARD_COMMAND_TO_RESULT_ELAPSED,1,SUCCESS,1801,16,33,33,54893,554,0.000554,,,
16,98,0xfb6077af,0x713595a9,FPGA_NORMAL_E1,ARTY_A7_100T_100MHZ,BOARD_COMMAND_TO_RESULT_ELAPSED,1,SUCCESS,1801,13,20,20,37385,378,0.000378,,,
16,99,0xc6ebb72e,0x08fdf109,FPGA_NORMAL_E1,ARTY_A7_100T_100MHZ,BOARD_COMMAND_TO_RESULT_ELAPSED,1,SUCCESS,15288,21,101,101,131856,1323,0.001323,,,
64,0,0x7b1dcdaf,0x24370df2,FPGA_NORMAL_E1,ARTY_A7_100T_100MHZ,BOARD_COMMAND_TO_RESULT_ELAPSED,1,SUCCESS,2852,6,4,4,12326,129,0.000129,,,
64,1,0x3a85a4dc,0xa3b9aa35,FPGA_NORMAL_E1,ARTY_A7_100T_100MHZ,BOARD_COMMAND_TO_RESULT_ELAPSED,1,SUCCESS,8685,13,14,14,31381,319,0.000319,,,
64,2,0x6162a8b2,0x871c276f,FPGA_NORMAL_E1,ARTY_A7_100T_100MHZ,BOARD_COMMAND_TO_RESULT_ELAPSED,1,SUCCESS,8089,7,3,3,12292,129,0.000129,,,
64,3,0xc3adc34e,0xf5b8f22b,FPGA_NORMAL_E1,ARTY_A7_100T_100MHZ,BOARD_COMMAND_TO_RESULT_ELAPSED,1,SUCCESS,4876,13,19,19,37190,377,0.000377,,,
64,4,0x2bb073ff,0x3f8396e3,FPGA_NORMAL_E1,ARTY_A7_100T_100MHZ,BOARD_COMMAND_TO_RESULT_ELAPSED,1,SUCCESS,4720,8,4,4,15027,155,0.000155,,,
64,5,0xda585ab3,0xa7197ad7,FPGA_NORMAL_E1,ARTY_A7_100T_100MHZ,BOARD_COMMAND_TO_RESULT_ELAPSED,1,SUCCESS,4876,18,40,40,64965,655,0.000655,,,
64,6,0x0ed109c0,0x5701ce52,FPGA_NORMAL_E1,ARTY_A7_100T_100MHZ,BOARD_COMMAND_TO_RESULT_ELAPSED,1,SUCCESS,7786,12,24,24,40441,410,0.00041,,,
64,7,0x102ecf73,0x53c7612b,FPGA_NORMAL_E1,ARTY_A7_100T_100MHZ,BOARD_COMMAND_TO_RESULT_ELAPSED,1,SUCCESS,1801,12,25,25,40659,411,0.000411,,,
64,8,0xcf29b6a1,0x35231a84,FPGA_NORMAL_E1,ARTY_A7_100T_100MHZ,BOARD_COMMAND_TO_RESULT_ELAPSED,1,SUCCESS,3304,11,13,13,28549,290,0.00029,,,
64,9,0xc49cbb42,0xd0a3bbb8,FPGA_NORMAL_E1,ARTY_A7_100T_100MHZ,BOARD_COMMAND_TO_RESULT_ELAPSED,1,SUCCESS,12001,1,0,0,1445,20,2e-05,,,
64,10,0x4cc51d23,0xee0e3ab4,FPGA_NORMAL_E1,ARTY_A7_100T_100MHZ,BOARD_COMMAND_TO_RESULT_ELAPSED,1,SUCCESS,8685,5,4,4,10648,112,0.000112,,,
64,11,0xf9e8aa7a,0x3208c31a,FPGA_NORMAL_E1,ARTY_A7_100T_100MHZ,BOARD_COMMAND_TO_RESULT_ELAPSED,1,SUCCESS,682,12,19,19,35082,356,0.000356,,,
64,12,0xdda8b051,0xc8105c9d,FPGA_NORMAL_E1,ARTY_A7_100T_100MHZ,BOARD_COMMAND_TO_RESULT_ELAPSED,1,SUCCESS,26,14,20,20,39181,397,0.000397,,,
64,13,0xabfb11bf,0xf5dec75e,FPGA_NORMAL_E1,ARTY_A7_100T_100MHZ,BOARD_COMMAND_TO_RESULT_ELAPSED,1,SUCCESS,9302,11,17,17,33053,335,0.000335,,,
64,14,0x20639811,0x6b6a7c47,FPGA_NORMAL_E1,ARTY_A7_100T_100MHZ,BOARD_COMMAND_TO_RESULT_ELAPSED,1,SUCCESS,14567,12,19,19,36155,368,0.000368,,,
64,15,0xac72acd2,0xca84bc6c,FPGA_NORMAL_E1,ARTY_A7_100T_100MHZ,BOARD_COMMAND_TO_RESULT_ELAPSED,1,SUCCESS,7400,10,7,7,20657,211,0.000211,,,
64,16,0x49a2da79,0xe1376725,FPGA_NORMAL_E1,ARTY_A7_100T_100MHZ,BOARD_COMMAND_TO_RESULT_ELAPSED,1,SUCCESS,10839,13,30,30,48376,489,0.000489,,,
64,17,0x63a4e9d7,0x6166dba4,FPGA_NORMAL_E1,ARTY_A7_100T_100MHZ,BOARD_COMMAND_TO_RESULT_ELAPSED,1,SUCCESS,6247,7,6,6,15755,162,0.000162,,,
64,18,0x8983f102,0x43fb6183,FPGA_NORMAL_E1,ARTY_A7_100T_100MHZ,BOARD_COMMAND_TO_RESULT_ELAPSED,1,SUCCESS,14542,9,8,8,20182,207,0.000207,,,
64,19,0xb671aa78,0xc97ad8a2,FPGA_NORMAL_E1,ARTY_A7_100T_100MHZ,BOARD_COMMAND_TO_RESULT_ELAPSED,1,SUCCESS,4724,11,16,16,31635,321,0.000321,,,
64,20,0xdaeb566a,0x989e5b3d,FPGA_NORMAL_E1,ARTY_A7_100T_100MHZ,BOARD_COMMAND_TO_RESULT_ELAPSED,1,SUCCESS,14542,13,20,20,38325,387,0.000387,,,
64,21,0xf6181c00,0xa345ac4b,FPGA_NORMAL_E1,ARTY_A7_100T_100MHZ,BOARD_COMMAND_TO_RESULT_ELAPSED,1,SUCCESS,11647,13,18,18,36016,366,0.000366,,,
64,22,0x4e18d852,0xa08980df,FPGA_NORMAL_E1,ARTY_A7_100T_100MHZ,BOARD_COMMAND_TO_RESULT_ELAPSED,1,SUCCESS,4724,8,6,6,16162,167,0.000167,,,
64,23,0xa035ceba,0x611de4c4,FPGA_NORMAL_E1,ARTY_A7_100T_100MHZ,BOARD_COMMAND_TO_RESULT_ELAPSED,1,SUCCESS,16090,10,13,13,28015,285,0.000285,,,
64,24,0xc2416ee4,0x7323f479,FPGA_NORMAL_E1,ARTY_A7_100T_100MHZ,BOARD_COMMAND_TO_RESULT_ELAPSED,1,SUCCESS,2888,3,2,2,5687,63,6.3e-05,,,
64,25,0xfbdafbdd,0xa0c0cf2f,FPGA_NORMAL_E1,ARTY_A7_100T_100MHZ,BOARD_COMMAND_TO_RESULT_ELAPSED,1,SUCCESS,3073,6,3,3,10642,111,0.000111,,,
64,26,0xa43fbf47,0x8de97b10,FPGA_NORMAL_E1,ARTY_A7_100T_100MHZ,BOARD_COMMAND_TO_RESULT_ELAPSED,1,SUCCESS,8225,12,13,13,28775,293,0.000293,,,
64,27,0x6811f7c1,0xcb07044a,FPGA_NORMAL_E1,ARTY_A7_100T_100MHZ,BOARD_COMMAND_TO_RESULT_ELAPSED,1,SUCCESS,173,10,11,11,25012,255,0.000255,,,
64,28,0x610dde2c,0x8cf5deb9,FPGA_NORMAL_E1,ARTY_A7_100T_100MHZ,BOARD_COMMAND_TO_RESULT_ELAPSED,1,SUCCESS,10593,10,14,14,27671,282,0.000282,,,
64,29,0x82241b87,0xbbe27f39,FPGA_NORMAL_E1,ARTY_A7_100T_100MHZ,BOARD_COMMAND_TO_RESULT_ELAPSED,1,SUCCESS,14542,7,6,6,16157,166,0.000166,,,
64,30,0x48647490,0xea9551eb,FPGA_NORMAL_E1,ARTY_A7_100T_100MHZ,BOARD_COMMAND_TO_RESULT_ELAPSED,1,SUCCESS,3903,11,11,11,25545,260,0.00026,,,
64,31,0x63df3b7f,0xa8b057e1,FPGA_NORMAL_E1,ARTY_A7_100T_100MHZ,BOARD_COMMAND_TO_RESULT_ELAPSED,1,SUCCESS,160,11,19,19,34475,349,0.000349,,,
64,32,0x433125bb,0x3221fef0,FPGA_NORMAL_E1,ARTY_A7_100T_100MHZ,BOARD_COMMAND_TO_RESULT_ELAPSED,1,SUCCESS,4720,2,1,1,3812,43,4.3e-05,,,
64,33,0x7943be40,0x6641ee79,FPGA_NORMAL_E1,ARTY_A7_100T_100MHZ,BOARD_COMMAND_TO_RESULT_ELAPSED,1,SUCCESS,160,4,1,1,6311,69,6.9e-05,,,
64,34,0x26c93252,0x675d2908,FPGA_NORMAL_E1,ARTY_A7_100T_100MHZ,BOARD_COMMAND_TO_RESULT_ELAPSED,1,SUCCESS,6247,10,13,13,27127,276,0.000276,,,
64,35,0xdbe3ed49,0xa7cfea56,FPGA_NORMAL_E1,ARTY_A7_100T_100MHZ,BOARD_COMMAND_TO_RESULT_ELAPSED,1,SUCCESS,7400,13,18,18,36086,366,0.000366,,,
64,36,0xc2ec9bb4,0xbfc0ae9e,FPGA_NORMAL_E1,ARTY_A7_100T_100MHZ,BOARD_COMMAND_TO_RESULT_ELAPSED,1,SUCCESS,5531,14,23,23,43117,437,0.000437,,,
64,37,0xe7ec8559,0x307064ac,FPGA_NORMAL_E1,ARTY_A7_100T_100MHZ,BOARD_COMMAND_TO_RESULT_ELAPSED,1,SUCCESS,8225,16,28,28,50130,507,0.000507,,,
64,38,0xccb88b54,0x2cf00158,FPGA_NORMAL_E1,ARTY_A7_100T_100MHZ,BOARD_COMMAND_TO_RESULT_ELAPSED,1,SUCCESS,10931,10,17,17,31637,321,0.000321,,,
64,39,0xb512e6a4,0x2b9e708c,FPGA_NORMAL_E1,ARTY_A7_100T_100MHZ,BOARD_COMMAND_TO_RESULT_ELAPSED,1,SUCCESS,2888,11,13,13,28382,288,0.000288,,,
64,40,0x7e2c3d82,0xa69fb195,FPGA_NORMAL_E1,ARTY_A7_100T_100MHZ,BOARD_COMMAND_TO_RESULT_ELAPSED,1,SUCCESS,11272,10,9,9,22591,232,0.000232,,,
64,41,0x58b3e5ad,0x23a21253,FPGA_NORMAL_E1,ARTY_A7_100T_100MHZ,BOARD_COMMAND_TO_RESULT_ELAPSED,1,SUCCESS,4512,6,5,5,12849,134,0.000134,,,
64,42,0x9a07c40b,0x3ea78d8c,FPGA_NORMAL_E1,ARTY_A7_100T_100MHZ,BOARD_COMMAND_TO_RESULT_ELAPSED,1,SUCCESS,507,10,8,8,21577,220,0.00022,,,
64,43,0xf1f9a54b,0x7b00db61,FPGA_NORMAL_E1,ARTY_A7_100T_100MHZ,BOARD_COMMAND_TO_RESULT_ELAPSED,1,SUCCESS,11272,10,12,12,25547,260,0.00026,,,
64,44,0xfba6212d,0xb8b8356a,FPGA_NORMAL_E1,ARTY_A7_100T_100MHZ,BOARD_COMMAND_TO_RESULT_ELAPSED,1,SUCCESS,7400,11,8,8,22546,230,0.00023,,,
64,45,0x1ca60615,0xd753b84a,FPGA_NORMAL_E1,ARTY_A7_100T_100MHZ,BOARD_COMMAND_TO_RESULT_ELAPSED,1,SUCCESS,7786,11,14,14,28163,287,0.000287,,,
64,46,0xa085c93e,0x19b8504d,FPGA_NORMAL_E1,ARTY_A7_100T_100MHZ,BOARD_COMMAND_TO_RESULT_ELAPSED,1,SUCCESS,6247,9,10,10,22647,232,0.000232,,,
64,47,0x18190603,0xad0438b2,FPGA_NORMAL_E1,ARTY_A7_100T_100MHZ,BOARD_COMMAND_TO_RESULT_ELAPSED,1,SUCCESS,5200,15,30,30,50818,513,0.000513,,,
64,48,0xc1143c78,0xbbdab3cd,FPGA_NORMAL_E1,ARTY_A7_100T_100MHZ,BOARD_COMMAND_TO_RESULT_ELAPSED,1,SUCCESS,15288,13,13,13,31627,321,0.000321,,,
64,49,0x332063fc,0x222ba57c,FPGA_NORMAL_E1,ARTY_A7_100T_100MHZ,BOARD_COMMAND_TO_RESULT_ELAPSED,1,SUCCESS,10234,11,11,11,26901,274,0.000274,,,
64,50,0xd6f4066b,0xab9eb714,FPGA_NORMAL_E1,ARTY_A7_100T_100MHZ,BOARD_COMMAND_TO_RESULT_ELAPSED,1,SUCCESS,1038,16,32,32,53461,539,0.000539,,,
64,51,0x64b9628c,0x9cd8b518,FPGA_NORMAL_E1,ARTY_A7_100T_100MHZ,BOARD_COMMAND_TO_RESULT_ELAPSED,1,SUCCESS,14405,8,10,10,20654,211,0.000211,,,
64,52,0x894e6771,0x8a255c2e,FPGA_NORMAL_E1,ARTY_A7_100T_100MHZ,BOARD_COMMAND_TO_RESULT_ELAPSED,1,SUCCESS,16090,16,43,43,66912,674,0.000674,,,
64,53,0xe3e668e8,0xff1f20c3,FPGA_NORMAL_E1,ARTY_A7_100T_100MHZ,BOARD_COMMAND_TO_RESULT_ELAPSED,1,SUCCESS,15469,13,21,21,39259,398,0.000398,,,
64,54,0x36980406,0xfbdbfa61,FPGA_NORMAL_E1,ARTY_A7_100T_100MHZ,BOARD_COMMAND_TO_RESULT_ELAPSED,1,SUCCESS,14405,9,13,13,25655,261,0.000261,,,
64,55,0x114d2b4a,0xa617ad4e,FPGA_NORMAL_E1,ARTY_A7_100T_100MHZ,BOARD_COMMAND_TO_RESULT_ELAPSED,1,SUCCESS,11647,2,1,1,4012,45,4.5e-05,,,
64,56,0x3b8907e1,0x0c6cbd10,FPGA_NORMAL_E1,ARTY_A7_100T_100MHZ,BOARD_COMMAND_TO_RESULT_ELAPSED,1,SUCCESS,7786,7,4,4,13577,141,0.000141,,,
64,57,0x2cd09c1d,0x964fb1a7,FPGA_NORMAL_E1,ARTY_A7_100T_100MHZ,BOARD_COMMAND_TO_RESULT_ELAPSED,1,SUCCESS,3876,12,15,15,31018,315,0.000315,,,
64,58,0x6d7a8604,0xbd6f99c6,FPGA_NORMAL_E1,ARTY_A7_100T_100MHZ,BOARD_COMMAND_TO_RESULT_ELAPSED,1,SUCCESS,8225,5,4,4,11010,115,0.000115,,,
64,59,0x1fadaf42,0x60010aa3,FPGA_NORMAL_E1,ARTY_A7_100T_100MHZ,BOARD_COMMAND_TO_RESULT_ELAPSED,1,SUCCESS,8225,11,14,14,29806,302,0.000302,,,
64,60,0x92fe7cfd,0xb54e2773,FPGA_NORMAL_E1,ARTY_A7_100T_100MHZ,BOARD_COMMAND_TO_RESULT_ELAPSED,1,SUCCESS,3903,2,1,1,3571,41,4.1e-05,,,
64,61,0x1aecb060,0x9c545eba,FPGA_NORMAL_E1,ARTY_A7_100T_100MHZ,BOARD_COMMAND_TO_RESULT_ELAPSED,1,SUCCESS,13012,10,13,13,27574,281,0.000281,,,
64,62,0x91778cc3,0xbd1d1bc0,FPGA_NORMAL_E1,ARTY_A7_100T_100MHZ,BOARD_COMMAND_TO_RESULT_ELAPSED,1,SUCCESS,15288,5,4,4,11218,117,0.000117,,,
64,63,0xe6b7e7eb,0xd542988e,FPGA_NORMAL_E1,ARTY_A7_100T_100MHZ,BOARD_COMMAND_TO_RESULT_ELAPSED,1,SUCCESS,14567,10,11,11,24380,249,0.000249,,,
64,64,0x6770144c,0xd2d3c6e7,FPGA_NORMAL_E1,ARTY_A7_100T_100MHZ,BOARD_COMMAND_TO_RESULT_ELAPSED,1,SUCCESS,1801,10,10,10,23585,241,0.000241,,,
64,65,0xc600a248,0x0a1e0844,FPGA_NORMAL_E1,ARTY_A7_100T_100MHZ,BOARD_COMMAND_TO_RESULT_ELAPSED,1,SUCCESS,26,15,28,28,48506,490,0.00049,,,
64,66,0x1ea4f830,0x2ef0f28e,FPGA_NORMAL_E1,ARTY_A7_100T_100MHZ,BOARD_COMMAND_TO_RESULT_ELAPSED,1,SUCCESS,9302,13,26,26,43518,440,0.00044,,,
64,67,0x639604f3,0x7fe04f83,FPGA_NORMAL_E1,ARTY_A7_100T_100MHZ,BOARD_COMMAND_TO_RESULT_ELAPSED,1,SUCCESS,682,11,15,15,29814,302,0.000302,,,
64,68,0x6e084a84,0xb643b17e,FPGA_NORMAL_E1,ARTY_A7_100T_100MHZ,BOARD_COMMAND_TO_RESULT_ELAPSED,1,SUCCESS,1825,12,24,24,40973,415,0.000415,,,
64,69,0x3d7fc476,0x467d7a44,FPGA_NORMAL_E1,ARTY_A7_100T_100MHZ,BOARD_COMMAND_TO_RESULT_ELAPSED,1,SUCCESS,8225,15,23,23,43676,441,0.000441,,,
64,70,0xedca3875,0xefade11e,FPGA_NORMAL_E1,ARTY_A7_100T_100MHZ,BOARD_COMMAND_TO_RESULT_ELAPSED,1,SUCCESS,5531,15,40,40,60798,614,0.000614,,,
64,71,0xb883121d,0x095c678c,FPGA_NORMAL_E1,ARTY_A7_100T_100MHZ,BOARD_COMMAND_TO_RESULT_ELAPSED,1,SUCCESS,2852,16,27,27,49525,500,0.0005,,,
64,72,0xace22797,0xbc422a9a,FPGA_NORMAL_E1,ARTY_A7_100T_100MHZ,BOARD_COMMAND_TO_RESULT_ELAPSED,1,SUCCESS,13048,13,20,20,37308,378,0.000378,,,
64,73,0xefd3172d,0x8c2c3233,FPGA_NORMAL_E1,ARTY_A7_100T_100MHZ,BOARD_COMMAND_TO_RESULT_ELAPSED,1,SUCCESS,701,17,35,35,59178,596,0.000596,,,
64,74,0xe6aacdb5,0x7f1c158a,FPGA_NORMAL_E1,ARTY_A7_100T_100MHZ,BOARD_COMMAND_TO_RESULT_ELAPSED,1,SUCCESS,507,16,48,48,70298,709,0.000709,,,
64,75,0x6566c598,0xca804b00,FPGA_NORMAL_E1,ARTY_A7_100T_100MHZ,BOARD_COMMAND_TO_RESULT_ELAPSED,1,SUCCESS,10812,7,5,5,14864,154,0.000154,,,
64,76,0x4e646d9d,0xcbae5ac0,FPGA_NORMAL_E1,ARTY_A7_100T_100MHZ,BOARD_COMMAND_TO_RESULT_ELAPSED,1,SUCCESS,1801,15,36,36,56617,571,0.000571,,,
64,77,0x05d81d6f,0x260c4013,FPGA_NORMAL_E1,ARTY_A7_100T_100MHZ,BOARD_COMMAND_TO_RESULT_ELAPSED,1,SUCCESS,701,8,8,8,18330,189,0.000189,,,
64,78,0x2018f6a3,0x5728c7f4,FPGA_NORMAL_E1,ARTY_A7_100T_100MHZ,BOARD_COMMAND_TO_RESULT_ELAPSED,1,SUCCESS,5281,6,5,5,13234,137,0.000137,,,
64,79,0x718ebf0c,0x4d7d460c,FPGA_NORMAL_E1,ARTY_A7_100T_100MHZ,BOARD_COMMAND_TO_RESULT_ELAPSED,1,SUCCESS,8089,16,43,43,65152,657,0.000657,,,
64,80,0x042a8f17,0x2093b3f4,FPGA_NORMAL_E1,ARTY_A7_100T_100MHZ,BOARD_COMMAND_TO_RESULT_ELAPSED,1,SUCCESS,8799,8,4,4,14424,149,0.000149,,,
64,81,0xfc1c775d,0x35bd20f1,FPGA_NORMAL_E1,ARTY_A7_100T_100MHZ,BOARD_COMMAND_TO_RESULT_ELAPSED,1,SUCCESS,7786,7,6,6,15145,157,0.000157,,,
64,82,0x16b93b63,0x7d609ba5,FPGA_NORMAL_E1,ARTY_A7_100T_100MHZ,BOARD_COMMAND_TO_RESULT_ELAPSED,1,SUCCESS,10234,11,15,15,30669,312,0.000312,,,
64,83,0x8ce1028e,0xb152e7ef,FPGA_NORMAL_E1,ARTY_A7_100T_100MHZ,BOARD_COMMAND_TO_RESULT_ELAPSED,1,SUCCESS,5270,14,23,23,43185,437,0.000437,,,
64,84,0x87bad980,0x7dbefa97,FPGA_NORMAL_E1,ARTY_A7_100T_100MHZ,BOARD_COMMAND_TO_RESULT_ELAPSED,1,SUCCESS,14494,3,1,1,5182,58,5.8e-05,,,
64,85,0xd63d86f3,0xf5399cca,FPGA_NORMAL_E1,ARTY_A7_100T_100MHZ,BOARD_COMMAND_TO_RESULT_ELAPSED,1,SUCCESS,5200,10,13,13,26436,269,0.000269,,,
64,86,0xeeaba102,0x01560fc0,FPGA_NORMAL_E1,ARTY_A7_100T_100MHZ,BOARD_COMMAND_TO_RESULT_ELAPSED,1,SUCCESS,586,12,19,19,35157,356,0.000356,,,
64,87,0xc1fee4bb,0xc7e12d58,FPGA_NORMAL_E1,ARTY_A7_100T_100MHZ,BOARD_COMMAND_TO_RESULT_ELAPSED,1,SUCCESS,10593,13,23,23,40782,413,0.000413,,,
64,88,0x0707c9da,0xf644a3f9,FPGA_NORMAL_E1,ARTY_A7_100T_100MHZ,BOARD_COMMAND_TO_RESULT_ELAPSED,1,SUCCESS,7786,13,25,25,43073,436,0.000436,,,
64,89,0xde0d9c30,0x58a2ee8f,FPGA_NORMAL_E1,ARTY_A7_100T_100MHZ,BOARD_COMMAND_TO_RESULT_ELAPSED,1,SUCCESS,10931,10,13,13,27615,280,0.00028,,,
64,90,0x7cd0efc7,0x9f385cfb,FPGA_NORMAL_E1,ARTY_A7_100T_100MHZ,BOARD_COMMAND_TO_RESULT_ELAPSED,1,SUCCESS,16090,13,12,12,30048,306,0.000306,,,
64,91,0xe4cb50a6,0x94d13729,FPGA_NORMAL_E1,ARTY_A7_100T_100MHZ,BOARD_COMMAND_TO_RESULT_ELAPSED,1,SUCCESS,13048,14,18,18,37913,384,0.000384,,,
64,92,0xa0882219,0x18f75d24,FPGA_NORMAL_E1,ARTY_A7_100T_100MHZ,BOARD_COMMAND_TO_RESULT_ELAPSED,1,SUCCESS,5341,3,1,1,5282,57,5.7e-05,,,
64,93,0xc435e6f2,0xf75a52bc,FPGA_NORMAL_E1,ARTY_A7_100T_100MHZ,BOARD_COMMAND_TO_RESULT_ELAPSED,1,SUCCESS,13012,10,14,14,27643,282,0.000282,,,
64,94,0x011b63f0,0x0aa34346,FPGA_NORMAL_E1,ARTY_A7_100T_100MHZ,BOARD_COMMAND_TO_RESULT_ELAPSED,1,SUCCESS,507,13,21,21,38287,388,0.000388,,,
64,95,0x1b456e77,0xee460f94,FPGA_NORMAL_E1,ARTY_A7_100T_100MHZ,BOARD_COMMAND_TO_RESULT_ELAPSED,1,SUCCESS,507,20,75,75,104011,1045,0.001045,,,
64,96,0x10088608,0xef418331,FPGA_NORMAL_E1,ARTY_A7_100T_100MHZ,BOARD_COMMAND_TO_RESULT_ELAPSED,1,SUCCESS,13012,14,21,21,39812,404,0.000404,,,
64,97,0x6fcfc352,0xf8fa9f4c,FPGA_NORMAL_E1,ARTY_A7_100T_100MHZ,BOARD_COMMAND_TO_RESULT_ELAPSED,1,SUCCESS,1801,16,33,33,54889,554,0.000554,,,
64,98,0xfb6077af,0x713595a9,FPGA_NORMAL_E1,ARTY_A7_100T_100MHZ,BOARD_COMMAND_TO_RESULT_ELAPSED,1,SUCCESS,491,10,7,7,20391,209,0.000209,,,
64,99,0xc6ebb72e,0x08fdf109,FPGA_NORMAL_E1,ARTY_A7_100T_100MHZ,BOARD_COMMAND_TO_RESULT_ELAPSED,1,SUCCESS,5531,6,4,4,11933,124,0.000124,,,
256,0,0x7b1dcdaf,0x24370df2,FPGA_NORMAL_E1,ARTY_A7_100T_100MHZ,BOARD_COMMAND_TO_RESULT_ELAPSED,1,SUCCESS,15288,8,7,7,18100,185,0.000185,,,
256,1,0x3a85a4dc,0xa3b9aa35,FPGA_NORMAL_E1,ARTY_A7_100T_100MHZ,BOARD_COMMAND_TO_RESULT_ELAPSED,1,SUCCESS,5849,5,2,2,8849,94,9.4e-05,,,
256,2,0x6162a8b2,0x871c276f,FPGA_NORMAL_E1,ARTY_A7_100T_100MHZ,BOARD_COMMAND_TO_RESULT_ELAPSED,1,SUCCESS,8081,7,3,3,12289,127,0.000127,,,
256,3,0xc3adc34e,0xf5b8f22b,FPGA_NORMAL_E1,ARTY_A7_100T_100MHZ,BOARD_COMMAND_TO_RESULT_ELAPSED,1,SUCCESS,16060,9,8,8,20325,208,0.000208,,,
256,4,0x2bb073ff,0x3f8396e3,FPGA_NORMAL_E1,ARTY_A7_100T_100MHZ,BOARD_COMMAND_TO_RESULT_ELAPSED,1,SUCCESS,12680,12,17,17,33617,340,0.00034,,,
256,5,0xda585ab3,0xa7197ad7,FPGA_NORMAL_E1,ARTY_A7_100T_100MHZ,BOARD_COMMAND_TO_RESULT_ELAPSED,1,SUCCESS,7233,10,5,5,18357,189,0.000189,,,
256,6,0x0ed109c0,0x5701ce52,FPGA_NORMAL_E1,ARTY_A7_100T_100MHZ,BOARD_COMMAND_TO_RESULT_ELAPSED,1,SUCCESS,3716,7,7,7,16384,168,0.000168,,,
256,7,0x102ecf73,0x53c7612b,FPGA_NORMAL_E1,ARTY_A7_100T_100MHZ,BOARD_COMMAND_TO_RESULT_ELAPSED,1,SUCCESS,3545,8,8,8,18133,185,0.000185,,,
256,8,0xcf29b6a1,0x35231a84,FPGA_NORMAL_E1,ARTY_A7_100T_100MHZ,BOARD_COMMAND_TO_RESULT_ELAPSED,1,SUCCESS,11907,10,8,8,22152,226,0.000226,,,
256,9,0xc49cbb42,0xd0a3bbb8,FPGA_NORMAL_E1,ARTY_A7_100T_100MHZ,BOARD_COMMAND_TO_RESULT_ELAPSED,1,SUCCESS,12001,1,0,0,1445,20,2e-05,,,
256,10,0x4cc51d23,0xee0e3ab4,FPGA_NORMAL_E1,ARTY_A7_100T_100MHZ,BOARD_COMMAND_TO_RESULT_ELAPSED,1,SUCCESS,5451,4,2,2,7226,77,7.7e-05,,,
256,11,0xf9e8aa7a,0x3208c31a,FPGA_NORMAL_E1,ARTY_A7_100T_100MHZ,BOARD_COMMAND_TO_RESULT_ELAPSED,1,SUCCESS,873,12,19,19,35085,356,0.000356,,,
256,12,0xdda8b051,0xc8105c9d,FPGA_NORMAL_E1,ARTY_A7_100T_100MHZ,BOARD_COMMAND_TO_RESULT_ELAPSED,1,SUCCESS,90,5,3,3,9675,102,0.000102,,,
256,13,0xabfb11bf,0xf5dec75e,FPGA_NORMAL_E1,ARTY_A7_100T_100MHZ,BOARD_COMMAND_TO_RESULT_ELAPSED,1,SUCCESS,7326,6,5,5,13219,136,0.000136,,,
256,14,0x20639811,0x6b6a7c47,FPGA_NORMAL_E1,ARTY_A7_100T_100MHZ,BOARD_COMMAND_TO_RESULT_ELAPSED,1,SUCCESS,1930,6,7,7,15408,159,0.000159,,,
256,15,0xac72acd2,0xca84bc6c,FPGA_NORMAL_E1,ARTY_A7_100T_100MHZ,BOARD_COMMAND_TO_RESULT_ELAPSED,1,SUCCESS,13448,9,3,3,15189,157,0.000157,,,
256,16,0x49a2da79,0xe1376725,FPGA_NORMAL_E1,ARTY_A7_100T_100MHZ,BOARD_COMMAND_TO_RESULT_ELAPSED,1,SUCCESS,12329,6,4,4,11814,122,0.000122,,,
256,17,0x63a4e9d7,0x6166dba4,FPGA_NORMAL_E1,ARTY_A7_100T_100MHZ,BOARD_COMMAND_TO_RESULT_ELAPSED,1,SUCCESS,6247,7,6,6,15729,161,0.000161,,,
256,18,0x8983f102,0x43fb6183,FPGA_NORMAL_E1,ARTY_A7_100T_100MHZ,BOARD_COMMAND_TO_RESULT_ELAPSED,1,SUCCESS,4389,7,4,4,12995,135,0.000135,,,
256,19,0xb671aa78,0xc97ad8a2,FPGA_NORMAL_E1,ARTY_A7_100T_100MHZ,BOARD_COMMAND_TO_RESULT_ELAPSED,1,SUCCESS,13749,7,3,3,12645,132,0.000132,,,
256,20,0xdaeb566a,0x989e5b3d,FPGA_NORMAL_E1,ARTY_A7_100T_100MHZ,BOARD_COMMAND_TO_RESULT_ELAPSED,1,SUCCESS,6940,9,9,9,21670,222,0.000222,,,
256,21,0xf6181c00,0xa345ac4b,FPGA_NORMAL_E1,ARTY_A7_100T_100MHZ,BOARD_COMMAND_TO_RESULT_ELAPSED,1,SUCCESS,2302,9,4,4,16449,169,0.000169,,,
256,22,0x4e18d852,0xa08980df,FPGA_NORMAL_E1,ARTY_A7_100T_100MHZ,BOARD_COMMAND_TO_RESULT_ELAPSED,1,SUCCESS,7844,9,7,7,18451,189,0.000189,,,
256,23,0xa035ceba,0x611de4c4,FPGA_NORMAL_E1,ARTY_A7_100T_100MHZ,BOARD_COMMAND_TO_RESULT_ELAPSED,1,SUCCESS,6733,5,4,4,11050,116,0.000116,,,
256,24,0xc2416ee4,0x7323f479,FPGA_NORMAL_E1,ARTY_A7_100T_100MHZ,BOARD_COMMAND_TO_RESULT_ELAPSED,1,SUCCESS,4724,8,10,10,20357,210,0.00021,,,
256,25,0xfbdafbdd,0xa0c0cf2f,FPGA_NORMAL_E1,ARTY_A7_100T_100MHZ,BOARD_COMMAND_TO_RESULT_ELAPSED,1,SUCCESS,9555,12,14,14,29966,304,0.000304,,,
256,26,0xa43fbf47,0x8de97b10,FPGA_NORMAL_E1,ARTY_A7_100T_100MHZ,BOARD_COMMAND_TO_RESULT_ELAPSED,1,SUCCESS,6702,9,6,6,17366,180,0.00018,,,
256,27,0x6811f7c1,0xcb07044a,FPGA_NORMAL_E1,ARTY_A7_100T_100MHZ,BOARD_COMMAND_TO_RESULT_ELAPSED,1,SUCCESS,10532,6,4,4,12087,125,0.000125,,,
256,28,0x610dde2c,0x8cf5deb9,FPGA_NORMAL_E1,ARTY_A7_100T_100MHZ,BOARD_COMMAND_TO_RESULT_ELAPSED,1,SUCCESS,314,8,7,7,17873,184,0.000184,,,
256,29,0x82241b87,0xbbe27f39,FPGA_NORMAL_E1,ARTY_A7_100T_100MHZ,BOARD_COMMAND_TO_RESULT_ELAPSED,1,SUCCESS,14410,7,6,6,16167,167,0.000167,,,
256,30,0x48647490,0xea9551eb,FPGA_NORMAL_E1,ARTY_A7_100T_100MHZ,BOARD_COMMAND_TO_RESULT_ELAPSED,1,SUCCESS,4956,9,7,7,18794,194,0.000194,,,
256,31,0x63df3b7f,0xa8b057e1,FPGA_NORMAL_E1,ARTY_A7_100T_100MHZ,BOARD_COMMAND_TO_RESULT_ELAPSED,1,SUCCESS,15859,9,10,10,22862,233,0.000233,,,
256,32,0x433125bb,0x3221fef0,FPGA_NORMAL_E1,ARTY_A7_100T_100MHZ,BOARD_COMMAND_TO_RESULT_ELAPSED,1,SUCCESS,11246,10,12,12,25500,260,0.00026,,,
256,33,0x7943be40,0x6641ee79,FPGA_NORMAL_E1,ARTY_A7_100T_100MHZ,BOARD_COMMAND_TO_RESULT_ELAPSED,1,SUCCESS,825,8,8,8,18528,191,0.000191,,,
256,34,0x26c93252,0x675d2908,FPGA_NORMAL_E1,ARTY_A7_100T_100MHZ,BOARD_COMMAND_TO_RESULT_ELAPSED,1,SUCCESS,10842,7,5,5,14911,154,0.000154,,,
256,35,0xdbe3ed49,0xa7cfea56,FPGA_NORMAL_E1,ARTY_A7_100T_100MHZ,BOARD_COMMAND_TO_RESULT_ELAPSED,1,SUCCESS,9972,6,6,6,14329,147,0.000147,,,
256,36,0xc2ec9bb4,0xbfc0ae9e,FPGA_NORMAL_E1,ARTY_A7_100T_100MHZ,BOARD_COMMAND_TO_RESULT_ELAPSED,1,SUCCESS,16297,6,3,3,11838,124,0.000124,,,
256,37,0xe7ec8559,0x307064ac,FPGA_NORMAL_E1,ARTY_A7_100T_100MHZ,BOARD_COMMAND_TO_RESULT_ELAPSED,1,SUCCESS,1456,5,4,4,10391,108,0.000108,,,
256,38,0xccb88b54,0x2cf00158,FPGA_NORMAL_E1,ARTY_A7_100T_100MHZ,BOARD_COMMAND_TO_RESULT_ELAPSED,1,SUCCESS,11990,6,5,5,13713,143,0.000143,,,
256,39,0xb512e6a4,0x2b9e708c,FPGA_NORMAL_E1,ARTY_A7_100T_100MHZ,BOARD_COMMAND_TO_RESULT_ELAPSED,1,SUCCESS,10839,4,2,2,7305,78,7.8e-05,,,
256,40,0x7e2c3d82,0xa69fb195,FPGA_NORMAL_E1,ARTY_A7_100T_100MHZ,BOARD_COMMAND_TO_RESULT_ELAPSED,1,SUCCESS,586,5,4,4,10933,114,0.000114,,,
256,41,0x58b3e5ad,0x23a21253,FPGA_NORMAL_E1,ARTY_A7_100T_100MHZ,BOARD_COMMAND_TO_RESULT_ELAPSED,1,SUCCESS,7400,5,4,4,10594,112,0.000112,,,
256,42,0x9a07c40b,0x3ea78d8c,FPGA_NORMAL_E1,ARTY_A7_100T_100MHZ,BOARD_COMMAND_TO_RESULT_ELAPSED,1,SUCCESS,507,10,8,8,21585,220,0.00022,,,
256,43,0xf1f9a54b,0x7b00db61,FPGA_NORMAL_E1,ARTY_A7_100T_100MHZ,BOARD_COMMAND_TO_RESULT_ELAPSED,1,SUCCESS,160,6,3,3,10468,110,0.00011,,,
256,44,0xfba6212d,0xb8b8356a,FPGA_NORMAL_E1,ARTY_A7_100T_100MHZ,BOARD_COMMAND_TO_RESULT_ELAPSED,1,SUCCESS,7400,11,8,8,22543,230,0.00023,,,
256,45,0x1ca60615,0xd753b84a,FPGA_NORMAL_E1,ARTY_A7_100T_100MHZ,BOARD_COMMAND_TO_RESULT_ELAPSED,1,SUCCESS,8996,6,4,4,11792,122,0.000122,,,
256,46,0xa085c93e,0x19b8504d,FPGA_NORMAL_E1,ARTY_A7_100T_100MHZ,BOARD_COMMAND_TO_RESULT_ELAPSED,1,SUCCESS,15586,8,6,6,17200,178,0.000178,,,
256,47,0x18190603,0xad0438b2,FPGA_NORMAL_E1,ARTY_A7_100T_100MHZ,BOARD_COMMAND_TO_RESULT_ELAPSED,1,SUCCESS,56,9,6,6,18321,189,0.000189,,,
256,48,0xc1143c78,0xbbdab3cd,FPGA_NORMAL_E1,ARTY_A7_100T_100MHZ,BOARD_COMMAND_TO_RESULT_ELAPSED,1,SUCCESS,10265,11,7,7,22310,228,0.000228,,,
256,49,0x332063fc,0x222ba57c,FPGA_NORMAL_E1,ARTY_A7_100T_100MHZ,BOARD_COMMAND_TO_RESULT_ELAPSED,1,SUCCESS,5281,9,6,6,18805,194,0.000194,,,
256,50,0xd6f4066b,0xab9eb714,FPGA_NORMAL_E1,ARTY_A7_100T_100MHZ,BOARD_COMMAND_TO_RESULT_ELAPSED,1,SUCCESS,2160,13,15,15,31777,323,0.000323,,,
256,51,0x64b9628c,0x9cd8b518,FPGA_NORMAL_E1,ARTY_A7_100T_100MHZ,BOARD_COMMAND_TO_RESULT_ELAPSED,1,SUCCESS,6300,5,4,4,10564,111,0.000111,,,
256,52,0x894e6771,0x8a255c2e,FPGA_NORMAL_E1,ARTY_A7_100T_100MHZ,BOARD_COMMAND_TO_RESULT_ELAPSED,1,SUCCESS,13448,3,1,1,5583,61,6.1e-05,,,
256,53,0xe3e668e8,0xff1f20c3,FPGA_NORMAL_E1,ARTY_A7_100T_100MHZ,BOARD_COMMAND_TO_RESULT_ELAPSED,1,SUCCESS,8799,9,7,7,19527,200,0.0002,,,
256,54,0x36980406,0xfbdbfa61,FPGA_NORMAL_E1,ARTY_A7_100T_100MHZ,BOARD_COMMAND_TO_RESULT_ELAPSED,1,SUCCESS,7615,4,2,2,7254,79,7.9e-05,,,
256,55,0x114d2b4a,0xa617ad4e,FPGA_NORMAL_E1,ARTY_A7_100T_100MHZ,BOARD_COMMAND_TO_RESULT_ELAPSED,1,SUCCESS,12785,4,2,2,7711,83,8.3e-05,,,
256,56,0x3b8907e1,0x0c6cbd10,FPGA_NORMAL_E1,ARTY_A7_100T_100MHZ,BOARD_COMMAND_TO_RESULT_ELAPSED,1,SUCCESS,7780,7,4,4,13561,141,0.000141,,,
256,57,0x2cd09c1d,0x964fb1a7,FPGA_NORMAL_E1,ARTY_A7_100T_100MHZ,BOARD_COMMAND_TO_RESULT_ELAPSED,1,SUCCESS,9459,7,2,2,10803,113,0.000113,,,
256,58,0x6d7a8604,0xbd6f99c6,FPGA_NORMAL_E1,ARTY_A7_100T_100MHZ,BOARD_COMMAND_TO_RESULT_ELAPSED,1,SUCCESS,8225,5,4,4,11028,116,0.000116,,,
256,59,0x1fadaf42,0x60010aa3,FPGA_NORMAL_E1,ARTY_A7_100T_100MHZ,BOARD_COMMAND_TO_RESULT_ELAPSED,1,SUCCESS,4389,6,5,5,13701,142,0.000142,,,
256,60,0x92fe7cfd,0xb54e2773,FPGA_NORMAL_E1,ARTY_A7_100T_100MHZ,BOARD_COMMAND_TO_RESULT_ELAPSED,1,SUCCESS,11343,9,10,10,21800,223,0.000223,,,
256,61,0x1aecb060,0x9c545eba,FPGA_NORMAL_E1,ARTY_A7_100T_100MHZ,BOARD_COMMAND_TO_RESULT_ELAPSED,1,SUCCESS,12329,11,17,17,32984,334,0.000334,,,
256,62,0x91778cc3,0xbd1d1bc0,FPGA_NORMAL_E1,ARTY_A7_100T_100MHZ,BOARD_COMMAND_TO_RESULT_ELAPSED,1,SUCCESS,5666,10,13,13,27152,277,0.000277,,,
256,63,0xe6b7e7eb,0xd542988e,FPGA_NORMAL_E1,ARTY_A7_100T_100MHZ,BOARD_COMMAND_TO_RESULT_ELAPSED,1,SUCCESS,14388,10,11,11,24366,248,0.000248,,,
256,64,0x6770144c,0xd2d3c6e7,FPGA_NORMAL_E1,ARTY_A7_100T_100MHZ,BOARD_COMMAND_TO_RESULT_ELAPSED,1,SUCCESS,3410,8,4,4,14761,152,0.000152,,,
256,65,0xc600a248,0x0a1e0844,FPGA_NORMAL_E1,ARTY_A7_100T_100MHZ,BOARD_COMMAND_TO_RESULT_ELAPSED,1,SUCCESS,10195,6,3,3,10959,114,0.000114,,,
256,66,0x1ea4f830,0x2ef0f28e,FPGA_NORMAL_E1,ARTY_A7_100T_100MHZ,BOARD_COMMAND_TO_RESULT_ELAPSED,1,SUCCESS,1133,6,2,2,9691,102,0.000102,,,
256,67,0x639604f3,0x7fe04f83,FPGA_NORMAL_E1,ARTY_A7_100T_100MHZ,BOARD_COMMAND_TO_RESULT_ELAPSED,1,SUCCESS,5270,10,10,10,23612,240,0.00024,,,
256,68,0x6e084a84,0xb643b17e,FPGA_NORMAL_E1,ARTY_A7_100T_100MHZ,BOARD_COMMAND_TO_RESULT_ELAPSED,1,SUCCESS,8996,8,6,6,16796,173,0.000173,,,
256,69,0x3d7fc476,0x467d7a44,FPGA_NORMAL_E1,ARTY_A7_100T_100MHZ,BOARD_COMMAND_TO_RESULT_ELAPSED,1,SUCCESS,15374,7,3,3,12600,130,0.00013,,,
256,70,0xedca3875,0xefade11e,FPGA_NORMAL_E1,ARTY_A7_100T_100MHZ,BOARD_COMMAND_TO_RESULT_ELAPSED,1,SUCCESS,2789,4,3,3,8083,86,8.6e-05,,,
256,71,0xb883121d,0x095c678c,FPGA_NORMAL_E1,ARTY_A7_100T_100MHZ,BOARD_COMMAND_TO_RESULT_ELAPSED,1,SUCCESS,15233,8,6,6,16943,175,0.000175,,,
256,72,0xace22797,0xbc422a9a,FPGA_NORMAL_E1,ARTY_A7_100T_100MHZ,BOARD_COMMAND_TO_RESULT_ELAPSED,1,SUCCESS,1859,7,4,4,13384,138,0.000138,,,
256,73,0xefd3172d,0x8c2c3233,FPGA_NORMAL_E1,ARTY_A7_100T_100MHZ,BOARD_COMMAND_TO_RESULT_ELAPSED,1,SUCCESS,9230,7,6,6,15777,163,0.000163,,,
256,74,0xe6aacdb5,0x7f1c158a,FPGA_NORMAL_E1,ARTY_A7_100T_100MHZ,BOARD_COMMAND_TO_RESULT_ELAPSED,1,SUCCESS,2442,6,2,2,10064,105,0.000105,,,
256,75,0x6566c598,0xca804b00,FPGA_NORMAL_E1,ARTY_A7_100T_100MHZ,BOARD_COMMAND_TO_RESULT_ELAPSED,1,SUCCESS,14410,2,1,1,3982,45,4.5e-05,,,
256,76,0x4e646d9d,0xcbae5ac0,FPGA_NORMAL_E1,ARTY_A7_100T_100MHZ,BOARD_COMMAND_TO_RESULT_ELAPSED,1,SUCCESS,13239,9,10,10,21714,222,0.000222,,,
256,77,0x05d81d6f,0x260c4013,FPGA_NORMAL_E1,ARTY_A7_100T_100MHZ,BOARD_COMMAND_TO_RESULT_ELAPSED,1,SUCCESS,9230,7,5,5,14090,146,0.000146,,,
256,78,0x2018f6a3,0x5728c7f4,FPGA_NORMAL_E1,ARTY_A7_100T_100MHZ,BOARD_COMMAND_TO_RESULT_ELAPSED,1,SUCCESS,3237,2,1,1,3548,40,4e-05,,,
256,79,0x718ebf0c,0x4d7d460c,FPGA_NORMAL_E1,ARTY_A7_100T_100MHZ,BOARD_COMMAND_TO_RESULT_ELAPSED,1,SUCCESS,11111,2,1,1,3735,42,4.2e-05,,,
256,80,0x042a8f17,0x2093b3f4,FPGA_NORMAL_E1,ARTY_A7_100T_100MHZ,BOARD_COMMAND_TO_RESULT_ELAPSED,1,SUCCESS,8089,10,10,10,23356,239,0.000239,,,
256,81,0xfc1c775d,0x35bd20f1,FPGA_NORMAL_E1,ARTY_A7_100T_100MHZ,BOARD_COMMAND_TO_RESULT_ELAPSED,1,SUCCESS,9492,6,4,4,11755,123,0.000123,,,
256,82,0x16b93b63,0x7d609ba5,FPGA_NORMAL_E1,ARTY_A7_100T_100MHZ,BOARD_COMMAND_TO_RESULT_ELAPSED,1,SUCCESS,14992,3,1,1,5573,61,6.1e-05,,,
256,83,0x8ce1028e,0xb152e7ef,FPGA_NORMAL_E1,ARTY_A7_100T_100MHZ,BOARD_COMMAND_TO_RESULT_ELAPSED,1,SUCCESS,15859,3,2,2,6424,68,6.8e-05,,,
256,84,0x87bad980,0x7dbefa97,FPGA_NORMAL_E1,ARTY_A7_100T_100MHZ,BOARD_COMMAND_TO_RESULT_ELAPSED,1,SUCCESS,10082,6,4,4,11881,124,0.000124,,,
256,85,0xd63d86f3,0xf5399cca,FPGA_NORMAL_E1,ARTY_A7_100T_100MHZ,BOARD_COMMAND_TO_RESULT_ELAPSED,1,SUCCESS,8851,9,10,10,22055,225,0.000225,,,
256,86,0xeeaba102,0x01560fc0,FPGA_NORMAL_E1,ARTY_A7_100T_100MHZ,BOARD_COMMAND_TO_RESULT_ELAPSED,1,SUCCESS,10812,11,13,13,27850,284,0.000284,,,
256,87,0xc1fee4bb,0xc7e12d58,FPGA_NORMAL_E1,ARTY_A7_100T_100MHZ,BOARD_COMMAND_TO_RESULT_ELAPSED,1,SUCCESS,6247,12,15,15,31107,317,0.000317,,,
256,88,0x0707c9da,0xf644a3f9,FPGA_NORMAL_E1,ARTY_A7_100T_100MHZ,BOARD_COMMAND_TO_RESULT_ELAPSED,1,SUCCESS,1038,6,3,3,10983,115,0.000115,,,
256,89,0xde0d9c30,0x58a2ee8f,FPGA_NORMAL_E1,ARTY_A7_100T_100MHZ,BOARD_COMMAND_TO_RESULT_ELAPSED,1,SUCCESS,10532,10,13,13,27525,280,0.00028,,,
256,90,0x7cd0efc7,0x9f385cfb,FPGA_NORMAL_E1,ARTY_A7_100T_100MHZ,BOARD_COMMAND_TO_RESULT_ELAPSED,1,SUCCESS,15943,13,12,12,30019,306,0.000306,,,
256,91,0xe4cb50a6,0x94d13729,FPGA_NORMAL_E1,ARTY_A7_100T_100MHZ,BOARD_COMMAND_TO_RESULT_ELAPSED,1,SUCCESS,9960,4,1,1,6704,72,7.2e-05,,,
256,92,0xa0882219,0x18f75d24,FPGA_NORMAL_E1,ARTY_A7_100T_100MHZ,BOARD_COMMAND_TO_RESULT_ELAPSED,1,SUCCESS,8081,4,1,1,6602,70,7e-05,,,
256,93,0xc435e6f2,0xf75a52bc,FPGA_NORMAL_E1,ARTY_A7_100T_100MHZ,BOARD_COMMAND_TO_RESULT_ELAPSED,1,SUCCESS,12684,10,14,14,27608,281,0.000281,,,
256,94,0x011b63f0,0x0aa34346,FPGA_NORMAL_E1,ARTY_A7_100T_100MHZ,BOARD_COMMAND_TO_RESULT_ELAPSED,1,SUCCESS,2888,7,3,3,11778,122,0.000122,,,
256,95,0x1b456e77,0xee460f94,FPGA_NORMAL_E1,ARTY_A7_100T_100MHZ,BOARD_COMMAND_TO_RESULT_ELAPSED,1,SUCCESS,2852,9,7,7,19624,201,0.000201,,,
256,96,0x10088608,0xef418331,FPGA_NORMAL_E1,ARTY_A7_100T_100MHZ,BOARD_COMMAND_TO_RESULT_ELAPSED,1,SUCCESS,1456,4,2,2,6804,73,7.3e-05,,,
256,97,0x6fcfc352,0xf8fa9f4c,FPGA_NORMAL_E1,ARTY_A7_100T_100MHZ,BOARD_COMMAND_TO_RESULT_ELAPSED,1,SUCCESS,13286,6,3,3,11243,117,0.000117,,,
256,98,0xfb6077af,0x713595a9,FPGA_NORMAL_E1,ARTY_A7_100T_100MHZ,BOARD_COMMAND_TO_RESULT_ELAPSED,1,SUCCESS,10964,2,1,1,3719,42,4.2e-05,,,
256,99,0xc6ebb72e,0x08fdf109,FPGA_NORMAL_E1,ARTY_A7_100T_100MHZ,BOARD_COMMAND_TO_RESULT_ELAPSED,1,SUCCESS,2852,5,2,2,8579,91,9.1e-05,,,
1,0,0x7b1dcdaf,0x24370df2,FPGA_K4H4_E1,ARTY_A7_100T_100MHZ,BOARD_COMMAND_TO_RESULT_ELAPSED,1,SUCCESS,507,25,308,70,100177,1007,0.001007,,,
1,1,0x3a85a4dc,0xa3b9aa35,FPGA_K4H4_E1,ARTY_A7_100T_100MHZ,BOARD_COMMAND_TO_RESULT_ELAPSED,1,SUCCESS,507,15,23,9,22147,226,0.000226,,,
1,2,0x6162a8b2,0x871c276f,FPGA_K4H4_E1,ARTY_A7_100T_100MHZ,BOARD_COMMAND_TO_RESULT_ELAPSED,1,SUCCESS,507,22,181,40,62558,631,0.000631,,,
1,3,0xc3adc34e,0xf5b8f22b,FPGA_K4H4_E1,ARTY_A7_100T_100MHZ,BOARD_COMMAND_TO_RESULT_ELAPSED,1,SUCCESS,507,25,239,51,77526,779,0.000779,,,
1,4,0x2bb073ff,0x3f8396e3,FPGA_K4H4_E1,ARTY_A7_100T_100MHZ,BOARD_COMMAND_TO_RESULT_ELAPSED,1,SUCCESS,507,24,240,58,83884,844,0.000844,,,
1,5,0xda585ab3,0xa7197ad7,FPGA_K4H4_E1,ARTY_A7_100T_100MHZ,BOARD_COMMAND_TO_RESULT_ELAPSED,1,SUCCESS,507,23,155,41,62628,631,0.000631,,,
1,6,0x0ed109c0,0x5701ce52,FPGA_K4H4_E1,ARTY_A7_100T_100MHZ,BOARD_COMMAND_TO_RESULT_ELAPSED,1,SUCCESS,507,9,14,4,11897,124,0.000124,,,
1,7,0x102ecf73,0x53c7612b,FPGA_K4H4_E1,ARTY_A7_100T_100MHZ,BOARD_COMMAND_TO_RESULT_ELAPSED,1,SUCCESS,507,23,180,52,73675,741,0.000741,,,
1,8,0xcf29b6a1,0x35231a84,FPGA_K4H4_E1,ARTY_A7_100T_100MHZ,BOARD_COMMAND_TO_RESULT_ELAPSED,1,SUCCESS,507,26,261,83,109490,1100,0.0011,,,
1,9,0xc49cbb42,0xd0a3bbb8,FPGA_K4H4_E1,ARTY_A7_100T_100MHZ,BOARD_COMMAND_TO_RESULT_ELAPSED,1,SUCCESS,507,24,148,57,81186,817,0.000817,,,
1,10,0x4cc51d23,0xee0e3ab4,FPGA_K4H4_E1,ARTY_A7_100T_100MHZ,BOARD_COMMAND_TO_RESULT_ELAPSED,1,SUCCESS,507,20,93,30,48628,490,0.00049,,,
1,11,0xf9e8aa7a,0x3208c31a,FPGA_K4H4_E1,ARTY_A7_100T_100MHZ,BOARD_COMMAND_TO_RESULT_ELAPSED,1,SUCCESS,507,23,175,44,68637,691,0.000691,,,
1,12,0xdda8b051,0xc8105c9d,FPGA_K4H4_E1,ARTY_A7_100T_100MHZ,BOARD_COMMAND_TO_RESULT_ELAPSED,1,SUCCESS,507,18,42,10,25958,264,0.000264,,,
1,13,0xabfb11bf,0xf5dec75e,FPGA_K4H4_E1,ARTY_A7_100T_100MHZ,BOARD_COMMAND_TO_RESULT_ELAPSED,1,SUCCESS,507,24,218,52,77845,783,0.000783,,,
1,14,0x20639811,0x6b6a7c47,FPGA_K4H4_E1,ARTY_A7_100T_100MHZ,BOARD_COMMAND_TO_RESULT_ELAPSED,1,SUCCESS,507,21,133,36,59334,598,0.000598,,,
1,15,0xac72acd2,0xca84bc6c,FPGA_K4H4_E1,ARTY_A7_100T_100MHZ,BOARD_COMMAND_TO_RESULT_ELAPSED,1,SUCCESS,507,27,333,101,131574,1320,0.00132,,,
1,16,0x49a2da79,0xe1376725,FPGA_K4H4_E1,ARTY_A7_100T_100MHZ,BOARD_COMMAND_TO_RESULT_ELAPSED,1,SUCCESS,507,25,225,45,69469,699,0.000699,,,
1,17,0x63a4e9d7,0x6166dba4,FPGA_K4H4_E1,ARTY_A7_100T_100MHZ,BOARD_COMMAND_TO_RESULT_ELAPSED,1,SUCCESS,507,25,152,35,61386,618,0.000618,,,
1,18,0x8983f102,0x43fb6183,FPGA_K4H4_E1,ARTY_A7_100T_100MHZ,BOARD_COMMAND_TO_RESULT_ELAPSED,1,SUCCESS,507,24,216,70,95252,958,0.000958,,,
1,19,0xb671aa78,0xc97ad8a2,FPGA_K4H4_E1,ARTY_A7_100T_100MHZ,BOARD_COMMAND_TO_RESULT_ELAPSED,1,SUCCESS,507,22,122,42,65686,661,0.000661,,,
1,20,0xdaeb566a,0x989e5b3d,FPGA_K4H4_E1,ARTY_A7_100T_100MHZ,BOARD_COMMAND_TO_RESULT_ELAPSED,1,SUCCESS,507,27,311,100,129272,1298,0.001298,,,
1,21,0xf6181c00,0xa345ac4b,FPGA_K4H4_E1,ARTY_A7_100T_100MHZ,BOARD_COMMAND_TO_RESULT_ELAPSED,1,SUCCESS,507,26,200,62,94180,947,0.000947,,,
1,22,0x4e18d852,0xa08980df,FPGA_K4H4_E1,ARTY_A7_100T_100MHZ,BOARD_COMMAND_TO_RESULT_ELAPSED,1,SUCCESS,507,15,37,9,21764,222,0.000222,,,
1,23,0xa035ceba,0x611de4c4,FPGA_K4H4_E1,ARTY_A7_100T_100MHZ,BOARD_COMMAND_TO_RESULT_ELAPSED,1,SUCCESS,507,23,141,31,56539,571,0.000571,,,
1,24,0xc2416ee4,0x7323f479,FPGA_K4H4_E1,ARTY_A7_100T_100MHZ,BOARD_COMMAND_TO_RESULT_ELAPSED,1,SUCCESS,507,21,159,37,57567,581,0.000581,,,
1,25,0xfbdafbdd,0xa0c0cf2f,FPGA_K4H4_E1,ARTY_A7_100T_100MHZ,BOARD_COMMAND_TO_RESULT_ELAPSED,1,SUCCESS,507,25,210,79,107458,1080,0.00108,,,
1,26,0xa43fbf47,0x8de97b10,FPGA_K4H4_E1,ARTY_A7_100T_100MHZ,BOARD_COMMAND_TO_RESULT_ELAPSED,1,SUCCESS,507,27,215,61,87340,877,0.000877,,,
1,27,0x6811f7c1,0xcb07044a,FPGA_K4H4_E1,ARTY_A7_100T_100MHZ,BOARD_COMMAND_TO_RESULT_ELAPSED,1,SUCCESS,507,24,174,40,63756,642,0.000642,,,
1,28,0x610dde2c,0x8cf5deb9,FPGA_K4H4_E1,ARTY_A7_100T_100MHZ,BOARD_COMMAND_TO_RESULT_ELAPSED,1,SUCCESS,507,25,256,63,87408,879,0.000879,,,
1,29,0x82241b87,0xbbe27f39,FPGA_K4H4_E1,ARTY_A7_100T_100MHZ,BOARD_COMMAND_TO_RESULT_ELAPSED,1,SUCCESS,507,21,133,37,57017,575,0.000575,,,
1,30,0x48647490,0xea9551eb,FPGA_K4H4_E1,ARTY_A7_100T_100MHZ,BOARD_COMMAND_TO_RESULT_ELAPSED,1,SUCCESS,507,19,63,25,44299,448,0.000448,,,
1,31,0x63df3b7f,0xa8b057e1,FPGA_K4H4_E1,ARTY_A7_100T_100MHZ,BOARD_COMMAND_TO_RESULT_ELAPSED,1,SUCCESS,507,27,273,74,101347,1018,0.001018,,,
1,32,0x433125bb,0x3221fef0,FPGA_K4H4_E1,ARTY_A7_100T_100MHZ,BOARD_COMMAND_TO_RESULT_ELAPSED,1,SUCCESS,507,22,93,25,46805,473,0.000473,,,
1,33,0x7943be40,0x6641ee79,FPGA_K4H4_E1,ARTY_A7_100T_100MHZ,BOARD_COMMAND_TO_RESULT_ELAPSED,1,SUCCESS,507,19,93,26,45183,458,0.000458,,,
1,34,0x26c93252,0x675d2908,FPGA_K4H4_E1,ARTY_A7_100T_100MHZ,BOARD_COMMAND_TO_RESULT_ELAPSED,1,SUCCESS,507,27,290,106,135819,1363,0.001363,,,
1,35,0xdbe3ed49,0xa7cfea56,FPGA_K4H4_E1,ARTY_A7_100T_100MHZ,BOARD_COMMAND_TO_RESULT_ELAPSED,1,SUCCESS,507,16,40,12,27433,279,0.000279,,,
1,36,0xc2ec9bb4,0xbfc0ae9e,FPGA_K4H4_E1,ARTY_A7_100T_100MHZ,BOARD_COMMAND_TO_RESULT_ELAPSED,1,SUCCESS,507,24,229,51,73963,745,0.000745,,,
1,37,0xe7ec8559,0x307064ac,FPGA_K4H4_E1,ARTY_A7_100T_100MHZ,BOARD_COMMAND_TO_RESULT_ELAPSED,1,SUCCESS,507,23,169,43,66083,666,0.000666,,,
1,38,0xccb88b54,0x2cf00158,FPGA_K4H4_E1,ARTY_A7_100T_100MHZ,BOARD_COMMAND_TO_RESULT_ELAPSED,1,SUCCESS,507,21,123,26,46202,467,0.000467,,,
1,39,0xb512e6a4,0x2b9e708c,FPGA_K4H4_E1,ARTY_A7_100T_100MHZ,BOARD_COMMAND_TO_RESULT_ELAPSED,1,SUCCESS,507,21,105,29,50712,512,0.000512,,,
1,40,0x7e2c3d82,0xa69fb195,FPGA_K4H4_E1,ARTY_A7_100T_100MHZ,BOARD_COMMAND_TO_RESULT_ELAPSED,1,SUCCESS,507,18,48,13,29978,304,0.000304,,,
1,41,0x58b3e5ad,0x23a21253,FPGA_K4H4_E1,ARTY_A7_100T_100MHZ,BOARD_COMMAND_TO_RESULT_ELAPSED,1,SUCCESS,507,24,196,73,96820,973,0.000973,,,
1,42,0x9a07c40b,0x3ea78d8c,FPGA_K4H4_E1,ARTY_A7_100T_100MHZ,BOARD_COMMAND_TO_RESULT_ELAPSED,1,SUCCESS,507,21,126,35,55864,563,0.000563,,,
1,43,0xf1f9a54b,0x7b00db61,FPGA_K4H4_E1,ARTY_A7_100T_100MHZ,BOARD_COMMAND_TO_RESULT_ELAPSED,1,SUCCESS,507,28,252,57,89217,896,0.000896,,,
1,44,0xfba6212d,0xb8b8356a,FPGA_K4H4_E1,ARTY_A7_100T_100MHZ,BOARD_COMMAND_TO_RESULT_ELAPSED,1,SUCCESS,507,28,368,115,143303,1438,0.001438,,,
1,45,0x1ca60615,0xd753b84a,FPGA_K4H4_E1,ARTY_A7_100T_100MHZ,BOARD_COMMAND_TO_RESULT_ELAPSED,1,SUCCESS,507,21,131,33,52001,525,0.000525,,,
1,46,0xa085c93e,0x19b8504d,FPGA_K4H4_E1,ARTY_A7_100T_100MHZ,BOARD_COMMAND_TO_RESULT_ELAPSED,1,SUCCESS,507,20,96,20,39478,401,0.000401,,,
1,47,0x18190603,0xad0438b2,FPGA_K4H4_E1,ARTY_A7_100T_100MHZ,BOARD_COMMAND_TO_RESULT_ELAPSED,1,SUCCESS,507,21,120,26,45816,464,0.000464,,,
1,48,0xc1143c78,0xbbdab3cd,FPGA_K4H4_E1,ARTY_A7_100T_100MHZ,BOARD_COMMAND_TO_RESULT_ELAPSED,1,SUCCESS,507,25,157,36,64286,649,0.000649,,,
1,49,0x332063fc,0x222ba57c,FPGA_K4H4_E1,ARTY_A7_100T_100MHZ,BOARD_COMMAND_TO_RESULT_ELAPSED,1,SUCCESS,507,23,148,40,62808,632,0.000632,,,
1,50,0xd6f4066b,0xab9eb714,FPGA_K4H4_E1,ARTY_A7_100T_100MHZ,BOARD_COMMAND_TO_RESULT_ELAPSED,1,SUCCESS,507,26,275,63,87605,881,0.000881,,,
1,51,0x64b9628c,0x9cd8b518,FPGA_K4H4_E1,ARTY_A7_100T_100MHZ,BOARD_COMMAND_TO_RESULT_ELAPSED,1,SUCCESS,507,22,122,23,44485,449,0.000449,,,
1,52,0x894e6771,0x8a255c2e,FPGA_K4H4_E1,ARTY_A7_100T_100MHZ,BOARD_COMMAND_TO_RESULT_ELAPSED,1,SUCCESS,507,26,256,85,115885,1164,0.001164,,,
1,53,0xe3e668e8,0xff1f20c3,FPGA_K4H4_E1,ARTY_A7_100T_100MHZ,BOARD_COMMAND_TO_RESULT_ELAPSED,1,SUCCESS,507,24,167,43,66738,672,0.000672,,,
1,54,0x36980406,0xfbdbfa61,FPGA_K4H4_E1,ARTY_A7_100T_100MHZ,BOARD_COMMAND_TO_RESULT_ELAPSED,1,SUCCESS,507,25,283,69,94879,954,0.000954,,,
1,55,0x114d2b4a,0xa617ad4e,FPGA_K4H4_E1,ARTY_A7_100T_100MHZ,BOARD_COMMAND_TO_RESULT_ELAPSED,1,SUCCESS,507,26,269,83,109695,1101,0.001101,,,
1,56,0x3b8907e1,0x0c6cbd10,FPGA_K4H4_E1,ARTY_A7_100T_100MHZ,BOARD_COMMAND_TO_RESULT_ELAPSED,1,SUCCESS,507,23,142,54,76606,772,0.000772,,,
1,57,0x2cd09c1d,0x964fb1a7,FPGA_K4H4_E1,ARTY_A7_100T_100MHZ,BOARD_COMMAND_TO_RESULT_ELAPSED,1,SUCCESS,507,24,241,53,76057,765,0.000765,,,
1,58,0x6d7a8604,0xbd6f99c6,FPGA_K4H4_E1,ARTY_A7_100T_100MHZ,BOARD_COMMAND_TO_RESULT_ELAPSED,1,SUCCESS,507,28,369,134,167976,1685,0.001685,,,
1,59,0x1fadaf42,0x60010aa3,FPGA_K4H4_E1,ARTY_A7_100T_100MHZ,BOARD_COMMAND_TO_RESULT_ELAPSED,1,SUCCESS,507,24,141,28,50966,514,0.000514,,,
1,60,0x92fe7cfd,0xb54e2773,FPGA_K4H4_E1,ARTY_A7_100T_100MHZ,BOARD_COMMAND_TO_RESULT_ELAPSED,1,SUCCESS,507,21,135,31,53078,537,0.000537,,,
1,61,0x1aecb060,0x9c545eba,FPGA_K4H4_E1,ARTY_A7_100T_100MHZ,BOARD_COMMAND_TO_RESULT_ELAPSED,1,SUCCESS,507,27,306,63,92435,929,0.000929,,,
1,62,0x91778cc3,0xbd1d1bc0,FPGA_K4H4_E1,ARTY_A7_100T_100MHZ,BOARD_COMMAND_TO_RESULT_ELAPSED,1,SUCCESS,507,24,196,44,67176,677,0.000677,,,
1,63,0xe6b7e7eb,0xd542988e,FPGA_K4H4_E1,ARTY_A7_100T_100MHZ,BOARD_COMMAND_TO_RESULT_ELAPSED,1,SUCCESS,507,19,67,13,30574,310,0.00031,,,
1,64,0x6770144c,0xd2d3c6e7,FPGA_K4H4_E1,ARTY_A7_100T_100MHZ,BOARD_COMMAND_TO_RESULT_ELAPSED,1,SUCCESS,507,23,129,35,61108,615,0.000615,,,
1,65,0xc600a248,0x0a1e0844,FPGA_K4H4_E1,ARTY_A7_100T_100MHZ,BOARD_COMMAND_TO_RESULT_ELAPSED,1,SUCCESS,507,26,277,92,117805,1183,0.001183,,,
1,66,0x1ea4f830,0x2ef0f28e,FPGA_K4H4_E1,ARTY_A7_100T_100MHZ,BOARD_COMMAND_TO_RESULT_ELAPSED,1,SUCCESS,507,15,45,12,25437,260,0.00026,,,
1,67,0x639604f3,0x7fe04f83,FPGA_K4H4_E1,ARTY_A7_100T_100MHZ,BOARD_COMMAND_TO_RESULT_ELAPSED,1,SUCCESS,507,22,105,45,67303,679,0.000679,,,
1,68,0x6e084a84,0xb643b17e,FPGA_K4H4_E1,ARTY_A7_100T_100MHZ,BOARD_COMMAND_TO_RESULT_ELAPSED,1,SUCCESS,507,26,239,79,105947,1064,0.001064,,,
1,69,0x3d7fc476,0x467d7a44,FPGA_K4H4_E1,ARTY_A7_100T_100MHZ,BOARD_COMMAND_TO_RESULT_ELAPSED,1,SUCCESS,507,23,160,55,76997,775,0.000775,,,
1,70,0xedca3875,0xefade11e,FPGA_K4H4_E1,ARTY_A7_100T_100MHZ,BOARD_COMMAND_TO_RESULT_ELAPSED,1,SUCCESS,507,26,243,88,117806,1183,0.001183,,,
1,71,0xb883121d,0x095c678c,FPGA_K4H4_E1,ARTY_A7_100T_100MHZ,BOARD_COMMAND_TO_RESULT_ELAPSED,1,SUCCESS,507,25,235,38,62593,631,0.000631,,,
1,72,0xace22797,0xbc422a9a,FPGA_K4H4_E1,ARTY_A7_100T_100MHZ,BOARD_COMMAND_TO_RESULT_ELAPSED,1,SUCCESS,507,12,15,4,13875,145,0.000145,,,
1,73,0xefd3172d,0x8c2c3233,FPGA_K4H4_E1,ARTY_A7_100T_100MHZ,BOARD_COMMAND_TO_RESULT_ELAPSED,1,SUCCESS,507,19,49,12,29993,305,0.000305,,,
1,74,0xe6aacdb5,0x7f1c158a,FPGA_K4H4_E1,ARTY_A7_100T_100MHZ,BOARD_COMMAND_TO_RESULT_ELAPSED,1,SUCCESS,507,23,212,40,62866,634,0.000634,,,
1,75,0x6566c598,0xca804b00,FPGA_K4H4_E1,ARTY_A7_100T_100MHZ,BOARD_COMMAND_TO_RESULT_ELAPSED,1,SUCCESS,507,15,42,11,28398,289,0.000289,,,
1,76,0x4e646d9d,0xcbae5ac0,FPGA_K4H4_E1,ARTY_A7_100T_100MHZ,BOARD_COMMAND_TO_RESULT_ELAPSED,1,SUCCESS,507,17,64,18,33128,335,0.000335,,,
1,77,0x05d81d6f,0x260c4013,FPGA_K4H4_E1,ARTY_A7_100T_100MHZ,BOARD_COMMAND_TO_RESULT_ELAPSED,1,SUCCESS,507,22,113,26,45796,464,0.000464,,,
1,78,0x2018f6a3,0x5728c7f4,FPGA_K4H4_E1,ARTY_A7_100T_100MHZ,BOARD_COMMAND_TO_RESULT_ELAPSED,1,SUCCESS,507,31,430,90,125024,1255,0.001255,,,
1,79,0x718ebf0c,0x4d7d460c,FPGA_K4H4_E1,ARTY_A7_100T_100MHZ,BOARD_COMMAND_TO_RESULT_ELAPSED,1,SUCCESS,507,24,138,51,76054,765,0.000765,,,
1,80,0x042a8f17,0x2093b3f4,FPGA_K4H4_E1,ARTY_A7_100T_100MHZ,BOARD_COMMAND_TO_RESULT_ELAPSED,1,SUCCESS,507,27,381,116,144125,1446,0.001446,,,
1,81,0xfc1c775d,0x35bd20f1,FPGA_K4H4_E1,ARTY_A7_100T_100MHZ,BOARD_COMMAND_TO_RESULT_ELAPSED,1,SUCCESS,507,28,300,76,105213,1057,0.001057,,,
1,82,0x16b93b63,0x7d609ba5,FPGA_K4H4_E1,ARTY_A7_100T_100MHZ,BOARD_COMMAND_TO_RESULT_ELAPSED,1,SUCCESS,507,27,336,112,140356,1408,0.001408,,,
1,83,0x8ce1028e,0xb152e7ef,FPGA_K4H4_E1,ARTY_A7_100T_100MHZ,BOARD_COMMAND_TO_RESULT_ELAPSED,1,SUCCESS,507,20,110,31,51297,517,0.000517,,,
1,84,0x87bad980,0x7dbefa97,FPGA_K4H4_E1,ARTY_A7_100T_100MHZ,BOARD_COMMAND_TO_RESULT_ELAPSED,1,SUCCESS,507,26,277,86,112961,1135,0.001135,,,
1,85,0xd63d86f3,0xf5399cca,FPGA_K4H4_E1,ARTY_A7_100T_100MHZ,BOARD_COMMAND_TO_RESULT_ELAPSED,1,SUCCESS,507,22,145,38,59844,603,0.000603,,,
1,86,0xeeaba102,0x01560fc0,FPGA_K4H4_E1,ARTY_A7_100T_100MHZ,BOARD_COMMAND_TO_RESULT_ELAPSED,1,SUCCESS,507,24,200,64,89204,896,0.000896,,,
1,87,0xc1fee4bb,0xc7e12d58,FPGA_K4H4_E1,ARTY_A7_100T_100MHZ,BOARD_COMMAND_TO_RESULT_ELAPSED,1,SUCCESS,507,23,191,52,73367,739,0.000739,,,
1,88,0x0707c9da,0xf644a3f9,FPGA_K4H4_E1,ARTY_A7_100T_100MHZ,BOARD_COMMAND_TO_RESULT_ELAPSED,1,SUCCESS,507,24,199,65,89495,900,0.0009,,,
1,89,0xde0d9c30,0x58a2ee8f,FPGA_K4H4_E1,ARTY_A7_100T_100MHZ,BOARD_COMMAND_TO_RESULT_ELAPSED,1,SUCCESS,507,16,41,8,22380,229,0.000229,,,
1,90,0x7cd0efc7,0x9f385cfb,FPGA_K4H4_E1,ARTY_A7_100T_100MHZ,BOARD_COMMAND_TO_RESULT_ELAPSED,1,SUCCESS,507,24,174,69,92917,935,0.000935,,,
1,91,0xe4cb50a6,0x94d13729,FPGA_K4H4_E1,ARTY_A7_100T_100MHZ,BOARD_COMMAND_TO_RESULT_ELAPSED,1,SUCCESS,507,17,53,18,33878,344,0.000344,,,
1,92,0xa0882219,0x18f75d24,FPGA_K4H4_E1,ARTY_A7_100T_100MHZ,BOARD_COMMAND_TO_RESULT_ELAPSED,1,SUCCESS,507,20,86,23,41530,421,0.000421,,,
1,93,0xc435e6f2,0xf75a52bc,FPGA_K4H4_E1,ARTY_A7_100T_100MHZ,BOARD_COMMAND_TO_RESULT_ELAPSED,1,SUCCESS,507,23,192,50,72782,733,0.000733,,,
1,94,0x011b63f0,0x0aa34346,FPGA_K4H4_E1,ARTY_A7_100T_100MHZ,BOARD_COMMAND_TO_RESULT_ELAPSED,1,SUCCESS,507,18,62,23,39007,396,0.000396,,,
1,95,0x1b456e77,0xee460f94,FPGA_K4H4_E1,ARTY_A7_100T_100MHZ,BOARD_COMMAND_TO_RESULT_ELAPSED,1,SUCCESS,507,20,75,18,39243,397,0.000397,,,
1,96,0x10088608,0xef418331,FPGA_K4H4_E1,ARTY_A7_100T_100MHZ,BOARD_COMMAND_TO_RESULT_ELAPSED,1,SUCCESS,507,24,183,64,89876,905,0.000905,,,
1,97,0x6fcfc352,0xf8fa9f4c,FPGA_K4H4_E1,ARTY_A7_100T_100MHZ,BOARD_COMMAND_TO_RESULT_ELAPSED,1,SUCCESS,507,21,102,26,52219,527,0.000527,,,
1,98,0xfb6077af,0x713595a9,FPGA_K4H4_E1,ARTY_A7_100T_100MHZ,BOARD_COMMAND_TO_RESULT_ELAPSED,1,SUCCESS,507,20,102,20,38751,392,0.000392,,,
1,99,0xc6ebb72e,0x08fdf109,FPGA_K4H4_E1,ARTY_A7_100T_100MHZ,BOARD_COMMAND_TO_RESULT_ELAPSED,1,SUCCESS,507,27,263,138,169312,1698,0.001698,,,
4,0,0x7b1dcdaf,0x24370df2,FPGA_K4H4_E1,ARTY_A7_100T_100MHZ,BOARD_COMMAND_TO_RESULT_ELAPSED,1,SUCCESS,8685,21,119,38,58500,590,0.00059,,,
4,1,0x3a85a4dc,0xa3b9aa35,FPGA_K4H4_E1,ARTY_A7_100T_100MHZ,BOARD_COMMAND_TO_RESULT_ELAPSED,1,SUCCESS,8685,23,132,43,64487,650,0.00065,,,
4,2,0x6162a8b2,0x871c276f,FPGA_K4H4_E1,ARTY_A7_100T_100MHZ,BOARD_COMMAND_TO_RESULT_ELAPSED,1,SUCCESS,2852,19,89,24,42805,434,0.000434,,,
4,3,0xc3adc34e,0xf5b8f22b,FPGA_K4H4_E1,ARTY_A7_100T_100MHZ,BOARD_COMMAND_TO_RESULT_ELAPSED,1,SUCCESS,2852,20,101,28,48148,486,0.000486,,,
4,4,0x2bb073ff,0x3f8396e3,FPGA_K4H4_E1,ARTY_A7_100T_100MHZ,BOARD_COMMAND_TO_RESULT_ELAPSED,1,SUCCESS,4724,16,47,11,26169,266,0.000266,,,
4,5,0xda585ab3,0xa7197ad7,FPGA_K4H4_E1,ARTY_A7_100T_100MHZ,BOARD_COMMAND_TO_RESULT_ELAPSED,1,SUCCESS,2852,20,72,18,35825,362,0.000362,,,
4,6,0x0ed109c0,0x5701ce52,FPGA_K4H4_E1,ARTY_A7_100T_100MHZ,BOARD_COMMAND_TO_RESULT_ELAPSED,1,SUCCESS,507,9,14,4,11921,124,0.000124,,,
4,7,0x102ecf73,0x53c7612b,FPGA_K4H4_E1,ARTY_A7_100T_100MHZ,BOARD_COMMAND_TO_RESULT_ELAPSED,1,SUCCESS,507,21,112,36,55807,563,0.000563,,,
4,8,0xcf29b6a1,0x35231a84,FPGA_K4H4_E1,ARTY_A7_100T_100MHZ,BOARD_COMMAND_TO_RESULT_ELAPSED,1,SUCCESS,2852,15,40,8,21671,222,0.000222,,,
4,9,0xc49cbb42,0xd0a3bbb8,FPGA_K4H4_E1,ARTY_A7_100T_100MHZ,BOARD_COMMAND_TO_RESULT_ELAPSED,1,SUCCESS,2852,23,94,29,52512,530,0.00053,,,
4,10,0x4cc51d23,0xee0e3ab4,FPGA_K4H4_E1,ARTY_A7_100T_100MHZ,BOARD_COMMAND_TO_RESULT_ELAPSED,1,SUCCESS,2852,19,65,19,36501,370,0.00037,,,
4,11,0xf9e8aa7a,0x3208c31a,FPGA_K4H4_E1,ARTY_A7_100T_100MHZ,BOARD_COMMAND_TO_RESULT_ELAPSED,1,SUCCESS,4724,15,41,10,24053,246,0.000246,,,
4,12,0xdda8b051,0xc8105c9d,FPGA_K4H4_E1,ARTY_A7_100T_100MHZ,BOARD_COMMAND_TO_RESULT_ELAPSED,1,SUCCESS,507,18,42,10,25956,264,0.000264,,,
4,13,0xabfb11bf,0xf5dec75e,FPGA_K4H4_E1,ARTY_A7_100T_100MHZ,BOARD_COMMAND_TO_RESULT_ELAPSED,1,SUCCESS,2852,22,128,41,64403,648,0.000648,,,
4,14,0x20639811,0x6b6a7c47,FPGA_K4H4_E1,ARTY_A7_100T_100MHZ,BOARD_COMMAND_TO_RESULT_ELAPSED,1,SUCCESS,4724,17,59,14,31495,320,0.00032,,,
4,15,0xac72acd2,0xca84bc6c,FPGA_K4H4_E1,ARTY_A7_100T_100MHZ,BOARD_COMMAND_TO_RESULT_ELAPSED,1,SUCCESS,8685,21,85,35,57030,575,0.000575,,,
4,16,0x49a2da79,0xe1376725,FPGA_K4H4_E1,ARTY_A7_100T_100MHZ,BOARD_COMMAND_TO_RESULT_ELAPSED,1,SUCCESS,2852,21,116,21,41199,417,0.000417,,,
4,17,0x63a4e9d7,0x6166dba4,FPGA_K4H4_E1,ARTY_A7_100T_100MHZ,BOARD_COMMAND_TO_RESULT_ELAPSED,1,SUCCESS,507,24,121,33,56803,572,0.000572,,,
4,18,0x8983f102,0x43fb6183,FPGA_K4H4_E1,ARTY_A7_100T_100MHZ,BOARD_COMMAND_TO_RESULT_ELAPSED,1,SUCCESS,8685,22,116,25,45947,465,0.000465,,,
4,19,0xb671aa78,0xc97ad8a2,FPGA_K4H4_E1,ARTY_A7_100T_100MHZ,BOARD_COMMAND_TO_RESULT_ELAPSED,1,SUCCESS,507,21,82,28,50142,506,0.000506,,,
4,20,0xdaeb566a,0x989e5b3d,FPGA_K4H4_E1,ARTY_A7_100T_100MHZ,BOARD_COMMAND_TO_RESULT_ELAPSED,1,SUCCESS,507,22,112,29,50278,507,0.000507,,,
4,21,0xf6181c00,0xa345ac4b,FPGA_K4H4_E1,ARTY_A7_100T_100MHZ,BOARD_COMMAND_TO_RESULT_ELAPSED,1,SUCCESS,2852,9,4,4,12485,130,0.00013,,,
4,22,0x4e18d852,0xa08980df,FPGA_K4H4_E1,ARTY_A7_100T_100MHZ,BOARD_COMMAND_TO_RESULT_ELAPSED,1,SUCCESS,507,15,37,9,21811,223,0.000223,,,
4,23,0xa035ceba,0x611de4c4,FPGA_K4H4_E1,ARTY_A7_100T_100MHZ,BOARD_COMMAND_TO_RESULT_ELAPSED,1,SUCCESS,8685,12,21,7,19289,198,0.000198,,,
4,24,0xc2416ee4,0x7323f479,FPGA_K4H4_E1,ARTY_A7_100T_100MHZ,BOARD_COMMAND_TO_RESULT_ELAPSED,1,SUCCESS,8685,9,14,4,11636,121,0.000121,,,
4,25,0xfbdafbdd,0xa0c0cf2f,FPGA_K4H4_E1,ARTY_A7_100T_100MHZ,BOARD_COMMAND_TO_RESULT_ELAPSED,1,SUCCESS,4724,19,77,22,39869,403,0.000403,,,
4,26,0xa43fbf47,0x8de97b10,FPGA_K4H4_E1,ARTY_A7_100T_100MHZ,BOARD_COMMAND_TO_RESULT_ELAPSED,1,SUCCESS,2852,21,83,22,40645,412,0.000412,,,
4,27,0x6811f7c1,0xcb07044a,FPGA_K4H4_E1,ARTY_A7_100T_100MHZ,BOARD_COMMAND_TO_RESULT_ELAPSED,1,SUCCESS,507,19,77,21,38452,389,0.000389,,,
4,28,0x610dde2c,0x8cf5deb9,FPGA_K4H4_E1,ARTY_A7_100T_100MHZ,BOARD_COMMAND_TO_RESULT_ELAPSED,1,SUCCESS,2852,23,142,30,51517,520,0.00052,,,
4,29,0x82241b87,0xbbe27f39,FPGA_K4H4_E1,ARTY_A7_100T_100MHZ,BOARD_COMMAND_TO_RESULT_ELAPSED,1,SUCCESS,2852,18,62,19,35595,360,0.00036,,,
4,30,0x48647490,0xea9551eb,FPGA_K4H4_E1,ARTY_A7_100T_100MHZ,BOARD_COMMAND_TO_RESULT_ELAPSED,1,SUCCESS,2852,20,80,25,45122,456,0.000456,,,
4,31,0x63df3b7f,0xa8b057e1,FPGA_K4H4_E1,ARTY_A7_100T_100MHZ,BOARD_COMMAND_TO_RESULT_ELAPSED,1,SUCCESS,4724,10,14,4,13488,139,0.000139,,,
4,32,0x433125bb,0x3221fef0,FPGA_K4H4_E1,ARTY_A7_100T_100MHZ,BOARD_COMMAND_TO_RESULT_ELAPSED,1,SUCCESS,4724,21,70,25,43050,435,0.000435,,,
4,33,0x7943be40,0x6641ee79,FPGA_K4H4_E1,ARTY_A7_100T_100MHZ,BOARD_COMMAND_TO_RESULT_ELAPSED,1,SUCCESS,8685,20,98,28,47954,484,0.000484,,,
4,34,0x26c93252,0x675d2908,FPGA_K4H4_E1,ARTY_A7_100T_100MHZ,BOARD_COMMAND_TO_RESULT_ELAPSED,1,SUCCESS,8685,11,17,4,13835,143,0.000143,,,
4,35,0xdbe3ed49,0xa7cfea56,FPGA_K4H4_E1,ARTY_A7_100T_100MHZ,BOARD_COMMAND_TO_RESULT_ELAPSED,1,SUCCESS,8685,18,73,17,35368,360,0.00036,,,
4,36,0xc2ec9bb4,0xbfc0ae9e,FPGA_K4H4_E1,ARTY_A7_100T_100MHZ,BOARD_COMMAND_TO_RESULT_ELAPSED,1,SUCCESS,4724,17,47,17,36526,370,0.00037,,,
4,37,0xe7ec8559,0x307064ac,FPGA_K4H4_E1,ARTY_A7_100T_100MHZ,BOARD_COMMAND_TO_RESULT_ELAPSED,1,SUCCESS,507,20,85,31,50995,514,0.000514,,,
4,38,0xccb88b54,0x2cf00158,FPGA_K4H4_E1,ARTY_A7_100T_100MHZ,BOARD_COMMAND_TO_RESULT_ELAPSED,1,SUCCESS,8685,16,54,14,29519,301,0.000301,,,
4,39,0xb512e6a4,0x2b9e708c,FPGA_K4H4_E1,ARTY_A7_100T_100MHZ,BOARD_COMMAND_TO_RESULT_ELAPSED,1,SUCCESS,4724,18,71,22,40087,406,0.000406,,,
4,40,0x7e2c3d82,0xa69fb195,FPGA_K4H4_E1,ARTY_A7_100T_100MHZ,BOARD_COMMAND_TO_RESULT_ELAPSED,1,SUCCESS,507,18,48,13,29951,305,0.000305,,,
4,41,0x58b3e5ad,0x23a21253,FPGA_K4H4_E1,ARTY_A7_100T_100MHZ,BOARD_COMMAND_TO_RESULT_ELAPSED,1,SUCCESS,2852,12,14,7,17875,184,0.000184,,,
4,42,0x9a07c40b,0x3ea78d8c,FPGA_K4H4_E1,ARTY_A7_100T_100MHZ,BOARD_COMMAND_TO_RESULT_ELAPSED,1,SUCCESS,2852,15,34,12,26182,266,0.000266,,,
4,43,0xf1f9a54b,0x7b00db61,FPGA_K4H4_E1,ARTY_A7_100T_100MHZ,BOARD_COMMAND_TO_RESULT_ELAPSED,1,SUCCESS,4724,19,98,20,39492,400,0.0004,,,
4,44,0xfba6212d,0xb8b8356a,FPGA_K4H4_E1,ARTY_A7_100T_100MHZ,BOARD_COMMAND_TO_RESULT_ELAPSED,1,SUCCESS,2852,21,123,31,49898,505,0.000505,,,
4,45,0x1ca60615,0xd753b84a,FPGA_K4H4_E1,ARTY_A7_100T_100MHZ,BOARD_COMMAND_TO_RESULT_ELAPSED,1,SUCCESS,2852,20,102,33,51442,519,0.000519,,,
4,46,0xa085c93e,0x19b8504d,FPGA_K4H4_E1,ARTY_A7_100T_100MHZ,BOARD_COMMAND_TO_RESULT_ELAPSED,1,SUCCESS,507,18,68,17,34445,350,0.00035,,,
4,47,0x18190603,0xad0438b2,FPGA_K4H4_E1,ARTY_A7_100T_100MHZ,BOARD_COMMAND_TO_RESULT_ELAPSED,1,SUCCESS,8685,19,76,26,44302,448,0.000448,,,
4,48,0xc1143c78,0xbbdab3cd,FPGA_K4H4_E1,ARTY_A7_100T_100MHZ,BOARD_COMMAND_TO_RESULT_ELAPSED,1,SUCCESS,2852,22,95,34,57858,584,0.000584,,,
4,49,0x332063fc,0x222ba57c,FPGA_K4H4_E1,ARTY_A7_100T_100MHZ,BOARD_COMMAND_TO_RESULT_ELAPSED,1,SUCCESS,507,16,44,12,27886,284,0.000284,,,
4,50,0xd6f4066b,0xab9eb714,FPGA_K4H4_E1,ARTY_A7_100T_100MHZ,BOARD_COMMAND_TO_RESULT_ELAPSED,1,SUCCESS,8685,12,9,2,11787,122,0.000122,,,
4,51,0x64b9628c,0x9cd8b518,FPGA_K4H4_E1,ARTY_A7_100T_100MHZ,BOARD_COMMAND_TO_RESULT_ELAPSED,1,SUCCESS,4724,21,111,23,43729,441,0.000441,,,
4,52,0x894e6771,0x8a255c2e,FPGA_K4H4_E1,ARTY_A7_100T_100MHZ,BOARD_COMMAND_TO_RESULT_ELAPSED,1,SUCCESS,2852,18,73,21,39389,398,0.000398,,,
4,53,0xe3e668e8,0xff1f20c3,FPGA_K4H4_E1,ARTY_A7_100T_100MHZ,BOARD_COMMAND_TO_RESULT_ELAPSED,1,SUCCESS,4724,20,77,26,45934,464,0.000464,,,
4,54,0x36980406,0xfbdbfa61,FPGA_K4H4_E1,ARTY_A7_100T_100MHZ,BOARD_COMMAND_TO_RESULT_ELAPSED,1,SUCCESS,2852,24,217,64,89109,896,0.000896,,,
4,55,0x114d2b4a,0xa617ad4e,FPGA_K4H4_E1,ARTY_A7_100T_100MHZ,BOARD_COMMAND_TO_RESULT_ELAPSED,1,SUCCESS,507,23,124,52,73784,743,0.000743,,,
4,56,0x3b8907e1,0x0c6cbd10,FPGA_K4H4_E1,ARTY_A7_100T_100MHZ,BOARD_COMMAND_TO_RESULT_ELAPSED,1,SUCCESS,8685,19,59,20,37449,380,0.00038,,,
4,57,0x2cd09c1d,0x964fb1a7,FPGA_K4H4_E1,ARTY_A7_100T_100MHZ,BOARD_COMMAND_TO_RESULT_ELAPSED,1,SUCCESS,4724,22,166,40,60432,609,0.000609,,,
4,58,0x6d7a8604,0xbd6f99c6,FPGA_K4H4_E1,ARTY_A7_100T_100MHZ,BOARD_COMMAND_TO_RESULT_ELAPSED,1,SUCCESS,507,21,97,21,41448,419,0.000419,,,
4,59,0x1fadaf42,0x60010aa3,FPGA_K4H4_E1,ARTY_A7_100T_100MHZ,BOARD_COMMAND_TO_RESULT_ELAPSED,1,SUCCESS,2852,20,86,20,39029,395,0.000395,,,
4,60,0x92fe7cfd,0xb54e2773,FPGA_K4H4_E1,ARTY_A7_100T_100MHZ,BOARD_COMMAND_TO_RESULT_ELAPSED,1,SUCCESS,507,18,84,21,39039,396,0.000396,,,
4,61,0x1aecb060,0x9c545eba,FPGA_K4H4_E1,ARTY_A7_100T_100MHZ,BOARD_COMMAND_TO_RESULT_ELAPSED,1,SUCCESS,507,22,123,46,69295,698,0.000698,,,
4,62,0x91778cc3,0xbd1d1bc0,FPGA_K4H4_E1,ARTY_A7_100T_100MHZ,BOARD_COMMAND_TO_RESULT_ELAPSED,1,SUCCESS,2852,23,153,34,56543,571,0.000571,,,
4,63,0xe6b7e7eb,0xd542988e,FPGA_K4H4_E1,ARTY_A7_100T_100MHZ,BOARD_COMMAND_TO_RESULT_ELAPSED,1,SUCCESS,2852,18,54,10,26528,271,0.000271,,,
4,64,0x6770144c,0xd2d3c6e7,FPGA_K4H4_E1,ARTY_A7_100T_100MHZ,BOARD_COMMAND_TO_RESULT_ELAPSED,1,SUCCESS,507,19,64,15,32622,331,0.000331,,,
4,65,0xc600a248,0x0a1e0844,FPGA_K4H4_E1,ARTY_A7_100T_100MHZ,BOARD_COMMAND_TO_RESULT_ELAPSED,1,SUCCESS,8685,23,131,62,84112,846,0.000846,,,
4,66,0x1ea4f830,0x2ef0f28e,FPGA_K4H4_E1,ARTY_A7_100T_100MHZ,BOARD_COMMAND_TO_RESULT_ELAPSED,1,SUCCESS,4724,25,172,58,81911,824,0.000824,,,
4,67,0x639604f3,0x7fe04f83,FPGA_K4H4_E1,ARTY_A7_100T_100MHZ,BOARD_COMMAND_TO_RESULT_ELAPSED,1,SUCCESS,8685,16,30,8,22298,228,0.000228,,,
4,68,0x6e084a84,0xb643b17e,FPGA_K4H4_E1,ARTY_A7_100T_100MHZ,BOARD_COMMAND_TO_RESULT_ELAPSED,1,SUCCESS,2852,21,81,30,50253,507,0.000507,,,
4,69,0x3d7fc476,0x467d7a44,FPGA_K4H4_E1,ARTY_A7_100T_100MHZ,BOARD_COMMAND_TO_RESULT_ELAPSED,1,SUCCESS,8685,22,106,26,46638,472,0.000472,,,
4,70,0xedca3875,0xefade11e,FPGA_K4H4_E1,ARTY_A7_100T_100MHZ,BOARD_COMMAND_TO_RESULT_ELAPSED,1,SUCCESS,2852,23,119,32,55542,560,0.00056,,,
4,71,0xb883121d,0x095c678c,FPGA_K4H4_E1,ARTY_A7_100T_100MHZ,BOARD_COMMAND_TO_RESULT_ELAPSED,1,SUCCESS,2852,22,124,37,59308,598,0.000598,,,
4,72,0xace22797,0xbc422a9a,FPGA_K4H4_E1,ARTY_A7_100T_100MHZ,BOARD_COMMAND_TO_RESULT_ELAPSED,1,SUCCESS,507,12,15,4,13875,145,0.000145,,,
4,73,0xefd3172d,0x8c2c3233,FPGA_K4H4_E1,ARTY_A7_100T_100MHZ,BOARD_COMMAND_TO_RESULT_ELAPSED,1,SUCCESS,2852,20,66,17,36792,373,0.000373,,,
4,74,0xe6aacdb5,0x7f1c158a,FPGA_K4H4_E1,ARTY_A7_100T_100MHZ,BOARD_COMMAND_TO_RESULT_ELAPSED,1,SUCCESS,507,21,145,33,53366,538,0.000538,,,
4,75,0x6566c598,0xca804b00,FPGA_K4H4_E1,ARTY_A7_100T_100MHZ,BOARD_COMMAND_TO_RESULT_ELAPSED,1,SUCCESS,2852,9,9,4,12578,131,0.000131,,,
4,76,0x4e646d9d,0xcbae5ac0,FPGA_K4H4_E1,ARTY_A7_100T_100MHZ,BOARD_COMMAND_TO_RESULT_ELAPSED,1,SUCCESS,2852,16,47,12,26387,269,0.000269,,,
4,77,0x05d81d6f,0x260c4013,FPGA_K4H4_E1,ARTY_A7_100T_100MHZ,BOARD_COMMAND_TO_RESULT_ELAPSED,1,SUCCESS,507,18,67,22,37166,377,0.000377,,,
4,78,0x2018f6a3,0x5728c7f4,FPGA_K4H4_E1,ARTY_A7_100T_100MHZ,BOARD_COMMAND_TO_RESULT_ELAPSED,1,SUCCESS,4724,25,177,57,84680,853,0.000853,,,
4,79,0x718ebf0c,0x4d7d460c,FPGA_K4H4_E1,ARTY_A7_100T_100MHZ,BOARD_COMMAND_TO_RESULT_ELAPSED,1,SUCCESS,2852,22,90,28,50800,513,0.000513,,,
4,80,0x042a8f17,0x2093b3f4,FPGA_K4H4_E1,ARTY_A7_100T_100MHZ,BOARD_COMMAND_TO_RESULT_ELAPSED,1,SUCCESS,8685,24,175,48,71411,720,0.00072,,,
4,81,0xfc1c775d,0x35bd20f1,FPGA_K4H4_E1,ARTY_A7_100T_100MHZ,BOARD_COMMAND_TO_RESULT_ELAPSED,1,SUCCESS,8685,9,12,3,10951,115,0.000115,,,
4,82,0x16b93b63,0x7d609ba5,FPGA_K4H4_E1,ARTY_A7_100T_100MHZ,BOARD_COMMAND_TO_RESULT_ELAPSED,1,SUCCESS,8685,12,18,5,16228,167,0.000167,,,
4,83,0x8ce1028e,0xb152e7ef,FPGA_K4H4_E1,ARTY_A7_100T_100MHZ,BOARD_COMMAND_TO_RESULT_ELAPSED,1,SUCCESS,8685,14,23,8,21406,219,0.000219,,,
4,84,0x87bad980,0x7dbefa97,FPGA_K4H4_E1,ARTY_A7_100T_100MHZ,BOARD_COMMAND_TO_RESULT_ELAPSED,1,SUCCESS,4724,21,132,25,46036,465,0.000465,,,
4,85,0xd63d86f3,0xf5399cca,FPGA_K4H4_E1,ARTY_A7_100T_100MHZ,BOARD_COMMAND_TO_RESULT_ELAPSED,1,SUCCESS,4724,20,91,24,43625,441,0.000441,,,
4,86,0xeeaba102,0x01560fc0,FPGA_K4H4_E1,ARTY_A7_100T_100MHZ,BOARD_COMMAND_TO_RESULT_ELAPSED,1,SUCCESS,8685,21,91,20,39514,401,0.000401,,,
4,87,0xc1fee4bb,0xc7e12d58,FPGA_K4H4_E1,ARTY_A7_100T_100MHZ,BOARD_COMMAND_TO_RESULT_ELAPSED,1,SUCCESS,4724,19,89,20,40955,414,0.000414,,,
4,88,0x0707c9da,0xf644a3f9,FPGA_K4H4_E1,ARTY_A7_100T_100MHZ,BOARD_COMMAND_TO_RESULT_ELAPSED,1,SUCCESS,8685,16,48,15,29374,300,0.0003,,,
4,89,0xde0d9c30,0x58a2ee8f,FPGA_K4H4_E1,ARTY_A7_100T_100MHZ,BOARD_COMMAND_TO_RESULT_ELAPSED,1,SUCCESS,507,16,41,8,22394,228,0.000228,,,
4,90,0x7cd0efc7,0x9f385cfb,FPGA_K4H4_E1,ARTY_A7_100T_100MHZ,BOARD_COMMAND_TO_RESULT_ELAPSED,1,SUCCESS,8685,18,54,21,37350,378,0.000378,,,
4,91,0xe4cb50a6,0x94d13729,FPGA_K4H4_E1,ARTY_A7_100T_100MHZ,BOARD_COMMAND_TO_RESULT_ELAPSED,1,SUCCESS,507,17,53,18,33859,343,0.000343,,,
4,92,0xa0882219,0x18f75d24,FPGA_K4H4_E1,ARTY_A7_100T_100MHZ,BOARD_COMMAND_TO_RESULT_ELAPSED,1,SUCCESS,2852,11,13,6,16015,165,0.000165,,,
4,93,0xc435e6f2,0xf75a52bc,FPGA_K4H4_E1,ARTY_A7_100T_100MHZ,BOARD_COMMAND_TO_RESULT_ELAPSED,1,SUCCESS,8685,20,96,24,43099,435,0.000435,,,
4,94,0x011b63f0,0x0aa34346,FPGA_K4H4_E1,ARTY_A7_100T_100MHZ,BOARD_COMMAND_TO_RESULT_ELAPSED,1,SUCCESS,4724,19,71,23,40117,407,0.000407,,,
4,95,0x1b456e77,0xee460f94,FPGA_K4H4_E1,ARTY_A7_100T_100MHZ,BOARD_COMMAND_TO_RESULT_ELAPSED,1,SUCCESS,8685,17,47,18,36802,374,0.000374,,,
4,96,0x10088608,0xef418331,FPGA_K4H4_E1,ARTY_A7_100T_100MHZ,BOARD_COMMAND_TO_RESULT_ELAPSED,1,SUCCESS,8685,19,74,18,36061,366,0.000366,,,
4,97,0x6fcfc352,0xf8fa9f4c,FPGA_K4H4_E1,ARTY_A7_100T_100MHZ,BOARD_COMMAND_TO_RESULT_ELAPSED,1,SUCCESS,2852,22,124,26,48692,492,0.000492,,,
4,98,0xfb6077af,0x713595a9,FPGA_K4H4_E1,ARTY_A7_100T_100MHZ,BOARD_COMMAND_TO_RESULT_ELAPSED,1,SUCCESS,8685,20,102,20,39139,395,0.000395,,,
4,99,0xc6ebb72e,0x08fdf109,FPGA_K4H4_E1,ARTY_A7_100T_100MHZ,BOARD_COMMAND_TO_RESULT_ELAPSED,1,SUCCESS,8685,16,42,14,28139,287,0.000287,,,
16,0,0x7b1dcdaf,0x24370df2,FPGA_K4H4_E1,ARTY_A7_100T_100MHZ,BOARD_COMMAND_TO_RESULT_ELAPSED,1,SUCCESS,4512,11,15,3,13020,135,0.000135,,,
16,1,0x3a85a4dc,0xa3b9aa35,FPGA_K4H4_E1,ARTY_A7_100T_100MHZ,BOARD_COMMAND_TO_RESULT_ELAPSED,1,SUCCESS,507,15,23,9,25797,263,0.000263,,,
16,2,0x6162a8b2,0x871c276f,FPGA_K4H4_E1,ARTY_A7_100T_100MHZ,BOARD_COMMAND_TO_RESULT_ELAPSED,1,SUCCESS,10593,17,56,16,31094,317,0.000317,,,
16,3,0xc3adc34e,0xf5b8f22b,FPGA_K4H4_E1,ARTY_A7_100T_100MHZ,BOARD_COMMAND_TO_RESULT_ELAPSED,1,SUCCESS,5281,18,56,20,37644,381,0.000381,,,
16,4,0x2bb073ff,0x3f8396e3,FPGA_K4H4_E1,ARTY_A7_100T_100MHZ,BOARD_COMMAND_TO_RESULT_ELAPSED,1,SUCCESS,4512,14,27,7,19539,200,0.0002,,,
16,5,0xda585ab3,0xa7197ad7,FPGA_K4H4_E1,ARTY_A7_100T_100MHZ,BOARD_COMMAND_TO_RESULT_ELAPSED,1,SUCCESS,10839,15,18,5,18274,187,0.000187,,,
16,6,0x0ed109c0,0x5701ce52,FPGA_K4H4_E1,ARTY_A7_100T_100MHZ,BOARD_COMMAND_TO_RESULT_ELAPSED,1,SUCCESS,3947,17,68,17,32788,333,0.000333,,,
16,7,0x102ecf73,0x53c7612b,FPGA_K4H4_E1,ARTY_A7_100T_100MHZ,BOARD_COMMAND_TO_RESULT_ELAPSED,1,SUCCESS,5281,12,25,7,17472,179,0.000179,,,
16,8,0xcf29b6a1,0x35231a84,FPGA_K4H4_E1,ARTY_A7_100T_100MHZ,BOARD_COMMAND_TO_RESULT_ELAPSED,1,SUCCESS,2852,14,32,7,19926,205,0.000205,,,
16,9,0xc49cbb42,0xd0a3bbb8,FPGA_K4H4_E1,ARTY_A7_100T_100MHZ,BOARD_COMMAND_TO_RESULT_ELAPSED,1,SUCCESS,3947,12,20,6,17610,181,0.000181,,,
16,10,0x4cc51d23,0xee0e3ab4,FPGA_K4H4_E1,ARTY_A7_100T_100MHZ,BOARD_COMMAND_TO_RESULT_ELAPSED,1,SUCCESS,14405,15,35,11,24367,249,0.000249,,,
16,11,0xf9e8aa7a,0x3208c31a,FPGA_K4H4_E1,ARTY_A7_100T_100MHZ,BOARD_COMMAND_TO_RESULT_ELAPSED,1,SUCCESS,1721,17,57,10,25097,256,0.000256,,,
16,12,0xdda8b051,0xc8105c9d,FPGA_K4H4_E1,ARTY_A7_100T_100MHZ,BOARD_COMMAND_TO_RESULT_ELAPSED,1,SUCCESS,5281,16,28,10,24674,252,0.000252,,,
16,13,0xabfb11bf,0xf5dec75e,FPGA_K4H4_E1,ARTY_A7_100T_100MHZ,BOARD_COMMAND_TO_RESULT_ELAPSED,1,SUCCESS,10593,16,43,8,23268,238,0.000238,,,
16,14,0x20639811,0x6b6a7c47,FPGA_K4H4_E1,ARTY_A7_100T_100MHZ,BOARD_COMMAND_TO_RESULT_ELAPSED,1,SUCCESS,4724,19,71,16,35440,359,0.000359,,,
16,15,0xac72acd2,0xca84bc6c,FPGA_K4H4_E1,ARTY_A7_100T_100MHZ,BOARD_COMMAND_TO_RESULT_ELAPSED,1,SUCCESS,14405,21,85,35,57145,576,0.000576,,,
16,16,0x49a2da79,0xe1376725,FPGA_K4H4_E1,ARTY_A7_100T_100MHZ,BOARD_COMMAND_TO_RESULT_ELAPSED,1,SUCCESS,10931,13,30,8,23970,244,0.000244,,,
16,17,0x63a4e9d7,0x6166dba4,FPGA_K4H4_E1,ARTY_A7_100T_100MHZ,BOARD_COMMAND_TO_RESULT_ELAPSED,1,SUCCESS,5281,11,13,4,14006,145,0.000145,,,
16,18,0x8983f102,0x43fb6183,FPGA_K4H4_E1,ARTY_A7_100T_100MHZ,BOARD_COMMAND_TO_RESULT_ELAPSED,1,SUCCESS,5281,14,27,9,21616,222,0.000222,,,
16,19,0xb671aa78,0xc97ad8a2,FPGA_K4H4_E1,ARTY_A7_100T_100MHZ,BOARD_COMMAND_TO_RESULT_ELAPSED,1,SUCCESS,10931,21,82,28,50495,509,0.000509,,,
16,20,0xdaeb566a,0x989e5b3d,FPGA_K4H4_E1,ARTY_A7_100T_100MHZ,BOARD_COMMAND_TO_RESULT_ELAPSED,1,SUCCESS,10931,17,58,13,29195,297,0.000297,,,
16,21,0xf6181c00,0xa345ac4b,FPGA_K4H4_E1,ARTY_A7_100T_100MHZ,BOARD_COMMAND_TO_RESULT_ELAPSED,1,SUCCESS,7786,19,67,15,32930,334,0.000334,,,
16,22,0x4e18d852,0xa08980df,FPGA_K4H4_E1,ARTY_A7_100T_100MHZ,BOARD_COMMAND_TO_RESULT_ELAPSED,1,SUCCESS,491,15,37,9,21772,224,0.000224,,,
16,23,0xa035ceba,0x611de4c4,FPGA_K4H4_E1,ARTY_A7_100T_100MHZ,BOARD_COMMAND_TO_RESULT_ELAPSED,1,SUCCESS,8685,12,21,7,19325,198,0.000198,,,
16,24,0xc2416ee4,0x7323f479,FPGA_K4H4_E1,ARTY_A7_100T_100MHZ,BOARD_COMMAND_TO_RESULT_ELAPSED,1,SUCCESS,7786,16,47,12,26647,271,0.000271,,,
16,25,0xfbdafbdd,0xa0c0cf2f,FPGA_K4H4_E1,ARTY_A7_100T_100MHZ,BOARD_COMMAND_TO_RESULT_ELAPSED,1,SUCCESS,491,9,6,2,9372,99,9.9e-05,,,
16,26,0xa43fbf47,0x8de97b10,FPGA_K4H4_E1,ARTY_A7_100T_100MHZ,BOARD_COMMAND_TO_RESULT_ELAPSED,1,SUCCESS,4512,15,29,10,22243,227,0.000227,,,
16,27,0x6811f7c1,0xcb07044a,FPGA_K4H4_E1,ARTY_A7_100T_100MHZ,BOARD_COMMAND_TO_RESULT_ELAPSED,1,SUCCESS,3947,14,32,10,22874,233,0.000233,,,
16,28,0x610dde2c,0x8cf5deb9,FPGA_K4H4_E1,ARTY_A7_100T_100MHZ,BOARD_COMMAND_TO_RESULT_ELAPSED,1,SUCCESS,5281,11,17,5,14650,151,0.000151,,,
16,29,0x82241b87,0xbbe27f39,FPGA_K4H4_E1,ARTY_A7_100T_100MHZ,BOARD_COMMAND_TO_RESULT_ELAPSED,1,SUCCESS,7786,14,30,6,18599,190,0.00019,,,
16,30,0x48647490,0xea9551eb,FPGA_K4H4_E1,ARTY_A7_100T_100MHZ,BOARD_COMMAND_TO_RESULT_ELAPSED,1,SUCCESS,3947,15,26,7,19524,200,0.0002,,,
16,31,0x63df3b7f,0xa8b057e1,FPGA_K4H4_E1,ARTY_A7_100T_100MHZ,BOARD_COMMAND_TO_RESULT_ELAPSED,1,SUCCESS,2852,14,35,9,21860,223,0.000223,,,
16,32,0x433125bb,0x3221fef0,FPGA_K4H4_E1,ARTY_A7_100T_100MHZ,BOARD_COMMAND_TO_RESULT_ELAPSED,1,SUCCESS,5281,21,70,25,47427,479,0.000479,,,
16,33,0x7943be40,0x6641ee79,FPGA_K4H4_E1,ARTY_A7_100T_100MHZ,BOARD_COMMAND_TO_RESULT_ELAPSED,1,SUCCESS,491,13,23,6,17006,174,0.000174,,,
16,34,0x26c93252,0x675d2908,FPGA_K4H4_E1,ARTY_A7_100T_100MHZ,BOARD_COMMAND_TO_RESULT_ELAPSED,1,SUCCESS,8685,11,17,4,13838,143,0.000143,,,
16,35,0xdbe3ed49,0xa7cfea56,FPGA_K4H4_E1,ARTY_A7_100T_100MHZ,BOARD_COMMAND_TO_RESULT_ELAPSED,1,SUCCESS,10593,15,30,12,26746,272,0.000272,,,
16,36,0xc2ec9bb4,0xbfc0ae9e,FPGA_K4H4_E1,ARTY_A7_100T_100MHZ,BOARD_COMMAND_TO_RESULT_ELAPSED,1,SUCCESS,10931,7,5,2,9291,98,9.8e-05,,,
16,37,0xe7ec8559,0x307064ac,FPGA_K4H4_E1,ARTY_A7_100T_100MHZ,BOARD_COMMAND_TO_RESULT_ELAPSED,1,SUCCESS,491,2,1,1,2961,34,3.4e-05,,,
16,38,0xccb88b54,0x2cf00158,FPGA_K4H4_E1,ARTY_A7_100T_100MHZ,BOARD_COMMAND_TO_RESULT_ELAPSED,1,SUCCESS,15288,15,40,9,23869,244,0.000244,,,
16,39,0xb512e6a4,0x2b9e708c,FPGA_K4H4_E1,ARTY_A7_100T_100MHZ,BOARD_COMMAND_TO_RESULT_ELAPSED,1,SUCCESS,15288,18,71,22,40267,408,0.000408,,,
16,40,0x7e2c3d82,0xa69fb195,FPGA_K4H4_E1,ARTY_A7_100T_100MHZ,BOARD_COMMAND_TO_RESULT_ELAPSED,1,SUCCESS,507,18,48,13,30008,306,0.000306,,,
16,41,0x58b3e5ad,0x23a21253,FPGA_K4H4_E1,ARTY_A7_100T_100MHZ,BOARD_COMMAND_TO_RESULT_ELAPSED,1,SUCCESS,491,14,29,9,21406,219,0.000219,,,
16,42,0x9a07c40b,0x3ea78d8c,FPGA_K4H4_E1,ARTY_A7_100T_100MHZ,BOARD_COMMAND_TO_RESULT_ELAPSED,1,SUCCESS,4512,17,57,15,30986,315,0.000315,,,
16,43,0xf1f9a54b,0x7b00db61,FPGA_K4H4_E1,ARTY_A7_100T_100MHZ,BOARD_COMMAND_TO_RESULT_ELAPSED,1,SUCCESS,10839,8,6,3,9909,103,0.000103,,,
16,44,0xfba6212d,0xb8b8356a,FPGA_K4H4_E1,ARTY_A7_100T_100MHZ,BOARD_COMMAND_TO_RESULT_ELAPSED,1,SUCCESS,2852,20,93,20,37610,382,0.000382,,,
16,45,0x1ca60615,0xd753b84a,FPGA_K4H4_E1,ARTY_A7_100T_100MHZ,BOARD_COMMAND_TO_RESULT_ELAPSED,1,SUCCESS,7786,12,21,7,16737,173,0.000173,,,
16,46,0xa085c93e,0x19b8504d,FPGA_K4H4_E1,ARTY_A7_100T_100MHZ,BOARD_COMMAND_TO_RESULT_ELAPSED,1,SUCCESS,5281,18,68,17,34817,353,0.000353,,,
16,47,0x18190603,0xad0438b2,FPGA_K4H4_E1,ARTY_A7_100T_100MHZ,BOARD_COMMAND_TO_RESULT_ELAPSED,1,SUCCESS,1801,15,30,12,25089,257,0.000257,,,
16,48,0xc1143c78,0xbbdab3cd,FPGA_K4H4_E1,ARTY_A7_100T_100MHZ,BOARD_COMMAND_TO_RESULT_ELAPSED,1,SUCCESS,15288,13,13,6,18437,189,0.000189,,,
16,49,0x332063fc,0x222ba57c,FPGA_K4H4_E1,ARTY_A7_100T_100MHZ,BOARD_COMMAND_TO_RESULT_ELAPSED,1,SUCCESS,15288,16,44,12,27646,282,0.000282,,,
16,50,0xd6f4066b,0xab9eb714,FPGA_K4H4_E1,ARTY_A7_100T_100MHZ,BOARD_COMMAND_TO_RESULT_ELAPSED,1,SUCCESS,8685,18,48,13,31888,324,0.000324,,,
16,51,0x64b9628c,0x9cd8b518,FPGA_K4H4_E1,ARTY_A7_100T_100MHZ,BOARD_COMMAND_TO_RESULT_ELAPSED,1,SUCCESS,10931,16,43,9,23914,244,0.000244,,,
16,52,0x894e6771,0x8a255c2e,FPGA_K4H4_E1,ARTY_A7_100T_100MHZ,BOARD_COMMAND_TO_RESULT_ELAPSED,1,SUCCESS,10931,16,43,15,31086,315,0.000315,,,
16,53,0xe3e668e8,0xff1f20c3,FPGA_K4H4_E1,ARTY_A7_100T_100MHZ,BOARD_COMMAND_TO_RESULT_ELAPSED,1,SUCCESS,1801,17,33,9,24729,252,0.000252,,,
16,54,0x36980406,0xfbdbfa61,FPGA_K4H4_E1,ARTY_A7_100T_100MHZ,BOARD_COMMAND_TO_RESULT_ELAPSED,1,SUCCESS,5281,22,121,27,48877,493,0.000493,,,
16,55,0x114d2b4a,0xa617ad4e,FPGA_K4H4_E1,ARTY_A7_100T_100MHZ,BOARD_COMMAND_TO_RESULT_ELAPSED,1,SUCCESS,10931,16,33,8,22900,234,0.000234,,,
16,56,0x3b8907e1,0x0c6cbd10,FPGA_K4H4_E1,ARTY_A7_100T_100MHZ,BOARD_COMMAND_TO_RESULT_ELAPSED,1,SUCCESS,10931,10,10,3,12169,127,0.000127,,,
16,57,0x2cd09c1d,0x964fb1a7,FPGA_K4H4_E1,ARTY_A7_100T_100MHZ,BOARD_COMMAND_TO_RESULT_ELAPSED,1,SUCCESS,7786,17,61,14,28644,291,0.000291,,,
16,58,0x6d7a8604,0xbd6f99c6,FPGA_K4H4_E1,ARTY_A7_100T_100MHZ,BOARD_COMMAND_TO_RESULT_ELAPSED,1,SUCCESS,1721,15,37,12,26881,274,0.000274,,,
16,59,0x1fadaf42,0x60010aa3,FPGA_K4H4_E1,ARTY_A7_100T_100MHZ,BOARD_COMMAND_TO_RESULT_ELAPSED,1,SUCCESS,7786,16,49,15,30342,308,0.000308,,,
16,60,0x92fe7cfd,0xb54e2773,FPGA_K4H4_E1,ARTY_A7_100T_100MHZ,BOARD_COMMAND_TO_RESULT_ELAPSED,1,SUCCESS,7786,18,84,21,39152,397,0.000397,,,
16,61,0x1aecb060,0x9c545eba,FPGA_K4H4_E1,ARTY_A7_100T_100MHZ,BOARD_COMMAND_TO_RESULT_ELAPSED,1,SUCCESS,14405,21,83,25,47170,476,0.000476,,,
16,62,0x91778cc3,0xbd1d1bc0,FPGA_K4H4_E1,ARTY_A7_100T_100MHZ,BOARD_COMMAND_TO_RESULT_ELAPSED,1,SUCCESS,491,19,77,15,33024,336,0.000336,,,
16,63,0xe6b7e7eb,0xd542988e,FPGA_K4H4_E1,ARTY_A7_100T_100MHZ,BOARD_COMMAND_TO_RESULT_ELAPSED,1,SUCCESS,7786,16,42,10,24819,254,0.000254,,,
16,64,0x6770144c,0xd2d3c6e7,FPGA_K4H4_E1,ARTY_A7_100T_100MHZ,BOARD_COMMAND_TO_RESULT_ELAPSED,1,SUCCESS,10931,16,32,12,30850,314,0.000314,,,
16,65,0xc600a248,0x0a1e0844,FPGA_K4H4_E1,ARTY_A7_100T_100MHZ,BOARD_COMMAND_TO_RESULT_ELAPSED,1,SUCCESS,10839,21,67,25,43991,445,0.000445,,,
16,66,0x1ea4f830,0x2ef0f28e,FPGA_K4H4_E1,ARTY_A7_100T_100MHZ,BOARD_COMMAND_TO_RESULT_ELAPSED,1,SUCCESS,491,15,45,12,25393,259,0.000259,,,
16,67,0x639604f3,0x7fe04f83,FPGA_K4H4_E1,ARTY_A7_100T_100MHZ,BOARD_COMMAND_TO_RESULT_ELAPSED,1,SUCCESS,8685,16,30,8,22303,228,0.000228,,,
16,68,0x6e084a84,0xb643b17e,FPGA_K4H4_E1,ARTY_A7_100T_100MHZ,BOARD_COMMAND_TO_RESULT_ELAPSED,1,SUCCESS,3947,21,81,30,50256,508,0.000508,,,
16,69,0x3d7fc476,0x467d7a44,FPGA_K4H4_E1,ARTY_A7_100T_100MHZ,BOARD_COMMAND_TO_RESULT_ELAPSED,1,SUCCESS,5281,17,36,11,26667,271,0.000271,,,
16,70,0xedca3875,0xefade11e,FPGA_K4H4_E1,ARTY_A7_100T_100MHZ,BOARD_COMMAND_TO_RESULT_ELAPSED,1,SUCCESS,2852,4,3,1,4635,51,5.1e-05,,,
16,71,0xb883121d,0x095c678c,FPGA_K4H4_E1,ARTY_A7_100T_100MHZ,BOARD_COMMAND_TO_RESULT_ELAPSED,1,SUCCESS,2852,16,27,11,26647,271,0.000271,,,
16,72,0xace22797,0xbc422a9a,FPGA_K4H4_E1,ARTY_A7_100T_100MHZ,BOARD_COMMAND_TO_RESULT_ELAPSED,1,SUCCESS,491,12,15,4,13849,143,0.000143,,,
16,73,0xefd3172d,0x8c2c3233,FPGA_K4H4_E1,ARTY_A7_100T_100MHZ,BOARD_COMMAND_TO_RESULT_ELAPSED,1,SUCCESS,1721,17,35,10,25365,258,0.000258,,,
16,74,0xe6aacdb5,0x7f1c158a,FPGA_K4H4_E1,ARTY_A7_100T_100MHZ,BOARD_COMMAND_TO_RESULT_ELAPSED,1,SUCCESS,10593,10,15,5,13645,142,0.000142,,,
16,75,0x6566c598,0xca804b00,FPGA_K4H4_E1,ARTY_A7_100T_100MHZ,BOARD_COMMAND_TO_RESULT_ELAPSED,1,SUCCESS,15288,14,31,6,18939,195,0.000195,,,
16,76,0x4e646d9d,0xcbae5ac0,FPGA_K4H4_E1,ARTY_A7_100T_100MHZ,BOARD_COMMAND_TO_RESULT_ELAPSED,1,SUCCESS,2852,10,13,4,12305,129,0.000129,,,
16,77,0x05d81d6f,0x260c4013,FPGA_K4H4_E1,ARTY_A7_100T_100MHZ,BOARD_COMMAND_TO_RESULT_ELAPSED,1,SUCCESS,8685,15,31,9,21221,218,0.000218,,,
16,78,0x2018f6a3,0x5728c7f4,FPGA_K4H4_E1,ARTY_A7_100T_100MHZ,BOARD_COMMAND_TO_RESULT_ELAPSED,1,SUCCESS,15288,17,41,9,24638,252,0.000252,,,
16,79,0x718ebf0c,0x4d7d460c,FPGA_K4H4_E1,ARTY_A7_100T_100MHZ,BOARD_COMMAND_TO_RESULT_ELAPSED,1,SUCCESS,491,16,43,15,29837,304,0.000304,,,
16,80,0x042a8f17,0x2093b3f4,FPGA_K4H4_E1,ARTY_A7_100T_100MHZ,BOARD_COMMAND_TO_RESULT_ELAPSED,1,SUCCESS,491,12,16,5,19261,198,0.000198,,,
16,81,0xfc1c775d,0x35bd20f1,FPGA_K4H4_E1,ARTY_A7_100T_100MHZ,BOARD_COMMAND_TO_RESULT_ELAPSED,1,SUCCESS,8685,9,12,3,10950,115,0.000115,,,
16,82,0x16b93b63,0x7d609ba5,FPGA_K4H4_E1,ARTY_A7_100T_100MHZ,BOARD_COMMAND_TO_RESULT_ELAPSED,1,SUCCESS,8685,12,18,5,16219,166,0.000166,,,
16,83,0x8ce1028e,0xb152e7ef,FPGA_K4H4_E1,ARTY_A7_100T_100MHZ,BOARD_COMMAND_TO_RESULT_ELAPSED,1,SUCCESS,2852,10,12,5,14256,148,0.000148,,,
16,84,0x87bad980,0x7dbefa97,FPGA_K4H4_E1,ARTY_A7_100T_100MHZ,BOARD_COMMAND_TO_RESULT_ELAPSED,1,SUCCESS,7786,18,66,20,37752,383,0.000383,,,
16,85,0xd63d86f3,0xf5399cca,FPGA_K4H4_E1,ARTY_A7_100T_100MHZ,BOARD_COMMAND_TO_RESULT_ELAPSED,1,SUCCESS,2852,18,44,12,29543,301,0.000301,,,
16,86,0xeeaba102,0x01560fc0,FPGA_K4H4_E1,ARTY_A7_100T_100MHZ,BOARD_COMMAND_TO_RESULT_ELAPSED,1,SUCCESS,7786,15,36,9,22411,230,0.00023,,,
16,87,0xc1fee4bb,0xc7e12d58,FPGA_K4H4_E1,ARTY_A7_100T_100MHZ,BOARD_COMMAND_TO_RESULT_ELAPSED,1,SUCCESS,7786,16,46,13,26962,274,0.000274,,,
16,88,0x0707c9da,0xf644a3f9,FPGA_K4H4_E1,ARTY_A7_100T_100MHZ,BOARD_COMMAND_TO_RESULT_ELAPSED,1,SUCCESS,10593,16,48,15,29393,300,0.0003,,,
16,89,0xde0d9c30,0x58a2ee8f,FPGA_K4H4_E1,ARTY_A7_100T_100MHZ,BOARD_COMMAND_TO_RESULT_ELAPSED,1,SUCCESS,5281,14,27,8,21021,215,0.000215,,,
16,90,0x7cd0efc7,0x9f385cfb,FPGA_K4H4_E1,ARTY_A7_100T_100MHZ,BOARD_COMMAND_TO_RESULT_ELAPSED,1,SUCCESS,5281,18,54,21,37762,383,0.000383,,,
16,91,0xe4cb50a6,0x94d13729,FPGA_K4H4_E1,ARTY_A7_100T_100MHZ,BOARD_COMMAND_TO_RESULT_ELAPSED,1,SUCCESS,10931,17,53,18,34149,347,0.000347,,,
16,92,0xa0882219,0x18f75d24,FPGA_K4H4_E1,ARTY_A7_100T_100MHZ,BOARD_COMMAND_TO_RESULT_ELAPSED,1,SUCCESS,507,20,86,23,41521,421,0.000421,,,
16,93,0xc435e6f2,0xf75a52bc,FPGA_K4H4_E1,ARTY_A7_100T_100MHZ,BOARD_COMMAND_TO_RESULT_ELAPSED,1,SUCCESS,5281,15,45,10,24011,245,0.000245,,,
16,94,0x011b63f0,0x0aa34346,FPGA_K4H4_E1,ARTY_A7_100T_100MHZ,BOARD_COMMAND_TO_RESULT_ELAPSED,1,SUCCESS,1721,17,40,10,24637,252,0.000252,,,
16,95,0x1b456e77,0xee460f94,FPGA_K4H4_E1,ARTY_A7_100T_100MHZ,BOARD_COMMAND_TO_RESULT_ELAPSED,1,SUCCESS,4724,10,12,5,14384,149,0.000149,,,
16,96,0x10088608,0xef418331,FPGA_K4H4_E1,ARTY_A7_100T_100MHZ,BOARD_COMMAND_TO_RESULT_ELAPSED,1,SUCCESS,4724,17,42,11,31084,315,0.000315,,,
16,97,0x6fcfc352,0xf8fa9f4c,FPGA_K4H4_E1,ARTY_A7_100T_100MHZ,BOARD_COMMAND_TO_RESULT_ELAPSED,1,SUCCESS,1801,16,33,14,29641,301,0.000301,,,
16,98,0xfb6077af,0x713595a9,FPGA_K4H4_E1,ARTY_A7_100T_100MHZ,BOARD_COMMAND_TO_RESULT_ELAPSED,1,SUCCESS,1801,13,20,7,17965,184,0.000184,,,
16,99,0xc6ebb72e,0x08fdf109,FPGA_K4H4_E1,ARTY_A7_100T_100MHZ,BOARD_COMMAND_TO_RESULT_ELAPSED,1,SUCCESS,15288,21,101,31,51837,523,0.000523,,,
64,0,0x7b1dcdaf,0x24370df2,FPGA_K4H4_E1,ARTY_A7_100T_100MHZ,BOARD_COMMAND_TO_RESULT_ELAPSED,1,SUCCESS,2852,6,4,2,7826,83,8.3e-05,,,
64,1,0x3a85a4dc,0xa3b9aa35,FPGA_K4H4_E1,ARTY_A7_100T_100MHZ,BOARD_COMMAND_TO_RESULT_ELAPSED,1,SUCCESS,8685,13,14,5,16241,168,0.000168,,,
64,2,0x6162a8b2,0x871c276f,FPGA_K4H4_E1,ARTY_A7_100T_100MHZ,BOARD_COMMAND_TO_RESULT_ELAPSED,1,SUCCESS,8089,7,3,2,8318,87,8.7e-05,,,
64,3,0xc3adc34e,0xf5b8f22b,FPGA_K4H4_E1,ARTY_A7_100T_100MHZ,BOARD_COMMAND_TO_RESULT_ELAPSED,1,SUCCESS,4876,13,19,5,16738,173,0.000173,,,
64,4,0x2bb073ff,0x3f8396e3,FPGA_K4H4_E1,ARTY_A7_100T_100MHZ,BOARD_COMMAND_TO_RESULT_ELAPSED,1,SUCCESS,4720,8,4,2,9508,100,0.0001,,,
64,5,0xda585ab3,0xa7197ad7,FPGA_K4H4_E1,ARTY_A7_100T_100MHZ,BOARD_COMMAND_TO_RESULT_ELAPSED,1,SUCCESS,4876,18,40,12,28032,285,0.000285,,,
64,6,0x0ed109c0,0x5701ce52,FPGA_K4H4_E1,ARTY_A7_100T_100MHZ,BOARD_COMMAND_TO_RESULT_ELAPSED,1,SUCCESS,7786,12,24,6,16369,168,0.000168,,,
64,7,0x102ecf73,0x53c7612b,FPGA_K4H4_E1,ARTY_A7_100T_100MHZ,BOARD_COMMAND_TO_RESULT_ELAPSED,1,SUCCESS,1801,12,25,7,17153,177,0.000177,,,
64,8,0xcf29b6a1,0x35231a84,FPGA_K4H4_E1,ARTY_A7_100T_100MHZ,BOARD_COMMAND_TO_RESULT_ELAPSED,1,SUCCESS,3304,11,13,5,15311,159,0.000159,,,
64,9,0xc49cbb42,0xd0a3bbb8,FPGA_K4H4_E1,ARTY_A7_100T_100MHZ,BOARD_COMMAND_TO_RESULT_ELAPSED,1,SUCCESS,12001,1,0,0,1551,21,2.1e-05,,,
64,10,0x4cc51d23,0xee0e3ab4,FPGA_K4H4_E1,ARTY_A7_100T_100MHZ,BOARD_COMMAND_TO_RESULT_ELAPSED,1,SUCCESS,8685,5,4,2,6658,71,7.1e-05,,,
64,11,0xf9e8aa7a,0x3208c31a,FPGA_K4H4_E1,ARTY_A7_100T_100MHZ,BOARD_COMMAND_TO_RESULT_ELAPSED,1,SUCCESS,682,12,19,7,17355,179,0.000179,,,
64,12,0xdda8b051,0xc8105c9d,FPGA_K4H4_E1,ARTY_A7_100T_100MHZ,BOARD_COMMAND_TO_RESULT_ELAPSED,1,SUCCESS,26,14,20,10,23202,237,0.000237,,,
64,13,0xabfb11bf,0xf5dec75e,FPGA_K4H4_E1,ARTY_A7_100T_100MHZ,BOARD_COMMAND_TO_RESULT_ELAPSED,1,SUCCESS,9302,11,17,4,14649,151,0.000151,,,
64,14,0x20639811,0x6b6a7c47,FPGA_K4H4_E1,ARTY_A7_100T_100MHZ,BOARD_COMMAND_TO_RESULT_ELAPSED,1,SUCCESS,14567,12,19,6,17245,177,0.000177,,,
64,15,0xac72acd2,0xca84bc6c,FPGA_K4H4_E1,ARTY_A7_100T_100MHZ,BOARD_COMMAND_TO_RESULT_ELAPSED,1,SUCCESS,7400,10,7,4,13091,137,0.000137,,,
64,16,0x49a2da79,0xe1376725,FPGA_K4H4_E1,ARTY_A7_100T_100MHZ,BOARD_COMMAND_TO_RESULT_ELAPSED,1,SUCCESS,10839,13,30,8,24637,252,0.000252,,,
64,17,0x63a4e9d7,0x6166dba4,FPGA_K4H4_E1,ARTY_A7_100T_100MHZ,BOARD_COMMAND_TO_RESULT_ELAPSED,1,SUCCESS,6247,7,6,2,8684,92,9.2e-05,,,
64,18,0x8983f102,0x43fb6183,FPGA_K4H4_E1,ARTY_A7_100T_100MHZ,BOARD_COMMAND_TO_RESULT_ELAPSED,1,SUCCESS,14542,9,8,4,12090,126,0.000126,,,
64,19,0xb671aa78,0xc97ad8a2,FPGA_K4H4_E1,ARTY_A7_100T_100MHZ,BOARD_COMMAND_TO_RESULT_ELAPSED,1,SUCCESS,4724,11,16,6,16331,168,0.000168,,,
64,20,0xdaeb566a,0x989e5b3d,FPGA_K4H4_E1,ARTY_A7_100T_100MHZ,BOARD_COMMAND_TO_RESULT_ELAPSED,1,SUCCESS,14542,13,20,5,16988,174,0.000174,,,
64,21,0xf6181c00,0xa345ac4b,FPGA_K4H4_E1,ARTY_A7_100T_100MHZ,BOARD_COMMAND_TO_RESULT_ELAPSED,1,SUCCESS,11647,13,18,6,17632,181,0.000181,,,
64,22,0x4e18d852,0xa08980df,FPGA_K4H4_E1,ARTY_A7_100T_100MHZ,BOARD_COMMAND_TO_RESULT_ELAPSED,1,SUCCESS,4724,8,6,3,9615,102,0.000102,,,
64,23,0xa035ceba,0x611de4c4,FPGA_K4H4_E1,ARTY_A7_100T_100MHZ,BOARD_COMMAND_TO_RESULT_ELAPSED,1,SUCCESS,16090,10,13,5,15286,158,0.000158,,,
64,24,0xc2416ee4,0x7323f479,FPGA_K4H4_E1,ARTY_A7_100T_100MHZ,BOARD_COMMAND_TO_RESULT_ELAPSED,1,SUCCESS,2888,3,2,1,3745,42,4.2e-05,,,
64,25,0xfbdafbdd,0xa0c0cf2f,FPGA_K4H4_E1,ARTY_A7_100T_100MHZ,BOARD_COMMAND_TO_RESULT_ELAPSED,1,SUCCESS,3073,6,3,2,7176,77,7.7e-05,,,
64,26,0xa43fbf47,0x8de97b10,FPGA_K4H4_E1,ARTY_A7_100T_100MHZ,BOARD_COMMAND_TO_RESULT_ELAPSED,1,SUCCESS,8225,12,13,6,16061,165,0.000165,,,
64,27,0x6811f7c1,0xcb07044a,FPGA_K4H4_E1,ARTY_A7_100T_100MHZ,BOARD_COMMAND_TO_RESULT_ELAPSED,1,SUCCESS,173,10,11,2,11245,118,0.000118,,,
64,28,0x610dde2c,0x8cf5deb9,FPGA_K4H4_E1,ARTY_A7_100T_100MHZ,BOARD_COMMAND_TO_RESULT_ELAPSED,1,SUCCESS,10593,10,14,5,13913,144,0.000144,,,
64,29,0x82241b87,0xbbe27f39,FPGA_K4H4_E1,ARTY_A7_100T_100MHZ,BOARD_COMMAND_TO_RESULT_ELAPSED,1,SUCCESS,14542,7,6,2,9081,96,9.6e-05,,,
64,30,0x48647490,0xea9551eb,FPGA_K4H4_E1,ARTY_A7_100T_100MHZ,BOARD_COMMAND_TO_RESULT_ELAPSED,1,SUCCESS,3903,11,11,3,12303,129,0.000129,,,
64,31,0x63df3b7f,0xa8b057e1,FPGA_K4H4_E1,ARTY_A7_100T_100MHZ,BOARD_COMMAND_TO_RESULT_ELAPSED,1,SUCCESS,160,11,19,5,15094,156,0.000156,,,
64,32,0x433125bb,0x3221fef0,FPGA_K4H4_E1,ARTY_A7_100T_100MHZ,BOARD_COMMAND_TO_RESULT_ELAPSED,1,SUCCESS,4720,2,1,1,3413,38,3.8e-05,,,
64,33,0x7943be40,0x6641ee79,FPGA_K4H4_E1,ARTY_A7_100T_100MHZ,BOARD_COMMAND_TO_RESULT_ELAPSED,1,SUCCESS,160,4,1,1,4892,54,5.4e-05,,,
64,34,0x26c93252,0x675d2908,FPGA_K4H4_E1,ARTY_A7_100T_100MHZ,BOARD_COMMAND_TO_RESULT_ELAPSED,1,SUCCESS,6247,10,13,4,13366,138,0.000138,,,
64,35,0xdbe3ed49,0xa7cfea56,FPGA_K4H4_E1,ARTY_A7_100T_100MHZ,BOARD_COMMAND_TO_RESULT_ELAPSED,1,SUCCESS,7400,13,18,8,19764,203,0.000203,,,
64,36,0xc2ec9bb4,0xbfc0ae9e,FPGA_K4H4_E1,ARTY_A7_100T_100MHZ,BOARD_COMMAND_TO_RESULT_ELAPSED,1,SUCCESS,5531,14,23,9,22156,227,0.000227,,,
64,37,0xe7ec8559,0x307064ac,FPGA_K4H4_E1,ARTY_A7_100T_100MHZ,BOARD_COMMAND_TO_RESULT_ELAPSED,1,SUCCESS,8225,16,28,7,21469,220,0.00022,,,
64,38,0xccb88b54,0x2cf00158,FPGA_K4H4_E1,ARTY_A7_100T_100MHZ,BOARD_COMMAND_TO_RESULT_ELAPSED,1,SUCCESS,10931,10,17,5,14778,153,0.000153,,,
64,39,0xb512e6a4,0x2b9e708c,FPGA_K4H4_E1,ARTY_A7_100T_100MHZ,BOARD_COMMAND_TO_RESULT_ELAPSED,1,SUCCESS,2888,11,13,3,13074,135,0.000135,,,
64,40,0x7e2c3d82,0xa69fb195,FPGA_K4H4_E1,ARTY_A7_100T_100MHZ,BOARD_COMMAND_TO_RESULT_ELAPSED,1,SUCCESS,11272,10,9,4,16792,173,0.000173,,,
64,41,0x58b3e5ad,0x23a21253,FPGA_K4H4_E1,ARTY_A7_100T_100MHZ,BOARD_COMMAND_TO_RESULT_ELAPSED,1,SUCCESS,4512,6,5,2,7315,79,7.9e-05,,,
64,42,0x9a07c40b,0x3ea78d8c,FPGA_K4H4_E1,ARTY_A7_100T_100MHZ,BOARD_COMMAND_TO_RESULT_ELAPSED,1,SUCCESS,507,10,8,5,14012,145,0.000145,,,
64,43,0xf1f9a54b,0x7b00db61,FPGA_K4H4_E1,ARTY_A7_100T_100MHZ,BOARD_COMMAND_TO_RESULT_ELAPSED,1,SUCCESS,11272,10,12,5,13852,143,0.000143,,,
64,44,0xfba6212d,0xb8b8356a,FPGA_K4H4_E1,ARTY_A7_100T_100MHZ,BOARD_COMMAND_TO_RESULT_ELAPSED,1,SUCCESS,7400,11,8,3,12404,129,0.000129,,,
64,45,0x1ca60615,0xd753b84a,FPGA_K4H4_E1,ARTY_A7_100T_100MHZ,BOARD_COMMAND_TO_RESULT_ELAPSED,1,SUCCESS,7786,11,14,4,12858,133,0.000133,,,
64,46,0xa085c93e,0x19b8504d,FPGA_K4H4_E1,ARTY_A7_100T_100MHZ,BOARD_COMMAND_TO_RESULT_ELAPSED,1,SUCCESS,6247,9,10,4,12491,130,0.00013,,,
64,47,0x18190603,0xad0438b2,FPGA_K4H4_E1,ARTY_A7_100T_100MHZ,BOARD_COMMAND_TO_RESULT_ELAPSED,1,SUCCESS,5200,15,30,12,25538,259,0.000259,,,
64,48,0xc1143c78,0xbbdab3cd,FPGA_K4H4_E1,ARTY_A7_100T_100MHZ,BOARD_COMMAND_TO_RESULT_ELAPSED,1,SUCCESS,15288,13,13,6,18404,189,0.000189,,,
64,49,0x332063fc,0x222ba57c,FPGA_K4H4_E1,ARTY_A7_100T_100MHZ,BOARD_COMMAND_TO_RESULT_ELAPSED,1,SUCCESS,10234,11,11,5,15727,162,0.000162,,,
64,50,0xd6f4066b,0xab9eb714,FPGA_K4H4_E1,ARTY_A7_100T_100MHZ,BOARD_COMMAND_TO_RESULT_ELAPSED,1,SUCCESS,1038,16,32,12,25344,258,0.000258,,,
64,51,0x64b9628c,0x9cd8b518,FPGA_K4H4_E1,ARTY_A7_100T_100MHZ,BOARD_COMMAND_TO_RESULT_ELAPSED,1,SUCCESS,14405,8,10,3,9972,105,0.000105,,,
64,52,0x894e6771,0x8a255c2e,FPGA_K4H4_E1,ARTY_A7_100T_100MHZ,BOARD_COMMAND_TO_RESULT_ELAPSED,1,SUCCESS,16090,16,43,15,31090,315,0.000315,,,
64,53,0xe3e668e8,0xff1f20c3,FPGA_K4H4_E1,ARTY_A7_100T_100MHZ,BOARD_COMMAND_TO_RESULT_ELAPSED,1,SUCCESS,15469,13,21,7,18805,193,0.000193,,,
64,54,0x36980406,0xfbdbfa61,FPGA_K4H4_E1,ARTY_A7_100T_100MHZ,BOARD_COMMAND_TO_RESULT_ELAPSED,1,SUCCESS,14405,9,13,4,12400,128,0.000128,,,
64,55,0x114d2b4a,0xa617ad4e,FPGA_K4H4_E1,ARTY_A7_100T_100MHZ,BOARD_COMMAND_TO_RESULT_ELAPSED,1,SUCCESS,11647,2,1,1,3613,42,4.2e-05,,,
64,56,0x3b8907e1,0x0c6cbd10,FPGA_K4H4_E1,ARTY_A7_100T_100MHZ,BOARD_COMMAND_TO_RESULT_ELAPSED,1,SUCCESS,7786,7,4,2,8567,91,9.1e-05,,,
64,57,0x2cd09c1d,0x964fb1a7,FPGA_K4H4_E1,ARTY_A7_100T_100MHZ,BOARD_COMMAND_TO_RESULT_ELAPSED,1,SUCCESS,3876,12,15,5,15205,157,0.000157,,,
64,58,0x6d7a8604,0xbd6f99c6,FPGA_K4H4_E1,ARTY_A7_100T_100MHZ,BOARD_COMMAND_TO_RESULT_ELAPSED,1,SUCCESS,8225,5,4,2,7021,75,7.5e-05,,,
64,59,0x1fadaf42,0x60010aa3,FPGA_K4H4_E1,ARTY_A7_100T_100MHZ,BOARD_COMMAND_TO_RESULT_ELAPSED,1,SUCCESS,8225,11,14,4,14500,150,0.00015,,,
64,60,0x92fe7cfd,0xb54e2773,FPGA_K4H4_E1,ARTY_A7_100T_100MHZ,BOARD_COMMAND_TO_RESULT_ELAPSED,1,SUCCESS,3903,2,1,1,3170,37,3.7e-05,,,
64,61,0x1aecb060,0x9c545eba,FPGA_K4H4_E1,ARTY_A7_100T_100MHZ,BOARD_COMMAND_TO_RESULT_ELAPSED,1,SUCCESS,13012,10,13,3,12775,134,0.000134,,,
64,62,0x91778cc3,0xbd1d1bc0,FPGA_K4H4_E1,ARTY_A7_100T_100MHZ,BOARD_COMMAND_TO_RESULT_ELAPSED,1,SUCCESS,15288,5,4,2,7227,76,7.6e-05,,,
64,63,0xe6b7e7eb,0xd542988e,FPGA_K4H4_E1,ARTY_A7_100T_100MHZ,BOARD_COMMAND_TO_RESULT_ELAPSED,1,SUCCESS,14567,10,11,5,13716,143,0.000143,,,
64,64,0x6770144c,0xd2d3c6e7,FPGA_K4H4_E1,ARTY_A7_100T_100MHZ,BOARD_COMMAND_TO_RESULT_ELAPSED,1,SUCCESS,1801,10,10,4,16746,173,0.000173,,,
64,65,0xc600a248,0x0a1e0844,FPGA_K4H4_E1,ARTY_A7_100T_100MHZ,BOARD_COMMAND_TO_RESULT_ELAPSED,1,SUCCESS,26,15,28,6,18772,193,0.000193,,,
64,66,0x1ea4f830,0x2ef0f28e,FPGA_K4H4_E1,ARTY_A7_100T_100MHZ,BOARD_COMMAND_TO_RESULT_ELAPSED,1,SUCCESS,9302,13,26,8,19417,200,0.0002,,,
64,67,0x639604f3,0x7fe04f83,FPGA_K4H4_E1,ARTY_A7_100T_100MHZ,BOARD_COMMAND_TO_RESULT_ELAPSED,1,SUCCESS,682,11,15,5,14512,151,0.000151,,,
64,68,0x6e084a84,0xb643b17e,FPGA_K4H4_E1,ARTY_A7_100T_100MHZ,BOARD_COMMAND_TO_RESULT_ELAPSED,1,SUCCESS,1825,12,24,6,16901,174,0.000174,,,
64,69,0x3d7fc476,0x467d7a44,FPGA_K4H4_E1,ARTY_A7_100T_100MHZ,BOARD_COMMAND_TO_RESULT_ELAPSED,1,SUCCESS,8225,15,23,5,18072,185,0.000185,,,
64,70,0xedca3875,0xefade11e,FPGA_K4H4_E1,ARTY_A7_100T_100MHZ,BOARD_COMMAND_TO_RESULT_ELAPSED,1,SUCCESS,5531,15,40,12,26539,271,0.000271,,,
64,71,0xb883121d,0x095c678c,FPGA_K4H4_E1,ARTY_A7_100T_100MHZ,BOARD_COMMAND_TO_RESULT_ELAPSED,1,SUCCESS,2852,16,27,11,26589,271,0.000271,,,
64,72,0xace22797,0xbc422a9a,FPGA_K4H4_E1,ARTY_A7_100T_100MHZ,BOARD_COMMAND_TO_RESULT_ELAPSED,1,SUCCESS,13048,13,20,5,16425,170,0.00017,,,
64,73,0xefd3172d,0x8c2c3233,FPGA_K4H4_E1,ARTY_A7_100T_100MHZ,BOARD_COMMAND_TO_RESULT_ELAPSED,1,SUCCESS,701,17,35,10,25330,259,0.000259,,,
64,74,0xe6aacdb5,0x7f1c158a,FPGA_K4H4_E1,ARTY_A7_100T_100MHZ,BOARD_COMMAND_TO_RESULT_ELAPSED,1,SUCCESS,507,16,48,13,27402,278,0.000278,,,
64,75,0x6566c598,0xca804b00,FPGA_K4H4_E1,ARTY_A7_100T_100MHZ,BOARD_COMMAND_TO_RESULT_ELAPSED,1,SUCCESS,10812,7,5,1,7788,83,8.3e-05,,,
64,76,0x4e646d9d,0xcbae5ac0,FPGA_K4H4_E1,ARTY_A7_100T_100MHZ,BOARD_COMMAND_TO_RESULT_ELAPSED,1,SUCCESS,1801,15,36,11,24635,252,0.000252,,,
64,77,0x05d81d6f,0x260c4013,FPGA_K4H4_E1,ARTY_A7_100T_100MHZ,BOARD_COMMAND_TO_RESULT_ELAPSED,1,SUCCESS,701,8,8,3,9716,102,0.000102,,,
64,78,0x2018f6a3,0x5728c7f4,FPGA_K4H4_E1,ARTY_A7_100T_100MHZ,BOARD_COMMAND_TO_RESULT_ELAPSED,1,SUCCESS,5281,6,5,2,7700,81,8.1e-05,,,
64,79,0x718ebf0c,0x4d7d460c,FPGA_K4H4_E1,ARTY_A7_100T_100MHZ,BOARD_COMMAND_TO_RESULT_ELAPSED,1,SUCCESS,8089,16,43,15,30114,305,0.000305,,,
64,80,0x042a8f17,0x2093b3f4,FPGA_K4H4_E1,ARTY_A7_100T_100MHZ,BOARD_COMMAND_TO_RESULT_ELAPSED,1,SUCCESS,8799,8,4,2,8905,94,9.4e-05,,,
64,81,0xfc1c775d,0x35bd20f1,FPGA_K4H4_E1,ARTY_A7_100T_100MHZ,BOARD_COMMAND_TO_RESULT_ELAPSED,1,SUCCESS,7786,7,6,2,8071,86,8.6e-05,,,
64,82,0x16b93b63,0x7d609ba5,FPGA_K4H4_E1,ARTY_A7_100T_100MHZ,BOARD_COMMAND_TO_RESULT_ELAPSED,1,SUCCESS,10234,11,15,5,15365,158,0.000158,,,
64,83,0x8ce1028e,0xb152e7ef,FPGA_K4H4_E1,ARTY_A7_100T_100MHZ,BOARD_COMMAND_TO_RESULT_ELAPSED,1,SUCCESS,5270,14,23,8,26113,266,0.000266,,,
64,84,0x87bad980,0x7dbefa97,FPGA_K4H4_E1,ARTY_A7_100T_100MHZ,BOARD_COMMAND_TO_RESULT_ELAPSED,1,SUCCESS,14494,3,1,1,4272,48,4.8e-05,,,
64,85,0xd63d86f3,0xf5399cca,FPGA_K4H4_E1,ARTY_A7_100T_100MHZ,BOARD_COMMAND_TO_RESULT_ELAPSED,1,SUCCESS,5200,10,13,3,11642,121,0.000121,,,
64,86,0xeeaba102,0x01560fc0,FPGA_K4H4_E1,ARTY_A7_100T_100MHZ,BOARD_COMMAND_TO_RESULT_ELAPSED,1,SUCCESS,586,12,19,6,16563,171,0.000171,,,
64,87,0xc1fee4bb,0xc7e12d58,FPGA_K4H4_E1,ARTY_A7_100T_100MHZ,BOARD_COMMAND_TO_RESULT_ELAPSED,1,SUCCESS,10593,13,23,8,19295,198,0.000198,,,
64,88,0x0707c9da,0xf644a3f9,FPGA_K4H4_E1,ARTY_A7_100T_100MHZ,BOARD_COMMAND_TO_RESULT_ELAPSED,1,SUCCESS,7786,13,25,6,17457,179,0.000179,,,
64,89,0xde0d9c30,0x58a2ee8f,FPGA_K4H4_E1,ARTY_A7_100T_100MHZ,BOARD_COMMAND_TO_RESULT_ELAPSED,1,SUCCESS,10931,10,13,5,14887,154,0.000154,,,
64,90,0x7cd0efc7,0x9f385cfb,FPGA_K4H4_E1,ARTY_A7_100T_100MHZ,BOARD_COMMAND_TO_RESULT_ELAPSED,1,SUCCESS,16090,13,12,6,17862,184,0.000184,,,
64,91,0xe4cb50a6,0x94d13729,FPGA_K4H4_E1,ARTY_A7_100T_100MHZ,BOARD_COMMAND_TO_RESULT_ELAPSED,1,SUCCESS,13048,14,18,8,21132,215,0.000215,,,
64,92,0xa0882219,0x18f75d24,FPGA_K4H4_E1,ARTY_A7_100T_100MHZ,BOARD_COMMAND_TO_RESULT_ELAPSED,1,SUCCESS,5341,3,1,1,4374,48,4.8e-05,,,
64,93,0xc435e6f2,0xf75a52bc,FPGA_K4H4_E1,ARTY_A7_100T_100MHZ,BOARD_COMMAND_TO_RESULT_ELAPSED,1,SUCCESS,13012,10,14,3,11812,123,0.000123,,,
64,94,0x011b63f0,0x0aa34346,FPGA_K4H4_E1,ARTY_A7_100T_100MHZ,BOARD_COMMAND_TO_RESULT_ELAPSED,1,SUCCESS,507,13,21,7,18299,188,0.000188,,,
64,95,0x1b456e77,0xee460f94,FPGA_K4H4_E1,ARTY_A7_100T_100MHZ,BOARD_COMMAND_TO_RESULT_ELAPSED,1,SUCCESS,507,20,75,18,39093,396,0.000396,,,
64,96,0x10088608,0xef418331,FPGA_K4H4_E1,ARTY_A7_100T_100MHZ,BOARD_COMMAND_TO_RESULT_ELAPSED,1,SUCCESS,13012,14,21,6,17820,183,0.000183,,,
64,97,0x6fcfc352,0xf8fa9f4c,FPGA_K4H4_E1,ARTY_A7_100T_100MHZ,BOARD_COMMAND_TO_RESULT_ELAPSED,1,SUCCESS,1801,16,33,14,29640,301,0.000301,,,
64,98,0xfb6077af,0x713595a9,FPGA_K4H4_E1,ARTY_A7_100T_100MHZ,BOARD_COMMAND_TO_RESULT_ELAPSED,1,SUCCESS,491,10,7,2,10756,112,0.000112,,,
64,99,0xc6ebb72e,0x08fdf109,FPGA_K4H4_E1,ARTY_A7_100T_100MHZ,BOARD_COMMAND_TO_RESULT_ELAPSED,1,SUCCESS,5531,6,4,2,7438,80,8e-05,,,
256,0,0x7b1dcdaf,0x24370df2,FPGA_K4H4_E1,ARTY_A7_100T_100MHZ,BOARD_COMMAND_TO_RESULT_ELAPSED,1,SUCCESS,15288,8,7,3,10518,109,0.000109,,,
256,1,0x3a85a4dc,0xa3b9aa35,FPGA_K4H4_E1,ARTY_A7_100T_100MHZ,BOARD_COMMAND_TO_RESULT_ELAPSED,1,SUCCESS,5849,5,2,1,5889,64,6.4e-05,,,
256,2,0x6162a8b2,0x871c276f,FPGA_K4H4_E1,ARTY_A7_100T_100MHZ,BOARD_COMMAND_TO_RESULT_ELAPSED,1,SUCCESS,8081,7,3,2,8315,88,8.8e-05,,,
256,3,0xc3adc34e,0xf5b8f22b,FPGA_K4H4_E1,ARTY_A7_100T_100MHZ,BOARD_COMMAND_TO_RESULT_ELAPSED,1,SUCCESS,16060,9,8,4,12237,127,0.000127,,,
256,4,0x2bb073ff,0x3f8396e3,FPGA_K4H4_E1,ARTY_A7_100T_100MHZ,BOARD_COMMAND_TO_RESULT_ELAPSED,1,SUCCESS,12680,12,17,7,18101,186,0.000186,,,
256,5,0xda585ab3,0xa7197ad7,FPGA_K4H4_E1,ARTY_A7_100T_100MHZ,BOARD_COMMAND_TO_RESULT_ELAPSED,1,SUCCESS,7233,10,5,2,10790,113,0.000113,,,
256,6,0x0ed109c0,0x5701ce52,FPGA_K4H4_E1,ARTY_A7_100T_100MHZ,BOARD_COMMAND_TO_RESULT_ELAPSED,1,SUCCESS,3716,7,7,2,12650,132,0.000132,,,
256,7,0x102ecf73,0x53c7612b,FPGA_K4H4_E1,ARTY_A7_100T_100MHZ,BOARD_COMMAND_TO_RESULT_ELAPSED,1,SUCCESS,3545,8,8,3,9517,101,0.000101,,,
256,8,0xcf29b6a1,0x35231a84,FPGA_K4H4_E1,ARTY_A7_100T_100MHZ,BOARD_COMMAND_TO_RESULT_ELAPSED,1,SUCCESS,11907,10,8,4,13553,139,0.000139,,,
256,9,0xc49cbb42,0xd0a3bbb8,FPGA_K4H4_E1,ARTY_A7_100T_100MHZ,BOARD_COMMAND_TO_RESULT_ELAPSED,1,SUCCESS,12001,1,0,0,1551,21,2.1e-05,,,
256,10,0x4cc51d23,0xee0e3ab4,FPGA_K4H4_E1,ARTY_A7_100T_100MHZ,BOARD_COMMAND_TO_RESULT_ELAPSED,1,SUCCESS,5451,4,2,1,4776,53,5.3e-05,,,
256,11,0xf9e8aa7a,0x3208c31a,FPGA_K4H4_E1,ARTY_A7_100T_100MHZ,BOARD_COMMAND_TO_RESULT_ELAPSED,1,SUCCESS,873,12,19,7,17358,179,0.000179,,,
256,12,0xdda8b051,0xc8105c9d,FPGA_K4H4_E1,ARTY_A7_100T_100MHZ,BOARD_COMMAND_TO_RESULT_ELAPSED,1,SUCCESS,90,5,3,2,6718,72,7.2e-05,,,
256,13,0xabfb11bf,0xf5dec75e,FPGA_K4H4_E1,ARTY_A7_100T_100MHZ,BOARD_COMMAND_TO_RESULT_ELAPSED,1,SUCCESS,7326,6,5,2,7686,81,8.1e-05,,,
256,14,0x20639811,0x6b6a7c47,FPGA_K4H4_E1,ARTY_A7_100T_100MHZ,BOARD_COMMAND_TO_RESULT_ELAPSED,1,SUCCESS,1930,6,7,2,7808,83,8.3e-05,,,
256,15,0xac72acd2,0xca84bc6c,FPGA_K4H4_E1,ARTY_A7_100T_100MHZ,BOARD_COMMAND_TO_RESULT_ELAPSED,1,SUCCESS,13448,9,3,2,10194,106,0.000106,,,
256,16,0x49a2da79,0xe1376725,FPGA_K4H4_E1,ARTY_A7_100T_100MHZ,BOARD_COMMAND_TO_RESULT_ELAPSED,1,SUCCESS,12329,6,4,2,7315,78,7.8e-05,,,
256,17,0x63a4e9d7,0x6166dba4,FPGA_K4H4_E1,ARTY_A7_100T_100MHZ,BOARD_COMMAND_TO_RESULT_ELAPSED,1,SUCCESS,6247,7,6,2,8658,93,9.3e-05,,,
256,18,0x8983f102,0x43fb6183,FPGA_K4H4_E1,ARTY_A7_100T_100MHZ,BOARD_COMMAND_TO_RESULT_ELAPSED,1,SUCCESS,4389,7,4,1,6950,75,7.5e-05,,,
256,19,0xb671aa78,0xc97ad8a2,FPGA_K4H4_E1,ARTY_A7_100T_100MHZ,BOARD_COMMAND_TO_RESULT_ELAPSED,1,SUCCESS,13749,7,3,2,8668,92,9.2e-05,,,
256,20,0xdaeb566a,0x989e5b3d,FPGA_K4H4_E1,ARTY_A7_100T_100MHZ,BOARD_COMMAND_TO_RESULT_ELAPSED,1,SUCCESS,6940,9,9,4,12548,131,0.000131,,,
256,21,0xf6181c00,0xa345ac4b,FPGA_K4H4_E1,ARTY_A7_100T_100MHZ,BOARD_COMMAND_TO_RESULT_ELAPSED,1,SUCCESS,2302,9,4,4,12493,130,0.00013,,,
256,22,0x4e18d852,0xa08980df,FPGA_K4H4_E1,ARTY_A7_100T_100MHZ,BOARD_COMMAND_TO_RESULT_ELAPSED,1,SUCCESS,7844,9,7,3,10362,109,0.000109,,,
256,23,0xa035ceba,0x611de4c4,FPGA_K4H4_E1,ARTY_A7_100T_100MHZ,BOARD_COMMAND_TO_RESULT_ELAPSED,1,SUCCESS,6733,5,4,2,7060,75,7.5e-05,,,
256,24,0xc2416ee4,0x7323f479,FPGA_K4H4_E1,ARTY_A7_100T_100MHZ,BOARD_COMMAND_TO_RESULT_ELAPSED,1,SUCCESS,4724,8,10,3,9676,102,0.000102,,,
256,25,0xfbdafbdd,0xa0c0cf2f,FPGA_K4H4_E1,ARTY_A7_100T_100MHZ,BOARD_COMMAND_TO_RESULT_ELAPSED,1,SUCCESS,9555,12,14,5,15186,157,0.000157,,,
256,26,0xa43fbf47,0x8de97b10,FPGA_K4H4_E1,ARTY_A7_100T_100MHZ,BOARD_COMMAND_TO_RESULT_ELAPSED,1,SUCCESS,6702,9,6,2,9272,97,9.7e-05,,,
256,27,0x6811f7c1,0xcb07044a,FPGA_K4H4_E1,ARTY_A7_100T_100MHZ,BOARD_COMMAND_TO_RESULT_ELAPSED,1,SUCCESS,10532,6,4,2,7587,81,8.1e-05,,,
256,28,0x610dde2c,0x8cf5deb9,FPGA_K4H4_E1,ARTY_A7_100T_100MHZ,BOARD_COMMAND_TO_RESULT_ELAPSED,1,SUCCESS,314,8,7,2,9259,97,9.7e-05,,,
256,29,0x82241b87,0xbbe27f39,FPGA_K4H4_E1,ARTY_A7_100T_100MHZ,BOARD_COMMAND_TO_RESULT_ELAPSED,1,SUCCESS,14410,7,6,2,9091,95,9.5e-05,,,
256,30,0x48647490,0xea9551eb,FPGA_K4H4_E1,ARTY_A7_100T_100MHZ,BOARD_COMMAND_TO_RESULT_ELAPSED,1,SUCCESS,4956,9,7,3,10702,112,0.000112,,,
256,31,0x63df3b7f,0xa8b057e1,FPGA_K4H4_E1,ARTY_A7_100T_100MHZ,BOARD_COMMAND_TO_RESULT_ELAPSED,1,SUCCESS,15859,9,10,4,12706,131,0.000131,,,
256,32,0x433125bb,0x3221fef0,FPGA_K4H4_E1,ARTY_A7_100T_100MHZ,BOARD_COMMAND_TO_RESULT_ELAPSED,1,SUCCESS,11246,10,12,4,12771,133,0.000133,,,
256,33,0x7943be40,0x6641ee79,FPGA_K4H4_E1,ARTY_A7_100T_100MHZ,BOARD_COMMAND_TO_RESULT_ELAPSED,1,SUCCESS,825,8,8,3,9912,103,0.000103,,,
256,34,0x26c93252,0x675d2908,FPGA_K4H4_E1,ARTY_A7_100T_100MHZ,BOARD_COMMAND_TO_RESULT_ELAPSED,1,SUCCESS,10842,7,5,2,8871,94,9.4e-05,,,
256,35,0xdbe3ed49,0xa7cfea56,FPGA_K4H4_E1,ARTY_A7_100T_100MHZ,BOARD_COMMAND_TO_RESULT_ELAPSED,1,SUCCESS,9972,6,6,2,7764,83,8.3e-05,,,
256,36,0xc2ec9bb4,0xbfc0ae9e,FPGA_K4H4_E1,ARTY_A7_100T_100MHZ,BOARD_COMMAND_TO_RESULT_ELAPSED,1,SUCCESS,16297,6,3,2,8370,89,8.9e-05,,,
256,37,0xe7ec8559,0x307064ac,FPGA_K4H4_E1,ARTY_A7_100T_100MHZ,BOARD_COMMAND_TO_RESULT_ELAPSED,1,SUCCESS,1456,5,4,2,6399,69,6.9e-05,,,
256,38,0xccb88b54,0x2cf00158,FPGA_K4H4_E1,ARTY_A7_100T_100MHZ,BOARD_COMMAND_TO_RESULT_ELAPSED,1,SUCCESS,11990,6,5,2,8181,86,8.6e-05,,,
256,39,0xb512e6a4,0x2b9e708c,FPGA_K4H4_E1,ARTY_A7_100T_100MHZ,BOARD_COMMAND_TO_RESULT_ELAPSED,1,SUCCESS,10839,4,2,1,4853,52,5.2e-05,,,
256,40,0x7e2c3d82,0xa69fb195,FPGA_K4H4_E1,ARTY_A7_100T_100MHZ,BOARD_COMMAND_TO_RESULT_ELAPSED,1,SUCCESS,586,5,4,2,6941,75,7.5e-05,,,
256,41,0x58b3e5ad,0x23a21253,FPGA_K4H4_E1,ARTY_A7_100T_100MHZ,BOARD_COMMAND_TO_RESULT_ELAPSED,1,SUCCESS,7400,5,4,2,6602,70,7e-05,,,
256,42,0x9a07c40b,0x3ea78d8c,FPGA_K4H4_E1,ARTY_A7_100T_100MHZ,BOARD_COMMAND_TO_RESULT_ELAPSED,1,SUCCESS,507,10,8,5,14020,144,0.000144,,,
256,43,0xf1f9a54b,0x7b00db61,FPGA_K4H4_E1,ARTY_A7_100T_100MHZ,BOARD_COMMAND_TO_RESULT_ELAPSED,1,SUCCESS,160,6,3,1,5966,64,6.4e-05,,,
256,44,0xfba6212d,0xb8b8356a,FPGA_K4H4_E1,ARTY_A7_100T_100MHZ,BOARD_COMMAND_TO_RESULT_ELAPSED,1,SUCCESS,7400,11,8,3,12401,129,0.000129,,,
256,45,0x1ca60615,0xd753b84a,FPGA_K4H4_E1,ARTY_A7_100T_100MHZ,BOARD_COMMAND_TO_RESULT_ELAPSED,1,SUCCESS,8996,6,4,2,7292,78,7.8e-05,,,
256,46,0xa085c93e,0x19b8504d,FPGA_K4H4_E1,ARTY_A7_100T_100MHZ,BOARD_COMMAND_TO_RESULT_ELAPSED,1,SUCCESS,15586,8,6,2,9615,102,0.000102,,,
256,47,0x18190603,0xad0438b2,FPGA_K4H4_E1,ARTY_A7_100T_100MHZ,BOARD_COMMAND_TO_RESULT_ELAPSED,1,SUCCESS,56,9,6,3,11265,118,0.000118,,,
256,48,0xc1143c78,0xbbdab3cd,FPGA_K4H4_E1,ARTY_A7_100T_100MHZ,BOARD_COMMAND_TO_RESULT_ELAPSED,1,SUCCESS,10265,11,7,4,14233,148,0.000148,,,
256,49,0x332063fc,0x222ba57c,FPGA_K4H4_E1,ARTY_A7_100T_100MHZ,BOARD_COMMAND_TO_RESULT_ELAPSED,1,SUCCESS,5281,9,6,2,10711,113,0.000113,,,
256,50,0xd6f4066b,0xab9eb714,FPGA_K4H4_E1,ARTY_A7_100T_100MHZ,BOARD_COMMAND_TO_RESULT_ELAPSED,1,SUCCESS,2160,13,15,6,16548,170,0.00017,,,
256,51,0x64b9628c,0x9cd8b518,FPGA_K4H4_E1,ARTY_A7_100T_100MHZ,BOARD_COMMAND_TO_RESULT_ELAPSED,1,SUCCESS,6300,5,4,2,6572,70,7e-05,,,
256,52,0x894e6771,0x8a255c2e,FPGA_K4H4_E1,ARTY_A7_100T_100MHZ,BOARD_COMMAND_TO_RESULT_ELAPSED,1,SUCCESS,13448,3,1,1,4674,51,5.1e-05,,,
256,53,0xe3e668e8,0xff1f20c3,FPGA_K4H4_E1,ARTY_A7_100T_100MHZ,BOARD_COMMAND_TO_RESULT_ELAPSED,1,SUCCESS,8799,9,7,3,11435,120,0.00012,,,
256,54,0x36980406,0xfbdbfa61,FPGA_K4H4_E1,ARTY_A7_100T_100MHZ,BOARD_COMMAND_TO_RESULT_ELAPSED,1,SUCCESS,7615,4,2,1,4802,53,5.3e-05,,,
256,55,0x114d2b4a,0xa617ad4e,FPGA_K4H4_E1,ARTY_A7_100T_100MHZ,BOARD_COMMAND_TO_RESULT_ELAPSED,1,SUCCESS,12785,4,2,1,5261,57,5.7e-05,,,
256,56,0x3b8907e1,0x0c6cbd10,FPGA_K4H4_E1,ARTY_A7_100T_100MHZ,BOARD_COMMAND_TO_RESULT_ELAPSED,1,SUCCESS,7780,7,4,2,8551,91,9.1e-05,,,
256,57,0x2cd09c1d,0x964fb1a7,FPGA_K4H4_E1,ARTY_A7_100T_100MHZ,BOARD_COMMAND_TO_RESULT_ELAPSED,1,SUCCESS,9459,7,2,2,7861,83,8.3e-05,,,
256,58,0x6d7a8604,0xbd6f99c6,FPGA_K4H4_E1,ARTY_A7_100T_100MHZ,BOARD_COMMAND_TO_RESULT_ELAPSED,1,SUCCESS,8225,5,4,2,7039,75,7.5e-05,,,
256,59,0x1fadaf42,0x60010aa3,FPGA_K4H4_E1,ARTY_A7_100T_100MHZ,BOARD_COMMAND_TO_RESULT_ELAPSED,1,SUCCESS,4389,6,5,2,8167,86,8.6e-05,,,
256,60,0x92fe7cfd,0xb54e2773,FPGA_K4H4_E1,ARTY_A7_100T_100MHZ,BOARD_COMMAND_TO_RESULT_ELAPSED,1,SUCCESS,11343,9,10,4,11829,124,0.000124,,,
256,61,0x1aecb060,0x9c545eba,FPGA_K4H4_E1,ARTY_A7_100T_100MHZ,BOARD_COMMAND_TO_RESULT_ELAPSED,1,SUCCESS,12329,11,17,4,14579,151,0.000151,,,
256,62,0x91778cc3,0xbd1d1bc0,FPGA_K4H4_E1,ARTY_A7_100T_100MHZ,BOARD_COMMAND_TO_RESULT_ELAPSED,1,SUCCESS,5666,10,13,5,14422,149,0.000149,,,
256,63,0xe6b7e7eb,0xd542988e,FPGA_K4H4_E1,ARTY_A7_100T_100MHZ,BOARD_COMMAND_TO_RESULT_ELAPSED,1,SUCCESS,14388,10,11,5,13702,141,0.000141,,,
256,64,0x6770144c,0xd2d3c6e7,FPGA_K4H4_E1,ARTY_A7_100T_100MHZ,BOARD_COMMAND_TO_RESULT_ELAPSED,1,SUCCESS,3410,8,4,2,9242,97,9.7e-05,,,
256,65,0xc600a248,0x0a1e0844,FPGA_K4H4_E1,ARTY_A7_100T_100MHZ,BOARD_COMMAND_TO_RESULT_ELAPSED,1,SUCCESS,10195,6,3,2,7493,80,8e-05,,,
256,66,0x1ea4f830,0x2ef0f28e,FPGA_K4H4_E1,ARTY_A7_100T_100MHZ,BOARD_COMMAND_TO_RESULT_ELAPSED,1,SUCCESS,1133,6,2,1,6222,67,6.7e-05,,,
256,67,0x639604f3,0x7fe04f83,FPGA_K4H4_E1,ARTY_A7_100T_100MHZ,BOARD_COMMAND_TO_RESULT_ELAPSED,1,SUCCESS,5270,10,10,4,12949,135,0.000135,,,
256,68,0x6e084a84,0xb643b17e,FPGA_K4H4_E1,ARTY_A7_100T_100MHZ,BOARD_COMMAND_TO_RESULT_ELAPSED,1,SUCCESS,8996,8,6,2,9214,97,9.7e-05,,,
256,69,0x3d7fc476,0x467d7a44,FPGA_K4H4_E1,ARTY_A7_100T_100MHZ,BOARD_COMMAND_TO_RESULT_ELAPSED,1,SUCCESS,15374,7,3,2,8623,91,9.1e-05,,,
256,70,0xedca3875,0xefade11e,FPGA_K4H4_E1,ARTY_A7_100T_100MHZ,BOARD_COMMAND_TO_RESULT_ELAPSED,1,SUCCESS,2789,4,3,1,4600,52,5.2e-05,,,
256,71,0xb883121d,0x095c678c,FPGA_K4H4_E1,ARTY_A7_100T_100MHZ,BOARD_COMMAND_TO_RESULT_ELAPSED,1,SUCCESS,15233,8,6,2,9359,98,9.8e-05,,,
256,72,0xace22797,0xbc422a9a,FPGA_K4H4_E1,ARTY_A7_100T_100MHZ,BOARD_COMMAND_TO_RESULT_ELAPSED,1,SUCCESS,1859,7,4,1,7341,78,7.8e-05,,,
256,73,0xefd3172d,0x8c2c3233,FPGA_K4H4_E1,ARTY_A7_100T_100MHZ,BOARD_COMMAND_TO_RESULT_ELAPSED,1,SUCCESS,9230,7,6,2,8702,92,9.2e-05,,,
256,74,0xe6aacdb5,0x7f1c158a,FPGA_K4H4_E1,ARTY_A7_100T_100MHZ,BOARD_COMMAND_TO_RESULT_ELAPSED,1,SUCCESS,2442,6,2,1,6596,70,7e-05,,,
256,75,0x6566c598,0xca804b00,FPGA_K4H4_E1,ARTY_A7_100T_100MHZ,BOARD_COMMAND_TO_RESULT_ELAPSED,1,SUCCESS,14410,2,1,1,3583,40,4e-05,,,
256,76,0x4e646d9d,0xcbae5ac0,FPGA_K4H4_E1,ARTY_A7_100T_100MHZ,BOARD_COMMAND_TO_RESULT_ELAPSED,1,SUCCESS,13239,9,10,4,11558,120,0.00012,,,
256,77,0x05d81d6f,0x260c4013,FPGA_K4H4_E1,ARTY_A7_100T_100MHZ,BOARD_COMMAND_TO_RESULT_ELAPSED,1,SUCCESS,9230,7,5,2,8049,86,8.6e-05,,,
256,78,0x2018f6a3,0x5728c7f4,FPGA_K4H4_E1,ARTY_A7_100T_100MHZ,BOARD_COMMAND_TO_RESULT_ELAPSED,1,SUCCESS,3237,2,1,1,3147,37,3.7e-05,,,
256,79,0x718ebf0c,0x4d7d460c,FPGA_K4H4_E1,ARTY_A7_100T_100MHZ,BOARD_COMMAND_TO_RESULT_ELAPSED,1,SUCCESS,11111,2,1,1,3337,38,3.8e-05,,,
256,80,0x042a8f17,0x2093b3f4,FPGA_K4H4_E1,ARTY_A7_100T_100MHZ,BOARD_COMMAND_TO_RESULT_ELAPSED,1,SUCCESS,8089,10,10,5,13726,142,0.000142,,,
256,81,0xfc1c775d,0x35bd20f1,FPGA_K4H4_E1,ARTY_A7_100T_100MHZ,BOARD_COMMAND_TO_RESULT_ELAPSED,1,SUCCESS,9492,6,4,1,6221,67,6.7e-05,,,
256,82,0x16b93b63,0x7d609ba5,FPGA_K4H4_E1,ARTY_A7_100T_100MHZ,BOARD_COMMAND_TO_RESULT_ELAPSED,1,SUCCESS,14992,3,1,1,4663,51,5.1e-05,,,
256,83,0x8ce1028e,0xb152e7ef,FPGA_K4H4_E1,ARTY_A7_100T_100MHZ,BOARD_COMMAND_TO_RESULT_ELAPSED,1,SUCCESS,15859,3,2,1,4482,50,5e-05,,,
256,84,0x87bad980,0x7dbefa97,FPGA_K4H4_E1,ARTY_A7_100T_100MHZ,BOARD_COMMAND_TO_RESULT_ELAPSED,1,SUCCESS,10082,6,4,1,6345,69,6.9e-05,,,
256,85,0xd63d86f3,0xf5399cca,FPGA_K4H4_E1,ARTY_A7_100T_100MHZ,BOARD_COMMAND_TO_RESULT_ELAPSED,1,SUCCESS,8851,9,10,3,10869,115,0.000115,,,
256,86,0xeeaba102,0x01560fc0,FPGA_K4H4_E1,ARTY_A7_100T_100MHZ,BOARD_COMMAND_TO_RESULT_ELAPSED,1,SUCCESS,10812,11,13,4,13893,145,0.000145,,,
256,87,0xc1fee4bb,0xc7e12d58,FPGA_K4H4_E1,ARTY_A7_100T_100MHZ,BOARD_COMMAND_TO_RESULT_ELAPSED,1,SUCCESS,6247,12,15,5,15292,157,0.000157,,,
256,88,0x0707c9da,0xf644a3f9,FPGA_K4H4_E1,ARTY_A7_100T_100MHZ,BOARD_COMMAND_TO_RESULT_ELAPSED,1,SUCCESS,1038,6,3,1,6481,70,7e-05,,,
256,89,0xde0d9c30,0x58a2ee8f,FPGA_K4H4_E1,ARTY_A7_100T_100MHZ,BOARD_COMMAND_TO_RESULT_ELAPSED,1,SUCCESS,10532,10,13,5,14797,152,0.000152,,,
256,90,0x7cd0efc7,0x9f385cfb,FPGA_K4H4_E1,ARTY_A7_100T_100MHZ,BOARD_COMMAND_TO_RESULT_ELAPSED,1,SUCCESS,15943,13,12,6,17833,184,0.000184,,,
256,91,0xe4cb50a6,0x94d13729,FPGA_K4H4_E1,ARTY_A7_100T_100MHZ,BOARD_COMMAND_TO_RESULT_ELAPSED,1,SUCCESS,9960,4,1,1,5286,58,5.8e-05,,,
256,92,0xa0882219,0x18f75d24,FPGA_K4H4_E1,ARTY_A7_100T_100MHZ,BOARD_COMMAND_TO_RESULT_ELAPSED,1,SUCCESS,8081,4,1,1,5185,58,5.8e-05,,,
256,93,0xc435e6f2,0xf75a52bc,FPGA_K4H4_E1,ARTY_A7_100T_100MHZ,BOARD_COMMAND_TO_RESULT_ELAPSED,1,SUCCESS,12684,10,14,3,11777,123,0.000123,,,
256,94,0x011b63f0,0x0aa34346,FPGA_K4H4_E1,ARTY_A7_100T_100MHZ,BOARD_COMMAND_TO_RESULT_ELAPSED,1,SUCCESS,2888,7,3,1,6766,73,7.3e-05,,,
256,95,0x1b456e77,0xee460f94,FPGA_K4H4_E1,ARTY_A7_100T_100MHZ,BOARD_COMMAND_TO_RESULT_ELAPSED,1,SUCCESS,2852,9,7,2,10499,110,0.00011,,,
256,96,0x10088608,0xef418331,FPGA_K4H4_E1,ARTY_A7_100T_100MHZ,BOARD_COMMAND_TO_RESULT_ELAPSED,1,SUCCESS,1456,4,2,1,4354,48,4.8e-05,,,
256,97,0x6fcfc352,0xf8fa9f4c,FPGA_K4H4_E1,ARTY_A7_100T_100MHZ,BOARD_COMMAND_TO_RESULT_ELAPSED,1,SUCCESS,13286,6,3,1,6740,72,7.2e-05,,,
256,98,0xfb6077af,0x713595a9,FPGA_K4H4_E1,ARTY_A7_100T_100MHZ,BOARD_COMMAND_TO_RESULT_ELAPSED,1,SUCCESS,10964,2,1,1,3319,38,3.8e-05,,,
256,99,0xc6ebb72e,0x08fdf109,FPGA_K4H4_E1,ARTY_A7_100T_100MHZ,BOARD_COMMAND_TO_RESULT_ELAPSED,1,SUCCESS,2852,5,2,1,5624,61,6.1e-05,,,
1,0,0x7b1dcdaf,0x24370df2,FPGA_K3H3_E4_M2,ARTY_A7_100T_100MHZ,BOARD_COMMAND_TO_RESULT_ELAPSED,1,SUCCESS,507,25,308,70,30913,314,0.000314,,,
1,1,0x3a85a4dc,0xa3b9aa35,FPGA_K3H3_E4_M2,ARTY_A7_100T_100MHZ,BOARD_COMMAND_TO_RESULT_ELAPSED,1,SUCCESS,507,15,23,9,7857,83,8.3e-05,,,
1,2,0x6162a8b2,0x871c276f,FPGA_K3H3_E4_M2,ARTY_A7_100T_100MHZ,BOARD_COMMAND_TO_RESULT_ELAPSED,1,SUCCESS,507,22,181,40,18591,191,0.000191,,,
1,3,0xc3adc34e,0xf5b8f22b,FPGA_K3H3_E4_M2,ARTY_A7_100T_100MHZ,BOARD_COMMAND_TO_RESULT_ELAPSED,1,SUCCESS,507,25,239,53,23259,237,0.000237,,,
1,4,0x2bb073ff,0x3f8396e3,FPGA_K3H3_E4_M2,ARTY_A7_100T_100MHZ,BOARD_COMMAND_TO_RESULT_ELAPSED,1,SUCCESS,507,24,240,58,24374,249,0.000249,,,
1,5,0xda585ab3,0xa7197ad7,FPGA_K3H3_E4_M2,ARTY_A7_100T_100MHZ,BOARD_COMMAND_TO_RESULT_ELAPSED,1,SUCCESS,507,23,155,41,19287,198,0.000198,,,
1,6,0x0ed109c0,0x5701ce52,FPGA_K3H3_E4_M2,ARTY_A7_100T_100MHZ,BOARD_COMMAND_TO_RESULT_ELAPSED,1,SUCCESS,507,9,14,4,4340,48,4.8e-05,,,
1,7,0x102ecf73,0x53c7612b,FPGA_K3H3_E4_M2,ARTY_A7_100T_100MHZ,BOARD_COMMAND_TO_RESULT_ELAPSED,1,SUCCESS,507,23,180,52,22217,227,0.000227,,,
1,8,0xcf29b6a1,0x35231a84,FPGA_K3H3_E4_M2,ARTY_A7_100T_100MHZ,BOARD_COMMAND_TO_RESULT_ELAPSED,1,SUCCESS,507,26,261,85,32101,326,0.000326,,,
1,9,0xc49cbb42,0xd0a3bbb8,FPGA_K3H3_E4_M2,ARTY_A7_100T_100MHZ,BOARD_COMMAND_TO_RESULT_ELAPSED,1,SUCCESS,507,24,148,68,26778,272,0.000272,,,
1,10,0x4cc51d23,0xee0e3ab4,FPGA_K3H3_E4_M2,ARTY_A7_100T_100MHZ,BOARD_COMMAND_TO_RESULT_ELAPSED,1,SUCCESS,507,20,93,31,15553,160,0.00016,,,
1,11,0xf9e8aa7a,0x3208c31a,FPGA_K3H3_E4_M2,ARTY_A7_100T_100MHZ,BOARD_COMMAND_TO_RESULT_ELAPSED,1,SUCCESS,507,23,175,45,23224,237,0.000237,,,
1,12,0xdda8b051,0xc8105c9d,FPGA_K3H3_E4_M2,ARTY_A7_100T_100MHZ,BOARD_COMMAND_TO_RESULT_ELAPSED,1,SUCCESS,507,18,42,12,9772,103,0.000103,,,
1,13,0xabfb11bf,0xf5dec75e,FPGA_K3H3_E4_M2,ARTY_A7_100T_100MHZ,BOARD_COMMAND_TO_RESULT_ELAPSED,1,SUCCESS,507,24,218,55,23343,237,0.000237,,,
1,14,0x20639811,0x6b6a7c47,FPGA_K3H3_E4_M2,ARTY_A7_100T_100MHZ,BOARD_COMMAND_TO_RESULT_ELAPSED,1,SUCCESS,507,21,133,37,17504,179,0.000179,,,
1,15,0xac72acd2,0xca84bc6c,FPGA_K3H3_E4_M2,ARTY_A7_100T_100MHZ,BOARD_COMMAND_TO_RESULT_ELAPSED,1,SUCCESS,507,27,333,115,40873,413,0.000413,,,
1,16,0x49a2da79,0xe1376725,FPGA_K3H3_E4_M2,ARTY_A7_100T_100MHZ,BOARD_COMMAND_TO_RESULT_ELAPSED,1,SUCCESS,507,25,225,45,20852,214,0.000214,,,
1,17,0x63a4e9d7,0x6166dba4,FPGA_K3H3_E4_M2,ARTY_A7_100T_100MHZ,BOARD_COMMAND_TO_RESULT_ELAPSED,1,SUCCESS,507,25,152,45,21362,218,0.000218,,,
1,18,0x8983f102,0x43fb6183,FPGA_K3H3_E4_M2,ARTY_A7_100T_100MHZ,BOARD_COMMAND_TO_RESULT_ELAPSED,1,SUCCESS,507,24,216,73,28191,286,0.000286,,,
1,19,0xb671aa78,0xc97ad8a2,FPGA_K3H3_E4_M2,ARTY_A7_100T_100MHZ,BOARD_COMMAND_TO_RESULT_ELAPSED,1,SUCCESS,507,22,122,47,20245,208,0.000208,,,
1,20,0xdaeb566a,0x989e5b3d,FPGA_K3H3_E4_M2,ARTY_A7_100T_100MHZ,BOARD_COMMAND_TO_RESULT_ELAPSED,1,SUCCESS,507,27,311,109,38608,391,0.000391,,,
1,21,0xf6181c00,0xa345ac4b,FPGA_K3H3_E4_M2,ARTY_A7_100T_100MHZ,BOARD_COMMAND_TO_RESULT_ELAPSED,1,SUCCESS,507,26,200,68,30091,305,0.000305,,,
1,22,0x4e18d852,0xa08980df,FPGA_K3H3_E4_M2,ARTY_A7_100T_100MHZ,BOARD_COMMAND_TO_RESULT_ELAPSED,1,SUCCESS,507,15,37,9,7763,83,8.3e-05,,,
1,23,0xa035ceba,0x611de4c4,FPGA_K3H3_E4_M2,ARTY_A7_100T_100MHZ,BOARD_COMMAND_TO_RESULT_ELAPSED,1,SUCCESS,507,23,141,35,17822,184,0.000184,,,
1,24,0xc2416ee4,0x7323f479,FPGA_K3H3_E4_M2,ARTY_A7_100T_100MHZ,BOARD_COMMAND_TO_RESULT_ELAPSED,1,SUCCESS,507,21,159,40,18164,187,0.000187,,,
1,25,0xfbdafbdd,0xa0c0cf2f,FPGA_K3H3_E4_M2,ARTY_A7_100T_100MHZ,BOARD_COMMAND_TO_RESULT_ELAPSED,1,SUCCESS,507,25,210,79,30150,307,0.000307,,,
1,26,0xa43fbf47,0x8de97b10,FPGA_K3H3_E4_M2,ARTY_A7_100T_100MHZ,BOARD_COMMAND_TO_RESULT_ELAPSED,1,SUCCESS,507,27,215,66,26972,274,0.000274,,,
1,27,0x6811f7c1,0xcb07044a,FPGA_K3H3_E4_M2,ARTY_A7_100T_100MHZ,BOARD_COMMAND_TO_RESULT_ELAPSED,1,SUCCESS,507,24,174,41,19649,201,0.000201,,,
1,28,0x610dde2c,0x8cf5deb9,FPGA_K3H3_E4_M2,ARTY_A7_100T_100MHZ,BOARD_COMMAND_TO_RESULT_ELAPSED,1,SUCCESS,507,25,256,65,26185,266,0.000266,,,
1,29,0x82241b87,0xbbe27f39,FPGA_K3H3_E4_M2,ARTY_A7_100T_100MHZ,BOARD_COMMAND_TO_RESULT_ELAPSED,1,SUCCESS,507,21,133,39,17889,184,0.000184,,,
1,30,0x48647490,0xea9551eb,FPGA_K3H3_E4_M2,ARTY_A7_100T_100MHZ,BOARD_COMMAND_TO_RESULT_ELAPSED,1,SUCCESS,507,19,63,26,13994,144,0.000144,,,
1,31,0x63df3b7f,0xa8b057e1,FPGA_K3H3_E4_M2,ARTY_A7_100T_100MHZ,BOARD_COMMAND_TO_RESULT_ELAPSED,1,SUCCESS,507,27,273,80,30900,313,0.000313,,,
1,32,0x433125bb,0x3221fef0,FPGA_K3H3_E4_M2,ARTY_A7_100T_100MHZ,BOARD_COMMAND_TO_RESULT_ELAPSED,1,SUCCESS,507,22,93,26,17472,179,0.000179,,,
1,33,0x7943be40,0x6641ee79,FPGA_K3H3_E4_M2,ARTY_A7_100T_100MHZ,BOARD_COMMAND_TO_RESULT_ELAPSED,1,SUCCESS,507,19,93,27,13847,142,0.000142,,,
1,34,0x26c93252,0x675d2908,FPGA_K3H3_E4_M2,ARTY_A7_100T_100MHZ,BOARD_COMMAND_TO_RESULT_ELAPSED,1,SUCCESS,507,27,290,107,38319,387,0.000387,,,
1,35,0xdbe3ed49,0xa7cfea56,FPGA_K3H3_E4_M2,ARTY_A7_100T_100MHZ,BOARD_COMMAND_TO_RESULT_ELAPSED,1,SUCCESS,507,16,40,12,9102,96,9.6e-05,,,
1,36,0xc2ec9bb4,0xbfc0ae9e,FPGA_K3H3_E4_M2,ARTY_A7_100T_100MHZ,BOARD_COMMAND_TO_RESULT_ELAPSED,1,SUCCESS,507,24,229,55,23206,237,0.000237,,,
1,37,0xe7ec8559,0x307064ac,FPGA_K3H3_E4_M2,ARTY_A7_100T_100MHZ,BOARD_COMMAND_TO_RESULT_ELAPSED,1,SUCCESS,507,23,169,44,20205,208,0.000208,,,
1,38,0xccb88b54,0x2cf00158,FPGA_K3H3_E4_M2,ARTY_A7_100T_100MHZ,BOARD_COMMAND_TO_RESULT_ELAPSED,1,SUCCESS,507,21,123,29,15413,159,0.000159,,,
1,39,0xb512e6a4,0x2b9e708c,FPGA_K3H3_E4_M2,ARTY_A7_100T_100MHZ,BOARD_COMMAND_TO_RESULT_ELAPSED,1,SUCCESS,507,21,105,30,15844,164,0.000164,,,
1,40,0x7e2c3d82,0xa69fb195,FPGA_K3H3_E4_M2,ARTY_A7_100T_100MHZ,BOARD_COMMAND_TO_RESULT_ELAPSED,1,SUCCESS,507,18,48,13,10052,105,0.000105,,,
1,41,0x58b3e5ad,0x23a21253,FPGA_K3H3_E4_M2,ARTY_A7_100T_100MHZ,BOARD_COMMAND_TO_RESULT_ELAPSED,1,SUCCESS,507,24,196,78,29861,304,0.000304,,,
1,42,0x9a07c40b,0x3ea78d8c,FPGA_K3H3_E4_M2,ARTY_A7_100T_100MHZ,BOARD_COMMAND_TO_RESULT_ELAPSED,1,SUCCESS,507,21,126,35,16969,174,0.000174,,,
1,43,0xf1f9a54b,0x7b00db61,FPGA_K3H3_E4_M2,ARTY_A7_100T_100MHZ,BOARD_COMMAND_TO_RESULT_ELAPSED,1,SUCCESS,507,28,252,57,28600,291,0.000291,,,
1,44,0xfba6212d,0xb8b8356a,FPGA_K3H3_E4_M2,ARTY_A7_100T_100MHZ,BOARD_COMMAND_TO_RESULT_ELAPSED,1,SUCCESS,507,28,368,118,41357,418,0.000418,,,
1,45,0x1ca60615,0xd753b84a,FPGA_K3H3_E4_M2,ARTY_A7_100T_100MHZ,BOARD_COMMAND_TO_RESULT_ELAPSED,1,SUCCESS,507,21,131,33,16261,168,0.000168,,,
1,46,0xa085c93e,0x19b8504d,FPGA_K3H3_E4_M2,ARTY_A7_100T_100MHZ,BOARD_COMMAND_TO_RESULT_ELAPSED,1,SUCCESS,507,20,96,21,12691,132,0.000132,,,
1,47,0x18190603,0xad0438b2,FPGA_K3H3_E4_M2,ARTY_A7_100T_100MHZ,BOARD_COMMAND_TO_RESULT_ELAPSED,1,SUCCESS,507,21,120,26,14536,150,0.00015,,,
1,48,0xc1143c78,0xbbdab3cd,FPGA_K3H3_E4_M2,ARTY_A7_100T_100MHZ,BOARD_COMMAND_TO_RESULT_ELAPSED,1,SUCCESS,507,25,157,37,19236,197,0.000197,,,
1,49,0x332063fc,0x222ba57c,FPGA_K3H3_E4_M2,ARTY_A7_100T_100MHZ,BOARD_COMMAND_TO_RESULT_ELAPSED,1,SUCCESS,507,23,148,40,18920,193,0.000193,,,
1,50,0xd6f4066b,0xab9eb714,FPGA_K3H3_E4_M2,ARTY_A7_100T_100MHZ,BOARD_COMMAND_TO_RESULT_ELAPSED,1,SUCCESS,507,26,275,66,26711,272,0.000272,,,
1,51,0x64b9628c,0x9cd8b518,FPGA_K3H3_E4_M2,ARTY_A7_100T_100MHZ,BOARD_COMMAND_TO_RESULT_ELAPSED,1,SUCCESS,507,22,122,23,14212,147,0.000147,,,
1,52,0x894e6771,0x8a255c2e,FPGA_K3H3_E4_M2,ARTY_A7_100T_100MHZ,BOARD_COMMAND_TO_RESULT_ELAPSED,1,SUCCESS,507,26,256,89,32999,335,0.000335,,,
1,53,0xe3e668e8,0xff1f20c3,FPGA_K3H3_E4_M2,ARTY_A7_100T_100MHZ,BOARD_COMMAND_TO_RESULT_ELAPSED,1,SUCCESS,507,24,167,43,20229,208,0.000208,,,
1,54,0x36980406,0xfbdbfa61,FPGA_K3H3_E4_M2,ARTY_A7_100T_100MHZ,BOARD_COMMAND_TO_RESULT_ELAPSED,1,SUCCESS,507,25,283,71,27948,285,0.000285,,,
1,55,0x114d2b4a,0xa617ad4e,FPGA_K3H3_E4_M2,ARTY_A7_100T_100MHZ,BOARD_COMMAND_TO_RESULT_ELAPSED,1,SUCCESS,507,26,269,83,31429,319,0.000319,,,
1,56,0x3b8907e1,0x0c6cbd10,FPGA_K3H3_E4_M2,ARTY_A7_100T_100MHZ,BOARD_COMMAND_TO_RESULT_ELAPSED,1,SUCCESS,507,23,142,55,22734,233,0.000233,,,
1,57,0x2cd09c1d,0x964fb1a7,FPGA_K3H3_E4_M2,ARTY_A7_100T_100MHZ,BOARD_COMMAND_TO_RESULT_ELAPSED,1,SUCCESS,507,24,241,67,26272,268,0.000268,,,
1,58,0x6d7a8604,0xbd6f99c6,FPGA_K3H3_E4_M2,ARTY_A7_100T_100MHZ,BOARD_COMMAND_TO_RESULT_ELAPSED,1,SUCCESS,507,28,369,134,46144,466,0.000466,,,
1,59,0x1fadaf42,0x60010aa3,FPGA_K3H3_E4_M2,ARTY_A7_100T_100MHZ,BOARD_COMMAND_TO_RESULT_ELAPSED,1,SUCCESS,507,24,141,33,17627,181,0.000181,,,
1,60,0x92fe7cfd,0xb54e2773,FPGA_K3H3_E4_M2,ARTY_A7_100T_100MHZ,BOARD_COMMAND_TO_RESULT_ELAPSED,1,SUCCESS,507,21,135,33,16790,173,0.000173,,,
1,61,0x1aecb060,0x9c545eba,FPGA_K3H3_E4_M2,ARTY_A7_100T_100MHZ,BOARD_COMMAND_TO_RESULT_ELAPSED,1,SUCCESS,507,27,306,97,36141,365,0.000365,,,
1,62,0x91778cc3,0xbd1d1bc0,FPGA_K3H3_E4_M2,ARTY_A7_100T_100MHZ,BOARD_COMMAND_TO_RESULT_ELAPSED,1,SUCCESS,507,24,196,44,20301,208,0.000208,,,
1,63,0xe6b7e7eb,0xd542988e,FPGA_K3H3_E4_M2,ARTY_A7_100T_100MHZ,BOARD_COMMAND_TO_RESULT_ELAPSED,1,SUCCESS,507,19,67,14,10442,109,0.000109,,,
1,64,0x6770144c,0xd2d3c6e7,FPGA_K3H3_E4_M2,ARTY_A7_100T_100MHZ,BOARD_COMMAND_TO_RESULT_ELAPSED,1,SUCCESS,507,23,129,37,21751,222,0.000222,,,
1,65,0xc600a248,0x0a1e0844,FPGA_K3H3_E4_M2,ARTY_A7_100T_100MHZ,BOARD_COMMAND_TO_RESULT_ELAPSED,1,SUCCESS,507,26,277,94,34133,347,0.000347,,,
1,66,0x1ea4f830,0x2ef0f28e,FPGA_K3H3_E4_M2,ARTY_A7_100T_100MHZ,BOARD_COMMAND_TO_RESULT_ELAPSED,1,SUCCESS,507,15,45,12,8864,94,9.4e-05,,,
1,67,0x639604f3,0x7fe04f83,FPGA_K3H3_E4_M2,ARTY_A7_100T_100MHZ,BOARD_COMMAND_TO_RESULT_ELAPSED,1,SUCCESS,507,22,105,48,20891,214,0.000214,,,
1,68,0x6e084a84,0xb643b17e,FPGA_K3H3_E4_M2,ARTY_A7_100T_100MHZ,BOARD_COMMAND_TO_RESULT_ELAPSED,1,SUCCESS,507,26,239,80,30678,312,0.000312,,,
1,69,0x3d7fc476,0x467d7a44,FPGA_K3H3_E4_M2,ARTY_A7_100T_100MHZ,BOARD_COMMAND_TO_RESULT_ELAPSED,1,SUCCESS,507,23,160,56,23097,236,0.000236,,,
1,70,0xedca3875,0xefade11e,FPGA_K3H3_E4_M2,ARTY_A7_100T_100MHZ,BOARD_COMMAND_TO_RESULT_ELAPSED,1,SUCCESS,507,26,243,98,36016,366,0.000366,,,
1,71,0xb883121d,0x095c678c,FPGA_K3H3_E4_M2,ARTY_A7_100T_100MHZ,BOARD_COMMAND_TO_RESULT_ELAPSED,1,SUCCESS,507,25,235,41,19883,204,0.000204,,,
1,72,0xace22797,0xbc422a9a,FPGA_K3H3_E4_M2,ARTY_A7_100T_100MHZ,BOARD_COMMAND_TO_RESULT_ELAPSED,1,SUCCESS,507,12,15,4,5399,59,5.9e-05,,,
1,73,0xefd3172d,0x8c2c3233,FPGA_K3H3_E4_M2,ARTY_A7_100T_100MHZ,BOARD_COMMAND_TO_RESULT_ELAPSED,1,SUCCESS,507,19,49,13,10084,106,0.000106,,,
1,74,0xe6aacdb5,0x7f1c158a,FPGA_K3H3_E4_M2,ARTY_A7_100T_100MHZ,BOARD_COMMAND_TO_RESULT_ELAPSED,1,SUCCESS,507,23,212,40,18918,194,0.000194,,,
1,75,0x6566c598,0xca804b00,FPGA_K3H3_E4_M2,ARTY_A7_100T_100MHZ,BOARD_COMMAND_TO_RESULT_ELAPSED,1,SUCCESS,507,15,42,11,11285,118,0.000118,,,
1,76,0x4e646d9d,0xcbae5ac0,FPGA_K3H3_E4_M2,ARTY_A7_100T_100MHZ,BOARD_COMMAND_TO_RESULT_ELAPSED,1,SUCCESS,507,17,64,19,11068,116,0.000116,,,
1,77,0x05d81d6f,0x260c4013,FPGA_K3H3_E4_M2,ARTY_A7_100T_100MHZ,BOARD_COMMAND_TO_RESULT_ELAPSED,1,SUCCESS,507,22,113,32,16190,166,0.000166,,,
1,78,0x2018f6a3,0x5728c7f4,FPGA_K3H3_E4_M2,ARTY_A7_100T_100MHZ,BOARD_COMMAND_TO_RESULT_ELAPSED,1,SUCCESS,507,31,430,118,43117,436,0.000436,,,
1,79,0x718ebf0c,0x4d7d460c,FPGA_K3H3_E4_M2,ARTY_A7_100T_100MHZ,BOARD_COMMAND_TO_RESULT_ELAPSED,1,SUCCESS,507,24,138,54,23067,236,0.000236,,,
1,80,0x042a8f17,0x2093b3f4,FPGA_K3H3_E4_M2,ARTY_A7_100T_100MHZ,BOARD_COMMAND_TO_RESULT_ELAPSED,1,SUCCESS,507,27,381,116,40657,411,0.000411,,,
1,81,0xfc1c775d,0x35bd20f1,FPGA_K3H3_E4_M2,ARTY_A7_100T_100MHZ,BOARD_COMMAND_TO_RESULT_ELAPSED,1,SUCCESS,507,28,300,95,35492,360,0.00036,,,
1,82,0x16b93b63,0x7d609ba5,FPGA_K3H3_E4_M2,ARTY_A7_100T_100MHZ,BOARD_COMMAND_TO_RESULT_ELAPSED,1,SUCCESS,507,27,336,114,40179,407,0.000407,,,
1,83,0x8ce1028e,0xb152e7ef,FPGA_K3H3_E4_M2,ARTY_A7_100T_100MHZ,BOARD_COMMAND_TO_RESULT_ELAPSED,1,SUCCESS,507,20,110,33,16102,167,0.000167,,,
1,84,0x87bad980,0x7dbefa97,FPGA_K3H3_E4_M2,ARTY_A7_100T_100MHZ,BOARD_COMMAND_TO_RESULT_ELAPSED,1,SUCCESS,507,26,277,91,33642,342,0.000342,,,
1,85,0xd63d86f3,0xf5399cca,FPGA_K3H3_E4_M2,ARTY_A7_100T_100MHZ,BOARD_COMMAND_TO_RESULT_ELAPSED,1,SUCCESS,507,22,145,43,21534,220,0.00022,,,
1,86,0xeeaba102,0x01560fc0,FPGA_K3H3_E4_M2,ARTY_A7_100T_100MHZ,BOARD_COMMAND_TO_RESULT_ELAPSED,1,SUCCESS,507,24,200,64,26102,266,0.000266,,,
1,87,0xc1fee4bb,0xc7e12d58,FPGA_K3H3_E4_M2,ARTY_A7_100T_100MHZ,BOARD_COMMAND_TO_RESULT_ELAPSED,1,SUCCESS,507,23,191,53,22218,227,0.000227,,,
1,88,0x0707c9da,0xf644a3f9,FPGA_K3H3_E4_M2,ARTY_A7_100T_100MHZ,BOARD_COMMAND_TO_RESULT_ELAPSED,1,SUCCESS,507,24,199,67,26466,270,0.00027,,,
1,89,0xde0d9c30,0x58a2ee8f,FPGA_K3H3_E4_M2,ARTY_A7_100T_100MHZ,BOARD_COMMAND_TO_RESULT_ELAPSED,1,SUCCESS,507,16,41,8,7866,83,8.3e-05,,,
1,90,0x7cd0efc7,0x9f385cfb,FPGA_K3H3_E4_M2,ARTY_A7_100T_100MHZ,BOARD_COMMAND_TO_RESULT_ELAPSED,1,SUCCESS,507,24,174,71,27654,282,0.000282,,,
1,91,0xe4cb50a6,0x94d13729,FPGA_K3H3_E4_M2,ARTY_A7_100T_100MHZ,BOARD_COMMAND_TO_RESULT_ELAPSED,1,SUCCESS,507,17,53,18,10968,115,0.000115,,,
1,92,0xa0882219,0x18f75d24,FPGA_K3H3_E4_M2,ARTY_A7_100T_100MHZ,BOARD_COMMAND_TO_RESULT_ELAPSED,1,SUCCESS,507,20,86,25,13725,143,0.000143,,,
1,93,0xc435e6f2,0xf75a52bc,FPGA_K3H3_E4_M2,ARTY_A7_100T_100MHZ,BOARD_COMMAND_TO_RESULT_ELAPSED,1,SUCCESS,507,23,192,51,22029,225,0.000225,,,
1,94,0x011b63f0,0x0aa34346,FPGA_K3H3_E4_M2,ARTY_A7_100T_100MHZ,BOARD_COMMAND_TO_RESULT_ELAPSED,1,SUCCESS,507,18,62,27,13642,142,0.000142,,,
1,95,0x1b456e77,0xee460f94,FPGA_K3H3_E4_M2,ARTY_A7_100T_100MHZ,BOARD_COMMAND_TO_RESULT_ELAPSED,1,SUCCESS,507,20,75,25,14386,150,0.00015,,,
1,96,0x10088608,0xef418331,FPGA_K3H3_E4_M2,ARTY_A7_100T_100MHZ,BOARD_COMMAND_TO_RESULT_ELAPSED,1,SUCCESS,507,24,183,68,27191,277,0.000277,,,
1,97,0x6fcfc352,0xf8fa9f4c,FPGA_K3H3_E4_M2,ARTY_A7_100T_100MHZ,BOARD_COMMAND_TO_RESULT_ELAPSED,1,SUCCESS,507,21,102,28,18616,192,0.000192,,,
1,98,0xfb6077af,0x713595a9,FPGA_K3H3_E4_M2,ARTY_A7_100T_100MHZ,BOARD_COMMAND_TO_RESULT_ELAPSED,1,SUCCESS,507,20,102,20,12484,131,0.000131,,,
1,99,0xc6ebb72e,0x08fdf109,FPGA_K3H3_E4_M2,ARTY_A7_100T_100MHZ,BOARD_COMMAND_TO_RESULT_ELAPSED,1,SUCCESS,507,27,263,138,46497,470,0.00047,,,
4,0,0x7b1dcdaf,0x24370df2,FPGA_K3H3_E4_M2,ARTY_A7_100T_100MHZ,BOARD_COMMAND_TO_RESULT_ELAPSED,1,SUCCESS,8685,21,119,38,17656,181,0.000181,,,
4,1,0x3a85a4dc,0xa3b9aa35,FPGA_K3H3_E4_M2,ARTY_A7_100T_100MHZ,BOARD_COMMAND_TO_RESULT_ELAPSED,1,SUCCESS,8685,23,132,43,19752,203,0.000203,,,
4,2,0x6162a8b2,0x871c276f,FPGA_K3H3_E4_M2,ARTY_A7_100T_100MHZ,BOARD_COMMAND_TO_RESULT_ELAPSED,1,SUCCESS,2852,19,89,24,13182,137,0.000137,,,
4,3,0xc3adc34e,0xf5b8f22b,FPGA_K3H3_E4_M2,ARTY_A7_100T_100MHZ,BOARD_COMMAND_TO_RESULT_ELAPSED,1,SUCCESS,2852,20,101,29,15096,155,0.000155,,,
4,4,0x2bb073ff,0x3f8396e3,FPGA_K3H3_E4_M2,ARTY_A7_100T_100MHZ,BOARD_COMMAND_TO_RESULT_ELAPSED,1,SUCCESS,4724,16,47,11,8698,93,9.3e-05,,,
4,5,0xda585ab3,0xa7197ad7,FPGA_K3H3_E4_M2,ARTY_A7_100T_100MHZ,BOARD_COMMAND_TO_RESULT_ELAPSED,1,SUCCESS,2852,20,72,18,12006,126,0.000126,,,
4,6,0x0ed109c0,0x5701ce52,FPGA_K3H3_E4_M2,ARTY_A7_100T_100MHZ,BOARD_COMMAND_TO_RESULT_ELAPSED,1,SUCCESS,507,9,14,4,4364,48,4.8e-05,,,
4,7,0x102ecf73,0x53c7612b,FPGA_K3H3_E4_M2,ARTY_A7_100T_100MHZ,BOARD_COMMAND_TO_RESULT_ELAPSED,1,SUCCESS,507,21,112,36,17274,178,0.000178,,,
4,8,0xcf29b6a1,0x35231a84,FPGA_K3H3_E4_M2,ARTY_A7_100T_100MHZ,BOARD_COMMAND_TO_RESULT_ELAPSED,1,SUCCESS,2852,15,40,8,7645,81,8.1e-05,,,
4,9,0xc49cbb42,0xd0a3bbb8,FPGA_K3H3_E4_M2,ARTY_A7_100T_100MHZ,BOARD_COMMAND_TO_RESULT_ELAPSED,1,SUCCESS,2852,23,94,40,21476,220,0.00022,,,
4,10,0x4cc51d23,0xee0e3ab4,FPGA_K3H3_E4_M2,ARTY_A7_100T_100MHZ,BOARD_COMMAND_TO_RESULT_ELAPSED,1,SUCCESS,2852,19,65,20,12200,127,0.000127,,,
4,11,0xf9e8aa7a,0x3208c31a,FPGA_K3H3_E4_M2,ARTY_A7_100T_100MHZ,BOARD_COMMAND_TO_RESULT_ELAPSED,1,SUCCESS,4724,15,41,10,8198,87,8.7e-05,,,
4,12,0xdda8b051,0xc8105c9d,FPGA_K3H3_E4_M2,ARTY_A7_100T_100MHZ,BOARD_COMMAND_TO_RESULT_ELAPSED,1,SUCCESS,507,18,42,12,9770,103,0.000103,,,
4,13,0xabfb11bf,0xf5dec75e,FPGA_K3H3_E4_M2,ARTY_A7_100T_100MHZ,BOARD_COMMAND_TO_RESULT_ELAPSED,1,SUCCESS,2852,22,128,44,19798,203,0.000203,,,
4,14,0x20639811,0x6b6a7c47,FPGA_K3H3_E4_M2,ARTY_A7_100T_100MHZ,BOARD_COMMAND_TO_RESULT_ELAPSED,1,SUCCESS,4724,17,59,14,9964,105,0.000105,,,
4,15,0xac72acd2,0xca84bc6c,FPGA_K3H3_E4_M2,ARTY_A7_100T_100MHZ,BOARD_COMMAND_TO_RESULT_ELAPSED,1,SUCCESS,8685,21,85,39,18424,189,0.000189,,,
4,16,0x49a2da79,0xe1376725,FPGA_K3H3_E4_M2,ARTY_A7_100T_100MHZ,BOARD_COMMAND_TO_RESULT_ELAPSED,1,SUCCESS,2852,21,116,21,13063,135,0.000135,,,
4,17,0x63a4e9d7,0x6166dba4,FPGA_K3H3_E4_M2,ARTY_A7_100T_100MHZ,BOARD_COMMAND_TO_RESULT_ELAPSED,1,SUCCESS,507,24,121,43,20419,210,0.00021,,,
4,18,0x8983f102,0x43fb6183,FPGA_K3H3_E4_M2,ARTY_A7_100T_100MHZ,BOARD_COMMAND_TO_RESULT_ELAPSED,1,SUCCESS,8685,22,116,28,15329,158,0.000158,,,
4,19,0xb671aa78,0xc97ad8a2,FPGA_K3H3_E4_M2,ARTY_A7_100T_100MHZ,BOARD_COMMAND_TO_RESULT_ELAPSED,1,SUCCESS,507,21,82,33,16110,166,0.000166,,,
4,20,0xdaeb566a,0x989e5b3d,FPGA_K3H3_E4_M2,ARTY_A7_100T_100MHZ,BOARD_COMMAND_TO_RESULT_ELAPSED,1,SUCCESS,507,22,112,38,18018,186,0.000186,,,
4,21,0xf6181c00,0xa345ac4b,FPGA_K3H3_E4_M2,ARTY_A7_100T_100MHZ,BOARD_COMMAND_TO_RESULT_ELAPSED,1,SUCCESS,2852,9,4,4,4401,50,5e-05,,,
4,22,0x4e18d852,0xa08980df,FPGA_K3H3_E4_M2,ARTY_A7_100T_100MHZ,BOARD_COMMAND_TO_RESULT_ELAPSED,1,SUCCESS,507,15,37,9,7865,83,8.3e-05,,,
4,23,0xa035ceba,0x611de4c4,FPGA_K3H3_E4_M2,ARTY_A7_100T_100MHZ,BOARD_COMMAND_TO_RESULT_ELAPSED,1,SUCCESS,8685,12,21,7,6310,69,6.9e-05,,,
4,24,0xc2416ee4,0x7323f479,FPGA_K3H3_E4_M2,ARTY_A7_100T_100MHZ,BOARD_COMMAND_TO_RESULT_ELAPSED,1,SUCCESS,8685,9,14,4,4420,50,5e-05,,,
4,25,0xfbdafbdd,0xa0c0cf2f,FPGA_K3H3_E4_M2,ARTY_A7_100T_100MHZ,BOARD_COMMAND_TO_RESULT_ELAPSED,1,SUCCESS,4724,19,77,22,12791,133,0.000133,,,
4,26,0xa43fbf47,0x8de97b10,FPGA_K3H3_E4_M2,ARTY_A7_100T_100MHZ,BOARD_COMMAND_TO_RESULT_ELAPSED,1,SUCCESS,2852,21,83,22,13223,136,0.000136,,,
4,27,0x6811f7c1,0xcb07044a,FPGA_K3H3_E4_M2,ARTY_A7_100T_100MHZ,BOARD_COMMAND_TO_RESULT_ELAPSED,1,SUCCESS,507,19,77,22,12823,133,0.000133,,,
4,28,0x610dde2c,0x8cf5deb9,FPGA_K3H3_E4_M2,ARTY_A7_100T_100MHZ,BOARD_COMMAND_TO_RESULT_ELAPSED,1,SUCCESS,2852,23,142,32,16718,173,0.000173,,,
4,29,0x82241b87,0xbbe27f39,FPGA_K3H3_E4_M2,ARTY_A7_100T_100MHZ,BOARD_COMMAND_TO_RESULT_ELAPSED,1,SUCCESS,2852,18,62,21,12135,127,0.000127,,,
4,30,0x48647490,0xea9551eb,FPGA_K3H3_E4_M2,ARTY_A7_100T_100MHZ,BOARD_COMMAND_TO_RESULT_ELAPSED,1,SUCCESS,2852,20,80,26,14379,149,0.000149,,,
4,31,0x63df3b7f,0xa8b057e1,FPGA_K3H3_E4_M2,ARTY_A7_100T_100MHZ,BOARD_COMMAND_TO_RESULT_ELAPSED,1,SUCCESS,4724,10,14,4,4745,53,5.3e-05,,,
4,32,0x433125bb,0x3221fef0,FPGA_K3H3_E4_M2,ARTY_A7_100T_100MHZ,BOARD_COMMAND_TO_RESULT_ELAPSED,1,SUCCESS,4724,21,70,26,14350,149,0.000149,,,
4,33,0x7943be40,0x6641ee79,FPGA_K3H3_E4_M2,ARTY_A7_100T_100MHZ,BOARD_COMMAND_TO_RESULT_ELAPSED,1,SUCCESS,8685,20,98,31,15309,159,0.000159,,,
4,34,0x26c93252,0x675d2908,FPGA_K3H3_E4_M2,ARTY_A7_100T_100MHZ,BOARD_COMMAND_TO_RESULT_ELAPSED,1,SUCCESS,8685,11,17,4,5026,56,5.6e-05,,,
4,35,0xdbe3ed49,0xa7cfea56,FPGA_K3H3_E4_M2,ARTY_A7_100T_100MHZ,BOARD_COMMAND_TO_RESULT_ELAPSED,1,SUCCESS,8685,18,73,17,11225,118,0.000118,,,
4,36,0xc2ec9bb4,0xbfc0ae9e,FPGA_K3H3_E4_M2,ARTY_A7_100T_100MHZ,BOARD_COMMAND_TO_RESULT_ELAPSED,1,SUCCESS,4724,17,47,18,14044,146,0.000146,,,
4,37,0xe7ec8559,0x307064ac,FPGA_K3H3_E4_M2,ARTY_A7_100T_100MHZ,BOARD_COMMAND_TO_RESULT_ELAPSED,1,SUCCESS,507,20,85,32,16013,165,0.000165,,,
4,38,0xccb88b54,0x2cf00158,FPGA_K3H3_E4_M2,ARTY_A7_100T_100MHZ,BOARD_COMMAND_TO_RESULT_ELAPSED,1,SUCCESS,8685,16,54,14,9489,100,0.0001,,,
4,39,0xb512e6a4,0x2b9e708c,FPGA_K3H3_E4_M2,ARTY_A7_100T_100MHZ,BOARD_COMMAND_TO_RESULT_ELAPSED,1,SUCCESS,4724,18,71,22,12564,130,0.00013,,,
4,40,0x7e2c3d82,0xa69fb195,FPGA_K3H3_E4_M2,ARTY_A7_100T_100MHZ,BOARD_COMMAND_TO_RESULT_ELAPSED,1,SUCCESS,507,18,48,13,10080,107,0.000107,,,
4,41,0x58b3e5ad,0x23a21253,FPGA_K3H3_E4_M2,ARTY_A7_100T_100MHZ,BOARD_COMMAND_TO_RESULT_ELAPSED,1,SUCCESS,2852,12,14,7,6211,67,6.7e-05,,,
4,42,0x9a07c40b,0x3ea78d8c,FPGA_K3H3_E4_M2,ARTY_A7_100T_100MHZ,BOARD_COMMAND_TO_RESULT_ELAPSED,1,SUCCESS,2852,15,34,12,8672,93,9.3e-05,,,
4,43,0xf1f9a54b,0x7b00db61,FPGA_K3H3_E4_M2,ARTY_A7_100T_100MHZ,BOARD_COMMAND_TO_RESULT_ELAPSED,1,SUCCESS,4724,19,98,20,12505,130,0.00013,,,
4,44,0xfba6212d,0xb8b8356a,FPGA_K3H3_E4_M2,ARTY_A7_100T_100MHZ,BOARD_COMMAND_TO_RESULT_ELAPSED,1,SUCCESS,2852,21,123,32,15921,163,0.000163,,,
4,45,0x1ca60615,0xd753b84a,FPGA_K3H3_E4_M2,ARTY_A7_100T_100MHZ,BOARD_COMMAND_TO_RESULT_ELAPSED,1,SUCCESS,2852,20,102,33,15894,164,0.000164,,,
4,46,0xa085c93e,0x19b8504d,FPGA_K3H3_E4_M2,ARTY_A7_100T_100MHZ,BOARD_COMMAND_TO_RESULT_ELAPSED,1,SUCCESS,507,18,68,18,11278,117,0.000117,,,
4,47,0x18190603,0xad0438b2,FPGA_K3H3_E4_M2,ARTY_A7_100T_100MHZ,BOARD_COMMAND_TO_RESULT_ELAPSED,1,SUCCESS,8685,19,76,26,13855,143,0.000143,,,
4,48,0xc1143c78,0xbbdab3cd,FPGA_K3H3_E4_M2,ARTY_A7_100T_100MHZ,BOARD_COMMAND_TO_RESULT_ELAPSED,1,SUCCESS,2852,22,95,35,17637,181,0.000181,,,
4,49,0x332063fc,0x222ba57c,FPGA_K3H3_E4_M2,ARTY_A7_100T_100MHZ,BOARD_COMMAND_TO_RESULT_ELAPSED,1,SUCCESS,507,16,44,12,11215,118,0.000118,,,
4,50,0xd6f4066b,0xab9eb714,FPGA_K3H3_E4_M2,ARTY_A7_100T_100MHZ,BOARD_COMMAND_TO_RESULT_ELAPSED,1,SUCCESS,8685,12,9,2,4849,53,5.3e-05,,,
4,51,0x64b9628c,0x9cd8b518,FPGA_K3H3_E4_M2,ARTY_A7_100T_100MHZ,BOARD_COMMAND_TO_RESULT_ELAPSED,1,SUCCESS,4724,21,111,23,13927,145,0.000145,,,
4,52,0x894e6771,0x8a255c2e,FPGA_K3H3_E4_M2,ARTY_A7_100T_100MHZ,BOARD_COMMAND_TO_RESULT_ELAPSED,1,SUCCESS,2852,18,73,21,12037,126,0.000126,,,
4,53,0xe3e668e8,0xff1f20c3,FPGA_K3H3_E4_M2,ARTY_A7_100T_100MHZ,BOARD_COMMAND_TO_RESULT_ELAPSED,1,SUCCESS,4724,20,77,26,14198,147,0.000147,,,
4,54,0x36980406,0xfbdbfa61,FPGA_K3H3_E4_M2,ARTY_A7_100T_100MHZ,BOARD_COMMAND_TO_RESULT_ELAPSED,1,SUCCESS,2852,24,217,66,26234,268,0.000268,,,
4,55,0x114d2b4a,0xa617ad4e,FPGA_K3H3_E4_M2,ARTY_A7_100T_100MHZ,BOARD_COMMAND_TO_RESULT_ELAPSED,1,SUCCESS,507,23,124,52,22183,227,0.000227,,,
4,56,0x3b8907e1,0x0c6cbd10,FPGA_K3H3_E4_M2,ARTY_A7_100T_100MHZ,BOARD_COMMAND_TO_RESULT_ELAPSED,1,SUCCESS,8685,19,59,21,12343,129,0.000129,,,
4,57,0x2cd09c1d,0x964fb1a7,FPGA_K3H3_E4_M2,ARTY_A7_100T_100MHZ,BOARD_COMMAND_TO_RESULT_ELAPSED,1,SUCCESS,4724,22,166,42,19001,195,0.000195,,,
4,58,0x6d7a8604,0xbd6f99c6,FPGA_K3H3_E4_M2,ARTY_A7_100T_100MHZ,BOARD_COMMAND_TO_RESULT_ELAPSED,1,SUCCESS,507,21,97,21,13306,138,0.000138,,,
4,59,0x1fadaf42,0x60010aa3,FPGA_K3H3_E4_M2,ARTY_A7_100T_100MHZ,BOARD_COMMAND_TO_RESULT_ELAPSED,1,SUCCESS,2852,20,86,25,13965,144,0.000144,,,
4,60,0x92fe7cfd,0xb54e2773,FPGA_K3H3_E4_M2,ARTY_A7_100T_100MHZ,BOARD_COMMAND_TO_RESULT_ELAPSED,1,SUCCESS,507,18,84,23,12932,135,0.000135,,,
4,61,0x1aecb060,0x9c545eba,FPGA_K3H3_E4_M2,ARTY_A7_100T_100MHZ,BOARD_COMMAND_TO_RESULT_ELAPSED,1,SUCCESS,507,22,123,48,22695,232,0.000232,,,
4,62,0x91778cc3,0xbd1d1bc0,FPGA_K3H3_E4_M2,ARTY_A7_100T_100MHZ,BOARD_COMMAND_TO_RESULT_ELAPSED,1,SUCCESS,2852,23,153,34,17395,180,0.00018,,,
4,63,0xe6b7e7eb,0xd542988e,FPGA_K3H3_E4_M2,ARTY_A7_100T_100MHZ,BOARD_COMMAND_TO_RESULT_ELAPSED,1,SUCCESS,2852,18,54,11,9335,99,9.9e-05,,,
4,64,0x6770144c,0xd2d3c6e7,FPGA_K3H3_E4_M2,ARTY_A7_100T_100MHZ,BOARD_COMMAND_TO_RESULT_ELAPSED,1,SUCCESS,507,19,64,16,11378,119,0.000119,,,
4,65,0xc600a248,0x0a1e0844,FPGA_K3H3_E4_M2,ARTY_A7_100T_100MHZ,BOARD_COMMAND_TO_RESULT_ELAPSED,1,SUCCESS,8685,23,131,64,25113,256,0.000256,,,
4,66,0x1ea4f830,0x2ef0f28e,FPGA_K3H3_E4_M2,ARTY_A7_100T_100MHZ,BOARD_COMMAND_TO_RESULT_ELAPSED,1,SUCCESS,4724,25,172,65,26681,272,0.000272,,,
4,67,0x639604f3,0x7fe04f83,FPGA_K3H3_E4_M2,ARTY_A7_100T_100MHZ,BOARD_COMMAND_TO_RESULT_ELAPSED,1,SUCCESS,8685,16,30,9,8253,88,8.8e-05,,,
4,68,0x6e084a84,0xb643b17e,FPGA_K3H3_E4_M2,ARTY_A7_100T_100MHZ,BOARD_COMMAND_TO_RESULT_ELAPSED,1,SUCCESS,2852,21,81,31,15824,163,0.000163,,,
4,69,0x3d7fc476,0x467d7a44,FPGA_K3H3_E4_M2,ARTY_A7_100T_100MHZ,BOARD_COMMAND_TO_RESULT_ELAPSED,1,SUCCESS,8685,22,106,27,15076,156,0.000156,,,
4,70,0xedca3875,0xefade11e,FPGA_K3H3_E4_M2,ARTY_A7_100T_100MHZ,BOARD_COMMAND_TO_RESULT_ELAPSED,1,SUCCESS,2852,23,119,42,19849,203,0.000203,,,
4,71,0xb883121d,0x095c678c,FPGA_K3H3_E4_M2,ARTY_A7_100T_100MHZ,BOARD_COMMAND_TO_RESULT_ELAPSED,1,SUCCESS,2852,22,124,40,18572,190,0.00019,,,
4,72,0xace22797,0xbc422a9a,FPGA_K3H3_E4_M2,ARTY_A7_100T_100MHZ,BOARD_COMMAND_TO_RESULT_ELAPSED,1,SUCCESS,507,12,15,4,5399,59,5.9e-05,,,
4,73,0xefd3172d,0x8c2c3233,FPGA_K3H3_E4_M2,ARTY_A7_100T_100MHZ,BOARD_COMMAND_TO_RESULT_ELAPSED,1,SUCCESS,2852,20,66,18,14253,147,0.000147,,,
4,74,0xe6aacdb5,0x7f1c158a,FPGA_K3H3_E4_M2,ARTY_A7_100T_100MHZ,BOARD_COMMAND_TO_RESULT_ELAPSED,1,SUCCESS,507,21,145,33,16198,166,0.000166,,,
4,75,0x6566c598,0xca804b00,FPGA_K3H3_E4_M2,ARTY_A7_100T_100MHZ,BOARD_COMMAND_TO_RESULT_ELAPSED,1,SUCCESS,2852,9,9,4,4368,48,4.8e-05,,,
4,76,0x4e646d9d,0xcbae5ac0,FPGA_K3H3_E4_M2,ARTY_A7_100T_100MHZ,BOARD_COMMAND_TO_RESULT_ELAPSED,1,SUCCESS,2852,16,47,13,9166,98,9.8e-05,,,
4,77,0x05d81d6f,0x260c4013,FPGA_K3H3_E4_M2,ARTY_A7_100T_100MHZ,BOARD_COMMAND_TO_RESULT_ELAPSED,1,SUCCESS,507,18,67,22,12159,127,0.000127,,,
4,78,0x2018f6a3,0x5728c7f4,FPGA_K3H3_E4_M2,ARTY_A7_100T_100MHZ,BOARD_COMMAND_TO_RESULT_ELAPSED,1,SUCCESS,4724,25,177,69,27697,282,0.000282,,,
4,79,0x718ebf0c,0x4d7d460c,FPGA_K3H3_E4_M2,ARTY_A7_100T_100MHZ,BOARD_COMMAND_TO_RESULT_ELAPSED,1,SUCCESS,2852,22,90,31,16294,168,0.000168,,,
4,80,0x042a8f17,0x2093b3f4,FPGA_K3H3_E4_M2,ARTY_A7_100T_100MHZ,BOARD_COMMAND_TO_RESULT_ELAPSED,1,SUCCESS,8685,24,175,48,21433,219,0.000219,,,
4,81,0xfc1c775d,0x35bd20f1,FPGA_K3H3_E4_M2,ARTY_A7_100T_100MHZ,BOARD_COMMAND_TO_RESULT_ELAPSED,1,SUCCESS,8685,9,12,3,4131,47,4.7e-05,,,
4,82,0x16b93b63,0x7d609ba5,FPGA_K3H3_E4_M2,ARTY_A7_100T_100MHZ,BOARD_COMMAND_TO_RESULT_ELAPSED,1,SUCCESS,8685,12,18,5,5682,63,6.3e-05,,,
4,83,0x8ce1028e,0xb152e7ef,FPGA_K3H3_E4_M2,ARTY_A7_100T_100MHZ,BOARD_COMMAND_TO_RESULT_ELAPSED,1,SUCCESS,8685,14,23,9,7489,80,8e-05,,,
4,84,0x87bad980,0x7dbefa97,FPGA_K3H3_E4_M2,ARTY_A7_100T_100MHZ,BOARD_COMMAND_TO_RESULT_ELAPSED,1,SUCCESS,4724,21,132,28,15187,157,0.000157,,,
4,85,0xd63d86f3,0xf5399cca,FPGA_K3H3_E4_M2,ARTY_A7_100T_100MHZ,BOARD_COMMAND_TO_RESULT_ELAPSED,1,SUCCESS,4724,20,91,29,15115,155,0.000155,,,
4,86,0xeeaba102,0x01560fc0,FPGA_K3H3_E4_M2,ARTY_A7_100T_100MHZ,BOARD_COMMAND_TO_RESULT_ELAPSED,1,SUCCESS,8685,21,91,20,13256,138,0.000138,,,
4,87,0xc1fee4bb,0xc7e12d58,FPGA_K3H3_E4_M2,ARTY_A7_100T_100MHZ,BOARD_COMMAND_TO_RESULT_ELAPSED,1,SUCCESS,4724,19,89,20,15138,157,0.000157,,,
4,88,0x0707c9da,0xf644a3f9,FPGA_K3H3_E4_M2,ARTY_A7_100T_100MHZ,BOARD_COMMAND_TO_RESULT_ELAPSED,1,SUCCESS,8685,16,48,16,10007,105,0.000105,,,
4,89,0xde0d9c30,0x58a2ee8f,FPGA_K3H3_E4_M2,ARTY_A7_100T_100MHZ,BOARD_COMMAND_TO_RESULT_ELAPSED,1,SUCCESS,507,16,41,8,7879,85,8.5e-05,,,
4,90,0x7cd0efc7,0x9f385cfb,FPGA_K3H3_E4_M2,ARTY_A7_100T_100MHZ,BOARD_COMMAND_TO_RESULT_ELAPSED,1,SUCCESS,8685,18,54,24,12963,135,0.000135,,,
4,91,0xe4cb50a6,0x94d13729,FPGA_K3H3_E4_M2,ARTY_A7_100T_100MHZ,BOARD_COMMAND_TO_RESULT_ELAPSED,1,SUCCESS,507,17,53,18,10963,114,0.000114,,,
4,92,0xa0882219,0x18f75d24,FPGA_K3H3_E4_M2,ARTY_A7_100T_100MHZ,BOARD_COMMAND_TO_RESULT_ELAPSED,1,SUCCESS,2852,11,13,6,5575,61,6.1e-05,,,
4,93,0xc435e6f2,0xf75a52bc,FPGA_K3H3_E4_M2,ARTY_A7_100T_100MHZ,BOARD_COMMAND_TO_RESULT_ELAPSED,1,SUCCESS,8685,20,96,25,13996,144,0.000144,,,
4,94,0x011b63f0,0x0aa34346,FPGA_K3H3_E4_M2,ARTY_A7_100T_100MHZ,BOARD_COMMAND_TO_RESULT_ELAPSED,1,SUCCESS,4724,19,71,27,13945,144,0.000144,,,
4,95,0x1b456e77,0xee460f94,FPGA_K3H3_E4_M2,ARTY_A7_100T_100MHZ,BOARD_COMMAND_TO_RESULT_ELAPSED,1,SUCCESS,8685,17,47,18,11459,119,0.000119,,,
4,96,0x10088608,0xef418331,FPGA_K3H3_E4_M2,ARTY_A7_100T_100MHZ,BOARD_COMMAND_TO_RESULT_ELAPSED,1,SUCCESS,8685,19,74,18,11602,120,0.00012,,,
4,97,0x6fcfc352,0xf8fa9f4c,FPGA_K3H3_E4_M2,ARTY_A7_100T_100MHZ,BOARD_COMMAND_TO_RESULT_ELAPSED,1,SUCCESS,2852,22,124,28,15686,162,0.000162,,,
4,98,0xfb6077af,0x713595a9,FPGA_K3H3_E4_M2,ARTY_A7_100T_100MHZ,BOARD_COMMAND_TO_RESULT_ELAPSED,1,SUCCESS,8685,20,102,20,12485,130,0.00013,,,
4,99,0xc6ebb72e,0x08fdf109,FPGA_K3H3_E4_M2,ARTY_A7_100T_100MHZ,BOARD_COMMAND_TO_RESULT_ELAPSED,1,SUCCESS,8685,16,42,14,9450,100,0.0001,,,
16,0,0x7b1dcdaf,0x24370df2,FPGA_K3H3_E4_M2,ARTY_A7_100T_100MHZ,BOARD_COMMAND_TO_RESULT_ELAPSED,1,SUCCESS,4512,11,15,3,4731,52,5.2e-05,,,
16,1,0x3a85a4dc,0xa3b9aa35,FPGA_K3H3_E4_M2,ARTY_A7_100T_100MHZ,BOARD_COMMAND_TO_RESULT_ELAPSED,1,SUCCESS,507,15,23,9,10900,115,0.000115,,,
16,2,0x6162a8b2,0x871c276f,FPGA_K3H3_E4_M2,ARTY_A7_100T_100MHZ,BOARD_COMMAND_TO_RESULT_ELAPSED,1,SUCCESS,10593,17,56,16,10273,108,0.000108,,,
16,3,0xc3adc34e,0xf5b8f22b,FPGA_K3H3_E4_M2,ARTY_A7_100T_100MHZ,BOARD_COMMAND_TO_RESULT_ELAPSED,1,SUCCESS,5281,18,56,21,12267,127,0.000127,,,
16,4,0x2bb073ff,0x3f8396e3,FPGA_K3H3_E4_M2,ARTY_A7_100T_100MHZ,BOARD_COMMAND_TO_RESULT_ELAPSED,1,SUCCESS,4512,14,27,7,6914,74,7.4e-05,,,
16,5,0xda585ab3,0xa7197ad7,FPGA_K3H3_E4_M2,ARTY_A7_100T_100MHZ,BOARD_COMMAND_TO_RESULT_ELAPSED,1,SUCCESS,10839,15,18,5,6791,73,7.3e-05,,,
16,6,0x0ed109c0,0x5701ce52,FPGA_K3H3_E4_M2,ARTY_A7_100T_100MHZ,BOARD_COMMAND_TO_RESULT_ELAPSED,1,SUCCESS,3947,17,68,18,10941,114,0.000114,,,
16,7,0x102ecf73,0x53c7612b,FPGA_K3H3_E4_M2,ARTY_A7_100T_100MHZ,BOARD_COMMAND_TO_RESULT_ELAPSED,1,SUCCESS,5281,12,25,7,6200,67,6.7e-05,,,
16,8,0xcf29b6a1,0x35231a84,FPGA_K3H3_E4_M2,ARTY_A7_100T_100MHZ,BOARD_COMMAND_TO_RESULT_ELAPSED,1,SUCCESS,2852,14,32,7,6995,75,7.5e-05,,,
16,9,0xc49cbb42,0xd0a3bbb8,FPGA_K3H3_E4_M2,ARTY_A7_100T_100MHZ,BOARD_COMMAND_TO_RESULT_ELAPSED,1,SUCCESS,3947,12,20,6,5955,64,6.4e-05,,,
16,10,0x4cc51d23,0xee0e3ab4,FPGA_K3H3_E4_M2,ARTY_A7_100T_100MHZ,BOARD_COMMAND_TO_RESULT_ELAPSED,1,SUCCESS,14405,15,35,11,8255,88,8.8e-05,,,
16,11,0xf9e8aa7a,0x3208c31a,FPGA_K3H3_E4_M2,ARTY_A7_100T_100MHZ,BOARD_COMMAND_TO_RESULT_ELAPSED,1,SUCCESS,1721,17,57,11,9155,97,9.7e-05,,,
16,12,0xdda8b051,0xc8105c9d,FPGA_K3H3_E4_M2,ARTY_A7_100T_100MHZ,BOARD_COMMAND_TO_RESULT_ELAPSED,1,SUCCESS,5281,16,28,12,9058,96,9.6e-05,,,
16,13,0xabfb11bf,0xf5dec75e,FPGA_K3H3_E4_M2,ARTY_A7_100T_100MHZ,BOARD_COMMAND_TO_RESULT_ELAPSED,1,SUCCESS,10593,16,43,10,8415,89,8.9e-05,,,
16,14,0x20639811,0x6b6a7c47,FPGA_K3H3_E4_M2,ARTY_A7_100T_100MHZ,BOARD_COMMAND_TO_RESULT_ELAPSED,1,SUCCESS,4724,19,71,17,11445,119,0.000119,,,
16,15,0xac72acd2,0xca84bc6c,FPGA_K3H3_E4_M2,ARTY_A7_100T_100MHZ,BOARD_COMMAND_TO_RESULT_ELAPSED,1,SUCCESS,14405,21,85,39,18415,189,0.000189,,,
16,16,0x49a2da79,0xe1376725,FPGA_K3H3_E4_M2,ARTY_A7_100T_100MHZ,BOARD_COMMAND_TO_RESULT_ELAPSED,1,SUCCESS,10931,13,30,8,9960,105,0.000105,,,
16,17,0x63a4e9d7,0x6166dba4,FPGA_K3H3_E4_M2,ARTY_A7_100T_100MHZ,BOARD_COMMAND_TO_RESULT_ELAPSED,1,SUCCESS,5281,11,13,4,5069,56,5.6e-05,,,
16,18,0x8983f102,0x43fb6183,FPGA_K3H3_E4_M2,ARTY_A7_100T_100MHZ,BOARD_COMMAND_TO_RESULT_ELAPSED,1,SUCCESS,5281,14,27,9,7399,79,7.9e-05,,,
16,19,0xb671aa78,0xc97ad8a2,FPGA_K3H3_E4_M2,ARTY_A7_100T_100MHZ,BOARD_COMMAND_TO_RESULT_ELAPSED,1,SUCCESS,10931,21,82,33,16180,166,0.000166,,,
16,20,0xdaeb566a,0x989e5b3d,FPGA_K3H3_E4_M2,ARTY_A7_100T_100MHZ,BOARD_COMMAND_TO_RESULT_ELAPSED,1,SUCCESS,10931,17,58,13,9670,102,0.000102,,,
16,21,0xf6181c00,0xa345ac4b,FPGA_K3H3_E4_M2,ARTY_A7_100T_100MHZ,BOARD_COMMAND_TO_RESULT_ELAPSED,1,SUCCESS,7786,19,67,18,11888,124,0.000124,,,
16,22,0x4e18d852,0xa08980df,FPGA_K3H3_E4_M2,ARTY_A7_100T_100MHZ,BOARD_COMMAND_TO_RESULT_ELAPSED,1,SUCCESS,491,15,37,9,7819,83,8.3e-05,,,
16,23,0xa035ceba,0x611de4c4,FPGA_K3H3_E4_M2,ARTY_A7_100T_100MHZ,BOARD_COMMAND_TO_RESULT_ELAPSED,1,SUCCESS,8685,12,21,7,6346,69,6.9e-05,,,
16,24,0xc2416ee4,0x7323f479,FPGA_K3H3_E4_M2,ARTY_A7_100T_100MHZ,BOARD_COMMAND_TO_RESULT_ELAPSED,1,SUCCESS,7786,16,47,15,9790,104,0.000104,,,
16,25,0xfbdafbdd,0xa0c0cf2f,FPGA_K3H3_E4_M2,ARTY_A7_100T_100MHZ,BOARD_COMMAND_TO_RESULT_ELAPSED,1,SUCCESS,491,9,6,2,3785,44,4.4e-05,,,
16,26,0xa43fbf47,0x8de97b10,FPGA_K3H3_E4_M2,ARTY_A7_100T_100MHZ,BOARD_COMMAND_TO_RESULT_ELAPSED,1,SUCCESS,4512,15,29,10,7965,84,8.4e-05,,,
16,27,0x6811f7c1,0xcb07044a,FPGA_K3H3_E4_M2,ARTY_A7_100T_100MHZ,BOARD_COMMAND_TO_RESULT_ELAPSED,1,SUCCESS,3947,14,32,10,7898,84,8.4e-05,,,
16,28,0x610dde2c,0x8cf5deb9,FPGA_K3H3_E4_M2,ARTY_A7_100T_100MHZ,BOARD_COMMAND_TO_RESULT_ELAPSED,1,SUCCESS,5281,11,17,5,5271,58,5.8e-05,,,
16,29,0x82241b87,0xbbe27f39,FPGA_K3H3_E4_M2,ARTY_A7_100T_100MHZ,BOARD_COMMAND_TO_RESULT_ELAPSED,1,SUCCESS,7786,14,30,6,6601,70,7e-05,,,
16,30,0x48647490,0xea9551eb,FPGA_K3H3_E4_M2,ARTY_A7_100T_100MHZ,BOARD_COMMAND_TO_RESULT_ELAPSED,1,SUCCESS,3947,15,26,7,7273,78,7.8e-05,,,
16,31,0x63df3b7f,0xa8b057e1,FPGA_K3H3_E4_M2,ARTY_A7_100T_100MHZ,BOARD_COMMAND_TO_RESULT_ELAPSED,1,SUCCESS,2852,14,35,9,7403,80,8e-05,,,
16,32,0x433125bb,0x3221fef0,FPGA_K3H3_E4_M2,ARTY_A7_100T_100MHZ,BOARD_COMMAND_TO_RESULT_ELAPSED,1,SUCCESS,5281,21,70,26,17104,176,0.000176,,,
16,33,0x7943be40,0x6641ee79,FPGA_K3H3_E4_M2,ARTY_A7_100T_100MHZ,BOARD_COMMAND_TO_RESULT_ELAPSED,1,SUCCESS,491,13,23,6,6184,67,6.7e-05,,,
16,34,0x26c93252,0x675d2908,FPGA_K3H3_E4_M2,ARTY_A7_100T_100MHZ,BOARD_COMMAND_TO_RESULT_ELAPSED,1,SUCCESS,8685,11,17,4,5029,56,5.6e-05,,,
16,35,0xdbe3ed49,0xa7cfea56,FPGA_K3H3_E4_M2,ARTY_A7_100T_100MHZ,BOARD_COMMAND_TO_RESULT_ELAPSED,1,SUCCESS,10593,15,30,12,8700,92,9.2e-05,,,
16,36,0xc2ec9bb4,0xbfc0ae9e,FPGA_K3H3_E4_M2,ARTY_A7_100T_100MHZ,BOARD_COMMAND_TO_RESULT_ELAPSED,1,SUCCESS,10931,7,5,2,3220,37,3.7e-05,,,
16,37,0xe7ec8559,0x307064ac,FPGA_K3H3_E4_M2,ARTY_A7_100T_100MHZ,BOARD_COMMAND_TO_RESULT_ELAPSED,1,SUCCESS,491,2,1,1,1160,17,1.7e-05,,,
16,38,0xccb88b54,0x2cf00158,FPGA_K3H3_E4_M2,ARTY_A7_100T_100MHZ,BOARD_COMMAND_TO_RESULT_ELAPSED,1,SUCCESS,15288,15,40,9,7872,84,8.4e-05,,,
16,39,0xb512e6a4,0x2b9e708c,FPGA_K3H3_E4_M2,ARTY_A7_100T_100MHZ,BOARD_COMMAND_TO_RESULT_ELAPSED,1,SUCCESS,15288,18,71,22,12537,131,0.000131,,,
16,40,0x7e2c3d82,0xa69fb195,FPGA_K3H3_E4_M2,ARTY_A7_100T_100MHZ,BOARD_COMMAND_TO_RESULT_ELAPSED,1,SUCCESS,507,18,48,13,10124,107,0.000107,,,
16,41,0x58b3e5ad,0x23a21253,FPGA_K3H3_E4_M2,ARTY_A7_100T_100MHZ,BOARD_COMMAND_TO_RESULT_ELAPSED,1,SUCCESS,491,14,29,9,7466,80,8e-05,,,
16,42,0x9a07c40b,0x3ea78d8c,FPGA_K3H3_E4_M2,ARTY_A7_100T_100MHZ,BOARD_COMMAND_TO_RESULT_ELAPSED,1,SUCCESS,4512,17,57,15,10137,107,0.000107,,,
16,43,0xf1f9a54b,0x7b00db61,FPGA_K3H3_E4_M2,ARTY_A7_100T_100MHZ,BOARD_COMMAND_TO_RESULT_ELAPSED,1,SUCCESS,10839,8,6,3,3777,43,4.3e-05,,,
16,44,0xfba6212d,0xb8b8356a,FPGA_K3H3_E4_M2,ARTY_A7_100T_100MHZ,BOARD_COMMAND_TO_RESULT_ELAPSED,1,SUCCESS,2852,20,93,21,12662,132,0.000132,,,
16,45,0x1ca60615,0xd753b84a,FPGA_K3H3_E4_M2,ARTY_A7_100T_100MHZ,BOARD_COMMAND_TO_RESULT_ELAPSED,1,SUCCESS,7786,12,21,7,6083,65,6.5e-05,,,
16,46,0xa085c93e,0x19b8504d,FPGA_K3H3_E4_M2,ARTY_A7_100T_100MHZ,BOARD_COMMAND_TO_RESULT_ELAPSED,1,SUCCESS,5281,18,68,18,11171,116,0.000116,,,
16,47,0x18190603,0xad0438b2,FPGA_K3H3_E4_M2,ARTY_A7_100T_100MHZ,BOARD_COMMAND_TO_RESULT_ELAPSED,1,SUCCESS,1801,15,30,13,8826,94,9.4e-05,,,
16,48,0xc1143c78,0xbbdab3cd,FPGA_K3H3_E4_M2,ARTY_A7_100T_100MHZ,BOARD_COMMAND_TO_RESULT_ELAPSED,1,SUCCESS,15288,13,13,6,6375,69,6.9e-05,,,
16,49,0x332063fc,0x222ba57c,FPGA_K3H3_E4_M2,ARTY_A7_100T_100MHZ,BOARD_COMMAND_TO_RESULT_ELAPSED,1,SUCCESS,15288,16,44,12,8888,94,9.4e-05,,,
16,50,0xd6f4066b,0xab9eb714,FPGA_K3H3_E4_M2,ARTY_A7_100T_100MHZ,BOARD_COMMAND_TO_RESULT_ELAPSED,1,SUCCESS,8685,18,48,16,13528,140,0.00014,,,
16,51,0x64b9628c,0x9cd8b518,FPGA_K3H3_E4_M2,ARTY_A7_100T_100MHZ,BOARD_COMMAND_TO_RESULT_ELAPSED,1,SUCCESS,10931,16,43,9,8110,86,8.6e-05,,,
16,52,0x894e6771,0x8a255c2e,FPGA_K3H3_E4_M2,ARTY_A7_100T_100MHZ,BOARD_COMMAND_TO_RESULT_ELAPSED,1,SUCCESS,10931,16,43,15,9678,101,0.000101,,,
16,53,0xe3e668e8,0xff1f20c3,FPGA_K3H3_E4_M2,ARTY_A7_100T_100MHZ,BOARD_COMMAND_TO_RESULT_ELAPSED,1,SUCCESS,1801,17,33,9,8629,91,9.1e-05,,,
16,54,0x36980406,0xfbdbfa61,FPGA_K3H3_E4_M2,ARTY_A7_100T_100MHZ,BOARD_COMMAND_TO_RESULT_ELAPSED,1,SUCCESS,5281,22,121,29,15650,162,0.000162,,,
16,55,0x114d2b4a,0xa617ad4e,FPGA_K3H3_E4_M2,ARTY_A7_100T_100MHZ,BOARD_COMMAND_TO_RESULT_ELAPSED,1,SUCCESS,10931,16,33,8,8169,86,8.6e-05,,,
16,56,0x3b8907e1,0x0c6cbd10,FPGA_K3H3_E4_M2,ARTY_A7_100T_100MHZ,BOARD_COMMAND_TO_RESULT_ELAPSED,1,SUCCESS,10931,10,10,3,4382,49,4.9e-05,,,
16,57,0x2cd09c1d,0x964fb1a7,FPGA_K3H3_E4_M2,ARTY_A7_100T_100MHZ,BOARD_COMMAND_TO_RESULT_ELAPSED,1,SUCCESS,7786,17,61,14,9844,104,0.000104,,,
16,58,0x6d7a8604,0xbd6f99c6,FPGA_K3H3_E4_M2,ARTY_A7_100T_100MHZ,BOARD_COMMAND_TO_RESULT_ELAPSED,1,SUCCESS,1721,15,37,12,8631,91,9.1e-05,,,
16,59,0x1fadaf42,0x60010aa3,FPGA_K3H3_E4_M2,ARTY_A7_100T_100MHZ,BOARD_COMMAND_TO_RESULT_ELAPSED,1,SUCCESS,7786,16,49,15,9669,102,0.000102,,,
16,60,0x92fe7cfd,0xb54e2773,FPGA_K3H3_E4_M2,ARTY_A7_100T_100MHZ,BOARD_COMMAND_TO_RESULT_ELAPSED,1,SUCCESS,7786,18,84,23,12919,133,0.000133,,,
16,61,0x1aecb060,0x9c545eba,FPGA_K3H3_E4_M2,ARTY_A7_100T_100MHZ,BOARD_COMMAND_TO_RESULT_ELAPSED,1,SUCCESS,14405,21,83,27,15071,156,0.000156,,,
16,62,0x91778cc3,0xbd1d1bc0,FPGA_K3H3_E4_M2,ARTY_A7_100T_100MHZ,BOARD_COMMAND_TO_RESULT_ELAPSED,1,SUCCESS,491,19,77,15,10930,114,0.000114,,,
16,63,0xe6b7e7eb,0xd542988e,FPGA_K3H3_E4_M2,ARTY_A7_100T_100MHZ,BOARD_COMMAND_TO_RESULT_ELAPSED,1,SUCCESS,7786,16,42,11,8661,92,9.2e-05,,,
16,64,0x6770144c,0xd2d3c6e7,FPGA_K3H3_E4_M2,ARTY_A7_100T_100MHZ,BOARD_COMMAND_TO_RESULT_ELAPSED,1,SUCCESS,10931,16,32,12,12252,127,0.000127,,,
16,65,0xc600a248,0x0a1e0844,FPGA_K3H3_E4_M2,ARTY_A7_100T_100MHZ,BOARD_COMMAND_TO_RESULT_ELAPSED,1,SUCCESS,10839,21,67,27,14679,153,0.000153,,,
16,66,0x1ea4f830,0x2ef0f28e,FPGA_K3H3_E4_M2,ARTY_A7_100T_100MHZ,BOARD_COMMAND_TO_RESULT_ELAPSED,1,SUCCESS,491,15,45,12,8834,93,9.3e-05,,,
16,67,0x639604f3,0x7fe04f83,FPGA_K3H3_E4_M2,ARTY_A7_100T_100MHZ,BOARD_COMMAND_TO_RESULT_ELAPSED,1,SUCCESS,8685,16,30,9,8258,88,8.8e-05,,,
16,68,0x6e084a84,0xb643b17e,FPGA_K3H3_E4_M2,ARTY_A7_100T_100MHZ,BOARD_COMMAND_TO_RESULT_ELAPSED,1,SUCCESS,3947,21,81,31,15796,163,0.000163,,,
16,69,0x3d7fc476,0x467d7a44,FPGA_K3H3_E4_M2,ARTY_A7_100T_100MHZ,BOARD_COMMAND_TO_RESULT_ELAPSED,1,SUCCESS,5281,17,36,12,9382,99,9.9e-05,,,
16,70,0xedca3875,0xefade11e,FPGA_K3H3_E4_M2,ARTY_A7_100T_100MHZ,BOARD_COMMAND_TO_RESULT_ELAPSED,1,SUCCESS,2852,4,3,1,1861,22,2.2e-05,,,
16,71,0xb883121d,0x095c678c,FPGA_K3H3_E4_M2,ARTY_A7_100T_100MHZ,BOARD_COMMAND_TO_RESULT_ELAPSED,1,SUCCESS,2852,16,27,12,9003,95,9.5e-05,,,
16,72,0xace22797,0xbc422a9a,FPGA_K3H3_E4_M2,ARTY_A7_100T_100MHZ,BOARD_COMMAND_TO_RESULT_ELAPSED,1,SUCCESS,491,12,15,4,5373,60,6e-05,,,
16,73,0xefd3172d,0x8c2c3233,FPGA_K3H3_E4_M2,ARTY_A7_100T_100MHZ,BOARD_COMMAND_TO_RESULT_ELAPSED,1,SUCCESS,1721,17,35,10,8708,92,9.2e-05,,,
16,74,0xe6aacdb5,0x7f1c158a,FPGA_K3H3_E4_M2,ARTY_A7_100T_100MHZ,BOARD_COMMAND_TO_RESULT_ELAPSED,1,SUCCESS,10593,10,15,5,4911,54,5.4e-05,,,
16,75,0x6566c598,0xca804b00,FPGA_K3H3_E4_M2,ARTY_A7_100T_100MHZ,BOARD_COMMAND_TO_RESULT_ELAPSED,1,SUCCESS,15288,14,31,6,6631,72,7.2e-05,,,
16,76,0x4e646d9d,0xcbae5ac0,FPGA_K3H3_E4_M2,ARTY_A7_100T_100MHZ,BOARD_COMMAND_TO_RESULT_ELAPSED,1,SUCCESS,2852,10,13,4,4680,51,5.1e-05,,,
16,77,0x05d81d6f,0x260c4013,FPGA_K3H3_E4_M2,ARTY_A7_100T_100MHZ,BOARD_COMMAND_TO_RESULT_ELAPSED,1,SUCCESS,8685,15,31,9,7637,81,8.1e-05,,,
16,78,0x2018f6a3,0x5728c7f4,FPGA_K3H3_E4_M2,ARTY_A7_100T_100MHZ,BOARD_COMMAND_TO_RESULT_ELAPSED,1,SUCCESS,15288,17,41,9,8601,91,9.1e-05,,,
16,79,0x718ebf0c,0x4d7d460c,FPGA_K3H3_E4_M2,ARTY_A7_100T_100MHZ,BOARD_COMMAND_TO_RESULT_ELAPSED,1,SUCCESS,491,16,43,16,9931,105,0.000105,,,
16,80,0x042a8f17,0x2093b3f4,FPGA_K3H3_E4_M2,ARTY_A7_100T_100MHZ,BOARD_COMMAND_TO_RESULT_ELAPSED,1,SUCCESS,491,12,16,5,8728,92,9.2e-05,,,
16,81,0xfc1c775d,0x35bd20f1,FPGA_K3H3_E4_M2,ARTY_A7_100T_100MHZ,BOARD_COMMAND_TO_RESULT_ELAPSED,1,SUCCESS,8685,9,12,3,4130,47,4.7e-05,,,
16,82,0x16b93b63,0x7d609ba5,FPGA_K3H3_E4_M2,ARTY_A7_100T_100MHZ,BOARD_COMMAND_TO_RESULT_ELAPSED,1,SUCCESS,8685,12,18,5,5673,62,6.2e-05,,,
16,83,0x8ce1028e,0xb152e7ef,FPGA_K3H3_E4_M2,ARTY_A7_100T_100MHZ,BOARD_COMMAND_TO_RESULT_ELAPSED,1,SUCCESS,2852,10,12,5,4964,55,5.5e-05,,,
16,84,0x87bad980,0x7dbefa97,FPGA_K3H3_E4_M2,ARTY_A7_100T_100MHZ,BOARD_COMMAND_TO_RESULT_ELAPSED,1,SUCCESS,7786,18,66,23,12742,132,0.000132,,,
16,85,0xd63d86f3,0xf5399cca,FPGA_K3H3_E4_M2,ARTY_A7_100T_100MHZ,BOARD_COMMAND_TO_RESULT_ELAPSED,1,SUCCESS,2852,18,44,17,11160,116,0.000116,,,
16,86,0xeeaba102,0x01560fc0,FPGA_K3H3_E4_M2,ARTY_A7_100T_100MHZ,BOARD_COMMAND_TO_RESULT_ELAPSED,1,SUCCESS,7786,15,36,9,8086,86,8.6e-05,,,
16,87,0xc1fee4bb,0xc7e12d58,FPGA_K3H3_E4_M2,ARTY_A7_100T_100MHZ,BOARD_COMMAND_TO_RESULT_ELAPSED,1,SUCCESS,7786,16,46,13,9163,97,9.7e-05,,,
16,88,0x0707c9da,0xf644a3f9,FPGA_K3H3_E4_M2,ARTY_A7_100T_100MHZ,BOARD_COMMAND_TO_RESULT_ELAPSED,1,SUCCESS,10593,16,48,16,9990,105,0.000105,,,
16,89,0xde0d9c30,0x58a2ee8f,FPGA_K3H3_E4_M2,ARTY_A7_100T_100MHZ,BOARD_COMMAND_TO_RESULT_ELAPSED,1,SUCCESS,5281,14,27,8,7169,77,7.7e-05,,,
16,90,0x7cd0efc7,0x9f385cfb,FPGA_K3H3_E4_M2,ARTY_A7_100T_100MHZ,BOARD_COMMAND_TO_RESULT_ELAPSED,1,SUCCESS,5281,18,54,24,12935,135,0.000135,,,
16,91,0xe4cb50a6,0x94d13729,FPGA_K3H3_E4_M2,ARTY_A7_100T_100MHZ,BOARD_COMMAND_TO_RESULT_ELAPSED,1,SUCCESS,10931,17,53,18,10987,114,0.000114,,,
16,92,0xa0882219,0x18f75d24,FPGA_K3H3_E4_M2,ARTY_A7_100T_100MHZ,BOARD_COMMAND_TO_RESULT_ELAPSED,1,SUCCESS,507,20,86,25,13768,143,0.000143,,,
16,93,0xc435e6f2,0xf75a52bc,FPGA_K3H3_E4_M2,ARTY_A7_100T_100MHZ,BOARD_COMMAND_TO_RESULT_ELAPSED,1,SUCCESS,5281,15,45,10,8240,88,8.8e-05,,,
16,94,0x011b63f0,0x0aa34346,FPGA_K3H3_E4_M2,ARTY_A7_100T_100MHZ,BOARD_COMMAND_TO_RESULT_ELAPSED,1,SUCCESS,1721,17,40,14,9805,104,0.000104,,,
16,95,0x1b456e77,0xee460f94,FPGA_K3H3_E4_M2,ARTY_A7_100T_100MHZ,BOARD_COMMAND_TO_RESULT_ELAPSED,1,SUCCESS,4724,10,12,5,5061,56,5.6e-05,,,
16,96,0x10088608,0xef418331,FPGA_K3H3_E4_M2,ARTY_A7_100T_100MHZ,BOARD_COMMAND_TO_RESULT_ELAPSED,1,SUCCESS,4724,17,42,11,12189,127,0.000127,,,
16,97,0x6fcfc352,0xf8fa9f4c,FPGA_K3H3_E4_M2,ARTY_A7_100T_100MHZ,BOARD_COMMAND_TO_RESULT_ELAPSED,1,SUCCESS,1801,16,33,16,10363,108,0.000108,,,
16,98,0xfb6077af,0x713595a9,FPGA_K3H3_E4_M2,ARTY_A7_100T_100MHZ,BOARD_COMMAND_TO_RESULT_ELAPSED,1,SUCCESS,1801,13,20,7,6530,70,7e-05,,,
16,99,0xc6ebb72e,0x08fdf109,FPGA_K3H3_E4_M2,ARTY_A7_100T_100MHZ,BOARD_COMMAND_TO_RESULT_ELAPSED,1,SUCCESS,15288,21,101,31,15934,165,0.000165,,,
64,0,0x7b1dcdaf,0x24370df2,FPGA_K3H3_E4_M2,ARTY_A7_100T_100MHZ,BOARD_COMMAND_TO_RESULT_ELAPSED,1,SUCCESS,2852,6,4,2,2815,34,3.4e-05,,,
64,1,0x3a85a4dc,0xa3b9aa35,FPGA_K3H3_E4_M2,ARTY_A7_100T_100MHZ,BOARD_COMMAND_TO_RESULT_ELAPSED,1,SUCCESS,8685,13,14,5,6068,66,6.6e-05,,,
64,2,0x6162a8b2,0x871c276f,FPGA_K3H3_E4_M2,ARTY_A7_100T_100MHZ,BOARD_COMMAND_TO_RESULT_ELAPSED,1,SUCCESS,8089,7,3,2,3146,37,3.7e-05,,,
64,3,0xc3adc34e,0xf5b8f22b,FPGA_K3H3_E4_M2,ARTY_A7_100T_100MHZ,BOARD_COMMAND_TO_RESULT_ELAPSED,1,SUCCESS,4876,13,19,5,6031,65,6.5e-05,,,
64,4,0x2bb073ff,0x3f8396e3,FPGA_K3H3_E4_M2,ARTY_A7_100T_100MHZ,BOARD_COMMAND_TO_RESULT_ELAPSED,1,SUCCESS,4720,8,4,2,3524,40,4e-05,,,
64,5,0xda585ab3,0xa7197ad7,FPGA_K3H3_E4_M2,ARTY_A7_100T_100MHZ,BOARD_COMMAND_TO_RESULT_ELAPSED,1,SUCCESS,4876,18,40,12,9636,102,0.000102,,,
64,6,0x0ed109c0,0x5701ce52,FPGA_K3H3_E4_M2,ARTY_A7_100T_100MHZ,BOARD_COMMAND_TO_RESULT_ELAPSED,1,SUCCESS,7786,12,24,6,5894,64,6.4e-05,,,
64,7,0x102ecf73,0x53c7612b,FPGA_K3H3_E4_M2,ARTY_A7_100T_100MHZ,BOARD_COMMAND_TO_RESULT_ELAPSED,1,SUCCESS,1801,12,25,7,6191,68,6.8e-05,,,
64,8,0xcf29b6a1,0x35231a84,FPGA_K3H3_E4_M2,ARTY_A7_100T_100MHZ,BOARD_COMMAND_TO_RESULT_ELAPSED,1,SUCCESS,3304,11,13,5,5360,59,5.9e-05,,,
64,9,0xc49cbb42,0xd0a3bbb8,FPGA_K3H3_E4_M2,ARTY_A7_100T_100MHZ,BOARD_COMMAND_TO_RESULT_ELAPSED,1,SUCCESS,12001,1,0,0,555,10,1e-05,,,
64,10,0x4cc51d23,0xee0e3ab4,FPGA_K3H3_E4_M2,ARTY_A7_100T_100MHZ,BOARD_COMMAND_TO_RESULT_ELAPSED,1,SUCCESS,8685,5,4,2,2459,29,2.9e-05,,,
64,11,0xf9e8aa7a,0x3208c31a,FPGA_K3H3_E4_M2,ARTY_A7_100T_100MHZ,BOARD_COMMAND_TO_RESULT_ELAPSED,1,SUCCESS,682,12,19,7,6099,65,6.5e-05,,,
64,12,0xdda8b051,0xc8105c9d,FPGA_K3H3_E4_M2,ARTY_A7_100T_100MHZ,BOARD_COMMAND_TO_RESULT_ELAPSED,1,SUCCESS,26,14,20,10,7901,84,8.4e-05,,,
64,13,0xabfb11bf,0xf5dec75e,FPGA_K3H3_E4_M2,ARTY_A7_100T_100MHZ,BOARD_COMMAND_TO_RESULT_ELAPSED,1,SUCCESS,9302,11,17,4,5094,56,5.6e-05,,,
64,14,0x20639811,0x6b6a7c47,FPGA_K3H3_E4_M2,ARTY_A7_100T_100MHZ,BOARD_COMMAND_TO_RESULT_ELAPSED,1,SUCCESS,14567,12,19,6,5869,64,6.4e-05,,,
64,15,0xac72acd2,0xca84bc6c,FPGA_K3H3_E4_M2,ARTY_A7_100T_100MHZ,BOARD_COMMAND_TO_RESULT_ELAPSED,1,SUCCESS,7400,10,7,4,4689,52,5.2e-05,,,
64,16,0x49a2da79,0xe1376725,FPGA_K3H3_E4_M2,ARTY_A7_100T_100MHZ,BOARD_COMMAND_TO_RESULT_ELAPSED,1,SUCCESS,10839,13,30,8,10064,105,0.000105,,,
64,17,0x63a4e9d7,0x6166dba4,FPGA_K3H3_E4_M2,ARTY_A7_100T_100MHZ,BOARD_COMMAND_TO_RESULT_ELAPSED,1,SUCCESS,6247,7,6,2,3171,37,3.7e-05,,,
64,18,0x8983f102,0x43fb6183,FPGA_K3H3_E4_M2,ARTY_A7_100T_100MHZ,BOARD_COMMAND_TO_RESULT_ELAPSED,1,SUCCESS,14542,9,8,4,4347,48,4.8e-05,,,
64,19,0xb671aa78,0xc97ad8a2,FPGA_K3H3_E4_M2,ARTY_A7_100T_100MHZ,BOARD_COMMAND_TO_RESULT_ELAPSED,1,SUCCESS,4724,11,16,6,5583,61,6.1e-05,,,
64,20,0xdaeb566a,0x989e5b3d,FPGA_K3H3_E4_M2,ARTY_A7_100T_100MHZ,BOARD_COMMAND_TO_RESULT_ELAPSED,1,SUCCESS,14542,13,20,5,5979,66,6.6e-05,,,
64,21,0xf6181c00,0xa345ac4b,FPGA_K3H3_E4_M2,ARTY_A7_100T_100MHZ,BOARD_COMMAND_TO_RESULT_ELAPSED,1,SUCCESS,11647,13,18,6,6314,69,6.9e-05,,,
64,22,0x4e18d852,0xa08980df,FPGA_K3H3_E4_M2,ARTY_A7_100T_100MHZ,BOARD_COMMAND_TO_RESULT_ELAPSED,1,SUCCESS,4724,8,6,3,3824,43,4.3e-05,,,
64,23,0xa035ceba,0x611de4c4,FPGA_K3H3_E4_M2,ARTY_A7_100T_100MHZ,BOARD_COMMAND_TO_RESULT_ELAPSED,1,SUCCESS,16090,10,13,5,5064,56,5.6e-05,,,
64,24,0xc2416ee4,0x7323f479,FPGA_K3H3_E4_M2,ARTY_A7_100T_100MHZ,BOARD_COMMAND_TO_RESULT_ELAPSED,1,SUCCESS,2888,3,2,1,1504,19,1.9e-05,,,
64,25,0xfbdafbdd,0xa0c0cf2f,FPGA_K3H3_E4_M2,ARTY_A7_100T_100MHZ,BOARD_COMMAND_TO_RESULT_ELAPSED,1,SUCCESS,3073,6,3,2,2754,32,3.2e-05,,,
64,26,0xa43fbf47,0x8de97b10,FPGA_K3H3_E4_M2,ARTY_A7_100T_100MHZ,BOARD_COMMAND_TO_RESULT_ELAPSED,1,SUCCESS,8225,12,13,6,5865,64,6.4e-05,,,
64,27,0x6811f7c1,0xcb07044a,FPGA_K3H3_E4_M2,ARTY_A7_100T_100MHZ,BOARD_COMMAND_TO_RESULT_ELAPSED,1,SUCCESS,173,10,11,2,4164,46,4.6e-05,,,
64,28,0x610dde2c,0x8cf5deb9,FPGA_K3H3_E4_M2,ARTY_A7_100T_100MHZ,BOARD_COMMAND_TO_RESULT_ELAPSED,1,SUCCESS,10593,10,14,5,4980,54,5.4e-05,,,
64,29,0x82241b87,0xbbe27f39,FPGA_K3H3_E4_M2,ARTY_A7_100T_100MHZ,BOARD_COMMAND_TO_RESULT_ELAPSED,1,SUCCESS,14542,7,6,2,3103,36,3.6e-05,,,
64,30,0x48647490,0xea9551eb,FPGA_K3H3_E4_M2,ARTY_A7_100T_100MHZ,BOARD_COMMAND_TO_RESULT_ELAPSED,1,SUCCESS,3903,11,11,3,4789,53,5.3e-05,,,
64,31,0x63df3b7f,0xa8b057e1,FPGA_K3H3_E4_M2,ARTY_A7_100T_100MHZ,BOARD_COMMAND_TO_RESULT_ELAPSED,1,SUCCESS,160,11,19,5,5305,57,5.7e-05,,,
64,32,0x433125bb,0x3221fef0,FPGA_K3H3_E4_M2,ARTY_A7_100T_100MHZ,BOARD_COMMAND_TO_RESULT_ELAPSED,1,SUCCESS,4720,2,1,1,1178,17,1.7e-05,,,
64,33,0x7943be40,0x6641ee79,FPGA_K3H3_E4_M2,ARTY_A7_100T_100MHZ,BOARD_COMMAND_TO_RESULT_ELAPSED,1,SUCCESS,160,4,1,1,1808,23,2.3e-05,,,
64,34,0x26c93252,0x675d2908,FPGA_K3H3_E4_M2,ARTY_A7_100T_100MHZ,BOARD_COMMAND_TO_RESULT_ELAPSED,1,SUCCESS,6247,10,13,4,4687,51,5.1e-05,,,
64,35,0xdbe3ed49,0xa7cfea56,FPGA_K3H3_E4_M2,ARTY_A7_100T_100MHZ,BOARD_COMMAND_TO_RESULT_ELAPSED,1,SUCCESS,7400,13,18,8,6753,72,7.2e-05,,,
64,36,0xc2ec9bb4,0xbfc0ae9e,FPGA_K3H3_E4_M2,ARTY_A7_100T_100MHZ,BOARD_COMMAND_TO_RESULT_ELAPSED,1,SUCCESS,5531,14,23,9,7474,80,8e-05,,,
64,37,0xe7ec8559,0x307064ac,FPGA_K3H3_E4_M2,ARTY_A7_100T_100MHZ,BOARD_COMMAND_TO_RESULT_ELAPSED,1,SUCCESS,8225,16,28,9,8439,89,8.9e-05,,,
64,38,0xccb88b54,0x2cf00158,FPGA_K3H3_E4_M2,ARTY_A7_100T_100MHZ,BOARD_COMMAND_TO_RESULT_ELAPSED,1,SUCCESS,10931,10,17,5,5081,56,5.6e-05,,,
64,39,0xb512e6a4,0x2b9e708c,FPGA_K3H3_E4_M2,ARTY_A7_100T_100MHZ,BOARD_COMMAND_TO_RESULT_ELAPSED,1,SUCCESS,2888,11,13,3,4878,54,5.4e-05,,,
64,40,0x7e2c3d82,0xa69fb195,FPGA_K3H3_E4_M2,ARTY_A7_100T_100MHZ,BOARD_COMMAND_TO_RESULT_ELAPSED,1,SUCCESS,11272,10,9,4,7868,85,8.5e-05,,,
64,41,0x58b3e5ad,0x23a21253,FPGA_K3H3_E4_M2,ARTY_A7_100T_100MHZ,BOARD_COMMAND_TO_RESULT_ELAPSED,1,SUCCESS,4512,6,5,2,2769,32,3.2e-05,,,
64,42,0x9a07c40b,0x3ea78d8c,FPGA_K3H3_E4_M2,ARTY_A7_100T_100MHZ,BOARD_COMMAND_TO_RESULT_ELAPSED,1,SUCCESS,507,10,8,5,4935,54,5.4e-05,,,
64,43,0xf1f9a54b,0x7b00db61,FPGA_K3H3_E4_M2,ARTY_A7_100T_100MHZ,BOARD_COMMAND_TO_RESULT_ELAPSED,1,SUCCESS,11272,10,12,5,4963,55,5.5e-05,,,
64,44,0xfba6212d,0xb8b8356a,FPGA_K3H3_E4_M2,ARTY_A7_100T_100MHZ,BOARD_COMMAND_TO_RESULT_ELAPSED,1,SUCCESS,7400,11,8,3,4766,53,5.3e-05,,,
64,45,0x1ca60615,0xd753b84a,FPGA_K3H3_E4_M2,ARTY_A7_100T_100MHZ,BOARD_COMMAND_TO_RESULT_ELAPSED,1,SUCCESS,7786,11,14,4,4979,54,5.4e-05,,,
64,46,0xa085c93e,0x19b8504d,FPGA_K3H3_E4_M2,ARTY_A7_100T_100MHZ,BOARD_COMMAND_TO_RESULT_ELAPSED,1,SUCCESS,6247,9,10,4,4343,48,4.8e-05,,,
64,47,0x18190603,0xad0438b2,FPGA_K3H3_E4_M2,ARTY_A7_100T_100MHZ,BOARD_COMMAND_TO_RESULT_ELAPSED,1,SUCCESS,5200,15,30,13,8806,93,9.3e-05,,,
64,48,0xc1143c78,0xbbdab3cd,FPGA_K3H3_E4_M2,ARTY_A7_100T_100MHZ,BOARD_COMMAND_TO_RESULT_ELAPSED,1,SUCCESS,15288,13,13,6,6342,69,6.9e-05,,,
64,49,0x332063fc,0x222ba57c,FPGA_K3H3_E4_M2,ARTY_A7_100T_100MHZ,BOARD_COMMAND_TO_RESULT_ELAPSED,1,SUCCESS,10234,11,11,5,5342,59,5.9e-05,,,
64,50,0xd6f4066b,0xab9eb714,FPGA_K3H3_E4_M2,ARTY_A7_100T_100MHZ,BOARD_COMMAND_TO_RESULT_ELAPSED,1,SUCCESS,1038,16,32,12,8807,93,9.3e-05,,,
64,51,0x64b9628c,0x9cd8b518,FPGA_K3H3_E4_M2,ARTY_A7_100T_100MHZ,BOARD_COMMAND_TO_RESULT_ELAPSED,1,SUCCESS,14405,8,10,3,3654,42,4.2e-05,,,
64,52,0x894e6771,0x8a255c2e,FPGA_K3H3_E4_M2,ARTY_A7_100T_100MHZ,BOARD_COMMAND_TO_RESULT_ELAPSED,1,SUCCESS,16090,16,43,15,9748,102,0.000102,,,
64,53,0xe3e668e8,0xff1f20c3,FPGA_K3H3_E4_M2,ARTY_A7_100T_100MHZ,BOARD_COMMAND_TO_RESULT_ELAPSED,1,SUCCESS,15469,13,21,7,6471,70,7e-05,,,
64,54,0x36980406,0xfbdbfa61,FPGA_K3H3_E4_M2,ARTY_A7_100T_100MHZ,BOARD_COMMAND_TO_RESULT_ELAPSED,1,SUCCESS,14405,9,13,4,4283,48,4.8e-05,,,
64,55,0x114d2b4a,0xa617ad4e,FPGA_K3H3_E4_M2,ARTY_A7_100T_100MHZ,BOARD_COMMAND_TO_RESULT_ELAPSED,1,SUCCESS,11647,2,1,1,1192,17,1.7e-05,,,
64,56,0x3b8907e1,0x0c6cbd10,FPGA_K3H3_E4_M2,ARTY_A7_100T_100MHZ,BOARD_COMMAND_TO_RESULT_ELAPSED,1,SUCCESS,7786,7,4,2,3085,36,3.6e-05,,,
64,57,0x2cd09c1d,0x964fb1a7,FPGA_K3H3_E4_M2,ARTY_A7_100T_100MHZ,BOARD_COMMAND_TO_RESULT_ELAPSED,1,SUCCESS,3876,12,15,5,5682,63,6.3e-05,,,
64,58,0x6d7a8604,0xbd6f99c6,FPGA_K3H3_E4_M2,ARTY_A7_100T_100MHZ,BOARD_COMMAND_TO_RESULT_ELAPSED,1,SUCCESS,8225,5,4,2,2450,29,2.9e-05,,,
64,59,0x1fadaf42,0x60010aa3,FPGA_K3H3_E4_M2,ARTY_A7_100T_100MHZ,BOARD_COMMAND_TO_RESULT_ELAPSED,1,SUCCESS,8225,11,14,4,5144,56,5.6e-05,,,
64,60,0x92fe7cfd,0xb54e2773,FPGA_K3H3_E4_M2,ARTY_A7_100T_100MHZ,BOARD_COMMAND_TO_RESULT_ELAPSED,1,SUCCESS,3903,2,1,1,1183,17,1.7e-05,,,
64,61,0x1aecb060,0x9c545eba,FPGA_K3H3_E4_M2,ARTY_A7_100T_100MHZ,BOARD_COMMAND_TO_RESULT_ELAPSED,1,SUCCESS,13012,10,13,3,4461,50,5e-05,,,
64,62,0x91778cc3,0xbd1d1bc0,FPGA_K3H3_E4_M2,ARTY_A7_100T_100MHZ,BOARD_COMMAND_TO_RESULT_ELAPSED,1,SUCCESS,15288,5,4,2,2501,31,3.1e-05,,,
64,63,0xe6b7e7eb,0xd542988e,FPGA_K3H3_E4_M2,ARTY_A7_100T_100MHZ,BOARD_COMMAND_TO_RESULT_ELAPSED,1,SUCCESS,14567,10,11,5,4918,55,5.5e-05,,,
64,64,0x6770144c,0xd2d3c6e7,FPGA_K3H3_E4_M2,ARTY_A7_100T_100MHZ,BOARD_COMMAND_TO_RESULT_ELAPSED,1,SUCCESS,1801,10,10,4,7799,83,8.3e-05,,,
64,65,0xc600a248,0x0a1e0844,FPGA_K3H3_E4_M2,ARTY_A7_100T_100MHZ,BOARD_COMMAND_TO_RESULT_ELAPSED,1,SUCCESS,26,15,28,7,7151,77,7.7e-05,,,
64,66,0x1ea4f830,0x2ef0f28e,FPGA_K3H3_E4_M2,ARTY_A7_100T_100MHZ,BOARD_COMMAND_TO_RESULT_ELAPSED,1,SUCCESS,9302,13,26,8,6966,75,7.5e-05,,,
64,67,0x639604f3,0x7fe04f83,FPGA_K3H3_E4_M2,ARTY_A7_100T_100MHZ,BOARD_COMMAND_TO_RESULT_ELAPSED,1,SUCCESS,682,11,15,5,5243,57,5.7e-05,,,
64,68,0x6e084a84,0xb643b17e,FPGA_K3H3_E4_M2,ARTY_A7_100T_100MHZ,BOARD_COMMAND_TO_RESULT_ELAPSED,1,SUCCESS,1825,12,24,6,5928,64,6.4e-05,,,
64,69,0x3d7fc476,0x467d7a44,FPGA_K3H3_E4_M2,ARTY_A7_100T_100MHZ,BOARD_COMMAND_TO_RESULT_ELAPSED,1,SUCCESS,8225,15,23,5,6642,71,7.1e-05,,,
64,70,0xedca3875,0xefade11e,FPGA_K3H3_E4_M2,ARTY_A7_100T_100MHZ,BOARD_COMMAND_TO_RESULT_ELAPSED,1,SUCCESS,5531,15,40,12,8778,92,9.2e-05,,,
64,71,0xb883121d,0x095c678c,FPGA_K3H3_E4_M2,ARTY_A7_100T_100MHZ,BOARD_COMMAND_TO_RESULT_ELAPSED,1,SUCCESS,2852,16,27,12,8971,94,9.4e-05,,,
64,72,0xace22797,0xbc422a9a,FPGA_K3H3_E4_M2,ARTY_A7_100T_100MHZ,BOARD_COMMAND_TO_RESULT_ELAPSED,1,SUCCESS,13048,13,20,5,6005,66,6.6e-05,,,
64,73,0xefd3172d,0x8c2c3233,FPGA_K3H3_E4_M2,ARTY_A7_100T_100MHZ,BOARD_COMMAND_TO_RESULT_ELAPSED,1,SUCCESS,701,17,35,10,8704,93,9.3e-05,,,
64,74,0xe6aacdb5,0x7f1c158a,FPGA_K3H3_E4_M2,ARTY_A7_100T_100MHZ,BOARD_COMMAND_TO_RESULT_ELAPSED,1,SUCCESS,507,16,48,13,9112,96,9.6e-05,,,
64,75,0x6566c598,0xca804b00,FPGA_K3H3_E4_M2,ARTY_A7_100T_100MHZ,BOARD_COMMAND_TO_RESULT_ELAPSED,1,SUCCESS,10812,7,5,1,2826,34,3.4e-05,,,
64,76,0x4e646d9d,0xcbae5ac0,FPGA_K3H3_E4_M2,ARTY_A7_100T_100MHZ,BOARD_COMMAND_TO_RESULT_ELAPSED,1,SUCCESS,1801,15,36,12,8513,91,9.1e-05,,,
64,77,0x05d81d6f,0x260c4013,FPGA_K3H3_E4_M2,ARTY_A7_100T_100MHZ,BOARD_COMMAND_TO_RESULT_ELAPSED,1,SUCCESS,701,8,8,3,3708,41,4.1e-05,,,
64,78,0x2018f6a3,0x5728c7f4,FPGA_K3H3_E4_M2,ARTY_A7_100T_100MHZ,BOARD_COMMAND_TO_RESULT_ELAPSED,1,SUCCESS,5281,6,5,2,2782,32,3.2e-05,,,
64,79,0x718ebf0c,0x4d7d460c,FPGA_K3H3_E4_M2,ARTY_A7_100T_100MHZ,BOARD_COMMAND_TO_RESULT_ELAPSED,1,SUCCESS,8089,16,43,16,10004,105,0.000105,,,
64,80,0x042a8f17,0x2093b3f4,FPGA_K3H3_E4_M2,ARTY_A7_100T_100MHZ,BOARD_COMMAND_TO_RESULT_ELAPSED,1,SUCCESS,8799,8,4,2,3510,40,4e-05,,,
64,81,0xfc1c775d,0x35bd20f1,FPGA_K3H3_E4_M2,ARTY_A7_100T_100MHZ,BOARD_COMMAND_TO_RESULT_ELAPSED,1,SUCCESS,7786,7,6,2,3178,37,3.7e-05,,,
64,82,0x16b93b63,0x7d609ba5,FPGA_K3H3_E4_M2,ARTY_A7_100T_100MHZ,BOARD_COMMAND_TO_RESULT_ELAPSED,1,SUCCESS,10234,11,15,5,5352,59,5.9e-05,,,
64,83,0x8ce1028e,0xb152e7ef,FPGA_K3H3_E4_M2,ARTY_A7_100T_100MHZ,BOARD_COMMAND_TO_RESULT_ELAPSED,1,SUCCESS,5270,14,23,9,10793,113,0.000113,,,
64,84,0x87bad980,0x7dbefa97,FPGA_K3H3_E4_M2,ARTY_A7_100T_100MHZ,BOARD_COMMAND_TO_RESULT_ELAPSED,1,SUCCESS,14494,3,1,1,1535,20,2e-05,,,
64,85,0xd63d86f3,0xf5399cca,FPGA_K3H3_E4_M2,ARTY_A7_100T_100MHZ,BOARD_COMMAND_TO_RESULT_ELAPSED,1,SUCCESS,5200,10,13,3,4444,50,5e-05,,,
64,86,0xeeaba102,0x01560fc0,FPGA_K3H3_E4_M2,ARTY_A7_100T_100MHZ,BOARD_COMMAND_TO_RESULT_ELAPSED,1,SUCCESS,586,12,19,6,6181,67,6.7e-05,,,
64,87,0xc1fee4bb,0xc7e12d58,FPGA_K3H3_E4_M2,ARTY_A7_100T_100MHZ,BOARD_COMMAND_TO_RESULT_ELAPSED,1,SUCCESS,10593,13,23,8,6811,73,7.3e-05,,,
64,88,0x0707c9da,0xf644a3f9,FPGA_K3H3_E4_M2,ARTY_A7_100T_100MHZ,BOARD_COMMAND_TO_RESULT_ELAPSED,1,SUCCESS,7786,13,25,6,6267,67,6.7e-05,,,
64,89,0xde0d9c30,0x58a2ee8f,FPGA_K3H3_E4_M2,ARTY_A7_100T_100MHZ,BOARD_COMMAND_TO_RESULT_ELAPSED,1,SUCCESS,10931,10,13,5,5068,56,5.6e-05,,,
64,90,0x7cd0efc7,0x9f385cfb,FPGA_K3H3_E4_M2,ARTY_A7_100T_100MHZ,BOARD_COMMAND_TO_RESULT_ELAPSED,1,SUCCESS,16090,13,12,6,6350,69,6.9e-05,,,
64,91,0xe4cb50a6,0x94d13729,FPGA_K3H3_E4_M2,ARTY_A7_100T_100MHZ,BOARD_COMMAND_TO_RESULT_ELAPSED,1,SUCCESS,13048,14,18,8,7311,78,7.8e-05,,,
64,92,0xa0882219,0x18f75d24,FPGA_K3H3_E4_M2,ARTY_A7_100T_100MHZ,BOARD_COMMAND_TO_RESULT_ELAPSED,1,SUCCESS,5341,3,1,1,1513,20,2e-05,,,
64,93,0xc435e6f2,0xf75a52bc,FPGA_K3H3_E4_M2,ARTY_A7_100T_100MHZ,BOARD_COMMAND_TO_RESULT_ELAPSED,1,SUCCESS,13012,10,14,3,4459,50,5e-05,,,
64,94,0x011b63f0,0x0aa34346,FPGA_K3H3_E4_M2,ARTY_A7_100T_100MHZ,BOARD_COMMAND_TO_RESULT_ELAPSED,1,SUCCESS,507,13,21,7,6591,70,7e-05,,,
64,95,0x1b456e77,0xee460f94,FPGA_K3H3_E4_M2,ARTY_A7_100T_100MHZ,BOARD_COMMAND_TO_RESULT_ELAPSED,1,SUCCESS,507,20,75,25,14294,147,0.000147,,,
64,96,0x10088608,0xef418331,FPGA_K3H3_E4_M2,ARTY_A7_100T_100MHZ,BOARD_COMMAND_TO_RESULT_ELAPSED,1,SUCCESS,13012,14,21,6,6587,70,7e-05,,,
64,97,0x6fcfc352,0xf8fa9f4c,FPGA_K3H3_E4_M2,ARTY_A7_100T_100MHZ,BOARD_COMMAND_TO_RESULT_ELAPSED,1,SUCCESS,1801,16,33,16,10463,110,0.00011,,,
64,98,0xfb6077af,0x713595a9,FPGA_K3H3_E4_M2,ARTY_A7_100T_100MHZ,BOARD_COMMAND_TO_RESULT_ELAPSED,1,SUCCESS,491,10,7,2,4109,47,4.7e-05,,,
64,99,0xc6ebb72e,0x08fdf109,FPGA_K3H3_E4_M2,ARTY_A7_100T_100MHZ,BOARD_COMMAND_TO_RESULT_ELAPSED,1,SUCCESS,5531,6,4,2,2830,34,3.4e-05,,,
256,0,0x7b1dcdaf,0x24370df2,FPGA_K3H3_E4_M2,ARTY_A7_100T_100MHZ,BOARD_COMMAND_TO_RESULT_ELAPSED,1,SUCCESS,15288,8,7,3,3766,44,4.4e-05,,,
256,1,0x3a85a4dc,0xa3b9aa35,FPGA_K3H3_E4_M2,ARTY_A7_100T_100MHZ,BOARD_COMMAND_TO_RESULT_ELAPSED,1,SUCCESS,5849,5,2,1,2210,28,2.8e-05,,,
256,2,0x6162a8b2,0x871c276f,FPGA_K3H3_E4_M2,ARTY_A7_100T_100MHZ,BOARD_COMMAND_TO_RESULT_ELAPSED,1,SUCCESS,8081,7,3,2,3143,37,3.7e-05,,,
256,3,0xc3adc34e,0xf5b8f22b,FPGA_K3H3_E4_M2,ARTY_A7_100T_100MHZ,BOARD_COMMAND_TO_RESULT_ELAPSED,1,SUCCESS,16060,9,8,4,4368,48,4.8e-05,,,
256,4,0x2bb073ff,0x3f8396e3,FPGA_K3H3_E4_M2,ARTY_A7_100T_100MHZ,BOARD_COMMAND_TO_RESULT_ELAPSED,1,SUCCESS,12680,12,17,7,6201,67,6.7e-05,,,
256,5,0xda585ab3,0xa7197ad7,FPGA_K3H3_E4_M2,ARTY_A7_100T_100MHZ,BOARD_COMMAND_TO_RESULT_ELAPSED,1,SUCCESS,7233,10,5,2,4236,48,4.8e-05,,,
256,6,0x0ed109c0,0x5701ce52,FPGA_K3H3_E4_M2,ARTY_A7_100T_100MHZ,BOARD_COMMAND_TO_RESULT_ELAPSED,1,SUCCESS,3716,7,7,2,6385,68,6.8e-05,,,
256,7,0x102ecf73,0x53c7612b,FPGA_K3H3_E4_M2,ARTY_A7_100T_100MHZ,BOARD_COMMAND_TO_RESULT_ELAPSED,1,SUCCESS,3545,8,8,3,3695,42,4.2e-05,,,
256,8,0xcf29b6a1,0x35231a84,FPGA_K3H3_E4_M2,ARTY_A7_100T_100MHZ,BOARD_COMMAND_TO_RESULT_ELAPSED,1,SUCCESS,11907,10,8,4,4748,52,5.2e-05,,,
256,9,0xc49cbb42,0xd0a3bbb8,FPGA_K3H3_E4_M2,ARTY_A7_100T_100MHZ,BOARD_COMMAND_TO_RESULT_ELAPSED,1,SUCCESS,12001,1,0,0,555,11,1.1e-05,,,
256,10,0x4cc51d23,0xee0e3ab4,FPGA_K3H3_E4_M2,ARTY_A7_100T_100MHZ,BOARD_COMMAND_TO_RESULT_ELAPSED,1,SUCCESS,5451,4,2,1,1847,22,2.2e-05,,,
256,11,0xf9e8aa7a,0x3208c31a,FPGA_K3H3_E4_M2,ARTY_A7_100T_100MHZ,BOARD_COMMAND_TO_RESULT_ELAPSED,1,SUCCESS,873,12,19,7,6164,67,6.7e-05,,,
256,12,0xdda8b051,0xc8105c9d,FPGA_K3H3_E4_M2,ARTY_A7_100T_100MHZ,BOARD_COMMAND_TO_RESULT_ELAPSED,1,SUCCESS,90,5,3,2,2457,29,2.9e-05,,,
256,13,0xabfb11bf,0xf5dec75e,FPGA_K3H3_E4_M2,ARTY_A7_100T_100MHZ,BOARD_COMMAND_TO_RESULT_ELAPSED,1,SUCCESS,7326,6,5,2,2799,32,3.2e-05,,,
256,14,0x20639811,0x6b6a7c47,FPGA_K3H3_E4_M2,ARTY_A7_100T_100MHZ,BOARD_COMMAND_TO_RESULT_ELAPSED,1,SUCCESS,1930,6,7,2,2828,33,3.3e-05,,,
256,15,0xac72acd2,0xca84bc6c,FPGA_K3H3_E4_M2,ARTY_A7_100T_100MHZ,BOARD_COMMAND_TO_RESULT_ELAPSED,1,SUCCESS,13448,9,3,2,3801,44,4.4e-05,,,
256,16,0x49a2da79,0xe1376725,FPGA_K3H3_E4_M2,ARTY_A7_100T_100MHZ,BOARD_COMMAND_TO_RESULT_ELAPSED,1,SUCCESS,12329,6,4,2,2769,33,3.3e-05,,,
256,17,0x63a4e9d7,0x6166dba4,FPGA_K3H3_E4_M2,ARTY_A7_100T_100MHZ,BOARD_COMMAND_TO_RESULT_ELAPSED,1,SUCCESS,6247,7,6,2,3145,37,3.7e-05,,,
256,18,0x8983f102,0x43fb6183,FPGA_K3H3_E4_M2,ARTY_A7_100T_100MHZ,BOARD_COMMAND_TO_RESULT_ELAPSED,1,SUCCESS,4389,7,4,1,2856,34,3.4e-05,,,
256,19,0xb671aa78,0xc97ad8a2,FPGA_K3H3_E4_M2,ARTY_A7_100T_100MHZ,BOARD_COMMAND_TO_RESULT_ELAPSED,1,SUCCESS,13749,7,3,2,3093,36,3.6e-05,,,
256,20,0xdaeb566a,0x989e5b3d,FPGA_K3H3_E4_M2,ARTY_A7_100T_100MHZ,BOARD_COMMAND_TO_RESULT_ELAPSED,1,SUCCESS,6940,9,9,4,4371,48,4.8e-05,,,
256,21,0xf6181c00,0xa345ac4b,FPGA_K3H3_E4_M2,ARTY_A7_100T_100MHZ,BOARD_COMMAND_TO_RESULT_ELAPSED,1,SUCCESS,2302,9,4,4,4409,50,5e-05,,,
256,22,0x4e18d852,0xa08980df,FPGA_K3H3_E4_M2,ARTY_A7_100T_100MHZ,BOARD_COMMAND_TO_RESULT_ELAPSED,1,SUCCESS,7844,9,7,3,4100,46,4.6e-05,,,
256,23,0xa035ceba,0x611de4c4,FPGA_K3H3_E4_M2,ARTY_A7_100T_100MHZ,BOARD_COMMAND_TO_RESULT_ELAPSED,1,SUCCESS,6733,5,4,2,2458,29,2.9e-05,,,
256,24,0xc2416ee4,0x7323f479,FPGA_K3H3_E4_M2,ARTY_A7_100T_100MHZ,BOARD_COMMAND_TO_RESULT_ELAPSED,1,SUCCESS,4724,8,10,3,3730,42,4.2e-05,,,
256,25,0xfbdafbdd,0xa0c0cf2f,FPGA_K3H3_E4_M2,ARTY_A7_100T_100MHZ,BOARD_COMMAND_TO_RESULT_ELAPSED,1,SUCCESS,9555,12,14,5,5665,62,6.2e-05,,,
256,26,0xa43fbf47,0x8de97b10,FPGA_K3H3_E4_M2,ARTY_A7_100T_100MHZ,BOARD_COMMAND_TO_RESULT_ELAPSED,1,SUCCESS,6702,9,6,2,3716,42,4.2e-05,,,
256,27,0x6811f7c1,0xcb07044a,FPGA_K3H3_E4_M2,ARTY_A7_100T_100MHZ,BOARD_COMMAND_TO_RESULT_ELAPSED,1,SUCCESS,10532,6,4,2,2793,32,3.2e-05,,,
256,28,0x610dde2c,0x8cf5deb9,FPGA_K3H3_E4_M2,ARTY_A7_100T_100MHZ,BOARD_COMMAND_TO_RESULT_ELAPSED,1,SUCCESS,314,8,7,2,3492,40,4e-05,,,
256,29,0x82241b87,0xbbe27f39,FPGA_K3H3_E4_M2,ARTY_A7_100T_100MHZ,BOARD_COMMAND_TO_RESULT_ELAPSED,1,SUCCESS,14410,7,6,2,3113,35,3.5e-05,,,
256,30,0x48647490,0xea9551eb,FPGA_K3H3_E4_M2,ARTY_A7_100T_100MHZ,BOARD_COMMAND_TO_RESULT_ELAPSED,1,SUCCESS,4956,9,7,3,4130,47,4.7e-05,,,
256,31,0x63df3b7f,0xa8b057e1,FPGA_K3H3_E4_M2,ARTY_A7_100T_100MHZ,BOARD_COMMAND_TO_RESULT_ELAPSED,1,SUCCESS,15859,9,10,4,4372,48,4.8e-05,,,
256,32,0x433125bb,0x3221fef0,FPGA_K3H3_E4_M2,ARTY_A7_100T_100MHZ,BOARD_COMMAND_TO_RESULT_ELAPSED,1,SUCCESS,11246,10,12,4,4741,53,5.3e-05,,,
256,33,0x7943be40,0x6641ee79,FPGA_K3H3_E4_M2,ARTY_A7_100T_100MHZ,BOARD_COMMAND_TO_RESULT_ELAPSED,1,SUCCESS,825,8,8,3,3749,42,4.2e-05,,,
256,34,0x26c93252,0x675d2908,FPGA_K3H3_E4_M2,ARTY_A7_100T_100MHZ,BOARD_COMMAND_TO_RESULT_ELAPSED,1,SUCCESS,10842,7,5,2,3141,37,3.7e-05,,,
256,35,0xdbe3ed49,0xa7cfea56,FPGA_K3H3_E4_M2,ARTY_A7_100T_100MHZ,BOARD_COMMAND_TO_RESULT_ELAPSED,1,SUCCESS,9972,6,6,2,2784,32,3.2e-05,,,
256,36,0xc2ec9bb4,0xbfc0ae9e,FPGA_K3H3_E4_M2,ARTY_A7_100T_100MHZ,BOARD_COMMAND_TO_RESULT_ELAPSED,1,SUCCESS,16297,6,3,2,2863,34,3.4e-05,,,
256,37,0xe7ec8559,0x307064ac,FPGA_K3H3_E4_M2,ARTY_A7_100T_100MHZ,BOARD_COMMAND_TO_RESULT_ELAPSED,1,SUCCESS,1456,5,4,2,2479,29,2.9e-05,,,
256,38,0xccb88b54,0x2cf00158,FPGA_K3H3_E4_M2,ARTY_A7_100T_100MHZ,BOARD_COMMAND_TO_RESULT_ELAPSED,1,SUCCESS,11990,6,5,2,2829,34,3.4e-05,,,
256,39,0xb512e6a4,0x2b9e708c,FPGA_K3H3_E4_M2,ARTY_A7_100T_100MHZ,BOARD_COMMAND_TO_RESULT_ELAPSED,1,SUCCESS,10839,4,2,1,1862,22,2.2e-05,,,
256,40,0x7e2c3d82,0xa69fb195,FPGA_K3H3_E4_M2,ARTY_A7_100T_100MHZ,BOARD_COMMAND_TO_RESULT_ELAPSED,1,SUCCESS,586,5,4,2,2432,29,2.9e-05,,,
256,41,0x58b3e5ad,0x23a21253,FPGA_K3H3_E4_M2,ARTY_A7_100T_100MHZ,BOARD_COMMAND_TO_RESULT_ELAPSED,1,SUCCESS,7400,5,4,2,2434,29,2.9e-05,,,
256,42,0x9a07c40b,0x3ea78d8c,FPGA_K3H3_E4_M2,ARTY_A7_100T_100MHZ,BOARD_COMMAND_TO_RESULT_ELAPSED,1,SUCCESS,507,10,8,5,4943,54,5.4e-05,,,
256,43,0xf1f9a54b,0x7b00db61,FPGA_K3H3_E4_M2,ARTY_A7_100T_100MHZ,BOARD_COMMAND_TO_RESULT_ELAPSED,1,SUCCESS,160,6,3,1,2498,30,3e-05,,,
256,44,0xfba6212d,0xb8b8356a,FPGA_K3H3_E4_M2,ARTY_A7_100T_100MHZ,BOARD_COMMAND_TO_RESULT_ELAPSED,1,SUCCESS,7400,11,8,3,4732,53,5.3e-05,,,
256,45,0x1ca60615,0xd753b84a,FPGA_K3H3_E4_M2,ARTY_A7_100T_100MHZ,BOARD_COMMAND_TO_RESULT_ELAPSED,1,SUCCESS,8996,6,4,2,2777,32,3.2e-05,,,
256,46,0xa085c93e,0x19b8504d,FPGA_K3H3_E4_M2,ARTY_A7_100T_100MHZ,BOARD_COMMAND_TO_RESULT_ELAPSED,1,SUCCESS,15586,8,6,2,3445,41,4.1e-05,,,
256,47,0x18190603,0xad0438b2,FPGA_K3H3_E4_M2,ARTY_A7_100T_100MHZ,BOARD_COMMAND_TO_RESULT_ELAPSED,1,SUCCESS,56,9,6,3,4104,46,4.6e-05,,,
256,48,0xc1143c78,0xbbdab3cd,FPGA_K3H3_E4_M2,ARTY_A7_100T_100MHZ,BOARD_COMMAND_TO_RESULT_ELAPSED,1,SUCCESS,10265,11,7,4,5114,56,5.6e-05,,,
256,49,0x332063fc,0x222ba57c,FPGA_K3H3_E4_M2,ARTY_A7_100T_100MHZ,BOARD_COMMAND_TO_RESULT_ELAPSED,1,SUCCESS,5281,9,6,2,3822,43,4.3e-05,,,
256,50,0xd6f4066b,0xab9eb714,FPGA_K3H3_E4_M2,ARTY_A7_100T_100MHZ,BOARD_COMMAND_TO_RESULT_ELAPSED,1,SUCCESS,2160,13,15,6,6170,67,6.7e-05,,,
256,51,0x64b9628c,0x9cd8b518,FPGA_K3H3_E4_M2,ARTY_A7_100T_100MHZ,BOARD_COMMAND_TO_RESULT_ELAPSED,1,SUCCESS,6300,5,4,2,2404,29,2.9e-05,,,
256,52,0x894e6771,0x8a255c2e,FPGA_K3H3_E4_M2,ARTY_A7_100T_100MHZ,BOARD_COMMAND_TO_RESULT_ELAPSED,1,SUCCESS,13448,3,1,1,1503,20,2e-05,,,
256,53,0xe3e668e8,0xff1f20c3,FPGA_K3H3_E4_M2,ARTY_A7_100T_100MHZ,BOARD_COMMAND_TO_RESULT_ELAPSED,1,SUCCESS,8799,9,7,3,4119,46,4.6e-05,,,
256,54,0x36980406,0xfbdbfa61,FPGA_K3H3_E4_M2,ARTY_A7_100T_100MHZ,BOARD_COMMAND_TO_RESULT_ELAPSED,1,SUCCESS,7615,4,2,1,1811,23,2.3e-05,,,
256,55,0x114d2b4a,0xa617ad4e,FPGA_K3H3_E4_M2,ARTY_A7_100T_100MHZ,BOARD_COMMAND_TO_RESULT_ELAPSED,1,SUCCESS,12785,4,2,1,1867,24,2.4e-05,,,
256,56,0x3b8907e1,0x0c6cbd10,FPGA_K3H3_E4_M2,ARTY_A7_100T_100MHZ,BOARD_COMMAND_TO_RESULT_ELAPSED,1,SUCCESS,7780,7,4,2,3100,36,3.6e-05,,,
256,57,0x2cd09c1d,0x964fb1a7,FPGA_K3H3_E4_M2,ARTY_A7_100T_100MHZ,BOARD_COMMAND_TO_RESULT_ELAPSED,1,SUCCESS,9459,7,2,2,3154,37,3.7e-05,,,
256,58,0x6d7a8604,0xbd6f99c6,FPGA_K3H3_E4_M2,ARTY_A7_100T_100MHZ,BOARD_COMMAND_TO_RESULT_ELAPSED,1,SUCCESS,8225,5,4,2,2468,30,3e-05,,,
256,59,0x1fadaf42,0x60010aa3,FPGA_K3H3_E4_M2,ARTY_A7_100T_100MHZ,BOARD_COMMAND_TO_RESULT_ELAPSED,1,SUCCESS,4389,6,5,2,2846,34,3.4e-05,,,
256,60,0x92fe7cfd,0xb54e2773,FPGA_K3H3_E4_M2,ARTY_A7_100T_100MHZ,BOARD_COMMAND_TO_RESULT_ELAPSED,1,SUCCESS,11343,9,10,4,4364,48,4.8e-05,,,
256,61,0x1aecb060,0x9c545eba,FPGA_K3H3_E4_M2,ARTY_A7_100T_100MHZ,BOARD_COMMAND_TO_RESULT_ELAPSED,1,SUCCESS,12329,11,17,4,5088,56,5.6e-05,,,
256,62,0x91778cc3,0xbd1d1bc0,FPGA_K3H3_E4_M2,ARTY_A7_100T_100MHZ,BOARD_COMMAND_TO_RESULT_ELAPSED,1,SUCCESS,5666,10,13,5,5006,55,5.5e-05,,,
256,63,0xe6b7e7eb,0xd542988e,FPGA_K3H3_E4_M2,ARTY_A7_100T_100MHZ,BOARD_COMMAND_TO_RESULT_ELAPSED,1,SUCCESS,14388,10,11,5,4935,54,5.4e-05,,,
256,64,0x6770144c,0xd2d3c6e7,FPGA_K3H3_E4_M2,ARTY_A7_100T_100MHZ,BOARD_COMMAND_TO_RESULT_ELAPSED,1,SUCCESS,3410,8,4,2,3506,40,4e-05,,,
256,65,0xc600a248,0x0a1e0844,FPGA_K3H3_E4_M2,ARTY_A7_100T_100MHZ,BOARD_COMMAND_TO_RESULT_ELAPSED,1,SUCCESS,10195,6,3,2,2792,32,3.2e-05,,,
256,66,0x1ea4f830,0x2ef0f28e,FPGA_K3H3_E4_M2,ARTY_A7_100T_100MHZ,BOARD_COMMAND_TO_RESULT_ELAPSED,1,SUCCESS,1133,6,2,1,2537,30,3e-05,,,
256,67,0x639604f3,0x7fe04f83,FPGA_K3H3_E4_M2,ARTY_A7_100T_100MHZ,BOARD_COMMAND_TO_RESULT_ELAPSED,1,SUCCESS,5270,10,10,4,4702,51,5.1e-05,,,
256,68,0x6e084a84,0xb643b17e,FPGA_K3H3_E4_M2,ARTY_A7_100T_100MHZ,BOARD_COMMAND_TO_RESULT_ELAPSED,1,SUCCESS,8996,8,6,2,3509,40,4e-05,,,
256,69,0x3d7fc476,0x467d7a44,FPGA_K3H3_E4_M2,ARTY_A7_100T_100MHZ,BOARD_COMMAND_TO_RESULT_ELAPSED,1,SUCCESS,15374,7,3,2,3141,37,3.7e-05,,,
256,70,0xedca3875,0xefade11e,FPGA_K3H3_E4_M2,ARTY_A7_100T_100MHZ,BOARD_COMMAND_TO_RESULT_ELAPSED,1,SUCCESS,2789,4,3,1,1826,23,2.3e-05,,,
256,71,0xb883121d,0x095c678c,FPGA_K3H3_E4_M2,ARTY_A7_100T_100MHZ,BOARD_COMMAND_TO_RESULT_ELAPSED,1,SUCCESS,15233,8,6,2,3468,40,4e-05,,,
256,72,0xace22797,0xbc422a9a,FPGA_K3H3_E4_M2,ARTY_A7_100T_100MHZ,BOARD_COMMAND_TO_RESULT_ELAPSED,1,SUCCESS,1859,7,4,1,2844,34,3.4e-05,,,
256,73,0xefd3172d,0x8c2c3233,FPGA_K3H3_E4_M2,ARTY_A7_100T_100MHZ,BOARD_COMMAND_TO_RESULT_ELAPSED,1,SUCCESS,9230,7,6,2,3096,36,3.6e-05,,,
256,74,0xe6aacdb5,0x7f1c158a,FPGA_K3H3_E4_M2,ARTY_A7_100T_100MHZ,BOARD_COMMAND_TO_RESULT_ELAPSED,1,SUCCESS,2442,6,2,1,2508,30,3e-05,,,
256,75,0x6566c598,0xca804b00,FPGA_K3H3_E4_M2,ARTY_A7_100T_100MHZ,BOARD_COMMAND_TO_RESULT_ELAPSED,1,SUCCESS,14410,2,1,1,1131,16,1.6e-05,,,
256,76,0x4e646d9d,0xcbae5ac0,FPGA_K3H3_E4_M2,ARTY_A7_100T_100MHZ,BOARD_COMMAND_TO_RESULT_ELAPSED,1,SUCCESS,13239,9,10,4,4280,48,4.8e-05,,,
256,77,0x05d81d6f,0x260c4013,FPGA_K3H3_E4_M2,ARTY_A7_100T_100MHZ,BOARD_COMMAND_TO_RESULT_ELAPSED,1,SUCCESS,9230,7,5,2,3063,35,3.5e-05,,,
256,78,0x2018f6a3,0x5728c7f4,FPGA_K3H3_E4_M2,ARTY_A7_100T_100MHZ,BOARD_COMMAND_TO_RESULT_ELAPSED,1,SUCCESS,3237,2,1,1,1160,17,1.7e-05,,,
256,79,0x718ebf0c,0x4d7d460c,FPGA_K3H3_E4_M2,ARTY_A7_100T_100MHZ,BOARD_COMMAND_TO_RESULT_ELAPSED,1,SUCCESS,11111,2,1,1,1164,17,1.7e-05,,,
256,80,0x042a8f17,0x2093b3f4,FPGA_K3H3_E4_M2,ARTY_A7_100T_100MHZ,BOARD_COMMAND_TO_RESULT_ELAPSED,1,SUCCESS,8089,10,10,5,4992,54,5.4e-05,,,
256,81,0xfc1c775d,0x35bd20f1,FPGA_K3H3_E4_M2,ARTY_A7_100T_100MHZ,BOARD_COMMAND_TO_RESULT_ELAPSED,1,SUCCESS,9492,6,4,1,2567,31,3.1e-05,,,
256,82,0x16b93b63,0x7d609ba5,FPGA_K3H3_E4_M2,ARTY_A7_100T_100MHZ,BOARD_COMMAND_TO_RESULT_ELAPSED,1,SUCCESS,14992,3,1,1,1554,21,2.1e-05,,,
256,83,0x8ce1028e,0xb152e7ef,FPGA_K3H3_E4_M2,ARTY_A7_100T_100MHZ,BOARD_COMMAND_TO_RESULT_ELAPSED,1,SUCCESS,15859,3,2,1,1528,20,2e-05,,,
256,84,0x87bad980,0x7dbefa97,FPGA_K3H3_E4_M2,ARTY_A7_100T_100MHZ,BOARD_COMMAND_TO_RESULT_ELAPSED,1,SUCCESS,10082,6,4,1,2536,30,3e-05,,,
256,85,0xd63d86f3,0xf5399cca,FPGA_K3H3_E4_M2,ARTY_A7_100T_100MHZ,BOARD_COMMAND_TO_RESULT_ELAPSED,1,SUCCESS,8851,9,10,3,4111,46,4.6e-05,,,
256,86,0xeeaba102,0x01560fc0,FPGA_K3H3_E4_M2,ARTY_A7_100T_100MHZ,BOARD_COMMAND_TO_RESULT_ELAPSED,1,SUCCESS,10812,11,13,4,5301,58,5.8e-05,,,
256,87,0xc1fee4bb,0xc7e12d58,FPGA_K3H3_E4_M2,ARTY_A7_100T_100MHZ,BOARD_COMMAND_TO_RESULT_ELAPSED,1,SUCCESS,6247,12,15,5,5645,61,6.1e-05,,,
256,88,0x0707c9da,0xf644a3f9,FPGA_K3H3_E4_M2,ARTY_A7_100T_100MHZ,BOARD_COMMAND_TO_RESULT_ELAPSED,1,SUCCESS,1038,6,3,1,2517,30,3e-05,,,
256,89,0xde0d9c30,0x58a2ee8f,FPGA_K3H3_E4_M2,ARTY_A7_100T_100MHZ,BOARD_COMMAND_TO_RESULT_ELAPSED,1,SUCCESS,10532,10,13,5,5009,54,5.4e-05,,,
256,90,0x7cd0efc7,0x9f385cfb,FPGA_K3H3_E4_M2,ARTY_A7_100T_100MHZ,BOARD_COMMAND_TO_RESULT_ELAPSED,1,SUCCESS,15943,13,12,6,6321,69,6.9e-05,,,
256,91,0xe4cb50a6,0x94d13729,FPGA_K3H3_E4_M2,ARTY_A7_100T_100MHZ,BOARD_COMMAND_TO_RESULT_ELAPSED,1,SUCCESS,9960,4,1,1,1861,23,2.3e-05,,,
256,92,0xa0882219,0x18f75d24,FPGA_K3H3_E4_M2,ARTY_A7_100T_100MHZ,BOARD_COMMAND_TO_RESULT_ELAPSED,1,SUCCESS,8081,4,1,1,1853,23,2.3e-05,,,
256,93,0xc435e6f2,0xf75a52bc,FPGA_K3H3_E4_M2,ARTY_A7_100T_100MHZ,BOARD_COMMAND_TO_RESULT_ELAPSED,1,SUCCESS,12684,10,14,3,4393,50,5e-05,,,
256,94,0x011b63f0,0x0aa34346,FPGA_K3H3_E4_M2,ARTY_A7_100T_100MHZ,BOARD_COMMAND_TO_RESULT_ELAPSED,1,SUCCESS,2888,7,3,1,2827,34,3.4e-05,,,
256,95,0x1b456e77,0xee460f94,FPGA_K3H3_E4_M2,ARTY_A7_100T_100MHZ,BOARD_COMMAND_TO_RESULT_ELAPSED,1,SUCCESS,2852,9,7,2,3858,43,4.3e-05,,,
256,96,0x10088608,0xef418331,FPGA_K3H3_E4_M2,ARTY_A7_100T_100MHZ,BOARD_COMMAND_TO_RESULT_ELAPSED,1,SUCCESS,1456,4,2,1,1828,23,2.3e-05,,,
256,97,0x6fcfc352,0xf8fa9f4c,FPGA_K3H3_E4_M2,ARTY_A7_100T_100MHZ,BOARD_COMMAND_TO_RESULT_ELAPSED,1,SUCCESS,13286,6,3,1,2559,30,3e-05,,,
256,98,0xfb6077af,0x713595a9,FPGA_K3H3_E4_M2,ARTY_A7_100T_100MHZ,BOARD_COMMAND_TO_RESULT_ELAPSED,1,SUCCESS,10964,2,1,1,1177,16,1.6e-05,,,
256,99,0xc6ebb72e,0x08fdf109,FPGA_K3H3_E4_M2,ARTY_A7_100T_100MHZ,BOARD_COMMAND_TO_RESULT_ELAPSED,1,SUCCESS,2852,5,2,1,2193,28,2.8e-05,,,
