target_count,seed_index,stage,cycles,actual_iter,result_index,trial_count,L_BBHT,semantic_equal
1,0,Normal-E1,351419,308,507,25,308,1
1,0,K4/H4-E1,100198,70,507,25,308,1
1,0,K4/H4-E4,46053,70,507,25,308,1
1,0,K3/H3-E4,42604,70,507,25,308,1
1,0,K3/H3-E4-M1,36204,70,507,25,308,1
1,0,K3/H3-E4-M2,30913,70,507,25,308,1
1,1,Normal-E1,43034,23,507,15,23,1
1,1,K4/H4-E1,26532,9,507,15,23,1
1,1,K4/H4-E4,19235,9,507,15,23,1
1,1,K3/H3-E4,17529,9,507,15,23,1
1,1,K3/H3-E4-M1,13689,9,507,15,23,1
1,1,K3/H3-E4-M2,11136,9,507,15,23,1
1,2,Normal-E1,216242,181,507,22,181,1
1,2,K4/H4-E1,66949,40,507,22,181,1
1,2,K4/H4-E4,35844,40,507,22,181,1
1,2,K3/H3-E4,32193,40,507,22,181,1
1,2,K3/H3-E4-M1,26561,40,507,22,181,1
1,2,K3/H3-E4-M2,21870,40,507,22,181,1
1,3,Normal-E1,280705,239,507,25,239,1
1,3,K4/H4-E1,81920,51,507,25,239,1
1,3,K4/H4-E4,42495,51,507,25,239,1
1,3,K3/H3-E4,38665,53,507,25,239,1
1,3,K3/H3-E4-M1,32265,53,507,25,239,1
1,3,K3/H3-E4-M2,26538,53,507,25,239,1
1,4,Normal-E1,279130,240,507,24,240,1
1,4,K4/H4-E1,88274,58,507,24,240,1
1,4,K4/H4-E4,43345,58,507,24,240,1
1,4,K3/H3-E4,37897,58,507,24,240,1
1,4,K3/H3-E4-M1,31999,58,507,24,240,1
1,4,K3/H3-E4-M2,27653,58,507,24,240,1
1,5,Normal-E1,190119,155,507,23,155,1
1,5,K4/H4-E1,67021,41,507,23,155,1
1,5,K4/H4-E4,36714,41,507,23,155,1
1,5,K3/H3-E4,32688,41,507,23,155,1
1,5,K3/H3-E4-M1,26800,41,507,23,155,1
1,5,K3/H3-E4-M2,22566,41,507,23,155,1
1,6,Normal-E1,26191,14,507,9,14,1
1,6,K4/H4-E1,16278,4,507,9,14,1
1,6,K4/H4-E4,12821,4,507,9,14,1
1,6,K3/H3-E4,11712,4,507,9,14,1
1,6,K3/H3-E4-M1,9408,4,507,9,14,1
1,6,K3/H3-E4-M2,7619,4,507,9,14,1
1,7,Normal-E1,215454,180,507,23,180,1
1,7,K4/H4-E1,78065,52,507,23,180,1
1,7,K4/H4-E4,37744,52,507,23,180,1
1,7,K3/H3-E4,35245,52,507,23,180,1
1,7,K3/H3-E4-M1,29357,52,507,23,180,1
1,7,K3/H3-E4-M2,25496,52,507,23,180,1
1,8,Normal-E1,304469,261,507,26,261,1
1,8,K4/H4-E1,113884,83,507,26,261,1
1,8,K4/H4-E4,50052,83,507,26,261,1
1,8,K3/H3-E4,47682,85,507,26,261,1
1,8,K3/H3-E4-M1,41035,85,507,26,261,1
1,8,K3/H3-E4-M2,35380,85,507,26,261,1
1,9,Normal-E1,185357,148,507,24,148,1
1,9,K4/H4-E1,85580,57,507,24,148,1
1,9,K4/H4-E4,41034,57,507,24,148,1
1,9,K3/H3-E4,41929,68,507,24,148,1
1,9,K3/H3-E4-M1,35828,68,507,24,148,1
1,9,K3/H3-E4-M2,30057,68,507,24,148,1
1,10,Normal-E1,122259,93,507,20,93,1
1,10,K4/H4-E1,53016,30,507,20,93,1
1,10,K4/H4-E4,29591,30,507,20,93,1
1,10,K3/H3-E4,27875,31,507,20,93,1
1,10,K3/H3-E4-M1,22802,31,507,20,93,1
1,10,K3/H3-E4-M2,18832,31,507,20,93,1
1,11,Normal-E1,209862,175,507,23,175,1
1,11,K4/H4-E1,70385,44,507,23,175,1
1,11,K4/H4-E4,37198,44,507,23,175,1
1,11,K3/H3-E4,32955,45,507,23,175,1
1,11,K3/H3-E4-M1,27067,45,507,23,175,1
1,11,K3/H3-E4-M2,23640,45,507,23,175,1
1,12,Normal-E1,66710,42,507,18,42,1
1,12,K4/H4-E1,30347,10,507,18,42,1
1,12,K4/H4-E4,22394,10,507,18,42,1
1,12,K3/H3-E4,20853,12,507,18,42,1
1,12,K3/H3-E4-M1,16444,12,507,18,42,1
1,12,K3/H3-E4-M2,13051,12,507,18,42,1
1,13,Normal-E1,259187,218,507,24,218,1
1,13,K4/H4-E1,82239,52,507,24,218,1
1,13,K4/H4-E4,41918,52,507,24,218,1
1,13,K3/H3-E4,40007,55,507,24,218,1
1,13,K3/H3-E4-M1,33863,55,507,24,218,1
1,13,K3/H3-E4-M2,26622,55,507,24,218,1
1,14,Normal-E1,166475,133,507,21,133,1
1,14,K4/H4-E1,63724,36,507,21,133,1
1,14,K4/H4-E4,35691,36,507,21,133,1
1,14,K3/H3-E4,31717,37,507,21,133,1
1,14,K3/H3-E4-M1,26513,37,507,21,133,1
1,14,K3/H3-E4-M2,20783,37,507,21,133,1
1,15,Normal-E1,380484,333,507,27,333,1
1,15,K4/H4-E1,135967,101,507,27,333,1
1,15,K4/H4-E4,58052,101,507,27,333,1
1,15,K3/H3-E4,57020,115,507,27,333,1
1,15,K3/H3-E4-M1,50171,115,507,27,333,1
1,15,K3/H3-E4-M2,44152,115,507,27,333,1
1,16,Normal-E1,265798,225,507,25,225,1
1,16,K4/H4-E1,73861,45,507,25,225,1
1,16,K4/H4-E4,40492,45,507,25,225,1
1,16,K3/H3-E4,36102,45,507,25,225,1
1,16,K3/H3-E4-M1,29708,45,507,25,225,1
1,16,K3/H3-E4-M2,24131,45,507,25,225,1
1,17,Normal-E1,190801,152,507,25,152,1
1,17,K4/H4-E1,65779,35,507,25,152,1
1,17,K4/H4-E4,38811,35,507,25,152,1
1,17,K3/H3-E4,36648,45,507,25,152,1
1,17,K3/H3-E4-M1,30310,45,507,25,152,1
1,17,K3/H3-E4-M2,24641,45,507,25,152,1
1,18,Normal-E1,255347,216,507,24,216,1
1,18,K4/H4-E1,99644,70,507,24,216,1
1,18,K4/H4-E4,45621,70,507,24,216,1
1,18,K3/H3-E4,42877,73,507,24,216,1
1,18,K3/H3-E4-M1,36782,73,507,24,216,1
1,18,K3/H3-E4-M2,31470,73,507,24,216,1
1,19,Normal-E1,155710,122,507,22,122,1
1,19,K4/H4-E1,70077,42,507,22,122,1
1,19,K4/H4-E4,37539,42,507,22,122,1
1,19,K3/H3-E4,34466,47,507,22,122,1
1,19,K3/H3-E4-M1,28834,47,507,22,122,1
1,19,K3/H3-E4-M2,23524,47,507,22,122,1
1,20,Normal-E1,358969,311,507,27,311,1
1,20,K4/H4-E1,133667,100,507,27,311,1
1,20,K4/H4-E4,57707,100,507,27,311,1
1,20,K3/H3-E4,56382,109,507,27,311,1
1,20,K3/H3-E4-M1,49470,109,507,27,311,1
1,20,K3/H3-E4-M2,41887,109,507,27,311,1
1,21,Normal-E1,240521,200,507,26,200,1
1,21,K4/H4-E1,94869,62,507,26,200,1
1,21,K4/H4-E4,46868,62,507,26,200,1
1,21,K3/H3-E4,42496,68,507,26,200,1
1,21,K3/H3-E4-M1,35919,68,507,26,200,1
1,21,K3/H3-E4-M2,31104,68,507,26,200,1
1,22,Normal-E1,57548,37,507,15,37,1
1,22,K4/H4-E1,26150,9,507,15,37,1
1,22,K4/H4-E4,18853,9,507,15,37,1
1,22,K3/H3-E4,17587,9,507,15,37,1
1,22,K3/H3-E4-M1,13747,9,507,15,37,1
1,22,K3/H3-E4-M2,11042,9,507,15,37,1
1,23,Normal-E1,177206,141,507,23,141,1
1,23,K4/H4-E1,60930,31,507,23,141,1
1,23,K4/H4-E4,38441,31,507,23,141,1
1,23,K3/H3-E4,32648,35,507,23,141,1
1,23,K3/H3-E4-M1,26760,35,507,23,141,1
1,23,K3/H3-E4-M2,21101,35,507,23,141,1
1,24,Normal-E1,192118,159,507,21,159,1
1,24,K4/H4-E1,61958,37,507,21,159,1
1,24,K4/H4-E4,33157,37,507,21,159,1
1,24,K3/H3-E4,31310,40,507,21,159,1
1,24,K3/H3-E4-M1,25934,40,507,21,159,1
1,24,K3/H3-E4-M2,21443,40,507,21,159,1
1,25,Normal-E1,250309,210,507,25,210,1
1,25,K4/H4-E1,111852,79,507,25,210,1
1,25,K4/H4-E4,50795,79,507,25,210,1
1,25,K3/H3-E4,45118,79,507,25,210,1
1,25,K3/H3-E4-M1,39022,79,507,25,210,1
1,25,K3/H3-E4-M2,33429,79,507,25,210,1
1,26,Normal-E1,257005,215,507,27,215,1
1,26,K4/H4-E1,91735,61,507,27,215,1
1,26,K4/H4-E4,45696,61,507,27,215,1
1,26,K3/H3-E4,42184,66,507,27,215,1
1,26,K3/H3-E4-M1,35272,66,507,27,215,1
1,26,K3/H3-E4-M2,30251,66,507,27,215,1
1,27,Normal-E1,211538,174,507,24,174,1
1,27,K4/H4-E1,68148,40,507,24,174,1
1,27,K4/H4-E4,37043,40,507,24,174,1
1,27,K3/H3-E4,33965,41,507,24,174,1
1,27,K3/H3-E4-M1,27836,41,507,24,174,1
1,27,K3/H3-E4-M2,22928,41,507,24,174,1
1,28,Normal-E1,297648,256,507,25,256,1
1,28,K4/H4-E1,91804,63,507,25,256,1
1,28,K4/H4-E4,43035,63,507,25,256,1
1,28,K3/H3-E4,41362,65,507,25,256,1
1,28,K3/H3-E4-M1,34962,65,507,25,256,1
1,28,K3/H3-E4-M2,29464,65,507,25,256,1
1,29,Normal-E1,164607,133,507,21,133,1
1,29,K4/H4-E1,61406,37,507,21,133,1
1,29,K4/H4-E4,32605,37,507,21,133,1
1,29,K3/H3-E4,30387,39,507,21,133,1
1,29,K3/H3-E4-M1,25011,39,507,21,133,1
1,29,K3/H3-E4-M2,21168,39,507,21,133,1
1,30,Normal-E1,89265,63,507,19,63,1
1,30,K4/H4-E1,48688,25,507,19,63,1
1,30,K4/H4-E4,29103,25,507,19,63,1
1,30,K3/H3-E4,24922,26,507,19,63,1
1,30,K3/H3-E4-M1,20229,26,507,19,63,1
1,30,K3/H3-E4-M2,17273,26,507,19,63,1
1,31,Normal-E1,317006,273,507,27,273,1
1,31,K4/H4-E1,105741,74,507,27,273,1
1,31,K4/H4-E4,49032,74,507,27,273,1
1,31,K3/H3-E4,45987,80,507,27,273,1
1,31,K3/H3-E4-M1,39082,80,507,27,273,1
1,31,K3/H3-E4-M2,34179,80,507,27,273,1
1,32,Normal-E1,124901,93,507,22,93,1
1,32,K4/H4-E1,48571,25,507,22,93,1
1,32,K4/H4-E4,28986,25,507,22,93,1
1,32,K3/H3-E4,28043,26,507,22,93,1
1,32,K3/H3-E4-M1,22411,26,507,22,93,1
1,32,K3/H3-E4-M2,17938,26,507,22,93,1
1,33,Normal-E1,120185,93,507,19,93,1
1,33,K4/H4-E1,49571,26,507,19,93,1
1,33,K4/H4-E4,29850,26,507,19,93,1
1,33,K3/H3-E4,25117,27,507,19,93,1
1,33,K3/H3-E4-M1,20288,27,507,19,93,1
1,33,K3/H3-E4-M2,17126,27,507,19,93,1
1,34,Normal-E1,335327,290,507,27,290,1
1,34,K4/H4-E1,140214,106,507,27,290,1
1,34,K4/H4-E4,58421,106,507,27,290,1
1,34,K3/H3-E4,53907,107,507,27,290,1
1,34,K3/H3-E4-M1,47146,107,507,27,290,1
1,34,K3/H3-E4-M2,41598,107,507,27,290,1
1,35,Normal-E1,62933,40,507,16,40,1
1,35,K4/H4-E1,31820,12,507,16,40,1
1,35,K4/H4-E4,22219,12,507,16,40,1
1,35,K3/H3-E4,20156,12,507,16,40,1
1,35,K3/H3-E4-M1,16060,12,507,16,40,1
1,35,K3/H3-E4-M2,12381,12,507,16,40,1
1,36,Normal-E1,268771,229,507,24,229,1
1,36,K4/H4-E1,78356,51,507,24,229,1
1,36,K4/H4-E4,38803,51,507,24,229,1
1,36,K3/H3-E4,38096,55,507,24,229,1
1,36,K3/H3-E4-M1,31952,55,507,24,229,1
1,36,K3/H3-E4-M2,26485,55,507,24,229,1
1,37,Normal-E1,205137,169,507,23,169,1
1,37,K4/H4-E1,70476,43,507,23,169,1
1,37,K4/H4-E4,37473,43,507,23,169,1
1,37,K3/H3-E4,34165,44,507,23,169,1
1,37,K3/H3-E4-M1,28277,44,507,23,169,1
1,37,K3/H3-E4-M2,23484,44,507,23,169,1
1,38,Normal-E1,155370,123,507,21,123,1
1,38,K4/H4-E1,50592,26,507,21,123,1
1,38,K4/H4-E4,30239,26,507,21,123,1
1,38,K3/H3-E4,28961,29,507,21,123,1
1,38,K3/H3-E4-M1,23585,29,507,21,123,1
1,38,K3/H3-E4-M2,18692,29,507,21,123,1
1,39,Normal-E1,136890,105,507,21,105,1
1,39,K4/H4-E1,55102,29,507,21,105,1
1,39,K4/H4-E4,33120,29,507,21,105,1
1,39,K3/H3-E4,29207,30,507,21,105,1
1,39,K3/H3-E4-M1,23831,30,507,21,105,1
1,39,K3/H3-E4-M2,19123,30,507,21,105,1
1,40,Normal-E1,73287,48,507,18,48,1
1,40,K4/H4-E1,34366,13,507,18,48,1
1,40,K4/H4-E4,23997,13,507,18,48,1
1,40,K3/H3-E4,21497,13,507,18,48,1
1,40,K3/H3-E4-M1,16889,13,507,18,48,1
1,40,K3/H3-E4-M2,13331,13,507,18,48,1
1,41,Normal-E1,232959,196,507,24,196,1
1,41,K4/H4-E1,101211,73,507,24,196,1
1,41,K4/H4-E4,47096,73,507,24,196,1
1,41,K3/H3-E4,42607,78,507,24,196,1
1,41,K3/H3-E4-M1,36657,78,507,24,196,1
1,41,K3/H3-E4-M2,33140,78,507,24,196,1
1,42,Normal-E1,158055,126,507,21,126,1
1,42,K4/H4-E1,60253,35,507,21,126,1
1,42,K4/H4-E4,32988,35,507,21,126,1
1,42,K3/H3-E4,30003,35,507,21,126,1
1,42,K3/H3-E4-M1,24627,35,507,21,126,1
1,42,K3/H3-E4-M2,20248,35,507,21,126,1
1,43,Normal-E1,297738,252,507,28,252,1
1,43,K4/H4-E1,89778,57,507,28,252,1
1,43,K4/H4-E4,45617,57,507,28,252,1
1,43,K3/H3-E4,41942,57,507,28,252,1
1,43,K3/H3-E4-M1,34774,57,507,28,252,1
1,43,K3/H3-E4-M2,28787,57,507,28,252,1
1,44,Normal-E1,416592,368,507,28,368,1
1,44,K4/H4-E1,147697,115,507,28,368,1
1,44,K4/H4-E4,58992,115,507,28,368,1
1,44,K3/H3-E4,57127,118,507,28,368,1
1,44,K3/H3-E4-M1,49959,118,507,28,368,1
1,44,K3/H3-E4-M2,44636,118,507,28,368,1
1,45,Normal-E1,162227,131,507,21,131,1
1,45,K4/H4-E1,56393,33,507,21,131,1
1,45,K4/H4-E4,30664,33,507,21,131,1
1,45,K3/H3-E4,28474,33,507,21,131,1
1,45,K3/H3-E4-M1,23116,33,507,21,131,1
1,45,K3/H3-E4-M2,19540,33,507,21,131,1
1,46,Normal-E1,126699,96,507,20,96,1
1,46,K4/H4-E1,43867,20,507,20,96,1
1,46,K4/H4-E4,28122,20,507,20,96,1
1,46,K3/H3-E4,26433,21,507,20,96,1
1,46,K3/H3-E4-M1,21313,21,507,20,96,1
1,46,K3/H3-E4-M2,15970,21,507,20,96,1
1,47,Normal-E1,151531,120,507,21,120,1
1,47,K4/H4-E1,50206,26,507,21,120,1
1,47,K4/H4-E4,30063,26,507,21,120,1
1,47,K3/H3-E4,27292,26,507,21,120,1
1,47,K3/H3-E4-M1,21916,26,507,21,120,1
1,47,K3/H3-E4-M2,17815,26,507,21,120,1
1,48,Normal-E1,196374,157,507,25,157,1
1,48,K4/H4-E1,68678,36,507,25,157,1
1,48,K4/H4-E4,41437,36,507,25,157,1
1,48,K3/H3-E4,34931,37,507,25,157,1
1,48,K3/H3-E4-M1,28668,37,507,25,157,1
1,48,K3/H3-E4-M2,22515,37,507,25,157,1
1,49,Normal-E1,184541,148,507,23,148,1
1,49,K4/H4-E1,67198,40,507,23,148,1
1,49,K4/H4-E4,36093,40,507,23,148,1
1,49,K3/H3-E4,34069,40,507,23,148,1
1,49,K3/H3-E4-M1,28203,40,507,23,148,1
1,49,K3/H3-E4-M2,22199,40,507,23,148,1
1,50,Normal-E1,318088,275,507,26,275,1
1,50,K4/H4-E1,91999,63,507,26,275,1
1,50,K4/H4-E4,45348,63,507,26,275,1
1,50,K3/H3-E4,41800,66,507,26,275,1
1,50,K3/H3-E4-M1,35144,66,507,26,275,1
1,50,K3/H3-E4-M2,29990,66,507,26,275,1
1,51,Normal-E1,154680,122,507,22,122,1
1,51,K4/H4-E1,48875,23,507,22,122,1
1,51,K4/H4-E4,31106,23,507,22,122,1
1,51,K3/H3-E4,27076,23,507,22,122,1
1,51,K3/H3-E4-M1,21465,23,507,22,122,1
1,51,K3/H3-E4-M2,17491,23,507,22,122,1
1,52,Normal-E1,299876,256,507,26,256,1
1,52,K4/H4-E1,120278,85,507,26,256,1
1,52,K4/H4-E4,56436,85,507,26,256,1
1,52,K3/H3-E4,49446,89,507,26,256,1
1,52,K3/H3-E4-M1,42790,89,507,26,256,1
1,52,K3/H3-E4-M2,36278,89,507,26,256,1
1,53,Normal-E1,204691,167,507,24,167,1
1,53,K4/H4-E1,71132,43,507,24,167,1
1,53,K4/H4-E4,38642,43,507,24,167,1
1,53,K3/H3-E4,35142,43,507,24,167,1
1,53,K3/H3-E4-M1,28998,43,507,24,167,1
1,53,K3/H3-E4-M2,23508,43,507,24,167,1
1,54,Normal-E1,326209,283,507,25,283,1
1,54,K4/H4-E1,99274,69,507,25,283,1
1,54,K4/H4-E4,45897,69,507,25,283,1
1,54,K3/H3-E4,43618,71,507,25,283,1
1,54,K3/H3-E4-M1,37233,71,507,25,283,1
1,54,K3/H3-E4-M2,31227,71,507,25,283,1
1,55,Normal-E1,311994,269,507,26,269,1
1,55,K4/H4-E1,114089,83,507,26,269,1
1,55,K4/H4-E4,49960,83,507,26,269,1
1,55,K3/H3-E4,46530,83,507,26,269,1
1,55,K3/H3-E4-M1,39940,83,507,26,269,1
1,55,K3/H3-E4-M2,34708,83,507,26,269,1
1,56,Normal-E1,177165,142,507,23,142,1
1,56,K4/H4-E1,80999,54,507,23,142,1
1,56,K4/H4-E4,40015,54,507,23,142,1
1,56,K3/H3-E4,36866,55,507,23,142,1
1,56,K3/H3-E4-M1,30978,55,507,23,142,1
1,56,K3/H3-E4-M2,26013,55,507,23,142,1
1,57,Normal-E1,280527,241,507,24,241,1
1,57,K4/H4-E1,80449,53,507,24,241,1
1,57,K4/H4-E4,39360,53,507,24,241,1
1,57,K3/H3-E4,40642,67,507,24,241,1
1,57,K3/H3-E4-M1,34498,67,507,24,241,1
1,57,K3/H3-E4-M2,29551,67,507,24,241,1
1,58,Normal-E1,419071,369,507,28,369,1
1,58,K4/H4-E1,172371,134,507,28,369,1
1,58,K4/H4-E4,69748,134,507,28,369,1
1,58,K3/H3-E4,62815,134,507,28,369,1
1,58,K3/H3-E4-M1,55660,134,507,28,369,1
1,58,K3/H3-E4-M2,49423,134,507,28,369,1
1,59,Normal-E1,178645,141,507,24,141,1
1,59,K4/H4-E1,55359,28,507,24,141,1
1,59,K4/H4-E4,33470,28,507,24,141,1
1,59,K3/H3-E4,33169,33,507,24,141,1
1,59,K3/H3-E4-M1,27025,33,507,24,141,1
1,59,K3/H3-E4-M2,20906,33,507,24,141,1
1,60,Normal-E1,167217,135,507,21,135,1
1,60,K4/H4-E1,57466,31,507,21,135,1
1,60,K4/H4-E4,33513,31,507,21,135,1
1,60,K3/H3-E4,29343,33,507,21,135,1
1,60,K3/H3-E4-M1,24149,33,507,21,135,1
1,60,K3/H3-E4-M2,20069,33,507,21,135,1
1,61,Normal-E1,353876,306,507,27,306,1
1,61,K4/H4-E1,96830,63,507,27,306,1
1,61,K4/H4-E4,48061,63,507,27,306,1
1,61,K3/H3-E4,53404,97,507,27,306,1
1,61,K3/H3-E4-M1,46538,97,507,27,306,1
1,61,K3/H3-E4-M2,39420,97,507,27,306,1
1,62,Normal-E1,233986,196,507,24,196,1
1,62,K4/H4-E1,71570,44,507,24,196,1
1,62,K4/H4-E4,37500,44,507,24,196,1
1,62,K3/H3-E4,34484,44,507,24,196,1
1,62,K3/H3-E4-M1,28507,44,507,24,196,1
1,62,K3/H3-E4-M2,23580,44,507,24,196,1
1,63,Normal-E1,95281,67,507,19,67,1
1,63,K4/H4-E1,34964,13,507,19,67,1
1,63,K4/H4-E4,24595,13,507,19,67,1
1,63,K3/H3-E4,23619,14,507,19,67,1
1,63,K3/H3-E4-M1,18755,14,507,19,67,1
1,63,K3/H3-E4-M2,13721,14,507,19,67,1
1,64,Normal-E1,162081,129,507,23,129,1
1,64,K4/H4-E1,61126,35,507,23,129,1
1,64,K4/H4-E4,35189,35,507,23,129,1
1,64,K3/H3-E4,30705,37,507,23,129,1
1,64,K3/H3-E4-M1,25031,37,507,23,129,1
1,64,K3/H3-E4-M2,21751,37,507,23,129,1
1,65,Normal-E1,320708,277,507,26,277,1
1,65,K4/H4-E1,122201,92,507,26,277,1
1,65,K4/H4-E4,51313,92,507,26,277,1
1,65,K3/H3-E4,49901,94,507,26,277,1
1,65,K3/H3-E4-M1,43245,94,507,26,277,1
1,65,K3/H3-E4-M2,37412,94,507,26,277,1
1,66,Normal-E1,65700,45,507,15,45,1
1,66,K4/H4-E1,29821,12,507,15,45,1
1,66,K4/H4-E4,20988,12,507,15,45,1
1,66,K3/H3-E4,18272,12,507,15,45,1
1,66,K3/H3-E4-M1,14516,12,507,15,45,1
1,66,K3/H3-E4-M2,12143,12,507,15,45,1
1,67,Normal-E1,137899,105,507,22,105,1
1,67,K4/H4-E1,71694,45,507,22,105,1
1,67,K4/H4-E4,37132,45,507,22,105,1
1,67,K3/H3-E4,34743,48,507,22,105,1
1,67,K3/H3-E4-M1,29111,48,507,22,105,1
1,67,K3/H3-E4-M2,24170,48,507,22,105,1
1,68,Normal-E1,281865,239,507,26,239,1
1,68,K4/H4-E1,110343,79,507,26,239,1
1,68,K4/H4-E4,49286,79,507,26,239,1
1,68,K3/H3-E4,46466,80,507,26,239,1
1,68,K3/H3-E4-M1,39810,80,507,26,239,1
1,68,K3/H3-E4-M2,33957,80,507,26,239,1
1,69,Normal-E1,195056,160,507,23,160,1
1,69,K4/H4-E1,81389,55,507,23,160,1
1,69,K4/H4-E4,38764,55,507,23,160,1
1,69,K3/H3-E4,36428,56,507,23,160,1
1,69,K3/H3-E4-M1,30540,56,507,23,160,1
1,69,K3/H3-E4-M2,26376,56,507,23,160,1
1,70,Normal-E1,284728,243,507,26,243,1
1,70,K4/H4-E1,122196,88,507,26,243,1
1,70,K4/H4-E4,54227,88,507,26,243,1
1,70,K3/H3-E4,50113,98,507,26,243,1
1,70,K3/H3-E4-M1,43644,98,507,26,243,1
1,70,K3/H3-E4-M2,39295,98,507,26,243,1
1,71,Normal-E1,276145,235,507,25,235,1
1,71,K4/H4-E1,66986,38,507,25,235,1
1,71,K4/H4-E4,37417,38,507,25,235,1
1,71,K3/H3-E4,35052,41,507,25,235,1
1,71,K3/H3-E4-M1,28652,41,507,25,235,1
1,71,K3/H3-E4-M2,23162,41,507,25,235,1
1,72,Normal-E1,30733,15,507,12,15,1
1,72,K4/H4-E1,18259,4,507,12,15,1
1,72,K4/H4-E4,14802,4,507,12,15,1
1,72,K3/H3-E4,13691,4,507,12,15,1
1,72,K3/H3-E4-M1,10619,4,507,12,15,1
1,72,K3/H3-E4-M2,8678,4,507,12,15,1
1,73,Normal-E1,76056,49,507,19,49,1
1,73,K4/H4-E1,34383,12,507,19,49,1
1,73,K4/H4-E4,24782,12,507,19,49,1
1,73,K3/H3-E4,22723,13,507,19,49,1
1,73,K3/H3-E4-M1,17859,13,507,19,49,1
1,73,K3/H3-E4-M2,13363,13,507,19,49,1
1,74,Normal-E1,248845,212,507,23,212,1
1,74,K4/H4-E1,67256,40,507,23,212,1
1,74,K4/H4-E4,36945,40,507,23,212,1
1,74,K3/H3-E4,32269,40,507,23,212,1
1,74,K3/H3-E4-M1,26381,40,507,23,212,1
1,74,K3/H3-E4-M2,22197,40,507,23,212,1
1,75,Normal-E1,63284,42,507,15,42,1
1,75,K4/H4-E1,29098,11,507,15,42,1
1,75,K4/H4-E4,20770,11,507,15,42,1
1,75,K3/H3-E4,18689,11,507,15,42,1
1,75,K3/H3-E4-M1,14849,11,507,15,42,1
1,75,K3/H3-E4-M2,11547,11,507,15,42,1
1,76,Normal-E1,87842,64,507,17,64,1
1,76,K4/H4-E1,37515,18,507,17,64,1
1,76,K4/H4-E4,23306,18,507,17,64,1
1,76,K3/H3-E4,21627,19,507,17,64,1
1,76,K3/H3-E4-M1,17275,19,507,17,64,1
1,76,K3/H3-E4-M2,14347,19,507,17,64,1
1,77,Normal-E1,144915,113,507,22,113,1
1,77,K4/H4-E1,50187,26,507,22,113,1
1,77,K4/H4-E4,29892,26,507,22,113,1
1,77,K3/H3-E4,28985,32,507,22,113,1
1,77,K3/H3-E4-M1,23353,32,507,22,113,1
1,77,K3/H3-E4-M2,19469,32,507,22,113,1
1,78,Normal-E1,485040,430,507,31,430,1
1,78,K4/H4-E1,129421,90,507,31,430,1
1,78,K4/H4-E4,59146,90,507,31,430,1
1,78,K3/H3-E4,60146,118,507,31,430,1
1,78,K3/H3-E4-M1,52219,118,507,31,430,1
1,78,K3/H3-E4-M2,46396,118,507,31,430,1
1,79,Normal-E1,174753,138,507,24,138,1
1,79,K4/H4-E1,80448,51,507,24,138,1
1,79,K4/H4-E4,41032,51,507,24,138,1
1,79,K3/H3-E4,37954,54,507,24,138,1
1,79,K3/H3-E4-M1,31810,54,507,24,138,1
1,79,K3/H3-E4-M2,26346,54,507,24,138,1
1,80,Normal-E1,428963,381,507,27,381,1
1,80,K4/H4-E1,148520,116,507,27,381,1
1,80,K4/H4-E4,59047,116,507,27,381,1
1,80,K3/H3-E4,56053,116,507,27,381,1
1,80,K3/H3-E4-M1,49244,116,507,27,381,1
1,80,K3/H3-E4-M2,43936,116,507,27,381,1
1,81,Normal-E1,345801,300,507,28,300,1
1,81,K4/H4-E1,109608,76,507,28,300,1
1,81,K4/H4-E4,51564,76,507,28,300,1
1,81,K3/H3-E4,50363,95,507,28,300,1
1,81,K3/H3-E4-M1,43267,95,507,28,300,1
1,81,K3/H3-E4-M2,38771,95,507,28,300,1
1,82,Normal-E1,383072,336,507,27,336,1
1,82,K4/H4-E1,144752,112,507,27,336,1
1,82,K4/H4-E4,58848,112,507,27,336,1
1,82,K3/H3-E4,56115,114,507,27,336,1
1,82,K3/H3-E4-M1,49287,114,507,27,336,1
1,82,K3/H3-E4-M2,43458,114,507,27,336,1
1,83,Normal-E1,140860,110,507,20,110,1
1,83,K4/H4-E1,55686,31,507,20,110,1
1,83,K4/H4-E4,31493,31,507,20,110,1
1,83,K3/H3-E4,29319,33,507,20,110,1
1,83,K3/H3-E4-M1,24199,33,507,20,110,1
1,83,K3/H3-E4-M2,19381,33,507,20,110,1
1,84,Normal-E1,321133,277,507,26,277,1
1,84,K4/H4-E1,117354,86,507,26,277,1
1,84,K4/H4-E4,51989,86,507,26,277,1
1,84,K3/H3-E4,49539,91,507,26,277,1
1,84,K3/H3-E4-M1,42883,91,507,26,277,1
1,84,K3/H3-E4-M2,36921,91,507,26,277,1
1,85,Normal-E1,179160,145,507,22,145,1
1,85,K4/H4-E1,64236,38,507,22,145,1
1,85,K4/H4-E4,35802,38,507,22,145,1
1,85,K3/H3-E4,33233,43,507,22,145,1
1,85,K3/H3-E4-M1,27601,43,507,22,145,1
1,85,K3/H3-E4-M2,22686,43,507,22,145,1
1,86,Normal-E1,238823,200,507,24,200,1
1,86,K4/H4-E1,93597,64,507,24,200,1
1,86,K4/H4-E4,44156,64,507,24,200,1
1,86,K3/H3-E4,40628,64,507,24,200,1
1,86,K3/H3-E4-M1,34674,64,507,24,200,1
1,86,K3/H3-E4-M2,29381,64,507,24,200,1
1,87,Normal-E1,227704,191,507,23,191,1
1,87,K4/H4-E1,77761,52,507,23,191,1
1,87,K4/H4-E4,37898,52,507,23,191,1
1,87,K3/H3-E4,36260,53,507,23,191,1
1,87,K3/H3-E4-M1,30372,53,507,23,191,1
1,87,K3/H3-E4-M2,25497,53,507,23,191,1
1,88,Normal-E1,236807,199,507,24,199,1
1,88,K4/H4-E1,93886,65,507,24,199,1
1,88,K4/H4-E4,43398,65,507,24,199,1
1,88,K3/H3-E4,40436,67,507,24,199,1
1,88,K3/H3-E4-M1,34432,67,507,24,199,1
1,88,K3/H3-E4-M2,29745,67,507,24,199,1
1,89,Normal-E1,63997,41,507,16,41,1
1,89,K4/H4-E1,26768,8,507,16,41,1
1,89,K4/H4-E4,20239,8,507,16,41,1
1,89,K3/H3-E4,19130,8,507,16,41,1
1,89,K3/H3-E4-M1,15034,8,507,16,41,1
1,89,K3/H3-E4-M2,11145,8,507,16,41,1
1,90,Normal-E1,212148,174,507,24,174,1
1,90,K4/H4-E1,97311,69,507,24,174,1
1,90,K4/H4-E4,43934,69,507,24,174,1
1,90,K3/H3-E4,42522,71,507,24,174,1
1,90,K3/H3-E4-M1,36378,71,507,24,174,1
1,90,K3/H3-E4-M2,30933,71,507,24,174,1
1,91,Normal-E1,77466,53,507,17,53,1
1,91,K4/H4-E1,38265,18,507,17,53,1
1,91,K4/H4-E4,24531,18,507,17,53,1
1,91,K3/H3-E4,22344,18,507,17,53,1
1,91,K3/H3-E4-M1,17992,18,507,17,53,1
1,91,K3/H3-E4-M2,14247,18,507,17,53,1
1,92,Normal-E1,115236,86,507,20,86,1
1,92,K4/H4-E1,45920,23,507,20,86,1
1,92,K4/H4-E4,27871,23,507,20,86,1
1,92,K3/H3-E4,26360,25,507,20,86,1
1,92,K3/H3-E4-M1,21294,25,507,20,86,1
1,92,K3/H3-E4-M2,17004,25,507,20,86,1
1,93,Normal-E1,229101,192,507,23,192,1
1,93,K4/H4-E1,77174,50,507,23,192,1
1,93,K4/H4-E4,38752,50,507,23,192,1
1,93,K3/H3-E4,36222,51,507,23,192,1
1,93,K3/H3-E4-M1,30334,51,507,23,192,1
1,93,K3/H3-E4-M2,25308,51,507,23,192,1
1,94,Normal-E1,87078,62,507,18,62,1
1,94,K4/H4-E1,43395,23,507,18,62,1
1,94,K4/H4-E4,25346,23,507,18,62,1
1,94,K3/H3-E4,24544,27,507,18,62,1
1,94,K3/H3-E4-M1,19936,27,507,18,62,1
1,94,K3/H3-E4-M2,16921,27,507,18,62,1
1,95,Normal-E1,104194,75,507,20,75,1
1,95,K4/H4-E1,43632,18,507,20,75,1
1,95,K4/H4-E4,29423,18,507,20,75,1
1,95,K3/H3-E4,26903,25,507,20,75,1
1,95,K3/H3-E4-M1,22039,25,507,20,75,1
1,95,K3/H3-E4-M2,17665,25,507,20,75,1
1,96,Normal-E1,220000,183,507,24,183,1
1,96,K4/H4-E1,94268,64,507,24,183,1
1,96,K4/H4-E4,45189,64,507,24,183,1
1,96,K3/H3-E4,40427,68,507,24,183,1
1,96,K3/H3-E4-M1,34402,68,507,24,183,1
1,96,K3/H3-E4-M2,30470,68,507,24,183,1
1,97,Normal-E1,133076,102,507,21,102,1
1,97,K4/H4-E1,52237,26,507,21,102,1
1,97,K4/H4-E4,31499,26,507,21,102,1
1,97,K3/H3-E4,28095,28,507,21,102,1
1,97,K3/H3-E4-M1,22719,28,507,21,102,1
1,97,K3/H3-E4-M2,18616,28,507,21,102,1
1,98,Normal-E1,131437,102,507,20,102,1
1,98,K4/H4-E1,43140,20,507,20,102,1
1,98,K4/H4-E4,27882,20,507,20,102,1
1,98,K3/H3-E4,24707,20,507,20,102,1
1,98,K3/H3-E4-M1,19587,20,507,20,102,1
1,98,K3/H3-E4-M2,15763,20,507,20,102,1
1,99,Normal-E1,306679,263,507,27,263,1
1,99,K4/H4-E1,173707,138,507,27,263,1
1,99,K4/H4-E4,67338,138,507,27,263,1
1,99,K3/H3-E4,61491,138,507,27,263,1
1,99,K3/H3-E4-M1,54711,138,507,27,263,1
1,99,K3/H3-E4-M2,49776,138,507,27,263,1
4,0,Normal-E1,151009,119,8685,21,119,1
4,0,K4/H4-E1,62890,38,8685,21,119,1
4,0,K4/H4-E4,33321,38,8685,21,119,1
4,0,K3/H3-E4,30981,38,8685,21,119,1
4,0,K3/H3-E4-M1,25605,38,8685,21,119,1
4,0,K3/H3-E4-M2,20935,38,8685,21,119,1
4,1,Normal-E1,166356,132,8685,23,132,1
4,1,K4/H4-E1,68879,43,8685,23,132,1
4,1,K4/H4-E4,35470,43,8685,23,132,1
4,1,K3/H3-E4,33208,43,8685,23,132,1
4,1,K3/H3-E4-M1,27320,43,8685,23,132,1
4,1,K3/H3-E4-M2,23031,43,8685,23,132,1
4,2,Normal-E1,116867,89,2852,19,89,1
4,2,K4/H4-E1,47194,24,2852,19,89,1
4,2,K4/H4-E4,28377,24,2852,19,89,1
4,2,K3/H3-E4,25137,24,2852,19,89,1
4,2,K3/H3-E4-M1,20273,24,2852,19,89,1
4,2,K3/H3-E4-M2,16461,24,2852,19,89,1
4,3,Normal-E1,131509,101,2852,20,101,1
4,3,K4/H4-E1,52538,28,2852,20,101,1
4,3,K4/H4-E4,30649,28,2852,20,101,1
4,3,K3/H3-E4,28200,29,2852,20,101,1
4,3,K3/H3-E4-M1,23080,29,2852,20,101,1
4,3,K3/H3-E4-M2,18375,29,2852,20,101,1
4,4,Normal-E1,69664,47,4724,16,47,1
4,4,K4/H4-E1,30555,11,4724,16,47,1
4,4,K4/H4-E4,21722,11,4724,16,47,1
4,4,K3/H3-E4,19397,11,4724,16,47,1
4,4,K3/H3-E4-M1,15301,11,4724,16,47,1
4,4,K3/H3-E4-M2,11977,11,4724,16,47,1
4,5,Normal-E1,100652,72,2852,20,72,1
4,5,K4/H4-E1,40216,18,2852,20,72,1
4,5,K4/H4-E4,27704,18,2852,20,72,1
4,5,K3/H3-E4,24384,18,2852,20,72,1
4,5,K3/H3-E4-M1,19264,18,2852,20,72,1
4,5,K3/H3-E4-M2,15285,18,2852,20,72,1
4,6,Normal-E1,26215,14,507,9,14,1
4,6,K4/H4-E1,16302,4,507,9,14,1
4,6,K4/H4-E4,12845,4,507,9,14,1
4,6,K3/H3-E4,11736,4,507,9,14,1
4,6,K3/H3-E4-M1,9432,4,507,9,14,1
4,6,K3/H3-E4-M2,7643,4,507,9,14,1
4,7,Normal-E1,143012,112,507,21,112,1
4,7,K4/H4-E1,60197,36,507,21,112,1
4,7,K4/H4-E4,32164,36,507,21,112,1
4,7,K3/H3-E4,29819,36,507,21,112,1
4,7,K3/H3-E4-M1,24460,36,507,21,112,1
4,7,K3/H3-E4-M2,20553,36,507,21,112,1
4,8,Normal-E1,61652,40,2852,15,40,1
4,8,K4/H4-E1,26057,8,2852,15,40,1
4,8,K4/H4-E4,19528,8,2852,15,40,1
4,8,K3/H3-E4,18324,8,2852,15,40,1
4,8,K3/H3-E4-M1,14484,8,2852,15,40,1
4,8,K3/H3-E4-M2,10924,8,2852,15,40,1
4,9,Normal-E1,128492,94,2852,23,94,1
4,9,K4/H4-E1,56024,29,2852,23,94,1
4,9,K4/H4-E4,32982,29,2852,23,94,1
4,9,K3/H3-E4,33929,40,2852,23,94,1
4,9,K3/H3-E4-M1,28194,40,2852,23,94,1
4,9,K3/H3-E4-M2,22418,40,2852,23,94,1
4,10,Normal-E1,91832,65,2852,19,65,1
4,10,K4/H4-E1,40889,19,2852,19,65,1
4,10,K4/H4-E4,25912,19,2852,19,65,1
4,10,K3/H3-E4,23962,20,2852,19,65,1
4,10,K3/H3-E4-M1,19145,20,2852,19,65,1
4,10,K3/H3-E4-M2,15479,20,2852,19,65,1
4,11,Normal-E1,61835,41,4724,15,41,1
4,11,K4/H4-E1,28437,10,4724,15,41,1
4,11,K4/H4-E4,20372,10,4724,15,41,1
4,11,K3/H3-E4,18006,10,4724,15,41,1
4,11,K3/H3-E4-M1,14346,10,4724,15,41,1
4,11,K3/H3-E4-M2,11477,10,4724,15,41,1
4,12,Normal-E1,66710,42,507,18,42,1
4,12,K4/H4-E1,30345,10,507,18,42,1
4,12,K4/H4-E4,22371,10,507,18,42,1
4,12,K3/H3-E4,20853,12,507,18,42,1
4,12,K3/H3-E4-M1,16442,12,507,18,42,1
4,12,K3/H3-E4-M2,13049,12,507,18,42,1
4,13,Normal-E1,163142,128,2852,22,128,1
4,13,K4/H4-E1,68796,41,2852,22,128,1
4,13,K4/H4-E4,36923,41,2852,22,128,1
4,13,K3/H3-E4,35029,44,2852,22,128,1
4,13,K3/H3-E4-M1,29397,44,2852,22,128,1
4,13,K3/H3-E4-M2,23077,44,2852,22,128,1
4,14,Normal-E1,84580,59,4724,17,59,1
4,14,K4/H4-E1,35882,14,4724,17,59,1
4,14,K4/H4-E4,24745,14,4724,17,59,1
4,14,K3/H3-E4,22199,14,4724,17,59,1
4,14,K3/H3-E4-M1,18001,14,4724,17,59,1
4,14,K3/H3-E4-M2,13243,14,4724,17,59,1
4,15,Normal-E1,116066,85,8685,21,85,1
4,15,K4/H4-E1,61419,35,8685,21,85,1
4,15,K4/H4-E4,34154,35,8685,21,85,1
4,15,K3/H3-E4,31688,39,8685,21,85,1
4,15,K3/H3-E4-M1,26312,39,8685,21,85,1
4,15,K3/H3-E4-M2,21703,39,8685,21,85,1
4,16,Normal-E1,148285,116,2852,21,116,1
4,16,K4/H4-E1,45588,21,2852,21,116,1
4,16,K4/H4-E4,29211,21,2852,21,116,1
4,16,K3/H3-E4,26854,21,2852,21,116,1
4,16,K3/H3-E4-M1,21478,21,2852,21,116,1
4,16,K3/H3-E4-M2,16342,21,2852,21,116,1
4,17,Normal-E1,156705,121,507,24,121,1
4,17,K4/H4-E1,61196,33,507,24,121,1
4,17,K4/H4-E4,36066,33,507,24,121,1
4,17,K3/H3-E4,34552,43,507,24,121,1
4,17,K3/H3-E4-M1,28408,43,507,24,121,1
4,17,K3/H3-E4-M2,23698,43,507,24,121,1
4,18,Normal-E1,149353,116,8685,22,116,1
4,18,K4/H4-E1,50339,25,8685,22,116,1
4,18,K4/H4-E4,30754,25,8685,22,116,1
4,18,K3/H3-E4,29268,28,8685,22,116,1
4,18,K3/H3-E4-M1,23684,28,8685,22,116,1
4,18,K3/H3-E4-M2,18608,28,8685,22,116,1
4,19,Normal-E1,112768,82,507,21,82,1
4,19,K4/H4-E1,54532,28,507,21,82,1
4,19,K4/H4-E4,32765,28,507,21,82,1
4,19,K3/H3-E4,29637,33,507,21,82,1
4,19,K3/H3-E4-M1,24261,33,507,21,82,1
4,19,K3/H3-E4-M2,19389,33,507,21,82,1
4,20,Normal-E1,146131,112,507,22,112,1
4,20,K4/H4-E1,54670,29,507,22,112,1
4,20,K4/H4-E4,32013,29,507,22,112,1
4,20,K3/H3-E4,32827,38,507,22,112,1
4,20,K3/H3-E4-M1,27195,38,507,22,112,1
4,20,K3/H3-E4-M2,21297,38,507,22,112,1
4,21,Normal-E1,16450,4,2852,9,4,1
4,21,K4/H4-E1,16866,4,2852,9,4,1
4,21,K4/H4-E4,13409,4,2852,9,4,1
4,21,K3/H3-E4,12300,4,2852,9,4,1
4,21,K3/H3-E4-M1,9996,4,2852,9,4,1
4,21,K3/H3-E4-M2,7680,4,2852,9,4,1
4,22,Normal-E1,57603,37,507,15,37,1
4,22,K4/H4-E1,26196,9,507,15,37,1
4,22,K4/H4-E4,18899,9,507,15,37,1
4,22,K3/H3-E4,17642,9,507,15,37,1
4,22,K3/H3-E4-M1,13802,9,507,15,37,1
4,22,K3/H3-E4-M2,11144,9,507,15,37,1
4,23,Normal-E1,39242,21,8685,12,21,1
4,23,K4/H4-E1,23673,7,8685,12,21,1
4,23,K4/H4-E4,17912,7,8685,12,21,1
4,23,K3/H3-E4,16803,7,8685,12,21,1
4,23,K3/H3-E4-M1,13731,7,8685,12,21,1
4,23,K3/H3-E4-M2,9589,7,8685,12,21,1
4,24,Normal-E1,25932,14,8685,9,14,1
4,24,K4/H4-E1,16017,4,8685,9,14,1
4,24,K4/H4-E4,12560,4,8685,9,14,1
4,24,K3/H3-E4,11451,4,8685,9,14,1
4,24,K3/H3-E4-M1,9147,4,8685,9,14,1
4,24,K3/H3-E4-M2,7699,4,8685,9,14,1
4,25,Normal-E1,104832,77,4724,19,77,1
4,25,K4/H4-E1,44259,22,4724,19,77,1
4,25,K4/H4-E4,26978,22,4724,19,77,1
4,25,K3/H3-E4,24965,22,4724,19,77,1
4,25,K3/H3-E4-M1,20101,22,4724,19,77,1
4,25,K3/H3-E4-M2,16070,22,4724,19,77,1
4,26,Normal-E1,112722,83,2852,21,83,1
4,26,K4/H4-E1,45036,22,2852,21,83,1
4,26,K4/H4-E4,28877,22,2852,21,83,1
4,26,K3/H3-E4,25639,22,2852,21,83,1
4,26,K3/H3-E4-M1,20263,22,2852,21,83,1
4,26,K3/H3-E4-M2,16502,22,2852,21,83,1
4,27,Normal-E1,105186,77,507,19,77,1
4,27,K4/H4-E1,42840,21,507,19,77,1
4,27,K4/H4-E4,26327,21,507,19,77,1
4,27,K3/H3-E4,25316,22,507,19,77,1
4,27,K3/H3-E4-M1,20455,22,507,19,77,1
4,27,K3/H3-E4-M2,16102,22,507,19,77,1
4,28,Normal-E1,177074,142,2852,23,142,1
4,28,K4/H4-E1,55911,30,2852,23,142,1
4,28,K4/H4-E4,32538,30,2852,23,142,1
4,28,K3/H3-E4,30817,32,2852,23,142,1
4,28,K3/H3-E4-M1,24929,32,2852,23,142,1
4,28,K3/H3-E4-M2,19997,32,2852,23,142,1
4,29,Normal-E1,87746,62,2852,18,62,1
4,29,K4/H4-E1,39982,19,2852,18,62,1
4,29,K4/H4-E4,25005,19,2852,18,62,1
4,29,K3/H3-E4,23616,21,2852,18,62,1
4,29,K3/H3-E4-M1,19008,21,2852,18,62,1
4,29,K3/H3-E4-M2,15414,21,2852,18,62,1
4,30,Normal-E1,108248,80,2852,20,80,1
4,30,K4/H4-E1,49512,25,2852,20,80,1
4,30,K4/H4-E4,29927,25,2852,20,80,1
4,30,K3/H3-E4,25880,26,2852,20,80,1
4,30,K3/H3-E4-M1,21016,26,2852,20,80,1
4,30,K3/H3-E4-M2,17658,26,2852,20,80,1
4,31,Normal-E1,28295,14,4724,10,14,1
4,31,K4/H4-E1,17870,4,4724,10,14,1
4,31,K4/H4-E4,14413,4,4724,10,14,1
4,31,K3/H3-E4,13302,4,4724,10,14,1
4,31,K3/H3-E4-M1,10742,4,4724,10,14,1
4,31,K3/H3-E4-M2,8024,4,4724,10,14,1
4,32,Normal-E1,99604,70,4724,21,70,1
4,32,K4/H4-E1,47443,25,4724,21,70,1
4,32,K4/H4-E4,27858,25,4724,21,70,1
4,32,K3/H3-E4,27014,26,4724,21,70,1
4,32,K3/H3-E4-M1,21638,26,4724,21,70,1
4,32,K3/H3-E4-M2,17629,26,4724,21,70,1
4,33,Normal-E1,126807,98,8685,20,98,1
4,33,K4/H4-E1,52342,28,8685,20,98,1
4,33,K4/H4-E4,31221,28,8685,20,98,1
4,33,K3/H3-E4,27127,31,8685,20,98,1
4,33,K3/H3-E4-M1,22038,31,8685,20,98,1
4,33,K3/H3-E4-M2,18588,31,8685,20,98,1
4,34,Normal-E1,32248,17,8685,11,17,1
4,34,K4/H4-E1,18218,4,8685,11,17,1
4,34,K4/H4-E4,14761,4,8685,11,17,1
4,34,K3/H3-E4,13652,4,8685,11,17,1
4,34,K3/H3-E4-M1,10836,4,8685,11,17,1
4,34,K3/H3-E4-M2,8305,4,8685,11,17,1
4,35,Normal-E1,100158,73,8685,18,73,1
4,35,K4/H4-E1,39756,17,8685,18,73,1
4,35,K4/H4-E4,26315,17,8685,18,73,1
4,35,K3/H3-E4,23603,17,8685,18,73,1
4,35,K3/H3-E4-M1,18995,17,8685,18,73,1
4,35,K3/H3-E4-M2,14504,17,8685,18,73,1
4,36,Normal-E1,71816,47,4724,17,47,1
4,36,K4/H4-E1,37517,17,4724,17,47,1
4,36,K4/H4-E4,24076,17,4724,17,47,1
4,36,K3/H3-E4,22895,18,4724,17,47,1
4,36,K3/H3-E4-M1,18543,18,4724,17,47,1
4,36,K3/H3-E4-M2,14316,18,4724,17,47,1
4,37,Normal-E1,114094,85,507,20,85,1
4,37,K4/H4-E1,55385,31,507,20,85,1
4,37,K4/H4-E4,31740,31,507,20,85,1
4,37,K3/H3-E4,28237,32,507,20,85,1
4,37,K3/H3-E4-M1,23117,32,507,20,85,1
4,37,K3/H3-E4-M2,19292,32,507,20,85,1
4,38,Normal-E1,77426,54,8685,16,54,1
4,38,K4/H4-E1,33905,14,8685,16,54,1
4,38,K4/H4-E4,22993,14,8685,16,54,1
4,38,K3/H3-E4,20723,14,8685,16,54,1
4,38,K3/H3-E4-M1,16627,14,8685,16,54,1
4,38,K3/H3-E4-M2,12768,14,8685,16,54,1
4,39,Normal-E1,97588,71,4724,18,71,1
4,39,K4/H4-E1,44474,22,4724,18,71,1
4,39,K4/H4-E4,27193,22,4724,18,71,1
4,39,K3/H3-E4,24424,22,4724,18,71,1
4,39,K3/H3-E4-M1,19816,22,4724,18,71,1
4,39,K3/H3-E4-M2,15843,22,4724,18,71,1
4,40,Normal-E1,73261,48,507,18,48,1
4,40,K4/H4-E1,34339,13,507,18,48,1
4,40,K4/H4-E4,23970,13,507,18,48,1
4,40,K3/H3-E4,21471,13,507,18,48,1
4,40,K3/H3-E4-M1,16863,13,507,18,48,1
4,40,K3/H3-E4-M2,13359,13,507,18,48,1
4,41,Normal-E1,30274,14,2852,12,14,1
4,41,K4/H4-E1,22258,7,2852,12,14,1
4,41,K4/H4-E4,16497,7,2852,12,14,1
4,41,K3/H3-E4,15060,7,2852,12,14,1
4,41,K3/H3-E4-M1,11988,7,2852,12,14,1
4,41,K3/H3-E4-M2,9490,7,2852,12,14,1
4,42,Normal-E1,55205,34,2852,15,34,1
4,42,K4/H4-E1,30567,12,2852,15,34,1
4,42,K4/H4-E4,20966,12,2852,15,34,1
4,42,K3/H3-E4,19134,12,2852,15,34,1
4,42,K3/H3-E4-M1,15294,12,2852,15,34,1
4,42,K3/H3-E4-M2,11951,12,2852,15,34,1
4,43,Normal-E1,126770,98,4724,19,98,1
4,43,K4/H4-E1,43880,20,4724,19,98,1
4,43,K4/H4-E4,28135,20,4724,19,98,1
4,43,K3/H3-E4,24687,20,4724,19,98,1
4,43,K3/H3-E4-M1,19823,20,4724,19,98,1
4,43,K3/H3-E4-M2,15784,20,4724,19,98,1
4,44,Normal-E1,154199,123,2852,21,123,1
4,44,K4/H4-E1,54288,31,2852,21,123,1
4,44,K4/H4-E4,30095,31,2852,21,123,1
4,44,K3/H3-E4,28453,32,2852,21,123,1
4,44,K3/H3-E4-M1,23077,32,2852,21,123,1
4,44,K3/H3-E4-M2,19200,32,2852,21,123,1
4,45,Normal-E1,131157,102,2852,20,102,1
4,45,K4/H4-E1,55833,33,2852,20,102,1
4,45,K4/H4-E4,30104,33,2852,20,102,1
4,45,K3/H3-E4,27870,33,2852,20,102,1
4,45,K3/H3-E4-M1,22812,33,2852,20,102,1
4,45,K3/H3-E4-M2,19173,33,2852,20,102,1
4,46,Normal-E1,95073,68,507,18,68,1
4,46,K4/H4-E1,38833,17,507,18,68,1
4,46,K4/H4-E4,25392,17,507,18,68,1
4,46,K3/H3-E4,23952,18,507,18,68,1
4,46,K3/H3-E4-M1,19344,18,507,18,68,1
4,46,K3/H3-E4-M2,14557,18,507,18,68,1
4,47,Normal-E1,103559,76,8685,19,76,1
4,47,K4/H4-E1,48691,26,8685,19,76,1
4,47,K4/H4-E4,28549,26,8685,19,76,1
4,47,K3/H3-E4,25790,26,8685,19,76,1
4,47,K3/H3-E4-M1,20926,26,8685,19,76,1
4,47,K3/H3-E4-M2,17134,26,8685,19,76,1
4,48,Normal-E1,128295,95,2852,22,95,1
4,48,K4/H4-E1,62249,34,2852,22,95,1
4,48,K4/H4-E4,36555,34,2852,22,95,1
4,48,K3/H3-E4,31893,35,2852,22,95,1
4,48,K3/H3-E4-M1,26398,35,2852,22,95,1
4,48,K3/H3-E4-M2,20916,35,2852,22,95,1
4,49,Normal-E1,67755,44,507,16,44,1
4,49,K4/H4-E1,31603,12,507,16,44,1
4,49,K4/H4-E4,22002,12,507,16,44,1
4,49,K3/H3-E4,20846,12,507,16,44,1
4,49,K3/H3-E4-M1,16750,12,507,16,44,1
4,49,K3/H3-E4-M2,12164,12,507,16,44,1
4,50,Normal-E1,24515,9,8685,12,9,1
4,50,K4/H4-E1,16171,2,8685,12,9,1
4,50,K4/H4-E4,14250,2,8685,12,9,1
4,50,K3/H3-E4,13141,2,8685,12,9,1
4,50,K3/H3-E4-M1,10069,2,8685,12,9,1
4,50,K3/H3-E4-M2,8128,2,8685,12,9,1
4,51,Normal-E1,141673,111,4724,21,111,1
4,51,K4/H4-E1,48118,23,4724,21,111,1
4,51,K4/H4-E4,30367,23,4724,21,111,1
4,51,K3/H3-E4,26041,23,4724,21,111,1
4,51,K3/H3-E4-M1,20925,23,4724,21,111,1
4,51,K3/H3-E4-M2,17206,23,4724,21,111,1
4,52,Normal-E1,100546,73,2852,18,73,1
4,52,K4/H4-E1,43777,21,2852,18,73,1
4,52,K4/H4-E4,27264,21,2852,18,73,1
4,52,K3/H3-E4,25052,21,2852,18,73,1
4,52,K3/H3-E4-M1,20444,21,2852,18,73,1
4,52,K3/H3-E4-M2,15316,21,2852,18,73,1
4,53,Normal-E1,106623,77,4724,20,77,1
4,53,K4/H4-E1,50324,26,4724,20,77,1
4,53,K4/H4-E4,31102,26,4724,20,77,1
4,53,K3/H3-E4,27438,26,4724,20,77,1
4,53,K3/H3-E4-M1,22318,26,4724,20,77,1
4,53,K3/H3-E4-M2,17477,26,4724,20,77,1
4,54,Normal-E1,256725,217,2852,24,217,1
4,54,K4/H4-E1,93502,64,2852,24,217,1
4,54,K4/H4-E4,43965,64,2852,24,217,1
4,54,K3/H3-E4,41494,66,2852,24,217,1
4,54,K3/H3-E4-M1,35350,66,2852,24,217,1
4,54,K3/H3-E4-M2,29513,66,2852,24,217,1
4,55,Normal-E1,158393,124,507,23,124,1
4,55,K4/H4-E1,78176,52,507,23,124,1
4,55,K4/H4-E4,37855,52,507,23,124,1
4,55,K3/H3-E4,36022,52,507,23,124,1
4,55,K3/H3-E4-M1,30183,52,507,23,124,1
4,55,K3/H3-E4-M2,25462,52,507,23,124,1
4,56,Normal-E1,86342,59,8685,19,59,1
4,56,K4/H4-E1,41838,20,8685,19,59,1
4,56,K4/H4-E4,26093,20,8685,19,59,1
4,56,K3/H3-E4,24798,21,8685,19,59,1
4,56,K3/H3-E4-M1,19934,21,8685,19,59,1
4,56,K3/H3-E4-M2,15622,21,8685,19,59,1
4,57,Normal-E1,199817,166,4724,22,166,1
4,57,K4/H4-E1,64822,40,4724,22,166,1
4,57,K4/H4-E4,33717,40,4724,22,166,1
4,57,K3/H3-E4,31792,42,4724,22,166,1
4,57,K3/H3-E4-M1,26258,42,4724,22,166,1
4,57,K3/H3-E4-M2,22280,42,4724,22,166,1
4,58,Normal-E1,128972,97,507,21,97,1
4,58,K4/H4-E1,45839,21,507,21,97,1
4,58,K4/H4-E4,29326,21,507,21,97,1
4,58,K3/H3-E4,27294,21,507,21,97,1
4,58,K3/H3-E4-M1,21918,21,507,21,97,1
4,58,K3/H3-E4-M2,16585,21,507,21,97,1
4,59,Normal-E1,116351,86,2852,20,86,1
4,59,K4/H4-E1,43420,20,2852,20,86,1
4,59,K4/H4-E4,27675,20,2852,20,86,1
4,59,K3/H3-E4,27600,25,2852,20,86,1
4,59,K3/H3-E4-M1,22480,25,2852,20,86,1
4,59,K3/H3-E4-M2,17244,25,2852,20,86,1
4,60,Normal-E1,110614,84,507,18,84,1
4,60,K4/H4-E1,43426,21,507,18,84,1
4,60,K4/H4-E4,27101,21,507,18,84,1
4,60,K3/H3-E4,24294,23,507,18,84,1
4,60,K3/H3-E4-M1,19821,23,507,18,84,1
4,60,K3/H3-E4-M2,16211,23,507,18,84,1
4,61,Normal-E1,157900,123,507,22,123,1
4,61,K4/H4-E1,73686,46,507,22,123,1
4,61,K4/H4-E4,37973,46,507,22,123,1
4,61,K3/H3-E4,36015,48,507,22,123,1
4,61,K3/H3-E4-M1,30435,48,507,22,123,1
4,61,K3/H3-E4-M2,24352,48,507,22,123,1
4,62,Normal-E1,188962,153,2852,23,153,1
4,62,K4/H4-E1,60936,34,2852,23,153,1
4,62,K4/H4-E4,34439,34,2852,23,153,1
4,62,K3/H3-E4,31736,34,2852,23,153,1
4,62,K3/H3-E4-M1,26015,34,2852,23,153,1
4,62,K3/H3-E4-M2,20674,34,2852,23,153,1
4,63,Normal-E1,80530,54,2852,18,54,1
4,63,K4/H4-E1,30918,10,2852,18,54,1
4,63,K4/H4-E4,22853,10,2852,18,54,1
4,63,K3/H3-E4,22009,11,2852,18,54,1
4,63,K3/H3-E4-M1,17401,11,2852,18,54,1
4,63,K3/H3-E4-M2,12614,11,2852,18,54,1
4,64,Normal-E1,90315,64,507,19,64,1
4,64,K4/H4-E1,37010,15,507,19,64,1
4,64,K4/H4-E4,25371,15,507,19,64,1
4,64,K3/H3-E4,22416,16,507,19,64,1
4,64,K3/H3-E4-M1,17759,16,507,19,64,1
4,64,K3/H3-E4-M2,14657,16,507,19,64,1
4,65,Normal-E1,165662,131,8685,23,131,1
4,65,K4/H4-E1,88505,62,8685,23,131,1
4,65,K4/H4-E4,40645,62,8685,23,131,1
4,65,K3/H3-E4,39248,64,8685,23,131,1
4,65,K3/H3-E4-M1,33360,64,8685,23,131,1
4,65,K3/H3-E4-M2,28392,64,8685,23,131,1
4,66,Normal-E1,210239,172,4724,25,172,1
4,66,K4/H4-E1,86302,58,4724,25,172,1
4,66,K4/H4-E4,42909,58,4724,25,172,1
4,66,K3/H3-E4,40845,65,4724,25,172,1
4,66,K3/H3-E4-M1,34541,65,4724,25,172,1
4,66,K3/H3-E4-M2,29960,65,4724,25,172,1
4,67,Normal-E1,51953,30,8685,16,30,1
4,67,K4/H4-E1,26685,8,8685,16,30,1
4,67,K4/H4-E4,19771,8,8685,16,30,1
4,67,K3/H3-E4,18846,9,8685,16,30,1
4,67,K3/H3-E4-M1,14750,9,8685,16,30,1
4,67,K3/H3-E4-M2,11532,9,8685,16,30,1
4,68,Normal-E1,112032,81,2852,21,81,1
4,68,K4/H4-E1,54645,30,2852,21,81,1
4,68,K4/H4-E4,31220,30,2852,21,81,1
4,68,K3/H3-E4,29399,31,2852,21,81,1
4,68,K3/H3-E4-M1,24023,31,2852,21,81,1
4,68,K3/H3-E4-M2,19103,31,2852,21,81,1
4,69,Normal-E1,138392,106,8685,22,106,1
4,69,K4/H4-E1,51028,26,8685,22,106,1
4,69,K4/H4-E4,30675,26,8685,22,106,1
4,69,K3/H3-E4,28368,27,8685,22,106,1
4,69,K3/H3-E4-M1,22736,27,8685,22,106,1
4,69,K3/H3-E4-M2,18355,27,8685,22,106,1
4,70,Normal-E1,152938,119,2852,23,119,1
4,70,K4/H4-E1,59932,32,2852,23,119,1
4,70,K4/H4-E4,34971,32,2852,23,119,1
4,70,K3/H3-E4,33092,42,2852,23,119,1
4,70,K3/H3-E4-M1,27371,42,2852,23,119,1
4,70,K3/H3-E4-M2,23128,42,2852,23,119,1
4,71,Normal-E1,158054,124,2852,22,124,1
4,71,K4/H4-E1,63699,37,2852,22,124,1
4,71,K4/H4-E4,34898,37,2852,22,124,1
4,71,K3/H3-E4,32884,40,2852,22,124,1
4,71,K3/H3-E4-M1,27252,40,2852,22,124,1
4,71,K3/H3-E4-M2,21851,40,2852,22,124,1
4,72,Normal-E1,30733,15,507,12,15,1
4,72,K4/H4-E1,18259,4,507,12,15,1
4,72,K4/H4-E4,14802,4,507,12,15,1
4,72,K3/H3-E4,13691,4,507,12,15,1
4,72,K3/H3-E4-M1,10619,4,507,12,15,1
4,72,K3/H3-E4-M2,8678,4,507,12,15,1
4,73,Normal-E1,94950,66,2852,20,66,1
4,73,K4/H4-E1,40178,17,2852,20,66,1
4,73,K4/H4-E4,27561,17,2852,20,66,1
4,73,K3/H3-E4,24878,18,2852,20,66,1
4,73,K3/H3-E4-M1,19758,18,2852,20,66,1
4,73,K3/H3-E4-M2,15075,18,2852,20,66,1
4,74,Normal-E1,176868,145,507,21,145,1
4,74,K4/H4-E1,57755,33,507,21,145,1
4,74,K4/H4-E4,32840,33,507,21,145,1
4,74,K3/H3-E4,28662,33,507,21,145,1
4,74,K3/H3-E4-M1,23286,33,507,21,145,1
4,74,K3/H3-E4-M2,19477,33,507,21,145,1
4,75,Normal-E1,21708,9,2852,9,9,1
4,75,K4/H4-E1,16959,4,2852,9,9,1
4,75,K4/H4-E4,13502,4,2852,9,9,1
4,75,K3/H3-E4,12391,4,2852,9,9,1
4,75,K3/H3-E4-M1,10087,4,2852,9,9,1
4,75,K3/H3-E4-M2,7647,4,2852,9,9,1
4,76,Normal-E1,69238,47,2852,16,47,1
4,76,K4/H4-E1,30773,12,2852,16,47,1
4,76,K4/H4-E4,21172,12,2852,16,47,1
4,76,K3/H3-E4,19501,13,2852,16,47,1
4,76,K3/H3-E4-M1,15405,13,2852,16,47,1
4,76,K3/H3-E4-M2,12445,13,2852,16,47,1
4,77,Normal-E1,92007,67,507,18,67,1
4,77,K4/H4-E1,41555,22,507,18,67,1
4,77,K4/H4-E4,24274,22,507,18,67,1
4,77,K3/H3-E4,22973,22,507,18,67,1
4,77,K3/H3-E4-M1,18365,22,507,18,67,1
4,77,K3/H3-E4-M2,15438,22,507,18,67,1
4,78,Normal-E1,216315,177,4724,25,177,1
4,78,K4/H4-E1,89073,57,4724,25,177,1
4,78,K4/H4-E4,44527,57,4724,25,177,1
4,78,K3/H3-E4,42696,69,4724,25,177,1
4,78,K3/H3-E4-M1,36472,69,4724,25,177,1
4,78,K3/H3-E4-M2,30976,69,4724,25,177,1
4,79,Normal-E1,122687,90,2852,22,90,1
4,79,K4/H4-E1,55191,28,2852,22,90,1
4,79,K4/H4-E4,33621,28,2852,22,90,1
4,79,K3/H3-E4,30387,31,2852,22,90,1
4,79,K3/H3-E4-M1,24755,31,2852,22,90,1
4,79,K3/H3-E4-M2,19573,31,2852,22,90,1
4,80,Normal-E1,212613,175,8685,24,175,1
4,80,K4/H4-E1,75804,48,8685,24,175,1
4,80,K4/H4-E4,38555,48,8685,24,175,1
4,80,K3/H3-E4,36000,48,8685,24,175,1
4,80,K3/H3-E4-M1,29856,48,8685,24,175,1
4,80,K3/H3-E4-M2,24712,48,8685,24,175,1
4,81,Normal-E1,24215,12,8685,9,12,1
4,81,K4/H4-E1,15332,3,8685,9,12,1
4,81,K4/H4-E4,12643,3,8685,9,12,1
4,81,K3/H3-E4,11534,3,8685,9,12,1
4,81,K3/H3-E4-M1,9230,3,8685,9,12,1
4,81,K3/H3-E4-M2,7410,3,8685,9,12,1
4,82,Normal-E1,35152,18,8685,12,18,1
4,82,K4/H4-E1,20612,5,8685,12,18,1
4,82,K4/H4-E4,16387,5,8685,12,18,1
4,82,K3/H3-E4,15276,5,8685,12,18,1
4,82,K3/H3-E4-M1,12204,5,8685,12,18,1
4,82,K3/H3-E4-M2,8961,5,8685,12,18,1
4,83,Normal-E1,42809,23,8685,14,23,1
4,83,K4/H4-E1,25791,8,8685,14,23,1
4,83,K4/H4-E4,19262,8,8685,14,23,1
4,83,K3/H3-E4,17815,9,8685,14,23,1
4,83,K3/H3-E4-M1,14231,9,8685,14,23,1
4,83,K3/H3-E4-M2,10768,9,8685,14,23,1
4,84,Normal-E1,164736,132,4724,21,132,1
4,84,K4/H4-E1,50425,25,4724,21,132,1
4,84,K4/H4-E4,30840,25,4724,21,132,1
4,84,K3/H3-E4,28763,28,4724,21,132,1
4,84,K3/H3-E4-M1,23387,28,4724,21,132,1
4,84,K3/H3-E4-M2,18466,28,4724,21,132,1
4,85,Normal-E1,120491,91,4724,20,91,1
4,85,K4/H4-E1,48015,24,4724,20,91,1
4,85,K4/H4-E4,29495,24,4724,20,91,1
4,85,K3/H3-E4,27648,29,4724,20,91,1
4,85,K3/H3-E4-M1,22528,29,4724,20,91,1
4,85,K3/H3-E4-M2,18394,29,4724,20,91,1
4,86,Normal-E1,122049,91,8685,21,91,1
4,86,K4/H4-E1,43904,20,8685,21,91,1
4,86,K4/H4-E4,28159,20,8685,21,91,1
4,86,K3/H3-E4,26310,20,8685,21,91,1
4,86,K3/H3-E4-M1,21124,20,8685,21,91,1
4,86,K3/H3-E4-M2,16535,20,8685,21,91,1
4,87,Normal-E1,117074,89,4724,19,89,1
4,87,K4/H4-E1,41783,20,4724,19,89,1
4,87,K4/H4-E4,26038,20,4724,19,89,1
4,87,K3/H3-E4,24275,20,4724,19,89,1
4,87,K3/H3-E4-M1,19411,20,4724,19,89,1
4,87,K3/H3-E4-M2,15400,20,4724,19,89,1
4,88,Normal-E1,70518,48,8685,16,48,1
4,88,K4/H4-E1,33760,15,8685,16,48,1
4,88,K4/H4-E4,21855,15,8685,16,48,1
4,88,K3/H3-E4,20542,16,8685,16,48,1
4,88,K3/H3-E4-M1,16490,16,8685,16,48,1
4,88,K3/H3-E4-M2,13286,16,8685,16,48,1
4,89,Normal-E1,64011,41,507,16,41,1
4,89,K4/H4-E1,26782,8,507,16,41,1
4,89,K4/H4-E4,20253,8,507,16,41,1
4,89,K3/H3-E4,19144,8,507,16,41,1
4,89,K3/H3-E4-M1,15048,8,507,16,41,1
4,89,K3/H3-E4-M2,11158,8,507,16,41,1
4,90,Normal-E1,79984,54,8685,18,54,1
4,90,K4/H4-E1,41739,21,8685,18,54,1
4,90,K4/H4-E4,25226,21,8685,18,54,1
4,90,K3/H3-E4,24911,24,8685,18,54,1
4,90,K3/H3-E4-M1,20303,24,8685,18,54,1
4,90,K3/H3-E4-M2,16242,24,8685,18,54,1
4,91,Normal-E1,77422,53,507,17,53,1
4,91,K4/H4-E1,38246,18,507,17,53,1
4,91,K4/H4-E4,24508,18,507,17,53,1
4,91,K3/H3-E4,22300,18,507,17,53,1
4,91,K3/H3-E4-M1,17948,18,507,17,53,1
4,91,K3/H3-E4-M2,14242,18,507,17,53,1
4,92,Normal-E1,28229,13,2852,11,13,1
4,92,K4/H4-E1,20398,6,2852,11,13,1
4,92,K4/H4-E4,15405,6,2852,11,13,1
4,92,K3/H3-E4,14294,6,2852,11,13,1
4,92,K3/H3-E4-M1,11478,6,2852,11,13,1
4,92,K3/H3-E4-M2,8854,6,2852,11,13,1
4,93,Normal-E1,126257,96,8685,20,96,1
4,93,K4/H4-E1,47489,24,8685,20,96,1
4,93,K4/H4-E4,28672,24,8685,20,96,1
4,93,K3/H3-E4,27179,25,8685,20,96,1
4,93,K3/H3-E4-M1,22059,25,8685,20,96,1
4,93,K3/H3-E4-M2,17275,25,8685,20,96,1
4,94,Normal-E1,98062,71,4724,19,71,1
4,94,K4/H4-E1,44505,23,4724,19,71,1
4,94,K4/H4-E4,26456,23,4724,19,71,1
4,94,K3/H3-E4,25722,27,4724,19,71,1
4,94,K3/H3-E4-M1,20858,27,4724,19,71,1
4,94,K3/H3-E4-M2,17224,27,4724,19,71,1
4,95,Normal-E1,71292,47,8685,17,47,1
4,95,K4/H4-E1,41188,18,8685,17,47,1
4,95,K4/H4-E4,26979,18,8685,17,47,1
4,95,K3/H3-E4,22591,18,8685,17,47,1
4,95,K3/H3-E4-M1,18495,18,8685,17,47,1
4,95,K3/H3-E4-M2,14738,18,8685,17,47,1
4,96,Normal-E1,100911,74,8685,19,74,1
4,96,K4/H4-E1,40450,18,8685,19,74,1
4,96,K4/H4-E4,26256,18,8685,19,74,1
4,96,K3/H3-E4,23083,18,8685,19,74,1
4,96,K3/H3-E4-M1,18219,18,8685,19,74,1
4,96,K3/H3-E4-M2,14881,18,8685,19,74,1
4,97,Normal-E1,157213,124,2852,22,124,1
4,97,K4/H4-E1,53083,26,2852,22,124,1
4,97,K4/H4-E4,32345,26,2852,22,124,1
4,97,K3/H3-E4,28997,28,2852,22,124,1
4,97,K3/H3-E4-M1,23365,28,2852,22,124,1
4,97,K3/H3-E4-M2,18965,28,2852,22,124,1
4,98,Normal-E1,131657,102,8685,20,102,1
4,98,K4/H4-E1,43528,20,8685,20,102,1
4,98,K4/H4-E4,28286,20,8685,20,102,1
4,98,K3/H3-E4,24927,20,8685,20,102,1
4,98,K3/H3-E4-M1,19807,20,8685,20,102,1
4,98,K3/H3-E4-M2,15764,20,8685,20,102,1
4,99,Normal-E1,64588,42,8685,16,42,1
4,99,K4/H4-E1,32527,14,8685,16,42,1
4,99,K4/H4-E4,21390,14,8685,16,42,1
4,99,K3/H3-E4,20281,14,8685,16,42,1
4,99,K3/H3-E4-M1,16185,14,8685,16,42,1
4,99,K3/H3-E4-M2,12729,14,8685,16,42,1
16,0,Normal-E1,30404,15,4512,11,15,1
16,0,K4/H4-E1,17403,3,4512,11,15,1
16,0,K4/H4-E4,14714,3,4512,11,15,1
16,0,K3/H3-E4,13605,3,4512,11,15,1
16,0,K3/H3-E4-M1,10789,3,4512,11,15,1
16,0,K3/H3-E4-M2,8010,3,4512,11,15,1
16,1,Normal-E1,43043,23,507,15,23,1
16,1,K4/H4-E1,26541,9,507,15,23,1
16,1,K4/H4-E4,19244,9,507,15,23,1
16,1,K3/H3-E4,17538,9,507,15,23,1
16,1,K3/H3-E4-M1,13698,9,507,15,23,1
16,1,K3/H3-E4-M2,11176,9,507,15,23,1
16,2,Normal-E1,80108,56,10593,17,56,1
16,2,K4/H4-E1,35482,16,10593,17,56,1
16,2,K4/H4-E4,22809,16,10593,17,56,1
16,2,K3/H3-E4,21359,16,10593,17,56,1
16,2,K3/H3-E4-M1,17007,16,10593,17,56,1
16,2,K3/H3-E4-M2,13552,16,10593,17,56,1
16,3,Normal-E1,81842,56,5281,18,56,1
16,3,K4/H4-E1,42032,20,5281,18,56,1
16,3,K4/H4-E4,26408,20,5281,18,56,1
16,3,K3/H3-E4,23912,21,5281,18,56,1
16,3,K3/H3-E4-M1,19304,21,5281,18,56,1
16,3,K3/H3-E4-M2,15546,21,5281,18,56,1
16,4,Normal-E1,46417,27,4512,14,27,1
16,4,K4/H4-E1,23924,7,4512,14,27,1
16,4,K4/H4-E4,18163,7,4512,14,27,1
16,4,K3/H3-E4,16762,7,4512,14,27,1
16,4,K3/H3-E4-M1,13178,7,4512,14,27,1
16,4,K3/H3-E4-M2,10193,7,4512,14,27,1
16,5,Normal-E1,38186,18,10839,15,18,1
16,5,K4/H4-E1,22660,5,10839,15,18,1
16,5,K4/H4-E4,18435,5,10839,15,18,1
16,5,K3/H3-E4,16788,5,10839,15,18,1
16,5,K3/H3-E4-M1,12948,5,10839,15,18,1
16,5,K3/H3-E4-M2,10070,5,10839,15,18,1
16,6,Normal-E1,92220,68,3947,17,68,1
16,6,K4/H4-E1,37175,17,3947,17,68,1
16,6,K4/H4-E4,23734,17,3947,17,68,1
16,6,K3/H3-E4,21615,18,3947,17,68,1
16,6,K3/H3-E4-M1,17263,18,3947,17,68,1
16,6,K3/H3-E4-M2,14220,18,3947,17,68,1
16,7,Normal-E1,41145,25,5281,12,25,1
16,7,K4/H4-E1,21855,7,5281,12,25,1
16,7,K4/H4-E4,16094,7,5281,12,25,1
16,7,K3/H3-E4,14572,7,5281,12,25,1
16,7,K3/H3-E4-M1,11500,7,5281,12,25,1
16,7,K3/H3-E4-M2,9479,7,5281,12,25,1
16,8,Normal-E1,52262,32,2852,14,32,1
16,8,K4/H4-E1,24312,7,2852,14,32,1
16,8,K4/H4-E4,18551,7,2852,14,32,1
16,8,K3/H3-E4,17440,7,2852,14,32,1
16,8,K3/H3-E4-M1,13856,7,2852,14,32,1
16,8,K3/H3-E4-M2,10274,7,2852,14,32,1
16,9,Normal-E1,37567,20,3947,12,20,1
16,9,K4/H4-E1,21994,6,3947,12,20,1
16,9,K4/H4-E4,17001,6,3947,12,20,1
16,9,K3/H3-E4,15890,6,3947,12,20,1
16,9,K3/H3-E4-M1,12818,6,3947,12,20,1
16,9,K3/H3-E4-M2,9234,6,3947,12,20,1
16,10,Normal-E1,55562,35,14405,15,35,1
16,10,K4/H4-E1,28752,11,14405,15,35,1
16,10,K4/H4-E4,19919,11,14405,15,35,1
16,10,K3/H3-E4,18196,11,14405,15,35,1
16,10,K3/H3-E4-M1,14403,11,14405,15,35,1
16,10,K3/H3-E4-M2,11534,11,14405,15,35,1
16,11,Normal-E1,80467,57,1721,17,57,1
16,11,K4/H4-E1,29483,10,1721,17,57,1
16,11,K4/H4-E4,21418,10,1721,17,57,1
16,11,K3/H3-E4,19359,11,1721,17,57,1
16,11,K3/H3-E4-M1,15007,11,1721,17,57,1
16,11,K3/H3-E4-M2,12434,11,1721,17,57,1
16,12,Normal-E1,49931,28,5281,16,28,1
16,12,K4/H4-E1,29061,10,5281,16,28,1
16,12,K4/H4-E4,21099,10,5281,16,28,1
16,12,K3/H3-E4,19554,12,5281,16,28,1
16,12,K3/H3-E4-M1,15670,12,5281,16,28,1
16,12,K3/H3-E4-M2,12337,12,5281,16,28,1
16,13,Normal-E1,66955,43,10593,16,43,1
16,13,K4/H4-E1,27656,8,10593,16,43,1
16,13,K4/H4-E4,21127,8,10593,16,43,1
16,13,K3/H3-E4,20548,10,10593,16,43,1
16,13,K3/H3-E4-M1,16452,10,10593,16,43,1
16,13,K3/H3-E4-M2,11694,10,10593,16,43,1
16,14,Normal-E1,99867,71,4724,19,71,1
16,14,K4/H4-E1,39829,16,4724,19,71,1
16,14,K4/H4-E4,27156,16,4724,19,71,1
16,14,K3/H3-E4,24869,17,4724,19,71,1
16,14,K3/H3-E4-M1,20162,17,4724,19,71,1
16,14,K3/H3-E4-M2,14724,17,4724,19,71,1
16,15,Normal-E1,116214,85,14405,21,85,1
16,15,K4/H4-E1,61534,35,14405,21,85,1
16,15,K4/H4-E4,34269,35,14405,21,85,1
16,15,K3/H3-E4,31836,39,14405,21,85,1
16,15,K3/H3-E4-M1,26460,39,14405,21,85,1
16,15,K3/H3-E4-M2,21694,39,14405,21,85,1
16,16,Normal-E1,48481,30,10931,13,30,1
16,16,K4/H4-E1,24697,8,10931,13,30,1
16,16,K4/H4-E4,18168,8,10931,13,30,1
16,16,K3/H3-E4,16503,8,10931,13,30,1
16,16,K3/H3-E4-M1,13175,8,10931,13,30,1
16,16,K3/H3-E4-M2,10144,8,10931,13,30,1
16,17,Normal-E1,28285,13,5281,11,13,1
16,17,K4/H4-E1,18389,4,5281,11,13,1
16,17,K4/H4-E4,14932,4,5281,11,13,1
16,17,K3/H3-E4,13823,4,5281,11,13,1
16,17,K3/H3-E4-M1,11007,4,5281,11,13,1
16,17,K3/H3-E4-M2,8348,4,5281,11,13,1
16,18,Normal-E1,46270,27,5281,14,27,1
16,18,K4/H4-E1,26001,9,5281,14,27,1
16,18,K4/H4-E4,18704,9,5281,14,27,1
16,18,K3/H3-E4,17141,9,5281,14,27,1
16,18,K3/H3-E4-M1,13610,9,5281,14,27,1
16,18,K3/H3-E4-M2,10678,9,5281,14,27,1
16,19,Normal-E1,113122,82,10931,21,82,1
16,19,K4/H4-E1,54885,28,10931,21,82,1
16,19,K4/H4-E4,33105,28,10931,21,82,1
16,19,K3/H3-E4,29991,33,10931,21,82,1
16,19,K3/H3-E4-M1,24615,33,10931,21,82,1
16,19,K3/H3-E4-M2,19459,33,10931,21,82,1
16,20,Normal-E1,83232,58,10931,17,58,1
16,20,K4/H4-E1,33582,13,10931,17,58,1
16,20,K4/H4-E4,23213,13,10931,17,58,1
16,20,K3/H3-E4,21620,13,10931,17,58,1
16,20,K3/H3-E4-M1,17268,13,10931,17,58,1
16,20,K3/H3-E4-M2,12949,13,10931,17,58,1
16,21,Normal-E1,94573,67,7786,19,67,1
16,21,K4/H4-E1,37318,15,7786,19,67,1
16,21,K4/H4-E4,25413,15,7786,19,67,1
16,21,K3/H3-E4,24109,18,7786,19,67,1
16,21,K3/H3-E4-M1,19245,18,7786,19,67,1
16,21,K3/H3-E4-M2,15167,18,7786,19,67,1
16,22,Normal-E1,57570,37,491,15,37,1
16,22,K4/H4-E1,26158,9,491,15,37,1
16,22,K4/H4-E4,18861,9,491,15,37,1
16,22,K3/H3-E4,17609,9,491,15,37,1
16,22,K3/H3-E4-M1,13769,9,491,15,37,1
16,22,K3/H3-E4-M2,11098,9,491,15,37,1
16,23,Normal-E1,39278,21,8685,12,21,1
16,23,K4/H4-E1,23709,7,8685,12,21,1
16,23,K4/H4-E4,17948,7,8685,12,21,1
16,23,K3/H3-E4,16839,7,8685,12,21,1
16,23,K3/H3-E4-M1,13767,7,8685,12,21,1
16,23,K3/H3-E4-M2,9625,7,8685,12,21,1
16,24,Normal-E1,70020,47,7786,16,47,1
16,24,K4/H4-E1,31034,12,7786,16,47,1
16,24,K4/H4-E4,21433,12,7786,16,47,1
16,24,K3/H3-E4,20816,15,7786,16,47,1
16,24,K3/H3-E4-M1,16720,15,7786,16,47,1
16,24,K3/H3-E4-M2,13069,15,7786,16,47,1
16,25,Normal-E1,17473,6,491,9,6,1
16,25,K4/H4-E1,13753,2,491,9,6,1
16,25,K4/H4-E4,11832,2,491,9,6,1
16,25,K3/H3-E4,10723,2,491,9,6,1
16,25,K3/H3-E4-M1,8419,2,491,9,6,1
16,25,K3/H3-E4-M2,7064,2,491,9,6,1
16,26,Normal-E1,48893,29,4512,15,29,1
16,26,K4/H4-E1,26630,10,4512,15,29,1
16,26,K4/H4-E4,18565,10,4512,15,29,1
16,26,K3/H3-E4,17456,10,4512,15,29,1
16,26,K3/H3-E4-M1,13616,10,4512,15,29,1
16,26,K3/H3-E4-M2,11244,10,4512,15,29,1
16,27,Normal-E1,51967,32,3947,14,32,1
16,27,K4/H4-E1,27258,10,3947,14,32,1
16,27,K4/H4-E4,19193,10,3947,14,32,1
16,27,K3/H3-E4,17941,10,3947,14,32,1
16,27,K3/H3-E4-M1,14357,10,3947,14,32,1
16,27,K3/H3-E4-M2,11177,10,3947,14,32,1
16,28,Normal-E1,32027,17,5281,11,17,1
16,28,K4/H4-E1,19033,5,5281,11,17,1
16,28,K4/H4-E4,14808,5,5281,11,17,1
16,28,K3/H3-E4,13699,5,5281,11,17,1
16,28,K3/H3-E4-M1,10883,5,5281,11,17,1
16,28,K3/H3-E4-M2,8550,5,5281,11,17,1
16,29,Normal-E1,49852,30,7786,14,30,1
16,29,K4/H4-E1,22984,6,7786,14,30,1
16,29,K4/H4-E4,17991,6,7786,14,30,1
16,29,K3/H3-E4,16829,6,7786,14,30,1
16,29,K3/H3-E4-M1,13245,6,7786,14,30,1
16,29,K3/H3-E4-M2,9880,6,7786,14,30,1
16,30,Normal-E1,46174,26,3947,15,26,1
16,30,K4/H4-E1,23911,7,3947,15,26,1
16,30,K4/H4-E4,18150,7,3947,15,26,1
16,30,K3/H3-E4,17041,7,3947,15,26,1
16,30,K3/H3-E4-M1,13201,7,3947,15,26,1
16,30,K3/H3-E4-M2,10552,7,3947,15,26,1
16,31,Normal-E1,55022,35,2852,14,35,1
16,31,K4/H4-E1,26244,9,2852,14,35,1
16,31,K4/H4-E4,18947,9,2852,14,35,1
16,31,K3/H3-E4,17631,9,2852,14,35,1
16,31,K3/H3-E4-M1,14047,9,2852,14,35,1
16,31,K3/H3-E4-M2,10682,9,2852,14,35,1
16,32,Normal-E1,99915,70,5281,21,70,1
16,32,K4/H4-E1,47847,25,5281,21,70,1
16,32,K4/H4-E4,28262,25,5281,21,70,1
16,32,K3/H3-E4,27325,26,5281,21,70,1
16,32,K3/H3-E4-M1,21949,26,5281,21,70,1
16,32,K3/H3-E4-M2,17568,26,5281,21,70,1
16,33,Normal-E1,40572,23,491,13,23,1
16,33,K4/H4-E1,21391,6,491,13,23,1
16,33,K4/H4-E4,16398,6,491,13,23,1
16,33,K3/H3-E4,15289,6,491,13,23,1
16,33,K3/H3-E4-M1,11961,6,491,13,23,1
16,33,K3/H3-E4-M2,9463,6,491,13,23,1
16,34,Normal-E1,32251,17,8685,11,17,1
16,34,K4/H4-E1,18221,4,8685,11,17,1
16,34,K4/H4-E4,14764,4,8685,11,17,1
16,34,K3/H3-E4,13655,4,8685,11,17,1
16,34,K3/H3-E4-M1,10839,4,8685,11,17,1
16,34,K3/H3-E4-M2,8308,4,8685,11,17,1
16,35,Normal-E1,51406,30,10593,15,30,1
16,35,K4/H4-E1,31132,12,10593,15,30,1
16,35,K4/H4-E4,21531,12,10593,15,30,1
16,35,K3/H3-E4,19468,12,10593,15,30,1
16,35,K3/H3-E4-M1,15628,12,10593,15,30,1
16,35,K3/H3-E4-M2,11979,12,10593,15,30,1
16,36,Normal-E1,15341,5,10931,7,5,1
16,36,K4/H4-E1,13670,2,10931,7,5,1
16,36,K4/H4-E4,11749,2,10931,7,5,1
16,36,K3/H3-E4,10640,2,10931,7,5,1
16,36,K3/H3-E4-M1,8848,2,10931,7,5,1
16,36,K3/H3-E4-M2,6499,2,10931,7,5,1
16,37,Normal-E1,3364,1,491,2,1,1
16,37,K4/H4-E1,7335,1,491,2,1,1
16,37,K4/H4-E4,6182,1,491,2,1,1
16,37,K3/H3-E4,5073,1,491,2,1,1
16,37,K3/H3-E4-M1,4561,1,491,2,1,1
16,37,K3/H3-E4-M2,4439,1,491,2,1,1
16,38,Normal-E1,61976,40,15288,15,40,1
16,38,K4/H4-E1,28254,9,15288,15,40,1
16,38,K4/H4-E4,20957,9,15288,15,40,1
16,38,K3/H3-E4,18913,9,15288,15,40,1
16,38,K3/H3-E4-M1,15073,9,15288,15,40,1
16,38,K3/H3-E4-M2,11151,9,15288,15,40,1
16,39,Normal-E1,97871,71,15288,18,71,1
16,39,K4/H4-E1,44655,22,15288,18,71,1
16,39,K4/H4-E4,27374,22,15288,18,71,1
16,39,K3/H3-E4,24707,22,15288,18,71,1
16,39,K3/H3-E4-M1,20099,22,15288,18,71,1
16,39,K3/H3-E4-M2,15816,22,15288,18,71,1
16,40,Normal-E1,73305,48,507,18,48,1
16,40,K4/H4-E1,34396,13,507,18,48,1
16,40,K4/H4-E4,24027,13,507,18,48,1
16,40,K3/H3-E4,21515,13,507,18,48,1
16,40,K3/H3-E4-M1,16907,13,507,18,48,1
16,40,K3/H3-E4-M2,13403,13,507,18,48,1
16,41,Normal-E1,48154,29,491,14,29,1
16,41,K4/H4-E1,25790,9,491,14,29,1
16,41,K4/H4-E4,18493,9,491,14,29,1
16,41,K3/H3-E4,16959,9,491,14,29,1
16,41,K3/H3-E4-M1,13375,9,491,14,29,1
16,41,K3/H3-E4-M2,10745,9,491,14,29,1
16,42,Normal-E1,81676,57,4512,17,57,1
16,42,K4/H4-E1,35373,15,4512,17,57,1
16,42,K4/H4-E4,23468,15,4512,17,57,1
16,42,K3/H3-E4,21625,15,4512,17,57,1
16,42,K3/H3-E4-M1,17273,15,4512,17,57,1
16,42,K3/H3-E4-M2,13416,15,4512,17,57,1
16,43,Normal-E1,16466,6,10839,8,6,1
16,43,K4/H4-E1,14289,3,10839,8,6,1
16,43,K4/H4-E4,11600,3,10839,8,6,1
16,43,K3/H3-E4,10491,3,10839,8,6,1
16,43,K3/H3-E4-M1,8443,3,10839,8,6,1
16,43,K3/H3-E4-M2,7056,3,10839,8,6,1
16,44,Normal-E1,121730,93,2852,20,93,1
16,44,K4/H4-E1,41998,20,2852,20,93,1
16,44,K4/H4-E4,26253,20,2852,20,93,1
16,44,K3/H3-E4,24562,21,2852,20,93,1
16,44,K3/H3-E4-M1,19442,21,2852,20,93,1
16,44,K3/H3-E4-M2,15941,21,2852,20,93,1
16,45,Normal-E1,36693,21,7786,12,21,1
16,45,K4/H4-E1,21121,7,7786,12,21,1
16,45,K4/H4-E4,15360,7,7786,12,21,1
16,45,K3/H3-E4,14251,7,7786,12,21,1
16,45,K3/H3-E4-M1,11179,7,7786,12,21,1
16,45,K3/H3-E4-M2,9362,7,7786,12,21,1
16,46,Normal-E1,95183,68,5281,18,68,1
16,46,K4/H4-E1,39205,17,5281,18,68,1
16,46,K4/H4-E4,25764,17,5281,18,68,1
16,46,K3/H3-E4,24062,18,5281,18,68,1
16,46,K3/H3-E4-M1,19454,18,5281,18,68,1
16,46,K3/H3-E4-M2,14450,18,5281,18,68,1
16,47,Normal-E1,50698,30,1801,15,30,1
16,47,K4/H4-E1,29475,12,1801,15,30,1
16,47,K4/H4-E4,19874,12,1801,15,30,1
16,47,K3/H3-E4,19030,13,1801,15,30,1
16,47,K3/H3-E4-M1,15190,13,1801,15,30,1
16,47,K3/H3-E4-M2,12105,13,1801,15,30,1
16,48,Normal-E1,31673,13,15288,13,13,1
16,48,K4/H4-E1,22822,6,15288,13,13,1
16,48,K4/H4-E4,17829,6,15288,13,13,1
16,48,K3/H3-E4,16720,6,15288,13,13,1
16,48,K3/H3-E4-M1,13392,6,15288,13,13,1
16,48,K3/H3-E4-M2,9654,6,15288,13,13,1
16,49,Normal-E1,68209,44,15288,16,44,1
16,49,K4/H4-E1,32033,12,15288,16,44,1
16,49,K4/H4-E4,22432,12,15288,16,44,1
16,49,K3/H3-E4,21300,12,15288,16,44,1
16,49,K3/H3-E4-M1,17204,12,15288,16,44,1
16,49,K3/H3-E4-M2,12167,12,15288,16,44,1
16,50,Normal-E1,72874,48,8685,18,48,1
16,50,K4/H4-E1,33126,13,8685,18,48,1
16,50,K4/H4-E4,22757,13,8685,18,48,1
16,50,K3/H3-E4,21881,16,8685,18,48,1
16,50,K3/H3-E4-M1,17273,16,8685,18,48,1
16,50,K3/H3-E4-M2,13910,16,8685,18,48,1
16,51,Normal-E1,65441,43,10931,16,43,1
16,51,K4/H4-E1,28300,9,10931,16,43,1
16,51,K4/H4-E4,21003,9,10931,16,43,1
16,51,K3/H3-E4,18774,9,10931,16,43,1
16,51,K3/H3-E4-M1,14678,9,10931,16,43,1
16,51,K3/H3-E4-M2,11389,9,10931,16,43,1
16,52,Normal-E1,66672,43,10931,16,43,1
16,52,K4/H4-E1,35473,15,10931,16,43,1
16,52,K4/H4-E4,23568,15,10931,16,43,1
16,52,K3/H3-E4,21594,15,10931,16,43,1
16,52,K3/H3-E4-M1,17498,15,10931,16,43,1
16,52,K3/H3-E4-M2,12957,15,10931,16,43,1
16,53,Normal-E1,57099,33,1801,17,33,1
16,53,K4/H4-E1,29117,9,1801,17,33,1
16,53,K4/H4-E4,21820,9,1801,17,33,1
16,53,K3/H3-E4,20378,9,1801,17,33,1
16,53,K3/H3-E4-M1,16026,9,1801,17,33,1
16,53,K3/H3-E4-M2,11908,9,1801,17,33,1
16,54,Normal-E1,154728,121,5281,22,121,1
16,54,K4/H4-E1,53269,27,5281,22,121,1
16,54,K4/H4-E4,32148,27,5281,22,121,1
16,54,K3/H3-E4,29870,29,5281,22,121,1
16,54,K3/H3-E4-M1,24238,29,5281,22,121,1
16,54,K3/H3-E4-M2,18929,29,5281,22,121,1
16,55,Normal-E1,55505,33,10931,16,33,1
16,55,K4/H4-E1,27286,8,10931,16,33,1
16,55,K4/H4-E4,20757,8,10931,16,33,1
16,55,K3/H3-E4,19028,8,10931,16,33,1
16,55,K3/H3-E4-M1,14998,8,10931,16,33,1
16,55,K3/H3-E4-M2,11448,8,10931,16,33,1
16,56,Normal-E1,23879,10,10931,10,10,1
16,56,K4/H4-E1,16551,3,10931,10,10,1
16,56,K4/H4-E4,13862,3,10931,10,10,1
16,56,K3/H3-E4,12753,3,10931,10,10,1
16,56,K3/H3-E4-M1,10193,3,10931,10,10,1
16,56,K3/H3-E4-M2,7661,3,10931,10,10,1
16,57,Normal-E1,85127,61,7786,17,61,1
16,57,K4/H4-E1,33032,14,7786,17,61,1
16,57,K4/H4-E4,21895,14,7786,17,61,1
16,57,K3/H3-E4,20682,14,7786,17,61,1
16,57,K3/H3-E4-M1,16330,14,7786,17,61,1
16,57,K3/H3-E4-M2,13123,14,7786,17,61,1
16,58,Normal-E1,58983,37,1721,15,37,1
16,58,K4/H4-E1,31267,12,1721,15,37,1
16,58,K4/H4-E4,21666,12,1721,15,37,1
16,58,K3/H3-E4,19817,12,1721,15,37,1
16,58,K3/H3-E4-M1,15977,12,1721,15,37,1
16,58,K3/H3-E4-M2,11910,12,1721,15,37,1
16,59,Normal-E1,72574,49,7786,16,49,1
16,59,K4/H4-E1,34729,15,7786,16,49,1
16,59,K4/H4-E4,22824,15,7786,16,49,1
16,59,K3/H3-E4,21295,15,7786,16,49,1
16,59,K3/H3-E4-M1,17199,15,7786,16,49,1
16,59,K3/H3-E4-M2,12948,15,7786,16,49,1
16,60,Normal-E1,110861,84,7786,18,84,1
16,60,K4/H4-E1,43539,21,7786,18,84,1
16,60,K4/H4-E4,27271,21,7786,18,84,1
16,60,K3/H3-E4,24541,23,7786,18,84,1
16,60,K3/H3-E4-M1,19933,23,7786,18,84,1
16,60,K3/H3-E4-M2,16198,23,7786,18,84,1
16,61,Normal-E1,115402,83,14405,21,83,1
16,61,K4/H4-E1,51560,25,14405,21,83,1
16,61,K4/H4-E4,31975,25,14405,21,83,1
16,61,K3/H3-E4,29779,27,14405,21,83,1
16,61,K3/H3-E4-M1,24466,27,14405,21,83,1
16,61,K3/H3-E4-M2,18350,27,14405,21,83,1
16,62,Normal-E1,104858,77,491,19,77,1
16,62,K4/H4-E1,37414,15,491,19,77,1
16,62,K4/H4-E4,25509,15,491,19,77,1
16,62,K3/H3-E4,23135,15,491,19,77,1
16,62,K3/H3-E4-M1,18438,15,491,19,77,1
16,62,K3/H3-E4-M2,14209,15,491,19,77,1
16,63,Normal-E1,65405,42,7786,16,42,1
16,63,K4/H4-E1,29207,10,7786,16,42,1
16,63,K4/H4-E4,21142,10,7786,16,42,1
16,63,K3/H3-E4,20298,11,7786,16,42,1
16,63,K3/H3-E4-M1,16202,11,7786,16,42,1
16,63,K3/H3-E4-M2,11940,11,7786,16,42,1
16,64,Normal-E1,53814,32,10931,16,32,1
16,64,K4/H4-E1,31555,12,10931,16,32,1
16,64,K4/H4-E4,22218,12,10931,16,32,1
16,64,K3/H3-E4,19432,12,10931,16,32,1
16,64,K3/H3-E4-M1,15542,12,10931,16,32,1
16,64,K3/H3-E4-M2,12519,12,10931,16,32,1
16,65,Normal-E1,96626,67,10839,21,67,1
16,65,K4/H4-E1,48382,25,10839,21,67,1
16,65,K4/H4-E4,28957,25,10839,21,67,1
16,65,K3/H3-E4,27529,27,10839,21,67,1
16,65,K3/H3-E4-M1,22153,27,10839,21,67,1
16,65,K3/H3-E4-M2,17958,27,10839,21,67,1
16,66,Normal-E1,65639,45,491,15,45,1
16,66,K4/H4-E1,29777,12,491,15,45,1
16,66,K4/H4-E4,20944,12,491,15,45,1
16,66,K3/H3-E4,18211,12,491,15,45,1
16,66,K3/H3-E4-M1,14452,12,491,15,45,1
16,66,K3/H3-E4-M2,12113,12,491,15,45,1
16,67,Normal-E1,51960,30,8685,16,30,1
16,67,K4/H4-E1,26690,8,8685,16,30,1
16,67,K4/H4-E4,19776,8,8685,16,30,1
16,67,K3/H3-E4,18853,9,8685,16,30,1
16,67,K3/H3-E4-M1,14757,9,8685,16,30,1
16,67,K3/H3-E4-M2,11537,9,8685,16,30,1
16,68,Normal-E1,112044,81,3947,21,81,1
16,68,K4/H4-E1,54648,30,3947,21,81,1
16,68,K4/H4-E4,31223,30,3947,21,81,1
16,68,K3/H3-E4,29411,31,3947,21,81,1
16,68,K3/H3-E4-M1,24035,31,3947,21,81,1
16,68,K3/H3-E4-M2,19075,31,3947,21,81,1
16,69,Normal-E1,59597,36,5281,17,36,1
16,69,K4/H4-E1,31054,11,5281,17,36,1
16,69,K4/H4-E4,22221,11,5281,17,36,1
16,69,K3/H3-E4,20443,12,5281,17,36,1
16,69,K3/H3-E4-M1,16091,12,5281,17,36,1
16,69,K3/H3-E4-M2,12661,12,5281,17,36,1
16,70,Normal-E1,8122,3,2852,4,3,1
16,70,K4/H4-E1,9011,1,2852,4,3,1
16,70,K4/H4-E4,7858,1,2852,4,3,1
16,70,K3/H3-E4,6749,1,2852,4,3,1
16,70,K3/H3-E4-M1,5725,1,2852,4,3,1
16,70,K3/H3-E4-M2,5140,1,2852,4,3,1
16,71,Normal-E1,49603,27,2852,16,27,1
16,71,K4/H4-E1,31033,11,2852,16,27,1
16,71,K4/H4-E4,22200,11,2852,16,27,1
16,71,K3/H3-E4,20256,12,2852,16,27,1
16,71,K3/H3-E4-M1,16160,12,2852,16,27,1
16,71,K3/H3-E4-M2,12282,12,2852,16,27,1
16,72,Normal-E1,30707,15,491,12,15,1
16,72,K4/H4-E1,18233,4,491,12,15,1
16,72,K4/H4-E4,14776,4,491,12,15,1
16,72,K3/H3-E4,13665,4,491,12,15,1
16,72,K3/H3-E4-M1,10593,4,491,12,15,1
16,72,K3/H3-E4-M2,8652,4,491,12,15,1
16,73,Normal-E1,59230,35,1721,17,35,1
16,73,K4/H4-E1,29754,10,1721,17,35,1
16,73,K4/H4-E4,21689,10,1721,17,35,1
16,73,K3/H3-E4,20578,10,1721,17,35,1
16,73,K3/H3-E4-M1,16226,10,1721,17,35,1
16,73,K3/H3-E4-M2,11987,10,1721,17,35,1
16,74,Normal-E1,28450,15,10593,10,15,1
16,74,K4/H4-E1,18027,5,10593,10,15,1
16,74,K4/H4-E4,13802,5,10593,10,15,1
16,74,K3/H3-E4,12693,5,10593,10,15,1
16,74,K3/H3-E4-M1,10133,5,10593,10,15,1
16,74,K3/H3-E4-M2,8190,5,10593,10,15,1
16,75,Normal-E1,50820,31,15288,14,31,1
16,75,K4/H4-E1,23324,6,15288,14,31,1
16,75,K4/H4-E4,18850,6,15288,14,31,1
16,75,K3/H3-E4,16766,6,15288,14,31,1
16,75,K3/H3-E4-M1,13182,6,15288,14,31,1
16,75,K3/H3-E4-M2,9910,6,15288,14,31,1
16,76,Normal-E1,26079,13,2852,10,13,1
16,76,K4/H4-E1,16687,4,2852,10,13,1
16,76,K4/H4-E4,13230,4,2852,10,13,1
16,76,K3/H3-E4,12121,4,2852,10,13,1
16,76,K3/H3-E4-M1,9561,4,2852,10,13,1
16,76,K3/H3-E4-M2,7959,4,2852,10,13,1
16,77,Normal-E1,50958,31,8685,15,31,1
16,77,K4/H4-E1,25607,9,8685,15,31,1
16,77,K4/H4-E4,18310,9,8685,15,31,1
16,77,K3/H3-E4,17190,9,8685,15,31,1
16,77,K3/H3-E4-M1,13350,9,8685,15,31,1
16,77,K3/H3-E4-M2,10916,9,8685,15,31,1
16,78,Normal-E1,65733,41,15288,17,41,1
16,78,K4/H4-E1,29027,9,15288,17,41,1
16,78,K4/H4-E4,21730,9,15288,17,41,1
16,78,K3/H3-E4,20619,9,15288,17,41,1
16,78,K3/H3-E4-M1,16267,9,15288,17,41,1
16,78,K3/H3-E4-M2,11880,9,15288,17,41,1
16,79,Normal-E1,65273,43,491,16,43,1
16,79,K4/H4-E1,34224,15,491,16,43,1
16,79,K4/H4-E4,22319,15,491,16,43,1
16,79,K3/H3-E4,20464,16,491,16,43,1
16,79,K3/H3-E4-M1,16368,16,491,16,43,1
16,79,K3/H3-E4-M2,13210,16,491,16,43,1
16,80,Normal-E1,32187,16,491,12,16,1
16,80,K4/H4-E1,19713,5,491,12,16,1
16,80,K4/H4-E4,15488,5,491,12,16,1
16,80,K3/H3-E4,14379,5,491,12,16,1
16,80,K3/H3-E4-M1,11307,5,491,12,16,1
16,80,K3/H3-E4-M2,8963,5,491,12,16,1
16,81,Normal-E1,24214,12,8685,9,12,1
16,81,K4/H4-E1,15331,3,8685,9,12,1
16,81,K4/H4-E4,12642,3,8685,9,12,1
16,81,K3/H3-E4,11533,3,8685,9,12,1
16,81,K3/H3-E4-M1,9229,3,8685,9,12,1
16,81,K3/H3-E4-M2,7409,3,8685,9,12,1
16,82,Normal-E1,35143,18,8685,12,18,1
16,82,K4/H4-E1,20603,5,8685,12,18,1
16,82,K4/H4-E4,16378,5,8685,12,18,1
16,82,K3/H3-E4,15267,5,8685,12,18,1
16,82,K3/H3-E4-M1,12195,5,8685,12,18,1
16,82,K3/H3-E4-M2,8952,5,8685,12,18,1
16,83,Normal-E1,25963,12,2852,10,12,1
16,83,K4/H4-E1,18638,5,2852,10,12,1
16,83,K4/H4-E4,14413,5,2852,10,12,1
16,83,K3/H3-E4,13304,5,2852,10,12,1
16,83,K3/H3-E4-M1,10744,5,2852,10,12,1
16,83,K3/H3-E4-M2,8243,5,2852,10,12,1
16,84,Normal-E1,92256,66,7786,18,66,1
16,84,K4/H4-E1,42139,20,7786,18,66,1
16,84,K4/H4-E4,26394,20,7786,18,66,1
16,84,K3/H3-E4,24659,23,7786,18,66,1
16,84,K3/H3-E4-M1,20051,23,7786,18,66,1
16,84,K3/H3-E4-M2,16021,23,7786,18,66,1
16,85,Normal-E1,69343,44,2852,18,44,1
16,85,K4/H4-E1,33931,12,2852,18,44,1
16,85,K4/H4-E4,24330,12,2852,18,44,1
16,85,K3/H3-E4,22881,17,2852,18,44,1
16,85,K3/H3-E4-M1,18273,17,2852,18,44,1
16,85,K3/H3-E4-M2,14439,17,2852,18,44,1
16,86,Normal-E1,57003,36,7786,15,36,1
16,86,K4/H4-E1,26797,9,7786,15,36,1
16,86,K4/H4-E4,19500,9,7786,15,36,1
16,86,K3/H3-E4,18079,9,7786,15,36,1
16,86,K3/H3-E4-M1,14429,9,7786,15,36,1
16,86,K3/H3-E4-M2,11365,9,7786,15,36,1
16,87,Normal-E1,68582,46,7786,16,46,1
16,87,K4/H4-E1,31350,13,7786,16,46,1
16,87,K4/H4-E4,21284,13,7786,16,46,1
16,87,K3/H3-E4,19870,13,7786,16,46,1
16,87,K3/H3-E4-M1,15774,13,7786,16,46,1
16,87,K3/H3-E4-M2,12442,13,7786,16,46,1
16,88,Normal-E1,70534,48,10593,16,48,1
16,88,K4/H4-E1,33779,15,10593,16,48,1
16,88,K4/H4-E4,21874,15,10593,16,48,1
16,88,K3/H3-E4,20558,16,10593,16,48,1
16,88,K3/H3-E4-M1,16513,16,10593,16,48,1
16,88,K3/H3-E4-M2,13269,16,10593,16,48,1
16,89,Normal-E1,47156,27,5281,14,27,1
16,89,K4/H4-E1,25407,8,5281,14,27,1
16,89,K4/H4-E4,18878,8,5281,14,27,1
16,89,K3/H3-E4,17769,8,5281,14,27,1
16,89,K3/H3-E4-M1,14185,8,5281,14,27,1
16,89,K3/H3-E4-M2,10448,8,5281,14,27,1
16,90,Normal-E1,80396,54,5281,18,54,1
16,90,K4/H4-E1,42151,21,5281,18,54,1
16,90,K4/H4-E4,25638,21,5281,18,54,1
16,90,K3/H3-E4,25323,24,5281,18,54,1
16,90,K3/H3-E4-M1,20715,24,5281,18,54,1
16,90,K3/H3-E4-M2,16214,24,5281,18,54,1
16,91,Normal-E1,77736,53,10931,17,53,1
16,91,K4/H4-E1,38536,18,10931,17,53,1
16,91,K4/H4-E4,24782,18,10931,17,53,1
16,91,K3/H3-E4,22614,18,10931,17,53,1
16,91,K3/H3-E4-M1,18262,18,10931,17,53,1
16,91,K3/H3-E4-M2,14266,18,10931,17,53,1
16,92,Normal-E1,115197,86,507,20,86,1
16,92,K4/H4-E1,45910,23,507,20,86,1
16,92,K4/H4-E4,27861,23,507,20,86,1
16,92,K3/H3-E4,26321,25,507,20,86,1
16,92,K3/H3-E4-M1,21261,25,507,20,86,1
16,92,K3/H3-E4-M2,17047,25,507,20,86,1
16,93,Normal-E1,66404,45,5281,15,45,1
16,93,K4/H4-E1,28396,10,5281,15,45,1
16,93,K4/H4-E4,20331,10,5281,15,45,1
16,93,K3/H3-E4,18446,10,5281,15,45,1
16,93,K3/H3-E4-M1,14606,10,5281,15,45,1
16,93,K3/H3-E4-M2,11519,10,5281,15,45,1
16,94,Normal-E1,63202,40,1721,17,40,1
16,94,K4/H4-E1,29025,10,1721,17,40,1
16,94,K4/H4-E4,20960,10,1721,17,40,1
16,94,K3/H3-E4,20452,14,1721,17,40,1
16,94,K3/H3-E4-M1,16100,14,1721,17,40,1
16,94,K3/H3-E4-M2,13084,14,1721,17,40,1
16,95,Normal-E1,26090,12,4724,10,12,1
16,95,K4/H4-E1,18766,5,4724,10,12,1
16,95,K4/H4-E4,14541,5,4724,10,12,1
16,95,K3/H3-E4,13432,5,4724,10,12,1
16,95,K3/H3-E4-M1,10872,5,4724,10,12,1
16,95,K3/H3-E4-M2,8340,5,4724,10,12,1
16,96,Normal-E1,65260,42,4724,17,42,1
16,96,K4/H4-E1,31651,11,4724,17,42,1
16,96,K4/H4-E4,22818,11,4724,17,42,1
16,96,K3/H3-E4,19643,11,4724,17,42,1
16,96,K3/H3-E4-M1,15291,11,4724,17,42,1
16,96,K3/H3-E4-M2,12329,11,4724,17,42,1
16,97,Normal-E1,54909,33,1801,16,33,1
16,97,K4/H4-E1,34027,14,1801,16,33,1
16,97,K4/H4-E4,22505,14,1801,16,33,1
16,97,K3/H3-E4,20562,16,1801,16,33,1
16,97,K3/H3-E4-M1,16466,16,1801,16,33,1
16,97,K3/H3-E4-M2,13642,16,1801,16,33,1
16,98,Normal-E1,37398,20,1801,13,20,1
16,98,K4/H4-E1,22350,7,1801,13,20,1
16,98,K4/H4-E4,16589,7,1801,13,20,1
16,98,K3/H3-E4,15480,7,1801,13,20,1
16,98,K3/H3-E4-M1,12152,7,1801,13,20,1
16,98,K3/H3-E4-M2,9809,7,1801,13,20,1
16,99,Normal-E1,131877,101,15288,21,101,1
16,99,K4/H4-E1,56228,31,15288,21,101,1
16,99,K4/H4-E4,32035,31,15288,21,101,1
16,99,K3/H3-E4,28718,31,15288,21,101,1
16,99,K3/H3-E4-M1,23409,31,15288,21,101,1
16,99,K3/H3-E4-M2,19213,31,15288,21,101,1
64,0,Normal-E1,12332,4,2852,6,4,1
64,0,K4/H4-E1,12204,2,2852,6,4,1
64,0,K4/H4-E4,10283,2,2852,6,4,1
64,0,K3/H3-E4,9174,2,2852,6,4,1
64,0,K3/H3-E4-M1,7638,2,2852,6,4,1
64,0,K3/H3-E4-M2,6094,2,2852,6,4,1
64,1,Normal-E1,31394,14,8685,13,14,1
64,1,K4/H4-E1,20625,5,8685,13,14,1
64,1,K4/H4-E4,16400,5,8685,13,14,1
64,1,K3/H3-E4,15142,5,8685,13,14,1
64,1,K3/H3-E4-M1,11814,5,8685,13,14,1
64,1,K3/H3-E4-M2,9347,5,8685,13,14,1
64,2,Normal-E1,12299,3,8089,7,3,1
64,2,K4/H4-E1,12697,2,8089,7,3,1
64,2,K4/H4-E4,10776,2,8089,7,3,1
64,2,K3/H3-E4,9667,2,8089,7,3,1
64,2,K3/H3-E4-M1,7875,2,8089,7,3,1
64,2,K3/H3-E4-M2,6425,2,8089,7,3,1
64,3,Normal-E1,37203,19,4876,13,19,1
64,3,K4/H4-E1,21123,5,4876,13,19,1
64,3,K4/H4-E4,16898,5,4876,13,19,1
64,3,K3/H3-E4,15787,5,4876,13,19,1
64,3,K3/H3-E4-M1,12459,5,4876,13,19,1
64,3,K3/H3-E4-M2,9310,5,4876,13,19,1
64,4,Normal-E1,15035,4,4720,8,4,1
64,4,K4/H4-E1,13888,2,4720,8,4,1
64,4,K4/H4-E4,11967,2,4720,8,4,1
64,4,K3/H3-E4,10858,2,4720,8,4,1
64,4,K3/H3-E4-M1,8810,2,4720,8,4,1
64,4,K3/H3-E4-M2,6803,2,4720,8,4,1
64,5,Normal-E1,64983,40,4876,18,40,1
64,5,K4/H4-E1,32421,12,4876,18,40,1
64,5,K4/H4-E4,24006,12,4876,18,40,1
64,5,K3/H3-E4,21193,12,4876,18,40,1
64,5,K3/H3-E4-M1,16585,12,4876,18,40,1
64,5,K3/H3-E4-M2,12915,12,4876,18,40,1
64,6,Normal-E1,40453,24,7786,12,24,1
64,6,K4/H4-E1,20753,6,7786,12,24,1
64,6,K4/H4-E4,15760,6,7786,12,24,1
64,6,K3/H3-E4,14651,6,7786,12,24,1
64,6,K3/H3-E4-M1,11579,6,7786,12,24,1
64,6,K3/H3-E4-M2,9173,6,7786,12,24,1
64,7,Normal-E1,40671,25,1801,12,25,1
64,7,K4/H4-E1,21536,7,1801,12,25,1
64,7,K4/H4-E4,15775,7,1801,12,25,1
64,7,K3/H3-E4,14098,7,1801,12,25,1
64,7,K3/H3-E4-M1,11040,7,1801,12,25,1
64,7,K3/H3-E4-M2,9470,7,1801,12,25,1
64,8,Normal-E1,28560,13,3304,11,13,1
64,8,K4/H4-E1,19694,5,3304,11,13,1
64,8,K4/H4-E4,15469,5,3304,11,13,1
64,8,K3/H3-E4,14358,5,3304,11,13,1
64,8,K3/H3-E4-M1,11542,5,3304,11,13,1
64,8,K3/H3-E4-M2,8639,5,3304,11,13,1
64,9,Normal-E1,1446,0,12001,1,0,1
64,9,K4/H4-E1,5924,0,12001,1,0,1
64,9,K4/H4-E4,5539,0,12001,1,0,1
64,9,K3/H3-E4,4430,0,12001,1,0,1
64,9,K3/H3-E4-M1,4174,0,12001,1,0,1
64,9,K3/H3-E4-M2,3834,0,12001,1,0,1
64,10,Normal-E1,10653,4,8685,5,4,1
64,10,K4/H4-E1,11035,2,8685,5,4,1
64,10,K4/H4-E4,9114,2,8685,5,4,1
64,10,K3/H3-E4,8005,2,8685,5,4,1
64,10,K3/H3-E4-M1,6725,2,8685,5,4,1
64,10,K3/H3-E4-M2,5738,2,8685,5,4,1
64,11,Normal-E1,35094,19,682,12,19,1
64,11,K4/H4-E1,21738,7,682,12,19,1
64,11,K4/H4-E4,15977,7,682,12,19,1
64,11,K3/H3-E4,14717,7,682,12,19,1
64,11,K3/H3-E4-M1,11645,7,682,12,19,1
64,11,K3/H3-E4-M2,9378,7,682,12,19,1
64,12,Normal-E1,39195,20,26,14,20,1
64,12,K4/H4-E1,27587,10,26,14,20,1
64,12,K4/H4-E4,19630,10,26,14,20,1
64,12,K3/H3-E4,17566,10,26,14,20,1
64,12,K3/H3-E4-M1,14174,10,26,14,20,1
64,12,K3/H3-E4-M2,11180,10,26,14,20,1
64,13,Normal-E1,33064,17,9302,11,17,1
64,13,K4/H4-E1,19032,4,9302,11,17,1
64,13,K4/H4-E4,15575,4,9302,11,17,1
64,13,K3/H3-E4,14464,4,9302,11,17,1
64,13,K3/H3-E4-M1,11648,4,9302,11,17,1
64,13,K3/H3-E4-M2,8373,4,9302,11,17,1
64,14,Normal-E1,36167,19,14567,12,19,1
64,14,K4/H4-E1,21629,6,14567,12,19,1
64,14,K4/H4-E4,16636,6,14567,12,19,1
64,14,K3/H3-E4,15525,6,14567,12,19,1
64,14,K3/H3-E4-M1,12453,6,14567,12,19,1
64,14,K3/H3-E4-M2,9148,6,14567,12,19,1
64,15,Normal-E1,20667,7,7400,10,7,1
64,15,K4/H4-E1,17473,4,7400,10,7,1
64,15,K4/H4-E4,14016,4,7400,10,7,1
64,15,K3/H3-E4,12905,4,7400,10,7,1
64,15,K3/H3-E4-M1,10345,4,7400,10,7,1
64,15,K3/H3-E4-M2,7968,4,7400,10,7,1
64,16,Normal-E1,48389,30,10839,13,30,1
64,16,K4/H4-E1,24648,8,10839,13,30,1
64,16,K4/H4-E4,18119,8,10839,13,30,1
64,16,K3/H3-E4,16411,8,10839,13,30,1
64,16,K3/H3-E4-M1,13083,8,10839,13,30,1
64,16,K3/H3-E4-M2,10064,8,10839,13,30,1
64,17,Normal-E1,15762,6,6247,7,6,1
64,17,K4/H4-E1,13063,2,6247,7,6,1
64,17,K4/H4-E4,11142,2,6247,7,6,1
64,17,K3/H3-E4,10033,2,6247,7,6,1
64,17,K3/H3-E4-M1,8241,2,6247,7,6,1
64,17,K3/H3-E4-M2,6450,2,6247,7,6,1
64,18,Normal-E1,20191,8,14542,9,8,1
64,18,K4/H4-E1,16471,4,14542,9,8,1
64,18,K4/H4-E4,13014,4,14542,9,8,1
64,18,K3/H3-E4,11905,4,14542,9,8,1
64,18,K3/H3-E4-M1,9601,4,14542,9,8,1
64,18,K3/H3-E4-M2,7626,4,14542,9,8,1
64,19,Normal-E1,31646,16,4724,11,16,1
64,19,K4/H4-E1,20714,6,4724,11,16,1
64,19,K4/H4-E4,15721,6,4724,11,16,1
64,19,K3/H3-E4,14612,6,4724,11,16,1
64,19,K3/H3-E4-M1,11796,6,4724,11,16,1
64,19,K3/H3-E4-M2,8862,6,4724,11,16,1
64,20,Normal-E1,38338,20,14542,13,20,1
64,20,K4/H4-E1,21372,5,14542,13,20,1
64,20,K4/H4-E4,17147,5,14542,13,20,1
64,20,K3/H3-E4,15890,5,14542,13,20,1
64,20,K3/H3-E4-M1,12562,5,14542,13,20,1
64,20,K3/H3-E4-M2,9258,5,14542,13,20,1
64,21,Normal-E1,36029,18,11647,13,18,1
64,21,K4/H4-E1,22017,6,11647,13,18,1
64,21,K4/H4-E4,17024,6,11647,13,18,1
64,21,K3/H3-E4,15915,6,11647,13,18,1
64,21,K3/H3-E4-M1,12587,6,11647,13,18,1
64,21,K3/H3-E4-M2,9593,6,11647,13,18,1
64,22,Normal-E1,16170,6,4724,8,6,1
64,22,K4/H4-E1,13995,3,4724,8,6,1
64,22,K4/H4-E4,11306,3,4724,8,6,1
64,22,K3/H3-E4,10197,3,4724,8,6,1
64,22,K3/H3-E4-M1,8149,3,4724,8,6,1
64,22,K3/H3-E4-M2,7103,3,4724,8,6,1
64,23,Normal-E1,28025,13,16090,10,13,1
64,23,K4/H4-E1,19668,5,16090,10,13,1
64,23,K4/H4-E4,15443,5,16090,10,13,1
64,23,K3/H3-E4,14334,5,16090,10,13,1
64,23,K3/H3-E4-M1,11774,5,16090,10,13,1
64,23,K3/H3-E4-M2,8343,5,16090,10,13,1
64,24,Normal-E1,5690,2,2888,3,2,1
64,24,K4/H4-E1,8120,1,2888,3,2,1
64,24,K4/H4-E4,6967,1,2888,3,2,1
64,24,K3/H3-E4,5858,1,2888,3,2,1
64,24,K3/H3-E4-M1,5090,1,2888,3,2,1
64,24,K3/H3-E4-M2,4783,1,2888,3,2,1
64,25,Normal-E1,10648,3,3073,6,3,1
64,25,K4/H4-E1,11554,2,3073,6,3,1
64,25,K4/H4-E4,9633,2,3073,6,3,1
64,25,K3/H3-E4,8524,2,3073,6,3,1
64,25,K3/H3-E4-M1,6988,2,3073,6,3,1
64,25,K3/H3-E4-M2,6033,2,3073,6,3,1
64,26,Normal-E1,28787,13,8225,12,13,1
64,26,K4/H4-E1,20445,6,8225,12,13,1
64,26,K4/H4-E4,15452,6,8225,12,13,1
64,26,K3/H3-E4,14343,6,8225,12,13,1
64,26,K3/H3-E4-M1,11271,6,8225,12,13,1
64,26,K3/H3-E4-M2,9144,6,8225,12,13,1
64,27,Normal-E1,25022,11,173,10,11,1
64,27,K4/H4-E1,15627,2,173,10,11,1
64,27,K4/H4-E4,13706,2,173,10,11,1
64,27,K3/H3-E4,12597,2,173,10,11,1
64,27,K3/H3-E4-M1,10037,2,173,10,11,1
64,27,K3/H3-E4-M2,7443,2,173,10,11,1
64,28,Normal-E1,27681,14,10593,10,14,1
64,28,K4/H4-E1,18295,5,10593,10,14,1
64,28,K4/H4-E4,14070,5,10593,10,14,1
64,28,K3/H3-E4,12961,5,10593,10,14,1
64,28,K3/H3-E4-M1,10401,5,10593,10,14,1
64,28,K3/H3-E4-M2,8259,5,10593,10,14,1
64,29,Normal-E1,16164,6,14542,7,6,1
64,29,K4/H4-E1,13460,2,14542,7,6,1
64,29,K4/H4-E4,11539,2,14542,7,6,1
64,29,K3/H3-E4,10430,2,14542,7,6,1
64,29,K3/H3-E4-M1,8638,2,14542,7,6,1
64,29,K3/H3-E4-M2,6382,2,14542,7,6,1
64,30,Normal-E1,25556,11,3903,11,11,1
64,30,K4/H4-E1,16686,3,3903,11,11,1
64,30,K4/H4-E4,13997,3,3903,11,11,1
64,30,K3/H3-E4,12888,3,3903,11,11,1
64,30,K3/H3-E4-M1,10072,3,3903,11,11,1
64,30,K3/H3-E4-M2,8068,3,3903,11,11,1
64,31,Normal-E1,34486,19,160,11,19,1
64,31,K4/H4-E1,19476,5,160,11,19,1
64,31,K4/H4-E4,15251,5,160,11,19,1
64,31,K3/H3-E4,14086,5,160,11,19,1
64,31,K3/H3-E4-M1,11270,5,160,11,19,1
64,31,K3/H3-E4-M2,8584,5,160,11,19,1
64,32,Normal-E1,3814,1,4720,2,1,1
64,32,K4/H4-E1,7787,1,4720,2,1,1
64,32,K4/H4-E4,6634,1,4720,2,1,1
64,32,K3/H3-E4,5525,1,4720,2,1,1
64,32,K3/H3-E4-M1,5013,1,4720,2,1,1
64,32,K3/H3-E4-M2,4457,1,4720,2,1,1
64,33,Normal-E1,6315,1,160,4,1,1
64,33,K4/H4-E1,9268,1,160,4,1,1
64,33,K4/H4-E4,8115,1,160,4,1,1
64,33,K3/H3-E4,7006,1,160,4,1,1
64,33,K3/H3-E4-M1,5982,1,160,4,1,1
64,33,K3/H3-E4-M2,5087,1,160,4,1,1
64,34,Normal-E1,27137,13,6247,10,13,1
64,34,K4/H4-E1,17748,4,6247,10,13,1
64,34,K4/H4-E4,14291,4,6247,10,13,1
64,34,K3/H3-E4,13182,4,6247,10,13,1
64,34,K3/H3-E4-M1,10622,4,6247,10,13,1
64,34,K3/H3-E4-M2,7966,4,6247,10,13,1
64,35,Normal-E1,36099,18,7400,13,18,1
64,35,K4/H4-E1,24149,8,7400,13,18,1
64,35,K4/H4-E4,17620,8,7400,13,18,1
64,35,K3/H3-E4,16509,8,7400,13,18,1
64,35,K3/H3-E4-M1,13181,8,7400,13,18,1
64,35,K3/H3-E4-M2,10032,8,7400,13,18,1
64,36,Normal-E1,43131,23,5531,14,23,1
64,36,K4/H4-E1,26542,9,5531,14,23,1
64,36,K4/H4-E4,19245,9,5531,14,23,1
64,36,K3/H3-E4,18136,9,5531,14,23,1
64,36,K3/H3-E4-M1,14552,9,5531,14,23,1
64,36,K3/H3-E4-M2,10753,9,5531,14,23,1
64,37,Normal-E1,50146,28,8225,16,28,1
64,37,K4/H4-E1,25856,7,8225,16,28,1
64,37,K4/H4-E4,19710,7,8225,16,28,1
64,37,K3/H3-E4,19101,9,8225,16,28,1
64,37,K3/H3-E4-M1,15005,9,8225,16,28,1
64,37,K3/H3-E4-M2,11718,9,8225,16,28,1
64,38,Normal-E1,31647,17,10931,10,17,1
64,38,K4/H4-E1,19160,5,10931,10,17,1
64,38,K4/H4-E4,14935,5,10931,10,17,1
64,38,K3/H3-E4,13824,5,10931,10,17,1
64,38,K3/H3-E4-M1,11264,5,10931,10,17,1
64,38,K3/H3-E4-M2,8360,5,10931,10,17,1
64,39,Normal-E1,28393,13,2888,11,13,1
64,39,K4/H4-E1,17457,3,2888,11,13,1
64,39,K4/H4-E4,14768,3,2888,11,13,1
64,39,K3/H3-E4,13659,3,2888,11,13,1
64,39,K3/H3-E4-M1,10843,3,2888,11,13,1
64,39,K3/H3-E4-M2,8157,3,2888,11,13,1
64,40,Normal-E1,22601,9,11272,10,9,1
64,40,K4/H4-E1,17341,4,11272,10,9,1
64,40,K4/H4-E4,13884,4,11272,10,9,1
64,40,K3/H3-E4,12773,4,11272,10,9,1
64,40,K3/H3-E4-M1,10213,4,11272,10,9,1
64,40,K3/H3-E4-M2,7960,4,11272,10,9,1
64,41,Normal-E1,12855,5,4512,6,5,1
64,41,K4/H4-E1,11693,2,4512,6,5,1
64,41,K4/H4-E4,9772,2,4512,6,5,1
64,41,K3/H3-E4,8663,2,4512,6,5,1
64,41,K3/H3-E4-M1,7127,2,4512,6,5,1
64,41,K3/H3-E4-M2,6048,2,4512,6,5,1
64,42,Normal-E1,21587,8,507,10,8,1
64,42,K4/H4-E1,18394,5,507,10,8,1
64,42,K4/H4-E4,14169,5,507,10,8,1
64,42,K3/H3-E4,13058,5,507,10,8,1
64,42,K3/H3-E4-M1,10498,5,507,10,8,1
64,42,K3/H3-E4-M2,8214,5,507,10,8,1
64,43,Normal-E1,25557,12,11272,10,12,1
64,43,K4/H4-E1,18234,5,11272,10,12,1
64,43,K4/H4-E4,14009,5,11272,10,12,1
64,43,K3/H3-E4,12900,5,11272,10,12,1
64,43,K3/H3-E4-M1,10340,5,11272,10,12,1
64,43,K3/H3-E4-M2,8242,5,11272,10,12,1
64,44,Normal-E1,22557,8,7400,11,8,1
64,44,K4/H4-E1,16787,3,7400,11,8,1
64,44,K4/H4-E4,14098,3,7400,11,8,1
64,44,K3/H3-E4,12989,3,7400,11,8,1
64,44,K3/H3-E4-M1,10173,3,7400,11,8,1
64,44,K3/H3-E4-M2,8045,3,7400,11,8,1
64,45,Normal-E1,28174,14,7786,11,14,1
64,45,K4/H4-E1,17241,4,7786,11,14,1
64,45,K4/H4-E4,13784,4,7786,11,14,1
64,45,K3/H3-E4,12675,4,7786,11,14,1
64,45,K3/H3-E4-M1,9859,4,7786,11,14,1
64,45,K3/H3-E4-M2,8258,4,7786,11,14,1
64,46,Normal-E1,22656,10,6247,9,10,1
64,46,K4/H4-E1,16872,4,6247,9,10,1
64,46,K4/H4-E4,13415,4,6247,9,10,1
64,46,K3/H3-E4,12304,4,6247,9,10,1
64,46,K3/H3-E4-M1,10000,4,6247,9,10,1
64,46,K3/H3-E4-M2,7622,4,6247,9,10,1
64,47,Normal-E1,50833,30,5200,15,30,1
64,47,K4/H4-E1,29924,12,5200,15,30,1
64,47,K4/H4-E4,20323,12,5200,15,30,1
64,47,K3/H3-E4,19165,13,5200,15,30,1
64,47,K3/H3-E4-M1,15325,13,5200,15,30,1
64,47,K3/H3-E4-M2,12085,13,5200,15,30,1
64,48,Normal-E1,31640,13,15288,13,13,1
64,48,K4/H4-E1,22789,6,15288,13,13,1
64,48,K4/H4-E4,17796,6,15288,13,13,1
64,48,K3/H3-E4,16687,6,15288,13,13,1
64,48,K3/H3-E4-M1,13359,6,15288,13,13,1
64,48,K3/H3-E4-M2,9621,6,15288,13,13,1
64,49,Normal-E1,26912,11,10234,11,11,1
64,49,K4/H4-E1,20110,5,10234,11,11,1
64,49,K4/H4-E4,15885,5,10234,11,11,1
64,49,K3/H3-E4,14774,5,10234,11,11,1
64,49,K3/H3-E4-M1,11958,5,10234,11,11,1
64,49,K3/H3-E4-M2,8621,5,10234,11,11,1
64,50,Normal-E1,53477,32,1038,16,32,1
64,50,K4/H4-E1,29731,12,1038,16,32,1
64,50,K4/H4-E4,20130,12,1038,16,32,1
64,50,K3/H3-E4,18964,12,1038,16,32,1
64,50,K3/H3-E4-M1,14868,12,1038,16,32,1
64,50,K3/H3-E4-M2,12086,12,1038,16,32,1
64,51,Normal-E1,20662,10,14405,8,10,1
64,51,K4/H4-E1,14352,3,14405,8,10,1
64,51,K4/H4-E4,11663,3,14405,8,10,1
64,51,K3/H3-E4,10554,3,14405,8,10,1
64,51,K3/H3-E4-M1,8506,3,14405,8,10,1
64,51,K3/H3-E4-M2,6933,3,14405,8,10,1
64,52,Normal-E1,66928,43,16090,16,43,1
64,52,K4/H4-E1,35477,15,16090,16,43,1
64,52,K4/H4-E4,23572,15,16090,16,43,1
64,52,K3/H3-E4,21850,15,16090,16,43,1
64,52,K3/H3-E4-M1,17754,15,16090,16,43,1
64,52,K3/H3-E4-M2,13027,15,16090,16,43,1
64,53,Normal-E1,39272,21,15469,13,21,1
64,53,K4/H4-E1,23190,7,15469,13,21,1
64,53,K4/H4-E4,17429,7,15469,13,21,1
64,53,K3/H3-E4,16320,7,15469,13,21,1
64,53,K3/H3-E4-M1,12992,7,15469,13,21,1
64,53,K3/H3-E4-M2,9750,7,15469,13,21,1
64,54,Normal-E1,25664,13,14405,9,13,1
64,54,K4/H4-E1,16781,4,14405,9,13,1
64,54,K4/H4-E4,13324,4,14405,9,13,1
64,54,K3/H3-E4,12213,4,14405,9,13,1
64,54,K3/H3-E4-M1,9909,4,14405,9,13,1
64,54,K3/H3-E4-M2,7562,4,14405,9,13,1
64,55,Normal-E1,4014,1,11647,2,1,1
64,55,K4/H4-E1,7987,1,11647,2,1,1
64,55,K4/H4-E4,6834,1,11647,2,1,1
64,55,K3/H3-E4,5725,1,11647,2,1,1
64,55,K3/H3-E4-M1,5213,1,11647,2,1,1
64,55,K3/H3-E4-M2,4471,1,11647,2,1,1
64,56,Normal-E1,13584,4,7786,7,4,1
64,56,K4/H4-E1,12946,2,7786,7,4,1
64,56,K4/H4-E4,11025,2,7786,7,4,1
64,56,K3/H3-E4,9916,2,7786,7,4,1
64,56,K3/H3-E4-M1,8124,2,7786,7,4,1
64,56,K3/H3-E4-M2,6364,2,7786,7,4,1
64,57,Normal-E1,31030,15,3876,12,15,1
64,57,K4/H4-E1,19589,5,3876,12,15,1
64,57,K4/H4-E4,15364,5,3876,12,15,1
64,57,K3/H3-E4,14253,5,3876,12,15,1
64,57,K3/H3-E4-M1,11181,5,3876,12,15,1
64,57,K3/H3-E4-M2,8961,5,3876,12,15,1
64,58,Normal-E1,11015,4,8225,5,4,1
64,58,K4/H4-E1,11398,2,8225,5,4,1
64,58,K4/H4-E4,9477,2,8225,5,4,1
64,58,K3/H3-E4,8368,2,8225,5,4,1
64,58,K3/H3-E4-M1,7088,2,8225,5,4,1
64,58,K3/H3-E4-M2,5729,2,8225,5,4,1
64,59,Normal-E1,29817,14,8225,11,14,1
64,59,K4/H4-E1,18883,4,8225,11,14,1
64,59,K4/H4-E4,15426,4,8225,11,14,1
64,59,K3/H3-E4,14317,4,8225,11,14,1
64,59,K3/H3-E4-M1,11501,4,8225,11,14,1
64,59,K3/H3-E4-M2,8423,4,8225,11,14,1
64,60,Normal-E1,3573,1,3903,2,1,1
64,60,K4/H4-E1,7544,1,3903,2,1,1
64,60,K4/H4-E4,6391,1,3903,2,1,1
64,60,K3/H3-E4,5282,1,3903,2,1,1
64,60,K3/H3-E4-M1,4770,1,3903,2,1,1
64,60,K3/H3-E4-M2,4462,1,3903,2,1,1
64,61,Normal-E1,27584,13,13012,10,13,1
64,61,K4/H4-E1,17157,3,13012,10,13,1
64,61,K4/H4-E4,14468,3,13012,10,13,1
64,61,K3/H3-E4,13359,3,13012,10,13,1
64,61,K3/H3-E4-M1,10799,3,13012,10,13,1
64,61,K3/H3-E4-M2,7740,3,13012,10,13,1
64,62,Normal-E1,11223,4,15288,5,4,1
64,62,K4/H4-E1,11604,2,15288,5,4,1
64,62,K4/H4-E4,9683,2,15288,5,4,1
64,62,K3/H3-E4,8574,2,15288,5,4,1
64,62,K3/H3-E4-M1,7294,2,15288,5,4,1
64,62,K3/H3-E4-M2,5780,2,15288,5,4,1
64,63,Normal-E1,24390,11,14567,10,11,1
64,63,K4/H4-E1,18098,5,14567,10,11,1
64,63,K4/H4-E4,13873,5,14567,10,11,1
64,63,K3/H3-E4,12762,5,14567,10,11,1
64,63,K3/H3-E4-M1,10202,5,14567,10,11,1
64,63,K3/H3-E4-M2,8197,5,14567,10,11,1
64,64,Normal-E1,23595,10,1801,10,10,1
64,64,K4/H4-E1,17302,4,1801,10,10,1
64,64,K4/H4-E4,13845,4,1801,10,10,1
64,64,K3/H3-E4,12736,4,1801,10,10,1
64,64,K3/H3-E4-M1,10176,4,1801,10,10,1
64,64,K3/H3-E4-M2,7985,4,1801,10,10,1
64,65,Normal-E1,48521,28,26,15,28,1
64,65,K4/H4-E1,23159,6,26,15,28,1
64,65,K4/H4-E4,18166,6,26,15,28,1
64,65,K3/H3-E4,17324,7,26,15,28,1
64,65,K3/H3-E4-M1,13484,7,26,15,28,1
64,65,K3/H3-E4-M2,10430,7,26,15,28,1
64,66,Normal-E1,43531,26,9302,13,26,1
64,66,K4/H4-E1,23800,8,9302,13,26,1
64,66,K4/H4-E4,18039,8,9302,13,26,1
64,66,K3/H3-E4,15682,8,9302,13,26,1
64,66,K3/H3-E4-M1,12465,8,9302,13,26,1
64,66,K3/H3-E4-M2,10245,8,9302,13,26,1
64,67,Normal-E1,29825,15,682,11,15,1
64,67,K4/H4-E1,18895,5,682,11,15,1
64,67,K4/H4-E4,14670,5,682,11,15,1
64,67,K3/H3-E4,13559,5,682,11,15,1
64,67,K3/H3-E4-M1,10743,5,682,11,15,1
64,67,K3/H3-E4-M2,8522,5,682,11,15,1
64,68,Normal-E1,40985,24,1825,12,24,1
64,68,K4/H4-E1,21285,6,1825,12,24,1
64,68,K4/H4-E4,16292,6,1825,12,24,1
64,68,K3/H3-E4,15181,6,1825,12,24,1
64,68,K3/H3-E4-M1,12109,6,1825,12,24,1
64,68,K3/H3-E4-M2,9207,6,1825,12,24,1
64,69,Normal-E1,43691,23,8225,15,23,1
64,69,K4/H4-E1,22459,5,8225,15,23,1
64,69,K4/H4-E4,18234,5,8225,15,23,1
64,69,K3/H3-E4,17125,5,8225,15,23,1
64,69,K3/H3-E4-M1,13285,5,8225,15,23,1
64,69,K3/H3-E4-M2,9921,5,8225,15,23,1
64,70,Normal-E1,60813,40,5531,15,40,1
64,70,K4/H4-E1,30923,12,5531,15,40,1
64,70,K4/H4-E4,21322,12,5531,15,40,1
64,70,K3/H3-E4,18553,12,5531,15,40,1
64,70,K3/H3-E4-M1,14872,12,5531,15,40,1
64,70,K3/H3-E4-M2,12057,12,5531,15,40,1
64,71,Normal-E1,49541,27,2852,16,27,1
64,71,K4/H4-E1,30975,11,2852,16,27,1
64,71,K4/H4-E4,22142,11,2852,16,27,1
64,71,K3/H3-E4,20194,12,2852,16,27,1
64,71,K3/H3-E4-M1,16098,12,2852,16,27,1
64,71,K3/H3-E4-M2,12250,12,2852,16,27,1
64,72,Normal-E1,37321,20,13048,13,20,1
64,72,K4/H4-E1,20809,5,13048,13,20,1
64,72,K4/H4-E4,16584,5,13048,13,20,1
64,72,K3/H3-E4,14872,5,13048,13,20,1
64,72,K3/H3-E4-M1,11597,5,13048,13,20,1
64,72,K3/H3-E4-M2,9284,5,13048,13,20,1
64,73,Normal-E1,59195,35,701,17,35,1
64,73,K4/H4-E1,29719,10,701,17,35,1
64,73,K4/H4-E4,21654,10,701,17,35,1
64,73,K3/H3-E4,20543,10,701,17,35,1
64,73,K3/H3-E4-M1,16191,10,701,17,35,1
64,73,K3/H3-E4-M2,11983,10,701,17,35,1
64,74,Normal-E1,70314,48,507,16,48,1
64,74,K4/H4-E1,31788,13,507,16,48,1
64,74,K4/H4-E4,22246,13,507,16,48,1
64,74,K3/H3-E4,19540,13,507,16,48,1
64,74,K3/H3-E4-M1,15444,13,507,16,48,1
64,74,K3/H3-E4-M2,12391,13,507,16,48,1
64,75,Normal-E1,14871,5,10812,7,5,1
64,75,K4/H4-E1,12167,1,10812,7,5,1
64,75,K4/H4-E4,11014,1,10812,7,5,1
64,75,K3/H3-E4,9905,1,10812,7,5,1
64,75,K3/H3-E4-M1,8113,1,10812,7,5,1
64,75,K3/H3-E4-M2,6105,1,10812,7,5,1
64,76,Normal-E1,56632,36,1801,15,36,1
64,76,K4/H4-E1,29020,11,1801,15,36,1
64,76,K4/H4-E4,20187,11,1801,15,36,1
64,76,K3/H3-E4,18500,12,1801,15,36,1
64,76,K3/H3-E4-M1,14660,12,1801,15,36,1
64,76,K3/H3-E4-M2,11792,12,1801,15,36,1
64,77,Normal-E1,18338,8,701,8,8,1
64,77,K4/H4-E1,14096,3,701,8,8,1
64,77,K4/H4-E4,11407,3,701,8,8,1
64,77,K3/H3-E4,10298,3,701,8,8,1
64,77,K3/H3-E4-M1,8250,3,701,8,8,1
64,77,K3/H3-E4-M2,6987,3,701,8,8,1
64,78,Normal-E1,13240,5,5281,6,5,1
64,78,K4/H4-E1,12078,2,5281,6,5,1
64,78,K4/H4-E4,10157,2,5281,6,5,1
64,78,K3/H3-E4,9048,2,5281,6,5,1
64,78,K3/H3-E4-M1,7512,2,5281,6,5,1
64,78,K3/H3-E4-M2,6061,2,5281,6,5,1
64,79,Normal-E1,65168,43,8089,16,43,1
64,79,K4/H4-E1,34500,15,8089,16,43,1
64,79,K4/H4-E4,22595,15,8089,16,43,1
64,79,K3/H3-E4,20359,16,8089,16,43,1
64,79,K3/H3-E4-M1,16306,16,8089,16,43,1
64,79,K3/H3-E4-M2,13283,16,8089,16,43,1
64,80,Normal-E1,14432,4,8799,8,4,1
64,80,K4/H4-E1,13285,2,8799,8,4,1
64,80,K4/H4-E4,11364,2,8799,8,4,1
64,80,K3/H3-E4,10255,2,8799,8,4,1
64,80,K3/H3-E4-M1,8207,2,8799,8,4,1
64,80,K3/H3-E4-M2,6789,2,8799,8,4,1
64,81,Normal-E1,15152,6,7786,7,6,1
64,81,K4/H4-E1,12450,2,7786,7,6,1
64,81,K4/H4-E4,10529,2,7786,7,6,1
64,81,K3/H3-E4,9420,2,7786,7,6,1
64,81,K3/H3-E4-M1,7628,2,7786,7,6,1
64,81,K3/H3-E4-M2,6457,2,7786,7,6,1
64,82,Normal-E1,30680,15,10234,11,15,1
64,82,K4/H4-E1,19748,5,10234,11,15,1
64,82,K4/H4-E4,15523,5,10234,11,15,1
64,82,K3/H3-E4,14412,5,10234,11,15,1
64,82,K3/H3-E4-M1,11596,5,10234,11,15,1
64,82,K3/H3-E4-M2,8631,5,10234,11,15,1
64,83,Normal-E1,43199,23,5270,14,23,1
64,83,K4/H4-E1,26126,8,5270,14,23,1
64,83,K4/H4-E4,19597,8,5270,14,23,1
64,83,K3/H3-E4,18205,9,5270,14,23,1
64,83,K3/H3-E4-M1,14621,9,5270,14,23,1
64,83,K3/H3-E4-M2,10793,9,5270,14,23,1
64,84,Normal-E1,5185,1,14494,3,1,1
64,84,K4/H4-E1,8647,1,14494,3,1,1
64,84,K4/H4-E4,7494,1,14494,3,1,1
64,84,K3/H3-E4,6385,1,14494,3,1,1
64,84,K3/H3-E4-M1,5617,1,14494,3,1,1
64,84,K3/H3-E4-M2,4814,1,14494,3,1,1
64,85,Normal-E1,26446,13,5200,10,13,1
64,85,K4/H4-E1,16024,3,5200,10,13,1
64,85,K4/H4-E4,13335,3,5200,10,13,1
64,85,K3/H3-E4,12226,3,5200,10,13,1
64,85,K3/H3-E4-M1,9666,3,5200,10,13,1
64,85,K3/H3-E4-M2,7723,3,5200,10,13,1
64,86,Normal-E1,35169,19,586,12,19,1
64,86,K4/H4-E1,20946,6,586,12,19,1
64,86,K4/H4-E4,15953,6,586,12,19,1
64,86,K3/H3-E4,14532,6,586,12,19,1
64,86,K3/H3-E4-M1,11650,6,586,12,19,1
64,86,K3/H3-E4-M2,9460,6,586,12,19,1
64,87,Normal-E1,40795,23,10593,13,23,1
64,87,K4/H4-E1,23680,8,10593,13,23,1
64,87,K4/H4-E4,17151,8,10593,13,23,1
64,87,K3/H3-E4,16040,8,10593,13,23,1
64,87,K3/H3-E4-M1,12712,8,10593,13,23,1
64,87,K3/H3-E4-M2,10090,8,10593,13,23,1
64,88,Normal-E1,43086,25,7786,13,25,1
64,88,K4/H4-E1,21842,6,7786,13,25,1
64,88,K4/H4-E4,16849,6,7786,13,25,1
64,88,K3/H3-E4,15738,6,7786,13,25,1
64,88,K3/H3-E4-M1,12410,6,7786,13,25,1
64,88,K3/H3-E4-M2,9546,6,7786,13,25,1
64,89,Normal-E1,27625,13,10931,10,13,1
64,89,K4/H4-E1,19269,5,10931,10,13,1
64,89,K4/H4-E4,15044,5,10931,10,13,1
64,89,K3/H3-E4,13935,5,10931,10,13,1
64,89,K3/H3-E4-M1,11375,5,10931,10,13,1
64,89,K3/H3-E4-M2,8347,5,10931,10,13,1
64,90,Normal-E1,30061,12,16090,13,12,1
64,90,K4/H4-E1,22246,6,16090,13,12,1
64,90,K4/H4-E4,17253,6,16090,13,12,1
64,90,K3/H3-E4,16137,6,16090,13,12,1
64,90,K3/H3-E4-M1,12809,6,16090,13,12,1
64,90,K3/H3-E4-M2,9629,6,16090,13,12,1
64,91,Normal-E1,37927,18,13048,14,18,1
64,91,K4/H4-E1,25517,8,13048,14,18,1
64,91,K4/H4-E4,19342,8,13048,14,18,1
64,91,K3/H3-E4,17833,8,13048,14,18,1
64,91,K3/H3-E4-M1,14249,8,13048,14,18,1
64,91,K3/H3-E4-M2,10590,8,13048,14,18,1
64,92,Normal-E1,5285,1,5341,3,1,1
64,92,K4/H4-E1,8749,1,5341,3,1,1
64,92,K4/H4-E4,7596,1,5341,3,1,1
64,92,K3/H3-E4,6487,1,5341,3,1,1
64,92,K3/H3-E4-M1,5719,1,5341,3,1,1
64,92,K3/H3-E4-M2,4792,1,5341,3,1,1
64,93,Normal-E1,27653,14,13012,10,14,1
64,93,K4/H4-E1,16194,3,13012,10,14,1
64,93,K4/H4-E4,13505,3,13012,10,14,1
64,93,K3/H3-E4,12396,3,13012,10,14,1
64,93,K3/H3-E4-M1,9836,3,13012,10,14,1
64,93,K3/H3-E4-M2,7738,3,13012,10,14,1
64,94,Normal-E1,38300,21,507,13,21,1
64,94,K4/H4-E1,22683,7,507,13,21,1
64,94,K4/H4-E4,16922,7,507,13,21,1
64,94,K3/H3-E4,15350,7,507,13,21,1
64,94,K3/H3-E4-M1,12022,7,507,13,21,1
64,94,K3/H3-E4-M2,9870,7,507,13,21,1
64,95,Normal-E1,104031,75,507,20,75,1
64,95,K4/H4-E1,43482,18,507,20,75,1
64,95,K4/H4-E4,29273,18,507,20,75,1
64,95,K3/H3-E4,26740,25,507,20,75,1
64,95,K3/H3-E4-M1,21876,25,507,20,75,1
64,95,K3/H3-E4-M2,17573,25,507,20,75,1
64,96,Normal-E1,39826,21,13012,14,21,1
64,96,K4/H4-E1,22206,6,13012,14,21,1
64,96,K4/H4-E4,17213,6,13012,14,21,1
64,96,K3/H3-E4,16102,6,13012,14,21,1
64,96,K3/H3-E4-M1,12518,6,13012,14,21,1
64,96,K3/H3-E4-M2,9866,6,13012,14,21,1
64,97,Normal-E1,54905,33,1801,16,33,1
64,97,K4/H4-E1,34026,14,1801,16,33,1
64,97,K4/H4-E4,22504,14,1801,16,33,1
64,97,K3/H3-E4,20558,16,1801,16,33,1
64,97,K3/H3-E4-M1,16462,16,1801,16,33,1
64,97,K3/H3-E4-M2,13742,16,1801,16,33,1
64,98,Normal-E1,20401,7,491,10,7,1
64,98,K4/H4-E1,15138,2,491,10,7,1
64,98,K4/H4-E4,13217,2,491,10,7,1
64,98,K3/H3-E4,12108,2,491,10,7,1
64,98,K3/H3-E4-M1,9548,2,491,10,7,1
64,98,K3/H3-E4-M2,7388,2,491,10,7,1
64,99,Normal-E1,11939,4,5531,6,4,1
64,99,K4/H4-E1,11816,2,5531,6,4,1
64,99,K4/H4-E4,9895,2,5531,6,4,1
64,99,K3/H3-E4,8786,2,5531,6,4,1
64,99,K3/H3-E4-M1,7250,2,5531,6,4,1
64,99,K3/H3-E4-M2,6109,2,5531,6,4,1
256,0,Normal-E1,18108,7,15288,8,7,1
256,0,K4/H4-E1,14898,3,15288,8,7,1
256,0,K4/H4-E4,12209,3,15288,8,7,1
256,0,K3/H3-E4,11100,3,15288,8,7,1
256,0,K3/H3-E4-M1,9052,3,15288,8,7,1
256,0,K3/H3-E4-M2,7045,3,15288,8,7,1
256,1,Normal-E1,8854,2,5849,5,2,1
256,1,K4/H4-E1,10266,1,5849,5,2,1
256,1,K4/H4-E4,9113,1,5849,5,2,1
256,1,K3/H3-E4,8004,1,5849,5,2,1
256,1,K3/H3-E4-M1,6724,1,5849,5,2,1
256,1,K3/H3-E4-M2,5489,1,5849,5,2,1
256,2,Normal-E1,12296,3,8081,7,3,1
256,2,K4/H4-E1,12694,2,8081,7,3,1
256,2,K4/H4-E4,10773,2,8081,7,3,1
256,2,K3/H3-E4,9664,2,8081,7,3,1
256,2,K3/H3-E4-M1,7872,2,8081,7,3,1
256,2,K3/H3-E4-M2,6422,2,8081,7,3,1
256,3,Normal-E1,20334,8,16060,9,8,1
256,3,K4/H4-E1,16618,4,16060,9,8,1
256,3,K4/H4-E4,13161,4,16060,9,8,1
256,3,K3/H3-E4,12050,4,16060,9,8,1
256,3,K3/H3-E4-M1,9746,4,16060,9,8,1
256,3,K3/H3-E4-M2,7647,4,16060,9,8,1
256,4,Normal-E1,33629,17,12680,12,17,1
256,4,K4/H4-E1,22484,7,12680,12,17,1
256,4,K4/H4-E4,16723,7,12680,12,17,1
256,4,K3/H3-E4,15322,7,12680,12,17,1
256,4,K3/H3-E4-M1,12250,7,12680,12,17,1
256,4,K3/H3-E4-M2,9480,7,12680,12,17,1
256,5,Normal-E1,18367,5,7233,10,5,1
256,5,K4/H4-E1,15172,2,7233,10,5,1
256,5,K4/H4-E4,13251,2,7233,10,5,1
256,5,K3/H3-E4,12142,2,7233,10,5,1
256,5,K3/H3-E4-M1,9582,2,7233,10,5,1
256,5,K3/H3-E4-M2,7515,2,7233,10,5,1
256,6,Normal-E1,16391,7,3716,7,7,1
256,6,K4/H4-E1,12657,2,3716,7,7,1
256,6,K4/H4-E4,10736,2,3716,7,7,1
256,6,K3/H3-E4,9627,2,3716,7,7,1
256,6,K3/H3-E4-M1,7835,2,3716,7,7,1
256,6,K3/H3-E4-M2,6385,2,3716,7,7,1
256,7,Normal-E1,18141,8,3545,8,8,1
256,7,K4/H4-E1,13897,3,3545,8,8,1
256,7,K4/H4-E4,11208,3,3545,8,8,1
256,7,K3/H3-E4,10099,3,3545,8,8,1
256,7,K3/H3-E4-M1,8051,3,3545,8,8,1
256,7,K3/H3-E4-M2,6974,3,3545,8,8,1
256,8,Normal-E1,22162,8,11907,10,8,1
256,8,K4/H4-E1,17935,4,11907,10,8,1
256,8,K4/H4-E4,14478,4,11907,10,8,1
256,8,K3/H3-E4,13367,4,11907,10,8,1
256,8,K3/H3-E4-M1,10807,4,11907,10,8,1
256,8,K3/H3-E4-M2,8027,4,11907,10,8,1
256,9,Normal-E1,1446,0,12001,1,0,1
256,9,K4/H4-E1,5924,0,12001,1,0,1
256,9,K4/H4-E4,5539,0,12001,1,0,1
256,9,K3/H3-E4,4430,0,12001,1,0,1
256,9,K3/H3-E4-M1,4174,0,12001,1,0,1
256,9,K3/H3-E4-M2,3834,0,12001,1,0,1
256,10,Normal-E1,7230,2,5451,4,2,1
256,10,K4/H4-E1,9152,1,5451,4,2,1
256,10,K4/H4-E4,7999,1,5451,4,2,1
256,10,K3/H3-E4,6890,1,5451,4,2,1
256,10,K3/H3-E4-M1,5866,1,5451,4,2,1
256,10,K3/H3-E4-M2,5126,1,5451,4,2,1
256,11,Normal-E1,35097,19,873,12,19,1
256,11,K4/H4-E1,21741,7,873,12,19,1
256,11,K4/H4-E4,15980,7,873,12,19,1
256,11,K3/H3-E4,14720,7,873,12,19,1
256,11,K3/H3-E4-M1,11648,7,873,12,19,1
256,11,K3/H3-E4-M2,9443,7,873,12,19,1
256,12,Normal-E1,9680,3,90,5,3,1
256,12,K4/H4-E1,11095,2,90,5,3,1
256,12,K4/H4-E4,9174,2,90,5,3,1
256,12,K3/H3-E4,8065,2,90,5,3,1
256,12,K3/H3-E4-M1,6785,2,90,5,3,1
256,12,K3/H3-E4-M2,5736,2,90,5,3,1
256,13,Normal-E1,13225,5,7326,6,5,1
256,13,K4/H4-E1,12064,2,7326,6,5,1
256,13,K4/H4-E4,10143,2,7326,6,5,1
256,13,K3/H3-E4,9034,2,7326,6,5,1
256,13,K3/H3-E4-M1,7498,2,7326,6,5,1
256,13,K3/H3-E4-M2,6078,2,7326,6,5,1
256,14,Normal-E1,15414,7,1930,6,7,1
256,14,K4/H4-E1,12186,2,1930,6,7,1
256,14,K4/H4-E4,10265,2,1930,6,7,1
256,14,K3/H3-E4,9156,2,1930,6,7,1
256,14,K3/H3-E4-M1,7620,2,1930,6,7,1
256,14,K3/H3-E4-M2,6107,2,1930,6,7,1
256,15,Normal-E1,15198,3,13448,9,3,1
256,15,K4/H4-E1,14575,2,13448,9,3,1
256,15,K4/H4-E4,12654,2,13448,9,3,1
256,15,K3/H3-E4,11545,2,13448,9,3,1
256,15,K3/H3-E4-M1,9241,2,13448,9,3,1
256,15,K3/H3-E4-M2,7080,2,13448,9,3,1
256,16,Normal-E1,11820,4,12329,6,4,1
256,16,K4/H4-E1,11693,2,12329,6,4,1
256,16,K4/H4-E4,9772,2,12329,6,4,1
256,16,K3/H3-E4,8663,2,12329,6,4,1
256,16,K3/H3-E4-M1,7127,2,12329,6,4,1
256,16,K3/H3-E4-M2,6048,2,12329,6,4,1
256,17,Normal-E1,15736,6,6247,7,6,1
256,17,K4/H4-E1,13037,2,6247,7,6,1
256,17,K4/H4-E4,11116,2,6247,7,6,1
256,17,K3/H3-E4,10007,2,6247,7,6,1
256,17,K3/H3-E4-M1,8215,2,6247,7,6,1
256,17,K3/H3-E4-M2,6424,2,6247,7,6,1
256,18,Normal-E1,13002,4,4389,7,4,1
256,18,K4/H4-E1,11329,1,4389,7,4,1
256,18,K4/H4-E4,10176,1,4389,7,4,1
256,18,K3/H3-E4,9067,1,4389,7,4,1
256,18,K3/H3-E4-M1,7275,1,4389,7,4,1
256,18,K3/H3-E4-M2,6135,1,4389,7,4,1
256,19,Normal-E1,12652,3,13749,7,3,1
256,19,K4/H4-E1,13047,2,13749,7,3,1
256,19,K4/H4-E4,11126,2,13749,7,3,1
256,19,K3/H3-E4,10017,2,13749,7,3,1
256,19,K3/H3-E4-M1,8225,2,13749,7,3,1
256,19,K3/H3-E4-M2,6372,2,13749,7,3,1
256,20,Normal-E1,21679,9,6940,9,9,1
256,20,K4/H4-E1,16929,4,6940,9,9,1
256,20,K4/H4-E4,13472,4,6940,9,9,1
256,20,K3/H3-E4,12363,4,6940,9,9,1
256,20,K3/H3-E4-M1,10059,4,6940,9,9,1
256,20,K3/H3-E4-M2,7650,4,6940,9,9,1
256,21,Normal-E1,16458,4,2302,9,4,1
256,21,K4/H4-E1,16874,4,2302,9,4,1
256,21,K4/H4-E4,13417,4,2302,9,4,1
256,21,K3/H3-E4,12308,4,2302,9,4,1
256,21,K3/H3-E4-M1,10004,4,2302,9,4,1
256,21,K3/H3-E4-M2,7688,4,2302,9,4,1
256,22,Normal-E1,18460,7,7844,9,7,1
256,22,K4/H4-E1,14743,3,7844,9,7,1
256,22,K4/H4-E4,12054,3,7844,9,7,1
256,22,K3/H3-E4,10945,3,7844,9,7,1
256,22,K3/H3-E4-M1,8641,3,7844,9,7,1
256,22,K3/H3-E4-M2,7379,3,7844,9,7,1
256,23,Normal-E1,11055,4,6733,5,4,1
256,23,K4/H4-E1,11437,2,6733,5,4,1
256,23,K4/H4-E4,9516,2,6733,5,4,1
256,23,K3/H3-E4,8407,2,6733,5,4,1
256,23,K3/H3-E4-M1,7127,2,6733,5,4,1
256,23,K3/H3-E4-M2,5737,2,6733,5,4,1
256,24,Normal-E1,20365,10,4724,8,10,1
256,24,K4/H4-E1,14056,3,4724,8,10,1
256,24,K4/H4-E4,11367,3,4724,8,10,1
256,24,K3/H3-E4,10258,3,4724,8,10,1
256,24,K3/H3-E4-M1,8210,3,4724,8,10,1
256,24,K3/H3-E4-M2,7009,3,4724,8,10,1
256,25,Normal-E1,29978,14,9555,12,14,1
256,25,K4/H4-E1,19570,5,9555,12,14,1
256,25,K4/H4-E4,15345,5,9555,12,14,1
256,25,K3/H3-E4,14236,5,9555,12,14,1
256,25,K3/H3-E4-M1,11164,5,9555,12,14,1
256,25,K3/H3-E4-M2,8944,5,9555,12,14,1
256,26,Normal-E1,17375,6,6702,9,6,1
256,26,K4/H4-E1,13653,2,6702,9,6,1
256,26,K4/H4-E4,11732,2,6702,9,6,1
256,26,K3/H3-E4,10623,2,6702,9,6,1
256,26,K3/H3-E4-M1,8319,2,6702,9,6,1
256,26,K3/H3-E4-M2,6995,2,6702,9,6,1
256,27,Normal-E1,12093,4,10532,6,4,1
256,27,K4/H4-E1,11965,2,10532,6,4,1
256,27,K4/H4-E4,10044,2,10532,6,4,1
256,27,K3/H3-E4,8935,2,10532,6,4,1
256,27,K3/H3-E4-M1,7399,2,10532,6,4,1
256,27,K3/H3-E4-M2,6072,2,10532,6,4,1
256,28,Normal-E1,17881,7,314,8,7,1
256,28,K4/H4-E1,13639,2,314,8,7,1
256,28,K4/H4-E4,11718,2,314,8,7,1
256,28,K3/H3-E4,10609,2,314,8,7,1
256,28,K3/H3-E4-M1,8561,2,314,8,7,1
256,28,K3/H3-E4-M2,6771,2,314,8,7,1
256,29,Normal-E1,16174,6,14410,7,6,1
256,29,K4/H4-E1,13470,2,14410,7,6,1
256,29,K4/H4-E4,11549,2,14410,7,6,1
256,29,K3/H3-E4,10440,2,14410,7,6,1
256,29,K3/H3-E4-M1,8648,2,14410,7,6,1
256,29,K3/H3-E4-M2,6392,2,14410,7,6,1
256,30,Normal-E1,18803,7,4956,9,7,1
256,30,K4/H4-E1,15083,3,4956,9,7,1
256,30,K4/H4-E4,12394,3,4956,9,7,1
256,30,K3/H3-E4,11285,3,4956,9,7,1
256,30,K3/H3-E4-M1,8981,3,4956,9,7,1
256,30,K3/H3-E4-M2,7409,3,4956,9,7,1
256,31,Normal-E1,22871,10,15859,9,10,1
256,31,K4/H4-E1,17087,4,15859,9,10,1
256,31,K4/H4-E4,13630,4,15859,9,10,1
256,31,K3/H3-E4,12519,4,15859,9,10,1
256,31,K3/H3-E4-M1,10215,4,15859,9,10,1
256,31,K3/H3-E4-M2,7651,4,15859,9,10,1
256,32,Normal-E1,25510,12,11246,10,12,1
256,32,K4/H4-E1,17153,4,11246,10,12,1
256,32,K4/H4-E4,13696,4,11246,10,12,1
256,32,K3/H3-E4,12585,4,11246,10,12,1
256,32,K3/H3-E4-M1,10025,4,11246,10,12,1
256,32,K3/H3-E4-M2,8020,4,11246,10,12,1
256,33,Normal-E1,18536,8,825,8,8,1
256,33,K4/H4-E1,14292,3,825,8,8,1
256,33,K4/H4-E4,11603,3,825,8,8,1
256,33,K3/H3-E4,10494,3,825,8,8,1
256,33,K3/H3-E4-M1,8446,3,825,8,8,1
256,33,K3/H3-E4-M2,7028,3,825,8,8,1
256,34,Normal-E1,14918,5,10842,7,5,1
256,34,K4/H4-E1,13250,2,10842,7,5,1
256,34,K4/H4-E4,11329,2,10842,7,5,1
256,34,K3/H3-E4,10220,2,10842,7,5,1
256,34,K3/H3-E4-M1,8428,2,10842,7,5,1
256,34,K3/H3-E4-M2,6420,2,10842,7,5,1
256,35,Normal-E1,14335,6,9972,6,6,1
256,35,K4/H4-E1,12142,2,9972,6,6,1
256,35,K4/H4-E4,10221,2,9972,6,6,1
256,35,K3/H3-E4,9112,2,9972,6,6,1
256,35,K3/H3-E4-M1,7576,2,9972,6,6,1
256,35,K3/H3-E4-M2,6063,2,9972,6,6,1
256,36,Normal-E1,11844,3,16297,6,3,1
256,36,K4/H4-E1,12748,2,16297,6,3,1
256,36,K4/H4-E4,10827,2,16297,6,3,1
256,36,K3/H3-E4,9718,2,16297,6,3,1
256,36,K3/H3-E4-M1,8182,2,16297,6,3,1
256,36,K3/H3-E4-M2,6142,2,16297,6,3,1
256,37,Normal-E1,10396,4,1456,5,4,1
256,37,K4/H4-E1,10776,2,1456,5,4,1
256,37,K4/H4-E4,8855,2,1456,5,4,1
256,37,K3/H3-E4,7746,2,1456,5,4,1
256,37,K3/H3-E4-M1,6466,2,1456,5,4,1
256,37,K3/H3-E4-M2,5758,2,1456,5,4,1
256,38,Normal-E1,13719,5,11990,6,5,1
256,38,K4/H4-E1,12559,2,11990,6,5,1
256,38,K4/H4-E4,10638,2,11990,6,5,1
256,38,K3/H3-E4,9529,2,11990,6,5,1
256,38,K3/H3-E4-M1,7993,2,11990,6,5,1
256,38,K3/H3-E4-M2,6108,2,11990,6,5,1
256,39,Normal-E1,7309,2,10839,4,2,1
256,39,K4/H4-E1,9229,1,10839,4,2,1
256,39,K4/H4-E4,8076,1,10839,4,2,1
256,39,K3/H3-E4,6967,1,10839,4,2,1
256,39,K3/H3-E4-M1,5943,1,10839,4,2,1
256,39,K3/H3-E4-M2,5141,1,10839,4,2,1
256,40,Normal-E1,10938,4,586,5,4,1
256,40,K4/H4-E1,11318,2,586,5,4,1
256,40,K4/H4-E4,9397,2,586,5,4,1
256,40,K3/H3-E4,8288,2,586,5,4,1
256,40,K3/H3-E4-M1,7008,2,586,5,4,1
256,40,K3/H3-E4-M2,5711,2,586,5,4,1
256,41,Normal-E1,10599,4,7400,5,4,1
256,41,K4/H4-E1,10979,2,7400,5,4,1
256,41,K4/H4-E4,9058,2,7400,5,4,1
256,41,K3/H3-E4,7949,2,7400,5,4,1
256,41,K3/H3-E4-M1,6669,2,7400,5,4,1
256,41,K3/H3-E4-M2,5713,2,7400,5,4,1
256,42,Normal-E1,21595,8,507,10,8,1
256,42,K4/H4-E1,18402,5,507,10,8,1
256,42,K4/H4-E4,14177,5,507,10,8,1
256,42,K3/H3-E4,13066,5,507,10,8,1
256,42,K3/H3-E4-M1,10506,5,507,10,8,1
256,42,K3/H3-E4-M2,8222,5,507,10,8,1
256,43,Normal-E1,10474,3,160,6,3,1
256,43,K4/H4-E1,10344,1,160,6,3,1
256,43,K4/H4-E4,9191,1,160,6,3,1
256,43,K3/H3-E4,8082,1,160,6,3,1
256,43,K3/H3-E4-M1,6546,1,160,6,3,1
256,43,K3/H3-E4-M2,5777,1,160,6,3,1
256,44,Normal-E1,22554,8,7400,11,8,1
256,44,K4/H4-E1,16784,3,7400,11,8,1
256,44,K4/H4-E4,14095,3,7400,11,8,1
256,44,K3/H3-E4,12986,3,7400,11,8,1
256,44,K3/H3-E4-M1,10170,3,7400,11,8,1
256,44,K3/H3-E4-M2,8011,3,7400,11,8,1
256,45,Normal-E1,11798,4,8996,6,4,1
256,45,K4/H4-E1,11670,2,8996,6,4,1
256,45,K4/H4-E4,9749,2,8996,6,4,1
256,45,K3/H3-E4,8640,2,8996,6,4,1
256,45,K3/H3-E4-M1,7104,2,8996,6,4,1
256,45,K3/H3-E4-M2,6056,2,8996,6,4,1
256,46,Normal-E1,17208,6,15586,8,6,1
256,46,K4/H4-E1,13995,2,15586,8,6,1
256,46,K4/H4-E4,12074,2,15586,8,6,1
256,46,K3/H3-E4,10965,2,15586,8,6,1
256,46,K3/H3-E4-M1,8917,2,15586,8,6,1
256,46,K3/H3-E4-M2,6724,2,15586,8,6,1
256,47,Normal-E1,18330,6,56,9,6,1
256,47,K4/H4-E1,15646,3,56,9,6,1
256,47,K4/H4-E4,12957,3,56,9,6,1
256,47,K3/H3-E4,11848,3,56,9,6,1
256,47,K3/H3-E4-M1,9544,3,56,9,6,1
256,47,K3/H3-E4-M2,7383,3,56,9,6,1
256,48,Normal-E1,22321,7,10265,11,7,1
256,48,K4/H4-E1,18616,4,10265,11,7,1
256,48,K4/H4-E4,15159,4,10265,11,7,1
256,48,K3/H3-E4,14050,4,10265,11,7,1
256,48,K3/H3-E4-M1,11234,4,10265,11,7,1
256,48,K3/H3-E4-M2,8393,4,10265,11,7,1
256,49,Normal-E1,18814,6,5281,9,6,1
256,49,K4/H4-E1,15092,2,5281,9,6,1
256,49,K4/H4-E4,13171,2,5281,9,6,1
256,49,K3/H3-E4,12062,2,5281,9,6,1
256,49,K3/H3-E4-M1,9758,2,5281,9,6,1
256,49,K3/H3-E4-M2,7101,2,5281,9,6,1
256,50,Normal-E1,31790,15,2160,13,15,1
256,50,K4/H4-E1,20932,6,2160,13,15,1
256,50,K4/H4-E4,15939,6,2160,13,15,1
256,50,K3/H3-E4,14773,6,2160,13,15,1
256,50,K3/H3-E4-M1,11445,6,2160,13,15,1
256,50,K3/H3-E4-M2,9449,6,2160,13,15,1
256,51,Normal-E1,10569,4,6300,5,4,1
256,51,K4/H4-E1,10949,2,6300,5,4,1
256,51,K4/H4-E4,9028,2,6300,5,4,1
256,51,K3/H3-E4,7919,2,6300,5,4,1
256,51,K3/H3-E4-M1,6639,2,6300,5,4,1
256,51,K3/H3-E4-M2,5683,2,6300,5,4,1
256,52,Normal-E1,5586,1,13448,3,1,1
256,52,K4/H4-E1,9049,1,13448,3,1,1
256,52,K4/H4-E4,7896,1,13448,3,1,1
256,52,K3/H3-E4,6787,1,13448,3,1,1
256,52,K3/H3-E4-M1,6019,1,13448,3,1,1
256,52,K3/H3-E4-M2,4782,1,13448,3,1,1
256,53,Normal-E1,19536,7,8799,9,7,1
256,53,K4/H4-E1,15816,3,8799,9,7,1
256,53,K4/H4-E4,13127,3,8799,9,7,1
256,53,K3/H3-E4,12018,3,8799,9,7,1
256,53,K3/H3-E4-M1,9714,3,8799,9,7,1
256,53,K3/H3-E4-M2,7398,3,8799,9,7,1
256,54,Normal-E1,7258,2,7615,4,2,1
256,54,K4/H4-E1,9178,1,7615,4,2,1
256,54,K4/H4-E4,8025,1,7615,4,2,1
256,54,K3/H3-E4,6916,1,7615,4,2,1
256,54,K3/H3-E4-M1,5892,1,7615,4,2,1
256,54,K3/H3-E4-M2,5090,1,7615,4,2,1
256,55,Normal-E1,7715,2,12785,4,2,1
256,55,K4/H4-E1,9637,1,12785,4,2,1
256,55,K4/H4-E4,8484,1,12785,4,2,1
256,55,K3/H3-E4,7375,1,12785,4,2,1
256,55,K3/H3-E4-M1,6351,1,12785,4,2,1
256,55,K3/H3-E4-M2,5146,1,12785,4,2,1
256,56,Normal-E1,13568,4,7780,7,4,1
256,56,K4/H4-E1,12930,2,7780,7,4,1
256,56,K4/H4-E4,11009,2,7780,7,4,1
256,56,K3/H3-E4,9900,2,7780,7,4,1
256,56,K3/H3-E4-M1,8108,2,7780,7,4,1
256,56,K3/H3-E4-M2,6379,2,7780,7,4,1
256,57,Normal-E1,10810,2,9459,7,2,1
256,57,K4/H4-E1,12240,2,9459,7,2,1
256,57,K4/H4-E4,10319,2,9459,7,2,1
256,57,K3/H3-E4,9210,2,9459,7,2,1
256,57,K3/H3-E4-M1,7418,2,9459,7,2,1
256,57,K3/H3-E4-M2,6433,2,9459,7,2,1
256,58,Normal-E1,11033,4,8225,5,4,1
256,58,K4/H4-E1,11416,2,8225,5,4,1
256,58,K4/H4-E4,9495,2,8225,5,4,1
256,58,K3/H3-E4,8386,2,8225,5,4,1
256,58,K3/H3-E4-M1,7106,2,8225,5,4,1
256,58,K3/H3-E4-M2,5747,2,8225,5,4,1
256,59,Normal-E1,13707,5,4389,6,5,1
256,59,K4/H4-E1,12545,2,4389,6,5,1
256,59,K4/H4-E4,10624,2,4389,6,5,1
256,59,K3/H3-E4,9515,2,4389,6,5,1
256,59,K3/H3-E4-M1,7979,2,4389,6,5,1
256,59,K3/H3-E4-M2,6125,2,4389,6,5,1
256,60,Normal-E1,21809,10,11343,9,10,1
256,60,K4/H4-E1,16209,4,11343,9,10,1
256,60,K4/H4-E4,12752,4,11343,9,10,1
256,60,K3/H3-E4,11457,4,11343,9,10,1
256,60,K3/H3-E4-M1,9153,4,11343,9,10,1
256,60,K3/H3-E4-M2,7643,4,11343,9,10,1
256,61,Normal-E1,32995,17,12329,11,17,1
256,61,K4/H4-E1,18962,4,12329,11,17,1
256,61,K4/H4-E4,15505,4,12329,11,17,1
256,61,K3/H3-E4,14396,4,12329,11,17,1
256,61,K3/H3-E4-M1,11580,4,12329,11,17,1
256,61,K3/H3-E4-M2,8367,4,12329,11,17,1
256,62,Normal-E1,27162,13,5666,10,13,1
256,62,K4/H4-E1,18804,5,5666,10,13,1
256,62,K4/H4-E4,14579,5,5666,10,13,1
256,62,K3/H3-E4,13470,5,5666,10,13,1
256,62,K3/H3-E4-M1,10910,5,5666,10,13,1
256,62,K3/H3-E4-M2,8285,5,5666,10,13,1
256,63,Normal-E1,24376,11,14388,10,11,1
256,63,K4/H4-E1,18084,5,14388,10,11,1
256,63,K4/H4-E4,13859,5,14388,10,11,1
256,63,K3/H3-E4,12748,5,14388,10,11,1
256,63,K3/H3-E4-M1,10188,5,14388,10,11,1
256,63,K3/H3-E4-M2,8214,5,14388,10,11,1
256,64,Normal-E1,14769,4,3410,8,4,1
256,64,K4/H4-E1,13622,2,3410,8,4,1
256,64,K4/H4-E4,11701,2,3410,8,4,1
256,64,K3/H3-E4,10592,2,3410,8,4,1
256,64,K3/H3-E4-M1,8544,2,3410,8,4,1
256,64,K3/H3-E4-M2,6785,2,3410,8,4,1
256,65,Normal-E1,10965,3,10195,6,3,1
256,65,K4/H4-E1,11871,2,10195,6,3,1
256,65,K4/H4-E4,9950,2,10195,6,3,1
256,65,K3/H3-E4,8841,2,10195,6,3,1
256,65,K3/H3-E4-M1,7305,2,10195,6,3,1
256,65,K3/H3-E4-M2,6071,2,10195,6,3,1
256,66,Normal-E1,9697,2,1133,6,2,1
256,66,K4/H4-E1,10600,1,1133,6,2,1
256,66,K4/H4-E4,9447,1,1133,6,2,1
256,66,K3/H3-E4,8338,1,1133,6,2,1
256,66,K3/H3-E4-M1,6802,1,1133,6,2,1
256,66,K3/H3-E4-M2,5816,1,1133,6,2,1
256,67,Normal-E1,23622,10,5270,10,10,1
256,67,K4/H4-E1,17331,4,5270,10,10,1
256,67,K4/H4-E4,13874,4,5270,10,10,1
256,67,K3/H3-E4,12763,4,5270,10,10,1
256,67,K3/H3-E4-M1,10203,4,5270,10,10,1
256,67,K3/H3-E4-M2,7981,4,5270,10,10,1
256,68,Normal-E1,16804,6,8996,8,6,1
256,68,K4/H4-E1,13594,2,8996,8,6,1
256,68,K4/H4-E4,11673,2,8996,8,6,1
256,68,K3/H3-E4,10564,2,8996,8,6,1
256,68,K3/H3-E4-M1,8516,2,8996,8,6,1
256,68,K3/H3-E4-M2,6788,2,8996,8,6,1
256,69,Normal-E1,12607,3,15374,7,3,1
256,69,K4/H4-E1,13002,2,15374,7,3,1
256,69,K4/H4-E4,11081,2,15374,7,3,1
256,69,K3/H3-E4,9972,2,15374,7,3,1
256,69,K3/H3-E4-M1,8180,2,15374,7,3,1
256,69,K3/H3-E4-M2,6420,2,15374,7,3,1
256,70,Normal-E1,8087,3,2789,4,3,1
256,70,K4/H4-E1,8976,1,2789,4,3,1
256,70,K4/H4-E4,7823,1,2789,4,3,1
256,70,K3/H3-E4,6714,1,2789,4,3,1
256,70,K3/H3-E4-M1,5690,1,2789,4,3,1
256,70,K3/H3-E4-M2,5105,1,2789,4,3,1
256,71,Normal-E1,16951,6,15233,8,6,1
256,71,K4/H4-E1,13739,2,15233,8,6,1
256,71,K4/H4-E4,11818,2,15233,8,6,1
256,71,K3/H3-E4,10709,2,15233,8,6,1
256,71,K3/H3-E4-M1,8661,2,15233,8,6,1
256,71,K3/H3-E4-M2,6747,2,15233,8,6,1
256,72,Normal-E1,13391,4,1859,7,4,1
256,72,K4/H4-E1,11720,1,1859,7,4,1
256,72,K4/H4-E4,10567,1,1859,7,4,1
256,72,K3/H3-E4,9458,1,1859,7,4,1
256,72,K3/H3-E4-M1,7666,1,1859,7,4,1
256,72,K3/H3-E4-M2,6123,1,1859,7,4,1
256,73,Normal-E1,15784,6,9230,7,6,1
256,73,K4/H4-E1,13081,2,9230,7,6,1
256,73,K4/H4-E4,11160,2,9230,7,6,1
256,73,K3/H3-E4,10051,2,9230,7,6,1
256,73,K3/H3-E4-M1,8259,2,9230,7,6,1
256,73,K3/H3-E4-M2,6375,2,9230,7,6,1
256,74,Normal-E1,10070,2,2442,6,2,1
256,74,K4/H4-E1,10974,1,2442,6,2,1
256,74,K4/H4-E4,9821,1,2442,6,2,1
256,74,K3/H3-E4,8712,1,2442,6,2,1
256,74,K3/H3-E4-M1,7176,1,2442,6,2,1
256,74,K3/H3-E4-M2,5787,1,2442,6,2,1
256,75,Normal-E1,3984,1,14410,2,1,1
256,75,K4/H4-E1,7957,1,14410,2,1,1
256,75,K4/H4-E4,6804,1,14410,2,1,1
256,75,K3/H3-E4,5695,1,14410,2,1,1
256,75,K3/H3-E4-M1,5183,1,14410,2,1,1
256,75,K3/H3-E4-M2,4410,1,14410,2,1,1
256,76,Normal-E1,21723,10,13239,9,10,1
256,76,K4/H4-E1,15939,4,13239,9,10,1
256,76,K4/H4-E4,12482,4,13239,9,10,1
256,76,K3/H3-E4,11373,4,13239,9,10,1
256,76,K3/H3-E4-M1,9069,4,13239,9,10,1
256,76,K3/H3-E4-M2,7559,4,13239,9,10,1
256,77,Normal-E1,14097,5,9230,7,5,1
256,77,K4/H4-E1,12428,2,9230,7,5,1
256,77,K4/H4-E4,10507,2,9230,7,5,1
256,77,K3/H3-E4,9398,2,9230,7,5,1
256,77,K3/H3-E4-M1,7606,2,9230,7,5,1
256,77,K3/H3-E4-M2,6342,2,9230,7,5,1
256,78,Normal-E1,3550,1,3237,2,1,1
256,78,K4/H4-E1,7521,1,3237,2,1,1
256,78,K4/H4-E4,6368,1,3237,2,1,1
256,78,K3/H3-E4,5259,1,3237,2,1,1
256,78,K3/H3-E4-M1,4747,1,3237,2,1,1
256,78,K3/H3-E4-M2,4439,1,3237,2,1,1
256,79,Normal-E1,3737,1,11111,2,1,1
256,79,K4/H4-E1,7711,1,11111,2,1,1
256,79,K4/H4-E4,6558,1,11111,2,1,1
256,79,K3/H3-E4,5449,1,11111,2,1,1
256,79,K3/H3-E4-M1,4937,1,11111,2,1,1
256,79,K3/H3-E4-M2,4443,1,11111,2,1,1
256,80,Normal-E1,23366,10,8089,10,10,1
256,80,K4/H4-E1,18108,5,8089,10,10,1
256,80,K4/H4-E4,13883,5,8089,10,10,1
256,80,K3/H3-E4,12774,5,8089,10,10,1
256,80,K3/H3-E4-M1,10214,5,8089,10,10,1
256,80,K3/H3-E4-M2,8271,5,8089,10,10,1
256,81,Normal-E1,11761,4,9492,6,4,1
256,81,K4/H4-E1,10599,1,9492,6,4,1
256,81,K4/H4-E4,9446,1,9492,6,4,1
256,81,K3/H3-E4,8337,1,9492,6,4,1
256,81,K3/H3-E4-M1,6801,1,9492,6,4,1
256,81,K3/H3-E4-M2,5846,1,9492,6,4,1
256,82,Normal-E1,5576,1,14992,3,1,1
256,82,K4/H4-E1,9038,1,14992,3,1,1
256,82,K4/H4-E4,7885,1,14992,3,1,1
256,82,K3/H3-E4,6776,1,14992,3,1,1
256,82,K3/H3-E4-M1,6008,1,14992,3,1,1
256,82,K3/H3-E4-M2,4833,1,14992,3,1,1
256,83,Normal-E1,6427,2,15859,3,2,1
256,83,K4/H4-E1,8857,1,15859,3,2,1
256,83,K4/H4-E4,7704,1,15859,3,2,1
256,83,K3/H3-E4,6595,1,15859,3,2,1
256,83,K3/H3-E4-M1,5827,1,15859,3,2,1
256,83,K3/H3-E4-M2,4807,1,15859,3,2,1
256,84,Normal-E1,11887,4,10082,6,4,1
256,84,K4/H4-E1,10723,1,10082,6,4,1
256,84,K4/H4-E4,9570,1,10082,6,4,1
256,84,K3/H3-E4,8461,1,10082,6,4,1
256,84,K3/H3-E4-M1,6925,1,10082,6,4,1
256,84,K3/H3-E4-M2,5815,1,10082,6,4,1
256,85,Normal-E1,22064,10,8851,9,10,1
256,85,K4/H4-E1,15250,3,8851,9,10,1
256,85,K4/H4-E4,12561,3,8851,9,10,1
256,85,K3/H3-E4,11452,3,8851,9,10,1
256,85,K3/H3-E4-M1,9148,3,8851,9,10,1
256,85,K3/H3-E4-M2,7390,3,8851,9,10,1
256,86,Normal-E1,27861,13,10812,11,13,1
256,86,K4/H4-E1,18275,4,10812,11,13,1
256,86,K4/H4-E4,14818,4,10812,11,13,1
256,86,K3/H3-E4,13397,4,10812,11,13,1
256,86,K3/H3-E4-M1,10771,4,10812,11,13,1
256,86,K3/H3-E4-M2,8580,4,10812,11,13,1
256,87,Normal-E1,31119,15,6247,12,15,1
256,87,K4/H4-E1,19676,5,6247,12,15,1
256,87,K4/H4-E4,15451,5,6247,12,15,1
256,87,K3/H3-E4,14340,5,6247,12,15,1
256,87,K3/H3-E4-M1,11268,5,6247,12,15,1
256,87,K3/H3-E4-M2,8924,5,6247,12,15,1
256,88,Normal-E1,10989,3,1038,6,3,1
256,88,K4/H4-E1,10859,1,1038,6,3,1
256,88,K4/H4-E4,9706,1,1038,6,3,1
256,88,K3/H3-E4,8597,1,1038,6,3,1
256,88,K3/H3-E4-M1,7061,1,1038,6,3,1
256,88,K3/H3-E4-M2,5796,1,1038,6,3,1
256,89,Normal-E1,27535,13,10532,10,13,1
256,89,K4/H4-E1,19179,5,10532,10,13,1
256,89,K4/H4-E4,14954,5,10532,10,13,1
256,89,K3/H3-E4,13845,5,10532,10,13,1
256,89,K3/H3-E4-M1,11285,5,10532,10,13,1
256,89,K3/H3-E4-M2,8288,5,10532,10,13,1
256,90,Normal-E1,30032,12,15943,13,12,1
256,90,K4/H4-E1,22217,6,15943,13,12,1
256,90,K4/H4-E4,17224,6,15943,13,12,1
256,90,K3/H3-E4,16108,6,15943,13,12,1
256,90,K3/H3-E4-M1,12780,6,15943,13,12,1
256,90,K3/H3-E4-M2,9600,6,15943,13,12,1
256,91,Normal-E1,6708,1,9960,4,1,1
256,91,K4/H4-E1,9662,1,9960,4,1,1
256,91,K4/H4-E4,8509,1,9960,4,1,1
256,91,K3/H3-E4,7400,1,9960,4,1,1
256,91,K3/H3-E4-M1,6376,1,9960,4,1,1
256,91,K3/H3-E4-M2,5140,1,9960,4,1,1
256,92,Normal-E1,6606,1,8081,4,1,1
256,92,K4/H4-E1,9561,1,8081,4,1,1
256,92,K4/H4-E4,8408,1,8081,4,1,1
256,92,K3/H3-E4,7299,1,8081,4,1,1
256,92,K3/H3-E4-M1,6275,1,8081,4,1,1
256,92,K3/H3-E4-M2,5132,1,8081,4,1,1
256,93,Normal-E1,27618,14,12684,10,14,1
256,93,K4/H4-E1,16159,3,12684,10,14,1
256,93,K4/H4-E4,13470,3,12684,10,14,1
256,93,K3/H3-E4,12361,3,12684,10,14,1
256,93,K3/H3-E4-M1,9801,3,12684,10,14,1
256,93,K3/H3-E4-M2,7672,3,12684,10,14,1
256,94,Normal-E1,11785,3,2888,7,3,1
256,94,K4/H4-E1,11145,1,2888,7,3,1
256,94,K4/H4-E4,9992,1,2888,7,3,1
256,94,K3/H3-E4,8883,1,2888,7,3,1
256,94,K3/H3-E4-M1,7091,1,2888,7,3,1
256,94,K3/H3-E4-M2,6106,1,2888,7,3,1
256,95,Normal-E1,19633,7,2852,9,7,1
256,95,K4/H4-E1,14880,2,2852,9,7,1
256,95,K4/H4-E4,12959,2,2852,9,7,1
256,95,K3/H3-E4,11850,2,2852,9,7,1
256,95,K3/H3-E4-M1,9546,2,2852,9,7,1
256,95,K3/H3-E4-M2,7137,2,2852,9,7,1
256,96,Normal-E1,6808,2,1456,4,2,1
256,96,K4/H4-E1,8730,1,1456,4,2,1
256,96,K4/H4-E4,7577,1,1456,4,2,1
256,96,K3/H3-E4,6468,1,1456,4,2,1
256,96,K3/H3-E4-M1,5444,1,1456,4,2,1
256,96,K3/H3-E4-M2,5107,1,1456,4,2,1
256,97,Normal-E1,11249,3,13286,6,3,1
256,97,K4/H4-E1,11118,1,13286,6,3,1
256,97,K4/H4-E4,9965,1,13286,6,3,1
256,97,K3/H3-E4,8856,1,13286,6,3,1
256,97,K3/H3-E4-M1,7320,1,13286,6,3,1
256,97,K3/H3-E4-M2,5838,1,13286,6,3,1
256,98,Normal-E1,3721,1,10964,2,1,1
256,98,K4/H4-E1,7693,1,10964,2,1,1
256,98,K4/H4-E4,6540,1,10964,2,1,1
256,98,K3/H3-E4,5431,1,10964,2,1,1
256,98,K3/H3-E4-M1,4919,1,10964,2,1,1
256,98,K3/H3-E4-M2,4456,1,10964,2,1,1
256,99,Normal-E1,8584,2,2852,5,2,1
256,99,K4/H4-E1,10001,1,2852,5,2,1
256,99,K4/H4-E4,8848,1,2852,5,2,1
256,99,K3/H3-E4,7739,1,2852,5,2,1
256,99,K3/H3-E4-M1,6459,1,2852,5,2,1
256,99,K3/H3-E4-M2,5472,1,2852,5,2,1
