branch,platform,predicate,threshold_a,threshold_b,target_count,seed_index,seed_j,seed_meas,mode,outcome,result_index,result_value,trial_count,L_BBHT,actual_iter,cycle_count,cycle_us,wall_us,exp_result_index,exp_trial_count,exp_L_BBHT,exp_actual_iter,match_result_index,match_trial_count,match_L_BBHT,match_actual_iter,predicate_ok,all_match,note
dram,bbht_grover_dram,LT,-16384,0,1,0,0x7b1dcdaf,0x24370df2,normal,HIT,6004,-28307,15,30,8,289779,2897,2903,6004,15,30,8,1,1,1,1,1,1,
dram,bbht_grover_dram,LT,-16384,0,1,1,0x3a85a4dc,0xa3b9aa35,normal,HIT,6004,-28307,23,132,27,740131,7401,7405,6004,23,132,27,1,1,1,1,1,1,
dram,bbht_grover_dram,LT,-16384,0,1,2,0x6162a8b2,0x871c276f,normal,HIT,6004,-28307,21,141,0,248989,2489,2494,6004,21,141,0,1,1,1,1,1,1,
dram,bbht_grover_dram,LT,-16384,0,1,3,0xc3adc34e,0xf5b8f22b,normal,HIT,6004,-28307,24,192,0,305094,3050,3055,6004,24,192,0,1,1,1,1,1,1,
dram,bbht_grover_dram,LT,-16384,0,1,4,0x2bb073ff,0x3f8396e3,normal,HIT,6004,-28307,20,108,0,247803,2478,2482,6004,20,108,0,1,1,1,1,1,1,
dram,bbht_grover_dram,LT,-16384,0,1,5,0xda585ab3,0xa7197ad7,normal,HIT,6004,-28307,21,96,0,230385,2303,2308,6004,21,96,0,1,1,1,1,1,1,
dram,bbht_grover_dram,LT,-16384,0,1,6,0x0ed109c0,0x5701ce52,normal,HIT,6004,-28307,24,207,17,659103,6591,6595,6004,24,207,17,1,1,1,1,1,1,
dram,bbht_grover_dram,LT,-16384,0,1,7,0x102ecf73,0x53c7612b,normal,HIT,6004,-28307,12,25,0,152305,1523,1527,6004,12,25,0,1,1,1,1,1,1,
dram,bbht_grover_dram,LT,-16384,0,1,8,0xcf29b6a1,0x35231a84,normal,HIT,6004,-28307,25,183,0,323011,3230,3234,6004,25,183,0,1,1,1,1,1,1,
dram,bbht_grover_dram,LT,-16384,0,1,9,0xc49cbb42,0xd0a3bbb8,normal,HIT,6004,-28307,24,148,2,290619,2906,2911,6004,24,148,2,1,1,1,1,1,1,
dram,bbht_grover_dram,LT,-16384,0,1,10,0x4cc51d23,0xee0e3ab4,normal,HIT,6004,-28307,24,195,0,304649,3046,3051,6004,24,195,0,1,1,1,1,1,1,
dram,bbht_grover_dram,LT,-16384,0,1,11,0xf9e8aa7a,0x3208c31a,normal,HIT,6004,-28307,25,218,0,321951,3219,3224,6004,25,218,0,1,1,1,1,1,1,
dram,bbht_grover_dram,LT,-16384,0,1,12,0xdda8b051,0xc8105c9d,normal,HIT,6004,-28307,26,276,9,528592,5285,5289,6004,26,276,9,1,1,1,1,1,1,
dram,bbht_grover_dram,LT,-16384,0,1,13,0xabfb11bf,0xf5dec75e,normal,HIT,6004,-28307,17,61,0,175383,1753,1758,6004,17,61,0,1,1,1,1,1,1,
dram,bbht_grover_dram,LT,-16384,0,1,14,0x20639811,0x6b6a7c47,normal,HIT,6004,-28307,25,221,0,323881,3238,3243,6004,25,221,0,1,1,1,1,1,1,
dram,bbht_grover_dram,LT,-16384,0,1,15,0xac72acd2,0xca84bc6c,normal,HIT,6004,-28307,26,234,0,324969,3249,3254,6004,26,234,0,1,1,1,1,1,1,
dram,bbht_grover_dram,LT,-16384,0,1,16,0x49a2da79,0xe1376725,normal,HIT,6004,-28307,23,175,0,268104,2681,2685,6004,23,175,0,1,1,1,1,1,1,
dram,bbht_grover_dram,LT,-16384,0,1,17,0x63a4e9d7,0x6166dba4,normal,HIT,6004,-28307,28,359,49,1319281,13192,13198,6004,28,359,49,1,1,1,1,1,1,
dram,bbht_grover_dram,LT,-16384,0,1,18,0x8983f102,0x43fb6183,normal,HIT,6004,-28307,23,151,0,286971,2869,2874,6004,23,151,0,1,1,1,1,1,1,
dram,bbht_grover_dram,LT,-16384,0,1,19,0xb671aa78,0xc97ad8a2,normal,HIT,6004,-28307,28,371,14,642669,6426,6431,6004,28,371,14,1,1,1,1,1,1,
dram,bbht_grover_dram,LT,-16384,0,1,20,0xdaeb566a,0x989e5b3d,normal,HIT,6004,-28307,27,311,0,326889,3268,3274,6004,27,311,0,1,1,1,1,1,1,
dram,bbht_grover_dram,LT,-16384,0,1,21,0xf6181c00,0xa345ac4b,normal,HIT,6004,-28307,22,105,0,249109,2491,2495,6004,22,105,0,1,1,1,1,1,1,
dram,bbht_grover_dram,LT,-16384,0,1,22,0x4e18d852,0xa08980df,normal,HIT,6004,-28307,19,72,0,229170,2291,2296,6004,19,72,0,1,1,1,1,1,1,
dram,bbht_grover_dram,LT,-16384,0,1,23,0xa035ceba,0x611de4c4,normal,HIT,6004,-28307,26,337,0,395267,3952,3957,6004,26,337,0,1,1,1,1,1,1,
dram,bbht_grover_dram,LT,-16384,0,1,24,0xc2416ee4,0x7323f479,normal,HIT,6004,-28307,20,122,0,300249,3002,3007,6004,20,122,0,1,1,1,1,1,1,
dram,bbht_grover_dram,LT,-16384,0,1,25,0xfbdafbdd,0xa0c0cf2f,normal,HIT,6004,-28307,25,210,0,358511,3585,3590,6004,25,210,0,1,1,1,1,1,1,
dram,bbht_grover_dram,LT,-16384,0,1,26,0xa43fbf47,0x8de97b10,normal,HIT,6004,-28307,28,273,0,342083,3420,3425,6004,28,273,0,1,1,1,1,1,1,
dram,bbht_grover_dram,LT,-16384,0,1,27,0x6811f7c1,0xcb07044a,normal,HIT,6004,-28307,31,441,0,433613,4336,4340,6004,31,441,0,1,1,1,1,1,1,
dram,bbht_grover_dram,LT,-16384,0,1,28,0x610dde2c,0x8cf5deb9,normal,HIT,6004,-28307,24,205,0,340959,3409,3415,6004,24,205,0,1,1,1,1,1,1,
dram,bbht_grover_dram,LT,-16384,0,1,29,0x82241b87,0xbbe27f39,normal,HIT,6004,-28307,16,41,0,155720,1557,1561,6004,16,41,0,1,1,1,1,1,1,
dram,bbht_grover_dram,LT,-16384,0,1,30,0x48647490,0xea9551eb,normal,HIT,6004,-28307,27,298,0,341499,3414,3419,6004,27,298,0,1,1,1,1,1,1,
dram,bbht_grover_dram,LT,-16384,0,1,31,0x63df3b7f,0xa8b057e1,normal,HIT,6004,-28307,25,224,0,376075,3760,3765,6004,25,224,0,1,1,1,1,1,1,
dram,bbht_grover_dram,LT,-16384,0,1,32,0x433125bb,0x3221fef0,normal,HIT,6004,-28307,24,147,0,268979,2689,2694,6004,24,147,0,1,1,1,1,1,1,
dram,bbht_grover_dram,LT,-16384,0,1,33,0x7943be40,0x6641ee79,normal,HIT,6004,-28307,26,333,0,357299,3572,3577,6004,26,333,0,1,1,1,1,1,1,
dram,bbht_grover_dram,LT,-16384,0,1,34,0x26c93252,0x675d2908,normal,HIT,6004,-28307,17,68,0,227545,2275,2280,6004,17,68,0,1,1,1,1,1,1,
dram,bbht_grover_dram,LT,-16384,0,1,35,0xdbe3ed49,0xa7cfea56,normal,HIT,6004,-28307,24,230,0,288317,2883,2887,6004,24,230,0,1,1,1,1,1,1,
dram,bbht_grover_dram,LT,-16384,0,1,36,0xc2ec9bb4,0xbfc0ae9e,normal,HIT,6004,-28307,22,141,0,250427,2504,2509,6004,22,141,0,1,1,1,1,1,1,
dram,bbht_grover_dram,LT,-16384,0,1,37,0xe7ec8559,0x307064ac,normal,HIT,6004,-28307,20,85,0,283879,2838,2843,6004,20,85,0,1,1,1,1,1,1,
dram,bbht_grover_dram,LT,-16384,0,1,38,0xccb88b54,0x2cf00158,normal,HIT,6004,-28307,24,225,0,340067,3400,3405,6004,24,225,0,1,1,1,1,1,1,
dram,bbht_grover_dram,LT,-16384,0,1,39,0xb512e6a4,0x2b9e708c,normal,HIT,6004,-28307,24,205,0,323651,3236,3241,6004,24,205,0,1,1,1,1,1,1,
dram,bbht_grover_dram,LT,-16384,0,1,40,0x7e2c3d82,0xa69fb195,normal,HIT,6004,-28307,17,42,0,191887,1918,1923,6004,17,42,0,1,1,1,1,1,1,
dram,bbht_grover_dram,LT,-16384,0,1,41,0x58b3e5ad,0x23a21253,normal,HIT,6004,-28307,23,130,0,320587,3205,3210,6004,23,130,0,1,1,1,1,1,1,
dram,bbht_grover_dram,LT,-16384,0,1,42,0x9a07c40b,0x3ea78d8c,normal,HIT,6004,-28307,23,190,0,286957,2869,2875,6004,23,190,0,1,1,1,1,1,1,
dram,bbht_grover_dram,LT,-16384,0,1,43,0xf1f9a54b,0x7b00db61,normal,HIT,6004,-28307,19,98,0,265639,2656,2660,6004,19,98,0,1,1,1,1,1,1,
dram,bbht_grover_dram,LT,-16384,0,1,44,0xfba6212d,0xb8b8356a,normal,HIT,6004,-28307,25,202,0,322187,3221,3226,6004,25,202,0,1,1,1,1,1,1,
dram,bbht_grover_dram,LT,-16384,0,1,45,0x1ca60615,0xd753b84a,normal,HIT,6004,-28307,22,164,0,266983,2669,2675,6004,22,164,0,1,1,1,1,1,1,
dram,bbht_grover_dram,LT,-16384,0,1,46,0xa085c93e,0x19b8504d,normal,HIT,6004,-28307,17,52,0,193001,1930,1935,6004,17,52,0,1,1,1,1,1,1,
dram,bbht_grover_dram,LT,-16384,0,1,47,0x18190603,0xad0438b2,normal,HIT,6004,-28307,24,252,0,303585,3035,3041,6004,24,252,0,1,1,1,1,1,1,
dram,bbht_grover_dram,LT,-16384,0,1,48,0xc1143c78,0xbbdab3cd,normal,HIT,6004,-28307,26,226,0,290867,2908,2913,6004,26,226,0,1,1,1,1,1,1,
dram,bbht_grover_dram,LT,-16384,0,1,49,0x332063fc,0x222ba57c,normal,HIT,6004,-28307,25,229,0,289265,2892,2898,6004,25,229,0,1,1,1,1,1,1,
dram,bbht_grover_dram,LT,-16384,0,1,50,0xd6f4066b,0xab9eb714,normal,HIT,6004,-28307,25,213,0,305351,3053,3057,6004,25,213,0,1,1,1,1,1,1,
dram,bbht_grover_dram,LT,-16384,0,1,51,0x64b9628c,0x9cd8b518,normal,HIT,6004,-28307,21,111,0,318735,3187,3192,6004,21,111,0,1,1,1,1,1,1,
dram,bbht_grover_dram,LT,-16384,0,1,52,0x894e6771,0x8a255c2e,normal,HIT,6004,-28307,26,256,0,377981,3779,3785,6004,26,256,0,1,1,1,1,1,1,
dram,bbht_grover_dram,LT,-16384,0,1,53,0xe3e668e8,0xff1f20c3,normal,HIT,6004,-28307,20,77,0,266727,2667,2673,6004,20,77,0,1,1,1,1,1,1,
dram,bbht_grover_dram,LT,-16384,0,1,54,0x36980406,0xfbdbfa61,normal,HIT,6004,-28307,25,283,0,358535,3585,3590,6004,25,283,0,1,1,1,1,1,1,
dram,bbht_grover_dram,LT,-16384,0,1,55,0x114d2b4a,0xa617ad4e,normal,HIT,6004,-28307,23,124,0,339071,3390,3396,6004,23,124,0,1,1,1,1,1,1,
dram,bbht_grover_dram,LT,-16384,0,1,56,0x3b8907e1,0x0c6cbd10,normal,HIT,6004,-28307,21,86,0,249409,2494,2498,6004,21,86,0,1,1,1,1,1,1,
dram,bbht_grover_dram,LT,-16384,0,1,57,0x2cd09c1d,0x964fb1a7,normal,HIT,6004,-28307,22,166,0,248359,2483,2488,6004,22,166,0,1,1,1,1,1,1,
dram,bbht_grover_dram,LT,-16384,0,1,58,0x6d7a8604,0xbd6f99c6,normal,HIT,6004,-28307,21,97,0,302847,3028,3034,6004,21,97,0,1,1,1,1,1,1,
dram,bbht_grover_dram,LT,-16384,0,1,59,0x1fadaf42,0x60010aa3,normal,HIT,6004,-28307,27,201,0,362173,3621,3625,6004,27,201,0,1,1,1,1,1,1,
dram,bbht_grover_dram,LT,-16384,0,1,60,0x92fe7cfd,0xb54e2773,normal,HIT,6004,-28307,24,243,0,356973,3569,3574,6004,24,243,0,1,1,1,1,1,1,
dram,bbht_grover_dram,LT,-16384,0,1,61,0x1aecb060,0x9c545eba,normal,HIT,6004,-28307,24,183,0,341293,3412,3418,6004,24,183,0,1,1,1,1,1,1,
dram,bbht_grover_dram,LT,-16384,0,1,62,0x91778cc3,0xbd1d1bc0,normal,HIT,6004,-28307,23,153,0,303445,3034,3038,6004,23,153,0,1,1,1,1,1,1,
dram,bbht_grover_dram,LT,-16384,0,1,63,0xe6b7e7eb,0xd542988e,normal,HIT,6004,-28307,26,195,0,394665,3946,3950,6004,26,195,0,1,1,1,1,1,1,
dram,bbht_grover_dram,LT,-16384,0,1,64,0x6770144c,0xd2d3c6e7,normal,HIT,6004,-28307,26,193,0,339009,3390,3394,6004,26,193,0,1,1,1,1,1,1,
dram,bbht_grover_dram,LT,-16384,0,1,65,0xc600a248,0x0a1e0844,normal,HIT,6004,-28307,22,76,0,232367,2323,2327,6004,22,76,0,1,1,1,1,1,1,
dram,bbht_grover_dram,LT,-16384,0,1,66,0x1ea4f830,0x2ef0f28e,normal,HIT,6004,-28307,25,172,0,305223,3052,3056,6004,25,172,0,1,1,1,1,1,1,
dram,bbht_grover_dram,LT,-16384,0,1,67,0x639604f3,0x7fe04f83,normal,HIT,6004,-28307,22,105,0,268607,2686,2690,6004,22,105,0,1,1,1,1,1,1,
dram,bbht_grover_dram,LT,-16384,0,1,68,0x6e084a84,0xb643b17e,normal,HIT,6004,-28307,21,81,0,214485,2144,2149,6004,21,81,0,1,1,1,1,1,1,
dram,bbht_grover_dram,LT,-16384,0,1,69,0x3d7fc476,0x467d7a44,normal,HIT,6004,-28307,22,106,0,284407,2844,2849,6004,22,106,0,1,1,1,1,1,1,
dram,bbht_grover_dram,LT,-16384,0,1,70,0xedca3875,0xefade11e,normal,HIT,6004,-28307,26,243,0,340151,3401,3406,6004,26,243,0,1,1,1,1,1,1,
dram,bbht_grover_dram,LT,-16384,0,1,71,0xb883121d,0x095c678c,normal,HIT,6004,-28307,20,70,0,248875,2488,2493,6004,20,70,0,1,1,1,1,1,1,
dram,bbht_grover_dram,LT,-16384,0,1,72,0xace22797,0xbc422a9a,normal,HIT,6004,-28307,28,440,0,412811,4128,4132,6004,28,440,0,1,1,1,1,1,1,
dram,bbht_grover_dram,LT,-16384,0,1,73,0xefd3172d,0x8c2c3233,normal,HIT,6004,-28307,25,248,0,324236,3242,3247,6004,25,248,0,1,1,1,1,1,1,
dram,bbht_grover_dram,LT,-16384,0,1,74,0xe6aacdb5,0x7f1c158a,normal,HIT,6004,-28307,23,212,0,285347,2853,2858,6004,23,212,0,1,1,1,1,1,1,
dram,bbht_grover_dram,LT,-16384,0,1,75,0x6566c598,0xca804b00,normal,HIT,6004,-28307,21,117,0,249611,2496,2500,6004,21,117,0,1,1,1,1,1,1,
dram,bbht_grover_dram,LT,-16384,0,1,76,0x4e646d9d,0xcbae5ac0,normal,HIT,6004,-28307,23,149,0,338257,3382,3387,6004,23,149,0,1,1,1,1,1,1,
dram,bbht_grover_dram,LT,-16384,0,1,77,0x05d81d6f,0x260c4013,normal,HIT,6004,-28307,24,189,0,338723,3387,3391,6004,24,189,0,1,1,1,1,1,1,
dram,bbht_grover_dram,LT,-16384,0,1,78,0x2018f6a3,0x5728c7f4,normal,HIT,6004,-28307,25,177,0,357957,3579,3584,6004,25,177,0,1,1,1,1,1,1,
dram,bbht_grover_dram,LT,-16384,0,1,79,0x718ebf0c,0x4d7d460c,normal,HIT,6004,-28307,24,138,0,341207,3412,3416,6004,24,138,0,1,1,1,1,1,1,
dram,bbht_grover_dram,LT,-16384,0,1,80,0x042a8f17,0x2093b3f4,normal,HIT,6004,-28307,17,53,0,209055,2090,2095,6004,17,53,0,1,1,1,1,1,1,
dram,bbht_grover_dram,LT,-16384,0,1,81,0xfc1c775d,0x35bd20f1,normal,HIT,6004,-28307,18,79,0,174551,1745,1749,6004,18,79,0,1,1,1,1,1,1,
dram,bbht_grover_dram,LT,-16384,0,1,82,0x16b93b63,0x7d609ba5,normal,HIT,6004,-28307,21,121,0,248201,2482,2486,6004,21,121,0,1,1,1,1,1,1,
dram,bbht_grover_dram,LT,-16384,0,1,83,0x8ce1028e,0xb152e7ef,normal,HIT,6004,-28307,26,224,0,360779,3607,3612,6004,26,224,0,1,1,1,1,1,1,
dram,bbht_grover_dram,LT,-16384,0,1,84,0x87bad980,0x7dbefa97,normal,HIT,6004,-28307,21,132,0,284073,2840,2845,6004,21,132,0,1,1,1,1,1,1,
dram,bbht_grover_dram,LT,-16384,0,1,85,0xd63d86f3,0xf5399cca,normal,HIT,6004,-28307,24,234,0,322593,3225,3230,6004,24,234,0,1,1,1,1,1,1,
dram,bbht_grover_dram,LT,-16384,0,1,86,0xeeaba102,0x01560fc0,normal,HIT,6004,-28307,21,91,0,268189,2681,2687,6004,21,91,0,1,1,1,1,1,1,
dram,bbht_grover_dram,LT,-16384,0,1,87,0xc1fee4bb,0xc7e12d58,normal,HIT,6004,-28307,22,146,0,285687,2856,2862,6004,22,146,0,1,1,1,1,1,1,
dram,bbht_grover_dram,LT,-16384,0,1,88,0x0707c9da,0xf644a3f9,normal,HIT,6004,-28307,24,199,0,303877,3038,3044,6004,24,199,0,1,1,1,1,1,1,
dram,bbht_grover_dram,LT,-16384,0,1,89,0xde0d9c30,0x58a2ee8f,normal,HIT,6004,-28307,3,1,0,21027,210,215,6004,3,1,0,1,1,1,1,1,1,
dram,bbht_grover_dram,LT,-16384,0,1,90,0x7cd0efc7,0x9f385cfb,normal,HIT,6004,-28307,24,174,0,271057,2710,2715,6004,24,174,0,1,1,1,1,1,1,
dram,bbht_grover_dram,LT,-16384,0,1,91,0xe4cb50a6,0x94d13729,normal,HIT,6004,-28307,23,149,0,286311,2863,2868,6004,23,149,0,1,1,1,1,1,1,
dram,bbht_grover_dram,LT,-16384,0,1,92,0xa0882219,0x18f75d24,normal,HIT,6004,-28307,16,37,0,173983,1739,1744,6004,16,37,0,1,1,1,1,1,1,
dram,bbht_grover_dram,LT,-16384,0,1,93,0xc435e6f2,0xf75a52bc,normal,HIT,6004,-28307,23,192,0,250279,2502,2507,6004,23,192,0,1,1,1,1,1,1,
dram,bbht_grover_dram,LT,-16384,0,1,94,0x011b63f0,0x0aa34346,normal,HIT,6004,-28307,21,130,0,266279,2662,2667,6004,21,130,0,1,1,1,1,1,1,
dram,bbht_grover_dram,LT,-16384,0,1,95,0x1b456e77,0xee460f94,normal,HIT,6004,-28307,25,214,0,322717,3227,3232,6004,25,214,0,1,1,1,1,1,1,
dram,bbht_grover_dram,LT,-16384,0,1,96,0x10088608,0xef418331,normal,HIT,6004,-28307,17,42,0,156309,1563,1568,6004,17,42,0,1,1,1,1,1,1,
dram,bbht_grover_dram,LT,-16384,0,1,97,0x6fcfc352,0xf8fa9f4c,normal,HIT,6004,-28307,23,159,0,285979,2859,2864,6004,23,159,0,1,1,1,1,1,1,
dram,bbht_grover_dram,LT,-16384,0,1,98,0xfb6077af,0x713595a9,normal,HIT,6004,-28307,27,308,0,359789,3597,3602,6004,27,308,0,1,1,1,1,1,1,
dram,bbht_grover_dram,LT,-16384,0,1,99,0xc6ebb72e,0x08fdf109,normal,HIT,6004,-28307,27,263,0,360167,3601,3606,6004,27,263,0,1,1,1,1,1,1,
dram,bbht_grover_dram,LT,-16384,0,4,0,0x7b1dcdaf,0x24370df2,normal,HIT,6004,-28307,15,30,8,289716,2897,2901,6004,15,30,8,1,1,1,1,1,1,
dram,bbht_grover_dram,LT,-16384,0,4,1,0x3a85a4dc,0xa3b9aa35,normal,HIT,2687,-24767,20,81,17,497037,4970,4975,2687,20,81,17,1,1,1,1,1,1,
dram,bbht_grover_dram,LT,-16384,0,4,2,0x6162a8b2,0x871c276f,normal,HIT,6004,-28307,19,89,0,211553,2115,2121,6004,19,89,0,1,1,1,1,1,1,
dram,bbht_grover_dram,LT,-16384,0,4,3,0xc3adc34e,0xf5b8f22b,normal,HIT,14622,-28245,18,56,0,211738,2117,2121,14622,18,56,0,1,1,1,1,1,1,
dram,bbht_grover_dram,LT,-16384,0,4,4,0x2bb073ff,0x3f8396e3,normal,HIT,13764,-17666,15,36,0,155358,1553,1558,13764,15,36,0,1,1,1,1,1,1,
dram,bbht_grover_dram,LT,-16384,0,4,5,0xda585ab3,0xa7197ad7,normal,HIT,6004,-28307,18,40,0,175023,1750,1755,6004,18,40,0,1,1,1,1,1,1,
dram,bbht_grover_dram,LT,-16384,0,4,6,0x0ed109c0,0x5701ce52,normal,HIT,13764,-17666,11,20,0,98720,987,992,13764,11,20,0,1,1,1,1,1,1,
dram,bbht_grover_dram,LT,-16384,0,4,7,0x102ecf73,0x53c7612b,normal,HIT,2687,-24767,14,36,0,189374,1893,1898,2687,14,36,0,1,1,1,1,1,1,
dram,bbht_grover_dram,LT,-16384,0,4,8,0xcf29b6a1,0x35231a84,normal,HIT,6004,-28307,19,76,0,229277,2292,2297,6004,19,76,0,1,1,1,1,1,1,
dram,bbht_grover_dram,LT,-16384,0,4,9,0xc49cbb42,0xd0a3bbb8,normal,HIT,14622,-28245,24,148,29,781801,7818,7823,14622,24,148,29,1,1,1,1,1,1,
dram,bbht_grover_dram,LT,-16384,0,4,10,0x4cc51d23,0xee0e3ab4,normal,HIT,14622,-28245,15,35,0,155434,1554,1559,14622,15,35,0,1,1,1,1,1,1,
dram,bbht_grover_dram,LT,-16384,0,4,11,0xf9e8aa7a,0x3208c31a,normal,HIT,2687,-24767,19,85,0,228990,2289,2295,2687,19,85,0,1,1,1,1,1,1,
dram,bbht_grover_dram,LT,-16384,0,4,12,0xdda8b051,0xc8105c9d,normal,HIT,14622,-28245,20,81,0,247770,2477,2482,14622,20,81,0,1,1,1,1,1,1,
dram,bbht_grover_dram,LT,-16384,0,4,13,0xabfb11bf,0xf5dec75e,normal,HIT,2687,-24767,21,88,0,232960,2329,2334,2687,21,88,0,1,1,1,1,1,1,
dram,bbht_grover_dram,LT,-16384,0,4,14,0x20639811,0x6b6a7c47,normal,HIT,14622,-28245,7,8,0,59740,597,601,14622,7,8,0,1,1,1,1,1,1,
dram,bbht_grover_dram,LT,-16384,0,4,15,0xac72acd2,0xca84bc6c,normal,HIT,13764,-17666,9,3,0,43926,439,443,13764,9,3,0,1,1,1,1,1,1,
dram,bbht_grover_dram,LT,-16384,0,4,16,0x49a2da79,0xe1376725,normal,HIT,6004,-28307,20,97,0,212765,2127,2132,6004,20,97,0,1,1,1,1,1,1,
dram,bbht_grover_dram,LT,-16384,0,4,17,0x63a4e9d7,0x6166dba4,normal,HIT,2687,-24767,21,91,0,267532,2675,2680,2687,21,91,0,1,1,1,1,1,1,
dram,bbht_grover_dram,LT,-16384,0,4,18,0x8983f102,0x43fb6183,normal,HIT,13764,-17666,13,18,0,101076,1010,1014,13764,13,18,0,1,1,1,1,1,1,
dram,bbht_grover_dram,LT,-16384,0,4,19,0xb671aa78,0xc97ad8a2,normal,HIT,2687,-24767,21,82,0,249084,2490,2496,2687,21,82,0,1,1,1,1,1,1,
dram,bbht_grover_dram,LT,-16384,0,4,20,0xdaeb566a,0x989e5b3d,normal,HIT,2687,-24767,22,112,0,251298,2512,2517,2687,22,112,0,1,1,1,1,1,1,
dram,bbht_grover_dram,LT,-16384,0,4,21,0xf6181c00,0xa345ac4b,normal,HIT,6004,-28307,19,67,0,193655,1936,1941,6004,19,67,0,1,1,1,1,1,1,
dram,bbht_grover_dram,LT,-16384,0,4,22,0x4e18d852,0xa08980df,normal,HIT,14622,-28245,11,13,0,115530,1155,1160,14622,11,13,0,1,1,1,1,1,1,
dram,bbht_grover_dram,LT,-16384,0,4,23,0xa035ceba,0x611de4c4,normal,HIT,2687,-24767,20,88,0,284436,2844,2848,2687,20,88,0,1,1,1,1,1,1,
dram,bbht_grover_dram,LT,-16384,0,4,24,0xc2416ee4,0x7323f479,normal,HIT,2687,-24767,18,73,0,263222,2632,2637,2687,18,73,0,1,1,1,1,1,1,
dram,bbht_grover_dram,LT,-16384,0,4,25,0xfbdafbdd,0xa0c0cf2f,normal,HIT,6004,-28307,25,210,17,677960,6779,6783,6004,25,210,17,1,1,1,1,1,1,
dram,bbht_grover_dram,LT,-16384,0,4,26,0xa43fbf47,0x8de97b10,normal,HIT,14622,-28245,16,39,0,137222,1372,1377,14622,16,39,0,1,1,1,1,1,1,
dram,bbht_grover_dram,LT,-16384,0,4,27,0x6811f7c1,0xcb07044a,normal,HIT,13764,-17666,8,8,0,42850,428,433,13764,8,8,0,1,1,1,1,1,1,
dram,bbht_grover_dram,LT,-16384,0,4,28,0x610dde2c,0x8cf5deb9,normal,HIT,14622,-28245,17,49,0,228466,2284,2290,14622,17,49,0,1,1,1,1,1,1,
dram,bbht_grover_dram,LT,-16384,0,4,29,0x82241b87,0xbbe27f39,normal,HIT,6004,-28307,16,41,0,155775,1557,1562,6004,16,41,0,1,1,1,1,1,1,
dram,bbht_grover_dram,LT,-16384,0,4,30,0x48647490,0xea9551eb,normal,HIT,2687,-24767,19,63,0,193832,1938,1942,2687,19,63,0,1,1,1,1,1,1,
dram,bbht_grover_dram,LT,-16384,0,4,31,0x63df3b7f,0xa8b057e1,normal,HIT,14622,-28245,21,106,0,302112,3021,3026,14622,21,106,0,1,1,1,1,1,1,
dram,bbht_grover_dram,LT,-16384,0,4,32,0x433125bb,0x3221fef0,normal,HIT,6004,-28307,21,70,0,231053,2310,2315,6004,21,70,0,1,1,1,1,1,1,
dram,bbht_grover_dram,LT,-16384,0,4,33,0x7943be40,0x6641ee79,normal,HIT,2687,-24767,17,57,0,190794,1907,1912,2687,17,57,0,1,1,1,1,1,1,
dram,bbht_grover_dram,LT,-16384,0,4,34,0x26c93252,0x675d2908,normal,HIT,6004,-28307,22,129,0,302277,3022,3026,6004,22,129,0,1,1,1,1,1,1,
dram,bbht_grover_dram,LT,-16384,0,4,35,0xdbe3ed49,0xa7cfea56,normal,HIT,13764,-17666,19,98,0,196118,1961,1965,13764,19,98,0,1,1,1,1,1,1,
dram,bbht_grover_dram,LT,-16384,0,4,36,0xc2ec9bb4,0xbfc0ae9e,normal,HIT,6004,-28307,17,47,0,175343,1753,1758,6004,17,47,0,1,1,1,1,1,1,
dram,bbht_grover_dram,LT,-16384,0,4,37,0xe7ec8559,0x307064ac,normal,HIT,14622,-28245,18,53,0,247036,2470,2475,14622,18,53,0,1,1,1,1,1,1,
dram,bbht_grover_dram,LT,-16384,0,4,38,0xccb88b54,0x2cf00158,normal,HIT,2687,-24767,15,40,0,191172,1911,1916,2687,15,40,0,1,1,1,1,1,1,
dram,bbht_grover_dram,LT,-16384,0,4,39,0xb512e6a4,0x2b9e708c,normal,HIT,2687,-24767,15,31,0,156670,1566,1571,2687,15,31,0,1,1,1,1,1,1,
dram,bbht_grover_dram,LT,-16384,0,4,40,0x7e2c3d82,0xa69fb195,normal,HIT,6004,-28307,17,42,0,191923,1919,1924,6004,17,42,0,1,1,1,1,1,1,
dram,bbht_grover_dram,LT,-16384,0,4,41,0x58b3e5ad,0x23a21253,normal,HIT,2687,-24767,19,83,0,246864,2468,2473,2687,19,83,0,1,1,1,1,1,1,
dram,bbht_grover_dram,LT,-16384,0,4,42,0x9a07c40b,0x3ea78d8c,normal,HIT,14622,-28245,18,75,0,211586,2115,2121,14622,18,75,0,1,1,1,1,1,1,
dram,bbht_grover_dram,LT,-16384,0,4,43,0xf1f9a54b,0x7b00db61,normal,HIT,13764,-17666,18,78,0,247296,2472,2478,13764,18,78,0,1,1,1,1,1,1,
dram,bbht_grover_dram,LT,-16384,0,4,44,0xfba6212d,0xb8b8356a,normal,HIT,2687,-24767,16,44,0,173206,1732,1737,2687,16,44,0,1,1,1,1,1,1,
dram,bbht_grover_dram,LT,-16384,0,4,45,0x1ca60615,0xd753b84a,normal,HIT,2687,-24767,17,50,0,174459,1744,1750,2687,17,50,0,1,1,1,1,1,1,
dram,bbht_grover_dram,LT,-16384,0,4,46,0xa085c93e,0x19b8504d,normal,HIT,6004,-28307,21,106,0,266434,2664,2669,6004,21,106,0,1,1,1,1,1,1,
dram,bbht_grover_dram,LT,-16384,0,4,47,0x18190603,0xad0438b2,normal,HIT,2687,-24767,15,30,0,154646,1546,1551,2687,15,30,0,1,1,1,1,1,1,
dram,bbht_grover_dram,LT,-16384,0,4,48,0xc1143c78,0xbbdab3cd,normal,HIT,6004,-28307,22,95,0,216805,2168,2173,6004,22,95,0,1,1,1,1,1,1,
dram,bbht_grover_dram,LT,-16384,0,4,49,0x332063fc,0x222ba57c,normal,HIT,14622,-28245,23,148,0,251890,2518,2524,14622,23,148,0,1,1,1,1,1,1,
dram,bbht_grover_dram,LT,-16384,0,4,50,0xd6f4066b,0xab9eb714,normal,HIT,13764,-17666,22,105,0,250400,2504,2509,13764,22,105,0,1,1,1,1,1,1,
dram,bbht_grover_dram,LT,-16384,0,4,51,0x64b9628c,0x9cd8b518,normal,HIT,2687,-24767,13,23,0,170568,1705,1710,2687,13,23,0,1,1,1,1,1,1,
dram,bbht_grover_dram,LT,-16384,0,4,52,0x894e6771,0x8a255c2e,normal,HIT,6004,-28307,20,116,0,267077,2670,2674,6004,20,116,0,1,1,1,1,1,1,
dram,bbht_grover_dram,LT,-16384,0,4,53,0xe3e668e8,0xff1f20c3,normal,HIT,2687,-24767,21,115,0,285162,2851,2857,2687,21,115,0,1,1,1,1,1,1,
dram,bbht_grover_dram,LT,-16384,0,4,54,0x36980406,0xfbdbfa61,normal,HIT,14622,-28245,23,156,0,321804,3218,3223,14622,23,156,0,1,1,1,1,1,1,
dram,bbht_grover_dram,LT,-16384,0,4,55,0x114d2b4a,0xa617ad4e,normal,HIT,2687,-24767,23,124,0,338720,3387,3391,2687,23,124,0,1,1,1,1,1,1,
dram,bbht_grover_dram,LT,-16384,0,4,56,0x3b8907e1,0x0c6cbd10,normal,HIT,13764,-17666,23,142,0,286484,2864,2869,13764,23,142,0,1,1,1,1,1,1,
dram,bbht_grover_dram,LT,-16384,0,4,57,0x2cd09c1d,0x964fb1a7,normal,HIT,6004,-28307,19,87,0,192195,1921,1926,6004,19,87,0,1,1,1,1,1,1,
dram,bbht_grover_dram,LT,-16384,0,4,58,0x6d7a8604,0xbd6f99c6,normal,HIT,2687,-24767,15,37,0,191640,1916,1920,2687,15,37,0,1,1,1,1,1,1,
dram,bbht_grover_dram,LT,-16384,0,4,59,0x1fadaf42,0x60010aa3,normal,HIT,14622,-28245,27,201,0,362188,3621,3626,14622,27,201,0,1,1,1,1,1,1,
dram,bbht_grover_dram,LT,-16384,0,4,60,0x92fe7cfd,0xb54e2773,normal,HIT,6004,-28307,21,135,0,301659,3016,3020,6004,21,135,0,1,1,1,1,1,1,
dram,bbht_grover_dram,LT,-16384,0,4,61,0x1aecb060,0x9c545eba,normal,HIT,14622,-28245,17,47,0,211310,2113,2118,14622,17,47,0,1,1,1,1,1,1,
dram,bbht_grover_dram,LT,-16384,0,4,62,0x91778cc3,0xbd1d1bc0,normal,HIT,6004,-28307,16,49,0,174387,1743,1748,6004,16,49,0,1,1,1,1,1,1,
dram,bbht_grover_dram,LT,-16384,0,4,63,0xe6b7e7eb,0xd542988e,normal,HIT,6004,-28307,25,145,0,376431,3764,3769,6004,25,145,0,1,1,1,1,1,1,
dram,bbht_grover_dram,LT,-16384,0,4,64,0x6770144c,0xd2d3c6e7,normal,HIT,2687,-24767,17,38,0,173556,1735,1741,2687,17,38,0,1,1,1,1,1,1,
dram,bbht_grover_dram,LT,-16384,0,4,65,0xc600a248,0x0a1e0844,normal,HIT,13764,-17666,21,67,0,213970,2139,2143,13764,21,67,0,1,1,1,1,1,1,
dram,bbht_grover_dram,LT,-16384,0,4,66,0x1ea4f830,0x2ef0f28e,normal,HIT,2687,-24767,24,119,0,286578,2865,2870,2687,24,119,0,1,1,1,1,1,1,
dram,bbht_grover_dram,LT,-16384,0,4,67,0x639604f3,0x7fe04f83,normal,HIT,6004,-28307,19,58,0,229931,2299,2303,6004,19,58,0,1,1,1,1,1,1,
dram,bbht_grover_dram,LT,-16384,0,4,68,0x6e084a84,0xb643b17e,normal,HIT,6004,-28307,21,81,0,214415,2144,2148,6004,21,81,0,1,1,1,1,1,1,
dram,bbht_grover_dram,LT,-16384,0,4,69,0x3d7fc476,0x467d7a44,normal,HIT,13764,-17666,22,106,0,284882,2848,2853,13764,22,106,0,1,1,1,1,1,1,
dram,bbht_grover_dram,LT,-16384,0,4,70,0xedca3875,0xefade11e,normal,HIT,14622,-28245,20,77,0,264794,2647,2652,14622,20,77,0,1,1,1,1,1,1,
dram,bbht_grover_dram,LT,-16384,0,4,71,0xb883121d,0x095c678c,normal,HIT,6004,-28307,20,70,0,249195,2491,2497,6004,20,70,0,1,1,1,1,1,1,
dram,bbht_grover_dram,LT,-16384,0,4,72,0xace22797,0xbc422a9a,normal,HIT,14622,-28245,18,67,0,227826,2278,2283,14622,18,67,0,1,1,1,1,1,1,
dram,bbht_grover_dram,LT,-16384,0,4,73,0xefd3172d,0x8c2c3233,normal,HIT,2687,-24767,21,100,0,250056,2500,2504,2687,21,100,0,1,1,1,1,1,1,
dram,bbht_grover_dram,LT,-16384,0,4,74,0xe6aacdb5,0x7f1c158a,normal,HIT,13764,-17666,22,172,0,266882,2668,2674,13764,22,172,0,1,1,1,1,1,1,
dram,bbht_grover_dram,LT,-16384,0,4,75,0x6566c598,0xca804b00,normal,HIT,6004,-28307,21,117,0,249245,2492,2497,6004,21,117,0,1,1,1,1,1,1,
dram,bbht_grover_dram,LT,-16384,0,4,76,0x4e646d9d,0xcbae5ac0,normal,HIT,13764,-17666,21,97,0,302154,3021,3025,13764,21,97,0,1,1,1,1,1,1,
dram,bbht_grover_dram,LT,-16384,0,4,77,0x05d81d6f,0x260c4013,normal,HIT,13764,-17666,24,189,0,338400,3384,3389,13764,24,189,0,1,1,1,1,1,1,
dram,bbht_grover_dram,LT,-16384,0,4,78,0x2018f6a3,0x5728c7f4,normal,HIT,2687,-24767,19,53,0,247018,2470,2475,2687,19,53,0,1,1,1,1,1,1,
dram,bbht_grover_dram,LT,-16384,0,4,79,0x718ebf0c,0x4d7d460c,normal,HIT,2687,-24767,24,138,0,340970,3409,3414,2687,24,138,0,1,1,1,1,1,1,
dram,bbht_grover_dram,LT,-16384,0,4,80,0x042a8f17,0x2093b3f4,normal,HIT,14622,-28245,21,89,0,266460,2664,2668,14622,21,89,0,1,1,1,1,1,1,
dram,bbht_grover_dram,LT,-16384,0,4,81,0xfc1c775d,0x35bd20f1,normal,HIT,6004,-28307,21,116,0,213139,2131,2136,6004,21,116,0,1,1,1,1,1,1,
dram,bbht_grover_dram,LT,-16384,0,4,82,0x16b93b63,0x7d609ba5,normal,HIT,14622,-28245,21,121,0,248522,2485,2489,14622,21,121,0,1,1,1,1,1,1,
dram,bbht_grover_dram,LT,-16384,0,4,83,0x8ce1028e,0xb152e7ef,normal,HIT,14622,-28245,19,79,0,230700,2307,2311,14622,19,79,0,1,1,1,1,1,1,
dram,bbht_grover_dram,LT,-16384,0,4,84,0x87bad980,0x7dbefa97,normal,HIT,14622,-28245,18,66,0,228512,2285,2289,14622,18,66,0,1,1,1,1,1,1,
dram,bbht_grover_dram,LT,-16384,0,4,85,0xd63d86f3,0xf5399cca,normal,HIT,2687,-24767,19,67,0,229980,2299,2304,2687,19,67,0,1,1,1,1,1,1,
dram,bbht_grover_dram,LT,-16384,0,4,86,0xeeaba102,0x01560fc0,normal,HIT,13764,-17666,19,62,0,231242,2312,2317,13764,19,62,0,1,1,1,1,1,1,
dram,bbht_grover_dram,LT,-16384,0,4,87,0xc1fee4bb,0xc7e12d58,normal,HIT,6004,-28307,17,54,0,192897,1928,1934,6004,17,54,0,1,1,1,1,1,1,
dram,bbht_grover_dram,LT,-16384,0,4,88,0x0707c9da,0xf644a3f9,normal,HIT,6004,-28307,22,115,0,266871,2668,2673,6004,22,115,0,1,1,1,1,1,1,
dram,bbht_grover_dram,LT,-16384,0,4,89,0xde0d9c30,0x58a2ee8f,normal,HIT,6004,-28307,3,1,0,21027,210,215,6004,3,1,0,1,1,1,1,1,1,
dram,bbht_grover_dram,LT,-16384,0,4,90,0x7cd0efc7,0x9f385cfb,normal,HIT,13764,-17666,20,60,0,214664,2146,2151,13764,20,60,0,1,1,1,1,1,1,
dram,bbht_grover_dram,LT,-16384,0,4,91,0xe4cb50a6,0x94d13729,normal,HIT,14622,-28245,20,100,0,230976,2309,2314,14622,20,100,0,1,1,1,1,1,1,
dram,bbht_grover_dram,LT,-16384,0,4,92,0xa0882219,0x18f75d24,normal,HIT,6004,-28307,16,37,0,173995,1739,1744,6004,16,37,0,1,1,1,1,1,1,
dram,bbht_grover_dram,LT,-16384,0,4,93,0xc435e6f2,0xf75a52bc,normal,HIT,14622,-28245,22,143,0,232648,2326,2330,14622,22,143,0,1,1,1,1,1,1,
dram,bbht_grover_dram,LT,-16384,0,4,94,0x011b63f0,0x0aa34346,normal,HIT,13764,-17666,20,92,0,248254,2482,2486,13764,20,92,0,1,1,1,1,1,1,
dram,bbht_grover_dram,LT,-16384,0,4,95,0x1b456e77,0xee460f94,normal,HIT,13764,-17666,21,100,0,249070,2490,2496,13764,21,100,0,1,1,1,1,1,1,
dram,bbht_grover_dram,LT,-16384,0,4,96,0x10088608,0xef418331,normal,HIT,6004,-28307,17,42,0,156347,1563,1568,6004,17,42,0,1,1,1,1,1,1,
dram,bbht_grover_dram,LT,-16384,0,4,97,0x6fcfc352,0xf8fa9f4c,normal,HIT,2687,-24767,16,33,0,156334,1563,1568,2687,16,33,0,1,1,1,1,1,1,
dram,bbht_grover_dram,LT,-16384,0,4,98,0xfb6077af,0x713595a9,normal,HIT,14622,-28245,16,45,0,208830,2088,2092,14622,16,45,0,1,1,1,1,1,1,
dram,bbht_grover_dram,LT,-16384,0,4,99,0xc6ebb72e,0x08fdf109,normal,HIT,14622,-28245,21,101,0,249476,2494,2499,14622,21,101,0,1,1,1,1,1,1,
dram,bbht_grover_dram,LT,-16384,0,16,0,0x7b1dcdaf,0x24370df2,normal,HIT,6463,-19424,14,22,5,232538,2325,2330,6463,14,22,5,1,1,1,1,1,1,
dram,bbht_grover_dram,LT,-16384,0,16,1,0x3a85a4dc,0xa3b9aa35,normal,HIT,8671,-19865,20,81,20,553424,5534,5538,8671,20,81,20,1,1,1,1,1,1,
dram,bbht_grover_dram,LT,-16384,0,16,2,0x6162a8b2,0x871c276f,normal,HIT,16156,-26932,14,34,0,135972,1359,1364,16156,14,34,0,1,1,1,1,1,1,
dram,bbht_grover_dram,LT,-16384,0,16,3,0xc3adc34e,0xf5b8f22b,normal,HIT,9469,-18742,10,13,0,80130,801,806,9469,10,13,0,1,1,1,1,1,1,
dram,bbht_grover_dram,LT,-16384,0,16,4,0x2bb073ff,0x3f8396e3,normal,HIT,13764,-17666,16,47,0,174038,1740,1745,13764,16,47,0,1,1,1,1,1,1,
dram,bbht_grover_dram,LT,-16384,0,16,5,0xda585ab3,0xa7197ad7,normal,HIT,2815,-23791,17,29,0,156202,1562,1566,2815,17,29,0,1,1,1,1,1,1,
dram,bbht_grover_dram,LT,-16384,0,16,6,0x0ed109c0,0x5701ce52,normal,HIT,13764,-17666,11,20,0,98738,987,991,13764,11,20,0,1,1,1,1,1,1,
dram,bbht_grover_dram,LT,-16384,0,16,7,0x102ecf73,0x53c7612b,normal,HIT,2828,-17484,14,36,0,189432,1894,1899,2828,14,36,0,1,1,1,1,1,1,
dram,bbht_grover_dram,LT,-16384,0,16,8,0xcf29b6a1,0x35231a84,normal,HIT,2828,-17484,16,49,0,173972,1739,1744,2828,16,49,0,1,1,1,1,1,1,
dram,bbht_grover_dram,LT,-16384,0,16,9,0xc49cbb42,0xd0a3bbb8,normal,HIT,8671,-19865,17,40,0,141025,1410,1416,8671,17,40,0,1,1,1,1,1,1,
dram,bbht_grover_dram,LT,-16384,0,16,10,0x4cc51d23,0xee0e3ab4,normal,HIT,14622,-28245,15,35,0,155384,1553,1559,14622,15,35,0,1,1,1,1,1,1,
dram,bbht_grover_dram,LT,-16384,0,16,11,0xf9e8aa7a,0x3208c31a,normal,HIT,2828,-17484,19,85,0,228268,2282,2287,2828,19,85,0,1,1,1,1,1,1,
dram,bbht_grover_dram,LT,-16384,0,16,12,0xdda8b051,0xc8105c9d,normal,HIT,438,-30743,18,42,0,210269,2102,2108,438,18,42,0,1,1,1,1,1,1,
dram,bbht_grover_dram,LT,-16384,0,16,13,0xabfb11bf,0xf5dec75e,normal,HIT,14622,-28245,12,24,0,117614,1176,1181,14622,12,24,0,1,1,1,1,1,1,
dram,bbht_grover_dram,LT,-16384,0,16,14,0x20639811,0x6b6a7c47,normal,HIT,14622,-28245,7,8,0,59724,597,601,14622,7,8,0,1,1,1,1,1,1,
dram,bbht_grover_dram,LT,-16384,0,16,15,0xac72acd2,0xca84bc6c,normal,HIT,13764,-17666,9,3,0,43910,439,443,13764,9,3,0,1,1,1,1,1,1,
dram,bbht_grover_dram,LT,-16384,0,16,16,0x49a2da79,0xe1376725,normal,HIT,2828,-17484,11,20,0,63028,630,635,2828,11,20,0,1,1,1,1,1,1,
dram,bbht_grover_dram,LT,-16384,0,16,17,0x63a4e9d7,0x6166dba4,normal,HIT,5518,-25251,11,13,0,99266,992,997,5518,11,13,0,1,1,1,1,1,1,
dram,bbht_grover_dram,LT,-16384,0,16,18,0x8983f102,0x43fb6183,normal,HIT,14562,-27299,9,8,0,61921,619,625,14562,9,8,0,1,1,1,1,1,1,
dram,bbht_grover_dram,LT,-16384,0,16,19,0xb671aa78,0xc97ad8a2,normal,HIT,14562,-27299,21,82,1,268279,2682,2688,14562,21,82,1,1,1,1,1,1,1,
dram,bbht_grover_dram,LT,-16384,0,16,20,0xdaeb566a,0x989e5b3d,normal,HIT,14562,-27299,13,20,0,118730,1187,1192,14562,13,20,0,1,1,1,1,1,1,
dram,bbht_grover_dram,LT,-16384,0,16,21,0xf6181c00,0xa345ac4b,normal,HIT,2828,-17484,9,4,0,25896,258,263,2828,9,4,0,1,1,1,1,1,1,
dram,bbht_grover_dram,LT,-16384,0,16,22,0x4e18d852,0xa08980df,normal,HIT,14622,-28245,11,13,0,115510,1155,1159,14622,11,13,0,1,1,1,1,1,1,
dram,bbht_grover_dram,LT,-16384,0,16,23,0xa035ceba,0x611de4c4,normal,HIT,16156,-26932,10,13,0,99464,994,999,16156,10,13,0,1,1,1,1,1,1,
dram,bbht_grover_dram,LT,-16384,0,16,24,0xc2416ee4,0x7323f479,normal,HIT,8671,-19865,11,21,0,132983,1329,1334,8671,11,21,0,1,1,1,1,1,1,
dram,bbht_grover_dram,LT,-16384,0,16,25,0xfbdafbdd,0xa0c0cf2f,normal,HIT,6004,-28307,15,28,0,172405,1724,1729,6004,15,28,0,1,1,1,1,1,1,
dram,bbht_grover_dram,LT,-16384,0,16,26,0xa43fbf47,0x8de97b10,normal,HIT,2828,-17484,21,83,0,229379,2293,2298,2828,21,83,0,1,1,1,1,1,1,
dram,bbht_grover_dram,LT,-16384,0,16,27,0x6811f7c1,0xcb07044a,normal,HIT,13764,-17666,8,8,0,42843,428,432,13764,8,8,0,1,1,1,1,1,1,
dram,bbht_grover_dram,LT,-16384,0,16,28,0x610dde2c,0x8cf5deb9,normal,HIT,5470,-16918,11,17,0,134270,1342,1347,5470,11,17,0,1,1,1,1,1,1,
dram,bbht_grover_dram,LT,-16384,0,16,29,0x82241b87,0xbbe27f39,normal,HIT,14562,-27299,7,6,0,60476,604,609,14562,7,6,0,1,1,1,1,1,1,
dram,bbht_grover_dram,LT,-16384,0,16,30,0x48647490,0xea9551eb,normal,HIT,8671,-19865,17,38,0,173991,1739,1745,8671,17,38,0,1,1,1,1,1,1,
dram,bbht_grover_dram,LT,-16384,0,16,31,0x63df3b7f,0xa8b057e1,normal,HIT,5518,-25251,6,3,0,59716,597,601,5518,6,3,0,1,1,1,1,1,1,
dram,bbht_grover_dram,LT,-16384,0,16,32,0x433125bb,0x3221fef0,normal,HIT,8671,-19865,21,70,0,231417,2314,2318,8671,21,70,0,1,1,1,1,1,1,
dram,bbht_grover_dram,LT,-16384,0,16,33,0x7943be40,0x6641ee79,normal,HIT,2815,-23791,14,31,0,135712,1357,1362,2815,14,31,0,1,1,1,1,1,1,
dram,bbht_grover_dram,LT,-16384,0,16,34,0x26c93252,0x675d2908,normal,HIT,6004,-28307,17,68,0,227549,2275,2281,6004,17,68,0,1,1,1,1,1,1,
dram,bbht_grover_dram,LT,-16384,0,16,35,0xdbe3ed49,0xa7cfea56,normal,HIT,8671,-19865,13,18,0,101427,1014,1019,8671,13,18,0,1,1,1,1,1,1,
dram,bbht_grover_dram,LT,-16384,0,16,36,0xc2ec9bb4,0xbfc0ae9e,normal,HIT,16156,-26932,17,47,0,175710,1757,1762,16156,17,47,0,1,1,1,1,1,1,
dram,bbht_grover_dram,LT,-16384,0,16,37,0xe7ec8559,0x307064ac,normal,HIT,5518,-25251,18,53,0,246783,2467,2473,5518,18,53,0,1,1,1,1,1,1,
dram,bbht_grover_dram,LT,-16384,0,16,38,0xccb88b54,0x2cf00158,normal,HIT,2815,-23791,11,22,0,134549,1345,1350,2815,11,22,0,1,1,1,1,1,1,
dram,bbht_grover_dram,LT,-16384,0,16,39,0xb512e6a4,0x2b9e708c,normal,HIT,13764,-17666,16,45,0,175270,1752,1757,13764,16,45,0,1,1,1,1,1,1,
dram,bbht_grover_dram,LT,-16384,0,16,40,0x7e2c3d82,0xa69fb195,normal,HIT,11575,-17397,10,9,0,80024,800,805,11575,10,9,0,1,1,1,1,1,1,
dram,bbht_grover_dram,LT,-16384,0,16,41,0x58b3e5ad,0x23a21253,normal,HIT,2828,-17484,13,20,0,136360,1363,1367,2828,13,20,0,1,1,1,1,1,1,
dram,bbht_grover_dram,LT,-16384,0,16,42,0x9a07c40b,0x3ea78d8c,normal,HIT,14622,-28245,15,34,0,156368,1563,1568,14622,15,34,0,1,1,1,1,1,1,
dram,bbht_grover_dram,LT,-16384,0,16,43,0xf1f9a54b,0x7b00db61,normal,HIT,13764,-17666,14,33,0,190724,1907,1912,13764,14,33,0,1,1,1,1,1,1,
dram,bbht_grover_dram,LT,-16384,0,16,44,0xfba6212d,0xb8b8356a,normal,HIT,13764,-17666,18,58,0,210254,2102,2107,13764,18,58,0,1,1,1,1,1,1,
dram,bbht_grover_dram,LT,-16384,0,16,45,0x1ca60615,0xd753b84a,normal,HIT,5518,-25251,13,24,0,153226,1532,1537,5518,13,24,0,1,1,1,1,1,1,
dram,bbht_grover_dram,LT,-16384,0,16,46,0xa085c93e,0x19b8504d,normal,HIT,2687,-24767,20,96,0,248416,2484,2489,2687,20,96,0,1,1,1,1,1,1,
dram,bbht_grover_dram,LT,-16384,0,16,47,0x18190603,0xad0438b2,normal,HIT,2828,-17484,11,11,0,98308,983,988,2828,11,11,0,1,1,1,1,1,1,
dram,bbht_grover_dram,LT,-16384,0,16,48,0xc1143c78,0xbbdab3cd,normal,HIT,11575,-17397,21,63,0,198278,1982,1987,11575,21,63,0,1,1,1,1,1,1,
dram,bbht_grover_dram,LT,-16384,0,16,49,0x332063fc,0x222ba57c,normal,HIT,5518,-25251,14,27,0,120350,1203,1208,5518,14,27,0,1,1,1,1,1,1,
dram,bbht_grover_dram,LT,-16384,0,16,50,0xd6f4066b,0xab9eb714,normal,HIT,2828,-17484,13,15,0,99724,997,1002,2828,13,15,0,1,1,1,1,1,1,
dram,bbht_grover_dram,LT,-16384,0,16,51,0x64b9628c,0x9cd8b518,normal,HIT,16156,-26932,15,37,0,207622,2076,2081,16156,15,37,0,1,1,1,1,1,1,
dram,bbht_grover_dram,LT,-16384,0,16,52,0x894e6771,0x8a255c2e,normal,HIT,16156,-26932,12,12,0,118730,1187,1191,16156,12,12,0,1,1,1,1,1,1,
dram,bbht_grover_dram,LT,-16384,0,16,53,0xe3e668e8,0xff1f20c3,normal,HIT,2687,-24767,17,33,0,211052,2110,2115,2687,17,33,0,1,1,1,1,1,1,
dram,bbht_grover_dram,LT,-16384,0,16,54,0x36980406,0xfbdbfa61,normal,HIT,10396,-31067,13,32,0,152912,1529,1533,10396,13,32,0,1,1,1,1,1,1,
dram,bbht_grover_dram,LT,-16384,0,16,55,0x114d2b4a,0xa617ad4e,normal,HIT,8671,-19865,18,51,0,264393,2643,2648,8671,18,51,0,1,1,1,1,1,1,
dram,bbht_grover_dram,LT,-16384,0,16,56,0x3b8907e1,0x0c6cbd10,normal,HIT,9469,-18742,17,37,0,175476,1754,1759,9469,17,37,0,1,1,1,1,1,1,
dram,bbht_grover_dram,LT,-16384,0,16,57,0x2cd09c1d,0x964fb1a7,normal,HIT,6463,-19424,19,87,0,192758,1927,1932,6463,19,87,0,1,1,1,1,1,1,
dram,bbht_grover_dram,LT,-16384,0,16,58,0x6d7a8604,0xbd6f99c6,normal,HIT,2687,-24767,15,37,0,191637,1916,1921,2687,15,37,0,1,1,1,1,1,1,
dram,bbht_grover_dram,LT,-16384,0,16,59,0x1fadaf42,0x60010aa3,normal,HIT,6004,-28307,11,14,0,117357,1173,1178,6004,11,14,0,1,1,1,1,1,1,
dram,bbht_grover_dram,LT,-16384,0,16,60,0x92fe7cfd,0xb54e2773,normal,HIT,8671,-19865,17,63,0,227547,2275,2280,8671,17,63,0,1,1,1,1,1,1,
dram,bbht_grover_dram,LT,-16384,0,16,61,0x1aecb060,0x9c545eba,normal,HIT,16156,-26932,17,47,0,211324,2113,2118,16156,17,47,0,1,1,1,1,1,1,
dram,bbht_grover_dram,LT,-16384,0,16,62,0x91778cc3,0xbd1d1bc0,normal,HIT,14562,-27299,15,37,0,155969,1559,1564,14562,15,37,0,1,1,1,1,1,1,
dram,bbht_grover_dram,LT,-16384,0,16,63,0xe6b7e7eb,0xd542988e,normal,HIT,14622,-28245,10,11,0,97374,973,978,14622,10,11,0,1,1,1,1,1,1,
dram,bbht_grover_dram,LT,-16384,0,16,64,0x6770144c,0xd2d3c6e7,normal,HIT,5470,-16918,18,52,0,191964,1919,1923,5470,18,52,0,1,1,1,1,1,1,
dram,bbht_grover_dram,LT,-16384,0,16,65,0xc600a248,0x0a1e0844,normal,HIT,438,-30743,8,8,0,60493,604,608,438,8,8,0,1,1,1,1,1,1,
dram,bbht_grover_dram,LT,-16384,0,16,66,0x1ea4f830,0x2ef0f28e,normal,HIT,8671,-19865,12,18,0,81491,814,818,8671,12,18,0,1,1,1,1,1,1,
dram,bbht_grover_dram,LT,-16384,0,16,67,0x639604f3,0x7fe04f83,normal,HIT,14622,-28245,19,58,0,229994,2299,2305,14622,19,58,0,1,1,1,1,1,1,
dram,bbht_grover_dram,LT,-16384,0,16,68,0x6e084a84,0xb643b17e,normal,HIT,2687,-24767,12,24,0,99671,996,1001,2687,12,24,0,1,1,1,1,1,1,
dram,bbht_grover_dram,LT,-16384,0,16,69,0x3d7fc476,0x467d7a44,normal,HIT,6463,-19424,17,36,0,192234,1922,1927,6463,17,36,0,1,1,1,1,1,1,
dram,bbht_grover_dram,LT,-16384,0,16,70,0xedca3875,0xefade11e,normal,HIT,14622,-28245,23,119,6,397690,3976,3982,14622,23,119,6,1,1,1,1,1,1,
dram,bbht_grover_dram,LT,-16384,0,16,71,0xb883121d,0x095c678c,normal,HIT,6004,-28307,20,70,0,248819,2488,2493,6004,20,70,0,1,1,1,1,1,1,
dram,bbht_grover_dram,LT,-16384,0,16,72,0xace22797,0xbc422a9a,normal,HIT,13764,-17666,16,41,0,191370,1913,1918,13764,16,41,0,1,1,1,1,1,1,
dram,bbht_grover_dram,LT,-16384,0,16,73,0xefd3172d,0x8c2c3233,normal,HIT,2687,-24767,17,35,0,176286,1762,1767,2687,17,35,0,1,1,1,1,1,1,
dram,bbht_grover_dram,LT,-16384,0,16,74,0xe6aacdb5,0x7f1c158a,normal,HIT,2815,-23791,14,26,0,118854,1188,1193,2815,14,26,0,1,1,1,1,1,1,
dram,bbht_grover_dram,LT,-16384,0,16,75,0x6566c598,0xca804b00,normal,HIT,2828,-17484,9,9,0,62388,623,628,2828,9,9,0,1,1,1,1,1,1,
dram,bbht_grover_dram,LT,-16384,0,16,76,0x4e646d9d,0xcbae5ac0,normal,HIT,16156,-26932,11,19,0,134016,1340,1345,16156,11,19,0,1,1,1,1,1,1,
dram,bbht_grover_dram,LT,-16384,0,16,77,0x05d81d6f,0x260c4013,normal,HIT,9469,-18742,18,67,0,228008,2280,2284,9469,18,67,0,1,1,1,1,1,1,
dram,bbht_grover_dram,LT,-16384,0,16,78,0x2018f6a3,0x5728c7f4,normal,HIT,9469,-18742,19,53,0,247214,2472,2476,9469,19,53,0,1,1,1,1,1,1,
dram,bbht_grover_dram,LT,-16384,0,16,79,0x718ebf0c,0x4d7d460c,normal,HIT,438,-30743,16,43,0,209429,2094,2099,438,16,43,0,1,1,1,1,1,1,
dram,bbht_grover_dram,LT,-16384,0,16,80,0x042a8f17,0x2093b3f4,normal,HIT,2828,-17484,15,34,0,172072,1720,1725,2828,15,34,0,1,1,1,1,1,1,
dram,bbht_grover_dram,LT,-16384,0,16,81,0xfc1c775d,0x35bd20f1,normal,HIT,2828,-17484,15,44,0,137020,1370,1374,2828,15,44,0,1,1,1,1,1,1,
dram,bbht_grover_dram,LT,-16384,0,16,82,0x16b93b63,0x7d609ba5,normal,HIT,2828,-17484,17,49,0,174528,1745,1749,2828,17,49,0,1,1,1,1,1,1,
dram,bbht_grover_dram,LT,-16384,0,16,83,0x8ce1028e,0xb152e7ef,normal,HIT,6463,-19424,15,32,0,157018,1570,1574,6463,15,32,0,1,1,1,1,1,1,
dram,bbht_grover_dram,LT,-16384,0,16,84,0x87bad980,0x7dbefa97,normal,HIT,5518,-25251,12,23,0,134680,1346,1351,5518,12,23,0,1,1,1,1,1,1,
dram,bbht_grover_dram,LT,-16384,0,16,85,0xd63d86f3,0xf5399cca,normal,HIT,10396,-31067,19,67,0,230054,2300,2305,10396,19,67,0,1,1,1,1,1,1,
dram,bbht_grover_dram,LT,-16384,0,16,86,0xeeaba102,0x01560fc0,normal,HIT,14562,-27299,19,62,0,231357,2313,2317,14562,19,62,0,1,1,1,1,1,1,
dram,bbht_grover_dram,LT,-16384,0,16,87,0xc1fee4bb,0xc7e12d58,normal,HIT,8671,-19865,16,46,0,174207,1742,1747,8671,16,46,0,1,1,1,1,1,1,
dram,bbht_grover_dram,LT,-16384,0,16,88,0x0707c9da,0xf644a3f9,normal,HIT,8671,-19865,13,25,0,117921,1179,1184,8671,13,25,0,1,1,1,1,1,1,
dram,bbht_grover_dram,LT,-16384,0,16,89,0xde0d9c30,0x58a2ee8f,normal,HIT,6004,-28307,14,27,0,119839,1198,1203,6004,14,27,0,1,1,1,1,1,1,
dram,bbht_grover_dram,LT,-16384,0,16,90,0x7cd0efc7,0x9f385cfb,normal,HIT,16156,-26932,13,12,0,102036,1020,1025,16156,13,12,0,1,1,1,1,1,1,
dram,bbht_grover_dram,LT,-16384,0,16,91,0xe4cb50a6,0x94d13729,normal,HIT,438,-30743,13,10,0,101611,1016,1021,438,13,10,0,1,1,1,1,1,1,
dram,bbht_grover_dram,LT,-16384,0,16,92,0xa0882219,0x18f75d24,normal,HIT,2828,-17484,11,13,0,81490,814,819,2828,11,13,0,1,1,1,1,1,1,
dram,bbht_grover_dram,LT,-16384,0,16,93,0xc435e6f2,0xf75a52bc,normal,HIT,14562,-27299,16,55,0,138199,1381,1386,14562,16,55,0,1,1,1,1,1,1,
dram,bbht_grover_dram,LT,-16384,0,16,94,0x011b63f0,0x0aa34346,normal,HIT,9469,-18742,11,14,0,98544,985,990,9469,11,14,0,1,1,1,1,1,1,
dram,bbht_grover_dram,LT,-16384,0,16,95,0x1b456e77,0xee460f94,normal,HIT,9469,-18742,17,47,0,174838,1748,1753,9469,17,47,0,1,1,1,1,1,1,
dram,bbht_grover_dram,LT,-16384,0,16,96,0x10088608,0xef418331,normal,HIT,2687,-24767,10,12,0,79934,799,803,2687,10,12,0,1,1,1,1,1,1,
dram,bbht_grover_dram,LT,-16384,0,16,97,0x6fcfc352,0xf8fa9f4c,normal,HIT,2815,-23791,16,33,0,156326,1563,1567,2815,16,33,0,1,1,1,1,1,1,
dram,bbht_grover_dram,LT,-16384,0,16,98,0xfb6077af,0x713595a9,normal,HIT,5470,-16918,16,45,0,208566,2085,2090,5470,16,45,0,1,1,1,1,1,1,
dram,bbht_grover_dram,LT,-16384,0,16,99,0xc6ebb72e,0x08fdf109,normal,HIT,5470,-16918,15,28,0,155860,1558,1563,5470,15,28,0,1,1,1,1,1,1,
dram,bbht_grover_dram,LT,-16384,0,64,0,0x7b1dcdaf,0x24370df2,normal,HIT,1089,-17865,7,4,2,80819,808,813,1089,7,4,2,1,1,1,1,1,1,
dram,bbht_grover_dram,LT,-16384,0,64,1,0x3a85a4dc,0xa3b9aa35,normal,HIT,1951,-17282,16,35,10,272880,2728,2734,1951,16,35,10,1,1,1,1,1,1,
dram,bbht_grover_dram,LT,-16384,0,64,2,0x6162a8b2,0x871c276f,normal,HIT,10706,-30061,10,12,0,79561,795,799,10706,10,12,0,1,1,1,1,1,1,
dram,bbht_grover_dram,LT,-16384,0,64,3,0xc3adc34e,0xf5b8f22b,normal,HIT,16156,-26932,9,8,0,61602,616,621,16156,9,8,0,1,1,1,1,1,1,
dram,bbht_grover_dram,LT,-16384,0,64,4,0x2bb073ff,0x3f8396e3,normal,HIT,13764,-17666,12,17,0,99972,999,1005,13764,12,17,0,1,1,1,1,1,1,
dram,bbht_grover_dram,LT,-16384,0,64,5,0xda585ab3,0xa7197ad7,normal,HIT,10117,-21896,5,3,0,22291,222,227,10117,5,3,0,1,1,1,1,1,1,
dram,bbht_grover_dram,LT,-16384,0,64,6,0x0ed109c0,0x5701ce52,normal,HIT,16073,-17117,2,1,0,20301,203,207,16073,2,1,0,1,1,1,1,1,1,
dram,bbht_grover_dram,LT,-16384,0,64,7,0x102ecf73,0x53c7612b,normal,HIT,15048,-24121,8,8,0,78458,784,789,15048,8,8,0,1,1,1,1,1,1,
dram,bbht_grover_dram,LT,-16384,0,64,8,0xcf29b6a1,0x35231a84,normal,HIT,12822,-30595,10,8,0,80646,806,811,12822,10,8,0,1,1,1,1,1,1,
dram,bbht_grover_dram,LT,-16384,0,64,9,0xc49cbb42,0xd0a3bbb8,normal,HIT,8239,-17326,10,9,0,45751,457,462,8239,10,9,0,1,1,1,1,1,1,
dram,bbht_grover_dram,LT,-16384,0,64,10,0x4cc51d23,0xee0e3ab4,normal,HIT,3605,-26225,12,23,0,117081,1170,1175,3605,12,23,0,1,1,1,1,1,1,
dram,bbht_grover_dram,LT,-16384,0,64,11,0xf9e8aa7a,0x3208c31a,normal,HIT,11830,-32530,9,10,0,79133,791,796,11830,9,10,0,1,1,1,1,1,1,
dram,bbht_grover_dram,LT,-16384,0,64,12,0xdda8b051,0xc8105c9d,normal,HIT,187,-22178,14,20,0,136780,1367,1372,187,14,20,0,1,1,1,1,1,1,
dram,bbht_grover_dram,LT,-16384,0,64,13,0xabfb11bf,0xf5dec75e,normal,HIT,14812,-20654,12,24,0,117574,1175,1180,14812,12,24,0,1,1,1,1,1,1,
dram,bbht_grover_dram,LT,-16384,0,64,14,0x20639811,0x6b6a7c47,normal,HIT,8103,-21040,8,9,0,60538,605,611,8103,8,9,0,1,1,1,1,1,1,
dram,bbht_grover_dram,LT,-16384,0,64,15,0xac72acd2,0xca84bc6c,normal,HIT,8050,-21247,10,7,0,62437,624,629,8050,10,7,0,1,1,1,1,1,1,
dram,bbht_grover_dram,LT,-16384,0,64,16,0x49a2da79,0xe1376725,normal,HIT,11898,-26778,9,12,0,61539,615,620,11898,9,12,0,1,1,1,1,1,1,
dram,bbht_grover_dram,LT,-16384,0,64,17,0x63a4e9d7,0x6166dba4,normal,HIT,10602,-21556,13,21,0,136621,1366,1370,10602,13,21,0,1,1,1,1,1,1,
dram,bbht_grover_dram,LT,-16384,0,64,18,0x8983f102,0x43fb6183,normal,HIT,14622,-28245,9,8,0,61944,619,624,14622,9,8,0,1,1,1,1,1,1,
dram,bbht_grover_dram,LT,-16384,0,64,19,0xb671aa78,0xc97ad8a2,normal,HIT,10117,-21896,10,10,0,80555,805,810,10117,10,10,0,1,1,1,1,1,1,
dram,bbht_grover_dram,LT,-16384,0,64,20,0xdaeb566a,0x989e5b3d,normal,HIT,438,-30743,11,13,0,99114,991,995,438,11,13,0,1,1,1,1,1,1,
dram,bbht_grover_dram,LT,-16384,0,64,21,0xf6181c00,0xa345ac4b,normal,HIT,2815,-23791,11,7,0,62708,627,632,2815,11,7,0,1,1,1,1,1,1,
dram,bbht_grover_dram,LT,-16384,0,64,22,0x4e18d852,0xa08980df,normal,HIT,14662,-22014,11,13,0,115506,1155,1159,14662,11,13,0,1,1,1,1,1,1,
dram,bbht_grover_dram,LT,-16384,0,64,23,0xa035ceba,0x611de4c4,normal,HIT,2843,-27723,14,29,0,173755,1737,1742,2843,14,29,0,1,1,1,1,1,1,
dram,bbht_grover_dram,LT,-16384,0,64,24,0xc2416ee4,0x7323f479,normal,HIT,4806,-18062,5,4,0,22086,220,224,4806,5,4,0,1,1,1,1,1,1,
dram,bbht_grover_dram,LT,-16384,0,64,25,0xfbdafbdd,0xa0c0cf2f,normal,HIT,10396,-31067,10,8,0,79920,799,803,10396,10,8,0,1,1,1,1,1,1,
dram,bbht_grover_dram,LT,-16384,0,64,26,0xa43fbf47,0x8de97b10,normal,HIT,13360,-28930,15,29,0,136897,1368,1373,13360,15,29,0,1,1,1,1,1,1,
dram,bbht_grover_dram,LT,-16384,0,64,27,0x6811f7c1,0xcb07044a,normal,HIT,7227,-22375,12,17,0,99124,991,995,7227,12,17,0,1,1,1,1,1,1,
dram,bbht_grover_dram,LT,-16384,0,64,28,0x610dde2c,0x8cf5deb9,normal,HIT,15048,-24121,4,2,0,39860,398,402,15048,4,2,0,1,1,1,1,1,1,
dram,bbht_grover_dram,LT,-16384,0,64,29,0x82241b87,0xbbe27f39,normal,HIT,1089,-17865,9,11,0,79573,795,800,1089,9,11,0,1,1,1,1,1,1,
dram,bbht_grover_dram,LT,-16384,0,64,30,0x48647490,0xea9551eb,normal,HIT,9469,-18742,14,21,0,118506,1185,1190,9469,14,21,0,1,1,1,1,1,1,
dram,bbht_grover_dram,LT,-16384,0,64,31,0x63df3b7f,0xa8b057e1,normal,HIT,16073,-17117,9,10,0,115691,1156,1161,16073,9,10,0,1,1,1,1,1,1,
dram,bbht_grover_dram,LT,-16384,0,64,32,0x433125bb,0x3221fef0,normal,HIT,11308,-20891,16,35,0,138727,1387,1392,11308,16,35,0,1,1,1,1,1,1,
dram,bbht_grover_dram,LT,-16384,0,64,33,0x7943be40,0x6641ee79,normal,HIT,11228,-19551,11,17,0,98522,985,989,11228,11,17,0,1,1,1,1,1,1,
dram,bbht_grover_dram,LT,-16384,0,64,34,0x26c93252,0x675d2908,normal,HIT,12822,-30595,12,21,0,135210,1352,1357,12822,12,21,0,1,1,1,1,1,1,
dram,bbht_grover_dram,LT,-16384,0,64,35,0xdbe3ed49,0xa7cfea56,normal,HIT,3372,-16463,5,4,0,58327,583,587,3372,5,4,0,1,1,1,1,1,1,
dram,bbht_grover_dram,LT,-16384,0,64,36,0xc2ec9bb4,0xbfc0ae9e,normal,HIT,8239,-17326,14,23,0,120070,1200,1205,8239,14,23,0,1,1,1,1,1,1,
dram,bbht_grover_dram,LT,-16384,0,64,37,0xe7ec8559,0x307064ac,normal,HIT,8050,-21247,6,5,0,76333,763,768,8050,6,5,0,1,1,1,1,1,1,
dram,bbht_grover_dram,LT,-16384,0,64,38,0xccb88b54,0x2cf00158,normal,HIT,15048,-24121,5,4,0,40958,409,414,15048,5,4,0,1,1,1,1,1,1,
dram,bbht_grover_dram,LT,-16384,0,64,39,0xb512e6a4,0x2b9e708c,normal,HIT,13442,-19364,14,22,0,138426,1384,1388,13442,14,22,0,1,1,1,1,1,1,
dram,bbht_grover_dram,LT,-16384,0,64,40,0x7e2c3d82,0xa69fb195,normal,HIT,1951,-17282,15,28,0,155067,1550,1555,1951,15,28,0,1,1,1,1,1,1,
dram,bbht_grover_dram,LT,-16384,0,64,41,0x58b3e5ad,0x23a21253,normal,HIT,6760,-27408,12,14,0,118037,1180,1185,6760,12,14,0,1,1,1,1,1,1,
dram,bbht_grover_dram,LT,-16384,0,64,42,0x9a07c40b,0x3ea78d8c,normal,HIT,7227,-22375,11,12,0,99004,990,994,7227,11,12,0,1,1,1,1,1,1,
dram,bbht_grover_dram,LT,-16384,0,64,43,0xf1f9a54b,0x7b00db61,normal,HIT,6760,-27408,12,22,0,153413,1534,1539,6760,12,22,0,1,1,1,1,1,1,
dram,bbht_grover_dram,LT,-16384,0,64,44,0xfba6212d,0xb8b8356a,normal,HIT,4246,-31407,13,18,0,117800,1178,1183,4246,13,18,0,1,1,1,1,1,1,
dram,bbht_grover_dram,LT,-16384,0,64,45,0x1ca60615,0xd753b84a,normal,HIT,2843,-27723,17,50,0,174489,1744,1749,2843,17,50,0,1,1,1,1,1,1,
dram,bbht_grover_dram,LT,-16384,0,64,46,0xa085c93e,0x19b8504d,normal,HIT,15570,-27224,12,21,0,117769,1177,1183,15570,12,21,0,1,1,1,1,1,1,
dram,bbht_grover_dram,LT,-16384,0,64,47,0x18190603,0xad0438b2,normal,HIT,8016,-19922,15,30,0,154864,1548,1554,8016,15,30,0,1,1,1,1,1,1,
dram,bbht_grover_dram,LT,-16384,0,64,48,0xc1143c78,0xbbdab3cd,normal,HIT,11228,-19551,11,7,0,64092,640,645,11228,11,7,0,1,1,1,1,1,1,
dram,bbht_grover_dram,LT,-16384,0,64,49,0x332063fc,0x222ba57c,normal,HIT,14812,-20654,12,17,0,100956,1009,1013,14812,12,17,0,1,1,1,1,1,1,
dram,bbht_grover_dram,LT,-16384,0,64,50,0xd6f4066b,0xab9eb714,normal,HIT,3149,-30574,13,15,0,99733,997,1002,3149,13,15,0,1,1,1,1,1,1,
dram,bbht_grover_dram,LT,-16384,0,64,51,0x64b9628c,0x9cd8b518,normal,HIT,15529,-19241,10,15,0,132810,1328,1332,15529,10,15,0,1,1,1,1,1,1,
dram,bbht_grover_dram,LT,-16384,0,64,52,0x894e6771,0x8a255c2e,normal,HIT,16156,-26932,16,43,3,249363,2493,2498,16156,16,43,3,1,1,1,1,1,1,
dram,bbht_grover_dram,LT,-16384,0,64,53,0xe3e668e8,0xff1f20c3,normal,HIT,15570,-27224,13,21,0,154180,1541,1546,15570,13,21,0,1,1,1,1,1,1,
dram,bbht_grover_dram,LT,-16384,0,64,54,0x36980406,0xfbdbfa61,normal,HIT,3486,-28677,11,22,0,115874,1158,1163,3486,11,22,0,1,1,1,1,1,1,
dram,bbht_grover_dram,LT,-16384,0,64,55,0x114d2b4a,0xa617ad4e,normal,HIT,3149,-30574,6,5,0,76687,766,771,3149,6,5,0,1,1,1,1,1,1,
dram,bbht_grover_dram,LT,-16384,0,64,56,0x3b8907e1,0x0c6cbd10,normal,HIT,8016,-19922,7,4,0,42298,422,427,8016,7,4,0,1,1,1,1,1,1,
dram,bbht_grover_dram,LT,-16384,0,64,57,0x2cd09c1d,0x964fb1a7,normal,HIT,4246,-31407,12,15,0,62999,629,634,4246,12,15,0,1,1,1,1,1,1,
dram,bbht_grover_dram,LT,-16384,0,64,58,0x6d7a8604,0xbd6f99c6,normal,HIT,6463,-19424,6,5,0,59260,592,597,6463,6,5,0,1,1,1,1,1,1,
dram,bbht_grover_dram,LT,-16384,0,64,59,0x1fadaf42,0x60010aa3,normal,HIT,14562,-27299,15,34,0,174489,1744,1750,14562,15,34,0,1,1,1,1,1,1,
dram,bbht_grover_dram,LT,-16384,0,64,60,0x92fe7cfd,0xb54e2773,normal,HIT,15048,-24121,10,15,0,115140,1151,1155,15048,10,15,0,1,1,1,1,1,1,
dram,bbht_grover_dram,LT,-16384,0,64,61,0x1aecb060,0x9c545eba,normal,HIT,16156,-26932,12,21,0,135440,1354,1359,16156,12,21,0,1,1,1,1,1,1,
dram,bbht_grover_dram,LT,-16384,0,64,62,0x91778cc3,0xbd1d1bc0,normal,HIT,14622,-28245,13,27,0,136168,1361,1367,14622,13,27,0,1,1,1,1,1,1,
dram,bbht_grover_dram,LT,-16384,0,64,63,0xe6b7e7eb,0xd542988e,normal,HIT,15273,-28381,13,24,0,153552,1535,1539,15273,13,24,0,1,1,1,1,1,1,
dram,bbht_grover_dram,LT,-16384,0,64,64,0x6770144c,0xd2d3c6e7,normal,HIT,12822,-30595,16,32,0,155018,1550,1555,12822,16,32,0,1,1,1,1,1,1,
dram,bbht_grover_dram,LT,-16384,0,64,65,0xc600a248,0x0a1e0844,normal,HIT,8671,-19865,16,39,0,155957,1559,1564,8671,16,39,0,1,1,1,1,1,1,
dram,bbht_grover_dram,LT,-16384,0,64,66,0x1ea4f830,0x2ef0f28e,normal,HIT,2162,-20710,10,7,0,62333,623,628,2162,10,7,0,1,1,1,1,1,1,
dram,bbht_grover_dram,LT,-16384,0,64,67,0x639604f3,0x7fe04f83,normal,HIT,12888,-24207,13,19,0,118856,1188,1193,12888,13,19,0,1,1,1,1,1,1,
dram,bbht_grover_dram,LT,-16384,0,64,68,0x6e084a84,0xb643b17e,normal,HIT,12822,-30595,2,0,0,2115,21,25,12822,2,0,0,1,1,1,1,1,1,
dram,bbht_grover_dram,LT,-16384,0,64,69,0x3d7fc476,0x467d7a44,normal,HIT,6463,-19424,17,36,0,191786,1917,1922,6463,17,36,0,1,1,1,1,1,1,
dram,bbht_grover_dram,LT,-16384,0,64,70,0xedca3875,0xefade11e,normal,HIT,1951,-17282,14,28,0,171411,1714,1719,1951,14,28,0,1,1,1,1,1,1,
dram,bbht_grover_dram,LT,-16384,0,64,71,0xb883121d,0x095c678c,normal,HIT,6760,-27408,6,3,0,40981,409,414,6760,6,3,0,1,1,1,1,1,1,
dram,bbht_grover_dram,LT,-16384,0,64,72,0xace22797,0xbc422a9a,normal,HIT,2687,-24767,9,10,0,78798,787,792,2687,9,10,0,1,1,1,1,1,1,
dram,bbht_grover_dram,LT,-16384,0,64,73,0xefd3172d,0x8c2c3233,normal,HIT,11308,-20891,3,1,0,20449,204,209,11308,3,1,0,1,1,1,1,1,1,
dram,bbht_grover_dram,LT,-16384,0,64,74,0xe6aacdb5,0x7f1c158a,normal,HIT,2843,-27723,14,26,0,118813,1188,1193,2843,14,26,0,1,1,1,1,1,1,
dram,bbht_grover_dram,LT,-16384,0,64,75,0x6566c598,0xca804b00,normal,HIT,1089,-17865,13,25,0,118507,1185,1190,1089,13,25,0,1,1,1,1,1,1,
dram,bbht_grover_dram,LT,-16384,0,64,76,0x4e646d9d,0xcbae5ac0,normal,HIT,14236,-17629,9,10,0,96880,968,974,14236,9,10,0,1,1,1,1,1,1,
dram,bbht_grover_dram,LT,-16384,0,64,77,0x05d81d6f,0x260c4013,normal,HIT,14499,-28296,15,31,0,172228,1722,1727,14499,15,31,0,1,1,1,1,1,1,
dram,bbht_grover_dram,LT,-16384,0,64,78,0x2018f6a3,0x5728c7f4,normal,HIT,5518,-25251,6,5,0,59178,591,596,5518,6,5,0,1,1,1,1,1,1,
dram,bbht_grover_dram,LT,-16384,0,64,79,0x718ebf0c,0x4d7d460c,normal,HIT,9407,-25706,3,1,0,21302,213,217,9407,3,1,0,1,1,1,1,1,1,
dram,bbht_grover_dram,LT,-16384,0,64,80,0x042a8f17,0x2093b3f4,normal,HIT,11830,-32530,14,26,0,170895,1708,1714,11830,14,26,0,1,1,1,1,1,1,
dram,bbht_grover_dram,LT,-16384,0,64,81,0xfc1c775d,0x35bd20f1,normal,HIT,8016,-19922,7,6,0,59496,594,600,8016,7,6,0,1,1,1,1,1,1,
dram,bbht_grover_dram,LT,-16384,0,64,82,0x16b93b63,0x7d609ba5,normal,HIT,1173,-24863,8,6,0,25147,251,256,1173,8,6,0,1,1,1,1,1,1,
dram,bbht_grover_dram,LT,-16384,0,64,83,0x8ce1028e,0xb152e7ef,normal,HIT,13442,-19364,8,7,0,61840,618,623,13442,8,7,0,1,1,1,1,1,1,
dram,bbht_grover_dram,LT,-16384,0,64,84,0x87bad980,0x7dbefa97,normal,HIT,11994,-25266,10,14,0,97694,976,981,11994,10,14,0,1,1,1,1,1,1,
dram,bbht_grover_dram,LT,-16384,0,64,85,0xd63d86f3,0xf5399cca,normal,HIT,15570,-27224,12,21,0,117590,1175,1180,15570,12,21,0,1,1,1,1,1,1,
dram,bbht_grover_dram,LT,-16384,0,64,86,0xeeaba102,0x01560fc0,normal,HIT,3149,-30574,10,10,0,98425,984,989,3149,10,10,0,1,1,1,1,1,1,
dram,bbht_grover_dram,LT,-16384,0,64,87,0xc1fee4bb,0xc7e12d58,normal,HIT,3372,-16463,11,10,0,81571,815,820,3372,11,10,0,1,1,1,1,1,1,
dram,bbht_grover_dram,LT,-16384,0,64,88,0x0707c9da,0xf644a3f9,normal,HIT,3372,-16463,11,14,0,81079,810,814,3372,11,14,0,1,1,1,1,1,1,
dram,bbht_grover_dram,LT,-16384,0,64,89,0xde0d9c30,0x58a2ee8f,normal,HIT,11575,-17397,14,27,0,119750,1197,1202,11575,14,27,0,1,1,1,1,1,1,
dram,bbht_grover_dram,LT,-16384,0,64,90,0x7cd0efc7,0x9f385cfb,normal,HIT,16156,-26932,13,12,0,102066,1020,1025,16156,13,12,0,1,1,1,1,1,1,
dram,bbht_grover_dram,LT,-16384,0,64,91,0xe4cb50a6,0x94d13729,normal,HIT,2828,-17484,15,24,0,138794,1387,1392,2828,15,24,0,1,1,1,1,1,1,
dram,bbht_grover_dram,LT,-16384,0,64,92,0xa0882219,0x18f75d24,normal,HIT,6760,-27408,11,13,0,81435,814,818,6760,11,13,0,1,1,1,1,1,1,
dram,bbht_grover_dram,LT,-16384,0,64,93,0xc435e6f2,0xf75a52bc,normal,HIT,13360,-28930,9,11,0,61237,612,617,13360,9,11,0,1,1,1,1,1,1,
dram,bbht_grover_dram,LT,-16384,0,64,94,0x011b63f0,0x0aa34346,normal,HIT,1173,-24863,13,21,0,118207,1182,1186,1173,13,21,0,1,1,1,1,1,1,
dram,bbht_grover_dram,LT,-16384,0,64,95,0x1b456e77,0xee460f94,normal,HIT,10396,-31067,17,47,3,231435,2314,2319,10396,17,47,3,1,1,1,1,1,1,
dram,bbht_grover_dram,LT,-16384,0,64,96,0x10088608,0xef418331,normal,HIT,1951,-17282,15,26,0,137063,1370,1376,1951,15,26,0,1,1,1,1,1,1,
dram,bbht_grover_dram,LT,-16384,0,64,97,0x6fcfc352,0xf8fa9f4c,normal,HIT,438,-30743,15,19,0,137959,1379,1384,438,15,19,0,1,1,1,1,1,1,
dram,bbht_grover_dram,LT,-16384,0,64,98,0xfb6077af,0x713595a9,normal,HIT,2162,-20710,12,17,0,134799,1347,1352,2162,12,17,0,1,1,1,1,1,1,
dram,bbht_grover_dram,LT,-16384,0,64,99,0xc6ebb72e,0x08fdf109,normal,HIT,10117,-21896,10,12,0,97155,971,977,10117,10,12,0,1,1,1,1,1,1,
dram,bbht_grover_dram,LT,-16384,0,256,0,0x7b1dcdaf,0x24370df2,normal,HIT,2969,-25443,6,4,2,79716,797,803,2969,6,4,2,1,1,1,1,1,1,
dram,bbht_grover_dram,LT,-16384,0,256,1,0x3a85a4dc,0xa3b9aa35,normal,HIT,2036,-24289,10,5,0,43967,439,444,2036,10,5,0,1,1,1,1,1,1,
dram,bbht_grover_dram,LT,-16384,0,256,2,0x6162a8b2,0x871c276f,normal,HIT,2969,-25443,8,4,0,60391,603,609,2969,8,4,0,1,1,1,1,1,1,
dram,bbht_grover_dram,LT,-16384,0,256,3,0xc3adc34e,0xf5b8f22b,normal,HIT,16257,-25143,9,8,2,99227,992,996,16257,9,8,2,1,1,1,1,1,1,
dram,bbht_grover_dram,LT,-16384,0,256,4,0x2bb073ff,0x3f8396e3,normal,HIT,4806,-18062,8,4,0,43206,432,436,4806,8,4,0,1,1,1,1,1,1,
dram,bbht_grover_dram,LT,-16384,0,256,5,0xda585ab3,0xa7197ad7,normal,HIT,13028,-23887,3,1,0,20789,207,212,13028,3,1,0,1,1,1,1,1,1,
dram,bbht_grover_dram,LT,-16384,0,256,6,0x0ed109c0,0x5701ce52,normal,HIT,4303,-27643,5,3,0,40495,404,409,4303,5,3,0,1,1,1,1,1,1,
dram,bbht_grover_dram,LT,-16384,0,256,7,0x102ecf73,0x53c7612b,normal,HIT,75,-16955,7,5,0,59717,597,602,75,7,5,0,1,1,1,1,1,1,
dram,bbht_grover_dram,LT,-16384,0,256,8,0xcf29b6a1,0x35231a84,normal,HIT,12888,-24207,9,4,0,62008,620,624,12888,9,4,0,1,1,1,1,1,1,
dram,bbht_grover_dram,LT,-16384,0,256,9,0xc49cbb42,0xd0a3bbb8,normal,HIT,15465,-21388,7,3,0,43102,431,436,15465,7,3,0,1,1,1,1,1,1,
dram,bbht_grover_dram,LT,-16384,0,256,10,0x4cc51d23,0xee0e3ab4,normal,HIT,5232,-25821,7,6,0,59969,599,604,5232,7,6,0,1,1,1,1,1,1,
dram,bbht_grover_dram,LT,-16384,0,256,11,0xf9e8aa7a,0x3208c31a,normal,HIT,9837,-23102,4,2,0,21616,216,221,9837,4,2,0,1,1,1,1,1,1,
dram,bbht_grover_dram,LT,-16384,0,256,12,0xdda8b051,0xc8105c9d,normal,HIT,2572,-23848,2,1,0,19322,193,198,2572,2,1,0,1,1,1,1,1,1,
dram,bbht_grover_dram,LT,-16384,0,256,13,0xabfb11bf,0xf5dec75e,normal,HIT,13764,-17666,8,8,0,60582,605,610,13764,8,8,0,1,1,1,1,1,1,
dram,bbht_grover_dram,LT,-16384,0,256,14,0x20639811,0x6b6a7c47,normal,HIT,2343,-32692,6,7,0,41015,410,414,2343,6,7,0,1,1,1,1,1,1,
dram,bbht_grover_dram,LT,-16384,0,256,15,0xac72acd2,0xca84bc6c,normal,HIT,8016,-19922,10,7,0,62410,624,628,8016,10,7,0,1,1,1,1,1,1,
dram,bbht_grover_dram,LT,-16384,0,256,16,0x49a2da79,0xe1376725,normal,HIT,13887,-19044,7,6,0,42053,420,425,13887,7,6,0,1,1,1,1,1,1,
dram,bbht_grover_dram,LT,-16384,0,256,17,0x63a4e9d7,0x6166dba4,normal,HIT,9334,-25762,6,5,0,41643,416,421,9334,6,5,0,1,1,1,1,1,1,
dram,bbht_grover_dram,LT,-16384,0,256,18,0x8983f102,0x43fb6183,normal,HIT,14662,-22014,9,8,0,61944,619,624,14662,9,8,0,1,1,1,1,1,1,
dram,bbht_grover_dram,LT,-16384,0,256,19,0xb671aa78,0xc97ad8a2,normal,HIT,4230,-27491,10,10,0,80401,804,808,4230,10,10,0,1,1,1,1,1,1,
dram,bbht_grover_dram,LT,-16384,0,256,20,0xdaeb566a,0x989e5b3d,normal,HIT,13764,-17666,2,1,0,20134,201,206,13764,2,1,0,1,1,1,1,1,1,
dram,bbht_grover_dram,LT,-16384,0,256,21,0xf6181c00,0xa345ac4b,normal,HIT,2971,-20420,9,4,0,25915,259,263,2971,9,4,0,1,1,1,1,1,1,
dram,bbht_grover_dram,LT,-16384,0,256,22,0x4e18d852,0xa08980df,normal,HIT,3486,-28677,2,1,0,19514,195,199,3486,2,1,0,1,1,1,1,1,1,
dram,bbht_grover_dram,LT,-16384,0,256,23,0xa035ceba,0x611de4c4,normal,HIT,15952,-30688,3,2,0,21035,210,215,15952,3,2,0,1,1,1,1,1,1,
dram,bbht_grover_dram,LT,-16384,0,256,24,0xc2416ee4,0x7323f479,normal,HIT,16334,-29822,4,3,0,21391,213,218,16334,4,3,0,1,1,1,1,1,1,
dram,bbht_grover_dram,LT,-16384,0,256,25,0xfbdafbdd,0xa0c0cf2f,normal,HIT,13309,-26568,8,4,0,60730,607,612,13309,8,4,0,1,1,1,1,1,1,
dram,bbht_grover_dram,LT,-16384,0,256,26,0xa43fbf47,0x8de97b10,normal,HIT,996,-23070,8,4,0,41713,417,422,996,8,4,0,1,1,1,1,1,1,
dram,bbht_grover_dram,LT,-16384,0,256,27,0x6811f7c1,0xcb07044a,normal,HIT,16219,-29789,7,6,0,41908,419,423,16219,7,6,0,1,1,1,1,1,1,
dram,bbht_grover_dram,LT,-16384,0,256,28,0x610dde2c,0x8cf5deb9,normal,HIT,11306,-29918,10,14,1,134712,1347,1351,11306,10,14,1,1,1,1,1,1,1,
dram,bbht_grover_dram,LT,-16384,0,256,29,0x82241b87,0xbbe27f39,normal,HIT,1719,-28833,3,1,0,20616,206,211,1719,3,1,0,1,1,1,1,1,1,
dram,bbht_grover_dram,LT,-16384,0,256,30,0x48647490,0xea9551eb,normal,HIT,5216,-32302,9,7,0,61013,610,614,5216,9,7,0,1,1,1,1,1,1,
dram,bbht_grover_dram,LT,-16384,0,256,31,0x63df3b7f,0xa8b057e1,normal,HIT,11708,-22830,5,2,0,41255,412,417,11708,5,2,0,1,1,1,1,1,1,
dram,bbht_grover_dram,LT,-16384,0,256,32,0x433125bb,0x3221fef0,normal,HIT,12127,-28042,8,6,0,59901,599,604,12127,8,6,0,1,1,1,1,1,1,
dram,bbht_grover_dram,LT,-16384,0,256,33,0x7943be40,0x6641ee79,normal,HIT,6904,-18884,7,5,0,59153,591,596,6904,7,5,0,1,1,1,1,1,1,
dram,bbht_grover_dram,LT,-16384,0,256,34,0x26c93252,0x675d2908,normal,HIT,329,-25772,5,3,0,40155,401,405,329,5,3,0,1,1,1,1,1,1,
dram,bbht_grover_dram,LT,-16384,0,256,35,0xdbe3ed49,0xa7cfea56,normal,HIT,10388,-25852,6,6,0,59200,592,596,10388,6,6,0,1,1,1,1,1,1,
dram,bbht_grover_dram,LT,-16384,0,256,36,0xc2ec9bb4,0xbfc0ae9e,normal,HIT,16314,-29269,6,3,0,41563,415,419,16314,6,3,0,1,1,1,1,1,1,
dram,bbht_grover_dram,LT,-16384,0,256,37,0xe7ec8559,0x307064ac,normal,HIT,8050,-21247,6,5,0,76321,763,767,8050,6,5,0,1,1,1,1,1,1,
dram,bbht_grover_dram,LT,-16384,0,256,38,0xccb88b54,0x2cf00158,normal,HIT,2162,-20710,7,7,0,77937,779,784,2162,7,7,0,1,1,1,1,1,1,
dram,bbht_grover_dram,LT,-16384,0,256,39,0xb512e6a4,0x2b9e708c,normal,HIT,187,-22178,10,10,0,116538,1165,1170,187,10,10,0,1,1,1,1,1,1,
dram,bbht_grover_dram,LT,-16384,0,256,40,0x7e2c3d82,0xa69fb195,normal,HIT,12399,-20869,6,5,0,58832,588,592,12399,6,5,0,1,1,1,1,1,1,
dram,bbht_grover_dram,LT,-16384,0,256,41,0x58b3e5ad,0x23a21253,normal,HIT,7611,-26746,5,4,0,58042,580,584,7611,5,4,0,1,1,1,1,1,1,
dram,bbht_grover_dram,LT,-16384,0,256,42,0x9a07c40b,0x3ea78d8c,normal,HIT,6463,-19424,6,2,0,41020,410,414,6463,6,2,0,1,1,1,1,1,1,
dram,bbht_grover_dram,LT,-16384,0,256,43,0xf1f9a54b,0x7b00db61,normal,HIT,11130,-31706,8,6,0,79025,790,794,11130,8,6,0,1,1,1,1,1,1,
dram,bbht_grover_dram,LT,-16384,0,256,44,0xfba6212d,0xb8b8356a,normal,HIT,14784,-16651,7,2,0,42026,420,425,14784,7,2,0,1,1,1,1,1,1,
dram,bbht_grover_dram,LT,-16384,0,256,45,0x1ca60615,0xd753b84a,normal,HIT,9350,-23396,6,4,0,59208,592,596,9350,6,4,0,1,1,1,1,1,1,
dram,bbht_grover_dram,LT,-16384,0,256,46,0xa085c93e,0x19b8504d,normal,HIT,14589,-23621,11,15,0,99004,990,995,14589,11,15,0,1,1,1,1,1,1,
dram,bbht_grover_dram,LT,-16384,0,256,47,0x18190603,0xad0438b2,normal,HIT,12974,-31246,8,3,0,43365,433,438,12974,8,3,0,1,1,1,1,1,1,
dram,bbht_grover_dram,LT,-16384,0,256,48,0xc1143c78,0xbbdab3cd,normal,HIT,6252,-19608,5,1,0,22361,223,227,6252,5,1,0,1,1,1,1,1,1,
dram,bbht_grover_dram,LT,-16384,0,256,49,0x332063fc,0x222ba57c,normal,HIT,13185,-27169,5,2,0,22372,223,229,13185,5,2,0,1,1,1,1,1,1,
dram,bbht_grover_dram,LT,-16384,0,256,50,0xd6f4066b,0xab9eb714,normal,HIT,3074,-20707,13,15,1,118498,1184,1189,3074,13,15,1,1,1,1,1,1,1,
dram,bbht_grover_dram,LT,-16384,0,256,51,0x64b9628c,0x9cd8b518,normal,HIT,5216,-32302,1,0,0,1233,12,16,5216,1,0,0,1,1,1,1,1,1,
dram,bbht_grover_dram,LT,-16384,0,256,52,0x894e6771,0x8a255c2e,normal,HIT,16206,-23632,12,12,0,118208,1182,1186,16206,12,12,0,1,1,1,1,1,1,
dram,bbht_grover_dram,LT,-16384,0,256,53,0xe3e668e8,0xff1f20c3,normal,HIT,4806,-18062,10,11,0,98432,984,989,4806,10,11,0,1,1,1,1,1,1,
dram,bbht_grover_dram,LT,-16384,0,256,54,0x36980406,0xfbdbfa61,normal,HIT,14499,-28296,9,13,0,96676,966,971,14499,9,13,0,1,1,1,1,1,1,
dram,bbht_grover_dram,LT,-16384,0,256,55,0x114d2b4a,0xa617ad4e,normal,HIT,3149,-30574,6,5,0,76694,766,771,3149,6,5,0,1,1,1,1,1,1,
dram,bbht_grover_dram,LT,-16384,0,256,56,0x3b8907e1,0x0c6cbd10,normal,HIT,12399,-20869,4,2,0,21708,217,221,12399,4,2,0,1,1,1,1,1,1,
dram,bbht_grover_dram,LT,-16384,0,256,57,0x2cd09c1d,0x964fb1a7,normal,HIT,10559,-18023,11,10,0,62314,623,628,10559,11,10,0,1,1,1,1,1,1,
dram,bbht_grover_dram,LT,-16384,0,256,58,0x6d7a8604,0xbd6f99c6,normal,HIT,3605,-26225,10,11,0,98771,987,992,3605,10,11,0,1,1,1,1,1,1,
dram,bbht_grover_dram,LT,-16384,0,256,59,0x1fadaf42,0x60010aa3,normal,HIT,1951,-17282,8,7,0,78814,788,793,1951,8,7,0,1,1,1,1,1,1,
dram,bbht_grover_dram,LT,-16384,0,256,60,0x92fe7cfd,0xb54e2773,normal,HIT,5902,-24886,7,5,0,59398,593,599,5902,7,5,0,1,1,1,1,1,1,
dram,bbht_grover_dram,LT,-16384,0,256,61,0x1aecb060,0x9c545eba,normal,HIT,6708,-32503,8,9,0,78405,784,788,6708,8,9,0,1,1,1,1,1,1,
dram,bbht_grover_dram,LT,-16384,0,256,62,0x91778cc3,0xbd1d1bc0,normal,HIT,6014,-16471,10,13,0,98141,981,986,6014,10,13,0,1,1,1,1,1,1,
dram,bbht_grover_dram,LT,-16384,0,256,63,0xe6b7e7eb,0xd542988e,normal,HIT,5518,-25251,5,3,0,39860,398,403,5518,5,3,0,1,1,1,1,1,1,
dram,bbht_grover_dram,LT,-16384,0,256,64,0x6770144c,0xd2d3c6e7,normal,HIT,2343,-32692,10,10,0,62312,623,628,2343,10,10,0,1,1,1,1,1,1,
dram,bbht_grover_dram,LT,-16384,0,256,65,0xc600a248,0x0a1e0844,normal,HIT,4230,-27491,3,1,0,20466,204,209,4230,3,1,0,1,1,1,1,1,1,
dram,bbht_grover_dram,LT,-16384,0,256,66,0x1ea4f830,0x2ef0f28e,normal,HIT,11977,-25277,3,1,0,20779,207,212,11977,3,1,0,1,1,1,1,1,1,
dram,bbht_grover_dram,LT,-16384,0,256,67,0x639604f3,0x7fe04f83,normal,HIT,1277,-26421,11,15,0,98812,988,993,1277,11,15,0,1,1,1,1,1,1,
dram,bbht_grover_dram,LT,-16384,0,256,68,0x6e084a84,0xb643b17e,normal,HIT,12822,-30595,2,0,0,2115,21,25,12822,2,0,0,1,1,1,1,1,1,
dram,bbht_grover_dram,LT,-16384,0,256,69,0x3d7fc476,0x467d7a44,normal,HIT,1344,-26656,8,6,0,60140,601,606,1344,8,6,0,1,1,1,1,1,1,
dram,bbht_grover_dram,LT,-16384,0,256,70,0xedca3875,0xefade11e,normal,HIT,2971,-20420,2,1,0,19501,195,200,2971,2,1,0,1,1,1,1,1,1,
dram,bbht_grover_dram,LT,-16384,0,256,71,0xb883121d,0x095c678c,normal,HIT,15725,-31609,11,10,0,117378,1173,1178,15725,11,10,0,1,1,1,1,1,1,
dram,bbht_grover_dram,LT,-16384,0,256,72,0xace22797,0xbc422a9a,normal,HIT,2658,-18659,9,10,0,78784,787,792,2658,9,10,0,1,1,1,1,1,1,
dram,bbht_grover_dram,LT,-16384,0,256,73,0xefd3172d,0x8c2c3233,normal,HIT,13185,-27169,5,4,0,40107,401,405,13185,5,4,0,1,1,1,1,1,1,
dram,bbht_grover_dram,LT,-16384,0,256,74,0xe6aacdb5,0x7f1c158a,normal,HIT,11575,-17397,3,1,0,20600,206,210,11575,3,1,0,1,1,1,1,1,1,
dram,bbht_grover_dram,LT,-16384,0,256,75,0x6566c598,0xca804b00,normal,HIT,6463,-19424,4,3,0,21506,215,220,6463,4,3,0,1,1,1,1,1,1,
dram,bbht_grover_dram,LT,-16384,0,256,76,0x4e646d9d,0xcbae5ac0,normal,HIT,14236,-17629,9,10,0,96877,968,973,14236,9,10,0,1,1,1,1,1,1,
dram,bbht_grover_dram,LT,-16384,0,256,77,0x05d81d6f,0x260c4013,normal,HIT,6252,-19608,4,1,0,20857,208,214,6252,4,1,0,1,1,1,1,1,1,
dram,bbht_grover_dram,LT,-16384,0,256,78,0x2018f6a3,0x5728c7f4,normal,HIT,7640,-30933,7,7,0,59950,599,603,7640,7,7,0,1,1,1,1,1,1,
dram,bbht_grover_dram,LT,-16384,0,256,79,0x718ebf0c,0x4d7d460c,normal,HIT,9407,-25706,3,1,0,21288,212,217,9407,3,1,0,1,1,1,1,1,1,
dram,bbht_grover_dram,LT,-16384,0,256,80,0x042a8f17,0x2093b3f4,normal,HIT,9078,-27959,8,4,0,59817,598,603,9078,8,4,0,1,1,1,1,1,1,
dram,bbht_grover_dram,LT,-16384,0,256,81,0xfc1c775d,0x35bd20f1,normal,HIT,8050,-21247,4,2,0,39083,390,395,8050,4,2,0,1,1,1,1,1,1,
dram,bbht_grover_dram,LT,-16384,0,256,82,0x16b93b63,0x7d609ba5,normal,HIT,15049,-32471,3,1,0,21205,212,215,15049,3,1,0,1,1,1,1,1,1,
dram,bbht_grover_dram,LT,-16384,0,256,83,0x8ce1028e,0xb152e7ef,normal,HIT,13544,-19201,6,4,0,41602,416,421,13544,6,4,0,1,1,1,1,1,1,
dram,bbht_grover_dram,LT,-16384,0,256,84,0x87bad980,0x7dbefa97,normal,HIT,14794,-24299,7,6,0,41650,416,421,14794,7,6,0,1,1,1,1,1,1,
dram,bbht_grover_dram,LT,-16384,0,256,85,0xd63d86f3,0xf5399cca,normal,HIT,7964,-27918,8,7,0,60946,609,614,7964,8,7,0,1,1,1,1,1,1,
dram,bbht_grover_dram,LT,-16384,0,256,86,0xeeaba102,0x01560fc0,normal,HIT,3124,-18325,10,10,0,98433,984,989,3124,10,10,0,1,1,1,1,1,1,
dram,bbht_grover_dram,LT,-16384,0,256,87,0xc1fee4bb,0xc7e12d58,normal,HIT,13074,-16790,7,7,0,42270,422,428,13074,7,7,0,1,1,1,1,1,1,
dram,bbht_grover_dram,LT,-16384,0,256,88,0x0707c9da,0xf644a3f9,normal,HIT,7964,-27918,4,1,0,21418,214,218,7964,4,1,0,1,1,1,1,1,1,
dram,bbht_grover_dram,LT,-16384,0,256,89,0xde0d9c30,0x58a2ee8f,normal,HIT,14979,-30644,7,6,0,42399,423,428,14979,7,6,0,1,1,1,1,1,1,
dram,bbht_grover_dram,LT,-16384,0,256,90,0x7cd0efc7,0x9f385cfb,normal,HIT,12205,-22159,3,1,0,20786,207,212,12205,3,1,0,1,1,1,1,1,1,
dram,bbht_grover_dram,LT,-16384,0,256,91,0xe4cb50a6,0x94d13729,normal,HIT,10100,-21223,4,1,0,21843,218,222,10100,4,1,0,1,1,1,1,1,1,
dram,bbht_grover_dram,LT,-16384,0,256,92,0xa0882219,0x18f75d24,normal,HIT,2971,-20420,11,13,0,81479,814,819,2971,11,13,0,1,1,1,1,1,1,
dram,bbht_grover_dram,LT,-16384,0,256,93,0xc435e6f2,0xf75a52bc,normal,HIT,14349,-16530,8,8,0,60233,602,606,14349,8,8,0,1,1,1,1,1,1,
dram,bbht_grover_dram,LT,-16384,0,256,94,0x011b63f0,0x0aa34346,normal,HIT,6004,-28307,6,2,0,40891,408,413,6004,6,2,0,1,1,1,1,1,1,
dram,bbht_grover_dram,LT,-16384,0,256,95,0x1b456e77,0xee460f94,normal,HIT,4806,-18062,10,12,0,98032,980,985,4806,10,12,0,1,1,1,1,1,1,
dram,bbht_grover_dram,LT,-16384,0,256,96,0x10088608,0xef418331,normal,HIT,2767,-19886,10,12,0,79903,799,804,2767,10,12,0,1,1,1,1,1,1,
dram,bbht_grover_dram,LT,-16384,0,256,97,0x6fcfc352,0xf8fa9f4c,normal,HIT,2969,-25443,7,5,0,41669,416,420,2969,7,5,0,1,1,1,1,1,1,
dram,bbht_grover_dram,LT,-16384,0,256,98,0xfb6077af,0x713595a9,normal,HIT,7640,-30933,8,5,0,78795,787,791,7640,8,5,0,1,1,1,1,1,1,
dram,bbht_grover_dram,LT,-16384,0,256,99,0xc6ebb72e,0x08fdf109,normal,HIT,10209,-30215,10,12,0,97190,971,977,10209,10,12,0,1,1,1,1,1,1,
dram,bbht_grover_dram,GT,16383,0,1,0,0x7b1dcdaf,0x24370df2,normal,HIT,12148,26989,21,119,38,965756,9657,9662,12148,21,119,38,1,1,1,1,1,1,
dram,bbht_grover_dram,GT,16383,0,1,1,0x3a85a4dc,0xa3b9aa35,normal,HIT,12148,26989,25,259,41,1040968,10409,10413,12148,25,259,41,1,1,1,1,1,1,
dram,bbht_grover_dram,GT,16383,0,1,2,0x6162a8b2,0x871c276f,normal,HIT,12148,26989,17,56,0,174433,1744,1749,12148,17,56,0,1,1,1,1,1,1,
dram,bbht_grover_dram,GT,16383,0,1,3,0xc3adc34e,0xf5b8f22b,normal,HIT,12148,26989,28,307,0,379089,3790,3795,12148,28,307,0,1,1,1,1,1,1,
dram,bbht_grover_dram,GT,16383,0,1,4,0x2bb073ff,0x3f8396e3,normal,HIT,12148,26989,23,182,0,303397,3033,3038,12148,23,182,0,1,1,1,1,1,1,
dram,bbht_grover_dram,GT,16383,0,1,5,0xda585ab3,0xa7197ad7,normal,HIT,12148,26989,27,221,0,341107,3411,3416,12148,27,221,0,1,1,1,1,1,1,
dram,bbht_grover_dram,GT,16383,0,1,6,0x0ed109c0,0x5701ce52,normal,HIT,12148,26989,24,207,0,339307,3393,3398,12148,24,207,0,1,1,1,1,1,1,
dram,bbht_grover_dram,GT,16383,0,1,7,0x102ecf73,0x53c7612b,normal,HIT,12148,26989,22,128,0,303196,3031,3036,12148,22,128,0,1,1,1,1,1,1,
dram,bbht_grover_dram,GT,16383,0,1,8,0xcf29b6a1,0x35231a84,normal,HIT,12148,26989,25,183,0,323215,3232,3236,12148,25,183,0,1,1,1,1,1,1,
dram,bbht_grover_dram,GT,16383,0,1,9,0xc49cbb42,0xd0a3bbb8,normal,HIT,12148,26989,25,189,0,271823,2718,2722,12148,25,189,0,1,1,1,1,1,1,
dram,bbht_grover_dram,GT,16383,0,1,10,0x4cc51d23,0xee0e3ab4,normal,HIT,12148,26989,28,357,19,736536,7365,7370,12148,28,357,19,1,1,1,1,1,1,
dram,bbht_grover_dram,GT,16383,0,1,11,0xf9e8aa7a,0x3208c31a,normal,HIT,12148,26989,29,407,15,678620,6786,6790,12148,29,407,15,1,1,1,1,1,1,
dram,bbht_grover_dram,GT,16383,0,1,12,0xdda8b051,0xc8105c9d,normal,HIT,12148,26989,22,142,0,284819,2848,2853,12148,22,142,0,1,1,1,1,1,1,
dram,bbht_grover_dram,GT,16383,0,1,13,0xabfb11bf,0xf5dec75e,normal,HIT,12148,26989,23,179,0,270447,2704,2710,12148,23,179,0,1,1,1,1,1,1,
dram,bbht_grover_dram,GT,16383,0,1,14,0x20639811,0x6b6a7c47,normal,HIT,12148,26989,20,99,0,231257,2312,2316,12148,20,99,0,1,1,1,1,1,1,
dram,bbht_grover_dram,GT,16383,0,1,15,0xac72acd2,0xca84bc6c,normal,HIT,12148,26989,24,156,0,288161,2881,2886,12148,24,156,0,1,1,1,1,1,1,
dram,bbht_grover_dram,GT,16383,0,1,16,0x49a2da79,0xe1376725,normal,HIT,12148,26989,16,57,0,138415,1384,1389,12148,16,57,0,1,1,1,1,1,1,
dram,bbht_grover_dram,GT,16383,0,1,17,0x63a4e9d7,0x6166dba4,normal,HIT,12148,26989,17,51,0,193735,1937,1942,12148,17,51,0,1,1,1,1,1,1,
dram,bbht_grover_dram,GT,16383,0,1,18,0x8983f102,0x43fb6183,normal,HIT,12148,26989,21,101,0,249989,2499,2504,12148,21,101,0,1,1,1,1,1,1,
dram,bbht_grover_dram,GT,16383,0,1,19,0xb671aa78,0xc97ad8a2,normal,HIT,12148,26989,26,235,0,342009,3420,3425,12148,26,235,0,1,1,1,1,1,1,
dram,bbht_grover_dram,GT,16383,0,1,20,0xdaeb566a,0x989e5b3d,normal,HIT,12148,26989,17,58,0,193137,1931,1936,12148,17,58,0,1,1,1,1,1,1,
dram,bbht_grover_dram,GT,16383,0,1,21,0xf6181c00,0xa345ac4b,normal,HIT,12148,26989,13,18,0,99805,998,1003,12148,13,18,0,1,1,1,1,1,1,
dram,bbht_grover_dram,GT,16383,0,1,22,0x4e18d852,0xa08980df,normal,HIT,12148,26989,24,178,0,322129,3221,3225,12148,24,178,0,1,1,1,1,1,1,
dram,bbht_grover_dram,GT,16383,0,1,23,0xa035ceba,0x611de4c4,normal,HIT,12148,26989,25,245,0,377003,3770,3775,12148,25,245,0,1,1,1,1,1,1,
dram,bbht_grover_dram,GT,16383,0,1,24,0xc2416ee4,0x7323f479,normal,HIT,12148,26989,22,182,0,337287,3372,3377,12148,22,182,0,1,1,1,1,1,1,
dram,bbht_grover_dram,GT,16383,0,1,25,0xfbdafbdd,0xa0c0cf2f,normal,HIT,12148,26989,25,210,0,358737,3587,3591,12148,25,210,0,1,1,1,1,1,1,
dram,bbht_grover_dram,GT,16383,0,1,26,0xa43fbf47,0x8de97b10,normal,HIT,12148,26989,23,140,0,266735,2667,2672,12148,23,140,0,1,1,1,1,1,1,
dram,bbht_grover_dram,GT,16383,0,1,27,0x6811f7c1,0xcb07044a,normal,HIT,12148,26989,26,226,0,358315,3583,3587,12148,26,226,0,1,1,1,1,1,1,
dram,bbht_grover_dram,GT,16383,0,1,28,0x610dde2c,0x8cf5deb9,normal,HIT,12148,26989,22,112,0,303969,3039,3044,12148,22,112,0,1,1,1,1,1,1,
dram,bbht_grover_dram,GT,16383,0,1,29,0x82241b87,0xbbe27f39,normal,HIT,12148,26989,22,160,0,266515,2665,2670,12148,22,160,0,1,1,1,1,1,1,
dram,bbht_grover_dram,GT,16383,0,1,30,0x48647490,0xea9551eb,normal,HIT,12148,26989,26,241,0,323205,3232,3237,12148,26,241,0,1,1,1,1,1,1,
dram,bbht_grover_dram,GT,16383,0,1,31,0x63df3b7f,0xa8b057e1,normal,HIT,12148,26989,25,224,0,376309,3763,3768,12148,25,224,0,1,1,1,1,1,1,
dram,bbht_grover_dram,GT,16383,0,1,32,0x433125bb,0x3221fef0,normal,HIT,12148,26989,27,325,0,324951,3249,3254,12148,27,325,0,1,1,1,1,1,1,
dram,bbht_grover_dram,GT,16383,0,1,33,0x7943be40,0x6641ee79,normal,HIT,12148,26989,26,333,0,357605,3576,3581,12148,26,333,0,1,1,1,1,1,1,
dram,bbht_grover_dram,GT,16383,0,1,34,0x26c93252,0x675d2908,normal,HIT,12148,26989,27,290,0,395203,3952,3956,12148,27,290,0,1,1,1,1,1,1,
dram,bbht_grover_dram,GT,16383,0,1,35,0xdbe3ed49,0xa7cfea56,normal,HIT,12148,26989,22,146,0,251657,2516,2521,12148,22,146,0,1,1,1,1,1,1,
dram,bbht_grover_dram,GT,16383,0,1,36,0xc2ec9bb4,0xbfc0ae9e,normal,HIT,12148,26989,29,386,0,362165,3621,3625,12148,29,386,0,1,1,1,1,1,1,
dram,bbht_grover_dram,GT,16383,0,1,37,0xe7ec8559,0x307064ac,normal,HIT,12148,26989,27,400,0,413465,4134,4139,12148,27,400,0,1,1,1,1,1,1,
dram,bbht_grover_dram,GT,16383,0,1,38,0xccb88b54,0x2cf00158,normal,HIT,12148,26989,13,31,0,171521,1715,1720,12148,13,31,0,1,1,1,1,1,1,
dram,bbht_grover_dram,GT,16383,0,1,39,0xb512e6a4,0x2b9e708c,normal,HIT,12148,26989,24,205,0,323839,3238,3243,12148,24,205,0,1,1,1,1,1,1,
dram,bbht_grover_dram,GT,16383,0,1,40,0x7e2c3d82,0xa69fb195,normal,HIT,12148,26989,22,119,0,284219,2842,2847,12148,22,119,0,1,1,1,1,1,1,
dram,bbht_grover_dram,GT,16383,0,1,41,0x58b3e5ad,0x23a21253,normal,HIT,12148,26989,25,258,0,357961,3579,3584,12148,25,258,0,1,1,1,1,1,1,
dram,bbht_grover_dram,GT,16383,0,1,42,0x9a07c40b,0x3ea78d8c,normal,HIT,12148,26989,22,154,0,268473,2684,2689,12148,22,154,0,1,1,1,1,1,1,
dram,bbht_grover_dram,GT,16383,0,1,43,0xf1f9a54b,0x7b00db61,normal,HIT,12148,26989,32,337,0,472241,4722,4726,12148,32,337,0,1,1,1,1,1,1,
dram,bbht_grover_dram,GT,16383,0,1,44,0xfba6212d,0xb8b8356a,normal,HIT,12148,26989,27,263,0,359639,3596,3600,12148,27,263,0,1,1,1,1,1,1,
dram,bbht_grover_dram,GT,16383,0,1,45,0x1ca60615,0xd753b84a,normal,HIT,12148,26989,18,66,0,193103,1931,1935,12148,18,66,0,1,1,1,1,1,1,
dram,bbht_grover_dram,GT,16383,0,1,46,0xa085c93e,0x19b8504d,normal,HIT,12148,26989,25,235,0,340553,3405,3409,12148,25,235,0,1,1,1,1,1,1,
dram,bbht_grover_dram,GT,16383,0,1,47,0x18190603,0xad0438b2,normal,HIT,12148,26989,20,95,0,229763,2297,2303,12148,20,95,0,1,1,1,1,1,1,
dram,bbht_grover_dram,GT,16383,0,1,48,0xc1143c78,0xbbdab3cd,normal,HIT,12148,26989,21,63,0,198313,1983,1988,12148,21,63,0,1,1,1,1,1,1,
dram,bbht_grover_dram,GT,16383,0,1,49,0x332063fc,0x222ba57c,normal,HIT,12148,26989,27,353,0,326303,3263,3268,12148,27,353,0,1,1,1,1,1,1,
dram,bbht_grover_dram,GT,16383,0,1,50,0xd6f4066b,0xab9eb714,normal,HIT,12148,26989,17,35,0,156945,1569,1574,12148,17,35,0,1,1,1,1,1,1,
dram,bbht_grover_dram,GT,16383,0,1,51,0x64b9628c,0x9cd8b518,normal,HIT,12148,26989,27,252,0,411967,4119,4124,12148,27,252,0,1,1,1,1,1,1,
dram,bbht_grover_dram,GT,16383,0,1,52,0x894e6771,0x8a255c2e,normal,HIT,12148,26989,26,256,0,378393,3783,3789,12148,26,256,0,1,1,1,1,1,1,
dram,bbht_grover_dram,GT,16383,0,1,53,0xe3e668e8,0xff1f20c3,normal,HIT,12148,26989,21,115,0,285511,2855,2859,12148,21,115,0,1,1,1,1,1,1,
dram,bbht_grover_dram,GT,16383,0,1,54,0x36980406,0xfbdbfa61,normal,HIT,12148,26989,23,156,0,321619,3216,3220,12148,23,156,0,1,1,1,1,1,1,
dram,bbht_grover_dram,GT,16383,0,1,55,0x114d2b4a,0xa617ad4e,normal,HIT,12148,26989,23,124,0,339355,3393,3398,12148,23,124,0,1,1,1,1,1,1,
dram,bbht_grover_dram,GT,16383,0,1,56,0x3b8907e1,0x0c6cbd10,normal,HIT,12148,26989,23,142,0,286659,2866,2871,12148,23,142,0,1,1,1,1,1,1,
dram,bbht_grover_dram,GT,16383,0,1,57,0x2cd09c1d,0x964fb1a7,normal,HIT,12148,26989,22,166,0,248671,2486,2492,12148,22,166,0,1,1,1,1,1,1,
dram,bbht_grover_dram,GT,16383,0,1,58,0x6d7a8604,0xbd6f99c6,normal,HIT,12148,26989,26,195,0,377707,3777,3782,12148,26,195,0,1,1,1,1,1,1,
dram,bbht_grover_dram,GT,16383,0,1,59,0x1fadaf42,0x60010aa3,normal,HIT,12148,26989,30,396,0,418231,4182,4187,12148,30,396,0,1,1,1,1,1,1,
dram,bbht_grover_dram,GT,16383,0,1,60,0x92fe7cfd,0xb54e2773,normal,HIT,12148,26989,15,39,0,208003,2080,2085,12148,15,39,0,1,1,1,1,1,1,
dram,bbht_grover_dram,GT,16383,0,1,61,0x1aecb060,0x9c545eba,normal,HIT,12148,26989,24,183,0,341579,3415,3420,12148,24,183,0,1,1,1,1,1,1,
dram,bbht_grover_dram,GT,16383,0,1,62,0x91778cc3,0xbd1d1bc0,normal,HIT,12148,26989,18,63,0,211259,2112,2117,12148,18,63,0,1,1,1,1,1,1,
dram,bbht_grover_dram,GT,16383,0,1,63,0xe6b7e7eb,0xd542988e,normal,HIT,12148,26989,23,116,0,339197,3391,3397,12148,23,116,0,1,1,1,1,1,1,
dram,bbht_grover_dram,GT,16383,0,1,64,0x6770144c,0xd2d3c6e7,normal,HIT,12148,26989,18,52,0,191777,1917,1922,12148,18,52,0,1,1,1,1,1,1,
dram,bbht_grover_dram,GT,16383,0,1,65,0xc600a248,0x0a1e0844,normal,HIT,12148,26989,26,277,0,307329,3073,3078,12148,26,277,0,1,1,1,1,1,1,
dram,bbht_grover_dram,GT,16383,0,1,66,0x1ea4f830,0x2ef0f28e,normal,HIT,12148,26989,27,311,0,342499,3424,3430,12148,27,311,0,1,1,1,1,1,1,
dram,bbht_grover_dram,GT,16383,0,1,67,0x639604f3,0x7fe04f83,normal,HIT,12148,26989,24,153,0,305959,3059,3064,12148,24,153,0,1,1,1,1,1,1,
dram,bbht_grover_dram,GT,16383,0,1,68,0x6e084a84,0xb643b17e,normal,HIT,12148,26989,22,110,0,233107,2331,2336,12148,22,110,0,1,1,1,1,1,1,
dram,bbht_grover_dram,GT,16383,0,1,69,0x3d7fc476,0x467d7a44,normal,HIT,12148,26989,25,221,0,340353,3403,3408,12148,25,221,0,1,1,1,1,1,1,
dram,bbht_grover_dram,GT,16383,0,1,70,0xedca3875,0xefade11e,normal,HIT,12148,26989,26,243,0,340391,3403,3408,12148,26,243,0,1,1,1,1,1,1,
dram,bbht_grover_dram,GT,16383,0,1,71,0xb883121d,0x095c678c,normal,HIT,12148,26989,21,87,0,267625,2676,2682,12148,21,87,0,1,1,1,1,1,1,
dram,bbht_grover_dram,GT,16383,0,1,72,0xace22797,0xbc422a9a,normal,HIT,12148,26989,23,217,0,320535,3205,3210,12148,23,217,0,1,1,1,1,1,1,
dram,bbht_grover_dram,GT,16383,0,1,73,0xefd3172d,0x8c2c3233,normal,HIT,12148,26989,21,100,0,250119,2501,2506,12148,21,100,0,1,1,1,1,1,1,
dram,bbht_grover_dram,GT,16383,0,1,74,0xe6aacdb5,0x7f1c158a,normal,HIT,12148,26989,22,172,0,266957,2669,2674,12148,22,172,0,1,1,1,1,1,1,
dram,bbht_grover_dram,GT,16383,0,1,75,0x6566c598,0xca804b00,normal,HIT,12148,26989,22,140,0,268319,2683,2688,12148,22,140,0,1,1,1,1,1,1,
dram,bbht_grover_dram,GT,16383,0,1,76,0x4e646d9d,0xcbae5ac0,normal,HIT,12148,26989,23,149,0,338479,3384,3389,12148,23,149,0,1,1,1,1,1,1,
dram,bbht_grover_dram,GT,16383,0,1,77,0x05d81d6f,0x260c4013,normal,HIT,12148,26989,17,45,0,209447,2094,2099,12148,17,45,0,1,1,1,1,1,1,
dram,bbht_grover_dram,GT,16383,0,1,78,0x2018f6a3,0x5728c7f4,normal,HIT,12148,26989,25,177,0,358223,3582,3586,12148,25,177,0,1,1,1,1,1,1,
dram,bbht_grover_dram,GT,16383,0,1,79,0x718ebf0c,0x4d7d460c,normal,HIT,12148,26989,27,314,0,396613,3966,3970,12148,27,314,0,1,1,1,1,1,1,
dram,bbht_grover_dram,GT,16383,0,1,80,0x042a8f17,0x2093b3f4,normal,HIT,12148,26989,26,269,0,359273,3592,3598,12148,26,269,0,1,1,1,1,1,1,
dram,bbht_grover_dram,GT,16383,0,1,81,0xfc1c775d,0x35bd20f1,normal,HIT,12148,26989,21,116,0,213207,2132,2136,12148,21,116,0,1,1,1,1,1,1,
dram,bbht_grover_dram,GT,16383,0,1,82,0x16b93b63,0x7d609ba5,normal,HIT,12148,26989,21,121,0,248531,2485,2489,12148,21,121,0,1,1,1,1,1,1,
dram,bbht_grover_dram,GT,16383,0,1,83,0x8ce1028e,0xb152e7ef,normal,HIT,12148,26989,28,374,0,398287,3982,3986,12148,28,374,0,1,1,1,1,1,1,
dram,bbht_grover_dram,GT,16383,0,1,84,0x87bad980,0x7dbefa97,normal,HIT,12148,26989,20,107,0,265689,2656,2660,12148,20,107,0,1,1,1,1,1,1,
dram,bbht_grover_dram,GT,16383,0,1,85,0xd63d86f3,0xf5399cca,normal,HIT,12148,26989,12,21,0,117543,1175,1179,12148,12,21,0,1,1,1,1,1,1,
dram,bbht_grover_dram,GT,16383,0,1,86,0xeeaba102,0x01560fc0,normal,HIT,12148,26989,24,200,0,324311,3243,3247,12148,24,200,0,1,1,1,1,1,1,
dram,bbht_grover_dram,GT,16383,0,1,87,0xc1fee4bb,0xc7e12d58,normal,HIT,12148,26989,28,389,0,380259,3802,3807,12148,28,389,0,1,1,1,1,1,1,
dram,bbht_grover_dram,GT,16383,0,1,88,0x0707c9da,0xf644a3f9,normal,HIT,12148,26989,24,199,0,304113,3041,3046,12148,24,199,0,1,1,1,1,1,1,
dram,bbht_grover_dram,GT,16383,0,1,89,0xde0d9c30,0x58a2ee8f,normal,HIT,12148,26989,23,150,0,269345,2693,2698,12148,23,150,0,1,1,1,1,1,1,
dram,bbht_grover_dram,GT,16383,0,1,90,0x7cd0efc7,0x9f385cfb,normal,HIT,12148,26989,23,110,0,252765,2527,2533,12148,23,110,0,1,1,1,1,1,1,
dram,bbht_grover_dram,GT,16383,0,1,91,0xe4cb50a6,0x94d13729,normal,HIT,12148,26989,26,241,0,342031,3420,3425,12148,26,241,0,1,1,1,1,1,1,
dram,bbht_grover_dram,GT,16383,0,1,92,0xa0882219,0x18f75d24,normal,HIT,12148,26989,26,354,0,358965,3589,3594,12148,26,354,0,1,1,1,1,1,1,
dram,bbht_grover_dram,GT,16383,0,1,93,0xc435e6f2,0xf75a52bc,normal,HIT,12148,26989,21,119,0,213546,2135,2140,12148,21,119,0,1,1,1,1,1,1,
dram,bbht_grover_dram,GT,16383,0,1,94,0x011b63f0,0x0aa34346,normal,HIT,12148,26989,21,130,0,266540,2665,2670,12148,21,130,0,1,1,1,1,1,1,
dram,bbht_grover_dram,GT,16383,0,1,95,0x1b456e77,0xee460f94,normal,HIT,12148,26989,25,214,0,322981,3229,3234,12148,25,214,0,1,1,1,1,1,1,
dram,bbht_grover_dram,GT,16383,0,1,96,0x10088608,0xef418331,normal,HIT,12148,26989,21,108,0,230429,2304,2309,12148,21,108,0,1,1,1,1,1,1,
dram,bbht_grover_dram,GT,16383,0,1,97,0x6fcfc352,0xf8fa9f4c,normal,HIT,12148,26989,26,325,0,342080,3420,3425,12148,26,325,0,1,1,1,1,1,1,
dram,bbht_grover_dram,GT,16383,0,1,98,0xfb6077af,0x713595a9,normal,HIT,12148,26989,22,153,0,302527,3025,3029,12148,22,153,0,1,1,1,1,1,1,
dram,bbht_grover_dram,GT,16383,0,1,99,0xc6ebb72e,0x08fdf109,normal,HIT,12148,26989,21,101,0,249403,2494,2498,12148,21,101,0,1,1,1,1,1,1,
dram,bbht_grover_dram,GT,16383,0,4,0,0x7b1dcdaf,0x24370df2,normal,HIT,14541,30711,21,119,38,965747,9657,9662,14541,21,119,38,1,1,1,1,1,1,
dram,bbht_grover_dram,GT,16383,0,4,1,0x3a85a4dc,0xa3b9aa35,normal,HIT,2460,23714,20,81,0,194586,1945,1951,2460,20,81,0,1,1,1,1,1,1,
dram,bbht_grover_dram,GT,16383,0,4,2,0x6162a8b2,0x871c276f,normal,HIT,10937,16908,20,120,0,230234,2302,2306,10937,20,120,0,1,1,1,1,1,1,
dram,bbht_grover_dram,GT,16383,0,4,3,0xc3adc34e,0xf5b8f22b,normal,HIT,14541,30711,18,56,0,211745,2117,2122,14541,18,56,0,1,1,1,1,1,1,
dram,bbht_grover_dram,GT,16383,0,4,4,0x2bb073ff,0x3f8396e3,normal,HIT,10937,16908,20,108,0,247768,2477,2481,10937,20,108,0,1,1,1,1,1,1,
dram,bbht_grover_dram,GT,16383,0,4,5,0xda585ab3,0xa7197ad7,normal,HIT,2460,23714,22,136,2,286212,2862,2866,2460,22,136,2,1,1,1,1,1,1,
dram,bbht_grover_dram,GT,16383,0,4,6,0x0ed109c0,0x5701ce52,normal,HIT,10937,16908,17,68,0,209590,2095,2100,10937,17,68,0,1,1,1,1,1,1,
dram,bbht_grover_dram,GT,16383,0,4,7,0x102ecf73,0x53c7612b,normal,HIT,2460,23714,14,36,0,189354,1893,1897,2460,14,36,0,1,1,1,1,1,1,
dram,bbht_grover_dram,GT,16383,0,4,8,0xcf29b6a1,0x35231a84,normal,HIT,2460,23714,25,183,7,454746,4547,4551,2460,25,183,7,1,1,1,1,1,1,
dram,bbht_grover_dram,GT,16383,0,4,9,0xc49cbb42,0xd0a3bbb8,normal,HIT,14541,30711,24,148,7,385232,3852,3856,14541,24,148,7,1,1,1,1,1,1,
dram,bbht_grover_dram,GT,16383,0,4,10,0x4cc51d23,0xee0e3ab4,normal,HIT,14541,30711,15,35,0,155381,1553,1559,14541,15,35,0,1,1,1,1,1,1,
dram,bbht_grover_dram,GT,16383,0,4,11,0xf9e8aa7a,0x3208c31a,normal,HIT,2460,23714,19,85,0,228950,2289,2294,2460,19,85,0,1,1,1,1,1,1,
dram,bbht_grover_dram,GT,16383,0,4,12,0xdda8b051,0xc8105c9d,normal,HIT,2460,23714,17,32,0,192010,1920,1925,2460,17,32,0,1,1,1,1,1,1,
dram,bbht_grover_dram,GT,16383,0,4,13,0xabfb11bf,0xf5dec75e,normal,HIT,10937,16908,12,24,0,117448,1174,1179,10937,12,24,0,1,1,1,1,1,1,
dram,bbht_grover_dram,GT,16383,0,4,14,0x20639811,0x6b6a7c47,normal,HIT,14541,30711,14,29,0,137475,1374,1379,14541,14,29,0,1,1,1,1,1,1,
dram,bbht_grover_dram,GT,16383,0,4,15,0xac72acd2,0xca84bc6c,normal,HIT,14541,30711,21,85,0,232189,2321,2327,14541,21,85,0,1,1,1,1,1,1,
dram,bbht_grover_dram,GT,16383,0,4,16,0x49a2da79,0xe1376725,normal,HIT,12148,26989,23,175,0,268553,2685,2690,12148,23,175,0,1,1,1,1,1,1,
dram,bbht_grover_dram,GT,16383,0,4,17,0x63a4e9d7,0x6166dba4,normal,HIT,12148,26989,17,51,0,193800,1938,1943,12148,17,51,0,1,1,1,1,1,1,
dram,bbht_grover_dram,GT,16383,0,4,18,0x8983f102,0x43fb6183,normal,HIT,14541,30711,9,8,0,61979,619,624,14541,9,8,0,1,1,1,1,1,1,
dram,bbht_grover_dram,GT,16383,0,4,19,0xb671aa78,0xc97ad8a2,normal,HIT,2460,23714,21,82,0,249100,2491,2496,2460,21,82,0,1,1,1,1,1,1,
dram,bbht_grover_dram,GT,16383,0,4,20,0xdaeb566a,0x989e5b3d,normal,HIT,14541,30711,13,20,0,118703,1187,1191,14541,13,20,0,1,1,1,1,1,1,
dram,bbht_grover_dram,GT,16383,0,4,21,0xf6181c00,0xa345ac4b,normal,HIT,12148,26989,13,18,0,99859,998,1003,12148,13,18,0,1,1,1,1,1,1,
dram,bbht_grover_dram,GT,16383,0,4,22,0x4e18d852,0xa08980df,normal,HIT,10937,16908,20,92,0,248132,2481,2485,10937,20,92,0,1,1,1,1,1,1,
dram,bbht_grover_dram,GT,16383,0,4,23,0xa035ceba,0x611de4c4,normal,HIT,2460,23714,20,88,0,284446,2844,2849,2460,20,88,0,1,1,1,1,1,1,
dram,bbht_grover_dram,GT,16383,0,4,24,0xc2416ee4,0x7323f479,normal,HIT,2460,23714,18,73,0,263282,2632,2638,2460,18,73,0,1,1,1,1,1,1,
dram,bbht_grover_dram,GT,16383,0,4,25,0xfbdafbdd,0xa0c0cf2f,normal,HIT,10937,16908,20,100,0,265924,2659,2663,10937,20,100,0,1,1,1,1,1,1,
dram,bbht_grover_dram,GT,16383,0,4,26,0xa43fbf47,0x8de97b10,normal,HIT,14541,30711,16,39,0,137185,1371,1377,14541,16,39,0,1,1,1,1,1,1,
dram,bbht_grover_dram,GT,16383,0,4,27,0x6811f7c1,0xcb07044a,normal,HIT,14541,30711,18,56,0,210489,2104,2109,14541,18,56,0,1,1,1,1,1,1,
dram,bbht_grover_dram,GT,16383,0,4,28,0x610dde2c,0x8cf5deb9,normal,HIT,10937,16908,18,54,0,247104,2471,2475,10937,18,54,0,1,1,1,1,1,1,
dram,bbht_grover_dram,GT,16383,0,4,29,0x82241b87,0xbbe27f39,normal,HIT,14541,30711,7,6,0,60501,605,609,14541,7,6,0,1,1,1,1,1,1,
dram,bbht_grover_dram,GT,16383,0,4,30,0x48647490,0xea9551eb,normal,HIT,2460,23714,19,63,0,193846,1938,1942,2460,19,63,0,1,1,1,1,1,1,
dram,bbht_grover_dram,GT,16383,0,4,31,0x63df3b7f,0xa8b057e1,normal,HIT,14541,30711,21,106,0,302121,3021,3025,14541,21,106,0,1,1,1,1,1,1,
dram,bbht_grover_dram,GT,16383,0,4,32,0x433125bb,0x3221fef0,normal,HIT,12148,26989,10,12,0,79783,797,802,12148,10,12,0,1,1,1,1,1,1,
dram,bbht_grover_dram,GT,16383,0,4,33,0x7943be40,0x6641ee79,normal,HIT,2460,23714,17,57,0,190796,1907,1912,2460,17,57,0,1,1,1,1,1,1,
dram,bbht_grover_dram,GT,16383,0,4,34,0x26c93252,0x675d2908,normal,HIT,2460,23714,25,171,0,357462,3574,3578,2460,25,171,0,1,1,1,1,1,1,
dram,bbht_grover_dram,GT,16383,0,4,35,0xdbe3ed49,0xa7cfea56,normal,HIT,10937,16908,18,73,0,177522,1775,1780,10937,18,73,0,1,1,1,1,1,1,
dram,bbht_grover_dram,GT,16383,0,4,36,0xc2ec9bb4,0xbfc0ae9e,normal,HIT,14541,30711,23,180,0,250911,2509,2513,14541,23,180,0,1,1,1,1,1,1,
dram,bbht_grover_dram,GT,16383,0,4,37,0xe7ec8559,0x307064ac,normal,HIT,2460,23714,12,17,0,152802,1528,1533,2460,12,17,0,1,1,1,1,1,1,
dram,bbht_grover_dram,GT,16383,0,4,38,0xccb88b54,0x2cf00158,normal,HIT,10937,16908,21,123,0,302092,3020,3026,10937,21,123,0,1,1,1,1,1,1,
dram,bbht_grover_dram,GT,16383,0,4,39,0xb512e6a4,0x2b9e708c,normal,HIT,14541,30711,21,105,0,268241,2682,2686,14541,21,105,0,1,1,1,1,1,1,
dram,bbht_grover_dram,GT,16383,0,4,40,0x7e2c3d82,0xa69fb195,normal,HIT,12148,26989,22,119,0,284351,2843,2847,12148,22,119,0,1,1,1,1,1,1,
dram,bbht_grover_dram,GT,16383,0,4,41,0x58b3e5ad,0x23a21253,normal,HIT,12148,26989,17,61,0,209845,2098,2103,12148,17,61,0,1,1,1,1,1,1,
dram,bbht_grover_dram,GT,16383,0,4,42,0x9a07c40b,0x3ea78d8c,normal,HIT,14541,30711,18,75,0,211575,2115,2120,14541,18,75,0,1,1,1,1,1,1,
dram,bbht_grover_dram,GT,16383,0,4,43,0xf1f9a54b,0x7b00db61,normal,HIT,2460,23714,21,141,0,302602,3026,3030,2460,21,141,0,1,1,1,1,1,1,
dram,bbht_grover_dram,GT,16383,0,4,44,0xfba6212d,0xb8b8356a,normal,HIT,2460,23714,16,44,0,173186,1731,1737,2460,16,44,0,1,1,1,1,1,1,
dram,bbht_grover_dram,GT,16383,0,4,45,0x1ca60615,0xd753b84a,normal,HIT,10937,16908,16,40,0,173900,1739,1743,10937,16,40,0,1,1,1,1,1,1,
dram,bbht_grover_dram,GT,16383,0,4,46,0xa085c93e,0x19b8504d,normal,HIT,10937,16908,24,164,0,321826,3218,3222,10937,24,164,0,1,1,1,1,1,1,
dram,bbht_grover_dram,GT,16383,0,4,47,0x18190603,0xad0438b2,normal,HIT,12148,26989,19,76,0,211069,2110,2116,12148,19,76,0,1,1,1,1,1,1,
dram,bbht_grover_dram,GT,16383,0,4,48,0xc1143c78,0xbbdab3cd,normal,HIT,14541,30711,25,157,0,272461,2724,2728,14541,25,157,0,1,1,1,1,1,1,
dram,bbht_grover_dram,GT,16383,0,4,49,0x332063fc,0x222ba57c,normal,HIT,14541,30711,23,148,0,251887,2518,2523,14541,23,148,0,1,1,1,1,1,1,
dram,bbht_grover_dram,GT,16383,0,4,50,0xd6f4066b,0xab9eb714,normal,HIT,12148,26989,16,32,0,138543,1385,1390,12148,16,32,0,1,1,1,1,1,1,
dram,bbht_grover_dram,GT,16383,0,4,51,0x64b9628c,0x9cd8b518,normal,HIT,10937,16908,20,88,0,299869,2998,3004,10937,20,88,0,1,1,1,1,1,1,
dram,bbht_grover_dram,GT,16383,0,4,52,0x894e6771,0x8a255c2e,normal,HIT,10937,16908,15,28,0,174168,1741,1745,10937,15,28,0,1,1,1,1,1,1,
dram,bbht_grover_dram,GT,16383,0,4,53,0xe3e668e8,0xff1f20c3,normal,HIT,12148,26989,18,49,0,229885,2298,2304,12148,18,49,0,1,1,1,1,1,1,
dram,bbht_grover_dram,GT,16383,0,4,54,0x36980406,0xfbdbfa61,normal,HIT,10937,16908,22,121,0,303170,3031,3036,10937,22,121,0,1,1,1,1,1,1,
dram,bbht_grover_dram,GT,16383,0,4,55,0x114d2b4a,0xa617ad4e,normal,HIT,2460,23714,23,124,0,338748,3387,3392,2460,23,124,0,1,1,1,1,1,1,
dram,bbht_grover_dram,GT,16383,0,4,56,0x3b8907e1,0x0c6cbd10,normal,HIT,10937,16908,17,37,0,175564,1755,1760,10937,17,37,0,1,1,1,1,1,1,
dram,bbht_grover_dram,GT,16383,0,4,57,0x2cd09c1d,0x964fb1a7,normal,HIT,14541,30711,21,126,0,229391,2293,2298,14541,21,126,0,1,1,1,1,1,1,
dram,bbht_grover_dram,GT,16383,0,4,58,0x6d7a8604,0xbd6f99c6,normal,HIT,2460,23714,15,37,0,191650,1916,1920,2460,15,37,0,1,1,1,1,1,1,
dram,bbht_grover_dram,GT,16383,0,4,59,0x1fadaf42,0x60010aa3,normal,HIT,12148,26989,26,163,0,343477,3434,3439,12148,26,163,0,1,1,1,1,1,1,
dram,bbht_grover_dram,GT,16383,0,4,60,0x92fe7cfd,0xb54e2773,normal,HIT,2460,23714,22,170,0,320072,3200,3205,2460,22,170,0,1,1,1,1,1,1,
dram,bbht_grover_dram,GT,16383,0,4,61,0x1aecb060,0x9c545eba,normal,HIT,14541,30711,17,47,0,211333,2113,2118,14541,17,47,0,1,1,1,1,1,1,
dram,bbht_grover_dram,GT,16383,0,4,62,0x91778cc3,0xbd1d1bc0,normal,HIT,10937,16908,15,37,0,155920,1559,1564,10937,15,37,0,1,1,1,1,1,1,
dram,bbht_grover_dram,GT,16383,0,4,63,0xe6b7e7eb,0xd542988e,normal,HIT,10937,16908,26,195,0,395182,3951,3956,10937,26,195,0,1,1,1,1,1,1,
dram,bbht_grover_dram,GT,16383,0,4,64,0x6770144c,0xd2d3c6e7,normal,HIT,2460,23714,23,129,0,284416,2844,2849,2460,23,129,0,1,1,1,1,1,1,
dram,bbht_grover_dram,GT,16383,0,4,65,0xc600a248,0x0a1e0844,normal,HIT,14541,30711,23,131,1,270383,2703,2708,14541,23,131,1,1,1,1,1,1,1,
dram,bbht_grover_dram,GT,16383,0,4,66,0x1ea4f830,0x2ef0f28e,normal,HIT,2460,23714,24,119,0,286648,2866,2870,2460,24,119,0,1,1,1,1,1,1,
dram,bbht_grover_dram,GT,16383,0,4,67,0x639604f3,0x7fe04f83,normal,HIT,10937,16908,22,105,0,268782,2687,2692,10937,22,105,0,1,1,1,1,1,1,
dram,bbht_grover_dram,GT,16383,0,4,68,0x6e084a84,0xb643b17e,normal,HIT,10937,16908,22,110,0,233088,2330,2336,10937,22,110,0,1,1,1,1,1,1,
dram,bbht_grover_dram,GT,16383,0,4,69,0x3d7fc476,0x467d7a44,normal,HIT,10937,16908,23,160,0,303592,3035,3040,10937,23,160,0,1,1,1,1,1,1,
dram,bbht_grover_dram,GT,16383,0,4,70,0xedca3875,0xefade11e,normal,HIT,2460,23714,21,82,0,265518,2655,2659,2460,21,82,0,1,1,1,1,1,1,
dram,bbht_grover_dram,GT,16383,0,4,71,0xb883121d,0x095c678c,normal,HIT,12148,26989,19,45,0,230731,2307,2311,12148,19,45,0,1,1,1,1,1,1,
dram,bbht_grover_dram,GT,16383,0,4,72,0xace22797,0xbc422a9a,normal,HIT,2460,23714,9,10,0,78800,788,791,2460,9,10,0,1,1,1,1,1,1,
dram,bbht_grover_dram,GT,16383,0,4,73,0xefd3172d,0x8c2c3233,normal,HIT,2460,23714,21,100,0,250027,2500,2505,2460,21,100,0,1,1,1,1,1,1,
dram,bbht_grover_dram,GT,16383,0,4,74,0xe6aacdb5,0x7f1c158a,normal,HIT,12148,26989,23,212,0,285557,2855,2860,12148,23,212,0,1,1,1,1,1,1,
dram,bbht_grover_dram,GT,16383,0,4,75,0x6566c598,0xca804b00,normal,HIT,2460,23714,22,140,0,267678,2676,2681,2460,22,140,0,1,1,1,1,1,1,
dram,bbht_grover_dram,GT,16383,0,4,76,0x4e646d9d,0xcbae5ac0,normal,HIT,10937,16908,17,64,0,227900,2279,2283,10937,17,64,0,1,1,1,1,1,1,
dram,bbht_grover_dram,GT,16383,0,4,77,0x05d81d6f,0x260c4013,normal,HIT,12148,26989,24,189,0,338409,3384,3389,12148,24,189,0,1,1,1,1,1,1,
dram,bbht_grover_dram,GT,16383,0,4,78,0x2018f6a3,0x5728c7f4,normal,HIT,10937,16908,10,11,0,97958,979,984,10937,10,11,0,1,1,1,1,1,1,
dram,bbht_grover_dram,GT,16383,0,4,79,0x718ebf0c,0x4d7d460c,normal,HIT,2460,23714,24,138,0,340928,3409,3414,2460,24,138,0,1,1,1,1,1,1,
dram,bbht_grover_dram,GT,16383,0,4,80,0x042a8f17,0x2093b3f4,normal,HIT,14541,30711,21,89,0,266493,2664,2670,14541,21,89,0,1,1,1,1,1,1,
dram,bbht_grover_dram,GT,16383,0,4,81,0xfc1c775d,0x35bd20f1,normal,HIT,2460,23714,13,28,0,100266,1002,1007,2460,13,28,0,1,1,1,1,1,1,
dram,bbht_grover_dram,GT,16383,0,4,82,0x16b93b63,0x7d609ba5,normal,HIT,10937,16908,20,84,0,229896,2298,2304,10937,20,84,0,1,1,1,1,1,1,
dram,bbht_grover_dram,GT,16383,0,4,83,0x8ce1028e,0xb152e7ef,normal,HIT,14541,30711,19,79,0,230703,2307,2312,14541,19,79,0,1,1,1,1,1,1,
dram,bbht_grover_dram,GT,16383,0,4,84,0x87bad980,0x7dbefa97,normal,HIT,14541,30711,18,66,0,228523,2285,2290,14541,18,66,0,1,1,1,1,1,1,
dram,bbht_grover_dram,GT,16383,0,4,85,0xd63d86f3,0xf5399cca,normal,HIT,2460,23714,16,32,0,191622,1916,1921,2460,16,32,0,1,1,1,1,1,1,
dram,bbht_grover_dram,GT,16383,0,4,86,0xeeaba102,0x01560fc0,normal,HIT,12148,26989,21,91,0,268435,2684,2689,12148,21,91,0,1,1,1,1,1,1,
dram,bbht_grover_dram,GT,16383,0,4,87,0xc1fee4bb,0xc7e12d58,normal,HIT,14541,30711,22,146,0,285491,2854,2860,14541,22,146,0,1,1,1,1,1,1,
dram,bbht_grover_dram,GT,16383,0,4,88,0x0707c9da,0xf644a3f9,normal,HIT,10937,16908,16,48,0,173074,1730,1735,10937,16,48,0,1,1,1,1,1,1,
dram,bbht_grover_dram,GT,16383,0,4,89,0xde0d9c30,0x58a2ee8f,normal,HIT,12148,26989,21,91,0,232155,2321,2325,12148,21,91,0,1,1,1,1,1,1,
dram,bbht_grover_dram,GT,16383,0,4,90,0x7cd0efc7,0x9f385cfb,normal,HIT,2460,23714,23,110,0,252328,2523,2528,2460,23,110,0,1,1,1,1,1,1,
dram,bbht_grover_dram,GT,16383,0,4,91,0xe4cb50a6,0x94d13729,normal,HIT,14541,30711,20,100,0,230983,2309,2314,14541,20,100,0,1,1,1,1,1,1,
dram,bbht_grover_dram,GT,16383,0,4,92,0xa0882219,0x18f75d24,normal,HIT,10937,16908,22,146,0,284914,2849,2854,10937,22,146,0,1,1,1,1,1,1,
dram,bbht_grover_dram,GT,16383,0,4,93,0xc435e6f2,0xf75a52bc,normal,HIT,12148,26989,20,96,0,212799,2127,2132,12148,20,96,0,1,1,1,1,1,1,
dram,bbht_grover_dram,GT,16383,0,4,94,0x011b63f0,0x0aa34346,normal,HIT,10937,16908,18,62,0,211188,2111,2116,10937,18,62,0,1,1,1,1,1,1,
dram,bbht_grover_dram,GT,16383,0,4,95,0x1b456e77,0xee460f94,normal,HIT,10937,16908,17,47,0,174920,1749,1753,10937,17,47,0,1,1,1,1,1,1,
dram,bbht_grover_dram,GT,16383,0,4,96,0x10088608,0xef418331,normal,HIT,10937,16908,19,74,0,193396,1933,1938,10937,19,74,0,1,1,1,1,1,1,
dram,bbht_grover_dram,GT,16383,0,4,97,0x6fcfc352,0xf8fa9f4c,normal,HIT,2460,23714,16,33,0,156368,1563,1568,2460,16,33,0,1,1,1,1,1,1,
dram,bbht_grover_dram,GT,16383,0,4,98,0xfb6077af,0x713595a9,normal,HIT,14541,30711,16,45,0,208874,2088,2094,14541,16,45,0,1,1,1,1,1,1,
dram,bbht_grover_dram,GT,16383,0,4,99,0xc6ebb72e,0x08fdf109,normal,HIT,14541,30711,21,101,0,249527,2495,2500,14541,21,101,0,1,1,1,1,1,1,
dram,bbht_grover_dram,GT,16383,0,16,0,0x7b1dcdaf,0x24370df2,normal,HIT,7119,21276,25,308,70,1607269,16072,16077,7119,25,308,70,1,1,1,1,1,1,
dram,bbht_grover_dram,GT,16383,0,16,1,0x3a85a4dc,0xa3b9aa35,normal,HIT,13499,22948,11,9,0,62662,626,631,13499,11,9,0,1,1,1,1,1,1,
dram,bbht_grover_dram,GT,16383,0,16,2,0x6162a8b2,0x871c276f,normal,HIT,12148,26989,17,56,0,174417,1744,1748,12148,17,56,0,1,1,1,1,1,1,
dram,bbht_grover_dram,GT,16383,0,16,3,0xc3adc34e,0xf5b8f22b,normal,HIT,9616,21800,10,13,0,80124,801,806,9616,10,13,0,1,1,1,1,1,1,
dram,bbht_grover_dram,GT,16383,0,16,4,0x2bb073ff,0x3f8396e3,normal,HIT,13499,22948,12,17,0,100028,1000,1004,13499,12,17,0,1,1,1,1,1,1,
dram,bbht_grover_dram,GT,16383,0,16,5,0xda585ab3,0xa7197ad7,normal,HIT,10937,16908,19,57,0,193411,1934,1939,10937,19,57,0,1,1,1,1,1,1,
dram,bbht_grover_dram,GT,16383,0,16,6,0x0ed109c0,0x5701ce52,normal,HIT,6979,19071,17,68,0,209624,2096,2100,6979,17,68,0,1,1,1,1,1,1,
dram,bbht_grover_dram,GT,16383,0,16,7,0x102ecf73,0x53c7612b,normal,HIT,86,26850,7,5,0,59750,597,602,86,7,5,0,1,1,1,1,1,1,
dram,bbht_grover_dram,GT,16383,0,16,8,0xcf29b6a1,0x35231a84,normal,HIT,6322,19210,19,76,0,229608,2296,2301,6322,19,76,0,1,1,1,1,1,1,
dram,bbht_grover_dram,GT,16383,0,16,9,0xc49cbb42,0xd0a3bbb8,normal,HIT,9359,25296,17,40,0,141021,1410,1416,9359,17,40,0,1,1,1,1,1,1,
dram,bbht_grover_dram,GT,16383,0,16,10,0x4cc51d23,0xee0e3ab4,normal,HIT,14644,22285,15,35,0,155423,1554,1559,14644,15,35,0,1,1,1,1,1,1,
dram,bbht_grover_dram,GT,16383,0,16,11,0xf9e8aa7a,0x3208c31a,normal,HIT,1999,28193,17,57,0,191431,1914,1918,1999,17,57,0,1,1,1,1,1,1,
dram,bbht_grover_dram,GT,16383,0,16,12,0xdda8b051,0xc8105c9d,normal,HIT,86,26850,14,20,0,136767,1367,1371,86,14,20,0,1,1,1,1,1,1,
dram,bbht_grover_dram,GT,16383,0,16,13,0xabfb11bf,0xf5dec75e,normal,HIT,14644,22285,12,24,0,117579,1175,1180,14644,12,24,0,1,1,1,1,1,1,
dram,bbht_grover_dram,GT,16383,0,16,14,0x20639811,0x6b6a7c47,normal,HIT,14644,22285,12,19,0,99923,999,1003,14644,12,19,0,1,1,1,1,1,1,
dram,bbht_grover_dram,GT,16383,0,16,15,0xac72acd2,0xca84bc6c,normal,HIT,9669,18554,16,39,0,156675,1566,1571,9669,16,39,0,1,1,1,1,1,1,
dram,bbht_grover_dram,GT,16383,0,16,16,0x49a2da79,0xe1376725,normal,HIT,9098,29117,10,16,0,62344,623,628,9098,10,16,0,1,1,1,1,1,1,
dram,bbht_grover_dram,GT,16383,0,16,17,0x63a4e9d7,0x6166dba4,normal,HIT,13499,22948,15,30,0,156696,1566,1572,13499,15,30,0,1,1,1,1,1,1,
dram,bbht_grover_dram,GT,16383,0,16,18,0x8983f102,0x43fb6183,normal,HIT,14541,30711,9,8,0,61951,619,624,14541,9,8,0,1,1,1,1,1,1,
dram,bbht_grover_dram,GT,16383,0,16,19,0xb671aa78,0xc97ad8a2,normal,HIT,9669,18554,16,35,0,156775,1567,1572,9669,16,35,0,1,1,1,1,1,1,
dram,bbht_grover_dram,GT,16383,0,16,20,0xdaeb566a,0x989e5b3d,normal,HIT,10937,16908,16,46,0,174498,1744,1749,10937,16,46,0,1,1,1,1,1,1,
dram,bbht_grover_dram,GT,16383,0,16,21,0xf6181c00,0xa345ac4b,normal,HIT,6979,19071,12,12,0,81129,811,817,6979,12,12,0,1,1,1,1,1,1,
dram,bbht_grover_dram,GT,16383,0,16,22,0x4e18d852,0xa08980df,normal,HIT,15344,21024,17,48,0,209959,2099,2104,15344,17,48,0,1,1,1,1,1,1,
dram,bbht_grover_dram,GT,16383,0,16,23,0xa035ceba,0x611de4c4,normal,HIT,9359,25296,12,21,0,136835,1368,1373,9359,12,21,0,1,1,1,1,1,1,
dram,bbht_grover_dram,GT,16383,0,16,24,0xc2416ee4,0x7323f479,normal,HIT,9098,29117,11,21,0,133002,1330,1335,9098,11,21,0,1,1,1,1,1,1,
dram,bbht_grover_dram,GT,16383,0,16,25,0xfbdafbdd,0xa0c0cf2f,normal,HIT,15344,21024,16,38,0,191188,1911,1915,15344,16,38,0,1,1,1,1,1,1,
dram,bbht_grover_dram,GT,16383,0,16,26,0xa43fbf47,0x8de97b10,normal,HIT,9359,25296,12,13,0,98773,987,992,9359,12,13,0,1,1,1,1,1,1,
dram,bbht_grover_dram,GT,16383,0,16,27,0x6811f7c1,0xcb07044a,normal,HIT,7119,21276,12,17,0,99063,990,995,7119,12,17,0,1,1,1,1,1,1,
dram,bbht_grover_dram,GT,16383,0,16,28,0x610dde2c,0x8cf5deb9,normal,HIT,10937,16908,10,14,0,115857,1158,1163,10937,10,14,0,1,1,1,1,1,1,
dram,bbht_grover_dram,GT,16383,0,16,29,0x82241b87,0xbbe27f39,normal,HIT,6979,19071,10,14,0,80536,805,810,6979,10,14,0,1,1,1,1,1,1,
dram,bbht_grover_dram,GT,16383,0,16,30,0x48647490,0xea9551eb,normal,HIT,9359,25296,17,38,0,174037,1740,1744,9359,17,38,0,1,1,1,1,1,1,
dram,bbht_grover_dram,GT,16383,0,16,31,0x63df3b7f,0xa8b057e1,normal,HIT,9669,18554,8,6,0,96911,969,974,9669,8,6,0,1,1,1,1,1,1,
dram,bbht_grover_dram,GT,16383,0,16,32,0x433125bb,0x3221fef0,normal,HIT,9616,21800,21,70,0,231472,2314,2319,9616,21,70,0,1,1,1,1,1,1,
dram,bbht_grover_dram,GT,16383,0,16,33,0x7943be40,0x6641ee79,normal,HIT,10937,16908,11,17,0,98146,981,987,10937,11,17,0,1,1,1,1,1,1,
dram,bbht_grover_dram,GT,16383,0,16,34,0x26c93252,0x675d2908,normal,HIT,9359,25296,19,84,0,247173,2471,2477,9359,19,84,0,1,1,1,1,1,1,
dram,bbht_grover_dram,GT,16383,0,16,35,0xdbe3ed49,0xa7cfea56,normal,HIT,9359,25296,18,73,0,177173,1771,1776,9359,18,73,0,1,1,1,1,1,1,
dram,bbht_grover_dram,GT,16383,0,16,36,0xc2ec9bb4,0xbfc0ae9e,normal,HIT,7119,21276,14,23,0,120007,1200,1204,7119,14,23,0,1,1,1,1,1,1,
dram,bbht_grover_dram,GT,16383,0,16,37,0xe7ec8559,0x307064ac,normal,HIT,9359,25296,16,28,0,209817,2098,2102,9359,16,28,0,1,1,1,1,1,1,
dram,bbht_grover_dram,GT,16383,0,16,38,0xccb88b54,0x2cf00158,normal,HIT,15344,21024,15,40,0,191551,1915,1919,15344,15,40,0,1,1,1,1,1,1,
dram,bbht_grover_dram,GT,16383,0,16,39,0xb512e6a4,0x2b9e708c,normal,HIT,13499,22948,16,45,0,175350,1753,1758,13499,16,45,0,1,1,1,1,1,1,
dram,bbht_grover_dram,GT,16383,0,16,40,0x7e2c3d82,0xa69fb195,normal,HIT,6979,19071,17,42,0,191967,1919,1925,6979,17,42,0,1,1,1,1,1,1,
dram,bbht_grover_dram,GT,16383,0,16,41,0x58b3e5ad,0x23a21253,normal,HIT,86,26850,14,29,0,154676,1546,1551,86,14,29,0,1,1,1,1,1,1,
dram,bbht_grover_dram,GT,16383,0,16,42,0x9a07c40b,0x3ea78d8c,normal,HIT,7119,21276,11,12,0,99001,990,994,7119,11,12,0,1,1,1,1,1,1,
dram,bbht_grover_dram,GT,16383,0,16,43,0xf1f9a54b,0x7b00db61,normal,HIT,10937,16908,8,6,0,78985,789,794,10937,8,6,0,1,1,1,1,1,1,
dram,bbht_grover_dram,GT,16383,0,16,44,0xfba6212d,0xb8b8356a,normal,HIT,1999,28193,14,28,0,136183,1361,1367,1999,14,28,0,1,1,1,1,1,1,
dram,bbht_grover_dram,GT,16383,0,16,45,0x1ca60615,0xd753b84a,normal,HIT,12148,26989,18,66,0,193085,1930,1935,12148,18,66,0,1,1,1,1,1,1,
dram,bbht_grover_dram,GT,16383,0,16,46,0xa085c93e,0x19b8504d,normal,HIT,6979,19071,9,10,0,79029,790,794,6979,9,10,0,1,1,1,1,1,1,
dram,bbht_grover_dram,GT,16383,0,16,47,0x18190603,0xad0438b2,normal,HIT,86,26850,9,6,0,61630,616,621,86,9,6,0,1,1,1,1,1,1,
dram,bbht_grover_dram,GT,16383,0,16,48,0xc1143c78,0xbbdab3cd,normal,HIT,10937,16908,11,7,0,64066,640,645,10937,11,7,0,1,1,1,1,1,1,
dram,bbht_grover_dram,GT,16383,0,16,49,0x332063fc,0x222ba57c,normal,HIT,14644,22285,12,17,0,100921,1009,1014,14644,12,17,0,1,1,1,1,1,1,
dram,bbht_grover_dram,GT,16383,0,16,50,0xd6f4066b,0xab9eb714,normal,HIT,2460,23714,16,32,0,138266,1382,1387,2460,16,32,0,1,1,1,1,1,1,
dram,bbht_grover_dram,GT,16383,0,16,51,0x64b9628c,0x9cd8b518,normal,HIT,13499,22948,18,60,0,263286,2632,2638,13499,18,60,0,1,1,1,1,1,1,
dram,bbht_grover_dram,GT,16383,0,16,52,0x894e6771,0x8a255c2e,normal,HIT,13499,22948,16,43,0,192722,1927,1931,13499,16,43,0,1,1,1,1,1,1,
dram,bbht_grover_dram,GT,16383,0,16,53,0xe3e668e8,0xff1f20c3,normal,HIT,9098,29117,18,49,0,229588,2295,2300,9098,18,49,0,1,1,1,1,1,1,
dram,bbht_grover_dram,GT,16383,0,16,54,0x36980406,0xfbdbfa61,normal,HIT,10937,16908,19,82,0,264268,2642,2647,10937,19,82,0,1,1,1,1,1,1,
dram,bbht_grover_dram,GT,16383,0,16,55,0x114d2b4a,0xa617ad4e,normal,HIT,13499,22948,17,43,0,245810,2458,2462,13499,17,43,0,1,1,1,1,1,1,
dram,bbht_grover_dram,GT,16383,0,16,56,0x3b8907e1,0x0c6cbd10,normal,HIT,9669,18554,17,37,0,175491,1754,1759,9669,17,37,0,1,1,1,1,1,1,
dram,bbht_grover_dram,GT,16383,0,16,57,0x2cd09c1d,0x964fb1a7,normal,HIT,86,26850,13,22,0,81292,812,817,86,13,22,0,1,1,1,1,1,1,
dram,bbht_grover_dram,GT,16383,0,16,58,0x6d7a8604,0xbd6f99c6,normal,HIT,2460,23714,17,62,0,228746,2287,2292,2460,17,62,0,1,1,1,1,1,1,
dram,bbht_grover_dram,GT,16383,0,16,59,0x1fadaf42,0x60010aa3,normal,HIT,9616,21800,16,49,0,192462,1924,1929,9616,16,49,0,1,1,1,1,1,1,
dram,bbht_grover_dram,GT,16383,0,16,60,0x92fe7cfd,0xb54e2773,normal,HIT,12148,26989,15,39,0,207973,2079,2085,12148,15,39,0,1,1,1,1,1,1,
dram,bbht_grover_dram,GT,16383,0,16,61,0x1aecb060,0x9c545eba,normal,HIT,14644,22285,21,83,0,285489,2854,2859,14644,21,83,0,1,1,1,1,1,1,
dram,bbht_grover_dram,GT,16383,0,16,62,0x91778cc3,0xbd1d1bc0,normal,HIT,14541,30711,15,37,0,156015,1560,1565,14541,15,37,0,1,1,1,1,1,1,
dram,bbht_grover_dram,GT,16383,0,16,63,0xe6b7e7eb,0xd542988e,normal,HIT,14644,22285,10,11,0,97375,973,979,14644,10,11,0,1,1,1,1,1,1,
dram,bbht_grover_dram,GT,16383,0,16,64,0x6770144c,0xd2d3c6e7,normal,HIT,12148,26989,16,32,0,155221,1552,1556,12148,16,32,0,1,1,1,1,1,1,
dram,bbht_grover_dram,GT,16383,0,16,65,0xc600a248,0x0a1e0844,normal,HIT,9098,29117,16,39,0,155912,1559,1564,9098,16,39,0,1,1,1,1,1,1,
dram,bbht_grover_dram,GT,16383,0,16,66,0x1ea4f830,0x2ef0f28e,normal,HIT,1999,28193,10,7,0,62311,623,628,1999,10,7,0,1,1,1,1,1,1,
dram,bbht_grover_dram,GT,16383,0,16,67,0x639604f3,0x7fe04f83,normal,HIT,14644,22285,19,58,0,230011,2300,2305,14644,19,58,0,1,1,1,1,1,1,
dram,bbht_grover_dram,GT,16383,0,16,68,0x6e084a84,0xb643b17e,normal,HIT,7119,21276,21,81,0,214551,2145,2150,7119,21,81,0,1,1,1,1,1,1,
dram,bbht_grover_dram,GT,16383,0,16,69,0x3d7fc476,0x467d7a44,normal,HIT,10937,16908,15,23,0,155202,1552,1556,10937,15,23,0,1,1,1,1,1,1,
dram,bbht_grover_dram,GT,16383,0,16,70,0xedca3875,0xefade11e,normal,HIT,9098,29117,15,40,0,189952,1899,1904,9098,15,40,0,1,1,1,1,1,1,
dram,bbht_grover_dram,GT,16383,0,16,71,0xb883121d,0x095c678c,normal,HIT,9098,29117,20,70,0,248944,2489,2494,9098,20,70,0,1,1,1,1,1,1,
dram,bbht_grover_dram,GT,16383,0,16,72,0xace22797,0xbc422a9a,normal,HIT,2460,23714,9,10,0,78816,788,793,2460,9,10,0,1,1,1,1,1,1,
dram,bbht_grover_dram,GT,16383,0,16,73,0xefd3172d,0x8c2c3233,normal,HIT,13499,22948,11,15,0,100178,1001,1006,13499,11,15,0,1,1,1,1,1,1,
dram,bbht_grover_dram,GT,16383,0,16,74,0xe6aacdb5,0x7f1c158a,normal,HIT,10937,16908,15,35,0,137404,1374,1378,10937,15,35,0,1,1,1,1,1,1,
dram,bbht_grover_dram,GT,16383,0,16,75,0x6566c598,0xca804b00,normal,HIT,6322,19210,17,62,0,192295,1922,1928,6322,17,62,0,1,1,1,1,1,1,
dram,bbht_grover_dram,GT,16383,0,16,76,0x4e646d9d,0xcbae5ac0,normal,HIT,2460,23714,18,67,0,246116,2461,2466,2460,18,67,0,1,1,1,1,1,1,
dram,bbht_grover_dram,GT,16383,0,16,77,0x05d81d6f,0x260c4013,normal,HIT,9669,18554,14,22,0,153555,1535,1540,9669,14,22,0,1,1,1,1,1,1,
dram,bbht_grover_dram,GT,16383,0,16,78,0x2018f6a3,0x5728c7f4,normal,HIT,86,26850,16,32,0,191598,1915,1921,86,16,32,0,1,1,1,1,1,1,
dram,bbht_grover_dram,GT,16383,0,16,79,0x718ebf0c,0x4d7d460c,normal,HIT,86,26850,16,43,0,209474,2094,2098,86,16,43,0,1,1,1,1,1,1,
dram,bbht_grover_dram,GT,16383,0,16,80,0x042a8f17,0x2093b3f4,normal,HIT,7119,21276,17,53,0,209105,2091,2094,7119,17,53,0,1,1,1,1,1,1,
dram,bbht_grover_dram,GT,16383,0,16,81,0xfc1c775d,0x35bd20f1,normal,HIT,2460,23714,13,28,0,100265,1002,1007,2460,13,28,0,1,1,1,1,1,1,
dram,bbht_grover_dram,GT,16383,0,16,82,0x16b93b63,0x7d609ba5,normal,HIT,9616,21800,20,84,0,229804,2298,2303,9616,20,84,0,1,1,1,1,1,1,
dram,bbht_grover_dram,GT,16383,0,16,83,0x8ce1028e,0xb152e7ef,normal,HIT,7119,21276,15,32,0,156997,1569,1574,7119,15,32,0,1,1,1,1,1,1,
dram,bbht_grover_dram,GT,16383,0,16,84,0x87bad980,0x7dbefa97,normal,HIT,1999,28193,17,46,0,209806,2098,2102,1999,17,46,0,1,1,1,1,1,1,
dram,bbht_grover_dram,GT,16383,0,16,85,0xd63d86f3,0xf5399cca,normal,HIT,12148,26989,12,21,0,117449,1174,1179,12148,12,21,0,1,1,1,1,1,1,
dram,bbht_grover_dram,GT,16383,0,16,86,0xeeaba102,0x01560fc0,normal,HIT,13499,22948,13,24,0,153982,1539,1544,13499,13,24,0,1,1,1,1,1,1,
dram,bbht_grover_dram,GT,16383,0,16,87,0xc1fee4bb,0xc7e12d58,normal,HIT,6979,19071,12,15,0,100025,1000,1004,6979,12,15,0,1,1,1,1,1,1,
dram,bbht_grover_dram,GT,16383,0,16,88,0x0707c9da,0xf644a3f9,normal,HIT,86,26850,12,19,0,99326,993,998,86,12,19,0,1,1,1,1,1,1,
dram,bbht_grover_dram,GT,16383,0,16,89,0xde0d9c30,0x58a2ee8f,normal,HIT,10937,16908,17,50,0,175150,1751,1756,10937,17,50,0,1,1,1,1,1,1,
dram,bbht_grover_dram,GT,16383,0,16,90,0x7cd0efc7,0x9f385cfb,normal,HIT,9669,18554,14,19,0,120551,1205,1211,9669,14,19,0,1,1,1,1,1,1,
dram,bbht_grover_dram,GT,16383,0,16,91,0xe4cb50a6,0x94d13729,normal,HIT,13499,22948,15,24,0,138697,1386,1391,13499,15,24,0,1,1,1,1,1,1,
dram,bbht_grover_dram,GT,16383,0,16,92,0xa0882219,0x18f75d24,normal,HIT,6979,19071,12,20,0,100001,1000,1004,6979,12,20,0,1,1,1,1,1,1,
dram,bbht_grover_dram,GT,16383,0,16,93,0xc435e6f2,0xf75a52bc,normal,HIT,7119,21276,15,45,0,137189,1371,1377,7119,15,45,0,1,1,1,1,1,1,
dram,bbht_grover_dram,GT,16383,0,16,94,0x011b63f0,0x0aa34346,normal,HIT,9616,21800,11,14,0,98556,985,991,9616,11,14,0,1,1,1,1,1,1,
dram,bbht_grover_dram,GT,16383,0,16,95,0x1b456e77,0xee460f94,normal,HIT,9669,18554,17,47,0,174809,1748,1752,9669,17,47,0,1,1,1,1,1,1,
dram,bbht_grover_dram,GT,16383,0,16,96,0x10088608,0xef418331,normal,HIT,9669,18554,16,31,0,137841,1378,1383,9669,16,31,0,1,1,1,1,1,1,
dram,bbht_grover_dram,GT,16383,0,16,97,0x6fcfc352,0xf8fa9f4c,normal,HIT,6979,19071,11,11,0,81279,812,817,6979,11,11,0,1,1,1,1,1,1,
dram,bbht_grover_dram,GT,16383,0,16,98,0xfb6077af,0x713595a9,normal,HIT,9098,29117,17,57,0,227136,2271,2275,9098,17,57,0,1,1,1,1,1,1,
dram,bbht_grover_dram,GT,16383,0,16,99,0xc6ebb72e,0x08fdf109,normal,HIT,10937,16908,16,42,0,174460,1744,1749,10937,16,42,0,1,1,1,1,1,1,
dram,bbht_grover_dram,GT,16383,0,64,0,0x7b1dcdaf,0x24370df2,normal,HIT,2932,26834,6,4,2,79739,797,802,2932,6,4,2,1,1,1,1,1,1,
dram,bbht_grover_dram,GT,16383,0,64,1,0x3a85a4dc,0xa3b9aa35,normal,HIT,9359,25296,13,14,3,121417,1214,1218,9359,13,14,3,1,1,1,1,1,1,
dram,bbht_grover_dram,GT,16383,0,64,2,0x6162a8b2,0x871c276f,normal,HIT,2954,18528,8,4,0,60380,603,607,2954,8,4,0,1,1,1,1,1,1,
dram,bbht_grover_dram,GT,16383,0,64,3,0xc3adc34e,0xf5b8f22b,normal,HIT,9616,21800,10,13,0,80154,801,806,9616,10,13,0,1,1,1,1,1,1,
dram,bbht_grover_dram,GT,16383,0,64,4,0x2bb073ff,0x3f8396e3,normal,HIT,5262,22899,14,27,2,174456,1744,1749,5262,14,27,2,1,1,1,1,1,1,
dram,bbht_grover_dram,GT,16383,0,64,5,0xda585ab3,0xa7197ad7,normal,HIT,7437,25617,10,5,0,44511,445,450,7437,10,5,0,1,1,1,1,1,1,
dram,bbht_grover_dram,GT,16383,0,64,6,0x0ed109c0,0x5701ce52,normal,HIT,13683,28167,9,14,0,79054,790,794,13683,9,14,0,1,1,1,1,1,1,
dram,bbht_grover_dram,GT,16383,0,64,7,0x102ecf73,0x53c7612b,normal,HIT,86,26850,7,5,0,59744,597,603,86,7,5,0,1,1,1,1,1,1,
dram,bbht_grover_dram,GT,16383,0,64,8,0xcf29b6a1,0x35231a84,normal,HIT,14644,22285,12,20,0,117771,1177,1183,14644,12,20,0,1,1,1,1,1,1,
dram,bbht_grover_dram,GT,16383,0,64,9,0xc49cbb42,0xd0a3bbb8,normal,HIT,4668,16760,12,20,0,82557,825,831,4668,12,20,0,1,1,1,1,1,1,
dram,bbht_grover_dram,GT,16383,0,64,10,0x4cc51d23,0xee0e3ab4,normal,HIT,1999,28193,9,9,0,79031,790,794,1999,9,9,0,1,1,1,1,1,1,
dram,bbht_grover_dram,GT,16383,0,64,11,0xf9e8aa7a,0x3208c31a,normal,HIT,3178,30209,1,0,0,1179,11,16,3178,1,0,0,1,1,1,1,1,1,
dram,bbht_grover_dram,GT,16383,0,64,12,0xdda8b051,0xc8105c9d,normal,HIT,86,26850,14,20,3,192667,1926,1931,86,14,20,3,1,1,1,1,1,1,
dram,bbht_grover_dram,GT,16383,0,64,13,0xabfb11bf,0xf5dec75e,normal,HIT,11781,18398,9,12,0,79193,791,796,11781,9,12,0,1,1,1,1,1,1,
dram,bbht_grover_dram,GT,16383,0,64,14,0x20639811,0x6b6a7c47,normal,HIT,14644,22285,7,8,0,59745,597,602,14644,7,8,0,1,1,1,1,1,1,
dram,bbht_grover_dram,GT,16383,0,64,15,0xac72acd2,0xca84bc6c,normal,HIT,8470,24127,7,1,0,24351,243,248,8470,7,1,0,1,1,1,1,1,1,
dram,bbht_grover_dram,GT,16383,0,64,16,0x49a2da79,0xe1376725,normal,HIT,2932,26834,11,20,0,62538,625,630,2932,11,20,0,1,1,1,1,1,1,
dram,bbht_grover_dram,GT,16383,0,64,17,0x63a4e9d7,0x6166dba4,normal,HIT,13683,28167,15,30,0,156668,1566,1572,13683,15,30,0,1,1,1,1,1,1,
dram,bbht_grover_dram,GT,16383,0,64,18,0x8983f102,0x43fb6183,normal,HIT,7437,25617,14,27,0,119633,1196,1200,7437,14,27,0,1,1,1,1,1,1,
dram,bbht_grover_dram,GT,16383,0,64,19,0xb671aa78,0xc97ad8a2,normal,HIT,10937,16908,20,56,0,230982,2309,2314,10937,20,56,0,1,1,1,1,1,1,
dram,bbht_grover_dram,GT,16383,0,64,20,0xdaeb566a,0x989e5b3d,normal,HIT,7437,25617,9,9,0,80117,801,806,7437,9,9,0,1,1,1,1,1,1,
dram,bbht_grover_dram,GT,16383,0,64,21,0xf6181c00,0xa345ac4b,normal,HIT,14537,18801,16,38,5,232467,2324,2329,14537,16,38,5,1,1,1,1,1,1,
dram,bbht_grover_dram,GT,16383,0,64,22,0x4e18d852,0xa08980df,normal,HIT,5169,20236,8,6,0,59984,599,604,5169,8,6,0,1,1,1,1,1,1,
dram,bbht_grover_dram,GT,16383,0,64,23,0xa035ceba,0x611de4c4,normal,HIT,16057,26038,10,13,0,99504,995,999,16057,10,13,0,1,1,1,1,1,1,
dram,bbht_grover_dram,GT,16383,0,64,24,0xc2416ee4,0x7323f479,normal,HIT,2932,26834,3,2,0,20310,203,206,2932,3,2,0,1,1,1,1,1,1,
dram,bbht_grover_dram,GT,16383,0,64,25,0xfbdafbdd,0xa0c0cf2f,normal,HIT,3178,30209,6,3,0,40917,409,413,3178,6,3,0,1,1,1,1,1,1,
dram,bbht_grover_dram,GT,16383,0,64,26,0xa43fbf47,0x8de97b10,normal,HIT,15049,21292,10,7,0,78977,789,794,15049,10,7,0,1,1,1,1,1,1,
dram,bbht_grover_dram,GT,16383,0,64,27,0x6811f7c1,0xcb07044a,normal,HIT,10937,16908,13,22,0,117804,1178,1182,10937,13,22,0,1,1,1,1,1,1,
dram,bbht_grover_dram,GT,16383,0,64,28,0x610dde2c,0x8cf5deb9,normal,HIT,349,27683,8,7,0,96631,966,971,349,8,7,0,1,1,1,1,1,1,
dram,bbht_grover_dram,GT,16383,0,64,29,0x82241b87,0xbbe27f39,normal,HIT,1999,28193,15,35,0,137163,1371,1376,1999,15,35,0,1,1,1,1,1,1,
dram,bbht_grover_dram,GT,16383,0,64,30,0x48647490,0xea9551eb,normal,HIT,9098,29117,14,21,0,118470,1184,1189,9098,14,21,0,1,1,1,1,1,1,
dram,bbht_grover_dram,GT,16383,0,64,31,0x63df3b7f,0xa8b057e1,normal,HIT,11917,23087,7,5,0,78334,783,788,11917,7,5,0,1,1,1,1,1,1,
dram,bbht_grover_dram,GT,16383,0,64,32,0x433125bb,0x3221fef0,normal,HIT,5169,20236,12,18,0,99524,995,999,5169,12,18,0,1,1,1,1,1,1,
dram,bbht_grover_dram,GT,16383,0,64,33,0x7943be40,0x6641ee79,normal,HIT,8298,19422,8,8,0,77679,776,782,8298,8,8,0,1,1,1,1,1,1,
dram,bbht_grover_dram,GT,16383,0,64,34,0x26c93252,0x675d2908,normal,HIT,8298,19422,8,8,0,78813,788,793,8298,8,8,0,1,1,1,1,1,1,
dram,bbht_grover_dram,GT,16383,0,64,35,0xdbe3ed49,0xa7cfea56,normal,HIT,9098,29117,13,18,0,101460,1014,1019,9098,13,18,0,1,1,1,1,1,1,
dram,bbht_grover_dram,GT,16383,0,64,36,0xc2ec9bb4,0xbfc0ae9e,normal,HIT,7437,25617,19,77,2,232601,2326,2330,7437,19,77,2,1,1,1,1,1,1,
dram,bbht_grover_dram,GT,16383,0,64,37,0xe7ec8559,0x307064ac,normal,HIT,7859,30665,12,17,0,152954,1529,1534,7859,12,17,0,1,1,1,1,1,1,
dram,bbht_grover_dram,GT,16383,0,64,38,0xccb88b54,0x2cf00158,normal,HIT,9098,29117,9,12,0,115246,1152,1157,9098,9,12,0,1,1,1,1,1,1,
dram,bbht_grover_dram,GT,16383,0,64,39,0xb512e6a4,0x2b9e708c,normal,HIT,13499,22948,14,22,0,138500,1385,1390,13499,14,22,0,1,1,1,1,1,1,
dram,bbht_grover_dram,GT,16383,0,64,40,0x7e2c3d82,0xa69fb195,normal,HIT,8470,24127,11,14,0,98518,985,989,8470,11,14,0,1,1,1,1,1,1,
dram,bbht_grover_dram,GT,16383,0,64,41,0x58b3e5ad,0x23a21253,normal,HIT,7119,21276,12,14,0,118029,1180,1185,7119,12,14,0,1,1,1,1,1,1,
dram,bbht_grover_dram,GT,16383,0,64,42,0x9a07c40b,0x3ea78d8c,normal,HIT,6537,26623,6,2,0,41028,410,415,6537,6,2,0,1,1,1,1,1,1,
dram,bbht_grover_dram,GT,16383,0,64,43,0xf1f9a54b,0x7b00db61,normal,HIT,11781,18398,10,12,0,116273,1162,1167,11781,10,12,0,1,1,1,1,1,1,
dram,bbht_grover_dram,GT,16383,0,64,44,0xfba6212d,0xb8b8356a,normal,HIT,2116,19170,14,28,0,136194,1361,1367,2116,14,28,0,1,1,1,1,1,1,
dram,bbht_grover_dram,GT,16383,0,64,45,0x1ca60615,0xd753b84a,normal,HIT,6322,19210,12,21,0,134829,1348,1352,6322,12,21,0,1,1,1,1,1,1,
dram,bbht_grover_dram,GT,16383,0,64,46,0xa085c93e,0x19b8504d,normal,HIT,7119,21276,9,10,0,79051,790,795,7119,9,10,0,1,1,1,1,1,1,
dram,bbht_grover_dram,GT,16383,0,64,47,0x18190603,0xad0438b2,normal,HIT,7859,30665,15,30,0,154860,1548,1553,7859,15,30,0,1,1,1,1,1,1,
dram,bbht_grover_dram,GT,16383,0,64,48,0xc1143c78,0xbbdab3cd,normal,HIT,6322,19210,5,1,0,22369,223,229,6322,5,1,0,1,1,1,1,1,1,
dram,bbht_grover_dram,GT,16383,0,64,49,0x332063fc,0x222ba57c,normal,HIT,10501,19012,11,11,0,82195,821,826,10501,11,11,0,1,1,1,1,1,1,
dram,bbht_grover_dram,GT,16383,0,64,50,0xd6f4066b,0xab9eb714,normal,HIT,2954,18528,13,15,0,99720,997,1001,2954,13,15,0,1,1,1,1,1,1,
dram,bbht_grover_dram,GT,16383,0,64,51,0x64b9628c,0x9cd8b518,normal,HIT,14537,18801,8,10,0,95785,957,962,14537,8,10,0,1,1,1,1,1,1,
dram,bbht_grover_dram,GT,16383,0,64,52,0x894e6771,0x8a255c2e,normal,HIT,3178,30209,12,12,0,118337,1183,1187,3178,12,12,0,1,1,1,1,1,1,
dram,bbht_grover_dram,GT,16383,0,64,53,0xe3e668e8,0xff1f20c3,normal,HIT,15576,30727,13,21,0,154130,1541,1546,15576,13,21,0,1,1,1,1,1,1,
dram,bbht_grover_dram,GT,16383,0,64,54,0x36980406,0xfbdbfa61,normal,HIT,14541,30711,9,13,0,96671,966,971,14541,9,13,0,1,1,1,1,1,1,
dram,bbht_grover_dram,GT,16383,0,64,55,0x114d2b4a,0xa617ad4e,normal,HIT,11080,32198,7,7,0,95298,952,957,11080,7,7,0,1,1,1,1,1,1,
dram,bbht_grover_dram,GT,16383,0,64,56,0x3b8907e1,0x0c6cbd10,normal,HIT,10185,25984,16,25,0,156833,1568,1572,10185,16,25,0,1,1,1,1,1,1,
dram,bbht_grover_dram,GT,16383,0,64,57,0x2cd09c1d,0x964fb1a7,normal,HIT,9631,31202,7,2,0,23365,233,237,9631,7,2,0,1,1,1,1,1,1,
dram,bbht_grover_dram,GT,16383,0,64,58,0x6d7a8604,0xbd6f99c6,normal,HIT,6322,19210,12,18,0,135881,1358,1363,6322,12,18,0,1,1,1,1,1,1,
dram,bbht_grover_dram,GT,16383,0,64,59,0x1fadaf42,0x60010aa3,normal,HIT,13683,28167,10,11,0,98862,988,993,13683,10,11,0,1,1,1,1,1,1,
dram,bbht_grover_dram,GT,16383,0,64,60,0x92fe7cfd,0xb54e2773,normal,HIT,12148,26989,9,10,0,96453,964,968,12148,9,10,0,1,1,1,1,1,1,
dram,bbht_grover_dram,GT,16383,0,64,61,0x1aecb060,0x9c545eba,normal,HIT,10501,19012,15,34,0,191199,1911,1917,10501,15,34,0,1,1,1,1,1,1,
dram,bbht_grover_dram,GT,16383,0,64,62,0x91778cc3,0xbd1d1bc0,normal,HIT,14644,22285,13,27,0,136243,1362,1367,14644,13,27,0,1,1,1,1,1,1,
dram,bbht_grover_dram,GT,16383,0,64,63,0xe6b7e7eb,0xd542988e,normal,HIT,15344,21024,13,24,0,153571,1535,1540,15344,13,24,0,1,1,1,1,1,1,
dram,bbht_grover_dram,GT,16383,0,64,64,0x6770144c,0xd2d3c6e7,normal,HIT,86,26850,13,19,0,117418,1174,1179,86,13,19,0,1,1,1,1,1,1,
dram,bbht_grover_dram,GT,16383,0,64,65,0xc600a248,0x0a1e0844,normal,HIT,9669,18554,11,12,0,80989,809,815,9669,11,12,0,1,1,1,1,1,1,
dram,bbht_grover_dram,GT,16383,0,64,66,0x1ea4f830,0x2ef0f28e,normal,HIT,2116,19170,10,7,0,62322,623,628,2116,10,7,0,1,1,1,1,1,1,
dram,bbht_grover_dram,GT,16383,0,64,67,0x639604f3,0x7fe04f83,normal,HIT,5262,22899,17,34,0,192768,1927,1932,5262,17,34,0,1,1,1,1,1,1,
dram,bbht_grover_dram,GT,16383,0,64,68,0x6e084a84,0xb643b17e,normal,HIT,12968,16603,11,18,0,99021,990,994,12968,11,18,0,1,1,1,1,1,1,
dram,bbht_grover_dram,GT,16383,0,64,69,0x3d7fc476,0x467d7a44,normal,HIT,2578,31110,8,6,0,60720,607,611,2578,8,6,0,1,1,1,1,1,1,
dram,bbht_grover_dram,GT,16383,0,64,70,0xedca3875,0xefade11e,normal,HIT,4668,16760,9,10,0,78917,789,793,4668,9,10,0,1,1,1,1,1,1,
dram,bbht_grover_dram,GT,16383,0,64,71,0xb883121d,0x095c678c,normal,HIT,4668,16760,16,27,0,174905,1749,1754,4668,16,27,0,1,1,1,1,1,1,
dram,bbht_grover_dram,GT,16383,0,64,72,0xace22797,0xbc422a9a,normal,HIT,6537,26623,6,3,0,41505,415,419,6537,6,3,0,1,1,1,1,1,1,
dram,bbht_grover_dram,GT,16383,0,64,73,0xefd3172d,0x8c2c3233,normal,HIT,2578,31110,17,35,0,176218,1762,1766,2578,17,35,0,1,1,1,1,1,1,
dram,bbht_grover_dram,GT,16383,0,64,74,0xe6aacdb5,0x7f1c158a,normal,HIT,2932,26834,14,26,0,118820,1188,1193,2932,14,26,0,1,1,1,1,1,1,
dram,bbht_grover_dram,GT,16383,0,64,75,0x6566c598,0xca804b00,normal,HIT,6537,26623,4,3,0,21496,214,220,6537,4,3,0,1,1,1,1,1,1,
dram,bbht_grover_dram,GT,16383,0,64,76,0x4e646d9d,0xcbae5ac0,normal,HIT,16017,22351,11,19,0,134029,1340,1345,16017,11,19,0,1,1,1,1,1,1,
dram,bbht_grover_dram,GT,16383,0,64,77,0x05d81d6f,0x260c4013,normal,HIT,6322,19210,4,1,0,20865,208,213,6322,4,1,0,1,1,1,1,1,1,
dram,bbht_grover_dram,GT,16383,0,64,78,0x2018f6a3,0x5728c7f4,normal,HIT,10501,19012,13,17,0,136225,1362,1366,10501,13,17,0,1,1,1,1,1,1,
dram,bbht_grover_dram,GT,16383,0,64,79,0x718ebf0c,0x4d7d460c,normal,HIT,5068,19298,5,3,0,40384,403,407,5068,5,3,0,1,1,1,1,1,1,
dram,bbht_grover_dram,GT,16383,0,64,80,0x042a8f17,0x2093b3f4,normal,HIT,11080,32198,14,26,0,171350,1713,1718,11080,14,26,0,1,1,1,1,1,1,
dram,bbht_grover_dram,GT,16383,0,64,81,0xfc1c775d,0x35bd20f1,normal,HIT,10715,31474,11,18,0,80310,803,807,10715,11,18,0,1,1,1,1,1,1,
dram,bbht_grover_dram,GT,16383,0,64,82,0x16b93b63,0x7d609ba5,normal,HIT,10501,19012,11,15,0,63731,637,642,10501,11,15,0,1,1,1,1,1,1,
dram,bbht_grover_dram,GT,16383,0,64,83,0x8ce1028e,0xb152e7ef,normal,HIT,7526,20953,14,23,0,138767,1387,1393,7526,14,23,0,1,1,1,1,1,1,
dram,bbht_grover_dram,GT,16383,0,64,84,0x87bad980,0x7dbefa97,normal,HIT,15092,16661,9,11,0,79071,790,795,15092,9,11,0,1,1,1,1,1,1,
dram,bbht_grover_dram,GT,16383,0,64,85,0xd63d86f3,0xf5399cca,normal,HIT,12148,26989,11,14,0,98885,988,993,12148,11,14,0,1,1,1,1,1,1,
dram,bbht_grover_dram,GT,16383,0,64,86,0xeeaba102,0x01560fc0,normal,HIT,13683,28167,13,24,0,154024,1540,1544,13683,13,24,0,1,1,1,1,1,1,
dram,bbht_grover_dram,GT,16383,0,64,87,0xc1fee4bb,0xc7e12d58,normal,HIT,11080,32198,6,5,0,41282,412,417,11080,6,5,0,1,1,1,1,1,1,
dram,bbht_grover_dram,GT,16383,0,64,88,0x0707c9da,0xf644a3f9,normal,HIT,8900,27322,13,25,0,117884,1178,1184,8900,13,25,0,1,1,1,1,1,1,
dram,bbht_grover_dram,GT,16383,0,64,89,0xde0d9c30,0x58a2ee8f,normal,HIT,11258,27039,10,13,0,63171,631,635,11258,10,13,0,1,1,1,1,1,1,
dram,bbht_grover_dram,GT,16383,0,64,90,0x7cd0efc7,0x9f385cfb,normal,HIT,10937,16908,8,5,0,61264,612,616,10937,8,5,0,1,1,1,1,1,1,
dram,bbht_grover_dram,GT,16383,0,64,91,0xe4cb50a6,0x94d13729,normal,HIT,2808,20620,15,24,0,138809,1388,1393,2808,15,24,0,1,1,1,1,1,1,
dram,bbht_grover_dram,GT,16383,0,64,92,0xa0882219,0x18f75d24,normal,HIT,2932,26834,10,7,0,62948,629,635,2932,10,7,0,1,1,1,1,1,1,
dram,bbht_grover_dram,GT,16383,0,64,93,0xc435e6f2,0xf75a52bc,normal,HIT,4668,16760,11,19,0,80641,806,811,4668,11,19,0,1,1,1,1,1,1,
dram,bbht_grover_dram,GT,16383,0,64,94,0x011b63f0,0x0aa34346,normal,HIT,13499,22948,3,1,0,20516,205,209,13499,3,1,0,1,1,1,1,1,1,
dram,bbht_grover_dram,GT,16383,0,64,95,0x1b456e77,0xee460f94,normal,HIT,9669,18554,17,47,1,193677,1936,1941,9669,17,47,1,1,1,1,1,1,1,
dram,bbht_grover_dram,GT,16383,0,64,96,0x10088608,0xef418331,normal,HIT,1969,29996,15,26,0,137014,1370,1375,1969,15,26,0,1,1,1,1,1,1,
dram,bbht_grover_dram,GT,16383,0,64,97,0x6fcfc352,0xf8fa9f4c,normal,HIT,569,20217,4,1,0,21726,217,222,569,4,1,0,1,1,1,1,1,1,
dram,bbht_grover_dram,GT,16383,0,64,98,0xfb6077af,0x713595a9,normal,HIT,1068,20482,7,3,0,60245,602,607,1068,7,3,0,1,1,1,1,1,1,
dram,bbht_grover_dram,GT,16383,0,64,99,0xc6ebb72e,0x08fdf109,normal,HIT,10501,19012,16,42,0,174423,1744,1748,10501,16,42,0,1,1,1,1,1,1,
dram,bbht_grover_dram,GT,16383,0,256,0,0x7b1dcdaf,0x24370df2,normal,HIT,6194,21743,4,2,1,41279,412,416,6194,4,2,1,1,1,1,1,1,1,
dram,bbht_grover_dram,GT,16383,0,256,1,0x3a85a4dc,0xa3b9aa35,normal,HIT,16378,30332,2,0,0,2505,25,29,16378,2,0,0,1,1,1,1,1,1,
dram,bbht_grover_dram,GT,16383,0,256,2,0x6162a8b2,0x871c276f,normal,HIT,8111,30919,7,3,1,60345,603,608,8111,7,3,1,1,1,1,1,1,1,
dram,bbht_grover_dram,GT,16383,0,256,3,0xc3adc34e,0xf5b8f22b,normal,HIT,16057,26038,9,8,2,99219,992,996,16057,9,8,2,1,1,1,1,1,1,
dram,bbht_grover_dram,GT,16383,0,256,4,0x2bb073ff,0x3f8396e3,normal,HIT,7054,22624,1,0,0,1304,13,17,7054,1,0,0,1,1,1,1,1,1,
dram,bbht_grover_dram,GT,16383,0,256,5,0xda585ab3,0xa7197ad7,normal,HIT,1569,17806,4,2,0,20886,208,214,1569,4,2,0,1,1,1,1,1,1,
dram,bbht_grover_dram,GT,16383,0,256,6,0x0ed109c0,0x5701ce52,normal,HIT,16057,26038,2,1,0,20316,203,207,16057,2,1,0,1,1,1,1,1,1,
dram,bbht_grover_dram,GT,16383,0,256,7,0x102ecf73,0x53c7612b,normal,HIT,8111,30919,10,14,1,133965,1339,1343,8111,10,14,1,1,1,1,1,1,1,
dram,bbht_grover_dram,GT,16383,0,256,8,0xcf29b6a1,0x35231a84,normal,HIT,3262,18088,11,13,0,99023,990,994,3262,11,13,0,1,1,1,1,1,1,
dram,bbht_grover_dram,GT,16383,0,256,9,0xc49cbb42,0xd0a3bbb8,normal,HIT,15398,22207,7,3,0,43081,430,435,15398,7,3,0,1,1,1,1,1,1,
dram,bbht_grover_dram,GT,16383,0,256,10,0x4cc51d23,0xee0e3ab4,normal,HIT,2261,32679,3,2,0,20605,206,211,2261,3,2,0,1,1,1,1,1,1,
dram,bbht_grover_dram,GT,16383,0,256,11,0xf9e8aa7a,0x3208c31a,normal,HIT,3178,30209,1,0,0,1179,11,17,3178,1,0,0,1,1,1,1,1,1,
dram,bbht_grover_dram,GT,16383,0,256,12,0xdda8b051,0xc8105c9d,normal,HIT,86,26850,14,20,5,230393,2303,2309,86,14,20,5,1,1,1,1,1,1,
dram,bbht_grover_dram,GT,16383,0,256,13,0xabfb11bf,0xf5dec75e,normal,HIT,7345,32287,6,5,0,40892,408,413,7345,6,5,0,1,1,1,1,1,1,
dram,bbht_grover_dram,GT,16383,0,256,14,0x20639811,0x6b6a7c47,normal,HIT,14618,25652,7,8,0,59754,597,602,14618,7,8,0,1,1,1,1,1,1,
dram,bbht_grover_dram,GT,16383,0,256,15,0xac72acd2,0xca84bc6c,normal,HIT,6024,20409,3,0,0,2938,29,34,6024,3,0,0,1,1,1,1,1,1,
dram,bbht_grover_dram,GT,16383,0,256,16,0x49a2da79,0xe1376725,normal,HIT,7859,30665,8,8,0,42347,423,428,7859,8,8,0,1,1,1,1,1,1,
dram,bbht_grover_dram,GT,16383,0,256,17,0x63a4e9d7,0x6166dba4,normal,HIT,11280,20121,8,9,0,78716,787,792,11280,8,9,0,1,1,1,1,1,1,
dram,bbht_grover_dram,GT,16383,0,256,18,0x8983f102,0x43fb6183,normal,HIT,14537,18801,9,8,0,61941,619,624,14537,9,8,0,1,1,1,1,1,1,
dram,bbht_grover_dram,GT,16383,0,256,19,0xb671aa78,0xc97ad8a2,normal,HIT,10420,24885,5,1,0,22465,224,229,10420,5,1,0,1,1,1,1,1,1,
dram,bbht_grover_dram,GT,16383,0,256,20,0xdaeb566a,0x989e5b3d,normal,HIT,14509,22808,6,3,0,41908,419,424,14509,6,3,0,1,1,1,1,1,1,
dram,bbht_grover_dram,GT,16383,0,256,21,0xf6181c00,0xa345ac4b,normal,HIT,2778,28454,9,4,0,25908,259,263,2778,9,4,0,1,1,1,1,1,1,
dram,bbht_grover_dram,GT,16383,0,256,22,0x4e18d852,0xa08980df,normal,HIT,12247,19745,7,3,0,41542,415,420,12247,7,3,0,1,1,1,1,1,1,
dram,bbht_grover_dram,GT,16383,0,256,23,0xa035ceba,0x611de4c4,normal,HIT,15827,28165,7,5,0,60981,609,614,15827,7,5,0,1,1,1,1,1,1,
dram,bbht_grover_dram,GT,16383,0,256,24,0xc2416ee4,0x7323f479,normal,HIT,16338,30402,4,3,0,21382,213,219,16338,4,3,0,1,1,1,1,1,1,
dram,bbht_grover_dram,GT,16383,0,256,25,0xfbdafbdd,0xa0c0cf2f,normal,HIT,5899,19232,2,1,0,20029,200,204,5899,2,1,0,1,1,1,1,1,1,
dram,bbht_grover_dram,GT,16383,0,256,26,0xa43fbf47,0x8de97b10,normal,HIT,8864,26133,12,13,0,98669,986,991,8864,12,13,0,1,1,1,1,1,1,
dram,bbht_grover_dram,GT,16383,0,256,27,0x6811f7c1,0xcb07044a,normal,HIT,6587,31055,11,13,0,80656,806,811,6587,11,13,0,1,1,1,1,1,1,
dram,bbht_grover_dram,GT,16383,0,256,28,0x610dde2c,0x8cf5deb9,normal,HIT,15049,21292,4,2,0,39851,398,403,15049,4,2,0,1,1,1,1,1,1,
dram,bbht_grover_dram,GT,16383,0,256,29,0x82241b87,0xbbe27f39,normal,HIT,15592,21080,6,4,0,59455,594,599,15592,6,4,0,1,1,1,1,1,1,
dram,bbht_grover_dram,GT,16383,0,256,30,0x48647490,0xea9551eb,normal,HIT,5257,30311,9,7,0,61027,610,615,5257,9,7,0,1,1,1,1,1,1,
dram,bbht_grover_dram,GT,16383,0,256,31,0x63df3b7f,0xa8b057e1,normal,HIT,15986,29937,4,2,0,39805,398,403,15986,4,2,0,1,1,1,1,1,1,
dram,bbht_grover_dram,GT,16383,0,256,32,0x433125bb,0x3221fef0,normal,HIT,389,18724,5,2,0,40077,400,405,389,5,2,0,1,1,1,1,1,1,
dram,bbht_grover_dram,GT,16383,0,256,33,0x7943be40,0x6641ee79,normal,HIT,7345,32287,5,2,0,22253,222,228,7345,5,2,0,1,1,1,1,1,1,
dram,bbht_grover_dram,GT,16383,0,256,34,0x26c93252,0x675d2908,normal,HIT,13499,22948,4,1,0,21902,219,223,13499,4,1,0,1,1,1,1,1,1,
dram,bbht_grover_dram,GT,16383,0,256,35,0xdbe3ed49,0xa7cfea56,normal,HIT,10128,20312,6,6,0,59181,591,596,10128,6,6,0,1,1,1,1,1,1,
dram,bbht_grover_dram,GT,16383,0,256,36,0xc2ec9bb4,0xbfc0ae9e,normal,HIT,16338,30402,6,3,0,41566,415,421,16338,6,3,0,1,1,1,1,1,1,
dram,bbht_grover_dram,GT,16383,0,256,37,0xe7ec8559,0x307064ac,normal,HIT,13426,21020,4,2,0,39515,395,399,13426,4,2,0,1,1,1,1,1,1,
dram,bbht_grover_dram,GT,16383,0,256,38,0xccb88b54,0x2cf00158,normal,HIT,15049,21292,5,4,0,40961,409,415,15049,5,4,0,1,1,1,1,1,1,
dram,bbht_grover_dram,GT,16383,0,256,39,0xb512e6a4,0x2b9e708c,normal,HIT,943,20053,5,4,0,57900,579,584,943,5,4,0,1,1,1,1,1,1,
dram,bbht_grover_dram,GT,16383,0,256,40,0x7e2c3d82,0xa69fb195,normal,HIT,13451,24112,3,1,0,20873,208,213,13451,3,1,0,1,1,1,1,1,1,
dram,bbht_grover_dram,GT,16383,0,256,41,0x58b3e5ad,0x23a21253,normal,HIT,745,17423,2,1,0,19442,194,199,745,2,1,0,1,1,1,1,1,1,
dram,bbht_grover_dram,GT,16383,0,256,42,0x9a07c40b,0x3ea78d8c,normal,HIT,15092,16661,8,2,0,43532,435,440,15092,8,2,0,1,1,1,1,1,1,
dram,bbht_grover_dram,GT,16383,0,256,43,0xf1f9a54b,0x7b00db61,normal,HIT,10784,24389,8,6,0,78461,784,790,10784,8,6,0,1,1,1,1,1,1,
dram,bbht_grover_dram,GT,16383,0,256,44,0xfba6212d,0xb8b8356a,normal,HIT,4260,25069,12,13,0,117081,1170,1174,4260,12,13,0,1,1,1,1,1,1,
dram,bbht_grover_dram,GT,16383,0,256,45,0x1ca60615,0xd753b84a,normal,HIT,9098,29117,6,4,0,59188,591,596,9098,6,4,0,1,1,1,1,1,1,
dram,bbht_grover_dram,GT,16383,0,256,46,0xa085c93e,0x19b8504d,normal,HIT,15827,28165,5,2,0,22603,226,230,15827,5,2,0,1,1,1,1,1,1,
dram,bbht_grover_dram,GT,16383,0,256,47,0x18190603,0xad0438b2,normal,HIT,12819,29797,8,3,0,43373,433,439,12819,8,3,0,1,1,1,1,1,1,
dram,bbht_grover_dram,GT,16383,0,256,48,0xc1143c78,0xbbdab3cd,normal,HIT,10784,24389,11,7,0,64075,640,645,10784,11,7,0,1,1,1,1,1,1,
dram,bbht_grover_dram,GT,16383,0,256,49,0x332063fc,0x222ba57c,normal,HIT,16035,26235,8,5,0,61372,613,618,16035,8,5,0,1,1,1,1,1,1,
dram,bbht_grover_dram,GT,16383,0,256,50,0xd6f4066b,0xab9eb714,normal,HIT,8254,18531,4,1,0,21169,211,216,8254,4,1,0,1,1,1,1,1,1,
dram,bbht_grover_dram,GT,16383,0,256,51,0x64b9628c,0x9cd8b518,normal,HIT,3067,28255,7,7,0,77082,770,776,3067,7,7,0,1,1,1,1,1,1,
dram,bbht_grover_dram,GT,16383,0,256,52,0x894e6771,0x8a255c2e,normal,HIT,13426,21020,11,9,0,99963,999,1005,13426,11,9,0,1,1,1,1,1,1,
dram,bbht_grover_dram,GT,16383,0,256,53,0xe3e668e8,0xff1f20c3,normal,HIT,4886,31721,10,11,0,98436,984,989,4886,10,11,0,1,1,1,1,1,1,
dram,bbht_grover_dram,GT,16383,0,256,54,0x36980406,0xfbdbfa61,normal,HIT,4260,25069,8,9,0,77939,779,784,4260,8,9,0,1,1,1,1,1,1,
dram,bbht_grover_dram,GT,16383,0,256,55,0x114d2b4a,0xa617ad4e,normal,HIT,3077,26085,6,5,0,76645,766,772,3077,6,5,0,1,1,1,1,1,1,
dram,bbht_grover_dram,GT,16383,0,256,56,0x3b8907e1,0x0c6cbd10,normal,HIT,7859,30665,7,4,0,42294,422,428,7859,7,4,0,1,1,1,1,1,1,
dram,bbht_grover_dram,GT,16383,0,256,57,0x2cd09c1d,0x964fb1a7,normal,HIT,9616,21800,7,2,0,23350,233,237,9616,7,2,0,1,1,1,1,1,1,
dram,bbht_grover_dram,GT,16383,0,256,58,0x6d7a8604,0xbd6f99c6,normal,HIT,8254,18531,5,4,0,40785,407,412,8254,5,4,0,1,1,1,1,1,1,
dram,bbht_grover_dram,GT,16383,0,256,59,0x1fadaf42,0x60010aa3,normal,HIT,5899,19232,11,14,0,117359,1173,1179,5899,11,14,0,1,1,1,1,1,1,
dram,bbht_grover_dram,GT,16383,0,256,60,0x92fe7cfd,0xb54e2773,normal,HIT,838,17066,6,3,0,40915,409,413,838,6,3,0,1,1,1,1,1,1,
dram,bbht_grover_dram,GT,16383,0,256,61,0x1aecb060,0x9c545eba,normal,HIT,3077,26085,10,13,0,115533,1155,1159,3077,10,13,0,1,1,1,1,1,1,
dram,bbht_grover_dram,GT,16383,0,256,62,0x91778cc3,0xbd1d1bc0,normal,HIT,6083,16900,10,13,0,98157,981,986,6083,10,13,0,1,1,1,1,1,1,
dram,bbht_grover_dram,GT,16383,0,256,63,0xe6b7e7eb,0xd542988e,normal,HIT,14620,28124,10,11,0,97436,974,979,14620,10,11,0,1,1,1,1,1,1,
dram,bbht_grover_dram,GT,16383,0,256,64,0x6770144c,0xd2d3c6e7,normal,HIT,13954,28289,9,6,0,43939,439,444,13954,9,6,0,1,1,1,1,1,1,
dram,bbht_grover_dram,GT,16383,0,256,65,0xc600a248,0x0a1e0844,normal,HIT,14141,31377,7,5,0,42212,422,427,14141,7,5,0,1,1,1,1,1,1,
dram,bbht_grover_dram,GT,16383,0,256,66,0x1ea4f830,0x2ef0f28e,normal,HIT,11917,23087,3,1,0,20781,207,212,11917,3,1,0,1,1,1,1,1,1,
dram,bbht_grover_dram,GT,16383,0,256,67,0x639604f3,0x7fe04f83,normal,HIT,7232,17025,6,6,0,59566,595,600,7232,6,6,0,1,1,1,1,1,1,
dram,bbht_grover_dram,GT,16383,0,256,68,0x6e084a84,0xb643b17e,normal,HIT,9146,30642,7,4,0,42074,420,425,9146,7,4,0,1,1,1,1,1,1,
dram,bbht_grover_dram,GT,16383,0,256,69,0x3d7fc476,0x467d7a44,normal,HIT,12819,29797,2,1,0,20087,200,205,12819,2,1,0,1,1,1,1,1,1,
dram,bbht_grover_dram,GT,16383,0,256,70,0xedca3875,0xefade11e,normal,HIT,4334,22057,9,10,0,78885,788,793,4334,9,10,0,1,1,1,1,1,1,
dram,bbht_grover_dram,GT,16383,0,256,71,0xb883121d,0x095c678c,normal,HIT,15289,23833,8,6,0,78502,785,790,15289,8,6,0,1,1,1,1,1,1,
dram,bbht_grover_dram,GT,16383,0,256,72,0xace22797,0xbc422a9a,normal,HIT,2282,31718,9,10,0,78733,787,792,2282,9,10,0,1,1,1,1,1,1,
dram,bbht_grover_dram,GT,16383,0,256,73,0xefd3172d,0x8c2c3233,normal,HIT,11249,20891,3,1,0,20455,204,209,11249,3,1,0,1,1,1,1,1,1,
dram,bbht_grover_dram,GT,16383,0,256,74,0xe6aacdb5,0x7f1c158a,normal,HIT,3178,30209,7,4,0,59717,597,602,3178,7,4,0,1,1,1,1,1,1,
dram,bbht_grover_dram,GT,16383,0,256,75,0x6566c598,0xca804b00,normal,HIT,2780,28208,9,9,0,62420,624,628,2780,9,9,0,1,1,1,1,1,1,
dram,bbht_grover_dram,GT,16383,0,256,76,0x4e646d9d,0xcbae5ac0,normal,HIT,6194,21743,7,4,0,59771,597,602,6194,7,4,0,1,1,1,1,1,1,
dram,bbht_grover_dram,GT,16383,0,256,77,0x05d81d6f,0x260c4013,normal,HIT,9359,25296,7,5,0,59467,594,598,9359,7,5,0,1,1,1,1,1,1,
dram,bbht_grover_dram,GT,16383,0,256,78,0x2018f6a3,0x5728c7f4,normal,HIT,12753,30202,5,3,0,40701,407,412,12753,5,3,0,1,1,1,1,1,1,
dram,bbht_grover_dram,GT,16383,0,256,79,0x718ebf0c,0x4d7d460c,normal,HIT,6587,31055,7,5,0,60066,600,605,6587,7,5,0,1,1,1,1,1,1,
dram,bbht_grover_dram,GT,16383,0,256,80,0x042a8f17,0x2093b3f4,normal,HIT,8134,25012,10,10,0,97386,973,979,8134,10,10,0,1,1,1,1,1,1,
dram,bbht_grover_dram,GT,16383,0,256,81,0xfc1c775d,0x35bd20f1,normal,HIT,7991,23470,4,2,0,39062,390,395,7991,4,2,0,1,1,1,1,1,1,
dram,bbht_grover_dram,GT,16383,0,256,82,0x16b93b63,0x7d609ba5,normal,HIT,7859,30665,9,10,0,43646,436,441,7859,9,10,0,1,1,1,1,1,1,
dram,bbht_grover_dram,GT,16383,0,256,83,0x8ce1028e,0xb152e7ef,normal,HIT,13499,22948,6,4,0,41620,416,421,13499,6,4,0,1,1,1,1,1,1,
dram,bbht_grover_dram,GT,16383,0,256,84,0x87bad980,0x7dbefa97,normal,HIT,14887,23275,9,11,0,79002,790,795,14887,9,11,0,1,1,1,1,1,1,
dram,bbht_grover_dram,GT,16383,0,256,85,0xd63d86f3,0xf5399cca,normal,HIT,3077,26085,6,5,0,40803,408,413,3077,6,5,0,1,1,1,1,1,1,
dram,bbht_grover_dram,GT,16383,0,256,86,0xeeaba102,0x01560fc0,normal,HIT,1569,17806,2,1,0,19878,198,203,1569,2,1,0,1,1,1,1,1,1,
dram,bbht_grover_dram,GT,16383,0,256,87,0xc1fee4bb,0xc7e12d58,normal,HIT,11032,17393,6,5,0,41272,412,417,11032,6,5,0,1,1,1,1,1,1,
dram,bbht_grover_dram,GT,16383,0,256,88,0x0707c9da,0xf644a3f9,normal,HIT,7900,20548,4,1,0,21408,214,218,7900,4,1,0,1,1,1,1,1,1,
dram,bbht_grover_dram,GT,16383,0,256,89,0xde0d9c30,0x58a2ee8f,normal,HIT,12120,17967,4,2,0,22001,220,225,12120,4,2,0,1,1,1,1,1,1,
dram,bbht_grover_dram,GT,16383,0,256,90,0x7cd0efc7,0x9f385cfb,normal,HIT,1317,28061,6,3,0,41246,412,417,1317,6,3,0,1,1,1,1,1,1,
dram,bbht_grover_dram,GT,16383,0,256,91,0xe4cb50a6,0x94d13729,normal,HIT,8900,27322,8,3,0,43356,433,438,8900,8,3,0,1,1,1,1,1,1,
dram,bbht_grover_dram,GT,16383,0,256,92,0xa0882219,0x18f75d24,normal,HIT,8316,21095,8,4,0,43415,434,439,8316,8,4,0,1,1,1,1,1,1,
dram,bbht_grover_dram,GT,16383,0,256,93,0xc435e6f2,0xf75a52bc,normal,HIT,11249,20891,2,1,0,19794,197,201,11249,2,1,0,1,1,1,1,1,1,
dram,bbht_grover_dram,GT,16383,0,256,94,0x011b63f0,0x0aa34346,normal,HIT,2932,26834,7,3,0,41543,415,420,2932,7,3,0,1,1,1,1,1,1,
dram,bbht_grover_dram,GT,16383,0,256,95,0x1b456e77,0xee460f94,normal,HIT,8134,25012,4,2,0,21836,218,223,8134,4,2,0,1,1,1,1,1,1,
dram,bbht_grover_dram,GT,16383,0,256,96,0x10088608,0xef418331,normal,HIT,2460,23714,10,12,0,79926,799,803,2460,10,12,0,1,1,1,1,1,1,
dram,bbht_grover_dram,GT,16383,0,256,97,0x6fcfc352,0xf8fa9f4c,normal,HIT,2808,20620,7,5,0,41645,416,420,2808,7,5,0,1,1,1,1,1,1,
dram,bbht_grover_dram,GT,16383,0,256,98,0xfb6077af,0x713595a9,normal,HIT,1068,20482,12,17,0,134801,1348,1352,1068,12,17,0,1,1,1,1,1,1,
dram,bbht_grover_dram,GT,16383,0,256,99,0xc6ebb72e,0x08fdf109,normal,HIT,7108,28195,2,0,0,1887,18,24,7108,2,0,0,1,1,1,1,1,1,
dram,bbht_grover_dram,EQ,12345,0,1,0,0x7b1dcdaf,0x24370df2,normal,HIT,507,12345,25,308,70,1606524,16065,16070,507,25,308,70,1,1,1,1,1,1,
dram,bbht_grover_dram,EQ,12345,0,1,1,0x3a85a4dc,0xa3b9aa35,normal,HIT,507,12345,15,23,0,102094,1020,1025,507,15,23,0,1,1,1,1,1,1,
dram,bbht_grover_dram,EQ,12345,0,1,2,0x6162a8b2,0x871c276f,normal,HIT,507,12345,22,181,0,267262,2672,2677,507,22,181,0,1,1,1,1,1,1,
dram,bbht_grover_dram,EQ,12345,0,1,3,0xc3adc34e,0xf5b8f22b,normal,HIT,507,12345,25,239,0,323372,3233,3238,507,25,239,0,1,1,1,1,1,1,
dram,bbht_grover_dram,EQ,12345,0,1,4,0x2bb073ff,0x3f8396e3,normal,HIT,507,12345,24,240,0,321274,3212,3217,507,24,240,0,1,1,1,1,1,1,
dram,bbht_grover_dram,EQ,12345,0,1,5,0xda585ab3,0xa7197ad7,normal,HIT,507,12345,23,155,0,266964,2669,2674,507,23,155,0,1,1,1,1,1,1,
dram,bbht_grover_dram,EQ,12345,0,1,6,0x0ed109c0,0x5701ce52,normal,HIT,507,12345,9,14,0,78920,789,793,507,9,14,0,1,1,1,1,1,1,
dram,bbht_grover_dram,EQ,12345,0,1,7,0x102ecf73,0x53c7612b,normal,HIT,507,12345,23,180,0,321118,3211,3217,507,23,180,0,1,1,1,1,1,1,
dram,bbht_grover_dram,EQ,12345,0,1,8,0xcf29b6a1,0x35231a84,normal,HIT,507,12345,26,261,8,491716,4917,4921,507,26,261,8,1,1,1,1,1,1,
dram,bbht_grover_dram,EQ,12345,0,1,9,0xc49cbb42,0xd0a3bbb8,normal,HIT,507,12345,24,148,0,252762,2527,2531,507,24,148,0,1,1,1,1,1,1,
dram,bbht_grover_dram,EQ,12345,0,1,10,0x4cc51d23,0xee0e3ab4,normal,HIT,507,12345,20,93,0,230846,2308,2313,507,20,93,0,1,1,1,1,1,1,
dram,bbht_grover_dram,EQ,12345,0,1,11,0xf9e8aa7a,0x3208c31a,normal,HIT,507,12345,23,175,0,284776,2847,2853,507,23,175,0,1,1,1,1,1,1,
dram,bbht_grover_dram,EQ,12345,0,1,12,0xdda8b051,0xc8105c9d,normal,HIT,507,12345,18,42,0,210280,2102,2108,507,18,42,0,1,1,1,1,1,1,
dram,bbht_grover_dram,EQ,12345,0,1,13,0xabfb11bf,0xf5dec75e,normal,HIT,507,12345,24,218,0,288660,2886,2891,507,24,218,0,1,1,1,1,1,1,
dram,bbht_grover_dram,EQ,12345,0,1,14,0x20639811,0x6b6a7c47,normal,HIT,507,12345,21,133,0,249378,2493,2498,507,21,133,0,1,1,1,1,1,1,
dram,bbht_grover_dram,EQ,12345,0,1,15,0xac72acd2,0xca84bc6c,normal,HIT,507,12345,27,333,21,738710,7387,7392,507,27,333,21,1,1,1,1,1,1,
dram,bbht_grover_dram,EQ,12345,0,1,16,0x49a2da79,0xe1376725,normal,HIT,507,12345,25,225,0,304704,3047,3051,507,25,225,0,1,1,1,1,1,1,
dram,bbht_grover_dram,EQ,12345,0,1,17,0x63a4e9d7,0x6166dba4,normal,HIT,507,12345,25,152,0,341557,3415,3419,507,25,152,0,1,1,1,1,1,1,
dram,bbht_grover_dram,EQ,12345,0,1,18,0x8983f102,0x43fb6183,normal,HIT,507,12345,24,216,0,305094,3050,3055,507,24,216,0,1,1,1,1,1,1,
dram,bbht_grover_dram,EQ,12345,0,1,19,0xb671aa78,0xc97ad8a2,normal,HIT,507,12345,22,122,0,267677,2676,2681,507,22,122,0,1,1,1,1,1,1,
dram,bbht_grover_dram,EQ,12345,0,1,20,0xdaeb566a,0x989e5b3d,normal,HIT,507,12345,27,311,0,326740,3267,3271,507,27,311,0,1,1,1,1,1,1,
dram,bbht_grover_dram,EQ,12345,0,1,21,0xf6181c00,0xa345ac4b,normal,HIT,507,12345,26,200,0,287554,2875,2879,507,26,200,0,1,1,1,1,1,1,
dram,bbht_grover_dram,EQ,12345,0,1,22,0x4e18d852,0xa08980df,normal,HIT,507,12345,15,37,0,189640,1896,1900,507,15,37,0,1,1,1,1,1,1,
dram,bbht_grover_dram,EQ,12345,0,1,23,0xa035ceba,0x611de4c4,normal,HIT,507,12345,23,141,0,339862,3398,3403,507,23,141,0,1,1,1,1,1,1,
dram,bbht_grover_dram,EQ,12345,0,1,24,0xc2416ee4,0x7323f479,normal,HIT,507,12345,21,159,0,318464,3184,3190,507,21,159,0,1,1,1,1,1,1,
dram,bbht_grover_dram,EQ,12345,0,1,25,0xfbdafbdd,0xa0c0cf2f,normal,HIT,507,12345,25,210,0,358328,3583,3587,507,25,210,0,1,1,1,1,1,1,
dram,bbht_grover_dram,EQ,12345,0,1,26,0xa43fbf47,0x8de97b10,normal,HIT,507,12345,27,215,0,323426,3234,3239,507,27,215,0,1,1,1,1,1,1,
dram,bbht_grover_dram,EQ,12345,0,1,27,0x6811f7c1,0xcb07044a,normal,HIT,507,12345,24,174,0,320830,3208,3213,507,24,174,0,1,1,1,1,1,1,
dram,bbht_grover_dram,EQ,12345,0,1,28,0x610dde2c,0x8cf5deb9,normal,HIT,507,12345,25,256,0,359176,3591,3596,507,25,256,0,1,1,1,1,1,1,
dram,bbht_grover_dram,EQ,12345,0,1,29,0x82241b87,0xbbe27f39,normal,HIT,507,12345,21,133,0,247511,2475,2479,507,21,133,0,1,1,1,1,1,1,
dram,bbht_grover_dram,EQ,12345,0,1,30,0x48647490,0xea9551eb,normal,HIT,507,12345,19,63,0,193446,1934,1939,507,19,63,0,1,1,1,1,1,1,
dram,bbht_grover_dram,EQ,12345,0,1,31,0x63df3b7f,0xa8b057e1,normal,HIT,507,12345,27,273,0,412528,4125,4130,507,27,273,0,1,1,1,1,1,1,
dram,bbht_grover_dram,EQ,12345,0,1,32,0x433125bb,0x3221fef0,normal,HIT,507,12345,22,93,0,231937,2319,2324,507,22,93,0,1,1,1,1,1,1,
dram,bbht_grover_dram,EQ,12345,0,1,33,0x7943be40,0x6641ee79,normal,HIT,507,12345,19,93,0,227742,2277,2282,507,19,93,0,1,1,1,1,1,1,
dram,bbht_grover_dram,EQ,12345,0,1,34,0x26c93252,0x675d2908,normal,HIT,507,12345,27,290,1,413387,4133,4138,507,27,290,1,1,1,1,1,1,1,
dram,bbht_grover_dram,EQ,12345,0,1,35,0xdbe3ed49,0xa7cfea56,normal,HIT,507,12345,16,40,0,139840,1398,1402,507,16,40,0,1,1,1,1,1,1,
dram,bbht_grover_dram,EQ,12345,0,1,36,0xc2ec9bb4,0xbfc0ae9e,normal,HIT,507,12345,24,229,0,269178,2691,2696,507,24,229,0,1,1,1,1,1,1,
dram,bbht_grover_dram,EQ,12345,0,1,37,0xe7ec8559,0x307064ac,normal,HIT,507,12345,23,169,0,339344,3393,3398,507,23,169,0,1,1,1,1,1,1,
dram,bbht_grover_dram,EQ,12345,0,1,38,0xccb88b54,0x2cf00158,normal,HIT,507,12345,21,123,0,302236,3022,3027,507,21,123,0,1,1,1,1,1,1,
dram,bbht_grover_dram,EQ,12345,0,1,39,0xb512e6a4,0x2b9e708c,normal,HIT,507,12345,21,105,0,267970,2679,2684,507,21,105,0,1,1,1,1,1,1,
dram,bbht_grover_dram,EQ,12345,0,1,40,0x7e2c3d82,0xa69fb195,normal,HIT,507,12345,18,48,0,210144,2101,2106,507,18,48,0,1,1,1,1,1,1,
dram,bbht_grover_dram,EQ,12345,0,1,41,0x58b3e5ad,0x23a21253,normal,HIT,507,12345,24,196,0,338780,3387,3392,507,24,196,0,1,1,1,1,1,1,
dram,bbht_grover_dram,EQ,12345,0,1,42,0x9a07c40b,0x3ea78d8c,normal,HIT,507,12345,21,126,0,249762,2497,2502,507,21,126,0,1,1,1,1,1,1,
dram,bbht_grover_dram,EQ,12345,0,1,43,0xf1f9a54b,0x7b00db61,normal,HIT,507,12345,28,252,0,397790,3977,3983,507,28,252,0,1,1,1,1,1,1,
dram,bbht_grover_dram,EQ,12345,0,1,44,0xfba6212d,0xb8b8356a,normal,HIT,507,12345,28,368,5,471692,4716,4722,507,28,368,5,1,1,1,1,1,1,
dram,bbht_grover_dram,EQ,12345,0,1,45,0x1ca60615,0xd753b84a,normal,HIT,507,12345,21,131,0,248226,2482,2487,507,21,131,0,1,1,1,1,1,1,
dram,bbht_grover_dram,EQ,12345,0,1,46,0xa085c93e,0x19b8504d,normal,HIT,507,12345,20,96,0,248340,2483,2488,507,20,96,0,1,1,1,1,1,1,
dram,bbht_grover_dram,EQ,12345,0,1,47,0x18190603,0xad0438b2,normal,HIT,507,12345,21,120,0,247862,2478,2483,507,21,120,0,1,1,1,1,1,1,
dram,bbht_grover_dram,EQ,12345,0,1,48,0xc1143c78,0xbbdab3cd,normal,HIT,507,12345,25,157,0,272195,2721,2726,507,25,157,0,1,1,1,1,1,1,
dram,bbht_grover_dram,EQ,12345,0,1,49,0x332063fc,0x222ba57c,normal,HIT,507,12345,23,148,0,251946,2519,2523,507,23,148,0,1,1,1,1,1,1,
dram,bbht_grover_dram,EQ,12345,0,1,50,0xd6f4066b,0xab9eb714,normal,HIT,507,12345,26,275,0,323566,3235,3241,507,26,275,0,1,1,1,1,1,1,
dram,bbht_grover_dram,EQ,12345,0,1,51,0x64b9628c,0x9cd8b518,normal,HIT,507,12345,22,122,0,336928,3369,3374,507,22,122,0,1,1,1,1,1,1,
dram,bbht_grover_dram,EQ,12345,0,1,52,0x894e6771,0x8a255c2e,normal,HIT,507,12345,26,256,0,377558,3775,3780,507,26,256,0,1,1,1,1,1,1,
dram,bbht_grover_dram,EQ,12345,0,1,53,0xe3e668e8,0xff1f20c3,normal,HIT,507,12345,24,167,0,340454,3404,3409,507,24,167,0,1,1,1,1,1,1,
dram,bbht_grover_dram,EQ,12345,0,1,54,0x36980406,0xfbdbfa61,normal,HIT,507,12345,25,283,0,358296,3582,3588,507,25,283,0,1,1,1,1,1,1,
dram,bbht_grover_dram,EQ,12345,0,1,55,0x114d2b4a,0xa617ad4e,normal,HIT,507,12345,26,269,0,393944,3939,3943,507,26,269,0,1,1,1,1,1,1,
dram,bbht_grover_dram,EQ,12345,0,1,56,0x3b8907e1,0x0c6cbd10,normal,HIT,507,12345,23,142,0,286168,2861,2866,507,23,142,0,1,1,1,1,1,1,
dram,bbht_grover_dram,EQ,12345,0,1,57,0x2cd09c1d,0x964fb1a7,normal,HIT,507,12345,24,241,0,285200,2852,2857,507,24,241,0,1,1,1,1,1,1,
dram,bbht_grover_dram,EQ,12345,0,1,58,0x6d7a8604,0xbd6f99c6,normal,HIT,507,12345,28,369,20,791053,7910,7915,507,28,369,20,1,1,1,1,1,1,
dram,bbht_grover_dram,EQ,12345,0,1,59,0x1fadaf42,0x60010aa3,normal,HIT,507,12345,24,141,0,306386,3063,3068,507,24,141,0,1,1,1,1,1,1,
dram,bbht_grover_dram,EQ,12345,0,1,60,0x92fe7cfd,0xb54e2773,normal,HIT,507,12345,21,135,0,301159,3011,3016,507,21,135,0,1,1,1,1,1,1,
dram,bbht_grover_dram,EQ,12345,0,1,61,0x1aecb060,0x9c545eba,normal,HIT,507,12345,27,306,0,396574,3965,3970,507,27,306,0,1,1,1,1,1,1,
dram,bbht_grover_dram,EQ,12345,0,1,62,0x91778cc3,0xbd1d1bc0,normal,HIT,507,12345,24,196,0,321610,3216,3220,507,24,196,0,1,1,1,1,1,1,
dram,bbht_grover_dram,EQ,12345,0,1,63,0xe6b7e7eb,0xd542988e,normal,HIT,507,12345,19,67,0,265098,2650,2655,507,19,67,0,1,1,1,1,1,1,
dram,bbht_grover_dram,EQ,12345,0,1,64,0x6770144c,0xd2d3c6e7,normal,HIT,507,12345,23,129,0,283480,2834,2839,507,23,129,0,1,1,1,1,1,1,
dram,bbht_grover_dram,EQ,12345,0,1,65,0xc600a248,0x0a1e0844,normal,HIT,507,12345,26,277,0,306920,3069,3074,507,26,277,0,1,1,1,1,1,1,
dram,bbht_grover_dram,EQ,12345,0,1,66,0x1ea4f830,0x2ef0f28e,normal,HIT,507,12345,15,45,0,136922,1369,1373,507,15,45,0,1,1,1,1,1,1,
dram,bbht_grover_dram,EQ,12345,0,1,67,0x639604f3,0x7fe04f83,normal,HIT,507,12345,22,105,0,268464,2684,2689,507,22,105,0,1,1,1,1,1,1,
dram,bbht_grover_dram,EQ,12345,0,1,68,0x6e084a84,0xb643b17e,normal,HIT,507,12345,26,239,0,306822,3068,3072,507,26,239,0,1,1,1,1,1,1,
dram,bbht_grover_dram,EQ,12345,0,1,69,0x3d7fc476,0x467d7a44,normal,HIT,507,12345,23,160,0,302654,3026,3031,507,23,160,0,1,1,1,1,1,1,
dram,bbht_grover_dram,EQ,12345,0,1,70,0xedca3875,0xefade11e,normal,HIT,507,12345,26,243,0,339930,3399,3403,507,26,243,0,1,1,1,1,1,1,
dram,bbht_grover_dram,EQ,12345,0,1,71,0xb883121d,0x095c678c,normal,HIT,507,12345,25,235,0,323452,3234,3239,507,25,235,0,1,1,1,1,1,1,
dram,bbht_grover_dram,EQ,12345,0,1,72,0xace22797,0xbc422a9a,normal,HIT,507,12345,12,15,0,116794,1167,1172,507,12,15,0,1,1,1,1,1,1,
dram,bbht_grover_dram,EQ,12345,0,1,73,0xefd3172d,0x8c2c3233,normal,HIT,507,12345,19,49,0,212910,2129,2133,507,19,49,0,1,1,1,1,1,1,
dram,bbht_grover_dram,EQ,12345,0,1,74,0xe6aacdb5,0x7f1c158a,normal,HIT,507,12345,23,212,0,285034,2850,2855,507,23,212,0,1,1,1,1,1,1,
dram,bbht_grover_dram,EQ,12345,0,1,75,0x6566c598,0xca804b00,normal,HIT,507,12345,15,42,0,155302,1553,1558,507,15,42,0,1,1,1,1,1,1,
dram,bbht_grover_dram,EQ,12345,0,1,76,0x4e646d9d,0xcbae5ac0,normal,HIT,507,12345,17,64,0,227420,2274,2278,507,17,64,0,1,1,1,1,1,1,
dram,bbht_grover_dram,EQ,12345,0,1,77,0x05d81d6f,0x260c4013,normal,HIT,507,12345,22,113,0,301602,3016,3021,507,22,113,0,1,1,1,1,1,1,
dram,bbht_grover_dram,EQ,12345,0,1,78,0x2018f6a3,0x5728c7f4,normal,HIT,507,12345,31,430,0,468384,4683,4688,507,31,430,0,1,1,1,1,1,1,
dram,bbht_grover_dram,EQ,12345,0,1,79,0x718ebf0c,0x4d7d460c,normal,HIT,507,12345,24,138,0,340992,3409,3414,507,24,138,0,1,1,1,1,1,1,
dram,bbht_grover_dram,EQ,12345,0,1,80,0x042a8f17,0x2093b3f4,normal,HIT,507,12345,27,381,0,377004,3770,3774,507,27,381,0,1,1,1,1,1,1,
dram,bbht_grover_dram,EQ,12345,0,1,81,0xfc1c775d,0x35bd20f1,normal,HIT,507,12345,28,300,0,341596,3415,3420,507,28,300,0,1,1,1,1,1,1,
dram,bbht_grover_dram,EQ,12345,0,1,82,0x16b93b63,0x7d609ba5,normal,HIT,507,12345,27,336,0,359380,3593,3598,507,27,336,0,1,1,1,1,1,1,
dram,bbht_grover_dram,EQ,12345,0,1,83,0x8ce1028e,0xb152e7ef,normal,HIT,507,12345,20,110,0,249582,2495,2501,507,20,110,0,1,1,1,1,1,1,
dram,bbht_grover_dram,EQ,12345,0,1,84,0x87bad980,0x7dbefa97,normal,HIT,507,12345,26,277,0,376604,3766,3770,507,26,277,0,1,1,1,1,1,1,
dram,bbht_grover_dram,EQ,12345,0,1,85,0xd63d86f3,0xf5399cca,normal,HIT,507,12345,22,145,0,285582,2855,2860,507,22,145,0,1,1,1,1,1,1,
dram,bbht_grover_dram,EQ,12345,0,1,86,0xeeaba102,0x01560fc0,normal,HIT,507,12345,24,200,0,323826,3238,3243,507,24,200,0,1,1,1,1,1,1,
dram,bbht_grover_dram,EQ,12345,0,1,87,0xc1fee4bb,0xc7e12d58,normal,HIT,507,12345,23,191,0,303798,3037,3042,507,23,191,0,1,1,1,1,1,1,
dram,bbht_grover_dram,EQ,12345,0,1,88,0x0707c9da,0xf644a3f9,normal,HIT,507,12345,24,199,0,303596,3035,3041,507,24,199,0,1,1,1,1,1,1,
dram,bbht_grover_dram,EQ,12345,0,1,89,0xde0d9c30,0x58a2ee8f,normal,HIT,507,12345,16,41,0,156532,1565,1570,507,16,41,0,1,1,1,1,1,1,
dram,bbht_grover_dram,EQ,12345,0,1,90,0x7cd0efc7,0x9f385cfb,normal,HIT,507,12345,24,174,0,270916,2709,2713,507,24,174,0,1,1,1,1,1,1,
dram,bbht_grover_dram,EQ,12345,0,1,91,0xe4cb50a6,0x94d13729,normal,HIT,507,12345,17,53,0,175306,1753,1757,507,17,53,0,1,1,1,1,1,1,
dram,bbht_grover_dram,EQ,12345,0,1,92,0xa0882219,0x18f75d24,normal,HIT,507,12345,20,86,0,247720,2477,2482,507,20,86,0,1,1,1,1,1,1,
dram,bbht_grover_dram,EQ,12345,0,1,93,0xc435e6f2,0xf75a52bc,normal,HIT,507,12345,23,192,0,250046,2500,2504,507,23,192,0,1,1,1,1,1,1,
dram,bbht_grover_dram,EQ,12345,0,1,94,0x011b63f0,0x0aa34346,normal,HIT,507,12345,18,62,0,210508,2105,2109,507,18,62,0,1,1,1,1,1,1,
dram,bbht_grover_dram,EQ,12345,0,1,95,0x1b456e77,0xee460f94,normal,HIT,507,12345,20,75,0,230344,2303,2308,507,20,75,0,1,1,1,1,1,1,
dram,bbht_grover_dram,EQ,12345,0,1,96,0x10088608,0xef418331,normal,HIT,507,12345,24,183,0,285636,2856,2860,507,24,183,0,1,1,1,1,1,1,
dram,bbht_grover_dram,EQ,12345,0,1,97,0x6fcfc352,0xf8fa9f4c,normal,HIT,507,12345,21,102,0,249038,2490,2494,507,21,102,0,1,1,1,1,1,1,
dram,bbht_grover_dram,EQ,12345,0,1,98,0xfb6077af,0x713595a9,normal,HIT,507,12345,20,102,0,265096,2650,2655,507,20,102,0,1,1,1,1,1,1,
dram,bbht_grover_dram,EQ,12345,0,1,99,0xc6ebb72e,0x08fdf109,normal,HIT,507,12345,27,263,0,359948,3599,3604,507,27,263,0,1,1,1,1,1,1,
dram,bbht_grover_dram,EQ,12345,0,4,0,0x7b1dcdaf,0x24370df2,normal,HIT,8685,12345,21,119,38,965458,9654,9659,8685,21,119,38,1,1,1,1,1,1,
dram,bbht_grover_dram,EQ,12345,0,4,1,0x3a85a4dc,0xa3b9aa35,normal,HIT,8685,12345,23,132,0,250294,2502,2507,8685,23,132,0,1,1,1,1,1,1,
dram,bbht_grover_dram,EQ,12345,0,4,2,0x6162a8b2,0x871c276f,normal,HIT,2852,12345,19,89,0,211371,2113,2118,2852,19,89,0,1,1,1,1,1,1,
dram,bbht_grover_dram,EQ,12345,0,4,3,0xc3adc34e,0xf5b8f22b,normal,HIT,2852,12345,20,101,0,248513,2485,2490,2852,20,101,0,1,1,1,1,1,1,
dram,bbht_grover_dram,EQ,12345,0,4,4,0x2bb073ff,0x3f8396e3,normal,HIT,4724,12345,16,47,0,173703,1737,1742,4724,16,47,0,1,1,1,1,1,1,
dram,bbht_grover_dram,EQ,12345,0,4,5,0xda585ab3,0xa7197ad7,normal,HIT,2852,12345,20,72,0,211713,2117,2122,2852,20,72,0,1,1,1,1,1,1,
dram,bbht_grover_dram,EQ,12345,0,4,6,0x0ed109c0,0x5701ce52,normal,HIT,507,12345,9,14,0,78938,789,793,507,9,14,0,1,1,1,1,1,1,
dram,bbht_grover_dram,EQ,12345,0,4,7,0x102ecf73,0x53c7612b,normal,HIT,507,12345,21,112,0,284558,2845,2850,507,21,112,0,1,1,1,1,1,1,
dram,bbht_grover_dram,EQ,12345,0,4,8,0xcf29b6a1,0x35231a84,normal,HIT,2852,12345,15,40,0,155221,1552,1556,2852,15,40,0,1,1,1,1,1,1,
dram,bbht_grover_dram,EQ,12345,0,4,9,0xc49cbb42,0xd0a3bbb8,normal,HIT,2852,12345,23,94,0,234497,2344,2349,2852,23,94,0,1,1,1,1,1,1,
dram,bbht_grover_dram,EQ,12345,0,4,10,0x4cc51d23,0xee0e3ab4,normal,HIT,2852,12345,19,65,0,212159,2121,2126,2852,19,65,0,1,1,1,1,1,1,
dram,bbht_grover_dram,EQ,12345,0,4,11,0xf9e8aa7a,0x3208c31a,normal,HIT,4724,12345,15,41,0,154885,1548,1553,4724,15,41,0,1,1,1,1,1,1,
dram,bbht_grover_dram,EQ,12345,0,4,12,0xdda8b051,0xc8105c9d,normal,HIT,507,12345,18,42,0,210280,2102,2108,507,18,42,0,1,1,1,1,1,1,
dram,bbht_grover_dram,EQ,12345,0,4,13,0xabfb11bf,0xf5dec75e,normal,HIT,2852,12345,22,128,2,288899,2888,2894,2852,22,128,2,1,1,1,1,1,1,
dram,bbht_grover_dram,EQ,12345,0,4,14,0x20639811,0x6b6a7c47,normal,HIT,4724,12345,17,59,0,175189,1751,1756,4724,17,59,0,1,1,1,1,1,1,
dram,bbht_grover_dram,EQ,12345,0,4,15,0xac72acd2,0xca84bc6c,normal,HIT,8685,12345,21,85,0,231892,2318,2323,8685,21,85,0,1,1,1,1,1,1,
dram,bbht_grover_dram,EQ,12345,0,4,16,0x49a2da79,0xe1376725,normal,HIT,2852,12345,21,116,0,231055,2310,2315,2852,21,116,0,1,1,1,1,1,1,
dram,bbht_grover_dram,EQ,12345,0,4,17,0x63a4e9d7,0x6166dba4,normal,HIT,507,12345,24,121,0,322318,3223,3228,507,24,121,0,1,1,1,1,1,1,
dram,bbht_grover_dram,EQ,12345,0,4,18,0x8983f102,0x43fb6183,normal,HIT,8685,12345,22,116,0,268026,2680,2685,8685,22,116,0,1,1,1,1,1,1,
dram,bbht_grover_dram,EQ,12345,0,4,19,0xb671aa78,0xc97ad8a2,normal,HIT,507,12345,21,82,0,248888,2488,2493,507,21,82,0,1,1,1,1,1,1,
dram,bbht_grover_dram,EQ,12345,0,4,20,0xdaeb566a,0x989e5b3d,normal,HIT,507,12345,22,112,0,251256,2512,2518,507,22,112,0,1,1,1,1,1,1,
dram,bbht_grover_dram,EQ,12345,0,4,21,0xf6181c00,0xa345ac4b,normal,HIT,2852,12345,9,4,0,25889,258,263,2852,9,4,0,1,1,1,1,1,1,
dram,bbht_grover_dram,EQ,12345,0,4,22,0x4e18d852,0xa08980df,normal,HIT,507,12345,15,37,0,189694,1896,1901,507,15,37,0,1,1,1,1,1,1,
dram,bbht_grover_dram,EQ,12345,0,4,23,0xa035ceba,0x611de4c4,normal,HIT,8685,12345,12,21,0,136806,1368,1373,8685,12,21,0,1,1,1,1,1,1,
dram,bbht_grover_dram,EQ,12345,0,4,24,0xc2416ee4,0x7323f479,normal,HIT,8685,12345,9,14,0,95842,958,964,8685,9,14,0,1,1,1,1,1,1,
dram,bbht_grover_dram,EQ,12345,0,4,25,0xfbdafbdd,0xa0c0cf2f,normal,HIT,4724,12345,19,77,0,247151,2471,2476,4724,19,77,0,1,1,1,1,1,1,
dram,bbht_grover_dram,EQ,12345,0,4,26,0xa43fbf47,0x8de97b10,normal,HIT,2852,12345,21,83,0,229587,2295,2300,2852,21,83,0,1,1,1,1,1,1,
dram,bbht_grover_dram,EQ,12345,0,4,27,0x6811f7c1,0xcb07044a,normal,HIT,507,12345,19,77,0,228752,2287,2292,507,19,77,0,1,1,1,1,1,1,
dram,bbht_grover_dram,EQ,12345,0,4,28,0x610dde2c,0x8cf5deb9,normal,HIT,2852,12345,23,142,0,322005,3220,3224,2852,23,142,0,1,1,1,1,1,1,
dram,bbht_grover_dram,EQ,12345,0,4,29,0x82241b87,0xbbe27f39,normal,HIT,2852,12345,18,62,0,192443,1924,1929,2852,18,62,0,1,1,1,1,1,1,
dram,bbht_grover_dram,EQ,12345,0,4,30,0x48647490,0xea9551eb,normal,HIT,2852,12345,20,80,0,212053,2120,2125,2852,20,80,0,1,1,1,1,1,1,
dram,bbht_grover_dram,EQ,12345,0,4,31,0x63df3b7f,0xa8b057e1,normal,HIT,4724,12345,10,14,0,116426,1164,1169,4724,10,14,0,1,1,1,1,1,1,
dram,bbht_grover_dram,EQ,12345,0,4,32,0x433125bb,0x3221fef0,normal,HIT,4724,12345,21,70,0,230949,2309,2314,4724,21,70,0,1,1,1,1,1,1,
dram,bbht_grover_dram,EQ,12345,0,4,33,0x7943be40,0x6641ee79,normal,HIT,8685,12345,20,98,0,246386,2463,2469,8685,20,98,0,1,1,1,1,1,1,
dram,bbht_grover_dram,EQ,12345,0,4,34,0x26c93252,0x675d2908,normal,HIT,8685,12345,11,17,0,133944,1339,1343,8685,11,17,0,1,1,1,1,1,1,
dram,bbht_grover_dram,EQ,12345,0,4,35,0xdbe3ed49,0xa7cfea56,normal,HIT,8685,12345,18,73,0,177338,1773,1777,8685,18,73,0,1,1,1,1,1,1,
dram,bbht_grover_dram,EQ,12345,0,4,36,0xc2ec9bb4,0xbfc0ae9e,normal,HIT,4724,12345,17,47,0,175345,1753,1758,4724,17,47,0,1,1,1,1,1,1,
dram,bbht_grover_dram,EQ,12345,0,4,37,0xe7ec8559,0x307064ac,normal,HIT,507,12345,20,85,0,283532,2835,2840,507,20,85,0,1,1,1,1,1,1,
dram,bbht_grover_dram,EQ,12345,0,4,38,0xccb88b54,0x2cf00158,normal,HIT,8685,12345,16,54,0,209630,2096,2101,8685,16,54,0,1,1,1,1,1,1,
dram,bbht_grover_dram,EQ,12345,0,4,39,0xb512e6a4,0x2b9e708c,normal,HIT,4724,12345,18,71,0,212251,2122,2127,4724,18,71,0,1,1,1,1,1,1,
dram,bbht_grover_dram,EQ,12345,0,4,40,0x7e2c3d82,0xa69fb195,normal,HIT,507,12345,18,48,0,210138,2101,2105,507,18,48,0,1,1,1,1,1,1,
dram,bbht_grover_dram,EQ,12345,0,4,41,0x58b3e5ad,0x23a21253,normal,HIT,2852,12345,12,14,0,117885,1178,1183,2852,12,14,0,1,1,1,1,1,1,
dram,bbht_grover_dram,EQ,12345,0,4,42,0x9a07c40b,0x3ea78d8c,normal,HIT,2852,12345,15,34,0,156005,1560,1565,2852,15,34,0,1,1,1,1,1,1,
dram,bbht_grover_dram,EQ,12345,0,4,43,0xf1f9a54b,0x7b00db61,normal,HIT,4724,12345,19,98,0,265593,2655,2661,4724,19,98,0,1,1,1,1,1,1,
dram,bbht_grover_dram,EQ,12345,0,4,44,0xfba6212d,0xb8b8356a,normal,HIT,2852,12345,21,123,0,265657,2656,2661,2852,21,123,0,1,1,1,1,1,1,
dram,bbht_grover_dram,EQ,12345,0,4,45,0x1ca60615,0xd753b84a,normal,HIT,2852,12345,20,102,0,229939,2299,2303,2852,20,102,0,1,1,1,1,1,1,
dram,bbht_grover_dram,EQ,12345,0,4,46,0xa085c93e,0x19b8504d,normal,HIT,507,12345,18,68,0,211268,2112,2116,507,18,68,0,1,1,1,1,1,1,
dram,bbht_grover_dram,EQ,12345,0,4,47,0x18190603,0xad0438b2,normal,HIT,8685,12345,19,76,0,210988,2109,2115,8685,19,76,0,1,1,1,1,1,1,
dram,bbht_grover_dram,EQ,12345,0,4,48,0xc1143c78,0xbbdab3cd,normal,HIT,2852,12345,22,95,0,216613,2166,2170,2852,22,95,0,1,1,1,1,1,1,
dram,bbht_grover_dram,EQ,12345,0,4,49,0x332063fc,0x222ba57c,normal,HIT,507,12345,16,44,0,139490,1394,1400,507,16,44,0,1,1,1,1,1,1,
dram,bbht_grover_dram,EQ,12345,0,4,50,0xd6f4066b,0xab9eb714,normal,HIT,8685,12345,12,9,0,81373,813,818,8685,12,9,0,1,1,1,1,1,1,
dram,bbht_grover_dram,EQ,12345,0,4,51,0x64b9628c,0x9cd8b518,normal,HIT,4724,12345,21,111,0,318097,3180,3186,4724,21,111,0,1,1,1,1,1,1,
dram,bbht_grover_dram,EQ,12345,0,4,52,0x894e6771,0x8a255c2e,normal,HIT,2852,12345,18,73,0,229799,2297,2303,2852,18,73,0,1,1,1,1,1,1,
dram,bbht_grover_dram,EQ,12345,0,4,53,0xe3e668e8,0xff1f20c3,normal,HIT,4724,12345,20,77,0,266619,2666,2671,4724,20,77,0,1,1,1,1,1,1,
dram,bbht_grover_dram,EQ,12345,0,4,54,0x36980406,0xfbdbfa61,normal,HIT,2852,12345,24,217,21,735235,7352,7357,2852,24,217,21,1,1,1,1,1,1,
dram,bbht_grover_dram,EQ,12345,0,4,55,0x114d2b4a,0xa617ad4e,normal,HIT,507,12345,23,124,0,338572,3385,3390,507,23,124,0,1,1,1,1,1,1,
dram,bbht_grover_dram,EQ,12345,0,4,56,0x3b8907e1,0x0c6cbd10,normal,HIT,8685,12345,19,59,0,212358,2123,2129,8685,19,59,0,1,1,1,1,1,1,
dram,bbht_grover_dram,EQ,12345,0,4,57,0x2cd09c1d,0x964fb1a7,normal,HIT,4724,12345,22,166,0,247597,2475,2480,4724,22,166,0,1,1,1,1,1,1,
dram,bbht_grover_dram,EQ,12345,0,4,58,0x6d7a8604,0xbd6f99c6,normal,HIT,507,12345,21,97,0,302674,3026,3030,507,21,97,0,1,1,1,1,1,1,
dram,bbht_grover_dram,EQ,12345,0,4,59,0x1fadaf42,0x60010aa3,normal,HIT,2852,12345,20,86,0,249353,2493,2498,2852,20,86,0,1,1,1,1,1,1,
dram,bbht_grover_dram,EQ,12345,0,4,60,0x92fe7cfd,0xb54e2773,normal,HIT,507,12345,18,84,0,245684,2456,2461,507,18,84,0,1,1,1,1,1,1,
dram,bbht_grover_dram,EQ,12345,0,4,61,0x1aecb060,0x9c545eba,normal,HIT,507,12345,22,123,0,303722,3037,3042,507,22,123,0,1,1,1,1,1,1,
dram,bbht_grover_dram,EQ,12345,0,4,62,0x91778cc3,0xbd1d1bc0,normal,HIT,2852,12345,23,153,0,303793,3037,3042,2852,23,153,0,1,1,1,1,1,1,
dram,bbht_grover_dram,EQ,12345,0,4,63,0xe6b7e7eb,0xd542988e,normal,HIT,2852,12345,18,54,0,246597,2465,2470,2852,18,54,0,1,1,1,1,1,1,
dram,bbht_grover_dram,EQ,12345,0,4,64,0x6770144c,0xd2d3c6e7,normal,HIT,507,12345,19,64,0,210154,2101,2106,507,19,64,0,1,1,1,1,1,1,
dram,bbht_grover_dram,EQ,12345,0,4,65,0xc600a248,0x0a1e0844,normal,HIT,8685,12345,23,131,0,251142,2511,2516,8685,23,131,0,1,1,1,1,1,1,
dram,bbht_grover_dram,EQ,12345,0,4,66,0x1ea4f830,0x2ef0f28e,normal,HIT,4724,12345,25,172,0,304925,3049,3054,4724,25,172,0,1,1,1,1,1,1,
dram,bbht_grover_dram,EQ,12345,0,4,67,0x639604f3,0x7fe04f83,normal,HIT,8685,12345,16,30,0,174072,1740,1745,8685,16,30,0,1,1,1,1,1,1,
dram,bbht_grover_dram,EQ,12345,0,4,68,0x6e084a84,0xb643b17e,normal,HIT,2852,12345,21,81,0,214290,2142,2147,2852,21,81,0,1,1,1,1,1,1,
dram,bbht_grover_dram,EQ,12345,0,4,69,0x3d7fc476,0x467d7a44,normal,HIT,8685,12345,22,106,0,284592,2845,2851,8685,22,106,0,1,1,1,1,1,1,
dram,bbht_grover_dram,EQ,12345,0,4,70,0xedca3875,0xefade11e,normal,HIT,2852,12345,23,119,0,284677,2846,2852,2852,23,119,0,1,1,1,1,1,1,
dram,bbht_grover_dram,EQ,12345,0,4,71,0xb883121d,0x095c678c,normal,HIT,2852,12345,22,124,0,286165,2861,2865,2852,22,124,0,1,1,1,1,1,1,
dram,bbht_grover_dram,EQ,12345,0,4,72,0xace22797,0xbc422a9a,normal,HIT,507,12345,12,15,0,116796,1167,1172,507,12,15,0,1,1,1,1,1,1,
dram,bbht_grover_dram,EQ,12345,0,4,73,0xefd3172d,0x8c2c3233,normal,HIT,2852,12345,20,66,0,231423,2314,2319,2852,20,66,0,1,1,1,1,1,1,
dram,bbht_grover_dram,EQ,12345,0,4,74,0xe6aacdb5,0x7f1c158a,normal,HIT,507,12345,21,145,0,247886,2478,2483,507,21,145,0,1,1,1,1,1,1,
dram,bbht_grover_dram,EQ,12345,0,4,75,0x6566c598,0xca804b00,normal,HIT,2852,12345,9,9,0,62413,624,628,2852,9,9,0,1,1,1,1,1,1,
dram,bbht_grover_dram,EQ,12345,0,4,76,0x4e646d9d,0xcbae5ac0,normal,HIT,2852,12345,16,47,0,209189,2091,2096,2852,16,47,0,1,1,1,1,1,1,
dram,bbht_grover_dram,EQ,12345,0,4,77,0x05d81d6f,0x260c4013,normal,HIT,507,12345,18,67,0,227452,2274,2279,507,18,67,0,1,1,1,1,1,1,
dram,bbht_grover_dram,EQ,12345,0,4,78,0x2018f6a3,0x5728c7f4,normal,HIT,4724,12345,25,177,0,357907,3579,3583,4724,25,177,0,1,1,1,1,1,1,
dram,bbht_grover_dram,EQ,12345,0,4,79,0x718ebf0c,0x4d7d460c,normal,HIT,2852,12345,22,90,0,304155,3041,3046,2852,22,90,0,1,1,1,1,1,1,
dram,bbht_grover_dram,EQ,12345,0,4,80,0x042a8f17,0x2093b3f4,normal,HIT,8685,12345,24,175,0,321900,3219,3224,8685,24,175,0,1,1,1,1,1,1,
dram,bbht_grover_dram,EQ,12345,0,4,81,0xfc1c775d,0x35bd20f1,normal,HIT,8685,12345,9,12,0,79006,790,795,8685,9,12,0,1,1,1,1,1,1,
dram,bbht_grover_dram,EQ,12345,0,4,82,0x16b93b63,0x7d609ba5,normal,HIT,8685,12345,12,18,0,82228,822,826,8685,12,18,0,1,1,1,1,1,1,
dram,bbht_grover_dram,EQ,12345,0,4,83,0x8ce1028e,0xb152e7ef,normal,HIT,8685,12345,14,23,0,138304,1383,1387,8685,14,23,0,1,1,1,1,1,1,
dram,bbht_grover_dram,EQ,12345,0,4,84,0x87bad980,0x7dbefa97,normal,HIT,4724,12345,21,132,0,284069,2840,2845,4724,21,132,0,1,1,1,1,1,1,
dram,bbht_grover_dram,EQ,12345,0,4,85,0xd63d86f3,0xf5399cca,normal,HIT,4724,12345,20,91,0,248325,2483,2488,4724,20,91,0,1,1,1,1,1,1,
dram,bbht_grover_dram,EQ,12345,0,4,86,0xeeaba102,0x01560fc0,normal,HIT,8685,12345,21,91,0,268106,2681,2685,8685,21,91,0,1,1,1,1,1,1,
dram,bbht_grover_dram,EQ,12345,0,4,87,0xc1fee4bb,0xc7e12d58,normal,HIT,4724,12345,19,89,0,229793,2297,2302,4724,19,89,0,1,1,1,1,1,1,
dram,bbht_grover_dram,EQ,12345,0,4,88,0x0707c9da,0xf644a3f9,normal,HIT,8685,12345,16,48,0,173010,1730,1734,8685,16,48,0,1,1,1,1,1,1,
dram,bbht_grover_dram,EQ,12345,0,4,89,0xde0d9c30,0x58a2ee8f,normal,HIT,507,12345,16,41,0,156544,1565,1570,507,16,41,0,1,1,1,1,1,1,
dram,bbht_grover_dram,EQ,12345,0,4,90,0x7cd0efc7,0x9f385cfb,normal,HIT,8685,12345,18,54,0,177306,1773,1777,8685,18,54,0,1,1,1,1,1,1,
dram,bbht_grover_dram,EQ,12345,0,4,91,0xe4cb50a6,0x94d13729,normal,HIT,507,12345,17,53,0,175284,1752,1757,507,17,53,0,1,1,1,1,1,1,
dram,bbht_grover_dram,EQ,12345,0,4,92,0xa0882219,0x18f75d24,normal,HIT,2852,12345,11,13,0,81473,814,819,2852,11,13,0,1,1,1,1,1,1,
dram,bbht_grover_dram,EQ,12345,0,4,93,0xc435e6f2,0xf75a52bc,normal,HIT,8685,12345,20,96,0,212500,2125,2129,8685,20,96,0,1,1,1,1,1,1,
dram,bbht_grover_dram,EQ,12345,0,4,94,0x011b63f0,0x0aa34346,normal,HIT,4724,12345,19,71,0,229391,2293,2299,4724,19,71,0,1,1,1,1,1,1,
dram,bbht_grover_dram,EQ,12345,0,4,95,0x1b456e77,0xee460f94,normal,HIT,8685,12345,17,47,0,174814,1748,1753,8685,17,47,0,1,1,1,1,1,1,
dram,bbht_grover_dram,EQ,12345,0,4,96,0x10088608,0xef418331,normal,HIT,8685,12345,19,74,0,193216,1932,1936,8685,19,74,0,1,1,1,1,1,1,
dram,bbht_grover_dram,EQ,12345,0,4,97,0x6fcfc352,0xf8fa9f4c,normal,HIT,2852,12345,22,124,0,267621,2676,2681,2852,22,124,0,1,1,1,1,1,1,
dram,bbht_grover_dram,EQ,12345,0,4,98,0xfb6077af,0x713595a9,normal,HIT,8685,12345,20,102,0,265316,2653,2658,8685,20,102,0,1,1,1,1,1,1,
dram,bbht_grover_dram,EQ,12345,0,4,99,0xc6ebb72e,0x08fdf109,normal,HIT,8685,12345,16,42,0,174310,1743,1748,8685,16,42,0,1,1,1,1,1,1,
dram,bbht_grover_dram,EQ,12345,0,16,0,0x7b1dcdaf,0x24370df2,normal,HIT,4512,12345,11,15,3,156275,1562,1568,4512,11,15,3,1,1,1,1,1,1,
dram,bbht_grover_dram,EQ,12345,0,16,1,0x3a85a4dc,0xa3b9aa35,normal,HIT,507,12345,15,23,6,215097,2150,2155,507,15,23,6,1,1,1,1,1,1,
dram,bbht_grover_dram,EQ,12345,0,16,2,0x6162a8b2,0x871c276f,normal,HIT,10593,12345,17,56,7,306124,3061,3066,10593,17,56,7,1,1,1,1,1,1,
dram,bbht_grover_dram,EQ,12345,0,16,3,0xc3adc34e,0xf5b8f22b,normal,HIT,5281,12345,18,56,2,248614,2486,2490,5281,18,56,2,1,1,1,1,1,1,
dram,bbht_grover_dram,EQ,12345,0,16,4,0x2bb073ff,0x3f8396e3,normal,HIT,4512,12345,14,27,0,136747,1367,1372,4512,14,27,0,1,1,1,1,1,1,
dram,bbht_grover_dram,EQ,12345,0,16,5,0xda585ab3,0xa7197ad7,normal,HIT,10839,12345,15,18,0,119079,1190,1195,10839,15,18,0,1,1,1,1,1,1,
dram,bbht_grover_dram,EQ,12345,0,16,6,0x0ed109c0,0x5701ce52,normal,HIT,3947,12345,17,68,0,209450,2094,2098,3947,17,68,0,1,1,1,1,1,1,
dram,bbht_grover_dram,EQ,12345,0,16,7,0x102ecf73,0x53c7612b,normal,HIT,5281,12345,12,25,0,152272,1522,1526,5281,12,25,0,1,1,1,1,1,1,
dram,bbht_grover_dram,EQ,12345,0,16,8,0xcf29b6a1,0x35231a84,normal,HIT,2852,12345,14,32,0,136910,1369,1373,2852,14,32,0,1,1,1,1,1,1,
dram,bbht_grover_dram,EQ,12345,0,16,9,0xc49cbb42,0xd0a3bbb8,normal,HIT,3947,12345,12,20,0,82548,825,831,3947,12,20,0,1,1,1,1,1,1,
dram,bbht_grover_dram,EQ,12345,0,16,10,0x4cc51d23,0xee0e3ab4,normal,HIT,14405,12345,15,35,0,155339,1553,1557,14405,15,35,0,1,1,1,1,1,1,
dram,bbht_grover_dram,EQ,12345,0,16,11,0xf9e8aa7a,0x3208c31a,normal,HIT,1721,12345,17,57,0,191356,1913,1919,1721,17,57,0,1,1,1,1,1,1,
dram,bbht_grover_dram,EQ,12345,0,16,12,0xdda8b051,0xc8105c9d,normal,HIT,5281,12345,16,28,0,173596,1735,1740,5281,16,28,0,1,1,1,1,1,1,
dram,bbht_grover_dram,EQ,12345,0,16,13,0xabfb11bf,0xf5dec75e,normal,HIT,10593,12345,16,43,0,156910,1569,1574,10593,16,43,0,1,1,1,1,1,1,
dram,bbht_grover_dram,EQ,12345,0,16,14,0x20639811,0x6b6a7c47,normal,HIT,4724,12345,19,71,0,212459,2124,2130,4724,19,71,0,1,1,1,1,1,1,
dram,bbht_grover_dram,EQ,12345,0,16,15,0xac72acd2,0xca84bc6c,normal,HIT,14405,12345,21,85,16,533312,5333,5337,14405,21,85,16,1,1,1,1,1,1,
dram,bbht_grover_dram,EQ,12345,0,16,16,0x49a2da79,0xe1376725,normal,HIT,10931,12345,13,30,0,100312,1003,1007,10931,13,30,0,1,1,1,1,1,1,
dram,bbht_grover_dram,EQ,12345,0,16,17,0x63a4e9d7,0x6166dba4,normal,HIT,5281,12345,11,13,0,99255,992,997,5281,11,13,0,1,1,1,1,1,1,
dram,bbht_grover_dram,EQ,12345,0,16,18,0x8983f102,0x43fb6183,normal,HIT,5281,12345,14,27,0,119418,1194,1198,5281,14,27,0,1,1,1,1,1,1,
dram,bbht_grover_dram,EQ,12345,0,16,19,0xb671aa78,0xc97ad8a2,normal,HIT,10931,12345,21,82,0,249220,2492,2497,10931,21,82,0,1,1,1,1,1,1,
dram,bbht_grover_dram,EQ,12345,0,16,20,0xdaeb566a,0x989e5b3d,normal,HIT,10931,12345,17,58,0,193090,1930,1935,10931,17,58,0,1,1,1,1,1,1,
dram,bbht_grover_dram,EQ,12345,0,16,21,0xf6181c00,0xa345ac4b,normal,HIT,7786,12345,19,67,0,193584,1935,1940,7786,19,67,0,1,1,1,1,1,1,
dram,bbht_grover_dram,EQ,12345,0,16,22,0x4e18d852,0xa08980df,normal,HIT,491,12345,15,37,0,189658,1896,1900,491,15,37,0,1,1,1,1,1,1,
dram,bbht_grover_dram,EQ,12345,0,16,23,0xa035ceba,0x611de4c4,normal,HIT,8685,12345,12,21,0,136836,1368,1373,8685,12,21,0,1,1,1,1,1,1,
dram,bbht_grover_dram,EQ,12345,0,16,24,0xc2416ee4,0x7323f479,normal,HIT,7786,12345,16,47,0,226131,2261,2265,7786,16,47,0,1,1,1,1,1,1,
dram,bbht_grover_dram,EQ,12345,0,16,25,0xfbdafbdd,0xa0c0cf2f,normal,HIT,491,12345,9,6,0,78976,789,794,491,9,6,0,1,1,1,1,1,1,
dram,bbht_grover_dram,EQ,12345,0,16,26,0xa43fbf47,0x8de97b10,normal,HIT,4512,12345,15,29,0,136127,1361,1365,4512,15,29,0,1,1,1,1,1,1,
dram,bbht_grover_dram,EQ,12345,0,16,27,0x6811f7c1,0xcb07044a,normal,HIT,3947,12345,14,32,0,136114,1361,1366,3947,14,32,0,1,1,1,1,1,1,
dram,bbht_grover_dram,EQ,12345,0,16,28,0x610dde2c,0x8cf5deb9,normal,HIT,5281,12345,11,17,0,134234,1342,1346,5281,11,17,0,1,1,1,1,1,1,
dram,bbht_grover_dram,EQ,12345,0,16,29,0x82241b87,0xbbe27f39,normal,HIT,7786,12345,14,30,0,118868,1188,1193,7786,14,30,0,1,1,1,1,1,1,
dram,bbht_grover_dram,EQ,12345,0,16,30,0x48647490,0xea9551eb,normal,HIT,3947,12345,15,26,0,137020,1370,1374,3947,15,26,0,1,1,1,1,1,1,
dram,bbht_grover_dram,EQ,12345,0,16,31,0x63df3b7f,0xa8b057e1,normal,HIT,2852,12345,14,35,0,173009,1730,1734,2852,14,35,0,1,1,1,1,1,1,
dram,bbht_grover_dram,EQ,12345,0,16,32,0x433125bb,0x3221fef0,normal,HIT,5281,12345,21,70,0,231228,2312,2317,5281,21,70,0,1,1,1,1,1,1,
dram,bbht_grover_dram,EQ,12345,0,16,33,0x7943be40,0x6641ee79,normal,HIT,491,12345,13,23,0,117334,1173,1178,491,13,23,0,1,1,1,1,1,1,
dram,bbht_grover_dram,EQ,12345,0,16,34,0x26c93252,0x675d2908,normal,HIT,8685,12345,11,17,0,133954,1339,1343,8685,11,17,0,1,1,1,1,1,1,
dram,bbht_grover_dram,EQ,12345,0,16,35,0xdbe3ed49,0xa7cfea56,normal,HIT,10593,12345,15,30,0,121452,1214,1219,10593,15,30,0,1,1,1,1,1,1,
dram,bbht_grover_dram,EQ,12345,0,16,36,0xc2ec9bb4,0xbfc0ae9e,normal,HIT,10931,12345,7,5,0,42480,424,429,10931,7,5,0,1,1,1,1,1,1,
dram,bbht_grover_dram,EQ,12345,0,16,37,0xe7ec8559,0x307064ac,normal,HIT,491,12345,2,1,0,19515,195,199,491,2,1,0,1,1,1,1,1,1,
dram,bbht_grover_dram,EQ,12345,0,16,38,0xccb88b54,0x2cf00158,normal,HIT,15288,12345,15,40,0,191475,1914,1920,15288,15,40,0,1,1,1,1,1,1,
dram,bbht_grover_dram,EQ,12345,0,16,39,0xb512e6a4,0x2b9e708c,normal,HIT,15288,12345,18,71,0,212513,2125,2129,15288,18,71,0,1,1,1,1,1,1,
dram,bbht_grover_dram,EQ,12345,0,16,40,0x7e2c3d82,0xa69fb195,normal,HIT,507,12345,18,48,0,210166,2101,2106,507,18,48,0,1,1,1,1,1,1,
dram,bbht_grover_dram,EQ,12345,0,16,41,0x58b3e5ad,0x23a21253,normal,HIT,491,12345,14,29,0,154658,1546,1551,491,14,29,0,1,1,1,1,1,1,
dram,bbht_grover_dram,EQ,12345,0,16,42,0x9a07c40b,0x3ea78d8c,normal,HIT,4512,12345,17,57,0,193083,1930,1935,4512,17,57,0,1,1,1,1,1,1,
dram,bbht_grover_dram,EQ,12345,0,16,43,0xf1f9a54b,0x7b00db61,normal,HIT,10839,12345,8,6,0,79002,790,794,10839,8,6,0,1,1,1,1,1,1,
dram,bbht_grover_dram,EQ,12345,0,16,44,0xfba6212d,0xb8b8356a,normal,HIT,2852,12345,20,93,0,246983,2469,2474,2852,20,93,0,1,1,1,1,1,1,
dram,bbht_grover_dram,EQ,12345,0,16,45,0x1ca60615,0xd753b84a,normal,HIT,7786,12345,12,21,0,134785,1347,1352,7786,12,21,0,1,1,1,1,1,1,
dram,bbht_grover_dram,EQ,12345,0,16,46,0xa085c93e,0x19b8504d,normal,HIT,5281,12345,18,68,0,211392,2113,2118,5281,18,68,0,1,1,1,1,1,1,
dram,bbht_grover_dram,EQ,12345,0,16,47,0x18190603,0xad0438b2,normal,HIT,1801,12345,15,30,0,154597,1545,1551,1801,15,30,0,1,1,1,1,1,1,
dram,bbht_grover_dram,EQ,12345,0,16,48,0xc1143c78,0xbbdab3cd,normal,HIT,15288,12345,13,13,0,84399,843,848,15288,13,13,0,1,1,1,1,1,1,
dram,bbht_grover_dram,EQ,12345,0,16,49,0x332063fc,0x222ba57c,normal,HIT,15288,12345,16,44,0,139949,1399,1403,15288,16,44,0,1,1,1,1,1,1,
dram,bbht_grover_dram,EQ,12345,0,16,50,0xd6f4066b,0xab9eb714,normal,HIT,8685,12345,18,48,0,175362,1753,1759,8685,18,48,0,1,1,1,1,1,1,
dram,bbht_grover_dram,EQ,12345,0,16,51,0x64b9628c,0x9cd8b518,normal,HIT,10931,12345,16,43,0,226190,2261,2267,10931,16,43,0,1,1,1,1,1,1,
dram,bbht_grover_dram,EQ,12345,0,16,52,0x894e6771,0x8a255c2e,normal,HIT,10931,12345,16,43,0,192544,1925,1930,10931,16,43,0,1,1,1,1,1,1,
dram,bbht_grover_dram,EQ,12345,0,16,53,0xe3e668e8,0xff1f20c3,normal,HIT,1801,12345,17,33,0,211003,2110,2115,1801,17,33,0,1,1,1,1,1,1,
dram,bbht_grover_dram,EQ,12345,0,16,54,0x36980406,0xfbdbfa61,normal,HIT,5281,12345,22,121,0,302610,3026,3031,5281,22,121,0,1,1,1,1,1,1,
dram,bbht_grover_dram,EQ,12345,0,16,55,0x114d2b4a,0xa617ad4e,normal,HIT,10931,12345,16,33,0,227124,2271,2275,10931,16,33,0,1,1,1,1,1,1,
dram,bbht_grover_dram,EQ,12345,0,16,56,0x3b8907e1,0x0c6cbd10,normal,HIT,10931,12345,10,10,0,80736,807,812,10931,10,10,0,1,1,1,1,1,1,
dram,bbht_grover_dram,EQ,12345,0,16,57,0x2cd09c1d,0x964fb1a7,normal,HIT,7786,12345,17,61,0,155459,1554,1558,7786,17,61,0,1,1,1,1,1,1,
dram,bbht_grover_dram,EQ,12345,0,16,58,0x6d7a8604,0xbd6f99c6,normal,HIT,1721,12345,15,37,0,191564,1915,1920,1721,15,37,0,1,1,1,1,1,1,
dram,bbht_grover_dram,EQ,12345,0,16,59,0x1fadaf42,0x60010aa3,normal,HIT,7786,12345,16,49,0,192259,1922,1927,7786,16,49,0,1,1,1,1,1,1,
dram,bbht_grover_dram,EQ,12345,0,16,60,0x92fe7cfd,0xb54e2773,normal,HIT,7786,12345,18,84,0,245931,2459,2464,7786,18,84,0,1,1,1,1,1,1,
dram,bbht_grover_dram,EQ,12345,0,16,61,0x1aecb060,0x9c545eba,normal,HIT,14405,12345,21,83,0,285365,2853,2858,14405,21,83,0,1,1,1,1,1,1,
dram,bbht_grover_dram,EQ,12345,0,16,62,0x91778cc3,0xbd1d1bc0,normal,HIT,491,12345,19,77,0,229462,2294,2299,491,19,77,0,1,1,1,1,1,1,
dram,bbht_grover_dram,EQ,12345,0,16,63,0xe6b7e7eb,0xd542988e,normal,HIT,7786,12345,16,42,0,209496,2094,2099,7786,16,42,0,1,1,1,1,1,1,
dram,bbht_grover_dram,EQ,12345,0,16,64,0x6770144c,0xd2d3c6e7,normal,HIT,10931,12345,16,32,0,155130,1551,1556,10931,16,32,0,1,1,1,1,1,1,
dram,bbht_grover_dram,EQ,12345,0,16,65,0xc600a248,0x0a1e0844,normal,HIT,10839,12345,21,67,0,213857,2138,2144,10839,21,67,0,1,1,1,1,1,1,
dram,bbht_grover_dram,EQ,12345,0,16,66,0x1ea4f830,0x2ef0f28e,normal,HIT,491,12345,15,45,0,136858,1368,1373,491,15,45,0,1,1,1,1,1,1,
dram,bbht_grover_dram,EQ,12345,0,16,67,0x639604f3,0x7fe04f83,normal,HIT,8685,12345,16,30,0,174084,1740,1745,8685,16,30,0,1,1,1,1,1,1,
dram,bbht_grover_dram,EQ,12345,0,16,68,0x6e084a84,0xb643b17e,normal,HIT,3947,12345,21,81,0,214302,2143,2147,3947,21,81,0,1,1,1,1,1,1,
dram,bbht_grover_dram,EQ,12345,0,16,69,0x3d7fc476,0x467d7a44,normal,HIT,5281,12345,17,36,0,192178,1921,1926,5281,17,36,0,1,1,1,1,1,1,
dram,bbht_grover_dram,EQ,12345,0,16,70,0xedca3875,0xefade11e,normal,HIT,2852,12345,4,3,0,21178,211,215,2852,4,3,0,1,1,1,1,1,1,
dram,bbht_grover_dram,EQ,12345,0,16,71,0xb883121d,0x095c678c,normal,HIT,2852,12345,16,27,0,174815,1748,1753,2852,16,27,0,1,1,1,1,1,1,
dram,bbht_grover_dram,EQ,12345,0,16,72,0xace22797,0xbc422a9a,normal,HIT,491,12345,12,15,0,116776,1167,1172,491,12,15,0,1,1,1,1,1,1,
dram,bbht_grover_dram,EQ,12345,0,16,73,0xefd3172d,0x8c2c3233,normal,HIT,1721,12345,17,35,0,176186,1761,1766,1721,17,35,0,1,1,1,1,1,1,
dram,bbht_grover_dram,EQ,12345,0,16,74,0xe6aacdb5,0x7f1c158a,normal,HIT,10593,12345,10,15,0,97330,973,977,10593,10,15,0,1,1,1,1,1,1,
dram,bbht_grover_dram,EQ,12345,0,16,75,0x6566c598,0xca804b00,normal,HIT,15288,12345,14,31,0,137017,1370,1375,15288,14,31,0,1,1,1,1,1,1,
dram,bbht_grover_dram,EQ,12345,0,16,76,0x4e646d9d,0xcbae5ac0,normal,HIT,2852,12345,10,13,0,115235,1152,1157,2852,10,13,0,1,1,1,1,1,1,
dram,bbht_grover_dram,EQ,12345,0,16,77,0x05d81d6f,0x260c4013,normal,HIT,8685,12345,15,31,0,172036,1720,1725,8685,15,31,0,1,1,1,1,1,1,
dram,bbht_grover_dram,EQ,12345,0,16,78,0x2018f6a3,0x5728c7f4,normal,HIT,15288,12345,17,41,0,210341,2103,2108,15288,17,41,0,1,1,1,1,1,1,
dram,bbht_grover_dram,EQ,12345,0,16,79,0x718ebf0c,0x4d7d460c,normal,HIT,491,12345,16,43,0,209360,2093,2098,491,16,43,0,1,1,1,1,1,1,
dram,bbht_grover_dram,EQ,12345,0,16,80,0x042a8f17,0x2093b3f4,normal,HIT,491,12345,12,16,0,134404,1344,1348,491,12,16,0,1,1,1,1,1,1,
dram,bbht_grover_dram,EQ,12345,0,16,81,0xfc1c775d,0x35bd20f1,normal,HIT,8685,12345,9,12,0,79008,790,794,8685,9,12,0,1,1,1,1,1,1,
dram,bbht_grover_dram,EQ,12345,0,16,82,0x16b93b63,0x7d609ba5,normal,HIT,8685,12345,12,18,0,82190,821,826,8685,12,18,0,1,1,1,1,1,1,
dram,bbht_grover_dram,EQ,12345,0,16,83,0x8ce1028e,0xb152e7ef,normal,HIT,2852,12345,10,12,0,81281,812,818,2852,10,12,0,1,1,1,1,1,1,
dram,bbht_grover_dram,EQ,12345,0,16,84,0x87bad980,0x7dbefa97,normal,HIT,7786,12345,18,66,0,228214,2282,2287,7786,18,66,0,1,1,1,1,1,1,
dram,bbht_grover_dram,EQ,12345,0,16,85,0xd63d86f3,0xf5399cca,normal,HIT,2852,12345,18,44,0,211377,2113,2118,2852,18,44,0,1,1,1,1,1,1,
dram,bbht_grover_dram,EQ,12345,0,16,86,0xeeaba102,0x01560fc0,normal,HIT,7786,12345,15,36,0,191139,1911,1916,7786,15,36,0,1,1,1,1,1,1,
dram,bbht_grover_dram,EQ,12345,0,16,87,0xc1fee4bb,0xc7e12d58,normal,HIT,7786,12345,16,46,0,174169,1741,1745,7786,16,46,0,1,1,1,1,1,1,
dram,bbht_grover_dram,EQ,12345,0,16,88,0x0707c9da,0xf644a3f9,normal,HIT,10593,12345,16,48,0,173022,1730,1735,10593,16,48,0,1,1,1,1,1,1,
dram,bbht_grover_dram,EQ,12345,0,16,89,0xde0d9c30,0x58a2ee8f,normal,HIT,5281,12345,14,27,0,119786,1197,1203,5281,14,27,0,1,1,1,1,1,1,
dram,bbht_grover_dram,EQ,12345,0,16,90,0x7cd0efc7,0x9f385cfb,normal,HIT,5281,12345,18,54,0,177720,1777,1782,5281,18,54,0,1,1,1,1,1,1,
dram,bbht_grover_dram,EQ,12345,0,16,91,0xe4cb50a6,0x94d13729,normal,HIT,10931,12345,17,53,0,175574,1755,1759,10931,17,53,0,1,1,1,1,1,1,
dram,bbht_grover_dram,EQ,12345,0,16,92,0xa0882219,0x18f75d24,normal,HIT,507,12345,20,86,0,247678,2476,2481,507,20,86,0,1,1,1,1,1,1,
dram,bbht_grover_dram,EQ,12345,0,16,93,0xc435e6f2,0xf75a52bc,normal,HIT,5281,12345,15,45,0,137106,1371,1376,5281,15,45,0,1,1,1,1,1,1,
dram,bbht_grover_dram,EQ,12345,0,16,94,0x011b63f0,0x0aa34346,normal,HIT,1721,12345,17,40,0,192168,1921,1926,1721,17,40,0,1,1,1,1,1,1,
dram,bbht_grover_dram,EQ,12345,0,16,95,0x1b456e77,0xee460f94,normal,HIT,4724,12345,10,12,0,98079,980,985,4724,10,12,0,1,1,1,1,1,1,
dram,bbht_grover_dram,EQ,12345,0,16,96,0x10088608,0xef418331,normal,HIT,4724,12345,17,42,0,156249,1562,1567,4724,17,42,0,1,1,1,1,1,1,
dram,bbht_grover_dram,EQ,12345,0,16,97,0x6fcfc352,0xf8fa9f4c,normal,HIT,1801,12345,16,33,0,156231,1562,1566,1801,16,33,0,1,1,1,1,1,1,
dram,bbht_grover_dram,EQ,12345,0,16,98,0xfb6077af,0x713595a9,normal,HIT,1801,12345,13,20,0,153179,1531,1535,1801,13,20,0,1,1,1,1,1,1,
dram,bbht_grover_dram,EQ,12345,0,16,99,0xc6ebb72e,0x08fdf109,normal,HIT,15288,12345,21,101,0,249385,2493,2498,15288,21,101,0,1,1,1,1,1,1,
dram,bbht_grover_dram,EQ,12345,0,64,0,0x7b1dcdaf,0x24370df2,normal,HIT,2852,12345,6,4,2,79713,797,802,2852,6,4,2,1,1,1,1,1,1,
dram,bbht_grover_dram,EQ,12345,0,64,1,0x3a85a4dc,0xa3b9aa35,normal,HIT,8685,12345,13,14,3,121374,1213,1218,8685,13,14,3,1,1,1,1,1,1,
dram,bbht_grover_dram,EQ,12345,0,64,2,0x6162a8b2,0x871c276f,normal,HIT,8089,12345,7,3,0,42019,420,424,8089,7,3,0,1,1,1,1,1,1,
dram,bbht_grover_dram,EQ,12345,0,64,3,0xc3adc34e,0xf5b8f22b,normal,HIT,4876,12345,13,19,0,118628,1186,1192,4876,13,19,0,1,1,1,1,1,1,
dram,bbht_grover_dram,EQ,12345,0,64,4,0x2bb073ff,0x3f8396e3,normal,HIT,4720,12345,8,4,0,43207,432,437,4720,8,4,0,1,1,1,1,1,1,
dram,bbht_grover_dram,EQ,12345,0,64,5,0xda585ab3,0xa7197ad7,normal,HIT,4876,12345,18,40,6,269979,2699,2704,4876,18,40,6,1,1,1,1,1,1,
dram,bbht_grover_dram,EQ,12345,0,64,6,0x0ed109c0,0x5701ce52,normal,HIT,7786,12345,12,24,0,117215,1172,1177,7786,12,24,0,1,1,1,1,1,1,
dram,bbht_grover_dram,EQ,12345,0,64,7,0x102ecf73,0x53c7612b,normal,HIT,1801,12345,12,25,0,151800,1518,1523,1801,12,25,0,1,1,1,1,1,1,
dram,bbht_grover_dram,EQ,12345,0,64,8,0xcf29b6a1,0x35231a84,normal,HIT,3304,12345,11,13,0,98985,989,994,3304,11,13,0,1,1,1,1,1,1,
dram,bbht_grover_dram,EQ,12345,0,64,9,0xc49cbb42,0xd0a3bbb8,normal,HIT,12001,12345,1,0,0,1446,14,19,12001,1,0,0,1,1,1,1,1,1,
dram,bbht_grover_dram,EQ,12345,0,64,10,0x4cc51d23,0xee0e3ab4,normal,HIT,8685,12345,5,4,0,39856,398,402,8685,5,4,0,1,1,1,1,1,1,
dram,bbht_grover_dram,EQ,12345,0,64,11,0xf9e8aa7a,0x3208c31a,normal,HIT,682,12345,12,19,0,117023,1170,1175,682,12,19,0,1,1,1,1,1,1,
dram,bbht_grover_dram,EQ,12345,0,64,12,0xdda8b051,0xc8105c9d,normal,HIT,26,12345,14,20,0,136756,1367,1371,26,14,20,0,1,1,1,1,1,1,
dram,bbht_grover_dram,EQ,12345,0,64,13,0xabfb11bf,0xf5dec75e,normal,HIT,9302,12345,11,17,0,98848,988,993,9302,11,17,0,1,1,1,1,1,1,
dram,bbht_grover_dram,EQ,12345,0,64,14,0x20639811,0x6b6a7c47,normal,HIT,14567,12345,12,19,0,99878,998,1003,14567,12,19,0,1,1,1,1,1,1,
dram,bbht_grover_dram,EQ,12345,0,64,15,0xac72acd2,0xca84bc6c,normal,HIT,7400,12345,10,7,0,62407,624,628,7400,10,7,0,1,1,1,1,1,1,
dram,bbht_grover_dram,EQ,12345,0,64,16,0x49a2da79,0xe1376725,normal,HIT,10839,12345,13,30,0,100219,1002,1007,10839,13,30,0,1,1,1,1,1,1,
dram,bbht_grover_dram,EQ,12345,0,64,17,0x63a4e9d7,0x6166dba4,normal,HIT,6247,12345,7,6,0,60082,600,605,6247,7,6,0,1,1,1,1,1,1,
dram,bbht_grover_dram,EQ,12345,0,64,18,0x8983f102,0x43fb6183,normal,HIT,14542,12345,9,8,0,61928,619,624,14542,9,8,0,1,1,1,1,1,1,
dram,bbht_grover_dram,EQ,12345,0,64,19,0xb671aa78,0xc97ad8a2,normal,HIT,4724,12345,11,16,0,98985,989,994,4724,11,16,0,1,1,1,1,1,1,
dram,bbht_grover_dram,EQ,12345,0,64,20,0xdaeb566a,0x989e5b3d,normal,HIT,14542,12345,13,20,0,118714,1187,1192,14542,13,20,0,1,1,1,1,1,1,
dram,bbht_grover_dram,EQ,12345,0,64,21,0xf6181c00,0xa345ac4b,normal,HIT,11647,12345,13,18,0,99758,997,1002,11647,13,18,0,1,1,1,1,1,1,
dram,bbht_grover_dram,EQ,12345,0,64,22,0x4e18d852,0xa08980df,normal,HIT,4724,12345,8,6,0,59977,599,604,4724,8,6,0,1,1,1,1,1,1,
dram,bbht_grover_dram,EQ,12345,0,64,23,0xa035ceba,0x611de4c4,normal,HIT,16090,12345,10,13,0,99482,994,1000,16090,10,13,0,1,1,1,1,1,1,
dram,bbht_grover_dram,EQ,12345,0,64,24,0xc2416ee4,0x7323f479,normal,HIT,2888,12345,3,2,0,20292,202,207,2888,3,2,0,1,1,1,1,1,1,
dram,bbht_grover_dram,EQ,12345,0,64,25,0xfbdafbdd,0xa0c0cf2f,normal,HIT,3073,12345,6,3,0,40883,408,413,3073,6,3,0,1,1,1,1,1,1,
dram,bbht_grover_dram,EQ,12345,0,64,26,0xa43fbf47,0x8de97b10,normal,HIT,8225,12345,12,13,0,98694,986,991,8225,12,13,0,1,1,1,1,1,1,
dram,bbht_grover_dram,EQ,12345,0,64,27,0x6811f7c1,0xcb07044a,normal,HIT,173,12345,10,11,0,79818,798,802,173,10,11,0,1,1,1,1,1,1,
dram,bbht_grover_dram,EQ,12345,0,64,28,0x610dde2c,0x8cf5deb9,normal,HIT,10593,12345,10,14,0,115808,1158,1163,10593,10,14,0,1,1,1,1,1,1,
dram,bbht_grover_dram,EQ,12345,0,64,29,0x82241b87,0xbbe27f39,normal,HIT,14542,12345,7,6,0,60485,604,609,14542,7,6,0,1,1,1,1,1,1,
dram,bbht_grover_dram,EQ,12345,0,64,30,0x48647490,0xea9551eb,normal,HIT,3903,12345,11,11,0,80348,803,807,3903,11,11,0,1,1,1,1,1,1,
dram,bbht_grover_dram,EQ,12345,0,64,31,0x63df3b7f,0xa8b057e1,normal,HIT,160,12345,11,19,0,134651,1346,1351,160,11,19,0,1,1,1,1,1,1,
dram,bbht_grover_dram,EQ,12345,0,64,32,0x433125bb,0x3221fef0,normal,HIT,4720,12345,2,1,0,19965,199,205,4720,2,1,0,1,1,1,1,1,1,
dram,bbht_grover_dram,EQ,12345,0,64,33,0x7943be40,0x6641ee79,normal,HIT,160,12345,4,1,0,21433,214,218,160,4,1,0,1,1,1,1,1,1,
dram,bbht_grover_dram,EQ,12345,0,64,34,0x26c93252,0x675d2908,normal,HIT,6247,12345,10,13,0,115778,1157,1162,6247,10,13,0,1,1,1,1,1,1,
dram,bbht_grover_dram,EQ,12345,0,64,35,0xdbe3ed49,0xa7cfea56,normal,HIT,7400,12345,13,18,0,101357,1013,1019,7400,13,18,0,1,1,1,1,1,1,
dram,bbht_grover_dram,EQ,12345,0,64,36,0xc2ec9bb4,0xbfc0ae9e,normal,HIT,5531,12345,14,23,0,119895,1198,1203,5531,14,23,0,1,1,1,1,1,1,
dram,bbht_grover_dram,EQ,12345,0,64,37,0xe7ec8559,0x307064ac,normal,HIT,8225,12345,16,28,0,209730,2097,2102,8225,16,28,0,1,1,1,1,1,1,
dram,bbht_grover_dram,EQ,12345,0,64,38,0xccb88b54,0x2cf00158,normal,HIT,10931,12345,10,17,0,133856,1338,1344,10931,10,17,0,1,1,1,1,1,1,
dram,bbht_grover_dram,EQ,12345,0,64,39,0xb512e6a4,0x2b9e708c,normal,HIT,2888,12345,11,13,0,117552,1175,1180,2888,11,13,0,1,1,1,1,1,1,
dram,bbht_grover_dram,EQ,12345,0,64,40,0x7e2c3d82,0xa69fb195,normal,HIT,11272,12345,10,9,0,79976,799,804,11272,10,9,0,1,1,1,1,1,1,
dram,bbht_grover_dram,EQ,12345,0,64,41,0x58b3e5ad,0x23a21253,normal,HIT,4512,12345,6,5,0,76429,764,768,4512,6,5,0,1,1,1,1,1,1,
dram,bbht_grover_dram,EQ,12345,0,64,42,0x9a07c40b,0x3ea78d8c,normal,HIT,507,12345,10,8,0,80510,805,810,507,10,8,0,1,1,1,1,1,1,
dram,bbht_grover_dram,EQ,12345,0,64,43,0xf1f9a54b,0x7b00db61,normal,HIT,11272,12345,10,12,0,116262,1162,1167,11272,10,12,0,1,1,1,1,1,1,
dram,bbht_grover_dram,EQ,12345,0,64,44,0xfba6212d,0xb8b8356a,normal,HIT,7400,12345,11,8,0,98662,986,992,7400,11,8,0,1,1,1,1,1,1,
dram,bbht_grover_dram,EQ,12345,0,64,45,0x1ca60615,0xd753b84a,normal,HIT,7786,12345,11,14,0,115787,1157,1162,7786,11,14,0,1,1,1,1,1,1,
dram,bbht_grover_dram,EQ,12345,0,64,46,0xa085c93e,0x19b8504d,normal,HIT,6247,12345,9,10,0,78996,789,795,6247,9,10,0,1,1,1,1,1,1,
dram,bbht_grover_dram,EQ,12345,0,64,47,0x18190603,0xad0438b2,normal,HIT,5200,12345,15,30,1,173565,1735,1741,5200,15,30,1,1,1,1,1,1,1,
dram,bbht_grover_dram,EQ,12345,0,64,48,0xc1143c78,0xbbdab3cd,normal,HIT,15288,12345,13,13,0,84369,843,848,15288,13,13,0,1,1,1,1,1,1,
dram,bbht_grover_dram,EQ,12345,0,64,49,0x332063fc,0x222ba57c,normal,HIT,10234,12345,11,11,0,82227,822,827,10234,11,11,0,1,1,1,1,1,1,
dram,bbht_grover_dram,EQ,12345,0,64,50,0xd6f4066b,0xab9eb714,normal,HIT,1038,12345,16,32,0,138136,1381,1385,1038,16,32,0,1,1,1,1,1,1,
dram,bbht_grover_dram,EQ,12345,0,64,51,0x64b9628c,0x9cd8b518,normal,HIT,14405,12345,8,10,0,95739,957,962,14405,8,10,0,1,1,1,1,1,1,
dram,bbht_grover_dram,EQ,12345,0,64,52,0x894e6771,0x8a255c2e,normal,HIT,16090,12345,16,43,3,249296,2492,2497,16090,16,43,3,1,1,1,1,1,1,
dram,bbht_grover_dram,EQ,12345,0,64,53,0xe3e668e8,0xff1f20c3,normal,HIT,15469,12345,13,21,0,154020,1540,1545,15469,13,21,0,1,1,1,1,1,1,
dram,bbht_grover_dram,EQ,12345,0,64,54,0x36980406,0xfbdbfa61,normal,HIT,14405,12345,9,13,0,96607,966,971,14405,9,13,0,1,1,1,1,1,1,
dram,bbht_grover_dram,EQ,12345,0,64,55,0x114d2b4a,0xa617ad4e,normal,HIT,11647,12345,2,1,0,20164,201,206,11647,2,1,0,1,1,1,1,1,1,
dram,bbht_grover_dram,EQ,12345,0,64,56,0x3b8907e1,0x0c6cbd10,normal,HIT,7786,12345,7,4,0,42271,422,427,7786,7,4,0,1,1,1,1,1,1,
dram,bbht_grover_dram,EQ,12345,0,64,57,0x2cd09c1d,0x964fb1a7,normal,HIT,3876,12345,12,15,0,62957,629,634,3876,12,15,0,1,1,1,1,1,1,
dram,bbht_grover_dram,EQ,12345,0,64,58,0x6d7a8604,0xbd6f99c6,normal,HIT,8225,12345,5,4,0,40734,407,412,8225,5,4,0,1,1,1,1,1,1,
dram,bbht_grover_dram,EQ,12345,0,64,59,0x1fadaf42,0x60010aa3,normal,HIT,8225,12345,11,14,0,117426,1174,1178,8225,11,14,0,1,1,1,1,1,1,
dram,bbht_grover_dram,EQ,12345,0,64,60,0x92fe7cfd,0xb54e2773,normal,HIT,3903,12345,2,1,0,19725,197,202,3903,2,1,0,1,1,1,1,1,1,
dram,bbht_grover_dram,EQ,12345,0,64,61,0x1aecb060,0x9c545eba,normal,HIT,13012,12345,10,13,0,115708,1157,1162,13012,10,13,0,1,1,1,1,1,1,
dram,bbht_grover_dram,EQ,12345,0,64,62,0x91778cc3,0xbd1d1bc0,normal,HIT,15288,12345,5,4,0,40425,404,410,15288,5,4,0,1,1,1,1,1,1,
dram,bbht_grover_dram,EQ,12345,0,64,63,0xe6b7e7eb,0xd542988e,normal,HIT,14567,12345,10,11,0,97396,973,979,14567,10,11,0,1,1,1,1,1,1,
dram,bbht_grover_dram,EQ,12345,0,64,64,0x6770144c,0xd2d3c6e7,normal,HIT,1801,12345,10,10,0,62235,622,627,1801,10,10,0,1,1,1,1,1,1,
dram,bbht_grover_dram,EQ,12345,0,64,65,0xc600a248,0x0a1e0844,normal,HIT,26,12345,15,28,0,137302,1373,1377,26,15,28,0,1,1,1,1,1,1,
dram,bbht_grover_dram,EQ,12345,0,64,66,0x1ea4f830,0x2ef0f28e,normal,HIT,9302,12345,13,26,0,100018,1000,1005,9302,13,26,0,1,1,1,1,1,1,
dram,bbht_grover_dram,EQ,12345,0,64,67,0x639604f3,0x7fe04f83,normal,HIT,682,12345,11,15,0,98699,986,992,682,11,15,0,1,1,1,1,1,1,
dram,bbht_grover_dram,EQ,12345,0,64,68,0x6e084a84,0xb643b17e,normal,HIT,1825,12345,12,24,0,99530,995,1000,1825,12,24,0,1,1,1,1,1,1,
dram,bbht_grover_dram,EQ,12345,0,64,69,0x3d7fc476,0x467d7a44,normal,HIT,8225,12345,15,23,0,155336,1553,1557,8225,15,23,0,1,1,1,1,1,1,
dram,bbht_grover_dram,EQ,12345,0,64,70,0xedca3875,0xefade11e,normal,HIT,5531,12345,15,40,0,189798,1897,1903,5531,15,40,0,1,1,1,1,1,1,
dram,bbht_grover_dram,EQ,12345,0,64,71,0xb883121d,0x095c678c,normal,HIT,2852,12345,16,27,0,174781,1747,1752,2852,16,27,0,1,1,1,1,1,1,
dram,bbht_grover_dram,EQ,12345,0,64,72,0xace22797,0xbc422a9a,normal,HIT,13048,12345,13,20,0,135401,1354,1359,13048,13,20,0,1,1,1,1,1,1,
dram,bbht_grover_dram,EQ,12345,0,64,73,0xefd3172d,0x8c2c3233,normal,HIT,701,12345,17,35,0,176143,1761,1765,701,17,35,0,1,1,1,1,1,1,
dram,bbht_grover_dram,EQ,12345,0,64,74,0xe6aacdb5,0x7f1c158a,normal,HIT,507,12345,16,48,0,155624,1556,1561,507,16,48,0,1,1,1,1,1,1,
dram,bbht_grover_dram,EQ,12345,0,64,75,0x6566c598,0xca804b00,normal,HIT,10812,12345,7,5,0,42525,425,430,10812,7,5,0,1,1,1,1,1,1,
dram,bbht_grover_dram,EQ,12345,0,64,76,0x4e646d9d,0xcbae5ac0,normal,HIT,1801,12345,15,36,0,190794,1907,1911,1801,15,36,0,1,1,1,1,1,1,
dram,bbht_grover_dram,EQ,12345,0,64,77,0x05d81d6f,0x260c4013,normal,HIT,701,12345,8,8,0,77776,777,782,701,8,8,0,1,1,1,1,1,1,
dram,bbht_grover_dram,EQ,12345,0,64,78,0x2018f6a3,0x5728c7f4,normal,HIT,5281,12345,6,5,0,59110,591,596,5281,6,5,0,1,1,1,1,1,1,
dram,bbht_grover_dram,EQ,12345,0,64,79,0x718ebf0c,0x4d7d460c,normal,HIT,8089,12345,16,43,0,209269,2092,2098,8089,16,43,0,1,1,1,1,1,1,
dram,bbht_grover_dram,EQ,12345,0,64,80,0x042a8f17,0x2093b3f4,normal,HIT,8799,12345,8,4,0,60303,603,608,8799,8,4,0,1,1,1,1,1,1,
dram,bbht_grover_dram,EQ,12345,0,64,81,0xfc1c775d,0x35bd20f1,normal,HIT,7786,12345,7,6,0,59473,594,599,7786,7,6,0,1,1,1,1,1,1,
dram,bbht_grover_dram,EQ,12345,0,64,82,0x16b93b63,0x7d609ba5,normal,HIT,10234,12345,11,15,0,63639,636,641,10234,11,15,0,1,1,1,1,1,1,
dram,bbht_grover_dram,EQ,12345,0,64,83,0x8ce1028e,0xb152e7ef,normal,HIT,5270,12345,14,23,0,138692,1386,1391,5270,14,23,0,1,1,1,1,1,1,
dram,bbht_grover_dram,EQ,12345,0,64,84,0x87bad980,0x7dbefa97,normal,HIT,14494,12345,3,1,0,20820,208,212,14494,3,1,0,1,1,1,1,1,1,
dram,bbht_grover_dram,EQ,12345,0,64,85,0xd63d86f3,0xf5399cca,normal,HIT,5200,12345,10,13,0,80203,802,806,5200,10,13,0,1,1,1,1,1,1,
dram,bbht_grover_dram,EQ,12345,0,64,86,0xeeaba102,0x01560fc0,normal,HIT,586,12345,12,19,0,135310,1353,1358,586,12,19,0,1,1,1,1,1,1,
dram,bbht_grover_dram,EQ,12345,0,64,87,0xc1fee4bb,0xc7e12d58,normal,HIT,10593,12345,13,23,0,118588,1185,1190,10593,13,23,0,1,1,1,1,1,1,
dram,bbht_grover_dram,EQ,12345,0,64,88,0x0707c9da,0xf644a3f9,normal,HIT,7786,12345,13,25,0,117793,1177,1182,7786,13,25,0,1,1,1,1,1,1,
dram,bbht_grover_dram,EQ,12345,0,64,89,0xde0d9c30,0x58a2ee8f,normal,HIT,10931,12345,10,13,0,63168,631,635,10931,10,13,0,1,1,1,1,1,1,
dram,bbht_grover_dram,EQ,12345,0,64,90,0x7cd0efc7,0x9f385cfb,normal,HIT,16090,12345,13,12,0,102046,1020,1025,16090,13,12,0,1,1,1,1,1,1,
dram,bbht_grover_dram,EQ,12345,0,64,91,0xe4cb50a6,0x94d13729,normal,HIT,13048,12345,14,18,0,120377,1203,1208,13048,14,18,0,1,1,1,1,1,1,
dram,bbht_grover_dram,EQ,12345,0,64,92,0xa0882219,0x18f75d24,normal,HIT,5341,12345,3,1,0,20919,209,213,5341,3,1,0,1,1,1,1,1,1,
dram,bbht_grover_dram,EQ,12345,0,64,93,0xc435e6f2,0xf75a52bc,normal,HIT,13012,12345,10,14,0,62162,621,626,13012,10,14,0,1,1,1,1,1,1,
dram,bbht_grover_dram,EQ,12345,0,64,94,0x011b63f0,0x0aa34346,normal,HIT,507,12345,13,21,0,118164,1181,1186,507,13,21,0,1,1,1,1,1,1,
dram,bbht_grover_dram,EQ,12345,0,64,95,0x1b456e77,0xee460f94,normal,HIT,507,12345,20,75,3,286682,2866,2871,507,20,75,3,1,1,1,1,1,1,
dram,bbht_grover_dram,EQ,12345,0,64,96,0x10088608,0xef418331,normal,HIT,13012,12345,14,21,0,118670,1186,1192,13012,14,21,0,1,1,1,1,1,1,
dram,bbht_grover_dram,EQ,12345,0,64,97,0x6fcfc352,0xf8fa9f4c,normal,HIT,1801,12345,16,33,0,156221,1562,1566,1801,16,33,0,1,1,1,1,1,1,
dram,bbht_grover_dram,EQ,12345,0,64,98,0xfb6077af,0x713595a9,normal,HIT,491,12345,10,7,0,98058,980,985,491,10,7,0,1,1,1,1,1,1,
dram,bbht_grover_dram,EQ,12345,0,64,99,0xc6ebb72e,0x08fdf109,normal,HIT,5531,12345,6,4,0,58841,588,592,5531,6,4,0,1,1,1,1,1,1,
dram,bbht_grover_dram,EQ,12345,0,256,0,0x7b1dcdaf,0x24370df2,normal,HIT,15288,12345,8,7,3,118421,1184,1189,15288,8,7,3,1,1,1,1,1,1,
dram,bbht_grover_dram,EQ,12345,0,256,1,0x3a85a4dc,0xa3b9aa35,normal,HIT,5849,12345,5,2,0,22423,224,229,5849,5,2,0,1,1,1,1,1,1,
dram,bbht_grover_dram,EQ,12345,0,256,2,0x6162a8b2,0x871c276f,normal,HIT,8081,12345,7,3,0,42017,420,424,8081,7,3,0,1,1,1,1,1,1,
dram,bbht_grover_dram,EQ,12345,0,256,3,0xc3adc34e,0xf5b8f22b,normal,HIT,16060,12345,9,8,1,80400,804,808,16060,9,8,1,1,1,1,1,1,1,
dram,bbht_grover_dram,EQ,12345,0,256,4,0x2bb073ff,0x3f8396e3,normal,HIT,12680,12345,12,17,3,156398,1563,1569,12680,12,17,3,1,1,1,1,1,1,
dram,bbht_grover_dram,EQ,12345,0,256,5,0xda585ab3,0xa7197ad7,normal,HIT,7233,12345,10,5,0,44477,444,449,7233,10,5,0,1,1,1,1,1,1,
dram,bbht_grover_dram,EQ,12345,0,256,6,0x0ed109c0,0x5701ce52,normal,HIT,3716,12345,7,7,0,41978,419,425,3716,7,7,0,1,1,1,1,1,1,
dram,bbht_grover_dram,EQ,12345,0,256,7,0x102ecf73,0x53c7612b,normal,HIT,3545,12345,8,8,0,78095,780,785,3545,8,8,0,1,1,1,1,1,1,
dram,bbht_grover_dram,EQ,12345,0,256,8,0xcf29b6a1,0x35231a84,normal,HIT,11907,12345,10,8,0,80569,805,810,11907,10,8,0,1,1,1,1,1,1,
dram,bbht_grover_dram,EQ,12345,0,256,9,0xc49cbb42,0xd0a3bbb8,normal,HIT,12001,12345,1,0,0,1446,14,18,12001,1,0,0,1,1,1,1,1,1,
dram,bbht_grover_dram,EQ,12345,0,256,10,0x4cc51d23,0xee0e3ab4,normal,HIT,5451,12345,4,2,0,21315,213,217,5451,4,2,0,1,1,1,1,1,1,
dram,bbht_grover_dram,EQ,12345,0,256,11,0xf9e8aa7a,0x3208c31a,normal,HIT,873,12345,12,19,0,116514,1165,1170,873,12,19,0,1,1,1,1,1,1,
dram,bbht_grover_dram,EQ,12345,0,256,12,0xdda8b051,0xc8105c9d,normal,HIT,90,12345,5,3,0,40432,404,409,90,5,3,0,1,1,1,1,1,1,
dram,bbht_grover_dram,EQ,12345,0,256,13,0xabfb11bf,0xf5dec75e,normal,HIT,7326,12345,6,5,0,40882,408,413,7326,6,5,0,1,1,1,1,1,1,
dram,bbht_grover_dram,EQ,12345,0,256,14,0x20639811,0x6b6a7c47,normal,HIT,1930,12345,6,7,0,41001,410,415,1930,6,7,0,1,1,1,1,1,1,
dram,bbht_grover_dram,EQ,12345,0,256,15,0xac72acd2,0xca84bc6c,normal,HIT,13448,12345,9,3,0,43890,438,444,13448,9,3,0,1,1,1,1,1,1,
dram,bbht_grover_dram,EQ,12345,0,256,16,0x49a2da79,0xe1376725,normal,HIT,12329,12345,6,4,0,41022,410,414,12329,6,4,0,1,1,1,1,1,1,
dram,bbht_grover_dram,EQ,12345,0,256,17,0x63a4e9d7,0x6166dba4,normal,HIT,6247,12345,7,6,0,60060,600,605,6247,7,6,0,1,1,1,1,1,1,
dram,bbht_grover_dram,EQ,12345,0,256,18,0x8983f102,0x43fb6183,normal,HIT,4389,12345,7,4,0,41689,416,420,4389,7,4,0,1,1,1,1,1,1,
dram,bbht_grover_dram,EQ,12345,0,256,19,0xb671aa78,0xc97ad8a2,normal,HIT,13749,12345,7,3,0,42372,423,428,13749,7,3,0,1,1,1,1,1,1,
dram,bbht_grover_dram,EQ,12345,0,256,20,0xdaeb566a,0x989e5b3d,normal,HIT,6940,12345,9,9,0,80084,800,805,6940,9,9,0,1,1,1,1,1,1,
dram,bbht_grover_dram,EQ,12345,0,256,21,0xf6181c00,0xa345ac4b,normal,HIT,2302,12345,9,4,0,25897,258,263,2302,9,4,0,1,1,1,1,1,1,
dram,bbht_grover_dram,EQ,12345,0,256,22,0x4e18d852,0xa08980df,normal,HIT,7844,12345,9,7,0,78416,784,788,7844,9,7,0,1,1,1,1,1,1,
dram,bbht_grover_dram,EQ,12345,0,256,23,0xa035ceba,0x611de4c4,normal,HIT,6733,12345,5,4,0,40785,407,411,6733,5,4,0,1,1,1,1,1,1,
dram,bbht_grover_dram,EQ,12345,0,256,24,0xc2416ee4,0x7323f479,normal,HIT,4724,12345,8,10,0,77223,772,776,4724,8,10,0,1,1,1,1,1,1,
dram,bbht_grover_dram,EQ,12345,0,256,25,0xfbdafbdd,0xa0c0cf2f,normal,HIT,9555,12345,12,14,0,117079,1170,1174,9555,12,14,0,1,1,1,1,1,1,
dram,bbht_grover_dram,EQ,12345,0,256,26,0xa43fbf47,0x8de97b10,normal,HIT,6702,12345,9,6,0,60147,601,607,6702,9,6,0,1,1,1,1,1,1,
dram,bbht_grover_dram,EQ,12345,0,256,27,0x6811f7c1,0xcb07044a,normal,HIT,10532,12345,6,4,0,40781,407,412,10532,6,4,0,1,1,1,1,1,1,
dram,bbht_grover_dram,EQ,12345,0,256,28,0x610dde2c,0x8cf5deb9,normal,HIT,314,12345,8,7,0,96567,965,970,314,8,7,0,1,1,1,1,1,1,
dram,bbht_grover_dram,EQ,12345,0,256,29,0x82241b87,0xbbe27f39,normal,HIT,14410,12345,7,6,0,60494,604,608,14410,7,6,0,1,1,1,1,1,1,
dram,bbht_grover_dram,EQ,12345,0,256,30,0x48647490,0xea9551eb,normal,HIT,4956,12345,9,7,0,61062,610,615,4956,9,7,0,1,1,1,1,1,1,
dram,bbht_grover_dram,EQ,12345,0,256,31,0x63df3b7f,0xa8b057e1,normal,HIT,15859,12345,9,10,0,115642,1156,1160,15859,9,10,0,1,1,1,1,1,1,
dram,bbht_grover_dram,EQ,12345,0,256,32,0x433125bb,0x3221fef0,normal,HIT,11246,12345,10,12,0,79783,797,802,11246,10,12,0,1,1,1,1,1,1,
dram,bbht_grover_dram,EQ,12345,0,256,33,0x7943be40,0x6641ee79,normal,HIT,825,12345,8,8,0,77464,774,779,825,8,8,0,1,1,1,1,1,1,
dram,bbht_grover_dram,EQ,12345,0,256,34,0x26c93252,0x675d2908,normal,HIT,10842,12345,7,5,0,60272,602,608,10842,7,5,0,1,1,1,1,1,1,
dram,bbht_grover_dram,EQ,12345,0,256,35,0xdbe3ed49,0xa7cfea56,normal,HIT,9972,12345,6,6,0,59175,591,597,9972,6,6,0,1,1,1,1,1,1,
dram,bbht_grover_dram,EQ,12345,0,256,36,0xc2ec9bb4,0xbfc0ae9e,normal,HIT,16297,12345,6,3,0,41564,415,419,16297,6,3,0,1,1,1,1,1,1,
dram,bbht_grover_dram,EQ,12345,0,256,37,0xe7ec8559,0x307064ac,normal,HIT,1456,12345,5,4,0,57813,578,582,1456,5,4,0,1,1,1,1,1,1,
dram,bbht_grover_dram,EQ,12345,0,256,38,0xccb88b54,0x2cf00158,normal,HIT,11990,12345,6,5,0,59588,595,600,11990,6,5,0,1,1,1,1,1,1,
dram,bbht_grover_dram,EQ,12345,0,256,39,0xb512e6a4,0x2b9e708c,normal,HIT,10839,12345,4,2,0,39609,396,400,10839,4,2,0,1,1,1,1,1,1,
dram,bbht_grover_dram,EQ,12345,0,256,40,0x7e2c3d82,0xa69fb195,normal,HIT,586,12345,5,4,0,40142,401,406,586,5,4,0,1,1,1,1,1,1,
dram,bbht_grover_dram,EQ,12345,0,256,41,0x58b3e5ad,0x23a21253,normal,HIT,7400,12345,5,4,0,58017,580,585,7400,5,4,0,1,1,1,1,1,1,
dram,bbht_grover_dram,EQ,12345,0,256,42,0x9a07c40b,0x3ea78d8c,normal,HIT,507,12345,10,8,0,80518,805,810,507,10,8,0,1,1,1,1,1,1,
dram,bbht_grover_dram,EQ,12345,0,256,43,0xf1f9a54b,0x7b00db61,normal,HIT,160,12345,6,3,0,58931,589,594,160,6,3,0,1,1,1,1,1,1,
dram,bbht_grover_dram,EQ,12345,0,256,44,0xfba6212d,0xb8b8356a,normal,HIT,7400,12345,11,8,0,98663,986,991,7400,11,8,0,1,1,1,1,1,1,
dram,bbht_grover_dram,EQ,12345,0,256,45,0x1ca60615,0xd753b84a,normal,HIT,8996,12345,6,4,0,58701,587,591,8996,6,4,0,1,1,1,1,1,1,
dram,bbht_grover_dram,EQ,12345,0,256,46,0xa085c93e,0x19b8504d,normal,HIT,15586,12345,8,6,0,60497,604,609,15586,8,6,0,1,1,1,1,1,1,
dram,bbht_grover_dram,EQ,12345,0,256,47,0x18190603,0xad0438b2,normal,HIT,56,12345,9,6,0,61619,616,621,56,9,6,0,1,1,1,1,1,1,
dram,bbht_grover_dram,EQ,12345,0,256,48,0xc1143c78,0xbbdab3cd,normal,HIT,10265,12345,11,7,0,64061,640,645,10265,11,7,0,1,1,1,1,1,1,
dram,bbht_grover_dram,EQ,12345,0,256,49,0x332063fc,0x222ba57c,normal,HIT,5281,12345,9,6,0,62103,621,626,5281,9,6,0,1,1,1,1,1,1,
dram,bbht_grover_dram,EQ,12345,0,256,50,0xd6f4066b,0xab9eb714,normal,HIT,2160,12345,13,15,0,99647,996,1001,2160,13,15,0,1,1,1,1,1,1,
dram,bbht_grover_dram,EQ,12345,0,256,51,0x64b9628c,0x9cd8b518,normal,HIT,6300,12345,5,4,0,40290,402,408,6300,5,4,0,1,1,1,1,1,1,
dram,bbht_grover_dram,EQ,12345,0,256,52,0x894e6771,0x8a255c2e,normal,HIT,13448,12345,3,1,0,21220,212,217,13448,3,1,0,1,1,1,1,1,1,
dram,bbht_grover_dram,EQ,12345,0,256,53,0xe3e668e8,0xff1f20c3,normal,HIT,8799,12345,9,7,0,80007,800,805,8799,9,7,0,1,1,1,1,1,1,
dram,bbht_grover_dram,EQ,12345,0,256,54,0x36980406,0xfbdbfa61,normal,HIT,7615,12345,4,2,0,21344,213,219,7615,4,2,0,1,1,1,1,1,1,
dram,bbht_grover_dram,EQ,12345,0,256,55,0x114d2b4a,0xa617ad4e,normal,HIT,12785,12345,4,2,0,40018,400,404,12785,4,2,0,1,1,1,1,1,1,
dram,bbht_grover_dram,EQ,12345,0,256,56,0x3b8907e1,0x0c6cbd10,normal,HIT,7780,12345,7,4,0,42259,422,427,7780,7,4,0,1,1,1,1,1,1,
dram,bbht_grover_dram,EQ,12345,0,256,57,0x2cd09c1d,0x964fb1a7,normal,HIT,9459,12345,7,2,0,23348,233,238,9459,7,2,0,1,1,1,1,1,1,
dram,bbht_grover_dram,EQ,12345,0,256,58,0x6d7a8604,0xbd6f99c6,normal,HIT,8225,12345,5,4,0,40752,407,412,8225,5,4,0,1,1,1,1,1,1,
dram,bbht_grover_dram,EQ,12345,0,256,59,0x1fadaf42,0x60010aa3,normal,HIT,4389,12345,6,5,0,59598,595,600,4389,6,5,0,1,1,1,1,1,1,
dram,bbht_grover_dram,EQ,12345,0,256,60,0x92fe7cfd,0xb54e2773,normal,HIT,11343,12345,9,10,0,96390,963,969,11343,9,10,0,1,1,1,1,1,1,
dram,bbht_grover_dram,EQ,12345,0,256,61,0x1aecb060,0x9c545eba,normal,HIT,12329,12345,11,17,0,134168,1341,1346,12329,11,17,0,1,1,1,1,1,1,
dram,bbht_grover_dram,EQ,12345,0,256,62,0x91778cc3,0xbd1d1bc0,normal,HIT,5666,12345,10,13,0,98103,981,985,5666,10,13,0,1,1,1,1,1,1,
dram,bbht_grover_dram,EQ,12345,0,256,63,0xe6b7e7eb,0xd542988e,normal,HIT,14388,12345,10,11,0,97385,973,979,14388,10,11,0,1,1,1,1,1,1,
dram,bbht_grover_dram,EQ,12345,0,256,64,0x6770144c,0xd2d3c6e7,normal,HIT,3410,12345,8,4,0,42940,429,434,3410,8,4,0,1,1,1,1,1,1,
dram,bbht_grover_dram,EQ,12345,0,256,65,0xc600a248,0x0a1e0844,normal,HIT,10195,12345,6,3,0,41201,412,417,10195,6,3,0,1,1,1,1,1,1,
dram,bbht_grover_dram,EQ,12345,0,256,66,0x1ea4f830,0x2ef0f28e,normal,HIT,1133,12345,6,2,0,40966,409,415,1133,6,2,0,1,1,1,1,1,1,
dram,bbht_grover_dram,EQ,12345,0,256,67,0x639604f3,0x7fe04f83,normal,HIT,5270,12345,10,10,0,80478,804,810,5270,10,10,0,1,1,1,1,1,1,
dram,bbht_grover_dram,EQ,12345,0,256,68,0x6e084a84,0xb643b17e,normal,HIT,8996,12345,8,6,0,60607,606,611,8996,8,6,0,1,1,1,1,1,1,
dram,bbht_grover_dram,EQ,12345,0,256,69,0x3d7fc476,0x467d7a44,normal,HIT,15374,12345,7,3,0,42326,423,427,15374,7,3,0,1,1,1,1,1,1,
dram,bbht_grover_dram,EQ,12345,0,256,70,0xedca3875,0xefade11e,normal,HIT,2789,12345,4,3,0,21140,211,216,2789,4,3,0,1,1,1,1,1,1,
dram,bbht_grover_dram,EQ,12345,0,256,71,0xb883121d,0x095c678c,normal,HIT,15233,12345,8,6,0,78455,784,789,15233,8,6,0,1,1,1,1,1,1,
dram,bbht_grover_dram,EQ,12345,0,256,72,0xace22797,0xbc422a9a,normal,HIT,1859,12345,7,4,0,42079,420,426,1859,7,4,0,1,1,1,1,1,1,
dram,bbht_grover_dram,EQ,12345,0,256,73,0xefd3172d,0x8c2c3233,normal,HIT,9230,12345,7,6,0,60104,601,605,9230,7,6,0,1,1,1,1,1,1,
dram,bbht_grover_dram,EQ,12345,0,256,74,0xe6aacdb5,0x7f1c158a,normal,HIT,2442,12345,6,2,0,41338,413,418,2442,6,2,0,1,1,1,1,1,1,
dram,bbht_grover_dram,EQ,12345,0,256,75,0x6566c598,0xca804b00,normal,HIT,14410,12345,2,1,0,20134,201,206,14410,2,1,0,1,1,1,1,1,1,
dram,bbht_grover_dram,EQ,12345,0,256,76,0x4e646d9d,0xcbae5ac0,normal,HIT,13239,12345,9,10,0,96794,967,973,13239,9,10,0,1,1,1,1,1,1,
dram,bbht_grover_dram,EQ,12345,0,256,77,0x05d81d6f,0x260c4013,normal,HIT,9230,12345,7,5,0,59451,594,598,9230,7,5,0,1,1,1,1,1,1,
dram,bbht_grover_dram,EQ,12345,0,256,78,0x2018f6a3,0x5728c7f4,normal,HIT,3237,12345,2,1,0,19700,197,202,3237,2,1,0,1,1,1,1,1,1,
dram,bbht_grover_dram,EQ,12345,0,256,79,0x718ebf0c,0x4d7d460c,normal,HIT,11111,12345,2,1,0,19888,198,203,11111,2,1,0,1,1,1,1,1,1,
dram,bbht_grover_dram,EQ,12345,0,256,80,0x042a8f17,0x2093b3f4,normal,HIT,8089,12345,10,10,0,97403,974,979,8089,10,10,0,1,1,1,1,1,1,
dram,bbht_grover_dram,EQ,12345,0,256,81,0xfc1c775d,0x35bd20f1,normal,HIT,9492,12345,6,4,0,40965,409,415,9492,6,4,0,1,1,1,1,1,1,
dram,bbht_grover_dram,EQ,12345,0,256,82,0x16b93b63,0x7d609ba5,normal,HIT,14992,12345,3,1,0,21210,212,216,14992,3,1,0,1,1,1,1,1,1,
dram,bbht_grover_dram,EQ,12345,0,256,83,0x8ce1028e,0xb152e7ef,normal,HIT,15859,12345,3,2,0,21028,210,215,15859,3,2,0,1,1,1,1,1,1,
dram,bbht_grover_dram,EQ,12345,0,256,84,0x87bad980,0x7dbefa97,normal,HIT,10082,12345,6,4,0,22881,228,234,10082,6,4,0,1,1,1,1,1,1,
dram,bbht_grover_dram,EQ,12345,0,256,85,0xd63d86f3,0xf5399cca,normal,HIT,8851,12345,9,10,0,79443,794,798,8851,9,10,0,1,1,1,1,1,1,
dram,bbht_grover_dram,EQ,12345,0,256,86,0xeeaba102,0x01560fc0,normal,HIT,10812,12345,11,13,0,117025,1170,1175,10812,11,13,0,1,1,1,1,1,1,
dram,bbht_grover_dram,EQ,12345,0,256,87,0xc1fee4bb,0xc7e12d58,normal,HIT,6247,12345,12,15,0,100012,1000,1004,6247,12,15,0,1,1,1,1,1,1,
dram,bbht_grover_dram,EQ,12345,0,256,88,0x0707c9da,0xf644a3f9,normal,HIT,1038,12345,6,3,0,23010,230,235,1038,6,3,0,1,1,1,1,1,1,
dram,bbht_grover_dram,EQ,12345,0,256,89,0xde0d9c30,0x58a2ee8f,normal,HIT,10532,12345,10,13,0,63077,630,636,10532,10,13,0,1,1,1,1,1,1,
dram,bbht_grover_dram,EQ,12345,0,256,90,0x7cd0efc7,0x9f385cfb,normal,HIT,15943,12345,13,12,0,102013,1020,1025,15943,13,12,0,1,1,1,1,1,1,
dram,bbht_grover_dram,EQ,12345,0,256,91,0xe4cb50a6,0x94d13729,normal,HIT,9960,12345,4,1,0,21827,218,223,9960,4,1,0,1,1,1,1,1,1,
dram,bbht_grover_dram,EQ,12345,0,256,92,0xa0882219,0x18f75d24,normal,HIT,8081,12345,4,1,0,22240,222,228,8081,4,1,0,1,1,1,1,1,1,
dram,bbht_grover_dram,EQ,12345,0,256,93,0xc435e6f2,0xf75a52bc,normal,HIT,12684,12345,10,14,0,61610,616,620,12684,10,14,0,1,1,1,1,1,1,
dram,bbht_grover_dram,EQ,12345,0,256,94,0x011b63f0,0x0aa34346,normal,HIT,2888,12345,7,3,0,41504,415,419,2888,7,3,0,1,1,1,1,1,1,
dram,bbht_grover_dram,EQ,12345,0,256,95,0x1b456e77,0xee460f94,normal,HIT,2852,12345,9,7,0,79589,795,800,2852,9,7,0,1,1,1,1,1,1,
dram,bbht_grover_dram,EQ,12345,0,256,96,0x10088608,0xef418331,normal,HIT,1456,12345,4,2,0,39109,391,395,1456,4,2,0,1,1,1,1,1,1,
dram,bbht_grover_dram,EQ,12345,0,256,97,0x6fcfc352,0xf8fa9f4c,normal,HIT,13286,12345,6,3,0,23270,232,237,13286,6,3,0,1,1,1,1,1,1,
dram,bbht_grover_dram,EQ,12345,0,256,98,0xfb6077af,0x713595a9,normal,HIT,10964,12345,2,1,0,19872,198,203,10964,2,1,0,1,1,1,1,1,1,
dram,bbht_grover_dram,EQ,12345,0,256,99,0xc6ebb72e,0x08fdf109,normal,HIT,2852,12345,5,2,0,40369,403,408,2852,5,2,0,1,1,1,1,1,1,
dram,bbht_grover_dram,RANGE,-4096,4096,1,0,0x7b1dcdaf,0x24370df2,normal,HIT,16227,-1474,21,119,38,965882,9658,9664,16227,21,119,38,1,1,1,1,1,1,
dram,bbht_grover_dram,RANGE,-4096,4096,1,1,0x3a85a4dc,0xa3b9aa35,normal,HIT,16227,-1474,25,259,41,1041121,10411,10417,16227,25,259,41,1,1,1,1,1,1,
dram,bbht_grover_dram,RANGE,-4096,4096,1,2,0x6162a8b2,0x871c276f,normal,HIT,16227,-1474,14,34,0,135970,1359,1364,16227,14,34,0,1,1,1,1,1,1,
dram,bbht_grover_dram,RANGE,-4096,4096,1,3,0xc3adc34e,0xf5b8f22b,normal,HIT,16227,-1474,9,8,0,61590,615,620,16227,9,8,0,1,1,1,1,1,1,
dram,bbht_grover_dram,RANGE,-4096,4096,1,4,0x2bb073ff,0x3f8396e3,normal,HIT,16227,-1474,28,417,0,396238,3962,3967,16227,28,417,0,1,1,1,1,1,1,
dram,bbht_grover_dram,RANGE,-4096,4096,1,5,0xda585ab3,0xa7197ad7,normal,HIT,16227,-1474,27,221,0,341236,3412,3417,16227,27,221,0,1,1,1,1,1,1,
dram,bbht_grover_dram,RANGE,-4096,4096,1,6,0x0ed109c0,0x5701ce52,normal,HIT,16227,-1474,25,258,0,358086,3580,3585,16227,25,258,0,1,1,1,1,1,1,
dram,bbht_grover_dram,RANGE,-4096,4096,1,7,0x102ecf73,0x53c7612b,normal,HIT,16227,-1474,27,351,0,395774,3957,3962,16227,27,351,0,1,1,1,1,1,1,
dram,bbht_grover_dram,RANGE,-4096,4096,1,8,0xcf29b6a1,0x35231a84,normal,HIT,16227,-1474,20,93,0,248290,2482,2487,16227,20,93,0,1,1,1,1,1,1,
dram,bbht_grover_dram,RANGE,-4096,4096,1,9,0xc49cbb42,0xd0a3bbb8,normal,HIT,16227,-1474,25,189,0,271962,2719,2724,16227,25,189,0,1,1,1,1,1,1,
dram,bbht_grover_dram,RANGE,-4096,4096,1,10,0x4cc51d23,0xee0e3ab4,normal,HIT,16227,-1474,28,357,19,736718,7367,7371,16227,28,357,19,1,1,1,1,1,1,
dram,bbht_grover_dram,RANGE,-4096,4096,1,11,0xf9e8aa7a,0x3208c31a,normal,HIT,16227,-1474,22,152,0,266680,2666,2671,16227,22,152,0,1,1,1,1,1,1,
dram,bbht_grover_dram,RANGE,-4096,4096,1,12,0xdda8b051,0xc8105c9d,normal,HIT,16227,-1474,19,51,0,229042,2290,2294,16227,19,51,0,1,1,1,1,1,1,
dram,bbht_grover_dram,RANGE,-4096,4096,1,13,0xabfb11bf,0xf5dec75e,normal,HIT,16227,-1474,22,128,0,251876,2518,2524,16227,22,128,0,1,1,1,1,1,1,
dram,bbht_grover_dram,RANGE,-4096,4096,1,14,0x20639811,0x6b6a7c47,normal,HIT,16227,-1474,24,171,0,305620,3056,3060,16227,24,171,0,1,1,1,1,1,1,
dram,bbht_grover_dram,RANGE,-4096,4096,1,15,0xac72acd2,0xca84bc6c,normal,HIT,16227,-1474,13,18,0,100882,1008,1014,16227,13,18,0,1,1,1,1,1,1,
dram,bbht_grover_dram,RANGE,-4096,4096,1,16,0x49a2da79,0xe1376725,normal,HIT,16227,-1474,19,80,0,194282,1942,1948,16227,19,80,0,1,1,1,1,1,1,
dram,bbht_grover_dram,RANGE,-4096,4096,1,17,0x63a4e9d7,0x6166dba4,normal,HIT,16227,-1474,28,359,14,660800,6608,6612,16227,28,359,14,1,1,1,1,1,1,
dram,bbht_grover_dram,RANGE,-4096,4096,1,18,0x8983f102,0x43fb6183,normal,HIT,16227,-1474,24,216,0,305910,3059,3064,16227,24,216,0,1,1,1,1,1,1,
dram,bbht_grover_dram,RANGE,-4096,4096,1,19,0xb671aa78,0xc97ad8a2,normal,HIT,16227,-1474,21,82,0,249464,2494,2500,16227,21,82,0,1,1,1,1,1,1,
dram,bbht_grover_dram,RANGE,-4096,4096,1,20,0xdaeb566a,0x989e5b3d,normal,HIT,16227,-1474,26,213,0,308770,3087,3092,16227,26,213,0,1,1,1,1,1,1,
dram,bbht_grover_dram,RANGE,-4096,4096,1,21,0xf6181c00,0xa345ac4b,normal,HIT,16227,-1474,27,295,0,306780,3067,3071,16227,27,295,0,1,1,1,1,1,1,
dram,bbht_grover_dram,RANGE,-4096,4096,1,22,0x4e18d852,0xa08980df,normal,HIT,16227,-1474,22,117,0,284918,2849,2854,16227,22,117,0,1,1,1,1,1,1,
dram,bbht_grover_dram,RANGE,-4096,4096,1,23,0xa035ceba,0x611de4c4,normal,HIT,16227,-1474,10,13,0,99442,994,1000,16227,10,13,0,1,1,1,1,1,1,
dram,bbht_grover_dram,RANGE,-4096,4096,1,24,0xc2416ee4,0x7323f479,normal,HIT,16227,-1474,24,291,0,374624,3746,3751,16227,24,291,0,1,1,1,1,1,1,
dram,bbht_grover_dram,RANGE,-4096,4096,1,25,0xfbdafbdd,0xa0c0cf2f,normal,HIT,16227,-1474,19,77,0,246996,2469,2473,16227,19,77,0,1,1,1,1,1,1,
dram,bbht_grover_dram,RANGE,-4096,4096,1,26,0xa43fbf47,0x8de97b10,normal,HIT,16227,-1474,23,140,0,266826,2668,2672,16227,23,140,0,1,1,1,1,1,1,
dram,bbht_grover_dram,RANGE,-4096,4096,1,27,0x6811f7c1,0xcb07044a,normal,HIT,16227,-1474,7,6,0,41853,418,423,16227,7,6,0,1,1,1,1,1,1,
dram,bbht_grover_dram,RANGE,-4096,4096,1,28,0x610dde2c,0x8cf5deb9,normal,HIT,16227,-1474,21,89,0,285412,2854,2859,16227,21,89,0,1,1,1,1,1,1,
dram,bbht_grover_dram,RANGE,-4096,4096,1,29,0x82241b87,0xbbe27f39,normal,HIT,16227,-1474,23,211,0,285388,2853,2858,16227,23,211,0,1,1,1,1,1,1,
dram,bbht_grover_dram,RANGE,-4096,4096,1,30,0x48647490,0xea9551eb,normal,HIT,16227,-1474,20,80,0,212348,2123,2128,16227,20,80,0,1,1,1,1,1,1,
dram,bbht_grover_dram,RANGE,-4096,4096,1,31,0x63df3b7f,0xa8b057e1,normal,HIT,16227,-1474,21,106,0,302342,3023,3028,16227,21,106,0,1,1,1,1,1,1,
dram,bbht_grover_dram,RANGE,-4096,4096,1,32,0x433125bb,0x3221fef0,normal,HIT,16227,-1474,27,325,0,325078,3250,3255,16227,27,325,0,1,1,1,1,1,1,
dram,bbht_grover_dram,RANGE,-4096,4096,1,33,0x7943be40,0x6641ee79,normal,HIT,16227,-1474,21,127,0,265185,2651,2657,16227,21,127,0,1,1,1,1,1,1,
dram,bbht_grover_dram,RANGE,-4096,4096,1,34,0x26c93252,0x675d2908,normal,HIT,16227,-1474,22,129,0,302856,3028,3033,16227,22,129,0,1,1,1,1,1,1,
dram,bbht_grover_dram,RANGE,-4096,4096,1,35,0xdbe3ed49,0xa7cfea56,normal,HIT,16227,-1474,22,146,0,251744,2517,2523,16227,22,146,0,1,1,1,1,1,1,
dram,bbht_grover_dram,RANGE,-4096,4096,1,36,0xc2ec9bb4,0xbfc0ae9e,normal,HIT,16227,-1474,17,47,0,175652,1756,1760,16227,17,47,0,1,1,1,1,1,1,
dram,bbht_grover_dram,RANGE,-4096,4096,1,37,0xe7ec8559,0x307064ac,normal,HIT,16227,-1474,22,142,0,321344,3213,3218,16227,22,142,0,1,1,1,1,1,1,
dram,bbht_grover_dram,RANGE,-4096,4096,1,38,0xccb88b54,0x2cf00158,normal,HIT,16227,-1474,27,319,0,396696,3966,3971,16227,27,319,0,1,1,1,1,1,1,
dram,bbht_grover_dram,RANGE,-4096,4096,1,39,0xb512e6a4,0x2b9e708c,normal,HIT,16227,-1474,18,71,0,212568,2125,2130,16227,18,71,0,1,1,1,1,1,1,
dram,bbht_grover_dram,RANGE,-4096,4096,1,40,0x7e2c3d82,0xa69fb195,normal,HIT,16227,-1474,24,170,0,321409,3214,3218,16227,24,170,0,1,1,1,1,1,1,
dram,bbht_grover_dram,RANGE,-4096,4096,1,41,0x58b3e5ad,0x23a21253,normal,HIT,16227,-1474,25,258,0,358080,3580,3585,16227,25,258,0,1,1,1,1,1,1,
dram,bbht_grover_dram,RANGE,-4096,4096,1,42,0x9a07c40b,0x3ea78d8c,normal,HIT,16227,-1474,24,245,0,305838,3058,3062,16227,24,245,0,1,1,1,1,1,1,
dram,bbht_grover_dram,RANGE,-4096,4096,1,43,0xf1f9a54b,0x7b00db61,normal,HIT,16227,-1474,21,141,0,302896,3028,3034,16227,21,141,0,1,1,1,1,1,1,
dram,bbht_grover_dram,RANGE,-4096,4096,1,44,0xfba6212d,0xb8b8356a,normal,HIT,16227,-1474,24,167,0,303941,3039,3044,16227,24,167,0,1,1,1,1,1,1,
dram,bbht_grover_dram,RANGE,-4096,4096,1,45,0x1ca60615,0xd753b84a,normal,HIT,16227,-1474,24,245,0,304300,3043,3048,16227,24,245,0,1,1,1,1,1,1,
dram,bbht_grover_dram,RANGE,-4096,4096,1,46,0xa085c93e,0x19b8504d,normal,HIT,16227,-1474,25,235,0,340676,3406,3410,16227,25,235,0,1,1,1,1,1,1,
dram,bbht_grover_dram,RANGE,-4096,4096,1,47,0x18190603,0xad0438b2,normal,HIT,16227,-1474,23,189,0,285614,2856,2861,16227,23,189,0,1,1,1,1,1,1,
dram,bbht_grover_dram,RANGE,-4096,4096,1,48,0xc1143c78,0xbbdab3cd,normal,HIT,16227,-1474,22,95,0,217146,2171,2176,16227,22,95,0,1,1,1,1,1,1,
dram,bbht_grover_dram,RANGE,-4096,4096,1,49,0x332063fc,0x222ba57c,normal,HIT,16227,-1474,22,108,0,233752,2337,2342,16227,22,108,0,1,1,1,1,1,1,
dram,bbht_grover_dram,RANGE,-4096,4096,1,50,0xd6f4066b,0xab9eb714,normal,HIT,16227,-1474,22,105,0,249694,2496,2502,16227,22,105,0,1,1,1,1,1,1,
dram,bbht_grover_dram,RANGE,-4096,4096,1,51,0x64b9628c,0x9cd8b518,normal,HIT,16227,-1474,15,37,0,207600,2076,2081,16227,15,37,0,1,1,1,1,1,1,
dram,bbht_grover_dram,RANGE,-4096,4096,1,52,0x894e6771,0x8a255c2e,normal,HIT,16227,-1474,19,87,0,248788,2487,2491,16227,19,87,0,1,1,1,1,1,1,
dram,bbht_grover_dram,RANGE,-4096,4096,1,53,0xe3e668e8,0xff1f20c3,normal,HIT,16227,-1474,21,115,0,285635,2856,2860,16227,21,115,0,1,1,1,1,1,1,
dram,bbht_grover_dram,RANGE,-4096,4096,1,54,0x36980406,0xfbdbfa61,normal,HIT,16227,-1474,24,217,0,340402,3404,3408,16227,24,217,0,1,1,1,1,1,1,
dram,bbht_grover_dram,RANGE,-4096,4096,1,55,0x114d2b4a,0xa617ad4e,normal,HIT,16227,-1474,23,124,0,339440,3394,3399,16227,23,124,0,1,1,1,1,1,1,
dram,bbht_grover_dram,RANGE,-4096,4096,1,56,0x3b8907e1,0x0c6cbd10,normal,HIT,16227,-1474,24,207,0,305504,3055,3060,16227,24,207,0,1,1,1,1,1,1,
dram,bbht_grover_dram,RANGE,-4096,4096,1,57,0x2cd09c1d,0x964fb1a7,normal,HIT,16227,-1474,21,126,0,230072,2300,2305,16227,21,126,0,1,1,1,1,1,1,
dram,bbht_grover_dram,RANGE,-4096,4096,1,58,0x6d7a8604,0xbd6f99c6,normal,HIT,16227,-1474,22,128,0,321706,3217,3221,16227,22,128,0,1,1,1,1,1,1,
dram,bbht_grover_dram,RANGE,-4096,4096,1,59,0x1fadaf42,0x60010aa3,normal,HIT,16227,-1474,20,86,0,249424,2494,2498,16227,20,86,0,1,1,1,1,1,1,
dram,bbht_grover_dram,RANGE,-4096,4096,1,60,0x92fe7cfd,0xb54e2773,normal,HIT,16227,-1474,23,217,0,338874,3388,3393,16227,23,217,0,1,1,1,1,1,1,
dram,bbht_grover_dram,RANGE,-4096,4096,1,61,0x1aecb060,0x9c545eba,normal,HIT,16227,-1474,17,47,0,211338,2113,2118,16227,17,47,0,1,1,1,1,1,1,
dram,bbht_grover_dram,RANGE,-4096,4096,1,62,0x91778cc3,0xbd1d1bc0,normal,HIT,16227,-1474,25,256,0,340870,3408,3414,16227,25,256,0,1,1,1,1,1,1,
dram,bbht_grover_dram,RANGE,-4096,4096,1,63,0xe6b7e7eb,0xd542988e,normal,HIT,16227,-1474,20,86,0,283908,2839,2844,16227,20,86,0,1,1,1,1,1,1,
dram,bbht_grover_dram,RANGE,-4096,4096,1,64,0x6770144c,0xd2d3c6e7,normal,HIT,16227,-1474,27,246,0,357798,3577,3582,16227,27,246,0,1,1,1,1,1,1,
dram,bbht_grover_dram,RANGE,-4096,4096,1,65,0xc600a248,0x0a1e0844,normal,HIT,16227,-1474,23,131,0,251242,2512,2518,16227,23,131,0,1,1,1,1,1,1,
dram,bbht_grover_dram,RANGE,-4096,4096,1,66,0x1ea4f830,0x2ef0f28e,normal,HIT,16227,-1474,19,90,0,211690,2116,2122,16227,19,90,0,1,1,1,1,1,1,
dram,bbht_grover_dram,RANGE,-4096,4096,1,67,0x639604f3,0x7fe04f83,normal,HIT,16227,-1474,24,153,0,306178,3061,3067,16227,24,153,0,1,1,1,1,1,1,
dram,bbht_grover_dram,RANGE,-4096,4096,1,68,0x6e084a84,0xb643b17e,normal,HIT,16227,-1474,27,333,0,326174,3261,3266,16227,27,333,0,1,1,1,1,1,1,
dram,bbht_grover_dram,RANGE,-4096,4096,1,69,0x3d7fc476,0x467d7a44,normal,HIT,16227,-1474,25,221,0,340484,3404,3409,16227,25,221,0,1,1,1,1,1,1,
dram,bbht_grover_dram,RANGE,-4096,4096,1,70,0xedca3875,0xefade11e,normal,HIT,16227,-1474,23,119,0,284784,2847,2853,16227,23,119,0,1,1,1,1,1,1,
dram,bbht_grover_dram,RANGE,-4096,4096,1,71,0xb883121d,0x095c678c,normal,HIT,16227,-1474,23,161,0,287234,2872,2877,16227,23,161,0,1,1,1,1,1,1,
dram,bbht_grover_dram,RANGE,-4096,4096,1,72,0xace22797,0xbc422a9a,normal,HIT,16227,-1474,22,176,0,302002,3020,3024,16227,22,176,0,1,1,1,1,1,1,
dram,bbht_grover_dram,RANGE,-4096,4096,1,73,0xefd3172d,0x8c2c3233,normal,HIT,16227,-1474,25,248,0,324842,3248,3253,16227,25,248,0,1,1,1,1,1,1,
dram,bbht_grover_dram,RANGE,-4096,4096,1,74,0xe6aacdb5,0x7f1c158a,normal,HIT,16227,-1474,21,145,0,248328,2483,2488,16227,21,145,0,1,1,1,1,1,1,
dram,bbht_grover_dram,RANGE,-4096,4096,1,75,0x6566c598,0xca804b00,normal,HIT,16227,-1474,19,95,0,229742,2297,2302,16227,19,95,0,1,1,1,1,1,1,
dram,bbht_grover_dram,RANGE,-4096,4096,1,76,0x4e646d9d,0xcbae5ac0,normal,HIT,16227,-1474,26,256,0,394872,3948,3953,16227,26,256,0,1,1,1,1,1,1,
dram,bbht_grover_dram,RANGE,-4096,4096,1,77,0x05d81d6f,0x260c4013,normal,HIT,16227,-1474,19,90,0,246854,2468,2473,16227,19,90,0,1,1,1,1,1,1,
dram,bbht_grover_dram,RANGE,-4096,4096,1,78,0x2018f6a3,0x5728c7f4,normal,HIT,16227,-1474,25,177,0,358400,3584,3589,16227,25,177,0,1,1,1,1,1,1,
dram,bbht_grover_dram,RANGE,-4096,4096,1,79,0x718ebf0c,0x4d7d460c,normal,HIT,16227,-1474,27,314,0,396798,3967,3972,16227,27,314,0,1,1,1,1,1,1,
dram,bbht_grover_dram,RANGE,-4096,4096,1,80,0x042a8f17,0x2093b3f4,normal,HIT,16227,-1474,24,175,0,322128,3221,3225,16227,24,175,0,1,1,1,1,1,1,
dram,bbht_grover_dram,RANGE,-4096,4096,1,81,0xfc1c775d,0x35bd20f1,normal,HIT,16227,-1474,29,362,0,361042,3610,3614,16227,29,362,0,1,1,1,1,1,1,
dram,bbht_grover_dram,RANGE,-4096,4096,1,82,0x16b93b63,0x7d609ba5,normal,HIT,16227,-1474,22,136,0,267304,2673,2677,16227,22,136,0,1,1,1,1,1,1,
dram,bbht_grover_dram,RANGE,-4096,4096,1,83,0x8ce1028e,0xb152e7ef,normal,HIT,16227,-1474,19,79,0,231331,2313,2317,16227,19,79,0,1,1,1,1,1,1,
dram,bbht_grover_dram,RANGE,-4096,4096,1,84,0x87bad980,0x7dbefa97,normal,HIT,16227,-1474,22,163,0,303061,3030,3035,16227,22,163,0,1,1,1,1,1,1,
dram,bbht_grover_dram,RANGE,-4096,4096,1,85,0xd63d86f3,0xf5399cca,normal,HIT,16227,-1474,21,129,0,267548,2675,2680,16227,21,129,0,1,1,1,1,1,1,
dram,bbht_grover_dram,RANGE,-4096,4096,1,86,0xeeaba102,0x01560fc0,normal,HIT,16227,-1474,22,109,0,287128,2871,2876,16227,22,109,0,1,1,1,1,1,1,
dram,bbht_grover_dram,RANGE,-4096,4096,1,87,0xc1fee4bb,0xc7e12d58,normal,HIT,16227,-1474,17,54,0,193008,1930,1935,16227,17,54,0,1,1,1,1,1,1,
dram,bbht_grover_dram,RANGE,-4096,4096,1,88,0x0707c9da,0xf644a3f9,normal,HIT,16227,-1474,22,115,0,267064,2670,2675,16227,22,115,0,1,1,1,1,1,1,
dram,bbht_grover_dram,RANGE,-4096,4096,1,89,0xde0d9c30,0x58a2ee8f,normal,HIT,16227,-1474,23,150,0,269442,2694,2699,16227,23,150,0,1,1,1,1,1,1,
dram,bbht_grover_dram,RANGE,-4096,4096,1,90,0x7cd0efc7,0x9f385cfb,normal,HIT,16227,-1474,13,12,0,101994,1019,1025,16227,13,12,0,1,1,1,1,1,1,
dram,bbht_grover_dram,RANGE,-4096,4096,1,91,0xe4cb50a6,0x94d13729,normal,HIT,16227,-1474,26,241,0,342273,3422,3427,16227,26,241,0,1,1,1,1,1,1,
dram,bbht_grover_dram,RANGE,-4096,4096,1,92,0xa0882219,0x18f75d24,normal,HIT,16227,-1474,26,354,0,359086,3590,3595,16227,26,354,0,1,1,1,1,1,1,
dram,bbht_grover_dram,RANGE,-4096,4096,1,93,0xc435e6f2,0xf75a52bc,normal,HIT,16227,-1474,27,294,0,325188,3251,3256,16227,27,294,0,1,1,1,1,1,1,
dram,bbht_grover_dram,RANGE,-4096,4096,1,94,0x011b63f0,0x0aa34346,normal,HIT,16227,-1474,26,229,0,342212,3422,3426,16227,26,229,0,1,1,1,1,1,1,
dram,bbht_grover_dram,RANGE,-4096,4096,1,95,0x1b456e77,0xee460f94,normal,HIT,16227,-1474,25,214,0,323130,3231,3235,16227,25,214,0,1,1,1,1,1,1,
dram,bbht_grover_dram,RANGE,-4096,4096,1,96,0x10088608,0xef418331,normal,HIT,16227,-1474,24,183,0,286278,2862,2867,16227,24,183,0,1,1,1,1,1,1,
dram,bbht_grover_dram,RANGE,-4096,4096,1,97,0x6fcfc352,0xf8fa9f4c,normal,HIT,16227,-1474,19,69,0,212197,2121,2127,16227,19,69,0,1,1,1,1,1,1,
dram,bbht_grover_dram,RANGE,-4096,4096,1,98,0xfb6077af,0x713595a9,normal,HIT,16227,-1474,22,153,0,302650,3026,3030,16227,22,153,0,1,1,1,1,1,1,
dram,bbht_grover_dram,RANGE,-4096,4096,1,99,0xc6ebb72e,0x08fdf109,normal,HIT,16227,-1474,27,263,1,379466,3794,3799,16227,27,263,1,1,1,1,1,1,1,
dram,bbht_grover_dram,RANGE,-4096,4096,4,0,0x7b1dcdaf,0x24370df2,normal,HIT,4728,-2771,20,81,16,532847,5328,5333,4728,20,81,16,1,1,1,1,1,1,
dram,bbht_grover_dram,RANGE,-4096,4096,4,1,0x3a85a4dc,0xa3b9aa35,normal,HIT,4728,-2771,19,56,0,176247,1762,1767,4728,19,56,0,1,1,1,1,1,1,
dram,bbht_grover_dram,RANGE,-4096,4096,4,2,0x6162a8b2,0x871c276f,normal,HIT,16227,-1474,17,56,0,174426,1744,1748,16227,17,56,0,1,1,1,1,1,1,
dram,bbht_grover_dram,RANGE,-4096,4096,4,3,0xc3adc34e,0xf5b8f22b,normal,HIT,16227,-1474,9,8,0,61562,615,620,16227,9,8,0,1,1,1,1,1,1,
dram,bbht_grover_dram,RANGE,-4096,4096,4,4,0x2bb073ff,0x3f8396e3,normal,HIT,9777,2203,20,108,14,511291,5112,5117,9777,20,108,14,1,1,1,1,1,1,
dram,bbht_grover_dram,RANGE,-4096,4096,4,5,0xda585ab3,0xa7197ad7,normal,HIT,4728,-2771,22,136,10,436926,4369,4373,4728,22,136,10,1,1,1,1,1,1,
dram,bbht_grover_dram,RANGE,-4096,4096,4,6,0x0ed109c0,0x5701ce52,normal,HIT,12345,2314,18,90,0,228209,2282,2287,12345,18,90,0,1,1,1,1,1,1,
dram,bbht_grover_dram,RANGE,-4096,4096,4,7,0x102ecf73,0x53c7612b,normal,HIT,4728,-2771,21,112,0,284805,2848,2853,4728,21,112,0,1,1,1,1,1,1,
dram,bbht_grover_dram,RANGE,-4096,4096,4,8,0xcf29b6a1,0x35231a84,normal,HIT,16227,-1474,20,93,0,247982,2479,2484,16227,20,93,0,1,1,1,1,1,1,
dram,bbht_grover_dram,RANGE,-4096,4096,4,9,0xc49cbb42,0xd0a3bbb8,normal,HIT,9777,2203,17,40,0,141064,1410,1415,9777,17,40,0,1,1,1,1,1,1,
dram,bbht_grover_dram,RANGE,-4096,4096,4,10,0x4cc51d23,0xee0e3ab4,normal,HIT,12345,2314,16,44,0,174112,1741,1746,12345,16,44,0,1,1,1,1,1,1,
dram,bbht_grover_dram,RANGE,-4096,4096,4,11,0xf9e8aa7a,0x3208c31a,normal,HIT,9777,2203,21,108,0,248800,2488,2493,9777,21,108,0,1,1,1,1,1,1,
dram,bbht_grover_dram,RANGE,-4096,4096,4,12,0xdda8b051,0xc8105c9d,normal,HIT,16227,-1474,19,51,0,229070,2290,2295,16227,19,51,0,1,1,1,1,1,1,
dram,bbht_grover_dram,RANGE,-4096,4096,4,13,0xabfb11bf,0xf5dec75e,normal,HIT,4728,-2771,21,88,0,233015,2330,2334,4728,21,88,0,1,1,1,1,1,1,
dram,bbht_grover_dram,RANGE,-4096,4096,4,14,0x20639811,0x6b6a7c47,normal,HIT,4728,-2771,19,71,0,212315,2123,2127,4728,19,71,0,1,1,1,1,1,1,
dram,bbht_grover_dram,RANGE,-4096,4096,4,15,0xac72acd2,0xca84bc6c,normal,HIT,9777,2203,16,39,0,156676,1566,1572,9777,16,39,0,1,1,1,1,1,1,
dram,bbht_grover_dram,RANGE,-4096,4096,4,16,0x49a2da79,0xe1376725,normal,HIT,9777,2203,14,35,0,118928,1189,1194,9777,14,35,0,1,1,1,1,1,1,
dram,bbht_grover_dram,RANGE,-4096,4096,4,17,0x63a4e9d7,0x6166dba4,normal,HIT,4728,-2771,21,91,0,267553,2675,2680,4728,21,91,0,1,1,1,1,1,1,
dram,bbht_grover_dram,RANGE,-4096,4096,4,18,0x8983f102,0x43fb6183,normal,HIT,4728,-2771,23,151,0,286761,2867,2872,4728,23,151,0,1,1,1,1,1,1,
dram,bbht_grover_dram,RANGE,-4096,4096,4,19,0xb671aa78,0xc97ad8a2,normal,HIT,4728,-2771,11,16,0,98771,987,992,4728,11,16,0,1,1,1,1,1,1,
dram,bbht_grover_dram,RANGE,-4096,4096,4,20,0xdaeb566a,0x989e5b3d,normal,HIT,9777,2203,15,33,0,155772,1557,1562,9777,15,33,0,1,1,1,1,1,1,
dram,bbht_grover_dram,RANGE,-4096,4096,4,21,0xf6181c00,0xa345ac4b,normal,HIT,9777,2203,16,38,0,138212,1382,1387,9777,16,38,0,1,1,1,1,1,1,
dram,bbht_grover_dram,RANGE,-4096,4096,4,22,0x4e18d852,0xa08980df,normal,HIT,12345,2314,24,178,8,473515,4735,4740,12345,24,178,8,1,1,1,1,1,1,
dram,bbht_grover_dram,RANGE,-4096,4096,4,23,0xa035ceba,0x611de4c4,normal,HIT,16227,-1474,10,13,0,99436,994,999,16227,10,13,0,1,1,1,1,1,1,
dram,bbht_grover_dram,RANGE,-4096,4096,4,24,0xc2416ee4,0x7323f479,normal,HIT,12345,2314,19,93,0,281940,2819,2824,12345,19,93,0,1,1,1,1,1,1,
dram,bbht_grover_dram,RANGE,-4096,4096,4,25,0xfbdafbdd,0xa0c0cf2f,normal,HIT,16227,-1474,18,55,0,228720,2287,2292,16227,18,55,0,1,1,1,1,1,1,
dram,bbht_grover_dram,RANGE,-4096,4096,4,26,0xa43fbf47,0x8de97b10,normal,HIT,4728,-2771,15,29,0,136207,1362,1367,4728,15,29,0,1,1,1,1,1,1,
dram,bbht_grover_dram,RANGE,-4096,4096,4,27,0x6811f7c1,0xcb07044a,normal,HIT,16227,-1474,7,6,0,41857,418,423,16227,7,6,0,1,1,1,1,1,1,
dram,bbht_grover_dram,RANGE,-4096,4096,4,28,0x610dde2c,0x8cf5deb9,normal,HIT,12345,2314,21,89,0,285298,2852,2858,12345,21,89,0,1,1,1,1,1,1,
dram,bbht_grover_dram,RANGE,-4096,4096,4,29,0x82241b87,0xbbe27f39,normal,HIT,4728,-2771,18,62,0,192535,1925,1930,4728,18,62,0,1,1,1,1,1,1,
dram,bbht_grover_dram,RANGE,-4096,4096,4,30,0x48647490,0xea9551eb,normal,HIT,16227,-1474,17,38,0,174330,1743,1748,16227,17,38,0,1,1,1,1,1,1,
dram,bbht_grover_dram,RANGE,-4096,4096,4,31,0x63df3b7f,0xa8b057e1,normal,HIT,16227,-1474,21,106,0,302194,3021,3027,16227,21,106,0,1,1,1,1,1,1,
dram,bbht_grover_dram,RANGE,-4096,4096,4,32,0x433125bb,0x3221fef0,normal,HIT,4728,-2771,12,18,0,99447,994,1000,4728,12,18,0,1,1,1,1,1,1,
dram,bbht_grover_dram,RANGE,-4096,4096,4,33,0x7943be40,0x6641ee79,normal,HIT,4728,-2771,16,41,0,172513,1725,1730,4728,16,41,0,1,1,1,1,1,1,
dram,bbht_grover_dram,RANGE,-4096,4096,4,34,0x26c93252,0x675d2908,normal,HIT,4728,-2771,21,110,0,283911,2839,2843,4728,21,110,0,1,1,1,1,1,1,
dram,bbht_grover_dram,RANGE,-4096,4096,4,35,0xdbe3ed49,0xa7cfea56,normal,HIT,12345,2314,19,98,0,196182,1961,1966,12345,19,98,0,1,1,1,1,1,1,
dram,bbht_grover_dram,RANGE,-4096,4096,4,36,0xc2ec9bb4,0xbfc0ae9e,normal,HIT,9777,2203,24,229,1,288360,2883,2888,9777,24,229,1,1,1,1,1,1,1,
dram,bbht_grover_dram,RANGE,-4096,4096,4,37,0xe7ec8559,0x307064ac,normal,HIT,9777,2203,13,17,0,154183,1541,1546,9777,13,17,0,1,1,1,1,1,1,
dram,bbht_grover_dram,RANGE,-4096,4096,4,38,0xccb88b54,0x2cf00158,normal,HIT,12345,2314,13,31,0,171000,1710,1715,12345,13,31,0,1,1,1,1,1,1,
dram,bbht_grover_dram,RANGE,-4096,4096,4,39,0xb512e6a4,0x2b9e708c,normal,HIT,9777,2203,18,71,0,212430,2124,2129,9777,18,71,0,1,1,1,1,1,1,
dram,bbht_grover_dram,RANGE,-4096,4096,4,40,0x7e2c3d82,0xa69fb195,normal,HIT,12345,2314,21,90,0,265696,2656,2662,12345,21,90,0,1,1,1,1,1,1,
dram,bbht_grover_dram,RANGE,-4096,4096,4,41,0x58b3e5ad,0x23a21253,normal,HIT,12345,2314,17,61,0,209920,2099,2104,12345,17,61,0,1,1,1,1,1,1,
dram,bbht_grover_dram,RANGE,-4096,4096,4,42,0x9a07c40b,0x3ea78d8c,normal,HIT,16227,-1474,23,190,0,287070,2870,2876,16227,23,190,0,1,1,1,1,1,1,
dram,bbht_grover_dram,RANGE,-4096,4096,4,43,0xf1f9a54b,0x7b00db61,normal,HIT,4728,-2771,21,141,0,302669,3026,3031,4728,21,141,0,1,1,1,1,1,1,
dram,bbht_grover_dram,RANGE,-4096,4096,4,44,0xfba6212d,0xb8b8356a,normal,HIT,9777,2203,18,58,0,210482,2104,2109,9777,18,58,0,1,1,1,1,1,1,
dram,bbht_grover_dram,RANGE,-4096,4096,4,45,0x1ca60615,0xd753b84a,normal,HIT,4728,-2771,20,102,0,230211,2302,2306,4728,20,102,0,1,1,1,1,1,1,
dram,bbht_grover_dram,RANGE,-4096,4096,4,46,0xa085c93e,0x19b8504d,normal,HIT,4728,-2771,23,126,0,303243,3032,3037,4728,23,126,0,1,1,1,1,1,1,
dram,bbht_grover_dram,RANGE,-4096,4096,4,47,0x18190603,0xad0438b2,normal,HIT,12345,2314,19,76,0,211150,2111,2115,12345,19,76,0,1,1,1,1,1,1,
dram,bbht_grover_dram,RANGE,-4096,4096,4,48,0xc1143c78,0xbbdab3cd,normal,HIT,4728,-2771,17,27,0,141565,1415,1420,4728,17,27,0,1,1,1,1,1,1,
dram,bbht_grover_dram,RANGE,-4096,4096,4,49,0x332063fc,0x222ba57c,normal,HIT,9777,2203,15,32,0,121238,1212,1216,9777,15,32,0,1,1,1,1,1,1,
dram,bbht_grover_dram,RANGE,-4096,4096,4,50,0xd6f4066b,0xab9eb714,normal,HIT,12345,2314,16,32,0,138572,1385,1390,12345,16,32,0,1,1,1,1,1,1,
dram,bbht_grover_dram,RANGE,-4096,4096,4,51,0x64b9628c,0x9cd8b518,normal,HIT,9777,2203,20,88,0,299874,2998,3004,9777,20,88,0,1,1,1,1,1,1,
dram,bbht_grover_dram,RANGE,-4096,4096,4,52,0x894e6771,0x8a255c2e,normal,HIT,16227,-1474,16,43,0,192903,1929,1933,16227,16,43,0,1,1,1,1,1,1,
dram,bbht_grover_dram,RANGE,-4096,4096,4,53,0xe3e668e8,0xff1f20c3,normal,HIT,12345,2314,18,49,0,229889,2298,2303,12345,18,49,0,1,1,1,1,1,1,
dram,bbht_grover_dram,RANGE,-4096,4096,4,54,0x36980406,0xfbdbfa61,normal,HIT,4728,-2771,17,61,0,227275,2272,2276,4728,17,61,0,1,1,1,1,1,1,
dram,bbht_grover_dram,RANGE,-4096,4096,4,55,0x114d2b4a,0xa617ad4e,normal,HIT,9777,2203,18,51,0,264288,2642,2648,9777,18,51,0,1,1,1,1,1,1,
dram,bbht_grover_dram,RANGE,-4096,4096,4,56,0x3b8907e1,0x0c6cbd10,normal,HIT,9777,2203,21,86,0,249583,2495,2500,9777,21,86,0,1,1,1,1,1,1,
dram,bbht_grover_dram,RANGE,-4096,4096,4,57,0x2cd09c1d,0x964fb1a7,normal,HIT,4728,-2771,20,97,0,210681,2106,2112,4728,20,97,0,1,1,1,1,1,1,
dram,bbht_grover_dram,RANGE,-4096,4096,4,58,0x6d7a8604,0xbd6f99c6,normal,HIT,12345,2314,22,128,0,321546,3215,3220,12345,22,128,0,1,1,1,1,1,1,
dram,bbht_grover_dram,RANGE,-4096,4096,4,59,0x1fadaf42,0x60010aa3,normal,HIT,4728,-2771,20,86,0,249605,2496,2501,4728,20,86,0,1,1,1,1,1,1,
dram,bbht_grover_dram,RANGE,-4096,4096,4,60,0x92fe7cfd,0xb54e2773,normal,HIT,4728,-2771,8,6,0,77821,778,783,4728,8,6,0,1,1,1,1,1,1,
dram,bbht_grover_dram,RANGE,-4096,4096,4,61,0x1aecb060,0x9c545eba,normal,HIT,4728,-2771,22,123,0,304073,3040,3044,4728,22,123,0,1,1,1,1,1,1,
dram,bbht_grover_dram,RANGE,-4096,4096,4,62,0x91778cc3,0xbd1d1bc0,normal,HIT,12345,2314,22,120,0,285784,2857,2861,12345,22,120,0,1,1,1,1,1,1,
dram,bbht_grover_dram,RANGE,-4096,4096,4,63,0xe6b7e7eb,0xd542988e,normal,HIT,9777,2203,20,86,0,283866,2838,2843,9777,20,86,0,1,1,1,1,1,1,
dram,bbht_grover_dram,RANGE,-4096,4096,4,64,0x6770144c,0xd2d3c6e7,normal,HIT,12345,2314,16,32,0,155172,1551,1556,12345,16,32,0,1,1,1,1,1,1,
dram,bbht_grover_dram,RANGE,-4096,4096,4,65,0xc600a248,0x0a1e0844,normal,HIT,4728,-2771,20,45,0,195345,1953,1958,4728,20,45,0,1,1,1,1,1,1,
dram,bbht_grover_dram,RANGE,-4096,4096,4,66,0x1ea4f830,0x2ef0f28e,normal,HIT,9777,2203,15,45,0,137206,1372,1377,9777,15,45,0,1,1,1,1,1,1,
dram,bbht_grover_dram,RANGE,-4096,4096,4,67,0x639604f3,0x7fe04f83,normal,HIT,9777,2203,22,105,0,268746,2687,2691,9777,22,105,0,1,1,1,1,1,1,
dram,bbht_grover_dram,RANGE,-4096,4096,4,68,0x6e084a84,0xb643b17e,normal,HIT,9777,2203,22,110,0,233054,2330,2336,9777,22,110,0,1,1,1,1,1,1,
dram,bbht_grover_dram,RANGE,-4096,4096,4,69,0x3d7fc476,0x467d7a44,normal,HIT,9777,2203,21,81,0,266290,2662,2667,9777,21,81,0,1,1,1,1,1,1,
dram,bbht_grover_dram,RANGE,-4096,4096,4,70,0xedca3875,0xefade11e,normal,HIT,16227,-1474,24,133,0,303716,3037,3042,16227,24,133,0,1,1,1,1,1,1,
dram,bbht_grover_dram,RANGE,-4096,4096,4,71,0xb883121d,0x095c678c,normal,HIT,16227,-1474,21,87,0,268030,2680,2685,16227,21,87,0,1,1,1,1,1,1,
dram,bbht_grover_dram,RANGE,-4096,4096,4,72,0xace22797,0xbc422a9a,normal,HIT,12345,2314,19,92,0,246452,2464,2469,12345,19,92,0,1,1,1,1,1,1,
dram,bbht_grover_dram,RANGE,-4096,4096,4,73,0xefd3172d,0x8c2c3233,normal,HIT,9777,2203,14,24,0,137882,1378,1383,9777,14,24,0,1,1,1,1,1,1,
dram,bbht_grover_dram,RANGE,-4096,4096,4,74,0xe6aacdb5,0x7f1c158a,normal,HIT,4728,-2771,17,64,0,174195,1741,1747,4728,17,64,0,1,1,1,1,1,1,
dram,bbht_grover_dram,RANGE,-4096,4096,4,75,0x6566c598,0xca804b00,normal,HIT,4728,-2771,17,62,0,192255,1922,1928,4728,17,62,0,1,1,1,1,1,1,
dram,bbht_grover_dram,RANGE,-4096,4096,4,76,0x4e646d9d,0xcbae5ac0,normal,HIT,9777,2203,20,76,0,283480,2834,2839,9777,20,76,0,1,1,1,1,1,1,
dram,bbht_grover_dram,RANGE,-4096,4096,4,77,0x05d81d6f,0x260c4013,normal,HIT,4728,-2771,19,90,0,246025,2460,2465,4728,19,90,0,1,1,1,1,1,1,
dram,bbht_grover_dram,RANGE,-4096,4096,4,78,0x2018f6a3,0x5728c7f4,normal,HIT,4728,-2771,14,25,0,154661,1546,1551,4728,14,25,0,1,1,1,1,1,1,
dram,bbht_grover_dram,RANGE,-4096,4096,4,79,0x718ebf0c,0x4d7d460c,normal,HIT,4728,-2771,14,27,0,172677,1726,1732,4728,14,27,0,1,1,1,1,1,1,
dram,bbht_grover_dram,RANGE,-4096,4096,4,80,0x042a8f17,0x2093b3f4,normal,HIT,16227,-1474,21,89,0,266554,2665,2669,16227,21,89,0,1,1,1,1,1,1,
dram,bbht_grover_dram,RANGE,-4096,4096,4,81,0xfc1c775d,0x35bd20f1,normal,HIT,4728,-2771,18,79,0,175019,1750,1754,4728,18,79,0,1,1,1,1,1,1,
dram,bbht_grover_dram,RANGE,-4096,4096,4,82,0x16b93b63,0x7d609ba5,normal,HIT,16227,-1474,21,121,0,248600,2486,2490,16227,21,121,0,1,1,1,1,1,1,
dram,bbht_grover_dram,RANGE,-4096,4096,4,83,0x8ce1028e,0xb152e7ef,normal,HIT,16227,-1474,20,110,0,249552,2495,2500,16227,20,110,0,1,1,1,1,1,1,
dram,bbht_grover_dram,RANGE,-4096,4096,4,84,0x87bad980,0x7dbefa97,normal,HIT,16227,-1474,20,107,0,265992,2659,2664,16227,20,107,0,1,1,1,1,1,1,
dram,bbht_grover_dram,RANGE,-4096,4096,4,85,0xd63d86f3,0xf5399cca,normal,HIT,16227,-1474,18,44,0,211574,2115,2121,16227,18,44,0,1,1,1,1,1,1,
dram,bbht_grover_dram,RANGE,-4096,4096,4,86,0xeeaba102,0x01560fc0,normal,HIT,4728,-2771,23,136,0,305551,3055,3060,4728,23,136,0,1,1,1,1,1,1,
dram,bbht_grover_dram,RANGE,-4096,4096,4,87,0xc1fee4bb,0xc7e12d58,normal,HIT,16227,-1474,15,33,0,155602,1556,1560,16227,15,33,0,1,1,1,1,1,1,
dram,bbht_grover_dram,RANGE,-4096,4096,4,88,0x0707c9da,0xf644a3f9,normal,HIT,12345,2314,10,10,0,80390,803,808,12345,10,10,0,1,1,1,1,1,1,
dram,bbht_grover_dram,RANGE,-4096,4096,4,89,0xde0d9c30,0x58a2ee8f,normal,HIT,12345,2314,21,91,0,232198,2321,2327,12345,21,91,0,1,1,1,1,1,1,
dram,bbht_grover_dram,RANGE,-4096,4096,4,90,0x7cd0efc7,0x9f385cfb,normal,HIT,16227,-1474,13,12,0,101998,1019,1025,16227,13,12,0,1,1,1,1,1,1,
dram,bbht_grover_dram,RANGE,-4096,4096,4,91,0xe4cb50a6,0x94d13729,normal,HIT,16227,-1474,22,121,0,268104,2681,2685,16227,22,121,0,1,1,1,1,1,1,
dram,bbht_grover_dram,RANGE,-4096,4096,4,92,0xa0882219,0x18f75d24,normal,HIT,9777,2203,18,55,0,210864,2108,2113,9777,18,55,0,1,1,1,1,1,1,
dram,bbht_grover_dram,RANGE,-4096,4096,4,93,0xc435e6f2,0xf75a52bc,normal,HIT,9777,2203,18,71,0,175492,1754,1760,9777,18,71,0,1,1,1,1,1,1,
dram,bbht_grover_dram,RANGE,-4096,4096,4,94,0x011b63f0,0x0aa34346,normal,HIT,16227,-1474,13,21,0,118644,1186,1191,16227,13,21,0,1,1,1,1,1,1,
dram,bbht_grover_dram,RANGE,-4096,4096,4,95,0x1b456e77,0xee460f94,normal,HIT,12345,2314,21,100,0,249032,2490,2494,12345,21,100,0,1,1,1,1,1,1,
dram,bbht_grover_dram,RANGE,-4096,4096,4,96,0x10088608,0xef418331,normal,HIT,9777,2203,16,31,0,137908,1379,1383,9777,16,31,0,1,1,1,1,1,1,
dram,bbht_grover_dram,RANGE,-4096,4096,4,97,0x6fcfc352,0xf8fa9f4c,normal,HIT,4728,-2771,22,124,0,268069,2680,2685,4728,22,124,0,1,1,1,1,1,1,
dram,bbht_grover_dram,RANGE,-4096,4096,4,98,0xfb6077af,0x713595a9,normal,HIT,12345,2314,19,82,0,246968,2469,2473,12345,19,82,0,1,1,1,1,1,1,
dram,bbht_grover_dram,RANGE,-4096,4096,4,99,0xc6ebb72e,0x08fdf109,normal,HIT,9777,2203,16,42,0,174420,1744,1748,9777,16,42,0,1,1,1,1,1,1,
dram,bbht_grover_dram,RANGE,-4096,4096,16,0,0x7b1dcdaf,0x24370df2,normal,HIT,4554,4061,20,81,16,532796,5327,5332,4554,20,81,16,1,1,1,1,1,1,
dram,bbht_grover_dram,RANGE,-4096,4096,16,1,0x3a85a4dc,0xa3b9aa35,normal,HIT,13446,-543,11,9,0,62616,626,630,13446,11,9,0,1,1,1,1,1,1,
dram,bbht_grover_dram,RANGE,-4096,4096,16,2,0x6162a8b2,0x871c276f,normal,HIT,16227,-1474,14,34,0,135970,1359,1364,16227,14,34,0,1,1,1,1,1,1,
dram,bbht_grover_dram,RANGE,-4096,4096,16,3,0xc3adc34e,0xf5b8f22b,normal,HIT,16227,-1474,9,8,0,61588,615,621,16227,9,8,0,1,1,1,1,1,1,
dram,bbht_grover_dram,RANGE,-4096,4096,16,4,0x2bb073ff,0x3f8396e3,normal,HIT,5449,-2943,17,59,0,192415,1924,1928,5449,17,59,0,1,1,1,1,1,1,
dram,bbht_grover_dram,RANGE,-4096,4096,16,5,0xda585ab3,0xa7197ad7,normal,HIT,12345,2314,18,40,0,174860,1748,1753,12345,18,40,0,1,1,1,1,1,1,
dram,bbht_grover_dram,RANGE,-4096,4096,16,6,0x0ed109c0,0x5701ce52,normal,HIT,1208,-1015,15,42,0,172521,1725,1730,1208,15,42,0,1,1,1,1,1,1,
dram,bbht_grover_dram,RANGE,-4096,4096,16,7,0x102ecf73,0x53c7612b,normal,HIT,6787,-1136,19,67,0,247392,2473,2479,6787,19,67,0,1,1,1,1,1,1,
dram,bbht_grover_dram,RANGE,-4096,4096,16,8,0xcf29b6a1,0x35231a84,normal,HIT,12995,-628,15,40,0,155617,1556,1561,12995,15,40,0,1,1,1,1,1,1,
dram,bbht_grover_dram,RANGE,-4096,4096,16,9,0xc49cbb42,0xd0a3bbb8,normal,HIT,3663,-4027,11,14,0,64139,641,646,3663,11,14,0,1,1,1,1,1,1,
dram,bbht_grover_dram,RANGE,-4096,4096,16,10,0x4cc51d23,0xee0e3ab4,normal,HIT,4554,4061,20,93,12,439343,4393,4398,4554,20,93,12,1,1,1,1,1,1,
dram,bbht_grover_dram,RANGE,-4096,4096,16,11,0xf9e8aa7a,0x3208c31a,normal,HIT,1208,-1015,15,41,0,154765,1547,1553,1208,15,41,0,1,1,1,1,1,1,
dram,bbht_grover_dram,RANGE,-4096,4096,16,12,0xdda8b051,0xc8105c9d,normal,HIT,645,768,18,42,0,210277,2102,2108,645,18,42,0,1,1,1,1,1,1,
dram,bbht_grover_dram,RANGE,-4096,4096,16,13,0xabfb11bf,0xf5dec75e,normal,HIT,6787,-1136,17,61,0,175415,1754,1759,6787,17,61,0,1,1,1,1,1,1,
dram,bbht_grover_dram,RANGE,-4096,4096,16,14,0x20639811,0x6b6a7c47,normal,HIT,15376,-614,16,45,0,156830,1568,1573,15376,16,45,0,1,1,1,1,1,1,
dram,bbht_grover_dram,RANGE,-4096,4096,16,15,0xac72acd2,0xca84bc6c,normal,HIT,9777,2203,16,39,0,156632,1566,1570,9777,16,39,0,1,1,1,1,1,1,
dram,bbht_grover_dram,RANGE,-4096,4096,16,16,0x49a2da79,0xe1376725,normal,HIT,9777,2203,14,35,0,118954,1189,1194,9777,14,35,0,1,1,1,1,1,1,
dram,bbht_grover_dram,RANGE,-4096,4096,16,17,0x63a4e9d7,0x6166dba4,normal,HIT,13446,-543,15,30,0,156624,1566,1570,13446,15,30,0,1,1,1,1,1,1,
dram,bbht_grover_dram,RANGE,-4096,4096,16,18,0x8983f102,0x43fb6183,normal,HIT,13981,-1174,17,55,0,175739,1757,1762,13981,17,55,0,1,1,1,1,1,1,
dram,bbht_grover_dram,RANGE,-4096,4096,16,19,0xb671aa78,0xc97ad8a2,normal,HIT,13981,-1174,7,3,0,42397,423,428,13981,7,3,0,1,1,1,1,1,1,
dram,bbht_grover_dram,RANGE,-4096,4096,16,20,0xdaeb566a,0x989e5b3d,normal,HIT,12995,-628,15,33,0,155839,1558,1562,12995,15,33,0,1,1,1,1,1,1,
dram,bbht_grover_dram,RANGE,-4096,4096,16,21,0xf6181c00,0xa345ac4b,normal,HIT,6787,-1136,12,12,0,81155,811,816,6787,12,12,0,1,1,1,1,1,1,
dram,bbht_grover_dram,RANGE,-4096,4096,16,22,0x4e18d852,0xa08980df,normal,HIT,9998,-1243,12,18,0,134158,1341,1346,9998,12,18,0,1,1,1,1,1,1,
dram,bbht_grover_dram,RANGE,-4096,4096,16,23,0xa035ceba,0x611de4c4,normal,HIT,9270,2094,12,21,0,136821,1368,1373,9270,12,21,0,1,1,1,1,1,1,
dram,bbht_grover_dram,RANGE,-4096,4096,16,24,0xc2416ee4,0x7323f479,normal,HIT,12995,-628,12,28,0,151587,1515,1521,12995,12,28,0,1,1,1,1,1,1,
dram,bbht_grover_dram,RANGE,-4096,4096,16,25,0xfbdafbdd,0xa0c0cf2f,normal,HIT,15376,-614,18,55,0,228230,2282,2287,15376,18,55,0,1,1,1,1,1,1,
dram,bbht_grover_dram,RANGE,-4096,4096,16,26,0xa43fbf47,0x8de97b10,normal,HIT,5449,-2943,15,29,0,136213,1362,1366,5449,15,29,0,1,1,1,1,1,1,
dram,bbht_grover_dram,RANGE,-4096,4096,16,27,0x6811f7c1,0xcb07044a,normal,HIT,4728,-2771,14,32,0,136095,1360,1365,4728,14,32,0,1,1,1,1,1,1,
dram,bbht_grover_dram,RANGE,-4096,4096,16,28,0x610dde2c,0x8cf5deb9,normal,HIT,5449,-2943,11,17,0,134257,1342,1347,5449,11,17,0,1,1,1,1,1,1,
dram,bbht_grover_dram,RANGE,-4096,4096,16,29,0x82241b87,0xbbe27f39,normal,HIT,4728,-2771,18,62,0,192517,1925,1930,4728,18,62,0,1,1,1,1,1,1,
dram,bbht_grover_dram,RANGE,-4096,4096,16,30,0x48647490,0xea9551eb,normal,HIT,3663,-4027,19,63,0,193637,1936,1942,3663,19,63,0,1,1,1,1,1,1,
dram,bbht_grover_dram,RANGE,-4096,4096,16,31,0x63df3b7f,0xa8b057e1,normal,HIT,3663,-4027,14,35,0,173051,1730,1735,3663,14,35,0,1,1,1,1,1,1,
dram,bbht_grover_dram,RANGE,-4096,4096,16,32,0x433125bb,0x3221fef0,normal,HIT,12995,-628,7,4,0,41770,417,422,12995,7,4,0,1,1,1,1,1,1,
dram,bbht_grover_dram,RANGE,-4096,4096,16,33,0x7943be40,0x6641ee79,normal,HIT,1208,-1015,8,8,0,77459,774,779,1208,8,8,0,1,1,1,1,1,1,
dram,bbht_grover_dram,RANGE,-4096,4096,16,34,0x26c93252,0x675d2908,normal,HIT,645,768,9,12,0,96851,968,972,645,9,12,0,1,1,1,1,1,1,
dram,bbht_grover_dram,RANGE,-4096,4096,16,35,0xdbe3ed49,0xa7cfea56,normal,HIT,16227,-1474,17,57,0,158620,1586,1590,16227,17,57,0,1,1,1,1,1,1,
dram,bbht_grover_dram,RANGE,-4096,4096,16,36,0xc2ec9bb4,0xbfc0ae9e,normal,HIT,16227,-1474,17,47,0,175638,1756,1761,16227,17,47,0,1,1,1,1,1,1,
dram,bbht_grover_dram,RANGE,-4096,4096,16,37,0xe7ec8559,0x307064ac,normal,HIT,9270,2094,16,28,0,209805,2098,2102,9270,16,28,0,1,1,1,1,1,1,
dram,bbht_grover_dram,RANGE,-4096,4096,16,38,0xccb88b54,0x2cf00158,normal,HIT,1208,-1015,17,70,0,228283,2282,2287,1208,17,70,0,1,1,1,1,1,1,
dram,bbht_grover_dram,RANGE,-4096,4096,16,39,0xb512e6a4,0x2b9e708c,normal,HIT,1208,-1015,15,31,0,156635,1566,1570,1208,15,31,0,1,1,1,1,1,1,
dram,bbht_grover_dram,RANGE,-4096,4096,16,40,0x7e2c3d82,0xa69fb195,normal,HIT,1208,-1015,15,28,0,154987,1549,1555,1208,15,28,0,1,1,1,1,1,1,
dram,bbht_grover_dram,RANGE,-4096,4096,16,41,0x58b3e5ad,0x23a21253,normal,HIT,4554,4061,17,61,0,209760,2097,2102,4554,17,61,0,1,1,1,1,1,1,
dram,bbht_grover_dram,RANGE,-4096,4096,16,42,0x9a07c40b,0x3ea78d8c,normal,HIT,15376,-614,15,34,0,156386,1563,1569,15376,15,34,0,1,1,1,1,1,1,
dram,bbht_grover_dram,RANGE,-4096,4096,16,43,0xf1f9a54b,0x7b00db61,normal,HIT,13446,-543,14,33,0,190712,1907,1912,13446,14,33,0,1,1,1,1,1,1,
dram,bbht_grover_dram,RANGE,-4096,4096,16,44,0xfba6212d,0xb8b8356a,normal,HIT,4554,4061,12,13,0,117078,1170,1175,4554,12,13,0,1,1,1,1,1,1,
dram,bbht_grover_dram,RANGE,-4096,4096,16,45,0x1ca60615,0xd753b84a,normal,HIT,6787,-1136,9,10,0,96619,966,971,6787,9,10,0,1,1,1,1,1,1,
dram,bbht_grover_dram,RANGE,-4096,4096,16,46,0xa085c93e,0x19b8504d,normal,HIT,6787,-1136,9,10,0,78989,789,795,6787,9,10,0,1,1,1,1,1,1,
dram,bbht_grover_dram,RANGE,-4096,4096,16,47,0x18190603,0xad0438b2,normal,HIT,1208,-1015,16,42,0,155278,1552,1558,1208,16,42,0,1,1,1,1,1,1,
dram,bbht_grover_dram,RANGE,-4096,4096,16,48,0xc1143c78,0xbbdab3cd,normal,HIT,15376,-614,13,13,0,84397,843,849,15376,13,13,0,1,1,1,1,1,1,
dram,bbht_grover_dram,RANGE,-4096,4096,16,49,0x332063fc,0x222ba57c,normal,HIT,12345,2314,4,1,0,21408,214,218,12345,4,1,0,1,1,1,1,1,1,
dram,bbht_grover_dram,RANGE,-4096,4096,16,50,0xd6f4066b,0xab9eb714,normal,HIT,9998,-1243,18,48,0,175528,1755,1760,9998,18,48,0,1,1,1,1,1,1,
dram,bbht_grover_dram,RANGE,-4096,4096,16,51,0x64b9628c,0x9cd8b518,normal,HIT,16227,-1474,15,37,0,207610,2076,2080,16227,15,37,0,1,1,1,1,1,1,
dram,bbht_grover_dram,RANGE,-4096,4096,16,52,0x894e6771,0x8a255c2e,normal,HIT,13446,-543,11,9,0,99982,999,1005,13446,11,9,0,1,1,1,1,1,1,
dram,bbht_grover_dram,RANGE,-4096,4096,16,53,0xe3e668e8,0xff1f20c3,normal,HIT,9270,2094,20,77,0,266863,2668,2674,9270,20,77,0,1,1,1,1,1,1,
dram,bbht_grover_dram,RANGE,-4096,4096,16,54,0x36980406,0xfbdbfa61,normal,HIT,3663,-4027,11,22,0,115881,1158,1163,3663,11,22,0,1,1,1,1,1,1,
dram,bbht_grover_dram,RANGE,-4096,4096,16,55,0x114d2b4a,0xa617ad4e,normal,HIT,5449,-2943,13,22,0,171465,1714,1719,5449,13,22,0,1,1,1,1,1,1,
dram,bbht_grover_dram,RANGE,-4096,4096,16,56,0x3b8907e1,0x0c6cbd10,normal,HIT,645,768,8,7,0,60565,605,610,645,8,7,0,1,1,1,1,1,1,
dram,bbht_grover_dram,RANGE,-4096,4096,16,57,0x2cd09c1d,0x964fb1a7,normal,HIT,12995,-628,15,38,0,118681,1186,1191,12995,15,38,0,1,1,1,1,1,1,
dram,bbht_grover_dram,RANGE,-4096,4096,16,58,0x6d7a8604,0xbd6f99c6,normal,HIT,13981,-1174,9,7,0,80439,804,809,13981,9,7,0,1,1,1,1,1,1,
dram,bbht_grover_dram,RANGE,-4096,4096,16,59,0x1fadaf42,0x60010aa3,normal,HIT,9777,2203,16,49,0,192433,1924,1929,9777,16,49,0,1,1,1,1,1,1,
dram,bbht_grover_dram,RANGE,-4096,4096,16,60,0x92fe7cfd,0xb54e2773,normal,HIT,4728,-2771,8,6,0,77819,778,783,4728,8,6,0,1,1,1,1,1,1,
dram,bbht_grover_dram,RANGE,-4096,4096,16,61,0x1aecb060,0x9c545eba,normal,HIT,15376,-614,15,34,0,191198,1911,1917,15376,15,34,0,1,1,1,1,1,1,
dram,bbht_grover_dram,RANGE,-4096,4096,16,62,0x91778cc3,0xbd1d1bc0,normal,HIT,645,768,17,52,0,192659,1926,1931,645,17,52,0,1,1,1,1,1,1,
dram,bbht_grover_dram,RANGE,-4096,4096,16,63,0xe6b7e7eb,0xd542988e,normal,HIT,15376,-614,13,24,0,153556,1535,1539,15376,13,24,0,1,1,1,1,1,1,
dram,bbht_grover_dram,RANGE,-4096,4096,16,64,0x6770144c,0xd2d3c6e7,normal,HIT,4728,-2771,18,52,0,191923,1919,1923,4728,18,52,0,1,1,1,1,1,1,
dram,bbht_grover_dram,RANGE,-4096,4096,16,65,0xc600a248,0x0a1e0844,normal,HIT,4728,-2771,20,45,0,195312,1953,1958,4728,20,45,0,1,1,1,1,1,1,
dram,bbht_grover_dram,RANGE,-4096,4096,16,66,0x1ea4f830,0x2ef0f28e,normal,HIT,645,768,15,45,0,136961,1369,1375,645,15,45,0,1,1,1,1,1,1,
dram,bbht_grover_dram,RANGE,-4096,4096,16,67,0x639604f3,0x7fe04f83,normal,HIT,1208,-1015,11,15,0,98780,987,992,1208,11,15,0,1,1,1,1,1,1,
dram,bbht_grover_dram,RANGE,-4096,4096,16,68,0x6e084a84,0xb643b17e,normal,HIT,12995,-628,11,18,0,98974,989,995,12995,11,18,0,1,1,1,1,1,1,
dram,bbht_grover_dram,RANGE,-4096,4096,16,69,0x3d7fc476,0x467d7a44,normal,HIT,6787,-1136,17,36,0,192217,1922,1926,6787,17,36,0,1,1,1,1,1,1,
dram,bbht_grover_dram,RANGE,-4096,4096,16,70,0xedca3875,0xefade11e,normal,HIT,4554,4061,9,10,0,78878,788,793,4554,9,10,0,1,1,1,1,1,1,
dram,bbht_grover_dram,RANGE,-4096,4096,16,71,0xb883121d,0x095c678c,normal,HIT,6787,-1136,20,70,0,248861,2488,2493,6787,20,70,0,1,1,1,1,1,1,
dram,bbht_grover_dram,RANGE,-4096,4096,16,72,0xace22797,0xbc422a9a,normal,HIT,645,768,17,51,0,209633,2096,2101,645,17,51,0,1,1,1,1,1,1,
dram,bbht_grover_dram,RANGE,-4096,4096,16,73,0xefd3172d,0x8c2c3233,normal,HIT,13446,-543,11,15,0,100156,1001,1005,13446,11,15,0,1,1,1,1,1,1,
dram,bbht_grover_dram,RANGE,-4096,4096,16,74,0xe6aacdb5,0x7f1c158a,normal,HIT,1208,-1015,16,48,0,155739,1557,1561,1208,16,48,0,1,1,1,1,1,1,
dram,bbht_grover_dram,RANGE,-4096,4096,16,75,0x6566c598,0xca804b00,normal,HIT,15376,-614,14,31,0,137042,1370,1374,15376,14,31,0,1,1,1,1,1,1,
dram,bbht_grover_dram,RANGE,-4096,4096,16,76,0x4e646d9d,0xcbae5ac0,normal,HIT,13981,-1174,9,10,0,96883,968,974,13981,9,10,0,1,1,1,1,1,1,
dram,bbht_grover_dram,RANGE,-4096,4096,16,77,0x05d81d6f,0x260c4013,normal,HIT,9998,-1243,18,67,0,228084,2280,2286,9998,18,67,0,1,1,1,1,1,1,
dram,bbht_grover_dram,RANGE,-4096,4096,16,78,0x2018f6a3,0x5728c7f4,normal,HIT,4728,-2771,14,25,0,154569,1545,1549,4728,14,25,0,1,1,1,1,1,1,
dram,bbht_grover_dram,RANGE,-4096,4096,16,79,0x718ebf0c,0x4d7d460c,normal,HIT,4728,-2771,14,27,0,172652,1726,1732,4728,14,27,0,1,1,1,1,1,1,
dram,bbht_grover_dram,RANGE,-4096,4096,16,80,0x042a8f17,0x2093b3f4,normal,HIT,9777,2203,18,63,0,227670,2276,2281,9777,18,63,0,1,1,1,1,1,1,
dram,bbht_grover_dram,RANGE,-4096,4096,16,81,0xfc1c775d,0x35bd20f1,normal,HIT,3663,-4027,15,44,0,137087,1370,1376,3663,15,44,0,1,1,1,1,1,1,
dram,bbht_grover_dram,RANGE,-4096,4096,16,82,0x16b93b63,0x7d609ba5,normal,HIT,9777,2203,20,84,0,229844,2298,2302,9777,20,84,0,1,1,1,1,1,1,
dram,bbht_grover_dram,RANGE,-4096,4096,16,83,0x8ce1028e,0xb152e7ef,normal,HIT,15376,-614,14,23,0,138544,1385,1389,15376,14,23,0,1,1,1,1,1,1,
dram,bbht_grover_dram,RANGE,-4096,4096,16,84,0x87bad980,0x7dbefa97,normal,HIT,5449,-2943,12,23,0,134719,1347,1351,5449,12,23,0,1,1,1,1,1,1,
dram,bbht_grover_dram,RANGE,-4096,4096,16,85,0xd63d86f3,0xf5399cca,normal,HIT,12345,2314,19,67,0,230171,2301,2306,12345,19,67,0,1,1,1,1,1,1,
dram,bbht_grover_dram,RANGE,-4096,4096,16,86,0xeeaba102,0x01560fc0,normal,HIT,13981,-1174,19,62,0,231403,2314,2319,13981,19,62,0,1,1,1,1,1,1,
dram,bbht_grover_dram,RANGE,-4096,4096,16,87,0xc1fee4bb,0xc7e12d58,normal,HIT,6787,-1136,12,15,0,100007,1000,1005,6787,12,15,0,1,1,1,1,1,1,
dram,bbht_grover_dram,RANGE,-4096,4096,16,88,0x0707c9da,0xf644a3f9,normal,HIT,12345,2314,16,48,0,173126,1731,1735,12345,16,48,0,1,1,1,1,1,1,
dram,bbht_grover_dram,RANGE,-4096,4096,16,89,0xde0d9c30,0x58a2ee8f,normal,HIT,645,768,16,41,0,156489,1564,1569,645,16,41,0,1,1,1,1,1,1,
dram,bbht_grover_dram,RANGE,-4096,4096,16,90,0x7cd0efc7,0x9f385cfb,normal,HIT,16227,-1474,13,12,0,102032,1020,1025,16227,13,12,0,1,1,1,1,1,1,
dram,bbht_grover_dram,RANGE,-4096,4096,16,91,0xe4cb50a6,0x94d13729,normal,HIT,3663,-4027,18,75,0,194091,1940,1945,3663,18,75,0,1,1,1,1,1,1,
dram,bbht_grover_dram,RANGE,-4096,4096,16,92,0xa0882219,0x18f75d24,normal,HIT,9777,2203,18,55,0,210808,2108,2113,9777,18,55,0,1,1,1,1,1,1,
dram,bbht_grover_dram,RANGE,-4096,4096,16,93,0xc435e6f2,0xf75a52bc,normal,HIT,6787,-1136,15,45,0,137157,1371,1375,6787,15,45,0,1,1,1,1,1,1,
dram,bbht_grover_dram,RANGE,-4096,4096,16,94,0x011b63f0,0x0aa34346,normal,HIT,645,768,18,62,0,210531,2105,2110,645,18,62,0,1,1,1,1,1,1,
dram,bbht_grover_dram,RANGE,-4096,4096,16,95,0x1b456e77,0xee460f94,normal,HIT,12995,-628,5,4,0,40521,405,409,12995,5,4,0,1,1,1,1,1,1,
dram,bbht_grover_dram,RANGE,-4096,4096,16,96,0x10088608,0xef418331,normal,HIT,13446,-543,14,21,0,118648,1186,1192,13446,14,21,0,1,1,1,1,1,1,
dram,bbht_grover_dram,RANGE,-4096,4096,16,97,0x6fcfc352,0xf8fa9f4c,normal,HIT,6787,-1136,11,11,0,81283,812,817,6787,11,11,0,1,1,1,1,1,1,
dram,bbht_grover_dram,RANGE,-4096,4096,16,98,0xfb6077af,0x713595a9,normal,HIT,1208,-1015,12,17,0,134895,1348,1354,1208,12,17,0,1,1,1,1,1,1,
dram,bbht_grover_dram,RANGE,-4096,4096,16,99,0xc6ebb72e,0x08fdf109,normal,HIT,4554,4061,19,70,0,229726,2297,2303,4554,19,70,0,1,1,1,1,1,1,
dram,bbht_grover_dram,RANGE,-4096,4096,64,0,0x7b1dcdaf,0x24370df2,normal,HIT,6171,1345,14,22,5,232542,2325,2331,6171,14,22,5,1,1,1,1,1,1,
dram,bbht_grover_dram,RANGE,-4096,4096,64,1,0x3a85a4dc,0xa3b9aa35,normal,HIT,13589,-734,11,9,0,62673,626,630,13589,11,9,0,1,1,1,1,1,1,
dram,bbht_grover_dram,RANGE,-4096,4096,64,2,0x6162a8b2,0x871c276f,normal,HIT,16227,-1474,14,34,4,211232,2112,2116,16227,14,34,4,1,1,1,1,1,1,
dram,bbht_grover_dram,RANGE,-4096,4096,64,3,0xc3adc34e,0xf5b8f22b,normal,HIT,16227,-1474,9,8,0,61584,615,620,16227,9,8,0,1,1,1,1,1,1,
dram,bbht_grover_dram,RANGE,-4096,4096,64,4,0x2bb073ff,0x3f8396e3,normal,HIT,3669,3592,13,21,0,118384,1183,1188,3669,13,21,0,1,1,1,1,1,1,
dram,bbht_grover_dram,RANGE,-4096,4096,64,5,0xda585ab3,0xa7197ad7,normal,HIT,11383,3702,15,18,0,119130,1191,1195,11383,15,18,0,1,1,1,1,1,1,
dram,bbht_grover_dram,RANGE,-4096,4096,64,6,0x0ed109c0,0x5701ce52,normal,HIT,4695,-731,15,42,3,229124,2291,2296,4695,15,42,3,1,1,1,1,1,1,
dram,bbht_grover_dram,RANGE,-4096,4096,64,7,0x102ecf73,0x53c7612b,normal,HIT,15073,-866,8,8,0,78470,784,789,15073,8,8,0,1,1,1,1,1,1,
dram,bbht_grover_dram,RANGE,-4096,4096,64,8,0xcf29b6a1,0x35231a84,normal,HIT,12995,-628,10,8,0,80675,806,811,12995,10,8,0,1,1,1,1,1,1,
dram,bbht_grover_dram,RANGE,-4096,4096,64,9,0xc49cbb42,0xd0a3bbb8,normal,HIT,8166,2259,10,9,0,45731,457,462,8166,10,9,0,1,1,1,1,1,1,
dram,bbht_grover_dram,RANGE,-4096,4096,64,10,0x4cc51d23,0xee0e3ab4,normal,HIT,8771,-3801,5,4,0,40385,403,408,8771,5,4,0,1,1,1,1,1,1,
dram,bbht_grover_dram,RANGE,-4096,4096,64,11,0xf9e8aa7a,0x3208c31a,normal,HIT,1236,1692,12,19,0,117136,1171,1176,1236,12,19,0,1,1,1,1,1,1,
dram,bbht_grover_dram,RANGE,-4096,4096,64,12,0xdda8b051,0xc8105c9d,normal,HIT,318,626,14,20,0,136753,1367,1372,318,14,20,0,1,1,1,1,1,1,
dram,bbht_grover_dram,RANGE,-4096,4096,64,13,0xabfb11bf,0xf5dec75e,normal,HIT,13135,465,7,7,0,41897,418,424,13135,7,7,0,1,1,1,1,1,1,
dram,bbht_grover_dram,RANGE,-4096,4096,64,14,0x20639811,0x6b6a7c47,normal,HIT,14698,-2746,12,19,0,99917,999,1004,14698,12,19,0,1,1,1,1,1,1,
dram,bbht_grover_dram,RANGE,-4096,4096,64,15,0xac72acd2,0xca84bc6c,normal,HIT,16151,-1400,13,18,0,100907,1009,1013,16151,13,18,0,1,1,1,1,1,1,
dram,bbht_grover_dram,RANGE,-4096,4096,64,16,0x49a2da79,0xe1376725,normal,HIT,12560,207,13,30,0,100412,1004,1008,12560,13,30,0,1,1,1,1,1,1,
dram,bbht_grover_dram,RANGE,-4096,4096,64,17,0x63a4e9d7,0x6166dba4,normal,HIT,13599,-583,15,30,0,156669,1566,1571,13599,15,30,0,1,1,1,1,1,1,
dram,bbht_grover_dram,RANGE,-4096,4096,64,18,0x8983f102,0x43fb6183,normal,HIT,13981,-1174,13,18,0,101109,1011,1016,13981,13,18,0,1,1,1,1,1,1,
dram,bbht_grover_dram,RANGE,-4096,4096,64,19,0xb671aa78,0xc97ad8a2,normal,HIT,13981,-1174,8,4,0,61123,611,615,13981,8,4,0,1,1,1,1,1,1,
dram,bbht_grover_dram,RANGE,-4096,4096,64,20,0xdaeb566a,0x989e5b3d,normal,HIT,6855,-2726,9,9,0,80109,801,806,6855,9,9,0,1,1,1,1,1,1,
dram,bbht_grover_dram,RANGE,-4096,4096,64,21,0xf6181c00,0xa345ac4b,normal,HIT,3675,78,14,23,0,118211,1182,1187,3675,14,23,0,1,1,1,1,1,1,
dram,bbht_grover_dram,RANGE,-4096,4096,64,22,0x4e18d852,0xa08980df,normal,HIT,14698,-2746,11,13,0,115523,1155,1159,14698,11,13,0,1,1,1,1,1,1,
dram,bbht_grover_dram,RANGE,-4096,4096,64,23,0xa035ceba,0x611de4c4,normal,HIT,6787,-1136,5,4,0,40773,407,411,6787,5,4,0,1,1,1,1,1,1,
dram,bbht_grover_dram,RANGE,-4096,4096,64,24,0xc2416ee4,0x7323f479,normal,HIT,8431,1225,11,21,0,132932,1329,1334,8431,11,21,0,1,1,1,1,1,1,
dram,bbht_grover_dram,RANGE,-4096,4096,64,25,0xfbdafbdd,0xa0c0cf2f,normal,HIT,15678,3772,16,38,0,191151,1911,1915,15678,16,38,0,1,1,1,1,1,1,
dram,bbht_grover_dram,RANGE,-4096,4096,64,26,0xa43fbf47,0x8de97b10,normal,HIT,1111,3018,7,3,0,41123,411,415,1111,7,3,0,1,1,1,1,1,1,
dram,bbht_grover_dram,RANGE,-4096,4096,64,27,0x6811f7c1,0xcb07044a,normal,HIT,6787,-1136,12,17,0,99058,990,995,6787,12,17,0,1,1,1,1,1,1,
dram,bbht_grover_dram,RANGE,-4096,4096,64,28,0x610dde2c,0x8cf5deb9,normal,HIT,12495,-3747,5,4,0,58541,585,590,12495,5,4,0,1,1,1,1,1,1,
dram,bbht_grover_dram,RANGE,-4096,4096,64,29,0x82241b87,0xbbe27f39,normal,HIT,1691,-1050,3,1,0,20619,206,210,1691,3,1,0,1,1,1,1,1,1,
dram,bbht_grover_dram,RANGE,-4096,4096,64,30,0x48647490,0xea9551eb,normal,HIT,4475,-1764,7,3,0,41934,419,423,4475,7,3,0,1,1,1,1,1,1,
dram,bbht_grover_dram,RANGE,-4096,4096,64,31,0x63df3b7f,0xa8b057e1,normal,HIT,318,626,11,19,0,134705,1347,1351,318,11,19,0,1,1,1,1,1,1,
dram,bbht_grover_dram,RANGE,-4096,4096,64,32,0x433125bb,0x3221fef0,normal,HIT,11383,3702,16,35,0,138748,1387,1392,11383,16,35,0,1,1,1,1,1,1,
dram,bbht_grover_dram,RANGE,-4096,4096,64,33,0x7943be40,0x6641ee79,normal,HIT,8166,2259,8,8,0,77651,776,781,8166,8,8,0,1,1,1,1,1,1,
dram,bbht_grover_dram,RANGE,-4096,4096,64,34,0x26c93252,0x675d2908,normal,HIT,318,626,5,3,0,40197,401,407,318,5,3,0,1,1,1,1,1,1,
dram,bbht_grover_dram,RANGE,-4096,4096,64,35,0xdbe3ed49,0xa7cfea56,normal,HIT,12495,-3747,15,30,0,121556,1215,1220,12495,15,30,0,1,1,1,1,1,1,
dram,bbht_grover_dram,RANGE,-4096,4096,64,36,0xc2ec9bb4,0xbfc0ae9e,normal,HIT,6855,-2726,14,23,0,119985,1199,1204,6855,14,23,0,1,1,1,1,1,1,
dram,bbht_grover_dram,RANGE,-4096,4096,64,37,0xe7ec8559,0x307064ac,normal,HIT,13446,-543,4,2,0,39496,394,399,13446,4,2,0,1,1,1,1,1,1,
dram,bbht_grover_dram,RANGE,-4096,4096,64,38,0xccb88b54,0x2cf00158,normal,HIT,15073,-866,5,4,0,40962,409,414,15073,5,4,0,1,1,1,1,1,1,
dram,bbht_grover_dram,RANGE,-4096,4096,64,39,0xb512e6a4,0x2b9e708c,normal,HIT,6855,-2726,2,1,0,19577,195,201,6855,2,1,0,1,1,1,1,1,1,
dram,bbht_grover_dram,RANGE,-4096,4096,64,40,0x7e2c3d82,0xa69fb195,normal,HIT,8166,2259,11,14,0,98535,985,990,8166,11,14,0,1,1,1,1,1,1,
dram,bbht_grover_dram,RANGE,-4096,4096,64,41,0x58b3e5ad,0x23a21253,normal,HIT,645,768,14,29,0,154581,1545,1550,645,14,29,0,1,1,1,1,1,1,
dram,bbht_grover_dram,RANGE,-4096,4096,64,42,0x9a07c40b,0x3ea78d8c,normal,HIT,6787,-1136,11,12,0,98975,989,994,6787,11,12,0,1,1,1,1,1,1,
dram,bbht_grover_dram,RANGE,-4096,4096,64,43,0xf1f9a54b,0x7b00db61,normal,HIT,12345,2314,10,12,0,116330,1163,1168,12345,10,12,0,1,1,1,1,1,1,
dram,bbht_grover_dram,RANGE,-4096,4096,64,44,0xfba6212d,0xb8b8356a,normal,HIT,4299,-3541,12,13,0,117039,1170,1175,4299,12,13,0,1,1,1,1,1,1,
dram,bbht_grover_dram,RANGE,-4096,4096,64,45,0x1ca60615,0xd753b84a,normal,HIT,8166,2259,11,14,0,116337,1163,1168,8166,11,14,0,1,1,1,1,1,1,
dram,bbht_grover_dram,RANGE,-4096,4096,64,46,0xa085c93e,0x19b8504d,normal,HIT,12995,-628,13,28,0,136427,1364,1370,12995,13,28,0,1,1,1,1,1,1,
dram,bbht_grover_dram,RANGE,-4096,4096,64,47,0x18190603,0xad0438b2,normal,HIT,6075,-3833,15,30,0,154802,1548,1552,6075,15,30,0,1,1,1,1,1,1,
dram,bbht_grover_dram,RANGE,-4096,4096,64,48,0xc1143c78,0xbbdab3cd,normal,HIT,4299,-3541,17,27,0,141573,1415,1421,4299,17,27,0,1,1,1,1,1,1,
dram,bbht_grover_dram,RANGE,-4096,4096,64,49,0x332063fc,0x222ba57c,normal,HIT,5193,2575,14,27,0,120369,1203,1208,5193,14,27,0,1,1,1,1,1,1,
dram,bbht_grover_dram,RANGE,-4096,4096,64,50,0xd6f4066b,0xab9eb714,normal,HIT,4554,4061,6,3,0,40712,407,411,4554,6,3,0,1,1,1,1,1,1,
dram,bbht_grover_dram,RANGE,-4096,4096,64,51,0x64b9628c,0x9cd8b518,normal,HIT,14356,-58,8,10,0,95764,957,962,14356,8,10,0,1,1,1,1,1,1,
dram,bbht_grover_dram,RANGE,-4096,4096,64,52,0x894e6771,0x8a255c2e,normal,HIT,4728,-2771,8,5,0,61997,619,624,4728,8,5,0,1,1,1,1,1,1,
dram,bbht_grover_dram,RANGE,-4096,4096,64,53,0xe3e668e8,0xff1f20c3,normal,HIT,16227,-1474,2,1,0,19868,198,203,16227,2,1,0,1,1,1,1,1,1,
dram,bbht_grover_dram,RANGE,-4096,4096,64,54,0x36980406,0xfbdbfa61,normal,HIT,14356,-58,9,13,0,96648,966,971,14356,9,13,0,1,1,1,1,1,1,
dram,bbht_grover_dram,RANGE,-4096,4096,64,55,0x114d2b4a,0xa617ad4e,normal,HIT,13446,-543,9,11,0,115218,1152,1157,13446,9,11,0,1,1,1,1,1,1,
dram,bbht_grover_dram,RANGE,-4096,4096,64,56,0x3b8907e1,0x0c6cbd10,normal,HIT,9998,-1243,14,15,0,119878,1198,1203,9998,14,15,0,1,1,1,1,1,1,
dram,bbht_grover_dram,RANGE,-4096,4096,64,57,0x2cd09c1d,0x964fb1a7,normal,HIT,4100,1363,12,15,0,62978,629,634,4100,12,15,0,1,1,1,1,1,1,
dram,bbht_grover_dram,RANGE,-4096,4096,64,58,0x6d7a8604,0xbd6f99c6,normal,HIT,3669,3592,10,11,0,98791,987,993,3669,10,11,0,1,1,1,1,1,1,
dram,bbht_grover_dram,RANGE,-4096,4096,64,59,0x1fadaf42,0x60010aa3,normal,HIT,4554,4061,6,5,0,59583,595,600,4554,6,5,0,1,1,1,1,1,1,
dram,bbht_grover_dram,RANGE,-4096,4096,64,60,0x92fe7cfd,0xb54e2773,normal,HIT,4695,-731,8,6,0,77815,778,783,4695,8,6,0,1,1,1,1,1,1,
dram,bbht_grover_dram,RANGE,-4096,4096,64,61,0x1aecb060,0x9c545eba,normal,HIT,13222,-1247,10,13,0,115717,1157,1162,13222,10,13,0,1,1,1,1,1,1,
dram,bbht_grover_dram,RANGE,-4096,4096,64,62,0x91778cc3,0xbd1d1bc0,normal,HIT,5959,-2036,10,13,0,98143,981,986,5959,10,13,0,1,1,1,1,1,1,
dram,bbht_grover_dram,RANGE,-4096,4096,64,63,0xe6b7e7eb,0xd542988e,normal,HIT,14134,227,14,34,0,172281,1722,1728,14134,14,34,0,1,1,1,1,1,1,
dram,bbht_grover_dram,RANGE,-4096,4096,64,64,0x6770144c,0xd2d3c6e7,normal,HIT,3669,3592,8,4,0,42935,429,434,3669,8,4,0,1,1,1,1,1,1,
dram,bbht_grover_dram,RANGE,-4096,4096,64,65,0xc600a248,0x0a1e0844,normal,HIT,7089,3669,16,39,0,155820,1558,1562,7089,16,39,0,1,1,1,1,1,1,
dram,bbht_grover_dram,RANGE,-4096,4096,64,66,0x1ea4f830,0x2ef0f28e,normal,HIT,1835,477,10,7,0,62332,623,628,1835,10,7,0,1,1,1,1,1,1,
dram,bbht_grover_dram,RANGE,-4096,4096,64,67,0x639604f3,0x7fe04f83,normal,HIT,5449,-2943,10,10,0,80469,804,808,5449,10,10,0,1,1,1,1,1,1,
dram,bbht_grover_dram,RANGE,-4096,4096,64,68,0x6e084a84,0xb643b17e,normal,HIT,5193,2575,6,3,0,41215,412,417,5193,6,3,0,1,1,1,1,1,1,
dram,bbht_grover_dram,RANGE,-4096,4096,64,69,0x3d7fc476,0x467d7a44,normal,HIT,8771,-3801,15,23,0,155394,1553,1558,8771,15,23,0,1,1,1,1,1,1,
dram,bbht_grover_dram,RANGE,-4096,4096,64,70,0xedca3875,0xefade11e,normal,HIT,5193,2575,8,7,0,60479,604,609,5193,8,7,0,1,1,1,1,1,1,
dram,bbht_grover_dram,RANGE,-4096,4096,64,71,0xb883121d,0x095c678c,normal,HIT,3669,3592,16,27,0,174819,1748,1754,3669,16,27,0,1,1,1,1,1,1,
dram,bbht_grover_dram,RANGE,-4096,4096,64,72,0xace22797,0xbc422a9a,normal,HIT,2272,-2760,9,10,0,78735,787,791,2272,9,10,0,1,1,1,1,1,1,
dram,bbht_grover_dram,RANGE,-4096,4096,64,73,0xefd3172d,0x8c2c3233,normal,HIT,13135,465,5,4,0,40108,401,406,13135,5,4,0,1,1,1,1,1,1,
dram,bbht_grover_dram,RANGE,-4096,4096,64,74,0xe6aacdb5,0x7f1c158a,normal,HIT,12299,1447,15,35,0,137477,1374,1380,12299,15,35,0,1,1,1,1,1,1,
dram,bbht_grover_dram,RANGE,-4096,4096,64,75,0x6566c598,0xca804b00,normal,HIT,883,-3821,10,12,0,80716,807,811,883,10,12,0,1,1,1,1,1,1,
dram,bbht_grover_dram,RANGE,-4096,4096,64,76,0x4e646d9d,0xcbae5ac0,normal,HIT,14084,1681,9,10,0,96839,968,972,14084,9,10,0,1,1,1,1,1,1,
dram,bbht_grover_dram,RANGE,-4096,4096,64,77,0x05d81d6f,0x260c4013,normal,HIT,3428,-3946,9,10,0,96119,961,966,3428,9,10,0,1,1,1,1,1,1,
dram,bbht_grover_dram,RANGE,-4096,4096,64,78,0x2018f6a3,0x5728c7f4,normal,HIT,4299,-3541,14,25,0,154643,1546,1551,4299,14,25,0,1,1,1,1,1,1,
dram,bbht_grover_dram,RANGE,-4096,4096,64,79,0x718ebf0c,0x4d7d460c,normal,HIT,1236,1692,8,8,0,78362,783,788,1236,8,8,0,1,1,1,1,1,1,
dram,bbht_grover_dram,RANGE,-4096,4096,64,80,0x042a8f17,0x2093b3f4,normal,HIT,8431,1225,10,10,0,97448,974,979,8431,10,10,0,1,1,1,1,1,1,
dram,bbht_grover_dram,RANGE,-4096,4096,64,81,0xfc1c775d,0x35bd20f1,normal,HIT,1835,477,13,28,0,99521,995,1000,1835,13,28,0,1,1,1,1,1,1,
dram,bbht_grover_dram,RANGE,-4096,4096,64,82,0x16b93b63,0x7d609ba5,normal,HIT,12495,-3747,12,18,0,82375,823,828,12495,12,18,0,1,1,1,1,1,1,
dram,bbht_grover_dram,RANGE,-4096,4096,64,83,0x8ce1028e,0xb152e7ef,normal,HIT,6075,-3833,14,23,0,138776,1387,1392,6075,14,23,0,1,1,1,1,1,1,
dram,bbht_grover_dram,RANGE,-4096,4096,64,84,0x87bad980,0x7dbefa97,normal,HIT,15073,-866,9,11,0,79042,790,794,15073,9,11,0,1,1,1,1,1,1,
dram,bbht_grover_dram,RANGE,-4096,4096,64,85,0xd63d86f3,0xf5399cca,normal,HIT,15678,3772,12,21,0,117647,1176,1181,15678,12,21,0,1,1,1,1,1,1,
dram,bbht_grover_dram,RANGE,-4096,4096,64,86,0xeeaba102,0x01560fc0,normal,HIT,1111,3018,12,19,0,135325,1353,1357,1111,12,19,0,1,1,1,1,1,1,
dram,bbht_grover_dram,RANGE,-4096,4096,64,87,0xc1fee4bb,0xc7e12d58,normal,HIT,12345,2314,13,23,0,118712,1187,1191,12345,13,23,0,1,1,1,1,1,1,
dram,bbht_grover_dram,RANGE,-4096,4096,64,88,0x0707c9da,0xf644a3f9,normal,HIT,318,626,12,19,0,99355,993,998,318,12,19,0,1,1,1,1,1,1,
dram,bbht_grover_dram,RANGE,-4096,4096,64,89,0xde0d9c30,0x58a2ee8f,normal,HIT,698,-2344,13,19,0,101155,1011,1016,698,13,19,0,1,1,1,1,1,1,
dram,bbht_grover_dram,RANGE,-4096,4096,64,90,0x7cd0efc7,0x9f385cfb,normal,HIT,9777,2203,14,19,0,120622,1206,1211,9777,14,19,0,1,1,1,1,1,1,
dram,bbht_grover_dram,RANGE,-4096,4096,64,91,0xe4cb50a6,0x94d13729,normal,HIT,2272,-2760,15,24,0,138781,1387,1392,2272,15,24,0,1,1,1,1,1,1,
dram,bbht_grover_dram,RANGE,-4096,4096,64,92,0xa0882219,0x18f75d24,normal,HIT,6075,-3833,11,13,0,81444,814,819,6075,11,13,0,1,1,1,1,1,1,
dram,bbht_grover_dram,RANGE,-4096,4096,64,93,0xc435e6f2,0xf75a52bc,normal,HIT,4299,-3541,12,25,0,98957,989,994,4299,12,25,0,1,1,1,1,1,1,
dram,bbht_grover_dram,RANGE,-4096,4096,64,94,0x011b63f0,0x0aa34346,normal,HIT,883,-3821,13,21,0,118214,1182,1187,883,13,21,0,1,1,1,1,1,1,
dram,bbht_grover_dram,RANGE,-4096,4096,64,95,0x1b456e77,0xee460f94,normal,HIT,8166,2259,4,2,0,21843,218,222,8166,4,2,0,1,1,1,1,1,1,
dram,bbht_grover_dram,RANGE,-4096,4096,64,96,0x10088608,0xef418331,normal,HIT,15073,-866,6,4,0,41111,411,416,15073,6,4,0,1,1,1,1,1,1,
dram,bbht_grover_dram,RANGE,-4096,4096,64,97,0x6fcfc352,0xf8fa9f4c,normal,HIT,15073,-866,8,5,0,43194,431,436,15073,8,5,0,1,1,1,1,1,1,
dram,bbht_grover_dram,RANGE,-4096,4096,64,98,0xfb6077af,0x713595a9,normal,HIT,1691,-1050,12,17,0,134241,1342,1348,1691,12,17,0,1,1,1,1,1,1,
dram,bbht_grover_dram,RANGE,-4096,4096,64,99,0xc6ebb72e,0x08fdf109,normal,HIT,9270,2094,12,18,0,117337,1173,1177,9270,12,18,0,1,1,1,1,1,1,
dram,bbht_grover_dram,RANGE,-4096,4096,256,0,0x7b1dcdaf,0x24370df2,normal,HIT,12101,-2751,2,1,1,21285,212,218,12101,2,1,1,1,1,1,1,1,1,
dram,bbht_grover_dram,RANGE,-4096,4096,256,1,0x3a85a4dc,0xa3b9aa35,normal,HIT,1860,-2151,10,5,1,62793,627,631,1860,10,5,1,1,1,1,1,1,1,
dram,bbht_grover_dram,RANGE,-4096,4096,256,2,0x6162a8b2,0x871c276f,normal,HIT,7612,-2447,1,0,0,1335,13,18,7612,1,0,0,1,1,1,1,1,1,
dram,bbht_grover_dram,RANGE,-4096,4096,256,3,0xc3adc34e,0xf5b8f22b,normal,HIT,16113,1308,9,8,2,98713,987,992,16113,9,8,2,1,1,1,1,1,1,
dram,bbht_grover_dram,RANGE,-4096,4096,256,4,0x2bb073ff,0x3f8396e3,normal,HIT,4785,-3064,8,4,0,43188,431,436,4785,8,4,0,1,1,1,1,1,1,
dram,bbht_grover_dram,RANGE,-4096,4096,256,5,0xda585ab3,0xa7197ad7,normal,HIT,1511,-1704,11,9,0,62774,627,632,1511,11,9,0,1,1,1,1,1,1,
dram,bbht_grover_dram,RANGE,-4096,4096,256,6,0x0ed109c0,0x5701ce52,normal,HIT,598,3880,9,14,0,78886,788,793,598,9,14,0,1,1,1,1,1,1,
dram,bbht_grover_dram,RANGE,-4096,4096,256,7,0x102ecf73,0x53c7612b,normal,HIT,6718,-633,5,3,0,40259,402,407,6718,5,3,0,1,1,1,1,1,1,
dram,bbht_grover_dram,RANGE,-4096,4096,256,8,0xcf29b6a1,0x35231a84,normal,HIT,12890,-3479,9,4,0,61990,619,624,12890,9,4,0,1,1,1,1,1,1,
dram,bbht_grover_dram,RANGE,-4096,4096,256,9,0xc49cbb42,0xd0a3bbb8,normal,HIT,6618,224,9,7,0,44978,449,454,6618,9,7,0,1,1,1,1,1,1,
dram,bbht_grover_dram,RANGE,-4096,4096,256,10,0x4cc51d23,0xee0e3ab4,normal,HIT,5193,2575,7,6,0,59937,599,603,5193,7,6,0,1,1,1,1,1,1,
dram,bbht_grover_dram,RANGE,-4096,4096,256,11,0xf9e8aa7a,0x3208c31a,normal,HIT,11800,-2201,9,10,0,79148,791,795,11800,9,10,0,1,1,1,1,1,1,
dram,bbht_grover_dram,RANGE,-4096,4096,256,12,0xdda8b051,0xc8105c9d,normal,HIT,591,-455,13,10,0,118451,1184,1188,591,13,10,0,1,1,1,1,1,1,
dram,bbht_grover_dram,RANGE,-4096,4096,256,13,0xabfb11bf,0xf5dec75e,normal,HIT,2714,-4014,3,1,0,20430,204,208,2714,3,1,0,1,1,1,1,1,1,
dram,bbht_grover_dram,RANGE,-4096,4096,256,14,0x20639811,0x6b6a7c47,normal,HIT,6544,298,3,2,0,20958,209,215,6544,3,2,0,1,1,1,1,1,1,
dram,bbht_grover_dram,RANGE,-4096,4096,256,15,0xac72acd2,0xca84bc6c,normal,HIT,7061,575,10,7,0,62395,623,629,7061,10,7,0,1,1,1,1,1,1,
dram,bbht_grover_dram,RANGE,-4096,4096,256,16,0x49a2da79,0xe1376725,normal,HIT,13958,3326,7,6,0,42039,420,424,13958,7,6,0,1,1,1,1,1,1,
dram,bbht_grover_dram,RANGE,-4096,4096,256,17,0x63a4e9d7,0x6166dba4,normal,HIT,8833,-2331,6,5,0,41604,416,421,8833,6,5,0,1,1,1,1,1,1,
dram,bbht_grover_dram,RANGE,-4096,4096,256,18,0x8983f102,0x43fb6183,normal,HIT,12101,-2751,6,3,0,41013,410,414,12101,6,3,0,1,1,1,1,1,1,
dram,bbht_grover_dram,RANGE,-4096,4096,256,19,0xb671aa78,0xc97ad8a2,normal,HIT,14110,3958,7,3,0,42414,424,429,14110,7,3,0,1,1,1,1,1,1,
dram,bbht_grover_dram,RANGE,-4096,4096,256,20,0xdaeb566a,0x989e5b3d,normal,HIT,6313,3315,9,9,0,80094,800,806,6313,9,9,0,1,1,1,1,1,1,
dram,bbht_grover_dram,RANGE,-4096,4096,256,21,0xf6181c00,0xa345ac4b,normal,HIT,4836,-1429,10,5,0,44291,442,448,4836,10,5,0,1,1,1,1,1,1,
dram,bbht_grover_dram,RANGE,-4096,4096,256,22,0x4e18d852,0xa08980df,normal,HIT,2313,2221,5,1,0,22030,220,225,2313,5,1,0,1,1,1,1,1,1,
dram,bbht_grover_dram,RANGE,-4096,4096,256,23,0xa035ceba,0x611de4c4,normal,HIT,6595,1025,5,4,0,40259,402,406,6595,5,4,0,1,1,1,1,1,1,
dram,bbht_grover_dram,RANGE,-4096,4096,256,24,0xc2416ee4,0x7323f479,normal,HIT,6282,-619,6,6,0,40544,405,411,6282,6,6,0,1,1,1,1,1,1,
dram,bbht_grover_dram,RANGE,-4096,4096,256,25,0xfbdafbdd,0xa0c0cf2f,normal,HIT,10141,656,10,8,0,79889,798,804,10141,10,8,0,1,1,1,1,1,1,
dram,bbht_grover_dram,RANGE,-4096,4096,256,26,0xa43fbf47,0x8de97b10,normal,HIT,6544,298,9,6,0,60182,601,606,6544,9,6,0,1,1,1,1,1,1,
dram,bbht_grover_dram,RANGE,-4096,4096,256,27,0x6811f7c1,0xcb07044a,normal,HIT,10759,4069,6,4,0,40791,407,412,10759,6,4,0,1,1,1,1,1,1,
dram,bbht_grover_dram,RANGE,-4096,4096,256,28,0x610dde2c,0x8cf5deb9,normal,HIT,12495,-3747,5,4,0,58495,584,589,12495,5,4,0,1,1,1,1,1,1,
dram,bbht_grover_dram,RANGE,-4096,4096,256,29,0x82241b87,0xbbe27f39,normal,HIT,14698,-2746,7,6,0,60524,605,610,14698,7,6,0,1,1,1,1,1,1,
dram,bbht_grover_dram,RANGE,-4096,4096,256,30,0x48647490,0xea9551eb,normal,HIT,13981,-1174,3,1,0,20461,204,210,13981,3,1,0,1,1,1,1,1,1,
dram,bbht_grover_dram,RANGE,-4096,4096,256,31,0x63df3b7f,0xa8b057e1,normal,HIT,15984,2155,4,2,0,39793,397,402,15984,4,2,0,1,1,1,1,1,1,
dram,bbht_grover_dram,RANGE,-4096,4096,256,32,0x433125bb,0x3221fef0,normal,HIT,12442,-3189,10,12,0,79840,798,803,12442,10,12,0,1,1,1,1,1,1,
dram,bbht_grover_dram,RANGE,-4096,4096,256,33,0x7943be40,0x6641ee79,normal,HIT,1165,-3955,8,8,0,77465,774,779,1165,8,8,0,1,1,1,1,1,1,
dram,bbht_grover_dram,RANGE,-4096,4096,256,34,0x26c93252,0x675d2908,normal,HIT,1409,-221,8,8,0,78599,785,791,1409,8,8,0,1,1,1,1,1,1,
dram,bbht_grover_dram,RANGE,-4096,4096,256,35,0xdbe3ed49,0xa7cfea56,normal,HIT,4695,-731,2,1,0,19845,198,204,4695,2,1,0,1,1,1,1,1,1,
dram,bbht_grover_dram,RANGE,-4096,4096,256,36,0xc2ec9bb4,0xbfc0ae9e,normal,HIT,15925,-2305,4,0,0,4334,43,48,15925,4,0,0,1,1,1,1,1,1,
dram,bbht_grover_dram,RANGE,-4096,4096,256,37,0xe7ec8559,0x307064ac,normal,HIT,15604,-3833,9,8,0,114361,1143,1147,15604,9,8,0,1,1,1,1,1,1,
dram,bbht_grover_dram,RANGE,-4096,4096,256,38,0xccb88b54,0x2cf00158,normal,HIT,15120,1624,5,4,0,40974,409,414,15120,5,4,0,1,1,1,1,1,1,
dram,bbht_grover_dram,RANGE,-4096,4096,256,39,0xb512e6a4,0x2b9e708c,normal,HIT,1027,2796,5,4,0,57899,578,584,1027,5,4,0,1,1,1,1,1,1,
dram,bbht_grover_dram,RANGE,-4096,4096,256,40,0x7e2c3d82,0xa69fb195,normal,HIT,14134,227,4,2,0,21886,218,223,14134,4,2,0,1,1,1,1,1,1,
dram,bbht_grover_dram,RANGE,-4096,4096,256,41,0x58b3e5ad,0x23a21253,normal,HIT,7167,-3522,5,4,0,58018,580,584,7167,5,4,0,1,1,1,1,1,1,
dram,bbht_grover_dram,RANGE,-4096,4096,256,42,0x9a07c40b,0x3ea78d8c,normal,HIT,13599,-583,9,3,0,62219,622,626,13599,9,3,0,1,1,1,1,1,1,
dram,bbht_grover_dram,RANGE,-4096,4096,256,43,0xf1f9a54b,0x7b00db61,normal,HIT,598,3880,2,1,0,19732,197,202,598,2,1,0,1,1,1,1,1,1,
dram,bbht_grover_dram,RANGE,-4096,4096,256,44,0xfba6212d,0xb8b8356a,normal,HIT,10982,2141,9,5,0,78895,788,793,10982,9,5,0,1,1,1,1,1,1,
dram,bbht_grover_dram,RANGE,-4096,4096,256,45,0x1ca60615,0xd753b84a,normal,HIT,1409,-221,7,6,0,59788,597,603,1409,7,6,0,1,1,1,1,1,1,
dram,bbht_grover_dram,RANGE,-4096,4096,256,46,0xa085c93e,0x19b8504d,normal,HIT,6718,-633,6,3,0,41099,410,416,6718,6,3,0,1,1,1,1,1,1,
dram,bbht_grover_dram,RANGE,-4096,4096,256,47,0x18190603,0xad0438b2,normal,HIT,12995,-628,8,3,0,43363,433,438,12995,8,3,0,1,1,1,1,1,1,
dram,bbht_grover_dram,RANGE,-4096,4096,256,48,0xc1143c78,0xbbdab3cd,normal,HIT,10759,4069,11,7,0,64057,640,645,10759,11,7,0,1,1,1,1,1,1,
dram,bbht_grover_dram,RANGE,-4096,4096,256,49,0x332063fc,0x222ba57c,normal,HIT,13195,-3032,5,2,0,22360,223,227,13195,5,2,0,1,1,1,1,1,1,
dram,bbht_grover_dram,RANGE,-4096,4096,256,50,0xd6f4066b,0xab9eb714,normal,HIT,2464,796,5,1,0,22297,222,227,2464,5,1,0,1,1,1,1,1,1,
dram,bbht_grover_dram,RANGE,-4096,4096,256,51,0x64b9628c,0x9cd8b518,normal,HIT,14515,-2810,8,10,0,95228,952,957,14515,8,10,0,1,1,1,1,1,1,
dram,bbht_grover_dram,RANGE,-4096,4096,256,52,0x894e6771,0x8a255c2e,normal,HIT,4734,813,8,5,0,62015,620,624,4734,8,5,0,1,1,1,1,1,1,
dram,bbht_grover_dram,RANGE,-4096,4096,256,53,0xe3e668e8,0xff1f20c3,normal,HIT,8740,-1739,9,7,0,80003,800,804,8740,9,7,0,1,1,1,1,1,1,
dram,bbht_grover_dram,RANGE,-4096,4096,256,54,0x36980406,0xfbdbfa61,normal,HIT,8565,1388,6,6,0,40895,408,413,8565,6,6,0,1,1,1,1,1,1,
dram,bbht_grover_dram,RANGE,-4096,4096,256,55,0x114d2b4a,0xa617ad4e,normal,HIT,11006,14,7,7,0,95325,953,958,11006,7,7,0,1,1,1,1,1,1,
dram,bbht_grover_dram,RANGE,-4096,4096,256,56,0x3b8907e1,0x0c6cbd10,normal,HIT,645,768,8,7,0,60575,605,610,645,8,7,0,1,1,1,1,1,1,
dram,bbht_grover_dram,RANGE,-4096,4096,256,57,0x2cd09c1d,0x964fb1a7,normal,HIT,9296,-1665,11,10,1,81081,810,815,9296,11,10,1,1,1,1,1,1,1,
dram,bbht_grover_dram,RANGE,-4096,4096,256,58,0x6d7a8604,0xbd6f99c6,normal,HIT,9405,1321,2,1,0,19980,199,204,9405,2,1,0,1,1,1,1,1,1,
dram,bbht_grover_dram,RANGE,-4096,4096,256,59,0x1fadaf42,0x60010aa3,normal,HIT,1873,350,8,7,0,78800,788,792,1873,8,7,0,1,1,1,1,1,1,
dram,bbht_grover_dram,RANGE,-4096,4096,256,60,0x92fe7cfd,0xb54e2773,normal,HIT,2026,-2644,5,2,0,40309,403,407,2026,5,2,0,1,1,1,1,1,1,
dram,bbht_grover_dram,RANGE,-4096,4096,256,61,0x1aecb060,0x9c545eba,normal,HIT,5893,-2240,5,4,0,40503,405,409,5893,5,4,0,1,1,1,1,1,1,
dram,bbht_grover_dram,RANGE,-4096,4096,256,62,0x91778cc3,0xbd1d1bc0,normal,HIT,6787,-1136,3,1,0,20961,209,214,6787,3,1,0,1,1,1,1,1,1,
dram,bbht_grover_dram,RANGE,-4096,4096,256,63,0xe6b7e7eb,0xd542988e,normal,HIT,5449,-2943,5,3,0,39867,398,402,5449,5,3,0,1,1,1,1,1,1,
dram,bbht_grover_dram,RANGE,-4096,4096,256,64,0x6770144c,0xd2d3c6e7,normal,HIT,9240,-1467,6,2,0,23312,233,238,9240,6,2,0,1,1,1,1,1,1,
dram,bbht_grover_dram,RANGE,-4096,4096,256,65,0xc600a248,0x0a1e0844,normal,HIT,10323,-26,6,3,0,41213,412,417,10323,6,3,0,1,1,1,1,1,1,
dram,bbht_grover_dram,RANGE,-4096,4096,256,66,0x1ea4f830,0x2ef0f28e,normal,HIT,11968,3802,3,1,0,20770,207,212,11968,3,1,0,1,1,1,1,1,1,
dram,bbht_grover_dram,RANGE,-4096,4096,256,67,0x639604f3,0x7fe04f83,normal,HIT,6987,-2316,6,6,0,59543,595,600,6987,6,6,0,1,1,1,1,1,1,
dram,bbht_grover_dram,RANGE,-4096,4096,256,68,0x6e084a84,0xb643b17e,normal,HIT,5170,3782,6,3,0,41239,412,417,5170,6,3,0,1,1,1,1,1,1,
dram,bbht_grover_dram,RANGE,-4096,4096,256,69,0x3d7fc476,0x467d7a44,normal,HIT,12880,1397,2,1,0,20086,200,205,12880,2,1,0,1,1,1,1,1,1,
dram,bbht_grover_dram,RANGE,-4096,4096,256,70,0xedca3875,0xefade11e,normal,HIT,4430,74,9,10,0,78878,788,793,4430,9,10,0,1,1,1,1,1,1,
dram,bbht_grover_dram,RANGE,-4096,4096,256,71,0xb883121d,0x095c678c,normal,HIT,8836,-3872,12,13,0,118224,1182,1186,8836,12,13,0,1,1,1,1,1,1,
dram,bbht_grover_dram,RANGE,-4096,4096,256,72,0xace22797,0xbc422a9a,normal,HIT,1409,-221,8,6,0,60409,604,608,1409,8,6,0,1,1,1,1,1,1,
dram,bbht_grover_dram,RANGE,-4096,4096,256,73,0xefd3172d,0x8c2c3233,normal,HIT,12874,4091,4,2,0,21403,214,218,12874,4,2,0,1,1,1,1,1,1,
dram,bbht_grover_dram,RANGE,-4096,4096,256,74,0xe6aacdb5,0x7f1c158a,normal,HIT,5526,3979,9,10,0,78772,787,791,5526,9,10,0,1,1,1,1,1,1,
dram,bbht_grover_dram,RANGE,-4096,4096,256,75,0x6566c598,0xca804b00,normal,HIT,2756,874,9,9,0,62354,623,628,2756,9,9,0,1,1,1,1,1,1,
dram,bbht_grover_dram,RANGE,-4096,4096,256,76,0x4e646d9d,0xcbae5ac0,normal,HIT,4708,-911,8,6,0,78147,781,785,4708,8,6,0,1,1,1,1,1,1,
dram,bbht_grover_dram,RANGE,-4096,4096,256,77,0x05d81d6f,0x260c4013,normal,HIT,14134,227,5,3,0,39561,395,400,14134,5,3,0,1,1,1,1,1,1,
dram,bbht_grover_dram,RANGE,-4096,4096,256,78,0x2018f6a3,0x5728c7f4,normal,HIT,7219,43,7,7,0,59953,599,604,7219,7,7,0,1,1,1,1,1,1,
dram,bbht_grover_dram,RANGE,-4096,4096,256,79,0x718ebf0c,0x4d7d460c,normal,HIT,6313,3315,7,5,0,60012,600,605,6313,7,5,0,1,1,1,1,1,1,
dram,bbht_grover_dram,RANGE,-4096,4096,256,80,0x042a8f17,0x2093b3f4,normal,HIT,8709,-3403,8,4,0,60279,602,607,8709,8,4,0,1,1,1,1,1,1,
dram,bbht_grover_dram,RANGE,-4096,4096,256,81,0xfc1c775d,0x35bd20f1,normal,HIT,15037,-3396,5,3,0,40106,401,405,15037,5,3,0,1,1,1,1,1,1,
dram,bbht_grover_dram,RANGE,-4096,4096,256,82,0x16b93b63,0x7d609ba5,normal,HIT,7219,43,9,10,0,43610,436,439,7219,9,10,0,1,1,1,1,1,1,
dram,bbht_grover_dram,RANGE,-4096,4096,256,83,0x8ce1028e,0xb152e7ef,normal,HIT,2981,-1400,10,12,0,81292,812,817,2981,10,12,0,1,1,1,1,1,1,
dram,bbht_grover_dram,RANGE,-4096,4096,256,84,0x87bad980,0x7dbefa97,normal,HIT,1165,-3955,13,26,2,190655,1906,1910,1165,13,26,2,1,1,1,1,1,1,
dram,bbht_grover_dram,RANGE,-4096,4096,256,85,0xd63d86f3,0xf5399cca,normal,HIT,1622,-746,2,1,0,19812,198,204,1622,2,1,0,1,1,1,1,1,1,
dram,bbht_grover_dram,RANGE,-4096,4096,256,86,0xeeaba102,0x01560fc0,normal,HIT,2981,-1400,10,10,0,98410,984,989,2981,10,10,0,1,1,1,1,1,1,
dram,bbht_grover_dram,RANGE,-4096,4096,256,87,0xc1fee4bb,0xc7e12d58,normal,HIT,11006,14,6,5,0,41305,413,417,11006,6,5,0,1,1,1,1,1,1,
dram,bbht_grover_dram,RANGE,-4096,4096,256,88,0x0707c9da,0xf644a3f9,normal,HIT,12629,-3988,10,10,0,80365,803,809,12629,10,10,0,1,1,1,1,1,1,
dram,bbht_grover_dram,RANGE,-4096,4096,256,89,0xde0d9c30,0x58a2ee8f,normal,HIT,5920,357,3,1,0,21005,210,214,5920,3,1,0,1,1,1,1,1,1,
dram,bbht_grover_dram,RANGE,-4096,4096,256,90,0x7cd0efc7,0x9f385cfb,normal,HIT,480,-2190,4,2,0,21369,213,219,480,4,2,0,1,1,1,1,1,1,
dram,bbht_grover_dram,RANGE,-4096,4096,256,91,0xe4cb50a6,0x94d13729,normal,HIT,533,909,13,10,0,101611,1016,1021,533,13,10,0,1,1,1,1,1,1,
dram,bbht_grover_dram,RANGE,-4096,4096,256,92,0xa0882219,0x18f75d24,normal,HIT,5364,2037,3,1,0,20911,209,214,5364,3,1,0,1,1,1,1,1,1,
dram,bbht_grover_dram,RANGE,-4096,4096,256,93,0xc435e6f2,0xf75a52bc,normal,HIT,2151,3011,3,2,0,20412,204,208,2151,3,2,0,1,1,1,1,1,1,
dram,bbht_grover_dram,RANGE,-4096,4096,256,94,0x011b63f0,0x0aa34346,normal,HIT,14139,-261,9,7,0,61474,614,619,14139,9,7,0,1,1,1,1,1,1,
dram,bbht_grover_dram,RANGE,-4096,4096,256,95,0x1b456e77,0xee460f94,normal,HIT,13135,465,5,4,0,40497,404,409,13135,5,4,0,1,1,1,1,1,1,
dram,bbht_grover_dram,RANGE,-4096,4096,256,96,0x10088608,0xef418331,normal,HIT,4116,-3709,7,6,0,59576,595,600,4116,7,6,0,1,1,1,1,1,1,
dram,bbht_grover_dram,RANGE,-4096,4096,256,97,0x6fcfc352,0xf8fa9f4c,normal,HIT,2859,-2006,7,5,0,41660,416,421,2859,7,5,0,1,1,1,1,1,1,
dram,bbht_grover_dram,RANGE,-4096,4096,256,98,0xfb6077af,0x713595a9,normal,HIT,1236,1692,12,17,0,134832,1348,1353,1236,12,17,0,1,1,1,1,1,1,
dram,bbht_grover_dram,RANGE,-4096,4096,256,99,0xc6ebb72e,0x08fdf109,normal,HIT,6987,-2316,8,8,0,60309,603,607,6987,8,8,0,1,1,1,1,1,1,
