branch,platform,predicate,threshold_a,threshold_b,target_count,seed_index,seed_j,seed_meas,mode,outcome,result_index,result_value,trial_count,L_BBHT,actual_iter,cycle_count,cycle_us,wall_us,exp_result_index,exp_trial_count,exp_L_BBHT,exp_actual_iter,match_result_index,match_trial_count,match_L_BBHT,match_actual_iter,predicate_ok,all_match,note
nocheckpoint,bbht_grover_nocheckpoint,LT,-16384,0,1,0,0x7b1dcdaf,0x24370df2,normal,HIT,6004,-28307,15,30,30,22580,225,231,6004,15,30,30,1,1,1,1,1,1,
nocheckpoint,bbht_grover_nocheckpoint,LT,-16384,0,1,1,0x3a85a4dc,0xa3b9aa35,normal,HIT,6004,-28307,23,132,132,55271,552,558,6004,23,132,132,1,1,1,1,1,1,
nocheckpoint,bbht_grover_nocheckpoint,LT,-16384,0,1,2,0x6162a8b2,0x871c276f,normal,HIT,6004,-28307,21,141,141,57460,574,579,6004,21,141,141,1,1,1,1,1,1,
nocheckpoint,bbht_grover_nocheckpoint,LT,-16384,0,1,3,0xc3adc34e,0xf5b8f22b,normal,HIT,6004,-28307,24,192,192,74364,743,748,6004,24,192,192,1,1,1,1,1,1,
nocheckpoint,bbht_grover_nocheckpoint,LT,-16384,0,1,4,0x2bb073ff,0x3f8396e3,normal,HIT,6004,-28307,20,108,108,47394,473,480,6004,20,108,108,1,1,1,1,1,1,
nocheckpoint,bbht_grover_nocheckpoint,LT,-16384,0,1,5,0xda585ab3,0xa7197ad7,normal,HIT,6004,-28307,21,96,96,45141,451,455,6004,21,96,96,1,1,1,1,1,1,
nocheckpoint,bbht_grover_nocheckpoint,LT,-16384,0,1,6,0x0ed109c0,0x5701ce52,normal,HIT,6004,-28307,24,207,207,76835,768,773,6004,24,207,207,1,1,1,1,1,1,
nocheckpoint,bbht_grover_nocheckpoint,LT,-16384,0,1,7,0x102ecf73,0x53c7612b,normal,HIT,6004,-28307,12,25,25,17354,173,180,6004,12,25,25,1,1,1,1,1,1,
nocheckpoint,bbht_grover_nocheckpoint,LT,-16384,0,1,8,0xcf29b6a1,0x35231a84,normal,HIT,6004,-28307,25,183,183,72843,728,734,6004,25,183,183,1,1,1,1,1,1,
nocheckpoint,bbht_grover_nocheckpoint,LT,-16384,0,1,9,0xc49cbb42,0xd0a3bbb8,normal,HIT,6004,-28307,24,148,148,62646,626,632,6004,24,148,148,1,1,1,1,1,1,
nocheckpoint,bbht_grover_nocheckpoint,LT,-16384,0,1,10,0x4cc51d23,0xee0e3ab4,normal,HIT,6004,-28307,24,195,195,73684,736,742,6004,24,195,195,1,1,1,1,1,1,
nocheckpoint,bbht_grover_nocheckpoint,LT,-16384,0,1,11,0xf9e8aa7a,0x3208c31a,normal,HIT,6004,-28307,25,218,218,80038,800,805,6004,25,218,218,1,1,1,1,1,1,
nocheckpoint,bbht_grover_nocheckpoint,LT,-16384,0,1,12,0xdda8b051,0xc8105c9d,normal,HIT,6004,-28307,26,276,276,97814,978,983,6004,26,276,276,1,1,1,1,1,1,
nocheckpoint,bbht_grover_nocheckpoint,LT,-16384,0,1,13,0xabfb11bf,0xf5dec75e,normal,HIT,6004,-28307,17,61,61,33446,334,339,6004,17,61,61,1,1,1,1,1,1,
nocheckpoint,bbht_grover_nocheckpoint,LT,-16384,0,1,14,0x20639811,0x6b6a7c47,normal,HIT,6004,-28307,25,221,221,83790,837,842,6004,25,221,221,1,1,1,1,1,1,
nocheckpoint,bbht_grover_nocheckpoint,LT,-16384,0,1,15,0xac72acd2,0xca84bc6c,normal,HIT,6004,-28307,26,234,234,87428,874,879,6004,26,234,234,1,1,1,1,1,1,
nocheckpoint,bbht_grover_nocheckpoint,LT,-16384,0,1,16,0x49a2da79,0xe1376725,normal,HIT,6004,-28307,23,175,175,68661,686,691,6004,23,175,175,1,1,1,1,1,1,
nocheckpoint,bbht_grover_nocheckpoint,LT,-16384,0,1,17,0x63a4e9d7,0x6166dba4,normal,HIT,6004,-28307,28,359,359,121723,1217,1222,6004,28,359,359,1,1,1,1,1,1,
nocheckpoint,bbht_grover_nocheckpoint,LT,-16384,0,1,18,0x8983f102,0x43fb6183,normal,HIT,6004,-28307,23,151,151,62432,624,629,6004,23,151,151,1,1,1,1,1,1,
nocheckpoint,bbht_grover_nocheckpoint,LT,-16384,0,1,19,0xb671aa78,0xc97ad8a2,normal,HIT,6004,-28307,28,371,371,125461,1254,1260,6004,28,371,371,1,1,1,1,1,1,
nocheckpoint,bbht_grover_nocheckpoint,LT,-16384,0,1,20,0xdaeb566a,0x989e5b3d,normal,HIT,6004,-28307,27,311,311,109884,1098,1104,6004,27,311,311,1,1,1,1,1,1,
nocheckpoint,bbht_grover_nocheckpoint,LT,-16384,0,1,21,0xf6181c00,0xa345ac4b,normal,HIT,6004,-28307,22,105,105,48692,486,492,6004,22,105,105,1,1,1,1,1,1,
nocheckpoint,bbht_grover_nocheckpoint,LT,-16384,0,1,22,0x4e18d852,0xa08980df,normal,HIT,6004,-28307,19,72,72,36798,367,374,6004,19,72,72,1,1,1,1,1,1,
nocheckpoint,bbht_grover_nocheckpoint,LT,-16384,0,1,23,0xa035ceba,0x611de4c4,normal,HIT,6004,-28307,26,337,337,114742,1147,1152,6004,26,337,337,1,1,1,1,1,1,
nocheckpoint,bbht_grover_nocheckpoint,LT,-16384,0,1,24,0xc2416ee4,0x7323f479,normal,HIT,6004,-28307,20,122,122,51486,514,521,6004,20,122,122,1,1,1,1,1,1,
nocheckpoint,bbht_grover_nocheckpoint,LT,-16384,0,1,25,0xfbdafbdd,0xa0c0cf2f,normal,HIT,6004,-28307,25,210,210,79591,795,802,6004,25,210,210,1,1,1,1,1,1,
nocheckpoint,bbht_grover_nocheckpoint,LT,-16384,0,1,26,0xa43fbf47,0x8de97b10,normal,HIT,6004,-28307,28,273,273,97933,979,985,6004,28,273,273,1,1,1,1,1,1,
nocheckpoint,bbht_grover_nocheckpoint,LT,-16384,0,1,27,0x6811f7c1,0xcb07044a,normal,HIT,6004,-28307,31,441,441,146934,1469,1475,6004,31,441,441,1,1,1,1,1,1,
nocheckpoint,bbht_grover_nocheckpoint,LT,-16384,0,1,28,0x610dde2c,0x8cf5deb9,normal,HIT,6004,-28307,24,205,205,77233,772,778,6004,24,205,205,1,1,1,1,1,1,
nocheckpoint,bbht_grover_nocheckpoint,LT,-16384,0,1,29,0x82241b87,0xbbe27f39,normal,HIT,6004,-28307,16,41,41,26052,260,266,6004,16,41,41,1,1,1,1,1,1,
nocheckpoint,bbht_grover_nocheckpoint,LT,-16384,0,1,30,0x48647490,0xea9551eb,normal,HIT,6004,-28307,27,298,298,103344,1033,1039,6004,27,298,298,1,1,1,1,1,1,
nocheckpoint,bbht_grover_nocheckpoint,LT,-16384,0,1,31,0x63df3b7f,0xa8b057e1,normal,HIT,6004,-28307,25,224,224,82650,826,831,6004,25,224,224,1,1,1,1,1,1,
nocheckpoint,bbht_grover_nocheckpoint,LT,-16384,0,1,32,0x433125bb,0x3221fef0,normal,HIT,6004,-28307,24,147,147,61217,612,617,6004,24,147,147,1,1,1,1,1,1,
nocheckpoint,bbht_grover_nocheckpoint,LT,-16384,0,1,33,0x7943be40,0x6641ee79,normal,HIT,6004,-28307,26,333,333,111629,1116,1121,6004,26,333,333,1,1,1,1,1,1,
nocheckpoint,bbht_grover_nocheckpoint,LT,-16384,0,1,34,0x26c93252,0x675d2908,normal,HIT,6004,-28307,17,68,68,34341,343,349,6004,17,68,68,1,1,1,1,1,1,
nocheckpoint,bbht_grover_nocheckpoint,LT,-16384,0,1,35,0xdbe3ed49,0xa7cfea56,normal,HIT,6004,-28307,24,230,230,84337,843,849,6004,24,230,230,1,1,1,1,1,1,
nocheckpoint,bbht_grover_nocheckpoint,LT,-16384,0,1,36,0xc2ec9bb4,0xbfc0ae9e,normal,HIT,6004,-28307,22,141,141,59020,590,594,6004,22,141,141,1,1,1,1,1,1,
nocheckpoint,bbht_grover_nocheckpoint,LT,-16384,0,1,37,0xe7ec8559,0x307064ac,normal,HIT,6004,-28307,20,85,85,41467,414,419,6004,20,85,85,1,1,1,1,1,1,
nocheckpoint,bbht_grover_nocheckpoint,LT,-16384,0,1,38,0xccb88b54,0x2cf00158,normal,HIT,6004,-28307,24,225,225,82694,826,832,6004,24,225,225,1,1,1,1,1,1,
nocheckpoint,bbht_grover_nocheckpoint,LT,-16384,0,1,39,0xb512e6a4,0x2b9e708c,normal,HIT,6004,-28307,24,205,205,77641,776,781,6004,24,205,205,1,1,1,1,1,1,
nocheckpoint,bbht_grover_nocheckpoint,LT,-16384,0,1,40,0x7e2c3d82,0xa69fb195,normal,HIT,6004,-28307,17,42,42,27216,272,277,6004,17,42,42,1,1,1,1,1,1,
nocheckpoint,bbht_grover_nocheckpoint,LT,-16384,0,1,41,0x58b3e5ad,0x23a21253,normal,HIT,6004,-28307,23,130,130,55088,550,555,6004,23,130,130,1,1,1,1,1,1,
nocheckpoint,bbht_grover_nocheckpoint,LT,-16384,0,1,42,0x9a07c40b,0x3ea78d8c,normal,HIT,6004,-28307,23,190,190,72223,722,728,6004,23,190,190,1,1,1,1,1,1,
nocheckpoint,bbht_grover_nocheckpoint,LT,-16384,0,1,43,0xf1f9a54b,0x7b00db61,normal,HIT,6004,-28307,19,98,98,44230,442,448,6004,19,98,98,1,1,1,1,1,1,
nocheckpoint,bbht_grover_nocheckpoint,LT,-16384,0,1,44,0xfba6212d,0xb8b8356a,normal,HIT,6004,-28307,25,202,202,76546,765,770,6004,25,202,202,1,1,1,1,1,1,
nocheckpoint,bbht_grover_nocheckpoint,LT,-16384,0,1,45,0x1ca60615,0xd753b84a,normal,HIT,6004,-28307,22,164,164,63450,634,639,6004,22,164,164,1,1,1,1,1,1,
nocheckpoint,bbht_grover_nocheckpoint,LT,-16384,0,1,46,0xa085c93e,0x19b8504d,normal,HIT,6004,-28307,17,52,52,30980,309,315,6004,17,52,52,1,1,1,1,1,1,
nocheckpoint,bbht_grover_nocheckpoint,LT,-16384,0,1,47,0x18190603,0xad0438b2,normal,HIT,6004,-28307,24,252,252,89279,892,898,6004,24,252,252,1,1,1,1,1,1,
nocheckpoint,bbht_grover_nocheckpoint,LT,-16384,0,1,48,0xc1143c78,0xbbdab3cd,normal,HIT,6004,-28307,26,226,226,85572,855,860,6004,26,226,226,1,1,1,1,1,1,
nocheckpoint,bbht_grover_nocheckpoint,LT,-16384,0,1,49,0x332063fc,0x222ba57c,normal,HIT,6004,-28307,25,229,229,85660,856,861,6004,25,229,229,1,1,1,1,1,1,
nocheckpoint,bbht_grover_nocheckpoint,LT,-16384,0,1,50,0xd6f4066b,0xab9eb714,normal,HIT,6004,-28307,25,213,213,79813,798,803,6004,25,213,213,1,1,1,1,1,1,
nocheckpoint,bbht_grover_nocheckpoint,LT,-16384,0,1,51,0x64b9628c,0x9cd8b518,normal,HIT,6004,-28307,21,111,111,48978,489,495,6004,21,111,111,1,1,1,1,1,1,
nocheckpoint,bbht_grover_nocheckpoint,LT,-16384,0,1,52,0x894e6771,0x8a255c2e,normal,HIT,6004,-28307,26,256,256,93689,936,942,6004,26,256,256,1,1,1,1,1,1,
nocheckpoint,bbht_grover_nocheckpoint,LT,-16384,0,1,53,0xe3e668e8,0xff1f20c3,normal,HIT,6004,-28307,20,77,77,39893,398,404,6004,20,77,77,1,1,1,1,1,1,
nocheckpoint,bbht_grover_nocheckpoint,LT,-16384,0,1,54,0x36980406,0xfbdbfa61,normal,HIT,6004,-28307,25,283,283,99456,994,999,6004,25,283,283,1,1,1,1,1,1,
nocheckpoint,bbht_grover_nocheckpoint,LT,-16384,0,1,55,0x114d2b4a,0xa617ad4e,normal,HIT,6004,-28307,23,124,124,54798,547,553,6004,23,124,124,1,1,1,1,1,1,
nocheckpoint,bbht_grover_nocheckpoint,LT,-16384,0,1,56,0x3b8907e1,0x0c6cbd10,normal,HIT,6004,-28307,21,86,86,42790,427,434,6004,21,86,86,1,1,1,1,1,1,
nocheckpoint,bbht_grover_nocheckpoint,LT,-16384,0,1,57,0x2cd09c1d,0x964fb1a7,normal,HIT,6004,-28307,22,166,166,64622,646,652,6004,22,166,166,1,1,1,1,1,1,
nocheckpoint,bbht_grover_nocheckpoint,LT,-16384,0,1,58,0x6d7a8604,0xbd6f99c6,normal,HIT,6004,-28307,21,97,97,46555,465,470,6004,21,97,97,1,1,1,1,1,1,
nocheckpoint,bbht_grover_nocheckpoint,LT,-16384,0,1,59,0x1fadaf42,0x60010aa3,normal,HIT,6004,-28307,27,201,201,80091,800,807,6004,27,201,201,1,1,1,1,1,1,
nocheckpoint,bbht_grover_nocheckpoint,LT,-16384,0,1,60,0x92fe7cfd,0xb54e2773,normal,HIT,6004,-28307,24,243,243,87185,871,877,6004,24,243,243,1,1,1,1,1,1,
nocheckpoint,bbht_grover_nocheckpoint,LT,-16384,0,1,61,0x1aecb060,0x9c545eba,normal,HIT,6004,-28307,24,183,183,73305,733,739,6004,24,183,183,1,1,1,1,1,1,
nocheckpoint,bbht_grover_nocheckpoint,LT,-16384,0,1,62,0x91778cc3,0xbd1d1bc0,normal,HIT,6004,-28307,23,153,153,62249,622,628,6004,23,153,153,1,1,1,1,1,1,
nocheckpoint,bbht_grover_nocheckpoint,LT,-16384,0,1,63,0xe6b7e7eb,0xd542988e,normal,HIT,6004,-28307,26,195,195,77010,770,775,6004,26,195,195,1,1,1,1,1,1,
nocheckpoint,bbht_grover_nocheckpoint,LT,-16384,0,1,64,0x6770144c,0xd2d3c6e7,normal,HIT,6004,-28307,26,193,193,73926,739,745,6004,26,193,193,1,1,1,1,1,1,
nocheckpoint,bbht_grover_nocheckpoint,LT,-16384,0,1,65,0xc600a248,0x0a1e0844,normal,HIT,6004,-28307,22,76,76,40418,404,410,6004,22,76,76,1,1,1,1,1,1,
nocheckpoint,bbht_grover_nocheckpoint,LT,-16384,0,1,66,0x1ea4f830,0x2ef0f28e,normal,HIT,6004,-28307,25,172,172,68813,688,693,6004,25,172,172,1,1,1,1,1,1,
nocheckpoint,bbht_grover_nocheckpoint,LT,-16384,0,1,67,0x639604f3,0x7fe04f83,normal,HIT,6004,-28307,22,105,105,48926,489,493,6004,22,105,105,1,1,1,1,1,1,
nocheckpoint,bbht_grover_nocheckpoint,LT,-16384,0,1,68,0x6e084a84,0xb643b17e,normal,HIT,6004,-28307,21,81,81,41939,419,425,6004,21,81,81,1,1,1,1,1,1,
nocheckpoint,bbht_grover_nocheckpoint,LT,-16384,0,1,69,0x3d7fc476,0x467d7a44,normal,HIT,6004,-28307,22,106,106,48330,483,488,6004,22,106,106,1,1,1,1,1,1,
nocheckpoint,bbht_grover_nocheckpoint,LT,-16384,0,1,70,0xedca3875,0xefade11e,normal,HIT,6004,-28307,26,243,243,88313,883,889,6004,26,243,243,1,1,1,1,1,1,
nocheckpoint,bbht_grover_nocheckpoint,LT,-16384,0,1,71,0xb883121d,0x095c678c,normal,HIT,6004,-28307,20,70,70,37867,378,383,6004,20,70,70,1,1,1,1,1,1,
nocheckpoint,bbht_grover_nocheckpoint,LT,-16384,0,1,72,0xace22797,0xbc422a9a,normal,HIT,6004,-28307,28,440,440,142126,1421,1426,6004,28,440,440,1,1,1,1,1,1,
nocheckpoint,bbht_grover_nocheckpoint,LT,-16384,0,1,73,0xefd3172d,0x8c2c3233,normal,HIT,6004,-28307,25,248,248,89758,897,903,6004,25,248,248,1,1,1,1,1,1,
nocheckpoint,bbht_grover_nocheckpoint,LT,-16384,0,1,74,0xe6aacdb5,0x7f1c158a,normal,HIT,6004,-28307,23,212,212,77496,774,779,6004,23,212,212,1,1,1,1,1,1,
nocheckpoint,bbht_grover_nocheckpoint,LT,-16384,0,1,75,0x6566c598,0xca804b00,normal,HIT,6004,-28307,21,117,117,51205,512,517,6004,21,117,117,1,1,1,1,1,1,
nocheckpoint,bbht_grover_nocheckpoint,LT,-16384,0,1,76,0x4e646d9d,0xcbae5ac0,normal,HIT,6004,-28307,23,149,149,60097,600,606,6004,23,149,149,1,1,1,1,1,1,
nocheckpoint,bbht_grover_nocheckpoint,LT,-16384,0,1,77,0x05d81d6f,0x260c4013,normal,HIT,6004,-28307,24,189,189,71802,718,723,6004,24,189,189,1,1,1,1,1,1,
nocheckpoint,bbht_grover_nocheckpoint,LT,-16384,0,1,78,0x2018f6a3,0x5728c7f4,normal,HIT,6004,-28307,25,177,177,70813,708,713,6004,25,177,177,1,1,1,1,1,1,
nocheckpoint,bbht_grover_nocheckpoint,LT,-16384,0,1,79,0x718ebf0c,0x4d7d460c,normal,HIT,6004,-28307,24,138,138,59732,597,603,6004,24,138,138,1,1,1,1,1,1,
nocheckpoint,bbht_grover_nocheckpoint,LT,-16384,0,1,80,0x042a8f17,0x2093b3f4,normal,HIT,6004,-28307,17,53,53,29601,296,300,6004,17,53,53,1,1,1,1,1,1,
nocheckpoint,bbht_grover_nocheckpoint,LT,-16384,0,1,81,0xfc1c775d,0x35bd20f1,normal,HIT,6004,-28307,18,79,79,37493,374,380,6004,18,79,79,1,1,1,1,1,1,
nocheckpoint,bbht_grover_nocheckpoint,LT,-16384,0,1,82,0x16b93b63,0x7d609ba5,normal,HIT,6004,-28307,21,121,121,51892,518,524,6004,21,121,121,1,1,1,1,1,1,
nocheckpoint,bbht_grover_nocheckpoint,LT,-16384,0,1,83,0x8ce1028e,0xb152e7ef,normal,HIT,6004,-28307,26,224,224,84668,846,853,6004,26,224,224,1,1,1,1,1,1,
nocheckpoint,bbht_grover_nocheckpoint,LT,-16384,0,1,84,0x87bad980,0x7dbefa97,normal,HIT,6004,-28307,21,132,132,55275,552,559,6004,21,132,132,1,1,1,1,1,1,
nocheckpoint,bbht_grover_nocheckpoint,LT,-16384,0,1,85,0xd63d86f3,0xf5399cca,normal,HIT,6004,-28307,24,234,234,84787,847,853,6004,24,234,234,1,1,1,1,1,1,
nocheckpoint,bbht_grover_nocheckpoint,LT,-16384,0,1,86,0xeeaba102,0x01560fc0,normal,HIT,6004,-28307,21,91,91,44158,441,446,6004,21,91,91,1,1,1,1,1,1,
nocheckpoint,bbht_grover_nocheckpoint,LT,-16384,0,1,87,0xc1fee4bb,0xc7e12d58,normal,HIT,6004,-28307,22,146,146,59702,597,603,6004,22,146,146,1,1,1,1,1,1,
nocheckpoint,bbht_grover_nocheckpoint,LT,-16384,0,1,88,0x0707c9da,0xf644a3f9,normal,HIT,6004,-28307,24,199,199,75006,750,754,6004,24,199,199,1,1,1,1,1,1,
nocheckpoint,bbht_grover_nocheckpoint,LT,-16384,0,1,89,0xde0d9c30,0x58a2ee8f,normal,HIT,6004,-28307,3,1,1,3469,34,40,6004,3,1,1,1,1,1,1,1,1,
nocheckpoint,bbht_grover_nocheckpoint,LT,-16384,0,1,90,0x7cd0efc7,0x9f385cfb,normal,HIT,6004,-28307,24,174,174,69411,694,699,6004,24,174,174,1,1,1,1,1,1,
nocheckpoint,bbht_grover_nocheckpoint,LT,-16384,0,1,91,0xe4cb50a6,0x94d13729,normal,HIT,6004,-28307,23,149,149,61251,612,616,6004,23,149,149,1,1,1,1,1,1,
nocheckpoint,bbht_grover_nocheckpoint,LT,-16384,0,1,92,0xa0882219,0x18f75d24,normal,HIT,6004,-28307,16,37,37,25042,250,255,6004,16,37,37,1,1,1,1,1,1,
nocheckpoint,bbht_grover_nocheckpoint,LT,-16384,0,1,93,0xc435e6f2,0xf75a52bc,normal,HIT,6004,-28307,23,192,192,73042,730,735,6004,23,192,192,1,1,1,1,1,1,
nocheckpoint,bbht_grover_nocheckpoint,LT,-16384,0,1,94,0x011b63f0,0x0aa34346,normal,HIT,6004,-28307,21,130,130,53618,536,542,6004,21,130,130,1,1,1,1,1,1,
nocheckpoint,bbht_grover_nocheckpoint,LT,-16384,0,1,95,0x1b456e77,0xee460f94,normal,HIT,6004,-28307,25,214,214,80261,802,808,6004,25,214,214,1,1,1,1,1,1,
nocheckpoint,bbht_grover_nocheckpoint,LT,-16384,0,1,96,0x10088608,0xef418331,normal,HIT,6004,-28307,17,42,42,26523,265,271,6004,17,42,42,1,1,1,1,1,1,
nocheckpoint,bbht_grover_nocheckpoint,LT,-16384,0,1,97,0x6fcfc352,0xf8fa9f4c,normal,HIT,6004,-28307,23,159,159,63569,635,641,6004,23,159,159,1,1,1,1,1,1,
nocheckpoint,bbht_grover_nocheckpoint,LT,-16384,0,1,98,0xfb6077af,0x713595a9,normal,HIT,6004,-28307,27,308,308,107092,1070,1077,6004,27,308,308,1,1,1,1,1,1,
nocheckpoint,bbht_grover_nocheckpoint,LT,-16384,0,1,99,0xc6ebb72e,0x08fdf109,normal,HIT,6004,-28307,27,263,263,94521,945,950,6004,27,263,263,1,1,1,1,1,1,
nocheckpoint,bbht_grover_nocheckpoint,LT,-16384,0,4,0,0x7b1dcdaf,0x24370df2,normal,HIT,6004,-28307,15,30,30,22518,225,230,6004,15,30,30,1,1,1,1,1,1,
nocheckpoint,bbht_grover_nocheckpoint,LT,-16384,0,4,1,0x3a85a4dc,0xa3b9aa35,normal,HIT,2687,-24767,20,81,81,39660,396,402,2687,20,81,81,1,1,1,1,1,1,
nocheckpoint,bbht_grover_nocheckpoint,LT,-16384,0,4,2,0x6162a8b2,0x871c276f,normal,HIT,6004,-28307,19,89,89,41386,413,419,6004,19,89,89,1,1,1,1,1,1,
nocheckpoint,bbht_grover_nocheckpoint,LT,-16384,0,4,3,0xc3adc34e,0xf5b8f22b,normal,HIT,14622,-28245,18,56,56,32691,326,333,14622,18,56,56,1,1,1,1,1,1,
nocheckpoint,bbht_grover_nocheckpoint,LT,-16384,0,4,4,0x2bb073ff,0x3f8396e3,normal,HIT,13764,-17666,15,36,36,23720,237,243,13764,15,36,36,1,1,1,1,1,1,
nocheckpoint,bbht_grover_nocheckpoint,LT,-16384,0,4,5,0xda585ab3,0xa7197ad7,normal,HIT,6004,-28307,18,40,40,27643,276,282,6004,18,40,40,1,1,1,1,1,1,
nocheckpoint,bbht_grover_nocheckpoint,LT,-16384,0,4,6,0x0ed109c0,0x5701ce52,normal,HIT,13764,-17666,11,20,20,15416,154,159,13764,11,20,20,1,1,1,1,1,1,
nocheckpoint,bbht_grover_nocheckpoint,LT,-16384,0,4,7,0x102ecf73,0x53c7612b,normal,HIT,2687,-24767,14,36,36,22205,222,227,2687,14,36,36,1,1,1,1,1,1,
nocheckpoint,bbht_grover_nocheckpoint,LT,-16384,0,4,8,0xcf29b6a1,0x35231a84,normal,HIT,6004,-28307,19,76,76,38480,384,390,6004,19,76,76,1,1,1,1,1,1,
nocheckpoint,bbht_grover_nocheckpoint,LT,-16384,0,4,9,0xc49cbb42,0xd0a3bbb8,normal,HIT,14622,-28245,24,148,148,63067,630,636,14622,24,148,148,1,1,1,1,1,1,
nocheckpoint,bbht_grover_nocheckpoint,LT,-16384,0,4,10,0x4cc51d23,0xee0e3ab4,normal,HIT,14622,-28245,15,35,35,23014,230,234,14622,15,35,35,1,1,1,1,1,1,
nocheckpoint,bbht_grover_nocheckpoint,LT,-16384,0,4,11,0xf9e8aa7a,0x3208c31a,normal,HIT,2687,-24767,19,85,85,40064,400,406,2687,19,85,85,1,1,1,1,1,1,
nocheckpoint,bbht_grover_nocheckpoint,LT,-16384,0,4,12,0xdda8b051,0xc8105c9d,normal,HIT,14622,-28245,20,81,81,40212,402,407,14622,20,81,81,1,1,1,1,1,1,
nocheckpoint,bbht_grover_nocheckpoint,LT,-16384,0,4,13,0xabfb11bf,0xf5dec75e,normal,HIT,2687,-24767,21,88,88,45088,450,456,2687,21,88,88,1,1,1,1,1,1,
nocheckpoint,bbht_grover_nocheckpoint,LT,-16384,0,4,14,0x20639811,0x6b6a7c47,normal,HIT,14622,-28245,7,8,8,9163,91,97,14622,7,8,8,1,1,1,1,1,1,
nocheckpoint,bbht_grover_nocheckpoint,LT,-16384,0,4,15,0xac72acd2,0xca84bc6c,normal,HIT,13764,-17666,9,3,3,9455,94,101,13764,9,3,3,1,1,1,1,1,1,
nocheckpoint,bbht_grover_nocheckpoint,LT,-16384,0,4,16,0x49a2da79,0xe1376725,normal,HIT,6004,-28307,20,97,97,45366,453,459,6004,20,97,97,1,1,1,1,1,1,
nocheckpoint,bbht_grover_nocheckpoint,LT,-16384,0,4,17,0x63a4e9d7,0x6166dba4,normal,HIT,2687,-24767,21,91,91,44521,445,451,2687,21,91,91,1,1,1,1,1,1,
nocheckpoint,bbht_grover_nocheckpoint,LT,-16384,0,4,18,0x8983f102,0x43fb6183,normal,HIT,13764,-17666,13,18,18,16988,169,174,13764,13,18,18,1,1,1,1,1,1,
nocheckpoint,bbht_grover_nocheckpoint,LT,-16384,0,4,19,0xb671aa78,0xc97ad8a2,normal,HIT,2687,-24767,21,82,82,41915,419,424,2687,21,82,82,1,1,1,1,1,1,
nocheckpoint,bbht_grover_nocheckpoint,LT,-16384,0,4,20,0xdaeb566a,0x989e5b3d,normal,HIT,2687,-24767,22,112,112,51702,517,523,2687,22,112,112,1,1,1,1,1,1,
nocheckpoint,bbht_grover_nocheckpoint,LT,-16384,0,4,21,0xf6181c00,0xa345ac4b,normal,HIT,6004,-28307,19,67,67,35872,358,364,6004,19,67,67,1,1,1,1,1,1,
nocheckpoint,bbht_grover_nocheckpoint,LT,-16384,0,4,22,0x4e18d852,0xa08980df,normal,HIT,14622,-28245,11,13,13,13188,131,136,14622,11,13,13,1,1,1,1,1,1,
nocheckpoint,bbht_grover_nocheckpoint,LT,-16384,0,4,23,0xa035ceba,0x611de4c4,normal,HIT,2687,-24767,20,88,88,43337,433,438,2687,20,88,88,1,1,1,1,1,1,
nocheckpoint,bbht_grover_nocheckpoint,LT,-16384,0,4,24,0xc2416ee4,0x7323f479,normal,HIT,2687,-24767,18,73,73,36617,366,372,2687,18,73,73,1,1,1,1,1,1,
nocheckpoint,bbht_grover_nocheckpoint,LT,-16384,0,4,25,0xfbdafbdd,0xa0c0cf2f,normal,HIT,6004,-28307,25,210,210,78942,789,794,6004,25,210,210,1,1,1,1,1,1,
nocheckpoint,bbht_grover_nocheckpoint,LT,-16384,0,4,26,0xa43fbf47,0x8de97b10,normal,HIT,14622,-28245,16,39,39,24725,247,252,14622,16,39,39,1,1,1,1,1,1,
nocheckpoint,bbht_grover_nocheckpoint,LT,-16384,0,4,27,0x6811f7c1,0xcb07044a,normal,HIT,13764,-17666,8,8,8,10102,101,107,13764,8,8,8,1,1,1,1,1,1,
nocheckpoint,bbht_grover_nocheckpoint,LT,-16384,0,4,28,0x610dde2c,0x8cf5deb9,normal,HIT,14622,-28245,17,49,49,29210,292,297,14622,17,49,49,1,1,1,1,1,1,
nocheckpoint,bbht_grover_nocheckpoint,LT,-16384,0,4,29,0x82241b87,0xbbe27f39,normal,HIT,6004,-28307,16,41,41,26108,261,266,6004,16,41,41,1,1,1,1,1,1,
nocheckpoint,bbht_grover_nocheckpoint,LT,-16384,0,4,30,0x48647490,0xea9551eb,normal,HIT,2687,-24767,19,63,63,33955,339,345,2687,19,63,63,1,1,1,1,1,1,
nocheckpoint,bbht_grover_nocheckpoint,LT,-16384,0,4,31,0x63df3b7f,0xa8b057e1,normal,HIT,14622,-28245,21,106,106,47691,476,483,14622,21,106,106,1,1,1,1,1,1,
nocheckpoint,bbht_grover_nocheckpoint,LT,-16384,0,4,32,0x433125bb,0x3221fef0,normal,HIT,6004,-28307,21,70,70,37894,378,385,6004,21,70,70,1,1,1,1,1,1,
nocheckpoint,bbht_grover_nocheckpoint,LT,-16384,0,4,33,0x7943be40,0x6641ee79,normal,HIT,2687,-24767,17,57,57,30100,301,305,2687,17,57,57,1,1,1,1,1,1,
nocheckpoint,bbht_grover_nocheckpoint,LT,-16384,0,4,34,0x26c93252,0x675d2908,normal,HIT,6004,-28307,22,129,129,55116,551,557,6004,22,129,129,1,1,1,1,1,1,
nocheckpoint,bbht_grover_nocheckpoint,LT,-16384,0,4,35,0xdbe3ed49,0xa7cfea56,normal,HIT,13764,-17666,19,98,98,45002,450,456,13764,19,98,98,1,1,1,1,1,1,
nocheckpoint,bbht_grover_nocheckpoint,LT,-16384,0,4,36,0xc2ec9bb4,0xbfc0ae9e,normal,HIT,6004,-28307,17,47,47,29179,291,296,6004,17,47,47,1,1,1,1,1,1,
nocheckpoint,bbht_grover_nocheckpoint,LT,-16384,0,4,37,0xe7ec8559,0x307064ac,normal,HIT,14622,-28245,18,53,53,31272,312,318,14622,18,53,53,1,1,1,1,1,1,
nocheckpoint,bbht_grover_nocheckpoint,LT,-16384,0,4,38,0xccb88b54,0x2cf00158,normal,HIT,2687,-24767,15,40,40,25189,251,256,2687,15,40,40,1,1,1,1,1,1,
nocheckpoint,bbht_grover_nocheckpoint,LT,-16384,0,4,39,0xb512e6a4,0x2b9e708c,normal,HIT,2687,-24767,15,31,31,22669,226,231,2687,15,31,31,1,1,1,1,1,1,
nocheckpoint,bbht_grover_nocheckpoint,LT,-16384,0,4,40,0x7e2c3d82,0xa69fb195,normal,HIT,6004,-28307,17,42,42,27249,272,277,6004,17,42,42,1,1,1,1,1,1,
nocheckpoint,bbht_grover_nocheckpoint,LT,-16384,0,4,41,0x58b3e5ad,0x23a21253,normal,HIT,2687,-24767,19,83,83,39187,391,397,2687,19,83,83,1,1,1,1,1,1,
nocheckpoint,bbht_grover_nocheckpoint,LT,-16384,0,4,42,0x9a07c40b,0x3ea78d8c,normal,HIT,14622,-28245,18,75,75,37043,370,375,14622,18,75,75,1,1,1,1,1,1,
nocheckpoint,bbht_grover_nocheckpoint,LT,-16384,0,4,43,0xf1f9a54b,0x7b00db61,normal,HIT,13764,-17666,18,78,78,38165,381,386,13764,18,78,78,1,1,1,1,1,1,
nocheckpoint,bbht_grover_nocheckpoint,LT,-16384,0,4,44,0xfba6212d,0xb8b8356a,normal,HIT,2687,-24767,16,44,44,26116,261,266,2687,16,44,44,1,1,1,1,1,1,
nocheckpoint,bbht_grover_nocheckpoint,LT,-16384,0,4,45,0x1ca60615,0xd753b84a,normal,HIT,2687,-24767,17,50,50,28565,285,292,2687,17,50,50,1,1,1,1,1,1,
nocheckpoint,bbht_grover_nocheckpoint,LT,-16384,0,4,46,0xa085c93e,0x19b8504d,normal,HIT,6004,-28307,21,106,106,48449,484,489,6004,21,106,106,1,1,1,1,1,1,
nocheckpoint,bbht_grover_nocheckpoint,LT,-16384,0,4,47,0x18190603,0xad0438b2,normal,HIT,2687,-24767,15,30,30,21922,219,225,2687,15,30,30,1,1,1,1,1,1,
nocheckpoint,bbht_grover_nocheckpoint,LT,-16384,0,4,48,0xc1143c78,0xbbdab3cd,normal,HIT,6004,-28307,22,95,95,47064,470,476,6004,22,95,95,1,1,1,1,1,1,
nocheckpoint,bbht_grover_nocheckpoint,LT,-16384,0,4,49,0x332063fc,0x222ba57c,normal,HIT,14622,-28245,23,148,148,61964,619,625,14622,23,148,148,1,1,1,1,1,1,
nocheckpoint,bbht_grover_nocheckpoint,LT,-16384,0,4,50,0xd6f4066b,0xab9eb714,normal,HIT,13764,-17666,22,105,105,48934,489,494,13764,22,105,105,1,1,1,1,1,1,
nocheckpoint,bbht_grover_nocheckpoint,LT,-16384,0,4,51,0x64b9628c,0x9cd8b518,normal,HIT,2687,-24767,13,23,23,18039,180,186,2687,13,23,23,1,1,1,1,1,1,
nocheckpoint,bbht_grover_nocheckpoint,LT,-16384,0,4,52,0x894e6771,0x8a255c2e,normal,HIT,6004,-28307,20,116,116,51094,510,515,6004,20,116,116,1,1,1,1,1,1,
nocheckpoint,bbht_grover_nocheckpoint,LT,-16384,0,4,53,0xe3e668e8,0xff1f20c3,normal,HIT,2687,-24767,21,115,115,50834,508,512,2687,21,115,115,1,1,1,1,1,1,
nocheckpoint,bbht_grover_nocheckpoint,LT,-16384,0,4,54,0x36980406,0xfbdbfa61,normal,HIT,14622,-28245,23,156,156,64217,642,647,14622,23,156,156,1,1,1,1,1,1,
nocheckpoint,bbht_grover_nocheckpoint,LT,-16384,0,4,55,0x114d2b4a,0xa617ad4e,normal,HIT,2687,-24767,23,124,124,54456,544,549,2687,23,124,124,1,1,1,1,1,1,
nocheckpoint,bbht_grover_nocheckpoint,LT,-16384,0,4,56,0x3b8907e1,0x0c6cbd10,normal,HIT,13764,-17666,23,142,142,59572,595,601,13764,23,142,142,1,1,1,1,1,1,
nocheckpoint,bbht_grover_nocheckpoint,LT,-16384,0,4,57,0x2cd09c1d,0x964fb1a7,normal,HIT,6004,-28307,19,87,87,40225,402,407,6004,19,87,87,1,1,1,1,1,1,
nocheckpoint,bbht_grover_nocheckpoint,LT,-16384,0,4,58,0x6d7a8604,0xbd6f99c6,normal,HIT,2687,-24767,15,37,37,24859,248,254,2687,15,37,37,1,1,1,1,1,1,
nocheckpoint,bbht_grover_nocheckpoint,LT,-16384,0,4,59,0x1fadaf42,0x60010aa3,normal,HIT,14622,-28245,27,201,201,80119,801,807,14622,27,201,201,1,1,1,1,1,1,
nocheckpoint,bbht_grover_nocheckpoint,LT,-16384,0,4,60,0x92fe7cfd,0xb54e2773,normal,HIT,6004,-28307,21,135,135,55961,559,565,6004,21,135,135,1,1,1,1,1,1,
nocheckpoint,bbht_grover_nocheckpoint,LT,-16384,0,4,61,0x1aecb060,0x9c545eba,normal,HIT,14622,-28245,17,47,47,30266,302,308,14622,17,47,47,1,1,1,1,1,1,
nocheckpoint,bbht_grover_nocheckpoint,LT,-16384,0,4,62,0x91778cc3,0xbd1d1bc0,normal,HIT,6004,-28307,16,49,49,28611,286,291,6004,16,49,49,1,1,1,1,1,1,
nocheckpoint,bbht_grover_nocheckpoint,LT,-16384,0,4,63,0xe6b7e7eb,0xd542988e,normal,HIT,6004,-28307,25,145,145,63098,630,635,6004,25,145,145,1,1,1,1,1,1,
nocheckpoint,bbht_grover_nocheckpoint,LT,-16384,0,4,64,0x6770144c,0xd2d3c6e7,normal,HIT,2687,-24767,17,38,38,25526,255,260,2687,17,38,38,1,1,1,1,1,1,
nocheckpoint,bbht_grover_nocheckpoint,LT,-16384,0,4,65,0xc600a248,0x0a1e0844,normal,HIT,13764,-17666,21,67,67,37191,371,377,13764,21,67,67,1,1,1,1,1,1,
nocheckpoint,bbht_grover_nocheckpoint,LT,-16384,0,4,66,0x1ea4f830,0x2ef0f28e,normal,HIT,2687,-24767,24,119,119,53683,536,542,2687,24,119,119,1,1,1,1,1,1,
nocheckpoint,bbht_grover_nocheckpoint,LT,-16384,0,4,67,0x639604f3,0x7fe04f83,normal,HIT,6004,-28307,19,58,58,33332,333,338,6004,19,58,58,1,1,1,1,1,1,
nocheckpoint,bbht_grover_nocheckpoint,LT,-16384,0,4,68,0x6e084a84,0xb643b17e,normal,HIT,6004,-28307,21,81,81,41864,418,425,6004,21,81,81,1,1,1,1,1,1,
nocheckpoint,bbht_grover_nocheckpoint,LT,-16384,0,4,69,0x3d7fc476,0x467d7a44,normal,HIT,13764,-17666,22,106,106,48799,487,493,13764,22,106,106,1,1,1,1,1,1,
nocheckpoint,bbht_grover_nocheckpoint,LT,-16384,0,4,70,0xedca3875,0xefade11e,normal,HIT,14622,-28245,20,77,77,38985,389,395,14622,20,77,77,1,1,1,1,1,1,
nocheckpoint,bbht_grover_nocheckpoint,LT,-16384,0,4,71,0xb883121d,0x095c678c,normal,HIT,6004,-28307,20,70,70,38208,382,387,6004,20,70,70,1,1,1,1,1,1,
nocheckpoint,bbht_grover_nocheckpoint,LT,-16384,0,4,72,0xace22797,0xbc422a9a,normal,HIT,14622,-28245,18,67,67,33990,339,346,14622,18,67,67,1,1,1,1,1,1,
nocheckpoint,bbht_grover_nocheckpoint,LT,-16384,0,4,73,0xefd3172d,0x8c2c3233,normal,HIT,2687,-24767,21,100,100,46630,466,471,2687,21,100,100,1,1,1,1,1,1,
nocheckpoint,bbht_grover_nocheckpoint,LT,-16384,0,4,74,0xe6aacdb5,0x7f1c158a,normal,HIT,13764,-17666,22,172,172,66003,660,666,13764,22,172,172,1,1,1,1,1,1,
nocheckpoint,bbht_grover_nocheckpoint,LT,-16384,0,4,75,0x6566c598,0xca804b00,normal,HIT,6004,-28307,21,117,117,50838,508,514,6004,21,117,117,1,1,1,1,1,1,
nocheckpoint,bbht_grover_nocheckpoint,LT,-16384,0,4,76,0x4e646d9d,0xcbae5ac0,normal,HIT,13764,-17666,21,97,97,45346,453,459,13764,21,97,97,1,1,1,1,1,1,
nocheckpoint,bbht_grover_nocheckpoint,LT,-16384,0,4,77,0x05d81d6f,0x260c4013,normal,HIT,13764,-17666,24,189,189,71481,714,719,13764,24,189,189,1,1,1,1,1,1,
nocheckpoint,bbht_grover_nocheckpoint,LT,-16384,0,4,78,0x2018f6a3,0x5728c7f4,normal,HIT,2687,-24767,19,53,53,32428,324,329,2687,19,53,53,1,1,1,1,1,1,
nocheckpoint,bbht_grover_nocheckpoint,LT,-16384,0,4,79,0x718ebf0c,0x4d7d460c,normal,HIT,2687,-24767,24,138,138,59494,594,599,2687,24,138,138,1,1,1,1,1,1,
nocheckpoint,bbht_grover_nocheckpoint,LT,-16384,0,4,80,0x042a8f17,0x2093b3f4,normal,HIT,14622,-28245,21,89,89,43455,434,440,14622,21,89,89,1,1,1,1,1,1,
nocheckpoint,bbht_grover_nocheckpoint,LT,-16384,0,4,81,0xfc1c775d,0x35bd20f1,normal,HIT,6004,-28307,21,116,116,50376,503,509,6004,21,116,116,1,1,1,1,1,1,
nocheckpoint,bbht_grover_nocheckpoint,LT,-16384,0,4,82,0x16b93b63,0x7d609ba5,normal,HIT,14622,-28245,21,121,121,52211,522,527,14622,21,121,121,1,1,1,1,1,1,
nocheckpoint,bbht_grover_nocheckpoint,LT,-16384,0,4,83,0x8ce1028e,0xb152e7ef,normal,HIT,14622,-28245,19,79,79,39146,391,398,14622,19,79,79,1,1,1,1,1,1,
nocheckpoint,bbht_grover_nocheckpoint,LT,-16384,0,4,84,0x87bad980,0x7dbefa97,normal,HIT,14622,-28245,18,66,66,34917,349,355,14622,18,66,66,1,1,1,1,1,1,
nocheckpoint,bbht_grover_nocheckpoint,LT,-16384,0,4,85,0xd63d86f3,0xf5399cca,normal,HIT,2687,-24767,19,67,67,35762,357,362,2687,19,67,67,1,1,1,1,1,1,
nocheckpoint,bbht_grover_nocheckpoint,LT,-16384,0,4,86,0xeeaba102,0x01560fc0,normal,HIT,13764,-17666,19,62,62,34667,346,351,13764,19,62,62,1,1,1,1,1,1,
nocheckpoint,bbht_grover_nocheckpoint,LT,-16384,0,4,87,0xc1fee4bb,0xc7e12d58,normal,HIT,6004,-28307,17,54,54,30375,303,309,6004,17,54,54,1,1,1,1,1,1,
nocheckpoint,bbht_grover_nocheckpoint,LT,-16384,0,4,88,0x0707c9da,0xf644a3f9,normal,HIT,6004,-28307,22,115,115,50886,508,514,6004,22,115,115,1,1,1,1,1,1,
nocheckpoint,bbht_grover_nocheckpoint,LT,-16384,0,4,89,0xde0d9c30,0x58a2ee8f,normal,HIT,6004,-28307,3,1,1,3469,34,40,6004,3,1,1,1,1,1,1,1,1,
nocheckpoint,bbht_grover_nocheckpoint,LT,-16384,0,4,90,0x7cd0efc7,0x9f385cfb,normal,HIT,13764,-17666,20,60,60,35391,353,359,13764,20,60,60,1,1,1,1,1,1,
nocheckpoint,bbht_grover_nocheckpoint,LT,-16384,0,4,91,0xe4cb50a6,0x94d13729,normal,HIT,14622,-28245,20,100,100,45627,456,462,14622,20,100,100,1,1,1,1,1,1,
nocheckpoint,bbht_grover_nocheckpoint,LT,-16384,0,4,92,0xa0882219,0x18f75d24,normal,HIT,6004,-28307,16,37,37,25043,250,255,6004,16,37,37,1,1,1,1,1,1,
nocheckpoint,bbht_grover_nocheckpoint,LT,-16384,0,4,93,0xc435e6f2,0xf75a52bc,normal,HIT,14622,-28245,22,143,143,59992,599,604,14622,22,143,143,1,1,1,1,1,1,
nocheckpoint,bbht_grover_nocheckpoint,LT,-16384,0,4,94,0x011b63f0,0x0aa34346,normal,HIT,13764,-17666,20,92,92,43092,430,435,13764,20,92,92,1,1,1,1,1,1,
nocheckpoint,bbht_grover_nocheckpoint,LT,-16384,0,4,95,0x1b456e77,0xee460f94,normal,HIT,13764,-17666,21,100,100,46678,466,472,13764,21,100,100,1,1,1,1,1,1,
nocheckpoint,bbht_grover_nocheckpoint,LT,-16384,0,4,96,0x10088608,0xef418331,normal,HIT,6004,-28307,17,42,42,26556,265,270,6004,17,42,42,1,1,1,1,1,1,
nocheckpoint,bbht_grover_nocheckpoint,LT,-16384,0,4,97,0x6fcfc352,0xf8fa9f4c,normal,HIT,2687,-24767,16,33,33,23517,235,241,2687,16,33,33,1,1,1,1,1,1,
nocheckpoint,bbht_grover_nocheckpoint,LT,-16384,0,4,98,0xfb6077af,0x713595a9,normal,HIT,14622,-28245,16,45,45,26607,266,271,14622,16,45,45,1,1,1,1,1,1,
nocheckpoint,bbht_grover_nocheckpoint,LT,-16384,0,4,99,0xc6ebb72e,0x08fdf109,normal,HIT,14622,-28245,21,101,101,46312,463,469,14622,21,101,101,1,1,1,1,1,1,
nocheckpoint,bbht_grover_nocheckpoint,LT,-16384,0,16,0,0x7b1dcdaf,0x24370df2,normal,HIT,6463,-19424,14,22,22,19569,195,201,6463,14,22,22,1,1,1,1,1,1,
nocheckpoint,bbht_grover_nocheckpoint,LT,-16384,0,16,1,0x3a85a4dc,0xa3b9aa35,normal,HIT,8671,-19865,20,81,81,39524,395,400,8671,20,81,81,1,1,1,1,1,1,
nocheckpoint,bbht_grover_nocheckpoint,LT,-16384,0,16,2,0x6162a8b2,0x871c276f,normal,HIT,16156,-26932,14,34,34,21880,218,224,16156,14,34,34,1,1,1,1,1,1,
nocheckpoint,bbht_grover_nocheckpoint,LT,-16384,0,16,3,0xc3adc34e,0xf5b8f22b,normal,HIT,9469,-18742,10,13,13,13054,130,135,9469,10,13,13,1,1,1,1,1,1,
nocheckpoint,bbht_grover_nocheckpoint,LT,-16384,0,16,4,0x2bb073ff,0x3f8396e3,normal,HIT,13764,-17666,16,47,47,27740,277,282,13764,16,47,47,1,1,1,1,1,1,
nocheckpoint,bbht_grover_nocheckpoint,LT,-16384,0,16,5,0xda585ab3,0xa7197ad7,normal,HIT,2815,-23791,17,29,29,23480,234,239,2815,17,29,29,1,1,1,1,1,1,
nocheckpoint,bbht_grover_nocheckpoint,LT,-16384,0,16,6,0x0ed109c0,0x5701ce52,normal,HIT,13764,-17666,11,20,20,15432,154,158,13764,11,20,20,1,1,1,1,1,1,
nocheckpoint,bbht_grover_nocheckpoint,LT,-16384,0,16,7,0x102ecf73,0x53c7612b,normal,HIT,2828,-17484,14,36,36,22244,222,228,2828,14,36,36,1,1,1,1,1,1,
nocheckpoint,bbht_grover_nocheckpoint,LT,-16384,0,16,8,0xcf29b6a1,0x35231a84,normal,HIT,2828,-17484,16,49,49,28721,287,293,2828,16,49,49,1,1,1,1,1,1,
nocheckpoint,bbht_grover_nocheckpoint,LT,-16384,0,16,9,0xc49cbb42,0xd0a3bbb8,normal,HIT,8671,-19865,17,40,40,27892,278,284,8671,17,40,40,1,1,1,1,1,1,
nocheckpoint,bbht_grover_nocheckpoint,LT,-16384,0,16,10,0x4cc51d23,0xee0e3ab4,normal,HIT,14622,-28245,15,35,35,22963,229,235,14622,15,35,35,1,1,1,1,1,1,
nocheckpoint,bbht_grover_nocheckpoint,LT,-16384,0,16,11,0xf9e8aa7a,0x3208c31a,normal,HIT,2828,-17484,19,85,85,39341,393,399,2828,19,85,85,1,1,1,1,1,1,
nocheckpoint,bbht_grover_nocheckpoint,LT,-16384,0,16,12,0xdda8b051,0xc8105c9d,normal,HIT,438,-30743,18,42,42,27508,275,281,438,18,42,42,1,1,1,1,1,1,
nocheckpoint,bbht_grover_nocheckpoint,LT,-16384,0,16,13,0xabfb11bf,0xf5dec75e,normal,HIT,14622,-28245,12,24,24,18820,188,194,14622,12,24,24,1,1,1,1,1,1,
nocheckpoint,bbht_grover_nocheckpoint,LT,-16384,0,16,14,0x20639811,0x6b6a7c47,normal,HIT,14622,-28245,7,8,8,9147,91,97,14622,7,8,8,1,1,1,1,1,1,
nocheckpoint,bbht_grover_nocheckpoint,LT,-16384,0,16,15,0xac72acd2,0xca84bc6c,normal,HIT,13764,-17666,9,3,3,9453,94,101,13764,9,3,3,1,1,1,1,1,1,
nocheckpoint,bbht_grover_nocheckpoint,LT,-16384,0,16,16,0x49a2da79,0xe1376725,normal,HIT,2828,-17484,11,20,20,15639,156,162,2828,11,20,20,1,1,1,1,1,1,
nocheckpoint,bbht_grover_nocheckpoint,LT,-16384,0,16,17,0x63a4e9d7,0x6166dba4,normal,HIT,5518,-25251,11,13,13,14109,141,147,5518,11,13,13,1,1,1,1,1,1,
nocheckpoint,bbht_grover_nocheckpoint,LT,-16384,0,16,18,0x8983f102,0x43fb6183,normal,HIT,14562,-27299,9,8,8,10573,105,111,14562,9,8,8,1,1,1,1,1,1,
nocheckpoint,bbht_grover_nocheckpoint,LT,-16384,0,16,19,0xb671aa78,0xc97ad8a2,normal,HIT,14562,-27299,21,82,82,42272,422,427,14562,21,82,82,1,1,1,1,1,1,
nocheckpoint,bbht_grover_nocheckpoint,LT,-16384,0,16,20,0xdaeb566a,0x989e5b3d,normal,HIT,14562,-27299,13,20,20,17990,179,186,14562,13,20,20,1,1,1,1,1,1,
nocheckpoint,bbht_grover_nocheckpoint,LT,-16384,0,16,21,0xf6181c00,0xa345ac4b,normal,HIT,2828,-17484,9,4,4,9920,99,105,2828,9,4,4,1,1,1,1,1,1,
nocheckpoint,bbht_grover_nocheckpoint,LT,-16384,0,16,22,0x4e18d852,0xa08980df,normal,HIT,14622,-28245,11,13,13,13167,131,137,14622,11,13,13,1,1,1,1,1,1,
nocheckpoint,bbht_grover_nocheckpoint,LT,-16384,0,16,23,0xa035ceba,0x611de4c4,normal,HIT,16156,-26932,10,13,13,14174,141,146,16156,10,13,13,1,1,1,1,1,1,
nocheckpoint,bbht_grover_nocheckpoint,LT,-16384,0,16,24,0xc2416ee4,0x7323f479,normal,HIT,8671,-19865,11,21,21,15574,155,160,8671,11,21,21,1,1,1,1,1,1,
nocheckpoint,bbht_grover_nocheckpoint,LT,-16384,0,16,25,0xfbdafbdd,0xa0c0cf2f,normal,HIT,6004,-28307,15,28,28,20946,209,214,6004,15,28,28,1,1,1,1,1,1,
nocheckpoint,bbht_grover_nocheckpoint,LT,-16384,0,16,26,0xa43fbf47,0x8de97b10,normal,HIT,2828,-17484,21,83,83,40669,406,412,2828,21,83,83,1,1,1,1,1,1,
nocheckpoint,bbht_grover_nocheckpoint,LT,-16384,0,16,27,0x6811f7c1,0xcb07044a,normal,HIT,13764,-17666,8,8,8,10096,100,106,13764,8,8,8,1,1,1,1,1,1,
nocheckpoint,bbht_grover_nocheckpoint,LT,-16384,0,16,28,0x610dde2c,0x8cf5deb9,normal,HIT,5470,-16918,11,17,17,14758,147,152,5470,11,17,17,1,1,1,1,1,1,
nocheckpoint,bbht_grover_nocheckpoint,LT,-16384,0,16,29,0x82241b87,0xbbe27f39,normal,HIT,14562,-27299,7,6,6,8853,88,94,14562,7,6,6,1,1,1,1,1,1,
nocheckpoint,bbht_grover_nocheckpoint,LT,-16384,0,16,30,0x48647490,0xea9551eb,normal,HIT,8671,-19865,17,38,38,25440,254,259,8671,17,38,38,1,1,1,1,1,1,
nocheckpoint,bbht_grover_nocheckpoint,LT,-16384,0,16,31,0x63df3b7f,0xa8b057e1,normal,HIT,5518,-25251,6,3,3,6650,66,72,5518,6,3,3,1,1,1,1,1,1,
nocheckpoint,bbht_grover_nocheckpoint,LT,-16384,0,16,32,0x433125bb,0x3221fef0,normal,HIT,8671,-19865,21,70,70,38240,382,388,8671,21,70,70,1,1,1,1,1,1,
nocheckpoint,bbht_grover_nocheckpoint,LT,-16384,0,16,33,0x7943be40,0x6641ee79,normal,HIT,2815,-23791,14,31,31,20827,208,214,2815,14,31,31,1,1,1,1,1,1,
nocheckpoint,bbht_grover_nocheckpoint,LT,-16384,0,16,34,0x26c93252,0x675d2908,normal,HIT,6004,-28307,17,68,68,34368,343,348,6004,17,68,68,1,1,1,1,1,1,
nocheckpoint,bbht_grover_nocheckpoint,LT,-16384,0,16,35,0xdbe3ed49,0xa7cfea56,normal,HIT,8671,-19865,13,18,18,17338,173,177,8671,13,18,18,1,1,1,1,1,1,
nocheckpoint,bbht_grover_nocheckpoint,LT,-16384,0,16,36,0xc2ec9bb4,0xbfc0ae9e,normal,HIT,16156,-26932,17,47,47,29550,295,301,16156,17,47,47,1,1,1,1,1,1,
nocheckpoint,bbht_grover_nocheckpoint,LT,-16384,0,16,37,0xe7ec8559,0x307064ac,normal,HIT,5518,-25251,18,53,53,31022,310,315,5518,18,53,53,1,1,1,1,1,1,
nocheckpoint,bbht_grover_nocheckpoint,LT,-16384,0,16,38,0xccb88b54,0x2cf00158,normal,HIT,2815,-23791,11,22,22,16880,168,174,2815,11,22,22,1,1,1,1,1,1,
nocheckpoint,bbht_grover_nocheckpoint,LT,-16384,0,16,39,0xb512e6a4,0x2b9e708c,normal,HIT,13764,-17666,16,45,45,27409,274,279,13764,16,45,45,1,1,1,1,1,1,
nocheckpoint,bbht_grover_nocheckpoint,LT,-16384,0,16,40,0x7e2c3d82,0xa69fb195,normal,HIT,11575,-17397,10,9,9,11888,118,124,11575,10,9,9,1,1,1,1,1,1,
nocheckpoint,bbht_grover_nocheckpoint,LT,-16384,0,16,41,0x58b3e5ad,0x23a21253,normal,HIT,2828,-17484,13,20,20,17399,173,179,2828,13,20,20,1,1,1,1,1,1,
nocheckpoint,bbht_grover_nocheckpoint,LT,-16384,0,16,42,0x9a07c40b,0x3ea78d8c,normal,HIT,14622,-28245,15,34,34,23670,236,243,14622,15,34,34,1,1,1,1,1,1,
nocheckpoint,bbht_grover_nocheckpoint,LT,-16384,0,16,43,0xf1f9a54b,0x7b00db61,normal,HIT,13764,-17666,14,33,33,22244,222,228,13764,14,33,33,1,1,1,1,1,1,
nocheckpoint,bbht_grover_nocheckpoint,LT,-16384,0,16,44,0xfba6212d,0xb8b8356a,normal,HIT,13764,-17666,18,58,58,31735,317,323,13764,18,58,58,1,1,1,1,1,1,
nocheckpoint,bbht_grover_nocheckpoint,LT,-16384,0,16,45,0x1ca60615,0xd753b84a,normal,HIT,5518,-25251,13,24,24,17627,176,181,5518,13,24,24,1,1,1,1,1,1,
nocheckpoint,bbht_grover_nocheckpoint,LT,-16384,0,16,46,0xa085c93e,0x19b8504d,normal,HIT,2687,-24767,20,96,96,45335,453,459,2687,20,96,96,1,1,1,1,1,1,
nocheckpoint,bbht_grover_nocheckpoint,LT,-16384,0,16,47,0x18190603,0xad0438b2,normal,HIT,2828,-17484,11,11,11,13134,131,136,2828,11,11,11,1,1,1,1,1,1,
nocheckpoint,bbht_grover_nocheckpoint,LT,-16384,0,16,48,0xc1143c78,0xbbdab3cd,normal,HIT,11575,-17397,21,63,63,37632,376,381,11575,21,63,63,1,1,1,1,1,1,
nocheckpoint,bbht_grover_nocheckpoint,LT,-16384,0,16,49,0x332063fc,0x222ba57c,normal,HIT,5518,-25251,14,27,27,21595,215,221,5518,14,27,27,1,1,1,1,1,1,
nocheckpoint,bbht_grover_nocheckpoint,LT,-16384,0,16,50,0xd6f4066b,0xab9eb714,normal,HIT,2828,-17484,13,15,15,15354,153,159,2828,13,15,15,1,1,1,1,1,1,
nocheckpoint,bbht_grover_nocheckpoint,LT,-16384,0,16,51,0x64b9628c,0x9cd8b518,normal,HIT,16156,-26932,15,37,37,23650,236,241,16156,15,37,37,1,1,1,1,1,1,
nocheckpoint,bbht_grover_nocheckpoint,LT,-16384,0,16,52,0x894e6771,0x8a255c2e,normal,HIT,16156,-26932,12,12,12,15737,157,162,16156,12,12,12,1,1,1,1,1,1,
nocheckpoint,bbht_grover_nocheckpoint,LT,-16384,0,16,53,0xe3e668e8,0xff1f20c3,normal,HIT,2687,-24767,17,33,33,25261,252,259,2687,17,33,33,1,1,1,1,1,1,
nocheckpoint,bbht_grover_nocheckpoint,LT,-16384,0,16,54,0x36980406,0xfbdbfa61,normal,HIT,10396,-31067,13,32,32,20985,209,216,10396,13,32,32,1,1,1,1,1,1,
nocheckpoint,bbht_grover_nocheckpoint,LT,-16384,0,16,55,0x114d2b4a,0xa617ad4e,normal,HIT,8671,-19865,18,51,51,30920,309,313,8671,18,51,51,1,1,1,1,1,1,
nocheckpoint,bbht_grover_nocheckpoint,LT,-16384,0,16,56,0x3b8907e1,0x0c6cbd10,normal,HIT,9469,-18742,17,37,37,26144,261,266,9469,17,37,37,1,1,1,1,1,1,
nocheckpoint,bbht_grover_nocheckpoint,LT,-16384,0,16,57,0x2cd09c1d,0x964fb1a7,normal,HIT,6463,-19424,19,87,87,40790,407,413,6463,19,87,87,1,1,1,1,1,1,
nocheckpoint,bbht_grover_nocheckpoint,LT,-16384,0,16,58,0x6d7a8604,0xbd6f99c6,normal,HIT,2687,-24767,15,37,37,24856,248,253,2687,15,37,37,1,1,1,1,1,1,
nocheckpoint,bbht_grover_nocheckpoint,LT,-16384,0,16,59,0x1fadaf42,0x60010aa3,normal,HIT,6004,-28307,11,14,14,14759,147,152,6004,11,14,14,1,1,1,1,1,1,
nocheckpoint,bbht_grover_nocheckpoint,LT,-16384,0,16,60,0x92fe7cfd,0xb54e2773,normal,HIT,8671,-19865,17,63,63,33038,330,336,8671,17,63,63,1,1,1,1,1,1,
nocheckpoint,bbht_grover_nocheckpoint,LT,-16384,0,16,61,0x1aecb060,0x9c545eba,normal,HIT,16156,-26932,17,47,47,30278,302,308,16156,17,47,47,1,1,1,1,1,1,
nocheckpoint,bbht_grover_nocheckpoint,LT,-16384,0,16,62,0x91778cc3,0xbd1d1bc0,normal,HIT,14562,-27299,15,37,37,24593,245,251,14562,15,37,37,1,1,1,1,1,1,
nocheckpoint,bbht_grover_nocheckpoint,LT,-16384,0,16,63,0xe6b7e7eb,0xd542988e,normal,HIT,14622,-28245,10,11,11,12070,120,126,14622,10,11,11,1,1,1,1,1,1,
nocheckpoint,bbht_grover_nocheckpoint,LT,-16384,0,16,64,0x6770144c,0xd2d3c6e7,normal,HIT,5470,-16918,18,52,52,30063,300,306,5470,18,52,52,1,1,1,1,1,1,
nocheckpoint,bbht_grover_nocheckpoint,LT,-16384,0,16,65,0xc600a248,0x0a1e0844,normal,HIT,438,-30743,8,8,8,9531,95,100,438,8,8,8,1,1,1,1,1,1,
nocheckpoint,bbht_grover_nocheckpoint,LT,-16384,0,16,66,0x1ea4f830,0x2ef0f28e,normal,HIT,8671,-19865,12,18,18,15487,154,160,8671,12,18,18,1,1,1,1,1,1,
nocheckpoint,bbht_grover_nocheckpoint,LT,-16384,0,16,67,0x639604f3,0x7fe04f83,normal,HIT,14622,-28245,19,58,58,33383,333,338,14622,19,58,58,1,1,1,1,1,1,
nocheckpoint,bbht_grover_nocheckpoint,LT,-16384,0,16,68,0x6e084a84,0xb643b17e,normal,HIT,2687,-24767,12,24,24,18070,180,186,2687,12,24,24,1,1,1,1,1,1,
nocheckpoint,bbht_grover_nocheckpoint,LT,-16384,0,16,69,0x3d7fc476,0x467d7a44,normal,HIT,6463,-19424,17,36,36,25457,254,260,6463,17,36,36,1,1,1,1,1,1,
nocheckpoint,bbht_grover_nocheckpoint,LT,-16384,0,16,70,0xedca3875,0xefade11e,normal,HIT,14622,-28245,23,119,119,52748,527,533,14622,23,119,119,1,1,1,1,1,1,
nocheckpoint,bbht_grover_nocheckpoint,LT,-16384,0,16,71,0xb883121d,0x095c678c,normal,HIT,6004,-28307,20,70,70,37821,378,383,6004,20,70,70,1,1,1,1,1,1,
nocheckpoint,bbht_grover_nocheckpoint,LT,-16384,0,16,72,0xace22797,0xbc422a9a,normal,HIT,13764,-17666,16,41,41,25785,257,263,13764,16,41,41,1,1,1,1,1,1,
nocheckpoint,bbht_grover_nocheckpoint,LT,-16384,0,16,73,0xefd3172d,0x8c2c3233,normal,HIT,2687,-24767,17,35,35,25905,259,264,2687,17,35,35,1,1,1,1,1,1,
nocheckpoint,bbht_grover_nocheckpoint,LT,-16384,0,16,74,0xe6aacdb5,0x7f1c158a,normal,HIT,2815,-23791,14,26,26,19820,198,203,2815,14,26,26,1,1,1,1,1,1,
nocheckpoint,bbht_grover_nocheckpoint,LT,-16384,0,16,75,0x6566c598,0xca804b00,normal,HIT,2828,-17484,9,9,9,11306,113,118,2828,9,9,9,1,1,1,1,1,1,
nocheckpoint,bbht_grover_nocheckpoint,LT,-16384,0,16,76,0x4e646d9d,0xcbae5ac0,normal,HIT,16156,-26932,11,19,19,15043,150,156,16156,11,19,19,1,1,1,1,1,1,
nocheckpoint,bbht_grover_nocheckpoint,LT,-16384,0,16,77,0x05d81d6f,0x260c4013,normal,HIT,9469,-18742,18,67,67,34177,341,346,9469,18,67,67,1,1,1,1,1,1,
nocheckpoint,bbht_grover_nocheckpoint,LT,-16384,0,16,78,0x2018f6a3,0x5728c7f4,normal,HIT,9469,-18742,19,53,53,32614,326,331,9469,19,53,53,1,1,1,1,1,1,
nocheckpoint,bbht_grover_nocheckpoint,LT,-16384,0,16,79,0x718ebf0c,0x4d7d460c,normal,HIT,438,-30743,16,43,43,26154,261,266,438,16,43,43,1,1,1,1,1,1,
nocheckpoint,bbht_grover_nocheckpoint,LT,-16384,0,16,80,0x042a8f17,0x2093b3f4,normal,HIT,2828,-17484,15,34,34,22720,227,233,2828,15,34,34,1,1,1,1,1,1,
nocheckpoint,bbht_grover_nocheckpoint,LT,-16384,0,16,81,0xfc1c775d,0x35bd20f1,normal,HIT,2828,-17484,15,44,44,25713,257,263,2828,15,44,44,1,1,1,1,1,1,
nocheckpoint,bbht_grover_nocheckpoint,LT,-16384,0,16,82,0x16b93b63,0x7d609ba5,normal,HIT,2828,-17484,17,49,49,29415,294,299,2828,17,49,49,1,1,1,1,1,1,
nocheckpoint,bbht_grover_nocheckpoint,LT,-16384,0,16,83,0x8ce1028e,0xb152e7ef,normal,HIT,6463,-19424,15,32,32,23262,232,238,6463,15,32,32,1,1,1,1,1,1,
nocheckpoint,bbht_grover_nocheckpoint,LT,-16384,0,16,84,0x87bad980,0x7dbefa97,normal,HIT,5518,-25251,12,23,23,17932,179,184,5518,12,23,23,1,1,1,1,1,1,
nocheckpoint,bbht_grover_nocheckpoint,LT,-16384,0,16,85,0xd63d86f3,0xf5399cca,normal,HIT,10396,-31067,19,67,67,35837,358,364,10396,19,67,67,1,1,1,1,1,1,
nocheckpoint,bbht_grover_nocheckpoint,LT,-16384,0,16,86,0xeeaba102,0x01560fc0,normal,HIT,14562,-27299,19,62,62,34783,347,353,14562,19,62,62,1,1,1,1,1,1,
nocheckpoint,bbht_grover_nocheckpoint,LT,-16384,0,16,87,0xc1fee4bb,0xc7e12d58,normal,HIT,8671,-19865,16,46,46,27131,271,276,8671,16,46,46,1,1,1,1,1,1,
nocheckpoint,bbht_grover_nocheckpoint,LT,-16384,0,16,88,0x0707c9da,0xf644a3f9,normal,HIT,8671,-19865,13,25,25,19013,190,195,8671,13,25,25,1,1,1,1,1,1,
nocheckpoint,bbht_grover_nocheckpoint,LT,-16384,0,16,89,0xde0d9c30,0x58a2ee8f,normal,HIT,6004,-28307,14,27,27,21081,210,215,6004,14,27,27,1,1,1,1,1,1,
nocheckpoint,bbht_grover_nocheckpoint,LT,-16384,0,16,90,0x7cd0efc7,0x9f385cfb,normal,HIT,16156,-26932,13,12,12,15842,158,164,16156,13,12,12,1,1,1,1,1,1,
nocheckpoint,bbht_grover_nocheckpoint,LT,-16384,0,16,91,0xe4cb50a6,0x94d13729,normal,HIT,438,-30743,13,10,10,15401,154,158,438,13,10,10,1,1,1,1,1,1,
nocheckpoint,bbht_grover_nocheckpoint,LT,-16384,0,16,92,0xa0882219,0x18f75d24,normal,HIT,2828,-17484,11,13,13,14030,140,146,2828,11,13,13,1,1,1,1,1,1,
nocheckpoint,bbht_grover_nocheckpoint,LT,-16384,0,16,93,0xc435e6f2,0xf75a52bc,normal,HIT,14562,-27299,16,55,55,29941,299,304,14562,16,55,55,1,1,1,1,1,1,
nocheckpoint,bbht_grover_nocheckpoint,LT,-16384,0,16,94,0x011b63f0,0x0aa34346,normal,HIT,9469,-18742,11,14,14,13644,136,142,9469,11,14,14,1,1,1,1,1,1,
nocheckpoint,bbht_grover_nocheckpoint,LT,-16384,0,16,95,0x1b456e77,0xee460f94,normal,HIT,9469,-18742,17,47,47,28668,286,291,9469,17,47,47,1,1,1,1,1,1,
nocheckpoint,bbht_grover_nocheckpoint,LT,-16384,0,16,96,0x10088608,0xef418331,normal,HIT,2687,-24767,10,12,12,12077,120,126,2687,10,12,12,1,1,1,1,1,1,
nocheckpoint,bbht_grover_nocheckpoint,LT,-16384,0,16,97,0x6fcfc352,0xf8fa9f4c,normal,HIT,2815,-23791,16,33,33,23505,235,241,2815,16,33,33,1,1,1,1,1,1,
nocheckpoint,bbht_grover_nocheckpoint,LT,-16384,0,16,98,0xfb6077af,0x713595a9,normal,HIT,5470,-16918,16,45,45,26334,263,268,5470,16,45,45,1,1,1,1,1,1,
nocheckpoint,bbht_grover_nocheckpoint,LT,-16384,0,16,99,0xc6ebb72e,0x08fdf109,normal,HIT,5470,-16918,15,28,28,21581,215,221,5470,15,28,28,1,1,1,1,1,1,
nocheckpoint,bbht_grover_nocheckpoint,LT,-16384,0,64,0,0x7b1dcdaf,0x24370df2,normal,HIT,1089,-17865,7,4,4,7675,76,82,1089,7,4,4,1,1,1,1,1,1,
nocheckpoint,bbht_grover_nocheckpoint,LT,-16384,0,64,1,0x3a85a4dc,0xa3b9aa35,normal,HIT,1951,-17282,16,35,35,23573,235,241,1951,16,35,35,1,1,1,1,1,1,
nocheckpoint,bbht_grover_nocheckpoint,LT,-16384,0,64,2,0x6162a8b2,0x871c276f,normal,HIT,10706,-30061,10,12,12,12220,122,127,10706,10,12,12,1,1,1,1,1,1,
nocheckpoint,bbht_grover_nocheckpoint,LT,-16384,0,64,3,0xc3adc34e,0xf5b8f22b,normal,HIT,16156,-26932,9,8,8,10770,107,113,16156,9,8,8,1,1,1,1,1,1,
nocheckpoint,bbht_grover_nocheckpoint,LT,-16384,0,64,4,0x2bb073ff,0x3f8396e3,normal,HIT,13764,-17666,12,17,17,16003,160,165,13764,12,17,17,1,1,1,1,1,1,
nocheckpoint,bbht_grover_nocheckpoint,LT,-16384,0,64,5,0xda585ab3,0xa7197ad7,normal,HIT,10117,-21896,5,3,3,5526,55,61,10117,5,3,3,1,1,1,1,1,1,
nocheckpoint,bbht_grover_nocheckpoint,LT,-16384,0,64,6,0x0ed109c0,0x5701ce52,normal,HIT,16073,-17117,2,1,1,2613,26,31,16073,2,1,1,1,1,1,1,1,1,
nocheckpoint,bbht_grover_nocheckpoint,LT,-16384,0,64,7,0x102ecf73,0x53c7612b,normal,HIT,15048,-24121,8,8,8,9280,92,97,15048,8,8,8,1,1,1,1,1,1,
nocheckpoint,bbht_grover_nocheckpoint,LT,-16384,0,64,8,0xcf29b6a1,0x35231a84,normal,HIT,12822,-30595,10,8,8,12244,122,127,12822,10,8,8,1,1,1,1,1,1,
nocheckpoint,bbht_grover_nocheckpoint,LT,-16384,0,64,9,0xc49cbb42,0xd0a3bbb8,normal,HIT,8239,-17326,10,9,9,13016,130,135,8239,10,9,9,1,1,1,1,1,1,
nocheckpoint,bbht_grover_nocheckpoint,LT,-16384,0,64,10,0x4cc51d23,0xee0e3ab4,normal,HIT,3605,-26225,12,23,23,17002,170,175,3605,12,23,23,1,1,1,1,1,1,
nocheckpoint,bbht_grover_nocheckpoint,LT,-16384,0,64,11,0xf9e8aa7a,0x3208c31a,normal,HIT,11830,-32530,9,10,10,11133,111,116,11830,9,10,10,1,1,1,1,1,1,
nocheckpoint,bbht_grover_nocheckpoint,LT,-16384,0,64,12,0xdda8b051,0xc8105c9d,normal,HIT,187,-22178,14,20,20,18458,184,190,187,14,20,20,1,1,1,1,1,1,
nocheckpoint,bbht_grover_nocheckpoint,LT,-16384,0,64,13,0xabfb11bf,0xf5dec75e,normal,HIT,14812,-20654,12,24,24,18792,187,194,14812,12,24,24,1,1,1,1,1,1,
nocheckpoint,bbht_grover_nocheckpoint,LT,-16384,0,64,14,0x20639811,0x6b6a7c47,normal,HIT,8103,-21040,8,9,9,10356,103,108,8103,8,9,9,1,1,1,1,1,1,
nocheckpoint,bbht_grover_nocheckpoint,LT,-16384,0,64,15,0xac72acd2,0xca84bc6c,normal,HIT,8050,-21247,10,7,7,11470,114,119,8050,10,7,7,1,1,1,1,1,1,
nocheckpoint,bbht_grover_nocheckpoint,LT,-16384,0,64,16,0x49a2da79,0xe1376725,normal,HIT,11898,-26778,9,12,12,11768,117,122,11898,9,12,12,1,1,1,1,1,1,
nocheckpoint,bbht_grover_nocheckpoint,LT,-16384,0,64,17,0x63a4e9d7,0x6166dba4,normal,HIT,10602,-21556,13,21,21,18442,184,188,10602,13,21,21,1,1,1,1,1,1,
nocheckpoint,bbht_grover_nocheckpoint,LT,-16384,0,64,18,0x8983f102,0x43fb6183,normal,HIT,14622,-28245,9,8,8,10596,105,112,14622,9,8,8,1,1,1,1,1,1,
nocheckpoint,bbht_grover_nocheckpoint,LT,-16384,0,64,19,0xb671aa78,0xc97ad8a2,normal,HIT,10117,-21896,10,10,10,12687,126,131,10117,10,10,10,1,1,1,1,1,1,
nocheckpoint,bbht_grover_nocheckpoint,LT,-16384,0,64,20,0xdaeb566a,0x989e5b3d,normal,HIT,438,-30743,11,13,13,13955,139,144,438,11,13,13,1,1,1,1,1,1,
nocheckpoint,bbht_grover_nocheckpoint,LT,-16384,0,64,21,0xf6181c00,0xa345ac4b,normal,HIT,2815,-23791,11,7,7,12389,123,129,2815,11,7,7,1,1,1,1,1,1,
nocheckpoint,bbht_grover_nocheckpoint,LT,-16384,0,64,22,0x4e18d852,0xa08980df,normal,HIT,14662,-22014,11,13,13,13163,131,136,14662,11,13,13,1,1,1,1,1,1,
nocheckpoint,bbht_grover_nocheckpoint,LT,-16384,0,64,23,0xa035ceba,0x611de4c4,normal,HIT,2843,-27723,14,29,29,22430,224,230,2843,14,29,29,1,1,1,1,1,1,
nocheckpoint,bbht_grover_nocheckpoint,LT,-16384,0,64,24,0xc2416ee4,0x7323f479,normal,HIT,4806,-18062,5,4,4,5585,55,61,4806,5,4,4,1,1,1,1,1,1,
nocheckpoint,bbht_grover_nocheckpoint,LT,-16384,0,64,25,0xfbdafbdd,0xa0c0cf2f,normal,HIT,10396,-31067,10,8,8,11004,110,115,10396,10,8,8,1,1,1,1,1,1,
nocheckpoint,bbht_grover_nocheckpoint,LT,-16384,0,64,26,0xa43fbf47,0x8de97b10,normal,HIT,13360,-28930,15,29,29,21620,216,222,13360,15,29,29,1,1,1,1,1,1,
nocheckpoint,bbht_grover_nocheckpoint,LT,-16384,0,64,27,0x6811f7c1,0xcb07044a,normal,HIT,7227,-22375,12,17,17,16188,161,167,7227,12,17,17,1,1,1,1,1,1,
nocheckpoint,bbht_grover_nocheckpoint,LT,-16384,0,64,28,0x610dde2c,0x8cf5deb9,normal,HIT,15048,-24121,4,2,2,4484,44,50,15048,4,2,2,1,1,1,1,1,1,
nocheckpoint,bbht_grover_nocheckpoint,LT,-16384,0,64,29,0x82241b87,0xbbe27f39,normal,HIT,1089,-17865,9,11,11,11837,118,124,1089,9,11,11,1,1,1,1,1,1,
nocheckpoint,bbht_grover_nocheckpoint,LT,-16384,0,64,30,0x48647490,0xea9551eb,normal,HIT,9469,-18742,14,21,21,18155,181,187,9469,14,21,21,1,1,1,1,1,1,
nocheckpoint,bbht_grover_nocheckpoint,LT,-16384,0,64,31,0x63df3b7f,0xa8b057e1,normal,HIT,16073,-17117,9,10,10,11774,117,122,16073,9,10,10,1,1,1,1,1,1,
nocheckpoint,bbht_grover_nocheckpoint,LT,-16384,0,64,32,0x433125bb,0x3221fef0,normal,HIT,11308,-20891,16,35,35,24138,241,247,11308,16,35,35,1,1,1,1,1,1,
nocheckpoint,bbht_grover_nocheckpoint,LT,-16384,0,64,33,0x7943be40,0x6641ee79,normal,HIT,11228,-19551,11,17,17,14933,149,154,11228,11,17,17,1,1,1,1,1,1,
nocheckpoint,bbht_grover_nocheckpoint,LT,-16384,0,64,34,0x26c93252,0x675d2908,normal,HIT,12822,-30595,12,21,21,17417,174,179,12822,12,21,21,1,1,1,1,1,1,
nocheckpoint,bbht_grover_nocheckpoint,LT,-16384,0,64,35,0xdbe3ed49,0xa7cfea56,normal,HIT,3372,-16463,5,4,4,5911,59,64,3372,5,4,4,1,1,1,1,1,1,
nocheckpoint,bbht_grover_nocheckpoint,LT,-16384,0,64,36,0xc2ec9bb4,0xbfc0ae9e,normal,HIT,8239,-17326,14,23,23,20244,202,208,8239,14,23,23,1,1,1,1,1,1,
nocheckpoint,bbht_grover_nocheckpoint,LT,-16384,0,64,37,0xe7ec8559,0x307064ac,normal,HIT,8050,-21247,6,5,5,6607,66,72,8050,6,5,5,1,1,1,1,1,1,
nocheckpoint,bbht_grover_nocheckpoint,LT,-16384,0,64,38,0xccb88b54,0x2cf00158,normal,HIT,15048,-24121,5,4,4,6242,62,67,15048,5,4,4,1,1,1,1,1,1,
nocheckpoint,bbht_grover_nocheckpoint,LT,-16384,0,64,39,0xb512e6a4,0x2b9e708c,normal,HIT,13442,-19364,14,22,22,19604,196,201,13442,14,22,22,1,1,1,1,1,1,
nocheckpoint,bbht_grover_nocheckpoint,LT,-16384,0,64,40,0x7e2c3d82,0xa69fb195,normal,HIT,1951,-17282,15,28,28,21812,218,223,1951,15,28,28,1,1,1,1,1,1,
nocheckpoint,bbht_grover_nocheckpoint,LT,-16384,0,64,41,0x58b3e5ad,0x23a21253,normal,HIT,6760,-27408,12,14,14,15044,150,156,6760,12,14,14,1,1,1,1,1,1,
nocheckpoint,bbht_grover_nocheckpoint,LT,-16384,0,64,42,0x9a07c40b,0x3ea78d8c,normal,HIT,7227,-22375,11,12,12,13578,135,142,7227,11,12,12,1,1,1,1,1,1,
nocheckpoint,bbht_grover_nocheckpoint,LT,-16384,0,64,43,0xf1f9a54b,0x7b00db61,normal,HIT,6760,-27408,12,22,22,17156,171,176,6760,12,22,22,1,1,1,1,1,1,
nocheckpoint,bbht_grover_nocheckpoint,LT,-16384,0,64,44,0xfba6212d,0xb8b8356a,normal,HIT,4246,-31407,13,18,18,16528,165,169,4246,13,18,18,1,1,1,1,1,1,
nocheckpoint,bbht_grover_nocheckpoint,LT,-16384,0,64,45,0x1ca60615,0xd753b84a,normal,HIT,2843,-27723,17,50,50,28605,286,292,2843,17,50,50,1,1,1,1,1,1,
nocheckpoint,bbht_grover_nocheckpoint,LT,-16384,0,64,46,0xa085c93e,0x19b8504d,normal,HIT,15570,-27224,12,21,21,17674,176,183,15570,12,21,21,1,1,1,1,1,1,
nocheckpoint,bbht_grover_nocheckpoint,LT,-16384,0,64,47,0x18190603,0xad0438b2,normal,HIT,8016,-19922,15,30,30,22152,221,227,8016,15,30,30,1,1,1,1,1,1,
nocheckpoint,bbht_grover_nocheckpoint,LT,-16384,0,64,48,0xc1143c78,0xbbdab3cd,normal,HIT,11228,-19551,11,7,7,12741,127,132,11228,11,7,7,1,1,1,1,1,1,
nocheckpoint,bbht_grover_nocheckpoint,LT,-16384,0,64,49,0x332063fc,0x222ba57c,normal,HIT,14812,-20654,12,17,17,16989,169,175,14812,12,17,17,1,1,1,1,1,1,
nocheckpoint,bbht_grover_nocheckpoint,LT,-16384,0,64,50,0xd6f4066b,0xab9eb714,normal,HIT,3149,-30574,13,15,15,15364,153,159,3149,13,15,15,1,1,1,1,1,1,
nocheckpoint,bbht_grover_nocheckpoint,LT,-16384,0,64,51,0x64b9628c,0x9cd8b518,normal,HIT,15529,-19241,10,15,15,13165,131,137,15529,10,15,15,1,1,1,1,1,1,
nocheckpoint,bbht_grover_nocheckpoint,LT,-16384,0,64,52,0x894e6771,0x8a255c2e,normal,HIT,16156,-26932,16,43,43,27827,278,283,16156,16,43,43,1,1,1,1,1,1,
nocheckpoint,bbht_grover_nocheckpoint,LT,-16384,0,64,53,0xe3e668e8,0xff1f20c3,normal,HIT,15570,-27224,13,21,21,18292,182,189,15570,13,21,21,1,1,1,1,1,1,
nocheckpoint,bbht_grover_nocheckpoint,LT,-16384,0,64,54,0x36980406,0xfbdbfa61,normal,HIT,3486,-28677,11,22,22,16429,164,169,3486,11,22,22,1,1,1,1,1,1,
nocheckpoint,bbht_grover_nocheckpoint,LT,-16384,0,64,55,0x114d2b4a,0xa617ad4e,normal,HIT,3149,-30574,6,5,5,6967,69,75,3149,6,5,5,1,1,1,1,1,1,
nocheckpoint,bbht_grover_nocheckpoint,LT,-16384,0,64,56,0x3b8907e1,0x0c6cbd10,normal,HIT,8016,-19922,7,4,4,7843,78,82,8016,7,4,4,1,1,1,1,1,1,
nocheckpoint,bbht_grover_nocheckpoint,LT,-16384,0,64,57,0x2cd09c1d,0x964fb1a7,normal,HIT,4246,-31407,12,15,15,14931,149,154,4246,12,15,15,1,1,1,1,1,1,
nocheckpoint,bbht_grover_nocheckpoint,LT,-16384,0,64,58,0x6d7a8604,0xbd6f99c6,normal,HIT,6463,-19424,6,5,5,7227,72,78,6463,6,5,5,1,1,1,1,1,1,
nocheckpoint,bbht_grover_nocheckpoint,LT,-16384,0,64,59,0x1fadaf42,0x60010aa3,normal,HIT,14562,-27299,15,34,34,24622,246,252,14562,15,34,34,1,1,1,1,1,1,
nocheckpoint,bbht_grover_nocheckpoint,LT,-16384,0,64,60,0x92fe7cfd,0xb54e2773,normal,HIT,15048,-24121,10,15,15,13196,131,137,15048,10,15,15,1,1,1,1,1,1,
nocheckpoint,bbht_grover_nocheckpoint,LT,-16384,0,64,61,0x1aecb060,0x9c545eba,normal,HIT,16156,-26932,12,21,21,18162,181,187,16156,12,21,21,1,1,1,1,1,1,
nocheckpoint,bbht_grover_nocheckpoint,LT,-16384,0,64,62,0x91778cc3,0xbd1d1bc0,normal,HIT,14622,-28245,13,27,27,20096,200,206,14622,13,27,27,1,1,1,1,1,1,
nocheckpoint,bbht_grover_nocheckpoint,LT,-16384,0,64,63,0xe6b7e7eb,0xd542988e,normal,HIT,15273,-28381,13,24,24,18968,189,195,15273,13,24,24,1,1,1,1,1,1,
nocheckpoint,bbht_grover_nocheckpoint,LT,-16384,0,64,64,0x6770144c,0xd2d3c6e7,normal,HIT,12822,-30595,16,32,32,22965,229,235,12822,16,32,32,1,1,1,1,1,1,
nocheckpoint,bbht_grover_nocheckpoint,LT,-16384,0,64,65,0xc600a248,0x0a1e0844,normal,HIT,8671,-19865,16,39,39,25246,252,258,8671,16,39,39,1,1,1,1,1,1,
nocheckpoint,bbht_grover_nocheckpoint,LT,-16384,0,64,66,0x1ea4f830,0x2ef0f28e,normal,HIT,2162,-20710,10,7,7,10849,108,113,2162,10,7,7,1,1,1,1,1,1,
nocheckpoint,bbht_grover_nocheckpoint,LT,-16384,0,64,67,0x639604f3,0x7fe04f83,normal,HIT,12888,-24207,13,19,19,17331,173,178,12888,13,19,19,1,1,1,1,1,1,
nocheckpoint,bbht_grover_nocheckpoint,LT,-16384,0,64,68,0x6e084a84,0xb643b17e,normal,HIT,12822,-30595,2,0,0,1861,18,24,12822,2,0,0,1,1,1,1,1,1,
nocheckpoint,bbht_grover_nocheckpoint,LT,-16384,0,64,69,0x3d7fc476,0x467d7a44,normal,HIT,6463,-19424,17,36,36,25528,255,260,6463,17,36,36,1,1,1,1,1,1,
nocheckpoint,bbht_grover_nocheckpoint,LT,-16384,0,64,70,0xedca3875,0xefade11e,normal,HIT,1951,-17282,14,28,28,20322,203,207,1951,14,28,28,1,1,1,1,1,1,
nocheckpoint,bbht_grover_nocheckpoint,LT,-16384,0,64,71,0xb883121d,0x095c678c,normal,HIT,6760,-27408,6,3,3,6132,61,67,6760,6,3,3,1,1,1,1,1,1,
nocheckpoint,bbht_grover_nocheckpoint,LT,-16384,0,64,72,0xace22797,0xbc422a9a,normal,HIT,2687,-24767,9,10,10,10798,107,113,2687,9,10,10,1,1,1,1,1,1,
nocheckpoint,bbht_grover_nocheckpoint,LT,-16384,0,64,73,0xefd3172d,0x8c2c3233,normal,HIT,11308,-20891,3,1,1,2892,28,34,11308,3,1,1,1,1,1,1,1,1,
nocheckpoint,bbht_grover_nocheckpoint,LT,-16384,0,64,74,0xe6aacdb5,0x7f1c158a,normal,HIT,2843,-27723,14,26,26,19789,197,203,2843,14,26,26,1,1,1,1,1,1,
nocheckpoint,bbht_grover_nocheckpoint,LT,-16384,0,64,75,0x6566c598,0xca804b00,normal,HIT,1089,-17865,13,25,25,19086,190,197,1089,13,25,25,1,1,1,1,1,1,
nocheckpoint,bbht_grover_nocheckpoint,LT,-16384,0,64,76,0x4e646d9d,0xcbae5ac0,normal,HIT,14236,-17629,9,10,10,10666,106,111,14236,9,10,10,1,1,1,1,1,1,
nocheckpoint,bbht_grover_nocheckpoint,LT,-16384,0,64,77,0x05d81d6f,0x260c4013,normal,HIT,14499,-28296,15,31,31,21565,215,220,14499,15,31,31,1,1,1,1,1,1,
nocheckpoint,bbht_grover_nocheckpoint,LT,-16384,0,64,78,0x2018f6a3,0x5728c7f4,normal,HIT,5518,-25251,6,5,5,7140,71,77,5518,6,5,5,1,1,1,1,1,1,
nocheckpoint,bbht_grover_nocheckpoint,LT,-16384,0,64,79,0x718ebf0c,0x4d7d460c,normal,HIT,9407,-25706,3,1,1,3228,32,38,9407,3,1,1,1,1,1,1,1,1,
nocheckpoint,bbht_grover_nocheckpoint,LT,-16384,0,64,80,0x042a8f17,0x2093b3f4,normal,HIT,11830,-32530,14,26,26,19807,198,203,11830,14,26,26,1,1,1,1,1,1,
nocheckpoint,bbht_grover_nocheckpoint,LT,-16384,0,64,81,0xfc1c775d,0x35bd20f1,normal,HIT,8016,-19922,7,6,6,7873,78,84,8016,7,6,6,1,1,1,1,1,1,
nocheckpoint,bbht_grover_nocheckpoint,LT,-16384,0,64,82,0x16b93b63,0x7d609ba5,normal,HIT,1173,-24863,8,6,6,9570,95,100,1173,8,6,6,1,1,1,1,1,1,
nocheckpoint,bbht_grover_nocheckpoint,LT,-16384,0,64,83,0x8ce1028e,0xb152e7ef,normal,HIT,13442,-19364,8,7,7,10097,100,107,13442,8,7,7,1,1,1,1,1,1,
nocheckpoint,bbht_grover_nocheckpoint,LT,-16384,0,64,84,0x87bad980,0x7dbefa97,normal,HIT,11994,-25266,10,14,14,13701,137,141,11994,10,14,14,1,1,1,1,1,1,
nocheckpoint,bbht_grover_nocheckpoint,LT,-16384,0,64,85,0xd63d86f3,0xf5399cca,normal,HIT,15570,-27224,12,21,21,16983,169,175,15570,12,21,21,1,1,1,1,1,1,
nocheckpoint,bbht_grover_nocheckpoint,LT,-16384,0,64,86,0xeeaba102,0x01560fc0,normal,HIT,3149,-30574,10,10,10,11822,118,124,3149,10,10,10,1,1,1,1,1,1,
nocheckpoint,bbht_grover_nocheckpoint,LT,-16384,0,64,87,0xc1fee4bb,0xc7e12d58,normal,HIT,3372,-16463,11,10,10,12801,128,134,3372,11,10,10,1,1,1,1,1,1,
nocheckpoint,bbht_grover_nocheckpoint,LT,-16384,0,64,88,0x0707c9da,0xf644a3f9,normal,HIT,3372,-16463,11,14,14,14376,143,149,3372,11,14,14,1,1,1,1,1,1,
nocheckpoint,bbht_grover_nocheckpoint,LT,-16384,0,64,89,0xde0d9c30,0x58a2ee8f,normal,HIT,11575,-17397,14,27,27,20994,209,216,11575,14,27,27,1,1,1,1,1,1,
nocheckpoint,bbht_grover_nocheckpoint,LT,-16384,0,64,90,0x7cd0efc7,0x9f385cfb,normal,HIT,16156,-26932,13,12,12,15872,158,164,16156,13,12,12,1,1,1,1,1,1,
nocheckpoint,bbht_grover_nocheckpoint,LT,-16384,0,64,91,0xe4cb50a6,0x94d13729,normal,HIT,2828,-17484,15,24,24,21155,211,217,2828,15,24,24,1,1,1,1,1,1,
nocheckpoint,bbht_grover_nocheckpoint,LT,-16384,0,64,92,0xa0882219,0x18f75d24,normal,HIT,6760,-27408,11,13,13,13975,139,145,6760,11,13,13,1,1,1,1,1,1,
nocheckpoint,bbht_grover_nocheckpoint,LT,-16384,0,64,93,0xc435e6f2,0xf75a52bc,normal,HIT,13360,-28930,9,11,11,11201,112,117,13360,9,11,11,1,1,1,1,1,1,
nocheckpoint,bbht_grover_nocheckpoint,LT,-16384,0,64,94,0x011b63f0,0x0aa34346,normal,HIT,1173,-24863,13,21,21,17213,172,177,1173,13,21,21,1,1,1,1,1,1,
nocheckpoint,bbht_grover_nocheckpoint,LT,-16384,0,64,95,0x1b456e77,0xee460f94,normal,HIT,10396,-31067,17,47,47,28785,287,293,10396,17,47,47,1,1,1,1,1,1,
nocheckpoint,bbht_grover_nocheckpoint,LT,-16384,0,64,96,0x10088608,0xef418331,normal,HIT,1951,-17282,15,26,26,20474,204,210,1951,15,26,26,1,1,1,1,1,1,
nocheckpoint,bbht_grover_nocheckpoint,LT,-16384,0,64,97,0x6fcfc352,0xf8fa9f4c,normal,HIT,438,-30743,15,19,19,18998,189,195,438,15,19,19,1,1,1,1,1,1,
nocheckpoint,bbht_grover_nocheckpoint,LT,-16384,0,64,98,0xfb6077af,0x713595a9,normal,HIT,2162,-20710,12,17,17,15430,154,159,2162,12,17,17,1,1,1,1,1,1,
nocheckpoint,bbht_grover_nocheckpoint,LT,-16384,0,64,99,0xc6ebb72e,0x08fdf109,normal,HIT,10117,-21896,10,12,12,12115,121,125,10117,10,12,12,1,1,1,1,1,1,
nocheckpoint,bbht_grover_nocheckpoint,LT,-16384,0,256,0,0x7b1dcdaf,0x24370df2,normal,HIT,2969,-25443,6,4,4,6951,69,75,2969,6,4,4,1,1,1,1,1,1,
nocheckpoint,bbht_grover_nocheckpoint,LT,-16384,0,256,1,0x3a85a4dc,0xa3b9aa35,normal,HIT,2036,-24289,10,5,5,10171,101,106,2036,10,5,5,1,1,1,1,1,1,
nocheckpoint,bbht_grover_nocheckpoint,LT,-16384,0,256,2,0x6162a8b2,0x871c276f,normal,HIT,2969,-25443,8,4,4,8366,83,89,2969,8,4,4,1,1,1,1,1,1,
nocheckpoint,bbht_grover_nocheckpoint,LT,-16384,0,256,3,0xc3adc34e,0xf5b8f22b,normal,HIT,16257,-25143,9,8,8,10738,107,113,16257,9,8,8,1,1,1,1,1,1,
nocheckpoint,bbht_grover_nocheckpoint,LT,-16384,0,256,4,0x2bb073ff,0x3f8396e3,normal,HIT,4806,-18062,8,4,4,8881,88,94,4806,8,4,4,1,1,1,1,1,1,
nocheckpoint,bbht_grover_nocheckpoint,LT,-16384,0,256,5,0xda585ab3,0xa7197ad7,normal,HIT,13028,-23887,3,1,1,3232,32,37,13028,3,1,1,1,1,1,1,1,1,
nocheckpoint,bbht_grover_nocheckpoint,LT,-16384,0,256,6,0x0ed109c0,0x5701ce52,normal,HIT,4303,-27643,5,3,3,5515,55,60,4303,5,3,3,1,1,1,1,1,1,
nocheckpoint,bbht_grover_nocheckpoint,LT,-16384,0,256,7,0x102ecf73,0x53c7612b,normal,HIT,75,-16955,7,5,5,7312,73,79,75,7,5,5,1,1,1,1,1,1,
nocheckpoint,bbht_grover_nocheckpoint,LT,-16384,0,256,8,0xcf29b6a1,0x35231a84,normal,HIT,12888,-24207,9,4,4,10116,101,107,12888,9,4,4,1,1,1,1,1,1,
nocheckpoint,bbht_grover_nocheckpoint,LT,-16384,0,256,9,0xc49cbb42,0xd0a3bbb8,normal,HIT,15465,-21388,7,3,3,8384,83,89,15465,7,3,3,1,1,1,1,1,1,
nocheckpoint,bbht_grover_nocheckpoint,LT,-16384,0,256,10,0x4cc51d23,0xee0e3ab4,normal,HIT,5232,-25821,7,6,6,7830,78,83,5232,7,6,6,1,1,1,1,1,1,
nocheckpoint,bbht_grover_nocheckpoint,LT,-16384,0,256,11,0xf9e8aa7a,0x3208c31a,normal,HIT,9837,-23102,4,2,2,3939,39,45,9837,4,2,2,1,1,1,1,1,1,
nocheckpoint,bbht_grover_nocheckpoint,LT,-16384,0,256,12,0xdda8b051,0xc8105c9d,normal,HIT,2572,-23848,2,1,1,2149,21,26,2572,2,1,1,1,1,1,1,1,1,
nocheckpoint,bbht_grover_nocheckpoint,LT,-16384,0,256,13,0xabfb11bf,0xf5dec75e,normal,HIT,13764,-17666,8,8,8,10134,101,106,13764,8,8,8,1,1,1,1,1,1,
nocheckpoint,bbht_grover_nocheckpoint,LT,-16384,0,256,14,0x20639811,0x6b6a7c47,normal,HIT,2343,-32692,6,7,7,7742,77,83,2343,6,7,7,1,1,1,1,1,1,
nocheckpoint,bbht_grover_nocheckpoint,LT,-16384,0,256,15,0xac72acd2,0xca84bc6c,normal,HIT,8016,-19922,10,7,7,11444,114,119,8016,10,7,7,1,1,1,1,1,1,
nocheckpoint,bbht_grover_nocheckpoint,LT,-16384,0,256,16,0x49a2da79,0xe1376725,normal,HIT,13887,-19044,7,6,6,8129,81,86,13887,7,6,6,1,1,1,1,1,1,
nocheckpoint,bbht_grover_nocheckpoint,LT,-16384,0,256,17,0x63a4e9d7,0x6166dba4,normal,HIT,9334,-25762,6,5,5,7322,73,78,9334,6,5,5,1,1,1,1,1,1,
nocheckpoint,bbht_grover_nocheckpoint,LT,-16384,0,256,18,0x8983f102,0x43fb6183,normal,HIT,14662,-22014,9,8,8,10597,105,111,14662,9,8,8,1,1,1,1,1,1,
nocheckpoint,bbht_grover_nocheckpoint,LT,-16384,0,256,19,0xb671aa78,0xc97ad8a2,normal,HIT,4230,-27491,10,10,10,12522,125,130,4230,10,10,10,1,1,1,1,1,1,
nocheckpoint,bbht_grover_nocheckpoint,LT,-16384,0,256,20,0xdaeb566a,0x989e5b3d,normal,HIT,13764,-17666,2,1,1,2446,24,29,13764,2,1,1,1,1,1,1,1,1,
nocheckpoint,bbht_grover_nocheckpoint,LT,-16384,0,256,21,0xf6181c00,0xa345ac4b,normal,HIT,2971,-20420,9,4,4,9939,99,105,2971,9,4,4,1,1,1,1,1,1,
nocheckpoint,bbht_grover_nocheckpoint,LT,-16384,0,256,22,0x4e18d852,0xa08980df,normal,HIT,3486,-28677,2,1,1,1826,18,22,3486,2,1,1,1,1,1,1,1,1,
nocheckpoint,bbht_grover_nocheckpoint,LT,-16384,0,256,23,0xa035ceba,0x611de4c4,normal,HIT,15952,-30688,3,2,2,3743,37,42,15952,3,2,2,1,1,1,1,1,1,
nocheckpoint,bbht_grover_nocheckpoint,LT,-16384,0,256,24,0xc2416ee4,0x7323f479,normal,HIT,16334,-29822,4,3,3,4494,44,50,16334,4,3,3,1,1,1,1,1,1,
nocheckpoint,bbht_grover_nocheckpoint,LT,-16384,0,256,25,0xfbdafbdd,0xa0c0cf2f,normal,HIT,13309,-26568,8,4,4,8193,81,88,13309,8,4,4,1,1,1,1,1,1,
nocheckpoint,bbht_grover_nocheckpoint,LT,-16384,0,256,26,0xa43fbf47,0x8de97b10,normal,HIT,996,-23070,8,4,4,7905,79,85,996,8,4,4,1,1,1,1,1,1,
nocheckpoint,bbht_grover_nocheckpoint,LT,-16384,0,256,27,0x6811f7c1,0xcb07044a,normal,HIT,16219,-29789,7,6,6,8499,84,91,16219,7,6,6,1,1,1,1,1,1,
nocheckpoint,bbht_grover_nocheckpoint,LT,-16384,0,256,28,0x610dde2c,0x8cf5deb9,normal,HIT,11306,-29918,10,14,14,13142,131,136,11306,10,14,14,1,1,1,1,1,1,
nocheckpoint,bbht_grover_nocheckpoint,LT,-16384,0,256,29,0x82241b87,0xbbe27f39,normal,HIT,1719,-28833,3,1,1,3058,30,36,1719,3,1,1,1,1,1,1,1,1,
nocheckpoint,bbht_grover_nocheckpoint,LT,-16384,0,256,30,0x48647490,0xea9551eb,normal,HIT,5216,-32302,9,7,7,9912,99,103,5216,9,7,7,1,1,1,1,1,1,
nocheckpoint,bbht_grover_nocheckpoint,LT,-16384,0,256,31,0x63df3b7f,0xa8b057e1,normal,HIT,11708,-22830,5,2,2,5478,54,59,11708,5,2,2,1,1,1,1,1,1,
nocheckpoint,bbht_grover_nocheckpoint,LT,-16384,0,256,32,0x433125bb,0x3221fef0,normal,HIT,12127,-28042,8,6,6,8924,89,94,12127,8,6,6,1,1,1,1,1,1,
nocheckpoint,bbht_grover_nocheckpoint,LT,-16384,0,256,33,0x7943be40,0x6641ee79,normal,HIT,6904,-18884,7,5,5,7782,77,83,6904,7,5,5,1,1,1,1,1,1,
nocheckpoint,bbht_grover_nocheckpoint,LT,-16384,0,256,34,0x26c93252,0x675d2908,normal,HIT,329,-25772,5,3,3,5690,56,63,329,5,3,3,1,1,1,1,1,1,
nocheckpoint,bbht_grover_nocheckpoint,LT,-16384,0,256,35,0xdbe3ed49,0xa7cfea56,normal,HIT,10388,-25852,6,6,6,7444,74,80,10388,6,6,6,1,1,1,1,1,1,
nocheckpoint,bbht_grover_nocheckpoint,LT,-16384,0,256,36,0xc2ec9bb4,0xbfc0ae9e,normal,HIT,16314,-29269,6,3,3,7229,72,78,16314,6,3,3,1,1,1,1,1,1,
nocheckpoint,bbht_grover_nocheckpoint,LT,-16384,0,256,37,0xe7ec8559,0x307064ac,normal,HIT,8050,-21247,6,5,5,6603,66,72,8050,6,5,5,1,1,1,1,1,1,
nocheckpoint,bbht_grover_nocheckpoint,LT,-16384,0,256,38,0xccb88b54,0x2cf00158,normal,HIT,2162,-20710,7,7,7,8880,88,94,2162,7,7,7,1,1,1,1,1,1,
nocheckpoint,bbht_grover_nocheckpoint,LT,-16384,0,256,39,0xb512e6a4,0x2b9e708c,normal,HIT,187,-22178,10,10,10,12231,122,127,187,10,10,10,1,1,1,1,1,1,
nocheckpoint,bbht_grover_nocheckpoint,LT,-16384,0,256,40,0x7e2c3d82,0xa69fb195,normal,HIT,12399,-20869,6,5,5,7325,73,78,12399,6,5,5,1,1,1,1,1,1,
nocheckpoint,bbht_grover_nocheckpoint,LT,-16384,0,256,41,0x58b3e5ad,0x23a21253,normal,HIT,7611,-26746,5,4,4,5626,56,60,7611,5,4,4,1,1,1,1,1,1,
nocheckpoint,bbht_grover_nocheckpoint,LT,-16384,0,256,42,0x9a07c40b,0x3ea78d8c,normal,HIT,6463,-19424,6,2,2,5904,59,64,6463,6,2,2,1,1,1,1,1,1,
nocheckpoint,bbht_grover_nocheckpoint,LT,-16384,0,256,43,0xf1f9a54b,0x7b00db61,normal,HIT,11130,-31706,8,6,6,8803,88,92,11130,8,6,6,1,1,1,1,1,1,
nocheckpoint,bbht_grover_nocheckpoint,LT,-16384,0,256,44,0xfba6212d,0xb8b8356a,normal,HIT,14784,-16651,7,2,2,7042,70,75,14784,7,2,2,1,1,1,1,1,1,
nocheckpoint,bbht_grover_nocheckpoint,LT,-16384,0,256,45,0x1ca60615,0xd753b84a,normal,HIT,9350,-23396,6,4,4,6403,64,69,9350,6,4,4,1,1,1,1,1,1,
nocheckpoint,bbht_grover_nocheckpoint,LT,-16384,0,256,46,0xa085c93e,0x19b8504d,normal,HIT,14589,-23621,11,15,15,14885,148,154,14589,11,15,15,1,1,1,1,1,1,
nocheckpoint,bbht_grover_nocheckpoint,LT,-16384,0,256,47,0x18190603,0xad0438b2,normal,HIT,12974,-31246,8,3,3,8776,87,92,12974,8,3,3,1,1,1,1,1,1,
nocheckpoint,bbht_grover_nocheckpoint,LT,-16384,0,256,48,0xc1143c78,0xbbdab3cd,normal,HIT,6252,-19608,5,1,1,5066,50,56,6252,5,1,1,1,1,1,1,1,1,
nocheckpoint,bbht_grover_nocheckpoint,LT,-16384,0,256,49,0x332063fc,0x222ba57c,normal,HIT,13185,-27169,5,2,2,5341,53,59,13185,5,2,2,1,1,1,1,1,1,
nocheckpoint,bbht_grover_nocheckpoint,LT,-16384,0,256,50,0xd6f4066b,0xab9eb714,normal,HIT,3074,-20707,13,15,15,15309,153,158,3074,13,15,15,1,1,1,1,1,1,
nocheckpoint,bbht_grover_nocheckpoint,LT,-16384,0,256,51,0x64b9628c,0x9cd8b518,normal,HIT,5216,-32302,1,0,0,848,8,13,5216,1,0,0,1,1,1,1,1,1,
nocheckpoint,bbht_grover_nocheckpoint,LT,-16384,0,256,52,0x894e6771,0x8a255c2e,normal,HIT,16206,-23632,12,12,12,15722,157,161,16206,12,12,12,1,1,1,1,1,1,
nocheckpoint,bbht_grover_nocheckpoint,LT,-16384,0,256,53,0xe3e668e8,0xff1f20c3,normal,HIT,4806,-18062,10,11,11,12609,126,132,4806,10,11,11,1,1,1,1,1,1,
nocheckpoint,bbht_grover_nocheckpoint,LT,-16384,0,256,54,0x36980406,0xfbdbfa61,normal,HIT,14499,-28296,9,13,13,12284,122,129,14499,9,13,13,1,1,1,1,1,1,
nocheckpoint,bbht_grover_nocheckpoint,LT,-16384,0,256,55,0x114d2b4a,0xa617ad4e,normal,HIT,3149,-30574,6,5,5,6967,69,75,3149,6,5,5,1,1,1,1,1,1,
nocheckpoint,bbht_grover_nocheckpoint,LT,-16384,0,256,56,0x3b8907e1,0x0c6cbd10,normal,HIT,12399,-20869,4,2,2,4546,45,51,12399,4,2,2,1,1,1,1,1,1,
nocheckpoint,bbht_grover_nocheckpoint,LT,-16384,0,256,57,0x2cd09c1d,0x964fb1a7,normal,HIT,10559,-18023,11,10,10,12790,127,133,10559,11,10,10,1,1,1,1,1,1,
nocheckpoint,bbht_grover_nocheckpoint,LT,-16384,0,256,58,0x6d7a8604,0xbd6f99c6,normal,HIT,3605,-26225,10,11,11,12944,129,135,3605,10,11,11,1,1,1,1,1,1,
nocheckpoint,bbht_grover_nocheckpoint,LT,-16384,0,256,59,0x1fadaf42,0x60010aa3,normal,HIT,1951,-17282,8,7,7,9888,98,104,1951,8,7,7,1,1,1,1,1,1,
nocheckpoint,bbht_grover_nocheckpoint,LT,-16384,0,256,60,0x92fe7cfd,0xb54e2773,normal,HIT,5902,-24886,7,5,5,7508,75,79,5902,7,5,5,1,1,1,1,1,1,
nocheckpoint,bbht_grover_nocheckpoint,LT,-16384,0,256,61,0x1aecb060,0x9c545eba,normal,HIT,6708,-32503,8,9,9,10523,105,110,6708,8,9,9,1,1,1,1,1,1,
nocheckpoint,bbht_grover_nocheckpoint,LT,-16384,0,256,62,0x91778cc3,0xbd1d1bc0,normal,HIT,6014,-16471,10,13,13,13367,133,138,6014,10,13,13,1,1,1,1,1,1,
nocheckpoint,bbht_grover_nocheckpoint,LT,-16384,0,256,63,0xe6b7e7eb,0xd542988e,normal,HIT,5518,-25251,5,3,3,5396,53,60,5518,5,3,3,1,1,1,1,1,1,
nocheckpoint,bbht_grover_nocheckpoint,LT,-16384,0,256,64,0x6770144c,0xd2d3c6e7,normal,HIT,2343,-32692,10,10,10,12139,121,127,2343,10,10,10,1,1,1,1,1,1,
nocheckpoint,bbht_grover_nocheckpoint,LT,-16384,0,256,65,0xc600a248,0x0a1e0844,normal,HIT,4230,-27491,3,1,1,2909,29,34,4230,3,1,1,1,1,1,1,1,1,
nocheckpoint,bbht_grover_nocheckpoint,LT,-16384,0,256,66,0x1ea4f830,0x2ef0f28e,normal,HIT,11977,-25277,3,1,1,3221,32,37,11977,3,1,1,1,1,1,1,1,1,
nocheckpoint,bbht_grover_nocheckpoint,LT,-16384,0,256,67,0x639604f3,0x7fe04f83,normal,HIT,1277,-26421,11,15,15,14182,141,148,1277,11,15,15,1,1,1,1,1,1,
nocheckpoint,bbht_grover_nocheckpoint,LT,-16384,0,256,68,0x6e084a84,0xb643b17e,normal,HIT,12822,-30595,2,0,0,1861,18,24,12822,2,0,0,1,1,1,1,1,1,
nocheckpoint,bbht_grover_nocheckpoint,LT,-16384,0,256,69,0x3d7fc476,0x467d7a44,normal,HIT,1344,-26656,8,6,6,9158,91,97,1344,8,6,6,1,1,1,1,1,1,
nocheckpoint,bbht_grover_nocheckpoint,LT,-16384,0,256,70,0xedca3875,0xefade11e,normal,HIT,2971,-20420,2,1,1,1812,18,23,2971,2,1,1,1,1,1,1,1,1,
nocheckpoint,bbht_grover_nocheckpoint,LT,-16384,0,256,71,0xb883121d,0x095c678c,normal,HIT,15725,-31609,11,10,10,13708,137,143,15725,11,10,10,1,1,1,1,1,1,
nocheckpoint,bbht_grover_nocheckpoint,LT,-16384,0,256,72,0xace22797,0xbc422a9a,normal,HIT,2658,-18659,9,10,10,10780,107,113,2658,9,10,10,1,1,1,1,1,1,
nocheckpoint,bbht_grover_nocheckpoint,LT,-16384,0,256,73,0xefd3172d,0x8c2c3233,normal,HIT,13185,-27169,5,4,4,5904,59,64,13185,5,4,4,1,1,1,1,1,1,
nocheckpoint,bbht_grover_nocheckpoint,LT,-16384,0,256,74,0xe6aacdb5,0x7f1c158a,normal,HIT,11575,-17397,3,1,1,3043,30,36,11575,3,1,1,1,1,1,1,1,1,
nocheckpoint,bbht_grover_nocheckpoint,LT,-16384,0,256,75,0x6566c598,0xca804b00,normal,HIT,6463,-19424,4,3,3,4610,46,51,6463,4,3,3,1,1,1,1,1,1,
nocheckpoint,bbht_grover_nocheckpoint,LT,-16384,0,256,76,0x4e646d9d,0xcbae5ac0,normal,HIT,14236,-17629,9,10,10,10657,106,111,14236,9,10,10,1,1,1,1,1,1,
nocheckpoint,bbht_grover_nocheckpoint,LT,-16384,0,256,77,0x05d81d6f,0x260c4013,normal,HIT,6252,-19608,4,1,1,3431,34,39,6252,4,1,1,1,1,1,1,1,1,
nocheckpoint,bbht_grover_nocheckpoint,LT,-16384,0,256,78,0x2018f6a3,0x5728c7f4,normal,HIT,7640,-30933,7,7,7,8592,85,90,7640,7,7,7,1,1,1,1,1,1,
nocheckpoint,bbht_grover_nocheckpoint,LT,-16384,0,256,79,0x718ebf0c,0x4d7d460c,normal,HIT,9407,-25706,3,1,1,3214,32,37,9407,3,1,1,1,1,1,1,1,1,
nocheckpoint,bbht_grover_nocheckpoint,LT,-16384,0,256,80,0x042a8f17,0x2093b3f4,normal,HIT,9078,-27959,8,4,4,8312,83,87,9078,8,4,4,1,1,1,1,1,1,
nocheckpoint,bbht_grover_nocheckpoint,LT,-16384,0,256,81,0xfc1c775d,0x35bd20f1,normal,HIT,8050,-21247,4,2,2,3699,36,42,8050,4,2,2,1,1,1,1,1,1,
nocheckpoint,bbht_grover_nocheckpoint,LT,-16384,0,256,82,0x16b93b63,0x7d609ba5,normal,HIT,15049,-32471,3,1,1,3648,36,42,15049,3,1,1,1,1,1,1,1,1,
nocheckpoint,bbht_grover_nocheckpoint,LT,-16384,0,256,83,0x8ce1028e,0xb152e7ef,normal,HIT,13544,-19201,6,4,4,7013,70,75,13544,6,4,4,1,1,1,1,1,1,
nocheckpoint,bbht_grover_nocheckpoint,LT,-16384,0,256,84,0x87bad980,0x7dbefa97,normal,HIT,14794,-24299,7,6,6,8241,82,87,14794,7,6,6,1,1,1,1,1,1,
nocheckpoint,bbht_grover_nocheckpoint,LT,-16384,0,256,85,0xd63d86f3,0xf5399cca,normal,HIT,7964,-27918,8,7,7,9202,92,97,7964,8,7,7,1,1,1,1,1,1,
nocheckpoint,bbht_grover_nocheckpoint,LT,-16384,0,256,86,0xeeaba102,0x01560fc0,normal,HIT,3124,-18325,10,10,10,11830,118,124,3124,10,10,10,1,1,1,1,1,1,
nocheckpoint,bbht_grover_nocheckpoint,LT,-16384,0,256,87,0xc1fee4bb,0xc7e12d58,normal,HIT,13074,-16790,7,7,7,8610,86,91,13074,7,7,7,1,1,1,1,1,1,
nocheckpoint,bbht_grover_nocheckpoint,LT,-16384,0,256,88,0x0707c9da,0xf644a3f9,normal,HIT,7964,-27918,4,1,1,3983,39,45,7964,4,1,1,1,1,1,1,1,1,
nocheckpoint,bbht_grover_nocheckpoint,LT,-16384,0,256,89,0xde0d9c30,0x58a2ee8f,normal,HIT,14979,-30644,7,6,6,8990,89,95,14979,7,6,6,1,1,1,1,1,1,
nocheckpoint,bbht_grover_nocheckpoint,LT,-16384,0,256,90,0x7cd0efc7,0x9f385cfb,normal,HIT,12205,-22159,3,1,1,3228,32,37,12205,3,1,1,1,1,1,1,1,1,
nocheckpoint,bbht_grover_nocheckpoint,LT,-16384,0,256,91,0xe4cb50a6,0x94d13729,normal,HIT,10100,-21223,4,1,1,4416,44,50,10100,4,1,1,1,1,1,1,1,1,
nocheckpoint,bbht_grover_nocheckpoint,LT,-16384,0,256,92,0xa0882219,0x18f75d24,normal,HIT,2971,-20420,11,13,13,14020,140,144,2971,11,13,13,1,1,1,1,1,1,
nocheckpoint,bbht_grover_nocheckpoint,LT,-16384,0,256,93,0xc435e6f2,0xf75a52bc,normal,HIT,14349,-16530,8,8,8,9270,92,97,14349,8,8,8,1,1,1,1,1,1,
nocheckpoint,bbht_grover_nocheckpoint,LT,-16384,0,256,94,0x011b63f0,0x0aa34346,normal,HIT,6004,-28307,6,2,2,5772,57,63,6004,6,2,2,1,1,1,1,1,1,
nocheckpoint,bbht_grover_nocheckpoint,LT,-16384,0,256,95,0x1b456e77,0xee460f94,normal,HIT,4806,-18062,10,12,12,12992,129,135,4806,10,12,12,1,1,1,1,1,1,
nocheckpoint,bbht_grover_nocheckpoint,LT,-16384,0,256,96,0x10088608,0xef418331,normal,HIT,2767,-19886,10,12,12,12047,120,126,2767,10,12,12,1,1,1,1,1,1,
nocheckpoint,bbht_grover_nocheckpoint,LT,-16384,0,256,97,0x6fcfc352,0xf8fa9f4c,normal,HIT,2969,-25443,7,5,5,7982,79,84,2969,7,5,5,1,1,1,1,1,1,
nocheckpoint,bbht_grover_nocheckpoint,LT,-16384,0,256,98,0xfb6077af,0x713595a9,normal,HIT,7640,-30933,8,5,5,8818,88,94,7640,8,5,5,1,1,1,1,1,1,
nocheckpoint,bbht_grover_nocheckpoint,LT,-16384,0,256,99,0xc6ebb72e,0x08fdf109,normal,HIT,10209,-30215,10,12,12,12149,121,127,10209,10,12,12,1,1,1,1,1,1,
nocheckpoint,bbht_grover_nocheckpoint,GT,16383,0,1,0,0x7b1dcdaf,0x24370df2,normal,HIT,12148,26989,21,119,119,51783,517,524,12148,21,119,119,1,1,1,1,1,1,
nocheckpoint,bbht_grover_nocheckpoint,GT,16383,0,1,1,0x3a85a4dc,0xa3b9aa35,normal,HIT,12148,26989,25,259,259,91037,910,916,12148,25,259,259,1,1,1,1,1,1,
nocheckpoint,bbht_grover_nocheckpoint,GT,16383,0,1,2,0x6162a8b2,0x871c276f,normal,HIT,12148,26989,17,56,56,30653,306,312,12148,17,56,56,1,1,1,1,1,1,
nocheckpoint,bbht_grover_nocheckpoint,GT,16383,0,1,3,0xc3adc34e,0xf5b8f22b,normal,HIT,12148,26989,28,307,307,108564,1085,1091,12148,28,307,307,1,1,1,1,1,1,
nocheckpoint,bbht_grover_nocheckpoint,GT,16383,0,1,4,0x2bb073ff,0x3f8396e3,normal,HIT,12148,26989,23,182,182,69896,698,704,12148,23,182,182,1,1,1,1,1,1,
nocheckpoint,bbht_grover_nocheckpoint,GT,16383,0,1,5,0xda585ab3,0xa7197ad7,normal,HIT,12148,26989,27,221,221,83580,835,841,12148,27,221,221,1,1,1,1,1,1,
nocheckpoint,bbht_grover_nocheckpoint,GT,16383,0,1,6,0x0ed109c0,0x5701ce52,normal,HIT,12148,26989,24,207,207,77157,771,776,12148,24,207,207,1,1,1,1,1,1,
nocheckpoint,bbht_grover_nocheckpoint,GT,16383,0,1,7,0x102ecf73,0x53c7612b,normal,HIT,12148,26989,22,128,128,54191,541,547,12148,22,128,128,1,1,1,1,1,1,
nocheckpoint,bbht_grover_nocheckpoint,GT,16383,0,1,8,0xcf29b6a1,0x35231a84,normal,HIT,12148,26989,25,183,183,73034,730,735,12148,25,183,183,1,1,1,1,1,1,
nocheckpoint,bbht_grover_nocheckpoint,GT,16383,0,1,9,0xc49cbb42,0xd0a3bbb8,normal,HIT,12148,26989,25,189,189,74810,748,753,12148,25,189,189,1,1,1,1,1,1,
nocheckpoint,bbht_grover_nocheckpoint,GT,16383,0,1,10,0x4cc51d23,0xee0e3ab4,normal,HIT,12148,26989,28,357,357,120482,1204,1209,12148,28,357,357,1,1,1,1,1,1,
nocheckpoint,bbht_grover_nocheckpoint,GT,16383,0,1,11,0xf9e8aa7a,0x3208c31a,normal,HIT,12148,26989,29,407,407,134085,1340,1345,12148,29,407,407,1,1,1,1,1,1,
nocheckpoint,bbht_grover_nocheckpoint,GT,16383,0,1,12,0xdda8b051,0xc8105c9d,normal,HIT,12148,26989,22,142,142,58287,582,589,12148,22,142,142,1,1,1,1,1,1,
nocheckpoint,bbht_grover_nocheckpoint,GT,16383,0,1,13,0xabfb11bf,0xf5dec75e,normal,HIT,12148,26989,23,179,179,71558,715,722,12148,23,179,179,1,1,1,1,1,1,
nocheckpoint,bbht_grover_nocheckpoint,GT,16383,0,1,14,0x20639811,0x6b6a7c47,normal,HIT,12148,26989,20,99,99,46681,466,472,12148,20,99,99,1,1,1,1,1,1,
nocheckpoint,bbht_grover_nocheckpoint,GT,16383,0,1,15,0xac72acd2,0xca84bc6c,normal,HIT,12148,26989,24,156,156,65060,650,657,12148,24,156,156,1,1,1,1,1,1,
nocheckpoint,bbht_grover_nocheckpoint,GT,16383,0,1,16,0x49a2da79,0xe1376725,normal,HIT,12148,26989,16,57,57,30689,306,312,12148,16,57,57,1,1,1,1,1,1,
nocheckpoint,bbht_grover_nocheckpoint,GT,16383,0,1,17,0x63a4e9d7,0x6166dba4,normal,HIT,12148,26989,17,51,51,30420,304,309,12148,17,51,51,1,1,1,1,1,1,
nocheckpoint,bbht_grover_nocheckpoint,GT,16383,0,1,18,0x8983f102,0x43fb6183,normal,HIT,12148,26989,21,101,101,47341,473,478,12148,21,101,101,1,1,1,1,1,1,
nocheckpoint,bbht_grover_nocheckpoint,GT,16383,0,1,19,0xb671aa78,0xc97ad8a2,normal,HIT,12148,26989,26,235,235,87544,875,881,12148,26,235,235,1,1,1,1,1,1,
nocheckpoint,bbht_grover_nocheckpoint,GT,16383,0,1,20,0xdaeb566a,0x989e5b3d,normal,HIT,12148,26989,17,58,58,32185,321,326,12148,17,58,58,1,1,1,1,1,1,
nocheckpoint,bbht_grover_nocheckpoint,GT,16383,0,1,21,0xf6181c00,0xa345ac4b,normal,HIT,12148,26989,13,18,18,17263,172,178,12148,13,18,18,1,1,1,1,1,1,
nocheckpoint,bbht_grover_nocheckpoint,GT,16383,0,1,22,0x4e18d852,0xa08980df,normal,HIT,12148,26989,24,178,178,69996,699,706,12148,24,178,178,1,1,1,1,1,1,
nocheckpoint,bbht_grover_nocheckpoint,GT,16383,0,1,23,0xa035ceba,0x611de4c4,normal,HIT,12148,26989,25,245,245,89651,896,901,12148,25,245,245,1,1,1,1,1,1,
nocheckpoint,bbht_grover_nocheckpoint,GT,16383,0,1,24,0xc2416ee4,0x7323f479,normal,HIT,12148,26989,22,182,182,69287,692,698,12148,22,182,182,1,1,1,1,1,1,
nocheckpoint,bbht_grover_nocheckpoint,GT,16383,0,1,25,0xfbdafbdd,0xa0c0cf2f,normal,HIT,12148,26989,25,210,210,79823,798,803,12148,25,210,210,1,1,1,1,1,1,
nocheckpoint,bbht_grover_nocheckpoint,GT,16383,0,1,26,0xa43fbf47,0x8de97b10,normal,HIT,12148,26989,23,140,140,58015,580,586,12148,23,140,140,1,1,1,1,1,1,
nocheckpoint,bbht_grover_nocheckpoint,GT,16383,0,1,27,0x6811f7c1,0xcb07044a,normal,HIT,12148,26989,26,226,226,84805,848,854,12148,26,226,226,1,1,1,1,1,1,
nocheckpoint,bbht_grover_nocheckpoint,GT,16383,0,1,28,0x610dde2c,0x8cf5deb9,normal,HIT,12148,26989,22,112,112,50750,507,513,12148,22,112,112,1,1,1,1,1,1,
nocheckpoint,bbht_grover_nocheckpoint,GT,16383,0,1,29,0x82241b87,0xbbe27f39,normal,HIT,12148,26989,22,160,160,62963,629,634,12148,22,160,160,1,1,1,1,1,1,
nocheckpoint,bbht_grover_nocheckpoint,GT,16383,0,1,30,0x48647490,0xea9551eb,normal,HIT,12148,26989,26,241,241,87511,875,881,12148,26,241,241,1,1,1,1,1,1,
nocheckpoint,bbht_grover_nocheckpoint,GT,16383,0,1,31,0x63df3b7f,0xa8b057e1,normal,HIT,12148,26989,25,224,224,82883,828,834,12148,25,224,224,1,1,1,1,1,1,
nocheckpoint,bbht_grover_nocheckpoint,GT,16383,0,1,32,0x433125bb,0x3221fef0,normal,HIT,12148,26989,27,325,325,111644,1116,1121,12148,27,325,325,1,1,1,1,1,1,
nocheckpoint,bbht_grover_nocheckpoint,GT,16383,0,1,33,0x7943be40,0x6641ee79,normal,HIT,12148,26989,26,333,333,111932,1119,1125,12148,26,333,333,1,1,1,1,1,1,
nocheckpoint,bbht_grover_nocheckpoint,GT,16383,0,1,34,0x26c93252,0x675d2908,normal,HIT,12148,26989,27,290,290,102859,1028,1034,12148,27,290,290,1,1,1,1,1,1,
nocheckpoint,bbht_grover_nocheckpoint,GT,16383,0,1,35,0xdbe3ed49,0xa7cfea56,normal,HIT,12148,26989,22,146,146,60544,605,610,12148,22,146,146,1,1,1,1,1,1,
nocheckpoint,bbht_grover_nocheckpoint,GT,16383,0,1,36,0xc2ec9bb4,0xbfc0ae9e,normal,HIT,12148,26989,29,386,386,130390,1303,1308,12148,29,386,386,1,1,1,1,1,1,
nocheckpoint,bbht_grover_nocheckpoint,GT,16383,0,1,37,0xe7ec8559,0x307064ac,normal,HIT,12148,26989,27,400,400,131542,1315,1320,12148,27,400,400,1,1,1,1,1,1,
nocheckpoint,bbht_grover_nocheckpoint,GT,16383,0,1,38,0xccb88b54,0x2cf00158,normal,HIT,12148,26989,13,31,31,21105,211,215,12148,13,31,31,1,1,1,1,1,1,
nocheckpoint,bbht_grover_nocheckpoint,GT,16383,0,1,39,0xb512e6a4,0x2b9e708c,normal,HIT,12148,26989,24,205,205,77830,778,783,12148,24,205,205,1,1,1,1,1,1,
nocheckpoint,bbht_grover_nocheckpoint,GT,16383,0,1,40,0x7e2c3d82,0xa69fb195,normal,HIT,12148,26989,22,119,119,52107,521,527,12148,22,119,119,1,1,1,1,1,1,
nocheckpoint,bbht_grover_nocheckpoint,GT,16383,0,1,41,0x58b3e5ad,0x23a21253,normal,HIT,12148,26989,25,258,258,91250,912,917,12148,25,258,258,1,1,1,1,1,1,
nocheckpoint,bbht_grover_nocheckpoint,GT,16383,0,1,42,0x9a07c40b,0x3ea78d8c,normal,HIT,12148,26989,22,154,154,61791,617,623,12148,22,154,154,1,1,1,1,1,1,
nocheckpoint,bbht_grover_nocheckpoint,GT,16383,0,1,43,0xf1f9a54b,0x7b00db61,normal,HIT,12148,26989,32,337,337,120142,1201,1206,12148,32,337,337,1,1,1,1,1,1,
nocheckpoint,bbht_grover_nocheckpoint,GT,16383,0,1,44,0xfba6212d,0xb8b8356a,normal,HIT,12148,26989,27,263,263,95028,950,955,12148,27,263,263,1,1,1,1,1,1,
nocheckpoint,bbht_grover_nocheckpoint,GT,16383,0,1,45,0x1ca60615,0xd753b84a,normal,HIT,12148,26989,18,66,66,33886,338,343,12148,18,66,66,1,1,1,1,1,1,
nocheckpoint,bbht_grover_nocheckpoint,GT,16383,0,1,46,0xa085c93e,0x19b8504d,normal,HIT,12148,26989,25,235,235,86477,864,870,12148,25,235,235,1,1,1,1,1,1,
nocheckpoint,bbht_grover_nocheckpoint,GT,16383,0,1,47,0x18190603,0xad0438b2,normal,HIT,12148,26989,20,95,95,44132,441,446,12148,20,95,95,1,1,1,1,1,1,
nocheckpoint,bbht_grover_nocheckpoint,GT,16383,0,1,48,0xc1143c78,0xbbdab3cd,normal,HIT,12148,26989,21,63,63,37661,376,382,12148,21,63,63,1,1,1,1,1,1,
nocheckpoint,bbht_grover_nocheckpoint,GT,16383,0,1,49,0x332063fc,0x222ba57c,normal,HIT,12148,26989,27,353,353,120430,1204,1209,12148,27,353,353,1,1,1,1,1,1,
nocheckpoint,bbht_grover_nocheckpoint,GT,16383,0,1,50,0xd6f4066b,0xab9eb714,normal,HIT,12148,26989,17,35,35,24784,247,253,12148,17,35,35,1,1,1,1,1,1,
nocheckpoint,bbht_grover_nocheckpoint,GT,16383,0,1,51,0x64b9628c,0x9cd8b518,normal,HIT,12148,26989,27,252,252,91859,918,924,12148,27,252,252,1,1,1,1,1,1,
nocheckpoint,bbht_grover_nocheckpoint,GT,16383,0,1,52,0x894e6771,0x8a255c2e,normal,HIT,12148,26989,26,256,256,94083,940,946,12148,26,256,256,1,1,1,1,1,1,
nocheckpoint,bbht_grover_nocheckpoint,GT,16383,0,1,53,0xe3e668e8,0xff1f20c3,normal,HIT,12148,26989,21,115,115,51154,511,518,12148,21,115,115,1,1,1,1,1,1,
nocheckpoint,bbht_grover_nocheckpoint,GT,16383,0,1,54,0x36980406,0xfbdbfa61,normal,HIT,12148,26989,23,156,156,64038,640,646,12148,23,156,156,1,1,1,1,1,1,
nocheckpoint,bbht_grover_nocheckpoint,GT,16383,0,1,55,0x114d2b4a,0xa617ad4e,normal,HIT,12148,26989,23,124,124,55087,550,555,12148,23,124,124,1,1,1,1,1,1,
nocheckpoint,bbht_grover_nocheckpoint,GT,16383,0,1,56,0x3b8907e1,0x0c6cbd10,normal,HIT,12148,26989,23,142,142,59731,597,602,12148,23,142,142,1,1,1,1,1,1,
nocheckpoint,bbht_grover_nocheckpoint,GT,16383,0,1,57,0x2cd09c1d,0x964fb1a7,normal,HIT,12148,26989,22,166,166,64933,649,654,12148,22,166,166,1,1,1,1,1,1,
nocheckpoint,bbht_grover_nocheckpoint,GT,16383,0,1,58,0x6d7a8604,0xbd6f99c6,normal,HIT,12148,26989,26,195,195,77246,772,778,12148,26,195,195,1,1,1,1,1,1,
nocheckpoint,bbht_grover_nocheckpoint,GT,16383,0,1,59,0x1fadaf42,0x60010aa3,normal,HIT,12148,26989,30,396,396,135128,1351,1357,12148,30,396,396,1,1,1,1,1,1,
nocheckpoint,bbht_grover_nocheckpoint,GT,16383,0,1,60,0x92fe7cfd,0xb54e2773,normal,HIT,12148,26989,15,39,39,24579,245,250,12148,15,39,39,1,1,1,1,1,1,
nocheckpoint,bbht_grover_nocheckpoint,GT,16383,0,1,61,0x1aecb060,0x9c545eba,normal,HIT,12148,26989,24,183,183,73564,735,740,12148,24,183,183,1,1,1,1,1,1,
nocheckpoint,bbht_grover_nocheckpoint,GT,16383,0,1,62,0x91778cc3,0xbd1d1bc0,normal,HIT,12148,26989,18,63,63,34069,340,345,12148,18,63,63,1,1,1,1,1,1,
nocheckpoint,bbht_grover_nocheckpoint,GT,16383,0,1,63,0xe6b7e7eb,0xd542988e,normal,HIT,12148,26989,23,116,116,53331,533,538,12148,23,116,116,1,1,1,1,1,1,
nocheckpoint,bbht_grover_nocheckpoint,GT,16383,0,1,64,0x6770144c,0xd2d3c6e7,normal,HIT,12148,26989,18,52,52,29887,298,304,12148,18,52,52,1,1,1,1,1,1,
nocheckpoint,bbht_grover_nocheckpoint,GT,16383,0,1,65,0xc600a248,0x0a1e0844,normal,HIT,12148,26989,26,277,277,98360,983,988,12148,26,277,277,1,1,1,1,1,1,
nocheckpoint,bbht_grover_nocheckpoint,GT,16383,0,1,66,0x1ea4f830,0x2ef0f28e,normal,HIT,12148,26989,27,311,311,107774,1077,1083,12148,27,311,311,1,1,1,1,1,1,
nocheckpoint,bbht_grover_nocheckpoint,GT,16383,0,1,67,0x639604f3,0x7fe04f83,normal,HIT,12148,26989,24,153,153,63876,638,644,12148,24,153,153,1,1,1,1,1,1,
nocheckpoint,bbht_grover_nocheckpoint,GT,16383,0,1,68,0x6e084a84,0xb643b17e,normal,HIT,12148,26989,22,110,110,50680,506,512,12148,22,110,110,1,1,1,1,1,1,
nocheckpoint,bbht_grover_nocheckpoint,GT,16383,0,1,69,0x3d7fc476,0x467d7a44,normal,HIT,12148,26989,25,221,221,82035,820,825,12148,25,221,221,1,1,1,1,1,1,
nocheckpoint,bbht_grover_nocheckpoint,GT,16383,0,1,70,0xedca3875,0xefade11e,normal,HIT,12148,26989,26,243,243,88570,885,890,12148,26,243,243,1,1,1,1,1,1,
nocheckpoint,bbht_grover_nocheckpoint,GT,16383,0,1,71,0xb883121d,0x095c678c,normal,HIT,12148,26989,21,87,87,43554,435,440,12148,21,87,87,1,1,1,1,1,1,
nocheckpoint,bbht_grover_nocheckpoint,GT,16383,0,1,72,0xace22797,0xbc422a9a,normal,HIT,12148,26989,23,217,217,78608,786,791,12148,23,217,217,1,1,1,1,1,1,
nocheckpoint,bbht_grover_nocheckpoint,GT,16383,0,1,73,0xefd3172d,0x8c2c3233,normal,HIT,12148,26989,21,100,100,46690,466,472,12148,21,100,100,1,1,1,1,1,1,
nocheckpoint,bbht_grover_nocheckpoint,GT,16383,0,1,74,0xe6aacdb5,0x7f1c158a,normal,HIT,12148,26989,22,172,172,66064,660,666,12148,22,172,172,1,1,1,1,1,1,
nocheckpoint,bbht_grover_nocheckpoint,GT,16383,0,1,75,0x6566c598,0xca804b00,normal,HIT,12148,26989,22,140,140,58438,584,590,12148,22,140,140,1,1,1,1,1,1,
nocheckpoint,bbht_grover_nocheckpoint,GT,16383,0,1,76,0x4e646d9d,0xcbae5ac0,normal,HIT,12148,26989,23,149,149,60314,603,607,12148,23,149,149,1,1,1,1,1,1,
nocheckpoint,bbht_grover_nocheckpoint,GT,16383,0,1,77,0x05d81d6f,0x260c4013,normal,HIT,12148,26989,17,45,45,27348,273,278,12148,17,45,45,1,1,1,1,1,1,
nocheckpoint,bbht_grover_nocheckpoint,GT,16383,0,1,78,0x2018f6a3,0x5728c7f4,normal,HIT,12148,26989,25,177,177,71076,710,716,12148,25,177,177,1,1,1,1,1,1,
nocheckpoint,bbht_grover_nocheckpoint,GT,16383,0,1,79,0x718ebf0c,0x4d7d460c,normal,HIT,12148,26989,27,314,314,109080,1090,1095,12148,27,314,314,1,1,1,1,1,1,
nocheckpoint,bbht_grover_nocheckpoint,GT,16383,0,1,80,0x042a8f17,0x2093b3f4,normal,HIT,12148,26989,26,269,269,96118,961,966,12148,26,269,269,1,1,1,1,1,1,
nocheckpoint,bbht_grover_nocheckpoint,GT,16383,0,1,81,0xfc1c775d,0x35bd20f1,normal,HIT,12148,26989,21,116,116,50452,504,510,12148,21,116,116,1,1,1,1,1,1,
nocheckpoint,bbht_grover_nocheckpoint,GT,16383,0,1,82,0x16b93b63,0x7d609ba5,normal,HIT,12148,26989,21,121,121,52214,522,527,12148,21,121,121,1,1,1,1,1,1,
nocheckpoint,bbht_grover_nocheckpoint,GT,16383,0,1,83,0x8ce1028e,0xb152e7ef,normal,HIT,12148,26989,28,374,374,126788,1267,1273,12148,28,374,374,1,1,1,1,1,1,
nocheckpoint,bbht_grover_nocheckpoint,GT,16383,0,1,84,0x87bad980,0x7dbefa97,normal,HIT,12148,26989,20,107,107,47829,478,483,12148,20,107,107,1,1,1,1,1,1,
nocheckpoint,bbht_grover_nocheckpoint,GT,16383,0,1,85,0xd63d86f3,0xf5399cca,normal,HIT,12148,26989,12,21,21,16929,169,174,12148,12,21,21,1,1,1,1,1,1,
nocheckpoint,bbht_grover_nocheckpoint,GT,16383,0,1,86,0xeeaba102,0x01560fc0,normal,HIT,12148,26989,24,200,200,76458,764,770,12148,24,200,200,1,1,1,1,1,1,
nocheckpoint,bbht_grover_nocheckpoint,GT,16383,0,1,87,0xc1fee4bb,0xc7e12d58,normal,HIT,12148,26989,28,389,389,130433,1304,1309,12148,28,389,389,1,1,1,1,1,1,
nocheckpoint,bbht_grover_nocheckpoint,GT,16383,0,1,88,0x0707c9da,0xf644a3f9,normal,HIT,12148,26989,24,199,199,75247,752,757,12148,24,199,199,1,1,1,1,1,1,
nocheckpoint,bbht_grover_nocheckpoint,GT,16383,0,1,89,0xde0d9c30,0x58a2ee8f,normal,HIT,12148,26989,23,150,150,62238,622,628,12148,23,150,150,1,1,1,1,1,1,
nocheckpoint,bbht_grover_nocheckpoint,GT,16383,0,1,90,0x7cd0efc7,0x9f385cfb,normal,HIT,12148,26989,23,110,110,51739,517,522,12148,23,110,110,1,1,1,1,1,1,
nocheckpoint,bbht_grover_nocheckpoint,GT,16383,0,1,91,0xe4cb50a6,0x94d13729,normal,HIT,12148,26989,26,241,241,88642,886,892,12148,26,241,241,1,1,1,1,1,1,
nocheckpoint,bbht_grover_nocheckpoint,GT,16383,0,1,92,0xa0882219,0x18f75d24,normal,HIT,12148,26989,26,354,354,118337,1183,1189,12148,26,354,354,1,1,1,1,1,1,
nocheckpoint,bbht_grover_nocheckpoint,GT,16383,0,1,93,0xc435e6f2,0xf75a52bc,normal,HIT,12148,26989,21,119,119,52097,520,526,12148,21,119,119,1,1,1,1,1,1,
nocheckpoint,bbht_grover_nocheckpoint,GT,16383,0,1,94,0x011b63f0,0x0aa34346,normal,HIT,12148,26989,21,130,130,53868,538,544,12148,21,130,130,1,1,1,1,1,1,
nocheckpoint,bbht_grover_nocheckpoint,GT,16383,0,1,95,0x1b456e77,0xee460f94,normal,HIT,12148,26989,25,214,214,80521,805,810,12148,25,214,214,1,1,1,1,1,1,
nocheckpoint,bbht_grover_nocheckpoint,GT,16383,0,1,96,0x10088608,0xef418331,normal,HIT,12148,26989,21,108,108,47855,478,484,12148,21,108,108,1,1,1,1,1,1,
nocheckpoint,bbht_grover_nocheckpoint,GT,16383,0,1,97,0x6fcfc352,0xf8fa9f4c,normal,HIT,12148,26989,26,325,325,110950,1109,1114,12148,26,325,325,1,1,1,1,1,1,
nocheckpoint,bbht_grover_nocheckpoint,GT,16383,0,1,98,0xfb6077af,0x713595a9,normal,HIT,12148,26989,22,153,153,61200,612,617,12148,22,153,153,1,1,1,1,1,1,
nocheckpoint,bbht_grover_nocheckpoint,GT,16383,0,1,99,0xc6ebb72e,0x08fdf109,normal,HIT,12148,26989,21,101,101,46246,462,467,12148,21,101,101,1,1,1,1,1,1,
nocheckpoint,bbht_grover_nocheckpoint,GT,16383,0,4,0,0x7b1dcdaf,0x24370df2,normal,HIT,14541,30711,21,119,119,51780,517,522,14541,21,119,119,1,1,1,1,1,1,
nocheckpoint,bbht_grover_nocheckpoint,GT,16383,0,4,1,0x3a85a4dc,0xa3b9aa35,normal,HIT,2460,23714,20,81,81,39613,396,400,2460,20,81,81,1,1,1,1,1,1,
nocheckpoint,bbht_grover_nocheckpoint,GT,16383,0,4,2,0x6162a8b2,0x871c276f,normal,HIT,10937,16908,20,120,120,50711,507,513,10937,20,120,120,1,1,1,1,1,1,
nocheckpoint,bbht_grover_nocheckpoint,GT,16383,0,4,3,0xc3adc34e,0xf5b8f22b,normal,HIT,14541,30711,18,56,56,32691,326,333,14541,18,56,56,1,1,1,1,1,1,
nocheckpoint,bbht_grover_nocheckpoint,GT,16383,0,4,4,0x2bb073ff,0x3f8396e3,normal,HIT,10937,16908,20,108,108,47353,473,478,10937,20,108,108,1,1,1,1,1,1,
nocheckpoint,bbht_grover_nocheckpoint,GT,16383,0,4,5,0xda585ab3,0xa7197ad7,normal,HIT,2460,23714,22,136,136,56335,563,568,2460,22,136,136,1,1,1,1,1,1,
nocheckpoint,bbht_grover_nocheckpoint,GT,16383,0,4,6,0x0ed109c0,0x5701ce52,normal,HIT,10937,16908,17,68,68,33590,335,341,10937,17,68,68,1,1,1,1,1,1,
nocheckpoint,bbht_grover_nocheckpoint,GT,16383,0,4,7,0x102ecf73,0x53c7612b,normal,HIT,2460,23714,14,36,36,22167,221,227,2460,14,36,36,1,1,1,1,1,1,
nocheckpoint,bbht_grover_nocheckpoint,GT,16383,0,4,8,0xcf29b6a1,0x35231a84,normal,HIT,2460,23714,25,183,183,72776,727,732,2460,25,183,183,1,1,1,1,1,1,
nocheckpoint,bbht_grover_nocheckpoint,GT,16383,0,4,9,0xc49cbb42,0xd0a3bbb8,normal,HIT,14541,30711,24,148,148,63088,630,636,14541,24,148,148,1,1,1,1,1,1,
nocheckpoint,bbht_grover_nocheckpoint,GT,16383,0,4,10,0x4cc51d23,0xee0e3ab4,normal,HIT,14541,30711,15,35,35,22961,229,234,14541,15,35,35,1,1,1,1,1,1,
nocheckpoint,bbht_grover_nocheckpoint,GT,16383,0,4,11,0xf9e8aa7a,0x3208c31a,normal,HIT,2460,23714,19,85,85,40023,400,406,2460,19,85,85,1,1,1,1,1,1,
nocheckpoint,bbht_grover_nocheckpoint,GT,16383,0,4,12,0xdda8b051,0xc8105c9d,normal,HIT,2460,23714,17,32,32,24173,241,247,2460,17,32,32,1,1,1,1,1,1,
nocheckpoint,bbht_grover_nocheckpoint,GT,16383,0,4,13,0xabfb11bf,0xf5dec75e,normal,HIT,10937,16908,12,24,24,18668,186,192,10937,12,24,24,1,1,1,1,1,1,
nocheckpoint,bbht_grover_nocheckpoint,GT,16383,0,4,14,0x20639811,0x6b6a7c47,normal,HIT,14541,30711,14,29,29,22066,220,225,14541,14,29,29,1,1,1,1,1,1,
nocheckpoint,bbht_grover_nocheckpoint,GT,16383,0,4,15,0xac72acd2,0xca84bc6c,normal,HIT,14541,30711,21,85,85,42995,429,435,14541,21,85,85,1,1,1,1,1,1,
nocheckpoint,bbht_grover_nocheckpoint,GT,16383,0,4,16,0x49a2da79,0xe1376725,normal,HIT,12148,26989,23,175,175,69112,691,695,12148,23,175,175,1,1,1,1,1,1,
nocheckpoint,bbht_grover_nocheckpoint,GT,16383,0,4,17,0x63a4e9d7,0x6166dba4,normal,HIT,12148,26989,17,51,51,30463,304,311,12148,17,51,51,1,1,1,1,1,1,
nocheckpoint,bbht_grover_nocheckpoint,GT,16383,0,4,18,0x8983f102,0x43fb6183,normal,HIT,14541,30711,9,8,8,10632,106,111,14541,9,8,8,1,1,1,1,1,1,
nocheckpoint,bbht_grover_nocheckpoint,GT,16383,0,4,19,0xb671aa78,0xc97ad8a2,normal,HIT,2460,23714,21,82,82,41936,419,424,2460,21,82,82,1,1,1,1,1,1,
nocheckpoint,bbht_grover_nocheckpoint,GT,16383,0,4,20,0xdaeb566a,0x989e5b3d,normal,HIT,14541,30711,13,20,20,17961,179,183,14541,13,20,20,1,1,1,1,1,1,
nocheckpoint,bbht_grover_nocheckpoint,GT,16383,0,4,21,0xf6181c00,0xa345ac4b,normal,HIT,12148,26989,13,18,18,17304,173,177,12148,13,18,18,1,1,1,1,1,1,
nocheckpoint,bbht_grover_nocheckpoint,GT,16383,0,4,22,0x4e18d852,0xa08980df,normal,HIT,10937,16908,20,92,92,43491,434,440,10937,20,92,92,1,1,1,1,1,1,
nocheckpoint,bbht_grover_nocheckpoint,GT,16383,0,4,23,0xa035ceba,0x611de4c4,normal,HIT,2460,23714,20,88,88,43347,433,438,2460,20,88,88,1,1,1,1,1,1,
nocheckpoint,bbht_grover_nocheckpoint,GT,16383,0,4,24,0xc2416ee4,0x7323f479,normal,HIT,2460,23714,18,73,73,36664,366,372,2460,18,73,73,1,1,1,1,1,1,
nocheckpoint,bbht_grover_nocheckpoint,GT,16383,0,4,25,0xfbdafbdd,0xa0c0cf2f,normal,HIT,10937,16908,20,100,100,45705,457,462,10937,20,100,100,1,1,1,1,1,1,
nocheckpoint,bbht_grover_nocheckpoint,GT,16383,0,4,26,0xa43fbf47,0x8de97b10,normal,HIT,14541,30711,16,39,39,24686,246,252,14541,16,39,39,1,1,1,1,1,1,
nocheckpoint,bbht_grover_nocheckpoint,GT,16383,0,4,27,0x6811f7c1,0xcb07044a,normal,HIT,14541,30711,18,56,56,32470,324,329,14541,18,56,56,1,1,1,1,1,1,
nocheckpoint,bbht_grover_nocheckpoint,GT,16383,0,4,28,0x610dde2c,0x8cf5deb9,normal,HIT,10937,16908,18,54,54,31607,316,321,10937,18,54,54,1,1,1,1,1,1,
nocheckpoint,bbht_grover_nocheckpoint,GT,16383,0,4,29,0x82241b87,0xbbe27f39,normal,HIT,14541,30711,7,6,6,8878,88,94,14541,7,6,6,1,1,1,1,1,1,
nocheckpoint,bbht_grover_nocheckpoint,GT,16383,0,4,30,0x48647490,0xea9551eb,normal,HIT,2460,23714,19,63,63,33970,339,345,2460,19,63,63,1,1,1,1,1,1,
nocheckpoint,bbht_grover_nocheckpoint,GT,16383,0,4,31,0x63df3b7f,0xa8b057e1,normal,HIT,14541,30711,21,106,106,47698,476,482,14541,21,106,106,1,1,1,1,1,1,
nocheckpoint,bbht_grover_nocheckpoint,GT,16383,0,4,32,0x433125bb,0x3221fef0,normal,HIT,12148,26989,10,12,12,12442,124,130,12148,10,12,12,1,1,1,1,1,1,
nocheckpoint,bbht_grover_nocheckpoint,GT,16383,0,4,33,0x7943be40,0x6641ee79,normal,HIT,2460,23714,17,57,57,30102,301,306,2460,17,57,57,1,1,1,1,1,1,
nocheckpoint,bbht_grover_nocheckpoint,GT,16383,0,4,34,0x26c93252,0x675d2908,normal,HIT,2460,23714,25,171,171,68710,687,693,2460,25,171,171,1,1,1,1,1,1,
nocheckpoint,bbht_grover_nocheckpoint,GT,16383,0,4,35,0xdbe3ed49,0xa7cfea56,normal,HIT,10937,16908,18,73,73,37348,373,379,10937,18,73,73,1,1,1,1,1,1,
nocheckpoint,bbht_grover_nocheckpoint,GT,16383,0,4,36,0xc2ec9bb4,0xbfc0ae9e,normal,HIT,14541,30711,23,180,180,69969,699,706,14541,23,180,180,1,1,1,1,1,1,
nocheckpoint,bbht_grover_nocheckpoint,GT,16383,0,4,37,0xe7ec8559,0x307064ac,normal,HIT,2460,23714,12,17,17,15724,157,162,2460,12,17,17,1,1,1,1,1,1,
nocheckpoint,bbht_grover_nocheckpoint,GT,16383,0,4,38,0xccb88b54,0x2cf00158,normal,HIT,10937,16908,21,123,123,52699,526,531,10937,21,123,123,1,1,1,1,1,1,
nocheckpoint,bbht_grover_nocheckpoint,GT,16383,0,4,39,0xb512e6a4,0x2b9e708c,normal,HIT,14541,30711,21,105,105,48425,484,489,14541,21,105,105,1,1,1,1,1,1,
nocheckpoint,bbht_grover_nocheckpoint,GT,16383,0,4,40,0x7e2c3d82,0xa69fb195,normal,HIT,12148,26989,22,119,119,52238,522,526,12148,22,119,119,1,1,1,1,1,1,
nocheckpoint,bbht_grover_nocheckpoint,GT,16383,0,4,41,0x58b3e5ad,0x23a21253,normal,HIT,12148,26989,17,61,61,31476,314,320,12148,17,61,61,1,1,1,1,1,1,
nocheckpoint,bbht_grover_nocheckpoint,GT,16383,0,4,42,0x9a07c40b,0x3ea78d8c,normal,HIT,14541,30711,18,75,75,37048,370,375,14541,18,75,75,1,1,1,1,1,1,
nocheckpoint,bbht_grover_nocheckpoint,GT,16383,0,4,43,0xf1f9a54b,0x7b00db61,normal,HIT,2460,23714,21,141,141,57449,574,579,2460,21,141,141,1,1,1,1,1,1,
nocheckpoint,bbht_grover_nocheckpoint,GT,16383,0,4,44,0xfba6212d,0xb8b8356a,normal,HIT,2460,23714,16,44,44,26100,261,267,2460,16,44,44,1,1,1,1,1,1,
nocheckpoint,bbht_grover_nocheckpoint,GT,16383,0,4,45,0x1ca60615,0xd753b84a,normal,HIT,10937,16908,16,40,40,25220,252,257,10937,16,40,40,1,1,1,1,1,1,
nocheckpoint,bbht_grover_nocheckpoint,GT,16383,0,4,46,0xa085c93e,0x19b8504d,normal,HIT,10937,16908,24,164,164,66497,664,671,10937,24,164,164,1,1,1,1,1,1,
nocheckpoint,bbht_grover_nocheckpoint,GT,16383,0,4,47,0x18190603,0xad0438b2,normal,HIT,12148,26989,19,76,76,37971,379,384,12148,19,76,76,1,1,1,1,1,1,
nocheckpoint,bbht_grover_nocheckpoint,GT,16383,0,4,48,0xc1143c78,0xbbdab3cd,normal,HIT,14541,30711,25,157,157,66446,664,669,14541,25,157,157,1,1,1,1,1,1,
nocheckpoint,bbht_grover_nocheckpoint,GT,16383,0,4,49,0x332063fc,0x222ba57c,normal,HIT,14541,30711,23,148,148,61954,619,625,14541,23,148,148,1,1,1,1,1,1,
nocheckpoint,bbht_grover_nocheckpoint,GT,16383,0,4,50,0xd6f4066b,0xab9eb714,normal,HIT,12148,26989,16,32,32,23160,231,236,12148,16,32,32,1,1,1,1,1,1,
nocheckpoint,bbht_grover_nocheckpoint,GT,16383,0,4,51,0x64b9628c,0x9cd8b518,normal,HIT,10937,16908,20,88,88,41578,415,421,10937,20,88,88,1,1,1,1,1,1,
nocheckpoint,bbht_grover_nocheckpoint,GT,16383,0,4,52,0x894e6771,0x8a255c2e,normal,HIT,10937,16908,15,28,28,22709,227,231,10937,15,28,28,1,1,1,1,1,1,
nocheckpoint,bbht_grover_nocheckpoint,GT,16383,0,4,53,0xe3e668e8,0xff1f20c3,normal,HIT,12148,26989,18,49,49,30764,307,312,12148,18,49,49,1,1,1,1,1,1,
nocheckpoint,bbht_grover_nocheckpoint,GT,16383,0,4,54,0x36980406,0xfbdbfa61,normal,HIT,10937,16908,22,121,121,53878,538,545,10937,22,121,121,1,1,1,1,1,1,
nocheckpoint,bbht_grover_nocheckpoint,GT,16383,0,4,55,0x114d2b4a,0xa617ad4e,normal,HIT,2460,23714,23,124,124,54472,544,550,2460,23,124,124,1,1,1,1,1,1,
nocheckpoint,bbht_grover_nocheckpoint,GT,16383,0,4,56,0x3b8907e1,0x0c6cbd10,normal,HIT,10937,16908,17,37,37,26233,262,268,10937,17,37,37,1,1,1,1,1,1,
nocheckpoint,bbht_grover_nocheckpoint,GT,16383,0,4,57,0x2cd09c1d,0x964fb1a7,normal,HIT,14541,30711,21,126,126,52607,526,531,14541,21,126,126,1,1,1,1,1,1,
nocheckpoint,bbht_grover_nocheckpoint,GT,16383,0,4,58,0x6d7a8604,0xbd6f99c6,normal,HIT,2460,23714,15,37,37,24874,248,254,2460,15,37,37,1,1,1,1,1,1,
nocheckpoint,bbht_grover_nocheckpoint,GT,16383,0,4,59,0x1fadaf42,0x60010aa3,normal,HIT,12148,26989,26,163,163,68903,689,694,12148,26,163,163,1,1,1,1,1,1,
nocheckpoint,bbht_grover_nocheckpoint,GT,16383,0,4,60,0x92fe7cfd,0xb54e2773,normal,HIT,2460,23714,22,170,170,66073,660,665,2460,22,170,170,1,1,1,1,1,1,
nocheckpoint,bbht_grover_nocheckpoint,GT,16383,0,4,61,0x1aecb060,0x9c545eba,normal,HIT,14541,30711,17,47,47,30290,302,308,14541,17,47,47,1,1,1,1,1,1,
nocheckpoint,bbht_grover_nocheckpoint,GT,16383,0,4,62,0x91778cc3,0xbd1d1bc0,normal,HIT,10937,16908,15,37,37,24546,245,250,10937,15,37,37,1,1,1,1,1,1,
nocheckpoint,bbht_grover_nocheckpoint,GT,16383,0,4,63,0xe6b7e7eb,0xd542988e,normal,HIT,10937,16908,26,195,195,77523,775,779,10937,26,195,195,1,1,1,1,1,1,
nocheckpoint,bbht_grover_nocheckpoint,GT,16383,0,4,64,0x6770144c,0xd2d3c6e7,normal,HIT,2460,23714,23,129,129,55086,550,555,2460,23,129,129,1,1,1,1,1,1,
nocheckpoint,bbht_grover_nocheckpoint,GT,16383,0,4,65,0xc600a248,0x0a1e0844,normal,HIT,14541,30711,23,131,131,56596,565,571,14541,23,131,131,1,1,1,1,1,1,
nocheckpoint,bbht_grover_nocheckpoint,GT,16383,0,4,66,0x1ea4f830,0x2ef0f28e,normal,HIT,2460,23714,24,119,119,53771,537,543,2460,24,119,119,1,1,1,1,1,1,
nocheckpoint,bbht_grover_nocheckpoint,GT,16383,0,4,67,0x639604f3,0x7fe04f83,normal,HIT,10937,16908,22,105,105,49099,490,497,10937,22,105,105,1,1,1,1,1,1,
nocheckpoint,bbht_grover_nocheckpoint,GT,16383,0,4,68,0x6e084a84,0xb643b17e,normal,HIT,10937,16908,22,110,110,50653,506,511,10937,22,110,110,1,1,1,1,1,1,
nocheckpoint,bbht_grover_nocheckpoint,GT,16383,0,4,69,0x3d7fc476,0x467d7a44,normal,HIT,10937,16908,23,160,160,64260,642,647,10937,23,160,160,1,1,1,1,1,1,
nocheckpoint,bbht_grover_nocheckpoint,GT,16383,0,4,70,0xedca3875,0xefade11e,normal,HIT,2460,23714,21,82,82,41169,411,416,2460,21,82,82,1,1,1,1,1,1,
nocheckpoint,bbht_grover_nocheckpoint,GT,16383,0,4,71,0xb883121d,0x095c678c,normal,HIT,12148,26989,19,45,45,30689,306,312,12148,19,45,45,1,1,1,1,1,1,
nocheckpoint,bbht_grover_nocheckpoint,GT,16383,0,4,72,0xace22797,0xbc422a9a,normal,HIT,2460,23714,9,10,10,10799,107,113,2460,9,10,10,1,1,1,1,1,1,
nocheckpoint,bbht_grover_nocheckpoint,GT,16383,0,4,73,0xefd3172d,0x8c2c3233,normal,HIT,2460,23714,21,100,100,46599,465,471,2460,21,100,100,1,1,1,1,1,1,
nocheckpoint,bbht_grover_nocheckpoint,GT,16383,0,4,74,0xe6aacdb5,0x7f1c158a,normal,HIT,12148,26989,23,212,212,77710,777,783,12148,23,212,212,1,1,1,1,1,1,
nocheckpoint,bbht_grover_nocheckpoint,GT,16383,0,4,75,0x6566c598,0xca804b00,normal,HIT,2460,23714,22,140,140,57796,577,584,2460,22,140,140,1,1,1,1,1,1,
nocheckpoint,bbht_grover_nocheckpoint,GT,16383,0,4,76,0x4e646d9d,0xcbae5ac0,normal,HIT,10937,16908,17,64,64,32606,326,331,10937,17,64,64,1,1,1,1,1,1,
nocheckpoint,bbht_grover_nocheckpoint,GT,16383,0,4,77,0x05d81d6f,0x260c4013,normal,HIT,12148,26989,24,189,189,71492,714,720,12148,24,189,189,1,1,1,1,1,1,
nocheckpoint,bbht_grover_nocheckpoint,GT,16383,0,4,78,0x2018f6a3,0x5728c7f4,normal,HIT,10937,16908,10,11,11,12655,126,132,10937,10,11,11,1,1,1,1,1,1,
nocheckpoint,bbht_grover_nocheckpoint,GT,16383,0,4,79,0x718ebf0c,0x4d7d460c,normal,HIT,2460,23714,24,138,138,59468,594,599,2460,24,138,138,1,1,1,1,1,1,
nocheckpoint,bbht_grover_nocheckpoint,GT,16383,0,4,80,0x042a8f17,0x2093b3f4,normal,HIT,14541,30711,21,89,89,43472,434,440,14541,21,89,89,1,1,1,1,1,1,
nocheckpoint,bbht_grover_nocheckpoint,GT,16383,0,4,81,0xfc1c775d,0x35bd20f1,normal,HIT,2460,23714,13,28,28,19857,198,203,2460,13,28,28,1,1,1,1,1,1,
nocheckpoint,bbht_grover_nocheckpoint,GT,16383,0,4,82,0x16b93b63,0x7d609ba5,normal,HIT,10937,16908,20,84,84,41345,413,417,10937,20,84,84,1,1,1,1,1,1,
nocheckpoint,bbht_grover_nocheckpoint,GT,16383,0,4,83,0x8ce1028e,0xb152e7ef,normal,HIT,14541,30711,19,79,79,39153,391,398,14541,19,79,79,1,1,1,1,1,1,
nocheckpoint,bbht_grover_nocheckpoint,GT,16383,0,4,84,0x87bad980,0x7dbefa97,normal,HIT,14541,30711,18,66,66,34944,349,354,14541,18,66,66,1,1,1,1,1,1,
nocheckpoint,bbht_grover_nocheckpoint,GT,16383,0,4,85,0xd63d86f3,0xf5399cca,normal,HIT,2460,23714,16,32,32,23655,236,241,2460,16,32,32,1,1,1,1,1,1,
nocheckpoint,bbht_grover_nocheckpoint,GT,16383,0,4,86,0xeeaba102,0x01560fc0,normal,HIT,12148,26989,21,91,91,44402,444,450,12148,21,91,91,1,1,1,1,1,1,
nocheckpoint,bbht_grover_nocheckpoint,GT,16383,0,4,87,0xc1fee4bb,0xc7e12d58,normal,HIT,14541,30711,22,146,146,59490,594,600,14541,22,146,146,1,1,1,1,1,1,
nocheckpoint,bbht_grover_nocheckpoint,GT,16383,0,4,88,0x0707c9da,0xf644a3f9,normal,HIT,10937,16908,16,48,48,27562,275,281,10937,16,48,48,1,1,1,1,1,1,
nocheckpoint,bbht_grover_nocheckpoint,GT,16383,0,4,89,0xde0d9c30,0x58a2ee8f,normal,HIT,12148,26989,21,91,91,44561,445,451,12148,21,91,91,1,1,1,1,1,1,
nocheckpoint,bbht_grover_nocheckpoint,GT,16383,0,4,90,0x7cd0efc7,0x9f385cfb,normal,HIT,2460,23714,23,110,110,51303,513,518,2460,23,110,110,1,1,1,1,1,1,
nocheckpoint,bbht_grover_nocheckpoint,GT,16383,0,4,91,0xe4cb50a6,0x94d13729,normal,HIT,14541,30711,20,100,100,45647,456,462,14541,20,100,100,1,1,1,1,1,1,
nocheckpoint,bbht_grover_nocheckpoint,GT,16383,0,4,92,0xa0882219,0x18f75d24,normal,HIT,10937,16908,22,146,146,59422,594,600,10937,22,146,146,1,1,1,1,1,1,
nocheckpoint,bbht_grover_nocheckpoint,GT,16383,0,4,93,0xc435e6f2,0xf75a52bc,normal,HIT,12148,26989,20,96,96,45133,451,456,12148,20,96,96,1,1,1,1,1,1,
nocheckpoint,bbht_grover_nocheckpoint,GT,16383,0,4,94,0x011b63f0,0x0aa34346,normal,HIT,10937,16908,18,62,62,33196,331,338,10937,18,62,62,1,1,1,1,1,1,
nocheckpoint,bbht_grover_nocheckpoint,GT,16383,0,4,95,0x1b456e77,0xee460f94,normal,HIT,10937,16908,17,47,47,28750,287,293,10937,17,47,47,1,1,1,1,1,1,
nocheckpoint,bbht_grover_nocheckpoint,GT,16383,0,4,96,0x10088608,0xef418331,normal,HIT,10937,16908,19,74,74,36953,369,375,10937,19,74,74,1,1,1,1,1,1,
nocheckpoint,bbht_grover_nocheckpoint,GT,16383,0,4,97,0x6fcfc352,0xf8fa9f4c,normal,HIT,2460,23714,16,33,33,23545,235,241,2460,16,33,33,1,1,1,1,1,1,
nocheckpoint,bbht_grover_nocheckpoint,GT,16383,0,4,98,0xfb6077af,0x713595a9,normal,HIT,14541,30711,16,45,45,26636,266,271,14541,16,45,45,1,1,1,1,1,1,
nocheckpoint,bbht_grover_nocheckpoint,GT,16383,0,4,99,0xc6ebb72e,0x08fdf109,normal,HIT,14541,30711,21,101,101,46359,463,469,14541,21,101,101,1,1,1,1,1,1,
nocheckpoint,bbht_grover_nocheckpoint,GT,16383,0,16,0,0x7b1dcdaf,0x24370df2,normal,HIT,7119,21276,25,308,308,105999,1059,1066,7119,25,308,308,1,1,1,1,1,1,
nocheckpoint,bbht_grover_nocheckpoint,GT,16383,0,16,1,0x3a85a4dc,0xa3b9aa35,normal,HIT,13499,22948,11,9,9,12359,123,129,13499,11,9,9,1,1,1,1,1,1,
nocheckpoint,bbht_grover_nocheckpoint,GT,16383,0,16,2,0x6162a8b2,0x871c276f,normal,HIT,12148,26989,17,56,56,30632,306,312,12148,17,56,56,1,1,1,1,1,1,
nocheckpoint,bbht_grover_nocheckpoint,GT,16383,0,16,3,0xc3adc34e,0xf5b8f22b,normal,HIT,9616,21800,10,13,13,13048,130,135,9616,10,13,13,1,1,1,1,1,1,
nocheckpoint,bbht_grover_nocheckpoint,GT,16383,0,16,4,0x2bb073ff,0x3f8396e3,normal,HIT,13499,22948,12,17,17,16059,160,166,13499,12,17,17,1,1,1,1,1,1,
nocheckpoint,bbht_grover_nocheckpoint,GT,16383,0,16,5,0xda585ab3,0xa7197ad7,normal,HIT,10937,16908,19,57,57,32975,329,334,10937,19,57,57,1,1,1,1,1,1,
nocheckpoint,bbht_grover_nocheckpoint,GT,16383,0,16,6,0x0ed109c0,0x5701ce52,normal,HIT,6979,19071,17,68,68,33623,336,342,6979,17,68,68,1,1,1,1,1,1,
nocheckpoint,bbht_grover_nocheckpoint,GT,16383,0,16,7,0x102ecf73,0x53c7612b,normal,HIT,86,26850,7,5,5,7346,73,78,86,7,5,5,1,1,1,1,1,1,
nocheckpoint,bbht_grover_nocheckpoint,GT,16383,0,16,8,0xcf29b6a1,0x35231a84,normal,HIT,6322,19210,19,76,76,38809,388,392,6322,19,76,76,1,1,1,1,1,1,
nocheckpoint,bbht_grover_nocheckpoint,GT,16383,0,16,9,0xc49cbb42,0xd0a3bbb8,normal,HIT,9359,25296,17,40,40,27884,278,284,9359,17,40,40,1,1,1,1,1,1,
nocheckpoint,bbht_grover_nocheckpoint,GT,16383,0,16,10,0x4cc51d23,0xee0e3ab4,normal,HIT,14644,22285,15,35,35,23000,230,234,14644,15,35,35,1,1,1,1,1,1,
nocheckpoint,bbht_grover_nocheckpoint,GT,16383,0,16,11,0xf9e8aa7a,0x3208c31a,normal,HIT,1999,28193,17,57,57,30217,302,307,1999,17,57,57,1,1,1,1,1,1,
nocheckpoint,bbht_grover_nocheckpoint,GT,16383,0,16,12,0xdda8b051,0xc8105c9d,normal,HIT,86,26850,14,20,20,18443,184,188,86,14,20,20,1,1,1,1,1,1,
nocheckpoint,bbht_grover_nocheckpoint,GT,16383,0,16,13,0xabfb11bf,0xf5dec75e,normal,HIT,14644,22285,12,24,24,18797,187,194,14644,12,24,24,1,1,1,1,1,1,
nocheckpoint,bbht_grover_nocheckpoint,GT,16383,0,16,14,0x20639811,0x6b6a7c47,normal,HIT,14644,22285,12,19,19,17001,170,174,14644,12,19,19,1,1,1,1,1,1,
nocheckpoint,bbht_grover_nocheckpoint,GT,16383,0,16,15,0xac72acd2,0xca84bc6c,normal,HIT,9669,18554,16,39,39,25960,259,264,9669,16,39,39,1,1,1,1,1,1,
nocheckpoint,bbht_grover_nocheckpoint,GT,16383,0,16,16,0x49a2da79,0xe1376725,normal,HIT,9098,29117,10,16,16,13764,137,142,9098,10,16,16,1,1,1,1,1,1,
nocheckpoint,bbht_grover_nocheckpoint,GT,16383,0,16,17,0x63a4e9d7,0x6166dba4,normal,HIT,13499,22948,15,30,30,22943,229,235,13499,15,30,30,1,1,1,1,1,1,
nocheckpoint,bbht_grover_nocheckpoint,GT,16383,0,16,18,0x8983f102,0x43fb6183,normal,HIT,14541,30711,9,8,8,10593,105,111,14541,9,8,8,1,1,1,1,1,1,
nocheckpoint,bbht_grover_nocheckpoint,GT,16383,0,16,19,0xb671aa78,0xc97ad8a2,normal,HIT,9669,18554,16,35,35,24998,249,255,9669,16,35,35,1,1,1,1,1,1,
nocheckpoint,bbht_grover_nocheckpoint,GT,16383,0,16,20,0xdaeb566a,0x989e5b3d,normal,HIT,10937,16908,16,46,46,27939,279,285,10937,16,46,46,1,1,1,1,1,1,
nocheckpoint,bbht_grover_nocheckpoint,GT,16383,0,16,21,0xf6181c00,0xa345ac4b,normal,HIT,6979,19071,12,12,12,14567,145,151,6979,12,12,12,1,1,1,1,1,1,
nocheckpoint,bbht_grover_nocheckpoint,GT,16383,0,16,22,0x4e18d852,0xa08980df,normal,HIT,15344,21024,17,48,48,28661,286,291,15344,17,48,48,1,1,1,1,1,1,
nocheckpoint,bbht_grover_nocheckpoint,GT,16383,0,16,23,0xa035ceba,0x611de4c4,normal,HIT,9359,25296,12,21,21,18528,185,191,9359,12,21,21,1,1,1,1,1,1,
nocheckpoint,bbht_grover_nocheckpoint,GT,16383,0,16,24,0xc2416ee4,0x7323f479,normal,HIT,9098,29117,11,21,21,15587,155,160,9098,11,21,21,1,1,1,1,1,1,
nocheckpoint,bbht_grover_nocheckpoint,GT,16383,0,16,25,0xfbdafbdd,0xa0c0cf2f,normal,HIT,15344,21024,16,38,38,24789,247,253,15344,16,38,38,1,1,1,1,1,1,
nocheckpoint,bbht_grover_nocheckpoint,GT,16383,0,16,26,0xa43fbf47,0x8de97b10,normal,HIT,9359,25296,12,13,13,14262,142,147,9359,12,13,13,1,1,1,1,1,1,
nocheckpoint,bbht_grover_nocheckpoint,GT,16383,0,16,27,0x6811f7c1,0xcb07044a,normal,HIT,7119,21276,12,17,17,16126,161,166,7119,12,17,17,1,1,1,1,1,1,
nocheckpoint,bbht_grover_nocheckpoint,GT,16383,0,16,28,0x610dde2c,0x8cf5deb9,normal,HIT,10937,16908,10,14,14,13125,131,136,10937,10,14,14,1,1,1,1,1,1,
nocheckpoint,bbht_grover_nocheckpoint,GT,16383,0,16,29,0x82241b87,0xbbe27f39,normal,HIT,6979,19071,10,14,14,13727,137,142,6979,10,14,14,1,1,1,1,1,1,
nocheckpoint,bbht_grover_nocheckpoint,GT,16383,0,16,30,0x48647490,0xea9551eb,normal,HIT,9359,25296,17,38,38,25487,254,260,9359,17,38,38,1,1,1,1,1,1,
nocheckpoint,bbht_grover_nocheckpoint,GT,16383,0,16,31,0x63df3b7f,0xa8b057e1,normal,HIT,9669,18554,8,6,6,9504,95,100,9669,8,6,6,1,1,1,1,1,1,
nocheckpoint,bbht_grover_nocheckpoint,GT,16383,0,16,32,0x433125bb,0x3221fef0,normal,HIT,9616,21800,21,70,70,38311,383,388,9616,21,70,70,1,1,1,1,1,1,
nocheckpoint,bbht_grover_nocheckpoint,GT,16383,0,16,33,0x7943be40,0x6641ee79,normal,HIT,10937,16908,11,17,17,14564,145,151,10937,11,17,17,1,1,1,1,1,1,
nocheckpoint,bbht_grover_nocheckpoint,GT,16383,0,16,34,0x26c93252,0x675d2908,normal,HIT,9359,25296,19,84,84,40776,407,413,9359,19,84,84,1,1,1,1,1,1,
nocheckpoint,bbht_grover_nocheckpoint,GT,16383,0,16,35,0xdbe3ed49,0xa7cfea56,normal,HIT,9359,25296,18,73,73,37000,370,375,9359,18,73,73,1,1,1,1,1,1,
nocheckpoint,bbht_grover_nocheckpoint,GT,16383,0,16,36,0xc2ec9bb4,0xbfc0ae9e,normal,HIT,7119,21276,14,23,23,20187,201,207,7119,14,23,23,1,1,1,1,1,1,
nocheckpoint,bbht_grover_nocheckpoint,GT,16383,0,16,37,0xe7ec8559,0x307064ac,normal,HIT,9359,25296,16,28,28,22570,225,231,9359,16,28,28,1,1,1,1,1,1,
nocheckpoint,bbht_grover_nocheckpoint,GT,16383,0,16,38,0xccb88b54,0x2cf00158,normal,HIT,15344,21024,15,40,40,25570,255,262,15344,15,40,40,1,1,1,1,1,1,
nocheckpoint,bbht_grover_nocheckpoint,GT,16383,0,16,39,0xb512e6a4,0x2b9e708c,normal,HIT,13499,22948,16,45,45,27475,274,280,13499,16,45,45,1,1,1,1,1,1,
nocheckpoint,bbht_grover_nocheckpoint,GT,16383,0,16,40,0x7e2c3d82,0xa69fb195,normal,HIT,6979,19071,17,42,42,27295,272,279,6979,17,42,42,1,1,1,1,1,1,
nocheckpoint,bbht_grover_nocheckpoint,GT,16383,0,16,41,0x58b3e5ad,0x23a21253,normal,HIT,86,26850,14,29,29,20522,205,210,86,14,29,29,1,1,1,1,1,1,
nocheckpoint,bbht_grover_nocheckpoint,GT,16383,0,16,42,0x9a07c40b,0x3ea78d8c,normal,HIT,7119,21276,11,12,12,13572,135,141,7119,11,12,12,1,1,1,1,1,1,
nocheckpoint,bbht_grover_nocheckpoint,GT,16383,0,16,43,0xf1f9a54b,0x7b00db61,normal,HIT,10937,16908,8,6,6,8760,87,92,10937,8,6,6,1,1,1,1,1,1,
nocheckpoint,bbht_grover_nocheckpoint,GT,16383,0,16,44,0xfba6212d,0xb8b8356a,normal,HIT,1999,28193,14,28,28,19991,199,205,1999,14,28,28,1,1,1,1,1,1,
nocheckpoint,bbht_grover_nocheckpoint,GT,16383,0,16,45,0x1ca60615,0xd753b84a,normal,HIT,12148,26989,18,66,66,33866,338,343,12148,18,66,66,1,1,1,1,1,1,
nocheckpoint,bbht_grover_nocheckpoint,GT,16383,0,16,46,0xa085c93e,0x19b8504d,normal,HIT,6979,19071,9,10,10,11543,115,121,6979,9,10,10,1,1,1,1,1,1,
nocheckpoint,bbht_grover_nocheckpoint,GT,16383,0,16,47,0x18190603,0xad0438b2,normal,HIT,86,26850,9,6,6,10269,102,108,86,9,6,6,1,1,1,1,1,1,
nocheckpoint,bbht_grover_nocheckpoint,GT,16383,0,16,48,0xc1143c78,0xbbdab3cd,normal,HIT,10937,16908,11,7,7,12712,127,132,10937,11,7,7,1,1,1,1,1,1,
nocheckpoint,bbht_grover_nocheckpoint,GT,16383,0,16,49,0x332063fc,0x222ba57c,normal,HIT,14644,22285,12,17,17,16949,169,174,14644,12,17,17,1,1,1,1,1,1,
nocheckpoint,bbht_grover_nocheckpoint,GT,16383,0,16,50,0xd6f4066b,0xab9eb714,normal,HIT,2460,23714,16,32,32,22879,228,235,2460,16,32,32,1,1,1,1,1,1,
nocheckpoint,bbht_grover_nocheckpoint,GT,16383,0,16,51,0x64b9628c,0x9cd8b518,normal,HIT,13499,22948,18,60,60,32696,326,332,13499,18,60,60,1,1,1,1,1,1,
nocheckpoint,bbht_grover_nocheckpoint,GT,16383,0,16,52,0x894e6771,0x8a255c2e,normal,HIT,13499,22948,16,43,43,27668,276,281,13499,16,43,43,1,1,1,1,1,1,
nocheckpoint,bbht_grover_nocheckpoint,GT,16383,0,16,53,0xe3e668e8,0xff1f20c3,normal,HIT,9098,29117,18,49,49,30472,304,310,9098,18,49,49,1,1,1,1,1,1,
nocheckpoint,bbht_grover_nocheckpoint,GT,16383,0,16,54,0x36980406,0xfbdbfa61,normal,HIT,10937,16908,19,82,82,40166,401,407,10937,19,82,82,1,1,1,1,1,1,
nocheckpoint,bbht_grover_nocheckpoint,GT,16383,0,16,55,0x114d2b4a,0xa617ad4e,normal,HIT,13499,22948,17,43,43,27777,277,283,13499,17,43,43,1,1,1,1,1,1,
nocheckpoint,bbht_grover_nocheckpoint,GT,16383,0,16,56,0x3b8907e1,0x0c6cbd10,normal,HIT,9669,18554,17,37,37,26149,261,266,9669,17,37,37,1,1,1,1,1,1,
nocheckpoint,bbht_grover_nocheckpoint,GT,16383,0,16,57,0x2cd09c1d,0x964fb1a7,normal,HIT,86,26850,13,22,22,17511,175,181,86,13,22,22,1,1,1,1,1,1,
nocheckpoint,bbht_grover_nocheckpoint,GT,16383,0,16,58,0x6d7a8604,0xbd6f99c6,normal,HIT,2460,23714,17,62,62,33453,334,338,2460,17,62,62,1,1,1,1,1,1,
nocheckpoint,bbht_grover_nocheckpoint,GT,16383,0,16,59,0x1fadaf42,0x60010aa3,normal,HIT,9616,21800,16,49,49,28999,289,295,9616,16,49,49,1,1,1,1,1,1,
nocheckpoint,bbht_grover_nocheckpoint,GT,16383,0,16,60,0x92fe7cfd,0xb54e2773,normal,HIT,12148,26989,15,39,39,24545,245,250,12148,15,39,39,1,1,1,1,1,1,
nocheckpoint,bbht_grover_nocheckpoint,GT,16383,0,16,61,0x1aecb060,0x9c545eba,normal,HIT,14644,22285,21,83,83,43704,437,441,14644,21,83,83,1,1,1,1,1,1,
nocheckpoint,bbht_grover_nocheckpoint,GT,16383,0,16,62,0x91778cc3,0xbd1d1bc0,normal,HIT,14541,30711,15,37,37,24641,246,252,14541,15,37,37,1,1,1,1,1,1,
nocheckpoint,bbht_grover_nocheckpoint,GT,16383,0,16,63,0xe6b7e7eb,0xd542988e,normal,HIT,14644,22285,10,11,11,12072,120,125,14644,10,11,11,1,1,1,1,1,1,
nocheckpoint,bbht_grover_nocheckpoint,GT,16383,0,16,64,0x6770144c,0xd2d3c6e7,normal,HIT,12148,26989,16,32,32,23169,231,236,12148,16,32,32,1,1,1,1,1,1,
nocheckpoint,bbht_grover_nocheckpoint,GT,16383,0,16,65,0xc600a248,0x0a1e0844,normal,HIT,9098,29117,16,39,39,25200,252,256,9098,16,39,39,1,1,1,1,1,1,
nocheckpoint,bbht_grover_nocheckpoint,GT,16383,0,16,66,0x1ea4f830,0x2ef0f28e,normal,HIT,1999,28193,10,7,7,10828,108,113,1999,10,7,7,1,1,1,1,1,1,
nocheckpoint,bbht_grover_nocheckpoint,GT,16383,0,16,67,0x639604f3,0x7fe04f83,normal,HIT,14644,22285,19,58,58,33400,334,339,14644,19,58,58,1,1,1,1,1,1,
nocheckpoint,bbht_grover_nocheckpoint,GT,16383,0,16,68,0x6e084a84,0xb643b17e,normal,HIT,7119,21276,21,81,81,42003,420,426,7119,21,81,81,1,1,1,1,1,1,
nocheckpoint,bbht_grover_nocheckpoint,GT,16383,0,16,69,0x3d7fc476,0x467d7a44,normal,HIT,10937,16908,15,23,23,20120,201,206,10937,15,23,23,1,1,1,1,1,1,
nocheckpoint,bbht_grover_nocheckpoint,GT,16383,0,16,70,0xedca3875,0xefade11e,normal,HIT,9098,29117,15,40,40,24489,244,250,9098,15,40,40,1,1,1,1,1,1,
nocheckpoint,bbht_grover_nocheckpoint,GT,16383,0,16,71,0xb883121d,0x095c678c,normal,HIT,9098,29117,20,70,70,37949,379,385,9098,20,70,70,1,1,1,1,1,1,
nocheckpoint,bbht_grover_nocheckpoint,GT,16383,0,16,72,0xace22797,0xbc422a9a,normal,HIT,2460,23714,9,10,10,10816,108,113,2460,9,10,10,1,1,1,1,1,1,
nocheckpoint,bbht_grover_nocheckpoint,GT,16383,0,16,73,0xefd3172d,0x8c2c3233,normal,HIT,13499,22948,11,15,15,15028,150,156,13499,11,15,15,1,1,1,1,1,1,
nocheckpoint,bbht_grover_nocheckpoint,GT,16383,0,16,74,0xe6aacdb5,0x7f1c158a,normal,HIT,10937,16908,15,35,35,23200,232,238,10937,15,35,35,1,1,1,1,1,1,
nocheckpoint,bbht_grover_nocheckpoint,GT,16383,0,16,75,0x6566c598,0xca804b00,normal,HIT,6322,19210,17,62,62,32407,324,329,6322,17,62,62,1,1,1,1,1,1,
nocheckpoint,bbht_grover_nocheckpoint,GT,16383,0,16,76,0x4e646d9d,0xcbae5ac0,normal,HIT,2460,23714,18,67,67,34072,340,345,2460,18,67,67,1,1,1,1,1,1,
nocheckpoint,bbht_grover_nocheckpoint,GT,16383,0,16,77,0x05d81d6f,0x260c4013,normal,HIT,9669,18554,14,22,22,18073,180,185,9669,14,22,22,1,1,1,1,1,1,
nocheckpoint,bbht_grover_nocheckpoint,GT,16383,0,16,78,0x2018f6a3,0x5728c7f4,normal,HIT,86,26850,16,32,32,24142,241,247,86,16,32,32,1,1,1,1,1,1,
nocheckpoint,bbht_grover_nocheckpoint,GT,16383,0,16,79,0x718ebf0c,0x4d7d460c,normal,HIT,86,26850,16,43,43,26203,262,268,86,16,43,43,1,1,1,1,1,1,
nocheckpoint,bbht_grover_nocheckpoint,GT,16383,0,16,80,0x042a8f17,0x2093b3f4,normal,HIT,7119,21276,17,53,53,29650,296,300,7119,17,53,53,1,1,1,1,1,1,
nocheckpoint,bbht_grover_nocheckpoint,GT,16383,0,16,81,0xfc1c775d,0x35bd20f1,normal,HIT,2460,23714,13,28,28,19857,198,203,2460,13,28,28,1,1,1,1,1,1,
nocheckpoint,bbht_grover_nocheckpoint,GT,16383,0,16,82,0x16b93b63,0x7d609ba5,normal,HIT,9616,21800,20,84,84,41258,412,418,9616,20,84,84,1,1,1,1,1,1,
nocheckpoint,bbht_grover_nocheckpoint,GT,16383,0,16,83,0x8ce1028e,0xb152e7ef,normal,HIT,7119,21276,15,32,32,23246,232,237,7119,15,32,32,1,1,1,1,1,1,
nocheckpoint,bbht_grover_nocheckpoint,GT,16383,0,16,84,0x87bad980,0x7dbefa97,normal,HIT,1999,28193,17,46,46,28485,284,290,1999,17,46,46,1,1,1,1,1,1,
nocheckpoint,bbht_grover_nocheckpoint,GT,16383,0,16,85,0xd63d86f3,0xf5399cca,normal,HIT,12148,26989,12,21,21,16839,168,172,12148,12,21,21,1,1,1,1,1,1,
nocheckpoint,bbht_grover_nocheckpoint,GT,16383,0,16,86,0xeeaba102,0x01560fc0,normal,HIT,13499,22948,13,24,24,18387,183,189,13499,13,24,24,1,1,1,1,1,1,
nocheckpoint,bbht_grover_nocheckpoint,GT,16383,0,16,87,0xc1fee4bb,0xc7e12d58,normal,HIT,6979,19071,12,15,15,15002,150,156,6979,12,15,15,1,1,1,1,1,1,
nocheckpoint,bbht_grover_nocheckpoint,GT,16383,0,16,88,0x0707c9da,0xf644a3f9,normal,HIT,86,26850,12,19,19,16403,164,170,86,12,19,19,1,1,1,1,1,1,
nocheckpoint,bbht_grover_nocheckpoint,GT,16383,0,16,89,0xde0d9c30,0x58a2ee8f,normal,HIT,10937,16908,17,50,50,29783,297,302,10937,17,50,50,1,1,1,1,1,1,
nocheckpoint,bbht_grover_nocheckpoint,GT,16383,0,16,90,0x7cd0efc7,0x9f385cfb,normal,HIT,9669,18554,14,19,19,18643,186,192,9669,14,19,19,1,1,1,1,1,1,
nocheckpoint,bbht_grover_nocheckpoint,GT,16383,0,16,91,0xe4cb50a6,0x94d13729,normal,HIT,13499,22948,15,24,24,21034,210,215,13499,15,24,24,1,1,1,1,1,1,
nocheckpoint,bbht_grover_nocheckpoint,GT,16383,0,16,92,0xa0882219,0x18f75d24,normal,HIT,6979,19071,12,20,20,16828,168,173,6979,12,20,20,1,1,1,1,1,1,
nocheckpoint,bbht_grover_nocheckpoint,GT,16383,0,16,93,0xc435e6f2,0xf75a52bc,normal,HIT,7119,21276,15,45,45,26146,261,266,7119,15,45,45,1,1,1,1,1,1,
nocheckpoint,bbht_grover_nocheckpoint,GT,16383,0,16,94,0x011b63f0,0x0aa34346,normal,HIT,9616,21800,11,14,14,13662,136,141,9616,11,14,14,1,1,1,1,1,1,
nocheckpoint,bbht_grover_nocheckpoint,GT,16383,0,16,95,0x1b456e77,0xee460f94,normal,HIT,9669,18554,17,47,47,28635,286,292,9669,17,47,47,1,1,1,1,1,1,
nocheckpoint,bbht_grover_nocheckpoint,GT,16383,0,16,96,0x10088608,0xef418331,normal,HIT,9669,18554,16,31,31,22698,226,232,9669,16,31,31,1,1,1,1,1,1,
nocheckpoint,bbht_grover_nocheckpoint,GT,16383,0,16,97,0x6fcfc352,0xf8fa9f4c,normal,HIT,6979,19071,11,11,11,13289,132,138,6979,11,11,11,1,1,1,1,1,1,
nocheckpoint,bbht_grover_nocheckpoint,GT,16383,0,16,98,0xfb6077af,0x713595a9,normal,HIT,9098,29117,17,57,57,30501,305,310,9098,17,57,57,1,1,1,1,1,1,
nocheckpoint,bbht_grover_nocheckpoint,GT,16383,0,16,99,0xc6ebb72e,0x08fdf109,normal,HIT,10937,16908,16,42,42,26318,263,267,10937,16,42,42,1,1,1,1,1,1,
nocheckpoint,bbht_grover_nocheckpoint,GT,16383,0,64,0,0x7b1dcdaf,0x24370df2,normal,HIT,2932,26834,6,4,4,6975,69,75,2932,6,4,4,1,1,1,1,1,1,
nocheckpoint,bbht_grover_nocheckpoint,GT,16383,0,64,1,0x3a85a4dc,0xa3b9aa35,normal,HIT,9359,25296,13,14,14,15674,156,161,9359,13,14,14,1,1,1,1,1,1,
nocheckpoint,bbht_grover_nocheckpoint,GT,16383,0,64,2,0x6162a8b2,0x871c276f,normal,HIT,2954,18528,8,4,4,8357,83,90,2954,8,4,4,1,1,1,1,1,1,
nocheckpoint,bbht_grover_nocheckpoint,GT,16383,0,64,3,0xc3adc34e,0xf5b8f22b,normal,HIT,9616,21800,10,13,13,13080,130,137,9616,10,13,13,1,1,1,1,1,1,
nocheckpoint,bbht_grover_nocheckpoint,GT,16383,0,64,4,0x2bb073ff,0x3f8396e3,normal,HIT,5262,22899,14,27,27,20344,203,210,5262,14,27,27,1,1,1,1,1,1,
nocheckpoint,bbht_grover_nocheckpoint,GT,16383,0,64,5,0xda585ab3,0xa7197ad7,normal,HIT,7437,25617,10,5,5,10715,107,113,7437,10,5,5,1,1,1,1,1,1,
nocheckpoint,bbht_grover_nocheckpoint,GT,16383,0,64,6,0x0ed109c0,0x5701ce52,normal,HIT,13683,28167,9,14,14,12115,121,125,13683,9,14,14,1,1,1,1,1,1,
nocheckpoint,bbht_grover_nocheckpoint,GT,16383,0,64,7,0x102ecf73,0x53c7612b,normal,HIT,86,26850,7,5,5,7340,73,79,86,7,5,5,1,1,1,1,1,1,
nocheckpoint,bbht_grover_nocheckpoint,GT,16383,0,64,8,0xcf29b6a1,0x35231a84,normal,HIT,14644,22285,12,20,20,17411,174,179,14644,12,20,20,1,1,1,1,1,1,
nocheckpoint,bbht_grover_nocheckpoint,GT,16383,0,64,9,0xc49cbb42,0xd0a3bbb8,normal,HIT,4668,16760,12,20,20,17600,176,180,4668,12,20,20,1,1,1,1,1,1,
nocheckpoint,bbht_grover_nocheckpoint,GT,16383,0,64,10,0x4cc51d23,0xee0e3ab4,normal,HIT,1999,28193,9,9,9,10251,102,108,1999,9,9,9,1,1,1,1,1,1,
nocheckpoint,bbht_grover_nocheckpoint,GT,16383,0,64,11,0xf9e8aa7a,0x3208c31a,normal,HIT,3178,30209,1,0,0,794,7,13,3178,1,0,0,1,1,1,1,1,1,
nocheckpoint,bbht_grover_nocheckpoint,GT,16383,0,64,12,0xdda8b051,0xc8105c9d,normal,HIT,86,26850,14,20,20,18388,183,189,86,14,20,20,1,1,1,1,1,1,
nocheckpoint,bbht_grover_nocheckpoint,GT,16383,0,64,13,0xabfb11bf,0xf5dec75e,normal,HIT,11781,18398,9,12,12,12233,122,127,11781,9,12,12,1,1,1,1,1,1,
nocheckpoint,bbht_grover_nocheckpoint,GT,16383,0,64,14,0x20639811,0x6b6a7c47,normal,HIT,14644,22285,7,8,8,9162,91,97,14644,7,8,8,1,1,1,1,1,1,
nocheckpoint,bbht_grover_nocheckpoint,GT,16383,0,64,15,0xac72acd2,0xca84bc6c,normal,HIT,8470,24127,7,1,1,6797,67,73,8470,7,1,1,1,1,1,1,1,1,
nocheckpoint,bbht_grover_nocheckpoint,GT,16383,0,64,16,0x49a2da79,0xe1376725,normal,HIT,2932,26834,11,20,20,15653,156,162,2932,11,20,20,1,1,1,1,1,1,
nocheckpoint,bbht_grover_nocheckpoint,GT,16383,0,64,17,0x63a4e9d7,0x6166dba4,normal,HIT,13683,28167,15,30,30,22911,229,235,13683,15,30,30,1,1,1,1,1,1,
nocheckpoint,bbht_grover_nocheckpoint,GT,16383,0,64,18,0x8983f102,0x43fb6183,normal,HIT,7437,25617,14,27,27,20358,203,209,7437,14,27,27,1,1,1,1,1,1,
nocheckpoint,bbht_grover_nocheckpoint,GT,16383,0,64,19,0xb671aa78,0xc97ad8a2,normal,HIT,10937,16908,20,56,56,34498,344,350,10937,20,56,56,1,1,1,1,1,1,
nocheckpoint,bbht_grover_nocheckpoint,GT,16383,0,64,20,0xdaeb566a,0x989e5b3d,normal,HIT,7437,25617,9,9,9,11336,113,119,7437,9,9,9,1,1,1,1,1,1,
nocheckpoint,bbht_grover_nocheckpoint,GT,16383,0,64,21,0xf6181c00,0xa345ac4b,normal,HIT,14537,18801,16,38,38,25539,255,260,14537,16,38,38,1,1,1,1,1,1,
nocheckpoint,bbht_grover_nocheckpoint,GT,16383,0,64,22,0x4e18d852,0xa08980df,normal,HIT,5169,20236,8,6,6,8492,84,91,5169,8,6,6,1,1,1,1,1,1,
nocheckpoint,bbht_grover_nocheckpoint,GT,16383,0,64,23,0xa035ceba,0x611de4c4,normal,HIT,16057,26038,10,13,13,14213,142,148,16057,10,13,13,1,1,1,1,1,1,
nocheckpoint,bbht_grover_nocheckpoint,GT,16383,0,64,24,0xc2416ee4,0x7323f479,normal,HIT,2932,26834,3,2,2,3017,30,35,2932,3,2,2,1,1,1,1,1,1,
nocheckpoint,bbht_grover_nocheckpoint,GT,16383,0,64,25,0xfbdafbdd,0xa0c0cf2f,normal,HIT,3178,30209,6,3,3,6068,60,65,3178,6,3,3,1,1,1,1,1,1,
nocheckpoint,bbht_grover_nocheckpoint,GT,16383,0,64,26,0xa43fbf47,0x8de97b10,normal,HIT,15049,21292,10,7,7,10804,108,112,15049,10,7,7,1,1,1,1,1,1,
nocheckpoint,bbht_grover_nocheckpoint,GT,16383,0,64,27,0x6811f7c1,0xcb07044a,normal,HIT,10937,16908,13,22,22,18602,186,191,10937,13,22,22,1,1,1,1,1,1,
nocheckpoint,bbht_grover_nocheckpoint,GT,16383,0,64,28,0x610dde2c,0x8cf5deb9,normal,HIT,349,27683,8,7,7,9488,94,100,349,8,7,7,1,1,1,1,1,1,
nocheckpoint,bbht_grover_nocheckpoint,GT,16383,0,64,29,0x82241b87,0xbbe27f39,normal,HIT,1999,28193,15,35,35,23474,234,240,1999,15,35,35,1,1,1,1,1,1,
nocheckpoint,bbht_grover_nocheckpoint,GT,16383,0,64,30,0x48647490,0xea9551eb,normal,HIT,9098,29117,14,21,21,18122,181,185,9098,14,21,21,1,1,1,1,1,1,
nocheckpoint,bbht_grover_nocheckpoint,GT,16383,0,64,31,0x63df3b7f,0xa8b057e1,normal,HIT,11917,23087,7,5,5,8227,82,87,11917,7,5,5,1,1,1,1,1,1,
nocheckpoint,bbht_grover_nocheckpoint,GT,16383,0,64,32,0x433125bb,0x3221fef0,normal,HIT,5169,20236,12,18,18,15808,158,163,5169,12,18,18,1,1,1,1,1,1,
nocheckpoint,bbht_grover_nocheckpoint,GT,16383,0,64,33,0x7943be40,0x6641ee79,normal,HIT,8298,19422,8,8,8,9533,95,100,8298,8,8,8,1,1,1,1,1,1,
nocheckpoint,bbht_grover_nocheckpoint,GT,16383,0,64,34,0x26c93252,0x675d2908,normal,HIT,8298,19422,8,8,8,10145,101,107,8298,8,8,8,1,1,1,1,1,1,
nocheckpoint,bbht_grover_nocheckpoint,GT,16383,0,64,35,0xdbe3ed49,0xa7cfea56,normal,HIT,9098,29117,13,18,18,17357,173,179,9098,13,18,18,1,1,1,1,1,1,
nocheckpoint,bbht_grover_nocheckpoint,GT,16383,0,64,36,0xc2ec9bb4,0xbfc0ae9e,normal,HIT,7437,25617,19,77,77,39286,392,397,7437,19,77,77,1,1,1,1,1,1,
nocheckpoint,bbht_grover_nocheckpoint,GT,16383,0,64,37,0xe7ec8559,0x307064ac,normal,HIT,7859,30665,12,17,17,15887,158,164,7859,12,17,17,1,1,1,1,1,1,
nocheckpoint,bbht_grover_nocheckpoint,GT,16383,0,64,38,0xccb88b54,0x2cf00158,normal,HIT,9098,29117,9,12,12,12375,123,129,9098,9,12,12,1,1,1,1,1,1,
nocheckpoint,bbht_grover_nocheckpoint,GT,16383,0,64,39,0xb512e6a4,0x2b9e708c,normal,HIT,13499,22948,14,22,22,19684,196,202,13499,14,22,22,1,1,1,1,1,1,
nocheckpoint,bbht_grover_nocheckpoint,GT,16383,0,64,40,0x7e2c3d82,0xa69fb195,normal,HIT,8470,24127,11,14,14,14138,141,146,8470,11,14,14,1,1,1,1,1,1,
nocheckpoint,bbht_grover_nocheckpoint,GT,16383,0,64,41,0x58b3e5ad,0x23a21253,normal,HIT,7119,21276,12,14,14,15048,150,155,7119,12,14,14,1,1,1,1,1,1,
nocheckpoint,bbht_grover_nocheckpoint,GT,16383,0,64,42,0x9a07c40b,0x3ea78d8c,normal,HIT,6537,26623,6,2,2,5912,59,64,6537,6,2,2,1,1,1,1,1,1,
nocheckpoint,bbht_grover_nocheckpoint,GT,16383,0,64,43,0xf1f9a54b,0x7b00db61,normal,HIT,11781,18398,10,12,12,12504,125,130,11781,10,12,12,1,1,1,1,1,1,
nocheckpoint,bbht_grover_nocheckpoint,GT,16383,0,64,44,0xfba6212d,0xb8b8356a,normal,HIT,2116,19170,14,28,28,19994,199,204,2116,14,28,28,1,1,1,1,1,1,
nocheckpoint,bbht_grover_nocheckpoint,GT,16383,0,64,45,0x1ca60615,0xd753b84a,normal,HIT,6322,19210,12,21,21,15996,159,165,6322,12,21,21,1,1,1,1,1,1,
nocheckpoint,bbht_grover_nocheckpoint,GT,16383,0,64,46,0xa085c93e,0x19b8504d,normal,HIT,7119,21276,9,10,10,11566,115,120,7119,9,10,10,1,1,1,1,1,1,
nocheckpoint,bbht_grover_nocheckpoint,GT,16383,0,64,47,0x18190603,0xad0438b2,normal,HIT,7859,30665,15,30,30,22144,221,227,7859,15,30,30,1,1,1,1,1,1,
nocheckpoint,bbht_grover_nocheckpoint,GT,16383,0,64,48,0xc1143c78,0xbbdab3cd,normal,HIT,6322,19210,5,1,1,5074,50,56,6322,5,1,1,1,1,1,1,1,1,
nocheckpoint,bbht_grover_nocheckpoint,GT,16383,0,64,49,0x332063fc,0x222ba57c,normal,HIT,10501,19012,11,11,11,14205,142,148,10501,11,11,11,1,1,1,1,1,1,
nocheckpoint,bbht_grover_nocheckpoint,GT,16383,0,64,50,0xd6f4066b,0xab9eb714,normal,HIT,2954,18528,13,15,15,15353,153,159,2954,13,15,15,1,1,1,1,1,1,
nocheckpoint,bbht_grover_nocheckpoint,GT,16383,0,64,51,0x64b9628c,0x9cd8b518,normal,HIT,14537,18801,8,10,10,9941,99,105,14537,8,10,10,1,1,1,1,1,1,
nocheckpoint,bbht_grover_nocheckpoint,GT,16383,0,64,52,0x894e6771,0x8a255c2e,normal,HIT,3178,30209,12,12,12,15338,153,159,3178,12,12,12,1,1,1,1,1,1,
nocheckpoint,bbht_grover_nocheckpoint,GT,16383,0,64,53,0xe3e668e8,0xff1f20c3,normal,HIT,15576,30727,13,21,21,18253,182,187,15576,13,21,21,1,1,1,1,1,1,
nocheckpoint,bbht_grover_nocheckpoint,GT,16383,0,64,54,0x36980406,0xfbdbfa61,normal,HIT,14541,30711,9,13,13,12268,122,127,14541,9,13,13,1,1,1,1,1,1,
nocheckpoint,bbht_grover_nocheckpoint,GT,16383,0,64,55,0x114d2b4a,0xa617ad4e,normal,HIT,11080,32198,7,7,7,8540,85,91,11080,7,7,7,1,1,1,1,1,1,
nocheckpoint,bbht_grover_nocheckpoint,GT,16383,0,64,56,0x3b8907e1,0x0c6cbd10,normal,HIT,10185,25984,16,25,25,21876,218,224,10185,16,25,25,1,1,1,1,1,1,
nocheckpoint,bbht_grover_nocheckpoint,GT,16383,0,64,57,0x2cd09c1d,0x964fb1a7,normal,HIT,9631,31202,7,2,2,6596,65,72,9631,7,2,2,1,1,1,1,1,1,
nocheckpoint,bbht_grover_nocheckpoint,GT,16383,0,64,58,0x6d7a8604,0xbd6f99c6,normal,HIT,6322,19210,12,18,18,16775,167,173,6322,12,18,18,1,1,1,1,1,1,
nocheckpoint,bbht_grover_nocheckpoint,GT,16383,0,64,59,0x1fadaf42,0x60010aa3,normal,HIT,13683,28167,10,11,11,13041,130,135,13683,10,11,11,1,1,1,1,1,1,
nocheckpoint,bbht_grover_nocheckpoint,GT,16383,0,64,60,0x92fe7cfd,0xb54e2773,normal,HIT,12148,26989,9,10,10,10751,107,113,12148,9,10,10,1,1,1,1,1,1,
nocheckpoint,bbht_grover_nocheckpoint,GT,16383,0,64,61,0x1aecb060,0x9c545eba,normal,HIT,10501,19012,15,34,34,24664,246,252,10501,15,34,34,1,1,1,1,1,1,
nocheckpoint,bbht_grover_nocheckpoint,GT,16383,0,64,62,0x91778cc3,0xbd1d1bc0,normal,HIT,14644,22285,13,27,27,20171,201,206,14644,13,27,27,1,1,1,1,1,1,
nocheckpoint,bbht_grover_nocheckpoint,GT,16383,0,64,63,0xe6b7e7eb,0xd542988e,normal,HIT,15344,21024,13,24,24,19006,190,195,15344,13,24,24,1,1,1,1,1,1,
nocheckpoint,bbht_grover_nocheckpoint,GT,16383,0,64,64,0x6770144c,0xd2d3c6e7,normal,HIT,86,26850,13,19,19,16926,169,174,86,13,19,19,1,1,1,1,1,1,
nocheckpoint,bbht_grover_nocheckpoint,GT,16383,0,64,65,0xc600a248,0x0a1e0844,normal,HIT,9669,18554,11,12,12,13258,132,138,9669,11,12,12,1,1,1,1,1,1,
nocheckpoint,bbht_grover_nocheckpoint,GT,16383,0,64,66,0x1ea4f830,0x2ef0f28e,normal,HIT,2116,19170,10,7,7,10840,108,113,2116,10,7,7,1,1,1,1,1,1,
nocheckpoint,bbht_grover_nocheckpoint,GT,16383,0,64,67,0x639604f3,0x7fe04f83,normal,HIT,5262,22899,17,34,34,24947,249,255,5262,17,34,34,1,1,1,1,1,1,
nocheckpoint,bbht_grover_nocheckpoint,GT,16383,0,64,68,0x6e084a84,0xb643b17e,normal,HIT,12968,16603,11,18,18,15703,157,161,12968,11,18,18,1,1,1,1,1,1,
nocheckpoint,bbht_grover_nocheckpoint,GT,16383,0,64,69,0x3d7fc476,0x467d7a44,normal,HIT,2578,31110,8,6,6,9229,92,97,2578,8,6,6,1,1,1,1,1,1,
nocheckpoint,bbht_grover_nocheckpoint,GT,16383,0,64,70,0xedca3875,0xefade11e,normal,HIT,4668,16760,9,10,10,10916,109,115,4668,9,10,10,1,1,1,1,1,1,
nocheckpoint,bbht_grover_nocheckpoint,GT,16383,0,64,71,0xb883121d,0x095c678c,normal,HIT,4668,16760,16,27,27,22797,227,233,4668,16,27,27,1,1,1,1,1,1,
nocheckpoint,bbht_grover_nocheckpoint,GT,16383,0,64,72,0xace22797,0xbc422a9a,normal,HIT,6537,26623,6,3,3,6654,66,72,6537,6,3,3,1,1,1,1,1,1,
nocheckpoint,bbht_grover_nocheckpoint,GT,16383,0,64,73,0xefd3172d,0x8c2c3233,normal,HIT,2578,31110,17,35,35,25845,258,262,2578,17,35,35,1,1,1,1,1,1,
nocheckpoint,bbht_grover_nocheckpoint,GT,16383,0,64,74,0xe6aacdb5,0x7f1c158a,normal,HIT,2932,26834,14,26,26,19796,197,203,2932,14,26,26,1,1,1,1,1,1,
nocheckpoint,bbht_grover_nocheckpoint,GT,16383,0,64,75,0x6566c598,0xca804b00,normal,HIT,6537,26623,4,3,3,4600,46,51,6537,4,3,3,1,1,1,1,1,1,
nocheckpoint,bbht_grover_nocheckpoint,GT,16383,0,64,76,0x4e646d9d,0xcbae5ac0,normal,HIT,16017,22351,11,19,19,15062,150,155,16017,11,19,19,1,1,1,1,1,1,
nocheckpoint,bbht_grover_nocheckpoint,GT,16383,0,64,77,0x05d81d6f,0x260c4013,normal,HIT,6322,19210,4,1,1,3439,34,41,6322,4,1,1,1,1,1,1,1,1,
nocheckpoint,bbht_grover_nocheckpoint,GT,16383,0,64,78,0x2018f6a3,0x5728c7f4,normal,HIT,10501,19012,13,17,17,17503,175,181,10501,13,17,17,1,1,1,1,1,1,
nocheckpoint,bbht_grover_nocheckpoint,GT,16383,0,64,79,0x718ebf0c,0x4d7d460c,normal,HIT,5068,19298,5,3,3,5403,54,59,5068,5,3,3,1,1,1,1,1,1,
nocheckpoint,bbht_grover_nocheckpoint,GT,16383,0,64,80,0x042a8f17,0x2093b3f4,normal,HIT,11080,32198,14,26,26,19742,197,203,11080,14,26,26,1,1,1,1,1,1,
nocheckpoint,bbht_grover_nocheckpoint,GT,16383,0,64,81,0xfc1c775d,0x35bd20f1,normal,HIT,10715,31474,11,18,18,14691,146,152,10715,11,18,18,1,1,1,1,1,1,
nocheckpoint,bbht_grover_nocheckpoint,GT,16383,0,64,82,0x16b93b63,0x7d609ba5,normal,HIT,10501,19012,11,15,15,15018,150,156,10501,11,15,15,1,1,1,1,1,1,
nocheckpoint,bbht_grover_nocheckpoint,GT,16383,0,64,83,0x8ce1028e,0xb152e7ef,normal,HIT,7526,20953,14,23,23,20221,202,207,7526,14,23,23,1,1,1,1,1,1,
nocheckpoint,bbht_grover_nocheckpoint,GT,16383,0,64,84,0x87bad980,0x7dbefa97,normal,HIT,15092,16661,9,11,11,11847,118,124,15092,9,11,11,1,1,1,1,1,1,
nocheckpoint,bbht_grover_nocheckpoint,GT,16383,0,64,85,0xd63d86f3,0xf5399cca,normal,HIT,12148,26989,11,14,14,13990,139,145,12148,11,14,14,1,1,1,1,1,1,
nocheckpoint,bbht_grover_nocheckpoint,GT,16383,0,64,86,0xeeaba102,0x01560fc0,normal,HIT,13683,28167,13,24,24,18423,184,189,13683,13,24,24,1,1,1,1,1,1,
nocheckpoint,bbht_grover_nocheckpoint,GT,16383,0,64,87,0xc1fee4bb,0xc7e12d58,normal,HIT,11080,32198,6,5,5,6961,69,75,11080,6,5,5,1,1,1,1,1,1,
nocheckpoint,bbht_grover_nocheckpoint,GT,16383,0,64,88,0x0707c9da,0xf644a3f9,normal,HIT,8900,27322,13,25,25,18981,189,195,8900,13,25,25,1,1,1,1,1,1,
nocheckpoint,bbht_grover_nocheckpoint,GT,16383,0,64,89,0xde0d9c30,0x58a2ee8f,normal,HIT,11258,27039,10,13,13,13795,137,143,11258,10,13,13,1,1,1,1,1,1,
nocheckpoint,bbht_grover_nocheckpoint,GT,16383,0,64,90,0x7cd0efc7,0x9f385cfb,normal,HIT,10937,16908,8,5,5,8990,89,95,10937,8,5,5,1,1,1,1,1,1,
nocheckpoint,bbht_grover_nocheckpoint,GT,16383,0,64,91,0xe4cb50a6,0x94d13729,normal,HIT,2808,20620,15,24,24,21157,211,217,2808,15,24,24,1,1,1,1,1,1,
nocheckpoint,bbht_grover_nocheckpoint,GT,16383,0,64,92,0xa0882219,0x18f75d24,normal,HIT,2932,26834,10,7,7,11464,114,119,2932,10,7,7,1,1,1,1,1,1,
nocheckpoint,bbht_grover_nocheckpoint,GT,16383,0,64,93,0xc435e6f2,0xf75a52bc,normal,HIT,4668,16760,11,19,19,15288,152,159,4668,11,19,19,1,1,1,1,1,1,
nocheckpoint,bbht_grover_nocheckpoint,GT,16383,0,64,94,0x011b63f0,0x0aa34346,normal,HIT,13499,22948,3,1,1,2959,29,34,13499,3,1,1,1,1,1,1,1,1,
nocheckpoint,bbht_grover_nocheckpoint,GT,16383,0,64,95,0x1b456e77,0xee460f94,normal,HIT,9669,18554,17,47,47,28693,286,291,9669,17,47,47,1,1,1,1,1,1,
nocheckpoint,bbht_grover_nocheckpoint,GT,16383,0,64,96,0x10088608,0xef418331,normal,HIT,1969,29996,15,26,26,20411,204,209,1969,15,26,26,1,1,1,1,1,1,
nocheckpoint,bbht_grover_nocheckpoint,GT,16383,0,64,97,0x6fcfc352,0xf8fa9f4c,normal,HIT,569,20217,4,1,1,4299,42,48,569,4,1,1,1,1,1,1,1,1,
nocheckpoint,bbht_grover_nocheckpoint,GT,16383,0,64,98,0xfb6077af,0x713595a9,normal,HIT,1068,20482,7,3,3,7309,73,78,1068,7,3,3,1,1,1,1,1,1,
nocheckpoint,bbht_grover_nocheckpoint,GT,16383,0,64,99,0xc6ebb72e,0x08fdf109,normal,HIT,10501,19012,16,42,42,26288,262,268,10501,16,42,42,1,1,1,1,1,1,
nocheckpoint,bbht_grover_nocheckpoint,GT,16383,0,256,0,0x7b1dcdaf,0x24370df2,normal,HIT,6194,21743,4,2,2,4771,47,53,6194,4,2,2,1,1,1,1,1,1,
nocheckpoint,bbht_grover_nocheckpoint,GT,16383,0,256,1,0x3a85a4dc,0xa3b9aa35,normal,HIT,16378,30332,2,0,0,2251,22,27,16378,2,0,0,1,1,1,1,1,1,
nocheckpoint,bbht_grover_nocheckpoint,GT,16383,0,256,2,0x6162a8b2,0x871c276f,normal,HIT,8111,30919,7,3,3,7309,73,79,8111,7,3,3,1,1,1,1,1,1,
nocheckpoint,bbht_grover_nocheckpoint,GT,16383,0,256,3,0xc3adc34e,0xf5b8f22b,normal,HIT,16057,26038,9,8,8,10738,107,113,16057,9,8,8,1,1,1,1,1,1,
nocheckpoint,bbht_grover_nocheckpoint,GT,16383,0,256,4,0x2bb073ff,0x3f8396e3,normal,HIT,7054,22624,1,0,0,919,9,15,7054,1,0,0,1,1,1,1,1,1,
nocheckpoint,bbht_grover_nocheckpoint,GT,16383,0,256,5,0xda585ab3,0xa7197ad7,normal,HIT,1569,17806,4,2,2,4241,42,48,1569,4,2,2,1,1,1,1,1,1,
nocheckpoint,bbht_grover_nocheckpoint,GT,16383,0,256,6,0x0ed109c0,0x5701ce52,normal,HIT,16057,26038,2,1,1,2628,26,30,16057,2,1,1,1,1,1,1,1,1,
nocheckpoint,bbht_grover_nocheckpoint,GT,16383,0,256,7,0x102ecf73,0x53c7612b,normal,HIT,8111,30919,10,14,14,12402,124,129,8111,10,14,14,1,1,1,1,1,1,
nocheckpoint,bbht_grover_nocheckpoint,GT,16383,0,256,8,0xcf29b6a1,0x35231a84,normal,HIT,3262,18088,11,13,13,14379,143,149,3262,11,13,13,1,1,1,1,1,1,
nocheckpoint,bbht_grover_nocheckpoint,GT,16383,0,256,9,0xc49cbb42,0xd0a3bbb8,normal,HIT,15398,22207,7,3,3,8362,83,89,15398,7,3,3,1,1,1,1,1,1,
nocheckpoint,bbht_grover_nocheckpoint,GT,16383,0,256,10,0x4cc51d23,0xee0e3ab4,normal,HIT,2261,32679,3,2,2,3313,33,39,2261,3,2,2,1,1,1,1,1,1,
nocheckpoint,bbht_grover_nocheckpoint,GT,16383,0,256,11,0xf9e8aa7a,0x3208c31a,normal,HIT,3178,30209,1,0,0,794,7,13,3178,1,0,0,1,1,1,1,1,1,
nocheckpoint,bbht_grover_nocheckpoint,GT,16383,0,256,12,0xdda8b051,0xc8105c9d,normal,HIT,86,26850,14,20,20,18430,184,188,86,14,20,20,1,1,1,1,1,1,
nocheckpoint,bbht_grover_nocheckpoint,GT,16383,0,256,13,0xabfb11bf,0xf5dec75e,normal,HIT,7345,32287,6,5,5,7088,70,77,7345,6,5,5,1,1,1,1,1,1,
nocheckpoint,bbht_grover_nocheckpoint,GT,16383,0,256,14,0x20639811,0x6b6a7c47,normal,HIT,14618,25652,7,8,8,9177,91,97,14618,7,8,8,1,1,1,1,1,1,
nocheckpoint,bbht_grover_nocheckpoint,GT,16383,0,256,15,0xac72acd2,0xca84bc6c,normal,HIT,6024,20409,3,0,0,2815,28,34,6024,3,0,0,1,1,1,1,1,1,
nocheckpoint,bbht_grover_nocheckpoint,GT,16383,0,256,16,0x49a2da79,0xe1376725,normal,HIT,7859,30665,8,8,8,9600,96,102,7859,8,8,8,1,1,1,1,1,1,
nocheckpoint,bbht_grover_nocheckpoint,GT,16383,0,256,17,0x63a4e9d7,0x6166dba4,normal,HIT,11280,20121,8,9,9,10319,103,108,11280,8,9,9,1,1,1,1,1,1,
nocheckpoint,bbht_grover_nocheckpoint,GT,16383,0,256,18,0x8983f102,0x43fb6183,normal,HIT,14537,18801,9,8,8,10595,105,111,14537,9,8,8,1,1,1,1,1,1,
nocheckpoint,bbht_grover_nocheckpoint,GT,16383,0,256,19,0xb671aa78,0xc97ad8a2,normal,HIT,10420,24885,5,1,1,5170,51,56,10420,5,1,1,1,1,1,1,1,1,
nocheckpoint,bbht_grover_nocheckpoint,GT,16383,0,256,20,0xdaeb566a,0x989e5b3d,normal,HIT,14509,22808,6,3,3,7053,70,75,14509,6,3,3,1,1,1,1,1,1,
nocheckpoint,bbht_grover_nocheckpoint,GT,16383,0,256,21,0xf6181c00,0xa345ac4b,normal,HIT,2778,28454,9,4,4,9932,99,105,2778,9,4,4,1,1,1,1,1,1,
nocheckpoint,bbht_grover_nocheckpoint,GT,16383,0,256,22,0x4e18d852,0xa08980df,normal,HIT,12247,19745,7,3,3,6823,68,73,12247,7,3,3,1,1,1,1,1,1,
nocheckpoint,bbht_grover_nocheckpoint,GT,16383,0,256,23,0xa035ceba,0x611de4c4,normal,HIT,15827,28165,7,5,5,8578,85,91,15827,7,5,5,1,1,1,1,1,1,
nocheckpoint,bbht_grover_nocheckpoint,GT,16383,0,256,24,0xc2416ee4,0x7323f479,normal,HIT,16338,30402,4,3,3,4485,44,50,16338,4,3,3,1,1,1,1,1,1,
nocheckpoint,bbht_grover_nocheckpoint,GT,16383,0,256,25,0xfbdafbdd,0xa0c0cf2f,normal,HIT,5899,19232,2,1,1,2341,23,30,5899,2,1,1,1,1,1,1,1,1,
nocheckpoint,bbht_grover_nocheckpoint,GT,16383,0,256,26,0xa43fbf47,0x8de97b10,normal,HIT,8864,26133,12,13,13,14158,141,146,8864,12,13,13,1,1,1,1,1,1,
nocheckpoint,bbht_grover_nocheckpoint,GT,16383,0,256,27,0x6811f7c1,0xcb07044a,normal,HIT,6587,31055,11,13,13,14225,142,147,6587,11,13,13,1,1,1,1,1,1,
nocheckpoint,bbht_grover_nocheckpoint,GT,16383,0,256,28,0x610dde2c,0x8cf5deb9,normal,HIT,15049,21292,4,2,2,4474,44,50,15049,4,2,2,1,1,1,1,1,1,
nocheckpoint,bbht_grover_nocheckpoint,GT,16383,0,256,29,0x82241b87,0xbbe27f39,normal,HIT,15592,21080,6,4,4,7170,71,76,15592,6,4,4,1,1,1,1,1,1,
nocheckpoint,bbht_grover_nocheckpoint,GT,16383,0,256,30,0x48647490,0xea9551eb,normal,HIT,5257,30311,9,7,7,9930,99,105,5257,9,7,7,1,1,1,1,1,1,
nocheckpoint,bbht_grover_nocheckpoint,GT,16383,0,256,31,0x63df3b7f,0xa8b057e1,normal,HIT,15986,29937,4,2,2,4413,44,50,15986,4,2,2,1,1,1,1,1,1,
nocheckpoint,bbht_grover_nocheckpoint,GT,16383,0,256,32,0x433125bb,0x3221fef0,normal,HIT,389,18724,5,2,2,4831,48,52,389,5,2,2,1,1,1,1,1,1,
nocheckpoint,bbht_grover_nocheckpoint,GT,16383,0,256,33,0x7943be40,0x6641ee79,normal,HIT,7345,32287,5,2,2,5223,52,57,7345,5,2,2,1,1,1,1,1,1,
nocheckpoint,bbht_grover_nocheckpoint,GT,16383,0,256,34,0x26c93252,0x675d2908,normal,HIT,13499,22948,4,1,1,4476,44,50,13499,4,1,1,1,1,1,1,1,1,
nocheckpoint,bbht_grover_nocheckpoint,GT,16383,0,256,35,0xdbe3ed49,0xa7cfea56,normal,HIT,10128,20312,6,6,6,7425,74,80,10128,6,6,6,1,1,1,1,1,1,
nocheckpoint,bbht_grover_nocheckpoint,GT,16383,0,256,36,0xc2ec9bb4,0xbfc0ae9e,normal,HIT,16338,30402,6,3,3,7231,72,78,16338,6,3,3,1,1,1,1,1,1,
nocheckpoint,bbht_grover_nocheckpoint,GT,16383,0,256,37,0xe7ec8559,0x307064ac,normal,HIT,13426,21020,4,2,2,4138,41,47,13426,4,2,2,1,1,1,1,1,1,
nocheckpoint,bbht_grover_nocheckpoint,GT,16383,0,256,38,0xccb88b54,0x2cf00158,normal,HIT,15049,21292,5,4,4,6245,62,67,15049,5,4,4,1,1,1,1,1,1,
nocheckpoint,bbht_grover_nocheckpoint,GT,16383,0,256,39,0xb512e6a4,0x2b9e708c,normal,HIT,943,20053,5,4,4,5475,54,59,943,5,4,4,1,1,1,1,1,1,
nocheckpoint,bbht_grover_nocheckpoint,GT,16383,0,256,40,0x7e2c3d82,0xa69fb195,normal,HIT,13451,24112,3,1,1,3315,33,39,13451,3,1,1,1,1,1,1,1,1,
nocheckpoint,bbht_grover_nocheckpoint,GT,16383,0,256,41,0x58b3e5ad,0x23a21253,normal,HIT,745,17423,2,1,1,1753,17,23,745,2,1,1,1,1,1,1,1,1,
nocheckpoint,bbht_grover_nocheckpoint,GT,16383,0,256,42,0x9a07c40b,0x3ea78d8c,normal,HIT,15092,16661,8,2,2,8163,81,86,15092,8,2,2,1,1,1,1,1,1,
nocheckpoint,bbht_grover_nocheckpoint,GT,16383,0,256,43,0xf1f9a54b,0x7b00db61,normal,HIT,10784,24389,8,6,6,8755,87,92,10784,8,6,6,1,1,1,1,1,1,
nocheckpoint,bbht_grover_nocheckpoint,GT,16383,0,256,44,0xfba6212d,0xb8b8356a,normal,HIT,4260,25069,12,13,13,14353,143,149,4260,12,13,13,1,1,1,1,1,1,
nocheckpoint,bbht_grover_nocheckpoint,GT,16383,0,256,45,0x1ca60615,0xd753b84a,normal,HIT,9098,29117,6,4,4,6386,63,69,9098,6,4,4,1,1,1,1,1,1,
nocheckpoint,bbht_grover_nocheckpoint,GT,16383,0,256,46,0xa085c93e,0x19b8504d,normal,HIT,15827,28165,5,2,2,5572,55,61,15827,5,2,2,1,1,1,1,1,1,
nocheckpoint,bbht_grover_nocheckpoint,GT,16383,0,256,47,0x18190603,0xad0438b2,normal,HIT,12819,29797,8,3,3,8785,87,92,12819,8,3,3,1,1,1,1,1,1,
nocheckpoint,bbht_grover_nocheckpoint,GT,16383,0,256,48,0xc1143c78,0xbbdab3cd,normal,HIT,10784,24389,11,7,7,12724,127,132,10784,11,7,7,1,1,1,1,1,1,
nocheckpoint,bbht_grover_nocheckpoint,GT,16383,0,256,49,0x332063fc,0x222ba57c,normal,HIT,16035,26235,8,5,5,9614,96,102,16035,8,5,5,1,1,1,1,1,1,
nocheckpoint,bbht_grover_nocheckpoint,GT,16383,0,256,50,0xd6f4066b,0xab9eb714,normal,HIT,8254,18531,4,1,1,3738,37,42,8254,4,1,1,1,1,1,1,1,1,
nocheckpoint,bbht_grover_nocheckpoint,GT,16383,0,256,51,0x64b9628c,0x9cd8b518,normal,HIT,3067,28255,7,7,7,8014,80,85,3067,7,7,7,1,1,1,1,1,1,
nocheckpoint,bbht_grover_nocheckpoint,GT,16383,0,256,52,0x894e6771,0x8a255c2e,normal,HIT,13426,21020,11,9,9,13742,137,143,13426,11,9,9,1,1,1,1,1,1,
nocheckpoint,bbht_grover_nocheckpoint,GT,16383,0,256,53,0xe3e668e8,0xff1f20c3,normal,HIT,4886,31721,10,11,11,12612,126,132,4886,10,11,11,1,1,1,1,1,1,
nocheckpoint,bbht_grover_nocheckpoint,GT,16383,0,256,54,0x36980406,0xfbdbfa61,normal,HIT,4260,25069,8,9,9,10056,100,105,4260,8,9,9,1,1,1,1,1,1,
nocheckpoint,bbht_grover_nocheckpoint,GT,16383,0,256,55,0x114d2b4a,0xa617ad4e,normal,HIT,3077,26085,6,5,5,6927,69,75,3077,6,5,5,1,1,1,1,1,1,
nocheckpoint,bbht_grover_nocheckpoint,GT,16383,0,256,56,0x3b8907e1,0x0c6cbd10,normal,HIT,7859,30665,7,4,4,7840,78,83,7859,7,4,4,1,1,1,1,1,1,
nocheckpoint,bbht_grover_nocheckpoint,GT,16383,0,256,57,0x2cd09c1d,0x964fb1a7,normal,HIT,9616,21800,7,2,2,6581,65,70,9616,7,2,2,1,1,1,1,1,1,
nocheckpoint,bbht_grover_nocheckpoint,GT,16383,0,256,58,0x6d7a8604,0xbd6f99c6,normal,HIT,8254,18531,5,4,4,6068,60,65,8254,5,4,4,1,1,1,1,1,1,
nocheckpoint,bbht_grover_nocheckpoint,GT,16383,0,256,59,0x1fadaf42,0x60010aa3,normal,HIT,5899,19232,11,14,14,14766,147,153,5899,11,14,14,1,1,1,1,1,1,
nocheckpoint,bbht_grover_nocheckpoint,GT,16383,0,256,60,0x92fe7cfd,0xb54e2773,normal,HIT,838,17066,6,3,3,6051,60,65,838,6,3,3,1,1,1,1,1,1,
nocheckpoint,bbht_grover_nocheckpoint,GT,16383,0,256,61,0x1aecb060,0x9c545eba,normal,HIT,3077,26085,10,13,13,13576,135,141,3077,10,13,13,1,1,1,1,1,1,
nocheckpoint,bbht_grover_nocheckpoint,GT,16383,0,256,62,0x91778cc3,0xbd1d1bc0,normal,HIT,6083,16900,10,13,13,13373,133,138,6083,10,13,13,1,1,1,1,1,1,
nocheckpoint,bbht_grover_nocheckpoint,GT,16383,0,256,63,0xe6b7e7eb,0xd542988e,normal,HIT,14620,28124,10,11,11,12125,121,127,14620,10,11,11,1,1,1,1,1,1,
nocheckpoint,bbht_grover_nocheckpoint,GT,16383,0,256,64,0x6770144c,0xd2d3c6e7,normal,HIT,13954,28289,9,6,6,10277,102,108,13954,9,6,6,1,1,1,1,1,1,
nocheckpoint,bbht_grover_nocheckpoint,GT,16383,0,256,65,0xc600a248,0x0a1e0844,normal,HIT,14141,31377,7,5,5,8023,80,86,14141,7,5,5,1,1,1,1,1,1,
nocheckpoint,bbht_grover_nocheckpoint,GT,16383,0,256,66,0x1ea4f830,0x2ef0f28e,normal,HIT,11917,23087,3,1,1,3223,32,37,11917,3,1,1,1,1,1,1,1,1,
nocheckpoint,bbht_grover_nocheckpoint,GT,16383,0,256,67,0x639604f3,0x7fe04f83,normal,HIT,7232,17025,6,6,6,7812,78,83,7232,6,6,6,1,1,1,1,1,1,
nocheckpoint,bbht_grover_nocheckpoint,GT,16383,0,256,68,0x6e084a84,0xb643b17e,normal,HIT,9146,30642,7,4,4,7621,76,82,9146,7,4,4,1,1,1,1,1,1,
nocheckpoint,bbht_grover_nocheckpoint,GT,16383,0,256,69,0x3d7fc476,0x467d7a44,normal,HIT,12819,29797,2,1,1,2399,23,29,12819,2,1,1,1,1,1,1,1,1,
nocheckpoint,bbht_grover_nocheckpoint,GT,16383,0,256,70,0xedca3875,0xefade11e,normal,HIT,4334,22057,9,10,10,10882,108,114,4334,9,10,10,1,1,1,1,1,1,
nocheckpoint,bbht_grover_nocheckpoint,GT,16383,0,256,71,0xb883121d,0x095c678c,normal,HIT,15289,23833,8,6,6,9309,93,98,15289,8,6,6,1,1,1,1,1,1,
nocheckpoint,bbht_grover_nocheckpoint,GT,16383,0,256,72,0xace22797,0xbc422a9a,normal,HIT,2282,31718,9,10,10,10733,107,113,2282,9,10,10,1,1,1,1,1,1,
nocheckpoint,bbht_grover_nocheckpoint,GT,16383,0,256,73,0xefd3172d,0x8c2c3233,normal,HIT,11249,20891,3,1,1,2895,28,34,11249,3,1,1,1,1,1,1,1,1,
nocheckpoint,bbht_grover_nocheckpoint,GT,16383,0,256,74,0xe6aacdb5,0x7f1c158a,normal,HIT,3178,30209,7,4,4,7565,75,81,3178,7,4,4,1,1,1,1,1,1,
nocheckpoint,bbht_grover_nocheckpoint,GT,16383,0,256,75,0x6566c598,0xca804b00,normal,HIT,2780,28208,9,9,9,11329,113,118,2780,9,9,9,1,1,1,1,1,1,
nocheckpoint,bbht_grover_nocheckpoint,GT,16383,0,256,76,0x4e646d9d,0xcbae5ac0,normal,HIT,6194,21743,7,4,4,7090,70,77,6194,7,4,4,1,1,1,1,1,1,
nocheckpoint,bbht_grover_nocheckpoint,GT,16383,0,256,77,0x05d81d6f,0x260c4013,normal,HIT,9359,25296,7,5,5,7580,75,81,9359,7,5,5,1,1,1,1,1,1,
nocheckpoint,bbht_grover_nocheckpoint,GT,16383,0,256,78,0x2018f6a3,0x5728c7f4,normal,HIT,12753,30202,5,3,3,5720,57,62,12753,5,3,3,1,1,1,1,1,1,
nocheckpoint,bbht_grover_nocheckpoint,GT,16383,0,256,79,0x718ebf0c,0x4d7d460c,normal,HIT,6587,31055,7,5,5,7648,76,81,6587,7,5,5,1,1,1,1,1,1,
nocheckpoint,bbht_grover_nocheckpoint,GT,16383,0,256,80,0x042a8f17,0x2093b3f4,normal,HIT,8134,25012,10,10,10,11816,118,124,8134,10,10,10,1,1,1,1,1,1,
nocheckpoint,bbht_grover_nocheckpoint,GT,16383,0,256,81,0xfc1c775d,0x35bd20f1,normal,HIT,7991,23470,4,2,2,3684,36,42,7991,4,2,2,1,1,1,1,1,1,
nocheckpoint,bbht_grover_nocheckpoint,GT,16383,0,256,82,0x16b93b63,0x7d609ba5,normal,HIT,7859,30665,9,10,10,11561,115,121,7859,9,10,10,1,1,1,1,1,1,
nocheckpoint,bbht_grover_nocheckpoint,GT,16383,0,256,83,0x8ce1028e,0xb152e7ef,normal,HIT,13499,22948,6,4,4,7035,70,75,13499,6,4,4,1,1,1,1,1,1,
nocheckpoint,bbht_grover_nocheckpoint,GT,16383,0,256,84,0x87bad980,0x7dbefa97,normal,HIT,14887,23275,9,11,11,11782,117,122,14887,9,11,11,1,1,1,1,1,1,
nocheckpoint,bbht_grover_nocheckpoint,GT,16383,0,256,85,0xd63d86f3,0xf5399cca,normal,HIT,3077,26085,6,5,5,6482,64,71,3077,6,5,5,1,1,1,1,1,1,
nocheckpoint,bbht_grover_nocheckpoint,GT,16383,0,256,86,0xeeaba102,0x01560fc0,normal,HIT,1569,17806,2,1,1,2189,21,28,1569,2,1,1,1,1,1,1,1,1,
nocheckpoint,bbht_grover_nocheckpoint,GT,16383,0,256,87,0xc1fee4bb,0xc7e12d58,normal,HIT,11032,17393,6,5,5,6950,69,75,11032,6,5,5,1,1,1,1,1,1,
nocheckpoint,bbht_grover_nocheckpoint,GT,16383,0,256,88,0x0707c9da,0xf644a3f9,normal,HIT,7900,20548,4,1,1,3981,39,45,7900,4,1,1,1,1,1,1,1,1,
nocheckpoint,bbht_grover_nocheckpoint,GT,16383,0,256,89,0xde0d9c30,0x58a2ee8f,normal,HIT,12120,17967,4,2,2,4822,48,53,12120,4,2,2,1,1,1,1,1,1,
nocheckpoint,bbht_grover_nocheckpoint,GT,16383,0,256,90,0x7cd0efc7,0x9f385cfb,normal,HIT,1317,28061,6,3,3,6395,63,68,1317,6,3,3,1,1,1,1,1,1,
nocheckpoint,bbht_grover_nocheckpoint,GT,16383,0,256,91,0xe4cb50a6,0x94d13729,normal,HIT,8900,27322,8,3,3,8767,87,92,8900,8,3,3,1,1,1,1,1,1,
nocheckpoint,bbht_grover_nocheckpoint,GT,16383,0,256,92,0xa0882219,0x18f75d24,normal,HIT,8316,21095,8,4,4,9093,90,96,8316,8,4,4,1,1,1,1,1,1,
nocheckpoint,bbht_grover_nocheckpoint,GT,16383,0,256,93,0xc435e6f2,0xf75a52bc,normal,HIT,11249,20891,2,1,1,2105,21,26,11249,2,1,1,1,1,1,1,1,1,
nocheckpoint,bbht_grover_nocheckpoint,GT,16383,0,256,94,0x011b63f0,0x0aa34346,normal,HIT,2932,26834,7,3,3,6825,68,74,2932,7,3,3,1,1,1,1,1,1,
nocheckpoint,bbht_grover_nocheckpoint,GT,16383,0,256,95,0x1b456e77,0xee460f94,normal,HIT,8134,25012,4,2,2,4674,46,51,8134,4,2,2,1,1,1,1,1,1,
nocheckpoint,bbht_grover_nocheckpoint,GT,16383,0,256,96,0x10088608,0xef418331,normal,HIT,2460,23714,10,12,12,12064,120,126,2460,10,12,12,1,1,1,1,1,1,
nocheckpoint,bbht_grover_nocheckpoint,GT,16383,0,256,97,0x6fcfc352,0xf8fa9f4c,normal,HIT,2808,20620,7,5,5,7972,79,85,2808,7,5,5,1,1,1,1,1,1,
nocheckpoint,bbht_grover_nocheckpoint,GT,16383,0,256,98,0xfb6077af,0x713595a9,normal,HIT,1068,20482,12,17,17,15432,154,158,1068,12,17,17,1,1,1,1,1,1,
nocheckpoint,bbht_grover_nocheckpoint,GT,16383,0,256,99,0xc6ebb72e,0x08fdf109,normal,HIT,7108,28195,2,0,0,1633,16,22,7108,2,0,0,1,1,1,1,1,1,
nocheckpoint,bbht_grover_nocheckpoint,EQ,12345,0,1,0,0x7b1dcdaf,0x24370df2,normal,HIT,507,12345,25,308,308,105250,1052,1058,507,25,308,308,1,1,1,1,1,1,
nocheckpoint,bbht_grover_nocheckpoint,EQ,12345,0,1,1,0x3a85a4dc,0xa3b9aa35,normal,HIT,507,12345,15,23,23,19595,195,201,507,15,23,23,1,1,1,1,1,1,
nocheckpoint,bbht_grover_nocheckpoint,EQ,12345,0,1,2,0x6162a8b2,0x871c276f,normal,HIT,507,12345,22,181,181,68764,687,693,507,22,181,181,1,1,1,1,1,1,
nocheckpoint,bbht_grover_nocheckpoint,EQ,12345,0,1,3,0xc3adc34e,0xf5b8f22b,normal,HIT,507,12345,25,239,239,87528,875,880,507,25,239,239,1,1,1,1,1,1,
nocheckpoint,bbht_grover_nocheckpoint,EQ,12345,0,1,4,0x2bb073ff,0x3f8396e3,normal,HIT,507,12345,24,240,240,85570,855,860,507,24,240,240,1,1,1,1,1,1,
nocheckpoint,bbht_grover_nocheckpoint,EQ,12345,0,1,5,0xda585ab3,0xa7197ad7,normal,HIT,507,12345,23,155,155,62224,622,628,507,23,155,155,1,1,1,1,1,1,
nocheckpoint,bbht_grover_nocheckpoint,EQ,12345,0,1,6,0x0ed109c0,0x5701ce52,normal,HIT,507,12345,9,14,14,11974,119,126,507,9,14,14,1,1,1,1,1,1,
nocheckpoint,bbht_grover_nocheckpoint,EQ,12345,0,1,7,0x102ecf73,0x53c7612b,normal,HIT,507,12345,23,180,180,68359,683,688,507,23,180,180,1,1,1,1,1,1,
nocheckpoint,bbht_grover_nocheckpoint,EQ,12345,0,1,8,0xcf29b6a1,0x35231a84,normal,HIT,507,12345,26,261,261,94011,940,945,507,26,261,261,1,1,1,1,1,1,
nocheckpoint,bbht_grover_nocheckpoint,EQ,12345,0,1,9,0xc49cbb42,0xd0a3bbb8,normal,HIT,507,12345,24,148,148,62453,624,629,507,24,148,148,1,1,1,1,1,1,
nocheckpoint,bbht_grover_nocheckpoint,EQ,12345,0,1,10,0x4cc51d23,0xee0e3ab4,normal,HIT,507,12345,20,93,93,43135,431,436,507,20,93,93,1,1,1,1,1,1,
nocheckpoint,bbht_grover_nocheckpoint,EQ,12345,0,1,11,0xf9e8aa7a,0x3208c31a,normal,HIT,507,12345,23,175,175,66607,666,670,507,23,175,175,1,1,1,1,1,1,
nocheckpoint,bbht_grover_nocheckpoint,EQ,12345,0,1,12,0xdda8b051,0xc8105c9d,normal,HIT,507,12345,18,42,42,27524,275,280,507,18,42,42,1,1,1,1,1,1,
nocheckpoint,bbht_grover_nocheckpoint,EQ,12345,0,1,13,0xabfb11bf,0xf5dec75e,normal,HIT,507,12345,24,218,218,82523,825,830,507,24,218,218,1,1,1,1,1,1,
nocheckpoint,bbht_grover_nocheckpoint,EQ,12345,0,1,14,0x20639811,0x6b6a7c47,normal,HIT,507,12345,21,133,133,56246,562,568,507,21,133,133,1,1,1,1,1,1,
nocheckpoint,bbht_grover_nocheckpoint,EQ,12345,0,1,15,0xac72acd2,0xca84bc6c,normal,HIT,507,12345,27,333,333,114345,1143,1148,507,27,333,333,1,1,1,1,1,1,
nocheckpoint,bbht_grover_nocheckpoint,EQ,12345,0,1,16,0x49a2da79,0xe1376725,normal,HIT,507,12345,25,225,225,83373,833,838,507,25,225,225,1,1,1,1,1,1,
nocheckpoint,bbht_grover_nocheckpoint,EQ,12345,0,1,17,0x63a4e9d7,0x6166dba4,normal,HIT,507,12345,25,152,152,64440,644,650,507,25,152,152,1,1,1,1,1,1,
nocheckpoint,bbht_grover_nocheckpoint,EQ,12345,0,1,18,0x8983f102,0x43fb6183,normal,HIT,507,12345,24,216,216,80219,802,807,507,24,216,216,1,1,1,1,1,1,
nocheckpoint,bbht_grover_nocheckpoint,EQ,12345,0,1,19,0xb671aa78,0xc97ad8a2,normal,HIT,507,12345,22,122,122,53544,535,541,507,22,122,122,1,1,1,1,1,1,
nocheckpoint,bbht_grover_nocheckpoint,EQ,12345,0,1,20,0xdaeb566a,0x989e5b3d,normal,HIT,507,12345,27,311,311,109726,1097,1102,507,27,311,311,1,1,1,1,1,1,
nocheckpoint,bbht_grover_nocheckpoint,EQ,12345,0,1,21,0xf6181c00,0xa345ac4b,normal,HIT,507,12345,26,200,200,76911,769,775,507,26,200,200,1,1,1,1,1,1,
nocheckpoint,bbht_grover_nocheckpoint,EQ,12345,0,1,22,0x4e18d852,0xa08980df,normal,HIT,507,12345,15,37,37,23357,233,239,507,15,37,37,1,1,1,1,1,1,
nocheckpoint,bbht_grover_nocheckpoint,EQ,12345,0,1,23,0xa035ceba,0x611de4c4,normal,HIT,507,12345,23,141,141,60063,600,606,507,23,141,141,1,1,1,1,1,1,
nocheckpoint,bbht_grover_nocheckpoint,EQ,12345,0,1,24,0xc2416ee4,0x7323f479,normal,HIT,507,12345,21,159,159,61921,619,625,507,21,159,159,1,1,1,1,1,1,
nocheckpoint,bbht_grover_nocheckpoint,EQ,12345,0,1,25,0xfbdafbdd,0xa0c0cf2f,normal,HIT,507,12345,25,210,210,79404,794,798,507,25,210,210,1,1,1,1,1,1,
nocheckpoint,bbht_grover_nocheckpoint,EQ,12345,0,1,26,0xa43fbf47,0x8de97b10,normal,HIT,507,12345,27,215,215,81490,814,821,507,27,215,215,1,1,1,1,1,1,
nocheckpoint,bbht_grover_nocheckpoint,EQ,12345,0,1,27,0x6811f7c1,0xcb07044a,normal,HIT,507,12345,24,174,174,68666,686,691,507,24,174,174,1,1,1,1,1,1,
nocheckpoint,bbht_grover_nocheckpoint,EQ,12345,0,1,28,0x610dde2c,0x8cf5deb9,normal,HIT,507,12345,25,256,256,91415,914,918,507,25,256,256,1,1,1,1,1,1,
nocheckpoint,bbht_grover_nocheckpoint,EQ,12345,0,1,29,0x82241b87,0xbbe27f39,normal,HIT,507,12345,21,133,133,54378,543,549,507,21,133,133,1,1,1,1,1,1,
nocheckpoint,bbht_grover_nocheckpoint,EQ,12345,0,1,30,0x48647490,0xea9551eb,normal,HIT,507,12345,19,63,63,33566,335,341,507,19,63,63,1,1,1,1,1,1,
nocheckpoint,bbht_grover_nocheckpoint,EQ,12345,0,1,31,0x63df3b7f,0xa8b057e1,normal,HIT,507,12345,27,273,273,96947,969,974,507,27,273,273,1,1,1,1,1,1,
nocheckpoint,bbht_grover_nocheckpoint,EQ,12345,0,1,32,0x433125bb,0x3221fef0,normal,HIT,507,12345,22,93,93,45007,450,455,507,22,93,93,1,1,1,1,1,1,
nocheckpoint,bbht_grover_nocheckpoint,EQ,12345,0,1,33,0x7943be40,0x6641ee79,normal,HIT,507,12345,19,93,93,41446,414,419,507,19,93,93,1,1,1,1,1,1,
nocheckpoint,bbht_grover_nocheckpoint,EQ,12345,0,1,34,0x26c93252,0x675d2908,normal,HIT,507,12345,27,290,290,102212,1022,1028,507,27,290,290,1,1,1,1,1,1,
nocheckpoint,bbht_grover_nocheckpoint,EQ,12345,0,1,35,0xdbe3ed49,0xa7cfea56,normal,HIT,507,12345,16,40,40,26053,260,266,507,16,40,40,1,1,1,1,1,1,
nocheckpoint,bbht_grover_nocheckpoint,EQ,12345,0,1,36,0xc2ec9bb4,0xbfc0ae9e,normal,HIT,507,12345,24,229,229,83659,836,841,507,24,229,229,1,1,1,1,1,1,
nocheckpoint,bbht_grover_nocheckpoint,EQ,12345,0,1,37,0xe7ec8559,0x307064ac,normal,HIT,507,12345,23,169,169,66490,664,671,507,23,169,169,1,1,1,1,1,1,
nocheckpoint,bbht_grover_nocheckpoint,EQ,12345,0,1,38,0xccb88b54,0x2cf00158,normal,HIT,507,12345,21,123,123,52821,528,533,507,21,123,123,1,1,1,1,1,1,
nocheckpoint,bbht_grover_nocheckpoint,EQ,12345,0,1,39,0xb512e6a4,0x2b9e708c,normal,HIT,507,12345,21,105,105,48165,481,487,507,21,105,105,1,1,1,1,1,1,
nocheckpoint,bbht_grover_nocheckpoint,EQ,12345,0,1,40,0x7e2c3d82,0xa69fb195,normal,HIT,507,12345,18,48,48,29493,294,299,507,18,48,48,1,1,1,1,1,1,
nocheckpoint,bbht_grover_nocheckpoint,EQ,12345,0,1,41,0x58b3e5ad,0x23a21253,normal,HIT,507,12345,24,196,196,73191,731,737,507,24,196,196,1,1,1,1,1,1,
nocheckpoint,bbht_grover_nocheckpoint,EQ,12345,0,1,42,0x9a07c40b,0x3ea78d8c,normal,HIT,507,12345,21,126,126,53202,532,536,507,21,126,126,1,1,1,1,1,1,
nocheckpoint,bbht_grover_nocheckpoint,EQ,12345,0,1,43,0xf1f9a54b,0x7b00db61,normal,HIT,507,12345,28,252,252,93422,934,939,507,28,252,252,1,1,1,1,1,1,
nocheckpoint,bbht_grover_nocheckpoint,EQ,12345,0,1,44,0xfba6212d,0xb8b8356a,normal,HIT,507,12345,28,368,368,123188,1231,1236,507,28,368,368,1,1,1,1,1,1,
nocheckpoint,bbht_grover_nocheckpoint,EQ,12345,0,1,45,0x1ca60615,0xd753b84a,normal,HIT,507,12345,21,131,131,53534,535,541,507,21,131,131,1,1,1,1,1,1,
nocheckpoint,bbht_grover_nocheckpoint,EQ,12345,0,1,46,0xa085c93e,0x19b8504d,normal,HIT,507,12345,20,96,96,45271,452,458,507,20,96,96,1,1,1,1,1,1,
nocheckpoint,bbht_grover_nocheckpoint,EQ,12345,0,1,47,0x18190603,0xad0438b2,normal,HIT,507,12345,21,120,120,51286,512,517,507,21,120,120,1,1,1,1,1,1,
nocheckpoint,bbht_grover_nocheckpoint,EQ,12345,0,1,48,0xc1143c78,0xbbdab3cd,normal,HIT,507,12345,25,157,157,66173,661,668,507,25,157,157,1,1,1,1,1,1,
nocheckpoint,bbht_grover_nocheckpoint,EQ,12345,0,1,49,0x332063fc,0x222ba57c,normal,HIT,507,12345,23,148,148,62022,620,625,507,23,148,148,1,1,1,1,1,1,
nocheckpoint,bbht_grover_nocheckpoint,EQ,12345,0,1,50,0xd6f4066b,0xab9eb714,normal,HIT,507,12345,26,275,275,96878,968,974,507,26,275,275,1,1,1,1,1,1,
nocheckpoint,bbht_grover_nocheckpoint,EQ,12345,0,1,51,0x64b9628c,0x9cd8b518,normal,HIT,507,12345,22,122,122,52514,525,530,507,22,122,122,1,1,1,1,1,1,
nocheckpoint,bbht_grover_nocheckpoint,EQ,12345,0,1,52,0x894e6771,0x8a255c2e,normal,HIT,507,12345,26,256,256,93258,932,938,507,26,256,256,1,1,1,1,1,1,
nocheckpoint,bbht_grover_nocheckpoint,EQ,12345,0,1,53,0xe3e668e8,0xff1f20c3,normal,HIT,507,12345,24,167,167,67195,671,677,507,24,167,167,1,1,1,1,1,1,
nocheckpoint,bbht_grover_nocheckpoint,EQ,12345,0,1,54,0x36980406,0xfbdbfa61,normal,HIT,507,12345,25,283,283,99240,992,997,507,25,283,283,1,1,1,1,1,1,
nocheckpoint,bbht_grover_nocheckpoint,EQ,12345,0,1,55,0x114d2b4a,0xa617ad4e,normal,HIT,507,12345,26,269,269,95392,953,959,507,26,269,269,1,1,1,1,1,1,
nocheckpoint,bbht_grover_nocheckpoint,EQ,12345,0,1,56,0x3b8907e1,0x0c6cbd10,normal,HIT,507,12345,23,142,142,59254,592,598,507,23,142,142,1,1,1,1,1,1,
nocheckpoint,bbht_grover_nocheckpoint,EQ,12345,0,1,57,0x2cd09c1d,0x964fb1a7,normal,HIT,507,12345,24,241,241,86199,861,866,507,24,241,241,1,1,1,1,1,1,
nocheckpoint,bbht_grover_nocheckpoint,EQ,12345,0,1,58,0x6d7a8604,0xbd6f99c6,normal,HIT,507,12345,28,369,369,124899,1248,1253,507,28,369,369,1,1,1,1,1,1,
nocheckpoint,bbht_grover_nocheckpoint,EQ,12345,0,1,59,0x1fadaf42,0x60010aa3,normal,HIT,507,12345,24,141,141,61117,611,617,507,24,141,141,1,1,1,1,1,1,
nocheckpoint,bbht_grover_nocheckpoint,EQ,12345,0,1,60,0x92fe7cfd,0xb54e2773,normal,HIT,507,12345,21,135,135,55452,554,560,507,21,135,135,1,1,1,1,1,1,
nocheckpoint,bbht_grover_nocheckpoint,EQ,12345,0,1,61,0x1aecb060,0x9c545eba,normal,HIT,507,12345,27,306,306,108473,1084,1089,507,27,306,306,1,1,1,1,1,1,
nocheckpoint,bbht_grover_nocheckpoint,EQ,12345,0,1,62,0x91778cc3,0xbd1d1bc0,normal,HIT,507,12345,24,196,196,74218,742,746,507,24,196,196,1,1,1,1,1,1,
nocheckpoint,bbht_grover_nocheckpoint,EQ,12345,0,1,63,0xe6b7e7eb,0xd542988e,normal,HIT,507,12345,19,67,67,36510,365,370,507,19,67,67,1,1,1,1,1,1,
nocheckpoint,bbht_grover_nocheckpoint,EQ,12345,0,1,64,0x6770144c,0xd2d3c6e7,normal,HIT,507,12345,23,129,129,54154,541,547,507,23,129,129,1,1,1,1,1,1,
nocheckpoint,bbht_grover_nocheckpoint,EQ,12345,0,1,65,0xc600a248,0x0a1e0844,normal,HIT,507,12345,26,277,277,97962,979,985,507,26,277,277,1,1,1,1,1,1,
nocheckpoint,bbht_grover_nocheckpoint,EQ,12345,0,1,66,0x1ea4f830,0x2ef0f28e,normal,HIT,507,12345,15,45,45,25365,253,258,507,15,45,45,1,1,1,1,1,1,
nocheckpoint,bbht_grover_nocheckpoint,EQ,12345,0,1,67,0x639604f3,0x7fe04f83,normal,HIT,507,12345,22,105,105,48789,487,494,507,22,105,105,1,1,1,1,1,1,
nocheckpoint,bbht_grover_nocheckpoint,EQ,12345,0,1,68,0x6e084a84,0xb643b17e,normal,HIT,507,12345,26,239,239,88303,883,888,507,26,239,239,1,1,1,1,1,1,
nocheckpoint,bbht_grover_nocheckpoint,EQ,12345,0,1,69,0x3d7fc476,0x467d7a44,normal,HIT,507,12345,23,160,160,63321,633,639,507,23,160,160,1,1,1,1,1,1,
nocheckpoint,bbht_grover_nocheckpoint,EQ,12345,0,1,70,0xedca3875,0xefade11e,normal,HIT,507,12345,26,243,243,88094,880,886,507,26,243,243,1,1,1,1,1,1,
nocheckpoint,bbht_grover_nocheckpoint,EQ,12345,0,1,71,0xb883121d,0x095c678c,normal,HIT,507,12345,25,235,235,86040,860,865,507,25,235,235,1,1,1,1,1,1,
nocheckpoint,bbht_grover_nocheckpoint,EQ,12345,0,1,72,0xace22797,0xbc422a9a,normal,HIT,507,12345,12,15,15,14593,145,151,507,12,15,15,1,1,1,1,1,1,
nocheckpoint,bbht_grover_nocheckpoint,EQ,12345,0,1,73,0xefd3172d,0x8c2c3233,normal,HIT,507,12345,19,49,49,31109,311,317,507,19,49,49,1,1,1,1,1,1,
nocheckpoint,bbht_grover_nocheckpoint,EQ,12345,0,1,74,0xe6aacdb5,0x7f1c158a,normal,HIT,507,12345,23,212,212,77174,771,776,507,23,212,212,1,1,1,1,1,1,
nocheckpoint,bbht_grover_nocheckpoint,EQ,12345,0,1,75,0x6566c598,0xca804b00,normal,HIT,507,12345,15,42,42,25253,252,259,507,15,42,42,1,1,1,1,1,1,
nocheckpoint,bbht_grover_nocheckpoint,EQ,12345,0,1,76,0x4e646d9d,0xcbae5ac0,normal,HIT,507,12345,17,64,64,32145,321,327,507,17,64,64,1,1,1,1,1,1,
nocheckpoint,bbht_grover_nocheckpoint,EQ,12345,0,1,77,0x05d81d6f,0x260c4013,normal,HIT,507,12345,22,113,113,49661,496,501,507,22,113,113,1,1,1,1,1,1,
nocheckpoint,bbht_grover_nocheckpoint,EQ,12345,0,1,78,0x2018f6a3,0x5728c7f4,normal,HIT,507,12345,31,430,430,142865,1428,1434,507,31,430,430,1,1,1,1,1,1,
nocheckpoint,bbht_grover_nocheckpoint,EQ,12345,0,1,79,0x718ebf0c,0x4d7d460c,normal,HIT,507,12345,24,138,138,59529,595,601,507,24,138,138,1,1,1,1,1,1,
nocheckpoint,bbht_grover_nocheckpoint,EQ,12345,0,1,80,0x042a8f17,0x2093b3f4,normal,HIT,507,12345,27,381,381,125960,1259,1264,507,27,381,381,1,1,1,1,1,1,
nocheckpoint,bbht_grover_nocheckpoint,EQ,12345,0,1,81,0xfc1c775d,0x35bd20f1,normal,HIT,507,12345,28,300,300,104621,1046,1052,507,28,300,300,1,1,1,1,1,1,
nocheckpoint,bbht_grover_nocheckpoint,EQ,12345,0,1,82,0x16b93b63,0x7d609ba5,normal,HIT,507,12345,27,336,336,114629,1146,1151,507,27,336,336,1,1,1,1,1,1,
nocheckpoint,bbht_grover_nocheckpoint,EQ,12345,0,1,83,0x8ce1028e,0xb152e7ef,normal,HIT,507,12345,20,110,110,48680,486,492,507,20,110,110,1,1,1,1,1,1,
nocheckpoint,bbht_grover_nocheckpoint,EQ,12345,0,1,84,0x87bad980,0x7dbefa97,normal,HIT,507,12345,26,277,277,98387,983,988,507,26,277,277,1,1,1,1,1,1,
nocheckpoint,bbht_grover_nocheckpoint,EQ,12345,0,1,85,0xd63d86f3,0xf5399cca,normal,HIT,507,12345,22,145,145,59330,593,598,507,22,145,145,1,1,1,1,1,1,
nocheckpoint,bbht_grover_nocheckpoint,EQ,12345,0,1,86,0xeeaba102,0x01560fc0,normal,HIT,507,12345,24,200,200,75983,759,766,507,24,200,200,1,1,1,1,1,1,
nocheckpoint,bbht_grover_nocheckpoint,EQ,12345,0,1,87,0xc1fee4bb,0xc7e12d58,normal,HIT,507,12345,23,191,191,72161,721,725,507,23,191,191,1,1,1,1,1,1,
nocheckpoint,bbht_grover_nocheckpoint,EQ,12345,0,1,88,0x0707c9da,0xf644a3f9,normal,HIT,507,12345,24,199,199,74735,747,753,507,24,199,199,1,1,1,1,1,1,
nocheckpoint,bbht_grover_nocheckpoint,EQ,12345,0,1,89,0xde0d9c30,0x58a2ee8f,normal,HIT,507,12345,16,41,41,26349,263,269,507,16,41,41,1,1,1,1,1,1,
nocheckpoint,bbht_grover_nocheckpoint,EQ,12345,0,1,90,0x7cd0efc7,0x9f385cfb,normal,HIT,507,12345,24,174,174,69276,692,697,507,24,174,174,1,1,1,1,1,1,
nocheckpoint,bbht_grover_nocheckpoint,EQ,12345,0,1,91,0xe4cb50a6,0x94d13729,normal,HIT,507,12345,17,53,53,30217,302,307,507,17,53,53,1,1,1,1,1,1,
nocheckpoint,bbht_grover_nocheckpoint,EQ,12345,0,1,92,0xa0882219,0x18f75d24,normal,HIT,507,12345,20,86,86,41488,414,419,507,20,86,86,1,1,1,1,1,1,
nocheckpoint,bbht_grover_nocheckpoint,EQ,12345,0,1,93,0xc435e6f2,0xf75a52bc,normal,HIT,507,12345,23,192,192,72790,727,732,507,23,192,192,1,1,1,1,1,1,
nocheckpoint,bbht_grover_nocheckpoint,EQ,12345,0,1,94,0x011b63f0,0x0aa34346,normal,HIT,507,12345,18,62,62,32532,325,331,507,18,62,62,1,1,1,1,1,1,
nocheckpoint,bbht_grover_nocheckpoint,EQ,12345,0,1,95,0x1b456e77,0xee460f94,normal,HIT,507,12345,20,75,75,38894,388,394,507,20,75,75,1,1,1,1,1,1,
nocheckpoint,bbht_grover_nocheckpoint,EQ,12345,0,1,96,0x10088608,0xef418331,normal,HIT,507,12345,24,183,183,70216,702,707,507,24,183,183,1,1,1,1,1,1,
nocheckpoint,bbht_grover_nocheckpoint,EQ,12345,0,1,97,0x6fcfc352,0xf8fa9f4c,normal,HIT,507,12345,21,102,102,46655,466,471,507,21,102,102,1,1,1,1,1,1,
nocheckpoint,bbht_grover_nocheckpoint,EQ,12345,0,1,98,0xfb6077af,0x713595a9,normal,HIT,507,12345,20,102,102,45401,454,459,507,20,102,102,1,1,1,1,1,1,
nocheckpoint,bbht_grover_nocheckpoint,EQ,12345,0,1,99,0xc6ebb72e,0x08fdf109,normal,HIT,507,12345,27,263,263,94300,943,949,507,27,263,263,1,1,1,1,1,1,
nocheckpoint,bbht_grover_nocheckpoint,EQ,12345,0,4,0,0x7b1dcdaf,0x24370df2,normal,HIT,8685,12345,21,119,119,51532,515,520,8685,21,119,119,1,1,1,1,1,1,
nocheckpoint,bbht_grover_nocheckpoint,EQ,12345,0,4,1,0x3a85a4dc,0xa3b9aa35,normal,HIT,8685,12345,23,132,132,56125,561,567,8685,23,132,132,1,1,1,1,1,1,
nocheckpoint,bbht_grover_nocheckpoint,EQ,12345,0,4,2,0x6162a8b2,0x871c276f,normal,HIT,2852,12345,19,89,89,41200,412,418,2852,19,89,89,1,1,1,1,1,1,
nocheckpoint,bbht_grover_nocheckpoint,EQ,12345,0,4,3,0xc3adc34e,0xf5b8f22b,normal,HIT,2852,12345,20,101,101,46241,462,467,2852,20,101,101,1,1,1,1,1,1,
nocheckpoint,bbht_grover_nocheckpoint,EQ,12345,0,4,4,0x2bb073ff,0x3f8396e3,normal,HIT,4724,12345,16,47,47,27408,274,279,4724,16,47,47,1,1,1,1,1,1,
nocheckpoint,bbht_grover_nocheckpoint,EQ,12345,0,4,5,0xda585ab3,0xa7197ad7,normal,HIT,2852,12345,20,72,72,37656,376,381,2852,20,72,72,1,1,1,1,1,1,
nocheckpoint,bbht_grover_nocheckpoint,EQ,12345,0,4,6,0x0ed109c0,0x5701ce52,normal,HIT,507,12345,9,14,14,11998,119,126,507,9,14,14,1,1,1,1,1,1,
nocheckpoint,bbht_grover_nocheckpoint,EQ,12345,0,4,7,0x102ecf73,0x53c7612b,normal,HIT,507,12345,21,112,112,48911,489,494,507,21,112,112,1,1,1,1,1,1,
nocheckpoint,bbht_grover_nocheckpoint,EQ,12345,0,4,8,0xcf29b6a1,0x35231a84,normal,HIT,2852,12345,15,40,40,25157,251,257,2852,15,40,40,1,1,1,1,1,1,
nocheckpoint,bbht_grover_nocheckpoint,EQ,12345,0,4,9,0xc49cbb42,0xd0a3bbb8,normal,HIT,2852,12345,23,94,94,47445,474,479,2852,23,94,94,1,1,1,1,1,1,
nocheckpoint,bbht_grover_nocheckpoint,EQ,12345,0,4,10,0x4cc51d23,0xee0e3ab4,normal,HIT,2852,12345,19,65,65,34597,345,351,2852,19,65,65,1,1,1,1,1,1,
nocheckpoint,bbht_grover_nocheckpoint,EQ,12345,0,4,11,0xf9e8aa7a,0x3208c31a,normal,HIT,4724,12345,15,41,41,24572,245,250,4724,15,41,41,1,1,1,1,1,1,
nocheckpoint,bbht_grover_nocheckpoint,EQ,12345,0,4,12,0xdda8b051,0xc8105c9d,normal,HIT,507,12345,18,42,42,27524,275,281,507,18,42,42,1,1,1,1,1,1,
nocheckpoint,bbht_grover_nocheckpoint,EQ,12345,0,4,13,0xabfb11bf,0xf5dec75e,normal,HIT,2852,12345,22,128,128,56368,563,570,2852,22,128,128,1,1,1,1,1,1,
nocheckpoint,bbht_grover_nocheckpoint,EQ,12345,0,4,14,0x20639811,0x6b6a7c47,normal,HIT,4724,12345,17,59,59,32723,327,333,4724,17,59,59,1,1,1,1,1,1,
nocheckpoint,bbht_grover_nocheckpoint,EQ,12345,0,4,15,0xac72acd2,0xca84bc6c,normal,HIT,8685,12345,21,85,85,42701,427,432,8685,21,85,85,1,1,1,1,1,1,
nocheckpoint,bbht_grover_nocheckpoint,EQ,12345,0,4,16,0x49a2da79,0xe1376725,normal,HIT,2852,12345,21,116,116,51112,511,516,2852,21,116,116,1,1,1,1,1,1,
nocheckpoint,bbht_grover_nocheckpoint,EQ,12345,0,4,17,0x63a4e9d7,0x6166dba4,normal,HIT,507,12345,24,121,121,54537,545,551,507,24,121,121,1,1,1,1,1,1,
nocheckpoint,bbht_grover_nocheckpoint,EQ,12345,0,4,18,0x8983f102,0x43fb6183,normal,HIT,8685,12345,22,116,116,51795,517,524,8685,22,116,116,1,1,1,1,1,1,
nocheckpoint,bbht_grover_nocheckpoint,EQ,12345,0,4,19,0xb671aa78,0xc97ad8a2,normal,HIT,507,12345,21,82,82,41707,417,423,507,21,82,82,1,1,1,1,1,1,
nocheckpoint,bbht_grover_nocheckpoint,EQ,12345,0,4,20,0xdaeb566a,0x989e5b3d,normal,HIT,507,12345,22,112,112,51645,516,522,507,22,112,112,1,1,1,1,1,1,
nocheckpoint,bbht_grover_nocheckpoint,EQ,12345,0,4,21,0xf6181c00,0xa345ac4b,normal,HIT,2852,12345,9,4,4,9913,99,105,2852,9,4,4,1,1,1,1,1,1,
nocheckpoint,bbht_grover_nocheckpoint,EQ,12345,0,4,22,0x4e18d852,0xa08980df,normal,HIT,507,12345,15,37,37,23412,234,239,507,15,37,37,1,1,1,1,1,1,
nocheckpoint,bbht_grover_nocheckpoint,EQ,12345,0,4,23,0xa035ceba,0x611de4c4,normal,HIT,8685,12345,12,21,21,18494,184,190,8685,12,21,21,1,1,1,1,1,1,
nocheckpoint,bbht_grover_nocheckpoint,EQ,12345,0,4,24,0xc2416ee4,0x7323f479,normal,HIT,8685,12345,9,14,14,11715,117,123,8685,9,14,14,1,1,1,1,1,1,
nocheckpoint,bbht_grover_nocheckpoint,EQ,12345,0,4,25,0xfbdafbdd,0xa0c0cf2f,normal,HIT,4724,12345,19,77,77,38381,383,390,4724,19,77,77,1,1,1,1,1,1,
nocheckpoint,bbht_grover_nocheckpoint,EQ,12345,0,4,26,0xa43fbf47,0x8de97b10,normal,HIT,2852,12345,21,83,83,40893,408,415,2852,21,83,83,1,1,1,1,1,1,
nocheckpoint,bbht_grover_nocheckpoint,EQ,12345,0,4,27,0x6811f7c1,0xcb07044a,normal,HIT,507,12345,19,77,77,38735,387,393,507,19,77,77,1,1,1,1,1,1,
nocheckpoint,bbht_grover_nocheckpoint,EQ,12345,0,4,28,0x610dde2c,0x8cf5deb9,normal,HIT,2852,12345,23,142,142,59163,591,597,2852,23,142,142,1,1,1,1,1,1,
nocheckpoint,bbht_grover_nocheckpoint,EQ,12345,0,4,29,0x82241b87,0xbbe27f39,normal,HIT,2852,12345,18,62,62,33200,332,338,2852,18,62,62,1,1,1,1,1,1,
nocheckpoint,bbht_grover_nocheckpoint,EQ,12345,0,4,30,0x48647490,0xea9551eb,normal,HIT,2852,12345,20,80,80,39108,391,396,2852,20,80,80,1,1,1,1,1,1,
nocheckpoint,bbht_grover_nocheckpoint,EQ,12345,0,4,31,0x63df3b7f,0xa8b057e1,normal,HIT,4724,12345,10,14,14,13693,136,141,4724,10,14,14,1,1,1,1,1,1,
nocheckpoint,bbht_grover_nocheckpoint,EQ,12345,0,4,32,0x433125bb,0x3221fef0,normal,HIT,4724,12345,21,70,70,37759,377,384,4724,21,70,70,1,1,1,1,1,1,
nocheckpoint,bbht_grover_nocheckpoint,EQ,12345,0,4,33,0x7943be40,0x6641ee79,normal,HIT,8685,12345,20,98,98,43843,438,443,8685,20,98,98,1,1,1,1,1,1,
nocheckpoint,bbht_grover_nocheckpoint,EQ,12345,0,4,34,0x26c93252,0x675d2908,normal,HIT,8685,12345,11,17,17,14957,149,154,8685,11,17,17,1,1,1,1,1,1,
nocheckpoint,bbht_grover_nocheckpoint,EQ,12345,0,4,35,0xdbe3ed49,0xa7cfea56,normal,HIT,8685,12345,18,73,73,37164,371,377,8685,18,73,73,1,1,1,1,1,1,
nocheckpoint,bbht_grover_nocheckpoint,EQ,12345,0,4,36,0xc2ec9bb4,0xbfc0ae9e,normal,HIT,4724,12345,17,47,47,29175,291,296,4724,17,47,47,1,1,1,1,1,1,
nocheckpoint,bbht_grover_nocheckpoint,EQ,12345,0,4,37,0xe7ec8559,0x307064ac,normal,HIT,507,12345,20,85,85,41114,411,416,507,20,85,85,1,1,1,1,1,1,
nocheckpoint,bbht_grover_nocheckpoint,EQ,12345,0,4,38,0xccb88b54,0x2cf00158,normal,HIT,8685,12345,16,54,54,29794,297,303,8685,16,54,54,1,1,1,1,1,1,
nocheckpoint,bbht_grover_nocheckpoint,EQ,12345,0,4,39,0xb512e6a4,0x2b9e708c,normal,HIT,4724,12345,18,71,71,36130,361,366,4724,18,71,71,1,1,1,1,1,1,
nocheckpoint,bbht_grover_nocheckpoint,EQ,12345,0,4,40,0x7e2c3d82,0xa69fb195,normal,HIT,507,12345,18,48,48,29467,294,299,507,18,48,48,1,1,1,1,1,1,
nocheckpoint,bbht_grover_nocheckpoint,EQ,12345,0,4,41,0x58b3e5ad,0x23a21253,normal,HIT,2852,12345,12,14,14,14902,149,154,2852,12,14,14,1,1,1,1,1,1,
nocheckpoint,bbht_grover_nocheckpoint,EQ,12345,0,4,42,0x9a07c40b,0x3ea78d8c,normal,HIT,2852,12345,15,34,34,23318,233,238,2852,15,34,34,1,1,1,1,1,1,
nocheckpoint,bbht_grover_nocheckpoint,EQ,12345,0,4,43,0xf1f9a54b,0x7b00db61,normal,HIT,4724,12345,19,98,98,44191,441,446,4724,19,98,98,1,1,1,1,1,1,
nocheckpoint,bbht_grover_nocheckpoint,EQ,12345,0,4,44,0xfba6212d,0xb8b8356a,normal,HIT,2852,12345,21,123,123,51650,516,522,2852,21,123,123,1,1,1,1,1,1,
nocheckpoint,bbht_grover_nocheckpoint,EQ,12345,0,4,45,0x1ca60615,0xd753b84a,normal,HIT,2852,12345,20,102,102,45121,451,456,2852,20,102,102,1,1,1,1,1,1,
nocheckpoint,bbht_grover_nocheckpoint,EQ,12345,0,4,46,0xa085c93e,0x19b8504d,normal,HIT,507,12345,18,68,68,35919,359,364,507,18,68,68,1,1,1,1,1,1,
nocheckpoint,bbht_grover_nocheckpoint,EQ,12345,0,4,47,0x18190603,0xad0438b2,normal,HIT,8685,12345,19,76,76,37876,378,384,8685,19,76,76,1,1,1,1,1,1,
nocheckpoint,bbht_grover_nocheckpoint,EQ,12345,0,4,48,0xc1143c78,0xbbdab3cd,normal,HIT,2852,12345,22,95,95,46865,468,473,2852,22,95,95,1,1,1,1,1,1,
nocheckpoint,bbht_grover_nocheckpoint,EQ,12345,0,4,49,0x332063fc,0x222ba57c,normal,HIT,507,12345,16,44,44,27803,278,284,507,16,44,44,1,1,1,1,1,1,
nocheckpoint,bbht_grover_nocheckpoint,EQ,12345,0,4,50,0xd6f4066b,0xab9eb714,normal,HIT,8685,12345,12,9,9,12983,129,135,8685,12,9,9,1,1,1,1,1,1,
nocheckpoint,bbht_grover_nocheckpoint,EQ,12345,0,4,51,0x64b9628c,0x9cd8b518,normal,HIT,4724,12345,21,111,111,48340,483,489,4724,21,111,111,1,1,1,1,1,1,
nocheckpoint,bbht_grover_nocheckpoint,EQ,12345,0,4,52,0x894e6771,0x8a255c2e,normal,HIT,2852,12345,18,73,73,37552,375,379,2852,18,73,73,1,1,1,1,1,1,
nocheckpoint,bbht_grover_nocheckpoint,EQ,12345,0,4,53,0xe3e668e8,0xff1f20c3,normal,HIT,4724,12345,20,77,77,39787,397,404,4724,20,77,77,1,1,1,1,1,1,
nocheckpoint,bbht_grover_nocheckpoint,EQ,12345,0,4,54,0x36980406,0xfbdbfa61,normal,HIT,2852,12345,24,217,217,80829,808,812,2852,24,217,217,1,1,1,1,1,1,
nocheckpoint,bbht_grover_nocheckpoint,EQ,12345,0,4,55,0x114d2b4a,0xa617ad4e,normal,HIT,507,12345,23,124,124,54306,543,548,507,23,124,124,1,1,1,1,1,1,
nocheckpoint,bbht_grover_nocheckpoint,EQ,12345,0,4,56,0x3b8907e1,0x0c6cbd10,normal,HIT,8685,12345,19,59,59,33715,337,342,8685,19,59,59,1,1,1,1,1,1,
nocheckpoint,bbht_grover_nocheckpoint,EQ,12345,0,4,57,0x2cd09c1d,0x964fb1a7,normal,HIT,4724,12345,22,166,166,63859,638,644,4724,22,166,166,1,1,1,1,1,1,
nocheckpoint,bbht_grover_nocheckpoint,EQ,12345,0,4,58,0x6d7a8604,0xbd6f99c6,normal,HIT,507,12345,21,97,97,46391,463,469,507,21,97,97,1,1,1,1,1,1,
nocheckpoint,bbht_grover_nocheckpoint,EQ,12345,0,4,59,0x1fadaf42,0x60010aa3,normal,HIT,2852,12345,20,86,86,42603,426,431,2852,20,86,86,1,1,1,1,1,1,
nocheckpoint,bbht_grover_nocheckpoint,EQ,12345,0,4,60,0x92fe7cfd,0xb54e2773,normal,HIT,507,12345,18,84,84,39172,391,397,507,18,84,84,1,1,1,1,1,1,
nocheckpoint,bbht_grover_nocheckpoint,EQ,12345,0,4,61,0x1aecb060,0x9c545eba,normal,HIT,507,12345,22,123,123,54966,549,555,507,22,123,123,1,1,1,1,1,1,
nocheckpoint,bbht_grover_nocheckpoint,EQ,12345,0,4,62,0x91778cc3,0xbd1d1bc0,normal,HIT,2852,12345,23,153,153,62603,626,631,2852,23,153,153,1,1,1,1,1,1,
nocheckpoint,bbht_grover_nocheckpoint,EQ,12345,0,4,63,0xe6b7e7eb,0xd542988e,normal,HIT,2852,12345,18,54,54,32128,321,327,2852,18,54,54,1,1,1,1,1,1,
nocheckpoint,bbht_grover_nocheckpoint,EQ,12345,0,4,64,0x6770144c,0xd2d3c6e7,normal,HIT,507,12345,19,64,64,33848,338,344,507,19,64,64,1,1,1,1,1,1,
nocheckpoint,bbht_grover_nocheckpoint,EQ,12345,0,4,65,0xc600a248,0x0a1e0844,normal,HIT,8685,12345,23,131,131,56199,561,567,8685,23,131,131,1,1,1,1,1,1,
nocheckpoint,bbht_grover_nocheckpoint,EQ,12345,0,4,66,0x1ea4f830,0x2ef0f28e,normal,HIT,4724,12345,25,172,172,68518,685,689,4724,25,172,172,1,1,1,1,1,1,
nocheckpoint,bbht_grover_nocheckpoint,EQ,12345,0,4,67,0x639604f3,0x7fe04f83,normal,HIT,8685,12345,16,30,30,22753,227,233,8685,16,30,30,1,1,1,1,1,1,
nocheckpoint,bbht_grover_nocheckpoint,EQ,12345,0,4,68,0x6e084a84,0xb643b17e,normal,HIT,2852,12345,21,81,81,41739,417,423,2852,21,81,81,1,1,1,1,1,1,
nocheckpoint,bbht_grover_nocheckpoint,EQ,12345,0,4,69,0x3d7fc476,0x467d7a44,normal,HIT,8685,12345,22,106,106,48514,485,490,8685,22,106,106,1,1,1,1,1,1,
nocheckpoint,bbht_grover_nocheckpoint,EQ,12345,0,4,70,0xedca3875,0xefade11e,normal,HIT,2852,12345,23,119,119,52691,526,531,2852,23,119,119,1,1,1,1,1,1,
nocheckpoint,bbht_grover_nocheckpoint,EQ,12345,0,4,71,0xb883121d,0x095c678c,normal,HIT,2852,12345,22,124,124,54352,543,549,2852,22,124,124,1,1,1,1,1,1,
nocheckpoint,bbht_grover_nocheckpoint,EQ,12345,0,4,72,0xace22797,0xbc422a9a,normal,HIT,507,12345,12,15,15,14593,145,151,507,12,15,15,1,1,1,1,1,1,
nocheckpoint,bbht_grover_nocheckpoint,EQ,12345,0,4,73,0xefd3172d,0x8c2c3233,normal,HIT,2852,12345,20,66,66,36562,365,371,2852,20,66,66,1,1,1,1,1,1,
nocheckpoint,bbht_grover_nocheckpoint,EQ,12345,0,4,74,0xe6aacdb5,0x7f1c158a,normal,HIT,507,12345,21,145,145,57423,574,579,507,21,145,145,1,1,1,1,1,1,
nocheckpoint,bbht_grover_nocheckpoint,EQ,12345,0,4,75,0x6566c598,0xca804b00,normal,HIT,2852,12345,9,9,9,11331,113,118,2852,9,9,9,1,1,1,1,1,1,
nocheckpoint,bbht_grover_nocheckpoint,EQ,12345,0,4,76,0x4e646d9d,0xcbae5ac0,normal,HIT,2852,12345,16,47,47,26982,269,276,2852,16,47,47,1,1,1,1,1,1,
nocheckpoint,bbht_grover_nocheckpoint,EQ,12345,0,4,77,0x05d81d6f,0x260c4013,normal,HIT,507,12345,18,67,67,33621,336,342,507,18,67,67,1,1,1,1,1,1,
nocheckpoint,bbht_grover_nocheckpoint,EQ,12345,0,4,78,0x2018f6a3,0x5728c7f4,normal,HIT,4724,12345,25,177,177,70754,707,713,4724,25,177,177,1,1,1,1,1,1,
nocheckpoint,bbht_grover_nocheckpoint,EQ,12345,0,4,79,0x718ebf0c,0x4d7d460c,normal,HIT,2852,12345,22,90,90,45097,450,455,2852,22,90,90,1,1,1,1,1,1,
nocheckpoint,bbht_grover_nocheckpoint,EQ,12345,0,4,80,0x042a8f17,0x2093b3f4,normal,HIT,8685,12345,24,175,175,68973,689,694,8685,24,175,175,1,1,1,1,1,1,
nocheckpoint,bbht_grover_nocheckpoint,EQ,12345,0,4,81,0xfc1c775d,0x35bd20f1,normal,HIT,8685,12345,9,12,12,11534,115,121,8685,9,12,12,1,1,1,1,1,1,
nocheckpoint,bbht_grover_nocheckpoint,EQ,12345,0,4,82,0x16b93b63,0x7d609ba5,normal,HIT,8685,12345,12,18,18,16708,167,173,8685,12,18,18,1,1,1,1,1,1,
nocheckpoint,bbht_grover_nocheckpoint,EQ,12345,0,4,83,0x8ce1028e,0xb152e7ef,normal,HIT,8685,12345,14,23,23,19755,197,203,8685,14,23,23,1,1,1,1,1,1,
nocheckpoint,bbht_grover_nocheckpoint,EQ,12345,0,4,84,0x87bad980,0x7dbefa97,normal,HIT,4724,12345,21,132,132,55275,552,559,4724,21,132,132,1,1,1,1,1,1,
nocheckpoint,bbht_grover_nocheckpoint,EQ,12345,0,4,85,0xd63d86f3,0xf5399cca,normal,HIT,4724,12345,20,91,91,42903,429,434,4724,20,91,91,1,1,1,1,1,1,
nocheckpoint,bbht_grover_nocheckpoint,EQ,12345,0,4,86,0xeeaba102,0x01560fc0,normal,HIT,8685,12345,21,91,91,44076,440,446,8685,21,91,91,1,1,1,1,1,1,
nocheckpoint,bbht_grover_nocheckpoint,EQ,12345,0,4,87,0xc1fee4bb,0xc7e12d58,normal,HIT,4724,12345,19,89,89,41407,414,419,4724,19,89,89,1,1,1,1,1,1,
nocheckpoint,bbht_grover_nocheckpoint,EQ,12345,0,4,88,0x0707c9da,0xf644a3f9,normal,HIT,8685,12345,16,48,48,27494,274,280,8685,16,48,48,1,1,1,1,1,1,
nocheckpoint,bbht_grover_nocheckpoint,EQ,12345,0,4,89,0xde0d9c30,0x58a2ee8f,normal,HIT,507,12345,16,41,41,26363,263,269,507,16,41,41,1,1,1,1,1,1,
nocheckpoint,bbht_grover_nocheckpoint,EQ,12345,0,4,90,0x7cd0efc7,0x9f385cfb,normal,HIT,8685,12345,18,54,54,31582,315,321,8685,18,54,54,1,1,1,1,1,1,
nocheckpoint,bbht_grover_nocheckpoint,EQ,12345,0,4,91,0xe4cb50a6,0x94d13729,normal,HIT,507,12345,17,53,53,30173,301,307,507,17,53,53,1,1,1,1,1,1,
nocheckpoint,bbht_grover_nocheckpoint,EQ,12345,0,4,92,0xa0882219,0x18f75d24,normal,HIT,2852,12345,11,13,13,14010,140,144,2852,11,13,13,1,1,1,1,1,1,
nocheckpoint,bbht_grover_nocheckpoint,EQ,12345,0,4,93,0xc435e6f2,0xf75a52bc,normal,HIT,8685,12345,20,96,96,44829,448,453,8685,20,96,96,1,1,1,1,1,1,
nocheckpoint,bbht_grover_nocheckpoint,EQ,12345,0,4,94,0x011b63f0,0x0aa34346,normal,HIT,4724,12345,19,71,71,36219,362,367,4724,19,71,71,1,1,1,1,1,1,
nocheckpoint,bbht_grover_nocheckpoint,EQ,12345,0,4,95,0x1b456e77,0xee460f94,normal,HIT,8685,12345,17,47,47,28651,286,291,8685,17,47,47,1,1,1,1,1,1,
nocheckpoint,bbht_grover_nocheckpoint,EQ,12345,0,4,96,0x10088608,0xef418331,normal,HIT,8685,12345,19,74,74,36764,367,372,8685,19,74,74,1,1,1,1,1,1,
nocheckpoint,bbht_grover_nocheckpoint,EQ,12345,0,4,97,0x6fcfc352,0xf8fa9f4c,normal,HIT,2852,12345,22,124,124,53511,535,539,2852,22,124,124,1,1,1,1,1,1,
nocheckpoint,bbht_grover_nocheckpoint,EQ,12345,0,4,98,0xfb6077af,0x713595a9,normal,HIT,8685,12345,20,102,102,45621,456,462,8685,20,102,102,1,1,1,1,1,1,
nocheckpoint,bbht_grover_nocheckpoint,EQ,12345,0,4,99,0xc6ebb72e,0x08fdf109,normal,HIT,8685,12345,16,42,42,26172,261,266,8685,16,42,42,1,1,1,1,1,1,
nocheckpoint,bbht_grover_nocheckpoint,EQ,12345,0,16,0,0x7b1dcdaf,0x24370df2,normal,HIT,4512,12345,11,15,15,14649,146,151,4512,11,15,15,1,1,1,1,1,1,
nocheckpoint,bbht_grover_nocheckpoint,EQ,12345,0,16,1,0x3a85a4dc,0xa3b9aa35,normal,HIT,507,12345,15,23,23,19604,196,201,507,15,23,23,1,1,1,1,1,1,
nocheckpoint,bbht_grover_nocheckpoint,EQ,12345,0,16,2,0x6162a8b2,0x871c276f,normal,HIT,10593,12345,17,56,56,30555,305,310,10593,17,56,56,1,1,1,1,1,1,
nocheckpoint,bbht_grover_nocheckpoint,EQ,12345,0,16,3,0xc3adc34e,0xf5b8f22b,normal,HIT,5281,12345,18,56,56,31904,319,325,5281,18,56,56,1,1,1,1,1,1,
nocheckpoint,bbht_grover_nocheckpoint,EQ,12345,0,16,4,0x2bb073ff,0x3f8396e3,normal,HIT,4512,12345,14,27,27,20291,202,207,4512,14,27,27,1,1,1,1,1,1,
nocheckpoint,bbht_grover_nocheckpoint,EQ,12345,0,16,5,0xda585ab3,0xa7197ad7,normal,HIT,10839,12345,15,18,18,18587,185,191,10839,15,18,18,1,1,1,1,1,1,
nocheckpoint,bbht_grover_nocheckpoint,EQ,12345,0,16,6,0x0ed109c0,0x5701ce52,normal,HIT,3947,12345,17,68,68,33451,334,339,3947,17,68,68,1,1,1,1,1,1,
nocheckpoint,bbht_grover_nocheckpoint,EQ,12345,0,16,7,0x102ecf73,0x53c7612b,normal,HIT,5281,12345,12,25,25,17325,173,177,5281,12,25,25,1,1,1,1,1,1,
nocheckpoint,bbht_grover_nocheckpoint,EQ,12345,0,16,8,0xcf29b6a1,0x35231a84,normal,HIT,2852,12345,14,32,32,22296,222,228,2852,14,32,32,1,1,1,1,1,1,
nocheckpoint,bbht_grover_nocheckpoint,EQ,12345,0,16,9,0xc49cbb42,0xd0a3bbb8,normal,HIT,3947,12345,12,20,20,17587,175,181,3947,12,20,20,1,1,1,1,1,1,
nocheckpoint,bbht_grover_nocheckpoint,EQ,12345,0,16,10,0x4cc51d23,0xee0e3ab4,normal,HIT,14405,12345,15,35,35,22907,229,234,14405,15,35,35,1,1,1,1,1,1,
nocheckpoint,bbht_grover_nocheckpoint,EQ,12345,0,16,11,0xf9e8aa7a,0x3208c31a,normal,HIT,1721,12345,17,57,57,30146,301,307,1721,17,57,57,1,1,1,1,1,1,
nocheckpoint,bbht_grover_nocheckpoint,EQ,12345,0,16,12,0xdda8b051,0xc8105c9d,normal,HIT,5281,12345,16,28,28,22267,222,228,5281,16,28,28,1,1,1,1,1,1,
nocheckpoint,bbht_grover_nocheckpoint,EQ,12345,0,16,13,0xabfb11bf,0xf5dec75e,normal,HIT,10593,12345,16,43,43,27771,277,283,10593,16,43,43,1,1,1,1,1,1,
nocheckpoint,bbht_grover_nocheckpoint,EQ,12345,0,16,14,0x20639811,0x6b6a7c47,normal,HIT,4724,12345,19,71,71,38024,380,384,4724,19,71,71,1,1,1,1,1,1,
nocheckpoint,bbht_grover_nocheckpoint,EQ,12345,0,16,15,0xac72acd2,0xca84bc6c,normal,HIT,14405,12345,21,85,85,42849,428,434,14405,21,85,85,1,1,1,1,1,1,
nocheckpoint,bbht_grover_nocheckpoint,EQ,12345,0,16,16,0x49a2da79,0xe1376725,normal,HIT,10931,12345,13,30,30,20436,204,209,10931,13,30,30,1,1,1,1,1,1,
nocheckpoint,bbht_grover_nocheckpoint,EQ,12345,0,16,17,0x63a4e9d7,0x6166dba4,normal,HIT,5281,12345,11,13,13,14066,140,146,5281,11,13,13,1,1,1,1,1,1,
nocheckpoint,bbht_grover_nocheckpoint,EQ,12345,0,16,18,0x8983f102,0x43fb6183,normal,HIT,5281,12345,14,27,27,20144,201,207,5281,14,27,27,1,1,1,1,1,1,
nocheckpoint,bbht_grover_nocheckpoint,EQ,12345,0,16,19,0xb671aa78,0xc97ad8a2,normal,HIT,10931,12345,21,82,82,42061,420,426,10931,21,82,82,1,1,1,1,1,1,
nocheckpoint,bbht_grover_nocheckpoint,EQ,12345,0,16,20,0xdaeb566a,0x989e5b3d,normal,HIT,10931,12345,17,58,58,32143,321,326,10931,17,58,58,1,1,1,1,1,1,
nocheckpoint,bbht_grover_nocheckpoint,EQ,12345,0,16,21,0xf6181c00,0xa345ac4b,normal,HIT,7786,12345,19,67,67,35802,358,362,7786,19,67,67,1,1,1,1,1,1,
nocheckpoint,bbht_grover_nocheckpoint,EQ,12345,0,16,22,0x4e18d852,0xa08980df,normal,HIT,491,12345,15,37,37,23379,233,239,491,15,37,37,1,1,1,1,1,1,
nocheckpoint,bbht_grover_nocheckpoint,EQ,12345,0,16,23,0xa035ceba,0x611de4c4,normal,HIT,8685,12345,12,21,21,18530,185,190,8685,12,21,21,1,1,1,1,1,1,
nocheckpoint,bbht_grover_nocheckpoint,EQ,12345,0,16,24,0xc2416ee4,0x7323f479,normal,HIT,7786,12345,16,47,47,27764,277,282,7786,16,47,47,1,1,1,1,1,1,
nocheckpoint,bbht_grover_nocheckpoint,EQ,12345,0,16,25,0xfbdafbdd,0xa0c0cf2f,normal,HIT,491,12345,9,6,6,9400,94,99,491,9,6,6,1,1,1,1,1,1,
nocheckpoint,bbht_grover_nocheckpoint,EQ,12345,0,16,26,0xa43fbf47,0x8de97b10,normal,HIT,4512,12345,15,29,29,20846,208,214,4512,15,29,29,1,1,1,1,1,1,
nocheckpoint,bbht_grover_nocheckpoint,EQ,12345,0,16,27,0x6811f7c1,0xcb07044a,normal,HIT,3947,12345,14,32,32,22001,220,225,3947,14,32,32,1,1,1,1,1,1,
nocheckpoint,bbht_grover_nocheckpoint,EQ,12345,0,16,28,0x610dde2c,0x8cf5deb9,normal,HIT,5281,12345,11,17,17,14736,147,153,5281,11,17,17,1,1,1,1,1,1,
nocheckpoint,bbht_grover_nocheckpoint,EQ,12345,0,16,29,0x82241b87,0xbbe27f39,normal,HIT,7786,12345,14,30,30,21422,214,219,7786,14,30,30,1,1,1,1,1,1,
nocheckpoint,bbht_grover_nocheckpoint,EQ,12345,0,16,30,0x48647490,0xea9551eb,normal,HIT,3947,12345,15,26,26,20431,204,209,3947,15,26,26,1,1,1,1,1,1,
nocheckpoint,bbht_grover_nocheckpoint,EQ,12345,0,16,31,0x63df3b7f,0xa8b057e1,normal,HIT,2852,12345,14,35,35,22752,227,233,2852,14,35,35,1,1,1,1,1,1,
nocheckpoint,bbht_grover_nocheckpoint,EQ,12345,0,16,32,0x433125bb,0x3221fef0,normal,HIT,5281,12345,21,70,70,38070,380,386,5281,21,70,70,1,1,1,1,1,1,
nocheckpoint,bbht_grover_nocheckpoint,EQ,12345,0,16,33,0x7943be40,0x6641ee79,normal,HIT,491,12345,13,23,23,17903,179,184,491,13,23,23,1,1,1,1,1,1,
nocheckpoint,bbht_grover_nocheckpoint,EQ,12345,0,16,34,0x26c93252,0x675d2908,normal,HIT,8685,12345,11,17,17,14960,149,154,8685,11,17,17,1,1,1,1,1,1,
nocheckpoint,bbht_grover_nocheckpoint,EQ,12345,0,16,35,0xdbe3ed49,0xa7cfea56,normal,HIT,10593,12345,15,30,30,22591,225,231,10593,15,30,30,1,1,1,1,1,1,
nocheckpoint,bbht_grover_nocheckpoint,EQ,12345,0,16,36,0xc2ec9bb4,0xbfc0ae9e,normal,HIT,10931,12345,7,5,5,8806,88,92,10931,7,5,5,1,1,1,1,1,1,
nocheckpoint,bbht_grover_nocheckpoint,EQ,12345,0,16,37,0xe7ec8559,0x307064ac,normal,HIT,491,12345,2,1,1,1826,18,23,491,2,1,1,1,1,1,1,1,1,
nocheckpoint,bbht_grover_nocheckpoint,EQ,12345,0,16,38,0xccb88b54,0x2cf00158,normal,HIT,15288,12345,15,40,40,25481,254,259,15288,15,40,40,1,1,1,1,1,1,
nocheckpoint,bbht_grover_nocheckpoint,EQ,12345,0,16,39,0xb512e6a4,0x2b9e708c,normal,HIT,15288,12345,18,71,71,36413,364,369,15288,18,71,71,1,1,1,1,1,1,
nocheckpoint,bbht_grover_nocheckpoint,EQ,12345,0,16,40,0x7e2c3d82,0xa69fb195,normal,HIT,507,12345,18,48,48,29511,295,300,507,18,48,48,1,1,1,1,1,1,
nocheckpoint,bbht_grover_nocheckpoint,EQ,12345,0,16,41,0x58b3e5ad,0x23a21253,normal,HIT,491,12345,14,29,29,20492,204,209,491,14,29,29,1,1,1,1,1,1,
nocheckpoint,bbht_grover_nocheckpoint,EQ,12345,0,16,42,0x9a07c40b,0x3ea78d8c,normal,HIT,4512,12345,17,57,57,31355,313,319,4512,17,57,57,1,1,1,1,1,1,
nocheckpoint,bbht_grover_nocheckpoint,EQ,12345,0,16,43,0xf1f9a54b,0x7b00db61,normal,HIT,10839,12345,8,6,6,8778,87,92,10839,8,6,6,1,1,1,1,1,1,
nocheckpoint,bbht_grover_nocheckpoint,EQ,12345,0,16,44,0xfba6212d,0xb8b8356a,normal,HIT,2852,12345,20,93,93,42606,426,430,2852,20,93,93,1,1,1,1,1,1,
nocheckpoint,bbht_grover_nocheckpoint,EQ,12345,0,16,45,0x1ca60615,0xd753b84a,normal,HIT,7786,12345,12,21,21,15945,159,165,7786,12,21,21,1,1,1,1,1,1,
nocheckpoint,bbht_grover_nocheckpoint,EQ,12345,0,16,46,0xa085c93e,0x19b8504d,normal,HIT,5281,12345,18,68,68,36029,360,366,5281,18,68,68,1,1,1,1,1,1,
nocheckpoint,bbht_grover_nocheckpoint,EQ,12345,0,16,47,0x18190603,0xad0438b2,normal,HIT,1801,12345,15,30,30,21883,218,224,1801,15,30,30,1,1,1,1,1,1,
nocheckpoint,bbht_grover_nocheckpoint,EQ,12345,0,16,48,0xc1143c78,0xbbdab3cd,normal,HIT,15288,12345,13,13,13,16684,166,171,15288,13,13,13,1,1,1,1,1,1,
nocheckpoint,bbht_grover_nocheckpoint,EQ,12345,0,16,49,0x332063fc,0x222ba57c,normal,HIT,15288,12345,16,44,44,28257,282,288,15288,16,44,44,1,1,1,1,1,1,
nocheckpoint,bbht_grover_nocheckpoint,EQ,12345,0,16,50,0xd6f4066b,0xab9eb714,normal,HIT,8685,12345,18,48,48,29080,290,296,8685,18,48,48,1,1,1,1,1,1,
nocheckpoint,bbht_grover_nocheckpoint,EQ,12345,0,16,51,0x64b9628c,0x9cd8b518,normal,HIT,10931,12345,16,43,43,26257,262,268,10931,16,43,43,1,1,1,1,1,1,
nocheckpoint,bbht_grover_nocheckpoint,EQ,12345,0,16,52,0x894e6771,0x8a255c2e,normal,HIT,10931,12345,16,43,43,27488,274,280,10931,16,43,43,1,1,1,1,1,1,
nocheckpoint,bbht_grover_nocheckpoint,EQ,12345,0,16,53,0xe3e668e8,0xff1f20c3,normal,HIT,1801,12345,17,33,33,25210,252,257,1801,17,33,33,1,1,1,1,1,1,
nocheckpoint,bbht_grover_nocheckpoint,EQ,12345,0,16,54,0x36980406,0xfbdbfa61,normal,HIT,5281,12345,22,121,121,53330,533,538,5281,22,121,121,1,1,1,1,1,1,
nocheckpoint,bbht_grover_nocheckpoint,EQ,12345,0,16,55,0x114d2b4a,0xa617ad4e,normal,HIT,10931,12345,16,33,33,24001,240,245,10931,16,33,33,1,1,1,1,1,1,
nocheckpoint,bbht_grover_nocheckpoint,EQ,12345,0,16,56,0x3b8907e1,0x0c6cbd10,normal,HIT,10931,12345,10,10,10,12349,123,129,10931,10,10,10,1,1,1,1,1,1,
nocheckpoint,bbht_grover_nocheckpoint,EQ,12345,0,16,57,0x2cd09c1d,0x964fb1a7,normal,HIT,7786,12345,17,61,61,31734,317,323,7786,17,61,61,1,1,1,1,1,1,
nocheckpoint,bbht_grover_nocheckpoint,EQ,12345,0,16,58,0x6d7a8604,0xbd6f99c6,normal,HIT,1721,12345,15,37,37,24792,247,253,1721,15,37,37,1,1,1,1,1,1,
nocheckpoint,bbht_grover_nocheckpoint,EQ,12345,0,16,59,0x1fadaf42,0x60010aa3,normal,HIT,7786,12345,16,49,49,28782,287,293,7786,16,49,49,1,1,1,1,1,1,
nocheckpoint,bbht_grover_nocheckpoint,EQ,12345,0,16,60,0x92fe7cfd,0xb54e2773,normal,HIT,7786,12345,18,84,84,39419,394,399,7786,18,84,84,1,1,1,1,1,1,
nocheckpoint,bbht_grover_nocheckpoint,EQ,12345,0,16,61,0x1aecb060,0x9c545eba,normal,HIT,14405,12345,21,83,83,43573,435,441,14405,21,83,83,1,1,1,1,1,1,
nocheckpoint,bbht_grover_nocheckpoint,EQ,12345,0,16,62,0x91778cc3,0xbd1d1bc0,normal,HIT,491,12345,19,77,77,38407,384,389,491,19,77,77,1,1,1,1,1,1,
nocheckpoint,bbht_grover_nocheckpoint,EQ,12345,0,16,63,0xe6b7e7eb,0xd542988e,normal,HIT,7786,12345,16,42,42,26989,269,276,7786,16,42,42,1,1,1,1,1,1,
nocheckpoint,bbht_grover_nocheckpoint,EQ,12345,0,16,64,0x6770144c,0xd2d3c6e7,normal,HIT,10931,12345,16,32,32,23078,230,236,10931,16,32,32,1,1,1,1,1,1,
nocheckpoint,bbht_grover_nocheckpoint,EQ,12345,0,16,65,0xc600a248,0x0a1e0844,normal,HIT,10839,12345,21,67,67,37085,370,375,10839,21,67,67,1,1,1,1,1,1,
nocheckpoint,bbht_grover_nocheckpoint,EQ,12345,0,16,66,0x1ea4f830,0x2ef0f28e,normal,HIT,491,12345,15,45,45,25304,253,259,491,15,45,45,1,1,1,1,1,1,
nocheckpoint,bbht_grover_nocheckpoint,EQ,12345,0,16,67,0x639604f3,0x7fe04f83,normal,HIT,8685,12345,16,30,30,22760,227,233,8685,16,30,30,1,1,1,1,1,1,
nocheckpoint,bbht_grover_nocheckpoint,EQ,12345,0,16,68,0x6e084a84,0xb643b17e,normal,HIT,3947,12345,21,81,81,41751,417,423,3947,21,81,81,1,1,1,1,1,1,
nocheckpoint,bbht_grover_nocheckpoint,EQ,12345,0,16,69,0x3d7fc476,0x467d7a44,normal,HIT,5281,12345,17,36,36,25404,254,260,5281,17,36,36,1,1,1,1,1,1,
nocheckpoint,bbht_grover_nocheckpoint,EQ,12345,0,16,70,0xedca3875,0xefade11e,normal,HIT,2852,12345,4,3,3,4278,42,49,2852,4,3,3,1,1,1,1,1,1,
nocheckpoint,bbht_grover_nocheckpoint,EQ,12345,0,16,71,0xb883121d,0x095c678c,normal,HIT,2852,12345,16,27,27,22707,227,232,2852,16,27,27,1,1,1,1,1,1,
nocheckpoint,bbht_grover_nocheckpoint,EQ,12345,0,16,72,0xace22797,0xbc422a9a,normal,HIT,491,12345,12,15,15,14567,145,151,491,12,15,15,1,1,1,1,1,1,
nocheckpoint,bbht_grover_nocheckpoint,EQ,12345,0,16,73,0xefd3172d,0x8c2c3233,normal,HIT,1721,12345,17,35,35,25805,258,263,1721,17,35,35,1,1,1,1,1,1,
nocheckpoint,bbht_grover_nocheckpoint,EQ,12345,0,16,74,0xe6aacdb5,0x7f1c158a,normal,HIT,10593,12345,10,15,15,13080,130,137,10593,10,15,15,1,1,1,1,1,1,
nocheckpoint,bbht_grover_nocheckpoint,EQ,12345,0,16,75,0x6566c598,0xca804b00,normal,HIT,15288,12345,14,31,31,21622,216,222,15288,14,31,31,1,1,1,1,1,1,
nocheckpoint,bbht_grover_nocheckpoint,EQ,12345,0,16,76,0x4e646d9d,0xcbae5ac0,normal,HIT,2852,12345,10,13,13,12245,122,127,2852,10,13,13,1,1,1,1,1,1,
nocheckpoint,bbht_grover_nocheckpoint,EQ,12345,0,16,77,0x05d81d6f,0x260c4013,normal,HIT,8685,12345,15,31,31,21375,213,218,8685,15,31,31,1,1,1,1,1,1,
nocheckpoint,bbht_grover_nocheckpoint,EQ,12345,0,16,78,0x2018f6a3,0x5728c7f4,normal,HIT,15288,12345,17,41,41,27700,277,282,15288,17,41,41,1,1,1,1,1,1,
nocheckpoint,bbht_grover_nocheckpoint,EQ,12345,0,16,79,0x718ebf0c,0x4d7d460c,normal,HIT,491,12345,16,43,43,26089,260,267,491,16,43,43,1,1,1,1,1,1,
nocheckpoint,bbht_grover_nocheckpoint,EQ,12345,0,16,80,0x042a8f17,0x2093b3f4,normal,HIT,491,12345,12,16,16,15279,152,157,491,12,16,16,1,1,1,1,1,1,
nocheckpoint,bbht_grover_nocheckpoint,EQ,12345,0,16,81,0xfc1c775d,0x35bd20f1,normal,HIT,8685,12345,9,12,12,11533,115,121,8685,9,12,12,1,1,1,1,1,1,
nocheckpoint,bbht_grover_nocheckpoint,EQ,12345,0,16,82,0x16b93b63,0x7d609ba5,normal,HIT,8685,12345,12,18,18,16699,166,172,8685,12,18,18,1,1,1,1,1,1,
nocheckpoint,bbht_grover_nocheckpoint,EQ,12345,0,16,83,0x8ce1028e,0xb152e7ef,normal,HIT,2852,12345,10,12,12,12897,128,134,2852,10,12,12,1,1,1,1,1,1,
nocheckpoint,bbht_grover_nocheckpoint,EQ,12345,0,16,84,0x87bad980,0x7dbefa97,normal,HIT,7786,12345,18,66,66,34638,346,351,7786,18,66,66,1,1,1,1,1,1,
nocheckpoint,bbht_grover_nocheckpoint,EQ,12345,0,16,85,0xd63d86f3,0xf5399cca,normal,HIT,2852,12345,18,44,44,28621,286,291,2852,18,44,44,1,1,1,1,1,1,
nocheckpoint,bbht_grover_nocheckpoint,EQ,12345,0,16,86,0xeeaba102,0x01560fc0,normal,HIT,7786,12345,15,36,36,23580,235,241,7786,15,36,36,1,1,1,1,1,1,
nocheckpoint,bbht_grover_nocheckpoint,EQ,12345,0,16,87,0xc1fee4bb,0xc7e12d58,normal,HIT,7786,12345,16,46,46,27094,270,276,7786,16,46,46,1,1,1,1,1,1,
nocheckpoint,bbht_grover_nocheckpoint,EQ,12345,0,16,88,0x0707c9da,0xf644a3f9,normal,HIT,10593,12345,16,48,48,27510,275,280,10593,16,48,48,1,1,1,1,1,1,
nocheckpoint,bbht_grover_nocheckpoint,EQ,12345,0,16,89,0xde0d9c30,0x58a2ee8f,normal,HIT,5281,12345,14,27,27,21030,210,216,5281,14,27,27,1,1,1,1,1,1,
nocheckpoint,bbht_grover_nocheckpoint,EQ,12345,0,16,90,0x7cd0efc7,0x9f385cfb,normal,HIT,5281,12345,18,54,54,31994,319,325,5281,18,54,54,1,1,1,1,1,1,
nocheckpoint,bbht_grover_nocheckpoint,EQ,12345,0,16,91,0xe4cb50a6,0x94d13729,normal,HIT,10931,12345,17,53,53,30487,304,310,10931,17,53,53,1,1,1,1,1,1,
nocheckpoint,bbht_grover_nocheckpoint,EQ,12345,0,16,92,0xa0882219,0x18f75d24,normal,HIT,507,12345,20,86,86,41449,414,420,507,20,86,86,1,1,1,1,1,1,
nocheckpoint,bbht_grover_nocheckpoint,EQ,12345,0,16,93,0xc435e6f2,0xf75a52bc,normal,HIT,5281,12345,15,45,45,26069,260,266,5281,15,45,45,1,1,1,1,1,1,
nocheckpoint,bbht_grover_nocheckpoint,EQ,12345,0,16,94,0x011b63f0,0x0aa34346,normal,HIT,1721,12345,17,40,40,25937,259,264,1721,17,40,40,1,1,1,1,1,1,
nocheckpoint,bbht_grover_nocheckpoint,EQ,12345,0,16,95,0x1b456e77,0xee460f94,normal,HIT,4724,12345,10,12,12,13024,130,135,4724,10,12,12,1,1,1,1,1,1,
nocheckpoint,bbht_grover_nocheckpoint,EQ,12345,0,16,96,0x10088608,0xef418331,normal,HIT,4724,12345,17,42,42,26459,264,269,4724,17,42,42,1,1,1,1,1,1,
nocheckpoint,bbht_grover_nocheckpoint,EQ,12345,0,16,97,0x6fcfc352,0xf8fa9f4c,normal,HIT,1801,12345,16,33,33,23405,234,239,1801,16,33,33,1,1,1,1,1,1,
nocheckpoint,bbht_grover_nocheckpoint,EQ,12345,0,16,98,0xfb6077af,0x713595a9,normal,HIT,1801,12345,13,20,20,17033,170,176,1801,13,20,20,1,1,1,1,1,1,
nocheckpoint,bbht_grover_nocheckpoint,EQ,12345,0,16,99,0xc6ebb72e,0x08fdf109,normal,HIT,15288,12345,21,101,101,46224,462,467,15288,21,101,101,1,1,1,1,1,1,
nocheckpoint,bbht_grover_nocheckpoint,EQ,12345,0,64,0,0x7b1dcdaf,0x24370df2,normal,HIT,2852,12345,6,4,4,6950,69,75,2852,6,4,4,1,1,1,1,1,1,
nocheckpoint,bbht_grover_nocheckpoint,EQ,12345,0,64,1,0x3a85a4dc,0xa3b9aa35,normal,HIT,8685,12345,13,14,14,15637,156,162,8685,13,14,14,1,1,1,1,1,1,
nocheckpoint,bbht_grover_nocheckpoint,EQ,12345,0,64,2,0x6162a8b2,0x871c276f,normal,HIT,8089,12345,7,3,3,7300,73,78,8089,7,3,3,1,1,1,1,1,1,
nocheckpoint,bbht_grover_nocheckpoint,EQ,12345,0,64,3,0xc3adc34e,0xf5b8f22b,normal,HIT,4876,12345,13,19,19,17606,176,181,4876,13,19,19,1,1,1,1,1,1,
nocheckpoint,bbht_grover_nocheckpoint,EQ,12345,0,64,4,0x2bb073ff,0x3f8396e3,normal,HIT,4720,12345,8,4,4,8883,88,93,4720,8,4,4,1,1,1,1,1,1,
nocheckpoint,bbht_grover_nocheckpoint,EQ,12345,0,64,5,0xda585ab3,0xa7197ad7,normal,HIT,4876,12345,18,40,40,27333,273,278,4876,18,40,40,1,1,1,1,1,1,
nocheckpoint,bbht_grover_nocheckpoint,EQ,12345,0,64,6,0x0ed109c0,0x5701ce52,normal,HIT,7786,12345,12,24,24,17401,174,179,7786,12,24,24,1,1,1,1,1,1,
nocheckpoint,bbht_grover_nocheckpoint,EQ,12345,0,64,7,0x102ecf73,0x53c7612b,normal,HIT,1801,12345,12,25,25,16851,168,173,1801,12,25,25,1,1,1,1,1,1,
nocheckpoint,bbht_grover_nocheckpoint,EQ,12345,0,64,8,0xcf29b6a1,0x35231a84,normal,HIT,3304,12345,11,13,13,14341,143,149,3304,11,13,13,1,1,1,1,1,1,
nocheckpoint,bbht_grover_nocheckpoint,EQ,12345,0,64,9,0xc49cbb42,0xd0a3bbb8,normal,HIT,12001,12345,1,0,0,1061,10,15,12001,1,0,0,1,1,1,1,1,1,
nocheckpoint,bbht_grover_nocheckpoint,EQ,12345,0,64,10,0x4cc51d23,0xee0e3ab4,normal,HIT,8685,12345,5,4,4,5656,56,62,8685,5,4,4,1,1,1,1,1,1,
nocheckpoint,bbht_grover_nocheckpoint,EQ,12345,0,64,11,0xf9e8aa7a,0x3208c31a,normal,HIT,682,12345,12,19,19,15882,158,163,682,12,19,19,1,1,1,1,1,1,
nocheckpoint,bbht_grover_nocheckpoint,EQ,12345,0,64,12,0xdda8b051,0xc8105c9d,normal,HIT,26,12345,14,20,20,18445,184,191,26,14,20,20,1,1,1,1,1,1,
nocheckpoint,bbht_grover_nocheckpoint,EQ,12345,0,64,13,0xabfb11bf,0xf5dec75e,normal,HIT,9302,12345,11,17,17,15773,157,163,9302,11,17,17,1,1,1,1,1,1,
nocheckpoint,bbht_grover_nocheckpoint,EQ,12345,0,64,14,0x20639811,0x6b6a7c47,normal,HIT,14567,12345,12,19,19,16955,169,174,14567,12,19,19,1,1,1,1,1,1,
nocheckpoint,bbht_grover_nocheckpoint,EQ,12345,0,64,15,0xac72acd2,0xca84bc6c,normal,HIT,7400,12345,10,7,7,11441,114,119,7400,10,7,7,1,1,1,1,1,1,
nocheckpoint,bbht_grover_nocheckpoint,EQ,12345,0,64,16,0x49a2da79,0xe1376725,normal,HIT,10839,12345,13,30,30,20344,203,210,10839,13,30,30,1,1,1,1,1,1,
nocheckpoint,bbht_grover_nocheckpoint,EQ,12345,0,64,17,0x63a4e9d7,0x6166dba4,normal,HIT,6247,12345,7,6,6,8459,84,89,6247,7,6,6,1,1,1,1,1,1,
nocheckpoint,bbht_grover_nocheckpoint,EQ,12345,0,64,18,0x8983f102,0x43fb6183,normal,HIT,14542,12345,9,8,8,10582,105,112,14542,9,8,8,1,1,1,1,1,1,
nocheckpoint,bbht_grover_nocheckpoint,EQ,12345,0,64,19,0xb671aa78,0xc97ad8a2,normal,HIT,4724,12345,11,16,16,15123,151,155,4724,11,16,16,1,1,1,1,1,1,
nocheckpoint,bbht_grover_nocheckpoint,EQ,12345,0,64,20,0xdaeb566a,0x989e5b3d,normal,HIT,14542,12345,13,20,20,17973,179,186,14542,13,20,20,1,1,1,1,1,1,
nocheckpoint,bbht_grover_nocheckpoint,EQ,12345,0,64,21,0xf6181c00,0xa345ac4b,normal,HIT,11647,12345,13,18,18,17200,172,178,11647,13,18,18,1,1,1,1,1,1,
nocheckpoint,bbht_grover_nocheckpoint,EQ,12345,0,64,22,0x4e18d852,0xa08980df,normal,HIT,4724,12345,8,6,6,8482,84,89,4724,8,6,6,1,1,1,1,1,1,
nocheckpoint,bbht_grover_nocheckpoint,EQ,12345,0,64,23,0xa035ceba,0x611de4c4,normal,HIT,16090,12345,10,13,13,14191,141,147,16090,10,13,13,1,1,1,1,1,1,
nocheckpoint,bbht_grover_nocheckpoint,EQ,12345,0,64,24,0xc2416ee4,0x7323f479,normal,HIT,2888,12345,3,2,2,2999,29,36,2888,3,2,2,1,1,1,1,1,1,
nocheckpoint,bbht_grover_nocheckpoint,EQ,12345,0,64,25,0xfbdafbdd,0xa0c0cf2f,normal,HIT,3073,12345,6,3,3,6034,60,66,3073,6,3,3,1,1,1,1,1,1,
nocheckpoint,bbht_grover_nocheckpoint,EQ,12345,0,64,26,0xa43fbf47,0x8de97b10,normal,HIT,8225,12345,12,13,13,14183,141,147,8225,12,13,13,1,1,1,1,1,1,
nocheckpoint,bbht_grover_nocheckpoint,EQ,12345,0,64,27,0x6811f7c1,0xcb07044a,normal,HIT,173,12345,10,11,11,12724,127,132,173,10,11,11,1,1,1,1,1,1,
nocheckpoint,bbht_grover_nocheckpoint,EQ,12345,0,64,28,0x610dde2c,0x8cf5deb9,normal,HIT,10593,12345,10,14,14,13079,130,136,10593,10,14,14,1,1,1,1,1,1,
nocheckpoint,bbht_grover_nocheckpoint,EQ,12345,0,64,29,0x82241b87,0xbbe27f39,normal,HIT,14542,12345,7,6,6,8861,88,93,14542,7,6,6,1,1,1,1,1,1,
nocheckpoint,bbht_grover_nocheckpoint,EQ,12345,0,64,30,0x48647490,0xea9551eb,normal,HIT,3903,12345,11,11,11,12873,128,133,3903,11,11,11,1,1,1,1,1,1,
nocheckpoint,bbht_grover_nocheckpoint,EQ,12345,0,64,31,0x63df3b7f,0xa8b057e1,normal,HIT,160,12345,11,19,19,15659,156,162,160,11,19,19,1,1,1,1,1,1,
nocheckpoint,bbht_grover_nocheckpoint,EQ,12345,0,64,32,0x433125bb,0x3221fef0,normal,HIT,4720,12345,2,1,1,2276,22,28,4720,2,1,1,1,1,1,1,1,1,
nocheckpoint,bbht_grover_nocheckpoint,EQ,12345,0,64,33,0x7943be40,0x6641ee79,normal,HIT,160,12345,4,1,1,4007,40,45,160,4,1,1,1,1,1,1,1,1,
nocheckpoint,bbht_grover_nocheckpoint,EQ,12345,0,64,34,0x26c93252,0x675d2908,normal,HIT,6247,12345,10,13,13,13303,133,138,6247,10,13,13,1,1,1,1,1,1,
nocheckpoint,bbht_grover_nocheckpoint,EQ,12345,0,64,35,0xdbe3ed49,0xa7cfea56,normal,HIT,7400,12345,13,18,18,17270,172,178,7400,13,18,18,1,1,1,1,1,1,
nocheckpoint,bbht_grover_nocheckpoint,EQ,12345,0,64,36,0xc2ec9bb4,0xbfc0ae9e,normal,HIT,5531,12345,14,23,23,20077,200,206,5531,14,23,23,1,1,1,1,1,1,
nocheckpoint,bbht_grover_nocheckpoint,EQ,12345,0,64,37,0xe7ec8559,0x307064ac,normal,HIT,8225,12345,16,28,28,22482,224,230,8225,16,28,28,1,1,1,1,1,1,
nocheckpoint,bbht_grover_nocheckpoint,EQ,12345,0,64,38,0xccb88b54,0x2cf00158,normal,HIT,10931,12345,10,17,17,14741,147,153,10931,10,17,17,1,1,1,1,1,1,
nocheckpoint,bbht_grover_nocheckpoint,EQ,12345,0,64,39,0xb512e6a4,0x2b9e708c,normal,HIT,2888,12345,11,13,13,14174,141,146,2888,11,13,13,1,1,1,1,1,1,
nocheckpoint,bbht_grover_nocheckpoint,EQ,12345,0,64,40,0x7e2c3d82,0xa69fb195,normal,HIT,11272,12345,10,9,9,11839,118,124,11272,10,9,9,1,1,1,1,1,1,
nocheckpoint,bbht_grover_nocheckpoint,EQ,12345,0,64,41,0x58b3e5ad,0x23a21253,normal,HIT,4512,12345,6,5,5,6705,67,71,4512,6,5,5,1,1,1,1,1,1,
nocheckpoint,bbht_grover_nocheckpoint,EQ,12345,0,64,42,0x9a07c40b,0x3ea78d8c,normal,HIT,507,12345,10,8,8,11593,115,121,507,10,8,8,1,1,1,1,1,1,
nocheckpoint,bbht_grover_nocheckpoint,EQ,12345,0,64,43,0xf1f9a54b,0x7b00db61,normal,HIT,11272,12345,10,12,12,12491,124,131,11272,10,12,12,1,1,1,1,1,1,
nocheckpoint,bbht_grover_nocheckpoint,EQ,12345,0,64,44,0xfba6212d,0xb8b8356a,normal,HIT,7400,12345,11,8,8,12178,121,127,7400,11,8,8,1,1,1,1,1,1,
nocheckpoint,bbht_grover_nocheckpoint,EQ,12345,0,64,45,0x1ca60615,0xd753b84a,normal,HIT,7786,12345,11,14,14,13187,131,137,7786,11,14,14,1,1,1,1,1,1,
nocheckpoint,bbht_grover_nocheckpoint,EQ,12345,0,64,46,0xa085c93e,0x19b8504d,normal,HIT,6247,12345,9,10,10,11511,115,121,6247,9,10,10,1,1,1,1,1,1,
nocheckpoint,bbht_grover_nocheckpoint,EQ,12345,0,64,47,0x18190603,0xad0438b2,normal,HIT,5200,12345,15,30,30,22018,220,225,5200,15,30,30,1,1,1,1,1,1,
nocheckpoint,bbht_grover_nocheckpoint,EQ,12345,0,64,48,0xc1143c78,0xbbdab3cd,normal,HIT,15288,12345,13,13,13,16651,166,171,15288,13,13,13,1,1,1,1,1,1,
nocheckpoint,bbht_grover_nocheckpoint,EQ,12345,0,64,49,0x332063fc,0x222ba57c,normal,HIT,10234,12345,11,11,11,14229,142,147,10234,11,11,11,1,1,1,1,1,1,
nocheckpoint,bbht_grover_nocheckpoint,EQ,12345,0,64,50,0xd6f4066b,0xab9eb714,normal,HIT,1038,12345,16,32,32,22741,227,233,1038,16,32,32,1,1,1,1,1,1,
nocheckpoint,bbht_grover_nocheckpoint,EQ,12345,0,64,51,0x64b9628c,0x9cd8b518,normal,HIT,14405,12345,8,10,10,9902,99,104,14405,8,10,10,1,1,1,1,1,1,
nocheckpoint,bbht_grover_nocheckpoint,EQ,12345,0,64,52,0x894e6771,0x8a255c2e,normal,HIT,16090,12345,16,43,43,27744,277,282,16090,16,43,43,1,1,1,1,1,1,
nocheckpoint,bbht_grover_nocheckpoint,EQ,12345,0,64,53,0xe3e668e8,0xff1f20c3,normal,HIT,15469,12345,13,21,21,18139,181,187,15469,13,21,21,1,1,1,1,1,1,
nocheckpoint,bbht_grover_nocheckpoint,EQ,12345,0,64,54,0x36980406,0xfbdbfa61,normal,HIT,14405,12345,9,13,13,12215,122,127,14405,9,13,13,1,1,1,1,1,1,
nocheckpoint,bbht_grover_nocheckpoint,EQ,12345,0,64,55,0x114d2b4a,0xa617ad4e,normal,HIT,11647,12345,2,1,1,2476,24,29,11647,2,1,1,1,1,1,1,1,1,
nocheckpoint,bbht_grover_nocheckpoint,EQ,12345,0,64,56,0x3b8907e1,0x0c6cbd10,normal,HIT,7786,12345,7,4,4,7817,78,83,7786,7,4,4,1,1,1,1,1,1,
nocheckpoint,bbht_grover_nocheckpoint,EQ,12345,0,64,57,0x2cd09c1d,0x964fb1a7,normal,HIT,3876,12345,12,15,15,14890,148,154,3876,12,15,15,1,1,1,1,1,1,
nocheckpoint,bbht_grover_nocheckpoint,EQ,12345,0,64,58,0x6d7a8604,0xbd6f99c6,normal,HIT,8225,12345,5,4,4,6018,60,66,8225,5,4,4,1,1,1,1,1,1,
nocheckpoint,bbht_grover_nocheckpoint,EQ,12345,0,64,59,0x1fadaf42,0x60010aa3,normal,HIT,8225,12345,11,14,14,14830,148,154,8225,11,14,14,1,1,1,1,1,1,
nocheckpoint,bbht_grover_nocheckpoint,EQ,12345,0,64,60,0x92fe7cfd,0xb54e2773,normal,HIT,3903,12345,2,1,1,2035,20,26,3903,2,1,1,1,1,1,1,1,1,
nocheckpoint,bbht_grover_nocheckpoint,EQ,12345,0,64,61,0x1aecb060,0x9c545eba,normal,HIT,13012,12345,10,13,13,13750,137,143,13012,10,13,13,1,1,1,1,1,1,
nocheckpoint,bbht_grover_nocheckpoint,EQ,12345,0,64,62,0x91778cc3,0xbd1d1bc0,normal,HIT,15288,12345,5,4,4,6226,62,67,15288,5,4,4,1,1,1,1,1,1,
nocheckpoint,bbht_grover_nocheckpoint,EQ,12345,0,64,63,0xe6b7e7eb,0xd542988e,normal,HIT,14567,12345,10,11,11,12092,120,125,14567,10,11,11,1,1,1,1,1,1,
nocheckpoint,bbht_grover_nocheckpoint,EQ,12345,0,64,64,0x6770144c,0xd2d3c6e7,normal,HIT,1801,12345,10,10,10,12065,120,125,1801,10,10,10,1,1,1,1,1,1,
nocheckpoint,bbht_grover_nocheckpoint,EQ,12345,0,64,65,0xc600a248,0x0a1e0844,normal,HIT,26,12345,15,28,28,21242,212,217,26,15,28,28,1,1,1,1,1,1,
nocheckpoint,bbht_grover_nocheckpoint,EQ,12345,0,64,66,0x1ea4f830,0x2ef0f28e,normal,HIT,9302,12345,13,26,26,18558,185,190,9302,13,26,26,1,1,1,1,1,1,
nocheckpoint,bbht_grover_nocheckpoint,EQ,12345,0,64,67,0x639604f3,0x7fe04f83,normal,HIT,682,12345,11,15,15,14070,140,146,682,11,15,15,1,1,1,1,1,1,
nocheckpoint,bbht_grover_nocheckpoint,EQ,12345,0,64,68,0x6e084a84,0xb643b17e,normal,HIT,1825,12345,12,24,24,17933,179,184,1825,12,24,24,1,1,1,1,1,1,
nocheckpoint,bbht_grover_nocheckpoint,EQ,12345,0,64,69,0x3d7fc476,0x467d7a44,normal,HIT,8225,12345,15,23,23,20252,202,207,8225,15,23,23,1,1,1,1,1,1,
nocheckpoint,bbht_grover_nocheckpoint,EQ,12345,0,64,70,0xedca3875,0xefade11e,normal,HIT,5531,12345,15,40,40,24318,243,248,5531,15,40,40,1,1,1,1,1,1,
nocheckpoint,bbht_grover_nocheckpoint,EQ,12345,0,64,71,0xb883121d,0x095c678c,normal,HIT,2852,12345,16,27,27,22645,226,232,2852,16,27,27,1,1,1,1,1,1,
nocheckpoint,bbht_grover_nocheckpoint,EQ,12345,0,64,72,0xace22797,0xbc422a9a,normal,HIT,13048,12345,13,20,20,16956,169,174,13048,13,20,20,1,1,1,1,1,1,
nocheckpoint,bbht_grover_nocheckpoint,EQ,12345,0,64,73,0xefd3172d,0x8c2c3233,normal,HIT,701,12345,17,35,35,25770,257,263,701,17,35,35,1,1,1,1,1,1,
nocheckpoint,bbht_grover_nocheckpoint,EQ,12345,0,64,74,0xe6aacdb5,0x7f1c158a,normal,HIT,507,12345,16,48,48,27290,272,277,507,16,48,48,1,1,1,1,1,1,
nocheckpoint,bbht_grover_nocheckpoint,EQ,12345,0,64,75,0x6566c598,0xca804b00,normal,HIT,10812,12345,7,5,5,8336,83,89,10812,7,5,5,1,1,1,1,1,1,
nocheckpoint,bbht_grover_nocheckpoint,EQ,12345,0,64,76,0x4e646d9d,0xcbae5ac0,normal,HIT,1801,12345,15,36,36,23209,232,238,1801,15,36,36,1,1,1,1,1,1,
nocheckpoint,bbht_grover_nocheckpoint,EQ,12345,0,64,77,0x05d81d6f,0x260c4013,normal,HIT,701,12345,8,8,8,9114,91,96,701,8,8,8,1,1,1,1,1,1,
nocheckpoint,bbht_grover_nocheckpoint,EQ,12345,0,64,78,0x2018f6a3,0x5728c7f4,normal,HIT,5281,12345,6,5,5,7090,70,76,5281,6,5,5,1,1,1,1,1,1,
nocheckpoint,bbht_grover_nocheckpoint,EQ,12345,0,64,79,0x718ebf0c,0x4d7d460c,normal,HIT,8089,12345,16,43,43,25984,259,264,8089,16,43,43,1,1,1,1,1,1,
nocheckpoint,bbht_grover_nocheckpoint,EQ,12345,0,64,80,0x042a8f17,0x2093b3f4,normal,HIT,8799,12345,8,4,4,8280,82,88,8799,8,4,4,1,1,1,1,1,1,
nocheckpoint,bbht_grover_nocheckpoint,EQ,12345,0,64,81,0xfc1c775d,0x35bd20f1,normal,HIT,7786,12345,7,6,6,7849,78,83,7786,7,6,6,1,1,1,1,1,1,
nocheckpoint,bbht_grover_nocheckpoint,EQ,12345,0,64,82,0x16b93b63,0x7d609ba5,normal,HIT,10234,12345,11,15,15,14925,149,154,10234,11,15,15,1,1,1,1,1,1,
nocheckpoint,bbht_grover_nocheckpoint,EQ,12345,0,64,83,0x8ce1028e,0xb152e7ef,normal,HIT,5270,12345,14,23,23,20145,201,206,5270,14,23,23,1,1,1,1,1,1,
nocheckpoint,bbht_grover_nocheckpoint,EQ,12345,0,64,84,0x87bad980,0x7dbefa97,normal,HIT,14494,12345,3,1,1,3262,32,37,14494,3,1,1,1,1,1,1,1,1,
nocheckpoint,bbht_grover_nocheckpoint,EQ,12345,0,64,85,0xd63d86f3,0xf5399cca,normal,HIT,5200,12345,10,13,13,12612,126,132,5200,10,13,13,1,1,1,1,1,1,
nocheckpoint,bbht_grover_nocheckpoint,EQ,12345,0,64,86,0xeeaba102,0x01560fc0,normal,HIT,586,12345,12,19,19,15957,159,165,586,12,19,19,1,1,1,1,1,1,
nocheckpoint,bbht_grover_nocheckpoint,EQ,12345,0,64,87,0xc1fee4bb,0xc7e12d58,normal,HIT,10593,12345,13,23,23,18126,181,186,10593,13,23,23,1,1,1,1,1,1,
nocheckpoint,bbht_grover_nocheckpoint,EQ,12345,0,64,88,0x0707c9da,0xf644a3f9,normal,HIT,7786,12345,13,25,25,18881,188,194,7786,13,25,25,1,1,1,1,1,1,
nocheckpoint,bbht_grover_nocheckpoint,EQ,12345,0,64,89,0xde0d9c30,0x58a2ee8f,normal,HIT,10931,12345,10,13,13,13791,137,143,10931,10,13,13,1,1,1,1,1,1,
nocheckpoint,bbht_grover_nocheckpoint,EQ,12345,0,64,90,0x7cd0efc7,0x9f385cfb,normal,HIT,16090,12345,13,12,12,15840,158,163,16090,13,12,12,1,1,1,1,1,1,
nocheckpoint,bbht_grover_nocheckpoint,EQ,12345,0,64,91,0xe4cb50a6,0x94d13729,normal,HIT,13048,12345,14,18,18,18713,187,192,13048,14,18,18,1,1,1,1,1,1,
nocheckpoint,bbht_grover_nocheckpoint,EQ,12345,0,64,92,0xa0882219,0x18f75d24,normal,HIT,5341,12345,3,1,1,3362,33,38,5341,3,1,1,1,1,1,1,1,1,
nocheckpoint,bbht_grover_nocheckpoint,EQ,12345,0,64,93,0xc435e6f2,0xf75a52bc,normal,HIT,13012,12345,10,14,14,13051,130,135,13012,10,14,14,1,1,1,1,1,1,
nocheckpoint,bbht_grover_nocheckpoint,EQ,12345,0,64,94,0x011b63f0,0x0aa34346,normal,HIT,507,12345,13,21,21,17167,171,176,507,13,21,21,1,1,1,1,1,1,
nocheckpoint,bbht_grover_nocheckpoint,EQ,12345,0,64,95,0x1b456e77,0xee460f94,normal,HIT,507,12345,20,75,75,38731,387,392,507,20,75,75,1,1,1,1,1,1,
nocheckpoint,bbht_grover_nocheckpoint,EQ,12345,0,64,96,0x10088608,0xef418331,normal,HIT,13012,12345,14,21,21,18308,183,189,13012,14,21,21,1,1,1,1,1,1,
nocheckpoint,bbht_grover_nocheckpoint,EQ,12345,0,64,97,0x6fcfc352,0xf8fa9f4c,normal,HIT,1801,12345,16,33,33,23401,234,240,1801,16,33,33,1,1,1,1,1,1,
nocheckpoint,bbht_grover_nocheckpoint,EQ,12345,0,64,98,0xfb6077af,0x713595a9,normal,HIT,491,12345,10,7,7,11175,111,116,491,10,7,7,1,1,1,1,1,1,
nocheckpoint,bbht_grover_nocheckpoint,EQ,12345,0,64,99,0xc6ebb72e,0x08fdf109,normal,HIT,5531,12345,6,4,4,6557,65,70,5531,6,4,4,1,1,1,1,1,1,
nocheckpoint,bbht_grover_nocheckpoint,EQ,12345,0,256,0,0x7b1dcdaf,0x24370df2,normal,HIT,15288,12345,8,7,7,9652,96,102,15288,8,7,7,1,1,1,1,1,1,
nocheckpoint,bbht_grover_nocheckpoint,EQ,12345,0,256,1,0x3a85a4dc,0xa3b9aa35,normal,HIT,5849,12345,5,2,2,5393,53,59,5849,5,2,2,1,1,1,1,1,1,
nocheckpoint,bbht_grover_nocheckpoint,EQ,12345,0,256,2,0x6162a8b2,0x871c276f,normal,HIT,8081,12345,7,3,3,7297,72,78,8081,7,3,3,1,1,1,1,1,1,
nocheckpoint,bbht_grover_nocheckpoint,EQ,12345,0,256,3,0xc3adc34e,0xf5b8f22b,normal,HIT,16060,12345,9,8,8,10725,107,112,16060,9,8,8,1,1,1,1,1,1,
nocheckpoint,bbht_grover_nocheckpoint,EQ,12345,0,256,4,0x2bb073ff,0x3f8396e3,normal,HIT,12680,12345,12,17,17,15953,159,165,12680,12,17,17,1,1,1,1,1,1,
nocheckpoint,bbht_grover_nocheckpoint,EQ,12345,0,256,5,0xda585ab3,0xa7197ad7,normal,HIT,7233,12345,10,5,5,10677,106,112,7233,10,5,5,1,1,1,1,1,1,
nocheckpoint,bbht_grover_nocheckpoint,EQ,12345,0,256,6,0x0ed109c0,0x5701ce52,normal,HIT,3716,12345,7,7,7,8320,83,87,3716,7,7,7,1,1,1,1,1,1,
nocheckpoint,bbht_grover_nocheckpoint,EQ,12345,0,256,7,0x102ecf73,0x53c7612b,normal,HIT,3545,12345,8,8,8,8917,89,94,3545,8,8,8,1,1,1,1,1,1,
nocheckpoint,bbht_grover_nocheckpoint,EQ,12345,0,256,8,0xcf29b6a1,0x35231a84,normal,HIT,11907,12345,10,8,8,12168,121,127,11907,10,8,8,1,1,1,1,1,1,
nocheckpoint,bbht_grover_nocheckpoint,EQ,12345,0,256,9,0xc49cbb42,0xd0a3bbb8,normal,HIT,12001,12345,1,0,0,1061,10,15,12001,1,0,0,1,1,1,1,1,1,
nocheckpoint,bbht_grover_nocheckpoint,EQ,12345,0,256,10,0x4cc51d23,0xee0e3ab4,normal,HIT,5451,12345,4,2,2,4154,41,47,5451,4,2,2,1,1,1,1,1,1,
nocheckpoint,bbht_grover_nocheckpoint,EQ,12345,0,256,11,0xf9e8aa7a,0x3208c31a,normal,HIT,873,12345,12,19,19,15885,158,163,873,12,19,19,1,1,1,1,1,1,
nocheckpoint,bbht_grover_nocheckpoint,EQ,12345,0,256,12,0xdda8b051,0xc8105c9d,normal,HIT,90,12345,5,3,3,5451,54,59,90,5,3,3,1,1,1,1,1,1,
nocheckpoint,bbht_grover_nocheckpoint,EQ,12345,0,256,13,0xabfb11bf,0xf5dec75e,normal,HIT,7326,12345,6,5,5,7075,70,77,7326,6,5,5,1,1,1,1,1,1,
nocheckpoint,bbht_grover_nocheckpoint,EQ,12345,0,256,14,0x20639811,0x6b6a7c47,normal,HIT,1930,12345,6,7,7,7728,77,83,1930,6,7,7,1,1,1,1,1,1,
nocheckpoint,bbht_grover_nocheckpoint,EQ,12345,0,256,15,0xac72acd2,0xca84bc6c,normal,HIT,13448,12345,9,3,3,9429,94,99,13448,9,3,3,1,1,1,1,1,1,
nocheckpoint,bbht_grover_nocheckpoint,EQ,12345,0,256,16,0x49a2da79,0xe1376725,normal,HIT,12329,12345,6,4,4,6438,64,70,12329,6,4,4,1,1,1,1,1,1,
nocheckpoint,bbht_grover_nocheckpoint,EQ,12345,0,256,17,0x63a4e9d7,0x6166dba4,normal,HIT,6247,12345,7,6,6,8433,84,89,6247,7,6,6,1,1,1,1,1,1,
nocheckpoint,bbht_grover_nocheckpoint,EQ,12345,0,256,18,0x8983f102,0x43fb6183,normal,HIT,4389,12345,7,4,4,7235,72,78,4389,7,4,4,1,1,1,1,1,1,
nocheckpoint,bbht_grover_nocheckpoint,EQ,12345,0,256,19,0xb671aa78,0xc97ad8a2,normal,HIT,13749,12345,7,3,3,7653,76,82,13749,7,3,3,1,1,1,1,1,1,
nocheckpoint,bbht_grover_nocheckpoint,EQ,12345,0,256,20,0xdaeb566a,0x989e5b3d,normal,HIT,6940,12345,9,9,9,11302,113,117,6940,9,9,9,1,1,1,1,1,1,
nocheckpoint,bbht_grover_nocheckpoint,EQ,12345,0,256,21,0xf6181c00,0xa345ac4b,normal,HIT,2302,12345,9,4,4,9921,99,105,2302,9,4,4,1,1,1,1,1,1,
nocheckpoint,bbht_grover_nocheckpoint,EQ,12345,0,256,22,0x4e18d852,0xa08980df,normal,HIT,7844,12345,9,7,7,9619,96,102,7844,9,7,7,1,1,1,1,1,1,
nocheckpoint,bbht_grover_nocheckpoint,EQ,12345,0,256,23,0xa035ceba,0x611de4c4,normal,HIT,6733,12345,5,4,4,6058,60,65,6733,5,4,4,1,1,1,1,1,1,
nocheckpoint,bbht_grover_nocheckpoint,EQ,12345,0,256,24,0xc2416ee4,0x7323f479,normal,HIT,4724,12345,8,10,10,9605,96,102,4724,8,10,10,1,1,1,1,1,1,
nocheckpoint,bbht_grover_nocheckpoint,EQ,12345,0,256,25,0xfbdafbdd,0xa0c0cf2f,normal,HIT,9555,12345,12,14,14,14606,146,151,9555,12,14,14,1,1,1,1,1,1,
nocheckpoint,bbht_grover_nocheckpoint,EQ,12345,0,256,26,0xa43fbf47,0x8de97b10,normal,HIT,6702,12345,9,6,6,9302,93,99,6702,9,6,6,1,1,1,1,1,1,
nocheckpoint,bbht_grover_nocheckpoint,EQ,12345,0,256,27,0x6811f7c1,0xcb07044a,normal,HIT,10532,12345,6,4,4,6711,67,72,10532,6,4,4,1,1,1,1,1,1,
nocheckpoint,bbht_grover_nocheckpoint,EQ,12345,0,256,28,0x610dde2c,0x8cf5deb9,normal,HIT,314,12345,8,7,7,9425,94,99,314,8,7,7,1,1,1,1,1,1,
nocheckpoint,bbht_grover_nocheckpoint,EQ,12345,0,256,29,0x82241b87,0xbbe27f39,normal,HIT,14410,12345,7,6,6,8871,88,94,14410,7,6,6,1,1,1,1,1,1,
nocheckpoint,bbht_grover_nocheckpoint,EQ,12345,0,256,30,0x48647490,0xea9551eb,normal,HIT,4956,12345,9,7,7,9962,99,105,4956,9,7,7,1,1,1,1,1,1,
nocheckpoint,bbht_grover_nocheckpoint,EQ,12345,0,256,31,0x63df3b7f,0xa8b057e1,normal,HIT,15859,12345,9,10,10,11726,117,122,15859,9,10,10,1,1,1,1,1,1,
nocheckpoint,bbht_grover_nocheckpoint,EQ,12345,0,256,32,0x433125bb,0x3221fef0,normal,HIT,11246,12345,10,12,12,12444,124,131,11246,10,12,12,1,1,1,1,1,1,
nocheckpoint,bbht_grover_nocheckpoint,EQ,12345,0,256,33,0x7943be40,0x6641ee79,normal,HIT,825,12345,8,8,8,9312,93,99,825,8,8,8,1,1,1,1,1,1,
nocheckpoint,bbht_grover_nocheckpoint,EQ,12345,0,256,34,0x26c93252,0x675d2908,normal,HIT,10842,12345,7,5,5,8383,83,89,10842,7,5,5,1,1,1,1,1,1,
nocheckpoint,bbht_grover_nocheckpoint,EQ,12345,0,256,35,0xdbe3ed49,0xa7cfea56,normal,HIT,9972,12345,6,6,6,7417,74,79,9972,6,6,6,1,1,1,1,1,1,
nocheckpoint,bbht_grover_nocheckpoint,EQ,12345,0,256,36,0xc2ec9bb4,0xbfc0ae9e,normal,HIT,16297,12345,6,3,3,7230,72,78,16297,6,3,3,1,1,1,1,1,1,
nocheckpoint,bbht_grover_nocheckpoint,EQ,12345,0,256,37,0xe7ec8559,0x307064ac,normal,HIT,1456,12345,5,4,4,5399,53,59,1456,5,4,4,1,1,1,1,1,1,
nocheckpoint,bbht_grover_nocheckpoint,EQ,12345,0,256,38,0xccb88b54,0x2cf00158,normal,HIT,11990,12345,6,5,5,7569,75,81,11990,6,5,5,1,1,1,1,1,1,
nocheckpoint,bbht_grover_nocheckpoint,EQ,12345,0,256,39,0xb512e6a4,0x2b9e708c,normal,HIT,10839,12345,4,2,2,4233,42,48,10839,4,2,2,1,1,1,1,1,1,
nocheckpoint,bbht_grover_nocheckpoint,EQ,12345,0,256,40,0x7e2c3d82,0xa69fb195,normal,HIT,586,12345,5,4,4,5941,59,64,586,5,4,4,1,1,1,1,1,1,
nocheckpoint,bbht_grover_nocheckpoint,EQ,12345,0,256,41,0x58b3e5ad,0x23a21253,normal,HIT,7400,12345,5,4,4,5602,56,61,7400,5,4,4,1,1,1,1,1,1,
nocheckpoint,bbht_grover_nocheckpoint,EQ,12345,0,256,42,0x9a07c40b,0x3ea78d8c,normal,HIT,507,12345,10,8,8,11601,116,120,507,10,8,8,1,1,1,1,1,1,
nocheckpoint,bbht_grover_nocheckpoint,EQ,12345,0,256,43,0xf1f9a54b,0x7b00db61,normal,HIT,160,12345,6,3,3,5860,58,64,160,6,3,3,1,1,1,1,1,1,
nocheckpoint,bbht_grover_nocheckpoint,EQ,12345,0,256,44,0xfba6212d,0xb8b8356a,normal,HIT,7400,12345,11,8,8,12175,121,127,7400,11,8,8,1,1,1,1,1,1,
nocheckpoint,bbht_grover_nocheckpoint,EQ,12345,0,256,45,0x1ca60615,0xd753b84a,normal,HIT,8996,12345,6,4,4,6416,64,69,8996,6,4,4,1,1,1,1,1,1,
nocheckpoint,bbht_grover_nocheckpoint,EQ,12345,0,256,46,0xa085c93e,0x19b8504d,normal,HIT,15586,12345,8,6,6,9520,95,100,15586,8,6,6,1,1,1,1,1,1,
nocheckpoint,bbht_grover_nocheckpoint,EQ,12345,0,256,47,0x18190603,0xad0438b2,normal,HIT,56,12345,9,6,6,10257,102,108,56,9,6,6,1,1,1,1,1,1,
nocheckpoint,bbht_grover_nocheckpoint,EQ,12345,0,256,48,0xc1143c78,0xbbdab3cd,normal,HIT,10265,12345,11,7,7,12710,127,132,10265,11,7,7,1,1,1,1,1,1,
nocheckpoint,bbht_grover_nocheckpoint,EQ,12345,0,256,49,0x332063fc,0x222ba57c,normal,HIT,5281,12345,9,6,6,10741,107,113,5281,9,6,6,1,1,1,1,1,1,
nocheckpoint,bbht_grover_nocheckpoint,EQ,12345,0,256,50,0xd6f4066b,0xab9eb714,normal,HIT,2160,12345,13,15,15,15265,152,157,2160,13,15,15,1,1,1,1,1,1,
nocheckpoint,bbht_grover_nocheckpoint,EQ,12345,0,256,51,0x64b9628c,0x9cd8b518,normal,HIT,6300,12345,5,4,4,5572,55,61,6300,5,4,4,1,1,1,1,1,1,
nocheckpoint,bbht_grover_nocheckpoint,EQ,12345,0,256,52,0x894e6771,0x8a255c2e,normal,HIT,13448,12345,3,1,1,3663,36,42,13448,3,1,1,1,1,1,1,1,1,
nocheckpoint,bbht_grover_nocheckpoint,EQ,12345,0,256,53,0xe3e668e8,0xff1f20c3,normal,HIT,8799,12345,9,7,7,10695,106,112,8799,9,7,7,1,1,1,1,1,1,
nocheckpoint,bbht_grover_nocheckpoint,EQ,12345,0,256,54,0x36980406,0xfbdbfa61,normal,HIT,7615,12345,4,2,2,4182,41,46,7615,4,2,2,1,1,1,1,1,1,
nocheckpoint,bbht_grover_nocheckpoint,EQ,12345,0,256,55,0x114d2b4a,0xa617ad4e,normal,HIT,12785,12345,4,2,2,4639,46,51,12785,4,2,2,1,1,1,1,1,1,
nocheckpoint,bbht_grover_nocheckpoint,EQ,12345,0,256,56,0x3b8907e1,0x0c6cbd10,normal,HIT,7780,12345,7,4,4,7801,78,83,7780,7,4,4,1,1,1,1,1,1,
nocheckpoint,bbht_grover_nocheckpoint,EQ,12345,0,256,57,0x2cd09c1d,0x964fb1a7,normal,HIT,9459,12345,7,2,2,6579,65,70,9459,7,2,2,1,1,1,1,1,1,
nocheckpoint,bbht_grover_nocheckpoint,EQ,12345,0,256,58,0x6d7a8604,0xbd6f99c6,normal,HIT,8225,12345,5,4,4,6036,60,66,8225,5,4,4,1,1,1,1,1,1,
nocheckpoint,bbht_grover_nocheckpoint,EQ,12345,0,256,59,0x1fadaf42,0x60010aa3,normal,HIT,4389,12345,6,5,5,7557,75,81,4389,6,5,5,1,1,1,1,1,1,
nocheckpoint,bbht_grover_nocheckpoint,EQ,12345,0,256,60,0x92fe7cfd,0xb54e2773,normal,HIT,11343,12345,9,10,10,10664,106,111,11343,9,10,10,1,1,1,1,1,1,
nocheckpoint,bbht_grover_nocheckpoint,EQ,12345,0,256,61,0x1aecb060,0x9c545eba,normal,HIT,12329,12345,11,17,17,15704,157,162,12329,11,17,17,1,1,1,1,1,1,
nocheckpoint,bbht_grover_nocheckpoint,EQ,12345,0,256,62,0x91778cc3,0xbd1d1bc0,normal,HIT,5666,12345,10,13,13,13328,133,138,5666,10,13,13,1,1,1,1,1,1,
nocheckpoint,bbht_grover_nocheckpoint,EQ,12345,0,256,63,0xe6b7e7eb,0xd542988e,normal,HIT,14388,12345,10,11,11,12078,120,125,14388,10,11,11,1,1,1,1,1,1,
nocheckpoint,bbht_grover_nocheckpoint,EQ,12345,0,256,64,0x6770144c,0xd2d3c6e7,normal,HIT,3410,12345,8,4,4,8617,86,91,3410,8,4,4,1,1,1,1,1,1,
nocheckpoint,bbht_grover_nocheckpoint,EQ,12345,0,256,65,0xc600a248,0x0a1e0844,normal,HIT,10195,12345,6,3,3,6351,63,69,10195,6,3,3,1,1,1,1,1,1,
nocheckpoint,bbht_grover_nocheckpoint,EQ,12345,0,256,66,0x1ea4f830,0x2ef0f28e,normal,HIT,1133,12345,6,2,2,5851,58,64,1133,6,2,2,1,1,1,1,1,1,
nocheckpoint,bbht_grover_nocheckpoint,EQ,12345,0,256,67,0x639604f3,0x7fe04f83,normal,HIT,5270,12345,10,10,10,12092,120,125,5270,10,10,10,1,1,1,1,1,1,
nocheckpoint,bbht_grover_nocheckpoint,EQ,12345,0,256,68,0x6e084a84,0xb643b17e,normal,HIT,8996,12345,8,6,6,9116,91,96,8996,8,6,6,1,1,1,1,1,1,
nocheckpoint,bbht_grover_nocheckpoint,EQ,12345,0,256,69,0x3d7fc476,0x467d7a44,normal,HIT,15374,12345,7,3,3,7608,76,81,15374,7,3,3,1,1,1,1,1,1,
nocheckpoint,bbht_grover_nocheckpoint,EQ,12345,0,256,70,0xedca3875,0xefade11e,normal,HIT,2789,12345,4,3,3,4243,42,48,2789,4,3,3,1,1,1,1,1,1,
nocheckpoint,bbht_grover_nocheckpoint,EQ,12345,0,256,71,0xb883121d,0x095c678c,normal,HIT,15233,12345,8,6,6,9263,92,97,15233,8,6,6,1,1,1,1,1,1,
nocheckpoint,bbht_grover_nocheckpoint,EQ,12345,0,256,72,0xace22797,0xbc422a9a,normal,HIT,1859,12345,7,4,4,7624,76,81,1859,7,4,4,1,1,1,1,1,1,
nocheckpoint,bbht_grover_nocheckpoint,EQ,12345,0,256,73,0xefd3172d,0x8c2c3233,normal,HIT,9230,12345,7,6,6,8481,84,90,9230,7,6,6,1,1,1,1,1,1,
nocheckpoint,bbht_grover_nocheckpoint,EQ,12345,0,256,74,0xe6aacdb5,0x7f1c158a,normal,HIT,2442,12345,6,2,2,6224,62,67,2442,6,2,2,1,1,1,1,1,1,
nocheckpoint,bbht_grover_nocheckpoint,EQ,12345,0,256,75,0x6566c598,0xca804b00,normal,HIT,14410,12345,2,1,1,2446,24,29,14410,2,1,1,1,1,1,1,1,1,
nocheckpoint,bbht_grover_nocheckpoint,EQ,12345,0,256,76,0x4e646d9d,0xcbae5ac0,normal,HIT,13239,12345,9,10,10,10578,105,112,13239,9,10,10,1,1,1,1,1,1,
nocheckpoint,bbht_grover_nocheckpoint,EQ,12345,0,256,77,0x05d81d6f,0x260c4013,normal,HIT,9230,12345,7,5,5,7562,75,81,9230,7,5,5,1,1,1,1,1,1,
nocheckpoint,bbht_grover_nocheckpoint,EQ,12345,0,256,78,0x2018f6a3,0x5728c7f4,normal,HIT,3237,12345,2,1,1,2012,20,25,3237,2,1,1,1,1,1,1,1,1,
nocheckpoint,bbht_grover_nocheckpoint,EQ,12345,0,256,79,0x718ebf0c,0x4d7d460c,normal,HIT,11111,12345,2,1,1,2199,21,28,11111,2,1,1,1,1,1,1,1,1,
nocheckpoint,bbht_grover_nocheckpoint,EQ,12345,0,256,80,0x042a8f17,0x2093b3f4,normal,HIT,8089,12345,10,10,10,11836,118,124,8089,10,10,10,1,1,1,1,1,1,
nocheckpoint,bbht_grover_nocheckpoint,EQ,12345,0,256,81,0xfc1c775d,0x35bd20f1,normal,HIT,9492,12345,6,4,4,6379,63,69,9492,6,4,4,1,1,1,1,1,1,
nocheckpoint,bbht_grover_nocheckpoint,EQ,12345,0,256,82,0x16b93b63,0x7d609ba5,normal,HIT,14992,12345,3,1,1,3653,36,42,14992,3,1,1,1,1,1,1,1,1,
nocheckpoint,bbht_grover_nocheckpoint,EQ,12345,0,256,83,0x8ce1028e,0xb152e7ef,normal,HIT,15859,12345,3,2,2,3736,37,42,15859,3,2,2,1,1,1,1,1,1,
nocheckpoint,bbht_grover_nocheckpoint,EQ,12345,0,256,84,0x87bad980,0x7dbefa97,normal,HIT,10082,12345,6,4,4,6505,65,70,10082,6,4,4,1,1,1,1,1,1,
nocheckpoint,bbht_grover_nocheckpoint,EQ,12345,0,256,85,0xd63d86f3,0xf5399cca,normal,HIT,8851,12345,9,10,10,10919,109,115,8851,9,10,10,1,1,1,1,1,1,
nocheckpoint,bbht_grover_nocheckpoint,EQ,12345,0,256,86,0xeeaba102,0x01560fc0,normal,HIT,10812,12345,11,13,13,13642,136,141,10812,11,13,13,1,1,1,1,1,1,
nocheckpoint,bbht_grover_nocheckpoint,EQ,12345,0,256,87,0xc1fee4bb,0xc7e12d58,normal,HIT,6247,12345,12,15,15,14979,149,156,6247,12,15,15,1,1,1,1,1,1,
nocheckpoint,bbht_grover_nocheckpoint,EQ,12345,0,256,88,0x0707c9da,0xf644a3f9,normal,HIT,1038,12345,6,3,3,6375,63,69,1038,6,3,3,1,1,1,1,1,1,
nocheckpoint,bbht_grover_nocheckpoint,EQ,12345,0,256,89,0xde0d9c30,0x58a2ee8f,normal,HIT,10532,12345,10,13,13,13701,137,142,10532,10,13,13,1,1,1,1,1,1,
nocheckpoint,bbht_grover_nocheckpoint,EQ,12345,0,256,90,0x7cd0efc7,0x9f385cfb,normal,HIT,15943,12345,13,12,12,15811,158,163,15943,13,12,12,1,1,1,1,1,1,
nocheckpoint,bbht_grover_nocheckpoint,EQ,12345,0,256,91,0xe4cb50a6,0x94d13729,normal,HIT,9960,12345,4,1,1,4400,44,50,9960,4,1,1,1,1,1,1,1,1,
nocheckpoint,bbht_grover_nocheckpoint,EQ,12345,0,256,92,0xa0882219,0x18f75d24,normal,HIT,8081,12345,4,1,1,4298,42,48,8081,4,1,1,1,1,1,1,1,1,
nocheckpoint,bbht_grover_nocheckpoint,EQ,12345,0,256,93,0xc435e6f2,0xf75a52bc,normal,HIT,12684,12345,10,14,14,13016,130,135,12684,10,14,14,1,1,1,1,1,1,
nocheckpoint,bbht_grover_nocheckpoint,EQ,12345,0,256,94,0x011b63f0,0x0aa34346,normal,HIT,2888,12345,7,3,3,6786,67,73,2888,7,3,3,1,1,1,1,1,1,
nocheckpoint,bbht_grover_nocheckpoint,EQ,12345,0,256,95,0x1b456e77,0xee460f94,normal,HIT,2852,12345,9,7,7,10792,107,113,2852,9,7,7,1,1,1,1,1,1,
nocheckpoint,bbht_grover_nocheckpoint,EQ,12345,0,256,96,0x10088608,0xef418331,normal,HIT,1456,12345,4,2,2,3732,37,42,1456,4,2,2,1,1,1,1,1,1,
nocheckpoint,bbht_grover_nocheckpoint,EQ,12345,0,256,97,0x6fcfc352,0xf8fa9f4c,normal,HIT,13286,12345,6,3,3,6635,66,72,13286,6,3,3,1,1,1,1,1,1,
nocheckpoint,bbht_grover_nocheckpoint,EQ,12345,0,256,98,0xfb6077af,0x713595a9,normal,HIT,10964,12345,2,1,1,2183,21,27,10964,2,1,1,1,1,1,1,1,1,
nocheckpoint,bbht_grover_nocheckpoint,EQ,12345,0,256,99,0xc6ebb72e,0x08fdf109,normal,HIT,2852,12345,5,2,2,5123,51,56,2852,5,2,2,1,1,1,1,1,1,
nocheckpoint,bbht_grover_nocheckpoint,RANGE,-4096,4096,1,0,0x7b1dcdaf,0x24370df2,normal,HIT,16227,-1474,21,119,119,51933,519,524,16227,21,119,119,1,1,1,1,1,1,
nocheckpoint,bbht_grover_nocheckpoint,RANGE,-4096,4096,1,1,0x3a85a4dc,0xa3b9aa35,normal,HIT,16227,-1474,25,259,259,91166,911,917,16227,25,259,259,1,1,1,1,1,1,
nocheckpoint,bbht_grover_nocheckpoint,RANGE,-4096,4096,1,2,0x6162a8b2,0x871c276f,normal,HIT,16227,-1474,14,34,34,21886,218,223,16227,14,34,34,1,1,1,1,1,1,
nocheckpoint,bbht_grover_nocheckpoint,RANGE,-4096,4096,1,3,0xc3adc34e,0xf5b8f22b,normal,HIT,16227,-1474,9,8,8,10758,107,113,16227,9,8,8,1,1,1,1,1,1,
nocheckpoint,bbht_grover_nocheckpoint,RANGE,-4096,4096,1,4,0x2bb073ff,0x3f8396e3,normal,HIT,16227,-1474,28,417,417,137160,1371,1377,16227,28,417,417,1,1,1,1,1,1,
nocheckpoint,bbht_grover_nocheckpoint,RANGE,-4096,4096,1,5,0xda585ab3,0xa7197ad7,normal,HIT,16227,-1474,27,221,221,83716,837,842,16227,27,221,221,1,1,1,1,1,1,
nocheckpoint,bbht_grover_nocheckpoint,RANGE,-4096,4096,1,6,0x0ed109c0,0x5701ce52,normal,HIT,16227,-1474,25,258,258,91868,918,923,16227,25,258,258,1,1,1,1,1,1,
nocheckpoint,bbht_grover_nocheckpoint,RANGE,-4096,4096,1,7,0x102ecf73,0x53c7612b,normal,HIT,16227,-1474,27,351,351,118047,1180,1186,16227,27,351,351,1,1,1,1,1,1,
nocheckpoint,bbht_grover_nocheckpoint,RANGE,-4096,4096,1,8,0xcf29b6a1,0x35231a84,normal,HIT,16227,-1474,20,93,93,44426,444,450,16227,20,93,93,1,1,1,1,1,1,
nocheckpoint,bbht_grover_nocheckpoint,RANGE,-4096,4096,1,9,0xc49cbb42,0xd0a3bbb8,normal,HIT,16227,-1474,25,189,189,74945,749,755,16227,25,189,189,1,1,1,1,1,1,
nocheckpoint,bbht_grover_nocheckpoint,RANGE,-4096,4096,1,10,0x4cc51d23,0xee0e3ab4,normal,HIT,16227,-1474,28,357,357,120620,1206,1211,16227,28,357,357,1,1,1,1,1,1,
nocheckpoint,bbht_grover_nocheckpoint,RANGE,-4096,4096,1,11,0xf9e8aa7a,0x3208c31a,normal,HIT,16227,-1474,22,152,152,59988,599,604,16227,22,152,152,1,1,1,1,1,1,
nocheckpoint,bbht_grover_nocheckpoint,RANGE,-4096,4096,1,12,0xdda8b051,0xc8105c9d,normal,HIT,16227,-1474,19,51,51,31102,311,316,16227,19,51,51,1,1,1,1,1,1,
nocheckpoint,bbht_grover_nocheckpoint,RANGE,-4096,4096,1,13,0xabfb11bf,0xf5dec75e,normal,HIT,16227,-1474,22,128,128,57030,570,575,16227,22,128,128,1,1,1,1,1,1,
nocheckpoint,bbht_grover_nocheckpoint,RANGE,-4096,4096,1,14,0x20639811,0x6b6a7c47,normal,HIT,16227,-1474,24,171,171,69847,698,704,16227,24,171,171,1,1,1,1,1,1,
nocheckpoint,bbht_grover_nocheckpoint,RANGE,-4096,4096,1,15,0xac72acd2,0xca84bc6c,normal,HIT,16227,-1474,13,18,18,17309,173,178,16227,13,18,18,1,1,1,1,1,1,
nocheckpoint,bbht_grover_nocheckpoint,RANGE,-4096,4096,1,16,0x49a2da79,0xe1376725,normal,HIT,16227,-1474,19,80,80,39928,399,403,16227,19,80,80,1,1,1,1,1,1,
nocheckpoint,bbht_grover_nocheckpoint,RANGE,-4096,4096,1,17,0x63a4e9d7,0x6166dba4,normal,HIT,16227,-1474,28,359,359,122219,1222,1227,16227,28,359,359,1,1,1,1,1,1,
nocheckpoint,bbht_grover_nocheckpoint,RANGE,-4096,4096,1,18,0x8983f102,0x43fb6183,normal,HIT,16227,-1474,24,216,216,81025,810,816,16227,24,216,216,1,1,1,1,1,1,
nocheckpoint,bbht_grover_nocheckpoint,RANGE,-4096,4096,1,19,0xb671aa78,0xc97ad8a2,normal,HIT,16227,-1474,21,82,82,42298,422,427,16227,21,82,82,1,1,1,1,1,1,
nocheckpoint,bbht_grover_nocheckpoint,RANGE,-4096,4096,1,20,0xdaeb566a,0x989e5b3d,normal,HIT,16227,-1474,26,213,213,83364,833,838,16227,26,213,213,1,1,1,1,1,1,
nocheckpoint,bbht_grover_nocheckpoint,RANGE,-4096,4096,1,21,0xf6181c00,0xa345ac4b,normal,HIT,16227,-1474,27,295,295,103744,1037,1042,16227,27,295,295,1,1,1,1,1,1,
nocheckpoint,bbht_grover_nocheckpoint,RANGE,-4096,4096,1,22,0x4e18d852,0xa08980df,normal,HIT,16227,-1474,22,117,117,51763,517,522,16227,22,117,117,1,1,1,1,1,1,
nocheckpoint,bbht_grover_nocheckpoint,RANGE,-4096,4096,1,23,0xa035ceba,0x611de4c4,normal,HIT,16227,-1474,10,13,13,14152,141,146,16227,10,13,13,1,1,1,1,1,1,
nocheckpoint,bbht_grover_nocheckpoint,RANGE,-4096,4096,1,24,0xc2416ee4,0x7323f479,normal,HIT,16227,-1474,24,291,291,100357,1003,1009,16227,24,291,291,1,1,1,1,1,1,
nocheckpoint,bbht_grover_nocheckpoint,RANGE,-4096,4096,1,25,0xfbdafbdd,0xa0c0cf2f,normal,HIT,16227,-1474,19,77,77,38248,382,387,16227,19,77,77,1,1,1,1,1,1,
nocheckpoint,bbht_grover_nocheckpoint,RANGE,-4096,4096,1,26,0xa43fbf47,0x8de97b10,normal,HIT,16227,-1474,23,140,140,58116,581,587,16227,23,140,140,1,1,1,1,1,1,
nocheckpoint,bbht_grover_nocheckpoint,RANGE,-4096,4096,1,27,0x6811f7c1,0xcb07044a,normal,HIT,16227,-1474,7,6,6,8444,84,89,16227,7,6,6,1,1,1,1,1,1,
nocheckpoint,bbht_grover_nocheckpoint,RANGE,-4096,4096,1,28,0x610dde2c,0x8cf5deb9,normal,HIT,16227,-1474,21,89,89,43674,436,441,16227,21,89,89,1,1,1,1,1,1,
nocheckpoint,bbht_grover_nocheckpoint,RANGE,-4096,4096,1,29,0x82241b87,0xbbe27f39,normal,HIT,16227,-1474,23,211,211,77779,777,783,16227,23,211,211,1,1,1,1,1,1,
nocheckpoint,bbht_grover_nocheckpoint,RANGE,-4096,4096,1,30,0x48647490,0xea9551eb,normal,HIT,16227,-1474,20,80,80,39401,394,399,16227,20,80,80,1,1,1,1,1,1,
nocheckpoint,bbht_grover_nocheckpoint,RANGE,-4096,4096,1,31,0x63df3b7f,0xa8b057e1,normal,HIT,16227,-1474,21,106,106,47915,479,484,16227,21,106,106,1,1,1,1,1,1,
nocheckpoint,bbht_grover_nocheckpoint,RANGE,-4096,4096,1,32,0x433125bb,0x3221fef0,normal,HIT,16227,-1474,27,325,325,111772,1117,1122,16227,27,325,325,1,1,1,1,1,1,
nocheckpoint,bbht_grover_nocheckpoint,RANGE,-4096,4096,1,33,0x7943be40,0x6641ee79,normal,HIT,16227,-1474,21,127,127,52755,527,533,16227,21,127,127,1,1,1,1,1,1,
nocheckpoint,bbht_grover_nocheckpoint,RANGE,-4096,4096,1,34,0x26c93252,0x675d2908,normal,HIT,16227,-1474,22,129,129,55692,556,561,16227,22,129,129,1,1,1,1,1,1,
nocheckpoint,bbht_grover_nocheckpoint,RANGE,-4096,4096,1,35,0xdbe3ed49,0xa7cfea56,normal,HIT,16227,-1474,22,146,146,60640,606,612,16227,22,146,146,1,1,1,1,1,1,
nocheckpoint,bbht_grover_nocheckpoint,RANGE,-4096,4096,1,36,0xc2ec9bb4,0xbfc0ae9e,normal,HIT,16227,-1474,17,47,47,29483,294,299,16227,17,47,47,1,1,1,1,1,1,
nocheckpoint,bbht_grover_nocheckpoint,RANGE,-4096,4096,1,37,0xe7ec8559,0x307064ac,normal,HIT,16227,-1474,22,142,142,58900,589,595,16227,22,142,142,1,1,1,1,1,1,
nocheckpoint,bbht_grover_nocheckpoint,RANGE,-4096,4096,1,38,0xccb88b54,0x2cf00158,normal,HIT,16227,-1474,27,319,319,111510,1115,1121,16227,27,319,319,1,1,1,1,1,1,
nocheckpoint,bbht_grover_nocheckpoint,RANGE,-4096,4096,1,39,0xb512e6a4,0x2b9e708c,normal,HIT,16227,-1474,18,71,71,36464,364,371,16227,18,71,71,1,1,1,1,1,1,
nocheckpoint,bbht_grover_nocheckpoint,RANGE,-4096,4096,1,40,0x7e2c3d82,0xa69fb195,normal,HIT,16227,-1474,24,170,170,67667,676,682,16227,24,170,170,1,1,1,1,1,1,
nocheckpoint,bbht_grover_nocheckpoint,RANGE,-4096,4096,1,41,0x58b3e5ad,0x23a21253,normal,HIT,16227,-1474,25,258,258,91354,913,919,16227,25,258,258,1,1,1,1,1,1,
nocheckpoint,bbht_grover_nocheckpoint,RANGE,-4096,4096,1,42,0x9a07c40b,0x3ea78d8c,normal,HIT,16227,-1474,24,245,245,88120,881,885,16227,24,245,245,1,1,1,1,1,1,
nocheckpoint,bbht_grover_nocheckpoint,RANGE,-4096,4096,1,43,0xf1f9a54b,0x7b00db61,normal,HIT,16227,-1474,21,141,141,57758,577,582,16227,21,141,141,1,1,1,1,1,1,
nocheckpoint,bbht_grover_nocheckpoint,RANGE,-4096,4096,1,44,0xfba6212d,0xb8b8356a,normal,HIT,16227,-1474,24,167,167,66569,665,670,16227,24,167,167,1,1,1,1,1,1,
nocheckpoint,bbht_grover_nocheckpoint,RANGE,-4096,4096,1,45,0x1ca60615,0xd753b84a,normal,HIT,16227,-1474,24,245,245,87108,871,876,16227,24,245,245,1,1,1,1,1,1,
nocheckpoint,bbht_grover_nocheckpoint,RANGE,-4096,4096,1,46,0xa085c93e,0x19b8504d,normal,HIT,16227,-1474,25,235,235,86593,865,871,16227,25,235,235,1,1,1,1,1,1,
nocheckpoint,bbht_grover_nocheckpoint,RANGE,-4096,4096,1,47,0x18190603,0xad0438b2,normal,HIT,16227,-1474,23,189,189,72173,721,727,16227,23,189,189,1,1,1,1,1,1,
nocheckpoint,bbht_grover_nocheckpoint,RANGE,-4096,4096,1,48,0xc1143c78,0xbbdab3cd,normal,HIT,16227,-1474,22,95,95,47413,474,479,16227,22,95,95,1,1,1,1,1,1,
nocheckpoint,bbht_grover_nocheckpoint,RANGE,-4096,4096,1,49,0x332063fc,0x222ba57c,normal,HIT,16227,-1474,22,108,108,50796,507,513,16227,22,108,108,1,1,1,1,1,1,
nocheckpoint,bbht_grover_nocheckpoint,RANGE,-4096,4096,1,50,0xd6f4066b,0xab9eb714,normal,HIT,16227,-1474,22,105,105,48242,482,488,16227,22,105,105,1,1,1,1,1,1,
nocheckpoint,bbht_grover_nocheckpoint,RANGE,-4096,4096,1,51,0x64b9628c,0x9cd8b518,normal,HIT,16227,-1474,15,37,37,23646,236,241,16227,15,37,37,1,1,1,1,1,1,
nocheckpoint,bbht_grover_nocheckpoint,RANGE,-4096,4096,1,52,0x894e6771,0x8a255c2e,normal,HIT,16227,-1474,19,87,87,42683,426,432,16227,19,87,87,1,1,1,1,1,1,
nocheckpoint,bbht_grover_nocheckpoint,RANGE,-4096,4096,1,53,0xe3e668e8,0xff1f20c3,normal,HIT,16227,-1474,21,115,115,51299,512,518,16227,21,115,115,1,1,1,1,1,1,
nocheckpoint,bbht_grover_nocheckpoint,RANGE,-4096,4096,1,54,0x36980406,0xfbdbfa61,normal,HIT,16227,-1474,24,217,217,81416,814,819,16227,24,217,217,1,1,1,1,1,1,
nocheckpoint,bbht_grover_nocheckpoint,RANGE,-4096,4096,1,55,0x114d2b4a,0xa617ad4e,normal,HIT,16227,-1474,23,124,124,55168,551,556,16227,23,124,124,1,1,1,1,1,1,
nocheckpoint,bbht_grover_nocheckpoint,RANGE,-4096,4096,1,56,0x3b8907e1,0x0c6cbd10,normal,HIT,16227,-1474,24,207,207,78236,782,788,16227,24,207,207,1,1,1,1,1,1,
nocheckpoint,bbht_grover_nocheckpoint,RANGE,-4096,4096,1,57,0x2cd09c1d,0x964fb1a7,normal,HIT,16227,-1474,21,126,126,53302,533,537,16227,21,126,126,1,1,1,1,1,1,
nocheckpoint,bbht_grover_nocheckpoint,RANGE,-4096,4096,1,58,0x6d7a8604,0xbd6f99c6,normal,HIT,16227,-1474,22,128,128,56065,560,567,16227,22,128,128,1,1,1,1,1,1,
nocheckpoint,bbht_grover_nocheckpoint,RANGE,-4096,4096,1,59,0x1fadaf42,0x60010aa3,normal,HIT,16227,-1474,20,86,86,42677,426,432,16227,20,86,86,1,1,1,1,1,1,
nocheckpoint,bbht_grover_nocheckpoint,RANGE,-4096,4096,1,60,0x92fe7cfd,0xb54e2773,normal,HIT,16227,-1474,23,217,217,79750,797,804,16227,23,217,217,1,1,1,1,1,1,
nocheckpoint,bbht_grover_nocheckpoint,RANGE,-4096,4096,1,61,0x1aecb060,0x9c545eba,normal,HIT,16227,-1474,17,47,47,30293,302,307,16227,17,47,47,1,1,1,1,1,1,
nocheckpoint,bbht_grover_nocheckpoint,RANGE,-4096,4096,1,62,0x91778cc3,0xbd1d1bc0,normal,HIT,16227,-1474,25,256,256,91838,918,923,16227,25,256,256,1,1,1,1,1,1,
nocheckpoint,bbht_grover_nocheckpoint,RANGE,-4096,4096,1,63,0xe6b7e7eb,0xd542988e,normal,HIT,16227,-1474,20,86,86,42787,427,433,16227,20,86,86,1,1,1,1,1,1,
nocheckpoint,bbht_grover_nocheckpoint,RANGE,-4096,4096,1,64,0x6770144c,0xd2d3c6e7,normal,HIT,16227,-1474,27,246,246,89182,891,896,16227,27,246,246,1,1,1,1,1,1,
nocheckpoint,bbht_grover_nocheckpoint,RANGE,-4096,4096,1,65,0xc600a248,0x0a1e0844,normal,HIT,16227,-1474,23,131,131,56295,562,568,16227,23,131,131,1,1,1,1,1,1,
nocheckpoint,bbht_grover_nocheckpoint,RANGE,-4096,4096,1,66,0x1ea4f830,0x2ef0f28e,normal,HIT,16227,-1474,19,90,90,41771,417,423,16227,19,90,90,1,1,1,1,1,1,
nocheckpoint,bbht_grover_nocheckpoint,RANGE,-4096,4096,1,67,0x639604f3,0x7fe04f83,normal,HIT,16227,-1474,24,153,153,64074,640,646,16227,24,153,153,1,1,1,1,1,1,
nocheckpoint,bbht_grover_nocheckpoint,RANGE,-4096,4096,1,68,0x6e084a84,0xb643b17e,normal,HIT,16227,-1474,27,333,333,114997,1149,1156,16227,27,333,333,1,1,1,1,1,1,
nocheckpoint,bbht_grover_nocheckpoint,RANGE,-4096,4096,1,69,0x3d7fc476,0x467d7a44,normal,HIT,16227,-1474,25,221,221,82178,821,827,16227,25,221,221,1,1,1,1,1,1,
nocheckpoint,bbht_grover_nocheckpoint,RANGE,-4096,4096,1,70,0xedca3875,0xefade11e,normal,HIT,16227,-1474,23,119,119,52804,528,534,16227,23,119,119,1,1,1,1,1,1,
nocheckpoint,bbht_grover_nocheckpoint,RANGE,-4096,4096,1,71,0xb883121d,0x095c678c,normal,HIT,16227,-1474,23,161,161,65335,653,658,16227,23,161,161,1,1,1,1,1,1,
nocheckpoint,bbht_grover_nocheckpoint,RANGE,-4096,4096,1,72,0xace22797,0xbc422a9a,normal,HIT,16227,-1474,22,176,176,66781,667,672,16227,22,176,176,1,1,1,1,1,1,
nocheckpoint,bbht_grover_nocheckpoint,RANGE,-4096,4096,1,73,0xefd3172d,0x8c2c3233,normal,HIT,16227,-1474,25,248,248,90353,903,909,16227,25,248,248,1,1,1,1,1,1,
nocheckpoint,bbht_grover_nocheckpoint,RANGE,-4096,4096,1,74,0xe6aacdb5,0x7f1c158a,normal,HIT,16227,-1474,21,145,145,57848,578,584,16227,21,145,145,1,1,1,1,1,1,
nocheckpoint,bbht_grover_nocheckpoint,RANGE,-4096,4096,1,75,0x6566c598,0xca804b00,normal,HIT,16227,-1474,19,95,95,43466,434,440,16227,19,95,95,1,1,1,1,1,1,
nocheckpoint,bbht_grover_nocheckpoint,RANGE,-4096,4096,1,76,0x4e646d9d,0xcbae5ac0,normal,HIT,16227,-1474,26,256,256,92328,923,929,16227,26,256,256,1,1,1,1,1,1,
nocheckpoint,bbht_grover_nocheckpoint,RANGE,-4096,4096,1,77,0x05d81d6f,0x260c4013,normal,HIT,16227,-1474,19,90,90,41538,415,421,16227,19,90,90,1,1,1,1,1,1,
nocheckpoint,bbht_grover_nocheckpoint,RANGE,-4096,4096,1,78,0x2018f6a3,0x5728c7f4,normal,HIT,16227,-1474,25,177,177,71243,712,718,16227,25,177,177,1,1,1,1,1,1,
nocheckpoint,bbht_grover_nocheckpoint,RANGE,-4096,4096,1,79,0x718ebf0c,0x4d7d460c,normal,HIT,16227,-1474,27,314,314,109267,1092,1097,16227,27,314,314,1,1,1,1,1,1,
nocheckpoint,bbht_grover_nocheckpoint,RANGE,-4096,4096,1,80,0x042a8f17,0x2093b3f4,normal,HIT,16227,-1474,24,175,175,69209,692,697,16227,24,175,175,1,1,1,1,1,1,
nocheckpoint,bbht_grover_nocheckpoint,RANGE,-4096,4096,1,81,0xfc1c775d,0x35bd20f1,normal,HIT,16227,-1474,29,362,362,122919,1229,1235,16227,29,362,362,1,1,1,1,1,1,
nocheckpoint,bbht_grover_nocheckpoint,RANGE,-4096,4096,1,82,0x16b93b63,0x7d609ba5,normal,HIT,16227,-1474,22,136,136,57397,573,579,16227,22,136,136,1,1,1,1,1,1,
nocheckpoint,bbht_grover_nocheckpoint,RANGE,-4096,4096,1,83,0x8ce1028e,0xb152e7ef,normal,HIT,16227,-1474,19,79,79,39776,397,403,16227,19,79,79,1,1,1,1,1,1,
nocheckpoint,bbht_grover_nocheckpoint,RANGE,-4096,4096,1,84,0x87bad980,0x7dbefa97,normal,HIT,16227,-1474,22,163,163,64907,649,655,16227,22,163,163,1,1,1,1,1,1,
nocheckpoint,bbht_grover_nocheckpoint,RANGE,-4096,4096,1,85,0xd63d86f3,0xf5399cca,normal,HIT,16227,-1474,21,129,129,54618,546,551,16227,21,129,129,1,1,1,1,1,1,
nocheckpoint,bbht_grover_nocheckpoint,RANGE,-4096,4096,1,86,0xeeaba102,0x01560fc0,normal,HIT,16227,-1474,22,109,109,50265,502,508,16227,22,109,109,1,1,1,1,1,1,
nocheckpoint,bbht_grover_nocheckpoint,RANGE,-4096,4096,1,87,0xc1fee4bb,0xc7e12d58,normal,HIT,16227,-1474,17,54,54,30487,304,311,16227,17,54,54,1,1,1,1,1,1,
nocheckpoint,bbht_grover_nocheckpoint,RANGE,-4096,4096,1,88,0x0707c9da,0xf644a3f9,normal,HIT,16227,-1474,22,115,115,51066,510,516,16227,22,115,115,1,1,1,1,1,1,
nocheckpoint,bbht_grover_nocheckpoint,RANGE,-4096,4096,1,89,0xde0d9c30,0x58a2ee8f,normal,HIT,16227,-1474,23,150,150,62345,623,628,16227,23,150,150,1,1,1,1,1,1,
nocheckpoint,bbht_grover_nocheckpoint,RANGE,-4096,4096,1,90,0x7cd0efc7,0x9f385cfb,normal,HIT,16227,-1474,13,12,12,15800,158,163,16227,13,12,12,1,1,1,1,1,1,
nocheckpoint,bbht_grover_nocheckpoint,RANGE,-4096,4096,1,91,0xe4cb50a6,0x94d13729,normal,HIT,16227,-1474,26,241,241,88887,888,893,16227,26,241,241,1,1,1,1,1,1,
nocheckpoint,bbht_grover_nocheckpoint,RANGE,-4096,4096,1,92,0xa0882219,0x18f75d24,normal,HIT,16227,-1474,26,354,354,118458,1184,1189,16227,26,354,354,1,1,1,1,1,1,
nocheckpoint,bbht_grover_nocheckpoint,RANGE,-4096,4096,1,93,0xc435e6f2,0xf75a52bc,normal,HIT,16227,-1474,27,294,294,104715,1047,1053,16227,27,294,294,1,1,1,1,1,1,
nocheckpoint,bbht_grover_nocheckpoint,RANGE,-4096,4096,1,94,0x011b63f0,0x0aa34346,normal,HIT,16227,-1474,26,229,229,85115,851,856,16227,26,229,229,1,1,1,1,1,1,
nocheckpoint,bbht_grover_nocheckpoint,RANGE,-4096,4096,1,95,0x1b456e77,0xee460f94,normal,HIT,16227,-1474,25,214,214,80655,806,811,16227,25,214,214,1,1,1,1,1,1,
nocheckpoint,bbht_grover_nocheckpoint,RANGE,-4096,4096,1,96,0x10088608,0xef418331,normal,HIT,16227,-1474,24,183,183,70856,708,713,16227,24,183,183,1,1,1,1,1,1,
nocheckpoint,bbht_grover_nocheckpoint,RANGE,-4096,4096,1,97,0x6fcfc352,0xf8fa9f4c,normal,HIT,16227,-1474,19,69,69,36194,361,367,16227,19,69,69,1,1,1,1,1,1,
nocheckpoint,bbht_grover_nocheckpoint,RANGE,-4096,4096,1,98,0xfb6077af,0x713595a9,normal,HIT,16227,-1474,22,153,153,61325,613,618,16227,22,153,153,1,1,1,1,1,1,
nocheckpoint,bbht_grover_nocheckpoint,RANGE,-4096,4096,1,99,0xc6ebb72e,0x08fdf109,normal,HIT,16227,-1474,27,263,263,94951,949,955,16227,27,263,263,1,1,1,1,1,1,
nocheckpoint,bbht_grover_nocheckpoint,RANGE,-4096,4096,4,0,0x7b1dcdaf,0x24370df2,normal,HIT,4728,-2771,20,81,81,40674,406,412,4728,20,81,81,1,1,1,1,1,1,
nocheckpoint,bbht_grover_nocheckpoint,RANGE,-4096,4096,4,1,0x3a85a4dc,0xa3b9aa35,normal,HIT,4728,-2771,19,56,56,32213,322,328,4728,19,56,56,1,1,1,1,1,1,
nocheckpoint,bbht_grover_nocheckpoint,RANGE,-4096,4096,4,2,0x6162a8b2,0x871c276f,normal,HIT,16227,-1474,17,56,56,30630,306,312,16227,17,56,56,1,1,1,1,1,1,
nocheckpoint,bbht_grover_nocheckpoint,RANGE,-4096,4096,4,3,0xc3adc34e,0xf5b8f22b,normal,HIT,16227,-1474,9,8,8,10730,107,113,16227,9,8,8,1,1,1,1,1,1,
nocheckpoint,bbht_grover_nocheckpoint,RANGE,-4096,4096,4,4,0x2bb073ff,0x3f8396e3,normal,HIT,9777,2203,20,108,108,47262,472,478,9777,20,108,108,1,1,1,1,1,1,
nocheckpoint,bbht_grover_nocheckpoint,RANGE,-4096,4096,4,5,0xda585ab3,0xa7197ad7,normal,HIT,4728,-2771,22,136,136,56422,564,569,4728,22,136,136,1,1,1,1,1,1,
nocheckpoint,bbht_grover_nocheckpoint,RANGE,-4096,4096,4,6,0x0ed109c0,0x5701ce52,normal,HIT,12345,2314,18,90,90,40472,404,410,12345,18,90,90,1,1,1,1,1,1,
nocheckpoint,bbht_grover_nocheckpoint,RANGE,-4096,4096,4,7,0x102ecf73,0x53c7612b,normal,HIT,4728,-2771,21,112,112,49152,491,497,4728,21,112,112,1,1,1,1,1,1,
nocheckpoint,bbht_grover_nocheckpoint,RANGE,-4096,4096,4,8,0xcf29b6a1,0x35231a84,normal,HIT,16227,-1474,20,93,93,44118,441,446,16227,20,93,93,1,1,1,1,1,1,
nocheckpoint,bbht_grover_nocheckpoint,RANGE,-4096,4096,4,9,0xc49cbb42,0xd0a3bbb8,normal,HIT,9777,2203,17,40,40,27925,279,285,9777,17,40,40,1,1,1,1,1,1,
nocheckpoint,bbht_grover_nocheckpoint,RANGE,-4096,4096,4,10,0x4cc51d23,0xee0e3ab4,normal,HIT,12345,2314,16,44,44,26486,264,269,12345,16,44,44,1,1,1,1,1,1,
nocheckpoint,bbht_grover_nocheckpoint,RANGE,-4096,4096,4,11,0xf9e8aa7a,0x3208c31a,normal,HIT,9777,2203,21,108,108,48012,480,486,9777,21,108,108,1,1,1,1,1,1,
nocheckpoint,bbht_grover_nocheckpoint,RANGE,-4096,4096,4,12,0xdda8b051,0xc8105c9d,normal,HIT,16227,-1474,19,51,51,31119,311,316,16227,19,51,51,1,1,1,1,1,1,
nocheckpoint,bbht_grover_nocheckpoint,RANGE,-4096,4096,4,13,0xabfb11bf,0xf5dec75e,normal,HIT,4728,-2771,21,88,88,45132,451,456,4728,21,88,88,1,1,1,1,1,1,
nocheckpoint,bbht_grover_nocheckpoint,RANGE,-4096,4096,4,14,0x20639811,0x6b6a7c47,normal,HIT,4728,-2771,19,71,71,37892,378,385,4728,19,71,71,1,1,1,1,1,1,
nocheckpoint,bbht_grover_nocheckpoint,RANGE,-4096,4096,4,15,0xac72acd2,0xca84bc6c,normal,HIT,9777,2203,16,39,39,25961,259,265,9777,16,39,39,1,1,1,1,1,1,
nocheckpoint,bbht_grover_nocheckpoint,RANGE,-4096,4096,4,16,0x49a2da79,0xe1376725,normal,HIT,9777,2203,14,35,35,22808,228,233,9777,14,35,35,1,1,1,1,1,1,
nocheckpoint,bbht_grover_nocheckpoint,RANGE,-4096,4096,4,17,0x63a4e9d7,0x6166dba4,normal,HIT,4728,-2771,21,91,91,44566,445,451,4728,21,91,91,1,1,1,1,1,1,
nocheckpoint,bbht_grover_nocheckpoint,RANGE,-4096,4096,4,18,0x8983f102,0x43fb6183,normal,HIT,4728,-2771,23,151,151,62227,622,628,4728,23,151,151,1,1,1,1,1,1,
nocheckpoint,bbht_grover_nocheckpoint,RANGE,-4096,4096,4,19,0xb671aa78,0xc97ad8a2,normal,HIT,4728,-2771,11,16,16,14921,149,153,4728,11,16,16,1,1,1,1,1,1,
nocheckpoint,bbht_grover_nocheckpoint,RANGE,-4096,4096,4,20,0xdaeb566a,0x989e5b3d,normal,HIT,9777,2203,15,33,33,23337,233,238,9777,15,33,33,1,1,1,1,1,1,
nocheckpoint,bbht_grover_nocheckpoint,RANGE,-4096,4096,4,21,0xf6181c00,0xa345ac4b,normal,HIT,9777,2203,16,38,38,25448,254,259,9777,16,38,38,1,1,1,1,1,1,
nocheckpoint,bbht_grover_nocheckpoint,RANGE,-4096,4096,4,22,0x4e18d852,0xa08980df,normal,HIT,12345,2314,24,178,178,70733,707,712,12345,24,178,178,1,1,1,1,1,1,
nocheckpoint,bbht_grover_nocheckpoint,RANGE,-4096,4096,4,23,0xa035ceba,0x611de4c4,normal,HIT,16227,-1474,10,13,13,14145,141,146,16227,10,13,13,1,1,1,1,1,1,
nocheckpoint,bbht_grover_nocheckpoint,RANGE,-4096,4096,4,24,0xc2416ee4,0x7323f479,normal,HIT,12345,2314,19,93,93,43059,430,435,12345,19,93,93,1,1,1,1,1,1,
nocheckpoint,bbht_grover_nocheckpoint,RANGE,-4096,4096,4,25,0xfbdafbdd,0xa0c0cf2f,normal,HIT,16227,-1474,18,55,55,31711,317,321,16227,18,55,55,1,1,1,1,1,1,
nocheckpoint,bbht_grover_nocheckpoint,RANGE,-4096,4096,4,26,0xa43fbf47,0x8de97b10,normal,HIT,4728,-2771,15,29,29,20929,209,214,4728,15,29,29,1,1,1,1,1,1,
nocheckpoint,bbht_grover_nocheckpoint,RANGE,-4096,4096,4,27,0x6811f7c1,0xcb07044a,normal,HIT,16227,-1474,7,6,6,8448,84,89,16227,7,6,6,1,1,1,1,1,1,
nocheckpoint,bbht_grover_nocheckpoint,RANGE,-4096,4096,4,28,0x610dde2c,0x8cf5deb9,normal,HIT,12345,2314,21,89,89,43546,435,440,12345,21,89,89,1,1,1,1,1,1,
nocheckpoint,bbht_grover_nocheckpoint,RANGE,-4096,4096,4,29,0x82241b87,0xbbe27f39,normal,HIT,4728,-2771,18,62,62,33296,332,338,4728,18,62,62,1,1,1,1,1,1,
nocheckpoint,bbht_grover_nocheckpoint,RANGE,-4096,4096,4,30,0x48647490,0xea9551eb,normal,HIT,16227,-1474,17,38,38,25782,257,263,16227,17,38,38,1,1,1,1,1,1,
nocheckpoint,bbht_grover_nocheckpoint,RANGE,-4096,4096,4,31,0x63df3b7f,0xa8b057e1,normal,HIT,16227,-1474,21,106,106,47767,477,483,16227,21,106,106,1,1,1,1,1,1,
nocheckpoint,bbht_grover_nocheckpoint,RANGE,-4096,4096,4,32,0x433125bb,0x3221fef0,normal,HIT,4728,-2771,12,18,18,15743,157,162,4728,12,18,18,1,1,1,1,1,1,
nocheckpoint,bbht_grover_nocheckpoint,RANGE,-4096,4096,4,33,0x7943be40,0x6641ee79,normal,HIT,4728,-2771,16,41,41,25143,251,257,4728,16,41,41,1,1,1,1,1,1,
nocheckpoint,bbht_grover_nocheckpoint,RANGE,-4096,4096,4,34,0x26c93252,0x675d2908,normal,HIT,4728,-2771,21,110,110,49286,492,498,4728,21,110,110,1,1,1,1,1,1,
nocheckpoint,bbht_grover_nocheckpoint,RANGE,-4096,4096,4,35,0xdbe3ed49,0xa7cfea56,normal,HIT,12345,2314,19,98,98,45062,450,456,12345,19,98,98,1,1,1,1,1,1,
nocheckpoint,bbht_grover_nocheckpoint,RANGE,-4096,4096,4,36,0xc2ec9bb4,0xbfc0ae9e,normal,HIT,9777,2203,24,229,229,84014,840,844,9777,24,229,229,1,1,1,1,1,1,
nocheckpoint,bbht_grover_nocheckpoint,RANGE,-4096,4096,4,37,0xe7ec8559,0x307064ac,normal,HIT,9777,2203,13,17,17,16731,167,173,9777,13,17,17,1,1,1,1,1,1,
nocheckpoint,bbht_grover_nocheckpoint,RANGE,-4096,4096,4,38,0xccb88b54,0x2cf00158,normal,HIT,12345,2314,13,31,31,21106,211,216,12345,13,31,31,1,1,1,1,1,1,
nocheckpoint,bbht_grover_nocheckpoint,RANGE,-4096,4096,4,39,0xb512e6a4,0x2b9e708c,normal,HIT,9777,2203,18,71,71,36323,363,369,9777,18,71,71,1,1,1,1,1,1,
nocheckpoint,bbht_grover_nocheckpoint,RANGE,-4096,4096,4,40,0x7e2c3d82,0xa69fb195,normal,HIT,12345,2314,21,90,90,43472,434,440,12345,21,90,90,1,1,1,1,1,1,
nocheckpoint,bbht_grover_nocheckpoint,RANGE,-4096,4096,4,41,0x58b3e5ad,0x23a21253,normal,HIT,12345,2314,17,61,61,31541,315,319,12345,17,61,61,1,1,1,1,1,1,
nocheckpoint,bbht_grover_nocheckpoint,RANGE,-4096,4096,4,42,0x9a07c40b,0x3ea78d8c,normal,HIT,16227,-1474,23,190,190,72355,723,729,16227,23,190,190,1,1,1,1,1,1,
nocheckpoint,bbht_grover_nocheckpoint,RANGE,-4096,4096,4,43,0xf1f9a54b,0x7b00db61,normal,HIT,4728,-2771,21,141,141,57528,575,581,4728,21,141,141,1,1,1,1,1,1,
nocheckpoint,bbht_grover_nocheckpoint,RANGE,-4096,4096,4,44,0xfba6212d,0xb8b8356a,normal,HIT,9777,2203,18,58,58,31966,319,325,9777,18,58,58,1,1,1,1,1,1,
nocheckpoint,bbht_grover_nocheckpoint,RANGE,-4096,4096,4,45,0x1ca60615,0xd753b84a,normal,HIT,4728,-2771,20,102,102,45402,454,459,4728,20,102,102,1,1,1,1,1,1,
nocheckpoint,bbht_grover_nocheckpoint,RANGE,-4096,4096,4,46,0xa085c93e,0x19b8504d,normal,HIT,4728,-2771,23,126,126,55420,554,560,4728,23,126,126,1,1,1,1,1,1,
nocheckpoint,bbht_grover_nocheckpoint,RANGE,-4096,4096,4,47,0x18190603,0xad0438b2,normal,HIT,12345,2314,19,76,76,38052,380,386,12345,19,76,76,1,1,1,1,1,1,
nocheckpoint,bbht_grover_nocheckpoint,RANGE,-4096,4096,4,48,0xc1143c78,0xbbdab3cd,normal,HIT,4728,-2771,17,27,27,24470,244,250,4728,17,27,27,1,1,1,1,1,1,
nocheckpoint,bbht_grover_nocheckpoint,RANGE,-4096,4096,4,49,0x332063fc,0x222ba57c,normal,HIT,9777,2203,15,32,32,23938,239,244,9777,15,32,32,1,1,1,1,1,1,
nocheckpoint,bbht_grover_nocheckpoint,RANGE,-4096,4096,4,50,0xd6f4066b,0xab9eb714,normal,HIT,12345,2314,16,32,32,23190,231,238,12345,16,32,32,1,1,1,1,1,1,
nocheckpoint,bbht_grover_nocheckpoint,RANGE,-4096,4096,4,51,0x64b9628c,0x9cd8b518,normal,HIT,9777,2203,20,88,88,41582,415,421,9777,20,88,88,1,1,1,1,1,1,
nocheckpoint,bbht_grover_nocheckpoint,RANGE,-4096,4096,4,52,0x894e6771,0x8a255c2e,normal,HIT,16227,-1474,16,43,43,27835,278,283,16227,16,43,43,1,1,1,1,1,1,
nocheckpoint,bbht_grover_nocheckpoint,RANGE,-4096,4096,4,53,0xe3e668e8,0xff1f20c3,normal,HIT,12345,2314,18,49,49,30775,307,313,12345,18,49,49,1,1,1,1,1,1,
nocheckpoint,bbht_grover_nocheckpoint,RANGE,-4096,4096,4,54,0x36980406,0xfbdbfa61,normal,HIT,4728,-2771,17,61,61,32754,327,333,4728,17,61,61,1,1,1,1,1,1,
nocheckpoint,bbht_grover_nocheckpoint,RANGE,-4096,4096,4,55,0x114d2b4a,0xa617ad4e,normal,HIT,9777,2203,18,51,51,30799,307,314,9777,18,51,51,1,1,1,1,1,1,
nocheckpoint,bbht_grover_nocheckpoint,RANGE,-4096,4096,4,56,0x3b8907e1,0x0c6cbd10,normal,HIT,9777,2203,21,86,86,42959,429,435,9777,21,86,86,1,1,1,1,1,1,
nocheckpoint,bbht_grover_nocheckpoint,RANGE,-4096,4096,4,57,0x2cd09c1d,0x964fb1a7,normal,HIT,4728,-2771,20,97,97,43792,437,443,4728,20,97,97,1,1,1,1,1,1,
nocheckpoint,bbht_grover_nocheckpoint,RANGE,-4096,4096,4,58,0x6d7a8604,0xbd6f99c6,normal,HIT,12345,2314,22,128,128,55903,559,565,12345,22,128,128,1,1,1,1,1,1,
nocheckpoint,bbht_grover_nocheckpoint,RANGE,-4096,4096,4,59,0x1fadaf42,0x60010aa3,normal,HIT,4728,-2771,20,86,86,42847,428,433,4728,20,86,86,1,1,1,1,1,1,
nocheckpoint,bbht_grover_nocheckpoint,RANGE,-4096,4096,4,60,0x92fe7cfd,0xb54e2773,normal,HIT,4728,-2771,8,6,6,8619,86,91,4728,8,6,6,1,1,1,1,1,1,
nocheckpoint,bbht_grover_nocheckpoint,RANGE,-4096,4096,4,61,0x1aecb060,0x9c545eba,normal,HIT,4728,-2771,22,123,123,55329,553,559,4728,22,123,123,1,1,1,1,1,1,
nocheckpoint,bbht_grover_nocheckpoint,RANGE,-4096,4096,4,62,0x91778cc3,0xbd1d1bc0,normal,HIT,12345,2314,22,120,120,53421,534,540,12345,22,120,120,1,1,1,1,1,1,
nocheckpoint,bbht_grover_nocheckpoint,RANGE,-4096,4096,4,63,0xe6b7e7eb,0xd542988e,normal,HIT,9777,2203,20,86,86,42740,427,432,9777,20,86,86,1,1,1,1,1,1,
nocheckpoint,bbht_grover_nocheckpoint,RANGE,-4096,4096,4,64,0x6770144c,0xd2d3c6e7,normal,HIT,12345,2314,16,32,32,23121,231,236,12345,16,32,32,1,1,1,1,1,1,
nocheckpoint,bbht_grover_nocheckpoint,RANGE,-4096,4096,4,65,0xc600a248,0x0a1e0844,normal,HIT,4728,-2771,20,45,45,30316,303,308,4728,20,45,45,1,1,1,1,1,1,
nocheckpoint,bbht_grover_nocheckpoint,RANGE,-4096,4096,4,66,0x1ea4f830,0x2ef0f28e,normal,HIT,9777,2203,15,45,45,25645,256,261,9777,15,45,45,1,1,1,1,1,1,
nocheckpoint,bbht_grover_nocheckpoint,RANGE,-4096,4096,4,67,0x639604f3,0x7fe04f83,normal,HIT,9777,2203,22,105,105,49079,490,495,9777,22,105,105,1,1,1,1,1,1,
nocheckpoint,bbht_grover_nocheckpoint,RANGE,-4096,4096,4,68,0x6e084a84,0xb643b17e,normal,HIT,9777,2203,22,110,110,50626,506,511,9777,22,110,110,1,1,1,1,1,1,
nocheckpoint,bbht_grover_nocheckpoint,RANGE,-4096,4096,4,69,0x3d7fc476,0x467d7a44,normal,HIT,9777,2203,21,81,81,41157,411,416,9777,21,81,81,1,1,1,1,1,1,
nocheckpoint,bbht_grover_nocheckpoint,RANGE,-4096,4096,4,70,0xedca3875,0xefade11e,normal,HIT,16227,-1474,24,133,133,57866,578,584,16227,24,133,133,1,1,1,1,1,1,
nocheckpoint,bbht_grover_nocheckpoint,RANGE,-4096,4096,4,71,0xb883121d,0x095c678c,normal,HIT,16227,-1474,21,87,87,43974,439,444,16227,21,87,87,1,1,1,1,1,1,
nocheckpoint,bbht_grover_nocheckpoint,RANGE,-4096,4096,4,72,0xace22797,0xbc422a9a,normal,HIT,12345,2314,19,92,92,41673,416,422,12345,19,92,92,1,1,1,1,1,1,
nocheckpoint,bbht_grover_nocheckpoint,RANGE,-4096,4096,4,73,0xefd3172d,0x8c2c3233,normal,HIT,9777,2203,14,24,24,20105,201,206,9777,14,24,24,1,1,1,1,1,1,
nocheckpoint,bbht_grover_nocheckpoint,RANGE,-4096,4096,4,74,0xe6aacdb5,0x7f1c158a,normal,HIT,4728,-2771,17,64,64,32536,325,331,4728,17,64,64,1,1,1,1,1,1,
nocheckpoint,bbht_grover_nocheckpoint,RANGE,-4096,4096,4,75,0x6566c598,0xca804b00,normal,HIT,4728,-2771,17,62,62,32366,323,329,4728,17,62,62,1,1,1,1,1,1,
nocheckpoint,bbht_grover_nocheckpoint,RANGE,-4096,4096,4,76,0x4e646d9d,0xcbae5ac0,normal,HIT,9777,2203,20,76,76,38679,386,392,9777,20,76,76,1,1,1,1,1,1,
nocheckpoint,bbht_grover_nocheckpoint,RANGE,-4096,4096,4,77,0x05d81d6f,0x260c4013,normal,HIT,4728,-2771,19,90,90,40718,407,411,4728,19,90,90,1,1,1,1,1,1,
nocheckpoint,bbht_grover_nocheckpoint,RANGE,-4096,4096,4,78,0x2018f6a3,0x5728c7f4,normal,HIT,4728,-2771,14,25,25,20488,204,209,4728,14,25,25,1,1,1,1,1,1,
nocheckpoint,bbht_grover_nocheckpoint,RANGE,-4096,4096,4,79,0x718ebf0c,0x4d7d460c,normal,HIT,4728,-2771,14,27,27,20303,203,208,4728,14,27,27,1,1,1,1,1,1,
nocheckpoint,bbht_grover_nocheckpoint,RANGE,-4096,4096,4,80,0x042a8f17,0x2093b3f4,normal,HIT,16227,-1474,21,89,89,43540,435,440,16227,21,89,89,1,1,1,1,1,1,
nocheckpoint,bbht_grover_nocheckpoint,RANGE,-4096,4096,4,81,0xfc1c775d,0x35bd20f1,normal,HIT,4728,-2771,18,79,79,37980,379,385,4728,18,79,79,1,1,1,1,1,1,
nocheckpoint,bbht_grover_nocheckpoint,RANGE,-4096,4096,4,82,0x16b93b63,0x7d609ba5,normal,HIT,16227,-1474,21,121,121,52290,522,528,16227,21,121,121,1,1,1,1,1,1,
nocheckpoint,bbht_grover_nocheckpoint,RANGE,-4096,4096,4,83,0x8ce1028e,0xb152e7ef,normal,HIT,16227,-1474,20,110,110,48650,486,493,16227,20,110,110,1,1,1,1,1,1,
nocheckpoint,bbht_grover_nocheckpoint,RANGE,-4096,4096,4,84,0x87bad980,0x7dbefa97,normal,HIT,16227,-1474,20,107,107,48139,481,486,16227,20,107,107,1,1,1,1,1,1,
nocheckpoint,bbht_grover_nocheckpoint,RANGE,-4096,4096,4,85,0xd63d86f3,0xf5399cca,normal,HIT,16227,-1474,18,44,44,28831,288,293,16227,18,44,44,1,1,1,1,1,1,
nocheckpoint,bbht_grover_nocheckpoint,RANGE,-4096,4096,4,86,0xeeaba102,0x01560fc0,normal,HIT,4728,-2771,23,136,136,58318,583,589,4728,23,136,136,1,1,1,1,1,1,
nocheckpoint,bbht_grover_nocheckpoint,RANGE,-4096,4096,4,87,0xc1fee4bb,0xc7e12d58,normal,HIT,16227,-1474,15,33,33,22651,226,231,16227,15,33,33,1,1,1,1,1,1,
nocheckpoint,bbht_grover_nocheckpoint,RANGE,-4096,4096,4,88,0x0707c9da,0xf644a3f9,normal,HIT,12345,2314,10,10,10,12519,125,130,12345,10,10,10,1,1,1,1,1,1,
nocheckpoint,bbht_grover_nocheckpoint,RANGE,-4096,4096,4,89,0xde0d9c30,0x58a2ee8f,normal,HIT,12345,2314,21,91,91,44600,446,451,12345,21,91,91,1,1,1,1,1,1,
nocheckpoint,bbht_grover_nocheckpoint,RANGE,-4096,4096,4,90,0x7cd0efc7,0x9f385cfb,normal,HIT,16227,-1474,13,12,12,15805,158,163,16227,13,12,12,1,1,1,1,1,1,
nocheckpoint,bbht_grover_nocheckpoint,RANGE,-4096,4096,4,91,0xe4cb50a6,0x94d13729,normal,HIT,16227,-1474,22,121,121,53173,531,536,16227,22,121,121,1,1,1,1,1,1,
nocheckpoint,bbht_grover_nocheckpoint,RANGE,-4096,4096,4,92,0xa0882219,0x18f75d24,normal,HIT,9777,2203,18,55,55,31533,315,320,9777,18,55,55,1,1,1,1,1,1,
nocheckpoint,bbht_grover_nocheckpoint,RANGE,-4096,4096,4,93,0xc435e6f2,0xf75a52bc,normal,HIT,9777,2203,18,71,71,36332,363,369,9777,18,71,71,1,1,1,1,1,1,
nocheckpoint,bbht_grover_nocheckpoint,RANGE,-4096,4096,4,94,0x011b63f0,0x0aa34346,normal,HIT,16227,-1474,13,21,21,17652,176,181,16227,13,21,21,1,1,1,1,1,1,
nocheckpoint,bbht_grover_nocheckpoint,RANGE,-4096,4096,4,95,0x1b456e77,0xee460f94,normal,HIT,12345,2314,21,100,100,46638,466,471,12345,21,100,100,1,1,1,1,1,1,
nocheckpoint,bbht_grover_nocheckpoint,RANGE,-4096,4096,4,96,0x10088608,0xef418331,normal,HIT,9777,2203,16,31,31,22774,227,233,9777,16,31,31,1,1,1,1,1,1,
nocheckpoint,bbht_grover_nocheckpoint,RANGE,-4096,4096,4,97,0x6fcfc352,0xf8fa9f4c,normal,HIT,4728,-2771,22,124,124,53941,539,545,4728,22,124,124,1,1,1,1,1,1,
nocheckpoint,bbht_grover_nocheckpoint,RANGE,-4096,4096,4,98,0xfb6077af,0x713595a9,normal,HIT,12345,2314,19,82,82,39545,395,400,12345,19,82,82,1,1,1,1,1,1,
nocheckpoint,bbht_grover_nocheckpoint,RANGE,-4096,4096,4,99,0xc6ebb72e,0x08fdf109,normal,HIT,9777,2203,16,42,42,26286,262,267,9777,16,42,42,1,1,1,1,1,1,
nocheckpoint,bbht_grover_nocheckpoint,RANGE,-4096,4096,16,0,0x7b1dcdaf,0x24370df2,normal,HIT,4554,4061,20,81,81,40626,406,411,4554,20,81,81,1,1,1,1,1,1,
nocheckpoint,bbht_grover_nocheckpoint,RANGE,-4096,4096,16,1,0x3a85a4dc,0xa3b9aa35,normal,HIT,13446,-543,11,9,9,12312,123,128,13446,11,9,9,1,1,1,1,1,1,
nocheckpoint,bbht_grover_nocheckpoint,RANGE,-4096,4096,16,2,0x6162a8b2,0x871c276f,normal,HIT,16227,-1474,14,34,34,21886,218,224,16227,14,34,34,1,1,1,1,1,1,
nocheckpoint,bbht_grover_nocheckpoint,RANGE,-4096,4096,16,3,0xc3adc34e,0xf5b8f22b,normal,HIT,16227,-1474,9,8,8,10756,107,113,16227,9,8,8,1,1,1,1,1,1,
nocheckpoint,bbht_grover_nocheckpoint,RANGE,-4096,4096,16,4,0x2bb073ff,0x3f8396e3,normal,HIT,5449,-2943,17,59,59,31726,317,323,5449,17,59,59,1,1,1,1,1,1,
nocheckpoint,bbht_grover_nocheckpoint,RANGE,-4096,4096,16,5,0xda585ab3,0xa7197ad7,normal,HIT,12345,2314,18,40,40,27466,274,281,12345,18,40,40,1,1,1,1,1,1,
nocheckpoint,bbht_grover_nocheckpoint,RANGE,-4096,4096,16,6,0x0ed109c0,0x5701ce52,normal,HIT,1208,-1015,15,42,42,24765,247,254,1208,15,42,42,1,1,1,1,1,1,
nocheckpoint,bbht_grover_nocheckpoint,RANGE,-4096,4096,16,7,0x102ecf73,0x53c7612b,normal,HIT,6787,-1136,19,67,67,34948,349,355,6787,19,67,67,1,1,1,1,1,1,
nocheckpoint,bbht_grover_nocheckpoint,RANGE,-4096,4096,16,8,0xcf29b6a1,0x35231a84,normal,HIT,12995,-628,15,40,40,25543,255,260,12995,15,40,40,1,1,1,1,1,1,
nocheckpoint,bbht_grover_nocheckpoint,RANGE,-4096,4096,16,9,0xc49cbb42,0xd0a3bbb8,normal,HIT,3663,-4027,11,14,14,15159,151,157,3663,11,14,14,1,1,1,1,1,1,
nocheckpoint,bbht_grover_nocheckpoint,RANGE,-4096,4096,16,10,0x4cc51d23,0xee0e3ab4,normal,HIT,4554,4061,20,93,93,43346,433,439,4554,20,93,93,1,1,1,1,1,1,
nocheckpoint,bbht_grover_nocheckpoint,RANGE,-4096,4096,16,11,0xf9e8aa7a,0x3208c31a,normal,HIT,1208,-1015,15,41,41,24450,244,250,1208,15,41,41,1,1,1,1,1,1,
nocheckpoint,bbht_grover_nocheckpoint,RANGE,-4096,4096,16,12,0xdda8b051,0xc8105c9d,normal,HIT,645,768,18,42,42,27510,275,280,645,18,42,42,1,1,1,1,1,1,
nocheckpoint,bbht_grover_nocheckpoint,RANGE,-4096,4096,16,13,0xabfb11bf,0xf5dec75e,normal,HIT,6787,-1136,17,61,61,33477,334,340,6787,17,61,61,1,1,1,1,1,1,
nocheckpoint,bbht_grover_nocheckpoint,RANGE,-4096,4096,16,14,0x20639811,0x6b6a7c47,normal,HIT,15376,-614,16,45,45,28222,282,286,15376,16,45,45,1,1,1,1,1,1,
nocheckpoint,bbht_grover_nocheckpoint,RANGE,-4096,4096,16,15,0xac72acd2,0xca84bc6c,normal,HIT,9777,2203,16,39,39,25911,259,264,9777,16,39,39,1,1,1,1,1,1,
nocheckpoint,bbht_grover_nocheckpoint,RANGE,-4096,4096,16,16,0x49a2da79,0xe1376725,normal,HIT,9777,2203,14,35,35,22835,228,233,9777,14,35,35,1,1,1,1,1,1,
nocheckpoint,bbht_grover_nocheckpoint,RANGE,-4096,4096,16,17,0x63a4e9d7,0x6166dba4,normal,HIT,13446,-543,15,30,30,22880,228,235,13446,15,30,30,1,1,1,1,1,1,
nocheckpoint,bbht_grover_nocheckpoint,RANGE,-4096,4096,16,18,0x8983f102,0x43fb6183,normal,HIT,13981,-1174,17,55,55,31174,311,317,13981,17,55,55,1,1,1,1,1,1,
nocheckpoint,bbht_grover_nocheckpoint,RANGE,-4096,4096,16,19,0xb671aa78,0xc97ad8a2,normal,HIT,13981,-1174,7,3,3,7673,76,82,13981,7,3,3,1,1,1,1,1,1,
nocheckpoint,bbht_grover_nocheckpoint,RANGE,-4096,4096,16,20,0xdaeb566a,0x989e5b3d,normal,HIT,12995,-628,15,33,33,23406,234,239,12995,15,33,33,1,1,1,1,1,1,
nocheckpoint,bbht_grover_nocheckpoint,RANGE,-4096,4096,16,21,0xf6181c00,0xa345ac4b,normal,HIT,6787,-1136,12,12,12,14593,145,151,6787,12,12,12,1,1,1,1,1,1,
nocheckpoint,bbht_grover_nocheckpoint,RANGE,-4096,4096,16,22,0x4e18d852,0xa08980df,normal,HIT,9998,-1243,12,18,18,15565,155,161,9998,12,18,18,1,1,1,1,1,1,
nocheckpoint,bbht_grover_nocheckpoint,RANGE,-4096,4096,16,23,0xa035ceba,0x611de4c4,normal,HIT,9270,2094,12,21,21,18514,185,190,9270,12,21,21,1,1,1,1,1,1,
nocheckpoint,bbht_grover_nocheckpoint,RANGE,-4096,4096,16,24,0xc2416ee4,0x7323f479,normal,HIT,12995,-628,12,28,28,18466,184,191,12995,12,28,28,1,1,1,1,1,1,
nocheckpoint,bbht_grover_nocheckpoint,RANGE,-4096,4096,16,25,0xfbdafbdd,0xa0c0cf2f,normal,HIT,15376,-614,18,55,55,31216,312,317,15376,18,55,55,1,1,1,1,1,1,
nocheckpoint,bbht_grover_nocheckpoint,RANGE,-4096,4096,16,26,0xa43fbf47,0x8de97b10,normal,HIT,5449,-2943,15,29,29,20928,209,214,5449,15,29,29,1,1,1,1,1,1,
nocheckpoint,bbht_grover_nocheckpoint,RANGE,-4096,4096,16,27,0x6811f7c1,0xcb07044a,normal,HIT,4728,-2771,14,32,32,21997,219,225,4728,14,32,32,1,1,1,1,1,1,
nocheckpoint,bbht_grover_nocheckpoint,RANGE,-4096,4096,16,28,0x610dde2c,0x8cf5deb9,normal,HIT,5449,-2943,11,17,17,14760,147,153,5449,11,17,17,1,1,1,1,1,1,
nocheckpoint,bbht_grover_nocheckpoint,RANGE,-4096,4096,16,29,0x82241b87,0xbbe27f39,normal,HIT,4728,-2771,18,62,62,33271,332,338,4728,18,62,62,1,1,1,1,1,1,
nocheckpoint,bbht_grover_nocheckpoint,RANGE,-4096,4096,16,30,0x48647490,0xea9551eb,normal,HIT,3663,-4027,19,63,63,33762,337,342,3663,19,63,63,1,1,1,1,1,1,
nocheckpoint,bbht_grover_nocheckpoint,RANGE,-4096,4096,16,31,0x63df3b7f,0xa8b057e1,normal,HIT,3663,-4027,14,35,35,22798,227,233,3663,14,35,35,1,1,1,1,1,1,
nocheckpoint,bbht_grover_nocheckpoint,RANGE,-4096,4096,16,32,0x433125bb,0x3221fef0,normal,HIT,12995,-628,7,4,4,7315,73,78,12995,7,4,4,1,1,1,1,1,1,
nocheckpoint,bbht_grover_nocheckpoint,RANGE,-4096,4096,16,33,0x7943be40,0x6641ee79,normal,HIT,1208,-1015,8,8,8,9311,93,99,1208,8,8,8,1,1,1,1,1,1,
nocheckpoint,bbht_grover_nocheckpoint,RANGE,-4096,4096,16,34,0x26c93252,0x675d2908,normal,HIT,645,768,9,12,12,11681,116,122,645,9,12,12,1,1,1,1,1,1,
nocheckpoint,bbht_grover_nocheckpoint,RANGE,-4096,4096,16,35,0xdbe3ed49,0xa7cfea56,normal,HIT,16227,-1474,17,57,57,31773,317,324,16227,17,57,57,1,1,1,1,1,1,
nocheckpoint,bbht_grover_nocheckpoint,RANGE,-4096,4096,16,36,0xc2ec9bb4,0xbfc0ae9e,normal,HIT,16227,-1474,17,47,47,29477,294,299,16227,17,47,47,1,1,1,1,1,1,
nocheckpoint,bbht_grover_nocheckpoint,RANGE,-4096,4096,16,37,0xe7ec8559,0x307064ac,normal,HIT,9270,2094,16,28,28,22565,225,231,9270,16,28,28,1,1,1,1,1,1,
nocheckpoint,bbht_grover_nocheckpoint,RANGE,-4096,4096,16,38,0xccb88b54,0x2cf00158,normal,HIT,1208,-1015,17,70,70,35112,351,356,1208,17,70,70,1,1,1,1,1,1,
nocheckpoint,bbht_grover_nocheckpoint,RANGE,-4096,4096,16,39,0xb512e6a4,0x2b9e708c,normal,HIT,1208,-1015,15,31,31,22623,226,232,1208,15,31,31,1,1,1,1,1,1,
nocheckpoint,bbht_grover_nocheckpoint,RANGE,-4096,4096,16,40,0x7e2c3d82,0xa69fb195,normal,HIT,1208,-1015,15,28,28,21726,217,221,1208,15,28,28,1,1,1,1,1,1,
nocheckpoint,bbht_grover_nocheckpoint,RANGE,-4096,4096,16,41,0x58b3e5ad,0x23a21253,normal,HIT,4554,4061,17,61,61,31388,313,318,4554,17,61,61,1,1,1,1,1,1,
nocheckpoint,bbht_grover_nocheckpoint,RANGE,-4096,4096,16,42,0x9a07c40b,0x3ea78d8c,normal,HIT,15376,-614,15,34,34,23702,237,243,15376,15,34,34,1,1,1,1,1,1,
nocheckpoint,bbht_grover_nocheckpoint,RANGE,-4096,4096,16,43,0xf1f9a54b,0x7b00db61,normal,HIT,13446,-543,14,33,33,22230,222,227,13446,14,33,33,1,1,1,1,1,1,
nocheckpoint,bbht_grover_nocheckpoint,RANGE,-4096,4096,16,44,0xfba6212d,0xb8b8356a,normal,HIT,4554,4061,12,13,13,14350,143,150,4554,12,13,13,1,1,1,1,1,1,
nocheckpoint,bbht_grover_nocheckpoint,RANGE,-4096,4096,16,45,0x1ca60615,0xd753b84a,normal,HIT,6787,-1136,9,10,10,10402,104,110,6787,9,10,10,1,1,1,1,1,1,
nocheckpoint,bbht_grover_nocheckpoint,RANGE,-4096,4096,16,46,0xa085c93e,0x19b8504d,normal,HIT,6787,-1136,9,10,10,11501,115,121,6787,9,10,10,1,1,1,1,1,1,
nocheckpoint,bbht_grover_nocheckpoint,RANGE,-4096,4096,16,47,0x18190603,0xad0438b2,normal,HIT,1208,-1015,16,42,42,25868,258,263,1208,16,42,42,1,1,1,1,1,1,
nocheckpoint,bbht_grover_nocheckpoint,RANGE,-4096,4096,16,48,0xc1143c78,0xbbdab3cd,normal,HIT,15376,-614,13,13,13,16672,166,172,15376,13,13,13,1,1,1,1,1,1,
nocheckpoint,bbht_grover_nocheckpoint,RANGE,-4096,4096,16,49,0x332063fc,0x222ba57c,normal,HIT,12345,2314,4,1,1,3981,39,45,12345,4,1,1,1,1,1,1,1,1,
nocheckpoint,bbht_grover_nocheckpoint,RANGE,-4096,4096,16,50,0xd6f4066b,0xab9eb714,normal,HIT,9998,-1243,18,48,48,29244,292,298,9998,18,48,48,1,1,1,1,1,1,
nocheckpoint,bbht_grover_nocheckpoint,RANGE,-4096,4096,16,51,0x64b9628c,0x9cd8b518,normal,HIT,16227,-1474,15,37,37,23653,236,241,16227,15,37,37,1,1,1,1,1,1,
nocheckpoint,bbht_grover_nocheckpoint,RANGE,-4096,4096,16,52,0x894e6771,0x8a255c2e,normal,HIT,13446,-543,11,9,9,13757,137,143,13446,11,9,9,1,1,1,1,1,1,
nocheckpoint,bbht_grover_nocheckpoint,RANGE,-4096,4096,16,53,0xe3e668e8,0xff1f20c3,normal,HIT,9270,2094,20,77,77,40026,400,405,9270,20,77,77,1,1,1,1,1,1,
nocheckpoint,bbht_grover_nocheckpoint,RANGE,-4096,4096,16,54,0x36980406,0xfbdbfa61,normal,HIT,3663,-4027,11,22,22,16437,164,169,3663,11,22,22,1,1,1,1,1,1,
nocheckpoint,bbht_grover_nocheckpoint,RANGE,-4096,4096,16,55,0x114d2b4a,0xa617ad4e,normal,HIT,5449,-2943,13,22,22,18157,181,187,5449,13,22,22,1,1,1,1,1,1,
nocheckpoint,bbht_grover_nocheckpoint,RANGE,-4096,4096,16,56,0x3b8907e1,0x0c6cbd10,normal,HIT,645,768,8,7,7,9338,93,99,645,8,7,7,1,1,1,1,1,1,
nocheckpoint,bbht_grover_nocheckpoint,RANGE,-4096,4096,16,57,0x2cd09c1d,0x964fb1a7,normal,HIT,12995,-628,15,38,38,24003,240,245,12995,15,38,38,1,1,1,1,1,1,
nocheckpoint,bbht_grover_nocheckpoint,RANGE,-4096,4096,16,58,0x6d7a8604,0xbd6f99c6,normal,HIT,13981,-1174,9,7,7,11122,111,116,13981,9,7,7,1,1,1,1,1,1,
nocheckpoint,bbht_grover_nocheckpoint,RANGE,-4096,4096,16,59,0x1fadaf42,0x60010aa3,normal,HIT,9777,2203,16,49,49,28960,289,294,9777,16,49,49,1,1,1,1,1,1,
nocheckpoint,bbht_grover_nocheckpoint,RANGE,-4096,4096,16,60,0x92fe7cfd,0xb54e2773,normal,HIT,4728,-2771,8,6,6,8627,86,91,4728,8,6,6,1,1,1,1,1,1,
nocheckpoint,bbht_grover_nocheckpoint,RANGE,-4096,4096,16,61,0x1aecb060,0x9c545eba,normal,HIT,15376,-614,15,34,34,24658,246,252,15376,15,34,34,1,1,1,1,1,1,
nocheckpoint,bbht_grover_nocheckpoint,RANGE,-4096,4096,16,62,0x91778cc3,0xbd1d1bc0,normal,HIT,645,768,17,52,52,30120,301,306,645,17,52,52,1,1,1,1,1,1,
nocheckpoint,bbht_grover_nocheckpoint,RANGE,-4096,4096,16,63,0xe6b7e7eb,0xd542988e,normal,HIT,15376,-614,13,24,24,18992,189,195,15376,13,24,24,1,1,1,1,1,1,
nocheckpoint,bbht_grover_nocheckpoint,RANGE,-4096,4096,16,64,0x6770144c,0xd2d3c6e7,normal,HIT,4728,-2771,18,52,52,30037,300,306,4728,18,52,52,1,1,1,1,1,1,
nocheckpoint,bbht_grover_nocheckpoint,RANGE,-4096,4096,16,65,0xc600a248,0x0a1e0844,normal,HIT,4728,-2771,20,45,45,30277,302,307,4728,20,45,45,1,1,1,1,1,1,
nocheckpoint,bbht_grover_nocheckpoint,RANGE,-4096,4096,16,66,0x1ea4f830,0x2ef0f28e,normal,HIT,645,768,15,45,45,25400,254,260,645,15,45,45,1,1,1,1,1,1,
nocheckpoint,bbht_grover_nocheckpoint,RANGE,-4096,4096,16,67,0x639604f3,0x7fe04f83,normal,HIT,1208,-1015,11,15,15,14148,141,147,1208,11,15,15,1,1,1,1,1,1,
nocheckpoint,bbht_grover_nocheckpoint,RANGE,-4096,4096,16,68,0x6e084a84,0xb643b17e,normal,HIT,12995,-628,11,18,18,15654,156,162,12995,11,18,18,1,1,1,1,1,1,
nocheckpoint,bbht_grover_nocheckpoint,RANGE,-4096,4096,16,69,0x3d7fc476,0x467d7a44,normal,HIT,6787,-1136,17,36,36,25437,254,260,6787,17,36,36,1,1,1,1,1,1,
nocheckpoint,bbht_grover_nocheckpoint,RANGE,-4096,4096,16,70,0xedca3875,0xefade11e,normal,HIT,4554,4061,9,10,10,10876,108,115,4554,9,10,10,1,1,1,1,1,1,
nocheckpoint,bbht_grover_nocheckpoint,RANGE,-4096,4096,16,71,0xb883121d,0x095c678c,normal,HIT,6787,-1136,20,70,70,37870,378,383,6787,20,70,70,1,1,1,1,1,1,
nocheckpoint,bbht_grover_nocheckpoint,RANGE,-4096,4096,16,72,0xace22797,0xbc422a9a,normal,HIT,645,768,17,51,51,29123,291,296,645,17,51,51,1,1,1,1,1,1,
nocheckpoint,bbht_grover_nocheckpoint,RANGE,-4096,4096,16,73,0xefd3172d,0x8c2c3233,normal,HIT,13446,-543,11,15,15,15000,150,156,13446,11,15,15,1,1,1,1,1,1,
nocheckpoint,bbht_grover_nocheckpoint,RANGE,-4096,4096,16,74,0xe6aacdb5,0x7f1c158a,normal,HIT,1208,-1015,16,48,48,27410,274,279,1208,16,48,48,1,1,1,1,1,1,
nocheckpoint,bbht_grover_nocheckpoint,RANGE,-4096,4096,16,75,0x6566c598,0xca804b00,normal,HIT,15376,-614,14,31,31,21648,216,222,15376,14,31,31,1,1,1,1,1,1,
nocheckpoint,bbht_grover_nocheckpoint,RANGE,-4096,4096,16,76,0x4e646d9d,0xcbae5ac0,normal,HIT,13981,-1174,9,10,10,10666,106,112,13981,9,10,10,1,1,1,1,1,1,
nocheckpoint,bbht_grover_nocheckpoint,RANGE,-4096,4096,16,77,0x05d81d6f,0x260c4013,normal,HIT,9998,-1243,18,67,67,34253,342,348,9998,18,67,67,1,1,1,1,1,1,
nocheckpoint,bbht_grover_nocheckpoint,RANGE,-4096,4096,16,78,0x2018f6a3,0x5728c7f4,normal,HIT,4728,-2771,14,25,25,20400,204,209,4728,14,25,25,1,1,1,1,1,1,
nocheckpoint,bbht_grover_nocheckpoint,RANGE,-4096,4096,16,79,0x718ebf0c,0x4d7d460c,normal,HIT,4728,-2771,14,27,27,20239,202,208,4728,14,27,27,1,1,1,1,1,1,
nocheckpoint,bbht_grover_nocheckpoint,RANGE,-4096,4096,16,80,0x042a8f17,0x2093b3f4,normal,HIT,9777,2203,18,63,63,33297,332,339,9777,18,63,63,1,1,1,1,1,1,
nocheckpoint,bbht_grover_nocheckpoint,RANGE,-4096,4096,16,81,0xfc1c775d,0x35bd20f1,normal,HIT,3663,-4027,15,44,44,25762,257,263,3663,15,44,44,1,1,1,1,1,1,
nocheckpoint,bbht_grover_nocheckpoint,RANGE,-4096,4096,16,82,0x16b93b63,0x7d609ba5,normal,HIT,9777,2203,20,84,84,41291,412,418,9777,20,84,84,1,1,1,1,1,1,
nocheckpoint,bbht_grover_nocheckpoint,RANGE,-4096,4096,16,83,0x8ce1028e,0xb152e7ef,normal,HIT,15376,-614,14,23,23,19997,199,205,15376,14,23,23,1,1,1,1,1,1,
nocheckpoint,bbht_grover_nocheckpoint,RANGE,-4096,4096,16,84,0x87bad980,0x7dbefa97,normal,HIT,5449,-2943,12,23,23,17956,179,184,5449,12,23,23,1,1,1,1,1,1,
nocheckpoint,bbht_grover_nocheckpoint,RANGE,-4096,4096,16,85,0xd63d86f3,0xf5399cca,normal,HIT,12345,2314,19,67,67,35944,359,364,12345,19,67,67,1,1,1,1,1,1,
nocheckpoint,bbht_grover_nocheckpoint,RANGE,-4096,4096,16,86,0xeeaba102,0x01560fc0,normal,HIT,13981,-1174,19,62,62,34816,348,353,13981,19,62,62,1,1,1,1,1,1,
nocheckpoint,bbht_grover_nocheckpoint,RANGE,-4096,4096,16,87,0xc1fee4bb,0xc7e12d58,normal,HIT,6787,-1136,12,15,15,14992,149,156,6787,12,15,15,1,1,1,1,1,1,
nocheckpoint,bbht_grover_nocheckpoint,RANGE,-4096,4096,16,88,0x0707c9da,0xf644a3f9,normal,HIT,12345,2314,16,48,48,27609,276,282,12345,16,48,48,1,1,1,1,1,1,
nocheckpoint,bbht_grover_nocheckpoint,RANGE,-4096,4096,16,89,0xde0d9c30,0x58a2ee8f,normal,HIT,645,768,16,41,41,26301,263,268,645,16,41,41,1,1,1,1,1,1,
nocheckpoint,bbht_grover_nocheckpoint,RANGE,-4096,4096,16,90,0x7cd0efc7,0x9f385cfb,normal,HIT,16227,-1474,13,12,12,15838,158,164,16227,13,12,12,1,1,1,1,1,1,
nocheckpoint,bbht_grover_nocheckpoint,RANGE,-4096,4096,16,91,0xe4cb50a6,0x94d13729,normal,HIT,3663,-4027,18,75,75,37264,372,378,3663,18,75,75,1,1,1,1,1,1,
nocheckpoint,bbht_grover_nocheckpoint,RANGE,-4096,4096,16,92,0xa0882219,0x18f75d24,normal,HIT,9777,2203,18,55,55,31498,314,320,9777,18,55,55,1,1,1,1,1,1,
nocheckpoint,bbht_grover_nocheckpoint,RANGE,-4096,4096,16,93,0xc435e6f2,0xf75a52bc,normal,HIT,6787,-1136,15,45,45,26113,261,266,6787,15,45,45,1,1,1,1,1,1,
nocheckpoint,bbht_grover_nocheckpoint,RANGE,-4096,4096,16,94,0x011b63f0,0x0aa34346,normal,HIT,645,768,18,62,62,32549,325,331,645,18,62,62,1,1,1,1,1,1,
nocheckpoint,bbht_grover_nocheckpoint,RANGE,-4096,4096,16,95,0x1b456e77,0xee460f94,normal,HIT,12995,-628,5,4,4,6320,63,69,12995,5,4,4,1,1,1,1,1,1,
nocheckpoint,bbht_grover_nocheckpoint,RANGE,-4096,4096,16,96,0x10088608,0xef418331,normal,HIT,13446,-543,14,21,21,18303,183,189,13446,14,21,21,1,1,1,1,1,1,
nocheckpoint,bbht_grover_nocheckpoint,RANGE,-4096,4096,16,97,0x6fcfc352,0xf8fa9f4c,normal,HIT,6787,-1136,11,11,11,13292,132,138,6787,11,11,11,1,1,1,1,1,1,
nocheckpoint,bbht_grover_nocheckpoint,RANGE,-4096,4096,16,98,0xfb6077af,0x713595a9,normal,HIT,1208,-1015,12,17,17,15515,155,160,1208,12,17,17,1,1,1,1,1,1,
nocheckpoint,bbht_grover_nocheckpoint,RANGE,-4096,4096,16,99,0xc6ebb72e,0x08fdf109,normal,HIT,4554,4061,19,70,70,36307,363,369,4554,19,70,70,1,1,1,1,1,1,
nocheckpoint,bbht_grover_nocheckpoint,RANGE,-4096,4096,64,0,0x7b1dcdaf,0x24370df2,normal,HIT,6171,1345,14,22,22,19568,195,201,6171,14,22,22,1,1,1,1,1,1,
nocheckpoint,bbht_grover_nocheckpoint,RANGE,-4096,4096,64,1,0x3a85a4dc,0xa3b9aa35,normal,HIT,13589,-734,11,9,9,12368,123,128,13589,11,9,9,1,1,1,1,1,1,
nocheckpoint,bbht_grover_nocheckpoint,RANGE,-4096,4096,64,2,0x6162a8b2,0x871c276f,normal,HIT,16227,-1474,14,34,34,21826,218,224,16227,14,34,34,1,1,1,1,1,1,
nocheckpoint,bbht_grover_nocheckpoint,RANGE,-4096,4096,64,3,0xc3adc34e,0xf5b8f22b,normal,HIT,16227,-1474,9,8,8,10752,107,113,16227,9,8,8,1,1,1,1,1,1,
nocheckpoint,bbht_grover_nocheckpoint,RANGE,-4096,4096,64,4,0x2bb073ff,0x3f8396e3,normal,HIT,3669,3592,13,21,21,17905,179,184,3669,13,21,21,1,1,1,1,1,1,
nocheckpoint,bbht_grover_nocheckpoint,RANGE,-4096,4096,64,5,0xda585ab3,0xa7197ad7,normal,HIT,11383,3702,15,18,18,18631,186,192,11383,15,18,18,1,1,1,1,1,1,
nocheckpoint,bbht_grover_nocheckpoint,RANGE,-4096,4096,64,6,0x0ed109c0,0x5701ce52,normal,HIT,4695,-731,15,42,42,24875,248,254,4695,15,42,42,1,1,1,1,1,1,
nocheckpoint,bbht_grover_nocheckpoint,RANGE,-4096,4096,64,7,0x102ecf73,0x53c7612b,normal,HIT,15073,-866,8,8,8,9292,92,99,15073,8,8,8,1,1,1,1,1,1,
nocheckpoint,bbht_grover_nocheckpoint,RANGE,-4096,4096,64,8,0xcf29b6a1,0x35231a84,normal,HIT,12995,-628,10,8,8,12272,122,127,12995,10,8,8,1,1,1,1,1,1,
nocheckpoint,bbht_grover_nocheckpoint,RANGE,-4096,4096,64,9,0xc49cbb42,0xd0a3bbb8,normal,HIT,8166,2259,10,9,9,12996,129,135,8166,10,9,9,1,1,1,1,1,1,
nocheckpoint,bbht_grover_nocheckpoint,RANGE,-4096,4096,64,10,0x4cc51d23,0xee0e3ab4,normal,HIT,8771,-3801,5,4,4,5668,56,63,8771,5,4,4,1,1,1,1,1,1,
nocheckpoint,bbht_grover_nocheckpoint,RANGE,-4096,4096,64,11,0xf9e8aa7a,0x3208c31a,normal,HIT,1236,1692,12,19,19,15997,159,165,1236,12,19,19,1,1,1,1,1,1,
nocheckpoint,bbht_grover_nocheckpoint,RANGE,-4096,4096,64,12,0xdda8b051,0xc8105c9d,normal,HIT,318,626,14,20,20,18441,184,188,318,14,20,20,1,1,1,1,1,1,
nocheckpoint,bbht_grover_nocheckpoint,RANGE,-4096,4096,64,13,0xabfb11bf,0xf5dec75e,normal,HIT,13135,465,7,7,7,8753,87,93,13135,7,7,7,1,1,1,1,1,1,
nocheckpoint,bbht_grover_nocheckpoint,RANGE,-4096,4096,64,14,0x20639811,0x6b6a7c47,normal,HIT,14698,-2746,12,19,19,16996,169,174,14698,12,19,19,1,1,1,1,1,1,
nocheckpoint,bbht_grover_nocheckpoint,RANGE,-4096,4096,64,15,0xac72acd2,0xca84bc6c,normal,HIT,16151,-1400,13,18,18,17320,173,178,16151,13,18,18,1,1,1,1,1,1,
nocheckpoint,bbht_grover_nocheckpoint,RANGE,-4096,4096,64,16,0x49a2da79,0xe1376725,normal,HIT,12560,207,13,30,30,20536,205,211,12560,13,30,30,1,1,1,1,1,1,
nocheckpoint,bbht_grover_nocheckpoint,RANGE,-4096,4096,64,17,0x63a4e9d7,0x6166dba4,normal,HIT,13599,-583,15,30,30,22924,229,234,13599,15,30,30,1,1,1,1,1,1,
nocheckpoint,bbht_grover_nocheckpoint,RANGE,-4096,4096,64,18,0x8983f102,0x43fb6183,normal,HIT,13981,-1174,13,18,18,17017,170,175,13981,13,18,18,1,1,1,1,1,1,
nocheckpoint,bbht_grover_nocheckpoint,RANGE,-4096,4096,64,19,0xb671aa78,0xc97ad8a2,normal,HIT,13981,-1174,8,4,4,9100,91,96,13981,8,4,4,1,1,1,1,1,1,
nocheckpoint,bbht_grover_nocheckpoint,RANGE,-4096,4096,64,20,0xdaeb566a,0x989e5b3d,normal,HIT,6855,-2726,9,9,9,11307,113,118,6855,9,9,9,1,1,1,1,1,1,
nocheckpoint,bbht_grover_nocheckpoint,RANGE,-4096,4096,64,21,0xf6181c00,0xa345ac4b,normal,HIT,3675,78,14,23,23,19426,194,200,3675,14,23,23,1,1,1,1,1,1,
nocheckpoint,bbht_grover_nocheckpoint,RANGE,-4096,4096,64,22,0x4e18d852,0xa08980df,normal,HIT,14698,-2746,11,13,13,13182,131,137,14698,11,13,13,1,1,1,1,1,1,
nocheckpoint,bbht_grover_nocheckpoint,RANGE,-4096,4096,64,23,0xa035ceba,0x611de4c4,normal,HIT,6787,-1136,5,4,4,6054,60,66,6787,5,4,4,1,1,1,1,1,1,
nocheckpoint,bbht_grover_nocheckpoint,RANGE,-4096,4096,64,24,0xc2416ee4,0x7323f479,normal,HIT,8431,1225,11,21,21,15524,155,160,8431,11,21,21,1,1,1,1,1,1,
nocheckpoint,bbht_grover_nocheckpoint,RANGE,-4096,4096,64,25,0xfbdafbdd,0xa0c0cf2f,normal,HIT,15678,3772,16,38,38,24774,247,253,15678,16,38,38,1,1,1,1,1,1,
nocheckpoint,bbht_grover_nocheckpoint,RANGE,-4096,4096,64,26,0xa43fbf47,0x8de97b10,normal,HIT,1111,3018,7,3,3,6920,69,75,1111,7,3,3,1,1,1,1,1,1,
nocheckpoint,bbht_grover_nocheckpoint,RANGE,-4096,4096,64,27,0x6811f7c1,0xcb07044a,normal,HIT,6787,-1136,12,17,17,16113,161,167,6787,12,17,17,1,1,1,1,1,1,
nocheckpoint,bbht_grover_nocheckpoint,RANGE,-4096,4096,64,28,0x610dde2c,0x8cf5deb9,normal,HIT,12495,-3747,5,4,4,6126,61,67,12495,5,4,4,1,1,1,1,1,1,
nocheckpoint,bbht_grover_nocheckpoint,RANGE,-4096,4096,64,29,0x82241b87,0xbbe27f39,normal,HIT,1691,-1050,3,1,1,3061,30,36,1691,3,1,1,1,1,1,1,1,1,
nocheckpoint,bbht_grover_nocheckpoint,RANGE,-4096,4096,64,30,0x48647490,0xea9551eb,normal,HIT,4475,-1764,7,3,3,7199,71,76,4475,7,3,3,1,1,1,1,1,1,
nocheckpoint,bbht_grover_nocheckpoint,RANGE,-4096,4096,64,31,0x63df3b7f,0xa8b057e1,normal,HIT,318,626,11,19,19,15736,157,162,318,11,19,19,1,1,1,1,1,1,
nocheckpoint,bbht_grover_nocheckpoint,RANGE,-4096,4096,64,32,0x433125bb,0x3221fef0,normal,HIT,11383,3702,16,35,35,24155,241,247,11383,16,35,35,1,1,1,1,1,1,
nocheckpoint,bbht_grover_nocheckpoint,RANGE,-4096,4096,64,33,0x7943be40,0x6641ee79,normal,HIT,8166,2259,8,8,8,9506,95,101,8166,8,8,8,1,1,1,1,1,1,
nocheckpoint,bbht_grover_nocheckpoint,RANGE,-4096,4096,64,34,0x26c93252,0x675d2908,normal,HIT,318,626,5,3,3,5728,57,63,318,5,3,3,1,1,1,1,1,1,
nocheckpoint,bbht_grover_nocheckpoint,RANGE,-4096,4096,64,35,0xdbe3ed49,0xa7cfea56,normal,HIT,12495,-3747,15,30,30,22683,226,232,12495,15,30,30,1,1,1,1,1,1,
nocheckpoint,bbht_grover_nocheckpoint,RANGE,-4096,4096,64,36,0xc2ec9bb4,0xbfc0ae9e,normal,HIT,6855,-2726,14,23,23,20153,201,206,6855,14,23,23,1,1,1,1,1,1,
nocheckpoint,bbht_grover_nocheckpoint,RANGE,-4096,4096,64,37,0xe7ec8559,0x307064ac,normal,HIT,13446,-543,4,2,2,4120,41,46,13446,4,2,2,1,1,1,1,1,1,
nocheckpoint,bbht_grover_nocheckpoint,RANGE,-4096,4096,64,38,0xccb88b54,0x2cf00158,normal,HIT,15073,-866,5,4,4,6246,62,67,15073,5,4,4,1,1,1,1,1,1,
nocheckpoint,bbht_grover_nocheckpoint,RANGE,-4096,4096,64,39,0xb512e6a4,0x2b9e708c,normal,HIT,6855,-2726,2,1,1,1889,18,24,6855,2,1,1,1,1,1,1,1,1,
nocheckpoint,bbht_grover_nocheckpoint,RANGE,-4096,4096,64,40,0x7e2c3d82,0xa69fb195,normal,HIT,8166,2259,11,14,14,14153,141,146,8166,11,14,14,1,1,1,1,1,1,
nocheckpoint,bbht_grover_nocheckpoint,RANGE,-4096,4096,64,41,0x58b3e5ad,0x23a21253,normal,HIT,645,768,14,29,29,20435,204,209,645,14,29,29,1,1,1,1,1,1,
nocheckpoint,bbht_grover_nocheckpoint,RANGE,-4096,4096,64,42,0x9a07c40b,0x3ea78d8c,normal,HIT,6787,-1136,11,12,12,13544,135,140,6787,11,12,12,1,1,1,1,1,1,
nocheckpoint,bbht_grover_nocheckpoint,RANGE,-4096,4096,64,43,0xf1f9a54b,0x7b00db61,normal,HIT,12345,2314,10,12,12,12561,125,130,12345,10,12,12,1,1,1,1,1,1,
nocheckpoint,bbht_grover_nocheckpoint,RANGE,-4096,4096,64,44,0xfba6212d,0xb8b8356a,normal,HIT,4299,-3541,12,13,13,14309,143,148,4299,12,13,13,1,1,1,1,1,1,
nocheckpoint,bbht_grover_nocheckpoint,RANGE,-4096,4096,64,45,0x1ca60615,0xd753b84a,normal,HIT,8166,2259,11,14,14,13228,132,136,8166,11,14,14,1,1,1,1,1,1,
nocheckpoint,bbht_grover_nocheckpoint,RANGE,-4096,4096,64,46,0xa085c93e,0x19b8504d,normal,HIT,12995,-628,13,28,28,20619,206,210,12995,13,28,28,1,1,1,1,1,1,
nocheckpoint,bbht_grover_nocheckpoint,RANGE,-4096,4096,64,47,0x18190603,0xad0438b2,normal,HIT,6075,-3833,15,30,30,22084,220,227,6075,15,30,30,1,1,1,1,1,1,
nocheckpoint,bbht_grover_nocheckpoint,RANGE,-4096,4096,64,48,0xc1143c78,0xbbdab3cd,normal,HIT,4299,-3541,17,27,27,24480,244,251,4299,17,27,27,1,1,1,1,1,1,
nocheckpoint,bbht_grover_nocheckpoint,RANGE,-4096,4096,64,49,0x332063fc,0x222ba57c,normal,HIT,5193,2575,14,27,27,21596,215,221,5193,14,27,27,1,1,1,1,1,1,
nocheckpoint,bbht_grover_nocheckpoint,RANGE,-4096,4096,64,50,0xd6f4066b,0xab9eb714,normal,HIT,4554,4061,6,3,3,5862,58,64,4554,6,3,3,1,1,1,1,1,1,
nocheckpoint,bbht_grover_nocheckpoint,RANGE,-4096,4096,64,51,0x64b9628c,0x9cd8b518,normal,HIT,14356,-58,8,10,10,9933,99,105,14356,8,10,10,1,1,1,1,1,1,
nocheckpoint,bbht_grover_nocheckpoint,RANGE,-4096,4096,64,52,0x894e6771,0x8a255c2e,normal,HIT,4728,-2771,8,5,5,9725,97,102,4728,8,5,5,1,1,1,1,1,1,
nocheckpoint,bbht_grover_nocheckpoint,RANGE,-4096,4096,64,53,0xe3e668e8,0xff1f20c3,normal,HIT,16227,-1474,2,1,1,2180,21,27,16227,2,1,1,1,1,1,1,1,1,
nocheckpoint,bbht_grover_nocheckpoint,RANGE,-4096,4096,64,54,0x36980406,0xfbdbfa61,normal,HIT,14356,-58,9,13,13,12259,122,127,14356,9,13,13,1,1,1,1,1,1,
nocheckpoint,bbht_grover_nocheckpoint,RANGE,-4096,4096,64,55,0x114d2b4a,0xa617ad4e,normal,HIT,13446,-543,9,11,11,11569,115,120,13446,9,11,11,1,1,1,1,1,1,
nocheckpoint,bbht_grover_nocheckpoint,RANGE,-4096,4096,64,56,0x3b8907e1,0x0c6cbd10,normal,HIT,9998,-1243,14,15,15,17426,174,179,9998,14,15,15,1,1,1,1,1,1,
nocheckpoint,bbht_grover_nocheckpoint,RANGE,-4096,4096,64,57,0x2cd09c1d,0x964fb1a7,normal,HIT,4100,1363,12,15,15,14911,149,154,4100,12,15,15,1,1,1,1,1,1,
nocheckpoint,bbht_grover_nocheckpoint,RANGE,-4096,4096,64,58,0x6d7a8604,0xbd6f99c6,normal,HIT,3669,3592,10,11,11,12958,129,135,3669,10,11,11,1,1,1,1,1,1,
nocheckpoint,bbht_grover_nocheckpoint,RANGE,-4096,4096,64,59,0x1fadaf42,0x60010aa3,normal,HIT,4554,4061,6,5,5,7558,75,81,4554,6,5,5,1,1,1,1,1,1,
nocheckpoint,bbht_grover_nocheckpoint,RANGE,-4096,4096,64,60,0x92fe7cfd,0xb54e2773,normal,HIT,4695,-731,8,6,6,8623,86,91,4695,8,6,6,1,1,1,1,1,1,
nocheckpoint,bbht_grover_nocheckpoint,RANGE,-4096,4096,64,61,0x1aecb060,0x9c545eba,normal,HIT,13222,-1247,10,13,13,13761,137,143,13222,10,13,13,1,1,1,1,1,1,
nocheckpoint,bbht_grover_nocheckpoint,RANGE,-4096,4096,64,62,0x91778cc3,0xbd1d1bc0,normal,HIT,5959,-2036,10,13,13,13366,133,138,5959,10,13,13,1,1,1,1,1,1,
nocheckpoint,bbht_grover_nocheckpoint,RANGE,-4096,4096,64,63,0xe6b7e7eb,0xd542988e,normal,HIT,14134,227,14,34,34,22798,227,233,14134,14,34,34,1,1,1,1,1,1,
nocheckpoint,bbht_grover_nocheckpoint,RANGE,-4096,4096,64,64,0x6770144c,0xd2d3c6e7,normal,HIT,3669,3592,8,4,4,8612,86,90,3669,8,4,4,1,1,1,1,1,1,
nocheckpoint,bbht_grover_nocheckpoint,RANGE,-4096,4096,64,65,0xc600a248,0x0a1e0844,normal,HIT,7089,3669,16,39,39,25089,250,257,7089,16,39,39,1,1,1,1,1,1,
nocheckpoint,bbht_grover_nocheckpoint,RANGE,-4096,4096,64,66,0x1ea4f830,0x2ef0f28e,normal,HIT,1835,477,10,7,7,10849,108,113,1835,10,7,7,1,1,1,1,1,1,
nocheckpoint,bbht_grover_nocheckpoint,RANGE,-4096,4096,64,67,0x639604f3,0x7fe04f83,normal,HIT,5449,-2943,10,10,10,12084,120,126,5449,10,10,10,1,1,1,1,1,1,
nocheckpoint,bbht_grover_nocheckpoint,RANGE,-4096,4096,64,68,0x6e084a84,0xb643b17e,normal,HIT,5193,2575,6,3,3,6365,63,69,5193,6,3,3,1,1,1,1,1,1,
nocheckpoint,bbht_grover_nocheckpoint,RANGE,-4096,4096,64,69,0x3d7fc476,0x467d7a44,normal,HIT,8771,-3801,15,23,23,20308,203,208,8771,15,23,23,1,1,1,1,1,1,
nocheckpoint,bbht_grover_nocheckpoint,RANGE,-4096,4096,64,70,0xedca3875,0xefade11e,normal,HIT,5193,2575,8,7,7,9250,92,97,5193,8,7,7,1,1,1,1,1,1,
nocheckpoint,bbht_grover_nocheckpoint,RANGE,-4096,4096,64,71,0xb883121d,0x095c678c,normal,HIT,3669,3592,16,27,27,22712,227,233,3669,16,27,27,1,1,1,1,1,1,
nocheckpoint,bbht_grover_nocheckpoint,RANGE,-4096,4096,64,72,0xace22797,0xbc422a9a,normal,HIT,2272,-2760,9,10,10,10733,107,113,2272,9,10,10,1,1,1,1,1,1,
nocheckpoint,bbht_grover_nocheckpoint,RANGE,-4096,4096,64,73,0xefd3172d,0x8c2c3233,normal,HIT,13135,465,5,4,4,5908,59,64,13135,5,4,4,1,1,1,1,1,1,
nocheckpoint,bbht_grover_nocheckpoint,RANGE,-4096,4096,64,74,0xe6aacdb5,0x7f1c158a,normal,HIT,12299,1447,15,35,35,23272,232,237,12299,15,35,35,1,1,1,1,1,1,
nocheckpoint,bbht_grover_nocheckpoint,RANGE,-4096,4096,64,75,0x6566c598,0xca804b00,normal,HIT,883,-3821,10,12,12,12860,128,133,883,10,12,12,1,1,1,1,1,1,
nocheckpoint,bbht_grover_nocheckpoint,RANGE,-4096,4096,64,76,0x4e646d9d,0xcbae5ac0,normal,HIT,14084,1681,9,10,10,10623,106,112,14084,9,10,10,1,1,1,1,1,1,
nocheckpoint,bbht_grover_nocheckpoint,RANGE,-4096,4096,64,77,0x05d81d6f,0x260c4013,normal,HIT,3428,-3946,9,10,10,10421,104,110,3428,9,10,10,1,1,1,1,1,1,
nocheckpoint,bbht_grover_nocheckpoint,RANGE,-4096,4096,64,78,0x2018f6a3,0x5728c7f4,normal,HIT,4299,-3541,14,25,25,20471,204,209,4299,14,25,25,1,1,1,1,1,1,
nocheckpoint,bbht_grover_nocheckpoint,RANGE,-4096,4096,64,79,0x718ebf0c,0x4d7d460c,normal,HIT,1236,1692,8,8,8,9181,91,97,1236,8,8,8,1,1,1,1,1,1,
nocheckpoint,bbht_grover_nocheckpoint,RANGE,-4096,4096,64,80,0x042a8f17,0x2093b3f4,normal,HIT,8431,1225,10,10,10,11873,118,124,8431,10,10,10,1,1,1,1,1,1,
nocheckpoint,bbht_grover_nocheckpoint,RANGE,-4096,4096,64,81,0xfc1c775d,0x35bd20f1,normal,HIT,1835,477,13,28,28,19114,191,197,1835,13,28,28,1,1,1,1,1,1,
nocheckpoint,bbht_grover_nocheckpoint,RANGE,-4096,4096,64,82,0x16b93b63,0x7d609ba5,normal,HIT,12495,-3747,12,18,18,16889,168,175,12495,12,18,18,1,1,1,1,1,1,
nocheckpoint,bbht_grover_nocheckpoint,RANGE,-4096,4096,64,83,0x8ce1028e,0xb152e7ef,normal,HIT,6075,-3833,14,23,23,20230,202,208,6075,14,23,23,1,1,1,1,1,1,
nocheckpoint,bbht_grover_nocheckpoint,RANGE,-4096,4096,64,84,0x87bad980,0x7dbefa97,normal,HIT,15073,-866,9,11,11,11821,118,124,15073,9,11,11,1,1,1,1,1,1,
nocheckpoint,bbht_grover_nocheckpoint,RANGE,-4096,4096,64,85,0xd63d86f3,0xf5399cca,normal,HIT,15678,3772,12,21,21,17039,170,176,15678,12,21,21,1,1,1,1,1,1,
nocheckpoint,bbht_grover_nocheckpoint,RANGE,-4096,4096,64,86,0xeeaba102,0x01560fc0,normal,HIT,1111,3018,12,19,19,15971,159,165,1111,12,19,19,1,1,1,1,1,1,
nocheckpoint,bbht_grover_nocheckpoint,RANGE,-4096,4096,64,87,0xc1fee4bb,0xc7e12d58,normal,HIT,12345,2314,13,23,23,18249,182,187,12345,13,23,23,1,1,1,1,1,1,
nocheckpoint,bbht_grover_nocheckpoint,RANGE,-4096,4096,64,88,0x0707c9da,0xf644a3f9,normal,HIT,318,626,12,19,19,16427,164,170,318,12,19,19,1,1,1,1,1,1,
nocheckpoint,bbht_grover_nocheckpoint,RANGE,-4096,4096,64,89,0xde0d9c30,0x58a2ee8f,normal,HIT,698,-2344,13,19,19,17847,178,184,698,13,19,19,1,1,1,1,1,1,
nocheckpoint,bbht_grover_nocheckpoint,RANGE,-4096,4096,64,90,0x7cd0efc7,0x9f385cfb,normal,HIT,9777,2203,14,19,19,18714,187,192,9777,14,19,19,1,1,1,1,1,1,
nocheckpoint,bbht_grover_nocheckpoint,RANGE,-4096,4096,64,91,0xe4cb50a6,0x94d13729,normal,HIT,2272,-2760,15,24,24,21118,211,216,2272,15,24,24,1,1,1,1,1,1,
nocheckpoint,bbht_grover_nocheckpoint,RANGE,-4096,4096,64,92,0xa0882219,0x18f75d24,normal,HIT,6075,-3833,11,13,13,13967,139,145,6075,11,13,13,1,1,1,1,1,1,
nocheckpoint,bbht_grover_nocheckpoint,RANGE,-4096,4096,64,93,0xc435e6f2,0xf75a52bc,normal,HIT,4299,-3541,12,25,25,17623,176,181,4299,12,25,25,1,1,1,1,1,1,
nocheckpoint,bbht_grover_nocheckpoint,RANGE,-4096,4096,64,94,0x011b63f0,0x0aa34346,normal,HIT,883,-3821,13,21,21,17215,172,178,883,13,21,21,1,1,1,1,1,1,
nocheckpoint,bbht_grover_nocheckpoint,RANGE,-4096,4096,64,95,0x1b456e77,0xee460f94,normal,HIT,8166,2259,4,2,2,4681,46,52,8166,4,2,2,1,1,1,1,1,1,
nocheckpoint,bbht_grover_nocheckpoint,RANGE,-4096,4096,64,96,0x10088608,0xef418331,normal,HIT,15073,-866,6,4,4,6527,65,70,15073,6,4,4,1,1,1,1,1,1,
nocheckpoint,bbht_grover_nocheckpoint,RANGE,-4096,4096,64,97,0x6fcfc352,0xf8fa9f4c,normal,HIT,15073,-866,8,5,5,9136,91,97,15073,8,5,5,1,1,1,1,1,1,
nocheckpoint,bbht_grover_nocheckpoint,RANGE,-4096,4096,64,98,0xfb6077af,0x713595a9,normal,HIT,1691,-1050,12,17,17,15385,153,159,1691,12,17,17,1,1,1,1,1,1,
nocheckpoint,bbht_grover_nocheckpoint,RANGE,-4096,4096,64,99,0xc6ebb72e,0x08fdf109,normal,HIT,9270,2094,12,18,18,15926,159,165,9270,12,18,18,1,1,1,1,1,1,
nocheckpoint,bbht_grover_nocheckpoint,RANGE,-4096,4096,256,0,0x7b1dcdaf,0x24370df2,normal,HIT,12101,-2751,2,1,1,2472,24,29,12101,2,1,1,1,1,1,1,1,1,
nocheckpoint,bbht_grover_nocheckpoint,RANGE,-4096,4096,256,1,0x3a85a4dc,0xa3b9aa35,normal,HIT,1860,-2151,10,5,5,10164,101,107,1860,10,5,5,1,1,1,1,1,1,
nocheckpoint,bbht_grover_nocheckpoint,RANGE,-4096,4096,256,2,0x6162a8b2,0x871c276f,normal,HIT,7612,-2447,1,0,0,950,9,15,7612,1,0,0,1,1,1,1,1,1,
nocheckpoint,bbht_grover_nocheckpoint,RANGE,-4096,4096,256,3,0xc3adc34e,0xf5b8f22b,normal,HIT,16113,1308,9,8,8,10727,107,113,16113,9,8,8,1,1,1,1,1,1,
nocheckpoint,bbht_grover_nocheckpoint,RANGE,-4096,4096,256,4,0x2bb073ff,0x3f8396e3,normal,HIT,4785,-3064,8,4,4,8865,88,94,4785,8,4,4,1,1,1,1,1,1,
nocheckpoint,bbht_grover_nocheckpoint,RANGE,-4096,4096,256,5,0xda585ab3,0xa7197ad7,normal,HIT,1511,-1704,11,9,9,12464,124,130,1511,11,9,9,1,1,1,1,1,1,
nocheckpoint,bbht_grover_nocheckpoint,RANGE,-4096,4096,256,6,0x0ed109c0,0x5701ce52,normal,HIT,598,3880,9,14,14,11947,119,124,598,9,14,14,1,1,1,1,1,1,
nocheckpoint,bbht_grover_nocheckpoint,RANGE,-4096,4096,256,7,0x102ecf73,0x53c7612b,normal,HIT,6718,-633,5,3,3,5277,52,57,6718,5,3,3,1,1,1,1,1,1,
nocheckpoint,bbht_grover_nocheckpoint,RANGE,-4096,4096,256,8,0xcf29b6a1,0x35231a84,normal,HIT,12890,-3479,9,4,4,10097,100,106,12890,9,4,4,1,1,1,1,1,1,
nocheckpoint,bbht_grover_nocheckpoint,RANGE,-4096,4096,256,9,0xc49cbb42,0xd0a3bbb8,normal,HIT,6618,224,9,7,7,11581,115,121,6618,9,7,7,1,1,1,1,1,1,
nocheckpoint,bbht_grover_nocheckpoint,RANGE,-4096,4096,256,10,0x4cc51d23,0xee0e3ab4,normal,HIT,5193,2575,7,6,6,7798,77,83,5193,7,6,6,1,1,1,1,1,1,
nocheckpoint,bbht_grover_nocheckpoint,RANGE,-4096,4096,256,11,0xf9e8aa7a,0x3208c31a,normal,HIT,11800,-2201,9,10,10,11147,111,116,11800,9,10,10,1,1,1,1,1,1,
nocheckpoint,bbht_grover_nocheckpoint,RANGE,-4096,4096,256,12,0xdda8b051,0xc8105c9d,normal,HIT,591,-455,13,10,10,15059,150,155,591,13,10,10,1,1,1,1,1,1,
nocheckpoint,bbht_grover_nocheckpoint,RANGE,-4096,4096,256,13,0xabfb11bf,0xf5dec75e,normal,HIT,2714,-4014,3,1,1,2872,28,34,2714,3,1,1,1,1,1,1,1,1,
nocheckpoint,bbht_grover_nocheckpoint,RANGE,-4096,4096,256,14,0x20639811,0x6b6a7c47,normal,HIT,6544,298,3,2,2,3666,36,42,6544,3,2,2,1,1,1,1,1,1,
nocheckpoint,bbht_grover_nocheckpoint,RANGE,-4096,4096,256,15,0xac72acd2,0xca84bc6c,normal,HIT,7061,575,10,7,7,11430,114,119,7061,10,7,7,1,1,1,1,1,1,
nocheckpoint,bbht_grover_nocheckpoint,RANGE,-4096,4096,256,16,0x49a2da79,0xe1376725,normal,HIT,13958,3326,7,6,6,8116,81,86,13958,7,6,6,1,1,1,1,1,1,
nocheckpoint,bbht_grover_nocheckpoint,RANGE,-4096,4096,256,17,0x63a4e9d7,0x6166dba4,normal,HIT,8833,-2331,6,5,5,7284,72,78,8833,6,5,5,1,1,1,1,1,1,
nocheckpoint,bbht_grover_nocheckpoint,RANGE,-4096,4096,256,18,0x8983f102,0x43fb6183,normal,HIT,12101,-2751,6,3,3,6163,61,67,12101,6,3,3,1,1,1,1,1,1,
nocheckpoint,bbht_grover_nocheckpoint,RANGE,-4096,4096,256,19,0xb671aa78,0xc97ad8a2,normal,HIT,14110,3958,7,3,3,7695,76,81,14110,7,3,3,1,1,1,1,1,1,
nocheckpoint,bbht_grover_nocheckpoint,RANGE,-4096,4096,256,20,0xdaeb566a,0x989e5b3d,normal,HIT,6313,3315,9,9,9,11292,112,118,6313,9,9,9,1,1,1,1,1,1,
nocheckpoint,bbht_grover_nocheckpoint,RANGE,-4096,4096,256,21,0xf6181c00,0xa345ac4b,normal,HIT,4836,-1429,10,5,5,11011,110,115,4836,10,5,5,1,1,1,1,1,1,
nocheckpoint,bbht_grover_nocheckpoint,RANGE,-4096,4096,256,22,0x4e18d852,0xa08980df,normal,HIT,2313,2221,5,1,1,4219,42,46,2313,5,1,1,1,1,1,1,1,1,
nocheckpoint,bbht_grover_nocheckpoint,RANGE,-4096,4096,256,23,0xa035ceba,0x611de4c4,normal,HIT,6595,1025,5,4,4,6060,60,65,6595,5,4,4,1,1,1,1,1,1,
nocheckpoint,bbht_grover_nocheckpoint,RANGE,-4096,4096,256,24,0xc2416ee4,0x7323f479,normal,HIT,6282,-619,6,6,6,6997,69,75,6282,6,6,6,1,1,1,1,1,1,
nocheckpoint,bbht_grover_nocheckpoint,RANGE,-4096,4096,256,25,0xfbdafbdd,0xa0c0cf2f,normal,HIT,10141,656,10,8,8,10974,109,114,10141,10,8,8,1,1,1,1,1,1,
nocheckpoint,bbht_grover_nocheckpoint,RANGE,-4096,4096,256,26,0xa43fbf47,0x8de97b10,normal,HIT,6544,298,9,6,6,9337,93,99,6544,9,6,6,1,1,1,1,1,1,
nocheckpoint,bbht_grover_nocheckpoint,RANGE,-4096,4096,256,27,0x6811f7c1,0xcb07044a,normal,HIT,10759,4069,6,4,4,6719,67,71,10759,6,4,4,1,1,1,1,1,1,
nocheckpoint,bbht_grover_nocheckpoint,RANGE,-4096,4096,256,28,0x610dde2c,0x8cf5deb9,normal,HIT,12495,-3747,5,4,4,6080,60,66,12495,5,4,4,1,1,1,1,1,1,
nocheckpoint,bbht_grover_nocheckpoint,RANGE,-4096,4096,256,29,0x82241b87,0xbbe27f39,normal,HIT,14698,-2746,7,6,6,8880,88,94,14698,7,6,6,1,1,1,1,1,1,
nocheckpoint,bbht_grover_nocheckpoint,RANGE,-4096,4096,256,30,0x48647490,0xea9551eb,normal,HIT,13981,-1174,3,1,1,2903,29,33,13981,3,1,1,1,1,1,1,1,1,
nocheckpoint,bbht_grover_nocheckpoint,RANGE,-4096,4096,256,31,0x63df3b7f,0xa8b057e1,normal,HIT,15984,2155,4,2,2,4415,44,49,15984,4,2,2,1,1,1,1,1,1,
nocheckpoint,bbht_grover_nocheckpoint,RANGE,-4096,4096,256,32,0x433125bb,0x3221fef0,normal,HIT,12442,-3189,10,12,12,12498,124,130,12442,10,12,12,1,1,1,1,1,1,
nocheckpoint,bbht_grover_nocheckpoint,RANGE,-4096,4096,256,33,0x7943be40,0x6641ee79,normal,HIT,1165,-3955,8,8,8,9320,93,99,1165,8,8,8,1,1,1,1,1,1,
nocheckpoint,bbht_grover_nocheckpoint,RANGE,-4096,4096,256,34,0x26c93252,0x675d2908,normal,HIT,1409,-221,8,8,8,9921,99,105,1409,8,8,8,1,1,1,1,1,1,
nocheckpoint,bbht_grover_nocheckpoint,RANGE,-4096,4096,256,35,0xdbe3ed49,0xa7cfea56,normal,HIT,4695,-731,2,1,1,2156,21,26,4695,2,1,1,1,1,1,1,1,1,
nocheckpoint,bbht_grover_nocheckpoint,RANGE,-4096,4096,256,36,0xc2ec9bb4,0xbfc0ae9e,normal,HIT,15925,-2305,4,0,0,4342,43,48,15925,4,0,0,1,1,1,1,1,1,
nocheckpoint,bbht_grover_nocheckpoint,RANGE,-4096,4096,256,37,0xe7ec8559,0x307064ac,normal,HIT,15604,-3833,9,8,8,10427,104,110,15604,9,8,8,1,1,1,1,1,1,
nocheckpoint,bbht_grover_nocheckpoint,RANGE,-4096,4096,256,38,0xccb88b54,0x2cf00158,normal,HIT,15120,1624,5,4,4,6259,62,67,15120,5,4,4,1,1,1,1,1,1,
nocheckpoint,bbht_grover_nocheckpoint,RANGE,-4096,4096,256,39,0xb512e6a4,0x2b9e708c,normal,HIT,1027,2796,5,4,4,5485,54,59,1027,5,4,4,1,1,1,1,1,1,
nocheckpoint,bbht_grover_nocheckpoint,RANGE,-4096,4096,256,40,0x7e2c3d82,0xa69fb195,normal,HIT,14134,227,4,2,2,4724,47,53,14134,4,2,2,1,1,1,1,1,1,
nocheckpoint,bbht_grover_nocheckpoint,RANGE,-4096,4096,256,41,0x58b3e5ad,0x23a21253,normal,HIT,7167,-3522,5,4,4,5603,56,61,7167,5,4,4,1,1,1,1,1,1,
nocheckpoint,bbht_grover_nocheckpoint,RANGE,-4096,4096,256,42,0x9a07c40b,0x3ea78d8c,normal,HIT,13599,-583,9,3,3,9545,95,101,13599,9,3,3,1,1,1,1,1,1,
nocheckpoint,bbht_grover_nocheckpoint,RANGE,-4096,4096,256,43,0xf1f9a54b,0x7b00db61,normal,HIT,598,3880,2,1,1,2044,20,26,598,2,1,1,1,1,1,1,1,1,
nocheckpoint,bbht_grover_nocheckpoint,RANGE,-4096,4096,256,44,0xfba6212d,0xb8b8356a,normal,HIT,10982,2141,9,5,5,9569,95,100,10982,9,5,5,1,1,1,1,1,1,
nocheckpoint,bbht_grover_nocheckpoint,RANGE,-4096,4096,256,45,0x1ca60615,0xd753b84a,normal,HIT,1409,-221,7,6,6,7648,76,81,1409,7,6,6,1,1,1,1,1,1,
nocheckpoint,bbht_grover_nocheckpoint,RANGE,-4096,4096,256,46,0xa085c93e,0x19b8504d,normal,HIT,6718,-633,6,3,3,6764,67,73,6718,6,3,3,1,1,1,1,1,1,
nocheckpoint,bbht_grover_nocheckpoint,RANGE,-4096,4096,256,47,0x18190603,0xad0438b2,normal,HIT,12995,-628,8,3,3,8775,87,92,12995,8,3,3,1,1,1,1,1,1,
nocheckpoint,bbht_grover_nocheckpoint,RANGE,-4096,4096,256,48,0xc1143c78,0xbbdab3cd,normal,HIT,10759,4069,11,7,7,12708,127,132,10759,11,7,7,1,1,1,1,1,1,
nocheckpoint,bbht_grover_nocheckpoint,RANGE,-4096,4096,256,49,0x332063fc,0x222ba57c,normal,HIT,13195,-3032,5,2,2,5329,53,57,13195,5,2,2,1,1,1,1,1,1,
nocheckpoint,bbht_grover_nocheckpoint,RANGE,-4096,4096,256,50,0xd6f4066b,0xab9eb714,normal,HIT,2464,796,5,1,1,4485,44,50,2464,5,1,1,1,1,1,1,1,1,
nocheckpoint,bbht_grover_nocheckpoint,RANGE,-4096,4096,256,51,0x64b9628c,0x9cd8b518,normal,HIT,14515,-2810,8,10,10,9907,99,103,14515,8,10,10,1,1,1,1,1,1,
nocheckpoint,bbht_grover_nocheckpoint,RANGE,-4096,4096,256,52,0x894e6771,0x8a255c2e,normal,HIT,4734,813,8,5,5,9742,97,102,4734,8,5,5,1,1,1,1,1,1,
nocheckpoint,bbht_grover_nocheckpoint,RANGE,-4096,4096,256,53,0xe3e668e8,0xff1f20c3,normal,HIT,8740,-1739,9,7,7,10690,106,112,8740,9,7,7,1,1,1,1,1,1,
nocheckpoint,bbht_grover_nocheckpoint,RANGE,-4096,4096,256,54,0x36980406,0xfbdbfa61,normal,HIT,8565,1388,6,6,6,7353,73,79,8565,6,6,6,1,1,1,1,1,1,
nocheckpoint,bbht_grover_nocheckpoint,RANGE,-4096,4096,256,55,0x114d2b4a,0xa617ad4e,normal,HIT,11006,14,7,7,7,8569,85,91,11006,7,7,7,1,1,1,1,1,1,
nocheckpoint,bbht_grover_nocheckpoint,RANGE,-4096,4096,256,56,0x3b8907e1,0x0c6cbd10,normal,HIT,645,768,8,7,7,9343,93,99,645,8,7,7,1,1,1,1,1,1,
nocheckpoint,bbht_grover_nocheckpoint,RANGE,-4096,4096,256,57,0x2cd09c1d,0x964fb1a7,normal,HIT,9296,-1665,11,10,10,12731,127,132,9296,11,10,10,1,1,1,1,1,1,
nocheckpoint,bbht_grover_nocheckpoint,RANGE,-4096,4096,256,58,0x6d7a8604,0xbd6f99c6,normal,HIT,9405,1321,2,1,1,2291,22,28,9405,2,1,1,1,1,1,1,1,1,
nocheckpoint,bbht_grover_nocheckpoint,RANGE,-4096,4096,256,59,0x1fadaf42,0x60010aa3,normal,HIT,1873,350,8,7,7,9869,98,103,1873,8,7,7,1,1,1,1,1,1,
nocheckpoint,bbht_grover_nocheckpoint,RANGE,-4096,4096,256,60,0x92fe7cfd,0xb54e2773,normal,HIT,2026,-2644,5,2,2,5062,50,56,2026,5,2,2,1,1,1,1,1,1,
nocheckpoint,bbht_grover_nocheckpoint,RANGE,-4096,4096,256,61,0x1aecb060,0x9c545eba,normal,HIT,5893,-2240,5,4,4,6297,62,69,5893,5,4,4,1,1,1,1,1,1,
nocheckpoint,bbht_grover_nocheckpoint,RANGE,-4096,4096,256,62,0x91778cc3,0xbd1d1bc0,normal,HIT,6787,-1136,3,1,1,3404,34,39,6787,3,1,1,1,1,1,1,1,1,
nocheckpoint,bbht_grover_nocheckpoint,RANGE,-4096,4096,256,63,0xe6b7e7eb,0xd542988e,normal,HIT,5449,-2943,5,3,3,5398,53,59,5449,5,3,3,1,1,1,1,1,1,
nocheckpoint,bbht_grover_nocheckpoint,RANGE,-4096,4096,256,64,0x6770144c,0xd2d3c6e7,normal,HIT,9240,-1467,6,2,2,6413,64,68,9240,6,2,2,1,1,1,1,1,1,
nocheckpoint,bbht_grover_nocheckpoint,RANGE,-4096,4096,256,65,0xc600a248,0x0a1e0844,normal,HIT,10323,-26,6,3,3,6363,63,68,10323,6,3,3,1,1,1,1,1,1,
nocheckpoint,bbht_grover_nocheckpoint,RANGE,-4096,4096,256,66,0x1ea4f830,0x2ef0f28e,normal,HIT,11968,3802,3,1,1,3212,32,37,11968,3,1,1,1,1,1,1,1,1,
nocheckpoint,bbht_grover_nocheckpoint,RANGE,-4096,4096,256,67,0x639604f3,0x7fe04f83,normal,HIT,6987,-2316,6,6,6,7789,77,83,6987,6,6,6,1,1,1,1,1,1,
nocheckpoint,bbht_grover_nocheckpoint,RANGE,-4096,4096,256,68,0x6e084a84,0xb643b17e,normal,HIT,5170,3782,6,3,3,6390,63,69,5170,6,3,3,1,1,1,1,1,1,
nocheckpoint,bbht_grover_nocheckpoint,RANGE,-4096,4096,256,69,0x3d7fc476,0x467d7a44,normal,HIT,12880,1397,2,1,1,2398,23,29,12880,2,1,1,1,1,1,1,1,1,
nocheckpoint,bbht_grover_nocheckpoint,RANGE,-4096,4096,256,70,0xedca3875,0xefade11e,normal,HIT,4430,74,9,10,10,10866,108,114,4430,9,10,10,1,1,1,1,1,1,
nocheckpoint,bbht_grover_nocheckpoint,RANGE,-4096,4096,256,71,0xb883121d,0x095c678c,normal,HIT,8836,-3872,12,13,13,15491,154,160,8836,12,13,13,1,1,1,1,1,1,
nocheckpoint,bbht_grover_nocheckpoint,RANGE,-4096,4096,256,72,0xace22797,0xbc422a9a,normal,HIT,1409,-221,8,6,6,8911,89,94,1409,8,6,6,1,1,1,1,1,1,
nocheckpoint,bbht_grover_nocheckpoint,RANGE,-4096,4096,256,73,0xefd3172d,0x8c2c3233,normal,HIT,12874,4091,4,2,2,4242,42,48,12874,4,2,2,1,1,1,1,1,1,
nocheckpoint,bbht_grover_nocheckpoint,RANGE,-4096,4096,256,74,0xe6aacdb5,0x7f1c158a,normal,HIT,5526,3979,9,10,10,10771,107,113,5526,9,10,10,1,1,1,1,1,1,
nocheckpoint,bbht_grover_nocheckpoint,RANGE,-4096,4096,256,75,0x6566c598,0xca804b00,normal,HIT,2756,874,9,9,9,11271,112,117,2756,9,9,9,1,1,1,1,1,1,
nocheckpoint,bbht_grover_nocheckpoint,RANGE,-4096,4096,256,76,0x4e646d9d,0xcbae5ac0,normal,HIT,4708,-911,8,6,6,8439,84,89,4708,8,6,6,1,1,1,1,1,1,
nocheckpoint,bbht_grover_nocheckpoint,RANGE,-4096,4096,256,77,0x05d81d6f,0x260c4013,normal,HIT,14134,227,5,3,3,5097,50,56,14134,5,3,3,1,1,1,1,1,1,
nocheckpoint,bbht_grover_nocheckpoint,RANGE,-4096,4096,256,78,0x2018f6a3,0x5728c7f4,normal,HIT,7219,43,7,7,7,8594,85,90,7219,7,7,7,1,1,1,1,1,1,
nocheckpoint,bbht_grover_nocheckpoint,RANGE,-4096,4096,256,79,0x718ebf0c,0x4d7d460c,normal,HIT,6313,3315,7,5,5,7606,76,81,6313,7,5,5,1,1,1,1,1,1,
nocheckpoint,bbht_grover_nocheckpoint,RANGE,-4096,4096,256,80,0x042a8f17,0x2093b3f4,normal,HIT,8709,-3403,8,4,4,8249,82,88,8709,8,4,4,1,1,1,1,1,1,
nocheckpoint,bbht_grover_nocheckpoint,RANGE,-4096,4096,256,81,0xfc1c775d,0x35bd20f1,normal,HIT,15037,-3396,5,3,3,5124,51,56,15037,5,3,3,1,1,1,1,1,1,
nocheckpoint,bbht_grover_nocheckpoint,RANGE,-4096,4096,256,82,0x16b93b63,0x7d609ba5,normal,HIT,7219,43,9,10,10,11525,115,121,7219,9,10,10,1,1,1,1,1,1,
nocheckpoint,bbht_grover_nocheckpoint,RANGE,-4096,4096,256,83,0x8ce1028e,0xb152e7ef,normal,HIT,2981,-1400,10,12,12,12906,129,133,2981,10,12,12,1,1,1,1,1,1,
nocheckpoint,bbht_grover_nocheckpoint,RANGE,-4096,4096,256,84,0x87bad980,0x7dbefa97,normal,HIT,1165,-3955,13,26,26,19483,194,199,1165,13,26,26,1,1,1,1,1,1,
nocheckpoint,bbht_grover_nocheckpoint,RANGE,-4096,4096,256,85,0xd63d86f3,0xf5399cca,normal,HIT,1622,-746,2,1,1,2123,21,26,1622,2,1,1,1,1,1,1,1,1,
nocheckpoint,bbht_grover_nocheckpoint,RANGE,-4096,4096,256,86,0xeeaba102,0x01560fc0,normal,HIT,2981,-1400,10,10,10,11806,118,123,2981,10,10,10,1,1,1,1,1,1,
nocheckpoint,bbht_grover_nocheckpoint,RANGE,-4096,4096,256,87,0xc1fee4bb,0xc7e12d58,normal,HIT,11006,14,6,5,5,6981,69,75,11006,6,5,5,1,1,1,1,1,1,
nocheckpoint,bbht_grover_nocheckpoint,RANGE,-4096,4096,256,88,0x0707c9da,0xf644a3f9,normal,HIT,12629,-3988,10,10,10,12495,124,130,12629,10,10,10,1,1,1,1,1,1,
nocheckpoint,bbht_grover_nocheckpoint,RANGE,-4096,4096,256,89,0xde0d9c30,0x58a2ee8f,normal,HIT,5920,357,3,1,1,3447,34,40,5920,3,1,1,1,1,1,1,1,1,
nocheckpoint,bbht_grover_nocheckpoint,RANGE,-4096,4096,256,90,0x7cd0efc7,0x9f385cfb,normal,HIT,480,-2190,4,2,2,4207,42,47,480,4,2,2,1,1,1,1,1,1,
nocheckpoint,bbht_grover_nocheckpoint,RANGE,-4096,4096,256,91,0xe4cb50a6,0x94d13729,normal,HIT,533,909,13,10,10,15402,154,159,533,13,10,10,1,1,1,1,1,1,
nocheckpoint,bbht_grover_nocheckpoint,RANGE,-4096,4096,256,92,0xa0882219,0x18f75d24,normal,HIT,5364,2037,3,1,1,3354,33,39,5364,3,1,1,1,1,1,1,1,1,
nocheckpoint,bbht_grover_nocheckpoint,RANGE,-4096,4096,256,93,0xc435e6f2,0xf75a52bc,normal,HIT,2151,3011,3,2,2,3119,31,37,2151,3,2,2,1,1,1,1,1,1,
nocheckpoint,bbht_grover_nocheckpoint,RANGE,-4096,4096,256,94,0x011b63f0,0x0aa34346,normal,HIT,14139,-261,9,7,7,9861,98,104,14139,9,7,7,1,1,1,1,1,1,
nocheckpoint,bbht_grover_nocheckpoint,RANGE,-4096,4096,256,95,0x1b456e77,0xee460f94,normal,HIT,13135,465,5,4,4,6297,62,69,13135,5,4,4,1,1,1,1,1,1,
nocheckpoint,bbht_grover_nocheckpoint,RANGE,-4096,4096,256,96,0x10088608,0xef418331,normal,HIT,4116,-3709,7,6,6,7953,79,84,4116,7,6,6,1,1,1,1,1,1,
nocheckpoint,bbht_grover_nocheckpoint,RANGE,-4096,4096,256,97,0x6fcfc352,0xf8fa9f4c,normal,HIT,2859,-2006,7,5,5,7987,79,85,2859,7,5,5,1,1,1,1,1,1,
nocheckpoint,bbht_grover_nocheckpoint,RANGE,-4096,4096,256,98,0xfb6077af,0x713595a9,normal,HIT,1236,1692,12,17,17,15454,154,161,1236,12,17,17,1,1,1,1,1,1,
nocheckpoint,bbht_grover_nocheckpoint,RANGE,-4096,4096,256,99,0xc6ebb72e,0x08fdf109,normal,HIT,6987,-2316,8,8,8,9343,93,99,6987,8,8,8,1,1,1,1,1,1,
