branch,platform,predicate,threshold_a,threshold_b,target_count,seed_index,seed_j,seed_meas,mode,outcome,result_index,result_value,trial_count,L_BBHT,actual_iter,cycle_count,cycle_us,wall_us,exp_result_index,exp_trial_count,exp_L_BBHT,exp_actual_iter,match_result_index,match_trial_count,match_L_BBHT,match_actual_iter,predicate_ok,all_match,note
bram,bbht_grover_upgrade,LT,-16384,0,1,0,0x7b1dcdaf,0x24370df2,normal,HIT,6004,-28307,15,30,30,15004,150,156,6004,15,30,30,1,1,1,1,1,1,
bram,bbht_grover_upgrade,LT,-16384,0,1,0,0x7b1dcdaf,0x24370df2,ckpt,HIT,6004,-28307,15,30,8,7652,76,81,6004,15,30,8,1,1,1,1,1,1,
bram,bbht_grover_upgrade,LT,-16384,0,1,1,0x3a85a4dc,0xa3b9aa35,normal,HIT,6004,-28307,23,132,132,45624,456,462,6004,23,132,132,1,1,1,1,1,1,
bram,bbht_grover_upgrade,LT,-16384,0,1,1,0x3a85a4dc,0xa3b9aa35,ckpt,HIT,6004,-28307,23,132,43,19571,195,201,6004,23,132,43,1,1,1,1,1,1,
bram,bbht_grover_upgrade,LT,-16384,0,1,2,0x6162a8b2,0x871c276f,normal,HIT,6004,-28307,21,141,141,47145,471,476,6004,21,141,141,1,1,1,1,1,1,
bram,bbht_grover_upgrade,LT,-16384,0,1,2,0x6162a8b2,0x871c276f,ckpt,HIT,6004,-28307,21,141,31,15801,158,163,6004,21,141,31,1,1,1,1,1,1,
bram,bbht_grover_upgrade,LT,-16384,0,1,3,0xc3adc34e,0xf5b8f22b,normal,HIT,6004,-28307,24,192,192,62168,621,626,6004,24,192,192,1,1,1,1,1,1,
bram,bbht_grover_upgrade,LT,-16384,0,1,3,0xc3adc34e,0xf5b8f22b,ckpt,HIT,6004,-28307,24,192,41,19684,196,201,6004,24,192,41,1,1,1,1,1,1,
bram,bbht_grover_upgrade,LT,-16384,0,1,4,0x2bb073ff,0x3f8396e3,normal,HIT,6004,-28307,20,108,108,37954,379,385,6004,20,108,108,1,1,1,1,1,1,
bram,bbht_grover_upgrade,LT,-16384,0,1,4,0x2bb073ff,0x3f8396e3,ckpt,HIT,6004,-28307,20,108,30,15329,153,158,6004,20,108,30,1,1,1,1,1,1,
bram,bbht_grover_upgrade,LT,-16384,0,1,5,0xda585ab3,0xa7197ad7,normal,HIT,6004,-28307,21,96,96,35353,353,359,6004,21,96,96,1,1,1,1,1,1,
bram,bbht_grover_upgrade,LT,-16384,0,1,5,0xda585ab3,0xa7197ad7,ckpt,HIT,6004,-28307,21,96,25,14384,143,149,6004,21,96,25,1,1,1,1,1,1,
bram,bbht_grover_upgrade,LT,-16384,0,1,6,0x0ed109c0,0x5701ce52,normal,HIT,6004,-28307,24,207,207,66096,660,666,6004,24,207,207,1,1,1,1,1,1,
bram,bbht_grover_upgrade,LT,-16384,0,1,6,0x0ed109c0,0x5701ce52,ckpt,HIT,6004,-28307,24,207,58,27616,276,282,6004,24,207,58,1,1,1,1,1,1,
bram,bbht_grover_upgrade,LT,-16384,0,1,7,0x102ecf73,0x53c7612b,normal,HIT,6004,-28307,12,25,25,12186,121,127,6004,12,25,25,1,1,1,1,1,1,
bram,bbht_grover_upgrade,LT,-16384,0,1,7,0x102ecf73,0x53c7612b,ckpt,HIT,6004,-28307,12,25,7,6221,62,67,6004,12,25,7,1,1,1,1,1,1,
bram,bbht_grover_upgrade,LT,-16384,0,1,8,0xcf29b6a1,0x35231a84,normal,HIT,6004,-28307,25,183,183,60268,602,608,6004,25,183,183,1,1,1,1,1,1,
bram,bbht_grover_upgrade,LT,-16384,0,1,8,0xcf29b6a1,0x35231a84,ckpt,HIT,6004,-28307,25,183,54,23553,235,241,6004,25,183,54,1,1,1,1,1,1,
bram,bbht_grover_upgrade,LT,-16384,0,1,9,0xc49cbb42,0xd0a3bbb8,normal,HIT,6004,-28307,24,148,148,50388,503,509,6004,24,148,148,1,1,1,1,1,1,
bram,bbht_grover_upgrade,LT,-16384,0,1,9,0xc49cbb42,0xd0a3bbb8,ckpt,HIT,6004,-28307,24,148,68,26742,267,273,6004,24,148,68,1,1,1,1,1,1,
bram,bbht_grover_upgrade,LT,-16384,0,1,10,0x4cc51d23,0xee0e3ab4,normal,HIT,6004,-28307,24,195,195,62914,629,635,6004,24,195,195,1,1,1,1,1,1,
bram,bbht_grover_upgrade,LT,-16384,0,1,10,0x4cc51d23,0xee0e3ab4,ckpt,HIT,6004,-28307,24,195,47,21213,212,217,6004,24,195,47,1,1,1,1,1,1,
bram,bbht_grover_upgrade,LT,-16384,0,1,11,0xf9e8aa7a,0x3208c31a,normal,HIT,6004,-28307,25,218,218,69416,694,699,6004,25,218,218,1,1,1,1,1,1,
bram,bbht_grover_upgrade,LT,-16384,0,1,11,0xf9e8aa7a,0x3208c31a,ckpt,HIT,6004,-28307,25,218,57,24328,243,249,6004,25,218,57,1,1,1,1,1,1,
bram,bbht_grover_upgrade,LT,-16384,0,1,12,0xdda8b051,0xc8105c9d,normal,HIT,6004,-28307,26,276,276,85325,853,859,6004,26,276,276,1,1,1,1,1,1,
bram,bbht_grover_upgrade,LT,-16384,0,1,12,0xdda8b051,0xc8105c9d,ckpt,HIT,6004,-28307,26,276,76,29892,298,304,6004,26,276,76,1,1,1,1,1,1,
bram,bbht_grover_upgrade,LT,-16384,0,1,13,0xabfb11bf,0xf5dec75e,normal,HIT,6004,-28307,17,61,61,24151,241,248,6004,17,61,61,1,1,1,1,1,1,
bram,bbht_grover_upgrade,LT,-16384,0,1,13,0xabfb11bf,0xf5dec75e,ckpt,HIT,6004,-28307,17,61,20,11469,114,119,6004,17,61,20,1,1,1,1,1,1,
bram,bbht_grover_upgrade,LT,-16384,0,1,14,0x20639811,0x6b6a7c47,normal,HIT,6004,-28307,25,221,221,70378,703,709,6004,25,221,221,1,1,1,1,1,1,
bram,bbht_grover_upgrade,LT,-16384,0,1,14,0x20639811,0x6b6a7c47,ckpt,HIT,6004,-28307,25,221,69,27487,274,281,6004,25,221,69,1,1,1,1,1,1,
bram,bbht_grover_upgrade,LT,-16384,0,1,15,0xac72acd2,0xca84bc6c,normal,HIT,6004,-28307,26,234,234,74226,742,748,6004,26,234,234,1,1,1,1,1,1,
bram,bbht_grover_upgrade,LT,-16384,0,1,15,0xac72acd2,0xca84bc6c,ckpt,HIT,6004,-28307,26,234,77,30428,304,309,6004,26,234,77,1,1,1,1,1,1,
bram,bbht_grover_upgrade,LT,-16384,0,1,16,0x49a2da79,0xe1376725,normal,HIT,6004,-28307,23,175,175,57092,570,576,6004,23,175,175,1,1,1,1,1,1,
bram,bbht_grover_upgrade,LT,-16384,0,1,16,0x49a2da79,0xe1376725,ckpt,HIT,6004,-28307,23,175,41,19039,190,195,6004,23,175,41,1,1,1,1,1,1,
bram,bbht_grover_upgrade,LT,-16384,0,1,17,0x63a4e9d7,0x6166dba4,normal,HIT,6004,-28307,28,359,359,108135,1081,1086,6004,28,359,359,1,1,1,1,1,1,
bram,bbht_grover_upgrade,LT,-16384,0,1,17,0x63a4e9d7,0x6166dba4,ckpt,HIT,6004,-28307,28,359,127,44210,442,447,6004,28,359,127,1,1,1,1,1,1,
bram,bbht_grover_upgrade,LT,-16384,0,1,18,0x8983f102,0x43fb6183,normal,HIT,6004,-28307,23,151,151,50894,508,514,6004,23,151,151,1,1,1,1,1,1,
bram,bbht_grover_upgrade,LT,-16384,0,1,18,0x8983f102,0x43fb6183,ckpt,HIT,6004,-28307,23,151,43,19920,199,205,6004,23,151,43,1,1,1,1,1,1,
bram,bbht_grover_upgrade,LT,-16384,0,1,19,0xb671aa78,0xc97ad8a2,normal,HIT,6004,-28307,28,371,371,111377,1113,1119,6004,28,371,371,1,1,1,1,1,1,
bram,bbht_grover_upgrade,LT,-16384,0,1,19,0xb671aa78,0xc97ad8a2,ckpt,HIT,6004,-28307,28,371,160,52641,526,531,6004,28,371,160,1,1,1,1,1,1,
bram,bbht_grover_upgrade,LT,-16384,0,1,20,0xdaeb566a,0x989e5b3d,normal,HIT,6004,-28307,27,311,311,95063,950,955,6004,27,311,311,1,1,1,1,1,1,
bram,bbht_grover_upgrade,LT,-16384,0,1,20,0xdaeb566a,0x989e5b3d,ckpt,HIT,6004,-28307,27,311,109,38611,386,391,6004,27,311,109,1,1,1,1,1,1,
bram,bbht_grover_upgrade,LT,-16384,0,1,21,0xf6181c00,0xa345ac4b,normal,HIT,6004,-28307,22,105,105,38091,380,386,6004,22,105,105,1,1,1,1,1,1,
bram,bbht_grover_upgrade,LT,-16384,0,1,21,0xf6181c00,0xa345ac4b,ckpt,HIT,6004,-28307,22,105,24,14478,144,150,6004,22,105,24,1,1,1,1,1,1,
bram,bbht_grover_upgrade,LT,-16384,0,1,22,0x4e18d852,0xa08980df,normal,HIT,6004,-28307,19,72,72,27923,279,283,6004,19,72,72,1,1,1,1,1,1,
bram,bbht_grover_upgrade,LT,-16384,0,1,22,0x4e18d852,0xa08980df,ckpt,HIT,6004,-28307,19,72,12,10072,100,106,6004,19,72,12,1,1,1,1,1,1,
bram,bbht_grover_upgrade,LT,-16384,0,1,23,0xa035ceba,0x611de4c4,normal,HIT,6004,-28307,26,337,337,101602,1016,1021,6004,26,337,337,1,1,1,1,1,1,
bram,bbht_grover_upgrade,LT,-16384,0,1,23,0xa035ceba,0x611de4c4,ckpt,HIT,6004,-28307,26,337,101,36539,365,370,6004,26,337,101,1,1,1,1,1,1,
bram,bbht_grover_upgrade,LT,-16384,0,1,24,0xc2416ee4,0x7323f479,normal,HIT,6004,-28307,20,122,122,41705,417,422,6004,20,122,122,1,1,1,1,1,1,
bram,bbht_grover_upgrade,LT,-16384,0,1,24,0xc2416ee4,0x7323f479,ckpt,HIT,6004,-28307,20,122,32,15729,157,161,6004,20,122,32,1,1,1,1,1,1,
bram,bbht_grover_upgrade,LT,-16384,0,1,25,0xfbdafbdd,0xa0c0cf2f,normal,HIT,6004,-28307,25,210,210,67264,672,677,6004,25,210,210,1,1,1,1,1,1,
bram,bbht_grover_upgrade,LT,-16384,0,1,25,0xfbdafbdd,0xa0c0cf2f,ckpt,HIT,6004,-28307,25,210,79,30185,301,307,6004,25,210,79,1,1,1,1,1,1,
bram,bbht_grover_upgrade,LT,-16384,0,1,26,0xa43fbf47,0x8de97b10,normal,HIT,6004,-28307,28,273,273,85337,853,858,6004,28,273,273,1,1,1,1,1,1,
bram,bbht_grover_upgrade,LT,-16384,0,1,26,0xa43fbf47,0x8de97b10,ckpt,HIT,6004,-28307,28,273,73,30989,309,315,6004,28,273,73,1,1,1,1,1,1,
bram,bbht_grover_upgrade,LT,-16384,0,1,27,0x6811f7c1,0xcb07044a,normal,HIT,6004,-28307,31,441,441,131372,1313,1319,6004,31,441,441,1,1,1,1,1,1,
bram,bbht_grover_upgrade,LT,-16384,0,1,27,0x6811f7c1,0xcb07044a,ckpt,HIT,6004,-28307,31,441,152,51967,519,525,6004,31,441,152,1,1,1,1,1,1,
bram,bbht_grover_upgrade,LT,-16384,0,1,28,0x610dde2c,0x8cf5deb9,normal,HIT,6004,-28307,24,205,205,65471,654,659,6004,24,205,205,1,1,1,1,1,1,
bram,bbht_grover_upgrade,LT,-16384,0,1,28,0x610dde2c,0x8cf5deb9,ckpt,HIT,6004,-28307,24,205,65,25804,258,263,6004,24,205,65,1,1,1,1,1,1,
bram,bbht_grover_upgrade,LT,-16384,0,1,29,0x82241b87,0xbbe27f39,normal,HIT,6004,-28307,16,41,41,18345,183,189,6004,16,41,41,1,1,1,1,1,1,
bram,bbht_grover_upgrade,LT,-16384,0,1,29,0x82241b87,0xbbe27f39,ckpt,HIT,6004,-28307,16,41,6,7310,73,78,6004,16,41,6,1,1,1,1,1,1,
bram,bbht_grover_upgrade,LT,-16384,0,1,30,0x48647490,0xea9551eb,normal,HIT,6004,-28307,27,298,298,91623,916,922,6004,27,298,298,1,1,1,1,1,1,
bram,bbht_grover_upgrade,LT,-16384,0,1,30,0x48647490,0xea9551eb,ckpt,HIT,6004,-28307,27,298,97,36182,361,367,6004,27,298,97,1,1,1,1,1,1,
bram,bbht_grover_upgrade,LT,-16384,0,1,31,0x63df3b7f,0xa8b057e1,normal,HIT,6004,-28307,25,224,224,71098,710,716,6004,25,224,224,1,1,1,1,1,1,
bram,bbht_grover_upgrade,LT,-16384,0,1,31,0x63df3b7f,0xa8b057e1,ckpt,HIT,6004,-28307,25,224,78,29752,297,303,6004,25,224,78,1,1,1,1,1,1,
bram,bbht_grover_upgrade,LT,-16384,0,1,32,0x433125bb,0x3221fef0,normal,HIT,6004,-28307,24,147,147,50137,501,506,6004,24,147,147,1,1,1,1,1,1,
bram,bbht_grover_upgrade,LT,-16384,0,1,32,0x433125bb,0x3221fef0,ckpt,HIT,6004,-28307,24,147,44,20131,201,206,6004,24,147,44,1,1,1,1,1,1,
bram,bbht_grover_upgrade,LT,-16384,0,1,33,0x7943be40,0x6641ee79,normal,HIT,6004,-28307,26,333,333,100225,1002,1007,6004,26,333,333,1,1,1,1,1,1,
bram,bbht_grover_upgrade,LT,-16384,0,1,33,0x7943be40,0x6641ee79,ckpt,HIT,6004,-28307,26,333,94,33986,339,345,6004,26,333,94,1,1,1,1,1,1,
bram,bbht_grover_upgrade,LT,-16384,0,1,34,0x26c93252,0x675d2908,normal,HIT,6004,-28307,17,68,68,25883,258,264,6004,17,68,68,1,1,1,1,1,1,
bram,bbht_grover_upgrade,LT,-16384,0,1,34,0x26c93252,0x675d2908,ckpt,HIT,6004,-28307,17,68,17,10688,106,112,6004,17,68,17,1,1,1,1,1,1,
bram,bbht_grover_upgrade,LT,-16384,0,1,35,0xdbe3ed49,0xa7cfea56,normal,HIT,6004,-28307,24,230,230,72203,722,727,6004,24,230,230,1,1,1,1,1,1,
bram,bbht_grover_upgrade,LT,-16384,0,1,35,0xdbe3ed49,0xa7cfea56,ckpt,HIT,6004,-28307,24,230,57,24270,242,247,6004,24,230,57,1,1,1,1,1,1,
bram,bbht_grover_upgrade,LT,-16384,0,1,36,0xc2ec9bb4,0xbfc0ae9e,normal,HIT,6004,-28307,22,141,141,47706,477,483,6004,22,141,141,1,1,1,1,1,1,
bram,bbht_grover_upgrade,LT,-16384,0,1,36,0xc2ec9bb4,0xbfc0ae9e,ckpt,HIT,6004,-28307,22,141,45,19805,198,203,6004,22,141,45,1,1,1,1,1,1,
bram,bbht_grover_upgrade,LT,-16384,0,1,37,0xe7ec8559,0x307064ac,normal,HIT,6004,-28307,20,85,85,31903,319,325,6004,20,85,85,1,1,1,1,1,1,
bram,bbht_grover_upgrade,LT,-16384,0,1,37,0xe7ec8559,0x307064ac,ckpt,HIT,6004,-28307,20,85,32,19009,190,195,6004,20,85,32,1,1,1,1,1,1,
bram,bbht_grover_upgrade,LT,-16384,0,1,38,0xccb88b54,0x2cf00158,normal,HIT,6004,-28307,24,225,225,70932,709,715,6004,24,225,225,1,1,1,1,1,1,
bram,bbht_grover_upgrade,LT,-16384,0,1,38,0xccb88b54,0x2cf00158,ckpt,HIT,6004,-28307,24,225,42,19884,198,205,6004,24,225,42,1,1,1,1,1,1,
bram,bbht_grover_upgrade,LT,-16384,0,1,39,0xb512e6a4,0x2b9e708c,normal,HIT,6004,-28307,24,205,205,65569,655,661,6004,24,205,205,1,1,1,1,1,1,
bram,bbht_grover_upgrade,LT,-16384,0,1,39,0xb512e6a4,0x2b9e708c,ckpt,HIT,6004,-28307,24,205,46,21068,210,216,6004,24,205,46,1,1,1,1,1,1,
bram,bbht_grover_upgrade,LT,-16384,0,1,40,0x7e2c3d82,0xa69fb195,normal,HIT,6004,-28307,17,42,42,19068,190,195,6004,17,42,42,1,1,1,1,1,1,
bram,bbht_grover_upgrade,LT,-16384,0,1,40,0x7e2c3d82,0xa69fb195,ckpt,HIT,6004,-28307,17,42,13,9744,97,101,6004,17,42,13,1,1,1,1,1,1,
bram,bbht_grover_upgrade,LT,-16384,0,1,41,0x58b3e5ad,0x23a21253,normal,HIT,6004,-28307,23,130,130,45131,451,455,6004,23,130,130,1,1,1,1,1,1,
bram,bbht_grover_upgrade,LT,-16384,0,1,41,0x58b3e5ad,0x23a21253,ckpt,HIT,6004,-28307,23,130,42,19921,199,204,6004,23,130,42,1,1,1,1,1,1,
bram,bbht_grover_upgrade,LT,-16384,0,1,42,0x9a07c40b,0x3ea78d8c,normal,HIT,6004,-28307,23,190,190,61119,611,617,6004,23,190,190,1,1,1,1,1,1,
bram,bbht_grover_upgrade,LT,-16384,0,1,42,0x9a07c40b,0x3ea78d8c,ckpt,HIT,6004,-28307,23,190,36,17928,179,184,6004,23,190,36,1,1,1,1,1,1,
bram,bbht_grover_upgrade,LT,-16384,0,1,43,0xf1f9a54b,0x7b00db61,normal,HIT,6004,-28307,19,98,98,34859,348,353,6004,19,98,98,1,1,1,1,1,1,
bram,bbht_grover_upgrade,LT,-16384,0,1,43,0xf1f9a54b,0x7b00db61,ckpt,HIT,6004,-28307,19,98,20,12416,124,129,6004,19,98,20,1,1,1,1,1,1,
bram,bbht_grover_upgrade,LT,-16384,0,1,44,0xfba6212d,0xb8b8356a,normal,HIT,6004,-28307,25,202,202,65211,652,656,6004,25,202,202,1,1,1,1,1,1,
bram,bbht_grover_upgrade,LT,-16384,0,1,44,0xfba6212d,0xb8b8356a,ckpt,HIT,6004,-28307,25,202,46,21064,210,216,6004,25,202,46,1,1,1,1,1,1,
bram,bbht_grover_upgrade,LT,-16384,0,1,45,0x1ca60615,0xd753b84a,normal,HIT,6004,-28307,22,164,164,53748,537,543,6004,22,164,164,1,1,1,1,1,1,
bram,bbht_grover_upgrade,LT,-16384,0,1,45,0x1ca60615,0xd753b84a,ckpt,HIT,6004,-28307,22,164,36,17470,174,179,6004,22,164,36,1,1,1,1,1,1,
bram,bbht_grover_upgrade,LT,-16384,0,1,46,0xa085c93e,0x19b8504d,normal,HIT,6004,-28307,17,52,52,21747,217,222,6004,17,52,52,1,1,1,1,1,1,
bram,bbht_grover_upgrade,LT,-16384,0,1,46,0xa085c93e,0x19b8504d,ckpt,HIT,6004,-28307,17,52,13,9538,95,100,6004,17,52,13,1,1,1,1,1,1,
bram,bbht_grover_upgrade,LT,-16384,0,1,47,0x18190603,0xad0438b2,normal,HIT,6004,-28307,24,252,252,78044,780,786,6004,24,252,252,1,1,1,1,1,1,
bram,bbht_grover_upgrade,LT,-16384,0,1,47,0x18190603,0xad0438b2,ckpt,HIT,6004,-28307,24,252,64,25738,257,263,6004,24,252,64,1,1,1,1,1,1,
bram,bbht_grover_upgrade,LT,-16384,0,1,48,0xc1143c78,0xbbdab3cd,normal,HIT,6004,-28307,26,226,226,72184,721,728,6004,26,226,226,1,1,1,1,1,1,
bram,bbht_grover_upgrade,LT,-16384,0,1,48,0xc1143c78,0xbbdab3cd,ckpt,HIT,6004,-28307,26,226,72,31564,315,321,6004,26,226,72,1,1,1,1,1,1,
bram,bbht_grover_upgrade,LT,-16384,0,1,49,0x332063fc,0x222ba57c,normal,HIT,6004,-28307,25,229,229,72403,724,729,6004,25,229,229,1,1,1,1,1,1,
bram,bbht_grover_upgrade,LT,-16384,0,1,49,0x332063fc,0x222ba57c,ckpt,HIT,6004,-28307,25,229,53,23045,230,236,6004,25,229,53,1,1,1,1,1,1,
bram,bbht_grover_upgrade,LT,-16384,0,1,50,0xd6f4066b,0xab9eb714,normal,HIT,6004,-28307,25,213,213,68075,680,687,6004,25,213,213,1,1,1,1,1,1,
bram,bbht_grover_upgrade,LT,-16384,0,1,50,0xd6f4066b,0xab9eb714,ckpt,HIT,6004,-28307,25,213,62,25269,252,259,6004,25,213,62,1,1,1,1,1,1,
bram,bbht_grover_upgrade,LT,-16384,0,1,51,0x64b9628c,0x9cd8b518,normal,HIT,6004,-28307,21,111,111,39190,391,397,6004,21,111,111,1,1,1,1,1,1,
bram,bbht_grover_upgrade,LT,-16384,0,1,51,0x64b9628c,0x9cd8b518,ckpt,HIT,6004,-28307,21,111,23,13919,139,145,6004,21,111,23,1,1,1,1,1,1,
bram,bbht_grover_upgrade,LT,-16384,0,1,52,0x894e6771,0x8a255c2e,normal,HIT,6004,-28307,26,256,256,79991,799,805,6004,26,256,256,1,1,1,1,1,1,
bram,bbht_grover_upgrade,LT,-16384,0,1,52,0x894e6771,0x8a255c2e,ckpt,HIT,6004,-28307,26,256,89,33038,330,335,6004,26,256,89,1,1,1,1,1,1,
bram,bbht_grover_upgrade,LT,-16384,0,1,53,0xe3e668e8,0xff1f20c3,normal,HIT,6004,-28307,20,77,77,29802,298,303,6004,20,77,77,1,1,1,1,1,1,
bram,bbht_grover_upgrade,LT,-16384,0,1,53,0xe3e668e8,0xff1f20c3,ckpt,HIT,6004,-28307,20,77,26,14209,142,147,6004,20,77,26,1,1,1,1,1,1,
bram,bbht_grover_upgrade,LT,-16384,0,1,54,0x36980406,0xfbdbfa61,normal,HIT,6004,-28307,25,283,283,86757,867,873,6004,25,283,283,1,1,1,1,1,1,
bram,bbht_grover_upgrade,LT,-16384,0,1,54,0x36980406,0xfbdbfa61,ckpt,HIT,6004,-28307,25,283,71,27970,279,285,6004,25,283,71,1,1,1,1,1,1,
bram,bbht_grover_upgrade,LT,-16384,0,1,55,0x114d2b4a,0xa617ad4e,normal,HIT,6004,-28307,23,124,124,43694,436,441,6004,23,124,124,1,1,1,1,1,1,
bram,bbht_grover_upgrade,LT,-16384,0,1,55,0x114d2b4a,0xa617ad4e,ckpt,HIT,6004,-28307,23,124,52,22214,222,227,6004,23,124,52,1,1,1,1,1,1,
bram,bbht_grover_upgrade,LT,-16384,0,1,56,0x3b8907e1,0x0c6cbd10,normal,HIT,6004,-28307,21,86,86,32568,325,331,6004,21,86,86,1,1,1,1,1,1,
bram,bbht_grover_upgrade,LT,-16384,0,1,56,0x3b8907e1,0x0c6cbd10,ckpt,HIT,6004,-28307,21,86,27,14596,145,151,6004,21,86,27,1,1,1,1,1,1,
bram,bbht_grover_upgrade,LT,-16384,0,1,57,0x2cd09c1d,0x964fb1a7,normal,HIT,6004,-28307,22,166,166,54300,543,548,6004,22,166,166,1,1,1,1,1,1,
bram,bbht_grover_upgrade,LT,-16384,0,1,57,0x2cd09c1d,0x964fb1a7,ckpt,HIT,6004,-28307,22,166,42,19005,190,195,6004,22,166,42,1,1,1,1,1,1,
bram,bbht_grover_upgrade,LT,-16384,0,1,58,0x6d7a8604,0xbd6f99c6,normal,HIT,6004,-28307,21,97,97,35527,355,361,6004,21,97,97,1,1,1,1,1,1,
bram,bbht_grover_upgrade,LT,-16384,0,1,58,0x6d7a8604,0xbd6f99c6,ckpt,HIT,6004,-28307,21,97,21,13336,133,138,6004,21,97,21,1,1,1,1,1,1,
bram,bbht_grover_upgrade,LT,-16384,0,1,59,0x1fadaf42,0x60010aa3,normal,HIT,6004,-28307,27,201,201,66014,660,665,6004,27,201,201,1,1,1,1,1,1,
bram,bbht_grover_upgrade,LT,-16384,0,1,59,0x1fadaf42,0x60010aa3,ckpt,HIT,6004,-28307,27,201,50,25977,259,265,6004,27,201,50,1,1,1,1,1,1,
bram,bbht_grover_upgrade,LT,-16384,0,1,60,0x92fe7cfd,0xb54e2773,normal,HIT,6004,-28307,24,243,243,75702,757,763,6004,24,243,243,1,1,1,1,1,1,
bram,bbht_grover_upgrade,LT,-16384,0,1,60,0x92fe7cfd,0xb54e2773,ckpt,HIT,6004,-28307,24,243,49,22118,221,227,6004,24,243,49,1,1,1,1,1,1,
bram,bbht_grover_upgrade,LT,-16384,0,1,61,0x1aecb060,0x9c545eba,normal,HIT,6004,-28307,24,183,183,59683,596,603,6004,24,183,183,1,1,1,1,1,1,
bram,bbht_grover_upgrade,LT,-16384,0,1,61,0x1aecb060,0x9c545eba,ckpt,HIT,6004,-28307,24,183,65,26622,266,271,6004,24,183,65,1,1,1,1,1,1,
bram,bbht_grover_upgrade,LT,-16384,0,1,62,0x91778cc3,0xbd1d1bc0,normal,HIT,6004,-28307,23,153,153,51269,512,518,6004,23,153,153,1,1,1,1,1,1,
bram,bbht_grover_upgrade,LT,-16384,0,1,62,0x91778cc3,0xbd1d1bc0,ckpt,HIT,6004,-28307,23,153,34,17289,172,177,6004,23,153,34,1,1,1,1,1,1,
bram,bbht_grover_upgrade,LT,-16384,0,1,63,0xe6b7e7eb,0xd542988e,normal,HIT,6004,-28307,26,195,195,63808,638,644,6004,26,195,195,1,1,1,1,1,1,
bram,bbht_grover_upgrade,LT,-16384,0,1,63,0xe6b7e7eb,0xd542988e,ckpt,HIT,6004,-28307,26,195,55,24181,241,247,6004,26,195,55,1,1,1,1,1,1,
bram,bbht_grover_upgrade,LT,-16384,0,1,64,0x6770144c,0xd2d3c6e7,normal,HIT,6004,-28307,26,193,193,63297,632,637,6004,26,193,193,1,1,1,1,1,1,
bram,bbht_grover_upgrade,LT,-16384,0,1,64,0x6770144c,0xd2d3c6e7,ckpt,HIT,6004,-28307,26,193,46,21889,218,223,6004,26,193,46,1,1,1,1,1,1,
bram,bbht_grover_upgrade,LT,-16384,0,1,65,0xc600a248,0x0a1e0844,normal,HIT,6004,-28307,22,76,76,30313,303,309,6004,22,76,76,1,1,1,1,1,1,
bram,bbht_grover_upgrade,LT,-16384,0,1,65,0xc600a248,0x0a1e0844,ckpt,HIT,6004,-28307,22,76,31,16031,160,165,6004,22,76,31,1,1,1,1,1,1,
bram,bbht_grover_upgrade,LT,-16384,0,1,66,0x1ea4f830,0x2ef0f28e,normal,HIT,6004,-28307,25,172,172,57292,572,577,6004,25,172,172,1,1,1,1,1,1,
bram,bbht_grover_upgrade,LT,-16384,0,1,66,0x1ea4f830,0x2ef0f28e,ckpt,HIT,6004,-28307,25,172,65,26669,266,272,6004,25,172,65,1,1,1,1,1,1,
bram,bbht_grover_upgrade,LT,-16384,0,1,67,0x639604f3,0x7fe04f83,normal,HIT,6004,-28307,22,105,105,38077,380,386,6004,22,105,105,1,1,1,1,1,1,
bram,bbht_grover_upgrade,LT,-16384,0,1,67,0x639604f3,0x7fe04f83,ckpt,HIT,6004,-28307,22,105,48,20842,208,214,6004,22,105,48,1,1,1,1,1,1,
bram,bbht_grover_upgrade,LT,-16384,0,1,68,0x6e084a84,0xb643b17e,normal,HIT,6004,-28307,21,81,81,31407,314,320,6004,21,81,81,1,1,1,1,1,1,
bram,bbht_grover_upgrade,LT,-16384,0,1,68,0x6e084a84,0xb643b17e,ckpt,HIT,6004,-28307,21,81,31,15923,159,165,6004,21,81,31,1,1,1,1,1,1,
bram,bbht_grover_upgrade,LT,-16384,0,1,69,0x3d7fc476,0x467d7a44,normal,HIT,6004,-28307,22,106,106,38287,382,388,6004,22,106,106,1,1,1,1,1,1,
bram,bbht_grover_upgrade,LT,-16384,0,1,69,0x3d7fc476,0x467d7a44,ckpt,HIT,6004,-28307,22,106,27,17932,179,184,6004,22,106,27,1,1,1,1,1,1,
bram,bbht_grover_upgrade,LT,-16384,0,1,70,0xedca3875,0xefade11e,normal,HIT,6004,-28307,26,243,243,76537,765,770,6004,26,243,243,1,1,1,1,1,1,
bram,bbht_grover_upgrade,LT,-16384,0,1,70,0xedca3875,0xefade11e,ckpt,HIT,6004,-28307,26,243,98,36033,360,366,6004,26,243,98,1,1,1,1,1,1,
bram,bbht_grover_upgrade,LT,-16384,0,1,71,0xb883121d,0x095c678c,normal,HIT,6004,-28307,20,70,70,27931,279,285,6004,20,70,70,1,1,1,1,1,1,
bram,bbht_grover_upgrade,LT,-16384,0,1,71,0xb883121d,0x095c678c,ckpt,HIT,6004,-28307,20,70,28,14747,147,152,6004,20,70,28,1,1,1,1,1,1,
bram,bbht_grover_upgrade,LT,-16384,0,1,72,0xace22797,0xbc422a9a,normal,HIT,6004,-28307,28,440,440,129654,1296,1301,6004,28,440,440,1,1,1,1,1,1,
bram,bbht_grover_upgrade,LT,-16384,0,1,72,0xace22797,0xbc422a9a,ckpt,HIT,6004,-28307,28,440,103,37615,376,381,6004,28,440,103,1,1,1,1,1,1,
bram,bbht_grover_upgrade,LT,-16384,0,1,73,0xefd3172d,0x8c2c3233,normal,HIT,6004,-28307,25,248,248,77245,772,778,6004,25,248,248,1,1,1,1,1,1,
bram,bbht_grover_upgrade,LT,-16384,0,1,73,0xefd3172d,0x8c2c3233,ckpt,HIT,6004,-28307,25,248,70,27428,274,279,6004,25,248,70,1,1,1,1,1,1,
bram,bbht_grover_upgrade,LT,-16384,0,1,74,0xe6aacdb5,0x7f1c158a,normal,HIT,6004,-28307,23,212,212,66919,669,673,6004,23,212,212,1,1,1,1,1,1,
bram,bbht_grover_upgrade,LT,-16384,0,1,74,0xe6aacdb5,0x7f1c158a,ckpt,HIT,6004,-28307,23,212,40,18961,189,195,6004,23,212,40,1,1,1,1,1,1,
bram,bbht_grover_upgrade,LT,-16384,0,1,75,0x6566c598,0xca804b00,normal,HIT,6004,-28307,21,117,117,40828,408,413,6004,21,117,117,1,1,1,1,1,1,
bram,bbht_grover_upgrade,LT,-16384,0,1,75,0x6566c598,0xca804b00,ckpt,HIT,6004,-28307,21,117,26,14821,148,154,6004,21,117,26,1,1,1,1,1,1,
bram,bbht_grover_upgrade,LT,-16384,0,1,76,0x4e646d9d,0xcbae5ac0,normal,HIT,6004,-28307,23,149,149,50171,501,506,6004,23,149,149,1,1,1,1,1,1,
bram,bbht_grover_upgrade,LT,-16384,0,1,76,0x4e646d9d,0xcbae5ac0,ckpt,HIT,6004,-28307,23,149,53,22139,221,227,6004,23,149,53,1,1,1,1,1,1,
bram,bbht_grover_upgrade,LT,-16384,0,1,77,0x05d81d6f,0x260c4013,normal,HIT,6004,-28307,24,189,189,61280,612,619,6004,24,189,189,1,1,1,1,1,1,
bram,bbht_grover_upgrade,LT,-16384,0,1,77,0x05d81d6f,0x260c4013,ckpt,HIT,6004,-28307,24,189,58,23831,238,244,6004,24,189,58,1,1,1,1,1,1,
bram,bbht_grover_upgrade,LT,-16384,0,1,78,0x2018f6a3,0x5728c7f4,normal,HIT,6004,-28307,25,177,177,58548,585,590,6004,25,177,177,1,1,1,1,1,1,
bram,bbht_grover_upgrade,LT,-16384,0,1,78,0x2018f6a3,0x5728c7f4,ckpt,HIT,6004,-28307,25,177,69,27710,277,282,6004,25,177,69,1,1,1,1,1,1,
bram,bbht_grover_upgrade,LT,-16384,0,1,79,0x718ebf0c,0x4d7d460c,normal,HIT,6004,-28307,24,138,138,47846,478,484,6004,24,138,138,1,1,1,1,1,1,
bram,bbht_grover_upgrade,LT,-16384,0,1,79,0x718ebf0c,0x4d7d460c,ckpt,HIT,6004,-28307,24,138,54,26394,263,269,6004,24,138,54,1,1,1,1,1,1,
bram,bbht_grover_upgrade,LT,-16384,0,1,80,0x042a8f17,0x2093b3f4,normal,HIT,6004,-28307,17,53,53,22011,220,225,6004,17,53,53,1,1,1,1,1,1,
bram,bbht_grover_upgrade,LT,-16384,0,1,80,0x042a8f17,0x2093b3f4,ckpt,HIT,6004,-28307,17,53,14,9850,98,104,6004,17,53,14,1,1,1,1,1,1,
bram,bbht_grover_upgrade,LT,-16384,0,1,81,0xfc1c775d,0x35bd20f1,normal,HIT,6004,-28307,18,79,79,29338,293,298,6004,18,79,79,1,1,1,1,1,1,
bram,bbht_grover_upgrade,LT,-16384,0,1,81,0xfc1c775d,0x35bd20f1,ckpt,HIT,6004,-28307,18,79,19,11438,114,119,6004,18,79,19,1,1,1,1,1,1,
bram,bbht_grover_upgrade,LT,-16384,0,1,82,0x16b93b63,0x7d609ba5,normal,HIT,6004,-28307,21,121,121,41980,419,424,6004,21,121,121,1,1,1,1,1,1,
bram,bbht_grover_upgrade,LT,-16384,0,1,82,0x16b93b63,0x7d609ba5,ckpt,HIT,6004,-28307,21,121,40,18307,183,189,6004,21,121,40,1,1,1,1,1,1,
bram,bbht_grover_upgrade,LT,-16384,0,1,83,0x8ce1028e,0xb152e7ef,normal,HIT,6004,-28307,26,224,224,71497,714,719,6004,26,224,224,1,1,1,1,1,1,
bram,bbht_grover_upgrade,LT,-16384,0,1,83,0x8ce1028e,0xb152e7ef,ckpt,HIT,6004,-28307,26,224,64,26343,263,268,6004,26,224,64,1,1,1,1,1,1,
bram,bbht_grover_upgrade,LT,-16384,0,1,84,0x87bad980,0x7dbefa97,normal,HIT,6004,-28307,21,132,132,44836,448,454,6004,21,132,132,1,1,1,1,1,1,
bram,bbht_grover_upgrade,LT,-16384,0,1,84,0x87bad980,0x7dbefa97,ckpt,HIT,6004,-28307,21,132,28,15164,151,157,6004,21,132,28,1,1,1,1,1,1,
bram,bbht_grover_upgrade,LT,-16384,0,1,85,0xd63d86f3,0xf5399cca,normal,HIT,6004,-28307,24,234,234,73273,732,738,6004,24,234,234,1,1,1,1,1,1,
bram,bbht_grover_upgrade,LT,-16384,0,1,85,0xd63d86f3,0xf5399cca,ckpt,HIT,6004,-28307,24,234,66,26326,263,268,6004,24,234,66,1,1,1,1,1,1,
bram,bbht_grover_upgrade,LT,-16384,0,1,86,0xeeaba102,0x01560fc0,normal,HIT,6004,-28307,21,91,91,33905,339,343,6004,21,91,91,1,1,1,1,1,1,
bram,bbht_grover_upgrade,LT,-16384,0,1,86,0xeeaba102,0x01560fc0,ckpt,HIT,6004,-28307,21,91,20,13271,132,138,6004,21,91,20,1,1,1,1,1,1,
bram,bbht_grover_upgrade,LT,-16384,0,1,87,0xc1fee4bb,0xc7e12d58,normal,HIT,6004,-28307,22,146,146,49039,490,496,6004,22,146,146,1,1,1,1,1,1,
bram,bbht_grover_upgrade,LT,-16384,0,1,87,0xc1fee4bb,0xc7e12d58,ckpt,HIT,6004,-28307,22,146,49,20846,208,214,6004,22,146,49,1,1,1,1,1,1,
bram,bbht_grover_upgrade,LT,-16384,0,1,88,0x0707c9da,0xf644a3f9,normal,HIT,6004,-28307,24,199,199,63895,638,644,6004,24,199,199,1,1,1,1,1,1,
bram,bbht_grover_upgrade,LT,-16384,0,1,88,0x0707c9da,0xf644a3f9,ckpt,HIT,6004,-28307,24,199,67,26475,264,269,6004,24,199,67,1,1,1,1,1,1,
bram,bbht_grover_upgrade,LT,-16384,0,1,89,0xde0d9c30,0x58a2ee8f,normal,HIT,6004,-28307,3,1,1,1712,17,23,6004,3,1,1,1,1,1,1,1,1,
bram,bbht_grover_upgrade,LT,-16384,0,1,89,0xde0d9c30,0x58a2ee8f,ckpt,HIT,6004,-28307,3,1,1,1557,15,21,6004,3,1,1,1,1,1,1,1,1,
bram,bbht_grover_upgrade,LT,-16384,0,1,90,0x7cd0efc7,0x9f385cfb,normal,HIT,6004,-28307,24,174,174,57463,574,579,6004,24,174,174,1,1,1,1,1,1,
bram,bbht_grover_upgrade,LT,-16384,0,1,90,0x7cd0efc7,0x9f385cfb,ckpt,HIT,6004,-28307,24,174,71,27634,276,282,6004,24,174,71,1,1,1,1,1,1,
bram,bbht_grover_upgrade,LT,-16384,0,1,91,0xe4cb50a6,0x94d13729,normal,HIT,6004,-28307,23,149,149,50271,502,508,6004,23,149,149,1,1,1,1,1,1,
bram,bbht_grover_upgrade,LT,-16384,0,1,91,0xe4cb50a6,0x94d13729,ckpt,HIT,6004,-28307,23,149,37,21259,212,217,6004,23,149,37,1,1,1,1,1,1,
bram,bbht_grover_upgrade,LT,-16384,0,1,92,0xa0882219,0x18f75d24,normal,HIT,6004,-28307,16,37,37,17273,172,177,6004,16,37,37,1,1,1,1,1,1,
bram,bbht_grover_upgrade,LT,-16384,0,1,92,0xa0882219,0x18f75d24,ckpt,HIT,6004,-28307,16,37,9,8099,80,86,6004,16,37,9,1,1,1,1,1,1,
bram,bbht_grover_upgrade,LT,-16384,0,1,93,0xc435e6f2,0xf75a52bc,normal,HIT,6004,-28307,23,192,192,61628,616,621,6004,23,192,192,1,1,1,1,1,1,
bram,bbht_grover_upgrade,LT,-16384,0,1,93,0xc435e6f2,0xf75a52bc,ckpt,HIT,6004,-28307,23,192,51,22033,220,225,6004,23,192,51,1,1,1,1,1,1,
bram,bbht_grover_upgrade,LT,-16384,0,1,94,0x011b63f0,0x0aa34346,normal,HIT,6004,-28307,21,130,130,44264,442,448,6004,21,130,130,1,1,1,1,1,1,
bram,bbht_grover_upgrade,LT,-16384,0,1,94,0x011b63f0,0x0aa34346,ckpt,HIT,6004,-28307,21,130,43,18972,189,195,6004,21,130,43,1,1,1,1,1,1,
bram,bbht_grover_upgrade,LT,-16384,0,1,95,0x1b456e77,0xee460f94,normal,HIT,6004,-28307,25,214,214,68461,684,689,6004,25,214,214,1,1,1,1,1,1,
bram,bbht_grover_upgrade,LT,-16384,0,1,95,0x1b456e77,0xee460f94,ckpt,HIT,6004,-28307,25,214,80,30756,307,312,6004,25,214,80,1,1,1,1,1,1,
bram,bbht_grover_upgrade,LT,-16384,0,1,96,0x10088608,0xef418331,normal,HIT,6004,-28307,17,42,42,19026,190,195,6004,17,42,42,1,1,1,1,1,1,
bram,bbht_grover_upgrade,LT,-16384,0,1,96,0x10088608,0xef418331,ckpt,HIT,6004,-28307,17,42,11,9049,90,96,6004,17,42,11,1,1,1,1,1,1,
bram,bbht_grover_upgrade,LT,-16384,0,1,97,0x6fcfc352,0xf8fa9f4c,normal,HIT,6004,-28307,23,159,159,52961,529,535,6004,23,159,159,1,1,1,1,1,1,
bram,bbht_grover_upgrade,LT,-16384,0,1,97,0x6fcfc352,0xf8fa9f4c,ckpt,HIT,6004,-28307,23,159,37,18521,185,190,6004,23,159,37,1,1,1,1,1,1,
bram,bbht_grover_upgrade,LT,-16384,0,1,98,0xfb6077af,0x713595a9,normal,HIT,6004,-28307,27,308,308,94193,941,947,6004,27,308,308,1,1,1,1,1,1,
bram,bbht_grover_upgrade,LT,-16384,0,1,98,0xfb6077af,0x713595a9,ckpt,HIT,6004,-28307,27,308,77,30164,301,307,6004,27,308,77,1,1,1,1,1,1,
bram,bbht_grover_upgrade,LT,-16384,0,1,99,0xc6ebb72e,0x08fdf109,normal,HIT,6004,-28307,27,263,263,82273,822,827,6004,27,263,263,1,1,1,1,1,1,
bram,bbht_grover_upgrade,LT,-16384,0,1,99,0xc6ebb72e,0x08fdf109,ckpt,HIT,6004,-28307,27,263,138,46464,464,470,6004,27,263,138,1,1,1,1,1,1,
bram,bbht_grover_upgrade,LT,-16384,0,4,0,0x7b1dcdaf,0x24370df2,normal,HIT,6004,-28307,15,30,30,14942,149,154,6004,15,30,30,1,1,1,1,1,1,
bram,bbht_grover_upgrade,LT,-16384,0,4,0,0x7b1dcdaf,0x24370df2,ckpt,HIT,6004,-28307,15,30,8,7583,75,82,6004,15,30,8,1,1,1,1,1,1,
bram,bbht_grover_upgrade,LT,-16384,0,4,1,0x3a85a4dc,0xa3b9aa35,normal,HIT,2687,-24767,20,81,81,30902,309,314,2687,20,81,81,1,1,1,1,1,1,
bram,bbht_grover_upgrade,LT,-16384,0,4,1,0x3a85a4dc,0xa3b9aa35,ckpt,HIT,2687,-24767,20,81,25,13927,139,145,2687,20,81,25,1,1,1,1,1,1,
bram,bbht_grover_upgrade,LT,-16384,0,4,2,0x6162a8b2,0x871c276f,normal,HIT,6004,-28307,19,89,89,32418,324,329,6004,19,89,89,1,1,1,1,1,1,
bram,bbht_grover_upgrade,LT,-16384,0,4,2,0x6162a8b2,0x871c276f,ckpt,HIT,6004,-28307,19,89,24,13233,132,138,6004,19,89,24,1,1,1,1,1,1,
bram,bbht_grover_upgrade,LT,-16384,0,4,3,0xc3adc34e,0xf5b8f22b,normal,HIT,14622,-28245,18,56,56,23327,233,238,14622,18,56,56,1,1,1,1,1,1,
bram,bbht_grover_upgrade,LT,-16384,0,4,3,0xc3adc34e,0xf5b8f22b,ckpt,HIT,14622,-28245,18,56,21,15593,155,161,14622,18,56,21,1,1,1,1,1,1,
bram,bbht_grover_upgrade,LT,-16384,0,4,4,0x2bb073ff,0x3f8396e3,normal,HIT,13764,-17666,15,36,36,16578,165,172,13764,15,36,36,1,1,1,1,1,1,
bram,bbht_grover_upgrade,LT,-16384,0,4,4,0x2bb073ff,0x3f8396e3,ckpt,HIT,13764,-17666,15,36,9,7832,78,83,13764,15,36,9,1,1,1,1,1,1,
bram,bbht_grover_upgrade,LT,-16384,0,4,5,0xda585ab3,0xa7197ad7,normal,HIT,6004,-28307,18,40,40,19178,191,197,6004,18,40,40,1,1,1,1,1,1,
bram,bbht_grover_upgrade,LT,-16384,0,4,5,0xda585ab3,0xa7197ad7,ckpt,HIT,6004,-28307,18,40,12,9794,97,104,6004,18,40,12,1,1,1,1,1,1,
bram,bbht_grover_upgrade,LT,-16384,0,4,6,0x0ed109c0,0x5701ce52,normal,HIT,13764,-17666,11,20,20,10379,103,108,13764,11,20,20,1,1,1,1,1,1,
bram,bbht_grover_upgrade,LT,-16384,0,4,6,0x0ed109c0,0x5701ce52,ckpt,HIT,13764,-17666,11,20,6,5534,55,61,13764,11,20,6,1,1,1,1,1,1,
bram,bbht_grover_upgrade,LT,-16384,0,4,7,0x102ecf73,0x53c7612b,normal,HIT,2687,-24767,14,36,36,16093,160,167,2687,14,36,36,1,1,1,1,1,1,
bram,bbht_grover_upgrade,LT,-16384,0,4,7,0x102ecf73,0x53c7612b,ckpt,HIT,2687,-24767,14,36,8,7229,72,78,2687,14,36,8,1,1,1,1,1,1,
bram,bbht_grover_upgrade,LT,-16384,0,4,8,0xcf29b6a1,0x35231a84,normal,HIT,6004,-28307,19,76,76,29140,291,297,6004,19,76,76,1,1,1,1,1,1,
bram,bbht_grover_upgrade,LT,-16384,0,4,8,0xcf29b6a1,0x35231a84,ckpt,HIT,6004,-28307,19,76,26,13947,139,144,6004,19,76,26,1,1,1,1,1,1,
bram,bbht_grover_upgrade,LT,-16384,0,4,9,0xc49cbb42,0xd0a3bbb8,normal,HIT,14622,-28245,24,148,148,50437,504,510,14622,24,148,148,1,1,1,1,1,1,
bram,bbht_grover_upgrade,LT,-16384,0,4,9,0xc49cbb42,0xd0a3bbb8,ckpt,HIT,14622,-28245,24,148,68,26798,267,273,14622,24,148,68,1,1,1,1,1,1,
bram,bbht_grover_upgrade,LT,-16384,0,4,10,0x4cc51d23,0xee0e3ab4,normal,HIT,14622,-28245,15,35,35,16244,162,168,14622,15,35,35,1,1,1,1,1,1,
bram,bbht_grover_upgrade,LT,-16384,0,4,10,0x4cc51d23,0xee0e3ab4,ckpt,HIT,14622,-28245,15,35,11,8362,83,89,14622,15,35,11,1,1,1,1,1,1,
bram,bbht_grover_upgrade,LT,-16384,0,4,11,0xf9e8aa7a,0x3208c31a,normal,HIT,2687,-24767,19,85,85,31375,313,318,2687,19,85,85,1,1,1,1,1,1,
bram,bbht_grover_upgrade,LT,-16384,0,4,11,0xf9e8aa7a,0x3208c31a,ckpt,HIT,2687,-24767,19,85,21,12535,125,130,2687,19,85,21,1,1,1,1,1,1,
bram,bbht_grover_upgrade,LT,-16384,0,4,12,0xdda8b051,0xc8105c9d,normal,HIT,14622,-28245,20,81,81,30803,308,314,14622,20,81,81,1,1,1,1,1,1,
bram,bbht_grover_upgrade,LT,-16384,0,4,12,0xdda8b051,0xc8105c9d,ckpt,HIT,14622,-28245,20,81,35,16577,165,171,14622,20,81,35,1,1,1,1,1,1,
bram,bbht_grover_upgrade,LT,-16384,0,4,13,0xabfb11bf,0xf5dec75e,normal,HIT,2687,-24767,21,88,88,33285,332,338,2687,21,88,88,1,1,1,1,1,1,
bram,bbht_grover_upgrade,LT,-16384,0,4,13,0xabfb11bf,0xf5dec75e,ckpt,HIT,2687,-24767,21,88,28,15260,152,157,2687,21,88,28,1,1,1,1,1,1,
bram,bbht_grover_upgrade,LT,-16384,0,4,14,0x20639811,0x6b6a7c47,normal,HIT,14622,-28245,7,8,8,5394,53,60,14622,7,8,8,1,1,1,1,1,1,
bram,bbht_grover_upgrade,LT,-16384,0,4,14,0x20639811,0x6b6a7c47,ckpt,HIT,14622,-28245,7,8,2,3154,31,37,14622,7,8,2,1,1,1,1,1,1,
bram,bbht_grover_upgrade,LT,-16384,0,4,15,0xac72acd2,0xca84bc6c,normal,HIT,13764,-17666,9,3,3,4990,49,54,13764,9,3,3,1,1,1,1,1,1,
bram,bbht_grover_upgrade,LT,-16384,0,4,15,0xac72acd2,0xca84bc6c,ckpt,HIT,13764,-17666,9,3,2,3827,38,43,13764,9,3,2,1,1,1,1,1,1,
bram,bbht_grover_upgrade,LT,-16384,0,4,16,0x49a2da79,0xe1376725,normal,HIT,6004,-28307,20,97,97,34996,349,355,6004,20,97,97,1,1,1,1,1,1,
bram,bbht_grover_upgrade,LT,-16384,0,4,16,0x49a2da79,0xe1376725,ckpt,HIT,6004,-28307,20,97,19,12178,121,127,6004,20,97,19,1,1,1,1,1,1,
bram,bbht_grover_upgrade,LT,-16384,0,4,17,0x63a4e9d7,0x6166dba4,normal,HIT,2687,-24767,21,91,91,33958,339,346,2687,21,91,91,1,1,1,1,1,1,
bram,bbht_grover_upgrade,LT,-16384,0,4,17,0x63a4e9d7,0x6166dba4,ckpt,HIT,2687,-24767,21,91,33,19582,195,202,2687,21,91,33,1,1,1,1,1,1,
bram,bbht_grover_upgrade,LT,-16384,0,4,18,0x8983f102,0x43fb6183,normal,HIT,13764,-17666,13,18,18,10852,108,113,13764,13,18,18,1,1,1,1,1,1,
bram,bbht_grover_upgrade,LT,-16384,0,4,18,0x8983f102,0x43fb6183,ckpt,HIT,13764,-17666,13,18,8,6851,68,74,13764,13,18,8,1,1,1,1,1,1,
bram,bbht_grover_upgrade,LT,-16384,0,4,19,0xb671aa78,0xc97ad8a2,normal,HIT,2687,-24767,21,82,82,31569,315,321,2687,21,82,82,1,1,1,1,1,1,
bram,bbht_grover_upgrade,LT,-16384,0,4,19,0xb671aa78,0xc97ad8a2,ckpt,HIT,2687,-24767,21,82,33,16220,162,166,2687,21,82,33,1,1,1,1,1,1,
bram,bbht_grover_upgrade,LT,-16384,0,4,20,0xdaeb566a,0x989e5b3d,normal,HIT,2687,-24767,22,112,112,39923,399,404,2687,22,112,112,1,1,1,1,1,1,
bram,bbht_grover_upgrade,LT,-16384,0,4,20,0xdaeb566a,0x989e5b3d,ckpt,HIT,2687,-24767,22,112,38,17901,179,184,2687,22,112,38,1,1,1,1,1,1,
bram,bbht_grover_upgrade,LT,-16384,0,4,21,0xf6181c00,0xa345ac4b,normal,HIT,6004,-28307,19,67,67,26718,267,273,6004,19,67,67,1,1,1,1,1,1,
bram,bbht_grover_upgrade,LT,-16384,0,4,21,0xf6181c00,0xa345ac4b,ckpt,HIT,6004,-28307,19,67,18,11890,118,124,6004,19,67,18,1,1,1,1,1,1,
bram,bbht_grover_upgrade,LT,-16384,0,4,22,0x4e18d852,0xa08980df,normal,HIT,14622,-28245,11,13,13,8585,85,91,14622,11,13,13,1,1,1,1,1,1,
bram,bbht_grover_upgrade,LT,-16384,0,4,22,0x4e18d852,0xa08980df,ckpt,HIT,14622,-28245,11,13,4,5061,50,56,14622,11,13,4,1,1,1,1,1,1,
bram,bbht_grover_upgrade,LT,-16384,0,4,23,0xa035ceba,0x611de4c4,normal,HIT,2687,-24767,20,88,88,32750,327,333,2687,20,88,88,1,1,1,1,1,1,
bram,bbht_grover_upgrade,LT,-16384,0,4,23,0xa035ceba,0x611de4c4,ckpt,HIT,2687,-24767,20,88,23,13558,135,141,2687,20,88,23,1,1,1,1,1,1,
bram,bbht_grover_upgrade,LT,-16384,0,4,24,0xc2416ee4,0x7323f479,normal,HIT,2687,-24767,18,73,73,27811,278,284,2687,18,73,73,1,1,1,1,1,1,
bram,bbht_grover_upgrade,LT,-16384,0,4,24,0xc2416ee4,0x7323f479,ckpt,HIT,2687,-24767,18,73,20,11879,118,124,2687,18,73,20,1,1,1,1,1,1,
bram,bbht_grover_upgrade,LT,-16384,0,4,25,0xfbdafbdd,0xa0c0cf2f,normal,HIT,6004,-28307,25,210,210,67359,673,679,6004,25,210,210,1,1,1,1,1,1,
bram,bbht_grover_upgrade,LT,-16384,0,4,25,0xfbdafbdd,0xa0c0cf2f,ckpt,HIT,6004,-28307,25,210,79,30262,302,308,6004,25,210,79,1,1,1,1,1,1,
bram,bbht_grover_upgrade,LT,-16384,0,4,26,0xa43fbf47,0x8de97b10,normal,HIT,14622,-28245,16,39,39,17824,178,184,14622,16,39,39,1,1,1,1,1,1,
bram,bbht_grover_upgrade,LT,-16384,0,4,26,0xa43fbf47,0x8de97b10,ckpt,HIT,14622,-28245,16,39,10,8381,83,89,14622,16,39,10,1,1,1,1,1,1,
bram,bbht_grover_upgrade,LT,-16384,0,4,27,0x6811f7c1,0xcb07044a,normal,HIT,13764,-17666,8,8,8,5861,58,64,13764,8,8,8,1,1,1,1,1,1,
bram,bbht_grover_upgrade,LT,-16384,0,4,27,0x6811f7c1,0xcb07044a,ckpt,HIT,13764,-17666,8,8,2,3498,34,40,13764,8,8,2,1,1,1,1,1,1,
bram,bbht_grover_upgrade,LT,-16384,0,4,28,0x610dde2c,0x8cf5deb9,normal,HIT,14622,-28245,17,49,49,20876,208,214,14622,17,49,49,1,1,1,1,1,1,
bram,bbht_grover_upgrade,LT,-16384,0,4,28,0x610dde2c,0x8cf5deb9,ckpt,HIT,14622,-28245,17,49,16,10261,102,108,14622,17,49,16,1,1,1,1,1,1,
bram,bbht_grover_upgrade,LT,-16384,0,4,29,0x82241b87,0xbbe27f39,normal,HIT,6004,-28307,16,41,41,18370,183,188,6004,16,41,41,1,1,1,1,1,1,
bram,bbht_grover_upgrade,LT,-16384,0,4,29,0x82241b87,0xbbe27f39,ckpt,HIT,6004,-28307,16,41,6,7335,73,79,6004,16,41,6,1,1,1,1,1,1,
bram,bbht_grover_upgrade,LT,-16384,0,4,30,0x48647490,0xea9551eb,normal,HIT,2687,-24767,19,63,63,25514,255,259,2687,19,63,63,1,1,1,1,1,1,
bram,bbht_grover_upgrade,LT,-16384,0,4,30,0x48647490,0xea9551eb,ckpt,HIT,2687,-24767,19,63,26,14017,140,145,2687,19,63,26,1,1,1,1,1,1,
bram,bbht_grover_upgrade,LT,-16384,0,4,31,0x63df3b7f,0xa8b057e1,normal,HIT,14622,-28245,21,106,106,37841,378,383,14622,21,106,106,1,1,1,1,1,1,
bram,bbht_grover_upgrade,LT,-16384,0,4,31,0x63df3b7f,0xa8b057e1,ckpt,HIT,14622,-28245,21,106,43,22043,220,225,14622,21,106,43,1,1,1,1,1,1,
bram,bbht_grover_upgrade,LT,-16384,0,4,32,0x433125bb,0x3221fef0,normal,HIT,6004,-28307,21,70,70,28416,284,289,6004,21,70,70,1,1,1,1,1,1,
bram,bbht_grover_upgrade,LT,-16384,0,4,32,0x433125bb,0x3221fef0,ckpt,HIT,6004,-28307,21,70,26,14392,143,149,6004,21,70,26,1,1,1,1,1,1,
bram,bbht_grover_upgrade,LT,-16384,0,4,33,0x7943be40,0x6641ee79,normal,HIT,2687,-24767,17,57,57,22913,229,235,2687,17,57,57,1,1,1,1,1,1,
bram,bbht_grover_upgrade,LT,-16384,0,4,33,0x7943be40,0x6641ee79,ckpt,HIT,2687,-24767,17,57,17,10471,104,110,2687,17,57,17,1,1,1,1,1,1,
bram,bbht_grover_upgrade,LT,-16384,0,4,34,0x26c93252,0x675d2908,normal,HIT,6004,-28307,22,129,129,44360,443,450,6004,22,129,129,1,1,1,1,1,1,
bram,bbht_grover_upgrade,LT,-16384,0,4,34,0x26c93252,0x675d2908,ckpt,HIT,6004,-28307,22,129,20,13281,132,138,6004,22,129,20,1,1,1,1,1,1,
bram,bbht_grover_upgrade,LT,-16384,0,4,35,0xdbe3ed49,0xa7cfea56,normal,HIT,13764,-17666,19,98,98,34856,348,353,13764,19,98,98,1,1,1,1,1,1,
bram,bbht_grover_upgrade,LT,-16384,0,4,35,0xdbe3ed49,0xa7cfea56,ckpt,HIT,13764,-17666,19,98,25,13709,137,143,13764,19,98,25,1,1,1,1,1,1,
bram,bbht_grover_upgrade,LT,-16384,0,4,36,0xc2ec9bb4,0xbfc0ae9e,normal,HIT,6004,-28307,17,47,47,20473,204,210,6004,17,47,47,1,1,1,1,1,1,
bram,bbht_grover_upgrade,LT,-16384,0,4,36,0xc2ec9bb4,0xbfc0ae9e,ckpt,HIT,6004,-28307,17,47,18,10950,109,114,6004,17,47,18,1,1,1,1,1,1,
bram,bbht_grover_upgrade,LT,-16384,0,4,37,0xe7ec8559,0x307064ac,normal,HIT,14622,-28245,18,53,53,22528,225,230,14622,18,53,53,1,1,1,1,1,1,
bram,bbht_grover_upgrade,LT,-16384,0,4,37,0xe7ec8559,0x307064ac,ckpt,HIT,14622,-28245,18,53,27,14004,140,144,14622,18,53,27,1,1,1,1,1,1,
bram,bbht_grover_upgrade,LT,-16384,0,4,38,0xccb88b54,0x2cf00158,normal,HIT,2687,-24767,15,40,40,17706,177,182,2687,15,40,40,1,1,1,1,1,1,
bram,bbht_grover_upgrade,LT,-16384,0,4,38,0xccb88b54,0x2cf00158,ckpt,HIT,2687,-24767,15,40,9,7859,78,84,2687,15,40,9,1,1,1,1,1,1,
bram,bbht_grover_upgrade,LT,-16384,0,4,39,0xb512e6a4,0x2b9e708c,normal,HIT,2687,-24767,15,31,31,15341,153,159,2687,15,31,31,1,1,1,1,1,1,
bram,bbht_grover_upgrade,LT,-16384,0,4,39,0xb512e6a4,0x2b9e708c,ckpt,HIT,2687,-24767,15,31,9,8073,80,86,2687,15,31,9,1,1,1,1,1,1,
bram,bbht_grover_upgrade,LT,-16384,0,4,40,0x7e2c3d82,0xa69fb195,normal,HIT,6004,-28307,17,42,42,19101,191,197,6004,17,42,42,1,1,1,1,1,1,
bram,bbht_grover_upgrade,LT,-16384,0,4,40,0x7e2c3d82,0xa69fb195,ckpt,HIT,6004,-28307,17,42,13,9762,97,104,6004,17,42,13,1,1,1,1,1,1,
bram,bbht_grover_upgrade,LT,-16384,0,4,41,0x58b3e5ad,0x23a21253,normal,HIT,2687,-24767,19,83,83,30746,307,312,2687,19,83,83,1,1,1,1,1,1,
bram,bbht_grover_upgrade,LT,-16384,0,4,41,0x58b3e5ad,0x23a21253,ckpt,HIT,2687,-24767,19,83,22,12795,127,133,2687,19,83,22,1,1,1,1,1,1,
bram,bbht_grover_upgrade,LT,-16384,0,4,42,0x9a07c40b,0x3ea78d8c,normal,HIT,14622,-28245,18,75,75,28237,282,286,14622,18,75,75,1,1,1,1,1,1,
bram,bbht_grover_upgrade,LT,-16384,0,4,42,0x9a07c40b,0x3ea78d8c,ckpt,HIT,14622,-28245,18,75,18,11323,113,118,14622,18,75,18,1,1,1,1,1,1,
bram,bbht_grover_upgrade,LT,-16384,0,4,43,0xf1f9a54b,0x7b00db61,normal,HIT,13764,-17666,18,78,78,29111,291,296,13764,18,78,78,1,1,1,1,1,1,
bram,bbht_grover_upgrade,LT,-16384,0,4,43,0xf1f9a54b,0x7b00db61,ckpt,HIT,13764,-17666,18,78,12,9668,96,101,13764,18,78,12,1,1,1,1,1,1,
bram,bbht_grover_upgrade,LT,-16384,0,4,44,0xfba6212d,0xb8b8356a,normal,HIT,2687,-24767,16,44,44,19122,191,197,2687,16,44,44,1,1,1,1,1,1,
bram,bbht_grover_upgrade,LT,-16384,0,4,44,0xfba6212d,0xb8b8356a,ckpt,HIT,2687,-24767,16,44,12,12209,122,127,2687,16,44,12,1,1,1,1,1,1,
bram,bbht_grover_upgrade,LT,-16384,0,4,45,0x1ca60615,0xd753b84a,normal,HIT,2687,-24767,17,50,50,21130,211,216,2687,17,50,50,1,1,1,1,1,1,
bram,bbht_grover_upgrade,LT,-16384,0,4,45,0x1ca60615,0xd753b84a,ckpt,HIT,2687,-24767,17,50,10,8649,86,92,2687,17,50,10,1,1,1,1,1,1,
bram,bbht_grover_upgrade,LT,-16384,0,4,46,0xa085c93e,0x19b8504d,normal,HIT,6004,-28307,21,106,106,37917,379,385,6004,21,106,106,1,1,1,1,1,1,
bram,bbht_grover_upgrade,LT,-16384,0,4,46,0xa085c93e,0x19b8504d,ckpt,HIT,6004,-28307,21,106,22,13293,132,139,6004,21,106,22,1,1,1,1,1,1,
bram,bbht_grover_upgrade,LT,-16384,0,4,47,0x18190603,0xad0438b2,normal,HIT,2687,-24767,15,30,30,14966,149,154,2687,15,30,30,1,1,1,1,1,1,
bram,bbht_grover_upgrade,LT,-16384,0,4,47,0x18190603,0xad0438b2,ckpt,HIT,2687,-24767,15,30,13,8834,88,94,2687,15,30,13,1,1,1,1,1,1,
bram,bbht_grover_upgrade,LT,-16384,0,4,48,0xc1143c78,0xbbdab3cd,normal,HIT,6004,-28307,22,95,95,35533,355,361,6004,22,95,95,1,1,1,1,1,1,
bram,bbht_grover_upgrade,LT,-16384,0,4,48,0xc1143c78,0xbbdab3cd,ckpt,HIT,6004,-28307,22,95,35,17551,175,181,6004,22,95,35,1,1,1,1,1,1,
bram,bbht_grover_upgrade,LT,-16384,0,4,49,0x332063fc,0x222ba57c,normal,HIT,14622,-28245,23,148,148,50054,500,507,14622,23,148,148,1,1,1,1,1,1,
bram,bbht_grover_upgrade,LT,-16384,0,4,49,0x332063fc,0x222ba57c,ckpt,HIT,14622,-28245,23,148,40,18943,189,195,14622,23,148,40,1,1,1,1,1,1,
bram,bbht_grover_upgrade,LT,-16384,0,4,50,0xd6f4066b,0xab9eb714,normal,HIT,13764,-17666,22,105,105,38085,380,386,13764,22,105,105,1,1,1,1,1,1,
bram,bbht_grover_upgrade,LT,-16384,0,4,50,0xd6f4066b,0xab9eb714,ckpt,HIT,13764,-17666,22,105,30,15739,157,162,13764,22,105,30,1,1,1,1,1,1,
bram,bbht_grover_upgrade,LT,-16384,0,4,51,0x64b9628c,0x9cd8b518,normal,HIT,2687,-24767,13,23,23,12089,120,126,2687,13,23,23,1,1,1,1,1,1,
bram,bbht_grover_upgrade,LT,-16384,0,4,51,0x64b9628c,0x9cd8b518,ckpt,HIT,2687,-24767,13,23,6,6257,62,67,2687,13,23,6,1,1,1,1,1,1,
bram,bbht_grover_upgrade,LT,-16384,0,4,52,0x894e6771,0x8a255c2e,normal,HIT,6004,-28307,20,116,116,40228,402,407,6004,20,116,116,1,1,1,1,1,1,
bram,bbht_grover_upgrade,LT,-16384,0,4,52,0x894e6771,0x8a255c2e,ckpt,HIT,6004,-28307,20,116,29,15054,150,155,6004,20,116,29,1,1,1,1,1,1,
bram,bbht_grover_upgrade,LT,-16384,0,4,53,0xe3e668e8,0xff1f20c3,normal,HIT,2687,-24767,21,115,115,40395,403,409,2687,21,115,115,1,1,1,1,1,1,
bram,bbht_grover_upgrade,LT,-16384,0,4,53,0xe3e668e8,0xff1f20c3,ckpt,HIT,2687,-24767,21,115,39,18044,180,186,2687,21,115,39,1,1,1,1,1,1,
bram,bbht_grover_upgrade,LT,-16384,0,4,54,0x36980406,0xfbdbfa61,normal,HIT,14622,-28245,23,156,156,52059,520,525,14622,23,156,156,1,1,1,1,1,1,
bram,bbht_grover_upgrade,LT,-16384,0,4,54,0x36980406,0xfbdbfa61,ckpt,HIT,14622,-28245,23,156,40,18958,189,195,14622,23,156,40,1,1,1,1,1,1,
bram,bbht_grover_upgrade,LT,-16384,0,4,55,0x114d2b4a,0xa617ad4e,normal,HIT,2687,-24767,23,124,124,43693,436,442,2687,23,124,124,1,1,1,1,1,1,
bram,bbht_grover_upgrade,LT,-16384,0,4,55,0x114d2b4a,0xa617ad4e,ckpt,HIT,2687,-24767,23,124,52,22222,222,226,2687,23,124,52,1,1,1,1,1,1,
bram,bbht_grover_upgrade,LT,-16384,0,4,56,0x3b8907e1,0x0c6cbd10,normal,HIT,13764,-17666,23,142,142,48375,483,489,13764,23,142,142,1,1,1,1,1,1,
bram,bbht_grover_upgrade,LT,-16384,0,4,56,0x3b8907e1,0x0c6cbd10,ckpt,HIT,13764,-17666,23,142,55,25631,256,261,13764,23,142,55,1,1,1,1,1,1,
bram,bbht_grover_upgrade,LT,-16384,0,4,57,0x2cd09c1d,0x964fb1a7,normal,HIT,6004,-28307,19,87,87,31939,319,325,6004,19,87,87,1,1,1,1,1,1,
bram,bbht_grover_upgrade,LT,-16384,0,4,57,0x2cd09c1d,0x964fb1a7,ckpt,HIT,6004,-28307,19,87,26,13751,137,143,6004,19,87,26,1,1,1,1,1,1,
bram,bbht_grover_upgrade,LT,-16384,0,4,58,0x6d7a8604,0xbd6f99c6,normal,HIT,2687,-24767,15,37,37,16849,168,173,2687,15,37,37,1,1,1,1,1,1,
bram,bbht_grover_upgrade,LT,-16384,0,4,58,0x6d7a8604,0xbd6f99c6,ckpt,HIT,2687,-24767,15,37,12,8648,86,91,2687,15,37,12,1,1,1,1,1,1,
bram,bbht_grover_upgrade,LT,-16384,0,4,59,0x1fadaf42,0x60010aa3,normal,HIT,14622,-28245,27,201,201,66011,660,666,14622,27,201,201,1,1,1,1,1,1,
bram,bbht_grover_upgrade,LT,-16384,0,4,59,0x1fadaf42,0x60010aa3,ckpt,HIT,14622,-28245,27,201,50,23240,232,237,14622,27,201,50,1,1,1,1,1,1,
bram,bbht_grover_upgrade,LT,-16384,0,4,60,0x92fe7cfd,0xb54e2773,normal,HIT,6004,-28307,21,135,135,45646,456,462,6004,21,135,135,1,1,1,1,1,1,
bram,bbht_grover_upgrade,LT,-16384,0,4,60,0x92fe7cfd,0xb54e2773,ckpt,HIT,6004,-28307,21,135,33,16823,168,173,6004,21,135,33,1,1,1,1,1,1,
bram,bbht_grover_upgrade,LT,-16384,0,4,61,0x1aecb060,0x9c545eba,normal,HIT,14622,-28245,17,47,47,20475,204,209,14622,17,47,47,1,1,1,1,1,1,
bram,bbht_grover_upgrade,LT,-16384,0,4,61,0x1aecb060,0x9c545eba,ckpt,HIT,14622,-28245,17,47,15,10479,104,110,14622,17,47,15,1,1,1,1,1,1,
bram,bbht_grover_upgrade,LT,-16384,0,4,62,0x91778cc3,0xbd1d1bc0,normal,HIT,6004,-28307,16,49,49,20532,205,211,6004,16,49,49,1,1,1,1,1,1,
bram,bbht_grover_upgrade,LT,-16384,0,4,62,0x91778cc3,0xbd1d1bc0,ckpt,HIT,6004,-28307,16,49,12,9140,91,97,6004,16,49,12,1,1,1,1,1,1,
bram,bbht_grover_upgrade,LT,-16384,0,4,63,0xe6b7e7eb,0xd542988e,normal,HIT,6004,-28307,25,145,145,50182,501,506,6004,25,145,145,1,1,1,1,1,1,
bram,bbht_grover_upgrade,LT,-16384,0,4,63,0xe6b7e7eb,0xd542988e,ckpt,HIT,6004,-28307,25,145,28,16594,165,172,6004,25,145,28,1,1,1,1,1,1,
bram,bbht_grover_upgrade,LT,-16384,0,4,64,0x6770144c,0xd2d3c6e7,normal,HIT,2687,-24767,17,38,38,17998,179,185,2687,17,38,38,1,1,1,1,1,1,
bram,bbht_grover_upgrade,LT,-16384,0,4,64,0x6770144c,0xd2d3c6e7,ckpt,HIT,2687,-24767,17,38,12,9565,95,101,2687,17,38,12,1,1,1,1,1,1,
bram,bbht_grover_upgrade,LT,-16384,0,4,65,0xc600a248,0x0a1e0844,normal,HIT,13764,-17666,21,67,67,27465,274,281,13764,21,67,67,1,1,1,1,1,1,
bram,bbht_grover_upgrade,LT,-16384,0,4,65,0xc600a248,0x0a1e0844,ckpt,HIT,13764,-17666,21,67,27,14630,146,151,13764,21,67,27,1,1,1,1,1,1,
bram,bbht_grover_upgrade,LT,-16384,0,4,66,0x1ea4f830,0x2ef0f28e,normal,HIT,2687,-24767,24,119,119,42727,427,432,2687,24,119,119,1,1,1,1,1,1,
bram,bbht_grover_upgrade,LT,-16384,0,4,66,0x1ea4f830,0x2ef0f28e,ckpt,HIT,2687,-24767,24,119,28,16472,164,170,2687,24,119,28,1,1,1,1,1,1,
bram,bbht_grover_upgrade,LT,-16384,0,4,67,0x639604f3,0x7fe04f83,normal,HIT,6004,-28307,19,58,58,24240,242,247,6004,19,58,58,1,1,1,1,1,1,
bram,bbht_grover_upgrade,LT,-16384,0,4,67,0x639604f3,0x7fe04f83,ckpt,HIT,6004,-28307,19,58,20,12256,122,128,6004,19,58,20,1,1,1,1,1,1,
bram,bbht_grover_upgrade,LT,-16384,0,4,68,0x6e084a84,0xb643b17e,normal,HIT,6004,-28307,21,81,81,31270,312,318,6004,21,81,81,1,1,1,1,1,1,
bram,bbht_grover_upgrade,LT,-16384,0,4,68,0x6e084a84,0xb643b17e,ckpt,HIT,6004,-28307,21,81,31,18960,189,195,6004,21,81,31,1,1,1,1,1,1,
bram,bbht_grover_upgrade,LT,-16384,0,4,69,0x3d7fc476,0x467d7a44,normal,HIT,13764,-17666,22,106,106,38353,383,390,13764,22,106,106,1,1,1,1,1,1,
bram,bbht_grover_upgrade,LT,-16384,0,4,69,0x3d7fc476,0x467d7a44,ckpt,HIT,13764,-17666,22,106,27,15068,150,155,13764,22,106,27,1,1,1,1,1,1,
bram,bbht_grover_upgrade,LT,-16384,0,4,70,0xedca3875,0xefade11e,normal,HIT,14622,-28245,20,77,77,29762,297,303,14622,20,77,77,1,1,1,1,1,1,
bram,bbht_grover_upgrade,LT,-16384,0,4,70,0xedca3875,0xefade11e,ckpt,HIT,14622,-28245,20,77,18,12209,122,127,14622,20,77,18,1,1,1,1,1,1,
bram,bbht_grover_upgrade,LT,-16384,0,4,71,0xb883121d,0x095c678c,normal,HIT,6004,-28307,20,70,70,27962,279,285,6004,20,70,70,1,1,1,1,1,1,
bram,bbht_grover_upgrade,LT,-16384,0,4,71,0xb883121d,0x095c678c,ckpt,HIT,6004,-28307,20,70,28,14776,147,152,6004,20,70,28,1,1,1,1,1,1,
bram,bbht_grover_upgrade,LT,-16384,0,4,72,0xace22797,0xbc422a9a,normal,HIT,14622,-28245,18,67,67,26207,262,268,14622,18,67,67,1,1,1,1,1,1,
bram,bbht_grover_upgrade,LT,-16384,0,4,72,0xace22797,0xbc422a9a,ckpt,HIT,14622,-28245,18,67,17,11160,111,116,14622,18,67,17,1,1,1,1,1,1,
bram,bbht_grover_upgrade,LT,-16384,0,4,73,0xefd3172d,0x8c2c3233,normal,HIT,2687,-24767,21,100,100,36315,363,369,2687,21,100,100,1,1,1,1,1,1,
bram,bbht_grover_upgrade,LT,-16384,0,4,73,0xefd3172d,0x8c2c3233,ckpt,HIT,2687,-24767,21,100,35,16757,167,173,2687,21,100,35,1,1,1,1,1,1,
bram,bbht_grover_upgrade,LT,-16384,0,4,74,0xe6aacdb5,0x7f1c158a,normal,HIT,13764,-17666,22,172,172,55898,558,565,13764,22,172,172,1,1,1,1,1,1,
bram,bbht_grover_upgrade,LT,-16384,0,4,74,0xe6aacdb5,0x7f1c158a,ckpt,HIT,13764,-17666,22,172,33,16657,166,171,13764,22,172,33,1,1,1,1,1,1,
bram,bbht_grover_upgrade,LT,-16384,0,4,75,0x6566c598,0xca804b00,normal,HIT,6004,-28307,21,117,117,40802,408,413,6004,21,117,117,1,1,1,1,1,1,
bram,bbht_grover_upgrade,LT,-16384,0,4,75,0x6566c598,0xca804b00,ckpt,HIT,6004,-28307,21,117,26,14770,147,152,6004,21,117,26,1,1,1,1,1,1,
bram,bbht_grover_upgrade,LT,-16384,0,4,76,0x4e646d9d,0xcbae5ac0,normal,HIT,13764,-17666,21,97,97,35558,355,361,13764,21,97,97,1,1,1,1,1,1,
bram,bbht_grover_upgrade,LT,-16384,0,4,76,0x4e646d9d,0xcbae5ac0,ckpt,HIT,13764,-17666,21,97,30,15447,154,160,13764,21,97,30,1,1,1,1,1,1,
bram,bbht_grover_upgrade,LT,-16384,0,4,77,0x05d81d6f,0x260c4013,normal,HIT,13764,-17666,24,189,189,61207,612,617,13764,24,189,189,1,1,1,1,1,1,
bram,bbht_grover_upgrade,LT,-16384,0,4,77,0x05d81d6f,0x260c4013,ckpt,HIT,13764,-17666,24,189,58,23758,237,242,13764,24,189,58,1,1,1,1,1,1,
bram,bbht_grover_upgrade,LT,-16384,0,4,78,0x2018f6a3,0x5728c7f4,normal,HIT,2687,-24767,19,53,53,22995,229,234,2687,19,53,53,1,1,1,1,1,1,
bram,bbht_grover_upgrade,LT,-16384,0,4,78,0x2018f6a3,0x5728c7f4,ckpt,HIT,2687,-24767,19,53,11,9798,97,104,2687,19,53,11,1,1,1,1,1,1,
bram,bbht_grover_upgrade,LT,-16384,0,4,79,0x718ebf0c,0x4d7d460c,normal,HIT,2687,-24767,24,138,138,47856,478,485,2687,24,138,138,1,1,1,1,1,1,
bram,bbht_grover_upgrade,LT,-16384,0,4,79,0x718ebf0c,0x4d7d460c,ckpt,HIT,2687,-24767,24,138,54,23143,231,236,2687,24,138,54,1,1,1,1,1,1,
bram,bbht_grover_upgrade,LT,-16384,0,4,80,0x042a8f17,0x2093b3f4,normal,HIT,14622,-28245,21,89,89,33357,333,339,14622,21,89,89,1,1,1,1,1,1,
bram,bbht_grover_upgrade,LT,-16384,0,4,80,0x042a8f17,0x2093b3f4,ckpt,HIT,14622,-28245,21,89,24,17117,171,176,14622,21,89,24,1,1,1,1,1,1,
bram,bbht_grover_upgrade,LT,-16384,0,4,81,0xfc1c775d,0x35bd20f1,normal,HIT,6004,-28307,21,116,116,40557,405,410,6004,21,116,116,1,1,1,1,1,1,
bram,bbht_grover_upgrade,LT,-16384,0,4,81,0xfc1c775d,0x35bd20f1,ckpt,HIT,6004,-28307,21,116,37,17501,175,181,6004,21,116,37,1,1,1,1,1,1,
bram,bbht_grover_upgrade,LT,-16384,0,4,82,0x16b93b63,0x7d609ba5,normal,HIT,14622,-28245,21,121,121,41896,418,424,14622,21,121,121,1,1,1,1,1,1,
bram,bbht_grover_upgrade,LT,-16384,0,4,82,0x16b93b63,0x7d609ba5,ckpt,HIT,14622,-28245,21,121,40,18234,182,188,14622,21,121,40,1,1,1,1,1,1,
bram,bbht_grover_upgrade,LT,-16384,0,4,83,0x8ce1028e,0xb152e7ef,normal,HIT,14622,-28245,19,79,79,29806,298,302,14622,19,79,79,1,1,1,1,1,1,
bram,bbht_grover_upgrade,LT,-16384,0,4,83,0x8ce1028e,0xb152e7ef,ckpt,HIT,14622,-28245,19,79,22,12808,128,133,14622,19,79,22,1,1,1,1,1,1,
bram,bbht_grover_upgrade,LT,-16384,0,4,84,0x87bad980,0x7dbefa97,normal,HIT,14622,-28245,18,66,66,25894,258,264,14622,18,66,66,1,1,1,1,1,1,
bram,bbht_grover_upgrade,LT,-16384,0,4,84,0x87bad980,0x7dbefa97,ckpt,HIT,14622,-28245,18,66,23,12753,127,132,14622,18,66,23,1,1,1,1,1,1,
bram,bbht_grover_upgrade,LT,-16384,0,4,85,0xd63d86f3,0xf5399cca,normal,HIT,2687,-24767,19,67,67,26670,266,272,2687,19,67,67,1,1,1,1,1,1,
bram,bbht_grover_upgrade,LT,-16384,0,4,85,0xd63d86f3,0xf5399cca,ckpt,HIT,2687,-24767,19,67,28,14461,144,149,2687,19,67,28,1,1,1,1,1,1,
bram,bbht_grover_upgrade,LT,-16384,0,4,86,0xeeaba102,0x01560fc0,normal,HIT,13764,-17666,19,62,62,25296,252,259,13764,19,62,62,1,1,1,1,1,1,
bram,bbht_grover_upgrade,LT,-16384,0,4,86,0xeeaba102,0x01560fc0,ckpt,HIT,13764,-17666,19,62,19,12317,123,129,13764,19,62,19,1,1,1,1,1,1,
bram,bbht_grover_upgrade,LT,-16384,0,4,87,0xc1fee4bb,0xc7e12d58,normal,HIT,6004,-28307,17,54,54,22320,223,228,6004,17,54,54,1,1,1,1,1,1,
bram,bbht_grover_upgrade,LT,-16384,0,4,87,0xc1fee4bb,0xc7e12d58,ckpt,HIT,6004,-28307,17,54,13,9573,95,100,6004,17,54,13,1,1,1,1,1,1,
bram,bbht_grover_upgrade,LT,-16384,0,4,88,0x0707c9da,0xf644a3f9,normal,HIT,6004,-28307,22,115,115,40719,407,411,6004,22,115,115,1,1,1,1,1,1,
bram,bbht_grover_upgrade,LT,-16384,0,4,88,0x0707c9da,0xf644a3f9,ckpt,HIT,6004,-28307,22,115,51,21561,215,220,6004,22,115,51,1,1,1,1,1,1,
bram,bbht_grover_upgrade,LT,-16384,0,4,89,0xde0d9c30,0x58a2ee8f,normal,HIT,6004,-28307,3,1,1,1712,17,23,6004,3,1,1,1,1,1,1,1,1,
bram,bbht_grover_upgrade,LT,-16384,0,4,89,0xde0d9c30,0x58a2ee8f,ckpt,HIT,6004,-28307,3,1,1,1557,15,21,6004,3,1,1,1,1,1,1,1,1,
bram,bbht_grover_upgrade,LT,-16384,0,4,90,0x7cd0efc7,0x9f385cfb,normal,HIT,13764,-17666,20,60,60,25269,252,259,13764,20,60,60,1,1,1,1,1,1,
bram,bbht_grover_upgrade,LT,-16384,0,4,90,0x7cd0efc7,0x9f385cfb,ckpt,HIT,13764,-17666,20,60,24,13618,136,142,13764,20,60,24,1,1,1,1,1,1,
bram,bbht_grover_upgrade,LT,-16384,0,4,91,0xe4cb50a6,0x94d13729,normal,HIT,14622,-28245,20,100,100,35908,359,364,14622,20,100,100,1,1,1,1,1,1,
bram,bbht_grover_upgrade,LT,-16384,0,4,91,0xe4cb50a6,0x94d13729,ckpt,HIT,14622,-28245,20,100,22,13086,130,136,14622,20,100,22,1,1,1,1,1,1,
bram,bbht_grover_upgrade,LT,-16384,0,4,92,0xa0882219,0x18f75d24,normal,HIT,6004,-28307,16,37,37,17274,172,178,6004,16,37,37,1,1,1,1,1,1,
bram,bbht_grover_upgrade,LT,-16384,0,4,92,0xa0882219,0x18f75d24,ckpt,HIT,6004,-28307,16,37,9,8100,81,86,6004,16,37,9,1,1,1,1,1,1,
bram,bbht_grover_upgrade,LT,-16384,0,4,93,0xc435e6f2,0xf75a52bc,normal,HIT,14622,-28245,22,143,143,48275,482,487,14622,22,143,143,1,1,1,1,1,1,
bram,bbht_grover_upgrade,LT,-16384,0,4,93,0xc435e6f2,0xf75a52bc,ckpt,HIT,14622,-28245,22,143,26,18265,182,187,14622,22,143,26,1,1,1,1,1,1,
bram,bbht_grover_upgrade,LT,-16384,0,4,94,0x011b63f0,0x0aa34346,normal,HIT,13764,-17666,20,92,92,33714,337,342,13764,20,92,92,1,1,1,1,1,1,
bram,bbht_grover_upgrade,LT,-16384,0,4,94,0x011b63f0,0x0aa34346,ckpt,HIT,13764,-17666,20,92,27,14316,143,147,13764,20,92,27,1,1,1,1,1,1,
bram,bbht_grover_upgrade,LT,-16384,0,4,95,0x1b456e77,0xee460f94,normal,HIT,13764,-17666,21,100,100,36425,364,368,13764,21,100,100,1,1,1,1,1,1,
bram,bbht_grover_upgrade,LT,-16384,0,4,95,0x1b456e77,0xee460f94,ckpt,HIT,13764,-17666,21,100,32,16558,165,171,13764,21,100,32,1,1,1,1,1,1,
bram,bbht_grover_upgrade,LT,-16384,0,4,96,0x10088608,0xef418331,normal,HIT,6004,-28307,17,42,42,19028,190,195,6004,17,42,42,1,1,1,1,1,1,
bram,bbht_grover_upgrade,LT,-16384,0,4,96,0x10088608,0xef418331,ckpt,HIT,6004,-28307,17,42,11,9051,90,95,6004,17,42,11,1,1,1,1,1,1,
bram,bbht_grover_upgrade,LT,-16384,0,4,97,0x6fcfc352,0xf8fa9f4c,normal,HIT,2687,-24767,16,33,33,16275,162,169,2687,16,33,33,1,1,1,1,1,1,
bram,bbht_grover_upgrade,LT,-16384,0,4,97,0x6fcfc352,0xf8fa9f4c,ckpt,HIT,2687,-24767,16,33,16,10443,104,110,2687,16,33,16,1,1,1,1,1,1,
bram,bbht_grover_upgrade,LT,-16384,0,4,98,0xfb6077af,0x713595a9,normal,HIT,14622,-28245,16,45,45,19396,193,200,14622,16,45,45,1,1,1,1,1,1,
bram,bbht_grover_upgrade,LT,-16384,0,4,98,0xfb6077af,0x713595a9,ckpt,HIT,14622,-28245,16,45,15,9800,98,104,14622,16,45,15,1,1,1,1,1,1,
bram,bbht_grover_upgrade,LT,-16384,0,4,99,0xc6ebb72e,0x08fdf109,normal,HIT,14622,-28245,21,101,101,36555,365,371,14622,21,101,101,1,1,1,1,1,1,
bram,bbht_grover_upgrade,LT,-16384,0,4,99,0xc6ebb72e,0x08fdf109,ckpt,HIT,14622,-28245,21,101,31,15851,158,163,14622,21,101,31,1,1,1,1,1,1,
bram,bbht_grover_upgrade,LT,-16384,0,16,0,0x7b1dcdaf,0x24370df2,normal,HIT,6463,-19424,14,22,22,12403,124,129,6463,14,22,22,1,1,1,1,1,1,
bram,bbht_grover_upgrade,LT,-16384,0,16,0,0x7b1dcdaf,0x24370df2,ckpt,HIT,6463,-19424,14,22,5,6474,64,70,6463,14,22,5,1,1,1,1,1,1,
bram,bbht_grover_upgrade,LT,-16384,0,16,1,0x3a85a4dc,0xa3b9aa35,normal,HIT,8671,-19865,20,81,81,30797,307,313,8671,20,81,81,1,1,1,1,1,1,
bram,bbht_grover_upgrade,LT,-16384,0,16,1,0x3a85a4dc,0xa3b9aa35,ckpt,HIT,8671,-19865,20,81,25,13813,138,143,8671,20,81,25,1,1,1,1,1,1,
bram,bbht_grover_upgrade,LT,-16384,0,16,2,0x6162a8b2,0x871c276f,normal,HIT,16156,-26932,14,34,34,15520,155,160,16156,14,34,34,1,1,1,1,1,1,
bram,bbht_grover_upgrade,LT,-16384,0,16,2,0x6162a8b2,0x871c276f,ckpt,HIT,16156,-26932,14,34,9,7388,73,80,16156,14,34,9,1,1,1,1,1,1,
bram,bbht_grover_upgrade,LT,-16384,0,16,3,0xc3adc34e,0xf5b8f22b,normal,HIT,9469,-18742,10,13,13,8117,81,86,9469,10,13,13,1,1,1,1,1,1,
bram,bbht_grover_upgrade,LT,-16384,0,16,3,0xc3adc34e,0xf5b8f22b,ckpt,HIT,9469,-18742,10,13,5,4981,49,54,9469,10,13,5,1,1,1,1,1,1,
bram,bbht_grover_upgrade,LT,-16384,0,16,4,0x2bb073ff,0x3f8396e3,normal,HIT,13764,-17666,16,47,47,19971,199,204,13764,16,47,47,1,1,1,1,1,1,
bram,bbht_grover_upgrade,LT,-16384,0,16,4,0x2bb073ff,0x3f8396e3,ckpt,HIT,13764,-17666,16,47,11,8720,87,93,13764,16,47,11,1,1,1,1,1,1,
bram,bbht_grover_upgrade,LT,-16384,0,16,5,0xda585ab3,0xa7197ad7,normal,HIT,2815,-23791,17,29,29,15704,157,162,2815,17,29,29,1,1,1,1,1,1,
bram,bbht_grover_upgrade,LT,-16384,0,16,5,0xda585ab3,0xa7197ad7,ckpt,HIT,2815,-23791,17,29,9,8562,85,91,2815,17,29,9,1,1,1,1,1,1,
bram,bbht_grover_upgrade,LT,-16384,0,16,6,0x0ed109c0,0x5701ce52,normal,HIT,13764,-17666,11,20,20,10395,103,110,13764,11,20,20,1,1,1,1,1,1,
bram,bbht_grover_upgrade,LT,-16384,0,16,6,0x0ed109c0,0x5701ce52,ckpt,HIT,13764,-17666,11,20,6,5550,55,61,13764,11,20,6,1,1,1,1,1,1,
bram,bbht_grover_upgrade,LT,-16384,0,16,7,0x102ecf73,0x53c7612b,normal,HIT,2828,-17484,14,36,36,16070,160,165,2828,14,36,36,1,1,1,1,1,1,
bram,bbht_grover_upgrade,LT,-16384,0,16,7,0x102ecf73,0x53c7612b,ckpt,HIT,2828,-17484,14,36,8,7209,72,77,2828,14,36,8,1,1,1,1,1,1,
bram,bbht_grover_upgrade,LT,-16384,0,16,8,0xcf29b6a1,0x35231a84,normal,HIT,2828,-17484,16,49,49,20549,205,211,2828,16,49,49,1,1,1,1,1,1,
bram,bbht_grover_upgrade,LT,-16384,0,16,8,0xcf29b6a1,0x35231a84,ckpt,HIT,2828,-17484,16,49,9,11282,112,118,2828,16,49,9,1,1,1,1,1,1,
bram,bbht_grover_upgrade,LT,-16384,0,16,9,0xc49cbb42,0xd0a3bbb8,normal,HIT,8671,-19865,17,40,40,18535,185,190,8671,17,40,40,1,1,1,1,1,1,
bram,bbht_grover_upgrade,LT,-16384,0,16,9,0xc49cbb42,0xd0a3bbb8,ckpt,HIT,8671,-19865,17,40,18,10825,108,113,8671,17,40,18,1,1,1,1,1,1,
bram,bbht_grover_upgrade,LT,-16384,0,16,10,0x4cc51d23,0xee0e3ab4,normal,HIT,14622,-28245,15,35,35,16193,161,166,14622,15,35,35,1,1,1,1,1,1,
bram,bbht_grover_upgrade,LT,-16384,0,16,10,0x4cc51d23,0xee0e3ab4,ckpt,HIT,14622,-28245,15,35,11,8311,83,87,14622,15,35,11,1,1,1,1,1,1,
bram,bbht_grover_upgrade,LT,-16384,0,16,11,0xf9e8aa7a,0x3208c31a,normal,HIT,2828,-17484,19,85,85,31396,313,318,2828,19,85,85,1,1,1,1,1,1,
bram,bbht_grover_upgrade,LT,-16384,0,16,11,0xf9e8aa7a,0x3208c31a,ckpt,HIT,2828,-17484,19,85,21,12509,125,130,2828,19,85,21,1,1,1,1,1,1,
bram,bbht_grover_upgrade,LT,-16384,0,16,12,0xdda8b051,0xc8105c9d,normal,HIT,438,-30743,18,42,42,19508,195,200,438,18,42,42,1,1,1,1,1,1,
bram,bbht_grover_upgrade,LT,-16384,0,16,12,0xdda8b051,0xc8105c9d,ckpt,HIT,438,-30743,18,42,12,9744,97,102,438,18,42,12,1,1,1,1,1,1,
bram,bbht_grover_upgrade,LT,-16384,0,16,13,0xabfb11bf,0xf5dec75e,normal,HIT,14622,-28245,12,24,24,12040,120,125,14622,12,24,24,1,1,1,1,1,1,
bram,bbht_grover_upgrade,LT,-16384,0,16,13,0xabfb11bf,0xf5dec75e,ckpt,HIT,14622,-28245,12,24,7,6270,62,67,14622,12,24,7,1,1,1,1,1,1,
bram,bbht_grover_upgrade,LT,-16384,0,16,14,0x20639811,0x6b6a7c47,normal,HIT,14622,-28245,7,8,8,5378,53,59,14622,7,8,8,1,1,1,1,1,1,
bram,bbht_grover_upgrade,LT,-16384,0,16,14,0x20639811,0x6b6a7c47,ckpt,HIT,14622,-28245,7,8,2,3138,31,37,14622,7,8,2,1,1,1,1,1,1,
bram,bbht_grover_upgrade,LT,-16384,0,16,15,0xac72acd2,0xca84bc6c,normal,HIT,13764,-17666,9,3,3,4988,49,55,13764,9,3,3,1,1,1,1,1,1,
bram,bbht_grover_upgrade,LT,-16384,0,16,15,0xac72acd2,0xca84bc6c,ckpt,HIT,13764,-17666,9,3,2,3825,38,43,13764,9,3,2,1,1,1,1,1,1,
bram,bbht_grover_upgrade,LT,-16384,0,16,16,0x49a2da79,0xe1376725,normal,HIT,2828,-17484,11,20,20,10478,104,109,2828,11,20,20,1,1,1,1,1,1,
bram,bbht_grover_upgrade,LT,-16384,0,16,16,0x49a2da79,0xe1376725,ckpt,HIT,2828,-17484,11,20,4,5098,50,56,2828,11,20,4,1,1,1,1,1,1,
bram,bbht_grover_upgrade,LT,-16384,0,16,17,0x63a4e9d7,0x6166dba4,normal,HIT,5518,-25251,11,13,13,8607,86,91,5518,11,13,13,1,1,1,1,1,1,
bram,bbht_grover_upgrade,LT,-16384,0,16,17,0x63a4e9d7,0x6166dba4,ckpt,HIT,5518,-25251,11,13,4,5112,51,56,5518,11,13,4,1,1,1,1,1,1,
bram,bbht_grover_upgrade,LT,-16384,0,16,18,0x8983f102,0x43fb6183,normal,HIT,14562,-27299,9,8,8,6294,62,69,14562,9,8,8,1,1,1,1,1,1,
bram,bbht_grover_upgrade,LT,-16384,0,16,18,0x8983f102,0x43fb6183,ckpt,HIT,14562,-27299,9,8,4,4338,43,48,14562,9,8,4,1,1,1,1,1,1,
bram,bbht_grover_upgrade,LT,-16384,0,16,19,0xb671aa78,0xc97ad8a2,normal,HIT,14562,-27299,21,82,82,31554,315,320,14562,21,82,82,1,1,1,1,1,1,
bram,bbht_grover_upgrade,LT,-16384,0,16,19,0xb671aa78,0xc97ad8a2,ckpt,HIT,14562,-27299,21,82,33,16210,162,166,14562,21,82,33,1,1,1,1,1,1,
bram,bbht_grover_upgrade,LT,-16384,0,16,20,0xdaeb566a,0x989e5b3d,normal,HIT,14562,-27299,13,20,20,11358,113,119,14562,13,20,20,1,1,1,1,1,1,
bram,bbht_grover_upgrade,LT,-16384,0,16,20,0xdaeb566a,0x989e5b3d,ckpt,HIT,14562,-27299,13,20,5,5996,59,65,14562,13,20,5,1,1,1,1,1,1,
bram,bbht_grover_upgrade,LT,-16384,0,16,21,0xf6181c00,0xa345ac4b,normal,HIT,2828,-17484,9,4,4,5300,53,57,2828,9,4,4,1,1,1,1,1,1,
bram,bbht_grover_upgrade,LT,-16384,0,16,21,0xf6181c00,0xa345ac4b,ckpt,HIT,2828,-17484,9,4,4,4408,44,49,2828,9,4,4,1,1,1,1,1,1,
bram,bbht_grover_upgrade,LT,-16384,0,16,22,0x4e18d852,0xa08980df,normal,HIT,14622,-28245,11,13,13,8564,85,91,14622,11,13,13,1,1,1,1,1,1,
bram,bbht_grover_upgrade,LT,-16384,0,16,22,0x4e18d852,0xa08980df,ckpt,HIT,14622,-28245,11,13,4,5040,50,56,14622,11,13,4,1,1,1,1,1,1,
bram,bbht_grover_upgrade,LT,-16384,0,16,23,0xa035ceba,0x611de4c4,normal,HIT,16156,-26932,10,13,13,8183,81,87,16156,10,13,13,1,1,1,1,1,1,
bram,bbht_grover_upgrade,LT,-16384,0,16,23,0xa035ceba,0x611de4c4,ckpt,HIT,16156,-26932,10,13,5,5047,50,56,16156,10,13,5,1,1,1,1,1,1,
bram,bbht_grover_upgrade,LT,-16384,0,16,24,0xc2416ee4,0x7323f479,normal,HIT,8671,-19865,11,21,21,10723,107,113,8671,11,21,21,1,1,1,1,1,1,
bram,bbht_grover_upgrade,LT,-16384,0,16,24,0xc2416ee4,0x7323f479,ckpt,HIT,8671,-19865,11,21,6,5609,56,60,8671,11,21,6,1,1,1,1,1,1,
bram,bbht_grover_upgrade,LT,-16384,0,16,25,0xfbdafbdd,0xa0c0cf2f,normal,HIT,6004,-28307,15,28,28,14393,143,149,6004,15,28,28,1,1,1,1,1,1,
bram,bbht_grover_upgrade,LT,-16384,0,16,25,0xfbdafbdd,0xa0c0cf2f,ckpt,HIT,6004,-28307,15,28,6,6929,69,75,6004,15,28,6,1,1,1,1,1,1,
bram,bbht_grover_upgrade,LT,-16384,0,16,26,0xa43fbf47,0x8de97b10,normal,HIT,2828,-17484,21,83,83,31749,317,323,2828,21,83,83,1,1,1,1,1,1,
bram,bbht_grover_upgrade,LT,-16384,0,16,26,0xa43fbf47,0x8de97b10,ckpt,HIT,2828,-17484,21,83,22,16276,162,169,2828,21,83,22,1,1,1,1,1,1,
bram,bbht_grover_upgrade,LT,-16384,0,16,27,0x6811f7c1,0xcb07044a,normal,HIT,13764,-17666,8,8,8,5855,58,64,13764,8,8,8,1,1,1,1,1,1,
bram,bbht_grover_upgrade,LT,-16384,0,16,27,0x6811f7c1,0xcb07044a,ckpt,HIT,13764,-17666,8,8,2,3492,34,40,13764,8,8,2,1,1,1,1,1,1,
bram,bbht_grover_upgrade,LT,-16384,0,16,28,0x610dde2c,0x8cf5deb9,normal,HIT,5470,-16918,11,17,17,9597,95,102,5470,11,17,17,1,1,1,1,1,1,
bram,bbht_grover_upgrade,LT,-16384,0,16,28,0x610dde2c,0x8cf5deb9,ckpt,HIT,5470,-16918,11,17,5,5282,52,57,5470,11,17,5,1,1,1,1,1,1,
bram,bbht_grover_upgrade,LT,-16384,0,16,29,0x82241b87,0xbbe27f39,normal,HIT,14562,-27299,7,6,6,4805,48,53,14562,7,6,6,1,1,1,1,1,1,
bram,bbht_grover_upgrade,LT,-16384,0,16,29,0x82241b87,0xbbe27f39,ckpt,HIT,14562,-27299,7,6,2,3095,30,35,14562,7,6,2,1,1,1,1,1,1,
bram,bbht_grover_upgrade,LT,-16384,0,16,30,0x48647490,0xea9551eb,normal,HIT,8671,-19865,17,38,38,18005,180,186,8671,17,38,38,1,1,1,1,1,1,
bram,bbht_grover_upgrade,LT,-16384,0,16,30,0x48647490,0xea9551eb,ckpt,HIT,8671,-19865,17,38,12,9332,93,99,8671,17,38,12,1,1,1,1,1,1,
bram,bbht_grover_upgrade,LT,-16384,0,16,31,0x63df3b7f,0xa8b057e1,normal,HIT,5518,-25251,6,3,3,3601,36,42,5518,6,3,3,1,1,1,1,1,1,
bram,bbht_grover_upgrade,LT,-16384,0,16,31,0x63df3b7f,0xa8b057e1,ckpt,HIT,5518,-25251,6,3,1,2543,25,30,5518,6,3,1,1,1,1,1,1,1,
bram,bbht_grover_upgrade,LT,-16384,0,16,32,0x433125bb,0x3221fef0,normal,HIT,8671,-19865,21,70,70,28328,283,288,8671,21,70,70,1,1,1,1,1,1,
bram,bbht_grover_upgrade,LT,-16384,0,16,32,0x433125bb,0x3221fef0,ckpt,HIT,8671,-19865,21,70,26,14307,143,148,8671,21,70,26,1,1,1,1,1,1,
bram,bbht_grover_upgrade,LT,-16384,0,16,33,0x7943be40,0x6641ee79,normal,HIT,2815,-23791,14,31,31,14653,146,152,2815,14,31,31,1,1,1,1,1,1,
bram,bbht_grover_upgrade,LT,-16384,0,16,33,0x7943be40,0x6641ee79,ckpt,HIT,2815,-23791,14,31,8,7079,70,77,2815,14,31,8,1,1,1,1,1,1,
bram,bbht_grover_upgrade,LT,-16384,0,16,34,0x26c93252,0x675d2908,normal,HIT,6004,-28307,17,68,68,25910,259,264,6004,17,68,68,1,1,1,1,1,1,
bram,bbht_grover_upgrade,LT,-16384,0,16,34,0x26c93252,0x675d2908,ckpt,HIT,6004,-28307,17,68,17,10711,107,113,6004,17,68,17,1,1,1,1,1,1,
bram,bbht_grover_upgrade,LT,-16384,0,16,35,0xdbe3ed49,0xa7cfea56,normal,HIT,8671,-19865,13,18,18,10830,108,113,8671,13,18,18,1,1,1,1,1,1,
bram,bbht_grover_upgrade,LT,-16384,0,16,35,0xdbe3ed49,0xa7cfea56,ckpt,HIT,8671,-19865,13,18,8,6790,67,73,8671,13,18,8,1,1,1,1,1,1,
bram,bbht_grover_upgrade,LT,-16384,0,16,36,0xc2ec9bb4,0xbfc0ae9e,normal,HIT,16156,-26932,17,47,47,20534,205,211,16156,17,47,47,1,1,1,1,1,1,
bram,bbht_grover_upgrade,LT,-16384,0,16,36,0xc2ec9bb4,0xbfc0ae9e,ckpt,HIT,16156,-26932,17,47,18,10990,109,114,16156,17,47,18,1,1,1,1,1,1,
bram,bbht_grover_upgrade,LT,-16384,0,16,37,0xe7ec8559,0x307064ac,normal,HIT,5518,-25251,18,53,53,22495,224,229,5518,18,53,53,1,1,1,1,1,1,
bram,bbht_grover_upgrade,LT,-16384,0,16,37,0xe7ec8559,0x307064ac,ckpt,HIT,5518,-25251,18,53,27,13976,139,145,5518,18,53,27,1,1,1,1,1,1,
bram,bbht_grover_upgrade,LT,-16384,0,16,38,0xccb88b54,0x2cf00158,normal,HIT,2815,-23791,11,22,22,11037,110,116,2815,11,22,22,1,1,1,1,1,1,
bram,bbht_grover_upgrade,LT,-16384,0,16,38,0xccb88b54,0x2cf00158,ckpt,HIT,2815,-23791,11,22,5,5392,53,59,2815,11,22,5,1,1,1,1,1,1,
bram,bbht_grover_upgrade,LT,-16384,0,16,39,0xb512e6a4,0x2b9e708c,normal,HIT,13764,-17666,16,45,45,19454,194,200,13764,16,45,45,1,1,1,1,1,1,
bram,bbht_grover_upgrade,LT,-16384,0,16,39,0xb512e6a4,0x2b9e708c,ckpt,HIT,13764,-17666,16,45,14,9679,96,102,13764,16,45,14,1,1,1,1,1,1,
bram,bbht_grover_upgrade,LT,-16384,0,16,40,0x7e2c3d82,0xa69fb195,normal,HIT,11575,-17397,10,9,9,7075,70,77,11575,10,9,9,1,1,1,1,1,1,
bram,bbht_grover_upgrade,LT,-16384,0,16,40,0x7e2c3d82,0xa69fb195,ckpt,HIT,11575,-17397,10,9,4,4730,47,53,11575,10,9,4,1,1,1,1,1,1,
bram,bbht_grover_upgrade,LT,-16384,0,16,41,0x58b3e5ad,0x23a21253,normal,HIT,2828,-17484,13,20,20,11325,113,118,2828,13,20,20,1,1,1,1,1,1,
bram,bbht_grover_upgrade,LT,-16384,0,16,41,0x58b3e5ad,0x23a21253,ckpt,HIT,2828,-17484,13,20,7,6553,65,70,2828,13,20,7,1,1,1,1,1,1,
bram,bbht_grover_upgrade,LT,-16384,0,16,42,0x9a07c40b,0x3ea78d8c,normal,HIT,14622,-28245,15,34,34,15970,159,165,14622,15,34,34,1,1,1,1,1,1,
bram,bbht_grover_upgrade,LT,-16384,0,16,42,0x9a07c40b,0x3ea78d8c,ckpt,HIT,14622,-28245,15,34,12,8657,86,92,14622,15,34,12,1,1,1,1,1,1,
bram,bbht_grover_upgrade,LT,-16384,0,16,43,0xf1f9a54b,0x7b00db61,normal,HIT,13764,-17666,14,33,33,15233,152,157,13764,14,33,33,1,1,1,1,1,1,
bram,bbht_grover_upgrade,LT,-16384,0,16,43,0xf1f9a54b,0x7b00db61,ckpt,HIT,13764,-17666,14,33,10,10251,102,108,13764,14,33,10,1,1,1,1,1,1,
bram,bbht_grover_upgrade,LT,-16384,0,16,44,0xfba6212d,0xb8b8356a,normal,HIT,13764,-17666,18,58,58,23735,237,242,13764,18,58,58,1,1,1,1,1,1,
bram,bbht_grover_upgrade,LT,-16384,0,16,44,0xfba6212d,0xb8b8356a,ckpt,HIT,13764,-17666,18,58,14,10138,101,106,13764,18,58,14,1,1,1,1,1,1,
bram,bbht_grover_upgrade,LT,-16384,0,16,45,0x1ca60615,0xd753b84a,normal,HIT,5518,-25251,13,24,24,12297,122,129,5518,13,24,24,1,1,1,1,1,1,
bram,bbht_grover_upgrade,LT,-16384,0,16,45,0x1ca60615,0xd753b84a,ckpt,HIT,5518,-25251,13,24,7,6405,64,69,5518,13,24,7,1,1,1,1,1,1,
bram,bbht_grover_upgrade,LT,-16384,0,16,46,0xa085c93e,0x19b8504d,normal,HIT,2687,-24767,20,96,96,34779,347,353,2687,20,96,96,1,1,1,1,1,1,
bram,bbht_grover_upgrade,LT,-16384,0,16,46,0xa085c93e,0x19b8504d,ckpt,HIT,2687,-24767,20,96,21,12662,126,131,2687,20,96,21,1,1,1,1,1,1,
bram,bbht_grover_upgrade,LT,-16384,0,16,47,0x18190603,0xad0438b2,normal,HIT,2828,-17484,11,11,11,8066,80,86,2828,11,11,11,1,1,1,1,1,1,
bram,bbht_grover_upgrade,LT,-16384,0,16,47,0x18190603,0xad0438b2,ckpt,HIT,2828,-17484,11,11,4,5072,50,56,2828,11,11,4,1,1,1,1,1,1,
bram,bbht_grover_upgrade,LT,-16384,0,16,48,0xc1143c78,0xbbdab3cd,normal,HIT,11575,-17397,21,63,63,26604,266,271,11575,21,63,63,1,1,1,1,1,1,
bram,bbht_grover_upgrade,LT,-16384,0,16,48,0xc1143c78,0xbbdab3cd,ckpt,HIT,11575,-17397,21,63,27,15123,151,156,11575,21,63,27,1,1,1,1,1,1,
bram,bbht_grover_upgrade,LT,-16384,0,16,49,0x332063fc,0x222ba57c,normal,HIT,5518,-25251,14,27,27,13654,136,141,5518,14,27,27,1,1,1,1,1,1,
bram,bbht_grover_upgrade,LT,-16384,0,16,49,0x332063fc,0x222ba57c,ckpt,HIT,5518,-25251,14,27,6,6575,65,70,5518,14,27,6,1,1,1,1,1,1,
bram,bbht_grover_upgrade,LT,-16384,0,16,50,0xd6f4066b,0xab9eb714,normal,HIT,2828,-17484,13,15,15,9993,99,105,2828,13,15,15,1,1,1,1,1,1,
bram,bbht_grover_upgrade,LT,-16384,0,16,50,0xd6f4066b,0xab9eb714,ckpt,HIT,2828,-17484,13,15,6,6222,62,67,2828,13,15,6,1,1,1,1,1,1,
bram,bbht_grover_upgrade,LT,-16384,0,16,51,0x64b9628c,0x9cd8b518,normal,HIT,16156,-26932,15,37,37,16725,167,172,16156,15,37,37,1,1,1,1,1,1,
bram,bbht_grover_upgrade,LT,-16384,0,16,51,0x64b9628c,0x9cd8b518,ckpt,HIT,16156,-26932,15,37,9,7743,77,83,16156,15,37,9,1,1,1,1,1,1,
bram,bbht_grover_upgrade,LT,-16384,0,16,52,0x894e6771,0x8a255c2e,normal,HIT,16156,-26932,12,12,12,8833,88,94,16156,12,12,12,1,1,1,1,1,1,
bram,bbht_grover_upgrade,LT,-16384,0,16,52,0x894e6771,0x8a255c2e,ckpt,HIT,16156,-26932,12,12,3,5181,51,57,16156,12,12,3,1,1,1,1,1,1,
bram,bbht_grover_upgrade,LT,-16384,0,16,53,0xe3e668e8,0xff1f20c3,normal,HIT,2687,-24767,17,33,33,16741,167,173,2687,17,33,33,1,1,1,1,1,1,
bram,bbht_grover_upgrade,LT,-16384,0,16,53,0xe3e668e8,0xff1f20c3,ckpt,HIT,2687,-24767,17,33,9,8662,86,92,2687,17,33,9,1,1,1,1,1,1,
bram,bbht_grover_upgrade,LT,-16384,0,16,54,0x36980406,0xfbdbfa61,normal,HIT,10396,-31067,13,32,32,14539,145,151,10396,13,32,32,1,1,1,1,1,1,
bram,bbht_grover_upgrade,LT,-16384,0,16,54,0x36980406,0xfbdbfa61,ckpt,HIT,10396,-31067,13,32,9,7090,70,77,10396,13,32,9,1,1,1,1,1,1,
bram,bbht_grover_upgrade,LT,-16384,0,16,55,0x114d2b4a,0xa617ad4e,normal,HIT,8671,-19865,18,51,51,22052,220,225,8671,18,51,51,1,1,1,1,1,1,
bram,bbht_grover_upgrade,LT,-16384,0,16,55,0x114d2b4a,0xa617ad4e,ckpt,HIT,8671,-19865,18,51,11,9654,96,102,8671,18,51,11,1,1,1,1,1,1,
bram,bbht_grover_upgrade,LT,-16384,0,16,56,0x3b8907e1,0x0c6cbd10,normal,HIT,9469,-18742,17,37,37,17748,177,182,9469,17,37,37,1,1,1,1,1,1,
bram,bbht_grover_upgrade,LT,-16384,0,16,56,0x3b8907e1,0x0c6cbd10,ckpt,HIT,9469,-18742,17,37,12,9248,92,97,9469,17,37,12,1,1,1,1,1,1,
bram,bbht_grover_upgrade,LT,-16384,0,16,57,0x2cd09c1d,0x964fb1a7,normal,HIT,6463,-19424,19,87,87,31977,319,324,6463,19,87,87,1,1,1,1,1,1,
bram,bbht_grover_upgrade,LT,-16384,0,16,57,0x2cd09c1d,0x964fb1a7,ckpt,HIT,6463,-19424,19,87,26,13777,137,143,6463,19,87,26,1,1,1,1,1,1,
bram,bbht_grover_upgrade,LT,-16384,0,16,58,0x6d7a8604,0xbd6f99c6,normal,HIT,2687,-24767,15,37,37,16846,168,173,2687,15,37,37,1,1,1,1,1,1,
bram,bbht_grover_upgrade,LT,-16384,0,16,58,0x6d7a8604,0xbd6f99c6,ckpt,HIT,2687,-24767,15,37,12,8631,86,91,2687,15,37,12,1,1,1,1,1,1,
bram,bbht_grover_upgrade,LT,-16384,0,16,59,0x1fadaf42,0x60010aa3,normal,HIT,6004,-28307,11,14,14,8916,89,94,6004,11,14,14,1,1,1,1,1,1,
bram,bbht_grover_upgrade,LT,-16384,0,16,59,0x1fadaf42,0x60010aa3,ckpt,HIT,6004,-28307,11,14,4,5135,51,56,6004,11,14,4,1,1,1,1,1,1,
bram,bbht_grover_upgrade,LT,-16384,0,16,60,0x92fe7cfd,0xb54e2773,normal,HIT,8671,-19865,17,63,63,24704,247,252,8671,17,63,63,1,1,1,1,1,1,
bram,bbht_grover_upgrade,LT,-16384,0,16,60,0x92fe7cfd,0xb54e2773,ckpt,HIT,8671,-19865,17,63,18,11280,112,118,8671,17,63,18,1,1,1,1,1,1,
bram,bbht_grover_upgrade,LT,-16384,0,16,61,0x1aecb060,0x9c545eba,normal,HIT,16156,-26932,17,47,47,20456,204,210,16156,17,47,47,1,1,1,1,1,1,
bram,bbht_grover_upgrade,LT,-16384,0,16,61,0x1aecb060,0x9c545eba,ckpt,HIT,16156,-26932,17,47,15,10463,104,110,16156,17,47,15,1,1,1,1,1,1,
bram,bbht_grover_upgrade,LT,-16384,0,16,62,0x91778cc3,0xbd1d1bc0,normal,HIT,14562,-27299,15,37,37,16800,168,172,14562,15,37,37,1,1,1,1,1,1,
bram,bbht_grover_upgrade,LT,-16384,0,16,62,0x91778cc3,0xbd1d1bc0,ckpt,HIT,14562,-27299,15,37,10,8178,81,88,14562,15,37,10,1,1,1,1,1,1,
bram,bbht_grover_upgrade,LT,-16384,0,16,63,0xe6b7e7eb,0xd542988e,normal,HIT,14622,-28245,10,11,11,7505,75,80,14622,10,11,11,1,1,1,1,1,1,
bram,bbht_grover_upgrade,LT,-16384,0,16,63,0xe6b7e7eb,0xd542988e,ckpt,HIT,14622,-28245,10,11,5,4896,48,54,14622,10,11,5,1,1,1,1,1,1,
bram,bbht_grover_upgrade,LT,-16384,0,16,64,0x6770144c,0xd2d3c6e7,normal,HIT,5470,-16918,18,52,52,22156,221,227,5470,18,52,52,1,1,1,1,1,1,
bram,bbht_grover_upgrade,LT,-16384,0,16,64,0x6770144c,0xd2d3c6e7,ckpt,HIT,5470,-16918,18,52,15,10744,107,113,5470,18,52,15,1,1,1,1,1,1,
bram,bbht_grover_upgrade,LT,-16384,0,16,65,0xc600a248,0x0a1e0844,normal,HIT,438,-30743,8,8,8,5817,58,64,438,8,8,8,1,1,1,1,1,1,
bram,bbht_grover_upgrade,LT,-16384,0,16,65,0xc600a248,0x0a1e0844,ckpt,HIT,438,-30743,8,8,3,3722,37,42,438,8,8,3,1,1,1,1,1,1,
bram,bbht_grover_upgrade,LT,-16384,0,16,66,0x1ea4f830,0x2ef0f28e,normal,HIT,8671,-19865,12,18,18,10412,104,109,8671,12,18,18,1,1,1,1,1,1,
bram,bbht_grover_upgrade,LT,-16384,0,16,66,0x1ea4f830,0x2ef0f28e,ckpt,HIT,8671,-19865,12,18,6,6103,61,66,8671,12,18,6,1,1,1,1,1,1,
bram,bbht_grover_upgrade,LT,-16384,0,16,67,0x639604f3,0x7fe04f83,normal,HIT,14622,-28245,19,58,58,24229,242,247,14622,19,58,58,1,1,1,1,1,1,
bram,bbht_grover_upgrade,LT,-16384,0,16,67,0x639604f3,0x7fe04f83,ckpt,HIT,14622,-28245,19,58,20,12237,122,127,14622,19,58,20,1,1,1,1,1,1,
bram,bbht_grover_upgrade,LT,-16384,0,16,68,0x6e084a84,0xb643b17e,normal,HIT,2687,-24767,12,24,24,12003,120,125,2687,12,24,24,1,1,1,1,1,1,
bram,bbht_grover_upgrade,LT,-16384,0,16,68,0x6e084a84,0xb643b17e,ckpt,HIT,2687,-24767,12,24,6,5972,59,65,2687,12,24,6,1,1,1,1,1,1,
bram,bbht_grover_upgrade,LT,-16384,0,16,69,0x3d7fc476,0x467d7a44,normal,HIT,6463,-19424,17,36,36,17495,174,179,6463,17,36,36,1,1,1,1,1,1,
bram,bbht_grover_upgrade,LT,-16384,0,16,69,0x3d7fc476,0x467d7a44,ckpt,HIT,6463,-19424,17,36,12,9366,93,99,6463,17,36,12,1,1,1,1,1,1,
bram,bbht_grover_upgrade,LT,-16384,0,16,70,0xedca3875,0xefade11e,normal,HIT,14622,-28245,23,119,119,42295,422,427,14622,23,119,119,1,1,1,1,1,1,
bram,bbht_grover_upgrade,LT,-16384,0,16,70,0xedca3875,0xefade11e,ckpt,HIT,14622,-28245,23,119,42,19863,198,203,14622,23,119,42,1,1,1,1,1,1,
bram,bbht_grover_upgrade,LT,-16384,0,16,71,0xb883121d,0x095c678c,normal,HIT,6004,-28307,20,70,70,27885,278,283,6004,20,70,70,1,1,1,1,1,1,
bram,bbht_grover_upgrade,LT,-16384,0,16,71,0xb883121d,0x095c678c,ckpt,HIT,6004,-28307,20,70,28,14698,146,153,6004,20,70,28,1,1,1,1,1,1,
bram,bbht_grover_upgrade,LT,-16384,0,16,72,0xace22797,0xbc422a9a,normal,HIT,13764,-17666,16,41,41,18326,183,189,13764,16,41,41,1,1,1,1,1,1,
bram,bbht_grover_upgrade,LT,-16384,0,16,72,0xace22797,0xbc422a9a,ckpt,HIT,13764,-17666,16,41,13,9182,91,97,13764,16,41,13,1,1,1,1,1,1,
bram,bbht_grover_upgrade,LT,-16384,0,16,73,0xefd3172d,0x8c2c3233,normal,HIT,2687,-24767,17,35,35,17199,171,178,2687,17,35,35,1,1,1,1,1,1,
bram,bbht_grover_upgrade,LT,-16384,0,16,73,0xefd3172d,0x8c2c3233,ckpt,HIT,2687,-24767,17,35,10,8707,87,92,2687,17,35,10,1,1,1,1,1,1,
bram,bbht_grover_upgrade,LT,-16384,0,16,74,0xe6aacdb5,0x7f1c158a,normal,HIT,2815,-23791,14,26,26,13460,134,140,2815,14,26,26,1,1,1,1,1,1,
bram,bbht_grover_upgrade,LT,-16384,0,16,74,0xe6aacdb5,0x7f1c158a,ckpt,HIT,2815,-23791,14,26,6,9527,95,101,2815,14,26,6,1,1,1,1,1,1,
bram,bbht_grover_upgrade,LT,-16384,0,16,75,0x6566c598,0xca804b00,normal,HIT,2828,-17484,9,9,9,6562,65,70,2828,9,9,9,1,1,1,1,1,1,
bram,bbht_grover_upgrade,LT,-16384,0,16,75,0x6566c598,0xca804b00,ckpt,HIT,2828,-17484,9,9,4,4343,43,48,2828,9,9,4,1,1,1,1,1,1,
bram,bbht_grover_upgrade,LT,-16384,0,16,76,0x4e646d9d,0xcbae5ac0,normal,HIT,16156,-26932,11,19,19,10161,101,106,16156,11,19,19,1,1,1,1,1,1,
bram,bbht_grover_upgrade,LT,-16384,0,16,76,0x4e646d9d,0xcbae5ac0,ckpt,HIT,16156,-26932,11,19,6,5578,55,61,16156,11,19,6,1,1,1,1,1,1,
bram,bbht_grover_upgrade,LT,-16384,0,16,77,0x05d81d6f,0x260c4013,normal,HIT,9469,-18742,18,67,67,26084,260,266,9469,18,67,67,1,1,1,1,1,1,
bram,bbht_grover_upgrade,LT,-16384,0,16,77,0x05d81d6f,0x260c4013,ckpt,HIT,9469,-18742,18,67,22,12157,121,127,9469,18,67,22,1,1,1,1,1,1,
bram,bbht_grover_upgrade,LT,-16384,0,16,78,0x2018f6a3,0x5728c7f4,normal,HIT,9469,-18742,19,53,53,22964,229,235,9469,19,53,53,1,1,1,1,1,1,
bram,bbht_grover_upgrade,LT,-16384,0,16,78,0x2018f6a3,0x5728c7f4,ckpt,HIT,9469,-18742,19,53,11,9768,97,104,9469,19,53,11,1,1,1,1,1,1,
bram,bbht_grover_upgrade,LT,-16384,0,16,79,0x718ebf0c,0x4d7d460c,normal,HIT,438,-30743,16,43,43,18850,188,193,438,16,43,43,1,1,1,1,1,1,
bram,bbht_grover_upgrade,LT,-16384,0,16,79,0x718ebf0c,0x4d7d460c,ckpt,HIT,438,-30743,16,43,16,9988,99,105,438,16,43,16,1,1,1,1,1,1,
bram,bbht_grover_upgrade,LT,-16384,0,16,80,0x042a8f17,0x2093b3f4,normal,HIT,2828,-17484,15,34,34,16043,160,165,2828,15,34,34,1,1,1,1,1,1,
bram,bbht_grover_upgrade,LT,-16384,0,16,80,0x042a8f17,0x2093b3f4,ckpt,HIT,2828,-17484,15,34,8,7521,75,80,2828,15,34,8,1,1,1,1,1,1,
bram,bbht_grover_upgrade,LT,-16384,0,16,81,0xfc1c775d,0x35bd20f1,normal,HIT,2828,-17484,15,44,44,18695,186,191,2828,15,44,44,1,1,1,1,1,1,
bram,bbht_grover_upgrade,LT,-16384,0,16,81,0xfc1c775d,0x35bd20f1,ckpt,HIT,2828,-17484,15,44,10,8055,80,86,2828,15,44,10,1,1,1,1,1,1,
bram,bbht_grover_upgrade,LT,-16384,0,16,82,0x16b93b63,0x7d609ba5,normal,HIT,2828,-17484,17,49,49,20957,209,214,2828,17,49,49,1,1,1,1,1,1,
bram,bbht_grover_upgrade,LT,-16384,0,16,82,0x16b93b63,0x7d609ba5,ckpt,HIT,2828,-17484,17,49,14,9806,98,103,2828,17,49,14,1,1,1,1,1,1,
bram,bbht_grover_upgrade,LT,-16384,0,16,83,0x8ce1028e,0xb152e7ef,normal,HIT,6463,-19424,15,32,32,15438,154,159,6463,15,32,32,1,1,1,1,1,1,
bram,bbht_grover_upgrade,LT,-16384,0,16,83,0x8ce1028e,0xb152e7ef,ckpt,HIT,6463,-19424,15,32,10,8096,80,86,6463,15,32,10,1,1,1,1,1,1,
bram,bbht_grover_upgrade,LT,-16384,0,16,84,0x87bad980,0x7dbefa97,normal,HIT,5518,-25251,12,23,23,11741,117,122,5518,12,23,23,1,1,1,1,1,1,
bram,bbht_grover_upgrade,LT,-16384,0,16,84,0x87bad980,0x7dbefa97,ckpt,HIT,5518,-25251,12,23,7,6249,62,67,5518,12,23,7,1,1,1,1,1,1,
bram,bbht_grover_upgrade,LT,-16384,0,16,85,0xd63d86f3,0xf5399cca,normal,HIT,10396,-31067,19,67,67,26621,266,271,10396,19,67,67,1,1,1,1,1,1,
bram,bbht_grover_upgrade,LT,-16384,0,16,85,0xd63d86f3,0xf5399cca,ckpt,HIT,10396,-31067,19,67,28,14420,144,149,10396,19,67,28,1,1,1,1,1,1,
bram,bbht_grover_upgrade,LT,-16384,0,16,86,0xeeaba102,0x01560fc0,normal,HIT,14562,-27299,19,62,62,25257,252,258,14562,19,62,62,1,1,1,1,1,1,
bram,bbht_grover_upgrade,LT,-16384,0,16,86,0xeeaba102,0x01560fc0,ckpt,HIT,14562,-27299,19,62,19,12299,122,129,14562,19,62,19,1,1,1,1,1,1,
bram,bbht_grover_upgrade,LT,-16384,0,16,87,0xc1fee4bb,0xc7e12d58,normal,HIT,8671,-19865,16,46,46,19641,196,201,8671,16,46,46,1,1,1,1,1,1,
bram,bbht_grover_upgrade,LT,-16384,0,16,87,0xc1fee4bb,0xc7e12d58,ckpt,HIT,8671,-19865,16,46,13,9138,91,97,8671,16,46,13,1,1,1,1,1,1,
bram,bbht_grover_upgrade,LT,-16384,0,16,88,0x0707c9da,0xf644a3f9,normal,HIT,8671,-19865,13,25,25,12722,127,131,8671,13,25,25,1,1,1,1,1,1,
bram,bbht_grover_upgrade,LT,-16384,0,16,88,0x0707c9da,0xf644a3f9,ckpt,HIT,8671,-19865,13,25,6,6305,63,69,8671,13,25,6,1,1,1,1,1,1,
bram,bbht_grover_upgrade,LT,-16384,0,16,89,0xde0d9c30,0x58a2ee8f,normal,HIT,6004,-28307,14,27,27,13729,137,143,6004,14,27,27,1,1,1,1,1,1,
bram,bbht_grover_upgrade,LT,-16384,0,16,89,0xde0d9c30,0x58a2ee8f,ckpt,HIT,6004,-28307,14,27,8,7189,71,77,6004,14,27,8,1,1,1,1,1,1,
bram,bbht_grover_upgrade,LT,-16384,0,16,90,0x7cd0efc7,0x9f385cfb,normal,HIT,16156,-26932,13,12,12,9334,93,99,16156,13,12,12,1,1,1,1,1,1,
bram,bbht_grover_upgrade,LT,-16384,0,16,90,0x7cd0efc7,0x9f385cfb,ckpt,HIT,16156,-26932,13,12,6,9391,93,98,16156,13,12,6,1,1,1,1,1,1,
bram,bbht_grover_upgrade,LT,-16384,0,16,91,0xe4cb50a6,0x94d13729,normal,HIT,438,-30743,13,10,10,8769,87,92,438,13,10,10,1,1,1,1,1,1,
bram,bbht_grover_upgrade,LT,-16384,0,16,91,0xe4cb50a6,0x94d13729,ckpt,HIT,438,-30743,13,10,3,5629,56,61,438,13,10,3,1,1,1,1,1,1,
bram,bbht_grover_upgrade,LT,-16384,0,16,92,0xa0882219,0x18f75d24,normal,HIT,2828,-17484,11,13,13,8590,85,91,2828,11,13,13,1,1,1,1,1,1,
bram,bbht_grover_upgrade,LT,-16384,0,16,92,0xa0882219,0x18f75d24,ckpt,HIT,2828,-17484,11,13,6,5595,55,61,2828,11,13,6,1,1,1,1,1,1,
bram,bbht_grover_upgrade,LT,-16384,0,16,93,0xc435e6f2,0xf75a52bc,normal,HIT,14562,-27299,16,55,55,22079,220,226,14562,16,55,55,1,1,1,1,1,1,
bram,bbht_grover_upgrade,LT,-16384,0,16,93,0xc435e6f2,0xf75a52bc,ckpt,HIT,14562,-27299,16,55,10,8544,85,90,14562,16,55,10,1,1,1,1,1,1,
bram,bbht_grover_upgrade,LT,-16384,0,16,94,0x011b63f0,0x0aa34346,normal,HIT,9469,-18742,11,14,14,8824,88,94,9469,11,14,14,1,1,1,1,1,1,
bram,bbht_grover_upgrade,LT,-16384,0,16,94,0x011b63f0,0x0aa34346,ckpt,HIT,9469,-18742,11,14,5,5299,52,58,9469,11,14,5,1,1,1,1,1,1,
bram,bbht_grover_upgrade,LT,-16384,0,16,95,0x1b456e77,0xee460f94,normal,HIT,9469,-18742,17,47,47,20458,204,209,9469,17,47,47,1,1,1,1,1,1,
bram,bbht_grover_upgrade,LT,-16384,0,16,95,0x1b456e77,0xee460f94,ckpt,HIT,9469,-18742,17,47,18,11414,114,119,9469,17,47,18,1,1,1,1,1,1,
bram,bbht_grover_upgrade,LT,-16384,0,16,96,0x10088608,0xef418331,normal,HIT,2687,-24767,10,12,12,7853,78,83,2687,10,12,12,1,1,1,1,1,1,
bram,bbht_grover_upgrade,LT,-16384,0,16,96,0x10088608,0xef418331,ckpt,HIT,2687,-24767,10,12,4,4715,47,53,2687,10,12,4,1,1,1,1,1,1,
bram,bbht_grover_upgrade,LT,-16384,0,16,97,0x6fcfc352,0xf8fa9f4c,normal,HIT,2815,-23791,16,33,33,16263,162,168,2815,16,33,33,1,1,1,1,1,1,
bram,bbht_grover_upgrade,LT,-16384,0,16,97,0x6fcfc352,0xf8fa9f4c,ckpt,HIT,2815,-23791,16,33,16,10432,104,110,2815,16,33,16,1,1,1,1,1,1,
bram,bbht_grover_upgrade,LT,-16384,0,16,98,0xfb6077af,0x713595a9,normal,HIT,5470,-16918,16,45,45,19402,194,200,5470,16,45,45,1,1,1,1,1,1,
bram,bbht_grover_upgrade,LT,-16384,0,16,98,0xfb6077af,0x713595a9,ckpt,HIT,5470,-16918,16,45,15,9786,97,103,5470,16,45,15,1,1,1,1,1,1,
bram,bbht_grover_upgrade,LT,-16384,0,16,99,0xc6ebb72e,0x08fdf109,normal,HIT,5470,-16918,15,28,28,14501,145,150,5470,15,28,28,1,1,1,1,1,1,
bram,bbht_grover_upgrade,LT,-16384,0,16,99,0xc6ebb72e,0x08fdf109,ckpt,HIT,5470,-16918,15,28,6,7041,70,75,5470,15,28,6,1,1,1,1,1,1,
bram,bbht_grover_upgrade,LT,-16384,0,64,0,0x7b1dcdaf,0x24370df2,normal,HIT,1089,-17865,7,4,4,4309,43,48,1089,7,4,4,1,1,1,1,1,1,
bram,bbht_grover_upgrade,LT,-16384,0,64,0,0x7b1dcdaf,0x24370df2,ckpt,HIT,1089,-17865,7,4,2,3130,31,37,1089,7,4,2,1,1,1,1,1,1,
bram,bbht_grover_upgrade,LT,-16384,0,64,1,0x3a85a4dc,0xa3b9aa35,normal,HIT,1951,-17282,16,35,35,16765,167,173,1951,16,35,35,1,1,1,1,1,1,
bram,bbht_grover_upgrade,LT,-16384,0,64,1,0x3a85a4dc,0xa3b9aa35,ckpt,HIT,1951,-17282,16,35,12,9015,90,96,1951,16,35,12,1,1,1,1,1,1,
bram,bbht_grover_upgrade,LT,-16384,0,64,2,0x6162a8b2,0x871c276f,normal,HIT,10706,-30061,10,12,12,7810,78,83,10706,10,12,12,1,1,1,1,1,1,
bram,bbht_grover_upgrade,LT,-16384,0,64,2,0x6162a8b2,0x871c276f,ckpt,HIT,10706,-30061,10,12,4,4673,46,52,10706,10,12,4,1,1,1,1,1,1,
bram,bbht_grover_upgrade,LT,-16384,0,64,3,0xc3adc34e,0xf5b8f22b,normal,HIT,16156,-26932,9,8,8,6367,63,68,16156,9,8,8,1,1,1,1,1,1,
bram,bbht_grover_upgrade,LT,-16384,0,64,3,0xc3adc34e,0xf5b8f22b,ckpt,HIT,16156,-26932,9,8,4,4413,44,50,16156,9,8,4,1,1,1,1,1,1,
bram,bbht_grover_upgrade,LT,-16384,0,64,4,0x2bb073ff,0x3f8396e3,normal,HIT,13764,-17666,12,17,17,10060,100,105,13764,12,17,17,1,1,1,1,1,1,
bram,bbht_grover_upgrade,LT,-16384,0,64,4,0x2bb073ff,0x3f8396e3,ckpt,HIT,13764,-17666,12,17,7,6189,61,67,13764,12,17,7,1,1,1,1,1,1,
bram,bbht_grover_upgrade,LT,-16384,0,64,5,0xda585ab3,0xa7197ad7,normal,HIT,10117,-21896,5,3,3,3166,31,37,10117,5,3,3,1,1,1,1,1,1,
bram,bbht_grover_upgrade,LT,-16384,0,64,5,0xda585ab3,0xa7197ad7,ckpt,HIT,10117,-21896,5,3,1,2235,22,27,10117,5,3,1,1,1,1,1,1,1,
bram,bbht_grover_upgrade,LT,-16384,0,64,6,0x0ed109c0,0x5701ce52,normal,HIT,16073,-17117,2,1,1,1204,12,16,16073,2,1,1,1,1,1,1,1,1,
bram,bbht_grover_upgrade,LT,-16384,0,64,6,0x0ed109c0,0x5701ce52,ckpt,HIT,16073,-17117,2,1,1,1175,11,17,16073,2,1,1,1,1,1,1,1,1,
bram,bbht_grover_upgrade,LT,-16384,0,64,7,0x102ecf73,0x53c7612b,normal,HIT,15048,-24121,8,8,8,5814,58,64,15048,8,8,8,1,1,1,1,1,1,
bram,bbht_grover_upgrade,LT,-16384,0,64,7,0x102ecf73,0x53c7612b,ckpt,HIT,15048,-24121,8,8,3,3717,37,42,15048,8,8,3,1,1,1,1,1,1,
bram,bbht_grover_upgrade,LT,-16384,0,64,8,0xcf29b6a1,0x35231a84,normal,HIT,12822,-30595,10,8,8,6842,68,73,12822,10,8,8,1,1,1,1,1,1,
bram,bbht_grover_upgrade,LT,-16384,0,64,8,0xcf29b6a1,0x35231a84,ckpt,HIT,12822,-30595,10,8,4,4762,47,53,12822,10,8,4,1,1,1,1,1,1,
bram,bbht_grover_upgrade,LT,-16384,0,64,9,0xc49cbb42,0xd0a3bbb8,normal,HIT,8239,-17326,10,9,9,7025,70,75,8239,10,9,9,1,1,1,1,1,1,
bram,bbht_grover_upgrade,LT,-16384,0,64,9,0xc49cbb42,0xd0a3bbb8,ckpt,HIT,8239,-17326,10,9,2,4148,41,47,8239,10,9,2,1,1,1,1,1,1,
bram,bbht_grover_upgrade,LT,-16384,0,64,10,0x4cc51d23,0xee0e3ab4,normal,HIT,3605,-26225,12,23,23,11679,116,122,3605,12,23,23,1,1,1,1,1,1,
bram,bbht_grover_upgrade,LT,-16384,0,64,10,0x4cc51d23,0xee0e3ab4,ckpt,HIT,3605,-26225,12,23,5,5645,56,61,3605,12,23,5,1,1,1,1,1,1,
bram,bbht_grover_upgrade,LT,-16384,0,64,11,0xf9e8aa7a,0x3208c31a,normal,HIT,11830,-32530,9,10,10,6823,68,74,11830,9,10,10,1,1,1,1,1,1,
bram,bbht_grover_upgrade,LT,-16384,0,64,11,0xf9e8aa7a,0x3208c31a,ckpt,HIT,11830,-32530,9,10,3,4072,40,47,11830,9,10,3,1,1,1,1,1,1,
bram,bbht_grover_upgrade,LT,-16384,0,64,12,0xdda8b051,0xc8105c9d,normal,HIT,187,-22178,14,20,20,11850,118,124,187,14,20,20,1,1,1,1,1,1,
bram,bbht_grover_upgrade,LT,-16384,0,64,12,0xdda8b051,0xc8105c9d,ckpt,HIT,187,-22178,14,20,10,7894,78,84,187,14,20,10,1,1,1,1,1,1,
bram,bbht_grover_upgrade,LT,-16384,0,64,13,0xabfb11bf,0xf5dec75e,normal,HIT,14812,-20654,12,24,24,12012,120,125,14812,12,24,24,1,1,1,1,1,1,
bram,bbht_grover_upgrade,LT,-16384,0,64,13,0xabfb11bf,0xf5dec75e,ckpt,HIT,14812,-20654,12,24,7,6242,62,67,14812,12,24,7,1,1,1,1,1,1,
bram,bbht_grover_upgrade,LT,-16384,0,64,14,0x20639811,0x6b6a7c47,normal,HIT,8103,-21040,8,9,9,6115,61,66,8103,8,9,9,1,1,1,1,1,1,
bram,bbht_grover_upgrade,LT,-16384,0,64,14,0x20639811,0x6b6a7c47,ckpt,HIT,8103,-21040,8,9,2,3486,34,40,8103,8,9,2,1,1,1,1,1,1,
bram,bbht_grover_upgrade,LT,-16384,0,64,15,0xac72acd2,0xca84bc6c,normal,HIT,8050,-21247,10,7,7,6533,65,71,8050,10,7,7,1,1,1,1,1,1,
bram,bbht_grover_upgrade,LT,-16384,0,64,15,0xac72acd2,0xca84bc6c,ckpt,HIT,8050,-21247,10,7,4,4718,47,53,8050,10,7,4,1,1,1,1,1,1,
bram,bbht_grover_upgrade,LT,-16384,0,64,16,0x49a2da79,0xe1376725,normal,HIT,11898,-26778,9,12,12,7396,73,80,11898,9,12,12,1,1,1,1,1,1,
bram,bbht_grover_upgrade,LT,-16384,0,64,16,0x49a2da79,0xe1376725,ckpt,HIT,11898,-26778,9,12,4,4384,43,50,11898,9,12,4,1,1,1,1,1,1,
bram,bbht_grover_upgrade,LT,-16384,0,64,17,0x63a4e9d7,0x6166dba4,normal,HIT,10602,-21556,13,21,21,11624,116,121,10602,13,21,21,1,1,1,1,1,1,
bram,bbht_grover_upgrade,LT,-16384,0,64,17,0x63a4e9d7,0x6166dba4,ckpt,HIT,10602,-21556,13,21,7,6560,65,70,10602,13,21,7,1,1,1,1,1,1,
bram,bbht_grover_upgrade,LT,-16384,0,64,18,0x8983f102,0x43fb6183,normal,HIT,14622,-28245,9,8,8,6317,63,69,14622,9,8,8,1,1,1,1,1,1,
bram,bbht_grover_upgrade,LT,-16384,0,64,18,0x8983f102,0x43fb6183,ckpt,HIT,14622,-28245,9,8,4,4361,43,48,14622,9,8,4,1,1,1,1,1,1,
bram,bbht_grover_upgrade,LT,-16384,0,64,19,0xb671aa78,0xc97ad8a2,normal,HIT,10117,-21896,10,10,10,7316,73,78,10117,10,10,10,1,1,1,1,1,1,
bram,bbht_grover_upgrade,LT,-16384,0,64,19,0xb671aa78,0xc97ad8a2,ckpt,HIT,10117,-21896,10,10,3,4441,44,50,10117,10,10,3,1,1,1,1,1,1,
bram,bbht_grover_upgrade,LT,-16384,0,64,20,0xdaeb566a,0x989e5b3d,normal,HIT,438,-30743,11,13,13,8546,85,91,438,11,13,13,1,1,1,1,1,1,
bram,bbht_grover_upgrade,LT,-16384,0,64,20,0xdaeb566a,0x989e5b3d,ckpt,HIT,438,-30743,11,13,4,5020,50,56,438,11,13,4,1,1,1,1,1,1,
bram,bbht_grover_upgrade,LT,-16384,0,64,21,0xf6181c00,0xa345ac4b,normal,HIT,2815,-23791,11,7,7,7073,70,76,2815,11,7,7,1,1,1,1,1,1,
bram,bbht_grover_upgrade,LT,-16384,0,64,21,0xf6181c00,0xa345ac4b,ckpt,HIT,2815,-23791,11,7,4,5138,51,56,2815,11,7,4,1,1,1,1,1,1,
bram,bbht_grover_upgrade,LT,-16384,0,64,22,0x4e18d852,0xa08980df,normal,HIT,14662,-22014,11,13,13,8560,85,90,14662,11,13,13,1,1,1,1,1,1,
bram,bbht_grover_upgrade,LT,-16384,0,64,22,0x4e18d852,0xa08980df,ckpt,HIT,14662,-22014,11,13,4,5036,50,56,14662,11,13,4,1,1,1,1,1,1,
bram,bbht_grover_upgrade,LT,-16384,0,64,23,0xa035ceba,0x611de4c4,normal,HIT,2843,-27723,14,29,29,14334,143,148,2843,14,29,29,1,1,1,1,1,1,
bram,bbht_grover_upgrade,LT,-16384,0,64,23,0xa035ceba,0x611de4c4,ckpt,HIT,2843,-27723,14,29,7,6996,69,75,2843,14,29,7,1,1,1,1,1,1,
bram,bbht_grover_upgrade,LT,-16384,0,64,24,0xc2416ee4,0x7323f479,normal,HIT,4806,-18062,5,4,4,3411,34,39,4806,5,4,4,1,1,1,1,1,1,
bram,bbht_grover_upgrade,LT,-16384,0,64,24,0xc2416ee4,0x7323f479,ckpt,HIT,4806,-18062,5,4,1,2213,22,28,4806,5,4,1,1,1,1,1,1,1,
bram,bbht_grover_upgrade,LT,-16384,0,64,25,0xfbdafbdd,0xa0c0cf2f,normal,HIT,10396,-31067,10,8,8,6780,67,73,10396,10,8,8,1,1,1,1,1,1,
bram,bbht_grover_upgrade,LT,-16384,0,64,25,0xfbdafbdd,0xa0c0cf2f,ckpt,HIT,10396,-31067,10,8,2,4170,41,46,10396,10,8,2,1,1,1,1,1,1,
bram,bbht_grover_upgrade,LT,-16384,0,64,26,0xa43fbf47,0x8de97b10,normal,HIT,13360,-28930,15,29,29,14664,146,153,13360,15,29,29,1,1,1,1,1,1,
bram,bbht_grover_upgrade,LT,-16384,0,64,26,0xa43fbf47,0x8de97b10,ckpt,HIT,13360,-28930,15,29,10,7995,79,84,13360,15,29,10,1,1,1,1,1,1,
bram,bbht_grover_upgrade,LT,-16384,0,64,27,0x6811f7c1,0xcb07044a,normal,HIT,7227,-22375,12,17,17,10121,101,107,7227,12,17,17,1,1,1,1,1,1,
bram,bbht_grover_upgrade,LT,-16384,0,64,27,0x6811f7c1,0xcb07044a,ckpt,HIT,7227,-22375,12,17,4,5617,56,61,7227,12,17,4,1,1,1,1,1,1,
bram,bbht_grover_upgrade,LT,-16384,0,64,28,0x610dde2c,0x8cf5deb9,normal,HIT,15048,-24121,4,2,2,2410,24,29,15048,4,2,2,1,1,1,1,1,1,
bram,bbht_grover_upgrade,LT,-16384,0,64,28,0x610dde2c,0x8cf5deb9,ckpt,HIT,15048,-24121,4,2,1,1869,18,25,15048,4,2,1,1,1,1,1,1,1,
bram,bbht_grover_upgrade,LT,-16384,0,64,29,0x82241b87,0xbbe27f39,normal,HIT,1089,-17865,9,11,11,7093,70,77,1089,9,11,11,1,1,1,1,1,1,
bram,bbht_grover_upgrade,LT,-16384,0,64,29,0x82241b87,0xbbe27f39,ckpt,HIT,1089,-17865,9,11,3,4077,40,47,1089,9,11,3,1,1,1,1,1,1,
bram,bbht_grover_upgrade,LT,-16384,0,64,30,0x48647490,0xea9551eb,normal,HIT,9469,-18742,14,21,21,12105,121,126,9469,14,21,21,1,1,1,1,1,1,
bram,bbht_grover_upgrade,LT,-16384,0,64,30,0x48647490,0xea9551eb,ckpt,HIT,9469,-18742,14,21,7,6987,69,75,9469,14,21,7,1,1,1,1,1,1,
bram,bbht_grover_upgrade,LT,-16384,0,64,31,0x63df3b7f,0xa8b057e1,normal,HIT,16073,-17117,9,10,10,6875,68,73,16073,9,10,10,1,1,1,1,1,1,
bram,bbht_grover_upgrade,LT,-16384,0,64,31,0x63df3b7f,0xa8b057e1,ckpt,HIT,16073,-17117,9,10,4,4389,43,50,16073,9,10,4,1,1,1,1,1,1,
bram,bbht_grover_upgrade,LT,-16384,0,64,32,0x433125bb,0x3221fef0,normal,HIT,11308,-20891,16,35,35,16772,167,173,11308,16,35,35,1,1,1,1,1,1,
bram,bbht_grover_upgrade,LT,-16384,0,64,32,0x433125bb,0x3221fef0,ckpt,HIT,11308,-20891,16,35,7,10710,107,113,11308,16,35,7,1,1,1,1,1,1,
bram,bbht_grover_upgrade,LT,-16384,0,64,33,0x7943be40,0x6641ee79,normal,HIT,11228,-19551,11,17,17,9617,96,101,11228,11,17,17,1,1,1,1,1,1,
bram,bbht_grover_upgrade,LT,-16384,0,64,33,0x7943be40,0x6641ee79,ckpt,HIT,11228,-19551,11,17,6,5562,55,60,11228,11,17,6,1,1,1,1,1,1,
bram,bbht_grover_upgrade,LT,-16384,0,64,34,0x26c93252,0x675d2908,normal,HIT,12822,-30595,12,21,21,11164,111,116,12822,12,21,21,1,1,1,1,1,1,
bram,bbht_grover_upgrade,LT,-16384,0,64,34,0x26c93252,0x675d2908,ckpt,HIT,12822,-30595,12,21,4,5396,53,59,12822,12,21,4,1,1,1,1,1,1,
bram,bbht_grover_upgrade,LT,-16384,0,64,35,0xdbe3ed49,0xa7cfea56,normal,HIT,3372,-16463,5,4,4,3396,33,38,3372,5,4,4,1,1,1,1,1,1,
bram,bbht_grover_upgrade,LT,-16384,0,64,35,0xdbe3ed49,0xa7cfea56,ckpt,HIT,3372,-16463,5,4,2,2466,24,29,3372,5,4,2,1,1,1,1,1,1,
bram,bbht_grover_upgrade,LT,-16384,0,64,36,0xc2ec9bb4,0xbfc0ae9e,normal,HIT,8239,-17326,14,23,23,12737,127,132,8239,14,23,23,1,1,1,1,1,1,
bram,bbht_grover_upgrade,LT,-16384,0,64,36,0xc2ec9bb4,0xbfc0ae9e,ckpt,HIT,8239,-17326,14,23,9,7517,75,80,8239,14,23,9,1,1,1,1,1,1,
bram,bbht_grover_upgrade,LT,-16384,0,64,37,0xe7ec8559,0x307064ac,normal,HIT,8050,-21247,6,5,5,4116,41,46,8050,6,5,5,1,1,1,1,1,1,
bram,bbht_grover_upgrade,LT,-16384,0,64,37,0xe7ec8559,0x307064ac,ckpt,HIT,8050,-21247,6,5,2,2795,27,32,8050,6,5,2,1,1,1,1,1,1,
bram,bbht_grover_upgrade,LT,-16384,0,64,38,0xccb88b54,0x2cf00158,normal,HIT,15048,-24121,5,4,4,3417,34,39,15048,5,4,4,1,1,1,1,1,1,
bram,bbht_grover_upgrade,LT,-16384,0,64,38,0xccb88b54,0x2cf00158,ckpt,HIT,15048,-24121,5,4,2,2487,24,31,15048,5,4,2,1,1,1,1,1,1,
bram,bbht_grover_upgrade,LT,-16384,0,64,39,0xb512e6a4,0x2b9e708c,normal,HIT,13442,-19364,14,22,22,12376,123,129,13442,14,22,22,1,1,1,1,1,1,
bram,bbht_grover_upgrade,LT,-16384,0,64,39,0xb512e6a4,0x2b9e708c,ckpt,HIT,13442,-19364,14,22,6,6840,68,73,13442,14,22,6,1,1,1,1,1,1,
bram,bbht_grover_upgrade,LT,-16384,0,64,40,0x7e2c3d82,0xa69fb195,normal,HIT,1951,-17282,15,28,28,14515,145,150,1951,15,28,28,1,1,1,1,1,1,
bram,bbht_grover_upgrade,LT,-16384,0,64,40,0x7e2c3d82,0xa69fb195,ckpt,HIT,1951,-17282,15,28,8,7795,77,83,1951,15,28,8,1,1,1,1,1,1,
bram,bbht_grover_upgrade,LT,-16384,0,64,41,0x58b3e5ad,0x23a21253,normal,HIT,6760,-27408,12,14,14,9287,92,99,6760,12,14,14,1,1,1,1,1,1,
bram,bbht_grover_upgrade,LT,-16384,0,64,41,0x58b3e5ad,0x23a21253,ckpt,HIT,6760,-27408,12,14,7,6229,62,67,6760,12,14,7,1,1,1,1,1,1,
bram,bbht_grover_upgrade,LT,-16384,0,64,42,0x9a07c40b,0x3ea78d8c,normal,HIT,7227,-22375,11,12,12,8262,82,88,7227,11,12,12,1,1,1,1,1,1,
bram,bbht_grover_upgrade,LT,-16384,0,64,42,0x9a07c40b,0x3ea78d8c,ckpt,HIT,7227,-22375,11,12,5,5264,52,58,7227,11,12,5,1,1,1,1,1,1,
bram,bbht_grover_upgrade,LT,-16384,0,64,43,0xf1f9a54b,0x7b00db61,normal,HIT,6760,-27408,12,22,22,11430,114,119,6760,12,22,22,1,1,1,1,1,1,
bram,bbht_grover_upgrade,LT,-16384,0,64,43,0xf1f9a54b,0x7b00db61,ckpt,HIT,6760,-27408,12,22,7,6194,61,67,6760,12,22,7,1,1,1,1,1,1,
bram,bbht_grover_upgrade,LT,-16384,0,64,44,0xfba6212d,0xb8b8356a,normal,HIT,4246,-31407,13,18,18,10795,107,113,4246,13,18,18,1,1,1,1,1,1,
bram,bbht_grover_upgrade,LT,-16384,0,64,44,0xfba6212d,0xb8b8356a,ckpt,HIT,4246,-31407,13,18,5,6002,60,66,4246,13,18,5,1,1,1,1,1,1,
bram,bbht_grover_upgrade,LT,-16384,0,64,45,0x1ca60615,0xd753b84a,normal,HIT,2843,-27723,17,50,50,21108,211,216,2843,17,50,50,1,1,1,1,1,1,
bram,bbht_grover_upgrade,LT,-16384,0,64,45,0x1ca60615,0xd753b84a,ckpt,HIT,2843,-27723,17,50,10,8627,86,90,2843,17,50,10,1,1,1,1,1,1,
bram,bbht_grover_upgrade,LT,-16384,0,64,46,0xa085c93e,0x19b8504d,normal,HIT,15570,-27224,12,21,21,11204,112,117,15570,12,21,21,1,1,1,1,1,1,
bram,bbht_grover_upgrade,LT,-16384,0,64,46,0xa085c93e,0x19b8504d,ckpt,HIT,15570,-27224,12,21,6,5965,59,65,15570,12,21,6,1,1,1,1,1,1,
bram,bbht_grover_upgrade,LT,-16384,0,64,47,0x18190603,0xad0438b2,normal,HIT,8016,-19922,15,30,30,14979,149,155,8016,15,30,30,1,1,1,1,1,1,
bram,bbht_grover_upgrade,LT,-16384,0,64,47,0x18190603,0xad0438b2,ckpt,HIT,8016,-19922,15,30,13,8847,88,94,8016,15,30,13,1,1,1,1,1,1,
bram,bbht_grover_upgrade,LT,-16384,0,64,48,0xc1143c78,0xbbdab3cd,normal,HIT,11228,-19551,11,7,7,7084,70,77,11228,11,7,7,1,1,1,1,1,1,
bram,bbht_grover_upgrade,LT,-16384,0,64,48,0xc1143c78,0xbbdab3cd,ckpt,HIT,11228,-19551,11,7,4,5145,51,56,11228,11,7,4,1,1,1,1,1,1,
bram,bbht_grover_upgrade,LT,-16384,0,64,49,0x332063fc,0x222ba57c,normal,HIT,14812,-20654,12,17,17,10116,101,107,14812,12,17,17,1,1,1,1,1,1,
bram,bbht_grover_upgrade,LT,-16384,0,64,49,0x332063fc,0x222ba57c,ckpt,HIT,14812,-20654,12,17,6,5935,59,63,14812,12,17,6,1,1,1,1,1,1,
bram,bbht_grover_upgrade,LT,-16384,0,64,50,0xd6f4066b,0xab9eb714,normal,HIT,3149,-30574,13,15,15,9972,99,105,3149,13,15,15,1,1,1,1,1,1,
bram,bbht_grover_upgrade,LT,-16384,0,64,50,0xd6f4066b,0xab9eb714,ckpt,HIT,3149,-30574,13,15,6,6201,62,68,3149,13,15,6,1,1,1,1,1,1,
bram,bbht_grover_upgrade,LT,-16384,0,64,51,0x64b9628c,0x9cd8b518,normal,HIT,15529,-19241,10,15,15,8569,85,90,15529,10,15,15,1,1,1,1,1,1,
bram,bbht_grover_upgrade,LT,-16384,0,64,51,0x64b9628c,0x9cd8b518,ckpt,HIT,15529,-19241,10,15,4,4636,46,51,15529,10,15,4,1,1,1,1,1,1,
bram,bbht_grover_upgrade,LT,-16384,0,64,52,0x894e6771,0x8a255c2e,normal,HIT,16156,-26932,16,43,43,18880,188,194,16156,16,43,43,1,1,1,1,1,1,
bram,bbht_grover_upgrade,LT,-16384,0,64,52,0x894e6771,0x8a255c2e,ckpt,HIT,16156,-26932,16,43,15,12573,125,130,16156,16,43,15,1,1,1,1,1,1,
bram,bbht_grover_upgrade,LT,-16384,0,64,53,0xe3e668e8,0xff1f20c3,normal,HIT,15570,-27224,13,21,21,11691,116,123,15570,13,21,21,1,1,1,1,1,1,
bram,bbht_grover_upgrade,LT,-16384,0,64,53,0xe3e668e8,0xff1f20c3,ckpt,HIT,15570,-27224,13,21,7,6593,65,70,15570,13,21,7,1,1,1,1,1,1,
bram,bbht_grover_upgrade,LT,-16384,0,64,54,0x36980406,0xfbdbfa61,normal,HIT,3486,-28677,11,22,22,10865,108,115,3486,11,22,22,1,1,1,1,1,1,
bram,bbht_grover_upgrade,LT,-16384,0,64,54,0x36980406,0xfbdbfa61,ckpt,HIT,3486,-28677,11,22,5,5218,52,57,3486,11,22,5,1,1,1,1,1,1,
bram,bbht_grover_upgrade,LT,-16384,0,64,55,0x114d2b4a,0xa617ad4e,normal,HIT,3149,-30574,6,5,5,4135,41,47,3149,6,5,5,1,1,1,1,1,1,
bram,bbht_grover_upgrade,LT,-16384,0,64,55,0x114d2b4a,0xa617ad4e,ckpt,HIT,3149,-30574,6,5,2,2816,28,34,3149,6,5,2,1,1,1,1,1,1,
bram,bbht_grover_upgrade,LT,-16384,0,64,56,0x3b8907e1,0x0c6cbd10,normal,HIT,8016,-19922,7,4,4,4291,42,48,8016,7,4,4,1,1,1,1,1,1,
bram,bbht_grover_upgrade,LT,-16384,0,64,56,0x3b8907e1,0x0c6cbd10,ckpt,HIT,8016,-19922,7,4,2,3111,31,36,8016,7,4,2,1,1,1,1,1,1,
bram,bbht_grover_upgrade,LT,-16384,0,64,57,0x2cd09c1d,0x964fb1a7,normal,HIT,4246,-31407,12,15,15,9577,95,100,4246,12,15,15,1,1,1,1,1,1,
bram,bbht_grover_upgrade,LT,-16384,0,64,57,0x2cd09c1d,0x964fb1a7,ckpt,HIT,4246,-31407,12,15,5,5661,56,62,4246,12,15,5,1,1,1,1,1,1,
bram,bbht_grover_upgrade,LT,-16384,0,64,58,0x6d7a8604,0xbd6f99c6,normal,HIT,6463,-19424,6,5,5,4147,41,46,6463,6,5,5,1,1,1,1,1,1,
bram,bbht_grover_upgrade,LT,-16384,0,64,58,0x6d7a8604,0xbd6f99c6,ckpt,HIT,6463,-19424,6,5,2,2829,28,34,6463,6,5,2,1,1,1,1,1,1,
bram,bbht_grover_upgrade,LT,-16384,0,64,59,0x1fadaf42,0x60010aa3,normal,HIT,14562,-27299,15,34,34,16116,161,166,14562,15,34,34,1,1,1,1,1,1,
bram,bbht_grover_upgrade,LT,-16384,0,64,59,0x1fadaf42,0x60010aa3,ckpt,HIT,14562,-27299,15,34,12,8661,86,92,14562,15,34,12,1,1,1,1,1,1,
bram,bbht_grover_upgrade,LT,-16384,0,64,60,0x92fe7cfd,0xb54e2773,normal,HIT,15048,-24121,10,15,15,8631,86,90,15048,10,15,15,1,1,1,1,1,1,
bram,bbht_grover_upgrade,LT,-16384,0,64,60,0x92fe7cfd,0xb54e2773,ckpt,HIT,15048,-24121,10,15,5,4963,49,55,15048,10,15,5,1,1,1,1,1,1,
bram,bbht_grover_upgrade,LT,-16384,0,64,61,0x1aecb060,0x9c545eba,normal,HIT,16156,-26932,12,21,21,11165,111,116,16156,12,21,21,1,1,1,1,1,1,
bram,bbht_grover_upgrade,LT,-16384,0,64,61,0x1aecb060,0x9c545eba,ckpt,HIT,16156,-26932,12,21,4,5394,53,59,16156,12,21,4,1,1,1,1,1,1,
bram,bbht_grover_upgrade,LT,-16384,0,64,62,0x91778cc3,0xbd1d1bc0,normal,HIT,14622,-28245,13,27,27,13216,132,136,14622,13,27,27,1,1,1,1,1,1,
bram,bbht_grover_upgrade,LT,-16384,0,64,62,0x91778cc3,0xbd1d1bc0,ckpt,HIT,14622,-28245,13,27,7,6529,65,70,14622,13,27,7,1,1,1,1,1,1,
bram,bbht_grover_upgrade,LT,-16384,0,64,63,0xe6b7e7eb,0xd542988e,normal,HIT,15273,-28381,13,24,24,12398,123,128,15273,13,24,24,1,1,1,1,1,1,
bram,bbht_grover_upgrade,LT,-16384,0,64,63,0xe6b7e7eb,0xd542988e,ckpt,HIT,15273,-28381,13,24,6,6239,62,68,15273,13,24,6,1,1,1,1,1,1,
bram,bbht_grover_upgrade,LT,-16384,0,64,64,0x6770144c,0xd2d3c6e7,normal,HIT,12822,-30595,16,32,32,15971,159,165,12822,16,32,32,1,1,1,1,1,1,
bram,bbht_grover_upgrade,LT,-16384,0,64,64,0x6770144c,0xd2d3c6e7,ckpt,HIT,12822,-30595,16,32,12,9245,92,97,12822,16,32,12,1,1,1,1,1,1,
bram,bbht_grover_upgrade,LT,-16384,0,64,65,0xc600a248,0x0a1e0844,normal,HIT,8671,-19865,16,39,39,17787,177,182,8671,16,39,39,1,1,1,1,1,1,
bram,bbht_grover_upgrade,LT,-16384,0,64,65,0xc600a248,0x0a1e0844,ckpt,HIT,8671,-19865,16,39,12,8878,88,94,8671,16,39,12,1,1,1,1,1,1,
bram,bbht_grover_upgrade,LT,-16384,0,64,66,0x1ea4f830,0x2ef0f28e,normal,HIT,2162,-20710,10,7,7,6532,65,70,2162,10,7,7,1,1,1,1,1,1,
bram,bbht_grover_upgrade,LT,-16384,0,64,66,0x1ea4f830,0x2ef0f28e,ckpt,HIT,2162,-20710,10,7,5,4983,49,55,2162,10,7,5,1,1,1,1,1,1,
bram,bbht_grover_upgrade,LT,-16384,0,64,67,0x639604f3,0x7fe04f83,normal,HIT,12888,-24207,13,19,19,11102,111,116,12888,13,19,19,1,1,1,1,1,1,
bram,bbht_grover_upgrade,LT,-16384,0,64,67,0x639604f3,0x7fe04f83,ckpt,HIT,12888,-24207,13,19,5,6135,61,67,12888,13,19,5,1,1,1,1,1,1,
bram,bbht_grover_upgrade,LT,-16384,0,64,68,0x6e084a84,0xb643b17e,normal,HIT,12822,-30595,2,0,0,948,9,15,12822,2,0,0,1,1,1,1,1,1,
bram,bbht_grover_upgrade,LT,-16384,0,64,68,0x6e084a84,0xb643b17e,ckpt,HIT,12822,-30595,2,0,0,917,9,15,12822,2,0,0,1,1,1,1,1,1,
bram,bbht_grover_upgrade,LT,-16384,0,64,69,0x3d7fc476,0x467d7a44,normal,HIT,6463,-19424,17,36,36,17442,174,179,6463,17,36,36,1,1,1,1,1,1,
bram,bbht_grover_upgrade,LT,-16384,0,64,69,0x3d7fc476,0x467d7a44,ckpt,HIT,6463,-19424,17,36,12,9333,93,99,6463,17,36,12,1,1,1,1,1,1,
bram,bbht_grover_upgrade,LT,-16384,0,64,70,0xedca3875,0xefade11e,normal,HIT,1951,-17282,14,28,28,13962,139,144,1951,14,28,28,1,1,1,1,1,1,
bram,bbht_grover_upgrade,LT,-16384,0,64,70,0xedca3875,0xefade11e,ckpt,HIT,1951,-17282,14,28,6,6814,68,74,1951,14,28,6,1,1,1,1,1,1,
bram,bbht_grover_upgrade,LT,-16384,0,64,71,0xb883121d,0x095c678c,normal,HIT,6760,-27408,6,3,3,3579,35,41,6760,6,3,3,1,1,1,1,1,1,
bram,bbht_grover_upgrade,LT,-16384,0,64,71,0xb883121d,0x095c678c,ckpt,HIT,6760,-27408,6,3,2,2789,27,33,6760,6,3,2,1,1,1,1,1,1,
bram,bbht_grover_upgrade,LT,-16384,0,64,72,0xace22797,0xbc422a9a,normal,HIT,2687,-24767,9,10,10,6860,68,74,2687,9,10,10,1,1,1,1,1,1,
bram,bbht_grover_upgrade,LT,-16384,0,64,72,0xace22797,0xbc422a9a,ckpt,HIT,2687,-24767,9,10,4,4376,43,48,2687,9,10,4,1,1,1,1,1,1,
bram,bbht_grover_upgrade,LT,-16384,0,64,73,0xefd3172d,0x8c2c3233,normal,HIT,11308,-20891,3,1,1,1631,16,22,11308,3,1,1,1,1,1,1,1,1,
bram,bbht_grover_upgrade,LT,-16384,0,64,73,0xefd3172d,0x8c2c3233,ckpt,HIT,11308,-20891,3,1,1,1476,14,20,11308,3,1,1,1,1,1,1,1,1,
bram,bbht_grover_upgrade,LT,-16384,0,64,74,0xe6aacdb5,0x7f1c158a,normal,HIT,2843,-27723,14,26,26,13367,133,138,2843,14,26,26,1,1,1,1,1,1,
bram,bbht_grover_upgrade,LT,-16384,0,64,74,0xe6aacdb5,0x7f1c158a,ckpt,HIT,2843,-27723,14,26,6,9654,96,101,2843,14,26,6,1,1,1,1,1,1,
bram,bbht_grover_upgrade,LT,-16384,0,64,75,0x6566c598,0xca804b00,normal,HIT,1089,-17865,13,25,25,12671,126,132,1089,13,25,25,1,1,1,1,1,1,
bram,bbht_grover_upgrade,LT,-16384,0,64,75,0x6566c598,0xca804b00,ckpt,HIT,1089,-17865,13,25,5,5983,59,66,1089,13,25,5,1,1,1,1,1,1,
bram,bbht_grover_upgrade,LT,-16384,0,64,76,0x4e646d9d,0xcbae5ac0,normal,HIT,14236,-17629,9,10,10,6821,68,73,14236,9,10,10,1,1,1,1,1,1,
bram,bbht_grover_upgrade,LT,-16384,0,64,76,0x4e646d9d,0xcbae5ac0,ckpt,HIT,14236,-17629,9,10,4,4337,43,48,14236,9,10,4,1,1,1,1,1,1,
bram,bbht_grover_upgrade,LT,-16384,0,64,77,0x05d81d6f,0x260c4013,normal,HIT,14499,-28296,15,31,31,15074,150,156,14499,15,31,31,1,1,1,1,1,1,
bram,bbht_grover_upgrade,LT,-16384,0,64,77,0x05d81d6f,0x260c4013,ckpt,HIT,14499,-28296,15,31,9,7610,76,81,14499,15,31,9,1,1,1,1,1,1,
bram,bbht_grover_upgrade,LT,-16384,0,64,78,0x2018f6a3,0x5728c7f4,normal,HIT,5518,-25251,6,5,5,4153,41,47,5518,6,5,5,1,1,1,1,1,1,
bram,bbht_grover_upgrade,LT,-16384,0,64,78,0x2018f6a3,0x5728c7f4,ckpt,HIT,5518,-25251,6,5,2,2832,28,34,5518,6,5,2,1,1,1,1,1,1,
bram,bbht_grover_upgrade,LT,-16384,0,64,79,0x718ebf0c,0x4d7d460c,normal,HIT,9407,-25706,3,1,1,1688,16,21,9407,3,1,1,1,1,1,1,1,1,
bram,bbht_grover_upgrade,LT,-16384,0,64,79,0x718ebf0c,0x4d7d460c,ckpt,HIT,9407,-25706,3,1,1,1535,15,20,9407,3,1,1,1,1,1,1,1,1,
bram,bbht_grover_upgrade,LT,-16384,0,64,80,0x042a8f17,0x2093b3f4,normal,HIT,11830,-32530,14,26,26,13447,134,140,11830,14,26,26,1,1,1,1,1,1,
bram,bbht_grover_upgrade,LT,-16384,0,64,80,0x042a8f17,0x2093b3f4,ckpt,HIT,11830,-32530,14,26,8,7169,71,76,11830,14,26,8,1,1,1,1,1,1,
bram,bbht_grover_upgrade,LT,-16384,0,64,81,0xfc1c775d,0x35bd20f1,normal,HIT,8016,-19922,7,6,6,4910,49,54,8016,7,6,6,1,1,1,1,1,1,
bram,bbht_grover_upgrade,LT,-16384,0,64,81,0xfc1c775d,0x35bd20f1,ckpt,HIT,8016,-19922,7,6,2,3202,32,37,8016,7,6,2,1,1,1,1,1,1,
bram,bbht_grover_upgrade,LT,-16384,0,64,82,0x16b93b63,0x7d609ba5,normal,HIT,1173,-24863,8,6,6,5391,53,60,1173,8,6,6,1,1,1,1,1,1,
bram,bbht_grover_upgrade,LT,-16384,0,64,82,0x16b93b63,0x7d609ba5,ckpt,HIT,1173,-24863,8,6,1,3290,32,39,1173,8,6,1,1,1,1,1,1,1,
bram,bbht_grover_upgrade,LT,-16384,0,64,83,0x8ce1028e,0xb152e7ef,normal,HIT,13442,-19364,8,7,7,5608,56,61,13442,8,7,7,1,1,1,1,1,1,
bram,bbht_grover_upgrade,LT,-16384,0,64,83,0x8ce1028e,0xb152e7ef,ckpt,HIT,13442,-19364,8,7,3,3777,37,43,13442,8,7,3,1,1,1,1,1,1,
bram,bbht_grover_upgrade,LT,-16384,0,64,84,0x87bad980,0x7dbefa97,normal,HIT,11994,-25266,10,14,14,8454,84,89,11994,10,14,14,1,1,1,1,1,1,
bram,bbht_grover_upgrade,LT,-16384,0,64,84,0x87bad980,0x7dbefa97,ckpt,HIT,11994,-25266,10,14,4,4808,48,53,11994,10,14,4,1,1,1,1,1,1,
bram,bbht_grover_upgrade,LT,-16384,0,64,85,0xd63d86f3,0xf5399cca,normal,HIT,15570,-27224,12,21,21,11133,111,116,15570,12,21,21,1,1,1,1,1,1,
bram,bbht_grover_upgrade,LT,-16384,0,64,85,0xd63d86f3,0xf5399cca,ckpt,HIT,15570,-27224,12,21,7,6277,62,67,15570,12,21,7,1,1,1,1,1,1,
bram,bbht_grover_upgrade,LT,-16384,0,64,86,0xeeaba102,0x01560fc0,normal,HIT,3149,-30574,10,10,10,7350,73,78,3149,10,10,10,1,1,1,1,1,1,
bram,bbht_grover_upgrade,LT,-16384,0,64,86,0xeeaba102,0x01560fc0,ckpt,HIT,3149,-30574,10,10,4,4934,49,54,3149,10,10,4,1,1,1,1,1,1,
bram,bbht_grover_upgrade,LT,-16384,0,64,87,0xc1fee4bb,0xc7e12d58,normal,HIT,3372,-16463,11,10,10,7826,78,83,3372,11,10,10,1,1,1,1,1,1,
bram,bbht_grover_upgrade,LT,-16384,0,64,87,0xc1fee4bb,0xc7e12d58,ckpt,HIT,3372,-16463,11,10,2,4560,45,52,3372,11,10,2,1,1,1,1,1,1,
bram,bbht_grover_upgrade,LT,-16384,0,64,88,0x0707c9da,0xf644a3f9,normal,HIT,3372,-16463,11,14,14,8843,88,94,3372,11,14,14,1,1,1,1,1,1,
bram,bbht_grover_upgrade,LT,-16384,0,64,88,0x0707c9da,0xf644a3f9,ckpt,HIT,3372,-16463,11,14,4,5050,50,56,3372,11,14,4,1,1,1,1,1,1,
bram,bbht_grover_upgrade,LT,-16384,0,64,89,0xde0d9c30,0x58a2ee8f,normal,HIT,11575,-17397,14,27,27,13704,137,141,11575,14,27,27,1,1,1,1,1,1,
bram,bbht_grover_upgrade,LT,-16384,0,64,89,0xde0d9c30,0x58a2ee8f,ckpt,HIT,11575,-17397,14,27,8,7164,71,77,11575,14,27,8,1,1,1,1,1,1,
bram,bbht_grover_upgrade,LT,-16384,0,64,90,0x7cd0efc7,0x9f385cfb,normal,HIT,16156,-26932,13,12,12,9364,93,98,16156,13,12,12,1,1,1,1,1,1,
bram,bbht_grover_upgrade,LT,-16384,0,64,90,0x7cd0efc7,0x9f385cfb,ckpt,HIT,16156,-26932,13,12,6,6382,63,69,16156,13,12,6,1,1,1,1,1,1,
bram,bbht_grover_upgrade,LT,-16384,0,64,91,0xe4cb50a6,0x94d13729,normal,HIT,2828,-17484,15,24,24,13455,134,139,2828,15,24,24,1,1,1,1,1,1,
bram,bbht_grover_upgrade,LT,-16384,0,64,91,0xe4cb50a6,0x94d13729,ckpt,HIT,2828,-17484,15,24,8,7697,76,81,2828,15,24,8,1,1,1,1,1,1,
bram,bbht_grover_upgrade,LT,-16384,0,64,92,0xa0882219,0x18f75d24,normal,HIT,6760,-27408,11,13,13,8597,85,91,6760,11,13,13,1,1,1,1,1,1,
bram,bbht_grover_upgrade,LT,-16384,0,64,92,0xa0882219,0x18f75d24,ckpt,HIT,6760,-27408,11,13,6,5602,56,61,6760,11,13,6,1,1,1,1,1,1,
bram,bbht_grover_upgrade,LT,-16384,0,64,93,0xc435e6f2,0xf75a52bc,normal,HIT,13360,-28930,9,11,11,7108,71,76,13360,9,11,11,1,1,1,1,1,1,
bram,bbht_grover_upgrade,LT,-16384,0,64,93,0xc435e6f2,0xf75a52bc,ckpt,HIT,13360,-28930,9,11,3,4093,40,47,13360,9,11,3,1,1,1,1,1,1,
bram,bbht_grover_upgrade,LT,-16384,0,64,94,0x011b63f0,0x0aa34346,normal,HIT,1173,-24863,13,21,21,11604,116,120,1173,13,21,21,1,1,1,1,1,1,
bram,bbht_grover_upgrade,LT,-16384,0,64,94,0x011b63f0,0x0aa34346,ckpt,HIT,1173,-24863,13,21,7,6575,65,70,1173,13,21,7,1,1,1,1,1,1,
bram,bbht_grover_upgrade,LT,-16384,0,64,95,0x1b456e77,0xee460f94,normal,HIT,10396,-31067,17,47,47,20482,204,210,10396,17,47,47,1,1,1,1,1,1,
bram,bbht_grover_upgrade,LT,-16384,0,64,95,0x1b456e77,0xee460f94,ckpt,HIT,10396,-31067,17,47,18,14511,145,151,10396,17,47,18,1,1,1,1,1,1,
bram,bbht_grover_upgrade,LT,-16384,0,64,96,0x10088608,0xef418331,normal,HIT,1951,-17282,15,26,26,13828,138,143,1951,15,26,26,1,1,1,1,1,1,
bram,bbht_grover_upgrade,LT,-16384,0,64,96,0x10088608,0xef418331,ckpt,HIT,1951,-17282,15,26,6,6894,68,73,1951,15,26,6,1,1,1,1,1,1,
bram,bbht_grover_upgrade,LT,-16384,0,64,97,0x6fcfc352,0xf8fa9f4c,normal,HIT,438,-30743,15,19,19,12073,120,126,438,15,19,19,1,1,1,1,1,1,
bram,bbht_grover_upgrade,LT,-16384,0,64,97,0x6fcfc352,0xf8fa9f4c,ckpt,HIT,438,-30743,15,19,6,7410,74,80,438,15,19,6,1,1,1,1,1,1,
bram,bbht_grover_upgrade,LT,-16384,0,64,98,0xfb6077af,0x713595a9,normal,HIT,2162,-20710,12,17,17,10107,101,107,2162,12,17,17,1,1,1,1,1,1,
bram,bbht_grover_upgrade,LT,-16384,0,64,98,0xfb6077af,0x713595a9,ckpt,HIT,2162,-20710,12,17,7,6194,61,67,2162,12,17,7,1,1,1,1,1,1,
bram,bbht_grover_upgrade,LT,-16384,0,64,99,0xc6ebb72e,0x08fdf109,normal,HIT,10117,-21896,10,12,12,7829,78,83,10117,10,12,12,1,1,1,1,1,1,
bram,bbht_grover_upgrade,LT,-16384,0,64,99,0xc6ebb72e,0x08fdf109,ckpt,HIT,10117,-21896,10,12,3,4430,44,49,10117,10,12,3,1,1,1,1,1,1,
bram,bbht_grover_upgrade,LT,-16384,0,256,0,0x7b1dcdaf,0x24370df2,normal,HIT,2969,-25443,6,4,4,3871,38,43,2969,6,4,4,1,1,1,1,1,1,
bram,bbht_grover_upgrade,LT,-16384,0,256,0,0x7b1dcdaf,0x24370df2,ckpt,HIT,2969,-25443,6,4,2,2816,28,34,2969,6,4,2,1,1,1,1,1,1,
bram,bbht_grover_upgrade,LT,-16384,0,256,1,0x3a85a4dc,0xa3b9aa35,normal,HIT,2036,-24289,10,5,5,6009,60,65,2036,10,5,5,1,1,1,1,1,1,
bram,bbht_grover_upgrade,LT,-16384,0,256,1,0x3a85a4dc,0xa3b9aa35,ckpt,HIT,2036,-24289,10,5,2,4193,41,47,2036,10,5,2,1,1,1,1,1,1,
bram,bbht_grover_upgrade,LT,-16384,0,256,2,0x6162a8b2,0x871c276f,normal,HIT,2969,-25443,8,4,4,4776,47,53,2969,8,4,4,1,1,1,1,1,1,
bram,bbht_grover_upgrade,LT,-16384,0,256,2,0x6162a8b2,0x871c276f,ckpt,HIT,2969,-25443,8,4,2,3475,34,40,2969,8,4,2,1,1,1,1,1,1,
bram,bbht_grover_upgrade,LT,-16384,0,256,3,0xc3adc34e,0xf5b8f22b,normal,HIT,16257,-25143,9,8,8,6335,63,69,16257,9,8,8,1,1,1,1,1,1,
bram,bbht_grover_upgrade,LT,-16384,0,256,3,0xc3adc34e,0xf5b8f22b,ckpt,HIT,16257,-25143,9,8,4,4381,43,48,16257,9,8,4,1,1,1,1,1,1,
bram,bbht_grover_upgrade,LT,-16384,0,256,4,0x2bb073ff,0x3f8396e3,normal,HIT,4806,-18062,8,4,4,4826,48,52,4806,8,4,4,1,1,1,1,1,1,
bram,bbht_grover_upgrade,LT,-16384,0,256,4,0x2bb073ff,0x3f8396e3,ckpt,HIT,4806,-18062,8,4,2,3522,35,41,4806,8,4,2,1,1,1,1,1,1,
bram,bbht_grover_upgrade,LT,-16384,0,256,5,0xda585ab3,0xa7197ad7,normal,HIT,13028,-23887,3,1,1,1692,16,21,13028,3,1,1,1,1,1,1,1,1,
bram,bbht_grover_upgrade,LT,-16384,0,256,5,0xda585ab3,0xa7197ad7,ckpt,HIT,13028,-23887,3,1,1,1539,15,22,13028,3,1,1,1,1,1,1,1,1,
bram,bbht_grover_upgrade,LT,-16384,0,256,6,0x0ed109c0,0x5701ce52,normal,HIT,4303,-27643,5,3,3,3093,30,36,4303,5,3,3,1,1,1,1,1,1,
bram,bbht_grover_upgrade,LT,-16384,0,256,6,0x0ed109c0,0x5701ce52,ckpt,HIT,4303,-27643,5,3,2,2429,24,29,4303,5,3,2,1,1,1,1,1,1,
bram,bbht_grover_upgrade,LT,-16384,0,256,7,0x102ecf73,0x53c7612b,normal,HIT,75,-16955,7,5,5,4535,45,49,75,7,5,5,1,1,1,1,1,1,
bram,bbht_grover_upgrade,LT,-16384,0,256,7,0x102ecf73,0x53c7612b,ckpt,HIT,75,-16955,7,5,2,3090,30,36,75,7,5,2,1,1,1,1,1,1,
bram,bbht_grover_upgrade,LT,-16384,0,256,8,0xcf29b6a1,0x35231a84,normal,HIT,12888,-24207,9,4,4,5372,53,59,12888,9,4,4,1,1,1,1,1,1,
bram,bbht_grover_upgrade,LT,-16384,0,256,8,0xcf29b6a1,0x35231a84,ckpt,HIT,12888,-24207,9,4,2,3944,39,44,12888,9,4,2,1,1,1,1,1,1,
bram,bbht_grover_upgrade,LT,-16384,0,256,9,0xc49cbb42,0xd0a3bbb8,normal,HIT,15465,-21388,7,3,3,4057,40,45,15465,7,3,3,1,1,1,1,1,1,
bram,bbht_grover_upgrade,LT,-16384,0,256,9,0xc49cbb42,0xd0a3bbb8,ckpt,HIT,15465,-21388,7,3,2,3142,31,37,15465,7,3,2,1,1,1,1,1,1,
bram,bbht_grover_upgrade,LT,-16384,0,256,10,0x4cc51d23,0xee0e3ab4,normal,HIT,5232,-25821,7,6,6,4836,48,53,5232,7,6,6,1,1,1,1,1,1,
bram,bbht_grover_upgrade,LT,-16384,0,256,10,0x4cc51d23,0xee0e3ab4,ckpt,HIT,5232,-25821,7,6,2,3128,31,37,5232,7,6,2,1,1,1,1,1,1,
bram,bbht_grover_upgrade,LT,-16384,0,256,11,0xf9e8aa7a,0x3208c31a,normal,HIT,9837,-23102,4,2,2,2330,23,29,9837,4,2,2,1,1,1,1,1,1,
bram,bbht_grover_upgrade,LT,-16384,0,256,11,0xf9e8aa7a,0x3208c31a,ckpt,HIT,9837,-23102,4,2,1,1785,17,23,9837,4,2,1,1,1,1,1,1,1,
bram,bbht_grover_upgrade,LT,-16384,0,256,12,0xdda8b051,0xc8105c9d,normal,HIT,2572,-23848,2,1,1,1205,12,16,2572,2,1,1,1,1,1,1,1,1,
bram,bbht_grover_upgrade,LT,-16384,0,256,12,0xdda8b051,0xc8105c9d,ckpt,HIT,2572,-23848,2,1,1,1175,11,17,2572,2,1,1,1,1,1,1,1,1,
bram,bbht_grover_upgrade,LT,-16384,0,256,13,0xabfb11bf,0xf5dec75e,normal,HIT,13764,-17666,8,8,8,5893,58,64,13764,8,8,8,1,1,1,1,1,1,
bram,bbht_grover_upgrade,LT,-16384,0,256,13,0xabfb11bf,0xf5dec75e,ckpt,HIT,13764,-17666,8,8,2,3530,35,40,13764,8,8,2,1,1,1,1,1,1,
bram,bbht_grover_upgrade,LT,-16384,0,256,14,0x20639811,0x6b6a7c47,normal,HIT,2343,-32692,6,7,7,4662,46,51,2343,6,7,7,1,1,1,1,1,1,
bram,bbht_grover_upgrade,LT,-16384,0,256,14,0x20639811,0x6b6a7c47,ckpt,HIT,2343,-32692,6,7,2,2811,28,34,2343,6,7,2,1,1,1,1,1,1,
bram,bbht_grover_upgrade,LT,-16384,0,256,15,0xac72acd2,0xca84bc6c,normal,HIT,8016,-19922,10,7,7,6476,64,70,8016,10,7,7,1,1,1,1,1,1,
bram,bbht_grover_upgrade,LT,-16384,0,256,15,0xac72acd2,0xca84bc6c,ckpt,HIT,8016,-19922,10,7,4,4661,46,51,8016,10,7,4,1,1,1,1,1,1,
bram,bbht_grover_upgrade,LT,-16384,0,256,16,0x49a2da79,0xe1376725,normal,HIT,13887,-19044,7,6,6,4825,48,53,13887,7,6,6,1,1,1,1,1,1,
bram,bbht_grover_upgrade,LT,-16384,0,256,16,0x49a2da79,0xe1376725,ckpt,HIT,13887,-19044,7,6,2,3117,31,35,13887,7,6,2,1,1,1,1,1,1,
bram,bbht_grover_upgrade,LT,-16384,0,256,17,0x63a4e9d7,0x6166dba4,normal,HIT,9334,-25762,6,5,5,4118,41,46,9334,6,5,5,1,1,1,1,1,1,
bram,bbht_grover_upgrade,LT,-16384,0,256,17,0x63a4e9d7,0x6166dba4,ckpt,HIT,9334,-25762,6,5,2,2802,28,32,9334,6,5,2,1,1,1,1,1,1,
bram,bbht_grover_upgrade,LT,-16384,0,256,18,0x8983f102,0x43fb6183,normal,HIT,14662,-22014,9,8,8,6318,63,69,14662,9,8,8,1,1,1,1,1,1,
bram,bbht_grover_upgrade,LT,-16384,0,256,18,0x8983f102,0x43fb6183,ckpt,HIT,14662,-22014,9,8,4,4362,43,48,14662,9,8,4,1,1,1,1,1,1,
bram,bbht_grover_upgrade,LT,-16384,0,256,19,0xb671aa78,0xc97ad8a2,normal,HIT,4230,-27491,10,10,10,7306,73,78,4230,10,10,10,1,1,1,1,1,1,
bram,bbht_grover_upgrade,LT,-16384,0,256,19,0xb671aa78,0xc97ad8a2,ckpt,HIT,4230,-27491,10,10,3,4431,44,49,4230,10,10,3,1,1,1,1,1,1,
bram,bbht_grover_upgrade,LT,-16384,0,256,20,0xdaeb566a,0x989e5b3d,normal,HIT,13764,-17666,2,1,1,1192,11,17,13764,2,1,1,1,1,1,1,1,1,
bram,bbht_grover_upgrade,LT,-16384,0,256,20,0xdaeb566a,0x989e5b3d,ckpt,HIT,13764,-17666,2,1,1,1161,11,16,13764,2,1,1,1,1,1,1,1,1,
bram,bbht_grover_upgrade,LT,-16384,0,256,21,0xf6181c00,0xa345ac4b,normal,HIT,2971,-20420,9,4,4,5319,53,57,2971,9,4,4,1,1,1,1,1,1,
bram,bbht_grover_upgrade,LT,-16384,0,256,21,0xf6181c00,0xa345ac4b,ckpt,HIT,2971,-20420,9,4,4,4427,44,49,2971,9,4,4,1,1,1,1,1,1,
bram,bbht_grover_upgrade,LT,-16384,0,256,22,0x4e18d852,0xa08980df,normal,HIT,3486,-28677,2,1,1,1223,12,18,3486,2,1,1,1,1,1,1,1,1,
bram,bbht_grover_upgrade,LT,-16384,0,256,22,0x4e18d852,0xa08980df,ckpt,HIT,3486,-28677,2,1,1,1194,11,16,3486,2,1,1,1,1,1,1,1,1,
bram,bbht_grover_upgrade,LT,-16384,0,256,23,0xa035ceba,0x611de4c4,normal,HIT,15952,-30688,3,2,2,1955,19,25,15952,3,2,2,1,1,1,1,1,1,
bram,bbht_grover_upgrade,LT,-16384,0,256,23,0xa035ceba,0x611de4c4,ckpt,HIT,15952,-30688,3,2,1,1536,15,20,15952,3,2,1,1,1,1,1,1,1,
bram,bbht_grover_upgrade,LT,-16384,0,256,24,0xc2416ee4,0x7323f479,normal,HIT,16334,-29822,4,3,3,2699,26,32,16334,4,3,3,1,1,1,1,1,1,
bram,bbht_grover_upgrade,LT,-16384,0,256,24,0xc2416ee4,0x7323f479,ckpt,HIT,16334,-29822,4,3,1,1890,18,25,16334,4,3,1,1,1,1,1,1,1,
bram,bbht_grover_upgrade,LT,-16384,0,256,25,0xfbdafbdd,0xa0c0cf2f,normal,HIT,13309,-26568,8,4,4,4789,47,53,13309,8,4,4,1,1,1,1,1,1,
bram,bbht_grover_upgrade,LT,-16384,0,256,25,0xfbdafbdd,0xa0c0cf2f,ckpt,HIT,13309,-26568,8,4,2,3487,34,40,13309,8,4,2,1,1,1,1,1,1,
bram,bbht_grover_upgrade,LT,-16384,0,256,26,0xa43fbf47,0x8de97b10,normal,HIT,996,-23070,8,4,4,4718,47,53,996,8,4,4,1,1,1,1,1,1,
bram,bbht_grover_upgrade,LT,-16384,0,256,26,0xa43fbf47,0x8de97b10,ckpt,HIT,996,-23070,8,4,2,6693,66,72,996,8,4,2,1,1,1,1,1,1,
bram,bbht_grover_upgrade,LT,-16384,0,256,27,0x6811f7c1,0xcb07044a,normal,HIT,16219,-29789,7,6,6,4916,49,54,16219,7,6,6,1,1,1,1,1,1,
bram,bbht_grover_upgrade,LT,-16384,0,256,27,0x6811f7c1,0xcb07044a,ckpt,HIT,16219,-29789,7,6,2,3207,32,37,16219,7,6,2,1,1,1,1,1,1,
bram,bbht_grover_upgrade,LT,-16384,0,256,28,0x610dde2c,0x8cf5deb9,normal,HIT,11306,-29918,10,14,14,8360,83,89,11306,10,14,14,1,1,1,1,1,1,
bram,bbht_grover_upgrade,LT,-16384,0,256,28,0x610dde2c,0x8cf5deb9,ckpt,HIT,11306,-29918,10,14,5,4963,49,55,11306,10,14,5,1,1,1,1,1,1,
bram,bbht_grover_upgrade,LT,-16384,0,256,29,0x82241b87,0xbbe27f39,normal,HIT,1719,-28833,3,1,1,1642,16,21,1719,3,1,1,1,1,1,1,1,1,
bram,bbht_grover_upgrade,LT,-16384,0,256,29,0x82241b87,0xbbe27f39,ckpt,HIT,1719,-28833,3,1,1,1486,14,20,1719,3,1,1,1,1,1,1,1,1,
bram,bbht_grover_upgrade,LT,-16384,0,256,30,0x48647490,0xea9551eb,normal,HIT,5216,-32302,9,7,7,6005,60,65,5216,9,7,7,1,1,1,1,1,1,
bram,bbht_grover_upgrade,LT,-16384,0,256,30,0x48647490,0xea9551eb,ckpt,HIT,5216,-32302,9,7,3,4049,40,45,5216,9,7,3,1,1,1,1,1,1,
bram,bbht_grover_upgrade,LT,-16384,0,256,31,0x63df3b7f,0xa8b057e1,normal,HIT,11708,-22830,5,2,2,2839,28,33,11708,5,2,2,1,1,1,1,1,1,
bram,bbht_grover_upgrade,LT,-16384,0,256,31,0x63df3b7f,0xa8b057e1,ckpt,HIT,11708,-22830,5,2,1,2170,21,26,11708,5,2,1,1,1,1,1,1,1,
bram,bbht_grover_upgrade,LT,-16384,0,256,32,0x433125bb,0x3221fef0,normal,HIT,12127,-28042,8,6,6,5334,53,59,12127,8,6,6,1,1,1,1,1,1,
bram,bbht_grover_upgrade,LT,-16384,0,256,32,0x433125bb,0x3221fef0,ckpt,HIT,12127,-28042,8,6,2,3502,35,41,12127,8,6,2,1,1,1,1,1,1,
bram,bbht_grover_upgrade,LT,-16384,0,256,33,0x7943be40,0x6641ee79,normal,HIT,6904,-18884,7,5,5,4540,45,50,6904,7,5,5,1,1,1,1,1,1,
bram,bbht_grover_upgrade,LT,-16384,0,256,33,0x7943be40,0x6641ee79,ckpt,HIT,6904,-18884,7,5,2,3095,30,36,6904,7,5,2,1,1,1,1,1,1,
bram,bbht_grover_upgrade,LT,-16384,0,256,34,0x26c93252,0x675d2908,normal,HIT,329,-25772,5,3,3,3082,30,35,329,5,3,3,1,1,1,1,1,1,
bram,bbht_grover_upgrade,LT,-16384,0,256,34,0x26c93252,0x675d2908,ckpt,HIT,329,-25772,5,3,2,2418,24,29,329,5,3,2,1,1,1,1,1,1,
bram,bbht_grover_upgrade,LT,-16384,0,256,35,0xdbe3ed49,0xa7cfea56,normal,HIT,10388,-25852,6,6,6,4364,43,48,10388,6,6,6,1,1,1,1,1,1,
bram,bbht_grover_upgrade,LT,-16384,0,256,35,0xdbe3ed49,0xa7cfea56,ckpt,HIT,10388,-25852,6,6,2,2780,27,32,10388,6,6,2,1,1,1,1,1,1,
bram,bbht_grover_upgrade,LT,-16384,0,256,36,0xc2ec9bb4,0xbfc0ae9e,normal,HIT,16314,-29269,6,3,3,3653,36,42,16314,6,3,3,1,1,1,1,1,1,
bram,bbht_grover_upgrade,LT,-16384,0,256,36,0xc2ec9bb4,0xbfc0ae9e,ckpt,HIT,16314,-29269,6,3,2,2862,28,34,16314,6,3,2,1,1,1,1,1,1,
bram,bbht_grover_upgrade,LT,-16384,0,256,37,0xe7ec8559,0x307064ac,normal,HIT,8050,-21247,6,5,5,4112,41,46,8050,6,5,5,1,1,1,1,1,1,
bram,bbht_grover_upgrade,LT,-16384,0,256,37,0xe7ec8559,0x307064ac,ckpt,HIT,8050,-21247,6,5,2,2791,27,32,8050,6,5,2,1,1,1,1,1,1,
bram,bbht_grover_upgrade,LT,-16384,0,256,38,0xccb88b54,0x2cf00158,normal,HIT,2162,-20710,7,7,7,5142,51,56,2162,7,7,7,1,1,1,1,1,1,
bram,bbht_grover_upgrade,LT,-16384,0,256,38,0xccb88b54,0x2cf00158,ckpt,HIT,2162,-20710,7,7,2,3169,31,37,2162,7,7,2,1,1,1,1,1,1,
bram,bbht_grover_upgrade,LT,-16384,0,256,39,0xb512e6a4,0x2b9e708c,normal,HIT,187,-22178,10,10,10,7356,73,78,187,10,10,10,1,1,1,1,1,1,
bram,bbht_grover_upgrade,LT,-16384,0,256,39,0xb512e6a4,0x2b9e708c,ckpt,HIT,187,-22178,10,10,3,4481,44,49,187,10,10,3,1,1,1,1,1,1,
bram,bbht_grover_upgrade,LT,-16384,0,256,40,0x7e2c3d82,0xa69fb195,normal,HIT,12399,-20869,6,5,5,4121,41,46,12399,6,5,5,1,1,1,1,1,1,
bram,bbht_grover_upgrade,LT,-16384,0,256,40,0x7e2c3d82,0xa69fb195,ckpt,HIT,12399,-20869,6,5,2,2800,28,33,12399,6,5,2,1,1,1,1,1,1,
bram,bbht_grover_upgrade,LT,-16384,0,256,41,0x58b3e5ad,0x23a21253,normal,HIT,7611,-26746,5,4,4,3390,33,39,7611,5,4,4,1,1,1,1,1,1,
bram,bbht_grover_upgrade,LT,-16384,0,256,41,0x58b3e5ad,0x23a21253,ckpt,HIT,7611,-26746,5,4,2,2458,24,29,7611,5,4,2,1,1,1,1,1,1,
bram,bbht_grover_upgrade,LT,-16384,0,256,42,0x9a07c40b,0x3ea78d8c,normal,HIT,6463,-19424,6,2,2,3289,32,39,6463,6,2,2,1,1,1,1,1,1,
bram,bbht_grover_upgrade,LT,-16384,0,256,42,0x9a07c40b,0x3ea78d8c,ckpt,HIT,6463,-19424,6,2,1,2497,24,30,6463,6,2,1,1,1,1,1,1,1,
bram,bbht_grover_upgrade,LT,-16384,0,256,43,0xf1f9a54b,0x7b00db61,normal,HIT,11130,-31706,8,6,6,5337,53,59,11130,8,6,6,1,1,1,1,1,1,
bram,bbht_grover_upgrade,LT,-16384,0,256,43,0xf1f9a54b,0x7b00db61,ckpt,HIT,11130,-31706,8,6,3,3771,37,43,11130,8,6,3,1,1,1,1,1,1,
bram,bbht_grover_upgrade,LT,-16384,0,256,44,0xfba6212d,0xb8b8356a,normal,HIT,14784,-16651,7,2,2,3800,38,44,14784,7,2,2,1,1,1,1,1,1,
bram,bbht_grover_upgrade,LT,-16384,0,256,44,0xfba6212d,0xb8b8356a,ckpt,HIT,14784,-16651,7,2,1,2884,28,34,14784,7,2,1,1,1,1,1,1,1,
bram,bbht_grover_upgrade,LT,-16384,0,256,45,0x1ca60615,0xd753b84a,normal,HIT,9350,-23396,6,4,4,3788,37,43,9350,6,4,4,1,1,1,1,1,1,
bram,bbht_grover_upgrade,LT,-16384,0,256,45,0x1ca60615,0xd753b84a,ckpt,HIT,9350,-23396,6,4,2,2733,27,32,9350,6,4,2,1,1,1,1,1,1,
bram,bbht_grover_upgrade,LT,-16384,0,256,46,0xa085c93e,0x19b8504d,normal,HIT,14589,-23621,11,15,15,9135,91,98,14589,11,15,15,1,1,1,1,1,1,
bram,bbht_grover_upgrade,LT,-16384,0,256,46,0xa085c93e,0x19b8504d,ckpt,HIT,14589,-23621,11,15,5,5343,53,59,14589,11,15,5,1,1,1,1,1,1,
bram,bbht_grover_upgrade,LT,-16384,0,256,47,0x18190603,0xad0438b2,normal,HIT,12974,-31246,8,3,3,4566,45,51,12974,8,3,3,1,1,1,1,1,1,
bram,bbht_grover_upgrade,LT,-16384,0,256,47,0x18190603,0xad0438b2,ckpt,HIT,12974,-31246,8,3,2,3530,35,40,12974,8,3,2,1,1,1,1,1,1,
bram,bbht_grover_upgrade,LT,-16384,0,256,48,0xc1143c78,0xbbdab3cd,normal,HIT,6252,-19608,5,1,1,2613,26,31,6252,5,1,1,1,1,1,1,1,1,
bram,bbht_grover_upgrade,LT,-16384,0,256,48,0xc1143c78,0xbbdab3cd,ckpt,HIT,6252,-19608,5,1,1,2209,22,27,6252,5,1,1,1,1,1,1,1,1,
bram,bbht_grover_upgrade,LT,-16384,0,256,49,0x332063fc,0x222ba57c,normal,HIT,13185,-27169,5,2,2,2826,28,33,13185,5,2,2,1,1,1,1,1,1,
bram,bbht_grover_upgrade,LT,-16384,0,256,49,0x332063fc,0x222ba57c,ckpt,HIT,13185,-27169,5,2,1,2157,21,26,13185,5,2,1,1,1,1,1,1,1,
bram,bbht_grover_upgrade,LT,-16384,0,256,50,0xd6f4066b,0xab9eb714,normal,HIT,3074,-20707,13,15,15,9917,99,105,3074,13,15,15,1,1,1,1,1,1,
bram,bbht_grover_upgrade,LT,-16384,0,256,50,0xd6f4066b,0xab9eb714,ckpt,HIT,3074,-20707,13,15,6,6146,61,67,3074,13,15,6,1,1,1,1,1,1,
bram,bbht_grover_upgrade,LT,-16384,0,256,51,0x64b9628c,0x9cd8b518,normal,HIT,5216,-32302,1,0,0,438,4,10,5216,1,0,0,1,1,1,1,1,1,
bram,bbht_grover_upgrade,LT,-16384,0,256,51,0x64b9628c,0x9cd8b518,ckpt,HIT,5216,-32302,1,0,0,528,5,10,5216,1,0,0,1,1,1,1,1,1,
bram,bbht_grover_upgrade,LT,-16384,0,256,52,0x894e6771,0x8a255c2e,normal,HIT,16206,-23632,12,12,12,8787,87,92,16206,12,12,12,1,1,1,1,1,1,
bram,bbht_grover_upgrade,LT,-16384,0,256,52,0x894e6771,0x8a255c2e,ckpt,HIT,16206,-23632,12,12,3,5135,51,56,16206,12,12,3,1,1,1,1,1,1,
bram,bbht_grover_upgrade,LT,-16384,0,256,53,0xe3e668e8,0xff1f20c3,normal,HIT,4806,-18062,10,11,11,7579,75,81,4806,10,11,11,1,1,1,1,1,1,
bram,bbht_grover_upgrade,LT,-16384,0,256,53,0xe3e668e8,0xff1f20c3,ckpt,HIT,4806,-18062,10,11,4,4706,47,53,4806,10,11,4,1,1,1,1,1,1,
bram,bbht_grover_upgrade,LT,-16384,0,256,54,0x36980406,0xfbdbfa61,normal,HIT,14499,-28296,9,13,13,7602,76,81,14499,9,13,13,1,1,1,1,1,1,
bram,bbht_grover_upgrade,LT,-16384,0,256,54,0x36980406,0xfbdbfa61,ckpt,HIT,14499,-28296,9,13,4,4321,43,48,14499,9,13,4,1,1,1,1,1,1,
bram,bbht_grover_upgrade,LT,-16384,0,256,55,0x114d2b4a,0xa617ad4e,normal,HIT,3149,-30574,6,5,5,4135,41,47,3149,6,5,5,1,1,1,1,1,1,
bram,bbht_grover_upgrade,LT,-16384,0,256,55,0x114d2b4a,0xa617ad4e,ckpt,HIT,3149,-30574,6,5,2,2816,28,34,3149,6,5,2,1,1,1,1,1,1,
bram,bbht_grover_upgrade,LT,-16384,0,256,56,0x3b8907e1,0x0c6cbd10,normal,HIT,12399,-20869,4,2,2,2379,23,29,12399,4,2,2,1,1,1,1,1,1,
bram,bbht_grover_upgrade,LT,-16384,0,256,56,0x3b8907e1,0x0c6cbd10,ckpt,HIT,12399,-20869,4,2,1,1834,18,23,12399,4,2,1,1,1,1,1,1,1,
bram,bbht_grover_upgrade,LT,-16384,0,256,57,0x2cd09c1d,0x964fb1a7,normal,HIT,10559,-18023,11,10,10,7815,78,83,10559,11,10,10,1,1,1,1,1,1,
bram,bbht_grover_upgrade,LT,-16384,0,256,57,0x2cd09c1d,0x964fb1a7,ckpt,HIT,10559,-18023,11,10,5,8383,83,90,10559,11,10,5,1,1,1,1,1,1,
bram,bbht_grover_upgrade,LT,-16384,0,256,58,0x6d7a8604,0xbd6f99c6,normal,HIT,3605,-26225,10,11,11,7573,75,82,3605,10,11,11,1,1,1,1,1,1,
bram,bbht_grover_upgrade,LT,-16384,0,256,58,0x6d7a8604,0xbd6f99c6,ckpt,HIT,3605,-26225,10,11,4,4701,47,53,3605,10,11,4,1,1,1,1,1,1,
bram,bbht_grover_upgrade,LT,-16384,0,256,59,0x1fadaf42,0x60010aa3,normal,HIT,1951,-17282,8,7,7,5678,56,62,1951,8,7,7,1,1,1,1,1,1,
bram,bbht_grover_upgrade,LT,-16384,0,256,59,0x1fadaf42,0x60010aa3,ckpt,HIT,1951,-17282,8,7,2,3579,35,40,1951,8,7,2,1,1,1,1,1,1,
bram,bbht_grover_upgrade,LT,-16384,0,256,60,0x92fe7cfd,0xb54e2773,normal,HIT,5902,-24886,7,5,5,4638,46,52,5902,7,5,5,1,1,1,1,1,1,
bram,bbht_grover_upgrade,LT,-16384,0,256,60,0x92fe7cfd,0xb54e2773,ckpt,HIT,5902,-24886,7,5,2,3193,31,37,5902,7,5,2,1,1,1,1,1,1,
bram,bbht_grover_upgrade,LT,-16384,0,256,61,0x1aecb060,0x9c545eba,normal,HIT,6708,-32503,8,9,9,6158,61,67,6708,8,9,9,1,1,1,1,1,1,
bram,bbht_grover_upgrade,LT,-16384,0,256,61,0x1aecb060,0x9c545eba,ckpt,HIT,6708,-32503,8,9,3,3796,37,44,6708,8,9,3,1,1,1,1,1,1,
bram,bbht_grover_upgrade,LT,-16384,0,256,62,0x91778cc3,0xbd1d1bc0,normal,HIT,6014,-16471,10,13,13,8120,81,86,6014,10,13,13,1,1,1,1,1,1,
bram,bbht_grover_upgrade,LT,-16384,0,256,62,0x91778cc3,0xbd1d1bc0,ckpt,HIT,6014,-16471,10,13,5,4983,49,55,6014,10,13,5,1,1,1,1,1,1,
bram,bbht_grover_upgrade,LT,-16384,0,256,63,0xe6b7e7eb,0xd542988e,normal,HIT,5518,-25251,5,3,3,3098,30,36,5518,5,3,3,1,1,1,1,1,1,
bram,bbht_grover_upgrade,LT,-16384,0,256,63,0xe6b7e7eb,0xd542988e,ckpt,HIT,5518,-25251,5,3,2,2432,24,30,5518,5,3,2,1,1,1,1,1,1,
bram,bbht_grover_upgrade,LT,-16384,0,256,64,0x6770144c,0xd2d3c6e7,normal,HIT,2343,-32692,10,10,10,7357,73,78,2343,10,10,10,1,1,1,1,1,1,
bram,bbht_grover_upgrade,LT,-16384,0,256,64,0x6770144c,0xd2d3c6e7,ckpt,HIT,2343,-32692,10,10,4,4749,47,53,2343,10,10,4,1,1,1,1,1,1,
bram,bbht_grover_upgrade,LT,-16384,0,256,65,0xc600a248,0x0a1e0844,normal,HIT,4230,-27491,3,1,1,1617,16,21,4230,3,1,1,1,1,1,1,1,1,
bram,bbht_grover_upgrade,LT,-16384,0,256,65,0xc600a248,0x0a1e0844,ckpt,HIT,4230,-27491,3,1,1,1463,14,20,4230,3,1,1,1,1,1,1,1,1,
bram,bbht_grover_upgrade,LT,-16384,0,256,66,0x1ea4f830,0x2ef0f28e,normal,HIT,11977,-25277,3,1,1,1681,16,21,11977,3,1,1,1,1,1,1,1,1,
bram,bbht_grover_upgrade,LT,-16384,0,256,66,0x1ea4f830,0x2ef0f28e,ckpt,HIT,11977,-25277,3,1,1,1526,15,20,11977,3,1,1,1,1,1,1,1,1,
bram,bbht_grover_upgrade,LT,-16384,0,256,67,0x639604f3,0x7fe04f83,normal,HIT,1277,-26421,11,15,15,9114,91,95,1277,11,15,15,1,1,1,1,1,1,
bram,bbht_grover_upgrade,LT,-16384,0,256,67,0x639604f3,0x7fe04f83,ckpt,HIT,1277,-26421,11,15,5,5324,53,57,1277,11,15,5,1,1,1,1,1,1,
bram,bbht_grover_upgrade,LT,-16384,0,256,68,0x6e084a84,0xb643b17e,normal,HIT,12822,-30595,2,0,0,948,9,15,12822,2,0,0,1,1,1,1,1,1,
bram,bbht_grover_upgrade,LT,-16384,0,256,68,0x6e084a84,0xb643b17e,ckpt,HIT,12822,-30595,2,0,0,917,9,15,12822,2,0,0,1,1,1,1,1,1,
bram,bbht_grover_upgrade,LT,-16384,0,256,69,0x3d7fc476,0x467d7a44,normal,HIT,1344,-26656,8,6,6,5320,53,58,1344,8,6,6,1,1,1,1,1,1,
bram,bbht_grover_upgrade,LT,-16384,0,256,69,0x3d7fc476,0x467d7a44,ckpt,HIT,1344,-26656,8,6,3,3753,37,44,1344,8,6,3,1,1,1,1,1,1,
bram,bbht_grover_upgrade,LT,-16384,0,256,70,0xedca3875,0xefade11e,normal,HIT,2971,-20420,2,1,1,1209,12,16,2971,2,1,1,1,1,1,1,1,1,
bram,bbht_grover_upgrade,LT,-16384,0,256,70,0xedca3875,0xefade11e,ckpt,HIT,2971,-20420,2,1,1,1179,11,16,2971,2,1,1,1,1,1,1,1,1,
bram,bbht_grover_upgrade,LT,-16384,0,256,71,0xb883121d,0x095c678c,normal,HIT,15725,-31609,11,10,10,7803,78,83,15725,11,10,10,1,1,1,1,1,1,
bram,bbht_grover_upgrade,LT,-16384,0,256,71,0xb883121d,0x095c678c,ckpt,HIT,15725,-31609,11,10,3,4805,48,52,15725,11,10,3,1,1,1,1,1,1,
bram,bbht_grover_upgrade,LT,-16384,0,256,72,0xace22797,0xbc422a9a,normal,HIT,2658,-18659,9,10,10,6842,68,73,2658,9,10,10,1,1,1,1,1,1,
bram,bbht_grover_upgrade,LT,-16384,0,256,72,0xace22797,0xbc422a9a,ckpt,HIT,2658,-18659,9,10,4,4358,43,49,2658,9,10,4,1,1,1,1,1,1,
bram,bbht_grover_upgrade,LT,-16384,0,256,73,0xefd3172d,0x8c2c3233,normal,HIT,13185,-27169,5,4,4,3389,33,39,13185,5,4,4,1,1,1,1,1,1,
bram,bbht_grover_upgrade,LT,-16384,0,256,73,0xefd3172d,0x8c2c3233,ckpt,HIT,13185,-27169,5,4,2,2458,24,29,13185,5,4,2,1,1,1,1,1,1,
bram,bbht_grover_upgrade,LT,-16384,0,256,74,0xe6aacdb5,0x7f1c158a,normal,HIT,11575,-17397,3,1,1,1658,16,22,11575,3,1,1,1,1,1,1,1,1,
bram,bbht_grover_upgrade,LT,-16384,0,256,74,0xe6aacdb5,0x7f1c158a,ckpt,HIT,11575,-17397,3,1,1,1504,15,19,11575,3,1,1,1,1,1,1,1,1,
bram,bbht_grover_upgrade,LT,-16384,0,256,75,0x6566c598,0xca804b00,normal,HIT,6463,-19424,4,3,3,2629,26,31,6463,4,3,3,1,1,1,1,1,1,
bram,bbht_grover_upgrade,LT,-16384,0,256,75,0x6566c598,0xca804b00,ckpt,HIT,6463,-19424,4,3,1,1821,18,23,6463,4,3,1,1,1,1,1,1,1,
bram,bbht_grover_upgrade,LT,-16384,0,256,76,0x4e646d9d,0xcbae5ac0,normal,HIT,14236,-17629,9,10,10,6812,68,73,14236,9,10,10,1,1,1,1,1,1,
bram,bbht_grover_upgrade,LT,-16384,0,256,76,0x4e646d9d,0xcbae5ac0,ckpt,HIT,14236,-17629,9,10,4,4328,43,48,14236,9,10,4,1,1,1,1,1,1,
bram,bbht_grover_upgrade,LT,-16384,0,256,77,0x05d81d6f,0x260c4013,normal,HIT,6252,-19608,4,1,1,2039,20,26,6252,4,1,1,1,1,1,1,1,1,
bram,bbht_grover_upgrade,LT,-16384,0,256,77,0x05d81d6f,0x260c4013,ckpt,HIT,6252,-19608,4,1,1,1761,17,23,6252,4,1,1,1,1,1,1,1,1,
bram,bbht_grover_upgrade,LT,-16384,0,256,78,0x2018f6a3,0x5728c7f4,normal,HIT,7640,-30933,7,7,7,5133,51,56,7640,7,7,7,1,1,1,1,1,1,
bram,bbht_grover_upgrade,LT,-16384,0,256,78,0x2018f6a3,0x5728c7f4,ckpt,HIT,7640,-30933,7,7,2,3158,31,37,7640,7,7,2,1,1,1,1,1,1,
bram,bbht_grover_upgrade,LT,-16384,0,256,79,0x718ebf0c,0x4d7d460c,normal,HIT,9407,-25706,3,1,1,1643,16,21,9407,3,1,1,1,1,1,1,1,1,
bram,bbht_grover_upgrade,LT,-16384,0,256,79,0x718ebf0c,0x4d7d460c,ckpt,HIT,9407,-25706,3,1,1,1490,14,19,9407,3,1,1,1,1,1,1,1,1,
bram,bbht_grover_upgrade,LT,-16384,0,256,80,0x042a8f17,0x2093b3f4,normal,HIT,9078,-27959,8,4,4,4846,48,53,9078,8,4,4,1,1,1,1,1,1,
bram,bbht_grover_upgrade,LT,-16384,0,256,80,0x042a8f17,0x2093b3f4,ckpt,HIT,9078,-27959,8,4,2,3542,35,40,9078,8,4,2,1,1,1,1,1,1,
bram,bbht_grover_upgrade,LT,-16384,0,256,81,0xfc1c775d,0x35bd20f1,normal,HIT,8050,-21247,4,2,2,2431,24,29,8050,4,2,2,1,1,1,1,1,1,
bram,bbht_grover_upgrade,LT,-16384,0,256,81,0xfc1c775d,0x35bd20f1,ckpt,HIT,8050,-21247,4,2,1,1888,18,25,8050,4,2,1,1,1,1,1,1,1,
bram,bbht_grover_upgrade,LT,-16384,0,256,82,0x16b93b63,0x7d609ba5,normal,HIT,15049,-32471,3,1,1,1705,17,23,15049,3,1,1,1,1,1,1,1,1,
bram,bbht_grover_upgrade,LT,-16384,0,256,82,0x16b93b63,0x7d609ba5,ckpt,HIT,15049,-32471,3,1,1,1549,15,22,15049,3,1,1,1,1,1,1,1,1,
bram,bbht_grover_upgrade,LT,-16384,0,256,83,0x8ce1028e,0xb152e7ef,normal,HIT,13544,-19201,6,4,4,3871,38,43,13544,6,4,4,1,1,1,1,1,1,
bram,bbht_grover_upgrade,LT,-16384,0,256,83,0x8ce1028e,0xb152e7ef,ckpt,HIT,13544,-19201,6,4,1,2549,25,31,13544,6,4,1,1,1,1,1,1,1,
bram,bbht_grover_upgrade,LT,-16384,0,256,84,0x87bad980,0x7dbefa97,normal,HIT,14794,-24299,7,6,6,4906,49,55,14794,7,6,6,1,1,1,1,1,1,
bram,bbht_grover_upgrade,LT,-16384,0,256,84,0x87bad980,0x7dbefa97,ckpt,HIT,14794,-24299,7,6,2,3196,31,37,14794,7,6,2,1,1,1,1,1,1,
bram,bbht_grover_upgrade,LT,-16384,0,256,85,0xd63d86f3,0xf5399cca,normal,HIT,7964,-27918,8,7,7,5612,56,61,7964,8,7,7,1,1,1,1,1,1,
bram,bbht_grover_upgrade,LT,-16384,0,256,85,0xd63d86f3,0xf5399cca,ckpt,HIT,7964,-27918,8,7,2,3518,35,40,7964,8,7,2,1,1,1,1,1,1,
bram,bbht_grover_upgrade,LT,-16384,0,256,86,0xeeaba102,0x01560fc0,normal,HIT,3124,-18325,10,10,10,7358,73,78,3124,10,10,10,1,1,1,1,1,1,
bram,bbht_grover_upgrade,LT,-16384,0,256,86,0xeeaba102,0x01560fc0,ckpt,HIT,3124,-18325,10,10,4,4942,49,55,3124,10,10,4,1,1,1,1,1,1,
bram,bbht_grover_upgrade,LT,-16384,0,256,87,0xc1fee4bb,0xc7e12d58,normal,HIT,13074,-16790,7,7,7,5151,51,56,13074,7,7,7,1,1,1,1,1,1,
bram,bbht_grover_upgrade,LT,-16384,0,256,87,0xc1fee4bb,0xc7e12d58,ckpt,HIT,13074,-16790,7,7,2,3176,31,37,13074,7,7,2,1,1,1,1,1,1,
bram,bbht_grover_upgrade,LT,-16384,0,256,88,0x0707c9da,0xf644a3f9,normal,HIT,7964,-27918,4,1,1,2157,21,26,7964,4,1,1,1,1,1,1,1,1,
bram,bbht_grover_upgrade,LT,-16384,0,256,88,0x0707c9da,0xf644a3f9,ckpt,HIT,7964,-27918,4,1,1,1878,18,24,7964,4,1,1,1,1,1,1,1,1,
bram,bbht_grover_upgrade,LT,-16384,0,256,89,0xde0d9c30,0x58a2ee8f,normal,HIT,14979,-30644,7,6,6,4911,49,54,14979,7,6,6,1,1,1,1,1,1,
bram,bbht_grover_upgrade,LT,-16384,0,256,89,0xde0d9c30,0x58a2ee8f,ckpt,HIT,14979,-30644,7,6,2,3202,32,37,14979,7,6,2,1,1,1,1,1,1,
bram,bbht_grover_upgrade,LT,-16384,0,256,90,0x7cd0efc7,0x9f385cfb,normal,HIT,12205,-22159,3,1,1,1688,16,21,12205,3,1,1,1,1,1,1,1,1,
bram,bbht_grover_upgrade,LT,-16384,0,256,90,0x7cd0efc7,0x9f385cfb,ckpt,HIT,12205,-22159,3,1,1,1532,15,20,12205,3,1,1,1,1,1,1,1,1,
bram,bbht_grover_upgrade,LT,-16384,0,256,91,0xe4cb50a6,0x94d13729,normal,HIT,10100,-21223,4,1,1,2156,21,26,10100,4,1,1,1,1,1,1,1,1,
bram,bbht_grover_upgrade,LT,-16384,0,256,91,0xe4cb50a6,0x94d13729,ckpt,HIT,10100,-21223,4,1,1,1877,18,24,10100,4,1,1,1,1,1,1,1,1,
bram,bbht_grover_upgrade,LT,-16384,0,256,92,0xa0882219,0x18f75d24,normal,HIT,2971,-20420,11,13,13,8580,85,90,2971,11,13,13,1,1,1,1,1,1,
bram,bbht_grover_upgrade,LT,-16384,0,256,92,0xa0882219,0x18f75d24,ckpt,HIT,2971,-20420,11,13,6,8472,84,89,2971,11,13,6,1,1,1,1,1,1,
bram,bbht_grover_upgrade,LT,-16384,0,256,93,0xc435e6f2,0xf75a52bc,normal,HIT,14349,-16530,8,8,8,5804,58,62,14349,8,8,8,1,1,1,1,1,1,
bram,bbht_grover_upgrade,LT,-16384,0,256,93,0xc435e6f2,0xf75a52bc,ckpt,HIT,14349,-16530,8,8,3,3708,37,42,14349,8,8,3,1,1,1,1,1,1,
bram,bbht_grover_upgrade,LT,-16384,0,256,94,0x011b63f0,0x0aa34346,normal,HIT,6004,-28307,6,2,2,3312,33,38,6004,6,2,2,1,1,1,1,1,1,
bram,bbht_grover_upgrade,LT,-16384,0,256,94,0x011b63f0,0x0aa34346,ckpt,HIT,6004,-28307,6,2,1,2519,25,31,6004,6,2,1,1,1,1,1,1,1,
bram,bbht_grover_upgrade,LT,-16384,0,256,95,0x1b456e77,0xee460f94,normal,HIT,4806,-18062,10,12,12,7838,78,83,4806,10,12,12,1,1,1,1,1,1,
bram,bbht_grover_upgrade,LT,-16384,0,256,95,0x1b456e77,0xee460f94,ckpt,HIT,4806,-18062,10,12,5,4968,49,55,4806,10,12,5,1,1,1,1,1,1,
bram,bbht_grover_upgrade,LT,-16384,0,256,96,0x10088608,0xef418331,normal,HIT,2767,-19886,10,12,12,7792,77,83,2767,10,12,12,1,1,1,1,1,1,
bram,bbht_grover_upgrade,LT,-16384,0,256,96,0x10088608,0xef418331,ckpt,HIT,2767,-19886,10,12,4,4654,46,51,2767,10,12,4,1,1,1,1,1,1,
bram,bbht_grover_upgrade,LT,-16384,0,256,97,0x6fcfc352,0xf8fa9f4c,normal,HIT,2969,-25443,7,5,5,4616,46,51,2969,7,5,5,1,1,1,1,1,1,
bram,bbht_grover_upgrade,LT,-16384,0,256,97,0x6fcfc352,0xf8fa9f4c,ckpt,HIT,2969,-25443,7,5,2,3171,31,37,2969,7,5,2,1,1,1,1,1,1,
bram,bbht_grover_upgrade,LT,-16384,0,256,98,0xfb6077af,0x713595a9,normal,HIT,7640,-30933,8,5,5,5073,50,56,7640,8,5,5,1,1,1,1,1,1,
bram,bbht_grover_upgrade,LT,-16384,0,256,98,0xfb6077af,0x713595a9,ckpt,HIT,7640,-30933,8,5,2,3505,35,40,7640,8,5,2,1,1,1,1,1,1,
bram,bbht_grover_upgrade,LT,-16384,0,256,99,0xc6ebb72e,0x08fdf109,normal,HIT,10209,-30215,10,12,12,7863,78,84,10209,10,12,12,1,1,1,1,1,1,
bram,bbht_grover_upgrade,LT,-16384,0,256,99,0xc6ebb72e,0x08fdf109,ckpt,HIT,10209,-30215,10,12,3,4464,44,49,10209,10,12,3,1,1,1,1,1,1,
bram,bbht_grover_upgrade,GT,16383,0,1,0,0x7b1dcdaf,0x24370df2,normal,HIT,12148,26989,21,119,119,41375,413,420,12148,21,119,119,1,1,1,1,1,1,
bram,bbht_grover_upgrade,GT,16383,0,1,0,0x7b1dcdaf,0x24370df2,ckpt,HIT,12148,26989,21,119,38,17695,176,182,12148,21,119,38,1,1,1,1,1,1,
bram,bbht_grover_upgrade,GT,16383,0,1,1,0x3a85a4dc,0xa3b9aa35,normal,HIT,12148,26989,25,259,259,80260,802,808,12148,25,259,259,1,1,1,1,1,1,
bram,bbht_grover_upgrade,GT,16383,0,1,1,0x3a85a4dc,0xa3b9aa35,ckpt,HIT,12148,26989,25,259,87,31972,319,324,12148,25,259,87,1,1,1,1,1,1,
bram,bbht_grover_upgrade,GT,16383,0,1,2,0x6162a8b2,0x871c276f,normal,HIT,12148,26989,17,56,56,22784,227,233,12148,17,56,56,1,1,1,1,1,1,
bram,bbht_grover_upgrade,GT,16383,0,1,2,0x6162a8b2,0x871c276f,ckpt,HIT,12148,26989,17,56,16,10309,103,108,12148,17,56,16,1,1,1,1,1,1,
bram,bbht_grover_upgrade,GT,16383,0,1,3,0xc3adc34e,0xf5b8f22b,normal,HIT,12148,26989,28,307,307,94449,944,950,12148,28,307,307,1,1,1,1,1,1,
bram,bbht_grover_upgrade,GT,16383,0,1,3,0xc3adc34e,0xf5b8f22b,ckpt,HIT,12148,26989,28,307,68,28321,283,288,12148,28,307,68,1,1,1,1,1,1,
bram,bbht_grover_upgrade,GT,16383,0,1,4,0x2bb073ff,0x3f8396e3,normal,HIT,12148,26989,23,182,182,58978,589,595,12148,23,182,182,1,1,1,1,1,1,
bram,bbht_grover_upgrade,GT,16383,0,1,4,0x2bb073ff,0x3f8396e3,ckpt,HIT,12148,26989,23,182,39,19018,190,195,12148,23,182,39,1,1,1,1,1,1,
bram,bbht_grover_upgrade,GT,16383,0,1,5,0xda585ab3,0xa7197ad7,normal,HIT,12148,26989,27,221,221,71270,712,718,12148,27,221,221,1,1,1,1,1,1,
bram,bbht_grover_upgrade,GT,16383,0,1,5,0xda585ab3,0xa7197ad7,ckpt,HIT,12148,26989,27,221,68,28139,281,287,12148,27,221,68,1,1,1,1,1,1,
bram,bbht_grover_upgrade,GT,16383,0,1,6,0x0ed109c0,0x5701ce52,normal,HIT,12148,26989,24,207,207,66077,660,666,12148,24,207,207,1,1,1,1,1,1,
bram,bbht_grover_upgrade,GT,16383,0,1,6,0x0ed109c0,0x5701ce52,ckpt,HIT,12148,26989,24,207,58,24517,245,251,12148,24,207,58,1,1,1,1,1,1,
bram,bbht_grover_upgrade,GT,16383,0,1,7,0x102ecf73,0x53c7612b,normal,HIT,12148,26989,22,128,128,44210,442,448,12148,22,128,128,1,1,1,1,1,1,
bram,bbht_grover_upgrade,GT,16383,0,1,7,0x102ecf73,0x53c7612b,ckpt,HIT,12148,26989,22,128,36,20719,207,213,12148,22,128,36,1,1,1,1,1,1,
bram,bbht_grover_upgrade,GT,16383,0,1,8,0xcf29b6a1,0x35231a84,normal,HIT,12148,26989,25,183,183,60273,602,608,12148,25,183,183,1,1,1,1,1,1,
bram,bbht_grover_upgrade,GT,16383,0,1,8,0xcf29b6a1,0x35231a84,ckpt,HIT,12148,26989,25,183,54,23558,235,241,12148,25,183,54,1,1,1,1,1,1,
bram,bbht_grover_upgrade,GT,16383,0,1,9,0xc49cbb42,0xd0a3bbb8,normal,HIT,12148,26989,25,189,189,61770,617,623,12148,25,189,189,1,1,1,1,1,1,
bram,bbht_grover_upgrade,GT,16383,0,1,9,0xc49cbb42,0xd0a3bbb8,ckpt,HIT,12148,26989,25,189,68,27135,271,277,12148,25,189,68,1,1,1,1,1,1,
bram,bbht_grover_upgrade,GT,16383,0,1,10,0x4cc51d23,0xee0e3ab4,normal,HIT,12148,26989,28,357,357,107700,1077,1081,12148,28,357,357,1,1,1,1,1,1,
bram,bbht_grover_upgrade,GT,16383,0,1,10,0x4cc51d23,0xee0e3ab4,ckpt,HIT,12148,26989,28,357,122,42464,424,430,12148,28,357,122,1,1,1,1,1,1,
bram,bbht_grover_upgrade,GT,16383,0,1,11,0xf9e8aa7a,0x3208c31a,normal,HIT,12148,26989,29,407,407,121358,1213,1218,12148,29,407,407,1,1,1,1,1,1,
bram,bbht_grover_upgrade,GT,16383,0,1,11,0xf9e8aa7a,0x3208c31a,ckpt,HIT,12148,26989,29,407,146,49386,493,498,12148,29,407,146,1,1,1,1,1,1,
bram,bbht_grover_upgrade,GT,16383,0,1,12,0xdda8b051,0xc8105c9d,normal,HIT,12148,26989,22,142,142,47903,479,485,12148,22,142,142,1,1,1,1,1,1,
bram,bbht_grover_upgrade,GT,16383,0,1,12,0xdda8b051,0xc8105c9d,ckpt,HIT,12148,26989,22,142,36,17530,175,181,12148,22,142,36,1,1,1,1,1,1,
bram,bbht_grover_upgrade,GT,16383,0,1,13,0xabfb11bf,0xf5dec75e,normal,HIT,12148,26989,23,179,179,58253,582,587,12148,23,179,179,1,1,1,1,1,1,
bram,bbht_grover_upgrade,GT,16383,0,1,13,0xabfb11bf,0xf5dec75e,ckpt,HIT,12148,26989,23,179,55,23018,230,234,12148,23,179,55,1,1,1,1,1,1,
bram,bbht_grover_upgrade,GT,16383,0,1,14,0x20639811,0x6b6a7c47,normal,HIT,12148,26989,20,99,99,35660,356,361,12148,20,99,99,1,1,1,1,1,1,
bram,bbht_grover_upgrade,GT,16383,0,1,14,0x20639811,0x6b6a7c47,ckpt,HIT,12148,26989,20,99,31,15635,156,162,12148,20,99,31,1,1,1,1,1,1,
bram,bbht_grover_upgrade,GT,16383,0,1,15,0xac72acd2,0xca84bc6c,normal,HIT,12148,26989,24,156,156,52616,526,532,12148,24,156,156,1,1,1,1,1,1,
bram,bbht_grover_upgrade,GT,16383,0,1,15,0xac72acd2,0xca84bc6c,ckpt,HIT,12148,26989,24,156,67,27084,270,276,12148,24,156,67,1,1,1,1,1,1,
bram,bbht_grover_upgrade,GT,16383,0,1,16,0x49a2da79,0xe1376725,normal,HIT,12148,26989,16,57,57,22610,226,232,12148,16,57,57,1,1,1,1,1,1,
bram,bbht_grover_upgrade,GT,16383,0,1,16,0x49a2da79,0xe1376725,ckpt,HIT,12148,26989,16,57,11,8715,87,92,12148,16,57,11,1,1,1,1,1,1,
bram,bbht_grover_upgrade,GT,16383,0,1,17,0x63a4e9d7,0x6166dba4,normal,HIT,12148,26989,17,51,51,21528,215,220,12148,17,51,51,1,1,1,1,1,1,
bram,bbht_grover_upgrade,GT,16383,0,1,17,0x63a4e9d7,0x6166dba4,ckpt,HIT,12148,26989,17,51,15,10236,102,108,12148,17,51,15,1,1,1,1,1,1,
bram,bbht_grover_upgrade,GT,16383,0,1,18,0x8983f102,0x43fb6183,normal,HIT,12148,26989,21,101,101,36654,366,372,12148,21,101,101,1,1,1,1,1,1,
bram,bbht_grover_upgrade,GT,16383,0,1,18,0x8983f102,0x43fb6183,ckpt,HIT,12148,26989,21,101,28,15030,150,155,12148,21,101,28,1,1,1,1,1,1,
bram,bbht_grover_upgrade,GT,16383,0,1,19,0xb671aa78,0xc97ad8a2,normal,HIT,12148,26989,26,235,235,74435,744,749,12148,26,235,235,1,1,1,1,1,1,
bram,bbht_grover_upgrade,GT,16383,0,1,19,0xb671aa78,0xc97ad8a2,ckpt,HIT,12148,26989,26,235,82,31176,311,317,12148,26,235,82,1,1,1,1,1,1,
bram,bbht_grover_upgrade,GT,16383,0,1,20,0xdaeb566a,0x989e5b3d,normal,HIT,12148,26989,17,58,58,23293,232,238,12148,17,58,58,1,1,1,1,1,1,
bram,bbht_grover_upgrade,GT,16383,0,1,20,0xdaeb566a,0x989e5b3d,ckpt,HIT,12148,26989,17,58,13,9566,95,100,12148,17,58,13,1,1,1,1,1,1,
bram,bbht_grover_upgrade,GT,16383,0,1,21,0xf6181c00,0xa345ac4b,normal,HIT,12148,26989,13,18,18,10910,109,114,12148,13,18,18,1,1,1,1,1,1,
bram,bbht_grover_upgrade,GT,16383,0,1,21,0xf6181c00,0xa345ac4b,ckpt,HIT,12148,26989,13,18,6,6346,63,68,12148,13,18,6,1,1,1,1,1,1,
bram,bbht_grover_upgrade,GT,16383,0,1,22,0x4e18d852,0xa08980df,normal,HIT,12148,26989,24,178,178,58389,583,589,12148,24,178,178,1,1,1,1,1,1,
bram,bbht_grover_upgrade,GT,16383,0,1,22,0x4e18d852,0xa08980df,ckpt,HIT,12148,26989,24,178,50,22222,222,226,12148,24,178,50,1,1,1,1,1,1,
bram,bbht_grover_upgrade,GT,16383,0,1,23,0xa035ceba,0x611de4c4,normal,HIT,12148,26989,25,245,245,76766,767,774,12148,25,245,245,1,1,1,1,1,1,
bram,bbht_grover_upgrade,GT,16383,0,1,23,0xa035ceba,0x611de4c4,ckpt,HIT,12148,26989,25,245,63,25945,259,264,12148,25,245,63,1,1,1,1,1,1,
bram,bbht_grover_upgrade,GT,16383,0,1,24,0xc2416ee4,0x7323f479,normal,HIT,12148,26989,22,182,182,58407,584,589,12148,22,182,182,1,1,1,1,1,1,
bram,bbht_grover_upgrade,GT,16383,0,1,24,0xc2416ee4,0x7323f479,ckpt,HIT,12148,26989,22,182,40,18439,184,189,12148,22,182,40,1,1,1,1,1,1,
bram,bbht_grover_upgrade,GT,16383,0,1,25,0xfbdafbdd,0xa0c0cf2f,normal,HIT,12148,26989,25,210,210,67279,672,679,12148,25,210,210,1,1,1,1,1,1,
bram,bbht_grover_upgrade,GT,16383,0,1,25,0xfbdafbdd,0xa0c0cf2f,ckpt,HIT,12148,26989,25,210,79,30200,302,307,12148,25,210,79,1,1,1,1,1,1,
bram,bbht_grover_upgrade,GT,16383,0,1,26,0xa43fbf47,0x8de97b10,normal,HIT,12148,26989,23,140,140,47717,477,482,12148,23,140,140,1,1,1,1,1,1,
bram,bbht_grover_upgrade,GT,16383,0,1,26,0xa43fbf47,0x8de97b10,ckpt,HIT,12148,26989,23,140,48,20723,207,212,12148,23,140,48,1,1,1,1,1,1,
bram,bbht_grover_upgrade,GT,16383,0,1,27,0x6811f7c1,0xcb07044a,normal,HIT,12148,26989,26,226,226,72068,720,726,12148,26,226,226,1,1,1,1,1,1,
bram,bbht_grover_upgrade,GT,16383,0,1,27,0x6811f7c1,0xcb07044a,ckpt,HIT,12148,26989,26,226,58,24931,249,255,12148,26,226,58,1,1,1,1,1,1,
bram,bbht_grover_upgrade,GT,16383,0,1,28,0x610dde2c,0x8cf5deb9,normal,HIT,12148,26989,22,112,112,39963,399,405,12148,22,112,112,1,1,1,1,1,1,
bram,bbht_grover_upgrade,GT,16383,0,1,28,0x610dde2c,0x8cf5deb9,ckpt,HIT,12148,26989,22,112,25,14555,145,150,12148,22,112,25,1,1,1,1,1,1,
bram,bbht_grover_upgrade,GT,16383,0,1,29,0x82241b87,0xbbe27f39,normal,HIT,12148,26989,22,160,160,52672,526,531,12148,22,160,160,1,1,1,1,1,1,
bram,bbht_grover_upgrade,GT,16383,0,1,29,0x82241b87,0xbbe27f39,ckpt,HIT,12148,26989,22,160,39,18213,182,187,12148,22,160,39,1,1,1,1,1,1,
bram,bbht_grover_upgrade,GT,16383,0,1,30,0x48647490,0xea9551eb,normal,HIT,12148,26989,26,241,241,76014,760,766,12148,26,241,241,1,1,1,1,1,1,
bram,bbht_grover_upgrade,GT,16383,0,1,30,0x48647490,0xea9551eb,ckpt,HIT,12148,26989,26,241,97,35802,358,362,12148,26,241,97,1,1,1,1,1,1,
bram,bbht_grover_upgrade,GT,16383,0,1,31,0x63df3b7f,0xa8b057e1,normal,HIT,12148,26989,25,224,224,71145,711,716,12148,25,224,224,1,1,1,1,1,1,
bram,bbht_grover_upgrade,GT,16383,0,1,31,0x63df3b7f,0xa8b057e1,ckpt,HIT,12148,26989,25,224,78,29791,297,302,12148,25,224,78,1,1,1,1,1,1,
bram,bbht_grover_upgrade,GT,16383,0,1,32,0x433125bb,0x3221fef0,normal,HIT,12148,26989,27,325,325,98745,987,993,12148,27,325,325,1,1,1,1,1,1,
bram,bbht_grover_upgrade,GT,16383,0,1,32,0x433125bb,0x3221fef0,ckpt,HIT,12148,26989,27,325,101,36312,363,369,12148,27,325,101,1,1,1,1,1,1,
bram,bbht_grover_upgrade,GT,16383,0,1,33,0x7943be40,0x6641ee79,normal,HIT,12148,26989,26,333,333,100249,1002,1007,12148,26,333,333,1,1,1,1,1,1,
bram,bbht_grover_upgrade,GT,16383,0,1,33,0x7943be40,0x6641ee79,ckpt,HIT,12148,26989,26,333,94,34010,340,345,12148,26,333,94,1,1,1,1,1,1,
bram,bbht_grover_upgrade,GT,16383,0,1,34,0x26c93252,0x675d2908,normal,HIT,12148,26989,27,290,290,89371,893,898,12148,27,290,290,1,1,1,1,1,1,
bram,bbht_grover_upgrade,GT,16383,0,1,34,0x26c93252,0x675d2908,ckpt,HIT,12148,26989,27,290,107,38291,382,388,12148,27,290,107,1,1,1,1,1,1,
bram,bbht_grover_upgrade,GT,16383,0,1,35,0xdbe3ed49,0xa7cfea56,normal,HIT,12148,26989,22,146,146,49106,491,497,12148,22,146,146,1,1,1,1,1,1,
bram,bbht_grover_upgrade,GT,16383,0,1,35,0xdbe3ed49,0xa7cfea56,ckpt,HIT,12148,26989,22,146,46,20650,206,211,12148,22,146,46,1,1,1,1,1,1,
bram,bbht_grover_upgrade,GT,16383,0,1,36,0xc2ec9bb4,0xbfc0ae9e,normal,HIT,12148,26989,29,386,386,115896,1158,1163,12148,29,386,386,1,1,1,1,1,1,
bram,bbht_grover_upgrade,GT,16383,0,1,36,0xc2ec9bb4,0xbfc0ae9e,ckpt,HIT,12148,26989,29,386,97,36192,361,367,12148,29,386,97,1,1,1,1,1,1,
bram,bbht_grover_upgrade,GT,16383,0,1,37,0xe7ec8559,0x307064ac,normal,HIT,12148,26989,27,400,400,118612,1186,1190,12148,27,400,400,1,1,1,1,1,1,
bram,bbht_grover_upgrade,GT,16383,0,1,37,0xe7ec8559,0x307064ac,ckpt,HIT,12148,26989,27,400,121,41955,419,424,12148,27,400,121,1,1,1,1,1,1,
bram,bbht_grover_upgrade,GT,16383,0,1,38,0xccb88b54,0x2cf00158,normal,HIT,12148,26989,13,31,31,14380,143,149,12148,13,31,31,1,1,1,1,1,1,
bram,bbht_grover_upgrade,GT,16383,0,1,38,0xccb88b54,0x2cf00158,ckpt,HIT,12148,26989,13,31,8,6899,68,73,12148,13,31,8,1,1,1,1,1,1,
bram,bbht_grover_upgrade,GT,16383,0,1,39,0xb512e6a4,0x2b9e708c,normal,HIT,12148,26989,24,205,205,65572,655,661,12148,24,205,205,1,1,1,1,1,1,
bram,bbht_grover_upgrade,GT,16383,0,1,39,0xb512e6a4,0x2b9e708c,ckpt,HIT,12148,26989,24,205,46,24350,243,249,12148,24,205,46,1,1,1,1,1,1,
bram,bbht_grover_upgrade,GT,16383,0,1,40,0x7e2c3d82,0xa69fb195,normal,HIT,12148,26989,22,119,119,41785,417,423,12148,22,119,119,1,1,1,1,1,1,
bram,bbht_grover_upgrade,GT,16383,0,1,40,0x7e2c3d82,0xa69fb195,ckpt,HIT,12148,26989,22,119,31,16359,163,168,12148,22,119,31,1,1,1,1,1,1,
bram,bbht_grover_upgrade,GT,16383,0,1,41,0x58b3e5ad,0x23a21253,normal,HIT,12148,26989,25,258,258,79977,799,805,12148,25,258,258,1,1,1,1,1,1,
bram,bbht_grover_upgrade,GT,16383,0,1,41,0x58b3e5ad,0x23a21253,ckpt,HIT,12148,26989,25,258,78,30153,301,307,12148,25,258,78,1,1,1,1,1,1,
bram,bbht_grover_upgrade,GT,16383,0,1,42,0x9a07c40b,0x3ea78d8c,normal,HIT,12148,26989,22,154,154,51066,510,516,12148,22,154,154,1,1,1,1,1,1,
bram,bbht_grover_upgrade,GT,16383,0,1,42,0x9a07c40b,0x3ea78d8c,ckpt,HIT,12148,26989,22,154,35,17307,173,177,12148,22,154,35,1,1,1,1,1,1,
bram,bbht_grover_upgrade,GT,16383,0,1,43,0xf1f9a54b,0x7b00db61,normal,HIT,12148,26989,32,337,337,104325,1043,1048,12148,32,337,337,1,1,1,1,1,1,
bram,bbht_grover_upgrade,GT,16383,0,1,43,0xf1f9a54b,0x7b00db61,ckpt,HIT,12148,26989,32,337,90,35638,356,361,12148,32,337,90,1,1,1,1,1,1,
bram,bbht_grover_upgrade,GT,16383,0,1,44,0xfba6212d,0xb8b8356a,normal,HIT,12148,26989,27,263,263,82284,822,828,12148,27,263,263,1,1,1,1,1,1,
bram,bbht_grover_upgrade,GT,16383,0,1,44,0xfba6212d,0xb8b8356a,ckpt,HIT,12148,26989,27,263,72,28747,287,293,12148,27,263,72,1,1,1,1,1,1,
bram,bbht_grover_upgrade,GT,16383,0,1,45,0x1ca60615,0xd753b84a,normal,HIT,12148,26989,18,66,66,25824,258,263,12148,18,66,66,1,1,1,1,1,1,
bram,bbht_grover_upgrade,GT,16383,0,1,45,0x1ca60615,0xd753b84a,ckpt,HIT,12148,26989,18,66,16,10698,106,111,12148,18,66,16,1,1,1,1,1,1,
bram,bbht_grover_upgrade,GT,16383,0,1,46,0xa085c93e,0x19b8504d,normal,HIT,12148,26989,25,235,235,73995,739,745,12148,25,235,235,1,1,1,1,1,1,
bram,bbht_grover_upgrade,GT,16383,0,1,46,0xa085c93e,0x19b8504d,ckpt,HIT,12148,26989,25,235,75,28889,288,295,12148,25,235,75,1,1,1,1,1,1,
bram,bbht_grover_upgrade,GT,16383,0,1,47,0x18190603,0xad0438b2,normal,HIT,12148,26989,20,95,95,34537,345,350,12148,20,95,95,1,1,1,1,1,1,
bram,bbht_grover_upgrade,GT,16383,0,1,47,0x18190603,0xad0438b2,ckpt,HIT,12148,26989,20,95,26,14231,142,148,12148,20,95,26,1,1,1,1,1,1,
bram,bbht_grover_upgrade,GT,16383,0,1,48,0xc1143c78,0xbbdab3cd,normal,HIT,12148,26989,21,63,63,26571,265,270,12148,21,63,63,1,1,1,1,1,1,
bram,bbht_grover_upgrade,GT,16383,0,1,48,0xc1143c78,0xbbdab3cd,ckpt,HIT,12148,26989,21,63,27,15117,151,155,12148,21,63,27,1,1,1,1,1,1,
bram,bbht_grover_upgrade,GT,16383,0,1,49,0x332063fc,0x222ba57c,normal,HIT,12148,26989,27,353,353,106198,1061,1067,12148,27,353,353,1,1,1,1,1,1,
bram,bbht_grover_upgrade,GT,16383,0,1,49,0x332063fc,0x222ba57c,ckpt,HIT,12148,26989,27,353,96,38365,383,389,12148,27,353,96,1,1,1,1,1,1,
bram,bbht_grover_upgrade,GT,16383,0,1,50,0xd6f4066b,0xab9eb714,normal,HIT,12148,26989,17,35,35,17225,172,178,12148,17,35,35,1,1,1,1,1,1,
bram,bbht_grover_upgrade,GT,16383,0,1,50,0xd6f4066b,0xab9eb714,ckpt,HIT,12148,26989,17,35,15,10071,100,106,12148,17,35,15,1,1,1,1,1,1,
bram,bbht_grover_upgrade,GT,16383,0,1,51,0x64b9628c,0x9cd8b518,normal,HIT,12148,26989,27,252,252,79363,793,798,12148,27,252,252,1,1,1,1,1,1,
bram,bbht_grover_upgrade,GT,16383,0,1,51,0x64b9628c,0x9cd8b518,ckpt,HIT,12148,26989,27,252,86,32816,328,333,12148,27,252,86,1,1,1,1,1,1,
bram,bbht_grover_upgrade,GT,16383,0,1,52,0x894e6771,0x8a255c2e,normal,HIT,12148,26989,26,256,256,80044,800,805,12148,26,256,256,1,1,1,1,1,1,
bram,bbht_grover_upgrade,GT,16383,0,1,52,0x894e6771,0x8a255c2e,ckpt,HIT,12148,26989,26,256,89,33091,330,336,12148,26,256,89,1,1,1,1,1,1,
bram,bbht_grover_upgrade,GT,16383,0,1,53,0xe3e668e8,0xff1f20c3,normal,HIT,12148,26989,21,115,115,40343,403,409,12148,21,115,115,1,1,1,1,1,1,
bram,bbht_grover_upgrade,GT,16383,0,1,53,0xe3e668e8,0xff1f20c3,ckpt,HIT,12148,26989,21,115,39,17983,179,186,12148,21,115,39,1,1,1,1,1,1,
bram,bbht_grover_upgrade,GT,16383,0,1,54,0x36980406,0xfbdbfa61,normal,HIT,12148,26989,23,156,156,52097,520,526,12148,23,156,156,1,1,1,1,1,1,
bram,bbht_grover_upgrade,GT,16383,0,1,54,0x36980406,0xfbdbfa61,ckpt,HIT,12148,26989,23,156,40,19003,190,195,12148,23,156,40,1,1,1,1,1,1,
bram,bbht_grover_upgrade,GT,16383,0,1,55,0x114d2b4a,0xa617ad4e,normal,HIT,12148,26989,23,124,124,43766,437,444,12148,23,124,124,1,1,1,1,1,1,
bram,bbht_grover_upgrade,GT,16383,0,1,55,0x114d2b4a,0xa617ad4e,ckpt,HIT,12148,26989,23,124,52,22286,222,228,12148,23,124,52,1,1,1,1,1,1,
bram,bbht_grover_upgrade,GT,16383,0,1,56,0x3b8907e1,0x0c6cbd10,normal,HIT,12148,26989,23,142,142,48379,483,489,12148,23,142,142,1,1,1,1,1,1,
bram,bbht_grover_upgrade,GT,16383,0,1,56,0x3b8907e1,0x0c6cbd10,ckpt,HIT,12148,26989,23,142,55,22739,227,233,12148,23,142,55,1,1,1,1,1,1,
bram,bbht_grover_upgrade,GT,16383,0,1,57,0x2cd09c1d,0x964fb1a7,normal,HIT,12148,26989,22,166,166,54301,543,547,12148,22,166,166,1,1,1,1,1,1,
bram,bbht_grover_upgrade,GT,16383,0,1,57,0x2cd09c1d,0x964fb1a7,ckpt,HIT,12148,26989,22,166,42,19043,190,195,12148,22,166,42,1,1,1,1,1,1,
bram,bbht_grover_upgrade,GT,16383,0,1,58,0x6d7a8604,0xbd6f99c6,normal,HIT,12148,26989,26,195,195,63951,639,645,12148,26,195,195,1,1,1,1,1,1,
bram,bbht_grover_upgrade,GT,16383,0,1,58,0x6d7a8604,0xbd6f99c6,ckpt,HIT,12148,26989,26,195,59,25368,253,258,12148,26,195,59,1,1,1,1,1,1,
bram,bbht_grover_upgrade,GT,16383,0,1,59,0x1fadaf42,0x60010aa3,normal,HIT,12148,26989,30,396,396,119046,1190,1195,12148,30,396,396,1,1,1,1,1,1,
bram,bbht_grover_upgrade,GT,16383,0,1,59,0x1fadaf42,0x60010aa3,ckpt,HIT,12148,26989,30,396,123,46476,464,470,12148,30,396,123,1,1,1,1,1,1,
bram,bbht_grover_upgrade,GT,16383,0,1,60,0x92fe7cfd,0xb54e2773,normal,HIT,12148,26989,15,39,39,17406,174,179,12148,15,39,39,1,1,1,1,1,1,
bram,bbht_grover_upgrade,GT,16383,0,1,60,0x92fe7cfd,0xb54e2773,ckpt,HIT,12148,26989,15,39,10,8089,80,86,12148,15,39,10,1,1,1,1,1,1,
bram,bbht_grover_upgrade,GT,16383,0,1,61,0x1aecb060,0x9c545eba,normal,HIT,12148,26989,24,183,183,59725,597,602,12148,24,183,183,1,1,1,1,1,1,
bram,bbht_grover_upgrade,GT,16383,0,1,61,0x1aecb060,0x9c545eba,ckpt,HIT,12148,26989,24,183,65,26648,266,271,12148,24,183,65,1,1,1,1,1,1,
bram,bbht_grover_upgrade,GT,16383,0,1,62,0x91778cc3,0xbd1d1bc0,normal,HIT,12148,26989,18,63,63,25139,251,257,12148,18,63,63,1,1,1,1,1,1,
bram,bbht_grover_upgrade,GT,16383,0,1,62,0x91778cc3,0xbd1d1bc0,ckpt,HIT,12148,26989,18,63,13,10056,100,105,12148,18,63,13,1,1,1,1,1,1,
bram,bbht_grover_upgrade,GT,16383,0,1,63,0xe6b7e7eb,0xd542988e,normal,HIT,12148,26989,23,116,116,41514,415,421,12148,23,116,116,1,1,1,1,1,1,
bram,bbht_grover_upgrade,GT,16383,0,1,63,0xe6b7e7eb,0xd542988e,ckpt,HIT,12148,26989,23,116,25,15058,150,155,12148,23,116,25,1,1,1,1,1,1,
bram,bbht_grover_upgrade,GT,16383,0,1,64,0x6770144c,0xd2d3c6e7,normal,HIT,12148,26989,18,52,52,22135,221,226,12148,18,52,52,1,1,1,1,1,1,
bram,bbht_grover_upgrade,GT,16383,0,1,64,0x6770144c,0xd2d3c6e7,ckpt,HIT,12148,26989,18,52,15,10721,107,113,12148,18,52,15,1,1,1,1,1,1,
bram,bbht_grover_upgrade,GT,16383,0,1,65,0xc600a248,0x0a1e0844,normal,HIT,12148,26989,26,277,277,85468,854,860,12148,26,277,277,1,1,1,1,1,1,
bram,bbht_grover_upgrade,GT,16383,0,1,65,0xc600a248,0x0a1e0844,ckpt,HIT,12148,26989,26,277,94,34128,341,347,12148,26,277,94,1,1,1,1,1,1,
bram,bbht_grover_upgrade,GT,16383,0,1,66,0x1ea4f830,0x2ef0f28e,normal,HIT,12148,26989,27,311,311,95092,950,957,12148,27,311,311,1,1,1,1,1,1,
bram,bbht_grover_upgrade,GT,16383,0,1,66,0x1ea4f830,0x2ef0f28e,ckpt,HIT,12148,26989,27,311,89,33741,337,342,12148,27,311,89,1,1,1,1,1,1,
bram,bbht_grover_upgrade,GT,16383,0,1,67,0x639604f3,0x7fe04f83,normal,HIT,12148,26989,24,153,153,51711,517,522,12148,24,153,153,1,1,1,1,1,1,
bram,bbht_grover_upgrade,GT,16383,0,1,67,0x639604f3,0x7fe04f83,ckpt,HIT,12148,26989,24,153,52,22570,225,231,12148,24,153,52,1,1,1,1,1,1,
bram,bbht_grover_upgrade,GT,16383,0,1,68,0x6e084a84,0xb643b17e,normal,HIT,12148,26989,22,110,110,39490,394,400,12148,22,110,110,1,1,1,1,1,1,
bram,bbht_grover_upgrade,GT,16383,0,1,68,0x6e084a84,0xb643b17e,ckpt,HIT,12148,26989,22,110,33,16732,167,173,12148,22,110,33,1,1,1,1,1,1,
bram,bbht_grover_upgrade,GT,16383,0,1,69,0x3d7fc476,0x467d7a44,normal,HIT,12148,26989,25,221,221,70235,702,707,12148,25,221,221,1,1,1,1,1,1,
bram,bbht_grover_upgrade,GT,16383,0,1,69,0x3d7fc476,0x467d7a44,ckpt,HIT,12148,26989,25,221,60,24864,248,253,12148,25,221,60,1,1,1,1,1,1,
bram,bbht_grover_upgrade,GT,16383,0,1,70,0xedca3875,0xefade11e,normal,HIT,12148,26989,26,243,243,76546,765,770,12148,26,243,243,1,1,1,1,1,1,
bram,bbht_grover_upgrade,GT,16383,0,1,70,0xedca3875,0xefade11e,ckpt,HIT,12148,26989,26,243,98,39252,392,397,12148,26,243,98,1,1,1,1,1,1,
bram,bbht_grover_upgrade,GT,16383,0,1,71,0xb883121d,0x095c678c,normal,HIT,12148,26989,21,87,87,32929,329,334,12148,21,87,87,1,1,1,1,1,1,
bram,bbht_grover_upgrade,GT,16383,0,1,71,0xb883121d,0x095c678c,ckpt,HIT,12148,26989,21,87,28,15115,151,155,12148,21,87,28,1,1,1,1,1,1,
bram,bbht_grover_upgrade,GT,16383,0,1,72,0xace22797,0xbc422a9a,normal,HIT,12148,26989,23,217,217,68186,681,686,12148,23,217,217,1,1,1,1,1,1,
bram,bbht_grover_upgrade,GT,16383,0,1,72,0xace22797,0xbc422a9a,ckpt,HIT,12148,26989,23,217,42,19595,195,201,12148,23,217,42,1,1,1,1,1,1,
bram,bbht_grover_upgrade,GT,16383,0,1,73,0xefd3172d,0x8c2c3233,normal,HIT,12148,26989,21,100,100,36189,361,367,12148,21,100,100,1,1,1,1,1,1,
bram,bbht_grover_upgrade,GT,16383,0,1,73,0xefd3172d,0x8c2c3233,ckpt,HIT,12148,26989,21,100,35,16633,166,171,12148,21,100,35,1,1,1,1,1,1,
bram,bbht_grover_upgrade,GT,16383,0,1,74,0xe6aacdb5,0x7f1c158a,normal,HIT,12148,26989,22,172,172,55866,558,563,12148,22,172,172,1,1,1,1,1,1,
bram,bbht_grover_upgrade,GT,16383,0,1,74,0xe6aacdb5,0x7f1c158a,ckpt,HIT,12148,26989,22,172,33,16607,166,172,12148,22,172,33,1,1,1,1,1,1,
bram,bbht_grover_upgrade,GT,16383,0,1,75,0x6566c598,0xca804b00,normal,HIT,12148,26989,22,140,140,47403,474,479,12148,22,140,140,1,1,1,1,1,1,
bram,bbht_grover_upgrade,GT,16383,0,1,75,0x6566c598,0xca804b00,ckpt,HIT,12148,26989,22,140,26,15177,151,157,12148,22,140,26,1,1,1,1,1,1,
bram,bbht_grover_upgrade,GT,16383,0,1,76,0x4e646d9d,0xcbae5ac0,normal,HIT,12148,26989,23,149,149,50171,501,507,12148,23,149,149,1,1,1,1,1,1,
bram,bbht_grover_upgrade,GT,16383,0,1,76,0x4e646d9d,0xcbae5ac0,ckpt,HIT,12148,26989,23,149,53,22139,221,227,12148,23,149,53,1,1,1,1,1,1,
bram,bbht_grover_upgrade,GT,16383,0,1,77,0x05d81d6f,0x260c4013,normal,HIT,12148,26989,17,45,45,19789,197,203,12148,17,45,45,1,1,1,1,1,1,
bram,bbht_grover_upgrade,GT,16383,0,1,77,0x05d81d6f,0x260c4013,ckpt,HIT,12148,26989,17,45,12,9164,91,97,12148,17,45,12,1,1,1,1,1,1,
bram,bbht_grover_upgrade,GT,16383,0,1,78,0x2018f6a3,0x5728c7f4,normal,HIT,12148,26989,25,177,177,58594,585,592,12148,25,177,177,1,1,1,1,1,1,
bram,bbht_grover_upgrade,GT,16383,0,1,78,0x2018f6a3,0x5728c7f4,ckpt,HIT,12148,26989,25,177,69,27725,277,282,12148,25,177,69,1,1,1,1,1,1,
bram,bbht_grover_upgrade,GT,16383,0,1,79,0x718ebf0c,0x4d7d460c,normal,HIT,12148,26989,27,314,314,95871,958,964,12148,27,314,314,1,1,1,1,1,1,
bram,bbht_grover_upgrade,GT,16383,0,1,79,0x718ebf0c,0x4d7d460c,ckpt,HIT,12148,26989,27,314,112,39681,396,402,12148,27,314,112,1,1,1,1,1,1,
bram,bbht_grover_upgrade,GT,16383,0,1,80,0x042a8f17,0x2093b3f4,normal,HIT,12148,26989,26,269,269,83443,834,840,12148,26,269,269,1,1,1,1,1,1,
bram,bbht_grover_upgrade,GT,16383,0,1,80,0x042a8f17,0x2093b3f4,ckpt,HIT,12148,26989,26,269,61,25703,257,262,12148,26,269,61,1,1,1,1,1,1,
bram,bbht_grover_upgrade,GT,16383,0,1,81,0xfc1c775d,0x35bd20f1,normal,HIT,12148,26989,21,116,116,40540,405,410,12148,21,116,116,1,1,1,1,1,1,
bram,bbht_grover_upgrade,GT,16383,0,1,81,0xfc1c775d,0x35bd20f1,ckpt,HIT,12148,26989,21,116,37,20239,202,207,12148,21,116,37,1,1,1,1,1,1,
bram,bbht_grover_upgrade,GT,16383,0,1,82,0x16b93b63,0x7d609ba5,normal,HIT,12148,26989,21,121,121,41992,419,426,12148,21,121,121,1,1,1,1,1,1,
bram,bbht_grover_upgrade,GT,16383,0,1,82,0x16b93b63,0x7d609ba5,ckpt,HIT,12148,26989,21,121,40,18319,183,188,12148,21,121,40,1,1,1,1,1,1,
bram,bbht_grover_upgrade,GT,16383,0,1,83,0x8ce1028e,0xb152e7ef,normal,HIT,12148,26989,28,374,374,112177,1121,1127,12148,28,374,374,1,1,1,1,1,1,
bram,bbht_grover_upgrade,GT,16383,0,1,83,0x8ce1028e,0xb152e7ef,ckpt,HIT,12148,26989,28,374,126,43495,434,439,12148,28,374,126,1,1,1,1,1,1,
bram,bbht_grover_upgrade,GT,16383,0,1,84,0x87bad980,0x7dbefa97,normal,HIT,12148,26989,20,107,107,37676,376,381,12148,20,107,107,1,1,1,1,1,1,
bram,bbht_grover_upgrade,GT,16383,0,1,84,0x87bad980,0x7dbefa97,ckpt,HIT,12148,26989,20,107,27,14489,144,150,12148,20,107,27,1,1,1,1,1,1,
bram,bbht_grover_upgrade,GT,16383,0,1,85,0xd63d86f3,0xf5399cca,normal,HIT,12148,26989,12,21,21,11234,112,118,12148,12,21,21,1,1,1,1,1,1,
bram,bbht_grover_upgrade,GT,16383,0,1,85,0xd63d86f3,0xf5399cca,ckpt,HIT,12148,26989,12,21,7,6375,63,68,12148,12,21,7,1,1,1,1,1,1,
bram,bbht_grover_upgrade,GT,16383,0,1,86,0xeeaba102,0x01560fc0,normal,HIT,12148,26989,24,200,200,64200,642,647,12148,24,200,200,1,1,1,1,1,1,
bram,bbht_grover_upgrade,GT,16383,0,1,86,0xeeaba102,0x01560fc0,ckpt,HIT,12148,26989,24,200,64,26126,261,267,12148,24,200,64,1,1,1,1,1,1,
bram,bbht_grover_upgrade,GT,16383,0,1,87,0xc1fee4bb,0xc7e12d58,normal,HIT,12148,26989,28,389,389,116318,1163,1169,12148,28,389,389,1,1,1,1,1,1,
bram,bbht_grover_upgrade,GT,16383,0,1,87,0xc1fee4bb,0xc7e12d58,ckpt,HIT,12148,26989,28,389,86,32928,329,334,12148,28,389,86,1,1,1,1,1,1,
bram,bbht_grover_upgrade,GT,16383,0,1,88,0x0707c9da,0xf644a3f9,normal,HIT,12148,26989,24,199,199,63919,639,644,12148,24,199,199,1,1,1,1,1,1,
bram,bbht_grover_upgrade,GT,16383,0,1,88,0x0707c9da,0xf644a3f9,ckpt,HIT,12148,26989,24,199,67,26499,264,269,12148,24,199,67,1,1,1,1,1,1,
bram,bbht_grover_upgrade,GT,16383,0,1,89,0xde0d9c30,0x58a2ee8f,normal,HIT,12148,26989,23,150,150,50483,504,509,12148,23,150,150,1,1,1,1,1,1,
bram,bbht_grover_upgrade,GT,16383,0,1,89,0xde0d9c30,0x58a2ee8f,ckpt,HIT,12148,26989,23,150,54,22559,225,231,12148,23,150,54,1,1,1,1,1,1,
bram,bbht_grover_upgrade,GT,16383,0,1,90,0x7cd0efc7,0x9f385cfb,normal,HIT,12148,26989,23,110,110,39984,399,405,12148,23,110,110,1,1,1,1,1,1,
bram,bbht_grover_upgrade,GT,16383,0,1,90,0x7cd0efc7,0x9f385cfb,ckpt,HIT,12148,26989,23,110,41,19287,192,199,12148,23,110,41,1,1,1,1,1,1,
bram,bbht_grover_upgrade,GT,16383,0,1,91,0xe4cb50a6,0x94d13729,normal,HIT,12148,26989,26,241,241,76060,760,766,12148,26,241,241,1,1,1,1,1,1,
bram,bbht_grover_upgrade,GT,16383,0,1,91,0xe4cb50a6,0x94d13729,ckpt,HIT,12148,26989,26,241,86,34180,341,346,12148,26,241,86,1,1,1,1,1,1,
bram,bbht_grover_upgrade,GT,16383,0,1,92,0xa0882219,0x18f75d24,normal,HIT,12148,26989,26,354,354,106034,1060,1066,12148,26,354,354,1,1,1,1,1,1,
bram,bbht_grover_upgrade,GT,16383,0,1,92,0xa0882219,0x18f75d24,ckpt,HIT,12148,26989,26,354,89,32976,329,334,12148,26,354,89,1,1,1,1,1,1,
bram,bbht_grover_upgrade,GT,16383,0,1,93,0xc435e6f2,0xf75a52bc,normal,HIT,12148,26989,21,119,119,41348,413,417,12148,21,119,119,1,1,1,1,1,1,
bram,bbht_grover_upgrade,GT,16383,0,1,93,0xc435e6f2,0xf75a52bc,ckpt,HIT,12148,26989,21,119,25,14361,143,149,12148,21,119,25,1,1,1,1,1,1,
bram,bbht_grover_upgrade,GT,16383,0,1,94,0x011b63f0,0x0aa34346,normal,HIT,12148,26989,21,130,130,44266,442,448,12148,21,130,130,1,1,1,1,1,1,
bram,bbht_grover_upgrade,GT,16383,0,1,94,0x011b63f0,0x0aa34346,ckpt,HIT,12148,26989,21,130,43,18993,189,195,12148,21,130,43,1,1,1,1,1,1,
bram,bbht_grover_upgrade,GT,16383,0,1,95,0x1b456e77,0xee460f94,normal,HIT,12148,26989,25,214,214,68473,684,690,12148,25,214,214,1,1,1,1,1,1,
bram,bbht_grover_upgrade,GT,16383,0,1,95,0x1b456e77,0xee460f94,ckpt,HIT,12148,26989,25,214,80,30769,307,314,12148,25,214,80,1,1,1,1,1,1,
bram,bbht_grover_upgrade,GT,16383,0,1,96,0x10088608,0xef418331,normal,HIT,12148,26989,21,108,108,38377,383,389,12148,21,108,108,1,1,1,1,1,1,
bram,bbht_grover_upgrade,GT,16383,0,1,96,0x10088608,0xef418331,ckpt,HIT,12148,26989,21,108,21,13148,131,136,12148,21,108,21,1,1,1,1,1,1,
bram,bbht_grover_upgrade,GT,16383,0,1,97,0x6fcfc352,0xf8fa9f4c,normal,HIT,12148,26989,26,325,325,98399,983,990,12148,26,325,325,1,1,1,1,1,1,
bram,bbht_grover_upgrade,GT,16383,0,1,97,0x6fcfc352,0xf8fa9f4c,ckpt,HIT,12148,26989,26,325,96,35242,352,357,12148,26,325,96,1,1,1,1,1,1,
bram,bbht_grover_upgrade,GT,16383,0,1,98,0xfb6077af,0x713595a9,normal,HIT,12148,26989,22,153,153,50785,507,513,12148,22,153,153,1,1,1,1,1,1,
bram,bbht_grover_upgrade,GT,16383,0,1,98,0xfb6077af,0x713595a9,ckpt,HIT,12148,26989,22,153,51,21501,215,220,12148,22,153,51,1,1,1,1,1,1,
bram,bbht_grover_upgrade,GT,16383,0,1,99,0xc6ebb72e,0x08fdf109,normal,HIT,12148,26989,21,101,101,36582,365,370,12148,21,101,101,1,1,1,1,1,1,
bram,bbht_grover_upgrade,GT,16383,0,1,99,0xc6ebb72e,0x08fdf109,ckpt,HIT,12148,26989,21,101,31,15884,158,163,12148,21,101,31,1,1,1,1,1,1,
bram,bbht_grover_upgrade,GT,16383,0,4,0,0x7b1dcdaf,0x24370df2,normal,HIT,14541,30711,21,119,119,41217,412,418,14541,21,119,119,1,1,1,1,1,1,
bram,bbht_grover_upgrade,GT,16383,0,4,0,0x7b1dcdaf,0x24370df2,ckpt,HIT,14541,30711,21,119,38,17580,175,181,14541,21,119,38,1,1,1,1,1,1,
bram,bbht_grover_upgrade,GT,16383,0,4,1,0x3a85a4dc,0xa3b9aa35,normal,HIT,2460,23714,20,81,81,30855,308,314,2460,20,81,81,1,1,1,1,1,1,
bram,bbht_grover_upgrade,GT,16383,0,4,1,0x3a85a4dc,0xa3b9aa35,ckpt,HIT,2460,23714,20,81,25,13880,138,145,2460,20,81,25,1,1,1,1,1,1,
bram,bbht_grover_upgrade,GT,16383,0,4,2,0x6162a8b2,0x871c276f,normal,HIT,10937,16908,20,120,120,41147,411,416,10937,20,120,120,1,1,1,1,1,1,
bram,bbht_grover_upgrade,GT,16383,0,4,2,0x6162a8b2,0x871c276f,ckpt,HIT,10937,16908,20,120,31,16831,168,173,10937,20,120,31,1,1,1,1,1,1,
bram,bbht_grover_upgrade,GT,16383,0,4,3,0xc3adc34e,0xf5b8f22b,normal,HIT,14541,30711,18,56,56,23327,233,238,14541,18,56,56,1,1,1,1,1,1,
bram,bbht_grover_upgrade,GT,16383,0,4,3,0xc3adc34e,0xf5b8f22b,ckpt,HIT,14541,30711,18,56,21,12297,122,129,14541,18,56,21,1,1,1,1,1,1,
bram,bbht_grover_upgrade,GT,16383,0,4,4,0x2bb073ff,0x3f8396e3,normal,HIT,10937,16908,20,108,108,38037,380,386,10937,20,108,108,1,1,1,1,1,1,
bram,bbht_grover_upgrade,GT,16383,0,4,4,0x2bb073ff,0x3f8396e3,ckpt,HIT,10937,16908,20,108,30,15384,153,158,10937,20,108,30,1,1,1,1,1,1,
bram,bbht_grover_upgrade,GT,16383,0,4,5,0xda585ab3,0xa7197ad7,normal,HIT,2460,23714,22,136,136,46354,463,468,2460,22,136,136,1,1,1,1,1,1,
bram,bbht_grover_upgrade,GT,16383,0,4,5,0xda585ab3,0xa7197ad7,ckpt,HIT,2460,23714,22,136,41,18922,189,195,2460,22,136,41,1,1,1,1,1,1,
bram,bbht_grover_upgrade,GT,16383,0,4,6,0x0ed109c0,0x5701ce52,normal,HIT,10937,16908,17,68,68,25907,259,265,10937,17,68,68,1,1,1,1,1,1,
bram,bbht_grover_upgrade,GT,16383,0,4,6,0x0ed109c0,0x5701ce52,ckpt,HIT,10937,16908,17,68,18,10982,109,115,10937,17,68,18,1,1,1,1,1,1,
bram,bbht_grover_upgrade,GT,16383,0,4,7,0x102ecf73,0x53c7612b,normal,HIT,2460,23714,14,36,36,16055,160,165,2460,14,36,36,1,1,1,1,1,1,
bram,bbht_grover_upgrade,GT,16383,0,4,7,0x102ecf73,0x53c7612b,ckpt,HIT,2460,23714,14,36,8,7214,72,76,2460,14,36,8,1,1,1,1,1,1,
bram,bbht_grover_upgrade,GT,16383,0,4,8,0xcf29b6a1,0x35231a84,normal,HIT,2460,23714,25,183,183,60201,602,608,2460,25,183,183,1,1,1,1,1,1,
bram,bbht_grover_upgrade,GT,16383,0,4,8,0xcf29b6a1,0x35231a84,ckpt,HIT,2460,23714,25,183,54,23468,234,239,2460,25,183,54,1,1,1,1,1,1,
bram,bbht_grover_upgrade,GT,16383,0,4,9,0xc49cbb42,0xd0a3bbb8,normal,HIT,14541,30711,24,148,148,50396,503,509,14541,24,148,148,1,1,1,1,1,1,
bram,bbht_grover_upgrade,GT,16383,0,4,9,0xc49cbb42,0xd0a3bbb8,ckpt,HIT,14541,30711,24,148,68,26757,267,272,14541,24,148,68,1,1,1,1,1,1,
bram,bbht_grover_upgrade,GT,16383,0,4,10,0x4cc51d23,0xee0e3ab4,normal,HIT,14541,30711,15,35,35,16191,161,167,14541,15,35,35,1,1,1,1,1,1,
bram,bbht_grover_upgrade,GT,16383,0,4,10,0x4cc51d23,0xee0e3ab4,ckpt,HIT,14541,30711,15,35,11,8309,83,88,14541,15,35,11,1,1,1,1,1,1,
bram,bbht_grover_upgrade,GT,16383,0,4,11,0xf9e8aa7a,0x3208c31a,normal,HIT,2460,23714,19,85,85,31334,313,319,2460,19,85,85,1,1,1,1,1,1,
bram,bbht_grover_upgrade,GT,16383,0,4,11,0xf9e8aa7a,0x3208c31a,ckpt,HIT,2460,23714,19,85,21,12494,124,130,2460,19,85,21,1,1,1,1,1,1,
bram,bbht_grover_upgrade,GT,16383,0,4,12,0xdda8b051,0xc8105c9d,normal,HIT,2460,23714,17,32,32,16428,164,170,2460,17,32,32,1,1,1,1,1,1,
bram,bbht_grover_upgrade,GT,16383,0,4,12,0xdda8b051,0xc8105c9d,ckpt,HIT,2460,23714,17,32,12,9455,94,100,2460,17,32,12,1,1,1,1,1,1,
bram,bbht_grover_upgrade,GT,16383,0,4,13,0xabfb11bf,0xf5dec75e,normal,HIT,10937,16908,12,24,24,12012,120,125,10937,12,24,24,1,1,1,1,1,1,
bram,bbht_grover_upgrade,GT,16383,0,4,13,0xabfb11bf,0xf5dec75e,ckpt,HIT,10937,16908,12,24,7,6242,62,68,10937,12,24,7,1,1,1,1,1,1,
bram,bbht_grover_upgrade,GT,16383,0,4,14,0x20639811,0x6b6a7c47,normal,HIT,14541,30711,14,29,29,14280,142,148,14541,14,29,29,1,1,1,1,1,1,
bram,bbht_grover_upgrade,GT,16383,0,4,14,0x20639811,0x6b6a7c47,ckpt,HIT,14541,30711,14,29,6,6673,66,72,14541,14,29,6,1,1,1,1,1,1,
bram,bbht_grover_upgrade,GT,16383,0,4,15,0xac72acd2,0xca84bc6c,normal,HIT,14541,30711,21,85,85,32370,323,329,14541,21,85,85,1,1,1,1,1,1,
bram,bbht_grover_upgrade,GT,16383,0,4,15,0xac72acd2,0xca84bc6c,ckpt,HIT,14541,30711,21,85,39,18447,184,191,14541,21,85,39,1,1,1,1,1,1,
bram,bbht_grover_upgrade,GT,16383,0,4,16,0x49a2da79,0xe1376725,normal,HIT,12148,26989,23,175,175,57171,571,578,12148,23,175,175,1,1,1,1,1,1,
bram,bbht_grover_upgrade,GT,16383,0,4,16,0x49a2da79,0xe1376725,ckpt,HIT,12148,26989,23,175,41,22428,224,230,12148,23,175,41,1,1,1,1,1,1,
bram,bbht_grover_upgrade,GT,16383,0,4,17,0x63a4e9d7,0x6166dba4,normal,HIT,12148,26989,17,51,51,21509,215,220,12148,17,51,51,1,1,1,1,1,1,
bram,bbht_grover_upgrade,GT,16383,0,4,17,0x63a4e9d7,0x6166dba4,ckpt,HIT,12148,26989,17,51,15,10217,102,106,12148,17,51,15,1,1,1,1,1,1,
bram,bbht_grover_upgrade,GT,16383,0,4,18,0x8983f102,0x43fb6183,normal,HIT,14541,30711,9,8,8,6353,63,68,14541,9,8,8,1,1,1,1,1,1,
bram,bbht_grover_upgrade,GT,16383,0,4,18,0x8983f102,0x43fb6183,ckpt,HIT,14541,30711,9,8,4,4397,43,50,14541,9,8,4,1,1,1,1,1,1,
bram,bbht_grover_upgrade,GT,16383,0,4,19,0xb671aa78,0xc97ad8a2,normal,HIT,2460,23714,21,82,82,31559,315,321,2460,21,82,82,1,1,1,1,1,1,
bram,bbht_grover_upgrade,GT,16383,0,4,19,0xb671aa78,0xc97ad8a2,ckpt,HIT,2460,23714,21,82,33,16210,162,166,2460,21,82,33,1,1,1,1,1,1,
bram,bbht_grover_upgrade,GT,16383,0,4,20,0xdaeb566a,0x989e5b3d,normal,HIT,14541,30711,13,20,20,11329,113,117,14541,13,20,20,1,1,1,1,1,1,
bram,bbht_grover_upgrade,GT,16383,0,4,20,0xdaeb566a,0x989e5b3d,ckpt,HIT,14541,30711,13,20,5,5967,59,65,14541,13,20,5,1,1,1,1,1,1,
bram,bbht_grover_upgrade,GT,16383,0,4,21,0xf6181c00,0xa345ac4b,normal,HIT,12148,26989,13,18,18,10951,109,115,12148,13,18,18,1,1,1,1,1,1,
bram,bbht_grover_upgrade,GT,16383,0,4,21,0xf6181c00,0xa345ac4b,ckpt,HIT,12148,26989,13,18,6,6387,63,69,12148,13,18,6,1,1,1,1,1,1,
bram,bbht_grover_upgrade,GT,16383,0,4,22,0x4e18d852,0xa08980df,normal,HIT,10937,16908,20,92,92,33803,338,344,10937,20,92,92,1,1,1,1,1,1,
bram,bbht_grover_upgrade,GT,16383,0,4,22,0x4e18d852,0xa08980df,ckpt,HIT,10937,16908,20,92,20,12872,128,133,10937,20,92,20,1,1,1,1,1,1,
bram,bbht_grover_upgrade,GT,16383,0,4,23,0xa035ceba,0x611de4c4,normal,HIT,2460,23714,20,88,88,32729,327,333,2460,20,88,88,1,1,1,1,1,1,
bram,bbht_grover_upgrade,GT,16383,0,4,23,0xa035ceba,0x611de4c4,ckpt,HIT,2460,23714,20,88,23,13537,135,139,2460,20,88,23,1,1,1,1,1,1,
bram,bbht_grover_upgrade,GT,16383,0,4,24,0xc2416ee4,0x7323f479,normal,HIT,2460,23714,18,73,73,27858,278,284,2460,18,73,73,1,1,1,1,1,1,
bram,bbht_grover_upgrade,GT,16383,0,4,24,0xc2416ee4,0x7323f479,ckpt,HIT,2460,23714,18,73,20,11926,119,124,2460,18,73,20,1,1,1,1,1,1,
bram,bbht_grover_upgrade,GT,16383,0,4,25,0xfbdafbdd,0xa0c0cf2f,normal,HIT,10937,16908,20,100,100,35800,358,362,10937,20,100,100,1,1,1,1,1,1,
bram,bbht_grover_upgrade,GT,16383,0,4,25,0xfbdafbdd,0xa0c0cf2f,ckpt,HIT,10937,16908,20,100,23,13319,133,138,10937,20,100,23,1,1,1,1,1,1,
bram,bbht_grover_upgrade,GT,16383,0,4,26,0xa43fbf47,0x8de97b10,normal,HIT,14541,30711,16,39,39,17754,177,183,14541,16,39,39,1,1,1,1,1,1,
bram,bbht_grover_upgrade,GT,16383,0,4,26,0xa43fbf47,0x8de97b10,ckpt,HIT,14541,30711,16,39,10,8311,83,88,14541,16,39,10,1,1,1,1,1,1,
bram,bbht_grover_upgrade,GT,16383,0,4,27,0x6811f7c1,0xcb07044a,normal,HIT,14541,30711,18,56,56,23292,232,237,14541,18,56,56,1,1,1,1,1,1,
bram,bbht_grover_upgrade,GT,16383,0,4,27,0x6811f7c1,0xcb07044a,ckpt,HIT,14541,30711,18,56,18,11423,114,120,14541,18,56,18,1,1,1,1,1,1,
bram,bbht_grover_upgrade,GT,16383,0,4,28,0x610dde2c,0x8cf5deb9,normal,HIT,10937,16908,18,54,54,22677,226,231,10937,18,54,54,1,1,1,1,1,1,
bram,bbht_grover_upgrade,GT,16383,0,4,28,0x610dde2c,0x8cf5deb9,ckpt,HIT,10937,16908,18,54,16,10613,106,111,10937,18,54,16,1,1,1,1,1,1,
bram,bbht_grover_upgrade,GT,16383,0,4,29,0x82241b87,0xbbe27f39,normal,HIT,14541,30711,7,6,6,4830,48,53,14541,7,6,6,1,1,1,1,1,1,
bram,bbht_grover_upgrade,GT,16383,0,4,29,0x82241b87,0xbbe27f39,ckpt,HIT,14541,30711,7,6,2,3120,31,37,14541,7,6,2,1,1,1,1,1,1,
bram,bbht_grover_upgrade,GT,16383,0,4,30,0x48647490,0xea9551eb,normal,HIT,2460,23714,19,63,63,25529,255,260,2460,19,63,63,1,1,1,1,1,1,
bram,bbht_grover_upgrade,GT,16383,0,4,30,0x48647490,0xea9551eb,ckpt,HIT,2460,23714,19,63,26,17155,171,176,2460,19,63,26,1,1,1,1,1,1,
bram,bbht_grover_upgrade,GT,16383,0,4,31,0x63df3b7f,0xa8b057e1,normal,HIT,14541,30711,21,106,106,37817,378,383,14541,21,106,106,1,1,1,1,1,1,
bram,bbht_grover_upgrade,GT,16383,0,4,31,0x63df3b7f,0xa8b057e1,ckpt,HIT,14541,30711,21,106,43,18962,189,195,14541,21,106,43,1,1,1,1,1,1,
bram,bbht_grover_upgrade,GT,16383,0,4,32,0x433125bb,0x3221fef0,normal,HIT,12148,26989,10,12,12,7846,78,83,12148,10,12,12,1,1,1,1,1,1,
bram,bbht_grover_upgrade,GT,16383,0,4,32,0x433125bb,0x3221fef0,ckpt,HIT,12148,26989,10,12,4,4708,47,53,12148,10,12,4,1,1,1,1,1,1,
bram,bbht_grover_upgrade,GT,16383,0,4,33,0x7943be40,0x6641ee79,normal,HIT,2460,23714,17,57,57,22915,229,234,2460,17,57,57,1,1,1,1,1,1,
bram,bbht_grover_upgrade,GT,16383,0,4,33,0x7943be40,0x6641ee79,ckpt,HIT,2460,23714,17,57,17,10473,104,110,2460,17,57,17,1,1,1,1,1,1,
bram,bbht_grover_upgrade,GT,16383,0,4,34,0x26c93252,0x675d2908,normal,HIT,2460,23714,25,171,171,56879,568,574,2460,25,171,171,1,1,1,1,1,1,
bram,bbht_grover_upgrade,GT,16383,0,4,34,0x26c93252,0x675d2908,ckpt,HIT,2460,23714,25,171,39,19351,193,198,2460,25,171,39,1,1,1,1,1,1,
bram,bbht_grover_upgrade,GT,16383,0,4,35,0xdbe3ed49,0xa7cfea56,normal,HIT,10937,16908,18,73,73,27798,277,283,10937,18,73,73,1,1,1,1,1,1,
bram,bbht_grover_upgrade,GT,16383,0,4,35,0xdbe3ed49,0xa7cfea56,ckpt,HIT,10937,16908,18,73,17,11192,111,118,10937,18,73,17,1,1,1,1,1,1,
bram,bbht_grover_upgrade,GT,16383,0,4,36,0xc2ec9bb4,0xbfc0ae9e,normal,HIT,14541,30711,23,180,180,58524,585,590,14541,23,180,180,1,1,1,1,1,1,
bram,bbht_grover_upgrade,GT,16383,0,4,36,0xc2ec9bb4,0xbfc0ae9e,ckpt,HIT,14541,30711,23,180,45,20176,201,206,14541,23,180,45,1,1,1,1,1,1,
bram,bbht_grover_upgrade,GT,16383,0,4,37,0xe7ec8559,0x307064ac,normal,HIT,2460,23714,12,17,17,10091,100,106,2460,12,17,17,1,1,1,1,1,1,
bram,bbht_grover_upgrade,GT,16383,0,4,37,0xe7ec8559,0x307064ac,ckpt,HIT,2460,23714,12,17,7,6177,61,67,2460,12,17,7,1,1,1,1,1,1,
bram,bbht_grover_upgrade,GT,16383,0,4,38,0xccb88b54,0x2cf00158,normal,HIT,10937,16908,21,123,123,42508,425,431,10937,21,123,123,1,1,1,1,1,1,
bram,bbht_grover_upgrade,GT,16383,0,4,38,0xccb88b54,0x2cf00158,ckpt,HIT,10937,16908,21,123,29,15413,154,158,10937,21,123,29,1,1,1,1,1,1,
bram,bbht_grover_upgrade,GT,16383,0,4,39,0xb512e6a4,0x2b9e708c,normal,HIT,14541,30711,21,105,105,37738,377,383,14541,21,105,105,1,1,1,1,1,1,
bram,bbht_grover_upgrade,GT,16383,0,4,39,0xb512e6a4,0x2b9e708c,ckpt,HIT,14541,30711,21,105,30,15854,158,163,14541,21,105,30,1,1,1,1,1,1,
bram,bbht_grover_upgrade,GT,16383,0,4,40,0x7e2c3d82,0xa69fb195,normal,HIT,12148,26989,22,119,119,41823,418,423,12148,22,119,119,1,1,1,1,1,1,
bram,bbht_grover_upgrade,GT,16383,0,4,40,0x7e2c3d82,0xa69fb195,ckpt,HIT,12148,26989,22,119,31,16385,163,168,12148,22,119,31,1,1,1,1,1,1,
bram,bbht_grover_upgrade,GT,16383,0,4,41,0x58b3e5ad,0x23a21253,normal,HIT,12148,26989,17,61,61,24010,240,245,12148,17,61,61,1,1,1,1,1,1,
bram,bbht_grover_upgrade,GT,16383,0,4,41,0x58b3e5ad,0x23a21253,ckpt,HIT,12148,26989,17,61,21,11650,116,120,12148,17,61,21,1,1,1,1,1,1,
bram,bbht_grover_upgrade,GT,16383,0,4,42,0x9a07c40b,0x3ea78d8c,normal,HIT,14541,30711,18,75,75,28242,282,288,14541,18,75,75,1,1,1,1,1,1,
bram,bbht_grover_upgrade,GT,16383,0,4,42,0x9a07c40b,0x3ea78d8c,ckpt,HIT,14541,30711,18,75,18,11299,112,117,14541,18,75,18,1,1,1,1,1,1,
bram,bbht_grover_upgrade,GT,16383,0,4,43,0xf1f9a54b,0x7b00db61,normal,HIT,2460,23714,21,141,141,47258,472,478,2460,21,141,141,1,1,1,1,1,1,
bram,bbht_grover_upgrade,GT,16383,0,4,43,0xf1f9a54b,0x7b00db61,ckpt,HIT,2460,23714,21,141,27,18082,180,185,2460,21,141,27,1,1,1,1,1,1,
bram,bbht_grover_upgrade,GT,16383,0,4,44,0xfba6212d,0xb8b8356a,normal,HIT,2460,23714,16,44,44,19106,191,197,2460,16,44,44,1,1,1,1,1,1,
bram,bbht_grover_upgrade,GT,16383,0,4,44,0xfba6212d,0xb8b8356a,ckpt,HIT,2460,23714,16,44,12,8914,89,93,2460,16,44,12,1,1,1,1,1,1,
bram,bbht_grover_upgrade,GT,16383,0,4,45,0x1ca60615,0xd753b84a,normal,HIT,10937,16908,16,40,40,18102,181,186,10937,16,40,40,1,1,1,1,1,1,
bram,bbht_grover_upgrade,GT,16383,0,4,45,0x1ca60615,0xd753b84a,ckpt,HIT,10937,16908,16,40,10,8395,83,89,10937,16,40,10,1,1,1,1,1,1,
bram,bbht_grover_upgrade,GT,16383,0,4,46,0xa085c93e,0x19b8504d,normal,HIT,10937,16908,24,164,164,54704,547,553,10937,24,164,164,1,1,1,1,1,1,
bram,bbht_grover_upgrade,GT,16383,0,4,46,0xa085c93e,0x19b8504d,ckpt,HIT,10937,16908,24,164,42,19762,197,203,10937,24,164,42,1,1,1,1,1,1,
bram,bbht_grover_upgrade,GT,16383,0,4,47,0x18190603,0xad0438b2,normal,HIT,12148,26989,19,76,76,28941,289,295,12148,19,76,76,1,1,1,1,1,1,
bram,bbht_grover_upgrade,GT,16383,0,4,47,0x18190603,0xad0438b2,ckpt,HIT,12148,26989,19,76,26,13795,137,143,12148,19,76,26,1,1,1,1,1,1,
bram,bbht_grover_upgrade,GT,16383,0,4,48,0xc1143c78,0xbbdab3cd,normal,HIT,14541,30711,25,157,157,53344,533,538,14541,25,157,157,1,1,1,1,1,1,
bram,bbht_grover_upgrade,GT,16383,0,4,48,0xc1143c78,0xbbdab3cd,ckpt,HIT,14541,30711,25,157,37,19189,191,197,14541,25,157,37,1,1,1,1,1,1,
bram,bbht_grover_upgrade,GT,16383,0,4,49,0x332063fc,0x222ba57c,normal,HIT,14541,30711,23,148,148,50044,500,505,14541,23,148,148,1,1,1,1,1,1,
bram,bbht_grover_upgrade,GT,16383,0,4,49,0x332063fc,0x222ba57c,ckpt,HIT,14541,30711,23,148,40,18952,189,195,14541,23,148,40,1,1,1,1,1,1,
bram,bbht_grover_upgrade,GT,16383,0,4,50,0xd6f4066b,0xab9eb714,normal,HIT,12148,26989,16,32,32,15887,158,164,12148,16,32,32,1,1,1,1,1,1,
bram,bbht_grover_upgrade,GT,16383,0,4,50,0xd6f4066b,0xab9eb714,ckpt,HIT,12148,26989,16,32,12,8848,88,94,12148,16,32,12,1,1,1,1,1,1,
bram,bbht_grover_upgrade,GT,16383,0,4,51,0x64b9628c,0x9cd8b518,normal,HIT,10937,16908,20,88,88,32603,326,331,10937,20,88,88,1,1,1,1,1,1,
bram,bbht_grover_upgrade,GT,16383,0,4,51,0x64b9628c,0x9cd8b518,ckpt,HIT,10937,16908,20,88,22,13301,133,138,10937,20,88,22,1,1,1,1,1,1,
bram,bbht_grover_upgrade,GT,16383,0,4,52,0x894e6771,0x8a255c2e,normal,HIT,10937,16908,15,28,28,14513,145,151,10937,15,28,28,1,1,1,1,1,1,
bram,bbht_grover_upgrade,GT,16383,0,4,52,0x894e6771,0x8a255c2e,ckpt,HIT,10937,16908,15,28,9,7843,78,83,10937,15,28,9,1,1,1,1,1,1,
bram,bbht_grover_upgrade,GT,16383,0,4,53,0xe3e668e8,0xff1f20c3,normal,HIT,12148,26989,18,49,49,21462,214,220,12148,18,49,49,1,1,1,1,1,1,
bram,bbht_grover_upgrade,GT,16383,0,4,53,0xe3e668e8,0xff1f20c3,ckpt,HIT,12148,26989,18,49,16,10871,108,114,12148,18,49,16,1,1,1,1,1,1,
bram,bbht_grover_upgrade,GT,16383,0,4,54,0x36980406,0xfbdbfa61,normal,HIT,10937,16908,22,121,121,42316,423,429,10937,22,121,121,1,1,1,1,1,1,
bram,bbht_grover_upgrade,GT,16383,0,4,54,0x36980406,0xfbdbfa61,ckpt,HIT,10937,16908,22,121,29,15684,156,162,10937,22,121,29,1,1,1,1,1,1,
bram,bbht_grover_upgrade,GT,16383,0,4,55,0x114d2b4a,0xa617ad4e,normal,HIT,2460,23714,23,124,124,43678,436,441,2460,23,124,124,1,1,1,1,1,1,
bram,bbht_grover_upgrade,GT,16383,0,4,55,0x114d2b4a,0xa617ad4e,ckpt,HIT,2460,23714,23,124,52,25021,250,255,2460,23,124,52,1,1,1,1,1,1,
bram,bbht_grover_upgrade,GT,16383,0,4,56,0x3b8907e1,0x0c6cbd10,normal,HIT,10937,16908,17,37,37,17806,178,183,10937,17,37,37,1,1,1,1,1,1,
bram,bbht_grover_upgrade,GT,16383,0,4,56,0x3b8907e1,0x0c6cbd10,ckpt,HIT,10937,16908,17,37,12,9305,93,98,10937,17,37,12,1,1,1,1,1,1,
bram,bbht_grover_upgrade,GT,16383,0,4,57,0x2cd09c1d,0x964fb1a7,normal,HIT,14541,30711,21,126,126,43160,431,437,14541,21,126,126,1,1,1,1,1,1,
bram,bbht_grover_upgrade,GT,16383,0,4,57,0x2cd09c1d,0x964fb1a7,ckpt,HIT,14541,30711,21,126,31,15718,157,162,14541,21,126,31,1,1,1,1,1,1,
bram,bbht_grover_upgrade,GT,16383,0,4,58,0x6d7a8604,0xbd6f99c6,normal,HIT,2460,23714,15,37,37,16864,168,173,2460,15,37,37,1,1,1,1,1,1,
bram,bbht_grover_upgrade,GT,16383,0,4,58,0x6d7a8604,0xbd6f99c6,ckpt,HIT,2460,23714,15,37,12,8663,86,92,2460,15,37,12,1,1,1,1,1,1,
bram,bbht_grover_upgrade,GT,16383,0,4,59,0x1fadaf42,0x60010aa3,normal,HIT,12148,26989,26,163,163,55453,554,560,12148,26,163,163,1,1,1,1,1,1,
bram,bbht_grover_upgrade,GT,16383,0,4,59,0x1fadaf42,0x60010aa3,ckpt,HIT,12148,26989,26,163,38,19692,196,201,12148,26,163,38,1,1,1,1,1,1,
bram,bbht_grover_upgrade,GT,16383,0,4,60,0x92fe7cfd,0xb54e2773,normal,HIT,2460,23714,22,170,170,55379,553,558,2460,22,170,170,1,1,1,1,1,1,
bram,bbht_grover_upgrade,GT,16383,0,4,60,0x92fe7cfd,0xb54e2773,ckpt,HIT,2460,23714,22,170,37,18227,182,187,2460,22,170,37,1,1,1,1,1,1,
bram,bbht_grover_upgrade,GT,16383,0,4,61,0x1aecb060,0x9c545eba,normal,HIT,14541,30711,17,47,47,20499,204,211,14541,17,47,47,1,1,1,1,1,1,
bram,bbht_grover_upgrade,GT,16383,0,4,61,0x1aecb060,0x9c545eba,ckpt,HIT,14541,30711,17,47,15,10495,104,109,14541,17,47,15,1,1,1,1,1,1,
bram,bbht_grover_upgrade,GT,16383,0,4,62,0x91778cc3,0xbd1d1bc0,normal,HIT,10937,16908,15,37,37,16877,168,174,10937,15,37,37,1,1,1,1,1,1,
bram,bbht_grover_upgrade,GT,16383,0,4,62,0x91778cc3,0xbd1d1bc0,ckpt,HIT,10937,16908,15,37,10,8255,82,88,10937,15,37,10,1,1,1,1,1,1,
bram,bbht_grover_upgrade,GT,16383,0,4,63,0xe6b7e7eb,0xd542988e,normal,HIT,10937,16908,26,195,195,63856,638,644,10937,26,195,195,1,1,1,1,1,1,
bram,bbht_grover_upgrade,GT,16383,0,4,63,0xe6b7e7eb,0xd542988e,ckpt,HIT,10937,16908,26,195,55,24244,242,248,10937,26,195,55,1,1,1,1,1,1,
bram,bbht_grover_upgrade,GT,16383,0,4,64,0x6770144c,0xd2d3c6e7,normal,HIT,2460,23714,23,129,129,44943,449,454,2460,23,129,129,1,1,1,1,1,1,
bram,bbht_grover_upgrade,GT,16383,0,4,64,0x6770144c,0xd2d3c6e7,ckpt,HIT,2460,23714,23,129,37,18498,184,190,2460,23,129,37,1,1,1,1,1,1,
bram,bbht_grover_upgrade,GT,16383,0,4,65,0xc600a248,0x0a1e0844,normal,HIT,14541,30711,23,131,131,45430,454,459,14541,23,131,131,1,1,1,1,1,1,
bram,bbht_grover_upgrade,GT,16383,0,4,65,0xc600a248,0x0a1e0844,ckpt,HIT,14541,30711,23,131,64,25200,252,257,14541,23,131,64,1,1,1,1,1,1,
bram,bbht_grover_upgrade,GT,16383,0,4,66,0x1ea4f830,0x2ef0f28e,normal,HIT,2460,23714,24,119,119,42815,428,434,2460,24,119,119,1,1,1,1,1,1,
bram,bbht_grover_upgrade,GT,16383,0,4,66,0x1ea4f830,0x2ef0f28e,ckpt,HIT,2460,23714,24,119,28,16545,165,170,2460,24,119,28,1,1,1,1,1,1,
bram,bbht_grover_upgrade,GT,16383,0,4,67,0x639604f3,0x7fe04f83,normal,HIT,10937,16908,22,105,105,38188,381,386,10937,22,105,105,1,1,1,1,1,1,
bram,bbht_grover_upgrade,GT,16383,0,4,67,0x639604f3,0x7fe04f83,ckpt,HIT,10937,16908,22,105,48,23690,236,243,10937,22,105,48,1,1,1,1,1,1,
bram,bbht_grover_upgrade,GT,16383,0,4,68,0x6e084a84,0xb643b17e,normal,HIT,10937,16908,22,110,110,39370,393,399,10937,22,110,110,1,1,1,1,1,1,
bram,bbht_grover_upgrade,GT,16383,0,4,68,0x6e084a84,0xb643b17e,ckpt,HIT,10937,16908,22,110,33,16590,165,171,10937,22,110,33,1,1,1,1,1,1,
bram,bbht_grover_upgrade,GT,16383,0,4,69,0x3d7fc476,0x467d7a44,normal,HIT,10937,16908,23,160,160,53218,532,537,10937,23,160,160,1,1,1,1,1,1,
bram,bbht_grover_upgrade,GT,16383,0,4,69,0x3d7fc476,0x467d7a44,ckpt,HIT,10937,16908,23,160,56,23169,231,237,10937,23,160,56,1,1,1,1,1,1,
bram,bbht_grover_upgrade,GT,16383,0,4,70,0xedca3875,0xefade11e,normal,HIT,2460,23714,21,82,82,31598,315,321,2460,21,82,82,1,1,1,1,1,1,
bram,bbht_grover_upgrade,GT,16383,0,4,70,0xedca3875,0xefade11e,ckpt,HIT,2460,23714,21,82,18,12596,125,131,2460,21,82,18,1,1,1,1,1,1,
bram,bbht_grover_upgrade,GT,16383,0,4,71,0xb883121d,0x095c678c,normal,HIT,12148,26989,19,45,45,20853,208,214,12148,19,45,45,1,1,1,1,1,1,
bram,bbht_grover_upgrade,GT,16383,0,4,71,0xb883121d,0x095c678c,ckpt,HIT,12148,26989,19,45,14,10699,106,111,12148,19,45,14,1,1,1,1,1,1,
bram,bbht_grover_upgrade,GT,16383,0,4,72,0xace22797,0xbc422a9a,normal,HIT,2460,23714,9,10,10,6861,68,74,2460,9,10,10,1,1,1,1,1,1,
bram,bbht_grover_upgrade,GT,16383,0,4,72,0xace22797,0xbc422a9a,ckpt,HIT,2460,23714,9,10,4,4377,43,48,2460,9,10,4,1,1,1,1,1,1,
bram,bbht_grover_upgrade,GT,16383,0,4,73,0xefd3172d,0x8c2c3233,normal,HIT,2460,23714,21,100,100,36284,362,367,2460,21,100,100,1,1,1,1,1,1,
bram,bbht_grover_upgrade,GT,16383,0,4,73,0xefd3172d,0x8c2c3233,ckpt,HIT,2460,23714,21,100,35,16726,167,173,2460,21,100,35,1,1,1,1,1,1,
bram,bbht_grover_upgrade,GT,16383,0,4,74,0xe6aacdb5,0x7f1c158a,normal,HIT,12148,26989,23,212,212,66947,669,674,12148,23,212,212,1,1,1,1,1,1,
bram,bbht_grover_upgrade,GT,16383,0,4,74,0xe6aacdb5,0x7f1c158a,ckpt,HIT,12148,26989,23,212,40,18987,189,195,12148,23,212,40,1,1,1,1,1,1,
bram,bbht_grover_upgrade,GT,16383,0,4,75,0x6566c598,0xca804b00,normal,HIT,2460,23714,22,140,140,47381,473,479,2460,22,140,140,1,1,1,1,1,1,
bram,bbht_grover_upgrade,GT,16383,0,4,75,0x6566c598,0xca804b00,ckpt,HIT,2460,23714,22,140,26,15130,151,157,2460,22,140,26,1,1,1,1,1,1,
bram,bbht_grover_upgrade,GT,16383,0,4,76,0x4e646d9d,0xcbae5ac0,normal,HIT,10937,16908,17,64,64,24954,249,255,10937,17,64,64,1,1,1,1,1,1,
bram,bbht_grover_upgrade,GT,16383,0,4,76,0x4e646d9d,0xcbae5ac0,ckpt,HIT,10937,16908,17,64,19,11157,111,116,10937,17,64,19,1,1,1,1,1,1,
bram,bbht_grover_upgrade,GT,16383,0,4,77,0x05d81d6f,0x260c4013,normal,HIT,12148,26989,24,189,189,61280,612,618,12148,24,189,189,1,1,1,1,1,1,
bram,bbht_grover_upgrade,GT,16383,0,4,77,0x05d81d6f,0x260c4013,ckpt,HIT,12148,26989,24,189,58,23831,238,244,12148,24,189,58,1,1,1,1,1,1,
bram,bbht_grover_upgrade,GT,16383,0,4,78,0x2018f6a3,0x5728c7f4,normal,HIT,10937,16908,10,11,11,7625,76,81,10937,10,11,11,1,1,1,1,1,1,
bram,bbht_grover_upgrade,GT,16383,0,4,78,0x2018f6a3,0x5728c7f4,ckpt,HIT,10937,16908,10,11,2,4218,42,46,10937,10,11,2,1,1,1,1,1,1,
bram,bbht_grover_upgrade,GT,16383,0,4,79,0x718ebf0c,0x4d7d460c,normal,HIT,2460,23714,24,138,138,47799,477,483,2460,24,138,138,1,1,1,1,1,1,
bram,bbht_grover_upgrade,GT,16383,0,4,79,0x718ebf0c,0x4d7d460c,ckpt,HIT,2460,23714,24,138,54,26346,263,269,2460,24,138,54,1,1,1,1,1,1,
bram,bbht_grover_upgrade,GT,16383,0,4,80,0x042a8f17,0x2093b3f4,normal,HIT,14541,30711,21,89,89,33374,333,338,14541,21,89,89,1,1,1,1,1,1,
bram,bbht_grover_upgrade,GT,16383,0,4,80,0x042a8f17,0x2093b3f4,ckpt,HIT,14541,30711,21,89,24,14041,140,146,14541,21,89,24,1,1,1,1,1,1,
bram,bbht_grover_upgrade,GT,16383,0,4,81,0xfc1c775d,0x35bd20f1,normal,HIT,2460,23714,13,28,28,13535,135,140,2460,13,28,28,1,1,1,1,1,1,
bram,bbht_grover_upgrade,GT,16383,0,4,81,0xfc1c775d,0x35bd20f1,ckpt,HIT,2460,23714,13,28,5,6052,60,65,2460,13,28,5,1,1,1,1,1,1,
bram,bbht_grover_upgrade,GT,16383,0,4,82,0x16b93b63,0x7d609ba5,normal,HIT,10937,16908,20,84,84,31719,317,323,10937,20,84,84,1,1,1,1,1,1,
bram,bbht_grover_upgrade,GT,16383,0,4,82,0x16b93b63,0x7d609ba5,ckpt,HIT,10937,16908,20,84,30,15334,153,159,10937,20,84,30,1,1,1,1,1,1,
bram,bbht_grover_upgrade,GT,16383,0,4,83,0x8ce1028e,0xb152e7ef,normal,HIT,14541,30711,19,79,79,29751,297,302,14541,19,79,79,1,1,1,1,1,1,
bram,bbht_grover_upgrade,GT,16383,0,4,83,0x8ce1028e,0xb152e7ef,ckpt,HIT,14541,30711,19,79,22,12765,127,134,14541,19,79,22,1,1,1,1,1,1,
bram,bbht_grover_upgrade,GT,16383,0,4,84,0x87bad980,0x7dbefa97,normal,HIT,14541,30711,18,66,66,25921,259,265,14541,18,66,66,1,1,1,1,1,1,
bram,bbht_grover_upgrade,GT,16383,0,4,84,0x87bad980,0x7dbefa97,ckpt,HIT,14541,30711,18,66,23,12790,127,133,14541,18,66,23,1,1,1,1,1,1,
bram,bbht_grover_upgrade,GT,16383,0,4,85,0xd63d86f3,0xf5399cca,normal,HIT,2460,23714,16,32,32,15948,159,165,2460,16,32,32,1,1,1,1,1,1,
bram,bbht_grover_upgrade,GT,16383,0,4,85,0xd63d86f3,0xf5399cca,ckpt,HIT,2460,23714,16,32,9,8218,82,88,2460,16,32,9,1,1,1,1,1,1,
bram,bbht_grover_upgrade,GT,16383,0,4,86,0xeeaba102,0x01560fc0,normal,HIT,12148,26989,21,91,91,33963,339,345,12148,21,91,91,1,1,1,1,1,1,
bram,bbht_grover_upgrade,GT,16383,0,4,86,0xeeaba102,0x01560fc0,ckpt,HIT,12148,26989,21,91,20,13304,133,138,12148,21,91,20,1,1,1,1,1,1,
bram,bbht_grover_upgrade,GT,16383,0,4,87,0xc1fee4bb,0xc7e12d58,normal,HIT,14541,30711,22,146,146,49013,490,495,14541,22,146,146,1,1,1,1,1,1,
bram,bbht_grover_upgrade,GT,16383,0,4,87,0xc1fee4bb,0xc7e12d58,ckpt,HIT,14541,30711,22,146,49,20820,208,214,14541,22,146,49,1,1,1,1,1,1,
bram,bbht_grover_upgrade,GT,16383,0,4,88,0x0707c9da,0xf644a3f9,normal,HIT,10937,16908,16,48,48,20165,201,206,10937,16,48,48,1,1,1,1,1,1,
bram,bbht_grover_upgrade,GT,16383,0,4,88,0x0707c9da,0xf644a3f9,ckpt,HIT,10937,16908,16,48,16,9994,99,105,10937,16,48,16,1,1,1,1,1,1,
bram,bbht_grover_upgrade,GT,16383,0,4,89,0xde0d9c30,0x58a2ee8f,normal,HIT,12148,26989,21,91,91,33936,339,345,12148,21,91,91,1,1,1,1,1,1,
bram,bbht_grover_upgrade,GT,16383,0,4,89,0xde0d9c30,0x58a2ee8f,ckpt,HIT,12148,26989,21,91,27,14722,147,152,12148,21,91,27,1,1,1,1,1,1,
bram,bbht_grover_upgrade,GT,16383,0,4,90,0x7cd0efc7,0x9f385cfb,normal,HIT,2460,23714,23,110,110,39920,399,404,2460,23,110,110,1,1,1,1,1,1,
bram,bbht_grover_upgrade,GT,16383,0,4,90,0x7cd0efc7,0x9f385cfb,ckpt,HIT,2460,23714,23,110,41,19284,192,198,2460,23,110,41,1,1,1,1,1,1,
bram,bbht_grover_upgrade,GT,16383,0,4,91,0xe4cb50a6,0x94d13729,normal,HIT,14541,30711,20,100,100,35928,359,364,14541,20,100,100,1,1,1,1,1,1,
bram,bbht_grover_upgrade,GT,16383,0,4,91,0xe4cb50a6,0x94d13729,ckpt,HIT,14541,30711,20,100,22,13106,131,137,14541,20,100,22,1,1,1,1,1,1,
bram,bbht_grover_upgrade,GT,16383,0,4,92,0xa0882219,0x18f75d24,normal,HIT,10937,16908,22,146,146,48914,489,493,10937,22,146,146,1,1,1,1,1,1,
bram,bbht_grover_upgrade,GT,16383,0,4,92,0xa0882219,0x18f75d24,ckpt,HIT,10937,16908,22,146,39,20899,208,214,10937,22,146,39,1,1,1,1,1,1,
bram,bbht_grover_upgrade,GT,16383,0,4,93,0xc435e6f2,0xf75a52bc,normal,HIT,12148,26989,20,96,96,34856,348,353,12148,20,96,96,1,1,1,1,1,1,
bram,bbht_grover_upgrade,GT,16383,0,4,93,0xc435e6f2,0xf75a52bc,ckpt,HIT,12148,26989,20,96,25,14085,140,146,12148,20,96,25,1,1,1,1,1,1,
bram,bbht_grover_upgrade,GT,16383,0,4,94,0x011b63f0,0x0aa34346,normal,HIT,10937,16908,18,62,62,24793,247,253,10937,18,62,62,1,1,1,1,1,1,
bram,bbht_grover_upgrade,GT,16383,0,4,94,0x011b63f0,0x0aa34346,ckpt,HIT,10937,16908,18,62,27,13593,135,141,10937,18,62,27,1,1,1,1,1,1,
bram,bbht_grover_upgrade,GT,16383,0,4,95,0x1b456e77,0xee460f94,normal,HIT,10937,16908,17,47,47,20540,205,211,10937,17,47,47,1,1,1,1,1,1,
bram,bbht_grover_upgrade,GT,16383,0,4,95,0x1b456e77,0xee460f94,ckpt,HIT,10937,16908,17,47,18,11496,114,121,10937,17,47,18,1,1,1,1,1,1,
bram,bbht_grover_upgrade,GT,16383,0,4,96,0x10088608,0xef418331,normal,HIT,10937,16908,19,74,74,28450,284,289,10937,19,74,74,1,1,1,1,1,1,
bram,bbht_grover_upgrade,GT,16383,0,4,96,0x10088608,0xef418331,ckpt,HIT,10937,16908,19,74,18,11610,116,121,10937,19,74,18,1,1,1,1,1,1,
bram,bbht_grover_upgrade,GT,16383,0,4,97,0x6fcfc352,0xf8fa9f4c,normal,HIT,2460,23714,16,33,33,16303,163,168,2460,16,33,33,1,1,1,1,1,1,
bram,bbht_grover_upgrade,GT,16383,0,4,97,0x6fcfc352,0xf8fa9f4c,ckpt,HIT,2460,23714,16,33,16,10471,104,109,2460,16,33,16,1,1,1,1,1,1,
bram,bbht_grover_upgrade,GT,16383,0,4,98,0xfb6077af,0x713595a9,normal,HIT,14541,30711,16,45,45,19425,194,200,14541,16,45,45,1,1,1,1,1,1,
bram,bbht_grover_upgrade,GT,16383,0,4,98,0xfb6077af,0x713595a9,ckpt,HIT,14541,30711,16,45,15,9805,98,104,14541,16,45,15,1,1,1,1,1,1,
bram,bbht_grover_upgrade,GT,16383,0,4,99,0xc6ebb72e,0x08fdf109,normal,HIT,14541,30711,21,101,101,36571,365,371,14541,21,101,101,1,1,1,1,1,1,
bram,bbht_grover_upgrade,GT,16383,0,4,99,0xc6ebb72e,0x08fdf109,ckpt,HIT,14541,30711,21,101,31,15867,158,164,14541,21,101,31,1,1,1,1,1,1,
bram,bbht_grover_upgrade,GT,16383,0,16,0,0x7b1dcdaf,0x24370df2,normal,HIT,7119,21276,25,308,308,93238,932,937,7119,25,308,308,1,1,1,1,1,1,
bram,bbht_grover_upgrade,GT,16383,0,16,0,0x7b1dcdaf,0x24370df2,ckpt,HIT,7119,21276,25,308,70,27513,275,281,7119,25,308,70,1,1,1,1,1,1,
bram,bbht_grover_upgrade,GT,16383,0,16,1,0x3a85a4dc,0xa3b9aa35,normal,HIT,13499,22948,11,9,9,7539,75,80,13499,11,9,9,1,1,1,1,1,1,
bram,bbht_grover_upgrade,GT,16383,0,16,1,0x3a85a4dc,0xa3b9aa35,ckpt,HIT,13499,22948,11,9,4,5071,50,56,13499,11,9,4,1,1,1,1,1,1,
bram,bbht_grover_upgrade,GT,16383,0,16,2,0x6162a8b2,0x871c276f,normal,HIT,12148,26989,17,56,56,22763,227,233,12148,17,56,56,1,1,1,1,1,1,
bram,bbht_grover_upgrade,GT,16383,0,16,2,0x6162a8b2,0x871c276f,ckpt,HIT,12148,26989,17,56,16,10288,102,108,12148,17,56,16,1,1,1,1,1,1,
bram,bbht_grover_upgrade,GT,16383,0,16,3,0xc3adc34e,0xf5b8f22b,normal,HIT,9616,21800,10,13,13,8111,81,86,9616,10,13,13,1,1,1,1,1,1,
bram,bbht_grover_upgrade,GT,16383,0,16,3,0xc3adc34e,0xf5b8f22b,ckpt,HIT,9616,21800,10,13,5,4975,49,55,9616,10,13,5,1,1,1,1,1,1,
bram,bbht_grover_upgrade,GT,16383,0,16,4,0x2bb073ff,0x3f8396e3,normal,HIT,13499,22948,12,17,17,10116,101,107,13499,12,17,17,1,1,1,1,1,1,
bram,bbht_grover_upgrade,GT,16383,0,16,4,0x2bb073ff,0x3f8396e3,ckpt,HIT,13499,22948,12,17,7,6245,62,67,13499,12,17,7,1,1,1,1,1,1,
bram,bbht_grover_upgrade,GT,16383,0,16,5,0xda585ab3,0xa7197ad7,normal,HIT,10937,16908,19,57,57,24007,240,246,10937,19,57,57,1,1,1,1,1,1,
bram,bbht_grover_upgrade,GT,16383,0,16,5,0xda585ab3,0xa7197ad7,ckpt,HIT,10937,16908,19,57,18,11596,115,120,10937,19,57,18,1,1,1,1,1,1,
bram,bbht_grover_upgrade,GT,16383,0,16,6,0x0ed109c0,0x5701ce52,normal,HIT,6979,19071,17,68,68,25878,258,265,6979,17,68,68,1,1,1,1,1,1,
bram,bbht_grover_upgrade,GT,16383,0,16,6,0x0ed109c0,0x5701ce52,ckpt,HIT,6979,19071,17,68,18,13848,138,143,6979,17,68,18,1,1,1,1,1,1,
bram,bbht_grover_upgrade,GT,16383,0,16,7,0x102ecf73,0x53c7612b,normal,HIT,86,26850,7,5,5,4569,45,51,86,7,5,5,1,1,1,1,1,1,
bram,bbht_grover_upgrade,GT,16383,0,16,7,0x102ecf73,0x53c7612b,ckpt,HIT,86,26850,7,5,2,3124,31,37,86,7,5,2,1,1,1,1,1,1,
bram,bbht_grover_upgrade,GT,16383,0,16,8,0xcf29b6a1,0x35231a84,normal,HIT,6322,19210,19,76,76,29066,290,296,6322,19,76,76,1,1,1,1,1,1,
bram,bbht_grover_upgrade,GT,16383,0,16,8,0xcf29b6a1,0x35231a84,ckpt,HIT,6322,19210,19,76,26,13902,139,144,6322,19,76,26,1,1,1,1,1,1,
bram,bbht_grover_upgrade,GT,16383,0,16,9,0xc49cbb42,0xd0a3bbb8,normal,HIT,9359,25296,17,40,40,18496,184,190,9359,17,40,40,1,1,1,1,1,1,
bram,bbht_grover_upgrade,GT,16383,0,16,9,0xc49cbb42,0xd0a3bbb8,ckpt,HIT,9359,25296,17,40,18,10786,107,113,9359,17,40,18,1,1,1,1,1,1,
bram,bbht_grover_upgrade,GT,16383,0,16,10,0x4cc51d23,0xee0e3ab4,normal,HIT,14644,22285,15,35,35,16230,162,166,14644,15,35,35,1,1,1,1,1,1,
bram,bbht_grover_upgrade,GT,16383,0,16,10,0x4cc51d23,0xee0e3ab4,ckpt,HIT,14644,22285,15,35,11,8348,83,89,14644,15,35,11,1,1,1,1,1,1,
bram,bbht_grover_upgrade,GT,16383,0,16,11,0xf9e8aa7a,0x3208c31a,normal,HIT,1999,28193,17,57,57,22999,229,234,1999,17,57,57,1,1,1,1,1,1,
bram,bbht_grover_upgrade,GT,16383,0,16,11,0xf9e8aa7a,0x3208c31a,ckpt,HIT,1999,28193,17,57,11,9128,91,97,1999,17,57,11,1,1,1,1,1,1,
bram,bbht_grover_upgrade,GT,16383,0,16,12,0xdda8b051,0xc8105c9d,normal,HIT,86,26850,14,20,20,11835,118,124,86,14,20,20,1,1,1,1,1,1,
bram,bbht_grover_upgrade,GT,16383,0,16,12,0xdda8b051,0xc8105c9d,ckpt,HIT,86,26850,14,20,10,7863,78,85,86,14,20,10,1,1,1,1,1,1,
bram,bbht_grover_upgrade,GT,16383,0,16,13,0xabfb11bf,0xf5dec75e,normal,HIT,14644,22285,12,24,24,12017,120,126,14644,12,24,24,1,1,1,1,1,1,
bram,bbht_grover_upgrade,GT,16383,0,16,13,0xabfb11bf,0xf5dec75e,ckpt,HIT,14644,22285,12,24,7,6247,62,67,14644,12,24,7,1,1,1,1,1,1,
bram,bbht_grover_upgrade,GT,16383,0,16,14,0x20639811,0x6b6a7c47,normal,HIT,14644,22285,12,19,19,10624,106,111,14644,12,19,19,1,1,1,1,1,1,
bram,bbht_grover_upgrade,GT,16383,0,16,14,0x20639811,0x6b6a7c47,ckpt,HIT,14644,22285,12,19,6,5915,59,64,14644,12,19,6,1,1,1,1,1,1,
bram,bbht_grover_upgrade,GT,16383,0,16,15,0xac72acd2,0xca84bc6c,normal,HIT,9669,18554,16,39,39,17850,178,184,9669,16,39,39,1,1,1,1,1,1,
bram,bbht_grover_upgrade,GT,16383,0,16,15,0xac72acd2,0xca84bc6c,ckpt,HIT,9669,18554,16,39,11,9034,90,96,9669,16,39,11,1,1,1,1,1,1,
bram,bbht_grover_upgrade,GT,16383,0,16,16,0x49a2da79,0xe1376725,normal,HIT,9098,29117,10,16,16,8889,88,94,9098,10,16,16,1,1,1,1,1,1,
bram,bbht_grover_upgrade,GT,16383,0,16,16,0x49a2da79,0xe1376725,ckpt,HIT,9098,29117,10,16,4,4693,46,52,9098,10,16,4,1,1,1,1,1,1,
bram,bbht_grover_upgrade,GT,16383,0,16,17,0x63a4e9d7,0x6166dba4,normal,HIT,13499,22948,15,30,30,15026,150,156,13499,15,30,30,1,1,1,1,1,1,
bram,bbht_grover_upgrade,GT,16383,0,16,17,0x63a4e9d7,0x6166dba4,ckpt,HIT,13499,22948,15,30,10,8220,82,87,13499,15,30,10,1,1,1,1,1,1,
bram,bbht_grover_upgrade,GT,16383,0,16,18,0x8983f102,0x43fb6183,normal,HIT,14541,30711,9,8,8,6314,63,69,14541,9,8,8,1,1,1,1,1,1,
bram,bbht_grover_upgrade,GT,16383,0,16,18,0x8983f102,0x43fb6183,ckpt,HIT,14541,30711,9,8,4,4358,43,48,14541,9,8,4,1,1,1,1,1,1,
bram,bbht_grover_upgrade,GT,16383,0,16,19,0xb671aa78,0xc97ad8a2,normal,HIT,9669,18554,16,35,35,16733,167,172,9669,16,35,35,1,1,1,1,1,1,
bram,bbht_grover_upgrade,GT,16383,0,16,19,0xb671aa78,0xc97ad8a2,ckpt,HIT,9669,18554,16,35,10,8350,83,89,9669,16,35,10,1,1,1,1,1,1,
bram,bbht_grover_upgrade,GT,16383,0,16,20,0xdaeb566a,0x989e5b3d,normal,HIT,10937,16908,16,46,46,19643,196,202,10937,16,46,46,1,1,1,1,1,1,
bram,bbht_grover_upgrade,GT,16383,0,16,20,0xdaeb566a,0x989e5b3d,ckpt,HIT,10937,16908,16,46,13,9222,92,97,10937,16,46,13,1,1,1,1,1,1,
bram,bbht_grover_upgrade,GT,16383,0,16,21,0xf6181c00,0xa345ac4b,normal,HIT,6979,19071,12,12,12,8810,88,94,6979,12,12,12,1,1,1,1,1,1,
bram,bbht_grover_upgrade,GT,16383,0,16,21,0xf6181c00,0xa345ac4b,ckpt,HIT,6979,19071,12,12,5,5693,56,62,6979,12,12,5,1,1,1,1,1,1,
bram,bbht_grover_upgrade,GT,16383,0,16,22,0x4e18d852,0xa08980df,normal,HIT,15344,21024,17,48,48,20637,206,211,15344,17,48,48,1,1,1,1,1,1,
bram,bbht_grover_upgrade,GT,16383,0,16,22,0x4e18d852,0xa08980df,ckpt,HIT,15344,21024,17,48,11,12183,121,128,15344,17,48,11,1,1,1,1,1,1,
bram,bbht_grover_upgrade,GT,16383,0,16,23,0xa035ceba,0x611de4c4,normal,HIT,9359,25296,12,21,21,11283,112,118,9359,12,21,21,1,1,1,1,1,1,
bram,bbht_grover_upgrade,GT,16383,0,16,23,0xa035ceba,0x611de4c4,ckpt,HIT,9359,25296,12,21,7,6313,63,69,9359,12,21,7,1,1,1,1,1,1,
bram,bbht_grover_upgrade,GT,16383,0,16,24,0xc2416ee4,0x7323f479,normal,HIT,9098,29117,11,21,21,10736,107,112,9098,11,21,21,1,1,1,1,1,1,
bram,bbht_grover_upgrade,GT,16383,0,16,24,0xc2416ee4,0x7323f479,ckpt,HIT,9098,29117,11,21,6,5632,56,61,9098,11,21,6,1,1,1,1,1,1,
bram,bbht_grover_upgrade,GT,16383,0,16,25,0xfbdafbdd,0xa0c0cf2f,normal,HIT,15344,21024,16,38,38,17516,175,181,15344,16,38,38,1,1,1,1,1,1,
bram,bbht_grover_upgrade,GT,16383,0,16,25,0xfbdafbdd,0xa0c0cf2f,ckpt,HIT,15344,21024,16,38,10,8340,83,89,15344,16,38,10,1,1,1,1,1,1,
bram,bbht_grover_upgrade,GT,16383,0,16,26,0xa43fbf47,0x8de97b10,normal,HIT,9359,25296,12,13,13,9032,90,95,9359,12,13,13,1,1,1,1,1,1,
bram,bbht_grover_upgrade,GT,16383,0,16,26,0xa43fbf47,0x8de97b10,ckpt,HIT,9359,25296,12,13,6,5913,59,64,9359,12,13,6,1,1,1,1,1,1,
bram,bbht_grover_upgrade,GT,16383,0,16,27,0x6811f7c1,0xcb07044a,normal,HIT,7119,21276,12,17,17,10090,100,106,7119,12,17,17,1,1,1,1,1,1,
bram,bbht_grover_upgrade,GT,16383,0,16,27,0x6811f7c1,0xcb07044a,ckpt,HIT,7119,21276,12,17,4,5567,55,61,7119,12,17,4,1,1,1,1,1,1,
bram,bbht_grover_upgrade,GT,16383,0,16,28,0x610dde2c,0x8cf5deb9,normal,HIT,10937,16908,10,14,14,8374,83,89,10937,10,14,14,1,1,1,1,1,1,
bram,bbht_grover_upgrade,GT,16383,0,16,28,0x610dde2c,0x8cf5deb9,ckpt,HIT,10937,16908,10,14,5,4977,49,54,10937,10,14,5,1,1,1,1,1,1,
bram,bbht_grover_upgrade,GT,16383,0,16,29,0x82241b87,0xbbe27f39,normal,HIT,6979,19071,10,14,14,8294,82,88,6979,10,14,14,1,1,1,1,1,1,
bram,bbht_grover_upgrade,GT,16383,0,16,29,0x82241b87,0xbbe27f39,ckpt,HIT,6979,19071,10,14,3,4359,43,48,6979,10,14,3,1,1,1,1,1,1,
bram,bbht_grover_upgrade,GT,16383,0,16,30,0x48647490,0xea9551eb,normal,HIT,9359,25296,17,38,38,17990,179,186,9359,17,38,38,1,1,1,1,1,1,
bram,bbht_grover_upgrade,GT,16383,0,16,30,0x48647490,0xea9551eb,ckpt,HIT,9359,25296,17,38,12,9317,93,99,9359,17,38,12,1,1,1,1,1,1,
bram,bbht_grover_upgrade,GT,16383,0,16,31,0x63df3b7f,0xa8b057e1,normal,HIT,9669,18554,8,6,6,5325,53,58,9669,8,6,6,1,1,1,1,1,1,
bram,bbht_grover_upgrade,GT,16383,0,16,31,0x63df3b7f,0xa8b057e1,ckpt,HIT,9669,18554,8,6,2,3491,34,40,9669,8,6,2,1,1,1,1,1,1,
bram,bbht_grover_upgrade,GT,16383,0,16,32,0x433125bb,0x3221fef0,normal,HIT,9616,21800,21,70,70,28337,283,288,9616,21,70,70,1,1,1,1,1,1,
bram,bbht_grover_upgrade,GT,16383,0,16,32,0x433125bb,0x3221fef0,ckpt,HIT,9616,21800,21,70,26,14313,143,148,9616,21,70,26,1,1,1,1,1,1,
bram,bbht_grover_upgrade,GT,16383,0,16,33,0x7943be40,0x6641ee79,normal,HIT,10937,16908,11,17,17,9527,95,100,10937,11,17,17,1,1,1,1,1,1,
bram,bbht_grover_upgrade,GT,16383,0,16,33,0x7943be40,0x6641ee79,ckpt,HIT,10937,16908,11,17,6,5472,54,59,10937,11,17,6,1,1,1,1,1,1,
bram,bbht_grover_upgrade,GT,16383,0,16,34,0x26c93252,0x675d2908,normal,HIT,9359,25296,19,84,84,31126,311,317,9359,19,84,84,1,1,1,1,1,1,
bram,bbht_grover_upgrade,GT,16383,0,16,34,0x26c93252,0x675d2908,ckpt,HIT,9359,25296,19,84,17,11439,114,119,9359,19,84,17,1,1,1,1,1,1,
bram,bbht_grover_upgrade,GT,16383,0,16,35,0xdbe3ed49,0xa7cfea56,normal,HIT,9359,25296,18,73,73,27791,277,283,9359,18,73,73,1,1,1,1,1,1,
bram,bbht_grover_upgrade,GT,16383,0,16,35,0xdbe3ed49,0xa7cfea56,ckpt,HIT,9359,25296,18,73,17,11193,111,118,9359,18,73,17,1,1,1,1,1,1,
bram,bbht_grover_upgrade,GT,16383,0,16,36,0xc2ec9bb4,0xbfc0ae9e,normal,HIT,7119,21276,14,23,23,12742,127,132,7119,14,23,23,1,1,1,1,1,1,
bram,bbht_grover_upgrade,GT,16383,0,16,36,0xc2ec9bb4,0xbfc0ae9e,ckpt,HIT,7119,21276,14,23,9,7522,75,79,7119,14,23,9,1,1,1,1,1,1,
bram,bbht_grover_upgrade,GT,16383,0,16,37,0xe7ec8559,0x307064ac,normal,HIT,9359,25296,16,28,28,14863,148,154,9359,16,28,28,1,1,1,1,1,1,
bram,bbht_grover_upgrade,GT,16383,0,16,37,0xe7ec8559,0x307064ac,ckpt,HIT,9359,25296,16,28,9,8439,84,89,9359,16,28,9,1,1,1,1,1,1,
bram,bbht_grover_upgrade,GT,16383,0,16,38,0xccb88b54,0x2cf00158,normal,HIT,15344,21024,15,40,40,17746,177,183,15344,15,40,40,1,1,1,1,1,1,
bram,bbht_grover_upgrade,GT,16383,0,16,38,0xccb88b54,0x2cf00158,ckpt,HIT,15344,21024,15,40,9,7899,78,85,15344,15,40,9,1,1,1,1,1,1,
bram,bbht_grover_upgrade,GT,16383,0,16,39,0xb512e6a4,0x2b9e708c,normal,HIT,13499,22948,16,45,45,19520,195,200,13499,16,45,45,1,1,1,1,1,1,
bram,bbht_grover_upgrade,GT,16383,0,16,39,0xb512e6a4,0x2b9e708c,ckpt,HIT,13499,22948,16,45,14,12113,121,126,13499,16,45,14,1,1,1,1,1,1,
bram,bbht_grover_upgrade,GT,16383,0,16,40,0x7e2c3d82,0xa69fb195,normal,HIT,6979,19071,17,42,42,19116,191,197,6979,17,42,42,1,1,1,1,1,1,
bram,bbht_grover_upgrade,GT,16383,0,16,40,0x7e2c3d82,0xa69fb195,ckpt,HIT,6979,19071,17,42,13,9770,97,104,6979,17,42,13,1,1,1,1,1,1,
bram,bbht_grover_upgrade,GT,16383,0,16,41,0x58b3e5ad,0x23a21253,normal,HIT,86,26850,14,29,29,14193,141,147,86,14,29,29,1,1,1,1,1,1,
bram,bbht_grover_upgrade,GT,16383,0,16,41,0x58b3e5ad,0x23a21253,ckpt,HIT,86,26850,14,29,9,7462,74,80,86,14,29,9,1,1,1,1,1,1,
bram,bbht_grover_upgrade,GT,16383,0,16,42,0x9a07c40b,0x3ea78d8c,normal,HIT,7119,21276,11,12,12,8287,82,87,7119,11,12,12,1,1,1,1,1,1,
bram,bbht_grover_upgrade,GT,16383,0,16,42,0x9a07c40b,0x3ea78d8c,ckpt,HIT,7119,21276,11,12,5,5289,52,57,7119,11,12,5,1,1,1,1,1,1,
bram,bbht_grover_upgrade,GT,16383,0,16,43,0xf1f9a54b,0x7b00db61,normal,HIT,10937,16908,8,6,6,5294,52,57,10937,8,6,6,1,1,1,1,1,1,
bram,bbht_grover_upgrade,GT,16383,0,16,43,0xf1f9a54b,0x7b00db61,ckpt,HIT,10937,16908,8,6,3,3728,37,42,10937,8,6,3,1,1,1,1,1,1,
bram,bbht_grover_upgrade,GT,16383,0,16,44,0xfba6212d,0xb8b8356a,normal,HIT,1999,28193,14,28,28,13972,139,144,1999,14,28,28,1,1,1,1,1,1,
bram,bbht_grover_upgrade,GT,16383,0,16,44,0xfba6212d,0xb8b8356a,ckpt,HIT,1999,28193,14,28,10,7749,77,83,1999,14,28,10,1,1,1,1,1,1,
bram,bbht_grover_upgrade,GT,16383,0,16,45,0x1ca60615,0xd753b84a,normal,HIT,12148,26989,18,66,66,25804,258,263,12148,18,66,66,1,1,1,1,1,1,
bram,bbht_grover_upgrade,GT,16383,0,16,45,0x1ca60615,0xd753b84a,ckpt,HIT,12148,26989,18,66,16,10679,106,111,12148,18,66,16,1,1,1,1,1,1,
bram,bbht_grover_upgrade,GT,16383,0,16,46,0xa085c93e,0x19b8504d,normal,HIT,6979,19071,9,10,10,6861,68,73,6979,9,10,10,1,1,1,1,1,1,
bram,bbht_grover_upgrade,GT,16383,0,16,46,0xa085c93e,0x19b8504d,ckpt,HIT,6979,19071,9,10,4,4375,43,48,6979,9,10,4,1,1,1,1,1,1,
bram,bbht_grover_upgrade,GT,16383,0,16,47,0x18190603,0xad0438b2,normal,HIT,86,26850,9,6,6,5804,58,62,86,9,6,6,1,1,1,1,1,1,
bram,bbht_grover_upgrade,GT,16383,0,16,47,0x18190603,0xad0438b2,ckpt,HIT,86,26850,9,6,3,4116,41,46,86,9,6,3,1,1,1,1,1,1,
bram,bbht_grover_upgrade,GT,16383,0,16,48,0xc1143c78,0xbbdab3cd,normal,HIT,10937,16908,11,7,7,7055,70,75,10937,11,7,7,1,1,1,1,1,1,
bram,bbht_grover_upgrade,GT,16383,0,16,48,0xc1143c78,0xbbdab3cd,ckpt,HIT,10937,16908,11,7,4,5116,51,56,10937,11,7,4,1,1,1,1,1,1,
bram,bbht_grover_upgrade,GT,16383,0,16,49,0x332063fc,0x222ba57c,normal,HIT,14644,22285,12,17,17,10076,100,107,14644,12,17,17,1,1,1,1,1,1,
bram,bbht_grover_upgrade,GT,16383,0,16,49,0x332063fc,0x222ba57c,ckpt,HIT,14644,22285,12,17,6,5895,58,64,14644,12,17,6,1,1,1,1,1,1,
bram,bbht_grover_upgrade,GT,16383,0,16,50,0xd6f4066b,0xab9eb714,normal,HIT,2460,23714,16,32,32,15916,159,163,2460,16,32,32,1,1,1,1,1,1,
bram,bbht_grover_upgrade,GT,16383,0,16,50,0xd6f4066b,0xab9eb714,ckpt,HIT,2460,23714,16,32,12,8897,88,94,2460,16,32,12,1,1,1,1,1,1,
bram,bbht_grover_upgrade,GT,16383,0,16,51,0x64b9628c,0x9cd8b518,normal,HIT,13499,22948,18,60,60,24200,242,247,13499,18,60,60,1,1,1,1,1,1,
bram,bbht_grover_upgrade,GT,16383,0,16,51,0x64b9628c,0x9cd8b518,ckpt,HIT,13499,22948,18,60,10,9018,90,95,13499,18,60,10,1,1,1,1,1,1,
bram,bbht_grover_upgrade,GT,16383,0,16,52,0x894e6771,0x8a255c2e,normal,HIT,13499,22948,16,43,43,18907,189,194,13499,16,43,43,1,1,1,1,1,1,
bram,bbht_grover_upgrade,GT,16383,0,16,52,0x894e6771,0x8a255c2e,ckpt,HIT,13499,22948,16,43,15,9734,97,102,13499,16,43,15,1,1,1,1,1,1,
bram,bbht_grover_upgrade,GT,16383,0,16,53,0xe3e668e8,0xff1f20c3,normal,HIT,9098,29117,18,49,49,21387,213,219,9098,18,49,49,1,1,1,1,1,1,
bram,bbht_grover_upgrade,GT,16383,0,16,53,0xe3e668e8,0xff1f20c3,ckpt,HIT,9098,29117,18,49,16,10790,107,113,9098,18,49,16,1,1,1,1,1,1,
bram,bbht_grover_upgrade,GT,16383,0,16,54,0x36980406,0xfbdbfa61,normal,HIT,10937,16908,19,82,82,30578,305,310,10937,19,82,82,1,1,1,1,1,1,
bram,bbht_grover_upgrade,GT,16383,0,16,54,0x36980406,0xfbdbfa61,ckpt,HIT,10937,16908,19,82,20,12134,121,127,10937,19,82,20,1,1,1,1,1,1,
bram,bbht_grover_upgrade,GT,16383,0,16,55,0x114d2b4a,0xa617ad4e,normal,HIT,13499,22948,17,43,43,19412,194,200,13499,17,43,43,1,1,1,1,1,1,
bram,bbht_grover_upgrade,GT,16383,0,16,55,0x114d2b4a,0xa617ad4e,ckpt,HIT,13499,22948,17,43,11,9258,92,97,13499,17,43,11,1,1,1,1,1,1,
bram,bbht_grover_upgrade,GT,16383,0,16,56,0x3b8907e1,0x0c6cbd10,normal,HIT,9669,18554,17,37,37,17753,177,183,9669,17,37,37,1,1,1,1,1,1,
bram,bbht_grover_upgrade,GT,16383,0,16,56,0x3b8907e1,0x0c6cbd10,ckpt,HIT,9669,18554,17,37,12,12258,122,127,9669,17,37,12,1,1,1,1,1,1,
bram,bbht_grover_upgrade,GT,16383,0,16,57,0x2cd09c1d,0x964fb1a7,normal,HIT,86,26850,13,22,22,11933,119,124,86,13,22,22,1,1,1,1,1,1,
bram,bbht_grover_upgrade,GT,16383,0,16,57,0x2cd09c1d,0x964fb1a7,ckpt,HIT,86,26850,13,22,7,6570,65,70,86,13,22,7,1,1,1,1,1,1,
bram,bbht_grover_upgrade,GT,16383,0,16,58,0x6d7a8604,0xbd6f99c6,normal,HIT,2460,23714,17,62,62,24468,244,250,2460,17,62,62,1,1,1,1,1,1,
bram,bbht_grover_upgrade,GT,16383,0,16,58,0x6d7a8604,0xbd6f99c6,ckpt,HIT,2460,23714,17,62,18,11078,110,116,2460,17,62,18,1,1,1,1,1,1,
bram,bbht_grover_upgrade,GT,16383,0,16,59,0x1fadaf42,0x60010aa3,normal,HIT,9616,21800,16,49,49,20517,205,211,9616,16,49,49,1,1,1,1,1,1,
bram,bbht_grover_upgrade,GT,16383,0,16,59,0x1fadaf42,0x60010aa3,ckpt,HIT,9616,21800,16,49,15,9768,97,103,9616,16,49,15,1,1,1,1,1,1,
bram,bbht_grover_upgrade,GT,16383,0,16,60,0x92fe7cfd,0xb54e2773,normal,HIT,12148,26989,15,39,39,17372,173,179,12148,15,39,39,1,1,1,1,1,1,
bram,bbht_grover_upgrade,GT,16383,0,16,60,0x92fe7cfd,0xb54e2773,ckpt,HIT,12148,26989,15,39,10,8061,80,86,12148,15,39,10,1,1,1,1,1,1,
bram,bbht_grover_upgrade,GT,16383,0,16,61,0x1aecb060,0x9c545eba,normal,HIT,14644,22285,21,83,83,31715,317,321,14644,21,83,83,1,1,1,1,1,1,
bram,bbht_grover_upgrade,GT,16383,0,16,61,0x1aecb060,0x9c545eba,ckpt,HIT,14644,22285,21,83,27,15092,150,155,14644,21,83,27,1,1,1,1,1,1,
bram,bbht_grover_upgrade,GT,16383,0,16,62,0x91778cc3,0xbd1d1bc0,normal,HIT,14541,30711,15,37,37,16817,168,173,14541,15,37,37,1,1,1,1,1,1,
bram,bbht_grover_upgrade,GT,16383,0,16,62,0x91778cc3,0xbd1d1bc0,ckpt,HIT,14541,30711,15,37,10,8195,81,87,14541,15,37,10,1,1,1,1,1,1,
bram,bbht_grover_upgrade,GT,16383,0,16,63,0xe6b7e7eb,0xd542988e,normal,HIT,14644,22285,10,11,11,7507,75,79,14644,10,11,11,1,1,1,1,1,1,
bram,bbht_grover_upgrade,GT,16383,0,16,63,0xe6b7e7eb,0xd542988e,ckpt,HIT,14644,22285,10,11,5,4898,48,54,14644,10,11,5,1,1,1,1,1,1,
bram,bbht_grover_upgrade,GT,16383,0,16,64,0x6770144c,0xd2d3c6e7,normal,HIT,12148,26989,16,32,32,15958,159,165,12148,16,32,32,1,1,1,1,1,1,
bram,bbht_grover_upgrade,GT,16383,0,16,64,0x6770144c,0xd2d3c6e7,ckpt,HIT,12148,26989,16,32,12,9246,92,97,12148,16,32,12,1,1,1,1,1,1,
bram,bbht_grover_upgrade,GT,16383,0,16,65,0xc600a248,0x0a1e0844,normal,HIT,9098,29117,16,39,39,17772,177,182,9098,16,39,39,1,1,1,1,1,1,
bram,bbht_grover_upgrade,GT,16383,0,16,65,0xc600a248,0x0a1e0844,ckpt,HIT,9098,29117,16,39,12,8863,88,94,9098,16,39,12,1,1,1,1,1,1,
bram,bbht_grover_upgrade,GT,16383,0,16,66,0x1ea4f830,0x2ef0f28e,normal,HIT,1999,28193,10,7,7,6542,65,70,1999,10,7,7,1,1,1,1,1,1,
bram,bbht_grover_upgrade,GT,16383,0,16,66,0x1ea4f830,0x2ef0f28e,ckpt,HIT,1999,28193,10,7,5,4993,49,54,1999,10,7,5,1,1,1,1,1,1,
bram,bbht_grover_upgrade,GT,16383,0,16,67,0x639604f3,0x7fe04f83,normal,HIT,14644,22285,19,58,58,24215,242,247,14644,19,58,58,1,1,1,1,1,1,
bram,bbht_grover_upgrade,GT,16383,0,16,67,0x639604f3,0x7fe04f83,ckpt,HIT,14644,22285,19,58,20,12223,122,127,14644,19,58,20,1,1,1,1,1,1,
bram,bbht_grover_upgrade,GT,16383,0,16,68,0x6e084a84,0xb643b17e,normal,HIT,7119,21276,21,81,81,31316,313,318,7119,21,81,81,1,1,1,1,1,1,
bram,bbht_grover_upgrade,GT,16383,0,16,68,0x6e084a84,0xb643b17e,ckpt,HIT,7119,21276,21,81,31,15801,158,164,7119,21,81,31,1,1,1,1,1,1,
bram,bbht_grover_upgrade,GT,16383,0,16,69,0x3d7fc476,0x467d7a44,normal,HIT,10937,16908,15,23,23,13102,131,136,10937,15,23,23,1,1,1,1,1,1,
bram,bbht_grover_upgrade,GT,16383,0,16,69,0x3d7fc476,0x467d7a44,ckpt,HIT,10937,16908,15,23,5,6696,66,72,10937,15,23,5,1,1,1,1,1,1,
bram,bbht_grover_upgrade,GT,16383,0,16,70,0xedca3875,0xefade11e,normal,HIT,9098,29117,15,40,40,17626,176,180,9098,15,40,40,1,1,1,1,1,1,
bram,bbht_grover_upgrade,GT,16383,0,16,70,0xedca3875,0xefade11e,ckpt,HIT,9098,29117,15,40,12,8803,88,92,9098,15,40,12,1,1,1,1,1,1,
bram,bbht_grover_upgrade,GT,16383,0,16,71,0xb883121d,0x095c678c,normal,HIT,9098,29117,20,70,70,27889,278,283,9098,20,70,70,1,1,1,1,1,1,
bram,bbht_grover_upgrade,GT,16383,0,16,71,0xb883121d,0x095c678c,ckpt,HIT,9098,29117,20,70,28,17977,179,185,9098,20,70,28,1,1,1,1,1,1,
bram,bbht_grover_upgrade,GT,16383,0,16,72,0xace22797,0xbc422a9a,normal,HIT,2460,23714,9,10,10,6878,68,73,2460,9,10,10,1,1,1,1,1,1,
bram,bbht_grover_upgrade,GT,16383,0,16,72,0xace22797,0xbc422a9a,ckpt,HIT,2460,23714,9,10,4,4394,43,50,2460,9,10,4,1,1,1,1,1,1,
bram,bbht_grover_upgrade,GT,16383,0,16,73,0xefd3172d,0x8c2c3233,normal,HIT,13499,22948,11,15,15,9092,90,96,13499,11,15,15,1,1,1,1,1,1,
bram,bbht_grover_upgrade,GT,16383,0,16,73,0xefd3172d,0x8c2c3233,ckpt,HIT,13499,22948,11,15,5,5301,53,58,13499,11,15,5,1,1,1,1,1,1,
bram,bbht_grover_upgrade,GT,16383,0,16,74,0xe6aacdb5,0x7f1c158a,normal,HIT,10937,16908,15,35,35,16275,162,168,10937,15,35,35,1,1,1,1,1,1,
bram,bbht_grover_upgrade,GT,16383,0,16,74,0xe6aacdb5,0x7f1c158a,ckpt,HIT,10937,16908,15,35,9,7753,77,83,10937,15,35,9,1,1,1,1,1,1,
bram,bbht_grover_upgrade,GT,16383,0,16,75,0x6566c598,0xca804b00,normal,HIT,6322,19210,17,62,62,24352,243,249,6322,17,62,62,1,1,1,1,1,1,
bram,bbht_grover_upgrade,GT,16383,0,16,75,0x6566c598,0xca804b00,ckpt,HIT,6322,19210,17,62,17,10553,105,111,6322,17,62,17,1,1,1,1,1,1,
bram,bbht_grover_upgrade,GT,16383,0,16,76,0x4e646d9d,0xcbae5ac0,normal,HIT,2460,23714,18,67,67,26103,261,266,2460,18,67,67,1,1,1,1,1,1,
bram,bbht_grover_upgrade,GT,16383,0,16,76,0x4e646d9d,0xcbae5ac0,ckpt,HIT,2460,23714,18,67,20,11654,116,122,2460,18,67,20,1,1,1,1,1,1,
bram,bbht_grover_upgrade,GT,16383,0,16,77,0x05d81d6f,0x260c4013,normal,HIT,9669,18554,14,22,22,12302,123,129,9669,14,22,22,1,1,1,1,1,1,
bram,bbht_grover_upgrade,GT,16383,0,16,77,0x05d81d6f,0x260c4013,ckpt,HIT,9669,18554,14,22,7,6815,68,73,9669,14,22,7,1,1,1,1,1,1,
bram,bbht_grover_upgrade,GT,16383,0,16,78,0x2018f6a3,0x5728c7f4,normal,HIT,86,26850,16,32,32,15970,159,165,86,16,32,32,1,1,1,1,1,1,
bram,bbht_grover_upgrade,GT,16383,0,16,78,0x2018f6a3,0x5728c7f4,ckpt,HIT,86,26850,16,32,8,7912,79,84,86,16,32,8,1,1,1,1,1,1,
bram,bbht_grover_upgrade,GT,16383,0,16,79,0x718ebf0c,0x4d7d460c,normal,HIT,86,26850,16,43,43,18868,188,194,86,16,43,43,1,1,1,1,1,1,
bram,bbht_grover_upgrade,GT,16383,0,16,79,0x718ebf0c,0x4d7d460c,ckpt,HIT,86,26850,16,43,16,9990,99,105,86,16,43,16,1,1,1,1,1,1,
bram,bbht_grover_upgrade,GT,16383,0,16,80,0x042a8f17,0x2093b3f4,normal,HIT,7119,21276,17,53,53,21998,219,225,7119,17,53,53,1,1,1,1,1,1,
bram,bbht_grover_upgrade,GT,16383,0,16,80,0x042a8f17,0x2093b3f4,ckpt,HIT,7119,21276,17,53,14,9835,98,104,7119,17,53,14,1,1,1,1,1,1,
bram,bbht_grover_upgrade,GT,16383,0,16,81,0xfc1c775d,0x35bd20f1,normal,HIT,2460,23714,13,28,28,13535,135,139,2460,13,28,28,1,1,1,1,1,1,
bram,bbht_grover_upgrade,GT,16383,0,16,81,0xfc1c775d,0x35bd20f1,ckpt,HIT,2460,23714,13,28,5,6052,60,66,2460,13,28,5,1,1,1,1,1,1,
bram,bbht_grover_upgrade,GT,16383,0,16,82,0x16b93b63,0x7d609ba5,normal,HIT,9616,21800,20,84,84,31632,316,322,9616,20,84,84,1,1,1,1,1,1,
bram,bbht_grover_upgrade,GT,16383,0,16,82,0x16b93b63,0x7d609ba5,ckpt,HIT,9616,21800,20,84,30,15244,152,157,9616,20,84,30,1,1,1,1,1,1,
bram,bbht_grover_upgrade,GT,16383,0,16,83,0x8ce1028e,0xb152e7ef,normal,HIT,7119,21276,15,32,32,15422,154,158,7119,15,32,32,1,1,1,1,1,1,
bram,bbht_grover_upgrade,GT,16383,0,16,83,0x8ce1028e,0xb152e7ef,ckpt,HIT,7119,21276,15,32,10,8080,80,86,7119,15,32,10,1,1,1,1,1,1,
bram,bbht_grover_upgrade,GT,16383,0,16,84,0x87bad980,0x7dbefa97,normal,HIT,1999,28193,17,46,46,20151,201,207,1999,17,46,46,1,1,1,1,1,1,
bram,bbht_grover_upgrade,GT,16383,0,16,84,0x87bad980,0x7dbefa97,ckpt,HIT,1999,28193,17,46,16,10558,105,112,1999,17,46,16,1,1,1,1,1,1,
bram,bbht_grover_upgrade,GT,16383,0,16,85,0xd63d86f3,0xf5399cca,normal,HIT,12148,26989,12,21,21,11144,111,116,12148,12,21,21,1,1,1,1,1,1,
bram,bbht_grover_upgrade,GT,16383,0,16,85,0xd63d86f3,0xf5399cca,ckpt,HIT,12148,26989,12,21,7,6300,63,69,12148,12,21,7,1,1,1,1,1,1,
bram,bbht_grover_upgrade,GT,16383,0,16,86,0xeeaba102,0x01560fc0,normal,HIT,13499,22948,13,24,24,12406,124,129,13499,13,24,24,1,1,1,1,1,1,
bram,bbht_grover_upgrade,GT,16383,0,16,86,0xeeaba102,0x01560fc0,ckpt,HIT,13499,22948,13,24,6,6465,64,70,13499,13,24,6,1,1,1,1,1,1,
bram,bbht_grover_upgrade,GT,16383,0,16,87,0xc1fee4bb,0xc7e12d58,normal,HIT,6979,19071,12,15,15,9586,95,101,6979,12,15,15,1,1,1,1,1,1,
bram,bbht_grover_upgrade,GT,16383,0,16,87,0xc1fee4bb,0xc7e12d58,ckpt,HIT,6979,19071,12,15,5,8787,87,92,6979,12,15,5,1,1,1,1,1,1,
bram,bbht_grover_upgrade,GT,16383,0,16,88,0x0707c9da,0xf644a3f9,normal,HIT,86,26850,12,19,19,10615,106,111,86,12,19,19,1,1,1,1,1,1,
bram,bbht_grover_upgrade,GT,16383,0,16,88,0x0707c9da,0xf644a3f9,ckpt,HIT,86,26850,12,19,5,5654,56,62,86,12,19,5,1,1,1,1,1,1,
bram,bbht_grover_upgrade,GT,16383,0,16,89,0xde0d9c30,0x58a2ee8f,normal,HIT,10937,16908,17,50,50,21201,212,217,10937,17,50,50,1,1,1,1,1,1,
bram,bbht_grover_upgrade,GT,16383,0,16,89,0xde0d9c30,0x58a2ee8f,ckpt,HIT,10937,16908,17,50,9,8461,84,90,10937,17,50,9,1,1,1,1,1,1,
bram,bbht_grover_upgrade,GT,16383,0,16,90,0x7cd0efc7,0x9f385cfb,normal,HIT,9669,18554,14,19,19,11601,116,121,9669,14,19,19,1,1,1,1,1,1,
bram,bbht_grover_upgrade,GT,16383,0,16,90,0x7cd0efc7,0x9f385cfb,ckpt,HIT,9669,18554,14,19,7,6907,69,73,9669,14,19,7,1,1,1,1,1,1,
bram,bbht_grover_upgrade,GT,16383,0,16,91,0xe4cb50a6,0x94d13729,normal,HIT,13499,22948,15,24,24,13365,133,138,13499,15,24,24,1,1,1,1,1,1,
bram,bbht_grover_upgrade,GT,16383,0,16,91,0xe4cb50a6,0x94d13729,ckpt,HIT,13499,22948,15,24,8,7604,76,81,13499,15,24,8,1,1,1,1,1,1,
bram,bbht_grover_upgrade,GT,16383,0,16,92,0xa0882219,0x18f75d24,normal,HIT,6979,19071,12,20,20,10916,109,115,6979,12,20,20,1,1,1,1,1,1,
bram,bbht_grover_upgrade,GT,16383,0,16,92,0xa0882219,0x18f75d24,ckpt,HIT,6979,19071,12,20,7,6209,62,67,6979,12,20,7,1,1,1,1,1,1,
bram,bbht_grover_upgrade,GT,16383,0,16,93,0xc435e6f2,0xf75a52bc,normal,HIT,7119,21276,15,45,45,18973,189,195,7119,15,45,45,1,1,1,1,1,1,
bram,bbht_grover_upgrade,GT,16383,0,16,93,0xc435e6f2,0xf75a52bc,ckpt,HIT,7119,21276,15,45,10,8212,82,88,7119,15,45,10,1,1,1,1,1,1,
bram,bbht_grover_upgrade,GT,16383,0,16,94,0x011b63f0,0x0aa34346,normal,HIT,9616,21800,11,14,14,8842,88,94,9616,11,14,14,1,1,1,1,1,1,
bram,bbht_grover_upgrade,GT,16383,0,16,94,0x011b63f0,0x0aa34346,ckpt,HIT,9616,21800,11,14,5,5317,53,58,9616,11,14,5,1,1,1,1,1,1,
bram,bbht_grover_upgrade,GT,16383,0,16,95,0x1b456e77,0xee460f94,normal,HIT,9669,18554,17,47,47,20363,203,209,9669,17,47,47,1,1,1,1,1,1,
bram,bbht_grover_upgrade,GT,16383,0,16,95,0x1b456e77,0xee460f94,ckpt,HIT,9669,18554,17,47,18,11322,113,117,9669,17,47,18,1,1,1,1,1,1,
bram,bbht_grover_upgrade,GT,16383,0,16,96,0x10088608,0xef418331,normal,HIT,9669,18554,16,31,31,15549,155,160,9669,16,31,31,1,1,1,1,1,1,
bram,bbht_grover_upgrade,GT,16383,0,16,96,0x10088608,0xef418331,ckpt,HIT,9669,18554,16,31,6,7166,71,77,9669,16,31,6,1,1,1,1,1,1,
bram,bbht_grover_upgrade,GT,16383,0,16,97,0x6fcfc352,0xf8fa9f4c,normal,HIT,6979,19071,11,11,11,8066,80,86,6979,11,11,11,1,1,1,1,1,1,
bram,bbht_grover_upgrade,GT,16383,0,16,97,0x6fcfc352,0xf8fa9f4c,ckpt,HIT,6979,19071,11,11,5,5336,53,59,6979,11,11,5,1,1,1,1,1,1,
bram,bbht_grover_upgrade,GT,16383,0,16,98,0xfb6077af,0x713595a9,normal,HIT,9098,29117,17,57,57,23035,230,236,9098,17,57,57,1,1,1,1,1,1,
bram,bbht_grover_upgrade,GT,16383,0,16,98,0xfb6077af,0x713595a9,ckpt,HIT,9098,29117,17,57,15,10115,101,107,9098,17,57,15,1,1,1,1,1,1,
bram,bbht_grover_upgrade,GT,16383,0,16,99,0xc6ebb72e,0x08fdf109,normal,HIT,10937,16908,16,42,42,18673,186,192,10937,16,42,42,1,1,1,1,1,1,
bram,bbht_grover_upgrade,GT,16383,0,16,99,0xc6ebb72e,0x08fdf109,ckpt,HIT,10937,16908,16,42,14,9503,95,100,10937,16,42,14,1,1,1,1,1,1,
bram,bbht_grover_upgrade,GT,16383,0,64,0,0x7b1dcdaf,0x24370df2,normal,HIT,2932,26834,6,4,4,3895,38,43,2932,6,4,4,1,1,1,1,1,1,
bram,bbht_grover_upgrade,GT,16383,0,64,0,0x7b1dcdaf,0x24370df2,ckpt,HIT,2932,26834,6,4,2,2840,28,34,2932,6,4,2,1,1,1,1,1,1,
bram,bbht_grover_upgrade,GT,16383,0,64,1,0x3a85a4dc,0xa3b9aa35,normal,HIT,9359,25296,13,14,14,9817,98,103,9359,13,14,14,1,1,1,1,1,1,
bram,bbht_grover_upgrade,GT,16383,0,64,1,0x3a85a4dc,0xa3b9aa35,ckpt,HIT,9359,25296,13,14,5,6043,60,66,9359,13,14,5,1,1,1,1,1,1,
bram,bbht_grover_upgrade,GT,16383,0,64,2,0x6162a8b2,0x871c276f,normal,HIT,2954,18528,8,4,4,4767,47,52,2954,8,4,4,1,1,1,1,1,1,
bram,bbht_grover_upgrade,GT,16383,0,64,2,0x6162a8b2,0x871c276f,ckpt,HIT,2954,18528,8,4,2,3466,34,41,2954,8,4,2,1,1,1,1,1,1,
bram,bbht_grover_upgrade,GT,16383,0,64,3,0xc3adc34e,0xf5b8f22b,normal,HIT,9616,21800,10,13,13,8143,81,86,9616,10,13,13,1,1,1,1,1,1,
bram,bbht_grover_upgrade,GT,16383,0,64,3,0xc3adc34e,0xf5b8f22b,ckpt,HIT,9616,21800,10,13,5,5007,50,54,9616,10,13,5,1,1,1,1,1,1,
bram,bbht_grover_upgrade,GT,16383,0,64,4,0x2bb073ff,0x3f8396e3,normal,HIT,5262,22899,14,27,27,13643,136,141,5262,14,27,27,1,1,1,1,1,1,
bram,bbht_grover_upgrade,GT,16383,0,64,4,0x2bb073ff,0x3f8396e3,ckpt,HIT,5262,22899,14,27,7,6874,68,73,5262,14,27,7,1,1,1,1,1,1,
bram,bbht_grover_upgrade,GT,16383,0,64,5,0xda585ab3,0xa7197ad7,normal,HIT,7437,25617,10,5,5,6088,60,65,7437,10,5,5,1,1,1,1,1,1,
bram,bbht_grover_upgrade,GT,16383,0,64,5,0xda585ab3,0xa7197ad7,ckpt,HIT,7437,25617,10,5,2,4274,42,48,7437,10,5,2,1,1,1,1,1,1,
bram,bbht_grover_upgrade,GT,16383,0,64,6,0x0ed109c0,0x5701ce52,normal,HIT,13683,28167,9,14,14,7929,79,84,13683,9,14,14,1,1,1,1,1,1,
bram,bbht_grover_upgrade,GT,16383,0,64,6,0x0ed109c0,0x5701ce52,ckpt,HIT,13683,28167,9,14,4,7667,76,81,13683,9,14,4,1,1,1,1,1,1,
bram,bbht_grover_upgrade,GT,16383,0,64,7,0x102ecf73,0x53c7612b,normal,HIT,86,26850,7,5,5,4563,45,51,86,7,5,5,1,1,1,1,1,1,
bram,bbht_grover_upgrade,GT,16383,0,64,7,0x102ecf73,0x53c7612b,ckpt,HIT,86,26850,7,5,2,3118,31,35,86,7,5,2,1,1,1,1,1,1,
bram,bbht_grover_upgrade,GT,16383,0,64,8,0xcf29b6a1,0x35231a84,normal,HIT,14644,22285,12,20,20,10972,109,114,14644,12,20,20,1,1,1,1,1,1,
bram,bbht_grover_upgrade,GT,16383,0,64,8,0xcf29b6a1,0x35231a84,ckpt,HIT,14644,22285,12,20,7,6265,62,67,14644,12,20,7,1,1,1,1,1,1,
bram,bbht_grover_upgrade,GT,16383,0,64,9,0xc49cbb42,0xd0a3bbb8,normal,HIT,4668,16760,12,20,20,10882,108,115,4668,12,20,20,1,1,1,1,1,1,
bram,bbht_grover_upgrade,GT,16383,0,64,9,0xc49cbb42,0xd0a3bbb8,ckpt,HIT,4668,16760,12,20,6,5906,59,64,4668,12,20,6,1,1,1,1,1,1,
bram,bbht_grover_upgrade,GT,16383,0,64,10,0x4cc51d23,0xee0e3ab4,normal,HIT,1999,28193,9,9,9,6561,65,70,1999,9,9,9,1,1,1,1,1,1,
bram,bbht_grover_upgrade,GT,16383,0,64,10,0x4cc51d23,0xee0e3ab4,ckpt,HIT,1999,28193,9,9,2,3810,38,43,1999,9,9,2,1,1,1,1,1,1,
bram,bbht_grover_upgrade,GT,16383,0,64,11,0xf9e8aa7a,0x3208c31a,normal,HIT,3178,30209,1,0,0,446,4,10,3178,1,0,0,1,1,1,1,1,1,
bram,bbht_grover_upgrade,GT,16383,0,64,11,0xf9e8aa7a,0x3208c31a,ckpt,HIT,3178,30209,1,0,0,536,5,11,3178,1,0,0,1,1,1,1,1,1,
bram,bbht_grover_upgrade,GT,16383,0,64,12,0xdda8b051,0xc8105c9d,normal,HIT,86,26850,14,20,20,11780,117,123,86,14,20,20,1,1,1,1,1,1,
bram,bbht_grover_upgrade,GT,16383,0,64,12,0xdda8b051,0xc8105c9d,ckpt,HIT,86,26850,14,20,10,7824,78,83,86,14,20,10,1,1,1,1,1,1,
bram,bbht_grover_upgrade,GT,16383,0,64,13,0xabfb11bf,0xf5dec75e,normal,HIT,11781,18398,9,12,12,7396,73,80,11781,9,12,12,1,1,1,1,1,1,
bram,bbht_grover_upgrade,GT,16383,0,64,13,0xabfb11bf,0xf5dec75e,ckpt,HIT,11781,18398,9,12,4,4381,43,48,11781,9,12,4,1,1,1,1,1,1,
bram,bbht_grover_upgrade,GT,16383,0,64,14,0x20639811,0x6b6a7c47,normal,HIT,14644,22285,7,8,8,5393,53,59,14644,7,8,8,1,1,1,1,1,1,
bram,bbht_grover_upgrade,GT,16383,0,64,14,0x20639811,0x6b6a7c47,ckpt,HIT,14644,22285,7,8,2,3153,31,37,14644,7,8,2,1,1,1,1,1,1,
bram,bbht_grover_upgrade,GT,16383,0,64,15,0xac72acd2,0xca84bc6c,normal,HIT,8470,24127,7,1,1,3524,35,40,8470,7,1,1,1,1,1,1,1,1,
bram,bbht_grover_upgrade,GT,16383,0,64,15,0xac72acd2,0xca84bc6c,ckpt,HIT,8470,24127,7,1,1,2872,28,34,8470,7,1,1,1,1,1,1,1,1,
bram,bbht_grover_upgrade,GT,16383,0,64,16,0x49a2da79,0xe1376725,normal,HIT,2932,26834,11,20,20,10461,104,110,2932,11,20,20,1,1,1,1,1,1,
bram,bbht_grover_upgrade,GT,16383,0,64,16,0x49a2da79,0xe1376725,ckpt,HIT,2932,26834,11,20,4,5081,50,56,2932,11,20,4,1,1,1,1,1,1,
bram,bbht_grover_upgrade,GT,16383,0,64,17,0x63a4e9d7,0x6166dba4,normal,HIT,13683,28167,15,30,30,14994,149,155,13683,15,30,30,1,1,1,1,1,1,
bram,bbht_grover_upgrade,GT,16383,0,64,17,0x63a4e9d7,0x6166dba4,ckpt,HIT,13683,28167,15,30,10,8188,81,88,13683,15,30,10,1,1,1,1,1,1,
bram,bbht_grover_upgrade,GT,16383,0,64,18,0x8983f102,0x43fb6183,normal,HIT,7437,25617,14,27,27,13750,137,142,7437,14,27,27,1,1,1,1,1,1,
bram,bbht_grover_upgrade,GT,16383,0,64,18,0x8983f102,0x43fb6183,ckpt,HIT,7437,25617,14,27,9,7506,75,79,7437,14,27,9,1,1,1,1,1,1,
bram,bbht_grover_upgrade,GT,16383,0,64,19,0xb671aa78,0xc97ad8a2,normal,HIT,10937,16908,20,56,56,24159,241,247,10937,20,56,56,1,1,1,1,1,1,
bram,bbht_grover_upgrade,GT,16383,0,64,19,0xb671aa78,0xc97ad8a2,ckpt,HIT,10937,16908,20,56,16,11318,113,118,10937,20,56,16,1,1,1,1,1,1,
bram,bbht_grover_upgrade,GT,16383,0,64,20,0xdaeb566a,0x989e5b3d,normal,HIT,7437,25617,9,9,9,6592,65,70,7437,9,9,9,1,1,1,1,1,1,
bram,bbht_grover_upgrade,GT,16383,0,64,20,0xdaeb566a,0x989e5b3d,ckpt,HIT,7437,25617,9,9,4,4374,43,48,7437,9,9,4,1,1,1,1,1,1,
bram,bbht_grover_upgrade,GT,16383,0,64,21,0xf6181c00,0xa345ac4b,normal,HIT,14537,18801,16,38,38,17615,176,181,14537,16,38,38,1,1,1,1,1,1,
bram,bbht_grover_upgrade,GT,16383,0,64,21,0xf6181c00,0xa345ac4b,ckpt,HIT,14537,18801,16,38,15,10059,100,105,14537,16,38,15,1,1,1,1,1,1,
bram,bbht_grover_upgrade,GT,16383,0,64,22,0x4e18d852,0xa08980df,normal,HIT,5169,20236,8,6,6,5336,53,59,5169,8,6,6,1,1,1,1,1,1,
bram,bbht_grover_upgrade,GT,16383,0,64,22,0x4e18d852,0xa08980df,ckpt,HIT,5169,20236,8,6,3,3772,37,43,5169,8,6,3,1,1,1,1,1,1,
bram,bbht_grover_upgrade,GT,16383,0,64,23,0xa035ceba,0x611de4c4,normal,HIT,16057,26038,10,13,13,8222,82,87,16057,10,13,13,1,1,1,1,1,1,
bram,bbht_grover_upgrade,GT,16383,0,64,23,0xa035ceba,0x611de4c4,ckpt,HIT,16057,26038,10,13,5,5086,50,56,16057,10,13,5,1,1,1,1,1,1,
bram,bbht_grover_upgrade,GT,16383,0,64,24,0xc2416ee4,0x7323f479,normal,HIT,2932,26834,3,2,2,1942,19,25,2932,3,2,2,1,1,1,1,1,1,
bram,bbht_grover_upgrade,GT,16383,0,64,24,0xc2416ee4,0x7323f479,ckpt,HIT,2932,26834,3,2,1,1522,15,19,2932,3,2,1,1,1,1,1,1,1,
bram,bbht_grover_upgrade,GT,16383,0,64,25,0xfbdafbdd,0xa0c0cf2f,normal,HIT,3178,30209,6,3,3,3577,35,40,3178,6,3,3,1,1,1,1,1,1,
bram,bbht_grover_upgrade,GT,16383,0,64,25,0xfbdafbdd,0xa0c0cf2f,ckpt,HIT,3178,30209,6,3,2,2788,27,32,3178,6,3,2,1,1,1,1,1,1,
bram,bbht_grover_upgrade,GT,16383,0,64,26,0xa43fbf47,0x8de97b10,normal,HIT,15049,21292,10,7,7,6487,64,70,15049,10,7,7,1,1,1,1,1,1,
bram,bbht_grover_upgrade,GT,16383,0,64,26,0xa43fbf47,0x8de97b10,ckpt,HIT,15049,21292,10,7,2,4140,41,47,15049,10,7,2,1,1,1,1,1,1,
bram,bbht_grover_upgrade,GT,16383,0,64,27,0x6811f7c1,0xcb07044a,normal,HIT,10937,16908,13,22,22,11970,119,125,10937,13,22,22,1,1,1,1,1,1,
bram,bbht_grover_upgrade,GT,16383,0,64,27,0x6811f7c1,0xcb07044a,ckpt,HIT,10937,16908,13,22,5,6258,62,67,10937,13,22,5,1,1,1,1,1,1,
bram,bbht_grover_upgrade,GT,16383,0,64,28,0x610dde2c,0x8cf5deb9,normal,HIT,349,27683,8,7,7,5619,56,60,349,8,7,7,1,1,1,1,1,1,
bram,bbht_grover_upgrade,GT,16383,0,64,28,0x610dde2c,0x8cf5deb9,ckpt,HIT,349,27683,8,7,2,3524,35,40,349,8,7,2,1,1,1,1,1,1,
bram,bbht_grover_upgrade,GT,16383,0,64,29,0x82241b87,0xbbe27f39,normal,HIT,1999,28193,15,35,35,16270,162,168,1999,15,35,35,1,1,1,1,1,1,
bram,bbht_grover_upgrade,GT,16383,0,64,29,0x82241b87,0xbbe27f39,ckpt,HIT,1999,28193,15,35,6,9989,99,105,1999,15,35,6,1,1,1,1,1,1,
bram,bbht_grover_upgrade,GT,16383,0,64,30,0x48647490,0xea9551eb,normal,HIT,9098,29117,14,21,21,12103,121,126,9098,14,21,21,1,1,1,1,1,1,
bram,bbht_grover_upgrade,GT,16383,0,64,30,0x48647490,0xea9551eb,ckpt,HIT,9098,29117,14,21,7,6985,69,75,9098,14,21,7,1,1,1,1,1,1,
bram,bbht_grover_upgrade,GT,16383,0,64,31,0x63df3b7f,0xa8b057e1,normal,HIT,11917,23087,7,5,5,4582,45,51,11917,7,5,5,1,1,1,1,1,1,
bram,bbht_grover_upgrade,GT,16383,0,64,31,0x63df3b7f,0xa8b057e1,ckpt,HIT,11917,23087,7,5,2,3137,31,37,11917,7,5,2,1,1,1,1,1,1,
bram,bbht_grover_upgrade,GT,16383,0,64,32,0x433125bb,0x3221fef0,normal,HIT,5169,20236,12,18,18,10423,104,110,5169,12,18,18,1,1,1,1,1,1,
bram,bbht_grover_upgrade,GT,16383,0,64,32,0x433125bb,0x3221fef0,ckpt,HIT,5169,20236,12,18,6,5981,59,65,5169,12,18,6,1,1,1,1,1,1,
bram,bbht_grover_upgrade,GT,16383,0,64,33,0x7943be40,0x6641ee79,normal,HIT,8298,19422,8,8,8,5788,57,63,8298,8,8,8,1,1,1,1,1,1,
bram,bbht_grover_upgrade,GT,16383,0,64,33,0x7943be40,0x6641ee79,ckpt,HIT,8298,19422,8,8,3,3691,36,42,8298,8,8,3,1,1,1,1,1,1,
bram,bbht_grover_upgrade,GT,16383,0,64,34,0x26c93252,0x675d2908,normal,HIT,8298,19422,8,8,8,5842,58,64,8298,8,8,8,1,1,1,1,1,1,
bram,bbht_grover_upgrade,GT,16383,0,64,34,0x26c93252,0x675d2908,ckpt,HIT,8298,19422,8,8,3,3748,37,42,8298,8,8,3,1,1,1,1,1,1,
bram,bbht_grover_upgrade,GT,16383,0,64,35,0xdbe3ed49,0xa7cfea56,normal,HIT,9098,29117,13,18,18,10849,108,113,9098,13,18,18,1,1,1,1,1,1,
bram,bbht_grover_upgrade,GT,16383,0,64,35,0xdbe3ed49,0xa7cfea56,ckpt,HIT,9098,29117,13,18,8,6809,68,74,9098,13,18,8,1,1,1,1,1,1,
bram,bbht_grover_upgrade,GT,16383,0,64,36,0xc2ec9bb4,0xbfc0ae9e,normal,HIT,7437,25617,19,77,77,29326,293,298,7437,19,77,77,1,1,1,1,1,1,
bram,bbht_grover_upgrade,GT,16383,0,64,36,0xc2ec9bb4,0xbfc0ae9e,ckpt,HIT,7437,25617,19,77,18,11592,115,121,7437,19,77,18,1,1,1,1,1,1,
bram,bbht_grover_upgrade,GT,16383,0,64,37,0xe7ec8559,0x307064ac,normal,HIT,7859,30665,12,17,17,10099,100,107,7859,12,17,17,1,1,1,1,1,1,
bram,bbht_grover_upgrade,GT,16383,0,64,37,0xe7ec8559,0x307064ac,ckpt,HIT,7859,30665,12,17,7,6185,61,67,7859,12,17,7,1,1,1,1,1,1,
bram,bbht_grover_upgrade,GT,16383,0,64,38,0xccb88b54,0x2cf00158,normal,HIT,9098,29117,9,12,12,7445,74,80,9098,9,12,12,1,1,1,1,1,1,
bram,bbht_grover_upgrade,GT,16383,0,64,38,0xccb88b54,0x2cf00158,ckpt,HIT,9098,29117,9,12,4,4431,44,50,9098,9,12,4,1,1,1,1,1,1,
bram,bbht_grover_upgrade,GT,16383,0,64,39,0xb512e6a4,0x2b9e708c,normal,HIT,13499,22948,14,22,22,12487,124,130,13499,14,22,22,1,1,1,1,1,1,
bram,bbht_grover_upgrade,GT,16383,0,64,39,0xb512e6a4,0x2b9e708c,ckpt,HIT,13499,22948,14,22,6,6951,69,75,13499,14,22,6,1,1,1,1,1,1,
bram,bbht_grover_upgrade,GT,16383,0,64,40,0x7e2c3d82,0xa69fb195,normal,HIT,8470,24127,11,14,14,8822,88,94,8470,11,14,14,1,1,1,1,1,1,
bram,bbht_grover_upgrade,GT,16383,0,64,40,0x7e2c3d82,0xa69fb195,ckpt,HIT,8470,24127,11,14,5,5295,52,57,8470,11,14,5,1,1,1,1,1,1,
bram,bbht_grover_upgrade,GT,16383,0,64,41,0x58b3e5ad,0x23a21253,normal,HIT,7119,21276,12,14,14,9291,92,98,7119,12,14,14,1,1,1,1,1,1,
bram,bbht_grover_upgrade,GT,16383,0,64,41,0x58b3e5ad,0x23a21253,ckpt,HIT,7119,21276,12,14,7,6233,62,67,7119,12,14,7,1,1,1,1,1,1,
bram,bbht_grover_upgrade,GT,16383,0,64,42,0x9a07c40b,0x3ea78d8c,normal,HIT,6537,26623,6,2,2,3297,32,39,6537,6,2,2,1,1,1,1,1,1,
bram,bbht_grover_upgrade,GT,16383,0,64,42,0x9a07c40b,0x3ea78d8c,ckpt,HIT,6537,26623,6,2,1,2505,25,31,6537,6,2,1,1,1,1,1,1,1,
bram,bbht_grover_upgrade,GT,16383,0,64,43,0xf1f9a54b,0x7b00db61,normal,HIT,11781,18398,10,12,12,7815,78,83,11781,10,12,12,1,1,1,1,1,1,
bram,bbht_grover_upgrade,GT,16383,0,64,43,0xf1f9a54b,0x7b00db61,ckpt,HIT,11781,18398,10,12,5,4945,49,55,11781,10,12,5,1,1,1,1,1,1,
bram,bbht_grover_upgrade,GT,16383,0,64,44,0xfba6212d,0xb8b8356a,normal,HIT,2116,19170,14,28,28,13944,139,145,2116,14,28,28,1,1,1,1,1,1,
bram,bbht_grover_upgrade,GT,16383,0,64,44,0xfba6212d,0xb8b8356a,ckpt,HIT,2116,19170,14,28,10,7704,77,83,2116,14,28,10,1,1,1,1,1,1,
bram,bbht_grover_upgrade,GT,16383,0,64,45,0x1ca60615,0xd753b84a,normal,HIT,6322,19210,12,21,21,11045,110,116,6322,12,21,21,1,1,1,1,1,1,
bram,bbht_grover_upgrade,GT,16383,0,64,45,0x1ca60615,0xd753b84a,ckpt,HIT,6322,19210,12,21,7,6072,60,66,6322,12,21,7,1,1,1,1,1,1,
bram,bbht_grover_upgrade,GT,16383,0,64,46,0xa085c93e,0x19b8504d,normal,HIT,7119,21276,9,10,10,6884,68,74,7119,9,10,10,1,1,1,1,1,1,
bram,bbht_grover_upgrade,GT,16383,0,64,46,0xa085c93e,0x19b8504d,ckpt,HIT,7119,21276,9,10,4,4398,43,50,7119,9,10,4,1,1,1,1,1,1,
bram,bbht_grover_upgrade,GT,16383,0,64,47,0x18190603,0xad0438b2,normal,HIT,7859,30665,15,30,30,14971,149,155,7859,15,30,30,1,1,1,1,1,1,
bram,bbht_grover_upgrade,GT,16383,0,64,47,0x18190603,0xad0438b2,ckpt,HIT,7859,30665,15,30,13,8839,88,93,7859,15,30,13,1,1,1,1,1,1,
bram,bbht_grover_upgrade,GT,16383,0,64,48,0xc1143c78,0xbbdab3cd,normal,HIT,6322,19210,5,1,1,2621,26,31,6322,5,1,1,1,1,1,1,1,1,
bram,bbht_grover_upgrade,GT,16383,0,64,48,0xc1143c78,0xbbdab3cd,ckpt,HIT,6322,19210,5,1,1,2217,22,28,6322,5,1,1,1,1,1,1,1,1,
bram,bbht_grover_upgrade,GT,16383,0,64,49,0x332063fc,0x222ba57c,normal,HIT,10501,19012,11,11,11,8021,80,86,10501,11,11,11,1,1,1,1,1,1,
bram,bbht_grover_upgrade,GT,16383,0,64,49,0x332063fc,0x222ba57c,ckpt,HIT,10501,19012,11,11,5,5287,52,58,10501,11,11,5,1,1,1,1,1,1,
bram,bbht_grover_upgrade,GT,16383,0,64,50,0xd6f4066b,0xab9eb714,normal,HIT,2954,18528,13,15,15,9992,99,105,2954,13,15,15,1,1,1,1,1,1,
bram,bbht_grover_upgrade,GT,16383,0,64,50,0xd6f4066b,0xab9eb714,ckpt,HIT,2954,18528,13,15,6,9500,95,100,2954,13,15,6,1,1,1,1,1,1,
bram,bbht_grover_upgrade,GT,16383,0,64,51,0x64b9628c,0x9cd8b518,normal,HIT,14537,18801,8,10,10,6320,63,68,14537,8,10,10,1,1,1,1,1,1,
bram,bbht_grover_upgrade,GT,16383,0,64,51,0x64b9628c,0x9cd8b518,ckpt,HIT,14537,18801,8,10,3,3693,36,41,14537,8,10,3,1,1,1,1,1,1,
bram,bbht_grover_upgrade,GT,16383,0,64,52,0x894e6771,0x8a255c2e,normal,HIT,3178,30209,12,12,12,8806,88,93,3178,12,12,12,1,1,1,1,1,1,
bram,bbht_grover_upgrade,GT,16383,0,64,52,0x894e6771,0x8a255c2e,ckpt,HIT,3178,30209,12,12,3,5154,51,56,3178,12,12,3,1,1,1,1,1,1,
bram,bbht_grover_upgrade,GT,16383,0,64,53,0xe3e668e8,0xff1f20c3,normal,HIT,15576,30727,13,21,21,11621,116,120,15576,13,21,21,1,1,1,1,1,1,
bram,bbht_grover_upgrade,GT,16383,0,64,53,0xe3e668e8,0xff1f20c3,ckpt,HIT,15576,30727,13,21,7,6523,65,70,15576,13,21,7,1,1,1,1,1,1,
bram,bbht_grover_upgrade,GT,16383,0,64,54,0x36980406,0xfbdbfa61,normal,HIT,14541,30711,9,13,13,7586,75,81,14541,9,13,13,1,1,1,1,1,1,
bram,bbht_grover_upgrade,GT,16383,0,64,54,0x36980406,0xfbdbfa61,ckpt,HIT,14541,30711,9,13,4,4305,43,48,14541,9,13,4,1,1,1,1,1,1,
bram,bbht_grover_upgrade,GT,16383,0,64,55,0x114d2b4a,0xa617ad4e,normal,HIT,11080,32198,7,7,7,5143,51,56,11080,7,7,7,1,1,1,1,1,1,
bram,bbht_grover_upgrade,GT,16383,0,64,55,0x114d2b4a,0xa617ad4e,ckpt,HIT,11080,32198,7,7,2,3170,31,37,11080,7,7,2,1,1,1,1,1,1,
bram,bbht_grover_upgrade,GT,16383,0,64,56,0x3b8907e1,0x0c6cbd10,normal,HIT,10185,25984,16,25,25,14169,141,146,10185,16,25,25,1,1,1,1,1,1,
bram,bbht_grover_upgrade,GT,16383,0,64,56,0x3b8907e1,0x0c6cbd10,ckpt,HIT,10185,25984,16,25,6,7379,73,78,10185,16,25,6,1,1,1,1,1,1,
bram,bbht_grover_upgrade,GT,16383,0,64,57,0x2cd09c1d,0x964fb1a7,normal,HIT,9631,31202,7,2,2,3819,38,43,9631,7,2,2,1,1,1,1,1,1,
bram,bbht_grover_upgrade,GT,16383,0,64,57,0x2cd09c1d,0x964fb1a7,ckpt,HIT,9631,31202,7,2,2,3171,31,37,9631,7,2,2,1,1,1,1,1,1,
bram,bbht_grover_upgrade,GT,16383,0,64,58,0x6d7a8604,0xbd6f99c6,normal,HIT,6322,19210,12,18,18,10429,104,110,6322,12,18,18,1,1,1,1,1,1,
bram,bbht_grover_upgrade,GT,16383,0,64,58,0x6d7a8604,0xbd6f99c6,ckpt,HIT,6322,19210,12,18,6,5986,59,66,6322,12,18,6,1,1,1,1,1,1,
bram,bbht_grover_upgrade,GT,16383,0,64,59,0x1fadaf42,0x60010aa3,normal,HIT,13683,28167,10,11,11,7608,76,81,13683,10,11,11,1,1,1,1,1,1,
bram,bbht_grover_upgrade,GT,16383,0,64,59,0x1fadaf42,0x60010aa3,ckpt,HIT,13683,28167,10,11,4,4746,47,53,13683,10,11,4,1,1,1,1,1,1,
bram,bbht_grover_upgrade,GT,16383,0,64,60,0x92fe7cfd,0xb54e2773,normal,HIT,12148,26989,9,10,10,6906,69,73,12148,9,10,10,1,1,1,1,1,1,
bram,bbht_grover_upgrade,GT,16383,0,64,60,0x92fe7cfd,0xb54e2773,ckpt,HIT,12148,26989,9,10,4,4420,44,50,12148,9,10,4,1,1,1,1,1,1,
bram,bbht_grover_upgrade,GT,16383,0,64,61,0x1aecb060,0x9c545eba,normal,HIT,10501,19012,15,34,34,15972,159,165,10501,15,34,34,1,1,1,1,1,1,
bram,bbht_grover_upgrade,GT,16383,0,64,61,0x1aecb060,0x9c545eba,ckpt,HIT,10501,19012,15,34,11,8463,84,89,10501,15,34,11,1,1,1,1,1,1,
bram,bbht_grover_upgrade,GT,16383,0,64,62,0x91778cc3,0xbd1d1bc0,normal,HIT,14644,22285,13,27,27,13291,132,138,14644,13,27,27,1,1,1,1,1,1,
bram,bbht_grover_upgrade,GT,16383,0,64,62,0x91778cc3,0xbd1d1bc0,ckpt,HIT,14644,22285,13,27,7,6604,66,72,14644,13,27,7,1,1,1,1,1,1,
bram,bbht_grover_upgrade,GT,16383,0,64,63,0xe6b7e7eb,0xd542988e,normal,HIT,15344,21024,13,24,24,12436,124,129,15344,13,24,24,1,1,1,1,1,1,
bram,bbht_grover_upgrade,GT,16383,0,64,63,0xe6b7e7eb,0xd542988e,ckpt,HIT,15344,21024,13,24,6,6277,62,67,15344,13,24,6,1,1,1,1,1,1,
bram,bbht_grover_upgrade,GT,16383,0,64,64,0x6770144c,0xd2d3c6e7,normal,HIT,86,26850,13,19,19,11131,111,116,86,13,19,19,1,1,1,1,1,1,
bram,bbht_grover_upgrade,GT,16383,0,64,64,0x6770144c,0xd2d3c6e7,ckpt,HIT,86,26850,13,19,4,5766,57,63,86,13,19,4,1,1,1,1,1,1,
bram,bbht_grover_upgrade,GT,16383,0,64,65,0xc600a248,0x0a1e0844,normal,HIT,9669,18554,11,12,12,8252,82,87,9669,11,12,12,1,1,1,1,1,1,
bram,bbht_grover_upgrade,GT,16383,0,64,65,0xc600a248,0x0a1e0844,ckpt,HIT,9669,18554,11,12,4,4992,49,55,9669,11,12,4,1,1,1,1,1,1,
bram,bbht_grover_upgrade,GT,16383,0,64,66,0x1ea4f830,0x2ef0f28e,normal,HIT,2116,19170,10,7,7,6523,65,70,2116,10,7,7,1,1,1,1,1,1,
bram,bbht_grover_upgrade,GT,16383,0,64,66,0x1ea4f830,0x2ef0f28e,ckpt,HIT,2116,19170,10,7,5,4974,49,55,2116,10,7,5,1,1,1,1,1,1,
bram,bbht_grover_upgrade,GT,16383,0,64,67,0x639604f3,0x7fe04f83,normal,HIT,5262,22899,17,34,34,16861,168,173,5262,17,34,34,1,1,1,1,1,1,
bram,bbht_grover_upgrade,GT,16383,0,64,67,0x639604f3,0x7fe04f83,ckpt,HIT,5262,22899,17,34,9,8554,85,91,5262,17,34,9,1,1,1,1,1,1,
bram,bbht_grover_upgrade,GT,16383,0,64,68,0x6e084a84,0xb643b17e,normal,HIT,12968,16603,11,18,18,9922,99,105,12968,11,18,18,1,1,1,1,1,1,
bram,bbht_grover_upgrade,GT,16383,0,64,68,0x6e084a84,0xb643b17e,ckpt,HIT,12968,16603,11,18,6,5605,56,60,12968,11,18,6,1,1,1,1,1,1,
bram,bbht_grover_upgrade,GT,16383,0,64,69,0x3d7fc476,0x467d7a44,normal,HIT,2578,31110,8,6,6,5360,53,59,2578,8,6,6,1,1,1,1,1,1,
bram,bbht_grover_upgrade,GT,16383,0,64,69,0x3d7fc476,0x467d7a44,ckpt,HIT,2578,31110,8,6,3,3793,37,43,2578,8,6,3,1,1,1,1,1,1,
bram,bbht_grover_upgrade,GT,16383,0,64,70,0xedca3875,0xefade11e,normal,HIT,4668,16760,9,10,10,6885,68,74,4668,9,10,10,1,1,1,1,1,1,
bram,bbht_grover_upgrade,GT,16383,0,64,70,0xedca3875,0xefade11e,ckpt,HIT,4668,16760,9,10,3,7107,71,77,4668,9,10,3,1,1,1,1,1,1,
bram,bbht_grover_upgrade,GT,16383,0,64,71,0xb883121d,0x095c678c,normal,HIT,4668,16760,16,27,27,14656,146,153,4668,16,27,27,1,1,1,1,1,1,
bram,bbht_grover_upgrade,GT,16383,0,64,71,0xb883121d,0x095c678c,ckpt,HIT,4668,16760,16,27,12,9010,90,96,4668,16,27,12,1,1,1,1,1,1,
bram,bbht_grover_upgrade,GT,16383,0,64,72,0xace22797,0xbc422a9a,normal,HIT,6537,26623,6,3,3,3605,36,42,6537,6,3,3,1,1,1,1,1,1,
bram,bbht_grover_upgrade,GT,16383,0,64,72,0xace22797,0xbc422a9a,ckpt,HIT,6537,26623,6,3,1,2549,25,31,6537,6,3,1,1,1,1,1,1,1,
bram,bbht_grover_upgrade,GT,16383,0,64,73,0xefd3172d,0x8c2c3233,normal,HIT,2578,31110,17,35,35,17108,171,176,2578,17,35,35,1,1,1,1,1,1,
bram,bbht_grover_upgrade,GT,16383,0,64,73,0xefd3172d,0x8c2c3233,ckpt,HIT,2578,31110,17,35,10,8635,86,91,2578,17,35,10,1,1,1,1,1,1,
bram,bbht_grover_upgrade,GT,16383,0,64,74,0xe6aacdb5,0x7f1c158a,normal,HIT,2932,26834,14,26,26,13436,134,140,2932,14,26,26,1,1,1,1,1,1,
bram,bbht_grover_upgrade,GT,16383,0,64,74,0xe6aacdb5,0x7f1c158a,ckpt,HIT,2932,26834,14,26,6,6626,66,72,2932,14,26,6,1,1,1,1,1,1,
bram,bbht_grover_upgrade,GT,16383,0,64,75,0x6566c598,0xca804b00,normal,HIT,6537,26623,4,3,3,2619,26,31,6537,4,3,3,1,1,1,1,1,1,
bram,bbht_grover_upgrade,GT,16383,0,64,75,0x6566c598,0xca804b00,ckpt,HIT,6537,26623,4,3,1,1811,18,23,6537,4,3,1,1,1,1,1,1,1,
bram,bbht_grover_upgrade,GT,16383,0,64,76,0x4e646d9d,0xcbae5ac0,normal,HIT,16017,22351,11,19,19,10180,101,107,16017,11,19,19,1,1,1,1,1,1,
bram,bbht_grover_upgrade,GT,16383,0,64,76,0x4e646d9d,0xcbae5ac0,ckpt,HIT,16017,22351,11,19,6,5597,55,61,16017,11,19,6,1,1,1,1,1,1,
bram,bbht_grover_upgrade,GT,16383,0,64,77,0x05d81d6f,0x260c4013,normal,HIT,6322,19210,4,1,1,2047,20,26,6322,4,1,1,1,1,1,1,1,1,
bram,bbht_grover_upgrade,GT,16383,0,64,77,0x05d81d6f,0x260c4013,ckpt,HIT,6322,19210,4,1,1,1769,17,22,6322,4,1,1,1,1,1,1,1,1,
bram,bbht_grover_upgrade,GT,16383,0,64,78,0x2018f6a3,0x5728c7f4,normal,HIT,10501,19012,13,17,17,10623,106,111,10501,13,17,17,1,1,1,1,1,1,
bram,bbht_grover_upgrade,GT,16383,0,64,78,0x2018f6a3,0x5728c7f4,ckpt,HIT,10501,19012,13,17,3,5584,55,60,10501,13,17,3,1,1,1,1,1,1,
bram,bbht_grover_upgrade,GT,16383,0,64,79,0x718ebf0c,0x4d7d460c,normal,HIT,5068,19298,5,3,3,3136,31,37,5068,5,3,3,1,1,1,1,1,1,
bram,bbht_grover_upgrade,GT,16383,0,64,79,0x718ebf0c,0x4d7d460c,ckpt,HIT,5068,19298,5,3,2,2472,24,29,5068,5,3,2,1,1,1,1,1,1,
bram,bbht_grover_upgrade,GT,16383,0,64,80,0x042a8f17,0x2093b3f4,normal,HIT,11080,32198,14,26,26,13413,134,140,11080,14,26,26,1,1,1,1,1,1,
bram,bbht_grover_upgrade,GT,16383,0,64,80,0x042a8f17,0x2093b3f4,ckpt,HIT,11080,32198,14,26,8,7135,71,77,11080,14,26,8,1,1,1,1,1,1,
bram,bbht_grover_upgrade,GT,16383,0,64,81,0xfc1c775d,0x35bd20f1,normal,HIT,10715,31474,11,18,18,9995,99,105,10715,11,18,18,1,1,1,1,1,1,
bram,bbht_grover_upgrade,GT,16383,0,64,81,0xfc1c775d,0x35bd20f1,ckpt,HIT,10715,31474,11,18,3,4878,48,54,10715,11,18,3,1,1,1,1,1,1,
bram,bbht_grover_upgrade,GT,16383,0,64,82,0x16b93b63,0x7d609ba5,normal,HIT,10501,19012,11,15,15,9175,91,97,10501,11,15,15,1,1,1,1,1,1,
bram,bbht_grover_upgrade,GT,16383,0,64,82,0x16b93b63,0x7d609ba5,ckpt,HIT,10501,19012,11,15,5,5383,53,59,10501,11,15,5,1,1,1,1,1,1,
bram,bbht_grover_upgrade,GT,16383,0,64,83,0x8ce1028e,0xb152e7ef,normal,HIT,7526,20953,14,23,23,12590,125,130,7526,14,23,23,1,1,1,1,1,1,
bram,bbht_grover_upgrade,GT,16383,0,64,83,0x8ce1028e,0xb152e7ef,ckpt,HIT,7526,20953,14,23,9,7466,74,80,7526,14,23,9,1,1,1,1,1,1,
bram,bbht_grover_upgrade,GT,16383,0,64,84,0x87bad980,0x7dbefa97,normal,HIT,15092,16661,9,11,11,7196,71,77,15092,9,11,11,1,1,1,1,1,1,
bram,bbht_grover_upgrade,GT,16383,0,64,84,0x87bad980,0x7dbefa97,ckpt,HIT,15092,16661,9,11,4,4454,44,50,15092,9,11,4,1,1,1,1,1,1,
bram,bbht_grover_upgrade,GT,16383,0,64,85,0xd63d86f3,0xf5399cca,normal,HIT,12148,26989,11,14,14,8860,88,94,12148,11,14,14,1,1,1,1,1,1,
bram,bbht_grover_upgrade,GT,16383,0,64,85,0xd63d86f3,0xf5399cca,ckpt,HIT,12148,26989,11,14,3,4806,48,53,12148,11,14,3,1,1,1,1,1,1,
bram,bbht_grover_upgrade,GT,16383,0,64,86,0xeeaba102,0x01560fc0,normal,HIT,13683,28167,13,24,24,12473,124,131,13683,13,24,24,1,1,1,1,1,1,
bram,bbht_grover_upgrade,GT,16383,0,64,86,0xeeaba102,0x01560fc0,ckpt,HIT,13683,28167,13,24,6,6509,65,70,13683,13,24,6,1,1,1,1,1,1,
bram,bbht_grover_upgrade,GT,16383,0,64,87,0xc1fee4bb,0xc7e12d58,normal,HIT,11080,32198,6,5,5,4129,41,47,11080,6,5,5,1,1,1,1,1,1,
bram,bbht_grover_upgrade,GT,16383,0,64,87,0xc1fee4bb,0xc7e12d58,ckpt,HIT,11080,32198,6,5,2,2808,28,33,11080,6,5,2,1,1,1,1,1,1,
bram,bbht_grover_upgrade,GT,16383,0,64,88,0x0707c9da,0xf644a3f9,normal,HIT,8900,27322,13,25,25,12721,127,132,8900,13,25,25,1,1,1,1,1,1,
bram,bbht_grover_upgrade,GT,16383,0,64,88,0x0707c9da,0xf644a3f9,ckpt,HIT,8900,27322,13,25,6,6314,63,69,8900,13,25,6,1,1,1,1,1,1,
bram,bbht_grover_upgrade,GT,16383,0,64,89,0xde0d9c30,0x58a2ee8f,normal,HIT,11258,27039,10,13,13,8207,82,88,11258,10,13,13,1,1,1,1,1,1,
bram,bbht_grover_upgrade,GT,16383,0,64,89,0xde0d9c30,0x58a2ee8f,ckpt,HIT,11258,27039,10,13,5,5072,50,56,11258,10,13,5,1,1,1,1,1,1,
bram,bbht_grover_upgrade,GT,16383,0,64,90,0x7cd0efc7,0x9f385cfb,normal,HIT,10937,16908,8,5,5,5090,50,56,10937,8,5,5,1,1,1,1,1,1,
bram,bbht_grover_upgrade,GT,16383,0,64,90,0x7cd0efc7,0x9f385cfb,ckpt,HIT,10937,16908,8,5,2,3521,35,41,10937,8,5,2,1,1,1,1,1,1,
bram,bbht_grover_upgrade,GT,16383,0,64,91,0xe4cb50a6,0x94d13729,normal,HIT,2808,20620,15,24,24,13457,134,139,2808,15,24,24,1,1,1,1,1,1,
bram,bbht_grover_upgrade,GT,16383,0,64,91,0xe4cb50a6,0x94d13729,ckpt,HIT,2808,20620,15,24,8,7684,76,81,2808,15,24,8,1,1,1,1,1,1,
bram,bbht_grover_upgrade,GT,16383,0,64,92,0xa0882219,0x18f75d24,normal,HIT,2932,26834,10,7,7,6527,65,70,2932,10,7,7,1,1,1,1,1,1,
bram,bbht_grover_upgrade,GT,16383,0,64,92,0xa0882219,0x18f75d24,ckpt,HIT,2932,26834,10,7,3,7476,74,80,2932,10,7,3,1,1,1,1,1,1,
bram,bbht_grover_upgrade,GT,16383,0,64,93,0xc435e6f2,0xf75a52bc,normal,HIT,4668,16760,11,19,19,10158,101,106,4668,11,19,19,1,1,1,1,1,1,
bram,bbht_grover_upgrade,GT,16383,0,64,93,0xc435e6f2,0xf75a52bc,ckpt,HIT,4668,16760,11,19,5,5307,53,57,4668,11,19,5,1,1,1,1,1,1,
bram,bbht_grover_upgrade,GT,16383,0,64,94,0x011b63f0,0x0aa34346,normal,HIT,13499,22948,3,1,1,1667,16,22,13499,3,1,1,1,1,1,1,1,1,
bram,bbht_grover_upgrade,GT,16383,0,64,94,0x011b63f0,0x0aa34346,ckpt,HIT,13499,22948,3,1,1,1511,15,20,13499,3,1,1,1,1,1,1,1,1,
bram,bbht_grover_upgrade,GT,16383,0,64,95,0x1b456e77,0xee460f94,normal,HIT,9669,18554,17,47,47,20359,203,210,9669,17,47,47,1,1,1,1,1,1,
bram,bbht_grover_upgrade,GT,16383,0,64,95,0x1b456e77,0xee460f94,ckpt,HIT,9669,18554,17,47,18,11317,113,117,9669,17,47,18,1,1,1,1,1,1,
bram,bbht_grover_upgrade,GT,16383,0,64,96,0x10088608,0xef418331,normal,HIT,1969,29996,15,26,26,13796,137,143,1969,15,26,26,1,1,1,1,1,1,
bram,bbht_grover_upgrade,GT,16383,0,64,96,0x10088608,0xef418331,ckpt,HIT,1969,29996,15,26,6,6862,68,73,1969,15,26,6,1,1,1,1,1,1,
bram,bbht_grover_upgrade,GT,16383,0,64,97,0x6fcfc352,0xf8fa9f4c,normal,HIT,569,20217,4,1,1,2163,21,26,569,4,1,1,1,1,1,1,1,1,
bram,bbht_grover_upgrade,GT,16383,0,64,97,0x6fcfc352,0xf8fa9f4c,ckpt,HIT,569,20217,4,1,1,1883,18,24,569,4,1,1,1,1,1,1,1,1,
bram,bbht_grover_upgrade,GT,16383,0,64,98,0xfb6077af,0x713595a9,normal,HIT,1068,20482,7,3,3,4036,40,45,1068,7,3,3,1,1,1,1,1,1,
bram,bbht_grover_upgrade,GT,16383,0,64,98,0xfb6077af,0x713595a9,ckpt,HIT,1068,20482,7,3,1,2855,28,34,1068,7,3,1,1,1,1,1,1,1,
bram,bbht_grover_upgrade,GT,16383,0,64,99,0xc6ebb72e,0x08fdf109,normal,HIT,10501,19012,16,42,42,18643,186,192,10501,16,42,42,1,1,1,1,1,1,
bram,bbht_grover_upgrade,GT,16383,0,64,99,0xc6ebb72e,0x08fdf109,ckpt,HIT,10501,19012,16,42,14,9473,94,100,10501,16,42,14,1,1,1,1,1,1,
bram,bbht_grover_upgrade,GT,16383,0,256,0,0x7b1dcdaf,0x24370df2,normal,HIT,6194,21743,4,2,2,2418,24,29,6194,4,2,2,1,1,1,1,1,1,
bram,bbht_grover_upgrade,GT,16383,0,256,0,0x7b1dcdaf,0x24370df2,ckpt,HIT,6194,21743,4,2,1,1874,18,25,6194,4,2,1,1,1,1,1,1,1,
bram,bbht_grover_upgrade,GT,16383,0,256,1,0x3a85a4dc,0xa3b9aa35,normal,HIT,16378,30332,2,0,0,966,9,15,16378,2,0,0,1,1,1,1,1,1,
bram,bbht_grover_upgrade,GT,16383,0,256,1,0x3a85a4dc,0xa3b9aa35,ckpt,HIT,16378,30332,2,0,0,933,9,15,16378,2,0,0,1,1,1,1,1,1,
bram,bbht_grover_upgrade,GT,16383,0,256,2,0x6162a8b2,0x871c276f,normal,HIT,8111,30919,7,3,3,4067,40,47,8111,7,3,3,1,1,1,1,1,1,
bram,bbht_grover_upgrade,GT,16383,0,256,2,0x6162a8b2,0x871c276f,ckpt,HIT,8111,30919,7,3,2,3155,31,37,8111,7,3,2,1,1,1,1,1,1,
bram,bbht_grover_upgrade,GT,16383,0,256,3,0xc3adc34e,0xf5b8f22b,normal,HIT,16057,26038,9,8,8,6335,63,69,16057,9,8,8,1,1,1,1,1,1,
bram,bbht_grover_upgrade,GT,16383,0,256,3,0xc3adc34e,0xf5b8f22b,ckpt,HIT,16057,26038,9,8,4,4381,43,48,16057,9,8,4,1,1,1,1,1,1,
bram,bbht_grover_upgrade,GT,16383,0,256,4,0x2bb073ff,0x3f8396e3,normal,HIT,7054,22624,1,0,0,478,4,10,7054,1,0,0,1,1,1,1,1,1,
bram,bbht_grover_upgrade,GT,16383,0,256,4,0x2bb073ff,0x3f8396e3,ckpt,HIT,7054,22624,1,0,0,568,5,10,7054,1,0,0,1,1,1,1,1,1,
bram,bbht_grover_upgrade,GT,16383,0,256,5,0xda585ab3,0xa7197ad7,normal,HIT,1569,17806,4,2,2,2415,24,29,1569,4,2,2,1,1,1,1,1,1,
bram,bbht_grover_upgrade,GT,16383,0,256,5,0xda585ab3,0xa7197ad7,ckpt,HIT,1569,17806,4,2,1,1873,18,24,1569,4,2,1,1,1,1,1,1,1,
bram,bbht_grover_upgrade,GT,16383,0,256,6,0x0ed109c0,0x5701ce52,normal,HIT,16057,26038,2,1,1,1219,12,17,16057,2,1,1,1,1,1,1,1,1,
bram,bbht_grover_upgrade,GT,16383,0,256,6,0x0ed109c0,0x5701ce52,ckpt,HIT,16057,26038,2,1,1,1190,11,16,16057,2,1,1,1,1,1,1,1,1,
bram,bbht_grover_upgrade,GT,16383,0,256,7,0x102ecf73,0x53c7612b,normal,HIT,8111,30919,10,14,14,8333,83,89,8111,10,14,14,1,1,1,1,1,1,
bram,bbht_grover_upgrade,GT,16383,0,256,7,0x102ecf73,0x53c7612b,ckpt,HIT,8111,30919,10,14,5,4999,49,55,8111,10,14,5,1,1,1,1,1,1,
bram,bbht_grover_upgrade,GT,16383,0,256,8,0xcf29b6a1,0x35231a84,normal,HIT,3262,18088,11,13,13,8660,86,93,3262,11,13,13,1,1,1,1,1,1,
bram,bbht_grover_upgrade,GT,16383,0,256,8,0xcf29b6a1,0x35231a84,ckpt,HIT,3262,18088,11,13,5,5398,53,59,3262,11,13,5,1,1,1,1,1,1,
bram,bbht_grover_upgrade,GT,16383,0,256,9,0xc49cbb42,0xd0a3bbb8,normal,HIT,15398,22207,7,3,3,4035,40,45,15398,7,3,3,1,1,1,1,1,1,
bram,bbht_grover_upgrade,GT,16383,0,256,9,0xc49cbb42,0xd0a3bbb8,ckpt,HIT,15398,22207,7,3,2,3120,31,37,15398,7,3,2,1,1,1,1,1,1,
bram,bbht_grover_upgrade,GT,16383,0,256,10,0x4cc51d23,0xee0e3ab4,normal,HIT,2261,32679,3,2,2,1959,19,24,2261,3,2,2,1,1,1,1,1,1,
bram,bbht_grover_upgrade,GT,16383,0,256,10,0x4cc51d23,0xee0e3ab4,ckpt,HIT,2261,32679,3,2,1,1540,15,22,2261,3,2,1,1,1,1,1,1,1,
bram,bbht_grover_upgrade,GT,16383,0,256,11,0xf9e8aa7a,0x3208c31a,normal,HIT,3178,30209,1,0,0,446,4,11,3178,1,0,0,1,1,1,1,1,1,
bram,bbht_grover_upgrade,GT,16383,0,256,11,0xf9e8aa7a,0x3208c31a,ckpt,HIT,3178,30209,1,0,0,536,5,10,3178,1,0,0,1,1,1,1,1,1,
bram,bbht_grover_upgrade,GT,16383,0,256,12,0xdda8b051,0xc8105c9d,normal,HIT,86,26850,14,20,20,11822,118,124,86,14,20,20,1,1,1,1,1,1,
bram,bbht_grover_upgrade,GT,16383,0,256,12,0xdda8b051,0xc8105c9d,ckpt,HIT,86,26850,14,20,10,7849,78,83,86,14,20,10,1,1,1,1,1,1,
bram,bbht_grover_upgrade,GT,16383,0,256,13,0xabfb11bf,0xf5dec75e,normal,HIT,7345,32287,6,5,5,4132,41,47,7345,6,5,5,1,1,1,1,1,1,
bram,bbht_grover_upgrade,GT,16383,0,256,13,0xabfb11bf,0xf5dec75e,ckpt,HIT,7345,32287,6,5,2,2812,28,34,7345,6,5,2,1,1,1,1,1,1,
bram,bbht_grover_upgrade,GT,16383,0,256,14,0x20639811,0x6b6a7c47,normal,HIT,14618,25652,7,8,8,5408,54,59,14618,7,8,8,1,1,1,1,1,1,
bram,bbht_grover_upgrade,GT,16383,0,256,14,0x20639811,0x6b6a7c47,ckpt,HIT,14618,25652,7,8,2,3168,31,37,14618,7,8,2,1,1,1,1,1,1,
bram,bbht_grover_upgrade,GT,16383,0,256,15,0xac72acd2,0xca84bc6c,normal,HIT,6024,20409,3,0,0,1399,13,19,6024,3,0,0,1,1,1,1,1,1,
bram,bbht_grover_upgrade,GT,16383,0,256,15,0xac72acd2,0xca84bc6c,ckpt,HIT,6024,20409,3,0,0,1241,12,18,6024,3,0,0,1,1,1,1,1,1,
bram,bbht_grover_upgrade,GT,16383,0,256,16,0x49a2da79,0xe1376725,normal,HIT,7859,30665,8,8,8,5855,58,64,7859,8,8,8,1,1,1,1,1,1,
bram,bbht_grover_upgrade,GT,16383,0,256,16,0x49a2da79,0xe1376725,ckpt,HIT,7859,30665,8,8,2,3493,34,40,7859,8,8,2,1,1,1,1,1,1,
bram,bbht_grover_upgrade,GT,16383,0,256,17,0x63a4e9d7,0x6166dba4,normal,HIT,11280,20121,8,9,9,6140,61,67,11280,8,9,9,1,1,1,1,1,1,
bram,bbht_grover_upgrade,GT,16383,0,256,17,0x63a4e9d7,0x6166dba4,ckpt,HIT,11280,20121,8,9,3,3783,37,44,11280,8,9,3,1,1,1,1,1,1,
bram,bbht_grover_upgrade,GT,16383,0,256,18,0x8983f102,0x43fb6183,normal,HIT,14537,18801,9,8,8,6316,63,68,14537,9,8,8,1,1,1,1,1,1,
bram,bbht_grover_upgrade,GT,16383,0,256,18,0x8983f102,0x43fb6183,ckpt,HIT,14537,18801,9,8,4,4360,43,48,14537,9,8,4,1,1,1,1,1,1,
bram,bbht_grover_upgrade,GT,16383,0,256,19,0xb671aa78,0xc97ad8a2,normal,HIT,10420,24885,5,1,1,2562,25,31,10420,5,1,1,1,1,1,1,1,1,
bram,bbht_grover_upgrade,GT,16383,0,256,19,0xb671aa78,0xc97ad8a2,ckpt,HIT,10420,24885,5,1,1,2158,21,26,10420,5,1,1,1,1,1,1,1,1,
bram,bbht_grover_upgrade,GT,16383,0,256,20,0xdaeb566a,0x989e5b3d,normal,HIT,14509,22808,6,3,3,3632,36,41,14509,6,3,3,1,1,1,1,1,1,
bram,bbht_grover_upgrade,GT,16383,0,256,20,0xdaeb566a,0x989e5b3d,ckpt,HIT,14509,22808,6,3,1,2575,25,31,14509,6,3,1,1,1,1,1,1,1,
bram,bbht_grover_upgrade,GT,16383,0,256,21,0xf6181c00,0xa345ac4b,normal,HIT,2778,28454,9,4,4,5312,53,58,2778,9,4,4,1,1,1,1,1,1,
bram,bbht_grover_upgrade,GT,16383,0,256,21,0xf6181c00,0xa345ac4b,ckpt,HIT,2778,28454,9,4,4,4420,44,50,2778,9,4,4,1,1,1,1,1,1,
bram,bbht_grover_upgrade,GT,16383,0,256,22,0x4e18d852,0xa08980df,normal,HIT,12247,19745,7,3,3,4108,41,46,12247,7,3,3,1,1,1,1,1,1,
bram,bbht_grover_upgrade,GT,16383,0,256,22,0x4e18d852,0xa08980df,ckpt,HIT,12247,19745,7,3,1,2929,29,33,12247,7,3,1,1,1,1,1,1,1,
bram,bbht_grover_upgrade,GT,16383,0,256,23,0xa035ceba,0x611de4c4,normal,HIT,15827,28165,7,5,5,4654,46,51,15827,7,5,5,1,1,1,1,1,1,
bram,bbht_grover_upgrade,GT,16383,0,256,23,0xa035ceba,0x611de4c4,ckpt,HIT,15827,28165,7,5,2,5977,59,66,15827,7,5,2,1,1,1,1,1,1,
bram,bbht_grover_upgrade,GT,16383,0,256,24,0xc2416ee4,0x7323f479,normal,HIT,16338,30402,4,3,3,2690,26,32,16338,4,3,3,1,1,1,1,1,1,
bram,bbht_grover_upgrade,GT,16383,0,256,24,0xc2416ee4,0x7323f479,ckpt,HIT,16338,30402,4,3,1,1881,18,24,16338,4,3,1,1,1,1,1,1,1,
bram,bbht_grover_upgrade,GT,16383,0,256,25,0xfbdafbdd,0xa0c0cf2f,normal,HIT,5899,19232,2,1,1,1211,12,17,5899,2,1,1,1,1,1,1,1,1,
bram,bbht_grover_upgrade,GT,16383,0,256,25,0xfbdafbdd,0xa0c0cf2f,ckpt,HIT,5899,19232,2,1,1,1181,11,17,5899,2,1,1,1,1,1,1,1,1,
bram,bbht_grover_upgrade,GT,16383,0,256,26,0xa43fbf47,0x8de97b10,normal,HIT,8864,26133,12,13,13,8959,89,94,8864,12,13,13,1,1,1,1,1,1,
bram,bbht_grover_upgrade,GT,16383,0,256,26,0xa43fbf47,0x8de97b10,ckpt,HIT,8864,26133,12,13,6,5840,58,64,8864,12,13,6,1,1,1,1,1,1,
bram,bbht_grover_upgrade,GT,16383,0,256,27,0x6811f7c1,0xcb07044a,normal,HIT,6587,31055,11,13,13,8630,86,90,6587,11,13,13,1,1,1,1,1,1,
bram,bbht_grover_upgrade,GT,16383,0,256,27,0x6811f7c1,0xcb07044a,ckpt,HIT,6587,31055,11,13,2,4570,45,51,6587,11,13,2,1,1,1,1,1,1,
bram,bbht_grover_upgrade,GT,16383,0,256,28,0x610dde2c,0x8cf5deb9,normal,HIT,15049,21292,4,2,2,2400,24,30,15049,4,2,2,1,1,1,1,1,1,
bram,bbht_grover_upgrade,GT,16383,0,256,28,0x610dde2c,0x8cf5deb9,ckpt,HIT,15049,21292,4,2,1,1859,18,24,15049,4,2,1,1,1,1,1,1,1,
bram,bbht_grover_upgrade,GT,16383,0,256,29,0x82241b87,0xbbe27f39,normal,HIT,15592,21080,6,4,4,3811,38,44,15592,6,4,4,1,1,1,1,1,1,
bram,bbht_grover_upgrade,GT,16383,0,256,29,0x82241b87,0xbbe27f39,ckpt,HIT,15592,21080,6,4,2,2755,27,32,15592,6,4,2,1,1,1,1,1,1,
bram,bbht_grover_upgrade,GT,16383,0,256,30,0x48647490,0xea9551eb,normal,HIT,5257,30311,9,7,7,6023,60,66,5257,9,7,7,1,1,1,1,1,1,
bram,bbht_grover_upgrade,GT,16383,0,256,30,0x48647490,0xea9551eb,ckpt,HIT,5257,30311,9,7,3,4067,40,47,5257,9,7,3,1,1,1,1,1,1,
bram,bbht_grover_upgrade,GT,16383,0,256,31,0x63df3b7f,0xa8b057e1,normal,HIT,15986,29937,4,2,2,2401,24,29,15986,4,2,2,1,1,1,1,1,1,
bram,bbht_grover_upgrade,GT,16383,0,256,31,0x63df3b7f,0xa8b057e1,ckpt,HIT,15986,29937,4,2,1,1856,18,24,15986,4,2,1,1,1,1,1,1,1,
bram,bbht_grover_upgrade,GT,16383,0,256,32,0x433125bb,0x3221fef0,normal,HIT,389,18724,5,2,2,2843,28,34,389,5,2,2,1,1,1,1,1,1,
bram,bbht_grover_upgrade,GT,16383,0,256,32,0x433125bb,0x3221fef0,ckpt,HIT,389,18724,5,2,1,2176,21,28,389,5,2,1,1,1,1,1,1,1,
bram,bbht_grover_upgrade,GT,16383,0,256,33,0x7943be40,0x6641ee79,normal,HIT,7345,32287,5,2,2,2832,28,34,7345,5,2,2,1,1,1,1,1,1,
bram,bbht_grover_upgrade,GT,16383,0,256,33,0x7943be40,0x6641ee79,ckpt,HIT,7345,32287,5,2,1,2163,21,26,7345,5,2,1,1,1,1,1,1,1,
bram,bbht_grover_upgrade,GT,16383,0,256,34,0x26c93252,0x675d2908,normal,HIT,13499,22948,4,1,1,2123,21,26,13499,4,1,1,1,1,1,1,1,1,
bram,bbht_grover_upgrade,GT,16383,0,256,34,0x26c93252,0x675d2908,ckpt,HIT,13499,22948,4,1,1,1846,18,23,13499,4,1,1,1,1,1,1,1,1,
bram,bbht_grover_upgrade,GT,16383,0,256,35,0xdbe3ed49,0xa7cfea56,normal,HIT,10128,20312,6,6,6,4376,43,48,10128,6,6,6,1,1,1,1,1,1,
bram,bbht_grover_upgrade,GT,16383,0,256,35,0xdbe3ed49,0xa7cfea56,ckpt,HIT,10128,20312,6,6,2,2792,27,32,10128,6,6,2,1,1,1,1,1,1,
bram,bbht_grover_upgrade,GT,16383,0,256,36,0xc2ec9bb4,0xbfc0ae9e,normal,HIT,16338,30402,6,3,3,3655,36,42,16338,6,3,3,1,1,1,1,1,1,
bram,bbht_grover_upgrade,GT,16383,0,256,36,0xc2ec9bb4,0xbfc0ae9e,ckpt,HIT,16338,30402,6,3,2,2864,28,33,16338,6,3,2,1,1,1,1,1,1,
bram,bbht_grover_upgrade,GT,16383,0,256,37,0xe7ec8559,0x307064ac,normal,HIT,13426,21020,4,2,2,2405,24,30,13426,4,2,2,1,1,1,1,1,1,
bram,bbht_grover_upgrade,GT,16383,0,256,37,0xe7ec8559,0x307064ac,ckpt,HIT,13426,21020,4,2,1,1860,18,24,13426,4,2,1,1,1,1,1,1,1,
bram,bbht_grover_upgrade,GT,16383,0,256,38,0xccb88b54,0x2cf00158,normal,HIT,15049,21292,5,4,4,3420,34,39,15049,5,4,4,1,1,1,1,1,1,
bram,bbht_grover_upgrade,GT,16383,0,256,38,0xccb88b54,0x2cf00158,ckpt,HIT,15049,21292,5,4,2,2490,24,31,15049,5,4,2,1,1,1,1,1,1,
bram,bbht_grover_upgrade,GT,16383,0,256,39,0xb512e6a4,0x2b9e708c,normal,HIT,943,20053,5,4,4,3394,33,39,943,5,4,4,1,1,1,1,1,1,
bram,bbht_grover_upgrade,GT,16383,0,256,39,0xb512e6a4,0x2b9e708c,ckpt,HIT,943,20053,5,4,2,2462,24,29,943,5,4,2,1,1,1,1,1,1,
bram,bbht_grover_upgrade,GT,16383,0,256,40,0x7e2c3d82,0xa69fb195,normal,HIT,13451,24112,3,1,1,1651,16,21,13451,3,1,1,1,1,1,1,1,1,
bram,bbht_grover_upgrade,GT,16383,0,256,40,0x7e2c3d82,0xa69fb195,ckpt,HIT,13451,24112,3,1,1,1495,14,20,13451,3,1,1,1,1,1,1,1,1,
bram,bbht_grover_upgrade,GT,16383,0,256,41,0x58b3e5ad,0x23a21253,normal,HIT,745,17423,2,1,1,1181,11,16,745,2,1,1,1,1,1,1,1,1,
bram,bbht_grover_upgrade,GT,16383,0,256,41,0x58b3e5ad,0x23a21253,ckpt,HIT,745,17423,2,1,1,1149,11,17,745,2,1,1,1,1,1,1,1,1,
bram,bbht_grover_upgrade,GT,16383,0,256,42,0x9a07c40b,0x3ea78d8c,normal,HIT,15092,16661,8,2,2,4232,42,48,15092,8,2,2,1,1,1,1,1,1,
bram,bbht_grover_upgrade,GT,16383,0,256,42,0x9a07c40b,0x3ea78d8c,ckpt,HIT,15092,16661,8,2,1,3192,31,37,15092,8,2,1,1,1,1,1,1,1,
bram,bbht_grover_upgrade,GT,16383,0,256,43,0xf1f9a54b,0x7b00db61,normal,HIT,10784,24389,8,6,6,5320,53,58,10784,8,6,6,1,1,1,1,1,1,
bram,bbht_grover_upgrade,GT,16383,0,256,43,0xf1f9a54b,0x7b00db61,ckpt,HIT,10784,24389,8,6,3,3754,37,44,10784,8,6,3,1,1,1,1,1,1,
bram,bbht_grover_upgrade,GT,16383,0,256,44,0xfba6212d,0xb8b8356a,normal,HIT,4260,25069,12,13,13,8999,89,96,4260,12,13,13,1,1,1,1,1,1,
bram,bbht_grover_upgrade,GT,16383,0,256,44,0xfba6212d,0xb8b8356a,ckpt,HIT,4260,25069,12,13,5,5655,56,62,4260,12,13,5,1,1,1,1,1,1,
bram,bbht_grover_upgrade,GT,16383,0,256,45,0x1ca60615,0xd753b84a,normal,HIT,9098,29117,6,4,4,3802,38,43,9098,6,4,4,1,1,1,1,1,1,
bram,bbht_grover_upgrade,GT,16383,0,256,45,0x1ca60615,0xd753b84a,ckpt,HIT,9098,29117,6,4,2,2747,27,32,9098,6,4,2,1,1,1,1,1,1,
bram,bbht_grover_upgrade,GT,16383,0,256,46,0xa085c93e,0x19b8504d,normal,HIT,15827,28165,5,2,2,2871,28,34,15827,5,2,2,1,1,1,1,1,1,
bram,bbht_grover_upgrade,GT,16383,0,256,46,0xa085c93e,0x19b8504d,ckpt,HIT,15827,28165,5,2,2,2469,24,29,15827,5,2,2,1,1,1,1,1,1,
bram,bbht_grover_upgrade,GT,16383,0,256,47,0x18190603,0xad0438b2,normal,HIT,12819,29797,8,3,3,4575,45,51,12819,8,3,3,1,1,1,1,1,1,
bram,bbht_grover_upgrade,GT,16383,0,256,47,0x18190603,0xad0438b2,ckpt,HIT,12819,29797,8,3,2,3539,35,40,12819,8,3,2,1,1,1,1,1,1,
bram,bbht_grover_upgrade,GT,16383,0,256,48,0xc1143c78,0xbbdab3cd,normal,HIT,10784,24389,11,7,7,7067,70,75,10784,11,7,7,1,1,1,1,1,1,
bram,bbht_grover_upgrade,GT,16383,0,256,48,0xc1143c78,0xbbdab3cd,ckpt,HIT,10784,24389,11,7,4,5128,51,56,10784,11,7,4,1,1,1,1,1,1,
bram,bbht_grover_upgrade,GT,16383,0,256,49,0x332063fc,0x222ba57c,normal,HIT,16035,26235,8,5,5,5032,50,56,16035,8,5,5,1,1,1,1,1,1,
bram,bbht_grover_upgrade,GT,16383,0,256,49,0x332063fc,0x222ba57c,ckpt,HIT,16035,26235,8,5,2,3463,34,40,16035,8,5,2,1,1,1,1,1,1,
bram,bbht_grover_upgrade,GT,16383,0,256,50,0xd6f4066b,0xab9eb714,normal,HIT,8254,18531,4,1,1,2098,20,26,8254,4,1,1,1,1,1,1,1,1,
bram,bbht_grover_upgrade,GT,16383,0,256,50,0xd6f4066b,0xab9eb714,ckpt,HIT,8254,18531,4,1,1,1822,18,23,8254,4,1,1,1,1,1,1,1,1,
bram,bbht_grover_upgrade,GT,16383,0,256,51,0x64b9628c,0x9cd8b518,normal,HIT,3067,28255,7,7,7,5113,51,56,3067,7,7,7,1,1,1,1,1,1,
bram,bbht_grover_upgrade,GT,16383,0,256,51,0x64b9628c,0x9cd8b518,ckpt,HIT,3067,28255,7,7,2,3138,31,37,3067,7,7,2,1,1,1,1,1,1,
bram,bbht_grover_upgrade,GT,16383,0,256,52,0x894e6771,0x8a255c2e,normal,HIT,13426,21020,11,9,9,7558,75,82,13426,11,9,9,1,1,1,1,1,1,
bram,bbht_grover_upgrade,GT,16383,0,256,52,0x894e6771,0x8a255c2e,ckpt,HIT,13426,21020,11,9,2,4558,45,51,13426,11,9,2,1,1,1,1,1,1,
bram,bbht_grover_upgrade,GT,16383,0,256,53,0xe3e668e8,0xff1f20c3,normal,HIT,4886,31721,10,11,11,7613,76,82,4886,10,11,11,1,1,1,1,1,1,
bram,bbht_grover_upgrade,GT,16383,0,256,53,0xe3e668e8,0xff1f20c3,ckpt,HIT,4886,31721,10,11,4,4740,47,52,4886,10,11,4,1,1,1,1,1,1,
bram,bbht_grover_upgrade,GT,16383,0,256,54,0x36980406,0xfbdbfa61,normal,HIT,4260,25069,8,9,9,6094,60,65,4260,8,9,9,1,1,1,1,1,1,
bram,bbht_grover_upgrade,GT,16383,0,256,54,0x36980406,0xfbdbfa61,ckpt,HIT,4260,25069,8,9,2,3465,34,40,4260,8,9,2,1,1,1,1,1,1,
bram,bbht_grover_upgrade,GT,16383,0,256,55,0x114d2b4a,0xa617ad4e,normal,HIT,3077,26085,6,5,5,4095,40,47,3077,6,5,5,1,1,1,1,1,1,
bram,bbht_grover_upgrade,GT,16383,0,256,55,0x114d2b4a,0xa617ad4e,ckpt,HIT,3077,26085,6,5,2,2776,27,32,3077,6,5,2,1,1,1,1,1,1,
bram,bbht_grover_upgrade,GT,16383,0,256,56,0x3b8907e1,0x0c6cbd10,normal,HIT,7859,30665,7,4,4,4288,42,49,7859,7,4,4,1,1,1,1,1,1,
bram,bbht_grover_upgrade,GT,16383,0,256,56,0x3b8907e1,0x0c6cbd10,ckpt,HIT,7859,30665,7,4,2,3108,31,36,7859,7,4,2,1,1,1,1,1,1,
bram,bbht_grover_upgrade,GT,16383,0,256,57,0x2cd09c1d,0x964fb1a7,normal,HIT,9616,21800,7,2,2,3804,38,44,9616,7,2,2,1,1,1,1,1,1,
bram,bbht_grover_upgrade,GT,16383,0,256,57,0x2cd09c1d,0x964fb1a7,ckpt,HIT,9616,21800,7,2,2,6162,61,67,9616,7,2,2,1,1,1,1,1,1,
bram,bbht_grover_upgrade,GT,16383,0,256,58,0x6d7a8604,0xbd6f99c6,normal,HIT,8254,18531,5,4,4,3429,34,38,8254,5,4,4,1,1,1,1,1,1,
bram,bbht_grover_upgrade,GT,16383,0,256,58,0x6d7a8604,0xbd6f99c6,ckpt,HIT,8254,18531,5,4,2,2500,25,30,8254,5,4,2,1,1,1,1,1,1,
bram,bbht_grover_upgrade,GT,16383,0,256,59,0x1fadaf42,0x60010aa3,normal,HIT,5899,19232,11,14,14,8954,89,94,5899,11,14,14,1,1,1,1,1,1,
bram,bbht_grover_upgrade,GT,16383,0,256,59,0x1fadaf42,0x60010aa3,ckpt,HIT,5899,19232,11,14,4,5173,51,58,5899,11,14,4,1,1,1,1,1,1,
bram,bbht_grover_upgrade,GT,16383,0,256,60,0x92fe7cfd,0xb54e2773,normal,HIT,838,17066,6,3,3,3591,35,40,838,6,3,3,1,1,1,1,1,1,
bram,bbht_grover_upgrade,GT,16383,0,256,60,0x92fe7cfd,0xb54e2773,ckpt,HIT,838,17066,6,3,1,2533,25,31,838,6,3,1,1,1,1,1,1,1,
bram,bbht_grover_upgrade,GT,16383,0,256,61,0x1aecb060,0x9c545eba,normal,HIT,3077,26085,10,13,13,8143,81,86,3077,10,13,13,1,1,1,1,1,1,
bram,bbht_grover_upgrade,GT,16383,0,256,61,0x1aecb060,0x9c545eba,ckpt,HIT,3077,26085,10,13,3,4473,44,50,3077,10,13,3,1,1,1,1,1,1,
bram,bbht_grover_upgrade,GT,16383,0,256,62,0x91778cc3,0xbd1d1bc0,normal,HIT,6083,16900,10,13,13,8188,81,88,6083,10,13,13,1,1,1,1,1,1,
bram,bbht_grover_upgrade,GT,16383,0,256,62,0x91778cc3,0xbd1d1bc0,ckpt,HIT,6083,16900,10,13,5,5051,50,56,6083,10,13,5,1,1,1,1,1,1,
bram,bbht_grover_upgrade,GT,16383,0,256,63,0xe6b7e7eb,0xd542988e,normal,HIT,14620,28124,10,11,11,7560,75,82,14620,10,11,11,1,1,1,1,1,1,
bram,bbht_grover_upgrade,GT,16383,0,256,63,0xe6b7e7eb,0xd542988e,ckpt,HIT,14620,28124,10,11,5,4951,49,54,14620,10,11,5,1,1,1,1,1,1,
bram,bbht_grover_upgrade,GT,16383,0,256,64,0x6770144c,0xd2d3c6e7,normal,HIT,13954,28289,9,6,6,5812,58,64,13954,9,6,6,1,1,1,1,1,1,
bram,bbht_grover_upgrade,GT,16383,0,256,64,0x6770144c,0xd2d3c6e7,ckpt,HIT,13954,28289,9,6,2,3854,38,44,13954,9,6,2,1,1,1,1,1,1,
bram,bbht_grover_upgrade,GT,16383,0,256,65,0xc600a248,0x0a1e0844,normal,HIT,14141,31377,7,5,5,4564,45,52,14141,7,5,5,1,1,1,1,1,1,
bram,bbht_grover_upgrade,GT,16383,0,256,65,0xc600a248,0x0a1e0844,ckpt,HIT,14141,31377,7,5,2,3121,31,37,14141,7,5,2,1,1,1,1,1,1,
bram,bbht_grover_upgrade,GT,16383,0,256,66,0x1ea4f830,0x2ef0f28e,normal,HIT,11917,23087,3,1,1,1683,16,22,11917,3,1,1,1,1,1,1,1,1,
bram,bbht_grover_upgrade,GT,16383,0,256,66,0x1ea4f830,0x2ef0f28e,ckpt,HIT,11917,23087,3,1,1,1528,15,19,11917,3,1,1,1,1,1,1,1,1,
bram,bbht_grover_upgrade,GT,16383,0,256,67,0x639604f3,0x7fe04f83,normal,HIT,7232,17025,6,6,6,4422,44,50,7232,6,6,6,1,1,1,1,1,1,
bram,bbht_grover_upgrade,GT,16383,0,256,67,0x639604f3,0x7fe04f83,ckpt,HIT,7232,17025,6,6,2,2838,28,34,7232,6,6,2,1,1,1,1,1,1,
bram,bbht_grover_upgrade,GT,16383,0,256,68,0x6e084a84,0xb643b17e,normal,HIT,9146,30642,7,4,4,4317,43,48,9146,7,4,4,1,1,1,1,1,1,
bram,bbht_grover_upgrade,GT,16383,0,256,68,0x6e084a84,0xb643b17e,ckpt,HIT,9146,30642,7,4,1,2873,28,34,9146,7,4,1,1,1,1,1,1,1,
bram,bbht_grover_upgrade,GT,16383,0,256,69,0x3d7fc476,0x467d7a44,normal,HIT,12819,29797,2,1,1,1207,12,16,12819,2,1,1,1,1,1,1,1,1,
bram,bbht_grover_upgrade,GT,16383,0,256,69,0x3d7fc476,0x467d7a44,ckpt,HIT,12819,29797,2,1,1,1175,11,16,12819,2,1,1,1,1,1,1,1,1,
bram,bbht_grover_upgrade,GT,16383,0,256,70,0xedca3875,0xefade11e,normal,HIT,4334,22057,9,10,10,6851,68,73,4334,9,10,10,1,1,1,1,1,1,
bram,bbht_grover_upgrade,GT,16383,0,256,70,0xedca3875,0xefade11e,ckpt,HIT,4334,22057,9,10,3,4102,41,46,4334,9,10,3,1,1,1,1,1,1,
bram,bbht_grover_upgrade,GT,16383,0,256,71,0xb883121d,0x095c678c,normal,HIT,15289,23833,8,6,6,5347,53,59,15289,8,6,6,1,1,1,1,1,1,
bram,bbht_grover_upgrade,GT,16383,0,256,71,0xb883121d,0x095c678c,ckpt,HIT,15289,23833,8,6,2,3514,35,40,15289,8,6,2,1,1,1,1,1,1,
bram,bbht_grover_upgrade,GT,16383,0,256,72,0xace22797,0xbc422a9a,normal,HIT,2282,31718,9,10,10,6795,67,74,2282,9,10,10,1,1,1,1,1,1,
bram,bbht_grover_upgrade,GT,16383,0,256,72,0xace22797,0xbc422a9a,ckpt,HIT,2282,31718,9,10,4,4311,43,48,2282,9,10,4,1,1,1,1,1,1,
bram,bbht_grover_upgrade,GT,16383,0,256,73,0xefd3172d,0x8c2c3233,normal,HIT,11249,20891,3,1,1,1665,16,22,11249,3,1,1,1,1,1,1,1,1,
bram,bbht_grover_upgrade,GT,16383,0,256,73,0xefd3172d,0x8c2c3233,ckpt,HIT,11249,20891,3,1,1,1510,15,19,11249,3,1,1,1,1,1,1,1,1,
bram,bbht_grover_upgrade,GT,16383,0,256,74,0xe6aacdb5,0x7f1c158a,normal,HIT,3178,30209,7,4,4,4292,42,48,3178,7,4,4,1,1,1,1,1,1,
bram,bbht_grover_upgrade,GT,16383,0,256,74,0xe6aacdb5,0x7f1c158a,ckpt,HIT,3178,30209,7,4,2,3114,31,35,3178,7,4,2,1,1,1,1,1,1,
bram,bbht_grover_upgrade,GT,16383,0,256,75,0x6566c598,0xca804b00,normal,HIT,2780,28208,9,9,9,6585,65,70,2780,9,9,9,1,1,1,1,1,1,
bram,bbht_grover_upgrade,GT,16383,0,256,75,0x6566c598,0xca804b00,ckpt,HIT,2780,28208,9,9,4,4366,43,48,2780,9,9,4,1,1,1,1,1,1,
bram,bbht_grover_upgrade,GT,16383,0,256,76,0x4e646d9d,0xcbae5ac0,normal,HIT,6194,21743,7,4,4,4282,42,48,6194,7,4,4,1,1,1,1,1,1,
bram,bbht_grover_upgrade,GT,16383,0,256,76,0x4e646d9d,0xcbae5ac0,ckpt,HIT,6194,21743,7,4,1,2835,28,34,6194,7,4,1,1,1,1,1,1,1,
bram,bbht_grover_upgrade,GT,16383,0,256,77,0x05d81d6f,0x260c4013,normal,HIT,9359,25296,7,5,5,4524,45,49,9359,7,5,5,1,1,1,1,1,1,
bram,bbht_grover_upgrade,GT,16383,0,256,77,0x05d81d6f,0x260c4013,ckpt,HIT,9359,25296,7,5,2,3081,30,36,9359,7,5,2,1,1,1,1,1,1,
bram,bbht_grover_upgrade,GT,16383,0,256,78,0x2018f6a3,0x5728c7f4,normal,HIT,12753,30202,5,3,3,3143,31,37,12753,5,3,3,1,1,1,1,1,1,
bram,bbht_grover_upgrade,GT,16383,0,256,78,0x2018f6a3,0x5728c7f4,ckpt,HIT,12753,30202,5,3,1,2209,22,28,12753,5,3,1,1,1,1,1,1,1,
bram,bbht_grover_upgrade,GT,16383,0,256,79,0x718ebf0c,0x4d7d460c,normal,HIT,6587,31055,7,5,5,4592,45,51,6587,7,5,5,1,1,1,1,1,1,
bram,bbht_grover_upgrade,GT,16383,0,256,79,0x718ebf0c,0x4d7d460c,ckpt,HIT,6587,31055,7,5,2,3150,31,37,6587,7,5,2,1,1,1,1,1,1,
bram,bbht_grover_upgrade,GT,16383,0,256,80,0x042a8f17,0x2093b3f4,normal,HIT,8134,25012,10,10,10,7313,73,78,8134,10,10,10,1,1,1,1,1,1,
bram,bbht_grover_upgrade,GT,16383,0,256,80,0x042a8f17,0x2093b3f4,ckpt,HIT,8134,25012,10,10,5,4975,49,54,8134,10,10,5,1,1,1,1,1,1,
bram,bbht_grover_upgrade,GT,16383,0,256,81,0xfc1c775d,0x35bd20f1,normal,HIT,7991,23470,4,2,2,2416,24,29,7991,4,2,2,1,1,1,1,1,1,
bram,bbht_grover_upgrade,GT,16383,0,256,81,0xfc1c775d,0x35bd20f1,ckpt,HIT,7991,23470,4,2,1,1873,18,24,7991,4,2,1,1,1,1,1,1,1,
bram,bbht_grover_upgrade,GT,16383,0,256,82,0x16b93b63,0x7d609ba5,normal,HIT,7859,30665,9,10,10,6910,69,73,7859,9,10,10,1,1,1,1,1,1,
bram,bbht_grover_upgrade,GT,16383,0,256,82,0x16b93b63,0x7d609ba5,ckpt,HIT,7859,30665,9,10,4,4424,44,50,7859,9,10,4,1,1,1,1,1,1,
bram,bbht_grover_upgrade,GT,16383,0,256,83,0x8ce1028e,0xb152e7ef,normal,HIT,13499,22948,6,4,4,3893,38,43,13499,6,4,4,1,1,1,1,1,1,
bram,bbht_grover_upgrade,GT,16383,0,256,83,0x8ce1028e,0xb152e7ef,ckpt,HIT,13499,22948,6,4,1,2571,25,30,13499,6,4,1,1,1,1,1,1,1,
bram,bbht_grover_upgrade,GT,16383,0,256,84,0x87bad980,0x7dbefa97,normal,HIT,14887,23275,9,11,11,7131,71,76,14887,9,11,11,1,1,1,1,1,1,
bram,bbht_grover_upgrade,GT,16383,0,256,84,0x87bad980,0x7dbefa97,ckpt,HIT,14887,23275,9,11,4,4394,43,49,14887,9,11,4,1,1,1,1,1,1,
bram,bbht_grover_upgrade,GT,16383,0,256,85,0xd63d86f3,0xf5399cca,normal,HIT,3077,26085,6,5,5,4084,40,46,3077,6,5,5,1,1,1,1,1,1,
bram,bbht_grover_upgrade,GT,16383,0,256,85,0xd63d86f3,0xf5399cca,ckpt,HIT,3077,26085,6,5,2,2768,27,32,3077,6,5,2,1,1,1,1,1,1,
bram,bbht_grover_upgrade,GT,16383,0,256,86,0xeeaba102,0x01560fc0,normal,HIT,1569,17806,2,1,1,1183,11,17,1569,2,1,1,1,1,1,1,1,1,
bram,bbht_grover_upgrade,GT,16383,0,256,86,0xeeaba102,0x01560fc0,ckpt,HIT,1569,17806,2,1,1,1154,11,16,1569,2,1,1,1,1,1,1,1,1,
bram,bbht_grover_upgrade,GT,16383,0,256,87,0xc1fee4bb,0xc7e12d58,normal,HIT,11032,17393,6,5,5,4118,41,47,11032,6,5,5,1,1,1,1,1,1,
bram,bbht_grover_upgrade,GT,16383,0,256,87,0xc1fee4bb,0xc7e12d58,ckpt,HIT,11032,17393,6,5,2,2797,27,33,11032,6,5,2,1,1,1,1,1,1,
bram,bbht_grover_upgrade,GT,16383,0,256,88,0x0707c9da,0xf644a3f9,normal,HIT,7900,20548,4,1,1,2155,21,26,7900,4,1,1,1,1,1,1,1,1,
bram,bbht_grover_upgrade,GT,16383,0,256,88,0x0707c9da,0xf644a3f9,ckpt,HIT,7900,20548,4,1,1,1876,18,25,7900,4,1,1,1,1,1,1,1,1,
bram,bbht_grover_upgrade,GT,16383,0,256,89,0xde0d9c30,0x58a2ee8f,normal,HIT,12120,17967,4,2,2,2469,24,29,12120,4,2,2,1,1,1,1,1,1,
bram,bbht_grover_upgrade,GT,16383,0,256,89,0xde0d9c30,0x58a2ee8f,ckpt,HIT,12120,17967,4,2,1,1925,19,25,12120,4,2,1,1,1,1,1,1,1,
bram,bbht_grover_upgrade,GT,16383,0,256,90,0x7cd0efc7,0x9f385cfb,normal,HIT,1317,28061,6,3,3,3625,36,41,1317,6,3,3,1,1,1,1,1,1,
bram,bbht_grover_upgrade,GT,16383,0,256,90,0x7cd0efc7,0x9f385cfb,ckpt,HIT,1317,28061,6,3,1,5434,54,59,1317,6,3,1,1,1,1,1,1,1,
bram,bbht_grover_upgrade,GT,16383,0,256,91,0xe4cb50a6,0x94d13729,normal,HIT,8900,27322,8,3,3,4588,45,51,8900,8,3,3,1,1,1,1,1,1,
bram,bbht_grover_upgrade,GT,16383,0,256,91,0xe4cb50a6,0x94d13729,ckpt,HIT,8900,27322,8,3,2,3550,35,40,8900,8,3,2,1,1,1,1,1,1,
bram,bbht_grover_upgrade,GT,16383,0,256,92,0xa0882219,0x18f75d24,normal,HIT,8316,21095,8,4,4,4790,47,53,8316,8,4,4,1,1,1,1,1,1,
bram,bbht_grover_upgrade,GT,16383,0,256,92,0xa0882219,0x18f75d24,ckpt,HIT,8316,21095,8,4,3,3755,37,44,8316,8,4,3,1,1,1,1,1,1,
bram,bbht_grover_upgrade,GT,16383,0,256,93,0xc435e6f2,0xf75a52bc,normal,HIT,11249,20891,2,1,1,1223,12,18,11249,2,1,1,1,1,1,1,1,1,
bram,bbht_grover_upgrade,GT,16383,0,256,93,0xc435e6f2,0xf75a52bc,ckpt,HIT,11249,20891,2,1,1,1192,11,17,11249,2,1,1,1,1,1,1,1,1,
bram,bbht_grover_upgrade,GT,16383,0,256,94,0x011b63f0,0x0aa34346,normal,HIT,2932,26834,7,3,3,4048,40,45,2932,7,3,3,1,1,1,1,1,1,
bram,bbht_grover_upgrade,GT,16383,0,256,94,0x011b63f0,0x0aa34346,ckpt,HIT,2932,26834,7,3,1,2866,28,34,2932,7,3,1,1,1,1,1,1,1,
bram,bbht_grover_upgrade,GT,16383,0,256,95,0x1b456e77,0xee460f94,normal,HIT,8134,25012,4,2,2,2414,24,29,8134,4,2,2,1,1,1,1,1,1,
bram,bbht_grover_upgrade,GT,16383,0,256,95,0x1b456e77,0xee460f94,ckpt,HIT,8134,25012,4,2,1,1871,18,24,8134,4,2,1,1,1,1,1,1,1,
bram,bbht_grover_upgrade,GT,16383,0,256,96,0x10088608,0xef418331,normal,HIT,2460,23714,10,12,12,7871,78,85,2460,10,12,12,1,1,1,1,1,1,
bram,bbht_grover_upgrade,GT,16383,0,256,96,0x10088608,0xef418331,ckpt,HIT,2460,23714,10,12,4,4733,47,53,2460,10,12,4,1,1,1,1,1,1,
bram,bbht_grover_upgrade,GT,16383,0,256,97,0x6fcfc352,0xf8fa9f4c,normal,HIT,2808,20620,7,5,5,4606,46,52,2808,7,5,5,1,1,1,1,1,1,
bram,bbht_grover_upgrade,GT,16383,0,256,97,0x6fcfc352,0xf8fa9f4c,ckpt,HIT,2808,20620,7,5,2,3161,31,37,2808,7,5,2,1,1,1,1,1,1,
bram,bbht_grover_upgrade,GT,16383,0,256,98,0xfb6077af,0x713595a9,normal,HIT,1068,20482,12,17,17,10047,100,105,1068,12,17,17,1,1,1,1,1,1,
bram,bbht_grover_upgrade,GT,16383,0,256,98,0xfb6077af,0x713595a9,ckpt,HIT,1068,20482,12,17,7,6134,61,67,1068,12,17,7,1,1,1,1,1,1,
bram,bbht_grover_upgrade,GT,16383,0,256,99,0xc6ebb72e,0x08fdf109,normal,HIT,7108,28195,2,0,0,906,9,14,7108,2,0,0,1,1,1,1,1,1,
bram,bbht_grover_upgrade,GT,16383,0,256,99,0xc6ebb72e,0x08fdf109,ckpt,HIT,7108,28195,2,0,0,878,8,13,7108,2,0,0,1,1,1,1,1,1,
bram,bbht_grover_upgrade,EQ,12345,0,1,0,0x7b1dcdaf,0x24370df2,normal,HIT,507,12345,25,308,308,93388,933,940,507,25,308,308,1,1,1,1,1,1,
bram,bbht_grover_upgrade,EQ,12345,0,1,0,0x7b1dcdaf,0x24370df2,ckpt,HIT,507,12345,25,308,70,27634,276,282,507,25,308,70,1,1,1,1,1,1,
bram,bbht_grover_upgrade,EQ,12345,0,1,1,0x3a85a4dc,0xa3b9aa35,normal,HIT,507,12345,15,23,23,13104,131,137,507,15,23,23,1,1,1,1,1,1,
bram,bbht_grover_upgrade,EQ,12345,0,1,1,0x3a85a4dc,0xa3b9aa35,ckpt,HIT,507,12345,15,23,9,7857,78,82,507,15,23,9,1,1,1,1,1,1,
bram,bbht_grover_upgrade,EQ,12345,0,1,2,0x6162a8b2,0x871c276f,normal,HIT,507,12345,22,181,181,58194,581,587,507,22,181,181,1,1,1,1,1,1,
bram,bbht_grover_upgrade,EQ,12345,0,1,2,0x6162a8b2,0x871c276f,ckpt,HIT,507,12345,22,181,40,18591,185,191,507,22,181,40,1,1,1,1,1,1,
bram,bbht_grover_upgrade,EQ,12345,0,1,3,0xc3adc34e,0xf5b8f22b,normal,HIT,507,12345,25,239,239,75108,751,756,507,25,239,239,1,1,1,1,1,1,
bram,bbht_grover_upgrade,EQ,12345,0,1,3,0xc3adc34e,0xf5b8f22b,ckpt,HIT,507,12345,25,239,53,23259,232,238,507,25,239,53,1,1,1,1,1,1,
bram,bbht_grover_upgrade,EQ,12345,0,1,4,0x2bb073ff,0x3f8396e3,normal,HIT,507,12345,24,240,240,74800,748,753,507,24,240,240,1,1,1,1,1,1,
bram,bbht_grover_upgrade,EQ,12345,0,1,4,0x2bb073ff,0x3f8396e3,ckpt,HIT,507,12345,24,240,58,24374,243,249,507,24,240,58,1,1,1,1,1,1,
bram,bbht_grover_upgrade,EQ,12345,0,1,5,0xda585ab3,0xa7197ad7,normal,HIT,507,12345,23,155,155,51926,519,523,507,23,155,155,1,1,1,1,1,1,
bram,bbht_grover_upgrade,EQ,12345,0,1,5,0xda585ab3,0xa7197ad7,ckpt,HIT,507,12345,23,155,41,19287,192,199,507,23,155,41,1,1,1,1,1,1,
bram,bbht_grover_upgrade,EQ,12345,0,1,6,0x0ed109c0,0x5701ce52,normal,HIT,507,12345,9,14,14,7881,78,85,507,9,14,14,1,1,1,1,1,1,
bram,bbht_grover_upgrade,EQ,12345,0,1,6,0x0ed109c0,0x5701ce52,ckpt,HIT,507,12345,9,14,4,4340,43,48,507,9,14,4,1,1,1,1,1,1,
bram,bbht_grover_upgrade,EQ,12345,0,1,7,0x102ecf73,0x53c7612b,normal,HIT,507,12345,23,180,180,58433,584,590,507,23,180,180,1,1,1,1,1,1,
bram,bbht_grover_upgrade,EQ,12345,0,1,7,0x102ecf73,0x53c7612b,ckpt,HIT,507,12345,23,180,52,22217,222,227,507,23,180,52,1,1,1,1,1,1,
bram,bbht_grover_upgrade,EQ,12345,0,1,8,0xcf29b6a1,0x35231a84,normal,HIT,507,12345,26,261,261,81460,814,819,507,26,261,261,1,1,1,1,1,1,
bram,bbht_grover_upgrade,EQ,12345,0,1,8,0xcf29b6a1,0x35231a84,ckpt,HIT,507,12345,26,261,85,35114,351,356,507,26,261,85,1,1,1,1,1,1,
bram,bbht_grover_upgrade,EQ,12345,0,1,9,0xc49cbb42,0xd0a3bbb8,normal,HIT,507,12345,24,148,148,50443,504,509,507,24,148,148,1,1,1,1,1,1,
bram,bbht_grover_upgrade,EQ,12345,0,1,9,0xc49cbb42,0xd0a3bbb8,ckpt,HIT,507,12345,24,148,68,26778,267,273,507,24,148,68,1,1,1,1,1,1,
bram,bbht_grover_upgrade,EQ,12345,0,1,10,0x4cc51d23,0xee0e3ab4,normal,HIT,507,12345,20,93,93,33974,339,345,507,20,93,93,1,1,1,1,1,1,
bram,bbht_grover_upgrade,EQ,12345,0,1,10,0x4cc51d23,0xee0e3ab4,ckpt,HIT,507,12345,20,93,31,15553,155,160,507,20,93,31,1,1,1,1,1,1,
bram,bbht_grover_upgrade,EQ,12345,0,1,11,0xf9e8aa7a,0x3208c31a,normal,HIT,507,12345,23,175,175,57084,570,575,507,23,175,175,1,1,1,1,1,1,
bram,bbht_grover_upgrade,EQ,12345,0,1,11,0xf9e8aa7a,0x3208c31a,ckpt,HIT,507,12345,23,175,45,20361,203,209,507,23,175,45,1,1,1,1,1,1,
bram,bbht_grover_upgrade,EQ,12345,0,1,12,0xdda8b051,0xc8105c9d,normal,HIT,507,12345,18,42,42,19524,195,200,507,18,42,42,1,1,1,1,1,1,
bram,bbht_grover_upgrade,EQ,12345,0,1,12,0xdda8b051,0xc8105c9d,ckpt,HIT,507,12345,18,42,12,9772,97,103,507,18,42,12,1,1,1,1,1,1,
bram,bbht_grover_upgrade,EQ,12345,0,1,13,0xabfb11bf,0xf5dec75e,normal,HIT,507,12345,24,218,218,69025,690,696,507,24,218,218,1,1,1,1,1,1,
bram,bbht_grover_upgrade,EQ,12345,0,1,13,0xabfb11bf,0xf5dec75e,ckpt,HIT,507,12345,24,218,55,23343,233,240,507,24,218,55,1,1,1,1,1,1,
bram,bbht_grover_upgrade,EQ,12345,0,1,14,0x20639811,0x6b6a7c47,normal,HIT,507,12345,21,133,133,45032,450,456,507,21,133,133,1,1,1,1,1,1,
bram,bbht_grover_upgrade,EQ,12345,0,1,14,0x20639811,0x6b6a7c47,ckpt,HIT,507,12345,21,133,37,17504,175,181,507,21,133,37,1,1,1,1,1,1,
bram,bbht_grover_upgrade,EQ,12345,0,1,15,0xac72acd2,0xca84bc6c,normal,HIT,507,12345,27,333,333,100950,1009,1015,507,27,333,333,1,1,1,1,1,1,
bram,bbht_grover_upgrade,EQ,12345,0,1,15,0xac72acd2,0xca84bc6c,ckpt,HIT,507,12345,27,333,115,40873,408,413,507,27,333,115,1,1,1,1,1,1,
bram,bbht_grover_upgrade,EQ,12345,0,1,16,0x49a2da79,0xe1376725,normal,HIT,507,12345,25,225,225,71356,713,718,507,25,225,225,1,1,1,1,1,1,
bram,bbht_grover_upgrade,EQ,12345,0,1,16,0x49a2da79,0xe1376725,ckpt,HIT,507,12345,25,225,45,20852,208,214,507,25,225,45,1,1,1,1,1,1,
bram,bbht_grover_upgrade,EQ,12345,0,1,17,0x63a4e9d7,0x6166dba4,normal,HIT,507,12345,25,152,152,51927,519,524,507,25,152,152,1,1,1,1,1,1,
bram,bbht_grover_upgrade,EQ,12345,0,1,17,0x63a4e9d7,0x6166dba4,ckpt,HIT,507,12345,25,152,45,21362,213,219,507,25,152,45,1,1,1,1,1,1,
bram,bbht_grover_upgrade,EQ,12345,0,1,18,0x8983f102,0x43fb6183,normal,HIT,507,12345,24,216,216,68550,685,691,507,24,216,216,1,1,1,1,1,1,
bram,bbht_grover_upgrade,EQ,12345,0,1,18,0x8983f102,0x43fb6183,ckpt,HIT,507,12345,24,216,73,29951,299,304,507,24,216,73,1,1,1,1,1,1,
bram,bbht_grover_upgrade,EQ,12345,0,1,19,0xb671aa78,0xc97ad8a2,normal,HIT,507,12345,22,122,122,42602,426,430,507,22,122,122,1,1,1,1,1,1,
bram,bbht_grover_upgrade,EQ,12345,0,1,19,0xb671aa78,0xc97ad8a2,ckpt,HIT,507,12345,22,122,47,20245,202,207,507,22,122,47,1,1,1,1,1,1,
bram,bbht_grover_upgrade,EQ,12345,0,1,20,0xdaeb566a,0x989e5b3d,normal,HIT,507,12345,27,311,311,95060,950,955,507,27,311,311,1,1,1,1,1,1,
bram,bbht_grover_upgrade,EQ,12345,0,1,20,0xdaeb566a,0x989e5b3d,ckpt,HIT,507,12345,27,311,109,38608,386,391,507,27,311,109,1,1,1,1,1,1,
bram,bbht_grover_upgrade,EQ,12345,0,1,21,0xf6181c00,0xa345ac4b,normal,HIT,507,12345,26,200,200,65073,650,657,507,26,200,200,1,1,1,1,1,1,
bram,bbht_grover_upgrade,EQ,12345,0,1,21,0xf6181c00,0xa345ac4b,ckpt,HIT,507,12345,26,200,68,27825,278,284,507,26,200,68,1,1,1,1,1,1,
bram,bbht_grover_upgrade,EQ,12345,0,1,22,0x4e18d852,0xa08980df,normal,HIT,507,12345,15,37,37,16773,167,172,507,15,37,37,1,1,1,1,1,1,
bram,bbht_grover_upgrade,EQ,12345,0,1,22,0x4e18d852,0xa08980df,ckpt,HIT,507,12345,15,37,9,7763,77,83,507,15,37,9,1,1,1,1,1,1,
bram,bbht_grover_upgrade,EQ,12345,0,1,23,0xa035ceba,0x611de4c4,normal,HIT,507,12345,23,141,141,48246,482,487,507,23,141,141,1,1,1,1,1,1,
bram,bbht_grover_upgrade,EQ,12345,0,1,23,0xa035ceba,0x611de4c4,ckpt,HIT,507,12345,23,141,35,17822,178,183,507,23,141,35,1,1,1,1,1,1,
bram,bbht_grover_upgrade,EQ,12345,0,1,24,0xc2416ee4,0x7323f479,normal,HIT,507,12345,21,159,159,51947,519,525,507,21,159,159,1,1,1,1,1,1,
bram,bbht_grover_upgrade,EQ,12345,0,1,24,0xc2416ee4,0x7323f479,ckpt,HIT,507,12345,21,159,40,18164,181,187,507,21,159,40,1,1,1,1,1,1,
bram,bbht_grover_upgrade,EQ,12345,0,1,25,0xfbdafbdd,0xa0c0cf2f,normal,HIT,507,12345,25,210,210,67232,672,677,507,25,210,210,1,1,1,1,1,1,
bram,bbht_grover_upgrade,EQ,12345,0,1,25,0xfbdafbdd,0xa0c0cf2f,ckpt,HIT,507,12345,25,210,79,30150,301,307,507,25,210,79,1,1,1,1,1,1,
bram,bbht_grover_upgrade,EQ,12345,0,1,26,0xa43fbf47,0x8de97b10,normal,HIT,507,12345,27,215,215,69521,695,700,507,27,215,215,1,1,1,1,1,1,
bram,bbht_grover_upgrade,EQ,12345,0,1,26,0xa43fbf47,0x8de97b10,ckpt,HIT,507,12345,27,215,66,26972,269,274,507,27,215,66,1,1,1,1,1,1,
bram,bbht_grover_upgrade,EQ,12345,0,1,27,0x6811f7c1,0xcb07044a,normal,HIT,507,12345,24,174,174,57276,572,577,507,24,174,174,1,1,1,1,1,1,
bram,bbht_grover_upgrade,EQ,12345,0,1,27,0x6811f7c1,0xcb07044a,ckpt,HIT,507,12345,24,174,41,19649,196,201,507,24,174,41,1,1,1,1,1,1,
bram,bbht_grover_upgrade,EQ,12345,0,1,28,0x610dde2c,0x8cf5deb9,normal,HIT,507,12345,25,256,256,79491,794,800,507,25,256,256,1,1,1,1,1,1,
bram,bbht_grover_upgrade,EQ,12345,0,1,28,0x610dde2c,0x8cf5deb9,ckpt,HIT,507,12345,25,256,65,26185,261,267,507,25,256,65,1,1,1,1,1,1,
bram,bbht_grover_upgrade,EQ,12345,0,1,29,0x82241b87,0xbbe27f39,normal,HIT,507,12345,21,133,133,45055,450,456,507,21,133,133,1,1,1,1,1,1,
bram,bbht_grover_upgrade,EQ,12345,0,1,29,0x82241b87,0xbbe27f39,ckpt,HIT,507,12345,21,133,39,20637,206,211,507,21,133,39,1,1,1,1,1,1,
bram,bbht_grover_upgrade,EQ,12345,0,1,30,0x48647490,0xea9551eb,normal,HIT,507,12345,19,63,63,25497,254,260,507,19,63,63,1,1,1,1,1,1,
bram,bbht_grover_upgrade,EQ,12345,0,1,30,0x48647490,0xea9551eb,ckpt,HIT,507,12345,19,63,26,13994,139,145,507,19,63,26,1,1,1,1,1,1,
bram,bbht_grover_upgrade,EQ,12345,0,1,31,0x63df3b7f,0xa8b057e1,normal,HIT,507,12345,27,273,273,84947,849,854,507,27,273,273,1,1,1,1,1,1,
bram,bbht_grover_upgrade,EQ,12345,0,1,31,0x63df3b7f,0xa8b057e1,ckpt,HIT,507,12345,27,273,80,30900,309,314,507,27,273,80,1,1,1,1,1,1,
bram,bbht_grover_upgrade,EQ,12345,0,1,32,0x433125bb,0x3221fef0,normal,HIT,507,12345,22,93,93,34902,349,355,507,22,93,93,1,1,1,1,1,1,
bram,bbht_grover_upgrade,EQ,12345,0,1,32,0x433125bb,0x3221fef0,ckpt,HIT,507,12345,22,93,26,14659,146,153,507,22,93,26,1,1,1,1,1,1,
bram,bbht_grover_upgrade,EQ,12345,0,1,33,0x7943be40,0x6641ee79,normal,HIT,507,12345,19,93,93,33377,333,338,507,19,93,93,1,1,1,1,1,1,
bram,bbht_grover_upgrade,EQ,12345,0,1,33,0x7943be40,0x6641ee79,ckpt,HIT,507,12345,19,93,27,13847,138,143,507,19,93,27,1,1,1,1,1,1,
bram,bbht_grover_upgrade,EQ,12345,0,1,34,0x26c93252,0x675d2908,normal,HIT,507,12345,27,290,290,89406,894,899,507,27,290,290,1,1,1,1,1,1,
bram,bbht_grover_upgrade,EQ,12345,0,1,34,0x26c93252,0x675d2908,ckpt,HIT,507,12345,27,290,107,38319,383,388,507,27,290,107,1,1,1,1,1,1,
bram,bbht_grover_upgrade,EQ,12345,0,1,35,0xdbe3ed49,0xa7cfea56,normal,HIT,507,12345,16,40,40,18098,180,186,507,16,40,40,1,1,1,1,1,1,
bram,bbht_grover_upgrade,EQ,12345,0,1,35,0xdbe3ed49,0xa7cfea56,ckpt,HIT,507,12345,16,40,12,9102,91,96,507,16,40,12,1,1,1,1,1,1,
bram,bbht_grover_upgrade,EQ,12345,0,1,36,0xc2ec9bb4,0xbfc0ae9e,normal,HIT,507,12345,24,229,229,71990,719,724,507,24,229,229,1,1,1,1,1,1,
bram,bbht_grover_upgrade,EQ,12345,0,1,36,0xc2ec9bb4,0xbfc0ae9e,ckpt,HIT,507,12345,24,229,55,23206,232,238,507,24,229,55,1,1,1,1,1,1,
bram,bbht_grover_upgrade,EQ,12345,0,1,37,0xe7ec8559,0x307064ac,normal,HIT,507,12345,23,169,169,55572,555,560,507,23,169,169,1,1,1,1,1,1,
bram,bbht_grover_upgrade,EQ,12345,0,1,37,0xe7ec8559,0x307064ac,ckpt,HIT,507,12345,23,169,44,20205,202,208,507,23,169,44,1,1,1,1,1,1,
bram,bbht_grover_upgrade,EQ,12345,0,1,38,0xccb88b54,0x2cf00158,normal,HIT,507,12345,21,123,123,42506,425,430,507,21,123,123,1,1,1,1,1,1,
bram,bbht_grover_upgrade,EQ,12345,0,1,38,0xccb88b54,0x2cf00158,ckpt,HIT,507,12345,21,123,29,15413,154,158,507,21,123,29,1,1,1,1,1,1,
bram,bbht_grover_upgrade,EQ,12345,0,1,39,0xb512e6a4,0x2b9e708c,normal,HIT,507,12345,21,105,105,37757,377,383,507,21,105,105,1,1,1,1,1,1,
bram,bbht_grover_upgrade,EQ,12345,0,1,39,0xb512e6a4,0x2b9e708c,ckpt,HIT,507,12345,21,105,30,15844,158,163,507,21,105,30,1,1,1,1,1,1,
bram,bbht_grover_upgrade,EQ,12345,0,1,40,0x7e2c3d82,0xa69fb195,normal,HIT,507,12345,18,48,48,21090,210,215,507,18,48,48,1,1,1,1,1,1,
bram,bbht_grover_upgrade,EQ,12345,0,1,40,0x7e2c3d82,0xa69fb195,ckpt,HIT,507,12345,18,48,13,13127,131,137,507,18,48,13,1,1,1,1,1,1,
bram,bbht_grover_upgrade,EQ,12345,0,1,41,0x58b3e5ad,0x23a21253,normal,HIT,507,12345,24,196,196,63134,631,636,507,24,196,196,1,1,1,1,1,1,
bram,bbht_grover_upgrade,EQ,12345,0,1,41,0x58b3e5ad,0x23a21253,ckpt,HIT,507,12345,24,196,78,29861,298,304,507,24,196,78,1,1,1,1,1,1,
bram,bbht_grover_upgrade,EQ,12345,0,1,42,0x9a07c40b,0x3ea78d8c,normal,HIT,507,12345,21,126,126,43228,432,437,507,21,126,126,1,1,1,1,1,1,
bram,bbht_grover_upgrade,EQ,12345,0,1,42,0x9a07c40b,0x3ea78d8c,ckpt,HIT,507,12345,21,126,35,16969,169,174,507,21,126,35,1,1,1,1,1,1,
bram,bbht_grover_upgrade,EQ,12345,0,1,43,0xf1f9a54b,0x7b00db61,normal,HIT,507,12345,28,252,252,79927,799,805,507,28,252,252,1,1,1,1,1,1,
bram,bbht_grover_upgrade,EQ,12345,0,1,43,0xf1f9a54b,0x7b00db61,ckpt,HIT,507,12345,28,252,57,25508,255,260,507,28,252,57,1,1,1,1,1,1,
bram,bbht_grover_upgrade,EQ,12345,0,1,44,0xfba6212d,0xb8b8356a,normal,HIT,507,12345,28,368,368,110654,1106,1112,507,28,368,368,1,1,1,1,1,1,
bram,bbht_grover_upgrade,EQ,12345,0,1,44,0xfba6212d,0xb8b8356a,ckpt,HIT,507,12345,28,368,118,41357,413,420,507,28,368,118,1,1,1,1,1,1,
bram,bbht_grover_upgrade,EQ,12345,0,1,45,0x1ca60615,0xd753b84a,normal,HIT,507,12345,21,131,131,44490,444,450,507,21,131,131,1,1,1,1,1,1,
bram,bbht_grover_upgrade,EQ,12345,0,1,45,0x1ca60615,0xd753b84a,ckpt,HIT,507,12345,21,131,33,16261,162,168,507,21,131,33,1,1,1,1,1,1,
bram,bbht_grover_upgrade,EQ,12345,0,1,46,0xa085c93e,0x19b8504d,normal,HIT,507,12345,20,96,96,34808,348,353,507,20,96,96,1,1,1,1,1,1,
bram,bbht_grover_upgrade,EQ,12345,0,1,46,0xa085c93e,0x19b8504d,ckpt,HIT,507,12345,20,96,21,12691,126,132,507,20,96,21,1,1,1,1,1,1,
bram,bbht_grover_upgrade,EQ,12345,0,1,47,0x18190603,0xad0438b2,normal,HIT,507,12345,21,120,120,41591,415,421,507,21,120,120,1,1,1,1,1,1,
bram,bbht_grover_upgrade,EQ,12345,0,1,47,0x18190603,0xad0438b2,ckpt,HIT,507,12345,21,120,26,14536,145,151,507,21,120,26,1,1,1,1,1,1,
bram,bbht_grover_upgrade,EQ,12345,0,1,48,0xc1143c78,0xbbdab3cd,normal,HIT,507,12345,25,157,157,53381,533,539,507,25,157,157,1,1,1,1,1,1,
bram,bbht_grover_upgrade,EQ,12345,0,1,48,0xc1143c78,0xbbdab3cd,ckpt,HIT,507,12345,25,157,37,19236,192,198,507,25,157,37,1,1,1,1,1,1,
bram,bbht_grover_upgrade,EQ,12345,0,1,49,0x332063fc,0x222ba57c,normal,HIT,507,12345,23,148,148,50019,500,504,507,23,148,148,1,1,1,1,1,1,
bram,bbht_grover_upgrade,EQ,12345,0,1,49,0x332063fc,0x222ba57c,ckpt,HIT,507,12345,23,148,40,18920,189,196,507,23,148,40,1,1,1,1,1,1,
bram,bbht_grover_upgrade,EQ,12345,0,1,50,0xd6f4066b,0xab9eb714,normal,HIT,507,12345,26,275,275,85009,850,855,507,26,275,275,1,1,1,1,1,1,
bram,bbht_grover_upgrade,EQ,12345,0,1,50,0xd6f4066b,0xab9eb714,ckpt,HIT,507,12345,26,275,66,28782,287,293,507,26,275,66,1,1,1,1,1,1,
bram,bbht_grover_upgrade,EQ,12345,0,1,51,0x64b9628c,0x9cd8b518,normal,HIT,507,12345,22,122,122,42502,425,430,507,22,122,122,1,1,1,1,1,1,
bram,bbht_grover_upgrade,EQ,12345,0,1,51,0x64b9628c,0x9cd8b518,ckpt,HIT,507,12345,22,122,23,14212,142,147,507,22,122,23,1,1,1,1,1,1,
bram,bbht_grover_upgrade,EQ,12345,0,1,52,0x894e6771,0x8a255c2e,normal,HIT,507,12345,26,256,256,79932,799,805,507,26,256,256,1,1,1,1,1,1,
bram,bbht_grover_upgrade,EQ,12345,0,1,52,0x894e6771,0x8a255c2e,ckpt,HIT,507,12345,26,256,89,32999,329,336,507,26,256,89,1,1,1,1,1,1,
bram,bbht_grover_upgrade,EQ,12345,0,1,53,0xe3e668e8,0xff1f20c3,normal,HIT,507,12345,24,167,167,55526,555,560,507,24,167,167,1,1,1,1,1,1,
bram,bbht_grover_upgrade,EQ,12345,0,1,53,0xe3e668e8,0xff1f20c3,ckpt,HIT,507,12345,24,167,43,20229,202,207,507,24,167,43,1,1,1,1,1,1,
bram,bbht_grover_upgrade,EQ,12345,0,1,54,0x36980406,0xfbdbfa61,normal,HIT,507,12345,25,283,283,86727,867,873,507,25,283,283,1,1,1,1,1,1,
bram,bbht_grover_upgrade,EQ,12345,0,1,54,0x36980406,0xfbdbfa61,ckpt,HIT,507,12345,25,283,71,27948,279,285,507,25,283,71,1,1,1,1,1,1,
bram,bbht_grover_upgrade,EQ,12345,0,1,55,0x114d2b4a,0xa617ad4e,normal,HIT,507,12345,26,269,269,83461,834,840,507,26,269,269,1,1,1,1,1,1,
bram,bbht_grover_upgrade,EQ,12345,0,1,55,0x114d2b4a,0xa617ad4e,ckpt,HIT,507,12345,26,269,83,31429,314,320,507,26,269,83,1,1,1,1,1,1,
bram,bbht_grover_upgrade,EQ,12345,0,1,56,0x3b8907e1,0x0c6cbd10,normal,HIT,507,12345,23,142,142,48367,483,489,507,23,142,142,1,1,1,1,1,1,
bram,bbht_grover_upgrade,EQ,12345,0,1,56,0x3b8907e1,0x0c6cbd10,ckpt,HIT,507,12345,23,142,55,22734,227,233,507,23,142,55,1,1,1,1,1,1,
bram,bbht_grover_upgrade,EQ,12345,0,1,57,0x2cd09c1d,0x964fb1a7,normal,HIT,507,12345,24,241,241,75057,750,756,507,24,241,241,1,1,1,1,1,1,
bram,bbht_grover_upgrade,EQ,12345,0,1,57,0x2cd09c1d,0x964fb1a7,ckpt,HIT,507,12345,24,241,67,26272,262,268,507,24,241,67,1,1,1,1,1,1,
bram,bbht_grover_upgrade,EQ,12345,0,1,58,0x6d7a8604,0xbd6f99c6,normal,HIT,507,12345,28,369,369,110846,1108,1113,507,28,369,369,1,1,1,1,1,1,
bram,bbht_grover_upgrade,EQ,12345,0,1,58,0x6d7a8604,0xbd6f99c6,ckpt,HIT,507,12345,28,369,134,46144,461,467,507,28,369,134,1,1,1,1,1,1,
bram,bbht_grover_upgrade,EQ,12345,0,1,59,0x1fadaf42,0x60010aa3,normal,HIT,507,12345,24,141,141,48642,486,492,507,24,141,141,1,1,1,1,1,1,
bram,bbht_grover_upgrade,EQ,12345,0,1,59,0x1fadaf42,0x60010aa3,ckpt,HIT,507,12345,24,141,33,17627,176,181,507,24,141,33,1,1,1,1,1,1,
bram,bbht_grover_upgrade,EQ,12345,0,1,60,0x92fe7cfd,0xb54e2773,normal,HIT,507,12345,21,135,135,45633,456,462,507,21,135,135,1,1,1,1,1,1,
bram,bbht_grover_upgrade,EQ,12345,0,1,60,0x92fe7cfd,0xb54e2773,ckpt,HIT,507,12345,21,135,33,20069,200,206,507,21,135,33,1,1,1,1,1,1,
bram,bbht_grover_upgrade,EQ,12345,0,1,61,0x1aecb060,0x9c545eba,normal,HIT,507,12345,27,306,306,93683,936,942,507,27,306,306,1,1,1,1,1,1,
bram,bbht_grover_upgrade,EQ,12345,0,1,61,0x1aecb060,0x9c545eba,ckpt,HIT,507,12345,27,306,97,36141,361,367,507,27,306,97,1,1,1,1,1,1,
bram,bbht_grover_upgrade,EQ,12345,0,1,62,0x91778cc3,0xbd1d1bc0,normal,HIT,507,12345,24,196,196,63138,631,636,507,24,196,196,1,1,1,1,1,1,
bram,bbht_grover_upgrade,EQ,12345,0,1,62,0x91778cc3,0xbd1d1bc0,ckpt,HIT,507,12345,24,196,44,20301,203,208,507,24,196,44,1,1,1,1,1,1,
bram,bbht_grover_upgrade,EQ,12345,0,1,63,0xe6b7e7eb,0xd542988e,normal,HIT,507,12345,19,67,67,26612,266,271,507,19,67,67,1,1,1,1,1,1,
bram,bbht_grover_upgrade,EQ,12345,0,1,63,0xe6b7e7eb,0xd542988e,ckpt,HIT,507,12345,19,67,14,10442,104,109,507,19,67,14,1,1,1,1,1,1,
bram,bbht_grover_upgrade,EQ,12345,0,1,64,0x6770144c,0xd2d3c6e7,normal,HIT,507,12345,23,129,129,44879,448,454,507,23,129,129,1,1,1,1,1,1,
bram,bbht_grover_upgrade,EQ,12345,0,1,64,0x6770144c,0xd2d3c6e7,ckpt,HIT,507,12345,23,129,37,18472,184,190,507,23,129,37,1,1,1,1,1,1,
bram,bbht_grover_upgrade,EQ,12345,0,1,65,0xc600a248,0x0a1e0844,normal,HIT,507,12345,26,277,277,85473,854,860,507,26,277,277,1,1,1,1,1,1,
bram,bbht_grover_upgrade,EQ,12345,0,1,65,0xc600a248,0x0a1e0844,ckpt,HIT,507,12345,26,277,94,34133,341,346,507,26,277,94,1,1,1,1,1,1,
bram,bbht_grover_upgrade,EQ,12345,0,1,66,0x1ea4f830,0x2ef0f28e,normal,HIT,507,12345,15,45,45,18967,189,195,507,15,45,45,1,1,1,1,1,1,
bram,bbht_grover_upgrade,EQ,12345,0,1,66,0x1ea4f830,0x2ef0f28e,ckpt,HIT,507,12345,15,45,12,8864,88,94,507,15,45,12,1,1,1,1,1,1,
bram,bbht_grover_upgrade,EQ,12345,0,1,67,0x639604f3,0x7fe04f83,normal,HIT,507,12345,22,105,105,38126,381,386,507,22,105,105,1,1,1,1,1,1,
bram,bbht_grover_upgrade,EQ,12345,0,1,67,0x639604f3,0x7fe04f83,ckpt,HIT,507,12345,22,105,48,20891,208,214,507,22,105,48,1,1,1,1,1,1,
bram,bbht_grover_upgrade,EQ,12345,0,1,68,0x6e084a84,0xb643b17e,normal,HIT,507,12345,26,239,239,75659,756,763,507,26,239,239,1,1,1,1,1,1,
bram,bbht_grover_upgrade,EQ,12345,0,1,68,0x6e084a84,0xb643b17e,ckpt,HIT,507,12345,26,239,80,30678,306,312,507,26,239,80,1,1,1,1,1,1,
bram,bbht_grover_upgrade,EQ,12345,0,1,69,0x3d7fc476,0x467d7a44,normal,HIT,507,12345,23,160,160,53116,531,536,507,23,160,160,1,1,1,1,1,1,
bram,bbht_grover_upgrade,EQ,12345,0,1,69,0x3d7fc476,0x467d7a44,ckpt,HIT,507,12345,23,160,56,23097,230,237,507,23,160,56,1,1,1,1,1,1,
bram,bbht_grover_upgrade,EQ,12345,0,1,70,0xedca3875,0xefade11e,normal,HIT,507,12345,26,243,243,76504,765,770,507,26,243,243,1,1,1,1,1,1,
bram,bbht_grover_upgrade,EQ,12345,0,1,70,0xedca3875,0xefade11e,ckpt,HIT,507,12345,26,243,98,36016,360,365,507,26,243,98,1,1,1,1,1,1,
bram,bbht_grover_upgrade,EQ,12345,0,1,71,0xb883121d,0x095c678c,normal,HIT,507,12345,25,235,235,73961,739,745,507,25,235,235,1,1,1,1,1,1,
bram,bbht_grover_upgrade,EQ,12345,0,1,71,0xb883121d,0x095c678c,ckpt,HIT,507,12345,25,235,41,22960,229,234,507,25,235,41,1,1,1,1,1,1,
bram,bbht_grover_upgrade,EQ,12345,0,1,72,0xace22797,0xbc422a9a,normal,HIT,507,12345,12,15,15,9580,95,100,507,12,15,15,1,1,1,1,1,1,
bram,bbht_grover_upgrade,EQ,12345,0,1,72,0xace22797,0xbc422a9a,ckpt,HIT,507,12345,12,15,4,5399,53,59,507,12,15,4,1,1,1,1,1,1,
bram,bbht_grover_upgrade,EQ,12345,0,1,73,0xefd3172d,0x8c2c3233,normal,HIT,507,12345,19,49,49,21707,217,222,507,19,49,49,1,1,1,1,1,1,
bram,bbht_grover_upgrade,EQ,12345,0,1,73,0xefd3172d,0x8c2c3233,ckpt,HIT,507,12345,19,49,13,10084,100,106,507,19,49,13,1,1,1,1,1,1,
bram,bbht_grover_upgrade,EQ,12345,0,1,74,0xe6aacdb5,0x7f1c158a,normal,HIT,507,12345,23,212,212,66876,668,674,507,23,212,212,1,1,1,1,1,1,
bram,bbht_grover_upgrade,EQ,12345,0,1,74,0xe6aacdb5,0x7f1c158a,ckpt,HIT,507,12345,23,212,40,18918,189,193,507,23,212,40,1,1,1,1,1,1,
bram,bbht_grover_upgrade,EQ,12345,0,1,75,0x6566c598,0xca804b00,normal,HIT,507,12345,15,42,42,18111,181,185,507,15,42,42,1,1,1,1,1,1,
bram,bbht_grover_upgrade,EQ,12345,0,1,75,0x6566c598,0xca804b00,ckpt,HIT,507,12345,15,42,11,8268,82,87,507,15,42,11,1,1,1,1,1,1,
bram,bbht_grover_upgrade,EQ,12345,0,1,76,0x4e646d9d,0xcbae5ac0,normal,HIT,507,12345,17,64,64,24865,248,254,507,17,64,64,1,1,1,1,1,1,
bram,bbht_grover_upgrade,EQ,12345,0,1,76,0x4e646d9d,0xcbae5ac0,ckpt,HIT,507,12345,17,64,19,11068,110,116,507,17,64,19,1,1,1,1,1,1,
bram,bbht_grover_upgrade,EQ,12345,0,1,77,0x05d81d6f,0x260c4013,normal,HIT,507,12345,22,113,113,40145,401,407,507,22,113,113,1,1,1,1,1,1,
bram,bbht_grover_upgrade,EQ,12345,0,1,77,0x05d81d6f,0x260c4013,ckpt,HIT,507,12345,22,113,32,16190,161,166,507,22,113,32,1,1,1,1,1,1,
bram,bbht_grover_upgrade,EQ,12345,0,1,78,0x2018f6a3,0x5728c7f4,normal,HIT,507,12345,31,430,430,128295,1282,1288,507,31,430,430,1,1,1,1,1,1,
bram,bbht_grover_upgrade,EQ,12345,0,1,78,0x2018f6a3,0x5728c7f4,ckpt,HIT,507,12345,31,430,118,43117,431,437,507,31,430,118,1,1,1,1,1,1,
bram,bbht_grover_upgrade,EQ,12345,0,1,79,0x718ebf0c,0x4d7d460c,normal,HIT,507,12345,24,138,138,47798,477,483,507,24,138,138,1,1,1,1,1,1,
bram,bbht_grover_upgrade,EQ,12345,0,1,79,0x718ebf0c,0x4d7d460c,ckpt,HIT,507,12345,24,138,54,23067,230,237,507,24,138,54,1,1,1,1,1,1,
bram,bbht_grover_upgrade,EQ,12345,0,1,80,0x042a8f17,0x2093b3f4,normal,HIT,507,12345,27,381,381,113588,1135,1142,507,27,381,381,1,1,1,1,1,1,
bram,bbht_grover_upgrade,EQ,12345,0,1,80,0x042a8f17,0x2093b3f4,ckpt,HIT,507,12345,27,381,116,40657,406,412,507,27,381,116,1,1,1,1,1,1,
bram,bbht_grover_upgrade,EQ,12345,0,1,81,0xfc1c775d,0x35bd20f1,normal,HIT,507,12345,28,300,300,92583,925,931,507,28,300,300,1,1,1,1,1,1,
bram,bbht_grover_upgrade,EQ,12345,0,1,81,0xfc1c775d,0x35bd20f1,ckpt,HIT,507,12345,28,300,95,35492,354,359,507,28,300,95,1,1,1,1,1,1,
bram,bbht_grover_upgrade,EQ,12345,0,1,82,0x16b93b63,0x7d609ba5,normal,HIT,507,12345,27,336,336,101792,1017,1023,507,27,336,336,1,1,1,1,1,1,
bram,bbht_grover_upgrade,EQ,12345,0,1,82,0x16b93b63,0x7d609ba5,ckpt,HIT,507,12345,27,336,114,42794,427,434,507,27,336,114,1,1,1,1,1,1,
bram,bbht_grover_upgrade,EQ,12345,0,1,83,0x8ce1028e,0xb152e7ef,normal,HIT,507,12345,20,110,110,38527,385,391,507,20,110,110,1,1,1,1,1,1,
bram,bbht_grover_upgrade,EQ,12345,0,1,83,0x8ce1028e,0xb152e7ef,ckpt,HIT,507,12345,20,110,33,16102,161,166,507,20,110,33,1,1,1,1,1,1,
bram,bbht_grover_upgrade,EQ,12345,0,1,84,0x87bad980,0x7dbefa97,normal,HIT,507,12345,26,277,277,85650,856,862,507,26,277,277,1,1,1,1,1,1,
bram,bbht_grover_upgrade,EQ,12345,0,1,84,0x87bad980,0x7dbefa97,ckpt,HIT,507,12345,26,277,91,33642,336,342,507,26,277,91,1,1,1,1,1,1,
bram,bbht_grover_upgrade,EQ,12345,0,1,85,0xd63d86f3,0xf5399cca,normal,HIT,507,12345,22,145,145,48667,486,492,507,22,145,145,1,1,1,1,1,1,
bram,bbht_grover_upgrade,EQ,12345,0,1,85,0xd63d86f3,0xf5399cca,ckpt,HIT,507,12345,22,145,43,19407,194,200,507,22,145,43,1,1,1,1,1,1,
bram,bbht_grover_upgrade,EQ,12345,0,1,86,0xeeaba102,0x01560fc0,normal,HIT,507,12345,24,200,200,64190,641,647,507,24,200,200,1,1,1,1,1,1,
bram,bbht_grover_upgrade,EQ,12345,0,1,86,0xeeaba102,0x01560fc0,ckpt,HIT,507,12345,24,200,64,26102,261,266,507,24,200,64,1,1,1,1,1,1,
bram,bbht_grover_upgrade,EQ,12345,0,1,87,0xc1fee4bb,0xc7e12d58,normal,HIT,507,12345,23,191,191,61398,613,618,507,23,191,191,1,1,1,1,1,1,
bram,bbht_grover_upgrade,EQ,12345,0,1,87,0xc1fee4bb,0xc7e12d58,ckpt,HIT,507,12345,23,191,53,22218,222,227,507,23,191,53,1,1,1,1,1,1,
bram,bbht_grover_upgrade,EQ,12345,0,1,88,0x0707c9da,0xf644a3f9,normal,HIT,507,12345,24,199,199,63872,638,643,507,24,199,199,1,1,1,1,1,1,
bram,bbht_grover_upgrade,EQ,12345,0,1,88,0x0707c9da,0xf644a3f9,ckpt,HIT,507,12345,24,199,67,26466,264,270,507,24,199,67,1,1,1,1,1,1,
bram,bbht_grover_upgrade,EQ,12345,0,1,89,0xde0d9c30,0x58a2ee8f,normal,HIT,507,12345,16,41,41,18363,183,189,507,16,41,41,1,1,1,1,1,1,
bram,bbht_grover_upgrade,EQ,12345,0,1,89,0xde0d9c30,0x58a2ee8f,ckpt,HIT,507,12345,16,41,8,7866,78,84,507,16,41,8,1,1,1,1,1,1,
bram,bbht_grover_upgrade,EQ,12345,0,1,90,0x7cd0efc7,0x9f385cfb,normal,HIT,507,12345,24,174,174,57483,574,581,507,24,174,174,1,1,1,1,1,1,
bram,bbht_grover_upgrade,EQ,12345,0,1,90,0x7cd0efc7,0x9f385cfb,ckpt,HIT,507,12345,24,174,71,27654,276,282,507,24,174,71,1,1,1,1,1,1,
bram,bbht_grover_upgrade,EQ,12345,0,1,91,0xe4cb50a6,0x94d13729,normal,HIT,507,12345,17,53,53,22007,220,225,507,17,53,53,1,1,1,1,1,1,
bram,bbht_grover_upgrade,EQ,12345,0,1,91,0xe4cb50a6,0x94d13729,ckpt,HIT,507,12345,17,53,18,10968,109,114,507,17,53,18,1,1,1,1,1,1,
bram,bbht_grover_upgrade,EQ,12345,0,1,92,0xa0882219,0x18f75d24,normal,HIT,507,12345,20,86,86,32079,320,327,507,20,86,86,1,1,1,1,1,1,
bram,bbht_grover_upgrade,EQ,12345,0,1,92,0xa0882219,0x18f75d24,ckpt,HIT,507,12345,20,86,25,13725,137,143,507,20,86,25,1,1,1,1,1,1,
bram,bbht_grover_upgrade,EQ,12345,0,1,93,0xc435e6f2,0xf75a52bc,normal,HIT,507,12345,23,192,192,61624,616,622,507,23,192,192,1,1,1,1,1,1,
bram,bbht_grover_upgrade,EQ,12345,0,1,93,0xc435e6f2,0xf75a52bc,ckpt,HIT,507,12345,23,192,51,25308,253,259,507,23,192,51,1,1,1,1,1,1,
bram,bbht_grover_upgrade,EQ,12345,0,1,94,0x011b63f0,0x0aa34346,normal,HIT,507,12345,18,62,62,24842,248,254,507,18,62,62,1,1,1,1,1,1,
bram,bbht_grover_upgrade,EQ,12345,0,1,94,0x011b63f0,0x0aa34346,ckpt,HIT,507,12345,18,62,27,13642,136,141,507,18,62,27,1,1,1,1,1,1,
bram,bbht_grover_upgrade,EQ,12345,0,1,95,0x1b456e77,0xee460f94,normal,HIT,507,12345,20,75,75,29361,293,300,507,20,75,75,1,1,1,1,1,1,
bram,bbht_grover_upgrade,EQ,12345,0,1,95,0x1b456e77,0xee460f94,ckpt,HIT,507,12345,20,75,25,14386,143,149,507,20,75,25,1,1,1,1,1,1,
bram,bbht_grover_upgrade,EQ,12345,0,1,96,0x10088608,0xef418331,normal,HIT,507,12345,24,183,183,59694,596,602,507,24,183,183,1,1,1,1,1,1,
bram,bbht_grover_upgrade,EQ,12345,0,1,96,0x10088608,0xef418331,ckpt,HIT,507,12345,24,183,68,27191,271,278,507,24,183,68,1,1,1,1,1,1,
bram,bbht_grover_upgrade,EQ,12345,0,1,97,0x6fcfc352,0xf8fa9f4c,normal,HIT,507,12345,21,102,102,36836,368,374,507,21,102,102,1,1,1,1,1,1,
bram,bbht_grover_upgrade,EQ,12345,0,1,97,0x6fcfc352,0xf8fa9f4c,ckpt,HIT,507,12345,21,102,28,15337,153,159,507,21,102,28,1,1,1,1,1,1,
bram,bbht_grover_upgrade,EQ,12345,0,1,98,0xfb6077af,0x713595a9,normal,HIT,507,12345,20,102,102,36364,363,369,507,20,102,102,1,1,1,1,1,1,
bram,bbht_grover_upgrade,EQ,12345,0,1,98,0xfb6077af,0x713595a9,ckpt,HIT,507,12345,20,102,20,12484,124,130,507,20,102,20,1,1,1,1,1,1,
bram,bbht_grover_upgrade,EQ,12345,0,1,99,0xc6ebb72e,0x08fdf109,normal,HIT,507,12345,27,263,263,82300,823,828,507,27,263,263,1,1,1,1,1,1,
bram,bbht_grover_upgrade,EQ,12345,0,1,99,0xc6ebb72e,0x08fdf109,ckpt,HIT,507,12345,27,263,138,46497,464,469,507,27,263,138,1,1,1,1,1,1,
bram,bbht_grover_upgrade,EQ,12345,0,4,0,0x7b1dcdaf,0x24370df2,normal,HIT,8685,12345,21,119,119,41310,413,418,8685,21,119,119,1,1,1,1,1,1,
bram,bbht_grover_upgrade,EQ,12345,0,4,0,0x7b1dcdaf,0x24370df2,ckpt,HIT,8685,12345,21,119,38,17656,176,182,8685,21,119,38,1,1,1,1,1,1,
bram,bbht_grover_upgrade,EQ,12345,0,4,1,0x3a85a4dc,0xa3b9aa35,normal,HIT,8685,12345,23,132,132,45827,458,464,8685,23,132,132,1,1,1,1,1,1,
bram,bbht_grover_upgrade,EQ,12345,0,4,1,0x3a85a4dc,0xa3b9aa35,ckpt,HIT,8685,12345,23,132,43,19752,197,202,8685,23,132,43,1,1,1,1,1,1,
bram,bbht_grover_upgrade,EQ,12345,0,4,2,0x6162a8b2,0x871c276f,normal,HIT,2852,12345,19,89,89,32387,323,329,2852,19,89,89,1,1,1,1,1,1,
bram,bbht_grover_upgrade,EQ,12345,0,4,2,0x6162a8b2,0x871c276f,ckpt,HIT,2852,12345,19,89,24,13182,131,136,2852,19,89,24,1,1,1,1,1,1,
bram,bbht_grover_upgrade,EQ,12345,0,4,3,0xc3adc34e,0xf5b8f22b,normal,HIT,2852,12345,20,101,101,36150,361,367,2852,20,101,101,1,1,1,1,1,1,
bram,bbht_grover_upgrade,EQ,12345,0,4,3,0xc3adc34e,0xf5b8f22b,ckpt,HIT,2852,12345,20,101,29,15096,150,155,2852,20,101,29,1,1,1,1,1,1,
bram,bbht_grover_upgrade,EQ,12345,0,4,4,0x2bb073ff,0x3f8396e3,normal,HIT,4724,12345,16,47,47,19949,199,205,4724,16,47,47,1,1,1,1,1,1,
bram,bbht_grover_upgrade,EQ,12345,0,4,4,0x2bb073ff,0x3f8396e3,ckpt,HIT,4724,12345,16,47,11,8698,86,92,4724,16,47,11,1,1,1,1,1,1,
bram,bbht_grover_upgrade,EQ,12345,0,4,5,0xda585ab3,0xa7197ad7,normal,HIT,2852,12345,20,72,72,28557,285,291,2852,20,72,72,1,1,1,1,1,1,
bram,bbht_grover_upgrade,EQ,12345,0,4,5,0xda585ab3,0xa7197ad7,ckpt,HIT,2852,12345,20,72,18,15012,150,156,2852,20,72,18,1,1,1,1,1,1,
bram,bbht_grover_upgrade,EQ,12345,0,4,6,0x0ed109c0,0x5701ce52,normal,HIT,507,12345,9,14,14,7905,79,85,507,9,14,14,1,1,1,1,1,1,
bram,bbht_grover_upgrade,EQ,12345,0,4,6,0x0ed109c0,0x5701ce52,ckpt,HIT,507,12345,9,14,4,4364,43,48,507,9,14,4,1,1,1,1,1,1,
bram,bbht_grover_upgrade,EQ,12345,0,4,7,0x102ecf73,0x53c7612b,normal,HIT,507,12345,21,112,112,39495,394,400,507,21,112,112,1,1,1,1,1,1,
bram,bbht_grover_upgrade,EQ,12345,0,4,7,0x102ecf73,0x53c7612b,ckpt,HIT,507,12345,21,112,36,17274,172,177,507,21,112,36,1,1,1,1,1,1,
bram,bbht_grover_upgrade,EQ,12345,0,4,8,0xcf29b6a1,0x35231a84,normal,HIT,2852,12345,15,40,40,17674,176,182,2852,15,40,40,1,1,1,1,1,1,
bram,bbht_grover_upgrade,EQ,12345,0,4,8,0xcf29b6a1,0x35231a84,ckpt,HIT,2852,12345,15,40,8,7645,76,82,2852,15,40,8,1,1,1,1,1,1,
bram,bbht_grover_upgrade,EQ,12345,0,4,9,0xc49cbb42,0xd0a3bbb8,normal,HIT,2852,12345,23,94,94,35752,357,362,2852,23,94,94,1,1,1,1,1,1,
bram,bbht_grover_upgrade,EQ,12345,0,4,9,0xc49cbb42,0xd0a3bbb8,ckpt,HIT,2852,12345,23,94,40,19139,191,196,2852,23,94,40,1,1,1,1,1,1,
bram,bbht_grover_upgrade,EQ,12345,0,4,10,0x4cc51d23,0xee0e3ab4,normal,HIT,2852,12345,19,65,65,26001,260,264,2852,19,65,65,1,1,1,1,1,1,
bram,bbht_grover_upgrade,EQ,12345,0,4,10,0x4cc51d23,0xee0e3ab4,ckpt,HIT,2852,12345,19,65,20,12200,122,127,2852,19,65,20,1,1,1,1,1,1,
bram,bbht_grover_upgrade,EQ,12345,0,4,11,0xf9e8aa7a,0x3208c31a,normal,HIT,4724,12345,15,41,41,17833,178,184,4724,15,41,41,1,1,1,1,1,1,
bram,bbht_grover_upgrade,EQ,12345,0,4,11,0xf9e8aa7a,0x3208c31a,ckpt,HIT,4724,12345,15,41,10,8198,81,88,4724,15,41,10,1,1,1,1,1,1,
bram,bbht_grover_upgrade,EQ,12345,0,4,12,0xdda8b051,0xc8105c9d,normal,HIT,507,12345,18,42,42,19524,195,200,507,18,42,42,1,1,1,1,1,1,
bram,bbht_grover_upgrade,EQ,12345,0,4,12,0xdda8b051,0xc8105c9d,ckpt,HIT,507,12345,18,42,12,9770,97,103,507,18,42,12,1,1,1,1,1,1,
bram,bbht_grover_upgrade,EQ,12345,0,4,13,0xabfb11bf,0xf5dec75e,normal,HIT,2852,12345,22,128,128,44341,443,448,2852,22,128,128,1,1,1,1,1,1,
bram,bbht_grover_upgrade,EQ,12345,0,4,13,0xabfb11bf,0xf5dec75e,ckpt,HIT,2852,12345,22,128,44,19798,197,203,2852,22,128,44,1,1,1,1,1,1,
bram,bbht_grover_upgrade,EQ,12345,0,4,14,0x20639811,0x6b6a7c47,normal,HIT,4724,12345,17,59,59,23583,235,240,4724,17,59,59,1,1,1,1,1,1,
bram,bbht_grover_upgrade,EQ,12345,0,4,14,0x20639811,0x6b6a7c47,ckpt,HIT,4724,12345,17,59,14,9964,99,105,4724,17,59,14,1,1,1,1,1,1,
bram,bbht_grover_upgrade,EQ,12345,0,4,15,0xac72acd2,0xca84bc6c,normal,HIT,8685,12345,21,85,85,32324,323,328,8685,21,85,85,1,1,1,1,1,1,
bram,bbht_grover_upgrade,EQ,12345,0,4,15,0xac72acd2,0xca84bc6c,ckpt,HIT,8685,12345,21,85,39,18424,184,188,8685,21,85,39,1,1,1,1,1,1,
bram,bbht_grover_upgrade,EQ,12345,0,4,16,0x49a2da79,0xe1376725,normal,HIT,2852,12345,21,116,116,40549,405,410,2852,21,116,116,1,1,1,1,1,1,
bram,bbht_grover_upgrade,EQ,12345,0,4,16,0x49a2da79,0xe1376725,ckpt,HIT,2852,12345,21,116,21,13063,130,135,2852,21,116,21,1,1,1,1,1,1,
bram,bbht_grover_upgrade,EQ,12345,0,4,17,0x63a4e9d7,0x6166dba4,normal,HIT,507,12345,24,121,121,43302,433,439,507,24,121,121,1,1,1,1,1,1,
bram,bbht_grover_upgrade,EQ,12345,0,4,17,0x63a4e9d7,0x6166dba4,ckpt,HIT,507,12345,24,121,43,20419,204,210,507,24,121,43,1,1,1,1,1,1,
bram,bbht_grover_upgrade,EQ,12345,0,4,18,0x8983f102,0x43fb6183,normal,HIT,8685,12345,22,116,116,41008,410,415,8685,22,116,116,1,1,1,1,1,1,
bram,bbht_grover_upgrade,EQ,12345,0,4,18,0x8983f102,0x43fb6183,ckpt,HIT,8685,12345,22,116,28,18340,183,188,8685,22,116,28,1,1,1,1,1,1,
bram,bbht_grover_upgrade,EQ,12345,0,4,19,0xb671aa78,0xc97ad8a2,normal,HIT,507,12345,21,82,82,31454,314,320,507,21,82,82,1,1,1,1,1,1,
bram,bbht_grover_upgrade,EQ,12345,0,4,19,0xb671aa78,0xc97ad8a2,ckpt,HIT,507,12345,21,82,33,16110,161,166,507,21,82,33,1,1,1,1,1,1,
bram,bbht_grover_upgrade,EQ,12345,0,4,20,0xdaeb566a,0x989e5b3d,normal,HIT,507,12345,22,112,112,40021,400,405,507,22,112,112,1,1,1,1,1,1,
bram,bbht_grover_upgrade,EQ,12345,0,4,20,0xdaeb566a,0x989e5b3d,ckpt,HIT,507,12345,22,112,38,18018,180,185,507,22,112,38,1,1,1,1,1,1,
bram,bbht_grover_upgrade,EQ,12345,0,4,21,0xf6181c00,0xa345ac4b,normal,HIT,2852,12345,9,4,4,5293,52,57,2852,9,4,4,1,1,1,1,1,1,
bram,bbht_grover_upgrade,EQ,12345,0,4,21,0xf6181c00,0xa345ac4b,ckpt,HIT,2852,12345,9,4,4,4401,44,50,2852,9,4,4,1,1,1,1,1,1,
bram,bbht_grover_upgrade,EQ,12345,0,4,22,0x4e18d852,0xa08980df,normal,HIT,507,12345,15,37,37,16859,168,173,507,15,37,37,1,1,1,1,1,1,
bram,bbht_grover_upgrade,EQ,12345,0,4,22,0x4e18d852,0xa08980df,ckpt,HIT,507,12345,15,37,9,7865,78,85,507,15,37,9,1,1,1,1,1,1,
bram,bbht_grover_upgrade,EQ,12345,0,4,23,0xa035ceba,0x611de4c4,normal,HIT,8685,12345,12,21,21,11280,112,117,8685,12,21,21,1,1,1,1,1,1,
bram,bbht_grover_upgrade,EQ,12345,0,4,23,0xa035ceba,0x611de4c4,ckpt,HIT,8685,12345,12,21,7,6310,63,69,8685,12,21,7,1,1,1,1,1,1,
bram,bbht_grover_upgrade,EQ,12345,0,4,24,0xc2416ee4,0x7323f479,normal,HIT,8685,12345,9,14,14,7963,79,85,8685,9,14,14,1,1,1,1,1,1,
bram,bbht_grover_upgrade,EQ,12345,0,4,24,0xc2416ee4,0x7323f479,ckpt,HIT,8685,12345,9,14,4,4420,44,50,8685,9,14,4,1,1,1,1,1,1,
bram,bbht_grover_upgrade,EQ,12345,0,4,25,0xfbdafbdd,0xa0c0cf2f,normal,HIT,4724,12345,19,77,77,29320,293,297,4724,19,77,77,1,1,1,1,1,1,
bram,bbht_grover_upgrade,EQ,12345,0,4,25,0xfbdafbdd,0xa0c0cf2f,ckpt,HIT,4724,12345,19,77,22,12791,127,133,4724,19,77,22,1,1,1,1,1,1,
bram,bbht_grover_upgrade,EQ,12345,0,4,26,0xa43fbf47,0x8de97b10,normal,HIT,2852,12345,21,83,83,31756,317,323,2852,21,83,83,1,1,1,1,1,1,
bram,bbht_grover_upgrade,EQ,12345,0,4,26,0xa43fbf47,0x8de97b10,ckpt,HIT,2852,12345,21,83,22,13223,132,136,2852,21,83,22,1,1,1,1,1,1,
bram,bbht_grover_upgrade,EQ,12345,0,4,27,0x6811f7c1,0xcb07044a,normal,HIT,507,12345,19,77,77,29333,293,298,507,19,77,77,1,1,1,1,1,1,
bram,bbht_grover_upgrade,EQ,12345,0,4,27,0x6811f7c1,0xcb07044a,ckpt,HIT,507,12345,19,77,22,12823,128,133,507,19,77,22,1,1,1,1,1,1,
bram,bbht_grover_upgrade,EQ,12345,0,4,28,0x610dde2c,0x8cf5deb9,normal,HIT,2852,12345,23,142,142,48307,483,489,2852,23,142,142,1,1,1,1,1,1,
bram,bbht_grover_upgrade,EQ,12345,0,4,28,0x610dde2c,0x8cf5deb9,ckpt,HIT,2852,12345,23,142,32,16718,167,173,2852,23,142,32,1,1,1,1,1,1,
bram,bbht_grover_upgrade,EQ,12345,0,4,29,0x82241b87,0xbbe27f39,normal,HIT,2852,12345,18,62,62,24890,248,254,2852,18,62,62,1,1,1,1,1,1,
bram,bbht_grover_upgrade,EQ,12345,0,4,29,0x82241b87,0xbbe27f39,ckpt,HIT,2852,12345,18,62,21,12135,121,127,2852,18,62,21,1,1,1,1,1,1,
bram,bbht_grover_upgrade,EQ,12345,0,4,30,0x48647490,0xea9551eb,normal,HIT,2852,12345,20,80,80,30505,305,311,2852,20,80,80,1,1,1,1,1,1,
bram,bbht_grover_upgrade,EQ,12345,0,4,30,0x48647490,0xea9551eb,ckpt,HIT,2852,12345,20,80,26,14379,143,150,2852,20,80,26,1,1,1,1,1,1,
bram,bbht_grover_upgrade,EQ,12345,0,4,31,0x63df3b7f,0xa8b057e1,normal,HIT,4724,12345,10,14,14,8415,84,90,4724,10,14,14,1,1,1,1,1,1,
bram,bbht_grover_upgrade,EQ,12345,0,4,31,0x63df3b7f,0xa8b057e1,ckpt,HIT,4724,12345,10,14,4,4745,47,52,4724,10,14,4,1,1,1,1,1,1,
bram,bbht_grover_upgrade,EQ,12345,0,4,32,0x433125bb,0x3221fef0,normal,HIT,4724,12345,21,70,70,28374,283,289,4724,21,70,70,1,1,1,1,1,1,
bram,bbht_grover_upgrade,EQ,12345,0,4,32,0x433125bb,0x3221fef0,ckpt,HIT,4724,12345,21,70,26,17367,173,179,4724,21,70,26,1,1,1,1,1,1,
bram,bbht_grover_upgrade,EQ,12345,0,4,33,0x7943be40,0x6641ee79,normal,HIT,8685,12345,20,98,98,35271,352,358,8685,20,98,98,1,1,1,1,1,1,
bram,bbht_grover_upgrade,EQ,12345,0,4,33,0x7943be40,0x6641ee79,ckpt,HIT,8685,12345,20,98,31,15309,153,159,8685,20,98,31,1,1,1,1,1,1,
bram,bbht_grover_upgrade,EQ,12345,0,4,34,0x26c93252,0x675d2908,normal,HIT,8685,12345,11,17,17,9610,96,102,8685,11,17,17,1,1,1,1,1,1,
bram,bbht_grover_upgrade,EQ,12345,0,4,34,0x26c93252,0x675d2908,ckpt,HIT,8685,12345,11,17,4,5026,50,56,8685,11,17,4,1,1,1,1,1,1,
bram,bbht_grover_upgrade,EQ,12345,0,4,35,0xdbe3ed49,0xa7cfea56,normal,HIT,8685,12345,18,73,73,27831,278,284,8685,18,73,73,1,1,1,1,1,1,
bram,bbht_grover_upgrade,EQ,12345,0,4,35,0xdbe3ed49,0xa7cfea56,ckpt,HIT,8685,12345,18,73,17,11225,112,118,8685,18,73,17,1,1,1,1,1,1,
bram,bbht_grover_upgrade,EQ,12345,0,4,36,0xc2ec9bb4,0xbfc0ae9e,normal,HIT,4724,12345,17,47,47,20562,205,211,4724,17,47,47,1,1,1,1,1,1,
bram,bbht_grover_upgrade,EQ,12345,0,4,36,0xc2ec9bb4,0xbfc0ae9e,ckpt,HIT,4724,12345,17,47,18,11037,110,116,4724,17,47,18,1,1,1,1,1,1,
bram,bbht_grover_upgrade,EQ,12345,0,4,37,0xe7ec8559,0x307064ac,normal,HIT,507,12345,20,85,85,31953,319,325,507,20,85,85,1,1,1,1,1,1,
bram,bbht_grover_upgrade,EQ,12345,0,4,37,0xe7ec8559,0x307064ac,ckpt,HIT,507,12345,20,85,32,16013,160,165,507,20,85,32,1,1,1,1,1,1,
bram,bbht_grover_upgrade,EQ,12345,0,4,38,0xccb88b54,0x2cf00158,normal,HIT,8685,12345,16,54,54,21839,218,224,8685,16,54,54,1,1,1,1,1,1,
bram,bbht_grover_upgrade,EQ,12345,0,4,38,0xccb88b54,0x2cf00158,ckpt,HIT,8685,12345,16,54,14,9489,94,100,8685,16,54,14,1,1,1,1,1,1,
bram,bbht_grover_upgrade,EQ,12345,0,4,39,0xb512e6a4,0x2b9e708c,normal,HIT,4724,12345,18,71,71,27355,273,278,4724,18,71,71,1,1,1,1,1,1,
bram,bbht_grover_upgrade,EQ,12345,0,4,39,0xb512e6a4,0x2b9e708c,ckpt,HIT,4724,12345,18,71,22,12564,125,130,4724,18,71,22,1,1,1,1,1,1,
bram,bbht_grover_upgrade,EQ,12345,0,4,40,0x7e2c3d82,0xa69fb195,normal,HIT,507,12345,18,48,48,21126,211,215,507,18,48,48,1,1,1,1,1,1,
bram,bbht_grover_upgrade,EQ,12345,0,4,40,0x7e2c3d82,0xa69fb195,ckpt,HIT,507,12345,18,48,13,10080,100,107,507,18,48,13,1,1,1,1,1,1,
bram,bbht_grover_upgrade,EQ,12345,0,4,41,0x58b3e5ad,0x23a21253,normal,HIT,2852,12345,12,14,14,9269,92,97,2852,12,14,14,1,1,1,1,1,1,
bram,bbht_grover_upgrade,EQ,12345,0,4,41,0x58b3e5ad,0x23a21253,ckpt,HIT,2852,12345,12,14,7,6211,62,67,2852,12,14,7,1,1,1,1,1,1,
bram,bbht_grover_upgrade,EQ,12345,0,4,42,0x9a07c40b,0x3ea78d8c,normal,HIT,2852,12345,15,34,34,15990,159,165,2852,15,34,34,1,1,1,1,1,1,
bram,bbht_grover_upgrade,EQ,12345,0,4,42,0x9a07c40b,0x3ea78d8c,ckpt,HIT,2852,12345,15,34,12,8672,86,92,2852,15,34,12,1,1,1,1,1,1,
bram,bbht_grover_upgrade,EQ,12345,0,4,43,0xf1f9a54b,0x7b00db61,normal,HIT,4724,12345,19,98,98,34913,349,355,4724,19,98,98,1,1,1,1,1,1,
bram,bbht_grover_upgrade,EQ,12345,0,4,43,0xf1f9a54b,0x7b00db61,ckpt,HIT,4724,12345,19,98,20,12505,125,130,4724,19,98,20,1,1,1,1,1,1,
bram,bbht_grover_upgrade,EQ,12345,0,4,44,0xfba6212d,0xb8b8356a,normal,HIT,2852,12345,21,123,123,42358,423,429,2852,21,123,123,1,1,1,1,1,1,
bram,bbht_grover_upgrade,EQ,12345,0,4,44,0xfba6212d,0xb8b8356a,ckpt,HIT,2852,12345,21,123,32,15921,159,165,2852,21,123,32,1,1,1,1,1,1,
bram,bbht_grover_upgrade,EQ,12345,0,4,45,0x1ca60615,0xd753b84a,normal,HIT,2852,12345,20,102,102,36301,363,369,2852,20,102,102,1,1,1,1,1,1,
bram,bbht_grover_upgrade,EQ,12345,0,4,45,0x1ca60615,0xd753b84a,ckpt,HIT,2852,12345,20,102,33,18445,184,190,2852,20,102,33,1,1,1,1,1,1,
bram,bbht_grover_upgrade,EQ,12345,0,4,46,0xa085c93e,0x19b8504d,normal,HIT,507,12345,18,68,68,26524,265,271,507,18,68,68,1,1,1,1,1,1,
bram,bbht_grover_upgrade,EQ,12345,0,4,46,0xa085c93e,0x19b8504d,ckpt,HIT,507,12345,18,68,18,11278,112,117,507,18,68,18,1,1,1,1,1,1,
bram,bbht_grover_upgrade,EQ,12345,0,4,47,0x18190603,0xad0438b2,normal,HIT,8685,12345,19,76,76,29001,290,295,8685,19,76,76,1,1,1,1,1,1,
bram,bbht_grover_upgrade,EQ,12345,0,4,47,0x18190603,0xad0438b2,ckpt,HIT,8685,12345,19,76,26,13855,138,143,8685,19,76,26,1,1,1,1,1,1,
bram,bbht_grover_upgrade,EQ,12345,0,4,48,0xc1143c78,0xbbdab3cd,normal,HIT,2852,12345,22,95,95,35613,356,361,2852,22,95,95,1,1,1,1,1,1,
bram,bbht_grover_upgrade,EQ,12345,0,4,48,0xc1143c78,0xbbdab3cd,ckpt,HIT,2852,12345,22,95,35,17637,176,181,2852,22,95,35,1,1,1,1,1,1,
bram,bbht_grover_upgrade,EQ,12345,0,4,49,0x332063fc,0x222ba57c,normal,HIT,507,12345,16,44,44,19104,191,197,507,16,44,44,1,1,1,1,1,1,
bram,bbht_grover_upgrade,EQ,12345,0,4,49,0x332063fc,0x222ba57c,ckpt,HIT,507,12345,16,44,12,8885,88,94,507,16,44,12,1,1,1,1,1,1,
bram,bbht_grover_upgrade,EQ,12345,0,4,50,0xd6f4066b,0xab9eb714,normal,HIT,8685,12345,12,9,9,7970,79,85,8685,12,9,9,1,1,1,1,1,1,
bram,bbht_grover_upgrade,EQ,12345,0,4,50,0xd6f4066b,0xab9eb714,ckpt,HIT,8685,12345,12,9,2,4849,48,53,8685,12,9,2,1,1,1,1,1,1,
bram,bbht_grover_upgrade,EQ,12345,0,4,51,0x64b9628c,0x9cd8b518,normal,HIT,4724,12345,21,111,111,39172,391,398,4724,21,111,111,1,1,1,1,1,1,
bram,bbht_grover_upgrade,EQ,12345,0,4,51,0x64b9628c,0x9cd8b518,ckpt,HIT,4724,12345,21,111,23,13927,139,145,4724,21,111,23,1,1,1,1,1,1,
bram,bbht_grover_upgrade,EQ,12345,0,4,52,0x894e6771,0x8a255c2e,normal,HIT,2852,12345,18,73,73,27816,278,284,2852,18,73,73,1,1,1,1,1,1,
bram,bbht_grover_upgrade,EQ,12345,0,4,52,0x894e6771,0x8a255c2e,ckpt,HIT,2852,12345,18,73,21,12037,120,125,2852,18,73,21,1,1,1,1,1,1,
bram,bbht_grover_upgrade,EQ,12345,0,4,53,0xe3e668e8,0xff1f20c3,normal,HIT,4724,12345,20,77,77,29789,297,303,4724,20,77,77,1,1,1,1,1,1,
bram,bbht_grover_upgrade,EQ,12345,0,4,53,0xe3e668e8,0xff1f20c3,ckpt,HIT,4724,12345,20,77,26,14198,141,147,4724,20,77,26,1,1,1,1,1,1,
bram,bbht_grover_upgrade,EQ,12345,0,4,54,0x36980406,0xfbdbfa61,normal,HIT,2852,12345,24,217,217,68726,687,692,2852,24,217,217,1,1,1,1,1,1,
bram,bbht_grover_upgrade,EQ,12345,0,4,54,0x36980406,0xfbdbfa61,ckpt,HIT,2852,12345,24,217,66,26234,262,268,2852,24,217,66,1,1,1,1,1,1,
bram,bbht_grover_upgrade,EQ,12345,0,4,55,0x114d2b4a,0xa617ad4e,normal,HIT,507,12345,23,124,124,43667,436,442,507,23,124,124,1,1,1,1,1,1,
bram,bbht_grover_upgrade,EQ,12345,0,4,55,0x114d2b4a,0xa617ad4e,ckpt,HIT,507,12345,23,124,52,22183,221,227,507,23,124,52,1,1,1,1,1,1,
bram,bbht_grover_upgrade,EQ,12345,0,4,56,0x3b8907e1,0x0c6cbd10,normal,HIT,8685,12345,19,59,59,24530,245,250,8685,19,59,59,1,1,1,1,1,1,
bram,bbht_grover_upgrade,EQ,12345,0,4,56,0x3b8907e1,0x0c6cbd10,ckpt,HIT,8685,12345,19,59,21,12343,123,128,8685,19,59,21,1,1,1,1,1,1,
bram,bbht_grover_upgrade,EQ,12345,0,4,57,0x2cd09c1d,0x964fb1a7,normal,HIT,4724,12345,22,166,166,54250,542,547,4724,22,166,166,1,1,1,1,1,1,
bram,bbht_grover_upgrade,EQ,12345,0,4,57,0x2cd09c1d,0x964fb1a7,ckpt,HIT,4724,12345,22,166,42,19001,190,195,4724,22,166,42,1,1,1,1,1,1,
bram,bbht_grover_upgrade,EQ,12345,0,4,58,0x6d7a8604,0xbd6f99c6,normal,HIT,507,12345,21,97,97,35487,354,359,507,21,97,97,1,1,1,1,1,1,
bram,bbht_grover_upgrade,EQ,12345,0,4,58,0x6d7a8604,0xbd6f99c6,ckpt,HIT,507,12345,21,97,21,16379,163,168,507,21,97,21,1,1,1,1,1,1,
bram,bbht_grover_upgrade,EQ,12345,0,4,59,0x1fadaf42,0x60010aa3,normal,HIT,2852,12345,20,86,86,32233,322,327,2852,20,86,86,1,1,1,1,1,1,
bram,bbht_grover_upgrade,EQ,12345,0,4,59,0x1fadaf42,0x60010aa3,ckpt,HIT,2852,12345,20,86,25,13965,139,145,2852,20,86,25,1,1,1,1,1,1,
bram,bbht_grover_upgrade,EQ,12345,0,4,60,0x92fe7cfd,0xb54e2773,normal,HIT,507,12345,18,84,84,30707,307,312,507,18,84,84,1,1,1,1,1,1,
bram,bbht_grover_upgrade,EQ,12345,0,4,60,0x92fe7cfd,0xb54e2773,ckpt,HIT,507,12345,18,84,23,12932,129,135,507,18,84,23,1,1,1,1,1,1,
bram,bbht_grover_upgrade,EQ,12345,0,4,61,0x1aecb060,0x9c545eba,normal,HIT,507,12345,22,123,123,42877,428,433,507,22,123,123,1,1,1,1,1,1,
bram,bbht_grover_upgrade,EQ,12345,0,4,61,0x1aecb060,0x9c545eba,ckpt,HIT,507,12345,22,123,48,21073,210,216,507,22,123,48,1,1,1,1,1,1,
bram,bbht_grover_upgrade,EQ,12345,0,4,62,0x91778cc3,0xbd1d1bc0,normal,HIT,2852,12345,23,153,153,51375,513,519,2852,23,153,153,1,1,1,1,1,1,
bram,bbht_grover_upgrade,EQ,12345,0,4,62,0x91778cc3,0xbd1d1bc0,ckpt,HIT,2852,12345,23,153,34,17395,173,179,2852,23,153,34,1,1,1,1,1,1,
bram,bbht_grover_upgrade,EQ,12345,0,4,63,0xe6b7e7eb,0xd542988e,normal,HIT,2852,12345,18,54,54,22733,227,233,2852,18,54,54,1,1,1,1,1,1,
bram,bbht_grover_upgrade,EQ,12345,0,4,63,0xe6b7e7eb,0xd542988e,ckpt,HIT,2852,12345,18,54,11,9335,93,99,2852,18,54,11,1,1,1,1,1,1,
bram,bbht_grover_upgrade,EQ,12345,0,4,64,0x6770144c,0xd2d3c6e7,normal,HIT,507,12345,19,64,64,25841,258,263,507,19,64,64,1,1,1,1,1,1,
bram,bbht_grover_upgrade,EQ,12345,0,4,64,0x6770144c,0xd2d3c6e7,ckpt,HIT,507,12345,19,64,16,11378,113,119,507,19,64,16,1,1,1,1,1,1,
bram,bbht_grover_upgrade,EQ,12345,0,4,65,0xc600a248,0x0a1e0844,normal,HIT,8685,12345,23,131,131,45343,453,459,8685,23,131,131,1,1,1,1,1,1,
bram,bbht_grover_upgrade,EQ,12345,0,4,65,0xc600a248,0x0a1e0844,ckpt,HIT,8685,12345,23,131,64,25113,251,257,8685,23,131,64,1,1,1,1,1,1,
bram,bbht_grover_upgrade,EQ,12345,0,4,66,0x1ea4f830,0x2ef0f28e,normal,HIT,4724,12345,25,172,172,57338,573,579,4724,25,172,172,1,1,1,1,1,1,
bram,bbht_grover_upgrade,EQ,12345,0,4,66,0x1ea4f830,0x2ef0f28e,ckpt,HIT,4724,12345,25,172,65,26681,266,272,4724,25,172,65,1,1,1,1,1,1,
bram,bbht_grover_upgrade,EQ,12345,0,4,67,0x639604f3,0x7fe04f83,normal,HIT,8685,12345,16,30,30,15356,153,158,8685,16,30,30,1,1,1,1,1,1,
bram,bbht_grover_upgrade,EQ,12345,0,4,67,0x639604f3,0x7fe04f83,ckpt,HIT,8685,12345,16,30,9,8253,82,88,8685,16,30,9,1,1,1,1,1,1,
bram,bbht_grover_upgrade,EQ,12345,0,4,68,0x6e084a84,0xb643b17e,normal,HIT,2852,12345,21,81,81,31300,313,318,2852,21,81,81,1,1,1,1,1,1,
bram,bbht_grover_upgrade,EQ,12345,0,4,68,0x6e084a84,0xb643b17e,ckpt,HIT,2852,12345,21,81,31,15824,158,163,2852,21,81,31,1,1,1,1,1,1,
bram,bbht_grover_upgrade,EQ,12345,0,4,69,0x3d7fc476,0x467d7a44,normal,HIT,8685,12345,22,106,106,38347,383,388,8685,22,106,106,1,1,1,1,1,1,
bram,bbht_grover_upgrade,EQ,12345,0,4,69,0x3d7fc476,0x467d7a44,ckpt,HIT,8685,12345,22,106,27,15076,150,155,8685,22,106,27,1,1,1,1,1,1,
bram,bbht_grover_upgrade,EQ,12345,0,4,70,0xedca3875,0xefade11e,normal,HIT,2852,12345,23,119,119,42300,423,427,2852,23,119,119,1,1,1,1,1,1,
bram,bbht_grover_upgrade,EQ,12345,0,4,70,0xedca3875,0xefade11e,ckpt,HIT,2852,12345,23,119,42,22602,226,231,2852,23,119,42,1,1,1,1,1,1,
bram,bbht_grover_upgrade,EQ,12345,0,4,71,0xb883121d,0x095c678c,normal,HIT,2852,12345,22,124,124,43131,431,437,2852,22,124,124,1,1,1,1,1,1,
bram,bbht_grover_upgrade,EQ,12345,0,4,71,0xb883121d,0x095c678c,ckpt,HIT,2852,12345,22,124,40,18572,185,191,2852,22,124,40,1,1,1,1,1,1,
bram,bbht_grover_upgrade,EQ,12345,0,4,72,0xace22797,0xbc422a9a,normal,HIT,507,12345,12,15,15,9580,95,100,507,12,15,15,1,1,1,1,1,1,
bram,bbht_grover_upgrade,EQ,12345,0,4,72,0xace22797,0xbc422a9a,ckpt,HIT,507,12345,12,15,4,5399,53,59,507,12,15,4,1,1,1,1,1,1,
bram,bbht_grover_upgrade,EQ,12345,0,4,73,0xefd3172d,0x8c2c3233,normal,HIT,2852,12345,20,66,66,26719,267,273,2852,20,66,66,1,1,1,1,1,1,
bram,bbht_grover_upgrade,EQ,12345,0,4,73,0xefd3172d,0x8c2c3233,ckpt,HIT,2852,12345,20,66,18,11796,117,123,2852,20,66,18,1,1,1,1,1,1,
bram,bbht_grover_upgrade,EQ,12345,0,4,74,0xe6aacdb5,0x7f1c158a,normal,HIT,507,12345,21,145,145,48162,481,487,507,21,145,145,1,1,1,1,1,1,
bram,bbht_grover_upgrade,EQ,12345,0,4,74,0xe6aacdb5,0x7f1c158a,ckpt,HIT,507,12345,21,145,33,16198,161,166,507,21,145,33,1,1,1,1,1,1,
bram,bbht_grover_upgrade,EQ,12345,0,4,75,0x6566c598,0xca804b00,normal,HIT,2852,12345,9,9,9,6587,65,70,2852,9,9,9,1,1,1,1,1,1,
bram,bbht_grover_upgrade,EQ,12345,0,4,75,0x6566c598,0xca804b00,ckpt,HIT,2852,12345,9,9,4,4368,43,48,2852,9,9,4,1,1,1,1,1,1,
bram,bbht_grover_upgrade,EQ,12345,0,4,76,0x4e646d9d,0xcbae5ac0,normal,HIT,2852,12345,16,47,47,19926,199,205,2852,16,47,47,1,1,1,1,1,1,
bram,bbht_grover_upgrade,EQ,12345,0,4,76,0x4e646d9d,0xcbae5ac0,ckpt,HIT,2852,12345,16,47,13,9166,91,97,2852,16,47,13,1,1,1,1,1,1,
bram,bbht_grover_upgrade,EQ,12345,0,4,77,0x05d81d6f,0x260c4013,normal,HIT,507,12345,18,67,67,26086,260,267,507,18,67,67,1,1,1,1,1,1,
bram,bbht_grover_upgrade,EQ,12345,0,4,77,0x05d81d6f,0x260c4013,ckpt,HIT,507,12345,18,67,22,12159,121,127,507,18,67,22,1,1,1,1,1,1,
bram,bbht_grover_upgrade,EQ,12345,0,4,78,0x2018f6a3,0x5728c7f4,normal,HIT,4724,12345,25,177,177,58613,586,592,4724,25,177,177,1,1,1,1,1,1,
bram,bbht_grover_upgrade,EQ,12345,0,4,78,0x2018f6a3,0x5728c7f4,ckpt,HIT,4724,12345,25,177,69,27697,276,282,4724,25,177,69,1,1,1,1,1,1,
bram,bbht_grover_upgrade,EQ,12345,0,4,79,0x718ebf0c,0x4d7d460c,normal,HIT,2852,12345,22,90,90,34155,341,347,2852,22,90,90,1,1,1,1,1,1,
bram,bbht_grover_upgrade,EQ,12345,0,4,79,0x718ebf0c,0x4d7d460c,ckpt,HIT,2852,12345,22,90,31,16294,162,168,2852,22,90,31,1,1,1,1,1,1,
bram,bbht_grover_upgrade,EQ,12345,0,4,80,0x042a8f17,0x2093b3f4,normal,HIT,8685,12345,24,175,175,57521,575,580,8685,24,175,175,1,1,1,1,1,1,
bram,bbht_grover_upgrade,EQ,12345,0,4,80,0x042a8f17,0x2093b3f4,ckpt,HIT,8685,12345,24,175,48,21433,214,218,8685,24,175,48,1,1,1,1,1,1,
bram,bbht_grover_upgrade,EQ,12345,0,4,81,0xfc1c775d,0x35bd20f1,normal,HIT,8685,12345,9,12,12,7410,74,80,8685,9,12,12,1,1,1,1,1,1,
bram,bbht_grover_upgrade,EQ,12345,0,4,81,0xfc1c775d,0x35bd20f1,ckpt,HIT,8685,12345,9,12,3,4131,41,47,8685,9,12,3,1,1,1,1,1,1,
bram,bbht_grover_upgrade,EQ,12345,0,4,82,0x16b93b63,0x7d609ba5,normal,HIT,8685,12345,12,18,18,10393,103,109,8685,12,18,18,1,1,1,1,1,1,
bram,bbht_grover_upgrade,EQ,12345,0,4,82,0x16b93b63,0x7d609ba5,ckpt,HIT,8685,12345,12,18,5,5682,56,63,8685,12,18,5,1,1,1,1,1,1,
bram,bbht_grover_upgrade,EQ,12345,0,4,83,0x8ce1028e,0xb152e7ef,normal,HIT,8685,12345,14,23,23,12589,125,130,8685,14,23,23,1,1,1,1,1,1,
bram,bbht_grover_upgrade,EQ,12345,0,4,83,0x8ce1028e,0xb152e7ef,ckpt,HIT,8685,12345,14,23,9,10655,106,111,8685,14,23,9,1,1,1,1,1,1,
bram,bbht_grover_upgrade,EQ,12345,0,4,84,0x87bad980,0x7dbefa97,normal,HIT,4724,12345,21,132,132,44836,448,455,4724,21,132,132,1,1,1,1,1,1,
bram,bbht_grover_upgrade,EQ,12345,0,4,84,0x87bad980,0x7dbefa97,ckpt,HIT,4724,12345,21,132,28,15187,151,157,4724,21,132,28,1,1,1,1,1,1,
bram,bbht_grover_upgrade,EQ,12345,0,4,85,0xd63d86f3,0xf5399cca,normal,HIT,4724,12345,20,91,91,33525,335,340,4724,20,91,91,1,1,1,1,1,1,
bram,bbht_grover_upgrade,EQ,12345,0,4,85,0xd63d86f3,0xf5399cca,ckpt,HIT,4724,12345,20,91,29,15115,151,156,4724,20,91,29,1,1,1,1,1,1,
bram,bbht_grover_upgrade,EQ,12345,0,4,86,0xeeaba102,0x01560fc0,normal,HIT,8685,12345,21,91,91,33916,339,344,8685,21,91,91,1,1,1,1,1,1,
bram,bbht_grover_upgrade,EQ,12345,0,4,86,0xeeaba102,0x01560fc0,ckpt,HIT,8685,12345,21,91,20,13256,132,138,8685,21,91,20,1,1,1,1,1,1,
bram,bbht_grover_upgrade,EQ,12345,0,4,87,0xc1fee4bb,0xc7e12d58,normal,HIT,4724,12345,19,89,89,32532,325,331,4724,19,89,89,1,1,1,1,1,1,
bram,bbht_grover_upgrade,EQ,12345,0,4,87,0xc1fee4bb,0xc7e12d58,ckpt,HIT,4724,12345,19,89,20,12121,121,125,4724,19,89,20,1,1,1,1,1,1,
bram,bbht_grover_upgrade,EQ,12345,0,4,88,0x0707c9da,0xf644a3f9,normal,HIT,8685,12345,16,48,48,20190,201,208,8685,16,48,48,1,1,1,1,1,1,
bram,bbht_grover_upgrade,EQ,12345,0,4,88,0x0707c9da,0xf644a3f9,ckpt,HIT,8685,12345,16,48,16,10007,100,105,8685,16,48,16,1,1,1,1,1,1,
bram,bbht_grover_upgrade,EQ,12345,0,4,89,0xde0d9c30,0x58a2ee8f,normal,HIT,507,12345,16,41,41,18377,183,189,507,16,41,41,1,1,1,1,1,1,
bram,bbht_grover_upgrade,EQ,12345,0,4,89,0xde0d9c30,0x58a2ee8f,ckpt,HIT,507,12345,16,41,8,7879,78,85,507,16,41,8,1,1,1,1,1,1,
bram,bbht_grover_upgrade,EQ,12345,0,4,90,0x7cd0efc7,0x9f385cfb,normal,HIT,8685,12345,18,54,54,22776,227,233,8685,18,54,54,1,1,1,1,1,1,
bram,bbht_grover_upgrade,EQ,12345,0,4,90,0x7cd0efc7,0x9f385cfb,ckpt,HIT,8685,12345,18,54,24,12963,129,135,8685,18,54,24,1,1,1,1,1,1,
bram,bbht_grover_upgrade,EQ,12345,0,4,91,0xe4cb50a6,0x94d13729,normal,HIT,507,12345,17,53,53,21994,219,225,507,17,53,53,1,1,1,1,1,1,
bram,bbht_grover_upgrade,EQ,12345,0,4,91,0xe4cb50a6,0x94d13729,ckpt,HIT,507,12345,17,53,18,10963,109,114,507,17,53,18,1,1,1,1,1,1,
bram,bbht_grover_upgrade,EQ,12345,0,4,92,0xa0882219,0x18f75d24,normal,HIT,2852,12345,11,13,13,8570,85,91,2852,11,13,13,1,1,1,1,1,1,
bram,bbht_grover_upgrade,EQ,12345,0,4,92,0xa0882219,0x18f75d24,ckpt,HIT,2852,12345,11,13,6,5575,55,61,2852,11,13,6,1,1,1,1,1,1,
bram,bbht_grover_upgrade,EQ,12345,0,4,93,0xc435e6f2,0xf75a52bc,normal,HIT,8685,12345,20,96,96,34769,347,353,8685,20,96,96,1,1,1,1,1,1,
bram,bbht_grover_upgrade,EQ,12345,0,4,93,0xc435e6f2,0xf75a52bc,ckpt,HIT,8685,12345,20,96,25,13996,139,145,8685,20,96,25,1,1,1,1,1,1,
bram,bbht_grover_upgrade,EQ,12345,0,4,94,0x011b63f0,0x0aa34346,normal,HIT,4724,12345,19,71,71,27654,276,282,4724,19,71,71,1,1,1,1,1,1,
bram,bbht_grover_upgrade,EQ,12345,0,4,94,0x011b63f0,0x0aa34346,ckpt,HIT,4724,12345,19,71,27,13945,139,145,4724,19,71,27,1,1,1,1,1,1,
bram,bbht_grover_upgrade,EQ,12345,0,4,95,0x1b456e77,0xee460f94,normal,HIT,8685,12345,17,47,47,20503,205,210,8685,17,47,47,1,1,1,1,1,1,
bram,bbht_grover_upgrade,EQ,12345,0,4,95,0x1b456e77,0xee460f94,ckpt,HIT,8685,12345,17,47,18,11459,114,119,8685,17,47,18,1,1,1,1,1,1,
bram,bbht_grover_upgrade,EQ,12345,0,4,96,0x10088608,0xef418331,normal,HIT,8685,12345,19,74,74,28447,284,290,8685,19,74,74,1,1,1,1,1,1,
bram,bbht_grover_upgrade,EQ,12345,0,4,96,0x10088608,0xef418331,ckpt,HIT,8685,12345,19,74,18,11602,116,121,8685,19,74,18,1,1,1,1,1,1,
bram,bbht_grover_upgrade,EQ,12345,0,4,97,0x6fcfc352,0xf8fa9f4c,normal,HIT,2852,12345,22,124,124,43127,431,437,2852,22,124,124,1,1,1,1,1,1,
bram,bbht_grover_upgrade,EQ,12345,0,4,97,0x6fcfc352,0xf8fa9f4c,ckpt,HIT,2852,12345,22,124,28,18446,184,190,2852,22,124,28,1,1,1,1,1,1,
bram,bbht_grover_upgrade,EQ,12345,0,4,98,0xfb6077af,0x713595a9,normal,HIT,8685,12345,20,102,102,36398,363,369,8685,20,102,102,1,1,1,1,1,1,
bram,bbht_grover_upgrade,EQ,12345,0,4,98,0xfb6077af,0x713595a9,ckpt,HIT,8685,12345,20,102,20,12485,124,131,8685,20,102,20,1,1,1,1,1,1,
bram,bbht_grover_upgrade,EQ,12345,0,4,99,0xc6ebb72e,0x08fdf109,normal,HIT,8685,12345,16,42,42,18620,186,192,8685,16,42,42,1,1,1,1,1,1,
bram,bbht_grover_upgrade,EQ,12345,0,4,99,0xc6ebb72e,0x08fdf109,ckpt,HIT,8685,12345,16,42,14,9450,94,100,8685,16,42,14,1,1,1,1,1,1,
bram,bbht_grover_upgrade,EQ,12345,0,16,0,0x7b1dcdaf,0x24370df2,normal,HIT,4512,12345,11,15,15,9054,90,96,4512,11,15,15,1,1,1,1,1,1,
bram,bbht_grover_upgrade,EQ,12345,0,16,0,0x7b1dcdaf,0x24370df2,ckpt,HIT,4512,12345,11,15,3,4731,47,53,4512,11,15,3,1,1,1,1,1,1,
bram,bbht_grover_upgrade,EQ,12345,0,16,1,0x3a85a4dc,0xa3b9aa35,normal,HIT,507,12345,15,23,23,13144,131,137,507,15,23,23,1,1,1,1,1,1,
bram,bbht_grover_upgrade,EQ,12345,0,16,1,0x3a85a4dc,0xa3b9aa35,ckpt,HIT,507,12345,15,23,9,7897,78,84,507,15,23,9,1,1,1,1,1,1,
bram,bbht_grover_upgrade,EQ,12345,0,16,2,0x6162a8b2,0x871c276f,normal,HIT,10593,12345,17,56,56,22748,227,233,10593,17,56,56,1,1,1,1,1,1,
bram,bbht_grover_upgrade,EQ,12345,0,16,2,0x6162a8b2,0x871c276f,ckpt,HIT,10593,12345,17,56,16,10273,102,108,10593,17,56,16,1,1,1,1,1,1,
bram,bbht_grover_upgrade,EQ,12345,0,16,3,0xc3adc34e,0xf5b8f22b,normal,HIT,5281,12345,18,56,56,23284,232,237,5281,18,56,56,1,1,1,1,1,1,
bram,bbht_grover_upgrade,EQ,12345,0,16,3,0xc3adc34e,0xf5b8f22b,ckpt,HIT,5281,12345,18,56,21,12267,122,127,5281,18,56,21,1,1,1,1,1,1,
bram,bbht_grover_upgrade,EQ,12345,0,16,4,0x2bb073ff,0x3f8396e3,normal,HIT,4512,12345,14,27,27,13683,136,141,4512,14,27,27,1,1,1,1,1,1,
bram,bbht_grover_upgrade,EQ,12345,0,16,4,0x2bb073ff,0x3f8396e3,ckpt,HIT,4512,12345,14,27,7,6914,69,75,4512,14,27,7,1,1,1,1,1,1,
bram,bbht_grover_upgrade,EQ,12345,0,16,5,0xda585ab3,0xa7197ad7,normal,HIT,10839,12345,15,18,18,11848,118,124,10839,15,18,18,1,1,1,1,1,1,
bram,bbht_grover_upgrade,EQ,12345,0,16,5,0xda585ab3,0xa7197ad7,ckpt,HIT,10839,12345,15,18,5,6791,67,73,10839,15,18,5,1,1,1,1,1,1,
bram,bbht_grover_upgrade,EQ,12345,0,16,6,0x0ed109c0,0x5701ce52,normal,HIT,3947,12345,17,68,68,25892,258,265,3947,17,68,68,1,1,1,1,1,1,
bram,bbht_grover_upgrade,EQ,12345,0,16,6,0x0ed109c0,0x5701ce52,ckpt,HIT,3947,12345,17,68,18,10941,109,115,3947,17,68,18,1,1,1,1,1,1,
bram,bbht_grover_upgrade,EQ,12345,0,16,7,0x102ecf73,0x53c7612b,normal,HIT,5281,12345,12,25,25,12157,121,127,5281,12,25,25,1,1,1,1,1,1,
bram,bbht_grover_upgrade,EQ,12345,0,16,7,0x102ecf73,0x53c7612b,ckpt,HIT,5281,12345,12,25,7,6200,62,67,5281,12,25,7,1,1,1,1,1,1,
bram,bbht_grover_upgrade,EQ,12345,0,16,8,0xcf29b6a1,0x35231a84,normal,HIT,2852,12345,14,32,32,15130,151,157,2852,14,32,32,1,1,1,1,1,1,
bram,bbht_grover_upgrade,EQ,12345,0,16,8,0xcf29b6a1,0x35231a84,ckpt,HIT,2852,12345,14,32,7,6995,69,75,2852,14,32,7,1,1,1,1,1,1,
bram,bbht_grover_upgrade,EQ,12345,0,16,9,0xc49cbb42,0xd0a3bbb8,normal,HIT,3947,12345,12,20,20,10931,109,115,3947,12,20,20,1,1,1,1,1,1,
bram,bbht_grover_upgrade,EQ,12345,0,16,9,0xc49cbb42,0xd0a3bbb8,ckpt,HIT,3947,12345,12,20,6,5955,59,64,3947,12,20,6,1,1,1,1,1,1,
bram,bbht_grover_upgrade,EQ,12345,0,16,10,0x4cc51d23,0xee0e3ab4,normal,HIT,14405,12345,15,35,35,16137,161,166,14405,15,35,35,1,1,1,1,1,1,
bram,bbht_grover_upgrade,EQ,12345,0,16,10,0x4cc51d23,0xee0e3ab4,ckpt,HIT,14405,12345,15,35,11,8255,82,87,14405,15,35,11,1,1,1,1,1,1,
bram,bbht_grover_upgrade,EQ,12345,0,16,11,0xf9e8aa7a,0x3208c31a,normal,HIT,1721,12345,17,57,57,22990,229,235,1721,17,57,57,1,1,1,1,1,1,
bram,bbht_grover_upgrade,EQ,12345,0,16,11,0xf9e8aa7a,0x3208c31a,ckpt,HIT,1721,12345,17,57,11,9155,91,97,1721,17,57,11,1,1,1,1,1,1,
bram,bbht_grover_upgrade,EQ,12345,0,16,12,0xdda8b051,0xc8105c9d,normal,HIT,5281,12345,16,28,28,14839,148,154,5281,16,28,28,1,1,1,1,1,1,
bram,bbht_grover_upgrade,EQ,12345,0,16,12,0xdda8b051,0xc8105c9d,ckpt,HIT,5281,12345,16,28,12,12094,120,125,5281,16,28,12,1,1,1,1,1,1,
bram,bbht_grover_upgrade,EQ,12345,0,16,13,0xabfb11bf,0xf5dec75e,normal,HIT,10593,12345,16,43,43,18917,189,193,10593,16,43,43,1,1,1,1,1,1,
bram,bbht_grover_upgrade,EQ,12345,0,16,13,0xabfb11bf,0xf5dec75e,ckpt,HIT,10593,12345,16,43,10,8415,84,89,10593,16,43,10,1,1,1,1,1,1,
bram,bbht_grover_upgrade,EQ,12345,0,16,14,0x20639811,0x6b6a7c47,normal,HIT,4724,12345,19,71,71,27692,276,282,4724,19,71,71,1,1,1,1,1,1,
bram,bbht_grover_upgrade,EQ,12345,0,16,14,0x20639811,0x6b6a7c47,ckpt,HIT,4724,12345,19,71,17,11445,114,119,4724,19,71,17,1,1,1,1,1,1,
bram,bbht_grover_upgrade,EQ,12345,0,16,15,0xac72acd2,0xca84bc6c,normal,HIT,14405,12345,21,85,85,32348,323,328,14405,21,85,85,1,1,1,1,1,1,
bram,bbht_grover_upgrade,EQ,12345,0,16,15,0xac72acd2,0xca84bc6c,ckpt,HIT,14405,12345,21,85,39,18415,184,189,14405,21,85,39,1,1,1,1,1,1,
bram,bbht_grover_upgrade,EQ,12345,0,16,16,0x49a2da79,0xe1376725,normal,HIT,10931,12345,13,30,30,14052,140,146,10931,13,30,30,1,1,1,1,1,1,
bram,bbht_grover_upgrade,EQ,12345,0,16,16,0x49a2da79,0xe1376725,ckpt,HIT,10931,12345,13,30,8,6865,68,73,10931,13,30,8,1,1,1,1,1,1,
bram,bbht_grover_upgrade,EQ,12345,0,16,17,0x63a4e9d7,0x6166dba4,normal,HIT,5281,12345,11,13,13,8564,85,91,5281,11,13,13,1,1,1,1,1,1,
bram,bbht_grover_upgrade,EQ,12345,0,16,17,0x63a4e9d7,0x6166dba4,ckpt,HIT,5281,12345,11,13,4,5069,50,56,5281,11,13,4,1,1,1,1,1,1,
bram,bbht_grover_upgrade,EQ,12345,0,16,18,0x8983f102,0x43fb6183,normal,HIT,5281,12345,14,27,27,13629,136,141,5281,14,27,27,1,1,1,1,1,1,
bram,bbht_grover_upgrade,EQ,12345,0,16,18,0x8983f102,0x43fb6183,ckpt,HIT,5281,12345,14,27,9,7399,73,80,5281,14,27,9,1,1,1,1,1,1,
bram,bbht_grover_upgrade,EQ,12345,0,16,19,0xb671aa78,0xc97ad8a2,normal,HIT,10931,12345,21,82,82,31529,315,320,10931,21,82,82,1,1,1,1,1,1,
bram,bbht_grover_upgrade,EQ,12345,0,16,19,0xb671aa78,0xc97ad8a2,ckpt,HIT,10931,12345,21,82,33,16180,161,167,10931,21,82,33,1,1,1,1,1,1,
bram,bbht_grover_upgrade,EQ,12345,0,16,20,0xdaeb566a,0x989e5b3d,normal,HIT,10931,12345,17,58,58,23375,233,239,10931,17,58,58,1,1,1,1,1,1,
bram,bbht_grover_upgrade,EQ,12345,0,16,20,0xdaeb566a,0x989e5b3d,ckpt,HIT,10931,12345,17,58,13,9670,96,102,10931,17,58,13,1,1,1,1,1,1,
bram,bbht_grover_upgrade,EQ,12345,0,16,21,0xf6181c00,0xa345ac4b,normal,HIT,7786,12345,19,67,67,26710,267,273,7786,19,67,67,1,1,1,1,1,1,
bram,bbht_grover_upgrade,EQ,12345,0,16,21,0xf6181c00,0xa345ac4b,ckpt,HIT,7786,12345,19,67,18,11888,118,124,7786,19,67,18,1,1,1,1,1,1,
bram,bbht_grover_upgrade,EQ,12345,0,16,22,0x4e18d852,0xa08980df,normal,HIT,491,12345,15,37,37,16857,168,173,491,15,37,37,1,1,1,1,1,1,
bram,bbht_grover_upgrade,EQ,12345,0,16,22,0x4e18d852,0xa08980df,ckpt,HIT,491,12345,15,37,9,7819,78,83,491,15,37,9,1,1,1,1,1,1,
bram,bbht_grover_upgrade,EQ,12345,0,16,23,0xa035ceba,0x611de4c4,normal,HIT,8685,12345,12,21,21,11316,113,117,8685,12,21,21,1,1,1,1,1,1,
bram,bbht_grover_upgrade,EQ,12345,0,16,23,0xa035ceba,0x611de4c4,ckpt,HIT,8685,12345,12,21,7,6346,63,68,8685,12,21,7,1,1,1,1,1,1,
bram,bbht_grover_upgrade,EQ,12345,0,16,24,0xc2416ee4,0x7323f479,normal,HIT,7786,12345,16,47,47,19933,199,205,7786,16,47,47,1,1,1,1,1,1,
bram,bbht_grover_upgrade,EQ,12345,0,16,24,0xc2416ee4,0x7323f479,ckpt,HIT,7786,12345,16,47,15,9790,97,104,7786,16,47,15,1,1,1,1,1,1,
bram,bbht_grover_upgrade,EQ,12345,0,16,25,0xfbdafbdd,0xa0c0cf2f,normal,HIT,491,12345,9,6,6,5741,57,63,491,9,6,6,1,1,1,1,1,1,
bram,bbht_grover_upgrade,EQ,12345,0,16,25,0xfbdafbdd,0xa0c0cf2f,ckpt,HIT,491,12345,9,6,2,3785,37,43,491,9,6,2,1,1,1,1,1,1,
bram,bbht_grover_upgrade,EQ,12345,0,16,26,0xa43fbf47,0x8de97b10,normal,HIT,4512,12345,15,29,29,14634,146,151,4512,15,29,29,1,1,1,1,1,1,
bram,bbht_grover_upgrade,EQ,12345,0,16,26,0xa43fbf47,0x8de97b10,ckpt,HIT,4512,12345,15,29,10,7965,79,84,4512,15,29,10,1,1,1,1,1,1,
bram,bbht_grover_upgrade,EQ,12345,0,16,27,0x6811f7c1,0xcb07044a,normal,HIT,3947,12345,14,32,32,15052,150,156,3947,14,32,32,1,1,1,1,1,1,
bram,bbht_grover_upgrade,EQ,12345,0,16,27,0x6811f7c1,0xcb07044a,ckpt,HIT,3947,12345,14,32,10,7898,78,85,3947,14,32,10,1,1,1,1,1,1,
bram,bbht_grover_upgrade,EQ,12345,0,16,28,0x610dde2c,0x8cf5deb9,normal,HIT,5281,12345,11,17,17,9575,95,101,5281,11,17,17,1,1,1,1,1,1,
bram,bbht_grover_upgrade,EQ,12345,0,16,28,0x610dde2c,0x8cf5deb9,ckpt,HIT,5281,12345,11,17,5,8550,85,91,5281,11,17,5,1,1,1,1,1,1,
bram,bbht_grover_upgrade,EQ,12345,0,16,29,0x82241b87,0xbbe27f39,normal,HIT,7786,12345,14,30,30,14473,144,149,7786,14,30,30,1,1,1,1,1,1,
bram,bbht_grover_upgrade,EQ,12345,0,16,29,0x82241b87,0xbbe27f39,ckpt,HIT,7786,12345,14,30,6,6601,66,72,7786,14,30,6,1,1,1,1,1,1,
bram,bbht_grover_upgrade,EQ,12345,0,16,30,0x48647490,0xea9551eb,normal,HIT,3947,12345,15,26,26,13847,138,142,3947,15,26,26,1,1,1,1,1,1,
bram,bbht_grover_upgrade,EQ,12345,0,16,30,0x48647490,0xea9551eb,ckpt,HIT,3947,12345,15,26,7,7273,72,78,3947,15,26,7,1,1,1,1,1,1,
bram,bbht_grover_upgrade,EQ,12345,0,16,31,0x63df3b7f,0xa8b057e1,normal,HIT,2852,12345,14,35,35,15803,158,164,2852,14,35,35,1,1,1,1,1,1,
bram,bbht_grover_upgrade,EQ,12345,0,16,31,0x63df3b7f,0xa8b057e1,ckpt,HIT,2852,12345,14,35,9,7403,74,80,2852,14,35,9,1,1,1,1,1,1,
bram,bbht_grover_upgrade,EQ,12345,0,16,32,0x433125bb,0x3221fef0,normal,HIT,5281,12345,21,70,70,28313,283,288,5281,21,70,70,1,1,1,1,1,1,
bram,bbht_grover_upgrade,EQ,12345,0,16,32,0x433125bb,0x3221fef0,ckpt,HIT,5281,12345,21,70,26,14289,142,148,5281,21,70,26,1,1,1,1,1,1,
bram,bbht_grover_upgrade,EQ,12345,0,16,33,0x7943be40,0x6641ee79,normal,HIT,491,12345,13,23,23,12077,120,125,491,13,23,23,1,1,1,1,1,1,
bram,bbht_grover_upgrade,EQ,12345,0,16,33,0x7943be40,0x6641ee79,ckpt,HIT,491,12345,13,23,6,6184,61,68,491,13,23,6,1,1,1,1,1,1,
bram,bbht_grover_upgrade,EQ,12345,0,16,34,0x26c93252,0x675d2908,normal,HIT,8685,12345,11,17,17,9613,96,102,8685,11,17,17,1,1,1,1,1,1,
bram,bbht_grover_upgrade,EQ,12345,0,16,34,0x26c93252,0x675d2908,ckpt,HIT,8685,12345,11,17,4,5029,50,56,8685,11,17,4,1,1,1,1,1,1,
bram,bbht_grover_upgrade,EQ,12345,0,16,35,0xdbe3ed49,0xa7cfea56,normal,HIT,10593,12345,15,30,30,14922,149,154,10593,15,30,30,1,1,1,1,1,1,
bram,bbht_grover_upgrade,EQ,12345,0,16,35,0xdbe3ed49,0xa7cfea56,ckpt,HIT,10593,12345,15,30,12,8700,87,92,10593,15,30,12,1,1,1,1,1,1,
bram,bbht_grover_upgrade,EQ,12345,0,16,36,0xc2ec9bb4,0xbfc0ae9e,normal,HIT,10931,12345,7,5,5,4665,46,51,10931,7,5,5,1,1,1,1,1,1,
bram,bbht_grover_upgrade,EQ,12345,0,16,36,0xc2ec9bb4,0xbfc0ae9e,ckpt,HIT,10931,12345,7,5,2,3220,32,37,10931,7,5,2,1,1,1,1,1,1,
bram,bbht_grover_upgrade,EQ,12345,0,16,37,0xe7ec8559,0x307064ac,normal,HIT,491,12345,2,1,1,1192,11,16,491,2,1,1,1,1,1,1,1,1,
bram,bbht_grover_upgrade,EQ,12345,0,16,37,0xe7ec8559,0x307064ac,ckpt,HIT,491,12345,2,1,1,1160,11,17,491,2,1,1,1,1,1,1,1,1,
bram,bbht_grover_upgrade,EQ,12345,0,16,38,0xccb88b54,0x2cf00158,normal,HIT,15288,12345,15,40,40,17719,177,182,15288,15,40,40,1,1,1,1,1,1,
bram,bbht_grover_upgrade,EQ,12345,0,16,38,0xccb88b54,0x2cf00158,ckpt,HIT,15288,12345,15,40,9,7872,78,85,15288,15,40,9,1,1,1,1,1,1,
bram,bbht_grover_upgrade,EQ,12345,0,16,39,0xb512e6a4,0x2b9e708c,normal,HIT,15288,12345,18,71,71,27328,273,278,15288,18,71,71,1,1,1,1,1,1,
bram,bbht_grover_upgrade,EQ,12345,0,16,39,0xb512e6a4,0x2b9e708c,ckpt,HIT,15288,12345,18,71,22,12537,125,130,15288,18,71,22,1,1,1,1,1,1,
bram,bbht_grover_upgrade,EQ,12345,0,16,40,0x7e2c3d82,0xa69fb195,normal,HIT,507,12345,18,48,48,21170,211,217,507,18,48,48,1,1,1,1,1,1,
bram,bbht_grover_upgrade,EQ,12345,0,16,40,0x7e2c3d82,0xa69fb195,ckpt,HIT,507,12345,18,48,13,10124,101,106,507,18,48,13,1,1,1,1,1,1,
bram,bbht_grover_upgrade,EQ,12345,0,16,41,0x58b3e5ad,0x23a21253,normal,HIT,491,12345,14,29,29,14194,141,147,491,14,29,29,1,1,1,1,1,1,
bram,bbht_grover_upgrade,EQ,12345,0,16,41,0x58b3e5ad,0x23a21253,ckpt,HIT,491,12345,14,29,9,7466,74,80,491,14,29,9,1,1,1,1,1,1,
bram,bbht_grover_upgrade,EQ,12345,0,16,42,0x9a07c40b,0x3ea78d8c,normal,HIT,4512,12345,17,57,57,22990,229,235,4512,17,57,57,1,1,1,1,1,1,
bram,bbht_grover_upgrade,EQ,12345,0,16,42,0x9a07c40b,0x3ea78d8c,ckpt,HIT,4512,12345,17,57,15,10137,101,107,4512,17,57,15,1,1,1,1,1,1,
bram,bbht_grover_upgrade,EQ,12345,0,16,43,0xf1f9a54b,0x7b00db61,normal,HIT,10839,12345,8,6,6,5343,53,59,10839,8,6,6,1,1,1,1,1,1,
bram,bbht_grover_upgrade,EQ,12345,0,16,43,0xf1f9a54b,0x7b00db61,ckpt,HIT,10839,12345,8,6,3,3777,37,44,10839,8,6,3,1,1,1,1,1,1,
bram,bbht_grover_upgrade,EQ,12345,0,16,44,0xfba6212d,0xb8b8356a,normal,HIT,2852,12345,20,93,93,33941,339,346,2852,20,93,93,1,1,1,1,1,1,
bram,bbht_grover_upgrade,EQ,12345,0,16,44,0xfba6212d,0xb8b8356a,ckpt,HIT,2852,12345,20,93,21,12662,126,132,2852,20,93,21,1,1,1,1,1,1,
bram,bbht_grover_upgrade,EQ,12345,0,16,45,0x1ca60615,0xd753b84a,normal,HIT,7786,12345,12,21,21,11056,110,116,7786,12,21,21,1,1,1,1,1,1,
bram,bbht_grover_upgrade,EQ,12345,0,16,45,0x1ca60615,0xd753b84a,ckpt,HIT,7786,12345,12,21,7,9125,91,97,7786,12,21,7,1,1,1,1,1,1,
bram,bbht_grover_upgrade,EQ,12345,0,16,46,0xa085c93e,0x19b8504d,normal,HIT,5281,12345,18,68,68,26417,264,269,5281,18,68,68,1,1,1,1,1,1,
bram,bbht_grover_upgrade,EQ,12345,0,16,46,0xa085c93e,0x19b8504d,ckpt,HIT,5281,12345,18,68,18,11171,111,116,5281,18,68,18,1,1,1,1,1,1,
bram,bbht_grover_upgrade,EQ,12345,0,16,47,0x18190603,0xad0438b2,normal,HIT,1801,12345,15,30,30,14958,149,154,1801,15,30,30,1,1,1,1,1,1,
bram,bbht_grover_upgrade,EQ,12345,0,16,47,0x18190603,0xad0438b2,ckpt,HIT,1801,12345,15,30,13,8826,88,94,1801,15,30,13,1,1,1,1,1,1,
bram,bbht_grover_upgrade,EQ,12345,0,16,48,0xc1143c78,0xbbdab3cd,normal,HIT,15288,12345,13,13,13,9618,96,102,15288,13,13,13,1,1,1,1,1,1,
bram,bbht_grover_upgrade,EQ,12345,0,16,48,0xc1143c78,0xbbdab3cd,ckpt,HIT,15288,12345,13,13,6,6375,63,68,15288,13,13,6,1,1,1,1,1,1,
bram,bbht_grover_upgrade,EQ,12345,0,16,49,0x332063fc,0x222ba57c,normal,HIT,15288,12345,16,44,44,19124,191,196,15288,16,44,44,1,1,1,1,1,1,
bram,bbht_grover_upgrade,EQ,12345,0,16,49,0x332063fc,0x222ba57c,ckpt,HIT,15288,12345,16,44,12,8888,88,94,15288,16,44,12,1,1,1,1,1,1,
bram,bbht_grover_upgrade,EQ,12345,0,16,50,0xd6f4066b,0xab9eb714,normal,HIT,8685,12345,18,48,48,21080,210,215,8685,18,48,48,1,1,1,1,1,1,
bram,bbht_grover_upgrade,EQ,12345,0,16,50,0xd6f4066b,0xab9eb714,ckpt,HIT,8685,12345,18,48,16,10631,106,111,8685,18,48,16,1,1,1,1,1,1,
bram,bbht_grover_upgrade,EQ,12345,0,16,51,0x64b9628c,0x9cd8b518,normal,HIT,10931,12345,16,43,43,18798,187,193,10931,16,43,43,1,1,1,1,1,1,
bram,bbht_grover_upgrade,EQ,12345,0,16,51,0x64b9628c,0x9cd8b518,ckpt,HIT,10931,12345,16,43,9,8110,81,86,10931,16,43,9,1,1,1,1,1,1,
bram,bbht_grover_upgrade,EQ,12345,0,16,52,0x894e6771,0x8a255c2e,normal,HIT,10931,12345,16,43,43,18851,188,194,10931,16,43,43,1,1,1,1,1,1,
bram,bbht_grover_upgrade,EQ,12345,0,16,52,0x894e6771,0x8a255c2e,ckpt,HIT,10931,12345,16,43,15,9678,96,102,10931,16,43,15,1,1,1,1,1,1,
bram,bbht_grover_upgrade,EQ,12345,0,16,53,0xe3e668e8,0xff1f20c3,normal,HIT,1801,12345,17,33,33,16721,167,173,1801,17,33,33,1,1,1,1,1,1,
bram,bbht_grover_upgrade,EQ,12345,0,16,53,0xe3e668e8,0xff1f20c3,ckpt,HIT,1801,12345,17,33,9,8629,86,91,1801,17,33,9,1,1,1,1,1,1,
bram,bbht_grover_upgrade,EQ,12345,0,16,54,0x36980406,0xfbdbfa61,normal,HIT,5281,12345,22,121,121,42295,422,427,5281,22,121,121,1,1,1,1,1,1,
bram,bbht_grover_upgrade,EQ,12345,0,16,54,0x36980406,0xfbdbfa61,ckpt,HIT,5281,12345,22,121,29,15650,156,162,5281,22,121,29,1,1,1,1,1,1,
bram,bbht_grover_upgrade,EQ,12345,0,16,55,0x114d2b4a,0xa617ad4e,normal,HIT,10931,12345,16,33,33,16325,163,168,10931,16,33,33,1,1,1,1,1,1,
bram,bbht_grover_upgrade,EQ,12345,0,16,55,0x114d2b4a,0xa617ad4e,ckpt,HIT,10931,12345,16,33,8,8169,81,86,10931,16,33,8,1,1,1,1,1,1,
bram,bbht_grover_upgrade,EQ,12345,0,16,56,0x3b8907e1,0x0c6cbd10,normal,HIT,10931,12345,10,10,10,7257,72,78,10931,10,10,10,1,1,1,1,1,1,
bram,bbht_grover_upgrade,EQ,12345,0,16,56,0x3b8907e1,0x0c6cbd10,ckpt,HIT,10931,12345,10,10,3,4382,43,48,10931,10,10,3,1,1,1,1,1,1,
bram,bbht_grover_upgrade,EQ,12345,0,16,57,0x2cd09c1d,0x964fb1a7,normal,HIT,7786,12345,17,61,61,24175,241,247,7786,17,61,61,1,1,1,1,1,1,
bram,bbht_grover_upgrade,EQ,12345,0,16,57,0x2cd09c1d,0x964fb1a7,ckpt,HIT,7786,12345,17,61,14,9844,98,103,7786,17,61,14,1,1,1,1,1,1,
bram,bbht_grover_upgrade,EQ,12345,0,16,58,0x6d7a8604,0xbd6f99c6,normal,HIT,1721,12345,15,37,37,16813,168,173,1721,15,37,37,1,1,1,1,1,1,
bram,bbht_grover_upgrade,EQ,12345,0,16,58,0x6d7a8604,0xbd6f99c6,ckpt,HIT,1721,12345,15,37,12,8631,86,91,1721,15,37,12,1,1,1,1,1,1,
bram,bbht_grover_upgrade,EQ,12345,0,16,59,0x1fadaf42,0x60010aa3,normal,HIT,7786,12345,16,49,49,20424,204,209,7786,16,49,49,1,1,1,1,1,1,
bram,bbht_grover_upgrade,EQ,12345,0,16,59,0x1fadaf42,0x60010aa3,ckpt,HIT,7786,12345,16,49,15,9669,96,102,7786,16,49,15,1,1,1,1,1,1,
bram,bbht_grover_upgrade,EQ,12345,0,16,60,0x92fe7cfd,0xb54e2773,normal,HIT,7786,12345,18,84,84,30706,307,312,7786,18,84,84,1,1,1,1,1,1,
bram,bbht_grover_upgrade,EQ,12345,0,16,60,0x92fe7cfd,0xb54e2773,ckpt,HIT,7786,12345,18,84,23,16198,161,166,7786,18,84,23,1,1,1,1,1,1,
bram,bbht_grover_upgrade,EQ,12345,0,16,61,0x1aecb060,0x9c545eba,normal,HIT,14405,12345,21,83,83,31677,316,321,14405,21,83,83,1,1,1,1,1,1,
bram,bbht_grover_upgrade,EQ,12345,0,16,61,0x1aecb060,0x9c545eba,ckpt,HIT,14405,12345,21,83,27,15071,150,156,14405,21,83,27,1,1,1,1,1,1,
bram,bbht_grover_upgrade,EQ,12345,0,16,62,0x91778cc3,0xbd1d1bc0,normal,HIT,491,12345,19,77,77,29315,293,298,491,19,77,77,1,1,1,1,1,1,
bram,bbht_grover_upgrade,EQ,12345,0,16,62,0x91778cc3,0xbd1d1bc0,ckpt,HIT,491,12345,19,77,15,10930,109,115,491,19,77,15,1,1,1,1,1,1,
bram,bbht_grover_upgrade,EQ,12345,0,16,63,0xe6b7e7eb,0xd542988e,normal,HIT,7786,12345,16,42,42,18631,186,192,7786,16,42,42,1,1,1,1,1,1,
bram,bbht_grover_upgrade,EQ,12345,0,16,63,0xe6b7e7eb,0xd542988e,ckpt,HIT,7786,12345,16,42,11,8661,86,93,7786,16,42,11,1,1,1,1,1,1,
bram,bbht_grover_upgrade,EQ,12345,0,16,64,0x6770144c,0xd2d3c6e7,normal,HIT,10931,12345,16,32,32,15960,159,165,10931,16,32,32,1,1,1,1,1,1,
bram,bbht_grover_upgrade,EQ,12345,0,16,64,0x6770144c,0xd2d3c6e7,ckpt,HIT,10931,12345,16,32,12,9240,92,97,10931,16,32,12,1,1,1,1,1,1,
bram,bbht_grover_upgrade,EQ,12345,0,16,65,0xc600a248,0x0a1e0844,normal,HIT,10839,12345,21,67,67,27514,275,280,10839,21,67,67,1,1,1,1,1,1,
bram,bbht_grover_upgrade,EQ,12345,0,16,65,0xc600a248,0x0a1e0844,ckpt,HIT,10839,12345,21,67,27,14679,146,152,10839,21,67,27,1,1,1,1,1,1,
bram,bbht_grover_upgrade,EQ,12345,0,16,66,0x1ea4f830,0x2ef0f28e,normal,HIT,491,12345,15,45,45,18968,189,195,491,15,45,45,1,1,1,1,1,1,
bram,bbht_grover_upgrade,EQ,12345,0,16,66,0x1ea4f830,0x2ef0f28e,ckpt,HIT,491,12345,15,45,12,8834,88,94,491,15,45,12,1,1,1,1,1,1,
bram,bbht_grover_upgrade,EQ,12345,0,16,67,0x639604f3,0x7fe04f83,normal,HIT,8685,12345,16,30,30,15363,153,159,8685,16,30,30,1,1,1,1,1,1,
bram,bbht_grover_upgrade,EQ,12345,0,16,67,0x639604f3,0x7fe04f83,ckpt,HIT,8685,12345,16,30,9,8258,82,88,8685,16,30,9,1,1,1,1,1,1,
bram,bbht_grover_upgrade,EQ,12345,0,16,68,0x6e084a84,0xb643b17e,normal,HIT,3947,12345,21,81,81,31312,313,318,3947,21,81,81,1,1,1,1,1,1,
bram,bbht_grover_upgrade,EQ,12345,0,16,68,0x6e084a84,0xb643b17e,ckpt,HIT,3947,12345,21,81,31,15796,157,163,3947,21,81,31,1,1,1,1,1,1,
bram,bbht_grover_upgrade,EQ,12345,0,16,69,0x3d7fc476,0x467d7a44,normal,HIT,5281,12345,17,36,36,17504,175,181,5281,17,36,36,1,1,1,1,1,1,
bram,bbht_grover_upgrade,EQ,12345,0,16,69,0x3d7fc476,0x467d7a44,ckpt,HIT,5281,12345,17,36,12,9382,93,98,5281,17,36,12,1,1,1,1,1,1,
bram,bbht_grover_upgrade,EQ,12345,0,16,70,0xedca3875,0xefade11e,normal,HIT,2852,12345,4,3,3,2669,26,33,2852,4,3,3,1,1,1,1,1,1,
bram,bbht_grover_upgrade,EQ,12345,0,16,70,0xedca3875,0xefade11e,ckpt,HIT,2852,12345,4,3,1,1861,18,25,2852,4,3,1,1,1,1,1,1,1,
bram,bbht_grover_upgrade,EQ,12345,0,16,71,0xb883121d,0x095c678c,normal,HIT,2852,12345,16,27,27,14628,146,151,2852,16,27,27,1,1,1,1,1,1,
bram,bbht_grover_upgrade,EQ,12345,0,16,71,0xb883121d,0x095c678c,ckpt,HIT,2852,12345,16,27,12,9003,90,96,2852,16,27,12,1,1,1,1,1,1,
bram,bbht_grover_upgrade,EQ,12345,0,16,72,0xace22797,0xbc422a9a,normal,HIT,491,12345,12,15,15,9554,95,100,491,12,15,15,1,1,1,1,1,1,
bram,bbht_grover_upgrade,EQ,12345,0,16,72,0xace22797,0xbc422a9a,ckpt,HIT,491,12345,12,15,4,5373,53,59,491,12,15,4,1,1,1,1,1,1,
bram,bbht_grover_upgrade,EQ,12345,0,16,73,0xefd3172d,0x8c2c3233,normal,HIT,1721,12345,17,35,35,17192,171,178,1721,17,35,35,1,1,1,1,1,1,
bram,bbht_grover_upgrade,EQ,12345,0,16,73,0xefd3172d,0x8c2c3233,ckpt,HIT,1721,12345,17,35,10,8708,87,92,1721,17,35,10,1,1,1,1,1,1,
bram,bbht_grover_upgrade,EQ,12345,0,16,74,0xe6aacdb5,0x7f1c158a,normal,HIT,10593,12345,10,15,15,8577,85,90,10593,10,15,15,1,1,1,1,1,1,
bram,bbht_grover_upgrade,EQ,12345,0,16,74,0xe6aacdb5,0x7f1c158a,ckpt,HIT,10593,12345,10,15,5,4911,49,54,10593,10,15,5,1,1,1,1,1,1,
bram,bbht_grover_upgrade,EQ,12345,0,16,75,0x6566c598,0xca804b00,normal,HIT,15288,12345,14,31,31,14766,147,152,15288,14,31,31,1,1,1,1,1,1,
bram,bbht_grover_upgrade,EQ,12345,0,16,75,0x6566c598,0xca804b00,ckpt,HIT,15288,12345,14,31,6,8862,88,94,15288,14,31,6,1,1,1,1,1,1,
bram,bbht_grover_upgrade,EQ,12345,0,16,76,0x4e646d9d,0xcbae5ac0,normal,HIT,2852,12345,10,13,13,8083,80,86,2852,10,13,13,1,1,1,1,1,1,
bram,bbht_grover_upgrade,EQ,12345,0,16,76,0x4e646d9d,0xcbae5ac0,ckpt,HIT,2852,12345,10,13,4,4680,46,51,2852,10,13,4,1,1,1,1,1,1,
bram,bbht_grover_upgrade,EQ,12345,0,16,77,0x05d81d6f,0x260c4013,normal,HIT,8685,12345,15,31,31,15101,151,155,8685,15,31,31,1,1,1,1,1,1,
bram,bbht_grover_upgrade,EQ,12345,0,16,77,0x05d81d6f,0x260c4013,ckpt,HIT,8685,12345,15,31,9,7637,76,81,8685,15,31,9,1,1,1,1,1,1,
bram,bbht_grover_upgrade,EQ,12345,0,16,78,0x2018f6a3,0x5728c7f4,normal,HIT,15288,12345,17,41,41,18901,189,193,15288,17,41,41,1,1,1,1,1,1,
bram,bbht_grover_upgrade,EQ,12345,0,16,78,0x2018f6a3,0x5728c7f4,ckpt,HIT,15288,12345,17,41,9,8601,86,91,15288,17,41,9,1,1,1,1,1,1,
bram,bbht_grover_upgrade,EQ,12345,0,16,79,0x718ebf0c,0x4d7d460c,normal,HIT,491,12345,16,43,43,18816,188,194,491,16,43,43,1,1,1,1,1,1,
bram,bbht_grover_upgrade,EQ,12345,0,16,79,0x718ebf0c,0x4d7d460c,ckpt,HIT,491,12345,16,43,16,9931,99,105,491,16,43,16,1,1,1,1,1,1,
bram,bbht_grover_upgrade,EQ,12345,0,16,80,0x042a8f17,0x2093b3f4,normal,HIT,491,12345,12,16,16,9863,98,104,491,12,16,16,1,1,1,1,1,1,
bram,bbht_grover_upgrade,EQ,12345,0,16,80,0x042a8f17,0x2093b3f4,ckpt,HIT,491,12345,12,16,5,5684,56,63,491,12,16,5,1,1,1,1,1,1,
bram,bbht_grover_upgrade,EQ,12345,0,16,81,0xfc1c775d,0x35bd20f1,normal,HIT,8685,12345,9,12,12,7409,74,80,8685,9,12,12,1,1,1,1,1,1,
bram,bbht_grover_upgrade,EQ,12345,0,16,81,0xfc1c775d,0x35bd20f1,ckpt,HIT,8685,12345,9,12,3,4130,41,46,8685,9,12,3,1,1,1,1,1,1,
bram,bbht_grover_upgrade,EQ,12345,0,16,82,0x16b93b63,0x7d609ba5,normal,HIT,8685,12345,12,18,18,10384,103,108,8685,12,18,18,1,1,1,1,1,1,
bram,bbht_grover_upgrade,EQ,12345,0,16,82,0x16b93b63,0x7d609ba5,ckpt,HIT,8685,12345,12,18,5,5673,56,62,8685,12,18,5,1,1,1,1,1,1,
bram,bbht_grover_upgrade,EQ,12345,0,16,83,0x8ce1028e,0xb152e7ef,normal,HIT,2852,12345,10,12,12,7836,78,83,2852,10,12,12,1,1,1,1,1,1,
bram,bbht_grover_upgrade,EQ,12345,0,16,83,0x8ce1028e,0xb152e7ef,ckpt,HIT,2852,12345,10,12,5,4964,49,54,2852,10,12,5,1,1,1,1,1,1,
bram,bbht_grover_upgrade,EQ,12345,0,16,84,0x87bad980,0x7dbefa97,normal,HIT,7786,12345,18,66,66,25863,258,263,7786,18,66,66,1,1,1,1,1,1,
bram,bbht_grover_upgrade,EQ,12345,0,16,84,0x87bad980,0x7dbefa97,ckpt,HIT,7786,12345,18,66,23,12742,127,132,7786,18,66,23,1,1,1,1,1,1,
bram,bbht_grover_upgrade,EQ,12345,0,16,85,0xd63d86f3,0xf5399cca,normal,HIT,2852,12345,18,44,44,20063,200,206,2852,18,44,44,1,1,1,1,1,1,
bram,bbht_grover_upgrade,EQ,12345,0,16,85,0xd63d86f3,0xf5399cca,ckpt,HIT,2852,12345,18,44,17,11160,111,116,2852,18,44,17,1,1,1,1,1,1,
bram,bbht_grover_upgrade,EQ,12345,0,16,86,0xeeaba102,0x01560fc0,normal,HIT,7786,12345,15,36,36,16562,165,172,7786,15,36,36,1,1,1,1,1,1,
bram,bbht_grover_upgrade,EQ,12345,0,16,86,0xeeaba102,0x01560fc0,ckpt,HIT,7786,12345,15,36,9,8086,80,86,7786,15,36,9,1,1,1,1,1,1,
bram,bbht_grover_upgrade,EQ,12345,0,16,87,0xc1fee4bb,0xc7e12d58,normal,HIT,7786,12345,16,46,46,19666,196,202,7786,16,46,46,1,1,1,1,1,1,
bram,bbht_grover_upgrade,EQ,12345,0,16,87,0xc1fee4bb,0xc7e12d58,ckpt,HIT,7786,12345,16,46,13,9163,91,97,7786,16,46,13,1,1,1,1,1,1,
bram,bbht_grover_upgrade,EQ,12345,0,16,88,0x0707c9da,0xf644a3f9,normal,HIT,10593,12345,16,48,48,20144,201,206,10593,16,48,48,1,1,1,1,1,1,
bram,bbht_grover_upgrade,EQ,12345,0,16,88,0x0707c9da,0xf644a3f9,ckpt,HIT,10593,12345,16,48,16,9990,99,105,10593,16,48,16,1,1,1,1,1,1,
bram,bbht_grover_upgrade,EQ,12345,0,16,89,0xde0d9c30,0x58a2ee8f,normal,HIT,5281,12345,14,27,27,13709,137,142,5281,14,27,27,1,1,1,1,1,1,
bram,bbht_grover_upgrade,EQ,12345,0,16,89,0xde0d9c30,0x58a2ee8f,ckpt,HIT,5281,12345,14,27,8,7169,71,76,5281,14,27,8,1,1,1,1,1,1,
bram,bbht_grover_upgrade,EQ,12345,0,16,90,0x7cd0efc7,0x9f385cfb,normal,HIT,5281,12345,18,54,54,22785,227,233,5281,18,54,54,1,1,1,1,1,1,
bram,bbht_grover_upgrade,EQ,12345,0,16,90,0x7cd0efc7,0x9f385cfb,ckpt,HIT,5281,12345,18,54,24,12935,129,135,5281,18,54,24,1,1,1,1,1,1,
bram,bbht_grover_upgrade,EQ,12345,0,16,91,0xe4cb50a6,0x94d13729,normal,HIT,10931,12345,17,53,53,22029,220,225,10931,17,53,53,1,1,1,1,1,1,
bram,bbht_grover_upgrade,EQ,12345,0,16,91,0xe4cb50a6,0x94d13729,ckpt,HIT,10931,12345,17,53,18,10987,109,115,10931,17,53,18,1,1,1,1,1,1,
bram,bbht_grover_upgrade,EQ,12345,0,16,92,0xa0882219,0x18f75d24,normal,HIT,507,12345,20,86,86,32102,321,326,507,20,86,86,1,1,1,1,1,1,
bram,bbht_grover_upgrade,EQ,12345,0,16,92,0xa0882219,0x18f75d24,ckpt,HIT,507,12345,20,86,25,17047,170,176,507,20,86,25,1,1,1,1,1,1,
bram,bbht_grover_upgrade,EQ,12345,0,16,93,0xc435e6f2,0xf75a52bc,normal,HIT,5281,12345,15,45,45,19020,190,195,5281,15,45,45,1,1,1,1,1,1,
bram,bbht_grover_upgrade,EQ,12345,0,16,93,0xc435e6f2,0xf75a52bc,ckpt,HIT,5281,12345,15,45,10,8240,82,87,5281,15,45,10,1,1,1,1,1,1,
bram,bbht_grover_upgrade,EQ,12345,0,16,94,0x011b63f0,0x0aa34346,normal,HIT,1721,12345,17,40,40,18502,185,190,1721,17,40,40,1,1,1,1,1,1,
bram,bbht_grover_upgrade,EQ,12345,0,16,94,0x011b63f0,0x0aa34346,ckpt,HIT,1721,12345,17,40,14,9805,98,103,1721,17,40,14,1,1,1,1,1,1,
bram,bbht_grover_upgrade,EQ,12345,0,16,95,0x1b456e77,0xee460f94,normal,HIT,4724,12345,10,12,12,7932,79,84,4724,10,12,12,1,1,1,1,1,1,
bram,bbht_grover_upgrade,EQ,12345,0,16,95,0x1b456e77,0xee460f94,ckpt,HIT,4724,12345,10,12,5,5061,50,56,4724,10,12,5,1,1,1,1,1,1,
bram,bbht_grover_upgrade,EQ,12345,0,16,96,0x10088608,0xef418331,normal,HIT,4724,12345,17,42,42,19024,190,195,4724,17,42,42,1,1,1,1,1,1,
bram,bbht_grover_upgrade,EQ,12345,0,16,96,0x10088608,0xef418331,ckpt,HIT,4724,12345,17,42,11,9050,90,96,4724,17,42,11,1,1,1,1,1,1,
bram,bbht_grover_upgrade,EQ,12345,0,16,97,0x6fcfc352,0xf8fa9f4c,normal,HIT,1801,12345,16,33,33,16194,161,167,1801,16,33,33,1,1,1,1,1,1,
bram,bbht_grover_upgrade,EQ,12345,0,16,97,0x6fcfc352,0xf8fa9f4c,ckpt,HIT,1801,12345,16,33,16,10363,103,108,1801,16,33,16,1,1,1,1,1,1,
bram,bbht_grover_upgrade,EQ,12345,0,16,98,0xfb6077af,0x713595a9,normal,HIT,1801,12345,13,20,20,11362,113,119,1801,13,20,20,1,1,1,1,1,1,
bram,bbht_grover_upgrade,EQ,12345,0,16,98,0xfb6077af,0x713595a9,ckpt,HIT,1801,12345,13,20,7,6530,65,70,1801,13,20,7,1,1,1,1,1,1,
bram,bbht_grover_upgrade,EQ,12345,0,16,99,0xc6ebb72e,0x08fdf109,normal,HIT,15288,12345,21,101,101,36622,366,372,15288,21,101,101,1,1,1,1,1,1,
bram,bbht_grover_upgrade,EQ,12345,0,16,99,0xc6ebb72e,0x08fdf109,ckpt,HIT,15288,12345,21,101,31,15934,159,165,15288,21,101,31,1,1,1,1,1,1,
bram,bbht_grover_upgrade,EQ,12345,0,64,0,0x7b1dcdaf,0x24370df2,normal,HIT,2852,12345,6,4,4,3870,38,43,2852,6,4,4,1,1,1,1,1,1,
bram,bbht_grover_upgrade,EQ,12345,0,64,0,0x7b1dcdaf,0x24370df2,ckpt,HIT,2852,12345,6,4,2,2815,28,33,2852,6,4,2,1,1,1,1,1,1,
bram,bbht_grover_upgrade,EQ,12345,0,64,1,0x3a85a4dc,0xa3b9aa35,normal,HIT,8685,12345,13,14,14,9842,98,104,8685,13,14,14,1,1,1,1,1,1,
bram,bbht_grover_upgrade,EQ,12345,0,64,1,0x3a85a4dc,0xa3b9aa35,ckpt,HIT,8685,12345,13,14,5,6068,60,66,8685,13,14,5,1,1,1,1,1,1,
bram,bbht_grover_upgrade,EQ,12345,0,64,2,0x6162a8b2,0x871c276f,normal,HIT,8089,12345,7,3,3,4058,40,45,8089,7,3,3,1,1,1,1,1,1,
bram,bbht_grover_upgrade,EQ,12345,0,64,2,0x6162a8b2,0x871c276f,ckpt,HIT,8089,12345,7,3,2,3146,31,37,8089,7,3,2,1,1,1,1,1,1,
bram,bbht_grover_upgrade,EQ,12345,0,64,3,0xc3adc34e,0xf5b8f22b,normal,HIT,4876,12345,13,19,19,11129,111,116,4876,13,19,19,1,1,1,1,1,1,
bram,bbht_grover_upgrade,EQ,12345,0,64,3,0xc3adc34e,0xf5b8f22b,ckpt,HIT,4876,12345,13,19,5,6031,60,66,4876,13,19,5,1,1,1,1,1,1,
bram,bbht_grover_upgrade,EQ,12345,0,64,4,0x2bb073ff,0x3f8396e3,normal,HIT,4720,12345,8,4,4,4828,48,53,4720,8,4,4,1,1,1,1,1,1,
bram,bbht_grover_upgrade,EQ,12345,0,64,4,0x2bb073ff,0x3f8396e3,ckpt,HIT,4720,12345,8,4,2,3524,35,40,4720,8,4,2,1,1,1,1,1,1,
bram,bbht_grover_upgrade,EQ,12345,0,64,5,0xda585ab3,0xa7197ad7,normal,HIT,4876,12345,18,40,40,19054,190,195,4876,18,40,40,1,1,1,1,1,1,
bram,bbht_grover_upgrade,EQ,12345,0,64,5,0xda585ab3,0xa7197ad7,ckpt,HIT,4876,12345,18,40,12,9636,96,102,4876,18,40,12,1,1,1,1,1,1,
bram,bbht_grover_upgrade,EQ,12345,0,64,6,0x0ed109c0,0x5701ce52,normal,HIT,7786,12345,12,24,24,11923,119,124,7786,12,24,24,1,1,1,1,1,1,
bram,bbht_grover_upgrade,EQ,12345,0,64,6,0x0ed109c0,0x5701ce52,ckpt,HIT,7786,12345,12,24,6,5894,58,64,7786,12,24,6,1,1,1,1,1,1,
bram,bbht_grover_upgrade,EQ,12345,0,64,7,0x102ecf73,0x53c7612b,normal,HIT,1801,12345,12,25,25,12117,121,126,1801,12,25,25,1,1,1,1,1,1,
bram,bbht_grover_upgrade,EQ,12345,0,64,7,0x102ecf73,0x53c7612b,ckpt,HIT,1801,12345,12,25,7,6191,61,67,1801,12,25,7,1,1,1,1,1,1,
bram,bbht_grover_upgrade,EQ,12345,0,64,8,0xcf29b6a1,0x35231a84,normal,HIT,3304,12345,11,13,13,8622,86,90,3304,11,13,13,1,1,1,1,1,1,
bram,bbht_grover_upgrade,EQ,12345,0,64,8,0xcf29b6a1,0x35231a84,ckpt,HIT,3304,12345,11,13,5,5360,53,59,3304,11,13,5,1,1,1,1,1,1,
bram,bbht_grover_upgrade,EQ,12345,0,64,9,0xc49cbb42,0xd0a3bbb8,normal,HIT,12001,12345,1,0,0,465,4,10,12001,1,0,0,1,1,1,1,1,1,
bram,bbht_grover_upgrade,EQ,12345,0,64,9,0xc49cbb42,0xd0a3bbb8,ckpt,HIT,12001,12345,1,0,0,555,5,10,12001,1,0,0,1,1,1,1,1,1,
bram,bbht_grover_upgrade,EQ,12345,0,64,10,0x4cc51d23,0xee0e3ab4,normal,HIT,8685,12345,5,4,4,3389,33,39,8685,5,4,4,1,1,1,1,1,1,
bram,bbht_grover_upgrade,EQ,12345,0,64,10,0x4cc51d23,0xee0e3ab4,ckpt,HIT,8685,12345,5,4,2,2459,24,29,8685,5,4,2,1,1,1,1,1,1,
bram,bbht_grover_upgrade,EQ,12345,0,64,11,0xf9e8aa7a,0x3208c31a,normal,HIT,682,12345,12,19,19,10528,105,110,682,12,19,19,1,1,1,1,1,1,
bram,bbht_grover_upgrade,EQ,12345,0,64,11,0xf9e8aa7a,0x3208c31a,ckpt,HIT,682,12345,12,19,7,9005,90,95,682,12,19,7,1,1,1,1,1,1,
bram,bbht_grover_upgrade,EQ,12345,0,64,12,0xdda8b051,0xc8105c9d,normal,HIT,26,12345,14,20,20,11868,118,124,26,14,20,20,1,1,1,1,1,1,
bram,bbht_grover_upgrade,EQ,12345,0,64,12,0xdda8b051,0xc8105c9d,ckpt,HIT,26,12345,14,20,10,7901,79,85,26,14,20,10,1,1,1,1,1,1,
bram,bbht_grover_upgrade,EQ,12345,0,64,13,0xabfb11bf,0xf5dec75e,normal,HIT,9302,12345,11,17,17,9682,96,102,9302,11,17,17,1,1,1,1,1,1,
bram,bbht_grover_upgrade,EQ,12345,0,64,13,0xabfb11bf,0xf5dec75e,ckpt,HIT,9302,12345,11,17,4,5094,50,56,9302,11,17,4,1,1,1,1,1,1,
bram,bbht_grover_upgrade,EQ,12345,0,64,14,0x20639811,0x6b6a7c47,normal,HIT,14567,12345,12,19,19,10578,105,112,14567,12,19,19,1,1,1,1,1,1,
bram,bbht_grover_upgrade,EQ,12345,0,64,14,0x20639811,0x6b6a7c47,ckpt,HIT,14567,12345,12,19,6,5869,58,64,14567,12,19,6,1,1,1,1,1,1,
bram,bbht_grover_upgrade,EQ,12345,0,64,15,0xac72acd2,0xca84bc6c,normal,HIT,7400,12345,10,7,7,6504,65,70,7400,10,7,7,1,1,1,1,1,1,
bram,bbht_grover_upgrade,EQ,12345,0,64,15,0xac72acd2,0xca84bc6c,ckpt,HIT,7400,12345,10,7,4,4689,46,52,7400,10,7,4,1,1,1,1,1,1,
bram,bbht_grover_upgrade,EQ,12345,0,64,16,0x49a2da79,0xe1376725,normal,HIT,10839,12345,13,30,30,13929,139,145,10839,13,30,30,1,1,1,1,1,1,
bram,bbht_grover_upgrade,EQ,12345,0,64,16,0x49a2da79,0xe1376725,ckpt,HIT,10839,12345,13,30,8,6785,67,74,10839,13,30,8,1,1,1,1,1,1,
bram,bbht_grover_upgrade,EQ,12345,0,64,17,0x63a4e9d7,0x6166dba4,normal,HIT,6247,12345,7,6,6,4876,48,55,6247,7,6,6,1,1,1,1,1,1,
bram,bbht_grover_upgrade,EQ,12345,0,64,17,0x63a4e9d7,0x6166dba4,ckpt,HIT,6247,12345,7,6,2,3171,31,37,6247,7,6,2,1,1,1,1,1,1,
bram,bbht_grover_upgrade,EQ,12345,0,64,18,0x8983f102,0x43fb6183,normal,HIT,14542,12345,9,8,8,6303,63,68,14542,9,8,8,1,1,1,1,1,1,
bram,bbht_grover_upgrade,EQ,12345,0,64,18,0x8983f102,0x43fb6183,ckpt,HIT,14542,12345,9,8,4,4347,43,48,14542,9,8,4,1,1,1,1,1,1,
bram,bbht_grover_upgrade,EQ,12345,0,64,19,0xb671aa78,0xc97ad8a2,normal,HIT,4724,12345,11,16,16,9373,93,98,4724,11,16,16,1,1,1,1,1,1,
bram,bbht_grover_upgrade,EQ,12345,0,64,19,0xb671aa78,0xc97ad8a2,ckpt,HIT,4724,12345,11,16,6,5583,55,60,4724,11,16,6,1,1,1,1,1,1,
bram,bbht_grover_upgrade,EQ,12345,0,64,20,0xdaeb566a,0x989e5b3d,normal,HIT,14542,12345,13,20,20,11341,113,119,14542,13,20,20,1,1,1,1,1,1,
bram,bbht_grover_upgrade,EQ,12345,0,64,20,0xdaeb566a,0x989e5b3d,ckpt,HIT,14542,12345,13,20,5,5979,59,66,14542,13,20,5,1,1,1,1,1,1,
bram,bbht_grover_upgrade,EQ,12345,0,64,21,0xf6181c00,0xa345ac4b,normal,HIT,11647,12345,13,18,18,10878,108,114,11647,13,18,18,1,1,1,1,1,1,
bram,bbht_grover_upgrade,EQ,12345,0,64,21,0xf6181c00,0xa345ac4b,ckpt,HIT,11647,12345,13,18,6,6314,63,68,11647,13,18,6,1,1,1,1,1,1,
bram,bbht_grover_upgrade,EQ,12345,0,64,22,0x4e18d852,0xa08980df,normal,HIT,4724,12345,8,6,6,5388,53,59,4724,8,6,6,1,1,1,1,1,1,
bram,bbht_grover_upgrade,EQ,12345,0,64,22,0x4e18d852,0xa08980df,ckpt,HIT,4724,12345,8,6,3,3824,38,43,4724,8,6,3,1,1,1,1,1,1,
bram,bbht_grover_upgrade,EQ,12345,0,64,23,0xa035ceba,0x611de4c4,normal,HIT,16090,12345,10,13,13,8200,82,88,16090,10,13,13,1,1,1,1,1,1,
bram,bbht_grover_upgrade,EQ,12345,0,64,23,0xa035ceba,0x611de4c4,ckpt,HIT,16090,12345,10,13,5,5064,50,56,16090,10,13,5,1,1,1,1,1,1,
bram,bbht_grover_upgrade,EQ,12345,0,64,24,0xc2416ee4,0x7323f479,normal,HIT,2888,12345,3,2,2,1924,19,25,2888,3,2,2,1,1,1,1,1,1,
bram,bbht_grover_upgrade,EQ,12345,0,64,24,0xc2416ee4,0x7323f479,ckpt,HIT,2888,12345,3,2,1,1504,15,20,2888,3,2,1,1,1,1,1,1,1,
bram,bbht_grover_upgrade,EQ,12345,0,64,25,0xfbdafbdd,0xa0c0cf2f,normal,HIT,3073,12345,6,3,3,3543,35,41,3073,6,3,3,1,1,1,1,1,1,
bram,bbht_grover_upgrade,EQ,12345,0,64,25,0xfbdafbdd,0xa0c0cf2f,ckpt,HIT,3073,12345,6,3,2,2754,27,33,3073,6,3,2,1,1,1,1,1,1,
bram,bbht_grover_upgrade,EQ,12345,0,64,26,0xa43fbf47,0x8de97b10,normal,HIT,8225,12345,12,13,13,8984,89,95,8225,12,13,13,1,1,1,1,1,1,
bram,bbht_grover_upgrade,EQ,12345,0,64,26,0xa43fbf47,0x8de97b10,ckpt,HIT,8225,12345,12,13,6,5865,58,64,8225,12,13,6,1,1,1,1,1,1,
bram,bbht_grover_upgrade,EQ,12345,0,64,27,0x6811f7c1,0xcb07044a,normal,HIT,173,12345,10,11,11,7570,75,82,173,10,11,11,1,1,1,1,1,1,
bram,bbht_grover_upgrade,EQ,12345,0,64,27,0x6811f7c1,0xcb07044a,ckpt,HIT,173,12345,10,11,2,4164,41,46,173,10,11,2,1,1,1,1,1,1,
bram,bbht_grover_upgrade,EQ,12345,0,64,28,0x610dde2c,0x8cf5deb9,normal,HIT,10593,12345,10,14,14,8359,83,90,10593,10,14,14,1,1,1,1,1,1,
bram,bbht_grover_upgrade,EQ,12345,0,64,28,0x610dde2c,0x8cf5deb9,ckpt,HIT,10593,12345,10,14,5,4980,49,55,10593,10,14,5,1,1,1,1,1,1,
bram,bbht_grover_upgrade,EQ,12345,0,64,29,0x82241b87,0xbbe27f39,normal,HIT,14542,12345,7,6,6,4813,48,53,14542,7,6,6,1,1,1,1,1,1,
bram,bbht_grover_upgrade,EQ,12345,0,64,29,0x82241b87,0xbbe27f39,ckpt,HIT,14542,12345,7,6,2,3103,31,35,14542,7,6,2,1,1,1,1,1,1,
bram,bbht_grover_upgrade,EQ,12345,0,64,30,0x48647490,0xea9551eb,normal,HIT,3903,12345,11,11,11,8053,80,86,3903,11,11,11,1,1,1,1,1,1,
bram,bbht_grover_upgrade,EQ,12345,0,64,30,0x48647490,0xea9551eb,ckpt,HIT,3903,12345,11,11,3,4789,47,53,3903,11,11,3,1,1,1,1,1,1,
bram,bbht_grover_upgrade,EQ,12345,0,64,31,0x63df3b7f,0xa8b057e1,normal,HIT,160,12345,11,19,19,10157,101,106,160,11,19,19,1,1,1,1,1,1,
bram,bbht_grover_upgrade,EQ,12345,0,64,31,0x63df3b7f,0xa8b057e1,ckpt,HIT,160,12345,11,19,5,5305,53,57,160,11,19,5,1,1,1,1,1,1,
bram,bbht_grover_upgrade,EQ,12345,0,64,32,0x433125bb,0x3221fef0,normal,HIT,4720,12345,2,1,1,1208,12,16,4720,2,1,1,1,1,1,1,1,1,
bram,bbht_grover_upgrade,EQ,12345,0,64,32,0x433125bb,0x3221fef0,ckpt,HIT,4720,12345,2,1,1,1178,11,16,4720,2,1,1,1,1,1,1,1,1,
bram,bbht_grover_upgrade,EQ,12345,0,64,33,0x7943be40,0x6641ee79,normal,HIT,160,12345,4,1,1,2088,20,26,160,4,1,1,1,1,1,1,1,1,
bram,bbht_grover_upgrade,EQ,12345,0,64,33,0x7943be40,0x6641ee79,ckpt,HIT,160,12345,4,1,1,1808,18,23,160,4,1,1,1,1,1,1,1,1,
bram,bbht_grover_upgrade,EQ,12345,0,64,34,0x26c93252,0x675d2908,normal,HIT,6247,12345,10,13,13,8087,80,86,6247,10,13,13,1,1,1,1,1,1,
bram,bbht_grover_upgrade,EQ,12345,0,64,34,0x26c93252,0x675d2908,ckpt,HIT,6247,12345,10,13,4,4687,46,51,6247,10,13,4,1,1,1,1,1,1,
bram,bbht_grover_upgrade,EQ,12345,0,64,35,0xdbe3ed49,0xa7cfea56,normal,HIT,7400,12345,13,18,18,10793,107,113,7400,13,18,18,1,1,1,1,1,1,
bram,bbht_grover_upgrade,EQ,12345,0,64,35,0xdbe3ed49,0xa7cfea56,ckpt,HIT,7400,12345,13,18,8,9788,97,103,7400,13,18,8,1,1,1,1,1,1,
bram,bbht_grover_upgrade,EQ,12345,0,64,36,0xc2ec9bb4,0xbfc0ae9e,normal,HIT,5531,12345,14,23,23,12694,126,132,5531,14,23,23,1,1,1,1,1,1,
bram,bbht_grover_upgrade,EQ,12345,0,64,36,0xc2ec9bb4,0xbfc0ae9e,ckpt,HIT,5531,12345,14,23,9,7474,74,80,5531,14,23,9,1,1,1,1,1,1,
bram,bbht_grover_upgrade,EQ,12345,0,64,37,0xe7ec8559,0x307064ac,normal,HIT,8225,12345,16,28,28,14868,148,154,8225,16,28,28,1,1,1,1,1,1,
bram,bbht_grover_upgrade,EQ,12345,0,64,37,0xe7ec8559,0x307064ac,ckpt,HIT,8225,12345,16,28,9,8439,84,89,8225,16,28,9,1,1,1,1,1,1,
bram,bbht_grover_upgrade,EQ,12345,0,64,38,0xccb88b54,0x2cf00158,normal,HIT,10931,12345,10,17,17,9277,92,97,10931,10,17,17,1,1,1,1,1,1,
bram,bbht_grover_upgrade,EQ,12345,0,64,38,0xccb88b54,0x2cf00158,ckpt,HIT,10931,12345,10,17,5,5081,50,56,10931,10,17,5,1,1,1,1,1,1,
bram,bbht_grover_upgrade,EQ,12345,0,64,39,0xb512e6a4,0x2b9e708c,normal,HIT,2888,12345,11,13,13,8672,86,92,2888,11,13,13,1,1,1,1,1,1,
bram,bbht_grover_upgrade,EQ,12345,0,64,39,0xb512e6a4,0x2b9e708c,ckpt,HIT,2888,12345,11,13,3,4878,48,55,2888,11,13,3,1,1,1,1,1,1,
bram,bbht_grover_upgrade,EQ,12345,0,64,40,0x7e2c3d82,0xa69fb195,normal,HIT,11272,12345,10,9,9,7026,70,75,11272,10,9,9,1,1,1,1,1,1,
bram,bbht_grover_upgrade,EQ,12345,0,64,40,0x7e2c3d82,0xa69fb195,ckpt,HIT,11272,12345,10,9,4,4681,46,51,11272,10,9,4,1,1,1,1,1,1,
bram,bbht_grover_upgrade,EQ,12345,0,64,41,0x58b3e5ad,0x23a21253,normal,HIT,4512,12345,6,5,5,4090,40,46,4512,6,5,5,1,1,1,1,1,1,
bram,bbht_grover_upgrade,EQ,12345,0,64,41,0x58b3e5ad,0x23a21253,ckpt,HIT,4512,12345,6,5,2,2769,27,32,4512,6,5,2,1,1,1,1,1,1,
bram,bbht_grover_upgrade,EQ,12345,0,64,42,0x9a07c40b,0x3ea78d8c,normal,HIT,507,12345,10,8,8,6749,67,71,507,10,8,8,1,1,1,1,1,1,
bram,bbht_grover_upgrade,EQ,12345,0,64,42,0x9a07c40b,0x3ea78d8c,ckpt,HIT,507,12345,10,8,5,4935,49,54,507,10,8,5,1,1,1,1,1,1,
bram,bbht_grover_upgrade,EQ,12345,0,64,43,0xf1f9a54b,0x7b00db61,normal,HIT,11272,12345,10,12,12,7833,78,83,11272,10,12,12,1,1,1,1,1,1,
bram,bbht_grover_upgrade,EQ,12345,0,64,43,0xf1f9a54b,0x7b00db61,ckpt,HIT,11272,12345,10,12,5,4963,49,55,11272,10,12,5,1,1,1,1,1,1,
bram,bbht_grover_upgrade,EQ,12345,0,64,44,0xfba6212d,0xb8b8356a,normal,HIT,7400,12345,11,8,8,7234,72,79,7400,11,8,8,1,1,1,1,1,1,
bram,bbht_grover_upgrade,EQ,12345,0,64,44,0xfba6212d,0xb8b8356a,ckpt,HIT,7400,12345,11,8,3,4766,47,52,7400,11,8,3,1,1,1,1,1,1,
bram,bbht_grover_upgrade,EQ,12345,0,64,45,0x1ca60615,0xd753b84a,normal,HIT,7786,12345,11,14,14,8770,87,92,7786,11,14,14,1,1,1,1,1,1,
bram,bbht_grover_upgrade,EQ,12345,0,64,45,0x1ca60615,0xd753b84a,ckpt,HIT,7786,12345,11,14,4,4979,49,55,7786,11,14,4,1,1,1,1,1,1,
bram,bbht_grover_upgrade,EQ,12345,0,64,46,0xa085c93e,0x19b8504d,normal,HIT,6247,12345,9,10,10,6829,68,73,6247,9,10,10,1,1,1,1,1,1,
bram,bbht_grover_upgrade,EQ,12345,0,64,46,0xa085c93e,0x19b8504d,ckpt,HIT,6247,12345,9,10,4,4343,43,48,6247,9,10,4,1,1,1,1,1,1,
bram,bbht_grover_upgrade,EQ,12345,0,64,47,0x18190603,0xad0438b2,normal,HIT,5200,12345,15,30,30,14938,149,154,5200,15,30,30,1,1,1,1,1,1,
bram,bbht_grover_upgrade,EQ,12345,0,64,47,0x18190603,0xad0438b2,ckpt,HIT,5200,12345,15,30,13,8806,88,92,5200,15,30,13,1,1,1,1,1,1,
bram,bbht_grover_upgrade,EQ,12345,0,64,48,0xc1143c78,0xbbdab3cd,normal,HIT,15288,12345,13,13,13,9585,95,100,15288,13,13,13,1,1,1,1,1,1,
bram,bbht_grover_upgrade,EQ,12345,0,64,48,0xc1143c78,0xbbdab3cd,ckpt,HIT,15288,12345,13,13,6,6342,63,69,15288,13,13,6,1,1,1,1,1,1,
bram,bbht_grover_upgrade,EQ,12345,0,64,49,0x332063fc,0x222ba57c,normal,HIT,10234,12345,11,11,11,8076,80,86,10234,11,11,11,1,1,1,1,1,1,
bram,bbht_grover_upgrade,EQ,12345,0,64,49,0x332063fc,0x222ba57c,ckpt,HIT,10234,12345,11,11,5,5342,53,59,10234,11,11,5,1,1,1,1,1,1,
bram,bbht_grover_upgrade,EQ,12345,0,64,50,0xd6f4066b,0xab9eb714,normal,HIT,1038,12345,16,32,32,15840,158,164,1038,16,32,32,1,1,1,1,1,1,
bram,bbht_grover_upgrade,EQ,12345,0,64,50,0xd6f4066b,0xab9eb714,ckpt,HIT,1038,12345,16,32,12,8807,88,94,1038,16,32,12,1,1,1,1,1,1,
bram,bbht_grover_upgrade,EQ,12345,0,64,51,0x64b9628c,0x9cd8b518,normal,HIT,14405,12345,8,10,10,6281,62,69,14405,8,10,10,1,1,1,1,1,1,
bram,bbht_grover_upgrade,EQ,12345,0,64,51,0x64b9628c,0x9cd8b518,ckpt,HIT,14405,12345,8,10,3,3654,36,42,14405,8,10,3,1,1,1,1,1,1,
bram,bbht_grover_upgrade,EQ,12345,0,64,52,0x894e6771,0x8a255c2e,normal,HIT,16090,12345,16,43,43,18921,189,195,16090,16,43,43,1,1,1,1,1,1,
bram,bbht_grover_upgrade,EQ,12345,0,64,52,0x894e6771,0x8a255c2e,ckpt,HIT,16090,12345,16,43,15,9748,97,102,16090,16,43,15,1,1,1,1,1,1,
bram,bbht_grover_upgrade,EQ,12345,0,64,53,0xe3e668e8,0xff1f20c3,normal,HIT,15469,12345,13,21,21,11569,115,121,15469,13,21,21,1,1,1,1,1,1,
bram,bbht_grover_upgrade,EQ,12345,0,64,53,0xe3e668e8,0xff1f20c3,ckpt,HIT,15469,12345,13,21,7,6471,64,70,15469,13,21,7,1,1,1,1,1,1,
bram,bbht_grover_upgrade,EQ,12345,0,64,54,0x36980406,0xfbdbfa61,normal,HIT,14405,12345,9,13,13,7564,75,81,14405,9,13,13,1,1,1,1,1,1,
bram,bbht_grover_upgrade,EQ,12345,0,64,54,0x36980406,0xfbdbfa61,ckpt,HIT,14405,12345,9,13,4,4283,42,48,14405,9,13,4,1,1,1,1,1,1,
bram,bbht_grover_upgrade,EQ,12345,0,64,55,0x114d2b4a,0xa617ad4e,normal,HIT,11647,12345,2,1,1,1222,12,17,11647,2,1,1,1,1,1,1,1,1,
bram,bbht_grover_upgrade,EQ,12345,0,64,55,0x114d2b4a,0xa617ad4e,ckpt,HIT,11647,12345,2,1,1,1192,11,16,11647,2,1,1,1,1,1,1,1,1,
bram,bbht_grover_upgrade,EQ,12345,0,64,56,0x3b8907e1,0x0c6cbd10,normal,HIT,7786,12345,7,4,4,4265,42,48,7786,7,4,4,1,1,1,1,1,1,
bram,bbht_grover_upgrade,EQ,12345,0,64,56,0x3b8907e1,0x0c6cbd10,ckpt,HIT,7786,12345,7,4,2,5824,58,64,7786,7,4,2,1,1,1,1,1,1,
bram,bbht_grover_upgrade,EQ,12345,0,64,57,0x2cd09c1d,0x964fb1a7,normal,HIT,3876,12345,12,15,15,9598,95,102,3876,12,15,15,1,1,1,1,1,1,
bram,bbht_grover_upgrade,EQ,12345,0,64,57,0x2cd09c1d,0x964fb1a7,ckpt,HIT,3876,12345,12,15,5,5682,56,62,3876,12,15,5,1,1,1,1,1,1,
bram,bbht_grover_upgrade,EQ,12345,0,64,58,0x6d7a8604,0xbd6f99c6,normal,HIT,8225,12345,5,4,4,3379,33,38,8225,5,4,4,1,1,1,1,1,1,
bram,bbht_grover_upgrade,EQ,12345,0,64,58,0x6d7a8604,0xbd6f99c6,ckpt,HIT,8225,12345,5,4,2,2450,24,29,8225,5,4,2,1,1,1,1,1,1,
bram,bbht_grover_upgrade,EQ,12345,0,64,59,0x1fadaf42,0x60010aa3,normal,HIT,8225,12345,11,14,14,8925,89,94,8225,11,14,14,1,1,1,1,1,1,
bram,bbht_grover_upgrade,EQ,12345,0,64,59,0x1fadaf42,0x60010aa3,ckpt,HIT,8225,12345,11,14,4,5144,51,56,8225,11,14,4,1,1,1,1,1,1,
bram,bbht_grover_upgrade,EQ,12345,0,64,60,0x92fe7cfd,0xb54e2773,normal,HIT,3903,12345,2,1,1,1215,12,16,3903,2,1,1,1,1,1,1,1,1,
bram,bbht_grover_upgrade,EQ,12345,0,64,60,0x92fe7cfd,0xb54e2773,ckpt,HIT,3903,12345,2,1,1,1183,11,16,3903,2,1,1,1,1,1,1,1,1,
bram,bbht_grover_upgrade,EQ,12345,0,64,61,0x1aecb060,0x9c545eba,normal,HIT,13012,12345,10,13,13,8131,81,87,13012,10,13,13,1,1,1,1,1,1,
bram,bbht_grover_upgrade,EQ,12345,0,64,61,0x1aecb060,0x9c545eba,ckpt,HIT,13012,12345,10,13,3,4461,44,50,13012,10,13,3,1,1,1,1,1,1,
bram,bbht_grover_upgrade,EQ,12345,0,64,62,0x91778cc3,0xbd1d1bc0,normal,HIT,15288,12345,5,4,4,3432,34,39,15288,5,4,4,1,1,1,1,1,1,
bram,bbht_grover_upgrade,EQ,12345,0,64,62,0x91778cc3,0xbd1d1bc0,ckpt,HIT,15288,12345,5,4,2,2501,25,31,15288,5,4,2,1,1,1,1,1,1,
bram,bbht_grover_upgrade,EQ,12345,0,64,63,0xe6b7e7eb,0xd542988e,normal,HIT,14567,12345,10,11,11,7527,75,80,14567,10,11,11,1,1,1,1,1,1,
bram,bbht_grover_upgrade,EQ,12345,0,64,63,0xe6b7e7eb,0xd542988e,ckpt,HIT,14567,12345,10,11,5,4918,49,54,14567,10,11,5,1,1,1,1,1,1,
bram,bbht_grover_upgrade,EQ,12345,0,64,64,0x6770144c,0xd2d3c6e7,normal,HIT,1801,12345,10,10,10,7314,73,79,1801,10,10,10,1,1,1,1,1,1,
bram,bbht_grover_upgrade,EQ,12345,0,64,64,0x6770144c,0xd2d3c6e7,ckpt,HIT,1801,12345,10,10,4,4706,47,52,1801,10,10,4,1,1,1,1,1,1,
bram,bbht_grover_upgrade,EQ,12345,0,64,65,0xc600a248,0x0a1e0844,normal,HIT,26,12345,15,28,28,14348,143,149,26,15,28,28,1,1,1,1,1,1,
bram,bbht_grover_upgrade,EQ,12345,0,64,65,0xc600a248,0x0a1e0844,ckpt,HIT,26,12345,15,28,7,7151,71,77,26,15,28,7,1,1,1,1,1,1,
bram,bbht_grover_upgrade,EQ,12345,0,64,66,0x1ea4f830,0x2ef0f28e,normal,HIT,9302,12345,13,26,26,13011,130,135,9302,13,26,26,1,1,1,1,1,1,
bram,bbht_grover_upgrade,EQ,12345,0,64,66,0x1ea4f830,0x2ef0f28e,ckpt,HIT,9302,12345,13,26,8,6966,69,75,9302,13,26,8,1,1,1,1,1,1,
bram,bbht_grover_upgrade,EQ,12345,0,64,67,0x639604f3,0x7fe04f83,normal,HIT,682,12345,11,15,15,9033,90,96,682,11,15,15,1,1,1,1,1,1,
bram,bbht_grover_upgrade,EQ,12345,0,64,67,0x639604f3,0x7fe04f83,ckpt,HIT,682,12345,11,15,5,5243,52,57,682,11,15,5,1,1,1,1,1,1,
bram,bbht_grover_upgrade,EQ,12345,0,64,68,0x6e084a84,0xb643b17e,normal,HIT,1825,12345,12,24,24,11959,119,124,1825,12,24,24,1,1,1,1,1,1,
bram,bbht_grover_upgrade,EQ,12345,0,64,68,0x6e084a84,0xb643b17e,ckpt,HIT,1825,12345,12,24,6,5928,59,64,1825,12,24,6,1,1,1,1,1,1,
bram,bbht_grover_upgrade,EQ,12345,0,64,69,0x3d7fc476,0x467d7a44,normal,HIT,8225,12345,15,23,23,13048,130,135,8225,15,23,23,1,1,1,1,1,1,
bram,bbht_grover_upgrade,EQ,12345,0,64,69,0x3d7fc476,0x467d7a44,ckpt,HIT,8225,12345,15,23,5,6642,66,71,8225,15,23,5,1,1,1,1,1,1,
bram,bbht_grover_upgrade,EQ,12345,0,64,70,0xedca3875,0xefade11e,normal,HIT,5531,12345,15,40,40,17610,176,181,5531,15,40,40,1,1,1,1,1,1,
bram,bbht_grover_upgrade,EQ,12345,0,64,70,0xedca3875,0xefade11e,ckpt,HIT,5531,12345,15,40,12,8778,87,93,5531,15,40,12,1,1,1,1,1,1,
bram,bbht_grover_upgrade,EQ,12345,0,64,71,0xb883121d,0x095c678c,normal,HIT,2852,12345,16,27,27,14597,145,151,2852,16,27,27,1,1,1,1,1,1,
bram,bbht_grover_upgrade,EQ,12345,0,64,71,0xb883121d,0x095c678c,ckpt,HIT,2852,12345,16,27,12,8971,89,95,2852,16,27,12,1,1,1,1,1,1,
bram,bbht_grover_upgrade,EQ,12345,0,64,72,0xace22797,0xbc422a9a,normal,HIT,13048,12345,13,20,20,11316,113,117,13048,13,20,20,1,1,1,1,1,1,
bram,bbht_grover_upgrade,EQ,12345,0,64,72,0xace22797,0xbc422a9a,ckpt,HIT,13048,12345,13,20,5,6005,60,66,13048,13,20,5,1,1,1,1,1,1,
bram,bbht_grover_upgrade,EQ,12345,0,64,73,0xefd3172d,0x8c2c3233,normal,HIT,701,12345,17,35,35,17188,171,177,701,17,35,35,1,1,1,1,1,1,
bram,bbht_grover_upgrade,EQ,12345,0,64,73,0xefd3172d,0x8c2c3233,ckpt,HIT,701,12345,17,35,10,8704,87,92,701,17,35,10,1,1,1,1,1,1,
bram,bbht_grover_upgrade,EQ,12345,0,64,74,0xe6aacdb5,0x7f1c158a,normal,HIT,507,12345,16,48,48,20141,201,206,507,16,48,48,1,1,1,1,1,1,
bram,bbht_grover_upgrade,EQ,12345,0,64,74,0xe6aacdb5,0x7f1c158a,ckpt,HIT,507,12345,16,48,13,9112,91,96,507,16,48,13,1,1,1,1,1,1,
bram,bbht_grover_upgrade,EQ,12345,0,64,75,0x6566c598,0xca804b00,normal,HIT,10812,12345,7,5,5,4536,45,50,10812,7,5,5,1,1,1,1,1,1,
bram,bbht_grover_upgrade,EQ,12345,0,64,75,0x6566c598,0xca804b00,ckpt,HIT,10812,12345,7,5,1,2826,28,34,10812,7,5,1,1,1,1,1,1,1,
bram,bbht_grover_upgrade,EQ,12345,0,64,76,0x4e646d9d,0xcbae5ac0,normal,HIT,1801,12345,15,36,36,16501,165,170,1801,15,36,36,1,1,1,1,1,1,
bram,bbht_grover_upgrade,EQ,12345,0,64,76,0x4e646d9d,0xcbae5ac0,ckpt,HIT,1801,12345,15,36,12,8513,85,91,1801,15,36,12,1,1,1,1,1,1,
bram,bbht_grover_upgrade,EQ,12345,0,64,77,0x05d81d6f,0x260c4013,normal,HIT,701,12345,8,8,8,5803,58,63,701,8,8,8,1,1,1,1,1,1,
bram,bbht_grover_upgrade,EQ,12345,0,64,77,0x05d81d6f,0x260c4013,ckpt,HIT,701,12345,8,8,3,6987,69,75,701,8,8,3,1,1,1,1,1,1,
bram,bbht_grover_upgrade,EQ,12345,0,64,78,0x2018f6a3,0x5728c7f4,normal,HIT,5281,12345,6,5,5,4103,41,46,5281,6,5,5,1,1,1,1,1,1,
bram,bbht_grover_upgrade,EQ,12345,0,64,78,0x2018f6a3,0x5728c7f4,ckpt,HIT,5281,12345,6,5,2,2782,27,32,5281,6,5,2,1,1,1,1,1,1,
bram,bbht_grover_upgrade,EQ,12345,0,64,79,0x718ebf0c,0x4d7d460c,normal,HIT,8089,12345,16,43,43,18866,188,193,8089,16,43,43,1,1,1,1,1,1,
bram,bbht_grover_upgrade,EQ,12345,0,64,79,0x718ebf0c,0x4d7d460c,ckpt,HIT,8089,12345,16,43,16,10004,100,105,8089,16,43,16,1,1,1,1,1,1,
bram,bbht_grover_upgrade,EQ,12345,0,64,80,0x042a8f17,0x2093b3f4,normal,HIT,8799,12345,8,4,4,4814,48,52,8799,8,4,4,1,1,1,1,1,1,
bram,bbht_grover_upgrade,EQ,12345,0,64,80,0x042a8f17,0x2093b3f4,ckpt,HIT,8799,12345,8,4,2,3510,35,40,8799,8,4,2,1,1,1,1,1,1,
bram,bbht_grover_upgrade,EQ,12345,0,64,81,0xfc1c775d,0x35bd20f1,normal,HIT,7786,12345,7,6,6,4886,48,54,7786,7,6,6,1,1,1,1,1,1,
bram,bbht_grover_upgrade,EQ,12345,0,64,81,0xfc1c775d,0x35bd20f1,ckpt,HIT,7786,12345,7,6,2,3178,31,37,7786,7,6,2,1,1,1,1,1,1,
bram,bbht_grover_upgrade,EQ,12345,0,64,82,0x16b93b63,0x7d609ba5,normal,HIT,10234,12345,11,15,15,9144,91,98,10234,11,15,15,1,1,1,1,1,1,
bram,bbht_grover_upgrade,EQ,12345,0,64,82,0x16b93b63,0x7d609ba5,ckpt,HIT,10234,12345,11,15,5,5352,53,59,10234,11,15,5,1,1,1,1,1,1,
bram,bbht_grover_upgrade,EQ,12345,0,64,83,0x8ce1028e,0xb152e7ef,normal,HIT,5270,12345,14,23,23,12638,126,132,5270,14,23,23,1,1,1,1,1,1,
bram,bbht_grover_upgrade,EQ,12345,0,64,83,0x8ce1028e,0xb152e7ef,ckpt,HIT,5270,12345,14,23,9,7514,75,80,5270,14,23,9,1,1,1,1,1,1,
bram,bbht_grover_upgrade,EQ,12345,0,64,84,0x87bad980,0x7dbefa97,normal,HIT,14494,12345,3,1,1,1691,16,21,14494,3,1,1,1,1,1,1,1,1,
bram,bbht_grover_upgrade,EQ,12345,0,64,84,0x87bad980,0x7dbefa97,ckpt,HIT,14494,12345,3,1,1,1535,15,20,14494,3,1,1,1,1,1,1,1,1,
bram,bbht_grover_upgrade,EQ,12345,0,64,85,0xd63d86f3,0xf5399cca,normal,HIT,5200,12345,10,13,13,8109,81,86,5200,10,13,13,1,1,1,1,1,1,
bram,bbht_grover_upgrade,EQ,12345,0,64,85,0xd63d86f3,0xf5399cca,ckpt,HIT,5200,12345,10,13,3,4444,44,49,5200,10,13,3,1,1,1,1,1,1,
bram,bbht_grover_upgrade,EQ,12345,0,64,86,0xeeaba102,0x01560fc0,normal,HIT,586,12345,12,19,19,10696,106,111,586,12,19,19,1,1,1,1,1,1,
bram,bbht_grover_upgrade,EQ,12345,0,64,86,0xeeaba102,0x01560fc0,ckpt,HIT,586,12345,12,19,6,6181,61,67,586,12,19,6,1,1,1,1,1,1,
bram,bbht_grover_upgrade,EQ,12345,0,64,87,0xc1fee4bb,0xc7e12d58,normal,HIT,10593,12345,13,23,23,12176,121,127,10593,13,23,23,1,1,1,1,1,1,
bram,bbht_grover_upgrade,EQ,12345,0,64,87,0xc1fee4bb,0xc7e12d58,ckpt,HIT,10593,12345,13,23,8,6811,68,73,10593,13,23,8,1,1,1,1,1,1,
bram,bbht_grover_upgrade,EQ,12345,0,64,88,0x0707c9da,0xf644a3f9,normal,HIT,7786,12345,13,25,25,12683,126,132,7786,13,25,25,1,1,1,1,1,1,
bram,bbht_grover_upgrade,EQ,12345,0,64,88,0x0707c9da,0xf644a3f9,ckpt,HIT,7786,12345,13,25,6,6267,62,67,7786,13,25,6,1,1,1,1,1,1,
bram,bbht_grover_upgrade,EQ,12345,0,64,89,0xde0d9c30,0x58a2ee8f,normal,HIT,10931,12345,10,13,13,8203,82,88,10931,10,13,13,1,1,1,1,1,1,
bram,bbht_grover_upgrade,EQ,12345,0,64,89,0xde0d9c30,0x58a2ee8f,ckpt,HIT,10931,12345,10,13,5,5068,50,56,10931,10,13,5,1,1,1,1,1,1,
bram,bbht_grover_upgrade,EQ,12345,0,64,90,0x7cd0efc7,0x9f385cfb,normal,HIT,16090,12345,13,12,12,9332,93,98,16090,13,12,12,1,1,1,1,1,1,
bram,bbht_grover_upgrade,EQ,12345,0,64,90,0x7cd0efc7,0x9f385cfb,ckpt,HIT,16090,12345,13,12,6,6350,63,69,16090,13,12,6,1,1,1,1,1,1,
bram,bbht_grover_upgrade,EQ,12345,0,64,91,0xe4cb50a6,0x94d13729,normal,HIT,13048,12345,14,18,18,11361,113,119,13048,14,18,18,1,1,1,1,1,1,
bram,bbht_grover_upgrade,EQ,12345,0,64,91,0xe4cb50a6,0x94d13729,ckpt,HIT,13048,12345,14,18,8,7311,73,78,13048,14,18,8,1,1,1,1,1,1,
bram,bbht_grover_upgrade,EQ,12345,0,64,92,0xa0882219,0x18f75d24,normal,HIT,5341,12345,3,1,1,1667,16,21,5341,3,1,1,1,1,1,1,1,1,
bram,bbht_grover_upgrade,EQ,12345,0,64,92,0xa0882219,0x18f75d24,ckpt,HIT,5341,12345,3,1,1,1513,15,20,5341,3,1,1,1,1,1,1,1,1,
bram,bbht_grover_upgrade,EQ,12345,0,64,93,0xc435e6f2,0xf75a52bc,normal,HIT,13012,12345,10,14,14,8393,83,89,13012,10,14,14,1,1,1,1,1,1,
bram,bbht_grover_upgrade,EQ,12345,0,64,93,0xc435e6f2,0xf75a52bc,ckpt,HIT,13012,12345,10,14,3,4459,44,50,13012,10,14,3,1,1,1,1,1,1,
bram,bbht_grover_upgrade,EQ,12345,0,64,94,0x011b63f0,0x0aa34346,normal,HIT,507,12345,13,21,21,11620,116,121,507,13,21,21,1,1,1,1,1,1,
bram,bbht_grover_upgrade,EQ,12345,0,64,94,0x011b63f0,0x0aa34346,ckpt,HIT,507,12345,13,21,7,6591,65,70,507,13,21,7,1,1,1,1,1,1,
bram,bbht_grover_upgrade,EQ,12345,0,64,95,0x1b456e77,0xee460f94,normal,HIT,507,12345,20,75,75,29260,292,298,507,20,75,75,1,1,1,1,1,1,
bram,bbht_grover_upgrade,EQ,12345,0,64,95,0x1b456e77,0xee460f94,ckpt,HIT,507,12345,20,75,25,14294,142,147,507,20,75,25,1,1,1,1,1,1,
bram,bbht_grover_upgrade,EQ,12345,0,64,96,0x10088608,0xef418331,normal,HIT,13012,12345,14,21,21,12072,120,126,13012,14,21,21,1,1,1,1,1,1,
bram,bbht_grover_upgrade,EQ,12345,0,64,96,0x10088608,0xef418331,ckpt,HIT,13012,12345,14,21,6,6587,65,71,13012,14,21,6,1,1,1,1,1,1,
bram,bbht_grover_upgrade,EQ,12345,0,64,97,0x6fcfc352,0xf8fa9f4c,normal,HIT,1801,12345,16,33,33,16283,162,169,1801,16,33,33,1,1,1,1,1,1,
bram,bbht_grover_upgrade,EQ,12345,0,64,97,0x6fcfc352,0xf8fa9f4c,ckpt,HIT,1801,12345,16,33,16,10463,104,110,1801,16,33,16,1,1,1,1,1,1,
bram,bbht_grover_upgrade,EQ,12345,0,64,98,0xfb6077af,0x713595a9,normal,HIT,491,12345,10,7,7,6455,64,71,491,10,7,7,1,1,1,1,1,1,
bram,bbht_grover_upgrade,EQ,12345,0,64,98,0xfb6077af,0x713595a9,ckpt,HIT,491,12345,10,7,2,7388,73,80,491,10,7,2,1,1,1,1,1,1,
bram,bbht_grover_upgrade,EQ,12345,0,64,99,0xc6ebb72e,0x08fdf109,normal,HIT,5531,12345,6,4,4,3880,38,44,5531,6,4,4,1,1,1,1,1,1,
bram,bbht_grover_upgrade,EQ,12345,0,64,99,0xc6ebb72e,0x08fdf109,ckpt,HIT,5531,12345,6,4,2,2830,28,34,5531,6,4,2,1,1,1,1,1,1,
bram,bbht_grover_upgrade,EQ,12345,0,256,0,0x7b1dcdaf,0x24370df2,normal,HIT,15288,12345,8,7,7,5597,55,61,15288,8,7,7,1,1,1,1,1,1,
bram,bbht_grover_upgrade,EQ,12345,0,256,0,0x7b1dcdaf,0x24370df2,ckpt,HIT,15288,12345,8,7,3,3766,37,43,15288,8,7,3,1,1,1,1,1,1,
bram,bbht_grover_upgrade,EQ,12345,0,256,1,0x3a85a4dc,0xa3b9aa35,normal,HIT,5849,12345,5,2,2,2878,28,34,5849,5,2,2,1,1,1,1,1,1,
bram,bbht_grover_upgrade,EQ,12345,0,256,1,0x3a85a4dc,0xa3b9aa35,ckpt,HIT,5849,12345,5,2,1,2210,22,27,5849,5,2,1,1,1,1,1,1,1,
bram,bbht_grover_upgrade,EQ,12345,0,256,2,0x6162a8b2,0x871c276f,normal,HIT,8081,12345,7,3,3,4055,40,44,8081,7,3,3,1,1,1,1,1,1,
bram,bbht_grover_upgrade,EQ,12345,0,256,2,0x6162a8b2,0x871c276f,ckpt,HIT,8081,12345,7,3,2,3143,31,37,8081,7,3,2,1,1,1,1,1,1,
bram,bbht_grover_upgrade,EQ,12345,0,256,3,0xc3adc34e,0xf5b8f22b,normal,HIT,16060,12345,9,8,8,6322,63,68,16060,9,8,8,1,1,1,1,1,1,
bram,bbht_grover_upgrade,EQ,12345,0,256,3,0xc3adc34e,0xf5b8f22b,ckpt,HIT,16060,12345,9,8,4,4368,43,48,16060,9,8,4,1,1,1,1,1,1,
bram,bbht_grover_upgrade,EQ,12345,0,256,4,0x2bb073ff,0x3f8396e3,normal,HIT,12680,12345,12,17,17,10072,100,106,12680,12,17,17,1,1,1,1,1,1,
bram,bbht_grover_upgrade,EQ,12345,0,256,4,0x2bb073ff,0x3f8396e3,ckpt,HIT,12680,12345,12,17,7,6201,62,67,12680,12,17,7,1,1,1,1,1,1,
bram,bbht_grover_upgrade,EQ,12345,0,256,5,0xda585ab3,0xa7197ad7,normal,HIT,7233,12345,10,5,5,6050,60,65,7233,10,5,5,1,1,1,1,1,1,
bram,bbht_grover_upgrade,EQ,12345,0,256,5,0xda585ab3,0xa7197ad7,ckpt,HIT,7233,12345,10,5,2,4236,42,48,7233,10,5,2,1,1,1,1,1,1,
bram,bbht_grover_upgrade,EQ,12345,0,256,6,0x0ed109c0,0x5701ce52,normal,HIT,3716,12345,7,7,7,5078,50,56,3716,7,7,7,1,1,1,1,1,1,
bram,bbht_grover_upgrade,EQ,12345,0,256,6,0x0ed109c0,0x5701ce52,ckpt,HIT,3716,12345,7,7,2,3106,31,36,3716,7,7,2,1,1,1,1,1,1,
bram,bbht_grover_upgrade,EQ,12345,0,256,7,0x102ecf73,0x53c7612b,normal,HIT,3545,12345,8,8,8,5792,57,62,3545,8,8,8,1,1,1,1,1,1,
bram,bbht_grover_upgrade,EQ,12345,0,256,7,0x102ecf73,0x53c7612b,ckpt,HIT,3545,12345,8,8,3,3695,36,42,3545,8,8,3,1,1,1,1,1,1,
bram,bbht_grover_upgrade,EQ,12345,0,256,8,0xcf29b6a1,0x35231a84,normal,HIT,11907,12345,10,8,8,6828,68,73,11907,10,8,8,1,1,1,1,1,1,
bram,bbht_grover_upgrade,EQ,12345,0,256,8,0xcf29b6a1,0x35231a84,ckpt,HIT,11907,12345,10,8,4,4748,47,53,11907,10,8,4,1,1,1,1,1,1,
bram,bbht_grover_upgrade,EQ,12345,0,256,9,0xc49cbb42,0xd0a3bbb8,normal,HIT,12001,12345,1,0,0,465,4,10,12001,1,0,0,1,1,1,1,1,1,
bram,bbht_grover_upgrade,EQ,12345,0,256,9,0xc49cbb42,0xd0a3bbb8,ckpt,HIT,12001,12345,1,0,0,555,5,10,12001,1,0,0,1,1,1,1,1,1,
bram,bbht_grover_upgrade,EQ,12345,0,256,10,0x4cc51d23,0xee0e3ab4,normal,HIT,5451,12345,4,2,2,2390,23,29,5451,4,2,2,1,1,1,1,1,1,
bram,bbht_grover_upgrade,EQ,12345,0,256,10,0x4cc51d23,0xee0e3ab4,ckpt,HIT,5451,12345,4,2,1,1847,18,23,5451,4,2,1,1,1,1,1,1,1,
bram,bbht_grover_upgrade,EQ,12345,0,256,11,0xf9e8aa7a,0x3208c31a,normal,HIT,873,12345,12,19,19,10593,105,111,873,12,19,19,1,1,1,1,1,1,
bram,bbht_grover_upgrade,EQ,12345,0,256,11,0xf9e8aa7a,0x3208c31a,ckpt,HIT,873,12345,12,19,7,6164,61,67,873,12,19,7,1,1,1,1,1,1,
bram,bbht_grover_upgrade,EQ,12345,0,256,12,0xdda8b051,0xc8105c9d,normal,HIT,90,12345,5,3,3,3122,31,37,90,5,3,3,1,1,1,1,1,1,
bram,bbht_grover_upgrade,EQ,12345,0,256,12,0xdda8b051,0xc8105c9d,ckpt,HIT,90,12345,5,3,2,2457,24,29,90,5,3,2,1,1,1,1,1,1,
bram,bbht_grover_upgrade,EQ,12345,0,256,13,0xabfb11bf,0xf5dec75e,normal,HIT,7326,12345,6,5,5,4119,41,47,7326,6,5,5,1,1,1,1,1,1,
bram,bbht_grover_upgrade,EQ,12345,0,256,13,0xabfb11bf,0xf5dec75e,ckpt,HIT,7326,12345,6,5,2,2799,27,32,7326,6,5,2,1,1,1,1,1,1,
bram,bbht_grover_upgrade,EQ,12345,0,256,14,0x20639811,0x6b6a7c47,normal,HIT,1930,12345,6,7,7,4679,46,52,1930,6,7,7,1,1,1,1,1,1,
bram,bbht_grover_upgrade,EQ,12345,0,256,14,0x20639811,0x6b6a7c47,ckpt,HIT,1930,12345,6,7,2,2828,28,34,1930,6,7,2,1,1,1,1,1,1,
bram,bbht_grover_upgrade,EQ,12345,0,256,15,0xac72acd2,0xca84bc6c,normal,HIT,13448,12345,9,3,3,4964,49,54,13448,9,3,3,1,1,1,1,1,1,
bram,bbht_grover_upgrade,EQ,12345,0,256,15,0xac72acd2,0xca84bc6c,ckpt,HIT,13448,12345,9,3,2,3801,38,44,13448,9,3,2,1,1,1,1,1,1,
bram,bbht_grover_upgrade,EQ,12345,0,256,16,0x49a2da79,0xe1376725,normal,HIT,12329,12345,6,4,4,3823,38,43,12329,6,4,4,1,1,1,1,1,1,
bram,bbht_grover_upgrade,EQ,12345,0,256,16,0x49a2da79,0xe1376725,ckpt,HIT,12329,12345,6,4,2,2769,27,33,12329,6,4,2,1,1,1,1,1,1,
bram,bbht_grover_upgrade,EQ,12345,0,256,17,0x63a4e9d7,0x6166dba4,normal,HIT,6247,12345,7,6,6,4850,48,53,6247,7,6,6,1,1,1,1,1,1,
bram,bbht_grover_upgrade,EQ,12345,0,256,17,0x63a4e9d7,0x6166dba4,ckpt,HIT,6247,12345,7,6,2,3145,31,37,6247,7,6,2,1,1,1,1,1,1,
bram,bbht_grover_upgrade,EQ,12345,0,256,18,0x8983f102,0x43fb6183,normal,HIT,4389,12345,7,4,4,4303,43,48,4389,7,4,4,1,1,1,1,1,1,
bram,bbht_grover_upgrade,EQ,12345,0,256,18,0x8983f102,0x43fb6183,ckpt,HIT,4389,12345,7,4,1,2856,28,34,4389,7,4,1,1,1,1,1,1,1,
bram,bbht_grover_upgrade,EQ,12345,0,256,19,0xb671aa78,0xc97ad8a2,normal,HIT,13749,12345,7,3,3,4008,40,45,13749,7,3,3,1,1,1,1,1,1,
bram,bbht_grover_upgrade,EQ,12345,0,256,19,0xb671aa78,0xc97ad8a2,ckpt,HIT,13749,12345,7,3,2,3093,30,35,13749,7,3,2,1,1,1,1,1,1,
bram,bbht_grover_upgrade,EQ,12345,0,256,20,0xdaeb566a,0x989e5b3d,normal,HIT,6940,12345,9,9,9,6589,65,70,6940,9,9,9,1,1,1,1,1,1,
bram,bbht_grover_upgrade,EQ,12345,0,256,20,0xdaeb566a,0x989e5b3d,ckpt,HIT,6940,12345,9,9,4,4371,43,48,6940,9,9,4,1,1,1,1,1,1,
bram,bbht_grover_upgrade,EQ,12345,0,256,21,0xf6181c00,0xa345ac4b,normal,HIT,2302,12345,9,4,4,5301,53,57,2302,9,4,4,1,1,1,1,1,1,
bram,bbht_grover_upgrade,EQ,12345,0,256,21,0xf6181c00,0xa345ac4b,ckpt,HIT,2302,12345,9,4,4,4409,44,49,2302,9,4,4,1,1,1,1,1,1,
bram,bbht_grover_upgrade,EQ,12345,0,256,22,0x4e18d852,0xa08980df,normal,HIT,7844,12345,9,7,7,6053,60,65,7844,9,7,7,1,1,1,1,1,1,
bram,bbht_grover_upgrade,EQ,12345,0,256,22,0x4e18d852,0xa08980df,ckpt,HIT,7844,12345,9,7,3,4100,41,46,7844,9,7,3,1,1,1,1,1,1,
bram,bbht_grover_upgrade,EQ,12345,0,256,23,0xa035ceba,0x611de4c4,normal,HIT,6733,12345,5,4,4,3388,33,39,6733,5,4,4,1,1,1,1,1,1,
bram,bbht_grover_upgrade,EQ,12345,0,256,23,0xa035ceba,0x611de4c4,ckpt,HIT,6733,12345,5,4,2,2458,24,29,6733,5,4,2,1,1,1,1,1,1,
bram,bbht_grover_upgrade,EQ,12345,0,256,24,0xc2416ee4,0x7323f479,normal,HIT,4724,12345,8,10,10,6356,63,69,4724,8,10,10,1,1,1,1,1,1,
bram,bbht_grover_upgrade,EQ,12345,0,256,24,0xc2416ee4,0x7323f479,ckpt,HIT,4724,12345,8,10,3,3730,37,42,4724,8,10,3,1,1,1,1,1,1,
bram,bbht_grover_upgrade,EQ,12345,0,256,25,0xfbdafbdd,0xa0c0cf2f,normal,HIT,9555,12345,12,14,14,9314,93,99,9555,12,14,14,1,1,1,1,1,1,
bram,bbht_grover_upgrade,EQ,12345,0,256,25,0xfbdafbdd,0xa0c0cf2f,ckpt,HIT,9555,12345,12,14,5,5665,56,63,9555,12,14,5,1,1,1,1,1,1,
bram,bbht_grover_upgrade,EQ,12345,0,256,26,0xa43fbf47,0x8de97b10,normal,HIT,6702,12345,9,6,6,5674,56,62,6702,9,6,6,1,1,1,1,1,1,
bram,bbht_grover_upgrade,EQ,12345,0,256,26,0xa43fbf47,0x8de97b10,ckpt,HIT,6702,12345,9,6,2,3716,37,42,6702,9,6,2,1,1,1,1,1,1,
bram,bbht_grover_upgrade,EQ,12345,0,256,27,0x6811f7c1,0xcb07044a,normal,HIT,10532,12345,6,4,4,3848,38,43,10532,6,4,4,1,1,1,1,1,1,
bram,bbht_grover_upgrade,EQ,12345,0,256,27,0x6811f7c1,0xcb07044a,ckpt,HIT,10532,12345,6,4,2,5797,57,62,10532,6,4,2,1,1,1,1,1,1,
bram,bbht_grover_upgrade,EQ,12345,0,256,28,0x610dde2c,0x8cf5deb9,normal,HIT,314,12345,8,7,7,5587,55,60,314,8,7,7,1,1,1,1,1,1,
bram,bbht_grover_upgrade,EQ,12345,0,256,28,0x610dde2c,0x8cf5deb9,ckpt,HIT,314,12345,8,7,2,3492,34,41,314,8,7,2,1,1,1,1,1,1,
bram,bbht_grover_upgrade,EQ,12345,0,256,29,0x82241b87,0xbbe27f39,normal,HIT,14410,12345,7,6,6,4823,48,53,14410,7,6,6,1,1,1,1,1,1,
bram,bbht_grover_upgrade,EQ,12345,0,256,29,0x82241b87,0xbbe27f39,ckpt,HIT,14410,12345,7,6,2,3113,31,36,14410,7,6,2,1,1,1,1,1,1,
bram,bbht_grover_upgrade,EQ,12345,0,256,30,0x48647490,0xea9551eb,normal,HIT,4956,12345,9,7,7,6086,60,66,4956,9,7,7,1,1,1,1,1,1,
bram,bbht_grover_upgrade,EQ,12345,0,256,30,0x48647490,0xea9551eb,ckpt,HIT,4956,12345,9,7,3,4130,41,47,4956,9,7,3,1,1,1,1,1,1,
bram,bbht_grover_upgrade,EQ,12345,0,256,31,0x63df3b7f,0xa8b057e1,normal,HIT,15859,12345,9,10,10,6858,68,74,15859,9,10,10,1,1,1,1,1,1,
bram,bbht_grover_upgrade,EQ,12345,0,256,31,0x63df3b7f,0xa8b057e1,ckpt,HIT,15859,12345,9,10,4,4372,43,48,15859,9,10,4,1,1,1,1,1,1,
bram,bbht_grover_upgrade,EQ,12345,0,256,32,0x433125bb,0x3221fef0,normal,HIT,11246,12345,10,12,12,7879,78,84,11246,10,12,12,1,1,1,1,1,1,
bram,bbht_grover_upgrade,EQ,12345,0,256,32,0x433125bb,0x3221fef0,ckpt,HIT,11246,12345,10,12,4,4741,47,53,11246,10,12,4,1,1,1,1,1,1,
bram,bbht_grover_upgrade,EQ,12345,0,256,33,0x7943be40,0x6641ee79,normal,HIT,825,12345,8,8,8,5846,58,64,825,8,8,8,1,1,1,1,1,1,
bram,bbht_grover_upgrade,EQ,12345,0,256,33,0x7943be40,0x6641ee79,ckpt,HIT,825,12345,8,8,3,3749,37,42,825,8,8,3,1,1,1,1,1,1,
bram,bbht_grover_upgrade,EQ,12345,0,256,34,0x26c93252,0x675d2908,normal,HIT,10842,12345,7,5,5,4583,45,51,10842,7,5,5,1,1,1,1,1,1,
bram,bbht_grover_upgrade,EQ,12345,0,256,34,0x26c93252,0x675d2908,ckpt,HIT,10842,12345,7,5,2,3141,31,37,10842,7,5,2,1,1,1,1,1,1,
bram,bbht_grover_upgrade,EQ,12345,0,256,35,0xdbe3ed49,0xa7cfea56,normal,HIT,9972,12345,6,6,6,4368,43,48,9972,6,6,6,1,1,1,1,1,1,
bram,bbht_grover_upgrade,EQ,12345,0,256,35,0xdbe3ed49,0xa7cfea56,ckpt,HIT,9972,12345,6,6,2,2784,27,32,9972,6,6,2,1,1,1,1,1,1,
bram,bbht_grover_upgrade,EQ,12345,0,256,36,0xc2ec9bb4,0xbfc0ae9e,normal,HIT,16297,12345,6,3,3,3654,36,42,16297,6,3,3,1,1,1,1,1,1,
bram,bbht_grover_upgrade,EQ,12345,0,256,36,0xc2ec9bb4,0xbfc0ae9e,ckpt,HIT,16297,12345,6,3,2,2863,28,34,16297,6,3,2,1,1,1,1,1,1,
bram,bbht_grover_upgrade,EQ,12345,0,256,37,0xe7ec8559,0x307064ac,normal,HIT,1456,12345,5,4,4,3411,34,38,1456,5,4,4,1,1,1,1,1,1,
bram,bbht_grover_upgrade,EQ,12345,0,256,37,0xe7ec8559,0x307064ac,ckpt,HIT,1456,12345,5,4,2,2479,24,29,1456,5,4,2,1,1,1,1,1,1,
bram,bbht_grover_upgrade,EQ,12345,0,256,38,0xccb88b54,0x2cf00158,normal,HIT,11990,12345,6,5,5,4148,41,46,11990,6,5,5,1,1,1,1,1,1,
bram,bbht_grover_upgrade,EQ,12345,0,256,38,0xccb88b54,0x2cf00158,ckpt,HIT,11990,12345,6,5,2,2829,28,34,11990,6,5,2,1,1,1,1,1,1,
bram,bbht_grover_upgrade,EQ,12345,0,256,39,0xb512e6a4,0x2b9e708c,normal,HIT,10839,12345,4,2,2,2407,24,30,10839,4,2,2,1,1,1,1,1,1,
bram,bbht_grover_upgrade,EQ,12345,0,256,39,0xb512e6a4,0x2b9e708c,ckpt,HIT,10839,12345,4,2,1,1862,18,25,10839,4,2,1,1,1,1,1,1,1,
bram,bbht_grover_upgrade,EQ,12345,0,256,40,0x7e2c3d82,0xa69fb195,normal,HIT,586,12345,5,4,4,3364,33,39,586,5,4,4,1,1,1,1,1,1,
bram,bbht_grover_upgrade,EQ,12345,0,256,40,0x7e2c3d82,0xa69fb195,ckpt,HIT,586,12345,5,4,2,2432,24,29,586,5,4,2,1,1,1,1,1,1,
bram,bbht_grover_upgrade,EQ,12345,0,256,41,0x58b3e5ad,0x23a21253,normal,HIT,7400,12345,5,4,4,3366,33,39,7400,5,4,4,1,1,1,1,1,1,
bram,bbht_grover_upgrade,EQ,12345,0,256,41,0x58b3e5ad,0x23a21253,ckpt,HIT,7400,12345,5,4,2,2434,24,29,7400,5,4,2,1,1,1,1,1,1,
bram,bbht_grover_upgrade,EQ,12345,0,256,42,0x9a07c40b,0x3ea78d8c,normal,HIT,507,12345,10,8,8,6757,67,73,507,10,8,8,1,1,1,1,1,1,
bram,bbht_grover_upgrade,EQ,12345,0,256,42,0x9a07c40b,0x3ea78d8c,ckpt,HIT,507,12345,10,8,5,4943,49,54,507,10,8,5,1,1,1,1,1,1,
bram,bbht_grover_upgrade,EQ,12345,0,256,43,0xf1f9a54b,0x7b00db61,normal,HIT,160,12345,6,3,3,3555,35,40,160,6,3,3,1,1,1,1,1,1,
bram,bbht_grover_upgrade,EQ,12345,0,256,43,0xf1f9a54b,0x7b00db61,ckpt,HIT,160,12345,6,3,1,2498,24,30,160,6,3,1,1,1,1,1,1,1,
bram,bbht_grover_upgrade,EQ,12345,0,256,44,0xfba6212d,0xb8b8356a,normal,HIT,7400,12345,11,8,8,7200,72,76,7400,11,8,8,1,1,1,1,1,1,
bram,bbht_grover_upgrade,EQ,12345,0,256,44,0xfba6212d,0xb8b8356a,ckpt,HIT,7400,12345,11,8,3,4732,47,53,7400,11,8,3,1,1,1,1,1,1,
bram,bbht_grover_upgrade,EQ,12345,0,256,45,0x1ca60615,0xd753b84a,normal,HIT,8996,12345,6,4,4,3832,38,44,8996,6,4,4,1,1,1,1,1,1,
bram,bbht_grover_upgrade,EQ,12345,0,256,45,0x1ca60615,0xd753b84a,ckpt,HIT,8996,12345,6,4,2,2777,27,32,8996,6,4,2,1,1,1,1,1,1,
bram,bbht_grover_upgrade,EQ,12345,0,256,46,0xa085c93e,0x19b8504d,normal,HIT,15586,12345,8,6,6,5279,52,58,15586,8,6,6,1,1,1,1,1,1,
bram,bbht_grover_upgrade,EQ,12345,0,256,46,0xa085c93e,0x19b8504d,ckpt,HIT,15586,12345,8,6,2,3445,34,40,15586,8,6,2,1,1,1,1,1,1,
bram,bbht_grover_upgrade,EQ,12345,0,256,47,0x18190603,0xad0438b2,normal,HIT,56,12345,9,6,6,5792,57,62,56,9,6,6,1,1,1,1,1,1,
bram,bbht_grover_upgrade,EQ,12345,0,256,47,0x18190603,0xad0438b2,ckpt,HIT,56,12345,9,6,3,4104,41,47,56,9,6,3,1,1,1,1,1,1,
bram,bbht_grover_upgrade,EQ,12345,0,256,48,0xc1143c78,0xbbdab3cd,normal,HIT,10265,12345,11,7,7,7053,70,75,10265,11,7,7,1,1,1,1,1,1,
bram,bbht_grover_upgrade,EQ,12345,0,256,48,0xc1143c78,0xbbdab3cd,ckpt,HIT,10265,12345,11,7,4,5114,51,56,10265,11,7,4,1,1,1,1,1,1,
bram,bbht_grover_upgrade,EQ,12345,0,256,49,0x332063fc,0x222ba57c,normal,HIT,5281,12345,9,6,6,5780,57,62,5281,9,6,6,1,1,1,1,1,1,
bram,bbht_grover_upgrade,EQ,12345,0,256,49,0x332063fc,0x222ba57c,ckpt,HIT,5281,12345,9,6,2,3822,38,43,5281,9,6,2,1,1,1,1,1,1,
bram,bbht_grover_upgrade,EQ,12345,0,256,50,0xd6f4066b,0xab9eb714,normal,HIT,2160,12345,13,15,15,9935,99,105,2160,13,15,15,1,1,1,1,1,1,
bram,bbht_grover_upgrade,EQ,12345,0,256,50,0xd6f4066b,0xab9eb714,ckpt,HIT,2160,12345,13,15,6,6170,61,67,2160,13,15,6,1,1,1,1,1,1,
bram,bbht_grover_upgrade,EQ,12345,0,256,51,0x64b9628c,0x9cd8b518,normal,HIT,6300,12345,5,4,4,3336,33,39,6300,5,4,4,1,1,1,1,1,1,
bram,bbht_grover_upgrade,EQ,12345,0,256,51,0x64b9628c,0x9cd8b518,ckpt,HIT,6300,12345,5,4,2,2404,24,29,6300,5,4,2,1,1,1,1,1,1,
bram,bbht_grover_upgrade,EQ,12345,0,256,52,0x894e6771,0x8a255c2e,normal,HIT,13448,12345,3,1,1,1658,16,21,13448,3,1,1,1,1,1,1,1,1,
bram,bbht_grover_upgrade,EQ,12345,0,256,52,0x894e6771,0x8a255c2e,ckpt,HIT,13448,12345,3,1,1,1503,15,20,13448,3,1,1,1,1,1,1,1,1,
bram,bbht_grover_upgrade,EQ,12345,0,256,53,0xe3e668e8,0xff1f20c3,normal,HIT,8799,12345,9,7,7,6075,60,65,8799,9,7,7,1,1,1,1,1,1,
bram,bbht_grover_upgrade,EQ,12345,0,256,53,0xe3e668e8,0xff1f20c3,ckpt,HIT,8799,12345,9,7,3,4119,41,47,8799,9,7,3,1,1,1,1,1,1,
bram,bbht_grover_upgrade,EQ,12345,0,256,54,0x36980406,0xfbdbfa61,normal,HIT,7615,12345,4,2,2,2356,23,29,7615,4,2,2,1,1,1,1,1,1,
bram,bbht_grover_upgrade,EQ,12345,0,256,54,0x36980406,0xfbdbfa61,ckpt,HIT,7615,12345,4,2,1,1811,18,23,7615,4,2,1,1,1,1,1,1,1,
bram,bbht_grover_upgrade,EQ,12345,0,256,55,0x114d2b4a,0xa617ad4e,normal,HIT,12785,12345,4,2,2,2410,24,30,12785,4,2,2,1,1,1,1,1,1,
bram,bbht_grover_upgrade,EQ,12345,0,256,55,0x114d2b4a,0xa617ad4e,ckpt,HIT,12785,12345,4,2,1,1867,18,24,12785,4,2,1,1,1,1,1,1,1,
bram,bbht_grover_upgrade,EQ,12345,0,256,56,0x3b8907e1,0x0c6cbd10,normal,HIT,7780,12345,7,4,4,4280,42,48,7780,7,4,4,1,1,1,1,1,1,
bram,bbht_grover_upgrade,EQ,12345,0,256,56,0x3b8907e1,0x0c6cbd10,ckpt,HIT,7780,12345,7,4,2,3100,31,36,7780,7,4,2,1,1,1,1,1,1,
bram,bbht_grover_upgrade,EQ,12345,0,256,57,0x2cd09c1d,0x964fb1a7,normal,HIT,9459,12345,7,2,2,3802,38,43,9459,7,2,2,1,1,1,1,1,1,
bram,bbht_grover_upgrade,EQ,12345,0,256,57,0x2cd09c1d,0x964fb1a7,ckpt,HIT,9459,12345,7,2,2,3154,31,37,9459,7,2,2,1,1,1,1,1,1,
bram,bbht_grover_upgrade,EQ,12345,0,256,58,0x6d7a8604,0xbd6f99c6,normal,HIT,8225,12345,5,4,4,3397,33,38,8225,5,4,4,1,1,1,1,1,1,
bram,bbht_grover_upgrade,EQ,12345,0,256,58,0x6d7a8604,0xbd6f99c6,ckpt,HIT,8225,12345,5,4,2,5477,54,59,8225,5,4,2,1,1,1,1,1,1,
bram,bbht_grover_upgrade,EQ,12345,0,256,59,0x1fadaf42,0x60010aa3,normal,HIT,4389,12345,6,5,5,4167,41,46,4389,6,5,5,1,1,1,1,1,1,
bram,bbht_grover_upgrade,EQ,12345,0,256,59,0x1fadaf42,0x60010aa3,ckpt,HIT,4389,12345,6,5,2,2846,28,34,4389,6,5,2,1,1,1,1,1,1,
bram,bbht_grover_upgrade,EQ,12345,0,256,60,0x92fe7cfd,0xb54e2773,normal,HIT,11343,12345,9,10,10,6850,68,73,11343,9,10,10,1,1,1,1,1,1,
bram,bbht_grover_upgrade,EQ,12345,0,256,60,0x92fe7cfd,0xb54e2773,ckpt,HIT,11343,12345,9,10,4,4364,43,48,11343,9,10,4,1,1,1,1,1,1,
bram,bbht_grover_upgrade,EQ,12345,0,256,61,0x1aecb060,0x9c545eba,normal,HIT,12329,12345,11,17,17,9675,96,102,12329,11,17,17,1,1,1,1,1,1,
bram,bbht_grover_upgrade,EQ,12345,0,256,61,0x1aecb060,0x9c545eba,ckpt,HIT,12329,12345,11,17,4,5088,50,56,12329,11,17,4,1,1,1,1,1,1,
bram,bbht_grover_upgrade,EQ,12345,0,256,62,0x91778cc3,0xbd1d1bc0,normal,HIT,5666,12345,10,13,13,8143,81,86,5666,10,13,13,1,1,1,1,1,1,
bram,bbht_grover_upgrade,EQ,12345,0,256,62,0x91778cc3,0xbd1d1bc0,ckpt,HIT,5666,12345,10,13,5,5006,50,55,5666,10,13,5,1,1,1,1,1,1,
bram,bbht_grover_upgrade,EQ,12345,0,256,63,0xe6b7e7eb,0xd542988e,normal,HIT,14388,12345,10,11,11,7544,75,82,14388,10,11,11,1,1,1,1,1,1,
bram,bbht_grover_upgrade,EQ,12345,0,256,63,0xe6b7e7eb,0xd542988e,ckpt,HIT,14388,12345,10,11,5,4935,49,54,14388,10,11,5,1,1,1,1,1,1,
bram,bbht_grover_upgrade,EQ,12345,0,256,64,0x6770144c,0xd2d3c6e7,normal,HIT,3410,12345,8,4,4,4810,48,53,3410,8,4,4,1,1,1,1,1,1,
bram,bbht_grover_upgrade,EQ,12345,0,256,64,0x6770144c,0xd2d3c6e7,ckpt,HIT,3410,12345,8,4,2,3506,35,40,3410,8,4,2,1,1,1,1,1,1,
bram,bbht_grover_upgrade,EQ,12345,0,256,65,0xc600a248,0x0a1e0844,normal,HIT,10195,12345,6,3,3,3581,35,41,10195,6,3,3,1,1,1,1,1,1,
bram,bbht_grover_upgrade,EQ,12345,0,256,65,0xc600a248,0x0a1e0844,ckpt,HIT,10195,12345,6,3,2,2792,27,32,10195,6,3,2,1,1,1,1,1,1,
bram,bbht_grover_upgrade,EQ,12345,0,256,66,0x1ea4f830,0x2ef0f28e,normal,HIT,1133,12345,6,2,2,3329,33,38,1133,6,2,2,1,1,1,1,1,1,
bram,bbht_grover_upgrade,EQ,12345,0,256,66,0x1ea4f830,0x2ef0f28e,ckpt,HIT,1133,12345,6,2,1,2537,25,30,1133,6,2,1,1,1,1,1,1,1,
bram,bbht_grover_upgrade,EQ,12345,0,256,67,0x639604f3,0x7fe04f83,normal,HIT,5270,12345,10,10,10,7310,73,79,5270,10,10,10,1,1,1,1,1,1,
bram,bbht_grover_upgrade,EQ,12345,0,256,67,0x639604f3,0x7fe04f83,ckpt,HIT,5270,12345,10,10,4,4702,47,53,5270,10,10,4,1,1,1,1,1,1,
bram,bbht_grover_upgrade,EQ,12345,0,256,68,0x6e084a84,0xb643b17e,normal,HIT,8996,12345,8,6,6,5340,53,59,8996,8,6,6,1,1,1,1,1,1,
bram,bbht_grover_upgrade,EQ,12345,0,256,68,0x6e084a84,0xb643b17e,ckpt,HIT,8996,12345,8,6,2,3509,35,40,8996,8,6,2,1,1,1,1,1,1,
bram,bbht_grover_upgrade,EQ,12345,0,256,69,0x3d7fc476,0x467d7a44,normal,HIT,15374,12345,7,3,3,4056,40,45,15374,7,3,3,1,1,1,1,1,1,
bram,bbht_grover_upgrade,EQ,12345,0,256,69,0x3d7fc476,0x467d7a44,ckpt,HIT,15374,12345,7,3,2,3141,31,37,15374,7,3,2,1,1,1,1,1,1,
bram,bbht_grover_upgrade,EQ,12345,0,256,70,0xedca3875,0xefade11e,normal,HIT,2789,12345,4,3,3,2634,26,31,2789,4,3,3,1,1,1,1,1,1,
bram,bbht_grover_upgrade,EQ,12345,0,256,70,0xedca3875,0xefade11e,ckpt,HIT,2789,12345,4,3,1,1826,18,22,2789,4,3,1,1,1,1,1,1,1,
bram,bbht_grover_upgrade,EQ,12345,0,256,71,0xb883121d,0x095c678c,normal,HIT,15233,12345,8,6,6,5301,53,58,15233,8,6,6,1,1,1,1,1,1,
bram,bbht_grover_upgrade,EQ,12345,0,256,71,0xb883121d,0x095c678c,ckpt,HIT,15233,12345,8,6,2,3468,34,40,15233,8,6,2,1,1,1,1,1,1,
bram,bbht_grover_upgrade,EQ,12345,0,256,72,0xace22797,0xbc422a9a,normal,HIT,1859,12345,7,4,4,4289,42,48,1859,7,4,4,1,1,1,1,1,1,
bram,bbht_grover_upgrade,EQ,12345,0,256,72,0xace22797,0xbc422a9a,ckpt,HIT,1859,12345,7,4,1,2844,28,34,1859,7,4,1,1,1,1,1,1,1,
bram,bbht_grover_upgrade,EQ,12345,0,256,73,0xefd3172d,0x8c2c3233,normal,HIT,9230,12345,7,6,6,4805,48,53,9230,7,6,6,1,1,1,1,1,1,
bram,bbht_grover_upgrade,EQ,12345,0,256,73,0xefd3172d,0x8c2c3233,ckpt,HIT,9230,12345,7,6,2,3096,30,36,9230,7,6,2,1,1,1,1,1,1,
bram,bbht_grover_upgrade,EQ,12345,0,256,74,0xe6aacdb5,0x7f1c158a,normal,HIT,2442,12345,6,2,2,3299,32,39,2442,6,2,2,1,1,1,1,1,1,
bram,bbht_grover_upgrade,EQ,12345,0,256,74,0xe6aacdb5,0x7f1c158a,ckpt,HIT,2442,12345,6,2,1,2508,25,30,2442,6,2,1,1,1,1,1,1,1,
bram,bbht_grover_upgrade,EQ,12345,0,256,75,0x6566c598,0xca804b00,normal,HIT,14410,12345,2,1,1,1161,11,16,14410,2,1,1,1,1,1,1,1,1,
bram,bbht_grover_upgrade,EQ,12345,0,256,75,0x6566c598,0xca804b00,ckpt,HIT,14410,12345,2,1,1,1131,11,17,14410,2,1,1,1,1,1,1,1,1,
bram,bbht_grover_upgrade,EQ,12345,0,256,76,0x4e646d9d,0xcbae5ac0,normal,HIT,13239,12345,9,10,10,6764,67,74,13239,9,10,10,1,1,1,1,1,1,
bram,bbht_grover_upgrade,EQ,12345,0,256,76,0x4e646d9d,0xcbae5ac0,ckpt,HIT,13239,12345,9,10,4,4280,42,48,13239,9,10,4,1,1,1,1,1,1,
bram,bbht_grover_upgrade,EQ,12345,0,256,77,0x05d81d6f,0x260c4013,normal,HIT,9230,12345,7,5,5,4506,45,50,9230,7,5,5,1,1,1,1,1,1,
bram,bbht_grover_upgrade,EQ,12345,0,256,77,0x05d81d6f,0x260c4013,ckpt,HIT,9230,12345,7,5,2,3063,30,35,9230,7,5,2,1,1,1,1,1,1,
bram,bbht_grover_upgrade,EQ,12345,0,256,78,0x2018f6a3,0x5728c7f4,normal,HIT,3237,12345,2,1,1,1192,11,16,3237,2,1,1,1,1,1,1,1,1,
bram,bbht_grover_upgrade,EQ,12345,0,256,78,0x2018f6a3,0x5728c7f4,ckpt,HIT,3237,12345,2,1,1,1160,11,16,3237,2,1,1,1,1,1,1,1,1,
bram,bbht_grover_upgrade,EQ,12345,0,256,79,0x718ebf0c,0x4d7d460c,normal,HIT,11111,12345,2,1,1,1193,11,17,11111,2,1,1,1,1,1,1,1,1,
bram,bbht_grover_upgrade,EQ,12345,0,256,79,0x718ebf0c,0x4d7d460c,ckpt,HIT,11111,12345,2,1,1,1164,11,17,11111,2,1,1,1,1,1,1,1,1,
bram,bbht_grover_upgrade,EQ,12345,0,256,80,0x042a8f17,0x2093b3f4,normal,HIT,8089,12345,10,10,10,7333,73,78,8089,10,10,10,1,1,1,1,1,1,
bram,bbht_grover_upgrade,EQ,12345,0,256,80,0x042a8f17,0x2093b3f4,ckpt,HIT,8089,12345,10,10,5,4992,49,54,8089,10,10,5,1,1,1,1,1,1,
bram,bbht_grover_upgrade,EQ,12345,0,256,81,0xfc1c775d,0x35bd20f1,normal,HIT,9492,12345,6,4,4,3888,38,43,9492,6,4,4,1,1,1,1,1,1,
bram,bbht_grover_upgrade,EQ,12345,0,256,81,0xfc1c775d,0x35bd20f1,ckpt,HIT,9492,12345,6,4,1,2567,25,30,9492,6,4,1,1,1,1,1,1,1,
bram,bbht_grover_upgrade,EQ,12345,0,256,82,0x16b93b63,0x7d609ba5,normal,HIT,14992,12345,3,1,1,1710,17,23,14992,3,1,1,1,1,1,1,1,1,
bram,bbht_grover_upgrade,EQ,12345,0,256,82,0x16b93b63,0x7d609ba5,ckpt,HIT,14992,12345,3,1,1,1554,15,21,14992,3,1,1,1,1,1,1,1,1,
bram,bbht_grover_upgrade,EQ,12345,0,256,83,0x8ce1028e,0xb152e7ef,normal,HIT,15859,12345,3,2,2,1948,19,24,15859,3,2,2,1,1,1,1,1,1,
bram,bbht_grover_upgrade,EQ,12345,0,256,83,0x8ce1028e,0xb152e7ef,ckpt,HIT,15859,12345,3,2,1,1528,15,20,15859,3,2,1,1,1,1,1,1,1,
bram,bbht_grover_upgrade,EQ,12345,0,256,84,0x87bad980,0x7dbefa97,normal,HIT,10082,12345,6,4,4,3859,38,44,10082,6,4,4,1,1,1,1,1,1,
bram,bbht_grover_upgrade,EQ,12345,0,256,84,0x87bad980,0x7dbefa97,ckpt,HIT,10082,12345,6,4,1,2536,25,30,10082,6,4,1,1,1,1,1,1,1,
bram,bbht_grover_upgrade,EQ,12345,0,256,85,0xd63d86f3,0xf5399cca,normal,HIT,8851,12345,9,10,10,6857,68,73,8851,9,10,10,1,1,1,1,1,1,
bram,bbht_grover_upgrade,EQ,12345,0,256,85,0xd63d86f3,0xf5399cca,ckpt,HIT,8851,12345,9,10,3,4111,41,47,8851,9,10,3,1,1,1,1,1,1,
bram,bbht_grover_upgrade,EQ,12345,0,256,86,0xeeaba102,0x01560fc0,normal,HIT,10812,12345,11,13,13,8636,86,91,10812,11,13,13,1,1,1,1,1,1,
bram,bbht_grover_upgrade,EQ,12345,0,256,86,0xeeaba102,0x01560fc0,ckpt,HIT,10812,12345,11,13,4,5301,53,57,10812,11,13,4,1,1,1,1,1,1,
bram,bbht_grover_upgrade,EQ,12345,0,256,87,0xc1fee4bb,0xc7e12d58,normal,HIT,6247,12345,12,15,15,9563,95,100,6247,12,15,15,1,1,1,1,1,1,
bram,bbht_grover_upgrade,EQ,12345,0,256,87,0xc1fee4bb,0xc7e12d58,ckpt,HIT,6247,12345,12,15,5,5645,56,61,6247,12,15,5,1,1,1,1,1,1,
bram,bbht_grover_upgrade,EQ,12345,0,256,88,0x0707c9da,0xf644a3f9,normal,HIT,1038,12345,6,3,3,3574,35,40,1038,6,3,3,1,1,1,1,1,1,
bram,bbht_grover_upgrade,EQ,12345,0,256,88,0x0707c9da,0xf644a3f9,ckpt,HIT,1038,12345,6,3,1,2517,25,31,1038,6,3,1,1,1,1,1,1,1,
bram,bbht_grover_upgrade,EQ,12345,0,256,89,0xde0d9c30,0x58a2ee8f,normal,HIT,10532,12345,10,13,13,8144,81,86,10532,10,13,13,1,1,1,1,1,1,
bram,bbht_grover_upgrade,EQ,12345,0,256,89,0xde0d9c30,0x58a2ee8f,ckpt,HIT,10532,12345,10,13,5,5009,50,55,10532,10,13,5,1,1,1,1,1,1,
bram,bbht_grover_upgrade,EQ,12345,0,256,90,0x7cd0efc7,0x9f385cfb,normal,HIT,15943,12345,13,12,12,9303,93,99,15943,13,12,12,1,1,1,1,1,1,
bram,bbht_grover_upgrade,EQ,12345,0,256,90,0x7cd0efc7,0x9f385cfb,ckpt,HIT,15943,12345,13,12,6,9188,91,97,15943,13,12,6,1,1,1,1,1,1,
bram,bbht_grover_upgrade,EQ,12345,0,256,91,0xe4cb50a6,0x94d13729,normal,HIT,9960,12345,4,1,1,2140,21,26,9960,4,1,1,1,1,1,1,1,1,
bram,bbht_grover_upgrade,EQ,12345,0,256,91,0xe4cb50a6,0x94d13729,ckpt,HIT,9960,12345,4,1,1,1861,18,25,9960,4,1,1,1,1,1,1,1,1,
bram,bbht_grover_upgrade,EQ,12345,0,256,92,0xa0882219,0x18f75d24,normal,HIT,8081,12345,4,1,1,2131,21,26,8081,4,1,1,1,1,1,1,1,1,
bram,bbht_grover_upgrade,EQ,12345,0,256,92,0xa0882219,0x18f75d24,ckpt,HIT,8081,12345,4,1,1,1853,18,23,8081,4,1,1,1,1,1,1,1,1,
bram,bbht_grover_upgrade,EQ,12345,0,256,93,0xc435e6f2,0xf75a52bc,normal,HIT,12684,12345,10,14,14,8327,83,87,12684,10,14,14,1,1,1,1,1,1,
bram,bbht_grover_upgrade,EQ,12345,0,256,93,0xc435e6f2,0xf75a52bc,ckpt,HIT,12684,12345,10,14,3,4393,43,50,12684,10,14,3,1,1,1,1,1,1,
bram,bbht_grover_upgrade,EQ,12345,0,256,94,0x011b63f0,0x0aa34346,normal,HIT,2888,12345,7,3,3,4009,40,45,2888,7,3,3,1,1,1,1,1,1,
bram,bbht_grover_upgrade,EQ,12345,0,256,94,0x011b63f0,0x0aa34346,ckpt,HIT,2888,12345,7,3,1,2827,28,34,2888,7,3,1,1,1,1,1,1,1,
bram,bbht_grover_upgrade,EQ,12345,0,256,95,0x1b456e77,0xee460f94,normal,HIT,2852,12345,9,7,7,6079,60,65,2852,9,7,7,1,1,1,1,1,1,
bram,bbht_grover_upgrade,EQ,12345,0,256,95,0x1b456e77,0xee460f94,ckpt,HIT,2852,12345,9,7,2,3858,38,43,2852,9,7,2,1,1,1,1,1,1,
bram,bbht_grover_upgrade,EQ,12345,0,256,96,0x10088608,0xef418331,normal,HIT,1456,12345,4,2,2,2371,23,30,1456,4,2,2,1,1,1,1,1,1,
bram,bbht_grover_upgrade,EQ,12345,0,256,96,0x10088608,0xef418331,ckpt,HIT,1456,12345,4,2,1,1828,18,23,1456,4,2,1,1,1,1,1,1,1,
bram,bbht_grover_upgrade,EQ,12345,0,256,97,0x6fcfc352,0xf8fa9f4c,normal,HIT,13286,12345,6,3,3,3617,36,42,13286,6,3,3,1,1,1,1,1,1,
bram,bbht_grover_upgrade,EQ,12345,0,256,97,0x6fcfc352,0xf8fa9f4c,ckpt,HIT,13286,12345,6,3,1,2559,25,30,13286,6,3,1,1,1,1,1,1,1,
bram,bbht_grover_upgrade,EQ,12345,0,256,98,0xfb6077af,0x713595a9,normal,HIT,10964,12345,2,1,1,1208,12,17,10964,2,1,1,1,1,1,1,1,1,
bram,bbht_grover_upgrade,EQ,12345,0,256,98,0xfb6077af,0x713595a9,ckpt,HIT,10964,12345,2,1,1,1177,11,17,10964,2,1,1,1,1,1,1,1,1,
bram,bbht_grover_upgrade,EQ,12345,0,256,99,0xc6ebb72e,0x08fdf109,normal,HIT,2852,12345,5,2,2,2856,28,33,2852,5,2,2,1,1,1,1,1,1,
bram,bbht_grover_upgrade,EQ,12345,0,256,99,0xc6ebb72e,0x08fdf109,ckpt,HIT,2852,12345,5,2,1,2193,21,28,2852,5,2,1,1,1,1,1,1,1,
bram,bbht_grover_upgrade,RANGE,-4096,4096,1,0,0x7b1dcdaf,0x24370df2,normal,HIT,16227,-1474,21,119,119,41339,413,418,16227,21,119,119,1,1,1,1,1,1,
bram,bbht_grover_upgrade,RANGE,-4096,4096,1,0,0x7b1dcdaf,0x24370df2,ckpt,HIT,16227,-1474,21,119,38,17659,176,183,16227,21,119,38,1,1,1,1,1,1,
bram,bbht_grover_upgrade,RANGE,-4096,4096,1,1,0x3a85a4dc,0xa3b9aa35,normal,HIT,16227,-1474,25,259,259,80265,802,808,16227,25,259,259,1,1,1,1,1,1,
bram,bbht_grover_upgrade,RANGE,-4096,4096,1,1,0x3a85a4dc,0xa3b9aa35,ckpt,HIT,16227,-1474,25,259,87,31977,319,324,16227,25,259,87,1,1,1,1,1,1,
bram,bbht_grover_upgrade,RANGE,-4096,4096,1,2,0x6162a8b2,0x871c276f,normal,HIT,16227,-1474,14,34,34,15526,155,161,16227,14,34,34,1,1,1,1,1,1,
bram,bbht_grover_upgrade,RANGE,-4096,4096,1,2,0x6162a8b2,0x871c276f,ckpt,HIT,16227,-1474,14,34,9,7394,73,80,16227,14,34,9,1,1,1,1,1,1,
bram,bbht_grover_upgrade,RANGE,-4096,4096,1,3,0xc3adc34e,0xf5b8f22b,normal,HIT,16227,-1474,9,8,8,6355,63,69,16227,9,8,8,1,1,1,1,1,1,
bram,bbht_grover_upgrade,RANGE,-4096,4096,1,3,0xc3adc34e,0xf5b8f22b,ckpt,HIT,16227,-1474,9,8,4,4401,44,50,16227,9,8,4,1,1,1,1,1,1,
bram,bbht_grover_upgrade,RANGE,-4096,4096,1,4,0x2bb073ff,0x3f8396e3,normal,HIT,16227,-1474,28,417,417,123603,1236,1241,16227,28,417,417,1,1,1,1,1,1,
bram,bbht_grover_upgrade,RANGE,-4096,4096,1,4,0x2bb073ff,0x3f8396e3,ckpt,HIT,16227,-1474,28,417,69,28815,288,293,16227,28,417,69,1,1,1,1,1,1,
bram,bbht_grover_upgrade,RANGE,-4096,4096,1,5,0xda585ab3,0xa7197ad7,normal,HIT,16227,-1474,27,221,221,71282,712,718,16227,27,221,221,1,1,1,1,1,1,
bram,bbht_grover_upgrade,RANGE,-4096,4096,1,5,0xda585ab3,0xa7197ad7,ckpt,HIT,16227,-1474,27,221,68,28151,281,287,16227,27,221,68,1,1,1,1,1,1,
bram,bbht_grover_upgrade,RANGE,-4096,4096,1,6,0x0ed109c0,0x5701ce52,normal,HIT,16227,-1474,25,258,258,80037,800,805,16227,25,258,258,1,1,1,1,1,1,
bram,bbht_grover_upgrade,RANGE,-4096,4096,1,6,0x0ed109c0,0x5701ce52,ckpt,HIT,16227,-1474,25,258,58,24838,248,254,16227,25,258,58,1,1,1,1,1,1,
bram,bbht_grover_upgrade,RANGE,-4096,4096,1,7,0x102ecf73,0x53c7612b,normal,HIT,16227,-1474,27,351,351,105706,1057,1063,16227,27,351,351,1,1,1,1,1,1,
bram,bbht_grover_upgrade,RANGE,-4096,4096,1,7,0x102ecf73,0x53c7612b,ckpt,HIT,16227,-1474,27,351,65,30411,304,309,16227,27,351,65,1,1,1,1,1,1,
bram,bbht_grover_upgrade,RANGE,-4096,4096,1,8,0xcf29b6a1,0x35231a84,normal,HIT,16227,-1474,20,93,93,34056,340,345,16227,20,93,93,1,1,1,1,1,1,
bram,bbht_grover_upgrade,RANGE,-4096,4096,1,8,0xcf29b6a1,0x35231a84,ckpt,HIT,16227,-1474,20,93,26,14283,142,148,16227,20,93,26,1,1,1,1,1,1,
bram,bbht_grover_upgrade,RANGE,-4096,4096,1,9,0xc49cbb42,0xd0a3bbb8,normal,HIT,16227,-1474,25,189,189,61781,617,623,16227,25,189,189,1,1,1,1,1,1,
bram,bbht_grover_upgrade,RANGE,-4096,4096,1,9,0xc49cbb42,0xd0a3bbb8,ckpt,HIT,16227,-1474,25,189,68,27146,271,278,16227,25,189,68,1,1,1,1,1,1,
bram,bbht_grover_upgrade,RANGE,-4096,4096,1,10,0x4cc51d23,0xee0e3ab4,normal,HIT,16227,-1474,28,357,357,107714,1077,1082,16227,28,357,357,1,1,1,1,1,1,
bram,bbht_grover_upgrade,RANGE,-4096,4096,1,10,0x4cc51d23,0xee0e3ab4,ckpt,HIT,16227,-1474,28,357,122,42478,424,430,16227,28,357,122,1,1,1,1,1,1,
bram,bbht_grover_upgrade,RANGE,-4096,4096,1,11,0xf9e8aa7a,0x3208c31a,normal,HIT,16227,-1474,22,152,152,50503,505,510,16227,22,152,152,1,1,1,1,1,1,
bram,bbht_grover_upgrade,RANGE,-4096,4096,1,11,0xf9e8aa7a,0x3208c31a,ckpt,HIT,16227,-1474,22,152,45,20005,200,204,16227,22,152,45,1,1,1,1,1,1,
bram,bbht_grover_upgrade,RANGE,-4096,4096,1,12,0xdda8b051,0xc8105c9d,normal,HIT,16227,-1474,19,51,51,22382,223,228,16227,19,51,51,1,1,1,1,1,1,
bram,bbht_grover_upgrade,RANGE,-4096,4096,1,12,0xdda8b051,0xc8105c9d,ckpt,HIT,16227,-1474,19,51,15,10925,109,114,16227,19,51,15,1,1,1,1,1,1,
bram,bbht_grover_upgrade,RANGE,-4096,4096,1,13,0xabfb11bf,0xf5dec75e,normal,HIT,16227,-1474,22,128,128,44290,442,448,16227,22,128,128,1,1,1,1,1,1,
bram,bbht_grover_upgrade,RANGE,-4096,4096,1,13,0xabfb11bf,0xf5dec75e,ckpt,HIT,16227,-1474,22,128,44,19773,197,203,16227,22,128,44,1,1,1,1,1,1,
bram,bbht_grover_upgrade,RANGE,-4096,4096,1,14,0x20639811,0x6b6a7c47,normal,HIT,16227,-1474,24,171,171,56628,566,571,16227,24,171,171,1,1,1,1,1,1,
bram,bbht_grover_upgrade,RANGE,-4096,4096,1,14,0x20639811,0x6b6a7c47,ckpt,HIT,16227,-1474,24,171,53,22869,228,234,16227,24,171,53,1,1,1,1,1,1,
bram,bbht_grover_upgrade,RANGE,-4096,4096,1,15,0xac72acd2,0xca84bc6c,normal,HIT,16227,-1474,13,18,18,10832,108,113,16227,13,18,18,1,1,1,1,1,1,
bram,bbht_grover_upgrade,RANGE,-4096,4096,1,15,0xac72acd2,0xca84bc6c,ckpt,HIT,16227,-1474,13,18,6,6264,62,67,16227,13,18,6,1,1,1,1,1,1,
bram,bbht_grover_upgrade,RANGE,-4096,4096,1,16,0x49a2da79,0xe1376725,normal,HIT,16227,-1474,19,80,80,30092,300,306,16227,19,80,80,1,1,1,1,1,1,
bram,bbht_grover_upgrade,RANGE,-4096,4096,1,16,0x49a2da79,0xe1376725,ckpt,HIT,16227,-1474,19,80,13,10324,103,109,16227,19,80,13,1,1,1,1,1,1,
bram,bbht_grover_upgrade,RANGE,-4096,4096,1,17,0x63a4e9d7,0x6166dba4,normal,HIT,16227,-1474,28,359,359,108104,1081,1086,16227,28,359,359,1,1,1,1,1,1,
bram,bbht_grover_upgrade,RANGE,-4096,4096,1,17,0x63a4e9d7,0x6166dba4,ckpt,HIT,16227,-1474,28,359,127,44184,441,446,16227,28,359,127,1,1,1,1,1,1,
bram,bbht_grover_upgrade,RANGE,-4096,4096,1,18,0x8983f102,0x43fb6183,normal,HIT,16227,-1474,24,216,216,68488,684,690,16227,24,216,216,1,1,1,1,1,1,
bram,bbht_grover_upgrade,RANGE,-4096,4096,1,18,0x8983f102,0x43fb6183,ckpt,HIT,16227,-1474,24,216,73,28161,281,286,16227,24,216,73,1,1,1,1,1,1,
bram,bbht_grover_upgrade,RANGE,-4096,4096,1,19,0xb671aa78,0xc97ad8a2,normal,HIT,16227,-1474,21,82,82,31549,315,320,16227,21,82,82,1,1,1,1,1,1,
bram,bbht_grover_upgrade,RANGE,-4096,4096,1,19,0xb671aa78,0xc97ad8a2,ckpt,HIT,16227,-1474,21,82,33,16202,162,167,16227,21,82,33,1,1,1,1,1,1,
bram,bbht_grover_upgrade,RANGE,-4096,4096,1,20,0xdaeb566a,0x989e5b3d,normal,HIT,16227,-1474,26,213,213,68550,685,692,16227,26,213,213,1,1,1,1,1,1,
bram,bbht_grover_upgrade,RANGE,-4096,4096,1,20,0xdaeb566a,0x989e5b3d,ckpt,HIT,16227,-1474,26,213,68,27326,273,279,16227,26,213,68,1,1,1,1,1,1,
bram,bbht_grover_upgrade,RANGE,-4096,4096,1,21,0xf6181c00,0xa345ac4b,normal,HIT,16227,-1474,27,295,295,90876,908,914,16227,27,295,295,1,1,1,1,1,1,
bram,bbht_grover_upgrade,RANGE,-4096,4096,1,21,0xf6181c00,0xa345ac4b,ckpt,HIT,16227,-1474,27,295,102,37330,373,379,16227,27,295,102,1,1,1,1,1,1,
bram,bbht_grover_upgrade,RANGE,-4096,4096,1,22,0x4e18d852,0xa08980df,normal,HIT,16227,-1474,22,117,117,41255,412,417,16227,22,117,117,1,1,1,1,1,1,
bram,bbht_grover_upgrade,RANGE,-4096,4096,1,22,0x4e18d852,0xa08980df,ckpt,HIT,16227,-1474,22,117,24,14541,145,151,16227,22,117,24,1,1,1,1,1,1,
bram,bbht_grover_upgrade,RANGE,-4096,4096,1,23,0xa035ceba,0x611de4c4,normal,HIT,16227,-1474,10,13,13,8161,81,86,16227,10,13,13,1,1,1,1,1,1,
bram,bbht_grover_upgrade,RANGE,-4096,4096,1,23,0xa035ceba,0x611de4c4,ckpt,HIT,16227,-1474,10,13,5,5025,50,56,16227,10,13,5,1,1,1,1,1,1,
bram,bbht_grover_upgrade,RANGE,-4096,4096,1,24,0xc2416ee4,0x7323f479,normal,HIT,16227,-1474,24,291,291,88285,882,888,16227,24,291,291,1,1,1,1,1,1,
bram,bbht_grover_upgrade,RANGE,-4096,4096,1,24,0xc2416ee4,0x7323f479,ckpt,HIT,16227,-1474,24,291,64,25552,255,260,16227,24,291,64,1,1,1,1,1,1,
bram,bbht_grover_upgrade,RANGE,-4096,4096,1,25,0xfbdafbdd,0xa0c0cf2f,normal,HIT,16227,-1474,19,77,77,29249,292,298,16227,19,77,77,1,1,1,1,1,1,
bram,bbht_grover_upgrade,RANGE,-4096,4096,1,25,0xfbdafbdd,0xa0c0cf2f,ckpt,HIT,16227,-1474,19,77,22,12722,127,132,16227,19,77,22,1,1,1,1,1,1,
bram,bbht_grover_upgrade,RANGE,-4096,4096,1,26,0xa43fbf47,0x8de97b10,normal,HIT,16227,-1474,23,140,140,47694,476,482,16227,23,140,140,1,1,1,1,1,1,
bram,bbht_grover_upgrade,RANGE,-4096,4096,1,26,0xa43fbf47,0x8de97b10,ckpt,HIT,16227,-1474,23,140,48,20700,207,212,16227,23,140,48,1,1,1,1,1,1,
bram,bbht_grover_upgrade,RANGE,-4096,4096,1,27,0x6811f7c1,0xcb07044a,normal,HIT,16227,-1474,7,6,6,4861,48,54,16227,7,6,6,1,1,1,1,1,1,
bram,bbht_grover_upgrade,RANGE,-4096,4096,1,27,0x6811f7c1,0xcb07044a,ckpt,HIT,16227,-1474,7,6,2,3152,31,37,16227,7,6,2,1,1,1,1,1,1,
bram,bbht_grover_upgrade,RANGE,-4096,4096,1,28,0x610dde2c,0x8cf5deb9,normal,HIT,16227,-1474,21,89,89,33421,334,338,16227,21,89,89,1,1,1,1,1,1,
bram,bbht_grover_upgrade,RANGE,-4096,4096,1,28,0x610dde2c,0x8cf5deb9,ckpt,HIT,16227,-1474,21,89,21,13170,131,137,16227,21,89,21,1,1,1,1,1,1,
bram,bbht_grover_upgrade,RANGE,-4096,4096,1,29,0x82241b87,0xbbe27f39,normal,HIT,16227,-1474,23,211,211,66644,666,672,16227,23,211,211,1,1,1,1,1,1,
bram,bbht_grover_upgrade,RANGE,-4096,4096,1,29,0x82241b87,0xbbe27f39,ckpt,HIT,16227,-1474,23,211,53,22258,222,228,16227,23,211,53,1,1,1,1,1,1,
bram,bbht_grover_upgrade,RANGE,-4096,4096,1,30,0x48647490,0xea9551eb,normal,HIT,16227,-1474,20,80,80,30488,304,310,16227,20,80,80,1,1,1,1,1,1,
bram,bbht_grover_upgrade,RANGE,-4096,4096,1,30,0x48647490,0xea9551eb,ckpt,HIT,16227,-1474,20,80,26,14356,143,150,16227,20,80,26,1,1,1,1,1,1,
bram,bbht_grover_upgrade,RANGE,-4096,4096,1,31,0x63df3b7f,0xa8b057e1,normal,HIT,16227,-1474,21,106,106,37972,379,385,16227,21,106,106,1,1,1,1,1,1,
bram,bbht_grover_upgrade,RANGE,-4096,4096,1,31,0x63df3b7f,0xa8b057e1,ckpt,HIT,16227,-1474,21,106,43,19099,190,196,16227,21,106,43,1,1,1,1,1,1,
bram,bbht_grover_upgrade,RANGE,-4096,4096,1,32,0x433125bb,0x3221fef0,normal,HIT,16227,-1474,27,325,325,98749,987,993,16227,27,325,325,1,1,1,1,1,1,
bram,bbht_grover_upgrade,RANGE,-4096,4096,1,32,0x433125bb,0x3221fef0,ckpt,HIT,16227,-1474,27,325,101,36316,363,369,16227,27,325,101,1,1,1,1,1,1,
bram,bbht_grover_upgrade,RANGE,-4096,4096,1,33,0x7943be40,0x6641ee79,normal,HIT,16227,-1474,21,127,127,43370,433,438,16227,21,127,127,1,1,1,1,1,1,
bram,bbht_grover_upgrade,RANGE,-4096,4096,1,33,0x7943be40,0x6641ee79,ckpt,HIT,16227,-1474,21,127,34,16427,164,170,16227,21,127,34,1,1,1,1,1,1,
bram,bbht_grover_upgrade,RANGE,-4096,4096,1,34,0x26c93252,0x675d2908,normal,HIT,16227,-1474,22,129,129,44378,443,450,16227,22,129,129,1,1,1,1,1,1,
bram,bbht_grover_upgrade,RANGE,-4096,4096,1,34,0x26c93252,0x675d2908,ckpt,HIT,16227,-1474,22,129,20,13286,132,139,16227,22,129,20,1,1,1,1,1,1,
bram,bbht_grover_upgrade,RANGE,-4096,4096,1,35,0xdbe3ed49,0xa7cfea56,normal,HIT,16227,-1474,22,146,146,49078,490,495,16227,22,146,146,1,1,1,1,1,1,
bram,bbht_grover_upgrade,RANGE,-4096,4096,1,35,0xdbe3ed49,0xa7cfea56,ckpt,HIT,16227,-1474,22,146,46,20622,206,211,16227,22,146,46,1,1,1,1,1,1,
bram,bbht_grover_upgrade,RANGE,-4096,4096,1,36,0xc2ec9bb4,0xbfc0ae9e,normal,HIT,16227,-1474,17,47,47,20467,204,210,16227,17,47,47,1,1,1,1,1,1,
bram,bbht_grover_upgrade,RANGE,-4096,4096,1,36,0xc2ec9bb4,0xbfc0ae9e,ckpt,HIT,16227,-1474,17,47,18,10936,109,114,16227,17,47,18,1,1,1,1,1,1,
bram,bbht_grover_upgrade,RANGE,-4096,4096,1,37,0xe7ec8559,0x307064ac,normal,HIT,16227,-1474,22,142,142,47896,478,484,16227,22,142,142,1,1,1,1,1,1,
bram,bbht_grover_upgrade,RANGE,-4096,4096,1,37,0xe7ec8559,0x307064ac,ckpt,HIT,16227,-1474,22,142,44,19800,198,203,16227,22,142,44,1,1,1,1,1,1,
bram,bbht_grover_upgrade,RANGE,-4096,4096,1,38,0xccb88b54,0x2cf00158,normal,HIT,16227,-1474,27,319,319,97278,972,978,16227,27,319,319,1,1,1,1,1,1,
bram,bbht_grover_upgrade,RANGE,-4096,4096,1,38,0xccb88b54,0x2cf00158,ckpt,HIT,16227,-1474,27,319,72,28903,289,294,16227,27,319,72,1,1,1,1,1,1,
bram,bbht_grover_upgrade,RANGE,-4096,4096,1,39,0xb512e6a4,0x2b9e708c,normal,HIT,16227,-1474,18,71,71,27224,272,277,16227,18,71,71,1,1,1,1,1,1,
bram,bbht_grover_upgrade,RANGE,-4096,4096,1,39,0xb512e6a4,0x2b9e708c,ckpt,HIT,16227,-1474,18,71,22,12433,124,129,16227,18,71,22,1,1,1,1,1,1,
bram,bbht_grover_upgrade,RANGE,-4096,4096,1,40,0x7e2c3d82,0xa69fb195,normal,HIT,16227,-1474,24,170,170,56246,562,568,16227,24,170,170,1,1,1,1,1,1,
bram,bbht_grover_upgrade,RANGE,-4096,4096,1,40,0x7e2c3d82,0xa69fb195,ckpt,HIT,16227,-1474,24,170,52,22932,229,235,16227,24,170,52,1,1,1,1,1,1,
bram,bbht_grover_upgrade,RANGE,-4096,4096,1,41,0x58b3e5ad,0x23a21253,normal,HIT,16227,-1474,25,258,258,79957,799,805,16227,25,258,258,1,1,1,1,1,1,
bram,bbht_grover_upgrade,RANGE,-4096,4096,1,41,0x58b3e5ad,0x23a21253,ckpt,HIT,16227,-1474,25,258,78,33412,334,339,16227,25,258,78,1,1,1,1,1,1,
bram,bbht_grover_upgrade,RANGE,-4096,4096,1,42,0x9a07c40b,0x3ea78d8c,normal,HIT,16227,-1474,24,245,245,76079,760,765,16227,24,245,245,1,1,1,1,1,1,
bram,bbht_grover_upgrade,RANGE,-4096,4096,1,42,0x9a07c40b,0x3ea78d8c,ckpt,HIT,16227,-1474,24,245,55,23269,232,238,16227,24,245,55,1,1,1,1,1,1,
bram,bbht_grover_upgrade,RANGE,-4096,4096,1,43,0xf1f9a54b,0x7b00db61,normal,HIT,16227,-1474,21,141,141,47133,471,476,16227,21,141,141,1,1,1,1,1,1,
bram,bbht_grover_upgrade,RANGE,-4096,4096,1,43,0xf1f9a54b,0x7b00db61,ckpt,HIT,16227,-1474,21,141,27,14907,149,154,16227,21,141,27,1,1,1,1,1,1,
bram,bbht_grover_upgrade,RANGE,-4096,4096,1,44,0xfba6212d,0xb8b8356a,normal,HIT,16227,-1474,24,167,167,55365,553,558,16227,24,167,167,1,1,1,1,1,1,
bram,bbht_grover_upgrade,RANGE,-4096,4096,1,44,0xfba6212d,0xb8b8356a,ckpt,HIT,16227,-1474,24,167,41,19294,192,198,16227,24,167,41,1,1,1,1,1,1,
bram,bbht_grover_upgrade,RANGE,-4096,4096,1,45,0x1ca60615,0xd753b84a,normal,HIT,16227,-1474,24,245,245,76028,760,765,16227,24,245,245,1,1,1,1,1,1,
bram,bbht_grover_upgrade,RANGE,-4096,4096,1,45,0x1ca60615,0xd753b84a,ckpt,HIT,16227,-1474,24,245,45,20426,204,210,16227,24,245,45,1,1,1,1,1,1,
bram,bbht_grover_upgrade,RANGE,-4096,4096,1,46,0xa085c93e,0x19b8504d,normal,HIT,16227,-1474,25,235,235,73925,739,745,16227,25,235,235,1,1,1,1,1,1,
bram,bbht_grover_upgrade,RANGE,-4096,4096,1,46,0xa085c93e,0x19b8504d,ckpt,HIT,16227,-1474,25,235,75,28819,288,293,16227,25,235,75,1,1,1,1,1,1,
bram,bbht_grover_upgrade,RANGE,-4096,4096,1,47,0x18190603,0xad0438b2,normal,HIT,16227,-1474,23,189,189,60852,608,614,16227,23,189,189,1,1,1,1,1,1,
bram,bbht_grover_upgrade,RANGE,-4096,4096,1,47,0x18190603,0xad0438b2,ckpt,HIT,16227,-1474,23,189,46,20596,205,211,16227,23,189,46,1,1,1,1,1,1,
bram,bbht_grover_upgrade,RANGE,-4096,4096,1,48,0xc1143c78,0xbbdab3cd,normal,HIT,16227,-1474,22,95,95,35541,355,361,16227,22,95,95,1,1,1,1,1,1,
bram,bbht_grover_upgrade,RANGE,-4096,4096,1,48,0xc1143c78,0xbbdab3cd,ckpt,HIT,16227,-1474,22,95,35,17586,175,181,16227,22,95,35,1,1,1,1,1,1,
bram,bbht_grover_upgrade,RANGE,-4096,4096,1,49,0x332063fc,0x222ba57c,normal,HIT,16227,-1474,22,108,108,38924,389,394,16227,22,108,108,1,1,1,1,1,1,
bram,bbht_grover_upgrade,RANGE,-4096,4096,1,49,0x332063fc,0x222ba57c,ckpt,HIT,16227,-1474,22,108,17,12385,123,128,16227,22,108,17,1,1,1,1,1,1,
bram,bbht_grover_upgrade,RANGE,-4096,4096,1,50,0xd6f4066b,0xab9eb714,normal,HIT,16227,-1474,22,105,105,38106,381,387,16227,22,105,105,1,1,1,1,1,1,
bram,bbht_grover_upgrade,RANGE,-4096,4096,1,50,0xd6f4066b,0xab9eb714,ckpt,HIT,16227,-1474,22,105,30,15771,157,164,16227,22,105,30,1,1,1,1,1,1,
bram,bbht_grover_upgrade,RANGE,-4096,4096,1,51,0x64b9628c,0x9cd8b518,normal,HIT,16227,-1474,15,37,37,16721,167,172,16227,15,37,37,1,1,1,1,1,1,
bram,bbht_grover_upgrade,RANGE,-4096,4096,1,51,0x64b9628c,0x9cd8b518,ckpt,HIT,16227,-1474,15,37,9,7730,77,83,16227,15,37,9,1,1,1,1,1,1,
bram,bbht_grover_upgrade,RANGE,-4096,4096,1,52,0x894e6771,0x8a255c2e,normal,HIT,16227,-1474,19,87,87,31979,319,325,16227,19,87,87,1,1,1,1,1,1,
bram,bbht_grover_upgrade,RANGE,-4096,4096,1,52,0x894e6771,0x8a255c2e,ckpt,HIT,16227,-1474,19,87,21,12366,123,129,16227,19,87,21,1,1,1,1,1,1,
bram,bbht_grover_upgrade,RANGE,-4096,4096,1,53,0xe3e668e8,0xff1f20c3,normal,HIT,16227,-1474,21,115,115,40364,403,408,16227,21,115,115,1,1,1,1,1,1,
bram,bbht_grover_upgrade,RANGE,-4096,4096,1,53,0xe3e668e8,0xff1f20c3,ckpt,HIT,16227,-1474,21,115,39,18004,180,185,16227,21,115,39,1,1,1,1,1,1,
bram,bbht_grover_upgrade,RANGE,-4096,4096,1,54,0x36980406,0xfbdbfa61,normal,HIT,16227,-1474,24,217,217,68662,686,691,16227,24,217,217,1,1,1,1,1,1,
bram,bbht_grover_upgrade,RANGE,-4096,4096,1,54,0x36980406,0xfbdbfa61,ckpt,HIT,16227,-1474,24,217,66,26175,261,266,16227,24,217,66,1,1,1,1,1,1,
bram,bbht_grover_upgrade,RANGE,-4096,4096,1,55,0x114d2b4a,0xa617ad4e,normal,HIT,16227,-1474,23,124,124,43661,436,442,16227,23,124,124,1,1,1,1,1,1,
bram,bbht_grover_upgrade,RANGE,-4096,4096,1,55,0x114d2b4a,0xa617ad4e,ckpt,HIT,16227,-1474,23,124,52,22181,221,227,16227,23,124,52,1,1,1,1,1,1,
bram,bbht_grover_upgrade,RANGE,-4096,4096,1,56,0x3b8907e1,0x0c6cbd10,normal,HIT,16227,-1474,24,207,207,66040,660,666,16227,24,207,207,1,1,1,1,1,1,
bram,bbht_grover_upgrade,RANGE,-4096,4096,1,56,0x3b8907e1,0x0c6cbd10,ckpt,HIT,16227,-1474,24,207,68,26498,264,269,16227,24,207,68,1,1,1,1,1,1,
bram,bbht_grover_upgrade,RANGE,-4096,4096,1,57,0x2cd09c1d,0x964fb1a7,normal,HIT,16227,-1474,21,126,126,43266,432,438,16227,21,126,126,1,1,1,1,1,1,
bram,bbht_grover_upgrade,RANGE,-4096,4096,1,57,0x2cd09c1d,0x964fb1a7,ckpt,HIT,16227,-1474,21,126,31,15815,158,164,16227,21,126,31,1,1,1,1,1,1,
bram,bbht_grover_upgrade,RANGE,-4096,4096,1,58,0x6d7a8604,0xbd6f99c6,normal,HIT,16227,-1474,22,128,128,44286,442,448,16227,22,128,128,1,1,1,1,1,1,
bram,bbht_grover_upgrade,RANGE,-4096,4096,1,58,0x6d7a8604,0xbd6f99c6,ckpt,HIT,16227,-1474,22,128,34,17179,171,176,16227,22,128,34,1,1,1,1,1,1,
bram,bbht_grover_upgrade,RANGE,-4096,4096,1,59,0x1fadaf42,0x60010aa3,normal,HIT,16227,-1474,20,86,86,32214,322,328,16227,20,86,86,1,1,1,1,1,1,
bram,bbht_grover_upgrade,RANGE,-4096,4096,1,59,0x1fadaf42,0x60010aa3,ckpt,HIT,16227,-1474,20,86,25,13943,139,144,16227,20,86,25,1,1,1,1,1,1,
bram,bbht_grover_upgrade,RANGE,-4096,4096,1,60,0x92fe7cfd,0xb54e2773,normal,HIT,16227,-1474,23,217,217,68274,682,688,16227,23,217,217,1,1,1,1,1,1,
bram,bbht_grover_upgrade,RANGE,-4096,4096,1,60,0x92fe7cfd,0xb54e2773,ckpt,HIT,16227,-1474,23,217,49,21722,217,222,16227,23,217,49,1,1,1,1,1,1,
bram,bbht_grover_upgrade,RANGE,-4096,4096,1,61,0x1aecb060,0x9c545eba,normal,HIT,16227,-1474,17,47,47,20440,204,210,16227,17,47,47,1,1,1,1,1,1,
bram,bbht_grover_upgrade,RANGE,-4096,4096,1,61,0x1aecb060,0x9c545eba,ckpt,HIT,16227,-1474,17,47,15,10438,104,110,16227,17,47,15,1,1,1,1,1,1,
bram,bbht_grover_upgrade,RANGE,-4096,4096,1,62,0x91778cc3,0xbd1d1bc0,normal,HIT,16227,-1474,25,256,256,79511,795,800,16227,25,256,256,1,1,1,1,1,1,
bram,bbht_grover_upgrade,RANGE,-4096,4096,1,62,0x91778cc3,0xbd1d1bc0,ckpt,HIT,16227,-1474,25,256,61,25149,251,256,16227,25,256,61,1,1,1,1,1,1,
bram,bbht_grover_upgrade,RANGE,-4096,4096,1,63,0xe6b7e7eb,0xd542988e,normal,HIT,16227,-1474,20,86,86,32107,321,327,16227,20,86,86,1,1,1,1,1,1,
bram,bbht_grover_upgrade,RANGE,-4096,4096,1,63,0xe6b7e7eb,0xd542988e,ckpt,HIT,16227,-1474,20,86,20,12370,123,129,16227,20,86,20,1,1,1,1,1,1,
bram,bbht_grover_upgrade,RANGE,-4096,4096,1,64,0x6770144c,0xd2d3c6e7,normal,HIT,16227,-1474,27,246,246,77802,778,783,16227,27,246,246,1,1,1,1,1,1,
bram,bbht_grover_upgrade,RANGE,-4096,4096,1,64,0x6770144c,0xd2d3c6e7,ckpt,HIT,16227,-1474,27,246,63,29759,297,303,16227,27,246,63,1,1,1,1,1,1,
bram,bbht_grover_upgrade,RANGE,-4096,4096,1,65,0xc600a248,0x0a1e0844,normal,HIT,16227,-1474,23,131,131,45346,453,459,16227,23,131,131,1,1,1,1,1,1,
bram,bbht_grover_upgrade,RANGE,-4096,4096,1,65,0xc600a248,0x0a1e0844,ckpt,HIT,16227,-1474,23,131,64,25116,251,256,16227,23,131,64,1,1,1,1,1,1,
bram,bbht_grover_upgrade,RANGE,-4096,4096,1,66,0x1ea4f830,0x2ef0f28e,normal,HIT,16227,-1474,19,90,90,32741,327,332,16227,19,90,90,1,1,1,1,1,1,
bram,bbht_grover_upgrade,RANGE,-4096,4096,1,66,0x1ea4f830,0x2ef0f28e,ckpt,HIT,16227,-1474,19,90,15,11009,110,115,16227,19,90,15,1,1,1,1,1,1,
bram,bbht_grover_upgrade,RANGE,-4096,4096,1,67,0x639604f3,0x7fe04f83,normal,HIT,16227,-1474,24,153,153,51754,517,522,16227,24,153,153,1,1,1,1,1,1,
bram,bbht_grover_upgrade,RANGE,-4096,4096,1,67,0x639604f3,0x7fe04f83,ckpt,HIT,16227,-1474,24,153,52,22595,225,231,16227,24,153,52,1,1,1,1,1,1,
bram,bbht_grover_upgrade,RANGE,-4096,4096,1,68,0x6e084a84,0xb643b17e,normal,HIT,16227,-1474,27,333,333,100889,1008,1013,16227,27,333,333,1,1,1,1,1,1,
bram,bbht_grover_upgrade,RANGE,-4096,4096,1,68,0x6e084a84,0xb643b17e,ckpt,HIT,16227,-1474,27,333,100,36179,361,368,16227,27,333,100,1,1,1,1,1,1,
bram,bbht_grover_upgrade,RANGE,-4096,4096,1,69,0x3d7fc476,0x467d7a44,normal,HIT,16227,-1474,25,221,221,70254,702,707,16227,25,221,221,1,1,1,1,1,1,
bram,bbht_grover_upgrade,RANGE,-4096,4096,1,69,0x3d7fc476,0x467d7a44,ckpt,HIT,16227,-1474,25,221,60,24883,248,254,16227,25,221,60,1,1,1,1,1,1,
bram,bbht_grover_upgrade,RANGE,-4096,4096,1,70,0xedca3875,0xefade11e,normal,HIT,16227,-1474,23,119,119,42289,422,427,16227,23,119,119,1,1,1,1,1,1,
bram,bbht_grover_upgrade,RANGE,-4096,4096,1,70,0xedca3875,0xefade11e,ckpt,HIT,16227,-1474,23,119,42,19851,198,203,16227,23,119,42,1,1,1,1,1,1,
bram,bbht_grover_upgrade,RANGE,-4096,4096,1,71,0xb883121d,0x095c678c,normal,HIT,16227,-1474,23,161,161,53456,534,540,16227,23,161,161,1,1,1,1,1,1,
bram,bbht_grover_upgrade,RANGE,-4096,4096,1,71,0xb883121d,0x095c678c,ckpt,HIT,16227,-1474,23,161,40,18968,189,196,16227,23,161,40,1,1,1,1,1,1,
bram,bbht_grover_upgrade,RANGE,-4096,4096,1,72,0xace22797,0xbc422a9a,normal,HIT,16227,-1474,22,176,176,56862,568,574,16227,22,176,176,1,1,1,1,1,1,
bram,bbht_grover_upgrade,RANGE,-4096,4096,1,72,0xace22797,0xbc422a9a,ckpt,HIT,16227,-1474,22,176,38,18196,181,188,16227,22,176,38,1,1,1,1,1,1,
bram,bbht_grover_upgrade,RANGE,-4096,4096,1,73,0xefd3172d,0x8c2c3233,normal,HIT,16227,-1474,25,248,248,77313,773,778,16227,25,248,248,1,1,1,1,1,1,
bram,bbht_grover_upgrade,RANGE,-4096,4096,1,73,0xefd3172d,0x8c2c3233,ckpt,HIT,16227,-1474,25,248,70,27456,274,280,16227,25,248,70,1,1,1,1,1,1,
bram,bbht_grover_upgrade,RANGE,-4096,4096,1,74,0xe6aacdb5,0x7f1c158a,normal,HIT,16227,-1474,21,145,145,48215,482,487,16227,21,145,145,1,1,1,1,1,1,
bram,bbht_grover_upgrade,RANGE,-4096,4096,1,74,0xe6aacdb5,0x7f1c158a,ckpt,HIT,16227,-1474,21,145,33,18752,187,192,16227,21,145,33,1,1,1,1,1,1,
bram,bbht_grover_upgrade,RANGE,-4096,4096,1,75,0x6566c598,0xca804b00,normal,HIT,16227,-1474,19,95,95,34033,340,345,16227,19,95,95,1,1,1,1,1,1,
bram,bbht_grover_upgrade,RANGE,-4096,4096,1,75,0x6566c598,0xca804b00,ckpt,HIT,16227,-1474,19,95,26,13964,139,145,16227,19,95,26,1,1,1,1,1,1,
bram,bbht_grover_upgrade,RANGE,-4096,4096,1,76,0x4e646d9d,0xcbae5ac0,normal,HIT,16227,-1474,26,256,256,79994,799,804,16227,26,256,256,1,1,1,1,1,1,
bram,bbht_grover_upgrade,RANGE,-4096,4096,1,76,0x4e646d9d,0xcbae5ac0,ckpt,HIT,16227,-1474,26,256,60,25094,250,256,16227,26,256,60,1,1,1,1,1,1,
bram,bbht_grover_upgrade,RANGE,-4096,4096,1,77,0x05d81d6f,0x260c4013,normal,HIT,16227,-1474,19,90,90,32663,326,331,16227,19,90,90,1,1,1,1,1,1,
bram,bbht_grover_upgrade,RANGE,-4096,4096,1,77,0x05d81d6f,0x260c4013,ckpt,HIT,16227,-1474,19,90,23,12787,127,134,16227,19,90,23,1,1,1,1,1,1,
bram,bbht_grover_upgrade,RANGE,-4096,4096,1,78,0x2018f6a3,0x5728c7f4,normal,HIT,16227,-1474,25,177,177,58637,586,591,16227,25,177,177,1,1,1,1,1,1,
bram,bbht_grover_upgrade,RANGE,-4096,4096,1,78,0x2018f6a3,0x5728c7f4,ckpt,HIT,16227,-1474,25,177,69,27768,277,283,16227,25,177,69,1,1,1,1,1,1,
bram,bbht_grover_upgrade,RANGE,-4096,4096,1,79,0x718ebf0c,0x4d7d460c,normal,HIT,16227,-1474,27,314,314,95872,958,964,16227,27,314,314,1,1,1,1,1,1,
bram,bbht_grover_upgrade,RANGE,-4096,4096,1,79,0x718ebf0c,0x4d7d460c,ckpt,HIT,16227,-1474,27,314,112,39689,396,402,16227,27,314,112,1,1,1,1,1,1,
bram,bbht_grover_upgrade,RANGE,-4096,4096,1,80,0x042a8f17,0x2093b3f4,normal,HIT,16227,-1474,24,175,175,57571,575,581,16227,24,175,175,1,1,1,1,1,1,
bram,bbht_grover_upgrade,RANGE,-4096,4096,1,80,0x042a8f17,0x2093b3f4,ckpt,HIT,16227,-1474,24,175,48,21432,214,218,16227,24,175,48,1,1,1,1,1,1,
bram,bbht_grover_upgrade,RANGE,-4096,4096,1,81,0xfc1c775d,0x35bd20f1,normal,HIT,16227,-1474,29,362,362,109355,1093,1099,16227,29,362,362,1,1,1,1,1,1,
bram,bbht_grover_upgrade,RANGE,-4096,4096,1,81,0xfc1c775d,0x35bd20f1,ckpt,HIT,16227,-1474,29,362,99,36759,367,372,16227,29,362,99,1,1,1,1,1,1,
bram,bbht_grover_upgrade,RANGE,-4096,4096,1,82,0x16b93b63,0x7d609ba5,normal,HIT,16227,-1474,22,136,136,46393,463,469,16227,22,136,136,1,1,1,1,1,1,
bram,bbht_grover_upgrade,RANGE,-4096,4096,1,82,0x16b93b63,0x7d609ba5,ckpt,HIT,16227,-1474,22,136,40,18621,186,192,16227,22,136,40,1,1,1,1,1,1,
bram,bbht_grover_upgrade,RANGE,-4096,4096,1,83,0x8ce1028e,0xb152e7ef,normal,HIT,16227,-1474,19,79,79,29723,297,302,16227,19,79,79,1,1,1,1,1,1,
bram,bbht_grover_upgrade,RANGE,-4096,4096,1,83,0x8ce1028e,0xb152e7ef,ckpt,HIT,16227,-1474,19,79,22,12734,127,132,16227,19,79,22,1,1,1,1,1,1,
bram,bbht_grover_upgrade,RANGE,-4096,4096,1,84,0x87bad980,0x7dbefa97,normal,HIT,16227,-1474,22,163,163,53500,535,539,16227,22,163,163,1,1,1,1,1,1,
bram,bbht_grover_upgrade,RANGE,-4096,4096,1,84,0x87bad980,0x7dbefa97,ckpt,HIT,16227,-1474,22,163,34,17071,170,176,16227,22,163,34,1,1,1,1,1,1,
bram,bbht_grover_upgrade,RANGE,-4096,4096,1,85,0xd63d86f3,0xf5399cca,normal,HIT,16227,-1474,21,129,129,44024,440,445,16227,21,129,129,1,1,1,1,1,1,
bram,bbht_grover_upgrade,RANGE,-4096,4096,1,85,0xd63d86f3,0xf5399cca,ckpt,HIT,16227,-1474,21,129,43,21996,219,225,16227,21,129,43,1,1,1,1,1,1,
bram,bbht_grover_upgrade,RANGE,-4096,4096,1,86,0xeeaba102,0x01560fc0,normal,HIT,16227,-1474,22,109,109,39199,391,398,16227,22,109,109,1,1,1,1,1,1,
bram,bbht_grover_upgrade,RANGE,-4096,4096,1,86,0xeeaba102,0x01560fc0,ckpt,HIT,16227,-1474,22,109,20,13668,136,141,16227,22,109,20,1,1,1,1,1,1,
bram,bbht_grover_upgrade,RANGE,-4096,4096,1,87,0xc1fee4bb,0xc7e12d58,normal,HIT,16227,-1474,17,54,54,22246,222,228,16227,17,54,54,1,1,1,1,1,1,
bram,bbht_grover_upgrade,RANGE,-4096,4096,1,87,0xc1fee4bb,0xc7e12d58,ckpt,HIT,16227,-1474,17,54,13,9499,94,100,16227,17,54,13,1,1,1,1,1,1,
bram,bbht_grover_upgrade,RANGE,-4096,4096,1,88,0x0707c9da,0xf644a3f9,normal,HIT,16227,-1474,22,115,115,40713,407,412,16227,22,115,115,1,1,1,1,1,1,
bram,bbht_grover_upgrade,RANGE,-4096,4096,1,88,0x0707c9da,0xf644a3f9,ckpt,HIT,16227,-1474,22,115,51,21549,215,220,16227,22,115,51,1,1,1,1,1,1,
bram,bbht_grover_upgrade,RANGE,-4096,4096,1,89,0xde0d9c30,0x58a2ee8f,normal,HIT,16227,-1474,23,150,150,50466,504,509,16227,23,150,150,1,1,1,1,1,1,
bram,bbht_grover_upgrade,RANGE,-4096,4096,1,89,0xde0d9c30,0x58a2ee8f,ckpt,HIT,16227,-1474,23,150,54,22541,225,230,16227,23,150,54,1,1,1,1,1,1,
bram,bbht_grover_upgrade,RANGE,-4096,4096,1,90,0x7cd0efc7,0x9f385cfb,normal,HIT,16227,-1474,13,12,12,9292,92,99,16227,13,12,12,1,1,1,1,1,1,
bram,bbht_grover_upgrade,RANGE,-4096,4096,1,90,0x7cd0efc7,0x9f385cfb,ckpt,HIT,16227,-1474,13,12,6,6310,63,69,16227,13,12,6,1,1,1,1,1,1,
bram,bbht_grover_upgrade,RANGE,-4096,4096,1,91,0xe4cb50a6,0x94d13729,normal,HIT,16227,-1474,26,241,241,76057,760,765,16227,26,241,241,1,1,1,1,1,1,
bram,bbht_grover_upgrade,RANGE,-4096,4096,1,91,0xe4cb50a6,0x94d13729,ckpt,HIT,16227,-1474,26,241,86,32315,323,328,16227,26,241,86,1,1,1,1,1,1,
bram,bbht_grover_upgrade,RANGE,-4096,4096,1,92,0xa0882219,0x18f75d24,normal,HIT,16227,-1474,26,354,354,106031,1060,1066,16227,26,354,354,1,1,1,1,1,1,
bram,bbht_grover_upgrade,RANGE,-4096,4096,1,92,0xa0882219,0x18f75d24,ckpt,HIT,16227,-1474,26,354,89,32973,329,334,16227,26,354,89,1,1,1,1,1,1,
bram,bbht_grover_upgrade,RANGE,-4096,4096,1,93,0xc435e6f2,0xf75a52bc,normal,HIT,16227,-1474,27,294,294,90514,905,911,16227,27,294,294,1,1,1,1,1,1,
bram,bbht_grover_upgrade,RANGE,-4096,4096,1,93,0xc435e6f2,0xf75a52bc,ckpt,HIT,16227,-1474,27,294,83,32128,321,326,16227,27,294,83,1,1,1,1,1,1,
bram,bbht_grover_upgrade,RANGE,-4096,4096,1,94,0x011b63f0,0x0aa34346,normal,HIT,16227,-1474,26,229,229,72843,728,734,16227,26,229,229,1,1,1,1,1,1,
bram,bbht_grover_upgrade,RANGE,-4096,4096,1,94,0x011b63f0,0x0aa34346,ckpt,HIT,16227,-1474,26,229,93,34290,342,349,16227,26,229,93,1,1,1,1,1,1,
bram,bbht_grover_upgrade,RANGE,-4096,4096,1,95,0x1b456e77,0xee460f94,normal,HIT,16227,-1474,25,214,214,68452,684,690,16227,25,214,214,1,1,1,1,1,1,
bram,bbht_grover_upgrade,RANGE,-4096,4096,1,95,0x1b456e77,0xee460f94,ckpt,HIT,16227,-1474,25,214,80,34027,340,346,16227,25,214,80,1,1,1,1,1,1,
bram,bbht_grover_upgrade,RANGE,-4096,4096,1,96,0x10088608,0xef418331,normal,HIT,16227,-1474,24,183,183,59621,596,601,16227,24,183,183,1,1,1,1,1,1,
bram,bbht_grover_upgrade,RANGE,-4096,4096,1,96,0x10088608,0xef418331,ckpt,HIT,16227,-1474,24,183,68,27137,271,277,16227,24,183,68,1,1,1,1,1,1,
bram,bbht_grover_upgrade,RANGE,-4096,4096,1,97,0x6fcfc352,0xf8fa9f4c,normal,HIT,16227,-1474,19,69,69,27257,272,277,16227,19,69,69,1,1,1,1,1,1,
bram,bbht_grover_upgrade,RANGE,-4096,4096,1,97,0x6fcfc352,0xf8fa9f4c,ckpt,HIT,16227,-1474,19,69,19,12300,123,128,16227,19,69,19,1,1,1,1,1,1,
bram,bbht_grover_upgrade,RANGE,-4096,4096,1,98,0xfb6077af,0x713595a9,normal,HIT,16227,-1474,22,153,153,50786,507,513,16227,22,153,153,1,1,1,1,1,1,
bram,bbht_grover_upgrade,RANGE,-4096,4096,1,98,0xfb6077af,0x713595a9,ckpt,HIT,16227,-1474,22,153,51,21502,215,221,16227,22,153,51,1,1,1,1,1,1,
bram,bbht_grover_upgrade,RANGE,-4096,4096,1,99,0xc6ebb72e,0x08fdf109,normal,HIT,16227,-1474,27,263,263,82207,822,827,16227,27,263,263,1,1,1,1,1,1,
bram,bbht_grover_upgrade,RANGE,-4096,4096,1,99,0xc6ebb72e,0x08fdf109,ckpt,HIT,16227,-1474,27,263,138,46398,463,468,16227,27,263,138,1,1,1,1,1,1,
bram,bbht_grover_upgrade,RANGE,-4096,4096,4,0,0x7b1dcdaf,0x24370df2,normal,HIT,4728,-2771,20,81,81,30800,308,314,4728,20,81,81,1,1,1,1,1,1,
bram,bbht_grover_upgrade,RANGE,-4096,4096,4,0,0x7b1dcdaf,0x24370df2,ckpt,HIT,4728,-2771,20,81,16,11525,115,121,4728,20,81,16,1,1,1,1,1,1,
bram,bbht_grover_upgrade,RANGE,-4096,4096,4,1,0x3a85a4dc,0xa3b9aa35,normal,HIT,4728,-2771,19,56,56,23741,237,242,4728,19,56,56,1,1,1,1,1,1,
bram,bbht_grover_upgrade,RANGE,-4096,4096,4,1,0x3a85a4dc,0xa3b9aa35,ckpt,HIT,4728,-2771,19,56,12,10054,100,105,4728,19,56,12,1,1,1,1,1,1,
bram,bbht_grover_upgrade,RANGE,-4096,4096,4,2,0x6162a8b2,0x871c276f,normal,HIT,16227,-1474,17,56,56,22761,227,233,16227,17,56,56,1,1,1,1,1,1,
bram,bbht_grover_upgrade,RANGE,-4096,4096,4,2,0x6162a8b2,0x871c276f,ckpt,HIT,16227,-1474,17,56,16,10286,102,108,16227,17,56,16,1,1,1,1,1,1,
bram,bbht_grover_upgrade,RANGE,-4096,4096,4,3,0xc3adc34e,0xf5b8f22b,normal,HIT,16227,-1474,9,8,8,6327,63,68,16227,9,8,8,1,1,1,1,1,1,
bram,bbht_grover_upgrade,RANGE,-4096,4096,4,3,0xc3adc34e,0xf5b8f22b,ckpt,HIT,16227,-1474,9,8,4,4373,43,48,16227,9,8,4,1,1,1,1,1,1,
bram,bbht_grover_upgrade,RANGE,-4096,4096,4,4,0x2bb073ff,0x3f8396e3,normal,HIT,9777,2203,20,108,108,37977,379,385,9777,20,108,108,1,1,1,1,1,1,
bram,bbht_grover_upgrade,RANGE,-4096,4096,4,4,0x2bb073ff,0x3f8396e3,ckpt,HIT,9777,2203,20,108,30,15334,153,159,9777,20,108,30,1,1,1,1,1,1,
bram,bbht_grover_upgrade,RANGE,-4096,4096,4,5,0xda585ab3,0xa7197ad7,normal,HIT,4728,-2771,22,136,136,46348,463,469,4728,22,136,136,1,1,1,1,1,1,
bram,bbht_grover_upgrade,RANGE,-4096,4096,4,5,0xda585ab3,0xa7197ad7,ckpt,HIT,4728,-2771,22,136,41,18906,189,194,4728,22,136,41,1,1,1,1,1,1,
bram,bbht_grover_upgrade,RANGE,-4096,4096,4,6,0x0ed109c0,0x5701ce52,normal,HIT,12345,2314,18,90,90,32193,321,328,12345,18,90,90,1,1,1,1,1,1,
bram,bbht_grover_upgrade,RANGE,-4096,4096,4,6,0x0ed109c0,0x5701ce52,ckpt,HIT,12345,2314,18,90,23,12641,126,132,12345,18,90,23,1,1,1,1,1,1,
bram,bbht_grover_upgrade,RANGE,-4096,4096,4,7,0x102ecf73,0x53c7612b,normal,HIT,4728,-2771,21,112,112,39488,394,401,4728,21,112,112,1,1,1,1,1,1,
bram,bbht_grover_upgrade,RANGE,-4096,4096,4,7,0x102ecf73,0x53c7612b,ckpt,HIT,4728,-2771,21,112,36,17271,172,178,4728,21,112,36,1,1,1,1,1,1,
bram,bbht_grover_upgrade,RANGE,-4096,4096,4,8,0xcf29b6a1,0x35231a84,normal,HIT,16227,-1474,20,93,93,34027,340,345,16227,20,93,93,1,1,1,1,1,1,
bram,bbht_grover_upgrade,RANGE,-4096,4096,4,8,0xcf29b6a1,0x35231a84,ckpt,HIT,16227,-1474,20,93,26,17235,172,177,16227,20,93,26,1,1,1,1,1,1,
bram,bbht_grover_upgrade,RANGE,-4096,4096,4,9,0xc49cbb42,0xd0a3bbb8,normal,HIT,9777,2203,17,40,40,18537,185,190,9777,17,40,40,1,1,1,1,1,1,
bram,bbht_grover_upgrade,RANGE,-4096,4096,4,9,0xc49cbb42,0xd0a3bbb8,ckpt,HIT,9777,2203,17,40,18,10827,108,113,9777,17,40,18,1,1,1,1,1,1,
bram,bbht_grover_upgrade,RANGE,-4096,4096,4,10,0x4cc51d23,0xee0e3ab4,normal,HIT,12345,2314,16,44,44,19089,190,197,12345,16,44,44,1,1,1,1,1,1,
bram,bbht_grover_upgrade,RANGE,-4096,4096,4,10,0x4cc51d23,0xee0e3ab4,ckpt,HIT,12345,2314,16,44,11,8698,86,92,12345,16,44,11,1,1,1,1,1,1,
bram,bbht_grover_upgrade,RANGE,-4096,4096,4,11,0xf9e8aa7a,0x3208c31a,normal,HIT,9777,2203,21,108,108,38379,383,390,9777,21,108,108,1,1,1,1,1,1,
bram,bbht_grover_upgrade,RANGE,-4096,4096,4,11,0xf9e8aa7a,0x3208c31a,ckpt,HIT,9777,2203,21,108,24,14124,141,146,9777,21,108,24,1,1,1,1,1,1,
bram,bbht_grover_upgrade,RANGE,-4096,4096,4,12,0xdda8b051,0xc8105c9d,normal,HIT,16227,-1474,19,51,51,22399,223,230,16227,19,51,51,1,1,1,1,1,1,
bram,bbht_grover_upgrade,RANGE,-4096,4096,4,12,0xdda8b051,0xc8105c9d,ckpt,HIT,16227,-1474,19,51,15,10943,109,114,16227,19,51,15,1,1,1,1,1,1,
bram,bbht_grover_upgrade,RANGE,-4096,4096,4,13,0xabfb11bf,0xf5dec75e,normal,HIT,4728,-2771,21,88,88,33267,332,338,4728,21,88,88,1,1,1,1,1,1,
bram,bbht_grover_upgrade,RANGE,-4096,4096,4,13,0xabfb11bf,0xf5dec75e,ckpt,HIT,4728,-2771,21,88,28,15242,152,157,4728,21,88,28,1,1,1,1,1,1,
bram,bbht_grover_upgrade,RANGE,-4096,4096,4,14,0x20639811,0x6b6a7c47,normal,HIT,4728,-2771,19,71,71,27746,277,282,4728,19,71,71,1,1,1,1,1,1,
bram,bbht_grover_upgrade,RANGE,-4096,4096,4,14,0x20639811,0x6b6a7c47,ckpt,HIT,4728,-2771,19,71,17,11509,115,121,4728,19,71,17,1,1,1,1,1,1,
bram,bbht_grover_upgrade,RANGE,-4096,4096,4,15,0xac72acd2,0xca84bc6c,normal,HIT,9777,2203,16,39,39,17851,178,184,9777,16,39,39,1,1,1,1,1,1,
bram,bbht_grover_upgrade,RANGE,-4096,4096,4,15,0xac72acd2,0xca84bc6c,ckpt,HIT,9777,2203,16,39,11,9037,90,95,9777,16,39,11,1,1,1,1,1,1,
bram,bbht_grover_upgrade,RANGE,-4096,4096,4,16,0x49a2da79,0xe1376725,normal,HIT,9777,2203,14,35,35,15797,157,163,9777,14,35,35,1,1,1,1,1,1,
bram,bbht_grover_upgrade,RANGE,-4096,4096,4,16,0x49a2da79,0xe1376725,ckpt,HIT,9777,2203,14,35,8,7211,72,77,9777,14,35,8,1,1,1,1,1,1,
bram,bbht_grover_upgrade,RANGE,-4096,4096,4,17,0x63a4e9d7,0x6166dba4,normal,HIT,4728,-2771,21,91,91,33941,339,345,4728,21,91,91,1,1,1,1,1,1,
bram,bbht_grover_upgrade,RANGE,-4096,4096,4,17,0x63a4e9d7,0x6166dba4,ckpt,HIT,4728,-2771,21,91,33,16597,165,171,4728,21,91,33,1,1,1,1,1,1,
bram,bbht_grover_upgrade,RANGE,-4096,4096,4,18,0x8983f102,0x43fb6183,normal,HIT,4728,-2771,23,151,151,50782,507,513,4728,23,151,151,1,1,1,1,1,1,
bram,bbht_grover_upgrade,RANGE,-4096,4096,4,18,0x8983f102,0x43fb6183,ckpt,HIT,4728,-2771,23,151,43,19827,198,203,4728,23,151,43,1,1,1,1,1,1,
bram,bbht_grover_upgrade,RANGE,-4096,4096,4,19,0xb671aa78,0xc97ad8a2,normal,HIT,4728,-2771,11,16,16,9326,93,99,4728,11,16,16,1,1,1,1,1,1,
bram,bbht_grover_upgrade,RANGE,-4096,4096,4,19,0xb671aa78,0xc97ad8a2,ckpt,HIT,4728,-2771,11,16,6,5536,55,61,4728,11,16,6,1,1,1,1,1,1,
bram,bbht_grover_upgrade,RANGE,-4096,4096,4,20,0xdaeb566a,0x989e5b3d,normal,HIT,9777,2203,15,33,33,15730,157,162,9777,15,33,33,1,1,1,1,1,1,
bram,bbht_grover_upgrade,RANGE,-4096,4096,4,20,0xdaeb566a,0x989e5b3d,ckpt,HIT,9777,2203,15,33,9,7824,78,83,9777,15,33,9,1,1,1,1,1,1,
bram,bbht_grover_upgrade,RANGE,-4096,4096,4,21,0xf6181c00,0xa345ac4b,normal,HIT,9777,2203,16,38,38,17648,176,180,9777,16,38,38,1,1,1,1,1,1,
bram,bbht_grover_upgrade,RANGE,-4096,4096,4,21,0xf6181c00,0xa345ac4b,ckpt,HIT,9777,2203,16,38,15,13307,133,138,9777,16,38,15,1,1,1,1,1,1,
bram,bbht_grover_upgrade,RANGE,-4096,4096,4,22,0x4e18d852,0xa08980df,normal,HIT,12345,2314,24,178,178,58444,584,590,12345,24,178,178,1,1,1,1,1,1,
bram,bbht_grover_upgrade,RANGE,-4096,4096,4,22,0x4e18d852,0xa08980df,ckpt,HIT,12345,2314,24,178,50,22246,222,229,12345,24,178,50,1,1,1,1,1,1,
bram,bbht_grover_upgrade,RANGE,-4096,4096,4,23,0xa035ceba,0x611de4c4,normal,HIT,16227,-1474,10,13,13,8154,81,86,16227,10,13,13,1,1,1,1,1,1,
bram,bbht_grover_upgrade,RANGE,-4096,4096,4,23,0xa035ceba,0x611de4c4,ckpt,HIT,16227,-1474,10,13,5,5018,50,56,16227,10,13,5,1,1,1,1,1,1,
bram,bbht_grover_upgrade,RANGE,-4096,4096,4,24,0xc2416ee4,0x7323f479,normal,HIT,12345,2314,19,93,93,33595,335,340,12345,19,93,93,1,1,1,1,1,1,
bram,bbht_grover_upgrade,RANGE,-4096,4096,4,24,0xc2416ee4,0x7323f479,ckpt,HIT,12345,2314,19,93,23,13044,130,135,12345,19,93,23,1,1,1,1,1,1,
bram,bbht_grover_upgrade,RANGE,-4096,4096,4,25,0xfbdafbdd,0xa0c0cf2f,normal,HIT,16227,-1474,18,55,55,22967,229,235,16227,18,55,55,1,1,1,1,1,1,
bram,bbht_grover_upgrade,RANGE,-4096,4096,4,25,0xfbdafbdd,0xa0c0cf2f,ckpt,HIT,16227,-1474,18,55,15,10507,105,110,16227,18,55,15,1,1,1,1,1,1,
bram,bbht_grover_upgrade,RANGE,-4096,4096,4,26,0xa43fbf47,0x8de97b10,normal,HIT,4728,-2771,15,29,29,14686,146,153,4728,15,29,29,1,1,1,1,1,1,
bram,bbht_grover_upgrade,RANGE,-4096,4096,4,26,0xa43fbf47,0x8de97b10,ckpt,HIT,4728,-2771,15,29,10,8017,80,86,4728,15,29,10,1,1,1,1,1,1,
bram,bbht_grover_upgrade,RANGE,-4096,4096,4,27,0x6811f7c1,0xcb07044a,normal,HIT,16227,-1474,7,6,6,4865,48,54,16227,7,6,6,1,1,1,1,1,1,
bram,bbht_grover_upgrade,RANGE,-4096,4096,4,27,0x6811f7c1,0xcb07044a,ckpt,HIT,16227,-1474,7,6,2,3156,31,37,16227,7,6,2,1,1,1,1,1,1,
bram,bbht_grover_upgrade,RANGE,-4096,4096,4,28,0x610dde2c,0x8cf5deb9,normal,HIT,12345,2314,21,89,89,33324,333,338,12345,21,89,89,1,1,1,1,1,1,
bram,bbht_grover_upgrade,RANGE,-4096,4096,4,28,0x610dde2c,0x8cf5deb9,ckpt,HIT,12345,2314,21,89,21,13073,130,137,12345,21,89,21,1,1,1,1,1,1,
bram,bbht_grover_upgrade,RANGE,-4096,4096,4,29,0x82241b87,0xbbe27f39,normal,HIT,4728,-2771,18,62,62,24862,248,254,4728,18,62,62,1,1,1,1,1,1,
bram,bbht_grover_upgrade,RANGE,-4096,4096,4,29,0x82241b87,0xbbe27f39,ckpt,HIT,4728,-2771,18,62,21,12103,121,126,4728,18,62,21,1,1,1,1,1,1,
bram,bbht_grover_upgrade,RANGE,-4096,4096,4,30,0x48647490,0xea9551eb,normal,HIT,16227,-1474,17,38,38,17944,179,184,16227,17,38,38,1,1,1,1,1,1,
bram,bbht_grover_upgrade,RANGE,-4096,4096,4,30,0x48647490,0xea9551eb,ckpt,HIT,16227,-1474,17,38,12,9271,92,97,16227,17,38,12,1,1,1,1,1,1,
bram,bbht_grover_upgrade,RANGE,-4096,4096,4,31,0x63df3b7f,0xa8b057e1,normal,HIT,16227,-1474,21,106,106,37855,378,383,16227,21,106,106,1,1,1,1,1,1,
bram,bbht_grover_upgrade,RANGE,-4096,4096,4,31,0x63df3b7f,0xa8b057e1,ckpt,HIT,16227,-1474,21,106,43,19000,190,195,16227,21,106,43,1,1,1,1,1,1,
bram,bbht_grover_upgrade,RANGE,-4096,4096,4,32,0x433125bb,0x3221fef0,normal,HIT,4728,-2771,12,18,18,10389,103,109,4728,12,18,18,1,1,1,1,1,1,
bram,bbht_grover_upgrade,RANGE,-4096,4096,4,32,0x433125bb,0x3221fef0,ckpt,HIT,4728,-2771,12,18,6,5947,59,64,4728,12,18,6,1,1,1,1,1,1,
bram,bbht_grover_upgrade,RANGE,-4096,4096,4,33,0x7943be40,0x6641ee79,normal,HIT,4728,-2771,16,41,41,18273,182,187,4728,16,41,41,1,1,1,1,1,1,
bram,bbht_grover_upgrade,RANGE,-4096,4096,4,33,0x7943be40,0x6641ee79,ckpt,HIT,4728,-2771,16,41,10,8334,83,89,4728,16,41,10,1,1,1,1,1,1,
bram,bbht_grover_upgrade,RANGE,-4096,4096,4,34,0x26c93252,0x675d2908,normal,HIT,4728,-2771,21,110,110,38878,388,394,4728,21,110,110,1,1,1,1,1,1,
bram,bbht_grover_upgrade,RANGE,-4096,4096,4,34,0x26c93252,0x675d2908,ckpt,HIT,4728,-2771,21,110,18,12321,123,128,4728,21,110,18,1,1,1,1,1,1,
bram,bbht_grover_upgrade,RANGE,-4096,4096,4,35,0xdbe3ed49,0xa7cfea56,normal,HIT,12345,2314,19,98,98,34885,348,354,12345,19,98,98,1,1,1,1,1,1,
bram,bbht_grover_upgrade,RANGE,-4096,4096,4,35,0xdbe3ed49,0xa7cfea56,ckpt,HIT,12345,2314,19,98,25,15592,155,160,12345,19,98,25,1,1,1,1,1,1,
bram,bbht_grover_upgrade,RANGE,-4096,4096,4,36,0xc2ec9bb4,0xbfc0ae9e,normal,HIT,9777,2203,24,229,229,72035,720,726,9777,24,229,229,1,1,1,1,1,1,
bram,bbht_grover_upgrade,RANGE,-4096,4096,4,36,0xc2ec9bb4,0xbfc0ae9e,ckpt,HIT,9777,2203,24,229,55,23230,232,238,9777,24,229,55,1,1,1,1,1,1,
bram,bbht_grover_upgrade,RANGE,-4096,4096,4,37,0xe7ec8559,0x307064ac,normal,HIT,9777,2203,13,17,17,10564,105,111,9777,13,17,17,1,1,1,1,1,1,
bram,bbht_grover_upgrade,RANGE,-4096,4096,4,37,0xe7ec8559,0x307064ac,ckpt,HIT,9777,2203,13,17,7,6657,66,72,9777,13,17,7,1,1,1,1,1,1,
bram,bbht_grover_upgrade,RANGE,-4096,4096,4,38,0xccb88b54,0x2cf00158,normal,HIT,12345,2314,13,31,31,14350,143,149,12345,13,31,31,1,1,1,1,1,1,
bram,bbht_grover_upgrade,RANGE,-4096,4096,4,38,0xccb88b54,0x2cf00158,ckpt,HIT,12345,2314,13,31,8,6869,68,74,12345,13,31,8,1,1,1,1,1,1,
bram,bbht_grover_upgrade,RANGE,-4096,4096,4,39,0xb512e6a4,0x2b9e708c,normal,HIT,9777,2203,18,71,71,27331,273,279,9777,18,71,71,1,1,1,1,1,1,
bram,bbht_grover_upgrade,RANGE,-4096,4096,4,39,0xb512e6a4,0x2b9e708c,ckpt,HIT,9777,2203,18,71,22,12540,125,130,9777,18,71,22,1,1,1,1,1,1,
bram,bbht_grover_upgrade,RANGE,-4096,4096,4,40,0x7e2c3d82,0xa69fb195,normal,HIT,12345,2314,21,90,90,33622,336,342,12345,21,90,90,1,1,1,1,1,1,
bram,bbht_grover_upgrade,RANGE,-4096,4096,4,40,0x7e2c3d82,0xa69fb195,ckpt,HIT,12345,2314,21,90,28,15196,151,157,12345,21,90,28,1,1,1,1,1,1,
bram,bbht_grover_upgrade,RANGE,-4096,4096,4,41,0x58b3e5ad,0x23a21253,normal,HIT,12345,2314,17,61,61,24013,240,245,12345,17,61,61,1,1,1,1,1,1,
bram,bbht_grover_upgrade,RANGE,-4096,4096,4,41,0x58b3e5ad,0x23a21253,ckpt,HIT,12345,2314,17,61,21,11653,116,123,12345,17,61,21,1,1,1,1,1,1,
bram,bbht_grover_upgrade,RANGE,-4096,4096,4,42,0x9a07c40b,0x3ea78d8c,normal,HIT,16227,-1474,23,190,190,61065,610,616,16227,23,190,190,1,1,1,1,1,1,
bram,bbht_grover_upgrade,RANGE,-4096,4096,4,42,0x9a07c40b,0x3ea78d8c,ckpt,HIT,16227,-1474,23,190,36,17930,179,184,16227,23,190,36,1,1,1,1,1,1,
bram,bbht_grover_upgrade,RANGE,-4096,4096,4,43,0xf1f9a54b,0x7b00db61,normal,HIT,4728,-2771,21,141,141,47213,472,478,4728,21,141,141,1,1,1,1,1,1,
bram,bbht_grover_upgrade,RANGE,-4096,4096,4,43,0xf1f9a54b,0x7b00db61,ckpt,HIT,4728,-2771,21,141,27,14999,149,156,4728,21,141,27,1,1,1,1,1,1,
bram,bbht_grover_upgrade,RANGE,-4096,4096,4,44,0xfba6212d,0xb8b8356a,normal,HIT,9777,2203,18,58,58,23811,238,243,9777,18,58,58,1,1,1,1,1,1,
bram,bbht_grover_upgrade,RANGE,-4096,4096,4,44,0xfba6212d,0xb8b8356a,ckpt,HIT,9777,2203,18,58,14,10196,101,107,9777,18,58,14,1,1,1,1,1,1,
bram,bbht_grover_upgrade,RANGE,-4096,4096,4,45,0x1ca60615,0xd753b84a,normal,HIT,4728,-2771,20,102,102,36365,363,369,4728,20,102,102,1,1,1,1,1,1,
bram,bbht_grover_upgrade,RANGE,-4096,4096,4,45,0x1ca60615,0xd753b84a,ckpt,HIT,4728,-2771,20,102,33,15980,159,165,4728,20,102,33,1,1,1,1,1,1,
bram,bbht_grover_upgrade,RANGE,-4096,4096,4,46,0xa085c93e,0x19b8504d,normal,HIT,4728,-2771,23,126,126,44192,441,447,4728,23,126,126,1,1,1,1,1,1,
bram,bbht_grover_upgrade,RANGE,-4096,4096,4,46,0xa085c93e,0x19b8504d,ckpt,HIT,4728,-2771,23,126,23,14407,144,149,4728,23,126,23,1,1,1,1,1,1,
bram,bbht_grover_upgrade,RANGE,-4096,4096,4,47,0x18190603,0xad0438b2,normal,HIT,12345,2314,19,76,76,28960,289,295,12345,19,76,76,1,1,1,1,1,1,
bram,bbht_grover_upgrade,RANGE,-4096,4096,4,47,0x18190603,0xad0438b2,ckpt,HIT,12345,2314,19,76,26,13806,138,143,12345,19,76,26,1,1,1,1,1,1,
bram,bbht_grover_upgrade,RANGE,-4096,4096,4,48,0xc1143c78,0xbbdab3cd,normal,HIT,4728,-2771,17,27,27,15144,151,158,4728,17,27,27,1,1,1,1,1,1,
bram,bbht_grover_upgrade,RANGE,-4096,4096,4,48,0xc1143c78,0xbbdab3cd,ckpt,HIT,4728,-2771,17,27,10,11964,119,124,4728,17,27,10,1,1,1,1,1,1,
bram,bbht_grover_upgrade,RANGE,-4096,4096,4,49,0x332063fc,0x222ba57c,normal,HIT,9777,2203,15,32,32,15494,154,160,9777,15,32,32,1,1,1,1,1,1,
bram,bbht_grover_upgrade,RANGE,-4096,4096,4,49,0x332063fc,0x222ba57c,ckpt,HIT,9777,2203,15,32,6,6966,69,75,9777,15,32,6,1,1,1,1,1,1,
bram,bbht_grover_upgrade,RANGE,-4096,4096,4,50,0xd6f4066b,0xab9eb714,normal,HIT,12345,2314,16,32,32,15855,158,164,12345,16,32,32,1,1,1,1,1,1,
bram,bbht_grover_upgrade,RANGE,-4096,4096,4,50,0xd6f4066b,0xab9eb714,ckpt,HIT,12345,2314,16,32,12,8816,88,94,12345,16,32,12,1,1,1,1,1,1,
bram,bbht_grover_upgrade,RANGE,-4096,4096,4,51,0x64b9628c,0x9cd8b518,normal,HIT,9777,2203,20,88,88,32607,326,331,9777,20,88,88,1,1,1,1,1,1,
bram,bbht_grover_upgrade,RANGE,-4096,4096,4,51,0x64b9628c,0x9cd8b518,ckpt,HIT,9777,2203,20,88,22,13305,133,138,9777,20,88,22,1,1,1,1,1,1,
bram,bbht_grover_upgrade,RANGE,-4096,4096,4,52,0x894e6771,0x8a255c2e,normal,HIT,16227,-1474,16,43,43,18919,189,195,16227,16,43,43,1,1,1,1,1,1,
bram,bbht_grover_upgrade,RANGE,-4096,4096,4,52,0x894e6771,0x8a255c2e,ckpt,HIT,16227,-1474,16,43,15,9746,97,102,16227,16,43,15,1,1,1,1,1,1,
bram,bbht_grover_upgrade,RANGE,-4096,4096,4,53,0xe3e668e8,0xff1f20c3,normal,HIT,12345,2314,18,49,49,21442,214,218,12345,18,49,49,1,1,1,1,1,1,
bram,bbht_grover_upgrade,RANGE,-4096,4096,4,53,0xe3e668e8,0xff1f20c3,ckpt,HIT,12345,2314,18,49,16,10851,108,113,12345,18,49,16,1,1,1,1,1,1,
bram,bbht_grover_upgrade,RANGE,-4096,4096,4,54,0x36980406,0xfbdbfa61,normal,HIT,4728,-2771,17,61,61,24079,240,246,4728,17,61,61,1,1,1,1,1,1,
bram,bbht_grover_upgrade,RANGE,-4096,4096,4,54,0x36980406,0xfbdbfa61,ckpt,HIT,4728,-2771,17,61,18,10912,109,115,4728,17,61,18,1,1,1,1,1,1,
bram,bbht_grover_upgrade,RANGE,-4096,4096,4,55,0x114d2b4a,0xa617ad4e,normal,HIT,9777,2203,18,51,51,22024,220,225,9777,18,51,51,1,1,1,1,1,1,
bram,bbht_grover_upgrade,RANGE,-4096,4096,4,55,0x114d2b4a,0xa617ad4e,ckpt,HIT,9777,2203,18,51,11,9647,96,101,9777,18,51,11,1,1,1,1,1,1,
bram,bbht_grover_upgrade,RANGE,-4096,4096,4,56,0x3b8907e1,0x0c6cbd10,normal,HIT,9777,2203,21,86,86,32613,326,331,9777,21,86,86,1,1,1,1,1,1,
bram,bbht_grover_upgrade,RANGE,-4096,4096,4,56,0x3b8907e1,0x0c6cbd10,ckpt,HIT,9777,2203,21,86,27,14615,146,150,9777,21,86,27,1,1,1,1,1,1,
bram,bbht_grover_upgrade,RANGE,-4096,4096,4,57,0x2cd09c1d,0x964fb1a7,normal,HIT,4728,-2771,20,97,97,35034,350,355,4728,20,97,97,1,1,1,1,1,1,
bram,bbht_grover_upgrade,RANGE,-4096,4096,4,57,0x2cd09c1d,0x964fb1a7,ckpt,HIT,4728,-2771,20,97,27,14339,143,149,4728,20,97,27,1,1,1,1,1,1,
bram,bbht_grover_upgrade,RANGE,-4096,4096,4,58,0x6d7a8604,0xbd6f99c6,normal,HIT,12345,2314,22,128,128,44248,442,448,12345,22,128,128,1,1,1,1,1,1,
bram,bbht_grover_upgrade,RANGE,-4096,4096,4,58,0x6d7a8604,0xbd6f99c6,ckpt,HIT,12345,2314,22,128,34,17126,171,176,12345,22,128,34,1,1,1,1,1,1,
bram,bbht_grover_upgrade,RANGE,-4096,4096,4,59,0x1fadaf42,0x60010aa3,normal,HIT,4728,-2771,20,86,86,32260,322,328,4728,20,86,86,1,1,1,1,1,1,
bram,bbht_grover_upgrade,RANGE,-4096,4096,4,59,0x1fadaf42,0x60010aa3,ckpt,HIT,4728,-2771,20,86,25,13989,139,144,4728,20,86,25,1,1,1,1,1,1,
bram,bbht_grover_upgrade,RANGE,-4096,4096,4,60,0x92fe7cfd,0xb54e2773,normal,HIT,4728,-2771,8,6,6,5370,53,59,4728,8,6,6,1,1,1,1,1,1,
bram,bbht_grover_upgrade,RANGE,-4096,4096,4,60,0x92fe7cfd,0xb54e2773,ckpt,HIT,4728,-2771,8,6,2,3536,35,40,4728,8,6,2,1,1,1,1,1,1,
bram,bbht_grover_upgrade,RANGE,-4096,4096,4,61,0x1aecb060,0x9c545eba,normal,HIT,4728,-2771,22,123,123,43023,430,435,4728,22,123,123,1,1,1,1,1,1,
bram,bbht_grover_upgrade,RANGE,-4096,4096,4,61,0x1aecb060,0x9c545eba,ckpt,HIT,4728,-2771,22,123,48,21195,211,217,4728,22,123,48,1,1,1,1,1,1,
bram,bbht_grover_upgrade,RANGE,-4096,4096,4,62,0x91778cc3,0xbd1d1bc0,normal,HIT,12345,2314,22,120,120,42138,421,425,12345,22,120,120,1,1,1,1,1,1,
bram,bbht_grover_upgrade,RANGE,-4096,4096,4,62,0x91778cc3,0xbd1d1bc0,ckpt,HIT,12345,2314,22,120,18,15672,156,162,12345,22,120,18,1,1,1,1,1,1,
bram,bbht_grover_upgrade,RANGE,-4096,4096,4,63,0xe6b7e7eb,0xd542988e,normal,HIT,9777,2203,20,86,86,32091,320,326,9777,20,86,86,1,1,1,1,1,1,
bram,bbht_grover_upgrade,RANGE,-4096,4096,4,63,0xe6b7e7eb,0xd542988e,ckpt,HIT,9777,2203,20,86,20,12354,123,128,9777,20,86,20,1,1,1,1,1,1,
bram,bbht_grover_upgrade,RANGE,-4096,4096,4,64,0x6770144c,0xd2d3c6e7,normal,HIT,12345,2314,16,32,32,15910,159,163,12345,16,32,32,1,1,1,1,1,1,
bram,bbht_grover_upgrade,RANGE,-4096,4096,4,64,0x6770144c,0xd2d3c6e7,ckpt,HIT,12345,2314,16,32,12,9191,91,97,12345,16,32,12,1,1,1,1,1,1,
bram,bbht_grover_upgrade,RANGE,-4096,4096,4,65,0xc600a248,0x0a1e0844,normal,HIT,4728,-2771,20,45,45,21217,212,217,4728,20,45,45,1,1,1,1,1,1,
bram,bbht_grover_upgrade,RANGE,-4096,4096,4,65,0xc600a248,0x0a1e0844,ckpt,HIT,4728,-2771,20,45,16,11417,114,119,4728,20,45,16,1,1,1,1,1,1,
bram,bbht_grover_upgrade,RANGE,-4096,4096,4,66,0x1ea4f830,0x2ef0f28e,normal,HIT,9777,2203,15,45,45,18968,189,195,9777,15,45,45,1,1,1,1,1,1,
bram,bbht_grover_upgrade,RANGE,-4096,4096,4,66,0x1ea4f830,0x2ef0f28e,ckpt,HIT,9777,2203,15,45,12,8851,88,94,9777,15,45,12,1,1,1,1,1,1,
bram,bbht_grover_upgrade,RANGE,-4096,4096,4,67,0x639604f3,0x7fe04f83,normal,HIT,9777,2203,22,105,105,38199,381,387,9777,22,105,105,1,1,1,1,1,1,
bram,bbht_grover_upgrade,RANGE,-4096,4096,4,67,0x639604f3,0x7fe04f83,ckpt,HIT,9777,2203,22,105,48,20938,209,214,9777,22,105,48,1,1,1,1,1,1,
bram,bbht_grover_upgrade,RANGE,-4096,4096,4,68,0x6e084a84,0xb643b17e,normal,HIT,9777,2203,22,110,110,39374,393,399,9777,22,110,110,1,1,1,1,1,1,
bram,bbht_grover_upgrade,RANGE,-4096,4096,4,68,0x6e084a84,0xb643b17e,ckpt,HIT,9777,2203,22,110,33,16594,165,171,9777,22,110,33,1,1,1,1,1,1,
bram,bbht_grover_upgrade,RANGE,-4096,4096,4,69,0x3d7fc476,0x467d7a44,normal,HIT,9777,2203,21,81,81,31307,313,318,9777,21,81,81,1,1,1,1,1,1,
bram,bbht_grover_upgrade,RANGE,-4096,4096,4,69,0x3d7fc476,0x467d7a44,ckpt,HIT,9777,2203,21,81,17,12090,120,125,9777,21,81,17,1,1,1,1,1,1,
bram,bbht_grover_upgrade,RANGE,-4096,4096,4,70,0xedca3875,0xefade11e,normal,HIT,16227,-1474,24,133,133,46538,465,470,16227,24,133,133,1,1,1,1,1,1,
bram,bbht_grover_upgrade,RANGE,-4096,4096,4,70,0xedca3875,0xefade11e,ckpt,HIT,16227,-1474,24,133,42,20233,202,208,16227,24,133,42,1,1,1,1,1,1,
bram,bbht_grover_upgrade,RANGE,-4096,4096,4,71,0xb883121d,0x095c678c,normal,HIT,16227,-1474,21,87,87,32915,329,334,16227,21,87,87,1,1,1,1,1,1,
bram,bbht_grover_upgrade,RANGE,-4096,4096,4,71,0xb883121d,0x095c678c,ckpt,HIT,16227,-1474,21,87,28,15099,150,155,16227,21,87,28,1,1,1,1,1,1,
bram,bbht_grover_upgrade,RANGE,-4096,4096,4,72,0xace22797,0xbc422a9a,normal,HIT,12345,2314,19,92,92,33232,332,337,12345,19,92,92,1,1,1,1,1,1,
bram,bbht_grover_upgrade,RANGE,-4096,4096,4,72,0xace22797,0xbc422a9a,ckpt,HIT,12345,2314,19,92,26,13823,138,143,12345,19,92,26,1,1,1,1,1,1,
bram,bbht_grover_upgrade,RANGE,-4096,4096,4,73,0xefd3172d,0x8c2c3233,normal,HIT,9777,2203,14,24,24,12846,128,133,9777,14,24,24,1,1,1,1,1,1,
bram,bbht_grover_upgrade,RANGE,-4096,4096,4,73,0xefd3172d,0x8c2c3233,ckpt,HIT,9777,2203,14,24,7,6830,68,73,9777,14,24,7,1,1,1,1,1,1,
bram,bbht_grover_upgrade,RANGE,-4096,4096,4,74,0xe6aacdb5,0x7f1c158a,normal,HIT,4728,-2771,17,64,64,24946,249,255,4728,17,64,64,1,1,1,1,1,1,
bram,bbht_grover_upgrade,RANGE,-4096,4096,4,74,0xe6aacdb5,0x7f1c158a,ckpt,HIT,4728,-2771,17,64,16,13154,131,137,4728,17,64,16,1,1,1,1,1,1,
bram,bbht_grover_upgrade,RANGE,-4096,4096,4,75,0x6566c598,0xca804b00,normal,HIT,4728,-2771,17,62,62,24311,243,248,4728,17,62,62,1,1,1,1,1,1,
bram,bbht_grover_upgrade,RANGE,-4096,4096,4,75,0x6566c598,0xca804b00,ckpt,HIT,4728,-2771,17,62,17,10512,105,109,4728,17,62,17,1,1,1,1,1,1,
bram,bbht_grover_upgrade,RANGE,-4096,4096,4,76,0x4e646d9d,0xcbae5ac0,normal,HIT,9777,2203,20,76,76,29487,294,299,9777,20,76,76,1,1,1,1,1,1,
bram,bbht_grover_upgrade,RANGE,-4096,4096,4,76,0x4e646d9d,0xcbae5ac0,ckpt,HIT,9777,2203,20,76,26,13999,139,144,9777,20,76,26,1,1,1,1,1,1,
bram,bbht_grover_upgrade,RANGE,-4096,4096,4,77,0x05d81d6f,0x260c4013,normal,HIT,4728,-2771,19,90,90,32742,327,333,4728,19,90,90,1,1,1,1,1,1,
bram,bbht_grover_upgrade,RANGE,-4096,4096,4,77,0x05d81d6f,0x260c4013,ckpt,HIT,4728,-2771,19,90,23,12863,128,134,4728,19,90,23,1,1,1,1,1,1,
bram,bbht_grover_upgrade,RANGE,-4096,4096,4,78,0x2018f6a3,0x5728c7f4,normal,HIT,4728,-2771,14,25,25,13229,132,136,4728,14,25,25,1,1,1,1,1,1,
bram,bbht_grover_upgrade,RANGE,-4096,4096,4,78,0x2018f6a3,0x5728c7f4,ckpt,HIT,4728,-2771,14,25,8,7273,72,78,4728,14,25,8,1,1,1,1,1,1,
bram,bbht_grover_upgrade,RANGE,-4096,4096,4,79,0x718ebf0c,0x4d7d460c,normal,HIT,4728,-2771,14,27,27,13695,136,141,4728,14,27,27,1,1,1,1,1,1,
bram,bbht_grover_upgrade,RANGE,-4096,4096,4,79,0x718ebf0c,0x4d7d460c,ckpt,HIT,4728,-2771,14,27,7,6888,68,73,4728,14,27,7,1,1,1,1,1,1,
bram,bbht_grover_upgrade,RANGE,-4096,4096,4,80,0x042a8f17,0x2093b3f4,normal,HIT,16227,-1474,21,89,89,33411,334,339,16227,21,89,89,1,1,1,1,1,1,
bram,bbht_grover_upgrade,RANGE,-4096,4096,4,80,0x042a8f17,0x2093b3f4,ckpt,HIT,16227,-1474,21,89,24,14071,140,146,16227,21,89,24,1,1,1,1,1,1,
bram,bbht_grover_upgrade,RANGE,-4096,4096,4,81,0xfc1c775d,0x35bd20f1,normal,HIT,4728,-2771,18,79,79,29422,294,299,4728,18,79,79,1,1,1,1,1,1,
bram,bbht_grover_upgrade,RANGE,-4096,4096,4,81,0xfc1c775d,0x35bd20f1,ckpt,HIT,4728,-2771,18,79,19,11522,115,121,4728,18,79,19,1,1,1,1,1,1,
bram,bbht_grover_upgrade,RANGE,-4096,4096,4,82,0x16b93b63,0x7d609ba5,normal,HIT,16227,-1474,21,121,121,41913,419,424,16227,21,121,121,1,1,1,1,1,1,
bram,bbht_grover_upgrade,RANGE,-4096,4096,4,82,0x16b93b63,0x7d609ba5,ckpt,HIT,16227,-1474,21,121,40,18227,182,187,16227,21,121,40,1,1,1,1,1,1,
bram,bbht_grover_upgrade,RANGE,-4096,4096,4,83,0x8ce1028e,0xb152e7ef,normal,HIT,16227,-1474,20,110,110,38435,384,390,16227,20,110,110,1,1,1,1,1,1,
bram,bbht_grover_upgrade,RANGE,-4096,4096,4,83,0x8ce1028e,0xb152e7ef,ckpt,HIT,16227,-1474,20,110,33,16031,160,165,16227,20,110,33,1,1,1,1,1,1,
bram,bbht_grover_upgrade,RANGE,-4096,4096,4,84,0x87bad980,0x7dbefa97,normal,HIT,16227,-1474,20,107,107,37800,378,383,16227,20,107,107,1,1,1,1,1,1,
bram,bbht_grover_upgrade,RANGE,-4096,4096,4,84,0x87bad980,0x7dbefa97,ckpt,HIT,16227,-1474,20,107,27,14618,146,150,16227,20,107,27,1,1,1,1,1,1,
bram,bbht_grover_upgrade,RANGE,-4096,4096,4,85,0xd63d86f3,0xf5399cca,normal,HIT,16227,-1474,18,44,44,20056,200,206,16227,18,44,44,1,1,1,1,1,1,
bram,bbht_grover_upgrade,RANGE,-4096,4096,4,85,0xd63d86f3,0xf5399cca,ckpt,HIT,16227,-1474,18,44,17,11151,111,117,16227,18,44,17,1,1,1,1,1,1,
bram,bbht_grover_upgrade,RANGE,-4096,4096,4,86,0xeeaba102,0x01560fc0,normal,HIT,4728,-2771,23,136,136,46811,468,473,4728,23,136,136,1,1,1,1,1,1,
bram,bbht_grover_upgrade,RANGE,-4096,4096,4,86,0xeeaba102,0x01560fc0,ckpt,HIT,4728,-2771,23,136,27,15994,159,165,4728,23,136,27,1,1,1,1,1,1,
bram,bbht_grover_upgrade,RANGE,-4096,4096,4,87,0xc1fee4bb,0xc7e12d58,normal,HIT,16227,-1474,15,33,33,15726,157,162,16227,15,33,33,1,1,1,1,1,1,
bram,bbht_grover_upgrade,RANGE,-4096,4096,4,87,0xc1fee4bb,0xc7e12d58,ckpt,HIT,16227,-1474,15,33,9,10763,107,113,16227,15,33,9,1,1,1,1,1,1,
bram,bbht_grover_upgrade,RANGE,-4096,4096,4,88,0x0707c9da,0xf644a3f9,normal,HIT,12345,2314,10,10,10,7334,73,78,12345,10,10,10,1,1,1,1,1,1,
bram,bbht_grover_upgrade,RANGE,-4096,4096,4,88,0x0707c9da,0xf644a3f9,ckpt,HIT,12345,2314,10,10,4,4725,47,53,12345,10,10,4,1,1,1,1,1,1,
bram,bbht_grover_upgrade,RANGE,-4096,4096,4,89,0xde0d9c30,0x58a2ee8f,normal,HIT,12345,2314,21,91,91,33944,339,345,12345,21,91,91,1,1,1,1,1,1,
bram,bbht_grover_upgrade,RANGE,-4096,4096,4,89,0xde0d9c30,0x58a2ee8f,ckpt,HIT,12345,2314,21,91,27,14730,147,152,12345,21,91,27,1,1,1,1,1,1,
bram,bbht_grover_upgrade,RANGE,-4096,4096,4,90,0x7cd0efc7,0x9f385cfb,normal,HIT,16227,-1474,13,12,12,9297,92,99,16227,13,12,12,1,1,1,1,1,1,
bram,bbht_grover_upgrade,RANGE,-4096,4096,4,90,0x7cd0efc7,0x9f385cfb,ckpt,HIT,16227,-1474,13,12,6,6315,63,69,16227,13,12,6,1,1,1,1,1,1,
bram,bbht_grover_upgrade,RANGE,-4096,4096,4,91,0xe4cb50a6,0x94d13729,normal,HIT,16227,-1474,22,121,121,42417,424,429,16227,22,121,121,1,1,1,1,1,1,
bram,bbht_grover_upgrade,RANGE,-4096,4096,4,91,0xe4cb50a6,0x94d13729,ckpt,HIT,16227,-1474,22,121,31,16262,162,168,16227,22,121,31,1,1,1,1,1,1,
bram,bbht_grover_upgrade,RANGE,-4096,4096,4,92,0xa0882219,0x18f75d24,normal,HIT,9777,2203,18,55,55,22975,229,235,9777,18,55,55,1,1,1,1,1,1,
bram,bbht_grover_upgrade,RANGE,-4096,4096,4,92,0xa0882219,0x18f75d24,ckpt,HIT,9777,2203,18,55,19,11495,114,121,9777,18,55,19,1,1,1,1,1,1,
bram,bbht_grover_upgrade,RANGE,-4096,4096,4,93,0xc435e6f2,0xf75a52bc,normal,HIT,9777,2203,18,71,71,27247,272,277,9777,18,71,71,1,1,1,1,1,1,
bram,bbht_grover_upgrade,RANGE,-4096,4096,4,93,0xc435e6f2,0xf75a52bc,ckpt,HIT,9777,2203,18,71,10,9241,92,97,9777,18,71,10,1,1,1,1,1,1,
bram,bbht_grover_upgrade,RANGE,-4096,4096,4,94,0x011b63f0,0x0aa34346,normal,HIT,16227,-1474,13,21,21,11609,116,121,16227,13,21,21,1,1,1,1,1,1,
bram,bbht_grover_upgrade,RANGE,-4096,4096,4,94,0x011b63f0,0x0aa34346,ckpt,HIT,16227,-1474,13,21,7,6580,65,71,16227,13,21,7,1,1,1,1,1,1,
bram,bbht_grover_upgrade,RANGE,-4096,4096,4,95,0x1b456e77,0xee460f94,normal,HIT,12345,2314,21,100,100,36385,363,369,12345,21,100,100,1,1,1,1,1,1,
bram,bbht_grover_upgrade,RANGE,-4096,4096,4,95,0x1b456e77,0xee460f94,ckpt,HIT,12345,2314,21,100,32,16518,165,170,12345,21,100,32,1,1,1,1,1,1,
bram,bbht_grover_upgrade,RANGE,-4096,4096,4,96,0x10088608,0xef418331,normal,HIT,9777,2203,16,31,31,15656,156,162,9777,16,31,31,1,1,1,1,1,1,
bram,bbht_grover_upgrade,RANGE,-4096,4096,4,96,0x10088608,0xef418331,ckpt,HIT,9777,2203,16,31,6,7273,72,78,9777,16,31,6,1,1,1,1,1,1,
bram,bbht_grover_upgrade,RANGE,-4096,4096,4,97,0x6fcfc352,0xf8fa9f4c,normal,HIT,4728,-2771,22,124,124,43185,431,437,4728,22,124,124,1,1,1,1,1,1,
bram,bbht_grover_upgrade,RANGE,-4096,4096,4,97,0x6fcfc352,0xf8fa9f4c,ckpt,HIT,4728,-2771,22,124,28,15752,157,162,4728,22,124,28,1,1,1,1,1,1,
bram,bbht_grover_upgrade,RANGE,-4096,4096,4,98,0xfb6077af,0x713595a9,normal,HIT,12345,2314,19,82,82,30670,306,312,12345,19,82,82,1,1,1,1,1,1,
bram,bbht_grover_upgrade,RANGE,-4096,4096,4,98,0xfb6077af,0x713595a9,ckpt,HIT,12345,2314,19,82,15,10897,108,115,12345,19,82,15,1,1,1,1,1,1,
bram,bbht_grover_upgrade,RANGE,-4096,4096,4,99,0xc6ebb72e,0x08fdf109,normal,HIT,9777,2203,16,42,42,18672,186,192,9777,16,42,42,1,1,1,1,1,1,
bram,bbht_grover_upgrade,RANGE,-4096,4096,4,99,0xc6ebb72e,0x08fdf109,ckpt,HIT,9777,2203,16,42,14,9502,95,100,9777,16,42,14,1,1,1,1,1,1,
bram,bbht_grover_upgrade,RANGE,-4096,4096,16,0,0x7b1dcdaf,0x24370df2,normal,HIT,4554,4061,20,81,81,30814,308,314,4554,20,81,81,1,1,1,1,1,1,
bram,bbht_grover_upgrade,RANGE,-4096,4096,16,0,0x7b1dcdaf,0x24370df2,ckpt,HIT,4554,4061,20,81,16,11503,115,121,4554,20,81,16,1,1,1,1,1,1,
bram,bbht_grover_upgrade,RANGE,-4096,4096,16,1,0x3a85a4dc,0xa3b9aa35,normal,HIT,13446,-543,11,9,9,7492,74,79,13446,11,9,9,1,1,1,1,1,1,
bram,bbht_grover_upgrade,RANGE,-4096,4096,16,1,0x3a85a4dc,0xa3b9aa35,ckpt,HIT,13446,-543,11,9,4,8054,80,86,13446,11,9,4,1,1,1,1,1,1,
bram,bbht_grover_upgrade,RANGE,-4096,4096,16,2,0x6162a8b2,0x871c276f,normal,HIT,16227,-1474,14,34,34,15526,155,160,16227,14,34,34,1,1,1,1,1,1,
bram,bbht_grover_upgrade,RANGE,-4096,4096,16,2,0x6162a8b2,0x871c276f,ckpt,HIT,16227,-1474,14,34,9,7394,73,80,16227,14,34,9,1,1,1,1,1,1,
bram,bbht_grover_upgrade,RANGE,-4096,4096,16,3,0xc3adc34e,0xf5b8f22b,normal,HIT,16227,-1474,9,8,8,6353,63,68,16227,9,8,8,1,1,1,1,1,1,
bram,bbht_grover_upgrade,RANGE,-4096,4096,16,3,0xc3adc34e,0xf5b8f22b,ckpt,HIT,16227,-1474,9,8,4,4399,43,49,16227,9,8,4,1,1,1,1,1,1,
bram,bbht_grover_upgrade,RANGE,-4096,4096,16,4,0x2bb073ff,0x3f8396e3,normal,HIT,5449,-2943,17,59,59,23516,235,241,5449,17,59,59,1,1,1,1,1,1,
bram,bbht_grover_upgrade,RANGE,-4096,4096,16,4,0x2bb073ff,0x3f8396e3,ckpt,HIT,5449,-2943,17,59,12,9236,92,97,5449,17,59,12,1,1,1,1,1,1,
bram,bbht_grover_upgrade,RANGE,-4096,4096,16,5,0xda585ab3,0xa7197ad7,normal,HIT,12345,2314,18,40,40,19032,190,195,12345,18,40,40,1,1,1,1,1,1,
bram,bbht_grover_upgrade,RANGE,-4096,4096,16,5,0xda585ab3,0xa7197ad7,ckpt,HIT,12345,2314,18,40,12,9654,96,102,12345,18,40,12,1,1,1,1,1,1,
bram,bbht_grover_upgrade,RANGE,-4096,4096,16,6,0x0ed109c0,0x5701ce52,normal,HIT,1208,-1015,15,42,42,18057,180,186,1208,15,42,42,1,1,1,1,1,1,
bram,bbht_grover_upgrade,RANGE,-4096,4096,16,6,0x0ed109c0,0x5701ce52,ckpt,HIT,1208,-1015,15,42,13,8829,88,94,1208,15,42,13,1,1,1,1,1,1,
bram,bbht_grover_upgrade,RANGE,-4096,4096,16,7,0x102ecf73,0x53c7612b,normal,HIT,6787,-1136,19,67,67,26662,266,273,6787,19,67,67,1,1,1,1,1,1,
bram,bbht_grover_upgrade,RANGE,-4096,4096,16,7,0x102ecf73,0x53c7612b,ckpt,HIT,6787,-1136,19,67,15,10952,109,114,6787,19,67,15,1,1,1,1,1,1,
bram,bbht_grover_upgrade,RANGE,-4096,4096,16,8,0xcf29b6a1,0x35231a84,normal,HIT,12995,-628,15,40,40,17688,176,182,12995,15,40,40,1,1,1,1,1,1,
bram,bbht_grover_upgrade,RANGE,-4096,4096,16,8,0xcf29b6a1,0x35231a84,ckpt,HIT,12995,-628,15,40,8,7681,76,81,12995,15,40,8,1,1,1,1,1,1,
bram,bbht_grover_upgrade,RANGE,-4096,4096,16,9,0xc49cbb42,0xd0a3bbb8,normal,HIT,3663,-4027,11,14,14,8820,88,94,3663,11,14,14,1,1,1,1,1,1,
bram,bbht_grover_upgrade,RANGE,-4096,4096,16,9,0xc49cbb42,0xd0a3bbb8,ckpt,HIT,3663,-4027,11,14,5,5291,52,58,3663,11,14,5,1,1,1,1,1,1,
bram,bbht_grover_upgrade,RANGE,-4096,4096,16,10,0x4cc51d23,0xee0e3ab4,normal,HIT,4554,4061,20,93,93,33968,339,345,4554,20,93,93,1,1,1,1,1,1,
bram,bbht_grover_upgrade,RANGE,-4096,4096,16,10,0x4cc51d23,0xee0e3ab4,ckpt,HIT,4554,4061,20,93,31,15560,155,160,4554,20,93,31,1,1,1,1,1,1,
bram,bbht_grover_upgrade,RANGE,-4096,4096,16,11,0xf9e8aa7a,0x3208c31a,normal,HIT,1208,-1015,15,41,41,17773,177,182,1208,15,41,41,1,1,1,1,1,1,
bram,bbht_grover_upgrade,RANGE,-4096,4096,16,11,0xf9e8aa7a,0x3208c31a,ckpt,HIT,1208,-1015,15,41,10,8126,81,86,1208,15,41,10,1,1,1,1,1,1,
bram,bbht_grover_upgrade,RANGE,-4096,4096,16,12,0xdda8b051,0xc8105c9d,normal,HIT,645,768,18,42,42,19510,195,199,645,18,42,42,1,1,1,1,1,1,
bram,bbht_grover_upgrade,RANGE,-4096,4096,16,12,0xdda8b051,0xc8105c9d,ckpt,HIT,645,768,18,42,12,9753,97,102,645,18,42,12,1,1,1,1,1,1,
bram,bbht_grover_upgrade,RANGE,-4096,4096,16,13,0xabfb11bf,0xf5dec75e,normal,HIT,6787,-1136,17,61,61,24151,241,248,6787,17,61,61,1,1,1,1,1,1,
bram,bbht_grover_upgrade,RANGE,-4096,4096,16,13,0xabfb11bf,0xf5dec75e,ckpt,HIT,6787,-1136,17,61,20,11453,114,119,6787,17,61,20,1,1,1,1,1,1,
bram,bbht_grover_upgrade,RANGE,-4096,4096,16,14,0x20639811,0x6b6a7c47,normal,HIT,15376,-614,16,45,45,19430,194,200,15376,16,45,45,1,1,1,1,1,1,
bram,bbht_grover_upgrade,RANGE,-4096,4096,16,14,0x20639811,0x6b6a7c47,ckpt,HIT,15376,-614,16,45,10,8586,85,91,15376,16,45,10,1,1,1,1,1,1,
bram,bbht_grover_upgrade,RANGE,-4096,4096,16,15,0xac72acd2,0xca84bc6c,normal,HIT,9777,2203,16,39,39,17801,178,182,9777,16,39,39,1,1,1,1,1,1,
bram,bbht_grover_upgrade,RANGE,-4096,4096,16,15,0xac72acd2,0xca84bc6c,ckpt,HIT,9777,2203,16,39,11,8977,89,96,9777,16,39,11,1,1,1,1,1,1,
bram,bbht_grover_upgrade,RANGE,-4096,4096,16,16,0x49a2da79,0xe1376725,normal,HIT,9777,2203,14,35,35,15855,158,164,9777,14,35,35,1,1,1,1,1,1,
bram,bbht_grover_upgrade,RANGE,-4096,4096,16,16,0x49a2da79,0xe1376725,ckpt,HIT,9777,2203,14,35,8,7219,72,77,9777,14,35,8,1,1,1,1,1,1,
bram,bbht_grover_upgrade,RANGE,-4096,4096,16,17,0x63a4e9d7,0x6166dba4,normal,HIT,13446,-543,15,30,30,14963,149,154,13446,15,30,30,1,1,1,1,1,1,
bram,bbht_grover_upgrade,RANGE,-4096,4096,16,17,0x63a4e9d7,0x6166dba4,ckpt,HIT,13446,-543,15,30,10,8157,81,86,13446,15,30,10,1,1,1,1,1,1,
bram,bbht_grover_upgrade,RANGE,-4096,4096,16,18,0x8983f102,0x43fb6183,normal,HIT,13981,-1174,17,55,55,22561,225,231,13981,17,55,55,1,1,1,1,1,1,
bram,bbht_grover_upgrade,RANGE,-4096,4096,16,18,0x8983f102,0x43fb6183,ckpt,HIT,13981,-1174,17,55,15,10118,101,107,13981,17,55,15,1,1,1,1,1,1,
bram,bbht_grover_upgrade,RANGE,-4096,4096,16,19,0xb671aa78,0xc97ad8a2,normal,HIT,13981,-1174,7,3,3,4028,40,45,13981,7,3,3,1,1,1,1,1,1,
bram,bbht_grover_upgrade,RANGE,-4096,4096,16,19,0xb671aa78,0xc97ad8a2,ckpt,HIT,13981,-1174,7,3,2,3113,31,36,13981,7,3,2,1,1,1,1,1,1,
bram,bbht_grover_upgrade,RANGE,-4096,4096,16,20,0xdaeb566a,0x989e5b3d,normal,HIT,12995,-628,15,33,33,15706,157,162,12995,15,33,33,1,1,1,1,1,1,
bram,bbht_grover_upgrade,RANGE,-4096,4096,16,20,0xdaeb566a,0x989e5b3d,ckpt,HIT,12995,-628,15,33,9,7804,78,83,12995,15,33,9,1,1,1,1,1,1,
bram,bbht_grover_upgrade,RANGE,-4096,4096,16,21,0xf6181c00,0xa345ac4b,normal,HIT,6787,-1136,12,12,12,8836,88,94,6787,12,12,12,1,1,1,1,1,1,
bram,bbht_grover_upgrade,RANGE,-4096,4096,16,21,0xf6181c00,0xa345ac4b,ckpt,HIT,6787,-1136,12,12,5,5719,57,63,6787,12,12,5,1,1,1,1,1,1,
bram,bbht_grover_upgrade,RANGE,-4096,4096,16,22,0x4e18d852,0xa08980df,normal,HIT,9998,-1243,12,18,18,10428,104,110,9998,12,18,18,1,1,1,1,1,1,
bram,bbht_grover_upgrade,RANGE,-4096,4096,16,22,0x4e18d852,0xa08980df,ckpt,HIT,9998,-1243,12,18,5,5722,57,62,9998,12,18,5,1,1,1,1,1,1,
bram,bbht_grover_upgrade,RANGE,-4096,4096,16,23,0xa035ceba,0x611de4c4,normal,HIT,9270,2094,12,21,21,11269,112,118,9270,12,21,21,1,1,1,1,1,1,
bram,bbht_grover_upgrade,RANGE,-4096,4096,16,23,0xa035ceba,0x611de4c4,ckpt,HIT,9270,2094,12,21,7,6299,62,68,9270,12,21,7,1,1,1,1,1,1,
bram,bbht_grover_upgrade,RANGE,-4096,4096,16,24,0xc2416ee4,0x7323f479,normal,HIT,12995,-628,12,28,28,13019,130,135,12995,12,28,28,1,1,1,1,1,1,
bram,bbht_grover_upgrade,RANGE,-4096,4096,16,24,0xc2416ee4,0x7323f479,ckpt,HIT,12995,-628,12,28,7,6203,62,67,12995,12,28,7,1,1,1,1,1,1,
bram,bbht_grover_upgrade,RANGE,-4096,4096,16,25,0xfbdafbdd,0xa0c0cf2f,normal,HIT,15376,-614,18,55,55,22968,229,234,15376,18,55,55,1,1,1,1,1,1,
bram,bbht_grover_upgrade,RANGE,-4096,4096,16,25,0xfbdafbdd,0xa0c0cf2f,ckpt,HIT,15376,-614,18,55,15,10526,105,110,15376,18,55,15,1,1,1,1,1,1,
bram,bbht_grover_upgrade,RANGE,-4096,4096,16,26,0xa43fbf47,0x8de97b10,normal,HIT,5449,-2943,15,29,29,14654,146,153,5449,15,29,29,1,1,1,1,1,1,
bram,bbht_grover_upgrade,RANGE,-4096,4096,16,26,0xa43fbf47,0x8de97b10,ckpt,HIT,5449,-2943,15,29,10,7985,79,84,5449,15,29,10,1,1,1,1,1,1,
bram,bbht_grover_upgrade,RANGE,-4096,4096,16,27,0x6811f7c1,0xcb07044a,normal,HIT,4728,-2771,14,32,32,15017,150,156,4728,14,32,32,1,1,1,1,1,1,
bram,bbht_grover_upgrade,RANGE,-4096,4096,16,27,0x6811f7c1,0xcb07044a,ckpt,HIT,4728,-2771,14,32,10,7883,78,85,4728,14,32,10,1,1,1,1,1,1,
bram,bbht_grover_upgrade,RANGE,-4096,4096,16,28,0x610dde2c,0x8cf5deb9,normal,HIT,5449,-2943,11,17,17,9599,95,101,5449,11,17,17,1,1,1,1,1,1,
bram,bbht_grover_upgrade,RANGE,-4096,4096,16,28,0x610dde2c,0x8cf5deb9,ckpt,HIT,5449,-2943,11,17,5,5283,52,58,5449,11,17,5,1,1,1,1,1,1,
bram,bbht_grover_upgrade,RANGE,-4096,4096,16,29,0x82241b87,0xbbe27f39,normal,HIT,4728,-2771,18,62,62,24837,248,253,4728,18,62,62,1,1,1,1,1,1,
bram,bbht_grover_upgrade,RANGE,-4096,4096,16,29,0x82241b87,0xbbe27f39,ckpt,HIT,4728,-2771,18,62,21,12064,120,125,4728,18,62,21,1,1,1,1,1,1,
bram,bbht_grover_upgrade,RANGE,-4096,4096,16,30,0x48647490,0xea9551eb,normal,HIT,3663,-4027,19,63,63,25507,255,260,3663,19,63,63,1,1,1,1,1,1,
bram,bbht_grover_upgrade,RANGE,-4096,4096,16,30,0x48647490,0xea9551eb,ckpt,HIT,3663,-4027,19,63,26,14004,140,145,3663,19,63,26,1,1,1,1,1,1,
bram,bbht_grover_upgrade,RANGE,-4096,4096,16,31,0x63df3b7f,0xa8b057e1,normal,HIT,3663,-4027,14,35,35,15818,158,163,3663,14,35,35,1,1,1,1,1,1,
bram,bbht_grover_upgrade,RANGE,-4096,4096,16,31,0x63df3b7f,0xa8b057e1,ckpt,HIT,3663,-4027,14,35,9,7418,74,79,3663,14,35,9,1,1,1,1,1,1,
bram,bbht_grover_upgrade,RANGE,-4096,4096,16,32,0x433125bb,0x3221fef0,normal,HIT,12995,-628,7,4,4,4321,43,48,12995,7,4,4,1,1,1,1,1,1,
bram,bbht_grover_upgrade,RANGE,-4096,4096,16,32,0x433125bb,0x3221fef0,ckpt,HIT,12995,-628,7,4,1,2876,28,34,12995,7,4,1,1,1,1,1,1,1,
bram,bbht_grover_upgrade,RANGE,-4096,4096,16,33,0x7943be40,0x6641ee79,normal,HIT,1208,-1015,8,8,8,5783,57,62,1208,8,8,8,1,1,1,1,1,1,
bram,bbht_grover_upgrade,RANGE,-4096,4096,16,33,0x7943be40,0x6641ee79,ckpt,HIT,1208,-1015,8,8,3,3686,36,41,1208,8,8,3,1,1,1,1,1,1,
bram,bbht_grover_upgrade,RANGE,-4096,4096,16,34,0x26c93252,0x675d2908,normal,HIT,645,768,9,12,12,7340,73,78,645,9,12,12,1,1,1,1,1,1,
bram,bbht_grover_upgrade,RANGE,-4096,4096,16,34,0x26c93252,0x675d2908,ckpt,HIT,645,768,9,12,4,4329,43,48,645,9,12,4,1,1,1,1,1,1,
bram,bbht_grover_upgrade,RANGE,-4096,4096,16,35,0xdbe3ed49,0xa7cfea56,normal,HIT,16227,-1474,17,57,57,23067,230,236,16227,17,57,57,1,1,1,1,1,1,
bram,bbht_grover_upgrade,RANGE,-4096,4096,16,35,0xdbe3ed49,0xa7cfea56,ckpt,HIT,16227,-1474,17,57,17,13711,137,143,16227,17,57,17,1,1,1,1,1,1,
bram,bbht_grover_upgrade,RANGE,-4096,4096,16,36,0xc2ec9bb4,0xbfc0ae9e,normal,HIT,16227,-1474,17,47,47,20461,204,209,16227,17,47,47,1,1,1,1,1,1,
bram,bbht_grover_upgrade,RANGE,-4096,4096,16,36,0xc2ec9bb4,0xbfc0ae9e,ckpt,HIT,16227,-1474,17,47,18,10942,109,115,16227,17,47,18,1,1,1,1,1,1,
bram,bbht_grover_upgrade,RANGE,-4096,4096,16,37,0xe7ec8559,0x307064ac,normal,HIT,9270,2094,16,28,28,14858,148,154,9270,16,28,28,1,1,1,1,1,1,
bram,bbht_grover_upgrade,RANGE,-4096,4096,16,37,0xe7ec8559,0x307064ac,ckpt,HIT,9270,2094,16,28,9,8426,84,90,9270,16,28,9,1,1,1,1,1,1,
bram,bbht_grover_upgrade,RANGE,-4096,4096,16,38,0xccb88b54,0x2cf00158,normal,HIT,1208,-1015,17,70,70,26592,265,271,1208,17,70,70,1,1,1,1,1,1,
bram,bbht_grover_upgrade,RANGE,-4096,4096,16,38,0xccb88b54,0x2cf00158,ckpt,HIT,1208,-1015,17,70,16,10412,104,110,1208,17,70,16,1,1,1,1,1,1,
bram,bbht_grover_upgrade,RANGE,-4096,4096,16,39,0xb512e6a4,0x2b9e708c,normal,HIT,1208,-1015,15,31,31,15295,152,159,1208,15,31,31,1,1,1,1,1,1,
bram,bbht_grover_upgrade,RANGE,-4096,4096,16,39,0xb512e6a4,0x2b9e708c,ckpt,HIT,1208,-1015,15,31,9,8027,80,86,1208,15,31,9,1,1,1,1,1,1,
bram,bbht_grover_upgrade,RANGE,-4096,4096,16,40,0x7e2c3d82,0xa69fb195,normal,HIT,1208,-1015,15,28,28,14429,144,150,1208,15,28,28,1,1,1,1,1,1,
bram,bbht_grover_upgrade,RANGE,-4096,4096,16,40,0x7e2c3d82,0xa69fb195,ckpt,HIT,1208,-1015,15,28,8,7721,77,83,1208,15,28,8,1,1,1,1,1,1,
bram,bbht_grover_upgrade,RANGE,-4096,4096,16,41,0x58b3e5ad,0x23a21253,normal,HIT,4554,4061,17,61,61,24015,240,246,4554,17,61,61,1,1,1,1,1,1,
bram,bbht_grover_upgrade,RANGE,-4096,4096,16,41,0x58b3e5ad,0x23a21253,ckpt,HIT,4554,4061,17,61,21,11649,116,121,4554,17,61,21,1,1,1,1,1,1,
bram,bbht_grover_upgrade,RANGE,-4096,4096,16,42,0x9a07c40b,0x3ea78d8c,normal,HIT,15376,-614,15,34,34,15971,159,165,15376,15,34,34,1,1,1,1,1,1,
bram,bbht_grover_upgrade,RANGE,-4096,4096,16,42,0x9a07c40b,0x3ea78d8c,ckpt,HIT,15376,-614,15,34,12,8658,86,93,15376,15,34,12,1,1,1,1,1,1,
bram,bbht_grover_upgrade,RANGE,-4096,4096,16,43,0xf1f9a54b,0x7b00db61,normal,HIT,13446,-543,14,33,33,15219,152,157,13446,14,33,33,1,1,1,1,1,1,
bram,bbht_grover_upgrade,RANGE,-4096,4096,16,43,0xf1f9a54b,0x7b00db61,ckpt,HIT,13446,-543,14,33,10,7697,76,82,13446,14,33,10,1,1,1,1,1,1,
bram,bbht_grover_upgrade,RANGE,-4096,4096,16,44,0xfba6212d,0xb8b8356a,normal,HIT,4554,4061,12,13,13,8996,89,95,4554,12,13,13,1,1,1,1,1,1,
bram,bbht_grover_upgrade,RANGE,-4096,4096,16,44,0xfba6212d,0xb8b8356a,ckpt,HIT,4554,4061,12,13,5,5652,56,63,4554,12,13,5,1,1,1,1,1,1,
bram,bbht_grover_upgrade,RANGE,-4096,4096,16,45,0x1ca60615,0xd753b84a,normal,HIT,6787,-1136,9,10,10,6774,67,73,6787,9,10,10,1,1,1,1,1,1,
bram,bbht_grover_upgrade,RANGE,-4096,4096,16,45,0x1ca60615,0xd753b84a,ckpt,HIT,6787,-1136,9,10,3,4024,40,45,6787,9,10,3,1,1,1,1,1,1,
bram,bbht_grover_upgrade,RANGE,-4096,4096,16,46,0xa085c93e,0x19b8504d,normal,HIT,6787,-1136,9,10,10,6819,68,74,6787,9,10,10,1,1,1,1,1,1,
bram,bbht_grover_upgrade,RANGE,-4096,4096,16,46,0xa085c93e,0x19b8504d,ckpt,HIT,6787,-1136,9,10,4,4333,43,48,6787,9,10,4,1,1,1,1,1,1,
bram,bbht_grover_upgrade,RANGE,-4096,4096,16,47,0x18190603,0xad0438b2,normal,HIT,1208,-1015,16,42,42,18595,185,190,1208,16,42,42,1,1,1,1,1,1,
bram,bbht_grover_upgrade,RANGE,-4096,4096,16,47,0x18190603,0xad0438b2,ckpt,HIT,1208,-1015,16,42,13,9159,91,97,1208,16,42,13,1,1,1,1,1,1,
bram,bbht_grover_upgrade,RANGE,-4096,4096,16,48,0xc1143c78,0xbbdab3cd,normal,HIT,15376,-614,13,13,13,9575,95,101,15376,13,13,13,1,1,1,1,1,1,
bram,bbht_grover_upgrade,RANGE,-4096,4096,16,48,0xc1143c78,0xbbdab3cd,ckpt,HIT,15376,-614,13,13,6,6332,63,69,15376,13,13,6,1,1,1,1,1,1,
bram,bbht_grover_upgrade,RANGE,-4096,4096,16,49,0x332063fc,0x222ba57c,normal,HIT,12345,2314,4,1,1,2093,20,26,12345,4,1,1,1,1,1,1,1,1,
bram,bbht_grover_upgrade,RANGE,-4096,4096,16,49,0x332063fc,0x222ba57c,ckpt,HIT,12345,2314,4,1,1,1813,18,23,12345,4,1,1,1,1,1,1,1,1,
bram,bbht_grover_upgrade,RANGE,-4096,4096,16,50,0xd6f4066b,0xab9eb714,normal,HIT,9998,-1243,18,48,48,21120,211,215,9998,18,48,48,1,1,1,1,1,1,
bram,bbht_grover_upgrade,RANGE,-4096,4096,16,50,0xd6f4066b,0xab9eb714,ckpt,HIT,9998,-1243,18,48,16,10670,106,112,9998,18,48,16,1,1,1,1,1,1,
bram,bbht_grover_upgrade,RANGE,-4096,4096,16,51,0x64b9628c,0x9cd8b518,normal,HIT,16227,-1474,15,37,37,16759,167,173,16227,15,37,37,1,1,1,1,1,1,
bram,bbht_grover_upgrade,RANGE,-4096,4096,16,51,0x64b9628c,0x9cd8b518,ckpt,HIT,16227,-1474,15,37,9,7792,77,83,16227,15,37,9,1,1,1,1,1,1,
bram,bbht_grover_upgrade,RANGE,-4096,4096,16,52,0x894e6771,0x8a255c2e,normal,HIT,13446,-543,11,9,9,7573,75,81,13446,11,9,9,1,1,1,1,1,1,
bram,bbht_grover_upgrade,RANGE,-4096,4096,16,52,0x894e6771,0x8a255c2e,ckpt,HIT,13446,-543,11,9,2,7852,78,83,13446,11,9,2,1,1,1,1,1,1,
bram,bbht_grover_upgrade,RANGE,-4096,4096,16,53,0xe3e668e8,0xff1f20c3,normal,HIT,9270,2094,20,77,77,29718,297,303,9270,20,77,77,1,1,1,1,1,1,
bram,bbht_grover_upgrade,RANGE,-4096,4096,16,53,0xe3e668e8,0xff1f20c3,ckpt,HIT,9270,2094,20,77,26,14104,141,146,9270,20,77,26,1,1,1,1,1,1,
bram,bbht_grover_upgrade,RANGE,-4096,4096,16,54,0x36980406,0xfbdbfa61,normal,HIT,3663,-4027,11,22,22,10935,109,114,3663,11,22,22,1,1,1,1,1,1,
bram,bbht_grover_upgrade,RANGE,-4096,4096,16,54,0x36980406,0xfbdbfa61,ckpt,HIT,3663,-4027,11,22,5,5296,52,57,3663,11,22,5,1,1,1,1,1,1,
bram,bbht_grover_upgrade,RANGE,-4096,4096,16,55,0x114d2b4a,0xa617ad4e,normal,HIT,5449,-2943,13,22,22,11990,119,125,5449,13,22,22,1,1,1,1,1,1,
bram,bbht_grover_upgrade,RANGE,-4096,4096,16,55,0x114d2b4a,0xa617ad4e,ckpt,HIT,5449,-2943,13,22,4,5832,58,64,5449,13,22,4,1,1,1,1,1,1,
bram,bbht_grover_upgrade,RANGE,-4096,4096,16,56,0x3b8907e1,0x0c6cbd10,normal,HIT,645,768,8,7,7,5531,55,61,645,8,7,7,1,1,1,1,1,1,
bram,bbht_grover_upgrade,RANGE,-4096,4096,16,56,0x3b8907e1,0x0c6cbd10,ckpt,HIT,645,768,8,7,3,3699,36,42,645,8,7,3,1,1,1,1,1,1,
bram,bbht_grover_upgrade,RANGE,-4096,4096,16,57,0x2cd09c1d,0x964fb1a7,normal,HIT,12995,-628,15,38,38,17109,171,176,12995,15,38,38,1,1,1,1,1,1,
bram,bbht_grover_upgrade,RANGE,-4096,4096,16,57,0x2cd09c1d,0x964fb1a7,ckpt,HIT,12995,-628,15,38,9,7792,77,83,12995,15,38,9,1,1,1,1,1,1,
bram,bbht_grover_upgrade,RANGE,-4096,4096,16,58,0x6d7a8604,0xbd6f99c6,normal,HIT,13981,-1174,9,7,7,6099,60,66,13981,9,7,7,1,1,1,1,1,1,
bram,bbht_grover_upgrade,RANGE,-4096,4096,16,58,0x6d7a8604,0xbd6f99c6,ckpt,HIT,13981,-1174,9,7,2,3879,38,44,13981,9,7,2,1,1,1,1,1,1,
bram,bbht_grover_upgrade,RANGE,-4096,4096,16,59,0x1fadaf42,0x60010aa3,normal,HIT,9777,2203,16,49,49,20509,205,211,9777,16,49,49,1,1,1,1,1,1,
bram,bbht_grover_upgrade,RANGE,-4096,4096,16,59,0x1fadaf42,0x60010aa3,ckpt,HIT,9777,2203,16,49,15,9754,97,101,9777,16,49,15,1,1,1,1,1,1,
bram,bbht_grover_upgrade,RANGE,-4096,4096,16,60,0x92fe7cfd,0xb54e2773,normal,HIT,4728,-2771,8,6,6,5378,53,59,4728,8,6,6,1,1,1,1,1,1,
bram,bbht_grover_upgrade,RANGE,-4096,4096,16,60,0x92fe7cfd,0xb54e2773,ckpt,HIT,4728,-2771,8,6,2,3544,35,40,4728,8,6,2,1,1,1,1,1,1,
bram,bbht_grover_upgrade,RANGE,-4096,4096,16,61,0x1aecb060,0x9c545eba,normal,HIT,15376,-614,15,34,34,16090,160,166,15376,15,34,34,1,1,1,1,1,1,
bram,bbht_grover_upgrade,RANGE,-4096,4096,16,61,0x1aecb060,0x9c545eba,ckpt,HIT,15376,-614,15,34,11,8587,85,90,15376,15,34,11,1,1,1,1,1,1,
bram,bbht_grover_upgrade,RANGE,-4096,4096,16,62,0x91778cc3,0xbd1d1bc0,normal,HIT,645,768,17,52,52,21755,217,222,645,17,52,52,1,1,1,1,1,1,
bram,bbht_grover_upgrade,RANGE,-4096,4096,16,62,0x91778cc3,0xbd1d1bc0,ckpt,HIT,645,768,17,52,13,9711,97,102,645,17,52,13,1,1,1,1,1,1,
bram,bbht_grover_upgrade,RANGE,-4096,4096,16,63,0xe6b7e7eb,0xd542988e,normal,HIT,15376,-614,13,24,24,12391,123,129,15376,13,24,24,1,1,1,1,1,1,
bram,bbht_grover_upgrade,RANGE,-4096,4096,16,63,0xe6b7e7eb,0xd542988e,ckpt,HIT,15376,-614,13,24,6,6232,62,67,15376,13,24,6,1,1,1,1,1,1,
bram,bbht_grover_upgrade,RANGE,-4096,4096,16,64,0x6770144c,0xd2d3c6e7,normal,HIT,4728,-2771,18,52,52,22099,220,226,4728,18,52,52,1,1,1,1,1,1,
bram,bbht_grover_upgrade,RANGE,-4096,4096,16,64,0x6770144c,0xd2d3c6e7,ckpt,HIT,4728,-2771,18,52,15,10687,106,111,4728,18,52,15,1,1,1,1,1,1,
bram,bbht_grover_upgrade,RANGE,-4096,4096,16,65,0xc600a248,0x0a1e0844,normal,HIT,4728,-2771,20,45,45,21178,211,217,4728,20,45,45,1,1,1,1,1,1,
bram,bbht_grover_upgrade,RANGE,-4096,4096,16,65,0xc600a248,0x0a1e0844,ckpt,HIT,4728,-2771,20,45,16,11378,113,119,4728,20,45,16,1,1,1,1,1,1,
bram,bbht_grover_upgrade,RANGE,-4096,4096,16,66,0x1ea4f830,0x2ef0f28e,normal,HIT,645,768,15,45,45,19002,190,195,645,15,45,45,1,1,1,1,1,1,
bram,bbht_grover_upgrade,RANGE,-4096,4096,16,66,0x1ea4f830,0x2ef0f28e,ckpt,HIT,645,768,15,45,12,8858,88,94,645,15,45,12,1,1,1,1,1,1,
bram,bbht_grover_upgrade,RANGE,-4096,4096,16,67,0x639604f3,0x7fe04f83,normal,HIT,1208,-1015,11,15,15,9080,90,95,1208,11,15,15,1,1,1,1,1,1,
bram,bbht_grover_upgrade,RANGE,-4096,4096,16,67,0x639604f3,0x7fe04f83,ckpt,HIT,1208,-1015,11,15,5,5290,52,58,1208,11,15,5,1,1,1,1,1,1,
bram,bbht_grover_upgrade,RANGE,-4096,4096,16,68,0x6e084a84,0xb643b17e,normal,HIT,12995,-628,11,18,18,9873,98,104,12995,11,18,18,1,1,1,1,1,1,
bram,bbht_grover_upgrade,RANGE,-4096,4096,16,68,0x6e084a84,0xb643b17e,ckpt,HIT,12995,-628,11,18,6,5556,55,61,12995,11,18,6,1,1,1,1,1,1,
bram,bbht_grover_upgrade,RANGE,-4096,4096,16,69,0x3d7fc476,0x467d7a44,normal,HIT,6787,-1136,17,36,36,17475,174,179,6787,17,36,36,1,1,1,1,1,1,
bram,bbht_grover_upgrade,RANGE,-4096,4096,16,69,0x3d7fc476,0x467d7a44,ckpt,HIT,6787,-1136,17,36,12,12253,122,127,6787,17,36,12,1,1,1,1,1,1,
bram,bbht_grover_upgrade,RANGE,-4096,4096,16,70,0xedca3875,0xefade11e,normal,HIT,4554,4061,9,10,10,6845,68,74,4554,9,10,10,1,1,1,1,1,1,
bram,bbht_grover_upgrade,RANGE,-4096,4096,16,70,0xedca3875,0xefade11e,ckpt,HIT,4554,4061,9,10,3,4096,40,46,4554,9,10,3,1,1,1,1,1,1,
bram,bbht_grover_upgrade,RANGE,-4096,4096,16,71,0xb883121d,0x095c678c,normal,HIT,6787,-1136,20,70,70,27872,278,283,6787,20,70,70,1,1,1,1,1,1,
bram,bbht_grover_upgrade,RANGE,-4096,4096,16,71,0xb883121d,0x095c678c,ckpt,HIT,6787,-1136,20,70,28,14684,146,153,6787,20,70,28,1,1,1,1,1,1,
bram,bbht_grover_upgrade,RANGE,-4096,4096,16,72,0xace22797,0xbc422a9a,normal,HIT,645,768,17,51,51,21409,214,218,645,17,51,51,1,1,1,1,1,1,
bram,bbht_grover_upgrade,RANGE,-4096,4096,16,72,0xace22797,0xbc422a9a,ckpt,HIT,645,768,17,51,13,9500,95,100,645,17,51,13,1,1,1,1,1,1,
bram,bbht_grover_upgrade,RANGE,-4096,4096,16,73,0xefd3172d,0x8c2c3233,normal,HIT,13446,-543,11,15,15,9064,90,96,13446,11,15,15,1,1,1,1,1,1,
bram,bbht_grover_upgrade,RANGE,-4096,4096,16,73,0xefd3172d,0x8c2c3233,ckpt,HIT,13446,-543,11,15,5,5273,52,57,13446,11,15,5,1,1,1,1,1,1,
bram,bbht_grover_upgrade,RANGE,-4096,4096,16,74,0xe6aacdb5,0x7f1c158a,normal,HIT,1208,-1015,16,48,48,20199,201,207,1208,16,48,48,1,1,1,1,1,1,
bram,bbht_grover_upgrade,RANGE,-4096,4096,16,74,0xe6aacdb5,0x7f1c158a,ckpt,HIT,1208,-1015,16,48,13,9170,91,97,1208,16,48,13,1,1,1,1,1,1,
bram,bbht_grover_upgrade,RANGE,-4096,4096,16,75,0x6566c598,0xca804b00,normal,HIT,15376,-614,14,31,31,14730,147,153,15376,14,31,31,1,1,1,1,1,1,
bram,bbht_grover_upgrade,RANGE,-4096,4096,16,75,0x6566c598,0xca804b00,ckpt,HIT,15376,-614,14,31,6,6595,65,72,15376,14,31,6,1,1,1,1,1,1,
bram,bbht_grover_upgrade,RANGE,-4096,4096,16,76,0x4e646d9d,0xcbae5ac0,normal,HIT,13981,-1174,9,10,10,6821,68,74,13981,9,10,10,1,1,1,1,1,1,
bram,bbht_grover_upgrade,RANGE,-4096,4096,16,76,0x4e646d9d,0xcbae5ac0,ckpt,HIT,13981,-1174,9,10,4,4337,43,48,13981,9,10,4,1,1,1,1,1,1,
bram,bbht_grover_upgrade,RANGE,-4096,4096,16,77,0x05d81d6f,0x260c4013,normal,HIT,9998,-1243,18,67,67,26129,261,266,9998,18,67,67,1,1,1,1,1,1,
bram,bbht_grover_upgrade,RANGE,-4096,4096,16,77,0x05d81d6f,0x260c4013,ckpt,HIT,9998,-1243,18,67,22,12202,122,127,9998,18,67,22,1,1,1,1,1,1,
bram,bbht_grover_upgrade,RANGE,-4096,4096,16,78,0x2018f6a3,0x5728c7f4,normal,HIT,4728,-2771,14,25,25,13141,131,136,4728,14,25,25,1,1,1,1,1,1,
bram,bbht_grover_upgrade,RANGE,-4096,4096,16,78,0x2018f6a3,0x5728c7f4,ckpt,HIT,4728,-2771,14,25,8,7186,71,76,4728,14,25,8,1,1,1,1,1,1,
bram,bbht_grover_upgrade,RANGE,-4096,4096,16,79,0x718ebf0c,0x4d7d460c,normal,HIT,4728,-2771,14,27,27,13631,136,141,4728,14,27,27,1,1,1,1,1,1,
bram,bbht_grover_upgrade,RANGE,-4096,4096,16,79,0x718ebf0c,0x4d7d460c,ckpt,HIT,4728,-2771,14,27,7,6824,68,74,4728,14,27,7,1,1,1,1,1,1,
bram,bbht_grover_upgrade,RANGE,-4096,4096,16,80,0x042a8f17,0x2093b3f4,normal,HIT,9777,2203,18,63,63,25111,251,256,9777,18,63,63,1,1,1,1,1,1,
bram,bbht_grover_upgrade,RANGE,-4096,4096,16,80,0x042a8f17,0x2093b3f4,ckpt,HIT,9777,2203,18,63,14,10180,101,107,9777,18,63,14,1,1,1,1,1,1,
bram,bbht_grover_upgrade,RANGE,-4096,4096,16,81,0xfc1c775d,0x35bd20f1,normal,HIT,3663,-4027,15,44,44,18713,187,192,3663,15,44,44,1,1,1,1,1,1,
bram,bbht_grover_upgrade,RANGE,-4096,4096,16,81,0xfc1c775d,0x35bd20f1,ckpt,HIT,3663,-4027,15,44,10,8073,80,86,3663,15,44,10,1,1,1,1,1,1,
bram,bbht_grover_upgrade,RANGE,-4096,4096,16,82,0x16b93b63,0x7d609ba5,normal,HIT,9777,2203,20,84,84,31665,316,322,9777,20,84,84,1,1,1,1,1,1,
bram,bbht_grover_upgrade,RANGE,-4096,4096,16,82,0x16b93b63,0x7d609ba5,ckpt,HIT,9777,2203,20,84,30,15252,152,157,9777,20,84,30,1,1,1,1,1,1,
bram,bbht_grover_upgrade,RANGE,-4096,4096,16,83,0x8ce1028e,0xb152e7ef,normal,HIT,15376,-614,14,23,23,12583,125,130,15376,14,23,23,1,1,1,1,1,1,
bram,bbht_grover_upgrade,RANGE,-4096,4096,16,83,0x8ce1028e,0xb152e7ef,ckpt,HIT,15376,-614,14,23,9,7483,74,80,15376,14,23,9,1,1,1,1,1,1,
bram,bbht_grover_upgrade,RANGE,-4096,4096,16,84,0x87bad980,0x7dbefa97,normal,HIT,5449,-2943,12,23,23,11765,117,123,5449,12,23,23,1,1,1,1,1,1,
bram,bbht_grover_upgrade,RANGE,-4096,4096,16,84,0x87bad980,0x7dbefa97,ckpt,HIT,5449,-2943,12,23,7,6296,62,68,5449,12,23,7,1,1,1,1,1,1,
bram,bbht_grover_upgrade,RANGE,-4096,4096,16,85,0xd63d86f3,0xf5399cca,normal,HIT,12345,2314,19,67,67,26635,266,271,12345,19,67,67,1,1,1,1,1,1,
bram,bbht_grover_upgrade,RANGE,-4096,4096,16,85,0xd63d86f3,0xf5399cca,ckpt,HIT,12345,2314,19,67,28,17543,175,181,12345,19,67,28,1,1,1,1,1,1,
bram,bbht_grover_upgrade,RANGE,-4096,4096,16,86,0xeeaba102,0x01560fc0,normal,HIT,13981,-1174,19,62,62,25290,252,258,13981,19,62,62,1,1,1,1,1,1,
bram,bbht_grover_upgrade,RANGE,-4096,4096,16,86,0xeeaba102,0x01560fc0,ckpt,HIT,13981,-1174,19,62,19,12325,123,128,13981,19,62,19,1,1,1,1,1,1,
bram,bbht_grover_upgrade,RANGE,-4096,4096,16,87,0xc1fee4bb,0xc7e12d58,normal,HIT,6787,-1136,12,15,15,9576,95,100,6787,12,15,15,1,1,1,1,1,1,
bram,bbht_grover_upgrade,RANGE,-4096,4096,16,87,0xc1fee4bb,0xc7e12d58,ckpt,HIT,6787,-1136,12,15,5,5658,56,62,6787,12,15,5,1,1,1,1,1,1,
bram,bbht_grover_upgrade,RANGE,-4096,4096,16,88,0x0707c9da,0xf644a3f9,normal,HIT,12345,2314,16,48,48,20150,201,206,12345,16,48,48,1,1,1,1,1,1,
bram,bbht_grover_upgrade,RANGE,-4096,4096,16,88,0x0707c9da,0xf644a3f9,ckpt,HIT,12345,2314,16,48,16,9991,99,105,12345,16,48,16,1,1,1,1,1,1,
bram,bbht_grover_upgrade,RANGE,-4096,4096,16,89,0xde0d9c30,0x58a2ee8f,normal,HIT,645,768,16,41,41,18284,182,187,645,16,41,41,1,1,1,1,1,1,
bram,bbht_grover_upgrade,RANGE,-4096,4096,16,89,0xde0d9c30,0x58a2ee8f,ckpt,HIT,645,768,16,41,8,7791,77,83,645,16,41,8,1,1,1,1,1,1,
bram,bbht_grover_upgrade,RANGE,-4096,4096,16,90,0x7cd0efc7,0x9f385cfb,normal,HIT,16227,-1474,13,12,12,9330,93,99,16227,13,12,12,1,1,1,1,1,1,
bram,bbht_grover_upgrade,RANGE,-4096,4096,16,90,0x7cd0efc7,0x9f385cfb,ckpt,HIT,16227,-1474,13,12,6,6348,63,69,16227,13,12,6,1,1,1,1,1,1,
bram,bbht_grover_upgrade,RANGE,-4096,4096,16,91,0xe4cb50a6,0x94d13729,normal,HIT,3663,-4027,18,75,75,28303,283,289,3663,18,75,75,1,1,1,1,1,1,
bram,bbht_grover_upgrade,RANGE,-4096,4096,16,91,0xe4cb50a6,0x94d13729,ckpt,HIT,3663,-4027,18,75,22,12362,123,128,3663,18,75,22,1,1,1,1,1,1,
bram,bbht_grover_upgrade,RANGE,-4096,4096,16,92,0xa0882219,0x18f75d24,normal,HIT,9777,2203,18,55,55,22940,229,235,9777,18,55,55,1,1,1,1,1,1,
bram,bbht_grover_upgrade,RANGE,-4096,4096,16,92,0xa0882219,0x18f75d24,ckpt,HIT,9777,2203,18,55,19,11469,114,119,9777,18,55,19,1,1,1,1,1,1,
bram,bbht_grover_upgrade,RANGE,-4096,4096,16,93,0xc435e6f2,0xf75a52bc,normal,HIT,6787,-1136,15,45,45,18940,189,195,6787,15,45,45,1,1,1,1,1,1,
bram,bbht_grover_upgrade,RANGE,-4096,4096,16,93,0xc435e6f2,0xf75a52bc,ckpt,HIT,6787,-1136,15,45,10,8204,82,87,6787,15,45,10,1,1,1,1,1,1,
bram,bbht_grover_upgrade,RANGE,-4096,4096,16,94,0x011b63f0,0x0aa34346,normal,HIT,645,768,18,62,62,24828,248,253,645,18,62,62,1,1,1,1,1,1,
bram,bbht_grover_upgrade,RANGE,-4096,4096,16,94,0x011b63f0,0x0aa34346,ckpt,HIT,645,768,18,62,27,13628,136,141,645,18,62,27,1,1,1,1,1,1,
bram,bbht_grover_upgrade,RANGE,-4096,4096,16,95,0x1b456e77,0xee460f94,normal,HIT,12995,-628,5,4,4,3433,34,39,12995,5,4,4,1,1,1,1,1,1,
bram,bbht_grover_upgrade,RANGE,-4096,4096,16,95,0x1b456e77,0xee460f94,ckpt,HIT,12995,-628,5,4,2,2503,25,31,12995,5,4,2,1,1,1,1,1,1,
bram,bbht_grover_upgrade,RANGE,-4096,4096,16,96,0x10088608,0xef418331,normal,HIT,13446,-543,14,21,21,12005,120,126,13446,14,21,21,1,1,1,1,1,1,
bram,bbht_grover_upgrade,RANGE,-4096,4096,16,96,0x10088608,0xef418331,ckpt,HIT,13446,-543,14,21,6,6520,65,70,13446,14,21,6,1,1,1,1,1,1,
bram,bbht_grover_upgrade,RANGE,-4096,4096,16,97,0x6fcfc352,0xf8fa9f4c,normal,HIT,6787,-1136,11,11,11,8069,80,86,6787,11,11,11,1,1,1,1,1,1,
bram,bbht_grover_upgrade,RANGE,-4096,4096,16,97,0x6fcfc352,0xf8fa9f4c,ckpt,HIT,6787,-1136,11,11,5,5339,53,59,6787,11,11,5,1,1,1,1,1,1,
bram,bbht_grover_upgrade,RANGE,-4096,4096,16,98,0xfb6077af,0x713595a9,normal,HIT,1208,-1015,12,17,17,10130,101,106,1208,12,17,17,1,1,1,1,1,1,
bram,bbht_grover_upgrade,RANGE,-4096,4096,16,98,0xfb6077af,0x713595a9,ckpt,HIT,1208,-1015,12,17,7,6217,62,67,1208,12,17,7,1,1,1,1,1,1,
bram,bbht_grover_upgrade,RANGE,-4096,4096,16,99,0xc6ebb72e,0x08fdf109,normal,HIT,4554,4061,19,70,70,27432,274,279,4554,19,70,70,1,1,1,1,1,1,
bram,bbht_grover_upgrade,RANGE,-4096,4096,16,99,0xc6ebb72e,0x08fdf109,ckpt,HIT,4554,4061,19,70,17,11364,113,120,4554,19,70,17,1,1,1,1,1,1,
bram,bbht_grover_upgrade,RANGE,-4096,4096,64,0,0x7b1dcdaf,0x24370df2,normal,HIT,6171,1345,14,22,22,12402,124,129,6171,14,22,22,1,1,1,1,1,1,
bram,bbht_grover_upgrade,RANGE,-4096,4096,64,0,0x7b1dcdaf,0x24370df2,ckpt,HIT,6171,1345,14,22,5,6496,64,70,6171,14,22,5,1,1,1,1,1,1,
bram,bbht_grover_upgrade,RANGE,-4096,4096,64,1,0x3a85a4dc,0xa3b9aa35,normal,HIT,13589,-734,11,9,9,7548,75,81,13589,11,9,9,1,1,1,1,1,1,
bram,bbht_grover_upgrade,RANGE,-4096,4096,64,1,0x3a85a4dc,0xa3b9aa35,ckpt,HIT,13589,-734,11,9,4,8125,81,86,13589,11,9,4,1,1,1,1,1,1,
bram,bbht_grover_upgrade,RANGE,-4096,4096,64,2,0x6162a8b2,0x871c276f,normal,HIT,16227,-1474,14,34,34,15497,154,160,16227,14,34,34,1,1,1,1,1,1,
bram,bbht_grover_upgrade,RANGE,-4096,4096,64,2,0x6162a8b2,0x871c276f,ckpt,HIT,16227,-1474,14,34,9,7365,73,78,16227,14,34,9,1,1,1,1,1,1,
bram,bbht_grover_upgrade,RANGE,-4096,4096,64,3,0xc3adc34e,0xf5b8f22b,normal,HIT,16227,-1474,9,8,8,6349,63,69,16227,9,8,8,1,1,1,1,1,1,
bram,bbht_grover_upgrade,RANGE,-4096,4096,64,3,0xc3adc34e,0xf5b8f22b,ckpt,HIT,16227,-1474,9,8,4,4395,43,49,16227,9,8,4,1,1,1,1,1,1,
bram,bbht_grover_upgrade,RANGE,-4096,4096,64,4,0x2bb073ff,0x3f8396e3,normal,HIT,3669,3592,13,21,21,11614,116,121,3669,13,21,21,1,1,1,1,1,1,
bram,bbht_grover_upgrade,RANGE,-4096,4096,64,4,0x2bb073ff,0x3f8396e3,ckpt,HIT,3669,3592,13,21,7,6559,65,70,3669,13,21,7,1,1,1,1,1,1,
bram,bbht_grover_upgrade,RANGE,-4096,4096,64,5,0xda585ab3,0xa7197ad7,normal,HIT,11383,3702,15,18,18,11861,118,124,11383,15,18,18,1,1,1,1,1,1,
bram,bbht_grover_upgrade,RANGE,-4096,4096,64,5,0xda585ab3,0xa7197ad7,ckpt,HIT,11383,3702,15,18,5,6783,67,74,11383,15,18,5,1,1,1,1,1,1,
bram,bbht_grover_upgrade,RANGE,-4096,4096,64,6,0x0ed109c0,0x5701ce52,normal,HIT,4695,-731,15,42,42,18074,180,185,4695,15,42,42,1,1,1,1,1,1,
bram,bbht_grover_upgrade,RANGE,-4096,4096,64,6,0x0ed109c0,0x5701ce52,ckpt,HIT,4695,-731,15,42,13,8845,88,93,4695,15,42,13,1,1,1,1,1,1,
bram,bbht_grover_upgrade,RANGE,-4096,4096,64,7,0x102ecf73,0x53c7612b,normal,HIT,15073,-866,8,8,8,5826,58,64,15073,8,8,8,1,1,1,1,1,1,
bram,bbht_grover_upgrade,RANGE,-4096,4096,64,7,0x102ecf73,0x53c7612b,ckpt,HIT,15073,-866,8,8,3,3729,37,42,15073,8,8,3,1,1,1,1,1,1,
bram,bbht_grover_upgrade,RANGE,-4096,4096,64,8,0xcf29b6a1,0x35231a84,normal,HIT,12995,-628,10,8,8,6901,69,73,12995,10,8,8,1,1,1,1,1,1,
bram,bbht_grover_upgrade,RANGE,-4096,4096,64,8,0xcf29b6a1,0x35231a84,ckpt,HIT,12995,-628,10,8,4,4821,48,53,12995,10,8,4,1,1,1,1,1,1,
bram,bbht_grover_upgrade,RANGE,-4096,4096,64,9,0xc49cbb42,0xd0a3bbb8,normal,HIT,8166,2259,10,9,9,7036,70,75,8166,10,9,9,1,1,1,1,1,1,
bram,bbht_grover_upgrade,RANGE,-4096,4096,64,9,0xc49cbb42,0xd0a3bbb8,ckpt,HIT,8166,2259,10,9,2,4159,41,46,8166,10,9,2,1,1,1,1,1,1,
bram,bbht_grover_upgrade,RANGE,-4096,4096,64,10,0x4cc51d23,0xee0e3ab4,normal,HIT,8771,-3801,5,4,4,3370,33,39,8771,5,4,4,1,1,1,1,1,1,
bram,bbht_grover_upgrade,RANGE,-4096,4096,64,10,0x4cc51d23,0xee0e3ab4,ckpt,HIT,8771,-3801,5,4,2,2440,24,29,8771,5,4,2,1,1,1,1,1,1,
bram,bbht_grover_upgrade,RANGE,-4096,4096,64,11,0xf9e8aa7a,0x3208c31a,normal,HIT,1236,1692,12,19,19,10612,106,112,1236,12,19,19,1,1,1,1,1,1,
bram,bbht_grover_upgrade,RANGE,-4096,4096,64,11,0xf9e8aa7a,0x3208c31a,ckpt,HIT,1236,1692,12,19,7,6168,61,67,1236,12,19,7,1,1,1,1,1,1,
bram,bbht_grover_upgrade,RANGE,-4096,4096,64,12,0xdda8b051,0xc8105c9d,normal,HIT,318,626,14,20,20,11833,118,124,318,14,20,20,1,1,1,1,1,1,
bram,bbht_grover_upgrade,RANGE,-4096,4096,64,12,0xdda8b051,0xc8105c9d,ckpt,HIT,318,626,14,20,10,7882,78,84,318,14,20,10,1,1,1,1,1,1,
bram,bbht_grover_upgrade,RANGE,-4096,4096,64,13,0xabfb11bf,0xf5dec75e,normal,HIT,13135,465,7,7,7,5170,51,56,13135,7,7,7,1,1,1,1,1,1,
bram,bbht_grover_upgrade,RANGE,-4096,4096,64,13,0xabfb11bf,0xf5dec75e,ckpt,HIT,13135,465,7,7,2,3196,31,37,13135,7,7,2,1,1,1,1,1,1,
bram,bbht_grover_upgrade,RANGE,-4096,4096,64,14,0x20639811,0x6b6a7c47,normal,HIT,14698,-2746,12,19,19,10619,106,111,14698,12,19,19,1,1,1,1,1,1,
bram,bbht_grover_upgrade,RANGE,-4096,4096,64,14,0x20639811,0x6b6a7c47,ckpt,HIT,14698,-2746,12,19,6,5910,59,64,14698,12,19,6,1,1,1,1,1,1,
bram,bbht_grover_upgrade,RANGE,-4096,4096,64,15,0xac72acd2,0xca84bc6c,normal,HIT,16151,-1400,13,18,18,10874,108,115,16151,13,18,18,1,1,1,1,1,1,
bram,bbht_grover_upgrade,RANGE,-4096,4096,64,15,0xac72acd2,0xca84bc6c,ckpt,HIT,16151,-1400,13,18,6,6306,63,69,16151,13,18,6,1,1,1,1,1,1,
bram,bbht_grover_upgrade,RANGE,-4096,4096,64,16,0x49a2da79,0xe1376725,normal,HIT,12560,207,13,30,30,14028,140,146,12560,13,30,30,1,1,1,1,1,1,
bram,bbht_grover_upgrade,RANGE,-4096,4096,64,16,0x49a2da79,0xe1376725,ckpt,HIT,12560,207,13,30,8,6878,68,73,12560,13,30,8,1,1,1,1,1,1,
bram,bbht_grover_upgrade,RANGE,-4096,4096,64,17,0x63a4e9d7,0x6166dba4,normal,HIT,13599,-583,15,30,30,15007,150,155,13599,15,30,30,1,1,1,1,1,1,
bram,bbht_grover_upgrade,RANGE,-4096,4096,64,17,0x63a4e9d7,0x6166dba4,ckpt,HIT,13599,-583,15,30,10,8201,82,87,13599,15,30,10,1,1,1,1,1,1,
bram,bbht_grover_upgrade,RANGE,-4096,4096,64,18,0x8983f102,0x43fb6183,normal,HIT,13981,-1174,13,18,18,10881,108,115,13981,13,18,18,1,1,1,1,1,1,
bram,bbht_grover_upgrade,RANGE,-4096,4096,64,18,0x8983f102,0x43fb6183,ckpt,HIT,13981,-1174,13,18,8,6871,68,73,13981,13,18,8,1,1,1,1,1,1,
bram,bbht_grover_upgrade,RANGE,-4096,4096,64,19,0xb671aa78,0xc97ad8a2,normal,HIT,13981,-1174,8,4,4,4797,47,53,13981,8,4,4,1,1,1,1,1,1,
bram,bbht_grover_upgrade,RANGE,-4096,4096,64,19,0xb671aa78,0xc97ad8a2,ckpt,HIT,13981,-1174,8,4,2,3493,34,40,13981,8,4,2,1,1,1,1,1,1,
bram,bbht_grover_upgrade,RANGE,-4096,4096,64,20,0xdaeb566a,0x989e5b3d,normal,HIT,6855,-2726,9,9,9,6594,65,71,6855,9,9,9,1,1,1,1,1,1,
bram,bbht_grover_upgrade,RANGE,-4096,4096,64,20,0xdaeb566a,0x989e5b3d,ckpt,HIT,6855,-2726,9,9,4,4376,43,48,6855,9,9,4,1,1,1,1,1,1,
bram,bbht_grover_upgrade,RANGE,-4096,4096,64,21,0xf6181c00,0xa345ac4b,normal,HIT,3675,78,14,23,23,12694,126,132,3675,14,23,23,1,1,1,1,1,1,
bram,bbht_grover_upgrade,RANGE,-4096,4096,64,21,0xf6181c00,0xa345ac4b,ckpt,HIT,3675,78,14,23,6,6681,66,72,3675,14,23,6,1,1,1,1,1,1,
bram,bbht_grover_upgrade,RANGE,-4096,4096,64,22,0x4e18d852,0xa08980df,normal,HIT,14698,-2746,11,13,13,8548,85,91,14698,11,13,13,1,1,1,1,1,1,
bram,bbht_grover_upgrade,RANGE,-4096,4096,64,22,0x4e18d852,0xa08980df,ckpt,HIT,14698,-2746,11,13,4,7782,77,83,14698,11,13,4,1,1,1,1,1,1,
bram,bbht_grover_upgrade,RANGE,-4096,4096,64,23,0xa035ceba,0x611de4c4,normal,HIT,6787,-1136,5,4,4,3384,33,39,6787,5,4,4,1,1,1,1,1,1,
bram,bbht_grover_upgrade,RANGE,-4096,4096,64,23,0xa035ceba,0x611de4c4,ckpt,HIT,6787,-1136,5,4,2,2454,24,29,6787,5,4,2,1,1,1,1,1,1,
bram,bbht_grover_upgrade,RANGE,-4096,4096,64,24,0xc2416ee4,0x7323f479,normal,HIT,8431,1225,11,21,21,10704,107,113,8431,11,21,21,1,1,1,1,1,1,
bram,bbht_grover_upgrade,RANGE,-4096,4096,64,24,0xc2416ee4,0x7323f479,ckpt,HIT,8431,1225,11,21,6,5590,55,60,8431,11,21,6,1,1,1,1,1,1,
bram,bbht_grover_upgrade,RANGE,-4096,4096,64,25,0xfbdafbdd,0xa0c0cf2f,normal,HIT,15678,3772,16,38,38,17532,175,181,15678,16,38,38,1,1,1,1,1,1,
bram,bbht_grover_upgrade,RANGE,-4096,4096,64,25,0xfbdafbdd,0xa0c0cf2f,ckpt,HIT,15678,3772,16,38,10,8356,83,89,15678,16,38,10,1,1,1,1,1,1,
bram,bbht_grover_upgrade,RANGE,-4096,4096,64,26,0xa43fbf47,0x8de97b10,normal,HIT,1111,3018,7,3,3,3988,39,45,1111,7,3,3,1,1,1,1,1,1,
bram,bbht_grover_upgrade,RANGE,-4096,4096,64,26,0xa43fbf47,0x8de97b10,ckpt,HIT,1111,3018,7,3,2,3073,30,36,1111,7,3,2,1,1,1,1,1,1,
bram,bbht_grover_upgrade,RANGE,-4096,4096,64,27,0x6811f7c1,0xcb07044a,normal,HIT,6787,-1136,12,17,17,10077,100,106,6787,12,17,17,1,1,1,1,1,1,
bram,bbht_grover_upgrade,RANGE,-4096,4096,64,27,0x6811f7c1,0xcb07044a,ckpt,HIT,6787,-1136,12,17,4,5572,55,60,6787,12,17,4,1,1,1,1,1,1,
bram,bbht_grover_upgrade,RANGE,-4096,4096,64,28,0x610dde2c,0x8cf5deb9,normal,HIT,12495,-3747,5,4,4,3425,34,39,12495,5,4,4,1,1,1,1,1,1,
bram,bbht_grover_upgrade,RANGE,-4096,4096,64,28,0x610dde2c,0x8cf5deb9,ckpt,HIT,12495,-3747,5,4,2,2497,24,30,12495,5,4,2,1,1,1,1,1,1,
bram,bbht_grover_upgrade,RANGE,-4096,4096,64,29,0x82241b87,0xbbe27f39,normal,HIT,1691,-1050,3,1,1,1645,16,21,1691,3,1,1,1,1,1,1,1,1,
bram,bbht_grover_upgrade,RANGE,-4096,4096,64,29,0x82241b87,0xbbe27f39,ckpt,HIT,1691,-1050,3,1,1,1489,14,20,1691,3,1,1,1,1,1,1,1,1,
bram,bbht_grover_upgrade,RANGE,-4096,4096,64,30,0x48647490,0xea9551eb,normal,HIT,4475,-1764,7,3,3,4081,40,47,4475,7,3,3,1,1,1,1,1,1,
bram,bbht_grover_upgrade,RANGE,-4096,4096,64,30,0x48647490,0xea9551eb,ckpt,HIT,4475,-1764,7,3,1,2899,28,33,4475,7,3,1,1,1,1,1,1,1,
bram,bbht_grover_upgrade,RANGE,-4096,4096,64,31,0x63df3b7f,0xa8b057e1,normal,HIT,318,626,11,19,19,10203,102,106,318,11,19,19,1,1,1,1,1,1,
bram,bbht_grover_upgrade,RANGE,-4096,4096,64,31,0x63df3b7f,0xa8b057e1,ckpt,HIT,318,626,11,19,5,5351,53,59,318,11,19,5,1,1,1,1,1,1,
bram,bbht_grover_upgrade,RANGE,-4096,4096,64,32,0x433125bb,0x3221fef0,normal,HIT,11383,3702,16,35,35,16758,167,173,11383,16,35,35,1,1,1,1,1,1,
bram,bbht_grover_upgrade,RANGE,-4096,4096,64,32,0x433125bb,0x3221fef0,ckpt,HIT,11383,3702,16,35,7,7582,75,81,11383,16,35,7,1,1,1,1,1,1,
bram,bbht_grover_upgrade,RANGE,-4096,4096,64,33,0x7943be40,0x6641ee79,normal,HIT,8166,2259,8,8,8,5792,57,62,8166,8,8,8,1,1,1,1,1,1,
bram,bbht_grover_upgrade,RANGE,-4096,4096,64,33,0x7943be40,0x6641ee79,ckpt,HIT,8166,2259,8,8,3,3695,36,41,8166,8,8,3,1,1,1,1,1,1,
bram,bbht_grover_upgrade,RANGE,-4096,4096,64,34,0x26c93252,0x675d2908,normal,HIT,318,626,5,3,3,3120,31,37,318,5,3,3,1,1,1,1,1,1,
bram,bbht_grover_upgrade,RANGE,-4096,4096,64,34,0x26c93252,0x675d2908,ckpt,HIT,318,626,5,3,2,2456,24,29,318,5,3,2,1,1,1,1,1,1,
bram,bbht_grover_upgrade,RANGE,-4096,4096,64,35,0xdbe3ed49,0xa7cfea56,normal,HIT,12495,-3747,15,30,30,14921,149,154,12495,15,30,30,1,1,1,1,1,1,
bram,bbht_grover_upgrade,RANGE,-4096,4096,64,35,0xdbe3ed49,0xa7cfea56,ckpt,HIT,12495,-3747,15,30,12,8699,86,92,12495,15,30,12,1,1,1,1,1,1,
bram,bbht_grover_upgrade,RANGE,-4096,4096,64,36,0xc2ec9bb4,0xbfc0ae9e,normal,HIT,6855,-2726,14,23,23,12708,127,132,6855,14,23,23,1,1,1,1,1,1,
bram,bbht_grover_upgrade,RANGE,-4096,4096,64,36,0xc2ec9bb4,0xbfc0ae9e,ckpt,HIT,6855,-2726,14,23,9,7488,74,80,6855,14,23,9,1,1,1,1,1,1,
bram,bbht_grover_upgrade,RANGE,-4096,4096,64,37,0xe7ec8559,0x307064ac,normal,HIT,13446,-543,4,2,2,2387,23,29,13446,4,2,2,1,1,1,1,1,1,
bram,bbht_grover_upgrade,RANGE,-4096,4096,64,37,0xe7ec8559,0x307064ac,ckpt,HIT,13446,-543,4,2,1,1842,18,23,13446,4,2,1,1,1,1,1,1,1,
bram,bbht_grover_upgrade,RANGE,-4096,4096,64,38,0xccb88b54,0x2cf00158,normal,HIT,15073,-866,5,4,4,3421,34,39,15073,5,4,4,1,1,1,1,1,1,
bram,bbht_grover_upgrade,RANGE,-4096,4096,64,38,0xccb88b54,0x2cf00158,ckpt,HIT,15073,-866,5,4,2,2491,24,31,15073,5,4,2,1,1,1,1,1,1,
bram,bbht_grover_upgrade,RANGE,-4096,4096,64,39,0xb512e6a4,0x2b9e708c,normal,HIT,6855,-2726,2,1,1,1193,11,17,6855,2,1,1,1,1,1,1,1,1,
bram,bbht_grover_upgrade,RANGE,-4096,4096,64,39,0xb512e6a4,0x2b9e708c,ckpt,HIT,6855,-2726,2,1,1,1161,11,16,6855,2,1,1,1,1,1,1,1,1,
bram,bbht_grover_upgrade,RANGE,-4096,4096,64,40,0x7e2c3d82,0xa69fb195,normal,HIT,8166,2259,11,14,14,8868,88,94,8166,11,14,14,1,1,1,1,1,1,
bram,bbht_grover_upgrade,RANGE,-4096,4096,64,40,0x7e2c3d82,0xa69fb195,ckpt,HIT,8166,2259,11,14,5,5341,53,59,8166,11,14,5,1,1,1,1,1,1,
bram,bbht_grover_upgrade,RANGE,-4096,4096,64,41,0x58b3e5ad,0x23a21253,normal,HIT,645,768,14,29,29,14137,141,146,645,14,29,29,1,1,1,1,1,1,
bram,bbht_grover_upgrade,RANGE,-4096,4096,64,41,0x58b3e5ad,0x23a21253,ckpt,HIT,645,768,14,29,9,7399,73,79,645,14,29,9,1,1,1,1,1,1,
bram,bbht_grover_upgrade,RANGE,-4096,4096,64,42,0x9a07c40b,0x3ea78d8c,normal,HIT,6787,-1136,11,12,12,8259,82,88,6787,11,12,12,1,1,1,1,1,1,
bram,bbht_grover_upgrade,RANGE,-4096,4096,64,42,0x9a07c40b,0x3ea78d8c,ckpt,HIT,6787,-1136,11,12,5,5261,52,57,6787,11,12,5,1,1,1,1,1,1,
bram,bbht_grover_upgrade,RANGE,-4096,4096,64,43,0xf1f9a54b,0x7b00db61,normal,HIT,12345,2314,10,12,12,7841,78,83,12345,10,12,12,1,1,1,1,1,1,
bram,bbht_grover_upgrade,RANGE,-4096,4096,64,43,0xf1f9a54b,0x7b00db61,ckpt,HIT,12345,2314,10,12,5,4971,49,54,12345,10,12,5,1,1,1,1,1,1,
bram,bbht_grover_upgrade,RANGE,-4096,4096,64,44,0xfba6212d,0xb8b8356a,normal,HIT,4299,-3541,12,13,13,8955,89,94,4299,12,13,13,1,1,1,1,1,1,
bram,bbht_grover_upgrade,RANGE,-4096,4096,64,44,0xfba6212d,0xb8b8356a,ckpt,HIT,4299,-3541,12,13,5,5611,56,61,4299,12,13,5,1,1,1,1,1,1,
bram,bbht_grover_upgrade,RANGE,-4096,4096,64,45,0x1ca60615,0xd753b84a,normal,HIT,8166,2259,11,14,14,8780,87,93,8166,11,14,14,1,1,1,1,1,1,
bram,bbht_grover_upgrade,RANGE,-4096,4096,64,45,0x1ca60615,0xd753b84a,ckpt,HIT,8166,2259,11,14,4,4989,49,55,8166,11,14,4,1,1,1,1,1,1,
bram,bbht_grover_upgrade,RANGE,-4096,4096,64,46,0xa085c93e,0x19b8504d,normal,HIT,12995,-628,13,28,28,13522,135,140,12995,13,28,28,1,1,1,1,1,1,
bram,bbht_grover_upgrade,RANGE,-4096,4096,64,46,0xa085c93e,0x19b8504d,ckpt,HIT,12995,-628,13,28,7,9673,96,102,12995,13,28,7,1,1,1,1,1,1,
bram,bbht_grover_upgrade,RANGE,-4096,4096,64,47,0x18190603,0xad0438b2,normal,HIT,6075,-3833,15,30,30,15004,150,156,6075,15,30,30,1,1,1,1,1,1,
bram,bbht_grover_upgrade,RANGE,-4096,4096,64,47,0x18190603,0xad0438b2,ckpt,HIT,6075,-3833,15,30,13,8872,88,94,6075,15,30,13,1,1,1,1,1,1,
bram,bbht_grover_upgrade,RANGE,-4096,4096,64,48,0xc1143c78,0xbbdab3cd,normal,HIT,4299,-3541,17,27,27,15123,151,155,4299,17,27,27,1,1,1,1,1,1,
bram,bbht_grover_upgrade,RANGE,-4096,4096,64,48,0xc1143c78,0xbbdab3cd,ckpt,HIT,4299,-3541,17,27,10,8881,88,94,4299,17,27,10,1,1,1,1,1,1,
bram,bbht_grover_upgrade,RANGE,-4096,4096,64,49,0x332063fc,0x222ba57c,normal,HIT,5193,2575,14,27,27,13655,136,141,5193,14,27,27,1,1,1,1,1,1,
bram,bbht_grover_upgrade,RANGE,-4096,4096,64,49,0x332063fc,0x222ba57c,ckpt,HIT,5193,2575,14,27,6,6576,65,70,5193,14,27,6,1,1,1,1,1,1,
bram,bbht_grover_upgrade,RANGE,-4096,4096,64,50,0xd6f4066b,0xab9eb714,normal,HIT,4554,4061,6,3,3,3526,35,40,4554,6,3,3,1,1,1,1,1,1,
bram,bbht_grover_upgrade,RANGE,-4096,4096,64,50,0xd6f4066b,0xab9eb714,ckpt,HIT,4554,4061,6,3,2,2739,27,33,4554,6,3,2,1,1,1,1,1,1,
bram,bbht_grover_upgrade,RANGE,-4096,4096,64,51,0x64b9628c,0x9cd8b518,normal,HIT,14356,-58,8,10,10,6312,63,69,14356,8,10,10,1,1,1,1,1,1,
bram,bbht_grover_upgrade,RANGE,-4096,4096,64,51,0x64b9628c,0x9cd8b518,ckpt,HIT,14356,-58,8,10,3,3685,36,42,14356,8,10,3,1,1,1,1,1,1,
bram,bbht_grover_upgrade,RANGE,-4096,4096,64,52,0x894e6771,0x8a255c2e,normal,HIT,4728,-2771,8,5,5,5081,50,56,4728,8,5,5,1,1,1,1,1,1,
bram,bbht_grover_upgrade,RANGE,-4096,4096,64,52,0x894e6771,0x8a255c2e,ckpt,HIT,4728,-2771,8,5,2,3513,35,40,4728,8,5,2,1,1,1,1,1,1,
bram,bbht_grover_upgrade,RANGE,-4096,4096,64,53,0xe3e668e8,0xff1f20c3,normal,HIT,16227,-1474,2,1,1,1205,12,16,16227,2,1,1,1,1,1,1,1,1,
bram,bbht_grover_upgrade,RANGE,-4096,4096,64,53,0xe3e668e8,0xff1f20c3,ckpt,HIT,16227,-1474,2,1,1,1173,11,17,16227,2,1,1,1,1,1,1,1,1,
bram,bbht_grover_upgrade,RANGE,-4096,4096,64,54,0x36980406,0xfbdbfa61,normal,HIT,14356,-58,9,13,13,7608,76,81,14356,9,13,13,1,1,1,1,1,1,
bram,bbht_grover_upgrade,RANGE,-4096,4096,64,54,0x36980406,0xfbdbfa61,ckpt,HIT,14356,-58,9,13,4,4327,43,48,14356,9,13,4,1,1,1,1,1,1,
bram,bbht_grover_upgrade,RANGE,-4096,4096,64,55,0x114d2b4a,0xa617ad4e,normal,HIT,13446,-543,9,11,11,7135,71,77,13446,9,11,11,1,1,1,1,1,1,
bram,bbht_grover_upgrade,RANGE,-4096,4096,64,55,0x114d2b4a,0xa617ad4e,ckpt,HIT,13446,-543,9,11,4,4388,43,50,13446,9,11,4,1,1,1,1,1,1,
bram,bbht_grover_upgrade,RANGE,-4096,4096,64,56,0x3b8907e1,0x0c6cbd10,normal,HIT,9998,-1243,14,15,15,10570,105,111,9998,14,15,15,1,1,1,1,1,1,
bram,bbht_grover_upgrade,RANGE,-4096,4096,64,56,0x3b8907e1,0x0c6cbd10,ckpt,HIT,9998,-1243,14,15,3,5874,58,64,9998,14,15,3,1,1,1,1,1,1,
bram,bbht_grover_upgrade,RANGE,-4096,4096,64,57,0x2cd09c1d,0x964fb1a7,normal,HIT,4100,1363,12,15,15,9588,95,100,4100,12,15,15,1,1,1,1,1,1,
bram,bbht_grover_upgrade,RANGE,-4096,4096,64,57,0x2cd09c1d,0x964fb1a7,ckpt,HIT,4100,1363,12,15,5,5672,56,62,4100,12,15,5,1,1,1,1,1,1,
bram,bbht_grover_upgrade,RANGE,-4096,4096,64,58,0x6d7a8604,0xbd6f99c6,normal,HIT,3669,3592,10,11,11,7587,75,81,3669,10,11,11,1,1,1,1,1,1,
bram,bbht_grover_upgrade,RANGE,-4096,4096,64,58,0x6d7a8604,0xbd6f99c6,ckpt,HIT,3669,3592,10,11,4,4715,47,53,3669,10,11,4,1,1,1,1,1,1,
bram,bbht_grover_upgrade,RANGE,-4096,4096,64,59,0x1fadaf42,0x60010aa3,normal,HIT,4554,4061,6,5,5,4168,41,47,4554,6,5,5,1,1,1,1,1,1,
bram,bbht_grover_upgrade,RANGE,-4096,4096,64,59,0x1fadaf42,0x60010aa3,ckpt,HIT,4554,4061,6,5,2,2847,28,34,4554,6,5,2,1,1,1,1,1,1,
bram,bbht_grover_upgrade,RANGE,-4096,4096,64,60,0x92fe7cfd,0xb54e2773,normal,HIT,4695,-731,8,6,6,5374,53,59,4695,8,6,6,1,1,1,1,1,1,
bram,bbht_grover_upgrade,RANGE,-4096,4096,64,60,0x92fe7cfd,0xb54e2773,ckpt,HIT,4695,-731,8,6,2,3540,35,40,4695,8,6,2,1,1,1,1,1,1,
bram,bbht_grover_upgrade,RANGE,-4096,4096,64,61,0x1aecb060,0x9c545eba,normal,HIT,13222,-1247,10,13,13,8142,81,86,13222,10,13,13,1,1,1,1,1,1,
bram,bbht_grover_upgrade,RANGE,-4096,4096,64,61,0x1aecb060,0x9c545eba,ckpt,HIT,13222,-1247,10,13,3,4472,44,49,13222,10,13,3,1,1,1,1,1,1,
bram,bbht_grover_upgrade,RANGE,-4096,4096,64,62,0x91778cc3,0xbd1d1bc0,normal,HIT,5959,-2036,10,13,13,8119,81,86,5959,10,13,13,1,1,1,1,1,1,
bram,bbht_grover_upgrade,RANGE,-4096,4096,64,62,0x91778cc3,0xbd1d1bc0,ckpt,HIT,5959,-2036,10,13,5,4982,49,55,5959,10,13,5,1,1,1,1,1,1,
bram,bbht_grover_upgrade,RANGE,-4096,4096,64,63,0xe6b7e7eb,0xd542988e,normal,HIT,14134,227,14,34,34,15539,155,160,14134,14,34,34,1,1,1,1,1,1,
bram,bbht_grover_upgrade,RANGE,-4096,4096,64,63,0xe6b7e7eb,0xd542988e,ckpt,HIT,14134,227,14,34,10,7670,76,81,14134,14,34,10,1,1,1,1,1,1,
bram,bbht_grover_upgrade,RANGE,-4096,4096,64,64,0x6770144c,0xd2d3c6e7,normal,HIT,3669,3592,8,4,4,4805,48,53,3669,8,4,4,1,1,1,1,1,1,
bram,bbht_grover_upgrade,RANGE,-4096,4096,64,64,0x6770144c,0xd2d3c6e7,ckpt,HIT,3669,3592,8,4,2,3501,35,40,3669,8,4,2,1,1,1,1,1,1,
bram,bbht_grover_upgrade,RANGE,-4096,4096,64,65,0xc600a248,0x0a1e0844,normal,HIT,7089,3669,16,39,39,17723,177,182,7089,16,39,39,1,1,1,1,1,1,
bram,bbht_grover_upgrade,RANGE,-4096,4096,64,65,0xc600a248,0x0a1e0844,ckpt,HIT,7089,3669,16,39,12,8814,88,94,7089,16,39,12,1,1,1,1,1,1,
bram,bbht_grover_upgrade,RANGE,-4096,4096,64,66,0x1ea4f830,0x2ef0f28e,normal,HIT,1835,477,10,7,7,6563,65,70,1835,10,7,7,1,1,1,1,1,1,
bram,bbht_grover_upgrade,RANGE,-4096,4096,64,66,0x1ea4f830,0x2ef0f28e,ckpt,HIT,1835,477,10,7,5,5014,50,54,1835,10,7,5,1,1,1,1,1,1,
bram,bbht_grover_upgrade,RANGE,-4096,4096,64,67,0x639604f3,0x7fe04f83,normal,HIT,5449,-2943,10,10,10,7302,73,78,5449,10,10,10,1,1,1,1,1,1,
bram,bbht_grover_upgrade,RANGE,-4096,4096,64,67,0x639604f3,0x7fe04f83,ckpt,HIT,5449,-2943,10,10,4,4694,46,51,5449,10,10,4,1,1,1,1,1,1,
bram,bbht_grover_upgrade,RANGE,-4096,4096,64,68,0x6e084a84,0xb643b17e,normal,HIT,5193,2575,6,3,3,3564,35,40,5193,6,3,3,1,1,1,1,1,1,
bram,bbht_grover_upgrade,RANGE,-4096,4096,64,68,0x6e084a84,0xb643b17e,ckpt,HIT,5193,2575,6,3,1,2509,25,30,5193,6,3,1,1,1,1,1,1,1,
bram,bbht_grover_upgrade,RANGE,-4096,4096,64,69,0x3d7fc476,0x467d7a44,normal,HIT,8771,-3801,15,23,23,13073,130,136,8771,15,23,23,1,1,1,1,1,1,
bram,bbht_grover_upgrade,RANGE,-4096,4096,64,69,0x3d7fc476,0x467d7a44,ckpt,HIT,8771,-3801,15,23,5,9669,96,102,8771,15,23,5,1,1,1,1,1,1,
bram,bbht_grover_upgrade,RANGE,-4096,4096,64,70,0xedca3875,0xefade11e,normal,HIT,5193,2575,8,7,7,5598,55,61,5193,8,7,7,1,1,1,1,1,1,
bram,bbht_grover_upgrade,RANGE,-4096,4096,64,70,0xedca3875,0xefade11e,ckpt,HIT,5193,2575,8,7,2,3501,35,40,5193,8,7,2,1,1,1,1,1,1,
bram,bbht_grover_upgrade,RANGE,-4096,4096,64,71,0xb883121d,0x095c678c,normal,HIT,3669,3592,16,27,27,14602,146,151,3669,16,27,27,1,1,1,1,1,1,
bram,bbht_grover_upgrade,RANGE,-4096,4096,64,71,0xb883121d,0x095c678c,ckpt,HIT,3669,3592,16,27,12,8968,89,95,3669,16,27,12,1,1,1,1,1,1,
bram,bbht_grover_upgrade,RANGE,-4096,4096,64,72,0xace22797,0xbc422a9a,normal,HIT,2272,-2760,9,10,10,6795,67,73,2272,9,10,10,1,1,1,1,1,1,
bram,bbht_grover_upgrade,RANGE,-4096,4096,64,72,0xace22797,0xbc422a9a,ckpt,HIT,2272,-2760,9,10,4,4311,43,48,2272,9,10,4,1,1,1,1,1,1,
bram,bbht_grover_upgrade,RANGE,-4096,4096,64,73,0xefd3172d,0x8c2c3233,normal,HIT,13135,465,5,4,4,3393,33,39,13135,5,4,4,1,1,1,1,1,1,
bram,bbht_grover_upgrade,RANGE,-4096,4096,64,73,0xefd3172d,0x8c2c3233,ckpt,HIT,13135,465,5,4,2,2462,24,29,13135,5,4,2,1,1,1,1,1,1,
bram,bbht_grover_upgrade,RANGE,-4096,4096,64,74,0xe6aacdb5,0x7f1c158a,normal,HIT,12299,1447,15,35,35,16254,162,168,12299,15,35,35,1,1,1,1,1,1,
bram,bbht_grover_upgrade,RANGE,-4096,4096,64,74,0xe6aacdb5,0x7f1c158a,ckpt,HIT,12299,1447,15,35,9,7732,77,83,12299,15,35,9,1,1,1,1,1,1,
bram,bbht_grover_upgrade,RANGE,-4096,4096,64,75,0x6566c598,0xca804b00,normal,HIT,883,-3821,10,12,12,7861,78,85,883,10,12,12,1,1,1,1,1,1,
bram,bbht_grover_upgrade,RANGE,-4096,4096,64,75,0x6566c598,0xca804b00,ckpt,HIT,883,-3821,10,12,4,4723,47,52,883,10,12,4,1,1,1,1,1,1,
bram,bbht_grover_upgrade,RANGE,-4096,4096,64,76,0x4e646d9d,0xcbae5ac0,normal,HIT,14084,1681,9,10,10,6778,67,73,14084,9,10,10,1,1,1,1,1,1,
bram,bbht_grover_upgrade,RANGE,-4096,4096,64,76,0x4e646d9d,0xcbae5ac0,ckpt,HIT,14084,1681,9,10,4,4294,42,48,14084,9,10,4,1,1,1,1,1,1,
bram,bbht_grover_upgrade,RANGE,-4096,4096,64,77,0x05d81d6f,0x260c4013,normal,HIT,3428,-3946,9,10,10,6762,67,73,3428,9,10,10,1,1,1,1,1,1,
bram,bbht_grover_upgrade,RANGE,-4096,4096,64,77,0x05d81d6f,0x260c4013,ckpt,HIT,3428,-3946,9,10,3,4013,40,45,3428,9,10,3,1,1,1,1,1,1,
bram,bbht_grover_upgrade,RANGE,-4096,4096,64,78,0x2018f6a3,0x5728c7f4,normal,HIT,4299,-3541,14,25,25,13212,132,137,4299,14,25,25,1,1,1,1,1,1,
bram,bbht_grover_upgrade,RANGE,-4096,4096,64,78,0x2018f6a3,0x5728c7f4,ckpt,HIT,4299,-3541,14,25,8,7260,72,78,4299,14,25,8,1,1,1,1,1,1,
bram,bbht_grover_upgrade,RANGE,-4096,4096,64,79,0x718ebf0c,0x4d7d460c,normal,HIT,1236,1692,8,8,8,5808,58,63,1236,8,8,8,1,1,1,1,1,1,
bram,bbht_grover_upgrade,RANGE,-4096,4096,64,79,0x718ebf0c,0x4d7d460c,ckpt,HIT,1236,1692,8,8,3,3714,37,42,1236,8,8,3,1,1,1,1,1,1,
bram,bbht_grover_upgrade,RANGE,-4096,4096,64,80,0x042a8f17,0x2093b3f4,normal,HIT,8431,1225,10,10,10,7339,73,78,8431,10,10,10,1,1,1,1,1,1,
bram,bbht_grover_upgrade,RANGE,-4096,4096,64,80,0x042a8f17,0x2093b3f4,ckpt,HIT,8431,1225,10,10,5,4998,49,54,8431,10,10,5,1,1,1,1,1,1,
bram,bbht_grover_upgrade,RANGE,-4096,4096,64,81,0xfc1c775d,0x35bd20f1,normal,HIT,1835,477,13,28,28,13536,135,140,1835,13,28,28,1,1,1,1,1,1,
bram,bbht_grover_upgrade,RANGE,-4096,4096,64,81,0xfc1c775d,0x35bd20f1,ckpt,HIT,1835,477,13,28,5,6053,60,65,1835,13,28,5,1,1,1,1,1,1,
bram,bbht_grover_upgrade,RANGE,-4096,4096,64,82,0x16b93b63,0x7d609ba5,normal,HIT,12495,-3747,12,18,18,10450,104,109,12495,12,18,18,1,1,1,1,1,1,
bram,bbht_grover_upgrade,RANGE,-4096,4096,64,82,0x16b93b63,0x7d609ba5,ckpt,HIT,12495,-3747,12,18,5,5739,57,62,12495,12,18,5,1,1,1,1,1,1,
bram,bbht_grover_upgrade,RANGE,-4096,4096,64,83,0x8ce1028e,0xb152e7ef,normal,HIT,6075,-3833,14,23,23,12692,126,132,6075,14,23,23,1,1,1,1,1,1,
bram,bbht_grover_upgrade,RANGE,-4096,4096,64,83,0x8ce1028e,0xb152e7ef,ckpt,HIT,6075,-3833,14,23,9,7568,75,81,6075,14,23,9,1,1,1,1,1,1,
bram,bbht_grover_upgrade,RANGE,-4096,4096,64,84,0x87bad980,0x7dbefa97,normal,HIT,15073,-866,9,11,11,7170,71,76,15073,9,11,11,1,1,1,1,1,1,
bram,bbht_grover_upgrade,RANGE,-4096,4096,64,84,0x87bad980,0x7dbefa97,ckpt,HIT,15073,-866,9,11,4,4426,44,49,15073,9,11,4,1,1,1,1,1,1,
bram,bbht_grover_upgrade,RANGE,-4096,4096,64,85,0xd63d86f3,0xf5399cca,normal,HIT,15678,3772,12,21,21,11189,111,118,15678,12,21,21,1,1,1,1,1,1,
bram,bbht_grover_upgrade,RANGE,-4096,4096,64,85,0xd63d86f3,0xf5399cca,ckpt,HIT,15678,3772,12,21,7,6315,63,69,15678,12,21,7,1,1,1,1,1,1,
bram,bbht_grover_upgrade,RANGE,-4096,4096,64,86,0xeeaba102,0x01560fc0,normal,HIT,1111,3018,12,19,19,10648,106,111,1111,12,19,19,1,1,1,1,1,1,
bram,bbht_grover_upgrade,RANGE,-4096,4096,64,86,0xeeaba102,0x01560fc0,ckpt,HIT,1111,3018,12,19,6,6140,61,68,1111,12,19,6,1,1,1,1,1,1,
bram,bbht_grover_upgrade,RANGE,-4096,4096,64,87,0xc1fee4bb,0xc7e12d58,normal,HIT,12345,2314,13,23,23,12206,122,127,12345,13,23,23,1,1,1,1,1,1,
bram,bbht_grover_upgrade,RANGE,-4096,4096,64,87,0xc1fee4bb,0xc7e12d58,ckpt,HIT,12345,2314,13,23,8,6841,68,73,12345,13,23,8,1,1,1,1,1,1,
bram,bbht_grover_upgrade,RANGE,-4096,4096,64,88,0x0707c9da,0xf644a3f9,normal,HIT,318,626,12,19,19,10639,106,111,318,12,19,19,1,1,1,1,1,1,
bram,bbht_grover_upgrade,RANGE,-4096,4096,64,88,0x0707c9da,0xf644a3f9,ckpt,HIT,318,626,12,19,5,5671,56,63,318,12,19,5,1,1,1,1,1,1,
bram,bbht_grover_upgrade,RANGE,-4096,4096,64,89,0xde0d9c30,0x58a2ee8f,normal,HIT,698,-2344,13,19,19,11184,111,118,698,13,19,19,1,1,1,1,1,1,
bram,bbht_grover_upgrade,RANGE,-4096,4096,64,89,0xde0d9c30,0x58a2ee8f,ckpt,HIT,698,-2344,13,19,5,6087,60,65,698,13,19,5,1,1,1,1,1,1,
bram,bbht_grover_upgrade,RANGE,-4096,4096,64,90,0x7cd0efc7,0x9f385cfb,normal,HIT,9777,2203,14,19,19,11672,116,123,9777,14,19,19,1,1,1,1,1,1,
bram,bbht_grover_upgrade,RANGE,-4096,4096,64,90,0x7cd0efc7,0x9f385cfb,ckpt,HIT,9777,2203,14,19,7,10257,102,108,9777,14,19,7,1,1,1,1,1,1,
bram,bbht_grover_upgrade,RANGE,-4096,4096,64,91,0xe4cb50a6,0x94d13729,normal,HIT,2272,-2760,15,24,24,13418,134,140,2272,15,24,24,1,1,1,1,1,1,
bram,bbht_grover_upgrade,RANGE,-4096,4096,64,91,0xe4cb50a6,0x94d13729,ckpt,HIT,2272,-2760,15,24,8,7639,76,82,2272,15,24,8,1,1,1,1,1,1,
bram,bbht_grover_upgrade,RANGE,-4096,4096,64,92,0xa0882219,0x18f75d24,normal,HIT,6075,-3833,11,13,13,8651,86,92,6075,11,13,13,1,1,1,1,1,1,
bram,bbht_grover_upgrade,RANGE,-4096,4096,64,92,0xa0882219,0x18f75d24,ckpt,HIT,6075,-3833,11,13,6,5656,56,62,6075,11,13,6,1,1,1,1,1,1,
bram,bbht_grover_upgrade,RANGE,-4096,4096,64,93,0xc435e6f2,0xf75a52bc,normal,HIT,4299,-3541,12,25,25,12145,121,127,4299,12,25,25,1,1,1,1,1,1,
bram,bbht_grover_upgrade,RANGE,-4096,4096,64,93,0xc435e6f2,0xf75a52bc,ckpt,HIT,4299,-3541,12,25,6,5847,58,63,4299,12,25,6,1,1,1,1,1,1,
bram,bbht_grover_upgrade,RANGE,-4096,4096,64,94,0x011b63f0,0x0aa34346,normal,HIT,883,-3821,13,21,21,11637,116,121,883,13,21,21,1,1,1,1,1,1,
bram,bbht_grover_upgrade,RANGE,-4096,4096,64,94,0x011b63f0,0x0aa34346,ckpt,HIT,883,-3821,13,21,7,6608,66,72,883,13,21,7,1,1,1,1,1,1,
bram,bbht_grover_upgrade,RANGE,-4096,4096,64,95,0x1b456e77,0xee460f94,normal,HIT,8166,2259,4,2,2,2421,24,29,8166,4,2,2,1,1,1,1,1,1,
bram,bbht_grover_upgrade,RANGE,-4096,4096,64,95,0x1b456e77,0xee460f94,ckpt,HIT,8166,2259,4,2,1,1878,18,25,8166,4,2,1,1,1,1,1,1,1,
bram,bbht_grover_upgrade,RANGE,-4096,4096,64,96,0x10088608,0xef418331,normal,HIT,15073,-866,6,4,4,3819,38,43,15073,6,4,4,1,1,1,1,1,1,
bram,bbht_grover_upgrade,RANGE,-4096,4096,64,96,0x10088608,0xef418331,ckpt,HIT,15073,-866,6,4,1,2498,24,31,15073,6,4,1,1,1,1,1,1,1,
bram,bbht_grover_upgrade,RANGE,-4096,4096,64,97,0x6fcfc352,0xf8fa9f4c,normal,HIT,15073,-866,8,5,5,5081,50,56,15073,8,5,5,1,1,1,1,1,1,
bram,bbht_grover_upgrade,RANGE,-4096,4096,64,97,0x6fcfc352,0xf8fa9f4c,ckpt,HIT,15073,-866,8,5,2,3512,35,40,15073,8,5,2,1,1,1,1,1,1,
bram,bbht_grover_upgrade,RANGE,-4096,4096,64,98,0xfb6077af,0x713595a9,normal,HIT,1691,-1050,12,17,17,10093,100,106,1691,12,17,17,1,1,1,1,1,1,
bram,bbht_grover_upgrade,RANGE,-4096,4096,64,98,0xfb6077af,0x713595a9,ckpt,HIT,1691,-1050,12,17,7,6180,61,67,1691,12,17,7,1,1,1,1,1,1,
bram,bbht_grover_upgrade,RANGE,-4096,4096,64,99,0xc6ebb72e,0x08fdf109,normal,HIT,9270,2094,12,18,18,10386,103,108,9270,12,18,18,1,1,1,1,1,1,
bram,bbht_grover_upgrade,RANGE,-4096,4096,64,99,0xc6ebb72e,0x08fdf109,ckpt,HIT,9270,2094,12,18,6,5948,59,64,9270,12,18,6,1,1,1,1,1,1,
bram,bbht_grover_upgrade,RANGE,-4096,4096,256,0,0x7b1dcdaf,0x24370df2,normal,HIT,12101,-2751,2,1,1,1218,12,16,12101,2,1,1,1,1,1,1,1,1,
bram,bbht_grover_upgrade,RANGE,-4096,4096,256,0,0x7b1dcdaf,0x24370df2,ckpt,HIT,12101,-2751,2,1,1,1187,11,17,12101,2,1,1,1,1,1,1,1,1,
bram,bbht_grover_upgrade,RANGE,-4096,4096,256,1,0x3a85a4dc,0xa3b9aa35,normal,HIT,1860,-2151,10,5,5,6002,60,65,1860,10,5,5,1,1,1,1,1,1,
bram,bbht_grover_upgrade,RANGE,-4096,4096,256,1,0x3a85a4dc,0xa3b9aa35,ckpt,HIT,1860,-2151,10,5,2,4186,41,47,1860,10,5,2,1,1,1,1,1,1,
bram,bbht_grover_upgrade,RANGE,-4096,4096,256,2,0x6162a8b2,0x871c276f,normal,HIT,7612,-2447,1,0,0,478,4,10,7612,1,0,0,1,1,1,1,1,1,
bram,bbht_grover_upgrade,RANGE,-4096,4096,256,2,0x6162a8b2,0x871c276f,ckpt,HIT,7612,-2447,1,0,0,571,5,10,7612,1,0,0,1,1,1,1,1,1,
bram,bbht_grover_upgrade,RANGE,-4096,4096,256,3,0xc3adc34e,0xf5b8f22b,normal,HIT,16113,1308,9,8,8,6324,63,69,16113,9,8,8,1,1,1,1,1,1,
bram,bbht_grover_upgrade,RANGE,-4096,4096,256,3,0xc3adc34e,0xf5b8f22b,ckpt,HIT,16113,1308,9,8,4,4370,43,48,16113,9,8,4,1,1,1,1,1,1,
bram,bbht_grover_upgrade,RANGE,-4096,4096,256,4,0x2bb073ff,0x3f8396e3,normal,HIT,4785,-3064,8,4,4,4810,48,53,4785,8,4,4,1,1,1,1,1,1,
bram,bbht_grover_upgrade,RANGE,-4096,4096,256,4,0x2bb073ff,0x3f8396e3,ckpt,HIT,4785,-3064,8,4,2,3506,35,40,4785,8,4,2,1,1,1,1,1,1,
bram,bbht_grover_upgrade,RANGE,-4096,4096,256,5,0xda585ab3,0xa7197ad7,normal,HIT,1511,-1704,11,9,9,7582,75,81,1511,11,9,9,1,1,1,1,1,1,
bram,bbht_grover_upgrade,RANGE,-4096,4096,256,5,0xda585ab3,0xa7197ad7,ckpt,HIT,1511,-1704,11,9,4,5118,51,56,1511,11,9,4,1,1,1,1,1,1,
bram,bbht_grover_upgrade,RANGE,-4096,4096,256,6,0x0ed109c0,0x5701ce52,normal,HIT,598,3880,9,14,14,7854,78,82,598,9,14,14,1,1,1,1,1,1,
bram,bbht_grover_upgrade,RANGE,-4096,4096,256,6,0x0ed109c0,0x5701ce52,ckpt,HIT,598,3880,9,14,4,4313,43,48,598,9,14,4,1,1,1,1,1,1,
bram,bbht_grover_upgrade,RANGE,-4096,4096,256,7,0x102ecf73,0x53c7612b,normal,HIT,6718,-633,5,3,3,3134,31,37,6718,5,3,3,1,1,1,1,1,1,
bram,bbht_grover_upgrade,RANGE,-4096,4096,256,7,0x102ecf73,0x53c7612b,ckpt,HIT,6718,-633,5,3,1,2200,22,28,6718,5,3,1,1,1,1,1,1,1,
bram,bbht_grover_upgrade,RANGE,-4096,4096,256,8,0xcf29b6a1,0x35231a84,normal,HIT,12890,-3479,9,4,4,5353,53,59,12890,9,4,4,1,1,1,1,1,1,
bram,bbht_grover_upgrade,RANGE,-4096,4096,256,8,0xcf29b6a1,0x35231a84,ckpt,HIT,12890,-3479,9,4,2,3925,39,45,12890,9,4,2,1,1,1,1,1,1,
bram,bbht_grover_upgrade,RANGE,-4096,4096,256,9,0xc49cbb42,0xd0a3bbb8,normal,HIT,6618,224,9,7,7,6093,60,65,6618,9,7,7,1,1,1,1,1,1,
bram,bbht_grover_upgrade,RANGE,-4096,4096,256,9,0xc49cbb42,0xd0a3bbb8,ckpt,HIT,6618,224,9,7,2,3870,38,43,6618,9,7,2,1,1,1,1,1,1,
bram,bbht_grover_upgrade,RANGE,-4096,4096,256,10,0x4cc51d23,0xee0e3ab4,normal,HIT,5193,2575,7,6,6,4835,48,53,5193,7,6,6,1,1,1,1,1,1,
bram,bbht_grover_upgrade,RANGE,-4096,4096,256,10,0x4cc51d23,0xee0e3ab4,ckpt,HIT,5193,2575,7,6,2,3127,31,37,5193,7,6,2,1,1,1,1,1,1,
bram,bbht_grover_upgrade,RANGE,-4096,4096,256,11,0xf9e8aa7a,0x3208c31a,normal,HIT,11800,-2201,9,10,10,6868,68,73,11800,9,10,10,1,1,1,1,1,1,
bram,bbht_grover_upgrade,RANGE,-4096,4096,256,11,0xf9e8aa7a,0x3208c31a,ckpt,HIT,11800,-2201,9,10,3,4117,41,46,11800,9,10,3,1,1,1,1,1,1,
bram,bbht_grover_upgrade,RANGE,-4096,4096,256,12,0xdda8b051,0xc8105c9d,normal,HIT,591,-455,13,10,10,8706,87,92,591,13,10,10,1,1,1,1,1,1,
bram,bbht_grover_upgrade,RANGE,-4096,4096,256,12,0xdda8b051,0xc8105c9d,ckpt,HIT,591,-455,13,10,3,5461,54,59,591,13,10,3,1,1,1,1,1,1,
bram,bbht_grover_upgrade,RANGE,-4096,4096,256,13,0xabfb11bf,0xf5dec75e,normal,HIT,2714,-4014,3,1,1,1673,16,21,2714,3,1,1,1,1,1,1,1,1,
bram,bbht_grover_upgrade,RANGE,-4096,4096,256,13,0xabfb11bf,0xf5dec75e,ckpt,HIT,2714,-4014,3,1,1,1518,15,20,2714,3,1,1,1,1,1,1,1,1,
bram,bbht_grover_upgrade,RANGE,-4096,4096,256,14,0x20639811,0x6b6a7c47,normal,HIT,6544,298,3,2,2,1940,19,24,6544,3,2,2,1,1,1,1,1,1,
bram,bbht_grover_upgrade,RANGE,-4096,4096,256,14,0x20639811,0x6b6a7c47,ckpt,HIT,6544,298,3,2,1,1519,15,20,6544,3,2,1,1,1,1,1,1,1,
bram,bbht_grover_upgrade,RANGE,-4096,4096,256,15,0xac72acd2,0xca84bc6c,normal,HIT,7061,575,10,7,7,6493,64,70,7061,10,7,7,1,1,1,1,1,1,
bram,bbht_grover_upgrade,RANGE,-4096,4096,256,15,0xac72acd2,0xca84bc6c,ckpt,HIT,7061,575,10,7,4,4678,46,51,7061,10,7,4,1,1,1,1,1,1,
bram,bbht_grover_upgrade,RANGE,-4096,4096,256,16,0x49a2da79,0xe1376725,normal,HIT,13958,3326,7,6,6,4843,48,53,13958,7,6,6,1,1,1,1,1,1,
bram,bbht_grover_upgrade,RANGE,-4096,4096,256,16,0x49a2da79,0xe1376725,ckpt,HIT,13958,3326,7,6,2,6172,61,67,13958,7,6,2,1,1,1,1,1,1,
bram,bbht_grover_upgrade,RANGE,-4096,4096,256,17,0x63a4e9d7,0x6166dba4,normal,HIT,8833,-2331,6,5,5,4142,41,47,8833,6,5,5,1,1,1,1,1,1,
bram,bbht_grover_upgrade,RANGE,-4096,4096,256,17,0x63a4e9d7,0x6166dba4,ckpt,HIT,8833,-2331,6,5,2,2826,28,34,8833,6,5,2,1,1,1,1,1,1,
bram,bbht_grover_upgrade,RANGE,-4096,4096,256,18,0x8983f102,0x43fb6183,normal,HIT,12101,-2751,6,3,3,3610,36,42,12101,6,3,3,1,1,1,1,1,1,
bram,bbht_grover_upgrade,RANGE,-4096,4096,256,18,0x8983f102,0x43fb6183,ckpt,HIT,12101,-2751,6,3,1,2552,25,30,12101,6,3,1,1,1,1,1,1,1,
bram,bbht_grover_upgrade,RANGE,-4096,4096,256,19,0xb671aa78,0xc97ad8a2,normal,HIT,14110,3958,7,3,3,4050,40,45,14110,7,3,3,1,1,1,1,1,1,
bram,bbht_grover_upgrade,RANGE,-4096,4096,256,19,0xb671aa78,0xc97ad8a2,ckpt,HIT,14110,3958,7,3,2,3135,31,37,14110,7,3,2,1,1,1,1,1,1,
bram,bbht_grover_upgrade,RANGE,-4096,4096,256,20,0xdaeb566a,0x989e5b3d,normal,HIT,6313,3315,9,9,9,6579,65,70,6313,9,9,9,1,1,1,1,1,1,
bram,bbht_grover_upgrade,RANGE,-4096,4096,256,20,0xdaeb566a,0x989e5b3d,ckpt,HIT,6313,3315,9,9,4,4361,43,48,6313,9,9,4,1,1,1,1,1,1,
bram,bbht_grover_upgrade,RANGE,-4096,4096,256,21,0xf6181c00,0xa345ac4b,normal,HIT,4836,-1429,10,5,5,6012,60,65,4836,10,5,5,1,1,1,1,1,1,
bram,bbht_grover_upgrade,RANGE,-4096,4096,256,21,0xf6181c00,0xa345ac4b,ckpt,HIT,4836,-1429,10,5,4,4731,47,53,4836,10,5,4,1,1,1,1,1,1,
bram,bbht_grover_upgrade,RANGE,-4096,4096,256,22,0x4e18d852,0xa08980df,normal,HIT,2313,2221,5,1,1,2603,26,30,2313,5,1,1,1,1,1,1,1,1,
bram,bbht_grover_upgrade,RANGE,-4096,4096,256,22,0x4e18d852,0xa08980df,ckpt,HIT,2313,2221,5,1,1,2202,22,27,2313,5,1,1,1,1,1,1,1,1,
bram,bbht_grover_upgrade,RANGE,-4096,4096,256,23,0xa035ceba,0x611de4c4,normal,HIT,6595,1025,5,4,4,3390,33,39,6595,5,4,4,1,1,1,1,1,1,
bram,bbht_grover_upgrade,RANGE,-4096,4096,256,23,0xa035ceba,0x611de4c4,ckpt,HIT,6595,1025,5,4,2,2460,24,29,6595,5,4,2,1,1,1,1,1,1,
bram,bbht_grover_upgrade,RANGE,-4096,4096,256,24,0xc2416ee4,0x7323f479,normal,HIT,6282,-619,6,6,6,4382,43,48,6282,6,6,6,1,1,1,1,1,1,
bram,bbht_grover_upgrade,RANGE,-4096,4096,256,24,0xc2416ee4,0x7323f479,ckpt,HIT,6282,-619,6,6,2,2797,27,32,6282,6,6,2,1,1,1,1,1,1,
bram,bbht_grover_upgrade,RANGE,-4096,4096,256,25,0xfbdafbdd,0xa0c0cf2f,normal,HIT,10141,656,10,8,8,6750,67,72,10141,10,8,8,1,1,1,1,1,1,
bram,bbht_grover_upgrade,RANGE,-4096,4096,256,25,0xfbdafbdd,0xa0c0cf2f,ckpt,HIT,10141,656,10,8,2,4140,41,46,10141,10,8,2,1,1,1,1,1,1,
bram,bbht_grover_upgrade,RANGE,-4096,4096,256,26,0xa43fbf47,0x8de97b10,normal,HIT,6544,298,9,6,6,5709,57,62,6544,9,6,6,1,1,1,1,1,1,
bram,bbht_grover_upgrade,RANGE,-4096,4096,256,26,0xa43fbf47,0x8de97b10,ckpt,HIT,6544,298,9,6,2,3751,37,44,6544,9,6,2,1,1,1,1,1,1,
bram,bbht_grover_upgrade,RANGE,-4096,4096,256,27,0x6811f7c1,0xcb07044a,normal,HIT,10759,4069,6,4,4,3856,38,43,10759,6,4,4,1,1,1,1,1,1,
bram,bbht_grover_upgrade,RANGE,-4096,4096,256,27,0x6811f7c1,0xcb07044a,ckpt,HIT,10759,4069,6,4,2,2801,28,32,10759,6,4,2,1,1,1,1,1,1,
bram,bbht_grover_upgrade,RANGE,-4096,4096,256,28,0x610dde2c,0x8cf5deb9,normal,HIT,12495,-3747,5,4,4,3379,33,39,12495,5,4,4,1,1,1,1,1,1,
bram,bbht_grover_upgrade,RANGE,-4096,4096,256,28,0x610dde2c,0x8cf5deb9,ckpt,HIT,12495,-3747,5,4,2,2451,24,29,12495,5,4,2,1,1,1,1,1,1,
bram,bbht_grover_upgrade,RANGE,-4096,4096,256,29,0x82241b87,0xbbe27f39,normal,HIT,14698,-2746,7,6,6,4832,48,53,14698,7,6,6,1,1,1,1,1,1,
bram,bbht_grover_upgrade,RANGE,-4096,4096,256,29,0x82241b87,0xbbe27f39,ckpt,HIT,14698,-2746,7,6,2,3122,31,37,14698,7,6,2,1,1,1,1,1,1,
bram,bbht_grover_upgrade,RANGE,-4096,4096,256,30,0x48647490,0xea9551eb,normal,HIT,13981,-1174,3,1,1,1704,17,23,13981,3,1,1,1,1,1,1,1,1,
bram,bbht_grover_upgrade,RANGE,-4096,4096,256,30,0x48647490,0xea9551eb,ckpt,HIT,13981,-1174,3,1,1,1548,15,21,13981,3,1,1,1,1,1,1,1,1,
bram,bbht_grover_upgrade,RANGE,-4096,4096,256,31,0x63df3b7f,0xa8b057e1,normal,HIT,15984,2155,4,2,2,2403,24,29,15984,4,2,2,1,1,1,1,1,1,
bram,bbht_grover_upgrade,RANGE,-4096,4096,256,31,0x63df3b7f,0xa8b057e1,ckpt,HIT,15984,2155,4,2,1,1858,18,25,15984,4,2,1,1,1,1,1,1,1,
bram,bbht_grover_upgrade,RANGE,-4096,4096,256,32,0x433125bb,0x3221fef0,normal,HIT,12442,-3189,10,12,12,7871,78,84,12442,10,12,12,1,1,1,1,1,1,
bram,bbht_grover_upgrade,RANGE,-4096,4096,256,32,0x433125bb,0x3221fef0,ckpt,HIT,12442,-3189,10,12,4,4733,47,53,12442,10,12,4,1,1,1,1,1,1,
bram,bbht_grover_upgrade,RANGE,-4096,4096,256,33,0x7943be40,0x6641ee79,normal,HIT,1165,-3955,8,8,8,5823,58,64,1165,8,8,8,1,1,1,1,1,1,
bram,bbht_grover_upgrade,RANGE,-4096,4096,256,33,0x7943be40,0x6641ee79,ckpt,HIT,1165,-3955,8,8,3,3726,37,42,1165,8,8,3,1,1,1,1,1,1,
bram,bbht_grover_upgrade,RANGE,-4096,4096,256,34,0x26c93252,0x675d2908,normal,HIT,1409,-221,8,8,8,5835,58,64,1409,8,8,8,1,1,1,1,1,1,
bram,bbht_grover_upgrade,RANGE,-4096,4096,256,34,0x26c93252,0x675d2908,ckpt,HIT,1409,-221,8,8,3,3741,37,42,1409,8,8,3,1,1,1,1,1,1,
bram,bbht_grover_upgrade,RANGE,-4096,4096,256,35,0xdbe3ed49,0xa7cfea56,normal,HIT,4695,-731,2,1,1,1212,12,16,4695,2,1,1,1,1,1,1,1,1,
bram,bbht_grover_upgrade,RANGE,-4096,4096,256,35,0xdbe3ed49,0xa7cfea56,ckpt,HIT,4695,-731,2,1,1,1182,11,17,4695,2,1,1,1,1,1,1,1,1,
bram,bbht_grover_upgrade,RANGE,-4096,4096,256,36,0xc2ec9bb4,0xbfc0ae9e,normal,HIT,15925,-2305,4,0,0,1896,18,25,15925,4,0,0,1,1,1,1,1,1,
bram,bbht_grover_upgrade,RANGE,-4096,4096,256,36,0xc2ec9bb4,0xbfc0ae9e,ckpt,HIT,15925,-2305,4,0,0,1614,16,21,15925,4,0,0,1,1,1,1,1,1,
bram,bbht_grover_upgrade,RANGE,-4096,4096,256,37,0xe7ec8559,0x307064ac,normal,HIT,15604,-3833,9,8,8,6303,63,68,15604,9,8,8,1,1,1,1,1,1,
bram,bbht_grover_upgrade,RANGE,-4096,4096,256,37,0xe7ec8559,0x307064ac,ckpt,HIT,15604,-3833,9,8,2,3815,38,43,15604,9,8,2,1,1,1,1,1,1,
bram,bbht_grover_upgrade,RANGE,-4096,4096,256,38,0xccb88b54,0x2cf00158,normal,HIT,15120,1624,5,4,4,3434,34,38,15120,5,4,4,1,1,1,1,1,1,
bram,bbht_grover_upgrade,RANGE,-4096,4096,256,38,0xccb88b54,0x2cf00158,ckpt,HIT,15120,1624,5,4,2,2504,25,31,15120,5,4,2,1,1,1,1,1,1,
bram,bbht_grover_upgrade,RANGE,-4096,4096,256,39,0xb512e6a4,0x2b9e708c,normal,HIT,1027,2796,5,4,4,3373,33,39,1027,5,4,4,1,1,1,1,1,1,
bram,bbht_grover_upgrade,RANGE,-4096,4096,256,39,0xb512e6a4,0x2b9e708c,ckpt,HIT,1027,2796,5,4,2,2441,24,29,1027,5,4,2,1,1,1,1,1,1,
bram,bbht_grover_upgrade,RANGE,-4096,4096,256,40,0x7e2c3d82,0xa69fb195,normal,HIT,14134,227,4,2,2,2402,24,29,14134,4,2,2,1,1,1,1,1,1,
bram,bbht_grover_upgrade,RANGE,-4096,4096,256,40,0x7e2c3d82,0xa69fb195,ckpt,HIT,14134,227,4,2,1,1857,18,25,14134,4,2,1,1,1,1,1,1,1,
bram,bbht_grover_upgrade,RANGE,-4096,4096,256,41,0x58b3e5ad,0x23a21253,normal,HIT,7167,-3522,5,4,4,3398,33,38,7167,5,4,4,1,1,1,1,1,1,
bram,bbht_grover_upgrade,RANGE,-4096,4096,256,41,0x58b3e5ad,0x23a21253,ckpt,HIT,7167,-3522,5,4,2,2466,24,29,7167,5,4,2,1,1,1,1,1,1,
bram,bbht_grover_upgrade,RANGE,-4096,4096,256,42,0x9a07c40b,0x3ea78d8c,normal,HIT,13599,-583,9,3,3,4956,49,54,13599,9,3,3,1,1,1,1,1,1,
bram,bbht_grover_upgrade,RANGE,-4096,4096,256,42,0x9a07c40b,0x3ea78d8c,ckpt,HIT,13599,-583,9,3,1,3527,35,40,13599,9,3,1,1,1,1,1,1,1,
bram,bbht_grover_upgrade,RANGE,-4096,4096,256,43,0xf1f9a54b,0x7b00db61,normal,HIT,598,3880,2,1,1,1193,11,16,598,2,1,1,1,1,1,1,1,1,
bram,bbht_grover_upgrade,RANGE,-4096,4096,256,43,0xf1f9a54b,0x7b00db61,ckpt,HIT,598,3880,2,1,1,1162,11,16,598,2,1,1,1,1,1,1,1,1,
bram,bbht_grover_upgrade,RANGE,-4096,4096,256,44,0xfba6212d,0xb8b8356a,normal,HIT,10982,2141,9,5,5,5507,55,61,10982,9,5,5,1,1,1,1,1,1,
bram,bbht_grover_upgrade,RANGE,-4096,4096,256,44,0xfba6212d,0xb8b8356a,ckpt,HIT,10982,2141,9,5,2,3815,38,43,10982,9,5,2,1,1,1,1,1,1,
bram,bbht_grover_upgrade,RANGE,-4096,4096,256,45,0x1ca60615,0xd753b84a,normal,HIT,1409,-221,7,6,6,4778,47,53,1409,7,6,6,1,1,1,1,1,1,
bram,bbht_grover_upgrade,RANGE,-4096,4096,256,45,0x1ca60615,0xd753b84a,ckpt,HIT,1409,-221,7,6,2,3069,30,36,1409,7,6,2,1,1,1,1,1,1,
bram,bbht_grover_upgrade,RANGE,-4096,4096,256,46,0xa085c93e,0x19b8504d,normal,HIT,6718,-633,6,3,3,3622,36,42,6718,6,3,3,1,1,1,1,1,1,
bram,bbht_grover_upgrade,RANGE,-4096,4096,256,46,0xa085c93e,0x19b8504d,ckpt,HIT,6718,-633,6,3,2,2831,28,34,6718,6,3,2,1,1,1,1,1,1,
bram,bbht_grover_upgrade,RANGE,-4096,4096,256,47,0x18190603,0xad0438b2,normal,HIT,12995,-628,8,3,3,4565,45,51,12995,8,3,3,1,1,1,1,1,1,
bram,bbht_grover_upgrade,RANGE,-4096,4096,256,47,0x18190603,0xad0438b2,ckpt,HIT,12995,-628,8,3,2,3529,35,40,12995,8,3,2,1,1,1,1,1,1,
bram,bbht_grover_upgrade,RANGE,-4096,4096,256,48,0xc1143c78,0xbbdab3cd,normal,HIT,10759,4069,11,7,7,7051,70,75,10759,11,7,7,1,1,1,1,1,1,
bram,bbht_grover_upgrade,RANGE,-4096,4096,256,48,0xc1143c78,0xbbdab3cd,ckpt,HIT,10759,4069,11,7,4,5112,51,56,10759,11,7,4,1,1,1,1,1,1,
bram,bbht_grover_upgrade,RANGE,-4096,4096,256,49,0x332063fc,0x222ba57c,normal,HIT,13195,-3032,5,2,2,2814,28,34,13195,5,2,2,1,1,1,1,1,1,
bram,bbht_grover_upgrade,RANGE,-4096,4096,256,49,0x332063fc,0x222ba57c,ckpt,HIT,13195,-3032,5,2,1,2145,21,26,13195,5,2,1,1,1,1,1,1,1,
bram,bbht_grover_upgrade,RANGE,-4096,4096,256,50,0xd6f4066b,0xab9eb714,normal,HIT,2464,796,5,1,1,2528,25,31,2464,5,1,1,1,1,1,1,1,1,
bram,bbht_grover_upgrade,RANGE,-4096,4096,256,50,0xd6f4066b,0xab9eb714,ckpt,HIT,2464,796,5,1,1,5157,51,56,2464,5,1,1,1,1,1,1,1,1,
bram,bbht_grover_upgrade,RANGE,-4096,4096,256,51,0x64b9628c,0x9cd8b518,normal,HIT,14515,-2810,8,10,10,6286,62,69,14515,8,10,10,1,1,1,1,1,1,
bram,bbht_grover_upgrade,RANGE,-4096,4096,256,51,0x64b9628c,0x9cd8b518,ckpt,HIT,14515,-2810,8,10,3,3659,36,42,14515,8,10,3,1,1,1,1,1,1,
bram,bbht_grover_upgrade,RANGE,-4096,4096,256,52,0x894e6771,0x8a255c2e,normal,HIT,4734,813,8,5,5,5098,50,56,4734,8,5,5,1,1,1,1,1,1,
bram,bbht_grover_upgrade,RANGE,-4096,4096,256,52,0x894e6771,0x8a255c2e,ckpt,HIT,4734,813,8,5,2,3530,35,40,4734,8,5,2,1,1,1,1,1,1,
bram,bbht_grover_upgrade,RANGE,-4096,4096,256,53,0xe3e668e8,0xff1f20c3,normal,HIT,8740,-1739,9,7,7,6070,60,65,8740,9,7,7,1,1,1,1,1,1,
bram,bbht_grover_upgrade,RANGE,-4096,4096,256,53,0xe3e668e8,0xff1f20c3,ckpt,HIT,8740,-1739,9,7,3,4114,41,47,8740,9,7,3,1,1,1,1,1,1,
bram,bbht_grover_upgrade,RANGE,-4096,4096,256,54,0x36980406,0xfbdbfa61,normal,HIT,8565,1388,6,6,6,4335,43,48,8565,6,6,6,1,1,1,1,1,1,
bram,bbht_grover_upgrade,RANGE,-4096,4096,256,54,0x36980406,0xfbdbfa61,ckpt,HIT,8565,1388,6,6,2,2749,27,32,8565,6,6,2,1,1,1,1,1,1,
bram,bbht_grover_upgrade,RANGE,-4096,4096,256,55,0x114d2b4a,0xa617ad4e,normal,HIT,11006,14,7,7,7,5172,51,56,11006,7,7,7,1,1,1,1,1,1,
bram,bbht_grover_upgrade,RANGE,-4096,4096,256,55,0x114d2b4a,0xa617ad4e,ckpt,HIT,11006,14,7,7,2,3199,31,37,11006,7,7,2,1,1,1,1,1,1,
bram,bbht_grover_upgrade,RANGE,-4096,4096,256,56,0x3b8907e1,0x0c6cbd10,normal,HIT,645,768,8,7,7,5536,55,60,645,8,7,7,1,1,1,1,1,1,
bram,bbht_grover_upgrade,RANGE,-4096,4096,256,56,0x3b8907e1,0x0c6cbd10,ckpt,HIT,645,768,8,7,3,3704,37,41,645,8,7,3,1,1,1,1,1,1,
bram,bbht_grover_upgrade,RANGE,-4096,4096,256,57,0x2cd09c1d,0x964fb1a7,normal,HIT,9296,-1665,11,10,10,7787,77,83,9296,11,10,10,1,1,1,1,1,1,
bram,bbht_grover_upgrade,RANGE,-4096,4096,256,57,0x2cd09c1d,0x964fb1a7,ckpt,HIT,9296,-1665,11,10,5,5320,53,58,9296,11,10,5,1,1,1,1,1,1,
bram,bbht_grover_upgrade,RANGE,-4096,4096,256,58,0x6d7a8604,0xbd6f99c6,normal,HIT,9405,1321,2,1,1,1223,12,18,9405,2,1,1,1,1,1,1,1,1,
bram,bbht_grover_upgrade,RANGE,-4096,4096,256,58,0x6d7a8604,0xbd6f99c6,ckpt,HIT,9405,1321,2,1,1,1194,11,16,9405,2,1,1,1,1,1,1,1,1,
bram,bbht_grover_upgrade,RANGE,-4096,4096,256,59,0x1fadaf42,0x60010aa3,normal,HIT,1873,350,8,7,7,5690,56,62,1873,8,7,7,1,1,1,1,1,1,
bram,bbht_grover_upgrade,RANGE,-4096,4096,256,59,0x1fadaf42,0x60010aa3,ckpt,HIT,1873,350,8,7,2,3591,35,40,1873,8,7,2,1,1,1,1,1,1,
bram,bbht_grover_upgrade,RANGE,-4096,4096,256,60,0x92fe7cfd,0xb54e2773,normal,HIT,2026,-2644,5,2,2,2888,28,33,2026,5,2,2,1,1,1,1,1,1,
bram,bbht_grover_upgrade,RANGE,-4096,4096,256,60,0x92fe7cfd,0xb54e2773,ckpt,HIT,2026,-2644,5,2,1,2219,22,28,2026,5,2,1,1,1,1,1,1,1,
bram,bbht_grover_upgrade,RANGE,-4096,4096,256,61,0x1aecb060,0x9c545eba,normal,HIT,5893,-2240,5,4,4,3410,34,39,5893,5,4,4,1,1,1,1,1,1,
bram,bbht_grover_upgrade,RANGE,-4096,4096,256,61,0x1aecb060,0x9c545eba,ckpt,HIT,5893,-2240,5,4,2,2478,24,29,5893,5,4,2,1,1,1,1,1,1,
bram,bbht_grover_upgrade,RANGE,-4096,4096,256,62,0x91778cc3,0xbd1d1bc0,normal,HIT,6787,-1136,3,1,1,1678,16,21,6787,3,1,1,1,1,1,1,1,1,
bram,bbht_grover_upgrade,RANGE,-4096,4096,256,62,0x91778cc3,0xbd1d1bc0,ckpt,HIT,6787,-1136,3,1,1,1523,15,20,6787,3,1,1,1,1,1,1,1,1,
bram,bbht_grover_upgrade,RANGE,-4096,4096,256,63,0xe6b7e7eb,0xd542988e,normal,HIT,5449,-2943,5,3,3,3100,31,35,5449,5,3,3,1,1,1,1,1,1,
bram,bbht_grover_upgrade,RANGE,-4096,4096,256,63,0xe6b7e7eb,0xd542988e,ckpt,HIT,5449,-2943,5,3,2,2434,24,29,5449,5,3,2,1,1,1,1,1,1,
bram,bbht_grover_upgrade,RANGE,-4096,4096,256,64,0x6770144c,0xd2d3c6e7,normal,HIT,9240,-1467,6,2,2,3364,33,39,9240,6,2,2,1,1,1,1,1,1,
bram,bbht_grover_upgrade,RANGE,-4096,4096,256,64,0x6770144c,0xd2d3c6e7,ckpt,HIT,9240,-1467,6,2,2,2838,28,34,9240,6,2,2,1,1,1,1,1,1,
bram,bbht_grover_upgrade,RANGE,-4096,4096,256,65,0xc600a248,0x0a1e0844,normal,HIT,10323,-26,6,3,3,3562,35,40,10323,6,3,3,1,1,1,1,1,1,
bram,bbht_grover_upgrade,RANGE,-4096,4096,256,65,0xc600a248,0x0a1e0844,ckpt,HIT,10323,-26,6,3,2,2773,27,33,10323,6,3,2,1,1,1,1,1,1,
bram,bbht_grover_upgrade,RANGE,-4096,4096,256,66,0x1ea4f830,0x2ef0f28e,normal,HIT,11968,3802,3,1,1,1672,16,22,11968,3,1,1,1,1,1,1,1,1,
bram,bbht_grover_upgrade,RANGE,-4096,4096,256,66,0x1ea4f830,0x2ef0f28e,ckpt,HIT,11968,3802,3,1,1,1517,15,19,11968,3,1,1,1,1,1,1,1,1,
bram,bbht_grover_upgrade,RANGE,-4096,4096,256,67,0x639604f3,0x7fe04f83,normal,HIT,6987,-2316,6,6,6,4430,44,50,6987,6,6,6,1,1,1,1,1,1,
bram,bbht_grover_upgrade,RANGE,-4096,4096,256,67,0x639604f3,0x7fe04f83,ckpt,HIT,6987,-2316,6,6,2,2846,28,34,6987,6,6,2,1,1,1,1,1,1,
bram,bbht_grover_upgrade,RANGE,-4096,4096,256,68,0x6e084a84,0xb643b17e,normal,HIT,5170,3782,6,3,3,3620,36,42,5170,6,3,3,1,1,1,1,1,1,
bram,bbht_grover_upgrade,RANGE,-4096,4096,256,68,0x6e084a84,0xb643b17e,ckpt,HIT,5170,3782,6,3,1,2565,25,31,5170,6,3,1,1,1,1,1,1,1,
bram,bbht_grover_upgrade,RANGE,-4096,4096,256,69,0x3d7fc476,0x467d7a44,normal,HIT,12880,1397,2,1,1,1206,12,16,12880,2,1,1,1,1,1,1,1,1,
bram,bbht_grover_upgrade,RANGE,-4096,4096,256,69,0x3d7fc476,0x467d7a44,ckpt,HIT,12880,1397,2,1,1,1174,11,16,12880,2,1,1,1,1,1,1,1,1,
bram,bbht_grover_upgrade,RANGE,-4096,4096,256,70,0xedca3875,0xefade11e,normal,HIT,4430,74,9,10,10,6835,68,73,4430,9,10,10,1,1,1,1,1,1,
bram,bbht_grover_upgrade,RANGE,-4096,4096,256,70,0xedca3875,0xefade11e,ckpt,HIT,4430,74,9,10,3,4086,40,46,4430,9,10,3,1,1,1,1,1,1,
bram,bbht_grover_upgrade,RANGE,-4096,4096,256,71,0xb883121d,0x095c678c,normal,HIT,8836,-3872,12,13,13,9052,90,96,8836,12,13,13,1,1,1,1,1,1,
bram,bbht_grover_upgrade,RANGE,-4096,4096,256,71,0xb883121d,0x095c678c,ckpt,HIT,8836,-3872,12,13,3,5135,51,56,8836,12,13,3,1,1,1,1,1,1,
bram,bbht_grover_upgrade,RANGE,-4096,4096,256,72,0xace22797,0xbc422a9a,normal,HIT,1409,-221,8,6,6,5290,52,57,1409,8,6,6,1,1,1,1,1,1,
bram,bbht_grover_upgrade,RANGE,-4096,4096,256,72,0xace22797,0xbc422a9a,ckpt,HIT,1409,-221,8,6,2,3458,34,40,1409,8,6,2,1,1,1,1,1,1,
bram,bbht_grover_upgrade,RANGE,-4096,4096,256,73,0xefd3172d,0x8c2c3233,normal,HIT,12874,4091,4,2,2,2354,23,29,12874,4,2,2,1,1,1,1,1,1,
bram,bbht_grover_upgrade,RANGE,-4096,4096,256,73,0xefd3172d,0x8c2c3233,ckpt,HIT,12874,4091,4,2,1,1810,18,22,12874,4,2,1,1,1,1,1,1,1,
bram,bbht_grover_upgrade,RANGE,-4096,4096,256,74,0xe6aacdb5,0x7f1c158a,normal,HIT,5526,3979,9,10,10,6833,68,74,5526,9,10,10,1,1,1,1,1,1,
bram,bbht_grover_upgrade,RANGE,-4096,4096,256,74,0xe6aacdb5,0x7f1c158a,ckpt,HIT,5526,3979,9,10,3,4084,40,46,5526,9,10,3,1,1,1,1,1,1,
bram,bbht_grover_upgrade,RANGE,-4096,4096,256,75,0x6566c598,0xca804b00,normal,HIT,2756,874,9,9,9,6527,65,70,2756,9,9,9,1,1,1,1,1,1,
bram,bbht_grover_upgrade,RANGE,-4096,4096,256,75,0x6566c598,0xca804b00,ckpt,HIT,2756,874,9,9,4,4308,43,48,2756,9,9,4,1,1,1,1,1,1,
bram,bbht_grover_upgrade,RANGE,-4096,4096,256,76,0x4e646d9d,0xcbae5ac0,normal,HIT,4708,-911,8,6,6,5283,52,58,4708,8,6,6,1,1,1,1,1,1,
bram,bbht_grover_upgrade,RANGE,-4096,4096,256,76,0x4e646d9d,0xcbae5ac0,ckpt,HIT,4708,-911,8,6,2,3449,34,40,4708,8,6,2,1,1,1,1,1,1,
bram,bbht_grover_upgrade,RANGE,-4096,4096,256,77,0x05d81d6f,0x260c4013,normal,HIT,14134,227,5,3,3,3047,30,35,14134,5,3,3,1,1,1,1,1,1,
bram,bbht_grover_upgrade,RANGE,-4096,4096,256,77,0x05d81d6f,0x260c4013,ckpt,HIT,14134,227,5,3,2,2382,23,29,14134,5,3,2,1,1,1,1,1,1,
bram,bbht_grover_upgrade,RANGE,-4096,4096,256,78,0x2018f6a3,0x5728c7f4,normal,HIT,7219,43,7,7,7,5135,51,56,7219,7,7,7,1,1,1,1,1,1,
bram,bbht_grover_upgrade,RANGE,-4096,4096,256,78,0x2018f6a3,0x5728c7f4,ckpt,HIT,7219,43,7,7,2,3160,31,37,7219,7,7,2,1,1,1,1,1,1,
bram,bbht_grover_upgrade,RANGE,-4096,4096,256,79,0x718ebf0c,0x4d7d460c,normal,HIT,6313,3315,7,5,5,4550,45,51,6313,7,5,5,1,1,1,1,1,1,
bram,bbht_grover_upgrade,RANGE,-4096,4096,256,79,0x718ebf0c,0x4d7d460c,ckpt,HIT,6313,3315,7,5,2,3108,31,36,6313,7,5,2,1,1,1,1,1,1,
bram,bbht_grover_upgrade,RANGE,-4096,4096,256,80,0x042a8f17,0x2093b3f4,normal,HIT,8709,-3403,8,4,4,4783,47,53,8709,8,4,4,1,1,1,1,1,1,
bram,bbht_grover_upgrade,RANGE,-4096,4096,256,80,0x042a8f17,0x2093b3f4,ckpt,HIT,8709,-3403,8,4,2,3479,34,40,8709,8,4,2,1,1,1,1,1,1,
bram,bbht_grover_upgrade,RANGE,-4096,4096,256,81,0xfc1c775d,0x35bd20f1,normal,HIT,15037,-3396,5,3,3,3167,31,37,15037,5,3,3,1,1,1,1,1,1,
bram,bbht_grover_upgrade,RANGE,-4096,4096,256,81,0xfc1c775d,0x35bd20f1,ckpt,HIT,15037,-3396,5,3,1,2235,22,27,15037,5,3,1,1,1,1,1,1,1,
bram,bbht_grover_upgrade,RANGE,-4096,4096,256,82,0x16b93b63,0x7d609ba5,normal,HIT,7219,43,9,10,10,6874,68,74,7219,9,10,10,1,1,1,1,1,1,
bram,bbht_grover_upgrade,RANGE,-4096,4096,256,82,0x16b93b63,0x7d609ba5,ckpt,HIT,7219,43,9,10,4,4388,43,50,7219,9,10,4,1,1,1,1,1,1,
bram,bbht_grover_upgrade,RANGE,-4096,4096,256,83,0x8ce1028e,0xb152e7ef,normal,HIT,2981,-1400,10,12,12,7845,78,83,2981,10,12,12,1,1,1,1,1,1,
bram,bbht_grover_upgrade,RANGE,-4096,4096,256,83,0x8ce1028e,0xb152e7ef,ckpt,HIT,2981,-1400,10,12,5,7986,79,84,2981,10,12,5,1,1,1,1,1,1,
bram,bbht_grover_upgrade,RANGE,-4096,4096,256,84,0x87bad980,0x7dbefa97,normal,HIT,1165,-3955,13,26,26,13006,130,135,1165,13,26,26,1,1,1,1,1,1,
bram,bbht_grover_upgrade,RANGE,-4096,4096,256,84,0x87bad980,0x7dbefa97,ckpt,HIT,1165,-3955,13,26,8,6875,68,74,1165,13,26,8,1,1,1,1,1,1,
bram,bbht_grover_upgrade,RANGE,-4096,4096,256,85,0xd63d86f3,0xf5399cca,normal,HIT,1622,-746,2,1,1,1210,12,16,1622,2,1,1,1,1,1,1,1,1,
bram,bbht_grover_upgrade,RANGE,-4096,4096,256,85,0xd63d86f3,0xf5399cca,ckpt,HIT,1622,-746,2,1,1,1183,11,16,1622,2,1,1,1,1,1,1,1,1,
bram,bbht_grover_upgrade,RANGE,-4096,4096,256,86,0xeeaba102,0x01560fc0,normal,HIT,2981,-1400,10,10,10,7365,73,78,2981,10,10,10,1,1,1,1,1,1,
bram,bbht_grover_upgrade,RANGE,-4096,4096,256,86,0xeeaba102,0x01560fc0,ckpt,HIT,2981,-1400,10,10,4,4949,49,54,2981,10,10,4,1,1,1,1,1,1,
bram,bbht_grover_upgrade,RANGE,-4096,4096,256,87,0xc1fee4bb,0xc7e12d58,normal,HIT,11006,14,6,5,5,4149,41,46,11006,6,5,5,1,1,1,1,1,1,
bram,bbht_grover_upgrade,RANGE,-4096,4096,256,87,0xc1fee4bb,0xc7e12d58,ckpt,HIT,11006,14,6,5,2,2828,28,33,11006,6,5,2,1,1,1,1,1,1,
bram,bbht_grover_upgrade,RANGE,-4096,4096,256,88,0x0707c9da,0xf644a3f9,normal,HIT,12629,-3988,10,10,10,7310,73,78,12629,10,10,10,1,1,1,1,1,1,
bram,bbht_grover_upgrade,RANGE,-4096,4096,256,88,0x0707c9da,0xf644a3f9,ckpt,HIT,12629,-3988,10,10,4,4701,47,53,12629,10,10,4,1,1,1,1,1,1,
bram,bbht_grover_upgrade,RANGE,-4096,4096,256,89,0xde0d9c30,0x58a2ee8f,normal,HIT,5920,357,3,1,1,1690,16,21,5920,3,1,1,1,1,1,1,1,1,
bram,bbht_grover_upgrade,RANGE,-4096,4096,256,89,0xde0d9c30,0x58a2ee8f,ckpt,HIT,5920,357,3,1,1,1535,15,20,5920,3,1,1,1,1,1,1,1,1,
bram,bbht_grover_upgrade,RANGE,-4096,4096,256,90,0x7cd0efc7,0x9f385cfb,normal,HIT,480,-2190,4,2,2,2412,24,29,480,4,2,2,1,1,1,1,1,1,
bram,bbht_grover_upgrade,RANGE,-4096,4096,256,90,0x7cd0efc7,0x9f385cfb,ckpt,HIT,480,-2190,4,2,1,1867,18,24,480,4,2,1,1,1,1,1,1,1,
bram,bbht_grover_upgrade,RANGE,-4096,4096,256,91,0xe4cb50a6,0x94d13729,normal,HIT,533,909,13,10,10,8770,87,92,533,13,10,10,1,1,1,1,1,1,
bram,bbht_grover_upgrade,RANGE,-4096,4096,256,91,0xe4cb50a6,0x94d13729,ckpt,HIT,533,909,13,10,3,5628,56,61,533,13,10,3,1,1,1,1,1,1,
bram,bbht_grover_upgrade,RANGE,-4096,4096,256,92,0xa0882219,0x18f75d24,normal,HIT,5364,2037,3,1,1,1659,16,22,5364,3,1,1,1,1,1,1,1,1,
bram,bbht_grover_upgrade,RANGE,-4096,4096,256,92,0xa0882219,0x18f75d24,ckpt,HIT,5364,2037,3,1,1,1505,15,19,5364,3,1,1,1,1,1,1,1,1,
bram,bbht_grover_upgrade,RANGE,-4096,4096,256,93,0xc435e6f2,0xf75a52bc,normal,HIT,2151,3011,3,2,2,1889,18,24,2151,3,2,2,1,1,1,1,1,1,
bram,bbht_grover_upgrade,RANGE,-4096,4096,256,93,0xc435e6f2,0xf75a52bc,ckpt,HIT,2151,3011,3,2,1,1469,14,19,2151,3,2,1,1,1,1,1,1,1,
bram,bbht_grover_upgrade,RANGE,-4096,4096,256,94,0x011b63f0,0x0aa34346,normal,HIT,14139,-261,9,7,7,6047,60,66,14139,9,7,7,1,1,1,1,1,1,
bram,bbht_grover_upgrade,RANGE,-4096,4096,256,94,0x011b63f0,0x0aa34346,ckpt,HIT,14139,-261,9,7,4,4358,43,48,14139,9,7,4,1,1,1,1,1,1,
bram,bbht_grover_upgrade,RANGE,-4096,4096,256,95,0x1b456e77,0xee460f94,normal,HIT,13135,465,5,4,4,3410,34,39,13135,5,4,4,1,1,1,1,1,1,
bram,bbht_grover_upgrade,RANGE,-4096,4096,256,95,0x1b456e77,0xee460f94,ckpt,HIT,13135,465,5,4,2,2480,24,29,13135,5,4,2,1,1,1,1,1,1,
bram,bbht_grover_upgrade,RANGE,-4096,4096,256,96,0x10088608,0xef418331,normal,HIT,4116,-3709,7,6,6,4866,48,55,4116,7,6,6,1,1,1,1,1,1,
bram,bbht_grover_upgrade,RANGE,-4096,4096,256,96,0x10088608,0xef418331,ckpt,HIT,4116,-3709,7,6,2,3158,31,37,4116,7,6,2,1,1,1,1,1,1,
bram,bbht_grover_upgrade,RANGE,-4096,4096,256,97,0x6fcfc352,0xf8fa9f4c,normal,HIT,2859,-2006,7,5,5,4621,46,52,2859,7,5,5,1,1,1,1,1,1,
bram,bbht_grover_upgrade,RANGE,-4096,4096,256,97,0x6fcfc352,0xf8fa9f4c,ckpt,HIT,2859,-2006,7,5,2,3176,31,37,2859,7,5,2,1,1,1,1,1,1,
bram,bbht_grover_upgrade,RANGE,-4096,4096,256,98,0xfb6077af,0x713595a9,normal,HIT,1236,1692,12,17,17,10069,100,105,1236,12,17,17,1,1,1,1,1,1,
bram,bbht_grover_upgrade,RANGE,-4096,4096,256,98,0xfb6077af,0x713595a9,ckpt,HIT,1236,1692,12,17,7,6156,61,67,1236,12,17,7,1,1,1,1,1,1,
bram,bbht_grover_upgrade,RANGE,-4096,4096,256,99,0xc6ebb72e,0x08fdf109,normal,HIT,6987,-2316,8,8,8,5877,58,64,6987,8,8,8,1,1,1,1,1,1,
bram,bbht_grover_upgrade,RANGE,-4096,4096,256,99,0xc6ebb72e,0x08fdf109,ckpt,HIT,6987,-2316,8,8,2,3519,35,41,6987,8,8,2,1,1,1,1,1,1,
