Copyright 1986-2022 Xilinx, Inc. All Rights Reserved. Copyright 2022-2026 Advanced Micro Devices, Inc. All Rights Reserved.
---------------------------------------------------------------------------------------------------------------------------------------------
| Tool Version : Vivado v.2026.1 (lin64) Build 6511674 Tue Jun 16 11:01:26 MDT 2026
| Date         : Fri Sep 25 10:59:41 2026
| Host         : Dev-Ubuntu running 64-bit Ubuntu 24.04.4 LTS
| Command      : report_timing_summary -file /opt/rvx/platform/bbht_grover_dram/imp_arty-100t_2026-09-25/imp_result/route_timing_summary.rpt
| Design       : BBHT_GROVER_DRAM_FPGA
| Device       : 7a100t-csg324
| Speed File   : -1  PRODUCTION 1.23 2018-06-13
| Design State : Routed
---------------------------------------------------------------------------------------------------------------------------------------------

Timing Summary Report

------------------------------------------------------------------------------------------------
| Timer Settings
| --------------
------------------------------------------------------------------------------------------------

  Enable Multi Corner Analysis               :  Yes
  Enable Pessimism Removal                   :  Yes
  Pessimism Removal Resolution               :  Nearest Common Node
  Enable Input Delay Default Clock           :  No
  Enable Preset / Clear Arcs                 :  No
  Disable Flight Delays                      :  No
  Ignore I/O Paths                           :  No
  Timing Early Launch at Borrowing Latches   :  No
  Borrow Time for Max Delay Exceptions       :  Yes
  Merge Timing Exceptions                    :  Yes
  Inter-SLR Compensation                     :  Conservative

  Corner  Analyze    Analyze    
  Name    Max Paths  Min Paths  
  ------  ---------  ---------  
  Slow    Yes        Yes        
  Fast    Yes        Yes        


------------------------------------------------------------------------------------------------
| Report Methodology
| ------------------
------------------------------------------------------------------------------------------------

No report available as report_methodology has not been run prior. Run report_methodology on the current design for the summary of methodology violations.



check_timing report

Table of Contents
-----------------
1. checking no_clock (0)
2. checking constant_clock (0)
3. checking pulse_width_clock (0)
4. checking unconstrained_internal_endpoints (0)
5. checking no_input_delay (3)
6. checking no_output_delay (2)
7. checking multiple_clock (0)
8. checking generated_clocks (0)
9. checking loops (0)
10. checking partial_input_delay (0)
11. checking partial_output_delay (0)
12. checking latch_loops (0)

1. checking no_clock (0)
------------------------
 There are 0 register/latch pins with no clock.


2. checking constant_clock (0)
------------------------------
 There are 0 register/latch pins with constant_clock.


3. checking pulse_width_clock (0)
---------------------------------
 There are 0 register/latch pins which need pulse_width check


4. checking unconstrained_internal_endpoints (0)
------------------------------------------------
 There are 0 pins that are not constrained for maximum delay.

 There are 0 pins that are not constrained for maximum delay due to constant clock.


5. checking no_input_delay (3)
------------------------------
 There are 3 input ports with no input delay specified. (HIGH)

 There are 0 input ports with no input delay but user has a false path constraint.


6. checking no_output_delay (2)
-------------------------------
 There are 2 ports with no output delay specified. (HIGH)

 There are 0 ports with no output delay but user has a false path constraint

 There are 0 ports with no output delay but with a timing clock defined on it or propagating through it


7. checking multiple_clock (0)
------------------------------
 There are 0 register/latch pins with multiple clocks.


8. checking generated_clocks (0)
--------------------------------
 There are 0 generated clocks that are not connected to a clock source.


9. checking loops (0)
---------------------
 There are 0 combinational loops in the design.


10. checking partial_input_delay (0)
------------------------------------
 There are 0 input ports with partial input delay specified.


11. checking partial_output_delay (0)
-------------------------------------
 There are 0 ports with partial output delay specified.


12. checking latch_loops (0)
----------------------------
 There are 0 combinational latch loops in the design through latch input



------------------------------------------------------------------------------------------------
| Design Timing Summary
| ---------------------
------------------------------------------------------------------------------------------------

    WNS(ns)      TNS(ns)  TNS Failing Endpoints  TNS Total Endpoints      WHS(ns)      THS(ns)  THS Failing Endpoints  THS Total Endpoints     WPWS(ns)     TPWS(ns)  TPWS Failing Endpoints  TPWS Total Endpoints  
    -------      -------  ---------------------  -------------------      -------      -------  ---------------------  -------------------     --------     --------  ----------------------  --------------------  
     -2.097      -39.563                     89                85618        0.008        0.000                      0                85617        0.109        0.000                       0                 35455  


Timing constraints are not met.


------------------------------------------------------------------------------------------------
| Clock Summary
| -------------
------------------------------------------------------------------------------------------------

Clock                                                                                                                                                            Waveform(ns)         Period(ns)      Frequency(MHz)
-----                                                                                                                                                            ------------         ----------      --------------
i_platform/i_pll0/i_xilinx_clock_pll_0/inst/clk_in1                                                                                                              {0.000 5.000}        10.000          100.000         
  clk_150000000_xilinx_clock_pll_0                                                                                                                               {0.000 3.333}        6.667           150.000         
    freq_refclk                                                                                                                                                  {0.000 0.833}        1.667           600.000         
      u_memc_ui_top_axi/mem_intfc0/ddr_phy_top0/u_ddr_mc_phy_wrapper/u_ddr_mc_phy/ddr_phy_4lanes_0.u_ddr_phy_4lanes/ddr_byte_lane_C.ddr_byte_lane_C/iserdes_clk  {0.000 1.667}        3.333           300.000         
        iserdes_clkdiv                                                                                                                                           {0.000 6.667}        13.333          75.000          
      u_memc_ui_top_axi/mem_intfc0/ddr_phy_top0/u_ddr_mc_phy_wrapper/u_ddr_mc_phy/ddr_phy_4lanes_0.u_ddr_phy_4lanes/ddr_byte_lane_D.ddr_byte_lane_D/iserdes_clk  {0.000 1.667}        3.333           300.000         
        iserdes_clkdiv_1                                                                                                                                         {0.000 6.667}        13.333          75.000          
    mem_refclk                                                                                                                                                   {0.000 1.667}        3.333           300.000         
      oserdes_clk                                                                                                                                                {0.000 1.667}        3.333           300.000         
        oserdes_clkdiv                                                                                                                                           {0.000 3.333}        6.667           150.000         
      oserdes_clk_1                                                                                                                                              {0.000 1.667}        3.333           300.000         
        oserdes_clkdiv_1                                                                                                                                         {0.000 3.333}        6.667           150.000         
      oserdes_clk_2                                                                                                                                              {0.000 1.667}        3.333           300.000         
        oserdes_clkdiv_2                                                                                                                                         {0.000 3.333}        6.667           150.000         
      oserdes_clk_3                                                                                                                                              {0.000 1.667}        3.333           300.000         
        oserdes_clkdiv_3                                                                                                                                         {0.000 3.333}        6.667           150.000         
    pll_clk3_out                                                                                                                                                 {0.000 3.333}        6.667           150.000         
      clk_pll_i                                                                                                                                                  {0.000 3.333}        6.667           150.000         
    pll_clkfbout                                                                                                                                                 {0.000 3.333}        6.667           150.000         
    sync_pulse                                                                                                                                                   {1.458 4.792}        53.333          18.750          
  clk_300000000_xilinx_clock_pll_0                                                                                                                               {0.000 1.667}        3.333           300.000         
  clk_50000000_xilinx_clock_pll_0                                                                                                                                {0.000 10.000}       20.000          50.000          
  clkfbout_xilinx_clock_pll_0                                                                                                                                    {0.000 5.000}        10.000          100.000         
pjtag_rclk                                                                                                                                                       {0.000 50.000}       100.000         10.000          
sys_clk_pin                                                                                                                                                      {0.000 5.000}        10.000          100.000         


------------------------------------------------------------------------------------------------
| Intra Clock Table
| -----------------
------------------------------------------------------------------------------------------------

Clock                                                                                                                                                                WNS(ns)      TNS(ns)  TNS Failing Endpoints  TNS Total Endpoints      WHS(ns)      THS(ns)  THS Failing Endpoints  THS Total Endpoints     WPWS(ns)     TPWS(ns)  TPWS Failing Endpoints  TPWS Total Endpoints  
-----                                                                                                                                                                -------      -------  ---------------------  -------------------      -------      -------  ---------------------  -------------------     --------     --------  ----------------------  --------------------  
i_platform/i_pll0/i_xilinx_clock_pll_0/inst/clk_in1                                                                                                                                                                                                                                                                3.000        0.000                       0                     1  
  clk_150000000_xilinx_clock_pll_0                                                                                                                                                                                                                                                                                 1.833        0.000                       0                     3  
    freq_refclk                                                                                                                                                                                                                                                                                                    0.270        0.000                       0                     8  
      u_memc_ui_top_axi/mem_intfc0/ddr_phy_top0/u_ddr_mc_phy_wrapper/u_ddr_mc_phy/ddr_phy_4lanes_0.u_ddr_phy_4lanes/ddr_byte_lane_C.ddr_byte_lane_C/iserdes_clk                                                                                                                                                    1.666        0.000                       0                    16  
        iserdes_clkdiv                                                                                                                                                11.258        0.000                      0                   33        0.071        0.000                      0                   33        4.517        0.000                       0                     9  
      u_memc_ui_top_axi/mem_intfc0/ddr_phy_top0/u_ddr_mc_phy_wrapper/u_ddr_mc_phy/ddr_phy_4lanes_0.u_ddr_phy_4lanes/ddr_byte_lane_D.ddr_byte_lane_D/iserdes_clk                                                                                                                                                    1.666        0.000                       0                    16  
        iserdes_clkdiv_1                                                                                                                                              11.288        0.000                      0                   33        0.071        0.000                      0                   33        4.517        0.000                       0                     9  
    mem_refclk                                                                                                                                                         2.172        0.000                      0                    1        0.336        0.000                      0                    1        1.042        0.000                       0                     8  
      oserdes_clk                                                                                                                                                                                                                                                                                                  1.666        0.000                       0                    12  
        oserdes_clkdiv                                                                                                                                                 4.715        0.000                      0                   44        0.090        0.000                      0                   44        1.183        0.000                       0                    12  
      oserdes_clk_1                                                                                                                                                                                                                                                                                                1.666        0.000                       0                    12  
        oserdes_clkdiv_1                                                                                                                                               5.238        0.000                      0                   48        0.094        0.000                      0                   48        1.183        0.000                       0                    13  
      oserdes_clk_2                                                                                                                                                    1.753        0.000                      0                    4        0.413        0.000                      0                    4        1.666        0.000                       0                    12  
        oserdes_clkdiv_2                                                                                                                                               5.245        0.000                      0                   36        0.092        0.000                      0                   36        1.183        0.000                       0                    11  
      oserdes_clk_3                                                                                                                                                    1.769        0.000                      0                    4        0.408        0.000                      0                    4        1.666        0.000                       0                    12  
        oserdes_clkdiv_3                                                                                                                                               5.261        0.000                      0                   36        0.086        0.000                      0                   36        1.183        0.000                       0                    11  
    pll_clk3_out                                                                                                                                                                                                                                                                                                   1.833        0.000                       0                     3  
      clk_pll_i                                                                                                                                                       -0.659      -21.825                     79                23066        0.008        0.000                      0                23066        1.183        0.000                       0                 10774  
    pll_clkfbout                                                                                                                                                                                                                                                                                                   5.418        0.000                       0                     2  
    sync_pulse                                                                                                                                                                                                                                                                                                     2.083        0.000                       0                     8  
  clk_300000000_xilinx_clock_pll_0                                                                                                                                     1.967        0.000                      0                   14        0.154        0.000                      0                   14        0.109        0.000                       0                    18  
  clk_50000000_xilinx_clock_pll_0                                                                                                                                      6.209        0.000                      0                22324        0.034        0.000                      0                22324        8.750        0.000                       0                 11838  
  clkfbout_xilinx_clock_pll_0                                                                                                                                                                                                                                                                                      7.845        0.000                       0                     3  
pjtag_rclk                                                                                                                                                            13.343        0.000                      0                  351        0.122        0.000                      0                  351       49.500        0.000                       0                   254  
sys_clk_pin                                                                                                                                                           -2.097      -17.738                     10                32956        0.009        0.000                      0                32956        4.500        0.000                       0                 12390  


------------------------------------------------------------------------------------------------
| Inter Clock Table
| -----------------
------------------------------------------------------------------------------------------------

From Clock    To Clock          WNS(ns)      TNS(ns)  TNS Failing Endpoints  TNS Total Endpoints      WHS(ns)      THS(ns)  THS Failing Endpoints  THS Total Endpoints  
----------    --------          -------      -------  ---------------------  -------------------      -------      -------  ---------------------  -------------------  


------------------------------------------------------------------------------------------------
| Other Path Groups Table
| -----------------------
------------------------------------------------------------------------------------------------

Path Group                       From Clock                       To Clock                             WNS(ns)      TNS(ns)  TNS Failing Endpoints  TNS Total Endpoints      WHS(ns)      THS(ns)  THS Failing Endpoints  THS Total Endpoints  
----------                       ----------                       --------                             -------      -------  ---------------------  -------------------      -------      -------  ---------------------  -------------------  
**async_default**                clk_50000000_xilinx_clock_pll_0  clk_50000000_xilinx_clock_pll_0        5.161        0.000                      0                 6665        0.650        0.000                      0                 6665  
**async_default**                clk_pll_i                        clk_pll_i                              2.718        0.000                      0                    2        1.159        0.000                      0                    2  
**default**                      clk_pll_i                                                               1.178        0.000                      0                    1                                                                        


------------------------------------------------------------------------------------------------
| Timing Details
| --------------
------------------------------------------------------------------------------------------------


---------------------------------------------------------------------------------------------------
From Clock:  i_platform/i_pll0/i_xilinx_clock_pll_0/inst/clk_in1
  To Clock:  i_platform/i_pll0/i_xilinx_clock_pll_0/inst/clk_in1

Setup :           NA  Failing Endpoints,  Worst Slack           NA  ,  Total Violation           NA
Hold  :           NA  Failing Endpoints,  Worst Slack           NA  ,  Total Violation           NA
PW    :            0  Failing Endpoints,  Worst Slack        3.000ns,  Total Violation        0.000ns
---------------------------------------------------------------------------------------------------


Pulse Width Checks
--------------------------------------------------------------------------------------
Clock Name:         i_platform/i_pll0/i_xilinx_clock_pll_0/inst/clk_in1
Waveform(ns):       { 0.000 5.000 }
Period(ns):         10.000
Sources:            { i_platform/i_pll0/i_xilinx_clock_pll_0/inst/clk_in1 }

Check Type        Corner  Lib Pin            Reference Pin  Required(ns)  Actual(ns)  Slack(ns)  Location         Pin
Min Period        n/a     MMCME2_ADV/CLKIN1  n/a            1.249         10.000      8.751      MMCME2_ADV_X0Y0  i_platform/i_pll0/i_xilinx_clock_pll_0/inst/mmcm_adv_inst/CLKIN1
Max Period        n/a     MMCME2_ADV/CLKIN1  n/a            100.000       10.000      90.000     MMCME2_ADV_X0Y0  i_platform/i_pll0/i_xilinx_clock_pll_0/inst/mmcm_adv_inst/CLKIN1
Low Pulse Width   Slow    MMCME2_ADV/CLKIN1  n/a            2.000         5.000       3.000      MMCME2_ADV_X0Y0  i_platform/i_pll0/i_xilinx_clock_pll_0/inst/mmcm_adv_inst/CLKIN1
High Pulse Width  Slow    MMCME2_ADV/CLKIN1  n/a            2.000         5.000       3.000      MMCME2_ADV_X0Y0  i_platform/i_pll0/i_xilinx_clock_pll_0/inst/mmcm_adv_inst/CLKIN1



---------------------------------------------------------------------------------------------------
From Clock:  clk_150000000_xilinx_clock_pll_0
  To Clock:  clk_150000000_xilinx_clock_pll_0

Setup :           NA  Failing Endpoints,  Worst Slack           NA  ,  Total Violation           NA
Hold  :           NA  Failing Endpoints,  Worst Slack           NA  ,  Total Violation           NA
PW    :            0  Failing Endpoints,  Worst Slack        1.833ns,  Total Violation        0.000ns
---------------------------------------------------------------------------------------------------


Pulse Width Checks
--------------------------------------------------------------------------------------
Clock Name:         clk_150000000_xilinx_clock_pll_0
Waveform(ns):       { 0.000 3.333 }
Period(ns):         6.667
Sources:            { i_platform/i_pll0/i_xilinx_clock_pll_0/inst/mmcm_adv_inst/CLKOUT2 }

Check Type        Corner  Lib Pin           Reference Pin  Required(ns)  Actual(ns)  Slack(ns)  Location        Pin
Min Period        n/a     BUFG/I            n/a            2.155         6.667       4.511      BUFGCTRL_X0Y2   i_platform/i_pll0/i_xilinx_clock_pll_0/inst/clkout3_buf/I
Max Period        n/a     PLLE2_ADV/CLKIN1  n/a            52.633        6.667       45.966     PLLE2_ADV_X1Y1  i_platform/i_system_ddr/nolabel_line70/u_xilinx_ddr3_ctrl_axi32_mig/u_ddr3_infrastructure/plle2_i/CLKIN1
Low Pulse Width   Slow    PLLE2_ADV/CLKIN1  n/a            1.500         3.333       1.833      PLLE2_ADV_X1Y1  i_platform/i_system_ddr/nolabel_line70/u_xilinx_ddr3_ctrl_axi32_mig/u_ddr3_infrastructure/plle2_i/CLKIN1
High Pulse Width  Slow    PLLE2_ADV/CLKIN1  n/a            1.500         3.333       1.833      PLLE2_ADV_X1Y1  i_platform/i_system_ddr/nolabel_line70/u_xilinx_ddr3_ctrl_axi32_mig/u_ddr3_infrastructure/plle2_i/CLKIN1



---------------------------------------------------------------------------------------------------
From Clock:  freq_refclk
  To Clock:  freq_refclk

Setup :           NA  Failing Endpoints,  Worst Slack           NA  ,  Total Violation           NA
Hold  :           NA  Failing Endpoints,  Worst Slack           NA  ,  Total Violation           NA
PW    :            0  Failing Endpoints,  Worst Slack        0.270ns,  Total Violation        0.000ns
---------------------------------------------------------------------------------------------------


Pulse Width Checks
--------------------------------------------------------------------------------------
Clock Name:         freq_refclk
Waveform(ns):       { 0.000 0.833 }
Period(ns):         1.667
Sources:            { i_platform/i_system_ddr/nolabel_line70/u_xilinx_ddr3_ctrl_axi32_mig/u_ddr3_infrastructure/plle2_i/CLKOUT0 }

Check Type        Corner  Lib Pin                    Reference Pin  Required(ns)  Actual(ns)  Slack(ns)  Location             Pin
Min Period        n/a     PHASER_OUT_PHY/FREQREFCLK  n/a            1.250         1.667       0.417      PHASER_OUT_PHY_X1Y4  i_platform/i_system_ddr/nolabel_line70/u_xilinx_ddr3_ctrl_axi32_mig/u_memc_ui_top_axi/mem_intfc0/ddr_phy_top0/u_ddr_mc_phy_wrapper/u_ddr_mc_phy/ddr_phy_4lanes_0.u_ddr_phy_4lanes/ddr_byte_lane_A.ddr_byte_lane_A/phaser_out/FREQREFCLK
Max Period        n/a     PHASER_OUT_PHY/FREQREFCLK  n/a            2.500         1.667       0.833      PHASER_OUT_PHY_X1Y4  i_platform/i_system_ddr/nolabel_line70/u_xilinx_ddr3_ctrl_axi32_mig/u_memc_ui_top_axi/mem_intfc0/ddr_phy_top0/u_ddr_mc_phy_wrapper/u_ddr_mc_phy/ddr_phy_4lanes_0.u_ddr_phy_4lanes/ddr_byte_lane_A.ddr_byte_lane_A/phaser_out/FREQREFCLK
Low Pulse Width   Slow    PHASER_REF/CLKIN           n/a            0.562         0.833       0.271      PHASER_REF_X1Y1      i_platform/i_system_ddr/nolabel_line70/u_xilinx_ddr3_ctrl_axi32_mig/u_memc_ui_top_axi/mem_intfc0/ddr_phy_top0/u_ddr_mc_phy_wrapper/u_ddr_mc_phy/ddr_phy_4lanes_0.u_ddr_phy_4lanes/phaser_ref_i/CLKIN
High Pulse Width  Slow    PHASER_OUT_PHY/FREQREFCLK  n/a            0.563         0.833       0.270      PHASER_OUT_PHY_X1Y4  i_platform/i_system_ddr/nolabel_line70/u_xilinx_ddr3_ctrl_axi32_mig/u_memc_ui_top_axi/mem_intfc0/ddr_phy_top0/u_ddr_mc_phy_wrapper/u_ddr_mc_phy/ddr_phy_4lanes_0.u_ddr_phy_4lanes/ddr_byte_lane_A.ddr_byte_lane_A/phaser_out/FREQREFCLK



---------------------------------------------------------------------------------------------------
From Clock:  u_memc_ui_top_axi/mem_intfc0/ddr_phy_top0/u_ddr_mc_phy_wrapper/u_ddr_mc_phy/ddr_phy_4lanes_0.u_ddr_phy_4lanes/ddr_byte_lane_C.ddr_byte_lane_C/iserdes_clk
  To Clock:  u_memc_ui_top_axi/mem_intfc0/ddr_phy_top0/u_ddr_mc_phy_wrapper/u_ddr_mc_phy/ddr_phy_4lanes_0.u_ddr_phy_4lanes/ddr_byte_lane_C.ddr_byte_lane_C/iserdes_clk

Setup :           NA  Failing Endpoints,  Worst Slack           NA  ,  Total Violation           NA
Hold  :           NA  Failing Endpoints,  Worst Slack           NA  ,  Total Violation           NA
PW    :            0  Failing Endpoints,  Worst Slack        1.666ns,  Total Violation        0.000ns
---------------------------------------------------------------------------------------------------


Pulse Width Checks
--------------------------------------------------------------------------------------
Clock Name:         u_memc_ui_top_axi/mem_intfc0/ddr_phy_top0/u_ddr_mc_phy_wrapper/u_ddr_mc_phy/ddr_phy_4lanes_0.u_ddr_phy_4lanes/ddr_byte_lane_C.ddr_byte_lane_C/iserdes_clk
Waveform(ns):       { 0.000 1.667 }
Period(ns):         3.333
Sources:            { i_platform/i_system_ddr/nolabel_line70/u_xilinx_ddr3_ctrl_axi32_mig/u_memc_ui_top_axi/mem_intfc0/ddr_phy_top0/u_ddr_mc_phy_wrapper/u_ddr_mc_phy/ddr_phy_4lanes_0.u_ddr_phy_4lanes/ddr_byte_lane_C.ddr_byte_lane_C/phaser_in_gen.phaser_in/ICLK }

Check Type  Corner  Lib Pin        Reference Pin  Required(ns)  Actual(ns)  Slack(ns)  Location      Pin
Min Period  n/a     ISERDESE2/CLK  n/a            1.667         3.333       1.666      ILOGIC_X1Y76  i_platform/i_system_ddr/nolabel_line70/u_xilinx_ddr3_ctrl_axi32_mig/u_memc_ui_top_axi/mem_intfc0/ddr_phy_top0/u_ddr_mc_phy_wrapper/u_ddr_mc_phy/ddr_phy_4lanes_0.u_ddr_phy_4lanes/ddr_byte_lane_C.ddr_byte_lane_C/ddr_byte_group_io/input_[1].iserdes_dq_.iserdesdq/CLK



---------------------------------------------------------------------------------------------------
From Clock:  iserdes_clkdiv
  To Clock:  iserdes_clkdiv

Setup :            0  Failing Endpoints,  Worst Slack       11.258ns,  Total Violation        0.000ns
Hold  :            0  Failing Endpoints,  Worst Slack        0.071ns,  Total Violation        0.000ns
PW    :            0  Failing Endpoints,  Worst Slack        4.517ns,  Total Violation        0.000ns
---------------------------------------------------------------------------------------------------


Max Delay Paths
--------------------------------------------------------------------------------------
Slack (MET) :             11.258ns  (required time - arrival time)
  Source:                 i_platform/i_system_ddr/nolabel_line70/u_xilinx_ddr3_ctrl_axi32_mig/u_memc_ui_top_axi/mem_intfc0/ddr_phy_top0/u_ddr_mc_phy_wrapper/u_ddr_mc_phy/ddr_phy_4lanes_0.u_ddr_phy_4lanes/ddr_byte_lane_C.ddr_byte_lane_C/ddr_byte_group_io/input_[5].iserdes_dq_.iserdesdq/CLKDIVP
                            (rising edge-triggered cell ISERDESE2 clocked by iserdes_clkdiv  {rise@0.000ns fall@6.667ns period=13.333ns})
  Destination:            i_platform/i_system_ddr/nolabel_line70/u_xilinx_ddr3_ctrl_axi32_mig/u_memc_ui_top_axi/mem_intfc0/ddr_phy_top0/u_ddr_mc_phy_wrapper/u_ddr_mc_phy/ddr_phy_4lanes_0.u_ddr_phy_4lanes/ddr_byte_lane_C.ddr_byte_lane_C/in_fifo_gen.in_fifo/D5[2]
                            (rising edge-triggered cell IN_FIFO clocked by iserdes_clkdiv  {rise@0.000ns fall@6.667ns period=13.333ns})
  Path Group:             iserdes_clkdiv
  Path Type:              Setup (Max at Slow Process Corner)
  Requirement:            13.333ns  (iserdes_clkdiv rise@13.333ns - iserdes_clkdiv rise@0.000ns)
  Data Path Delay:        1.109ns  (logic 0.425ns (38.317%)  route 0.684ns (61.683%))
  Logic Levels:           0  
  Clock Path Skew:        -0.448ns (DCD - SCD + CPR)
    Destination Clock Delay (DCD):    4.092ns = ( 17.426 - 13.333 ) 
    Source Clock Delay      (SCD):    4.746ns
    Clock Pessimism Removal (CPR):    0.206ns
  Clock Uncertainty:      0.053ns  ((TSJ^2 + DJ^2)^1/2) / 2 + PE
    Total System Jitter     (TSJ):    0.071ns
    Discrete Jitter          (DJ):    0.080ns
    Phase Error              (PE):    0.000ns

    Location             Delay type                Incr(ns)  Path(ns)    Netlist Resource(s)
  -------------------------------------------------------------------    -------------------
                         (clock iserdes_clkdiv rise edge)
                                                      0.000     0.000 r  <hidden>
    BUFGCTRL_X0Y16       BUFG                         0.000     0.000 r  external_clk_0_IBUF_BUFG_inst/O
                         net (fo=12425, routed)       1.809     1.809    i_platform/i_pll0/i_xilinx_clock_pll_0/inst/clk_in1
    MMCME2_ADV_X0Y0      MMCME2_ADV (Prop_mmcme2_adv_CLKIN1_CLKOUT2)
                                                     -3.922    -2.112 r  i_platform/i_pll0/i_xilinx_clock_pll_0/inst/mmcm_adv_inst/CLKOUT2
                         net (fo=1, routed)           2.018    -0.094    i_platform/i_pll0/i_xilinx_clock_pll_0/inst/clk_150000000_xilinx_clock_pll_0
    BUFGCTRL_X0Y2        BUFG (Prop_bufg_I_O)         0.096     0.002 r  i_platform/i_pll0/i_xilinx_clock_pll_0/inst/clkout3_buf/O
                         net (fo=1, routed)           1.664     1.666    i_platform/i_system_ddr/nolabel_line70/u_xilinx_ddr3_ctrl_axi32_mig/u_ddr3_infrastructure/mmcm_clk
    PLLE2_ADV_X1Y1       PLLE2_ADV (Prop_plle2_adv_CLKIN1_CLKOUT0)
                                                      0.088     1.754 r  i_platform/i_system_ddr/nolabel_line70/u_xilinx_ddr3_ctrl_axi32_mig/u_ddr3_infrastructure/plle2_i/CLKOUT0
                         net (fo=7, routed)           0.607     2.361    i_platform/i_system_ddr/nolabel_line70/u_xilinx_ddr3_ctrl_axi32_mig/u_memc_ui_top_axi/mem_intfc0/ddr_phy_top0/u_ddr_mc_phy_wrapper/u_ddr_mc_phy/ddr_phy_4lanes_0.u_ddr_phy_4lanes/ddr_byte_lane_C.ddr_byte_lane_C/freq_refclk
    PHASER_IN_PHY_X1Y6   PHASER_IN_PHY (Prop_phaser_in_phy_FREQREFCLK_ICLK)
                                                      1.764     4.125 r  i_platform/i_system_ddr/nolabel_line70/u_xilinx_ddr3_ctrl_axi32_mig/u_memc_ui_top_axi/mem_intfc0/ddr_phy_top0/u_ddr_mc_phy_wrapper/u_ddr_mc_phy/ddr_phy_4lanes_0.u_ddr_phy_4lanes/ddr_byte_lane_C.ddr_byte_lane_C/phaser_in_gen.phaser_in/ICLK
    PHASER_IN_PHY_X1Y6   PHASER_IN_PHY (Prop_phaser_in_phy_ICLK_ICLKDIV)
                                                      0.173     4.298 r  i_platform/i_system_ddr/nolabel_line70/u_xilinx_ddr3_ctrl_axi32_mig/u_memc_ui_top_axi/mem_intfc0/ddr_phy_top0/u_ddr_mc_phy_wrapper/u_ddr_mc_phy/ddr_phy_4lanes_0.u_ddr_phy_4lanes/ddr_byte_lane_C.ddr_byte_lane_C/phaser_in_gen.phaser_in/ICLKDIV
                         net (fo=9, routed)           0.448     4.746    i_platform/i_system_ddr/nolabel_line70/u_xilinx_ddr3_ctrl_axi32_mig/u_memc_ui_top_axi/mem_intfc0/ddr_phy_top0/u_ddr_mc_phy_wrapper/u_ddr_mc_phy/ddr_phy_4lanes_0.u_ddr_phy_4lanes/ddr_byte_lane_C.ddr_byte_lane_C/ddr_byte_group_io/iserdes_clkdiv
    ILOGIC_X1Y80         ISERDESE2                                    r  i_platform/i_system_ddr/nolabel_line70/u_xilinx_ddr3_ctrl_axi32_mig/u_memc_ui_top_axi/mem_intfc0/ddr_phy_top0/u_ddr_mc_phy_wrapper/u_ddr_mc_phy/ddr_phy_4lanes_0.u_ddr_phy_4lanes/ddr_byte_lane_C.ddr_byte_lane_C/ddr_byte_group_io/input_[5].iserdes_dq_.iserdesdq/CLKDIVP
  -------------------------------------------------------------------    -------------------
    ILOGIC_X1Y80         ISERDESE2 (Prop_iserdese2_CLKDIVP_Q2)
                                                      0.425     5.171 r  i_platform/i_system_ddr/nolabel_line70/u_xilinx_ddr3_ctrl_axi32_mig/u_memc_ui_top_axi/mem_intfc0/ddr_phy_top0/u_ddr_mc_phy_wrapper/u_ddr_mc_phy/ddr_phy_4lanes_0.u_ddr_phy_4lanes/ddr_byte_lane_C.ddr_byte_lane_C/ddr_byte_group_io/input_[5].iserdes_dq_.iserdesdq/Q2
                         net (fo=1, routed)           0.684     5.856    i_platform/i_system_ddr/nolabel_line70/u_xilinx_ddr3_ctrl_axi32_mig/u_memc_ui_top_axi/mem_intfc0/ddr_phy_top0/u_ddr_mc_phy_wrapper/u_ddr_mc_phy/ddr_phy_4lanes_0.u_ddr_phy_4lanes/ddr_byte_lane_C.ddr_byte_lane_C/if_d5[2]
    IN_FIFO_X1Y6         IN_FIFO                                      r  i_platform/i_system_ddr/nolabel_line70/u_xilinx_ddr3_ctrl_axi32_mig/u_memc_ui_top_axi/mem_intfc0/ddr_phy_top0/u_ddr_mc_phy_wrapper/u_ddr_mc_phy/ddr_phy_4lanes_0.u_ddr_phy_4lanes/ddr_byte_lane_C.ddr_byte_lane_C/in_fifo_gen.in_fifo/D5[2]
  -------------------------------------------------------------------    -------------------

                         (clock iserdes_clkdiv rise edge)
                                                     13.333    13.333 r  <hidden>
    BUFGCTRL_X0Y16       BUFG                         0.000    13.333 r  external_clk_0_IBUF_BUFG_inst/O
                         net (fo=12425, routed)       1.683    15.016    i_platform/i_pll0/i_xilinx_clock_pll_0/inst/clk_in1
    MMCME2_ADV_X0Y0      MMCME2_ADV (Prop_mmcme2_adv_CLKIN1_CLKOUT2)
                                                     -3.694    11.322 r  i_platform/i_pll0/i_xilinx_clock_pll_0/inst/mmcm_adv_inst/CLKOUT2
                         net (fo=1, routed)           1.923    13.245    i_platform/i_pll0/i_xilinx_clock_pll_0/inst/clk_150000000_xilinx_clock_pll_0
    BUFGCTRL_X0Y2        BUFG (Prop_bufg_I_O)         0.091    13.336 r  i_platform/i_pll0/i_xilinx_clock_pll_0/inst/clkout3_buf/O
                         net (fo=1, routed)           1.541    14.878    i_platform/i_system_ddr/nolabel_line70/u_xilinx_ddr3_ctrl_axi32_mig/u_ddr3_infrastructure/mmcm_clk
    PLLE2_ADV_X1Y1       PLLE2_ADV (Prop_plle2_adv_CLKIN1_CLKOUT0)
                                                      0.083    14.961 r  i_platform/i_system_ddr/nolabel_line70/u_xilinx_ddr3_ctrl_axi32_mig/u_ddr3_infrastructure/plle2_i/CLKOUT0
                         net (fo=7, routed)           0.576    15.537    i_platform/i_system_ddr/nolabel_line70/u_xilinx_ddr3_ctrl_axi32_mig/u_memc_ui_top_axi/mem_intfc0/ddr_phy_top0/u_ddr_mc_phy_wrapper/u_ddr_mc_phy/ddr_phy_4lanes_0.u_ddr_phy_4lanes/ddr_byte_lane_C.ddr_byte_lane_C/freq_refclk
    PHASER_IN_PHY_X1Y6   PHASER_IN_PHY (Prop_phaser_in_phy_FREQREFCLK_ICLK)
                                                      1.726    17.263 r  i_platform/i_system_ddr/nolabel_line70/u_xilinx_ddr3_ctrl_axi32_mig/u_memc_ui_top_axi/mem_intfc0/ddr_phy_top0/u_ddr_mc_phy_wrapper/u_ddr_mc_phy/ddr_phy_4lanes_0.u_ddr_phy_4lanes/ddr_byte_lane_C.ddr_byte_lane_C/phaser_in_gen.phaser_in/ICLK
    PHASER_IN_PHY_X1Y6   PHASER_IN_PHY (Prop_phaser_in_phy_ICLK_ICLKDIV)
                                                      0.163    17.426 r  i_platform/i_system_ddr/nolabel_line70/u_xilinx_ddr3_ctrl_axi32_mig/u_memc_ui_top_axi/mem_intfc0/ddr_phy_top0/u_ddr_mc_phy_wrapper/u_ddr_mc_phy/ddr_phy_4lanes_0.u_ddr_phy_4lanes/ddr_byte_lane_C.ddr_byte_lane_C/phaser_in_gen.phaser_in/ICLKDIV
                         net (fo=9, routed)           0.000    17.426    i_platform/i_system_ddr/nolabel_line70/u_xilinx_ddr3_ctrl_axi32_mig/u_memc_ui_top_axi/mem_intfc0/ddr_phy_top0/u_ddr_mc_phy_wrapper/u_ddr_mc_phy/ddr_phy_4lanes_0.u_ddr_phy_4lanes/ddr_byte_lane_C.ddr_byte_lane_C/iserdes_clkdiv
    IN_FIFO_X1Y6         IN_FIFO                                      r  i_platform/i_system_ddr/nolabel_line70/u_xilinx_ddr3_ctrl_axi32_mig/u_memc_ui_top_axi/mem_intfc0/ddr_phy_top0/u_ddr_mc_phy_wrapper/u_ddr_mc_phy/ddr_phy_4lanes_0.u_ddr_phy_4lanes/ddr_byte_lane_C.ddr_byte_lane_C/in_fifo_gen.in_fifo/WRCLK
                         clock pessimism              0.206    17.632    <hidden>
                         clock uncertainty           -0.053    17.578    <hidden>
    IN_FIFO_X1Y6         IN_FIFO (Setup_in_fifo_WRCLK_D5[2])
                                                     -0.465    17.113    i_platform/i_system_ddr/nolabel_line70/u_xilinx_ddr3_ctrl_axi32_mig/u_memc_ui_top_axi/mem_intfc0/ddr_phy_top0/u_ddr_mc_phy_wrapper/u_ddr_mc_phy/ddr_phy_4lanes_0.u_ddr_phy_4lanes/ddr_byte_lane_C.ddr_byte_lane_C/in_fifo_gen.in_fifo
  -------------------------------------------------------------------
                         required time                         17.113    <hidden>
                         arrival time                          -5.856    <hidden>
  -------------------------------------------------------------------
                         slack                                 11.258    <hidden>





Min Delay Paths
--------------------------------------------------------------------------------------
Slack (MET) :             0.071ns  (arrival time - required time)
  Source:                 i_platform/i_system_ddr/nolabel_line70/u_xilinx_ddr3_ctrl_axi32_mig/u_memc_ui_top_axi/mem_intfc0/ddr_phy_top0/u_ddr_mc_phy_wrapper/u_ddr_mc_phy/ddr_phy_4lanes_0.u_ddr_phy_4lanes/ddr_byte_lane_C.ddr_byte_lane_C/phaser_in_gen.phaser_in/ICLKDIV
                            (rising edge-triggered cell PHASER_IN_PHY clocked by iserdes_clkdiv  {rise@0.000ns fall@6.667ns period=13.333ns})
  Destination:            i_platform/i_system_ddr/nolabel_line70/u_xilinx_ddr3_ctrl_axi32_mig/u_memc_ui_top_axi/mem_intfc0/ddr_phy_top0/u_ddr_mc_phy_wrapper/u_ddr_mc_phy/ddr_phy_4lanes_0.u_ddr_phy_4lanes/ddr_byte_lane_C.ddr_byte_lane_C/in_fifo_gen.in_fifo/WREN
                            (rising edge-triggered cell IN_FIFO clocked by iserdes_clkdiv  {rise@0.000ns fall@6.667ns period=13.333ns})
  Path Group:             iserdes_clkdiv
  Path Type:              Hold (Min at Fast Process Corner)
  Requirement:            0.000ns  (iserdes_clkdiv rise@0.000ns - iserdes_clkdiv rise@0.000ns)
  Data Path Delay:        0.058ns  (logic 0.058ns (100.000%)  route 0.000ns (0.000%))
  Logic Levels:           0  
  Clock Path Skew:        0.000ns (DCD - SCD - CPR)
    Destination Clock Delay (DCD):    2.678ns
    Source Clock Delay      (SCD):    2.356ns
    Clock Pessimism Removal (CPR):    0.322ns

    Location             Delay type                Incr(ns)  Path(ns)    Netlist Resource(s)
  -------------------------------------------------------------------    -------------------
                         (clock iserdes_clkdiv rise edge)
                                                      0.000     0.000 r  <hidden>
    BUFGCTRL_X0Y16       BUFG                         0.000     0.000 r  external_clk_0_IBUF_BUFG_inst/O
                         net (fo=12425, routed)       0.624     0.624    i_platform/i_pll0/i_xilinx_clock_pll_0/inst/clk_in1
    MMCME2_ADV_X0Y0      MMCME2_ADV (Prop_mmcme2_adv_CLKIN1_CLKOUT2)
                                                     -1.296    -0.672 r  i_platform/i_pll0/i_xilinx_clock_pll_0/inst/mmcm_adv_inst/CLKOUT2
                         net (fo=1, routed)           0.648    -0.024    i_platform/i_pll0/i_xilinx_clock_pll_0/inst/clk_150000000_xilinx_clock_pll_0
    BUFGCTRL_X0Y2        BUFG (Prop_bufg_I_O)         0.026     0.002 r  i_platform/i_pll0/i_xilinx_clock_pll_0/inst/clkout3_buf/O
                         net (fo=1, routed)           0.564     0.566    i_platform/i_system_ddr/nolabel_line70/u_xilinx_ddr3_ctrl_axi32_mig/u_ddr3_infrastructure/mmcm_clk
    PLLE2_ADV_X1Y1       PLLE2_ADV (Prop_plle2_adv_CLKIN1_CLKOUT0)
                                                      0.050     0.616 r  i_platform/i_system_ddr/nolabel_line70/u_xilinx_ddr3_ctrl_axi32_mig/u_ddr3_infrastructure/plle2_i/CLKOUT0
                         net (fo=7, routed)           0.197     0.813    i_platform/i_system_ddr/nolabel_line70/u_xilinx_ddr3_ctrl_axi32_mig/u_memc_ui_top_axi/mem_intfc0/ddr_phy_top0/u_ddr_mc_phy_wrapper/u_ddr_mc_phy/ddr_phy_4lanes_0.u_ddr_phy_4lanes/ddr_byte_lane_C.ddr_byte_lane_C/freq_refclk
    PHASER_IN_PHY_X1Y6   PHASER_IN_PHY (Prop_phaser_in_phy_FREQREFCLK_ICLK)
                                                      1.454     2.266 r  i_platform/i_system_ddr/nolabel_line70/u_xilinx_ddr3_ctrl_axi32_mig/u_memc_ui_top_axi/mem_intfc0/ddr_phy_top0/u_ddr_mc_phy_wrapper/u_ddr_mc_phy/ddr_phy_4lanes_0.u_ddr_phy_4lanes/ddr_byte_lane_C.ddr_byte_lane_C/phaser_in_gen.phaser_in/ICLK
    PHASER_IN_PHY_X1Y6   PHASER_IN_PHY (Prop_phaser_in_phy_ICLK_ICLKDIV)
                                                      0.090     2.356 r  i_platform/i_system_ddr/nolabel_line70/u_xilinx_ddr3_ctrl_axi32_mig/u_memc_ui_top_axi/mem_intfc0/ddr_phy_top0/u_ddr_mc_phy_wrapper/u_ddr_mc_phy/ddr_phy_4lanes_0.u_ddr_phy_4lanes/ddr_byte_lane_C.ddr_byte_lane_C/phaser_in_gen.phaser_in/ICLKDIV
  -------------------------------------------------------------------    -------------------
    PHASER_IN_PHY_X1Y6   PHASER_IN_PHY (Prop_phaser_in_phy_ICLKDIV_WRENABLE)
                                                      0.058     2.414 r  i_platform/i_system_ddr/nolabel_line70/u_xilinx_ddr3_ctrl_axi32_mig/u_memc_ui_top_axi/mem_intfc0/ddr_phy_top0/u_ddr_mc_phy_wrapper/u_ddr_mc_phy/ddr_phy_4lanes_0.u_ddr_phy_4lanes/ddr_byte_lane_C.ddr_byte_lane_C/phaser_in_gen.phaser_in/WRENABLE
                         net (fo=1, routed)           0.000     2.414    i_platform/i_system_ddr/nolabel_line70/u_xilinx_ddr3_ctrl_axi32_mig/u_memc_ui_top_axi/mem_intfc0/ddr_phy_top0/u_ddr_mc_phy_wrapper/u_ddr_mc_phy/ddr_phy_4lanes_0.u_ddr_phy_4lanes/ddr_byte_lane_C.ddr_byte_lane_C/ififo_wr_enable
    IN_FIFO_X1Y6         IN_FIFO                                      r  i_platform/i_system_ddr/nolabel_line70/u_xilinx_ddr3_ctrl_axi32_mig/u_memc_ui_top_axi/mem_intfc0/ddr_phy_top0/u_ddr_mc_phy_wrapper/u_ddr_mc_phy/ddr_phy_4lanes_0.u_ddr_phy_4lanes/ddr_byte_lane_C.ddr_byte_lane_C/in_fifo_gen.in_fifo/WREN
  -------------------------------------------------------------------    -------------------

                         (clock iserdes_clkdiv rise edge)
                                                      0.000     0.000 r  <hidden>
    BUFGCTRL_X0Y16       BUFG                         0.000     0.000 r  external_clk_0_IBUF_BUFG_inst/O
                         net (fo=12425, routed)       0.898     0.898    i_platform/i_pll0/i_xilinx_clock_pll_0/inst/clk_in1
    MMCME2_ADV_X0Y0      MMCME2_ADV (Prop_mmcme2_adv_CLKIN1_CLKOUT2)
                                                     -1.625    -0.727 r  i_platform/i_pll0/i_xilinx_clock_pll_0/inst/mmcm_adv_inst/CLKOUT2
                         net (fo=1, routed)           0.700    -0.027    i_platform/i_pll0/i_xilinx_clock_pll_0/inst/clk_150000000_xilinx_clock_pll_0
    BUFGCTRL_X0Y2        BUFG (Prop_bufg_I_O)         0.029     0.002 r  i_platform/i_pll0/i_xilinx_clock_pll_0/inst/clkout3_buf/O
                         net (fo=1, routed)           0.833     0.835    i_platform/i_system_ddr/nolabel_line70/u_xilinx_ddr3_ctrl_axi32_mig/u_ddr3_infrastructure/mmcm_clk
    PLLE2_ADV_X1Y1       PLLE2_ADV (Prop_plle2_adv_CLKIN1_CLKOUT0)
                                                      0.053     0.888 r  i_platform/i_system_ddr/nolabel_line70/u_xilinx_ddr3_ctrl_axi32_mig/u_ddr3_infrastructure/plle2_i/CLKOUT0
                         net (fo=7, routed)           0.217     1.105    i_platform/i_system_ddr/nolabel_line70/u_xilinx_ddr3_ctrl_axi32_mig/u_memc_ui_top_axi/mem_intfc0/ddr_phy_top0/u_ddr_mc_phy_wrapper/u_ddr_mc_phy/ddr_phy_4lanes_0.u_ddr_phy_4lanes/ddr_byte_lane_C.ddr_byte_lane_C/freq_refclk
    PHASER_IN_PHY_X1Y6   PHASER_IN_PHY (Prop_phaser_in_phy_FREQREFCLK_ICLK)
                                                      1.478     2.582 r  i_platform/i_system_ddr/nolabel_line70/u_xilinx_ddr3_ctrl_axi32_mig/u_memc_ui_top_axi/mem_intfc0/ddr_phy_top0/u_ddr_mc_phy_wrapper/u_ddr_mc_phy/ddr_phy_4lanes_0.u_ddr_phy_4lanes/ddr_byte_lane_C.ddr_byte_lane_C/phaser_in_gen.phaser_in/ICLK
    PHASER_IN_PHY_X1Y6   PHASER_IN_PHY (Prop_phaser_in_phy_ICLK_ICLKDIV)
                                                      0.096     2.678 r  i_platform/i_system_ddr/nolabel_line70/u_xilinx_ddr3_ctrl_axi32_mig/u_memc_ui_top_axi/mem_intfc0/ddr_phy_top0/u_ddr_mc_phy_wrapper/u_ddr_mc_phy/ddr_phy_4lanes_0.u_ddr_phy_4lanes/ddr_byte_lane_C.ddr_byte_lane_C/phaser_in_gen.phaser_in/ICLKDIV
                         net (fo=9, routed)           0.000     2.678    i_platform/i_system_ddr/nolabel_line70/u_xilinx_ddr3_ctrl_axi32_mig/u_memc_ui_top_axi/mem_intfc0/ddr_phy_top0/u_ddr_mc_phy_wrapper/u_ddr_mc_phy/ddr_phy_4lanes_0.u_ddr_phy_4lanes/ddr_byte_lane_C.ddr_byte_lane_C/iserdes_clkdiv
    IN_FIFO_X1Y6         IN_FIFO                                      r  i_platform/i_system_ddr/nolabel_line70/u_xilinx_ddr3_ctrl_axi32_mig/u_memc_ui_top_axi/mem_intfc0/ddr_phy_top0/u_ddr_mc_phy_wrapper/u_ddr_mc_phy/ddr_phy_4lanes_0.u_ddr_phy_4lanes/ddr_byte_lane_C.ddr_byte_lane_C/in_fifo_gen.in_fifo/WRCLK
                         clock pessimism             -0.322     2.356    <hidden>
    IN_FIFO_X1Y6         IN_FIFO (Hold_in_fifo_WRCLK_WREN)
                                                     -0.013     2.343    i_platform/i_system_ddr/nolabel_line70/u_xilinx_ddr3_ctrl_axi32_mig/u_memc_ui_top_axi/mem_intfc0/ddr_phy_top0/u_ddr_mc_phy_wrapper/u_ddr_mc_phy/ddr_phy_4lanes_0.u_ddr_phy_4lanes/ddr_byte_lane_C.ddr_byte_lane_C/in_fifo_gen.in_fifo
  -------------------------------------------------------------------
                         required time                         -2.343    <hidden>
                         arrival time                           2.414    <hidden>
  -------------------------------------------------------------------
                         slack                                  0.071    <hidden>





Pulse Width Checks
--------------------------------------------------------------------------------------
Clock Name:         iserdes_clkdiv
Waveform(ns):       { 0.000 6.667 }
Period(ns):         13.333
Sources:            { i_platform/i_system_ddr/nolabel_line70/u_xilinx_ddr3_ctrl_axi32_mig/u_memc_ui_top_axi/mem_intfc0/ddr_phy_top0/u_ddr_mc_phy_wrapper/u_ddr_mc_phy/ddr_phy_4lanes_0.u_ddr_phy_4lanes/ddr_byte_lane_C.ddr_byte_lane_C/phaser_in_gen.phaser_in/ICLKDIV }

Check Type        Corner  Lib Pin        Reference Pin  Required(ns)  Actual(ns)  Slack(ns)  Location      Pin
Min Period        n/a     IN_FIFO/WRCLK  n/a            5.000         13.333      8.333      IN_FIFO_X1Y6  i_platform/i_system_ddr/nolabel_line70/u_xilinx_ddr3_ctrl_axi32_mig/u_memc_ui_top_axi/mem_intfc0/ddr_phy_top0/u_ddr_mc_phy_wrapper/u_ddr_mc_phy/ddr_phy_4lanes_0.u_ddr_phy_4lanes/ddr_byte_lane_C.ddr_byte_lane_C/in_fifo_gen.in_fifo/WRCLK
Low Pulse Width   Slow    IN_FIFO/WRCLK  n/a            2.150         6.667       4.517      IN_FIFO_X1Y6  i_platform/i_system_ddr/nolabel_line70/u_xilinx_ddr3_ctrl_axi32_mig/u_memc_ui_top_axi/mem_intfc0/ddr_phy_top0/u_ddr_mc_phy_wrapper/u_ddr_mc_phy/ddr_phy_4lanes_0.u_ddr_phy_4lanes/ddr_byte_lane_C.ddr_byte_lane_C/in_fifo_gen.in_fifo/WRCLK
High Pulse Width  Slow    IN_FIFO/WRCLK  n/a            2.150         6.667       4.517      IN_FIFO_X1Y6  i_platform/i_system_ddr/nolabel_line70/u_xilinx_ddr3_ctrl_axi32_mig/u_memc_ui_top_axi/mem_intfc0/ddr_phy_top0/u_ddr_mc_phy_wrapper/u_ddr_mc_phy/ddr_phy_4lanes_0.u_ddr_phy_4lanes/ddr_byte_lane_C.ddr_byte_lane_C/in_fifo_gen.in_fifo/WRCLK



---------------------------------------------------------------------------------------------------
From Clock:  u_memc_ui_top_axi/mem_intfc0/ddr_phy_top0/u_ddr_mc_phy_wrapper/u_ddr_mc_phy/ddr_phy_4lanes_0.u_ddr_phy_4lanes/ddr_byte_lane_D.ddr_byte_lane_D/iserdes_clk
  To Clock:  u_memc_ui_top_axi/mem_intfc0/ddr_phy_top0/u_ddr_mc_phy_wrapper/u_ddr_mc_phy/ddr_phy_4lanes_0.u_ddr_phy_4lanes/ddr_byte_lane_D.ddr_byte_lane_D/iserdes_clk

Setup :           NA  Failing Endpoints,  Worst Slack           NA  ,  Total Violation           NA
Hold  :           NA  Failing Endpoints,  Worst Slack           NA  ,  Total Violation           NA
PW    :            0  Failing Endpoints,  Worst Slack        1.666ns,  Total Violation        0.000ns
---------------------------------------------------------------------------------------------------


Pulse Width Checks
--------------------------------------------------------------------------------------
Clock Name:         u_memc_ui_top_axi/mem_intfc0/ddr_phy_top0/u_ddr_mc_phy_wrapper/u_ddr_mc_phy/ddr_phy_4lanes_0.u_ddr_phy_4lanes/ddr_byte_lane_D.ddr_byte_lane_D/iserdes_clk
Waveform(ns):       { 0.000 1.667 }
Period(ns):         3.333
Sources:            { i_platform/i_system_ddr/nolabel_line70/u_xilinx_ddr3_ctrl_axi32_mig/u_memc_ui_top_axi/mem_intfc0/ddr_phy_top0/u_ddr_mc_phy_wrapper/u_ddr_mc_phy/ddr_phy_4lanes_0.u_ddr_phy_4lanes/ddr_byte_lane_D.ddr_byte_lane_D/phaser_in_gen.phaser_in/ICLK }

Check Type  Corner  Lib Pin        Reference Pin  Required(ns)  Actual(ns)  Slack(ns)  Location      Pin
Min Period  n/a     ISERDESE2/CLK  n/a            1.667         3.333       1.666      ILOGIC_X1Y88  i_platform/i_system_ddr/nolabel_line70/u_xilinx_ddr3_ctrl_axi32_mig/u_memc_ui_top_axi/mem_intfc0/ddr_phy_top0/u_ddr_mc_phy_wrapper/u_ddr_mc_phy/ddr_phy_4lanes_0.u_ddr_phy_4lanes/ddr_byte_lane_D.ddr_byte_lane_D/ddr_byte_group_io/input_[1].iserdes_dq_.iserdesdq/CLK



---------------------------------------------------------------------------------------------------
From Clock:  iserdes_clkdiv_1
  To Clock:  iserdes_clkdiv_1

Setup :            0  Failing Endpoints,  Worst Slack       11.288ns,  Total Violation        0.000ns
Hold  :            0  Failing Endpoints,  Worst Slack        0.071ns,  Total Violation        0.000ns
PW    :            0  Failing Endpoints,  Worst Slack        4.517ns,  Total Violation        0.000ns
---------------------------------------------------------------------------------------------------


Max Delay Paths
--------------------------------------------------------------------------------------
Slack (MET) :             11.288ns  (required time - arrival time)
  Source:                 i_platform/i_system_ddr/nolabel_line70/u_xilinx_ddr3_ctrl_axi32_mig/u_memc_ui_top_axi/mem_intfc0/ddr_phy_top0/u_ddr_mc_phy_wrapper/u_ddr_mc_phy/ddr_phy_4lanes_0.u_ddr_phy_4lanes/ddr_byte_lane_D.ddr_byte_lane_D/ddr_byte_group_io/input_[1].iserdes_dq_.iserdesdq/CLKDIVP
                            (rising edge-triggered cell ISERDESE2 clocked by iserdes_clkdiv_1  {rise@0.000ns fall@6.667ns period=13.333ns})
  Destination:            i_platform/i_system_ddr/nolabel_line70/u_xilinx_ddr3_ctrl_axi32_mig/u_memc_ui_top_axi/mem_intfc0/ddr_phy_top0/u_ddr_mc_phy_wrapper/u_ddr_mc_phy/ddr_phy_4lanes_0.u_ddr_phy_4lanes/ddr_byte_lane_D.ddr_byte_lane_D/in_fifo_gen.in_fifo/D1[3]
                            (rising edge-triggered cell IN_FIFO clocked by iserdes_clkdiv_1  {rise@0.000ns fall@6.667ns period=13.333ns})
  Path Group:             iserdes_clkdiv_1
  Path Type:              Setup (Max at Slow Process Corner)
  Requirement:            13.333ns  (iserdes_clkdiv_1 rise@13.333ns - iserdes_clkdiv_1 rise@0.000ns)
  Data Path Delay:        0.954ns  (logic 0.425ns (44.547%)  route 0.529ns (55.453%))
  Logic Levels:           0  
  Clock Path Skew:        -0.467ns (DCD - SCD + CPR)
    Destination Clock Delay (DCD):    4.082ns = ( 17.416 - 13.333 ) 
    Source Clock Delay      (SCD):    4.755ns
    Clock Pessimism Removal (CPR):    0.206ns
  Clock Uncertainty:      0.053ns  ((TSJ^2 + DJ^2)^1/2) / 2 + PE
    Total System Jitter     (TSJ):    0.071ns
    Discrete Jitter          (DJ):    0.080ns
    Phase Error              (PE):    0.000ns

    Location             Delay type                Incr(ns)  Path(ns)    Netlist Resource(s)
  -------------------------------------------------------------------    -------------------
                         (clock iserdes_clkdiv_1 rise edge)
                                                      0.000     0.000 r  <hidden>
    BUFGCTRL_X0Y16       BUFG                         0.000     0.000 r  external_clk_0_IBUF_BUFG_inst/O
                         net (fo=12425, routed)       1.809     1.809    i_platform/i_pll0/i_xilinx_clock_pll_0/inst/clk_in1
    MMCME2_ADV_X0Y0      MMCME2_ADV (Prop_mmcme2_adv_CLKIN1_CLKOUT2)
                                                     -3.922    -2.112 r  i_platform/i_pll0/i_xilinx_clock_pll_0/inst/mmcm_adv_inst/CLKOUT2
                         net (fo=1, routed)           2.018    -0.094    i_platform/i_pll0/i_xilinx_clock_pll_0/inst/clk_150000000_xilinx_clock_pll_0
    BUFGCTRL_X0Y2        BUFG (Prop_bufg_I_O)         0.096     0.002 r  i_platform/i_pll0/i_xilinx_clock_pll_0/inst/clkout3_buf/O
                         net (fo=1, routed)           1.664     1.666    i_platform/i_system_ddr/nolabel_line70/u_xilinx_ddr3_ctrl_axi32_mig/u_ddr3_infrastructure/mmcm_clk
    PLLE2_ADV_X1Y1       PLLE2_ADV (Prop_plle2_adv_CLKIN1_CLKOUT0)
                                                      0.088     1.754 r  i_platform/i_system_ddr/nolabel_line70/u_xilinx_ddr3_ctrl_axi32_mig/u_ddr3_infrastructure/plle2_i/CLKOUT0
                         net (fo=7, routed)           0.597     2.351    i_platform/i_system_ddr/nolabel_line70/u_xilinx_ddr3_ctrl_axi32_mig/u_memc_ui_top_axi/mem_intfc0/ddr_phy_top0/u_ddr_mc_phy_wrapper/u_ddr_mc_phy/ddr_phy_4lanes_0.u_ddr_phy_4lanes/ddr_byte_lane_D.ddr_byte_lane_D/freq_refclk
    PHASER_IN_PHY_X1Y7   PHASER_IN_PHY (Prop_phaser_in_phy_FREQREFCLK_ICLK)
                                                      1.764     4.115 r  i_platform/i_system_ddr/nolabel_line70/u_xilinx_ddr3_ctrl_axi32_mig/u_memc_ui_top_axi/mem_intfc0/ddr_phy_top0/u_ddr_mc_phy_wrapper/u_ddr_mc_phy/ddr_phy_4lanes_0.u_ddr_phy_4lanes/ddr_byte_lane_D.ddr_byte_lane_D/phaser_in_gen.phaser_in/ICLK
    PHASER_IN_PHY_X1Y7   PHASER_IN_PHY (Prop_phaser_in_phy_ICLK_ICLKDIV)
                                                      0.173     4.288 r  i_platform/i_system_ddr/nolabel_line70/u_xilinx_ddr3_ctrl_axi32_mig/u_memc_ui_top_axi/mem_intfc0/ddr_phy_top0/u_ddr_mc_phy_wrapper/u_ddr_mc_phy/ddr_phy_4lanes_0.u_ddr_phy_4lanes/ddr_byte_lane_D.ddr_byte_lane_D/phaser_in_gen.phaser_in/ICLKDIV
                         net (fo=9, routed)           0.467     4.755    i_platform/i_system_ddr/nolabel_line70/u_xilinx_ddr3_ctrl_axi32_mig/u_memc_ui_top_axi/mem_intfc0/ddr_phy_top0/u_ddr_mc_phy_wrapper/u_ddr_mc_phy/ddr_phy_4lanes_0.u_ddr_phy_4lanes/ddr_byte_lane_D.ddr_byte_lane_D/ddr_byte_group_io/iserdes_clkdiv
    ILOGIC_X1Y88         ISERDESE2                                    r  i_platform/i_system_ddr/nolabel_line70/u_xilinx_ddr3_ctrl_axi32_mig/u_memc_ui_top_axi/mem_intfc0/ddr_phy_top0/u_ddr_mc_phy_wrapper/u_ddr_mc_phy/ddr_phy_4lanes_0.u_ddr_phy_4lanes/ddr_byte_lane_D.ddr_byte_lane_D/ddr_byte_group_io/input_[1].iserdes_dq_.iserdesdq/CLKDIVP
  -------------------------------------------------------------------    -------------------
    ILOGIC_X1Y88         ISERDESE2 (Prop_iserdese2_CLKDIVP_Q1)
                                                      0.425     5.180 r  i_platform/i_system_ddr/nolabel_line70/u_xilinx_ddr3_ctrl_axi32_mig/u_memc_ui_top_axi/mem_intfc0/ddr_phy_top0/u_ddr_mc_phy_wrapper/u_ddr_mc_phy/ddr_phy_4lanes_0.u_ddr_phy_4lanes/ddr_byte_lane_D.ddr_byte_lane_D/ddr_byte_group_io/input_[1].iserdes_dq_.iserdesdq/Q1
                         net (fo=1, routed)           0.529     5.709    i_platform/i_system_ddr/nolabel_line70/u_xilinx_ddr3_ctrl_axi32_mig/u_memc_ui_top_axi/mem_intfc0/ddr_phy_top0/u_ddr_mc_phy_wrapper/u_ddr_mc_phy/ddr_phy_4lanes_0.u_ddr_phy_4lanes/ddr_byte_lane_D.ddr_byte_lane_D/if_d1[3]
    IN_FIFO_X1Y7         IN_FIFO                                      r  i_platform/i_system_ddr/nolabel_line70/u_xilinx_ddr3_ctrl_axi32_mig/u_memc_ui_top_axi/mem_intfc0/ddr_phy_top0/u_ddr_mc_phy_wrapper/u_ddr_mc_phy/ddr_phy_4lanes_0.u_ddr_phy_4lanes/ddr_byte_lane_D.ddr_byte_lane_D/in_fifo_gen.in_fifo/D1[3]
  -------------------------------------------------------------------    -------------------

                         (clock iserdes_clkdiv_1 rise edge)
                                                     13.333    13.333 r  <hidden>
    BUFGCTRL_X0Y16       BUFG                         0.000    13.333 r  external_clk_0_IBUF_BUFG_inst/O
                         net (fo=12425, routed)       1.683    15.016    i_platform/i_pll0/i_xilinx_clock_pll_0/inst/clk_in1
    MMCME2_ADV_X0Y0      MMCME2_ADV (Prop_mmcme2_adv_CLKIN1_CLKOUT2)
                                                     -3.694    11.322 r  i_platform/i_pll0/i_xilinx_clock_pll_0/inst/mmcm_adv_inst/CLKOUT2
                         net (fo=1, routed)           1.923    13.245    i_platform/i_pll0/i_xilinx_clock_pll_0/inst/clk_150000000_xilinx_clock_pll_0
    BUFGCTRL_X0Y2        BUFG (Prop_bufg_I_O)         0.091    13.336 r  i_platform/i_pll0/i_xilinx_clock_pll_0/inst/clkout3_buf/O
                         net (fo=1, routed)           1.541    14.878    i_platform/i_system_ddr/nolabel_line70/u_xilinx_ddr3_ctrl_axi32_mig/u_ddr3_infrastructure/mmcm_clk
    PLLE2_ADV_X1Y1       PLLE2_ADV (Prop_plle2_adv_CLKIN1_CLKOUT0)
                                                      0.083    14.961 r  i_platform/i_system_ddr/nolabel_line70/u_xilinx_ddr3_ctrl_axi32_mig/u_ddr3_infrastructure/plle2_i/CLKOUT0
                         net (fo=7, routed)           0.566    15.527    i_platform/i_system_ddr/nolabel_line70/u_xilinx_ddr3_ctrl_axi32_mig/u_memc_ui_top_axi/mem_intfc0/ddr_phy_top0/u_ddr_mc_phy_wrapper/u_ddr_mc_phy/ddr_phy_4lanes_0.u_ddr_phy_4lanes/ddr_byte_lane_D.ddr_byte_lane_D/freq_refclk
    PHASER_IN_PHY_X1Y7   PHASER_IN_PHY (Prop_phaser_in_phy_FREQREFCLK_ICLK)
                                                      1.726    17.253 r  i_platform/i_system_ddr/nolabel_line70/u_xilinx_ddr3_ctrl_axi32_mig/u_memc_ui_top_axi/mem_intfc0/ddr_phy_top0/u_ddr_mc_phy_wrapper/u_ddr_mc_phy/ddr_phy_4lanes_0.u_ddr_phy_4lanes/ddr_byte_lane_D.ddr_byte_lane_D/phaser_in_gen.phaser_in/ICLK
    PHASER_IN_PHY_X1Y7   PHASER_IN_PHY (Prop_phaser_in_phy_ICLK_ICLKDIV)
                                                      0.163    17.416 r  i_platform/i_system_ddr/nolabel_line70/u_xilinx_ddr3_ctrl_axi32_mig/u_memc_ui_top_axi/mem_intfc0/ddr_phy_top0/u_ddr_mc_phy_wrapper/u_ddr_mc_phy/ddr_phy_4lanes_0.u_ddr_phy_4lanes/ddr_byte_lane_D.ddr_byte_lane_D/phaser_in_gen.phaser_in/ICLKDIV
                         net (fo=9, routed)           0.000    17.416    i_platform/i_system_ddr/nolabel_line70/u_xilinx_ddr3_ctrl_axi32_mig/u_memc_ui_top_axi/mem_intfc0/ddr_phy_top0/u_ddr_mc_phy_wrapper/u_ddr_mc_phy/ddr_phy_4lanes_0.u_ddr_phy_4lanes/ddr_byte_lane_D.ddr_byte_lane_D/iserdes_clkdiv
    IN_FIFO_X1Y7         IN_FIFO                                      r  i_platform/i_system_ddr/nolabel_line70/u_xilinx_ddr3_ctrl_axi32_mig/u_memc_ui_top_axi/mem_intfc0/ddr_phy_top0/u_ddr_mc_phy_wrapper/u_ddr_mc_phy/ddr_phy_4lanes_0.u_ddr_phy_4lanes/ddr_byte_lane_D.ddr_byte_lane_D/in_fifo_gen.in_fifo/WRCLK
                         clock pessimism              0.206    17.622    <hidden>
                         clock uncertainty           -0.053    17.568    <hidden>
    IN_FIFO_X1Y7         IN_FIFO (Setup_in_fifo_WRCLK_D1[3])
                                                     -0.571    16.997    i_platform/i_system_ddr/nolabel_line70/u_xilinx_ddr3_ctrl_axi32_mig/u_memc_ui_top_axi/mem_intfc0/ddr_phy_top0/u_ddr_mc_phy_wrapper/u_ddr_mc_phy/ddr_phy_4lanes_0.u_ddr_phy_4lanes/ddr_byte_lane_D.ddr_byte_lane_D/in_fifo_gen.in_fifo
  -------------------------------------------------------------------
                         required time                         16.997    <hidden>
                         arrival time                          -5.709    <hidden>
  -------------------------------------------------------------------
                         slack                                 11.288    <hidden>





Min Delay Paths
--------------------------------------------------------------------------------------
Slack (MET) :             0.071ns  (arrival time - required time)
  Source:                 i_platform/i_system_ddr/nolabel_line70/u_xilinx_ddr3_ctrl_axi32_mig/u_memc_ui_top_axi/mem_intfc0/ddr_phy_top0/u_ddr_mc_phy_wrapper/u_ddr_mc_phy/ddr_phy_4lanes_0.u_ddr_phy_4lanes/ddr_byte_lane_D.ddr_byte_lane_D/phaser_in_gen.phaser_in/ICLKDIV
                            (rising edge-triggered cell PHASER_IN_PHY clocked by iserdes_clkdiv_1  {rise@0.000ns fall@6.667ns period=13.333ns})
  Destination:            i_platform/i_system_ddr/nolabel_line70/u_xilinx_ddr3_ctrl_axi32_mig/u_memc_ui_top_axi/mem_intfc0/ddr_phy_top0/u_ddr_mc_phy_wrapper/u_ddr_mc_phy/ddr_phy_4lanes_0.u_ddr_phy_4lanes/ddr_byte_lane_D.ddr_byte_lane_D/in_fifo_gen.in_fifo/WREN
                            (rising edge-triggered cell IN_FIFO clocked by iserdes_clkdiv_1  {rise@0.000ns fall@6.667ns period=13.333ns})
  Path Group:             iserdes_clkdiv_1
  Path Type:              Hold (Min at Fast Process Corner)
  Requirement:            0.000ns  (iserdes_clkdiv_1 rise@0.000ns - iserdes_clkdiv_1 rise@0.000ns)
  Data Path Delay:        0.058ns  (logic 0.058ns (100.000%)  route 0.000ns (0.000%))
  Logic Levels:           0  
  Clock Path Skew:        0.000ns (DCD - SCD - CPR)
    Destination Clock Delay (DCD):    2.672ns
    Source Clock Delay      (SCD):    2.350ns
    Clock Pessimism Removal (CPR):    0.322ns

    Location             Delay type                Incr(ns)  Path(ns)    Netlist Resource(s)
  -------------------------------------------------------------------    -------------------
                         (clock iserdes_clkdiv_1 rise edge)
                                                      0.000     0.000 r  <hidden>
    BUFGCTRL_X0Y16       BUFG                         0.000     0.000 r  external_clk_0_IBUF_BUFG_inst/O
                         net (fo=12425, routed)       0.624     0.624    i_platform/i_pll0/i_xilinx_clock_pll_0/inst/clk_in1
    MMCME2_ADV_X0Y0      MMCME2_ADV (Prop_mmcme2_adv_CLKIN1_CLKOUT2)
                                                     -1.296    -0.672 r  i_platform/i_pll0/i_xilinx_clock_pll_0/inst/mmcm_adv_inst/CLKOUT2
                         net (fo=1, routed)           0.648    -0.024    i_platform/i_pll0/i_xilinx_clock_pll_0/inst/clk_150000000_xilinx_clock_pll_0
    BUFGCTRL_X0Y2        BUFG (Prop_bufg_I_O)         0.026     0.002 r  i_platform/i_pll0/i_xilinx_clock_pll_0/inst/clkout3_buf/O
                         net (fo=1, routed)           0.564     0.566    i_platform/i_system_ddr/nolabel_line70/u_xilinx_ddr3_ctrl_axi32_mig/u_ddr3_infrastructure/mmcm_clk
    PLLE2_ADV_X1Y1       PLLE2_ADV (Prop_plle2_adv_CLKIN1_CLKOUT0)
                                                      0.050     0.616 r  i_platform/i_system_ddr/nolabel_line70/u_xilinx_ddr3_ctrl_axi32_mig/u_ddr3_infrastructure/plle2_i/CLKOUT0
                         net (fo=7, routed)           0.191     0.807    i_platform/i_system_ddr/nolabel_line70/u_xilinx_ddr3_ctrl_axi32_mig/u_memc_ui_top_axi/mem_intfc0/ddr_phy_top0/u_ddr_mc_phy_wrapper/u_ddr_mc_phy/ddr_phy_4lanes_0.u_ddr_phy_4lanes/ddr_byte_lane_D.ddr_byte_lane_D/freq_refclk
    PHASER_IN_PHY_X1Y7   PHASER_IN_PHY (Prop_phaser_in_phy_FREQREFCLK_ICLK)
                                                      1.454     2.260 r  i_platform/i_system_ddr/nolabel_line70/u_xilinx_ddr3_ctrl_axi32_mig/u_memc_ui_top_axi/mem_intfc0/ddr_phy_top0/u_ddr_mc_phy_wrapper/u_ddr_mc_phy/ddr_phy_4lanes_0.u_ddr_phy_4lanes/ddr_byte_lane_D.ddr_byte_lane_D/phaser_in_gen.phaser_in/ICLK
    PHASER_IN_PHY_X1Y7   PHASER_IN_PHY (Prop_phaser_in_phy_ICLK_ICLKDIV)
                                                      0.090     2.350 r  i_platform/i_system_ddr/nolabel_line70/u_xilinx_ddr3_ctrl_axi32_mig/u_memc_ui_top_axi/mem_intfc0/ddr_phy_top0/u_ddr_mc_phy_wrapper/u_ddr_mc_phy/ddr_phy_4lanes_0.u_ddr_phy_4lanes/ddr_byte_lane_D.ddr_byte_lane_D/phaser_in_gen.phaser_in/ICLKDIV
  -------------------------------------------------------------------    -------------------
    PHASER_IN_PHY_X1Y7   PHASER_IN_PHY (Prop_phaser_in_phy_ICLKDIV_WRENABLE)
                                                      0.058     2.408 r  i_platform/i_system_ddr/nolabel_line70/u_xilinx_ddr3_ctrl_axi32_mig/u_memc_ui_top_axi/mem_intfc0/ddr_phy_top0/u_ddr_mc_phy_wrapper/u_ddr_mc_phy/ddr_phy_4lanes_0.u_ddr_phy_4lanes/ddr_byte_lane_D.ddr_byte_lane_D/phaser_in_gen.phaser_in/WRENABLE
                         net (fo=1, routed)           0.000     2.408    i_platform/i_system_ddr/nolabel_line70/u_xilinx_ddr3_ctrl_axi32_mig/u_memc_ui_top_axi/mem_intfc0/ddr_phy_top0/u_ddr_mc_phy_wrapper/u_ddr_mc_phy/ddr_phy_4lanes_0.u_ddr_phy_4lanes/ddr_byte_lane_D.ddr_byte_lane_D/ififo_wr_enable
    IN_FIFO_X1Y7         IN_FIFO                                      r  i_platform/i_system_ddr/nolabel_line70/u_xilinx_ddr3_ctrl_axi32_mig/u_memc_ui_top_axi/mem_intfc0/ddr_phy_top0/u_ddr_mc_phy_wrapper/u_ddr_mc_phy/ddr_phy_4lanes_0.u_ddr_phy_4lanes/ddr_byte_lane_D.ddr_byte_lane_D/in_fifo_gen.in_fifo/WREN
  -------------------------------------------------------------------    -------------------

                         (clock iserdes_clkdiv_1 rise edge)
                                                      0.000     0.000 r  <hidden>
    BUFGCTRL_X0Y16       BUFG                         0.000     0.000 r  external_clk_0_IBUF_BUFG_inst/O
                         net (fo=12425, routed)       0.898     0.898    i_platform/i_pll0/i_xilinx_clock_pll_0/inst/clk_in1
    MMCME2_ADV_X0Y0      MMCME2_ADV (Prop_mmcme2_adv_CLKIN1_CLKOUT2)
                                                     -1.625    -0.727 r  i_platform/i_pll0/i_xilinx_clock_pll_0/inst/mmcm_adv_inst/CLKOUT2
                         net (fo=1, routed)           0.700    -0.027    i_platform/i_pll0/i_xilinx_clock_pll_0/inst/clk_150000000_xilinx_clock_pll_0
    BUFGCTRL_X0Y2        BUFG (Prop_bufg_I_O)         0.029     0.002 r  i_platform/i_pll0/i_xilinx_clock_pll_0/inst/clkout3_buf/O
                         net (fo=1, routed)           0.833     0.835    i_platform/i_system_ddr/nolabel_line70/u_xilinx_ddr3_ctrl_axi32_mig/u_ddr3_infrastructure/mmcm_clk
    PLLE2_ADV_X1Y1       PLLE2_ADV (Prop_plle2_adv_CLKIN1_CLKOUT0)
                                                      0.053     0.888 r  i_platform/i_system_ddr/nolabel_line70/u_xilinx_ddr3_ctrl_axi32_mig/u_ddr3_infrastructure/plle2_i/CLKOUT0
                         net (fo=7, routed)           0.211     1.099    i_platform/i_system_ddr/nolabel_line70/u_xilinx_ddr3_ctrl_axi32_mig/u_memc_ui_top_axi/mem_intfc0/ddr_phy_top0/u_ddr_mc_phy_wrapper/u_ddr_mc_phy/ddr_phy_4lanes_0.u_ddr_phy_4lanes/ddr_byte_lane_D.ddr_byte_lane_D/freq_refclk
    PHASER_IN_PHY_X1Y7   PHASER_IN_PHY (Prop_phaser_in_phy_FREQREFCLK_ICLK)
                                                      1.478     2.576 r  i_platform/i_system_ddr/nolabel_line70/u_xilinx_ddr3_ctrl_axi32_mig/u_memc_ui_top_axi/mem_intfc0/ddr_phy_top0/u_ddr_mc_phy_wrapper/u_ddr_mc_phy/ddr_phy_4lanes_0.u_ddr_phy_4lanes/ddr_byte_lane_D.ddr_byte_lane_D/phaser_in_gen.phaser_in/ICLK
    PHASER_IN_PHY_X1Y7   PHASER_IN_PHY (Prop_phaser_in_phy_ICLK_ICLKDIV)
                                                      0.096     2.672 r  i_platform/i_system_ddr/nolabel_line70/u_xilinx_ddr3_ctrl_axi32_mig/u_memc_ui_top_axi/mem_intfc0/ddr_phy_top0/u_ddr_mc_phy_wrapper/u_ddr_mc_phy/ddr_phy_4lanes_0.u_ddr_phy_4lanes/ddr_byte_lane_D.ddr_byte_lane_D/phaser_in_gen.phaser_in/ICLKDIV
                         net (fo=9, routed)           0.000     2.672    i_platform/i_system_ddr/nolabel_line70/u_xilinx_ddr3_ctrl_axi32_mig/u_memc_ui_top_axi/mem_intfc0/ddr_phy_top0/u_ddr_mc_phy_wrapper/u_ddr_mc_phy/ddr_phy_4lanes_0.u_ddr_phy_4lanes/ddr_byte_lane_D.ddr_byte_lane_D/iserdes_clkdiv
    IN_FIFO_X1Y7         IN_FIFO                                      r  i_platform/i_system_ddr/nolabel_line70/u_xilinx_ddr3_ctrl_axi32_mig/u_memc_ui_top_axi/mem_intfc0/ddr_phy_top0/u_ddr_mc_phy_wrapper/u_ddr_mc_phy/ddr_phy_4lanes_0.u_ddr_phy_4lanes/ddr_byte_lane_D.ddr_byte_lane_D/in_fifo_gen.in_fifo/WRCLK
                         clock pessimism             -0.322     2.350    <hidden>
    IN_FIFO_X1Y7         IN_FIFO (Hold_in_fifo_WRCLK_WREN)
                                                     -0.013     2.337    i_platform/i_system_ddr/nolabel_line70/u_xilinx_ddr3_ctrl_axi32_mig/u_memc_ui_top_axi/mem_intfc0/ddr_phy_top0/u_ddr_mc_phy_wrapper/u_ddr_mc_phy/ddr_phy_4lanes_0.u_ddr_phy_4lanes/ddr_byte_lane_D.ddr_byte_lane_D/in_fifo_gen.in_fifo
  -------------------------------------------------------------------
                         required time                         -2.337    <hidden>
                         arrival time                           2.408    <hidden>
  -------------------------------------------------------------------
                         slack                                  0.071    <hidden>





Pulse Width Checks
--------------------------------------------------------------------------------------
Clock Name:         iserdes_clkdiv_1
Waveform(ns):       { 0.000 6.667 }
Period(ns):         13.333
Sources:            { i_platform/i_system_ddr/nolabel_line70/u_xilinx_ddr3_ctrl_axi32_mig/u_memc_ui_top_axi/mem_intfc0/ddr_phy_top0/u_ddr_mc_phy_wrapper/u_ddr_mc_phy/ddr_phy_4lanes_0.u_ddr_phy_4lanes/ddr_byte_lane_D.ddr_byte_lane_D/phaser_in_gen.phaser_in/ICLKDIV }

Check Type        Corner  Lib Pin        Reference Pin  Required(ns)  Actual(ns)  Slack(ns)  Location      Pin
Min Period        n/a     IN_FIFO/WRCLK  n/a            5.000         13.333      8.333      IN_FIFO_X1Y7  i_platform/i_system_ddr/nolabel_line70/u_xilinx_ddr3_ctrl_axi32_mig/u_memc_ui_top_axi/mem_intfc0/ddr_phy_top0/u_ddr_mc_phy_wrapper/u_ddr_mc_phy/ddr_phy_4lanes_0.u_ddr_phy_4lanes/ddr_byte_lane_D.ddr_byte_lane_D/in_fifo_gen.in_fifo/WRCLK
Low Pulse Width   Slow    IN_FIFO/WRCLK  n/a            2.150         6.667       4.517      IN_FIFO_X1Y7  i_platform/i_system_ddr/nolabel_line70/u_xilinx_ddr3_ctrl_axi32_mig/u_memc_ui_top_axi/mem_intfc0/ddr_phy_top0/u_ddr_mc_phy_wrapper/u_ddr_mc_phy/ddr_phy_4lanes_0.u_ddr_phy_4lanes/ddr_byte_lane_D.ddr_byte_lane_D/in_fifo_gen.in_fifo/WRCLK
High Pulse Width  Slow    IN_FIFO/WRCLK  n/a            2.150         6.667       4.517      IN_FIFO_X1Y7  i_platform/i_system_ddr/nolabel_line70/u_xilinx_ddr3_ctrl_axi32_mig/u_memc_ui_top_axi/mem_intfc0/ddr_phy_top0/u_ddr_mc_phy_wrapper/u_ddr_mc_phy/ddr_phy_4lanes_0.u_ddr_phy_4lanes/ddr_byte_lane_D.ddr_byte_lane_D/in_fifo_gen.in_fifo/WRCLK



---------------------------------------------------------------------------------------------------
From Clock:  mem_refclk
  To Clock:  mem_refclk

Setup :            0  Failing Endpoints,  Worst Slack        2.172ns,  Total Violation        0.000ns
Hold  :            0  Failing Endpoints,  Worst Slack        0.336ns,  Total Violation        0.000ns
PW    :            0  Failing Endpoints,  Worst Slack        1.042ns,  Total Violation        0.000ns
---------------------------------------------------------------------------------------------------


Max Delay Paths
--------------------------------------------------------------------------------------
Slack (MET) :             2.172ns  (required time - arrival time)
  Source:                 i_platform/i_system_ddr/nolabel_line70/u_xilinx_ddr3_ctrl_axi32_mig/u_memc_ui_top_axi/mem_intfc0/ddr_phy_top0/u_ddr_mc_phy_wrapper/u_ddr_mc_phy/ddr_phy_4lanes_0.u_ddr_phy_4lanes/phy_control_i/MEMREFCLK
                            (rising edge-triggered cell PHY_CONTROL clocked by mem_refclk  {rise@0.000ns fall@1.667ns period=3.333ns})
  Destination:            i_platform/i_system_ddr/nolabel_line70/u_xilinx_ddr3_ctrl_axi32_mig/u_memc_ui_top_axi/mem_intfc0/ddr_phy_top0/u_ddr_mc_phy_wrapper/u_ddr_mc_phy/ddr_phy_4lanes_0.u_ddr_phy_4lanes/phy_control_i/PHYCTLMSTREMPTY
                            (rising edge-triggered cell PHY_CONTROL clocked by mem_refclk  {rise@0.000ns fall@1.667ns period=3.333ns})
  Path Group:             mem_refclk
  Path Type:              Setup (Max at Slow Process Corner)
  Requirement:            3.333ns  (mem_refclk rise@3.333ns - mem_refclk rise@0.000ns)
  Data Path Delay:        1.093ns  (logic 0.622ns (56.908%)  route 0.471ns (43.092%))
  Logic Levels:           0  
  Clock Path Skew:        0.000ns (DCD - SCD + CPR)
    Destination Clock Delay (DCD):    2.216ns = ( 5.550 - 3.333 ) 
    Source Clock Delay      (SCD):    2.375ns
    Clock Pessimism Removal (CPR):    0.159ns
  Clock Uncertainty:      0.058ns  ((TSJ^2 + DJ^2)^1/2) / 2 + PE
    Total System Jitter     (TSJ):    0.071ns
    Discrete Jitter          (DJ):    0.091ns
    Phase Error              (PE):    0.000ns

    Location             Delay type                Incr(ns)  Path(ns)    Netlist Resource(s)
  -------------------------------------------------------------------    -------------------
                         (clock mem_refclk rise edge)
                                                      0.000     0.000 r  <hidden>
    BUFGCTRL_X0Y16       BUFG                         0.000     0.000 r  external_clk_0_IBUF_BUFG_inst/O
                         net (fo=12425, routed)       1.809     1.809    i_platform/i_pll0/i_xilinx_clock_pll_0/inst/clk_in1
    MMCME2_ADV_X0Y0      MMCME2_ADV (Prop_mmcme2_adv_CLKIN1_CLKOUT2)
                                                     -3.922    -2.112 r  i_platform/i_pll0/i_xilinx_clock_pll_0/inst/mmcm_adv_inst/CLKOUT2
                         net (fo=1, routed)           2.018    -0.094    i_platform/i_pll0/i_xilinx_clock_pll_0/inst/clk_150000000_xilinx_clock_pll_0
    BUFGCTRL_X0Y2        BUFG (Prop_bufg_I_O)         0.096     0.002 r  i_platform/i_pll0/i_xilinx_clock_pll_0/inst/clkout3_buf/O
                         net (fo=1, routed)           1.664     1.666    i_platform/i_system_ddr/nolabel_line70/u_xilinx_ddr3_ctrl_axi32_mig/u_ddr3_infrastructure/mmcm_clk
    PLLE2_ADV_X1Y1       PLLE2_ADV (Prop_plle2_adv_CLKIN1_CLKOUT1)
                                                      0.088     1.754 r  i_platform/i_system_ddr/nolabel_line70/u_xilinx_ddr3_ctrl_axi32_mig/u_ddr3_infrastructure/plle2_i/CLKOUT1
                         net (fo=7, routed)           0.621     2.375    i_platform/i_system_ddr/nolabel_line70/u_xilinx_ddr3_ctrl_axi32_mig/u_memc_ui_top_axi/mem_intfc0/ddr_phy_top0/u_ddr_mc_phy_wrapper/u_ddr_mc_phy/ddr_phy_4lanes_0.u_ddr_phy_4lanes/mem_refclk
    PHY_CONTROL_X1Y1     PHY_CONTROL                                  r  i_platform/i_system_ddr/nolabel_line70/u_xilinx_ddr3_ctrl_axi32_mig/u_memc_ui_top_axi/mem_intfc0/ddr_phy_top0/u_ddr_mc_phy_wrapper/u_ddr_mc_phy/ddr_phy_4lanes_0.u_ddr_phy_4lanes/phy_control_i/MEMREFCLK
  -------------------------------------------------------------------    -------------------
    PHY_CONTROL_X1Y1     PHY_CONTROL (Prop_phy_control_MEMREFCLK_PHYCTLEMPTY)
                                                      0.622     2.997 r  i_platform/i_system_ddr/nolabel_line70/u_xilinx_ddr3_ctrl_axi32_mig/u_memc_ui_top_axi/mem_intfc0/ddr_phy_top0/u_ddr_mc_phy_wrapper/u_ddr_mc_phy/ddr_phy_4lanes_0.u_ddr_phy_4lanes/phy_control_i/PHYCTLEMPTY
                         net (fo=1, routed)           0.471     3.468    i_platform/i_system_ddr/nolabel_line70/u_xilinx_ddr3_ctrl_axi32_mig/u_memc_ui_top_axi/mem_intfc0/ddr_phy_top0/u_ddr_mc_phy_wrapper/u_ddr_mc_phy/ddr_phy_4lanes_0.u_ddr_phy_4lanes/phy_control_i_n_1
    PHY_CONTROL_X1Y1     PHY_CONTROL                                  r  i_platform/i_system_ddr/nolabel_line70/u_xilinx_ddr3_ctrl_axi32_mig/u_memc_ui_top_axi/mem_intfc0/ddr_phy_top0/u_ddr_mc_phy_wrapper/u_ddr_mc_phy/ddr_phy_4lanes_0.u_ddr_phy_4lanes/phy_control_i/PHYCTLMSTREMPTY
  -------------------------------------------------------------------    -------------------

                         (clock mem_refclk rise edge)
                                                      3.333     3.333 r  <hidden>
    BUFGCTRL_X0Y16       BUFG                         0.000     3.333 r  external_clk_0_IBUF_BUFG_inst/O
                         net (fo=12425, routed)       1.683     5.016    i_platform/i_pll0/i_xilinx_clock_pll_0/inst/clk_in1
    MMCME2_ADV_X0Y0      MMCME2_ADV (Prop_mmcme2_adv_CLKIN1_CLKOUT2)
                                                     -3.694     1.322 r  i_platform/i_pll0/i_xilinx_clock_pll_0/inst/mmcm_adv_inst/CLKOUT2
                         net (fo=1, routed)           1.923     3.245    i_platform/i_pll0/i_xilinx_clock_pll_0/inst/clk_150000000_xilinx_clock_pll_0
    BUFGCTRL_X0Y2        BUFG (Prop_bufg_I_O)         0.091     3.336 r  i_platform/i_pll0/i_xilinx_clock_pll_0/inst/clkout3_buf/O
                         net (fo=1, routed)           1.541     4.878    i_platform/i_system_ddr/nolabel_line70/u_xilinx_ddr3_ctrl_axi32_mig/u_ddr3_infrastructure/mmcm_clk
    PLLE2_ADV_X1Y1       PLLE2_ADV (Prop_plle2_adv_CLKIN1_CLKOUT1)
                                                      0.083     4.961 r  i_platform/i_system_ddr/nolabel_line70/u_xilinx_ddr3_ctrl_axi32_mig/u_ddr3_infrastructure/plle2_i/CLKOUT1
                         net (fo=7, routed)           0.589     5.550    i_platform/i_system_ddr/nolabel_line70/u_xilinx_ddr3_ctrl_axi32_mig/u_memc_ui_top_axi/mem_intfc0/ddr_phy_top0/u_ddr_mc_phy_wrapper/u_ddr_mc_phy/ddr_phy_4lanes_0.u_ddr_phy_4lanes/mem_refclk
    PHY_CONTROL_X1Y1     PHY_CONTROL                                  r  i_platform/i_system_ddr/nolabel_line70/u_xilinx_ddr3_ctrl_axi32_mig/u_memc_ui_top_axi/mem_intfc0/ddr_phy_top0/u_ddr_mc_phy_wrapper/u_ddr_mc_phy/ddr_phy_4lanes_0.u_ddr_phy_4lanes/phy_control_i/MEMREFCLK
                         clock pessimism              0.159     5.709    <hidden>
                         clock uncertainty           -0.058     5.651    <hidden>
    PHY_CONTROL_X1Y1     PHY_CONTROL (Setup_phy_control_MEMREFCLK_PHYCTLMSTREMPTY)
                                                     -0.011     5.640    i_platform/i_system_ddr/nolabel_line70/u_xilinx_ddr3_ctrl_axi32_mig/u_memc_ui_top_axi/mem_intfc0/ddr_phy_top0/u_ddr_mc_phy_wrapper/u_ddr_mc_phy/ddr_phy_4lanes_0.u_ddr_phy_4lanes/phy_control_i
  -------------------------------------------------------------------
                         required time                          5.640    <hidden>
                         arrival time                          -3.468    <hidden>
  -------------------------------------------------------------------
                         slack                                  2.172    <hidden>





Min Delay Paths
--------------------------------------------------------------------------------------
Slack (MET) :             0.336ns  (arrival time - required time)
  Source:                 i_platform/i_system_ddr/nolabel_line70/u_xilinx_ddr3_ctrl_axi32_mig/u_memc_ui_top_axi/mem_intfc0/ddr_phy_top0/u_ddr_mc_phy_wrapper/u_ddr_mc_phy/ddr_phy_4lanes_0.u_ddr_phy_4lanes/phy_control_i/MEMREFCLK
                            (rising edge-triggered cell PHY_CONTROL clocked by mem_refclk  {rise@0.000ns fall@1.667ns period=3.333ns})
  Destination:            i_platform/i_system_ddr/nolabel_line70/u_xilinx_ddr3_ctrl_axi32_mig/u_memc_ui_top_axi/mem_intfc0/ddr_phy_top0/u_ddr_mc_phy_wrapper/u_ddr_mc_phy/ddr_phy_4lanes_0.u_ddr_phy_4lanes/phy_control_i/PHYCTLMSTREMPTY
                            (rising edge-triggered cell PHY_CONTROL clocked by mem_refclk  {rise@0.000ns fall@1.667ns period=3.333ns})
  Path Group:             mem_refclk
  Path Type:              Hold (Min at Fast Process Corner)
  Requirement:            0.000ns  (mem_refclk rise@0.000ns - mem_refclk rise@0.000ns)
  Data Path Delay:        0.459ns  (logic 0.313ns (68.192%)  route 0.146ns (31.808%))
  Logic Levels:           0  
  Clock Path Skew:        0.000ns (DCD - SCD - CPR)
    Destination Clock Delay (DCD):    1.103ns
    Source Clock Delay      (SCD):    0.811ns
    Clock Pessimism Removal (CPR):    0.292ns

    Location             Delay type                Incr(ns)  Path(ns)    Netlist Resource(s)
  -------------------------------------------------------------------    -------------------
                         (clock mem_refclk rise edge)
                                                      0.000     0.000 r  <hidden>
    BUFGCTRL_X0Y16       BUFG                         0.000     0.000 r  external_clk_0_IBUF_BUFG_inst/O
                         net (fo=12425, routed)       0.624     0.624    i_platform/i_pll0/i_xilinx_clock_pll_0/inst/clk_in1
    MMCME2_ADV_X0Y0      MMCME2_ADV (Prop_mmcme2_adv_CLKIN1_CLKOUT2)
                                                     -1.296    -0.672 r  i_platform/i_pll0/i_xilinx_clock_pll_0/inst/mmcm_adv_inst/CLKOUT2
                         net (fo=1, routed)           0.648    -0.024    i_platform/i_pll0/i_xilinx_clock_pll_0/inst/clk_150000000_xilinx_clock_pll_0
    BUFGCTRL_X0Y2        BUFG (Prop_bufg_I_O)         0.026     0.002 r  i_platform/i_pll0/i_xilinx_clock_pll_0/inst/clkout3_buf/O
                         net (fo=1, routed)           0.564     0.566    i_platform/i_system_ddr/nolabel_line70/u_xilinx_ddr3_ctrl_axi32_mig/u_ddr3_infrastructure/mmcm_clk
    PLLE2_ADV_X1Y1       PLLE2_ADV (Prop_plle2_adv_CLKIN1_CLKOUT1)
                                                      0.050     0.616 r  i_platform/i_system_ddr/nolabel_line70/u_xilinx_ddr3_ctrl_axi32_mig/u_ddr3_infrastructure/plle2_i/CLKOUT1
                         net (fo=7, routed)           0.195     0.811    i_platform/i_system_ddr/nolabel_line70/u_xilinx_ddr3_ctrl_axi32_mig/u_memc_ui_top_axi/mem_intfc0/ddr_phy_top0/u_ddr_mc_phy_wrapper/u_ddr_mc_phy/ddr_phy_4lanes_0.u_ddr_phy_4lanes/mem_refclk
    PHY_CONTROL_X1Y1     PHY_CONTROL                                  r  i_platform/i_system_ddr/nolabel_line70/u_xilinx_ddr3_ctrl_axi32_mig/u_memc_ui_top_axi/mem_intfc0/ddr_phy_top0/u_ddr_mc_phy_wrapper/u_ddr_mc_phy/ddr_phy_4lanes_0.u_ddr_phy_4lanes/phy_control_i/MEMREFCLK
  -------------------------------------------------------------------    -------------------
    PHY_CONTROL_X1Y1     PHY_CONTROL (Prop_phy_control_MEMREFCLK_PHYCTLEMPTY)
                                                      0.313     1.124 r  i_platform/i_system_ddr/nolabel_line70/u_xilinx_ddr3_ctrl_axi32_mig/u_memc_ui_top_axi/mem_intfc0/ddr_phy_top0/u_ddr_mc_phy_wrapper/u_ddr_mc_phy/ddr_phy_4lanes_0.u_ddr_phy_4lanes/phy_control_i/PHYCTLEMPTY
                         net (fo=1, routed)           0.146     1.270    i_platform/i_system_ddr/nolabel_line70/u_xilinx_ddr3_ctrl_axi32_mig/u_memc_ui_top_axi/mem_intfc0/ddr_phy_top0/u_ddr_mc_phy_wrapper/u_ddr_mc_phy/ddr_phy_4lanes_0.u_ddr_phy_4lanes/phy_control_i_n_1
    PHY_CONTROL_X1Y1     PHY_CONTROL                                  r  i_platform/i_system_ddr/nolabel_line70/u_xilinx_ddr3_ctrl_axi32_mig/u_memc_ui_top_axi/mem_intfc0/ddr_phy_top0/u_ddr_mc_phy_wrapper/u_ddr_mc_phy/ddr_phy_4lanes_0.u_ddr_phy_4lanes/phy_control_i/PHYCTLMSTREMPTY
  -------------------------------------------------------------------    -------------------

                         (clock mem_refclk rise edge)
                                                      0.000     0.000 r  <hidden>
    BUFGCTRL_X0Y16       BUFG                         0.000     0.000 r  external_clk_0_IBUF_BUFG_inst/O
                         net (fo=12425, routed)       0.898     0.898    i_platform/i_pll0/i_xilinx_clock_pll_0/inst/clk_in1
    MMCME2_ADV_X0Y0      MMCME2_ADV (Prop_mmcme2_adv_CLKIN1_CLKOUT2)
                                                     -1.625    -0.727 r  i_platform/i_pll0/i_xilinx_clock_pll_0/inst/mmcm_adv_inst/CLKOUT2
                         net (fo=1, routed)           0.700    -0.027    i_platform/i_pll0/i_xilinx_clock_pll_0/inst/clk_150000000_xilinx_clock_pll_0
    BUFGCTRL_X0Y2        BUFG (Prop_bufg_I_O)         0.029     0.002 r  i_platform/i_pll0/i_xilinx_clock_pll_0/inst/clkout3_buf/O
                         net (fo=1, routed)           0.833     0.835    i_platform/i_system_ddr/nolabel_line70/u_xilinx_ddr3_ctrl_axi32_mig/u_ddr3_infrastructure/mmcm_clk
    PLLE2_ADV_X1Y1       PLLE2_ADV (Prop_plle2_adv_CLKIN1_CLKOUT1)
                                                      0.053     0.888 r  i_platform/i_system_ddr/nolabel_line70/u_xilinx_ddr3_ctrl_axi32_mig/u_ddr3_infrastructure/plle2_i/CLKOUT1
                         net (fo=7, routed)           0.215     1.103    i_platform/i_system_ddr/nolabel_line70/u_xilinx_ddr3_ctrl_axi32_mig/u_memc_ui_top_axi/mem_intfc0/ddr_phy_top0/u_ddr_mc_phy_wrapper/u_ddr_mc_phy/ddr_phy_4lanes_0.u_ddr_phy_4lanes/mem_refclk
    PHY_CONTROL_X1Y1     PHY_CONTROL                                  r  i_platform/i_system_ddr/nolabel_line70/u_xilinx_ddr3_ctrl_axi32_mig/u_memc_ui_top_axi/mem_intfc0/ddr_phy_top0/u_ddr_mc_phy_wrapper/u_ddr_mc_phy/ddr_phy_4lanes_0.u_ddr_phy_4lanes/phy_control_i/MEMREFCLK
                         clock pessimism             -0.292     0.811    <hidden>
    PHY_CONTROL_X1Y1     PHY_CONTROL (Hold_phy_control_MEMREFCLK_PHYCTLMSTREMPTY)
                                                      0.123     0.934    i_platform/i_system_ddr/nolabel_line70/u_xilinx_ddr3_ctrl_axi32_mig/u_memc_ui_top_axi/mem_intfc0/ddr_phy_top0/u_ddr_mc_phy_wrapper/u_ddr_mc_phy/ddr_phy_4lanes_0.u_ddr_phy_4lanes/phy_control_i
  -------------------------------------------------------------------
                         required time                         -0.934    <hidden>
                         arrival time                           1.270    <hidden>
  -------------------------------------------------------------------
                         slack                                  0.336    <hidden>





Pulse Width Checks
--------------------------------------------------------------------------------------
Clock Name:         mem_refclk
Waveform(ns):       { 0.000 1.667 }
Period(ns):         3.333
Sources:            { i_platform/i_system_ddr/nolabel_line70/u_xilinx_ddr3_ctrl_axi32_mig/u_ddr3_infrastructure/plle2_i/CLKOUT1 }

Check Type        Corner  Lib Pin                Reference Pin  Required(ns)  Actual(ns)  Slack(ns)  Location          Pin
Min Period        n/a     PHY_CONTROL/MEMREFCLK  n/a            1.475         3.333       1.858      PHY_CONTROL_X1Y1  i_platform/i_system_ddr/nolabel_line70/u_xilinx_ddr3_ctrl_axi32_mig/u_memc_ui_top_axi/mem_intfc0/ddr_phy_top0/u_ddr_mc_phy_wrapper/u_ddr_mc_phy/ddr_phy_4lanes_0.u_ddr_phy_4lanes/phy_control_i/MEMREFCLK
Max Period        n/a     PLLE2_ADV/CLKOUT1      n/a            160.000       3.333       156.667    PLLE2_ADV_X1Y1    i_platform/i_system_ddr/nolabel_line70/u_xilinx_ddr3_ctrl_axi32_mig/u_ddr3_infrastructure/plle2_i/CLKOUT1
Low Pulse Width   Slow    PHY_CONTROL/MEMREFCLK  n/a            0.625         1.667       1.042      PHY_CONTROL_X1Y1  i_platform/i_system_ddr/nolabel_line70/u_xilinx_ddr3_ctrl_axi32_mig/u_memc_ui_top_axi/mem_intfc0/ddr_phy_top0/u_ddr_mc_phy_wrapper/u_ddr_mc_phy/ddr_phy_4lanes_0.u_ddr_phy_4lanes/phy_control_i/MEMREFCLK
High Pulse Width  Slow    PHY_CONTROL/MEMREFCLK  n/a            0.625         1.667       1.042      PHY_CONTROL_X1Y1  i_platform/i_system_ddr/nolabel_line70/u_xilinx_ddr3_ctrl_axi32_mig/u_memc_ui_top_axi/mem_intfc0/ddr_phy_top0/u_ddr_mc_phy_wrapper/u_ddr_mc_phy/ddr_phy_4lanes_0.u_ddr_phy_4lanes/phy_control_i/MEMREFCLK



---------------------------------------------------------------------------------------------------
From Clock:  oserdes_clk
  To Clock:  oserdes_clk

Setup :           NA  Failing Endpoints,  Worst Slack           NA  ,  Total Violation           NA
Hold  :           NA  Failing Endpoints,  Worst Slack           NA  ,  Total Violation           NA
PW    :            0  Failing Endpoints,  Worst Slack        1.666ns,  Total Violation        0.000ns
---------------------------------------------------------------------------------------------------


Pulse Width Checks
--------------------------------------------------------------------------------------
Clock Name:         oserdes_clk
Waveform(ns):       { 0.000 1.667 }
Period(ns):         3.333
Sources:            { i_platform/i_system_ddr/nolabel_line70/u_xilinx_ddr3_ctrl_axi32_mig/u_memc_ui_top_axi/mem_intfc0/ddr_phy_top0/u_ddr_mc_phy_wrapper/u_ddr_mc_phy/ddr_phy_4lanes_0.u_ddr_phy_4lanes/ddr_byte_lane_A.ddr_byte_lane_A/phaser_out/OCLK }

Check Type  Corner  Lib Pin        Reference Pin  Required(ns)  Actual(ns)  Slack(ns)  Location      Pin
Min Period  n/a     OSERDESE2/CLK  n/a            1.667         3.333       1.666      OLOGIC_X1Y51  i_platform/i_system_ddr/nolabel_line70/u_xilinx_ddr3_ctrl_axi32_mig/u_memc_ui_top_axi/mem_intfc0/ddr_phy_top0/u_ddr_mc_phy_wrapper/u_ddr_mc_phy/ddr_phy_4lanes_0.u_ddr_phy_4lanes/ddr_byte_lane_A.ddr_byte_lane_A/ddr_byte_group_io/output_[0].oserdes_dq_.sdr.oserdes_dq_i/CLK



---------------------------------------------------------------------------------------------------
From Clock:  oserdes_clkdiv
  To Clock:  oserdes_clkdiv

Setup :            0  Failing Endpoints,  Worst Slack        4.715ns,  Total Violation        0.000ns
Hold  :            0  Failing Endpoints,  Worst Slack        0.090ns,  Total Violation        0.000ns
PW    :            0  Failing Endpoints,  Worst Slack        1.183ns,  Total Violation        0.000ns
---------------------------------------------------------------------------------------------------


Max Delay Paths
--------------------------------------------------------------------------------------
Slack (MET) :             4.715ns  (required time - arrival time)
  Source:                 i_platform/i_system_ddr/nolabel_line70/u_xilinx_ddr3_ctrl_axi32_mig/u_memc_ui_top_axi/mem_intfc0/ddr_phy_top0/u_ddr_mc_phy_wrapper/u_ddr_mc_phy/ddr_phy_4lanes_0.u_ddr_phy_4lanes/ddr_byte_lane_A.ddr_byte_lane_A/out_fifo/RDCLK
                            (rising edge-triggered cell OUT_FIFO clocked by oserdes_clkdiv  {rise@0.000ns fall@3.333ns period=6.667ns})
  Destination:            i_platform/i_system_ddr/nolabel_line70/u_xilinx_ddr3_ctrl_axi32_mig/u_memc_ui_top_axi/mem_intfc0/ddr_phy_top0/u_ddr_mc_phy_wrapper/u_ddr_mc_phy/ddr_phy_4lanes_0.u_ddr_phy_4lanes/ddr_byte_lane_A.ddr_byte_lane_A/ddr_byte_group_io/output_[11].oserdes_dq_.sdr.oserdes_dq_i/D4
                            (rising edge-triggered cell OSERDESE2 clocked by oserdes_clkdiv  {rise@0.000ns fall@3.333ns period=6.667ns})
  Path Group:             oserdes_clkdiv
  Path Type:              Setup (Max at Slow Process Corner)
  Requirement:            6.667ns  (oserdes_clkdiv rise@6.667ns - oserdes_clkdiv rise@0.000ns)
  Data Path Delay:        1.681ns  (logic 0.674ns (40.087%)  route 1.007ns (59.913%))
  Logic Levels:           0  
  Clock Path Skew:        0.412ns (DCD - SCD + CPR)
    Destination Clock Delay (DCD):    5.316ns = ( 11.983 - 6.667 ) 
    Source Clock Delay      (SCD):    5.138ns
    Clock Pessimism Removal (CPR):    0.234ns
  Clock Uncertainty:      0.058ns  ((TSJ^2 + DJ^2)^1/2) / 2 + PE
    Total System Jitter     (TSJ):    0.071ns
    Discrete Jitter          (DJ):    0.091ns
    Phase Error              (PE):    0.000ns

    Location             Delay type                Incr(ns)  Path(ns)    Netlist Resource(s)
  -------------------------------------------------------------------    -------------------
                         (clock oserdes_clkdiv rise edge)
                                                      0.000     0.000 r  <hidden>
    BUFGCTRL_X0Y16       BUFG                         0.000     0.000 r  external_clk_0_IBUF_BUFG_inst/O
                         net (fo=12425, routed)       1.809     1.809    i_platform/i_pll0/i_xilinx_clock_pll_0/inst/clk_in1
    MMCME2_ADV_X0Y0      MMCME2_ADV (Prop_mmcme2_adv_CLKIN1_CLKOUT2)
                                                     -3.922    -2.112 r  i_platform/i_pll0/i_xilinx_clock_pll_0/inst/mmcm_adv_inst/CLKOUT2
                         net (fo=1, routed)           2.018    -0.094    i_platform/i_pll0/i_xilinx_clock_pll_0/inst/clk_150000000_xilinx_clock_pll_0
    BUFGCTRL_X0Y2        BUFG (Prop_bufg_I_O)         0.096     0.002 r  i_platform/i_pll0/i_xilinx_clock_pll_0/inst/clkout3_buf/O
                         net (fo=1, routed)           1.664     1.666    i_platform/i_system_ddr/nolabel_line70/u_xilinx_ddr3_ctrl_axi32_mig/u_ddr3_infrastructure/mmcm_clk
    PLLE2_ADV_X1Y1       PLLE2_ADV (Prop_plle2_adv_CLKIN1_CLKOUT1)
                                                      0.088     1.754 r  i_platform/i_system_ddr/nolabel_line70/u_xilinx_ddr3_ctrl_axi32_mig/u_ddr3_infrastructure/plle2_i/CLKOUT1
                         net (fo=7, routed)           0.614     2.368    i_platform/i_system_ddr/nolabel_line70/u_xilinx_ddr3_ctrl_axi32_mig/u_memc_ui_top_axi/mem_intfc0/ddr_phy_top0/u_ddr_mc_phy_wrapper/u_ddr_mc_phy/ddr_phy_4lanes_0.u_ddr_phy_4lanes/ddr_byte_lane_A.ddr_byte_lane_A/mem_refclk
    PHASER_OUT_PHY_X1Y4  PHASER_OUT_PHY (Prop_phaser_out_phy_MEMREFCLK_OCLK)
                                                      2.613     4.981 r  i_platform/i_system_ddr/nolabel_line70/u_xilinx_ddr3_ctrl_axi32_mig/u_memc_ui_top_axi/mem_intfc0/ddr_phy_top0/u_ddr_mc_phy_wrapper/u_ddr_mc_phy/ddr_phy_4lanes_0.u_ddr_phy_4lanes/ddr_byte_lane_A.ddr_byte_lane_A/phaser_out/OCLK
    PHASER_OUT_PHY_X1Y4  PHASER_OUT_PHY (Prop_phaser_out_phy_OCLK_OCLKDIV)
                                                      0.157     5.138 r  i_platform/i_system_ddr/nolabel_line70/u_xilinx_ddr3_ctrl_axi32_mig/u_memc_ui_top_axi/mem_intfc0/ddr_phy_top0/u_ddr_mc_phy_wrapper/u_ddr_mc_phy/ddr_phy_4lanes_0.u_ddr_phy_4lanes/ddr_byte_lane_A.ddr_byte_lane_A/phaser_out/OCLKDIV
                         net (fo=12, routed)          0.000     5.138    i_platform/i_system_ddr/nolabel_line70/u_xilinx_ddr3_ctrl_axi32_mig/u_memc_ui_top_axi/mem_intfc0/ddr_phy_top0/u_ddr_mc_phy_wrapper/u_ddr_mc_phy/ddr_phy_4lanes_0.u_ddr_phy_4lanes/ddr_byte_lane_A.ddr_byte_lane_A/oserdes_clkdiv
    OUT_FIFO_X1Y4        OUT_FIFO                                     r  i_platform/i_system_ddr/nolabel_line70/u_xilinx_ddr3_ctrl_axi32_mig/u_memc_ui_top_axi/mem_intfc0/ddr_phy_top0/u_ddr_mc_phy_wrapper/u_ddr_mc_phy/ddr_phy_4lanes_0.u_ddr_phy_4lanes/ddr_byte_lane_A.ddr_byte_lane_A/out_fifo/RDCLK
  -------------------------------------------------------------------    -------------------
    OUT_FIFO_X1Y4        OUT_FIFO (Prop_out_fifo_RDCLK_Q6[7])
                                                      0.674     5.812 r  i_platform/i_system_ddr/nolabel_line70/u_xilinx_ddr3_ctrl_axi32_mig/u_memc_ui_top_axi/mem_intfc0/ddr_phy_top0/u_ddr_mc_phy_wrapper/u_ddr_mc_phy/ddr_phy_4lanes_0.u_ddr_phy_4lanes/ddr_byte_lane_A.ddr_byte_lane_A/out_fifo/Q6[7]
                         net (fo=1, routed)           1.007     6.820    i_platform/i_system_ddr/nolabel_line70/u_xilinx_ddr3_ctrl_axi32_mig/u_memc_ui_top_axi/mem_intfc0/ddr_phy_top0/u_ddr_mc_phy_wrapper/u_ddr_mc_phy/ddr_phy_4lanes_0.u_ddr_phy_4lanes/ddr_byte_lane_A.ddr_byte_lane_A/ddr_byte_group_io/oserdes_dq[43]
    OLOGIC_X1Y50         OSERDESE2                                    r  i_platform/i_system_ddr/nolabel_line70/u_xilinx_ddr3_ctrl_axi32_mig/u_memc_ui_top_axi/mem_intfc0/ddr_phy_top0/u_ddr_mc_phy_wrapper/u_ddr_mc_phy/ddr_phy_4lanes_0.u_ddr_phy_4lanes/ddr_byte_lane_A.ddr_byte_lane_A/ddr_byte_group_io/output_[11].oserdes_dq_.sdr.oserdes_dq_i/D4
  -------------------------------------------------------------------    -------------------

                         (clock oserdes_clkdiv rise edge)
                                                      6.667     6.667 r  <hidden>
    BUFGCTRL_X0Y16       BUFG                         0.000     6.667 r  external_clk_0_IBUF_BUFG_inst/O
                         net (fo=12425, routed)       1.683     8.350    i_platform/i_pll0/i_xilinx_clock_pll_0/inst/clk_in1
    MMCME2_ADV_X0Y0      MMCME2_ADV (Prop_mmcme2_adv_CLKIN1_CLKOUT2)
                                                     -3.694     4.656 r  i_platform/i_pll0/i_xilinx_clock_pll_0/inst/mmcm_adv_inst/CLKOUT2
                         net (fo=1, routed)           1.923     6.579    i_platform/i_pll0/i_xilinx_clock_pll_0/inst/clk_150000000_xilinx_clock_pll_0
    BUFGCTRL_X0Y2        BUFG (Prop_bufg_I_O)         0.091     6.670 r  i_platform/i_pll0/i_xilinx_clock_pll_0/inst/clkout3_buf/O
                         net (fo=1, routed)           1.541     8.211    i_platform/i_system_ddr/nolabel_line70/u_xilinx_ddr3_ctrl_axi32_mig/u_ddr3_infrastructure/mmcm_clk
    PLLE2_ADV_X1Y1       PLLE2_ADV (Prop_plle2_adv_CLKIN1_CLKOUT1)
                                                      0.083     8.294 r  i_platform/i_system_ddr/nolabel_line70/u_xilinx_ddr3_ctrl_axi32_mig/u_ddr3_infrastructure/plle2_i/CLKOUT1
                         net (fo=7, routed)           0.582     8.876    i_platform/i_system_ddr/nolabel_line70/u_xilinx_ddr3_ctrl_axi32_mig/u_memc_ui_top_axi/mem_intfc0/ddr_phy_top0/u_ddr_mc_phy_wrapper/u_ddr_mc_phy/ddr_phy_4lanes_0.u_ddr_phy_4lanes/ddr_byte_lane_A.ddr_byte_lane_A/mem_refclk
    PHASER_OUT_PHY_X1Y4  PHASER_OUT_PHY (Prop_phaser_out_phy_MEMREFCLK_OCLK)
                                                      2.547    11.423 r  i_platform/i_system_ddr/nolabel_line70/u_xilinx_ddr3_ctrl_axi32_mig/u_memc_ui_top_axi/mem_intfc0/ddr_phy_top0/u_ddr_mc_phy_wrapper/u_ddr_mc_phy/ddr_phy_4lanes_0.u_ddr_phy_4lanes/ddr_byte_lane_A.ddr_byte_lane_A/phaser_out/OCLK
    PHASER_OUT_PHY_X1Y4  PHASER_OUT_PHY (Prop_phaser_out_phy_OCLK_OCLKDIV)
                                                      0.148    11.571 r  i_platform/i_system_ddr/nolabel_line70/u_xilinx_ddr3_ctrl_axi32_mig/u_memc_ui_top_axi/mem_intfc0/ddr_phy_top0/u_ddr_mc_phy_wrapper/u_ddr_mc_phy/ddr_phy_4lanes_0.u_ddr_phy_4lanes/ddr_byte_lane_A.ddr_byte_lane_A/phaser_out/OCLKDIV
                         net (fo=12, routed)          0.412    11.983    i_platform/i_system_ddr/nolabel_line70/u_xilinx_ddr3_ctrl_axi32_mig/u_memc_ui_top_axi/mem_intfc0/ddr_phy_top0/u_ddr_mc_phy_wrapper/u_ddr_mc_phy/ddr_phy_4lanes_0.u_ddr_phy_4lanes/ddr_byte_lane_A.ddr_byte_lane_A/ddr_byte_group_io/oserdes_clkdiv
    OLOGIC_X1Y50         OSERDESE2                                    r  i_platform/i_system_ddr/nolabel_line70/u_xilinx_ddr3_ctrl_axi32_mig/u_memc_ui_top_axi/mem_intfc0/ddr_phy_top0/u_ddr_mc_phy_wrapper/u_ddr_mc_phy/ddr_phy_4lanes_0.u_ddr_phy_4lanes/ddr_byte_lane_A.ddr_byte_lane_A/ddr_byte_group_io/output_[11].oserdes_dq_.sdr.oserdes_dq_i/CLKDIV
                         clock pessimism              0.234    12.217    <hidden>
                         clock uncertainty           -0.058    12.159    <hidden>
    OLOGIC_X1Y50         OSERDESE2 (Setup_oserdese2_CLKDIV_D4)
                                                     -0.625    11.534    i_platform/i_system_ddr/nolabel_line70/u_xilinx_ddr3_ctrl_axi32_mig/u_memc_ui_top_axi/mem_intfc0/ddr_phy_top0/u_ddr_mc_phy_wrapper/u_ddr_mc_phy/ddr_phy_4lanes_0.u_ddr_phy_4lanes/ddr_byte_lane_A.ddr_byte_lane_A/ddr_byte_group_io/output_[11].oserdes_dq_.sdr.oserdes_dq_i
  -------------------------------------------------------------------
                         required time                         11.535    <hidden>
                         arrival time                          -6.820    <hidden>
  -------------------------------------------------------------------
                         slack                                  4.715    <hidden>





Min Delay Paths
--------------------------------------------------------------------------------------
Slack (MET) :             0.090ns  (arrival time - required time)
  Source:                 i_platform/i_system_ddr/nolabel_line70/u_xilinx_ddr3_ctrl_axi32_mig/u_memc_ui_top_axi/mem_intfc0/ddr_phy_top0/u_ddr_mc_phy_wrapper/u_ddr_mc_phy/ddr_phy_4lanes_0.u_ddr_phy_4lanes/ddr_byte_lane_A.ddr_byte_lane_A/out_fifo/RDCLK
                            (rising edge-triggered cell OUT_FIFO clocked by oserdes_clkdiv  {rise@0.000ns fall@3.333ns period=6.667ns})
  Destination:            i_platform/i_system_ddr/nolabel_line70/u_xilinx_ddr3_ctrl_axi32_mig/u_memc_ui_top_axi/mem_intfc0/ddr_phy_top0/u_ddr_mc_phy_wrapper/u_ddr_mc_phy/ddr_phy_4lanes_0.u_ddr_phy_4lanes/ddr_byte_lane_A.ddr_byte_lane_A/ddr_byte_group_io/output_[2].oserdes_dq_.sdr.oserdes_dq_i/D2
                            (rising edge-triggered cell OSERDESE2 clocked by oserdes_clkdiv  {rise@0.000ns fall@3.333ns period=6.667ns})
  Path Group:             oserdes_clkdiv
  Path Type:              Hold (Min at Fast Process Corner)
  Requirement:            0.000ns  (oserdes_clkdiv rise@0.000ns - oserdes_clkdiv rise@0.000ns)
  Data Path Delay:        0.288ns  (logic 0.138ns (47.866%)  route 0.150ns (52.134%))
  Logic Levels:           0  
  Clock Path Skew:        0.179ns (DCD - SCD - CPR)
    Destination Clock Delay (DCD):    3.683ns
    Source Clock Delay      (SCD):    3.155ns
    Clock Pessimism Removal (CPR):    0.349ns

    Location             Delay type                Incr(ns)  Path(ns)    Netlist Resource(s)
  -------------------------------------------------------------------    -------------------
                         (clock oserdes_clkdiv rise edge)
                                                      0.000     0.000 r  <hidden>
    BUFGCTRL_X0Y16       BUFG                         0.000     0.000 r  external_clk_0_IBUF_BUFG_inst/O
                         net (fo=12425, routed)       0.624     0.624    i_platform/i_pll0/i_xilinx_clock_pll_0/inst/clk_in1
    MMCME2_ADV_X0Y0      MMCME2_ADV (Prop_mmcme2_adv_CLKIN1_CLKOUT2)
                                                     -1.296    -0.672 r  i_platform/i_pll0/i_xilinx_clock_pll_0/inst/mmcm_adv_inst/CLKOUT2
                         net (fo=1, routed)           0.648    -0.024    i_platform/i_pll0/i_xilinx_clock_pll_0/inst/clk_150000000_xilinx_clock_pll_0
    BUFGCTRL_X0Y2        BUFG (Prop_bufg_I_O)         0.026     0.002 r  i_platform/i_pll0/i_xilinx_clock_pll_0/inst/clkout3_buf/O
                         net (fo=1, routed)           0.564     0.566    i_platform/i_system_ddr/nolabel_line70/u_xilinx_ddr3_ctrl_axi32_mig/u_ddr3_infrastructure/mmcm_clk
    PLLE2_ADV_X1Y1       PLLE2_ADV (Prop_plle2_adv_CLKIN1_CLKOUT1)
                                                      0.050     0.616 r  i_platform/i_system_ddr/nolabel_line70/u_xilinx_ddr3_ctrl_axi32_mig/u_ddr3_infrastructure/plle2_i/CLKOUT1
                         net (fo=7, routed)           0.197     0.813    i_platform/i_system_ddr/nolabel_line70/u_xilinx_ddr3_ctrl_axi32_mig/u_memc_ui_top_axi/mem_intfc0/ddr_phy_top0/u_ddr_mc_phy_wrapper/u_ddr_mc_phy/ddr_phy_4lanes_0.u_ddr_phy_4lanes/ddr_byte_lane_A.ddr_byte_lane_A/mem_refclk
    PHASER_OUT_PHY_X1Y4  PHASER_OUT_PHY (Prop_phaser_out_phy_MEMREFCLK_OCLK)
                                                      2.259     3.072 r  i_platform/i_system_ddr/nolabel_line70/u_xilinx_ddr3_ctrl_axi32_mig/u_memc_ui_top_axi/mem_intfc0/ddr_phy_top0/u_ddr_mc_phy_wrapper/u_ddr_mc_phy/ddr_phy_4lanes_0.u_ddr_phy_4lanes/ddr_byte_lane_A.ddr_byte_lane_A/phaser_out/OCLK
    PHASER_OUT_PHY_X1Y4  PHASER_OUT_PHY (Prop_phaser_out_phy_OCLK_OCLKDIV)
                                                      0.083     3.155 r  i_platform/i_system_ddr/nolabel_line70/u_xilinx_ddr3_ctrl_axi32_mig/u_memc_ui_top_axi/mem_intfc0/ddr_phy_top0/u_ddr_mc_phy_wrapper/u_ddr_mc_phy/ddr_phy_4lanes_0.u_ddr_phy_4lanes/ddr_byte_lane_A.ddr_byte_lane_A/phaser_out/OCLKDIV
                         net (fo=12, routed)          0.000     3.155    i_platform/i_system_ddr/nolabel_line70/u_xilinx_ddr3_ctrl_axi32_mig/u_memc_ui_top_axi/mem_intfc0/ddr_phy_top0/u_ddr_mc_phy_wrapper/u_ddr_mc_phy/ddr_phy_4lanes_0.u_ddr_phy_4lanes/ddr_byte_lane_A.ddr_byte_lane_A/oserdes_clkdiv
    OUT_FIFO_X1Y4        OUT_FIFO                                     r  i_platform/i_system_ddr/nolabel_line70/u_xilinx_ddr3_ctrl_axi32_mig/u_memc_ui_top_axi/mem_intfc0/ddr_phy_top0/u_ddr_mc_phy_wrapper/u_ddr_mc_phy/ddr_phy_4lanes_0.u_ddr_phy_4lanes/ddr_byte_lane_A.ddr_byte_lane_A/out_fifo/RDCLK
  -------------------------------------------------------------------    -------------------
    OUT_FIFO_X1Y4        OUT_FIFO (Prop_out_fifo_RDCLK_Q2[1])
                                                      0.138     3.293 r  i_platform/i_system_ddr/nolabel_line70/u_xilinx_ddr3_ctrl_axi32_mig/u_memc_ui_top_axi/mem_intfc0/ddr_phy_top0/u_ddr_mc_phy_wrapper/u_ddr_mc_phy/ddr_phy_4lanes_0.u_ddr_phy_4lanes/ddr_byte_lane_A.ddr_byte_lane_A/out_fifo/Q2[1]
                         net (fo=1, routed)           0.150     3.443    i_platform/i_system_ddr/nolabel_line70/u_xilinx_ddr3_ctrl_axi32_mig/u_memc_ui_top_axi/mem_intfc0/ddr_phy_top0/u_ddr_mc_phy_wrapper/u_ddr_mc_phy/ddr_phy_4lanes_0.u_ddr_phy_4lanes/ddr_byte_lane_A.ddr_byte_lane_A/ddr_byte_group_io/oserdes_dq[9]
    OLOGIC_X1Y53         OSERDESE2                                    r  i_platform/i_system_ddr/nolabel_line70/u_xilinx_ddr3_ctrl_axi32_mig/u_memc_ui_top_axi/mem_intfc0/ddr_phy_top0/u_ddr_mc_phy_wrapper/u_ddr_mc_phy/ddr_phy_4lanes_0.u_ddr_phy_4lanes/ddr_byte_lane_A.ddr_byte_lane_A/ddr_byte_group_io/output_[2].oserdes_dq_.sdr.oserdes_dq_i/D2
  -------------------------------------------------------------------    -------------------

                         (clock oserdes_clkdiv rise edge)
                                                      0.000     0.000 r  <hidden>
    BUFGCTRL_X0Y16       BUFG                         0.000     0.000 r  external_clk_0_IBUF_BUFG_inst/O
                         net (fo=12425, routed)       0.898     0.898    i_platform/i_pll0/i_xilinx_clock_pll_0/inst/clk_in1
    MMCME2_ADV_X0Y0      MMCME2_ADV (Prop_mmcme2_adv_CLKIN1_CLKOUT2)
                                                     -1.625    -0.727 r  i_platform/i_pll0/i_xilinx_clock_pll_0/inst/mmcm_adv_inst/CLKOUT2
                         net (fo=1, routed)           0.700    -0.027    i_platform/i_pll0/i_xilinx_clock_pll_0/inst/clk_150000000_xilinx_clock_pll_0
    BUFGCTRL_X0Y2        BUFG (Prop_bufg_I_O)         0.029     0.002 r  i_platform/i_pll0/i_xilinx_clock_pll_0/inst/clkout3_buf/O
                         net (fo=1, routed)           0.833     0.835    i_platform/i_system_ddr/nolabel_line70/u_xilinx_ddr3_ctrl_axi32_mig/u_ddr3_infrastructure/mmcm_clk
    PLLE2_ADV_X1Y1       PLLE2_ADV (Prop_plle2_adv_CLKIN1_CLKOUT1)
                                                      0.053     0.888 r  i_platform/i_system_ddr/nolabel_line70/u_xilinx_ddr3_ctrl_axi32_mig/u_ddr3_infrastructure/plle2_i/CLKOUT1
                         net (fo=7, routed)           0.218     1.106    i_platform/i_system_ddr/nolabel_line70/u_xilinx_ddr3_ctrl_axi32_mig/u_memc_ui_top_axi/mem_intfc0/ddr_phy_top0/u_ddr_mc_phy_wrapper/u_ddr_mc_phy/ddr_phy_4lanes_0.u_ddr_phy_4lanes/ddr_byte_lane_A.ddr_byte_lane_A/mem_refclk
    PHASER_OUT_PHY_X1Y4  PHASER_OUT_PHY (Prop_phaser_out_phy_MEMREFCLK_OCLK)
                                                      2.310     3.416 r  i_platform/i_system_ddr/nolabel_line70/u_xilinx_ddr3_ctrl_axi32_mig/u_memc_ui_top_axi/mem_intfc0/ddr_phy_top0/u_ddr_mc_phy_wrapper/u_ddr_mc_phy/ddr_phy_4lanes_0.u_ddr_phy_4lanes/ddr_byte_lane_A.ddr_byte_lane_A/phaser_out/OCLK
    PHASER_OUT_PHY_X1Y4  PHASER_OUT_PHY (Prop_phaser_out_phy_OCLK_OCLKDIV)
                                                      0.088     3.504 r  i_platform/i_system_ddr/nolabel_line70/u_xilinx_ddr3_ctrl_axi32_mig/u_memc_ui_top_axi/mem_intfc0/ddr_phy_top0/u_ddr_mc_phy_wrapper/u_ddr_mc_phy/ddr_phy_4lanes_0.u_ddr_phy_4lanes/ddr_byte_lane_A.ddr_byte_lane_A/phaser_out/OCLKDIV
                         net (fo=12, routed)          0.179     3.683    i_platform/i_system_ddr/nolabel_line70/u_xilinx_ddr3_ctrl_axi32_mig/u_memc_ui_top_axi/mem_intfc0/ddr_phy_top0/u_ddr_mc_phy_wrapper/u_ddr_mc_phy/ddr_phy_4lanes_0.u_ddr_phy_4lanes/ddr_byte_lane_A.ddr_byte_lane_A/ddr_byte_group_io/oserdes_clkdiv
    OLOGIC_X1Y53         OSERDESE2                                    r  i_platform/i_system_ddr/nolabel_line70/u_xilinx_ddr3_ctrl_axi32_mig/u_memc_ui_top_axi/mem_intfc0/ddr_phy_top0/u_ddr_mc_phy_wrapper/u_ddr_mc_phy/ddr_phy_4lanes_0.u_ddr_phy_4lanes/ddr_byte_lane_A.ddr_byte_lane_A/ddr_byte_group_io/output_[2].oserdes_dq_.sdr.oserdes_dq_i/CLKDIV
                         clock pessimism             -0.349     3.334    <hidden>
    OLOGIC_X1Y53         OSERDESE2 (Hold_oserdese2_CLKDIV_D2)
                                                      0.019     3.353    i_platform/i_system_ddr/nolabel_line70/u_xilinx_ddr3_ctrl_axi32_mig/u_memc_ui_top_axi/mem_intfc0/ddr_phy_top0/u_ddr_mc_phy_wrapper/u_ddr_mc_phy/ddr_phy_4lanes_0.u_ddr_phy_4lanes/ddr_byte_lane_A.ddr_byte_lane_A/ddr_byte_group_io/output_[2].oserdes_dq_.sdr.oserdes_dq_i
  -------------------------------------------------------------------
                         required time                         -3.353    <hidden>
                         arrival time                           3.443    <hidden>
  -------------------------------------------------------------------
                         slack                                  0.090    <hidden>





Pulse Width Checks
--------------------------------------------------------------------------------------
Clock Name:         oserdes_clkdiv
Waveform(ns):       { 0.000 3.333 }
Period(ns):         6.667
Sources:            { i_platform/i_system_ddr/nolabel_line70/u_xilinx_ddr3_ctrl_axi32_mig/u_memc_ui_top_axi/mem_intfc0/ddr_phy_top0/u_ddr_mc_phy_wrapper/u_ddr_mc_phy/ddr_phy_4lanes_0.u_ddr_phy_4lanes/ddr_byte_lane_A.ddr_byte_lane_A/phaser_out/OCLKDIV }

Check Type        Corner  Lib Pin         Reference Pin  Required(ns)  Actual(ns)  Slack(ns)  Location       Pin
Min Period        n/a     OUT_FIFO/RDCLK  n/a            5.000         6.667       1.667      OUT_FIFO_X1Y4  i_platform/i_system_ddr/nolabel_line70/u_xilinx_ddr3_ctrl_axi32_mig/u_memc_ui_top_axi/mem_intfc0/ddr_phy_top0/u_ddr_mc_phy_wrapper/u_ddr_mc_phy/ddr_phy_4lanes_0.u_ddr_phy_4lanes/ddr_byte_lane_A.ddr_byte_lane_A/out_fifo/RDCLK
Low Pulse Width   Slow    OUT_FIFO/RDCLK  n/a            2.150         3.333       1.183      OUT_FIFO_X1Y4  i_platform/i_system_ddr/nolabel_line70/u_xilinx_ddr3_ctrl_axi32_mig/u_memc_ui_top_axi/mem_intfc0/ddr_phy_top0/u_ddr_mc_phy_wrapper/u_ddr_mc_phy/ddr_phy_4lanes_0.u_ddr_phy_4lanes/ddr_byte_lane_A.ddr_byte_lane_A/out_fifo/RDCLK
High Pulse Width  Slow    OUT_FIFO/RDCLK  n/a            2.150         3.333       1.183      OUT_FIFO_X1Y4  i_platform/i_system_ddr/nolabel_line70/u_xilinx_ddr3_ctrl_axi32_mig/u_memc_ui_top_axi/mem_intfc0/ddr_phy_top0/u_ddr_mc_phy_wrapper/u_ddr_mc_phy/ddr_phy_4lanes_0.u_ddr_phy_4lanes/ddr_byte_lane_A.ddr_byte_lane_A/out_fifo/RDCLK



---------------------------------------------------------------------------------------------------
From Clock:  oserdes_clk_1
  To Clock:  oserdes_clk_1

Setup :           NA  Failing Endpoints,  Worst Slack           NA  ,  Total Violation           NA
Hold  :           NA  Failing Endpoints,  Worst Slack           NA  ,  Total Violation           NA
PW    :            0  Failing Endpoints,  Worst Slack        1.666ns,  Total Violation        0.000ns
---------------------------------------------------------------------------------------------------


Pulse Width Checks
--------------------------------------------------------------------------------------
Clock Name:         oserdes_clk_1
Waveform(ns):       { 0.000 1.667 }
Period(ns):         3.333
Sources:            { i_platform/i_system_ddr/nolabel_line70/u_xilinx_ddr3_ctrl_axi32_mig/u_memc_ui_top_axi/mem_intfc0/ddr_phy_top0/u_ddr_mc_phy_wrapper/u_ddr_mc_phy/ddr_phy_4lanes_0.u_ddr_phy_4lanes/ddr_byte_lane_B.ddr_byte_lane_B/phaser_out/OCLK }

Check Type  Corner  Lib Pin        Reference Pin  Required(ns)  Actual(ns)  Slack(ns)  Location      Pin
Min Period  n/a     OSERDESE2/CLK  n/a            1.667         3.333       1.666      OLOGIC_X1Y63  i_platform/i_system_ddr/nolabel_line70/u_xilinx_ddr3_ctrl_axi32_mig/u_memc_ui_top_axi/mem_intfc0/ddr_phy_top0/u_ddr_mc_phy_wrapper/u_ddr_mc_phy/ddr_phy_4lanes_0.u_ddr_phy_4lanes/ddr_byte_lane_B.ddr_byte_lane_B/ddr_byte_group_io/output_[0].oserdes_dq_.sdr.oserdes_dq_i/CLK



---------------------------------------------------------------------------------------------------
From Clock:  oserdes_clkdiv_1
  To Clock:  oserdes_clkdiv_1

Setup :            0  Failing Endpoints,  Worst Slack        5.238ns,  Total Violation        0.000ns
Hold  :            0  Failing Endpoints,  Worst Slack        0.094ns,  Total Violation        0.000ns
PW    :            0  Failing Endpoints,  Worst Slack        1.183ns,  Total Violation        0.000ns
---------------------------------------------------------------------------------------------------


Max Delay Paths
--------------------------------------------------------------------------------------
Slack (MET) :             5.238ns  (required time - arrival time)
  Source:                 i_platform/i_system_ddr/nolabel_line70/u_xilinx_ddr3_ctrl_axi32_mig/u_memc_ui_top_axi/mem_intfc0/ddr_phy_top0/u_ddr_mc_phy_wrapper/u_ddr_mc_phy/ddr_phy_4lanes_0.u_ddr_phy_4lanes/ddr_byte_lane_B.ddr_byte_lane_B/out_fifo/RDCLK
                            (rising edge-triggered cell OUT_FIFO clocked by oserdes_clkdiv_1  {rise@0.000ns fall@3.333ns period=6.667ns})
  Destination:            i_platform/i_system_ddr/nolabel_line70/u_xilinx_ddr3_ctrl_axi32_mig/u_memc_ui_top_axi/mem_intfc0/ddr_phy_top0/u_ddr_mc_phy_wrapper/u_ddr_mc_phy/ddr_phy_4lanes_0.u_ddr_phy_4lanes/ddr_byte_lane_B.ddr_byte_lane_B/ddr_byte_group_io/output_[10].oserdes_dq_.sdr.oserdes_dq_i/D1
                            (rising edge-triggered cell OSERDESE2 clocked by oserdes_clkdiv_1  {rise@0.000ns fall@3.333ns period=6.667ns})
  Path Group:             oserdes_clkdiv_1
  Path Type:              Setup (Max at Slow Process Corner)
  Requirement:            6.667ns  (oserdes_clkdiv_1 rise@6.667ns - oserdes_clkdiv_1 rise@0.000ns)
  Data Path Delay:        1.142ns  (logic 0.674ns (59.004%)  route 0.468ns (40.997%))
  Logic Levels:           0  
  Clock Path Skew:        0.396ns (DCD - SCD + CPR)
    Destination Clock Delay (DCD):    5.290ns = ( 11.957 - 6.667 ) 
    Source Clock Delay      (SCD):    5.127ns
    Clock Pessimism Removal (CPR):    0.233ns
  Clock Uncertainty:      0.058ns  ((TSJ^2 + DJ^2)^1/2) / 2 + PE
    Total System Jitter     (TSJ):    0.071ns
    Discrete Jitter          (DJ):    0.091ns
    Phase Error              (PE):    0.000ns

    Location             Delay type                Incr(ns)  Path(ns)    Netlist Resource(s)
  -------------------------------------------------------------------    -------------------
                         (clock oserdes_clkdiv_1 rise edge)
                                                      0.000     0.000 r  <hidden>
    BUFGCTRL_X0Y16       BUFG                         0.000     0.000 r  external_clk_0_IBUF_BUFG_inst/O
                         net (fo=12425, routed)       1.809     1.809    i_platform/i_pll0/i_xilinx_clock_pll_0/inst/clk_in1
    MMCME2_ADV_X0Y0      MMCME2_ADV (Prop_mmcme2_adv_CLKIN1_CLKOUT2)
                                                     -3.922    -2.112 r  i_platform/i_pll0/i_xilinx_clock_pll_0/inst/mmcm_adv_inst/CLKOUT2
                         net (fo=1, routed)           2.018    -0.094    i_platform/i_pll0/i_xilinx_clock_pll_0/inst/clk_150000000_xilinx_clock_pll_0
    BUFGCTRL_X0Y2        BUFG (Prop_bufg_I_O)         0.096     0.002 r  i_platform/i_pll0/i_xilinx_clock_pll_0/inst/clkout3_buf/O
                         net (fo=1, routed)           1.664     1.666    i_platform/i_system_ddr/nolabel_line70/u_xilinx_ddr3_ctrl_axi32_mig/u_ddr3_infrastructure/mmcm_clk
    PLLE2_ADV_X1Y1       PLLE2_ADV (Prop_plle2_adv_CLKIN1_CLKOUT1)
                                                      0.088     1.754 r  i_platform/i_system_ddr/nolabel_line70/u_xilinx_ddr3_ctrl_axi32_mig/u_ddr3_infrastructure/plle2_i/CLKOUT1
                         net (fo=7, routed)           0.603     2.357    i_platform/i_system_ddr/nolabel_line70/u_xilinx_ddr3_ctrl_axi32_mig/u_memc_ui_top_axi/mem_intfc0/ddr_phy_top0/u_ddr_mc_phy_wrapper/u_ddr_mc_phy/ddr_phy_4lanes_0.u_ddr_phy_4lanes/ddr_byte_lane_B.ddr_byte_lane_B/mem_refclk
    PHASER_OUT_PHY_X1Y5  PHASER_OUT_PHY (Prop_phaser_out_phy_MEMREFCLK_OCLK)
                                                      2.613     4.970 r  i_platform/i_system_ddr/nolabel_line70/u_xilinx_ddr3_ctrl_axi32_mig/u_memc_ui_top_axi/mem_intfc0/ddr_phy_top0/u_ddr_mc_phy_wrapper/u_ddr_mc_phy/ddr_phy_4lanes_0.u_ddr_phy_4lanes/ddr_byte_lane_B.ddr_byte_lane_B/phaser_out/OCLK
    PHASER_OUT_PHY_X1Y5  PHASER_OUT_PHY (Prop_phaser_out_phy_OCLK_OCLKDIV)
                                                      0.157     5.127 r  i_platform/i_system_ddr/nolabel_line70/u_xilinx_ddr3_ctrl_axi32_mig/u_memc_ui_top_axi/mem_intfc0/ddr_phy_top0/u_ddr_mc_phy_wrapper/u_ddr_mc_phy/ddr_phy_4lanes_0.u_ddr_phy_4lanes/ddr_byte_lane_B.ddr_byte_lane_B/phaser_out/OCLKDIV
                         net (fo=13, routed)          0.000     5.127    i_platform/i_system_ddr/nolabel_line70/u_xilinx_ddr3_ctrl_axi32_mig/u_memc_ui_top_axi/mem_intfc0/ddr_phy_top0/u_ddr_mc_phy_wrapper/u_ddr_mc_phy/ddr_phy_4lanes_0.u_ddr_phy_4lanes/ddr_byte_lane_B.ddr_byte_lane_B/oserdes_clkdiv
    OUT_FIFO_X1Y5        OUT_FIFO                                     r  i_platform/i_system_ddr/nolabel_line70/u_xilinx_ddr3_ctrl_axi32_mig/u_memc_ui_top_axi/mem_intfc0/ddr_phy_top0/u_ddr_mc_phy_wrapper/u_ddr_mc_phy/ddr_phy_4lanes_0.u_ddr_phy_4lanes/ddr_byte_lane_B.ddr_byte_lane_B/out_fifo/RDCLK
  -------------------------------------------------------------------    -------------------
    OUT_FIFO_X1Y5        OUT_FIFO (Prop_out_fifo_RDCLK_Q5[4])
                                                      0.674     5.801 r  i_platform/i_system_ddr/nolabel_line70/u_xilinx_ddr3_ctrl_axi32_mig/u_memc_ui_top_axi/mem_intfc0/ddr_phy_top0/u_ddr_mc_phy_wrapper/u_ddr_mc_phy/ddr_phy_4lanes_0.u_ddr_phy_4lanes/ddr_byte_lane_B.ddr_byte_lane_B/out_fifo/Q5[4]
                         net (fo=1, routed)           0.468     6.270    i_platform/i_system_ddr/nolabel_line70/u_xilinx_ddr3_ctrl_axi32_mig/u_memc_ui_top_axi/mem_intfc0/ddr_phy_top0/u_ddr_mc_phy_wrapper/u_ddr_mc_phy/ddr_phy_4lanes_0.u_ddr_phy_4lanes/ddr_byte_lane_B.ddr_byte_lane_B/ddr_byte_group_io/oserdes_dq[40]
    OLOGIC_X1Y69         OSERDESE2                                    r  i_platform/i_system_ddr/nolabel_line70/u_xilinx_ddr3_ctrl_axi32_mig/u_memc_ui_top_axi/mem_intfc0/ddr_phy_top0/u_ddr_mc_phy_wrapper/u_ddr_mc_phy/ddr_phy_4lanes_0.u_ddr_phy_4lanes/ddr_byte_lane_B.ddr_byte_lane_B/ddr_byte_group_io/output_[10].oserdes_dq_.sdr.oserdes_dq_i/D1
  -------------------------------------------------------------------    -------------------

                         (clock oserdes_clkdiv_1 rise edge)
                                                      6.667     6.667 r  <hidden>
    BUFGCTRL_X0Y16       BUFG                         0.000     6.667 r  external_clk_0_IBUF_BUFG_inst/O
                         net (fo=12425, routed)       1.683     8.350    i_platform/i_pll0/i_xilinx_clock_pll_0/inst/clk_in1
    MMCME2_ADV_X0Y0      MMCME2_ADV (Prop_mmcme2_adv_CLKIN1_CLKOUT2)
                                                     -3.694     4.656 r  i_platform/i_pll0/i_xilinx_clock_pll_0/inst/mmcm_adv_inst/CLKOUT2
                         net (fo=1, routed)           1.923     6.579    i_platform/i_pll0/i_xilinx_clock_pll_0/inst/clk_150000000_xilinx_clock_pll_0
    BUFGCTRL_X0Y2        BUFG (Prop_bufg_I_O)         0.091     6.670 r  i_platform/i_pll0/i_xilinx_clock_pll_0/inst/clkout3_buf/O
                         net (fo=1, routed)           1.541     8.211    i_platform/i_system_ddr/nolabel_line70/u_xilinx_ddr3_ctrl_axi32_mig/u_ddr3_infrastructure/mmcm_clk
    PLLE2_ADV_X1Y1       PLLE2_ADV (Prop_plle2_adv_CLKIN1_CLKOUT1)
                                                      0.083     8.294 r  i_platform/i_system_ddr/nolabel_line70/u_xilinx_ddr3_ctrl_axi32_mig/u_ddr3_infrastructure/plle2_i/CLKOUT1
                         net (fo=7, routed)           0.572     8.866    i_platform/i_system_ddr/nolabel_line70/u_xilinx_ddr3_ctrl_axi32_mig/u_memc_ui_top_axi/mem_intfc0/ddr_phy_top0/u_ddr_mc_phy_wrapper/u_ddr_mc_phy/ddr_phy_4lanes_0.u_ddr_phy_4lanes/ddr_byte_lane_B.ddr_byte_lane_B/mem_refclk
    PHASER_OUT_PHY_X1Y5  PHASER_OUT_PHY (Prop_phaser_out_phy_MEMREFCLK_OCLK)
                                                      2.547    11.413 r  i_platform/i_system_ddr/nolabel_line70/u_xilinx_ddr3_ctrl_axi32_mig/u_memc_ui_top_axi/mem_intfc0/ddr_phy_top0/u_ddr_mc_phy_wrapper/u_ddr_mc_phy/ddr_phy_4lanes_0.u_ddr_phy_4lanes/ddr_byte_lane_B.ddr_byte_lane_B/phaser_out/OCLK
    PHASER_OUT_PHY_X1Y5  PHASER_OUT_PHY (Prop_phaser_out_phy_OCLK_OCLKDIV)
                                                      0.148    11.561 r  i_platform/i_system_ddr/nolabel_line70/u_xilinx_ddr3_ctrl_axi32_mig/u_memc_ui_top_axi/mem_intfc0/ddr_phy_top0/u_ddr_mc_phy_wrapper/u_ddr_mc_phy/ddr_phy_4lanes_0.u_ddr_phy_4lanes/ddr_byte_lane_B.ddr_byte_lane_B/phaser_out/OCLKDIV
                         net (fo=13, routed)          0.396    11.957    i_platform/i_system_ddr/nolabel_line70/u_xilinx_ddr3_ctrl_axi32_mig/u_memc_ui_top_axi/mem_intfc0/ddr_phy_top0/u_ddr_mc_phy_wrapper/u_ddr_mc_phy/ddr_phy_4lanes_0.u_ddr_phy_4lanes/ddr_byte_lane_B.ddr_byte_lane_B/ddr_byte_group_io/oserdes_clkdiv
    OLOGIC_X1Y69         OSERDESE2                                    r  i_platform/i_system_ddr/nolabel_line70/u_xilinx_ddr3_ctrl_axi32_mig/u_memc_ui_top_axi/mem_intfc0/ddr_phy_top0/u_ddr_mc_phy_wrapper/u_ddr_mc_phy/ddr_phy_4lanes_0.u_ddr_phy_4lanes/ddr_byte_lane_B.ddr_byte_lane_B/ddr_byte_group_io/output_[10].oserdes_dq_.sdr.oserdes_dq_i/CLKDIV
                         clock pessimism              0.233    12.190    <hidden>
                         clock uncertainty           -0.058    12.132    <hidden>
    OLOGIC_X1Y69         OSERDESE2 (Setup_oserdese2_CLKDIV_D1)
                                                     -0.625    11.507    i_platform/i_system_ddr/nolabel_line70/u_xilinx_ddr3_ctrl_axi32_mig/u_memc_ui_top_axi/mem_intfc0/ddr_phy_top0/u_ddr_mc_phy_wrapper/u_ddr_mc_phy/ddr_phy_4lanes_0.u_ddr_phy_4lanes/ddr_byte_lane_B.ddr_byte_lane_B/ddr_byte_group_io/output_[10].oserdes_dq_.sdr.oserdes_dq_i
  -------------------------------------------------------------------
                         required time                         11.507    <hidden>
                         arrival time                          -6.270    <hidden>
  -------------------------------------------------------------------
                         slack                                  5.238    <hidden>





Min Delay Paths
--------------------------------------------------------------------------------------
Slack (MET) :             0.094ns  (arrival time - required time)
  Source:                 i_platform/i_system_ddr/nolabel_line70/u_xilinx_ddr3_ctrl_axi32_mig/u_memc_ui_top_axi/mem_intfc0/ddr_phy_top0/u_ddr_mc_phy_wrapper/u_ddr_mc_phy/ddr_phy_4lanes_0.u_ddr_phy_4lanes/ddr_byte_lane_B.ddr_byte_lane_B/out_fifo/RDCLK
                            (rising edge-triggered cell OUT_FIFO clocked by oserdes_clkdiv_1  {rise@0.000ns fall@3.333ns period=6.667ns})
  Destination:            i_platform/i_system_ddr/nolabel_line70/u_xilinx_ddr3_ctrl_axi32_mig/u_memc_ui_top_axi/mem_intfc0/ddr_phy_top0/u_ddr_mc_phy_wrapper/u_ddr_mc_phy/ddr_phy_4lanes_0.u_ddr_phy_4lanes/ddr_byte_lane_B.ddr_byte_lane_B/ddr_byte_group_io/output_[2].oserdes_dq_.sdr.oserdes_dq_i/D2
                            (rising edge-triggered cell OSERDESE2 clocked by oserdes_clkdiv_1  {rise@0.000ns fall@3.333ns period=6.667ns})
  Path Group:             oserdes_clkdiv_1
  Path Type:              Hold (Min at Fast Process Corner)
  Requirement:            0.000ns  (oserdes_clkdiv_1 rise@0.000ns - oserdes_clkdiv_1 rise@0.000ns)
  Data Path Delay:        0.288ns  (logic 0.138ns (47.866%)  route 0.150ns (52.134%))
  Logic Levels:           0  
  Clock Path Skew:        0.175ns (DCD - SCD - CPR)
    Destination Clock Delay (DCD):    3.670ns
    Source Clock Delay      (SCD):    3.148ns
    Clock Pessimism Removal (CPR):    0.347ns

    Location             Delay type                Incr(ns)  Path(ns)    Netlist Resource(s)
  -------------------------------------------------------------------    -------------------
                         (clock oserdes_clkdiv_1 rise edge)
                                                      0.000     0.000 r  <hidden>
    BUFGCTRL_X0Y16       BUFG                         0.000     0.000 r  external_clk_0_IBUF_BUFG_inst/O
                         net (fo=12425, routed)       0.624     0.624    i_platform/i_pll0/i_xilinx_clock_pll_0/inst/clk_in1
    MMCME2_ADV_X0Y0      MMCME2_ADV (Prop_mmcme2_adv_CLKIN1_CLKOUT2)
                                                     -1.296    -0.672 r  i_platform/i_pll0/i_xilinx_clock_pll_0/inst/mmcm_adv_inst/CLKOUT2
                         net (fo=1, routed)           0.648    -0.024    i_platform/i_pll0/i_xilinx_clock_pll_0/inst/clk_150000000_xilinx_clock_pll_0
    BUFGCTRL_X0Y2        BUFG (Prop_bufg_I_O)         0.026     0.002 r  i_platform/i_pll0/i_xilinx_clock_pll_0/inst/clkout3_buf/O
                         net (fo=1, routed)           0.564     0.566    i_platform/i_system_ddr/nolabel_line70/u_xilinx_ddr3_ctrl_axi32_mig/u_ddr3_infrastructure/mmcm_clk
    PLLE2_ADV_X1Y1       PLLE2_ADV (Prop_plle2_adv_CLKIN1_CLKOUT1)
                                                      0.050     0.616 r  i_platform/i_system_ddr/nolabel_line70/u_xilinx_ddr3_ctrl_axi32_mig/u_ddr3_infrastructure/plle2_i/CLKOUT1
                         net (fo=7, routed)           0.190     0.806    i_platform/i_system_ddr/nolabel_line70/u_xilinx_ddr3_ctrl_axi32_mig/u_memc_ui_top_axi/mem_intfc0/ddr_phy_top0/u_ddr_mc_phy_wrapper/u_ddr_mc_phy/ddr_phy_4lanes_0.u_ddr_phy_4lanes/ddr_byte_lane_B.ddr_byte_lane_B/mem_refclk
    PHASER_OUT_PHY_X1Y5  PHASER_OUT_PHY (Prop_phaser_out_phy_MEMREFCLK_OCLK)
                                                      2.259     3.065 r  i_platform/i_system_ddr/nolabel_line70/u_xilinx_ddr3_ctrl_axi32_mig/u_memc_ui_top_axi/mem_intfc0/ddr_phy_top0/u_ddr_mc_phy_wrapper/u_ddr_mc_phy/ddr_phy_4lanes_0.u_ddr_phy_4lanes/ddr_byte_lane_B.ddr_byte_lane_B/phaser_out/OCLK
    PHASER_OUT_PHY_X1Y5  PHASER_OUT_PHY (Prop_phaser_out_phy_OCLK_OCLKDIV)
                                                      0.083     3.148 r  i_platform/i_system_ddr/nolabel_line70/u_xilinx_ddr3_ctrl_axi32_mig/u_memc_ui_top_axi/mem_intfc0/ddr_phy_top0/u_ddr_mc_phy_wrapper/u_ddr_mc_phy/ddr_phy_4lanes_0.u_ddr_phy_4lanes/ddr_byte_lane_B.ddr_byte_lane_B/phaser_out/OCLKDIV
                         net (fo=13, routed)          0.000     3.148    i_platform/i_system_ddr/nolabel_line70/u_xilinx_ddr3_ctrl_axi32_mig/u_memc_ui_top_axi/mem_intfc0/ddr_phy_top0/u_ddr_mc_phy_wrapper/u_ddr_mc_phy/ddr_phy_4lanes_0.u_ddr_phy_4lanes/ddr_byte_lane_B.ddr_byte_lane_B/oserdes_clkdiv
    OUT_FIFO_X1Y5        OUT_FIFO                                     r  i_platform/i_system_ddr/nolabel_line70/u_xilinx_ddr3_ctrl_axi32_mig/u_memc_ui_top_axi/mem_intfc0/ddr_phy_top0/u_ddr_mc_phy_wrapper/u_ddr_mc_phy/ddr_phy_4lanes_0.u_ddr_phy_4lanes/ddr_byte_lane_B.ddr_byte_lane_B/out_fifo/RDCLK
  -------------------------------------------------------------------    -------------------
    OUT_FIFO_X1Y5        OUT_FIFO (Prop_out_fifo_RDCLK_Q2[1])
                                                      0.138     3.286 r  i_platform/i_system_ddr/nolabel_line70/u_xilinx_ddr3_ctrl_axi32_mig/u_memc_ui_top_axi/mem_intfc0/ddr_phy_top0/u_ddr_mc_phy_wrapper/u_ddr_mc_phy/ddr_phy_4lanes_0.u_ddr_phy_4lanes/ddr_byte_lane_B.ddr_byte_lane_B/out_fifo/Q2[1]
                         net (fo=1, routed)           0.150     3.436    i_platform/i_system_ddr/nolabel_line70/u_xilinx_ddr3_ctrl_axi32_mig/u_memc_ui_top_axi/mem_intfc0/ddr_phy_top0/u_ddr_mc_phy_wrapper/u_ddr_mc_phy/ddr_phy_4lanes_0.u_ddr_phy_4lanes/ddr_byte_lane_B.ddr_byte_lane_B/ddr_byte_group_io/oserdes_dq[9]
    OLOGIC_X1Y65         OSERDESE2                                    r  i_platform/i_system_ddr/nolabel_line70/u_xilinx_ddr3_ctrl_axi32_mig/u_memc_ui_top_axi/mem_intfc0/ddr_phy_top0/u_ddr_mc_phy_wrapper/u_ddr_mc_phy/ddr_phy_4lanes_0.u_ddr_phy_4lanes/ddr_byte_lane_B.ddr_byte_lane_B/ddr_byte_group_io/output_[2].oserdes_dq_.sdr.oserdes_dq_i/D2
  -------------------------------------------------------------------    -------------------

                         (clock oserdes_clkdiv_1 rise edge)
                                                      0.000     0.000 r  <hidden>
    BUFGCTRL_X0Y16       BUFG                         0.000     0.000 r  external_clk_0_IBUF_BUFG_inst/O
                         net (fo=12425, routed)       0.898     0.898    i_platform/i_pll0/i_xilinx_clock_pll_0/inst/clk_in1
    MMCME2_ADV_X0Y0      MMCME2_ADV (Prop_mmcme2_adv_CLKIN1_CLKOUT2)
                                                     -1.625    -0.727 r  i_platform/i_pll0/i_xilinx_clock_pll_0/inst/mmcm_adv_inst/CLKOUT2
                         net (fo=1, routed)           0.700    -0.027    i_platform/i_pll0/i_xilinx_clock_pll_0/inst/clk_150000000_xilinx_clock_pll_0
    BUFGCTRL_X0Y2        BUFG (Prop_bufg_I_O)         0.029     0.002 r  i_platform/i_pll0/i_xilinx_clock_pll_0/inst/clkout3_buf/O
                         net (fo=1, routed)           0.833     0.835    i_platform/i_system_ddr/nolabel_line70/u_xilinx_ddr3_ctrl_axi32_mig/u_ddr3_infrastructure/mmcm_clk
    PLLE2_ADV_X1Y1       PLLE2_ADV (Prop_plle2_adv_CLKIN1_CLKOUT1)
                                                      0.053     0.888 r  i_platform/i_system_ddr/nolabel_line70/u_xilinx_ddr3_ctrl_axi32_mig/u_ddr3_infrastructure/plle2_i/CLKOUT1
                         net (fo=7, routed)           0.209     1.097    i_platform/i_system_ddr/nolabel_line70/u_xilinx_ddr3_ctrl_axi32_mig/u_memc_ui_top_axi/mem_intfc0/ddr_phy_top0/u_ddr_mc_phy_wrapper/u_ddr_mc_phy/ddr_phy_4lanes_0.u_ddr_phy_4lanes/ddr_byte_lane_B.ddr_byte_lane_B/mem_refclk
    PHASER_OUT_PHY_X1Y5  PHASER_OUT_PHY (Prop_phaser_out_phy_MEMREFCLK_OCLK)
                                                      2.310     3.407 r  i_platform/i_system_ddr/nolabel_line70/u_xilinx_ddr3_ctrl_axi32_mig/u_memc_ui_top_axi/mem_intfc0/ddr_phy_top0/u_ddr_mc_phy_wrapper/u_ddr_mc_phy/ddr_phy_4lanes_0.u_ddr_phy_4lanes/ddr_byte_lane_B.ddr_byte_lane_B/phaser_out/OCLK
    PHASER_OUT_PHY_X1Y5  PHASER_OUT_PHY (Prop_phaser_out_phy_OCLK_OCLKDIV)
                                                      0.088     3.495 r  i_platform/i_system_ddr/nolabel_line70/u_xilinx_ddr3_ctrl_axi32_mig/u_memc_ui_top_axi/mem_intfc0/ddr_phy_top0/u_ddr_mc_phy_wrapper/u_ddr_mc_phy/ddr_phy_4lanes_0.u_ddr_phy_4lanes/ddr_byte_lane_B.ddr_byte_lane_B/phaser_out/OCLKDIV
                         net (fo=13, routed)          0.175     3.670    i_platform/i_system_ddr/nolabel_line70/u_xilinx_ddr3_ctrl_axi32_mig/u_memc_ui_top_axi/mem_intfc0/ddr_phy_top0/u_ddr_mc_phy_wrapper/u_ddr_mc_phy/ddr_phy_4lanes_0.u_ddr_phy_4lanes/ddr_byte_lane_B.ddr_byte_lane_B/ddr_byte_group_io/oserdes_clkdiv
    OLOGIC_X1Y65         OSERDESE2                                    r  i_platform/i_system_ddr/nolabel_line70/u_xilinx_ddr3_ctrl_axi32_mig/u_memc_ui_top_axi/mem_intfc0/ddr_phy_top0/u_ddr_mc_phy_wrapper/u_ddr_mc_phy/ddr_phy_4lanes_0.u_ddr_phy_4lanes/ddr_byte_lane_B.ddr_byte_lane_B/ddr_byte_group_io/output_[2].oserdes_dq_.sdr.oserdes_dq_i/CLKDIV
                         clock pessimism             -0.347     3.323    <hidden>
    OLOGIC_X1Y65         OSERDESE2 (Hold_oserdese2_CLKDIV_D2)
                                                      0.019     3.342    i_platform/i_system_ddr/nolabel_line70/u_xilinx_ddr3_ctrl_axi32_mig/u_memc_ui_top_axi/mem_intfc0/ddr_phy_top0/u_ddr_mc_phy_wrapper/u_ddr_mc_phy/ddr_phy_4lanes_0.u_ddr_phy_4lanes/ddr_byte_lane_B.ddr_byte_lane_B/ddr_byte_group_io/output_[2].oserdes_dq_.sdr.oserdes_dq_i
  -------------------------------------------------------------------
                         required time                         -3.342    <hidden>
                         arrival time                           3.436    <hidden>
  -------------------------------------------------------------------
                         slack                                  0.094    <hidden>





Pulse Width Checks
--------------------------------------------------------------------------------------
Clock Name:         oserdes_clkdiv_1
Waveform(ns):       { 0.000 3.333 }
Period(ns):         6.667
Sources:            { i_platform/i_system_ddr/nolabel_line70/u_xilinx_ddr3_ctrl_axi32_mig/u_memc_ui_top_axi/mem_intfc0/ddr_phy_top0/u_ddr_mc_phy_wrapper/u_ddr_mc_phy/ddr_phy_4lanes_0.u_ddr_phy_4lanes/ddr_byte_lane_B.ddr_byte_lane_B/phaser_out/OCLKDIV }

Check Type        Corner  Lib Pin         Reference Pin  Required(ns)  Actual(ns)  Slack(ns)  Location       Pin
Min Period        n/a     OUT_FIFO/RDCLK  n/a            5.000         6.667       1.667      OUT_FIFO_X1Y5  i_platform/i_system_ddr/nolabel_line70/u_xilinx_ddr3_ctrl_axi32_mig/u_memc_ui_top_axi/mem_intfc0/ddr_phy_top0/u_ddr_mc_phy_wrapper/u_ddr_mc_phy/ddr_phy_4lanes_0.u_ddr_phy_4lanes/ddr_byte_lane_B.ddr_byte_lane_B/out_fifo/RDCLK
Low Pulse Width   Slow    OUT_FIFO/RDCLK  n/a            2.150         3.333       1.183      OUT_FIFO_X1Y5  i_platform/i_system_ddr/nolabel_line70/u_xilinx_ddr3_ctrl_axi32_mig/u_memc_ui_top_axi/mem_intfc0/ddr_phy_top0/u_ddr_mc_phy_wrapper/u_ddr_mc_phy/ddr_phy_4lanes_0.u_ddr_phy_4lanes/ddr_byte_lane_B.ddr_byte_lane_B/out_fifo/RDCLK
High Pulse Width  Slow    OUT_FIFO/RDCLK  n/a            2.150         3.333       1.183      OUT_FIFO_X1Y5  i_platform/i_system_ddr/nolabel_line70/u_xilinx_ddr3_ctrl_axi32_mig/u_memc_ui_top_axi/mem_intfc0/ddr_phy_top0/u_ddr_mc_phy_wrapper/u_ddr_mc_phy/ddr_phy_4lanes_0.u_ddr_phy_4lanes/ddr_byte_lane_B.ddr_byte_lane_B/out_fifo/RDCLK



---------------------------------------------------------------------------------------------------
From Clock:  oserdes_clk_2
  To Clock:  oserdes_clk_2

Setup :            0  Failing Endpoints,  Worst Slack        1.753ns,  Total Violation        0.000ns
Hold  :            0  Failing Endpoints,  Worst Slack        0.413ns,  Total Violation        0.000ns
PW    :            0  Failing Endpoints,  Worst Slack        1.666ns,  Total Violation        0.000ns
---------------------------------------------------------------------------------------------------


Max Delay Paths
--------------------------------------------------------------------------------------
Slack (MET) :             1.753ns  (required time - arrival time)
  Source:                 i_platform/i_system_ddr/nolabel_line70/u_xilinx_ddr3_ctrl_axi32_mig/u_memc_ui_top_axi/mem_intfc0/ddr_phy_top0/u_ddr_mc_phy_wrapper/u_ddr_mc_phy/ddr_phy_4lanes_0.u_ddr_phy_4lanes/ddr_byte_lane_C.ddr_byte_lane_C/phaser_out/OCLKDELAYED
                            (rising edge-triggered cell PHASER_OUT_PHY clocked by oserdes_clk_2  {rise@0.000ns fall@1.667ns period=3.333ns})
  Destination:            i_platform/i_system_ddr/nolabel_line70/u_xilinx_ddr3_ctrl_axi32_mig/u_memc_ui_top_axi/mem_intfc0/ddr_phy_top0/u_ddr_mc_phy_wrapper/u_ddr_mc_phy/ddr_phy_4lanes_0.u_ddr_phy_4lanes/ddr_byte_lane_C.ddr_byte_lane_C/ddr_byte_group_io/dqs_gen.oddr_dqsts/D1
                            (rising edge-triggered cell ODDR clocked by oserdes_clk_2  {rise@0.000ns fall@1.667ns period=3.333ns})
  Path Group:             oserdes_clk_2
  Path Type:              Setup (Max at Slow Process Corner)
  Requirement:            3.333ns  (oserdes_clk_2 rise@3.333ns - oserdes_clk_2 rise@0.000ns)
  Data Path Delay:        1.037ns  (logic 0.562ns (54.177%)  route 0.475ns (45.823%))
  Logic Levels:           0  
  Clock Path Skew:        0.400ns (DCD - SCD + CPR)
    Destination Clock Delay (DCD):    5.954ns = ( 9.288 - 3.333 ) 
    Source Clock Delay      (SCD):    5.828ns
    Clock Pessimism Removal (CPR):    0.274ns
  Clock Uncertainty:      0.058ns  ((TSJ^2 + DJ^2)^1/2) / 2 + PE
    Total System Jitter     (TSJ):    0.071ns
    Discrete Jitter          (DJ):    0.091ns
    Phase Error              (PE):    0.000ns

    Location             Delay type                Incr(ns)  Path(ns)    Netlist Resource(s)
  -------------------------------------------------------------------    -------------------
                         (clock oserdes_clk_2 rise edge)
                                                      0.000     0.000 r  <hidden>
    BUFGCTRL_X0Y16       BUFG                         0.000     0.000 r  external_clk_0_IBUF_BUFG_inst/O
                         net (fo=12425, routed)       1.809     1.809    i_platform/i_pll0/i_xilinx_clock_pll_0/inst/clk_in1
    MMCME2_ADV_X0Y0      MMCME2_ADV (Prop_mmcme2_adv_CLKIN1_CLKOUT2)
                                                     -3.922    -2.112 r  i_platform/i_pll0/i_xilinx_clock_pll_0/inst/mmcm_adv_inst/CLKOUT2
                         net (fo=1, routed)           2.018    -0.094    i_platform/i_pll0/i_xilinx_clock_pll_0/inst/clk_150000000_xilinx_clock_pll_0
    BUFGCTRL_X0Y2        BUFG (Prop_bufg_I_O)         0.096     0.002 r  i_platform/i_pll0/i_xilinx_clock_pll_0/inst/clkout3_buf/O
                         net (fo=1, routed)           1.664     1.666    i_platform/i_system_ddr/nolabel_line70/u_xilinx_ddr3_ctrl_axi32_mig/u_ddr3_infrastructure/mmcm_clk
    PLLE2_ADV_X1Y1       PLLE2_ADV (Prop_plle2_adv_CLKIN1_CLKOUT1)
                                                      0.088     1.754 r  i_platform/i_system_ddr/nolabel_line70/u_xilinx_ddr3_ctrl_axi32_mig/u_ddr3_infrastructure/plle2_i/CLKOUT1
                         net (fo=7, routed)           0.614     2.368    i_platform/i_system_ddr/nolabel_line70/u_xilinx_ddr3_ctrl_axi32_mig/u_memc_ui_top_axi/mem_intfc0/ddr_phy_top0/u_ddr_mc_phy_wrapper/u_ddr_mc_phy/ddr_phy_4lanes_0.u_ddr_phy_4lanes/ddr_byte_lane_C.ddr_byte_lane_C/mem_refclk
    PHASER_OUT_PHY_X1Y6  PHASER_OUT_PHY (Prop_phaser_out_phy_MEMREFCLK_OCLK)
                                                      2.613     4.981 r  i_platform/i_system_ddr/nolabel_line70/u_xilinx_ddr3_ctrl_axi32_mig/u_memc_ui_top_axi/mem_intfc0/ddr_phy_top0/u_ddr_mc_phy_wrapper/u_ddr_mc_phy/ddr_phy_4lanes_0.u_ddr_phy_4lanes/ddr_byte_lane_C.ddr_byte_lane_C/phaser_out/OCLK
    PHASER_OUT_PHY_X1Y6  PHASER_OUT_PHY (Prop_phaser_out_phy_OCLK_OCLKDELAYED)
                                                      0.847     5.828 r  i_platform/i_system_ddr/nolabel_line70/u_xilinx_ddr3_ctrl_axi32_mig/u_memc_ui_top_axi/mem_intfc0/ddr_phy_top0/u_ddr_mc_phy_wrapper/u_ddr_mc_phy/ddr_phy_4lanes_0.u_ddr_phy_4lanes/ddr_byte_lane_C.ddr_byte_lane_C/phaser_out/OCLKDELAYED
  -------------------------------------------------------------------    -------------------
    PHASER_OUT_PHY_X1Y6  PHASER_OUT_PHY (Prop_phaser_out_phy_OCLKDELAYED_CTSBUS[0])
                                                      0.562     6.390 r  i_platform/i_system_ddr/nolabel_line70/u_xilinx_ddr3_ctrl_axi32_mig/u_memc_ui_top_axi/mem_intfc0/ddr_phy_top0/u_ddr_mc_phy_wrapper/u_ddr_mc_phy/ddr_phy_4lanes_0.u_ddr_phy_4lanes/ddr_byte_lane_C.ddr_byte_lane_C/phaser_out/CTSBUS[0]
                         net (fo=2, routed)           0.475     6.865    i_platform/i_system_ddr/nolabel_line70/u_xilinx_ddr3_ctrl_axi32_mig/u_memc_ui_top_axi/mem_intfc0/ddr_phy_top0/u_ddr_mc_phy_wrapper/u_ddr_mc_phy/ddr_phy_4lanes_0.u_ddr_phy_4lanes/ddr_byte_lane_C.ddr_byte_lane_C/ddr_byte_group_io/CTSBUS[0]
    OLOGIC_X1Y82         ODDR                                         r  i_platform/i_system_ddr/nolabel_line70/u_xilinx_ddr3_ctrl_axi32_mig/u_memc_ui_top_axi/mem_intfc0/ddr_phy_top0/u_ddr_mc_phy_wrapper/u_ddr_mc_phy/ddr_phy_4lanes_0.u_ddr_phy_4lanes/ddr_byte_lane_C.ddr_byte_lane_C/ddr_byte_group_io/dqs_gen.oddr_dqsts/D1
  -------------------------------------------------------------------    -------------------

                         (clock oserdes_clk_2 rise edge)
                                                      3.333     3.333 r  <hidden>
    BUFGCTRL_X0Y16       BUFG                         0.000     3.333 r  external_clk_0_IBUF_BUFG_inst/O
                         net (fo=12425, routed)       1.683     5.016    i_platform/i_pll0/i_xilinx_clock_pll_0/inst/clk_in1
    MMCME2_ADV_X0Y0      MMCME2_ADV (Prop_mmcme2_adv_CLKIN1_CLKOUT2)
                                                     -3.694     1.322 r  i_platform/i_pll0/i_xilinx_clock_pll_0/inst/mmcm_adv_inst/CLKOUT2
                         net (fo=1, routed)           1.923     3.245    i_platform/i_pll0/i_xilinx_clock_pll_0/inst/clk_150000000_xilinx_clock_pll_0
    BUFGCTRL_X0Y2        BUFG (Prop_bufg_I_O)         0.091     3.336 r  i_platform/i_pll0/i_xilinx_clock_pll_0/inst/clkout3_buf/O
                         net (fo=1, routed)           1.541     4.878    i_platform/i_system_ddr/nolabel_line70/u_xilinx_ddr3_ctrl_axi32_mig/u_ddr3_infrastructure/mmcm_clk
    PLLE2_ADV_X1Y1       PLLE2_ADV (Prop_plle2_adv_CLKIN1_CLKOUT1)
                                                      0.083     4.961 r  i_platform/i_system_ddr/nolabel_line70/u_xilinx_ddr3_ctrl_axi32_mig/u_ddr3_infrastructure/plle2_i/CLKOUT1
                         net (fo=7, routed)           0.582     5.543    i_platform/i_system_ddr/nolabel_line70/u_xilinx_ddr3_ctrl_axi32_mig/u_memc_ui_top_axi/mem_intfc0/ddr_phy_top0/u_ddr_mc_phy_wrapper/u_ddr_mc_phy/ddr_phy_4lanes_0.u_ddr_phy_4lanes/ddr_byte_lane_C.ddr_byte_lane_C/mem_refclk
    PHASER_OUT_PHY_X1Y6  PHASER_OUT_PHY (Prop_phaser_out_phy_MEMREFCLK_OCLK)
                                                      2.547     8.090 r  i_platform/i_system_ddr/nolabel_line70/u_xilinx_ddr3_ctrl_axi32_mig/u_memc_ui_top_axi/mem_intfc0/ddr_phy_top0/u_ddr_mc_phy_wrapper/u_ddr_mc_phy/ddr_phy_4lanes_0.u_ddr_phy_4lanes/ddr_byte_lane_C.ddr_byte_lane_C/phaser_out/OCLK
    PHASER_OUT_PHY_X1Y6  PHASER_OUT_PHY (Prop_phaser_out_phy_OCLK_OCLKDELAYED)
                                                      0.798     8.888 r  i_platform/i_system_ddr/nolabel_line70/u_xilinx_ddr3_ctrl_axi32_mig/u_memc_ui_top_axi/mem_intfc0/ddr_phy_top0/u_ddr_mc_phy_wrapper/u_ddr_mc_phy/ddr_phy_4lanes_0.u_ddr_phy_4lanes/ddr_byte_lane_C.ddr_byte_lane_C/phaser_out/OCLKDELAYED
                         net (fo=2, routed)           0.400     9.288    i_platform/i_system_ddr/nolabel_line70/u_xilinx_ddr3_ctrl_axi32_mig/u_memc_ui_top_axi/mem_intfc0/ddr_phy_top0/u_ddr_mc_phy_wrapper/u_ddr_mc_phy/ddr_phy_4lanes_0.u_ddr_phy_4lanes/ddr_byte_lane_C.ddr_byte_lane_C/ddr_byte_group_io/oserdes_clk_delayed
    OLOGIC_X1Y82         ODDR                                         r  i_platform/i_system_ddr/nolabel_line70/u_xilinx_ddr3_ctrl_axi32_mig/u_memc_ui_top_axi/mem_intfc0/ddr_phy_top0/u_ddr_mc_phy_wrapper/u_ddr_mc_phy/ddr_phy_4lanes_0.u_ddr_phy_4lanes/ddr_byte_lane_C.ddr_byte_lane_C/ddr_byte_group_io/dqs_gen.oddr_dqsts/C
                         clock pessimism              0.274     9.561    <hidden>
                         clock uncertainty           -0.058     9.504    <hidden>
    OLOGIC_X1Y82         ODDR (Setup_oddr_C_D1)      -0.885     8.619    i_platform/i_system_ddr/nolabel_line70/u_xilinx_ddr3_ctrl_axi32_mig/u_memc_ui_top_axi/mem_intfc0/ddr_phy_top0/u_ddr_mc_phy_wrapper/u_ddr_mc_phy/ddr_phy_4lanes_0.u_ddr_phy_4lanes/ddr_byte_lane_C.ddr_byte_lane_C/ddr_byte_group_io/dqs_gen.oddr_dqsts
  -------------------------------------------------------------------
                         required time                          8.619    <hidden>
                         arrival time                          -6.865    <hidden>
  -------------------------------------------------------------------
                         slack                                  1.753    <hidden>





Min Delay Paths
--------------------------------------------------------------------------------------
Slack (MET) :             0.413ns  (arrival time - required time)
  Source:                 i_platform/i_system_ddr/nolabel_line70/u_xilinx_ddr3_ctrl_axi32_mig/u_memc_ui_top_axi/mem_intfc0/ddr_phy_top0/u_ddr_mc_phy_wrapper/u_ddr_mc_phy/ddr_phy_4lanes_0.u_ddr_phy_4lanes/ddr_byte_lane_C.ddr_byte_lane_C/phaser_out/OCLKDELAYED
                            (rising edge-triggered cell PHASER_OUT_PHY clocked by oserdes_clk_2  {rise@0.000ns fall@1.667ns period=3.333ns})
  Destination:            i_platform/i_system_ddr/nolabel_line70/u_xilinx_ddr3_ctrl_axi32_mig/u_memc_ui_top_axi/mem_intfc0/ddr_phy_top0/u_ddr_mc_phy_wrapper/u_ddr_mc_phy/ddr_phy_4lanes_0.u_ddr_phy_4lanes/ddr_byte_lane_C.ddr_byte_lane_C/ddr_byte_group_io/dqs_gen.oddr_dqs/D2
                            (rising edge-triggered cell ODDR clocked by oserdes_clk_2  {rise@0.000ns fall@1.667ns period=3.333ns})
  Path Group:             oserdes_clk_2
  Path Type:              Hold (Min at Fast Process Corner)
  Requirement:            0.000ns  (oserdes_clk_2 rise@0.000ns - oserdes_clk_2 rise@0.000ns)
  Data Path Delay:        0.496ns  (logic 0.346ns (69.715%)  route 0.150ns (30.285%))
  Logic Levels:           0  
  Clock Path Skew:        0.176ns (DCD - SCD - CPR)
    Destination Clock Delay (DCD):    4.320ns
    Source Clock Delay      (SCD):    3.757ns
    Clock Pessimism Removal (CPR):    0.387ns

    Location             Delay type                Incr(ns)  Path(ns)    Netlist Resource(s)
  -------------------------------------------------------------------    -------------------
                         (clock oserdes_clk_2 rise edge)
                                                      0.000     0.000 r  <hidden>
    BUFGCTRL_X0Y16       BUFG                         0.000     0.000 r  external_clk_0_IBUF_BUFG_inst/O
                         net (fo=12425, routed)       0.624     0.624    i_platform/i_pll0/i_xilinx_clock_pll_0/inst/clk_in1
    MMCME2_ADV_X0Y0      MMCME2_ADV (Prop_mmcme2_adv_CLKIN1_CLKOUT2)
                                                     -1.296    -0.672 r  i_platform/i_pll0/i_xilinx_clock_pll_0/inst/mmcm_adv_inst/CLKOUT2
                         net (fo=1, routed)           0.648    -0.024    i_platform/i_pll0/i_xilinx_clock_pll_0/inst/clk_150000000_xilinx_clock_pll_0
    BUFGCTRL_X0Y2        BUFG (Prop_bufg_I_O)         0.026     0.002 r  i_platform/i_pll0/i_xilinx_clock_pll_0/inst/clkout3_buf/O
                         net (fo=1, routed)           0.564     0.566    i_platform/i_system_ddr/nolabel_line70/u_xilinx_ddr3_ctrl_axi32_mig/u_ddr3_infrastructure/mmcm_clk
    PLLE2_ADV_X1Y1       PLLE2_ADV (Prop_plle2_adv_CLKIN1_CLKOUT1)
                                                      0.050     0.616 r  i_platform/i_system_ddr/nolabel_line70/u_xilinx_ddr3_ctrl_axi32_mig/u_ddr3_infrastructure/plle2_i/CLKOUT1
                         net (fo=7, routed)           0.197     0.813    i_platform/i_system_ddr/nolabel_line70/u_xilinx_ddr3_ctrl_axi32_mig/u_memc_ui_top_axi/mem_intfc0/ddr_phy_top0/u_ddr_mc_phy_wrapper/u_ddr_mc_phy/ddr_phy_4lanes_0.u_ddr_phy_4lanes/ddr_byte_lane_C.ddr_byte_lane_C/mem_refclk
    PHASER_OUT_PHY_X1Y6  PHASER_OUT_PHY (Prop_phaser_out_phy_MEMREFCLK_OCLK)
                                                      2.259     3.072 r  i_platform/i_system_ddr/nolabel_line70/u_xilinx_ddr3_ctrl_axi32_mig/u_memc_ui_top_axi/mem_intfc0/ddr_phy_top0/u_ddr_mc_phy_wrapper/u_ddr_mc_phy/ddr_phy_4lanes_0.u_ddr_phy_4lanes/ddr_byte_lane_C.ddr_byte_lane_C/phaser_out/OCLK
    PHASER_OUT_PHY_X1Y6  PHASER_OUT_PHY (Prop_phaser_out_phy_OCLK_OCLKDELAYED)
                                                      0.685     3.757 r  i_platform/i_system_ddr/nolabel_line70/u_xilinx_ddr3_ctrl_axi32_mig/u_memc_ui_top_axi/mem_intfc0/ddr_phy_top0/u_ddr_mc_phy_wrapper/u_ddr_mc_phy/ddr_phy_4lanes_0.u_ddr_phy_4lanes/ddr_byte_lane_C.ddr_byte_lane_C/phaser_out/OCLKDELAYED
  -------------------------------------------------------------------    -------------------
    PHASER_OUT_PHY_X1Y6  PHASER_OUT_PHY (Prop_phaser_out_phy_OCLKDELAYED_DQSBUS[1])
                                                      0.346     4.103 r  i_platform/i_system_ddr/nolabel_line70/u_xilinx_ddr3_ctrl_axi32_mig/u_memc_ui_top_axi/mem_intfc0/ddr_phy_top0/u_ddr_mc_phy_wrapper/u_ddr_mc_phy/ddr_phy_4lanes_0.u_ddr_phy_4lanes/ddr_byte_lane_C.ddr_byte_lane_C/phaser_out/DQSBUS[1]
                         net (fo=1, routed)           0.150     4.253    i_platform/i_system_ddr/nolabel_line70/u_xilinx_ddr3_ctrl_axi32_mig/u_memc_ui_top_axi/mem_intfc0/ddr_phy_top0/u_ddr_mc_phy_wrapper/u_ddr_mc_phy/ddr_phy_4lanes_0.u_ddr_phy_4lanes/ddr_byte_lane_C.ddr_byte_lane_C/ddr_byte_group_io/DQSBUS[1]
    OLOGIC_X1Y82         ODDR                                         r  i_platform/i_system_ddr/nolabel_line70/u_xilinx_ddr3_ctrl_axi32_mig/u_memc_ui_top_axi/mem_intfc0/ddr_phy_top0/u_ddr_mc_phy_wrapper/u_ddr_mc_phy/ddr_phy_4lanes_0.u_ddr_phy_4lanes/ddr_byte_lane_C.ddr_byte_lane_C/ddr_byte_group_io/dqs_gen.oddr_dqs/D2
  -------------------------------------------------------------------    -------------------

                         (clock oserdes_clk_2 rise edge)
                                                      0.000     0.000 r  <hidden>
    BUFGCTRL_X0Y16       BUFG                         0.000     0.000 r  external_clk_0_IBUF_BUFG_inst/O
                         net (fo=12425, routed)       0.898     0.898    i_platform/i_pll0/i_xilinx_clock_pll_0/inst/clk_in1
    MMCME2_ADV_X0Y0      MMCME2_ADV (Prop_mmcme2_adv_CLKIN1_CLKOUT2)
                                                     -1.625    -0.727 r  i_platform/i_pll0/i_xilinx_clock_pll_0/inst/mmcm_adv_inst/CLKOUT2
                         net (fo=1, routed)           0.700    -0.027    i_platform/i_pll0/i_xilinx_clock_pll_0/inst/clk_150000000_xilinx_clock_pll_0
    BUFGCTRL_X0Y2        BUFG (Prop_bufg_I_O)         0.029     0.002 r  i_platform/i_pll0/i_xilinx_clock_pll_0/inst/clkout3_buf/O
                         net (fo=1, routed)           0.833     0.835    i_platform/i_system_ddr/nolabel_line70/u_xilinx_ddr3_ctrl_axi32_mig/u_ddr3_infrastructure/mmcm_clk
    PLLE2_ADV_X1Y1       PLLE2_ADV (Prop_plle2_adv_CLKIN1_CLKOUT1)
                                                      0.053     0.888 r  i_platform/i_system_ddr/nolabel_line70/u_xilinx_ddr3_ctrl_axi32_mig/u_ddr3_infrastructure/plle2_i/CLKOUT1
                         net (fo=7, routed)           0.218     1.106    i_platform/i_system_ddr/nolabel_line70/u_xilinx_ddr3_ctrl_axi32_mig/u_memc_ui_top_axi/mem_intfc0/ddr_phy_top0/u_ddr_mc_phy_wrapper/u_ddr_mc_phy/ddr_phy_4lanes_0.u_ddr_phy_4lanes/ddr_byte_lane_C.ddr_byte_lane_C/mem_refclk
    PHASER_OUT_PHY_X1Y6  PHASER_OUT_PHY (Prop_phaser_out_phy_MEMREFCLK_OCLK)
                                                      2.310     3.416 r  i_platform/i_system_ddr/nolabel_line70/u_xilinx_ddr3_ctrl_axi32_mig/u_memc_ui_top_axi/mem_intfc0/ddr_phy_top0/u_ddr_mc_phy_wrapper/u_ddr_mc_phy/ddr_phy_4lanes_0.u_ddr_phy_4lanes/ddr_byte_lane_C.ddr_byte_lane_C/phaser_out/OCLK
    PHASER_OUT_PHY_X1Y6  PHASER_OUT_PHY (Prop_phaser_out_phy_OCLK_OCLKDELAYED)
                                                      0.728     4.144 r  i_platform/i_system_ddr/nolabel_line70/u_xilinx_ddr3_ctrl_axi32_mig/u_memc_ui_top_axi/mem_intfc0/ddr_phy_top0/u_ddr_mc_phy_wrapper/u_ddr_mc_phy/ddr_phy_4lanes_0.u_ddr_phy_4lanes/ddr_byte_lane_C.ddr_byte_lane_C/phaser_out/OCLKDELAYED
                         net (fo=2, routed)           0.176     4.320    i_platform/i_system_ddr/nolabel_line70/u_xilinx_ddr3_ctrl_axi32_mig/u_memc_ui_top_axi/mem_intfc0/ddr_phy_top0/u_ddr_mc_phy_wrapper/u_ddr_mc_phy/ddr_phy_4lanes_0.u_ddr_phy_4lanes/ddr_byte_lane_C.ddr_byte_lane_C/ddr_byte_group_io/oserdes_clk_delayed
    OLOGIC_X1Y82         ODDR                                         r  i_platform/i_system_ddr/nolabel_line70/u_xilinx_ddr3_ctrl_axi32_mig/u_memc_ui_top_axi/mem_intfc0/ddr_phy_top0/u_ddr_mc_phy_wrapper/u_ddr_mc_phy/ddr_phy_4lanes_0.u_ddr_phy_4lanes/ddr_byte_lane_C.ddr_byte_lane_C/ddr_byte_group_io/dqs_gen.oddr_dqs/C
                         clock pessimism             -0.387     3.933    <hidden>
    OLOGIC_X1Y82         ODDR (Hold_oddr_C_D2)       -0.093     3.840    i_platform/i_system_ddr/nolabel_line70/u_xilinx_ddr3_ctrl_axi32_mig/u_memc_ui_top_axi/mem_intfc0/ddr_phy_top0/u_ddr_mc_phy_wrapper/u_ddr_mc_phy/ddr_phy_4lanes_0.u_ddr_phy_4lanes/ddr_byte_lane_C.ddr_byte_lane_C/ddr_byte_group_io/dqs_gen.oddr_dqs
  -------------------------------------------------------------------
                         required time                         -3.840    <hidden>
                         arrival time                           4.253    <hidden>
  -------------------------------------------------------------------
                         slack                                  0.413    <hidden>





Pulse Width Checks
--------------------------------------------------------------------------------------
Clock Name:         oserdes_clk_2
Waveform(ns):       { 0.000 1.667 }
Period(ns):         3.333
Sources:            { i_platform/i_system_ddr/nolabel_line70/u_xilinx_ddr3_ctrl_axi32_mig/u_memc_ui_top_axi/mem_intfc0/ddr_phy_top0/u_ddr_mc_phy_wrapper/u_ddr_mc_phy/ddr_phy_4lanes_0.u_ddr_phy_4lanes/ddr_byte_lane_C.ddr_byte_lane_C/phaser_out/OCLK }

Check Type  Corner  Lib Pin        Reference Pin  Required(ns)  Actual(ns)  Slack(ns)  Location      Pin
Min Period  n/a     OSERDESE2/CLK  n/a            1.667         3.333       1.666      OLOGIC_X1Y76  i_platform/i_system_ddr/nolabel_line70/u_xilinx_ddr3_ctrl_axi32_mig/u_memc_ui_top_axi/mem_intfc0/ddr_phy_top0/u_ddr_mc_phy_wrapper/u_ddr_mc_phy/ddr_phy_4lanes_0.u_ddr_phy_4lanes/ddr_byte_lane_C.ddr_byte_lane_C/ddr_byte_group_io/output_[1].oserdes_dq_.ddr.oserdes_dq_i/CLK



---------------------------------------------------------------------------------------------------
From Clock:  oserdes_clkdiv_2
  To Clock:  oserdes_clkdiv_2

Setup :            0  Failing Endpoints,  Worst Slack        5.245ns,  Total Violation        0.000ns
Hold  :            0  Failing Endpoints,  Worst Slack        0.092ns,  Total Violation        0.000ns
PW    :            0  Failing Endpoints,  Worst Slack        1.183ns,  Total Violation        0.000ns
---------------------------------------------------------------------------------------------------


Max Delay Paths
--------------------------------------------------------------------------------------
Slack (MET) :             5.245ns  (required time - arrival time)
  Source:                 i_platform/i_system_ddr/nolabel_line70/u_xilinx_ddr3_ctrl_axi32_mig/u_memc_ui_top_axi/mem_intfc0/ddr_phy_top0/u_ddr_mc_phy_wrapper/u_ddr_mc_phy/ddr_phy_4lanes_0.u_ddr_phy_4lanes/ddr_byte_lane_C.ddr_byte_lane_C/out_fifo/RDCLK
                            (rising edge-triggered cell OUT_FIFO clocked by oserdes_clkdiv_2  {rise@0.000ns fall@3.333ns period=6.667ns})
  Destination:            i_platform/i_system_ddr/nolabel_line70/u_xilinx_ddr3_ctrl_axi32_mig/u_memc_ui_top_axi/mem_intfc0/ddr_phy_top0/u_ddr_mc_phy_wrapper/u_ddr_mc_phy/ddr_phy_4lanes_0.u_ddr_phy_4lanes/ddr_byte_lane_C.ddr_byte_lane_C/ddr_byte_group_io/output_[6].oserdes_dq_.ddr.oserdes_dq_i/D1
                            (rising edge-triggered cell OSERDESE2 clocked by oserdes_clkdiv_2  {rise@0.000ns fall@3.333ns period=6.667ns})
  Path Group:             oserdes_clkdiv_2
  Path Type:              Setup (Max at Slow Process Corner)
  Requirement:            6.667ns  (oserdes_clkdiv_2 rise@6.667ns - oserdes_clkdiv_2 rise@0.000ns)
  Data Path Delay:        1.142ns  (logic 0.674ns (59.004%)  route 0.468ns (40.997%))
  Logic Levels:           0  
  Clock Path Skew:        0.403ns (DCD - SCD + CPR)
    Destination Clock Delay (DCD):    5.307ns = ( 11.974 - 6.667 ) 
    Source Clock Delay      (SCD):    5.138ns
    Clock Pessimism Removal (CPR):    0.234ns
  Clock Uncertainty:      0.058ns  ((TSJ^2 + DJ^2)^1/2) / 2 + PE
    Total System Jitter     (TSJ):    0.071ns
    Discrete Jitter          (DJ):    0.091ns
    Phase Error              (PE):    0.000ns

    Location             Delay type                Incr(ns)  Path(ns)    Netlist Resource(s)
  -------------------------------------------------------------------    -------------------
                         (clock oserdes_clkdiv_2 rise edge)
                                                      0.000     0.000 r  <hidden>
    BUFGCTRL_X0Y16       BUFG                         0.000     0.000 r  external_clk_0_IBUF_BUFG_inst/O
                         net (fo=12425, routed)       1.809     1.809    i_platform/i_pll0/i_xilinx_clock_pll_0/inst/clk_in1
    MMCME2_ADV_X0Y0      MMCME2_ADV (Prop_mmcme2_adv_CLKIN1_CLKOUT2)
                                                     -3.922    -2.112 r  i_platform/i_pll0/i_xilinx_clock_pll_0/inst/mmcm_adv_inst/CLKOUT2
                         net (fo=1, routed)           2.018    -0.094    i_platform/i_pll0/i_xilinx_clock_pll_0/inst/clk_150000000_xilinx_clock_pll_0
    BUFGCTRL_X0Y2        BUFG (Prop_bufg_I_O)         0.096     0.002 r  i_platform/i_pll0/i_xilinx_clock_pll_0/inst/clkout3_buf/O
                         net (fo=1, routed)           1.664     1.666    i_platform/i_system_ddr/nolabel_line70/u_xilinx_ddr3_ctrl_axi32_mig/u_ddr3_infrastructure/mmcm_clk
    PLLE2_ADV_X1Y1       PLLE2_ADV (Prop_plle2_adv_CLKIN1_CLKOUT1)
                                                      0.088     1.754 r  i_platform/i_system_ddr/nolabel_line70/u_xilinx_ddr3_ctrl_axi32_mig/u_ddr3_infrastructure/plle2_i/CLKOUT1
                         net (fo=7, routed)           0.614     2.368    i_platform/i_system_ddr/nolabel_line70/u_xilinx_ddr3_ctrl_axi32_mig/u_memc_ui_top_axi/mem_intfc0/ddr_phy_top0/u_ddr_mc_phy_wrapper/u_ddr_mc_phy/ddr_phy_4lanes_0.u_ddr_phy_4lanes/ddr_byte_lane_C.ddr_byte_lane_C/mem_refclk
    PHASER_OUT_PHY_X1Y6  PHASER_OUT_PHY (Prop_phaser_out_phy_MEMREFCLK_OCLK)
                                                      2.613     4.981 r  i_platform/i_system_ddr/nolabel_line70/u_xilinx_ddr3_ctrl_axi32_mig/u_memc_ui_top_axi/mem_intfc0/ddr_phy_top0/u_ddr_mc_phy_wrapper/u_ddr_mc_phy/ddr_phy_4lanes_0.u_ddr_phy_4lanes/ddr_byte_lane_C.ddr_byte_lane_C/phaser_out/OCLK
    PHASER_OUT_PHY_X1Y6  PHASER_OUT_PHY (Prop_phaser_out_phy_OCLK_OCLKDIV)
                                                      0.157     5.138 r  i_platform/i_system_ddr/nolabel_line70/u_xilinx_ddr3_ctrl_axi32_mig/u_memc_ui_top_axi/mem_intfc0/ddr_phy_top0/u_ddr_mc_phy_wrapper/u_ddr_mc_phy/ddr_phy_4lanes_0.u_ddr_phy_4lanes/ddr_byte_lane_C.ddr_byte_lane_C/phaser_out/OCLKDIV
                         net (fo=11, routed)          0.000     5.138    i_platform/i_system_ddr/nolabel_line70/u_xilinx_ddr3_ctrl_axi32_mig/u_memc_ui_top_axi/mem_intfc0/ddr_phy_top0/u_ddr_mc_phy_wrapper/u_ddr_mc_phy/ddr_phy_4lanes_0.u_ddr_phy_4lanes/ddr_byte_lane_C.ddr_byte_lane_C/oserdes_clkdiv
    OUT_FIFO_X1Y6        OUT_FIFO                                     r  i_platform/i_system_ddr/nolabel_line70/u_xilinx_ddr3_ctrl_axi32_mig/u_memc_ui_top_axi/mem_intfc0/ddr_phy_top0/u_ddr_mc_phy_wrapper/u_ddr_mc_phy/ddr_phy_4lanes_0.u_ddr_phy_4lanes/ddr_byte_lane_C.ddr_byte_lane_C/out_fifo/RDCLK
  -------------------------------------------------------------------    -------------------
    OUT_FIFO_X1Y6        OUT_FIFO (Prop_out_fifo_RDCLK_Q6[0])
                                                      0.674     5.812 r  i_platform/i_system_ddr/nolabel_line70/u_xilinx_ddr3_ctrl_axi32_mig/u_memc_ui_top_axi/mem_intfc0/ddr_phy_top0/u_ddr_mc_phy_wrapper/u_ddr_mc_phy/ddr_phy_4lanes_0.u_ddr_phy_4lanes/ddr_byte_lane_C.ddr_byte_lane_C/out_fifo/Q6[0]
                         net (fo=1, routed)           0.468     6.281    i_platform/i_system_ddr/nolabel_line70/u_xilinx_ddr3_ctrl_axi32_mig/u_memc_ui_top_axi/mem_intfc0/ddr_phy_top0/u_ddr_mc_phy_wrapper/u_ddr_mc_phy/ddr_phy_4lanes_0.u_ddr_phy_4lanes/ddr_byte_lane_C.ddr_byte_lane_C/ddr_byte_group_io/of_dqbus[20]
    OLOGIC_X1Y83         OSERDESE2                                    r  i_platform/i_system_ddr/nolabel_line70/u_xilinx_ddr3_ctrl_axi32_mig/u_memc_ui_top_axi/mem_intfc0/ddr_phy_top0/u_ddr_mc_phy_wrapper/u_ddr_mc_phy/ddr_phy_4lanes_0.u_ddr_phy_4lanes/ddr_byte_lane_C.ddr_byte_lane_C/ddr_byte_group_io/output_[6].oserdes_dq_.ddr.oserdes_dq_i/D1
  -------------------------------------------------------------------    -------------------

                         (clock oserdes_clkdiv_2 rise edge)
                                                      6.667     6.667 r  <hidden>
    BUFGCTRL_X0Y16       BUFG                         0.000     6.667 r  external_clk_0_IBUF_BUFG_inst/O
                         net (fo=12425, routed)       1.683     8.350    i_platform/i_pll0/i_xilinx_clock_pll_0/inst/clk_in1
    MMCME2_ADV_X0Y0      MMCME2_ADV (Prop_mmcme2_adv_CLKIN1_CLKOUT2)
                                                     -3.694     4.656 r  i_platform/i_pll0/i_xilinx_clock_pll_0/inst/mmcm_adv_inst/CLKOUT2
                         net (fo=1, routed)           1.923     6.579    i_platform/i_pll0/i_xilinx_clock_pll_0/inst/clk_150000000_xilinx_clock_pll_0
    BUFGCTRL_X0Y2        BUFG (Prop_bufg_I_O)         0.091     6.670 r  i_platform/i_pll0/i_xilinx_clock_pll_0/inst/clkout3_buf/O
                         net (fo=1, routed)           1.541     8.211    i_platform/i_system_ddr/nolabel_line70/u_xilinx_ddr3_ctrl_axi32_mig/u_ddr3_infrastructure/mmcm_clk
    PLLE2_ADV_X1Y1       PLLE2_ADV (Prop_plle2_adv_CLKIN1_CLKOUT1)
                                                      0.083     8.294 r  i_platform/i_system_ddr/nolabel_line70/u_xilinx_ddr3_ctrl_axi32_mig/u_ddr3_infrastructure/plle2_i/CLKOUT1
                         net (fo=7, routed)           0.582     8.876    i_platform/i_system_ddr/nolabel_line70/u_xilinx_ddr3_ctrl_axi32_mig/u_memc_ui_top_axi/mem_intfc0/ddr_phy_top0/u_ddr_mc_phy_wrapper/u_ddr_mc_phy/ddr_phy_4lanes_0.u_ddr_phy_4lanes/ddr_byte_lane_C.ddr_byte_lane_C/mem_refclk
    PHASER_OUT_PHY_X1Y6  PHASER_OUT_PHY (Prop_phaser_out_phy_MEMREFCLK_OCLK)
                                                      2.547    11.423 r  i_platform/i_system_ddr/nolabel_line70/u_xilinx_ddr3_ctrl_axi32_mig/u_memc_ui_top_axi/mem_intfc0/ddr_phy_top0/u_ddr_mc_phy_wrapper/u_ddr_mc_phy/ddr_phy_4lanes_0.u_ddr_phy_4lanes/ddr_byte_lane_C.ddr_byte_lane_C/phaser_out/OCLK
    PHASER_OUT_PHY_X1Y6  PHASER_OUT_PHY (Prop_phaser_out_phy_OCLK_OCLKDIV)
                                                      0.148    11.571 r  i_platform/i_system_ddr/nolabel_line70/u_xilinx_ddr3_ctrl_axi32_mig/u_memc_ui_top_axi/mem_intfc0/ddr_phy_top0/u_ddr_mc_phy_wrapper/u_ddr_mc_phy/ddr_phy_4lanes_0.u_ddr_phy_4lanes/ddr_byte_lane_C.ddr_byte_lane_C/phaser_out/OCLKDIV
                         net (fo=11, routed)          0.403    11.974    i_platform/i_system_ddr/nolabel_line70/u_xilinx_ddr3_ctrl_axi32_mig/u_memc_ui_top_axi/mem_intfc0/ddr_phy_top0/u_ddr_mc_phy_wrapper/u_ddr_mc_phy/ddr_phy_4lanes_0.u_ddr_phy_4lanes/ddr_byte_lane_C.ddr_byte_lane_C/ddr_byte_group_io/oserdes_clkdiv
    OLOGIC_X1Y83         OSERDESE2                                    r  i_platform/i_system_ddr/nolabel_line70/u_xilinx_ddr3_ctrl_axi32_mig/u_memc_ui_top_axi/mem_intfc0/ddr_phy_top0/u_ddr_mc_phy_wrapper/u_ddr_mc_phy/ddr_phy_4lanes_0.u_ddr_phy_4lanes/ddr_byte_lane_C.ddr_byte_lane_C/ddr_byte_group_io/output_[6].oserdes_dq_.ddr.oserdes_dq_i/CLKDIV
                         clock pessimism              0.234    12.208    <hidden>
                         clock uncertainty           -0.058    12.150    <hidden>
    OLOGIC_X1Y83         OSERDESE2 (Setup_oserdese2_CLKDIV_D1)
                                                     -0.625    11.525    i_platform/i_system_ddr/nolabel_line70/u_xilinx_ddr3_ctrl_axi32_mig/u_memc_ui_top_axi/mem_intfc0/ddr_phy_top0/u_ddr_mc_phy_wrapper/u_ddr_mc_phy/ddr_phy_4lanes_0.u_ddr_phy_4lanes/ddr_byte_lane_C.ddr_byte_lane_C/ddr_byte_group_io/output_[6].oserdes_dq_.ddr.oserdes_dq_i
  -------------------------------------------------------------------
                         required time                         11.525    <hidden>
                         arrival time                          -6.281    <hidden>
  -------------------------------------------------------------------
                         slack                                  5.245    <hidden>





Min Delay Paths
--------------------------------------------------------------------------------------
Slack (MET) :             0.092ns  (arrival time - required time)
  Source:                 i_platform/i_system_ddr/nolabel_line70/u_xilinx_ddr3_ctrl_axi32_mig/u_memc_ui_top_axi/mem_intfc0/ddr_phy_top0/u_ddr_mc_phy_wrapper/u_ddr_mc_phy/ddr_phy_4lanes_0.u_ddr_phy_4lanes/ddr_byte_lane_C.ddr_byte_lane_C/out_fifo/RDCLK
                            (rising edge-triggered cell OUT_FIFO clocked by oserdes_clkdiv_2  {rise@0.000ns fall@3.333ns period=6.667ns})
  Destination:            i_platform/i_system_ddr/nolabel_line70/u_xilinx_ddr3_ctrl_axi32_mig/u_memc_ui_top_axi/mem_intfc0/ddr_phy_top0/u_ddr_mc_phy_wrapper/u_ddr_mc_phy/ddr_phy_4lanes_0.u_ddr_phy_4lanes/ddr_byte_lane_C.ddr_byte_lane_C/ddr_byte_group_io/output_[2].oserdes_dq_.ddr.oserdes_dq_i/D2
                            (rising edge-triggered cell OSERDESE2 clocked by oserdes_clkdiv_2  {rise@0.000ns fall@3.333ns period=6.667ns})
  Path Group:             oserdes_clkdiv_2
  Path Type:              Hold (Min at Fast Process Corner)
  Requirement:            0.000ns  (oserdes_clkdiv_2 rise@0.000ns - oserdes_clkdiv_2 rise@0.000ns)
  Data Path Delay:        0.288ns  (logic 0.138ns (47.866%)  route 0.150ns (52.134%))
  Logic Levels:           0  
  Clock Path Skew:        0.177ns (DCD - SCD - CPR)
    Destination Clock Delay (DCD):    3.681ns
    Source Clock Delay      (SCD):    3.155ns
    Clock Pessimism Removal (CPR):    0.349ns

    Location             Delay type                Incr(ns)  Path(ns)    Netlist Resource(s)
  -------------------------------------------------------------------    -------------------
                         (clock oserdes_clkdiv_2 rise edge)
                                                      0.000     0.000 r  <hidden>
    BUFGCTRL_X0Y16       BUFG                         0.000     0.000 r  external_clk_0_IBUF_BUFG_inst/O
                         net (fo=12425, routed)       0.624     0.624    i_platform/i_pll0/i_xilinx_clock_pll_0/inst/clk_in1
    MMCME2_ADV_X0Y0      MMCME2_ADV (Prop_mmcme2_adv_CLKIN1_CLKOUT2)
                                                     -1.296    -0.672 r  i_platform/i_pll0/i_xilinx_clock_pll_0/inst/mmcm_adv_inst/CLKOUT2
                         net (fo=1, routed)           0.648    -0.024    i_platform/i_pll0/i_xilinx_clock_pll_0/inst/clk_150000000_xilinx_clock_pll_0
    BUFGCTRL_X0Y2        BUFG (Prop_bufg_I_O)         0.026     0.002 r  i_platform/i_pll0/i_xilinx_clock_pll_0/inst/clkout3_buf/O
                         net (fo=1, routed)           0.564     0.566    i_platform/i_system_ddr/nolabel_line70/u_xilinx_ddr3_ctrl_axi32_mig/u_ddr3_infrastructure/mmcm_clk
    PLLE2_ADV_X1Y1       PLLE2_ADV (Prop_plle2_adv_CLKIN1_CLKOUT1)
                                                      0.050     0.616 r  i_platform/i_system_ddr/nolabel_line70/u_xilinx_ddr3_ctrl_axi32_mig/u_ddr3_infrastructure/plle2_i/CLKOUT1
                         net (fo=7, routed)           0.197     0.813    i_platform/i_system_ddr/nolabel_line70/u_xilinx_ddr3_ctrl_axi32_mig/u_memc_ui_top_axi/mem_intfc0/ddr_phy_top0/u_ddr_mc_phy_wrapper/u_ddr_mc_phy/ddr_phy_4lanes_0.u_ddr_phy_4lanes/ddr_byte_lane_C.ddr_byte_lane_C/mem_refclk
    PHASER_OUT_PHY_X1Y6  PHASER_OUT_PHY (Prop_phaser_out_phy_MEMREFCLK_OCLK)
                                                      2.259     3.072 r  i_platform/i_system_ddr/nolabel_line70/u_xilinx_ddr3_ctrl_axi32_mig/u_memc_ui_top_axi/mem_intfc0/ddr_phy_top0/u_ddr_mc_phy_wrapper/u_ddr_mc_phy/ddr_phy_4lanes_0.u_ddr_phy_4lanes/ddr_byte_lane_C.ddr_byte_lane_C/phaser_out/OCLK
    PHASER_OUT_PHY_X1Y6  PHASER_OUT_PHY (Prop_phaser_out_phy_OCLK_OCLKDIV)
                                                      0.083     3.155 r  i_platform/i_system_ddr/nolabel_line70/u_xilinx_ddr3_ctrl_axi32_mig/u_memc_ui_top_axi/mem_intfc0/ddr_phy_top0/u_ddr_mc_phy_wrapper/u_ddr_mc_phy/ddr_phy_4lanes_0.u_ddr_phy_4lanes/ddr_byte_lane_C.ddr_byte_lane_C/phaser_out/OCLKDIV
                         net (fo=11, routed)          0.000     3.155    i_platform/i_system_ddr/nolabel_line70/u_xilinx_ddr3_ctrl_axi32_mig/u_memc_ui_top_axi/mem_intfc0/ddr_phy_top0/u_ddr_mc_phy_wrapper/u_ddr_mc_phy/ddr_phy_4lanes_0.u_ddr_phy_4lanes/ddr_byte_lane_C.ddr_byte_lane_C/oserdes_clkdiv
    OUT_FIFO_X1Y6        OUT_FIFO                                     r  i_platform/i_system_ddr/nolabel_line70/u_xilinx_ddr3_ctrl_axi32_mig/u_memc_ui_top_axi/mem_intfc0/ddr_phy_top0/u_ddr_mc_phy_wrapper/u_ddr_mc_phy/ddr_phy_4lanes_0.u_ddr_phy_4lanes/ddr_byte_lane_C.ddr_byte_lane_C/out_fifo/RDCLK
  -------------------------------------------------------------------    -------------------
    OUT_FIFO_X1Y6        OUT_FIFO (Prop_out_fifo_RDCLK_Q2[1])
                                                      0.138     3.293 r  i_platform/i_system_ddr/nolabel_line70/u_xilinx_ddr3_ctrl_axi32_mig/u_memc_ui_top_axi/mem_intfc0/ddr_phy_top0/u_ddr_mc_phy_wrapper/u_ddr_mc_phy/ddr_phy_4lanes_0.u_ddr_phy_4lanes/ddr_byte_lane_C.ddr_byte_lane_C/out_fifo/Q2[1]
                         net (fo=1, routed)           0.150     3.443    i_platform/i_system_ddr/nolabel_line70/u_xilinx_ddr3_ctrl_axi32_mig/u_memc_ui_top_axi/mem_intfc0/ddr_phy_top0/u_ddr_mc_phy_wrapper/u_ddr_mc_phy/ddr_phy_4lanes_0.u_ddr_phy_4lanes/ddr_byte_lane_C.ddr_byte_lane_C/ddr_byte_group_io/of_dqbus[5]
    OLOGIC_X1Y77         OSERDESE2                                    r  i_platform/i_system_ddr/nolabel_line70/u_xilinx_ddr3_ctrl_axi32_mig/u_memc_ui_top_axi/mem_intfc0/ddr_phy_top0/u_ddr_mc_phy_wrapper/u_ddr_mc_phy/ddr_phy_4lanes_0.u_ddr_phy_4lanes/ddr_byte_lane_C.ddr_byte_lane_C/ddr_byte_group_io/output_[2].oserdes_dq_.ddr.oserdes_dq_i/D2
  -------------------------------------------------------------------    -------------------

                         (clock oserdes_clkdiv_2 rise edge)
                                                      0.000     0.000 r  <hidden>
    BUFGCTRL_X0Y16       BUFG                         0.000     0.000 r  external_clk_0_IBUF_BUFG_inst/O
                         net (fo=12425, routed)       0.898     0.898    i_platform/i_pll0/i_xilinx_clock_pll_0/inst/clk_in1
    MMCME2_ADV_X0Y0      MMCME2_ADV (Prop_mmcme2_adv_CLKIN1_CLKOUT2)
                                                     -1.625    -0.727 r  i_platform/i_pll0/i_xilinx_clock_pll_0/inst/mmcm_adv_inst/CLKOUT2
                         net (fo=1, routed)           0.700    -0.027    i_platform/i_pll0/i_xilinx_clock_pll_0/inst/clk_150000000_xilinx_clock_pll_0
    BUFGCTRL_X0Y2        BUFG (Prop_bufg_I_O)         0.029     0.002 r  i_platform/i_pll0/i_xilinx_clock_pll_0/inst/clkout3_buf/O
                         net (fo=1, routed)           0.833     0.835    i_platform/i_system_ddr/nolabel_line70/u_xilinx_ddr3_ctrl_axi32_mig/u_ddr3_infrastructure/mmcm_clk
    PLLE2_ADV_X1Y1       PLLE2_ADV (Prop_plle2_adv_CLKIN1_CLKOUT1)
                                                      0.053     0.888 r  i_platform/i_system_ddr/nolabel_line70/u_xilinx_ddr3_ctrl_axi32_mig/u_ddr3_infrastructure/plle2_i/CLKOUT1
                         net (fo=7, routed)           0.218     1.106    i_platform/i_system_ddr/nolabel_line70/u_xilinx_ddr3_ctrl_axi32_mig/u_memc_ui_top_axi/mem_intfc0/ddr_phy_top0/u_ddr_mc_phy_wrapper/u_ddr_mc_phy/ddr_phy_4lanes_0.u_ddr_phy_4lanes/ddr_byte_lane_C.ddr_byte_lane_C/mem_refclk
    PHASER_OUT_PHY_X1Y6  PHASER_OUT_PHY (Prop_phaser_out_phy_MEMREFCLK_OCLK)
                                                      2.310     3.416 r  i_platform/i_system_ddr/nolabel_line70/u_xilinx_ddr3_ctrl_axi32_mig/u_memc_ui_top_axi/mem_intfc0/ddr_phy_top0/u_ddr_mc_phy_wrapper/u_ddr_mc_phy/ddr_phy_4lanes_0.u_ddr_phy_4lanes/ddr_byte_lane_C.ddr_byte_lane_C/phaser_out/OCLK
    PHASER_OUT_PHY_X1Y6  PHASER_OUT_PHY (Prop_phaser_out_phy_OCLK_OCLKDIV)
                                                      0.088     3.504 r  i_platform/i_system_ddr/nolabel_line70/u_xilinx_ddr3_ctrl_axi32_mig/u_memc_ui_top_axi/mem_intfc0/ddr_phy_top0/u_ddr_mc_phy_wrapper/u_ddr_mc_phy/ddr_phy_4lanes_0.u_ddr_phy_4lanes/ddr_byte_lane_C.ddr_byte_lane_C/phaser_out/OCLKDIV
                         net (fo=11, routed)          0.177     3.681    i_platform/i_system_ddr/nolabel_line70/u_xilinx_ddr3_ctrl_axi32_mig/u_memc_ui_top_axi/mem_intfc0/ddr_phy_top0/u_ddr_mc_phy_wrapper/u_ddr_mc_phy/ddr_phy_4lanes_0.u_ddr_phy_4lanes/ddr_byte_lane_C.ddr_byte_lane_C/ddr_byte_group_io/oserdes_clkdiv
    OLOGIC_X1Y77         OSERDESE2                                    r  i_platform/i_system_ddr/nolabel_line70/u_xilinx_ddr3_ctrl_axi32_mig/u_memc_ui_top_axi/mem_intfc0/ddr_phy_top0/u_ddr_mc_phy_wrapper/u_ddr_mc_phy/ddr_phy_4lanes_0.u_ddr_phy_4lanes/ddr_byte_lane_C.ddr_byte_lane_C/ddr_byte_group_io/output_[2].oserdes_dq_.ddr.oserdes_dq_i/CLKDIV
                         clock pessimism             -0.349     3.332    <hidden>
    OLOGIC_X1Y77         OSERDESE2 (Hold_oserdese2_CLKDIV_D2)
                                                      0.019     3.351    i_platform/i_system_ddr/nolabel_line70/u_xilinx_ddr3_ctrl_axi32_mig/u_memc_ui_top_axi/mem_intfc0/ddr_phy_top0/u_ddr_mc_phy_wrapper/u_ddr_mc_phy/ddr_phy_4lanes_0.u_ddr_phy_4lanes/ddr_byte_lane_C.ddr_byte_lane_C/ddr_byte_group_io/output_[2].oserdes_dq_.ddr.oserdes_dq_i
  -------------------------------------------------------------------
                         required time                         -3.351    <hidden>
                         arrival time                           3.443    <hidden>
  -------------------------------------------------------------------
                         slack                                  0.092    <hidden>





Pulse Width Checks
--------------------------------------------------------------------------------------
Clock Name:         oserdes_clkdiv_2
Waveform(ns):       { 0.000 3.333 }
Period(ns):         6.667
Sources:            { i_platform/i_system_ddr/nolabel_line70/u_xilinx_ddr3_ctrl_axi32_mig/u_memc_ui_top_axi/mem_intfc0/ddr_phy_top0/u_ddr_mc_phy_wrapper/u_ddr_mc_phy/ddr_phy_4lanes_0.u_ddr_phy_4lanes/ddr_byte_lane_C.ddr_byte_lane_C/phaser_out/OCLKDIV }

Check Type        Corner  Lib Pin         Reference Pin  Required(ns)  Actual(ns)  Slack(ns)  Location       Pin
Min Period        n/a     OUT_FIFO/RDCLK  n/a            5.000         6.667       1.667      OUT_FIFO_X1Y6  i_platform/i_system_ddr/nolabel_line70/u_xilinx_ddr3_ctrl_axi32_mig/u_memc_ui_top_axi/mem_intfc0/ddr_phy_top0/u_ddr_mc_phy_wrapper/u_ddr_mc_phy/ddr_phy_4lanes_0.u_ddr_phy_4lanes/ddr_byte_lane_C.ddr_byte_lane_C/out_fifo/RDCLK
Low Pulse Width   Slow    OUT_FIFO/RDCLK  n/a            2.150         3.333       1.183      OUT_FIFO_X1Y6  i_platform/i_system_ddr/nolabel_line70/u_xilinx_ddr3_ctrl_axi32_mig/u_memc_ui_top_axi/mem_intfc0/ddr_phy_top0/u_ddr_mc_phy_wrapper/u_ddr_mc_phy/ddr_phy_4lanes_0.u_ddr_phy_4lanes/ddr_byte_lane_C.ddr_byte_lane_C/out_fifo/RDCLK
High Pulse Width  Slow    OUT_FIFO/RDCLK  n/a            2.150         3.333       1.183      OUT_FIFO_X1Y6  i_platform/i_system_ddr/nolabel_line70/u_xilinx_ddr3_ctrl_axi32_mig/u_memc_ui_top_axi/mem_intfc0/ddr_phy_top0/u_ddr_mc_phy_wrapper/u_ddr_mc_phy/ddr_phy_4lanes_0.u_ddr_phy_4lanes/ddr_byte_lane_C.ddr_byte_lane_C/out_fifo/RDCLK



---------------------------------------------------------------------------------------------------
From Clock:  oserdes_clk_3
  To Clock:  oserdes_clk_3

Setup :            0  Failing Endpoints,  Worst Slack        1.769ns,  Total Violation        0.000ns
Hold  :            0  Failing Endpoints,  Worst Slack        0.408ns,  Total Violation        0.000ns
PW    :            0  Failing Endpoints,  Worst Slack        1.666ns,  Total Violation        0.000ns
---------------------------------------------------------------------------------------------------


Max Delay Paths
--------------------------------------------------------------------------------------
Slack (MET) :             1.769ns  (required time - arrival time)
  Source:                 i_platform/i_system_ddr/nolabel_line70/u_xilinx_ddr3_ctrl_axi32_mig/u_memc_ui_top_axi/mem_intfc0/ddr_phy_top0/u_ddr_mc_phy_wrapper/u_ddr_mc_phy/ddr_phy_4lanes_0.u_ddr_phy_4lanes/ddr_byte_lane_D.ddr_byte_lane_D/phaser_out/OCLKDELAYED
                            (rising edge-triggered cell PHASER_OUT_PHY clocked by oserdes_clk_3  {rise@0.000ns fall@1.667ns period=3.333ns})
  Destination:            i_platform/i_system_ddr/nolabel_line70/u_xilinx_ddr3_ctrl_axi32_mig/u_memc_ui_top_axi/mem_intfc0/ddr_phy_top0/u_ddr_mc_phy_wrapper/u_ddr_mc_phy/ddr_phy_4lanes_0.u_ddr_phy_4lanes/ddr_byte_lane_D.ddr_byte_lane_D/ddr_byte_group_io/dqs_gen.oddr_dqsts/D1
                            (rising edge-triggered cell ODDR clocked by oserdes_clk_3  {rise@0.000ns fall@1.667ns period=3.333ns})
  Path Group:             oserdes_clk_3
  Path Type:              Setup (Max at Slow Process Corner)
  Requirement:            3.333ns  (oserdes_clk_3 rise@3.333ns - oserdes_clk_3 rise@0.000ns)
  Data Path Delay:        1.037ns  (logic 0.562ns (54.177%)  route 0.475ns (45.823%))
  Logic Levels:           0  
  Clock Path Skew:        0.416ns (DCD - SCD + CPR)
    Destination Clock Delay (DCD):    5.960ns = ( 9.294 - 3.333 ) 
    Source Clock Delay      (SCD):    5.817ns
    Clock Pessimism Removal (CPR):    0.273ns
  Clock Uncertainty:      0.058ns  ((TSJ^2 + DJ^2)^1/2) / 2 + PE
    Total System Jitter     (TSJ):    0.071ns
    Discrete Jitter          (DJ):    0.091ns
    Phase Error              (PE):    0.000ns

    Location             Delay type                Incr(ns)  Path(ns)    Netlist Resource(s)
  -------------------------------------------------------------------    -------------------
                         (clock oserdes_clk_3 rise edge)
                                                      0.000     0.000 r  <hidden>
    BUFGCTRL_X0Y16       BUFG                         0.000     0.000 r  external_clk_0_IBUF_BUFG_inst/O
                         net (fo=12425, routed)       1.809     1.809    i_platform/i_pll0/i_xilinx_clock_pll_0/inst/clk_in1
    MMCME2_ADV_X0Y0      MMCME2_ADV (Prop_mmcme2_adv_CLKIN1_CLKOUT2)
                                                     -3.922    -2.112 r  i_platform/i_pll0/i_xilinx_clock_pll_0/inst/mmcm_adv_inst/CLKOUT2
                         net (fo=1, routed)           2.018    -0.094    i_platform/i_pll0/i_xilinx_clock_pll_0/inst/clk_150000000_xilinx_clock_pll_0
    BUFGCTRL_X0Y2        BUFG (Prop_bufg_I_O)         0.096     0.002 r  i_platform/i_pll0/i_xilinx_clock_pll_0/inst/clkout3_buf/O
                         net (fo=1, routed)           1.664     1.666    i_platform/i_system_ddr/nolabel_line70/u_xilinx_ddr3_ctrl_axi32_mig/u_ddr3_infrastructure/mmcm_clk
    PLLE2_ADV_X1Y1       PLLE2_ADV (Prop_plle2_adv_CLKIN1_CLKOUT1)
                                                      0.088     1.754 r  i_platform/i_system_ddr/nolabel_line70/u_xilinx_ddr3_ctrl_axi32_mig/u_ddr3_infrastructure/plle2_i/CLKOUT1
                         net (fo=7, routed)           0.603     2.357    i_platform/i_system_ddr/nolabel_line70/u_xilinx_ddr3_ctrl_axi32_mig/u_memc_ui_top_axi/mem_intfc0/ddr_phy_top0/u_ddr_mc_phy_wrapper/u_ddr_mc_phy/ddr_phy_4lanes_0.u_ddr_phy_4lanes/ddr_byte_lane_D.ddr_byte_lane_D/mem_refclk
    PHASER_OUT_PHY_X1Y7  PHASER_OUT_PHY (Prop_phaser_out_phy_MEMREFCLK_OCLK)
                                                      2.613     4.970 r  i_platform/i_system_ddr/nolabel_line70/u_xilinx_ddr3_ctrl_axi32_mig/u_memc_ui_top_axi/mem_intfc0/ddr_phy_top0/u_ddr_mc_phy_wrapper/u_ddr_mc_phy/ddr_phy_4lanes_0.u_ddr_phy_4lanes/ddr_byte_lane_D.ddr_byte_lane_D/phaser_out/OCLK
    PHASER_OUT_PHY_X1Y7  PHASER_OUT_PHY (Prop_phaser_out_phy_OCLK_OCLKDELAYED)
                                                      0.847     5.817 r  i_platform/i_system_ddr/nolabel_line70/u_xilinx_ddr3_ctrl_axi32_mig/u_memc_ui_top_axi/mem_intfc0/ddr_phy_top0/u_ddr_mc_phy_wrapper/u_ddr_mc_phy/ddr_phy_4lanes_0.u_ddr_phy_4lanes/ddr_byte_lane_D.ddr_byte_lane_D/phaser_out/OCLKDELAYED
  -------------------------------------------------------------------    -------------------
    PHASER_OUT_PHY_X1Y7  PHASER_OUT_PHY (Prop_phaser_out_phy_OCLKDELAYED_CTSBUS[0])
                                                      0.562     6.379 r  i_platform/i_system_ddr/nolabel_line70/u_xilinx_ddr3_ctrl_axi32_mig/u_memc_ui_top_axi/mem_intfc0/ddr_phy_top0/u_ddr_mc_phy_wrapper/u_ddr_mc_phy/ddr_phy_4lanes_0.u_ddr_phy_4lanes/ddr_byte_lane_D.ddr_byte_lane_D/phaser_out/CTSBUS[0]
                         net (fo=2, routed)           0.475     6.854    i_platform/i_system_ddr/nolabel_line70/u_xilinx_ddr3_ctrl_axi32_mig/u_memc_ui_top_axi/mem_intfc0/ddr_phy_top0/u_ddr_mc_phy_wrapper/u_ddr_mc_phy/ddr_phy_4lanes_0.u_ddr_phy_4lanes/ddr_byte_lane_D.ddr_byte_lane_D/ddr_byte_group_io/CTSBUS[0]
    OLOGIC_X1Y94         ODDR                                         r  i_platform/i_system_ddr/nolabel_line70/u_xilinx_ddr3_ctrl_axi32_mig/u_memc_ui_top_axi/mem_intfc0/ddr_phy_top0/u_ddr_mc_phy_wrapper/u_ddr_mc_phy/ddr_phy_4lanes_0.u_ddr_phy_4lanes/ddr_byte_lane_D.ddr_byte_lane_D/ddr_byte_group_io/dqs_gen.oddr_dqsts/D1
  -------------------------------------------------------------------    -------------------

                         (clock oserdes_clk_3 rise edge)
                                                      3.333     3.333 r  <hidden>
    BUFGCTRL_X0Y16       BUFG                         0.000     3.333 r  external_clk_0_IBUF_BUFG_inst/O
                         net (fo=12425, routed)       1.683     5.016    i_platform/i_pll0/i_xilinx_clock_pll_0/inst/clk_in1
    MMCME2_ADV_X0Y0      MMCME2_ADV (Prop_mmcme2_adv_CLKIN1_CLKOUT2)
                                                     -3.694     1.322 r  i_platform/i_pll0/i_xilinx_clock_pll_0/inst/mmcm_adv_inst/CLKOUT2
                         net (fo=1, routed)           1.923     3.245    i_platform/i_pll0/i_xilinx_clock_pll_0/inst/clk_150000000_xilinx_clock_pll_0
    BUFGCTRL_X0Y2        BUFG (Prop_bufg_I_O)         0.091     3.336 r  i_platform/i_pll0/i_xilinx_clock_pll_0/inst/clkout3_buf/O
                         net (fo=1, routed)           1.541     4.878    i_platform/i_system_ddr/nolabel_line70/u_xilinx_ddr3_ctrl_axi32_mig/u_ddr3_infrastructure/mmcm_clk
    PLLE2_ADV_X1Y1       PLLE2_ADV (Prop_plle2_adv_CLKIN1_CLKOUT1)
                                                      0.083     4.961 r  i_platform/i_system_ddr/nolabel_line70/u_xilinx_ddr3_ctrl_axi32_mig/u_ddr3_infrastructure/plle2_i/CLKOUT1
                         net (fo=7, routed)           0.572     5.533    i_platform/i_system_ddr/nolabel_line70/u_xilinx_ddr3_ctrl_axi32_mig/u_memc_ui_top_axi/mem_intfc0/ddr_phy_top0/u_ddr_mc_phy_wrapper/u_ddr_mc_phy/ddr_phy_4lanes_0.u_ddr_phy_4lanes/ddr_byte_lane_D.ddr_byte_lane_D/mem_refclk
    PHASER_OUT_PHY_X1Y7  PHASER_OUT_PHY (Prop_phaser_out_phy_MEMREFCLK_OCLK)
                                                      2.547     8.080 r  i_platform/i_system_ddr/nolabel_line70/u_xilinx_ddr3_ctrl_axi32_mig/u_memc_ui_top_axi/mem_intfc0/ddr_phy_top0/u_ddr_mc_phy_wrapper/u_ddr_mc_phy/ddr_phy_4lanes_0.u_ddr_phy_4lanes/ddr_byte_lane_D.ddr_byte_lane_D/phaser_out/OCLK
    PHASER_OUT_PHY_X1Y7  PHASER_OUT_PHY (Prop_phaser_out_phy_OCLK_OCLKDELAYED)
                                                      0.798     8.878 r  i_platform/i_system_ddr/nolabel_line70/u_xilinx_ddr3_ctrl_axi32_mig/u_memc_ui_top_axi/mem_intfc0/ddr_phy_top0/u_ddr_mc_phy_wrapper/u_ddr_mc_phy/ddr_phy_4lanes_0.u_ddr_phy_4lanes/ddr_byte_lane_D.ddr_byte_lane_D/phaser_out/OCLKDELAYED
                         net (fo=2, routed)           0.416     9.294    i_platform/i_system_ddr/nolabel_line70/u_xilinx_ddr3_ctrl_axi32_mig/u_memc_ui_top_axi/mem_intfc0/ddr_phy_top0/u_ddr_mc_phy_wrapper/u_ddr_mc_phy/ddr_phy_4lanes_0.u_ddr_phy_4lanes/ddr_byte_lane_D.ddr_byte_lane_D/ddr_byte_group_io/oserdes_clk_delayed
    OLOGIC_X1Y94         ODDR                                         r  i_platform/i_system_ddr/nolabel_line70/u_xilinx_ddr3_ctrl_axi32_mig/u_memc_ui_top_axi/mem_intfc0/ddr_phy_top0/u_ddr_mc_phy_wrapper/u_ddr_mc_phy/ddr_phy_4lanes_0.u_ddr_phy_4lanes/ddr_byte_lane_D.ddr_byte_lane_D/ddr_byte_group_io/dqs_gen.oddr_dqsts/C
                         clock pessimism              0.273     9.566    <hidden>
                         clock uncertainty           -0.058     9.509    <hidden>
    OLOGIC_X1Y94         ODDR (Setup_oddr_C_D1)      -0.885     8.624    i_platform/i_system_ddr/nolabel_line70/u_xilinx_ddr3_ctrl_axi32_mig/u_memc_ui_top_axi/mem_intfc0/ddr_phy_top0/u_ddr_mc_phy_wrapper/u_ddr_mc_phy/ddr_phy_4lanes_0.u_ddr_phy_4lanes/ddr_byte_lane_D.ddr_byte_lane_D/ddr_byte_group_io/dqs_gen.oddr_dqsts
  -------------------------------------------------------------------
                         required time                          8.624    <hidden>
                         arrival time                          -6.854    <hidden>
  -------------------------------------------------------------------
                         slack                                  1.769    <hidden>





Min Delay Paths
--------------------------------------------------------------------------------------
Slack (MET) :             0.408ns  (arrival time - required time)
  Source:                 i_platform/i_system_ddr/nolabel_line70/u_xilinx_ddr3_ctrl_axi32_mig/u_memc_ui_top_axi/mem_intfc0/ddr_phy_top0/u_ddr_mc_phy_wrapper/u_ddr_mc_phy/ddr_phy_4lanes_0.u_ddr_phy_4lanes/ddr_byte_lane_D.ddr_byte_lane_D/phaser_out/OCLKDELAYED
                            (rising edge-triggered cell PHASER_OUT_PHY clocked by oserdes_clk_3  {rise@0.000ns fall@1.667ns period=3.333ns})
  Destination:            i_platform/i_system_ddr/nolabel_line70/u_xilinx_ddr3_ctrl_axi32_mig/u_memc_ui_top_axi/mem_intfc0/ddr_phy_top0/u_ddr_mc_phy_wrapper/u_ddr_mc_phy/ddr_phy_4lanes_0.u_ddr_phy_4lanes/ddr_byte_lane_D.ddr_byte_lane_D/ddr_byte_group_io/dqs_gen.oddr_dqs/D2
                            (rising edge-triggered cell ODDR clocked by oserdes_clk_3  {rise@0.000ns fall@1.667ns period=3.333ns})
  Path Group:             oserdes_clk_3
  Path Type:              Hold (Min at Fast Process Corner)
  Requirement:            0.000ns  (oserdes_clk_3 rise@0.000ns - oserdes_clk_3 rise@0.000ns)
  Data Path Delay:        0.496ns  (logic 0.346ns (69.715%)  route 0.150ns (30.285%))
  Logic Levels:           0  
  Clock Path Skew:        0.181ns (DCD - SCD - CPR)
    Destination Clock Delay (DCD):    4.316ns
    Source Clock Delay      (SCD):    3.750ns
    Clock Pessimism Removal (CPR):    0.385ns

    Location             Delay type                Incr(ns)  Path(ns)    Netlist Resource(s)
  -------------------------------------------------------------------    -------------------
                         (clock oserdes_clk_3 rise edge)
                                                      0.000     0.000 r  <hidden>
    BUFGCTRL_X0Y16       BUFG                         0.000     0.000 r  external_clk_0_IBUF_BUFG_inst/O
                         net (fo=12425, routed)       0.624     0.624    i_platform/i_pll0/i_xilinx_clock_pll_0/inst/clk_in1
    MMCME2_ADV_X0Y0      MMCME2_ADV (Prop_mmcme2_adv_CLKIN1_CLKOUT2)
                                                     -1.296    -0.672 r  i_platform/i_pll0/i_xilinx_clock_pll_0/inst/mmcm_adv_inst/CLKOUT2
                         net (fo=1, routed)           0.648    -0.024    i_platform/i_pll0/i_xilinx_clock_pll_0/inst/clk_150000000_xilinx_clock_pll_0
    BUFGCTRL_X0Y2        BUFG (Prop_bufg_I_O)         0.026     0.002 r  i_platform/i_pll0/i_xilinx_clock_pll_0/inst/clkout3_buf/O
                         net (fo=1, routed)           0.564     0.566    i_platform/i_system_ddr/nolabel_line70/u_xilinx_ddr3_ctrl_axi32_mig/u_ddr3_infrastructure/mmcm_clk
    PLLE2_ADV_X1Y1       PLLE2_ADV (Prop_plle2_adv_CLKIN1_CLKOUT1)
                                                      0.050     0.616 r  i_platform/i_system_ddr/nolabel_line70/u_xilinx_ddr3_ctrl_axi32_mig/u_ddr3_infrastructure/plle2_i/CLKOUT1
                         net (fo=7, routed)           0.190     0.806    i_platform/i_system_ddr/nolabel_line70/u_xilinx_ddr3_ctrl_axi32_mig/u_memc_ui_top_axi/mem_intfc0/ddr_phy_top0/u_ddr_mc_phy_wrapper/u_ddr_mc_phy/ddr_phy_4lanes_0.u_ddr_phy_4lanes/ddr_byte_lane_D.ddr_byte_lane_D/mem_refclk
    PHASER_OUT_PHY_X1Y7  PHASER_OUT_PHY (Prop_phaser_out_phy_MEMREFCLK_OCLK)
                                                      2.259     3.065 r  i_platform/i_system_ddr/nolabel_line70/u_xilinx_ddr3_ctrl_axi32_mig/u_memc_ui_top_axi/mem_intfc0/ddr_phy_top0/u_ddr_mc_phy_wrapper/u_ddr_mc_phy/ddr_phy_4lanes_0.u_ddr_phy_4lanes/ddr_byte_lane_D.ddr_byte_lane_D/phaser_out/OCLK
    PHASER_OUT_PHY_X1Y7  PHASER_OUT_PHY (Prop_phaser_out_phy_OCLK_OCLKDELAYED)
                                                      0.685     3.750 r  i_platform/i_system_ddr/nolabel_line70/u_xilinx_ddr3_ctrl_axi32_mig/u_memc_ui_top_axi/mem_intfc0/ddr_phy_top0/u_ddr_mc_phy_wrapper/u_ddr_mc_phy/ddr_phy_4lanes_0.u_ddr_phy_4lanes/ddr_byte_lane_D.ddr_byte_lane_D/phaser_out/OCLKDELAYED
  -------------------------------------------------------------------    -------------------
    PHASER_OUT_PHY_X1Y7  PHASER_OUT_PHY (Prop_phaser_out_phy_OCLKDELAYED_DQSBUS[1])
                                                      0.346     4.096 r  i_platform/i_system_ddr/nolabel_line70/u_xilinx_ddr3_ctrl_axi32_mig/u_memc_ui_top_axi/mem_intfc0/ddr_phy_top0/u_ddr_mc_phy_wrapper/u_ddr_mc_phy/ddr_phy_4lanes_0.u_ddr_phy_4lanes/ddr_byte_lane_D.ddr_byte_lane_D/phaser_out/DQSBUS[1]
                         net (fo=1, routed)           0.150     4.246    i_platform/i_system_ddr/nolabel_line70/u_xilinx_ddr3_ctrl_axi32_mig/u_memc_ui_top_axi/mem_intfc0/ddr_phy_top0/u_ddr_mc_phy_wrapper/u_ddr_mc_phy/ddr_phy_4lanes_0.u_ddr_phy_4lanes/ddr_byte_lane_D.ddr_byte_lane_D/ddr_byte_group_io/DQSBUS[1]
    OLOGIC_X1Y94         ODDR                                         r  i_platform/i_system_ddr/nolabel_line70/u_xilinx_ddr3_ctrl_axi32_mig/u_memc_ui_top_axi/mem_intfc0/ddr_phy_top0/u_ddr_mc_phy_wrapper/u_ddr_mc_phy/ddr_phy_4lanes_0.u_ddr_phy_4lanes/ddr_byte_lane_D.ddr_byte_lane_D/ddr_byte_group_io/dqs_gen.oddr_dqs/D2
  -------------------------------------------------------------------    -------------------

                         (clock oserdes_clk_3 rise edge)
                                                      0.000     0.000 r  <hidden>
    BUFGCTRL_X0Y16       BUFG                         0.000     0.000 r  external_clk_0_IBUF_BUFG_inst/O
                         net (fo=12425, routed)       0.898     0.898    i_platform/i_pll0/i_xilinx_clock_pll_0/inst/clk_in1
    MMCME2_ADV_X0Y0      MMCME2_ADV (Prop_mmcme2_adv_CLKIN1_CLKOUT2)
                                                     -1.625    -0.727 r  i_platform/i_pll0/i_xilinx_clock_pll_0/inst/mmcm_adv_inst/CLKOUT2
                         net (fo=1, routed)           0.700    -0.027    i_platform/i_pll0/i_xilinx_clock_pll_0/inst/clk_150000000_xilinx_clock_pll_0
    BUFGCTRL_X0Y2        BUFG (Prop_bufg_I_O)         0.029     0.002 r  i_platform/i_pll0/i_xilinx_clock_pll_0/inst/clkout3_buf/O
                         net (fo=1, routed)           0.833     0.835    i_platform/i_system_ddr/nolabel_line70/u_xilinx_ddr3_ctrl_axi32_mig/u_ddr3_infrastructure/mmcm_clk
    PLLE2_ADV_X1Y1       PLLE2_ADV (Prop_plle2_adv_CLKIN1_CLKOUT1)
                                                      0.053     0.888 r  i_platform/i_system_ddr/nolabel_line70/u_xilinx_ddr3_ctrl_axi32_mig/u_ddr3_infrastructure/plle2_i/CLKOUT1
                         net (fo=7, routed)           0.209     1.097    i_platform/i_system_ddr/nolabel_line70/u_xilinx_ddr3_ctrl_axi32_mig/u_memc_ui_top_axi/mem_intfc0/ddr_phy_top0/u_ddr_mc_phy_wrapper/u_ddr_mc_phy/ddr_phy_4lanes_0.u_ddr_phy_4lanes/ddr_byte_lane_D.ddr_byte_lane_D/mem_refclk
    PHASER_OUT_PHY_X1Y7  PHASER_OUT_PHY (Prop_phaser_out_phy_MEMREFCLK_OCLK)
                                                      2.310     3.407 r  i_platform/i_system_ddr/nolabel_line70/u_xilinx_ddr3_ctrl_axi32_mig/u_memc_ui_top_axi/mem_intfc0/ddr_phy_top0/u_ddr_mc_phy_wrapper/u_ddr_mc_phy/ddr_phy_4lanes_0.u_ddr_phy_4lanes/ddr_byte_lane_D.ddr_byte_lane_D/phaser_out/OCLK
    PHASER_OUT_PHY_X1Y7  PHASER_OUT_PHY (Prop_phaser_out_phy_OCLK_OCLKDELAYED)
                                                      0.728     4.135 r  i_platform/i_system_ddr/nolabel_line70/u_xilinx_ddr3_ctrl_axi32_mig/u_memc_ui_top_axi/mem_intfc0/ddr_phy_top0/u_ddr_mc_phy_wrapper/u_ddr_mc_phy/ddr_phy_4lanes_0.u_ddr_phy_4lanes/ddr_byte_lane_D.ddr_byte_lane_D/phaser_out/OCLKDELAYED
                         net (fo=2, routed)           0.181     4.316    i_platform/i_system_ddr/nolabel_line70/u_xilinx_ddr3_ctrl_axi32_mig/u_memc_ui_top_axi/mem_intfc0/ddr_phy_top0/u_ddr_mc_phy_wrapper/u_ddr_mc_phy/ddr_phy_4lanes_0.u_ddr_phy_4lanes/ddr_byte_lane_D.ddr_byte_lane_D/ddr_byte_group_io/oserdes_clk_delayed
    OLOGIC_X1Y94         ODDR                                         r  i_platform/i_system_ddr/nolabel_line70/u_xilinx_ddr3_ctrl_axi32_mig/u_memc_ui_top_axi/mem_intfc0/ddr_phy_top0/u_ddr_mc_phy_wrapper/u_ddr_mc_phy/ddr_phy_4lanes_0.u_ddr_phy_4lanes/ddr_byte_lane_D.ddr_byte_lane_D/ddr_byte_group_io/dqs_gen.oddr_dqs/C
                         clock pessimism             -0.385     3.931    <hidden>
    OLOGIC_X1Y94         ODDR (Hold_oddr_C_D2)       -0.093     3.838    i_platform/i_system_ddr/nolabel_line70/u_xilinx_ddr3_ctrl_axi32_mig/u_memc_ui_top_axi/mem_intfc0/ddr_phy_top0/u_ddr_mc_phy_wrapper/u_ddr_mc_phy/ddr_phy_4lanes_0.u_ddr_phy_4lanes/ddr_byte_lane_D.ddr_byte_lane_D/ddr_byte_group_io/dqs_gen.oddr_dqs
  -------------------------------------------------------------------
                         required time                         -3.838    <hidden>
                         arrival time                           4.246    <hidden>
  -------------------------------------------------------------------
                         slack                                  0.408    <hidden>





Pulse Width Checks
--------------------------------------------------------------------------------------
Clock Name:         oserdes_clk_3
Waveform(ns):       { 0.000 1.667 }
Period(ns):         3.333
Sources:            { i_platform/i_system_ddr/nolabel_line70/u_xilinx_ddr3_ctrl_axi32_mig/u_memc_ui_top_axi/mem_intfc0/ddr_phy_top0/u_ddr_mc_phy_wrapper/u_ddr_mc_phy/ddr_phy_4lanes_0.u_ddr_phy_4lanes/ddr_byte_lane_D.ddr_byte_lane_D/phaser_out/OCLK }

Check Type  Corner  Lib Pin        Reference Pin  Required(ns)  Actual(ns)  Slack(ns)  Location      Pin
Min Period  n/a     OSERDESE2/CLK  n/a            1.667         3.333       1.666      OLOGIC_X1Y88  i_platform/i_system_ddr/nolabel_line70/u_xilinx_ddr3_ctrl_axi32_mig/u_memc_ui_top_axi/mem_intfc0/ddr_phy_top0/u_ddr_mc_phy_wrapper/u_ddr_mc_phy/ddr_phy_4lanes_0.u_ddr_phy_4lanes/ddr_byte_lane_D.ddr_byte_lane_D/ddr_byte_group_io/output_[1].oserdes_dq_.ddr.oserdes_dq_i/CLK



---------------------------------------------------------------------------------------------------
From Clock:  oserdes_clkdiv_3
  To Clock:  oserdes_clkdiv_3

Setup :            0  Failing Endpoints,  Worst Slack        5.261ns,  Total Violation        0.000ns
Hold  :            0  Failing Endpoints,  Worst Slack        0.086ns,  Total Violation        0.000ns
PW    :            0  Failing Endpoints,  Worst Slack        1.183ns,  Total Violation        0.000ns
---------------------------------------------------------------------------------------------------


Max Delay Paths
--------------------------------------------------------------------------------------
Slack (MET) :             5.261ns  (required time - arrival time)
  Source:                 i_platform/i_system_ddr/nolabel_line70/u_xilinx_ddr3_ctrl_axi32_mig/u_memc_ui_top_axi/mem_intfc0/ddr_phy_top0/u_ddr_mc_phy_wrapper/u_ddr_mc_phy/ddr_phy_4lanes_0.u_ddr_phy_4lanes/ddr_byte_lane_D.ddr_byte_lane_D/out_fifo/RDCLK
                            (rising edge-triggered cell OUT_FIFO clocked by oserdes_clkdiv_3  {rise@0.000ns fall@3.333ns period=6.667ns})
  Destination:            i_platform/i_system_ddr/nolabel_line70/u_xilinx_ddr3_ctrl_axi32_mig/u_memc_ui_top_axi/mem_intfc0/ddr_phy_top0/u_ddr_mc_phy_wrapper/u_ddr_mc_phy/ddr_phy_4lanes_0.u_ddr_phy_4lanes/ddr_byte_lane_D.ddr_byte_lane_D/ddr_byte_group_io/output_[6].oserdes_dq_.ddr.oserdes_dq_i/D1
                            (rising edge-triggered cell OSERDESE2 clocked by oserdes_clkdiv_3  {rise@0.000ns fall@3.333ns period=6.667ns})
  Path Group:             oserdes_clkdiv_3
  Path Type:              Setup (Max at Slow Process Corner)
  Requirement:            6.667ns  (oserdes_clkdiv_3 rise@6.667ns - oserdes_clkdiv_3 rise@0.000ns)
  Data Path Delay:        1.142ns  (logic 0.674ns (59.004%)  route 0.468ns (40.997%))
  Logic Levels:           0  
  Clock Path Skew:        0.419ns (DCD - SCD + CPR)
    Destination Clock Delay (DCD):    5.313ns = ( 11.980 - 6.667 ) 
    Source Clock Delay      (SCD):    5.127ns
    Clock Pessimism Removal (CPR):    0.233ns
  Clock Uncertainty:      0.058ns  ((TSJ^2 + DJ^2)^1/2) / 2 + PE
    Total System Jitter     (TSJ):    0.071ns
    Discrete Jitter          (DJ):    0.091ns
    Phase Error              (PE):    0.000ns

    Location             Delay type                Incr(ns)  Path(ns)    Netlist Resource(s)
  -------------------------------------------------------------------    -------------------
                         (clock oserdes_clkdiv_3 rise edge)
                                                      0.000     0.000 r  <hidden>
    BUFGCTRL_X0Y16       BUFG                         0.000     0.000 r  external_clk_0_IBUF_BUFG_inst/O
                         net (fo=12425, routed)       1.809     1.809    i_platform/i_pll0/i_xilinx_clock_pll_0/inst/clk_in1
    MMCME2_ADV_X0Y0      MMCME2_ADV (Prop_mmcme2_adv_CLKIN1_CLKOUT2)
                                                     -3.922    -2.112 r  i_platform/i_pll0/i_xilinx_clock_pll_0/inst/mmcm_adv_inst/CLKOUT2
                         net (fo=1, routed)           2.018    -0.094    i_platform/i_pll0/i_xilinx_clock_pll_0/inst/clk_150000000_xilinx_clock_pll_0
    BUFGCTRL_X0Y2        BUFG (Prop_bufg_I_O)         0.096     0.002 r  i_platform/i_pll0/i_xilinx_clock_pll_0/inst/clkout3_buf/O
                         net (fo=1, routed)           1.664     1.666    i_platform/i_system_ddr/nolabel_line70/u_xilinx_ddr3_ctrl_axi32_mig/u_ddr3_infrastructure/mmcm_clk
    PLLE2_ADV_X1Y1       PLLE2_ADV (Prop_plle2_adv_CLKIN1_CLKOUT1)
                                                      0.088     1.754 r  i_platform/i_system_ddr/nolabel_line70/u_xilinx_ddr3_ctrl_axi32_mig/u_ddr3_infrastructure/plle2_i/CLKOUT1
                         net (fo=7, routed)           0.603     2.357    i_platform/i_system_ddr/nolabel_line70/u_xilinx_ddr3_ctrl_axi32_mig/u_memc_ui_top_axi/mem_intfc0/ddr_phy_top0/u_ddr_mc_phy_wrapper/u_ddr_mc_phy/ddr_phy_4lanes_0.u_ddr_phy_4lanes/ddr_byte_lane_D.ddr_byte_lane_D/mem_refclk
    PHASER_OUT_PHY_X1Y7  PHASER_OUT_PHY (Prop_phaser_out_phy_MEMREFCLK_OCLK)
                                                      2.613     4.970 r  i_platform/i_system_ddr/nolabel_line70/u_xilinx_ddr3_ctrl_axi32_mig/u_memc_ui_top_axi/mem_intfc0/ddr_phy_top0/u_ddr_mc_phy_wrapper/u_ddr_mc_phy/ddr_phy_4lanes_0.u_ddr_phy_4lanes/ddr_byte_lane_D.ddr_byte_lane_D/phaser_out/OCLK
    PHASER_OUT_PHY_X1Y7  PHASER_OUT_PHY (Prop_phaser_out_phy_OCLK_OCLKDIV)
                                                      0.157     5.127 r  i_platform/i_system_ddr/nolabel_line70/u_xilinx_ddr3_ctrl_axi32_mig/u_memc_ui_top_axi/mem_intfc0/ddr_phy_top0/u_ddr_mc_phy_wrapper/u_ddr_mc_phy/ddr_phy_4lanes_0.u_ddr_phy_4lanes/ddr_byte_lane_D.ddr_byte_lane_D/phaser_out/OCLKDIV
                         net (fo=11, routed)          0.000     5.127    i_platform/i_system_ddr/nolabel_line70/u_xilinx_ddr3_ctrl_axi32_mig/u_memc_ui_top_axi/mem_intfc0/ddr_phy_top0/u_ddr_mc_phy_wrapper/u_ddr_mc_phy/ddr_phy_4lanes_0.u_ddr_phy_4lanes/ddr_byte_lane_D.ddr_byte_lane_D/oserdes_clkdiv
    OUT_FIFO_X1Y7        OUT_FIFO                                     r  i_platform/i_system_ddr/nolabel_line70/u_xilinx_ddr3_ctrl_axi32_mig/u_memc_ui_top_axi/mem_intfc0/ddr_phy_top0/u_ddr_mc_phy_wrapper/u_ddr_mc_phy/ddr_phy_4lanes_0.u_ddr_phy_4lanes/ddr_byte_lane_D.ddr_byte_lane_D/out_fifo/RDCLK
  -------------------------------------------------------------------    -------------------
    OUT_FIFO_X1Y7        OUT_FIFO (Prop_out_fifo_RDCLK_Q6[0])
                                                      0.674     5.801 r  i_platform/i_system_ddr/nolabel_line70/u_xilinx_ddr3_ctrl_axi32_mig/u_memc_ui_top_axi/mem_intfc0/ddr_phy_top0/u_ddr_mc_phy_wrapper/u_ddr_mc_phy/ddr_phy_4lanes_0.u_ddr_phy_4lanes/ddr_byte_lane_D.ddr_byte_lane_D/out_fifo/Q6[0]
                         net (fo=1, routed)           0.468     6.270    i_platform/i_system_ddr/nolabel_line70/u_xilinx_ddr3_ctrl_axi32_mig/u_memc_ui_top_axi/mem_intfc0/ddr_phy_top0/u_ddr_mc_phy_wrapper/u_ddr_mc_phy/ddr_phy_4lanes_0.u_ddr_phy_4lanes/ddr_byte_lane_D.ddr_byte_lane_D/ddr_byte_group_io/of_dqbus[20]
    OLOGIC_X1Y95         OSERDESE2                                    r  i_platform/i_system_ddr/nolabel_line70/u_xilinx_ddr3_ctrl_axi32_mig/u_memc_ui_top_axi/mem_intfc0/ddr_phy_top0/u_ddr_mc_phy_wrapper/u_ddr_mc_phy/ddr_phy_4lanes_0.u_ddr_phy_4lanes/ddr_byte_lane_D.ddr_byte_lane_D/ddr_byte_group_io/output_[6].oserdes_dq_.ddr.oserdes_dq_i/D1
  -------------------------------------------------------------------    -------------------

                         (clock oserdes_clkdiv_3 rise edge)
                                                      6.667     6.667 r  <hidden>
    BUFGCTRL_X0Y16       BUFG                         0.000     6.667 r  external_clk_0_IBUF_BUFG_inst/O
                         net (fo=12425, routed)       1.683     8.350    i_platform/i_pll0/i_xilinx_clock_pll_0/inst/clk_in1
    MMCME2_ADV_X0Y0      MMCME2_ADV (Prop_mmcme2_adv_CLKIN1_CLKOUT2)
                                                     -3.694     4.656 r  i_platform/i_pll0/i_xilinx_clock_pll_0/inst/mmcm_adv_inst/CLKOUT2
                         net (fo=1, routed)           1.923     6.579    i_platform/i_pll0/i_xilinx_clock_pll_0/inst/clk_150000000_xilinx_clock_pll_0
    BUFGCTRL_X0Y2        BUFG (Prop_bufg_I_O)         0.091     6.670 r  i_platform/i_pll0/i_xilinx_clock_pll_0/inst/clkout3_buf/O
                         net (fo=1, routed)           1.541     8.211    i_platform/i_system_ddr/nolabel_line70/u_xilinx_ddr3_ctrl_axi32_mig/u_ddr3_infrastructure/mmcm_clk
    PLLE2_ADV_X1Y1       PLLE2_ADV (Prop_plle2_adv_CLKIN1_CLKOUT1)
                                                      0.083     8.294 r  i_platform/i_system_ddr/nolabel_line70/u_xilinx_ddr3_ctrl_axi32_mig/u_ddr3_infrastructure/plle2_i/CLKOUT1
                         net (fo=7, routed)           0.572     8.866    i_platform/i_system_ddr/nolabel_line70/u_xilinx_ddr3_ctrl_axi32_mig/u_memc_ui_top_axi/mem_intfc0/ddr_phy_top0/u_ddr_mc_phy_wrapper/u_ddr_mc_phy/ddr_phy_4lanes_0.u_ddr_phy_4lanes/ddr_byte_lane_D.ddr_byte_lane_D/mem_refclk
    PHASER_OUT_PHY_X1Y7  PHASER_OUT_PHY (Prop_phaser_out_phy_MEMREFCLK_OCLK)
                                                      2.547    11.413 r  i_platform/i_system_ddr/nolabel_line70/u_xilinx_ddr3_ctrl_axi32_mig/u_memc_ui_top_axi/mem_intfc0/ddr_phy_top0/u_ddr_mc_phy_wrapper/u_ddr_mc_phy/ddr_phy_4lanes_0.u_ddr_phy_4lanes/ddr_byte_lane_D.ddr_byte_lane_D/phaser_out/OCLK
    PHASER_OUT_PHY_X1Y7  PHASER_OUT_PHY (Prop_phaser_out_phy_OCLK_OCLKDIV)
                                                      0.148    11.561 r  i_platform/i_system_ddr/nolabel_line70/u_xilinx_ddr3_ctrl_axi32_mig/u_memc_ui_top_axi/mem_intfc0/ddr_phy_top0/u_ddr_mc_phy_wrapper/u_ddr_mc_phy/ddr_phy_4lanes_0.u_ddr_phy_4lanes/ddr_byte_lane_D.ddr_byte_lane_D/phaser_out/OCLKDIV
                         net (fo=11, routed)          0.419    11.980    i_platform/i_system_ddr/nolabel_line70/u_xilinx_ddr3_ctrl_axi32_mig/u_memc_ui_top_axi/mem_intfc0/ddr_phy_top0/u_ddr_mc_phy_wrapper/u_ddr_mc_phy/ddr_phy_4lanes_0.u_ddr_phy_4lanes/ddr_byte_lane_D.ddr_byte_lane_D/ddr_byte_group_io/oserdes_clkdiv
    OLOGIC_X1Y95         OSERDESE2                                    r  i_platform/i_system_ddr/nolabel_line70/u_xilinx_ddr3_ctrl_axi32_mig/u_memc_ui_top_axi/mem_intfc0/ddr_phy_top0/u_ddr_mc_phy_wrapper/u_ddr_mc_phy/ddr_phy_4lanes_0.u_ddr_phy_4lanes/ddr_byte_lane_D.ddr_byte_lane_D/ddr_byte_group_io/output_[6].oserdes_dq_.ddr.oserdes_dq_i/CLKDIV
                         clock pessimism              0.233    12.213    <hidden>
                         clock uncertainty           -0.058    12.155    <hidden>
    OLOGIC_X1Y95         OSERDESE2 (Setup_oserdese2_CLKDIV_D1)
                                                     -0.625    11.530    i_platform/i_system_ddr/nolabel_line70/u_xilinx_ddr3_ctrl_axi32_mig/u_memc_ui_top_axi/mem_intfc0/ddr_phy_top0/u_ddr_mc_phy_wrapper/u_ddr_mc_phy/ddr_phy_4lanes_0.u_ddr_phy_4lanes/ddr_byte_lane_D.ddr_byte_lane_D/ddr_byte_group_io/output_[6].oserdes_dq_.ddr.oserdes_dq_i
  -------------------------------------------------------------------
                         required time                         11.531    <hidden>
                         arrival time                          -6.270    <hidden>
  -------------------------------------------------------------------
                         slack                                  5.261    <hidden>





Min Delay Paths
--------------------------------------------------------------------------------------
Slack (MET) :             0.086ns  (arrival time - required time)
  Source:                 i_platform/i_system_ddr/nolabel_line70/u_xilinx_ddr3_ctrl_axi32_mig/u_memc_ui_top_axi/mem_intfc0/ddr_phy_top0/u_ddr_mc_phy_wrapper/u_ddr_mc_phy/ddr_phy_4lanes_0.u_ddr_phy_4lanes/ddr_byte_lane_D.ddr_byte_lane_D/out_fifo/RDCLK
                            (rising edge-triggered cell OUT_FIFO clocked by oserdes_clkdiv_3  {rise@0.000ns fall@3.333ns period=6.667ns})
  Destination:            i_platform/i_system_ddr/nolabel_line70/u_xilinx_ddr3_ctrl_axi32_mig/u_memc_ui_top_axi/mem_intfc0/ddr_phy_top0/u_ddr_mc_phy_wrapper/u_ddr_mc_phy/ddr_phy_4lanes_0.u_ddr_phy_4lanes/ddr_byte_lane_D.ddr_byte_lane_D/ddr_byte_group_io/output_[2].oserdes_dq_.ddr.oserdes_dq_i/D2
                            (rising edge-triggered cell OSERDESE2 clocked by oserdes_clkdiv_3  {rise@0.000ns fall@3.333ns period=6.667ns})
  Path Group:             oserdes_clkdiv_3
  Path Type:              Hold (Min at Fast Process Corner)
  Requirement:            0.000ns  (oserdes_clkdiv_3 rise@0.000ns - oserdes_clkdiv_3 rise@0.000ns)
  Data Path Delay:        0.288ns  (logic 0.138ns (47.866%)  route 0.150ns (52.134%))
  Logic Levels:           0  
  Clock Path Skew:        0.183ns (DCD - SCD - CPR)
    Destination Clock Delay (DCD):    3.678ns
    Source Clock Delay      (SCD):    3.148ns
    Clock Pessimism Removal (CPR):    0.347ns

    Location             Delay type                Incr(ns)  Path(ns)    Netlist Resource(s)
  -------------------------------------------------------------------    -------------------
                         (clock oserdes_clkdiv_3 rise edge)
                                                      0.000     0.000 r  <hidden>
    BUFGCTRL_X0Y16       BUFG                         0.000     0.000 r  external_clk_0_IBUF_BUFG_inst/O
                         net (fo=12425, routed)       0.624     0.624    i_platform/i_pll0/i_xilinx_clock_pll_0/inst/clk_in1
    MMCME2_ADV_X0Y0      MMCME2_ADV (Prop_mmcme2_adv_CLKIN1_CLKOUT2)
                                                     -1.296    -0.672 r  i_platform/i_pll0/i_xilinx_clock_pll_0/inst/mmcm_adv_inst/CLKOUT2
                         net (fo=1, routed)           0.648    -0.024    i_platform/i_pll0/i_xilinx_clock_pll_0/inst/clk_150000000_xilinx_clock_pll_0
    BUFGCTRL_X0Y2        BUFG (Prop_bufg_I_O)         0.026     0.002 r  i_platform/i_pll0/i_xilinx_clock_pll_0/inst/clkout3_buf/O
                         net (fo=1, routed)           0.564     0.566    i_platform/i_system_ddr/nolabel_line70/u_xilinx_ddr3_ctrl_axi32_mig/u_ddr3_infrastructure/mmcm_clk
    PLLE2_ADV_X1Y1       PLLE2_ADV (Prop_plle2_adv_CLKIN1_CLKOUT1)
                                                      0.050     0.616 r  i_platform/i_system_ddr/nolabel_line70/u_xilinx_ddr3_ctrl_axi32_mig/u_ddr3_infrastructure/plle2_i/CLKOUT1
                         net (fo=7, routed)           0.190     0.806    i_platform/i_system_ddr/nolabel_line70/u_xilinx_ddr3_ctrl_axi32_mig/u_memc_ui_top_axi/mem_intfc0/ddr_phy_top0/u_ddr_mc_phy_wrapper/u_ddr_mc_phy/ddr_phy_4lanes_0.u_ddr_phy_4lanes/ddr_byte_lane_D.ddr_byte_lane_D/mem_refclk
    PHASER_OUT_PHY_X1Y7  PHASER_OUT_PHY (Prop_phaser_out_phy_MEMREFCLK_OCLK)
                                                      2.259     3.065 r  i_platform/i_system_ddr/nolabel_line70/u_xilinx_ddr3_ctrl_axi32_mig/u_memc_ui_top_axi/mem_intfc0/ddr_phy_top0/u_ddr_mc_phy_wrapper/u_ddr_mc_phy/ddr_phy_4lanes_0.u_ddr_phy_4lanes/ddr_byte_lane_D.ddr_byte_lane_D/phaser_out/OCLK
    PHASER_OUT_PHY_X1Y7  PHASER_OUT_PHY (Prop_phaser_out_phy_OCLK_OCLKDIV)
                                                      0.083     3.148 r  i_platform/i_system_ddr/nolabel_line70/u_xilinx_ddr3_ctrl_axi32_mig/u_memc_ui_top_axi/mem_intfc0/ddr_phy_top0/u_ddr_mc_phy_wrapper/u_ddr_mc_phy/ddr_phy_4lanes_0.u_ddr_phy_4lanes/ddr_byte_lane_D.ddr_byte_lane_D/phaser_out/OCLKDIV
                         net (fo=11, routed)          0.000     3.148    i_platform/i_system_ddr/nolabel_line70/u_xilinx_ddr3_ctrl_axi32_mig/u_memc_ui_top_axi/mem_intfc0/ddr_phy_top0/u_ddr_mc_phy_wrapper/u_ddr_mc_phy/ddr_phy_4lanes_0.u_ddr_phy_4lanes/ddr_byte_lane_D.ddr_byte_lane_D/oserdes_clkdiv
    OUT_FIFO_X1Y7        OUT_FIFO                                     r  i_platform/i_system_ddr/nolabel_line70/u_xilinx_ddr3_ctrl_axi32_mig/u_memc_ui_top_axi/mem_intfc0/ddr_phy_top0/u_ddr_mc_phy_wrapper/u_ddr_mc_phy/ddr_phy_4lanes_0.u_ddr_phy_4lanes/ddr_byte_lane_D.ddr_byte_lane_D/out_fifo/RDCLK
  -------------------------------------------------------------------    -------------------
    OUT_FIFO_X1Y7        OUT_FIFO (Prop_out_fifo_RDCLK_Q2[1])
                                                      0.138     3.286 r  i_platform/i_system_ddr/nolabel_line70/u_xilinx_ddr3_ctrl_axi32_mig/u_memc_ui_top_axi/mem_intfc0/ddr_phy_top0/u_ddr_mc_phy_wrapper/u_ddr_mc_phy/ddr_phy_4lanes_0.u_ddr_phy_4lanes/ddr_byte_lane_D.ddr_byte_lane_D/out_fifo/Q2[1]
                         net (fo=1, routed)           0.150     3.436    i_platform/i_system_ddr/nolabel_line70/u_xilinx_ddr3_ctrl_axi32_mig/u_memc_ui_top_axi/mem_intfc0/ddr_phy_top0/u_ddr_mc_phy_wrapper/u_ddr_mc_phy/ddr_phy_4lanes_0.u_ddr_phy_4lanes/ddr_byte_lane_D.ddr_byte_lane_D/ddr_byte_group_io/of_dqbus[5]
    OLOGIC_X1Y89         OSERDESE2                                    r  i_platform/i_system_ddr/nolabel_line70/u_xilinx_ddr3_ctrl_axi32_mig/u_memc_ui_top_axi/mem_intfc0/ddr_phy_top0/u_ddr_mc_phy_wrapper/u_ddr_mc_phy/ddr_phy_4lanes_0.u_ddr_phy_4lanes/ddr_byte_lane_D.ddr_byte_lane_D/ddr_byte_group_io/output_[2].oserdes_dq_.ddr.oserdes_dq_i/D2
  -------------------------------------------------------------------    -------------------

                         (clock oserdes_clkdiv_3 rise edge)
                                                      0.000     0.000 r  <hidden>
    BUFGCTRL_X0Y16       BUFG                         0.000     0.000 r  external_clk_0_IBUF_BUFG_inst/O
                         net (fo=12425, routed)       0.898     0.898    i_platform/i_pll0/i_xilinx_clock_pll_0/inst/clk_in1
    MMCME2_ADV_X0Y0      MMCME2_ADV (Prop_mmcme2_adv_CLKIN1_CLKOUT2)
                                                     -1.625    -0.727 r  i_platform/i_pll0/i_xilinx_clock_pll_0/inst/mmcm_adv_inst/CLKOUT2
                         net (fo=1, routed)           0.700    -0.027    i_platform/i_pll0/i_xilinx_clock_pll_0/inst/clk_150000000_xilinx_clock_pll_0
    BUFGCTRL_X0Y2        BUFG (Prop_bufg_I_O)         0.029     0.002 r  i_platform/i_pll0/i_xilinx_clock_pll_0/inst/clkout3_buf/O
                         net (fo=1, routed)           0.833     0.835    i_platform/i_system_ddr/nolabel_line70/u_xilinx_ddr3_ctrl_axi32_mig/u_ddr3_infrastructure/mmcm_clk
    PLLE2_ADV_X1Y1       PLLE2_ADV (Prop_plle2_adv_CLKIN1_CLKOUT1)
                                                      0.053     0.888 r  i_platform/i_system_ddr/nolabel_line70/u_xilinx_ddr3_ctrl_axi32_mig/u_ddr3_infrastructure/plle2_i/CLKOUT1
                         net (fo=7, routed)           0.209     1.097    i_platform/i_system_ddr/nolabel_line70/u_xilinx_ddr3_ctrl_axi32_mig/u_memc_ui_top_axi/mem_intfc0/ddr_phy_top0/u_ddr_mc_phy_wrapper/u_ddr_mc_phy/ddr_phy_4lanes_0.u_ddr_phy_4lanes/ddr_byte_lane_D.ddr_byte_lane_D/mem_refclk
    PHASER_OUT_PHY_X1Y7  PHASER_OUT_PHY (Prop_phaser_out_phy_MEMREFCLK_OCLK)
                                                      2.310     3.407 r  i_platform/i_system_ddr/nolabel_line70/u_xilinx_ddr3_ctrl_axi32_mig/u_memc_ui_top_axi/mem_intfc0/ddr_phy_top0/u_ddr_mc_phy_wrapper/u_ddr_mc_phy/ddr_phy_4lanes_0.u_ddr_phy_4lanes/ddr_byte_lane_D.ddr_byte_lane_D/phaser_out/OCLK
    PHASER_OUT_PHY_X1Y7  PHASER_OUT_PHY (Prop_phaser_out_phy_OCLK_OCLKDIV)
                                                      0.088     3.495 r  i_platform/i_system_ddr/nolabel_line70/u_xilinx_ddr3_ctrl_axi32_mig/u_memc_ui_top_axi/mem_intfc0/ddr_phy_top0/u_ddr_mc_phy_wrapper/u_ddr_mc_phy/ddr_phy_4lanes_0.u_ddr_phy_4lanes/ddr_byte_lane_D.ddr_byte_lane_D/phaser_out/OCLKDIV
                         net (fo=11, routed)          0.183     3.678    i_platform/i_system_ddr/nolabel_line70/u_xilinx_ddr3_ctrl_axi32_mig/u_memc_ui_top_axi/mem_intfc0/ddr_phy_top0/u_ddr_mc_phy_wrapper/u_ddr_mc_phy/ddr_phy_4lanes_0.u_ddr_phy_4lanes/ddr_byte_lane_D.ddr_byte_lane_D/ddr_byte_group_io/oserdes_clkdiv
    OLOGIC_X1Y89         OSERDESE2                                    r  i_platform/i_system_ddr/nolabel_line70/u_xilinx_ddr3_ctrl_axi32_mig/u_memc_ui_top_axi/mem_intfc0/ddr_phy_top0/u_ddr_mc_phy_wrapper/u_ddr_mc_phy/ddr_phy_4lanes_0.u_ddr_phy_4lanes/ddr_byte_lane_D.ddr_byte_lane_D/ddr_byte_group_io/output_[2].oserdes_dq_.ddr.oserdes_dq_i/CLKDIV
                         clock pessimism             -0.347     3.331    <hidden>
    OLOGIC_X1Y89         OSERDESE2 (Hold_oserdese2_CLKDIV_D2)
                                                      0.019     3.350    i_platform/i_system_ddr/nolabel_line70/u_xilinx_ddr3_ctrl_axi32_mig/u_memc_ui_top_axi/mem_intfc0/ddr_phy_top0/u_ddr_mc_phy_wrapper/u_ddr_mc_phy/ddr_phy_4lanes_0.u_ddr_phy_4lanes/ddr_byte_lane_D.ddr_byte_lane_D/ddr_byte_group_io/output_[2].oserdes_dq_.ddr.oserdes_dq_i
  -------------------------------------------------------------------
                         required time                         -3.350    <hidden>
                         arrival time                           3.436    <hidden>
  -------------------------------------------------------------------
                         slack                                  0.086    <hidden>





Pulse Width Checks
--------------------------------------------------------------------------------------
Clock Name:         oserdes_clkdiv_3
Waveform(ns):       { 0.000 3.333 }
Period(ns):         6.667
Sources:            { i_platform/i_system_ddr/nolabel_line70/u_xilinx_ddr3_ctrl_axi32_mig/u_memc_ui_top_axi/mem_intfc0/ddr_phy_top0/u_ddr_mc_phy_wrapper/u_ddr_mc_phy/ddr_phy_4lanes_0.u_ddr_phy_4lanes/ddr_byte_lane_D.ddr_byte_lane_D/phaser_out/OCLKDIV }

Check Type        Corner  Lib Pin         Reference Pin  Required(ns)  Actual(ns)  Slack(ns)  Location       Pin
Min Period        n/a     OUT_FIFO/RDCLK  n/a            5.000         6.667       1.667      OUT_FIFO_X1Y7  i_platform/i_system_ddr/nolabel_line70/u_xilinx_ddr3_ctrl_axi32_mig/u_memc_ui_top_axi/mem_intfc0/ddr_phy_top0/u_ddr_mc_phy_wrapper/u_ddr_mc_phy/ddr_phy_4lanes_0.u_ddr_phy_4lanes/ddr_byte_lane_D.ddr_byte_lane_D/out_fifo/RDCLK
Low Pulse Width   Slow    OUT_FIFO/RDCLK  n/a            2.150         3.333       1.183      OUT_FIFO_X1Y7  i_platform/i_system_ddr/nolabel_line70/u_xilinx_ddr3_ctrl_axi32_mig/u_memc_ui_top_axi/mem_intfc0/ddr_phy_top0/u_ddr_mc_phy_wrapper/u_ddr_mc_phy/ddr_phy_4lanes_0.u_ddr_phy_4lanes/ddr_byte_lane_D.ddr_byte_lane_D/out_fifo/RDCLK
High Pulse Width  Slow    OUT_FIFO/RDCLK  n/a            2.150         3.333       1.183      OUT_FIFO_X1Y7  i_platform/i_system_ddr/nolabel_line70/u_xilinx_ddr3_ctrl_axi32_mig/u_memc_ui_top_axi/mem_intfc0/ddr_phy_top0/u_ddr_mc_phy_wrapper/u_ddr_mc_phy/ddr_phy_4lanes_0.u_ddr_phy_4lanes/ddr_byte_lane_D.ddr_byte_lane_D/out_fifo/RDCLK



---------------------------------------------------------------------------------------------------
From Clock:  pll_clk3_out
  To Clock:  pll_clk3_out

Setup :           NA  Failing Endpoints,  Worst Slack           NA  ,  Total Violation           NA
Hold  :           NA  Failing Endpoints,  Worst Slack           NA  ,  Total Violation           NA
PW    :            0  Failing Endpoints,  Worst Slack        1.833ns,  Total Violation        0.000ns
---------------------------------------------------------------------------------------------------


Pulse Width Checks
--------------------------------------------------------------------------------------
Clock Name:         pll_clk3_out
Waveform(ns):       { 0.000 3.333 }
Period(ns):         6.667
Sources:            { i_platform/i_system_ddr/nolabel_line70/u_xilinx_ddr3_ctrl_axi32_mig/u_ddr3_infrastructure/plle2_i/CLKOUT3 }

Check Type        Corner  Lib Pin            Reference Pin  Required(ns)  Actual(ns)  Slack(ns)  Location         Pin
Min Period        n/a     BUFH/I             n/a            2.155         6.667       4.511      BUFHCE_X1Y12     i_platform/i_system_ddr/nolabel_line70/u_xilinx_ddr3_ctrl_axi32_mig/u_ddr3_infrastructure/u_bufh_pll_clk3/I
Max Period        n/a     MMCME2_ADV/CLKIN1  n/a            100.000       6.667       93.333     MMCME2_ADV_X1Y1  i_platform/i_system_ddr/nolabel_line70/u_xilinx_ddr3_ctrl_axi32_mig/u_ddr3_infrastructure/gen_mmcm.mmcm_i/CLKIN1
Low Pulse Width   Slow    MMCME2_ADV/CLKIN1  n/a            1.500         3.333       1.833      MMCME2_ADV_X1Y1  i_platform/i_system_ddr/nolabel_line70/u_xilinx_ddr3_ctrl_axi32_mig/u_ddr3_infrastructure/gen_mmcm.mmcm_i/CLKIN1
High Pulse Width  Slow    MMCME2_ADV/CLKIN1  n/a            1.500         3.333       1.833      MMCME2_ADV_X1Y1  i_platform/i_system_ddr/nolabel_line70/u_xilinx_ddr3_ctrl_axi32_mig/u_ddr3_infrastructure/gen_mmcm.mmcm_i/CLKIN1



---------------------------------------------------------------------------------------------------
From Clock:  clk_pll_i
  To Clock:  clk_pll_i

Setup :           79  Failing Endpoints,  Worst Slack       -0.659ns,  Total Violation      -21.825ns
Hold  :            0  Failing Endpoints,  Worst Slack        0.008ns,  Total Violation        0.000ns
PW    :            0  Failing Endpoints,  Worst Slack        1.183ns,  Total Violation        0.000ns
---------------------------------------------------------------------------------------------------


Max Delay Paths
--------------------------------------------------------------------------------------
Slack (VIOLATED) :        -0.659ns  (required time - arrival time)
  Source:                 i_platform/i_rtl/i_snim_i_system_sram_no_name/i_munoc_instance_0/i_munoc_instance_2/i_munoc_instance_0/i_gen_buffer[0].i_munoc_instance_0/i_rvx_instance_0/value_reg[1]/C
                            (rising edge-triggered cell FDCE clocked by clk_pll_i  {rise@0.000ns fall@3.333ns period=6.667ns})
  Destination:            i_platform/i_rtl/i_snim_i_system_sram_no_name/i_munoc_instance_0/i_munoc_instance_2/i_munoc_instance_0/i_gen_buffer[0].i_munoc_instance_0/i_rvx_instance_1/value_reg[7]/CE
                            (rising edge-triggered cell FDCE clocked by clk_pll_i  {rise@0.000ns fall@3.333ns period=6.667ns})
  Path Group:             clk_pll_i
  Path Type:              Setup (Max at Slow Process Corner)
  Requirement:            6.667ns  (clk_pll_i rise@6.667ns - clk_pll_i rise@0.000ns)
  Data Path Delay:        7.023ns  (logic 2.130ns (30.329%)  route 4.893ns (69.671%))
  Logic Levels:           13  (LUT2=2 LUT3=1 LUT4=3 LUT5=4 LUT6=3)
  Clock Path Skew:        -0.040ns (DCD - SCD + CPR)
    Destination Clock Delay (DCD):    3.865ns = ( 10.532 - 6.667 ) 
    Source Clock Delay      (SCD):    4.161ns
    Clock Pessimism Removal (CPR):    0.256ns
  Clock Uncertainty:      0.057ns  ((TSJ^2 + DJ^2)^1/2) / 2 + PE
    Total System Jitter     (TSJ):    0.071ns
    Discrete Jitter          (DJ):    0.090ns
    Phase Error              (PE):    0.000ns

    Location             Delay type                Incr(ns)  Path(ns)    Netlist Resource(s)
  -------------------------------------------------------------------    -------------------
                         (clock clk_pll_i rise edge)
                                                      0.000     0.000 r  <hidden>
    BUFGCTRL_X0Y16       BUFG                         0.000     0.000 r  external_clk_0_IBUF_BUFG_inst/O
                         net (fo=12425, routed)       1.809     1.809    i_platform/i_pll0/i_xilinx_clock_pll_0/inst/clk_in1
    MMCME2_ADV_X0Y0      MMCME2_ADV (Prop_mmcme2_adv_CLKIN1_CLKOUT2)
                                                     -3.922    -2.112 r  i_platform/i_pll0/i_xilinx_clock_pll_0/inst/mmcm_adv_inst/CLKOUT2
                         net (fo=1, routed)           2.018    -0.094    i_platform/i_pll0/i_xilinx_clock_pll_0/inst/clk_150000000_xilinx_clock_pll_0
    BUFGCTRL_X0Y2        BUFG (Prop_bufg_I_O)         0.096     0.002 r  i_platform/i_pll0/i_xilinx_clock_pll_0/inst/clkout3_buf/O
                         net (fo=1, routed)           1.664     1.666    i_platform/i_system_ddr/nolabel_line70/u_xilinx_ddr3_ctrl_axi32_mig/u_ddr3_infrastructure/mmcm_clk
    PLLE2_ADV_X1Y1       PLLE2_ADV (Prop_plle2_adv_CLKIN1_CLKOUT3)
                                                      0.088     1.754 r  i_platform/i_system_ddr/nolabel_line70/u_xilinx_ddr3_ctrl_axi32_mig/u_ddr3_infrastructure/plle2_i/CLKOUT3
                         net (fo=1, routed)           1.281     3.035    i_platform/i_system_ddr/nolabel_line70/u_xilinx_ddr3_ctrl_axi32_mig/u_ddr3_infrastructure/pll_clk3_out
    BUFHCE_X1Y12         BUFH (Prop_bufh_I_O)         0.127     3.162 r  i_platform/i_system_ddr/nolabel_line70/u_xilinx_ddr3_ctrl_axi32_mig/u_ddr3_infrastructure/u_bufh_pll_clk3/O
                         net (fo=1, routed)           0.841     4.003    i_platform/i_system_ddr/nolabel_line70/u_xilinx_ddr3_ctrl_axi32_mig/u_ddr3_infrastructure/pll_clk3
    MMCME2_ADV_X1Y1      MMCME2_ADV (Prop_mmcme2_adv_CLKIN1_CLKFBOUT)
                                                     -3.457     0.547 r  i_platform/i_system_ddr/nolabel_line70/u_xilinx_ddr3_ctrl_axi32_mig/u_ddr3_infrastructure/gen_mmcm.mmcm_i/CLKFBOUT
                         net (fo=1, routed)           1.719     2.266    i_platform/i_system_ddr/nolabel_line70/u_xilinx_ddr3_ctrl_axi32_mig/u_ddr3_infrastructure/clk_pll_i
    BUFGCTRL_X0Y0        BUFG (Prop_bufg_I_O)         0.096     2.362 r  i_platform/i_system_ddr/nolabel_line70/u_xilinx_ddr3_ctrl_axi32_mig/u_ddr3_infrastructure/u_bufg_clkdiv0/O
                         net (fo=10772, routed)       1.799     4.161    i_platform/i_rtl/i_snim_i_system_sram_no_name/i_munoc_instance_0/i_munoc_instance_2/i_munoc_instance_0/i_gen_buffer[0].i_munoc_instance_0/i_rvx_instance_0/ui_clk
    SLICE_X50Y160        FDCE                                         r  i_platform/i_rtl/i_snim_i_system_sram_no_name/i_munoc_instance_0/i_munoc_instance_2/i_munoc_instance_0/i_gen_buffer[0].i_munoc_instance_0/i_rvx_instance_0/value_reg[1]/C
  -------------------------------------------------------------------    -------------------
    SLICE_X50Y160        FDCE (Prop_fdce_C_Q)         0.518     4.679 r  i_platform/i_rtl/i_snim_i_system_sram_no_name/i_munoc_instance_0/i_munoc_instance_2/i_munoc_instance_0/i_gen_buffer[0].i_munoc_instance_0/i_rvx_instance_0/value_reg[1]/Q
                         net (fo=37, routed)          0.699     5.378    i_platform/i_rtl/i_snim_i_system_sram_no_name/i_munoc_instance_0/i_munoc_instance_2/i_munoc_instance_0/i_gen_buffer[0].i_munoc_instance_0/i_rvx_instance_0/rvx_signal_1[1]
    SLICE_X48Y161        LUT4 (Prop_lut4_I3_O)        0.124     5.502 r  i_platform/i_rtl/i_snim_i_system_sram_no_name/i_munoc_instance_0/i_munoc_instance_2/i_munoc_instance_0/i_gen_buffer[0].i_munoc_instance_0/i_rvx_instance_0/FSM_sequential_munoc_signal_04[1]_i_6__3/O
                         net (fo=1, routed)           0.318     5.820    i_platform/i_rtl/i_snim_i_system_sram_no_name/i_munoc_instance_0/i_munoc_instance_2/i_munoc_instance_0/i_gen_buffer[0].i_munoc_instance_0/i_rvx_instance_0/FSM_sequential_munoc_signal_04[1]_i_6__3_n_0
    SLICE_X50Y161        LUT5 (Prop_lut5_I4_O)        0.124     5.944 r  i_platform/i_rtl/i_snim_i_system_sram_no_name/i_munoc_instance_0/i_munoc_instance_2/i_munoc_instance_0/i_gen_buffer[0].i_munoc_instance_0/i_rvx_instance_0/FSM_sequential_munoc_signal_04[1]_i_5__4/O
                         net (fo=1, routed)           0.303     6.247    i_platform/i_rtl/i_snim_i_system_sram_no_name/i_munoc_instance_0/i_munoc_instance_2/i_munoc_instance_0/i_gen_buffer[0].i_munoc_instance_0/i_rvx_instance_0/FSM_sequential_munoc_signal_04[1]_i_5__4_n_0
    SLICE_X49Y161        LUT6 (Prop_lut6_I5_O)        0.124     6.371 r  i_platform/i_rtl/i_snim_i_system_sram_no_name/i_munoc_instance_0/i_munoc_instance_2/i_munoc_instance_0/i_gen_buffer[0].i_munoc_instance_0/i_rvx_instance_0/FSM_sequential_munoc_signal_04[1]_i_2__0/O
                         net (fo=10, routed)          0.483     6.854    i_platform/i_rtl/i_snim_i_system_sram_no_name/i_munoc_instance_0/i_munoc_instance_0/i_munoc_instance_1/FSM_sequential_munoc_signal_04_reg[1]
    SLICE_X50Y160        LUT4 (Prop_lut4_I0_O)        0.124     6.978 r  i_platform/i_rtl/i_snim_i_system_sram_no_name/i_munoc_instance_0/i_munoc_instance_0/i_munoc_instance_1/rvx_signal_8[1]_i_4__4/O
                         net (fo=3, routed)           0.438     7.416    i_platform/i_rtl/i_snim_i_system_sram_no_name/i_munoc_instance_0/i_munoc_instance_0/i_munoc_instance_1/i_system_sram_sxawvalid
    SLICE_X53Y161        LUT5 (Prop_lut5_I2_O)        0.124     7.540 r  i_platform/i_rtl/i_snim_i_system_sram_no_name/i_munoc_instance_0/i_munoc_instance_0/i_munoc_instance_1/rvx_signal_8[0]_i_5/O
                         net (fo=3, routed)           0.179     7.719    i_platform/i_system_sram/i_controller/i_rvx_instance_0/i_rvx_instance_0/i_rvx_instance_1/i_rvx_instance_0/i_rvx_instance_0/rvx_signal_00_reg[1]_0
    SLICE_X53Y161        LUT6 (Prop_lut6_I5_O)        0.124     7.843 f  i_platform/i_system_sram/i_controller/i_rvx_instance_0/i_rvx_instance_0/i_rvx_instance_1/i_rvx_instance_0/i_rvx_instance_0/i_write_bit[1].rvx_signal_3_reg_0_i_4/O
                         net (fo=23, routed)          0.322     8.165    i_platform/i_system_sram/i_controller/i_rvx_instance_0/i_rvx_instance_0/i_rvx_instance_1/i_rvx_instance_0/i_rvx_instance_0/rvx_port_10_reg[0]_0
    SLICE_X53Y161        LUT5 (Prop_lut5_I4_O)        0.124     8.289 r  i_platform/i_system_sram/i_controller/i_rvx_instance_0/i_rvx_instance_0/i_rvx_instance_1/i_rvx_instance_0/i_rvx_instance_0/rvx_signal_8[0]_i_3__0/O
                         net (fo=4, routed)           0.347     8.636    i_platform/i_system_sram/i_controller/i_rvx_instance_0/i_rvx_instance_1/i_rvx_instance_1/munoc_signal_18_reg[7]
    SLICE_X50Y161        LUT2 (Prop_lut2_I1_O)        0.124     8.760 r  i_platform/i_system_sram/i_controller/i_rvx_instance_0/i_rvx_instance_1/i_rvx_instance_1/value[3]_i_2__25/O
                         net (fo=4, routed)           0.335     9.095    i_platform/i_rtl/i_snim_i_system_sram_no_name/i_munoc_instance_0/i_munoc_instance_2/i_munoc_instance_0/i_gen_buffer[0].i_munoc_instance_0/i_rvx_instance_1/i_rtl_i_system_sram_sxwready
    SLICE_X49Y161        LUT5 (Prop_lut5_I3_O)        0.124     9.219 r  i_platform/i_rtl/i_snim_i_system_sram_no_name/i_munoc_instance_0/i_munoc_instance_2/i_munoc_instance_0/i_gen_buffer[0].i_munoc_instance_0/i_rvx_instance_1/FSM_sequential_munoc_signal_04[1]_i_3__4/O
                         net (fo=3, routed)           0.167     9.386    i_platform/i_rtl/i_snim_i_system_sram_no_name/i_munoc_instance_0/i_munoc_instance_0/i_munoc_instance_0/munoc_signal_19_reg[0]
    SLICE_X49Y161        LUT6 (Prop_lut6_I0_O)        0.124     9.510 f  i_platform/i_rtl/i_snim_i_system_sram_no_name/i_munoc_instance_0/i_munoc_instance_0/i_munoc_instance_0/munoc_signal_19[3]_i_3__5/O
                         net (fo=1, routed)           0.282     9.792    i_platform/i_rtl/i_snim_i_system_sram_no_name/i_munoc_instance_0/i_munoc_instance_0/i_munoc_instance_1/munoc_signal_19_reg[0]_0
    SLICE_X47Y161        LUT2 (Prop_lut2_I1_O)        0.124     9.916 r  i_platform/i_rtl/i_snim_i_system_sram_no_name/i_munoc_instance_0/i_munoc_instance_0/i_munoc_instance_1/munoc_signal_19[3]_i_1__5/O
                         net (fo=10, routed)          0.326    10.241    i_platform/i_rtl/i_snim_i_system_sram_no_name/i_munoc_instance_0/i_munoc_instance_0/i_munoc_instance_1/munoc_signal_04
    SLICE_X49Y161        LUT3 (Prop_lut3_I1_O)        0.124    10.365 r  i_platform/i_rtl/i_snim_i_system_sram_no_name/i_munoc_instance_0/i_munoc_instance_0/i_munoc_instance_1/value[7]_i_1__6/O
                         net (fo=17, routed)          0.333    10.698    i_platform/i_rtl/i_snim_i_system_sram_no_name/i_munoc_instance_0/i_munoc_instance_2/i_munoc_instance_1/rvx_signal_0_0
    SLICE_X47Y161        LUT4 (Prop_lut4_I3_O)        0.124    10.822 r  i_platform/i_rtl/i_snim_i_system_sram_no_name/i_munoc_instance_0/i_munoc_instance_2/i_munoc_instance_1/value[7]_i_1__5/O
                         net (fo=8, routed)           0.362    11.184    i_platform/i_rtl/i_snim_i_system_sram_no_name/i_munoc_instance_0/i_munoc_instance_2/i_munoc_instance_0/i_gen_buffer[0].i_munoc_instance_0/i_rvx_instance_1/value_reg[0]_3[0]
    SLICE_X49Y160        FDCE                                         r  i_platform/i_rtl/i_snim_i_system_sram_no_name/i_munoc_instance_0/i_munoc_instance_2/i_munoc_instance_0/i_gen_buffer[0].i_munoc_instance_0/i_rvx_instance_1/value_reg[7]/CE
  -------------------------------------------------------------------    -------------------

                         (clock clk_pll_i rise edge)
                                                      6.667     6.667 r  <hidden>
    BUFGCTRL_X0Y16       BUFG                         0.000     6.667 r  external_clk_0_IBUF_BUFG_inst/O
                         net (fo=12425, routed)       1.683     8.350    i_platform/i_pll0/i_xilinx_clock_pll_0/inst/clk_in1
    MMCME2_ADV_X0Y0      MMCME2_ADV (Prop_mmcme2_adv_CLKIN1_CLKOUT2)
                                                     -3.694     4.656 r  i_platform/i_pll0/i_xilinx_clock_pll_0/inst/mmcm_adv_inst/CLKOUT2
                         net (fo=1, routed)           1.923     6.579    i_platform/i_pll0/i_xilinx_clock_pll_0/inst/clk_150000000_xilinx_clock_pll_0
    BUFGCTRL_X0Y2        BUFG (Prop_bufg_I_O)         0.091     6.670 r  i_platform/i_pll0/i_xilinx_clock_pll_0/inst/clkout3_buf/O
                         net (fo=1, routed)           1.541     8.211    i_platform/i_system_ddr/nolabel_line70/u_xilinx_ddr3_ctrl_axi32_mig/u_ddr3_infrastructure/mmcm_clk
    PLLE2_ADV_X1Y1       PLLE2_ADV (Prop_plle2_adv_CLKIN1_CLKOUT3)
                                                      0.083     8.294 r  i_platform/i_system_ddr/nolabel_line70/u_xilinx_ddr3_ctrl_axi32_mig/u_ddr3_infrastructure/plle2_i/CLKOUT3
                         net (fo=1, routed)           1.205     9.499    i_platform/i_system_ddr/nolabel_line70/u_xilinx_ddr3_ctrl_axi32_mig/u_ddr3_infrastructure/pll_clk3_out
    BUFHCE_X1Y12         BUFH (Prop_bufh_I_O)         0.081     9.580 r  i_platform/i_system_ddr/nolabel_line70/u_xilinx_ddr3_ctrl_axi32_mig/u_ddr3_infrastructure/u_bufh_pll_clk3/O
                         net (fo=1, routed)           0.799    10.379    i_platform/i_system_ddr/nolabel_line70/u_xilinx_ddr3_ctrl_axi32_mig/u_ddr3_infrastructure/pll_clk3
    MMCME2_ADV_X1Y1      MMCME2_ADV (Prop_mmcme2_adv_CLKIN1_CLKFBOUT)
                                                     -3.249     7.130 r  i_platform/i_system_ddr/nolabel_line70/u_xilinx_ddr3_ctrl_axi32_mig/u_ddr3_infrastructure/gen_mmcm.mmcm_i/CLKFBOUT
                         net (fo=1, routed)           1.639     8.769    i_platform/i_system_ddr/nolabel_line70/u_xilinx_ddr3_ctrl_axi32_mig/u_ddr3_infrastructure/clk_pll_i
    BUFGCTRL_X0Y0        BUFG (Prop_bufg_I_O)         0.091     8.860 r  i_platform/i_system_ddr/nolabel_line70/u_xilinx_ddr3_ctrl_axi32_mig/u_ddr3_infrastructure/u_bufg_clkdiv0/O
                         net (fo=10772, routed)       1.672    10.532    i_platform/i_rtl/i_snim_i_system_sram_no_name/i_munoc_instance_0/i_munoc_instance_2/i_munoc_instance_0/i_gen_buffer[0].i_munoc_instance_0/i_rvx_instance_1/ui_clk
    SLICE_X49Y160        FDCE                                         r  i_platform/i_rtl/i_snim_i_system_sram_no_name/i_munoc_instance_0/i_munoc_instance_2/i_munoc_instance_0/i_gen_buffer[0].i_munoc_instance_0/i_rvx_instance_1/value_reg[7]/C
                         clock pessimism              0.256    10.788    <hidden>
                         clock uncertainty           -0.057    10.731    <hidden>
    SLICE_X49Y160        FDCE (Setup_fdce_C_CE)      -0.205    10.526    i_platform/i_rtl/i_snim_i_system_sram_no_name/i_munoc_instance_0/i_munoc_instance_2/i_munoc_instance_0/i_gen_buffer[0].i_munoc_instance_0/i_rvx_instance_1/value_reg[7]
  -------------------------------------------------------------------
                         required time                         10.526    <hidden>
                         arrival time                         -11.184    <hidden>
  -------------------------------------------------------------------
                         slack                                 -0.659    <hidden>





Min Delay Paths
--------------------------------------------------------------------------------------
Slack (MET) :             0.008ns  (arrival time - required time)
  Source:                 i_platform/i_system_ddr/nolabel_line70/u_xilinx_ddr3_ctrl_axi32_mig/u_memc_ui_top_axi/u_ui_top/ui_rd_data0/not_strict_mode.status_ram.status_ram_wr_addr_r_reg[4]/C
                            (rising edge-triggered cell FDRE clocked by clk_pll_i  {rise@0.000ns fall@3.333ns period=6.667ns})
  Destination:            i_platform/i_system_ddr/nolabel_line70/u_xilinx_ddr3_ctrl_axi32_mig/u_memc_ui_top_axi/u_ui_top/ui_rd_data0/not_strict_mode.status_ram.RAM32M0/RAMA/WADR4
                            (rising edge-triggered cell RAMD32 clocked by clk_pll_i  {rise@0.000ns fall@3.333ns period=6.667ns})
  Path Group:             clk_pll_i
  Path Type:              Hold (Min at Fast Process Corner)
  Requirement:            0.000ns  (clk_pll_i rise@0.000ns - clk_pll_i rise@0.000ns)
  Data Path Delay:        0.221ns  (logic 0.141ns (63.771%)  route 0.080ns (36.229%))
  Logic Levels:           0  
  Clock Path Skew:        0.013ns (DCD - SCD - CPR)
    Destination Clock Delay (DCD):    1.870ns
    Source Clock Delay      (SCD):    1.304ns
    Clock Pessimism Removal (CPR):    0.553ns

    Location             Delay type                Incr(ns)  Path(ns)    Netlist Resource(s)
  -------------------------------------------------------------------    -------------------
                         (clock clk_pll_i rise edge)
                                                      0.000     0.000 r  <hidden>
    BUFGCTRL_X0Y16       BUFG                         0.000     0.000 r  external_clk_0_IBUF_BUFG_inst/O
                         net (fo=12425, routed)       0.624     0.624    i_platform/i_pll0/i_xilinx_clock_pll_0/inst/clk_in1
    MMCME2_ADV_X0Y0      MMCME2_ADV (Prop_mmcme2_adv_CLKIN1_CLKOUT2)
                                                     -1.296    -0.672 r  i_platform/i_pll0/i_xilinx_clock_pll_0/inst/mmcm_adv_inst/CLKOUT2
                         net (fo=1, routed)           0.648    -0.024    i_platform/i_pll0/i_xilinx_clock_pll_0/inst/clk_150000000_xilinx_clock_pll_0
    BUFGCTRL_X0Y2        BUFG (Prop_bufg_I_O)         0.026     0.002 r  i_platform/i_pll0/i_xilinx_clock_pll_0/inst/clkout3_buf/O
                         net (fo=1, routed)           0.564     0.566    i_platform/i_system_ddr/nolabel_line70/u_xilinx_ddr3_ctrl_axi32_mig/u_ddr3_infrastructure/mmcm_clk
    PLLE2_ADV_X1Y1       PLLE2_ADV (Prop_plle2_adv_CLKIN1_CLKOUT3)
                                                      0.050     0.616 r  i_platform/i_system_ddr/nolabel_line70/u_xilinx_ddr3_ctrl_axi32_mig/u_ddr3_infrastructure/plle2_i/CLKOUT3
                         net (fo=1, routed)           0.394     1.010    i_platform/i_system_ddr/nolabel_line70/u_xilinx_ddr3_ctrl_axi32_mig/u_ddr3_infrastructure/pll_clk3_out
    BUFHCE_X1Y12         BUFH (Prop_bufh_I_O)         0.020     1.030 r  i_platform/i_system_ddr/nolabel_line70/u_xilinx_ddr3_ctrl_axi32_mig/u_ddr3_infrastructure/u_bufh_pll_clk3/O
                         net (fo=1, routed)           0.269     1.299    i_platform/i_system_ddr/nolabel_line70/u_xilinx_ddr3_ctrl_axi32_mig/u_ddr3_infrastructure/pll_clk3
    MMCME2_ADV_X1Y1      MMCME2_ADV (Prop_mmcme2_adv_CLKIN1_CLKFBOUT)
                                                     -1.083     0.215 r  i_platform/i_system_ddr/nolabel_line70/u_xilinx_ddr3_ctrl_axi32_mig/u_ddr3_infrastructure/gen_mmcm.mmcm_i/CLKFBOUT
                         net (fo=1, routed)           0.499     0.714    i_platform/i_system_ddr/nolabel_line70/u_xilinx_ddr3_ctrl_axi32_mig/u_ddr3_infrastructure/clk_pll_i
    BUFGCTRL_X0Y0        BUFG (Prop_bufg_I_O)         0.026     0.740 r  i_platform/i_system_ddr/nolabel_line70/u_xilinx_ddr3_ctrl_axi32_mig/u_ddr3_infrastructure/u_bufg_clkdiv0/O
                         net (fo=10772, routed)       0.564     1.304    i_platform/i_system_ddr/nolabel_line70/u_xilinx_ddr3_ctrl_axi32_mig/u_memc_ui_top_axi/u_ui_top/ui_rd_data0/not_strict_mode.status_ram.rd_buf_we_r1_reg_0
    SLICE_X67Y88         FDRE                                         r  i_platform/i_system_ddr/nolabel_line70/u_xilinx_ddr3_ctrl_axi32_mig/u_memc_ui_top_axi/u_ui_top/ui_rd_data0/not_strict_mode.status_ram.status_ram_wr_addr_r_reg[4]/C
  -------------------------------------------------------------------    -------------------
    SLICE_X67Y88         FDRE (Prop_fdre_C_Q)         0.141     1.445 r  i_platform/i_system_ddr/nolabel_line70/u_xilinx_ddr3_ctrl_axi32_mig/u_memc_ui_top_axi/u_ui_top/ui_rd_data0/not_strict_mode.status_ram.status_ram_wr_addr_r_reg[4]/Q
                         net (fo=8, routed)           0.080     1.525    i_platform/i_system_ddr/nolabel_line70/u_xilinx_ddr3_ctrl_axi32_mig/u_memc_ui_top_axi/u_ui_top/ui_rd_data0/not_strict_mode.status_ram.RAM32M0/ADDRD4
    SLICE_X66Y88         RAMD32                                       r  i_platform/i_system_ddr/nolabel_line70/u_xilinx_ddr3_ctrl_axi32_mig/u_memc_ui_top_axi/u_ui_top/ui_rd_data0/not_strict_mode.status_ram.RAM32M0/RAMA/WADR4
  -------------------------------------------------------------------    -------------------

                         (clock clk_pll_i rise edge)
                                                      0.000     0.000 r  <hidden>
    BUFGCTRL_X0Y16       BUFG                         0.000     0.000 r  external_clk_0_IBUF_BUFG_inst/O
                         net (fo=12425, routed)       0.898     0.898    i_platform/i_pll0/i_xilinx_clock_pll_0/inst/clk_in1
    MMCME2_ADV_X0Y0      MMCME2_ADV (Prop_mmcme2_adv_CLKIN1_CLKOUT2)
                                                     -1.625    -0.727 r  i_platform/i_pll0/i_xilinx_clock_pll_0/inst/mmcm_adv_inst/CLKOUT2
                         net (fo=1, routed)           0.700    -0.027    i_platform/i_pll0/i_xilinx_clock_pll_0/inst/clk_150000000_xilinx_clock_pll_0
    BUFGCTRL_X0Y2        BUFG (Prop_bufg_I_O)         0.029     0.002 r  i_platform/i_pll0/i_xilinx_clock_pll_0/inst/clkout3_buf/O
                         net (fo=1, routed)           0.833     0.835    i_platform/i_system_ddr/nolabel_line70/u_xilinx_ddr3_ctrl_axi32_mig/u_ddr3_infrastructure/mmcm_clk
    PLLE2_ADV_X1Y1       PLLE2_ADV (Prop_plle2_adv_CLKIN1_CLKOUT3)
                                                      0.053     0.888 r  i_platform/i_system_ddr/nolabel_line70/u_xilinx_ddr3_ctrl_axi32_mig/u_ddr3_infrastructure/plle2_i/CLKOUT3
                         net (fo=1, routed)           0.437     1.325    i_platform/i_system_ddr/nolabel_line70/u_xilinx_ddr3_ctrl_axi32_mig/u_ddr3_infrastructure/pll_clk3_out
    BUFHCE_X1Y12         BUFH (Prop_bufh_I_O)         0.043     1.368 r  i_platform/i_system_ddr/nolabel_line70/u_xilinx_ddr3_ctrl_axi32_mig/u_ddr3_infrastructure/u_bufh_pll_clk3/O
                         net (fo=1, routed)           0.494     1.862    i_platform/i_system_ddr/nolabel_line70/u_xilinx_ddr3_ctrl_axi32_mig/u_ddr3_infrastructure/pll_clk3
    MMCME2_ADV_X1Y1      MMCME2_ADV (Prop_mmcme2_adv_CLKIN1_CLKFBOUT)
                                                     -1.400     0.461 r  i_platform/i_system_ddr/nolabel_line70/u_xilinx_ddr3_ctrl_axi32_mig/u_ddr3_infrastructure/gen_mmcm.mmcm_i/CLKFBOUT
                         net (fo=1, routed)           0.544     1.005    i_platform/i_system_ddr/nolabel_line70/u_xilinx_ddr3_ctrl_axi32_mig/u_ddr3_infrastructure/clk_pll_i
    BUFGCTRL_X0Y0        BUFG (Prop_bufg_I_O)         0.029     1.034 r  i_platform/i_system_ddr/nolabel_line70/u_xilinx_ddr3_ctrl_axi32_mig/u_ddr3_infrastructure/u_bufg_clkdiv0/O
                         net (fo=10772, routed)       0.836     1.870    i_platform/i_system_ddr/nolabel_line70/u_xilinx_ddr3_ctrl_axi32_mig/u_memc_ui_top_axi/u_ui_top/ui_rd_data0/not_strict_mode.status_ram.RAM32M0/WCLK
    SLICE_X66Y88         RAMD32                                       r  i_platform/i_system_ddr/nolabel_line70/u_xilinx_ddr3_ctrl_axi32_mig/u_memc_ui_top_axi/u_ui_top/ui_rd_data0/not_strict_mode.status_ram.RAM32M0/RAMA/CLK
                         clock pessimism             -0.553     1.317    <hidden>
    SLICE_X66Y88         RAMD32 (Hold_ramd32_CLK_WADR4)
                                                      0.200     1.517    i_platform/i_system_ddr/nolabel_line70/u_xilinx_ddr3_ctrl_axi32_mig/u_memc_ui_top_axi/u_ui_top/ui_rd_data0/not_strict_mode.status_ram.RAM32M0/RAMA
  -------------------------------------------------------------------
                         required time                         -1.517    <hidden>
                         arrival time                           1.525    <hidden>
  -------------------------------------------------------------------
                         slack                                  0.008    <hidden>





Pulse Width Checks
--------------------------------------------------------------------------------------
Clock Name:         clk_pll_i
Waveform(ns):       { 0.000 3.333 }
Period(ns):         6.667
Sources:            { i_platform/i_system_ddr/nolabel_line70/u_xilinx_ddr3_ctrl_axi32_mig/u_ddr3_infrastructure/gen_mmcm.mmcm_i/CLKFBOUT }

Check Type        Corner  Lib Pin             Reference Pin  Required(ns)  Actual(ns)  Slack(ns)  Location         Pin
Min Period        n/a     OUT_FIFO/WRCLK      n/a            5.000         6.667       1.667      OUT_FIFO_X1Y4    i_platform/i_system_ddr/nolabel_line70/u_xilinx_ddr3_ctrl_axi32_mig/u_memc_ui_top_axi/mem_intfc0/ddr_phy_top0/u_ddr_mc_phy_wrapper/u_ddr_mc_phy/ddr_phy_4lanes_0.u_ddr_phy_4lanes/ddr_byte_lane_A.ddr_byte_lane_A/out_fifo/WRCLK
Max Period        n/a     MMCME2_ADV/CLKFBIN  n/a            100.000       6.667       93.333     MMCME2_ADV_X1Y1  i_platform/i_system_ddr/nolabel_line70/u_xilinx_ddr3_ctrl_axi32_mig/u_ddr3_infrastructure/gen_mmcm.mmcm_i/CLKFBIN
Low Pulse Width   Slow    OUT_FIFO/WRCLK      n/a            2.150         3.333       1.183      OUT_FIFO_X1Y4    i_platform/i_system_ddr/nolabel_line70/u_xilinx_ddr3_ctrl_axi32_mig/u_memc_ui_top_axi/mem_intfc0/ddr_phy_top0/u_ddr_mc_phy_wrapper/u_ddr_mc_phy/ddr_phy_4lanes_0.u_ddr_phy_4lanes/ddr_byte_lane_A.ddr_byte_lane_A/out_fifo/WRCLK
High Pulse Width  Slow    OUT_FIFO/WRCLK      n/a            2.150         3.333       1.183      OUT_FIFO_X1Y4    i_platform/i_system_ddr/nolabel_line70/u_xilinx_ddr3_ctrl_axi32_mig/u_memc_ui_top_axi/mem_intfc0/ddr_phy_top0/u_ddr_mc_phy_wrapper/u_ddr_mc_phy/ddr_phy_4lanes_0.u_ddr_phy_4lanes/ddr_byte_lane_A.ddr_byte_lane_A/out_fifo/WRCLK



---------------------------------------------------------------------------------------------------
From Clock:  pll_clkfbout
  To Clock:  pll_clkfbout

Setup :           NA  Failing Endpoints,  Worst Slack           NA  ,  Total Violation           NA
Hold  :           NA  Failing Endpoints,  Worst Slack           NA  ,  Total Violation           NA
PW    :            0  Failing Endpoints,  Worst Slack        5.418ns,  Total Violation        0.000ns
---------------------------------------------------------------------------------------------------


Pulse Width Checks
--------------------------------------------------------------------------------------
Clock Name:         pll_clkfbout
Waveform(ns):       { 0.000 3.333 }
Period(ns):         6.667
Sources:            { i_platform/i_system_ddr/nolabel_line70/u_xilinx_ddr3_ctrl_axi32_mig/u_ddr3_infrastructure/plle2_i/CLKFBOUT }

Check Type  Corner  Lib Pin             Reference Pin  Required(ns)  Actual(ns)  Slack(ns)  Location        Pin
Min Period  n/a     PLLE2_ADV/CLKFBOUT  n/a            1.249         6.667       5.418      PLLE2_ADV_X1Y1  i_platform/i_system_ddr/nolabel_line70/u_xilinx_ddr3_ctrl_axi32_mig/u_ddr3_infrastructure/plle2_i/CLKFBOUT
Max Period  n/a     PLLE2_ADV/CLKFBIN   n/a            52.633        6.667       45.966     PLLE2_ADV_X1Y1  i_platform/i_system_ddr/nolabel_line70/u_xilinx_ddr3_ctrl_axi32_mig/u_ddr3_infrastructure/plle2_i/CLKFBIN



---------------------------------------------------------------------------------------------------
From Clock:  sync_pulse
  To Clock:  sync_pulse

Setup :           NA  Failing Endpoints,  Worst Slack           NA  ,  Total Violation           NA
Hold  :           NA  Failing Endpoints,  Worst Slack           NA  ,  Total Violation           NA
PW    :            0  Failing Endpoints,  Worst Slack        2.083ns,  Total Violation        0.000ns
---------------------------------------------------------------------------------------------------


Pulse Width Checks
--------------------------------------------------------------------------------------
Clock Name:         sync_pulse
Waveform(ns):       { 1.458 4.792 }
Period(ns):         53.333
Sources:            { i_platform/i_system_ddr/nolabel_line70/u_xilinx_ddr3_ctrl_axi32_mig/u_ddr3_infrastructure/plle2_i/CLKOUT2 }

Check Type        Corner  Lib Pin                Reference Pin  Required(ns)  Actual(ns)  Slack(ns)  Location             Pin
Min Period        n/a     PLLE2_ADV/CLKOUT2      n/a            1.249         53.333      52.084     PLLE2_ADV_X1Y1       i_platform/i_system_ddr/nolabel_line70/u_xilinx_ddr3_ctrl_axi32_mig/u_ddr3_infrastructure/plle2_i/CLKOUT2
Max Period        n/a     PLLE2_ADV/CLKOUT2      n/a            160.000       53.333      106.667    PLLE2_ADV_X1Y1       i_platform/i_system_ddr/nolabel_line70/u_xilinx_ddr3_ctrl_axi32_mig/u_ddr3_infrastructure/plle2_i/CLKOUT2
High Pulse Width  Slow    PHASER_OUT_PHY/SYNCIN  n/a            1.250         3.333       2.083      PHASER_OUT_PHY_X1Y4  i_platform/i_system_ddr/nolabel_line70/u_xilinx_ddr3_ctrl_axi32_mig/u_memc_ui_top_axi/mem_intfc0/ddr_phy_top0/u_ddr_mc_phy_wrapper/u_ddr_mc_phy/ddr_phy_4lanes_0.u_ddr_phy_4lanes/ddr_byte_lane_A.ddr_byte_lane_A/phaser_out/SYNCIN



---------------------------------------------------------------------------------------------------
From Clock:  clk_300000000_xilinx_clock_pll_0
  To Clock:  clk_300000000_xilinx_clock_pll_0

Setup :            0  Failing Endpoints,  Worst Slack        1.967ns,  Total Violation        0.000ns
Hold  :            0  Failing Endpoints,  Worst Slack        0.154ns,  Total Violation        0.000ns
PW    :            0  Failing Endpoints,  Worst Slack        0.109ns,  Total Violation        0.000ns
---------------------------------------------------------------------------------------------------


Max Delay Paths
--------------------------------------------------------------------------------------
Slack (MET) :             1.967ns  (required time - arrival time)
  Source:                 i_platform/i_system_ddr/nolabel_line70/u_xilinx_ddr3_ctrl_axi32_mig/u_iodelay_ctrl/rst_ref_sync_r_reg[0][4]/C
                            (rising edge-triggered cell FDPE clocked by clk_300000000_xilinx_clock_pll_0  {rise@0.000ns fall@1.667ns period=3.333ns})
  Destination:            i_platform/i_system_ddr/nolabel_line70/u_xilinx_ddr3_ctrl_axi32_mig/u_iodelay_ctrl/rst_ref_sync_r_reg[0][5]/D
                            (rising edge-triggered cell FDPE clocked by clk_300000000_xilinx_clock_pll_0  {rise@0.000ns fall@1.667ns period=3.333ns})
  Path Group:             clk_300000000_xilinx_clock_pll_0
  Path Type:              Setup (Max at Slow Process Corner)
  Requirement:            3.333ns  (clk_300000000_xilinx_clock_pll_0 rise@3.333ns - clk_300000000_xilinx_clock_pll_0 rise@0.000ns)
  Data Path Delay:        1.087ns  (logic 0.419ns (38.552%)  route 0.668ns (61.448%))
  Logic Levels:           0  
  Clock Path Skew:        0.000ns (DCD - SCD + CPR)
    Destination Clock Delay (DCD):    1.600ns = ( 4.933 - 3.333 ) 
    Source Clock Delay      (SCD):    1.718ns
    Clock Pessimism Removal (CPR):    0.118ns
  Clock Uncertainty:      0.066ns  ((TSJ^2 + DJ^2)^1/2) / 2 + PE
    Total System Jitter     (TSJ):    0.071ns
    Discrete Jitter          (DJ):    0.112ns
    Phase Error              (PE):    0.000ns

    Location             Delay type                Incr(ns)  Path(ns)    Netlist Resource(s)
  -------------------------------------------------------------------    -------------------
                         (clock clk_300000000_xilinx_clock_pll_0 rise edge)
                                                      0.000     0.000 r  <hidden>
    BUFGCTRL_X0Y16       BUFG                         0.000     0.000 r  external_clk_0_IBUF_BUFG_inst/O
                         net (fo=12425, routed)       1.809     1.809    i_platform/i_pll0/i_xilinx_clock_pll_0/inst/clk_in1
    MMCME2_ADV_X0Y0      MMCME2_ADV (Prop_mmcme2_adv_CLKIN1_CLKOUT1)
                                                     -3.922    -2.112 r  i_platform/i_pll0/i_xilinx_clock_pll_0/inst/mmcm_adv_inst/CLKOUT1
                         net (fo=1, routed)           2.018    -0.094    i_platform/i_pll0/i_xilinx_clock_pll_0/inst/clk_300000000_xilinx_clock_pll_0
    BUFGCTRL_X0Y1        BUFG (Prop_bufg_I_O)         0.096     0.002 r  i_platform/i_pll0/i_xilinx_clock_pll_0/inst/clkout2_buf/O
                         net (fo=16, routed)          1.716     1.718    i_platform/i_system_ddr/nolabel_line70/u_xilinx_ddr3_ctrl_axi32_mig/u_iodelay_ctrl/clk_ref_i
    SLICE_X89Y109        FDPE                                         r  i_platform/i_system_ddr/nolabel_line70/u_xilinx_ddr3_ctrl_axi32_mig/u_iodelay_ctrl/rst_ref_sync_r_reg[0][4]/C
  -------------------------------------------------------------------    -------------------
    SLICE_X89Y109        FDPE (Prop_fdpe_C_Q)         0.419     2.137 r  i_platform/i_system_ddr/nolabel_line70/u_xilinx_ddr3_ctrl_axi32_mig/u_iodelay_ctrl/rst_ref_sync_r_reg[0][4]/Q
                         net (fo=1, routed)           0.668     2.805    i_platform/i_system_ddr/nolabel_line70/u_xilinx_ddr3_ctrl_axi32_mig/u_iodelay_ctrl/rst_ref_sync_r_reg_n_0_[0][4]
    SLICE_X89Y109        FDPE                                         r  i_platform/i_system_ddr/nolabel_line70/u_xilinx_ddr3_ctrl_axi32_mig/u_iodelay_ctrl/rst_ref_sync_r_reg[0][5]/D
  -------------------------------------------------------------------    -------------------

                         (clock clk_300000000_xilinx_clock_pll_0 rise edge)
                                                      3.333     3.333 r  <hidden>
    BUFGCTRL_X0Y16       BUFG                         0.000     3.333 r  external_clk_0_IBUF_BUFG_inst/O
                         net (fo=12425, routed)       1.683     5.016    i_platform/i_pll0/i_xilinx_clock_pll_0/inst/clk_in1
    MMCME2_ADV_X0Y0      MMCME2_ADV (Prop_mmcme2_adv_CLKIN1_CLKOUT1)
                                                     -3.694     1.322 r  i_platform/i_pll0/i_xilinx_clock_pll_0/inst/mmcm_adv_inst/CLKOUT1
                         net (fo=1, routed)           1.923     3.245    i_platform/i_pll0/i_xilinx_clock_pll_0/inst/clk_300000000_xilinx_clock_pll_0
    BUFGCTRL_X0Y1        BUFG (Prop_bufg_I_O)         0.091     3.336 r  i_platform/i_pll0/i_xilinx_clock_pll_0/inst/clkout2_buf/O
                         net (fo=16, routed)          1.597     4.933    i_platform/i_system_ddr/nolabel_line70/u_xilinx_ddr3_ctrl_axi32_mig/u_iodelay_ctrl/clk_ref_i
    SLICE_X89Y109        FDPE                                         r  i_platform/i_system_ddr/nolabel_line70/u_xilinx_ddr3_ctrl_axi32_mig/u_iodelay_ctrl/rst_ref_sync_r_reg[0][5]/C
                         clock pessimism              0.118     5.051    <hidden>
                         clock uncertainty           -0.066     4.985    <hidden>
    SLICE_X89Y109        FDPE (Setup_fdpe_C_D)       -0.213     4.772    i_platform/i_system_ddr/nolabel_line70/u_xilinx_ddr3_ctrl_axi32_mig/u_iodelay_ctrl/rst_ref_sync_r_reg[0][5]
  -------------------------------------------------------------------
                         required time                          4.772    <hidden>
                         arrival time                          -2.805    <hidden>
  -------------------------------------------------------------------
                         slack                                  1.967    <hidden>





Min Delay Paths
--------------------------------------------------------------------------------------
Slack (MET) :             0.154ns  (arrival time - required time)
  Source:                 i_platform/i_system_ddr/nolabel_line70/u_xilinx_ddr3_ctrl_axi32_mig/u_iodelay_ctrl/rst_ref_sync_r_reg[0][12]/C
                            (rising edge-triggered cell FDPE clocked by clk_300000000_xilinx_clock_pll_0  {rise@0.000ns fall@1.667ns period=3.333ns})
  Destination:            i_platform/i_system_ddr/nolabel_line70/u_xilinx_ddr3_ctrl_axi32_mig/u_iodelay_ctrl/rst_ref_sync_r_reg[0][13]/D
                            (rising edge-triggered cell FDPE clocked by clk_300000000_xilinx_clock_pll_0  {rise@0.000ns fall@1.667ns period=3.333ns})
  Path Group:             clk_300000000_xilinx_clock_pll_0
  Path Type:              Hold (Min at Fast Process Corner)
  Requirement:            0.000ns  (clk_300000000_xilinx_clock_pll_0 rise@0.000ns - clk_300000000_xilinx_clock_pll_0 rise@0.000ns)
  Data Path Delay:        0.214ns  (logic 0.164ns (76.598%)  route 0.050ns (23.402%))
  Logic Levels:           0  
  Clock Path Skew:        0.013ns (DCD - SCD - CPR)
    Destination Clock Delay (DCD):    0.875ns
    Source Clock Delay      (SCD):    0.604ns
    Clock Pessimism Removal (CPR):    0.259ns

    Location             Delay type                Incr(ns)  Path(ns)    Netlist Resource(s)
  -------------------------------------------------------------------    -------------------
                         (clock clk_300000000_xilinx_clock_pll_0 rise edge)
                                                      0.000     0.000 r  <hidden>
    BUFGCTRL_X0Y16       BUFG                         0.000     0.000 r  external_clk_0_IBUF_BUFG_inst/O
                         net (fo=12425, routed)       0.624     0.624    i_platform/i_pll0/i_xilinx_clock_pll_0/inst/clk_in1
    MMCME2_ADV_X0Y0      MMCME2_ADV (Prop_mmcme2_adv_CLKIN1_CLKOUT1)
                                                     -1.296    -0.672 r  i_platform/i_pll0/i_xilinx_clock_pll_0/inst/mmcm_adv_inst/CLKOUT1
                         net (fo=1, routed)           0.648    -0.024    i_platform/i_pll0/i_xilinx_clock_pll_0/inst/clk_300000000_xilinx_clock_pll_0
    BUFGCTRL_X0Y1        BUFG (Prop_bufg_I_O)         0.026     0.002 r  i_platform/i_pll0/i_xilinx_clock_pll_0/inst/clkout2_buf/O
                         net (fo=16, routed)          0.602     0.604    i_platform/i_system_ddr/nolabel_line70/u_xilinx_ddr3_ctrl_axi32_mig/u_iodelay_ctrl/clk_ref_i
    SLICE_X88Y109        FDPE                                         r  i_platform/i_system_ddr/nolabel_line70/u_xilinx_ddr3_ctrl_axi32_mig/u_iodelay_ctrl/rst_ref_sync_r_reg[0][12]/C
  -------------------------------------------------------------------    -------------------
    SLICE_X88Y109        FDPE (Prop_fdpe_C_Q)         0.164     0.768 r  i_platform/i_system_ddr/nolabel_line70/u_xilinx_ddr3_ctrl_axi32_mig/u_iodelay_ctrl/rst_ref_sync_r_reg[0][12]/Q
                         net (fo=1, routed)           0.050     0.818    i_platform/i_system_ddr/nolabel_line70/u_xilinx_ddr3_ctrl_axi32_mig/u_iodelay_ctrl/rst_ref_sync_r_reg_n_0_[0][12]
    SLICE_X89Y109        FDPE                                         r  i_platform/i_system_ddr/nolabel_line70/u_xilinx_ddr3_ctrl_axi32_mig/u_iodelay_ctrl/rst_ref_sync_r_reg[0][13]/D
  -------------------------------------------------------------------    -------------------

                         (clock clk_300000000_xilinx_clock_pll_0 rise edge)
                                                      0.000     0.000 r  <hidden>
    BUFGCTRL_X0Y16       BUFG                         0.000     0.000 r  external_clk_0_IBUF_BUFG_inst/O
                         net (fo=12425, routed)       0.898     0.898    i_platform/i_pll0/i_xilinx_clock_pll_0/inst/clk_in1
    MMCME2_ADV_X0Y0      MMCME2_ADV (Prop_mmcme2_adv_CLKIN1_CLKOUT1)
                                                     -1.625    -0.727 r  i_platform/i_pll0/i_xilinx_clock_pll_0/inst/mmcm_adv_inst/CLKOUT1
                         net (fo=1, routed)           0.700    -0.027    i_platform/i_pll0/i_xilinx_clock_pll_0/inst/clk_300000000_xilinx_clock_pll_0
    BUFGCTRL_X0Y1        BUFG (Prop_bufg_I_O)         0.029     0.002 r  i_platform/i_pll0/i_xilinx_clock_pll_0/inst/clkout2_buf/O
                         net (fo=16, routed)          0.873     0.875    i_platform/i_system_ddr/nolabel_line70/u_xilinx_ddr3_ctrl_axi32_mig/u_iodelay_ctrl/clk_ref_i
    SLICE_X89Y109        FDPE                                         r  i_platform/i_system_ddr/nolabel_line70/u_xilinx_ddr3_ctrl_axi32_mig/u_iodelay_ctrl/rst_ref_sync_r_reg[0][13]/C
                         clock pessimism             -0.259     0.617    <hidden>
    SLICE_X89Y109        FDPE (Hold_fdpe_C_D)         0.047     0.664    i_platform/i_system_ddr/nolabel_line70/u_xilinx_ddr3_ctrl_axi32_mig/u_iodelay_ctrl/rst_ref_sync_r_reg[0][13]
  -------------------------------------------------------------------
                         required time                         -0.664    <hidden>
                         arrival time                           0.818    <hidden>
  -------------------------------------------------------------------
                         slack                                  0.154    <hidden>





Pulse Width Checks
--------------------------------------------------------------------------------------
Clock Name:         clk_300000000_xilinx_clock_pll_0
Waveform(ns):       { 0.000 1.667 }
Period(ns):         3.333
Sources:            { i_platform/i_pll0/i_xilinx_clock_pll_0/inst/mmcm_adv_inst/CLKOUT1 }

Check Type        Corner  Lib Pin            Reference Pin  Required(ns)  Actual(ns)  Slack(ns)  Location         Pin
Min Period        n/a     IDELAYCTRL/REFCLK  n/a            3.225         3.333       0.109      IDELAYCTRL_X1Y1  i_platform/i_system_ddr/nolabel_line70/u_xilinx_ddr3_ctrl_axi32_mig/u_iodelay_ctrl/u_idelayctrl_200/REFCLK
Max Period        n/a     IDELAYCTRL/REFCLK  n/a            5.264         3.333       1.931      IDELAYCTRL_X1Y1  i_platform/i_system_ddr/nolabel_line70/u_xilinx_ddr3_ctrl_axi32_mig/u_iodelay_ctrl/u_idelayctrl_200/REFCLK
Low Pulse Width   Slow    FDPE/C             n/a            0.500         1.667       1.167      SLICE_X89Y109    i_platform/i_system_ddr/nolabel_line70/u_xilinx_ddr3_ctrl_axi32_mig/u_iodelay_ctrl/rst_ref_sync_r_reg[0][0]/C
High Pulse Width  Slow    FDPE/C             n/a            0.500         1.667       1.167      SLICE_X89Y109    i_platform/i_system_ddr/nolabel_line70/u_xilinx_ddr3_ctrl_axi32_mig/u_iodelay_ctrl/rst_ref_sync_r_reg[0][0]/C



---------------------------------------------------------------------------------------------------
From Clock:  clk_50000000_xilinx_clock_pll_0
  To Clock:  clk_50000000_xilinx_clock_pll_0

Setup :            0  Failing Endpoints,  Worst Slack        6.209ns,  Total Violation        0.000ns
Hold  :            0  Failing Endpoints,  Worst Slack        0.034ns,  Total Violation        0.000ns
PW    :            0  Failing Endpoints,  Worst Slack        8.750ns,  Total Violation        0.000ns
---------------------------------------------------------------------------------------------------


Max Delay Paths
--------------------------------------------------------------------------------------
Slack (MET) :             6.209ns  (required time - arrival time)
  Source:                 i_platform/i_rtl/i_main_core/i_orca/core/D__0/two_cycle.from_decode_instruction_signal_reg[9]/C
                            (rising edge-triggered cell FDCE clocked by clk_50000000_xilinx_clock_pll_0  {rise@0.000ns fall@10.000ns period=20.000ns})
  Destination:            i_platform/i_rtl/i_mnim_i_main_core_data/i_munoc_instance_02/i_munoc_instance_0/i_rvx_instance_2/value_reg[0]/CE
                            (rising edge-triggered cell FDPE clocked by clk_50000000_xilinx_clock_pll_0  {rise@0.000ns fall@10.000ns period=20.000ns})
  Path Group:             clk_50000000_xilinx_clock_pll_0
  Path Type:              Setup (Max at Slow Process Corner)
  Requirement:            20.000ns  (clk_50000000_xilinx_clock_pll_0 rise@20.000ns - clk_50000000_xilinx_clock_pll_0 rise@0.000ns)
  Data Path Delay:        13.306ns  (logic 4.051ns (30.445%)  route 9.255ns (69.555%))
  Logic Levels:           14  (CARRY4=8 LUT2=2 LUT3=2 LUT6=2)
  Clock Path Skew:        -0.005ns (DCD - SCD + CPR)
    Destination Clock Delay (DCD):    1.602ns = ( 21.602 - 20.000 ) 
    Source Clock Delay      (SCD):    1.613ns
    Clock Pessimism Removal (CPR):    0.006ns
  Clock Uncertainty:      0.087ns  ((TSJ^2 + DJ^2)^1/2) / 2 + PE
    Total System Jitter     (TSJ):    0.071ns
    Discrete Jitter          (DJ):    0.159ns
    Phase Error              (PE):    0.000ns

    Location             Delay type                Incr(ns)  Path(ns)    Netlist Resource(s)
  -------------------------------------------------------------------    -------------------
                         (clock clk_50000000_xilinx_clock_pll_0 rise edge)
                                                      0.000     0.000 r  <hidden>
    BUFGCTRL_X0Y16       BUFG                         0.000     0.000 r  external_clk_0_IBUF_BUFG_inst/O
                         net (fo=12425, routed)       1.809     1.809    i_platform/i_pll0/i_xilinx_clock_pll_0/inst/clk_in1
    MMCME2_ADV_X0Y0      MMCME2_ADV (Prop_mmcme2_adv_CLKIN1_CLKOUT0)
                                                     -3.922    -2.112 r  i_platform/i_pll0/i_xilinx_clock_pll_0/inst/mmcm_adv_inst/CLKOUT0
                         net (fo=1, routed)           2.018    -0.094    i_platform/i_pll0/i_xilinx_clock_pll_0/inst/clk_50000000_xilinx_clock_pll_0
    BUFGCTRL_X0Y3        BUFG (Prop_bufg_I_O)         0.096     0.002 r  i_platform/i_pll0/i_xilinx_clock_pll_0/inst/clkout1_buf/O
                         net (fo=11838, routed)       1.611     1.613    i_platform/i_rtl/i_main_core/i_orca/core/D__0/clk_50000000
    SLICE_X46Y117        FDCE                                         r  i_platform/i_rtl/i_main_core/i_orca/core/D__0/two_cycle.from_decode_instruction_signal_reg[9]/C
  -------------------------------------------------------------------    -------------------
    SLICE_X46Y117        FDCE (Prop_fdce_C_Q)         0.518     2.131 r  i_platform/i_rtl/i_main_core/i_orca/core/D__0/two_cycle.from_decode_instruction_signal_reg[9]/Q
                         net (fo=9, routed)           1.767     3.898    i_platform/i_rtl/i_main_core/i_orca/core/D__0/decode_to_execute_instruction[8]
    SLICE_X56Y109        LUT3 (Prop_lut3_I0_O)        0.150     4.048 r  i_platform/i_rtl/i_main_core/i_orca/core/D__0/address_unaligned_carry_i_2/O
                         net (fo=1, routed)           0.525     4.574    i_platform/i_rtl/i_main_core/i_orca/core/X/ls_unit/p_0_in_3[2]
    SLICE_X57Y109        CARRY4 (Prop_carry4_DI[2]_CO[3])
                                                      0.622     5.196 r  i_platform/i_rtl/i_main_core/i_orca/core/X/ls_unit/address_unaligned_carry/CO[3]
                         net (fo=1, routed)           0.000     5.196    i_platform/i_rtl/i_main_core/i_orca/core/X/ls_unit/address_unaligned_carry_n_0
    SLICE_X57Y110        CARRY4 (Prop_carry4_CI_CO[3])
                                                      0.114     5.310 r  i_platform/i_rtl/i_main_core/i_orca/core/X/ls_unit/address_unaligned_carry__0/CO[3]
                         net (fo=1, routed)           0.000     5.310    i_platform/i_rtl/i_main_core/i_orca/core/X/ls_unit/address_unaligned_carry__0_n_0
    SLICE_X57Y111        CARRY4 (Prop_carry4_CI_CO[3])
                                                      0.114     5.424 r  i_platform/i_rtl/i_main_core/i_orca/core/X/ls_unit/address_unaligned_carry__1/CO[3]
                         net (fo=1, routed)           0.000     5.424    i_platform/i_rtl/i_main_core/i_orca/core/X/ls_unit/address_unaligned_carry__1_n_0
    SLICE_X57Y112        CARRY4 (Prop_carry4_CI_CO[3])
                                                      0.114     5.538 r  i_platform/i_rtl/i_main_core/i_orca/core/X/ls_unit/address_unaligned_carry__2/CO[3]
                         net (fo=1, routed)           0.000     5.538    i_platform/i_rtl/i_main_core/i_orca/core/X/ls_unit/address_unaligned_carry__2_n_0
    SLICE_X57Y113        CARRY4 (Prop_carry4_CI_CO[3])
                                                      0.114     5.652 r  i_platform/i_rtl/i_main_core/i_orca/core/X/ls_unit/address_unaligned_carry__3/CO[3]
                         net (fo=1, routed)           0.000     5.652    i_platform/i_rtl/i_main_core/i_orca/core/X/ls_unit/address_unaligned_carry__3_n_0
    SLICE_X57Y114        CARRY4 (Prop_carry4_CI_CO[3])
                                                      0.114     5.766 r  i_platform/i_rtl/i_main_core/i_orca/core/X/ls_unit/address_unaligned_carry__4/CO[3]
                         net (fo=1, routed)           0.000     5.766    i_platform/i_rtl/i_main_core/i_orca/core/X/ls_unit/address_unaligned_carry__4_n_0
    SLICE_X57Y115        CARRY4 (Prop_carry4_CI_O[1])
                                                      0.348     6.114 f  i_platform/i_rtl/i_main_core/i_orca/core/X/ls_unit/address_unaligned_carry__5/O[1]
                         net (fo=2, routed)           0.966     7.080    i_platform/i_rtl/i_main_core/i_orca/the_memory_interface/dcache_mux/internal_oimm_register/D[23]
    SLICE_X56Y111        LUT3 (Prop_lut3_I1_O)        0.329     7.409 f  i_platform/i_rtl/i_main_core/i_orca/the_memory_interface/dcache_mux/internal_oimm_register/rvx_signal_05[3][38]_i_1/O
                         net (fo=10, routed)          0.683     8.092    i_platform/i_rtl/i_main_core/i_orca/core/X/syscall/data_in1_carry__2_1
    SLICE_X49Y114        LUT6 (Prop_lut6_I4_O)        0.355     8.447 r  i_platform/i_rtl/i_main_core/i_orca/core/X/syscall/data_in1_carry__2_i_4/O
                         net (fo=1, routed)           0.539     8.987    i_platform/i_rtl/i_main_core/i_orca/the_memory_interface/dcache_mux/to_dcache_control_valid_i_3[0]
    SLICE_X49Y113        CARRY4 (Prop_carry4_DI[0]_CO[3])
                                                      0.526     9.513 f  i_platform/i_rtl/i_main_core/i_orca/the_memory_interface/dcache_mux/data_in1_carry__2/CO[3]
                         net (fo=5, routed)           1.250    10.763    i_platform/i_rtl/i_main_core/i_orca/the_memory_interface/dcache_mux/internal_oimm_register/munoc_signal_19_reg[0]
    SLICE_X55Y107        LUT6 (Prop_lut6_I1_O)        0.124    10.887 r  i_platform/i_rtl/i_main_core/i_orca/the_memory_interface/dcache_mux/internal_oimm_register/munoc_signal_19_i_2/O
                         net (fo=4, routed)           1.470    12.357    i_platform/i_rtl/i_mnim_i_main_core_data/i_munoc_instance_02/i_munoc_instance_2/i_munoc_instance_0/i_rvx_instance_1/FSM_sequential_munoc_signal_48_reg[2]_0
    SLICE_X68Y103        LUT2 (Prop_lut2_I1_O)        0.149    12.506 f  i_platform/i_rtl/i_mnim_i_main_core_data/i_munoc_instance_02/i_munoc_instance_2/i_munoc_instance_0/i_rvx_instance_1/value[3]_i_3__12/O
                         net (fo=14, routed)          1.575    14.081    i_platform/i_rtl/i_mnim_i_main_core_data/i_munoc_instance_02/i_munoc_instance_0/i_rvx_instance_1/rvx_signal_6_reg[0][0]
    SLICE_X88Y104        LUT2 (Prop_lut2_I1_O)        0.360    14.441 r  i_platform/i_rtl/i_mnim_i_main_core_data/i_munoc_instance_02/i_munoc_instance_0/i_rvx_instance_1/value[3]_i_1__19/O
                         net (fo=4, routed)           0.478    14.919    i_platform/i_rtl/i_mnim_i_main_core_data/i_munoc_instance_02/i_munoc_instance_0/i_rvx_instance_2/E[0]
    SLICE_X88Y103        FDPE                                         r  i_platform/i_rtl/i_mnim_i_main_core_data/i_munoc_instance_02/i_munoc_instance_0/i_rvx_instance_2/value_reg[0]/CE
  -------------------------------------------------------------------    -------------------

                         (clock clk_50000000_xilinx_clock_pll_0 rise edge)
                                                     20.000    20.000 r  <hidden>
    BUFGCTRL_X0Y16       BUFG                         0.000    20.000 r  external_clk_0_IBUF_BUFG_inst/O
                         net (fo=12425, routed)       1.683    21.683    i_platform/i_pll0/i_xilinx_clock_pll_0/inst/clk_in1
    MMCME2_ADV_X0Y0      MMCME2_ADV (Prop_mmcme2_adv_CLKIN1_CLKOUT0)
                                                     -3.694    17.989 r  i_platform/i_pll0/i_xilinx_clock_pll_0/inst/mmcm_adv_inst/CLKOUT0
                         net (fo=1, routed)           1.923    19.912    i_platform/i_pll0/i_xilinx_clock_pll_0/inst/clk_50000000_xilinx_clock_pll_0
    BUFGCTRL_X0Y3        BUFG (Prop_bufg_I_O)         0.091    20.003 r  i_platform/i_pll0/i_xilinx_clock_pll_0/inst/clkout1_buf/O
                         net (fo=11838, routed)       1.599    21.602    i_platform/i_rtl/i_mnim_i_main_core_data/i_munoc_instance_02/i_munoc_instance_0/i_rvx_instance_2/clk_50000000
    SLICE_X88Y103        FDPE                                         r  i_platform/i_rtl/i_mnim_i_main_core_data/i_munoc_instance_02/i_munoc_instance_0/i_rvx_instance_2/value_reg[0]/C
                         clock pessimism              0.006    21.608    <hidden>
                         clock uncertainty           -0.087    21.520    <hidden>
    SLICE_X88Y103        FDPE (Setup_fdpe_C_CE)      -0.393    21.127    i_platform/i_rtl/i_mnim_i_main_core_data/i_munoc_instance_02/i_munoc_instance_0/i_rvx_instance_2/value_reg[0]
  -------------------------------------------------------------------
                         required time                         21.127    <hidden>
                         arrival time                         -14.919    <hidden>
  -------------------------------------------------------------------
                         slack                                  6.209    <hidden>





Min Delay Paths
--------------------------------------------------------------------------------------
Slack (MET) :             0.034ns  (arrival time - required time)
  Source:                 i_platform/i_rtl/i_main_core/i_orca/core/X/syscall/last_csr_writedata_reg[29]/C
                            (rising edge-triggered cell FDRE clocked by clk_50000000_xilinx_clock_pll_0  {rise@0.000ns fall@10.000ns period=20.000ns})
  Destination:            i_platform/i_rtl/i_main_core/i_orca/core/X/syscall/memory_region_registers_gen[0].umr_gen.writeable_umr_gen.mumr_base_reg[0][29]/D
                            (rising edge-triggered cell FDPE clocked by clk_50000000_xilinx_clock_pll_0  {rise@0.000ns fall@10.000ns period=20.000ns})
  Path Group:             clk_50000000_xilinx_clock_pll_0
  Path Type:              Hold (Min at Fast Process Corner)
  Requirement:            0.000ns  (clk_50000000_xilinx_clock_pll_0 rise@0.000ns - clk_50000000_xilinx_clock_pll_0 rise@0.000ns)
  Data Path Delay:        0.371ns  (logic 0.164ns (44.236%)  route 0.207ns (55.764%))
  Logic Levels:           0  
  Clock Path Skew:        0.265ns (DCD - SCD - CPR)
    Destination Clock Delay (DCD):    0.826ns
    Source Clock Delay      (SCD):    0.556ns
    Clock Pessimism Removal (CPR):    0.005ns

    Location             Delay type                Incr(ns)  Path(ns)    Netlist Resource(s)
  -------------------------------------------------------------------    -------------------
                         (clock clk_50000000_xilinx_clock_pll_0 rise edge)
                                                      0.000     0.000 r  <hidden>
    BUFGCTRL_X0Y16       BUFG                         0.000     0.000 r  external_clk_0_IBUF_BUFG_inst/O
                         net (fo=12425, routed)       0.624     0.624    i_platform/i_pll0/i_xilinx_clock_pll_0/inst/clk_in1
    MMCME2_ADV_X0Y0      MMCME2_ADV (Prop_mmcme2_adv_CLKIN1_CLKOUT0)
                                                     -1.296    -0.672 r  i_platform/i_pll0/i_xilinx_clock_pll_0/inst/mmcm_adv_inst/CLKOUT0
                         net (fo=1, routed)           0.648    -0.024    i_platform/i_pll0/i_xilinx_clock_pll_0/inst/clk_50000000_xilinx_clock_pll_0
    BUFGCTRL_X0Y3        BUFG (Prop_bufg_I_O)         0.026     0.002 r  i_platform/i_pll0/i_xilinx_clock_pll_0/inst/clkout1_buf/O
                         net (fo=11838, routed)       0.554     0.556    i_platform/i_rtl/i_main_core/i_orca/core/X/syscall/clk_50000000
    SLICE_X54Y117        FDRE                                         r  i_platform/i_rtl/i_main_core/i_orca/core/X/syscall/last_csr_writedata_reg[29]/C
  -------------------------------------------------------------------    -------------------
    SLICE_X54Y117        FDRE (Prop_fdre_C_Q)         0.164     0.720 r  i_platform/i_rtl/i_main_core/i_orca/core/X/syscall/last_csr_writedata_reg[29]/Q
                         net (fo=2, routed)           0.207     0.926    i_platform/i_rtl/i_main_core/i_orca/core/X/syscall/last_csr_writedata[29]
    SLICE_X51Y116        FDPE                                         r  i_platform/i_rtl/i_main_core/i_orca/core/X/syscall/memory_region_registers_gen[0].umr_gen.writeable_umr_gen.mumr_base_reg[0][29]/D
  -------------------------------------------------------------------    -------------------

                         (clock clk_50000000_xilinx_clock_pll_0 rise edge)
                                                      0.000     0.000 r  <hidden>
    BUFGCTRL_X0Y16       BUFG                         0.000     0.000 r  external_clk_0_IBUF_BUFG_inst/O
                         net (fo=12425, routed)       0.898     0.898    i_platform/i_pll0/i_xilinx_clock_pll_0/inst/clk_in1
    MMCME2_ADV_X0Y0      MMCME2_ADV (Prop_mmcme2_adv_CLKIN1_CLKOUT0)
                                                     -1.625    -0.727 r  i_platform/i_pll0/i_xilinx_clock_pll_0/inst/mmcm_adv_inst/CLKOUT0
                         net (fo=1, routed)           0.700    -0.027    i_platform/i_pll0/i_xilinx_clock_pll_0/inst/clk_50000000_xilinx_clock_pll_0
    BUFGCTRL_X0Y3        BUFG (Prop_bufg_I_O)         0.029     0.002 r  i_platform/i_pll0/i_xilinx_clock_pll_0/inst/clkout1_buf/O
                         net (fo=11838, routed)       0.824     0.826    i_platform/i_rtl/i_main_core/i_orca/core/X/syscall/clk_50000000
    SLICE_X51Y116        FDPE                                         r  i_platform/i_rtl/i_main_core/i_orca/core/X/syscall/memory_region_registers_gen[0].umr_gen.writeable_umr_gen.mumr_base_reg[0][29]/C
                         clock pessimism             -0.005     0.821    <hidden>
    SLICE_X51Y116        FDPE (Hold_fdpe_C_D)         0.072     0.893    i_platform/i_rtl/i_main_core/i_orca/core/X/syscall/memory_region_registers_gen[0].umr_gen.writeable_umr_gen.mumr_base_reg[0][29]
  -------------------------------------------------------------------
                         required time                         -0.893    <hidden>
                         arrival time                           0.926    <hidden>
  -------------------------------------------------------------------
                         slack                                  0.034    <hidden>





Pulse Width Checks
--------------------------------------------------------------------------------------
Clock Name:         clk_50000000_xilinx_clock_pll_0
Waveform(ns):       { 0.000 10.000 }
Period(ns):         20.000
Sources:            { i_platform/i_pll0/i_xilinx_clock_pll_0/inst/mmcm_adv_inst/CLKOUT0 }

Check Type        Corner  Lib Pin             Reference Pin  Required(ns)  Actual(ns)  Slack(ns)  Location         Pin
Min Period        n/a     DSP48E1/CLK         n/a            3.884         20.000      16.116     DSP48_X2Y45      i_platform/i_rtl/i_main_core/i_orca/core/X/alu/mul_gen.default_mul_gen.mul_dest_reg/CLK
Max Period        n/a     MMCME2_ADV/CLKOUT0  n/a            213.360       20.000      193.360    MMCME2_ADV_X0Y0  i_platform/i_pll0/i_xilinx_clock_pll_0/inst/mmcm_adv_inst/CLKOUT0
Low Pulse Width   Slow    RAMD64E/CLK         n/a            1.250         10.000      8.750      SLICE_X2Y166     i_platform/i_rtl/external_peri_group/i_gen_valid_uart[0].i_rvx_instance_05/i_rvx_instance_0/i_rvx_instance_1/i_rvx_instance_0/i_rvx_instance_0/rvx_signal_0_reg_0_63_0_2/RAMA/CLK
High Pulse Width  Slow    RAMD64E/CLK         n/a            1.250         10.000      8.750      SLICE_X2Y166     i_platform/i_rtl/external_peri_group/i_gen_valid_uart[0].i_rvx_instance_05/i_rvx_instance_0/i_rvx_instance_1/i_rvx_instance_0/i_rvx_instance_0/rvx_signal_0_reg_0_63_0_2/RAMA/CLK



---------------------------------------------------------------------------------------------------
From Clock:  clkfbout_xilinx_clock_pll_0
  To Clock:  clkfbout_xilinx_clock_pll_0

Setup :           NA  Failing Endpoints,  Worst Slack           NA  ,  Total Violation           NA
Hold  :           NA  Failing Endpoints,  Worst Slack           NA  ,  Total Violation           NA
PW    :            0  Failing Endpoints,  Worst Slack        7.845ns,  Total Violation        0.000ns
---------------------------------------------------------------------------------------------------


Pulse Width Checks
--------------------------------------------------------------------------------------
Clock Name:         clkfbout_xilinx_clock_pll_0
Waveform(ns):       { 0.000 5.000 }
Period(ns):         10.000
Sources:            { i_platform/i_pll0/i_xilinx_clock_pll_0/inst/mmcm_adv_inst/CLKFBOUT }

Check Type  Corner  Lib Pin             Reference Pin  Required(ns)  Actual(ns)  Slack(ns)  Location         Pin
Min Period  n/a     BUFG/I              n/a            2.155         10.000      7.845      BUFGCTRL_X0Y4    i_platform/i_pll0/i_xilinx_clock_pll_0/inst/clkf_buf/I
Max Period  n/a     MMCME2_ADV/CLKFBIN  n/a            100.000       10.000      90.000     MMCME2_ADV_X0Y0  i_platform/i_pll0/i_xilinx_clock_pll_0/inst/mmcm_adv_inst/CLKFBIN



---------------------------------------------------------------------------------------------------
From Clock:  pjtag_rclk
  To Clock:  pjtag_rclk

Setup :            0  Failing Endpoints,  Worst Slack       13.343ns,  Total Violation        0.000ns
Hold  :            0  Failing Endpoints,  Worst Slack        0.122ns,  Total Violation        0.000ns
PW    :            0  Failing Endpoints,  Worst Slack       49.500ns,  Total Violation        0.000ns
---------------------------------------------------------------------------------------------------


Max Delay Paths
--------------------------------------------------------------------------------------
Slack (MET) :             13.343ns  (required time - arrival time)
  Source:                 i_platform/i_rtl/platform_controller/i_rvx_instance_4/i_rvx_instance_0/rvx_port_09_reg/C
                            (falling edge-triggered cell FDCE clocked by pjtag_rclk  {rise@0.000ns fall@50.000ns period=100.000ns})
  Destination:            pjtag_rtdo
                            (output port clocked by pjtag_rclk  {rise@0.000ns fall@50.000ns period=100.000ns})
  Path Group:             pjtag_rclk
  Path Type:              Max at Slow Process Corner
  Requirement:            50.000ns  (pjtag_rclk rise@100.000ns - pjtag_rclk fall@50.000ns)
  Data Path Delay:        6.340ns  (logic 4.014ns (63.320%)  route 2.325ns (36.680%))
  Logic Levels:           1  (OBUF=1)
  Output Delay:           25.000ns
  Clock Path Skew:        -5.282ns (DCD - SCD + CPR)
    Destination Clock Delay (DCD):    0.000ns = ( 100.000 - 100.000 ) 
    Source Clock Delay      (SCD):    5.282ns = ( 55.282 - 50.000 ) 
    Clock Pessimism Removal (CPR):    0.000ns
  Clock Uncertainty:      0.035ns  ((TSJ^2 + TIJ^2)^1/2 + DJ) / 2 + PE
    Total System Jitter     (TSJ):    0.071ns
    Total Input Jitter      (TIJ):    0.000ns
    Discrete Jitter          (DJ):    0.000ns
    Phase Error              (PE):    0.000ns

    Location             Delay type                Incr(ns)  Path(ns)    Netlist Resource(s)
  -------------------------------------------------------------------    -------------------
                         (clock pjtag_rclk fall edge)
                                                     50.000    50.000 f  <hidden>
    F4                                                0.000    50.000 f  pjtag_rtck
                         net (fo=0)                   0.000    50.000    pjtag_rtck
    F4                   IBUF (Prop_ibuf_I_O)         1.472    51.472 f  pjtag_rtck_IBUF_inst/O
                         net (fo=1, routed)           2.025    53.496    pjtag_rtck_IBUF
    BUFGCTRL_X0Y17       BUFG (Prop_bufg_I_O)         0.096    53.592 f  pjtag_rtck_IBUF_BUFG_inst/O
                         net (fo=253, routed)         1.690    55.282    i_platform/i_rtl/platform_controller/i_rvx_instance_4/i_rvx_instance_0/pjtag_rtck
    SLICE_X72Y132        FDCE                                         r  i_platform/i_rtl/platform_controller/i_rvx_instance_4/i_rvx_instance_0/rvx_port_09_reg/C  (IS_INVERTED)
  -------------------------------------------------------------------    -------------------
    SLICE_X72Y132        FDCE (Prop_fdce_C_Q)         0.459    55.741 r  i_platform/i_rtl/platform_controller/i_rvx_instance_4/i_rvx_instance_0/rvx_port_09_reg/Q
                         net (fo=1, routed)           2.325    58.067    pjtag_rtdo_OBUF
    D4                   OBUF (Prop_obuf_I_O)         3.555    61.622 r  pjtag_rtdo_OBUF_inst/O
                         net (fo=0)                   0.000    61.622    pjtag_rtdo
    D4                                                                r  pjtag_rtdo
  -------------------------------------------------------------------    -------------------

                         (clock pjtag_rclk rise edge)
                                                    100.000   100.000 r  <hidden>
                         clock pessimism              0.000   100.000    <hidden>
                         clock uncertainty           -0.035    99.965    <hidden>
                         output delay               -25.000    74.965    <hidden>
  -------------------------------------------------------------------
                         required time                         74.965    <hidden>
                         arrival time                         -61.622    <hidden>
  -------------------------------------------------------------------
                         slack                                 13.343    <hidden>





Min Delay Paths
--------------------------------------------------------------------------------------
Slack (MET) :             0.122ns  (arrival time - required time)
  Source:                 i_platform/i_rtl/platform_controller/i_rvx_instance_4/i_rvx_instance_3/i_rvx_instance_0/rvx_signal_0_reg[1]/C
                            (rising edge-triggered cell FDCE clocked by pjtag_rclk  {rise@0.000ns fall@50.000ns period=100.000ns})
  Destination:            i_platform/i_rtl/platform_controller/i_rvx_instance_4/i_rvx_instance_3/i_rvx_instance_0/synch_value_reg[1]/D
                            (rising edge-triggered cell FDCE clocked by pjtag_rclk  {rise@0.000ns fall@50.000ns period=100.000ns})
  Path Group:             pjtag_rclk
  Path Type:              Hold (Min at Fast Process Corner)
  Requirement:            0.000ns  (pjtag_rclk rise@0.000ns - pjtag_rclk rise@0.000ns)
  Data Path Delay:        0.197ns  (logic 0.141ns (71.611%)  route 0.056ns (28.389%))
  Logic Levels:           0  
  Clock Path Skew:        0.000ns (DCD - SCD - CPR)
    Destination Clock Delay (DCD):    1.985ns
    Source Clock Delay      (SCD):    1.469ns
    Clock Pessimism Removal (CPR):    0.516ns

    Location             Delay type                Incr(ns)  Path(ns)    Netlist Resource(s)
  -------------------------------------------------------------------    -------------------
                         (clock pjtag_rclk rise edge)
                                                      0.000     0.000 r  <hidden>
    F4                                                0.000     0.000 r  pjtag_rtck
                         net (fo=0)                   0.000     0.000    pjtag_rtck
    F4                   IBUF (Prop_ibuf_I_O)         0.240     0.240 r  pjtag_rtck_IBUF_inst/O
                         net (fo=1, routed)           0.644     0.884    pjtag_rtck_IBUF
    BUFGCTRL_X0Y17       BUFG (Prop_bufg_I_O)         0.026     0.910 r  pjtag_rtck_IBUF_BUFG_inst/O
                         net (fo=253, routed)         0.559     1.469    i_platform/i_rtl/platform_controller/i_rvx_instance_4/i_rvx_instance_3/i_rvx_instance_0/pjtag_rtck
    SLICE_X69Y137        FDCE                                         r  i_platform/i_rtl/platform_controller/i_rvx_instance_4/i_rvx_instance_3/i_rvx_instance_0/rvx_signal_0_reg[1]/C
  -------------------------------------------------------------------    -------------------
    SLICE_X69Y137        FDCE (Prop_fdce_C_Q)         0.141     1.610 r  i_platform/i_rtl/platform_controller/i_rvx_instance_4/i_rvx_instance_3/i_rvx_instance_0/rvx_signal_0_reg[1]/Q
                         net (fo=1, routed)           0.056     1.665    i_platform/i_rtl/platform_controller/i_rvx_instance_4/i_rvx_instance_3/i_rvx_instance_0/rvx_signal_0_reg_n_0_[1]
    SLICE_X69Y137        FDCE                                         r  i_platform/i_rtl/platform_controller/i_rvx_instance_4/i_rvx_instance_3/i_rvx_instance_0/synch_value_reg[1]/D
  -------------------------------------------------------------------    -------------------

                         (clock pjtag_rclk rise edge)
                                                      0.000     0.000 r  <hidden>
    F4                                                0.000     0.000 r  pjtag_rtck
                         net (fo=0)                   0.000     0.000    pjtag_rtck
    F4                   IBUF (Prop_ibuf_I_O)         0.427     0.427 r  pjtag_rtck_IBUF_inst/O
                         net (fo=1, routed)           0.699     1.126    pjtag_rtck_IBUF
    BUFGCTRL_X0Y17       BUFG (Prop_bufg_I_O)         0.029     1.155 r  pjtag_rtck_IBUF_BUFG_inst/O
                         net (fo=253, routed)         0.830     1.985    i_platform/i_rtl/platform_controller/i_rvx_instance_4/i_rvx_instance_3/i_rvx_instance_0/pjtag_rtck
    SLICE_X69Y137        FDCE                                         r  i_platform/i_rtl/platform_controller/i_rvx_instance_4/i_rvx_instance_3/i_rvx_instance_0/synch_value_reg[1]/C
                         clock pessimism             -0.516     1.469    <hidden>
    SLICE_X69Y137        FDCE (Hold_fdce_C_D)         0.075     1.544    i_platform/i_rtl/platform_controller/i_rvx_instance_4/i_rvx_instance_3/i_rvx_instance_0/synch_value_reg[1]
  -------------------------------------------------------------------
                         required time                         -1.544    <hidden>
                         arrival time                           1.665    <hidden>
  -------------------------------------------------------------------
                         slack                                  0.122    <hidden>





Pulse Width Checks
--------------------------------------------------------------------------------------
Clock Name:         pjtag_rclk
Waveform(ns):       { 0.000 50.000 }
Period(ns):         100.000
Sources:            { pjtag_rtck }

Check Type        Corner  Lib Pin  Reference Pin  Required(ns)  Actual(ns)  Slack(ns)  Location        Pin
Min Period        n/a     BUFG/I   n/a            2.155         100.000     97.845     BUFGCTRL_X0Y17  pjtag_rtck_IBUF_BUFG_inst/I
Low Pulse Width   Slow    FDCE/C   n/a            0.500         50.000      49.500     SLICE_X74Y134   i_platform/i_rtl/platform_controller/i_rvx_instance_4/i_rvx_instance_0/FSM_onehot_rvx_signal_14_reg[0]/C
High Pulse Width  Slow    FDCE/C   n/a            0.500         50.000      49.500     SLICE_X74Y134   i_platform/i_rtl/platform_controller/i_rvx_instance_4/i_rvx_instance_0/FSM_onehot_rvx_signal_14_reg[0]/C



---------------------------------------------------------------------------------------------------
From Clock:  sys_clk_pin
  To Clock:  sys_clk_pin

Setup :           10  Failing Endpoints,  Worst Slack       -2.097ns,  Total Violation      -17.738ns
Hold  :            0  Failing Endpoints,  Worst Slack        0.009ns,  Total Violation        0.000ns
PW    :            0  Failing Endpoints,  Worst Slack        4.500ns,  Total Violation        0.000ns
---------------------------------------------------------------------------------------------------


Max Delay Paths
--------------------------------------------------------------------------------------
Slack (VIOLATED) :        -2.097ns  (required time - arrival time)
  Source:                 i_platform/i_bbht/u_bridge/w_req_len_q_reg[8]/C
                            (rising edge-triggered cell FDRE clocked by sys_clk_pin  {rise@0.000ns fall@5.000ns period=10.000ns})
  Destination:            i_platform/i_bbht/u_bridge/w_left_reg[6]/D
                            (rising edge-triggered cell FDRE clocked by sys_clk_pin  {rise@0.000ns fall@5.000ns period=10.000ns})
  Path Group:             sys_clk_pin
  Path Type:              Setup (Max at Slow Process Corner)
  Requirement:            10.000ns  (sys_clk_pin rise@10.000ns - sys_clk_pin rise@0.000ns)
  Data Path Delay:        12.027ns  (logic 7.164ns (59.566%)  route 4.863ns (40.434%))
  Logic Levels:           11  (CARRY4=2 DSP48E1=1 LUT2=1 LUT4=1 LUT6=6)
  Clock Path Skew:        -0.040ns (DCD - SCD + CPR)
    Destination Clock Delay (DCD):    4.945ns = ( 14.945 - 10.000 ) 
    Source Clock Delay      (SCD):    5.244ns
    Clock Pessimism Removal (CPR):    0.259ns
  Clock Uncertainty:      0.061ns  ((TSJ^2 + TIJ^2)^1/2 + DJ) / 2 + PE
    Total System Jitter     (TSJ):    0.071ns
    Total Input Jitter      (TIJ):    0.100ns
    Discrete Jitter          (DJ):    0.000ns
    Phase Error              (PE):    0.000ns

    Location             Delay type                Incr(ns)  Path(ns)    Netlist Resource(s)
  -------------------------------------------------------------------    -------------------
                         (clock sys_clk_pin rise edge)
                                                      0.000     0.000 r  <hidden>
    E3                                                0.000     0.000 r  external_clk_0
                         net (fo=0)                   0.000     0.000    external_clk_0
    E3                   IBUF (Prop_ibuf_I_O)         1.482     1.482 r  external_clk_0_IBUF_inst/O
                         net (fo=1, routed)           2.025     3.506    external_clk_0_IBUF
    BUFGCTRL_X0Y16       BUFG (Prop_bufg_I_O)         0.096     3.602 r  external_clk_0_IBUF_BUFG_inst/O
                         net (fo=12425, routed)       1.641     5.244    i_platform/i_bbht/u_bridge/external_clk_0
    SLICE_X15Y85         FDRE                                         r  i_platform/i_bbht/u_bridge/w_req_len_q_reg[8]/C
  -------------------------------------------------------------------    -------------------
    SLICE_X15Y85         FDRE (Prop_fdre_C_Q)         0.456     5.700 r  i_platform/i_bbht/u_bridge/w_req_len_q_reg[8]/Q
                         net (fo=1, routed)           0.401     6.101    i_platform/i_bbht/u_bridge/w_req_len_q[8]
    SLICE_X15Y86         LUT2 (Prop_lut2_I0_O)        0.124     6.225 r  i_platform/i_bbht/u_bridge/i___35/O
                         net (fo=27, routed)          0.785     7.010    i_platform/i_bbht/u_bridge/i___35_n_0
    DSP48_X0Y35          DSP48E1 (Prop_dsp48e1_D[1]_P[2])
                                                      5.070    12.080 r  i_platform/i_bbht/u_bridge/wr_total_words/P[2]
                         net (fo=5, routed)           0.920    13.000    i_platform/i_bbht/u_bridge/wr_total_words_n_103
    SLICE_X11Y86         LUT4 (Prop_lut4_I0_O)        0.124    13.124 r  i_platform/i_bbht/u_bridge/i___36_i_4/O
                         net (fo=2, routed)           0.592    13.716    i_platform/i_bbht/u_bridge/i___36_i_4_n_0
    SLICE_X9Y86          LUT6 (Prop_lut6_I0_O)        0.124    13.840 r  i_platform/i_bbht/u_bridge/i___36_i_1/O
                         net (fo=22, routed)          0.394    14.234    i_platform/i_bbht/u_bridge/i___36_i_1_n_0
    SLICE_X9Y84          LUT6 (Prop_lut6_I1_O)        0.124    14.358 r  i_platform/i_bbht/u_bridge/w_left[8]_i_33/O
                         net (fo=1, routed)           0.438    14.796    i_platform/i_bbht/u_bridge/w_left[8]_i_33_n_0
    SLICE_X9Y87          LUT6 (Prop_lut6_I0_O)        0.124    14.920 r  i_platform/i_bbht/u_bridge/w_left[8]_i_30/O
                         net (fo=1, routed)           0.000    14.920    i_platform/i_bbht/u_bridge/w_left[8]_i_30_n_0
    SLICE_X9Y87          CARRY4 (Prop_carry4_S[0]_CO[3])
                                                      0.532    15.452 r  i_platform/i_bbht/u_bridge/w_left_reg[8]_i_14/CO[3]
                         net (fo=1, routed)           0.000    15.452    i_platform/i_bbht/u_bridge/w_left_reg[8]_i_14_n_0
    SLICE_X9Y88          CARRY4 (Prop_carry4_CI_CO[3])
                                                      0.114    15.566 f  i_platform/i_bbht/u_bridge/w_left_reg[8]_i_8/CO[3]
                         net (fo=12, routed)          0.698    16.264    i_platform/i_bbht/u_bridge/w_left_reg[8]_i_8_n_0
    SLICE_X9Y89          LUT6 (Prop_lut6_I1_O)        0.124    16.388 r  i_platform/i_bbht/u_bridge/w_left[7]_i_5/O
                         net (fo=4, routed)           0.342    16.730    i_platform/i_bbht/u_bridge/w_left[7]_i_5_n_0
    SLICE_X8Y90          LUT6 (Prop_lut6_I5_O)        0.124    16.854 r  i_platform/i_bbht/u_bridge/w_left[6]_i_2/O
                         net (fo=1, routed)           0.292    17.147    i_platform/i_bbht/u_bridge/w_left[6]_i_2_n_0
    SLICE_X9Y90          LUT6 (Prop_lut6_I1_O)        0.124    17.271 r  i_platform/i_bbht/u_bridge/w_left[6]_i_1/O
                         net (fo=1, routed)           0.000    17.271    i_platform/i_bbht/u_bridge/p_2_in[6]
    SLICE_X9Y90          FDRE                                         r  i_platform/i_bbht/u_bridge/w_left_reg[6]/D
  -------------------------------------------------------------------    -------------------

                         (clock sys_clk_pin rise edge)
                                                     10.000    10.000 r  <hidden>
    E3                                                0.000    10.000 r  external_clk_0
                         net (fo=0)                   0.000    10.000    external_clk_0
    E3                   IBUF (Prop_ibuf_I_O)         1.411    11.411 r  external_clk_0_IBUF_inst/O
                         net (fo=1, routed)           1.920    13.331    external_clk_0_IBUF
    BUFGCTRL_X0Y16       BUFG (Prop_bufg_I_O)         0.091    13.422 r  external_clk_0_IBUF_BUFG_inst/O
                         net (fo=12425, routed)       1.522    14.945    i_platform/i_bbht/u_bridge/external_clk_0
    SLICE_X9Y90          FDRE                                         r  i_platform/i_bbht/u_bridge/w_left_reg[6]/C
                         clock pessimism              0.259    15.204    <hidden>
                         clock uncertainty           -0.061    15.142    <hidden>
    SLICE_X9Y90          FDRE (Setup_fdre_C_D)        0.031    15.173    i_platform/i_bbht/u_bridge/w_left_reg[6]
  -------------------------------------------------------------------
                         required time                         15.173    <hidden>
                         arrival time                         -17.271    <hidden>
  -------------------------------------------------------------------
                         slack                                 -2.097    <hidden>





Min Delay Paths
--------------------------------------------------------------------------------------
Slack (MET) :             0.009ns  (arrival time - required time)
  Source:                 i_platform/i_bbht/u_top/u_main_ip/u_measure_verify/u_born/u_square32/row2_reg[0]/C
                            (rising edge-triggered cell FDRE clocked by sys_clk_pin  {rise@0.000ns fall@5.000ns period=10.000ns})
  Destination:            i_platform/i_bbht/u_top/u_main_ip/u_measure_verify/u_born/u_square32/row3_reg[0]/D
                            (rising edge-triggered cell FDRE clocked by sys_clk_pin  {rise@0.000ns fall@5.000ns period=10.000ns})
  Path Group:             sys_clk_pin
  Path Type:              Hold (Min at Fast Process Corner)
  Requirement:            0.000ns  (sys_clk_pin rise@0.000ns - sys_clk_pin rise@0.000ns)
  Data Path Delay:        0.341ns  (logic 0.141ns (41.322%)  route 0.200ns (58.678%))
  Logic Levels:           0  
  Clock Path Skew:        0.262ns (DCD - SCD - CPR)
    Destination Clock Delay (DCD):    2.063ns
    Source Clock Delay      (SCD):    1.547ns
    Clock Pessimism Removal (CPR):    0.254ns

    Location             Delay type                Incr(ns)  Path(ns)    Netlist Resource(s)
  -------------------------------------------------------------------    -------------------
                         (clock sys_clk_pin rise edge)
                                                      0.000     0.000 r  <hidden>
    E3                                                0.000     0.000 r  external_clk_0
                         net (fo=0)                   0.000     0.000    external_clk_0
    E3                   IBUF (Prop_ibuf_I_O)         0.250     0.250 r  external_clk_0_IBUF_inst/O
                         net (fo=1, routed)           0.644     0.894    external_clk_0_IBUF
    BUFGCTRL_X0Y16       BUFG (Prop_bufg_I_O)         0.026     0.920 r  external_clk_0_IBUF_BUFG_inst/O
                         net (fo=12425, routed)       0.627     1.547    i_platform/i_bbht/u_top/u_main_ip/u_measure_verify/u_born/u_square32/external_clk_0
    SLICE_X51Y35         FDRE                                         r  i_platform/i_bbht/u_top/u_main_ip/u_measure_verify/u_born/u_square32/row2_reg[0]/C
  -------------------------------------------------------------------    -------------------
    SLICE_X51Y35         FDRE (Prop_fdre_C_Q)         0.141     1.688 r  i_platform/i_bbht/u_top/u_main_ip/u_measure_verify/u_born/u_square32/row2_reg[0]/Q
                         net (fo=1, routed)           0.200     1.888    i_platform/i_bbht/u_top/u_main_ip/u_measure_verify/u_born/u_square32/row2[0]
    SLICE_X55Y34         FDRE                                         r  i_platform/i_bbht/u_top/u_main_ip/u_measure_verify/u_born/u_square32/row3_reg[0]/D
  -------------------------------------------------------------------    -------------------

                         (clock sys_clk_pin rise edge)
                                                      0.000     0.000 r  <hidden>
    E3                                                0.000     0.000 r  external_clk_0
                         net (fo=0)                   0.000     0.000    external_clk_0
    E3                   IBUF (Prop_ibuf_I_O)         0.438     0.438 r  external_clk_0_IBUF_inst/O
                         net (fo=1, routed)           0.699     1.136    external_clk_0_IBUF
    BUFGCTRL_X0Y16       BUFG (Prop_bufg_I_O)         0.029     1.165 r  external_clk_0_IBUF_BUFG_inst/O
                         net (fo=12425, routed)       0.898     2.063    i_platform/i_bbht/u_top/u_main_ip/u_measure_verify/u_born/u_square32/external_clk_0
    SLICE_X55Y34         FDRE                                         r  i_platform/i_bbht/u_top/u_main_ip/u_measure_verify/u_born/u_square32/row3_reg[0]/C
                         clock pessimism             -0.254     1.809    <hidden>
    SLICE_X55Y34         FDRE (Hold_fdre_C_D)         0.070     1.879    i_platform/i_bbht/u_top/u_main_ip/u_measure_verify/u_born/u_square32/row3_reg[0]
  -------------------------------------------------------------------
                         required time                         -1.879    <hidden>
                         arrival time                           1.888    <hidden>
  -------------------------------------------------------------------
                         slack                                  0.009    <hidden>





Pulse Width Checks
--------------------------------------------------------------------------------------
Clock Name:         sys_clk_pin
Waveform(ns):       { 0.000 5.000 }
Period(ns):         10.000
Sources:            { external_clk_0 }

Check Type        Corner  Lib Pin      Reference Pin  Required(ns)  Actual(ns)  Slack(ns)  Location     Pin
Min Period        n/a     DSP48E1/CLK  n/a            3.884         10.000      6.116      DSP48_X0Y38  i_platform/i_bbht/u_top/u_main_ip/u_amp_store/dram_rd_addr_reg/CLK
Low Pulse Width   Slow    FDRE/C       n/a            0.500         5.000       4.500      SLICE_X2Y71  i_platform/i_bbht/u_bridge/ar_bursts_reg[0]/C
High Pulse Width  Slow    FDRE/C       n/a            0.500         5.000       4.500      SLICE_X2Y71  i_platform/i_bbht/u_bridge/ar_bursts_reg[0]/C



---------------------------------------------------------------------------------------------------
Path Group:  **async_default**
From Clock:  clk_50000000_xilinx_clock_pll_0
  To Clock:  clk_50000000_xilinx_clock_pll_0

Setup :            0  Failing Endpoints,  Worst Slack        5.161ns,  Total Violation        0.000ns
Hold  :            0  Failing Endpoints,  Worst Slack        0.650ns,  Total Violation        0.000ns
---------------------------------------------------------------------------------------------------


Max Delay Paths
--------------------------------------------------------------------------------------
Slack (MET) :             5.161ns  (required time - arrival time)
  Source:                 i_platform/i_rtl/platform_controller/i_rvx_instance_3/rvx_signal_05_reg[5]/C
                            (rising edge-triggered cell FDPE clocked by clk_50000000_xilinx_clock_pll_0  {rise@0.000ns fall@10.000ns period=20.000ns})
  Destination:            i_platform/i_rtl/i_main_core/i_orca/core/D__0/the_register_file/bypass_gen.registers_reg[18][23]/CLR
                            (recovery check against rising-edge clock clk_50000000_xilinx_clock_pll_0  {rise@0.000ns fall@10.000ns period=20.000ns})
  Path Group:             **async_default**
  Path Type:              Recovery (Max at Slow Process Corner)
  Requirement:            20.000ns  (clk_50000000_xilinx_clock_pll_0 rise@20.000ns - clk_50000000_xilinx_clock_pll_0 rise@0.000ns)
  Data Path Delay:        14.323ns  (logic 0.642ns (4.482%)  route 13.681ns (95.518%))
  Logic Levels:           1  (LUT2=1)
  Clock Path Skew:        -0.024ns (DCD - SCD + CPR)
    Destination Clock Delay (DCD):    1.573ns = ( 21.573 - 20.000 ) 
    Source Clock Delay      (SCD):    1.603ns
    Clock Pessimism Removal (CPR):    0.006ns
  Clock Uncertainty:      0.087ns  ((TSJ^2 + DJ^2)^1/2) / 2 + PE
    Total System Jitter     (TSJ):    0.071ns
    Discrete Jitter          (DJ):    0.159ns
    Phase Error              (PE):    0.000ns

    Location             Delay type                Incr(ns)  Path(ns)    Netlist Resource(s)
  -------------------------------------------------------------------    -------------------
                         (clock clk_50000000_xilinx_clock_pll_0 rise edge)
                                                      0.000     0.000 r  <hidden>
    BUFGCTRL_X0Y16       BUFG                         0.000     0.000 r  external_clk_0_IBUF_BUFG_inst/O
                         net (fo=12425, routed)       1.809     1.809    i_platform/i_pll0/i_xilinx_clock_pll_0/inst/clk_in1
    MMCME2_ADV_X0Y0      MMCME2_ADV (Prop_mmcme2_adv_CLKIN1_CLKOUT0)
                                                     -3.922    -2.112 r  i_platform/i_pll0/i_xilinx_clock_pll_0/inst/mmcm_adv_inst/CLKOUT0
                         net (fo=1, routed)           2.018    -0.094    i_platform/i_pll0/i_xilinx_clock_pll_0/inst/clk_50000000_xilinx_clock_pll_0
    BUFGCTRL_X0Y3        BUFG (Prop_bufg_I_O)         0.096     0.002 r  i_platform/i_pll0/i_xilinx_clock_pll_0/inst/clkout1_buf/O
                         net (fo=11838, routed)       1.601     1.603    i_platform/i_rtl/platform_controller/i_rvx_instance_3/clk_50000000
    SLICE_X42Y124        FDPE                                         r  i_platform/i_rtl/platform_controller/i_rvx_instance_3/rvx_signal_05_reg[5]/C
  -------------------------------------------------------------------    -------------------
    SLICE_X42Y124        FDPE (Prop_fdpe_C_Q)         0.518     2.121 r  i_platform/i_rtl/platform_controller/i_rvx_instance_3/rvx_signal_05_reg[5]/Q
                         net (fo=4, routed)           0.549     2.670    i_platform/i_rtl/platform_controller/i_rvx_instance_3/rvx_signal_05_reg[5]_0[4]
    SLICE_X42Y125        LUT2 (Prop_lut2_I0_O)        0.124     2.794 f  i_platform/i_rtl/platform_controller/i_rvx_instance_3/value[3]_i_6/O
                         net (fo=2453, routed)       13.132    15.926    i_platform/i_rtl/i_main_core/i_orca/core/D__0/the_register_file/bypass_gen.out2_reg[0]_0
    SLICE_X79Y125        FDCE                                         f  i_platform/i_rtl/i_main_core/i_orca/core/D__0/the_register_file/bypass_gen.registers_reg[18][23]/CLR
  -------------------------------------------------------------------    -------------------

                         (clock clk_50000000_xilinx_clock_pll_0 rise edge)
                                                     20.000    20.000 r  <hidden>
    BUFGCTRL_X0Y16       BUFG                         0.000    20.000 r  external_clk_0_IBUF_BUFG_inst/O
                         net (fo=12425, routed)       1.683    21.683    i_platform/i_pll0/i_xilinx_clock_pll_0/inst/clk_in1
    MMCME2_ADV_X0Y0      MMCME2_ADV (Prop_mmcme2_adv_CLKIN1_CLKOUT0)
                                                     -3.694    17.989 r  i_platform/i_pll0/i_xilinx_clock_pll_0/inst/mmcm_adv_inst/CLKOUT0
                         net (fo=1, routed)           1.923    19.912    i_platform/i_pll0/i_xilinx_clock_pll_0/inst/clk_50000000_xilinx_clock_pll_0
    BUFGCTRL_X0Y3        BUFG (Prop_bufg_I_O)         0.091    20.003 r  i_platform/i_pll0/i_xilinx_clock_pll_0/inst/clkout1_buf/O
                         net (fo=11838, routed)       1.570    21.573    i_platform/i_rtl/i_main_core/i_orca/core/D__0/the_register_file/clk_50000000
    SLICE_X79Y125        FDCE                                         r  i_platform/i_rtl/i_main_core/i_orca/core/D__0/the_register_file/bypass_gen.registers_reg[18][23]/C
                         clock pessimism              0.006    21.579    <hidden>
                         clock uncertainty           -0.087    21.491    <hidden>
    SLICE_X79Y125        FDCE (Recov_fdce_C_CLR)     -0.405    21.086    i_platform/i_rtl/i_main_core/i_orca/core/D__0/the_register_file/bypass_gen.registers_reg[18][23]
  -------------------------------------------------------------------
                         required time                         21.086    <hidden>
                         arrival time                         -15.926    <hidden>
  -------------------------------------------------------------------
                         slack                                  5.161    <hidden>





Min Delay Paths
--------------------------------------------------------------------------------------
Slack (MET) :             0.650ns  (arrival time - required time)
  Source:                 i_platform/i_rtl/platform_controller/i_rvx_instance_3/rvx_signal_25_reg[3]/C
                            (rising edge-triggered cell FDCE clocked by clk_50000000_xilinx_clock_pll_0  {rise@0.000ns fall@10.000ns period=20.000ns})
  Destination:            i_platform/i_rtl/default_slave/i_munoc_instance_2/i_munoc_instance_1/i_rvx_instance_0/i_rvx_instance_0/rvx_signal_6_reg[1][14]/CLR
                            (removal check against rising-edge clock clk_50000000_xilinx_clock_pll_0  {rise@0.000ns fall@10.000ns period=20.000ns})
  Path Group:             **async_default**
  Path Type:              Removal (Min at Fast Process Corner)
  Requirement:            0.000ns  (clk_50000000_xilinx_clock_pll_0 rise@0.000ns - clk_50000000_xilinx_clock_pll_0 rise@0.000ns)
  Data Path Delay:        0.620ns  (logic 0.186ns (29.992%)  route 0.434ns (70.008%))
  Logic Levels:           1  (LUT2=1)
  Clock Path Skew:        0.037ns (DCD - SCD - CPR)
    Destination Clock Delay (DCD):    0.823ns
    Source Clock Delay      (SCD):    0.553ns
    Clock Pessimism Removal (CPR):    0.234ns

    Location             Delay type                Incr(ns)  Path(ns)    Netlist Resource(s)
  -------------------------------------------------------------------    -------------------
                         (clock clk_50000000_xilinx_clock_pll_0 rise edge)
                                                      0.000     0.000 r  <hidden>
    BUFGCTRL_X0Y16       BUFG                         0.000     0.000 r  external_clk_0_IBUF_BUFG_inst/O
                         net (fo=12425, routed)       0.624     0.624    i_platform/i_pll0/i_xilinx_clock_pll_0/inst/clk_in1
    MMCME2_ADV_X0Y0      MMCME2_ADV (Prop_mmcme2_adv_CLKIN1_CLKOUT0)
                                                     -1.296    -0.672 r  i_platform/i_pll0/i_xilinx_clock_pll_0/inst/mmcm_adv_inst/CLKOUT0
                         net (fo=1, routed)           0.648    -0.024    i_platform/i_pll0/i_xilinx_clock_pll_0/inst/clk_50000000_xilinx_clock_pll_0
    BUFGCTRL_X0Y3        BUFG (Prop_bufg_I_O)         0.026     0.002 r  i_platform/i_pll0/i_xilinx_clock_pll_0/inst/clkout1_buf/O
                         net (fo=11838, routed)       0.551     0.553    i_platform/i_rtl/platform_controller/i_rvx_instance_3/clk_50000000
    SLICE_X40Y125        FDCE                                         r  i_platform/i_rtl/platform_controller/i_rvx_instance_3/rvx_signal_25_reg[3]/C
  -------------------------------------------------------------------    -------------------
    SLICE_X40Y125        FDCE (Prop_fdce_C_Q)         0.141     0.694 r  i_platform/i_rtl/platform_controller/i_rvx_instance_3/rvx_signal_25_reg[3]/Q
                         net (fo=2, routed)           0.196     0.890    i_platform/i_rtl/platform_controller/i_rvx_instance_3/Q[2]
    SLICE_X39Y125        LUT2 (Prop_lut2_I1_O)        0.045     0.935 f  i_platform/i_rtl/platform_controller/i_rvx_instance_3/munoc_signal_01[0]_i_2/O
                         net (fo=902, routed)         0.238     1.173    i_platform/i_rtl/default_slave/i_munoc_instance_2/i_munoc_instance_1/i_rvx_instance_0/i_rvx_instance_0/value_reg[0]_1
    SLICE_X30Y125        FDCE                                         f  i_platform/i_rtl/default_slave/i_munoc_instance_2/i_munoc_instance_1/i_rvx_instance_0/i_rvx_instance_0/rvx_signal_6_reg[1][14]/CLR
  -------------------------------------------------------------------    -------------------

                         (clock clk_50000000_xilinx_clock_pll_0 rise edge)
                                                      0.000     0.000 r  <hidden>
    BUFGCTRL_X0Y16       BUFG                         0.000     0.000 r  external_clk_0_IBUF_BUFG_inst/O
                         net (fo=12425, routed)       0.898     0.898    i_platform/i_pll0/i_xilinx_clock_pll_0/inst/clk_in1
    MMCME2_ADV_X0Y0      MMCME2_ADV (Prop_mmcme2_adv_CLKIN1_CLKOUT0)
                                                     -1.625    -0.727 r  i_platform/i_pll0/i_xilinx_clock_pll_0/inst/mmcm_adv_inst/CLKOUT0
                         net (fo=1, routed)           0.700    -0.027    i_platform/i_pll0/i_xilinx_clock_pll_0/inst/clk_50000000_xilinx_clock_pll_0
    BUFGCTRL_X0Y3        BUFG (Prop_bufg_I_O)         0.029     0.002 r  i_platform/i_pll0/i_xilinx_clock_pll_0/inst/clkout1_buf/O
                         net (fo=11838, routed)       0.822     0.823    i_platform/i_rtl/default_slave/i_munoc_instance_2/i_munoc_instance_1/i_rvx_instance_0/i_rvx_instance_0/clk_50000000
    SLICE_X30Y125        FDCE                                         r  i_platform/i_rtl/default_slave/i_munoc_instance_2/i_munoc_instance_1/i_rvx_instance_0/i_rvx_instance_0/rvx_signal_6_reg[1][14]/C
                         clock pessimism             -0.234     0.590    <hidden>
    SLICE_X30Y125        FDCE (Remov_fdce_C_CLR)     -0.067     0.523    i_platform/i_rtl/default_slave/i_munoc_instance_2/i_munoc_instance_1/i_rvx_instance_0/i_rvx_instance_0/rvx_signal_6_reg[1][14]
  -------------------------------------------------------------------
                         required time                         -0.523    <hidden>
                         arrival time                           1.173    <hidden>
  -------------------------------------------------------------------
                         slack                                  0.650    <hidden>





---------------------------------------------------------------------------------------------------
Path Group:  **async_default**
From Clock:  clk_pll_i
  To Clock:  clk_pll_i

Setup :            0  Failing Endpoints,  Worst Slack        2.718ns,  Total Violation        0.000ns
Hold  :            0  Failing Endpoints,  Worst Slack        1.159ns,  Total Violation        0.000ns
---------------------------------------------------------------------------------------------------


Max Delay Paths
--------------------------------------------------------------------------------------
Slack (MET) :             2.718ns  (required time - arrival time)
  Source:                 i_platform/i_system_ddr/nolabel_line70/u_xilinx_ddr3_ctrl_axi32_mig/u_ddr3_infrastructure/rstdiv0_sync_r1_reg_rep__0/C
                            (rising edge-triggered cell FDPE clocked by clk_pll_i  {rise@0.000ns fall@3.333ns period=6.667ns})
  Destination:            i_platform/i_system_ddr/nolabel_line70/u_xilinx_ddr3_ctrl_axi32_mig/u_memc_ui_top_axi/mem_intfc0/ddr_phy_top0/u_ddr_calib_top/u_ddr_phy_init/phy_reset_n_reg/CLR
                            (recovery check against rising-edge clock clk_pll_i  {rise@0.000ns fall@3.333ns period=6.667ns})
  Path Group:             **async_default**
  Path Type:              Recovery (Max at Slow Process Corner)
  Requirement:            6.667ns  (clk_pll_i rise@6.667ns - clk_pll_i rise@0.000ns)
  Data Path Delay:        3.542ns  (logic 0.518ns (14.624%)  route 3.024ns (85.376%))
  Logic Levels:           0  
  Clock Path Skew:        0.056ns (DCD - SCD + CPR)
    Destination Clock Delay (DCD):    3.787ns = ( 10.454 - 6.667 ) 
    Source Clock Delay      (SCD):    3.980ns
    Clock Pessimism Removal (CPR):    0.249ns
  Clock Uncertainty:      0.057ns  ((TSJ^2 + DJ^2)^1/2) / 2 + PE
    Total System Jitter     (TSJ):    0.071ns
    Discrete Jitter          (DJ):    0.090ns
    Phase Error              (PE):    0.000ns

    Location             Delay type                Incr(ns)  Path(ns)    Netlist Resource(s)
  -------------------------------------------------------------------    -------------------
                         (clock clk_pll_i rise edge)
                                                      0.000     0.000 r  <hidden>
    BUFGCTRL_X0Y16       BUFG                         0.000     0.000 r  external_clk_0_IBUF_BUFG_inst/O
                         net (fo=12425, routed)       1.809     1.809    i_platform/i_pll0/i_xilinx_clock_pll_0/inst/clk_in1
    MMCME2_ADV_X0Y0      MMCME2_ADV (Prop_mmcme2_adv_CLKIN1_CLKOUT2)
                                                     -3.922    -2.112 r  i_platform/i_pll0/i_xilinx_clock_pll_0/inst/mmcm_adv_inst/CLKOUT2
                         net (fo=1, routed)           2.018    -0.094    i_platform/i_pll0/i_xilinx_clock_pll_0/inst/clk_150000000_xilinx_clock_pll_0
    BUFGCTRL_X0Y2        BUFG (Prop_bufg_I_O)         0.096     0.002 r  i_platform/i_pll0/i_xilinx_clock_pll_0/inst/clkout3_buf/O
                         net (fo=1, routed)           1.664     1.666    i_platform/i_system_ddr/nolabel_line70/u_xilinx_ddr3_ctrl_axi32_mig/u_ddr3_infrastructure/mmcm_clk
    PLLE2_ADV_X1Y1       PLLE2_ADV (Prop_plle2_adv_CLKIN1_CLKOUT3)
                                                      0.088     1.754 r  i_platform/i_system_ddr/nolabel_line70/u_xilinx_ddr3_ctrl_axi32_mig/u_ddr3_infrastructure/plle2_i/CLKOUT3
                         net (fo=1, routed)           1.281     3.035    i_platform/i_system_ddr/nolabel_line70/u_xilinx_ddr3_ctrl_axi32_mig/u_ddr3_infrastructure/pll_clk3_out
    BUFHCE_X1Y12         BUFH (Prop_bufh_I_O)         0.127     3.162 r  i_platform/i_system_ddr/nolabel_line70/u_xilinx_ddr3_ctrl_axi32_mig/u_ddr3_infrastructure/u_bufh_pll_clk3/O
                         net (fo=1, routed)           0.841     4.003    i_platform/i_system_ddr/nolabel_line70/u_xilinx_ddr3_ctrl_axi32_mig/u_ddr3_infrastructure/pll_clk3
    MMCME2_ADV_X1Y1      MMCME2_ADV (Prop_mmcme2_adv_CLKIN1_CLKFBOUT)
                                                     -3.457     0.547 r  i_platform/i_system_ddr/nolabel_line70/u_xilinx_ddr3_ctrl_axi32_mig/u_ddr3_infrastructure/gen_mmcm.mmcm_i/CLKFBOUT
                         net (fo=1, routed)           1.719     2.266    i_platform/i_system_ddr/nolabel_line70/u_xilinx_ddr3_ctrl_axi32_mig/u_ddr3_infrastructure/clk_pll_i
    BUFGCTRL_X0Y0        BUFG (Prop_bufg_I_O)         0.096     2.362 r  i_platform/i_system_ddr/nolabel_line70/u_xilinx_ddr3_ctrl_axi32_mig/u_ddr3_infrastructure/u_bufg_clkdiv0/O
                         net (fo=10772, routed)       1.618     3.980    i_platform/i_system_ddr/nolabel_line70/u_xilinx_ddr3_ctrl_axi32_mig/u_ddr3_infrastructure/u_bufg_clkdiv0_0
    SLICE_X66Y70         FDPE                                         r  i_platform/i_system_ddr/nolabel_line70/u_xilinx_ddr3_ctrl_axi32_mig/u_ddr3_infrastructure/rstdiv0_sync_r1_reg_rep__0/C
  -------------------------------------------------------------------    -------------------
    SLICE_X66Y70         FDPE (Prop_fdpe_C_Q)         0.518     4.498 f  i_platform/i_system_ddr/nolabel_line70/u_xilinx_ddr3_ctrl_axi32_mig/u_ddr3_infrastructure/rstdiv0_sync_r1_reg_rep__0/Q
                         net (fo=48, routed)          3.024     7.523    i_platform/i_system_ddr/nolabel_line70/u_xilinx_ddr3_ctrl_axi32_mig/u_memc_ui_top_axi/mem_intfc0/ddr_phy_top0/u_ddr_calib_top/u_ddr_phy_init/calib_seq_reg[0]_0
    SLICE_X87Y76         FDCE                                         f  i_platform/i_system_ddr/nolabel_line70/u_xilinx_ddr3_ctrl_axi32_mig/u_memc_ui_top_axi/mem_intfc0/ddr_phy_top0/u_ddr_calib_top/u_ddr_phy_init/phy_reset_n_reg/CLR
  -------------------------------------------------------------------    -------------------

                         (clock clk_pll_i rise edge)
                                                      6.667     6.667 r  <hidden>
    BUFGCTRL_X0Y16       BUFG                         0.000     6.667 r  external_clk_0_IBUF_BUFG_inst/O
                         net (fo=12425, routed)       1.683     8.350    i_platform/i_pll0/i_xilinx_clock_pll_0/inst/clk_in1
    MMCME2_ADV_X0Y0      MMCME2_ADV (Prop_mmcme2_adv_CLKIN1_CLKOUT2)
                                                     -3.694     4.656 r  i_platform/i_pll0/i_xilinx_clock_pll_0/inst/mmcm_adv_inst/CLKOUT2
                         net (fo=1, routed)           1.923     6.579    i_platform/i_pll0/i_xilinx_clock_pll_0/inst/clk_150000000_xilinx_clock_pll_0
    BUFGCTRL_X0Y2        BUFG (Prop_bufg_I_O)         0.091     6.670 r  i_platform/i_pll0/i_xilinx_clock_pll_0/inst/clkout3_buf/O
                         net (fo=1, routed)           1.541     8.211    i_platform/i_system_ddr/nolabel_line70/u_xilinx_ddr3_ctrl_axi32_mig/u_ddr3_infrastructure/mmcm_clk
    PLLE2_ADV_X1Y1       PLLE2_ADV (Prop_plle2_adv_CLKIN1_CLKOUT3)
                                                      0.083     8.294 r  i_platform/i_system_ddr/nolabel_line70/u_xilinx_ddr3_ctrl_axi32_mig/u_ddr3_infrastructure/plle2_i/CLKOUT3
                         net (fo=1, routed)           1.205     9.499    i_platform/i_system_ddr/nolabel_line70/u_xilinx_ddr3_ctrl_axi32_mig/u_ddr3_infrastructure/pll_clk3_out
    BUFHCE_X1Y12         BUFH (Prop_bufh_I_O)         0.081     9.580 r  i_platform/i_system_ddr/nolabel_line70/u_xilinx_ddr3_ctrl_axi32_mig/u_ddr3_infrastructure/u_bufh_pll_clk3/O
                         net (fo=1, routed)           0.799    10.379    i_platform/i_system_ddr/nolabel_line70/u_xilinx_ddr3_ctrl_axi32_mig/u_ddr3_infrastructure/pll_clk3
    MMCME2_ADV_X1Y1      MMCME2_ADV (Prop_mmcme2_adv_CLKIN1_CLKFBOUT)
                                                     -3.249     7.130 r  i_platform/i_system_ddr/nolabel_line70/u_xilinx_ddr3_ctrl_axi32_mig/u_ddr3_infrastructure/gen_mmcm.mmcm_i/CLKFBOUT
                         net (fo=1, routed)           1.639     8.769    i_platform/i_system_ddr/nolabel_line70/u_xilinx_ddr3_ctrl_axi32_mig/u_ddr3_infrastructure/clk_pll_i
    BUFGCTRL_X0Y0        BUFG (Prop_bufg_I_O)         0.091     8.860 r  i_platform/i_system_ddr/nolabel_line70/u_xilinx_ddr3_ctrl_axi32_mig/u_ddr3_infrastructure/u_bufg_clkdiv0/O
                         net (fo=10772, routed)       1.594    10.454    i_platform/i_system_ddr/nolabel_line70/u_xilinx_ddr3_ctrl_axi32_mig/u_memc_ui_top_axi/mem_intfc0/ddr_phy_top0/u_ddr_calib_top/u_ddr_phy_init/FSM_sequential_init_state_r_reg[3]_rep_1
    SLICE_X87Y76         FDCE                                         r  i_platform/i_system_ddr/nolabel_line70/u_xilinx_ddr3_ctrl_axi32_mig/u_memc_ui_top_axi/mem_intfc0/ddr_phy_top0/u_ddr_calib_top/u_ddr_phy_init/phy_reset_n_reg/C
                         clock pessimism              0.249    10.703    <hidden>
                         clock uncertainty           -0.057    10.646    <hidden>
    SLICE_X87Y76         FDCE (Recov_fdce_C_CLR)     -0.405    10.241    i_platform/i_system_ddr/nolabel_line70/u_xilinx_ddr3_ctrl_axi32_mig/u_memc_ui_top_axi/mem_intfc0/ddr_phy_top0/u_ddr_calib_top/u_ddr_phy_init/phy_reset_n_reg
  -------------------------------------------------------------------
                         required time                         10.241    <hidden>
                         arrival time                          -7.523    <hidden>
  -------------------------------------------------------------------
                         slack                                  2.718    <hidden>





Min Delay Paths
--------------------------------------------------------------------------------------
Slack (MET) :             1.159ns  (arrival time - required time)
  Source:                 i_platform/i_system_ddr/nolabel_line70/u_xilinx_ddr3_ctrl_axi32_mig/u_ddr3_infrastructure/rstdiv0_sync_r1_reg_rep__10/C
                            (rising edge-triggered cell FDPE clocked by clk_pll_i  {rise@0.000ns fall@3.333ns period=6.667ns})
  Destination:            i_platform/i_system_ddr/nolabel_line70/u_xilinx_ddr3_ctrl_axi32_mig/u_memc_ui_top_axi/mem_intfc0/ddr_phy_top0/u_ddr_mc_phy_wrapper/u_ddr_mc_phy/ddr_phy_4lanes_0.u_ddr_phy_4lanes/rst_out_reg/CLR
                            (removal check against rising-edge clock clk_pll_i  {rise@0.000ns fall@3.333ns period=6.667ns})
  Path Group:             **async_default**
  Path Type:              Removal (Min at Fast Process Corner)
  Requirement:            0.000ns  (clk_pll_i rise@0.000ns - clk_pll_i rise@0.000ns)
  Data Path Delay:        1.104ns  (logic 0.164ns (14.859%)  route 0.940ns (85.141%))
  Logic Levels:           0  
  Clock Path Skew:        0.037ns (DCD - SCD - CPR)
    Destination Clock Delay (DCD):    1.898ns
    Source Clock Delay      (SCD):    1.333ns
    Clock Pessimism Removal (CPR):    0.528ns

    Location             Delay type                Incr(ns)  Path(ns)    Netlist Resource(s)
  -------------------------------------------------------------------    -------------------
                         (clock clk_pll_i rise edge)
                                                      0.000     0.000 r  <hidden>
    BUFGCTRL_X0Y16       BUFG                         0.000     0.000 r  external_clk_0_IBUF_BUFG_inst/O
                         net (fo=12425, routed)       0.624     0.624    i_platform/i_pll0/i_xilinx_clock_pll_0/inst/clk_in1
    MMCME2_ADV_X0Y0      MMCME2_ADV (Prop_mmcme2_adv_CLKIN1_CLKOUT2)
                                                     -1.296    -0.672 r  i_platform/i_pll0/i_xilinx_clock_pll_0/inst/mmcm_adv_inst/CLKOUT2
                         net (fo=1, routed)           0.648    -0.024    i_platform/i_pll0/i_xilinx_clock_pll_0/inst/clk_150000000_xilinx_clock_pll_0
    BUFGCTRL_X0Y2        BUFG (Prop_bufg_I_O)         0.026     0.002 r  i_platform/i_pll0/i_xilinx_clock_pll_0/inst/clkout3_buf/O
                         net (fo=1, routed)           0.564     0.566    i_platform/i_system_ddr/nolabel_line70/u_xilinx_ddr3_ctrl_axi32_mig/u_ddr3_infrastructure/mmcm_clk
    PLLE2_ADV_X1Y1       PLLE2_ADV (Prop_plle2_adv_CLKIN1_CLKOUT3)
                                                      0.050     0.616 r  i_platform/i_system_ddr/nolabel_line70/u_xilinx_ddr3_ctrl_axi32_mig/u_ddr3_infrastructure/plle2_i/CLKOUT3
                         net (fo=1, routed)           0.394     1.010    i_platform/i_system_ddr/nolabel_line70/u_xilinx_ddr3_ctrl_axi32_mig/u_ddr3_infrastructure/pll_clk3_out
    BUFHCE_X1Y12         BUFH (Prop_bufh_I_O)         0.020     1.030 r  i_platform/i_system_ddr/nolabel_line70/u_xilinx_ddr3_ctrl_axi32_mig/u_ddr3_infrastructure/u_bufh_pll_clk3/O
                         net (fo=1, routed)           0.269     1.299    i_platform/i_system_ddr/nolabel_line70/u_xilinx_ddr3_ctrl_axi32_mig/u_ddr3_infrastructure/pll_clk3
    MMCME2_ADV_X1Y1      MMCME2_ADV (Prop_mmcme2_adv_CLKIN1_CLKFBOUT)
                                                     -1.083     0.215 r  i_platform/i_system_ddr/nolabel_line70/u_xilinx_ddr3_ctrl_axi32_mig/u_ddr3_infrastructure/gen_mmcm.mmcm_i/CLKFBOUT
                         net (fo=1, routed)           0.499     0.714    i_platform/i_system_ddr/nolabel_line70/u_xilinx_ddr3_ctrl_axi32_mig/u_ddr3_infrastructure/clk_pll_i
    BUFGCTRL_X0Y0        BUFG (Prop_bufg_I_O)         0.026     0.740 r  i_platform/i_system_ddr/nolabel_line70/u_xilinx_ddr3_ctrl_axi32_mig/u_ddr3_infrastructure/u_bufg_clkdiv0/O
                         net (fo=10772, routed)       0.593     1.333    i_platform/i_system_ddr/nolabel_line70/u_xilinx_ddr3_ctrl_axi32_mig/u_ddr3_infrastructure/u_bufg_clkdiv0_0
    SLICE_X76Y61         FDPE                                         r  i_platform/i_system_ddr/nolabel_line70/u_xilinx_ddr3_ctrl_axi32_mig/u_ddr3_infrastructure/rstdiv0_sync_r1_reg_rep__10/C
  -------------------------------------------------------------------    -------------------
    SLICE_X76Y61         FDPE (Prop_fdpe_C_Q)         0.164     1.497 f  i_platform/i_system_ddr/nolabel_line70/u_xilinx_ddr3_ctrl_axi32_mig/u_ddr3_infrastructure/rstdiv0_sync_r1_reg_rep__10/Q
                         net (fo=42, routed)          0.940     2.436    i_platform/i_system_ddr/nolabel_line70/u_xilinx_ddr3_ctrl_axi32_mig/u_memc_ui_top_axi/mem_intfc0/ddr_phy_top0/u_ddr_mc_phy_wrapper/u_ddr_mc_phy/ddr_phy_4lanes_0.u_ddr_phy_4lanes/SR[0]
    SLICE_X89Y77         FDCE                                         f  i_platform/i_system_ddr/nolabel_line70/u_xilinx_ddr3_ctrl_axi32_mig/u_memc_ui_top_axi/mem_intfc0/ddr_phy_top0/u_ddr_mc_phy_wrapper/u_ddr_mc_phy/ddr_phy_4lanes_0.u_ddr_phy_4lanes/rst_out_reg/CLR
  -------------------------------------------------------------------    -------------------

                         (clock clk_pll_i rise edge)
                                                      0.000     0.000 r  <hidden>
    BUFGCTRL_X0Y16       BUFG                         0.000     0.000 r  external_clk_0_IBUF_BUFG_inst/O
                         net (fo=12425, routed)       0.898     0.898    i_platform/i_pll0/i_xilinx_clock_pll_0/inst/clk_in1
    MMCME2_ADV_X0Y0      MMCME2_ADV (Prop_mmcme2_adv_CLKIN1_CLKOUT2)
                                                     -1.625    -0.727 r  i_platform/i_pll0/i_xilinx_clock_pll_0/inst/mmcm_adv_inst/CLKOUT2
                         net (fo=1, routed)           0.700    -0.027    i_platform/i_pll0/i_xilinx_clock_pll_0/inst/clk_150000000_xilinx_clock_pll_0
    BUFGCTRL_X0Y2        BUFG (Prop_bufg_I_O)         0.029     0.002 r  i_platform/i_pll0/i_xilinx_clock_pll_0/inst/clkout3_buf/O
                         net (fo=1, routed)           0.833     0.835    i_platform/i_system_ddr/nolabel_line70/u_xilinx_ddr3_ctrl_axi32_mig/u_ddr3_infrastructure/mmcm_clk
    PLLE2_ADV_X1Y1       PLLE2_ADV (Prop_plle2_adv_CLKIN1_CLKOUT3)
                                                      0.053     0.888 r  i_platform/i_system_ddr/nolabel_line70/u_xilinx_ddr3_ctrl_axi32_mig/u_ddr3_infrastructure/plle2_i/CLKOUT3
                         net (fo=1, routed)           0.437     1.325    i_platform/i_system_ddr/nolabel_line70/u_xilinx_ddr3_ctrl_axi32_mig/u_ddr3_infrastructure/pll_clk3_out
    BUFHCE_X1Y12         BUFH (Prop_bufh_I_O)         0.043     1.368 r  i_platform/i_system_ddr/nolabel_line70/u_xilinx_ddr3_ctrl_axi32_mig/u_ddr3_infrastructure/u_bufh_pll_clk3/O
                         net (fo=1, routed)           0.494     1.862    i_platform/i_system_ddr/nolabel_line70/u_xilinx_ddr3_ctrl_axi32_mig/u_ddr3_infrastructure/pll_clk3
    MMCME2_ADV_X1Y1      MMCME2_ADV (Prop_mmcme2_adv_CLKIN1_CLKFBOUT)
                                                     -1.400     0.461 r  i_platform/i_system_ddr/nolabel_line70/u_xilinx_ddr3_ctrl_axi32_mig/u_ddr3_infrastructure/gen_mmcm.mmcm_i/CLKFBOUT
                         net (fo=1, routed)           0.544     1.005    i_platform/i_system_ddr/nolabel_line70/u_xilinx_ddr3_ctrl_axi32_mig/u_ddr3_infrastructure/clk_pll_i
    BUFGCTRL_X0Y0        BUFG (Prop_bufg_I_O)         0.029     1.034 r  i_platform/i_system_ddr/nolabel_line70/u_xilinx_ddr3_ctrl_axi32_mig/u_ddr3_infrastructure/u_bufg_clkdiv0/O
                         net (fo=10772, routed)       0.864     1.898    i_platform/i_system_ddr/nolabel_line70/u_xilinx_ddr3_ctrl_axi32_mig/u_memc_ui_top_axi/mem_intfc0/ddr_phy_top0/u_ddr_mc_phy_wrapper/u_ddr_mc_phy/ddr_phy_4lanes_0.u_ddr_phy_4lanes/my_full_reg[4]
    SLICE_X89Y77         FDCE                                         r  i_platform/i_system_ddr/nolabel_line70/u_xilinx_ddr3_ctrl_axi32_mig/u_memc_ui_top_axi/mem_intfc0/ddr_phy_top0/u_ddr_mc_phy_wrapper/u_ddr_mc_phy/ddr_phy_4lanes_0.u_ddr_phy_4lanes/rst_out_reg/C
                         clock pessimism             -0.528     1.370    <hidden>
    SLICE_X89Y77         FDCE (Remov_fdce_C_CLR)     -0.092     1.278    i_platform/i_system_ddr/nolabel_line70/u_xilinx_ddr3_ctrl_axi32_mig/u_memc_ui_top_axi/mem_intfc0/ddr_phy_top0/u_ddr_mc_phy_wrapper/u_ddr_mc_phy/ddr_phy_4lanes_0.u_ddr_phy_4lanes/rst_out_reg
  -------------------------------------------------------------------
                         required time                         -1.278    <hidden>
                         arrival time                           2.436    <hidden>
  -------------------------------------------------------------------
                         slack                                  1.159    <hidden>





---------------------------------------------------------------------------------------------------
Path Group:  **default**
From Clock:  clk_pll_i
  To Clock:  

Setup :            0  Failing Endpoints,  Worst Slack        1.178ns,  Total Violation        0.000ns
Hold  :           NA  Failing Endpoints,  Worst Slack           NA  ,  Total Violation           NA
---------------------------------------------------------------------------------------------------


Max Delay Paths
--------------------------------------------------------------------------------------
Slack (MET) :             1.178ns  (required time - arrival time)
  Source:                 i_platform/i_system_ddr/nolabel_line70/u_xilinx_ddr3_ctrl_axi32_mig/u_ddr3_infrastructure/rstdiv0_sync_r1_reg/C
                            (rising edge-triggered cell FDPE clocked by clk_pll_i  {rise@0.000ns fall@3.333ns period=6.667ns})
  Destination:            i_platform/i_system_ddr/nolabel_line70/u_xilinx_ddr3_ctrl_axi32_mig/u_memc_ui_top_axi/mem_intfc0/ddr_phy_top0/u_ddr_mc_phy_wrapper/u_ddr_mc_phy/ddr_phy_4lanes_0.u_ddr_phy_4lanes/phy_control_i/RESET
  Path Group:             **default**
  Path Type:              Max at Slow Process Corner
  Requirement:            5.000ns  (MaxDelay Path 5.000ns)
  Data Path Delay:        3.822ns  (logic 0.456ns (11.932%)  route 3.366ns (88.068%))
  Logic Levels:           0  
  Output Delay:           0.000ns
  Timing Exception:       MaxDelay Path 5.000ns -datapath_only

    Location             Delay type                Incr(ns)  Path(ns)    Netlist Resource(s)
  -------------------------------------------------------------------    -------------------
    SLICE_X81Y60                                      0.000     0.000 r  i_platform/i_system_ddr/nolabel_line70/u_xilinx_ddr3_ctrl_axi32_mig/u_ddr3_infrastructure/rstdiv0_sync_r1_reg/C
    SLICE_X81Y60         FDPE (Prop_fdpe_C_Q)         0.456     0.456 r  i_platform/i_system_ddr/nolabel_line70/u_xilinx_ddr3_ctrl_axi32_mig/u_ddr3_infrastructure/rstdiv0_sync_r1_reg/Q
                         net (fo=47, routed)          3.366     3.822    i_platform/i_system_ddr/nolabel_line70/u_xilinx_ddr3_ctrl_axi32_mig/u_memc_ui_top_axi/mem_intfc0/ddr_phy_top0/u_ddr_mc_phy_wrapper/u_ddr_mc_phy/ddr_phy_4lanes_0.u_ddr_phy_4lanes/phy_control_i_0[0]
    PHY_CONTROL_X1Y1     PHY_CONTROL                                  r  i_platform/i_system_ddr/nolabel_line70/u_xilinx_ddr3_ctrl_axi32_mig/u_memc_ui_top_axi/mem_intfc0/ddr_phy_top0/u_ddr_mc_phy_wrapper/u_ddr_mc_phy/ddr_phy_4lanes_0.u_ddr_phy_4lanes/phy_control_i/RESET
  -------------------------------------------------------------------    -------------------

                         max delay                    5.000     5.000    <hidden>
    PHY_CONTROL_X1Y1     PHY_CONTROL                  0.000     5.000    i_platform/i_system_ddr/nolabel_line70/u_xilinx_ddr3_ctrl_axi32_mig/u_memc_ui_top_axi/mem_intfc0/ddr_phy_top0/u_ddr_mc_phy_wrapper/u_ddr_mc_phy/ddr_phy_4lanes_0.u_ddr_phy_4lanes/phy_control_i
                         output delay                -0.000     5.000    <hidden>
  -------------------------------------------------------------------
                         required time                          5.000    <hidden>
                         arrival time                          -3.822    <hidden>
  -------------------------------------------------------------------
                         slack                                  1.178    <hidden>





