Copyright 1986-2022 Xilinx, Inc. All Rights Reserved. Copyright 2022-2026 Advanced Micro Devices, Inc. All Rights Reserved.
----------------------------------------------------------------------------------------------------------------------------------------------------------------------------------
| Tool Version : Vivado v.2026.1 (lin64) Build 6511674 Tue Jun 16 11:01:26 MDT 2026
| Date         : Fri Sep 25 12:43:54 2026
| Host         : Dev-Ubuntu running 64-bit Ubuntu 24.04.4 LTS
| Command      : report_timing -sort_by group -max_paths 100 -path_type summary -file /opt/rvx/platform/bbht_grover_dram/imp_arty-100t_2026-09-25/imp_result/route_timing_max.rpt
| Design       : BBHT_GROVER_DRAM_FPGA
| Device       : 7a100t-csg324
| Speed File   : -1  PRODUCTION 1.23 2018-06-13
| Design State : Routed
----------------------------------------------------------------------------------------------------------------------------------------------------------------------------------

Timing Report

Startpoint                     Endpoint                       Slack(ns)     
----------------------------------------------------------------------------
i_platform/i_system_ddr/nolabel_line70/u_xilinx_ddr3_ctrl_axi32_mig/u_memc_ui_top_axi/mem_intfc0/ddr_phy_top0/u_ddr_calib_top/u_ddr_phy_init/FSM_sequential_init_state_r_reg[5]_rep/C
                               i_platform/i_system_ddr/nolabel_line70/u_xilinx_ddr3_ctrl_axi32_mig/u_memc_ui_top_axi/mem_intfc0/ddr_phy_top0/u_ddr_calib_top/u_ddr_phy_init/wrcal_final_chk_reg/D
                                                              0.005         
i_platform/i_rtl/i_snim_i_system_sram_no_name/i_munoc_instance_0/i_munoc_instance_2/i_munoc_instance_0/i_gen_buffer[0].i_munoc_instance_0/rvx_signal_6_reg[2][52]/C
                               i_platform/i_system_sram/generate_cell[0].i_cell/i_write_bit[1].rvx_signal_3_reg_7/ENARDEN
                                                              0.212         
i_platform/i_rtl/i_snim_i_system_sram_no_name/i_munoc_instance_0/i_munoc_instance_2/i_munoc_instance_0/i_gen_buffer[0].i_munoc_instance_0/rvx_signal_6_reg[2][52]/C
                               i_platform/i_rtl/i_snim_i_system_sram_no_name/i_munoc_instance_0/i_munoc_instance_0/i_munoc_instance_1/munoc_port_08_reg[11]/CE
                                                              0.229         
i_platform/i_rtl/i_snim_i_system_sram_no_name/i_munoc_instance_0/i_munoc_instance_2/i_munoc_instance_0/i_gen_buffer[0].i_munoc_instance_0/rvx_signal_6_reg[2][52]/C
                               i_platform/i_rtl/i_snim_i_system_sram_no_name/i_munoc_instance_0/i_munoc_instance_0/i_munoc_instance_1/munoc_port_08_reg[13]/CE
                                                              0.229         
i_platform/i_system_ddr/nolabel_line70/u_xilinx_ddr3_ctrl_axi32_mig/u_memc_ui_top_axi/mem_intfc0/ddr_phy_top0/u_ddr_calib_top/u_ddr_phy_init/complex_wait_cnt_reg[1]/C
                               i_platform/i_system_ddr/nolabel_line70/u_xilinx_ddr3_ctrl_axi32_mig/u_memc_ui_top_axi/mem_intfc0/ddr_phy_top0/u_ddr_calib_top/u_ddr_phy_init/FSM_sequential_init_state_r_reg[4]_rep/D
                                                              0.233         
i_platform/i_rtl/i_snim_i_system_sram_no_name/i_munoc_instance_0/i_munoc_instance_2/i_munoc_instance_0/i_gen_buffer[0].i_munoc_instance_0/rvx_signal_6_reg[2][52]/C
                               i_platform/i_system_sram/generate_cell[0].i_cell/i_write_bit[1].rvx_signal_3_reg_31/ENARDEN
                                                              0.245         
i_platform/i_rtl/i_snim_i_system_sram_no_name/i_munoc_instance_0/i_munoc_instance_2/i_munoc_instance_0/i_gen_buffer[0].i_munoc_instance_0/rvx_signal_6_reg[2][52]/C
                               i_platform/i_rtl/i_snim_i_system_sram_no_name/i_munoc_instance_0/i_munoc_instance_2/i_munoc_instance_0/i_gen_buffer[0].i_munoc_instance_0/i_rvx_instance_1/value_reg[0]/CE
                                                              0.245         
i_platform/i_rtl/i_snim_i_system_sram_no_name/i_munoc_instance_0/i_munoc_instance_2/i_munoc_instance_0/i_gen_buffer[0].i_munoc_instance_0/rvx_signal_6_reg[2][52]/C
                               i_platform/i_rtl/i_snim_i_system_sram_no_name/i_munoc_instance_0/i_munoc_instance_2/i_munoc_instance_0/i_gen_buffer[0].i_munoc_instance_0/i_rvx_instance_1/value_reg[1]/CE
                                                              0.245         
i_platform/i_rtl/i_snim_i_system_sram_no_name/i_munoc_instance_0/i_munoc_instance_2/i_munoc_instance_0/i_gen_buffer[0].i_munoc_instance_0/rvx_signal_6_reg[2][52]/C
                               i_platform/i_rtl/i_snim_i_system_sram_no_name/i_munoc_instance_0/i_munoc_instance_2/i_munoc_instance_0/i_gen_buffer[0].i_munoc_instance_0/i_rvx_instance_1/value_reg[4]/CE
                                                              0.245         
i_platform/i_rtl/i_snim_i_system_sram_no_name/i_munoc_instance_0/i_munoc_instance_2/i_munoc_instance_0/i_gen_buffer[0].i_munoc_instance_0/rvx_signal_6_reg[2][52]/C
                               i_platform/i_rtl/i_snim_i_system_sram_no_name/i_munoc_instance_0/i_munoc_instance_2/i_munoc_instance_0/i_gen_buffer[0].i_munoc_instance_0/i_rvx_instance_1/value_reg[2]/CE
                                                              0.246         
i_platform/i_rtl/i_snim_i_system_sram_no_name/i_munoc_instance_0/i_munoc_instance_2/i_munoc_instance_0/i_gen_buffer[0].i_munoc_instance_0/rvx_signal_6_reg[2][52]/C
                               i_platform/i_rtl/i_snim_i_system_sram_no_name/i_munoc_instance_0/i_munoc_instance_2/i_munoc_instance_0/i_gen_buffer[0].i_munoc_instance_0/i_rvx_instance_1/value_reg[3]/CE
                                                              0.246         
i_platform/i_rtl/i_snim_i_system_sram_no_name/i_munoc_instance_0/i_munoc_instance_2/i_munoc_instance_0/i_gen_buffer[0].i_munoc_instance_0/rvx_signal_6_reg[2][52]/C
                               i_platform/i_rtl/i_snim_i_system_sram_no_name/i_munoc_instance_0/i_munoc_instance_2/i_munoc_instance_0/i_gen_buffer[0].i_munoc_instance_0/i_rvx_instance_1/value_reg[5]/CE
                                                              0.246         
i_platform/i_rtl/i_snim_i_system_sram_no_name/i_munoc_instance_0/i_munoc_instance_2/i_munoc_instance_0/i_gen_buffer[0].i_munoc_instance_0/rvx_signal_6_reg[2][52]/C
                               i_platform/i_rtl/i_snim_i_system_sram_no_name/i_munoc_instance_0/i_munoc_instance_2/i_munoc_instance_0/i_gen_buffer[0].i_munoc_instance_0/i_rvx_instance_1/value_reg[6]/CE
                                                              0.246         
i_platform/i_rtl/i_snim_i_system_sram_no_name/i_munoc_instance_0/i_munoc_instance_2/i_munoc_instance_0/i_gen_buffer[0].i_munoc_instance_0/rvx_signal_6_reg[2][52]/C
                               i_platform/i_rtl/i_snim_i_system_sram_no_name/i_munoc_instance_0/i_munoc_instance_2/i_munoc_instance_0/i_gen_buffer[0].i_munoc_instance_0/i_rvx_instance_1/value_reg[7]/CE
                                                              0.246         
i_platform/i_rtl/i_snim_i_system_sram_no_name/i_munoc_instance_0/i_munoc_instance_2/i_munoc_instance_0/i_gen_buffer[0].i_munoc_instance_0/rvx_signal_6_reg[2][52]/C
                               i_platform/i_rtl/i_snim_i_system_sram_no_name/i_munoc_instance_0/i_munoc_instance_2/i_munoc_instance_0/i_gen_buffer[0].i_munoc_instance_0/i_rvx_instance_0/value_reg[1]/CE
                                                              0.247         
i_platform/i_rtl/i_snim_i_system_sram_no_name/i_munoc_instance_0/i_munoc_instance_2/i_munoc_instance_0/i_gen_buffer[0].i_munoc_instance_0/rvx_signal_6_reg[2][52]/C
                               i_platform/i_rtl/i_snim_i_system_sram_no_name/i_munoc_instance_0/i_munoc_instance_2/i_munoc_instance_0/i_gen_buffer[0].i_munoc_instance_0/i_rvx_instance_0/value_reg[2]/CE
                                                              0.247         
i_platform/i_rtl/i_snim_i_system_sram_no_name/i_munoc_instance_0/i_munoc_instance_2/i_munoc_instance_0/i_gen_buffer[0].i_munoc_instance_0/rvx_signal_6_reg[2][52]/C
                               i_platform/i_rtl/i_snim_i_system_sram_no_name/i_munoc_instance_0/i_munoc_instance_2/i_munoc_instance_0/i_gen_buffer[0].i_munoc_instance_0/i_rvx_instance_0/value_reg[3]/CE
                                                              0.247         
i_platform/i_rtl/i_snim_i_system_sram_no_name/i_munoc_instance_0/i_munoc_instance_2/i_munoc_instance_0/i_gen_buffer[0].i_munoc_instance_0/rvx_signal_6_reg[2][52]/C
                               i_platform/i_rtl/i_snim_i_system_sram_no_name/i_munoc_instance_0/i_munoc_instance_2/i_munoc_instance_0/i_gen_buffer[0].i_munoc_instance_0/i_rvx_instance_0/value_reg[4]/CE
                                                              0.247         
i_platform/i_system_ddr/nolabel_line70/u_xilinx_ddr3_ctrl_axi32_mig/u_memc_ui_top_axi/mem_intfc0/ddr_phy_top0/u_ddr_calib_top/u_ddr_phy_init/complex_wait_cnt_reg[1]/C
                               i_platform/i_system_ddr/nolabel_line70/u_xilinx_ddr3_ctrl_axi32_mig/u_memc_ui_top_axi/mem_intfc0/ddr_phy_top0/u_ddr_calib_top/u_ddr_phy_init/FSM_sequential_init_state_r_reg[5]_rep__0/D
                                                              0.268         
i_platform/i_rtl/i_snim_i_system_sram_no_name/i_munoc_instance_0/i_munoc_instance_2/i_munoc_instance_0/i_gen_buffer[0].i_munoc_instance_0/rvx_signal_6_reg[2][52]/C
                               i_platform/i_system_sram/generate_cell[0].i_cell/i_write_bit[1].rvx_signal_3_reg_29/ENARDEN
                                                              0.268         
i_platform/i_rtl/i_system_router/i_munoc_instance_0/i_input_port_with_routinhg_info[0].i_munoc_instance_1/i_munoc_instance_1/rvx_port_3_reg[51]/C
                               i_platform/i_rtl/i_snim_i_system_sram_no_name/i_munoc_instance_0/i_munoc_instance_2/i_munoc_instance_0/i_gen_buffer[0].i_munoc_instance_0/rvx_signal_6_reg[2][51]/D
                                                              0.271         
i_platform/i_rtl/i_snim_i_system_sram_no_name/i_munoc_instance_0/i_munoc_instance_2/i_munoc_instance_0/i_gen_buffer[0].i_munoc_instance_0/rvx_signal_6_reg[2][52]/C
                               i_platform/i_rtl/i_snim_i_system_sram_no_name/i_munoc_instance_0/i_munoc_instance_0/i_munoc_instance_1/munoc_port_08_reg[10]/CE
                                                              0.278         
i_platform/i_rtl/i_snim_i_system_sram_no_name/i_munoc_instance_0/i_munoc_instance_2/i_munoc_instance_0/i_gen_buffer[0].i_munoc_instance_0/rvx_signal_6_reg[2][52]/C
                               i_platform/i_rtl/i_snim_i_system_sram_no_name/i_munoc_instance_0/i_munoc_instance_0/i_munoc_instance_1/munoc_port_08_reg[14]/CE
                                                              0.278         
i_platform/i_rtl/i_snim_i_system_sram_no_name/i_munoc_instance_0/i_munoc_instance_2/i_munoc_instance_0/i_gen_buffer[0].i_munoc_instance_0/rvx_signal_6_reg[2][52]/C
                               i_platform/i_rtl/i_snim_i_system_sram_no_name/i_munoc_instance_0/i_munoc_instance_0/i_munoc_instance_1/munoc_port_08_reg[15]/CE
                                                              0.278         
i_platform/i_rtl/i_snim_i_system_sram_no_name/i_munoc_instance_0/i_munoc_instance_2/i_munoc_instance_0/i_gen_buffer[0].i_munoc_instance_0/rvx_signal_6_reg[2][52]/C
                               i_platform/i_rtl/i_snim_i_system_sram_no_name/i_munoc_instance_0/i_munoc_instance_0/i_munoc_instance_1/munoc_port_08_reg[16]/CE
                                                              0.278         
i_platform/i_rtl/i_snim_i_system_sram_no_name/i_munoc_instance_0/i_munoc_instance_2/i_munoc_instance_0/i_gen_buffer[0].i_munoc_instance_0/rvx_signal_6_reg[2][52]/C
                               i_platform/i_rtl/i_snim_i_system_sram_no_name/i_munoc_instance_0/i_munoc_instance_0/i_munoc_instance_1/munoc_port_08_reg[17]/CE
                                                              0.278         
i_platform/i_rtl/i_snim_i_system_sram_no_name/i_munoc_instance_0/i_munoc_instance_2/i_munoc_instance_0/i_gen_buffer[0].i_munoc_instance_0/rvx_signal_6_reg[2][52]/C
                               i_platform/i_rtl/i_snim_i_system_sram_no_name/i_munoc_instance_0/i_munoc_instance_0/i_munoc_instance_1/munoc_port_08_reg[8]/CE
                                                              0.278         
i_platform/i_rtl/i_snim_i_system_sram_no_name/i_munoc_instance_0/i_munoc_instance_2/i_munoc_instance_0/i_gen_buffer[0].i_munoc_instance_0/rvx_signal_6_reg[2][52]/C
                               i_platform/i_rtl/i_snim_i_system_sram_no_name/i_munoc_instance_0/i_munoc_instance_0/i_munoc_instance_1/munoc_port_08_reg[9]/CE
                                                              0.278         
i_platform/i_rtl/i_snim_i_system_sram_no_name/i_munoc_instance_0/i_munoc_instance_2/i_munoc_instance_0/i_gen_buffer[0].i_munoc_instance_0/rvx_signal_6_reg[2][52]/C
                               i_platform/i_rtl/i_snim_i_system_sram_no_name/i_munoc_instance_0/i_munoc_instance_0/i_munoc_instance_1/munoc_signal_06_reg[2]/CE
                                                              0.278         
i_platform/i_rtl/i_snim_i_system_sram_no_name/i_munoc_instance_0/i_munoc_instance_2/i_munoc_instance_0/i_gen_buffer[0].i_munoc_instance_0/rvx_signal_6_reg[2][52]/C
                               i_platform/i_rtl/i_snim_i_system_sram_no_name/i_munoc_instance_0/i_munoc_instance_0/i_munoc_instance_1/munoc_port_08_reg[3]/CE
                                                              0.300         
i_platform/i_rtl/i_snim_i_system_sram_no_name/i_munoc_instance_0/i_munoc_instance_2/i_munoc_instance_0/i_gen_buffer[0].i_munoc_instance_0/rvx_signal_6_reg[2][52]/C
                               i_platform/i_rtl/i_snim_i_system_sram_no_name/i_munoc_instance_0/i_munoc_instance_0/i_munoc_instance_1/munoc_signal_06_reg[4]/CE
                                                              0.300         
i_platform/i_rtl/i_snim_i_system_sram_no_name/i_munoc_instance_0/i_munoc_instance_2/i_munoc_instance_0/i_gen_buffer[0].i_munoc_instance_0/rvx_signal_6_reg[2][52]/C
                               i_platform/i_rtl/i_snim_i_system_sram_no_name/i_munoc_instance_0/i_munoc_instance_0/i_munoc_instance_1/munoc_port_08_reg[1]/CE
                                                              0.303         
i_platform/i_rtl/i_snim_i_system_sram_no_name/i_munoc_instance_0/i_munoc_instance_2/i_munoc_instance_0/i_gen_buffer[0].i_munoc_instance_0/rvx_signal_6_reg[2][52]/C
                               i_platform/i_rtl/i_snim_i_system_sram_no_name/i_munoc_instance_0/i_munoc_instance_0/i_munoc_instance_1/munoc_port_08_reg[2]/CE
                                                              0.303         
i_platform/i_rtl/i_snim_i_system_sram_no_name/i_munoc_instance_0/i_munoc_instance_2/i_munoc_instance_0/i_gen_buffer[0].i_munoc_instance_0/rvx_signal_6_reg[2][52]/C
                               i_platform/i_rtl/i_snim_i_system_sram_no_name/i_munoc_instance_0/i_munoc_instance_0/i_munoc_instance_1/munoc_port_08_reg[5]/CE
                                                              0.303         
i_platform/i_rtl/i_snim_i_system_sram_no_name/i_munoc_instance_0/i_munoc_instance_2/i_munoc_instance_0/i_gen_buffer[0].i_munoc_instance_0/rvx_signal_6_reg[2][52]/C
                               i_platform/i_rtl/i_snim_i_system_sram_no_name/i_munoc_instance_0/i_munoc_instance_0/i_munoc_instance_1/munoc_signal_06_reg[0]/CE
                                                              0.303         
i_platform/i_rtl/i_snim_i_system_sram_no_name/i_munoc_instance_0/i_munoc_instance_2/i_munoc_instance_0/i_gen_buffer[0].i_munoc_instance_0/rvx_signal_6_reg[2][52]/C
                               i_platform/i_rtl/i_snim_i_system_sram_no_name/i_munoc_instance_0/i_munoc_instance_0/i_munoc_instance_1/munoc_signal_06_reg[1]/CE
                                                              0.303         
i_platform/i_rtl/i_snim_i_system_sram_no_name/i_munoc_instance_0/i_munoc_instance_2/i_munoc_instance_0/i_gen_buffer[0].i_munoc_instance_0/rvx_signal_6_reg[2][52]/C
                               i_platform/i_rtl/i_snim_i_system_sram_no_name/i_munoc_instance_0/i_munoc_instance_0/i_munoc_instance_1/munoc_signal_06_reg[3]/CE
                                                              0.303         
i_platform/i_rtl/i_snim_i_system_sram_no_name/i_munoc_instance_0/i_munoc_instance_2/i_munoc_instance_0/i_gen_buffer[0].i_munoc_instance_0/rvx_signal_6_reg[2][52]/C
                               i_platform/i_rtl/i_snim_i_system_sram_no_name/i_munoc_instance_0/i_munoc_instance_0/i_munoc_instance_1/munoc_signal_06_reg[5]/CE
                                                              0.303         
i_platform/i_rtl/i_snim_i_system_sram_no_name/i_munoc_instance_0/i_munoc_instance_2/i_munoc_instance_0/i_gen_buffer[0].i_munoc_instance_0/rvx_signal_6_reg[2][52]/C
                               i_platform/i_rtl/i_snim_i_system_sram_no_name/i_munoc_instance_0/i_munoc_instance_0/i_munoc_instance_1/munoc_signal_06_reg[7]/CE
                                                              0.303         
i_platform/i_rtl/i_snim_i_system_sram_no_name/i_munoc_instance_0/i_munoc_instance_2/i_munoc_instance_0/i_gen_buffer[0].i_munoc_instance_0/rvx_signal_6_reg[2][52]/C
                               i_platform/i_rtl/i_snim_i_system_sram_no_name/i_munoc_instance_0/i_munoc_instance_0/i_munoc_instance_1/munoc_port_08_reg[0]/CE
                                                              0.303         
i_platform/i_rtl/i_snim_i_system_sram_no_name/i_munoc_instance_0/i_munoc_instance_2/i_munoc_instance_0/i_gen_buffer[0].i_munoc_instance_0/rvx_signal_6_reg[2][52]/C
                               i_platform/i_rtl/i_snim_i_system_sram_no_name/i_munoc_instance_0/i_munoc_instance_0/i_munoc_instance_1/munoc_port_08_reg[12]/CE
                                                              0.303         
i_platform/i_rtl/i_snim_i_system_sram_no_name/i_munoc_instance_0/i_munoc_instance_2/i_munoc_instance_0/i_gen_buffer[0].i_munoc_instance_0/rvx_signal_6_reg[2][52]/C
                               i_platform/i_rtl/i_snim_i_system_sram_no_name/i_munoc_instance_0/i_munoc_instance_0/i_munoc_instance_1/munoc_port_08_reg[4]/CE
                                                              0.303         
i_platform/i_rtl/i_snim_i_system_sram_no_name/i_munoc_instance_0/i_munoc_instance_2/i_munoc_instance_0/i_gen_buffer[0].i_munoc_instance_0/rvx_signal_6_reg[2][52]/C
                               i_platform/i_rtl/i_snim_i_system_sram_no_name/i_munoc_instance_0/i_munoc_instance_0/i_munoc_instance_1/munoc_port_08_reg[6]/CE
                                                              0.303         
i_platform/i_rtl/i_snim_i_system_sram_no_name/i_munoc_instance_0/i_munoc_instance_2/i_munoc_instance_0/i_gen_buffer[0].i_munoc_instance_0/rvx_signal_6_reg[2][52]/C
                               i_platform/i_rtl/i_snim_i_system_sram_no_name/i_munoc_instance_0/i_munoc_instance_0/i_munoc_instance_1/munoc_port_08_reg[7]/CE
                                                              0.303         
i_platform/i_rtl/i_snim_i_system_sram_no_name/i_munoc_instance_0/i_munoc_instance_2/i_munoc_instance_0/i_gen_buffer[0].i_munoc_instance_0/rvx_signal_6_reg[2][52]/C
                               i_platform/i_rtl/i_snim_i_system_sram_no_name/i_munoc_instance_0/i_munoc_instance_0/i_munoc_instance_1/munoc_signal_06_reg[6]/CE
                                                              0.303         
i_platform/i_rtl/i_snim_i_system_sram_no_name/i_munoc_instance_0/i_munoc_instance_2/i_munoc_instance_0/i_gen_buffer[0].i_munoc_instance_0/rvx_signal_6_reg[2][52]/C
                               i_platform/i_rtl/i_snim_i_system_sram_no_name/i_munoc_instance_0/i_munoc_instance_0/i_munoc_instance_1/munoc_signal_06_reg[8]/CE
                                                              0.303         
i_platform/i_rtl/i_system_router/i_munoc_instance_0/i_input_port_with_routinhg_info[0].i_munoc_instance_1/i_munoc_instance_1/rvx_port_3_reg[3]/C
                               i_platform/i_rtl/i_snim_i_system_sram_no_name/i_munoc_instance_0/i_munoc_instance_2/i_munoc_instance_0/i_gen_buffer[0].i_munoc_instance_0/rvx_signal_6_reg[6][3]/D
                                                              0.325         
i_platform/i_rtl/i_snim_i_system_sram_no_name/i_munoc_instance_0/i_munoc_instance_2/i_munoc_instance_0/i_gen_buffer[0].i_munoc_instance_0/rvx_signal_6_reg[2][52]/C
                               i_platform/i_system_sram/generate_cell[0].i_cell/i_write_bit[1].rvx_signal_3_reg_4/ENARDEN
                                                              0.332         
i_platform/i_rtl/i_system_router/i_munoc_instance_0/i_input_port_with_routinhg_info[0].i_munoc_instance_1/i_munoc_instance_1/rvx_port_3_reg[23]/C
                               i_platform/i_rtl/default_slave/i_munoc_instance_1/i_munoc_instance_2/i_munoc_instance_0/i_gen_buffer[0].i_munoc_instance_1/rvx_signal_05_reg[4][23]/D
                                                              0.345         
i_platform/i_rtl/i_snim_i_system_sram_no_name/i_munoc_instance_0/i_munoc_instance_2/i_munoc_instance_0/i_gen_buffer[0].i_munoc_instance_0/rvx_signal_6_reg[2][52]/C
                               i_platform/i_rtl/i_snim_i_system_sram_no_name/i_munoc_instance_0/i_munoc_instance_0/i_munoc_instance_1/munoc_port_20_reg[0]/CE
                                                              0.350         
i_platform/i_rtl/i_snim_i_system_sram_no_name/i_munoc_instance_0/i_munoc_instance_2/i_munoc_instance_0/i_gen_buffer[0].i_munoc_instance_0/rvx_signal_6_reg[2][52]/C
                               i_platform/i_rtl/i_snim_i_system_sram_no_name/i_munoc_instance_0/i_munoc_instance_0/i_munoc_instance_1/munoc_port_20_reg[1]/CE
                                                              0.350         
i_platform/i_rtl/i_snim_i_system_sram_no_name/i_munoc_instance_0/i_munoc_instance_2/i_munoc_instance_0/i_gen_buffer[0].i_munoc_instance_0/rvx_signal_6_reg[2][52]/C
                               i_platform/i_rtl/i_snim_i_system_sram_no_name/i_munoc_instance_0/i_munoc_instance_0/i_munoc_instance_1/munoc_port_20_reg[2]/CE
                                                              0.350         
i_platform/i_rtl/i_snim_i_system_sram_no_name/i_munoc_instance_0/i_munoc_instance_2/i_munoc_instance_0/i_gen_buffer[0].i_munoc_instance_0/rvx_signal_6_reg[2][52]/C
                               i_platform/i_rtl/i_snim_i_system_sram_no_name/i_munoc_instance_0/i_munoc_instance_0/i_munoc_instance_1/munoc_port_20_reg[3]/CE
                                                              0.350         
i_platform/i_rtl/i_snim_i_system_sram_no_name/i_munoc_instance_0/i_munoc_instance_2/i_munoc_instance_0/i_gen_buffer[0].i_munoc_instance_0/rvx_signal_6_reg[2][52]/C
                               i_platform/i_rtl/i_snim_i_system_sram_no_name/i_munoc_instance_0/i_munoc_instance_0/i_munoc_instance_1/munoc_signal_19_reg[0]/CE
                                                              0.351         
i_platform/i_rtl/i_snim_i_system_sram_no_name/i_munoc_instance_0/i_munoc_instance_2/i_munoc_instance_0/i_gen_buffer[0].i_munoc_instance_0/rvx_signal_6_reg[2][52]/C
                               i_platform/i_rtl/i_snim_i_system_sram_no_name/i_munoc_instance_0/i_munoc_instance_0/i_munoc_instance_1/munoc_signal_19_reg[1]/CE
                                                              0.351         
i_platform/i_rtl/i_snim_i_system_sram_no_name/i_munoc_instance_0/i_munoc_instance_2/i_munoc_instance_0/i_gen_buffer[0].i_munoc_instance_0/rvx_signal_6_reg[2][52]/C
                               i_platform/i_rtl/i_snim_i_system_sram_no_name/i_munoc_instance_0/i_munoc_instance_0/i_munoc_instance_1/munoc_signal_19_reg[2]/CE
                                                              0.351         
i_platform/i_rtl/i_system_router/i_munoc_instance_0/i_input_port_with_routinhg_info[0].i_munoc_instance_1/i_munoc_instance_1/rvx_port_3_reg[22]/C
                               i_platform/i_rtl/i_snim_platform_controller_no_name/i_munoc_instance_1/i_munoc_instance_2/i_munoc_instance_0/i_gen_buffer[0].i_munoc_instance_1/rvx_signal_05_reg[7][22]/D
                                                              0.355         
i_platform/i_system_ddr/nolabel_line70/u_xilinx_ddr3_ctrl_axi32_mig/u_memc_ui_top_axi/mem_intfc0/ddr_phy_top0/u_ddr_calib_top/u_ddr_phy_init/wrlvl_done_r1_reg/C
                               i_platform/i_system_ddr/nolabel_line70/u_xilinx_ddr3_ctrl_axi32_mig/u_memc_ui_top_axi/mem_intfc0/ddr_phy_top0/u_ddr_calib_top/u_ddr_phy_init/FSM_sequential_init_state_r_reg[1]/D
                                                              0.358         
i_platform/i_rtl/i_snim_i_system_sram_no_name/i_munoc_instance_0/i_munoc_instance_2/i_munoc_instance_0/i_gen_buffer[0].i_munoc_instance_0/rvx_signal_6_reg[2][52]/C
                               i_platform/i_rtl/i_snim_i_system_sram_no_name/i_munoc_instance_0/i_munoc_instance_0/i_munoc_instance_1/munoc_signal_19_reg[3]/CE
                                                              0.359         
i_platform/i_rtl/i_system_router/i_munoc_instance_0/i_input_port_with_routinhg_info[0].i_munoc_instance_1/i_munoc_instance_1/rvx_port_3_reg[3]/C
                               i_platform/i_rtl/i_snim_i_system_sram_no_name/i_munoc_instance_0/i_munoc_instance_2/i_munoc_instance_0/i_gen_buffer[0].i_munoc_instance_0/rvx_signal_6_reg[3][3]/D
                                                              0.360         
i_platform/i_rtl/i_snim_i_system_sram_no_name/i_munoc_instance_0/i_munoc_instance_2/i_munoc_instance_0/i_gen_buffer[0].i_munoc_instance_0/rvx_signal_6_reg[2][52]/C
                               i_platform/i_system_sram/generate_cell[0].i_cell/i_write_bit[1].rvx_signal_3_reg_31/ENBWREN
                                                              0.374         
i_platform/i_rtl/i_system_router/i_munoc_instance_0/i_input_port_with_routinhg_info[0].i_munoc_instance_1/i_munoc_instance_1/rvx_port_3_reg[13]/C
                               i_platform/i_rtl/i_snim_platform_controller_no_name/i_munoc_instance_1/i_munoc_instance_2/i_munoc_instance_0/i_gen_buffer[0].i_munoc_instance_1/rvx_signal_05_reg[2][13]/D
                                                              0.375         
i_platform/i_rtl/i_mnim_i_grover_dram_master/i_munoc_instance_0/i_munoc_instance_10/FSM_sequential_munoc_port_02_reg[2]/C
                               i_platform/i_rtl/i_mnim_i_grover_dram_master/i_munoc_instance_0/i_munoc_instance_00/munoc_signal_5_reg[2]/CE
                                                              0.379         
i_platform/i_system_ddr/nolabel_line70/u_xilinx_ddr3_ctrl_axi32_mig/u_memc_ui_top_axi/mem_intfc0/ddr_phy_top0/u_ddr_calib_top/u_ddr_phy_init/FSM_sequential_init_state_r_reg[5]_rep/C
                               i_platform/i_system_ddr/nolabel_line70/u_xilinx_ddr3_ctrl_axi32_mig/u_memc_ui_top_axi/mem_intfc0/ddr_phy_top0/u_ddr_calib_top/u_ddr_phy_init/gen_no_mirror.div_clk_loop[0].phy_address_reg[6]/D
                                                              0.385         
i_platform/i_rtl/i_system_router/i_munoc_instance_0/i_input_port_with_routinhg_info[0].i_munoc_instance_1/i_munoc_instance_1/rvx_port_3_reg[51]/C
                               i_platform/i_rtl/i_snim_i_system_sram_no_name/i_munoc_instance_0/i_munoc_instance_2/i_munoc_instance_0/i_gen_buffer[0].i_munoc_instance_0/rvx_signal_6_reg[3][51]/D
                                                              0.386         
i_platform/i_rtl/i_system_router/i_munoc_instance_0/i_input_port_with_routinhg_info[0].i_munoc_instance_1/i_munoc_instance_1/rvx_port_3_reg[13]/C
                               i_platform/i_rtl/i_snim_platform_controller_no_name/i_munoc_instance_1/i_munoc_instance_2/i_munoc_instance_0/i_gen_buffer[0].i_munoc_instance_1/rvx_signal_05_reg[3][13]/D
                                                              0.389         
i_platform/i_rtl/i_snim_i_system_sram_no_name/i_munoc_instance_0/i_munoc_instance_2/i_munoc_instance_0/i_gen_buffer[0].i_munoc_instance_0/rvx_signal_6_reg[2][52]/C
                               i_platform/i_rtl/i_snim_i_system_sram_no_name/i_munoc_instance_0/i_munoc_instance_2/i_munoc_instance_0/i_gen_buffer[0].i_munoc_instance_0/i_rvx_instance_1/value_reg[0]/D
                                                              0.391         
i_platform/i_rtl/i_system_router/i_munoc_instance_0/i_input_port_with_routinhg_info[0].i_munoc_instance_1/i_munoc_instance_1/rvx_port_3_reg[13]/C
                               i_platform/i_rtl/i_snim_platform_controller_no_name/i_munoc_instance_1/i_munoc_instance_2/i_munoc_instance_0/i_gen_buffer[0].i_munoc_instance_1/rvx_signal_05_reg[0][13]/D
                                                              0.397         
i_platform/i_rtl/i_system_router/i_munoc_instance_0/i_input_port_with_routinhg_info[0].i_munoc_instance_1/i_munoc_instance_1/rvx_port_3_reg[3]/C
                               i_platform/i_rtl/i_snim_i_system_sram_no_name/i_munoc_instance_0/i_munoc_instance_2/i_munoc_instance_0/i_gen_buffer[0].i_munoc_instance_0/rvx_signal_6_reg[0][3]/D
                                                              0.399         
i_platform/i_system_ddr/nolabel_line70/u_xilinx_ddr3_ctrl_axi32_mig/u_memc_ui_top_axi/mem_intfc0/ddr_phy_top0/u_ddr_calib_top/u_ddr_phy_init/FSM_sequential_init_state_r_reg[5]_rep/C
                               i_platform/i_system_ddr/nolabel_line70/u_xilinx_ddr3_ctrl_axi32_mig/u_memc_ui_top_axi/mem_intfc0/ddr_phy_top0/u_ddr_calib_top/u_ddr_phy_init/FSM_sequential_init_state_r_reg[3]/D
                                                              0.404         
i_platform/i_rtl/i_snim_i_system_sram_no_name/i_munoc_instance_0/i_munoc_instance_2/i_munoc_instance_0/i_gen_buffer[0].i_munoc_instance_0/rvx_signal_6_reg[2][52]/C
                               i_platform/i_system_sram/generate_cell[0].i_cell/i_write_bit[1].rvx_signal_3_reg_3/ENARDEN
                                                              0.405         
i_platform/i_rtl/i_snim_i_system_sram_no_name/i_munoc_instance_0/i_munoc_instance_2/i_munoc_instance_0/i_gen_buffer[0].i_munoc_instance_0/rvx_signal_6_reg[2][52]/C
                               i_platform/i_rtl/i_snim_i_system_sram_no_name/i_munoc_instance_0/i_munoc_instance_2/i_munoc_instance_0/i_gen_buffer[0].i_munoc_instance_0/i_rvx_instance_0/value_reg[0]/CE
                                                              0.414         
i_platform/i_rtl/i_snim_i_system_sram_no_name/i_munoc_instance_0/i_munoc_instance_2/i_munoc_instance_0/i_gen_buffer[0].i_munoc_instance_0/rvx_signal_6_reg[2][52]/C
                               i_platform/i_rtl/i_snim_i_system_sram_no_name/i_munoc_instance_0/i_munoc_instance_2/i_munoc_instance_0/i_gen_buffer[0].i_munoc_instance_0/i_rvx_instance_0/value_reg[5]/CE
                                                              0.414         
i_platform/i_rtl/i_snim_i_system_sram_no_name/i_munoc_instance_0/i_munoc_instance_2/i_munoc_instance_0/i_gen_buffer[0].i_munoc_instance_0/rvx_signal_6_reg[2][52]/C
                               i_platform/i_rtl/i_snim_i_system_sram_no_name/i_munoc_instance_0/i_munoc_instance_2/i_munoc_instance_0/i_gen_buffer[0].i_munoc_instance_0/i_rvx_instance_0/value_reg[6]/CE
                                                              0.414         
i_platform/i_rtl/i_snim_i_system_sram_no_name/i_munoc_instance_0/i_munoc_instance_2/i_munoc_instance_0/i_gen_buffer[0].i_munoc_instance_0/rvx_signal_6_reg[2][52]/C
                               i_platform/i_rtl/i_snim_i_system_sram_no_name/i_munoc_instance_0/i_munoc_instance_2/i_munoc_instance_0/i_gen_buffer[0].i_munoc_instance_0/i_rvx_instance_0/value_reg[7]/CE
                                                              0.414         
i_platform/i_rtl/i_system_router/i_munoc_instance_0/i_input_port_with_routinhg_info[0].i_munoc_instance_1/i_munoc_instance_1/rvx_port_3_reg[26]/C
                               i_platform/i_rtl/i_snim_i_system_sram_no_name/i_munoc_instance_0/i_munoc_instance_2/i_munoc_instance_0/i_gen_buffer[0].i_munoc_instance_0/rvx_signal_6_reg[0][26]/D
                                                              0.415         
i_platform/i_rtl/i_system_router/i_munoc_instance_0/i_input_port_with_routinhg_info[0].i_munoc_instance_1/i_munoc_instance_1/rvx_port_3_reg[52]/C
                               i_platform/i_rtl/i_snim_external_peri_group_no_name/i_munoc_instance_1/i_munoc_instance_2/i_munoc_instance_0/i_gen_buffer[0].i_munoc_instance_1/rvx_signal_05_reg[7][52]/D
                                                              0.415         
i_platform/i_rtl/i_snim_i_system_sram_no_name/i_munoc_instance_0/i_munoc_instance_2/i_munoc_instance_0/i_gen_buffer[0].i_munoc_instance_0/rvx_signal_6_reg[2][52]/C
                               i_platform/i_rtl/i_snim_i_system_sram_no_name/i_munoc_instance_0/i_munoc_instance_0/i_munoc_instance_1/munoc_port_20_reg[3]/D
                                                              0.422         
i_platform/i_rtl/i_system_router/i_munoc_instance_0/i_input_port_with_routinhg_info[0].i_munoc_instance_1/i_munoc_instance_1/rvx_port_3_reg[13]/C
                               i_platform/i_rtl/i_snim_platform_controller_no_name/i_munoc_instance_1/i_munoc_instance_2/i_munoc_instance_0/i_gen_buffer[0].i_munoc_instance_1/rvx_signal_05_reg[7][13]/D
                                                              0.426         
i_platform/i_rtl/i_system_router/i_munoc_instance_0/i_input_port_with_routinhg_info[0].i_munoc_instance_1/i_munoc_instance_1/rvx_port_3_reg[3]/C
                               i_platform/i_rtl/i_snim_i_system_sram_no_name/i_munoc_instance_0/i_munoc_instance_2/i_munoc_instance_0/i_gen_buffer[0].i_munoc_instance_0/rvx_signal_6_reg[4][3]/D
                                                              0.426         
i_platform/i_bbht/u_top/u_main_ip/u_measure_verify/u_born/u_row_weight_mem/mem_reg/CLKARDCLK
                               i_platform/i_bbht/u_top/u_main_ip/u_measure_verify/u_born/FSM_onehot_st_reg[0]/CE
                                                              0.431         
i_platform/i_bbht/u_top/u_main_ip/u_measure_verify/u_born/u_row_weight_mem/mem_reg/CLKARDCLK
                               i_platform/i_bbht/u_top/u_main_ip/u_measure_verify/u_born/FSM_onehot_st_reg[10]/CE
                                                              0.431         
i_platform/i_bbht/u_top/u_main_ip/u_measure_verify/u_born/u_row_weight_mem/mem_reg/CLKARDCLK
                               i_platform/i_bbht/u_top/u_main_ip/u_measure_verify/u_born/FSM_onehot_st_reg[11]/CE
                                                              0.431         
i_platform/i_bbht/u_top/u_main_ip/u_measure_verify/u_born/u_row_weight_mem/mem_reg/CLKARDCLK
                               i_platform/i_bbht/u_top/u_main_ip/u_measure_verify/u_born/FSM_onehot_st_reg[12]/CE
                                                              0.431         
i_platform/i_bbht/u_top/u_main_ip/u_measure_verify/u_born/u_row_weight_mem/mem_reg/CLKARDCLK
                               i_platform/i_bbht/u_top/u_main_ip/u_measure_verify/u_born/FSM_onehot_st_reg[6]/CE
                                                              0.431         
i_platform/i_bbht/u_top/u_main_ip/u_measure_verify/u_born/u_row_weight_mem/mem_reg/CLKARDCLK
                               i_platform/i_bbht/u_top/u_main_ip/u_measure_verify/u_born/FSM_onehot_st_reg[8]/CE
                                                              0.431         
i_platform/i_bbht/u_top/u_main_ip/u_measure_verify/u_born/u_row_weight_mem/mem_reg/CLKARDCLK
                               i_platform/i_bbht/u_top/u_main_ip/u_measure_verify/u_born/FSM_onehot_st_reg[9]/CE
                                                              0.431         
i_platform/i_rtl/i_system_router/i_munoc_instance_0/i_input_port_with_routinhg_info[0].i_munoc_instance_1/i_munoc_instance_1/rvx_port_3_reg[3]/C
                               i_platform/i_rtl/i_snim_i_system_sram_no_name/i_munoc_instance_0/i_munoc_instance_2/i_munoc_instance_0/i_gen_buffer[0].i_munoc_instance_0/rvx_signal_6_reg[2][3]/D
                                                              0.433         
i_platform/i_rtl/i_snim_i_system_sram_no_name/i_munoc_instance_0/i_munoc_instance_2/i_munoc_instance_0/i_gen_buffer[0].i_munoc_instance_0/rvx_signal_6_reg[2][52]/C
                               i_platform/i_system_sram/generate_cell[0].i_cell/i_write_bit[1].rvx_signal_3_reg_21/ENARDEN
                                                              0.441         
i_platform/i_rtl/i_system_router/i_munoc_instance_0/i_input_port_with_routinhg_info[0].i_munoc_instance_1/i_munoc_instance_1/rvx_port_3_reg[13]/C
                               i_platform/i_rtl/i_snim_platform_controller_no_name/i_munoc_instance_1/i_munoc_instance_2/i_munoc_instance_0/i_gen_buffer[0].i_munoc_instance_1/rvx_signal_05_reg[4][13]/D
                                                              0.442         
i_platform/i_rtl/i_snim_i_system_sram_no_name/i_munoc_instance_0/i_munoc_instance_2/i_munoc_instance_0/i_gen_buffer[0].i_munoc_instance_0/rvx_signal_6_reg[2][52]/C
                               i_platform/i_rtl/i_snim_i_system_sram_no_name/i_munoc_instance_0/i_munoc_instance_2/i_munoc_instance_0/i_gen_buffer[0].i_munoc_instance_0/i_rvx_instance_1/value_reg[1]/D
                                                              0.448         
i_platform/i_rtl/i_snim_i_system_sram_no_name/i_munoc_instance_0/i_munoc_instance_2/i_munoc_instance_0/i_gen_buffer[0].i_munoc_instance_0/rvx_signal_6_reg[2][52]/C
                               i_platform/i_rtl/i_snim_i_system_sram_no_name/i_munoc_instance_0/i_munoc_instance_2/i_munoc_instance_0/i_gen_buffer[0].i_munoc_instance_0/i_rvx_instance_1/value_reg[4]/D
                                                              0.455         
i_platform/i_rtl/i_snim_i_system_sram_no_name/i_munoc_instance_0/i_munoc_instance_2/i_munoc_instance_0/i_gen_buffer[0].i_munoc_instance_0/rvx_signal_6_reg[2][52]/C
                               i_platform/i_rtl/i_snim_i_system_sram_no_name/i_munoc_instance_0/i_munoc_instance_0/FSM_sequential_munoc_signal_21_reg[1]/D
                                                              0.458         
i_platform/i_rtl/i_snim_i_system_sram_no_name/i_munoc_instance_0/i_munoc_instance_2/i_munoc_instance_0/i_gen_buffer[0].i_munoc_instance_0/rvx_signal_6_reg[2][52]/C
                               i_platform/i_system_sram/generate_cell[0].i_cell/i_write_bit[1].rvx_signal_3_reg_28/ENARDEN
                                                              0.458         
i_platform/i_rtl/i_system_router/i_munoc_instance_0/i_input_port_with_routinhg_info[0].i_munoc_instance_1/i_munoc_instance_1/rvx_port_3_reg[52]/C
                               i_platform/i_rtl/i_snim_external_peri_group_no_name/i_munoc_instance_1/i_munoc_instance_2/i_munoc_instance_0/i_gen_buffer[0].i_munoc_instance_1/rvx_signal_05_reg[2][52]/D
                                                              0.460         
i_platform/i_rtl/i_snim_i_system_sram_no_name/i_munoc_instance_0/i_munoc_instance_2/i_munoc_instance_0/i_gen_buffer[0].i_munoc_instance_0/rvx_signal_6_reg[2][52]/C
                               i_platform/i_system_sram/generate_cell[0].i_cell/i_write_bit[1].rvx_signal_3_reg_7/ENBWREN
                                                              0.461         
i_platform/i_rtl/i_snim_i_system_sram_no_name/i_munoc_instance_0/i_munoc_instance_2/i_munoc_instance_0/i_gen_buffer[0].i_munoc_instance_0/rvx_signal_6_reg[2][52]/C
                               i_platform/i_rtl/i_snim_i_system_sram_no_name/i_munoc_instance_0/i_munoc_instance_0/i_munoc_instance_1/munoc_port_20_reg[1]/D
                                                              0.469         
i_platform/i_rtl/i_snim_i_system_sram_no_name/i_munoc_instance_0/i_munoc_instance_2/i_munoc_instance_0/i_gen_buffer[0].i_munoc_instance_0/rvx_signal_6_reg[2][52]/C
                               i_platform/i_rtl/i_snim_i_system_sram_no_name/i_munoc_instance_0/i_munoc_instance_2/i_munoc_instance_0/i_gen_buffer[0].i_munoc_instance_0/i_rvx_instance_1/value_reg[6]/D
                                                              0.470         
i_platform/i_rtl/i_system_router/i_munoc_instance_0/i_input_port_with_routinhg_info[0].i_munoc_instance_1/i_munoc_instance_1/rvx_port_3_reg[52]/C
                               i_platform/i_rtl/i_snim_external_peri_group_no_name/i_munoc_instance_1/i_munoc_instance_2/i_munoc_instance_0/i_gen_buffer[0].i_munoc_instance_1/rvx_signal_05_reg[1][52]/D
                                                              0.471         
i_platform/i_rtl/i_snim_i_system_sram_no_name/i_munoc_instance_0/i_munoc_instance_2/i_munoc_instance_0/i_gen_buffer[0].i_munoc_instance_0/rvx_signal_6_reg[2][52]/C
                               i_platform/i_system_sram/generate_cell[0].i_cell/i_write_bit[1].rvx_signal_3_reg_22/ENARDEN
                                                              0.475         
i_platform/i_rtl/i_snim_i_system_sram_no_name/i_munoc_instance_0/i_munoc_instance_2/i_munoc_instance_0/i_gen_buffer[0].i_munoc_instance_0/rvx_signal_6_reg[2][52]/C
                               i_platform/i_system_sram/generate_cell[0].i_cell/i_write_bit[1].rvx_signal_3_reg_30/ENARDEN
                                                              0.475         
i_platform/i_rtl/i_system_router/i_munoc_instance_0/i_input_port_with_routinhg_info[0].i_munoc_instance_1/i_munoc_instance_1/rvx_port_3_reg[26]/C
                               i_platform/i_rtl/i_snim_i_system_sram_no_name/i_munoc_instance_0/i_munoc_instance_2/i_munoc_instance_0/i_gen_buffer[0].i_munoc_instance_0/rvx_signal_6_reg[7][26]/D
                                                              0.476         
i_platform/i_rtl/i_system_router/i_munoc_instance_0/i_input_port_with_routinhg_info[0].i_munoc_instance_1/i_munoc_instance_1/rvx_port_3_reg[21]/C
                               i_platform/i_rtl/i_snim_common_peri_group_no_name/i_munoc_instance_1/i_munoc_instance_2/i_munoc_instance_0/i_gen_buffer[0].i_munoc_instance_1/rvx_signal_05_reg[2][21]/D
                                                              0.478         
i_platform/i_rtl/i_snim_i_system_sram_no_name/i_munoc_instance_0/i_munoc_instance_2/i_munoc_instance_0/i_gen_buffer[0].i_munoc_instance_0/rvx_signal_6_reg[2][52]/C
                               i_platform/i_rtl/i_snim_i_system_sram_no_name/i_munoc_instance_0/i_munoc_instance_2/i_munoc_instance_0/i_gen_buffer[0].i_munoc_instance_0/i_rvx_instance_1/value_reg[2]/D
                                                              0.478         
i_platform/i_rtl/i_system_router/i_munoc_instance_0/i_input_port_with_routinhg_info[0].i_munoc_instance_1/i_munoc_instance_1/rvx_port_3_reg[26]/C
                               i_platform/i_rtl/i_snim_i_system_sram_no_name/i_munoc_instance_0/i_munoc_instance_2/i_munoc_instance_0/i_gen_buffer[0].i_munoc_instance_0/rvx_signal_6_reg[1][26]/D
                                                              0.479         
i_platform/i_rtl/i_snim_i_system_sram_no_name/i_munoc_instance_0/i_munoc_instance_2/i_munoc_instance_0/i_gen_buffer[0].i_munoc_instance_0/rvx_signal_6_reg[2][52]/C
                               i_platform/i_rtl/i_snim_i_system_sram_no_name/i_munoc_instance_0/i_munoc_instance_2/i_munoc_instance_0/i_gen_buffer[0].i_munoc_instance_0/i_rvx_instance_1/value_reg[3]/D
                                                              0.482         
i_platform/i_rtl/i_mnim_i_grover_dram_master/i_munoc_instance_0/i_munoc_instance_10/FSM_sequential_munoc_port_02_reg[2]/C
                               i_platform/i_rtl/i_mnim_i_grover_dram_master/i_munoc_instance_0/i_munoc_instance_00/i_munoc_instance_0/value_reg[0]/CE
                                                              0.489         
i_platform/i_bbht/u_top/u_main_ip/u_measure_verify/u_born/lane_index_reg[0]_rep/C
                               i_platform/i_bbht/u_top/u_main_ip/u_measure_verify/u_born/lane_index_reg[1]_rep/CE
                                                              0.583         
i_platform/i_bbht/u_top/u_main_ip/u_measure_verify/u_born/lane_index_reg[1]_rep/C
                               i_platform/i_bbht/u_top/u_main_ip/u_measure_verify/u_born/lane_cumulative_reg[21]/CE
                                                              0.599         
i_platform/i_bbht/u_top/u_main_ip/u_measure_verify/u_born/lane_index_reg[1]_rep/C
                               i_platform/i_bbht/u_top/u_main_ip/u_measure_verify/u_born/lane_cumulative_reg[22]/CE
                                                              0.599         
i_platform/i_bbht/u_top/u_main_ip/u_measure_verify/u_born/lane_index_reg[1]_rep/C
                               i_platform/i_bbht/u_top/u_main_ip/u_measure_verify/u_born/lane_cumulative_reg[23]/CE
                                                              0.599         
i_platform/i_bbht/u_top/u_main_ip/u_measure_verify/u_born/lane_index_reg[1]_rep/C
                               i_platform/i_bbht/u_top/u_main_ip/u_measure_verify/u_born/lane_cumulative_reg[24]/CE
                                                              0.599         
i_platform/i_bbht/u_top/u_main_ip/u_measure_verify/u_born/lane_index_reg[1]_rep/C
                               i_platform/i_bbht/u_top/u_main_ip/u_measure_verify/u_born/lane_cumulative_reg[26]/CE
                                                              0.599         
i_platform/i_bbht/u_top/u_main_ip/u_measure_verify/u_born/lane_index_reg[1]_rep/C
                               i_platform/i_bbht/u_top/u_main_ip/u_measure_verify/u_born/lane_cumulative_reg[27]/CE
                                                              0.599         
i_platform/i_bbht/u_top/u_main_ip/u_measure_verify/u_born/lane_index_reg[1]_rep/C
                               i_platform/i_bbht/u_top/u_main_ip/u_measure_verify/u_born/lane_index_reg[0]_rep__1/CE
                                                              0.599         
i_platform/i_bbht/u_top/u_main_ip/u_measure_verify/u_born/lane_index_reg[1]_rep/C
                               i_platform/i_bbht/u_top/u_main_ip/u_measure_verify/u_born/lane_index_reg[1]_rep__1/CE
                                                              0.603         
i_platform/i_bbht/u_top/u_main_ip/u_measure_verify/u_born/lane_index_reg[1]_rep/C
                               i_platform/i_bbht/u_top/u_main_ip/u_measure_verify/u_born/lane_cumulative_reg[1]/CE
                                                              0.614         
i_platform/i_bbht/u_top/u_main_ip/u_measure_verify/u_born/lane_index_reg[1]_rep/C
                               i_platform/i_bbht/u_top/u_main_ip/u_measure_verify/u_born/lane_cumulative_reg[2]/CE
                                                              0.614         
i_platform/i_bbht/u_top/u_main_ip/u_measure_verify/u_born/lane_index_reg[1]_rep/C
                               i_platform/i_bbht/u_top/u_main_ip/u_measure_verify/u_born/lane_cumulative_reg[3]/CE
                                                              0.614         
i_platform/i_bbht/u_top/u_main_ip/u_measure_verify/u_born/lane_index_reg[1]_rep/C
                               i_platform/i_bbht/u_top/u_main_ip/u_measure_verify/u_born/lane_cumulative_reg[4]/CE
                                                              0.614         
i_platform/i_bbht/u_top/u_main_ip/u_measure_verify/u_born/lane_index_reg[1]_rep/C
                               i_platform/i_bbht/u_top/u_main_ip/u_measure_verify/u_born/lane_cumulative_reg[6]/CE
                                                              0.614         
i_platform/i_bbht/u_top/u_main_ip/u_measure_verify/u_born/lane_index_reg[1]_rep/C
                               i_platform/i_bbht/u_top/u_main_ip/u_measure_verify/u_born/lane_cumulative_reg[7]/CE
                                                              0.614         
i_platform/i_bbht/u_top/u_main_ip/u_measure_verify/u_born/lane_index_reg[1]_rep/C
                               i_platform/i_bbht/u_top/u_main_ip/u_measure_verify/u_born/lane_index_reg[1]_rep__0/CE
                                                              0.614         
i_platform/i_bbht/u_top/u_main_ip/u_measure_verify/u_born/lane_index_reg[1]_rep/C
                               i_platform/i_bbht/u_top/u_main_ip/u_measure_verify/u_born/lane_index_reg[2]/CE
                                                              0.614         
i_platform/i_bbht/u_top/u_main_ip/u_measure_verify/u_born/u_square32/v0_reg/C
                               i_platform/i_bbht/u_top/u_main_ip/u_measure_verify/u_born/u_square32/sq10__52/CEP
                                                              0.681         
i_platform/i_bbht/u_top/u_main_ip/u_measure_verify/u_born/u_row_weight_mem/mem_reg/CLKARDCLK
                               i_platform/i_bbht/u_top/u_main_ip/u_measure_verify/u_born/FSM_onehot_st_reg[1]/CE
                                                              0.711         
i_platform/i_bbht/u_top/u_main_ip/u_measure_verify/u_born/u_row_weight_mem/mem_reg/CLKARDCLK
                               i_platform/i_bbht/u_top/u_main_ip/u_measure_verify/u_born/FSM_onehot_st_reg[2]/CE
                                                              0.711         
i_platform/i_bbht/u_top/u_main_ip/u_measure_verify/u_born/u_row_weight_mem/mem_reg/CLKARDCLK
                               i_platform/i_bbht/u_top/u_main_ip/u_measure_verify/u_born/FSM_onehot_st_reg[3]/CE
                                                              0.711         
i_platform/i_bbht/u_top/u_main_ip/u_measure_verify/u_born/u_row_weight_mem/mem_reg/CLKARDCLK
                               i_platform/i_bbht/u_top/u_main_ip/u_measure_verify/u_born/FSM_onehot_st_reg[4]/CE
                                                              0.711         
i_platform/i_bbht/u_top/u_main_ip/u_measure_verify/u_born/u_square32/v0_reg/C
                               i_platform/i_bbht/u_top/u_main_ip/u_measure_verify/u_born/u_square32/sq1_reg[1119]/CE
                                                              0.718         
i_platform/i_bbht/u_top/u_main_ip/u_measure_verify/u_born/u_square32/v0_reg/C
                               i_platform/i_bbht/u_top/u_main_ip/u_measure_verify/u_born/u_square32/sq1_reg[1289]/CE
                                                              0.718         
i_platform/i_bbht/u_top/u_main_ip/u_measure_verify/u_born/u_square32/v0_reg/C
                               i_platform/i_bbht/u_top/u_main_ip/u_measure_verify/u_born/u_square32/sq1_reg[1396]/CE
                                                              0.718         
i_platform/i_bbht/u_top/u_main_ip/u_measure_verify/u_born/lane_index_reg[1]_rep/C
                               i_platform/i_bbht/u_top/u_main_ip/u_measure_verify/u_born/lane_cumulative_reg[29]/CE
                                                              0.740         
i_platform/i_bbht/u_top/u_main_ip/u_measure_verify/u_born/lane_index_reg[1]_rep/C
                               i_platform/i_bbht/u_top/u_main_ip/u_measure_verify/u_born/lane_cumulative_reg[32]/CE
                                                              0.740         
i_platform/i_bbht/u_top/u_main_ip/u_measure_verify/u_born/lane_index_reg[1]_rep/C
                               i_platform/i_bbht/u_top/u_main_ip/u_measure_verify/u_born/lane_cumulative_reg[33]/CE
                                                              0.740         
i_platform/i_bbht/u_top/u_main_ip/u_measure_verify/u_born/lane_index_reg[1]_rep/C
                               i_platform/i_bbht/u_top/u_main_ip/u_measure_verify/u_born/lane_cumulative_reg[34]/CE
                                                              0.740         
i_platform/i_bbht/u_top/u_main_ip/u_measure_verify/u_born/lane_index_reg[1]_rep/C
                               i_platform/i_bbht/u_top/u_main_ip/u_measure_verify/u_born/lane_cumulative_reg[35]/CE
                                                              0.740         
i_platform/i_bbht/u_top/u_main_ip/u_measure_verify/u_born/lane_index_reg[1]_rep/C
                               i_platform/i_bbht/u_top/u_main_ip/u_measure_verify/u_born/lane_cumulative_reg[36]/CE
                                                              0.740         
i_platform/i_bbht/u_top/u_main_ip/u_measure_verify/u_born/lane_index_reg[1]_rep/C
                               i_platform/i_bbht/u_top/u_main_ip/u_measure_verify/u_born/lane_cumulative_reg[10]/CE
                                                              0.740         
i_platform/i_bbht/u_top/u_main_ip/u_measure_verify/u_born/lane_index_reg[1]_rep/C
                               i_platform/i_bbht/u_top/u_main_ip/u_measure_verify/u_born/lane_cumulative_reg[11]/CE
                                                              0.740         
i_platform/i_bbht/u_top/u_main_ip/u_measure_verify/u_born/lane_index_reg[1]_rep/C
                               i_platform/i_bbht/u_top/u_main_ip/u_measure_verify/u_born/lane_index_reg[0]_rep__3/CE
                                                              0.744         
i_platform/i_bbht/u_top/u_main_ip/u_measure_verify/u_born/lane_index_reg[1]_rep/C
                               i_platform/i_bbht/u_top/u_main_ip/u_measure_verify/u_born/lane_index_reg[1]_rep__3/CE
                                                              0.744         
i_platform/i_bbht/u_top/u_main_ip/u_measure_verify/u_born/lane_index_reg[1]_rep/C
                               i_platform/i_bbht/u_top/u_main_ip/u_measure_verify/u_born/lane_cumulative_reg[13]/CE
                                                              0.744         
i_platform/i_bbht/u_top/u_main_ip/u_measure_verify/u_born/lane_index_reg[1]_rep/C
                               i_platform/i_bbht/u_top/u_main_ip/u_measure_verify/u_born/lane_cumulative_reg[16]/CE
                                                              0.744         
i_platform/i_bbht/u_top/u_main_ip/u_measure_verify/u_born/lane_index_reg[1]_rep/C
                               i_platform/i_bbht/u_top/u_main_ip/u_measure_verify/u_born/lane_index_reg[0]_rep__0/CE
                                                              0.744         
i_platform/i_bbht/u_top/u_main_ip/u_measure_verify/u_born/u_row_weight_mem/mem_reg/CLKARDCLK
                               i_platform/i_bbht/u_top/u_main_ip/u_measure_verify/u_born/FSM_onehot_st_reg[5]/CE
                                                              0.747         
i_platform/i_bbht/u_top/u_main_ip/u_measure_verify/u_born/u_row_weight_mem/mem_reg/CLKARDCLK
                               i_platform/i_bbht/u_top/u_main_ip/u_measure_verify/u_born/FSM_onehot_st_reg[7]/CE
                                                              0.747         
i_platform/i_bbht/u_top/u_main_ip/u_measure_verify/u_born/lane_index_reg[1]_rep/C
                               i_platform/i_bbht/u_top/u_main_ip/u_measure_verify/u_born/lane_cumulative_reg[12]/CE
                                                              0.747         
i_platform/i_bbht/u_top/u_main_ip/u_measure_verify/u_born/lane_index_reg[1]_rep/C
                               i_platform/i_bbht/u_top/u_main_ip/u_measure_verify/u_born/lane_cumulative_reg[5]/CE
                                                              0.747         
i_platform/i_bbht/u_top/u_main_ip/u_measure_verify/u_born/lane_index_reg[1]_rep/C
                               i_platform/i_bbht/u_top/u_main_ip/u_measure_verify/u_born/lane_cumulative_reg[8]/CE
                                                              0.747         
i_platform/i_bbht/u_top/u_main_ip/u_measure_verify/u_born/lane_index_reg[1]_rep/C
                               i_platform/i_bbht/u_top/u_main_ip/u_measure_verify/u_born/lane_cumulative_reg[9]/CE
                                                              0.747         
i_platform/i_bbht/u_top/u_main_ip/u_measure_verify/u_born/lane_index_reg[1]_rep/C
                               i_platform/i_bbht/u_top/u_main_ip/u_measure_verify/u_born/lane_index_reg[3]/CE
                                                              0.747         
i_platform/i_bbht/u_top/u_main_ip/u_measure_verify/u_born/lane_index_reg[1]_rep/C
                               i_platform/i_bbht/u_top/u_main_ip/u_measure_verify/u_born/lane_index_reg[0]_rep__2/CE
                                                              0.749         
i_platform/i_bbht/u_top/u_main_ip/u_data_mem/g_bank[21].mem_reg/CLKARDCLK
                               i_platform/i_bbht/u_top/u_main_ip/u_measure_verify/u_verify/hit_reg/D
                                                              0.752         
i_platform/i_bbht/u_top/u_main_ip/u_measure_verify/u_born/lane_index_reg[1]_rep/C
                               i_platform/i_bbht/u_top/u_main_ip/u_measure_verify/u_born/candidate_reg[10]/CE
                                                              0.755         
i_platform/i_bbht/u_top/u_main_ip/u_measure_verify/u_born/lane_index_reg[1]_rep/C
                               i_platform/i_bbht/u_top/u_main_ip/u_measure_verify/u_born/candidate_reg[11]/CE
                                                              0.755         
i_platform/i_bbht/u_top/u_main_ip/u_measure_verify/u_born/lane_index_reg[1]_rep/C
                               i_platform/i_bbht/u_top/u_main_ip/u_measure_verify/u_born/candidate_reg[12]/CE
                                                              0.755         
i_platform/i_bbht/u_top/u_main_ip/u_measure_verify/u_born/lane_index_reg[1]_rep/C
                               i_platform/i_bbht/u_top/u_main_ip/u_measure_verify/u_born/candidate_reg[13]/CE
                                                              0.755         
i_platform/i_bbht/u_top/u_main_ip/u_measure_verify/u_born/lane_index_reg[1]_rep/C
                               i_platform/i_bbht/u_top/u_main_ip/u_measure_verify/u_born/lane_cumulative_reg[25]/CE
                                                              0.766         
i_platform/i_bbht/u_top/u_main_ip/u_measure_verify/u_born/lane_index_reg[1]_rep/C
                               i_platform/i_bbht/u_top/u_main_ip/u_measure_verify/u_born/lane_cumulative_reg[28]/CE
                                                              0.766         
i_platform/i_bbht/u_top/u_main_ip/u_measure_verify/u_born/lane_index_reg[1]_rep/C
                               i_platform/i_bbht/u_top/u_main_ip/u_measure_verify/u_born/lane_cumulative_reg[30]/CE
                                                              0.766         
i_platform/i_bbht/u_top/u_main_ip/u_measure_verify/u_born/lane_index_reg[1]_rep/C
                               i_platform/i_bbht/u_top/u_main_ip/u_measure_verify/u_born/lane_cumulative_reg[31]/CE
                                                              0.766         
i_platform/i_bbht/u_top/u_main_ip/u_measure_verify/u_born/lane_index_reg[1]_rep/C
                               i_platform/i_bbht/u_top/u_main_ip/u_measure_verify/u_born/lane_cumulative_reg[14]/CE
                                                              0.772         
i_platform/i_bbht/u_top/u_main_ip/u_measure_verify/u_born/lane_index_reg[1]_rep/C
                               i_platform/i_bbht/u_top/u_main_ip/u_measure_verify/u_born/lane_cumulative_reg[15]/CE
                                                              0.772         
i_platform/i_bbht/u_top/u_main_ip/u_measure_verify/u_born/lane_index_reg[1]_rep/C
                               i_platform/i_bbht/u_top/u_main_ip/u_measure_verify/u_born/lane_cumulative_reg[17]/CE
                                                              0.772         
i_platform/i_bbht/u_top/u_main_ip/u_measure_verify/u_born/lane_index_reg[1]_rep/C
                               i_platform/i_bbht/u_top/u_main_ip/u_measure_verify/u_born/lane_cumulative_reg[18]/CE
                                                              0.772         
i_platform/i_bbht/u_top/u_main_ip/u_measure_verify/u_born/lane_index_reg[1]_rep/C
                               i_platform/i_bbht/u_top/u_main_ip/u_measure_verify/u_born/lane_cumulative_reg[19]/CE
                                                              0.772         
i_platform/i_bbht/u_top/u_main_ip/u_measure_verify/u_born/lane_index_reg[1]_rep/C
                               i_platform/i_bbht/u_top/u_main_ip/u_measure_verify/u_born/lane_cumulative_reg[20]/CE
                                                              0.772         
i_platform/i_bbht/u_top/u_main_ip/u_measure_verify/u_born/u_square32/v0_reg/C
                               i_platform/i_bbht/u_top/u_main_ip/u_measure_verify/u_born/u_square32/sq1_reg[1433]/CE
                                                              0.783         
i_platform/i_bbht/u_top/u_main_ip/u_measure_verify/u_born/u_square32/v0_reg/C
                               i_platform/i_bbht/u_top/u_main_ip/u_measure_verify/u_born/u_square32/sq1_reg[1434]/CE
                                                              0.783         
i_platform/i_bbht/u_top/u_main_ip/u_measure_verify/u_born/u_square32/v0_reg/C
                               i_platform/i_bbht/u_top/u_main_ip/u_measure_verify/u_born/u_square32/sq1_reg[1437]/CE
                                                              0.783         
i_platform/i_bbht/u_top/u_main_ip/u_measure_verify/u_born/u_square32/v0_reg/C
                               i_platform/i_bbht/u_top/u_main_ip/u_measure_verify/u_born/u_square32/sq1_reg[1439]/CE
                                                              0.783         
i_platform/i_bbht/u_top/u_main_ip/u_measure_verify/u_born/lane_index_reg[1]_rep/C
                               i_platform/i_bbht/u_top/u_main_ip/u_measure_verify/u_born/lane_index_reg[0]_rep/CE
                                                              0.798         
i_platform/i_bbht/u_top/u_main_ip/u_measure_verify/u_born/lane_index_reg[1]_rep/C
                               i_platform/i_bbht/u_top/u_main_ip/u_measure_verify/u_born/lane_cumulative_reg[57]/CE
                                                              0.808         
i_platform/i_bbht/u_top/u_main_ip/u_measure_verify/u_born/lane_index_reg[1]_rep/C
                               i_platform/i_bbht/u_top/u_main_ip/u_measure_verify/u_born/lane_cumulative_reg[58]/CE
                                                              0.808         
i_platform/i_bbht/u_top/u_main_ip/u_measure_verify/u_born/lane_index_reg[1]_rep/C
                               i_platform/i_bbht/u_top/u_main_ip/u_measure_verify/u_born/lane_cumulative_reg[59]/CE
                                                              0.808         
i_platform/i_bbht/u_top/u_main_ip/u_iter_dp/pass1_row_pipe_reg[0]/C
                               i_platform/i_bbht/u_top/u_main_ip/u_iter_dp/amp_row_out_reg[136]/D
                                                              0.845         
i_platform/i_bbht/u_top/u_main_ip/u_iter_dp/pass1_count_pipe_reg[10]/C
                               i_platform/i_bbht/u_top/u_main_ip/u_iter_dp/amp_row_out_reg[707]/D
                                                              0.857         
i_platform/i_bbht/u_top/u_main_ip/run_threshold_a_reg[2]/C
                               i_platform/i_bbht/u_top/u_main_ip/u_iter_dp/pass1_pred_pipe_reg[18]/D
                                                              0.868         
i_platform/i_bbht/u_top/u_main_ip/u_iter_dp/pass1_row_pipe_reg[0]/C
                               i_platform/i_bbht/u_top/u_main_ip/u_iter_dp/amp_row_out_reg[132]/D
                                                              0.872         
i_platform/i_bbht/u_top/u_main_ip/u_measure_verify/u_born/lane_index_reg[1]_rep/C
                               i_platform/i_bbht/u_top/u_main_ip/u_measure_verify/u_born/candidate_reg[0]/CE
                                                              0.880         
i_platform/i_bbht/u_top/u_main_ip/u_measure_verify/u_born/lane_index_reg[1]_rep/C
                               i_platform/i_bbht/u_top/u_main_ip/u_measure_verify/u_born/candidate_reg[1]/CE
                                                              0.880         
i_platform/i_bbht/u_top/u_main_ip/u_measure_verify/u_born/lane_index_reg[1]_rep/C
                               i_platform/i_bbht/u_top/u_main_ip/u_measure_verify/u_born/candidate_reg[4]/CE
                                                              0.880         
i_platform/i_bbht/u_top/u_main_ip/u_measure_verify/u_born/lane_index_reg[1]_rep/C
                               i_platform/i_bbht/u_top/u_main_ip/u_measure_verify/u_born/candidate_reg[5]/CE
                                                              0.880         
i_platform/i_bbht/u_top/u_main_ip/u_measure_verify/u_born/lane_index_reg[1]_rep/C
                               i_platform/i_bbht/u_top/u_main_ip/u_measure_verify/u_born/candidate_reg[6]/CE
                                                              0.880         
i_platform/i_bbht/u_top/u_main_ip/u_measure_verify/u_born/lane_index_reg[1]_rep/C
                               i_platform/i_bbht/u_top/u_main_ip/u_measure_verify/u_born/candidate_reg[7]/CE
                                                              0.880         
i_platform/i_bbht/u_top/u_main_ip/u_measure_verify/u_born/lane_index_reg[1]_rep/C
                               i_platform/i_bbht/u_top/u_main_ip/u_measure_verify/u_born/candidate_reg[8]/CE
                                                              0.880         
i_platform/i_bbht/u_top/u_main_ip/u_measure_verify/u_born/lane_index_reg[1]_rep/C
                               i_platform/i_bbht/u_top/u_main_ip/u_measure_verify/u_born/candidate_reg[9]/CE
                                                              0.880         
i_platform/i_bbht/u_top/u_main_ip/u_measure_verify/u_born/lane_index_reg[1]_rep/C
                               i_platform/i_bbht/u_top/u_main_ip/u_measure_verify/u_born/lane_cumulative_reg[41]/CE
                                                              0.912         
i_platform/i_bbht/u_top/u_main_ip/u_measure_verify/u_born/lane_index_reg[1]_rep/C
                               i_platform/i_bbht/u_top/u_main_ip/u_measure_verify/u_born/lane_cumulative_reg[42]/CE
                                                              0.912         
i_platform/i_bbht/u_top/u_main_ip/u_measure_verify/u_born/lane_index_reg[1]_rep/C
                               i_platform/i_bbht/u_top/u_main_ip/u_measure_verify/u_born/lane_cumulative_reg[43]/CE
                                                              0.912         
i_platform/i_bbht/u_top/u_main_ip/u_measure_verify/u_born/lane_index_reg[1]_rep/C
                               i_platform/i_bbht/u_top/u_main_ip/u_measure_verify/u_born/lane_cumulative_reg[44]/CE
                                                              0.912         
i_platform/i_bbht/u_top/u_main_ip/u_measure_verify/u_born/u_square32/v0_reg/C
                               i_platform/i_bbht/u_top/u_main_ip/u_measure_verify/u_born/u_square32/sq1_reg[1115]/CE
                                                              0.919         
i_platform/i_bbht/u_top/u_main_ip/u_measure_verify/u_born/u_square32/v0_reg/C
                               i_platform/i_bbht/u_top/u_main_ip/u_measure_verify/u_born/u_square32/sq1_reg[1204]/CE
                                                              0.919         
i_platform/i_bbht/u_top/u_main_ip/u_measure_verify/u_born/u_square32/v0_reg/C
                               i_platform/i_bbht/u_top/u_main_ip/u_measure_verify/u_born/u_square32/sq1_reg[1205]/CE
                                                              0.919         
i_platform/i_bbht/u_top/u_main_ip/u_measure_verify/u_born/u_square32/v0_reg/C
                               i_platform/i_bbht/u_top/u_main_ip/u_measure_verify/u_born/u_square32/sq1_reg[1300]/CE
                                                              0.919         
i_platform/i_bbht/u_top/u_main_ip/u_queue/u_buf_b/g_bank[22].mem_reg/CLKARDCLK
                               i_platform/i_bbht/u_top/u_main_ip/u_iter_dp/amp_row_out_reg[519]/D
                                                              0.920         
i_platform/i_bbht/u_top/u_main_ip/u_measure_verify/u_born/u_square32/v0_reg/C
                               i_platform/i_bbht/u_top/u_main_ip/u_measure_verify/u_born/u_square32/sq1_reg[1435]/CE
                                                              0.926         
i_platform/i_bbht/u_top/u_main_ip/u_measure_verify/u_born/u_square32/v0_reg/C
                               i_platform/i_bbht/u_top/u_main_ip/u_measure_verify/u_born/u_square32/sq1_reg[1436]/CE
                                                              0.926         
i_platform/i_bbht/u_top/u_main_ip/u_measure_verify/u_born/u_square32/v0_reg/C
                               i_platform/i_bbht/u_top/u_main_ip/u_measure_verify/u_born/u_square32/sq1_reg[1438]/CE
                                                              0.926         
i_platform/i_system_ddr/nolabel_line70/u_xilinx_ddr3_ctrl_axi32_mig/u_ddr3_infrastructure/rstdiv0_sync_r1_reg/C
                               i_platform/i_system_ddr/nolabel_line70/u_xilinx_ddr3_ctrl_axi32_mig/u_memc_ui_top_axi/mem_intfc0/ddr_phy_top0/u_ddr_mc_phy_wrapper/u_ddr_mc_phy/ddr_phy_4lanes_0.u_ddr_phy_4lanes/phy_control_i/RESET
                                                              1.425         
i_platform/i_system_ddr/nolabel_line70/u_xilinx_ddr3_ctrl_axi32_mig/u_memc_ui_top_axi/mem_intfc0/ddr_phy_top0/u_ddr_mc_phy_wrapper/u_ddr_mc_phy/ddr_phy_4lanes_0.u_ddr_phy_4lanes/ddr_byte_lane_C.ddr_byte_lane_C/phaser_out/OCLKDELAYED
                               i_platform/i_system_ddr/nolabel_line70/u_xilinx_ddr3_ctrl_axi32_mig/u_memc_ui_top_axi/mem_intfc0/ddr_phy_top0/u_ddr_mc_phy_wrapper/u_ddr_mc_phy/ddr_phy_4lanes_0.u_ddr_phy_4lanes/ddr_byte_lane_C.ddr_byte_lane_C/ddr_byte_group_io/dqs_gen.oddr_dqsts/D1
                                                              1.753         
i_platform/i_system_ddr/nolabel_line70/u_xilinx_ddr3_ctrl_axi32_mig/u_memc_ui_top_axi/mem_intfc0/ddr_phy_top0/u_ddr_mc_phy_wrapper/u_ddr_mc_phy/ddr_phy_4lanes_0.u_ddr_phy_4lanes/ddr_byte_lane_D.ddr_byte_lane_D/phaser_out/OCLKDELAYED
                               i_platform/i_system_ddr/nolabel_line70/u_xilinx_ddr3_ctrl_axi32_mig/u_memc_ui_top_axi/mem_intfc0/ddr_phy_top0/u_ddr_mc_phy_wrapper/u_ddr_mc_phy/ddr_phy_4lanes_0.u_ddr_phy_4lanes/ddr_byte_lane_D.ddr_byte_lane_D/ddr_byte_group_io/dqs_gen.oddr_dqsts/D1
                                                              1.769         
i_platform/i_system_ddr/nolabel_line70/u_xilinx_ddr3_ctrl_axi32_mig/u_memc_ui_top_axi/mem_intfc0/ddr_phy_top0/u_ddr_mc_phy_wrapper/u_ddr_mc_phy/ddr_phy_4lanes_0.u_ddr_phy_4lanes/ddr_byte_lane_C.ddr_byte_lane_C/phaser_out/OCLKDELAYED
                               i_platform/i_system_ddr/nolabel_line70/u_xilinx_ddr3_ctrl_axi32_mig/u_memc_ui_top_axi/mem_intfc0/ddr_phy_top0/u_ddr_mc_phy_wrapper/u_ddr_mc_phy/ddr_phy_4lanes_0.u_ddr_phy_4lanes/ddr_byte_lane_C.ddr_byte_lane_C/ddr_byte_group_io/dqs_gen.oddr_dqs/D1
                                                              1.823         
i_platform/i_system_ddr/nolabel_line70/u_xilinx_ddr3_ctrl_axi32_mig/u_memc_ui_top_axi/mem_intfc0/ddr_phy_top0/u_ddr_mc_phy_wrapper/u_ddr_mc_phy/ddr_phy_4lanes_0.u_ddr_phy_4lanes/ddr_byte_lane_C.ddr_byte_lane_C/phaser_out/OCLKDELAYED
                               i_platform/i_system_ddr/nolabel_line70/u_xilinx_ddr3_ctrl_axi32_mig/u_memc_ui_top_axi/mem_intfc0/ddr_phy_top0/u_ddr_mc_phy_wrapper/u_ddr_mc_phy/ddr_phy_4lanes_0.u_ddr_phy_4lanes/ddr_byte_lane_C.ddr_byte_lane_C/ddr_byte_group_io/dqs_gen.oddr_dqs/D2
                                                              1.823         
i_platform/i_system_ddr/nolabel_line70/u_xilinx_ddr3_ctrl_axi32_mig/u_memc_ui_top_axi/mem_intfc0/ddr_phy_top0/u_ddr_mc_phy_wrapper/u_ddr_mc_phy/ddr_phy_4lanes_0.u_ddr_phy_4lanes/ddr_byte_lane_D.ddr_byte_lane_D/phaser_out/OCLKDELAYED
                               i_platform/i_system_ddr/nolabel_line70/u_xilinx_ddr3_ctrl_axi32_mig/u_memc_ui_top_axi/mem_intfc0/ddr_phy_top0/u_ddr_mc_phy_wrapper/u_ddr_mc_phy/ddr_phy_4lanes_0.u_ddr_phy_4lanes/ddr_byte_lane_D.ddr_byte_lane_D/ddr_byte_group_io/dqs_gen.oddr_dqs/D1
                                                              1.839         
i_platform/i_system_ddr/nolabel_line70/u_xilinx_ddr3_ctrl_axi32_mig/u_memc_ui_top_axi/mem_intfc0/ddr_phy_top0/u_ddr_mc_phy_wrapper/u_ddr_mc_phy/ddr_phy_4lanes_0.u_ddr_phy_4lanes/ddr_byte_lane_D.ddr_byte_lane_D/phaser_out/OCLKDELAYED
                               i_platform/i_system_ddr/nolabel_line70/u_xilinx_ddr3_ctrl_axi32_mig/u_memc_ui_top_axi/mem_intfc0/ddr_phy_top0/u_ddr_mc_phy_wrapper/u_ddr_mc_phy/ddr_phy_4lanes_0.u_ddr_phy_4lanes/ddr_byte_lane_D.ddr_byte_lane_D/ddr_byte_group_io/dqs_gen.oddr_dqs/D2
                                                              1.839         
i_platform/i_system_ddr/nolabel_line70/u_xilinx_ddr3_ctrl_axi32_mig/u_memc_ui_top_axi/mem_intfc0/ddr_phy_top0/u_ddr_mc_phy_wrapper/u_ddr_mc_phy/ddr_phy_4lanes_0.u_ddr_phy_4lanes/ddr_byte_lane_C.ddr_byte_lane_C/phaser_out/OCLKDELAYED
                               i_platform/i_system_ddr/nolabel_line70/u_xilinx_ddr3_ctrl_axi32_mig/u_memc_ui_top_axi/mem_intfc0/ddr_phy_top0/u_ddr_mc_phy_wrapper/u_ddr_mc_phy/ddr_phy_4lanes_0.u_ddr_phy_4lanes/ddr_byte_lane_C.ddr_byte_lane_C/ddr_byte_group_io/dqs_gen.oddr_dqsts/D2
                                                              1.850         
i_platform/i_system_ddr/nolabel_line70/u_xilinx_ddr3_ctrl_axi32_mig/u_iodelay_ctrl/rst_ref_sync_r_reg[0][13]/C
                               i_platform/i_system_ddr/nolabel_line70/u_xilinx_ddr3_ctrl_axi32_mig/u_iodelay_ctrl/rst_ref_sync_r_reg[0][14]/D
                                                              1.858         
i_platform/i_system_ddr/nolabel_line70/u_xilinx_ddr3_ctrl_axi32_mig/u_memc_ui_top_axi/mem_intfc0/ddr_phy_top0/u_ddr_mc_phy_wrapper/u_ddr_mc_phy/ddr_phy_4lanes_0.u_ddr_phy_4lanes/ddr_byte_lane_D.ddr_byte_lane_D/phaser_out/OCLKDELAYED
                               i_platform/i_system_ddr/nolabel_line70/u_xilinx_ddr3_ctrl_axi32_mig/u_memc_ui_top_axi/mem_intfc0/ddr_phy_top0/u_ddr_mc_phy_wrapper/u_ddr_mc_phy/ddr_phy_4lanes_0.u_ddr_phy_4lanes/ddr_byte_lane_D.ddr_byte_lane_D/ddr_byte_group_io/dqs_gen.oddr_dqsts/D2
                                                              1.866         
i_platform/i_system_ddr/nolabel_line70/u_xilinx_ddr3_ctrl_axi32_mig/u_iodelay_ctrl/rst_ref_sync_r_reg[0][8]/C
                               i_platform/i_system_ddr/nolabel_line70/u_xilinx_ddr3_ctrl_axi32_mig/u_iodelay_ctrl/rst_ref_sync_r_reg[0][9]/D
                                                              1.967         
i_platform/i_system_ddr/nolabel_line70/u_xilinx_ddr3_ctrl_axi32_mig/u_iodelay_ctrl/rst_ref_sync_r_reg[0][12]/C
                               i_platform/i_system_ddr/nolabel_line70/u_xilinx_ddr3_ctrl_axi32_mig/u_iodelay_ctrl/rst_ref_sync_r_reg[0][13]/D
                                                              1.975         
i_platform/i_system_ddr/nolabel_line70/u_xilinx_ddr3_ctrl_axi32_mig/u_iodelay_ctrl/rst_ref_sync_r_reg[0][10]/C
                               i_platform/i_system_ddr/nolabel_line70/u_xilinx_ddr3_ctrl_axi32_mig/u_iodelay_ctrl/rst_ref_sync_r_reg[0][11]/D
                                                              1.992         
i_platform/i_system_ddr/nolabel_line70/u_xilinx_ddr3_ctrl_axi32_mig/u_iodelay_ctrl/rst_ref_sync_r_reg[0][9]/C
                               i_platform/i_system_ddr/nolabel_line70/u_xilinx_ddr3_ctrl_axi32_mig/u_iodelay_ctrl/rst_ref_sync_r_reg[0][10]/D
                                                              2.091         
i_platform/i_system_ddr/nolabel_line70/u_xilinx_ddr3_ctrl_axi32_mig/u_iodelay_ctrl/rst_ref_sync_r_reg[0][1]/C
                               i_platform/i_system_ddr/nolabel_line70/u_xilinx_ddr3_ctrl_axi32_mig/u_iodelay_ctrl/rst_ref_sync_r_reg[0][2]/D
                                                              2.093         
i_platform/i_system_ddr/nolabel_line70/u_xilinx_ddr3_ctrl_axi32_mig/u_iodelay_ctrl/rst_ref_sync_r_reg[0][5]/C
                               i_platform/i_system_ddr/nolabel_line70/u_xilinx_ddr3_ctrl_axi32_mig/u_iodelay_ctrl/rst_ref_sync_r_reg[0][6]/D
                                                              2.128         
i_platform/i_system_ddr/nolabel_line70/u_xilinx_ddr3_ctrl_axi32_mig/u_iodelay_ctrl/rst_ref_sync_r_reg[0][2]/C
                               i_platform/i_system_ddr/nolabel_line70/u_xilinx_ddr3_ctrl_axi32_mig/u_iodelay_ctrl/rst_ref_sync_r_reg[0][3]/D
                                                              2.143         
i_platform/i_system_ddr/nolabel_line70/u_xilinx_ddr3_ctrl_axi32_mig/u_iodelay_ctrl/rst_ref_sync_r_reg[0][11]/C
                               i_platform/i_system_ddr/nolabel_line70/u_xilinx_ddr3_ctrl_axi32_mig/u_iodelay_ctrl/rst_ref_sync_r_reg[0][12]/D
                                                              2.144         
i_platform/i_system_ddr/nolabel_line70/u_xilinx_ddr3_ctrl_axi32_mig/u_memc_ui_top_axi/mem_intfc0/ddr_phy_top0/u_ddr_mc_phy_wrapper/u_ddr_mc_phy/ddr_phy_4lanes_0.u_ddr_phy_4lanes/phy_control_i/MEMREFCLK
                               i_platform/i_system_ddr/nolabel_line70/u_xilinx_ddr3_ctrl_axi32_mig/u_memc_ui_top_axi/mem_intfc0/ddr_phy_top0/u_ddr_mc_phy_wrapper/u_ddr_mc_phy/ddr_phy_4lanes_0.u_ddr_phy_4lanes/phy_control_i/PHYCTLMSTREMPTY
                                                              2.172         
i_platform/i_system_ddr/nolabel_line70/u_xilinx_ddr3_ctrl_axi32_mig/u_iodelay_ctrl/rst_ref_sync_r_reg[0][4]/C
                               i_platform/i_system_ddr/nolabel_line70/u_xilinx_ddr3_ctrl_axi32_mig/u_iodelay_ctrl/rst_ref_sync_r_reg[0][5]/D
                                                              2.229         
i_platform/i_system_ddr/nolabel_line70/u_xilinx_ddr3_ctrl_axi32_mig/u_iodelay_ctrl/rst_ref_sync_r_reg[0][6]/C
                               i_platform/i_system_ddr/nolabel_line70/u_xilinx_ddr3_ctrl_axi32_mig/u_iodelay_ctrl/rst_ref_sync_r_reg[0][7]/D
                                                              2.229         
i_platform/i_system_ddr/nolabel_line70/u_xilinx_ddr3_ctrl_axi32_mig/u_iodelay_ctrl/rst_ref_sync_r_reg[0][7]/C
                               i_platform/i_system_ddr/nolabel_line70/u_xilinx_ddr3_ctrl_axi32_mig/u_iodelay_ctrl/rst_ref_sync_r_reg[0][8]/D
                                                              2.251         
i_platform/i_system_ddr/nolabel_line70/u_xilinx_ddr3_ctrl_axi32_mig/u_iodelay_ctrl/rst_ref_sync_r_reg[0][3]/C
                               i_platform/i_system_ddr/nolabel_line70/u_xilinx_ddr3_ctrl_axi32_mig/u_iodelay_ctrl/rst_ref_sync_r_reg[0][4]/D
                                                              2.293         
i_platform/i_system_ddr/nolabel_line70/u_xilinx_ddr3_ctrl_axi32_mig/u_iodelay_ctrl/rst_ref_sync_r_reg[0][0]/C
                               i_platform/i_system_ddr/nolabel_line70/u_xilinx_ddr3_ctrl_axi32_mig/u_iodelay_ctrl/rst_ref_sync_r_reg[0][1]/D
                                                              2.426         
i_platform/i_system_ddr/nolabel_line70/u_xilinx_ddr3_ctrl_axi32_mig/u_ddr3_infrastructure/rstdiv0_sync_r1_reg_rep__0/C
                               i_platform/i_system_ddr/nolabel_line70/u_xilinx_ddr3_ctrl_axi32_mig/u_memc_ui_top_axi/mem_intfc0/ddr_phy_top0/u_ddr_calib_top/u_ddr_phy_init/phy_reset_n_reg/CLR
                                                              3.691         
i_platform/i_system_ddr/nolabel_line70/u_xilinx_ddr3_ctrl_axi32_mig/u_memc_ui_top_axi/mem_intfc0/ddr_phy_top0/u_ddr_mc_phy_wrapper/u_ddr_mc_phy/ddr_phy_4lanes_0.u_ddr_phy_4lanes/ddr_byte_lane_A.ddr_byte_lane_A/out_fifo/RDCLK
                               i_platform/i_system_ddr/nolabel_line70/u_xilinx_ddr3_ctrl_axi32_mig/u_memc_ui_top_axi/mem_intfc0/ddr_phy_top0/u_ddr_mc_phy_wrapper/u_ddr_mc_phy/ddr_phy_4lanes_0.u_ddr_phy_4lanes/ddr_byte_lane_A.ddr_byte_lane_A/ddr_byte_group_io/output_[11].oserdes_dq_.sdr.oserdes_dq_i/D4
                                                              4.715         
i_platform/i_system_ddr/nolabel_line70/u_xilinx_ddr3_ctrl_axi32_mig/u_memc_ui_top_axi/mem_intfc0/ddr_phy_top0/u_ddr_mc_phy_wrapper/u_ddr_mc_phy/ddr_phy_4lanes_0.u_ddr_phy_4lanes/ddr_byte_lane_A.ddr_byte_lane_A/out_fifo/RDCLK
                               i_platform/i_system_ddr/nolabel_line70/u_xilinx_ddr3_ctrl_axi32_mig/u_memc_ui_top_axi/mem_intfc0/ddr_phy_top0/u_ddr_mc_phy_wrapper/u_ddr_mc_phy/ddr_phy_4lanes_0.u_ddr_phy_4lanes/ddr_byte_lane_A.ddr_byte_lane_A/ddr_byte_group_io/output_[11].oserdes_dq_.sdr.oserdes_dq_i/D3
                                                              4.716         
i_platform/i_system_ddr/nolabel_line70/u_xilinx_ddr3_ctrl_axi32_mig/u_memc_ui_top_axi/mem_intfc0/ddr_phy_top0/u_ddr_mc_phy_wrapper/u_ddr_mc_phy/ddr_phy_4lanes_0.u_ddr_phy_4lanes/ddr_byte_lane_A.ddr_byte_lane_A/out_fifo/RDCLK
                               i_platform/i_system_ddr/nolabel_line70/u_xilinx_ddr3_ctrl_axi32_mig/u_memc_ui_top_axi/mem_intfc0/ddr_phy_top0/u_ddr_mc_phy_wrapper/u_ddr_mc_phy/ddr_phy_4lanes_0.u_ddr_phy_4lanes/ddr_byte_lane_A.ddr_byte_lane_A/ddr_byte_group_io/output_[11].oserdes_dq_.sdr.oserdes_dq_i/D2
                                                              4.720         
i_platform/i_system_ddr/nolabel_line70/u_xilinx_ddr3_ctrl_axi32_mig/u_ddr3_infrastructure/rstdiv0_sync_r1_reg_rep__10/C
                               i_platform/i_system_ddr/nolabel_line70/u_xilinx_ddr3_ctrl_axi32_mig/u_memc_ui_top_axi/mem_intfc0/ddr_phy_top0/u_ddr_mc_phy_wrapper/u_ddr_mc_phy/ddr_phy_4lanes_0.u_ddr_phy_4lanes/rst_out_reg/CLR
                                                              4.727         
i_platform/i_system_ddr/nolabel_line70/u_xilinx_ddr3_ctrl_axi32_mig/u_memc_ui_top_axi/mem_intfc0/ddr_phy_top0/u_ddr_mc_phy_wrapper/u_ddr_mc_phy/ddr_phy_4lanes_0.u_ddr_phy_4lanes/ddr_byte_lane_A.ddr_byte_lane_A/out_fifo/RDCLK
                               i_platform/i_system_ddr/nolabel_line70/u_xilinx_ddr3_ctrl_axi32_mig/u_memc_ui_top_axi/mem_intfc0/ddr_phy_top0/u_ddr_mc_phy_wrapper/u_ddr_mc_phy/ddr_phy_4lanes_0.u_ddr_phy_4lanes/ddr_byte_lane_A.ddr_byte_lane_A/ddr_byte_group_io/output_[11].oserdes_dq_.sdr.oserdes_dq_i/D1
                                                              4.905         
i_platform/i_system_ddr/nolabel_line70/u_xilinx_ddr3_ctrl_axi32_mig/u_memc_ui_top_axi/mem_intfc0/ddr_phy_top0/u_ddr_mc_phy_wrapper/u_ddr_mc_phy/ddr_phy_4lanes_0.u_ddr_phy_4lanes/ddr_byte_lane_B.ddr_byte_lane_B/out_fifo/RDCLK
                               i_platform/i_system_ddr/nolabel_line70/u_xilinx_ddr3_ctrl_axi32_mig/u_memc_ui_top_axi/mem_intfc0/ddr_phy_top0/u_ddr_mc_phy_wrapper/u_ddr_mc_phy/ddr_phy_4lanes_0.u_ddr_phy_4lanes/ddr_byte_lane_B.ddr_byte_lane_B/ddr_byte_group_io/output_[10].oserdes_dq_.sdr.oserdes_dq_i/D1
                                                              5.238         
i_platform/i_system_ddr/nolabel_line70/u_xilinx_ddr3_ctrl_axi32_mig/u_memc_ui_top_axi/mem_intfc0/ddr_phy_top0/u_ddr_mc_phy_wrapper/u_ddr_mc_phy/ddr_phy_4lanes_0.u_ddr_phy_4lanes/ddr_byte_lane_B.ddr_byte_lane_B/out_fifo/RDCLK
                               i_platform/i_system_ddr/nolabel_line70/u_xilinx_ddr3_ctrl_axi32_mig/u_memc_ui_top_axi/mem_intfc0/ddr_phy_top0/u_ddr_mc_phy_wrapper/u_ddr_mc_phy/ddr_phy_4lanes_0.u_ddr_phy_4lanes/ddr_byte_lane_B.ddr_byte_lane_B/ddr_byte_group_io/output_[10].oserdes_dq_.sdr.oserdes_dq_i/D2
                                                              5.238         
i_platform/i_system_ddr/nolabel_line70/u_xilinx_ddr3_ctrl_axi32_mig/u_memc_ui_top_axi/mem_intfc0/ddr_phy_top0/u_ddr_mc_phy_wrapper/u_ddr_mc_phy/ddr_phy_4lanes_0.u_ddr_phy_4lanes/ddr_byte_lane_B.ddr_byte_lane_B/out_fifo/RDCLK
                               i_platform/i_system_ddr/nolabel_line70/u_xilinx_ddr3_ctrl_axi32_mig/u_memc_ui_top_axi/mem_intfc0/ddr_phy_top0/u_ddr_mc_phy_wrapper/u_ddr_mc_phy/ddr_phy_4lanes_0.u_ddr_phy_4lanes/ddr_byte_lane_B.ddr_byte_lane_B/ddr_byte_group_io/output_[10].oserdes_dq_.sdr.oserdes_dq_i/D4
                                                              5.238         
i_platform/i_system_ddr/nolabel_line70/u_xilinx_ddr3_ctrl_axi32_mig/u_memc_ui_top_axi/mem_intfc0/ddr_phy_top0/u_ddr_mc_phy_wrapper/u_ddr_mc_phy/ddr_phy_4lanes_0.u_ddr_phy_4lanes/ddr_byte_lane_B.ddr_byte_lane_B/out_fifo/RDCLK
                               i_platform/i_system_ddr/nolabel_line70/u_xilinx_ddr3_ctrl_axi32_mig/u_memc_ui_top_axi/mem_intfc0/ddr_phy_top0/u_ddr_mc_phy_wrapper/u_ddr_mc_phy/ddr_phy_4lanes_0.u_ddr_phy_4lanes/ddr_byte_lane_B.ddr_byte_lane_B/ddr_byte_group_io/output_[11].oserdes_dq_.sdr.oserdes_dq_i/D1
                                                              5.238         
i_platform/i_system_ddr/nolabel_line70/u_xilinx_ddr3_ctrl_axi32_mig/u_memc_ui_top_axi/mem_intfc0/ddr_phy_top0/u_ddr_mc_phy_wrapper/u_ddr_mc_phy/ddr_phy_4lanes_0.u_ddr_phy_4lanes/ddr_byte_lane_B.ddr_byte_lane_B/out_fifo/RDCLK
                               i_platform/i_system_ddr/nolabel_line70/u_xilinx_ddr3_ctrl_axi32_mig/u_memc_ui_top_axi/mem_intfc0/ddr_phy_top0/u_ddr_mc_phy_wrapper/u_ddr_mc_phy/ddr_phy_4lanes_0.u_ddr_phy_4lanes/ddr_byte_lane_B.ddr_byte_lane_B/ddr_byte_group_io/output_[11].oserdes_dq_.sdr.oserdes_dq_i/D2
                                                              5.238         
i_platform/i_system_ddr/nolabel_line70/u_xilinx_ddr3_ctrl_axi32_mig/u_memc_ui_top_axi/mem_intfc0/ddr_phy_top0/u_ddr_mc_phy_wrapper/u_ddr_mc_phy/ddr_phy_4lanes_0.u_ddr_phy_4lanes/ddr_byte_lane_B.ddr_byte_lane_B/out_fifo/RDCLK
                               i_platform/i_system_ddr/nolabel_line70/u_xilinx_ddr3_ctrl_axi32_mig/u_memc_ui_top_axi/mem_intfc0/ddr_phy_top0/u_ddr_mc_phy_wrapper/u_ddr_mc_phy/ddr_phy_4lanes_0.u_ddr_phy_4lanes/ddr_byte_lane_B.ddr_byte_lane_B/ddr_byte_group_io/output_[11].oserdes_dq_.sdr.oserdes_dq_i/D4
                                                              5.238         
i_platform/i_system_ddr/nolabel_line70/u_xilinx_ddr3_ctrl_axi32_mig/u_memc_ui_top_axi/mem_intfc0/ddr_phy_top0/u_ddr_mc_phy_wrapper/u_ddr_mc_phy/ddr_phy_4lanes_0.u_ddr_phy_4lanes/ddr_byte_lane_B.ddr_byte_lane_B/out_fifo/RDCLK
                               i_platform/i_system_ddr/nolabel_line70/u_xilinx_ddr3_ctrl_axi32_mig/u_memc_ui_top_axi/mem_intfc0/ddr_phy_top0/u_ddr_mc_phy_wrapper/u_ddr_mc_phy/ddr_phy_4lanes_0.u_ddr_phy_4lanes/ddr_byte_lane_B.ddr_byte_lane_B/ddr_byte_group_io/output_[6].oserdes_dq_.sdr.oserdes_dq_i/D1
                                                              5.238         
i_platform/i_system_ddr/nolabel_line70/u_xilinx_ddr3_ctrl_axi32_mig/u_memc_ui_top_axi/mem_intfc0/ddr_phy_top0/u_ddr_mc_phy_wrapper/u_ddr_mc_phy/ddr_phy_4lanes_0.u_ddr_phy_4lanes/ddr_byte_lane_B.ddr_byte_lane_B/out_fifo/RDCLK
                               i_platform/i_system_ddr/nolabel_line70/u_xilinx_ddr3_ctrl_axi32_mig/u_memc_ui_top_axi/mem_intfc0/ddr_phy_top0/u_ddr_mc_phy_wrapper/u_ddr_mc_phy/ddr_phy_4lanes_0.u_ddr_phy_4lanes/ddr_byte_lane_B.ddr_byte_lane_B/ddr_byte_group_io/output_[6].oserdes_dq_.sdr.oserdes_dq_i/D2
                                                              5.238         
i_platform/i_system_ddr/nolabel_line70/u_xilinx_ddr3_ctrl_axi32_mig/u_memc_ui_top_axi/mem_intfc0/ddr_phy_top0/u_ddr_mc_phy_wrapper/u_ddr_mc_phy/ddr_phy_4lanes_0.u_ddr_phy_4lanes/ddr_byte_lane_B.ddr_byte_lane_B/out_fifo/RDCLK
                               i_platform/i_system_ddr/nolabel_line70/u_xilinx_ddr3_ctrl_axi32_mig/u_memc_ui_top_axi/mem_intfc0/ddr_phy_top0/u_ddr_mc_phy_wrapper/u_ddr_mc_phy/ddr_phy_4lanes_0.u_ddr_phy_4lanes/ddr_byte_lane_B.ddr_byte_lane_B/ddr_byte_group_io/output_[6].oserdes_dq_.sdr.oserdes_dq_i/D4
                                                              5.238         
i_platform/i_system_ddr/nolabel_line70/u_xilinx_ddr3_ctrl_axi32_mig/u_memc_ui_top_axi/mem_intfc0/ddr_phy_top0/u_ddr_mc_phy_wrapper/u_ddr_mc_phy/ddr_phy_4lanes_0.u_ddr_phy_4lanes/ddr_byte_lane_B.ddr_byte_lane_B/out_fifo/RDCLK
                               i_platform/i_system_ddr/nolabel_line70/u_xilinx_ddr3_ctrl_axi32_mig/u_memc_ui_top_axi/mem_intfc0/ddr_phy_top0/u_ddr_mc_phy_wrapper/u_ddr_mc_phy/ddr_phy_4lanes_0.u_ddr_phy_4lanes/ddr_byte_lane_B.ddr_byte_lane_B/ddr_byte_group_io/output_[10].oserdes_dq_.sdr.oserdes_dq_i/D3
                                                              5.239         
i_platform/i_system_ddr/nolabel_line70/u_xilinx_ddr3_ctrl_axi32_mig/u_memc_ui_top_axi/mem_intfc0/ddr_phy_top0/u_ddr_mc_phy_wrapper/u_ddr_mc_phy/ddr_phy_4lanes_0.u_ddr_phy_4lanes/ddr_byte_lane_B.ddr_byte_lane_B/out_fifo/RDCLK
                               i_platform/i_system_ddr/nolabel_line70/u_xilinx_ddr3_ctrl_axi32_mig/u_memc_ui_top_axi/mem_intfc0/ddr_phy_top0/u_ddr_mc_phy_wrapper/u_ddr_mc_phy/ddr_phy_4lanes_0.u_ddr_phy_4lanes/ddr_byte_lane_B.ddr_byte_lane_B/ddr_byte_group_io/output_[11].oserdes_dq_.sdr.oserdes_dq_i/D3
                                                              5.239         
i_platform/i_system_ddr/nolabel_line70/u_xilinx_ddr3_ctrl_axi32_mig/u_memc_ui_top_axi/mem_intfc0/ddr_phy_top0/u_ddr_mc_phy_wrapper/u_ddr_mc_phy/ddr_phy_4lanes_0.u_ddr_phy_4lanes/ddr_byte_lane_B.ddr_byte_lane_B/out_fifo/RDCLK
                               i_platform/i_system_ddr/nolabel_line70/u_xilinx_ddr3_ctrl_axi32_mig/u_memc_ui_top_axi/mem_intfc0/ddr_phy_top0/u_ddr_mc_phy_wrapper/u_ddr_mc_phy/ddr_phy_4lanes_0.u_ddr_phy_4lanes/ddr_byte_lane_B.ddr_byte_lane_B/ddr_byte_group_io/output_[6].oserdes_dq_.sdr.oserdes_dq_i/D3
                                                              5.239         
i_platform/i_system_ddr/nolabel_line70/u_xilinx_ddr3_ctrl_axi32_mig/u_memc_ui_top_axi/mem_intfc0/ddr_phy_top0/u_ddr_mc_phy_wrapper/u_ddr_mc_phy/ddr_phy_4lanes_0.u_ddr_phy_4lanes/ddr_byte_lane_B.ddr_byte_lane_B/out_fifo/RDCLK
                               i_platform/i_system_ddr/nolabel_line70/u_xilinx_ddr3_ctrl_axi32_mig/u_memc_ui_top_axi/mem_intfc0/ddr_phy_top0/u_ddr_mc_phy_wrapper/u_ddr_mc_phy/ddr_phy_4lanes_0.u_ddr_phy_4lanes/ddr_byte_lane_B.ddr_byte_lane_B/ddr_byte_group_io/output_[4].oserdes_dq_.sdr.oserdes_dq_i/D1
                                                              5.240         
i_platform/i_system_ddr/nolabel_line70/u_xilinx_ddr3_ctrl_axi32_mig/u_memc_ui_top_axi/mem_intfc0/ddr_phy_top0/u_ddr_mc_phy_wrapper/u_ddr_mc_phy/ddr_phy_4lanes_0.u_ddr_phy_4lanes/ddr_byte_lane_B.ddr_byte_lane_B/out_fifo/RDCLK
                               i_platform/i_system_ddr/nolabel_line70/u_xilinx_ddr3_ctrl_axi32_mig/u_memc_ui_top_axi/mem_intfc0/ddr_phy_top0/u_ddr_mc_phy_wrapper/u_ddr_mc_phy/ddr_phy_4lanes_0.u_ddr_phy_4lanes/ddr_byte_lane_B.ddr_byte_lane_B/ddr_byte_group_io/output_[4].oserdes_dq_.sdr.oserdes_dq_i/D2
                                                              5.240         
i_platform/i_system_ddr/nolabel_line70/u_xilinx_ddr3_ctrl_axi32_mig/u_memc_ui_top_axi/mem_intfc0/ddr_phy_top0/u_ddr_mc_phy_wrapper/u_ddr_mc_phy/ddr_phy_4lanes_0.u_ddr_phy_4lanes/ddr_byte_lane_B.ddr_byte_lane_B/out_fifo/RDCLK
                               i_platform/i_system_ddr/nolabel_line70/u_xilinx_ddr3_ctrl_axi32_mig/u_memc_ui_top_axi/mem_intfc0/ddr_phy_top0/u_ddr_mc_phy_wrapper/u_ddr_mc_phy/ddr_phy_4lanes_0.u_ddr_phy_4lanes/ddr_byte_lane_B.ddr_byte_lane_B/ddr_byte_group_io/output_[4].oserdes_dq_.sdr.oserdes_dq_i/D4
                                                              5.240         
i_platform/i_system_ddr/nolabel_line70/u_xilinx_ddr3_ctrl_axi32_mig/u_memc_ui_top_axi/mem_intfc0/ddr_phy_top0/u_ddr_mc_phy_wrapper/u_ddr_mc_phy/ddr_phy_4lanes_0.u_ddr_phy_4lanes/ddr_byte_lane_B.ddr_byte_lane_B/out_fifo/RDCLK
                               i_platform/i_system_ddr/nolabel_line70/u_xilinx_ddr3_ctrl_axi32_mig/u_memc_ui_top_axi/mem_intfc0/ddr_phy_top0/u_ddr_mc_phy_wrapper/u_ddr_mc_phy/ddr_phy_4lanes_0.u_ddr_phy_4lanes/ddr_byte_lane_B.ddr_byte_lane_B/ddr_byte_group_io/output_[5].oserdes_dq_.sdr.oserdes_dq_i/D1
                                                              5.240         
i_platform/i_system_ddr/nolabel_line70/u_xilinx_ddr3_ctrl_axi32_mig/u_memc_ui_top_axi/mem_intfc0/ddr_phy_top0/u_ddr_mc_phy_wrapper/u_ddr_mc_phy/ddr_phy_4lanes_0.u_ddr_phy_4lanes/ddr_byte_lane_B.ddr_byte_lane_B/out_fifo/RDCLK
                               i_platform/i_system_ddr/nolabel_line70/u_xilinx_ddr3_ctrl_axi32_mig/u_memc_ui_top_axi/mem_intfc0/ddr_phy_top0/u_ddr_mc_phy_wrapper/u_ddr_mc_phy/ddr_phy_4lanes_0.u_ddr_phy_4lanes/ddr_byte_lane_B.ddr_byte_lane_B/ddr_byte_group_io/output_[5].oserdes_dq_.sdr.oserdes_dq_i/D2
                                                              5.240         
i_platform/i_system_ddr/nolabel_line70/u_xilinx_ddr3_ctrl_axi32_mig/u_memc_ui_top_axi/mem_intfc0/ddr_phy_top0/u_ddr_mc_phy_wrapper/u_ddr_mc_phy/ddr_phy_4lanes_0.u_ddr_phy_4lanes/ddr_byte_lane_B.ddr_byte_lane_B/out_fifo/RDCLK
                               i_platform/i_system_ddr/nolabel_line70/u_xilinx_ddr3_ctrl_axi32_mig/u_memc_ui_top_axi/mem_intfc0/ddr_phy_top0/u_ddr_mc_phy_wrapper/u_ddr_mc_phy/ddr_phy_4lanes_0.u_ddr_phy_4lanes/ddr_byte_lane_B.ddr_byte_lane_B/ddr_byte_group_io/output_[5].oserdes_dq_.sdr.oserdes_dq_i/D4
                                                              5.240         
i_platform/i_system_ddr/nolabel_line70/u_xilinx_ddr3_ctrl_axi32_mig/u_memc_ui_top_axi/mem_intfc0/ddr_phy_top0/u_ddr_mc_phy_wrapper/u_ddr_mc_phy/ddr_phy_4lanes_0.u_ddr_phy_4lanes/ddr_byte_lane_B.ddr_byte_lane_B/out_fifo/RDCLK
                               i_platform/i_system_ddr/nolabel_line70/u_xilinx_ddr3_ctrl_axi32_mig/u_memc_ui_top_axi/mem_intfc0/ddr_phy_top0/u_ddr_mc_phy_wrapper/u_ddr_mc_phy/ddr_phy_4lanes_0.u_ddr_phy_4lanes/ddr_byte_lane_B.ddr_byte_lane_B/ddr_byte_group_io/output_[4].oserdes_dq_.sdr.oserdes_dq_i/D3
                                                              5.241         
i_platform/i_system_ddr/nolabel_line70/u_xilinx_ddr3_ctrl_axi32_mig/u_memc_ui_top_axi/mem_intfc0/ddr_phy_top0/u_ddr_mc_phy_wrapper/u_ddr_mc_phy/ddr_phy_4lanes_0.u_ddr_phy_4lanes/ddr_byte_lane_B.ddr_byte_lane_B/out_fifo/RDCLK
                               i_platform/i_system_ddr/nolabel_line70/u_xilinx_ddr3_ctrl_axi32_mig/u_memc_ui_top_axi/mem_intfc0/ddr_phy_top0/u_ddr_mc_phy_wrapper/u_ddr_mc_phy/ddr_phy_4lanes_0.u_ddr_phy_4lanes/ddr_byte_lane_B.ddr_byte_lane_B/ddr_byte_group_io/output_[5].oserdes_dq_.sdr.oserdes_dq_i/D3
                                                              5.241         
i_platform/i_system_ddr/nolabel_line70/u_xilinx_ddr3_ctrl_axi32_mig/u_memc_ui_top_axi/mem_intfc0/ddr_phy_top0/u_ddr_mc_phy_wrapper/u_ddr_mc_phy/ddr_phy_4lanes_0.u_ddr_phy_4lanes/ddr_byte_lane_B.ddr_byte_lane_B/out_fifo/RDCLK
                               i_platform/i_system_ddr/nolabel_line70/u_xilinx_ddr3_ctrl_axi32_mig/u_memc_ui_top_axi/mem_intfc0/ddr_phy_top0/u_ddr_mc_phy_wrapper/u_ddr_mc_phy/ddr_phy_4lanes_0.u_ddr_phy_4lanes/ddr_byte_lane_B.ddr_byte_lane_B/ddr_byte_group_io/output_[7].oserdes_dq_.sdr.oserdes_dq_i/D1
                                                              5.241         
i_platform/i_system_ddr/nolabel_line70/u_xilinx_ddr3_ctrl_axi32_mig/u_memc_ui_top_axi/mem_intfc0/ddr_phy_top0/u_ddr_mc_phy_wrapper/u_ddr_mc_phy/ddr_phy_4lanes_0.u_ddr_phy_4lanes/ddr_byte_lane_B.ddr_byte_lane_B/out_fifo/RDCLK
                               i_platform/i_system_ddr/nolabel_line70/u_xilinx_ddr3_ctrl_axi32_mig/u_memc_ui_top_axi/mem_intfc0/ddr_phy_top0/u_ddr_mc_phy_wrapper/u_ddr_mc_phy/ddr_phy_4lanes_0.u_ddr_phy_4lanes/ddr_byte_lane_B.ddr_byte_lane_B/ddr_byte_group_io/output_[7].oserdes_dq_.sdr.oserdes_dq_i/D2
                                                              5.241         
i_platform/i_system_ddr/nolabel_line70/u_xilinx_ddr3_ctrl_axi32_mig/u_memc_ui_top_axi/mem_intfc0/ddr_phy_top0/u_ddr_mc_phy_wrapper/u_ddr_mc_phy/ddr_phy_4lanes_0.u_ddr_phy_4lanes/ddr_byte_lane_B.ddr_byte_lane_B/out_fifo/RDCLK
                               i_platform/i_system_ddr/nolabel_line70/u_xilinx_ddr3_ctrl_axi32_mig/u_memc_ui_top_axi/mem_intfc0/ddr_phy_top0/u_ddr_mc_phy_wrapper/u_ddr_mc_phy/ddr_phy_4lanes_0.u_ddr_phy_4lanes/ddr_byte_lane_B.ddr_byte_lane_B/ddr_byte_group_io/output_[7].oserdes_dq_.sdr.oserdes_dq_i/D4
                                                              5.241         
i_platform/i_system_ddr/nolabel_line70/u_xilinx_ddr3_ctrl_axi32_mig/u_memc_ui_top_axi/mem_intfc0/ddr_phy_top0/u_ddr_mc_phy_wrapper/u_ddr_mc_phy/ddr_phy_4lanes_0.u_ddr_phy_4lanes/ddr_byte_lane_B.ddr_byte_lane_B/out_fifo/RDCLK
                               i_platform/i_system_ddr/nolabel_line70/u_xilinx_ddr3_ctrl_axi32_mig/u_memc_ui_top_axi/mem_intfc0/ddr_phy_top0/u_ddr_mc_phy_wrapper/u_ddr_mc_phy/ddr_phy_4lanes_0.u_ddr_phy_4lanes/ddr_byte_lane_B.ddr_byte_lane_B/ddr_byte_group_io/output_[8].oserdes_dq_.sdr.oserdes_dq_i/D1
                                                              5.241         
i_platform/i_system_ddr/nolabel_line70/u_xilinx_ddr3_ctrl_axi32_mig/u_memc_ui_top_axi/mem_intfc0/ddr_phy_top0/u_ddr_mc_phy_wrapper/u_ddr_mc_phy/ddr_phy_4lanes_0.u_ddr_phy_4lanes/ddr_byte_lane_B.ddr_byte_lane_B/out_fifo/RDCLK
                               i_platform/i_system_ddr/nolabel_line70/u_xilinx_ddr3_ctrl_axi32_mig/u_memc_ui_top_axi/mem_intfc0/ddr_phy_top0/u_ddr_mc_phy_wrapper/u_ddr_mc_phy/ddr_phy_4lanes_0.u_ddr_phy_4lanes/ddr_byte_lane_B.ddr_byte_lane_B/ddr_byte_group_io/output_[8].oserdes_dq_.sdr.oserdes_dq_i/D2
                                                              5.241         
i_platform/i_system_ddr/nolabel_line70/u_xilinx_ddr3_ctrl_axi32_mig/u_memc_ui_top_axi/mem_intfc0/ddr_phy_top0/u_ddr_mc_phy_wrapper/u_ddr_mc_phy/ddr_phy_4lanes_0.u_ddr_phy_4lanes/ddr_byte_lane_B.ddr_byte_lane_B/out_fifo/RDCLK
                               i_platform/i_system_ddr/nolabel_line70/u_xilinx_ddr3_ctrl_axi32_mig/u_memc_ui_top_axi/mem_intfc0/ddr_phy_top0/u_ddr_mc_phy_wrapper/u_ddr_mc_phy/ddr_phy_4lanes_0.u_ddr_phy_4lanes/ddr_byte_lane_B.ddr_byte_lane_B/ddr_byte_group_io/output_[8].oserdes_dq_.sdr.oserdes_dq_i/D4
                                                              5.241         
i_platform/i_system_ddr/nolabel_line70/u_xilinx_ddr3_ctrl_axi32_mig/u_memc_ui_top_axi/mem_intfc0/ddr_phy_top0/u_ddr_mc_phy_wrapper/u_ddr_mc_phy/ddr_phy_4lanes_0.u_ddr_phy_4lanes/ddr_byte_lane_B.ddr_byte_lane_B/out_fifo/RDCLK
                               i_platform/i_system_ddr/nolabel_line70/u_xilinx_ddr3_ctrl_axi32_mig/u_memc_ui_top_axi/mem_intfc0/ddr_phy_top0/u_ddr_mc_phy_wrapper/u_ddr_mc_phy/ddr_phy_4lanes_0.u_ddr_phy_4lanes/ddr_byte_lane_B.ddr_byte_lane_B/ddr_byte_group_io/output_[9].oserdes_dq_.sdr.oserdes_dq_i/D1
                                                              5.241         
i_platform/i_system_ddr/nolabel_line70/u_xilinx_ddr3_ctrl_axi32_mig/u_memc_ui_top_axi/mem_intfc0/ddr_phy_top0/u_ddr_mc_phy_wrapper/u_ddr_mc_phy/ddr_phy_4lanes_0.u_ddr_phy_4lanes/ddr_byte_lane_B.ddr_byte_lane_B/out_fifo/RDCLK
                               i_platform/i_system_ddr/nolabel_line70/u_xilinx_ddr3_ctrl_axi32_mig/u_memc_ui_top_axi/mem_intfc0/ddr_phy_top0/u_ddr_mc_phy_wrapper/u_ddr_mc_phy/ddr_phy_4lanes_0.u_ddr_phy_4lanes/ddr_byte_lane_B.ddr_byte_lane_B/ddr_byte_group_io/output_[9].oserdes_dq_.sdr.oserdes_dq_i/D2
                                                              5.241         
i_platform/i_system_ddr/nolabel_line70/u_xilinx_ddr3_ctrl_axi32_mig/u_memc_ui_top_axi/mem_intfc0/ddr_phy_top0/u_ddr_mc_phy_wrapper/u_ddr_mc_phy/ddr_phy_4lanes_0.u_ddr_phy_4lanes/ddr_byte_lane_B.ddr_byte_lane_B/out_fifo/RDCLK
                               i_platform/i_system_ddr/nolabel_line70/u_xilinx_ddr3_ctrl_axi32_mig/u_memc_ui_top_axi/mem_intfc0/ddr_phy_top0/u_ddr_mc_phy_wrapper/u_ddr_mc_phy/ddr_phy_4lanes_0.u_ddr_phy_4lanes/ddr_byte_lane_B.ddr_byte_lane_B/ddr_byte_group_io/output_[9].oserdes_dq_.sdr.oserdes_dq_i/D4
                                                              5.241         
i_platform/i_system_ddr/nolabel_line70/u_xilinx_ddr3_ctrl_axi32_mig/u_memc_ui_top_axi/mem_intfc0/ddr_phy_top0/u_ddr_mc_phy_wrapper/u_ddr_mc_phy/ddr_phy_4lanes_0.u_ddr_phy_4lanes/ddr_byte_lane_B.ddr_byte_lane_B/out_fifo/RDCLK
                               i_platform/i_system_ddr/nolabel_line70/u_xilinx_ddr3_ctrl_axi32_mig/u_memc_ui_top_axi/mem_intfc0/ddr_phy_top0/u_ddr_mc_phy_wrapper/u_ddr_mc_phy/ddr_phy_4lanes_0.u_ddr_phy_4lanes/ddr_byte_lane_B.ddr_byte_lane_B/ddr_byte_group_io/output_[7].oserdes_dq_.sdr.oserdes_dq_i/D3
                                                              5.242         
i_platform/i_system_ddr/nolabel_line70/u_xilinx_ddr3_ctrl_axi32_mig/u_memc_ui_top_axi/mem_intfc0/ddr_phy_top0/u_ddr_mc_phy_wrapper/u_ddr_mc_phy/ddr_phy_4lanes_0.u_ddr_phy_4lanes/ddr_byte_lane_B.ddr_byte_lane_B/out_fifo/RDCLK
                               i_platform/i_system_ddr/nolabel_line70/u_xilinx_ddr3_ctrl_axi32_mig/u_memc_ui_top_axi/mem_intfc0/ddr_phy_top0/u_ddr_mc_phy_wrapper/u_ddr_mc_phy/ddr_phy_4lanes_0.u_ddr_phy_4lanes/ddr_byte_lane_B.ddr_byte_lane_B/ddr_byte_group_io/output_[8].oserdes_dq_.sdr.oserdes_dq_i/D3
                                                              5.242         
i_platform/i_system_ddr/nolabel_line70/u_xilinx_ddr3_ctrl_axi32_mig/u_memc_ui_top_axi/mem_intfc0/ddr_phy_top0/u_ddr_mc_phy_wrapper/u_ddr_mc_phy/ddr_phy_4lanes_0.u_ddr_phy_4lanes/ddr_byte_lane_B.ddr_byte_lane_B/out_fifo/RDCLK
                               i_platform/i_system_ddr/nolabel_line70/u_xilinx_ddr3_ctrl_axi32_mig/u_memc_ui_top_axi/mem_intfc0/ddr_phy_top0/u_ddr_mc_phy_wrapper/u_ddr_mc_phy/ddr_phy_4lanes_0.u_ddr_phy_4lanes/ddr_byte_lane_B.ddr_byte_lane_B/ddr_byte_group_io/output_[9].oserdes_dq_.sdr.oserdes_dq_i/D3
                                                              5.242         
i_platform/i_system_ddr/nolabel_line70/u_xilinx_ddr3_ctrl_axi32_mig/u_memc_ui_top_axi/mem_intfc0/ddr_phy_top0/u_ddr_mc_phy_wrapper/u_ddr_mc_phy/ddr_phy_4lanes_0.u_ddr_phy_4lanes/ddr_byte_lane_B.ddr_byte_lane_B/out_fifo/RDCLK
                               i_platform/i_system_ddr/nolabel_line70/u_xilinx_ddr3_ctrl_axi32_mig/u_memc_ui_top_axi/mem_intfc0/ddr_phy_top0/u_ddr_mc_phy_wrapper/u_ddr_mc_phy/ddr_phy_4lanes_0.u_ddr_phy_4lanes/ddr_byte_lane_B.ddr_byte_lane_B/ddr_byte_group_io/output_[0].oserdes_dq_.sdr.oserdes_dq_i/D1
                                                              5.242         
i_platform/i_system_ddr/nolabel_line70/u_xilinx_ddr3_ctrl_axi32_mig/u_memc_ui_top_axi/mem_intfc0/ddr_phy_top0/u_ddr_mc_phy_wrapper/u_ddr_mc_phy/ddr_phy_4lanes_0.u_ddr_phy_4lanes/ddr_byte_lane_B.ddr_byte_lane_B/out_fifo/RDCLK
                               i_platform/i_system_ddr/nolabel_line70/u_xilinx_ddr3_ctrl_axi32_mig/u_memc_ui_top_axi/mem_intfc0/ddr_phy_top0/u_ddr_mc_phy_wrapper/u_ddr_mc_phy/ddr_phy_4lanes_0.u_ddr_phy_4lanes/ddr_byte_lane_B.ddr_byte_lane_B/ddr_byte_group_io/output_[0].oserdes_dq_.sdr.oserdes_dq_i/D2
                                                              5.242         
i_platform/i_system_ddr/nolabel_line70/u_xilinx_ddr3_ctrl_axi32_mig/u_memc_ui_top_axi/mem_intfc0/ddr_phy_top0/u_ddr_mc_phy_wrapper/u_ddr_mc_phy/ddr_phy_4lanes_0.u_ddr_phy_4lanes/ddr_byte_lane_B.ddr_byte_lane_B/out_fifo/RDCLK
                               i_platform/i_system_ddr/nolabel_line70/u_xilinx_ddr3_ctrl_axi32_mig/u_memc_ui_top_axi/mem_intfc0/ddr_phy_top0/u_ddr_mc_phy_wrapper/u_ddr_mc_phy/ddr_phy_4lanes_0.u_ddr_phy_4lanes/ddr_byte_lane_B.ddr_byte_lane_B/ddr_byte_group_io/output_[0].oserdes_dq_.sdr.oserdes_dq_i/D4
                                                              5.242         
i_platform/i_system_ddr/nolabel_line70/u_xilinx_ddr3_ctrl_axi32_mig/u_memc_ui_top_axi/mem_intfc0/ddr_phy_top0/u_ddr_mc_phy_wrapper/u_ddr_mc_phy/ddr_phy_4lanes_0.u_ddr_phy_4lanes/ddr_byte_lane_B.ddr_byte_lane_B/out_fifo/RDCLK
                               i_platform/i_system_ddr/nolabel_line70/u_xilinx_ddr3_ctrl_axi32_mig/u_memc_ui_top_axi/mem_intfc0/ddr_phy_top0/u_ddr_mc_phy_wrapper/u_ddr_mc_phy/ddr_phy_4lanes_0.u_ddr_phy_4lanes/ddr_byte_lane_B.ddr_byte_lane_B/ddr_byte_group_io/output_[1].oserdes_dq_.sdr.oserdes_dq_i/D1
                                                              5.242         
i_platform/i_system_ddr/nolabel_line70/u_xilinx_ddr3_ctrl_axi32_mig/u_memc_ui_top_axi/mem_intfc0/ddr_phy_top0/u_ddr_mc_phy_wrapper/u_ddr_mc_phy/ddr_phy_4lanes_0.u_ddr_phy_4lanes/ddr_byte_lane_B.ddr_byte_lane_B/out_fifo/RDCLK
                               i_platform/i_system_ddr/nolabel_line70/u_xilinx_ddr3_ctrl_axi32_mig/u_memc_ui_top_axi/mem_intfc0/ddr_phy_top0/u_ddr_mc_phy_wrapper/u_ddr_mc_phy/ddr_phy_4lanes_0.u_ddr_phy_4lanes/ddr_byte_lane_B.ddr_byte_lane_B/ddr_byte_group_io/output_[1].oserdes_dq_.sdr.oserdes_dq_i/D2
                                                              5.242         
i_platform/i_system_ddr/nolabel_line70/u_xilinx_ddr3_ctrl_axi32_mig/u_memc_ui_top_axi/mem_intfc0/ddr_phy_top0/u_ddr_mc_phy_wrapper/u_ddr_mc_phy/ddr_phy_4lanes_0.u_ddr_phy_4lanes/ddr_byte_lane_B.ddr_byte_lane_B/out_fifo/RDCLK
                               i_platform/i_system_ddr/nolabel_line70/u_xilinx_ddr3_ctrl_axi32_mig/u_memc_ui_top_axi/mem_intfc0/ddr_phy_top0/u_ddr_mc_phy_wrapper/u_ddr_mc_phy/ddr_phy_4lanes_0.u_ddr_phy_4lanes/ddr_byte_lane_B.ddr_byte_lane_B/ddr_byte_group_io/output_[1].oserdes_dq_.sdr.oserdes_dq_i/D4
                                                              5.242         
i_platform/i_system_ddr/nolabel_line70/u_xilinx_ddr3_ctrl_axi32_mig/u_memc_ui_top_axi/mem_intfc0/ddr_phy_top0/u_ddr_mc_phy_wrapper/u_ddr_mc_phy/ddr_phy_4lanes_0.u_ddr_phy_4lanes/ddr_byte_lane_B.ddr_byte_lane_B/out_fifo/RDCLK
                               i_platform/i_system_ddr/nolabel_line70/u_xilinx_ddr3_ctrl_axi32_mig/u_memc_ui_top_axi/mem_intfc0/ddr_phy_top0/u_ddr_mc_phy_wrapper/u_ddr_mc_phy/ddr_phy_4lanes_0.u_ddr_phy_4lanes/ddr_byte_lane_B.ddr_byte_lane_B/ddr_byte_group_io/output_[2].oserdes_dq_.sdr.oserdes_dq_i/D1
                                                              5.242         
i_platform/i_system_ddr/nolabel_line70/u_xilinx_ddr3_ctrl_axi32_mig/u_memc_ui_top_axi/mem_intfc0/ddr_phy_top0/u_ddr_mc_phy_wrapper/u_ddr_mc_phy/ddr_phy_4lanes_0.u_ddr_phy_4lanes/ddr_byte_lane_B.ddr_byte_lane_B/out_fifo/RDCLK
                               i_platform/i_system_ddr/nolabel_line70/u_xilinx_ddr3_ctrl_axi32_mig/u_memc_ui_top_axi/mem_intfc0/ddr_phy_top0/u_ddr_mc_phy_wrapper/u_ddr_mc_phy/ddr_phy_4lanes_0.u_ddr_phy_4lanes/ddr_byte_lane_B.ddr_byte_lane_B/ddr_byte_group_io/output_[2].oserdes_dq_.sdr.oserdes_dq_i/D2
                                                              5.242         
i_platform/i_system_ddr/nolabel_line70/u_xilinx_ddr3_ctrl_axi32_mig/u_memc_ui_top_axi/mem_intfc0/ddr_phy_top0/u_ddr_mc_phy_wrapper/u_ddr_mc_phy/ddr_phy_4lanes_0.u_ddr_phy_4lanes/ddr_byte_lane_B.ddr_byte_lane_B/out_fifo/RDCLK
                               i_platform/i_system_ddr/nolabel_line70/u_xilinx_ddr3_ctrl_axi32_mig/u_memc_ui_top_axi/mem_intfc0/ddr_phy_top0/u_ddr_mc_phy_wrapper/u_ddr_mc_phy/ddr_phy_4lanes_0.u_ddr_phy_4lanes/ddr_byte_lane_B.ddr_byte_lane_B/ddr_byte_group_io/output_[2].oserdes_dq_.sdr.oserdes_dq_i/D4
                                                              5.242         
i_platform/i_system_ddr/nolabel_line70/u_xilinx_ddr3_ctrl_axi32_mig/u_memc_ui_top_axi/mem_intfc0/ddr_phy_top0/u_ddr_mc_phy_wrapper/u_ddr_mc_phy/ddr_phy_4lanes_0.u_ddr_phy_4lanes/ddr_byte_lane_B.ddr_byte_lane_B/out_fifo/RDCLK
                               i_platform/i_system_ddr/nolabel_line70/u_xilinx_ddr3_ctrl_axi32_mig/u_memc_ui_top_axi/mem_intfc0/ddr_phy_top0/u_ddr_mc_phy_wrapper/u_ddr_mc_phy/ddr_phy_4lanes_0.u_ddr_phy_4lanes/ddr_byte_lane_B.ddr_byte_lane_B/ddr_byte_group_io/output_[3].oserdes_dq_.sdr.oserdes_dq_i/D1
                                                              5.242         
i_platform/i_system_ddr/nolabel_line70/u_xilinx_ddr3_ctrl_axi32_mig/u_memc_ui_top_axi/mem_intfc0/ddr_phy_top0/u_ddr_mc_phy_wrapper/u_ddr_mc_phy/ddr_phy_4lanes_0.u_ddr_phy_4lanes/ddr_byte_lane_B.ddr_byte_lane_B/out_fifo/RDCLK
                               i_platform/i_system_ddr/nolabel_line70/u_xilinx_ddr3_ctrl_axi32_mig/u_memc_ui_top_axi/mem_intfc0/ddr_phy_top0/u_ddr_mc_phy_wrapper/u_ddr_mc_phy/ddr_phy_4lanes_0.u_ddr_phy_4lanes/ddr_byte_lane_B.ddr_byte_lane_B/ddr_byte_group_io/output_[3].oserdes_dq_.sdr.oserdes_dq_i/D2
                                                              5.242         
i_platform/i_system_ddr/nolabel_line70/u_xilinx_ddr3_ctrl_axi32_mig/u_memc_ui_top_axi/mem_intfc0/ddr_phy_top0/u_ddr_mc_phy_wrapper/u_ddr_mc_phy/ddr_phy_4lanes_0.u_ddr_phy_4lanes/ddr_byte_lane_B.ddr_byte_lane_B/out_fifo/RDCLK
                               i_platform/i_system_ddr/nolabel_line70/u_xilinx_ddr3_ctrl_axi32_mig/u_memc_ui_top_axi/mem_intfc0/ddr_phy_top0/u_ddr_mc_phy_wrapper/u_ddr_mc_phy/ddr_phy_4lanes_0.u_ddr_phy_4lanes/ddr_byte_lane_B.ddr_byte_lane_B/ddr_byte_group_io/output_[3].oserdes_dq_.sdr.oserdes_dq_i/D4
                                                              5.242         
i_platform/i_system_ddr/nolabel_line70/u_xilinx_ddr3_ctrl_axi32_mig/u_memc_ui_top_axi/mem_intfc0/ddr_phy_top0/u_ddr_mc_phy_wrapper/u_ddr_mc_phy/ddr_phy_4lanes_0.u_ddr_phy_4lanes/ddr_byte_lane_B.ddr_byte_lane_B/out_fifo/RDCLK
                               i_platform/i_system_ddr/nolabel_line70/u_xilinx_ddr3_ctrl_axi32_mig/u_memc_ui_top_axi/mem_intfc0/ddr_phy_top0/u_ddr_mc_phy_wrapper/u_ddr_mc_phy/ddr_phy_4lanes_0.u_ddr_phy_4lanes/ddr_byte_lane_B.ddr_byte_lane_B/ddr_byte_group_io/output_[0].oserdes_dq_.sdr.oserdes_dq_i/D3
                                                              5.243         
i_platform/i_system_ddr/nolabel_line70/u_xilinx_ddr3_ctrl_axi32_mig/u_memc_ui_top_axi/mem_intfc0/ddr_phy_top0/u_ddr_mc_phy_wrapper/u_ddr_mc_phy/ddr_phy_4lanes_0.u_ddr_phy_4lanes/ddr_byte_lane_B.ddr_byte_lane_B/out_fifo/RDCLK
                               i_platform/i_system_ddr/nolabel_line70/u_xilinx_ddr3_ctrl_axi32_mig/u_memc_ui_top_axi/mem_intfc0/ddr_phy_top0/u_ddr_mc_phy_wrapper/u_ddr_mc_phy/ddr_phy_4lanes_0.u_ddr_phy_4lanes/ddr_byte_lane_B.ddr_byte_lane_B/ddr_byte_group_io/output_[1].oserdes_dq_.sdr.oserdes_dq_i/D3
                                                              5.243         
i_platform/i_system_ddr/nolabel_line70/u_xilinx_ddr3_ctrl_axi32_mig/u_memc_ui_top_axi/mem_intfc0/ddr_phy_top0/u_ddr_mc_phy_wrapper/u_ddr_mc_phy/ddr_phy_4lanes_0.u_ddr_phy_4lanes/ddr_byte_lane_B.ddr_byte_lane_B/out_fifo/RDCLK
                               i_platform/i_system_ddr/nolabel_line70/u_xilinx_ddr3_ctrl_axi32_mig/u_memc_ui_top_axi/mem_intfc0/ddr_phy_top0/u_ddr_mc_phy_wrapper/u_ddr_mc_phy/ddr_phy_4lanes_0.u_ddr_phy_4lanes/ddr_byte_lane_B.ddr_byte_lane_B/ddr_byte_group_io/output_[2].oserdes_dq_.sdr.oserdes_dq_i/D3
                                                              5.243         
i_platform/i_system_ddr/nolabel_line70/u_xilinx_ddr3_ctrl_axi32_mig/u_memc_ui_top_axi/mem_intfc0/ddr_phy_top0/u_ddr_mc_phy_wrapper/u_ddr_mc_phy/ddr_phy_4lanes_0.u_ddr_phy_4lanes/ddr_byte_lane_B.ddr_byte_lane_B/out_fifo/RDCLK
                               i_platform/i_system_ddr/nolabel_line70/u_xilinx_ddr3_ctrl_axi32_mig/u_memc_ui_top_axi/mem_intfc0/ddr_phy_top0/u_ddr_mc_phy_wrapper/u_ddr_mc_phy/ddr_phy_4lanes_0.u_ddr_phy_4lanes/ddr_byte_lane_B.ddr_byte_lane_B/ddr_byte_group_io/output_[3].oserdes_dq_.sdr.oserdes_dq_i/D3
                                                              5.243         
i_platform/i_system_ddr/nolabel_line70/u_xilinx_ddr3_ctrl_axi32_mig/u_memc_ui_top_axi/mem_intfc0/ddr_phy_top0/u_ddr_mc_phy_wrapper/u_ddr_mc_phy/ddr_phy_4lanes_0.u_ddr_phy_4lanes/ddr_byte_lane_C.ddr_byte_lane_C/out_fifo/RDCLK
                               i_platform/i_system_ddr/nolabel_line70/u_xilinx_ddr3_ctrl_axi32_mig/u_memc_ui_top_axi/mem_intfc0/ddr_phy_top0/u_ddr_mc_phy_wrapper/u_ddr_mc_phy/ddr_phy_4lanes_0.u_ddr_phy_4lanes/ddr_byte_lane_C.ddr_byte_lane_C/ddr_byte_group_io/output_[6].oserdes_dq_.ddr.oserdes_dq_i/D1
                                                              5.245         
i_platform/i_system_ddr/nolabel_line70/u_xilinx_ddr3_ctrl_axi32_mig/u_memc_ui_top_axi/mem_intfc0/ddr_phy_top0/u_ddr_mc_phy_wrapper/u_ddr_mc_phy/ddr_phy_4lanes_0.u_ddr_phy_4lanes/ddr_byte_lane_C.ddr_byte_lane_C/out_fifo/RDCLK
                               i_platform/i_system_ddr/nolabel_line70/u_xilinx_ddr3_ctrl_axi32_mig/u_memc_ui_top_axi/mem_intfc0/ddr_phy_top0/u_ddr_mc_phy_wrapper/u_ddr_mc_phy/ddr_phy_4lanes_0.u_ddr_phy_4lanes/ddr_byte_lane_C.ddr_byte_lane_C/ddr_byte_group_io/output_[6].oserdes_dq_.ddr.oserdes_dq_i/D2
                                                              5.245         
i_platform/i_system_ddr/nolabel_line70/u_xilinx_ddr3_ctrl_axi32_mig/u_memc_ui_top_axi/mem_intfc0/ddr_phy_top0/u_ddr_mc_phy_wrapper/u_ddr_mc_phy/ddr_phy_4lanes_0.u_ddr_phy_4lanes/ddr_byte_lane_C.ddr_byte_lane_C/out_fifo/RDCLK
                               i_platform/i_system_ddr/nolabel_line70/u_xilinx_ddr3_ctrl_axi32_mig/u_memc_ui_top_axi/mem_intfc0/ddr_phy_top0/u_ddr_mc_phy_wrapper/u_ddr_mc_phy/ddr_phy_4lanes_0.u_ddr_phy_4lanes/ddr_byte_lane_C.ddr_byte_lane_C/ddr_byte_group_io/output_[6].oserdes_dq_.ddr.oserdes_dq_i/D4
                                                              5.245         
i_platform/i_system_ddr/nolabel_line70/u_xilinx_ddr3_ctrl_axi32_mig/u_memc_ui_top_axi/mem_intfc0/ddr_phy_top0/u_ddr_mc_phy_wrapper/u_ddr_mc_phy/ddr_phy_4lanes_0.u_ddr_phy_4lanes/ddr_byte_lane_C.ddr_byte_lane_C/out_fifo/RDCLK
                               i_platform/i_system_ddr/nolabel_line70/u_xilinx_ddr3_ctrl_axi32_mig/u_memc_ui_top_axi/mem_intfc0/ddr_phy_top0/u_ddr_mc_phy_wrapper/u_ddr_mc_phy/ddr_phy_4lanes_0.u_ddr_phy_4lanes/ddr_byte_lane_C.ddr_byte_lane_C/ddr_byte_group_io/output_[6].oserdes_dq_.ddr.oserdes_dq_i/D3
                                                              5.246         
i_platform/i_system_ddr/nolabel_line70/u_xilinx_ddr3_ctrl_axi32_mig/u_memc_ui_top_axi/mem_intfc0/ddr_phy_top0/u_ddr_mc_phy_wrapper/u_ddr_mc_phy/ddr_phy_4lanes_0.u_ddr_phy_4lanes/ddr_byte_lane_C.ddr_byte_lane_C/out_fifo/RDCLK
                               i_platform/i_system_ddr/nolabel_line70/u_xilinx_ddr3_ctrl_axi32_mig/u_memc_ui_top_axi/mem_intfc0/ddr_phy_top0/u_ddr_mc_phy_wrapper/u_ddr_mc_phy/ddr_phy_4lanes_0.u_ddr_phy_4lanes/ddr_byte_lane_C.ddr_byte_lane_C/ddr_byte_group_io/output_[4].oserdes_dq_.ddr.oserdes_dq_i/D1
                                                              5.247         
i_platform/i_system_ddr/nolabel_line70/u_xilinx_ddr3_ctrl_axi32_mig/u_memc_ui_top_axi/mem_intfc0/ddr_phy_top0/u_ddr_mc_phy_wrapper/u_ddr_mc_phy/ddr_phy_4lanes_0.u_ddr_phy_4lanes/ddr_byte_lane_C.ddr_byte_lane_C/out_fifo/RDCLK
                               i_platform/i_system_ddr/nolabel_line70/u_xilinx_ddr3_ctrl_axi32_mig/u_memc_ui_top_axi/mem_intfc0/ddr_phy_top0/u_ddr_mc_phy_wrapper/u_ddr_mc_phy/ddr_phy_4lanes_0.u_ddr_phy_4lanes/ddr_byte_lane_C.ddr_byte_lane_C/ddr_byte_group_io/output_[4].oserdes_dq_.ddr.oserdes_dq_i/D2
                                                              5.247         
i_platform/i_system_ddr/nolabel_line70/u_xilinx_ddr3_ctrl_axi32_mig/u_memc_ui_top_axi/mem_intfc0/ddr_phy_top0/u_ddr_mc_phy_wrapper/u_ddr_mc_phy/ddr_phy_4lanes_0.u_ddr_phy_4lanes/ddr_byte_lane_C.ddr_byte_lane_C/out_fifo/RDCLK
                               i_platform/i_system_ddr/nolabel_line70/u_xilinx_ddr3_ctrl_axi32_mig/u_memc_ui_top_axi/mem_intfc0/ddr_phy_top0/u_ddr_mc_phy_wrapper/u_ddr_mc_phy/ddr_phy_4lanes_0.u_ddr_phy_4lanes/ddr_byte_lane_C.ddr_byte_lane_C/ddr_byte_group_io/output_[4].oserdes_dq_.ddr.oserdes_dq_i/D4
                                                              5.247         
i_platform/i_system_ddr/nolabel_line70/u_xilinx_ddr3_ctrl_axi32_mig/u_memc_ui_top_axi/mem_intfc0/ddr_phy_top0/u_ddr_mc_phy_wrapper/u_ddr_mc_phy/ddr_phy_4lanes_0.u_ddr_phy_4lanes/ddr_byte_lane_C.ddr_byte_lane_C/out_fifo/RDCLK
                               i_platform/i_system_ddr/nolabel_line70/u_xilinx_ddr3_ctrl_axi32_mig/u_memc_ui_top_axi/mem_intfc0/ddr_phy_top0/u_ddr_mc_phy_wrapper/u_ddr_mc_phy/ddr_phy_4lanes_0.u_ddr_phy_4lanes/ddr_byte_lane_C.ddr_byte_lane_C/ddr_byte_group_io/output_[5].oserdes_dq_.ddr.oserdes_dq_i/D1
                                                              5.247         
i_platform/i_system_ddr/nolabel_line70/u_xilinx_ddr3_ctrl_axi32_mig/u_memc_ui_top_axi/mem_intfc0/ddr_phy_top0/u_ddr_mc_phy_wrapper/u_ddr_mc_phy/ddr_phy_4lanes_0.u_ddr_phy_4lanes/ddr_byte_lane_C.ddr_byte_lane_C/out_fifo/RDCLK
                               i_platform/i_system_ddr/nolabel_line70/u_xilinx_ddr3_ctrl_axi32_mig/u_memc_ui_top_axi/mem_intfc0/ddr_phy_top0/u_ddr_mc_phy_wrapper/u_ddr_mc_phy/ddr_phy_4lanes_0.u_ddr_phy_4lanes/ddr_byte_lane_C.ddr_byte_lane_C/ddr_byte_group_io/output_[5].oserdes_dq_.ddr.oserdes_dq_i/D2
                                                              5.247         
i_platform/i_system_ddr/nolabel_line70/u_xilinx_ddr3_ctrl_axi32_mig/u_memc_ui_top_axi/mem_intfc0/ddr_phy_top0/u_ddr_mc_phy_wrapper/u_ddr_mc_phy/ddr_phy_4lanes_0.u_ddr_phy_4lanes/ddr_byte_lane_C.ddr_byte_lane_C/out_fifo/RDCLK
                               i_platform/i_system_ddr/nolabel_line70/u_xilinx_ddr3_ctrl_axi32_mig/u_memc_ui_top_axi/mem_intfc0/ddr_phy_top0/u_ddr_mc_phy_wrapper/u_ddr_mc_phy/ddr_phy_4lanes_0.u_ddr_phy_4lanes/ddr_byte_lane_C.ddr_byte_lane_C/ddr_byte_group_io/output_[5].oserdes_dq_.ddr.oserdes_dq_i/D4
                                                              5.247         
i_platform/i_system_ddr/nolabel_line70/u_xilinx_ddr3_ctrl_axi32_mig/u_memc_ui_top_axi/mem_intfc0/ddr_phy_top0/u_ddr_mc_phy_wrapper/u_ddr_mc_phy/ddr_phy_4lanes_0.u_ddr_phy_4lanes/ddr_byte_lane_C.ddr_byte_lane_C/out_fifo/RDCLK
                               i_platform/i_system_ddr/nolabel_line70/u_xilinx_ddr3_ctrl_axi32_mig/u_memc_ui_top_axi/mem_intfc0/ddr_phy_top0/u_ddr_mc_phy_wrapper/u_ddr_mc_phy/ddr_phy_4lanes_0.u_ddr_phy_4lanes/ddr_byte_lane_C.ddr_byte_lane_C/ddr_byte_group_io/output_[4].oserdes_dq_.ddr.oserdes_dq_i/D3
                                                              5.248         
i_platform/i_system_ddr/nolabel_line70/u_xilinx_ddr3_ctrl_axi32_mig/u_memc_ui_top_axi/mem_intfc0/ddr_phy_top0/u_ddr_mc_phy_wrapper/u_ddr_mc_phy/ddr_phy_4lanes_0.u_ddr_phy_4lanes/ddr_byte_lane_C.ddr_byte_lane_C/out_fifo/RDCLK
                               i_platform/i_system_ddr/nolabel_line70/u_xilinx_ddr3_ctrl_axi32_mig/u_memc_ui_top_axi/mem_intfc0/ddr_phy_top0/u_ddr_mc_phy_wrapper/u_ddr_mc_phy/ddr_phy_4lanes_0.u_ddr_phy_4lanes/ddr_byte_lane_C.ddr_byte_lane_C/ddr_byte_group_io/output_[5].oserdes_dq_.ddr.oserdes_dq_i/D3
                                                              5.248         
i_platform/i_system_ddr/nolabel_line70/u_xilinx_ddr3_ctrl_axi32_mig/u_memc_ui_top_axi/mem_intfc0/ddr_phy_top0/u_ddr_mc_phy_wrapper/u_ddr_mc_phy/ddr_phy_4lanes_0.u_ddr_phy_4lanes/ddr_byte_lane_C.ddr_byte_lane_C/out_fifo/RDCLK
                               i_platform/i_system_ddr/nolabel_line70/u_xilinx_ddr3_ctrl_axi32_mig/u_memc_ui_top_axi/mem_intfc0/ddr_phy_top0/u_ddr_mc_phy_wrapper/u_ddr_mc_phy/ddr_phy_4lanes_0.u_ddr_phy_4lanes/ddr_byte_lane_C.ddr_byte_lane_C/ddr_byte_group_io/output_[7].oserdes_dq_.ddr.oserdes_dq_i/D1
                                                              5.248         
i_platform/i_system_ddr/nolabel_line70/u_xilinx_ddr3_ctrl_axi32_mig/u_memc_ui_top_axi/mem_intfc0/ddr_phy_top0/u_ddr_mc_phy_wrapper/u_ddr_mc_phy/ddr_phy_4lanes_0.u_ddr_phy_4lanes/ddr_byte_lane_C.ddr_byte_lane_C/out_fifo/RDCLK
                               i_platform/i_system_ddr/nolabel_line70/u_xilinx_ddr3_ctrl_axi32_mig/u_memc_ui_top_axi/mem_intfc0/ddr_phy_top0/u_ddr_mc_phy_wrapper/u_ddr_mc_phy/ddr_phy_4lanes_0.u_ddr_phy_4lanes/ddr_byte_lane_C.ddr_byte_lane_C/ddr_byte_group_io/output_[7].oserdes_dq_.ddr.oserdes_dq_i/D2
                                                              5.248         
i_platform/i_system_ddr/nolabel_line70/u_xilinx_ddr3_ctrl_axi32_mig/u_memc_ui_top_axi/mem_intfc0/ddr_phy_top0/u_ddr_mc_phy_wrapper/u_ddr_mc_phy/ddr_phy_4lanes_0.u_ddr_phy_4lanes/ddr_byte_lane_C.ddr_byte_lane_C/out_fifo/RDCLK
                               i_platform/i_system_ddr/nolabel_line70/u_xilinx_ddr3_ctrl_axi32_mig/u_memc_ui_top_axi/mem_intfc0/ddr_phy_top0/u_ddr_mc_phy_wrapper/u_ddr_mc_phy/ddr_phy_4lanes_0.u_ddr_phy_4lanes/ddr_byte_lane_C.ddr_byte_lane_C/ddr_byte_group_io/output_[7].oserdes_dq_.ddr.oserdes_dq_i/D4
                                                              5.248         
i_platform/i_system_ddr/nolabel_line70/u_xilinx_ddr3_ctrl_axi32_mig/u_memc_ui_top_axi/mem_intfc0/ddr_phy_top0/u_ddr_mc_phy_wrapper/u_ddr_mc_phy/ddr_phy_4lanes_0.u_ddr_phy_4lanes/ddr_byte_lane_C.ddr_byte_lane_C/out_fifo/RDCLK
                               i_platform/i_system_ddr/nolabel_line70/u_xilinx_ddr3_ctrl_axi32_mig/u_memc_ui_top_axi/mem_intfc0/ddr_phy_top0/u_ddr_mc_phy_wrapper/u_ddr_mc_phy/ddr_phy_4lanes_0.u_ddr_phy_4lanes/ddr_byte_lane_C.ddr_byte_lane_C/ddr_byte_group_io/output_[8].oserdes_dq_.ddr.oserdes_dq_i/D1
                                                              5.248         
i_platform/i_system_ddr/nolabel_line70/u_xilinx_ddr3_ctrl_axi32_mig/u_memc_ui_top_axi/mem_intfc0/ddr_phy_top0/u_ddr_mc_phy_wrapper/u_ddr_mc_phy/ddr_phy_4lanes_0.u_ddr_phy_4lanes/ddr_byte_lane_C.ddr_byte_lane_C/out_fifo/RDCLK
                               i_platform/i_system_ddr/nolabel_line70/u_xilinx_ddr3_ctrl_axi32_mig/u_memc_ui_top_axi/mem_intfc0/ddr_phy_top0/u_ddr_mc_phy_wrapper/u_ddr_mc_phy/ddr_phy_4lanes_0.u_ddr_phy_4lanes/ddr_byte_lane_C.ddr_byte_lane_C/ddr_byte_group_io/output_[8].oserdes_dq_.ddr.oserdes_dq_i/D2
                                                              5.248         
i_platform/i_system_ddr/nolabel_line70/u_xilinx_ddr3_ctrl_axi32_mig/u_memc_ui_top_axi/mem_intfc0/ddr_phy_top0/u_ddr_mc_phy_wrapper/u_ddr_mc_phy/ddr_phy_4lanes_0.u_ddr_phy_4lanes/ddr_byte_lane_C.ddr_byte_lane_C/out_fifo/RDCLK
                               i_platform/i_system_ddr/nolabel_line70/u_xilinx_ddr3_ctrl_axi32_mig/u_memc_ui_top_axi/mem_intfc0/ddr_phy_top0/u_ddr_mc_phy_wrapper/u_ddr_mc_phy/ddr_phy_4lanes_0.u_ddr_phy_4lanes/ddr_byte_lane_C.ddr_byte_lane_C/ddr_byte_group_io/output_[8].oserdes_dq_.ddr.oserdes_dq_i/D4
                                                              5.248         
i_platform/i_system_ddr/nolabel_line70/u_xilinx_ddr3_ctrl_axi32_mig/u_memc_ui_top_axi/mem_intfc0/ddr_phy_top0/u_ddr_mc_phy_wrapper/u_ddr_mc_phy/ddr_phy_4lanes_0.u_ddr_phy_4lanes/ddr_byte_lane_C.ddr_byte_lane_C/out_fifo/RDCLK
                               i_platform/i_system_ddr/nolabel_line70/u_xilinx_ddr3_ctrl_axi32_mig/u_memc_ui_top_axi/mem_intfc0/ddr_phy_top0/u_ddr_mc_phy_wrapper/u_ddr_mc_phy/ddr_phy_4lanes_0.u_ddr_phy_4lanes/ddr_byte_lane_C.ddr_byte_lane_C/ddr_byte_group_io/output_[9].oserdes_dq_.ddr.oserdes_dq_i/D1
                                                              5.248         
i_platform/i_system_ddr/nolabel_line70/u_xilinx_ddr3_ctrl_axi32_mig/u_memc_ui_top_axi/mem_intfc0/ddr_phy_top0/u_ddr_mc_phy_wrapper/u_ddr_mc_phy/ddr_phy_4lanes_0.u_ddr_phy_4lanes/ddr_byte_lane_C.ddr_byte_lane_C/out_fifo/RDCLK
                               i_platform/i_system_ddr/nolabel_line70/u_xilinx_ddr3_ctrl_axi32_mig/u_memc_ui_top_axi/mem_intfc0/ddr_phy_top0/u_ddr_mc_phy_wrapper/u_ddr_mc_phy/ddr_phy_4lanes_0.u_ddr_phy_4lanes/ddr_byte_lane_C.ddr_byte_lane_C/ddr_byte_group_io/output_[9].oserdes_dq_.ddr.oserdes_dq_i/D2
                                                              5.248         
i_platform/i_system_ddr/nolabel_line70/u_xilinx_ddr3_ctrl_axi32_mig/u_memc_ui_top_axi/mem_intfc0/ddr_phy_top0/u_ddr_mc_phy_wrapper/u_ddr_mc_phy/ddr_phy_4lanes_0.u_ddr_phy_4lanes/ddr_byte_lane_C.ddr_byte_lane_C/out_fifo/RDCLK
                               i_platform/i_system_ddr/nolabel_line70/u_xilinx_ddr3_ctrl_axi32_mig/u_memc_ui_top_axi/mem_intfc0/ddr_phy_top0/u_ddr_mc_phy_wrapper/u_ddr_mc_phy/ddr_phy_4lanes_0.u_ddr_phy_4lanes/ddr_byte_lane_C.ddr_byte_lane_C/ddr_byte_group_io/output_[9].oserdes_dq_.ddr.oserdes_dq_i/D4
                                                              5.248         
i_platform/i_system_ddr/nolabel_line70/u_xilinx_ddr3_ctrl_axi32_mig/u_memc_ui_top_axi/mem_intfc0/ddr_phy_top0/u_ddr_mc_phy_wrapper/u_ddr_mc_phy/ddr_phy_4lanes_0.u_ddr_phy_4lanes/ddr_byte_lane_C.ddr_byte_lane_C/out_fifo/RDCLK
                               i_platform/i_system_ddr/nolabel_line70/u_xilinx_ddr3_ctrl_axi32_mig/u_memc_ui_top_axi/mem_intfc0/ddr_phy_top0/u_ddr_mc_phy_wrapper/u_ddr_mc_phy/ddr_phy_4lanes_0.u_ddr_phy_4lanes/ddr_byte_lane_C.ddr_byte_lane_C/ddr_byte_group_io/output_[7].oserdes_dq_.ddr.oserdes_dq_i/D3
                                                              5.249         
i_platform/i_system_ddr/nolabel_line70/u_xilinx_ddr3_ctrl_axi32_mig/u_memc_ui_top_axi/mem_intfc0/ddr_phy_top0/u_ddr_mc_phy_wrapper/u_ddr_mc_phy/ddr_phy_4lanes_0.u_ddr_phy_4lanes/ddr_byte_lane_C.ddr_byte_lane_C/out_fifo/RDCLK
                               i_platform/i_system_ddr/nolabel_line70/u_xilinx_ddr3_ctrl_axi32_mig/u_memc_ui_top_axi/mem_intfc0/ddr_phy_top0/u_ddr_mc_phy_wrapper/u_ddr_mc_phy/ddr_phy_4lanes_0.u_ddr_phy_4lanes/ddr_byte_lane_C.ddr_byte_lane_C/ddr_byte_group_io/output_[8].oserdes_dq_.ddr.oserdes_dq_i/D3
                                                              5.249         
i_platform/i_system_ddr/nolabel_line70/u_xilinx_ddr3_ctrl_axi32_mig/u_memc_ui_top_axi/mem_intfc0/ddr_phy_top0/u_ddr_mc_phy_wrapper/u_ddr_mc_phy/ddr_phy_4lanes_0.u_ddr_phy_4lanes/ddr_byte_lane_C.ddr_byte_lane_C/out_fifo/RDCLK
                               i_platform/i_system_ddr/nolabel_line70/u_xilinx_ddr3_ctrl_axi32_mig/u_memc_ui_top_axi/mem_intfc0/ddr_phy_top0/u_ddr_mc_phy_wrapper/u_ddr_mc_phy/ddr_phy_4lanes_0.u_ddr_phy_4lanes/ddr_byte_lane_C.ddr_byte_lane_C/ddr_byte_group_io/output_[9].oserdes_dq_.ddr.oserdes_dq_i/D3
                                                              5.249         
i_platform/i_system_ddr/nolabel_line70/u_xilinx_ddr3_ctrl_axi32_mig/u_memc_ui_top_axi/mem_intfc0/ddr_phy_top0/u_ddr_mc_phy_wrapper/u_ddr_mc_phy/ddr_phy_4lanes_0.u_ddr_phy_4lanes/ddr_byte_lane_C.ddr_byte_lane_C/out_fifo/RDCLK
                               i_platform/i_system_ddr/nolabel_line70/u_xilinx_ddr3_ctrl_axi32_mig/u_memc_ui_top_axi/mem_intfc0/ddr_phy_top0/u_ddr_mc_phy_wrapper/u_ddr_mc_phy/ddr_phy_4lanes_0.u_ddr_phy_4lanes/ddr_byte_lane_C.ddr_byte_lane_C/ddr_byte_group_io/output_[1].oserdes_dq_.ddr.oserdes_dq_i/D1
                                                              5.249         
i_platform/i_system_ddr/nolabel_line70/u_xilinx_ddr3_ctrl_axi32_mig/u_memc_ui_top_axi/mem_intfc0/ddr_phy_top0/u_ddr_mc_phy_wrapper/u_ddr_mc_phy/ddr_phy_4lanes_0.u_ddr_phy_4lanes/ddr_byte_lane_C.ddr_byte_lane_C/out_fifo/RDCLK
                               i_platform/i_system_ddr/nolabel_line70/u_xilinx_ddr3_ctrl_axi32_mig/u_memc_ui_top_axi/mem_intfc0/ddr_phy_top0/u_ddr_mc_phy_wrapper/u_ddr_mc_phy/ddr_phy_4lanes_0.u_ddr_phy_4lanes/ddr_byte_lane_C.ddr_byte_lane_C/ddr_byte_group_io/output_[1].oserdes_dq_.ddr.oserdes_dq_i/D2
                                                              5.249         
i_platform/i_system_ddr/nolabel_line70/u_xilinx_ddr3_ctrl_axi32_mig/u_memc_ui_top_axi/mem_intfc0/ddr_phy_top0/u_ddr_mc_phy_wrapper/u_ddr_mc_phy/ddr_phy_4lanes_0.u_ddr_phy_4lanes/ddr_byte_lane_C.ddr_byte_lane_C/out_fifo/RDCLK
                               i_platform/i_system_ddr/nolabel_line70/u_xilinx_ddr3_ctrl_axi32_mig/u_memc_ui_top_axi/mem_intfc0/ddr_phy_top0/u_ddr_mc_phy_wrapper/u_ddr_mc_phy/ddr_phy_4lanes_0.u_ddr_phy_4lanes/ddr_byte_lane_C.ddr_byte_lane_C/ddr_byte_group_io/output_[1].oserdes_dq_.ddr.oserdes_dq_i/D4
                                                              5.249         
i_platform/i_system_ddr/nolabel_line70/u_xilinx_ddr3_ctrl_axi32_mig/u_memc_ui_top_axi/mem_intfc0/ddr_phy_top0/u_ddr_mc_phy_wrapper/u_ddr_mc_phy/ddr_phy_4lanes_0.u_ddr_phy_4lanes/ddr_byte_lane_C.ddr_byte_lane_C/out_fifo/RDCLK
                               i_platform/i_system_ddr/nolabel_line70/u_xilinx_ddr3_ctrl_axi32_mig/u_memc_ui_top_axi/mem_intfc0/ddr_phy_top0/u_ddr_mc_phy_wrapper/u_ddr_mc_phy/ddr_phy_4lanes_0.u_ddr_phy_4lanes/ddr_byte_lane_C.ddr_byte_lane_C/ddr_byte_group_io/output_[2].oserdes_dq_.ddr.oserdes_dq_i/D1
                                                              5.249         
i_platform/i_system_ddr/nolabel_line70/u_xilinx_ddr3_ctrl_axi32_mig/u_memc_ui_top_axi/mem_intfc0/ddr_phy_top0/u_ddr_mc_phy_wrapper/u_ddr_mc_phy/ddr_phy_4lanes_0.u_ddr_phy_4lanes/ddr_byte_lane_C.ddr_byte_lane_C/out_fifo/RDCLK
                               i_platform/i_system_ddr/nolabel_line70/u_xilinx_ddr3_ctrl_axi32_mig/u_memc_ui_top_axi/mem_intfc0/ddr_phy_top0/u_ddr_mc_phy_wrapper/u_ddr_mc_phy/ddr_phy_4lanes_0.u_ddr_phy_4lanes/ddr_byte_lane_C.ddr_byte_lane_C/ddr_byte_group_io/output_[2].oserdes_dq_.ddr.oserdes_dq_i/D2
                                                              5.249         
i_platform/i_system_ddr/nolabel_line70/u_xilinx_ddr3_ctrl_axi32_mig/u_memc_ui_top_axi/mem_intfc0/ddr_phy_top0/u_ddr_mc_phy_wrapper/u_ddr_mc_phy/ddr_phy_4lanes_0.u_ddr_phy_4lanes/ddr_byte_lane_C.ddr_byte_lane_C/out_fifo/RDCLK
                               i_platform/i_system_ddr/nolabel_line70/u_xilinx_ddr3_ctrl_axi32_mig/u_memc_ui_top_axi/mem_intfc0/ddr_phy_top0/u_ddr_mc_phy_wrapper/u_ddr_mc_phy/ddr_phy_4lanes_0.u_ddr_phy_4lanes/ddr_byte_lane_C.ddr_byte_lane_C/ddr_byte_group_io/output_[2].oserdes_dq_.ddr.oserdes_dq_i/D4
                                                              5.249         
i_platform/i_system_ddr/nolabel_line70/u_xilinx_ddr3_ctrl_axi32_mig/u_memc_ui_top_axi/mem_intfc0/ddr_phy_top0/u_ddr_mc_phy_wrapper/u_ddr_mc_phy/ddr_phy_4lanes_0.u_ddr_phy_4lanes/ddr_byte_lane_C.ddr_byte_lane_C/out_fifo/RDCLK
                               i_platform/i_system_ddr/nolabel_line70/u_xilinx_ddr3_ctrl_axi32_mig/u_memc_ui_top_axi/mem_intfc0/ddr_phy_top0/u_ddr_mc_phy_wrapper/u_ddr_mc_phy/ddr_phy_4lanes_0.u_ddr_phy_4lanes/ddr_byte_lane_C.ddr_byte_lane_C/ddr_byte_group_io/output_[3].oserdes_dq_.ddr.oserdes_dq_i/D1
                                                              5.249         
i_platform/i_system_ddr/nolabel_line70/u_xilinx_ddr3_ctrl_axi32_mig/u_memc_ui_top_axi/mem_intfc0/ddr_phy_top0/u_ddr_mc_phy_wrapper/u_ddr_mc_phy/ddr_phy_4lanes_0.u_ddr_phy_4lanes/ddr_byte_lane_C.ddr_byte_lane_C/out_fifo/RDCLK
                               i_platform/i_system_ddr/nolabel_line70/u_xilinx_ddr3_ctrl_axi32_mig/u_memc_ui_top_axi/mem_intfc0/ddr_phy_top0/u_ddr_mc_phy_wrapper/u_ddr_mc_phy/ddr_phy_4lanes_0.u_ddr_phy_4lanes/ddr_byte_lane_C.ddr_byte_lane_C/ddr_byte_group_io/output_[3].oserdes_dq_.ddr.oserdes_dq_i/D2
                                                              5.249         
i_platform/i_system_ddr/nolabel_line70/u_xilinx_ddr3_ctrl_axi32_mig/u_memc_ui_top_axi/mem_intfc0/ddr_phy_top0/u_ddr_mc_phy_wrapper/u_ddr_mc_phy/ddr_phy_4lanes_0.u_ddr_phy_4lanes/ddr_byte_lane_C.ddr_byte_lane_C/out_fifo/RDCLK
                               i_platform/i_system_ddr/nolabel_line70/u_xilinx_ddr3_ctrl_axi32_mig/u_memc_ui_top_axi/mem_intfc0/ddr_phy_top0/u_ddr_mc_phy_wrapper/u_ddr_mc_phy/ddr_phy_4lanes_0.u_ddr_phy_4lanes/ddr_byte_lane_C.ddr_byte_lane_C/ddr_byte_group_io/output_[3].oserdes_dq_.ddr.oserdes_dq_i/D4
                                                              5.249         
i_platform/i_system_ddr/nolabel_line70/u_xilinx_ddr3_ctrl_axi32_mig/u_memc_ui_top_axi/mem_intfc0/ddr_phy_top0/u_ddr_mc_phy_wrapper/u_ddr_mc_phy/ddr_phy_4lanes_0.u_ddr_phy_4lanes/ddr_byte_lane_A.ddr_byte_lane_A/out_fifo/RDCLK
                               i_platform/i_system_ddr/nolabel_line70/u_xilinx_ddr3_ctrl_axi32_mig/u_memc_ui_top_axi/mem_intfc0/ddr_phy_top0/u_ddr_mc_phy_wrapper/u_ddr_mc_phy/ddr_phy_4lanes_0.u_ddr_phy_4lanes/ddr_byte_lane_A.ddr_byte_lane_A/ddr_byte_group_io/output_[6].oserdes_dq_.sdr.oserdes_dq_i/D1
                                                              5.250         
i_platform/i_system_ddr/nolabel_line70/u_xilinx_ddr3_ctrl_axi32_mig/u_memc_ui_top_axi/mem_intfc0/ddr_phy_top0/u_ddr_mc_phy_wrapper/u_ddr_mc_phy/ddr_phy_4lanes_0.u_ddr_phy_4lanes/ddr_byte_lane_A.ddr_byte_lane_A/out_fifo/RDCLK
                               i_platform/i_system_ddr/nolabel_line70/u_xilinx_ddr3_ctrl_axi32_mig/u_memc_ui_top_axi/mem_intfc0/ddr_phy_top0/u_ddr_mc_phy_wrapper/u_ddr_mc_phy/ddr_phy_4lanes_0.u_ddr_phy_4lanes/ddr_byte_lane_A.ddr_byte_lane_A/ddr_byte_group_io/output_[6].oserdes_dq_.sdr.oserdes_dq_i/D2
                                                              5.250         
i_platform/i_system_ddr/nolabel_line70/u_xilinx_ddr3_ctrl_axi32_mig/u_memc_ui_top_axi/mem_intfc0/ddr_phy_top0/u_ddr_mc_phy_wrapper/u_ddr_mc_phy/ddr_phy_4lanes_0.u_ddr_phy_4lanes/ddr_byte_lane_A.ddr_byte_lane_A/out_fifo/RDCLK
                               i_platform/i_system_ddr/nolabel_line70/u_xilinx_ddr3_ctrl_axi32_mig/u_memc_ui_top_axi/mem_intfc0/ddr_phy_top0/u_ddr_mc_phy_wrapper/u_ddr_mc_phy/ddr_phy_4lanes_0.u_ddr_phy_4lanes/ddr_byte_lane_A.ddr_byte_lane_A/ddr_byte_group_io/output_[6].oserdes_dq_.sdr.oserdes_dq_i/D4
                                                              5.250         
i_platform/i_system_ddr/nolabel_line70/u_xilinx_ddr3_ctrl_axi32_mig/u_memc_ui_top_axi/mem_intfc0/ddr_phy_top0/u_ddr_mc_phy_wrapper/u_ddr_mc_phy/ddr_phy_4lanes_0.u_ddr_phy_4lanes/ddr_byte_lane_C.ddr_byte_lane_C/out_fifo/RDCLK
                               i_platform/i_system_ddr/nolabel_line70/u_xilinx_ddr3_ctrl_axi32_mig/u_memc_ui_top_axi/mem_intfc0/ddr_phy_top0/u_ddr_mc_phy_wrapper/u_ddr_mc_phy/ddr_phy_4lanes_0.u_ddr_phy_4lanes/ddr_byte_lane_C.ddr_byte_lane_C/ddr_byte_group_io/output_[1].oserdes_dq_.ddr.oserdes_dq_i/D3
                                                              5.250         
i_platform/i_system_ddr/nolabel_line70/u_xilinx_ddr3_ctrl_axi32_mig/u_memc_ui_top_axi/mem_intfc0/ddr_phy_top0/u_ddr_mc_phy_wrapper/u_ddr_mc_phy/ddr_phy_4lanes_0.u_ddr_phy_4lanes/ddr_byte_lane_C.ddr_byte_lane_C/out_fifo/RDCLK
                               i_platform/i_system_ddr/nolabel_line70/u_xilinx_ddr3_ctrl_axi32_mig/u_memc_ui_top_axi/mem_intfc0/ddr_phy_top0/u_ddr_mc_phy_wrapper/u_ddr_mc_phy/ddr_phy_4lanes_0.u_ddr_phy_4lanes/ddr_byte_lane_C.ddr_byte_lane_C/ddr_byte_group_io/output_[2].oserdes_dq_.ddr.oserdes_dq_i/D3
                                                              5.250         
i_platform/i_system_ddr/nolabel_line70/u_xilinx_ddr3_ctrl_axi32_mig/u_memc_ui_top_axi/mem_intfc0/ddr_phy_top0/u_ddr_mc_phy_wrapper/u_ddr_mc_phy/ddr_phy_4lanes_0.u_ddr_phy_4lanes/ddr_byte_lane_C.ddr_byte_lane_C/out_fifo/RDCLK
                               i_platform/i_system_ddr/nolabel_line70/u_xilinx_ddr3_ctrl_axi32_mig/u_memc_ui_top_axi/mem_intfc0/ddr_phy_top0/u_ddr_mc_phy_wrapper/u_ddr_mc_phy/ddr_phy_4lanes_0.u_ddr_phy_4lanes/ddr_byte_lane_C.ddr_byte_lane_C/ddr_byte_group_io/output_[3].oserdes_dq_.ddr.oserdes_dq_i/D3
                                                              5.250         
i_platform/i_system_ddr/nolabel_line70/u_xilinx_ddr3_ctrl_axi32_mig/u_memc_ui_top_axi/mem_intfc0/ddr_phy_top0/u_ddr_mc_phy_wrapper/u_ddr_mc_phy/ddr_phy_4lanes_0.u_ddr_phy_4lanes/ddr_byte_lane_A.ddr_byte_lane_A/out_fifo/RDCLK
                               i_platform/i_system_ddr/nolabel_line70/u_xilinx_ddr3_ctrl_axi32_mig/u_memc_ui_top_axi/mem_intfc0/ddr_phy_top0/u_ddr_mc_phy_wrapper/u_ddr_mc_phy/ddr_phy_4lanes_0.u_ddr_phy_4lanes/ddr_byte_lane_A.ddr_byte_lane_A/ddr_byte_group_io/output_[6].oserdes_dq_.sdr.oserdes_dq_i/D3
                                                              5.251         
i_platform/i_system_ddr/nolabel_line70/u_xilinx_ddr3_ctrl_axi32_mig/u_memc_ui_top_axi/mem_intfc0/ddr_phy_top0/u_ddr_mc_phy_wrapper/u_ddr_mc_phy/ddr_phy_4lanes_0.u_ddr_phy_4lanes/ddr_byte_lane_A.ddr_byte_lane_A/out_fifo/RDCLK
                               i_platform/i_system_ddr/nolabel_line70/u_xilinx_ddr3_ctrl_axi32_mig/u_memc_ui_top_axi/mem_intfc0/ddr_phy_top0/u_ddr_mc_phy_wrapper/u_ddr_mc_phy/ddr_phy_4lanes_0.u_ddr_phy_4lanes/ddr_byte_lane_A.ddr_byte_lane_A/ddr_byte_group_io/output_[4].oserdes_dq_.sdr.oserdes_dq_i/D1
                                                              5.252         
i_platform/i_system_ddr/nolabel_line70/u_xilinx_ddr3_ctrl_axi32_mig/u_memc_ui_top_axi/mem_intfc0/ddr_phy_top0/u_ddr_mc_phy_wrapper/u_ddr_mc_phy/ddr_phy_4lanes_0.u_ddr_phy_4lanes/ddr_byte_lane_A.ddr_byte_lane_A/out_fifo/RDCLK
                               i_platform/i_system_ddr/nolabel_line70/u_xilinx_ddr3_ctrl_axi32_mig/u_memc_ui_top_axi/mem_intfc0/ddr_phy_top0/u_ddr_mc_phy_wrapper/u_ddr_mc_phy/ddr_phy_4lanes_0.u_ddr_phy_4lanes/ddr_byte_lane_A.ddr_byte_lane_A/ddr_byte_group_io/output_[4].oserdes_dq_.sdr.oserdes_dq_i/D2
                                                              5.252         
i_platform/i_system_ddr/nolabel_line70/u_xilinx_ddr3_ctrl_axi32_mig/u_memc_ui_top_axi/mem_intfc0/ddr_phy_top0/u_ddr_mc_phy_wrapper/u_ddr_mc_phy/ddr_phy_4lanes_0.u_ddr_phy_4lanes/ddr_byte_lane_A.ddr_byte_lane_A/out_fifo/RDCLK
                               i_platform/i_system_ddr/nolabel_line70/u_xilinx_ddr3_ctrl_axi32_mig/u_memc_ui_top_axi/mem_intfc0/ddr_phy_top0/u_ddr_mc_phy_wrapper/u_ddr_mc_phy/ddr_phy_4lanes_0.u_ddr_phy_4lanes/ddr_byte_lane_A.ddr_byte_lane_A/ddr_byte_group_io/output_[4].oserdes_dq_.sdr.oserdes_dq_i/D4
                                                              5.252         
i_platform/i_system_ddr/nolabel_line70/u_xilinx_ddr3_ctrl_axi32_mig/u_memc_ui_top_axi/mem_intfc0/ddr_phy_top0/u_ddr_mc_phy_wrapper/u_ddr_mc_phy/ddr_phy_4lanes_0.u_ddr_phy_4lanes/ddr_byte_lane_A.ddr_byte_lane_A/out_fifo/RDCLK
                               i_platform/i_system_ddr/nolabel_line70/u_xilinx_ddr3_ctrl_axi32_mig/u_memc_ui_top_axi/mem_intfc0/ddr_phy_top0/u_ddr_mc_phy_wrapper/u_ddr_mc_phy/ddr_phy_4lanes_0.u_ddr_phy_4lanes/ddr_byte_lane_A.ddr_byte_lane_A/ddr_byte_group_io/output_[5].oserdes_dq_.sdr.oserdes_dq_i/D1
                                                              5.252         
i_platform/i_system_ddr/nolabel_line70/u_xilinx_ddr3_ctrl_axi32_mig/u_memc_ui_top_axi/mem_intfc0/ddr_phy_top0/u_ddr_mc_phy_wrapper/u_ddr_mc_phy/ddr_phy_4lanes_0.u_ddr_phy_4lanes/ddr_byte_lane_A.ddr_byte_lane_A/out_fifo/RDCLK
                               i_platform/i_system_ddr/nolabel_line70/u_xilinx_ddr3_ctrl_axi32_mig/u_memc_ui_top_axi/mem_intfc0/ddr_phy_top0/u_ddr_mc_phy_wrapper/u_ddr_mc_phy/ddr_phy_4lanes_0.u_ddr_phy_4lanes/ddr_byte_lane_A.ddr_byte_lane_A/ddr_byte_group_io/output_[5].oserdes_dq_.sdr.oserdes_dq_i/D2
                                                              5.252         
i_platform/i_system_ddr/nolabel_line70/u_xilinx_ddr3_ctrl_axi32_mig/u_memc_ui_top_axi/mem_intfc0/ddr_phy_top0/u_ddr_mc_phy_wrapper/u_ddr_mc_phy/ddr_phy_4lanes_0.u_ddr_phy_4lanes/ddr_byte_lane_A.ddr_byte_lane_A/out_fifo/RDCLK
                               i_platform/i_system_ddr/nolabel_line70/u_xilinx_ddr3_ctrl_axi32_mig/u_memc_ui_top_axi/mem_intfc0/ddr_phy_top0/u_ddr_mc_phy_wrapper/u_ddr_mc_phy/ddr_phy_4lanes_0.u_ddr_phy_4lanes/ddr_byte_lane_A.ddr_byte_lane_A/ddr_byte_group_io/output_[5].oserdes_dq_.sdr.oserdes_dq_i/D4
                                                              5.252         
i_platform/i_system_ddr/nolabel_line70/u_xilinx_ddr3_ctrl_axi32_mig/u_memc_ui_top_axi/mem_intfc0/ddr_phy_top0/u_ddr_mc_phy_wrapper/u_ddr_mc_phy/ddr_phy_4lanes_0.u_ddr_phy_4lanes/ddr_byte_lane_A.ddr_byte_lane_A/out_fifo/RDCLK
                               i_platform/i_system_ddr/nolabel_line70/u_xilinx_ddr3_ctrl_axi32_mig/u_memc_ui_top_axi/mem_intfc0/ddr_phy_top0/u_ddr_mc_phy_wrapper/u_ddr_mc_phy/ddr_phy_4lanes_0.u_ddr_phy_4lanes/ddr_byte_lane_A.ddr_byte_lane_A/ddr_byte_group_io/output_[4].oserdes_dq_.sdr.oserdes_dq_i/D3
                                                              5.253         
i_platform/i_system_ddr/nolabel_line70/u_xilinx_ddr3_ctrl_axi32_mig/u_memc_ui_top_axi/mem_intfc0/ddr_phy_top0/u_ddr_mc_phy_wrapper/u_ddr_mc_phy/ddr_phy_4lanes_0.u_ddr_phy_4lanes/ddr_byte_lane_A.ddr_byte_lane_A/out_fifo/RDCLK
                               i_platform/i_system_ddr/nolabel_line70/u_xilinx_ddr3_ctrl_axi32_mig/u_memc_ui_top_axi/mem_intfc0/ddr_phy_top0/u_ddr_mc_phy_wrapper/u_ddr_mc_phy/ddr_phy_4lanes_0.u_ddr_phy_4lanes/ddr_byte_lane_A.ddr_byte_lane_A/ddr_byte_group_io/output_[5].oserdes_dq_.sdr.oserdes_dq_i/D3
                                                              5.253         
i_platform/i_system_ddr/nolabel_line70/u_xilinx_ddr3_ctrl_axi32_mig/u_memc_ui_top_axi/mem_intfc0/ddr_phy_top0/u_ddr_mc_phy_wrapper/u_ddr_mc_phy/ddr_phy_4lanes_0.u_ddr_phy_4lanes/ddr_byte_lane_A.ddr_byte_lane_A/out_fifo/RDCLK
                               i_platform/i_system_ddr/nolabel_line70/u_xilinx_ddr3_ctrl_axi32_mig/u_memc_ui_top_axi/mem_intfc0/ddr_phy_top0/u_ddr_mc_phy_wrapper/u_ddr_mc_phy/ddr_phy_4lanes_0.u_ddr_phy_4lanes/ddr_byte_lane_A.ddr_byte_lane_A/ddr_byte_group_io/output_[7].oserdes_dq_.sdr.oserdes_dq_i/D1
                                                              5.253         
i_platform/i_system_ddr/nolabel_line70/u_xilinx_ddr3_ctrl_axi32_mig/u_memc_ui_top_axi/mem_intfc0/ddr_phy_top0/u_ddr_mc_phy_wrapper/u_ddr_mc_phy/ddr_phy_4lanes_0.u_ddr_phy_4lanes/ddr_byte_lane_A.ddr_byte_lane_A/out_fifo/RDCLK
                               i_platform/i_system_ddr/nolabel_line70/u_xilinx_ddr3_ctrl_axi32_mig/u_memc_ui_top_axi/mem_intfc0/ddr_phy_top0/u_ddr_mc_phy_wrapper/u_ddr_mc_phy/ddr_phy_4lanes_0.u_ddr_phy_4lanes/ddr_byte_lane_A.ddr_byte_lane_A/ddr_byte_group_io/output_[7].oserdes_dq_.sdr.oserdes_dq_i/D2
                                                              5.253         
i_platform/i_system_ddr/nolabel_line70/u_xilinx_ddr3_ctrl_axi32_mig/u_memc_ui_top_axi/mem_intfc0/ddr_phy_top0/u_ddr_mc_phy_wrapper/u_ddr_mc_phy/ddr_phy_4lanes_0.u_ddr_phy_4lanes/ddr_byte_lane_A.ddr_byte_lane_A/out_fifo/RDCLK
                               i_platform/i_system_ddr/nolabel_line70/u_xilinx_ddr3_ctrl_axi32_mig/u_memc_ui_top_axi/mem_intfc0/ddr_phy_top0/u_ddr_mc_phy_wrapper/u_ddr_mc_phy/ddr_phy_4lanes_0.u_ddr_phy_4lanes/ddr_byte_lane_A.ddr_byte_lane_A/ddr_byte_group_io/output_[7].oserdes_dq_.sdr.oserdes_dq_i/D4
                                                              5.253         
i_platform/i_system_ddr/nolabel_line70/u_xilinx_ddr3_ctrl_axi32_mig/u_memc_ui_top_axi/mem_intfc0/ddr_phy_top0/u_ddr_mc_phy_wrapper/u_ddr_mc_phy/ddr_phy_4lanes_0.u_ddr_phy_4lanes/ddr_byte_lane_A.ddr_byte_lane_A/out_fifo/RDCLK
                               i_platform/i_system_ddr/nolabel_line70/u_xilinx_ddr3_ctrl_axi32_mig/u_memc_ui_top_axi/mem_intfc0/ddr_phy_top0/u_ddr_mc_phy_wrapper/u_ddr_mc_phy/ddr_phy_4lanes_0.u_ddr_phy_4lanes/ddr_byte_lane_A.ddr_byte_lane_A/ddr_byte_group_io/output_[8].oserdes_dq_.sdr.oserdes_dq_i/D1
                                                              5.253         
i_platform/i_system_ddr/nolabel_line70/u_xilinx_ddr3_ctrl_axi32_mig/u_memc_ui_top_axi/mem_intfc0/ddr_phy_top0/u_ddr_mc_phy_wrapper/u_ddr_mc_phy/ddr_phy_4lanes_0.u_ddr_phy_4lanes/ddr_byte_lane_A.ddr_byte_lane_A/out_fifo/RDCLK
                               i_platform/i_system_ddr/nolabel_line70/u_xilinx_ddr3_ctrl_axi32_mig/u_memc_ui_top_axi/mem_intfc0/ddr_phy_top0/u_ddr_mc_phy_wrapper/u_ddr_mc_phy/ddr_phy_4lanes_0.u_ddr_phy_4lanes/ddr_byte_lane_A.ddr_byte_lane_A/ddr_byte_group_io/output_[8].oserdes_dq_.sdr.oserdes_dq_i/D2
                                                              5.253         
i_platform/i_system_ddr/nolabel_line70/u_xilinx_ddr3_ctrl_axi32_mig/u_memc_ui_top_axi/mem_intfc0/ddr_phy_top0/u_ddr_mc_phy_wrapper/u_ddr_mc_phy/ddr_phy_4lanes_0.u_ddr_phy_4lanes/ddr_byte_lane_A.ddr_byte_lane_A/out_fifo/RDCLK
                               i_platform/i_system_ddr/nolabel_line70/u_xilinx_ddr3_ctrl_axi32_mig/u_memc_ui_top_axi/mem_intfc0/ddr_phy_top0/u_ddr_mc_phy_wrapper/u_ddr_mc_phy/ddr_phy_4lanes_0.u_ddr_phy_4lanes/ddr_byte_lane_A.ddr_byte_lane_A/ddr_byte_group_io/output_[8].oserdes_dq_.sdr.oserdes_dq_i/D4
                                                              5.253         
i_platform/i_system_ddr/nolabel_line70/u_xilinx_ddr3_ctrl_axi32_mig/u_memc_ui_top_axi/mem_intfc0/ddr_phy_top0/u_ddr_mc_phy_wrapper/u_ddr_mc_phy/ddr_phy_4lanes_0.u_ddr_phy_4lanes/ddr_byte_lane_A.ddr_byte_lane_A/out_fifo/RDCLK
                               i_platform/i_system_ddr/nolabel_line70/u_xilinx_ddr3_ctrl_axi32_mig/u_memc_ui_top_axi/mem_intfc0/ddr_phy_top0/u_ddr_mc_phy_wrapper/u_ddr_mc_phy/ddr_phy_4lanes_0.u_ddr_phy_4lanes/ddr_byte_lane_A.ddr_byte_lane_A/ddr_byte_group_io/output_[9].oserdes_dq_.sdr.oserdes_dq_i/D1
                                                              5.253         
i_platform/i_system_ddr/nolabel_line70/u_xilinx_ddr3_ctrl_axi32_mig/u_memc_ui_top_axi/mem_intfc0/ddr_phy_top0/u_ddr_mc_phy_wrapper/u_ddr_mc_phy/ddr_phy_4lanes_0.u_ddr_phy_4lanes/ddr_byte_lane_A.ddr_byte_lane_A/out_fifo/RDCLK
                               i_platform/i_system_ddr/nolabel_line70/u_xilinx_ddr3_ctrl_axi32_mig/u_memc_ui_top_axi/mem_intfc0/ddr_phy_top0/u_ddr_mc_phy_wrapper/u_ddr_mc_phy/ddr_phy_4lanes_0.u_ddr_phy_4lanes/ddr_byte_lane_A.ddr_byte_lane_A/ddr_byte_group_io/output_[9].oserdes_dq_.sdr.oserdes_dq_i/D2
                                                              5.253         
i_platform/i_system_ddr/nolabel_line70/u_xilinx_ddr3_ctrl_axi32_mig/u_memc_ui_top_axi/mem_intfc0/ddr_phy_top0/u_ddr_mc_phy_wrapper/u_ddr_mc_phy/ddr_phy_4lanes_0.u_ddr_phy_4lanes/ddr_byte_lane_A.ddr_byte_lane_A/out_fifo/RDCLK
                               i_platform/i_system_ddr/nolabel_line70/u_xilinx_ddr3_ctrl_axi32_mig/u_memc_ui_top_axi/mem_intfc0/ddr_phy_top0/u_ddr_mc_phy_wrapper/u_ddr_mc_phy/ddr_phy_4lanes_0.u_ddr_phy_4lanes/ddr_byte_lane_A.ddr_byte_lane_A/ddr_byte_group_io/output_[9].oserdes_dq_.sdr.oserdes_dq_i/D4
                                                              5.253         
i_platform/i_system_ddr/nolabel_line70/u_xilinx_ddr3_ctrl_axi32_mig/u_memc_ui_top_axi/mem_intfc0/ddr_phy_top0/u_ddr_mc_phy_wrapper/u_ddr_mc_phy/ddr_phy_4lanes_0.u_ddr_phy_4lanes/ddr_byte_lane_A.ddr_byte_lane_A/out_fifo/RDCLK
                               i_platform/i_system_ddr/nolabel_line70/u_xilinx_ddr3_ctrl_axi32_mig/u_memc_ui_top_axi/mem_intfc0/ddr_phy_top0/u_ddr_mc_phy_wrapper/u_ddr_mc_phy/ddr_phy_4lanes_0.u_ddr_phy_4lanes/ddr_byte_lane_A.ddr_byte_lane_A/ddr_byte_group_io/output_[7].oserdes_dq_.sdr.oserdes_dq_i/D3
                                                              5.254         
i_platform/i_system_ddr/nolabel_line70/u_xilinx_ddr3_ctrl_axi32_mig/u_memc_ui_top_axi/mem_intfc0/ddr_phy_top0/u_ddr_mc_phy_wrapper/u_ddr_mc_phy/ddr_phy_4lanes_0.u_ddr_phy_4lanes/ddr_byte_lane_A.ddr_byte_lane_A/out_fifo/RDCLK
                               i_platform/i_system_ddr/nolabel_line70/u_xilinx_ddr3_ctrl_axi32_mig/u_memc_ui_top_axi/mem_intfc0/ddr_phy_top0/u_ddr_mc_phy_wrapper/u_ddr_mc_phy/ddr_phy_4lanes_0.u_ddr_phy_4lanes/ddr_byte_lane_A.ddr_byte_lane_A/ddr_byte_group_io/output_[8].oserdes_dq_.sdr.oserdes_dq_i/D3
                                                              5.254         
i_platform/i_system_ddr/nolabel_line70/u_xilinx_ddr3_ctrl_axi32_mig/u_memc_ui_top_axi/mem_intfc0/ddr_phy_top0/u_ddr_mc_phy_wrapper/u_ddr_mc_phy/ddr_phy_4lanes_0.u_ddr_phy_4lanes/ddr_byte_lane_A.ddr_byte_lane_A/out_fifo/RDCLK
                               i_platform/i_system_ddr/nolabel_line70/u_xilinx_ddr3_ctrl_axi32_mig/u_memc_ui_top_axi/mem_intfc0/ddr_phy_top0/u_ddr_mc_phy_wrapper/u_ddr_mc_phy/ddr_phy_4lanes_0.u_ddr_phy_4lanes/ddr_byte_lane_A.ddr_byte_lane_A/ddr_byte_group_io/output_[9].oserdes_dq_.sdr.oserdes_dq_i/D3
                                                              5.254         
i_platform/i_system_ddr/nolabel_line70/u_xilinx_ddr3_ctrl_axi32_mig/u_memc_ui_top_axi/mem_intfc0/ddr_phy_top0/u_ddr_mc_phy_wrapper/u_ddr_mc_phy/ddr_phy_4lanes_0.u_ddr_phy_4lanes/ddr_byte_lane_A.ddr_byte_lane_A/out_fifo/RDCLK
                               i_platform/i_system_ddr/nolabel_line70/u_xilinx_ddr3_ctrl_axi32_mig/u_memc_ui_top_axi/mem_intfc0/ddr_phy_top0/u_ddr_mc_phy_wrapper/u_ddr_mc_phy/ddr_phy_4lanes_0.u_ddr_phy_4lanes/ddr_byte_lane_A.ddr_byte_lane_A/ddr_byte_group_io/output_[0].oserdes_dq_.sdr.oserdes_dq_i/D1
                                                              5.254         
i_platform/i_system_ddr/nolabel_line70/u_xilinx_ddr3_ctrl_axi32_mig/u_memc_ui_top_axi/mem_intfc0/ddr_phy_top0/u_ddr_mc_phy_wrapper/u_ddr_mc_phy/ddr_phy_4lanes_0.u_ddr_phy_4lanes/ddr_byte_lane_A.ddr_byte_lane_A/out_fifo/RDCLK
                               i_platform/i_system_ddr/nolabel_line70/u_xilinx_ddr3_ctrl_axi32_mig/u_memc_ui_top_axi/mem_intfc0/ddr_phy_top0/u_ddr_mc_phy_wrapper/u_ddr_mc_phy/ddr_phy_4lanes_0.u_ddr_phy_4lanes/ddr_byte_lane_A.ddr_byte_lane_A/ddr_byte_group_io/output_[0].oserdes_dq_.sdr.oserdes_dq_i/D2
                                                              5.254         
i_platform/i_system_ddr/nolabel_line70/u_xilinx_ddr3_ctrl_axi32_mig/u_memc_ui_top_axi/mem_intfc0/ddr_phy_top0/u_ddr_mc_phy_wrapper/u_ddr_mc_phy/ddr_phy_4lanes_0.u_ddr_phy_4lanes/ddr_byte_lane_A.ddr_byte_lane_A/out_fifo/RDCLK
                               i_platform/i_system_ddr/nolabel_line70/u_xilinx_ddr3_ctrl_axi32_mig/u_memc_ui_top_axi/mem_intfc0/ddr_phy_top0/u_ddr_mc_phy_wrapper/u_ddr_mc_phy/ddr_phy_4lanes_0.u_ddr_phy_4lanes/ddr_byte_lane_A.ddr_byte_lane_A/ddr_byte_group_io/output_[0].oserdes_dq_.sdr.oserdes_dq_i/D4
                                                              5.254         
i_platform/i_system_ddr/nolabel_line70/u_xilinx_ddr3_ctrl_axi32_mig/u_memc_ui_top_axi/mem_intfc0/ddr_phy_top0/u_ddr_mc_phy_wrapper/u_ddr_mc_phy/ddr_phy_4lanes_0.u_ddr_phy_4lanes/ddr_byte_lane_A.ddr_byte_lane_A/out_fifo/RDCLK
                               i_platform/i_system_ddr/nolabel_line70/u_xilinx_ddr3_ctrl_axi32_mig/u_memc_ui_top_axi/mem_intfc0/ddr_phy_top0/u_ddr_mc_phy_wrapper/u_ddr_mc_phy/ddr_phy_4lanes_0.u_ddr_phy_4lanes/ddr_byte_lane_A.ddr_byte_lane_A/ddr_byte_group_io/output_[1].oserdes_dq_.sdr.oserdes_dq_i/D1
                                                              5.254         
i_platform/i_system_ddr/nolabel_line70/u_xilinx_ddr3_ctrl_axi32_mig/u_memc_ui_top_axi/mem_intfc0/ddr_phy_top0/u_ddr_mc_phy_wrapper/u_ddr_mc_phy/ddr_phy_4lanes_0.u_ddr_phy_4lanes/ddr_byte_lane_A.ddr_byte_lane_A/out_fifo/RDCLK
                               i_platform/i_system_ddr/nolabel_line70/u_xilinx_ddr3_ctrl_axi32_mig/u_memc_ui_top_axi/mem_intfc0/ddr_phy_top0/u_ddr_mc_phy_wrapper/u_ddr_mc_phy/ddr_phy_4lanes_0.u_ddr_phy_4lanes/ddr_byte_lane_A.ddr_byte_lane_A/ddr_byte_group_io/output_[1].oserdes_dq_.sdr.oserdes_dq_i/D2
                                                              5.254         
i_platform/i_system_ddr/nolabel_line70/u_xilinx_ddr3_ctrl_axi32_mig/u_memc_ui_top_axi/mem_intfc0/ddr_phy_top0/u_ddr_mc_phy_wrapper/u_ddr_mc_phy/ddr_phy_4lanes_0.u_ddr_phy_4lanes/ddr_byte_lane_A.ddr_byte_lane_A/out_fifo/RDCLK
                               i_platform/i_system_ddr/nolabel_line70/u_xilinx_ddr3_ctrl_axi32_mig/u_memc_ui_top_axi/mem_intfc0/ddr_phy_top0/u_ddr_mc_phy_wrapper/u_ddr_mc_phy/ddr_phy_4lanes_0.u_ddr_phy_4lanes/ddr_byte_lane_A.ddr_byte_lane_A/ddr_byte_group_io/output_[1].oserdes_dq_.sdr.oserdes_dq_i/D4
                                                              5.254         
i_platform/i_system_ddr/nolabel_line70/u_xilinx_ddr3_ctrl_axi32_mig/u_memc_ui_top_axi/mem_intfc0/ddr_phy_top0/u_ddr_mc_phy_wrapper/u_ddr_mc_phy/ddr_phy_4lanes_0.u_ddr_phy_4lanes/ddr_byte_lane_A.ddr_byte_lane_A/out_fifo/RDCLK
                               i_platform/i_system_ddr/nolabel_line70/u_xilinx_ddr3_ctrl_axi32_mig/u_memc_ui_top_axi/mem_intfc0/ddr_phy_top0/u_ddr_mc_phy_wrapper/u_ddr_mc_phy/ddr_phy_4lanes_0.u_ddr_phy_4lanes/ddr_byte_lane_A.ddr_byte_lane_A/ddr_byte_group_io/output_[2].oserdes_dq_.sdr.oserdes_dq_i/D1
                                                              5.254         
i_platform/i_system_ddr/nolabel_line70/u_xilinx_ddr3_ctrl_axi32_mig/u_memc_ui_top_axi/mem_intfc0/ddr_phy_top0/u_ddr_mc_phy_wrapper/u_ddr_mc_phy/ddr_phy_4lanes_0.u_ddr_phy_4lanes/ddr_byte_lane_A.ddr_byte_lane_A/out_fifo/RDCLK
                               i_platform/i_system_ddr/nolabel_line70/u_xilinx_ddr3_ctrl_axi32_mig/u_memc_ui_top_axi/mem_intfc0/ddr_phy_top0/u_ddr_mc_phy_wrapper/u_ddr_mc_phy/ddr_phy_4lanes_0.u_ddr_phy_4lanes/ddr_byte_lane_A.ddr_byte_lane_A/ddr_byte_group_io/output_[2].oserdes_dq_.sdr.oserdes_dq_i/D2
                                                              5.254         
i_platform/i_system_ddr/nolabel_line70/u_xilinx_ddr3_ctrl_axi32_mig/u_memc_ui_top_axi/mem_intfc0/ddr_phy_top0/u_ddr_mc_phy_wrapper/u_ddr_mc_phy/ddr_phy_4lanes_0.u_ddr_phy_4lanes/ddr_byte_lane_A.ddr_byte_lane_A/out_fifo/RDCLK
                               i_platform/i_system_ddr/nolabel_line70/u_xilinx_ddr3_ctrl_axi32_mig/u_memc_ui_top_axi/mem_intfc0/ddr_phy_top0/u_ddr_mc_phy_wrapper/u_ddr_mc_phy/ddr_phy_4lanes_0.u_ddr_phy_4lanes/ddr_byte_lane_A.ddr_byte_lane_A/ddr_byte_group_io/output_[2].oserdes_dq_.sdr.oserdes_dq_i/D4
                                                              5.254         
i_platform/i_system_ddr/nolabel_line70/u_xilinx_ddr3_ctrl_axi32_mig/u_memc_ui_top_axi/mem_intfc0/ddr_phy_top0/u_ddr_mc_phy_wrapper/u_ddr_mc_phy/ddr_phy_4lanes_0.u_ddr_phy_4lanes/ddr_byte_lane_A.ddr_byte_lane_A/out_fifo/RDCLK
                               i_platform/i_system_ddr/nolabel_line70/u_xilinx_ddr3_ctrl_axi32_mig/u_memc_ui_top_axi/mem_intfc0/ddr_phy_top0/u_ddr_mc_phy_wrapper/u_ddr_mc_phy/ddr_phy_4lanes_0.u_ddr_phy_4lanes/ddr_byte_lane_A.ddr_byte_lane_A/ddr_byte_group_io/output_[3].oserdes_dq_.sdr.oserdes_dq_i/D1
                                                              5.254         
i_platform/i_system_ddr/nolabel_line70/u_xilinx_ddr3_ctrl_axi32_mig/u_memc_ui_top_axi/mem_intfc0/ddr_phy_top0/u_ddr_mc_phy_wrapper/u_ddr_mc_phy/ddr_phy_4lanes_0.u_ddr_phy_4lanes/ddr_byte_lane_A.ddr_byte_lane_A/out_fifo/RDCLK
                               i_platform/i_system_ddr/nolabel_line70/u_xilinx_ddr3_ctrl_axi32_mig/u_memc_ui_top_axi/mem_intfc0/ddr_phy_top0/u_ddr_mc_phy_wrapper/u_ddr_mc_phy/ddr_phy_4lanes_0.u_ddr_phy_4lanes/ddr_byte_lane_A.ddr_byte_lane_A/ddr_byte_group_io/output_[3].oserdes_dq_.sdr.oserdes_dq_i/D2
                                                              5.254         
i_platform/i_system_ddr/nolabel_line70/u_xilinx_ddr3_ctrl_axi32_mig/u_memc_ui_top_axi/mem_intfc0/ddr_phy_top0/u_ddr_mc_phy_wrapper/u_ddr_mc_phy/ddr_phy_4lanes_0.u_ddr_phy_4lanes/ddr_byte_lane_A.ddr_byte_lane_A/out_fifo/RDCLK
                               i_platform/i_system_ddr/nolabel_line70/u_xilinx_ddr3_ctrl_axi32_mig/u_memc_ui_top_axi/mem_intfc0/ddr_phy_top0/u_ddr_mc_phy_wrapper/u_ddr_mc_phy/ddr_phy_4lanes_0.u_ddr_phy_4lanes/ddr_byte_lane_A.ddr_byte_lane_A/ddr_byte_group_io/output_[3].oserdes_dq_.sdr.oserdes_dq_i/D4
                                                              5.254         
i_platform/i_system_ddr/nolabel_line70/u_xilinx_ddr3_ctrl_axi32_mig/u_memc_ui_top_axi/mem_intfc0/ddr_phy_top0/u_ddr_mc_phy_wrapper/u_ddr_mc_phy/ddr_phy_4lanes_0.u_ddr_phy_4lanes/ddr_byte_lane_A.ddr_byte_lane_A/out_fifo/RDCLK
                               i_platform/i_system_ddr/nolabel_line70/u_xilinx_ddr3_ctrl_axi32_mig/u_memc_ui_top_axi/mem_intfc0/ddr_phy_top0/u_ddr_mc_phy_wrapper/u_ddr_mc_phy/ddr_phy_4lanes_0.u_ddr_phy_4lanes/ddr_byte_lane_A.ddr_byte_lane_A/ddr_byte_group_io/output_[0].oserdes_dq_.sdr.oserdes_dq_i/D3
                                                              5.255         
i_platform/i_system_ddr/nolabel_line70/u_xilinx_ddr3_ctrl_axi32_mig/u_memc_ui_top_axi/mem_intfc0/ddr_phy_top0/u_ddr_mc_phy_wrapper/u_ddr_mc_phy/ddr_phy_4lanes_0.u_ddr_phy_4lanes/ddr_byte_lane_A.ddr_byte_lane_A/out_fifo/RDCLK
                               i_platform/i_system_ddr/nolabel_line70/u_xilinx_ddr3_ctrl_axi32_mig/u_memc_ui_top_axi/mem_intfc0/ddr_phy_top0/u_ddr_mc_phy_wrapper/u_ddr_mc_phy/ddr_phy_4lanes_0.u_ddr_phy_4lanes/ddr_byte_lane_A.ddr_byte_lane_A/ddr_byte_group_io/output_[1].oserdes_dq_.sdr.oserdes_dq_i/D3
                                                              5.255         
i_platform/i_system_ddr/nolabel_line70/u_xilinx_ddr3_ctrl_axi32_mig/u_memc_ui_top_axi/mem_intfc0/ddr_phy_top0/u_ddr_mc_phy_wrapper/u_ddr_mc_phy/ddr_phy_4lanes_0.u_ddr_phy_4lanes/ddr_byte_lane_A.ddr_byte_lane_A/out_fifo/RDCLK
                               i_platform/i_system_ddr/nolabel_line70/u_xilinx_ddr3_ctrl_axi32_mig/u_memc_ui_top_axi/mem_intfc0/ddr_phy_top0/u_ddr_mc_phy_wrapper/u_ddr_mc_phy/ddr_phy_4lanes_0.u_ddr_phy_4lanes/ddr_byte_lane_A.ddr_byte_lane_A/ddr_byte_group_io/output_[2].oserdes_dq_.sdr.oserdes_dq_i/D3
                                                              5.255         
i_platform/i_system_ddr/nolabel_line70/u_xilinx_ddr3_ctrl_axi32_mig/u_memc_ui_top_axi/mem_intfc0/ddr_phy_top0/u_ddr_mc_phy_wrapper/u_ddr_mc_phy/ddr_phy_4lanes_0.u_ddr_phy_4lanes/ddr_byte_lane_A.ddr_byte_lane_A/out_fifo/RDCLK
                               i_platform/i_system_ddr/nolabel_line70/u_xilinx_ddr3_ctrl_axi32_mig/u_memc_ui_top_axi/mem_intfc0/ddr_phy_top0/u_ddr_mc_phy_wrapper/u_ddr_mc_phy/ddr_phy_4lanes_0.u_ddr_phy_4lanes/ddr_byte_lane_A.ddr_byte_lane_A/ddr_byte_group_io/output_[3].oserdes_dq_.sdr.oserdes_dq_i/D3
                                                              5.255         
i_platform/i_system_ddr/nolabel_line70/u_xilinx_ddr3_ctrl_axi32_mig/u_memc_ui_top_axi/mem_intfc0/ddr_phy_top0/u_ddr_mc_phy_wrapper/u_ddr_mc_phy/ddr_phy_4lanes_0.u_ddr_phy_4lanes/ddr_byte_lane_D.ddr_byte_lane_D/out_fifo/RDCLK
                               i_platform/i_system_ddr/nolabel_line70/u_xilinx_ddr3_ctrl_axi32_mig/u_memc_ui_top_axi/mem_intfc0/ddr_phy_top0/u_ddr_mc_phy_wrapper/u_ddr_mc_phy/ddr_phy_4lanes_0.u_ddr_phy_4lanes/ddr_byte_lane_D.ddr_byte_lane_D/ddr_byte_group_io/output_[6].oserdes_dq_.ddr.oserdes_dq_i/D1
                                                              5.261         
i_platform/i_system_ddr/nolabel_line70/u_xilinx_ddr3_ctrl_axi32_mig/u_memc_ui_top_axi/mem_intfc0/ddr_phy_top0/u_ddr_mc_phy_wrapper/u_ddr_mc_phy/ddr_phy_4lanes_0.u_ddr_phy_4lanes/ddr_byte_lane_D.ddr_byte_lane_D/out_fifo/RDCLK
                               i_platform/i_system_ddr/nolabel_line70/u_xilinx_ddr3_ctrl_axi32_mig/u_memc_ui_top_axi/mem_intfc0/ddr_phy_top0/u_ddr_mc_phy_wrapper/u_ddr_mc_phy/ddr_phy_4lanes_0.u_ddr_phy_4lanes/ddr_byte_lane_D.ddr_byte_lane_D/ddr_byte_group_io/output_[6].oserdes_dq_.ddr.oserdes_dq_i/D2
                                                              5.261         
i_platform/i_system_ddr/nolabel_line70/u_xilinx_ddr3_ctrl_axi32_mig/u_memc_ui_top_axi/mem_intfc0/ddr_phy_top0/u_ddr_mc_phy_wrapper/u_ddr_mc_phy/ddr_phy_4lanes_0.u_ddr_phy_4lanes/ddr_byte_lane_D.ddr_byte_lane_D/out_fifo/RDCLK
                               i_platform/i_system_ddr/nolabel_line70/u_xilinx_ddr3_ctrl_axi32_mig/u_memc_ui_top_axi/mem_intfc0/ddr_phy_top0/u_ddr_mc_phy_wrapper/u_ddr_mc_phy/ddr_phy_4lanes_0.u_ddr_phy_4lanes/ddr_byte_lane_D.ddr_byte_lane_D/ddr_byte_group_io/output_[6].oserdes_dq_.ddr.oserdes_dq_i/D4
                                                              5.261         
i_platform/i_system_ddr/nolabel_line70/u_xilinx_ddr3_ctrl_axi32_mig/u_memc_ui_top_axi/mem_intfc0/ddr_phy_top0/u_ddr_mc_phy_wrapper/u_ddr_mc_phy/ddr_phy_4lanes_0.u_ddr_phy_4lanes/ddr_byte_lane_D.ddr_byte_lane_D/out_fifo/RDCLK
                               i_platform/i_system_ddr/nolabel_line70/u_xilinx_ddr3_ctrl_axi32_mig/u_memc_ui_top_axi/mem_intfc0/ddr_phy_top0/u_ddr_mc_phy_wrapper/u_ddr_mc_phy/ddr_phy_4lanes_0.u_ddr_phy_4lanes/ddr_byte_lane_D.ddr_byte_lane_D/ddr_byte_group_io/output_[6].oserdes_dq_.ddr.oserdes_dq_i/D3
                                                              5.262         
i_platform/i_system_ddr/nolabel_line70/u_xilinx_ddr3_ctrl_axi32_mig/u_memc_ui_top_axi/mem_intfc0/ddr_phy_top0/u_ddr_mc_phy_wrapper/u_ddr_mc_phy/ddr_phy_4lanes_0.u_ddr_phy_4lanes/ddr_byte_lane_D.ddr_byte_lane_D/out_fifo/RDCLK
                               i_platform/i_system_ddr/nolabel_line70/u_xilinx_ddr3_ctrl_axi32_mig/u_memc_ui_top_axi/mem_intfc0/ddr_phy_top0/u_ddr_mc_phy_wrapper/u_ddr_mc_phy/ddr_phy_4lanes_0.u_ddr_phy_4lanes/ddr_byte_lane_D.ddr_byte_lane_D/ddr_byte_group_io/output_[4].oserdes_dq_.ddr.oserdes_dq_i/D1
                                                              5.263         
i_platform/i_system_ddr/nolabel_line70/u_xilinx_ddr3_ctrl_axi32_mig/u_memc_ui_top_axi/mem_intfc0/ddr_phy_top0/u_ddr_mc_phy_wrapper/u_ddr_mc_phy/ddr_phy_4lanes_0.u_ddr_phy_4lanes/ddr_byte_lane_D.ddr_byte_lane_D/out_fifo/RDCLK
                               i_platform/i_system_ddr/nolabel_line70/u_xilinx_ddr3_ctrl_axi32_mig/u_memc_ui_top_axi/mem_intfc0/ddr_phy_top0/u_ddr_mc_phy_wrapper/u_ddr_mc_phy/ddr_phy_4lanes_0.u_ddr_phy_4lanes/ddr_byte_lane_D.ddr_byte_lane_D/ddr_byte_group_io/output_[4].oserdes_dq_.ddr.oserdes_dq_i/D2
                                                              5.263         
i_platform/i_system_ddr/nolabel_line70/u_xilinx_ddr3_ctrl_axi32_mig/u_memc_ui_top_axi/mem_intfc0/ddr_phy_top0/u_ddr_mc_phy_wrapper/u_ddr_mc_phy/ddr_phy_4lanes_0.u_ddr_phy_4lanes/ddr_byte_lane_D.ddr_byte_lane_D/out_fifo/RDCLK
                               i_platform/i_system_ddr/nolabel_line70/u_xilinx_ddr3_ctrl_axi32_mig/u_memc_ui_top_axi/mem_intfc0/ddr_phy_top0/u_ddr_mc_phy_wrapper/u_ddr_mc_phy/ddr_phy_4lanes_0.u_ddr_phy_4lanes/ddr_byte_lane_D.ddr_byte_lane_D/ddr_byte_group_io/output_[4].oserdes_dq_.ddr.oserdes_dq_i/D4
                                                              5.263         
i_platform/i_system_ddr/nolabel_line70/u_xilinx_ddr3_ctrl_axi32_mig/u_memc_ui_top_axi/mem_intfc0/ddr_phy_top0/u_ddr_mc_phy_wrapper/u_ddr_mc_phy/ddr_phy_4lanes_0.u_ddr_phy_4lanes/ddr_byte_lane_D.ddr_byte_lane_D/out_fifo/RDCLK
                               i_platform/i_system_ddr/nolabel_line70/u_xilinx_ddr3_ctrl_axi32_mig/u_memc_ui_top_axi/mem_intfc0/ddr_phy_top0/u_ddr_mc_phy_wrapper/u_ddr_mc_phy/ddr_phy_4lanes_0.u_ddr_phy_4lanes/ddr_byte_lane_D.ddr_byte_lane_D/ddr_byte_group_io/output_[5].oserdes_dq_.ddr.oserdes_dq_i/D1
                                                              5.263         
i_platform/i_system_ddr/nolabel_line70/u_xilinx_ddr3_ctrl_axi32_mig/u_memc_ui_top_axi/mem_intfc0/ddr_phy_top0/u_ddr_mc_phy_wrapper/u_ddr_mc_phy/ddr_phy_4lanes_0.u_ddr_phy_4lanes/ddr_byte_lane_D.ddr_byte_lane_D/out_fifo/RDCLK
                               i_platform/i_system_ddr/nolabel_line70/u_xilinx_ddr3_ctrl_axi32_mig/u_memc_ui_top_axi/mem_intfc0/ddr_phy_top0/u_ddr_mc_phy_wrapper/u_ddr_mc_phy/ddr_phy_4lanes_0.u_ddr_phy_4lanes/ddr_byte_lane_D.ddr_byte_lane_D/ddr_byte_group_io/output_[5].oserdes_dq_.ddr.oserdes_dq_i/D2
                                                              5.263         
i_platform/i_system_ddr/nolabel_line70/u_xilinx_ddr3_ctrl_axi32_mig/u_memc_ui_top_axi/mem_intfc0/ddr_phy_top0/u_ddr_mc_phy_wrapper/u_ddr_mc_phy/ddr_phy_4lanes_0.u_ddr_phy_4lanes/ddr_byte_lane_D.ddr_byte_lane_D/out_fifo/RDCLK
                               i_platform/i_system_ddr/nolabel_line70/u_xilinx_ddr3_ctrl_axi32_mig/u_memc_ui_top_axi/mem_intfc0/ddr_phy_top0/u_ddr_mc_phy_wrapper/u_ddr_mc_phy/ddr_phy_4lanes_0.u_ddr_phy_4lanes/ddr_byte_lane_D.ddr_byte_lane_D/ddr_byte_group_io/output_[5].oserdes_dq_.ddr.oserdes_dq_i/D4
                                                              5.263         
i_platform/i_system_ddr/nolabel_line70/u_xilinx_ddr3_ctrl_axi32_mig/u_memc_ui_top_axi/mem_intfc0/ddr_phy_top0/u_ddr_mc_phy_wrapper/u_ddr_mc_phy/ddr_phy_4lanes_0.u_ddr_phy_4lanes/ddr_byte_lane_D.ddr_byte_lane_D/out_fifo/RDCLK
                               i_platform/i_system_ddr/nolabel_line70/u_xilinx_ddr3_ctrl_axi32_mig/u_memc_ui_top_axi/mem_intfc0/ddr_phy_top0/u_ddr_mc_phy_wrapper/u_ddr_mc_phy/ddr_phy_4lanes_0.u_ddr_phy_4lanes/ddr_byte_lane_D.ddr_byte_lane_D/ddr_byte_group_io/output_[4].oserdes_dq_.ddr.oserdes_dq_i/D3
                                                              5.264         
i_platform/i_system_ddr/nolabel_line70/u_xilinx_ddr3_ctrl_axi32_mig/u_memc_ui_top_axi/mem_intfc0/ddr_phy_top0/u_ddr_mc_phy_wrapper/u_ddr_mc_phy/ddr_phy_4lanes_0.u_ddr_phy_4lanes/ddr_byte_lane_D.ddr_byte_lane_D/out_fifo/RDCLK
                               i_platform/i_system_ddr/nolabel_line70/u_xilinx_ddr3_ctrl_axi32_mig/u_memc_ui_top_axi/mem_intfc0/ddr_phy_top0/u_ddr_mc_phy_wrapper/u_ddr_mc_phy/ddr_phy_4lanes_0.u_ddr_phy_4lanes/ddr_byte_lane_D.ddr_byte_lane_D/ddr_byte_group_io/output_[5].oserdes_dq_.ddr.oserdes_dq_i/D3
                                                              5.264         
i_platform/i_system_ddr/nolabel_line70/u_xilinx_ddr3_ctrl_axi32_mig/u_memc_ui_top_axi/mem_intfc0/ddr_phy_top0/u_ddr_mc_phy_wrapper/u_ddr_mc_phy/ddr_phy_4lanes_0.u_ddr_phy_4lanes/ddr_byte_lane_D.ddr_byte_lane_D/out_fifo/RDCLK
                               i_platform/i_system_ddr/nolabel_line70/u_xilinx_ddr3_ctrl_axi32_mig/u_memc_ui_top_axi/mem_intfc0/ddr_phy_top0/u_ddr_mc_phy_wrapper/u_ddr_mc_phy/ddr_phy_4lanes_0.u_ddr_phy_4lanes/ddr_byte_lane_D.ddr_byte_lane_D/ddr_byte_group_io/output_[7].oserdes_dq_.ddr.oserdes_dq_i/D1
                                                              5.264         
i_platform/i_system_ddr/nolabel_line70/u_xilinx_ddr3_ctrl_axi32_mig/u_memc_ui_top_axi/mem_intfc0/ddr_phy_top0/u_ddr_mc_phy_wrapper/u_ddr_mc_phy/ddr_phy_4lanes_0.u_ddr_phy_4lanes/ddr_byte_lane_D.ddr_byte_lane_D/out_fifo/RDCLK
                               i_platform/i_system_ddr/nolabel_line70/u_xilinx_ddr3_ctrl_axi32_mig/u_memc_ui_top_axi/mem_intfc0/ddr_phy_top0/u_ddr_mc_phy_wrapper/u_ddr_mc_phy/ddr_phy_4lanes_0.u_ddr_phy_4lanes/ddr_byte_lane_D.ddr_byte_lane_D/ddr_byte_group_io/output_[7].oserdes_dq_.ddr.oserdes_dq_i/D2
                                                              5.264         
i_platform/i_system_ddr/nolabel_line70/u_xilinx_ddr3_ctrl_axi32_mig/u_memc_ui_top_axi/mem_intfc0/ddr_phy_top0/u_ddr_mc_phy_wrapper/u_ddr_mc_phy/ddr_phy_4lanes_0.u_ddr_phy_4lanes/ddr_byte_lane_D.ddr_byte_lane_D/out_fifo/RDCLK
                               i_platform/i_system_ddr/nolabel_line70/u_xilinx_ddr3_ctrl_axi32_mig/u_memc_ui_top_axi/mem_intfc0/ddr_phy_top0/u_ddr_mc_phy_wrapper/u_ddr_mc_phy/ddr_phy_4lanes_0.u_ddr_phy_4lanes/ddr_byte_lane_D.ddr_byte_lane_D/ddr_byte_group_io/output_[7].oserdes_dq_.ddr.oserdes_dq_i/D4
                                                              5.264         
i_platform/i_system_ddr/nolabel_line70/u_xilinx_ddr3_ctrl_axi32_mig/u_memc_ui_top_axi/mem_intfc0/ddr_phy_top0/u_ddr_mc_phy_wrapper/u_ddr_mc_phy/ddr_phy_4lanes_0.u_ddr_phy_4lanes/ddr_byte_lane_D.ddr_byte_lane_D/out_fifo/RDCLK
                               i_platform/i_system_ddr/nolabel_line70/u_xilinx_ddr3_ctrl_axi32_mig/u_memc_ui_top_axi/mem_intfc0/ddr_phy_top0/u_ddr_mc_phy_wrapper/u_ddr_mc_phy/ddr_phy_4lanes_0.u_ddr_phy_4lanes/ddr_byte_lane_D.ddr_byte_lane_D/ddr_byte_group_io/output_[8].oserdes_dq_.ddr.oserdes_dq_i/D1
                                                              5.264         
i_platform/i_system_ddr/nolabel_line70/u_xilinx_ddr3_ctrl_axi32_mig/u_memc_ui_top_axi/mem_intfc0/ddr_phy_top0/u_ddr_mc_phy_wrapper/u_ddr_mc_phy/ddr_phy_4lanes_0.u_ddr_phy_4lanes/ddr_byte_lane_D.ddr_byte_lane_D/out_fifo/RDCLK
                               i_platform/i_system_ddr/nolabel_line70/u_xilinx_ddr3_ctrl_axi32_mig/u_memc_ui_top_axi/mem_intfc0/ddr_phy_top0/u_ddr_mc_phy_wrapper/u_ddr_mc_phy/ddr_phy_4lanes_0.u_ddr_phy_4lanes/ddr_byte_lane_D.ddr_byte_lane_D/ddr_byte_group_io/output_[8].oserdes_dq_.ddr.oserdes_dq_i/D2
                                                              5.264         
i_platform/i_system_ddr/nolabel_line70/u_xilinx_ddr3_ctrl_axi32_mig/u_memc_ui_top_axi/mem_intfc0/ddr_phy_top0/u_ddr_mc_phy_wrapper/u_ddr_mc_phy/ddr_phy_4lanes_0.u_ddr_phy_4lanes/ddr_byte_lane_D.ddr_byte_lane_D/out_fifo/RDCLK
                               i_platform/i_system_ddr/nolabel_line70/u_xilinx_ddr3_ctrl_axi32_mig/u_memc_ui_top_axi/mem_intfc0/ddr_phy_top0/u_ddr_mc_phy_wrapper/u_ddr_mc_phy/ddr_phy_4lanes_0.u_ddr_phy_4lanes/ddr_byte_lane_D.ddr_byte_lane_D/ddr_byte_group_io/output_[8].oserdes_dq_.ddr.oserdes_dq_i/D4
                                                              5.264         
i_platform/i_system_ddr/nolabel_line70/u_xilinx_ddr3_ctrl_axi32_mig/u_memc_ui_top_axi/mem_intfc0/ddr_phy_top0/u_ddr_mc_phy_wrapper/u_ddr_mc_phy/ddr_phy_4lanes_0.u_ddr_phy_4lanes/ddr_byte_lane_D.ddr_byte_lane_D/out_fifo/RDCLK
                               i_platform/i_system_ddr/nolabel_line70/u_xilinx_ddr3_ctrl_axi32_mig/u_memc_ui_top_axi/mem_intfc0/ddr_phy_top0/u_ddr_mc_phy_wrapper/u_ddr_mc_phy/ddr_phy_4lanes_0.u_ddr_phy_4lanes/ddr_byte_lane_D.ddr_byte_lane_D/ddr_byte_group_io/output_[9].oserdes_dq_.ddr.oserdes_dq_i/D1
                                                              5.264         
i_platform/i_system_ddr/nolabel_line70/u_xilinx_ddr3_ctrl_axi32_mig/u_memc_ui_top_axi/mem_intfc0/ddr_phy_top0/u_ddr_mc_phy_wrapper/u_ddr_mc_phy/ddr_phy_4lanes_0.u_ddr_phy_4lanes/ddr_byte_lane_D.ddr_byte_lane_D/out_fifo/RDCLK
                               i_platform/i_system_ddr/nolabel_line70/u_xilinx_ddr3_ctrl_axi32_mig/u_memc_ui_top_axi/mem_intfc0/ddr_phy_top0/u_ddr_mc_phy_wrapper/u_ddr_mc_phy/ddr_phy_4lanes_0.u_ddr_phy_4lanes/ddr_byte_lane_D.ddr_byte_lane_D/ddr_byte_group_io/output_[9].oserdes_dq_.ddr.oserdes_dq_i/D2
                                                              5.264         
i_platform/i_system_ddr/nolabel_line70/u_xilinx_ddr3_ctrl_axi32_mig/u_memc_ui_top_axi/mem_intfc0/ddr_phy_top0/u_ddr_mc_phy_wrapper/u_ddr_mc_phy/ddr_phy_4lanes_0.u_ddr_phy_4lanes/ddr_byte_lane_D.ddr_byte_lane_D/out_fifo/RDCLK
                               i_platform/i_system_ddr/nolabel_line70/u_xilinx_ddr3_ctrl_axi32_mig/u_memc_ui_top_axi/mem_intfc0/ddr_phy_top0/u_ddr_mc_phy_wrapper/u_ddr_mc_phy/ddr_phy_4lanes_0.u_ddr_phy_4lanes/ddr_byte_lane_D.ddr_byte_lane_D/ddr_byte_group_io/output_[9].oserdes_dq_.ddr.oserdes_dq_i/D4
                                                              5.264         
i_platform/i_system_ddr/nolabel_line70/u_xilinx_ddr3_ctrl_axi32_mig/u_memc_ui_top_axi/mem_intfc0/ddr_phy_top0/u_ddr_mc_phy_wrapper/u_ddr_mc_phy/ddr_phy_4lanes_0.u_ddr_phy_4lanes/ddr_byte_lane_D.ddr_byte_lane_D/out_fifo/RDCLK
                               i_platform/i_system_ddr/nolabel_line70/u_xilinx_ddr3_ctrl_axi32_mig/u_memc_ui_top_axi/mem_intfc0/ddr_phy_top0/u_ddr_mc_phy_wrapper/u_ddr_mc_phy/ddr_phy_4lanes_0.u_ddr_phy_4lanes/ddr_byte_lane_D.ddr_byte_lane_D/ddr_byte_group_io/output_[1].oserdes_dq_.ddr.oserdes_dq_i/D1
                                                              5.265         
i_platform/i_system_ddr/nolabel_line70/u_xilinx_ddr3_ctrl_axi32_mig/u_memc_ui_top_axi/mem_intfc0/ddr_phy_top0/u_ddr_mc_phy_wrapper/u_ddr_mc_phy/ddr_phy_4lanes_0.u_ddr_phy_4lanes/ddr_byte_lane_D.ddr_byte_lane_D/out_fifo/RDCLK
                               i_platform/i_system_ddr/nolabel_line70/u_xilinx_ddr3_ctrl_axi32_mig/u_memc_ui_top_axi/mem_intfc0/ddr_phy_top0/u_ddr_mc_phy_wrapper/u_ddr_mc_phy/ddr_phy_4lanes_0.u_ddr_phy_4lanes/ddr_byte_lane_D.ddr_byte_lane_D/ddr_byte_group_io/output_[1].oserdes_dq_.ddr.oserdes_dq_i/D2
                                                              5.265         
i_platform/i_system_ddr/nolabel_line70/u_xilinx_ddr3_ctrl_axi32_mig/u_memc_ui_top_axi/mem_intfc0/ddr_phy_top0/u_ddr_mc_phy_wrapper/u_ddr_mc_phy/ddr_phy_4lanes_0.u_ddr_phy_4lanes/ddr_byte_lane_D.ddr_byte_lane_D/out_fifo/RDCLK
                               i_platform/i_system_ddr/nolabel_line70/u_xilinx_ddr3_ctrl_axi32_mig/u_memc_ui_top_axi/mem_intfc0/ddr_phy_top0/u_ddr_mc_phy_wrapper/u_ddr_mc_phy/ddr_phy_4lanes_0.u_ddr_phy_4lanes/ddr_byte_lane_D.ddr_byte_lane_D/ddr_byte_group_io/output_[1].oserdes_dq_.ddr.oserdes_dq_i/D4
                                                              5.265         
i_platform/i_system_ddr/nolabel_line70/u_xilinx_ddr3_ctrl_axi32_mig/u_memc_ui_top_axi/mem_intfc0/ddr_phy_top0/u_ddr_mc_phy_wrapper/u_ddr_mc_phy/ddr_phy_4lanes_0.u_ddr_phy_4lanes/ddr_byte_lane_D.ddr_byte_lane_D/out_fifo/RDCLK
                               i_platform/i_system_ddr/nolabel_line70/u_xilinx_ddr3_ctrl_axi32_mig/u_memc_ui_top_axi/mem_intfc0/ddr_phy_top0/u_ddr_mc_phy_wrapper/u_ddr_mc_phy/ddr_phy_4lanes_0.u_ddr_phy_4lanes/ddr_byte_lane_D.ddr_byte_lane_D/ddr_byte_group_io/output_[2].oserdes_dq_.ddr.oserdes_dq_i/D1
                                                              5.265         
i_platform/i_system_ddr/nolabel_line70/u_xilinx_ddr3_ctrl_axi32_mig/u_memc_ui_top_axi/mem_intfc0/ddr_phy_top0/u_ddr_mc_phy_wrapper/u_ddr_mc_phy/ddr_phy_4lanes_0.u_ddr_phy_4lanes/ddr_byte_lane_D.ddr_byte_lane_D/out_fifo/RDCLK
                               i_platform/i_system_ddr/nolabel_line70/u_xilinx_ddr3_ctrl_axi32_mig/u_memc_ui_top_axi/mem_intfc0/ddr_phy_top0/u_ddr_mc_phy_wrapper/u_ddr_mc_phy/ddr_phy_4lanes_0.u_ddr_phy_4lanes/ddr_byte_lane_D.ddr_byte_lane_D/ddr_byte_group_io/output_[2].oserdes_dq_.ddr.oserdes_dq_i/D2
                                                              5.265         
i_platform/i_system_ddr/nolabel_line70/u_xilinx_ddr3_ctrl_axi32_mig/u_memc_ui_top_axi/mem_intfc0/ddr_phy_top0/u_ddr_mc_phy_wrapper/u_ddr_mc_phy/ddr_phy_4lanes_0.u_ddr_phy_4lanes/ddr_byte_lane_D.ddr_byte_lane_D/out_fifo/RDCLK
                               i_platform/i_system_ddr/nolabel_line70/u_xilinx_ddr3_ctrl_axi32_mig/u_memc_ui_top_axi/mem_intfc0/ddr_phy_top0/u_ddr_mc_phy_wrapper/u_ddr_mc_phy/ddr_phy_4lanes_0.u_ddr_phy_4lanes/ddr_byte_lane_D.ddr_byte_lane_D/ddr_byte_group_io/output_[2].oserdes_dq_.ddr.oserdes_dq_i/D4
                                                              5.265         
i_platform/i_system_ddr/nolabel_line70/u_xilinx_ddr3_ctrl_axi32_mig/u_memc_ui_top_axi/mem_intfc0/ddr_phy_top0/u_ddr_mc_phy_wrapper/u_ddr_mc_phy/ddr_phy_4lanes_0.u_ddr_phy_4lanes/ddr_byte_lane_D.ddr_byte_lane_D/out_fifo/RDCLK
                               i_platform/i_system_ddr/nolabel_line70/u_xilinx_ddr3_ctrl_axi32_mig/u_memc_ui_top_axi/mem_intfc0/ddr_phy_top0/u_ddr_mc_phy_wrapper/u_ddr_mc_phy/ddr_phy_4lanes_0.u_ddr_phy_4lanes/ddr_byte_lane_D.ddr_byte_lane_D/ddr_byte_group_io/output_[3].oserdes_dq_.ddr.oserdes_dq_i/D1
                                                              5.265         
i_platform/i_system_ddr/nolabel_line70/u_xilinx_ddr3_ctrl_axi32_mig/u_memc_ui_top_axi/mem_intfc0/ddr_phy_top0/u_ddr_mc_phy_wrapper/u_ddr_mc_phy/ddr_phy_4lanes_0.u_ddr_phy_4lanes/ddr_byte_lane_D.ddr_byte_lane_D/out_fifo/RDCLK
                               i_platform/i_system_ddr/nolabel_line70/u_xilinx_ddr3_ctrl_axi32_mig/u_memc_ui_top_axi/mem_intfc0/ddr_phy_top0/u_ddr_mc_phy_wrapper/u_ddr_mc_phy/ddr_phy_4lanes_0.u_ddr_phy_4lanes/ddr_byte_lane_D.ddr_byte_lane_D/ddr_byte_group_io/output_[3].oserdes_dq_.ddr.oserdes_dq_i/D2
                                                              5.265         
i_platform/i_system_ddr/nolabel_line70/u_xilinx_ddr3_ctrl_axi32_mig/u_memc_ui_top_axi/mem_intfc0/ddr_phy_top0/u_ddr_mc_phy_wrapper/u_ddr_mc_phy/ddr_phy_4lanes_0.u_ddr_phy_4lanes/ddr_byte_lane_D.ddr_byte_lane_D/out_fifo/RDCLK
                               i_platform/i_system_ddr/nolabel_line70/u_xilinx_ddr3_ctrl_axi32_mig/u_memc_ui_top_axi/mem_intfc0/ddr_phy_top0/u_ddr_mc_phy_wrapper/u_ddr_mc_phy/ddr_phy_4lanes_0.u_ddr_phy_4lanes/ddr_byte_lane_D.ddr_byte_lane_D/ddr_byte_group_io/output_[3].oserdes_dq_.ddr.oserdes_dq_i/D4
                                                              5.265         
i_platform/i_system_ddr/nolabel_line70/u_xilinx_ddr3_ctrl_axi32_mig/u_memc_ui_top_axi/mem_intfc0/ddr_phy_top0/u_ddr_mc_phy_wrapper/u_ddr_mc_phy/ddr_phy_4lanes_0.u_ddr_phy_4lanes/ddr_byte_lane_D.ddr_byte_lane_D/out_fifo/RDCLK
                               i_platform/i_system_ddr/nolabel_line70/u_xilinx_ddr3_ctrl_axi32_mig/u_memc_ui_top_axi/mem_intfc0/ddr_phy_top0/u_ddr_mc_phy_wrapper/u_ddr_mc_phy/ddr_phy_4lanes_0.u_ddr_phy_4lanes/ddr_byte_lane_D.ddr_byte_lane_D/ddr_byte_group_io/output_[7].oserdes_dq_.ddr.oserdes_dq_i/D3
                                                              5.265         
i_platform/i_system_ddr/nolabel_line70/u_xilinx_ddr3_ctrl_axi32_mig/u_memc_ui_top_axi/mem_intfc0/ddr_phy_top0/u_ddr_mc_phy_wrapper/u_ddr_mc_phy/ddr_phy_4lanes_0.u_ddr_phy_4lanes/ddr_byte_lane_D.ddr_byte_lane_D/out_fifo/RDCLK
                               i_platform/i_system_ddr/nolabel_line70/u_xilinx_ddr3_ctrl_axi32_mig/u_memc_ui_top_axi/mem_intfc0/ddr_phy_top0/u_ddr_mc_phy_wrapper/u_ddr_mc_phy/ddr_phy_4lanes_0.u_ddr_phy_4lanes/ddr_byte_lane_D.ddr_byte_lane_D/ddr_byte_group_io/output_[8].oserdes_dq_.ddr.oserdes_dq_i/D3
                                                              5.265         
i_platform/i_system_ddr/nolabel_line70/u_xilinx_ddr3_ctrl_axi32_mig/u_memc_ui_top_axi/mem_intfc0/ddr_phy_top0/u_ddr_mc_phy_wrapper/u_ddr_mc_phy/ddr_phy_4lanes_0.u_ddr_phy_4lanes/ddr_byte_lane_D.ddr_byte_lane_D/out_fifo/RDCLK
                               i_platform/i_system_ddr/nolabel_line70/u_xilinx_ddr3_ctrl_axi32_mig/u_memc_ui_top_axi/mem_intfc0/ddr_phy_top0/u_ddr_mc_phy_wrapper/u_ddr_mc_phy/ddr_phy_4lanes_0.u_ddr_phy_4lanes/ddr_byte_lane_D.ddr_byte_lane_D/ddr_byte_group_io/output_[9].oserdes_dq_.ddr.oserdes_dq_i/D3
                                                              5.265         
i_platform/i_system_ddr/nolabel_line70/u_xilinx_ddr3_ctrl_axi32_mig/u_memc_ui_top_axi/mem_intfc0/ddr_phy_top0/u_ddr_mc_phy_wrapper/u_ddr_mc_phy/ddr_phy_4lanes_0.u_ddr_phy_4lanes/ddr_byte_lane_D.ddr_byte_lane_D/out_fifo/RDCLK
                               i_platform/i_system_ddr/nolabel_line70/u_xilinx_ddr3_ctrl_axi32_mig/u_memc_ui_top_axi/mem_intfc0/ddr_phy_top0/u_ddr_mc_phy_wrapper/u_ddr_mc_phy/ddr_phy_4lanes_0.u_ddr_phy_4lanes/ddr_byte_lane_D.ddr_byte_lane_D/ddr_byte_group_io/output_[1].oserdes_dq_.ddr.oserdes_dq_i/D3
                                                              5.266         
i_platform/i_system_ddr/nolabel_line70/u_xilinx_ddr3_ctrl_axi32_mig/u_memc_ui_top_axi/mem_intfc0/ddr_phy_top0/u_ddr_mc_phy_wrapper/u_ddr_mc_phy/ddr_phy_4lanes_0.u_ddr_phy_4lanes/ddr_byte_lane_D.ddr_byte_lane_D/out_fifo/RDCLK
                               i_platform/i_system_ddr/nolabel_line70/u_xilinx_ddr3_ctrl_axi32_mig/u_memc_ui_top_axi/mem_intfc0/ddr_phy_top0/u_ddr_mc_phy_wrapper/u_ddr_mc_phy/ddr_phy_4lanes_0.u_ddr_phy_4lanes/ddr_byte_lane_D.ddr_byte_lane_D/ddr_byte_group_io/output_[2].oserdes_dq_.ddr.oserdes_dq_i/D3
                                                              5.266         
i_platform/i_system_ddr/nolabel_line70/u_xilinx_ddr3_ctrl_axi32_mig/u_memc_ui_top_axi/mem_intfc0/ddr_phy_top0/u_ddr_mc_phy_wrapper/u_ddr_mc_phy/ddr_phy_4lanes_0.u_ddr_phy_4lanes/ddr_byte_lane_D.ddr_byte_lane_D/out_fifo/RDCLK
                               i_platform/i_system_ddr/nolabel_line70/u_xilinx_ddr3_ctrl_axi32_mig/u_memc_ui_top_axi/mem_intfc0/ddr_phy_top0/u_ddr_mc_phy_wrapper/u_ddr_mc_phy/ddr_phy_4lanes_0.u_ddr_phy_4lanes/ddr_byte_lane_D.ddr_byte_lane_D/ddr_byte_group_io/output_[3].oserdes_dq_.ddr.oserdes_dq_i/D3
                                                              5.266         
i_platform/i_rtl/i_main_core/i_orca/core/D__0/two_cycle.from_decode_instruction_signal_reg[8]/C
                               i_platform/i_rtl/i_main_core/i_orca/core/X/syscall/memory_region_registers_gen[0].umr_gen.writeable_umr_gen.mumr_last_reg[0][2]/CE
                                                              5.308         
i_platform/i_rtl/i_main_core/i_orca/core/D__0/two_cycle.from_decode_instruction_signal_reg[8]/C
                               i_platform/i_rtl/i_main_core/i_orca/core/X/syscall/memory_region_registers_gen[0].umr_gen.writeable_umr_gen.mumr_last_reg[0][7]/CE
                                                              5.308         
i_platform/i_rtl/i_main_core/i_orca/core/D__0/two_cycle.from_decode_instruction_signal_reg[8]/C
                               i_platform/i_rtl/i_main_core/i_orca/core/X/syscall/memory_region_registers_gen[0].umr_gen.writeable_umr_gen.mumr_last_reg[0][6]/CE
                                                              5.310         
i_platform/i_rtl/i_main_core/i_orca/core/D__0/two_cycle.from_decode_instruction_signal_reg[8]/C
                               i_platform/i_rtl/i_main_core/i_orca/core/X/syscall/memory_region_registers_gen[0].umr_gen.writeable_umr_gen.mumr_last_reg[0][14]/CE
                                                              5.465         
i_platform/i_rtl/i_main_core/i_orca/core/D__0/two_cycle.from_decode_instruction_signal_reg[8]/C
                               i_platform/i_rtl/i_main_core/i_orca/core/X/syscall/memory_region_registers_gen[0].umr_gen.writeable_umr_gen.mumr_last_reg[0][15]/CE
                                                              5.465         
i_platform/i_rtl/i_main_core/i_orca/core/D__0/two_cycle.from_decode_instruction_signal_reg[8]/C
                               i_platform/i_rtl/i_main_core/i_orca/core/X/syscall/memory_region_registers_gen[0].umr_gen.writeable_umr_gen.mumr_last_reg[0][10]/CE
                                                              5.466         
i_platform/i_rtl/i_main_core/i_orca/core/D__0/two_cycle.from_decode_instruction_signal_reg[8]/C
                               i_platform/i_rtl/i_main_core/i_orca/core/X/syscall/memory_region_registers_gen[0].umr_gen.writeable_umr_gen.mumr_last_reg[0][11]/CE
                                                              5.466         
i_platform/i_rtl/i_main_core/i_orca/core/D__0/two_cycle.from_decode_instruction_signal_reg[8]/C
                               i_platform/i_rtl/i_main_core/i_orca/core/X/syscall/memory_region_registers_gen[0].umr_gen.writeable_umr_gen.mumr_last_reg[0][9]/CE
                                                              5.466         
i_platform/i_rtl/i_main_core/i_orca/core/D__0/two_cycle.from_decode_instruction_signal_reg[8]/C
                               i_platform/i_rtl/i_main_core/i_orca/core/X/syscall/memory_region_registers_gen[0].umr_gen.writeable_umr_gen.mumr_base_reg[0][15]/CE
                                                              5.499         
i_platform/i_rtl/i_main_core/i_orca/core/D__0/two_cycle.from_decode_instruction_signal_reg[8]/C
                               i_platform/i_rtl/i_main_core/i_orca/core/X/syscall/memory_region_registers_gen[0].umr_gen.writeable_umr_gen.mumr_base_reg[0][14]/CE
                                                              5.506         
i_platform/i_rtl/i_main_core/i_orca/core/D__0/two_cycle.from_decode_instruction_signal_reg[8]/C
                               i_platform/i_rtl/i_main_core/i_orca/core/X/syscall/memory_region_registers_gen[0].umr_gen.writeable_umr_gen.mumr_base_reg[0][10]/CE
                                                              5.527         
i_platform/i_rtl/i_main_core/i_orca/core/D__0/two_cycle.from_decode_instruction_signal_reg[8]/C
                               i_platform/i_rtl/i_main_core/i_orca/core/X/syscall/memory_region_registers_gen[0].umr_gen.writeable_umr_gen.mumr_base_reg[0][11]/CE
                                                              5.527         
i_platform/i_rtl/i_main_core/i_orca/core/D__0/two_cycle.from_decode_instruction_signal_reg[8]/C
                               i_platform/i_rtl/i_main_core/i_orca/core/X/syscall/memory_region_registers_gen[0].umr_gen.writeable_umr_gen.mumr_base_reg[0][6]/CE
                                                              5.527         
i_platform/i_rtl/i_main_core/i_orca/core/D__0/two_cycle.from_decode_instruction_signal_reg[8]/C
                               i_platform/i_rtl/i_main_core/i_orca/core/X/syscall/memory_region_registers_gen[0].umr_gen.writeable_umr_gen.mumr_base_reg[0][9]/CE
                                                              5.527         
i_platform/i_rtl/i_main_core/i_orca/core/D__0/two_cycle.from_decode_instruction_signal_reg[8]/C
                               i_platform/i_rtl/i_main_core/i_orca/core/X/syscall/memory_region_registers_gen[0].umr_gen.writeable_umr_gen.mumr_base_reg[0][25]/CE
                                                              5.552         
i_platform/i_rtl/i_main_core/i_orca/core/D__0/two_cycle.from_decode_instruction_signal_reg[8]/C
                               i_platform/i_rtl/i_main_core/i_orca/core/X/syscall/memory_region_registers_gen[0].umr_gen.writeable_umr_gen.mumr_last_reg[0][0]/CE
                                                              5.590         
i_platform/i_rtl/i_main_core/i_orca/core/D__0/two_cycle.from_decode_instruction_signal_reg[8]/C
                               i_platform/i_rtl/i_main_core/i_orca/core/X/syscall/memory_region_registers_gen[0].umr_gen.writeable_umr_gen.mumr_base_reg[0][21]/CE
                                                              5.629         
i_platform/i_rtl/i_main_core/i_orca/core/D__0/two_cycle.from_decode_instruction_signal_reg[8]/C
                               i_platform/i_rtl/i_main_core/i_orca/core/X/syscall/memory_region_registers_gen[0].umr_gen.writeable_umr_gen.mumr_base_reg[0][24]/CE
                                                              5.629         
i_platform/i_rtl/i_main_core/i_orca/core/D__0/two_cycle.from_decode_instruction_signal_reg[8]/C
                               i_platform/i_rtl/i_main_core/i_orca/core/X/syscall/memory_region_registers_gen[0].umr_gen.writeable_umr_gen.mumr_base_reg[0][26]/CE
                                                              5.629         
i_platform/i_rtl/i_main_core/i_orca/core/D__0/two_cycle.from_decode_instruction_signal_reg[8]/C
                               i_platform/i_rtl/i_main_core/i_orca/core/X/syscall/memory_region_registers_gen[0].umr_gen.writeable_umr_gen.mumr_base_reg[0][27]/CE
                                                              5.629         
i_platform/i_rtl/i_main_core/i_orca/core/D__0/two_cycle.from_decode_instruction_signal_reg[8]/C
                               i_platform/i_rtl/i_main_core/i_orca/core/X/syscall/memory_region_registers_gen[0].umr_gen.writeable_umr_gen.mumr_base_reg[0][29]/CE
                                                              5.629         
i_platform/i_rtl/i_main_core/i_orca/core/D__0/two_cycle.from_decode_instruction_signal_reg[8]/C
                               i_platform/i_rtl/i_main_core/i_orca/core/X/syscall/memory_region_registers_gen[0].umr_gen.writeable_umr_gen.mumr_base_reg[0][30]/CE
                                                              5.629         
i_platform/i_rtl/i_main_core/i_orca/core/D__0/two_cycle.from_decode_instruction_signal_reg[8]/C
                               i_platform/i_rtl/i_main_core/i_orca/core/X/syscall/memory_region_registers_gen[0].umr_gen.writeable_umr_gen.mumr_base_reg[0][2]/CE
                                                              5.661         
i_platform/i_rtl/i_main_core/i_orca/core/D__0/two_cycle.from_decode_instruction_signal_reg[8]/C
                               i_platform/i_rtl/i_main_core/i_orca/core/X/syscall/memory_region_registers_gen[0].umr_gen.writeable_umr_gen.mumr_base_reg[0][5]/CE
                                                              5.661         
i_platform/i_rtl/i_main_core/i_orca/core/D__0/two_cycle.from_decode_instruction_signal_reg[8]/C
                               i_platform/i_rtl/i_main_core/i_orca/core/X/syscall/memory_region_registers_gen[0].umr_gen.writeable_umr_gen.mumr_base_reg[0][7]/CE
                                                              5.661         
i_platform/i_rtl/i_main_core/i_orca/core/D__0/two_cycle.from_decode_instruction_signal_reg[8]/C
                               i_platform/i_rtl/i_main_core/i_orca/core/X/syscall/memory_region_registers_gen[0].umr_gen.writeable_umr_gen.mumr_last_reg[0][12]/CE
                                                              5.694         
i_platform/i_rtl/i_main_core/i_orca/core/D__0/two_cycle.from_decode_instruction_signal_reg[8]/C
                               i_platform/i_rtl/i_main_core/i_orca/core/X/syscall/memory_region_registers_gen[0].umr_gen.writeable_umr_gen.mumr_last_reg[0][1]/CE
                                                              5.694         
i_platform/i_rtl/i_main_core/i_orca/core/D__0/two_cycle.from_decode_instruction_signal_reg[8]/C
                               i_platform/i_rtl/i_main_core/i_orca/core/X/syscall/memory_region_registers_gen[0].umr_gen.writeable_umr_gen.mumr_last_reg[0][8]/CE
                                                              5.694         
i_platform/i_rtl/i_main_core/i_orca/core/D__0/two_cycle.from_decode_instruction_signal_reg[8]/C
                               i_platform/i_rtl/i_main_core/i_orca/core/X/syscall/memory_region_registers_gen[0].umr_gen.writeable_umr_gen.mumr_last_reg[0][21]/CE
                                                              5.704         
i_platform/i_rtl/i_main_core/i_orca/core/D__0/two_cycle.from_decode_instruction_signal_reg[8]/C
                               i_platform/i_rtl/i_main_core/i_orca/core/X/syscall/memory_region_registers_gen[0].umr_gen.writeable_umr_gen.mumr_last_reg[0][24]/CE
                                                              5.704         
i_platform/i_rtl/i_main_core/i_orca/core/D__0/two_cycle.from_decode_instruction_signal_reg[8]/C
                               i_platform/i_rtl/i_main_core/i_orca/core/X/syscall/memory_region_registers_gen[0].umr_gen.writeable_umr_gen.mumr_last_reg[0][26]/CE
                                                              5.704         
i_platform/i_rtl/i_main_core/i_orca/core/D__0/two_cycle.from_decode_instruction_signal_reg[8]/C
                               i_platform/i_rtl/i_main_core/i_orca/core/X/syscall/memory_region_registers_gen[0].umr_gen.writeable_umr_gen.mumr_last_reg[0][27]/CE
                                                              5.704         
i_platform/i_rtl/i_main_core/i_orca/core/D__0/two_cycle.from_decode_instruction_signal_reg[8]/C
                               i_platform/i_rtl/i_main_core/i_orca/core/X/syscall/memory_region_registers_gen[0].umr_gen.writeable_umr_gen.mumr_last_reg[0][31]/CE
                                                              5.746         
i_platform/i_rtl/i_main_core/i_orca/core/D__0/two_cycle.from_decode_instruction_signal_reg[8]/C
                               i_platform/i_rtl/i_main_core/i_orca/core/X/syscall/memory_region_registers_gen[0].umr_gen.writeable_umr_gen.mumr_base_reg[0][12]/CE
                                                              5.774         
i_platform/i_rtl/i_main_core/i_orca/core/D__0/two_cycle.from_decode_instruction_signal_reg[8]/C
                               i_platform/i_rtl/i_main_core/i_orca/core/X/syscall/memory_region_registers_gen[0].umr_gen.writeable_umr_gen.mumr_last_reg[0][25]/CE
                                                              5.806         
i_platform/i_rtl/i_main_core/i_orca/core/D__0/two_cycle.from_decode_instruction_signal_reg[8]/C
                               i_platform/i_rtl/i_main_core/i_orca/core/X/syscall/memory_region_registers_gen[0].umr_gen.writeable_umr_gen.mumr_last_reg[0][28]/CE
                                                              5.806         
i_platform/i_rtl/i_main_core/i_orca/core/D__0/two_cycle.from_decode_instruction_signal_reg[8]/C
                               i_platform/i_rtl/i_main_core/i_orca/core/X/syscall/memory_region_registers_gen[0].umr_gen.writeable_umr_gen.mumr_last_reg[0][29]/CE
                                                              5.806         
i_platform/i_rtl/i_main_core/i_orca/core/D__0/two_cycle.from_decode_instruction_signal_reg[8]/C
                               i_platform/i_rtl/i_main_core/i_orca/core/X/syscall/memory_region_registers_gen[0].umr_gen.writeable_umr_gen.mumr_last_reg[0][30]/CE
                                                              5.806         
i_platform/i_rtl/i_main_core/i_orca/core/D__0/two_cycle.from_decode_instruction_signal_reg[8]/C
                               i_platform/i_rtl/i_main_core/i_orca/core/X/syscall/memory_region_registers_gen[0].umr_gen.writeable_umr_gen.mumr_base_reg[0][28]/CE
                                                              5.860         
i_platform/i_rtl/i_main_core/i_orca/core/D__0/two_cycle.from_decode_instruction_signal_reg[8]/C
                               i_platform/i_rtl/i_main_core/i_orca/core/X/syscall/memory_region_registers_gen[0].umr_gen.writeable_umr_gen.mumr_last_reg[0][3]/CE
                                                              5.860         
i_platform/i_rtl/i_main_core/i_orca/core/D__0/two_cycle.from_decode_instruction_signal_reg[8]/C
                               i_platform/i_rtl/i_main_core/i_orca/core/X/syscall/memory_region_registers_gen[0].umr_gen.writeable_umr_gen.mumr_last_reg[0][4]/CE
                                                              5.860         
i_platform/i_rtl/i_main_core/i_orca/core/D__0/two_cycle.from_decode_instruction_signal_reg[8]/C
                               i_platform/i_rtl/i_main_core/i_orca/core/X/syscall/memory_region_registers_gen[0].umr_gen.writeable_umr_gen.mumr_last_reg[0][5]/CE
                                                              5.860         
i_platform/i_rtl/i_main_core/i_orca/core/D__0/two_cycle.from_decode_instruction_signal_reg[8]/C
                               i_platform/i_rtl/i_main_core/i_orca/core/X/syscall/memory_region_registers_gen[0].umr_gen.writeable_umr_gen.mumr_base_reg[0][0]/CE
                                                              5.868         
i_platform/i_rtl/i_main_core/i_orca/core/D__0/two_cycle.from_decode_instruction_signal_reg[8]/C
                               i_platform/i_rtl/i_main_core/i_orca/core/X/syscall/memory_region_registers_gen[0].umr_gen.writeable_umr_gen.mumr_base_reg[0][1]/CE
                                                              5.868         
i_platform/i_rtl/i_main_core/i_orca/core/D__0/two_cycle.from_decode_instruction_signal_reg[8]/C
                               i_platform/i_rtl/i_main_core/i_orca/core/X/syscall/memory_region_registers_gen[0].umr_gen.writeable_umr_gen.mumr_base_reg[0][3]/CE
                                                              5.868         
i_platform/i_rtl/i_main_core/i_orca/core/D__0/two_cycle.from_decode_instruction_signal_reg[8]/C
                               i_platform/i_rtl/i_main_core/i_orca/core/X/syscall/memory_region_registers_gen[0].umr_gen.writeable_umr_gen.mumr_base_reg[0][8]/CE
                                                              5.868         
i_platform/i_rtl/i_main_core/i_orca/core/D__0/two_cycle.from_decode_instruction_signal_reg[8]/C
                               i_platform/i_rtl/i_main_core/i_orca/core/X/syscall/memory_region_registers_gen[0].umr_gen.writeable_umr_gen.mumr_base_reg[0][4]/CE
                                                              5.906         
i_platform/i_rtl/i_main_core/i_orca/core/D__0/two_cycle.from_decode_instruction_signal_reg[8]/C
                               i_platform/i_rtl/i_main_core/i_orca/core/X/syscall/memory_region_registers_gen[0].umr_gen.writeable_umr_gen.mumr_base_reg[0][18]/CE
                                                              5.938         
i_platform/i_rtl/i_main_core/i_orca/core/D__0/two_cycle.from_decode_instruction_signal_reg[8]/C
                               i_platform/i_rtl/i_main_core/i_orca/core/X/syscall/memory_region_registers_gen[0].umr_gen.writeable_umr_gen.mumr_base_reg[0][31]/CE
                                                              5.938         
i_platform/i_rtl/i_main_core/i_orca/core/D__0/two_cycle.from_decode_instruction_signal_reg[8]/C
                               i_platform/i_rtl/i_main_core/i_orca/core/X/syscall/memory_region_registers_gen[0].umr_gen.writeable_umr_gen.mumr_last_reg[0][13]/CE
                                                              5.998         
i_platform/i_rtl/i_main_core/i_orca/core/D__0/two_cycle.from_decode_instruction_signal_reg[8]/C
                               i_platform/i_rtl/i_main_core/i_orca/core/X/syscall/memory_region_registers_gen[0].umr_gen.writeable_umr_gen.mumr_last_reg[0][16]/CE
                                                              5.998         
i_platform/i_rtl/i_main_core/i_orca/core/D__0/two_cycle.from_decode_instruction_signal_reg[8]/C
                               i_platform/i_rtl/i_main_core/i_orca/core/X/syscall/memory_region_registers_gen[0].umr_gen.writeable_umr_gen.mumr_last_reg[0][17]/CE
                                                              5.998         
i_platform/i_rtl/i_main_core/i_orca/core/D__0/two_cycle.from_decode_instruction_signal_reg[8]/C
                               i_platform/i_rtl/i_main_core/i_orca/core/X/syscall/memory_region_registers_gen[0].umr_gen.writeable_umr_gen.mumr_last_reg[0][18]/CE
                                                              5.998         
i_platform/i_rtl/i_main_core/i_orca/core/D__0/two_cycle.from_decode_instruction_signal_reg[8]/C
                               i_platform/i_rtl/i_main_core/i_orca/core/X/syscall/memory_region_registers_gen[0].umr_gen.writeable_umr_gen.mumr_last_reg[0][19]/CE
                                                              5.998         
i_platform/i_rtl/i_main_core/i_orca/core/D__0/two_cycle.from_decode_instruction_signal_reg[8]/C
                               i_platform/i_rtl/i_main_core/i_orca/core/X/syscall/memory_region_registers_gen[0].umr_gen.writeable_umr_gen.mumr_last_reg[0][20]/CE
                                                              5.998         
i_platform/i_rtl/i_main_core/i_orca/core/D__0/two_cycle.from_decode_instruction_signal_reg[8]/C
                               i_platform/i_rtl/i_main_core/i_orca/core/X/syscall/memory_region_registers_gen[0].umr_gen.writeable_umr_gen.mumr_last_reg[0][22]/CE
                                                              5.998         
i_platform/i_rtl/i_main_core/i_orca/core/D__0/two_cycle.from_decode_instruction_signal_reg[8]/C
                               i_platform/i_rtl/i_main_core/i_orca/core/X/syscall/memory_region_registers_gen[0].umr_gen.writeable_umr_gen.mumr_last_reg[0][23]/CE
                                                              5.998         
i_platform/i_rtl/i_main_core/i_orca/core/D__0/two_cycle.from_decode_instruction_signal_reg[8]/C
                               i_platform/i_rtl/i_main_core/i_orca/core/X/syscall/memory_region_registers_gen[0].umr_gen.writeable_umr_gen.mumr_base_reg[0][13]/CE
                                                              6.082         
i_platform/i_rtl/i_main_core/i_orca/core/D__0/two_cycle.from_decode_instruction_signal_reg[8]/C
                               i_platform/i_rtl/i_main_core/i_orca/core/X/syscall/memory_region_registers_gen[0].umr_gen.writeable_umr_gen.mumr_base_reg[0][16]/CE
                                                              6.082         
i_platform/i_rtl/i_main_core/i_orca/core/D__0/two_cycle.from_decode_instruction_signal_reg[8]/C
                               i_platform/i_rtl/i_main_core/i_orca/core/X/syscall/memory_region_registers_gen[0].umr_gen.writeable_umr_gen.mumr_base_reg[0][17]/CE
                                                              6.082         
i_platform/i_rtl/i_main_core/i_orca/core/D__0/two_cycle.from_decode_instruction_signal_reg[8]/C
                               i_platform/i_rtl/i_main_core/i_orca/core/X/syscall/memory_region_registers_gen[0].umr_gen.writeable_umr_gen.mumr_base_reg[0][19]/CE
                                                              6.082         
i_platform/i_rtl/i_main_core/i_orca/core/D__0/two_cycle.from_decode_instruction_signal_reg[8]/C
                               i_platform/i_rtl/i_main_core/i_orca/core/X/syscall/memory_region_registers_gen[0].umr_gen.writeable_umr_gen.mumr_base_reg[0][20]/CE
                                                              6.082         
i_platform/i_rtl/i_main_core/i_orca/core/D__0/two_cycle.from_decode_instruction_signal_reg[8]/C
                               i_platform/i_rtl/i_main_core/i_orca/core/X/syscall/memory_region_registers_gen[0].umr_gen.writeable_umr_gen.mumr_base_reg[0][22]/CE
                                                              6.082         
i_platform/i_rtl/i_main_core/i_orca/core/D__0/two_cycle.from_decode_instruction_signal_reg[8]/C
                               i_platform/i_rtl/i_main_core/i_orca/core/X/syscall/memory_region_registers_gen[0].umr_gen.writeable_umr_gen.mumr_base_reg[0][23]/CE
                                                              6.082         
i_platform/i_rtl/i_main_core/i_orca/core/D__0/two_cycle.from_decode_instruction_signal_reg[27]/C
                               i_platform/i_rtl/i_main_core/i_orca/core/D__0/the_register_file/bypass_gen.out2_reg[31]/D
                                                              6.177         
i_platform/i_rtl/platform_controller/i_rvx_instance_3/rvx_signal_05_reg[2]/C
                               i_platform/i_rtl/external_peri_group/i_gen_valid_uart[0].i_rvx_instance_05/i_rvx_instance_0/i_rvx_instance_0/i_rvx_instance_0/rvx_signal_12_reg[31][0]/D
                                                              6.389         
i_platform/i_rtl/i_main_core/i_orca/core/D__0/two_cycle.from_decode_instruction_signal_reg[8]/C
                               i_platform/i_rtl/i_main_core/i_orca/the_memory_interface/uc_masters_gen.duc_master/ervp_master/i_write_buffer/rvx_signal_6_reg[1][12]/CE
                                                              6.406         
i_platform/i_rtl/i_main_core/i_orca/core/D__0/two_cycle.from_decode_instruction_signal_reg[8]/C
                               i_platform/i_rtl/i_main_core/i_orca/the_memory_interface/uc_masters_gen.duc_master/ervp_master/i_write_buffer/rvx_signal_6_reg[1][22]/CE
                                                              6.406         
i_platform/i_rtl/i_main_core/i_orca/core/D__0/two_cycle.from_decode_instruction_signal_reg[8]/C
                               i_platform/i_rtl/i_main_core/i_orca/the_memory_interface/uc_masters_gen.duc_master/ervp_master/i_write_buffer/rvx_signal_6_reg[1][28]/CE
                                                              6.406         
i_platform/i_rtl/i_main_core/i_orca/core/D__0/two_cycle.from_decode_instruction_signal_reg[8]/C
                               i_platform/i_rtl/i_main_core/i_orca/the_memory_interface/uc_masters_gen.duc_master/ervp_master/i_write_buffer/rvx_signal_6_reg[1][35]/CE
                                                              6.406         
i_platform/i_rtl/i_main_core/i_orca/core/D__0/two_cycle.from_decode_instruction_signal_reg[8]/C
                               i_platform/i_rtl/i_main_core/i_orca/the_memory_interface/uc_masters_gen.duc_master/ervp_master/i_write_buffer/rvx_signal_6_reg[1][9]/CE
                                                              6.406         
i_platform/i_rtl/i_main_core/i_orca/core/D__0/two_cycle.from_decode_instruction_signal_reg[27]/C
                               i_platform/i_rtl/i_main_core/i_orca/core/D__0/the_register_file/bypass_gen.out2_reg[25]/D
                                                              6.434         
i_platform/i_rtl/i_main_core/i_orca/core/D__0/two_cycle.from_decode_instruction_signal_reg[8]/C
                               i_platform/i_rtl/i_main_core/i_orca/the_memory_interface/uc_masters_gen.duc_master/ervp_master/i_write_buffer/rvx_signal_6_reg[0][29]/CE
                                                              6.494         
i_platform/i_rtl/i_main_core/i_orca/core/D__0/two_cycle.from_decode_instruction_signal_reg[8]/C
                               i_platform/i_rtl/i_main_core/i_orca/the_memory_interface/uc_masters_gen.duc_master/ervp_master/i_write_buffer/rvx_signal_6_reg[0][23]/CE
                                                              6.505         
i_platform/i_rtl/i_main_core/i_orca/core/D__0/two_cycle.from_decode_instruction_signal_reg[8]/C
                               i_platform/i_rtl/i_main_core/i_orca/the_memory_interface/uc_masters_gen.duc_master/ervp_master/i_write_buffer/rvx_signal_6_reg[0][25]/CE
                                                              6.505         
i_platform/i_rtl/i_main_core/i_orca/core/D__0/two_cycle.from_decode_instruction_signal_reg[8]/C
                               i_platform/i_rtl/i_main_core/i_orca/the_memory_interface/uc_masters_gen.duc_master/ervp_master/i_write_buffer/rvx_signal_6_reg[0][26]/CE
                                                              6.505         
i_platform/i_rtl/i_main_core/i_orca/core/D__0/two_cycle.from_decode_instruction_signal_reg[8]/C
                               i_platform/i_rtl/i_main_core/i_orca/the_memory_interface/uc_masters_gen.duc_master/ervp_master/i_write_buffer/rvx_signal_6_reg[0][27]/CE
                                                              6.505         
i_platform/i_rtl/i_main_core/i_orca/core/D__0/two_cycle.from_decode_instruction_signal_reg[27]/C
                               i_platform/i_rtl/i_main_core/i_orca/core/D__0/the_register_file/bypass_gen.out1_reg[17]/D
                                                              6.507         
i_platform/i_rtl/i_main_core/i_orca/core/D__0/two_cycle.from_decode_instruction_signal_reg[27]/C
                               i_platform/i_rtl/i_main_core/i_orca/core/D__0/the_register_file/bypass_gen.out1_reg[7]/D
                                                              6.526         
i_platform/i_rtl/i_main_core/i_orca/core/D__0/two_cycle.from_decode_instruction_signal_reg[8]/C
                               i_platform/i_rtl/i_main_core/i_orca/core/X/syscall/fence_pending_reg/D
                                                              6.540         
i_platform/i_rtl/i_main_core/i_orca/core/D__0/two_cycle.from_decode_instruction_signal_reg[8]/C
                               i_platform/i_rtl/i_main_core/i_orca/the_memory_interface/uc_masters_gen.duc_master/ervp_master/i_write_buffer/rvx_signal_6_reg[1][10]/CE
                                                              6.545         
i_platform/i_rtl/i_main_core/i_orca/core/D__0/two_cycle.from_decode_instruction_signal_reg[27]/C
                               i_platform/i_rtl/i_main_core/i_orca/core/D__0/the_register_file/bypass_gen.out2_reg[17]/D
                                                              6.548         
i_platform/i_rtl/i_main_core/i_orca/core/D__0/two_cycle.from_decode_instruction_signal_reg[8]/C
                               i_platform/i_rtl/i_main_core/i_orca/the_memory_interface/uc_masters_gen.duc_master/ervp_master/i_write_buffer/rvx_signal_6_reg[1][14]/CE
                                                              6.567         
i_platform/i_rtl/i_main_core/i_orca/core/D__0/two_cycle.from_decode_instruction_signal_reg[8]/C
                               i_platform/i_rtl/i_main_core/i_orca/the_memory_interface/uc_masters_gen.duc_master/ervp_master/i_write_buffer/rvx_signal_6_reg[1][17]/CE
                                                              6.567         
i_platform/i_rtl/i_main_core/i_orca/core/D__0/two_cycle.from_decode_instruction_signal_reg[8]/C
                               i_platform/i_rtl/i_main_core/i_orca/the_memory_interface/uc_masters_gen.duc_master/ervp_master/i_write_buffer/rvx_signal_6_reg[1][32]/CE
                                                              6.567         
i_platform/i_rtl/i_main_core/i_orca/core/D__0/two_cycle.from_decode_instruction_signal_reg[8]/C
                               i_platform/i_rtl/i_main_core/i_orca/the_memory_interface/uc_masters_gen.duc_master/ervp_master/i_write_buffer/rvx_signal_6_reg[1][6]/CE
                                                              6.567         
i_platform/i_rtl/i_main_core/i_orca/core/D__0/two_cycle.from_decode_instruction_signal_reg[8]/C
                               i_platform/i_rtl/i_main_core/i_orca/the_memory_interface/uc_masters_gen.duc_master/ervp_master/i_write_buffer/rvx_signal_6_reg[1][7]/CE
                                                              6.567         
i_platform/i_rtl/i_main_core/i_orca/core/D__0/two_cycle.from_decode_instruction_signal_reg[27]/C
                               i_platform/i_rtl/i_main_core/i_orca/core/D__0/the_register_file/bypass_gen.out1_reg[29]/D
                                                              6.572         
i_platform/i_rtl/i_main_core/i_orca/core/D__0/two_cycle.from_decode_instruction_signal_reg[27]/C
                               i_platform/i_rtl/i_main_core/i_orca/core/D__0/the_register_file/bypass_gen.out2_reg[14]/D
                                                              6.600         
i_platform/i_rtl/i_main_core/i_orca/core/D__0/two_cycle.from_decode_instruction_signal_reg[8]/C
                               i_platform/i_rtl/i_main_core/i_orca/the_memory_interface/uc_masters_gen.duc_master/ervp_master/i_write_buffer/rvx_signal_6_reg[0][14]/CE
                                                              6.646         
i_platform/i_rtl/i_main_core/i_orca/core/D__0/two_cycle.from_decode_instruction_signal_reg[8]/C
                               i_platform/i_rtl/i_main_core/i_orca/the_memory_interface/uc_masters_gen.duc_master/ervp_master/i_write_buffer/rvx_signal_6_reg[0][30]/CE
                                                              6.646         
i_platform/i_rtl/i_main_core/i_orca/core/D__0/two_cycle.from_decode_instruction_signal_reg[8]/C
                               i_platform/i_rtl/i_main_core/i_orca/the_memory_interface/uc_masters_gen.duc_master/ervp_master/i_write_buffer/rvx_signal_6_reg[0][12]/CE
                                                              6.647         
i_platform/i_rtl/i_main_core/i_orca/core/D__0/two_cycle.from_decode_instruction_signal_reg[8]/C
                               i_platform/i_rtl/i_main_core/i_orca/the_memory_interface/uc_masters_gen.duc_master/ervp_master/i_write_buffer/rvx_signal_6_reg[0][22]/CE
                                                              6.647         
i_platform/i_rtl/i_main_core/i_orca/core/D__0/two_cycle.from_decode_instruction_signal_reg[8]/C
                               i_platform/i_rtl/i_main_core/i_orca/the_memory_interface/uc_masters_gen.duc_master/ervp_master/i_write_buffer/rvx_signal_6_reg[0][28]/CE
                                                              6.647         
i_platform/i_rtl/i_main_core/i_orca/core/D__0/two_cycle.from_decode_instruction_signal_reg[8]/C
                               i_platform/i_rtl/i_main_core/i_orca/the_memory_interface/uc_masters_gen.duc_master/ervp_master/i_write_buffer/rvx_signal_6_reg[0][35]/CE
                                                              6.647         
i_platform/i_rtl/i_main_core/i_orca/core/D__0/two_cycle.from_decode_instruction_signal_reg[8]/C
                               i_platform/i_rtl/i_main_core/i_orca/the_memory_interface/uc_masters_gen.duc_master/ervp_master/i_write_buffer/rvx_signal_6_reg[0][9]/CE
                                                              6.647         
i_platform/i_rtl/platform_controller/i_rvx_instance_3/rvx_signal_05_reg[2]/C
                               i_platform/i_rtl/external_peri_group/i_gen_valid_uart[0].i_rvx_instance_05/i_rvx_instance_0/i_rvx_instance_0/i_rvx_instance_0/rvx_signal_12_reg[31][1]/D
                                                              6.653         
i_platform/i_rtl/i_main_core/i_orca/core/D__0/two_cycle.from_decode_instruction_signal_reg[8]/C
                               i_platform/i_rtl/i_main_core/i_orca/the_memory_interface/uc_masters_gen.duc_master/ervp_master/i_write_buffer/rvx_signal_6_reg[1][11]/CE
                                                              6.670         
i_platform/i_rtl/i_main_core/i_orca/core/D__0/two_cycle.from_decode_instruction_signal_reg[8]/C
                               i_platform/i_rtl/i_main_core/i_orca/the_memory_interface/uc_masters_gen.duc_master/ervp_master/i_write_buffer/rvx_signal_6_reg[1][13]/CE
                                                              6.670         
i_platform/i_rtl/i_main_core/i_orca/core/D__0/two_cycle.from_decode_instruction_signal_reg[8]/C
                               i_platform/i_rtl/i_main_core/i_orca/the_memory_interface/uc_masters_gen.duc_master/ervp_master/i_write_buffer/rvx_signal_6_reg[1][16]/CE
                                                              6.670         
i_platform/i_rtl/platform_controller/i_rvx_instance_3/rvx_signal_05_reg[1]/C
                               i_platform/i_rtl/i_snim_common_peri_group_no_name/i_munoc_instance_1/i_munoc_instance_7/i_munoc_instance_1/munoc_port_08_reg[1]/CLR
                                                              6.848         
i_platform/i_rtl/platform_controller/i_rvx_instance_3/rvx_signal_05_reg[1]/C
                               i_platform/i_rtl/i_snim_common_peri_group_no_name/i_munoc_instance_1/i_munoc_instance_7/i_munoc_instance_1/munoc_port_08_reg[2]/CLR
                                                              6.848         
i_platform/i_rtl/platform_controller/i_rvx_instance_3/rvx_signal_05_reg[1]/C
                               i_platform/i_rtl/i_snim_common_peri_group_no_name/i_munoc_instance_1/i_munoc_instance_7/i_munoc_instance_1/munoc_port_08_reg[4]/CLR
                                                              6.848         
i_platform/i_rtl/platform_controller/i_rvx_instance_3/rvx_signal_05_reg[1]/C
                               i_platform/i_rtl/i_snim_common_peri_group_no_name/i_munoc_instance_0/i_munoc_instance_3/i_munoc_instance_1/i_rvx_instance_1/i_rvx_instance_0/rvx_port_10_reg[3]/CLR
                                                              6.908         
i_platform/i_rtl/platform_controller/i_rvx_instance_3/rvx_signal_05_reg[1]/C
                               i_platform/i_rtl/i_snim_common_peri_group_no_name/i_munoc_instance_0/i_munoc_instance_3/i_munoc_instance_1/i_rvx_instance_1/i_rvx_instance_0/rvx_port_10_reg[7]/CLR
                                                              6.908         
i_platform/i_rtl/platform_controller/i_rvx_instance_3/rvx_signal_05_reg[1]/C
                               i_platform/i_rtl/i_snim_common_peri_group_no_name/i_munoc_instance_0/i_munoc_instance_3/i_munoc_instance_1/i_rvx_instance_1/i_rvx_instance_0/rvx_port_10_reg[6]/CLR
                                                              6.934         
i_platform/i_rtl/platform_controller/i_rvx_instance_3/rvx_signal_05_reg[1]/C
                               i_platform/i_rtl/i_snim_common_peri_group_no_name/i_munoc_instance_1/i_munoc_instance_7/i_munoc_instance_1/munoc_port_01_reg[1]/CLR
                                                              6.991         
i_platform/i_rtl/platform_controller/i_rvx_instance_3/rvx_signal_05_reg[1]/C
                               i_platform/i_rtl/i_snim_common_peri_group_no_name/i_munoc_instance_1/i_munoc_instance_7/i_munoc_instance_1/munoc_signal_03_reg[4]/CLR
                                                              6.991         
i_platform/i_rtl/platform_controller/i_rvx_instance_3/rvx_signal_05_reg[1]/C
                               i_platform/i_rtl/i_snim_common_peri_group_no_name/i_munoc_instance_1/i_munoc_instance_7/i_munoc_instance_1/munoc_signal_03_reg[6]/CLR
                                                              6.991         
i_platform/i_rtl/platform_controller/i_rvx_instance_3/rvx_signal_05_reg[2]/C
                               i_platform/i_rtl/external_peri_group/i_rvx_instance_08/rvx_signal_33_reg[28]/CLR
                                                              7.088         
i_platform/i_rtl/platform_controller/i_rvx_instance_3/rvx_signal_05_reg[2]/C
                               i_platform/i_rtl/external_peri_group/i_rvx_instance_08/rvx_signal_19_reg[26]/CLR
                                                              7.093         
i_platform/i_rtl/platform_controller/i_rvx_instance_3/rvx_signal_05_reg[1]/C
                               i_platform/i_rtl/i_snim_common_peri_group_no_name/i_munoc_instance_1/i_munoc_instance_7/i_munoc_instance_1/munoc_port_08_reg[3]/CLR
                                                              7.150         
i_platform/i_rtl/platform_controller/i_rvx_instance_3/rvx_signal_05_reg[1]/C
                               i_platform/i_rtl/i_snim_common_peri_group_no_name/i_munoc_instance_1/i_munoc_instance_7/i_munoc_instance_1/munoc_port_08_reg[5]/CLR
                                                              7.150         
i_platform/i_rtl/platform_controller/i_rvx_instance_3/rvx_signal_05_reg[1]/C
                               i_platform/i_rtl/i_snim_common_peri_group_no_name/i_munoc_instance_1/i_munoc_instance_7/i_munoc_instance_1/munoc_port_08_reg[6]/CLR
                                                              7.150         
i_platform/i_rtl/platform_controller/i_rvx_instance_3/rvx_signal_05_reg[1]/C
                               i_platform/i_rtl/i_snim_common_peri_group_no_name/i_munoc_instance_1/i_munoc_instance_7/i_munoc_instance_1/munoc_port_08_reg[7]/CLR
                                                              7.150         
i_platform/i_rtl/platform_controller/i_rvx_instance_3/rvx_signal_05_reg[1]/C
                               i_platform/i_rtl/i_snim_common_peri_group_no_name/i_munoc_instance_1/i_munoc_instance_7/i_munoc_instance_1/munoc_port_08_reg[10]/CLR
                                                              7.168         
i_platform/i_rtl/platform_controller/i_rvx_instance_3/rvx_signal_05_reg[1]/C
                               i_platform/i_rtl/i_snim_common_peri_group_no_name/i_munoc_instance_1/i_munoc_instance_7/i_munoc_instance_1/munoc_port_08_reg[12]/CLR
                                                              7.168         
i_platform/i_rtl/platform_controller/i_rvx_instance_3/rvx_signal_05_reg[2]/C
                               i_platform/i_rtl/external_peri_group/i_rvx_instance_08/rvx_signal_29_reg[28]/CLR
                                                              7.227         
i_platform/i_rtl/platform_controller/i_rvx_instance_3/rvx_signal_05_reg[2]/C
                               i_platform/i_rtl/external_peri_group/i_rvx_instance_08/rvx_signal_31_reg[25]/CLR
                                                              7.232         
i_platform/i_rtl/platform_controller/i_rvx_instance_3/rvx_signal_05_reg[2]/C
                               i_platform/i_rtl/external_peri_group/i_rvx_instance_08/rvx_signal_31_reg[28]/CLR
                                                              7.232         
i_platform/i_rtl/platform_controller/i_rvx_instance_3/rvx_signal_05_reg[1]/C
                               i_platform/i_rtl/i_snim_common_peri_group_no_name/i_munoc_instance_1/i_munoc_instance_7/i_munoc_instance_1/munoc_port_08_reg[11]/CLR
                                                              7.311         
i_platform/i_rtl/platform_controller/i_rvx_instance_3/rvx_signal_05_reg[1]/C
                               i_platform/i_rtl/i_snim_common_peri_group_no_name/i_munoc_instance_1/i_munoc_instance_7/i_munoc_instance_1/munoc_port_08_reg[13]/CLR
                                                              7.311         
i_platform/i_rtl/platform_controller/i_rvx_instance_3/rvx_signal_05_reg[1]/C
                               i_platform/i_rtl/i_snim_common_peri_group_no_name/i_munoc_instance_1/i_munoc_instance_7/i_munoc_instance_1/munoc_port_08_reg[8]/CLR
                                                              7.311         
i_platform/i_rtl/platform_controller/i_rvx_instance_3/rvx_signal_05_reg[1]/C
                               i_platform/i_rtl/i_snim_common_peri_group_no_name/i_munoc_instance_1/i_munoc_instance_7/i_munoc_instance_1/munoc_port_08_reg[9]/CLR
                                                              7.311         
i_platform/i_rtl/platform_controller/i_rvx_instance_3/rvx_signal_05_reg[2]/C
                               i_platform/i_rtl/external_peri_group/i_rvx_instance_08/rvx_signal_62_reg[25]/CLR
                                                              7.360         
i_platform/i_rtl/platform_controller/i_rvx_instance_3/rvx_signal_05_reg[2]/C
                               i_platform/i_rtl/external_peri_group/i_rvx_instance_08/rvx_signal_62_reg[9]/CLR
                                                              7.364         
i_platform/i_rtl/platform_controller/i_rvx_instance_3/rvx_signal_05_reg[2]/C
                               i_platform/i_rtl/external_peri_group/i_rvx_instance_08/rvx_signal_49_reg[25]/CLR
                                                              7.377         
i_platform/i_rtl/platform_controller/i_rvx_instance_3/rvx_signal_05_reg[2]/C
                               i_platform/i_rtl/external_peri_group/i_rvx_instance_08/rvx_signal_49_reg[28]/CLR
                                                              7.377         
i_platform/i_rtl/platform_controller/i_rvx_instance_3/rvx_signal_05_reg[2]/C
                               i_platform/i_rtl/external_peri_group/i_rvx_instance_08/rvx_signal_49_reg[9]/CLR
                                                              7.377         
i_platform/i_rtl/platform_controller/i_rvx_instance_3/rvx_signal_05_reg[2]/C
                               i_platform/i_rtl/external_peri_group/i_rvx_instance_08/rvx_signal_33_reg[25]/CLR
                                                              7.381         
i_platform/i_rtl/platform_controller/i_rvx_instance_3/rvx_signal_05_reg[2]/C
                               i_platform/i_rtl/external_peri_group/i_rvx_instance_08/rvx_signal_33_reg[9]/CLR
                                                              7.381         
i_platform/i_rtl/platform_controller/i_rvx_instance_3/rvx_signal_05_reg[1]/C
                               i_platform/i_rtl/i_snim_common_peri_group_no_name/i_munoc_instance_1/i_munoc_instance_7/i_munoc_instance_1/munoc_port_08_reg[14]/CLR
                                                              7.461         
i_platform/i_rtl/platform_controller/i_rvx_instance_3/rvx_signal_05_reg[2]/C
                               i_platform/i_rtl/external_peri_group/i_rvx_instance_08/rvx_signal_19_reg[25]/CLR
                                                              7.520         
i_platform/i_rtl/platform_controller/i_rvx_instance_3/rvx_signal_05_reg[2]/C
                               i_platform/i_rtl/external_peri_group/i_rvx_instance_08/rvx_signal_19_reg[7]/CLR
                                                              7.520         
i_platform/i_rtl/platform_controller/i_rvx_instance_3/rvx_signal_05_reg[2]/C
                               i_platform/i_rtl/external_peri_group/i_rvx_instance_08/rvx_signal_19_reg[8]/CLR
                                                              7.520         
i_platform/i_rtl/platform_controller/i_rvx_instance_3/rvx_signal_05_reg[2]/C
                               i_platform/i_rtl/external_peri_group/i_rvx_instance_08/rvx_signal_19_reg[9]/CLR
                                                              7.520         
i_platform/i_rtl/platform_controller/i_rvx_instance_3/rvx_signal_05_reg[2]/C
                               i_platform/i_rtl/external_peri_group/i_rvx_instance_08/rvx_signal_29_reg[25]/CLR
                                                              7.524         
i_platform/i_rtl/platform_controller/i_rvx_instance_3/rvx_signal_05_reg[2]/C
                               i_platform/i_rtl/external_peri_group/i_rvx_instance_08/rvx_signal_29_reg[9]/CLR
                                                              7.524         
i_platform/i_rtl/platform_controller/i_rvx_instance_3/rvx_signal_05_reg[2]/C
                               i_platform/i_rtl/external_peri_group/i_rvx_instance_08/rvx_signal_62_reg[7]/CLR
                                                              7.536         
i_platform/i_rtl/platform_controller/i_rvx_instance_3/rvx_signal_05_reg[2]/C
                               i_platform/i_rtl/external_peri_group/i_rvx_instance_07/rvx_signal_19_reg[0]/CLR
                                                              7.540         
i_platform/i_rtl/platform_controller/i_rvx_instance_3/rvx_signal_05_reg[2]/C
                               i_platform/i_rtl/external_peri_group/i_rvx_instance_08/rvx_signal_31_reg[8]/CLR
                                                              7.680         
i_platform/i_rtl/platform_controller/i_rvx_instance_3/rvx_signal_05_reg[2]/C
                               i_platform/i_rtl/external_peri_group/i_rvx_instance_08/rvx_signal_31_reg[9]/CLR
                                                              7.680         
i_platform/i_rtl/platform_controller/i_rvx_instance_3/rvx_signal_05_reg[2]/C
                               i_platform/i_rtl/external_peri_group/i_rvx_instance_08/rvx_signal_38_reg[1]/CLR
                                                              7.684         
i_platform/i_rtl/platform_controller/i_rvx_instance_3/rvx_signal_05_reg[2]/C
                               i_platform/i_rtl/external_peri_group/i_rvx_instance_08/rvx_signal_38_reg[8]/CLR
                                                              7.684         
i_platform/i_rtl/platform_controller/i_rvx_instance_3/rvx_signal_05_reg[2]/C
                               i_platform/i_rtl/external_peri_group/i_rvx_instance_08/rvx_signal_38_reg[9]/CLR
                                                              7.684         
i_platform/i_rtl/platform_controller/i_rvx_instance_3/rvx_signal_05_reg[1]/C
                               i_platform/i_rtl/i_snim_common_peri_group_no_name/i_munoc_instance_0/i_munoc_instance_3/i_munoc_instance_1/i_rvx_instance_1/i_rvx_instance_0/rvx_port_10_reg[1]/CLR
                                                              7.701         
i_platform/i_rtl/platform_controller/i_rvx_instance_3/rvx_signal_05_reg[2]/C
                               i_platform/i_rtl/external_peri_group/i_rvx_instance_08/rvx_signal_38_reg[11]/CLR
                                                              7.737         
i_platform/i_rtl/platform_controller/i_rvx_instance_3/rvx_signal_05_reg[2]/C
                               i_platform/i_rtl/external_peri_group/i_rvx_instance_08/rvx_signal_38_reg[12]/CLR
                                                              7.737         
i_platform/i_rtl/platform_controller/i_rvx_instance_3/rvx_signal_05_reg[2]/C
                               i_platform/i_rtl/external_peri_group/i_rvx_instance_08/rvx_signal_38_reg[3]/CLR
                                                              7.737         
i_platform/i_rtl/platform_controller/i_rvx_instance_3/rvx_signal_05_reg[2]/C
                               i_platform/i_rtl/external_peri_group/i_rvx_instance_08/rvx_signal_38_reg[5]/CLR
                                                              7.737         
i_platform/i_rtl/platform_controller/i_rvx_instance_3/rvx_signal_05_reg[2]/C
                               i_platform/i_rtl/external_peri_group/i_rvx_instance_08/rvx_signal_38_reg[7]/CLR
                                                              7.737         
i_platform/i_rtl/platform_controller/i_rvx_instance_3/rvx_signal_05_reg[5]/C
                               i_platform/i_rtl/i_main_core/i_orca/core/D__0/the_register_file/bypass_gen.registers_reg[21][17]/CLR
                                                              7.747         
i_platform/i_rtl/platform_controller/i_rvx_instance_3/rvx_signal_05_reg[5]/C
                               i_platform/i_rtl/i_main_core/i_orca/core/D__0/the_register_file/bypass_gen.registers_reg[4][24]/CLR
                                                              7.751         
i_platform/i_rtl/platform_controller/i_rvx_instance_3/rvx_signal_05_reg[5]/C
                               i_platform/i_rtl/i_main_core/i_orca/core/D__0/the_register_file/bypass_gen.registers_reg[5][12]/CLR
                                                              7.774         
i_platform/i_rtl/platform_controller/i_rvx_instance_3/rvx_signal_05_reg[5]/C
                               i_platform/i_rtl/i_main_core/i_orca/core/D__0/the_register_file/bypass_gen.registers_reg[5][8]/CLR
                                                              7.774         
i_platform/i_rtl/platform_controller/i_rvx_instance_3/rvx_signal_05_reg[5]/C
                               i_platform/i_rtl/i_main_core/i_orca/core/D__0/the_register_file/bypass_gen.registers_reg[0][12]/CLR
                                                              7.779         
i_platform/i_rtl/platform_controller/i_rvx_instance_3/rvx_signal_05_reg[5]/C
                               i_platform/i_rtl/i_main_core/i_orca/core/D__0/the_register_file/bypass_gen.registers_reg[0][8]/CLR
                                                              7.779         
i_platform/i_rtl/platform_controller/i_rvx_instance_3/rvx_signal_05_reg[2]/C
                               i_platform/i_rtl/external_peri_group/i_gen_valid_uart[0].i_rvx_instance_05/i_rvx_instance_0/i_rvx_instance_0/i_rvx_instance_0/rvx_signal_14_reg[0]/CLR
                                                              7.832         
i_platform/i_rtl/platform_controller/i_rvx_instance_3/rvx_signal_05_reg[2]/C
                               i_platform/i_rtl/external_peri_group/i_rvx_instance_08/rvx_signal_49_reg[1]/CLR
                                                              7.888         
i_platform/i_rtl/platform_controller/i_rvx_instance_3/rvx_signal_05_reg[2]/C
                               i_platform/i_rtl/external_peri_group/i_rvx_instance_08/rvx_signal_49_reg[6]/CLR
                                                              7.888         
i_platform/i_rtl/platform_controller/i_rvx_instance_3/rvx_signal_05_reg[5]/C
                               i_platform/i_rtl/i_main_core/i_orca/core/D__0/the_register_file/bypass_gen.registers_reg[5][17]/CLR
                                                              7.892         
i_platform/i_rtl/platform_controller/i_rvx_instance_3/rvx_signal_05_reg[5]/C
                               i_platform/i_rtl/i_main_core/i_orca/core/D__0/the_register_file/bypass_gen.registers_reg[5][24]/CLR
                                                              7.892         
i_platform/i_rtl/platform_controller/i_rvx_instance_3/rvx_signal_05_reg[5]/C
                               i_platform/i_rtl/i_main_core/i_orca/core/D__0/the_register_file/bypass_gen.registers_reg[5][29]/CLR
                                                              7.892         
i_platform/i_rtl/platform_controller/i_rvx_instance_3/rvx_signal_05_reg[2]/C
                               i_platform/i_rtl/external_peri_group/i_rvx_instance_08/rvx_signal_38_reg[0]/CLR
                                                              7.892         
i_platform/i_rtl/platform_controller/i_rvx_instance_3/rvx_signal_05_reg[2]/C
                               i_platform/i_rtl/external_peri_group/i_rvx_instance_08/rvx_signal_38_reg[10]/CLR
                                                              7.892         
i_platform/i_rtl/platform_controller/i_rvx_instance_3/rvx_signal_05_reg[2]/C
                               i_platform/i_rtl/external_peri_group/i_rvx_instance_08/rvx_signal_38_reg[13]/CLR
                                                              7.892         
i_platform/i_rtl/platform_controller/i_rvx_instance_3/rvx_signal_05_reg[2]/C
                               i_platform/i_rtl/external_peri_group/i_rvx_instance_08/rvx_signal_38_reg[2]/CLR
                                                              7.892         
i_platform/i_rtl/platform_controller/i_rvx_instance_3/rvx_signal_05_reg[2]/C
                               i_platform/i_rtl/external_peri_group/i_rvx_instance_08/rvx_signal_38_reg[4]/CLR
                                                              7.892         
i_platform/i_rtl/platform_controller/i_rvx_instance_3/rvx_signal_05_reg[2]/C
                               i_platform/i_rtl/external_peri_group/i_rvx_instance_08/rvx_signal_38_reg[6]/CLR
                                                              7.892         
i_platform/i_rtl/platform_controller/i_rvx_instance_3/rvx_signal_05_reg[5]/C
                               i_platform/i_rtl/i_main_core/i_orca/core/D__0/the_register_file/bypass_gen.registers_reg[20][17]/CLR
                                                              7.896         
i_platform/i_rtl/platform_controller/i_rvx_instance_3/rvx_signal_05_reg[5]/C
                               i_platform/i_rtl/i_main_core/i_orca/core/D__0/the_register_file/bypass_gen.registers_reg[2][12]/CLR
                                                              7.916         
i_platform/i_rtl/platform_controller/i_rvx_instance_3/rvx_signal_05_reg[5]/C
                               i_platform/i_rtl/i_main_core/i_orca/core/D__0/the_register_file/bypass_gen.registers_reg[2][15]/CLR
                                                              7.916         
i_platform/i_rtl/platform_controller/i_rvx_instance_3/rvx_signal_05_reg[5]/C
                               i_platform/i_rtl/i_main_core/i_orca/core/D__0/the_register_file/bypass_gen.registers_reg[2][16]/CLR
                                                              7.916         
i_platform/i_rtl/platform_controller/i_rvx_instance_3/rvx_signal_05_reg[5]/C
                               i_platform/i_rtl/i_main_core/i_orca/core/D__0/the_register_file/bypass_gen.registers_reg[2][8]/CLR
                                                              7.916         
i_platform/i_rtl/platform_controller/i_rvx_instance_3/rvx_signal_05_reg[5]/C
                               i_platform/i_rtl/i_main_core/i_orca/core/D__0/the_register_file/bypass_gen.registers_reg[12][8]/CLR
                                                              7.920         
i_platform/i_rtl/platform_controller/i_rvx_instance_3/rvx_signal_05_reg[2]/C
                               i_platform/i_rtl/external_peri_group/i_gen_valid_uart[0].i_rvx_instance_05/i_rvx_instance_0/i_rvx_instance_0/i_rvx_instance_0/rvx_signal_14_reg[6]/CLR
                                                              7.989         
i_platform/i_rtl/platform_controller/i_rvx_instance_3/rvx_signal_05_reg[2]/C
                               i_platform/i_rtl/external_peri_group/i_rvx_instance_08/rvx_signal_31_reg[0]/CLR
                                                              8.021         
i_platform/i_rtl/platform_controller/i_rvx_instance_3/rvx_signal_05_reg[2]/C
                               i_platform/i_rtl/external_peri_group/i_rvx_instance_08/rvx_signal_31_reg[1]/CLR
                                                              8.021         
i_platform/i_rtl/platform_controller/i_rvx_instance_3/rvx_signal_05_reg[2]/C
                               i_platform/i_rtl/external_peri_group/i_rvx_instance_08/rvx_signal_31_reg[2]/CLR
                                                              8.021         
i_platform/i_rtl/platform_controller/i_rvx_instance_3/rvx_signal_05_reg[2]/C
                               i_platform/i_rtl/external_peri_group/i_rvx_instance_08/rvx_signal_31_reg[3]/CLR
                                                              8.021         
i_platform/i_rtl/platform_controller/i_rvx_instance_3/rvx_signal_05_reg[2]/C
                               i_platform/i_rtl/external_peri_group/i_rvx_instance_08/rvx_signal_31_reg[6]/CLR
                                                              8.021         
i_platform/i_rtl/platform_controller/i_rvx_instance_3/rvx_signal_05_reg[2]/C
                               i_platform/i_rtl/external_peri_group/i_rvx_instance_08/rvx_signal_18_reg[0]/CLR
                                                              8.025         
i_platform/i_rtl/platform_controller/i_rvx_instance_3/rvx_signal_05_reg[2]/C
                               i_platform/i_rtl/external_peri_group/i_rvx_instance_08/rvx_signal_18_reg[2]/CLR
                                                              8.025         
i_platform/i_rtl/platform_controller/i_rvx_instance_3/rvx_signal_05_reg[2]/C
                               i_platform/i_rtl/external_peri_group/i_rvx_instance_08/rvx_signal_18_reg[3]/CLR
                                                              8.025         
i_platform/i_rtl/platform_controller/i_rvx_instance_3/rvx_signal_05_reg[2]/C
                               i_platform/i_rtl/external_peri_group/i_rvx_instance_08/rvx_signal_19_reg[0]/CLR
                                                              8.040         
i_platform/i_rtl/platform_controller/i_rvx_instance_3/rvx_signal_05_reg[2]/C
                               i_platform/i_rtl/external_peri_group/i_rvx_instance_08/rvx_signal_19_reg[6]/CLR
                                                              8.040         
i_platform/i_rtl/platform_controller/i_rvx_instance_3/rvx_signal_05_reg[2]/C
                               i_platform/i_rtl/external_peri_group/i_rvx_instance_08/rvx_signal_18_reg[6]/CLR
                                                              8.044         
i_platform/i_rtl/platform_controller/i_rvx_instance_3/rvx_signal_05_reg[5]/C
                               i_platform/i_rtl/i_main_core/i_orca/core/D__0/the_register_file/bypass_gen.registers_reg[2][17]/CLR
                                                              8.048         
i_platform/i_rtl/platform_controller/i_rvx_instance_3/rvx_signal_05_reg[5]/C
                               i_platform/i_rtl/i_main_core/i_orca/core/D__0/the_register_file/bypass_gen.registers_reg[2][24]/CLR
                                                              8.048         
i_platform/i_rtl/platform_controller/i_rvx_instance_3/rvx_signal_05_reg[5]/C
                               i_platform/i_rtl/i_main_core/i_orca/core/D__0/the_register_file/bypass_gen.registers_reg[1][17]/CLR
                                                              8.052         
i_platform/i_rtl/platform_controller/i_rvx_instance_3/rvx_signal_05_reg[5]/C
                               i_platform/i_rtl/i_main_core/i_orca/core/D__0/the_register_file/bypass_gen.registers_reg[1][24]/CLR
                                                              8.052         
i_platform/i_rtl/platform_controller/i_rvx_instance_3/rvx_signal_05_reg[5]/C
                               i_platform/i_rtl/i_main_core/i_orca/core/D__0/the_register_file/bypass_gen.registers_reg[1][29]/CLR
                                                              8.052         
i_platform/i_rtl/platform_controller/i_rvx_instance_3/rvx_signal_05_reg[5]/C
                               i_platform/i_rtl/i_main_core/i_orca/core/D__0/the_register_file/bypass_gen.registers_reg[0][15]/CLR
                                                              8.068         
i_platform/i_rtl/platform_controller/i_rvx_instance_3/rvx_signal_05_reg[5]/C
                               i_platform/i_rtl/i_main_core/i_orca/core/D__0/the_register_file/bypass_gen.registers_reg[0][16]/CLR
                                                              8.068         
i_platform/i_rtl/platform_controller/i_rvx_instance_3/rvx_signal_05_reg[5]/C
                               i_platform/i_rtl/i_main_core/i_orca/core/D__0/the_register_file/bypass_gen.registers_reg[12][28]/CLR
                                                              8.072         
i_platform/i_rtl/platform_controller/i_rvx_instance_3/rvx_signal_05_reg[5]/C
                               i_platform/i_rtl/i_main_core/i_orca/core/D__0/the_register_file/bypass_gen.registers_reg[12][31]/CLR
                                                              8.072         
i_platform/i_rtl/platform_controller/i_rvx_instance_3/rvx_signal_05_reg[1]/C
                               i_platform/i_rtl/i_snim_common_peri_group_no_name/i_munoc_instance_1/i_munoc_instance_2/i_munoc_instance_0/i_gen_buffer[0].i_munoc_instance_1/i_rvx_instance_0/rvx_signal_0_reg[1]/CLR
                                                              8.092         
i_platform/i_rtl/platform_controller/i_rvx_instance_3/rvx_signal_05_reg[1]/C
                               i_platform/i_rtl/i_snim_common_peri_group_no_name/i_munoc_instance_1/i_munoc_instance_2/i_munoc_instance_0/i_gen_buffer[0].i_munoc_instance_1/i_rvx_instance_0/synch_value_reg[1]/CLR
                                                              8.092         
i_platform/i_system_ddr/nolabel_line70/u_xilinx_ddr3_ctrl_axi32_mig/u_memc_ui_top_axi/mem_intfc0/ddr_phy_top0/u_ddr_mc_phy_wrapper/u_ddr_mc_phy/ddr_phy_4lanes_0.u_ddr_phy_4lanes/ddr_byte_lane_D.ddr_byte_lane_D/ddr_byte_group_io/input_[1].iserdes_dq_.iserdesdq/CLKDIVP
                               i_platform/i_system_ddr/nolabel_line70/u_xilinx_ddr3_ctrl_axi32_mig/u_memc_ui_top_axi/mem_intfc0/ddr_phy_top0/u_ddr_mc_phy_wrapper/u_ddr_mc_phy/ddr_phy_4lanes_0.u_ddr_phy_4lanes/ddr_byte_lane_D.ddr_byte_lane_D/in_fifo_gen.in_fifo/D1[2]
                                                              11.267        
i_platform/i_system_ddr/nolabel_line70/u_xilinx_ddr3_ctrl_axi32_mig/u_memc_ui_top_axi/mem_intfc0/ddr_phy_top0/u_ddr_mc_phy_wrapper/u_ddr_mc_phy/ddr_phy_4lanes_0.u_ddr_phy_4lanes/ddr_byte_lane_D.ddr_byte_lane_D/ddr_byte_group_io/input_[1].iserdes_dq_.iserdesdq/CLKDIVP
                               i_platform/i_system_ddr/nolabel_line70/u_xilinx_ddr3_ctrl_axi32_mig/u_memc_ui_top_axi/mem_intfc0/ddr_phy_top0/u_ddr_mc_phy_wrapper/u_ddr_mc_phy/ddr_phy_4lanes_0.u_ddr_phy_4lanes/ddr_byte_lane_D.ddr_byte_lane_D/in_fifo_gen.in_fifo/D1[3]
                                                              11.288        
i_platform/i_system_ddr/nolabel_line70/u_xilinx_ddr3_ctrl_axi32_mig/u_memc_ui_top_axi/mem_intfc0/ddr_phy_top0/u_ddr_mc_phy_wrapper/u_ddr_mc_phy/ddr_phy_4lanes_0.u_ddr_phy_4lanes/ddr_byte_lane_D.ddr_byte_lane_D/ddr_byte_group_io/input_[1].iserdes_dq_.iserdesdq/CLKDIVP
                               i_platform/i_system_ddr/nolabel_line70/u_xilinx_ddr3_ctrl_axi32_mig/u_memc_ui_top_axi/mem_intfc0/ddr_phy_top0/u_ddr_mc_phy_wrapper/u_ddr_mc_phy/ddr_phy_4lanes_0.u_ddr_phy_4lanes/ddr_byte_lane_D.ddr_byte_lane_D/in_fifo_gen.in_fifo/D1[0]
                                                              11.289        
i_platform/i_system_ddr/nolabel_line70/u_xilinx_ddr3_ctrl_axi32_mig/u_memc_ui_top_axi/mem_intfc0/ddr_phy_top0/u_ddr_mc_phy_wrapper/u_ddr_mc_phy/ddr_phy_4lanes_0.u_ddr_phy_4lanes/ddr_byte_lane_D.ddr_byte_lane_D/ddr_byte_group_io/input_[1].iserdes_dq_.iserdesdq/CLKDIVP
                               i_platform/i_system_ddr/nolabel_line70/u_xilinx_ddr3_ctrl_axi32_mig/u_memc_ui_top_axi/mem_intfc0/ddr_phy_top0/u_ddr_mc_phy_wrapper/u_ddr_mc_phy/ddr_phy_4lanes_0.u_ddr_phy_4lanes/ddr_byte_lane_D.ddr_byte_lane_D/in_fifo_gen.in_fifo/D1[1]
                                                              11.289        
i_platform/i_system_ddr/nolabel_line70/u_xilinx_ddr3_ctrl_axi32_mig/u_memc_ui_top_axi/mem_intfc0/ddr_phy_top0/u_ddr_mc_phy_wrapper/u_ddr_mc_phy/ddr_phy_4lanes_0.u_ddr_phy_4lanes/ddr_byte_lane_C.ddr_byte_lane_C/ddr_byte_group_io/input_[1].iserdes_dq_.iserdesdq/CLKDIVP
                               i_platform/i_system_ddr/nolabel_line70/u_xilinx_ddr3_ctrl_axi32_mig/u_memc_ui_top_axi/mem_intfc0/ddr_phy_top0/u_ddr_mc_phy_wrapper/u_ddr_mc_phy/ddr_phy_4lanes_0.u_ddr_phy_4lanes/ddr_byte_lane_C.ddr_byte_lane_C/in_fifo_gen.in_fifo/D1[3]
                                                              11.305        
i_platform/i_system_ddr/nolabel_line70/u_xilinx_ddr3_ctrl_axi32_mig/u_memc_ui_top_axi/mem_intfc0/ddr_phy_top0/u_ddr_mc_phy_wrapper/u_ddr_mc_phy/ddr_phy_4lanes_0.u_ddr_phy_4lanes/ddr_byte_lane_C.ddr_byte_lane_C/ddr_byte_group_io/input_[1].iserdes_dq_.iserdesdq/CLKDIVP
                               i_platform/i_system_ddr/nolabel_line70/u_xilinx_ddr3_ctrl_axi32_mig/u_memc_ui_top_axi/mem_intfc0/ddr_phy_top0/u_ddr_mc_phy_wrapper/u_ddr_mc_phy/ddr_phy_4lanes_0.u_ddr_phy_4lanes/ddr_byte_lane_C.ddr_byte_lane_C/in_fifo_gen.in_fifo/D1[0]
                                                              11.306        
i_platform/i_system_ddr/nolabel_line70/u_xilinx_ddr3_ctrl_axi32_mig/u_memc_ui_top_axi/mem_intfc0/ddr_phy_top0/u_ddr_mc_phy_wrapper/u_ddr_mc_phy/ddr_phy_4lanes_0.u_ddr_phy_4lanes/ddr_byte_lane_C.ddr_byte_lane_C/ddr_byte_group_io/input_[1].iserdes_dq_.iserdesdq/CLKDIVP
                               i_platform/i_system_ddr/nolabel_line70/u_xilinx_ddr3_ctrl_axi32_mig/u_memc_ui_top_axi/mem_intfc0/ddr_phy_top0/u_ddr_mc_phy_wrapper/u_ddr_mc_phy/ddr_phy_4lanes_0.u_ddr_phy_4lanes/ddr_byte_lane_C.ddr_byte_lane_C/in_fifo_gen.in_fifo/D1[1]
                                                              11.306        
i_platform/i_system_ddr/nolabel_line70/u_xilinx_ddr3_ctrl_axi32_mig/u_memc_ui_top_axi/mem_intfc0/ddr_phy_top0/u_ddr_mc_phy_wrapper/u_ddr_mc_phy/ddr_phy_4lanes_0.u_ddr_phy_4lanes/ddr_byte_lane_C.ddr_byte_lane_C/ddr_byte_group_io/input_[1].iserdes_dq_.iserdesdq/CLKDIVP
                               i_platform/i_system_ddr/nolabel_line70/u_xilinx_ddr3_ctrl_axi32_mig/u_memc_ui_top_axi/mem_intfc0/ddr_phy_top0/u_ddr_mc_phy_wrapper/u_ddr_mc_phy/ddr_phy_4lanes_0.u_ddr_phy_4lanes/ddr_byte_lane_C.ddr_byte_lane_C/in_fifo_gen.in_fifo/D1[2]
                                                              11.306        
i_platform/i_system_ddr/nolabel_line70/u_xilinx_ddr3_ctrl_axi32_mig/u_memc_ui_top_axi/mem_intfc0/ddr_phy_top0/u_ddr_mc_phy_wrapper/u_ddr_mc_phy/ddr_phy_4lanes_0.u_ddr_phy_4lanes/ddr_byte_lane_D.ddr_byte_lane_D/ddr_byte_group_io/input_[3].iserdes_dq_.iserdesdq/CLKDIVP
                               i_platform/i_system_ddr/nolabel_line70/u_xilinx_ddr3_ctrl_axi32_mig/u_memc_ui_top_axi/mem_intfc0/ddr_phy_top0/u_ddr_mc_phy_wrapper/u_ddr_mc_phy/ddr_phy_4lanes_0.u_ddr_phy_4lanes/ddr_byte_lane_D.ddr_byte_lane_D/in_fifo_gen.in_fifo/D3[2]
                                                              11.319        
i_platform/i_system_ddr/nolabel_line70/u_xilinx_ddr3_ctrl_axi32_mig/u_memc_ui_top_axi/mem_intfc0/ddr_phy_top0/u_ddr_mc_phy_wrapper/u_ddr_mc_phy/ddr_phy_4lanes_0.u_ddr_phy_4lanes/ddr_byte_lane_D.ddr_byte_lane_D/ddr_byte_group_io/input_[2].iserdes_dq_.iserdesdq/CLKDIVP
                               i_platform/i_system_ddr/nolabel_line70/u_xilinx_ddr3_ctrl_axi32_mig/u_memc_ui_top_axi/mem_intfc0/ddr_phy_top0/u_ddr_mc_phy_wrapper/u_ddr_mc_phy/ddr_phy_4lanes_0.u_ddr_phy_4lanes/ddr_byte_lane_D.ddr_byte_lane_D/in_fifo_gen.in_fifo/D2[3]
                                                              11.337        
i_platform/i_system_ddr/nolabel_line70/u_xilinx_ddr3_ctrl_axi32_mig/u_memc_ui_top_axi/mem_intfc0/ddr_phy_top0/u_ddr_mc_phy_wrapper/u_ddr_mc_phy/ddr_phy_4lanes_0.u_ddr_phy_4lanes/ddr_byte_lane_D.ddr_byte_lane_D/ddr_byte_group_io/input_[2].iserdes_dq_.iserdesdq/CLKDIVP
                               i_platform/i_system_ddr/nolabel_line70/u_xilinx_ddr3_ctrl_axi32_mig/u_memc_ui_top_axi/mem_intfc0/ddr_phy_top0/u_ddr_mc_phy_wrapper/u_ddr_mc_phy/ddr_phy_4lanes_0.u_ddr_phy_4lanes/ddr_byte_lane_D.ddr_byte_lane_D/in_fifo_gen.in_fifo/D2[0]
                                                              11.338        
i_platform/i_system_ddr/nolabel_line70/u_xilinx_ddr3_ctrl_axi32_mig/u_memc_ui_top_axi/mem_intfc0/ddr_phy_top0/u_ddr_mc_phy_wrapper/u_ddr_mc_phy/ddr_phy_4lanes_0.u_ddr_phy_4lanes/ddr_byte_lane_D.ddr_byte_lane_D/ddr_byte_group_io/input_[2].iserdes_dq_.iserdesdq/CLKDIVP
                               i_platform/i_system_ddr/nolabel_line70/u_xilinx_ddr3_ctrl_axi32_mig/u_memc_ui_top_axi/mem_intfc0/ddr_phy_top0/u_ddr_mc_phy_wrapper/u_ddr_mc_phy/ddr_phy_4lanes_0.u_ddr_phy_4lanes/ddr_byte_lane_D.ddr_byte_lane_D/in_fifo_gen.in_fifo/D2[1]
                                                              11.338        
i_platform/i_system_ddr/nolabel_line70/u_xilinx_ddr3_ctrl_axi32_mig/u_memc_ui_top_axi/mem_intfc0/ddr_phy_top0/u_ddr_mc_phy_wrapper/u_ddr_mc_phy/ddr_phy_4lanes_0.u_ddr_phy_4lanes/ddr_byte_lane_D.ddr_byte_lane_D/ddr_byte_group_io/input_[2].iserdes_dq_.iserdesdq/CLKDIVP
                               i_platform/i_system_ddr/nolabel_line70/u_xilinx_ddr3_ctrl_axi32_mig/u_memc_ui_top_axi/mem_intfc0/ddr_phy_top0/u_ddr_mc_phy_wrapper/u_ddr_mc_phy/ddr_phy_4lanes_0.u_ddr_phy_4lanes/ddr_byte_lane_D.ddr_byte_lane_D/in_fifo_gen.in_fifo/D2[2]
                                                              11.338        
i_platform/i_system_ddr/nolabel_line70/u_xilinx_ddr3_ctrl_axi32_mig/u_memc_ui_top_axi/mem_intfc0/ddr_phy_top0/u_ddr_mc_phy_wrapper/u_ddr_mc_phy/ddr_phy_4lanes_0.u_ddr_phy_4lanes/ddr_byte_lane_D.ddr_byte_lane_D/ddr_byte_group_io/input_[3].iserdes_dq_.iserdesdq/CLKDIVP
                               i_platform/i_system_ddr/nolabel_line70/u_xilinx_ddr3_ctrl_axi32_mig/u_memc_ui_top_axi/mem_intfc0/ddr_phy_top0/u_ddr_mc_phy_wrapper/u_ddr_mc_phy/ddr_phy_4lanes_0.u_ddr_phy_4lanes/ddr_byte_lane_D.ddr_byte_lane_D/in_fifo_gen.in_fifo/D3[3]
                                                              11.340        
i_platform/i_system_ddr/nolabel_line70/u_xilinx_ddr3_ctrl_axi32_mig/u_memc_ui_top_axi/mem_intfc0/ddr_phy_top0/u_ddr_mc_phy_wrapper/u_ddr_mc_phy/ddr_phy_4lanes_0.u_ddr_phy_4lanes/ddr_byte_lane_D.ddr_byte_lane_D/ddr_byte_group_io/input_[3].iserdes_dq_.iserdesdq/CLKDIVP
                               i_platform/i_system_ddr/nolabel_line70/u_xilinx_ddr3_ctrl_axi32_mig/u_memc_ui_top_axi/mem_intfc0/ddr_phy_top0/u_ddr_mc_phy_wrapper/u_ddr_mc_phy/ddr_phy_4lanes_0.u_ddr_phy_4lanes/ddr_byte_lane_D.ddr_byte_lane_D/in_fifo_gen.in_fifo/D3[0]
                                                              11.341        
i_platform/i_system_ddr/nolabel_line70/u_xilinx_ddr3_ctrl_axi32_mig/u_memc_ui_top_axi/mem_intfc0/ddr_phy_top0/u_ddr_mc_phy_wrapper/u_ddr_mc_phy/ddr_phy_4lanes_0.u_ddr_phy_4lanes/ddr_byte_lane_D.ddr_byte_lane_D/ddr_byte_group_io/input_[3].iserdes_dq_.iserdesdq/CLKDIVP
                               i_platform/i_system_ddr/nolabel_line70/u_xilinx_ddr3_ctrl_axi32_mig/u_memc_ui_top_axi/mem_intfc0/ddr_phy_top0/u_ddr_mc_phy_wrapper/u_ddr_mc_phy/ddr_phy_4lanes_0.u_ddr_phy_4lanes/ddr_byte_lane_D.ddr_byte_lane_D/in_fifo_gen.in_fifo/D3[1]
                                                              11.341        
i_platform/i_system_ddr/nolabel_line70/u_xilinx_ddr3_ctrl_axi32_mig/u_memc_ui_top_axi/mem_intfc0/ddr_phy_top0/u_ddr_mc_phy_wrapper/u_ddr_mc_phy/ddr_phy_4lanes_0.u_ddr_phy_4lanes/ddr_byte_lane_C.ddr_byte_lane_C/ddr_byte_group_io/input_[2].iserdes_dq_.iserdesdq/CLKDIVP
                               i_platform/i_system_ddr/nolabel_line70/u_xilinx_ddr3_ctrl_axi32_mig/u_memc_ui_top_axi/mem_intfc0/ddr_phy_top0/u_ddr_mc_phy_wrapper/u_ddr_mc_phy/ddr_phy_4lanes_0.u_ddr_phy_4lanes/ddr_byte_lane_C.ddr_byte_lane_C/in_fifo_gen.in_fifo/D2[3]
                                                              11.354        
i_platform/i_system_ddr/nolabel_line70/u_xilinx_ddr3_ctrl_axi32_mig/u_memc_ui_top_axi/mem_intfc0/ddr_phy_top0/u_ddr_mc_phy_wrapper/u_ddr_mc_phy/ddr_phy_4lanes_0.u_ddr_phy_4lanes/ddr_byte_lane_C.ddr_byte_lane_C/ddr_byte_group_io/input_[2].iserdes_dq_.iserdesdq/CLKDIVP
                               i_platform/i_system_ddr/nolabel_line70/u_xilinx_ddr3_ctrl_axi32_mig/u_memc_ui_top_axi/mem_intfc0/ddr_phy_top0/u_ddr_mc_phy_wrapper/u_ddr_mc_phy/ddr_phy_4lanes_0.u_ddr_phy_4lanes/ddr_byte_lane_C.ddr_byte_lane_C/in_fifo_gen.in_fifo/D2[0]
                                                              11.355        
i_platform/i_system_ddr/nolabel_line70/u_xilinx_ddr3_ctrl_axi32_mig/u_memc_ui_top_axi/mem_intfc0/ddr_phy_top0/u_ddr_mc_phy_wrapper/u_ddr_mc_phy/ddr_phy_4lanes_0.u_ddr_phy_4lanes/ddr_byte_lane_C.ddr_byte_lane_C/ddr_byte_group_io/input_[2].iserdes_dq_.iserdesdq/CLKDIVP
                               i_platform/i_system_ddr/nolabel_line70/u_xilinx_ddr3_ctrl_axi32_mig/u_memc_ui_top_axi/mem_intfc0/ddr_phy_top0/u_ddr_mc_phy_wrapper/u_ddr_mc_phy/ddr_phy_4lanes_0.u_ddr_phy_4lanes/ddr_byte_lane_C.ddr_byte_lane_C/in_fifo_gen.in_fifo/D2[1]
                                                              11.355        
i_platform/i_system_ddr/nolabel_line70/u_xilinx_ddr3_ctrl_axi32_mig/u_memc_ui_top_axi/mem_intfc0/ddr_phy_top0/u_ddr_mc_phy_wrapper/u_ddr_mc_phy/ddr_phy_4lanes_0.u_ddr_phy_4lanes/ddr_byte_lane_C.ddr_byte_lane_C/ddr_byte_group_io/input_[2].iserdes_dq_.iserdesdq/CLKDIVP
                               i_platform/i_system_ddr/nolabel_line70/u_xilinx_ddr3_ctrl_axi32_mig/u_memc_ui_top_axi/mem_intfc0/ddr_phy_top0/u_ddr_mc_phy_wrapper/u_ddr_mc_phy/ddr_phy_4lanes_0.u_ddr_phy_4lanes/ddr_byte_lane_C.ddr_byte_lane_C/in_fifo_gen.in_fifo/D2[2]
                                                              11.355        
i_platform/i_system_ddr/nolabel_line70/u_xilinx_ddr3_ctrl_axi32_mig/u_memc_ui_top_axi/mem_intfc0/ddr_phy_top0/u_ddr_mc_phy_wrapper/u_ddr_mc_phy/ddr_phy_4lanes_0.u_ddr_phy_4lanes/ddr_byte_lane_C.ddr_byte_lane_C/ddr_byte_group_io/input_[3].iserdes_dq_.iserdesdq/CLKDIVP
                               i_platform/i_system_ddr/nolabel_line70/u_xilinx_ddr3_ctrl_axi32_mig/u_memc_ui_top_axi/mem_intfc0/ddr_phy_top0/u_ddr_mc_phy_wrapper/u_ddr_mc_phy/ddr_phy_4lanes_0.u_ddr_phy_4lanes/ddr_byte_lane_C.ddr_byte_lane_C/in_fifo_gen.in_fifo/D3[3]
                                                              11.357        
i_platform/i_system_ddr/nolabel_line70/u_xilinx_ddr3_ctrl_axi32_mig/u_memc_ui_top_axi/mem_intfc0/ddr_phy_top0/u_ddr_mc_phy_wrapper/u_ddr_mc_phy/ddr_phy_4lanes_0.u_ddr_phy_4lanes/ddr_byte_lane_C.ddr_byte_lane_C/ddr_byte_group_io/input_[3].iserdes_dq_.iserdesdq/CLKDIVP
                               i_platform/i_system_ddr/nolabel_line70/u_xilinx_ddr3_ctrl_axi32_mig/u_memc_ui_top_axi/mem_intfc0/ddr_phy_top0/u_ddr_mc_phy_wrapper/u_ddr_mc_phy/ddr_phy_4lanes_0.u_ddr_phy_4lanes/ddr_byte_lane_C.ddr_byte_lane_C/in_fifo_gen.in_fifo/D3[0]
                                                              11.358        
i_platform/i_system_ddr/nolabel_line70/u_xilinx_ddr3_ctrl_axi32_mig/u_memc_ui_top_axi/mem_intfc0/ddr_phy_top0/u_ddr_mc_phy_wrapper/u_ddr_mc_phy/ddr_phy_4lanes_0.u_ddr_phy_4lanes/ddr_byte_lane_C.ddr_byte_lane_C/ddr_byte_group_io/input_[3].iserdes_dq_.iserdesdq/CLKDIVP
                               i_platform/i_system_ddr/nolabel_line70/u_xilinx_ddr3_ctrl_axi32_mig/u_memc_ui_top_axi/mem_intfc0/ddr_phy_top0/u_ddr_mc_phy_wrapper/u_ddr_mc_phy/ddr_phy_4lanes_0.u_ddr_phy_4lanes/ddr_byte_lane_C.ddr_byte_lane_C/in_fifo_gen.in_fifo/D3[1]
                                                              11.358        
i_platform/i_system_ddr/nolabel_line70/u_xilinx_ddr3_ctrl_axi32_mig/u_memc_ui_top_axi/mem_intfc0/ddr_phy_top0/u_ddr_mc_phy_wrapper/u_ddr_mc_phy/ddr_phy_4lanes_0.u_ddr_phy_4lanes/ddr_byte_lane_C.ddr_byte_lane_C/ddr_byte_group_io/input_[3].iserdes_dq_.iserdesdq/CLKDIVP
                               i_platform/i_system_ddr/nolabel_line70/u_xilinx_ddr3_ctrl_axi32_mig/u_memc_ui_top_axi/mem_intfc0/ddr_phy_top0/u_ddr_mc_phy_wrapper/u_ddr_mc_phy/ddr_phy_4lanes_0.u_ddr_phy_4lanes/ddr_byte_lane_C.ddr_byte_lane_C/in_fifo_gen.in_fifo/D3[2]
                                                              11.358        
i_platform/i_system_ddr/nolabel_line70/u_xilinx_ddr3_ctrl_axi32_mig/u_memc_ui_top_axi/mem_intfc0/ddr_phy_top0/u_ddr_mc_phy_wrapper/u_ddr_mc_phy/ddr_phy_4lanes_0.u_ddr_phy_4lanes/ddr_byte_lane_D.ddr_byte_lane_D/ddr_byte_group_io/input_[8].iserdes_dq_.iserdesdq/CLKDIVP
                               i_platform/i_system_ddr/nolabel_line70/u_xilinx_ddr3_ctrl_axi32_mig/u_memc_ui_top_axi/mem_intfc0/ddr_phy_top0/u_ddr_mc_phy_wrapper/u_ddr_mc_phy/ddr_phy_4lanes_0.u_ddr_phy_4lanes/ddr_byte_lane_D.ddr_byte_lane_D/in_fifo_gen.in_fifo/D8[3]
                                                              11.360        
i_platform/i_system_ddr/nolabel_line70/u_xilinx_ddr3_ctrl_axi32_mig/u_memc_ui_top_axi/mem_intfc0/ddr_phy_top0/u_ddr_mc_phy_wrapper/u_ddr_mc_phy/ddr_phy_4lanes_0.u_ddr_phy_4lanes/ddr_byte_lane_D.ddr_byte_lane_D/ddr_byte_group_io/input_[8].iserdes_dq_.iserdesdq/CLKDIVP
                               i_platform/i_system_ddr/nolabel_line70/u_xilinx_ddr3_ctrl_axi32_mig/u_memc_ui_top_axi/mem_intfc0/ddr_phy_top0/u_ddr_mc_phy_wrapper/u_ddr_mc_phy/ddr_phy_4lanes_0.u_ddr_phy_4lanes/ddr_byte_lane_D.ddr_byte_lane_D/in_fifo_gen.in_fifo/D8[0]
                                                              11.361        
i_platform/i_system_ddr/nolabel_line70/u_xilinx_ddr3_ctrl_axi32_mig/u_memc_ui_top_axi/mem_intfc0/ddr_phy_top0/u_ddr_mc_phy_wrapper/u_ddr_mc_phy/ddr_phy_4lanes_0.u_ddr_phy_4lanes/ddr_byte_lane_D.ddr_byte_lane_D/ddr_byte_group_io/input_[8].iserdes_dq_.iserdesdq/CLKDIVP
                               i_platform/i_system_ddr/nolabel_line70/u_xilinx_ddr3_ctrl_axi32_mig/u_memc_ui_top_axi/mem_intfc0/ddr_phy_top0/u_ddr_mc_phy_wrapper/u_ddr_mc_phy/ddr_phy_4lanes_0.u_ddr_phy_4lanes/ddr_byte_lane_D.ddr_byte_lane_D/in_fifo_gen.in_fifo/D8[1]
                                                              11.361        
i_platform/i_system_ddr/nolabel_line70/u_xilinx_ddr3_ctrl_axi32_mig/u_memc_ui_top_axi/mem_intfc0/ddr_phy_top0/u_ddr_mc_phy_wrapper/u_ddr_mc_phy/ddr_phy_4lanes_0.u_ddr_phy_4lanes/ddr_byte_lane_D.ddr_byte_lane_D/ddr_byte_group_io/input_[8].iserdes_dq_.iserdesdq/CLKDIVP
                               i_platform/i_system_ddr/nolabel_line70/u_xilinx_ddr3_ctrl_axi32_mig/u_memc_ui_top_axi/mem_intfc0/ddr_phy_top0/u_ddr_mc_phy_wrapper/u_ddr_mc_phy/ddr_phy_4lanes_0.u_ddr_phy_4lanes/ddr_byte_lane_D.ddr_byte_lane_D/in_fifo_gen.in_fifo/D8[2]
                                                              11.361        
i_platform/i_system_ddr/nolabel_line70/u_xilinx_ddr3_ctrl_axi32_mig/u_memc_ui_top_axi/mem_intfc0/ddr_phy_top0/u_ddr_mc_phy_wrapper/u_ddr_mc_phy/ddr_phy_4lanes_0.u_ddr_phy_4lanes/ddr_byte_lane_C.ddr_byte_lane_C/ddr_byte_group_io/input_[8].iserdes_dq_.iserdesdq/CLKDIVP
                               i_platform/i_system_ddr/nolabel_line70/u_xilinx_ddr3_ctrl_axi32_mig/u_memc_ui_top_axi/mem_intfc0/ddr_phy_top0/u_ddr_mc_phy_wrapper/u_ddr_mc_phy/ddr_phy_4lanes_0.u_ddr_phy_4lanes/ddr_byte_lane_C.ddr_byte_lane_C/in_fifo_gen.in_fifo/D8[3]
                                                              11.377        
i_platform/i_system_ddr/nolabel_line70/u_xilinx_ddr3_ctrl_axi32_mig/u_memc_ui_top_axi/mem_intfc0/ddr_phy_top0/u_ddr_mc_phy_wrapper/u_ddr_mc_phy/ddr_phy_4lanes_0.u_ddr_phy_4lanes/ddr_byte_lane_C.ddr_byte_lane_C/ddr_byte_group_io/input_[8].iserdes_dq_.iserdesdq/CLKDIVP
                               i_platform/i_system_ddr/nolabel_line70/u_xilinx_ddr3_ctrl_axi32_mig/u_memc_ui_top_axi/mem_intfc0/ddr_phy_top0/u_ddr_mc_phy_wrapper/u_ddr_mc_phy/ddr_phy_4lanes_0.u_ddr_phy_4lanes/ddr_byte_lane_C.ddr_byte_lane_C/in_fifo_gen.in_fifo/D8[0]
                                                              11.378        
i_platform/i_system_ddr/nolabel_line70/u_xilinx_ddr3_ctrl_axi32_mig/u_memc_ui_top_axi/mem_intfc0/ddr_phy_top0/u_ddr_mc_phy_wrapper/u_ddr_mc_phy/ddr_phy_4lanes_0.u_ddr_phy_4lanes/ddr_byte_lane_C.ddr_byte_lane_C/ddr_byte_group_io/input_[8].iserdes_dq_.iserdesdq/CLKDIVP
                               i_platform/i_system_ddr/nolabel_line70/u_xilinx_ddr3_ctrl_axi32_mig/u_memc_ui_top_axi/mem_intfc0/ddr_phy_top0/u_ddr_mc_phy_wrapper/u_ddr_mc_phy/ddr_phy_4lanes_0.u_ddr_phy_4lanes/ddr_byte_lane_C.ddr_byte_lane_C/in_fifo_gen.in_fifo/D8[1]
                                                              11.378        
i_platform/i_system_ddr/nolabel_line70/u_xilinx_ddr3_ctrl_axi32_mig/u_memc_ui_top_axi/mem_intfc0/ddr_phy_top0/u_ddr_mc_phy_wrapper/u_ddr_mc_phy/ddr_phy_4lanes_0.u_ddr_phy_4lanes/ddr_byte_lane_C.ddr_byte_lane_C/ddr_byte_group_io/input_[8].iserdes_dq_.iserdesdq/CLKDIVP
                               i_platform/i_system_ddr/nolabel_line70/u_xilinx_ddr3_ctrl_axi32_mig/u_memc_ui_top_axi/mem_intfc0/ddr_phy_top0/u_ddr_mc_phy_wrapper/u_ddr_mc_phy/ddr_phy_4lanes_0.u_ddr_phy_4lanes/ddr_byte_lane_C.ddr_byte_lane_C/in_fifo_gen.in_fifo/D8[2]
                                                              11.378        
i_platform/i_system_ddr/nolabel_line70/u_xilinx_ddr3_ctrl_axi32_mig/u_memc_ui_top_axi/mem_intfc0/ddr_phy_top0/u_ddr_mc_phy_wrapper/u_ddr_mc_phy/ddr_phy_4lanes_0.u_ddr_phy_4lanes/ddr_byte_lane_D.ddr_byte_lane_D/ddr_byte_group_io/input_[7].iserdes_dq_.iserdesdq/CLKDIVP
                               i_platform/i_system_ddr/nolabel_line70/u_xilinx_ddr3_ctrl_axi32_mig/u_memc_ui_top_axi/mem_intfc0/ddr_phy_top0/u_ddr_mc_phy_wrapper/u_ddr_mc_phy/ddr_phy_4lanes_0.u_ddr_phy_4lanes/ddr_byte_lane_D.ddr_byte_lane_D/in_fifo_gen.in_fifo/D7[3]
                                                              11.379        
i_platform/i_system_ddr/nolabel_line70/u_xilinx_ddr3_ctrl_axi32_mig/u_memc_ui_top_axi/mem_intfc0/ddr_phy_top0/u_ddr_mc_phy_wrapper/u_ddr_mc_phy/ddr_phy_4lanes_0.u_ddr_phy_4lanes/ddr_byte_lane_D.ddr_byte_lane_D/ddr_byte_group_io/input_[7].iserdes_dq_.iserdesdq/CLKDIVP
                               i_platform/i_system_ddr/nolabel_line70/u_xilinx_ddr3_ctrl_axi32_mig/u_memc_ui_top_axi/mem_intfc0/ddr_phy_top0/u_ddr_mc_phy_wrapper/u_ddr_mc_phy/ddr_phy_4lanes_0.u_ddr_phy_4lanes/ddr_byte_lane_D.ddr_byte_lane_D/in_fifo_gen.in_fifo/D7[0]
                                                              11.380        
i_platform/i_system_ddr/nolabel_line70/u_xilinx_ddr3_ctrl_axi32_mig/u_memc_ui_top_axi/mem_intfc0/ddr_phy_top0/u_ddr_mc_phy_wrapper/u_ddr_mc_phy/ddr_phy_4lanes_0.u_ddr_phy_4lanes/ddr_byte_lane_D.ddr_byte_lane_D/ddr_byte_group_io/input_[7].iserdes_dq_.iserdesdq/CLKDIVP
                               i_platform/i_system_ddr/nolabel_line70/u_xilinx_ddr3_ctrl_axi32_mig/u_memc_ui_top_axi/mem_intfc0/ddr_phy_top0/u_ddr_mc_phy_wrapper/u_ddr_mc_phy/ddr_phy_4lanes_0.u_ddr_phy_4lanes/ddr_byte_lane_D.ddr_byte_lane_D/in_fifo_gen.in_fifo/D7[1]
                                                              11.380        
i_platform/i_system_ddr/nolabel_line70/u_xilinx_ddr3_ctrl_axi32_mig/u_memc_ui_top_axi/mem_intfc0/ddr_phy_top0/u_ddr_mc_phy_wrapper/u_ddr_mc_phy/ddr_phy_4lanes_0.u_ddr_phy_4lanes/ddr_byte_lane_D.ddr_byte_lane_D/ddr_byte_group_io/input_[7].iserdes_dq_.iserdesdq/CLKDIVP
                               i_platform/i_system_ddr/nolabel_line70/u_xilinx_ddr3_ctrl_axi32_mig/u_memc_ui_top_axi/mem_intfc0/ddr_phy_top0/u_ddr_mc_phy_wrapper/u_ddr_mc_phy/ddr_phy_4lanes_0.u_ddr_phy_4lanes/ddr_byte_lane_D.ddr_byte_lane_D/in_fifo_gen.in_fifo/D7[2]
                                                              11.380        
i_platform/i_system_ddr/nolabel_line70/u_xilinx_ddr3_ctrl_axi32_mig/u_memc_ui_top_axi/mem_intfc0/ddr_phy_top0/u_ddr_mc_phy_wrapper/u_ddr_mc_phy/ddr_phy_4lanes_0.u_ddr_phy_4lanes/ddr_byte_lane_D.ddr_byte_lane_D/ddr_byte_group_io/input_[6].iserdes_dq_.iserdesdq/CLKDIVP
                               i_platform/i_system_ddr/nolabel_line70/u_xilinx_ddr3_ctrl_axi32_mig/u_memc_ui_top_axi/mem_intfc0/ddr_phy_top0/u_ddr_mc_phy_wrapper/u_ddr_mc_phy/ddr_phy_4lanes_0.u_ddr_phy_4lanes/ddr_byte_lane_D.ddr_byte_lane_D/in_fifo_gen.in_fifo/D6[3]
                                                              11.381        
i_platform/i_system_ddr/nolabel_line70/u_xilinx_ddr3_ctrl_axi32_mig/u_memc_ui_top_axi/mem_intfc0/ddr_phy_top0/u_ddr_mc_phy_wrapper/u_ddr_mc_phy/ddr_phy_4lanes_0.u_ddr_phy_4lanes/ddr_byte_lane_D.ddr_byte_lane_D/ddr_byte_group_io/input_[6].iserdes_dq_.iserdesdq/CLKDIVP
                               i_platform/i_system_ddr/nolabel_line70/u_xilinx_ddr3_ctrl_axi32_mig/u_memc_ui_top_axi/mem_intfc0/ddr_phy_top0/u_ddr_mc_phy_wrapper/u_ddr_mc_phy/ddr_phy_4lanes_0.u_ddr_phy_4lanes/ddr_byte_lane_D.ddr_byte_lane_D/in_fifo_gen.in_fifo/D6[0]
                                                              11.382        
i_platform/i_system_ddr/nolabel_line70/u_xilinx_ddr3_ctrl_axi32_mig/u_memc_ui_top_axi/mem_intfc0/ddr_phy_top0/u_ddr_mc_phy_wrapper/u_ddr_mc_phy/ddr_phy_4lanes_0.u_ddr_phy_4lanes/ddr_byte_lane_D.ddr_byte_lane_D/ddr_byte_group_io/input_[6].iserdes_dq_.iserdesdq/CLKDIVP
                               i_platform/i_system_ddr/nolabel_line70/u_xilinx_ddr3_ctrl_axi32_mig/u_memc_ui_top_axi/mem_intfc0/ddr_phy_top0/u_ddr_mc_phy_wrapper/u_ddr_mc_phy/ddr_phy_4lanes_0.u_ddr_phy_4lanes/ddr_byte_lane_D.ddr_byte_lane_D/in_fifo_gen.in_fifo/D6[1]
                                                              11.382        
i_platform/i_system_ddr/nolabel_line70/u_xilinx_ddr3_ctrl_axi32_mig/u_memc_ui_top_axi/mem_intfc0/ddr_phy_top0/u_ddr_mc_phy_wrapper/u_ddr_mc_phy/ddr_phy_4lanes_0.u_ddr_phy_4lanes/ddr_byte_lane_D.ddr_byte_lane_D/ddr_byte_group_io/input_[6].iserdes_dq_.iserdesdq/CLKDIVP
                               i_platform/i_system_ddr/nolabel_line70/u_xilinx_ddr3_ctrl_axi32_mig/u_memc_ui_top_axi/mem_intfc0/ddr_phy_top0/u_ddr_mc_phy_wrapper/u_ddr_mc_phy/ddr_phy_4lanes_0.u_ddr_phy_4lanes/ddr_byte_lane_D.ddr_byte_lane_D/in_fifo_gen.in_fifo/D6[2]
                                                              11.382        
i_platform/i_system_ddr/nolabel_line70/u_xilinx_ddr3_ctrl_axi32_mig/u_memc_ui_top_axi/mem_intfc0/ddr_phy_top0/u_ddr_mc_phy_wrapper/u_ddr_mc_phy/ddr_phy_4lanes_0.u_ddr_phy_4lanes/ddr_byte_lane_D.ddr_byte_lane_D/ddr_byte_group_io/input_[4].iserdes_dq_.iserdesdq/CLKDIVP
                               i_platform/i_system_ddr/nolabel_line70/u_xilinx_ddr3_ctrl_axi32_mig/u_memc_ui_top_axi/mem_intfc0/ddr_phy_top0/u_ddr_mc_phy_wrapper/u_ddr_mc_phy/ddr_phy_4lanes_0.u_ddr_phy_4lanes/ddr_byte_lane_D.ddr_byte_lane_D/in_fifo_gen.in_fifo/D4[3]
                                                              11.386        
i_platform/i_system_ddr/nolabel_line70/u_xilinx_ddr3_ctrl_axi32_mig/u_memc_ui_top_axi/mem_intfc0/ddr_phy_top0/u_ddr_mc_phy_wrapper/u_ddr_mc_phy/ddr_phy_4lanes_0.u_ddr_phy_4lanes/ddr_byte_lane_D.ddr_byte_lane_D/ddr_byte_group_io/input_[4].iserdes_dq_.iserdesdq/CLKDIVP
                               i_platform/i_system_ddr/nolabel_line70/u_xilinx_ddr3_ctrl_axi32_mig/u_memc_ui_top_axi/mem_intfc0/ddr_phy_top0/u_ddr_mc_phy_wrapper/u_ddr_mc_phy/ddr_phy_4lanes_0.u_ddr_phy_4lanes/ddr_byte_lane_D.ddr_byte_lane_D/in_fifo_gen.in_fifo/D4[0]
                                                              11.387        
i_platform/i_system_ddr/nolabel_line70/u_xilinx_ddr3_ctrl_axi32_mig/u_memc_ui_top_axi/mem_intfc0/ddr_phy_top0/u_ddr_mc_phy_wrapper/u_ddr_mc_phy/ddr_phy_4lanes_0.u_ddr_phy_4lanes/ddr_byte_lane_D.ddr_byte_lane_D/ddr_byte_group_io/input_[4].iserdes_dq_.iserdesdq/CLKDIVP
                               i_platform/i_system_ddr/nolabel_line70/u_xilinx_ddr3_ctrl_axi32_mig/u_memc_ui_top_axi/mem_intfc0/ddr_phy_top0/u_ddr_mc_phy_wrapper/u_ddr_mc_phy/ddr_phy_4lanes_0.u_ddr_phy_4lanes/ddr_byte_lane_D.ddr_byte_lane_D/in_fifo_gen.in_fifo/D4[1]
                                                              11.387        
i_platform/i_system_ddr/nolabel_line70/u_xilinx_ddr3_ctrl_axi32_mig/u_memc_ui_top_axi/mem_intfc0/ddr_phy_top0/u_ddr_mc_phy_wrapper/u_ddr_mc_phy/ddr_phy_4lanes_0.u_ddr_phy_4lanes/ddr_byte_lane_D.ddr_byte_lane_D/ddr_byte_group_io/input_[4].iserdes_dq_.iserdesdq/CLKDIVP
                               i_platform/i_system_ddr/nolabel_line70/u_xilinx_ddr3_ctrl_axi32_mig/u_memc_ui_top_axi/mem_intfc0/ddr_phy_top0/u_ddr_mc_phy_wrapper/u_ddr_mc_phy/ddr_phy_4lanes_0.u_ddr_phy_4lanes/ddr_byte_lane_D.ddr_byte_lane_D/in_fifo_gen.in_fifo/D4[2]
                                                              11.387        
i_platform/i_system_ddr/nolabel_line70/u_xilinx_ddr3_ctrl_axi32_mig/u_memc_ui_top_axi/mem_intfc0/ddr_phy_top0/u_ddr_mc_phy_wrapper/u_ddr_mc_phy/ddr_phy_4lanes_0.u_ddr_phy_4lanes/ddr_byte_lane_D.ddr_byte_lane_D/ddr_byte_group_io/input_[5].iserdes_dq_.iserdesdq/CLKDIVP
                               i_platform/i_system_ddr/nolabel_line70/u_xilinx_ddr3_ctrl_axi32_mig/u_memc_ui_top_axi/mem_intfc0/ddr_phy_top0/u_ddr_mc_phy_wrapper/u_ddr_mc_phy/ddr_phy_4lanes_0.u_ddr_phy_4lanes/ddr_byte_lane_D.ddr_byte_lane_D/in_fifo_gen.in_fifo/D5[3]
                                                              11.396        
i_platform/i_system_ddr/nolabel_line70/u_xilinx_ddr3_ctrl_axi32_mig/u_memc_ui_top_axi/mem_intfc0/ddr_phy_top0/u_ddr_mc_phy_wrapper/u_ddr_mc_phy/ddr_phy_4lanes_0.u_ddr_phy_4lanes/ddr_byte_lane_C.ddr_byte_lane_C/ddr_byte_group_io/input_[7].iserdes_dq_.iserdesdq/CLKDIVP
                               i_platform/i_system_ddr/nolabel_line70/u_xilinx_ddr3_ctrl_axi32_mig/u_memc_ui_top_axi/mem_intfc0/ddr_phy_top0/u_ddr_mc_phy_wrapper/u_ddr_mc_phy/ddr_phy_4lanes_0.u_ddr_phy_4lanes/ddr_byte_lane_C.ddr_byte_lane_C/in_fifo_gen.in_fifo/D7[3]
                                                              11.396        
i_platform/i_system_ddr/nolabel_line70/u_xilinx_ddr3_ctrl_axi32_mig/u_memc_ui_top_axi/mem_intfc0/ddr_phy_top0/u_ddr_mc_phy_wrapper/u_ddr_mc_phy/ddr_phy_4lanes_0.u_ddr_phy_4lanes/ddr_byte_lane_D.ddr_byte_lane_D/ddr_byte_group_io/input_[5].iserdes_dq_.iserdesdq/CLKDIVP
                               i_platform/i_system_ddr/nolabel_line70/u_xilinx_ddr3_ctrl_axi32_mig/u_memc_ui_top_axi/mem_intfc0/ddr_phy_top0/u_ddr_mc_phy_wrapper/u_ddr_mc_phy/ddr_phy_4lanes_0.u_ddr_phy_4lanes/ddr_byte_lane_D.ddr_byte_lane_D/in_fifo_gen.in_fifo/D5[0]
                                                              11.397        
i_platform/i_system_ddr/nolabel_line70/u_xilinx_ddr3_ctrl_axi32_mig/u_memc_ui_top_axi/mem_intfc0/ddr_phy_top0/u_ddr_mc_phy_wrapper/u_ddr_mc_phy/ddr_phy_4lanes_0.u_ddr_phy_4lanes/ddr_byte_lane_D.ddr_byte_lane_D/ddr_byte_group_io/input_[5].iserdes_dq_.iserdesdq/CLKDIVP
                               i_platform/i_system_ddr/nolabel_line70/u_xilinx_ddr3_ctrl_axi32_mig/u_memc_ui_top_axi/mem_intfc0/ddr_phy_top0/u_ddr_mc_phy_wrapper/u_ddr_mc_phy/ddr_phy_4lanes_0.u_ddr_phy_4lanes/ddr_byte_lane_D.ddr_byte_lane_D/in_fifo_gen.in_fifo/D5[1]
                                                              11.397        
i_platform/i_system_ddr/nolabel_line70/u_xilinx_ddr3_ctrl_axi32_mig/u_memc_ui_top_axi/mem_intfc0/ddr_phy_top0/u_ddr_mc_phy_wrapper/u_ddr_mc_phy/ddr_phy_4lanes_0.u_ddr_phy_4lanes/ddr_byte_lane_D.ddr_byte_lane_D/ddr_byte_group_io/input_[5].iserdes_dq_.iserdesdq/CLKDIVP
                               i_platform/i_system_ddr/nolabel_line70/u_xilinx_ddr3_ctrl_axi32_mig/u_memc_ui_top_axi/mem_intfc0/ddr_phy_top0/u_ddr_mc_phy_wrapper/u_ddr_mc_phy/ddr_phy_4lanes_0.u_ddr_phy_4lanes/ddr_byte_lane_D.ddr_byte_lane_D/in_fifo_gen.in_fifo/D5[2]
                                                              11.397        
i_platform/i_system_ddr/nolabel_line70/u_xilinx_ddr3_ctrl_axi32_mig/u_memc_ui_top_axi/mem_intfc0/ddr_phy_top0/u_ddr_mc_phy_wrapper/u_ddr_mc_phy/ddr_phy_4lanes_0.u_ddr_phy_4lanes/ddr_byte_lane_C.ddr_byte_lane_C/ddr_byte_group_io/input_[7].iserdes_dq_.iserdesdq/CLKDIVP
                               i_platform/i_system_ddr/nolabel_line70/u_xilinx_ddr3_ctrl_axi32_mig/u_memc_ui_top_axi/mem_intfc0/ddr_phy_top0/u_ddr_mc_phy_wrapper/u_ddr_mc_phy/ddr_phy_4lanes_0.u_ddr_phy_4lanes/ddr_byte_lane_C.ddr_byte_lane_C/in_fifo_gen.in_fifo/D7[0]
                                                              11.397        
i_platform/i_system_ddr/nolabel_line70/u_xilinx_ddr3_ctrl_axi32_mig/u_memc_ui_top_axi/mem_intfc0/ddr_phy_top0/u_ddr_mc_phy_wrapper/u_ddr_mc_phy/ddr_phy_4lanes_0.u_ddr_phy_4lanes/ddr_byte_lane_C.ddr_byte_lane_C/ddr_byte_group_io/input_[7].iserdes_dq_.iserdesdq/CLKDIVP
                               i_platform/i_system_ddr/nolabel_line70/u_xilinx_ddr3_ctrl_axi32_mig/u_memc_ui_top_axi/mem_intfc0/ddr_phy_top0/u_ddr_mc_phy_wrapper/u_ddr_mc_phy/ddr_phy_4lanes_0.u_ddr_phy_4lanes/ddr_byte_lane_C.ddr_byte_lane_C/in_fifo_gen.in_fifo/D7[1]
                                                              11.397        
i_platform/i_system_ddr/nolabel_line70/u_xilinx_ddr3_ctrl_axi32_mig/u_memc_ui_top_axi/mem_intfc0/ddr_phy_top0/u_ddr_mc_phy_wrapper/u_ddr_mc_phy/ddr_phy_4lanes_0.u_ddr_phy_4lanes/ddr_byte_lane_C.ddr_byte_lane_C/ddr_byte_group_io/input_[7].iserdes_dq_.iserdesdq/CLKDIVP
                               i_platform/i_system_ddr/nolabel_line70/u_xilinx_ddr3_ctrl_axi32_mig/u_memc_ui_top_axi/mem_intfc0/ddr_phy_top0/u_ddr_mc_phy_wrapper/u_ddr_mc_phy/ddr_phy_4lanes_0.u_ddr_phy_4lanes/ddr_byte_lane_C.ddr_byte_lane_C/in_fifo_gen.in_fifo/D7[2]
                                                              11.397        
i_platform/i_system_ddr/nolabel_line70/u_xilinx_ddr3_ctrl_axi32_mig/u_memc_ui_top_axi/mem_intfc0/ddr_phy_top0/u_ddr_mc_phy_wrapper/u_ddr_mc_phy/ddr_phy_4lanes_0.u_ddr_phy_4lanes/ddr_byte_lane_C.ddr_byte_lane_C/ddr_byte_group_io/input_[6].iserdes_dq_.iserdesdq/CLKDIVP
                               i_platform/i_system_ddr/nolabel_line70/u_xilinx_ddr3_ctrl_axi32_mig/u_memc_ui_top_axi/mem_intfc0/ddr_phy_top0/u_ddr_mc_phy_wrapper/u_ddr_mc_phy/ddr_phy_4lanes_0.u_ddr_phy_4lanes/ddr_byte_lane_C.ddr_byte_lane_C/in_fifo_gen.in_fifo/D6[3]
                                                              11.398        
i_platform/i_system_ddr/nolabel_line70/u_xilinx_ddr3_ctrl_axi32_mig/u_memc_ui_top_axi/mem_intfc0/ddr_phy_top0/u_ddr_mc_phy_wrapper/u_ddr_mc_phy/ddr_phy_4lanes_0.u_ddr_phy_4lanes/ddr_byte_lane_C.ddr_byte_lane_C/ddr_byte_group_io/input_[6].iserdes_dq_.iserdesdq/CLKDIVP
                               i_platform/i_system_ddr/nolabel_line70/u_xilinx_ddr3_ctrl_axi32_mig/u_memc_ui_top_axi/mem_intfc0/ddr_phy_top0/u_ddr_mc_phy_wrapper/u_ddr_mc_phy/ddr_phy_4lanes_0.u_ddr_phy_4lanes/ddr_byte_lane_C.ddr_byte_lane_C/in_fifo_gen.in_fifo/D6[0]
                                                              11.399        
i_platform/i_system_ddr/nolabel_line70/u_xilinx_ddr3_ctrl_axi32_mig/u_memc_ui_top_axi/mem_intfc0/ddr_phy_top0/u_ddr_mc_phy_wrapper/u_ddr_mc_phy/ddr_phy_4lanes_0.u_ddr_phy_4lanes/ddr_byte_lane_C.ddr_byte_lane_C/ddr_byte_group_io/input_[6].iserdes_dq_.iserdesdq/CLKDIVP
                               i_platform/i_system_ddr/nolabel_line70/u_xilinx_ddr3_ctrl_axi32_mig/u_memc_ui_top_axi/mem_intfc0/ddr_phy_top0/u_ddr_mc_phy_wrapper/u_ddr_mc_phy/ddr_phy_4lanes_0.u_ddr_phy_4lanes/ddr_byte_lane_C.ddr_byte_lane_C/in_fifo_gen.in_fifo/D6[1]
                                                              11.399        
i_platform/i_system_ddr/nolabel_line70/u_xilinx_ddr3_ctrl_axi32_mig/u_memc_ui_top_axi/mem_intfc0/ddr_phy_top0/u_ddr_mc_phy_wrapper/u_ddr_mc_phy/ddr_phy_4lanes_0.u_ddr_phy_4lanes/ddr_byte_lane_C.ddr_byte_lane_C/ddr_byte_group_io/input_[6].iserdes_dq_.iserdesdq/CLKDIVP
                               i_platform/i_system_ddr/nolabel_line70/u_xilinx_ddr3_ctrl_axi32_mig/u_memc_ui_top_axi/mem_intfc0/ddr_phy_top0/u_ddr_mc_phy_wrapper/u_ddr_mc_phy/ddr_phy_4lanes_0.u_ddr_phy_4lanes/ddr_byte_lane_C.ddr_byte_lane_C/in_fifo_gen.in_fifo/D6[2]
                                                              11.399        
i_platform/i_system_ddr/nolabel_line70/u_xilinx_ddr3_ctrl_axi32_mig/u_memc_ui_top_axi/mem_intfc0/ddr_phy_top0/u_ddr_mc_phy_wrapper/u_ddr_mc_phy/ddr_phy_4lanes_0.u_ddr_phy_4lanes/ddr_byte_lane_C.ddr_byte_lane_C/ddr_byte_group_io/input_[4].iserdes_dq_.iserdesdq/CLKDIVP
                               i_platform/i_system_ddr/nolabel_line70/u_xilinx_ddr3_ctrl_axi32_mig/u_memc_ui_top_axi/mem_intfc0/ddr_phy_top0/u_ddr_mc_phy_wrapper/u_ddr_mc_phy/ddr_phy_4lanes_0.u_ddr_phy_4lanes/ddr_byte_lane_C.ddr_byte_lane_C/in_fifo_gen.in_fifo/D4[3]
                                                              11.403        
i_platform/i_system_ddr/nolabel_line70/u_xilinx_ddr3_ctrl_axi32_mig/u_memc_ui_top_axi/mem_intfc0/ddr_phy_top0/u_ddr_mc_phy_wrapper/u_ddr_mc_phy/ddr_phy_4lanes_0.u_ddr_phy_4lanes/ddr_byte_lane_C.ddr_byte_lane_C/ddr_byte_group_io/input_[4].iserdes_dq_.iserdesdq/CLKDIVP
                               i_platform/i_system_ddr/nolabel_line70/u_xilinx_ddr3_ctrl_axi32_mig/u_memc_ui_top_axi/mem_intfc0/ddr_phy_top0/u_ddr_mc_phy_wrapper/u_ddr_mc_phy/ddr_phy_4lanes_0.u_ddr_phy_4lanes/ddr_byte_lane_C.ddr_byte_lane_C/in_fifo_gen.in_fifo/D4[0]
                                                              11.404        
i_platform/i_system_ddr/nolabel_line70/u_xilinx_ddr3_ctrl_axi32_mig/u_memc_ui_top_axi/mem_intfc0/ddr_phy_top0/u_ddr_mc_phy_wrapper/u_ddr_mc_phy/ddr_phy_4lanes_0.u_ddr_phy_4lanes/ddr_byte_lane_C.ddr_byte_lane_C/ddr_byte_group_io/input_[4].iserdes_dq_.iserdesdq/CLKDIVP
                               i_platform/i_system_ddr/nolabel_line70/u_xilinx_ddr3_ctrl_axi32_mig/u_memc_ui_top_axi/mem_intfc0/ddr_phy_top0/u_ddr_mc_phy_wrapper/u_ddr_mc_phy/ddr_phy_4lanes_0.u_ddr_phy_4lanes/ddr_byte_lane_C.ddr_byte_lane_C/in_fifo_gen.in_fifo/D4[1]
                                                              11.404        
i_platform/i_system_ddr/nolabel_line70/u_xilinx_ddr3_ctrl_axi32_mig/u_memc_ui_top_axi/mem_intfc0/ddr_phy_top0/u_ddr_mc_phy_wrapper/u_ddr_mc_phy/ddr_phy_4lanes_0.u_ddr_phy_4lanes/ddr_byte_lane_C.ddr_byte_lane_C/ddr_byte_group_io/input_[4].iserdes_dq_.iserdesdq/CLKDIVP
                               i_platform/i_system_ddr/nolabel_line70/u_xilinx_ddr3_ctrl_axi32_mig/u_memc_ui_top_axi/mem_intfc0/ddr_phy_top0/u_ddr_mc_phy_wrapper/u_ddr_mc_phy/ddr_phy_4lanes_0.u_ddr_phy_4lanes/ddr_byte_lane_C.ddr_byte_lane_C/in_fifo_gen.in_fifo/D4[2]
                                                              11.404        
i_platform/i_system_ddr/nolabel_line70/u_xilinx_ddr3_ctrl_axi32_mig/u_memc_ui_top_axi/mem_intfc0/ddr_phy_top0/u_ddr_mc_phy_wrapper/u_ddr_mc_phy/ddr_phy_4lanes_0.u_ddr_phy_4lanes/ddr_byte_lane_C.ddr_byte_lane_C/ddr_byte_group_io/input_[5].iserdes_dq_.iserdesdq/CLKDIVP
                               i_platform/i_system_ddr/nolabel_line70/u_xilinx_ddr3_ctrl_axi32_mig/u_memc_ui_top_axi/mem_intfc0/ddr_phy_top0/u_ddr_mc_phy_wrapper/u_ddr_mc_phy/ddr_phy_4lanes_0.u_ddr_phy_4lanes/ddr_byte_lane_C.ddr_byte_lane_C/in_fifo_gen.in_fifo/D5[3]
                                                              11.413        
i_platform/i_system_ddr/nolabel_line70/u_xilinx_ddr3_ctrl_axi32_mig/u_memc_ui_top_axi/mem_intfc0/ddr_phy_top0/u_ddr_mc_phy_wrapper/u_ddr_mc_phy/ddr_phy_4lanes_0.u_ddr_phy_4lanes/ddr_byte_lane_C.ddr_byte_lane_C/ddr_byte_group_io/input_[5].iserdes_dq_.iserdesdq/CLKDIVP
                               i_platform/i_system_ddr/nolabel_line70/u_xilinx_ddr3_ctrl_axi32_mig/u_memc_ui_top_axi/mem_intfc0/ddr_phy_top0/u_ddr_mc_phy_wrapper/u_ddr_mc_phy/ddr_phy_4lanes_0.u_ddr_phy_4lanes/ddr_byte_lane_C.ddr_byte_lane_C/in_fifo_gen.in_fifo/D5[0]
                                                              11.414        
i_platform/i_system_ddr/nolabel_line70/u_xilinx_ddr3_ctrl_axi32_mig/u_memc_ui_top_axi/mem_intfc0/ddr_phy_top0/u_ddr_mc_phy_wrapper/u_ddr_mc_phy/ddr_phy_4lanes_0.u_ddr_phy_4lanes/ddr_byte_lane_C.ddr_byte_lane_C/ddr_byte_group_io/input_[5].iserdes_dq_.iserdesdq/CLKDIVP
                               i_platform/i_system_ddr/nolabel_line70/u_xilinx_ddr3_ctrl_axi32_mig/u_memc_ui_top_axi/mem_intfc0/ddr_phy_top0/u_ddr_mc_phy_wrapper/u_ddr_mc_phy/ddr_phy_4lanes_0.u_ddr_phy_4lanes/ddr_byte_lane_C.ddr_byte_lane_C/in_fifo_gen.in_fifo/D5[1]
                                                              11.414        
i_platform/i_system_ddr/nolabel_line70/u_xilinx_ddr3_ctrl_axi32_mig/u_memc_ui_top_axi/mem_intfc0/ddr_phy_top0/u_ddr_mc_phy_wrapper/u_ddr_mc_phy/ddr_phy_4lanes_0.u_ddr_phy_4lanes/ddr_byte_lane_C.ddr_byte_lane_C/ddr_byte_group_io/input_[5].iserdes_dq_.iserdesdq/CLKDIVP
                               i_platform/i_system_ddr/nolabel_line70/u_xilinx_ddr3_ctrl_axi32_mig/u_memc_ui_top_axi/mem_intfc0/ddr_phy_top0/u_ddr_mc_phy_wrapper/u_ddr_mc_phy/ddr_phy_4lanes_0.u_ddr_phy_4lanes/ddr_byte_lane_C.ddr_byte_lane_C/in_fifo_gen.in_fifo/D5[2]
                                                              11.414        
i_platform/i_rtl/platform_controller/i_rvx_instance_4/i_rvx_instance_0/rvx_port_09_reg/C
                               pjtag_rtdo                     12.434        
i_platform/i_system_ddr/nolabel_line70/u_xilinx_ddr3_ctrl_axi32_mig/u_memc_ui_top_axi/mem_intfc0/ddr_phy_top0/u_ddr_mc_phy_wrapper/u_ddr_mc_phy/ddr_phy_4lanes_0.u_ddr_phy_4lanes/ddr_byte_lane_D.ddr_byte_lane_D/phaser_in_gen.phaser_in/ICLKDIV
                               i_platform/i_system_ddr/nolabel_line70/u_xilinx_ddr3_ctrl_axi32_mig/u_memc_ui_top_axi/mem_intfc0/ddr_phy_top0/u_ddr_mc_phy_wrapper/u_ddr_mc_phy/ddr_phy_4lanes_0.u_ddr_phy_4lanes/ddr_byte_lane_D.ddr_byte_lane_D/in_fifo_gen.in_fifo/WREN
                                                              12.640        
i_platform/i_system_ddr/nolabel_line70/u_xilinx_ddr3_ctrl_axi32_mig/u_memc_ui_top_axi/mem_intfc0/ddr_phy_top0/u_ddr_mc_phy_wrapper/u_ddr_mc_phy/ddr_phy_4lanes_0.u_ddr_phy_4lanes/ddr_byte_lane_C.ddr_byte_lane_C/phaser_in_gen.phaser_in/ICLKDIV
                               i_platform/i_system_ddr/nolabel_line70/u_xilinx_ddr3_ctrl_axi32_mig/u_memc_ui_top_axi/mem_intfc0/ddr_phy_top0/u_ddr_mc_phy_wrapper/u_ddr_mc_phy/ddr_phy_4lanes_0.u_ddr_phy_4lanes/ddr_byte_lane_C.ddr_byte_lane_C/in_fifo_gen.in_fifo/WREN
                                                              12.640        
pjtag_rtms                     i_platform/i_rtl/platform_controller/i_rvx_instance_4/i_rvx_instance_0/i_rvx_instance_1/rvx_signal_0_reg[0]/CE
                                                              23.787        
pjtag_rtms                     i_platform/i_rtl/platform_controller/i_rvx_instance_4/i_rvx_instance_0/i_rvx_instance_1/rvx_signal_0_reg[1]/CE
                                                              23.787        
pjtag_rtms                     i_platform/i_rtl/platform_controller/i_rvx_instance_4/i_rvx_instance_0/i_rvx_instance_1/rvx_signal_0_reg[2]/CE
                                                              23.787        
pjtag_rtms                     i_platform/i_rtl/platform_controller/i_rvx_instance_4/i_rvx_instance_0/i_rvx_instance_1/rvx_signal_0_reg[3]/CE
                                                              23.787        
pjtag_rtms                     i_platform/i_rtl/platform_controller/i_rvx_instance_4/i_rvx_instance_0/i_rvx_instance_1/rvx_signal_0_reg[4]/CE
                                                              23.787        
pjtag_rtms                     i_platform/i_rtl/platform_controller/i_rvx_instance_4/i_rvx_instance_0/i_rvx_instance_1/rvx_signal_0_reg[5]/CE
                                                              23.812        
pjtag_rtms                     i_platform/i_rtl/platform_controller/i_rvx_instance_4/i_rvx_instance_0/i_rvx_instance_1/rvx_signal_0_reg[6]/CE
                                                              23.812        
pjtag_rtms                     i_platform/i_rtl/platform_controller/i_rvx_instance_4/i_rvx_instance_0/i_rvx_instance_1/rvx_signal_0_reg[7]/CE
                                                              23.812        
pjtag_rtms                     i_platform/i_rtl/platform_controller/i_rvx_instance_4/i_rvx_instance_0/rvx_port_09_reg/CE
                                                              23.835        
pjtag_rtms                     i_platform/i_rtl/platform_controller/i_rvx_instance_4/i_rvx_instance_0/rvx_port_09_reg/D
                                                              24.136        
pjtag_rtms                     i_platform/i_rtl/platform_controller/i_rvx_instance_4/i_rvx_instance_0/i_rvx_instance_1/rvx_signal_0_reg[0]/D
                                                              24.173        
pjtag_rtms                     i_platform/i_rtl/platform_controller/i_rvx_instance_4/i_rvx_instance_0/i_rvx_instance_1/rvx_signal_0_reg[2]/D
                                                              24.197        
pjtag_rtms                     i_platform/i_rtl/platform_controller/i_rvx_instance_4/i_rvx_instance_0/i_rvx_instance_1/rvx_signal_0_reg[5]/D
                                                              24.218        
pjtag_rtms                     i_platform/i_rtl/platform_controller/i_rvx_instance_4/i_rvx_instance_0/i_rvx_instance_1/rvx_signal_0_reg[6]/D
                                                              24.242        
pjtag_rtms                     i_platform/i_rtl/platform_controller/i_rvx_instance_4/i_rvx_instance_0/i_rvx_instance_1/rvx_signal_0_reg[3]/D
                                                              24.352        
pjtag_rtms                     i_platform/i_rtl/platform_controller/i_rvx_instance_4/i_rvx_instance_0/i_rvx_instance_1/rvx_signal_0_reg[4]/D
                                                              24.374        
pjtag_rtms                     i_platform/i_rtl/platform_controller/i_rvx_instance_4/i_rvx_instance_0/i_rvx_instance_1/rvx_signal_0_reg[7]/D
                                                              24.432        
pjtag_rtms                     i_platform/i_rtl/platform_controller/i_rvx_instance_4/i_rvx_instance_0/i_rvx_instance_1/rvx_signal_0_reg[1]/D
                                                              24.459        
i_platform/i_rtl/platform_controller/i_rvx_instance_4/i_rvx_instance_0/i_rvx_instance_1/rvx_signal_0_reg[4]/C
                               i_platform/i_rtl/platform_controller/i_rvx_instance_4/i_rvx_instance_0/i_rvx_instance_0/rvx_signal_1_reg[10]/CE
                                                              42.275        
i_platform/i_rtl/platform_controller/i_rvx_instance_4/i_rvx_instance_0/i_rvx_instance_1/rvx_signal_0_reg[4]/C
                               i_platform/i_rtl/platform_controller/i_rvx_instance_4/i_rvx_instance_0/i_rvx_instance_0/rvx_signal_1_reg[20]/CE
                                                              42.275        
i_platform/i_rtl/platform_controller/i_rvx_instance_4/i_rvx_instance_0/i_rvx_instance_1/rvx_signal_0_reg[4]/C
                               i_platform/i_rtl/platform_controller/i_rvx_instance_4/i_rvx_instance_0/i_rvx_instance_0/rvx_signal_1_reg[9]/CE
                                                              42.275        
i_platform/i_rtl/platform_controller/i_rvx_instance_4/i_rvx_instance_0/i_rvx_instance_1/rvx_signal_0_reg[4]/C
                               i_platform/i_rtl/platform_controller/i_rvx_instance_4/i_rvx_instance_0/i_rvx_instance_0/rvx_signal_1_reg[21]/CE
                                                              42.520        
i_platform/i_rtl/platform_controller/i_rvx_instance_4/i_rvx_instance_0/i_rvx_instance_1/rvx_signal_0_reg[4]/C
                               i_platform/i_rtl/platform_controller/i_rvx_instance_4/i_rvx_instance_0/i_rvx_instance_0/rvx_signal_1_reg[22]/CE
                                                              42.520        
i_platform/i_rtl/platform_controller/i_rvx_instance_4/i_rvx_instance_0/i_rvx_instance_1/rvx_signal_0_reg[4]/C
                               i_platform/i_rtl/platform_controller/i_rvx_instance_4/i_rvx_instance_0/i_rvx_instance_0/rvx_signal_1_reg[23]/CE
                                                              42.520        
i_platform/i_rtl/platform_controller/i_rvx_instance_4/i_rvx_instance_0/i_rvx_instance_1/rvx_signal_0_reg[4]/C
                               i_platform/i_rtl/platform_controller/i_rvx_instance_4/i_rvx_instance_0/i_rvx_instance_0/rvx_signal_1_reg[28]/CE
                                                              42.520        
i_platform/i_rtl/platform_controller/i_rvx_instance_4/i_rvx_instance_0/i_rvx_instance_1/rvx_signal_0_reg[4]/C
                               i_platform/i_rtl/platform_controller/i_rvx_instance_4/i_rvx_instance_0/i_rvx_instance_0/rvx_signal_1_reg[13]/CE
                                                              42.670        
i_platform/i_rtl/platform_controller/i_rvx_instance_4/i_rvx_instance_0/i_rvx_instance_1/rvx_signal_0_reg[4]/C
                               i_platform/i_rtl/platform_controller/i_rvx_instance_4/i_rvx_instance_0/i_rvx_instance_0/rvx_signal_1_reg[14]/CE
                                                              42.670        
i_platform/i_rtl/platform_controller/i_rvx_instance_4/i_rvx_instance_0/i_rvx_instance_1/rvx_signal_0_reg[4]/C
                               i_platform/i_rtl/platform_controller/i_rvx_instance_4/i_rvx_instance_0/i_rvx_instance_0/rvx_signal_1_reg[15]/CE
                                                              42.670        
i_platform/i_rtl/platform_controller/i_rvx_instance_4/i_rvx_instance_0/i_rvx_instance_1/rvx_signal_0_reg[4]/C
                               i_platform/i_rtl/platform_controller/i_rvx_instance_4/i_rvx_instance_0/i_rvx_instance_0/rvx_signal_1_reg[24]/D
                                                              42.706        
i_platform/i_rtl/platform_controller/i_rvx_instance_4/i_rvx_instance_0/i_rvx_instance_1/rvx_signal_0_reg[4]/C
                               i_platform/i_rtl/platform_controller/i_rvx_instance_4/i_rvx_instance_0/i_rvx_instance_0/rvx_signal_1_reg[26]/D
                                                              42.710        
i_platform/i_rtl/platform_controller/i_rvx_instance_4/i_rvx_instance_0/i_rvx_instance_1/rvx_signal_0_reg[4]/C
                               i_platform/i_rtl/platform_controller/i_rvx_instance_4/i_rvx_instance_0/i_rvx_instance_0/rvx_signal_1_reg[19]/D
                                                              42.711        
i_platform/i_rtl/platform_controller/i_rvx_instance_4/i_rvx_instance_0/i_rvx_instance_1/rvx_signal_0_reg[4]/C
                               i_platform/i_rtl/platform_controller/i_rvx_instance_4/i_rvx_instance_0/i_rvx_instance_0/rvx_signal_1_reg[20]/D
                                                              42.785        
i_platform/i_rtl/platform_controller/i_rvx_instance_4/i_rvx_instance_0/i_rvx_instance_1/rvx_signal_0_reg[4]/C
                               i_platform/i_rtl/platform_controller/i_rvx_instance_4/i_rvx_instance_0/i_rvx_instance_0/rvx_signal_1_reg[29]/CE
                                                              42.819        
i_platform/i_rtl/platform_controller/i_rvx_instance_4/i_rvx_instance_0/i_rvx_instance_1/rvx_signal_0_reg[4]/C
                               i_platform/i_rtl/platform_controller/i_rvx_instance_4/i_rvx_instance_0/i_rvx_instance_0/rvx_signal_1_reg[8]/CE
                                                              42.819        
i_platform/i_rtl/platform_controller/i_rvx_instance_4/i_rvx_instance_0/i_rvx_instance_1/rvx_signal_0_reg[4]/C
                               i_platform/i_rtl/platform_controller/i_rvx_instance_4/i_rvx_instance_0/i_rvx_instance_0/rvx_signal_1_reg[16]/CE
                                                              42.825        
i_platform/i_rtl/platform_controller/i_rvx_instance_4/i_rvx_instance_0/i_rvx_instance_1/rvx_signal_0_reg[4]/C
                               i_platform/i_rtl/platform_controller/i_rvx_instance_4/i_rvx_instance_0/i_rvx_instance_0/rvx_signal_1_reg[19]/CE
                                                              42.825        
i_platform/i_rtl/platform_controller/i_rvx_instance_4/i_rvx_instance_0/i_rvx_instance_1/rvx_signal_0_reg[4]/C
                               i_platform/i_rtl/platform_controller/i_rvx_instance_4/i_rvx_instance_0/i_rvx_instance_0/rvx_signal_1_reg[26]/CE
                                                              42.825        
i_platform/i_rtl/platform_controller/i_rvx_instance_4/i_rvx_instance_0/i_rvx_instance_1/rvx_signal_0_reg[4]/C
                               i_platform/i_rtl/platform_controller/i_rvx_instance_4/i_rvx_instance_0/i_rvx_instance_0/rvx_signal_1_reg[27]/CE
                                                              42.825        
i_platform/i_rtl/platform_controller/i_rvx_instance_4/i_rvx_instance_0/i_rvx_instance_1/rvx_signal_0_reg[4]/C
                               i_platform/i_rtl/platform_controller/i_rvx_instance_4/i_rvx_instance_0/i_rvx_instance_0/rvx_signal_1_reg[24]/CE
                                                              42.855        
i_platform/i_rtl/platform_controller/i_rvx_instance_4/i_rvx_instance_0/i_rvx_instance_1/rvx_signal_0_reg[4]/C
                               i_platform/i_rtl/platform_controller/i_rvx_instance_4/i_rvx_instance_0/i_rvx_instance_0/rvx_signal_1_reg[25]/CE
                                                              42.855        
i_platform/i_rtl/platform_controller/i_rvx_instance_4/i_rvx_instance_0/i_rvx_instance_1/rvx_signal_0_reg[4]/C
                               i_platform/i_rtl/platform_controller/i_rvx_instance_4/i_rvx_instance_0/i_rvx_instance_0/rvx_signal_1_reg[6]/CE
                                                              42.855        
i_platform/i_rtl/platform_controller/i_rvx_instance_4/i_rvx_instance_0/i_rvx_instance_1/rvx_signal_0_reg[4]/C
                               i_platform/i_rtl/platform_controller/i_rvx_instance_4/i_rvx_instance_0/i_rvx_instance_0/rvx_signal_1_reg[7]/CE
                                                              42.855        
i_platform/i_rtl/platform_controller/i_rvx_instance_4/i_rvx_instance_0/i_rvx_instance_1/rvx_signal_0_reg[4]/C
                               i_platform/i_rtl/platform_controller/i_rvx_instance_4/i_rvx_instance_0/i_rvx_instance_0/rvx_signal_1_reg[29]/D
                                                              42.883        
i_platform/i_rtl/platform_controller/i_rvx_instance_4/i_rvx_instance_0/i_rvx_instance_1/rvx_signal_0_reg[4]/C
                               i_platform/i_rtl/platform_controller/i_rvx_instance_4/i_rvx_instance_0/i_rvx_instance_0/rvx_signal_1_reg[27]/D
                                                              42.915        
i_platform/i_rtl/platform_controller/i_rvx_instance_4/i_rvx_instance_0/i_rvx_instance_1/rvx_signal_0_reg[4]/C
                               i_platform/i_rtl/platform_controller/i_rvx_instance_4/i_rvx_instance_0/i_rvx_instance_0/rvx_signal_1_reg[13]/D
                                                              42.920        
i_platform/i_rtl/platform_controller/i_rvx_instance_4/i_rvx_instance_0/i_rvx_instance_1/rvx_signal_0_reg[4]/C
                               i_platform/i_rtl/platform_controller/i_rvx_instance_4/i_rvx_instance_0/i_rvx_instance_0/rvx_signal_1_reg[15]/D
                                                              42.922        
i_platform/i_rtl/platform_controller/i_rvx_instance_4/i_rvx_instance_0/i_rvx_instance_1/rvx_signal_0_reg[4]/C
                               i_platform/i_rtl/platform_controller/i_rvx_instance_4/i_rvx_instance_0/i_rvx_instance_0/rvx_signal_1_reg[14]/D
                                                              42.923        
i_platform/i_rtl/platform_controller/i_rvx_instance_4/i_rvx_instance_0/i_rvx_instance_1/rvx_signal_0_reg[4]/C
                               i_platform/i_rtl/platform_controller/i_rvx_instance_4/i_rvx_instance_3/rvx_signal_07_reg[11]/CE
                                                              42.948        
i_platform/i_rtl/platform_controller/i_rvx_instance_4/i_rvx_instance_0/i_rvx_instance_1/rvx_signal_0_reg[4]/C
                               i_platform/i_rtl/platform_controller/i_rvx_instance_4/i_rvx_instance_3/rvx_signal_07_reg[13]/CE
                                                              42.948        
i_platform/i_rtl/platform_controller/i_rvx_instance_4/i_rvx_instance_0/i_rvx_instance_1/rvx_signal_0_reg[4]/C
                               i_platform/i_rtl/platform_controller/i_rvx_instance_4/i_rvx_instance_3/rvx_signal_07_reg[15]/CE
                                                              42.948        
i_platform/i_rtl/platform_controller/i_rvx_instance_4/i_rvx_instance_0/i_rvx_instance_1/rvx_signal_0_reg[4]/C
                               i_platform/i_rtl/platform_controller/i_rvx_instance_4/i_rvx_instance_3/rvx_signal_07_reg[18]/CE
                                                              42.948        
i_platform/i_rtl/platform_controller/i_rvx_instance_4/i_rvx_instance_0/i_rvx_instance_1/rvx_signal_0_reg[4]/C
                               i_platform/i_rtl/platform_controller/i_rvx_instance_4/i_rvx_instance_3/rvx_signal_07_reg[24]/CE
                                                              42.948        
i_platform/i_rtl/platform_controller/i_rvx_instance_4/i_rvx_instance_0/i_rvx_instance_1/rvx_signal_0_reg[4]/C
                               i_platform/i_rtl/platform_controller/i_rvx_instance_4/i_rvx_instance_3/rvx_signal_07_reg[28]/CE
                                                              42.948        
i_platform/i_rtl/platform_controller/i_rvx_instance_4/i_rvx_instance_0/i_rvx_instance_1/rvx_signal_0_reg[4]/C
                               i_platform/i_rtl/platform_controller/i_rvx_instance_4/i_rvx_instance_3/rvx_signal_07_reg[29]/CE
                                                              42.948        
i_platform/i_rtl/platform_controller/i_rvx_instance_4/i_rvx_instance_0/i_rvx_instance_1/rvx_signal_0_reg[4]/C
                               i_platform/i_rtl/platform_controller/i_rvx_instance_4/i_rvx_instance_0/i_rvx_instance_0/rvx_signal_1_reg[18]/D
                                                              42.971        
i_platform/i_rtl/platform_controller/i_rvx_instance_4/i_rvx_instance_0/i_rvx_instance_1/rvx_signal_0_reg[4]/C
                               i_platform/i_rtl/platform_controller/i_rvx_instance_4/i_rvx_instance_0/i_rvx_instance_0/rvx_signal_1_reg[10]/D
                                                              42.982        
i_platform/i_rtl/platform_controller/i_rvx_instance_4/i_rvx_instance_0/i_rvx_instance_1/rvx_signal_0_reg[4]/C
                               i_platform/i_rtl/platform_controller/i_rvx_instance_4/i_rvx_instance_0/i_rvx_instance_0/rvx_signal_1_reg[25]/D
                                                              43.013        
i_platform/i_rtl/platform_controller/i_rvx_instance_4/i_rvx_instance_0/i_rvx_instance_1/rvx_signal_0_reg[4]/C
                               i_platform/i_rtl/platform_controller/i_rvx_instance_4/i_rvx_instance_0/i_rvx_instance_0/rvx_signal_1_reg[16]/D
                                                              43.020        
i_platform/i_rtl/platform_controller/i_rvx_instance_4/i_rvx_instance_0/i_rvx_instance_1/rvx_signal_0_reg[4]/C
                               i_platform/i_rtl/platform_controller/i_rvx_instance_4/i_rvx_instance_0/i_rvx_instance_0/rvx_signal_1_reg[17]/CE
                                                              43.024        
i_platform/i_rtl/platform_controller/i_rvx_instance_4/i_rvx_instance_0/i_rvx_instance_1/rvx_signal_0_reg[4]/C
                               i_platform/i_rtl/platform_controller/i_rvx_instance_4/i_rvx_instance_0/i_rvx_instance_0/rvx_signal_1_reg[18]/CE
                                                              43.024        
i_platform/i_rtl/platform_controller/i_rvx_instance_4/i_rvx_instance_0/i_rvx_instance_1/rvx_signal_0_reg[4]/C
                               i_platform/i_rtl/platform_controller/i_rvx_instance_4/i_rvx_instance_0/i_rvx_instance_0/rvx_signal_1_reg[11]/CE
                                                              43.050        
i_platform/i_rtl/platform_controller/i_rvx_instance_4/i_rvx_instance_0/i_rvx_instance_1/rvx_signal_0_reg[4]/C
                               i_platform/i_rtl/platform_controller/i_rvx_instance_4/i_rvx_instance_0/i_rvx_instance_0/rvx_signal_1_reg[12]/CE
                                                              43.050        
i_platform/i_rtl/platform_controller/i_rvx_instance_4/i_rvx_instance_0/i_rvx_instance_1/rvx_signal_0_reg[4]/C
                               i_platform/i_rtl/platform_controller/i_rvx_instance_4/i_rvx_instance_0/i_rvx_instance_0/rvx_signal_1_reg[30]/CE
                                                              43.050        
i_platform/i_rtl/platform_controller/i_rvx_instance_4/i_rvx_instance_0/i_rvx_instance_1/rvx_signal_0_reg[4]/C
                               i_platform/i_rtl/platform_controller/i_rvx_instance_4/i_rvx_instance_0/i_rvx_instance_0/rvx_signal_1_reg[31]/CE
                                                              43.050        
i_platform/i_rtl/platform_controller/i_rvx_instance_4/i_rvx_instance_0/i_rvx_instance_1/rvx_signal_0_reg[4]/C
                               i_platform/i_rtl/platform_controller/i_rvx_instance_4/i_rvx_instance_3/rvx_signal_07_reg[10]/CE
                                                              43.069        
i_platform/i_rtl/platform_controller/i_rvx_instance_4/i_rvx_instance_0/i_rvx_instance_1/rvx_signal_0_reg[4]/C
                               i_platform/i_rtl/platform_controller/i_rvx_instance_4/i_rvx_instance_3/rvx_signal_07_reg[27]/CE
                                                              43.069        
i_platform/i_rtl/platform_controller/i_rvx_instance_4/i_rvx_instance_0/i_rvx_instance_1/rvx_signal_0_reg[4]/C
                               i_platform/i_rtl/platform_controller/i_rvx_instance_4/i_rvx_instance_3/rvx_signal_07_reg[30]/CE
                                                              43.069        
i_platform/i_rtl/platform_controller/i_rvx_instance_4/i_rvx_instance_0/i_rvx_instance_1/rvx_signal_0_reg[4]/C
                               i_platform/i_rtl/platform_controller/i_rvx_instance_4/i_rvx_instance_3/rvx_signal_07_reg[7]/CE
                                                              43.069        
i_platform/i_rtl/platform_controller/i_rvx_instance_4/i_rvx_instance_0/i_rvx_instance_1/rvx_signal_0_reg[4]/C
                               i_platform/i_rtl/platform_controller/i_rvx_instance_4/i_rvx_instance_0/i_rvx_instance_0/rvx_signal_1_reg[28]/D
                                                              43.100        
i_platform/i_rtl/platform_controller/i_rvx_instance_4/i_rvx_instance_0/i_rvx_instance_1/rvx_signal_0_reg[4]/C
                               i_platform/i_rtl/platform_controller/i_rvx_instance_4/i_rvx_instance_0/i_rvx_instance_0/rvx_signal_1_reg[23]/D
                                                              43.102        
i_platform/i_rtl/platform_controller/i_rvx_instance_4/i_rvx_instance_0/i_rvx_instance_1/rvx_signal_0_reg[4]/C
                               i_platform/i_rtl/platform_controller/i_rvx_instance_4/i_rvx_instance_0/i_rvx_instance_0/rvx_signal_1_reg[7]/D
                                                              43.102        
i_platform/i_rtl/platform_controller/i_rvx_instance_4/i_rvx_instance_0/i_rvx_instance_1/rvx_signal_0_reg[4]/C
                               i_platform/i_rtl/platform_controller/i_rvx_instance_4/i_rvx_instance_3/rvx_signal_07_reg[21]/CE
                                                              43.120        
i_platform/i_rtl/platform_controller/i_rvx_instance_4/i_rvx_instance_0/i_rvx_instance_1/rvx_signal_0_reg[4]/C
                               i_platform/i_rtl/platform_controller/i_rvx_instance_4/i_rvx_instance_0/i_rvx_instance_0/rvx_signal_1_reg[8]/D
                                                              43.249        
i_platform/i_rtl/platform_controller/i_rvx_instance_4/i_rvx_instance_0/i_rvx_instance_1/rvx_signal_0_reg[4]/C
                               i_platform/i_rtl/platform_controller/i_rvx_instance_4/i_rvx_instance_0/i_rvx_instance_0/rvx_signal_1_reg[17]/D
                                                              43.251        
i_platform/i_rtl/platform_controller/i_rvx_instance_4/i_rvx_instance_0/i_rvx_instance_1/rvx_signal_0_reg[4]/C
                               i_platform/i_rtl/platform_controller/i_rvx_instance_4/i_rvx_instance_3/rvx_signal_07_reg[17]/CE
                                                              43.265        
i_platform/i_rtl/platform_controller/i_rvx_instance_4/i_rvx_instance_0/i_rvx_instance_1/rvx_signal_0_reg[4]/C
                               i_platform/i_rtl/platform_controller/i_rvx_instance_4/i_rvx_instance_3/rvx_signal_07_reg[26]/CE
                                                              43.265        
i_platform/i_rtl/platform_controller/i_rvx_instance_4/i_rvx_instance_0/i_rvx_instance_1/rvx_signal_0_reg[4]/C
                               i_platform/i_rtl/platform_controller/i_rvx_instance_4/i_rvx_instance_3/rvx_signal_07_reg[14]/CE
                                                              43.288        
i_platform/i_rtl/platform_controller/i_rvx_instance_4/i_rvx_instance_0/i_rvx_instance_1/rvx_signal_0_reg[4]/C
                               i_platform/i_rtl/platform_controller/i_rvx_instance_4/i_rvx_instance_3/rvx_signal_07_reg[16]/CE
                                                              43.288        
i_platform/i_rtl/platform_controller/i_rvx_instance_4/i_rvx_instance_0/i_rvx_instance_1/rvx_signal_0_reg[4]/C
                               i_platform/i_rtl/platform_controller/i_rvx_instance_4/i_rvx_instance_3/rvx_signal_07_reg[19]/CE
                                                              43.288        
i_platform/i_rtl/platform_controller/i_rvx_instance_4/i_rvx_instance_0/i_rvx_instance_1/rvx_signal_0_reg[4]/C
                               i_platform/i_rtl/platform_controller/i_rvx_instance_4/i_rvx_instance_3/rvx_signal_07_reg[20]/CE
                                                              43.288        
i_platform/i_rtl/platform_controller/i_rvx_instance_4/i_rvx_instance_0/i_rvx_instance_1/rvx_signal_0_reg[4]/C
                               i_platform/i_rtl/platform_controller/i_rvx_instance_4/i_rvx_instance_3/rvx_signal_07_reg[22]/CE
                                                              43.288        
i_platform/i_rtl/platform_controller/i_rvx_instance_4/i_rvx_instance_0/i_rvx_instance_1/rvx_signal_0_reg[4]/C
                               i_platform/i_rtl/platform_controller/i_rvx_instance_4/i_rvx_instance_3/rvx_signal_07_reg[23]/CE
                                                              43.288        
i_platform/i_rtl/platform_controller/i_rvx_instance_4/i_rvx_instance_0/i_rvx_instance_1/rvx_signal_0_reg[4]/C
                               i_platform/i_rtl/platform_controller/i_rvx_instance_4/i_rvx_instance_3/rvx_signal_07_reg[8]/CE
                                                              43.288        
i_platform/i_rtl/platform_controller/i_rvx_instance_4/i_rvx_instance_0/i_rvx_instance_1/rvx_signal_0_reg[4]/C
                               i_platform/i_rtl/platform_controller/i_rvx_instance_4/i_rvx_instance_0/i_rvx_instance_0/rvx_signal_1_reg[9]/D
                                                              43.288        
i_platform/i_rtl/platform_controller/i_rvx_instance_4/i_rvx_instance_0/i_rvx_instance_1/rvx_signal_0_reg[4]/C
                               i_platform/i_rtl/platform_controller/i_rvx_instance_4/i_rvx_instance_0/i_rvx_instance_0/rvx_signal_1_reg[11]/D
                                                              43.353        
i_platform/i_rtl/platform_controller/i_rvx_instance_4/i_rvx_instance_0/i_rvx_instance_1/rvx_signal_0_reg[4]/C
                               i_platform/i_rtl/platform_controller/i_rvx_instance_4/i_rvx_instance_0/i_rvx_instance_0/rvx_signal_1_reg[31]/D
                                                              43.366        
i_platform/i_rtl/platform_controller/i_rvx_instance_4/i_rvx_instance_0/i_rvx_instance_1/rvx_signal_0_reg[4]/C
                               i_platform/i_rtl/platform_controller/i_rvx_instance_4/i_rvx_instance_0/i_rvx_instance_0/rvx_signal_1_reg[12]/D
                                                              43.367        
i_platform/i_rtl/platform_controller/i_rvx_instance_4/i_rvx_instance_0/i_rvx_instance_1/rvx_signal_0_reg[4]/C
                               i_platform/i_rtl/platform_controller/i_rvx_instance_4/i_rvx_instance_0/i_rvx_instance_0/rvx_signal_1_reg[21]/D
                                                              43.376        
i_platform/i_rtl/platform_controller/i_rvx_instance_4/i_rvx_instance_0/i_rvx_instance_1/rvx_signal_0_reg[4]/C
                               i_platform/i_rtl/platform_controller/i_rvx_instance_4/i_rvx_instance_0/i_rvx_instance_0/rvx_signal_1_reg[30]/D
                                                              43.380        
i_platform/i_rtl/platform_controller/i_rvx_instance_4/i_rvx_instance_0/i_rvx_instance_1/rvx_signal_0_reg[4]/C
                               i_platform/i_rtl/platform_controller/i_rvx_instance_4/i_rvx_instance_0/i_rvx_instance_0/rvx_signal_1_reg[22]/D
                                                              43.381        
i_platform/i_rtl/platform_controller/i_rvx_instance_4/i_rvx_instance_0/i_rvx_instance_1/rvx_signal_0_reg[4]/C
                               i_platform/i_rtl/platform_controller/i_rvx_instance_4/i_rvx_instance_0/i_rvx_instance_0/rvx_signal_1_reg[6]/D
                                                              43.428        
i_platform/i_rtl/platform_controller/i_rvx_instance_4/i_rvx_instance_0/i_rvx_instance_1/rvx_signal_0_reg[4]/C
                               i_platform/i_rtl/platform_controller/i_rvx_instance_4/i_rvx_instance_0/i_rvx_instance_0/rvx_signal_1_reg[2]/CE
                                                              43.458        
i_platform/i_rtl/platform_controller/i_rvx_instance_4/i_rvx_instance_0/i_rvx_instance_1/rvx_signal_0_reg[4]/C
                               i_platform/i_rtl/platform_controller/i_rvx_instance_4/i_rvx_instance_0/i_rvx_instance_0/rvx_signal_1_reg[3]/CE
                                                              43.458        
i_platform/i_rtl/platform_controller/i_rvx_instance_4/i_rvx_instance_0/i_rvx_instance_1/rvx_signal_0_reg[4]/C
                               i_platform/i_rtl/platform_controller/i_rvx_instance_4/i_rvx_instance_0/i_rvx_instance_0/rvx_signal_1_reg[4]/CE
                                                              43.458        
i_platform/i_rtl/platform_controller/i_rvx_instance_4/i_rvx_instance_0/i_rvx_instance_1/rvx_signal_0_reg[4]/C
                               i_platform/i_rtl/platform_controller/i_rvx_instance_4/i_rvx_instance_0/i_rvx_instance_0/rvx_signal_1_reg[5]/CE
                                                              43.458        
i_platform/i_rtl/platform_controller/i_rvx_instance_4/i_rvx_instance_0/i_rvx_instance_1/rvx_signal_0_reg[4]/C
                               i_platform/i_rtl/platform_controller/i_rvx_instance_4/i_rvx_instance_3/rvx_signal_07_reg[12]/CE
                                                              43.530        
i_platform/i_rtl/platform_controller/i_rvx_instance_4/i_rvx_instance_0/i_rvx_instance_1/rvx_signal_0_reg[4]/C
                               i_platform/i_rtl/platform_controller/i_rvx_instance_4/i_rvx_instance_3/rvx_signal_07_reg[25]/CE
                                                              43.530        
i_platform/i_rtl/platform_controller/i_rvx_instance_4/i_rvx_instance_0/i_rvx_instance_1/rvx_signal_0_reg[4]/C
                               i_platform/i_rtl/platform_controller/i_rvx_instance_4/i_rvx_instance_3/rvx_signal_07_reg[31]/CE
                                                              43.530        
i_platform/i_rtl/platform_controller/i_rvx_instance_4/i_rvx_instance_0/i_rvx_instance_1/rvx_signal_0_reg[4]/C
                               i_platform/i_rtl/platform_controller/i_rvx_instance_4/i_rvx_instance_3/rvx_signal_07_reg[9]/CE
                                                              43.530        



