Copyright 1986-2022 Xilinx, Inc. All Rights Reserved. Copyright 2022-2026 Advanced Micro Devices, Inc. All Rights Reserved.
---------------------------------------------------------------------------------------------------------------------------------------------
| Tool Version : Vivado v.2026.1 (lin64) Build 6511674 Tue Jun 16 11:01:26 MDT 2026
| Date         : Fri Sep 25 12:43:54 2026
| Host         : Dev-Ubuntu running 64-bit Ubuntu 24.04.4 LTS
| Command      : report_timing_summary -file /opt/rvx/platform/bbht_grover_dram/imp_arty-100t_2026-09-25/imp_result/route_timing_summary.rpt
| Design       : BBHT_GROVER_DRAM_FPGA
| Device       : 7a100t-csg324
| Speed File   : -1  PRODUCTION 1.23 2018-06-13
| Design State : Routed
---------------------------------------------------------------------------------------------------------------------------------------------

Timing Summary Report

------------------------------------------------------------------------------------------------
| Timer Settings
| --------------
------------------------------------------------------------------------------------------------

  Enable Multi Corner Analysis               :  Yes
  Enable Pessimism Removal                   :  Yes
  Pessimism Removal Resolution               :  Nearest Common Node
  Enable Input Delay Default Clock           :  No
  Enable Preset / Clear Arcs                 :  No
  Disable Flight Delays                      :  No
  Ignore I/O Paths                           :  No
  Timing Early Launch at Borrowing Latches   :  No
  Borrow Time for Max Delay Exceptions       :  Yes
  Merge Timing Exceptions                    :  Yes
  Inter-SLR Compensation                     :  Conservative

  Corner  Analyze    Analyze    
  Name    Max Paths  Min Paths  
  ------  ---------  ---------  
  Slow    Yes        Yes        
  Fast    Yes        Yes        


------------------------------------------------------------------------------------------------
| Report Methodology
| ------------------
------------------------------------------------------------------------------------------------

No report available as report_methodology has not been run prior. Run report_methodology on the current design for the summary of methodology violations.



check_timing report

Table of Contents
-----------------
1. checking no_clock (0)
2. checking constant_clock (0)
3. checking pulse_width_clock (0)
4. checking unconstrained_internal_endpoints (0)
5. checking no_input_delay (3)
6. checking no_output_delay (2)
7. checking multiple_clock (0)
8. checking generated_clocks (0)
9. checking loops (0)
10. checking partial_input_delay (0)
11. checking partial_output_delay (0)
12. checking latch_loops (0)

1. checking no_clock (0)
------------------------
 There are 0 register/latch pins with no clock.


2. checking constant_clock (0)
------------------------------
 There are 0 register/latch pins with constant_clock.


3. checking pulse_width_clock (0)
---------------------------------
 There are 0 register/latch pins which need pulse_width check


4. checking unconstrained_internal_endpoints (0)
------------------------------------------------
 There are 0 pins that are not constrained for maximum delay.

 There are 0 pins that are not constrained for maximum delay due to constant clock.


5. checking no_input_delay (3)
------------------------------
 There are 3 input ports with no input delay specified. (HIGH)

 There are 0 input ports with no input delay but user has a false path constraint.


6. checking no_output_delay (2)
-------------------------------
 There are 2 ports with no output delay specified. (HIGH)

 There are 0 ports with no output delay but user has a false path constraint

 There are 0 ports with no output delay but with a timing clock defined on it or propagating through it


7. checking multiple_clock (0)
------------------------------
 There are 0 register/latch pins with multiple clocks.


8. checking generated_clocks (0)
--------------------------------
 There are 0 generated clocks that are not connected to a clock source.


9. checking loops (0)
---------------------
 There are 0 combinational loops in the design.


10. checking partial_input_delay (0)
------------------------------------
 There are 0 input ports with partial input delay specified.


11. checking partial_output_delay (0)
-------------------------------------
 There are 0 ports with partial output delay specified.


12. checking latch_loops (0)
----------------------------
 There are 0 combinational latch loops in the design through latch input



------------------------------------------------------------------------------------------------
| Design Timing Summary
| ---------------------
------------------------------------------------------------------------------------------------

    WNS(ns)      TNS(ns)  TNS Failing Endpoints  TNS Total Endpoints      WHS(ns)      THS(ns)  THS Failing Endpoints  THS Total Endpoints     WPWS(ns)     TPWS(ns)  TPWS Failing Endpoints  TPWS Total Endpoints  
    -------      -------  ---------------------  -------------------      -------      -------  ---------------------  -------------------     --------     --------  ----------------------  --------------------  
      0.005        0.000                      0                85648        0.021        0.000                      0                85647        0.109        0.000                       0                 35460  


All user specified timing constraints are met.


------------------------------------------------------------------------------------------------
| Clock Summary
| -------------
------------------------------------------------------------------------------------------------

Clock                                                                                                                                                            Waveform(ns)         Period(ns)      Frequency(MHz)
-----                                                                                                                                                            ------------         ----------      --------------
i_platform/i_pll0/i_xilinx_clock_pll_0/inst/clk_in1                                                                                                              {0.000 5.000}        10.000          100.000         
  clk_150000000_xilinx_clock_pll_0                                                                                                                               {0.000 3.333}        6.667           150.000         
    freq_refclk                                                                                                                                                  {0.000 0.833}        1.667           600.000         
      u_memc_ui_top_axi/mem_intfc0/ddr_phy_top0/u_ddr_mc_phy_wrapper/u_ddr_mc_phy/ddr_phy_4lanes_0.u_ddr_phy_4lanes/ddr_byte_lane_C.ddr_byte_lane_C/iserdes_clk  {0.000 1.667}        3.333           300.000         
        iserdes_clkdiv                                                                                                                                           {0.000 6.667}        13.333          75.000          
      u_memc_ui_top_axi/mem_intfc0/ddr_phy_top0/u_ddr_mc_phy_wrapper/u_ddr_mc_phy/ddr_phy_4lanes_0.u_ddr_phy_4lanes/ddr_byte_lane_D.ddr_byte_lane_D/iserdes_clk  {0.000 1.667}        3.333           300.000         
        iserdes_clkdiv_1                                                                                                                                         {0.000 6.667}        13.333          75.000          
    mem_refclk                                                                                                                                                   {0.000 1.667}        3.333           300.000         
      oserdes_clk                                                                                                                                                {0.000 1.667}        3.333           300.000         
        oserdes_clkdiv                                                                                                                                           {0.000 3.333}        6.667           150.000         
      oserdes_clk_1                                                                                                                                              {0.000 1.667}        3.333           300.000         
        oserdes_clkdiv_1                                                                                                                                         {0.000 3.333}        6.667           150.000         
      oserdes_clk_2                                                                                                                                              {0.000 1.667}        3.333           300.000         
        oserdes_clkdiv_2                                                                                                                                         {0.000 3.333}        6.667           150.000         
      oserdes_clk_3                                                                                                                                              {0.000 1.667}        3.333           300.000         
        oserdes_clkdiv_3                                                                                                                                         {0.000 3.333}        6.667           150.000         
    pll_clk3_out                                                                                                                                                 {0.000 3.333}        6.667           150.000         
      clk_pll_i                                                                                                                                                  {0.000 3.333}        6.667           150.000         
    pll_clkfbout                                                                                                                                                 {0.000 3.333}        6.667           150.000         
    sync_pulse                                                                                                                                                   {1.458 4.792}        53.333          18.750          
  clk_300000000_xilinx_clock_pll_0                                                                                                                               {0.000 1.667}        3.333           300.000         
  clk_50000000_xilinx_clock_pll_0                                                                                                                                {0.000 10.000}       20.000          50.000          
  clkfbout_xilinx_clock_pll_0                                                                                                                                    {0.000 5.000}        10.000          100.000         
pjtag_rclk                                                                                                                                                       {0.000 50.000}       100.000         10.000          
sys_clk_pin                                                                                                                                                      {0.000 5.000}        10.000          100.000         


------------------------------------------------------------------------------------------------
| Intra Clock Table
| -----------------
------------------------------------------------------------------------------------------------

Clock                                                                                                                                                                WNS(ns)      TNS(ns)  TNS Failing Endpoints  TNS Total Endpoints      WHS(ns)      THS(ns)  THS Failing Endpoints  THS Total Endpoints     WPWS(ns)     TPWS(ns)  TPWS Failing Endpoints  TPWS Total Endpoints  
-----                                                                                                                                                                -------      -------  ---------------------  -------------------      -------      -------  ---------------------  -------------------     --------     --------  ----------------------  --------------------  
i_platform/i_pll0/i_xilinx_clock_pll_0/inst/clk_in1                                                                                                                                                                                                                                                                3.000        0.000                       0                     1  
  clk_150000000_xilinx_clock_pll_0                                                                                                                                                                                                                                                                                 1.833        0.000                       0                     3  
    freq_refclk                                                                                                                                                                                                                                                                                                    0.270        0.000                       0                     8  
      u_memc_ui_top_axi/mem_intfc0/ddr_phy_top0/u_ddr_mc_phy_wrapper/u_ddr_mc_phy/ddr_phy_4lanes_0.u_ddr_phy_4lanes/ddr_byte_lane_C.ddr_byte_lane_C/iserdes_clk                                                                                                                                                    1.666        0.000                       0                    16  
        iserdes_clkdiv                                                                                                                                                11.305        0.000                      0                   33        0.071        0.000                      0                   33        4.517        0.000                       0                     9  
      u_memc_ui_top_axi/mem_intfc0/ddr_phy_top0/u_ddr_mc_phy_wrapper/u_ddr_mc_phy/ddr_phy_4lanes_0.u_ddr_phy_4lanes/ddr_byte_lane_D.ddr_byte_lane_D/iserdes_clk                                                                                                                                                    1.666        0.000                       0                    16  
        iserdes_clkdiv_1                                                                                                                                              11.267        0.000                      0                   33        0.071        0.000                      0                   33        4.517        0.000                       0                     9  
    mem_refclk                                                                                                                                                         2.172        0.000                      0                    1        0.336        0.000                      0                    1        1.042        0.000                       0                     8  
      oserdes_clk                                                                                                                                                                                                                                                                                                  1.666        0.000                       0                    12  
        oserdes_clkdiv                                                                                                                                                 4.715        0.000                      0                   44        0.090        0.000                      0                   44        1.183        0.000                       0                    12  
      oserdes_clk_1                                                                                                                                                                                                                                                                                                1.666        0.000                       0                    12  
        oserdes_clkdiv_1                                                                                                                                               5.238        0.000                      0                   48        0.094        0.000                      0                   48        1.183        0.000                       0                    13  
      oserdes_clk_2                                                                                                                                                    1.753        0.000                      0                    4        0.413        0.000                      0                    4        1.666        0.000                       0                    12  
        oserdes_clkdiv_2                                                                                                                                               5.245        0.000                      0                   36        0.092        0.000                      0                   36        1.183        0.000                       0                    11  
      oserdes_clk_3                                                                                                                                                    1.769        0.000                      0                    4        0.408        0.000                      0                    4        1.666        0.000                       0                    12  
        oserdes_clkdiv_3                                                                                                                                               5.261        0.000                      0                   36        0.086        0.000                      0                   36        1.183        0.000                       0                    11  
    pll_clk3_out                                                                                                                                                                                                                                                                                                   1.833        0.000                       0                     3  
      clk_pll_i                                                                                                                                                        0.005        0.000                      0                23071        0.041        0.000                      0                23071        1.183        0.000                       0                 10777  
    pll_clkfbout                                                                                                                                                                                                                                                                                                   5.418        0.000                       0                     2  
    sync_pulse                                                                                                                                                                                                                                                                                                     2.083        0.000                       0                     8  
  clk_300000000_xilinx_clock_pll_0                                                                                                                                     1.858        0.000                      0                   14        0.198        0.000                      0                   14        0.109        0.000                       0                    18  
  clk_50000000_xilinx_clock_pll_0                                                                                                                                      5.308        0.000                      0                22324        0.021        0.000                      0                22324        8.750        0.000                       0                 11838  
  clkfbout_xilinx_clock_pll_0                                                                                                                                                                                                                                                                                      7.845        0.000                       0                     3  
pjtag_rclk                                                                                                                                                            12.434        0.000                      0                  351        0.059        0.000                      0                  351       49.500        0.000                       0                   254  
sys_clk_pin                                                                                                                                                            0.431        0.000                      0                32981        0.022        0.000                      0                32981        3.750        0.000                       0                 12392  


------------------------------------------------------------------------------------------------
| Inter Clock Table
| -----------------
------------------------------------------------------------------------------------------------

From Clock    To Clock          WNS(ns)      TNS(ns)  TNS Failing Endpoints  TNS Total Endpoints      WHS(ns)      THS(ns)  THS Failing Endpoints  THS Total Endpoints  
----------    --------          -------      -------  ---------------------  -------------------      -------      -------  ---------------------  -------------------  


------------------------------------------------------------------------------------------------
| Other Path Groups Table
| -----------------------
------------------------------------------------------------------------------------------------

Path Group                       From Clock                       To Clock                             WNS(ns)      TNS(ns)  TNS Failing Endpoints  TNS Total Endpoints      WHS(ns)      THS(ns)  THS Failing Endpoints  THS Total Endpoints  
----------                       ----------                       --------                             -------      -------  ---------------------  -------------------      -------      -------  ---------------------  -------------------  
**async_default**                clk_50000000_xilinx_clock_pll_0  clk_50000000_xilinx_clock_pll_0        6.848        0.000                      0                 6665        0.607        0.000                      0                 6665  
**async_default**                clk_pll_i                        clk_pll_i                              3.691        0.000                      0                    2        0.628        0.000                      0                    2  
**default**                      clk_pll_i                                                               1.425        0.000                      0                    1                                                                        


------------------------------------------------------------------------------------------------
| Timing Details
| --------------
------------------------------------------------------------------------------------------------


---------------------------------------------------------------------------------------------------
From Clock:  i_platform/i_pll0/i_xilinx_clock_pll_0/inst/clk_in1
  To Clock:  i_platform/i_pll0/i_xilinx_clock_pll_0/inst/clk_in1

Setup :           NA  Failing Endpoints,  Worst Slack           NA  ,  Total Violation           NA
Hold  :           NA  Failing Endpoints,  Worst Slack           NA  ,  Total Violation           NA
PW    :            0  Failing Endpoints,  Worst Slack        3.000ns,  Total Violation        0.000ns
---------------------------------------------------------------------------------------------------


Pulse Width Checks
--------------------------------------------------------------------------------------
Clock Name:         i_platform/i_pll0/i_xilinx_clock_pll_0/inst/clk_in1
Waveform(ns):       { 0.000 5.000 }
Period(ns):         10.000
Sources:            { i_platform/i_pll0/i_xilinx_clock_pll_0/inst/clk_in1 }

Check Type        Corner  Lib Pin            Reference Pin  Required(ns)  Actual(ns)  Slack(ns)  Location         Pin
Min Period        n/a     MMCME2_ADV/CLKIN1  n/a            1.249         10.000      8.751      MMCME2_ADV_X0Y0  i_platform/i_pll0/i_xilinx_clock_pll_0/inst/mmcm_adv_inst/CLKIN1
Max Period        n/a     MMCME2_ADV/CLKIN1  n/a            100.000       10.000      90.000     MMCME2_ADV_X0Y0  i_platform/i_pll0/i_xilinx_clock_pll_0/inst/mmcm_adv_inst/CLKIN1
Low Pulse Width   Slow    MMCME2_ADV/CLKIN1  n/a            2.000         5.000       3.000      MMCME2_ADV_X0Y0  i_platform/i_pll0/i_xilinx_clock_pll_0/inst/mmcm_adv_inst/CLKIN1
High Pulse Width  Slow    MMCME2_ADV/CLKIN1  n/a            2.000         5.000       3.000      MMCME2_ADV_X0Y0  i_platform/i_pll0/i_xilinx_clock_pll_0/inst/mmcm_adv_inst/CLKIN1



---------------------------------------------------------------------------------------------------
From Clock:  clk_150000000_xilinx_clock_pll_0
  To Clock:  clk_150000000_xilinx_clock_pll_0

Setup :           NA  Failing Endpoints,  Worst Slack           NA  ,  Total Violation           NA
Hold  :           NA  Failing Endpoints,  Worst Slack           NA  ,  Total Violation           NA
PW    :            0  Failing Endpoints,  Worst Slack        1.833ns,  Total Violation        0.000ns
---------------------------------------------------------------------------------------------------


Pulse Width Checks
--------------------------------------------------------------------------------------
Clock Name:         clk_150000000_xilinx_clock_pll_0
Waveform(ns):       { 0.000 3.333 }
Period(ns):         6.667
Sources:            { i_platform/i_pll0/i_xilinx_clock_pll_0/inst/mmcm_adv_inst/CLKOUT2 }

Check Type        Corner  Lib Pin           Reference Pin  Required(ns)  Actual(ns)  Slack(ns)  Location        Pin
Min Period        n/a     BUFG/I            n/a            2.155         6.667       4.511      BUFGCTRL_X0Y2   i_platform/i_pll0/i_xilinx_clock_pll_0/inst/clkout3_buf/I
Max Period        n/a     PLLE2_ADV/CLKIN1  n/a            52.633        6.667       45.966     PLLE2_ADV_X1Y1  i_platform/i_system_ddr/nolabel_line70/u_xilinx_ddr3_ctrl_axi32_mig/u_ddr3_infrastructure/plle2_i/CLKIN1
Low Pulse Width   Slow    PLLE2_ADV/CLKIN1  n/a            1.500         3.333       1.833      PLLE2_ADV_X1Y1  i_platform/i_system_ddr/nolabel_line70/u_xilinx_ddr3_ctrl_axi32_mig/u_ddr3_infrastructure/plle2_i/CLKIN1
High Pulse Width  Slow    PLLE2_ADV/CLKIN1  n/a            1.500         3.333       1.833      PLLE2_ADV_X1Y1  i_platform/i_system_ddr/nolabel_line70/u_xilinx_ddr3_ctrl_axi32_mig/u_ddr3_infrastructure/plle2_i/CLKIN1



---------------------------------------------------------------------------------------------------
From Clock:  freq_refclk
  To Clock:  freq_refclk

Setup :           NA  Failing Endpoints,  Worst Slack           NA  ,  Total Violation           NA
Hold  :           NA  Failing Endpoints,  Worst Slack           NA  ,  Total Violation           NA
PW    :            0  Failing Endpoints,  Worst Slack        0.270ns,  Total Violation        0.000ns
---------------------------------------------------------------------------------------------------


Pulse Width Checks
--------------------------------------------------------------------------------------
Clock Name:         freq_refclk
Waveform(ns):       { 0.000 0.833 }
Period(ns):         1.667
Sources:            { i_platform/i_system_ddr/nolabel_line70/u_xilinx_ddr3_ctrl_axi32_mig/u_ddr3_infrastructure/plle2_i/CLKOUT0 }

Check Type        Corner  Lib Pin                    Reference Pin  Required(ns)  Actual(ns)  Slack(ns)  Location             Pin
Min Period        n/a     PHASER_OUT_PHY/FREQREFCLK  n/a            1.250         1.667       0.417      PHASER_OUT_PHY_X1Y4  i_platform/i_system_ddr/nolabel_line70/u_xilinx_ddr3_ctrl_axi32_mig/u_memc_ui_top_axi/mem_intfc0/ddr_phy_top0/u_ddr_mc_phy_wrapper/u_ddr_mc_phy/ddr_phy_4lanes_0.u_ddr_phy_4lanes/ddr_byte_lane_A.ddr_byte_lane_A/phaser_out/FREQREFCLK
Max Period        n/a     PHASER_OUT_PHY/FREQREFCLK  n/a            2.500         1.667       0.833      PHASER_OUT_PHY_X1Y4  i_platform/i_system_ddr/nolabel_line70/u_xilinx_ddr3_ctrl_axi32_mig/u_memc_ui_top_axi/mem_intfc0/ddr_phy_top0/u_ddr_mc_phy_wrapper/u_ddr_mc_phy/ddr_phy_4lanes_0.u_ddr_phy_4lanes/ddr_byte_lane_A.ddr_byte_lane_A/phaser_out/FREQREFCLK
Low Pulse Width   Slow    PHASER_REF/CLKIN           n/a            0.562         0.833       0.271      PHASER_REF_X1Y1      i_platform/i_system_ddr/nolabel_line70/u_xilinx_ddr3_ctrl_axi32_mig/u_memc_ui_top_axi/mem_intfc0/ddr_phy_top0/u_ddr_mc_phy_wrapper/u_ddr_mc_phy/ddr_phy_4lanes_0.u_ddr_phy_4lanes/phaser_ref_i/CLKIN
High Pulse Width  Slow    PHASER_OUT_PHY/FREQREFCLK  n/a            0.563         0.833       0.270      PHASER_OUT_PHY_X1Y4  i_platform/i_system_ddr/nolabel_line70/u_xilinx_ddr3_ctrl_axi32_mig/u_memc_ui_top_axi/mem_intfc0/ddr_phy_top0/u_ddr_mc_phy_wrapper/u_ddr_mc_phy/ddr_phy_4lanes_0.u_ddr_phy_4lanes/ddr_byte_lane_A.ddr_byte_lane_A/phaser_out/FREQREFCLK



---------------------------------------------------------------------------------------------------
From Clock:  u_memc_ui_top_axi/mem_intfc0/ddr_phy_top0/u_ddr_mc_phy_wrapper/u_ddr_mc_phy/ddr_phy_4lanes_0.u_ddr_phy_4lanes/ddr_byte_lane_C.ddr_byte_lane_C/iserdes_clk
  To Clock:  u_memc_ui_top_axi/mem_intfc0/ddr_phy_top0/u_ddr_mc_phy_wrapper/u_ddr_mc_phy/ddr_phy_4lanes_0.u_ddr_phy_4lanes/ddr_byte_lane_C.ddr_byte_lane_C/iserdes_clk

Setup :           NA  Failing Endpoints,  Worst Slack           NA  ,  Total Violation           NA
Hold  :           NA  Failing Endpoints,  Worst Slack           NA  ,  Total Violation           NA
PW    :            0  Failing Endpoints,  Worst Slack        1.666ns,  Total Violation        0.000ns
---------------------------------------------------------------------------------------------------


Pulse Width Checks
--------------------------------------------------------------------------------------
Clock Name:         u_memc_ui_top_axi/mem_intfc0/ddr_phy_top0/u_ddr_mc_phy_wrapper/u_ddr_mc_phy/ddr_phy_4lanes_0.u_ddr_phy_4lanes/ddr_byte_lane_C.ddr_byte_lane_C/iserdes_clk
Waveform(ns):       { 0.000 1.667 }
Period(ns):         3.333
Sources:            { i_platform/i_system_ddr/nolabel_line70/u_xilinx_ddr3_ctrl_axi32_mig/u_memc_ui_top_axi/mem_intfc0/ddr_phy_top0/u_ddr_mc_phy_wrapper/u_ddr_mc_phy/ddr_phy_4lanes_0.u_ddr_phy_4lanes/ddr_byte_lane_C.ddr_byte_lane_C/phaser_in_gen.phaser_in/ICLK }

Check Type  Corner  Lib Pin        Reference Pin  Required(ns)  Actual(ns)  Slack(ns)  Location      Pin
Min Period  n/a     ISERDESE2/CLK  n/a            1.667         3.333       1.666      ILOGIC_X1Y76  i_platform/i_system_ddr/nolabel_line70/u_xilinx_ddr3_ctrl_axi32_mig/u_memc_ui_top_axi/mem_intfc0/ddr_phy_top0/u_ddr_mc_phy_wrapper/u_ddr_mc_phy/ddr_phy_4lanes_0.u_ddr_phy_4lanes/ddr_byte_lane_C.ddr_byte_lane_C/ddr_byte_group_io/input_[1].iserdes_dq_.iserdesdq/CLK



---------------------------------------------------------------------------------------------------
From Clock:  iserdes_clkdiv
  To Clock:  iserdes_clkdiv

Setup :            0  Failing Endpoints,  Worst Slack       11.305ns,  Total Violation        0.000ns
Hold  :            0  Failing Endpoints,  Worst Slack        0.071ns,  Total Violation        0.000ns
PW    :            0  Failing Endpoints,  Worst Slack        4.517ns,  Total Violation        0.000ns
---------------------------------------------------------------------------------------------------


Max Delay Paths
--------------------------------------------------------------------------------------
Slack (MET) :             11.305ns  (required time - arrival time)
  Source:                 i_platform/i_system_ddr/nolabel_line70/u_xilinx_ddr3_ctrl_axi32_mig/u_memc_ui_top_axi/mem_intfc0/ddr_phy_top0/u_ddr_mc_phy_wrapper/u_ddr_mc_phy/ddr_phy_4lanes_0.u_ddr_phy_4lanes/ddr_byte_lane_C.ddr_byte_lane_C/ddr_byte_group_io/input_[1].iserdes_dq_.iserdesdq/CLKDIVP
                            (rising edge-triggered cell ISERDESE2 clocked by iserdes_clkdiv  {rise@0.000ns fall@6.667ns period=13.333ns})
  Destination:            i_platform/i_system_ddr/nolabel_line70/u_xilinx_ddr3_ctrl_axi32_mig/u_memc_ui_top_axi/mem_intfc0/ddr_phy_top0/u_ddr_mc_phy_wrapper/u_ddr_mc_phy/ddr_phy_4lanes_0.u_ddr_phy_4lanes/ddr_byte_lane_C.ddr_byte_lane_C/in_fifo_gen.in_fifo/D1[3]
                            (rising edge-triggered cell IN_FIFO clocked by iserdes_clkdiv  {rise@0.000ns fall@6.667ns period=13.333ns})
  Path Group:             iserdes_clkdiv
  Path Type:              Setup (Max at Slow Process Corner)
  Requirement:            13.333ns  (iserdes_clkdiv rise@13.333ns - iserdes_clkdiv rise@0.000ns)
  Data Path Delay:        0.954ns  (logic 0.425ns (44.547%)  route 0.529ns (55.453%))
  Logic Levels:           0  
  Clock Path Skew:        -0.450ns (DCD - SCD + CPR)
    Destination Clock Delay (DCD):    4.092ns = ( 17.426 - 13.333 ) 
    Source Clock Delay      (SCD):    4.748ns
    Clock Pessimism Removal (CPR):    0.206ns
  Clock Uncertainty:      0.053ns  ((TSJ^2 + DJ^2)^1/2) / 2 + PE
    Total System Jitter     (TSJ):    0.071ns
    Discrete Jitter          (DJ):    0.080ns
    Phase Error              (PE):    0.000ns

    Location             Delay type                Incr(ns)  Path(ns)    Netlist Resource(s)
  -------------------------------------------------------------------    -------------------
                         (clock iserdes_clkdiv rise edge)
                                                      0.000     0.000 r  <hidden>
    BUFGCTRL_X0Y16       BUFG                         0.000     0.000 r  external_clk_0_IBUF_BUFG_inst/O
                         net (fo=12426, routed)       1.809     1.809    i_platform/i_pll0/i_xilinx_clock_pll_0/inst/clk_in1
    MMCME2_ADV_X0Y0      MMCME2_ADV (Prop_mmcme2_adv_CLKIN1_CLKOUT2)
                                                     -3.922    -2.112 r  i_platform/i_pll0/i_xilinx_clock_pll_0/inst/mmcm_adv_inst/CLKOUT2
                         net (fo=1, routed)           2.018    -0.094    i_platform/i_pll0/i_xilinx_clock_pll_0/inst/clk_150000000_xilinx_clock_pll_0
    BUFGCTRL_X0Y2        BUFG (Prop_bufg_I_O)         0.096     0.002 r  i_platform/i_pll0/i_xilinx_clock_pll_0/inst/clkout3_buf/O
                         net (fo=1, routed)           1.664     1.666    i_platform/i_system_ddr/nolabel_line70/u_xilinx_ddr3_ctrl_axi32_mig/u_ddr3_infrastructure/mmcm_clk
    PLLE2_ADV_X1Y1       PLLE2_ADV (Prop_plle2_adv_CLKIN1_CLKOUT0)
                                                      0.088     1.754 r  i_platform/i_system_ddr/nolabel_line70/u_xilinx_ddr3_ctrl_axi32_mig/u_ddr3_infrastructure/plle2_i/CLKOUT0
                         net (fo=7, routed)           0.607     2.361    i_platform/i_system_ddr/nolabel_line70/u_xilinx_ddr3_ctrl_axi32_mig/u_memc_ui_top_axi/mem_intfc0/ddr_phy_top0/u_ddr_mc_phy_wrapper/u_ddr_mc_phy/ddr_phy_4lanes_0.u_ddr_phy_4lanes/ddr_byte_lane_C.ddr_byte_lane_C/freq_refclk
    PHASER_IN_PHY_X1Y6   PHASER_IN_PHY (Prop_phaser_in_phy_FREQREFCLK_ICLK)
                                                      1.764     4.125 r  i_platform/i_system_ddr/nolabel_line70/u_xilinx_ddr3_ctrl_axi32_mig/u_memc_ui_top_axi/mem_intfc0/ddr_phy_top0/u_ddr_mc_phy_wrapper/u_ddr_mc_phy/ddr_phy_4lanes_0.u_ddr_phy_4lanes/ddr_byte_lane_C.ddr_byte_lane_C/phaser_in_gen.phaser_in/ICLK
    PHASER_IN_PHY_X1Y6   PHASER_IN_PHY (Prop_phaser_in_phy_ICLK_ICLKDIV)
                                                      0.173     4.298 r  i_platform/i_system_ddr/nolabel_line70/u_xilinx_ddr3_ctrl_axi32_mig/u_memc_ui_top_axi/mem_intfc0/ddr_phy_top0/u_ddr_mc_phy_wrapper/u_ddr_mc_phy/ddr_phy_4lanes_0.u_ddr_phy_4lanes/ddr_byte_lane_C.ddr_byte_lane_C/phaser_in_gen.phaser_in/ICLKDIV
                         net (fo=9, routed)           0.450     4.748    i_platform/i_system_ddr/nolabel_line70/u_xilinx_ddr3_ctrl_axi32_mig/u_memc_ui_top_axi/mem_intfc0/ddr_phy_top0/u_ddr_mc_phy_wrapper/u_ddr_mc_phy/ddr_phy_4lanes_0.u_ddr_phy_4lanes/ddr_byte_lane_C.ddr_byte_lane_C/ddr_byte_group_io/iserdes_clkdiv
    ILOGIC_X1Y76         ISERDESE2                                    r  i_platform/i_system_ddr/nolabel_line70/u_xilinx_ddr3_ctrl_axi32_mig/u_memc_ui_top_axi/mem_intfc0/ddr_phy_top0/u_ddr_mc_phy_wrapper/u_ddr_mc_phy/ddr_phy_4lanes_0.u_ddr_phy_4lanes/ddr_byte_lane_C.ddr_byte_lane_C/ddr_byte_group_io/input_[1].iserdes_dq_.iserdesdq/CLKDIVP
  -------------------------------------------------------------------    -------------------
    ILOGIC_X1Y76         ISERDESE2 (Prop_iserdese2_CLKDIVP_Q1)
                                                      0.425     5.173 r  i_platform/i_system_ddr/nolabel_line70/u_xilinx_ddr3_ctrl_axi32_mig/u_memc_ui_top_axi/mem_intfc0/ddr_phy_top0/u_ddr_mc_phy_wrapper/u_ddr_mc_phy/ddr_phy_4lanes_0.u_ddr_phy_4lanes/ddr_byte_lane_C.ddr_byte_lane_C/ddr_byte_group_io/input_[1].iserdes_dq_.iserdesdq/Q1
                         net (fo=1, routed)           0.529     5.702    i_platform/i_system_ddr/nolabel_line70/u_xilinx_ddr3_ctrl_axi32_mig/u_memc_ui_top_axi/mem_intfc0/ddr_phy_top0/u_ddr_mc_phy_wrapper/u_ddr_mc_phy/ddr_phy_4lanes_0.u_ddr_phy_4lanes/ddr_byte_lane_C.ddr_byte_lane_C/if_d1[3]
    IN_FIFO_X1Y6         IN_FIFO                                      r  i_platform/i_system_ddr/nolabel_line70/u_xilinx_ddr3_ctrl_axi32_mig/u_memc_ui_top_axi/mem_intfc0/ddr_phy_top0/u_ddr_mc_phy_wrapper/u_ddr_mc_phy/ddr_phy_4lanes_0.u_ddr_phy_4lanes/ddr_byte_lane_C.ddr_byte_lane_C/in_fifo_gen.in_fifo/D1[3]
  -------------------------------------------------------------------    -------------------

                         (clock iserdes_clkdiv rise edge)
                                                     13.333    13.333 r  <hidden>
    BUFGCTRL_X0Y16       BUFG                         0.000    13.333 r  external_clk_0_IBUF_BUFG_inst/O
                         net (fo=12426, routed)       1.683    15.016    i_platform/i_pll0/i_xilinx_clock_pll_0/inst/clk_in1
    MMCME2_ADV_X0Y0      MMCME2_ADV (Prop_mmcme2_adv_CLKIN1_CLKOUT2)
                                                     -3.694    11.322 r  i_platform/i_pll0/i_xilinx_clock_pll_0/inst/mmcm_adv_inst/CLKOUT2
                         net (fo=1, routed)           1.923    13.245    i_platform/i_pll0/i_xilinx_clock_pll_0/inst/clk_150000000_xilinx_clock_pll_0
    BUFGCTRL_X0Y2        BUFG (Prop_bufg_I_O)         0.091    13.336 r  i_platform/i_pll0/i_xilinx_clock_pll_0/inst/clkout3_buf/O
                         net (fo=1, routed)           1.541    14.878    i_platform/i_system_ddr/nolabel_line70/u_xilinx_ddr3_ctrl_axi32_mig/u_ddr3_infrastructure/mmcm_clk
    PLLE2_ADV_X1Y1       PLLE2_ADV (Prop_plle2_adv_CLKIN1_CLKOUT0)
                                                      0.083    14.961 r  i_platform/i_system_ddr/nolabel_line70/u_xilinx_ddr3_ctrl_axi32_mig/u_ddr3_infrastructure/plle2_i/CLKOUT0
                         net (fo=7, routed)           0.576    15.537    i_platform/i_system_ddr/nolabel_line70/u_xilinx_ddr3_ctrl_axi32_mig/u_memc_ui_top_axi/mem_intfc0/ddr_phy_top0/u_ddr_mc_phy_wrapper/u_ddr_mc_phy/ddr_phy_4lanes_0.u_ddr_phy_4lanes/ddr_byte_lane_C.ddr_byte_lane_C/freq_refclk
    PHASER_IN_PHY_X1Y6   PHASER_IN_PHY (Prop_phaser_in_phy_FREQREFCLK_ICLK)
                                                      1.726    17.263 r  i_platform/i_system_ddr/nolabel_line70/u_xilinx_ddr3_ctrl_axi32_mig/u_memc_ui_top_axi/mem_intfc0/ddr_phy_top0/u_ddr_mc_phy_wrapper/u_ddr_mc_phy/ddr_phy_4lanes_0.u_ddr_phy_4lanes/ddr_byte_lane_C.ddr_byte_lane_C/phaser_in_gen.phaser_in/ICLK
    PHASER_IN_PHY_X1Y6   PHASER_IN_PHY (Prop_phaser_in_phy_ICLK_ICLKDIV)
                                                      0.163    17.426 r  i_platform/i_system_ddr/nolabel_line70/u_xilinx_ddr3_ctrl_axi32_mig/u_memc_ui_top_axi/mem_intfc0/ddr_phy_top0/u_ddr_mc_phy_wrapper/u_ddr_mc_phy/ddr_phy_4lanes_0.u_ddr_phy_4lanes/ddr_byte_lane_C.ddr_byte_lane_C/phaser_in_gen.phaser_in/ICLKDIV
                         net (fo=9, routed)           0.000    17.426    i_platform/i_system_ddr/nolabel_line70/u_xilinx_ddr3_ctrl_axi32_mig/u_memc_ui_top_axi/mem_intfc0/ddr_phy_top0/u_ddr_mc_phy_wrapper/u_ddr_mc_phy/ddr_phy_4lanes_0.u_ddr_phy_4lanes/ddr_byte_lane_C.ddr_byte_lane_C/iserdes_clkdiv
    IN_FIFO_X1Y6         IN_FIFO                                      r  i_platform/i_system_ddr/nolabel_line70/u_xilinx_ddr3_ctrl_axi32_mig/u_memc_ui_top_axi/mem_intfc0/ddr_phy_top0/u_ddr_mc_phy_wrapper/u_ddr_mc_phy/ddr_phy_4lanes_0.u_ddr_phy_4lanes/ddr_byte_lane_C.ddr_byte_lane_C/in_fifo_gen.in_fifo/WRCLK
                         clock pessimism              0.206    17.632    <hidden>
                         clock uncertainty           -0.053    17.578    <hidden>
    IN_FIFO_X1Y6         IN_FIFO (Setup_in_fifo_WRCLK_D1[3])
                                                     -0.571    17.007    i_platform/i_system_ddr/nolabel_line70/u_xilinx_ddr3_ctrl_axi32_mig/u_memc_ui_top_axi/mem_intfc0/ddr_phy_top0/u_ddr_mc_phy_wrapper/u_ddr_mc_phy/ddr_phy_4lanes_0.u_ddr_phy_4lanes/ddr_byte_lane_C.ddr_byte_lane_C/in_fifo_gen.in_fifo
  -------------------------------------------------------------------
                         required time                         17.007    <hidden>
                         arrival time                          -5.702    <hidden>
  -------------------------------------------------------------------
                         slack                                 11.305    <hidden>





Min Delay Paths
--------------------------------------------------------------------------------------
Slack (MET) :             0.071ns  (arrival time - required time)
  Source:                 i_platform/i_system_ddr/nolabel_line70/u_xilinx_ddr3_ctrl_axi32_mig/u_memc_ui_top_axi/mem_intfc0/ddr_phy_top0/u_ddr_mc_phy_wrapper/u_ddr_mc_phy/ddr_phy_4lanes_0.u_ddr_phy_4lanes/ddr_byte_lane_C.ddr_byte_lane_C/phaser_in_gen.phaser_in/ICLKDIV
                            (rising edge-triggered cell PHASER_IN_PHY clocked by iserdes_clkdiv  {rise@0.000ns fall@6.667ns period=13.333ns})
  Destination:            i_platform/i_system_ddr/nolabel_line70/u_xilinx_ddr3_ctrl_axi32_mig/u_memc_ui_top_axi/mem_intfc0/ddr_phy_top0/u_ddr_mc_phy_wrapper/u_ddr_mc_phy/ddr_phy_4lanes_0.u_ddr_phy_4lanes/ddr_byte_lane_C.ddr_byte_lane_C/in_fifo_gen.in_fifo/WREN
                            (rising edge-triggered cell IN_FIFO clocked by iserdes_clkdiv  {rise@0.000ns fall@6.667ns period=13.333ns})
  Path Group:             iserdes_clkdiv
  Path Type:              Hold (Min at Fast Process Corner)
  Requirement:            0.000ns  (iserdes_clkdiv rise@0.000ns - iserdes_clkdiv rise@0.000ns)
  Data Path Delay:        0.058ns  (logic 0.058ns (100.000%)  route 0.000ns (0.000%))
  Logic Levels:           0  
  Clock Path Skew:        0.000ns (DCD - SCD - CPR)
    Destination Clock Delay (DCD):    2.678ns
    Source Clock Delay      (SCD):    2.356ns
    Clock Pessimism Removal (CPR):    0.322ns

    Location             Delay type                Incr(ns)  Path(ns)    Netlist Resource(s)
  -------------------------------------------------------------------    -------------------
                         (clock iserdes_clkdiv rise edge)
                                                      0.000     0.000 r  <hidden>
    BUFGCTRL_X0Y16       BUFG                         0.000     0.000 r  external_clk_0_IBUF_BUFG_inst/O
                         net (fo=12426, routed)       0.624     0.624    i_platform/i_pll0/i_xilinx_clock_pll_0/inst/clk_in1
    MMCME2_ADV_X0Y0      MMCME2_ADV (Prop_mmcme2_adv_CLKIN1_CLKOUT2)
                                                     -1.296    -0.672 r  i_platform/i_pll0/i_xilinx_clock_pll_0/inst/mmcm_adv_inst/CLKOUT2
                         net (fo=1, routed)           0.648    -0.024    i_platform/i_pll0/i_xilinx_clock_pll_0/inst/clk_150000000_xilinx_clock_pll_0
    BUFGCTRL_X0Y2        BUFG (Prop_bufg_I_O)         0.026     0.002 r  i_platform/i_pll0/i_xilinx_clock_pll_0/inst/clkout3_buf/O
                         net (fo=1, routed)           0.564     0.566    i_platform/i_system_ddr/nolabel_line70/u_xilinx_ddr3_ctrl_axi32_mig/u_ddr3_infrastructure/mmcm_clk
    PLLE2_ADV_X1Y1       PLLE2_ADV (Prop_plle2_adv_CLKIN1_CLKOUT0)
                                                      0.050     0.616 r  i_platform/i_system_ddr/nolabel_line70/u_xilinx_ddr3_ctrl_axi32_mig/u_ddr3_infrastructure/plle2_i/CLKOUT0
                         net (fo=7, routed)           0.197     0.813    i_platform/i_system_ddr/nolabel_line70/u_xilinx_ddr3_ctrl_axi32_mig/u_memc_ui_top_axi/mem_intfc0/ddr_phy_top0/u_ddr_mc_phy_wrapper/u_ddr_mc_phy/ddr_phy_4lanes_0.u_ddr_phy_4lanes/ddr_byte_lane_C.ddr_byte_lane_C/freq_refclk
    PHASER_IN_PHY_X1Y6   PHASER_IN_PHY (Prop_phaser_in_phy_FREQREFCLK_ICLK)
                                                      1.454     2.266 r  i_platform/i_system_ddr/nolabel_line70/u_xilinx_ddr3_ctrl_axi32_mig/u_memc_ui_top_axi/mem_intfc0/ddr_phy_top0/u_ddr_mc_phy_wrapper/u_ddr_mc_phy/ddr_phy_4lanes_0.u_ddr_phy_4lanes/ddr_byte_lane_C.ddr_byte_lane_C/phaser_in_gen.phaser_in/ICLK
    PHASER_IN_PHY_X1Y6   PHASER_IN_PHY (Prop_phaser_in_phy_ICLK_ICLKDIV)
                                                      0.090     2.356 r  i_platform/i_system_ddr/nolabel_line70/u_xilinx_ddr3_ctrl_axi32_mig/u_memc_ui_top_axi/mem_intfc0/ddr_phy_top0/u_ddr_mc_phy_wrapper/u_ddr_mc_phy/ddr_phy_4lanes_0.u_ddr_phy_4lanes/ddr_byte_lane_C.ddr_byte_lane_C/phaser_in_gen.phaser_in/ICLKDIV
  -------------------------------------------------------------------    -------------------
    PHASER_IN_PHY_X1Y6   PHASER_IN_PHY (Prop_phaser_in_phy_ICLKDIV_WRENABLE)
                                                      0.058     2.414 r  i_platform/i_system_ddr/nolabel_line70/u_xilinx_ddr3_ctrl_axi32_mig/u_memc_ui_top_axi/mem_intfc0/ddr_phy_top0/u_ddr_mc_phy_wrapper/u_ddr_mc_phy/ddr_phy_4lanes_0.u_ddr_phy_4lanes/ddr_byte_lane_C.ddr_byte_lane_C/phaser_in_gen.phaser_in/WRENABLE
                         net (fo=1, routed)           0.000     2.414    i_platform/i_system_ddr/nolabel_line70/u_xilinx_ddr3_ctrl_axi32_mig/u_memc_ui_top_axi/mem_intfc0/ddr_phy_top0/u_ddr_mc_phy_wrapper/u_ddr_mc_phy/ddr_phy_4lanes_0.u_ddr_phy_4lanes/ddr_byte_lane_C.ddr_byte_lane_C/ififo_wr_enable
    IN_FIFO_X1Y6         IN_FIFO                                      r  i_platform/i_system_ddr/nolabel_line70/u_xilinx_ddr3_ctrl_axi32_mig/u_memc_ui_top_axi/mem_intfc0/ddr_phy_top0/u_ddr_mc_phy_wrapper/u_ddr_mc_phy/ddr_phy_4lanes_0.u_ddr_phy_4lanes/ddr_byte_lane_C.ddr_byte_lane_C/in_fifo_gen.in_fifo/WREN
  -------------------------------------------------------------------    -------------------

                         (clock iserdes_clkdiv rise edge)
                                                      0.000     0.000 r  <hidden>
    BUFGCTRL_X0Y16       BUFG                         0.000     0.000 r  external_clk_0_IBUF_BUFG_inst/O
                         net (fo=12426, routed)       0.898     0.898    i_platform/i_pll0/i_xilinx_clock_pll_0/inst/clk_in1
    MMCME2_ADV_X0Y0      MMCME2_ADV (Prop_mmcme2_adv_CLKIN1_CLKOUT2)
                                                     -1.625    -0.727 r  i_platform/i_pll0/i_xilinx_clock_pll_0/inst/mmcm_adv_inst/CLKOUT2
                         net (fo=1, routed)           0.700    -0.027    i_platform/i_pll0/i_xilinx_clock_pll_0/inst/clk_150000000_xilinx_clock_pll_0
    BUFGCTRL_X0Y2        BUFG (Prop_bufg_I_O)         0.029     0.002 r  i_platform/i_pll0/i_xilinx_clock_pll_0/inst/clkout3_buf/O
                         net (fo=1, routed)           0.833     0.835    i_platform/i_system_ddr/nolabel_line70/u_xilinx_ddr3_ctrl_axi32_mig/u_ddr3_infrastructure/mmcm_clk
    PLLE2_ADV_X1Y1       PLLE2_ADV (Prop_plle2_adv_CLKIN1_CLKOUT0)
                                                      0.053     0.888 r  i_platform/i_system_ddr/nolabel_line70/u_xilinx_ddr3_ctrl_axi32_mig/u_ddr3_infrastructure/plle2_i/CLKOUT0
                         net (fo=7, routed)           0.217     1.105    i_platform/i_system_ddr/nolabel_line70/u_xilinx_ddr3_ctrl_axi32_mig/u_memc_ui_top_axi/mem_intfc0/ddr_phy_top0/u_ddr_mc_phy_wrapper/u_ddr_mc_phy/ddr_phy_4lanes_0.u_ddr_phy_4lanes/ddr_byte_lane_C.ddr_byte_lane_C/freq_refclk
    PHASER_IN_PHY_X1Y6   PHASER_IN_PHY (Prop_phaser_in_phy_FREQREFCLK_ICLK)
                                                      1.478     2.582 r  i_platform/i_system_ddr/nolabel_line70/u_xilinx_ddr3_ctrl_axi32_mig/u_memc_ui_top_axi/mem_intfc0/ddr_phy_top0/u_ddr_mc_phy_wrapper/u_ddr_mc_phy/ddr_phy_4lanes_0.u_ddr_phy_4lanes/ddr_byte_lane_C.ddr_byte_lane_C/phaser_in_gen.phaser_in/ICLK
    PHASER_IN_PHY_X1Y6   PHASER_IN_PHY (Prop_phaser_in_phy_ICLK_ICLKDIV)
                                                      0.096     2.678 r  i_platform/i_system_ddr/nolabel_line70/u_xilinx_ddr3_ctrl_axi32_mig/u_memc_ui_top_axi/mem_intfc0/ddr_phy_top0/u_ddr_mc_phy_wrapper/u_ddr_mc_phy/ddr_phy_4lanes_0.u_ddr_phy_4lanes/ddr_byte_lane_C.ddr_byte_lane_C/phaser_in_gen.phaser_in/ICLKDIV
                         net (fo=9, routed)           0.000     2.678    i_platform/i_system_ddr/nolabel_line70/u_xilinx_ddr3_ctrl_axi32_mig/u_memc_ui_top_axi/mem_intfc0/ddr_phy_top0/u_ddr_mc_phy_wrapper/u_ddr_mc_phy/ddr_phy_4lanes_0.u_ddr_phy_4lanes/ddr_byte_lane_C.ddr_byte_lane_C/iserdes_clkdiv
    IN_FIFO_X1Y6         IN_FIFO                                      r  i_platform/i_system_ddr/nolabel_line70/u_xilinx_ddr3_ctrl_axi32_mig/u_memc_ui_top_axi/mem_intfc0/ddr_phy_top0/u_ddr_mc_phy_wrapper/u_ddr_mc_phy/ddr_phy_4lanes_0.u_ddr_phy_4lanes/ddr_byte_lane_C.ddr_byte_lane_C/in_fifo_gen.in_fifo/WRCLK
                         clock pessimism             -0.322     2.356    <hidden>
    IN_FIFO_X1Y6         IN_FIFO (Hold_in_fifo_WRCLK_WREN)
                                                     -0.013     2.343    i_platform/i_system_ddr/nolabel_line70/u_xilinx_ddr3_ctrl_axi32_mig/u_memc_ui_top_axi/mem_intfc0/ddr_phy_top0/u_ddr_mc_phy_wrapper/u_ddr_mc_phy/ddr_phy_4lanes_0.u_ddr_phy_4lanes/ddr_byte_lane_C.ddr_byte_lane_C/in_fifo_gen.in_fifo
  -------------------------------------------------------------------
                         required time                         -2.343    <hidden>
                         arrival time                           2.414    <hidden>
  -------------------------------------------------------------------
                         slack                                  0.071    <hidden>





Pulse Width Checks
--------------------------------------------------------------------------------------
Clock Name:         iserdes_clkdiv
Waveform(ns):       { 0.000 6.667 }
Period(ns):         13.333
Sources:            { i_platform/i_system_ddr/nolabel_line70/u_xilinx_ddr3_ctrl_axi32_mig/u_memc_ui_top_axi/mem_intfc0/ddr_phy_top0/u_ddr_mc_phy_wrapper/u_ddr_mc_phy/ddr_phy_4lanes_0.u_ddr_phy_4lanes/ddr_byte_lane_C.ddr_byte_lane_C/phaser_in_gen.phaser_in/ICLKDIV }

Check Type        Corner  Lib Pin        Reference Pin  Required(ns)  Actual(ns)  Slack(ns)  Location      Pin
Min Period        n/a     IN_FIFO/WRCLK  n/a            5.000         13.333      8.333      IN_FIFO_X1Y6  i_platform/i_system_ddr/nolabel_line70/u_xilinx_ddr3_ctrl_axi32_mig/u_memc_ui_top_axi/mem_intfc0/ddr_phy_top0/u_ddr_mc_phy_wrapper/u_ddr_mc_phy/ddr_phy_4lanes_0.u_ddr_phy_4lanes/ddr_byte_lane_C.ddr_byte_lane_C/in_fifo_gen.in_fifo/WRCLK
Low Pulse Width   Slow    IN_FIFO/WRCLK  n/a            2.150         6.667       4.517      IN_FIFO_X1Y6  i_platform/i_system_ddr/nolabel_line70/u_xilinx_ddr3_ctrl_axi32_mig/u_memc_ui_top_axi/mem_intfc0/ddr_phy_top0/u_ddr_mc_phy_wrapper/u_ddr_mc_phy/ddr_phy_4lanes_0.u_ddr_phy_4lanes/ddr_byte_lane_C.ddr_byte_lane_C/in_fifo_gen.in_fifo/WRCLK
High Pulse Width  Slow    IN_FIFO/WRCLK  n/a            2.150         6.667       4.517      IN_FIFO_X1Y6  i_platform/i_system_ddr/nolabel_line70/u_xilinx_ddr3_ctrl_axi32_mig/u_memc_ui_top_axi/mem_intfc0/ddr_phy_top0/u_ddr_mc_phy_wrapper/u_ddr_mc_phy/ddr_phy_4lanes_0.u_ddr_phy_4lanes/ddr_byte_lane_C.ddr_byte_lane_C/in_fifo_gen.in_fifo/WRCLK



---------------------------------------------------------------------------------------------------
From Clock:  u_memc_ui_top_axi/mem_intfc0/ddr_phy_top0/u_ddr_mc_phy_wrapper/u_ddr_mc_phy/ddr_phy_4lanes_0.u_ddr_phy_4lanes/ddr_byte_lane_D.ddr_byte_lane_D/iserdes_clk
  To Clock:  u_memc_ui_top_axi/mem_intfc0/ddr_phy_top0/u_ddr_mc_phy_wrapper/u_ddr_mc_phy/ddr_phy_4lanes_0.u_ddr_phy_4lanes/ddr_byte_lane_D.ddr_byte_lane_D/iserdes_clk

Setup :           NA  Failing Endpoints,  Worst Slack           NA  ,  Total Violation           NA
Hold  :           NA  Failing Endpoints,  Worst Slack           NA  ,  Total Violation           NA
PW    :            0  Failing Endpoints,  Worst Slack        1.666ns,  Total Violation        0.000ns
---------------------------------------------------------------------------------------------------


Pulse Width Checks
--------------------------------------------------------------------------------------
Clock Name:         u_memc_ui_top_axi/mem_intfc0/ddr_phy_top0/u_ddr_mc_phy_wrapper/u_ddr_mc_phy/ddr_phy_4lanes_0.u_ddr_phy_4lanes/ddr_byte_lane_D.ddr_byte_lane_D/iserdes_clk
Waveform(ns):       { 0.000 1.667 }
Period(ns):         3.333
Sources:            { i_platform/i_system_ddr/nolabel_line70/u_xilinx_ddr3_ctrl_axi32_mig/u_memc_ui_top_axi/mem_intfc0/ddr_phy_top0/u_ddr_mc_phy_wrapper/u_ddr_mc_phy/ddr_phy_4lanes_0.u_ddr_phy_4lanes/ddr_byte_lane_D.ddr_byte_lane_D/phaser_in_gen.phaser_in/ICLK }

Check Type  Corner  Lib Pin        Reference Pin  Required(ns)  Actual(ns)  Slack(ns)  Location      Pin
Min Period  n/a     ISERDESE2/CLK  n/a            1.667         3.333       1.666      ILOGIC_X1Y88  i_platform/i_system_ddr/nolabel_line70/u_xilinx_ddr3_ctrl_axi32_mig/u_memc_ui_top_axi/mem_intfc0/ddr_phy_top0/u_ddr_mc_phy_wrapper/u_ddr_mc_phy/ddr_phy_4lanes_0.u_ddr_phy_4lanes/ddr_byte_lane_D.ddr_byte_lane_D/ddr_byte_group_io/input_[1].iserdes_dq_.iserdesdq/CLK



---------------------------------------------------------------------------------------------------
From Clock:  iserdes_clkdiv_1
  To Clock:  iserdes_clkdiv_1

Setup :            0  Failing Endpoints,  Worst Slack       11.267ns,  Total Violation        0.000ns
Hold  :            0  Failing Endpoints,  Worst Slack        0.071ns,  Total Violation        0.000ns
PW    :            0  Failing Endpoints,  Worst Slack        4.517ns,  Total Violation        0.000ns
---------------------------------------------------------------------------------------------------


Max Delay Paths
--------------------------------------------------------------------------------------
Slack (MET) :             11.267ns  (required time - arrival time)
  Source:                 i_platform/i_system_ddr/nolabel_line70/u_xilinx_ddr3_ctrl_axi32_mig/u_memc_ui_top_axi/mem_intfc0/ddr_phy_top0/u_ddr_mc_phy_wrapper/u_ddr_mc_phy/ddr_phy_4lanes_0.u_ddr_phy_4lanes/ddr_byte_lane_D.ddr_byte_lane_D/ddr_byte_group_io/input_[1].iserdes_dq_.iserdesdq/CLKDIVP
                            (rising edge-triggered cell ISERDESE2 clocked by iserdes_clkdiv_1  {rise@0.000ns fall@6.667ns period=13.333ns})
  Destination:            i_platform/i_system_ddr/nolabel_line70/u_xilinx_ddr3_ctrl_axi32_mig/u_memc_ui_top_axi/mem_intfc0/ddr_phy_top0/u_ddr_mc_phy_wrapper/u_ddr_mc_phy/ddr_phy_4lanes_0.u_ddr_phy_4lanes/ddr_byte_lane_D.ddr_byte_lane_D/in_fifo_gen.in_fifo/D1[2]
                            (rising edge-triggered cell IN_FIFO clocked by iserdes_clkdiv_1  {rise@0.000ns fall@6.667ns period=13.333ns})
  Path Group:             iserdes_clkdiv_1
  Path Type:              Setup (Max at Slow Process Corner)
  Requirement:            13.333ns  (iserdes_clkdiv_1 rise@13.333ns - iserdes_clkdiv_1 rise@0.000ns)
  Data Path Delay:        0.975ns  (logic 0.425ns (43.593%)  route 0.550ns (56.407%))
  Logic Levels:           0  
  Clock Path Skew:        -0.467ns (DCD - SCD + CPR)
    Destination Clock Delay (DCD):    4.082ns = ( 17.416 - 13.333 ) 
    Source Clock Delay      (SCD):    4.755ns
    Clock Pessimism Removal (CPR):    0.206ns
  Clock Uncertainty:      0.053ns  ((TSJ^2 + DJ^2)^1/2) / 2 + PE
    Total System Jitter     (TSJ):    0.071ns
    Discrete Jitter          (DJ):    0.080ns
    Phase Error              (PE):    0.000ns

    Location             Delay type                Incr(ns)  Path(ns)    Netlist Resource(s)
  -------------------------------------------------------------------    -------------------
                         (clock iserdes_clkdiv_1 rise edge)
                                                      0.000     0.000 r  <hidden>
    BUFGCTRL_X0Y16       BUFG                         0.000     0.000 r  external_clk_0_IBUF_BUFG_inst/O
                         net (fo=12426, routed)       1.809     1.809    i_platform/i_pll0/i_xilinx_clock_pll_0/inst/clk_in1
    MMCME2_ADV_X0Y0      MMCME2_ADV (Prop_mmcme2_adv_CLKIN1_CLKOUT2)
                                                     -3.922    -2.112 r  i_platform/i_pll0/i_xilinx_clock_pll_0/inst/mmcm_adv_inst/CLKOUT2
                         net (fo=1, routed)           2.018    -0.094    i_platform/i_pll0/i_xilinx_clock_pll_0/inst/clk_150000000_xilinx_clock_pll_0
    BUFGCTRL_X0Y2        BUFG (Prop_bufg_I_O)         0.096     0.002 r  i_platform/i_pll0/i_xilinx_clock_pll_0/inst/clkout3_buf/O
                         net (fo=1, routed)           1.664     1.666    i_platform/i_system_ddr/nolabel_line70/u_xilinx_ddr3_ctrl_axi32_mig/u_ddr3_infrastructure/mmcm_clk
    PLLE2_ADV_X1Y1       PLLE2_ADV (Prop_plle2_adv_CLKIN1_CLKOUT0)
                                                      0.088     1.754 r  i_platform/i_system_ddr/nolabel_line70/u_xilinx_ddr3_ctrl_axi32_mig/u_ddr3_infrastructure/plle2_i/CLKOUT0
                         net (fo=7, routed)           0.597     2.351    i_platform/i_system_ddr/nolabel_line70/u_xilinx_ddr3_ctrl_axi32_mig/u_memc_ui_top_axi/mem_intfc0/ddr_phy_top0/u_ddr_mc_phy_wrapper/u_ddr_mc_phy/ddr_phy_4lanes_0.u_ddr_phy_4lanes/ddr_byte_lane_D.ddr_byte_lane_D/freq_refclk
    PHASER_IN_PHY_X1Y7   PHASER_IN_PHY (Prop_phaser_in_phy_FREQREFCLK_ICLK)
                                                      1.764     4.115 r  i_platform/i_system_ddr/nolabel_line70/u_xilinx_ddr3_ctrl_axi32_mig/u_memc_ui_top_axi/mem_intfc0/ddr_phy_top0/u_ddr_mc_phy_wrapper/u_ddr_mc_phy/ddr_phy_4lanes_0.u_ddr_phy_4lanes/ddr_byte_lane_D.ddr_byte_lane_D/phaser_in_gen.phaser_in/ICLK
    PHASER_IN_PHY_X1Y7   PHASER_IN_PHY (Prop_phaser_in_phy_ICLK_ICLKDIV)
                                                      0.173     4.288 r  i_platform/i_system_ddr/nolabel_line70/u_xilinx_ddr3_ctrl_axi32_mig/u_memc_ui_top_axi/mem_intfc0/ddr_phy_top0/u_ddr_mc_phy_wrapper/u_ddr_mc_phy/ddr_phy_4lanes_0.u_ddr_phy_4lanes/ddr_byte_lane_D.ddr_byte_lane_D/phaser_in_gen.phaser_in/ICLKDIV
                         net (fo=9, routed)           0.467     4.755    i_platform/i_system_ddr/nolabel_line70/u_xilinx_ddr3_ctrl_axi32_mig/u_memc_ui_top_axi/mem_intfc0/ddr_phy_top0/u_ddr_mc_phy_wrapper/u_ddr_mc_phy/ddr_phy_4lanes_0.u_ddr_phy_4lanes/ddr_byte_lane_D.ddr_byte_lane_D/ddr_byte_group_io/iserdes_clkdiv
    ILOGIC_X1Y88         ISERDESE2                                    r  i_platform/i_system_ddr/nolabel_line70/u_xilinx_ddr3_ctrl_axi32_mig/u_memc_ui_top_axi/mem_intfc0/ddr_phy_top0/u_ddr_mc_phy_wrapper/u_ddr_mc_phy/ddr_phy_4lanes_0.u_ddr_phy_4lanes/ddr_byte_lane_D.ddr_byte_lane_D/ddr_byte_group_io/input_[1].iserdes_dq_.iserdesdq/CLKDIVP
  -------------------------------------------------------------------    -------------------
    ILOGIC_X1Y88         ISERDESE2 (Prop_iserdese2_CLKDIVP_Q2)
                                                      0.425     5.180 r  i_platform/i_system_ddr/nolabel_line70/u_xilinx_ddr3_ctrl_axi32_mig/u_memc_ui_top_axi/mem_intfc0/ddr_phy_top0/u_ddr_mc_phy_wrapper/u_ddr_mc_phy/ddr_phy_4lanes_0.u_ddr_phy_4lanes/ddr_byte_lane_D.ddr_byte_lane_D/ddr_byte_group_io/input_[1].iserdes_dq_.iserdesdq/Q2
                         net (fo=1, routed)           0.550     5.730    i_platform/i_system_ddr/nolabel_line70/u_xilinx_ddr3_ctrl_axi32_mig/u_memc_ui_top_axi/mem_intfc0/ddr_phy_top0/u_ddr_mc_phy_wrapper/u_ddr_mc_phy/ddr_phy_4lanes_0.u_ddr_phy_4lanes/ddr_byte_lane_D.ddr_byte_lane_D/if_d1[2]
    IN_FIFO_X1Y7         IN_FIFO                                      r  i_platform/i_system_ddr/nolabel_line70/u_xilinx_ddr3_ctrl_axi32_mig/u_memc_ui_top_axi/mem_intfc0/ddr_phy_top0/u_ddr_mc_phy_wrapper/u_ddr_mc_phy/ddr_phy_4lanes_0.u_ddr_phy_4lanes/ddr_byte_lane_D.ddr_byte_lane_D/in_fifo_gen.in_fifo/D1[2]
  -------------------------------------------------------------------    -------------------

                         (clock iserdes_clkdiv_1 rise edge)
                                                     13.333    13.333 r  <hidden>
    BUFGCTRL_X0Y16       BUFG                         0.000    13.333 r  external_clk_0_IBUF_BUFG_inst/O
                         net (fo=12426, routed)       1.683    15.016    i_platform/i_pll0/i_xilinx_clock_pll_0/inst/clk_in1
    MMCME2_ADV_X0Y0      MMCME2_ADV (Prop_mmcme2_adv_CLKIN1_CLKOUT2)
                                                     -3.694    11.322 r  i_platform/i_pll0/i_xilinx_clock_pll_0/inst/mmcm_adv_inst/CLKOUT2
                         net (fo=1, routed)           1.923    13.245    i_platform/i_pll0/i_xilinx_clock_pll_0/inst/clk_150000000_xilinx_clock_pll_0
    BUFGCTRL_X0Y2        BUFG (Prop_bufg_I_O)         0.091    13.336 r  i_platform/i_pll0/i_xilinx_clock_pll_0/inst/clkout3_buf/O
                         net (fo=1, routed)           1.541    14.878    i_platform/i_system_ddr/nolabel_line70/u_xilinx_ddr3_ctrl_axi32_mig/u_ddr3_infrastructure/mmcm_clk
    PLLE2_ADV_X1Y1       PLLE2_ADV (Prop_plle2_adv_CLKIN1_CLKOUT0)
                                                      0.083    14.961 r  i_platform/i_system_ddr/nolabel_line70/u_xilinx_ddr3_ctrl_axi32_mig/u_ddr3_infrastructure/plle2_i/CLKOUT0
                         net (fo=7, routed)           0.566    15.527    i_platform/i_system_ddr/nolabel_line70/u_xilinx_ddr3_ctrl_axi32_mig/u_memc_ui_top_axi/mem_intfc0/ddr_phy_top0/u_ddr_mc_phy_wrapper/u_ddr_mc_phy/ddr_phy_4lanes_0.u_ddr_phy_4lanes/ddr_byte_lane_D.ddr_byte_lane_D/freq_refclk
    PHASER_IN_PHY_X1Y7   PHASER_IN_PHY (Prop_phaser_in_phy_FREQREFCLK_ICLK)
                                                      1.726    17.253 r  i_platform/i_system_ddr/nolabel_line70/u_xilinx_ddr3_ctrl_axi32_mig/u_memc_ui_top_axi/mem_intfc0/ddr_phy_top0/u_ddr_mc_phy_wrapper/u_ddr_mc_phy/ddr_phy_4lanes_0.u_ddr_phy_4lanes/ddr_byte_lane_D.ddr_byte_lane_D/phaser_in_gen.phaser_in/ICLK
    PHASER_IN_PHY_X1Y7   PHASER_IN_PHY (Prop_phaser_in_phy_ICLK_ICLKDIV)
                                                      0.163    17.416 r  i_platform/i_system_ddr/nolabel_line70/u_xilinx_ddr3_ctrl_axi32_mig/u_memc_ui_top_axi/mem_intfc0/ddr_phy_top0/u_ddr_mc_phy_wrapper/u_ddr_mc_phy/ddr_phy_4lanes_0.u_ddr_phy_4lanes/ddr_byte_lane_D.ddr_byte_lane_D/phaser_in_gen.phaser_in/ICLKDIV
                         net (fo=9, routed)           0.000    17.416    i_platform/i_system_ddr/nolabel_line70/u_xilinx_ddr3_ctrl_axi32_mig/u_memc_ui_top_axi/mem_intfc0/ddr_phy_top0/u_ddr_mc_phy_wrapper/u_ddr_mc_phy/ddr_phy_4lanes_0.u_ddr_phy_4lanes/ddr_byte_lane_D.ddr_byte_lane_D/iserdes_clkdiv
    IN_FIFO_X1Y7         IN_FIFO                                      r  i_platform/i_system_ddr/nolabel_line70/u_xilinx_ddr3_ctrl_axi32_mig/u_memc_ui_top_axi/mem_intfc0/ddr_phy_top0/u_ddr_mc_phy_wrapper/u_ddr_mc_phy/ddr_phy_4lanes_0.u_ddr_phy_4lanes/ddr_byte_lane_D.ddr_byte_lane_D/in_fifo_gen.in_fifo/WRCLK
                         clock pessimism              0.206    17.622    <hidden>
                         clock uncertainty           -0.053    17.568    <hidden>
    IN_FIFO_X1Y7         IN_FIFO (Setup_in_fifo_WRCLK_D1[2])
                                                     -0.571    16.997    i_platform/i_system_ddr/nolabel_line70/u_xilinx_ddr3_ctrl_axi32_mig/u_memc_ui_top_axi/mem_intfc0/ddr_phy_top0/u_ddr_mc_phy_wrapper/u_ddr_mc_phy/ddr_phy_4lanes_0.u_ddr_phy_4lanes/ddr_byte_lane_D.ddr_byte_lane_D/in_fifo_gen.in_fifo
  -------------------------------------------------------------------
                         required time                         16.997    <hidden>
                         arrival time                          -5.730    <hidden>
  -------------------------------------------------------------------
                         slack                                 11.267    <hidden>





Min Delay Paths
--------------------------------------------------------------------------------------
Slack (MET) :             0.071ns  (arrival time - required time)
  Source:                 i_platform/i_system_ddr/nolabel_line70/u_xilinx_ddr3_ctrl_axi32_mig/u_memc_ui_top_axi/mem_intfc0/ddr_phy_top0/u_ddr_mc_phy_wrapper/u_ddr_mc_phy/ddr_phy_4lanes_0.u_ddr_phy_4lanes/ddr_byte_lane_D.ddr_byte_lane_D/phaser_in_gen.phaser_in/ICLKDIV
                            (rising edge-triggered cell PHASER_IN_PHY clocked by iserdes_clkdiv_1  {rise@0.000ns fall@6.667ns period=13.333ns})
  Destination:            i_platform/i_system_ddr/nolabel_line70/u_xilinx_ddr3_ctrl_axi32_mig/u_memc_ui_top_axi/mem_intfc0/ddr_phy_top0/u_ddr_mc_phy_wrapper/u_ddr_mc_phy/ddr_phy_4lanes_0.u_ddr_phy_4lanes/ddr_byte_lane_D.ddr_byte_lane_D/in_fifo_gen.in_fifo/WREN
                            (rising edge-triggered cell IN_FIFO clocked by iserdes_clkdiv_1  {rise@0.000ns fall@6.667ns period=13.333ns})
  Path Group:             iserdes_clkdiv_1
  Path Type:              Hold (Min at Fast Process Corner)
  Requirement:            0.000ns  (iserdes_clkdiv_1 rise@0.000ns - iserdes_clkdiv_1 rise@0.000ns)
  Data Path Delay:        0.058ns  (logic 0.058ns (100.000%)  route 0.000ns (0.000%))
  Logic Levels:           0  
  Clock Path Skew:        0.000ns (DCD - SCD - CPR)
    Destination Clock Delay (DCD):    2.672ns
    Source Clock Delay      (SCD):    2.350ns
    Clock Pessimism Removal (CPR):    0.322ns

    Location             Delay type                Incr(ns)  Path(ns)    Netlist Resource(s)
  -------------------------------------------------------------------    -------------------
                         (clock iserdes_clkdiv_1 rise edge)
                                                      0.000     0.000 r  <hidden>
    BUFGCTRL_X0Y16       BUFG                         0.000     0.000 r  external_clk_0_IBUF_BUFG_inst/O
                         net (fo=12426, routed)       0.624     0.624    i_platform/i_pll0/i_xilinx_clock_pll_0/inst/clk_in1
    MMCME2_ADV_X0Y0      MMCME2_ADV (Prop_mmcme2_adv_CLKIN1_CLKOUT2)
                                                     -1.296    -0.672 r  i_platform/i_pll0/i_xilinx_clock_pll_0/inst/mmcm_adv_inst/CLKOUT2
                         net (fo=1, routed)           0.648    -0.024    i_platform/i_pll0/i_xilinx_clock_pll_0/inst/clk_150000000_xilinx_clock_pll_0
    BUFGCTRL_X0Y2        BUFG (Prop_bufg_I_O)         0.026     0.002 r  i_platform/i_pll0/i_xilinx_clock_pll_0/inst/clkout3_buf/O
                         net (fo=1, routed)           0.564     0.566    i_platform/i_system_ddr/nolabel_line70/u_xilinx_ddr3_ctrl_axi32_mig/u_ddr3_infrastructure/mmcm_clk
    PLLE2_ADV_X1Y1       PLLE2_ADV (Prop_plle2_adv_CLKIN1_CLKOUT0)
                                                      0.050     0.616 r  i_platform/i_system_ddr/nolabel_line70/u_xilinx_ddr3_ctrl_axi32_mig/u_ddr3_infrastructure/plle2_i/CLKOUT0
                         net (fo=7, routed)           0.191     0.807    i_platform/i_system_ddr/nolabel_line70/u_xilinx_ddr3_ctrl_axi32_mig/u_memc_ui_top_axi/mem_intfc0/ddr_phy_top0/u_ddr_mc_phy_wrapper/u_ddr_mc_phy/ddr_phy_4lanes_0.u_ddr_phy_4lanes/ddr_byte_lane_D.ddr_byte_lane_D/freq_refclk
    PHASER_IN_PHY_X1Y7   PHASER_IN_PHY (Prop_phaser_in_phy_FREQREFCLK_ICLK)
                                                      1.454     2.260 r  i_platform/i_system_ddr/nolabel_line70/u_xilinx_ddr3_ctrl_axi32_mig/u_memc_ui_top_axi/mem_intfc0/ddr_phy_top0/u_ddr_mc_phy_wrapper/u_ddr_mc_phy/ddr_phy_4lanes_0.u_ddr_phy_4lanes/ddr_byte_lane_D.ddr_byte_lane_D/phaser_in_gen.phaser_in/ICLK
    PHASER_IN_PHY_X1Y7   PHASER_IN_PHY (Prop_phaser_in_phy_ICLK_ICLKDIV)
                                                      0.090     2.350 r  i_platform/i_system_ddr/nolabel_line70/u_xilinx_ddr3_ctrl_axi32_mig/u_memc_ui_top_axi/mem_intfc0/ddr_phy_top0/u_ddr_mc_phy_wrapper/u_ddr_mc_phy/ddr_phy_4lanes_0.u_ddr_phy_4lanes/ddr_byte_lane_D.ddr_byte_lane_D/phaser_in_gen.phaser_in/ICLKDIV
  -------------------------------------------------------------------    -------------------
    PHASER_IN_PHY_X1Y7   PHASER_IN_PHY (Prop_phaser_in_phy_ICLKDIV_WRENABLE)
                                                      0.058     2.408 r  i_platform/i_system_ddr/nolabel_line70/u_xilinx_ddr3_ctrl_axi32_mig/u_memc_ui_top_axi/mem_intfc0/ddr_phy_top0/u_ddr_mc_phy_wrapper/u_ddr_mc_phy/ddr_phy_4lanes_0.u_ddr_phy_4lanes/ddr_byte_lane_D.ddr_byte_lane_D/phaser_in_gen.phaser_in/WRENABLE
                         net (fo=1, routed)           0.000     2.408    i_platform/i_system_ddr/nolabel_line70/u_xilinx_ddr3_ctrl_axi32_mig/u_memc_ui_top_axi/mem_intfc0/ddr_phy_top0/u_ddr_mc_phy_wrapper/u_ddr_mc_phy/ddr_phy_4lanes_0.u_ddr_phy_4lanes/ddr_byte_lane_D.ddr_byte_lane_D/ififo_wr_enable
    IN_FIFO_X1Y7         IN_FIFO                                      r  i_platform/i_system_ddr/nolabel_line70/u_xilinx_ddr3_ctrl_axi32_mig/u_memc_ui_top_axi/mem_intfc0/ddr_phy_top0/u_ddr_mc_phy_wrapper/u_ddr_mc_phy/ddr_phy_4lanes_0.u_ddr_phy_4lanes/ddr_byte_lane_D.ddr_byte_lane_D/in_fifo_gen.in_fifo/WREN
  -------------------------------------------------------------------    -------------------

                         (clock iserdes_clkdiv_1 rise edge)
                                                      0.000     0.000 r  <hidden>
    BUFGCTRL_X0Y16       BUFG                         0.000     0.000 r  external_clk_0_IBUF_BUFG_inst/O
                         net (fo=12426, routed)       0.898     0.898    i_platform/i_pll0/i_xilinx_clock_pll_0/inst/clk_in1
    MMCME2_ADV_X0Y0      MMCME2_ADV (Prop_mmcme2_adv_CLKIN1_CLKOUT2)
                                                     -1.625    -0.727 r  i_platform/i_pll0/i_xilinx_clock_pll_0/inst/mmcm_adv_inst/CLKOUT2
                         net (fo=1, routed)           0.700    -0.027    i_platform/i_pll0/i_xilinx_clock_pll_0/inst/clk_150000000_xilinx_clock_pll_0
    BUFGCTRL_X0Y2        BUFG (Prop_bufg_I_O)         0.029     0.002 r  i_platform/i_pll0/i_xilinx_clock_pll_0/inst/clkout3_buf/O
                         net (fo=1, routed)           0.833     0.835    i_platform/i_system_ddr/nolabel_line70/u_xilinx_ddr3_ctrl_axi32_mig/u_ddr3_infrastructure/mmcm_clk
    PLLE2_ADV_X1Y1       PLLE2_ADV (Prop_plle2_adv_CLKIN1_CLKOUT0)
                                                      0.053     0.888 r  i_platform/i_system_ddr/nolabel_line70/u_xilinx_ddr3_ctrl_axi32_mig/u_ddr3_infrastructure/plle2_i/CLKOUT0
                         net (fo=7, routed)           0.211     1.099    i_platform/i_system_ddr/nolabel_line70/u_xilinx_ddr3_ctrl_axi32_mig/u_memc_ui_top_axi/mem_intfc0/ddr_phy_top0/u_ddr_mc_phy_wrapper/u_ddr_mc_phy/ddr_phy_4lanes_0.u_ddr_phy_4lanes/ddr_byte_lane_D.ddr_byte_lane_D/freq_refclk
    PHASER_IN_PHY_X1Y7   PHASER_IN_PHY (Prop_phaser_in_phy_FREQREFCLK_ICLK)
                                                      1.478     2.576 r  i_platform/i_system_ddr/nolabel_line70/u_xilinx_ddr3_ctrl_axi32_mig/u_memc_ui_top_axi/mem_intfc0/ddr_phy_top0/u_ddr_mc_phy_wrapper/u_ddr_mc_phy/ddr_phy_4lanes_0.u_ddr_phy_4lanes/ddr_byte_lane_D.ddr_byte_lane_D/phaser_in_gen.phaser_in/ICLK
    PHASER_IN_PHY_X1Y7   PHASER_IN_PHY (Prop_phaser_in_phy_ICLK_ICLKDIV)
                                                      0.096     2.672 r  i_platform/i_system_ddr/nolabel_line70/u_xilinx_ddr3_ctrl_axi32_mig/u_memc_ui_top_axi/mem_intfc0/ddr_phy_top0/u_ddr_mc_phy_wrapper/u_ddr_mc_phy/ddr_phy_4lanes_0.u_ddr_phy_4lanes/ddr_byte_lane_D.ddr_byte_lane_D/phaser_in_gen.phaser_in/ICLKDIV
                         net (fo=9, routed)           0.000     2.672    i_platform/i_system_ddr/nolabel_line70/u_xilinx_ddr3_ctrl_axi32_mig/u_memc_ui_top_axi/mem_intfc0/ddr_phy_top0/u_ddr_mc_phy_wrapper/u_ddr_mc_phy/ddr_phy_4lanes_0.u_ddr_phy_4lanes/ddr_byte_lane_D.ddr_byte_lane_D/iserdes_clkdiv
    IN_FIFO_X1Y7         IN_FIFO                                      r  i_platform/i_system_ddr/nolabel_line70/u_xilinx_ddr3_ctrl_axi32_mig/u_memc_ui_top_axi/mem_intfc0/ddr_phy_top0/u_ddr_mc_phy_wrapper/u_ddr_mc_phy/ddr_phy_4lanes_0.u_ddr_phy_4lanes/ddr_byte_lane_D.ddr_byte_lane_D/in_fifo_gen.in_fifo/WRCLK
                         clock pessimism             -0.322     2.350    <hidden>
    IN_FIFO_X1Y7         IN_FIFO (Hold_in_fifo_WRCLK_WREN)
                                                     -0.013     2.337    i_platform/i_system_ddr/nolabel_line70/u_xilinx_ddr3_ctrl_axi32_mig/u_memc_ui_top_axi/mem_intfc0/ddr_phy_top0/u_ddr_mc_phy_wrapper/u_ddr_mc_phy/ddr_phy_4lanes_0.u_ddr_phy_4lanes/ddr_byte_lane_D.ddr_byte_lane_D/in_fifo_gen.in_fifo
  -------------------------------------------------------------------
                         required time                         -2.337    <hidden>
                         arrival time                           2.408    <hidden>
  -------------------------------------------------------------------
                         slack                                  0.071    <hidden>





Pulse Width Checks
--------------------------------------------------------------------------------------
Clock Name:         iserdes_clkdiv_1
Waveform(ns):       { 0.000 6.667 }
Period(ns):         13.333
Sources:            { i_platform/i_system_ddr/nolabel_line70/u_xilinx_ddr3_ctrl_axi32_mig/u_memc_ui_top_axi/mem_intfc0/ddr_phy_top0/u_ddr_mc_phy_wrapper/u_ddr_mc_phy/ddr_phy_4lanes_0.u_ddr_phy_4lanes/ddr_byte_lane_D.ddr_byte_lane_D/phaser_in_gen.phaser_in/ICLKDIV }

Check Type        Corner  Lib Pin        Reference Pin  Required(ns)  Actual(ns)  Slack(ns)  Location      Pin
Min Period        n/a     IN_FIFO/WRCLK  n/a            5.000         13.333      8.333      IN_FIFO_X1Y7  i_platform/i_system_ddr/nolabel_line70/u_xilinx_ddr3_ctrl_axi32_mig/u_memc_ui_top_axi/mem_intfc0/ddr_phy_top0/u_ddr_mc_phy_wrapper/u_ddr_mc_phy/ddr_phy_4lanes_0.u_ddr_phy_4lanes/ddr_byte_lane_D.ddr_byte_lane_D/in_fifo_gen.in_fifo/WRCLK
Low Pulse Width   Slow    IN_FIFO/WRCLK  n/a            2.150         6.667       4.517      IN_FIFO_X1Y7  i_platform/i_system_ddr/nolabel_line70/u_xilinx_ddr3_ctrl_axi32_mig/u_memc_ui_top_axi/mem_intfc0/ddr_phy_top0/u_ddr_mc_phy_wrapper/u_ddr_mc_phy/ddr_phy_4lanes_0.u_ddr_phy_4lanes/ddr_byte_lane_D.ddr_byte_lane_D/in_fifo_gen.in_fifo/WRCLK
High Pulse Width  Slow    IN_FIFO/WRCLK  n/a            2.150         6.667       4.517      IN_FIFO_X1Y7  i_platform/i_system_ddr/nolabel_line70/u_xilinx_ddr3_ctrl_axi32_mig/u_memc_ui_top_axi/mem_intfc0/ddr_phy_top0/u_ddr_mc_phy_wrapper/u_ddr_mc_phy/ddr_phy_4lanes_0.u_ddr_phy_4lanes/ddr_byte_lane_D.ddr_byte_lane_D/in_fifo_gen.in_fifo/WRCLK



---------------------------------------------------------------------------------------------------
From Clock:  mem_refclk
  To Clock:  mem_refclk

Setup :            0  Failing Endpoints,  Worst Slack        2.172ns,  Total Violation        0.000ns
Hold  :            0  Failing Endpoints,  Worst Slack        0.336ns,  Total Violation        0.000ns
PW    :            0  Failing Endpoints,  Worst Slack        1.042ns,  Total Violation        0.000ns
---------------------------------------------------------------------------------------------------


Max Delay Paths
--------------------------------------------------------------------------------------
Slack (MET) :             2.172ns  (required time - arrival time)
  Source:                 i_platform/i_system_ddr/nolabel_line70/u_xilinx_ddr3_ctrl_axi32_mig/u_memc_ui_top_axi/mem_intfc0/ddr_phy_top0/u_ddr_mc_phy_wrapper/u_ddr_mc_phy/ddr_phy_4lanes_0.u_ddr_phy_4lanes/phy_control_i/MEMREFCLK
                            (rising edge-triggered cell PHY_CONTROL clocked by mem_refclk  {rise@0.000ns fall@1.667ns period=3.333ns})
  Destination:            i_platform/i_system_ddr/nolabel_line70/u_xilinx_ddr3_ctrl_axi32_mig/u_memc_ui_top_axi/mem_intfc0/ddr_phy_top0/u_ddr_mc_phy_wrapper/u_ddr_mc_phy/ddr_phy_4lanes_0.u_ddr_phy_4lanes/phy_control_i/PHYCTLMSTREMPTY
                            (rising edge-triggered cell PHY_CONTROL clocked by mem_refclk  {rise@0.000ns fall@1.667ns period=3.333ns})
  Path Group:             mem_refclk
  Path Type:              Setup (Max at Slow Process Corner)
  Requirement:            3.333ns  (mem_refclk rise@3.333ns - mem_refclk rise@0.000ns)
  Data Path Delay:        1.093ns  (logic 0.622ns (56.908%)  route 0.471ns (43.092%))
  Logic Levels:           0  
  Clock Path Skew:        0.000ns (DCD - SCD + CPR)
    Destination Clock Delay (DCD):    2.216ns = ( 5.550 - 3.333 ) 
    Source Clock Delay      (SCD):    2.375ns
    Clock Pessimism Removal (CPR):    0.159ns
  Clock Uncertainty:      0.058ns  ((TSJ^2 + DJ^2)^1/2) / 2 + PE
    Total System Jitter     (TSJ):    0.071ns
    Discrete Jitter          (DJ):    0.091ns
    Phase Error              (PE):    0.000ns

    Location             Delay type                Incr(ns)  Path(ns)    Netlist Resource(s)
  -------------------------------------------------------------------    -------------------
                         (clock mem_refclk rise edge)
                                                      0.000     0.000 r  <hidden>
    BUFGCTRL_X0Y16       BUFG                         0.000     0.000 r  external_clk_0_IBUF_BUFG_inst/O
                         net (fo=12426, routed)       1.809     1.809    i_platform/i_pll0/i_xilinx_clock_pll_0/inst/clk_in1
    MMCME2_ADV_X0Y0      MMCME2_ADV (Prop_mmcme2_adv_CLKIN1_CLKOUT2)
                                                     -3.922    -2.112 r  i_platform/i_pll0/i_xilinx_clock_pll_0/inst/mmcm_adv_inst/CLKOUT2
                         net (fo=1, routed)           2.018    -0.094    i_platform/i_pll0/i_xilinx_clock_pll_0/inst/clk_150000000_xilinx_clock_pll_0
    BUFGCTRL_X0Y2        BUFG (Prop_bufg_I_O)         0.096     0.002 r  i_platform/i_pll0/i_xilinx_clock_pll_0/inst/clkout3_buf/O
                         net (fo=1, routed)           1.664     1.666    i_platform/i_system_ddr/nolabel_line70/u_xilinx_ddr3_ctrl_axi32_mig/u_ddr3_infrastructure/mmcm_clk
    PLLE2_ADV_X1Y1       PLLE2_ADV (Prop_plle2_adv_CLKIN1_CLKOUT1)
                                                      0.088     1.754 r  i_platform/i_system_ddr/nolabel_line70/u_xilinx_ddr3_ctrl_axi32_mig/u_ddr3_infrastructure/plle2_i/CLKOUT1
                         net (fo=7, routed)           0.621     2.375    i_platform/i_system_ddr/nolabel_line70/u_xilinx_ddr3_ctrl_axi32_mig/u_memc_ui_top_axi/mem_intfc0/ddr_phy_top0/u_ddr_mc_phy_wrapper/u_ddr_mc_phy/ddr_phy_4lanes_0.u_ddr_phy_4lanes/mem_refclk
    PHY_CONTROL_X1Y1     PHY_CONTROL                                  r  i_platform/i_system_ddr/nolabel_line70/u_xilinx_ddr3_ctrl_axi32_mig/u_memc_ui_top_axi/mem_intfc0/ddr_phy_top0/u_ddr_mc_phy_wrapper/u_ddr_mc_phy/ddr_phy_4lanes_0.u_ddr_phy_4lanes/phy_control_i/MEMREFCLK
  -------------------------------------------------------------------    -------------------
    PHY_CONTROL_X1Y1     PHY_CONTROL (Prop_phy_control_MEMREFCLK_PHYCTLEMPTY)
                                                      0.622     2.997 r  i_platform/i_system_ddr/nolabel_line70/u_xilinx_ddr3_ctrl_axi32_mig/u_memc_ui_top_axi/mem_intfc0/ddr_phy_top0/u_ddr_mc_phy_wrapper/u_ddr_mc_phy/ddr_phy_4lanes_0.u_ddr_phy_4lanes/phy_control_i/PHYCTLEMPTY
                         net (fo=1, routed)           0.471     3.468    i_platform/i_system_ddr/nolabel_line70/u_xilinx_ddr3_ctrl_axi32_mig/u_memc_ui_top_axi/mem_intfc0/ddr_phy_top0/u_ddr_mc_phy_wrapper/u_ddr_mc_phy/ddr_phy_4lanes_0.u_ddr_phy_4lanes/phy_control_i_n_1
    PHY_CONTROL_X1Y1     PHY_CONTROL                                  r  i_platform/i_system_ddr/nolabel_line70/u_xilinx_ddr3_ctrl_axi32_mig/u_memc_ui_top_axi/mem_intfc0/ddr_phy_top0/u_ddr_mc_phy_wrapper/u_ddr_mc_phy/ddr_phy_4lanes_0.u_ddr_phy_4lanes/phy_control_i/PHYCTLMSTREMPTY
  -------------------------------------------------------------------    -------------------

                         (clock mem_refclk rise edge)
                                                      3.333     3.333 r  <hidden>
    BUFGCTRL_X0Y16       BUFG                         0.000     3.333 r  external_clk_0_IBUF_BUFG_inst/O
                         net (fo=12426, routed)       1.683     5.016    i_platform/i_pll0/i_xilinx_clock_pll_0/inst/clk_in1
    MMCME2_ADV_X0Y0      MMCME2_ADV (Prop_mmcme2_adv_CLKIN1_CLKOUT2)
                                                     -3.694     1.322 r  i_platform/i_pll0/i_xilinx_clock_pll_0/inst/mmcm_adv_inst/CLKOUT2
                         net (fo=1, routed)           1.923     3.245    i_platform/i_pll0/i_xilinx_clock_pll_0/inst/clk_150000000_xilinx_clock_pll_0
    BUFGCTRL_X0Y2        BUFG (Prop_bufg_I_O)         0.091     3.336 r  i_platform/i_pll0/i_xilinx_clock_pll_0/inst/clkout3_buf/O
                         net (fo=1, routed)           1.541     4.878    i_platform/i_system_ddr/nolabel_line70/u_xilinx_ddr3_ctrl_axi32_mig/u_ddr3_infrastructure/mmcm_clk
    PLLE2_ADV_X1Y1       PLLE2_ADV (Prop_plle2_adv_CLKIN1_CLKOUT1)
                                                      0.083     4.961 r  i_platform/i_system_ddr/nolabel_line70/u_xilinx_ddr3_ctrl_axi32_mig/u_ddr3_infrastructure/plle2_i/CLKOUT1
                         net (fo=7, routed)           0.589     5.550    i_platform/i_system_ddr/nolabel_line70/u_xilinx_ddr3_ctrl_axi32_mig/u_memc_ui_top_axi/mem_intfc0/ddr_phy_top0/u_ddr_mc_phy_wrapper/u_ddr_mc_phy/ddr_phy_4lanes_0.u_ddr_phy_4lanes/mem_refclk
    PHY_CONTROL_X1Y1     PHY_CONTROL                                  r  i_platform/i_system_ddr/nolabel_line70/u_xilinx_ddr3_ctrl_axi32_mig/u_memc_ui_top_axi/mem_intfc0/ddr_phy_top0/u_ddr_mc_phy_wrapper/u_ddr_mc_phy/ddr_phy_4lanes_0.u_ddr_phy_4lanes/phy_control_i/MEMREFCLK
                         clock pessimism              0.159     5.709    <hidden>
                         clock uncertainty           -0.058     5.651    <hidden>
    PHY_CONTROL_X1Y1     PHY_CONTROL (Setup_phy_control_MEMREFCLK_PHYCTLMSTREMPTY)
                                                     -0.011     5.640    i_platform/i_system_ddr/nolabel_line70/u_xilinx_ddr3_ctrl_axi32_mig/u_memc_ui_top_axi/mem_intfc0/ddr_phy_top0/u_ddr_mc_phy_wrapper/u_ddr_mc_phy/ddr_phy_4lanes_0.u_ddr_phy_4lanes/phy_control_i
  -------------------------------------------------------------------
                         required time                          5.640    <hidden>
                         arrival time                          -3.468    <hidden>
  -------------------------------------------------------------------
                         slack                                  2.172    <hidden>





Min Delay Paths
--------------------------------------------------------------------------------------
Slack (MET) :             0.336ns  (arrival time - required time)
  Source:                 i_platform/i_system_ddr/nolabel_line70/u_xilinx_ddr3_ctrl_axi32_mig/u_memc_ui_top_axi/mem_intfc0/ddr_phy_top0/u_ddr_mc_phy_wrapper/u_ddr_mc_phy/ddr_phy_4lanes_0.u_ddr_phy_4lanes/phy_control_i/MEMREFCLK
                            (rising edge-triggered cell PHY_CONTROL clocked by mem_refclk  {rise@0.000ns fall@1.667ns period=3.333ns})
  Destination:            i_platform/i_system_ddr/nolabel_line70/u_xilinx_ddr3_ctrl_axi32_mig/u_memc_ui_top_axi/mem_intfc0/ddr_phy_top0/u_ddr_mc_phy_wrapper/u_ddr_mc_phy/ddr_phy_4lanes_0.u_ddr_phy_4lanes/phy_control_i/PHYCTLMSTREMPTY
                            (rising edge-triggered cell PHY_CONTROL clocked by mem_refclk  {rise@0.000ns fall@1.667ns period=3.333ns})
  Path Group:             mem_refclk
  Path Type:              Hold (Min at Fast Process Corner)
  Requirement:            0.000ns  (mem_refclk rise@0.000ns - mem_refclk rise@0.000ns)
  Data Path Delay:        0.459ns  (logic 0.313ns (68.192%)  route 0.146ns (31.808%))
  Logic Levels:           0  
  Clock Path Skew:        0.000ns (DCD - SCD - CPR)
    Destination Clock Delay (DCD):    1.103ns
    Source Clock Delay      (SCD):    0.811ns
    Clock Pessimism Removal (CPR):    0.292ns

    Location             Delay type                Incr(ns)  Path(ns)    Netlist Resource(s)
  -------------------------------------------------------------------    -------------------
                         (clock mem_refclk rise edge)
                                                      0.000     0.000 r  <hidden>
    BUFGCTRL_X0Y16       BUFG                         0.000     0.000 r  external_clk_0_IBUF_BUFG_inst/O
                         net (fo=12426, routed)       0.624     0.624    i_platform/i_pll0/i_xilinx_clock_pll_0/inst/clk_in1
    MMCME2_ADV_X0Y0      MMCME2_ADV (Prop_mmcme2_adv_CLKIN1_CLKOUT2)
                                                     -1.296    -0.672 r  i_platform/i_pll0/i_xilinx_clock_pll_0/inst/mmcm_adv_inst/CLKOUT2
                         net (fo=1, routed)           0.648    -0.024    i_platform/i_pll0/i_xilinx_clock_pll_0/inst/clk_150000000_xilinx_clock_pll_0
    BUFGCTRL_X0Y2        BUFG (Prop_bufg_I_O)         0.026     0.002 r  i_platform/i_pll0/i_xilinx_clock_pll_0/inst/clkout3_buf/O
                         net (fo=1, routed)           0.564     0.566    i_platform/i_system_ddr/nolabel_line70/u_xilinx_ddr3_ctrl_axi32_mig/u_ddr3_infrastructure/mmcm_clk
    PLLE2_ADV_X1Y1       PLLE2_ADV (Prop_plle2_adv_CLKIN1_CLKOUT1)
                                                      0.050     0.616 r  i_platform/i_system_ddr/nolabel_line70/u_xilinx_ddr3_ctrl_axi32_mig/u_ddr3_infrastructure/plle2_i/CLKOUT1
                         net (fo=7, routed)           0.195     0.811    i_platform/i_system_ddr/nolabel_line70/u_xilinx_ddr3_ctrl_axi32_mig/u_memc_ui_top_axi/mem_intfc0/ddr_phy_top0/u_ddr_mc_phy_wrapper/u_ddr_mc_phy/ddr_phy_4lanes_0.u_ddr_phy_4lanes/mem_refclk
    PHY_CONTROL_X1Y1     PHY_CONTROL                                  r  i_platform/i_system_ddr/nolabel_line70/u_xilinx_ddr3_ctrl_axi32_mig/u_memc_ui_top_axi/mem_intfc0/ddr_phy_top0/u_ddr_mc_phy_wrapper/u_ddr_mc_phy/ddr_phy_4lanes_0.u_ddr_phy_4lanes/phy_control_i/MEMREFCLK
  -------------------------------------------------------------------    -------------------
    PHY_CONTROL_X1Y1     PHY_CONTROL (Prop_phy_control_MEMREFCLK_PHYCTLEMPTY)
                                                      0.313     1.124 r  i_platform/i_system_ddr/nolabel_line70/u_xilinx_ddr3_ctrl_axi32_mig/u_memc_ui_top_axi/mem_intfc0/ddr_phy_top0/u_ddr_mc_phy_wrapper/u_ddr_mc_phy/ddr_phy_4lanes_0.u_ddr_phy_4lanes/phy_control_i/PHYCTLEMPTY
                         net (fo=1, routed)           0.146     1.270    i_platform/i_system_ddr/nolabel_line70/u_xilinx_ddr3_ctrl_axi32_mig/u_memc_ui_top_axi/mem_intfc0/ddr_phy_top0/u_ddr_mc_phy_wrapper/u_ddr_mc_phy/ddr_phy_4lanes_0.u_ddr_phy_4lanes/phy_control_i_n_1
    PHY_CONTROL_X1Y1     PHY_CONTROL                                  r  i_platform/i_system_ddr/nolabel_line70/u_xilinx_ddr3_ctrl_axi32_mig/u_memc_ui_top_axi/mem_intfc0/ddr_phy_top0/u_ddr_mc_phy_wrapper/u_ddr_mc_phy/ddr_phy_4lanes_0.u_ddr_phy_4lanes/phy_control_i/PHYCTLMSTREMPTY
  -------------------------------------------------------------------    -------------------

                         (clock mem_refclk rise edge)
                                                      0.000     0.000 r  <hidden>
    BUFGCTRL_X0Y16       BUFG                         0.000     0.000 r  external_clk_0_IBUF_BUFG_inst/O
                         net (fo=12426, routed)       0.898     0.898    i_platform/i_pll0/i_xilinx_clock_pll_0/inst/clk_in1
    MMCME2_ADV_X0Y0      MMCME2_ADV (Prop_mmcme2_adv_CLKIN1_CLKOUT2)
                                                     -1.625    -0.727 r  i_platform/i_pll0/i_xilinx_clock_pll_0/inst/mmcm_adv_inst/CLKOUT2
                         net (fo=1, routed)           0.700    -0.027    i_platform/i_pll0/i_xilinx_clock_pll_0/inst/clk_150000000_xilinx_clock_pll_0
    BUFGCTRL_X0Y2        BUFG (Prop_bufg_I_O)         0.029     0.002 r  i_platform/i_pll0/i_xilinx_clock_pll_0/inst/clkout3_buf/O
                         net (fo=1, routed)           0.833     0.835    i_platform/i_system_ddr/nolabel_line70/u_xilinx_ddr3_ctrl_axi32_mig/u_ddr3_infrastructure/mmcm_clk
    PLLE2_ADV_X1Y1       PLLE2_ADV (Prop_plle2_adv_CLKIN1_CLKOUT1)
                                                      0.053     0.888 r  i_platform/i_system_ddr/nolabel_line70/u_xilinx_ddr3_ctrl_axi32_mig/u_ddr3_infrastructure/plle2_i/CLKOUT1
                         net (fo=7, routed)           0.215     1.103    i_platform/i_system_ddr/nolabel_line70/u_xilinx_ddr3_ctrl_axi32_mig/u_memc_ui_top_axi/mem_intfc0/ddr_phy_top0/u_ddr_mc_phy_wrapper/u_ddr_mc_phy/ddr_phy_4lanes_0.u_ddr_phy_4lanes/mem_refclk
    PHY_CONTROL_X1Y1     PHY_CONTROL                                  r  i_platform/i_system_ddr/nolabel_line70/u_xilinx_ddr3_ctrl_axi32_mig/u_memc_ui_top_axi/mem_intfc0/ddr_phy_top0/u_ddr_mc_phy_wrapper/u_ddr_mc_phy/ddr_phy_4lanes_0.u_ddr_phy_4lanes/phy_control_i/MEMREFCLK
                         clock pessimism             -0.292     0.811    <hidden>
    PHY_CONTROL_X1Y1     PHY_CONTROL (Hold_phy_control_MEMREFCLK_PHYCTLMSTREMPTY)
                                                      0.123     0.934    i_platform/i_system_ddr/nolabel_line70/u_xilinx_ddr3_ctrl_axi32_mig/u_memc_ui_top_axi/mem_intfc0/ddr_phy_top0/u_ddr_mc_phy_wrapper/u_ddr_mc_phy/ddr_phy_4lanes_0.u_ddr_phy_4lanes/phy_control_i
  -------------------------------------------------------------------
                         required time                         -0.934    <hidden>
                         arrival time                           1.270    <hidden>
  -------------------------------------------------------------------
                         slack                                  0.336    <hidden>





Pulse Width Checks
--------------------------------------------------------------------------------------
Clock Name:         mem_refclk
Waveform(ns):       { 0.000 1.667 }
Period(ns):         3.333
Sources:            { i_platform/i_system_ddr/nolabel_line70/u_xilinx_ddr3_ctrl_axi32_mig/u_ddr3_infrastructure/plle2_i/CLKOUT1 }

Check Type        Corner  Lib Pin                Reference Pin  Required(ns)  Actual(ns)  Slack(ns)  Location          Pin
Min Period        n/a     PHY_CONTROL/MEMREFCLK  n/a            1.475         3.333       1.858      PHY_CONTROL_X1Y1  i_platform/i_system_ddr/nolabel_line70/u_xilinx_ddr3_ctrl_axi32_mig/u_memc_ui_top_axi/mem_intfc0/ddr_phy_top0/u_ddr_mc_phy_wrapper/u_ddr_mc_phy/ddr_phy_4lanes_0.u_ddr_phy_4lanes/phy_control_i/MEMREFCLK
Max Period        n/a     PLLE2_ADV/CLKOUT1      n/a            160.000       3.333       156.667    PLLE2_ADV_X1Y1    i_platform/i_system_ddr/nolabel_line70/u_xilinx_ddr3_ctrl_axi32_mig/u_ddr3_infrastructure/plle2_i/CLKOUT1
Low Pulse Width   Slow    PHY_CONTROL/MEMREFCLK  n/a            0.625         1.667       1.042      PHY_CONTROL_X1Y1  i_platform/i_system_ddr/nolabel_line70/u_xilinx_ddr3_ctrl_axi32_mig/u_memc_ui_top_axi/mem_intfc0/ddr_phy_top0/u_ddr_mc_phy_wrapper/u_ddr_mc_phy/ddr_phy_4lanes_0.u_ddr_phy_4lanes/phy_control_i/MEMREFCLK
High Pulse Width  Slow    PHY_CONTROL/MEMREFCLK  n/a            0.625         1.667       1.042      PHY_CONTROL_X1Y1  i_platform/i_system_ddr/nolabel_line70/u_xilinx_ddr3_ctrl_axi32_mig/u_memc_ui_top_axi/mem_intfc0/ddr_phy_top0/u_ddr_mc_phy_wrapper/u_ddr_mc_phy/ddr_phy_4lanes_0.u_ddr_phy_4lanes/phy_control_i/MEMREFCLK



---------------------------------------------------------------------------------------------------
From Clock:  oserdes_clk
  To Clock:  oserdes_clk

Setup :           NA  Failing Endpoints,  Worst Slack           NA  ,  Total Violation           NA
Hold  :           NA  Failing Endpoints,  Worst Slack           NA  ,  Total Violation           NA
PW    :            0  Failing Endpoints,  Worst Slack        1.666ns,  Total Violation        0.000ns
---------------------------------------------------------------------------------------------------


Pulse Width Checks
--------------------------------------------------------------------------------------
Clock Name:         oserdes_clk
Waveform(ns):       { 0.000 1.667 }
Period(ns):         3.333
Sources:            { i_platform/i_system_ddr/nolabel_line70/u_xilinx_ddr3_ctrl_axi32_mig/u_memc_ui_top_axi/mem_intfc0/ddr_phy_top0/u_ddr_mc_phy_wrapper/u_ddr_mc_phy/ddr_phy_4lanes_0.u_ddr_phy_4lanes/ddr_byte_lane_A.ddr_byte_lane_A/phaser_out/OCLK }

Check Type  Corner  Lib Pin        Reference Pin  Required(ns)  Actual(ns)  Slack(ns)  Location      Pin
Min Period  n/a     OSERDESE2/CLK  n/a            1.667         3.333       1.666      OLOGIC_X1Y51  i_platform/i_system_ddr/nolabel_line70/u_xilinx_ddr3_ctrl_axi32_mig/u_memc_ui_top_axi/mem_intfc0/ddr_phy_top0/u_ddr_mc_phy_wrapper/u_ddr_mc_phy/ddr_phy_4lanes_0.u_ddr_phy_4lanes/ddr_byte_lane_A.ddr_byte_lane_A/ddr_byte_group_io/output_[0].oserdes_dq_.sdr.oserdes_dq_i/CLK



---------------------------------------------------------------------------------------------------
From Clock:  oserdes_clkdiv
  To Clock:  oserdes_clkdiv

Setup :            0  Failing Endpoints,  Worst Slack        4.715ns,  Total Violation        0.000ns
Hold  :            0  Failing Endpoints,  Worst Slack        0.090ns,  Total Violation        0.000ns
PW    :            0  Failing Endpoints,  Worst Slack        1.183ns,  Total Violation        0.000ns
---------------------------------------------------------------------------------------------------


Max Delay Paths
--------------------------------------------------------------------------------------
Slack (MET) :             4.715ns  (required time - arrival time)
  Source:                 i_platform/i_system_ddr/nolabel_line70/u_xilinx_ddr3_ctrl_axi32_mig/u_memc_ui_top_axi/mem_intfc0/ddr_phy_top0/u_ddr_mc_phy_wrapper/u_ddr_mc_phy/ddr_phy_4lanes_0.u_ddr_phy_4lanes/ddr_byte_lane_A.ddr_byte_lane_A/out_fifo/RDCLK
                            (rising edge-triggered cell OUT_FIFO clocked by oserdes_clkdiv  {rise@0.000ns fall@3.333ns period=6.667ns})
  Destination:            i_platform/i_system_ddr/nolabel_line70/u_xilinx_ddr3_ctrl_axi32_mig/u_memc_ui_top_axi/mem_intfc0/ddr_phy_top0/u_ddr_mc_phy_wrapper/u_ddr_mc_phy/ddr_phy_4lanes_0.u_ddr_phy_4lanes/ddr_byte_lane_A.ddr_byte_lane_A/ddr_byte_group_io/output_[11].oserdes_dq_.sdr.oserdes_dq_i/D4
                            (rising edge-triggered cell OSERDESE2 clocked by oserdes_clkdiv  {rise@0.000ns fall@3.333ns period=6.667ns})
  Path Group:             oserdes_clkdiv
  Path Type:              Setup (Max at Slow Process Corner)
  Requirement:            6.667ns  (oserdes_clkdiv rise@6.667ns - oserdes_clkdiv rise@0.000ns)
  Data Path Delay:        1.681ns  (logic 0.674ns (40.087%)  route 1.007ns (59.913%))
  Logic Levels:           0  
  Clock Path Skew:        0.412ns (DCD - SCD + CPR)
    Destination Clock Delay (DCD):    5.316ns = ( 11.983 - 6.667 ) 
    Source Clock Delay      (SCD):    5.138ns
    Clock Pessimism Removal (CPR):    0.234ns
  Clock Uncertainty:      0.058ns  ((TSJ^2 + DJ^2)^1/2) / 2 + PE
    Total System Jitter     (TSJ):    0.071ns
    Discrete Jitter          (DJ):    0.091ns
    Phase Error              (PE):    0.000ns

    Location             Delay type                Incr(ns)  Path(ns)    Netlist Resource(s)
  -------------------------------------------------------------------    -------------------
                         (clock oserdes_clkdiv rise edge)
                                                      0.000     0.000 r  <hidden>
    BUFGCTRL_X0Y16       BUFG                         0.000     0.000 r  external_clk_0_IBUF_BUFG_inst/O
                         net (fo=12426, routed)       1.809     1.809    i_platform/i_pll0/i_xilinx_clock_pll_0/inst/clk_in1
    MMCME2_ADV_X0Y0      MMCME2_ADV (Prop_mmcme2_adv_CLKIN1_CLKOUT2)
                                                     -3.922    -2.112 r  i_platform/i_pll0/i_xilinx_clock_pll_0/inst/mmcm_adv_inst/CLKOUT2
                         net (fo=1, routed)           2.018    -0.094    i_platform/i_pll0/i_xilinx_clock_pll_0/inst/clk_150000000_xilinx_clock_pll_0
    BUFGCTRL_X0Y2        BUFG (Prop_bufg_I_O)         0.096     0.002 r  i_platform/i_pll0/i_xilinx_clock_pll_0/inst/clkout3_buf/O
                         net (fo=1, routed)           1.664     1.666    i_platform/i_system_ddr/nolabel_line70/u_xilinx_ddr3_ctrl_axi32_mig/u_ddr3_infrastructure/mmcm_clk
    PLLE2_ADV_X1Y1       PLLE2_ADV (Prop_plle2_adv_CLKIN1_CLKOUT1)
                                                      0.088     1.754 r  i_platform/i_system_ddr/nolabel_line70/u_xilinx_ddr3_ctrl_axi32_mig/u_ddr3_infrastructure/plle2_i/CLKOUT1
                         net (fo=7, routed)           0.614     2.368    i_platform/i_system_ddr/nolabel_line70/u_xilinx_ddr3_ctrl_axi32_mig/u_memc_ui_top_axi/mem_intfc0/ddr_phy_top0/u_ddr_mc_phy_wrapper/u_ddr_mc_phy/ddr_phy_4lanes_0.u_ddr_phy_4lanes/ddr_byte_lane_A.ddr_byte_lane_A/mem_refclk
    PHASER_OUT_PHY_X1Y4  PHASER_OUT_PHY (Prop_phaser_out_phy_MEMREFCLK_OCLK)
                                                      2.613     4.981 r  i_platform/i_system_ddr/nolabel_line70/u_xilinx_ddr3_ctrl_axi32_mig/u_memc_ui_top_axi/mem_intfc0/ddr_phy_top0/u_ddr_mc_phy_wrapper/u_ddr_mc_phy/ddr_phy_4lanes_0.u_ddr_phy_4lanes/ddr_byte_lane_A.ddr_byte_lane_A/phaser_out/OCLK
    PHASER_OUT_PHY_X1Y4  PHASER_OUT_PHY (Prop_phaser_out_phy_OCLK_OCLKDIV)
                                                      0.157     5.138 r  i_platform/i_system_ddr/nolabel_line70/u_xilinx_ddr3_ctrl_axi32_mig/u_memc_ui_top_axi/mem_intfc0/ddr_phy_top0/u_ddr_mc_phy_wrapper/u_ddr_mc_phy/ddr_phy_4lanes_0.u_ddr_phy_4lanes/ddr_byte_lane_A.ddr_byte_lane_A/phaser_out/OCLKDIV
                         net (fo=12, routed)          0.000     5.138    i_platform/i_system_ddr/nolabel_line70/u_xilinx_ddr3_ctrl_axi32_mig/u_memc_ui_top_axi/mem_intfc0/ddr_phy_top0/u_ddr_mc_phy_wrapper/u_ddr_mc_phy/ddr_phy_4lanes_0.u_ddr_phy_4lanes/ddr_byte_lane_A.ddr_byte_lane_A/oserdes_clkdiv
    OUT_FIFO_X1Y4        OUT_FIFO                                     r  i_platform/i_system_ddr/nolabel_line70/u_xilinx_ddr3_ctrl_axi32_mig/u_memc_ui_top_axi/mem_intfc0/ddr_phy_top0/u_ddr_mc_phy_wrapper/u_ddr_mc_phy/ddr_phy_4lanes_0.u_ddr_phy_4lanes/ddr_byte_lane_A.ddr_byte_lane_A/out_fifo/RDCLK
  -------------------------------------------------------------------    -------------------
    OUT_FIFO_X1Y4        OUT_FIFO (Prop_out_fifo_RDCLK_Q6[7])
                                                      0.674     5.812 r  i_platform/i_system_ddr/nolabel_line70/u_xilinx_ddr3_ctrl_axi32_mig/u_memc_ui_top_axi/mem_intfc0/ddr_phy_top0/u_ddr_mc_phy_wrapper/u_ddr_mc_phy/ddr_phy_4lanes_0.u_ddr_phy_4lanes/ddr_byte_lane_A.ddr_byte_lane_A/out_fifo/Q6[7]
                         net (fo=1, routed)           1.007     6.820    i_platform/i_system_ddr/nolabel_line70/u_xilinx_ddr3_ctrl_axi32_mig/u_memc_ui_top_axi/mem_intfc0/ddr_phy_top0/u_ddr_mc_phy_wrapper/u_ddr_mc_phy/ddr_phy_4lanes_0.u_ddr_phy_4lanes/ddr_byte_lane_A.ddr_byte_lane_A/ddr_byte_group_io/oserdes_dq[43]
    OLOGIC_X1Y50         OSERDESE2                                    r  i_platform/i_system_ddr/nolabel_line70/u_xilinx_ddr3_ctrl_axi32_mig/u_memc_ui_top_axi/mem_intfc0/ddr_phy_top0/u_ddr_mc_phy_wrapper/u_ddr_mc_phy/ddr_phy_4lanes_0.u_ddr_phy_4lanes/ddr_byte_lane_A.ddr_byte_lane_A/ddr_byte_group_io/output_[11].oserdes_dq_.sdr.oserdes_dq_i/D4
  -------------------------------------------------------------------    -------------------

                         (clock oserdes_clkdiv rise edge)
                                                      6.667     6.667 r  <hidden>
    BUFGCTRL_X0Y16       BUFG                         0.000     6.667 r  external_clk_0_IBUF_BUFG_inst/O
                         net (fo=12426, routed)       1.683     8.350    i_platform/i_pll0/i_xilinx_clock_pll_0/inst/clk_in1
    MMCME2_ADV_X0Y0      MMCME2_ADV (Prop_mmcme2_adv_CLKIN1_CLKOUT2)
                                                     -3.694     4.656 r  i_platform/i_pll0/i_xilinx_clock_pll_0/inst/mmcm_adv_inst/CLKOUT2
                         net (fo=1, routed)           1.923     6.579    i_platform/i_pll0/i_xilinx_clock_pll_0/inst/clk_150000000_xilinx_clock_pll_0
    BUFGCTRL_X0Y2        BUFG (Prop_bufg_I_O)         0.091     6.670 r  i_platform/i_pll0/i_xilinx_clock_pll_0/inst/clkout3_buf/O
                         net (fo=1, routed)           1.541     8.211    i_platform/i_system_ddr/nolabel_line70/u_xilinx_ddr3_ctrl_axi32_mig/u_ddr3_infrastructure/mmcm_clk
    PLLE2_ADV_X1Y1       PLLE2_ADV (Prop_plle2_adv_CLKIN1_CLKOUT1)
                                                      0.083     8.294 r  i_platform/i_system_ddr/nolabel_line70/u_xilinx_ddr3_ctrl_axi32_mig/u_ddr3_infrastructure/plle2_i/CLKOUT1
                         net (fo=7, routed)           0.582     8.876    i_platform/i_system_ddr/nolabel_line70/u_xilinx_ddr3_ctrl_axi32_mig/u_memc_ui_top_axi/mem_intfc0/ddr_phy_top0/u_ddr_mc_phy_wrapper/u_ddr_mc_phy/ddr_phy_4lanes_0.u_ddr_phy_4lanes/ddr_byte_lane_A.ddr_byte_lane_A/mem_refclk
    PHASER_OUT_PHY_X1Y4  PHASER_OUT_PHY (Prop_phaser_out_phy_MEMREFCLK_OCLK)
                                                      2.547    11.423 r  i_platform/i_system_ddr/nolabel_line70/u_xilinx_ddr3_ctrl_axi32_mig/u_memc_ui_top_axi/mem_intfc0/ddr_phy_top0/u_ddr_mc_phy_wrapper/u_ddr_mc_phy/ddr_phy_4lanes_0.u_ddr_phy_4lanes/ddr_byte_lane_A.ddr_byte_lane_A/phaser_out/OCLK
    PHASER_OUT_PHY_X1Y4  PHASER_OUT_PHY (Prop_phaser_out_phy_OCLK_OCLKDIV)
                                                      0.148    11.571 r  i_platform/i_system_ddr/nolabel_line70/u_xilinx_ddr3_ctrl_axi32_mig/u_memc_ui_top_axi/mem_intfc0/ddr_phy_top0/u_ddr_mc_phy_wrapper/u_ddr_mc_phy/ddr_phy_4lanes_0.u_ddr_phy_4lanes/ddr_byte_lane_A.ddr_byte_lane_A/phaser_out/OCLKDIV
                         net (fo=12, routed)          0.412    11.983    i_platform/i_system_ddr/nolabel_line70/u_xilinx_ddr3_ctrl_axi32_mig/u_memc_ui_top_axi/mem_intfc0/ddr_phy_top0/u_ddr_mc_phy_wrapper/u_ddr_mc_phy/ddr_phy_4lanes_0.u_ddr_phy_4lanes/ddr_byte_lane_A.ddr_byte_lane_A/ddr_byte_group_io/oserdes_clkdiv
    OLOGIC_X1Y50         OSERDESE2                                    r  i_platform/i_system_ddr/nolabel_line70/u_xilinx_ddr3_ctrl_axi32_mig/u_memc_ui_top_axi/mem_intfc0/ddr_phy_top0/u_ddr_mc_phy_wrapper/u_ddr_mc_phy/ddr_phy_4lanes_0.u_ddr_phy_4lanes/ddr_byte_lane_A.ddr_byte_lane_A/ddr_byte_group_io/output_[11].oserdes_dq_.sdr.oserdes_dq_i/CLKDIV
                         clock pessimism              0.234    12.217    <hidden>
                         clock uncertainty           -0.058    12.159    <hidden>
    OLOGIC_X1Y50         OSERDESE2 (Setup_oserdese2_CLKDIV_D4)
                                                     -0.625    11.534    i_platform/i_system_ddr/nolabel_line70/u_xilinx_ddr3_ctrl_axi32_mig/u_memc_ui_top_axi/mem_intfc0/ddr_phy_top0/u_ddr_mc_phy_wrapper/u_ddr_mc_phy/ddr_phy_4lanes_0.u_ddr_phy_4lanes/ddr_byte_lane_A.ddr_byte_lane_A/ddr_byte_group_io/output_[11].oserdes_dq_.sdr.oserdes_dq_i
  -------------------------------------------------------------------
                         required time                         11.535    <hidden>
                         arrival time                          -6.820    <hidden>
  -------------------------------------------------------------------
                         slack                                  4.715    <hidden>





Min Delay Paths
--------------------------------------------------------------------------------------
Slack (MET) :             0.090ns  (arrival time - required time)
  Source:                 i_platform/i_system_ddr/nolabel_line70/u_xilinx_ddr3_ctrl_axi32_mig/u_memc_ui_top_axi/mem_intfc0/ddr_phy_top0/u_ddr_mc_phy_wrapper/u_ddr_mc_phy/ddr_phy_4lanes_0.u_ddr_phy_4lanes/ddr_byte_lane_A.ddr_byte_lane_A/out_fifo/RDCLK
                            (rising edge-triggered cell OUT_FIFO clocked by oserdes_clkdiv  {rise@0.000ns fall@3.333ns period=6.667ns})
  Destination:            i_platform/i_system_ddr/nolabel_line70/u_xilinx_ddr3_ctrl_axi32_mig/u_memc_ui_top_axi/mem_intfc0/ddr_phy_top0/u_ddr_mc_phy_wrapper/u_ddr_mc_phy/ddr_phy_4lanes_0.u_ddr_phy_4lanes/ddr_byte_lane_A.ddr_byte_lane_A/ddr_byte_group_io/output_[2].oserdes_dq_.sdr.oserdes_dq_i/D2
                            (rising edge-triggered cell OSERDESE2 clocked by oserdes_clkdiv  {rise@0.000ns fall@3.333ns period=6.667ns})
  Path Group:             oserdes_clkdiv
  Path Type:              Hold (Min at Fast Process Corner)
  Requirement:            0.000ns  (oserdes_clkdiv rise@0.000ns - oserdes_clkdiv rise@0.000ns)
  Data Path Delay:        0.288ns  (logic 0.138ns (47.866%)  route 0.150ns (52.134%))
  Logic Levels:           0  
  Clock Path Skew:        0.179ns (DCD - SCD - CPR)
    Destination Clock Delay (DCD):    3.683ns
    Source Clock Delay      (SCD):    3.155ns
    Clock Pessimism Removal (CPR):    0.349ns

    Location             Delay type                Incr(ns)  Path(ns)    Netlist Resource(s)
  -------------------------------------------------------------------    -------------------
                         (clock oserdes_clkdiv rise edge)
                                                      0.000     0.000 r  <hidden>
    BUFGCTRL_X0Y16       BUFG                         0.000     0.000 r  external_clk_0_IBUF_BUFG_inst/O
                         net (fo=12426, routed)       0.624     0.624    i_platform/i_pll0/i_xilinx_clock_pll_0/inst/clk_in1
    MMCME2_ADV_X0Y0      MMCME2_ADV (Prop_mmcme2_adv_CLKIN1_CLKOUT2)
                                                     -1.296    -0.672 r  i_platform/i_pll0/i_xilinx_clock_pll_0/inst/mmcm_adv_inst/CLKOUT2
                         net (fo=1, routed)           0.648    -0.024    i_platform/i_pll0/i_xilinx_clock_pll_0/inst/clk_150000000_xilinx_clock_pll_0
    BUFGCTRL_X0Y2        BUFG (Prop_bufg_I_O)         0.026     0.002 r  i_platform/i_pll0/i_xilinx_clock_pll_0/inst/clkout3_buf/O
                         net (fo=1, routed)           0.564     0.566    i_platform/i_system_ddr/nolabel_line70/u_xilinx_ddr3_ctrl_axi32_mig/u_ddr3_infrastructure/mmcm_clk
    PLLE2_ADV_X1Y1       PLLE2_ADV (Prop_plle2_adv_CLKIN1_CLKOUT1)
                                                      0.050     0.616 r  i_platform/i_system_ddr/nolabel_line70/u_xilinx_ddr3_ctrl_axi32_mig/u_ddr3_infrastructure/plle2_i/CLKOUT1
                         net (fo=7, routed)           0.197     0.813    i_platform/i_system_ddr/nolabel_line70/u_xilinx_ddr3_ctrl_axi32_mig/u_memc_ui_top_axi/mem_intfc0/ddr_phy_top0/u_ddr_mc_phy_wrapper/u_ddr_mc_phy/ddr_phy_4lanes_0.u_ddr_phy_4lanes/ddr_byte_lane_A.ddr_byte_lane_A/mem_refclk
    PHASER_OUT_PHY_X1Y4  PHASER_OUT_PHY (Prop_phaser_out_phy_MEMREFCLK_OCLK)
                                                      2.259     3.072 r  i_platform/i_system_ddr/nolabel_line70/u_xilinx_ddr3_ctrl_axi32_mig/u_memc_ui_top_axi/mem_intfc0/ddr_phy_top0/u_ddr_mc_phy_wrapper/u_ddr_mc_phy/ddr_phy_4lanes_0.u_ddr_phy_4lanes/ddr_byte_lane_A.ddr_byte_lane_A/phaser_out/OCLK
    PHASER_OUT_PHY_X1Y4  PHASER_OUT_PHY (Prop_phaser_out_phy_OCLK_OCLKDIV)
                                                      0.083     3.155 r  i_platform/i_system_ddr/nolabel_line70/u_xilinx_ddr3_ctrl_axi32_mig/u_memc_ui_top_axi/mem_intfc0/ddr_phy_top0/u_ddr_mc_phy_wrapper/u_ddr_mc_phy/ddr_phy_4lanes_0.u_ddr_phy_4lanes/ddr_byte_lane_A.ddr_byte_lane_A/phaser_out/OCLKDIV
                         net (fo=12, routed)          0.000     3.155    i_platform/i_system_ddr/nolabel_line70/u_xilinx_ddr3_ctrl_axi32_mig/u_memc_ui_top_axi/mem_intfc0/ddr_phy_top0/u_ddr_mc_phy_wrapper/u_ddr_mc_phy/ddr_phy_4lanes_0.u_ddr_phy_4lanes/ddr_byte_lane_A.ddr_byte_lane_A/oserdes_clkdiv
    OUT_FIFO_X1Y4        OUT_FIFO                                     r  i_platform/i_system_ddr/nolabel_line70/u_xilinx_ddr3_ctrl_axi32_mig/u_memc_ui_top_axi/mem_intfc0/ddr_phy_top0/u_ddr_mc_phy_wrapper/u_ddr_mc_phy/ddr_phy_4lanes_0.u_ddr_phy_4lanes/ddr_byte_lane_A.ddr_byte_lane_A/out_fifo/RDCLK
  -------------------------------------------------------------------    -------------------
    OUT_FIFO_X1Y4        OUT_FIFO (Prop_out_fifo_RDCLK_Q2[1])
                                                      0.138     3.293 r  i_platform/i_system_ddr/nolabel_line70/u_xilinx_ddr3_ctrl_axi32_mig/u_memc_ui_top_axi/mem_intfc0/ddr_phy_top0/u_ddr_mc_phy_wrapper/u_ddr_mc_phy/ddr_phy_4lanes_0.u_ddr_phy_4lanes/ddr_byte_lane_A.ddr_byte_lane_A/out_fifo/Q2[1]
                         net (fo=1, routed)           0.150     3.443    i_platform/i_system_ddr/nolabel_line70/u_xilinx_ddr3_ctrl_axi32_mig/u_memc_ui_top_axi/mem_intfc0/ddr_phy_top0/u_ddr_mc_phy_wrapper/u_ddr_mc_phy/ddr_phy_4lanes_0.u_ddr_phy_4lanes/ddr_byte_lane_A.ddr_byte_lane_A/ddr_byte_group_io/oserdes_dq[9]
    OLOGIC_X1Y53         OSERDESE2                                    r  i_platform/i_system_ddr/nolabel_line70/u_xilinx_ddr3_ctrl_axi32_mig/u_memc_ui_top_axi/mem_intfc0/ddr_phy_top0/u_ddr_mc_phy_wrapper/u_ddr_mc_phy/ddr_phy_4lanes_0.u_ddr_phy_4lanes/ddr_byte_lane_A.ddr_byte_lane_A/ddr_byte_group_io/output_[2].oserdes_dq_.sdr.oserdes_dq_i/D2
  -------------------------------------------------------------------    -------------------

                         (clock oserdes_clkdiv rise edge)
                                                      0.000     0.000 r  <hidden>
    BUFGCTRL_X0Y16       BUFG                         0.000     0.000 r  external_clk_0_IBUF_BUFG_inst/O
                         net (fo=12426, routed)       0.898     0.898    i_platform/i_pll0/i_xilinx_clock_pll_0/inst/clk_in1
    MMCME2_ADV_X0Y0      MMCME2_ADV (Prop_mmcme2_adv_CLKIN1_CLKOUT2)
                                                     -1.625    -0.727 r  i_platform/i_pll0/i_xilinx_clock_pll_0/inst/mmcm_adv_inst/CLKOUT2
                         net (fo=1, routed)           0.700    -0.027    i_platform/i_pll0/i_xilinx_clock_pll_0/inst/clk_150000000_xilinx_clock_pll_0
    BUFGCTRL_X0Y2        BUFG (Prop_bufg_I_O)         0.029     0.002 r  i_platform/i_pll0/i_xilinx_clock_pll_0/inst/clkout3_buf/O
                         net (fo=1, routed)           0.833     0.835    i_platform/i_system_ddr/nolabel_line70/u_xilinx_ddr3_ctrl_axi32_mig/u_ddr3_infrastructure/mmcm_clk
    PLLE2_ADV_X1Y1       PLLE2_ADV (Prop_plle2_adv_CLKIN1_CLKOUT1)
                                                      0.053     0.888 r  i_platform/i_system_ddr/nolabel_line70/u_xilinx_ddr3_ctrl_axi32_mig/u_ddr3_infrastructure/plle2_i/CLKOUT1
                         net (fo=7, routed)           0.218     1.106    i_platform/i_system_ddr/nolabel_line70/u_xilinx_ddr3_ctrl_axi32_mig/u_memc_ui_top_axi/mem_intfc0/ddr_phy_top0/u_ddr_mc_phy_wrapper/u_ddr_mc_phy/ddr_phy_4lanes_0.u_ddr_phy_4lanes/ddr_byte_lane_A.ddr_byte_lane_A/mem_refclk
    PHASER_OUT_PHY_X1Y4  PHASER_OUT_PHY (Prop_phaser_out_phy_MEMREFCLK_OCLK)
                                                      2.310     3.416 r  i_platform/i_system_ddr/nolabel_line70/u_xilinx_ddr3_ctrl_axi32_mig/u_memc_ui_top_axi/mem_intfc0/ddr_phy_top0/u_ddr_mc_phy_wrapper/u_ddr_mc_phy/ddr_phy_4lanes_0.u_ddr_phy_4lanes/ddr_byte_lane_A.ddr_byte_lane_A/phaser_out/OCLK
    PHASER_OUT_PHY_X1Y4  PHASER_OUT_PHY (Prop_phaser_out_phy_OCLK_OCLKDIV)
                                                      0.088     3.504 r  i_platform/i_system_ddr/nolabel_line70/u_xilinx_ddr3_ctrl_axi32_mig/u_memc_ui_top_axi/mem_intfc0/ddr_phy_top0/u_ddr_mc_phy_wrapper/u_ddr_mc_phy/ddr_phy_4lanes_0.u_ddr_phy_4lanes/ddr_byte_lane_A.ddr_byte_lane_A/phaser_out/OCLKDIV
                         net (fo=12, routed)          0.179     3.683    i_platform/i_system_ddr/nolabel_line70/u_xilinx_ddr3_ctrl_axi32_mig/u_memc_ui_top_axi/mem_intfc0/ddr_phy_top0/u_ddr_mc_phy_wrapper/u_ddr_mc_phy/ddr_phy_4lanes_0.u_ddr_phy_4lanes/ddr_byte_lane_A.ddr_byte_lane_A/ddr_byte_group_io/oserdes_clkdiv
    OLOGIC_X1Y53         OSERDESE2                                    r  i_platform/i_system_ddr/nolabel_line70/u_xilinx_ddr3_ctrl_axi32_mig/u_memc_ui_top_axi/mem_intfc0/ddr_phy_top0/u_ddr_mc_phy_wrapper/u_ddr_mc_phy/ddr_phy_4lanes_0.u_ddr_phy_4lanes/ddr_byte_lane_A.ddr_byte_lane_A/ddr_byte_group_io/output_[2].oserdes_dq_.sdr.oserdes_dq_i/CLKDIV
                         clock pessimism             -0.349     3.334    <hidden>
    OLOGIC_X1Y53         OSERDESE2 (Hold_oserdese2_CLKDIV_D2)
                                                      0.019     3.353    i_platform/i_system_ddr/nolabel_line70/u_xilinx_ddr3_ctrl_axi32_mig/u_memc_ui_top_axi/mem_intfc0/ddr_phy_top0/u_ddr_mc_phy_wrapper/u_ddr_mc_phy/ddr_phy_4lanes_0.u_ddr_phy_4lanes/ddr_byte_lane_A.ddr_byte_lane_A/ddr_byte_group_io/output_[2].oserdes_dq_.sdr.oserdes_dq_i
  -------------------------------------------------------------------
                         required time                         -3.353    <hidden>
                         arrival time                           3.443    <hidden>
  -------------------------------------------------------------------
                         slack                                  0.090    <hidden>





Pulse Width Checks
--------------------------------------------------------------------------------------
Clock Name:         oserdes_clkdiv
Waveform(ns):       { 0.000 3.333 }
Period(ns):         6.667
Sources:            { i_platform/i_system_ddr/nolabel_line70/u_xilinx_ddr3_ctrl_axi32_mig/u_memc_ui_top_axi/mem_intfc0/ddr_phy_top0/u_ddr_mc_phy_wrapper/u_ddr_mc_phy/ddr_phy_4lanes_0.u_ddr_phy_4lanes/ddr_byte_lane_A.ddr_byte_lane_A/phaser_out/OCLKDIV }

Check Type        Corner  Lib Pin         Reference Pin  Required(ns)  Actual(ns)  Slack(ns)  Location       Pin
Min Period        n/a     OUT_FIFO/RDCLK  n/a            5.000         6.667       1.667      OUT_FIFO_X1Y4  i_platform/i_system_ddr/nolabel_line70/u_xilinx_ddr3_ctrl_axi32_mig/u_memc_ui_top_axi/mem_intfc0/ddr_phy_top0/u_ddr_mc_phy_wrapper/u_ddr_mc_phy/ddr_phy_4lanes_0.u_ddr_phy_4lanes/ddr_byte_lane_A.ddr_byte_lane_A/out_fifo/RDCLK
Low Pulse Width   Slow    OUT_FIFO/RDCLK  n/a            2.150         3.333       1.183      OUT_FIFO_X1Y4  i_platform/i_system_ddr/nolabel_line70/u_xilinx_ddr3_ctrl_axi32_mig/u_memc_ui_top_axi/mem_intfc0/ddr_phy_top0/u_ddr_mc_phy_wrapper/u_ddr_mc_phy/ddr_phy_4lanes_0.u_ddr_phy_4lanes/ddr_byte_lane_A.ddr_byte_lane_A/out_fifo/RDCLK
High Pulse Width  Slow    OUT_FIFO/RDCLK  n/a            2.150         3.333       1.183      OUT_FIFO_X1Y4  i_platform/i_system_ddr/nolabel_line70/u_xilinx_ddr3_ctrl_axi32_mig/u_memc_ui_top_axi/mem_intfc0/ddr_phy_top0/u_ddr_mc_phy_wrapper/u_ddr_mc_phy/ddr_phy_4lanes_0.u_ddr_phy_4lanes/ddr_byte_lane_A.ddr_byte_lane_A/out_fifo/RDCLK



---------------------------------------------------------------------------------------------------
From Clock:  oserdes_clk_1
  To Clock:  oserdes_clk_1

Setup :           NA  Failing Endpoints,  Worst Slack           NA  ,  Total Violation           NA
Hold  :           NA  Failing Endpoints,  Worst Slack           NA  ,  Total Violation           NA
PW    :            0  Failing Endpoints,  Worst Slack        1.666ns,  Total Violation        0.000ns
---------------------------------------------------------------------------------------------------


Pulse Width Checks
--------------------------------------------------------------------------------------
Clock Name:         oserdes_clk_1
Waveform(ns):       { 0.000 1.667 }
Period(ns):         3.333
Sources:            { i_platform/i_system_ddr/nolabel_line70/u_xilinx_ddr3_ctrl_axi32_mig/u_memc_ui_top_axi/mem_intfc0/ddr_phy_top0/u_ddr_mc_phy_wrapper/u_ddr_mc_phy/ddr_phy_4lanes_0.u_ddr_phy_4lanes/ddr_byte_lane_B.ddr_byte_lane_B/phaser_out/OCLK }

Check Type  Corner  Lib Pin        Reference Pin  Required(ns)  Actual(ns)  Slack(ns)  Location      Pin
Min Period  n/a     OSERDESE2/CLK  n/a            1.667         3.333       1.666      OLOGIC_X1Y63  i_platform/i_system_ddr/nolabel_line70/u_xilinx_ddr3_ctrl_axi32_mig/u_memc_ui_top_axi/mem_intfc0/ddr_phy_top0/u_ddr_mc_phy_wrapper/u_ddr_mc_phy/ddr_phy_4lanes_0.u_ddr_phy_4lanes/ddr_byte_lane_B.ddr_byte_lane_B/ddr_byte_group_io/output_[0].oserdes_dq_.sdr.oserdes_dq_i/CLK



---------------------------------------------------------------------------------------------------
From Clock:  oserdes_clkdiv_1
  To Clock:  oserdes_clkdiv_1

Setup :            0  Failing Endpoints,  Worst Slack        5.238ns,  Total Violation        0.000ns
Hold  :            0  Failing Endpoints,  Worst Slack        0.094ns,  Total Violation        0.000ns
PW    :            0  Failing Endpoints,  Worst Slack        1.183ns,  Total Violation        0.000ns
---------------------------------------------------------------------------------------------------


Max Delay Paths
--------------------------------------------------------------------------------------
Slack (MET) :             5.238ns  (required time - arrival time)
  Source:                 i_platform/i_system_ddr/nolabel_line70/u_xilinx_ddr3_ctrl_axi32_mig/u_memc_ui_top_axi/mem_intfc0/ddr_phy_top0/u_ddr_mc_phy_wrapper/u_ddr_mc_phy/ddr_phy_4lanes_0.u_ddr_phy_4lanes/ddr_byte_lane_B.ddr_byte_lane_B/out_fifo/RDCLK
                            (rising edge-triggered cell OUT_FIFO clocked by oserdes_clkdiv_1  {rise@0.000ns fall@3.333ns period=6.667ns})
  Destination:            i_platform/i_system_ddr/nolabel_line70/u_xilinx_ddr3_ctrl_axi32_mig/u_memc_ui_top_axi/mem_intfc0/ddr_phy_top0/u_ddr_mc_phy_wrapper/u_ddr_mc_phy/ddr_phy_4lanes_0.u_ddr_phy_4lanes/ddr_byte_lane_B.ddr_byte_lane_B/ddr_byte_group_io/output_[10].oserdes_dq_.sdr.oserdes_dq_i/D1
                            (rising edge-triggered cell OSERDESE2 clocked by oserdes_clkdiv_1  {rise@0.000ns fall@3.333ns period=6.667ns})
  Path Group:             oserdes_clkdiv_1
  Path Type:              Setup (Max at Slow Process Corner)
  Requirement:            6.667ns  (oserdes_clkdiv_1 rise@6.667ns - oserdes_clkdiv_1 rise@0.000ns)
  Data Path Delay:        1.142ns  (logic 0.674ns (59.004%)  route 0.468ns (40.997%))
  Logic Levels:           0  
  Clock Path Skew:        0.396ns (DCD - SCD + CPR)
    Destination Clock Delay (DCD):    5.290ns = ( 11.957 - 6.667 ) 
    Source Clock Delay      (SCD):    5.127ns
    Clock Pessimism Removal (CPR):    0.233ns
  Clock Uncertainty:      0.058ns  ((TSJ^2 + DJ^2)^1/2) / 2 + PE
    Total System Jitter     (TSJ):    0.071ns
    Discrete Jitter          (DJ):    0.091ns
    Phase Error              (PE):    0.000ns

    Location             Delay type                Incr(ns)  Path(ns)    Netlist Resource(s)
  -------------------------------------------------------------------    -------------------
                         (clock oserdes_clkdiv_1 rise edge)
                                                      0.000     0.000 r  <hidden>
    BUFGCTRL_X0Y16       BUFG                         0.000     0.000 r  external_clk_0_IBUF_BUFG_inst/O
                         net (fo=12426, routed)       1.809     1.809    i_platform/i_pll0/i_xilinx_clock_pll_0/inst/clk_in1
    MMCME2_ADV_X0Y0      MMCME2_ADV (Prop_mmcme2_adv_CLKIN1_CLKOUT2)
                                                     -3.922    -2.112 r  i_platform/i_pll0/i_xilinx_clock_pll_0/inst/mmcm_adv_inst/CLKOUT2
                         net (fo=1, routed)           2.018    -0.094    i_platform/i_pll0/i_xilinx_clock_pll_0/inst/clk_150000000_xilinx_clock_pll_0
    BUFGCTRL_X0Y2        BUFG (Prop_bufg_I_O)         0.096     0.002 r  i_platform/i_pll0/i_xilinx_clock_pll_0/inst/clkout3_buf/O
                         net (fo=1, routed)           1.664     1.666    i_platform/i_system_ddr/nolabel_line70/u_xilinx_ddr3_ctrl_axi32_mig/u_ddr3_infrastructure/mmcm_clk
    PLLE2_ADV_X1Y1       PLLE2_ADV (Prop_plle2_adv_CLKIN1_CLKOUT1)
                                                      0.088     1.754 r  i_platform/i_system_ddr/nolabel_line70/u_xilinx_ddr3_ctrl_axi32_mig/u_ddr3_infrastructure/plle2_i/CLKOUT1
                         net (fo=7, routed)           0.603     2.357    i_platform/i_system_ddr/nolabel_line70/u_xilinx_ddr3_ctrl_axi32_mig/u_memc_ui_top_axi/mem_intfc0/ddr_phy_top0/u_ddr_mc_phy_wrapper/u_ddr_mc_phy/ddr_phy_4lanes_0.u_ddr_phy_4lanes/ddr_byte_lane_B.ddr_byte_lane_B/mem_refclk
    PHASER_OUT_PHY_X1Y5  PHASER_OUT_PHY (Prop_phaser_out_phy_MEMREFCLK_OCLK)
                                                      2.613     4.970 r  i_platform/i_system_ddr/nolabel_line70/u_xilinx_ddr3_ctrl_axi32_mig/u_memc_ui_top_axi/mem_intfc0/ddr_phy_top0/u_ddr_mc_phy_wrapper/u_ddr_mc_phy/ddr_phy_4lanes_0.u_ddr_phy_4lanes/ddr_byte_lane_B.ddr_byte_lane_B/phaser_out/OCLK
    PHASER_OUT_PHY_X1Y5  PHASER_OUT_PHY (Prop_phaser_out_phy_OCLK_OCLKDIV)
                                                      0.157     5.127 r  i_platform/i_system_ddr/nolabel_line70/u_xilinx_ddr3_ctrl_axi32_mig/u_memc_ui_top_axi/mem_intfc0/ddr_phy_top0/u_ddr_mc_phy_wrapper/u_ddr_mc_phy/ddr_phy_4lanes_0.u_ddr_phy_4lanes/ddr_byte_lane_B.ddr_byte_lane_B/phaser_out/OCLKDIV
                         net (fo=13, routed)          0.000     5.127    i_platform/i_system_ddr/nolabel_line70/u_xilinx_ddr3_ctrl_axi32_mig/u_memc_ui_top_axi/mem_intfc0/ddr_phy_top0/u_ddr_mc_phy_wrapper/u_ddr_mc_phy/ddr_phy_4lanes_0.u_ddr_phy_4lanes/ddr_byte_lane_B.ddr_byte_lane_B/oserdes_clkdiv
    OUT_FIFO_X1Y5        OUT_FIFO                                     r  i_platform/i_system_ddr/nolabel_line70/u_xilinx_ddr3_ctrl_axi32_mig/u_memc_ui_top_axi/mem_intfc0/ddr_phy_top0/u_ddr_mc_phy_wrapper/u_ddr_mc_phy/ddr_phy_4lanes_0.u_ddr_phy_4lanes/ddr_byte_lane_B.ddr_byte_lane_B/out_fifo/RDCLK
  -------------------------------------------------------------------    -------------------
    OUT_FIFO_X1Y5        OUT_FIFO (Prop_out_fifo_RDCLK_Q5[4])
                                                      0.674     5.801 r  i_platform/i_system_ddr/nolabel_line70/u_xilinx_ddr3_ctrl_axi32_mig/u_memc_ui_top_axi/mem_intfc0/ddr_phy_top0/u_ddr_mc_phy_wrapper/u_ddr_mc_phy/ddr_phy_4lanes_0.u_ddr_phy_4lanes/ddr_byte_lane_B.ddr_byte_lane_B/out_fifo/Q5[4]
                         net (fo=1, routed)           0.468     6.270    i_platform/i_system_ddr/nolabel_line70/u_xilinx_ddr3_ctrl_axi32_mig/u_memc_ui_top_axi/mem_intfc0/ddr_phy_top0/u_ddr_mc_phy_wrapper/u_ddr_mc_phy/ddr_phy_4lanes_0.u_ddr_phy_4lanes/ddr_byte_lane_B.ddr_byte_lane_B/ddr_byte_group_io/oserdes_dq[40]
    OLOGIC_X1Y69         OSERDESE2                                    r  i_platform/i_system_ddr/nolabel_line70/u_xilinx_ddr3_ctrl_axi32_mig/u_memc_ui_top_axi/mem_intfc0/ddr_phy_top0/u_ddr_mc_phy_wrapper/u_ddr_mc_phy/ddr_phy_4lanes_0.u_ddr_phy_4lanes/ddr_byte_lane_B.ddr_byte_lane_B/ddr_byte_group_io/output_[10].oserdes_dq_.sdr.oserdes_dq_i/D1
  -------------------------------------------------------------------    -------------------

                         (clock oserdes_clkdiv_1 rise edge)
                                                      6.667     6.667 r  <hidden>
    BUFGCTRL_X0Y16       BUFG                         0.000     6.667 r  external_clk_0_IBUF_BUFG_inst/O
                         net (fo=12426, routed)       1.683     8.350    i_platform/i_pll0/i_xilinx_clock_pll_0/inst/clk_in1
    MMCME2_ADV_X0Y0      MMCME2_ADV (Prop_mmcme2_adv_CLKIN1_CLKOUT2)
                                                     -3.694     4.656 r  i_platform/i_pll0/i_xilinx_clock_pll_0/inst/mmcm_adv_inst/CLKOUT2
                         net (fo=1, routed)           1.923     6.579    i_platform/i_pll0/i_xilinx_clock_pll_0/inst/clk_150000000_xilinx_clock_pll_0
    BUFGCTRL_X0Y2        BUFG (Prop_bufg_I_O)         0.091     6.670 r  i_platform/i_pll0/i_xilinx_clock_pll_0/inst/clkout3_buf/O
                         net (fo=1, routed)           1.541     8.211    i_platform/i_system_ddr/nolabel_line70/u_xilinx_ddr3_ctrl_axi32_mig/u_ddr3_infrastructure/mmcm_clk
    PLLE2_ADV_X1Y1       PLLE2_ADV (Prop_plle2_adv_CLKIN1_CLKOUT1)
                                                      0.083     8.294 r  i_platform/i_system_ddr/nolabel_line70/u_xilinx_ddr3_ctrl_axi32_mig/u_ddr3_infrastructure/plle2_i/CLKOUT1
                         net (fo=7, routed)           0.572     8.866    i_platform/i_system_ddr/nolabel_line70/u_xilinx_ddr3_ctrl_axi32_mig/u_memc_ui_top_axi/mem_intfc0/ddr_phy_top0/u_ddr_mc_phy_wrapper/u_ddr_mc_phy/ddr_phy_4lanes_0.u_ddr_phy_4lanes/ddr_byte_lane_B.ddr_byte_lane_B/mem_refclk
    PHASER_OUT_PHY_X1Y5  PHASER_OUT_PHY (Prop_phaser_out_phy_MEMREFCLK_OCLK)
                                                      2.547    11.413 r  i_platform/i_system_ddr/nolabel_line70/u_xilinx_ddr3_ctrl_axi32_mig/u_memc_ui_top_axi/mem_intfc0/ddr_phy_top0/u_ddr_mc_phy_wrapper/u_ddr_mc_phy/ddr_phy_4lanes_0.u_ddr_phy_4lanes/ddr_byte_lane_B.ddr_byte_lane_B/phaser_out/OCLK
    PHASER_OUT_PHY_X1Y5  PHASER_OUT_PHY (Prop_phaser_out_phy_OCLK_OCLKDIV)
                                                      0.148    11.561 r  i_platform/i_system_ddr/nolabel_line70/u_xilinx_ddr3_ctrl_axi32_mig/u_memc_ui_top_axi/mem_intfc0/ddr_phy_top0/u_ddr_mc_phy_wrapper/u_ddr_mc_phy/ddr_phy_4lanes_0.u_ddr_phy_4lanes/ddr_byte_lane_B.ddr_byte_lane_B/phaser_out/OCLKDIV
                         net (fo=13, routed)          0.396    11.957    i_platform/i_system_ddr/nolabel_line70/u_xilinx_ddr3_ctrl_axi32_mig/u_memc_ui_top_axi/mem_intfc0/ddr_phy_top0/u_ddr_mc_phy_wrapper/u_ddr_mc_phy/ddr_phy_4lanes_0.u_ddr_phy_4lanes/ddr_byte_lane_B.ddr_byte_lane_B/ddr_byte_group_io/oserdes_clkdiv
    OLOGIC_X1Y69         OSERDESE2                                    r  i_platform/i_system_ddr/nolabel_line70/u_xilinx_ddr3_ctrl_axi32_mig/u_memc_ui_top_axi/mem_intfc0/ddr_phy_top0/u_ddr_mc_phy_wrapper/u_ddr_mc_phy/ddr_phy_4lanes_0.u_ddr_phy_4lanes/ddr_byte_lane_B.ddr_byte_lane_B/ddr_byte_group_io/output_[10].oserdes_dq_.sdr.oserdes_dq_i/CLKDIV
                         clock pessimism              0.233    12.190    <hidden>
                         clock uncertainty           -0.058    12.132    <hidden>
    OLOGIC_X1Y69         OSERDESE2 (Setup_oserdese2_CLKDIV_D1)
                                                     -0.625    11.507    i_platform/i_system_ddr/nolabel_line70/u_xilinx_ddr3_ctrl_axi32_mig/u_memc_ui_top_axi/mem_intfc0/ddr_phy_top0/u_ddr_mc_phy_wrapper/u_ddr_mc_phy/ddr_phy_4lanes_0.u_ddr_phy_4lanes/ddr_byte_lane_B.ddr_byte_lane_B/ddr_byte_group_io/output_[10].oserdes_dq_.sdr.oserdes_dq_i
  -------------------------------------------------------------------
                         required time                         11.507    <hidden>
                         arrival time                          -6.270    <hidden>
  -------------------------------------------------------------------
                         slack                                  5.238    <hidden>





Min Delay Paths
--------------------------------------------------------------------------------------
Slack (MET) :             0.094ns  (arrival time - required time)
  Source:                 i_platform/i_system_ddr/nolabel_line70/u_xilinx_ddr3_ctrl_axi32_mig/u_memc_ui_top_axi/mem_intfc0/ddr_phy_top0/u_ddr_mc_phy_wrapper/u_ddr_mc_phy/ddr_phy_4lanes_0.u_ddr_phy_4lanes/ddr_byte_lane_B.ddr_byte_lane_B/out_fifo/RDCLK
                            (rising edge-triggered cell OUT_FIFO clocked by oserdes_clkdiv_1  {rise@0.000ns fall@3.333ns period=6.667ns})
  Destination:            i_platform/i_system_ddr/nolabel_line70/u_xilinx_ddr3_ctrl_axi32_mig/u_memc_ui_top_axi/mem_intfc0/ddr_phy_top0/u_ddr_mc_phy_wrapper/u_ddr_mc_phy/ddr_phy_4lanes_0.u_ddr_phy_4lanes/ddr_byte_lane_B.ddr_byte_lane_B/ddr_byte_group_io/output_[2].oserdes_dq_.sdr.oserdes_dq_i/D2
                            (rising edge-triggered cell OSERDESE2 clocked by oserdes_clkdiv_1  {rise@0.000ns fall@3.333ns period=6.667ns})
  Path Group:             oserdes_clkdiv_1
  Path Type:              Hold (Min at Fast Process Corner)
  Requirement:            0.000ns  (oserdes_clkdiv_1 rise@0.000ns - oserdes_clkdiv_1 rise@0.000ns)
  Data Path Delay:        0.288ns  (logic 0.138ns (47.866%)  route 0.150ns (52.134%))
  Logic Levels:           0  
  Clock Path Skew:        0.175ns (DCD - SCD - CPR)
    Destination Clock Delay (DCD):    3.670ns
    Source Clock Delay      (SCD):    3.148ns
    Clock Pessimism Removal (CPR):    0.347ns

    Location             Delay type                Incr(ns)  Path(ns)    Netlist Resource(s)
  -------------------------------------------------------------------    -------------------
                         (clock oserdes_clkdiv_1 rise edge)
                                                      0.000     0.000 r  <hidden>
    BUFGCTRL_X0Y16       BUFG                         0.000     0.000 r  external_clk_0_IBUF_BUFG_inst/O
                         net (fo=12426, routed)       0.624     0.624    i_platform/i_pll0/i_xilinx_clock_pll_0/inst/clk_in1
    MMCME2_ADV_X0Y0      MMCME2_ADV (Prop_mmcme2_adv_CLKIN1_CLKOUT2)
                                                     -1.296    -0.672 r  i_platform/i_pll0/i_xilinx_clock_pll_0/inst/mmcm_adv_inst/CLKOUT2
                         net (fo=1, routed)           0.648    -0.024    i_platform/i_pll0/i_xilinx_clock_pll_0/inst/clk_150000000_xilinx_clock_pll_0
    BUFGCTRL_X0Y2        BUFG (Prop_bufg_I_O)         0.026     0.002 r  i_platform/i_pll0/i_xilinx_clock_pll_0/inst/clkout3_buf/O
                         net (fo=1, routed)           0.564     0.566    i_platform/i_system_ddr/nolabel_line70/u_xilinx_ddr3_ctrl_axi32_mig/u_ddr3_infrastructure/mmcm_clk
    PLLE2_ADV_X1Y1       PLLE2_ADV (Prop_plle2_adv_CLKIN1_CLKOUT1)
                                                      0.050     0.616 r  i_platform/i_system_ddr/nolabel_line70/u_xilinx_ddr3_ctrl_axi32_mig/u_ddr3_infrastructure/plle2_i/CLKOUT1
                         net (fo=7, routed)           0.190     0.806    i_platform/i_system_ddr/nolabel_line70/u_xilinx_ddr3_ctrl_axi32_mig/u_memc_ui_top_axi/mem_intfc0/ddr_phy_top0/u_ddr_mc_phy_wrapper/u_ddr_mc_phy/ddr_phy_4lanes_0.u_ddr_phy_4lanes/ddr_byte_lane_B.ddr_byte_lane_B/mem_refclk
    PHASER_OUT_PHY_X1Y5  PHASER_OUT_PHY (Prop_phaser_out_phy_MEMREFCLK_OCLK)
                                                      2.259     3.065 r  i_platform/i_system_ddr/nolabel_line70/u_xilinx_ddr3_ctrl_axi32_mig/u_memc_ui_top_axi/mem_intfc0/ddr_phy_top0/u_ddr_mc_phy_wrapper/u_ddr_mc_phy/ddr_phy_4lanes_0.u_ddr_phy_4lanes/ddr_byte_lane_B.ddr_byte_lane_B/phaser_out/OCLK
    PHASER_OUT_PHY_X1Y5  PHASER_OUT_PHY (Prop_phaser_out_phy_OCLK_OCLKDIV)
                                                      0.083     3.148 r  i_platform/i_system_ddr/nolabel_line70/u_xilinx_ddr3_ctrl_axi32_mig/u_memc_ui_top_axi/mem_intfc0/ddr_phy_top0/u_ddr_mc_phy_wrapper/u_ddr_mc_phy/ddr_phy_4lanes_0.u_ddr_phy_4lanes/ddr_byte_lane_B.ddr_byte_lane_B/phaser_out/OCLKDIV
                         net (fo=13, routed)          0.000     3.148    i_platform/i_system_ddr/nolabel_line70/u_xilinx_ddr3_ctrl_axi32_mig/u_memc_ui_top_axi/mem_intfc0/ddr_phy_top0/u_ddr_mc_phy_wrapper/u_ddr_mc_phy/ddr_phy_4lanes_0.u_ddr_phy_4lanes/ddr_byte_lane_B.ddr_byte_lane_B/oserdes_clkdiv
    OUT_FIFO_X1Y5        OUT_FIFO                                     r  i_platform/i_system_ddr/nolabel_line70/u_xilinx_ddr3_ctrl_axi32_mig/u_memc_ui_top_axi/mem_intfc0/ddr_phy_top0/u_ddr_mc_phy_wrapper/u_ddr_mc_phy/ddr_phy_4lanes_0.u_ddr_phy_4lanes/ddr_byte_lane_B.ddr_byte_lane_B/out_fifo/RDCLK
  -------------------------------------------------------------------    -------------------
    OUT_FIFO_X1Y5        OUT_FIFO (Prop_out_fifo_RDCLK_Q2[1])
                                                      0.138     3.286 r  i_platform/i_system_ddr/nolabel_line70/u_xilinx_ddr3_ctrl_axi32_mig/u_memc_ui_top_axi/mem_intfc0/ddr_phy_top0/u_ddr_mc_phy_wrapper/u_ddr_mc_phy/ddr_phy_4lanes_0.u_ddr_phy_4lanes/ddr_byte_lane_B.ddr_byte_lane_B/out_fifo/Q2[1]
                         net (fo=1, routed)           0.150     3.436    i_platform/i_system_ddr/nolabel_line70/u_xilinx_ddr3_ctrl_axi32_mig/u_memc_ui_top_axi/mem_intfc0/ddr_phy_top0/u_ddr_mc_phy_wrapper/u_ddr_mc_phy/ddr_phy_4lanes_0.u_ddr_phy_4lanes/ddr_byte_lane_B.ddr_byte_lane_B/ddr_byte_group_io/oserdes_dq[9]
    OLOGIC_X1Y65         OSERDESE2                                    r  i_platform/i_system_ddr/nolabel_line70/u_xilinx_ddr3_ctrl_axi32_mig/u_memc_ui_top_axi/mem_intfc0/ddr_phy_top0/u_ddr_mc_phy_wrapper/u_ddr_mc_phy/ddr_phy_4lanes_0.u_ddr_phy_4lanes/ddr_byte_lane_B.ddr_byte_lane_B/ddr_byte_group_io/output_[2].oserdes_dq_.sdr.oserdes_dq_i/D2
  -------------------------------------------------------------------    -------------------

                         (clock oserdes_clkdiv_1 rise edge)
                                                      0.000     0.000 r  <hidden>
    BUFGCTRL_X0Y16       BUFG                         0.000     0.000 r  external_clk_0_IBUF_BUFG_inst/O
                         net (fo=12426, routed)       0.898     0.898    i_platform/i_pll0/i_xilinx_clock_pll_0/inst/clk_in1
    MMCME2_ADV_X0Y0      MMCME2_ADV (Prop_mmcme2_adv_CLKIN1_CLKOUT2)
                                                     -1.625    -0.727 r  i_platform/i_pll0/i_xilinx_clock_pll_0/inst/mmcm_adv_inst/CLKOUT2
                         net (fo=1, routed)           0.700    -0.027    i_platform/i_pll0/i_xilinx_clock_pll_0/inst/clk_150000000_xilinx_clock_pll_0
    BUFGCTRL_X0Y2        BUFG (Prop_bufg_I_O)         0.029     0.002 r  i_platform/i_pll0/i_xilinx_clock_pll_0/inst/clkout3_buf/O
                         net (fo=1, routed)           0.833     0.835    i_platform/i_system_ddr/nolabel_line70/u_xilinx_ddr3_ctrl_axi32_mig/u_ddr3_infrastructure/mmcm_clk
    PLLE2_ADV_X1Y1       PLLE2_ADV (Prop_plle2_adv_CLKIN1_CLKOUT1)
                                                      0.053     0.888 r  i_platform/i_system_ddr/nolabel_line70/u_xilinx_ddr3_ctrl_axi32_mig/u_ddr3_infrastructure/plle2_i/CLKOUT1
                         net (fo=7, routed)           0.209     1.097    i_platform/i_system_ddr/nolabel_line70/u_xilinx_ddr3_ctrl_axi32_mig/u_memc_ui_top_axi/mem_intfc0/ddr_phy_top0/u_ddr_mc_phy_wrapper/u_ddr_mc_phy/ddr_phy_4lanes_0.u_ddr_phy_4lanes/ddr_byte_lane_B.ddr_byte_lane_B/mem_refclk
    PHASER_OUT_PHY_X1Y5  PHASER_OUT_PHY (Prop_phaser_out_phy_MEMREFCLK_OCLK)
                                                      2.310     3.407 r  i_platform/i_system_ddr/nolabel_line70/u_xilinx_ddr3_ctrl_axi32_mig/u_memc_ui_top_axi/mem_intfc0/ddr_phy_top0/u_ddr_mc_phy_wrapper/u_ddr_mc_phy/ddr_phy_4lanes_0.u_ddr_phy_4lanes/ddr_byte_lane_B.ddr_byte_lane_B/phaser_out/OCLK
    PHASER_OUT_PHY_X1Y5  PHASER_OUT_PHY (Prop_phaser_out_phy_OCLK_OCLKDIV)
                                                      0.088     3.495 r  i_platform/i_system_ddr/nolabel_line70/u_xilinx_ddr3_ctrl_axi32_mig/u_memc_ui_top_axi/mem_intfc0/ddr_phy_top0/u_ddr_mc_phy_wrapper/u_ddr_mc_phy/ddr_phy_4lanes_0.u_ddr_phy_4lanes/ddr_byte_lane_B.ddr_byte_lane_B/phaser_out/OCLKDIV
                         net (fo=13, routed)          0.175     3.670    i_platform/i_system_ddr/nolabel_line70/u_xilinx_ddr3_ctrl_axi32_mig/u_memc_ui_top_axi/mem_intfc0/ddr_phy_top0/u_ddr_mc_phy_wrapper/u_ddr_mc_phy/ddr_phy_4lanes_0.u_ddr_phy_4lanes/ddr_byte_lane_B.ddr_byte_lane_B/ddr_byte_group_io/oserdes_clkdiv
    OLOGIC_X1Y65         OSERDESE2                                    r  i_platform/i_system_ddr/nolabel_line70/u_xilinx_ddr3_ctrl_axi32_mig/u_memc_ui_top_axi/mem_intfc0/ddr_phy_top0/u_ddr_mc_phy_wrapper/u_ddr_mc_phy/ddr_phy_4lanes_0.u_ddr_phy_4lanes/ddr_byte_lane_B.ddr_byte_lane_B/ddr_byte_group_io/output_[2].oserdes_dq_.sdr.oserdes_dq_i/CLKDIV
                         clock pessimism             -0.347     3.323    <hidden>
    OLOGIC_X1Y65         OSERDESE2 (Hold_oserdese2_CLKDIV_D2)
                                                      0.019     3.342    i_platform/i_system_ddr/nolabel_line70/u_xilinx_ddr3_ctrl_axi32_mig/u_memc_ui_top_axi/mem_intfc0/ddr_phy_top0/u_ddr_mc_phy_wrapper/u_ddr_mc_phy/ddr_phy_4lanes_0.u_ddr_phy_4lanes/ddr_byte_lane_B.ddr_byte_lane_B/ddr_byte_group_io/output_[2].oserdes_dq_.sdr.oserdes_dq_i
  -------------------------------------------------------------------
                         required time                         -3.342    <hidden>
                         arrival time                           3.436    <hidden>
  -------------------------------------------------------------------
                         slack                                  0.094    <hidden>





Pulse Width Checks
--------------------------------------------------------------------------------------
Clock Name:         oserdes_clkdiv_1
Waveform(ns):       { 0.000 3.333 }
Period(ns):         6.667
Sources:            { i_platform/i_system_ddr/nolabel_line70/u_xilinx_ddr3_ctrl_axi32_mig/u_memc_ui_top_axi/mem_intfc0/ddr_phy_top0/u_ddr_mc_phy_wrapper/u_ddr_mc_phy/ddr_phy_4lanes_0.u_ddr_phy_4lanes/ddr_byte_lane_B.ddr_byte_lane_B/phaser_out/OCLKDIV }

Check Type        Corner  Lib Pin         Reference Pin  Required(ns)  Actual(ns)  Slack(ns)  Location       Pin
Min Period        n/a     OUT_FIFO/RDCLK  n/a            5.000         6.667       1.667      OUT_FIFO_X1Y5  i_platform/i_system_ddr/nolabel_line70/u_xilinx_ddr3_ctrl_axi32_mig/u_memc_ui_top_axi/mem_intfc0/ddr_phy_top0/u_ddr_mc_phy_wrapper/u_ddr_mc_phy/ddr_phy_4lanes_0.u_ddr_phy_4lanes/ddr_byte_lane_B.ddr_byte_lane_B/out_fifo/RDCLK
Low Pulse Width   Slow    OUT_FIFO/RDCLK  n/a            2.150         3.333       1.183      OUT_FIFO_X1Y5  i_platform/i_system_ddr/nolabel_line70/u_xilinx_ddr3_ctrl_axi32_mig/u_memc_ui_top_axi/mem_intfc0/ddr_phy_top0/u_ddr_mc_phy_wrapper/u_ddr_mc_phy/ddr_phy_4lanes_0.u_ddr_phy_4lanes/ddr_byte_lane_B.ddr_byte_lane_B/out_fifo/RDCLK
High Pulse Width  Slow    OUT_FIFO/RDCLK  n/a            2.150         3.333       1.183      OUT_FIFO_X1Y5  i_platform/i_system_ddr/nolabel_line70/u_xilinx_ddr3_ctrl_axi32_mig/u_memc_ui_top_axi/mem_intfc0/ddr_phy_top0/u_ddr_mc_phy_wrapper/u_ddr_mc_phy/ddr_phy_4lanes_0.u_ddr_phy_4lanes/ddr_byte_lane_B.ddr_byte_lane_B/out_fifo/RDCLK



---------------------------------------------------------------------------------------------------
From Clock:  oserdes_clk_2
  To Clock:  oserdes_clk_2

Setup :            0  Failing Endpoints,  Worst Slack        1.753ns,  Total Violation        0.000ns
Hold  :            0  Failing Endpoints,  Worst Slack        0.413ns,  Total Violation        0.000ns
PW    :            0  Failing Endpoints,  Worst Slack        1.666ns,  Total Violation        0.000ns
---------------------------------------------------------------------------------------------------


Max Delay Paths
--------------------------------------------------------------------------------------
Slack (MET) :             1.753ns  (required time - arrival time)
  Source:                 i_platform/i_system_ddr/nolabel_line70/u_xilinx_ddr3_ctrl_axi32_mig/u_memc_ui_top_axi/mem_intfc0/ddr_phy_top0/u_ddr_mc_phy_wrapper/u_ddr_mc_phy/ddr_phy_4lanes_0.u_ddr_phy_4lanes/ddr_byte_lane_C.ddr_byte_lane_C/phaser_out/OCLKDELAYED
                            (rising edge-triggered cell PHASER_OUT_PHY clocked by oserdes_clk_2  {rise@0.000ns fall@1.667ns period=3.333ns})
  Destination:            i_platform/i_system_ddr/nolabel_line70/u_xilinx_ddr3_ctrl_axi32_mig/u_memc_ui_top_axi/mem_intfc0/ddr_phy_top0/u_ddr_mc_phy_wrapper/u_ddr_mc_phy/ddr_phy_4lanes_0.u_ddr_phy_4lanes/ddr_byte_lane_C.ddr_byte_lane_C/ddr_byte_group_io/dqs_gen.oddr_dqsts/D1
                            (rising edge-triggered cell ODDR clocked by oserdes_clk_2  {rise@0.000ns fall@1.667ns period=3.333ns})
  Path Group:             oserdes_clk_2
  Path Type:              Setup (Max at Slow Process Corner)
  Requirement:            3.333ns  (oserdes_clk_2 rise@3.333ns - oserdes_clk_2 rise@0.000ns)
  Data Path Delay:        1.037ns  (logic 0.562ns (54.177%)  route 0.475ns (45.823%))
  Logic Levels:           0  
  Clock Path Skew:        0.400ns (DCD - SCD + CPR)
    Destination Clock Delay (DCD):    5.954ns = ( 9.288 - 3.333 ) 
    Source Clock Delay      (SCD):    5.828ns
    Clock Pessimism Removal (CPR):    0.274ns
  Clock Uncertainty:      0.058ns  ((TSJ^2 + DJ^2)^1/2) / 2 + PE
    Total System Jitter     (TSJ):    0.071ns
    Discrete Jitter          (DJ):    0.091ns
    Phase Error              (PE):    0.000ns

    Location             Delay type                Incr(ns)  Path(ns)    Netlist Resource(s)
  -------------------------------------------------------------------    -------------------
                         (clock oserdes_clk_2 rise edge)
                                                      0.000     0.000 r  <hidden>
    BUFGCTRL_X0Y16       BUFG                         0.000     0.000 r  external_clk_0_IBUF_BUFG_inst/O
                         net (fo=12426, routed)       1.809     1.809    i_platform/i_pll0/i_xilinx_clock_pll_0/inst/clk_in1
    MMCME2_ADV_X0Y0      MMCME2_ADV (Prop_mmcme2_adv_CLKIN1_CLKOUT2)
                                                     -3.922    -2.112 r  i_platform/i_pll0/i_xilinx_clock_pll_0/inst/mmcm_adv_inst/CLKOUT2
                         net (fo=1, routed)           2.018    -0.094    i_platform/i_pll0/i_xilinx_clock_pll_0/inst/clk_150000000_xilinx_clock_pll_0
    BUFGCTRL_X0Y2        BUFG (Prop_bufg_I_O)         0.096     0.002 r  i_platform/i_pll0/i_xilinx_clock_pll_0/inst/clkout3_buf/O
                         net (fo=1, routed)           1.664     1.666    i_platform/i_system_ddr/nolabel_line70/u_xilinx_ddr3_ctrl_axi32_mig/u_ddr3_infrastructure/mmcm_clk
    PLLE2_ADV_X1Y1       PLLE2_ADV (Prop_plle2_adv_CLKIN1_CLKOUT1)
                                                      0.088     1.754 r  i_platform/i_system_ddr/nolabel_line70/u_xilinx_ddr3_ctrl_axi32_mig/u_ddr3_infrastructure/plle2_i/CLKOUT1
                         net (fo=7, routed)           0.614     2.368    i_platform/i_system_ddr/nolabel_line70/u_xilinx_ddr3_ctrl_axi32_mig/u_memc_ui_top_axi/mem_intfc0/ddr_phy_top0/u_ddr_mc_phy_wrapper/u_ddr_mc_phy/ddr_phy_4lanes_0.u_ddr_phy_4lanes/ddr_byte_lane_C.ddr_byte_lane_C/mem_refclk
    PHASER_OUT_PHY_X1Y6  PHASER_OUT_PHY (Prop_phaser_out_phy_MEMREFCLK_OCLK)
                                                      2.613     4.981 r  i_platform/i_system_ddr/nolabel_line70/u_xilinx_ddr3_ctrl_axi32_mig/u_memc_ui_top_axi/mem_intfc0/ddr_phy_top0/u_ddr_mc_phy_wrapper/u_ddr_mc_phy/ddr_phy_4lanes_0.u_ddr_phy_4lanes/ddr_byte_lane_C.ddr_byte_lane_C/phaser_out/OCLK
    PHASER_OUT_PHY_X1Y6  PHASER_OUT_PHY (Prop_phaser_out_phy_OCLK_OCLKDELAYED)
                                                      0.847     5.828 r  i_platform/i_system_ddr/nolabel_line70/u_xilinx_ddr3_ctrl_axi32_mig/u_memc_ui_top_axi/mem_intfc0/ddr_phy_top0/u_ddr_mc_phy_wrapper/u_ddr_mc_phy/ddr_phy_4lanes_0.u_ddr_phy_4lanes/ddr_byte_lane_C.ddr_byte_lane_C/phaser_out/OCLKDELAYED
  -------------------------------------------------------------------    -------------------
    PHASER_OUT_PHY_X1Y6  PHASER_OUT_PHY (Prop_phaser_out_phy_OCLKDELAYED_CTSBUS[0])
                                                      0.562     6.390 r  i_platform/i_system_ddr/nolabel_line70/u_xilinx_ddr3_ctrl_axi32_mig/u_memc_ui_top_axi/mem_intfc0/ddr_phy_top0/u_ddr_mc_phy_wrapper/u_ddr_mc_phy/ddr_phy_4lanes_0.u_ddr_phy_4lanes/ddr_byte_lane_C.ddr_byte_lane_C/phaser_out/CTSBUS[0]
                         net (fo=2, routed)           0.475     6.865    i_platform/i_system_ddr/nolabel_line70/u_xilinx_ddr3_ctrl_axi32_mig/u_memc_ui_top_axi/mem_intfc0/ddr_phy_top0/u_ddr_mc_phy_wrapper/u_ddr_mc_phy/ddr_phy_4lanes_0.u_ddr_phy_4lanes/ddr_byte_lane_C.ddr_byte_lane_C/ddr_byte_group_io/CTSBUS[0]
    OLOGIC_X1Y82         ODDR                                         r  i_platform/i_system_ddr/nolabel_line70/u_xilinx_ddr3_ctrl_axi32_mig/u_memc_ui_top_axi/mem_intfc0/ddr_phy_top0/u_ddr_mc_phy_wrapper/u_ddr_mc_phy/ddr_phy_4lanes_0.u_ddr_phy_4lanes/ddr_byte_lane_C.ddr_byte_lane_C/ddr_byte_group_io/dqs_gen.oddr_dqsts/D1
  -------------------------------------------------------------------    -------------------

                         (clock oserdes_clk_2 rise edge)
                                                      3.333     3.333 r  <hidden>
    BUFGCTRL_X0Y16       BUFG                         0.000     3.333 r  external_clk_0_IBUF_BUFG_inst/O
                         net (fo=12426, routed)       1.683     5.016    i_platform/i_pll0/i_xilinx_clock_pll_0/inst/clk_in1
    MMCME2_ADV_X0Y0      MMCME2_ADV (Prop_mmcme2_adv_CLKIN1_CLKOUT2)
                                                     -3.694     1.322 r  i_platform/i_pll0/i_xilinx_clock_pll_0/inst/mmcm_adv_inst/CLKOUT2
                         net (fo=1, routed)           1.923     3.245    i_platform/i_pll0/i_xilinx_clock_pll_0/inst/clk_150000000_xilinx_clock_pll_0
    BUFGCTRL_X0Y2        BUFG (Prop_bufg_I_O)         0.091     3.336 r  i_platform/i_pll0/i_xilinx_clock_pll_0/inst/clkout3_buf/O
                         net (fo=1, routed)           1.541     4.878    i_platform/i_system_ddr/nolabel_line70/u_xilinx_ddr3_ctrl_axi32_mig/u_ddr3_infrastructure/mmcm_clk
    PLLE2_ADV_X1Y1       PLLE2_ADV (Prop_plle2_adv_CLKIN1_CLKOUT1)
                                                      0.083     4.961 r  i_platform/i_system_ddr/nolabel_line70/u_xilinx_ddr3_ctrl_axi32_mig/u_ddr3_infrastructure/plle2_i/CLKOUT1
                         net (fo=7, routed)           0.582     5.543    i_platform/i_system_ddr/nolabel_line70/u_xilinx_ddr3_ctrl_axi32_mig/u_memc_ui_top_axi/mem_intfc0/ddr_phy_top0/u_ddr_mc_phy_wrapper/u_ddr_mc_phy/ddr_phy_4lanes_0.u_ddr_phy_4lanes/ddr_byte_lane_C.ddr_byte_lane_C/mem_refclk
    PHASER_OUT_PHY_X1Y6  PHASER_OUT_PHY (Prop_phaser_out_phy_MEMREFCLK_OCLK)
                                                      2.547     8.090 r  i_platform/i_system_ddr/nolabel_line70/u_xilinx_ddr3_ctrl_axi32_mig/u_memc_ui_top_axi/mem_intfc0/ddr_phy_top0/u_ddr_mc_phy_wrapper/u_ddr_mc_phy/ddr_phy_4lanes_0.u_ddr_phy_4lanes/ddr_byte_lane_C.ddr_byte_lane_C/phaser_out/OCLK
    PHASER_OUT_PHY_X1Y6  PHASER_OUT_PHY (Prop_phaser_out_phy_OCLK_OCLKDELAYED)
                                                      0.798     8.888 r  i_platform/i_system_ddr/nolabel_line70/u_xilinx_ddr3_ctrl_axi32_mig/u_memc_ui_top_axi/mem_intfc0/ddr_phy_top0/u_ddr_mc_phy_wrapper/u_ddr_mc_phy/ddr_phy_4lanes_0.u_ddr_phy_4lanes/ddr_byte_lane_C.ddr_byte_lane_C/phaser_out/OCLKDELAYED
                         net (fo=2, routed)           0.400     9.288    i_platform/i_system_ddr/nolabel_line70/u_xilinx_ddr3_ctrl_axi32_mig/u_memc_ui_top_axi/mem_intfc0/ddr_phy_top0/u_ddr_mc_phy_wrapper/u_ddr_mc_phy/ddr_phy_4lanes_0.u_ddr_phy_4lanes/ddr_byte_lane_C.ddr_byte_lane_C/ddr_byte_group_io/oserdes_clk_delayed
    OLOGIC_X1Y82         ODDR                                         r  i_platform/i_system_ddr/nolabel_line70/u_xilinx_ddr3_ctrl_axi32_mig/u_memc_ui_top_axi/mem_intfc0/ddr_phy_top0/u_ddr_mc_phy_wrapper/u_ddr_mc_phy/ddr_phy_4lanes_0.u_ddr_phy_4lanes/ddr_byte_lane_C.ddr_byte_lane_C/ddr_byte_group_io/dqs_gen.oddr_dqsts/C
                         clock pessimism              0.274     9.561    <hidden>
                         clock uncertainty           -0.058     9.504    <hidden>
    OLOGIC_X1Y82         ODDR (Setup_oddr_C_D1)      -0.885     8.619    i_platform/i_system_ddr/nolabel_line70/u_xilinx_ddr3_ctrl_axi32_mig/u_memc_ui_top_axi/mem_intfc0/ddr_phy_top0/u_ddr_mc_phy_wrapper/u_ddr_mc_phy/ddr_phy_4lanes_0.u_ddr_phy_4lanes/ddr_byte_lane_C.ddr_byte_lane_C/ddr_byte_group_io/dqs_gen.oddr_dqsts
  -------------------------------------------------------------------
                         required time                          8.619    <hidden>
                         arrival time                          -6.865    <hidden>
  -------------------------------------------------------------------
                         slack                                  1.753    <hidden>





Min Delay Paths
--------------------------------------------------------------------------------------
Slack (MET) :             0.413ns  (arrival time - required time)
  Source:                 i_platform/i_system_ddr/nolabel_line70/u_xilinx_ddr3_ctrl_axi32_mig/u_memc_ui_top_axi/mem_intfc0/ddr_phy_top0/u_ddr_mc_phy_wrapper/u_ddr_mc_phy/ddr_phy_4lanes_0.u_ddr_phy_4lanes/ddr_byte_lane_C.ddr_byte_lane_C/phaser_out/OCLKDELAYED
                            (rising edge-triggered cell PHASER_OUT_PHY clocked by oserdes_clk_2  {rise@0.000ns fall@1.667ns period=3.333ns})
  Destination:            i_platform/i_system_ddr/nolabel_line70/u_xilinx_ddr3_ctrl_axi32_mig/u_memc_ui_top_axi/mem_intfc0/ddr_phy_top0/u_ddr_mc_phy_wrapper/u_ddr_mc_phy/ddr_phy_4lanes_0.u_ddr_phy_4lanes/ddr_byte_lane_C.ddr_byte_lane_C/ddr_byte_group_io/dqs_gen.oddr_dqs/D2
                            (rising edge-triggered cell ODDR clocked by oserdes_clk_2  {rise@0.000ns fall@1.667ns period=3.333ns})
  Path Group:             oserdes_clk_2
  Path Type:              Hold (Min at Fast Process Corner)
  Requirement:            0.000ns  (oserdes_clk_2 rise@0.000ns - oserdes_clk_2 rise@0.000ns)
  Data Path Delay:        0.496ns  (logic 0.346ns (69.715%)  route 0.150ns (30.285%))
  Logic Levels:           0  
  Clock Path Skew:        0.176ns (DCD - SCD - CPR)
    Destination Clock Delay (DCD):    4.320ns
    Source Clock Delay      (SCD):    3.757ns
    Clock Pessimism Removal (CPR):    0.387ns

    Location             Delay type                Incr(ns)  Path(ns)    Netlist Resource(s)
  -------------------------------------------------------------------    -------------------
                         (clock oserdes_clk_2 rise edge)
                                                      0.000     0.000 r  <hidden>
    BUFGCTRL_X0Y16       BUFG                         0.000     0.000 r  external_clk_0_IBUF_BUFG_inst/O
                         net (fo=12426, routed)       0.624     0.624    i_platform/i_pll0/i_xilinx_clock_pll_0/inst/clk_in1
    MMCME2_ADV_X0Y0      MMCME2_ADV (Prop_mmcme2_adv_CLKIN1_CLKOUT2)
                                                     -1.296    -0.672 r  i_platform/i_pll0/i_xilinx_clock_pll_0/inst/mmcm_adv_inst/CLKOUT2
                         net (fo=1, routed)           0.648    -0.024    i_platform/i_pll0/i_xilinx_clock_pll_0/inst/clk_150000000_xilinx_clock_pll_0
    BUFGCTRL_X0Y2        BUFG (Prop_bufg_I_O)         0.026     0.002 r  i_platform/i_pll0/i_xilinx_clock_pll_0/inst/clkout3_buf/O
                         net (fo=1, routed)           0.564     0.566    i_platform/i_system_ddr/nolabel_line70/u_xilinx_ddr3_ctrl_axi32_mig/u_ddr3_infrastructure/mmcm_clk
    PLLE2_ADV_X1Y1       PLLE2_ADV (Prop_plle2_adv_CLKIN1_CLKOUT1)
                                                      0.050     0.616 r  i_platform/i_system_ddr/nolabel_line70/u_xilinx_ddr3_ctrl_axi32_mig/u_ddr3_infrastructure/plle2_i/CLKOUT1
                         net (fo=7, routed)           0.197     0.813    i_platform/i_system_ddr/nolabel_line70/u_xilinx_ddr3_ctrl_axi32_mig/u_memc_ui_top_axi/mem_intfc0/ddr_phy_top0/u_ddr_mc_phy_wrapper/u_ddr_mc_phy/ddr_phy_4lanes_0.u_ddr_phy_4lanes/ddr_byte_lane_C.ddr_byte_lane_C/mem_refclk
    PHASER_OUT_PHY_X1Y6  PHASER_OUT_PHY (Prop_phaser_out_phy_MEMREFCLK_OCLK)
                                                      2.259     3.072 r  i_platform/i_system_ddr/nolabel_line70/u_xilinx_ddr3_ctrl_axi32_mig/u_memc_ui_top_axi/mem_intfc0/ddr_phy_top0/u_ddr_mc_phy_wrapper/u_ddr_mc_phy/ddr_phy_4lanes_0.u_ddr_phy_4lanes/ddr_byte_lane_C.ddr_byte_lane_C/phaser_out/OCLK
    PHASER_OUT_PHY_X1Y6  PHASER_OUT_PHY (Prop_phaser_out_phy_OCLK_OCLKDELAYED)
                                                      0.685     3.757 r  i_platform/i_system_ddr/nolabel_line70/u_xilinx_ddr3_ctrl_axi32_mig/u_memc_ui_top_axi/mem_intfc0/ddr_phy_top0/u_ddr_mc_phy_wrapper/u_ddr_mc_phy/ddr_phy_4lanes_0.u_ddr_phy_4lanes/ddr_byte_lane_C.ddr_byte_lane_C/phaser_out/OCLKDELAYED
  -------------------------------------------------------------------    -------------------
    PHASER_OUT_PHY_X1Y6  PHASER_OUT_PHY (Prop_phaser_out_phy_OCLKDELAYED_DQSBUS[1])
                                                      0.346     4.103 r  i_platform/i_system_ddr/nolabel_line70/u_xilinx_ddr3_ctrl_axi32_mig/u_memc_ui_top_axi/mem_intfc0/ddr_phy_top0/u_ddr_mc_phy_wrapper/u_ddr_mc_phy/ddr_phy_4lanes_0.u_ddr_phy_4lanes/ddr_byte_lane_C.ddr_byte_lane_C/phaser_out/DQSBUS[1]
                         net (fo=1, routed)           0.150     4.253    i_platform/i_system_ddr/nolabel_line70/u_xilinx_ddr3_ctrl_axi32_mig/u_memc_ui_top_axi/mem_intfc0/ddr_phy_top0/u_ddr_mc_phy_wrapper/u_ddr_mc_phy/ddr_phy_4lanes_0.u_ddr_phy_4lanes/ddr_byte_lane_C.ddr_byte_lane_C/ddr_byte_group_io/DQSBUS[1]
    OLOGIC_X1Y82         ODDR                                         r  i_platform/i_system_ddr/nolabel_line70/u_xilinx_ddr3_ctrl_axi32_mig/u_memc_ui_top_axi/mem_intfc0/ddr_phy_top0/u_ddr_mc_phy_wrapper/u_ddr_mc_phy/ddr_phy_4lanes_0.u_ddr_phy_4lanes/ddr_byte_lane_C.ddr_byte_lane_C/ddr_byte_group_io/dqs_gen.oddr_dqs/D2
  -------------------------------------------------------------------    -------------------

                         (clock oserdes_clk_2 rise edge)
                                                      0.000     0.000 r  <hidden>
    BUFGCTRL_X0Y16       BUFG                         0.000     0.000 r  external_clk_0_IBUF_BUFG_inst/O
                         net (fo=12426, routed)       0.898     0.898    i_platform/i_pll0/i_xilinx_clock_pll_0/inst/clk_in1
    MMCME2_ADV_X0Y0      MMCME2_ADV (Prop_mmcme2_adv_CLKIN1_CLKOUT2)
                                                     -1.625    -0.727 r  i_platform/i_pll0/i_xilinx_clock_pll_0/inst/mmcm_adv_inst/CLKOUT2
                         net (fo=1, routed)           0.700    -0.027    i_platform/i_pll0/i_xilinx_clock_pll_0/inst/clk_150000000_xilinx_clock_pll_0
    BUFGCTRL_X0Y2        BUFG (Prop_bufg_I_O)         0.029     0.002 r  i_platform/i_pll0/i_xilinx_clock_pll_0/inst/clkout3_buf/O
                         net (fo=1, routed)           0.833     0.835    i_platform/i_system_ddr/nolabel_line70/u_xilinx_ddr3_ctrl_axi32_mig/u_ddr3_infrastructure/mmcm_clk
    PLLE2_ADV_X1Y1       PLLE2_ADV (Prop_plle2_adv_CLKIN1_CLKOUT1)
                                                      0.053     0.888 r  i_platform/i_system_ddr/nolabel_line70/u_xilinx_ddr3_ctrl_axi32_mig/u_ddr3_infrastructure/plle2_i/CLKOUT1
                         net (fo=7, routed)           0.218     1.106    i_platform/i_system_ddr/nolabel_line70/u_xilinx_ddr3_ctrl_axi32_mig/u_memc_ui_top_axi/mem_intfc0/ddr_phy_top0/u_ddr_mc_phy_wrapper/u_ddr_mc_phy/ddr_phy_4lanes_0.u_ddr_phy_4lanes/ddr_byte_lane_C.ddr_byte_lane_C/mem_refclk
    PHASER_OUT_PHY_X1Y6  PHASER_OUT_PHY (Prop_phaser_out_phy_MEMREFCLK_OCLK)
                                                      2.310     3.416 r  i_platform/i_system_ddr/nolabel_line70/u_xilinx_ddr3_ctrl_axi32_mig/u_memc_ui_top_axi/mem_intfc0/ddr_phy_top0/u_ddr_mc_phy_wrapper/u_ddr_mc_phy/ddr_phy_4lanes_0.u_ddr_phy_4lanes/ddr_byte_lane_C.ddr_byte_lane_C/phaser_out/OCLK
    PHASER_OUT_PHY_X1Y6  PHASER_OUT_PHY (Prop_phaser_out_phy_OCLK_OCLKDELAYED)
                                                      0.728     4.144 r  i_platform/i_system_ddr/nolabel_line70/u_xilinx_ddr3_ctrl_axi32_mig/u_memc_ui_top_axi/mem_intfc0/ddr_phy_top0/u_ddr_mc_phy_wrapper/u_ddr_mc_phy/ddr_phy_4lanes_0.u_ddr_phy_4lanes/ddr_byte_lane_C.ddr_byte_lane_C/phaser_out/OCLKDELAYED
                         net (fo=2, routed)           0.176     4.320    i_platform/i_system_ddr/nolabel_line70/u_xilinx_ddr3_ctrl_axi32_mig/u_memc_ui_top_axi/mem_intfc0/ddr_phy_top0/u_ddr_mc_phy_wrapper/u_ddr_mc_phy/ddr_phy_4lanes_0.u_ddr_phy_4lanes/ddr_byte_lane_C.ddr_byte_lane_C/ddr_byte_group_io/oserdes_clk_delayed
    OLOGIC_X1Y82         ODDR                                         r  i_platform/i_system_ddr/nolabel_line70/u_xilinx_ddr3_ctrl_axi32_mig/u_memc_ui_top_axi/mem_intfc0/ddr_phy_top0/u_ddr_mc_phy_wrapper/u_ddr_mc_phy/ddr_phy_4lanes_0.u_ddr_phy_4lanes/ddr_byte_lane_C.ddr_byte_lane_C/ddr_byte_group_io/dqs_gen.oddr_dqs/C
                         clock pessimism             -0.387     3.933    <hidden>
    OLOGIC_X1Y82         ODDR (Hold_oddr_C_D2)       -0.093     3.840    i_platform/i_system_ddr/nolabel_line70/u_xilinx_ddr3_ctrl_axi32_mig/u_memc_ui_top_axi/mem_intfc0/ddr_phy_top0/u_ddr_mc_phy_wrapper/u_ddr_mc_phy/ddr_phy_4lanes_0.u_ddr_phy_4lanes/ddr_byte_lane_C.ddr_byte_lane_C/ddr_byte_group_io/dqs_gen.oddr_dqs
  -------------------------------------------------------------------
                         required time                         -3.840    <hidden>
                         arrival time                           4.253    <hidden>
  -------------------------------------------------------------------
                         slack                                  0.413    <hidden>





Pulse Width Checks
--------------------------------------------------------------------------------------
Clock Name:         oserdes_clk_2
Waveform(ns):       { 0.000 1.667 }
Period(ns):         3.333
Sources:            { i_platform/i_system_ddr/nolabel_line70/u_xilinx_ddr3_ctrl_axi32_mig/u_memc_ui_top_axi/mem_intfc0/ddr_phy_top0/u_ddr_mc_phy_wrapper/u_ddr_mc_phy/ddr_phy_4lanes_0.u_ddr_phy_4lanes/ddr_byte_lane_C.ddr_byte_lane_C/phaser_out/OCLK }

Check Type  Corner  Lib Pin        Reference Pin  Required(ns)  Actual(ns)  Slack(ns)  Location      Pin
Min Period  n/a     OSERDESE2/CLK  n/a            1.667         3.333       1.666      OLOGIC_X1Y76  i_platform/i_system_ddr/nolabel_line70/u_xilinx_ddr3_ctrl_axi32_mig/u_memc_ui_top_axi/mem_intfc0/ddr_phy_top0/u_ddr_mc_phy_wrapper/u_ddr_mc_phy/ddr_phy_4lanes_0.u_ddr_phy_4lanes/ddr_byte_lane_C.ddr_byte_lane_C/ddr_byte_group_io/output_[1].oserdes_dq_.ddr.oserdes_dq_i/CLK



---------------------------------------------------------------------------------------------------
From Clock:  oserdes_clkdiv_2
  To Clock:  oserdes_clkdiv_2

Setup :            0  Failing Endpoints,  Worst Slack        5.245ns,  Total Violation        0.000ns
Hold  :            0  Failing Endpoints,  Worst Slack        0.092ns,  Total Violation        0.000ns
PW    :            0  Failing Endpoints,  Worst Slack        1.183ns,  Total Violation        0.000ns
---------------------------------------------------------------------------------------------------


Max Delay Paths
--------------------------------------------------------------------------------------
Slack (MET) :             5.245ns  (required time - arrival time)
  Source:                 i_platform/i_system_ddr/nolabel_line70/u_xilinx_ddr3_ctrl_axi32_mig/u_memc_ui_top_axi/mem_intfc0/ddr_phy_top0/u_ddr_mc_phy_wrapper/u_ddr_mc_phy/ddr_phy_4lanes_0.u_ddr_phy_4lanes/ddr_byte_lane_C.ddr_byte_lane_C/out_fifo/RDCLK
                            (rising edge-triggered cell OUT_FIFO clocked by oserdes_clkdiv_2  {rise@0.000ns fall@3.333ns period=6.667ns})
  Destination:            i_platform/i_system_ddr/nolabel_line70/u_xilinx_ddr3_ctrl_axi32_mig/u_memc_ui_top_axi/mem_intfc0/ddr_phy_top0/u_ddr_mc_phy_wrapper/u_ddr_mc_phy/ddr_phy_4lanes_0.u_ddr_phy_4lanes/ddr_byte_lane_C.ddr_byte_lane_C/ddr_byte_group_io/output_[6].oserdes_dq_.ddr.oserdes_dq_i/D1
                            (rising edge-triggered cell OSERDESE2 clocked by oserdes_clkdiv_2  {rise@0.000ns fall@3.333ns period=6.667ns})
  Path Group:             oserdes_clkdiv_2
  Path Type:              Setup (Max at Slow Process Corner)
  Requirement:            6.667ns  (oserdes_clkdiv_2 rise@6.667ns - oserdes_clkdiv_2 rise@0.000ns)
  Data Path Delay:        1.142ns  (logic 0.674ns (59.004%)  route 0.468ns (40.997%))
  Logic Levels:           0  
  Clock Path Skew:        0.403ns (DCD - SCD + CPR)
    Destination Clock Delay (DCD):    5.307ns = ( 11.974 - 6.667 ) 
    Source Clock Delay      (SCD):    5.138ns
    Clock Pessimism Removal (CPR):    0.234ns
  Clock Uncertainty:      0.058ns  ((TSJ^2 + DJ^2)^1/2) / 2 + PE
    Total System Jitter     (TSJ):    0.071ns
    Discrete Jitter          (DJ):    0.091ns
    Phase Error              (PE):    0.000ns

    Location             Delay type                Incr(ns)  Path(ns)    Netlist Resource(s)
  -------------------------------------------------------------------    -------------------
                         (clock oserdes_clkdiv_2 rise edge)
                                                      0.000     0.000 r  <hidden>
    BUFGCTRL_X0Y16       BUFG                         0.000     0.000 r  external_clk_0_IBUF_BUFG_inst/O
                         net (fo=12426, routed)       1.809     1.809    i_platform/i_pll0/i_xilinx_clock_pll_0/inst/clk_in1
    MMCME2_ADV_X0Y0      MMCME2_ADV (Prop_mmcme2_adv_CLKIN1_CLKOUT2)
                                                     -3.922    -2.112 r  i_platform/i_pll0/i_xilinx_clock_pll_0/inst/mmcm_adv_inst/CLKOUT2
                         net (fo=1, routed)           2.018    -0.094    i_platform/i_pll0/i_xilinx_clock_pll_0/inst/clk_150000000_xilinx_clock_pll_0
    BUFGCTRL_X0Y2        BUFG (Prop_bufg_I_O)         0.096     0.002 r  i_platform/i_pll0/i_xilinx_clock_pll_0/inst/clkout3_buf/O
                         net (fo=1, routed)           1.664     1.666    i_platform/i_system_ddr/nolabel_line70/u_xilinx_ddr3_ctrl_axi32_mig/u_ddr3_infrastructure/mmcm_clk
    PLLE2_ADV_X1Y1       PLLE2_ADV (Prop_plle2_adv_CLKIN1_CLKOUT1)
                                                      0.088     1.754 r  i_platform/i_system_ddr/nolabel_line70/u_xilinx_ddr3_ctrl_axi32_mig/u_ddr3_infrastructure/plle2_i/CLKOUT1
                         net (fo=7, routed)           0.614     2.368    i_platform/i_system_ddr/nolabel_line70/u_xilinx_ddr3_ctrl_axi32_mig/u_memc_ui_top_axi/mem_intfc0/ddr_phy_top0/u_ddr_mc_phy_wrapper/u_ddr_mc_phy/ddr_phy_4lanes_0.u_ddr_phy_4lanes/ddr_byte_lane_C.ddr_byte_lane_C/mem_refclk
    PHASER_OUT_PHY_X1Y6  PHASER_OUT_PHY (Prop_phaser_out_phy_MEMREFCLK_OCLK)
                                                      2.613     4.981 r  i_platform/i_system_ddr/nolabel_line70/u_xilinx_ddr3_ctrl_axi32_mig/u_memc_ui_top_axi/mem_intfc0/ddr_phy_top0/u_ddr_mc_phy_wrapper/u_ddr_mc_phy/ddr_phy_4lanes_0.u_ddr_phy_4lanes/ddr_byte_lane_C.ddr_byte_lane_C/phaser_out/OCLK
    PHASER_OUT_PHY_X1Y6  PHASER_OUT_PHY (Prop_phaser_out_phy_OCLK_OCLKDIV)
                                                      0.157     5.138 r  i_platform/i_system_ddr/nolabel_line70/u_xilinx_ddr3_ctrl_axi32_mig/u_memc_ui_top_axi/mem_intfc0/ddr_phy_top0/u_ddr_mc_phy_wrapper/u_ddr_mc_phy/ddr_phy_4lanes_0.u_ddr_phy_4lanes/ddr_byte_lane_C.ddr_byte_lane_C/phaser_out/OCLKDIV
                         net (fo=11, routed)          0.000     5.138    i_platform/i_system_ddr/nolabel_line70/u_xilinx_ddr3_ctrl_axi32_mig/u_memc_ui_top_axi/mem_intfc0/ddr_phy_top0/u_ddr_mc_phy_wrapper/u_ddr_mc_phy/ddr_phy_4lanes_0.u_ddr_phy_4lanes/ddr_byte_lane_C.ddr_byte_lane_C/oserdes_clkdiv
    OUT_FIFO_X1Y6        OUT_FIFO                                     r  i_platform/i_system_ddr/nolabel_line70/u_xilinx_ddr3_ctrl_axi32_mig/u_memc_ui_top_axi/mem_intfc0/ddr_phy_top0/u_ddr_mc_phy_wrapper/u_ddr_mc_phy/ddr_phy_4lanes_0.u_ddr_phy_4lanes/ddr_byte_lane_C.ddr_byte_lane_C/out_fifo/RDCLK
  -------------------------------------------------------------------    -------------------
    OUT_FIFO_X1Y6        OUT_FIFO (Prop_out_fifo_RDCLK_Q6[0])
                                                      0.674     5.812 r  i_platform/i_system_ddr/nolabel_line70/u_xilinx_ddr3_ctrl_axi32_mig/u_memc_ui_top_axi/mem_intfc0/ddr_phy_top0/u_ddr_mc_phy_wrapper/u_ddr_mc_phy/ddr_phy_4lanes_0.u_ddr_phy_4lanes/ddr_byte_lane_C.ddr_byte_lane_C/out_fifo/Q6[0]
                         net (fo=1, routed)           0.468     6.281    i_platform/i_system_ddr/nolabel_line70/u_xilinx_ddr3_ctrl_axi32_mig/u_memc_ui_top_axi/mem_intfc0/ddr_phy_top0/u_ddr_mc_phy_wrapper/u_ddr_mc_phy/ddr_phy_4lanes_0.u_ddr_phy_4lanes/ddr_byte_lane_C.ddr_byte_lane_C/ddr_byte_group_io/of_dqbus[20]
    OLOGIC_X1Y83         OSERDESE2                                    r  i_platform/i_system_ddr/nolabel_line70/u_xilinx_ddr3_ctrl_axi32_mig/u_memc_ui_top_axi/mem_intfc0/ddr_phy_top0/u_ddr_mc_phy_wrapper/u_ddr_mc_phy/ddr_phy_4lanes_0.u_ddr_phy_4lanes/ddr_byte_lane_C.ddr_byte_lane_C/ddr_byte_group_io/output_[6].oserdes_dq_.ddr.oserdes_dq_i/D1
  -------------------------------------------------------------------    -------------------

                         (clock oserdes_clkdiv_2 rise edge)
                                                      6.667     6.667 r  <hidden>
    BUFGCTRL_X0Y16       BUFG                         0.000     6.667 r  external_clk_0_IBUF_BUFG_inst/O
                         net (fo=12426, routed)       1.683     8.350    i_platform/i_pll0/i_xilinx_clock_pll_0/inst/clk_in1
    MMCME2_ADV_X0Y0      MMCME2_ADV (Prop_mmcme2_adv_CLKIN1_CLKOUT2)
                                                     -3.694     4.656 r  i_platform/i_pll0/i_xilinx_clock_pll_0/inst/mmcm_adv_inst/CLKOUT2
                         net (fo=1, routed)           1.923     6.579    i_platform/i_pll0/i_xilinx_clock_pll_0/inst/clk_150000000_xilinx_clock_pll_0
    BUFGCTRL_X0Y2        BUFG (Prop_bufg_I_O)         0.091     6.670 r  i_platform/i_pll0/i_xilinx_clock_pll_0/inst/clkout3_buf/O
                         net (fo=1, routed)           1.541     8.211    i_platform/i_system_ddr/nolabel_line70/u_xilinx_ddr3_ctrl_axi32_mig/u_ddr3_infrastructure/mmcm_clk
    PLLE2_ADV_X1Y1       PLLE2_ADV (Prop_plle2_adv_CLKIN1_CLKOUT1)
                                                      0.083     8.294 r  i_platform/i_system_ddr/nolabel_line70/u_xilinx_ddr3_ctrl_axi32_mig/u_ddr3_infrastructure/plle2_i/CLKOUT1
                         net (fo=7, routed)           0.582     8.876    i_platform/i_system_ddr/nolabel_line70/u_xilinx_ddr3_ctrl_axi32_mig/u_memc_ui_top_axi/mem_intfc0/ddr_phy_top0/u_ddr_mc_phy_wrapper/u_ddr_mc_phy/ddr_phy_4lanes_0.u_ddr_phy_4lanes/ddr_byte_lane_C.ddr_byte_lane_C/mem_refclk
    PHASER_OUT_PHY_X1Y6  PHASER_OUT_PHY (Prop_phaser_out_phy_MEMREFCLK_OCLK)
                                                      2.547    11.423 r  i_platform/i_system_ddr/nolabel_line70/u_xilinx_ddr3_ctrl_axi32_mig/u_memc_ui_top_axi/mem_intfc0/ddr_phy_top0/u_ddr_mc_phy_wrapper/u_ddr_mc_phy/ddr_phy_4lanes_0.u_ddr_phy_4lanes/ddr_byte_lane_C.ddr_byte_lane_C/phaser_out/OCLK
    PHASER_OUT_PHY_X1Y6  PHASER_OUT_PHY (Prop_phaser_out_phy_OCLK_OCLKDIV)
                                                      0.148    11.571 r  i_platform/i_system_ddr/nolabel_line70/u_xilinx_ddr3_ctrl_axi32_mig/u_memc_ui_top_axi/mem_intfc0/ddr_phy_top0/u_ddr_mc_phy_wrapper/u_ddr_mc_phy/ddr_phy_4lanes_0.u_ddr_phy_4lanes/ddr_byte_lane_C.ddr_byte_lane_C/phaser_out/OCLKDIV
                         net (fo=11, routed)          0.403    11.974    i_platform/i_system_ddr/nolabel_line70/u_xilinx_ddr3_ctrl_axi32_mig/u_memc_ui_top_axi/mem_intfc0/ddr_phy_top0/u_ddr_mc_phy_wrapper/u_ddr_mc_phy/ddr_phy_4lanes_0.u_ddr_phy_4lanes/ddr_byte_lane_C.ddr_byte_lane_C/ddr_byte_group_io/oserdes_clkdiv
    OLOGIC_X1Y83         OSERDESE2                                    r  i_platform/i_system_ddr/nolabel_line70/u_xilinx_ddr3_ctrl_axi32_mig/u_memc_ui_top_axi/mem_intfc0/ddr_phy_top0/u_ddr_mc_phy_wrapper/u_ddr_mc_phy/ddr_phy_4lanes_0.u_ddr_phy_4lanes/ddr_byte_lane_C.ddr_byte_lane_C/ddr_byte_group_io/output_[6].oserdes_dq_.ddr.oserdes_dq_i/CLKDIV
                         clock pessimism              0.234    12.208    <hidden>
                         clock uncertainty           -0.058    12.150    <hidden>
    OLOGIC_X1Y83         OSERDESE2 (Setup_oserdese2_CLKDIV_D1)
                                                     -0.625    11.525    i_platform/i_system_ddr/nolabel_line70/u_xilinx_ddr3_ctrl_axi32_mig/u_memc_ui_top_axi/mem_intfc0/ddr_phy_top0/u_ddr_mc_phy_wrapper/u_ddr_mc_phy/ddr_phy_4lanes_0.u_ddr_phy_4lanes/ddr_byte_lane_C.ddr_byte_lane_C/ddr_byte_group_io/output_[6].oserdes_dq_.ddr.oserdes_dq_i
  -------------------------------------------------------------------
                         required time                         11.525    <hidden>
                         arrival time                          -6.281    <hidden>
  -------------------------------------------------------------------
                         slack                                  5.245    <hidden>





Min Delay Paths
--------------------------------------------------------------------------------------
Slack (MET) :             0.092ns  (arrival time - required time)
  Source:                 i_platform/i_system_ddr/nolabel_line70/u_xilinx_ddr3_ctrl_axi32_mig/u_memc_ui_top_axi/mem_intfc0/ddr_phy_top0/u_ddr_mc_phy_wrapper/u_ddr_mc_phy/ddr_phy_4lanes_0.u_ddr_phy_4lanes/ddr_byte_lane_C.ddr_byte_lane_C/out_fifo/RDCLK
                            (rising edge-triggered cell OUT_FIFO clocked by oserdes_clkdiv_2  {rise@0.000ns fall@3.333ns period=6.667ns})
  Destination:            i_platform/i_system_ddr/nolabel_line70/u_xilinx_ddr3_ctrl_axi32_mig/u_memc_ui_top_axi/mem_intfc0/ddr_phy_top0/u_ddr_mc_phy_wrapper/u_ddr_mc_phy/ddr_phy_4lanes_0.u_ddr_phy_4lanes/ddr_byte_lane_C.ddr_byte_lane_C/ddr_byte_group_io/output_[2].oserdes_dq_.ddr.oserdes_dq_i/D2
                            (rising edge-triggered cell OSERDESE2 clocked by oserdes_clkdiv_2  {rise@0.000ns fall@3.333ns period=6.667ns})
  Path Group:             oserdes_clkdiv_2
  Path Type:              Hold (Min at Fast Process Corner)
  Requirement:            0.000ns  (oserdes_clkdiv_2 rise@0.000ns - oserdes_clkdiv_2 rise@0.000ns)
  Data Path Delay:        0.288ns  (logic 0.138ns (47.866%)  route 0.150ns (52.134%))
  Logic Levels:           0  
  Clock Path Skew:        0.177ns (DCD - SCD - CPR)
    Destination Clock Delay (DCD):    3.681ns
    Source Clock Delay      (SCD):    3.155ns
    Clock Pessimism Removal (CPR):    0.349ns

    Location             Delay type                Incr(ns)  Path(ns)    Netlist Resource(s)
  -------------------------------------------------------------------    -------------------
                         (clock oserdes_clkdiv_2 rise edge)
                                                      0.000     0.000 r  <hidden>
    BUFGCTRL_X0Y16       BUFG                         0.000     0.000 r  external_clk_0_IBUF_BUFG_inst/O
                         net (fo=12426, routed)       0.624     0.624    i_platform/i_pll0/i_xilinx_clock_pll_0/inst/clk_in1
    MMCME2_ADV_X0Y0      MMCME2_ADV (Prop_mmcme2_adv_CLKIN1_CLKOUT2)
                                                     -1.296    -0.672 r  i_platform/i_pll0/i_xilinx_clock_pll_0/inst/mmcm_adv_inst/CLKOUT2
                         net (fo=1, routed)           0.648    -0.024    i_platform/i_pll0/i_xilinx_clock_pll_0/inst/clk_150000000_xilinx_clock_pll_0
    BUFGCTRL_X0Y2        BUFG (Prop_bufg_I_O)         0.026     0.002 r  i_platform/i_pll0/i_xilinx_clock_pll_0/inst/clkout3_buf/O
                         net (fo=1, routed)           0.564     0.566    i_platform/i_system_ddr/nolabel_line70/u_xilinx_ddr3_ctrl_axi32_mig/u_ddr3_infrastructure/mmcm_clk
    PLLE2_ADV_X1Y1       PLLE2_ADV (Prop_plle2_adv_CLKIN1_CLKOUT1)
                                                      0.050     0.616 r  i_platform/i_system_ddr/nolabel_line70/u_xilinx_ddr3_ctrl_axi32_mig/u_ddr3_infrastructure/plle2_i/CLKOUT1
                         net (fo=7, routed)           0.197     0.813    i_platform/i_system_ddr/nolabel_line70/u_xilinx_ddr3_ctrl_axi32_mig/u_memc_ui_top_axi/mem_intfc0/ddr_phy_top0/u_ddr_mc_phy_wrapper/u_ddr_mc_phy/ddr_phy_4lanes_0.u_ddr_phy_4lanes/ddr_byte_lane_C.ddr_byte_lane_C/mem_refclk
    PHASER_OUT_PHY_X1Y6  PHASER_OUT_PHY (Prop_phaser_out_phy_MEMREFCLK_OCLK)
                                                      2.259     3.072 r  i_platform/i_system_ddr/nolabel_line70/u_xilinx_ddr3_ctrl_axi32_mig/u_memc_ui_top_axi/mem_intfc0/ddr_phy_top0/u_ddr_mc_phy_wrapper/u_ddr_mc_phy/ddr_phy_4lanes_0.u_ddr_phy_4lanes/ddr_byte_lane_C.ddr_byte_lane_C/phaser_out/OCLK
    PHASER_OUT_PHY_X1Y6  PHASER_OUT_PHY (Prop_phaser_out_phy_OCLK_OCLKDIV)
                                                      0.083     3.155 r  i_platform/i_system_ddr/nolabel_line70/u_xilinx_ddr3_ctrl_axi32_mig/u_memc_ui_top_axi/mem_intfc0/ddr_phy_top0/u_ddr_mc_phy_wrapper/u_ddr_mc_phy/ddr_phy_4lanes_0.u_ddr_phy_4lanes/ddr_byte_lane_C.ddr_byte_lane_C/phaser_out/OCLKDIV
                         net (fo=11, routed)          0.000     3.155    i_platform/i_system_ddr/nolabel_line70/u_xilinx_ddr3_ctrl_axi32_mig/u_memc_ui_top_axi/mem_intfc0/ddr_phy_top0/u_ddr_mc_phy_wrapper/u_ddr_mc_phy/ddr_phy_4lanes_0.u_ddr_phy_4lanes/ddr_byte_lane_C.ddr_byte_lane_C/oserdes_clkdiv
    OUT_FIFO_X1Y6        OUT_FIFO                                     r  i_platform/i_system_ddr/nolabel_line70/u_xilinx_ddr3_ctrl_axi32_mig/u_memc_ui_top_axi/mem_intfc0/ddr_phy_top0/u_ddr_mc_phy_wrapper/u_ddr_mc_phy/ddr_phy_4lanes_0.u_ddr_phy_4lanes/ddr_byte_lane_C.ddr_byte_lane_C/out_fifo/RDCLK
  -------------------------------------------------------------------    -------------------
    OUT_FIFO_X1Y6        OUT_FIFO (Prop_out_fifo_RDCLK_Q2[1])
                                                      0.138     3.293 r  i_platform/i_system_ddr/nolabel_line70/u_xilinx_ddr3_ctrl_axi32_mig/u_memc_ui_top_axi/mem_intfc0/ddr_phy_top0/u_ddr_mc_phy_wrapper/u_ddr_mc_phy/ddr_phy_4lanes_0.u_ddr_phy_4lanes/ddr_byte_lane_C.ddr_byte_lane_C/out_fifo/Q2[1]
                         net (fo=1, routed)           0.150     3.443    i_platform/i_system_ddr/nolabel_line70/u_xilinx_ddr3_ctrl_axi32_mig/u_memc_ui_top_axi/mem_intfc0/ddr_phy_top0/u_ddr_mc_phy_wrapper/u_ddr_mc_phy/ddr_phy_4lanes_0.u_ddr_phy_4lanes/ddr_byte_lane_C.ddr_byte_lane_C/ddr_byte_group_io/of_dqbus[5]
    OLOGIC_X1Y77         OSERDESE2                                    r  i_platform/i_system_ddr/nolabel_line70/u_xilinx_ddr3_ctrl_axi32_mig/u_memc_ui_top_axi/mem_intfc0/ddr_phy_top0/u_ddr_mc_phy_wrapper/u_ddr_mc_phy/ddr_phy_4lanes_0.u_ddr_phy_4lanes/ddr_byte_lane_C.ddr_byte_lane_C/ddr_byte_group_io/output_[2].oserdes_dq_.ddr.oserdes_dq_i/D2
  -------------------------------------------------------------------    -------------------

                         (clock oserdes_clkdiv_2 rise edge)
                                                      0.000     0.000 r  <hidden>
    BUFGCTRL_X0Y16       BUFG                         0.000     0.000 r  external_clk_0_IBUF_BUFG_inst/O
                         net (fo=12426, routed)       0.898     0.898    i_platform/i_pll0/i_xilinx_clock_pll_0/inst/clk_in1
    MMCME2_ADV_X0Y0      MMCME2_ADV (Prop_mmcme2_adv_CLKIN1_CLKOUT2)
                                                     -1.625    -0.727 r  i_platform/i_pll0/i_xilinx_clock_pll_0/inst/mmcm_adv_inst/CLKOUT2
                         net (fo=1, routed)           0.700    -0.027    i_platform/i_pll0/i_xilinx_clock_pll_0/inst/clk_150000000_xilinx_clock_pll_0
    BUFGCTRL_X0Y2        BUFG (Prop_bufg_I_O)         0.029     0.002 r  i_platform/i_pll0/i_xilinx_clock_pll_0/inst/clkout3_buf/O
                         net (fo=1, routed)           0.833     0.835    i_platform/i_system_ddr/nolabel_line70/u_xilinx_ddr3_ctrl_axi32_mig/u_ddr3_infrastructure/mmcm_clk
    PLLE2_ADV_X1Y1       PLLE2_ADV (Prop_plle2_adv_CLKIN1_CLKOUT1)
                                                      0.053     0.888 r  i_platform/i_system_ddr/nolabel_line70/u_xilinx_ddr3_ctrl_axi32_mig/u_ddr3_infrastructure/plle2_i/CLKOUT1
                         net (fo=7, routed)           0.218     1.106    i_platform/i_system_ddr/nolabel_line70/u_xilinx_ddr3_ctrl_axi32_mig/u_memc_ui_top_axi/mem_intfc0/ddr_phy_top0/u_ddr_mc_phy_wrapper/u_ddr_mc_phy/ddr_phy_4lanes_0.u_ddr_phy_4lanes/ddr_byte_lane_C.ddr_byte_lane_C/mem_refclk
    PHASER_OUT_PHY_X1Y6  PHASER_OUT_PHY (Prop_phaser_out_phy_MEMREFCLK_OCLK)
                                                      2.310     3.416 r  i_platform/i_system_ddr/nolabel_line70/u_xilinx_ddr3_ctrl_axi32_mig/u_memc_ui_top_axi/mem_intfc0/ddr_phy_top0/u_ddr_mc_phy_wrapper/u_ddr_mc_phy/ddr_phy_4lanes_0.u_ddr_phy_4lanes/ddr_byte_lane_C.ddr_byte_lane_C/phaser_out/OCLK
    PHASER_OUT_PHY_X1Y6  PHASER_OUT_PHY (Prop_phaser_out_phy_OCLK_OCLKDIV)
                                                      0.088     3.504 r  i_platform/i_system_ddr/nolabel_line70/u_xilinx_ddr3_ctrl_axi32_mig/u_memc_ui_top_axi/mem_intfc0/ddr_phy_top0/u_ddr_mc_phy_wrapper/u_ddr_mc_phy/ddr_phy_4lanes_0.u_ddr_phy_4lanes/ddr_byte_lane_C.ddr_byte_lane_C/phaser_out/OCLKDIV
                         net (fo=11, routed)          0.177     3.681    i_platform/i_system_ddr/nolabel_line70/u_xilinx_ddr3_ctrl_axi32_mig/u_memc_ui_top_axi/mem_intfc0/ddr_phy_top0/u_ddr_mc_phy_wrapper/u_ddr_mc_phy/ddr_phy_4lanes_0.u_ddr_phy_4lanes/ddr_byte_lane_C.ddr_byte_lane_C/ddr_byte_group_io/oserdes_clkdiv
    OLOGIC_X1Y77         OSERDESE2                                    r  i_platform/i_system_ddr/nolabel_line70/u_xilinx_ddr3_ctrl_axi32_mig/u_memc_ui_top_axi/mem_intfc0/ddr_phy_top0/u_ddr_mc_phy_wrapper/u_ddr_mc_phy/ddr_phy_4lanes_0.u_ddr_phy_4lanes/ddr_byte_lane_C.ddr_byte_lane_C/ddr_byte_group_io/output_[2].oserdes_dq_.ddr.oserdes_dq_i/CLKDIV
                         clock pessimism             -0.349     3.332    <hidden>
    OLOGIC_X1Y77         OSERDESE2 (Hold_oserdese2_CLKDIV_D2)
                                                      0.019     3.351    i_platform/i_system_ddr/nolabel_line70/u_xilinx_ddr3_ctrl_axi32_mig/u_memc_ui_top_axi/mem_intfc0/ddr_phy_top0/u_ddr_mc_phy_wrapper/u_ddr_mc_phy/ddr_phy_4lanes_0.u_ddr_phy_4lanes/ddr_byte_lane_C.ddr_byte_lane_C/ddr_byte_group_io/output_[2].oserdes_dq_.ddr.oserdes_dq_i
  -------------------------------------------------------------------
                         required time                         -3.351    <hidden>
                         arrival time                           3.443    <hidden>
  -------------------------------------------------------------------
                         slack                                  0.092    <hidden>





Pulse Width Checks
--------------------------------------------------------------------------------------
Clock Name:         oserdes_clkdiv_2
Waveform(ns):       { 0.000 3.333 }
Period(ns):         6.667
Sources:            { i_platform/i_system_ddr/nolabel_line70/u_xilinx_ddr3_ctrl_axi32_mig/u_memc_ui_top_axi/mem_intfc0/ddr_phy_top0/u_ddr_mc_phy_wrapper/u_ddr_mc_phy/ddr_phy_4lanes_0.u_ddr_phy_4lanes/ddr_byte_lane_C.ddr_byte_lane_C/phaser_out/OCLKDIV }

Check Type        Corner  Lib Pin         Reference Pin  Required(ns)  Actual(ns)  Slack(ns)  Location       Pin
Min Period        n/a     OUT_FIFO/RDCLK  n/a            5.000         6.667       1.667      OUT_FIFO_X1Y6  i_platform/i_system_ddr/nolabel_line70/u_xilinx_ddr3_ctrl_axi32_mig/u_memc_ui_top_axi/mem_intfc0/ddr_phy_top0/u_ddr_mc_phy_wrapper/u_ddr_mc_phy/ddr_phy_4lanes_0.u_ddr_phy_4lanes/ddr_byte_lane_C.ddr_byte_lane_C/out_fifo/RDCLK
Low Pulse Width   Slow    OUT_FIFO/RDCLK  n/a            2.150         3.333       1.183      OUT_FIFO_X1Y6  i_platform/i_system_ddr/nolabel_line70/u_xilinx_ddr3_ctrl_axi32_mig/u_memc_ui_top_axi/mem_intfc0/ddr_phy_top0/u_ddr_mc_phy_wrapper/u_ddr_mc_phy/ddr_phy_4lanes_0.u_ddr_phy_4lanes/ddr_byte_lane_C.ddr_byte_lane_C/out_fifo/RDCLK
High Pulse Width  Slow    OUT_FIFO/RDCLK  n/a            2.150         3.333       1.183      OUT_FIFO_X1Y6  i_platform/i_system_ddr/nolabel_line70/u_xilinx_ddr3_ctrl_axi32_mig/u_memc_ui_top_axi/mem_intfc0/ddr_phy_top0/u_ddr_mc_phy_wrapper/u_ddr_mc_phy/ddr_phy_4lanes_0.u_ddr_phy_4lanes/ddr_byte_lane_C.ddr_byte_lane_C/out_fifo/RDCLK



---------------------------------------------------------------------------------------------------
From Clock:  oserdes_clk_3
  To Clock:  oserdes_clk_3

Setup :            0  Failing Endpoints,  Worst Slack        1.769ns,  Total Violation        0.000ns
Hold  :            0  Failing Endpoints,  Worst Slack        0.408ns,  Total Violation        0.000ns
PW    :            0  Failing Endpoints,  Worst Slack        1.666ns,  Total Violation        0.000ns
---------------------------------------------------------------------------------------------------


Max Delay Paths
--------------------------------------------------------------------------------------
Slack (MET) :             1.769ns  (required time - arrival time)
  Source:                 i_platform/i_system_ddr/nolabel_line70/u_xilinx_ddr3_ctrl_axi32_mig/u_memc_ui_top_axi/mem_intfc0/ddr_phy_top0/u_ddr_mc_phy_wrapper/u_ddr_mc_phy/ddr_phy_4lanes_0.u_ddr_phy_4lanes/ddr_byte_lane_D.ddr_byte_lane_D/phaser_out/OCLKDELAYED
                            (rising edge-triggered cell PHASER_OUT_PHY clocked by oserdes_clk_3  {rise@0.000ns fall@1.667ns period=3.333ns})
  Destination:            i_platform/i_system_ddr/nolabel_line70/u_xilinx_ddr3_ctrl_axi32_mig/u_memc_ui_top_axi/mem_intfc0/ddr_phy_top0/u_ddr_mc_phy_wrapper/u_ddr_mc_phy/ddr_phy_4lanes_0.u_ddr_phy_4lanes/ddr_byte_lane_D.ddr_byte_lane_D/ddr_byte_group_io/dqs_gen.oddr_dqsts/D1
                            (rising edge-triggered cell ODDR clocked by oserdes_clk_3  {rise@0.000ns fall@1.667ns period=3.333ns})
  Path Group:             oserdes_clk_3
  Path Type:              Setup (Max at Slow Process Corner)
  Requirement:            3.333ns  (oserdes_clk_3 rise@3.333ns - oserdes_clk_3 rise@0.000ns)
  Data Path Delay:        1.037ns  (logic 0.562ns (54.177%)  route 0.475ns (45.823%))
  Logic Levels:           0  
  Clock Path Skew:        0.416ns (DCD - SCD + CPR)
    Destination Clock Delay (DCD):    5.960ns = ( 9.294 - 3.333 ) 
    Source Clock Delay      (SCD):    5.817ns
    Clock Pessimism Removal (CPR):    0.273ns
  Clock Uncertainty:      0.058ns  ((TSJ^2 + DJ^2)^1/2) / 2 + PE
    Total System Jitter     (TSJ):    0.071ns
    Discrete Jitter          (DJ):    0.091ns
    Phase Error              (PE):    0.000ns

    Location             Delay type                Incr(ns)  Path(ns)    Netlist Resource(s)
  -------------------------------------------------------------------    -------------------
                         (clock oserdes_clk_3 rise edge)
                                                      0.000     0.000 r  <hidden>
    BUFGCTRL_X0Y16       BUFG                         0.000     0.000 r  external_clk_0_IBUF_BUFG_inst/O
                         net (fo=12426, routed)       1.809     1.809    i_platform/i_pll0/i_xilinx_clock_pll_0/inst/clk_in1
    MMCME2_ADV_X0Y0      MMCME2_ADV (Prop_mmcme2_adv_CLKIN1_CLKOUT2)
                                                     -3.922    -2.112 r  i_platform/i_pll0/i_xilinx_clock_pll_0/inst/mmcm_adv_inst/CLKOUT2
                         net (fo=1, routed)           2.018    -0.094    i_platform/i_pll0/i_xilinx_clock_pll_0/inst/clk_150000000_xilinx_clock_pll_0
    BUFGCTRL_X0Y2        BUFG (Prop_bufg_I_O)         0.096     0.002 r  i_platform/i_pll0/i_xilinx_clock_pll_0/inst/clkout3_buf/O
                         net (fo=1, routed)           1.664     1.666    i_platform/i_system_ddr/nolabel_line70/u_xilinx_ddr3_ctrl_axi32_mig/u_ddr3_infrastructure/mmcm_clk
    PLLE2_ADV_X1Y1       PLLE2_ADV (Prop_plle2_adv_CLKIN1_CLKOUT1)
                                                      0.088     1.754 r  i_platform/i_system_ddr/nolabel_line70/u_xilinx_ddr3_ctrl_axi32_mig/u_ddr3_infrastructure/plle2_i/CLKOUT1
                         net (fo=7, routed)           0.603     2.357    i_platform/i_system_ddr/nolabel_line70/u_xilinx_ddr3_ctrl_axi32_mig/u_memc_ui_top_axi/mem_intfc0/ddr_phy_top0/u_ddr_mc_phy_wrapper/u_ddr_mc_phy/ddr_phy_4lanes_0.u_ddr_phy_4lanes/ddr_byte_lane_D.ddr_byte_lane_D/mem_refclk
    PHASER_OUT_PHY_X1Y7  PHASER_OUT_PHY (Prop_phaser_out_phy_MEMREFCLK_OCLK)
                                                      2.613     4.970 r  i_platform/i_system_ddr/nolabel_line70/u_xilinx_ddr3_ctrl_axi32_mig/u_memc_ui_top_axi/mem_intfc0/ddr_phy_top0/u_ddr_mc_phy_wrapper/u_ddr_mc_phy/ddr_phy_4lanes_0.u_ddr_phy_4lanes/ddr_byte_lane_D.ddr_byte_lane_D/phaser_out/OCLK
    PHASER_OUT_PHY_X1Y7  PHASER_OUT_PHY (Prop_phaser_out_phy_OCLK_OCLKDELAYED)
                                                      0.847     5.817 r  i_platform/i_system_ddr/nolabel_line70/u_xilinx_ddr3_ctrl_axi32_mig/u_memc_ui_top_axi/mem_intfc0/ddr_phy_top0/u_ddr_mc_phy_wrapper/u_ddr_mc_phy/ddr_phy_4lanes_0.u_ddr_phy_4lanes/ddr_byte_lane_D.ddr_byte_lane_D/phaser_out/OCLKDELAYED
  -------------------------------------------------------------------    -------------------
    PHASER_OUT_PHY_X1Y7  PHASER_OUT_PHY (Prop_phaser_out_phy_OCLKDELAYED_CTSBUS[0])
                                                      0.562     6.379 r  i_platform/i_system_ddr/nolabel_line70/u_xilinx_ddr3_ctrl_axi32_mig/u_memc_ui_top_axi/mem_intfc0/ddr_phy_top0/u_ddr_mc_phy_wrapper/u_ddr_mc_phy/ddr_phy_4lanes_0.u_ddr_phy_4lanes/ddr_byte_lane_D.ddr_byte_lane_D/phaser_out/CTSBUS[0]
                         net (fo=2, routed)           0.475     6.854    i_platform/i_system_ddr/nolabel_line70/u_xilinx_ddr3_ctrl_axi32_mig/u_memc_ui_top_axi/mem_intfc0/ddr_phy_top0/u_ddr_mc_phy_wrapper/u_ddr_mc_phy/ddr_phy_4lanes_0.u_ddr_phy_4lanes/ddr_byte_lane_D.ddr_byte_lane_D/ddr_byte_group_io/CTSBUS[0]
    OLOGIC_X1Y94         ODDR                                         r  i_platform/i_system_ddr/nolabel_line70/u_xilinx_ddr3_ctrl_axi32_mig/u_memc_ui_top_axi/mem_intfc0/ddr_phy_top0/u_ddr_mc_phy_wrapper/u_ddr_mc_phy/ddr_phy_4lanes_0.u_ddr_phy_4lanes/ddr_byte_lane_D.ddr_byte_lane_D/ddr_byte_group_io/dqs_gen.oddr_dqsts/D1
  -------------------------------------------------------------------    -------------------

                         (clock oserdes_clk_3 rise edge)
                                                      3.333     3.333 r  <hidden>
    BUFGCTRL_X0Y16       BUFG                         0.000     3.333 r  external_clk_0_IBUF_BUFG_inst/O
                         net (fo=12426, routed)       1.683     5.016    i_platform/i_pll0/i_xilinx_clock_pll_0/inst/clk_in1
    MMCME2_ADV_X0Y0      MMCME2_ADV (Prop_mmcme2_adv_CLKIN1_CLKOUT2)
                                                     -3.694     1.322 r  i_platform/i_pll0/i_xilinx_clock_pll_0/inst/mmcm_adv_inst/CLKOUT2
                         net (fo=1, routed)           1.923     3.245    i_platform/i_pll0/i_xilinx_clock_pll_0/inst/clk_150000000_xilinx_clock_pll_0
    BUFGCTRL_X0Y2        BUFG (Prop_bufg_I_O)         0.091     3.336 r  i_platform/i_pll0/i_xilinx_clock_pll_0/inst/clkout3_buf/O
                         net (fo=1, routed)           1.541     4.878    i_platform/i_system_ddr/nolabel_line70/u_xilinx_ddr3_ctrl_axi32_mig/u_ddr3_infrastructure/mmcm_clk
    PLLE2_ADV_X1Y1       PLLE2_ADV (Prop_plle2_adv_CLKIN1_CLKOUT1)
                                                      0.083     4.961 r  i_platform/i_system_ddr/nolabel_line70/u_xilinx_ddr3_ctrl_axi32_mig/u_ddr3_infrastructure/plle2_i/CLKOUT1
                         net (fo=7, routed)           0.572     5.533    i_platform/i_system_ddr/nolabel_line70/u_xilinx_ddr3_ctrl_axi32_mig/u_memc_ui_top_axi/mem_intfc0/ddr_phy_top0/u_ddr_mc_phy_wrapper/u_ddr_mc_phy/ddr_phy_4lanes_0.u_ddr_phy_4lanes/ddr_byte_lane_D.ddr_byte_lane_D/mem_refclk
    PHASER_OUT_PHY_X1Y7  PHASER_OUT_PHY (Prop_phaser_out_phy_MEMREFCLK_OCLK)
                                                      2.547     8.080 r  i_platform/i_system_ddr/nolabel_line70/u_xilinx_ddr3_ctrl_axi32_mig/u_memc_ui_top_axi/mem_intfc0/ddr_phy_top0/u_ddr_mc_phy_wrapper/u_ddr_mc_phy/ddr_phy_4lanes_0.u_ddr_phy_4lanes/ddr_byte_lane_D.ddr_byte_lane_D/phaser_out/OCLK
    PHASER_OUT_PHY_X1Y7  PHASER_OUT_PHY (Prop_phaser_out_phy_OCLK_OCLKDELAYED)
                                                      0.798     8.878 r  i_platform/i_system_ddr/nolabel_line70/u_xilinx_ddr3_ctrl_axi32_mig/u_memc_ui_top_axi/mem_intfc0/ddr_phy_top0/u_ddr_mc_phy_wrapper/u_ddr_mc_phy/ddr_phy_4lanes_0.u_ddr_phy_4lanes/ddr_byte_lane_D.ddr_byte_lane_D/phaser_out/OCLKDELAYED
                         net (fo=2, routed)           0.416     9.294    i_platform/i_system_ddr/nolabel_line70/u_xilinx_ddr3_ctrl_axi32_mig/u_memc_ui_top_axi/mem_intfc0/ddr_phy_top0/u_ddr_mc_phy_wrapper/u_ddr_mc_phy/ddr_phy_4lanes_0.u_ddr_phy_4lanes/ddr_byte_lane_D.ddr_byte_lane_D/ddr_byte_group_io/oserdes_clk_delayed
    OLOGIC_X1Y94         ODDR                                         r  i_platform/i_system_ddr/nolabel_line70/u_xilinx_ddr3_ctrl_axi32_mig/u_memc_ui_top_axi/mem_intfc0/ddr_phy_top0/u_ddr_mc_phy_wrapper/u_ddr_mc_phy/ddr_phy_4lanes_0.u_ddr_phy_4lanes/ddr_byte_lane_D.ddr_byte_lane_D/ddr_byte_group_io/dqs_gen.oddr_dqsts/C
                         clock pessimism              0.273     9.566    <hidden>
                         clock uncertainty           -0.058     9.509    <hidden>
    OLOGIC_X1Y94         ODDR (Setup_oddr_C_D1)      -0.885     8.624    i_platform/i_system_ddr/nolabel_line70/u_xilinx_ddr3_ctrl_axi32_mig/u_memc_ui_top_axi/mem_intfc0/ddr_phy_top0/u_ddr_mc_phy_wrapper/u_ddr_mc_phy/ddr_phy_4lanes_0.u_ddr_phy_4lanes/ddr_byte_lane_D.ddr_byte_lane_D/ddr_byte_group_io/dqs_gen.oddr_dqsts
  -------------------------------------------------------------------
                         required time                          8.624    <hidden>
                         arrival time                          -6.854    <hidden>
  -------------------------------------------------------------------
                         slack                                  1.769    <hidden>





Min Delay Paths
--------------------------------------------------------------------------------------
Slack (MET) :             0.408ns  (arrival time - required time)
  Source:                 i_platform/i_system_ddr/nolabel_line70/u_xilinx_ddr3_ctrl_axi32_mig/u_memc_ui_top_axi/mem_intfc0/ddr_phy_top0/u_ddr_mc_phy_wrapper/u_ddr_mc_phy/ddr_phy_4lanes_0.u_ddr_phy_4lanes/ddr_byte_lane_D.ddr_byte_lane_D/phaser_out/OCLKDELAYED
                            (rising edge-triggered cell PHASER_OUT_PHY clocked by oserdes_clk_3  {rise@0.000ns fall@1.667ns period=3.333ns})
  Destination:            i_platform/i_system_ddr/nolabel_line70/u_xilinx_ddr3_ctrl_axi32_mig/u_memc_ui_top_axi/mem_intfc0/ddr_phy_top0/u_ddr_mc_phy_wrapper/u_ddr_mc_phy/ddr_phy_4lanes_0.u_ddr_phy_4lanes/ddr_byte_lane_D.ddr_byte_lane_D/ddr_byte_group_io/dqs_gen.oddr_dqs/D2
                            (rising edge-triggered cell ODDR clocked by oserdes_clk_3  {rise@0.000ns fall@1.667ns period=3.333ns})
  Path Group:             oserdes_clk_3
  Path Type:              Hold (Min at Fast Process Corner)
  Requirement:            0.000ns  (oserdes_clk_3 rise@0.000ns - oserdes_clk_3 rise@0.000ns)
  Data Path Delay:        0.496ns  (logic 0.346ns (69.715%)  route 0.150ns (30.285%))
  Logic Levels:           0  
  Clock Path Skew:        0.181ns (DCD - SCD - CPR)
    Destination Clock Delay (DCD):    4.316ns
    Source Clock Delay      (SCD):    3.750ns
    Clock Pessimism Removal (CPR):    0.385ns

    Location             Delay type                Incr(ns)  Path(ns)    Netlist Resource(s)
  -------------------------------------------------------------------    -------------------
                         (clock oserdes_clk_3 rise edge)
                                                      0.000     0.000 r  <hidden>
    BUFGCTRL_X0Y16       BUFG                         0.000     0.000 r  external_clk_0_IBUF_BUFG_inst/O
                         net (fo=12426, routed)       0.624     0.624    i_platform/i_pll0/i_xilinx_clock_pll_0/inst/clk_in1
    MMCME2_ADV_X0Y0      MMCME2_ADV (Prop_mmcme2_adv_CLKIN1_CLKOUT2)
                                                     -1.296    -0.672 r  i_platform/i_pll0/i_xilinx_clock_pll_0/inst/mmcm_adv_inst/CLKOUT2
                         net (fo=1, routed)           0.648    -0.024    i_platform/i_pll0/i_xilinx_clock_pll_0/inst/clk_150000000_xilinx_clock_pll_0
    BUFGCTRL_X0Y2        BUFG (Prop_bufg_I_O)         0.026     0.002 r  i_platform/i_pll0/i_xilinx_clock_pll_0/inst/clkout3_buf/O
                         net (fo=1, routed)           0.564     0.566    i_platform/i_system_ddr/nolabel_line70/u_xilinx_ddr3_ctrl_axi32_mig/u_ddr3_infrastructure/mmcm_clk
    PLLE2_ADV_X1Y1       PLLE2_ADV (Prop_plle2_adv_CLKIN1_CLKOUT1)
                                                      0.050     0.616 r  i_platform/i_system_ddr/nolabel_line70/u_xilinx_ddr3_ctrl_axi32_mig/u_ddr3_infrastructure/plle2_i/CLKOUT1
                         net (fo=7, routed)           0.190     0.806    i_platform/i_system_ddr/nolabel_line70/u_xilinx_ddr3_ctrl_axi32_mig/u_memc_ui_top_axi/mem_intfc0/ddr_phy_top0/u_ddr_mc_phy_wrapper/u_ddr_mc_phy/ddr_phy_4lanes_0.u_ddr_phy_4lanes/ddr_byte_lane_D.ddr_byte_lane_D/mem_refclk
    PHASER_OUT_PHY_X1Y7  PHASER_OUT_PHY (Prop_phaser_out_phy_MEMREFCLK_OCLK)
                                                      2.259     3.065 r  i_platform/i_system_ddr/nolabel_line70/u_xilinx_ddr3_ctrl_axi32_mig/u_memc_ui_top_axi/mem_intfc0/ddr_phy_top0/u_ddr_mc_phy_wrapper/u_ddr_mc_phy/ddr_phy_4lanes_0.u_ddr_phy_4lanes/ddr_byte_lane_D.ddr_byte_lane_D/phaser_out/OCLK
    PHASER_OUT_PHY_X1Y7  PHASER_OUT_PHY (Prop_phaser_out_phy_OCLK_OCLKDELAYED)
                                                      0.685     3.750 r  i_platform/i_system_ddr/nolabel_line70/u_xilinx_ddr3_ctrl_axi32_mig/u_memc_ui_top_axi/mem_intfc0/ddr_phy_top0/u_ddr_mc_phy_wrapper/u_ddr_mc_phy/ddr_phy_4lanes_0.u_ddr_phy_4lanes/ddr_byte_lane_D.ddr_byte_lane_D/phaser_out/OCLKDELAYED
  -------------------------------------------------------------------    -------------------
    PHASER_OUT_PHY_X1Y7  PHASER_OUT_PHY (Prop_phaser_out_phy_OCLKDELAYED_DQSBUS[1])
                                                      0.346     4.096 r  i_platform/i_system_ddr/nolabel_line70/u_xilinx_ddr3_ctrl_axi32_mig/u_memc_ui_top_axi/mem_intfc0/ddr_phy_top0/u_ddr_mc_phy_wrapper/u_ddr_mc_phy/ddr_phy_4lanes_0.u_ddr_phy_4lanes/ddr_byte_lane_D.ddr_byte_lane_D/phaser_out/DQSBUS[1]
                         net (fo=1, routed)           0.150     4.246    i_platform/i_system_ddr/nolabel_line70/u_xilinx_ddr3_ctrl_axi32_mig/u_memc_ui_top_axi/mem_intfc0/ddr_phy_top0/u_ddr_mc_phy_wrapper/u_ddr_mc_phy/ddr_phy_4lanes_0.u_ddr_phy_4lanes/ddr_byte_lane_D.ddr_byte_lane_D/ddr_byte_group_io/DQSBUS[1]
    OLOGIC_X1Y94         ODDR                                         r  i_platform/i_system_ddr/nolabel_line70/u_xilinx_ddr3_ctrl_axi32_mig/u_memc_ui_top_axi/mem_intfc0/ddr_phy_top0/u_ddr_mc_phy_wrapper/u_ddr_mc_phy/ddr_phy_4lanes_0.u_ddr_phy_4lanes/ddr_byte_lane_D.ddr_byte_lane_D/ddr_byte_group_io/dqs_gen.oddr_dqs/D2
  -------------------------------------------------------------------    -------------------

                         (clock oserdes_clk_3 rise edge)
                                                      0.000     0.000 r  <hidden>
    BUFGCTRL_X0Y16       BUFG                         0.000     0.000 r  external_clk_0_IBUF_BUFG_inst/O
                         net (fo=12426, routed)       0.898     0.898    i_platform/i_pll0/i_xilinx_clock_pll_0/inst/clk_in1
    MMCME2_ADV_X0Y0      MMCME2_ADV (Prop_mmcme2_adv_CLKIN1_CLKOUT2)
                                                     -1.625    -0.727 r  i_platform/i_pll0/i_xilinx_clock_pll_0/inst/mmcm_adv_inst/CLKOUT2
                         net (fo=1, routed)           0.700    -0.027    i_platform/i_pll0/i_xilinx_clock_pll_0/inst/clk_150000000_xilinx_clock_pll_0
    BUFGCTRL_X0Y2        BUFG (Prop_bufg_I_O)         0.029     0.002 r  i_platform/i_pll0/i_xilinx_clock_pll_0/inst/clkout3_buf/O
                         net (fo=1, routed)           0.833     0.835    i_platform/i_system_ddr/nolabel_line70/u_xilinx_ddr3_ctrl_axi32_mig/u_ddr3_infrastructure/mmcm_clk
    PLLE2_ADV_X1Y1       PLLE2_ADV (Prop_plle2_adv_CLKIN1_CLKOUT1)
                                                      0.053     0.888 r  i_platform/i_system_ddr/nolabel_line70/u_xilinx_ddr3_ctrl_axi32_mig/u_ddr3_infrastructure/plle2_i/CLKOUT1
                         net (fo=7, routed)           0.209     1.097    i_platform/i_system_ddr/nolabel_line70/u_xilinx_ddr3_ctrl_axi32_mig/u_memc_ui_top_axi/mem_intfc0/ddr_phy_top0/u_ddr_mc_phy_wrapper/u_ddr_mc_phy/ddr_phy_4lanes_0.u_ddr_phy_4lanes/ddr_byte_lane_D.ddr_byte_lane_D/mem_refclk
    PHASER_OUT_PHY_X1Y7  PHASER_OUT_PHY (Prop_phaser_out_phy_MEMREFCLK_OCLK)
                                                      2.310     3.407 r  i_platform/i_system_ddr/nolabel_line70/u_xilinx_ddr3_ctrl_axi32_mig/u_memc_ui_top_axi/mem_intfc0/ddr_phy_top0/u_ddr_mc_phy_wrapper/u_ddr_mc_phy/ddr_phy_4lanes_0.u_ddr_phy_4lanes/ddr_byte_lane_D.ddr_byte_lane_D/phaser_out/OCLK
    PHASER_OUT_PHY_X1Y7  PHASER_OUT_PHY (Prop_phaser_out_phy_OCLK_OCLKDELAYED)
                                                      0.728     4.135 r  i_platform/i_system_ddr/nolabel_line70/u_xilinx_ddr3_ctrl_axi32_mig/u_memc_ui_top_axi/mem_intfc0/ddr_phy_top0/u_ddr_mc_phy_wrapper/u_ddr_mc_phy/ddr_phy_4lanes_0.u_ddr_phy_4lanes/ddr_byte_lane_D.ddr_byte_lane_D/phaser_out/OCLKDELAYED
                         net (fo=2, routed)           0.181     4.316    i_platform/i_system_ddr/nolabel_line70/u_xilinx_ddr3_ctrl_axi32_mig/u_memc_ui_top_axi/mem_intfc0/ddr_phy_top0/u_ddr_mc_phy_wrapper/u_ddr_mc_phy/ddr_phy_4lanes_0.u_ddr_phy_4lanes/ddr_byte_lane_D.ddr_byte_lane_D/ddr_byte_group_io/oserdes_clk_delayed
    OLOGIC_X1Y94         ODDR                                         r  i_platform/i_system_ddr/nolabel_line70/u_xilinx_ddr3_ctrl_axi32_mig/u_memc_ui_top_axi/mem_intfc0/ddr_phy_top0/u_ddr_mc_phy_wrapper/u_ddr_mc_phy/ddr_phy_4lanes_0.u_ddr_phy_4lanes/ddr_byte_lane_D.ddr_byte_lane_D/ddr_byte_group_io/dqs_gen.oddr_dqs/C
                         clock pessimism             -0.385     3.931    <hidden>
    OLOGIC_X1Y94         ODDR (Hold_oddr_C_D2)       -0.093     3.838    i_platform/i_system_ddr/nolabel_line70/u_xilinx_ddr3_ctrl_axi32_mig/u_memc_ui_top_axi/mem_intfc0/ddr_phy_top0/u_ddr_mc_phy_wrapper/u_ddr_mc_phy/ddr_phy_4lanes_0.u_ddr_phy_4lanes/ddr_byte_lane_D.ddr_byte_lane_D/ddr_byte_group_io/dqs_gen.oddr_dqs
  -------------------------------------------------------------------
                         required time                         -3.838    <hidden>
                         arrival time                           4.246    <hidden>
  -------------------------------------------------------------------
                         slack                                  0.408    <hidden>





Pulse Width Checks
--------------------------------------------------------------------------------------
Clock Name:         oserdes_clk_3
Waveform(ns):       { 0.000 1.667 }
Period(ns):         3.333
Sources:            { i_platform/i_system_ddr/nolabel_line70/u_xilinx_ddr3_ctrl_axi32_mig/u_memc_ui_top_axi/mem_intfc0/ddr_phy_top0/u_ddr_mc_phy_wrapper/u_ddr_mc_phy/ddr_phy_4lanes_0.u_ddr_phy_4lanes/ddr_byte_lane_D.ddr_byte_lane_D/phaser_out/OCLK }

Check Type  Corner  Lib Pin        Reference Pin  Required(ns)  Actual(ns)  Slack(ns)  Location      Pin
Min Period  n/a     OSERDESE2/CLK  n/a            1.667         3.333       1.666      OLOGIC_X1Y88  i_platform/i_system_ddr/nolabel_line70/u_xilinx_ddr3_ctrl_axi32_mig/u_memc_ui_top_axi/mem_intfc0/ddr_phy_top0/u_ddr_mc_phy_wrapper/u_ddr_mc_phy/ddr_phy_4lanes_0.u_ddr_phy_4lanes/ddr_byte_lane_D.ddr_byte_lane_D/ddr_byte_group_io/output_[1].oserdes_dq_.ddr.oserdes_dq_i/CLK



---------------------------------------------------------------------------------------------------
From Clock:  oserdes_clkdiv_3
  To Clock:  oserdes_clkdiv_3

Setup :            0  Failing Endpoints,  Worst Slack        5.261ns,  Total Violation        0.000ns
Hold  :            0  Failing Endpoints,  Worst Slack        0.086ns,  Total Violation        0.000ns
PW    :            0  Failing Endpoints,  Worst Slack        1.183ns,  Total Violation        0.000ns
---------------------------------------------------------------------------------------------------


Max Delay Paths
--------------------------------------------------------------------------------------
Slack (MET) :             5.261ns  (required time - arrival time)
  Source:                 i_platform/i_system_ddr/nolabel_line70/u_xilinx_ddr3_ctrl_axi32_mig/u_memc_ui_top_axi/mem_intfc0/ddr_phy_top0/u_ddr_mc_phy_wrapper/u_ddr_mc_phy/ddr_phy_4lanes_0.u_ddr_phy_4lanes/ddr_byte_lane_D.ddr_byte_lane_D/out_fifo/RDCLK
                            (rising edge-triggered cell OUT_FIFO clocked by oserdes_clkdiv_3  {rise@0.000ns fall@3.333ns period=6.667ns})
  Destination:            i_platform/i_system_ddr/nolabel_line70/u_xilinx_ddr3_ctrl_axi32_mig/u_memc_ui_top_axi/mem_intfc0/ddr_phy_top0/u_ddr_mc_phy_wrapper/u_ddr_mc_phy/ddr_phy_4lanes_0.u_ddr_phy_4lanes/ddr_byte_lane_D.ddr_byte_lane_D/ddr_byte_group_io/output_[6].oserdes_dq_.ddr.oserdes_dq_i/D1
                            (rising edge-triggered cell OSERDESE2 clocked by oserdes_clkdiv_3  {rise@0.000ns fall@3.333ns period=6.667ns})
  Path Group:             oserdes_clkdiv_3
  Path Type:              Setup (Max at Slow Process Corner)
  Requirement:            6.667ns  (oserdes_clkdiv_3 rise@6.667ns - oserdes_clkdiv_3 rise@0.000ns)
  Data Path Delay:        1.142ns  (logic 0.674ns (59.004%)  route 0.468ns (40.997%))
  Logic Levels:           0  
  Clock Path Skew:        0.419ns (DCD - SCD + CPR)
    Destination Clock Delay (DCD):    5.313ns = ( 11.980 - 6.667 ) 
    Source Clock Delay      (SCD):    5.127ns
    Clock Pessimism Removal (CPR):    0.233ns
  Clock Uncertainty:      0.058ns  ((TSJ^2 + DJ^2)^1/2) / 2 + PE
    Total System Jitter     (TSJ):    0.071ns
    Discrete Jitter          (DJ):    0.091ns
    Phase Error              (PE):    0.000ns

    Location             Delay type                Incr(ns)  Path(ns)    Netlist Resource(s)
  -------------------------------------------------------------------    -------------------
                         (clock oserdes_clkdiv_3 rise edge)
                                                      0.000     0.000 r  <hidden>
    BUFGCTRL_X0Y16       BUFG                         0.000     0.000 r  external_clk_0_IBUF_BUFG_inst/O
                         net (fo=12426, routed)       1.809     1.809    i_platform/i_pll0/i_xilinx_clock_pll_0/inst/clk_in1
    MMCME2_ADV_X0Y0      MMCME2_ADV (Prop_mmcme2_adv_CLKIN1_CLKOUT2)
                                                     -3.922    -2.112 r  i_platform/i_pll0/i_xilinx_clock_pll_0/inst/mmcm_adv_inst/CLKOUT2
                         net (fo=1, routed)           2.018    -0.094    i_platform/i_pll0/i_xilinx_clock_pll_0/inst/clk_150000000_xilinx_clock_pll_0
    BUFGCTRL_X0Y2        BUFG (Prop_bufg_I_O)         0.096     0.002 r  i_platform/i_pll0/i_xilinx_clock_pll_0/inst/clkout3_buf/O
                         net (fo=1, routed)           1.664     1.666    i_platform/i_system_ddr/nolabel_line70/u_xilinx_ddr3_ctrl_axi32_mig/u_ddr3_infrastructure/mmcm_clk
    PLLE2_ADV_X1Y1       PLLE2_ADV (Prop_plle2_adv_CLKIN1_CLKOUT1)
                                                      0.088     1.754 r  i_platform/i_system_ddr/nolabel_line70/u_xilinx_ddr3_ctrl_axi32_mig/u_ddr3_infrastructure/plle2_i/CLKOUT1
                         net (fo=7, routed)           0.603     2.357    i_platform/i_system_ddr/nolabel_line70/u_xilinx_ddr3_ctrl_axi32_mig/u_memc_ui_top_axi/mem_intfc0/ddr_phy_top0/u_ddr_mc_phy_wrapper/u_ddr_mc_phy/ddr_phy_4lanes_0.u_ddr_phy_4lanes/ddr_byte_lane_D.ddr_byte_lane_D/mem_refclk
    PHASER_OUT_PHY_X1Y7  PHASER_OUT_PHY (Prop_phaser_out_phy_MEMREFCLK_OCLK)
                                                      2.613     4.970 r  i_platform/i_system_ddr/nolabel_line70/u_xilinx_ddr3_ctrl_axi32_mig/u_memc_ui_top_axi/mem_intfc0/ddr_phy_top0/u_ddr_mc_phy_wrapper/u_ddr_mc_phy/ddr_phy_4lanes_0.u_ddr_phy_4lanes/ddr_byte_lane_D.ddr_byte_lane_D/phaser_out/OCLK
    PHASER_OUT_PHY_X1Y7  PHASER_OUT_PHY (Prop_phaser_out_phy_OCLK_OCLKDIV)
                                                      0.157     5.127 r  i_platform/i_system_ddr/nolabel_line70/u_xilinx_ddr3_ctrl_axi32_mig/u_memc_ui_top_axi/mem_intfc0/ddr_phy_top0/u_ddr_mc_phy_wrapper/u_ddr_mc_phy/ddr_phy_4lanes_0.u_ddr_phy_4lanes/ddr_byte_lane_D.ddr_byte_lane_D/phaser_out/OCLKDIV
                         net (fo=11, routed)          0.000     5.127    i_platform/i_system_ddr/nolabel_line70/u_xilinx_ddr3_ctrl_axi32_mig/u_memc_ui_top_axi/mem_intfc0/ddr_phy_top0/u_ddr_mc_phy_wrapper/u_ddr_mc_phy/ddr_phy_4lanes_0.u_ddr_phy_4lanes/ddr_byte_lane_D.ddr_byte_lane_D/oserdes_clkdiv
    OUT_FIFO_X1Y7        OUT_FIFO                                     r  i_platform/i_system_ddr/nolabel_line70/u_xilinx_ddr3_ctrl_axi32_mig/u_memc_ui_top_axi/mem_intfc0/ddr_phy_top0/u_ddr_mc_phy_wrapper/u_ddr_mc_phy/ddr_phy_4lanes_0.u_ddr_phy_4lanes/ddr_byte_lane_D.ddr_byte_lane_D/out_fifo/RDCLK
  -------------------------------------------------------------------    -------------------
    OUT_FIFO_X1Y7        OUT_FIFO (Prop_out_fifo_RDCLK_Q6[0])
                                                      0.674     5.801 r  i_platform/i_system_ddr/nolabel_line70/u_xilinx_ddr3_ctrl_axi32_mig/u_memc_ui_top_axi/mem_intfc0/ddr_phy_top0/u_ddr_mc_phy_wrapper/u_ddr_mc_phy/ddr_phy_4lanes_0.u_ddr_phy_4lanes/ddr_byte_lane_D.ddr_byte_lane_D/out_fifo/Q6[0]
                         net (fo=1, routed)           0.468     6.270    i_platform/i_system_ddr/nolabel_line70/u_xilinx_ddr3_ctrl_axi32_mig/u_memc_ui_top_axi/mem_intfc0/ddr_phy_top0/u_ddr_mc_phy_wrapper/u_ddr_mc_phy/ddr_phy_4lanes_0.u_ddr_phy_4lanes/ddr_byte_lane_D.ddr_byte_lane_D/ddr_byte_group_io/of_dqbus[20]
    OLOGIC_X1Y95         OSERDESE2                                    r  i_platform/i_system_ddr/nolabel_line70/u_xilinx_ddr3_ctrl_axi32_mig/u_memc_ui_top_axi/mem_intfc0/ddr_phy_top0/u_ddr_mc_phy_wrapper/u_ddr_mc_phy/ddr_phy_4lanes_0.u_ddr_phy_4lanes/ddr_byte_lane_D.ddr_byte_lane_D/ddr_byte_group_io/output_[6].oserdes_dq_.ddr.oserdes_dq_i/D1
  -------------------------------------------------------------------    -------------------

                         (clock oserdes_clkdiv_3 rise edge)
                                                      6.667     6.667 r  <hidden>
    BUFGCTRL_X0Y16       BUFG                         0.000     6.667 r  external_clk_0_IBUF_BUFG_inst/O
                         net (fo=12426, routed)       1.683     8.350    i_platform/i_pll0/i_xilinx_clock_pll_0/inst/clk_in1
    MMCME2_ADV_X0Y0      MMCME2_ADV (Prop_mmcme2_adv_CLKIN1_CLKOUT2)
                                                     -3.694     4.656 r  i_platform/i_pll0/i_xilinx_clock_pll_0/inst/mmcm_adv_inst/CLKOUT2
                         net (fo=1, routed)           1.923     6.579    i_platform/i_pll0/i_xilinx_clock_pll_0/inst/clk_150000000_xilinx_clock_pll_0
    BUFGCTRL_X0Y2        BUFG (Prop_bufg_I_O)         0.091     6.670 r  i_platform/i_pll0/i_xilinx_clock_pll_0/inst/clkout3_buf/O
                         net (fo=1, routed)           1.541     8.211    i_platform/i_system_ddr/nolabel_line70/u_xilinx_ddr3_ctrl_axi32_mig/u_ddr3_infrastructure/mmcm_clk
    PLLE2_ADV_X1Y1       PLLE2_ADV (Prop_plle2_adv_CLKIN1_CLKOUT1)
                                                      0.083     8.294 r  i_platform/i_system_ddr/nolabel_line70/u_xilinx_ddr3_ctrl_axi32_mig/u_ddr3_infrastructure/plle2_i/CLKOUT1
                         net (fo=7, routed)           0.572     8.866    i_platform/i_system_ddr/nolabel_line70/u_xilinx_ddr3_ctrl_axi32_mig/u_memc_ui_top_axi/mem_intfc0/ddr_phy_top0/u_ddr_mc_phy_wrapper/u_ddr_mc_phy/ddr_phy_4lanes_0.u_ddr_phy_4lanes/ddr_byte_lane_D.ddr_byte_lane_D/mem_refclk
    PHASER_OUT_PHY_X1Y7  PHASER_OUT_PHY (Prop_phaser_out_phy_MEMREFCLK_OCLK)
                                                      2.547    11.413 r  i_platform/i_system_ddr/nolabel_line70/u_xilinx_ddr3_ctrl_axi32_mig/u_memc_ui_top_axi/mem_intfc0/ddr_phy_top0/u_ddr_mc_phy_wrapper/u_ddr_mc_phy/ddr_phy_4lanes_0.u_ddr_phy_4lanes/ddr_byte_lane_D.ddr_byte_lane_D/phaser_out/OCLK
    PHASER_OUT_PHY_X1Y7  PHASER_OUT_PHY (Prop_phaser_out_phy_OCLK_OCLKDIV)
                                                      0.148    11.561 r  i_platform/i_system_ddr/nolabel_line70/u_xilinx_ddr3_ctrl_axi32_mig/u_memc_ui_top_axi/mem_intfc0/ddr_phy_top0/u_ddr_mc_phy_wrapper/u_ddr_mc_phy/ddr_phy_4lanes_0.u_ddr_phy_4lanes/ddr_byte_lane_D.ddr_byte_lane_D/phaser_out/OCLKDIV
                         net (fo=11, routed)          0.419    11.980    i_platform/i_system_ddr/nolabel_line70/u_xilinx_ddr3_ctrl_axi32_mig/u_memc_ui_top_axi/mem_intfc0/ddr_phy_top0/u_ddr_mc_phy_wrapper/u_ddr_mc_phy/ddr_phy_4lanes_0.u_ddr_phy_4lanes/ddr_byte_lane_D.ddr_byte_lane_D/ddr_byte_group_io/oserdes_clkdiv
    OLOGIC_X1Y95         OSERDESE2                                    r  i_platform/i_system_ddr/nolabel_line70/u_xilinx_ddr3_ctrl_axi32_mig/u_memc_ui_top_axi/mem_intfc0/ddr_phy_top0/u_ddr_mc_phy_wrapper/u_ddr_mc_phy/ddr_phy_4lanes_0.u_ddr_phy_4lanes/ddr_byte_lane_D.ddr_byte_lane_D/ddr_byte_group_io/output_[6].oserdes_dq_.ddr.oserdes_dq_i/CLKDIV
                         clock pessimism              0.233    12.213    <hidden>
                         clock uncertainty           -0.058    12.155    <hidden>
    OLOGIC_X1Y95         OSERDESE2 (Setup_oserdese2_CLKDIV_D1)
                                                     -0.625    11.530    i_platform/i_system_ddr/nolabel_line70/u_xilinx_ddr3_ctrl_axi32_mig/u_memc_ui_top_axi/mem_intfc0/ddr_phy_top0/u_ddr_mc_phy_wrapper/u_ddr_mc_phy/ddr_phy_4lanes_0.u_ddr_phy_4lanes/ddr_byte_lane_D.ddr_byte_lane_D/ddr_byte_group_io/output_[6].oserdes_dq_.ddr.oserdes_dq_i
  -------------------------------------------------------------------
                         required time                         11.531    <hidden>
                         arrival time                          -6.270    <hidden>
  -------------------------------------------------------------------
                         slack                                  5.261    <hidden>





Min Delay Paths
--------------------------------------------------------------------------------------
Slack (MET) :             0.086ns  (arrival time - required time)
  Source:                 i_platform/i_system_ddr/nolabel_line70/u_xilinx_ddr3_ctrl_axi32_mig/u_memc_ui_top_axi/mem_intfc0/ddr_phy_top0/u_ddr_mc_phy_wrapper/u_ddr_mc_phy/ddr_phy_4lanes_0.u_ddr_phy_4lanes/ddr_byte_lane_D.ddr_byte_lane_D/out_fifo/RDCLK
                            (rising edge-triggered cell OUT_FIFO clocked by oserdes_clkdiv_3  {rise@0.000ns fall@3.333ns period=6.667ns})
  Destination:            i_platform/i_system_ddr/nolabel_line70/u_xilinx_ddr3_ctrl_axi32_mig/u_memc_ui_top_axi/mem_intfc0/ddr_phy_top0/u_ddr_mc_phy_wrapper/u_ddr_mc_phy/ddr_phy_4lanes_0.u_ddr_phy_4lanes/ddr_byte_lane_D.ddr_byte_lane_D/ddr_byte_group_io/output_[2].oserdes_dq_.ddr.oserdes_dq_i/D2
                            (rising edge-triggered cell OSERDESE2 clocked by oserdes_clkdiv_3  {rise@0.000ns fall@3.333ns period=6.667ns})
  Path Group:             oserdes_clkdiv_3
  Path Type:              Hold (Min at Fast Process Corner)
  Requirement:            0.000ns  (oserdes_clkdiv_3 rise@0.000ns - oserdes_clkdiv_3 rise@0.000ns)
  Data Path Delay:        0.288ns  (logic 0.138ns (47.866%)  route 0.150ns (52.134%))
  Logic Levels:           0  
  Clock Path Skew:        0.183ns (DCD - SCD - CPR)
    Destination Clock Delay (DCD):    3.678ns
    Source Clock Delay      (SCD):    3.148ns
    Clock Pessimism Removal (CPR):    0.347ns

    Location             Delay type                Incr(ns)  Path(ns)    Netlist Resource(s)
  -------------------------------------------------------------------    -------------------
                         (clock oserdes_clkdiv_3 rise edge)
                                                      0.000     0.000 r  <hidden>
    BUFGCTRL_X0Y16       BUFG                         0.000     0.000 r  external_clk_0_IBUF_BUFG_inst/O
                         net (fo=12426, routed)       0.624     0.624    i_platform/i_pll0/i_xilinx_clock_pll_0/inst/clk_in1
    MMCME2_ADV_X0Y0      MMCME2_ADV (Prop_mmcme2_adv_CLKIN1_CLKOUT2)
                                                     -1.296    -0.672 r  i_platform/i_pll0/i_xilinx_clock_pll_0/inst/mmcm_adv_inst/CLKOUT2
                         net (fo=1, routed)           0.648    -0.024    i_platform/i_pll0/i_xilinx_clock_pll_0/inst/clk_150000000_xilinx_clock_pll_0
    BUFGCTRL_X0Y2        BUFG (Prop_bufg_I_O)         0.026     0.002 r  i_platform/i_pll0/i_xilinx_clock_pll_0/inst/clkout3_buf/O
                         net (fo=1, routed)           0.564     0.566    i_platform/i_system_ddr/nolabel_line70/u_xilinx_ddr3_ctrl_axi32_mig/u_ddr3_infrastructure/mmcm_clk
    PLLE2_ADV_X1Y1       PLLE2_ADV (Prop_plle2_adv_CLKIN1_CLKOUT1)
                                                      0.050     0.616 r  i_platform/i_system_ddr/nolabel_line70/u_xilinx_ddr3_ctrl_axi32_mig/u_ddr3_infrastructure/plle2_i/CLKOUT1
                         net (fo=7, routed)           0.190     0.806    i_platform/i_system_ddr/nolabel_line70/u_xilinx_ddr3_ctrl_axi32_mig/u_memc_ui_top_axi/mem_intfc0/ddr_phy_top0/u_ddr_mc_phy_wrapper/u_ddr_mc_phy/ddr_phy_4lanes_0.u_ddr_phy_4lanes/ddr_byte_lane_D.ddr_byte_lane_D/mem_refclk
    PHASER_OUT_PHY_X1Y7  PHASER_OUT_PHY (Prop_phaser_out_phy_MEMREFCLK_OCLK)
                                                      2.259     3.065 r  i_platform/i_system_ddr/nolabel_line70/u_xilinx_ddr3_ctrl_axi32_mig/u_memc_ui_top_axi/mem_intfc0/ddr_phy_top0/u_ddr_mc_phy_wrapper/u_ddr_mc_phy/ddr_phy_4lanes_0.u_ddr_phy_4lanes/ddr_byte_lane_D.ddr_byte_lane_D/phaser_out/OCLK
    PHASER_OUT_PHY_X1Y7  PHASER_OUT_PHY (Prop_phaser_out_phy_OCLK_OCLKDIV)
                                                      0.083     3.148 r  i_platform/i_system_ddr/nolabel_line70/u_xilinx_ddr3_ctrl_axi32_mig/u_memc_ui_top_axi/mem_intfc0/ddr_phy_top0/u_ddr_mc_phy_wrapper/u_ddr_mc_phy/ddr_phy_4lanes_0.u_ddr_phy_4lanes/ddr_byte_lane_D.ddr_byte_lane_D/phaser_out/OCLKDIV
                         net (fo=11, routed)          0.000     3.148    i_platform/i_system_ddr/nolabel_line70/u_xilinx_ddr3_ctrl_axi32_mig/u_memc_ui_top_axi/mem_intfc0/ddr_phy_top0/u_ddr_mc_phy_wrapper/u_ddr_mc_phy/ddr_phy_4lanes_0.u_ddr_phy_4lanes/ddr_byte_lane_D.ddr_byte_lane_D/oserdes_clkdiv
    OUT_FIFO_X1Y7        OUT_FIFO                                     r  i_platform/i_system_ddr/nolabel_line70/u_xilinx_ddr3_ctrl_axi32_mig/u_memc_ui_top_axi/mem_intfc0/ddr_phy_top0/u_ddr_mc_phy_wrapper/u_ddr_mc_phy/ddr_phy_4lanes_0.u_ddr_phy_4lanes/ddr_byte_lane_D.ddr_byte_lane_D/out_fifo/RDCLK
  -------------------------------------------------------------------    -------------------
    OUT_FIFO_X1Y7        OUT_FIFO (Prop_out_fifo_RDCLK_Q2[1])
                                                      0.138     3.286 r  i_platform/i_system_ddr/nolabel_line70/u_xilinx_ddr3_ctrl_axi32_mig/u_memc_ui_top_axi/mem_intfc0/ddr_phy_top0/u_ddr_mc_phy_wrapper/u_ddr_mc_phy/ddr_phy_4lanes_0.u_ddr_phy_4lanes/ddr_byte_lane_D.ddr_byte_lane_D/out_fifo/Q2[1]
                         net (fo=1, routed)           0.150     3.436    i_platform/i_system_ddr/nolabel_line70/u_xilinx_ddr3_ctrl_axi32_mig/u_memc_ui_top_axi/mem_intfc0/ddr_phy_top0/u_ddr_mc_phy_wrapper/u_ddr_mc_phy/ddr_phy_4lanes_0.u_ddr_phy_4lanes/ddr_byte_lane_D.ddr_byte_lane_D/ddr_byte_group_io/of_dqbus[5]
    OLOGIC_X1Y89         OSERDESE2                                    r  i_platform/i_system_ddr/nolabel_line70/u_xilinx_ddr3_ctrl_axi32_mig/u_memc_ui_top_axi/mem_intfc0/ddr_phy_top0/u_ddr_mc_phy_wrapper/u_ddr_mc_phy/ddr_phy_4lanes_0.u_ddr_phy_4lanes/ddr_byte_lane_D.ddr_byte_lane_D/ddr_byte_group_io/output_[2].oserdes_dq_.ddr.oserdes_dq_i/D2
  -------------------------------------------------------------------    -------------------

                         (clock oserdes_clkdiv_3 rise edge)
                                                      0.000     0.000 r  <hidden>
    BUFGCTRL_X0Y16       BUFG                         0.000     0.000 r  external_clk_0_IBUF_BUFG_inst/O
                         net (fo=12426, routed)       0.898     0.898    i_platform/i_pll0/i_xilinx_clock_pll_0/inst/clk_in1
    MMCME2_ADV_X0Y0      MMCME2_ADV (Prop_mmcme2_adv_CLKIN1_CLKOUT2)
                                                     -1.625    -0.727 r  i_platform/i_pll0/i_xilinx_clock_pll_0/inst/mmcm_adv_inst/CLKOUT2
                         net (fo=1, routed)           0.700    -0.027    i_platform/i_pll0/i_xilinx_clock_pll_0/inst/clk_150000000_xilinx_clock_pll_0
    BUFGCTRL_X0Y2        BUFG (Prop_bufg_I_O)         0.029     0.002 r  i_platform/i_pll0/i_xilinx_clock_pll_0/inst/clkout3_buf/O
                         net (fo=1, routed)           0.833     0.835    i_platform/i_system_ddr/nolabel_line70/u_xilinx_ddr3_ctrl_axi32_mig/u_ddr3_infrastructure/mmcm_clk
    PLLE2_ADV_X1Y1       PLLE2_ADV (Prop_plle2_adv_CLKIN1_CLKOUT1)
                                                      0.053     0.888 r  i_platform/i_system_ddr/nolabel_line70/u_xilinx_ddr3_ctrl_axi32_mig/u_ddr3_infrastructure/plle2_i/CLKOUT1
                         net (fo=7, routed)           0.209     1.097    i_platform/i_system_ddr/nolabel_line70/u_xilinx_ddr3_ctrl_axi32_mig/u_memc_ui_top_axi/mem_intfc0/ddr_phy_top0/u_ddr_mc_phy_wrapper/u_ddr_mc_phy/ddr_phy_4lanes_0.u_ddr_phy_4lanes/ddr_byte_lane_D.ddr_byte_lane_D/mem_refclk
    PHASER_OUT_PHY_X1Y7  PHASER_OUT_PHY (Prop_phaser_out_phy_MEMREFCLK_OCLK)
                                                      2.310     3.407 r  i_platform/i_system_ddr/nolabel_line70/u_xilinx_ddr3_ctrl_axi32_mig/u_memc_ui_top_axi/mem_intfc0/ddr_phy_top0/u_ddr_mc_phy_wrapper/u_ddr_mc_phy/ddr_phy_4lanes_0.u_ddr_phy_4lanes/ddr_byte_lane_D.ddr_byte_lane_D/phaser_out/OCLK
    PHASER_OUT_PHY_X1Y7  PHASER_OUT_PHY (Prop_phaser_out_phy_OCLK_OCLKDIV)
                                                      0.088     3.495 r  i_platform/i_system_ddr/nolabel_line70/u_xilinx_ddr3_ctrl_axi32_mig/u_memc_ui_top_axi/mem_intfc0/ddr_phy_top0/u_ddr_mc_phy_wrapper/u_ddr_mc_phy/ddr_phy_4lanes_0.u_ddr_phy_4lanes/ddr_byte_lane_D.ddr_byte_lane_D/phaser_out/OCLKDIV
                         net (fo=11, routed)          0.183     3.678    i_platform/i_system_ddr/nolabel_line70/u_xilinx_ddr3_ctrl_axi32_mig/u_memc_ui_top_axi/mem_intfc0/ddr_phy_top0/u_ddr_mc_phy_wrapper/u_ddr_mc_phy/ddr_phy_4lanes_0.u_ddr_phy_4lanes/ddr_byte_lane_D.ddr_byte_lane_D/ddr_byte_group_io/oserdes_clkdiv
    OLOGIC_X1Y89         OSERDESE2                                    r  i_platform/i_system_ddr/nolabel_line70/u_xilinx_ddr3_ctrl_axi32_mig/u_memc_ui_top_axi/mem_intfc0/ddr_phy_top0/u_ddr_mc_phy_wrapper/u_ddr_mc_phy/ddr_phy_4lanes_0.u_ddr_phy_4lanes/ddr_byte_lane_D.ddr_byte_lane_D/ddr_byte_group_io/output_[2].oserdes_dq_.ddr.oserdes_dq_i/CLKDIV
                         clock pessimism             -0.347     3.331    <hidden>
    OLOGIC_X1Y89         OSERDESE2 (Hold_oserdese2_CLKDIV_D2)
                                                      0.019     3.350    i_platform/i_system_ddr/nolabel_line70/u_xilinx_ddr3_ctrl_axi32_mig/u_memc_ui_top_axi/mem_intfc0/ddr_phy_top0/u_ddr_mc_phy_wrapper/u_ddr_mc_phy/ddr_phy_4lanes_0.u_ddr_phy_4lanes/ddr_byte_lane_D.ddr_byte_lane_D/ddr_byte_group_io/output_[2].oserdes_dq_.ddr.oserdes_dq_i
  -------------------------------------------------------------------
                         required time                         -3.350    <hidden>
                         arrival time                           3.436    <hidden>
  -------------------------------------------------------------------
                         slack                                  0.086    <hidden>





Pulse Width Checks
--------------------------------------------------------------------------------------
Clock Name:         oserdes_clkdiv_3
Waveform(ns):       { 0.000 3.333 }
Period(ns):         6.667
Sources:            { i_platform/i_system_ddr/nolabel_line70/u_xilinx_ddr3_ctrl_axi32_mig/u_memc_ui_top_axi/mem_intfc0/ddr_phy_top0/u_ddr_mc_phy_wrapper/u_ddr_mc_phy/ddr_phy_4lanes_0.u_ddr_phy_4lanes/ddr_byte_lane_D.ddr_byte_lane_D/phaser_out/OCLKDIV }

Check Type        Corner  Lib Pin         Reference Pin  Required(ns)  Actual(ns)  Slack(ns)  Location       Pin
Min Period        n/a     OUT_FIFO/RDCLK  n/a            5.000         6.667       1.667      OUT_FIFO_X1Y7  i_platform/i_system_ddr/nolabel_line70/u_xilinx_ddr3_ctrl_axi32_mig/u_memc_ui_top_axi/mem_intfc0/ddr_phy_top0/u_ddr_mc_phy_wrapper/u_ddr_mc_phy/ddr_phy_4lanes_0.u_ddr_phy_4lanes/ddr_byte_lane_D.ddr_byte_lane_D/out_fifo/RDCLK
Low Pulse Width   Slow    OUT_FIFO/RDCLK  n/a            2.150         3.333       1.183      OUT_FIFO_X1Y7  i_platform/i_system_ddr/nolabel_line70/u_xilinx_ddr3_ctrl_axi32_mig/u_memc_ui_top_axi/mem_intfc0/ddr_phy_top0/u_ddr_mc_phy_wrapper/u_ddr_mc_phy/ddr_phy_4lanes_0.u_ddr_phy_4lanes/ddr_byte_lane_D.ddr_byte_lane_D/out_fifo/RDCLK
High Pulse Width  Slow    OUT_FIFO/RDCLK  n/a            2.150         3.333       1.183      OUT_FIFO_X1Y7  i_platform/i_system_ddr/nolabel_line70/u_xilinx_ddr3_ctrl_axi32_mig/u_memc_ui_top_axi/mem_intfc0/ddr_phy_top0/u_ddr_mc_phy_wrapper/u_ddr_mc_phy/ddr_phy_4lanes_0.u_ddr_phy_4lanes/ddr_byte_lane_D.ddr_byte_lane_D/out_fifo/RDCLK



---------------------------------------------------------------------------------------------------
From Clock:  pll_clk3_out
  To Clock:  pll_clk3_out

Setup :           NA  Failing Endpoints,  Worst Slack           NA  ,  Total Violation           NA
Hold  :           NA  Failing Endpoints,  Worst Slack           NA  ,  Total Violation           NA
PW    :            0  Failing Endpoints,  Worst Slack        1.833ns,  Total Violation        0.000ns
---------------------------------------------------------------------------------------------------


Pulse Width Checks
--------------------------------------------------------------------------------------
Clock Name:         pll_clk3_out
Waveform(ns):       { 0.000 3.333 }
Period(ns):         6.667
Sources:            { i_platform/i_system_ddr/nolabel_line70/u_xilinx_ddr3_ctrl_axi32_mig/u_ddr3_infrastructure/plle2_i/CLKOUT3 }

Check Type        Corner  Lib Pin            Reference Pin  Required(ns)  Actual(ns)  Slack(ns)  Location         Pin
Min Period        n/a     BUFH/I             n/a            2.155         6.667       4.511      BUFHCE_X1Y12     i_platform/i_system_ddr/nolabel_line70/u_xilinx_ddr3_ctrl_axi32_mig/u_ddr3_infrastructure/u_bufh_pll_clk3/I
Max Period        n/a     MMCME2_ADV/CLKIN1  n/a            100.000       6.667       93.333     MMCME2_ADV_X1Y1  i_platform/i_system_ddr/nolabel_line70/u_xilinx_ddr3_ctrl_axi32_mig/u_ddr3_infrastructure/gen_mmcm.mmcm_i/CLKIN1
Low Pulse Width   Slow    MMCME2_ADV/CLKIN1  n/a            1.500         3.333       1.833      MMCME2_ADV_X1Y1  i_platform/i_system_ddr/nolabel_line70/u_xilinx_ddr3_ctrl_axi32_mig/u_ddr3_infrastructure/gen_mmcm.mmcm_i/CLKIN1
High Pulse Width  Slow    MMCME2_ADV/CLKIN1  n/a            1.500         3.333       1.833      MMCME2_ADV_X1Y1  i_platform/i_system_ddr/nolabel_line70/u_xilinx_ddr3_ctrl_axi32_mig/u_ddr3_infrastructure/gen_mmcm.mmcm_i/CLKIN1



---------------------------------------------------------------------------------------------------
From Clock:  clk_pll_i
  To Clock:  clk_pll_i

Setup :            0  Failing Endpoints,  Worst Slack        0.005ns,  Total Violation        0.000ns
Hold  :            0  Failing Endpoints,  Worst Slack        0.041ns,  Total Violation        0.000ns
PW    :            0  Failing Endpoints,  Worst Slack        1.183ns,  Total Violation        0.000ns
---------------------------------------------------------------------------------------------------


Max Delay Paths
--------------------------------------------------------------------------------------
Slack (MET) :             0.005ns  (required time - arrival time)
  Source:                 i_platform/i_system_ddr/nolabel_line70/u_xilinx_ddr3_ctrl_axi32_mig/u_memc_ui_top_axi/mem_intfc0/ddr_phy_top0/u_ddr_calib_top/u_ddr_phy_init/FSM_sequential_init_state_r_reg[5]_rep/C
                            (rising edge-triggered cell FDSE clocked by clk_pll_i  {rise@0.000ns fall@3.333ns period=6.667ns})
  Destination:            i_platform/i_system_ddr/nolabel_line70/u_xilinx_ddr3_ctrl_axi32_mig/u_memc_ui_top_axi/mem_intfc0/ddr_phy_top0/u_ddr_calib_top/u_ddr_phy_init/wrcal_final_chk_reg/D
                            (rising edge-triggered cell FDRE clocked by clk_pll_i  {rise@0.000ns fall@3.333ns period=6.667ns})
  Path Group:             clk_pll_i
  Path Type:              Setup (Max at Slow Process Corner)
  Requirement:            6.667ns  (clk_pll_i rise@6.667ns - clk_pll_i rise@0.000ns)
  Data Path Delay:        6.736ns  (logic 1.324ns (19.657%)  route 5.412ns (80.343%))
  Logic Levels:           7  (LUT6=7)
  Clock Path Skew:        0.100ns (DCD - SCD + CPR)
    Destination Clock Delay (DCD):    3.917ns = ( 10.584 - 6.667 ) 
    Source Clock Delay      (SCD):    3.994ns
    Clock Pessimism Removal (CPR):    0.177ns
  Clock Uncertainty:      0.057ns  ((TSJ^2 + DJ^2)^1/2) / 2 + PE
    Total System Jitter     (TSJ):    0.071ns
    Discrete Jitter          (DJ):    0.090ns
    Phase Error              (PE):    0.000ns

    Location             Delay type                Incr(ns)  Path(ns)    Netlist Resource(s)
  -------------------------------------------------------------------    -------------------
                         (clock clk_pll_i rise edge)
                                                      0.000     0.000 r  <hidden>
    BUFGCTRL_X0Y16       BUFG                         0.000     0.000 r  external_clk_0_IBUF_BUFG_inst/O
                         net (fo=12426, routed)       1.809     1.809    i_platform/i_pll0/i_xilinx_clock_pll_0/inst/clk_in1
    MMCME2_ADV_X0Y0      MMCME2_ADV (Prop_mmcme2_adv_CLKIN1_CLKOUT2)
                                                     -3.922    -2.112 r  i_platform/i_pll0/i_xilinx_clock_pll_0/inst/mmcm_adv_inst/CLKOUT2
                         net (fo=1, routed)           2.018    -0.094    i_platform/i_pll0/i_xilinx_clock_pll_0/inst/clk_150000000_xilinx_clock_pll_0
    BUFGCTRL_X0Y2        BUFG (Prop_bufg_I_O)         0.096     0.002 r  i_platform/i_pll0/i_xilinx_clock_pll_0/inst/clkout3_buf/O
                         net (fo=1, routed)           1.664     1.666    i_platform/i_system_ddr/nolabel_line70/u_xilinx_ddr3_ctrl_axi32_mig/u_ddr3_infrastructure/mmcm_clk
    PLLE2_ADV_X1Y1       PLLE2_ADV (Prop_plle2_adv_CLKIN1_CLKOUT3)
                                                      0.088     1.754 r  i_platform/i_system_ddr/nolabel_line70/u_xilinx_ddr3_ctrl_axi32_mig/u_ddr3_infrastructure/plle2_i/CLKOUT3
                         net (fo=1, routed)           1.281     3.035    i_platform/i_system_ddr/nolabel_line70/u_xilinx_ddr3_ctrl_axi32_mig/u_ddr3_infrastructure/pll_clk3_out
    BUFHCE_X1Y12         BUFH (Prop_bufh_I_O)         0.127     3.162 r  i_platform/i_system_ddr/nolabel_line70/u_xilinx_ddr3_ctrl_axi32_mig/u_ddr3_infrastructure/u_bufh_pll_clk3/O
                         net (fo=1, routed)           0.841     4.003    i_platform/i_system_ddr/nolabel_line70/u_xilinx_ddr3_ctrl_axi32_mig/u_ddr3_infrastructure/pll_clk3
    MMCME2_ADV_X1Y1      MMCME2_ADV (Prop_mmcme2_adv_CLKIN1_CLKFBOUT)
                                                     -3.457     0.547 r  i_platform/i_system_ddr/nolabel_line70/u_xilinx_ddr3_ctrl_axi32_mig/u_ddr3_infrastructure/gen_mmcm.mmcm_i/CLKFBOUT
                         net (fo=1, routed)           1.719     2.266    i_platform/i_system_ddr/nolabel_line70/u_xilinx_ddr3_ctrl_axi32_mig/u_ddr3_infrastructure/clk_pll_i
    BUFGCTRL_X0Y0        BUFG (Prop_bufg_I_O)         0.096     2.362 r  i_platform/i_system_ddr/nolabel_line70/u_xilinx_ddr3_ctrl_axi32_mig/u_ddr3_infrastructure/u_bufg_clkdiv0/O
                         net (fo=10775, routed)       1.632     3.994    i_platform/i_system_ddr/nolabel_line70/u_xilinx_ddr3_ctrl_axi32_mig/u_memc_ui_top_axi/mem_intfc0/ddr_phy_top0/u_ddr_calib_top/u_ddr_phy_init/FSM_sequential_init_state_r_reg[3]_rep_1
    SLICE_X64Y51         FDSE                                         r  i_platform/i_system_ddr/nolabel_line70/u_xilinx_ddr3_ctrl_axi32_mig/u_memc_ui_top_axi/mem_intfc0/ddr_phy_top0/u_ddr_calib_top/u_ddr_phy_init/FSM_sequential_init_state_r_reg[5]_rep/C
  -------------------------------------------------------------------    -------------------
    SLICE_X64Y51         FDSE (Prop_fdse_C_Q)         0.456     4.450 r  i_platform/i_system_ddr/nolabel_line70/u_xilinx_ddr3_ctrl_axi32_mig/u_memc_ui_top_axi/mem_intfc0/ddr_phy_top0/u_ddr_calib_top/u_ddr_phy_init/FSM_sequential_init_state_r_reg[5]_rep/Q
                         net (fo=102, routed)         1.266     5.716    i_platform/i_system_ddr/nolabel_line70/u_xilinx_ddr3_ctrl_axi32_mig/u_memc_ui_top_axi/mem_intfc0/ddr_phy_top0/u_ddr_calib_top/u_ddr_phy_init/FSM_sequential_init_state_r_reg[5]_rep_n_0
    SLICE_X69Y48         LUT6 (Prop_lut6_I5_O)        0.124     5.840 f  i_platform/i_system_ddr/nolabel_line70/u_xilinx_ddr3_ctrl_axi32_mig/u_memc_ui_top_axi/mem_intfc0/ddr_phy_top0/u_ddr_calib_top/u_ddr_phy_init/init_state_r1[1]_i_3/O
                         net (fo=1, routed)           0.949     6.789    i_platform/i_system_ddr/nolabel_line70/u_xilinx_ddr3_ctrl_axi32_mig/u_memc_ui_top_axi/mem_intfc0/ddr_phy_top0/u_ddr_calib_top/u_ddr_phy_init/init_state_r1[1]_i_3_n_0
    SLICE_X68Y46         LUT6 (Prop_lut6_I0_O)        0.124     6.913 r  i_platform/i_system_ddr/nolabel_line70/u_xilinx_ddr3_ctrl_axi32_mig/u_memc_ui_top_axi/mem_intfc0/ddr_phy_top0/u_ddr_calib_top/u_ddr_phy_init/init_state_r1[1]_i_2/O
                         net (fo=22, routed)          0.798     7.711    i_platform/i_system_ddr/nolabel_line70/u_xilinx_ddr3_ctrl_axi32_mig/u_memc_ui_top_axi/mem_intfc0/ddr_phy_top0/u_ddr_calib_top/u_ddr_phy_init/init_state_r1[1]_i_1_n_0
    SLICE_X70Y43         LUT6 (Prop_lut6_I1_O)        0.124     7.835 f  i_platform/i_system_ddr/nolabel_line70/u_xilinx_ddr3_ctrl_axi32_mig/u_memc_ui_top_axi/mem_intfc0/ddr_phy_top0/u_ddr_calib_top/u_ddr_phy_init/wrcal_final_chk_i_166/O
                         net (fo=1, routed)           0.577     8.412    i_platform/i_system_ddr/nolabel_line70/u_xilinx_ddr3_ctrl_axi32_mig/u_memc_ui_top_axi/mem_intfc0/ddr_phy_top0/u_ddr_calib_top/u_ddr_phy_init/wrcal_final_chk_i_166_n_0
    SLICE_X66Y44         LUT6 (Prop_lut6_I2_O)        0.124     8.536 f  i_platform/i_system_ddr/nolabel_line70/u_xilinx_ddr3_ctrl_axi32_mig/u_memc_ui_top_axi/mem_intfc0/ddr_phy_top0/u_ddr_calib_top/u_ddr_phy_init/wrcal_final_chk_i_64/O
                         net (fo=1, routed)           0.656     9.192    i_platform/i_system_ddr/nolabel_line70/u_xilinx_ddr3_ctrl_axi32_mig/u_memc_ui_top_axi/mem_intfc0/ddr_phy_top0/u_ddr_calib_top/u_ddr_phy_init/wrcal_final_chk_i_64_n_0
    SLICE_X67Y44         LUT6 (Prop_lut6_I0_O)        0.124     9.316 f  i_platform/i_system_ddr/nolabel_line70/u_xilinx_ddr3_ctrl_axi32_mig/u_memc_ui_top_axi/mem_intfc0/ddr_phy_top0/u_ddr_calib_top/u_ddr_phy_init/wrcal_final_chk_i_17/O
                         net (fo=1, routed)           0.597     9.913    i_platform/i_system_ddr/nolabel_line70/u_xilinx_ddr3_ctrl_axi32_mig/u_memc_ui_top_axi/mem_intfc0/ddr_phy_top0/u_ddr_calib_top/u_ddr_phy_init/wrcal_final_chk_i_17_n_0
    SLICE_X68Y45         LUT6 (Prop_lut6_I4_O)        0.124    10.037 f  i_platform/i_system_ddr/nolabel_line70/u_xilinx_ddr3_ctrl_axi32_mig/u_memc_ui_top_axi/mem_intfc0/ddr_phy_top0/u_ddr_calib_top/u_ddr_phy_init/wrcal_final_chk_i_3/O
                         net (fo=1, routed)           0.569    10.606    i_platform/i_system_ddr/nolabel_line70/u_xilinx_ddr3_ctrl_axi32_mig/u_memc_ui_top_axi/mem_intfc0/ddr_phy_top0/u_ddr_calib_top/u_ddr_phy_init/wrcal_final_chk_i_3_n_0
    SLICE_X72Y45         LUT6 (Prop_lut6_I1_O)        0.124    10.730 r  i_platform/i_system_ddr/nolabel_line70/u_xilinx_ddr3_ctrl_axi32_mig/u_memc_ui_top_axi/mem_intfc0/ddr_phy_top0/u_ddr_calib_top/u_ddr_phy_init/wrcal_final_chk_i_1/O
                         net (fo=1, routed)           0.000    10.730    i_platform/i_system_ddr/nolabel_line70/u_xilinx_ddr3_ctrl_axi32_mig/u_memc_ui_top_axi/mem_intfc0/ddr_phy_top0/u_ddr_calib_top/u_ddr_phy_init/wrcal_final_chk_i_1_n_0
    SLICE_X72Y45         FDRE                                         r  i_platform/i_system_ddr/nolabel_line70/u_xilinx_ddr3_ctrl_axi32_mig/u_memc_ui_top_axi/mem_intfc0/ddr_phy_top0/u_ddr_calib_top/u_ddr_phy_init/wrcal_final_chk_reg/D
  -------------------------------------------------------------------    -------------------

                         (clock clk_pll_i rise edge)
                                                      6.667     6.667 r  <hidden>
    BUFGCTRL_X0Y16       BUFG                         0.000     6.667 r  external_clk_0_IBUF_BUFG_inst/O
                         net (fo=12426, routed)       1.683     8.350    i_platform/i_pll0/i_xilinx_clock_pll_0/inst/clk_in1
    MMCME2_ADV_X0Y0      MMCME2_ADV (Prop_mmcme2_adv_CLKIN1_CLKOUT2)
                                                     -3.694     4.656 r  i_platform/i_pll0/i_xilinx_clock_pll_0/inst/mmcm_adv_inst/CLKOUT2
                         net (fo=1, routed)           1.923     6.579    i_platform/i_pll0/i_xilinx_clock_pll_0/inst/clk_150000000_xilinx_clock_pll_0
    BUFGCTRL_X0Y2        BUFG (Prop_bufg_I_O)         0.091     6.670 r  i_platform/i_pll0/i_xilinx_clock_pll_0/inst/clkout3_buf/O
                         net (fo=1, routed)           1.541     8.211    i_platform/i_system_ddr/nolabel_line70/u_xilinx_ddr3_ctrl_axi32_mig/u_ddr3_infrastructure/mmcm_clk
    PLLE2_ADV_X1Y1       PLLE2_ADV (Prop_plle2_adv_CLKIN1_CLKOUT3)
                                                      0.083     8.294 r  i_platform/i_system_ddr/nolabel_line70/u_xilinx_ddr3_ctrl_axi32_mig/u_ddr3_infrastructure/plle2_i/CLKOUT3
                         net (fo=1, routed)           1.205     9.499    i_platform/i_system_ddr/nolabel_line70/u_xilinx_ddr3_ctrl_axi32_mig/u_ddr3_infrastructure/pll_clk3_out
    BUFHCE_X1Y12         BUFH (Prop_bufh_I_O)         0.081     9.580 r  i_platform/i_system_ddr/nolabel_line70/u_xilinx_ddr3_ctrl_axi32_mig/u_ddr3_infrastructure/u_bufh_pll_clk3/O
                         net (fo=1, routed)           0.799    10.379    i_platform/i_system_ddr/nolabel_line70/u_xilinx_ddr3_ctrl_axi32_mig/u_ddr3_infrastructure/pll_clk3
    MMCME2_ADV_X1Y1      MMCME2_ADV (Prop_mmcme2_adv_CLKIN1_CLKFBOUT)
                                                     -3.249     7.130 r  i_platform/i_system_ddr/nolabel_line70/u_xilinx_ddr3_ctrl_axi32_mig/u_ddr3_infrastructure/gen_mmcm.mmcm_i/CLKFBOUT
                         net (fo=1, routed)           1.639     8.769    i_platform/i_system_ddr/nolabel_line70/u_xilinx_ddr3_ctrl_axi32_mig/u_ddr3_infrastructure/clk_pll_i
    BUFGCTRL_X0Y0        BUFG (Prop_bufg_I_O)         0.091     8.860 r  i_platform/i_system_ddr/nolabel_line70/u_xilinx_ddr3_ctrl_axi32_mig/u_ddr3_infrastructure/u_bufg_clkdiv0/O
                         net (fo=10775, routed)       1.724    10.584    i_platform/i_system_ddr/nolabel_line70/u_xilinx_ddr3_ctrl_axi32_mig/u_memc_ui_top_axi/mem_intfc0/ddr_phy_top0/u_ddr_calib_top/u_ddr_phy_init/FSM_sequential_init_state_r_reg[3]_rep_1
    SLICE_X72Y45         FDRE                                         r  i_platform/i_system_ddr/nolabel_line70/u_xilinx_ddr3_ctrl_axi32_mig/u_memc_ui_top_axi/mem_intfc0/ddr_phy_top0/u_ddr_calib_top/u_ddr_phy_init/wrcal_final_chk_reg/C
                         clock pessimism              0.177    10.761    <hidden>
                         clock uncertainty           -0.057    10.703    <hidden>
    SLICE_X72Y45         FDRE (Setup_fdre_C_D)        0.032    10.735    i_platform/i_system_ddr/nolabel_line70/u_xilinx_ddr3_ctrl_axi32_mig/u_memc_ui_top_axi/mem_intfc0/ddr_phy_top0/u_ddr_calib_top/u_ddr_phy_init/wrcal_final_chk_reg
  -------------------------------------------------------------------
                         required time                         10.735    <hidden>
                         arrival time                         -10.730    <hidden>
  -------------------------------------------------------------------
                         slack                                  0.005    <hidden>





Min Delay Paths
--------------------------------------------------------------------------------------
Slack (MET) :             0.041ns  (arrival time - required time)
  Source:                 i_platform/i_system_ddr/nolabel_line70/u_xilinx_ddr3_ctrl_axi32_mig/u_memc_ui_top_axi/u_ui_top/ui_rd_data0/not_strict_mode.app_rd_data_reg[26]/C
                            (rising edge-triggered cell FDRE clocked by clk_pll_i  {rise@0.000ns fall@3.333ns period=6.667ns})
  Destination:            i_platform/i_system_ddr/nolabel_line70/u_xilinx_ddr3_ctrl_axi32_mig/u_memc_ui_top_axi/u_axi_mc/axi_mc_r_channel_0/rd_data_fifo_0/memory_reg[63][26]_srl32/D
                            (rising edge-triggered cell SRLC32E clocked by clk_pll_i  {rise@0.000ns fall@3.333ns period=6.667ns})
  Path Group:             clk_pll_i
  Path Type:              Hold (Min at Fast Process Corner)
  Requirement:            0.000ns  (clk_pll_i rise@0.000ns - clk_pll_i rise@0.000ns)
  Data Path Delay:        0.260ns  (logic 0.141ns (54.332%)  route 0.119ns (45.668%))
  Logic Levels:           0  
  Clock Path Skew:        0.036ns (DCD - SCD - CPR)
    Destination Clock Delay (DCD):    1.866ns
    Source Clock Delay      (SCD):    1.302ns
    Clock Pessimism Removal (CPR):    0.528ns

    Location             Delay type                Incr(ns)  Path(ns)    Netlist Resource(s)
  -------------------------------------------------------------------    -------------------
                         (clock clk_pll_i rise edge)
                                                      0.000     0.000 r  <hidden>
    BUFGCTRL_X0Y16       BUFG                         0.000     0.000 r  external_clk_0_IBUF_BUFG_inst/O
                         net (fo=12426, routed)       0.624     0.624    i_platform/i_pll0/i_xilinx_clock_pll_0/inst/clk_in1
    MMCME2_ADV_X0Y0      MMCME2_ADV (Prop_mmcme2_adv_CLKIN1_CLKOUT2)
                                                     -1.296    -0.672 r  i_platform/i_pll0/i_xilinx_clock_pll_0/inst/mmcm_adv_inst/CLKOUT2
                         net (fo=1, routed)           0.648    -0.024    i_platform/i_pll0/i_xilinx_clock_pll_0/inst/clk_150000000_xilinx_clock_pll_0
    BUFGCTRL_X0Y2        BUFG (Prop_bufg_I_O)         0.026     0.002 r  i_platform/i_pll0/i_xilinx_clock_pll_0/inst/clkout3_buf/O
                         net (fo=1, routed)           0.564     0.566    i_platform/i_system_ddr/nolabel_line70/u_xilinx_ddr3_ctrl_axi32_mig/u_ddr3_infrastructure/mmcm_clk
    PLLE2_ADV_X1Y1       PLLE2_ADV (Prop_plle2_adv_CLKIN1_CLKOUT3)
                                                      0.050     0.616 r  i_platform/i_system_ddr/nolabel_line70/u_xilinx_ddr3_ctrl_axi32_mig/u_ddr3_infrastructure/plle2_i/CLKOUT3
                         net (fo=1, routed)           0.394     1.010    i_platform/i_system_ddr/nolabel_line70/u_xilinx_ddr3_ctrl_axi32_mig/u_ddr3_infrastructure/pll_clk3_out
    BUFHCE_X1Y12         BUFH (Prop_bufh_I_O)         0.020     1.030 r  i_platform/i_system_ddr/nolabel_line70/u_xilinx_ddr3_ctrl_axi32_mig/u_ddr3_infrastructure/u_bufh_pll_clk3/O
                         net (fo=1, routed)           0.269     1.299    i_platform/i_system_ddr/nolabel_line70/u_xilinx_ddr3_ctrl_axi32_mig/u_ddr3_infrastructure/pll_clk3
    MMCME2_ADV_X1Y1      MMCME2_ADV (Prop_mmcme2_adv_CLKIN1_CLKFBOUT)
                                                     -1.083     0.215 r  i_platform/i_system_ddr/nolabel_line70/u_xilinx_ddr3_ctrl_axi32_mig/u_ddr3_infrastructure/gen_mmcm.mmcm_i/CLKFBOUT
                         net (fo=1, routed)           0.499     0.714    i_platform/i_system_ddr/nolabel_line70/u_xilinx_ddr3_ctrl_axi32_mig/u_ddr3_infrastructure/clk_pll_i
    BUFGCTRL_X0Y0        BUFG (Prop_bufg_I_O)         0.026     0.740 r  i_platform/i_system_ddr/nolabel_line70/u_xilinx_ddr3_ctrl_axi32_mig/u_ddr3_infrastructure/u_bufg_clkdiv0/O
                         net (fo=10775, routed)       0.562     1.302    i_platform/i_system_ddr/nolabel_line70/u_xilinx_ddr3_ctrl_axi32_mig/u_memc_ui_top_axi/u_ui_top/ui_rd_data0/not_strict_mode.status_ram.rd_buf_we_r1_reg_0
    SLICE_X65Y85         FDRE                                         r  i_platform/i_system_ddr/nolabel_line70/u_xilinx_ddr3_ctrl_axi32_mig/u_memc_ui_top_axi/u_ui_top/ui_rd_data0/not_strict_mode.app_rd_data_reg[26]/C
  -------------------------------------------------------------------    -------------------
    SLICE_X65Y85         FDRE (Prop_fdre_C_Q)         0.141     1.443 r  i_platform/i_system_ddr/nolabel_line70/u_xilinx_ddr3_ctrl_axi32_mig/u_memc_ui_top_axi/u_ui_top/ui_rd_data0/not_strict_mode.app_rd_data_reg[26]/Q
                         net (fo=1, routed)           0.119     1.561    i_platform/i_system_ddr/nolabel_line70/u_xilinx_ddr3_ctrl_axi32_mig/u_memc_ui_top_axi/u_axi_mc/axi_mc_r_channel_0/rd_data_fifo_0/storage_data2_reg[66][26]
    SLICE_X62Y85         SRLC32E                                      r  i_platform/i_system_ddr/nolabel_line70/u_xilinx_ddr3_ctrl_axi32_mig/u_memc_ui_top_axi/u_axi_mc/axi_mc_r_channel_0/rd_data_fifo_0/memory_reg[63][26]_srl32/D
  -------------------------------------------------------------------    -------------------

                         (clock clk_pll_i rise edge)
                                                      0.000     0.000 r  <hidden>
    BUFGCTRL_X0Y16       BUFG                         0.000     0.000 r  external_clk_0_IBUF_BUFG_inst/O
                         net (fo=12426, routed)       0.898     0.898    i_platform/i_pll0/i_xilinx_clock_pll_0/inst/clk_in1
    MMCME2_ADV_X0Y0      MMCME2_ADV (Prop_mmcme2_adv_CLKIN1_CLKOUT2)
                                                     -1.625    -0.727 r  i_platform/i_pll0/i_xilinx_clock_pll_0/inst/mmcm_adv_inst/CLKOUT2
                         net (fo=1, routed)           0.700    -0.027    i_platform/i_pll0/i_xilinx_clock_pll_0/inst/clk_150000000_xilinx_clock_pll_0
    BUFGCTRL_X0Y2        BUFG (Prop_bufg_I_O)         0.029     0.002 r  i_platform/i_pll0/i_xilinx_clock_pll_0/inst/clkout3_buf/O
                         net (fo=1, routed)           0.833     0.835    i_platform/i_system_ddr/nolabel_line70/u_xilinx_ddr3_ctrl_axi32_mig/u_ddr3_infrastructure/mmcm_clk
    PLLE2_ADV_X1Y1       PLLE2_ADV (Prop_plle2_adv_CLKIN1_CLKOUT3)
                                                      0.053     0.888 r  i_platform/i_system_ddr/nolabel_line70/u_xilinx_ddr3_ctrl_axi32_mig/u_ddr3_infrastructure/plle2_i/CLKOUT3
                         net (fo=1, routed)           0.437     1.325    i_platform/i_system_ddr/nolabel_line70/u_xilinx_ddr3_ctrl_axi32_mig/u_ddr3_infrastructure/pll_clk3_out
    BUFHCE_X1Y12         BUFH (Prop_bufh_I_O)         0.043     1.368 r  i_platform/i_system_ddr/nolabel_line70/u_xilinx_ddr3_ctrl_axi32_mig/u_ddr3_infrastructure/u_bufh_pll_clk3/O
                         net (fo=1, routed)           0.494     1.862    i_platform/i_system_ddr/nolabel_line70/u_xilinx_ddr3_ctrl_axi32_mig/u_ddr3_infrastructure/pll_clk3
    MMCME2_ADV_X1Y1      MMCME2_ADV (Prop_mmcme2_adv_CLKIN1_CLKFBOUT)
                                                     -1.400     0.461 r  i_platform/i_system_ddr/nolabel_line70/u_xilinx_ddr3_ctrl_axi32_mig/u_ddr3_infrastructure/gen_mmcm.mmcm_i/CLKFBOUT
                         net (fo=1, routed)           0.544     1.005    i_platform/i_system_ddr/nolabel_line70/u_xilinx_ddr3_ctrl_axi32_mig/u_ddr3_infrastructure/clk_pll_i
    BUFGCTRL_X0Y0        BUFG (Prop_bufg_I_O)         0.029     1.034 r  i_platform/i_system_ddr/nolabel_line70/u_xilinx_ddr3_ctrl_axi32_mig/u_ddr3_infrastructure/u_bufg_clkdiv0/O
                         net (fo=10775, routed)       0.832     1.866    i_platform/i_system_ddr/nolabel_line70/u_xilinx_ddr3_ctrl_axi32_mig/u_memc_ui_top_axi/u_axi_mc/axi_mc_r_channel_0/rd_data_fifo_0/cnt_read_reg[0]_0
    SLICE_X62Y85         SRLC32E                                      r  i_platform/i_system_ddr/nolabel_line70/u_xilinx_ddr3_ctrl_axi32_mig/u_memc_ui_top_axi/u_axi_mc/axi_mc_r_channel_0/rd_data_fifo_0/memory_reg[63][26]_srl32/CLK
                         clock pessimism             -0.528     1.338    <hidden>
    SLICE_X62Y85         SRLC32E (Hold_srlc32e_CLK_D)
                                                      0.183     1.521    i_platform/i_system_ddr/nolabel_line70/u_xilinx_ddr3_ctrl_axi32_mig/u_memc_ui_top_axi/u_axi_mc/axi_mc_r_channel_0/rd_data_fifo_0/memory_reg[63][26]_srl32
  -------------------------------------------------------------------
                         required time                         -1.521    <hidden>
                         arrival time                           1.561    <hidden>
  -------------------------------------------------------------------
                         slack                                  0.041    <hidden>





Pulse Width Checks
--------------------------------------------------------------------------------------
Clock Name:         clk_pll_i
Waveform(ns):       { 0.000 3.333 }
Period(ns):         6.667
Sources:            { i_platform/i_system_ddr/nolabel_line70/u_xilinx_ddr3_ctrl_axi32_mig/u_ddr3_infrastructure/gen_mmcm.mmcm_i/CLKFBOUT }

Check Type        Corner  Lib Pin             Reference Pin  Required(ns)  Actual(ns)  Slack(ns)  Location         Pin
Min Period        n/a     OUT_FIFO/WRCLK      n/a            5.000         6.667       1.667      OUT_FIFO_X1Y4    i_platform/i_system_ddr/nolabel_line70/u_xilinx_ddr3_ctrl_axi32_mig/u_memc_ui_top_axi/mem_intfc0/ddr_phy_top0/u_ddr_mc_phy_wrapper/u_ddr_mc_phy/ddr_phy_4lanes_0.u_ddr_phy_4lanes/ddr_byte_lane_A.ddr_byte_lane_A/out_fifo/WRCLK
Max Period        n/a     MMCME2_ADV/CLKFBIN  n/a            100.000       6.667       93.333     MMCME2_ADV_X1Y1  i_platform/i_system_ddr/nolabel_line70/u_xilinx_ddr3_ctrl_axi32_mig/u_ddr3_infrastructure/gen_mmcm.mmcm_i/CLKFBIN
Low Pulse Width   Slow    OUT_FIFO/WRCLK      n/a            2.150         3.333       1.183      OUT_FIFO_X1Y4    i_platform/i_system_ddr/nolabel_line70/u_xilinx_ddr3_ctrl_axi32_mig/u_memc_ui_top_axi/mem_intfc0/ddr_phy_top0/u_ddr_mc_phy_wrapper/u_ddr_mc_phy/ddr_phy_4lanes_0.u_ddr_phy_4lanes/ddr_byte_lane_A.ddr_byte_lane_A/out_fifo/WRCLK
High Pulse Width  Slow    OUT_FIFO/WRCLK      n/a            2.150         3.333       1.183      OUT_FIFO_X1Y4    i_platform/i_system_ddr/nolabel_line70/u_xilinx_ddr3_ctrl_axi32_mig/u_memc_ui_top_axi/mem_intfc0/ddr_phy_top0/u_ddr_mc_phy_wrapper/u_ddr_mc_phy/ddr_phy_4lanes_0.u_ddr_phy_4lanes/ddr_byte_lane_A.ddr_byte_lane_A/out_fifo/WRCLK



---------------------------------------------------------------------------------------------------
From Clock:  pll_clkfbout
  To Clock:  pll_clkfbout

Setup :           NA  Failing Endpoints,  Worst Slack           NA  ,  Total Violation           NA
Hold  :           NA  Failing Endpoints,  Worst Slack           NA  ,  Total Violation           NA
PW    :            0  Failing Endpoints,  Worst Slack        5.418ns,  Total Violation        0.000ns
---------------------------------------------------------------------------------------------------


Pulse Width Checks
--------------------------------------------------------------------------------------
Clock Name:         pll_clkfbout
Waveform(ns):       { 0.000 3.333 }
Period(ns):         6.667
Sources:            { i_platform/i_system_ddr/nolabel_line70/u_xilinx_ddr3_ctrl_axi32_mig/u_ddr3_infrastructure/plle2_i/CLKFBOUT }

Check Type  Corner  Lib Pin             Reference Pin  Required(ns)  Actual(ns)  Slack(ns)  Location        Pin
Min Period  n/a     PLLE2_ADV/CLKFBOUT  n/a            1.249         6.667       5.418      PLLE2_ADV_X1Y1  i_platform/i_system_ddr/nolabel_line70/u_xilinx_ddr3_ctrl_axi32_mig/u_ddr3_infrastructure/plle2_i/CLKFBOUT
Max Period  n/a     PLLE2_ADV/CLKFBIN   n/a            52.633        6.667       45.966     PLLE2_ADV_X1Y1  i_platform/i_system_ddr/nolabel_line70/u_xilinx_ddr3_ctrl_axi32_mig/u_ddr3_infrastructure/plle2_i/CLKFBIN



---------------------------------------------------------------------------------------------------
From Clock:  sync_pulse
  To Clock:  sync_pulse

Setup :           NA  Failing Endpoints,  Worst Slack           NA  ,  Total Violation           NA
Hold  :           NA  Failing Endpoints,  Worst Slack           NA  ,  Total Violation           NA
PW    :            0  Failing Endpoints,  Worst Slack        2.083ns,  Total Violation        0.000ns
---------------------------------------------------------------------------------------------------


Pulse Width Checks
--------------------------------------------------------------------------------------
Clock Name:         sync_pulse
Waveform(ns):       { 1.458 4.792 }
Period(ns):         53.333
Sources:            { i_platform/i_system_ddr/nolabel_line70/u_xilinx_ddr3_ctrl_axi32_mig/u_ddr3_infrastructure/plle2_i/CLKOUT2 }

Check Type        Corner  Lib Pin                Reference Pin  Required(ns)  Actual(ns)  Slack(ns)  Location             Pin
Min Period        n/a     PLLE2_ADV/CLKOUT2      n/a            1.249         53.333      52.084     PLLE2_ADV_X1Y1       i_platform/i_system_ddr/nolabel_line70/u_xilinx_ddr3_ctrl_axi32_mig/u_ddr3_infrastructure/plle2_i/CLKOUT2
Max Period        n/a     PLLE2_ADV/CLKOUT2      n/a            160.000       53.333      106.667    PLLE2_ADV_X1Y1       i_platform/i_system_ddr/nolabel_line70/u_xilinx_ddr3_ctrl_axi32_mig/u_ddr3_infrastructure/plle2_i/CLKOUT2
High Pulse Width  Slow    PHASER_OUT_PHY/SYNCIN  n/a            1.250         3.333       2.083      PHASER_OUT_PHY_X1Y4  i_platform/i_system_ddr/nolabel_line70/u_xilinx_ddr3_ctrl_axi32_mig/u_memc_ui_top_axi/mem_intfc0/ddr_phy_top0/u_ddr_mc_phy_wrapper/u_ddr_mc_phy/ddr_phy_4lanes_0.u_ddr_phy_4lanes/ddr_byte_lane_A.ddr_byte_lane_A/phaser_out/SYNCIN



---------------------------------------------------------------------------------------------------
From Clock:  clk_300000000_xilinx_clock_pll_0
  To Clock:  clk_300000000_xilinx_clock_pll_0

Setup :            0  Failing Endpoints,  Worst Slack        1.858ns,  Total Violation        0.000ns
Hold  :            0  Failing Endpoints,  Worst Slack        0.198ns,  Total Violation        0.000ns
PW    :            0  Failing Endpoints,  Worst Slack        0.109ns,  Total Violation        0.000ns
---------------------------------------------------------------------------------------------------


Max Delay Paths
--------------------------------------------------------------------------------------
Slack (MET) :             1.858ns  (required time - arrival time)
  Source:                 i_platform/i_system_ddr/nolabel_line70/u_xilinx_ddr3_ctrl_axi32_mig/u_iodelay_ctrl/rst_ref_sync_r_reg[0][13]/C
                            (rising edge-triggered cell FDPE clocked by clk_300000000_xilinx_clock_pll_0  {rise@0.000ns fall@1.667ns period=3.333ns})
  Destination:            i_platform/i_system_ddr/nolabel_line70/u_xilinx_ddr3_ctrl_axi32_mig/u_iodelay_ctrl/rst_ref_sync_r_reg[0][14]/D
                            (rising edge-triggered cell FDPE clocked by clk_300000000_xilinx_clock_pll_0  {rise@0.000ns fall@1.667ns period=3.333ns})
  Path Group:             clk_300000000_xilinx_clock_pll_0
  Path Type:              Setup (Max at Slow Process Corner)
  Requirement:            3.333ns  (clk_300000000_xilinx_clock_pll_0 rise@3.333ns - clk_300000000_xilinx_clock_pll_0 rise@0.000ns)
  Data Path Delay:        1.321ns  (logic 0.456ns (34.524%)  route 0.865ns (65.476%))
  Logic Levels:           0  
  Clock Path Skew:        -0.021ns (DCD - SCD + CPR)
    Destination Clock Delay (DCD):    1.601ns = ( 4.934 - 3.333 ) 
    Source Clock Delay      (SCD):    1.715ns
    Clock Pessimism Removal (CPR):    0.093ns
  Clock Uncertainty:      0.066ns  ((TSJ^2 + DJ^2)^1/2) / 2 + PE
    Total System Jitter     (TSJ):    0.071ns
    Discrete Jitter          (DJ):    0.112ns
    Phase Error              (PE):    0.000ns

    Location             Delay type                Incr(ns)  Path(ns)    Netlist Resource(s)
  -------------------------------------------------------------------    -------------------
                         (clock clk_300000000_xilinx_clock_pll_0 rise edge)
                                                      0.000     0.000 r  <hidden>
    BUFGCTRL_X0Y16       BUFG                         0.000     0.000 r  external_clk_0_IBUF_BUFG_inst/O
                         net (fo=12426, routed)       1.809     1.809    i_platform/i_pll0/i_xilinx_clock_pll_0/inst/clk_in1
    MMCME2_ADV_X0Y0      MMCME2_ADV (Prop_mmcme2_adv_CLKIN1_CLKOUT1)
                                                     -3.922    -2.112 r  i_platform/i_pll0/i_xilinx_clock_pll_0/inst/mmcm_adv_inst/CLKOUT1
                         net (fo=1, routed)           2.018    -0.094    i_platform/i_pll0/i_xilinx_clock_pll_0/inst/clk_300000000_xilinx_clock_pll_0
    BUFGCTRL_X0Y1        BUFG (Prop_bufg_I_O)         0.096     0.002 r  i_platform/i_pll0/i_xilinx_clock_pll_0/inst/clkout2_buf/O
                         net (fo=16, routed)          1.713     1.715    i_platform/i_system_ddr/nolabel_line70/u_xilinx_ddr3_ctrl_axi32_mig/u_iodelay_ctrl/clk_ref_i
    SLICE_X89Y113        FDPE                                         r  i_platform/i_system_ddr/nolabel_line70/u_xilinx_ddr3_ctrl_axi32_mig/u_iodelay_ctrl/rst_ref_sync_r_reg[0][13]/C
  -------------------------------------------------------------------    -------------------
    SLICE_X89Y113        FDPE (Prop_fdpe_C_Q)         0.456     2.171 r  i_platform/i_system_ddr/nolabel_line70/u_xilinx_ddr3_ctrl_axi32_mig/u_iodelay_ctrl/rst_ref_sync_r_reg[0][13]/Q
                         net (fo=1, routed)           0.865     3.036    i_platform/i_system_ddr/nolabel_line70/u_xilinx_ddr3_ctrl_axi32_mig/u_iodelay_ctrl/rst_ref_sync_r_reg_n_0_[0][13]
    SLICE_X89Y108        FDPE                                         r  i_platform/i_system_ddr/nolabel_line70/u_xilinx_ddr3_ctrl_axi32_mig/u_iodelay_ctrl/rst_ref_sync_r_reg[0][14]/D
  -------------------------------------------------------------------    -------------------

                         (clock clk_300000000_xilinx_clock_pll_0 rise edge)
                                                      3.333     3.333 r  <hidden>
    BUFGCTRL_X0Y16       BUFG                         0.000     3.333 r  external_clk_0_IBUF_BUFG_inst/O
                         net (fo=12426, routed)       1.683     5.016    i_platform/i_pll0/i_xilinx_clock_pll_0/inst/clk_in1
    MMCME2_ADV_X0Y0      MMCME2_ADV (Prop_mmcme2_adv_CLKIN1_CLKOUT1)
                                                     -3.694     1.322 r  i_platform/i_pll0/i_xilinx_clock_pll_0/inst/mmcm_adv_inst/CLKOUT1
                         net (fo=1, routed)           1.923     3.245    i_platform/i_pll0/i_xilinx_clock_pll_0/inst/clk_300000000_xilinx_clock_pll_0
    BUFGCTRL_X0Y1        BUFG (Prop_bufg_I_O)         0.091     3.336 r  i_platform/i_pll0/i_xilinx_clock_pll_0/inst/clkout2_buf/O
                         net (fo=16, routed)          1.598     4.934    i_platform/i_system_ddr/nolabel_line70/u_xilinx_ddr3_ctrl_axi32_mig/u_iodelay_ctrl/clk_ref_i
    SLICE_X89Y108        FDPE                                         r  i_platform/i_system_ddr/nolabel_line70/u_xilinx_ddr3_ctrl_axi32_mig/u_iodelay_ctrl/rst_ref_sync_r_reg[0][14]/C
                         clock pessimism              0.093     5.027    <hidden>
                         clock uncertainty           -0.066     4.961    <hidden>
    SLICE_X89Y108        FDPE (Setup_fdpe_C_D)       -0.067     4.894    i_platform/i_system_ddr/nolabel_line70/u_xilinx_ddr3_ctrl_axi32_mig/u_iodelay_ctrl/rst_ref_sync_r_reg[0][14]
  -------------------------------------------------------------------
                         required time                          4.894    <hidden>
                         arrival time                          -3.036    <hidden>
  -------------------------------------------------------------------
                         slack                                  1.858    <hidden>





Min Delay Paths
--------------------------------------------------------------------------------------
Slack (MET) :             0.198ns  (arrival time - required time)
  Source:                 i_platform/i_system_ddr/nolabel_line70/u_xilinx_ddr3_ctrl_axi32_mig/u_iodelay_ctrl/rst_ref_sync_r_reg[0][0]/C
                            (rising edge-triggered cell FDPE clocked by clk_300000000_xilinx_clock_pll_0  {rise@0.000ns fall@1.667ns period=3.333ns})
  Destination:            i_platform/i_system_ddr/nolabel_line70/u_xilinx_ddr3_ctrl_axi32_mig/u_iodelay_ctrl/rst_ref_sync_r_reg[0][1]/D
                            (rising edge-triggered cell FDPE clocked by clk_300000000_xilinx_clock_pll_0  {rise@0.000ns fall@1.667ns period=3.333ns})
  Path Group:             clk_300000000_xilinx_clock_pll_0
  Path Type:              Hold (Min at Fast Process Corner)
  Requirement:            0.000ns  (clk_300000000_xilinx_clock_pll_0 rise@0.000ns - clk_300000000_xilinx_clock_pll_0 rise@0.000ns)
  Data Path Delay:        0.245ns  (logic 0.141ns (57.511%)  route 0.104ns (42.489%))
  Logic Levels:           0  
  Clock Path Skew:        0.000ns (DCD - SCD - CPR)
    Destination Clock Delay (DCD):    0.871ns
    Source Clock Delay      (SCD):    0.601ns
    Clock Pessimism Removal (CPR):    0.271ns

    Location             Delay type                Incr(ns)  Path(ns)    Netlist Resource(s)
  -------------------------------------------------------------------    -------------------
                         (clock clk_300000000_xilinx_clock_pll_0 rise edge)
                                                      0.000     0.000 r  <hidden>
    BUFGCTRL_X0Y16       BUFG                         0.000     0.000 r  external_clk_0_IBUF_BUFG_inst/O
                         net (fo=12426, routed)       0.624     0.624    i_platform/i_pll0/i_xilinx_clock_pll_0/inst/clk_in1
    MMCME2_ADV_X0Y0      MMCME2_ADV (Prop_mmcme2_adv_CLKIN1_CLKOUT1)
                                                     -1.296    -0.672 r  i_platform/i_pll0/i_xilinx_clock_pll_0/inst/mmcm_adv_inst/CLKOUT1
                         net (fo=1, routed)           0.648    -0.024    i_platform/i_pll0/i_xilinx_clock_pll_0/inst/clk_300000000_xilinx_clock_pll_0
    BUFGCTRL_X0Y1        BUFG (Prop_bufg_I_O)         0.026     0.002 r  i_platform/i_pll0/i_xilinx_clock_pll_0/inst/clkout2_buf/O
                         net (fo=16, routed)          0.599     0.601    i_platform/i_system_ddr/nolabel_line70/u_xilinx_ddr3_ctrl_axi32_mig/u_iodelay_ctrl/clk_ref_i
    SLICE_X89Y114        FDPE                                         r  i_platform/i_system_ddr/nolabel_line70/u_xilinx_ddr3_ctrl_axi32_mig/u_iodelay_ctrl/rst_ref_sync_r_reg[0][0]/C
  -------------------------------------------------------------------    -------------------
    SLICE_X89Y114        FDPE (Prop_fdpe_C_Q)         0.141     0.742 r  i_platform/i_system_ddr/nolabel_line70/u_xilinx_ddr3_ctrl_axi32_mig/u_iodelay_ctrl/rst_ref_sync_r_reg[0][0]/Q
                         net (fo=1, routed)           0.104     0.846    i_platform/i_system_ddr/nolabel_line70/u_xilinx_ddr3_ctrl_axi32_mig/u_iodelay_ctrl/rst_ref_sync_r_reg_n_0_[0][0]
    SLICE_X89Y114        FDPE                                         r  i_platform/i_system_ddr/nolabel_line70/u_xilinx_ddr3_ctrl_axi32_mig/u_iodelay_ctrl/rst_ref_sync_r_reg[0][1]/D
  -------------------------------------------------------------------    -------------------

                         (clock clk_300000000_xilinx_clock_pll_0 rise edge)
                                                      0.000     0.000 r  <hidden>
    BUFGCTRL_X0Y16       BUFG                         0.000     0.000 r  external_clk_0_IBUF_BUFG_inst/O
                         net (fo=12426, routed)       0.898     0.898    i_platform/i_pll0/i_xilinx_clock_pll_0/inst/clk_in1
    MMCME2_ADV_X0Y0      MMCME2_ADV (Prop_mmcme2_adv_CLKIN1_CLKOUT1)
                                                     -1.625    -0.727 r  i_platform/i_pll0/i_xilinx_clock_pll_0/inst/mmcm_adv_inst/CLKOUT1
                         net (fo=1, routed)           0.700    -0.027    i_platform/i_pll0/i_xilinx_clock_pll_0/inst/clk_300000000_xilinx_clock_pll_0
    BUFGCTRL_X0Y1        BUFG (Prop_bufg_I_O)         0.029     0.002 r  i_platform/i_pll0/i_xilinx_clock_pll_0/inst/clkout2_buf/O
                         net (fo=16, routed)          0.869     0.871    i_platform/i_system_ddr/nolabel_line70/u_xilinx_ddr3_ctrl_axi32_mig/u_iodelay_ctrl/clk_ref_i
    SLICE_X89Y114        FDPE                                         r  i_platform/i_system_ddr/nolabel_line70/u_xilinx_ddr3_ctrl_axi32_mig/u_iodelay_ctrl/rst_ref_sync_r_reg[0][1]/C
                         clock pessimism             -0.271     0.601    <hidden>
    SLICE_X89Y114        FDPE (Hold_fdpe_C_D)         0.047     0.648    i_platform/i_system_ddr/nolabel_line70/u_xilinx_ddr3_ctrl_axi32_mig/u_iodelay_ctrl/rst_ref_sync_r_reg[0][1]
  -------------------------------------------------------------------
                         required time                         -0.648    <hidden>
                         arrival time                           0.846    <hidden>
  -------------------------------------------------------------------
                         slack                                  0.198    <hidden>





Pulse Width Checks
--------------------------------------------------------------------------------------
Clock Name:         clk_300000000_xilinx_clock_pll_0
Waveform(ns):       { 0.000 1.667 }
Period(ns):         3.333
Sources:            { i_platform/i_pll0/i_xilinx_clock_pll_0/inst/mmcm_adv_inst/CLKOUT1 }

Check Type        Corner  Lib Pin            Reference Pin  Required(ns)  Actual(ns)  Slack(ns)  Location         Pin
Min Period        n/a     IDELAYCTRL/REFCLK  n/a            3.225         3.333       0.109      IDELAYCTRL_X1Y1  i_platform/i_system_ddr/nolabel_line70/u_xilinx_ddr3_ctrl_axi32_mig/u_iodelay_ctrl/u_idelayctrl_200/REFCLK
Max Period        n/a     IDELAYCTRL/REFCLK  n/a            5.264         3.333       1.931      IDELAYCTRL_X1Y1  i_platform/i_system_ddr/nolabel_line70/u_xilinx_ddr3_ctrl_axi32_mig/u_iodelay_ctrl/u_idelayctrl_200/REFCLK
Low Pulse Width   Slow    FDPE/C             n/a            0.500         1.667       1.167      SLICE_X89Y114    i_platform/i_system_ddr/nolabel_line70/u_xilinx_ddr3_ctrl_axi32_mig/u_iodelay_ctrl/rst_ref_sync_r_reg[0][0]/C
High Pulse Width  Slow    FDPE/C             n/a            0.500         1.667       1.167      SLICE_X89Y114    i_platform/i_system_ddr/nolabel_line70/u_xilinx_ddr3_ctrl_axi32_mig/u_iodelay_ctrl/rst_ref_sync_r_reg[0][0]/C



---------------------------------------------------------------------------------------------------
From Clock:  clk_50000000_xilinx_clock_pll_0
  To Clock:  clk_50000000_xilinx_clock_pll_0

Setup :            0  Failing Endpoints,  Worst Slack        5.308ns,  Total Violation        0.000ns
Hold  :            0  Failing Endpoints,  Worst Slack        0.021ns,  Total Violation        0.000ns
PW    :            0  Failing Endpoints,  Worst Slack        8.750ns,  Total Violation        0.000ns
---------------------------------------------------------------------------------------------------


Max Delay Paths
--------------------------------------------------------------------------------------
Slack (MET) :             5.308ns  (required time - arrival time)
  Source:                 i_platform/i_rtl/i_main_core/i_orca/core/D__0/two_cycle.from_decode_instruction_signal_reg[8]/C
                            (rising edge-triggered cell FDCE clocked by clk_50000000_xilinx_clock_pll_0  {rise@0.000ns fall@10.000ns period=20.000ns})
  Destination:            i_platform/i_rtl/i_main_core/i_orca/core/X/syscall/memory_region_registers_gen[0].umr_gen.writeable_umr_gen.mumr_last_reg[0][2]/CE
                            (rising edge-triggered cell FDCE clocked by clk_50000000_xilinx_clock_pll_0  {rise@0.000ns fall@10.000ns period=20.000ns})
  Path Group:             clk_50000000_xilinx_clock_pll_0
  Path Type:              Setup (Max at Slow Process Corner)
  Requirement:            20.000ns  (clk_50000000_xilinx_clock_pll_0 rise@20.000ns - clk_50000000_xilinx_clock_pll_0 rise@0.000ns)
  Data Path Delay:        14.086ns  (logic 4.658ns (33.068%)  route 9.428ns (66.932%))
  Logic Levels:           16  (CARRY4=9 LUT3=3 LUT4=1 LUT5=1 LUT6=2)
  Clock Path Skew:        -0.105ns (DCD - SCD + CPR)
    Destination Clock Delay (DCD):    1.494ns = ( 21.494 - 20.000 ) 
    Source Clock Delay      (SCD):    1.605ns
    Clock Pessimism Removal (CPR):    0.006ns
  Clock Uncertainty:      0.087ns  ((TSJ^2 + DJ^2)^1/2) / 2 + PE
    Total System Jitter     (TSJ):    0.071ns
    Discrete Jitter          (DJ):    0.159ns
    Phase Error              (PE):    0.000ns

    Location             Delay type                Incr(ns)  Path(ns)    Netlist Resource(s)
  -------------------------------------------------------------------    -------------------
                         (clock clk_50000000_xilinx_clock_pll_0 rise edge)
                                                      0.000     0.000 r  <hidden>
    BUFGCTRL_X0Y16       BUFG                         0.000     0.000 r  external_clk_0_IBUF_BUFG_inst/O
                         net (fo=12426, routed)       1.809     1.809    i_platform/i_pll0/i_xilinx_clock_pll_0/inst/clk_in1
    MMCME2_ADV_X0Y0      MMCME2_ADV (Prop_mmcme2_adv_CLKIN1_CLKOUT0)
                                                     -3.922    -2.112 r  i_platform/i_pll0/i_xilinx_clock_pll_0/inst/mmcm_adv_inst/CLKOUT0
                         net (fo=1, routed)           2.018    -0.094    i_platform/i_pll0/i_xilinx_clock_pll_0/inst/clk_50000000_xilinx_clock_pll_0
    BUFGCTRL_X0Y3        BUFG (Prop_bufg_I_O)         0.096     0.002 r  i_platform/i_pll0/i_xilinx_clock_pll_0/inst/clkout1_buf/O
                         net (fo=11838, routed)       1.603     1.605    i_platform/i_rtl/i_main_core/i_orca/core/D__0/clk_50000000
    SLICE_X48Y127        FDCE                                         r  i_platform/i_rtl/i_main_core/i_orca/core/D__0/two_cycle.from_decode_instruction_signal_reg[8]/C
  -------------------------------------------------------------------    -------------------
    SLICE_X48Y127        FDCE (Prop_fdce_C_Q)         0.419     2.024 r  i_platform/i_rtl/i_main_core/i_orca/core/D__0/two_cycle.from_decode_instruction_signal_reg[8]/Q
                         net (fo=9, routed)           1.772     3.796    i_platform/i_rtl/i_main_core/i_orca/core/D__0/decode_to_execute_instruction[7]
    SLICE_X59Y115        LUT3 (Prop_lut3_I0_O)        0.325     4.121 r  i_platform/i_rtl/i_main_core/i_orca/core/D__0/address_unaligned_carry_i_3/O
                         net (fo=1, routed)           0.663     4.783    i_platform/i_rtl/i_main_core/i_orca/core/X/ls_unit/p_0_in_3[1]
    SLICE_X58Y115        CARRY4 (Prop_carry4_DI[1]_CO[3])
                                                      0.722     5.505 r  i_platform/i_rtl/i_main_core/i_orca/core/X/ls_unit/address_unaligned_carry/CO[3]
                         net (fo=1, routed)           0.000     5.505    i_platform/i_rtl/i_main_core/i_orca/core/X/ls_unit/address_unaligned_carry_n_0
    SLICE_X58Y116        CARRY4 (Prop_carry4_CI_CO[3])
                                                      0.117     5.622 r  i_platform/i_rtl/i_main_core/i_orca/core/X/ls_unit/address_unaligned_carry__0/CO[3]
                         net (fo=1, routed)           0.000     5.622    i_platform/i_rtl/i_main_core/i_orca/core/X/ls_unit/address_unaligned_carry__0_n_0
    SLICE_X58Y117        CARRY4 (Prop_carry4_CI_CO[3])
                                                      0.117     5.739 r  i_platform/i_rtl/i_main_core/i_orca/core/X/ls_unit/address_unaligned_carry__1/CO[3]
                         net (fo=1, routed)           0.000     5.739    i_platform/i_rtl/i_main_core/i_orca/core/X/ls_unit/address_unaligned_carry__1_n_0
    SLICE_X58Y118        CARRY4 (Prop_carry4_CI_CO[3])
                                                      0.117     5.856 r  i_platform/i_rtl/i_main_core/i_orca/core/X/ls_unit/address_unaligned_carry__2/CO[3]
                         net (fo=1, routed)           0.000     5.856    i_platform/i_rtl/i_main_core/i_orca/core/X/ls_unit/address_unaligned_carry__2_n_0
    SLICE_X58Y119        CARRY4 (Prop_carry4_CI_CO[3])
                                                      0.117     5.973 r  i_platform/i_rtl/i_main_core/i_orca/core/X/ls_unit/address_unaligned_carry__3/CO[3]
                         net (fo=1, routed)           0.000     5.973    i_platform/i_rtl/i_main_core/i_orca/core/X/ls_unit/address_unaligned_carry__3_n_0
    SLICE_X58Y120        CARRY4 (Prop_carry4_CI_CO[3])
                                                      0.117     6.090 r  i_platform/i_rtl/i_main_core/i_orca/core/X/ls_unit/address_unaligned_carry__4/CO[3]
                         net (fo=1, routed)           0.000     6.090    i_platform/i_rtl/i_main_core/i_orca/core/X/ls_unit/address_unaligned_carry__4_n_0
    SLICE_X58Y121        CARRY4 (Prop_carry4_CI_CO[3])
                                                      0.117     6.207 r  i_platform/i_rtl/i_main_core/i_orca/core/X/ls_unit/address_unaligned_carry__5/CO[3]
                         net (fo=1, routed)           0.000     6.207    i_platform/i_rtl/i_main_core/i_orca/core/X/ls_unit/address_unaligned_carry__5_n_0
    SLICE_X58Y122        CARRY4 (Prop_carry4_CI_O[3])
                                                      0.331     6.538 r  i_platform/i_rtl/i_main_core/i_orca/core/X/ls_unit/address_unaligned_carry__6/O[3]
                         net (fo=2, routed)           1.182     7.720    i_platform/i_rtl/i_main_core/i_orca/the_memory_interface/dcache_mux/internal_oimm_register/D[29]
    SLICE_X59Y116        LUT3 (Prop_lut3_I1_O)        0.335     8.055 r  i_platform/i_rtl/i_main_core/i_orca/the_memory_interface/dcache_mux/internal_oimm_register/rvx_signal_05[3][44]_i_2/O
                         net (fo=11, routed)          0.841     8.896    i_platform/i_rtl/i_main_core/i_orca/the_memory_interface/dcache_mux/internal_oimm_register/i_main_core_data_sxawaddr[2]
    SLICE_X59Y122        LUT6 (Prop_lut6_I5_O)        0.326     9.222 r  i_platform/i_rtl/i_main_core/i_orca/the_memory_interface/dcache_mux/internal_oimm_register/i__carry__2_i_1/O
                         net (fo=1, routed)           0.540     9.763    i_platform/i_rtl/i_main_core/i_orca/the_memory_interface/dcache_mux/internal_oimm_register_n_83
    SLICE_X59Y121        CARRY4 (Prop_carry4_DI[2]_CO[2])
                                                      0.356    10.119 f  i_platform/i_rtl/i_main_core/i_orca/the_memory_interface/dcache_mux/data_in1_inferred__0/i__carry__2/CO[2]
                         net (fo=5, routed)           1.072    11.191    i_platform/i_rtl/i_main_core/i_orca/the_memory_interface/dcache_mux/internal_oimm_register/CO[0]
    SLICE_X53Y114        LUT5 (Prop_lut5_I3_O)        0.339    11.530 r  i_platform/i_rtl/i_main_core/i_orca/the_memory_interface/dcache_mux/internal_oimm_register/to_dcache_control_valid_i_3/O
                         net (fo=3, routed)           1.140    12.669    i_platform/i_rtl/i_main_core/i_orca/the_memory_interface/dcache_gen.data_cache/the_cache/to_dcache_control_valid_reg
    SLICE_X49Y116        LUT4 (Prop_lut4_I2_O)        0.354    13.023 r  i_platform/i_rtl/i_main_core/i_orca/the_memory_interface/dcache_gen.data_cache/the_cache/to_dcache_control_valid_i_2/O
                         net (fo=3, routed)           0.314    13.337    i_platform/i_rtl/i_main_core/i_orca/core/X/syscall/from_dcache_control_ready
    SLICE_X47Y116        LUT6 (Prop_lut6_I4_O)        0.332    13.669 r  i_platform/i_rtl/i_main_core/i_orca/core/X/syscall/memory_region_registers_gen[0].umr_gen.writeable_umr_gen.mumr_base[0][31]_i_3/O
                         net (fo=2, routed)           0.623    14.292    i_platform/i_rtl/i_main_core/i_orca/core/X/syscall/mumr_base[0]1__3
    SLICE_X49Y117        LUT3 (Prop_lut3_I2_O)        0.117    14.409 r  i_platform/i_rtl/i_main_core/i_orca/core/X/syscall/memory_region_registers_gen[0].umr_gen.writeable_umr_gen.mumr_last[0][31]_i_1/O
                         net (fo=32, routed)          1.282    15.691    i_platform/i_rtl/i_main_core/i_orca/core/X/syscall/mumr_last[0]_208[0]
    SLICE_X65Y117        FDCE                                         r  i_platform/i_rtl/i_main_core/i_orca/core/X/syscall/memory_region_registers_gen[0].umr_gen.writeable_umr_gen.mumr_last_reg[0][2]/CE
  -------------------------------------------------------------------    -------------------

                         (clock clk_50000000_xilinx_clock_pll_0 rise edge)
                                                     20.000    20.000 r  <hidden>
    BUFGCTRL_X0Y16       BUFG                         0.000    20.000 r  external_clk_0_IBUF_BUFG_inst/O
                         net (fo=12426, routed)       1.683    21.683    i_platform/i_pll0/i_xilinx_clock_pll_0/inst/clk_in1
    MMCME2_ADV_X0Y0      MMCME2_ADV (Prop_mmcme2_adv_CLKIN1_CLKOUT0)
                                                     -3.694    17.989 r  i_platform/i_pll0/i_xilinx_clock_pll_0/inst/mmcm_adv_inst/CLKOUT0
                         net (fo=1, routed)           1.923    19.912    i_platform/i_pll0/i_xilinx_clock_pll_0/inst/clk_50000000_xilinx_clock_pll_0
    BUFGCTRL_X0Y3        BUFG (Prop_bufg_I_O)         0.091    20.003 r  i_platform/i_pll0/i_xilinx_clock_pll_0/inst/clkout1_buf/O
                         net (fo=11838, routed)       1.491    21.494    i_platform/i_rtl/i_main_core/i_orca/core/X/syscall/clk_50000000
    SLICE_X65Y117        FDCE                                         r  i_platform/i_rtl/i_main_core/i_orca/core/X/syscall/memory_region_registers_gen[0].umr_gen.writeable_umr_gen.mumr_last_reg[0][2]/C
                         clock pessimism              0.006    21.500    <hidden>
                         clock uncertainty           -0.087    21.412    <hidden>
    SLICE_X65Y117        FDCE (Setup_fdce_C_CE)      -0.413    20.999    i_platform/i_rtl/i_main_core/i_orca/core/X/syscall/memory_region_registers_gen[0].umr_gen.writeable_umr_gen.mumr_last_reg[0][2]
  -------------------------------------------------------------------
                         required time                         20.999    <hidden>
                         arrival time                         -15.691    <hidden>
  -------------------------------------------------------------------
                         slack                                  5.308    <hidden>





Min Delay Paths
--------------------------------------------------------------------------------------
Slack (MET) :             0.021ns  (arrival time - required time)
  Source:                 i_platform/i_rtl/i_main_core/i_orca/core/X/executed_inst_reg[1]/C
                            (rising edge-triggered cell FDCE clocked by clk_50000000_xilinx_clock_pll_0  {rise@0.000ns fall@10.000ns period=20.000ns})
  Destination:            i_platform/i_rtl/platform_controller/i_rvx_instance_5/i_rvx_instance_3/rvx_signal_0_reg[1]/D
                            (rising edge-triggered cell FDCE clocked by clk_50000000_xilinx_clock_pll_0  {rise@0.000ns fall@10.000ns period=20.000ns})
  Path Group:             clk_50000000_xilinx_clock_pll_0
  Path Type:              Hold (Min at Fast Process Corner)
  Requirement:            0.000ns  (clk_50000000_xilinx_clock_pll_0 rise@0.000ns - clk_50000000_xilinx_clock_pll_0 rise@0.000ns)
  Data Path Delay:        0.353ns  (logic 0.141ns (39.963%)  route 0.212ns (60.037%))
  Logic Levels:           0  
  Clock Path Skew:        0.266ns (DCD - SCD - CPR)
    Destination Clock Delay (DCD):    0.825ns
    Source Clock Delay      (SCD):    0.554ns
    Clock Pessimism Removal (CPR):    0.005ns

    Location             Delay type                Incr(ns)  Path(ns)    Netlist Resource(s)
  -------------------------------------------------------------------    -------------------
                         (clock clk_50000000_xilinx_clock_pll_0 rise edge)
                                                      0.000     0.000 r  <hidden>
    BUFGCTRL_X0Y16       BUFG                         0.000     0.000 r  external_clk_0_IBUF_BUFG_inst/O
                         net (fo=12426, routed)       0.624     0.624    i_platform/i_pll0/i_xilinx_clock_pll_0/inst/clk_in1
    MMCME2_ADV_X0Y0      MMCME2_ADV (Prop_mmcme2_adv_CLKIN1_CLKOUT0)
                                                     -1.296    -0.672 r  i_platform/i_pll0/i_xilinx_clock_pll_0/inst/mmcm_adv_inst/CLKOUT0
                         net (fo=1, routed)           0.648    -0.024    i_platform/i_pll0/i_xilinx_clock_pll_0/inst/clk_50000000_xilinx_clock_pll_0
    BUFGCTRL_X0Y3        BUFG (Prop_bufg_I_O)         0.026     0.002 r  i_platform/i_pll0/i_xilinx_clock_pll_0/inst/clkout1_buf/O
                         net (fo=11838, routed)       0.552     0.554    i_platform/i_rtl/i_main_core/i_orca/core/X/clk_50000000
    SLICE_X51Y129        FDCE                                         r  i_platform/i_rtl/i_main_core/i_orca/core/X/executed_inst_reg[1]/C
  -------------------------------------------------------------------    -------------------
    SLICE_X51Y129        FDCE (Prop_fdce_C_Q)         0.141     0.695 r  i_platform/i_rtl/i_main_core/i_orca/core/X/executed_inst_reg[1]/Q
                         net (fo=1, routed)           0.212     0.907    i_platform/i_rtl/platform_controller/i_rvx_instance_5/i_rvx_instance_3/rvx_signal_0_reg[31]_0[1]
    SLICE_X52Y133        FDCE                                         r  i_platform/i_rtl/platform_controller/i_rvx_instance_5/i_rvx_instance_3/rvx_signal_0_reg[1]/D
  -------------------------------------------------------------------    -------------------

                         (clock clk_50000000_xilinx_clock_pll_0 rise edge)
                                                      0.000     0.000 r  <hidden>
    BUFGCTRL_X0Y16       BUFG                         0.000     0.000 r  external_clk_0_IBUF_BUFG_inst/O
                         net (fo=12426, routed)       0.898     0.898    i_platform/i_pll0/i_xilinx_clock_pll_0/inst/clk_in1
    MMCME2_ADV_X0Y0      MMCME2_ADV (Prop_mmcme2_adv_CLKIN1_CLKOUT0)
                                                     -1.625    -0.727 r  i_platform/i_pll0/i_xilinx_clock_pll_0/inst/mmcm_adv_inst/CLKOUT0
                         net (fo=1, routed)           0.700    -0.027    i_platform/i_pll0/i_xilinx_clock_pll_0/inst/clk_50000000_xilinx_clock_pll_0
    BUFGCTRL_X0Y3        BUFG (Prop_bufg_I_O)         0.029     0.002 r  i_platform/i_pll0/i_xilinx_clock_pll_0/inst/clkout1_buf/O
                         net (fo=11838, routed)       0.822     0.824    i_platform/i_rtl/platform_controller/i_rvx_instance_5/i_rvx_instance_3/clk_50000000
    SLICE_X52Y133        FDCE                                         r  i_platform/i_rtl/platform_controller/i_rvx_instance_5/i_rvx_instance_3/rvx_signal_0_reg[1]/C
                         clock pessimism             -0.005     0.819    <hidden>
    SLICE_X52Y133        FDCE (Hold_fdce_C_D)         0.066     0.885    i_platform/i_rtl/platform_controller/i_rvx_instance_5/i_rvx_instance_3/rvx_signal_0_reg[1]
  -------------------------------------------------------------------
                         required time                         -0.886    <hidden>
                         arrival time                           0.907    <hidden>
  -------------------------------------------------------------------
                         slack                                  0.021    <hidden>





Pulse Width Checks
--------------------------------------------------------------------------------------
Clock Name:         clk_50000000_xilinx_clock_pll_0
Waveform(ns):       { 0.000 10.000 }
Period(ns):         20.000
Sources:            { i_platform/i_pll0/i_xilinx_clock_pll_0/inst/mmcm_adv_inst/CLKOUT0 }

Check Type        Corner  Lib Pin             Reference Pin  Required(ns)  Actual(ns)  Slack(ns)  Location         Pin
Min Period        n/a     DSP48E1/CLK         n/a            3.884         20.000      16.116     DSP48_X2Y49      i_platform/i_rtl/i_main_core/i_orca/core/X/alu/mul_gen.default_mul_gen.mul_dest_reg/CLK
Max Period        n/a     MMCME2_ADV/CLKOUT0  n/a            213.360       20.000      193.360    MMCME2_ADV_X0Y0  i_platform/i_pll0/i_xilinx_clock_pll_0/inst/mmcm_adv_inst/CLKOUT0
Low Pulse Width   Slow    RAMD64E/CLK         n/a            1.250         10.000      8.750      SLICE_X6Y171     i_platform/i_rtl/external_peri_group/i_gen_valid_uart[0].i_rvx_instance_05/i_rvx_instance_0/i_rvx_instance_1/i_rvx_instance_0/i_rvx_instance_0/rvx_signal_0_reg_0_63_0_2/RAMA/CLK
High Pulse Width  Slow    RAMD64E/CLK         n/a            1.250         10.000      8.750      SLICE_X6Y171     i_platform/i_rtl/external_peri_group/i_gen_valid_uart[0].i_rvx_instance_05/i_rvx_instance_0/i_rvx_instance_1/i_rvx_instance_0/i_rvx_instance_0/rvx_signal_0_reg_0_63_0_2/RAMA/CLK



---------------------------------------------------------------------------------------------------
From Clock:  clkfbout_xilinx_clock_pll_0
  To Clock:  clkfbout_xilinx_clock_pll_0

Setup :           NA  Failing Endpoints,  Worst Slack           NA  ,  Total Violation           NA
Hold  :           NA  Failing Endpoints,  Worst Slack           NA  ,  Total Violation           NA
PW    :            0  Failing Endpoints,  Worst Slack        7.845ns,  Total Violation        0.000ns
---------------------------------------------------------------------------------------------------


Pulse Width Checks
--------------------------------------------------------------------------------------
Clock Name:         clkfbout_xilinx_clock_pll_0
Waveform(ns):       { 0.000 5.000 }
Period(ns):         10.000
Sources:            { i_platform/i_pll0/i_xilinx_clock_pll_0/inst/mmcm_adv_inst/CLKFBOUT }

Check Type  Corner  Lib Pin             Reference Pin  Required(ns)  Actual(ns)  Slack(ns)  Location         Pin
Min Period  n/a     BUFG/I              n/a            2.155         10.000      7.845      BUFGCTRL_X0Y4    i_platform/i_pll0/i_xilinx_clock_pll_0/inst/clkf_buf/I
Max Period  n/a     MMCME2_ADV/CLKFBIN  n/a            100.000       10.000      90.000     MMCME2_ADV_X0Y0  i_platform/i_pll0/i_xilinx_clock_pll_0/inst/mmcm_adv_inst/CLKFBIN



---------------------------------------------------------------------------------------------------
From Clock:  pjtag_rclk
  To Clock:  pjtag_rclk

Setup :            0  Failing Endpoints,  Worst Slack       12.434ns,  Total Violation        0.000ns
Hold  :            0  Failing Endpoints,  Worst Slack        0.059ns,  Total Violation        0.000ns
PW    :            0  Failing Endpoints,  Worst Slack       49.500ns,  Total Violation        0.000ns
---------------------------------------------------------------------------------------------------


Max Delay Paths
--------------------------------------------------------------------------------------
Slack (MET) :             12.434ns  (required time - arrival time)
  Source:                 i_platform/i_rtl/platform_controller/i_rvx_instance_4/i_rvx_instance_0/rvx_port_09_reg/C
                            (falling edge-triggered cell FDCE clocked by pjtag_rclk  {rise@0.000ns fall@50.000ns period=100.000ns})
  Destination:            pjtag_rtdo
                            (output port clocked by pjtag_rclk  {rise@0.000ns fall@50.000ns period=100.000ns})
  Path Group:             pjtag_rclk
  Path Type:              Max at Slow Process Corner
  Requirement:            50.000ns  (pjtag_rclk rise@100.000ns - pjtag_rclk fall@50.000ns)
  Data Path Delay:        7.091ns  (logic 4.079ns (57.526%)  route 3.012ns (42.474%))
  Logic Levels:           1  (OBUF=1)
  Output Delay:           25.000ns
  Clock Path Skew:        -5.440ns (DCD - SCD + CPR)
    Destination Clock Delay (DCD):    0.000ns = ( 100.000 - 100.000 ) 
    Source Clock Delay      (SCD):    5.440ns = ( 55.440 - 50.000 ) 
    Clock Pessimism Removal (CPR):    0.000ns
  Clock Uncertainty:      0.035ns  ((TSJ^2 + TIJ^2)^1/2 + DJ) / 2 + PE
    Total System Jitter     (TSJ):    0.071ns
    Total Input Jitter      (TIJ):    0.000ns
    Discrete Jitter          (DJ):    0.000ns
    Phase Error              (PE):    0.000ns

    Location             Delay type                Incr(ns)  Path(ns)    Netlist Resource(s)
  -------------------------------------------------------------------    -------------------
                         (clock pjtag_rclk fall edge)
                                                     50.000    50.000 f  <hidden>
    F4                                                0.000    50.000 f  pjtag_rtck
                         net (fo=0)                   0.000    50.000    pjtag_rtck
    F4                   IBUF (Prop_ibuf_I_O)         1.472    51.472 f  pjtag_rtck_IBUF_inst/O
                         net (fo=1, routed)           2.025    53.496    pjtag_rtck_IBUF
    BUFGCTRL_X0Y17       BUFG (Prop_bufg_I_O)         0.096    53.592 f  pjtag_rtck_IBUF_BUFG_inst/O
                         net (fo=253, routed)         1.847    55.440    i_platform/i_rtl/platform_controller/i_rvx_instance_4/i_rvx_instance_0/pjtag_rtck
    SLICE_X74Y159        FDCE                                         r  i_platform/i_rtl/platform_controller/i_rvx_instance_4/i_rvx_instance_0/rvx_port_09_reg/C  (IS_INVERTED)
  -------------------------------------------------------------------    -------------------
    SLICE_X74Y159        FDCE (Prop_fdce_C_Q)         0.524    55.964 r  i_platform/i_rtl/platform_controller/i_rvx_instance_4/i_rvx_instance_0/rvx_port_09_reg/Q
                         net (fo=1, routed)           3.012    58.976    pjtag_rtdo_OBUF
    D4                   OBUF (Prop_obuf_I_O)         3.555    62.531 r  pjtag_rtdo_OBUF_inst/O
                         net (fo=0)                   0.000    62.531    pjtag_rtdo
    D4                                                                r  pjtag_rtdo
  -------------------------------------------------------------------    -------------------

                         (clock pjtag_rclk rise edge)
                                                    100.000   100.000 r  <hidden>
                         clock pessimism              0.000   100.000    <hidden>
                         clock uncertainty           -0.035    99.965    <hidden>
                         output delay               -25.000    74.965    <hidden>
  -------------------------------------------------------------------
                         required time                         74.965    <hidden>
                         arrival time                         -62.531    <hidden>
  -------------------------------------------------------------------
                         slack                                 12.434    <hidden>





Min Delay Paths
--------------------------------------------------------------------------------------
Slack (MET) :             0.059ns  (arrival time - required time)
  Source:                 i_platform/i_rtl/platform_controller/i_rvx_instance_4/i_rvx_instance_3/i_rvx_instance_0/synch_value_reg[24]/C
                            (rising edge-triggered cell FDCE clocked by pjtag_rclk  {rise@0.000ns fall@50.000ns period=100.000ns})
  Destination:            i_platform/i_rtl/platform_controller/i_rvx_instance_4/i_rvx_instance_0/i_rvx_instance_0/rvx_signal_1_reg[24]/D
                            (rising edge-triggered cell FDCE clocked by pjtag_rclk  {rise@0.000ns fall@50.000ns period=100.000ns})
  Path Group:             pjtag_rclk
  Path Type:              Hold (Min at Fast Process Corner)
  Requirement:            0.000ns  (pjtag_rclk rise@0.000ns - pjtag_rclk rise@0.000ns)
  Data Path Delay:        0.437ns  (logic 0.186ns (42.531%)  route 0.251ns (57.469%))
  Logic Levels:           1  (LUT6=1)
  Clock Path Skew:        0.259ns (DCD - SCD - CPR)
    Destination Clock Delay (DCD):    2.062ns
    Source Clock Delay      (SCD):    1.549ns
    Clock Pessimism Removal (CPR):    0.255ns

    Location             Delay type                Incr(ns)  Path(ns)    Netlist Resource(s)
  -------------------------------------------------------------------    -------------------
                         (clock pjtag_rclk rise edge)
                                                      0.000     0.000 r  <hidden>
    F4                                                0.000     0.000 r  pjtag_rtck
                         net (fo=0)                   0.000     0.000    pjtag_rtck
    F4                   IBUF (Prop_ibuf_I_O)         0.240     0.240 r  pjtag_rtck_IBUF_inst/O
                         net (fo=1, routed)           0.644     0.884    pjtag_rtck_IBUF
    BUFGCTRL_X0Y17       BUFG (Prop_bufg_I_O)         0.026     0.910 r  pjtag_rtck_IBUF_BUFG_inst/O
                         net (fo=253, routed)         0.639     1.549    i_platform/i_rtl/platform_controller/i_rvx_instance_4/i_rvx_instance_3/i_rvx_instance_0/pjtag_rtck
    SLICE_X41Y183        FDCE                                         r  i_platform/i_rtl/platform_controller/i_rvx_instance_4/i_rvx_instance_3/i_rvx_instance_0/synch_value_reg[24]/C
  -------------------------------------------------------------------    -------------------
    SLICE_X41Y183        FDCE (Prop_fdce_C_Q)         0.141     1.690 r  i_platform/i_rtl/platform_controller/i_rvx_instance_4/i_rvx_instance_3/i_rvx_instance_0/synch_value_reg[24]/Q
                         net (fo=1, routed)           0.251     1.941    i_platform/i_rtl/platform_controller/i_rvx_instance_4/i_rvx_instance_0/i_rvx_instance_1/rvx_signal_02_reg[18]
    SLICE_X54Y183        LUT6 (Prop_lut6_I3_O)        0.045     1.986 r  i_platform/i_rtl/platform_controller/i_rvx_instance_4/i_rvx_instance_0/i_rvx_instance_1/rvx_signal_1[24]_i_1/O
                         net (fo=1, routed)           0.000     1.986    i_platform/i_rtl/platform_controller/i_rvx_instance_4/i_rvx_instance_0/i_rvx_instance_0/D[24]
    SLICE_X54Y183        FDCE                                         r  i_platform/i_rtl/platform_controller/i_rvx_instance_4/i_rvx_instance_0/i_rvx_instance_0/rvx_signal_1_reg[24]/D
  -------------------------------------------------------------------    -------------------

                         (clock pjtag_rclk rise edge)
                                                      0.000     0.000 r  <hidden>
    F4                                                0.000     0.000 r  pjtag_rtck
                         net (fo=0)                   0.000     0.000    pjtag_rtck
    F4                   IBUF (Prop_ibuf_I_O)         0.427     0.427 r  pjtag_rtck_IBUF_inst/O
                         net (fo=1, routed)           0.699     1.126    pjtag_rtck_IBUF
    BUFGCTRL_X0Y17       BUFG (Prop_bufg_I_O)         0.029     1.155 r  pjtag_rtck_IBUF_BUFG_inst/O
                         net (fo=253, routed)         0.907     2.062    i_platform/i_rtl/platform_controller/i_rvx_instance_4/i_rvx_instance_0/i_rvx_instance_0/pjtag_rtck
    SLICE_X54Y183        FDCE                                         r  i_platform/i_rtl/platform_controller/i_rvx_instance_4/i_rvx_instance_0/i_rvx_instance_0/rvx_signal_1_reg[24]/C
                         clock pessimism             -0.255     1.808    <hidden>
    SLICE_X54Y183        FDCE (Hold_fdce_C_D)         0.120     1.928    i_platform/i_rtl/platform_controller/i_rvx_instance_4/i_rvx_instance_0/i_rvx_instance_0/rvx_signal_1_reg[24]
  -------------------------------------------------------------------
                         required time                         -1.928    <hidden>
                         arrival time                           1.986    <hidden>
  -------------------------------------------------------------------
                         slack                                  0.059    <hidden>





Pulse Width Checks
--------------------------------------------------------------------------------------
Clock Name:         pjtag_rclk
Waveform(ns):       { 0.000 50.000 }
Period(ns):         100.000
Sources:            { pjtag_rtck }

Check Type        Corner  Lib Pin  Reference Pin  Required(ns)  Actual(ns)  Slack(ns)  Location        Pin
Min Period        n/a     BUFG/I   n/a            2.155         100.000     97.845     BUFGCTRL_X0Y17  pjtag_rtck_IBUF_BUFG_inst/I
Low Pulse Width   Slow    FDCE/C   n/a            0.500         50.000      49.500     SLICE_X74Y158   i_platform/i_rtl/platform_controller/i_rvx_instance_4/i_rvx_instance_0/FSM_onehot_rvx_signal_14_reg[0]/C
High Pulse Width  Slow    FDCE/C   n/a            0.500         50.000      49.500     SLICE_X74Y158   i_platform/i_rtl/platform_controller/i_rvx_instance_4/i_rvx_instance_0/FSM_onehot_rvx_signal_14_reg[0]/C



---------------------------------------------------------------------------------------------------
From Clock:  sys_clk_pin
  To Clock:  sys_clk_pin

Setup :            0  Failing Endpoints,  Worst Slack        0.431ns,  Total Violation        0.000ns
Hold  :            0  Failing Endpoints,  Worst Slack        0.022ns,  Total Violation        0.000ns
PW    :            0  Failing Endpoints,  Worst Slack        3.750ns,  Total Violation        0.000ns
---------------------------------------------------------------------------------------------------


Max Delay Paths
--------------------------------------------------------------------------------------
Slack (MET) :             0.431ns  (required time - arrival time)
  Source:                 i_platform/i_bbht/u_top/u_main_ip/u_measure_verify/u_born/u_row_weight_mem/mem_reg/CLKARDCLK
                            (rising edge-triggered cell RAMB36E1 clocked by sys_clk_pin  {rise@0.000ns fall@5.000ns period=10.000ns})
  Destination:            i_platform/i_bbht/u_top/u_main_ip/u_measure_verify/u_born/FSM_onehot_st_reg[0]/CE
                            (rising edge-triggered cell FDSE clocked by sys_clk_pin  {rise@0.000ns fall@5.000ns period=10.000ns})
  Path Group:             sys_clk_pin
  Path Type:              Setup (Max at Slow Process Corner)
  Requirement:            10.000ns  (sys_clk_pin rise@10.000ns - sys_clk_pin rise@0.000ns)
  Data Path Delay:        9.217ns  (logic 4.738ns (51.407%)  route 4.479ns (48.593%))
  Logic Levels:           19  (CARRY4=14 LUT2=1 LUT3=1 LUT4=1 LUT5=1 LUT6=1)
  Clock Path Skew:        -0.086ns (DCD - SCD + CPR)
    Destination Clock Delay (DCD):    5.108ns = ( 15.108 - 10.000 ) 
    Source Clock Delay      (SCD):    5.462ns
    Clock Pessimism Removal (CPR):    0.267ns
  Clock Uncertainty:      0.061ns  ((TSJ^2 + TIJ^2)^1/2 + DJ) / 2 + PE
    Total System Jitter     (TSJ):    0.071ns
    Total Input Jitter      (TIJ):    0.100ns
    Discrete Jitter          (DJ):    0.000ns
    Phase Error              (PE):    0.000ns

    Location             Delay type                Incr(ns)  Path(ns)    Netlist Resource(s)
  -------------------------------------------------------------------    -------------------
                         (clock sys_clk_pin rise edge)
                                                      0.000     0.000 r  <hidden>
    E3                                                0.000     0.000 r  external_clk_0
                         net (fo=0)                   0.000     0.000    external_clk_0
    E3                   IBUF (Prop_ibuf_I_O)         1.482     1.482 r  external_clk_0_IBUF_inst/O
                         net (fo=1, routed)           2.025     3.506    external_clk_0_IBUF
    BUFGCTRL_X0Y16       BUFG (Prop_bufg_I_O)         0.096     3.602 r  external_clk_0_IBUF_BUFG_inst/O
                         net (fo=12426, routed)       1.860     5.462    i_platform/i_bbht/u_top/u_main_ip/u_measure_verify/u_born/u_row_weight_mem/external_clk_0
    RAMB36_X0Y7          RAMB36E1                                     r  i_platform/i_bbht/u_top/u_main_ip/u_measure_verify/u_born/u_row_weight_mem/mem_reg/CLKARDCLK
  -------------------------------------------------------------------    -------------------
    RAMB36_X0Y7          RAMB36E1 (Prop_ramb36e1_CLKARDCLK_DOADO[8])
                                                      0.882     6.344 r  i_platform/i_bbht/u_top/u_main_ip/u_measure_verify/u_born/u_row_weight_mem/mem_reg/DOADO[8]
                         net (fo=1, routed)           1.341     7.685    i_platform/i_bbht/u_top/u_main_ip/u_measure_verify/u_born/u_row_weight_mem/rw_weight_pipe[8]
    SLICE_X22Y31         LUT2 (Prop_lut2_I1_O)        0.124     7.809 r  i_platform/i_bbht/u_top/u_main_ip/u_measure_verify/u_born/u_row_weight_mem/row_cumulative[11]_i_6/O
                         net (fo=1, routed)           0.000     7.809    i_platform/i_bbht/u_top/u_main_ip/u_measure_verify/u_born/u_row_weight_mem/row_cumulative[11]_i_6_n_0
    SLICE_X22Y31         CARRY4 (Prop_carry4_S[0]_CO[3])
                                                      0.532     8.341 r  i_platform/i_bbht/u_top/u_main_ip/u_measure_verify/u_born/u_row_weight_mem/row_cumulative_reg[11]_i_2/CO[3]
                         net (fo=1, routed)           0.000     8.341    i_platform/i_bbht/u_top/u_main_ip/u_measure_verify/u_born/u_row_weight_mem/row_cumulative_reg[11]_i_2_n_0
    SLICE_X22Y32         CARRY4 (Prop_carry4_CI_CO[3])
                                                      0.114     8.455 r  i_platform/i_bbht/u_top/u_main_ip/u_measure_verify/u_born/u_row_weight_mem/row_cumulative_reg[15]_i_2/CO[3]
                         net (fo=1, routed)           0.000     8.455    i_platform/i_bbht/u_top/u_main_ip/u_measure_verify/u_born/u_row_weight_mem/row_cumulative_reg[15]_i_2_n_0
    SLICE_X22Y33         CARRY4 (Prop_carry4_CI_CO[3])
                                                      0.114     8.569 r  i_platform/i_bbht/u_top/u_main_ip/u_measure_verify/u_born/u_row_weight_mem/row_cumulative_reg[19]_i_2/CO[3]
                         net (fo=1, routed)           0.000     8.569    i_platform/i_bbht/u_top/u_main_ip/u_measure_verify/u_born/u_row_weight_mem/row_cumulative_reg[19]_i_2_n_0
    SLICE_X22Y34         CARRY4 (Prop_carry4_CI_CO[3])
                                                      0.114     8.683 r  i_platform/i_bbht/u_top/u_main_ip/u_measure_verify/u_born/u_row_weight_mem/row_cumulative_reg[23]_i_2/CO[3]
                         net (fo=1, routed)           0.000     8.683    i_platform/i_bbht/u_top/u_main_ip/u_measure_verify/u_born/u_row_weight_mem/row_cumulative_reg[23]_i_2_n_0
    SLICE_X22Y35         CARRY4 (Prop_carry4_CI_CO[3])
                                                      0.114     8.797 r  i_platform/i_bbht/u_top/u_main_ip/u_measure_verify/u_born/u_row_weight_mem/row_cumulative_reg[27]_i_2/CO[3]
                         net (fo=1, routed)           0.000     8.797    i_platform/i_bbht/u_top/u_main_ip/u_measure_verify/u_born/u_row_weight_mem/row_cumulative_reg[27]_i_2_n_0
    SLICE_X22Y36         CARRY4 (Prop_carry4_CI_CO[3])
                                                      0.114     8.911 r  i_platform/i_bbht/u_top/u_main_ip/u_measure_verify/u_born/u_row_weight_mem/row_cumulative_reg[31]_i_2/CO[3]
                         net (fo=1, routed)           0.000     8.911    i_platform/i_bbht/u_top/u_main_ip/u_measure_verify/u_born/u_row_weight_mem/row_cumulative_reg[31]_i_2_n_0
    SLICE_X22Y37         CARRY4 (Prop_carry4_CI_CO[3])
                                                      0.114     9.025 r  i_platform/i_bbht/u_top/u_main_ip/u_measure_verify/u_born/u_row_weight_mem/row_cumulative_reg[35]_i_2/CO[3]
                         net (fo=1, routed)           0.000     9.025    i_platform/i_bbht/u_top/u_main_ip/u_measure_verify/u_born/u_row_weight_mem/row_cumulative_reg[35]_i_2_n_0
    SLICE_X22Y38         CARRY4 (Prop_carry4_CI_CO[3])
                                                      0.114     9.139 r  i_platform/i_bbht/u_top/u_main_ip/u_measure_verify/u_born/u_row_weight_mem/row_cumulative_reg[39]_i_2/CO[3]
                         net (fo=1, routed)           0.000     9.139    i_platform/i_bbht/u_top/u_main_ip/u_measure_verify/u_born/u_row_weight_mem/row_cumulative_reg[39]_i_2_n_0
    SLICE_X22Y39         CARRY4 (Prop_carry4_CI_CO[3])
                                                      0.114     9.253 r  i_platform/i_bbht/u_top/u_main_ip/u_measure_verify/u_born/u_row_weight_mem/row_cumulative_reg[43]_i_2/CO[3]
                         net (fo=1, routed)           0.000     9.253    i_platform/i_bbht/u_top/u_main_ip/u_measure_verify/u_born/u_row_weight_mem/row_cumulative_reg[43]_i_2_n_0
    SLICE_X22Y40         CARRY4 (Prop_carry4_CI_CO[3])
                                                      0.114     9.367 r  i_platform/i_bbht/u_top/u_main_ip/u_measure_verify/u_born/u_row_weight_mem/row_cumulative_reg[47]_i_2/CO[3]
                         net (fo=1, routed)           0.000     9.367    i_platform/i_bbht/u_top/u_main_ip/u_measure_verify/u_born/u_row_weight_mem/row_cumulative_reg[47]_i_2_n_0
    SLICE_X22Y41         CARRY4 (Prop_carry4_CI_CO[3])
                                                      0.114     9.481 r  i_platform/i_bbht/u_top/u_main_ip/u_measure_verify/u_born/u_row_weight_mem/row_cumulative_reg[51]_i_2/CO[3]
                         net (fo=1, routed)           0.000     9.481    i_platform/i_bbht/u_top/u_main_ip/u_measure_verify/u_born/u_row_weight_mem/row_cumulative_reg[51]_i_2_n_0
    SLICE_X22Y42         CARRY4 (Prop_carry4_CI_CO[3])
                                                      0.114     9.595 r  i_platform/i_bbht/u_top/u_main_ip/u_measure_verify/u_born/u_row_weight_mem/row_cumulative_reg[55]_i_2/CO[3]
                         net (fo=1, routed)           0.000     9.595    i_platform/i_bbht/u_top/u_main_ip/u_measure_verify/u_born/u_row_weight_mem/row_cumulative_reg[55]_i_2_n_0
    SLICE_X22Y43         CARRY4 (Prop_carry4_CI_O[3])
                                                      0.313     9.908 r  i_platform/i_bbht/u_top/u_main_ip/u_measure_verify/u_born/u_row_weight_mem/row_cumulative_reg[59]_i_3/O[3]
                         net (fo=3, routed)           0.735    10.643    i_platform/i_bbht/u_top/u_main_ip/u_measure_verify/u_born/u_row_weight_mem/row_cumulative_reg[59]_i_3_n_4
    SLICE_X21Y43         LUT4 (Prop_lut4_I1_O)        0.306    10.949 r  i_platform/i_bbht/u_top/u_main_ip/u_measure_verify/u_born/u_row_weight_mem/rw_valid_d_i_11/O
                         net (fo=1, routed)           0.000    10.949    i_platform/i_bbht/u_top/u_main_ip/u_measure_verify/u_born/u_row_weight_mem/rw_valid_d_i_11_n_0
    SLICE_X21Y43         CARRY4 (Prop_carry4_S[1]_CO[2])
                                                      0.570    11.519 r  i_platform/i_bbht/u_top/u_main_ip/u_measure_verify/u_born/u_row_weight_mem/rw_valid_d_reg_i_2/CO[2]
                         net (fo=5, routed)           0.820    12.338    i_platform/i_bbht/u_top/u_main_ip/u_measure_verify/u_born/u_row_weight_mem/CO[0]
    SLICE_X30Y40         LUT3 (Prop_lut3_I2_O)        0.305    12.643 r  i_platform/i_bbht/u_top/u_main_ip/u_measure_verify/u_born/u_row_weight_mem/local_threshold[59]_i_1/O
                         net (fo=61, routed)          0.679    13.323    i_platform/i_bbht/u_top/u_main_ip/u_measure_verify/u_born/u_row_weight_mem/FSM_onehot_st_reg[2][0]
    SLICE_X32Y44         LUT5 (Prop_lut5_I3_O)        0.328    13.651 r  i_platform/i_bbht/u_top/u_main_ip/u_measure_verify/u_born/u_row_weight_mem/FSM_onehot_st[12]_i_2/O
                         net (fo=1, routed)           0.280    13.930    i_platform/i_bbht/u_top/u_main_ip/u_measure_verify/u_born/u_square32/FSM_onehot_st_reg[0]_0
    SLICE_X32Y44         LUT6 (Prop_lut6_I1_O)        0.124    14.054 r  i_platform/i_bbht/u_top/u_main_ip/u_measure_verify/u_born/u_square32/FSM_onehot_st[12]_i_1/O
                         net (fo=13, routed)          0.625    14.679    i_platform/i_bbht/u_top/u_main_ip/u_measure_verify/u_born/u_square32_n_1793
    SLICE_X33Y44         FDSE                                         r  i_platform/i_bbht/u_top/u_main_ip/u_measure_verify/u_born/FSM_onehot_st_reg[0]/CE
  -------------------------------------------------------------------    -------------------

                         (clock sys_clk_pin rise edge)
                                                     10.000    10.000 r  <hidden>
    E3                                                0.000    10.000 r  external_clk_0
                         net (fo=0)                   0.000    10.000    external_clk_0
    E3                   IBUF (Prop_ibuf_I_O)         1.411    11.411 r  external_clk_0_IBUF_inst/O
                         net (fo=1, routed)           1.920    13.331    external_clk_0_IBUF
    BUFGCTRL_X0Y16       BUFG (Prop_bufg_I_O)         0.091    13.422 r  external_clk_0_IBUF_BUFG_inst/O
                         net (fo=12426, routed)       1.686    15.108    i_platform/i_bbht/u_top/u_main_ip/u_measure_verify/u_born/external_clk_0
    SLICE_X33Y44         FDSE                                         r  i_platform/i_bbht/u_top/u_main_ip/u_measure_verify/u_born/FSM_onehot_st_reg[0]/C
                         clock pessimism              0.267    15.376    <hidden>
                         clock uncertainty           -0.061    15.314    <hidden>
    SLICE_X33Y44         FDSE (Setup_fdse_C_CE)      -0.205    15.109    i_platform/i_bbht/u_top/u_main_ip/u_measure_verify/u_born/FSM_onehot_st_reg[0]
  -------------------------------------------------------------------
                         required time                         15.109    <hidden>
                         arrival time                         -14.679    <hidden>
  -------------------------------------------------------------------
                         slack                                  0.431    <hidden>





Min Delay Paths
--------------------------------------------------------------------------------------
Slack (MET) :             0.022ns  (arrival time - required time)
  Source:                 i_platform/i_bbht/u_top/u_main_ip/u_measure_verify/u_born/u_square32/sq3_reg[633]/C
                            (rising edge-triggered cell FDRE clocked by sys_clk_pin  {rise@0.000ns fall@5.000ns period=10.000ns})
  Destination:            i_platform/i_bbht/u_top/u_main_ip/u_measure_verify/u_born/lane_sq_hold_reg[633]/D
                            (rising edge-triggered cell FDRE clocked by sys_clk_pin  {rise@0.000ns fall@5.000ns period=10.000ns})
  Path Group:             sys_clk_pin
  Path Type:              Hold (Min at Fast Process Corner)
  Requirement:            0.000ns  (sys_clk_pin rise@0.000ns - sys_clk_pin rise@0.000ns)
  Data Path Delay:        0.363ns  (logic 0.164ns (45.235%)  route 0.199ns (54.765%))
  Logic Levels:           0  
  Clock Path Skew:        0.263ns (DCD - SCD - CPR)
    Destination Clock Delay (DCD):    2.058ns
    Source Clock Delay      (SCD):    1.541ns
    Clock Pessimism Removal (CPR):    0.254ns

    Location             Delay type                Incr(ns)  Path(ns)    Netlist Resource(s)
  -------------------------------------------------------------------    -------------------
                         (clock sys_clk_pin rise edge)
                                                      0.000     0.000 r  <hidden>
    E3                                                0.000     0.000 r  external_clk_0
                         net (fo=0)                   0.000     0.000    external_clk_0
    E3                   IBUF (Prop_ibuf_I_O)         0.250     0.250 r  external_clk_0_IBUF_inst/O
                         net (fo=1, routed)           0.644     0.894    external_clk_0_IBUF
    BUFGCTRL_X0Y16       BUFG (Prop_bufg_I_O)         0.026     0.920 r  external_clk_0_IBUF_BUFG_inst/O
                         net (fo=12426, routed)       0.621     1.541    i_platform/i_bbht/u_top/u_main_ip/u_measure_verify/u_born/u_square32/external_clk_0
    SLICE_X54Y20         FDRE                                         r  i_platform/i_bbht/u_top/u_main_ip/u_measure_verify/u_born/u_square32/sq3_reg[633]/C
  -------------------------------------------------------------------    -------------------
    SLICE_X54Y20         FDRE (Prop_fdre_C_Q)         0.164     1.705 r  i_platform/i_bbht/u_top/u_main_ip/u_measure_verify/u_born/u_square32/sq3_reg[633]/Q
                         net (fo=1, routed)           0.199     1.903    i_platform/i_bbht/u_top/u_main_ip/u_measure_verify/u_born/sq_lane[633]
    SLICE_X51Y21         FDRE                                         r  i_platform/i_bbht/u_top/u_main_ip/u_measure_verify/u_born/lane_sq_hold_reg[633]/D
  -------------------------------------------------------------------    -------------------

                         (clock sys_clk_pin rise edge)
                                                      0.000     0.000 r  <hidden>
    E3                                                0.000     0.000 r  external_clk_0
                         net (fo=0)                   0.000     0.000    external_clk_0
    E3                   IBUF (Prop_ibuf_I_O)         0.438     0.438 r  external_clk_0_IBUF_inst/O
                         net (fo=1, routed)           0.699     1.136    external_clk_0_IBUF
    BUFGCTRL_X0Y16       BUFG (Prop_bufg_I_O)         0.029     1.165 r  external_clk_0_IBUF_BUFG_inst/O
                         net (fo=12426, routed)       0.893     2.058    i_platform/i_bbht/u_top/u_main_ip/u_measure_verify/u_born/external_clk_0
    SLICE_X51Y21         FDRE                                         r  i_platform/i_bbht/u_top/u_main_ip/u_measure_verify/u_born/lane_sq_hold_reg[633]/C
                         clock pessimism             -0.254     1.804    <hidden>
    SLICE_X51Y21         FDRE (Hold_fdre_C_D)         0.078     1.882    i_platform/i_bbht/u_top/u_main_ip/u_measure_verify/u_born/lane_sq_hold_reg[633]
  -------------------------------------------------------------------
                         required time                         -1.882    <hidden>
                         arrival time                           1.903    <hidden>
  -------------------------------------------------------------------
                         slack                                  0.022    <hidden>





Pulse Width Checks
--------------------------------------------------------------------------------------
Clock Name:         sys_clk_pin
Waveform(ns):       { 0.000 5.000 }
Period(ns):         10.000
Sources:            { external_clk_0 }

Check Type        Corner  Lib Pin      Reference Pin  Required(ns)  Actual(ns)  Slack(ns)  Location      Pin
Min Period        n/a     DSP48E1/CLK  n/a            3.884         10.000      6.116      DSP48_X0Y41   i_platform/i_bbht/u_top/u_main_ip/u_amp_store/dram_rd_addr_reg/CLK
Low Pulse Width   Slow    RAMD32/CLK   n/a            1.250         5.000       3.750      SLICE_X30Y93  i_platform/i_bbht/u_bridge/lenq_reg_0_3_0_5/RAMA/CLK
High Pulse Width  Slow    RAMD32/CLK   n/a            1.250         5.000       3.750      SLICE_X30Y93  i_platform/i_bbht/u_bridge/lenq_reg_0_3_0_5/RAMA/CLK



---------------------------------------------------------------------------------------------------
Path Group:  **async_default**
From Clock:  clk_50000000_xilinx_clock_pll_0
  To Clock:  clk_50000000_xilinx_clock_pll_0

Setup :            0  Failing Endpoints,  Worst Slack        6.848ns,  Total Violation        0.000ns
Hold  :            0  Failing Endpoints,  Worst Slack        0.607ns,  Total Violation        0.000ns
---------------------------------------------------------------------------------------------------


Max Delay Paths
--------------------------------------------------------------------------------------
Slack (MET) :             6.848ns  (required time - arrival time)
  Source:                 i_platform/i_rtl/platform_controller/i_rvx_instance_3/rvx_signal_05_reg[1]/C
                            (rising edge-triggered cell FDPE clocked by clk_50000000_xilinx_clock_pll_0  {rise@0.000ns fall@10.000ns period=20.000ns})
  Destination:            i_platform/i_rtl/i_snim_common_peri_group_no_name/i_munoc_instance_1/i_munoc_instance_7/i_munoc_instance_1/munoc_port_08_reg[1]/CLR
                            (recovery check against rising-edge clock clk_50000000_xilinx_clock_pll_0  {rise@0.000ns fall@10.000ns period=20.000ns})
  Path Group:             **async_default**
  Path Type:              Recovery (Max at Slow Process Corner)
  Requirement:            20.000ns  (clk_50000000_xilinx_clock_pll_0 rise@20.000ns - clk_50000000_xilinx_clock_pll_0 rise@0.000ns)
  Data Path Delay:        12.612ns  (logic 0.712ns (5.646%)  route 11.900ns (94.354%))
  Logic Levels:           1  (LUT2=1)
  Clock Path Skew:        0.154ns (DCD - SCD + CPR)
    Destination Clock Delay (DCD):    1.769ns = ( 21.769 - 20.000 ) 
    Source Clock Delay      (SCD):    1.621ns
    Clock Pessimism Removal (CPR):    0.006ns
  Clock Uncertainty:      0.087ns  ((TSJ^2 + DJ^2)^1/2) / 2 + PE
    Total System Jitter     (TSJ):    0.071ns
    Discrete Jitter          (DJ):    0.159ns
    Phase Error              (PE):    0.000ns

    Location             Delay type                Incr(ns)  Path(ns)    Netlist Resource(s)
  -------------------------------------------------------------------    -------------------
                         (clock clk_50000000_xilinx_clock_pll_0 rise edge)
                                                      0.000     0.000 r  <hidden>
    BUFGCTRL_X0Y16       BUFG                         0.000     0.000 r  external_clk_0_IBUF_BUFG_inst/O
                         net (fo=12426, routed)       1.809     1.809    i_platform/i_pll0/i_xilinx_clock_pll_0/inst/clk_in1
    MMCME2_ADV_X0Y0      MMCME2_ADV (Prop_mmcme2_adv_CLKIN1_CLKOUT0)
                                                     -3.922    -2.112 r  i_platform/i_pll0/i_xilinx_clock_pll_0/inst/mmcm_adv_inst/CLKOUT0
                         net (fo=1, routed)           2.018    -0.094    i_platform/i_pll0/i_xilinx_clock_pll_0/inst/clk_50000000_xilinx_clock_pll_0
    BUFGCTRL_X0Y3        BUFG (Prop_bufg_I_O)         0.096     0.002 r  i_platform/i_pll0/i_xilinx_clock_pll_0/inst/clkout1_buf/O
                         net (fo=11838, routed)       1.619     1.621    i_platform/i_rtl/platform_controller/i_rvx_instance_3/clk_50000000
    SLICE_X44Y140        FDPE                                         r  i_platform/i_rtl/platform_controller/i_rvx_instance_3/rvx_signal_05_reg[1]/C
  -------------------------------------------------------------------    -------------------
    SLICE_X44Y140        FDPE (Prop_fdpe_C_Q)         0.419     2.040 r  i_platform/i_rtl/platform_controller/i_rvx_instance_3/rvx_signal_05_reg[1]/Q
                         net (fo=5, routed)           0.595     2.635    i_platform/i_rtl/platform_controller/i_rvx_instance_3/p_0_in_0[1]
    SLICE_X45Y139        LUT2 (Prop_lut2_I1_O)        0.293     2.928 f  i_platform/i_rtl/platform_controller/i_rvx_instance_3/value[1]_i_2__13/O
                         net (fo=5504, routed)       11.305    14.233    i_platform/i_rtl/i_snim_common_peri_group_no_name/i_munoc_instance_1/i_munoc_instance_7/i_munoc_instance_1/munoc_signal_06_reg[8]_1
    SLICE_X3Y158         FDCE                                         f  i_platform/i_rtl/i_snim_common_peri_group_no_name/i_munoc_instance_1/i_munoc_instance_7/i_munoc_instance_1/munoc_port_08_reg[1]/CLR
  -------------------------------------------------------------------    -------------------

                         (clock clk_50000000_xilinx_clock_pll_0 rise edge)
                                                     20.000    20.000 r  <hidden>
    BUFGCTRL_X0Y16       BUFG                         0.000    20.000 r  external_clk_0_IBUF_BUFG_inst/O
                         net (fo=12426, routed)       1.683    21.683    i_platform/i_pll0/i_xilinx_clock_pll_0/inst/clk_in1
    MMCME2_ADV_X0Y0      MMCME2_ADV (Prop_mmcme2_adv_CLKIN1_CLKOUT0)
                                                     -3.694    17.989 r  i_platform/i_pll0/i_xilinx_clock_pll_0/inst/mmcm_adv_inst/CLKOUT0
                         net (fo=1, routed)           1.923    19.912    i_platform/i_pll0/i_xilinx_clock_pll_0/inst/clk_50000000_xilinx_clock_pll_0
    BUFGCTRL_X0Y3        BUFG (Prop_bufg_I_O)         0.091    20.003 r  i_platform/i_pll0/i_xilinx_clock_pll_0/inst/clkout1_buf/O
                         net (fo=11838, routed)       1.766    21.769    i_platform/i_rtl/i_snim_common_peri_group_no_name/i_munoc_instance_1/i_munoc_instance_7/i_munoc_instance_1/clk_50000000
    SLICE_X3Y158         FDCE                                         r  i_platform/i_rtl/i_snim_common_peri_group_no_name/i_munoc_instance_1/i_munoc_instance_7/i_munoc_instance_1/munoc_port_08_reg[1]/C
                         clock pessimism              0.006    21.775    <hidden>
                         clock uncertainty           -0.087    21.688    <hidden>
    SLICE_X3Y158         FDCE (Recov_fdce_C_CLR)     -0.607    21.081    i_platform/i_rtl/i_snim_common_peri_group_no_name/i_munoc_instance_1/i_munoc_instance_7/i_munoc_instance_1/munoc_port_08_reg[1]
  -------------------------------------------------------------------
                         required time                         21.081    <hidden>
                         arrival time                         -14.233    <hidden>
  -------------------------------------------------------------------
                         slack                                  6.848    <hidden>





Min Delay Paths
--------------------------------------------------------------------------------------
Slack (MET) :             0.607ns  (arrival time - required time)
  Source:                 i_platform/i_rtl/platform_controller/i_rvx_instance_3/rvx_signal_25_reg[2]/C
                            (rising edge-triggered cell FDCE clocked by clk_50000000_xilinx_clock_pll_0  {rise@0.000ns fall@10.000ns period=20.000ns})
  Destination:            i_platform/i_rtl/i_mnim_platform_controller_master/i_munoc_instance_01/i_munoc_instance_1/i_munoc_instance_0/rvx_signal_6_reg[1][15]/CLR
                            (removal check against rising-edge clock clk_50000000_xilinx_clock_pll_0  {rise@0.000ns fall@10.000ns period=20.000ns})
  Path Group:             **async_default**
  Path Type:              Removal (Min at Fast Process Corner)
  Requirement:            0.000ns  (clk_50000000_xilinx_clock_pll_0 rise@0.000ns - clk_50000000_xilinx_clock_pll_0 rise@0.000ns)
  Data Path Delay:        0.553ns  (logic 0.186ns (33.656%)  route 0.367ns (66.344%))
  Logic Levels:           1  (LUT2=1)
  Clock Path Skew:        0.038ns (DCD - SCD - CPR)
    Destination Clock Delay (DCD):    0.836ns
    Source Clock Delay      (SCD):    0.565ns
    Clock Pessimism Removal (CPR):    0.234ns

    Location             Delay type                Incr(ns)  Path(ns)    Netlist Resource(s)
  -------------------------------------------------------------------    -------------------
                         (clock clk_50000000_xilinx_clock_pll_0 rise edge)
                                                      0.000     0.000 r  <hidden>
    BUFGCTRL_X0Y16       BUFG                         0.000     0.000 r  external_clk_0_IBUF_BUFG_inst/O
                         net (fo=12426, routed)       0.624     0.624    i_platform/i_pll0/i_xilinx_clock_pll_0/inst/clk_in1
    MMCME2_ADV_X0Y0      MMCME2_ADV (Prop_mmcme2_adv_CLKIN1_CLKOUT0)
                                                     -1.296    -0.672 r  i_platform/i_pll0/i_xilinx_clock_pll_0/inst/mmcm_adv_inst/CLKOUT0
                         net (fo=1, routed)           0.648    -0.024    i_platform/i_pll0/i_xilinx_clock_pll_0/inst/clk_50000000_xilinx_clock_pll_0
    BUFGCTRL_X0Y3        BUFG (Prop_bufg_I_O)         0.026     0.002 r  i_platform/i_pll0/i_xilinx_clock_pll_0/inst/clkout1_buf/O
                         net (fo=11838, routed)       0.563     0.565    i_platform/i_rtl/platform_controller/i_rvx_instance_3/clk_50000000
    SLICE_X44Y141        FDCE                                         r  i_platform/i_rtl/platform_controller/i_rvx_instance_3/rvx_signal_25_reg[2]/C
  -------------------------------------------------------------------    -------------------
    SLICE_X44Y141        FDCE (Prop_fdce_C_Q)         0.141     0.706 r  i_platform/i_rtl/platform_controller/i_rvx_instance_3/rvx_signal_25_reg[2]/Q
                         net (fo=3, routed)           0.185     0.890    i_platform/i_rtl/platform_controller/i_rvx_instance_3/Q[1]
    SLICE_X44Y141        LUT2 (Prop_lut2_I1_O)        0.045     0.935 f  i_platform/i_rtl/platform_controller/i_rvx_instance_3/FSM_onehot_rvx_signal_08[3]_i_2__0/O
                         net (fo=1136, routed)        0.182     1.117    i_platform/i_rtl/i_mnim_platform_controller_master/i_munoc_instance_01/i_munoc_instance_1/i_munoc_instance_0/value_reg[1]_19
    SLICE_X41Y141        FDCE                                         f  i_platform/i_rtl/i_mnim_platform_controller_master/i_munoc_instance_01/i_munoc_instance_1/i_munoc_instance_0/rvx_signal_6_reg[1][15]/CLR
  -------------------------------------------------------------------    -------------------

                         (clock clk_50000000_xilinx_clock_pll_0 rise edge)
                                                      0.000     0.000 r  <hidden>
    BUFGCTRL_X0Y16       BUFG                         0.000     0.000 r  external_clk_0_IBUF_BUFG_inst/O
                         net (fo=12426, routed)       0.898     0.898    i_platform/i_pll0/i_xilinx_clock_pll_0/inst/clk_in1
    MMCME2_ADV_X0Y0      MMCME2_ADV (Prop_mmcme2_adv_CLKIN1_CLKOUT0)
                                                     -1.625    -0.727 r  i_platform/i_pll0/i_xilinx_clock_pll_0/inst/mmcm_adv_inst/CLKOUT0
                         net (fo=1, routed)           0.700    -0.027    i_platform/i_pll0/i_xilinx_clock_pll_0/inst/clk_50000000_xilinx_clock_pll_0
    BUFGCTRL_X0Y3        BUFG (Prop_bufg_I_O)         0.029     0.002 r  i_platform/i_pll0/i_xilinx_clock_pll_0/inst/clkout1_buf/O
                         net (fo=11838, routed)       0.835     0.836    i_platform/i_rtl/i_mnim_platform_controller_master/i_munoc_instance_01/i_munoc_instance_1/i_munoc_instance_0/clk_50000000
    SLICE_X41Y141        FDCE                                         r  i_platform/i_rtl/i_mnim_platform_controller_master/i_munoc_instance_01/i_munoc_instance_1/i_munoc_instance_0/rvx_signal_6_reg[1][15]/C
                         clock pessimism             -0.234     0.603    <hidden>
    SLICE_X41Y141        FDCE (Remov_fdce_C_CLR)     -0.092     0.511    i_platform/i_rtl/i_mnim_platform_controller_master/i_munoc_instance_01/i_munoc_instance_1/i_munoc_instance_0/rvx_signal_6_reg[1][15]
  -------------------------------------------------------------------
                         required time                         -0.511    <hidden>
                         arrival time                           1.117    <hidden>
  -------------------------------------------------------------------
                         slack                                  0.607    <hidden>





---------------------------------------------------------------------------------------------------
Path Group:  **async_default**
From Clock:  clk_pll_i
  To Clock:  clk_pll_i

Setup :            0  Failing Endpoints,  Worst Slack        3.691ns,  Total Violation        0.000ns
Hold  :            0  Failing Endpoints,  Worst Slack        0.628ns,  Total Violation        0.000ns
---------------------------------------------------------------------------------------------------


Max Delay Paths
--------------------------------------------------------------------------------------
Slack (MET) :             3.691ns  (required time - arrival time)
  Source:                 i_platform/i_system_ddr/nolabel_line70/u_xilinx_ddr3_ctrl_axi32_mig/u_ddr3_infrastructure/rstdiv0_sync_r1_reg_rep__0/C
                            (rising edge-triggered cell FDPE clocked by clk_pll_i  {rise@0.000ns fall@3.333ns period=6.667ns})
  Destination:            i_platform/i_system_ddr/nolabel_line70/u_xilinx_ddr3_ctrl_axi32_mig/u_memc_ui_top_axi/mem_intfc0/ddr_phy_top0/u_ddr_calib_top/u_ddr_phy_init/phy_reset_n_reg/CLR
                            (recovery check against rising-edge clock clk_pll_i  {rise@0.000ns fall@3.333ns period=6.667ns})
  Path Group:             **async_default**
  Path Type:              Recovery (Max at Slow Process Corner)
  Requirement:            6.667ns  (clk_pll_i rise@6.667ns - clk_pll_i rise@0.000ns)
  Data Path Delay:        2.568ns  (logic 0.456ns (17.755%)  route 2.112ns (82.245%))
  Logic Levels:           0  
  Clock Path Skew:        -0.031ns (DCD - SCD + CPR)
    Destination Clock Delay (DCD):    3.695ns = ( 10.362 - 6.667 ) 
    Source Clock Delay      (SCD):    3.992ns
    Clock Pessimism Removal (CPR):    0.266ns
  Clock Uncertainty:      0.057ns  ((TSJ^2 + DJ^2)^1/2) / 2 + PE
    Total System Jitter     (TSJ):    0.071ns
    Discrete Jitter          (DJ):    0.090ns
    Phase Error              (PE):    0.000ns

    Location             Delay type                Incr(ns)  Path(ns)    Netlist Resource(s)
  -------------------------------------------------------------------    -------------------
                         (clock clk_pll_i rise edge)
                                                      0.000     0.000 r  <hidden>
    BUFGCTRL_X0Y16       BUFG                         0.000     0.000 r  external_clk_0_IBUF_BUFG_inst/O
                         net (fo=12426, routed)       1.809     1.809    i_platform/i_pll0/i_xilinx_clock_pll_0/inst/clk_in1
    MMCME2_ADV_X0Y0      MMCME2_ADV (Prop_mmcme2_adv_CLKIN1_CLKOUT2)
                                                     -3.922    -2.112 r  i_platform/i_pll0/i_xilinx_clock_pll_0/inst/mmcm_adv_inst/CLKOUT2
                         net (fo=1, routed)           2.018    -0.094    i_platform/i_pll0/i_xilinx_clock_pll_0/inst/clk_150000000_xilinx_clock_pll_0
    BUFGCTRL_X0Y2        BUFG (Prop_bufg_I_O)         0.096     0.002 r  i_platform/i_pll0/i_xilinx_clock_pll_0/inst/clkout3_buf/O
                         net (fo=1, routed)           1.664     1.666    i_platform/i_system_ddr/nolabel_line70/u_xilinx_ddr3_ctrl_axi32_mig/u_ddr3_infrastructure/mmcm_clk
    PLLE2_ADV_X1Y1       PLLE2_ADV (Prop_plle2_adv_CLKIN1_CLKOUT3)
                                                      0.088     1.754 r  i_platform/i_system_ddr/nolabel_line70/u_xilinx_ddr3_ctrl_axi32_mig/u_ddr3_infrastructure/plle2_i/CLKOUT3
                         net (fo=1, routed)           1.281     3.035    i_platform/i_system_ddr/nolabel_line70/u_xilinx_ddr3_ctrl_axi32_mig/u_ddr3_infrastructure/pll_clk3_out
    BUFHCE_X1Y12         BUFH (Prop_bufh_I_O)         0.127     3.162 r  i_platform/i_system_ddr/nolabel_line70/u_xilinx_ddr3_ctrl_axi32_mig/u_ddr3_infrastructure/u_bufh_pll_clk3/O
                         net (fo=1, routed)           0.841     4.003    i_platform/i_system_ddr/nolabel_line70/u_xilinx_ddr3_ctrl_axi32_mig/u_ddr3_infrastructure/pll_clk3
    MMCME2_ADV_X1Y1      MMCME2_ADV (Prop_mmcme2_adv_CLKIN1_CLKFBOUT)
                                                     -3.457     0.547 r  i_platform/i_system_ddr/nolabel_line70/u_xilinx_ddr3_ctrl_axi32_mig/u_ddr3_infrastructure/gen_mmcm.mmcm_i/CLKFBOUT
                         net (fo=1, routed)           1.719     2.266    i_platform/i_system_ddr/nolabel_line70/u_xilinx_ddr3_ctrl_axi32_mig/u_ddr3_infrastructure/clk_pll_i
    BUFGCTRL_X0Y0        BUFG (Prop_bufg_I_O)         0.096     2.362 r  i_platform/i_system_ddr/nolabel_line70/u_xilinx_ddr3_ctrl_axi32_mig/u_ddr3_infrastructure/u_bufg_clkdiv0/O
                         net (fo=10775, routed)       1.630     3.992    i_platform/i_system_ddr/nolabel_line70/u_xilinx_ddr3_ctrl_axi32_mig/u_ddr3_infrastructure/u_bufg_clkdiv0_0
    SLICE_X68Y58         FDPE                                         r  i_platform/i_system_ddr/nolabel_line70/u_xilinx_ddr3_ctrl_axi32_mig/u_ddr3_infrastructure/rstdiv0_sync_r1_reg_rep__0/C
  -------------------------------------------------------------------    -------------------
    SLICE_X68Y58         FDPE (Prop_fdpe_C_Q)         0.456     4.448 f  i_platform/i_system_ddr/nolabel_line70/u_xilinx_ddr3_ctrl_axi32_mig/u_ddr3_infrastructure/rstdiv0_sync_r1_reg_rep__0/Q
                         net (fo=48, routed)          2.112     6.561    i_platform/i_system_ddr/nolabel_line70/u_xilinx_ddr3_ctrl_axi32_mig/u_memc_ui_top_axi/mem_intfc0/ddr_phy_top0/u_ddr_calib_top/u_ddr_phy_init/calib_seq_reg[0]_0
    SLICE_X70Y66         FDCE                                         f  i_platform/i_system_ddr/nolabel_line70/u_xilinx_ddr3_ctrl_axi32_mig/u_memc_ui_top_axi/mem_intfc0/ddr_phy_top0/u_ddr_calib_top/u_ddr_phy_init/phy_reset_n_reg/CLR
  -------------------------------------------------------------------    -------------------

                         (clock clk_pll_i rise edge)
                                                      6.667     6.667 r  <hidden>
    BUFGCTRL_X0Y16       BUFG                         0.000     6.667 r  external_clk_0_IBUF_BUFG_inst/O
                         net (fo=12426, routed)       1.683     8.350    i_platform/i_pll0/i_xilinx_clock_pll_0/inst/clk_in1
    MMCME2_ADV_X0Y0      MMCME2_ADV (Prop_mmcme2_adv_CLKIN1_CLKOUT2)
                                                     -3.694     4.656 r  i_platform/i_pll0/i_xilinx_clock_pll_0/inst/mmcm_adv_inst/CLKOUT2
                         net (fo=1, routed)           1.923     6.579    i_platform/i_pll0/i_xilinx_clock_pll_0/inst/clk_150000000_xilinx_clock_pll_0
    BUFGCTRL_X0Y2        BUFG (Prop_bufg_I_O)         0.091     6.670 r  i_platform/i_pll0/i_xilinx_clock_pll_0/inst/clkout3_buf/O
                         net (fo=1, routed)           1.541     8.211    i_platform/i_system_ddr/nolabel_line70/u_xilinx_ddr3_ctrl_axi32_mig/u_ddr3_infrastructure/mmcm_clk
    PLLE2_ADV_X1Y1       PLLE2_ADV (Prop_plle2_adv_CLKIN1_CLKOUT3)
                                                      0.083     8.294 r  i_platform/i_system_ddr/nolabel_line70/u_xilinx_ddr3_ctrl_axi32_mig/u_ddr3_infrastructure/plle2_i/CLKOUT3
                         net (fo=1, routed)           1.205     9.499    i_platform/i_system_ddr/nolabel_line70/u_xilinx_ddr3_ctrl_axi32_mig/u_ddr3_infrastructure/pll_clk3_out
    BUFHCE_X1Y12         BUFH (Prop_bufh_I_O)         0.081     9.580 r  i_platform/i_system_ddr/nolabel_line70/u_xilinx_ddr3_ctrl_axi32_mig/u_ddr3_infrastructure/u_bufh_pll_clk3/O
                         net (fo=1, routed)           0.799    10.379    i_platform/i_system_ddr/nolabel_line70/u_xilinx_ddr3_ctrl_axi32_mig/u_ddr3_infrastructure/pll_clk3
    MMCME2_ADV_X1Y1      MMCME2_ADV (Prop_mmcme2_adv_CLKIN1_CLKFBOUT)
                                                     -3.249     7.130 r  i_platform/i_system_ddr/nolabel_line70/u_xilinx_ddr3_ctrl_axi32_mig/u_ddr3_infrastructure/gen_mmcm.mmcm_i/CLKFBOUT
                         net (fo=1, routed)           1.639     8.769    i_platform/i_system_ddr/nolabel_line70/u_xilinx_ddr3_ctrl_axi32_mig/u_ddr3_infrastructure/clk_pll_i
    BUFGCTRL_X0Y0        BUFG (Prop_bufg_I_O)         0.091     8.860 r  i_platform/i_system_ddr/nolabel_line70/u_xilinx_ddr3_ctrl_axi32_mig/u_ddr3_infrastructure/u_bufg_clkdiv0/O
                         net (fo=10775, routed)       1.502    10.362    i_platform/i_system_ddr/nolabel_line70/u_xilinx_ddr3_ctrl_axi32_mig/u_memc_ui_top_axi/mem_intfc0/ddr_phy_top0/u_ddr_calib_top/u_ddr_phy_init/FSM_sequential_init_state_r_reg[3]_rep_1
    SLICE_X70Y66         FDCE                                         r  i_platform/i_system_ddr/nolabel_line70/u_xilinx_ddr3_ctrl_axi32_mig/u_memc_ui_top_axi/mem_intfc0/ddr_phy_top0/u_ddr_calib_top/u_ddr_phy_init/phy_reset_n_reg/C
                         clock pessimism              0.266    10.628    <hidden>
                         clock uncertainty           -0.057    10.571    <hidden>
    SLICE_X70Y66         FDCE (Recov_fdce_C_CLR)     -0.319    10.252    i_platform/i_system_ddr/nolabel_line70/u_xilinx_ddr3_ctrl_axi32_mig/u_memc_ui_top_axi/mem_intfc0/ddr_phy_top0/u_ddr_calib_top/u_ddr_phy_init/phy_reset_n_reg
  -------------------------------------------------------------------
                         required time                         10.252    <hidden>
                         arrival time                          -6.561    <hidden>
  -------------------------------------------------------------------
                         slack                                  3.691    <hidden>





Min Delay Paths
--------------------------------------------------------------------------------------
Slack (MET) :             0.628ns  (arrival time - required time)
  Source:                 i_platform/i_system_ddr/nolabel_line70/u_xilinx_ddr3_ctrl_axi32_mig/u_ddr3_infrastructure/rstdiv0_sync_r1_reg_rep__10/C
                            (rising edge-triggered cell FDPE clocked by clk_pll_i  {rise@0.000ns fall@3.333ns period=6.667ns})
  Destination:            i_platform/i_system_ddr/nolabel_line70/u_xilinx_ddr3_ctrl_axi32_mig/u_memc_ui_top_axi/mem_intfc0/ddr_phy_top0/u_ddr_mc_phy_wrapper/u_ddr_mc_phy/ddr_phy_4lanes_0.u_ddr_phy_4lanes/rst_out_reg/CLR
                            (removal check against rising-edge clock clk_pll_i  {rise@0.000ns fall@3.333ns period=6.667ns})
  Path Group:             **async_default**
  Path Type:              Removal (Min at Fast Process Corner)
  Requirement:            0.000ns  (clk_pll_i rise@0.000ns - clk_pll_i rise@0.000ns)
  Data Path Delay:        0.600ns  (logic 0.141ns (23.504%)  route 0.459ns (76.496%))
  Logic Levels:           0  
  Clock Path Skew:        0.064ns (DCD - SCD - CPR)
    Destination Clock Delay (DCD):    1.894ns
    Source Clock Delay      (SCD):    1.302ns
    Clock Pessimism Removal (CPR):    0.528ns

    Location             Delay type                Incr(ns)  Path(ns)    Netlist Resource(s)
  -------------------------------------------------------------------    -------------------
                         (clock clk_pll_i rise edge)
                                                      0.000     0.000 r  <hidden>
    BUFGCTRL_X0Y16       BUFG                         0.000     0.000 r  external_clk_0_IBUF_BUFG_inst/O
                         net (fo=12426, routed)       0.624     0.624    i_platform/i_pll0/i_xilinx_clock_pll_0/inst/clk_in1
    MMCME2_ADV_X0Y0      MMCME2_ADV (Prop_mmcme2_adv_CLKIN1_CLKOUT2)
                                                     -1.296    -0.672 r  i_platform/i_pll0/i_xilinx_clock_pll_0/inst/mmcm_adv_inst/CLKOUT2
                         net (fo=1, routed)           0.648    -0.024    i_platform/i_pll0/i_xilinx_clock_pll_0/inst/clk_150000000_xilinx_clock_pll_0
    BUFGCTRL_X0Y2        BUFG (Prop_bufg_I_O)         0.026     0.002 r  i_platform/i_pll0/i_xilinx_clock_pll_0/inst/clkout3_buf/O
                         net (fo=1, routed)           0.564     0.566    i_platform/i_system_ddr/nolabel_line70/u_xilinx_ddr3_ctrl_axi32_mig/u_ddr3_infrastructure/mmcm_clk
    PLLE2_ADV_X1Y1       PLLE2_ADV (Prop_plle2_adv_CLKIN1_CLKOUT3)
                                                      0.050     0.616 r  i_platform/i_system_ddr/nolabel_line70/u_xilinx_ddr3_ctrl_axi32_mig/u_ddr3_infrastructure/plle2_i/CLKOUT3
                         net (fo=1, routed)           0.394     1.010    i_platform/i_system_ddr/nolabel_line70/u_xilinx_ddr3_ctrl_axi32_mig/u_ddr3_infrastructure/pll_clk3_out
    BUFHCE_X1Y12         BUFH (Prop_bufh_I_O)         0.020     1.030 r  i_platform/i_system_ddr/nolabel_line70/u_xilinx_ddr3_ctrl_axi32_mig/u_ddr3_infrastructure/u_bufh_pll_clk3/O
                         net (fo=1, routed)           0.269     1.299    i_platform/i_system_ddr/nolabel_line70/u_xilinx_ddr3_ctrl_axi32_mig/u_ddr3_infrastructure/pll_clk3
    MMCME2_ADV_X1Y1      MMCME2_ADV (Prop_mmcme2_adv_CLKIN1_CLKFBOUT)
                                                     -1.083     0.215 r  i_platform/i_system_ddr/nolabel_line70/u_xilinx_ddr3_ctrl_axi32_mig/u_ddr3_infrastructure/gen_mmcm.mmcm_i/CLKFBOUT
                         net (fo=1, routed)           0.499     0.714    i_platform/i_system_ddr/nolabel_line70/u_xilinx_ddr3_ctrl_axi32_mig/u_ddr3_infrastructure/clk_pll_i
    BUFGCTRL_X0Y0        BUFG (Prop_bufg_I_O)         0.026     0.740 r  i_platform/i_system_ddr/nolabel_line70/u_xilinx_ddr3_ctrl_axi32_mig/u_ddr3_infrastructure/u_bufg_clkdiv0/O
                         net (fo=10775, routed)       0.562     1.302    i_platform/i_system_ddr/nolabel_line70/u_xilinx_ddr3_ctrl_axi32_mig/u_ddr3_infrastructure/u_bufg_clkdiv0_0
    SLICE_X67Y63         FDPE                                         r  i_platform/i_system_ddr/nolabel_line70/u_xilinx_ddr3_ctrl_axi32_mig/u_ddr3_infrastructure/rstdiv0_sync_r1_reg_rep__10/C
  -------------------------------------------------------------------    -------------------
    SLICE_X67Y63         FDPE (Prop_fdpe_C_Q)         0.141     1.443 f  i_platform/i_system_ddr/nolabel_line70/u_xilinx_ddr3_ctrl_axi32_mig/u_ddr3_infrastructure/rstdiv0_sync_r1_reg_rep__10/Q
                         net (fo=42, routed)          0.459     1.901    i_platform/i_system_ddr/nolabel_line70/u_xilinx_ddr3_ctrl_axi32_mig/u_memc_ui_top_axi/mem_intfc0/ddr_phy_top0/u_ddr_mc_phy_wrapper/u_ddr_mc_phy/ddr_phy_4lanes_0.u_ddr_phy_4lanes/SR[0]
    SLICE_X75Y67         FDCE                                         f  i_platform/i_system_ddr/nolabel_line70/u_xilinx_ddr3_ctrl_axi32_mig/u_memc_ui_top_axi/mem_intfc0/ddr_phy_top0/u_ddr_mc_phy_wrapper/u_ddr_mc_phy/ddr_phy_4lanes_0.u_ddr_phy_4lanes/rst_out_reg/CLR
  -------------------------------------------------------------------    -------------------

                         (clock clk_pll_i rise edge)
                                                      0.000     0.000 r  <hidden>
    BUFGCTRL_X0Y16       BUFG                         0.000     0.000 r  external_clk_0_IBUF_BUFG_inst/O
                         net (fo=12426, routed)       0.898     0.898    i_platform/i_pll0/i_xilinx_clock_pll_0/inst/clk_in1
    MMCME2_ADV_X0Y0      MMCME2_ADV (Prop_mmcme2_adv_CLKIN1_CLKOUT2)
                                                     -1.625    -0.727 r  i_platform/i_pll0/i_xilinx_clock_pll_0/inst/mmcm_adv_inst/CLKOUT2
                         net (fo=1, routed)           0.700    -0.027    i_platform/i_pll0/i_xilinx_clock_pll_0/inst/clk_150000000_xilinx_clock_pll_0
    BUFGCTRL_X0Y2        BUFG (Prop_bufg_I_O)         0.029     0.002 r  i_platform/i_pll0/i_xilinx_clock_pll_0/inst/clkout3_buf/O
                         net (fo=1, routed)           0.833     0.835    i_platform/i_system_ddr/nolabel_line70/u_xilinx_ddr3_ctrl_axi32_mig/u_ddr3_infrastructure/mmcm_clk
    PLLE2_ADV_X1Y1       PLLE2_ADV (Prop_plle2_adv_CLKIN1_CLKOUT3)
                                                      0.053     0.888 r  i_platform/i_system_ddr/nolabel_line70/u_xilinx_ddr3_ctrl_axi32_mig/u_ddr3_infrastructure/plle2_i/CLKOUT3
                         net (fo=1, routed)           0.437     1.325    i_platform/i_system_ddr/nolabel_line70/u_xilinx_ddr3_ctrl_axi32_mig/u_ddr3_infrastructure/pll_clk3_out
    BUFHCE_X1Y12         BUFH (Prop_bufh_I_O)         0.043     1.368 r  i_platform/i_system_ddr/nolabel_line70/u_xilinx_ddr3_ctrl_axi32_mig/u_ddr3_infrastructure/u_bufh_pll_clk3/O
                         net (fo=1, routed)           0.494     1.862    i_platform/i_system_ddr/nolabel_line70/u_xilinx_ddr3_ctrl_axi32_mig/u_ddr3_infrastructure/pll_clk3
    MMCME2_ADV_X1Y1      MMCME2_ADV (Prop_mmcme2_adv_CLKIN1_CLKFBOUT)
                                                     -1.400     0.461 r  i_platform/i_system_ddr/nolabel_line70/u_xilinx_ddr3_ctrl_axi32_mig/u_ddr3_infrastructure/gen_mmcm.mmcm_i/CLKFBOUT
                         net (fo=1, routed)           0.544     1.005    i_platform/i_system_ddr/nolabel_line70/u_xilinx_ddr3_ctrl_axi32_mig/u_ddr3_infrastructure/clk_pll_i
    BUFGCTRL_X0Y0        BUFG (Prop_bufg_I_O)         0.029     1.034 r  i_platform/i_system_ddr/nolabel_line70/u_xilinx_ddr3_ctrl_axi32_mig/u_ddr3_infrastructure/u_bufg_clkdiv0/O
                         net (fo=10775, routed)       0.860     1.894    i_platform/i_system_ddr/nolabel_line70/u_xilinx_ddr3_ctrl_axi32_mig/u_memc_ui_top_axi/mem_intfc0/ddr_phy_top0/u_ddr_mc_phy_wrapper/u_ddr_mc_phy/ddr_phy_4lanes_0.u_ddr_phy_4lanes/my_full_reg[4]
    SLICE_X75Y67         FDCE                                         r  i_platform/i_system_ddr/nolabel_line70/u_xilinx_ddr3_ctrl_axi32_mig/u_memc_ui_top_axi/mem_intfc0/ddr_phy_top0/u_ddr_mc_phy_wrapper/u_ddr_mc_phy/ddr_phy_4lanes_0.u_ddr_phy_4lanes/rst_out_reg/C
                         clock pessimism             -0.528     1.366    <hidden>
    SLICE_X75Y67         FDCE (Remov_fdce_C_CLR)     -0.092     1.274    i_platform/i_system_ddr/nolabel_line70/u_xilinx_ddr3_ctrl_axi32_mig/u_memc_ui_top_axi/mem_intfc0/ddr_phy_top0/u_ddr_mc_phy_wrapper/u_ddr_mc_phy/ddr_phy_4lanes_0.u_ddr_phy_4lanes/rst_out_reg
  -------------------------------------------------------------------
                         required time                         -1.274    <hidden>
                         arrival time                           1.901    <hidden>
  -------------------------------------------------------------------
                         slack                                  0.628    <hidden>





---------------------------------------------------------------------------------------------------
Path Group:  **default**
From Clock:  clk_pll_i
  To Clock:  

Setup :            0  Failing Endpoints,  Worst Slack        1.425ns,  Total Violation        0.000ns
Hold  :           NA  Failing Endpoints,  Worst Slack           NA  ,  Total Violation           NA
---------------------------------------------------------------------------------------------------


Max Delay Paths
--------------------------------------------------------------------------------------
Slack (MET) :             1.425ns  (required time - arrival time)
  Source:                 i_platform/i_system_ddr/nolabel_line70/u_xilinx_ddr3_ctrl_axi32_mig/u_ddr3_infrastructure/rstdiv0_sync_r1_reg/C
                            (rising edge-triggered cell FDPE clocked by clk_pll_i  {rise@0.000ns fall@3.333ns period=6.667ns})
  Destination:            i_platform/i_system_ddr/nolabel_line70/u_xilinx_ddr3_ctrl_axi32_mig/u_memc_ui_top_axi/mem_intfc0/ddr_phy_top0/u_ddr_mc_phy_wrapper/u_ddr_mc_phy/ddr_phy_4lanes_0.u_ddr_phy_4lanes/phy_control_i/RESET
  Path Group:             **default**
  Path Type:              Max at Slow Process Corner
  Requirement:            5.000ns  (MaxDelay Path 5.000ns)
  Data Path Delay:        3.575ns  (logic 0.456ns (12.756%)  route 3.119ns (87.244%))
  Logic Levels:           0  
  Output Delay:           0.000ns
  Timing Exception:       MaxDelay Path 5.000ns -datapath_only

    Location             Delay type                Incr(ns)  Path(ns)    Netlist Resource(s)
  -------------------------------------------------------------------    -------------------
    SLICE_X69Y47                                      0.000     0.000 r  i_platform/i_system_ddr/nolabel_line70/u_xilinx_ddr3_ctrl_axi32_mig/u_ddr3_infrastructure/rstdiv0_sync_r1_reg/C
    SLICE_X69Y47         FDPE (Prop_fdpe_C_Q)         0.456     0.456 r  i_platform/i_system_ddr/nolabel_line70/u_xilinx_ddr3_ctrl_axi32_mig/u_ddr3_infrastructure/rstdiv0_sync_r1_reg/Q
                         net (fo=47, routed)          3.119     3.575    i_platform/i_system_ddr/nolabel_line70/u_xilinx_ddr3_ctrl_axi32_mig/u_memc_ui_top_axi/mem_intfc0/ddr_phy_top0/u_ddr_mc_phy_wrapper/u_ddr_mc_phy/ddr_phy_4lanes_0.u_ddr_phy_4lanes/phy_control_i_0[0]
    PHY_CONTROL_X1Y1     PHY_CONTROL                                  r  i_platform/i_system_ddr/nolabel_line70/u_xilinx_ddr3_ctrl_axi32_mig/u_memc_ui_top_axi/mem_intfc0/ddr_phy_top0/u_ddr_mc_phy_wrapper/u_ddr_mc_phy/ddr_phy_4lanes_0.u_ddr_phy_4lanes/phy_control_i/RESET
  -------------------------------------------------------------------    -------------------

                         max delay                    5.000     5.000    <hidden>
    PHY_CONTROL_X1Y1     PHY_CONTROL                  0.000     5.000    i_platform/i_system_ddr/nolabel_line70/u_xilinx_ddr3_ctrl_axi32_mig/u_memc_ui_top_axi/mem_intfc0/ddr_phy_top0/u_ddr_mc_phy_wrapper/u_ddr_mc_phy/ddr_phy_4lanes_0.u_ddr_phy_4lanes/phy_control_i
                         output delay                -0.000     5.000    <hidden>
  -------------------------------------------------------------------
                         required time                          5.000    <hidden>
                         arrival time                          -3.575    <hidden>
  -------------------------------------------------------------------
                         slack                                  1.425    <hidden>





