Copyright 1986-2022 Xilinx, Inc. All Rights Reserved. Copyright 2022-2026 Advanced Micro Devices, Inc. All Rights Reserved.
---------------------------------------------------------------------------------------------------------------------------------------------------
| Tool Version : Vivado v.2026.1 (lin64) Build 6511674 Tue Jun 16 11:01:26 MDT 2026
| Date         : Fri Sep 25 12:43:58 2026
| Host         : Dev-Ubuntu running 64-bit Ubuntu 24.04.4 LTS
| Command      : report_utilization -hierarchical -file /opt/rvx/platform/bbht_grover_dram/imp_arty-100t_2026-09-25/imp_result/route_util_hier.rpt
| Design       : BBHT_GROVER_DRAM_FPGA
| Device       : xc7a100tcsg324-1
| Speed File   : -1
| Design State : Routed
---------------------------------------------------------------------------------------------------------------------------------------------------

Utilization Design Information

Table of Contents
-----------------
1. Utilization by Hierarchy

1. Utilization by Hierarchy
---------------------------

+------------------------------------------------------------------------+---------------------------------------------------------------------------------+------------+------------+---------+------+-------+--------+--------+------------+
|                                Instance                                |                                      Module                                     | Total LUTs | Logic LUTs | LUTRAMs | SRLs |  FFs  | RAMB36 | RAMB18 | DSP Blocks |
+------------------------------------------------------------------------+---------------------------------------------------------------------------------+------------+------------+---------+------+-------+--------+--------+------------+
| BBHT_GROVER_DRAM_FPGA                                                  |                                                                           (top) |      27379 |      26863 |     320 |  196 | 34162 |     33 |     96 |         74 |
|   (BBHT_GROVER_DRAM_FPGA)                                              |                                                                           (top) |        696 |        696 |       0 |    0 |     0 |      0 |      0 |          0 |
|   i_platform                                                           |                                                                BBHT_GROVER_DRAM |      26687 |      26171 |     320 |  196 | 34162 |     33 |     96 |         74 |
|     i_bbht                                                             |                                                               bbht_dram_axi_top |      10094 |      10088 |       6 |    0 | 10531 |      1 |     96 |         70 |
|       u_bridge                                                         |                                                          grover_dram_axi_bridge |        292 |        286 |       6 |    0 |  1744 |      0 |      0 |          4 |
|       u_top                                                            |                                                                   bbht_dram_top |       9803 |       9803 |       0 |    0 |  8787 |      1 |     96 |         66 |
|         u_loader                                                       |                                                                 bbht_ahb_loader |         86 |         86 |       0 |    0 |   120 |      0 |      0 |          0 |
|         u_main_ip                                                      |                                                       lpsoc_bbht_grover_main_ip |       9615 |       9615 |       0 |    0 |  8488 |      1 |     96 |         66 |
|           (u_main_ip)                                                  |                                                       lpsoc_bbht_grover_main_ip |          4 |          4 |       0 |    0 |    76 |      0 |      0 |          0 |
|           u_data_mem                                                   |                                                                 grover_data_mem |       1959 |       1959 |       0 |    0 |     5 |      0 |     32 |          0 |
|           u_iter_ctrl                                                  |                                                                 grover_ctrl_fsm |         87 |         87 |       0 |    0 |    69 |      0 |      0 |          0 |
|           u_iter_dp                                                    |                                                            grover_iter_datapath |       2537 |       2537 |       0 |    0 |  1748 |      0 |      0 |          0 |
|             (u_iter_dp)                                                |                                                            grover_iter_datapath |       2225 |       2225 |       0 |    0 |  1596 |      0 |      0 |          0 |
|             u_adder_tree                                               |                                                               grover_adder_tree |        316 |        316 |       0 |    0 |   113 |      0 |      0 |          0 |
|           u_meas_lfsr                                                  |                                                      grover_meas_prng64_adapter |        114 |        114 |       0 |    0 |    65 |      0 |      0 |          0 |
|           u_measure_verify                                             |                                                           grover_measure_verify |       2062 |       2062 |       0 |    0 |  6076 |      1 |      0 |         64 |
|             u_born                                                     |                                                             grover_born_sampler |       2034 |       2034 |       0 |    0 |  6038 |      1 |      0 |         64 |
|               (u_born)                                                 |                                                             grover_born_sampler |        608 |        608 |       0 |    0 |  2009 |      0 |      0 |          0 |
|               u_reject64                                               |                                                            grover_born_reject64 |        266 |        266 |       0 |    0 |    66 |      0 |      0 |          0 |
|               u_row_weight_mem                                         |                                                           grover_row_weight_mem |        117 |        117 |       0 |    0 |     0 |      1 |      0 |          0 |
|               u_square32                                               |                                                            grover_born_square32 |       1044 |       1044 |       0 |    0 |  3963 |      0 |      0 |         64 |
|           u_prep                                                       |                                                            grover_dram_prep_seq |        119 |        119 |       0 |    0 |    53 |      0 |      0 |          0 |
|           u_queue                                                      |                                                               grover_dram_queue |       2389 |       2389 |       0 |    0 |     0 |      0 |     64 |          0 |
|             u_buf_a                                                    |                                                                  grover_amp_mem |       2389 |       2389 |       0 |    0 |     0 |      0 |     32 |          0 |
|           u_shot                                                       |                                                            grover_dram_shot_fsm |        198 |        198 |       0 |    0 |   154 |      0 |      0 |          0 |
|             (u_shot)                                                   |                                                            grover_dram_shot_fsm |        117 |        117 |       0 |    0 |   113 |      0 |      0 |          0 |
|             u_bbht_random                                              |                                                              grover_bbht_random |         81 |         81 |       0 |    0 |    41 |      0 |      0 |          0 |
|           u_status                                                     |                                                          grover_status_counters |         62 |         62 |       0 |    0 |   150 |      0 |      0 |          0 |
|         u_mmio                                                         |                                                                bbht_grover_mmio |        109 |        109 |       0 |    0 |   179 |      0 |      0 |          0 |
|     i_rtl                                                              |                                                            BBHT_GROVER_DRAM_RTL |      11634 |      11586 |      48 |    0 | 19335 |      0 |      0 |          4 |
|       platform_controller                                              |                                                        ERVP_PLATFORM_CONTROLLER |       1678 |       1678 |       0 |    0 |  5002 |      0 |      0 |          0 |
|         i_rvx_instance_1                                               |                                                                  RVX_MODULE_118 |         34 |         34 |       0 |    0 |    75 |      0 |      0 |          0 |
|           i_rvx_instance_5                                             |                                                               RVX_MODULE_101_18 |         34 |         34 |       0 |    0 |    75 |      0 |      0 |          0 |
|             i_rvx_instance_0                                           |                                                               RVX_MODULE_026_19 |         34 |         34 |       0 |    0 |    72 |      0 |      0 |          0 |
|         i_rvx_instance_4                                               |                                                                  RVX_MODULE_009 |       1452 |       1452 |       0 |    0 |  4606 |      0 |      0 |          0 |
|           i_rvx_instance_3                                             |                                                                  RVX_MODULE_108 |          7 |          7 |       0 |    0 |   126 |      0 |      0 |          0 |
|             i_rvx_instance_0                                           |                                               ERVP_SYNCHRONIZER__parameterized1 |          5 |          5 |       0 |    0 |    78 |      0 |      0 |          0 |
|           i_rvx_instance_0                                             |                                                                  RVX_MODULE_103 |        100 |        100 |       0 |    0 |   127 |      0 |      0 |          0 |
|             i_rvx_instance_1                                           |                                                                  RVX_MODULE_013 |         90 |         90 |       0 |    0 |    16 |      0 |      0 |          0 |
|             i_rvx_instance_0                                           |                                                  RVX_MODULE_013__parameterized0 |          1 |          1 |       0 |    0 |    64 |      0 |      0 |          0 |
|           i_rvx_instance_1                                             |                                                                  RVX_MODULE_029 |       1210 |       1210 |       0 |    0 |  4234 |      0 |      0 |          0 |
|             i_rvx_instance_3                                           |                                                                    ERVP_FIFO_12 |        599 |        599 |       0 |    0 |  2077 |      0 |      0 |          0 |
|               (i_rvx_instance_3)                                       |                                                                    ERVP_FIFO_12 |          0 |          0 |       0 |    0 |  2048 |      0 |      0 |          0 |
|               i_rvx_instance_4                                         |                                                                        ERVP_MUX |        544 |        544 |       0 |    0 |     0 |      0 |      0 |          0 |
|             i_rvx_instance_1                                           |                                            ERVP_SYNCHRONIZER__parameterized0_11 |          1 |          1 |       0 |    0 |    66 |      0 |      0 |          0 |
|             i_rvx_instance_2                                           |                                                                       ERVP_FIFO |        609 |        609 |       0 |    0 |  2084 |      0 |      0 |          0 |
|               (i_rvx_instance_2)                                       |                                                                       ERVP_FIFO |          0 |          0 |       0 |    0 |  2048 |      0 |      0 |          0 |
|               i_rvx_instance_4                                         |                                                                     ERVP_MUX_17 |        544 |        544 |       0 |    0 |     0 |      0 |      0 |          0 |
|           i_rvx_instance_2                                             |                                                                  RVX_MODULE_065 |        135 |        135 |       0 |    0 |   119 |      0 |      0 |          0 |
|             (i_rvx_instance_2)                                         |                                                                  RVX_MODULE_065 |        115 |        115 |       0 |    0 |   103 |      0 |      0 |          0 |
|         i_rvx_instance_5                                               |                                                                  RVX_MODULE_058 |        140 |        140 |       0 |    0 |   296 |      0 |      0 |          0 |
|           i_rvx_instance_3                                             |                                             ERVP_SYNCHRONIZER__parameterized2_8 |          0 |          0 |       0 |    0 |    64 |      0 |      0 |          0 |
|           i_rvx_instance_1                                             |                                               ERVP_SYNCHRONIZER__parameterized2 |          0 |          0 |       0 |    0 |    64 |      0 |      0 |          0 |
|           i_rvx_instance_2                                             |                                                                  RVX_MODULE_101 |        136 |        136 |       0 |    0 |   127 |      0 |      0 |          0 |
|             i_rvx_instance_0                                           |                                                                  RVX_MODULE_026 |        136 |        136 |       0 |    0 |   124 |      0 |      0 |          0 |
|       autoname_107                                                     |                                                                 ERVP_REAL_CLOCK |         85 |         85 |       0 |    0 |    64 |      0 |      0 |          0 |
|         i_rvx_instance_0                                               |                                                    ERVP_COUNTER__parameterized1 |         85 |         85 |       0 |    0 |    64 |      0 |      0 |          0 |
|       common_peri_group                                                |                                                          ERVP_COMMON_PERI_GROUP |        145 |        145 |       0 |    0 |    87 |      0 |      0 |          0 |
|         (common_peri_group)                                            |                                                          ERVP_COMMON_PERI_GROUP |         32 |         32 |       0 |    0 |    65 |      0 |      0 |          0 |
|         i_rvx_instance_4                                               |                                                                   ERVP_IROM_APB |        112 |        112 |       0 |    0 |     0 |      0 |      0 |          0 |
|       default_slave                                                    |                                                              MUNOC_DEFAULT_SNIM |        482 |        482 |       0 |    0 |   902 |      0 |      0 |          0 |
|         i_munoc_instance_2                                             |                                                    MUNOC_AXI2APB_CONVERTER__468 |        129 |        129 |       0 |    0 |   206 |      0 |      0 |          0 |
|           i_munoc_instance_0                                           |                                                              RVX_MODULE_007_469 |         38 |         38 |       0 |    0 |    86 |      0 |      0 |          0 |
|             i_rvx_instance_1                                           |                                                              RVX_MODULE_022_481 |         32 |         32 |       0 |    0 |    83 |      0 |      0 |          0 |
|           i_munoc_instance_1                                           |                                                             MUNOC_AXI2LPIXS_470 |         91 |         91 |       0 |    0 |   120 |      0 |      0 |          0 |
|             i_rvx_instance_0                                           |                                                              RVX_MODULE_095_471 |         22 |         22 |       0 |    0 |    68 |      0 |      0 |          0 |
|               i_rvx_instance_0                                         |                                             ERVP_SMALL_FIFO__parameterized3_475 |         21 |         21 |       0 |    0 |    66 |      0 |      0 |          0 |
|                 (i_rvx_instance_0)                                     |                                             ERVP_SMALL_FIFO__parameterized3_475 |          0 |          0 |       0 |    0 |    57 |      0 |      0 |          0 |
|             i_rvx_instance_1                                           |                                                              RVX_MODULE_092_472 |         69 |         69 |       0 |    0 |    52 |      0 |      0 |          0 |
|               i_rvx_instance_0                                         |                                                              RVX_MODULE_036_473 |         69 |         69 |       0 |    0 |    52 |      0 |      0 |          0 |
|                 i_rvx_instance_0                                       |                                                              RVX_MODULE_111_474 |         69 |         69 |       0 |    0 |    44 |      0 |      0 |          0 |
|         i_munoc_instance_1                                             |                                                             MUNOC_MODULE_06_467 |        342 |        342 |       0 |    0 |   688 |      0 |      0 |          0 |
|           i_munoc_instance_2                                           |                                                             MUNOC_MODULE_21_492 |        174 |        174 |       0 |    0 |   449 |      0 |      0 |          0 |
|             i_munoc_instance_0                                         |                                                             MUNOC_MODULE_46_508 |        161 |        161 |       0 |    0 |   432 |      0 |      0 |          0 |
|               i_gen_buffer[0].i_munoc_instance_1                       |                                                            ERVP_ASYNCH_FIFO_514 |        161 |        161 |       0 |    0 |   432 |      0 |      0 |          0 |
|                 (i_gen_buffer[0].i_munoc_instance_1)                   |                                                            ERVP_ASYNCH_FIFO_514 |        139 |        139 |       0 |    0 |   416 |      0 |      0 |          0 |
|           i_munoc_instance_7                                           |                                                             MUNOC_MODULE_35_497 |         76 |         76 |       0 |    0 |    86 |      0 |      0 |          0 |
|             i_munoc_instance_1                                         |                                                             MUNOC_MODULE_40_499 |         61 |         61 |       0 |    0 |    62 |      0 |      0 |          0 |
|       external_peri_group                                              |                                                        ERVP_EXTERNAL_PERI_GROUP |       1255 |       1231 |      24 |    0 |  1063 |      0 |      0 |          0 |
|         (i_rvx_instance_07)                                            |                                                                  RVX_MODULE_078 |          2 |          2 |       0 |    0 |    72 |      0 |      0 |          0 |
|         i_gen_valid_uart[0].i_rvx_instance_05                          |                                                                  RVX_MODULE_120 |       1081 |       1057 |      24 |    0 |   636 |      0 |      0 |          0 |
|           i_rvx_instance_0                                             |                                                                  RVX_MODULE_090 |       1081 |       1057 |      24 |    0 |   636 |      0 |      0 |          0 |
|             (i_rvx_instance_0)                                         |                                                                  RVX_MODULE_090 |         55 |         55 |       0 |    0 |   123 |      0 |      0 |          0 |
|             i_rvx_instance_0                                           |                                                                  RVX_MODULE_073 |        935 |        935 |       0 |    0 |   469 |      0 |      0 |          0 |
|               (i_rvx_instance_0)                                       |                                                                  RVX_MODULE_073 |         62 |         62 |       0 |    0 |    62 |      0 |      0 |          0 |
|               i_rvx_instance_0                                         |                                                                  RVX_MODULE_027 |        874 |        874 |       0 |    0 |   407 |      0 |      0 |          0 |
|             i_rvx_instance_1                                           |                                                                  RVX_MODULE_106 |         92 |         68 |      24 |    0 |    44 |      0 |      0 |          0 |
|               i_rvx_instance_0                                         |                                                                  RVX_MODULE_097 |         71 |         47 |      24 |    0 |    22 |      0 |      0 |          0 |
|         i_rvx_instance_08                                              |                                                                  RVX_MODULE_110 |         80 |         80 |       0 |    0 |   272 |      0 |      0 |          0 |
|       i_inter_router_fifo00                                            |                                                         MUNOC_INTER_ROUTER_FIFO |        103 |        103 |       0 |    0 |   198 |      0 |      0 |          0 |
|         i_munoc_instance_0                                             |                                             ERVP_SMALL_FIFO__parameterized0_447 |         42 |         42 |       0 |    0 |    80 |      0 |      0 |          0 |
|           (i_munoc_instance_0)                                         |                                             ERVP_SMALL_FIFO__parameterized0_447 |          0 |          0 |       0 |    0 |    74 |      0 |      0 |          0 |
|         i_munoc_instance_1                                             |                                                 ERVP_SMALL_FIFO__parameterized5 |         61 |         61 |       0 |    0 |   118 |      0 |      0 |          0 |
|           (i_munoc_instance_1)                                         |                                                 ERVP_SMALL_FIFO__parameterized5 |          0 |          0 |       0 |    0 |   112 |      0 |      0 |          0 |
|           i_rvx_instance_3                                             |                            ERVP_MUX_WITH_ONEHOT_ENCODED_SELECT__parameterized16 |         56 |         56 |       0 |    0 |     0 |      0 |      0 |          0 |
|       i_main_core                                                      |                                                                        RVC_ORCA |       2197 |       2197 |       0 |    0 |  2184 |      0 |      0 |          4 |
|         i_orca                                                         |                                                                            orca |       2197 |       2197 |       0 |    0 |  2184 |      0 |      0 |          4 |
|           the_memory_interface                                         |                                                                memory_interface |        132 |        132 |       0 |    0 |   178 |      0 |      0 |          0 |
|             dcache_mux                                                 |                                                       cache_mux__parameterized1 |         60 |         60 |       0 |    0 |    69 |      0 |      0 |          0 |
|               internal_oimm_register                                   |                                                   oimm_register__parameterized2 |         60 |         60 |       0 |    0 |    69 |      0 |      0 |          0 |
|             uc_masters_gen.duc_master                                  |                                                                      a4l_master |         38 |         38 |       0 |    0 |    78 |      0 |      0 |          0 |
|               ervp_master                                              |                                  ERVP_ORCA_CACHE_AXI_MASTER_OLD__parameterized2 |         38 |         38 |       0 |    0 |    78 |      0 |      0 |          0 |
|                 i_write_buffer                                         |                                                 ERVP_SMALL_FIFO__parameterized0 |         38 |         38 |       0 |    0 |    78 |      0 |      0 |          0 |
|                   (i_write_buffer)                                     |                                                 ERVP_SMALL_FIFO__parameterized0 |          0 |          0 |       0 |    0 |    72 |      0 |      0 |          0 |
|           core                                                         |                                                                       orca_core |       2058 |       2058 |       0 |    0 |  2006 |      0 |      0 |          4 |
|             X                                                          |                                                                         execute |        831 |        831 |       0 |    0 |   590 |      0 |      0 |          4 |
|               (X)                                                      |                                                                         execute |          8 |          8 |       0 |    0 |    74 |      0 |      0 |          0 |
|               alu                                                      |                                                                 arithmetic_unit |        587 |        587 |       0 |    0 |   275 |      0 |      0 |          4 |
|                 (alu)                                                  |                                                                 arithmetic_unit |        202 |        202 |       0 |    0 |   136 |      0 |      0 |          4 |
|                 divide_gen.div                                         |                                                                         divider |        385 |        385 |       0 |    0 |   139 |      0 |      0 |          0 |
|               branch                                                   |                                                                     branch_unit |         12 |         12 |       0 |    0 |    66 |      0 |      0 |          0 |
|               syscall                                                  |                                                                        sys_call |        194 |        194 |       0 |    0 |   169 |      0 |      0 |          0 |
|             D__0                                                       |                                                                          decode |       1159 |       1159 |       0 |    0 |  1316 |      0 |      0 |          0 |
|               (D__0)                                                   |                                                                          decode |        531 |        531 |       0 |    0 |   194 |      0 |      0 |          0 |
|               the_register_file                                        |                                                                   register_file |        628 |        628 |       0 |    0 |  1122 |      0 |      0 |          0 |
|             I                                                          |                                                               instruction_fetch |         62 |         62 |       0 |    0 |   100 |      0 |      0 |          0 |
|       i_mnim_i_grover_dma_master                                       |                                MUNOC_AHB_MASTER_NETWORK_INTERFACE_MODULE_ASYNCH |        331 |        331 |       0 |    0 |   780 |      0 |      0 |          0 |
|         i_munoc_instance_00                                            |                                             MUNOC_MODULE_30__parameterized0_407 |         62 |         62 |       0 |    0 |   177 |      0 |      0 |          0 |
|           i_munoc_instance_1                                           |                                             MUNOC_MODULE_46__parameterized2_435 |         50 |         50 |       0 |    0 |   156 |      0 |      0 |          0 |
|             i_gen_buffer[0].i_munoc_instance_1                         |                                           ERVP_ASYNCH_FIFO__parameterized10_437 |         49 |         49 |       0 |    0 |   156 |      0 |      0 |          0 |
|               (i_gen_buffer[0].i_munoc_instance_1)                     |                                           ERVP_ASYNCH_FIFO__parameterized10_437 |         47 |         47 |       0 |    0 |   144 |      0 |      0 |          0 |
|         i_munoc_instance_01                                            |                                                             MUNOC_MODULE_39_408 |        113 |        113 |       0 |    0 |   153 |      0 |      0 |          0 |
|           i_munoc_instance_1                                           |                                             MUNOC_MODULE_01__parameterized1_424 |         41 |         41 |       0 |    0 |    70 |      0 |      0 |          0 |
|             i_munoc_instance_0                                         |                                            ERVP_SMALL_FIFO__parameterized19_426 |         41 |         41 |       0 |    0 |    70 |      0 |      0 |          0 |
|               (i_munoc_instance_0)                                     |                                            ERVP_SMALL_FIFO__parameterized19_426 |          0 |          0 |       0 |    0 |    64 |      0 |      0 |          0 |
|           i_munoc_instance_0                                           |                                                             MUNOC_MODULE_01_423 |         64 |         64 |       0 |    0 |    72 |      0 |      0 |          0 |
|             i_munoc_instance_0                                         |                                            ERVP_SMALL_FIFO__parameterized17_430 |         64 |         64 |       0 |    0 |    72 |      0 |      0 |          0 |
|               (i_munoc_instance_0)                                     |                                            ERVP_SMALL_FIFO__parameterized17_430 |          0 |          0 |       0 |    0 |    66 |      0 |      0 |          0 |
|               i_rvx_instance_0                                         |                           ERVP_COUNTER_WITH_ONEHOT_ENCODING__parameterized0_431 |         56 |         56 |       0 |    0 |     2 |      0 |      0 |          0 |
|         i_munoc_instance_07                                            |                                           ERVP_ASYNCH_FIFO__parameterized11_411 |         99 |         99 |       0 |    0 |   360 |      0 |      0 |          0 |
|           (i_munoc_instance_07)                                        |                                           ERVP_ASYNCH_FIFO__parameterized11_411 |         95 |         95 |       0 |    0 |   344 |      0 |      0 |          0 |
|       i_mnim_i_grover_dram_master                                      |                               MUNOC_AXI4_MASTER_NETWORK_INTERFACE_MODULE_ASYNCH |        320 |        320 |       0 |    0 |   678 |      0 |      0 |          0 |
|         i_munoc_instance_0                                             |                MUNOC_AXI_MASTER_NETWORK_INTERFACE_MODULE_ASYNCH__parameterized1 |        320 |        320 |       0 |    0 |   678 |      0 |      0 |          0 |
|           i_munoc_instance_12                                          |                                             MUNOC_MODULE_11__parameterized1_380 |         43 |         43 |       0 |    0 |   160 |      0 |      0 |          0 |
|             i_munoc_instance_0                                         |                                            ERVP_ASYNCH_FIFO__parameterized7_381 |         43 |         43 |       0 |    0 |   160 |      0 |      0 |          0 |
|               (i_munoc_instance_0)                                     |                                            ERVP_ASYNCH_FIFO__parameterized7_381 |         41 |         41 |       0 |    0 |   148 |      0 |      0 |          0 |
|           i_munoc_instance_05                                          |                                                             MUNOC_MODULE_11_376 |         44 |         44 |       0 |    0 |   156 |      0 |      0 |          0 |
|             i_munoc_instance_0                                         |                                            ERVP_ASYNCH_FIFO__parameterized5_396 |         44 |         44 |       0 |    0 |   156 |      0 |      0 |          0 |
|               (i_munoc_instance_0)                                     |                                            ERVP_ASYNCH_FIFO__parameterized5_396 |         42 |         42 |       0 |    0 |   144 |      0 |      0 |          0 |
|           i_munoc_instance_07                                          |                                                             MUNOC_MODULE_30_377 |         79 |         79 |       0 |    0 |   199 |      0 |      0 |          0 |
|             i_munoc_instance_1                                         |                                             MUNOC_MODULE_46__parameterized2_388 |         55 |         55 |       0 |    0 |   156 |      0 |      0 |          0 |
|               i_gen_buffer[0].i_munoc_instance_1                       |                                           ERVP_ASYNCH_FIFO__parameterized10_390 |         54 |         54 |       0 |    0 |   156 |      0 |      0 |          0 |
|                 (i_gen_buffer[0].i_munoc_instance_1)                   |                                           ERVP_ASYNCH_FIFO__parameterized10_390 |         52 |         52 |       0 |    0 |   144 |      0 |      0 |          0 |
|           i_munoc_instance_08                                          |                                             MUNOC_MODULE_11__parameterized0_378 |         35 |         35 |       0 |    0 |    82 |      0 |      0 |          0 |
|             i_munoc_instance_0                                         |                                            ERVP_ASYNCH_FIFO__parameterized6_384 |         35 |         35 |       0 |    0 |    82 |      0 |      0 |          0 |
|               (i_munoc_instance_0)                                     |                                            ERVP_ASYNCH_FIFO__parameterized6_384 |         34 |         34 |       0 |    0 |    74 |      0 |      0 |          0 |
|           i_munoc_instance_10                                          |                                                 MUNOC_MODULE_02__parameterized2 |         62 |         62 |       0 |    0 |     4 |      0 |      0 |          0 |
|       i_mnim_i_main_core_data                                          |                MUNOC_AXI_MASTER_NETWORK_INTERFACE_MODULE_ASYNCH__parameterized0 |        413 |        413 |       0 |    0 |   734 |      0 |      0 |          0 |
|         i_munoc_instance_05                                            |                                                             MUNOC_MODULE_11_335 |         45 |         45 |       0 |    0 |   148 |      0 |      0 |          0 |
|           i_munoc_instance_0                                           |                                            ERVP_ASYNCH_FIFO__parameterized5_351 |         45 |         45 |       0 |    0 |   148 |      0 |      0 |          0 |
|             (i_munoc_instance_0)                                       |                                            ERVP_ASYNCH_FIFO__parameterized5_351 |         43 |         43 |       0 |    0 |   136 |      0 |      0 |          0 |
|         i_munoc_instance_07                                            |                                                             MUNOC_MODULE_30_336 |        102 |        102 |       0 |    0 |   199 |      0 |      0 |          0 |
|           i_munoc_instance_1                                           |                                             MUNOC_MODULE_46__parameterized2_343 |         73 |         73 |       0 |    0 |   156 |      0 |      0 |          0 |
|             i_gen_buffer[0].i_munoc_instance_1                         |                                           ERVP_ASYNCH_FIFO__parameterized10_345 |         73 |         73 |       0 |    0 |   156 |      0 |      0 |          0 |
|               (i_gen_buffer[0].i_munoc_instance_1)                     |                                           ERVP_ASYNCH_FIFO__parameterized10_345 |         70 |         70 |       0 |    0 |   144 |      0 |      0 |          0 |
|         i_munoc_instance_08                                            |                                                 MUNOC_MODULE_11__parameterized0 |         52 |         52 |       0 |    0 |    78 |      0 |      0 |          0 |
|           i_munoc_instance_0                                           |                                                ERVP_ASYNCH_FIFO__parameterized6 |         52 |         52 |       0 |    0 |    78 |      0 |      0 |          0 |
|             (i_munoc_instance_0)                                       |                                                ERVP_ASYNCH_FIFO__parameterized6 |         50 |         50 |       0 |    0 |    70 |      0 |      0 |          0 |
|         i_munoc_instance_10                                            |                                                 MUNOC_MODULE_02__parameterized0 |         51 |         51 |       0 |    0 |     7 |      0 |      0 |          0 |
|         i_munoc_instance_12                                            |                                                 MUNOC_MODULE_11__parameterized1 |         49 |         49 |       0 |    0 |   172 |      0 |      0 |          0 |
|           i_munoc_instance_0                                           |                                                ERVP_ASYNCH_FIFO__parameterized7 |         49 |         49 |       0 |    0 |   172 |      0 |      0 |          0 |
|             (i_munoc_instance_0)                                       |                                                ERVP_ASYNCH_FIFO__parameterized7 |         47 |         47 |       0 |    0 |   160 |      0 |      0 |          0 |
|       i_mnim_i_main_core_inst                                          |                                MUNOC_AXI_MASTER_NETWORK_INTERFACE_MODULE_ASYNCH |        205 |        205 |       0 |    0 |   403 |      0 |      0 |          0 |
|         i_munoc_instance_05                                            |                                                                 MUNOC_MODULE_11 |         62 |         62 |       0 |    0 |   156 |      0 |      0 |          0 |
|           i_munoc_instance_0                                           |                                                ERVP_ASYNCH_FIFO__parameterized5 |         62 |         62 |       0 |    0 |   156 |      0 |      0 |          0 |
|             (i_munoc_instance_0)                                       |                                                ERVP_ASYNCH_FIFO__parameterized5 |         60 |         60 |       0 |    0 |   144 |      0 |      0 |          0 |
|         i_munoc_instance_07                                            |                                                                 MUNOC_MODULE_30 |         74 |         74 |       0 |    0 |   198 |      0 |      0 |          0 |
|           i_munoc_instance_1                                           |                                             MUNOC_MODULE_46__parameterized2_320 |         47 |         47 |       0 |    0 |   156 |      0 |      0 |          0 |
|             i_gen_buffer[0].i_munoc_instance_1                         |                                           ERVP_ASYNCH_FIFO__parameterized10_322 |         46 |         46 |       0 |    0 |   156 |      0 |      0 |          0 |
|               (i_gen_buffer[0].i_munoc_instance_1)                     |                                           ERVP_ASYNCH_FIFO__parameterized10_322 |         44 |         44 |       0 |    0 |   144 |      0 |      0 |          0 |
|       i_mnim_platform_controller_master                                |                MUNOC_AHB_MASTER_NETWORK_INTERFACE_MODULE_ASYNCH__parameterized0 |        417 |        417 |       0 |    0 |   936 |      0 |      0 |          0 |
|         i_munoc_instance_00                                            |                                                 MUNOC_MODULE_30__parameterized0 |         63 |         63 |       0 |    0 |   177 |      0 |      0 |          0 |
|           i_munoc_instance_1                                           |                                                 MUNOC_MODULE_46__parameterized2 |         50 |         50 |       0 |    0 |   156 |      0 |      0 |          0 |
|             i_gen_buffer[0].i_munoc_instance_1                         |                                               ERVP_ASYNCH_FIFO__parameterized10 |         49 |         49 |       0 |    0 |   156 |      0 |      0 |          0 |
|               (i_gen_buffer[0].i_munoc_instance_1)                     |                                               ERVP_ASYNCH_FIFO__parameterized10 |         47 |         47 |       0 |    0 |   144 |      0 |      0 |          0 |
|         i_munoc_instance_01                                            |                                                                 MUNOC_MODULE_39 |        162 |        162 |       0 |    0 |   261 |      0 |      0 |          0 |
|           i_munoc_instance_3                                           |                                                 MUNOC_MODULE_01__parameterized0 |         47 |         47 |       0 |    0 |   105 |      0 |      0 |          0 |
|             i_munoc_instance_0                                         |                                                ERVP_SMALL_FIFO__parameterized18 |         47 |         47 |       0 |    0 |   105 |      0 |      0 |          0 |
|               (i_munoc_instance_0)                                     |                                                ERVP_SMALL_FIFO__parameterized18 |          0 |          0 |       0 |    0 |    96 |      0 |      0 |          0 |
|           i_munoc_instance_0                                           |                                                                 MUNOC_MODULE_01 |         59 |         59 |       0 |    0 |    74 |      0 |      0 |          0 |
|             i_munoc_instance_0                                         |                                                ERVP_SMALL_FIFO__parameterized17 |         59 |         59 |       0 |    0 |    74 |      0 |      0 |          0 |
|               (i_munoc_instance_0)                                     |                                                ERVP_SMALL_FIFO__parameterized17 |          0 |          0 |       0 |    0 |    68 |      0 |      0 |          0 |
|               i_rvx_instance_0                                         |                           ERVP_COUNTER_WITH_ONEHOT_ENCODING__parameterized0_314 |         54 |         54 |       0 |    0 |     2 |      0 |      0 |          0 |
|           i_munoc_instance_1                                           |                                                 MUNOC_MODULE_01__parameterized1 |         42 |         42 |       0 |    0 |    70 |      0 |      0 |          0 |
|             i_munoc_instance_0                                         |                                                ERVP_SMALL_FIFO__parameterized19 |         42 |         42 |       0 |    0 |    70 |      0 |      0 |          0 |
|               (i_munoc_instance_0)                                     |                                                ERVP_SMALL_FIFO__parameterized19 |          0 |          0 |       0 |    0 |    64 |      0 |      0 |          0 |
|         i_munoc_instance_07                                            |                                               ERVP_ASYNCH_FIFO__parameterized11 |        111 |        111 |       0 |    0 |   408 |      0 |      0 |          0 |
|           (i_munoc_instance_07)                                        |                                               ERVP_ASYNCH_FIFO__parameterized11 |        107 |        107 |       0 |    0 |   392 |      0 |      0 |          0 |
|       i_snim_common_peri_group_no_name                                 |                                 MUNOC_APB_SLAVE_NETWORK_INTERFACE_MODULE_ASYNCH |        527 |        527 |       0 |    0 |   927 |      0 |      0 |          0 |
|         i_munoc_instance_0                                             |                                                             MUNOC_MODULE_08_242 |        209 |        209 |       0 |    0 |   323 |      0 |      0 |          0 |
|           i_munoc_instance_3                                           |                                                    MUNOC_AXI2APB_CONVERTER__276 |        208 |        208 |       0 |    0 |   323 |      0 |      0 |          0 |
|             i_munoc_instance_0                                         |                                                              RVX_MODULE_007_277 |         65 |         65 |       0 |    0 |   152 |      0 |      0 |          0 |
|               i_rvx_instance_1                                         |                                                              RVX_MODULE_022_289 |         61 |         61 |       0 |    0 |   149 |      0 |      0 |          0 |
|                 i_rvx_instance_1                                       |                                             ERVP_SMALL_FIFO__parameterized4_291 |         42 |         42 |       0 |    0 |   114 |      0 |      0 |          0 |
|                   (i_rvx_instance_1)                                   |                                             ERVP_SMALL_FIFO__parameterized4_291 |          0 |          0 |       0 |    0 |   105 |      0 |      0 |          0 |
|             i_munoc_instance_1                                         |                                                             MUNOC_AXI2LPIXS_278 |        143 |        143 |       0 |    0 |   171 |      0 |      0 |          0 |
|               i_rvx_instance_0                                         |                                                              RVX_MODULE_095_279 |         50 |         50 |       0 |    0 |   134 |      0 |      0 |          0 |
|                 i_rvx_instance_0                                       |                                             ERVP_SMALL_FIFO__parameterized3_283 |         47 |         47 |       0 |    0 |   132 |      0 |      0 |          0 |
|                   (i_rvx_instance_0)                                   |                                             ERVP_SMALL_FIFO__parameterized3_283 |          0 |          0 |       0 |    0 |   123 |      0 |      0 |          0 |
|               i_rvx_instance_1                                         |                                                              RVX_MODULE_092_280 |         93 |         93 |       0 |    0 |    37 |      0 |      0 |          0 |
|                 i_rvx_instance_0                                       |                                                              RVX_MODULE_036_281 |         93 |         93 |       0 |    0 |    37 |      0 |      0 |          0 |
|                   i_rvx_instance_0                                     |                                                              RVX_MODULE_111_282 |         93 |         93 |       0 |    0 |    29 |      0 |      0 |          0 |
|         i_munoc_instance_1                                             |                                                             MUNOC_MODULE_06_243 |        319 |        319 |       0 |    0 |   604 |      0 |      0 |          0 |
|           i_munoc_instance_1                                           |                                                             MUNOC_MODULE_27_244 |         59 |         59 |       0 |    0 |   114 |      0 |      0 |          0 |
|             i_gen_rdata_buffer[0].i_munoc_instance_1                   |                                            ERVP_ASYNCH_FIFO__parameterized2_270 |         39 |         39 |       0 |    0 |    80 |      0 |      0 |          0 |
|               (i_gen_rdata_buffer[0].i_munoc_instance_1)               |                                            ERVP_ASYNCH_FIFO__parameterized2_270 |         37 |         37 |       0 |    0 |    72 |      0 |      0 |          0 |
|           i_munoc_instance_2                                           |                                                             MUNOC_MODULE_21_245 |        147 |        147 |       0 |    0 |   335 |      0 |      0 |          0 |
|             i_munoc_instance_0                                         |                                                             MUNOC_MODULE_46_261 |        134 |        134 |       0 |    0 |   296 |      0 |      0 |          0 |
|               i_gen_buffer[0].i_munoc_instance_1                       |                                                            ERVP_ASYNCH_FIFO_267 |        134 |        134 |       0 |    0 |   296 |      0 |      0 |          0 |
|                 (i_gen_buffer[0].i_munoc_instance_1)                   |                                                            ERVP_ASYNCH_FIFO_267 |        111 |        111 |       0 |    0 |   280 |      0 |      0 |          0 |
|           i_munoc_instance_7                                           |                                                             MUNOC_MODULE_35_250 |         63 |         63 |       0 |    0 |    72 |      0 |      0 |          0 |
|       i_snim_external_peri_group_no_name                               |                               MUNOC_APB_SLAVE_NETWORK_INTERFACE_MODULE_ASYNCH_5 |        617 |        617 |       0 |    0 |   939 |      0 |      0 |          0 |
|         i_munoc_instance_0                                             |                                                             MUNOC_MODULE_08_185 |        288 |        288 |       0 |    0 |   320 |      0 |      0 |          0 |
|           i_munoc_instance_3                                           |                                                    MUNOC_AXI2APB_CONVERTER__219 |        287 |        287 |       0 |    0 |   320 |      0 |      0 |          0 |
|             i_munoc_instance_0                                         |                                                              RVX_MODULE_007_220 |         61 |         61 |       0 |    0 |   152 |      0 |      0 |          0 |
|               i_rvx_instance_1                                         |                                                              RVX_MODULE_022_232 |         57 |         57 |       0 |    0 |   149 |      0 |      0 |          0 |
|                 i_rvx_instance_1                                       |                                             ERVP_SMALL_FIFO__parameterized4_234 |         42 |         42 |       0 |    0 |   114 |      0 |      0 |          0 |
|                   (i_rvx_instance_1)                                   |                                             ERVP_SMALL_FIFO__parameterized4_234 |          0 |          0 |       0 |    0 |   105 |      0 |      0 |          0 |
|             i_munoc_instance_1                                         |                                                             MUNOC_AXI2LPIXS_221 |        226 |        226 |       0 |    0 |   168 |      0 |      0 |          0 |
|               i_rvx_instance_0                                         |                                                              RVX_MODULE_095_222 |         52 |         52 |       0 |    0 |   134 |      0 |      0 |          0 |
|                 i_rvx_instance_0                                       |                                             ERVP_SMALL_FIFO__parameterized3_226 |         47 |         47 |       0 |    0 |   132 |      0 |      0 |          0 |
|                   (i_rvx_instance_0)                                   |                                             ERVP_SMALL_FIFO__parameterized3_226 |          0 |          0 |       0 |    0 |   123 |      0 |      0 |          0 |
|               i_rvx_instance_1                                         |                                                              RVX_MODULE_092_223 |        174 |        174 |       0 |    0 |    34 |      0 |      0 |          0 |
|                 i_rvx_instance_0                                       |                                                              RVX_MODULE_036_224 |        174 |        174 |       0 |    0 |    34 |      0 |      0 |          0 |
|                   i_rvx_instance_0                                     |                                                              RVX_MODULE_111_225 |        174 |        174 |       0 |    0 |    26 |      0 |      0 |          0 |
|         i_munoc_instance_1                                             |                                                             MUNOC_MODULE_06_186 |        330 |        330 |       0 |    0 |   619 |      0 |      0 |          0 |
|           i_munoc_instance_1                                           |                                                             MUNOC_MODULE_27_187 |         58 |         58 |       0 |    0 |   114 |      0 |      0 |          0 |
|             i_gen_rdata_buffer[0].i_munoc_instance_1                   |                                            ERVP_ASYNCH_FIFO__parameterized2_213 |         41 |         41 |       0 |    0 |    80 |      0 |      0 |          0 |
|               (i_gen_rdata_buffer[0].i_munoc_instance_1)               |                                            ERVP_ASYNCH_FIFO__parameterized2_213 |         38 |         38 |       0 |    0 |    72 |      0 |      0 |          0 |
|           i_munoc_instance_2                                           |                                                             MUNOC_MODULE_21_188 |        159 |        159 |       0 |    0 |   353 |      0 |      0 |          0 |
|             i_munoc_instance_0                                         |                                                             MUNOC_MODULE_46_204 |        120 |        120 |       0 |    0 |   272 |      0 |      0 |          0 |
|               i_gen_buffer[0].i_munoc_instance_1                       |                                                            ERVP_ASYNCH_FIFO_210 |        120 |        120 |       0 |    0 |   272 |      0 |      0 |          0 |
|                 (i_gen_buffer[0].i_munoc_instance_1)                   |                                                            ERVP_ASYNCH_FIFO_210 |        100 |        100 |       0 |    0 |   256 |      0 |      0 |          0 |
|             i_munoc_instance_2                                         |                                             MUNOC_MODULE_46__parameterized0_206 |         40 |         40 |       0 |    0 |    80 |      0 |      0 |          0 |
|               i_gen_buffer[0].i_munoc_instance_1                       |                                            ERVP_ASYNCH_FIFO__parameterized0_207 |         40 |         40 |       0 |    0 |    80 |      0 |      0 |          0 |
|                 (i_gen_buffer[0].i_munoc_instance_1)                   |                                            ERVP_ASYNCH_FIFO__parameterized0_207 |         32 |         32 |       0 |    0 |    72 |      0 |      0 |          0 |
|           i_munoc_instance_7                                           |                                                             MUNOC_MODULE_35_193 |         62 |         62 |       0 |    0 |    69 |      0 |      0 |          0 |
|       i_snim_i_grover_csr_slave                                        |                               MUNOC_APB_SLAVE_NETWORK_INTERFACE_MODULE_ASYNCH_6 |        556 |        556 |       0 |    0 |   957 |      0 |      0 |          0 |
|         i_munoc_instance_0                                             |                                                             MUNOC_MODULE_08_128 |        237 |        237 |       0 |    0 |   320 |      0 |      0 |          0 |
|           i_munoc_instance_3                                           |                                                    MUNOC_AXI2APB_CONVERTER__162 |        236 |        236 |       0 |    0 |   320 |      0 |      0 |          0 |
|             i_munoc_instance_0                                         |                                                              RVX_MODULE_007_163 |         65 |         65 |       0 |    0 |   152 |      0 |      0 |          0 |
|               i_rvx_instance_1                                         |                                                              RVX_MODULE_022_175 |         62 |         62 |       0 |    0 |   149 |      0 |      0 |          0 |
|                 i_rvx_instance_1                                       |                                             ERVP_SMALL_FIFO__parameterized4_177 |         41 |         41 |       0 |    0 |   114 |      0 |      0 |          0 |
|                   (i_rvx_instance_1)                                   |                                             ERVP_SMALL_FIFO__parameterized4_177 |          0 |          0 |       0 |    0 |   105 |      0 |      0 |          0 |
|             i_munoc_instance_1                                         |                                                             MUNOC_AXI2LPIXS_164 |        172 |        172 |       0 |    0 |   168 |      0 |      0 |          0 |
|               i_rvx_instance_0                                         |                                                              RVX_MODULE_095_165 |         50 |         50 |       0 |    0 |   134 |      0 |      0 |          0 |
|                 i_rvx_instance_0                                       |                                             ERVP_SMALL_FIFO__parameterized3_169 |         47 |         47 |       0 |    0 |   132 |      0 |      0 |          0 |
|                   (i_rvx_instance_0)                                   |                                             ERVP_SMALL_FIFO__parameterized3_169 |          0 |          0 |       0 |    0 |   123 |      0 |      0 |          0 |
|               i_rvx_instance_1                                         |                                                              RVX_MODULE_092_166 |        122 |        122 |       0 |    0 |    34 |      0 |      0 |          0 |
|                 i_rvx_instance_0                                       |                                                              RVX_MODULE_036_167 |        122 |        122 |       0 |    0 |    34 |      0 |      0 |          0 |
|                   i_rvx_instance_0                                     |                                                              RVX_MODULE_111_168 |        121 |        121 |       0 |    0 |    26 |      0 |      0 |          0 |
|         i_munoc_instance_1                                             |                                                             MUNOC_MODULE_06_129 |        320 |        320 |       0 |    0 |   637 |      0 |      0 |          0 |
|           i_munoc_instance_1                                           |                                                             MUNOC_MODULE_27_130 |         59 |         59 |       0 |    0 |   114 |      0 |      0 |          0 |
|             i_gen_rdata_buffer[0].i_munoc_instance_1                   |                                            ERVP_ASYNCH_FIFO__parameterized2_156 |         39 |         39 |       0 |    0 |    80 |      0 |      0 |          0 |
|               (i_gen_rdata_buffer[0].i_munoc_instance_1)               |                                            ERVP_ASYNCH_FIFO__parameterized2_156 |         37 |         37 |       0 |    0 |    72 |      0 |      0 |          0 |
|           i_munoc_instance_2                                           |                                                             MUNOC_MODULE_21_131 |        145 |        145 |       0 |    0 |   369 |      0 |      0 |          0 |
|             i_munoc_instance_0                                         |                                                             MUNOC_MODULE_46_147 |        120 |        120 |       0 |    0 |   288 |      0 |      0 |          0 |
|               i_gen_buffer[0].i_munoc_instance_1                       |                                                            ERVP_ASYNCH_FIFO_153 |        120 |        120 |       0 |    0 |   288 |      0 |      0 |          0 |
|                 (i_gen_buffer[0].i_munoc_instance_1)                   |                                                            ERVP_ASYNCH_FIFO_153 |        101 |        101 |       0 |    0 |   272 |      0 |      0 |          0 |
|             i_munoc_instance_2                                         |                                             MUNOC_MODULE_46__parameterized0_149 |         25 |         25 |       0 |    0 |    80 |      0 |      0 |          0 |
|               i_gen_buffer[0].i_munoc_instance_1                       |                                            ERVP_ASYNCH_FIFO__parameterized0_150 |         25 |         25 |       0 |    0 |    80 |      0 |      0 |          0 |
|                 (i_gen_buffer[0].i_munoc_instance_1)                   |                                            ERVP_ASYNCH_FIFO__parameterized0_150 |         22 |         22 |       0 |    0 |    72 |      0 |      0 |          0 |
|           i_munoc_instance_7                                           |                                                             MUNOC_MODULE_35_136 |         66 |         66 |       0 |    0 |    71 |      0 |      0 |          0 |
|             i_munoc_instance_1                                         |                                                             MUNOC_MODULE_40_138 |         51 |         51 |       0 |    0 |    44 |      0 |      0 |          0 |
|       i_snim_i_system_ddr_no_name                                      |                        MUNOC_AXI_SLAVE_NETWORK_INTERFACE_MODULE__parameterized0 |        560 |        560 |       0 |    0 |   923 |      0 |      0 |          0 |
|         i_munoc_instance_0                                             |                                                 MUNOC_MODULE_36__parameterized0 |        560 |        560 |       0 |    0 |   923 |      0 |      0 |          0 |
|           i_munoc_instance_0                                           |                                                 MUNOC_MODULE_35__parameterized5 |         75 |         75 |       0 |    0 |    93 |      0 |      0 |          0 |
|             i_munoc_instance_1                                         |                                                             MUNOC_MODULE_40_127 |         50 |         50 |       0 |    0 |    60 |      0 |      0 |          0 |
|           i_munoc_instance_1                                           |                                                 MUNOC_MODULE_25__parameterized0 |        103 |        103 |       0 |    0 |   184 |      0 |      0 |          0 |
|             i_gen_rdata_buffer[0].i_munoc_instance_1                   |                                            ERVP_SMALL_FIFO__parameterized10_119 |         74 |         74 |       0 |    0 |   140 |      0 |      0 |          0 |
|               (i_gen_rdata_buffer[0].i_munoc_instance_1)               |                                            ERVP_SMALL_FIFO__parameterized10_119 |          0 |          0 |       0 |    0 |   128 |      0 |      0 |          0 |
|               i_rvx_instance_0                                         |                           ERVP_COUNTER_WITH_ONEHOT_ENCODING__parameterized5_123 |         67 |         67 |       0 |    0 |     4 |      0 |      0 |          0 |
|           i_munoc_instance_2                                           |                                                              MUNOC_MODULE_47_97 |        319 |        319 |       0 |    0 |   565 |      0 |      0 |          0 |
|             i_munoc_instance_0                                         |                                                             MUNOC_MODULE_31_108 |        239 |        239 |       0 |    0 |   408 |      0 |      0 |          0 |
|               i_gen_buffer[0].i_munoc_instance_0                       |                                             ERVP_SMALL_FIFO__parameterized6_115 |        239 |        239 |       0 |    0 |   408 |      0 |      0 |          0 |
|                 (i_gen_buffer[0].i_munoc_instance_0)                   |                                             ERVP_SMALL_FIFO__parameterized6_115 |          0 |          0 |       0 |    0 |   384 |      0 |      0 |          0 |
|                 i_rvx_instance_0                                       |                                           ERVP_COUNTER_WITH_ONEHOT_ENCODING_116 |        222 |        222 |       0 |    0 |     8 |      0 |      0 |          0 |
|             i_munoc_instance_2                                         |                                             MUNOC_MODULE_31__parameterized0_110 |         79 |         79 |       0 |    0 |   156 |      0 |      0 |          0 |
|               i_gen_buffer[0].i_munoc_instance_0                       |                                             ERVP_SMALL_FIFO__parameterized7_111 |         79 |         79 |       0 |    0 |   156 |      0 |      0 |          0 |
|                 (i_gen_buffer[0].i_munoc_instance_0)                   |                                             ERVP_SMALL_FIFO__parameterized7_111 |          0 |          0 |       0 |    0 |   144 |      0 |      0 |          0 |
|                 i_rvx_instance_0                                       |                           ERVP_COUNTER_WITH_ONEHOT_ENCODING__parameterized5_112 |         72 |         72 |       0 |    0 |     4 |      0 |      0 |          0 |
|       i_snim_i_system_sram_no_name                                     |                                        MUNOC_AXI_SLAVE_NETWORK_INTERFACE_MODULE |        511 |        511 |       0 |    0 |   815 |      0 |      0 |          0 |
|         i_munoc_instance_0                                             |                                                                 MUNOC_MODULE_36 |        511 |        511 |       0 |    0 |   815 |      0 |      0 |          0 |
|           i_munoc_instance_0                                           |                                                              MUNOC_MODULE_35_77 |         79 |         79 |       0 |    0 |    81 |      0 |      0 |          0 |
|           i_munoc_instance_1                                           |                                                                 MUNOC_MODULE_25 |        104 |        104 |       0 |    0 |   184 |      0 |      0 |          0 |
|             i_gen_rdata_buffer[0].i_munoc_instance_1                   |                                                ERVP_SMALL_FIFO__parameterized10 |         77 |         77 |       0 |    0 |   140 |      0 |      0 |          0 |
|               (i_gen_rdata_buffer[0].i_munoc_instance_1)               |                                                ERVP_SMALL_FIFO__parameterized10 |          0 |          0 |       0 |    0 |   128 |      0 |      0 |          0 |
|               i_rvx_instance_0                                         |                            ERVP_COUNTER_WITH_ONEHOT_ENCODING__parameterized5_92 |         67 |         67 |       0 |    0 |     4 |      0 |      0 |          0 |
|           i_munoc_instance_2                                           |                                                                 MUNOC_MODULE_47 |        268 |        268 |       0 |    0 |   469 |      0 |      0 |          0 |
|             i_munoc_instance_0                                         |                                                                 MUNOC_MODULE_31 |        186 |        186 |       0 |    0 |   312 |      0 |      0 |          0 |
|               i_gen_buffer[0].i_munoc_instance_0                       |                                                 ERVP_SMALL_FIFO__parameterized6 |        186 |        186 |       0 |    0 |   312 |      0 |      0 |          0 |
|                 (i_gen_buffer[0].i_munoc_instance_0)                   |                                                 ERVP_SMALL_FIFO__parameterized6 |          0 |          0 |       0 |    0 |   288 |      0 |      0 |          0 |
|                 i_rvx_instance_0                                       |                                               ERVP_COUNTER_WITH_ONEHOT_ENCODING |        170 |        170 |       0 |    0 |     8 |      0 |      0 |          0 |
|             i_munoc_instance_2                                         |                                                 MUNOC_MODULE_31__parameterized0 |         80 |         80 |       0 |    0 |   156 |      0 |      0 |          0 |
|               i_gen_buffer[0].i_munoc_instance_0                       |                                                 ERVP_SMALL_FIFO__parameterized7 |         80 |         80 |       0 |    0 |   156 |      0 |      0 |          0 |
|                 (i_gen_buffer[0].i_munoc_instance_0)                   |                                                 ERVP_SMALL_FIFO__parameterized7 |          0 |          0 |       0 |    0 |   144 |      0 |      0 |          0 |
|                 i_rvx_instance_0                                       |                            ERVP_COUNTER_WITH_ONEHOT_ENCODING__parameterized5_85 |         72 |         72 |       0 |    0 |     4 |      0 |      0 |          0 |
|       i_snim_platform_controller_no_name                               |                               MUNOC_APB_SLAVE_NETWORK_INTERFACE_MODULE_ASYNCH_7 |        521 |        521 |       0 |    0 |  1037 |      0 |      0 |          0 |
|         i_munoc_instance_0                                             |                                                                 MUNOC_MODULE_08 |        162 |        162 |       0 |    0 |   328 |      0 |      0 |          0 |
|           i_munoc_instance_3                                           |                                                        MUNOC_AXI2APB_CONVERTER_ |        161 |        161 |       0 |    0 |   328 |      0 |      0 |          0 |
|             i_munoc_instance_0                                         |                                                                  RVX_MODULE_007 |         67 |         67 |       0 |    0 |   152 |      0 |      0 |          0 |
|               i_rvx_instance_1                                         |                                                               RVX_MODULE_022_67 |         61 |         61 |       0 |    0 |   149 |      0 |      0 |          0 |
|                 i_rvx_instance_1                                       |                                              ERVP_SMALL_FIFO__parameterized4_69 |         41 |         41 |       0 |    0 |   114 |      0 |      0 |          0 |
|                   (i_rvx_instance_1)                                   |                                              ERVP_SMALL_FIFO__parameterized4_69 |          0 |          0 |       0 |    0 |   105 |      0 |      0 |          0 |
|             i_munoc_instance_1                                         |                                                                 MUNOC_AXI2LPIXS |         94 |         94 |       0 |    0 |   176 |      0 |      0 |          0 |
|               i_rvx_instance_0                                         |                                                               RVX_MODULE_095_58 |         50 |         50 |       0 |    0 |   134 |      0 |      0 |          0 |
|                 i_rvx_instance_0                                       |                                              ERVP_SMALL_FIFO__parameterized3_62 |         47 |         47 |       0 |    0 |   132 |      0 |      0 |          0 |
|                   (i_rvx_instance_0)                                   |                                              ERVP_SMALL_FIFO__parameterized3_62 |          0 |          0 |       0 |    0 |   123 |      0 |      0 |          0 |
|         i_munoc_instance_1                                             |                                                                 MUNOC_MODULE_06 |        360 |        360 |       0 |    0 |   709 |      0 |      0 |          0 |
|           i_munoc_instance_1                                           |                                                                 MUNOC_MODULE_27 |         59 |         59 |       0 |    0 |   114 |      0 |      0 |          0 |
|             i_gen_rdata_buffer[0].i_munoc_instance_1                   |                                                ERVP_ASYNCH_FIFO__parameterized2 |         39 |         39 |       0 |    0 |    80 |      0 |      0 |          0 |
|               (i_gen_rdata_buffer[0].i_munoc_instance_1)               |                                                ERVP_ASYNCH_FIFO__parameterized2 |         37 |         37 |       0 |    0 |    72 |      0 |      0 |          0 |
|           i_munoc_instance_2                                           |                                                                 MUNOC_MODULE_21 |        177 |        177 |       0 |    0 |   433 |      0 |      0 |          0 |
|             i_munoc_instance_0                                         |                                                                 MUNOC_MODULE_46 |        136 |        136 |       0 |    0 |   352 |      0 |      0 |          0 |
|               i_gen_buffer[0].i_munoc_instance_1                       |                                                                ERVP_ASYNCH_FIFO |        136 |        136 |       0 |    0 |   352 |      0 |      0 |          0 |
|                 (i_gen_buffer[0].i_munoc_instance_1)                   |                                                                ERVP_ASYNCH_FIFO |        115 |        115 |       0 |    0 |   336 |      0 |      0 |          0 |
|             i_munoc_instance_2                                         |                                                 MUNOC_MODULE_46__parameterized0 |         41 |         41 |       0 |    0 |    80 |      0 |      0 |          0 |
|               i_gen_buffer[0].i_munoc_instance_1                       |                                                ERVP_ASYNCH_FIFO__parameterized0 |         41 |         41 |       0 |    0 |    80 |      0 |      0 |          0 |
|                 (i_gen_buffer[0].i_munoc_instance_1)                   |                                                ERVP_ASYNCH_FIFO__parameterized0 |         38 |         38 |       0 |    0 |    72 |      0 |      0 |          0 |
|           i_munoc_instance_7                                           |                                                                 MUNOC_MODULE_35 |         74 |         74 |       0 |    0 |    79 |      0 |      0 |          0 |
|             i_munoc_instance_1                                         |                                                                 MUNOC_MODULE_40 |         59 |         59 |       0 |    0 |    52 |      0 |      0 |          0 |
|       i_system_router                                                  |                                                       MUNOC_NETWORK_DUAL_ROUTER |        179 |        179 |       0 |    0 |   310 |      0 |      0 |          0 |
|         i_munoc_instance_0                                             |                                                            MUNOC_NETWORK_ROUTER |         12 |         12 |       0 |    0 |    61 |      0 |      0 |          0 |
|           i_input_port_with_routinhg_info[0].i_munoc_instance_1        |                                                                 MUNOC_MODULE_04 |         12 |         12 |       0 |    0 |    61 |      0 |      0 |          0 |
|             i_munoc_instance_1                                         |                                                               RVX_MODULE_076_46 |          9 |          9 |       0 |    0 |    56 |      0 |      0 |          0 |
|         i_munoc_instance_1                                             |                                            MUNOC_NETWORK_ROUTER__parameterized0 |        167 |        167 |       0 |    0 |   249 |      0 |      0 |          0 |
|           i_arbiter_gen[0].i_munoc_instance_2                          |                                                 MUNOC_MODULE_38__parameterized0 |        115 |        115 |       0 |    0 |    13 |      0 |      0 |          0 |
|       i_user_router                                                    |                                       MUNOC_NETWORK_DUAL_ROUTER__parameterized0 |        500 |        500 |       0 |    0 |   386 |      0 |      0 |          0 |
|         i_munoc_instance_0                                             |                                            MUNOC_NETWORK_ROUTER__parameterized1 |        254 |        254 |       0 |    0 |   281 |      0 |      0 |          0 |
|           i_arbiter_gen[0].i_munoc_instance_2                          |                                                 MUNOC_MODULE_38__parameterized1 |        106 |        106 |       0 |    0 |    11 |      0 |      0 |          0 |
|           i_arbiter_gen[1].i_munoc_instance_2                          |                                              MUNOC_MODULE_38__parameterized1_26 |        109 |        109 |       0 |    0 |    11 |      0 |      0 |          0 |
|           i_input_port_with_routinhg_info[1].i_munoc_instance_1        |                                              MUNOC_MODULE_04__parameterized1_27 |          8 |          8 |       0 |    0 |    51 |      0 |      0 |          0 |
|           i_input_port_with_routinhg_info[3].i_munoc_instance_1        |                                              MUNOC_MODULE_04__parameterized1_29 |          9 |          9 |       0 |    0 |    61 |      0 |      0 |          0 |
|             i_munoc_instance_1                                         |                                                               RVX_MODULE_076_31 |          9 |          9 |       0 |    0 |    56 |      0 |      0 |          0 |
|           i_input_port_with_routinhg_info[4].i_munoc_instance_1        |                                              MUNOC_MODULE_04__parameterized1_30 |          5 |          5 |       0 |    0 |    53 |      0 |      0 |          0 |
|         i_munoc_instance_1                                             |                                            MUNOC_NETWORK_ROUTER__parameterized2 |        246 |        246 |       0 |    0 |   105 |      0 |      0 |          0 |
|     i_system_ddr                                                       |                                                   BBHT_GROVER_DRAM_SLOW_DRAM_00 |       4781 |       4319 |     266 |  196 |  3962 |      0 |      0 |          0 |
|       nolabel_line70                                                   |                                                          xilinx_ddr3_ctrl_axi32 |       4781 |       4319 |     266 |  196 |  3962 |      0 |      0 |          0 |
|         (nolabel_line70)                                               |                                                          xilinx_ddr3_ctrl_axi32 |        124 |          0 |     124 |    0 |     0 |      0 |      0 |          0 |
|         u_xilinx_ddr3_ctrl_axi32_mig                                   |                                                      xilinx_ddr3_ctrl_axi32_mig |       4657 |       4319 |     142 |  196 |  3962 |      0 |      0 |          0 |
|           temp_mon_enabled.u_tempmon                                   |                                 xilinx_ddr3_ctrl_axi32_mig_7series_v4_2_tempmon |         23 |         23 |       0 |    0 |    77 |      0 |      0 |          0 |
|           u_memc_ui_top_axi                                            |                         xilinx_ddr3_ctrl_axi32_mig_7series_v4_2_memc_ui_top_axi |       4626 |       4288 |     142 |  196 |  3838 |      0 |      0 |          0 |
|             u_ui_top                                                   |                                  xilinx_ddr3_ctrl_axi32_mig_7series_v4_2_ui_top |        242 |        138 |     104 |    0 |   341 |      0 |      0 |          0 |
|               ui_cmd0                                                  |                                  xilinx_ddr3_ctrl_axi32_mig_7series_v4_2_ui_cmd |         34 |         34 |       0 |    0 |    55 |      0 |      0 |          0 |
|               ui_rd_data0                                              |                              xilinx_ddr3_ctrl_axi32_mig_7series_v4_2_ui_rd_data |         76 |         28 |      48 |    0 |    97 |      0 |      0 |          0 |
|               ui_wr_data0                                              |                              xilinx_ddr3_ctrl_axi32_mig_7series_v4_2_ui_wr_data |        132 |         76 |      56 |    0 |   189 |      0 |      0 |          0 |
|             mem_intfc0                                                 |                               xilinx_ddr3_ctrl_axi32_mig_7series_v4_2_mem_intfc |       3301 |       3251 |      38 |   12 |  2422 |      0 |      0 |          0 |
|               ddr_phy_top0                                             |                             xilinx_ddr3_ctrl_axi32_mig_7series_v4_2_ddr_phy_top |       2705 |       2664 |      30 |   11 |  1907 |      0 |      0 |          0 |
|                 u_ddr_mc_phy_wrapper                                   |                      xilinx_ddr3_ctrl_axi32_mig_7series_v4_2_ddr_mc_phy_wrapper |        330 |        298 |      30 |    2 |   225 |      0 |      0 |          0 |
|                   u_ddr_mc_phy                                         |                              xilinx_ddr3_ctrl_axi32_mig_7series_v4_2_ddr_mc_phy |        330 |        298 |      30 |    2 |   225 |      0 |      0 |          0 |
|                     ddr_phy_4lanes_0.u_ddr_phy_4lanes                  |                          xilinx_ddr3_ctrl_axi32_mig_7series_v4_2_ddr_phy_4lanes |        330 |        298 |      30 |    2 |   209 |      0 |      0 |          0 |
|                       ddr_byte_lane_D.ddr_byte_lane_D                  |           xilinx_ddr3_ctrl_axi32_mig_7series_v4_2_ddr_byte_lane__parameterized2 |        126 |        125 |       0 |    1 |    75 |      0 |      0 |          0 |
|                         dq_gen_40.if_post_fifo_gen.u_ddr_if_post_fifo  |                        xilinx_ddr3_ctrl_axi32_mig_7series_v4_2_ddr_if_post_fifo |        103 |        103 |       0 |    0 |    15 |      0 |      0 |          0 |
|                       ddr_byte_lane_C.ddr_byte_lane_C                  |           xilinx_ddr3_ctrl_axi32_mig_7series_v4_2_ddr_byte_lane__parameterized1 |        129 |        129 |       0 |    0 |    75 |      0 |      0 |          0 |
|                         dq_gen_40.if_post_fifo_gen.u_ddr_if_post_fifo  |                     xilinx_ddr3_ctrl_axi32_mig_7series_v4_2_ddr_if_post_fifo_73 |        100 |        100 |       0 |    0 |    15 |      0 |      0 |          0 |
|                 u_ddr_calib_top                                        |                           xilinx_ddr3_ctrl_axi32_mig_7series_v4_2_ddr_calib_top |       2371 |       2362 |       0 |    9 |  1682 |      0 |      0 |          0 |
|                   u_ddr_phy_wrcal                                      |                           xilinx_ddr3_ctrl_axi32_mig_7series_v4_2_ddr_phy_wrcal |        133 |        132 |       0 |    1 |   190 |      0 |      0 |          0 |
|                   ddr_phy_rdlvl_gen.u_ddr_phy_rdlvl                    |                           xilinx_ddr3_ctrl_axi32_mig_7series_v4_2_ddr_phy_rdlvl |        419 |        419 |       0 |    0 |   675 |      0 |      0 |          0 |
|                   ddr_phy_tempmon_0                                    |                         xilinx_ddr3_ctrl_axi32_mig_7series_v4_2_ddr_phy_tempmon |        250 |        250 |       0 |    0 |   229 |      0 |      0 |          0 |
|                   dqsfind_calib_left.u_ddr_phy_dqs_found_cal_hr        |                xilinx_ddr3_ctrl_axi32_mig_7series_v4_2_ddr_phy_dqs_found_cal_hr |        150 |        149 |       0 |    1 |    91 |      0 |      0 |          0 |
|                   mb_wrlvl_inst.u_ddr_phy_wrlvl                        |                           xilinx_ddr3_ctrl_axi32_mig_7series_v4_2_ddr_phy_wrlvl |        263 |        262 |       0 |    1 |   160 |      0 |      0 |          0 |
|                   u_ddr_phy_init                                       |                            xilinx_ddr3_ctrl_axi32_mig_7series_v4_2_ddr_phy_init |       1120 |       1116 |       0 |    4 |   295 |      0 |      0 |          0 |
|               mc0                                                      |                                      xilinx_ddr3_ctrl_axi32_mig_7series_v4_2_mc |        596 |        587 |       8 |    1 |   515 |      0 |      0 |          0 |
|                 (mc0)                                                  |                                      xilinx_ddr3_ctrl_axi32_mig_7series_v4_2_mc |          3 |          3 |       0 |    0 |    54 |      0 |      0 |          0 |
|                 bank_mach0                                             |                               xilinx_ddr3_ctrl_axi32_mig_7series_v4_2_bank_mach |        483 |        483 |       0 |    0 |   362 |      0 |      0 |          0 |
|                   arb_mux0                                             |                                 xilinx_ddr3_ctrl_axi32_mig_7series_v4_2_arb_mux |        153 |        153 |       0 |    0 |    41 |      0 |      0 |          0 |
|                     arb_row_col0                                       |                             xilinx_ddr3_ctrl_axi32_mig_7series_v4_2_arb_row_col |        153 |        153 |       0 |    0 |    34 |      0 |      0 |          0 |
|                       row_arb0                                         |      xilinx_ddr3_ctrl_axi32_mig_7series_v4_2_round_robin_arb__parameterized1_70 |         64 |         64 |       0 |    0 |     8 |      0 |      0 |          0 |
|                       col_arb0                                         |         xilinx_ddr3_ctrl_axi32_mig_7series_v4_2_round_robin_arb__parameterized1 |         69 |         69 |       0 |    0 |     8 |      0 |      0 |          0 |
|                   bank_cntrl[0].bank0                                  |                              xilinx_ddr3_ctrl_axi32_mig_7series_v4_2_bank_cntrl |         80 |         80 |       0 |    0 |    74 |      0 |      0 |          0 |
|                   bank_cntrl[1].bank0                                  |              xilinx_ddr3_ctrl_axi32_mig_7series_v4_2_bank_cntrl__parameterized0 |         76 |         76 |       0 |    0 |    74 |      0 |      0 |          0 |
|                   bank_cntrl[2].bank0                                  |              xilinx_ddr3_ctrl_axi32_mig_7series_v4_2_bank_cntrl__parameterized1 |         78 |         78 |       0 |    0 |    77 |      0 |      0 |          0 |
|                   bank_cntrl[3].bank0                                  |              xilinx_ddr3_ctrl_axi32_mig_7series_v4_2_bank_cntrl__parameterized2 |         75 |         75 |       0 |    0 |    74 |      0 |      0 |          0 |
|                 rank_mach0                                             |                               xilinx_ddr3_ctrl_axi32_mig_7series_v4_2_rank_mach |         86 |         85 |       0 |    1 |    71 |      0 |      0 |          0 |
|                   rank_common0                                         |                             xilinx_ddr3_ctrl_axi32_mig_7series_v4_2_rank_common |         73 |         73 |       0 |    0 |    54 |      0 |      0 |          0 |
|                     (rank_common0)                                     |                             xilinx_ddr3_ctrl_axi32_mig_7series_v4_2_rank_common |         61 |         61 |       0 |    0 |    48 |      0 |      0 |          0 |
|             u_axi_mc                                                   |                                  xilinx_ddr3_ctrl_axi32_mig_7series_v4_2_axi_mc |       1083 |        899 |       0 |  184 |  1073 |      0 |      0 |          0 |
|               axi_mc_w_channel_0                                       |                        xilinx_ddr3_ctrl_axi32_mig_7series_v4_2_axi_mc_w_channel |         88 |         88 |       0 |    0 |   150 |      0 |      0 |          0 |
|               USE_UPSIZER.upsizer_d2                                   |                         xilinx_ddr3_ctrl_axi32_mig_7series_v4_2_ddr_axi_upsizer |        561 |        519 |       0 |   42 |   654 |      0 |      0 |          0 |
|                 USE_READ.read_addr_inst                                |           xilinx_ddr3_ctrl_axi32_mig_7series_v4_2_ddr_a_upsizer__parameterized0 |         87 |         66 |       0 |   21 |    80 |      0 |      0 |          0 |
|                   USE_BURSTS.cmd_queue                                 |                     xilinx_ddr3_ctrl_axi32_mig_7series_v4_2_ddr_command_fifo_54 |         75 |         54 |       0 |   21 |    36 |      0 |      0 |          0 |
|                     (USE_BURSTS.cmd_queue)                             |                     xilinx_ddr3_ctrl_axi32_mig_7series_v4_2_ddr_command_fifo_54 |         65 |         44 |       0 |   21 |    35 |      0 |      0 |          0 |
|                 USE_READ.read_data_inst                                |                           xilinx_ddr3_ctrl_axi32_mig_7series_v4_2_ddr_r_upsizer |         64 |         64 |       0 |    0 |    90 |      0 |      0 |          0 |
|                   (USE_READ.read_data_inst)                            |                           xilinx_ddr3_ctrl_axi32_mig_7series_v4_2_ddr_r_upsizer |         51 |         51 |       0 |    0 |    89 |      0 |      0 |          0 |
|                 USE_WRITE.write_addr_inst                              |                           xilinx_ddr3_ctrl_axi32_mig_7series_v4_2_ddr_a_upsizer |        108 |         87 |       0 |   21 |    80 |      0 |      0 |          0 |
|                   USE_BURSTS.cmd_queue                                 |                        xilinx_ddr3_ctrl_axi32_mig_7series_v4_2_ddr_command_fifo |         99 |         78 |       0 |   21 |    37 |      0 |      0 |          0 |
|                     (USE_BURSTS.cmd_queue)                             |                        xilinx_ddr3_ctrl_axi32_mig_7series_v4_2_ddr_command_fifo |         89 |         68 |       0 |   21 |    36 |      0 |      0 |          0 |
|                 USE_WRITE.write_data_inst                              |                           xilinx_ddr3_ctrl_axi32_mig_7series_v4_2_ddr_w_upsizer |        181 |        181 |       0 |    0 |   163 |      0 |      0 |          0 |
|                   (USE_WRITE.write_data_inst)                          |                           xilinx_ddr3_ctrl_axi32_mig_7series_v4_2_ddr_w_upsizer |         95 |         95 |       0 |    0 |   162 |      0 |      0 |          0 |
|                   USE_FPGA_WORD_COMPLETED.word_complete_rest_last_inst |                         xilinx_ddr3_ctrl_axi32_mig_7series_v4_2_ddr_carry_and_9 |         72 |         72 |       0 |    0 |     0 |      0 |      0 |          0 |
|                 mi_register_slice_inst                                 |  xilinx_ddr3_ctrl_axi32_mig_7series_v4_2_ddr_axi_register_slice__parameterized0 |         79 |         79 |       0 |    0 |   152 |      0 |      0 |          0 |
|                   r_pipe                                               | xilinx_ddr3_ctrl_axi32_mig_7series_v4_2_ddr_axic_register_slice__parameterized5 |         79 |         79 |       0 |    0 |   151 |      0 |      0 |          0 |
|                 si_register_slice_inst                                 |                  xilinx_ddr3_ctrl_axi32_mig_7series_v4_2_ddr_axi_register_slice |         44 |         44 |       0 |    0 |    89 |      0 |      0 |          0 |
|               axi_mc_ar_channel_0                                      |                       xilinx_ddr3_ctrl_axi32_mig_7series_v4_2_axi_mc_ar_channel |        122 |        122 |       0 |    0 |    93 |      0 |      0 |          0 |
|                 axi_mc_cmd_translator_0                                |   xilinx_ddr3_ctrl_axi32_mig_7series_v4_2_axi_mc_cmd_translator__parameterized0 |         50 |         50 |       0 |    0 |    44 |      0 |      0 |          0 |
|                 ar_cmd_fsm_0                                           |                          xilinx_ddr3_ctrl_axi32_mig_7series_v4_2_axi_mc_cmd_fsm |         71 |         71 |       0 |    0 |     1 |      0 |      0 |          0 |
|               axi_mc_aw_channel_0                                      |                       xilinx_ddr3_ctrl_axi32_mig_7series_v4_2_axi_mc_aw_channel |        109 |        109 |       0 |    0 |    91 |      0 |      0 |          0 |
|                 aw_cmd_fsm_0                                           |                       xilinx_ddr3_ctrl_axi32_mig_7series_v4_2_axi_mc_wr_cmd_fsm |        101 |        101 |       0 |    0 |     1 |      0 |      0 |          0 |
|               axi_mc_r_channel_0                                       |                        xilinx_ddr3_ctrl_axi32_mig_7series_v4_2_axi_mc_r_channel |        171 |         33 |       0 |  138 |    39 |      0 |      0 |          0 |
|                 rd_data_fifo_0                                         |             xilinx_ddr3_ctrl_axi32_mig_7series_v4_2_axi_mc_fifo__parameterized0 |        144 |         16 |       0 |  128 |     7 |      0 |      0 |          0 |
|     i_system_sram                                                      |                                                    BBHT_GROVER_DRAM_SRAM_AXI_02 |        185 |        185 |       0 |    0 |   334 |     32 |      0 |          0 |
|       i_controller                                                     |                                                      ERVP_SPSRAM_CONTROLLER_AXI |        185 |        185 |       0 |    0 |   334 |      0 |      0 |          0 |
|         i_rvx_instance_0                                               |                                                                  RVX_MODULE_088 |        185 |        185 |       0 |    0 |   334 |      0 |      0 |          0 |
|           i_rvx_instance_0                                             |                                                               MUNOC_LPIXM2SCELL |        136 |        136 |       0 |    0 |   203 |      0 |      0 |          0 |
|             i_rvx_instance_0                                           |                                                                  RVX_MODULE_016 |         72 |         72 |       0 |    0 |   149 |      0 |      0 |          0 |
|               i_rvx_instance_1                                         |                                                                  RVX_MODULE_022 |         56 |         56 |       0 |    0 |   146 |      0 |      0 |          0 |
|                 i_rvx_instance_1                                       |                                                 ERVP_SMALL_FIFO__parameterized4 |         40 |         40 |       0 |    0 |   111 |      0 |      0 |          0 |
|                   (i_rvx_instance_1)                                   |                                                 ERVP_SMALL_FIFO__parameterized4 |          0 |          0 |       0 |    0 |   102 |      0 |      0 |          0 |
|             i_rvx_instance_1                                           |                                                                  RVX_MODULE_092 |         64 |         64 |       0 |    0 |    54 |      0 |      0 |          0 |
|               i_rvx_instance_0                                         |                                                                  RVX_MODULE_036 |         64 |         64 |       0 |    0 |    54 |      0 |      0 |          0 |
|                 i_rvx_instance_0                                       |                                                                  RVX_MODULE_111 |         64 |         64 |       0 |    0 |    46 |      0 |      0 |          0 |
|           i_rvx_instance_1                                             |                                                                  RVX_MODULE_095 |         49 |         49 |       0 |    0 |   131 |      0 |      0 |          0 |
|             i_rvx_instance_0                                           |                                                 ERVP_SMALL_FIFO__parameterized3 |         46 |         46 |       0 |    0 |   129 |      0 |      0 |          0 |
|               (i_rvx_instance_0)                                       |                                                 ERVP_SMALL_FIFO__parameterized3 |          0 |          0 |       0 |    0 |   120 |      0 |      0 |          0 |
+------------------------------------------------------------------------+---------------------------------------------------------------------------------+------------+------------+---------+------+-------+--------+--------+------------+
* Note: The sum of lower-level cells may be larger than their parent cells total, due to cross-hierarchy LUT combining


