Copyright 1986-2022 Xilinx, Inc. All Rights Reserved. Copyright 2022-2024 Advanced Micro Devices, Inc. All Rights Reserved.
-------------------------------------------------------------------------------------------------------------------------------------------------------------------------------------------
| Tool Version : Vivado v.2024.2 (lin64) Build 5239630 Fri Nov 08 22:34:34 MST 2024
| Date         : Mon Aug 31 16:08:59 2026
| Host         : JoongKyu running 64-bit Ubuntu 24.04.1 LTS
| Command      : report_timing -sort_by group -max_paths 100 -path_type summary -file /home/kyu/rvx_summer26/platform/bbht_grover/imp_arty-100t_2026-08-31/imp_result/route_timing_max.rpt
| Design       : BBHT_GROVER_FPGA
| Device       : 7a100t-csg324
| Speed File   : -1  PRODUCTION 1.23 2018-06-13
| Design State : Routed
-------------------------------------------------------------------------------------------------------------------------------------------------------------------------------------------

Timing Report

Startpoint                     Endpoint                       Slack(ns)     
----------------------------------------------------------------------------
i_platform/i_bbht_rvx_wrapper/u_main_ip/u_measure_verify/u_born/u_square32/v1_reg/C
                               i_platform/i_bbht_rvx_wrapper/u_main_ip/u_measure_verify/u_born/u_square32/part2_reg_reg[180]/CE
                                                              0.095         
i_platform/i_bbht_rvx_wrapper/u_main_ip/u_measure_verify/u_born/u_square32/v1_reg/C
                               i_platform/i_bbht_rvx_wrapper/u_main_ip/u_measure_verify/u_born/u_square32/part2_reg_reg[181]/CE
                                                              0.095         
i_platform/i_bbht_rvx_wrapper/u_main_ip/u_measure_verify/u_born/u_square32/v1_reg/C
                               i_platform/i_bbht_rvx_wrapper/u_main_ip/u_measure_verify/u_born/u_square32/part2_reg_reg[182]/CE
                                                              0.095         
i_platform/i_bbht_rvx_wrapper/u_main_ip/u_measure_verify/u_born/u_square32/v1_reg/C
                               i_platform/i_bbht_rvx_wrapper/u_main_ip/u_measure_verify/u_born/u_square32/part2_reg_reg[183]/CE
                                                              0.095         
i_platform/i_bbht_rvx_wrapper/u_main_ip/u_measure_verify/u_born/u_square32/v1_reg/C
                               i_platform/i_bbht_rvx_wrapper/u_main_ip/u_measure_verify/u_born/u_square32/part2_reg_reg[4]/CE
                                                              0.159         
i_platform/i_bbht_rvx_wrapper/u_main_ip/u_measure_verify/u_born/u_square32/v1_reg/C
                               i_platform/i_bbht_rvx_wrapper/u_main_ip/u_measure_verify/u_born/u_square32/part2_reg_reg[5]/CE
                                                              0.159         
i_platform/i_bbht_rvx_wrapper/u_main_ip/u_measure_verify/u_born/u_square32/v1_reg/C
                               i_platform/i_bbht_rvx_wrapper/u_main_ip/u_measure_verify/u_born/u_square32/part2_reg_reg[6]/CE
                                                              0.159         
i_platform/i_bbht_rvx_wrapper/u_main_ip/u_measure_verify/u_born/u_square32/v1_reg/C
                               i_platform/i_bbht_rvx_wrapper/u_main_ip/u_measure_verify/u_born/u_square32/part2_reg_reg[7]/CE
                                                              0.159         
i_platform/i_bbht_rvx_wrapper/u_main_ip/u_measure_verify/u_born/u_square32/v1_reg/C
                               i_platform/i_bbht_rvx_wrapper/u_main_ip/u_measure_verify/u_born/u_square32/sq2_reg[500]/CE
                                                              0.194         
i_platform/i_bbht_rvx_wrapper/u_main_ip/u_measure_verify/u_born/u_square32/v1_reg/C
                               i_platform/i_bbht_rvx_wrapper/u_main_ip/u_measure_verify/u_born/u_square32/sq2_reg[672]/CE
                                                              0.206         
i_platform/i_bbht_rvx_wrapper/u_main_ip/u_measure_verify/u_born/u_square32/v1_reg/C
                               i_platform/i_bbht_rvx_wrapper/u_main_ip/u_measure_verify/u_born/u_square32/sq2_reg[544]/CE
                                                              0.207         
i_platform/i_bbht_rvx_wrapper/u_main_ip/u_measure_verify/u_born/u_square32/v1_reg/C
                               i_platform/i_bbht_rvx_wrapper/u_main_ip/u_measure_verify/u_born/u_square32/sq2_reg[545]/CE
                                                              0.207         
i_platform/i_bbht_rvx_wrapper/u_main_ip/u_measure_verify/u_born/u_square32/v1_reg/C
                               i_platform/i_bbht_rvx_wrapper/u_main_ip/u_measure_verify/u_born/u_square32/sq2_reg[550]/CE
                                                              0.207         
i_platform/i_bbht_rvx_wrapper/u_main_ip/u_measure_verify/u_born/u_square32/v1_reg/C
                               i_platform/i_bbht_rvx_wrapper/u_main_ip/u_measure_verify/u_born/u_square32/sq2_reg[551]/CE
                                                              0.207         
i_platform/i_bbht_rvx_wrapper/u_main_ip/g_ckpt_plan_exec.g_auto_policy_k4.u_auto_policy/pvalq_v0_reg[5]/C
                               i_platform/i_bbht_rvx_wrapper/u_main_ip/g_ckpt_plan_exec.g_auto_policy_k4.u_auto_policy/pmeta_v1_reg[1]/D
                                                              0.210         
i_platform/i_bbht_rvx_wrapper/u_main_ip/g_ckpt_plan_exec.g_auto_policy_k4.u_auto_policy/pvalq_v0_reg[5]/C
                               i_platform/i_bbht_rvx_wrapper/u_main_ip/g_ckpt_plan_exec.g_auto_policy_k4.u_auto_policy/pmeta_v1_reg[2]/D
                                                              0.213         
i_platform/i_bbht_rvx_wrapper/u_main_ip/u_measure_verify/u_born/u_square32/v1_reg/C
                               i_platform/i_bbht_rvx_wrapper/u_main_ip/u_measure_verify/u_born/u_square32/sq2_reg[2]/CE
                                                              0.224         
i_platform/i_bbht_rvx_wrapper/u_main_ip/u_measure_verify/u_born/u_square32/v1_reg/C
                               i_platform/i_bbht_rvx_wrapper/u_main_ip/u_measure_verify/u_born/u_square32/sq2_reg[684]/CE
                                                              0.224         
i_platform/i_bbht_rvx_wrapper/u_main_ip/g_ckpt_plan_exec.g_auto_policy_k4.u_auto_policy/pvalq_v0_reg[5]/C
                               i_platform/i_bbht_rvx_wrapper/u_main_ip/g_ckpt_plan_exec.g_auto_policy_k4.u_auto_policy/pmeta_v2_reg[1]/D
                                                              0.228         
i_platform/i_bbht_rvx_wrapper/u_main_ip/u_measure_verify/u_born/u_square32/v1_reg/C
                               i_platform/i_bbht_rvx_wrapper/u_main_ip/u_measure_verify/u_born/u_square32/sq2_reg[593]/CE
                                                              0.229         
i_platform/i_bbht_rvx_wrapper/u_main_ip/g_ckpt_plan_exec.g_auto_policy_k4.u_auto_policy/pvalq_v0_reg[5]/C
                               i_platform/i_bbht_rvx_wrapper/u_main_ip/g_ckpt_plan_exec.g_auto_policy_k4.u_auto_policy/pmeta_v2_reg[2]/D
                                                              0.229         
i_platform/i_bbht_rvx_wrapper/u_main_ip/u_measure_verify/u_born/u_square32/v1_reg/C
                               i_platform/i_bbht_rvx_wrapper/u_main_ip/u_measure_verify/u_born/u_square32/part2_reg_reg[176]/CE
                                                              0.233         
i_platform/i_bbht_rvx_wrapper/u_main_ip/u_measure_verify/u_born/u_square32/v1_reg/C
                               i_platform/i_bbht_rvx_wrapper/u_main_ip/u_measure_verify/u_born/u_square32/part2_reg_reg[177]/CE
                                                              0.233         
i_platform/i_bbht_rvx_wrapper/u_main_ip/u_measure_verify/u_born/u_square32/v1_reg/C
                               i_platform/i_bbht_rvx_wrapper/u_main_ip/u_measure_verify/u_born/u_square32/part2_reg_reg[178]/CE
                                                              0.233         
i_platform/i_bbht_rvx_wrapper/u_main_ip/u_measure_verify/u_born/u_square32/v1_reg/C
                               i_platform/i_bbht_rvx_wrapper/u_main_ip/u_measure_verify/u_born/u_square32/part2_reg_reg[179]/CE
                                                              0.233         
i_platform/i_bbht_rvx_wrapper/u_main_ip/g_ckpt_plan_exec.g_auto_policy_k4.u_auto_policy/pvalq_v0_reg[5]/C
                               i_platform/i_bbht_rvx_wrapper/u_main_ip/g_ckpt_plan_exec.g_auto_policy_k4.u_auto_policy/pmeta_v1_reg[5]/D
                                                              0.235         
i_platform/i_bbht_rvx_wrapper/u_main_ip/g_ckpt_plan_exec.g_auto_policy_k4.u_auto_policy/pvalq_v0_reg[5]/C
                               i_platform/i_bbht_rvx_wrapper/u_main_ip/g_ckpt_plan_exec.g_auto_policy_k4.u_auto_policy/pmeta_v1_reg[3]/D
                                                              0.248         
i_platform/i_bbht_rvx_wrapper/u_main_ip/g_ckpt_plan_exec.g_auto_policy_k4.u_auto_policy/pvalq_v0_reg[5]/C
                               i_platform/i_bbht_rvx_wrapper/u_main_ip/g_ckpt_plan_exec.g_auto_policy_k4.u_auto_policy/pmeta_v2_reg[5]/D
                                                              0.253         
i_platform/i_bbht_rvx_wrapper/u_main_ip/g_ckpt_plan_exec.g_auto_policy_k4.u_auto_policy/pvalq_v0_reg[5]/C
                               i_platform/i_bbht_rvx_wrapper/u_main_ip/g_ckpt_plan_exec.g_auto_policy_k4.u_auto_policy/pmeta_v1_reg[6]/D
                                                              0.254         
i_platform/i_bbht_rvx_wrapper/u_main_ip/g_ckpt_plan_exec.g_auto_policy_k4.u_auto_policy/pvalq_v0_reg[5]/C
                               i_platform/i_bbht_rvx_wrapper/u_main_ip/g_ckpt_plan_exec.g_auto_policy_k4.u_auto_policy/pmeta_v1_reg[0]/D
                                                              0.265         
i_platform/i_bbht_rvx_wrapper/u_main_ip/g_ckpt_plan_exec.g_auto_policy_k4.u_auto_policy/pvalq_v0_reg[5]/C
                               i_platform/i_bbht_rvx_wrapper/u_main_ip/g_ckpt_plan_exec.g_auto_policy_k4.u_auto_policy/pmeta_v1_reg[4]/D
                                                              0.269         
i_platform/i_bbht_rvx_wrapper/u_main_ip/g_ckpt_plan_exec.g_auto_policy_k4.u_auto_policy/pvalq_v0_reg[5]/C
                               i_platform/i_bbht_rvx_wrapper/u_main_ip/g_ckpt_plan_exec.g_auto_policy_k4.u_auto_policy/pmeta_v2_reg[0]/D
                                                              0.285         
i_platform/i_bbht_rvx_wrapper/u_main_ip/u_measure_verify/u_born/u_square32/v1_reg/C
                               i_platform/i_bbht_rvx_wrapper/u_main_ip/u_measure_verify/u_born/u_square32/sq2_reg[488]/CE
                                                              0.286         
i_platform/i_bbht_rvx_wrapper/u_main_ip/u_measure_verify/u_born/u_square32/v1_reg/C
                               i_platform/i_bbht_rvx_wrapper/u_main_ip/u_measure_verify/u_born/u_square32/sq2_reg[504]/CE
                                                              0.286         
i_platform/i_bbht_rvx_wrapper/u_main_ip/u_measure_verify/u_born/u_square32/v1_reg/C
                               i_platform/i_bbht_rvx_wrapper/u_main_ip/u_measure_verify/u_born/u_square32/sq2_reg[531]/CE
                                                              0.286         
i_platform/i_bbht_rvx_wrapper/u_main_ip/u_measure_verify/u_born/u_square32/v1_reg/C
                               i_platform/i_bbht_rvx_wrapper/u_main_ip/u_measure_verify/u_born/u_square32/sq2_reg[535]/CE
                                                              0.286         
i_platform/i_bbht_rvx_wrapper/u_main_ip/g_ckpt_plan_exec.g_auto_policy_k4.u_auto_policy/pvalq_v0_reg[5]/C
                               i_platform/i_bbht_rvx_wrapper/u_main_ip/g_ckpt_plan_exec.g_auto_policy_k4.u_auto_policy/pmeta_v2_reg[4]/D
                                                              0.287         
i_platform/i_bbht_rvx_wrapper/u_main_ip/g_ckpt_plan_exec.g_auto_policy_k4.u_auto_policy/pvalq_v0_reg[5]/C
                               i_platform/i_bbht_rvx_wrapper/u_main_ip/g_ckpt_plan_exec.g_auto_policy_k4.u_auto_policy/pmeta_v2_reg[3]/D
                                                              0.296         
i_platform/i_bbht_rvx_wrapper/u_main_ip/u_measure_verify/u_born/u_square32/v1_reg/C
                               i_platform/i_bbht_rvx_wrapper/u_main_ip/u_measure_verify/u_born/u_square32/part2_reg_reg[0]/CE
                                                              0.299         
i_platform/i_bbht_rvx_wrapper/u_main_ip/u_measure_verify/u_born/u_square32/v1_reg/C
                               i_platform/i_bbht_rvx_wrapper/u_main_ip/u_measure_verify/u_born/u_square32/part2_reg_reg[1]/CE
                                                              0.299         
i_platform/i_bbht_rvx_wrapper/u_main_ip/u_measure_verify/u_born/u_square32/v1_reg/C
                               i_platform/i_bbht_rvx_wrapper/u_main_ip/u_measure_verify/u_born/u_square32/part2_reg_reg[2]/CE
                                                              0.299         
i_platform/i_bbht_rvx_wrapper/u_main_ip/u_measure_verify/u_born/u_square32/v1_reg/C
                               i_platform/i_bbht_rvx_wrapper/u_main_ip/u_measure_verify/u_born/u_square32/part2_reg_reg[3]/CE
                                                              0.299         
i_platform/i_bbht_rvx_wrapper/u_main_ip/u_measure_verify/u_born/u_square32/v1_reg/C
                               i_platform/i_bbht_rvx_wrapper/u_main_ip/u_measure_verify/u_born/u_square32/sq2_reg[109]/CE
                                                              0.299         
i_platform/i_bbht_rvx_wrapper/u_main_ip/u_measure_verify/u_born/u_square32/v1_reg/C
                               i_platform/i_bbht_rvx_wrapper/u_main_ip/u_measure_verify/u_born/u_square32/sq2_reg[19]/CE
                                                              0.299         
i_platform/i_bbht_rvx_wrapper/u_main_ip/u_measure_verify/u_born/u_square32/v1_reg/C
                               i_platform/i_bbht_rvx_wrapper/u_main_ip/u_measure_verify/u_born/u_square32/sq2_reg[596]/CE
                                                              0.299         
i_platform/i_bbht_rvx_wrapper/u_main_ip/g_ckpt_plan_exec.g_auto_policy_k4.u_auto_policy/pvalq_v0_reg[5]/C
                               i_platform/i_bbht_rvx_wrapper/u_main_ip/g_ckpt_plan_exec.g_auto_policy_k4.u_auto_policy/pmeta_v2_reg[6]/D
                                                              0.302         
i_platform/i_bbht_rvx_wrapper/u_main_ip/u_measure_verify/u_born/u_square32/v1_reg/C
                               i_platform/i_bbht_rvx_wrapper/u_main_ip/u_measure_verify/u_born/u_square32/part2_reg_reg[80]/CE
                                                              0.306         
i_platform/i_bbht_rvx_wrapper/u_main_ip/u_measure_verify/u_born/u_square32/v1_reg/C
                               i_platform/i_bbht_rvx_wrapper/u_main_ip/u_measure_verify/u_born/u_square32/part2_reg_reg[81]/CE
                                                              0.306         
i_platform/i_bbht_rvx_wrapper/u_main_ip/u_measure_verify/u_born/u_square32/v1_reg/C
                               i_platform/i_bbht_rvx_wrapper/u_main_ip/u_measure_verify/u_born/u_square32/part2_reg_reg[82]/CE
                                                              0.306         
i_platform/i_bbht_rvx_wrapper/u_main_ip/u_measure_verify/u_born/u_square32/v1_reg/C
                               i_platform/i_bbht_rvx_wrapper/u_main_ip/u_measure_verify/u_born/u_square32/part2_reg_reg[83]/CE
                                                              0.306         
i_platform/i_bbht_rvx_wrapper/u_main_ip/u_measure_verify/u_born/u_square32/v1_reg/C
                               i_platform/i_bbht_rvx_wrapper/u_main_ip/u_measure_verify/u_born/u_square32/part2_reg_reg[56]/CE
                                                              0.325         
i_platform/i_bbht_rvx_wrapper/u_main_ip/u_measure_verify/u_born/u_square32/v1_reg/C
                               i_platform/i_bbht_rvx_wrapper/u_main_ip/u_measure_verify/u_born/u_square32/part2_reg_reg[57]/CE
                                                              0.325         
i_platform/i_bbht_rvx_wrapper/u_main_ip/u_measure_verify/u_born/u_square32/v1_reg/C
                               i_platform/i_bbht_rvx_wrapper/u_main_ip/u_measure_verify/u_born/u_square32/part2_reg_reg[58]/CE
                                                              0.325         
i_platform/i_bbht_rvx_wrapper/u_main_ip/u_measure_verify/u_born/u_square32/v1_reg/C
                               i_platform/i_bbht_rvx_wrapper/u_main_ip/u_measure_verify/u_born/u_square32/part2_reg_reg[59]/CE
                                                              0.325         
i_platform/i_bbht_rvx_wrapper/u_main_ip/u_measure_verify/u_born/u_square32/v1_reg/C
                               i_platform/i_bbht_rvx_wrapper/u_main_ip/u_measure_verify/u_born/u_square32/sq2_reg[299]/CE
                                                              0.325         
i_platform/i_bbht_rvx_wrapper/u_main_ip/u_measure_verify/u_born/u_square32/v1_reg/C
                               i_platform/i_bbht_rvx_wrapper/u_main_ip/u_measure_verify/u_born/u_square32/sq2_reg[503]/CE
                                                              0.349         
i_platform/i_bbht_rvx_wrapper/u_main_ip/g_ckpt_plan_exec.g_auto_policy_k4.u_auto_policy/a_dmask_reg[3]/C
                               i_platform/i_bbht_rvx_wrapper/u_main_ip/g_ckpt_plan_exec.g_auto_policy_k4.u_auto_policy/f_dmask_reg[0][3]/D
                                                              0.362         
i_platform/i_bbht_rvx_wrapper/u_main_ip/u_measure_verify/u_born/u_square32/v1_reg/C
                               i_platform/i_bbht_rvx_wrapper/u_main_ip/u_measure_verify/u_born/u_square32/sq2_reg[577]/CE
                                                              0.366         
i_platform/i_bbht_rvx_wrapper/u_main_ip/u_measure_verify/u_born/u_square32/v1_reg/C
                               i_platform/i_bbht_rvx_wrapper/u_main_ip/u_measure_verify/u_born/u_square32/sq2_reg[580]/CE
                                                              0.366         
i_platform/i_bbht_rvx_wrapper/u_main_ip/u_measure_verify/u_born/u_square32/v1_reg/C
                               i_platform/i_bbht_rvx_wrapper/u_main_ip/u_measure_verify/u_born/u_square32/sq2_reg[590]/CE
                                                              0.366         
i_platform/i_bbht_rvx_wrapper/u_main_ip/u_measure_verify/u_born/u_square32/v1_reg/C
                               i_platform/i_bbht_rvx_wrapper/u_main_ip/u_measure_verify/u_born/u_square32/sq2_reg[675]/CE
                                                              0.366         
i_platform/i_bbht_rvx_wrapper/u_main_ip/u_measure_verify/u_born/u_square32/v1_reg/C
                               i_platform/i_bbht_rvx_wrapper/u_main_ip/u_measure_verify/u_born/u_square32/sq2_reg[256]/CE
                                                              0.374         
i_platform/i_bbht_rvx_wrapper/u_main_ip/u_measure_verify/u_born/u_square32/v1_reg/C
                               i_platform/i_bbht_rvx_wrapper/u_main_ip/u_measure_verify/u_born/u_square32/sq2_reg[499]/CE
                                                              0.374         
i_platform/i_bbht_rvx_wrapper/u_main_ip/u_measure_verify/u_born/u_square32/v1_reg/C
                               i_platform/i_bbht_rvx_wrapper/u_main_ip/u_measure_verify/u_born/u_square32/sq2_reg[492]/CE
                                                              0.376         
i_platform/i_bbht_rvx_wrapper/u_main_ip/u_measure_verify/u_born/u_square32/v1_reg/C
                               i_platform/i_bbht_rvx_wrapper/u_main_ip/u_measure_verify/u_born/u_square32/sq2_reg[494]/CE
                                                              0.376         
i_platform/i_bbht_rvx_wrapper/u_main_ip/u_measure_verify/u_born/u_square32/v1_reg/C
                               i_platform/i_bbht_rvx_wrapper/u_main_ip/u_measure_verify/u_born/u_square32/sq2_reg[541]/CE
                                                              0.376         
i_platform/i_bbht_rvx_wrapper/u_main_ip/u_measure_verify/u_born/u_square32/v1_reg/C
                               i_platform/i_bbht_rvx_wrapper/u_main_ip/u_measure_verify/u_born/u_square32/sq2_reg[207]/CE
                                                              0.378         
i_platform/i_bbht_rvx_wrapper/u_main_ip/u_measure_verify/u_born/u_square32/v1_reg/C
                               i_platform/i_bbht_rvx_wrapper/u_main_ip/u_measure_verify/u_born/u_square32/part2_reg_reg[172]/CE
                                                              0.383         
i_platform/i_bbht_rvx_wrapper/u_main_ip/u_measure_verify/u_born/u_square32/v1_reg/C
                               i_platform/i_bbht_rvx_wrapper/u_main_ip/u_measure_verify/u_born/u_square32/part2_reg_reg[173]/CE
                                                              0.383         
i_platform/i_bbht_rvx_wrapper/u_main_ip/u_measure_verify/u_born/u_square32/v1_reg/C
                               i_platform/i_bbht_rvx_wrapper/u_main_ip/u_measure_verify/u_born/u_square32/part2_reg_reg[174]/CE
                                                              0.383         
i_platform/i_bbht_rvx_wrapper/u_main_ip/u_measure_verify/u_born/u_square32/v1_reg/C
                               i_platform/i_bbht_rvx_wrapper/u_main_ip/u_measure_verify/u_born/u_square32/part2_reg_reg[175]/CE
                                                              0.383         
i_platform/i_bbht_rvx_wrapper/u_main_ip/auto_current_j_reg[0]/C
                               i_platform/i_bbht_rvx_wrapper/u_main_ip/g_ckpt_plan_exec.g_ckpt_planner_auto_pipe.u_ckpt_planner_pipe/s1_pred_j_reg[2]/D
                                                              0.390         
i_platform/i_bbht_rvx_wrapper/u_main_ip/u_measure_verify/u_born/u_square32/v1_reg/C
                               i_platform/i_bbht_rvx_wrapper/u_main_ip/u_measure_verify/u_born/u_square32/sq2_reg[367]/CE
                                                              0.394         
i_platform/i_bbht_rvx_wrapper/u_main_ip/u_measure_verify/u_born/u_square32/v1_reg/C
                               i_platform/i_bbht_rvx_wrapper/u_main_ip/u_measure_verify/u_born/u_square32/sq2_reg[454]/CE
                                                              0.419         
i_platform/i_bbht_rvx_wrapper/u_main_ip/auto_current_j_reg[0]/C
                               i_platform/i_bbht_rvx_wrapper/u_main_ip/g_ckpt_plan_exec.g_ckpt_planner_auto_pipe.u_ckpt_planner_pipe/s1_pred_j_reg[4]/D
                                                              0.426         
i_platform/i_bbht_rvx_wrapper/u_main_ip/g_ckpt_plan_exec.g_auto_policy_k4.u_auto_policy/f_id1_reg[7][3]/C
                               i_platform/i_bbht_rvx_wrapper/u_main_ip/g_ckpt_plan_exec.g_auto_policy_k4.u_auto_policy/memo_wr_addr_reg[12]/D
                                                              0.427         
i_platform/i_bbht_rvx_wrapper/u_main_ip/g_ckpt_plan_exec.g_auto_policy_k4.u_auto_policy/f_id1_reg[7][3]/C
                               i_platform/i_bbht_rvx_wrapper/u_main_ip/g_ckpt_plan_exec.g_auto_policy_k4.u_auto_policy/memo_wr_addr_reg[9]/D
                                                              0.430         
i_platform/i_bbht_rvx_wrapper/u_main_ip/g_ckpt_plan_exec.g_auto_policy_k4.u_auto_policy/prep_req_idx_q_reg[0]/C
                               i_platform/i_bbht_rvx_wrapper/u_main_ip/g_ckpt_plan_exec.g_auto_policy_k4.u_auto_policy/prep_keep_ids_q_reg[2]/D
                                                              0.433         
i_platform/i_bbht_rvx_wrapper/u_main_ip/g_ckpt_plan_exec.g_auto_policy_k4.u_auto_policy/a_dmask_reg[3]/C
                               i_platform/i_bbht_rvx_wrapper/u_main_ip/g_ckpt_plan_exec.g_auto_policy_k4.u_auto_policy/f_rmask_reg[5][0]/D
                                                              0.440         
i_platform/i_bbht_rvx_wrapper/u_main_ip/g_ckpt_plan_exec.g_auto_policy_k4.u_auto_policy/prep_req_idx_q_reg[0]/C
                               i_platform/i_bbht_rvx_wrapper/u_main_ip/g_ckpt_plan_exec.g_auto_policy_k4.u_auto_policy/prep_keep_ids_q_reg[5]/D
                                                              0.444         
i_platform/i_bbht_rvx_wrapper/u_main_ip/g_ckpt_plan_exec.g_auto_policy_k4.u_auto_policy/prep_req_idx_q_reg[0]/C
                               i_platform/i_bbht_rvx_wrapper/u_main_ip/g_ckpt_plan_exec.g_auto_policy_k4.u_auto_policy/prep_keep_ids_q_reg[4]/D
                                                              0.446         
i_platform/i_bbht_rvx_wrapper/u_main_ip/u_measure_verify/u_born/u_square32/v1_reg/C
                               i_platform/i_bbht_rvx_wrapper/u_main_ip/u_measure_verify/u_born/u_square32/sq2_reg[633]/CE
                                                              0.449         
i_platform/i_bbht_rvx_wrapper/u_main_ip/u_measure_verify/u_born/u_square32/v1_reg/C
                               i_platform/i_bbht_rvx_wrapper/u_main_ip/u_measure_verify/u_born/u_square32/sq2_reg[636]/CE
                                                              0.449         
i_platform/i_bbht_rvx_wrapper/u_main_ip/u_measure_verify/u_born/u_square32/v1_reg/C
                               i_platform/i_bbht_rvx_wrapper/u_main_ip/u_measure_verify/u_born/u_square32/sq2_reg[685]/CE
                                                              0.449         
i_platform/i_bbht_rvx_wrapper/u_main_ip/g_ckpt_plan_exec.g_auto_policy_k4.u_auto_policy/f_id1_reg[7][3]/C
                               i_platform/i_bbht_rvx_wrapper/u_main_ip/g_ckpt_plan_exec.g_auto_policy_k4.u_auto_policy/memo_wr_addr_reg[11]/D
                                                              0.451         
i_platform/i_bbht_rvx_wrapper/u_main_ip/g_ckpt_plan_exec.g_auto_policy_k4.u_auto_policy/build_raw_value_q_reg[4]/C
                               i_platform/i_bbht_rvx_wrapper/u_main_ip/g_ckpt_plan_exec.g_auto_policy_k4.u_auto_policy/build_req_pool_found_q_reg/D
                                                              0.457         
i_platform/i_bbht_rvx_wrapper/u_main_ip/g_ckpt_plan_exec.g_auto_policy_k4.u_auto_policy/a_dmask_reg[3]/C
                               i_platform/i_bbht_rvx_wrapper/u_main_ip/g_ckpt_plan_exec.g_auto_policy_k4.u_auto_policy/f_dmask_reg[1][0]/CE
                                                              0.468         
i_platform/i_bbht_rvx_wrapper/u_main_ip/g_ckpt_plan_exec.g_auto_policy_k4.u_auto_policy/a_dmask_reg[3]/C
                               i_platform/i_bbht_rvx_wrapper/u_main_ip/g_ckpt_plan_exec.g_auto_policy_k4.u_auto_policy/f_dmask_reg[1][2]/CE
                                                              0.468         
i_platform/i_bbht_rvx_wrapper/u_main_ip/g_ckpt_plan_exec.g_auto_policy_k4.u_auto_policy/a_dmask_reg[3]/C
                               i_platform/i_bbht_rvx_wrapper/u_main_ip/g_ckpt_plan_exec.g_auto_policy_k4.u_auto_policy/f_dmask_reg[1][3]/CE
                                                              0.468         
i_platform/i_bbht_rvx_wrapper/u_main_ip/g_ckpt_plan_exec.g_auto_policy_k4.u_auto_policy/a_dmask_reg[3]/C
                               i_platform/i_bbht_rvx_wrapper/u_main_ip/g_ckpt_plan_exec.g_auto_policy_k4.u_auto_policy/f_dmask_reg[1][4]/CE
                                                              0.468         
i_platform/i_bbht_rvx_wrapper/u_main_ip/g_ckpt_plan_exec.g_auto_policy_k4.u_auto_policy/a_dmask_reg[3]/C
                               i_platform/i_bbht_rvx_wrapper/u_main_ip/g_ckpt_plan_exec.g_auto_policy_k4.u_auto_policy/f_dmask_reg[1][7]/CE
                                                              0.468         
i_platform/i_bbht_rvx_wrapper/u_main_ip/u_measure_verify/u_born/u_square32/v1_reg/C
                               i_platform/i_bbht_rvx_wrapper/u_main_ip/u_measure_verify/u_born/u_square32/sq2_reg[700]/CE
                                                              0.473         
i_platform/i_bbht_rvx_wrapper/u_main_ip/u_measure_verify/u_born/u_square32/v1_reg/C
                               i_platform/i_bbht_rvx_wrapper/u_main_ip/u_measure_verify/u_born/u_square32/sq2_reg[8]/CE
                                                              0.473         
i_platform/i_bbht_rvx_wrapper/u_main_ip/u_measure_verify/u_born/u_square32/v1_reg/C
                               i_platform/i_bbht_rvx_wrapper/u_main_ip/u_measure_verify/u_born/u_square32/part2_reg_reg[52]/CE
                                                              0.474         
i_platform/i_bbht_rvx_wrapper/u_main_ip/u_measure_verify/u_born/u_square32/v1_reg/C
                               i_platform/i_bbht_rvx_wrapper/u_main_ip/u_measure_verify/u_born/u_square32/part2_reg_reg[53]/CE
                                                              0.474         
i_platform/i_bbht_rvx_wrapper/u_main_ip/u_measure_verify/u_born/u_square32/v1_reg/C
                               i_platform/i_bbht_rvx_wrapper/u_main_ip/u_measure_verify/u_born/u_square32/part2_reg_reg[54]/CE
                                                              0.474         
i_platform/i_bbht_rvx_wrapper/u_main_ip/u_measure_verify/u_born/u_square32/v1_reg/C
                               i_platform/i_bbht_rvx_wrapper/u_main_ip/u_measure_verify/u_born/u_square32/part2_reg_reg[55]/CE
                                                              0.474         
i_platform/i_bbht_rvx_wrapper/u_main_ip/u_measure_verify/u_born/u_square32/v1_reg/C
                               i_platform/i_bbht_rvx_wrapper/u_main_ip/u_measure_verify/u_born/u_square32/sq2_reg[297]/CE
                                                              0.474         
i_platform/i_bbht_rvx_wrapper/u_main_ip/u_measure_verify/u_born/u_square32/v1_reg/C
                               i_platform/i_bbht_rvx_wrapper/u_main_ip/u_measure_verify/u_born/u_square32/sq2_reg[341]/CE
                                                              0.474         
i_platform/i_bbht_rvx_wrapper/u_main_ip/g_ckpt_plan_exec.g_auto_policy_k4.u_auto_policy/f_id1_reg[7][3]/C
                               i_platform/i_bbht_rvx_wrapper/u_main_ip/g_ckpt_plan_exec.g_auto_policy_k4.u_auto_policy/memo_wr_addr_reg[13]/D
                                                              0.477         
i_platform/i_rtl/platform_controller/i_rvx_instance_3/rvx_signal_05_reg[5]/C
                               i_platform/i_rtl/i_main_core/i_orca/core/D__0/the_register_file/bypass_gen.registers_reg[31][20]/CLR
                                                              3.707         
i_platform/i_rtl/platform_controller/i_rvx_instance_3/rvx_signal_05_reg[5]/C
                               i_platform/i_rtl/i_main_core/i_orca/core/D__0/the_register_file/bypass_gen.registers_reg[31][31]/CLR
                                                              3.707         
i_platform/i_rtl/platform_controller/i_rvx_instance_3/rvx_signal_05_reg[5]/C
                               i_platform/i_rtl/i_main_core/i_orca/core/D__0/the_register_file/bypass_gen.registers_reg[30][31]/CLR
                                                              3.793         
i_platform/i_rtl/platform_controller/i_rvx_instance_3/rvx_signal_05_reg[5]/C
                               i_platform/i_rtl/i_main_core/i_orca/core/D__0/two_cycle.from_decode_rs2_data_reg[20]/CLR
                                                              3.863         
i_platform/i_rtl/platform_controller/i_rvx_instance_3/rvx_signal_05_reg[5]/C
                               i_platform/i_rtl/i_main_core/i_orca/core/D__0/two_cycle.from_decode_rs2_data_reg[21]/CLR
                                                              3.863         
i_platform/i_rtl/platform_controller/i_rvx_instance_3/rvx_signal_05_reg[5]/C
                               i_platform/i_rtl/i_main_core/i_orca/core/D__0/two_cycle.from_decode_rs2_data_reg[27]/CLR
                                                              3.863         
i_platform/i_rtl/platform_controller/i_rvx_instance_3/rvx_signal_05_reg[5]/C
                               i_platform/i_rtl/i_main_core/i_orca/core/D__0/two_cycle.from_decode_rs2_data_reg[31]/CLR
                                                              3.863         
i_platform/i_rtl/platform_controller/i_rvx_instance_3/rvx_signal_05_reg[5]/C
                               i_platform/i_rtl/i_main_core/i_orca/core/D__0/two_cycle.from_decode_rs1_data_reg[20]/CLR
                                                              3.949         
i_platform/i_rtl/platform_controller/i_rvx_instance_3/rvx_signal_05_reg[5]/C
                               i_platform/i_rtl/i_main_core/i_orca/core/D__0/two_cycle.from_decode_rs1_data_reg[21]/CLR
                                                              3.949         
i_platform/i_rtl/platform_controller/i_rvx_instance_3/rvx_signal_05_reg[5]/C
                               i_platform/i_rtl/i_main_core/i_orca/core/D__0/two_cycle.from_decode_rs1_data_reg[27]/CLR
                                                              3.949         
i_platform/i_rtl/platform_controller/i_rvx_instance_3/rvx_signal_05_reg[5]/C
                               i_platform/i_rtl/i_main_core/i_orca/core/D__0/two_cycle.from_decode_rs1_data_reg[31]/CLR
                                                              3.949         
i_platform/i_rtl/platform_controller/i_rvx_instance_3/rvx_signal_05_reg[5]/C
                               i_platform/i_rtl/i_main_core/i_orca/core/D__0/the_register_file/bypass_gen.registers_reg[11][31]/CLR
                                                              3.998         
i_platform/i_rtl/platform_controller/i_rvx_instance_3/rvx_signal_05_reg[5]/C
                               i_platform/i_rtl/i_main_core/i_orca/core/D__0/two_cycle.from_decode_rs2_data_reg[22]/CLR
                                                              4.021         
i_platform/i_rtl/platform_controller/i_rvx_instance_3/rvx_signal_05_reg[5]/C
                               i_platform/i_rtl/i_main_core/i_orca/core/D__0/two_cycle.from_decode_rs2_data_reg[25]/CLR
                                                              4.021         
i_platform/i_rtl/platform_controller/i_rvx_instance_3/rvx_signal_05_reg[5]/C
                               i_platform/i_rtl/i_main_core/i_orca/core/D__0/two_cycle.from_decode_rs2_data_reg[26]/CLR
                                                              4.021         
i_platform/i_rtl/platform_controller/i_rvx_instance_3/rvx_signal_05_reg[5]/C
                               i_platform/i_rtl/i_main_core/i_orca/core/D__0/two_cycle.from_decode_rs2_data_reg[29]/CLR
                                                              4.021         
i_platform/i_rtl/platform_controller/i_rvx_instance_3/rvx_signal_05_reg[5]/C
                               i_platform/i_rtl/i_main_core/i_orca/core/D__0/the_register_file/bypass_gen.registers_reg[1][31]/CLR
                                                              4.083         
i_platform/i_rtl/platform_controller/i_rvx_instance_3/rvx_signal_05_reg[5]/C
                               i_platform/i_rtl/i_main_core/i_orca/core/D__0/the_register_file/bypass_gen.registers_reg[13][31]/CLR
                                                              4.084         
i_platform/i_rtl/platform_controller/i_rvx_instance_3/rvx_signal_05_reg[5]/C
                               i_platform/i_rtl/i_main_core/i_orca/core/D__0/the_register_file/bypass_gen.registers_reg[3][31]/CLR
                                                              4.169         
i_platform/i_rtl/platform_controller/i_rvx_instance_3/rvx_signal_05_reg[5]/C
                               i_platform/i_rtl/i_main_core/i_orca/core/D__0/two_cycle.from_decode_rs2_data_reg[23]/CLR
                                                              4.204         
i_platform/i_rtl/platform_controller/i_rvx_instance_3/rvx_signal_05_reg[5]/C
                               i_platform/i_rtl/i_main_core/i_orca/core/D__0/two_cycle.from_decode_rs2_data_reg[24]/CLR
                                                              4.204         
i_platform/i_rtl/platform_controller/i_rvx_instance_3/rvx_signal_05_reg[5]/C
                               i_platform/i_rtl/i_main_core/i_orca/core/D__0/two_cycle.from_decode_rs2_data_reg[28]/CLR
                                                              4.204         
i_platform/i_rtl/platform_controller/i_rvx_instance_3/rvx_signal_05_reg[5]/C
                               i_platform/i_rtl/i_main_core/i_orca/core/D__0/two_cycle.from_decode_rs2_data_reg[30]/CLR
                                                              4.204         
i_platform/i_rtl/platform_controller/i_rvx_instance_3/rvx_signal_05_reg[5]/C
                               i_platform/i_rtl/i_main_core/i_orca/core/D__0/the_register_file/bypass_gen.registers_reg[1][25]/CLR
                                                              4.226         
i_platform/i_rtl/platform_controller/i_rvx_instance_3/rvx_signal_05_reg[5]/C
                               i_platform/i_rtl/i_main_core/i_orca/core/D__0/two_cycle.from_decode_rs1_data_reg[23]/CLR
                                                              4.290         
i_platform/i_rtl/platform_controller/i_rvx_instance_3/rvx_signal_05_reg[5]/C
                               i_platform/i_rtl/i_main_core/i_orca/core/D__0/two_cycle.from_decode_rs1_data_reg[25]/CLR
                                                              4.290         
i_platform/i_rtl/platform_controller/i_rvx_instance_3/rvx_signal_05_reg[5]/C
                               i_platform/i_rtl/i_main_core/i_orca/core/D__0/two_cycle.from_decode_rs1_data_reg[26]/CLR
                                                              4.290         
i_platform/i_rtl/platform_controller/i_rvx_instance_3/rvx_signal_05_reg[5]/C
                               i_platform/i_rtl/i_main_core/i_orca/core/D__0/two_cycle.from_decode_rs1_data_reg[29]/CLR
                                                              4.290         
i_platform/i_rtl/platform_controller/i_rvx_instance_3/rvx_signal_05_reg[5]/C
                               i_platform/i_rtl/i_main_core/i_orca/core/D__0/the_register_file/bypass_gen.registers_reg[0][25]/CLR
                                                              4.312         
i_platform/i_rtl/platform_controller/i_rvx_instance_3/rvx_signal_05_reg[5]/C
                               i_platform/i_rtl/i_main_core/i_orca/core/D__0/the_register_file/bypass_gen.registers_reg[0][31]/CLR
                                                              4.312         
i_platform/i_rtl/platform_controller/i_rvx_instance_3/rvx_signal_05_reg[5]/C
                               i_platform/i_rtl/i_main_core/i_orca/core/D__0/the_register_file/bypass_gen.registers_reg[27][28]/CLR
                                                              4.383         
i_platform/i_rtl/platform_controller/i_rvx_instance_3/rvx_signal_05_reg[5]/C
                               i_platform/i_rtl/i_main_core/i_orca/core/D__0/two_cycle.from_decode_rs1_data_reg[22]/CLR
                                                              4.450         
i_platform/i_rtl/platform_controller/i_rvx_instance_3/rvx_signal_05_reg[5]/C
                               i_platform/i_rtl/i_main_core/i_orca/core/D__0/two_cycle.from_decode_rs1_data_reg[24]/CLR
                                                              4.450         
i_platform/i_rtl/platform_controller/i_rvx_instance_3/rvx_signal_05_reg[5]/C
                               i_platform/i_rtl/i_main_core/i_orca/core/D__0/two_cycle.from_decode_rs1_data_reg[28]/CLR
                                                              4.450         
i_platform/i_rtl/platform_controller/i_rvx_instance_3/rvx_signal_05_reg[5]/C
                               i_platform/i_rtl/i_main_core/i_orca/core/D__0/two_cycle.from_decode_rs1_data_reg[30]/CLR
                                                              4.450         
i_platform/i_rtl/platform_controller/i_rvx_instance_3/rvx_signal_05_reg[5]/C
                               i_platform/i_rtl/i_main_core/i_orca/core/D__0/the_register_file/bypass_gen.registers_reg[26][25]/CLR
                                                              4.469         
i_platform/i_rtl/platform_controller/i_rvx_instance_3/rvx_signal_05_reg[5]/C
                               i_platform/i_rtl/i_main_core/i_orca/core/D__0/the_register_file/bypass_gen.registers_reg[6][25]/CLR
                                                              4.472         
i_platform/i_rtl/platform_controller/i_rvx_instance_3/rvx_signal_05_reg[5]/C
                               i_platform/i_rtl/i_main_core/i_orca/core/D__0/the_register_file/bypass_gen.registers_reg[6][31]/CLR
                                                              4.472         
i_platform/i_rtl/platform_controller/i_rvx_instance_3/rvx_signal_05_reg[5]/C
                               i_platform/i_rtl/i_main_core/i_orca/core/D__0/the_register_file/bypass_gen.registers_reg[19][5]/CLR
                                                              4.507         
i_platform/i_rtl/platform_controller/i_rvx_instance_3/rvx_signal_05_reg[5]/C
                               i_platform/i_rtl/i_main_core/i_orca/the_memory_interface/uc_masters_gen.duc_master/ervp_master/i_write_buffer/rvx_signal_6_reg[0][16]/CLR
                                                              4.518         
i_platform/i_rtl/platform_controller/i_rvx_instance_3/rvx_signal_05_reg[5]/C
                               i_platform/i_rtl/i_main_core/i_orca/core/D__0/the_register_file/bypass_gen.registers_reg[5][25]/CLR
                                                              4.534         
i_platform/i_rtl/platform_controller/i_rvx_instance_3/rvx_signal_05_reg[5]/C
                               i_platform/i_rtl/i_main_core/i_orca/core/D__0/the_register_file/bypass_gen.out1_reg[5]/CLR
                                                              4.593         
i_platform/i_rtl/platform_controller/i_rvx_instance_3/rvx_signal_05_reg[5]/C
                               i_platform/i_rtl/i_main_core/i_orca/core/D__0/the_register_file/bypass_gen.out2_reg[5]/CLR
                                                              4.593         
i_platform/i_rtl/platform_controller/i_rvx_instance_3/rvx_signal_05_reg[5]/C
                               i_platform/i_rtl/i_main_core/i_orca/core/D__0/the_register_file/bypass_gen.registers_reg[3][25]/CLR
                                                              4.602         
i_platform/i_rtl/platform_controller/i_rvx_instance_3/rvx_signal_05_reg[5]/C
                               i_platform/i_rtl/i_main_core/i_orca/the_memory_interface/uc_masters_gen.duc_master/ervp_master/i_write_buffer/rvx_signal_6_reg[0][18]/CLR
                                                              4.604         
i_platform/i_rtl/platform_controller/i_rvx_instance_3/rvx_signal_05_reg[5]/C
                               i_platform/i_rtl/i_main_core/i_orca/the_memory_interface/uc_masters_gen.duc_master/ervp_master/i_write_buffer/rvx_signal_6_reg[0][20]/CLR
                                                              4.604         
i_platform/i_rtl/platform_controller/i_rvx_instance_3/rvx_signal_05_reg[5]/C
                               i_platform/i_rtl/i_main_core/i_orca/the_memory_interface/uc_masters_gen.duc_master/ervp_master/i_write_buffer/rvx_signal_6_reg[0][34]/CLR
                                                              4.604         
i_platform/i_rtl/platform_controller/i_rvx_instance_3/rvx_signal_05_reg[5]/C
                               i_platform/i_rtl/i_main_core/i_orca/the_memory_interface/uc_masters_gen.duc_master/ervp_master/i_write_buffer/rvx_signal_6_reg[0][3]/CLR
                                                              4.604         
i_platform/i_rtl/platform_controller/i_rvx_instance_3/rvx_signal_05_reg[5]/C
                               i_platform/i_rtl/i_main_core/i_orca/core/D__0/the_register_file/bypass_gen.registers_reg[25][25]/CLR
                                                              4.614         
i_platform/i_rtl/platform_controller/i_rvx_instance_3/rvx_signal_05_reg[5]/C
                               i_platform/i_rtl/i_main_core/i_orca/core/D__0/the_register_file/bypass_gen.registers_reg[25][28]/CLR
                                                              4.614         
i_platform/i_rtl/platform_controller/i_rvx_instance_3/rvx_signal_05_reg[5]/C
                               i_platform/i_rtl/i_main_core/i_orca/core/D__0/the_register_file/bypass_gen.registers_reg[16][25]/CLR
                                                              4.620         
i_platform/i_rtl/platform_controller/i_rvx_instance_3/rvx_signal_05_reg[5]/C
                               i_platform/i_rtl/i_main_core/i_orca/core/D__0/the_register_file/bypass_gen.registers_reg[14][15]/CLR
                                                              4.636         
i_platform/i_rtl/platform_controller/i_rvx_instance_3/rvx_signal_05_reg[5]/C
                               i_platform/i_rtl/i_main_core/i_orca/core/D__0/the_register_file/bypass_gen.registers_reg[27][11]/CLR
                                                              4.652         
i_platform/i_rtl/platform_controller/i_rvx_instance_3/rvx_signal_05_reg[5]/C
                               i_platform/i_rtl/i_main_core/i_orca/core/D__0/the_register_file/bypass_gen.registers_reg[4][8]/CLR
                                                              4.654         
i_platform/i_rtl/platform_controller/i_rvx_instance_3/rvx_signal_05_reg[5]/C
                               i_platform/i_rtl/i_main_core/i_orca/core/D__0/the_register_file/bypass_gen.registers_reg[10][11]/CLR
                                                              4.656         
i_platform/i_rtl/platform_controller/i_rvx_instance_3/rvx_signal_05_reg[5]/C
                               i_platform/i_rtl/i_main_core/i_orca/core/D__0/the_register_file/bypass_gen.registers_reg[10][14]/CLR
                                                              4.656         
i_platform/i_rtl/platform_controller/i_rvx_instance_3/rvx_signal_05_reg[5]/C
                               i_platform/i_rtl/i_main_core/i_orca/the_memory_interface/dcache_mux/internal_oimm_register/light_request_register_gen.slave_oimm_byteenable_held_reg[2]/CLR
                                                              4.666         
i_platform/i_rtl/platform_controller/i_rvx_instance_3/rvx_signal_05_reg[5]/C
                               i_platform/i_rtl/i_main_core/i_orca/the_memory_interface/dcache_mux/internal_oimm_register/light_request_register_gen.slave_oimm_byteenable_held_reg[3]/CLR
                                                              4.666         
i_platform/i_rtl/platform_controller/i_rvx_instance_3/rvx_signal_05_reg[5]/C
                               i_platform/i_rtl/i_main_core/i_orca/core/D__0/the_register_file/bypass_gen.registers_reg[7][25]/CLR
                                                              4.676         
i_platform/i_rtl/platform_controller/i_rvx_instance_3/rvx_signal_05_reg[5]/C
                               i_platform/i_rtl/i_main_core/i_orca/core/D__0/the_register_file/bypass_gen.registers_reg[14][24]/CLR
                                                              4.706         
i_platform/i_rtl/platform_controller/i_rvx_instance_3/rvx_signal_05_reg[5]/C
                               i_platform/i_rtl/i_main_core/i_orca/core/D__0/the_register_file/bypass_gen.registers_reg[14][28]/CLR
                                                              4.706         
i_platform/i_rtl/platform_controller/i_rvx_instance_3/rvx_signal_05_reg[5]/C
                               i_platform/i_rtl/i_main_core/i_orca/core/D__0/the_register_file/bypass_gen.registers_reg[14][30]/CLR
                                                              4.706         
i_platform/i_rtl/platform_controller/i_rvx_instance_3/rvx_signal_05_reg[5]/C
                               i_platform/i_rtl/i_main_core/i_orca/core/D__0/the_register_file/bypass_gen.registers_reg[28][15]/CLR
                                                              4.717         
i_platform/i_rtl/platform_controller/i_rvx_instance_3/rvx_signal_05_reg[5]/C
                               i_platform/i_rtl/i_main_core/i_orca/core/D__0/the_register_file/bypass_gen.registers_reg[25][0]/CLR
                                                              4.722         
i_platform/i_rtl/platform_controller/i_rvx_instance_3/rvx_signal_05_reg[5]/C
                               i_platform/i_rtl/i_main_core/i_orca/core/D__0/the_register_file/bypass_gen.registers_reg[25][15]/CLR
                                                              4.722         
i_platform/i_rtl/platform_controller/i_rvx_instance_3/rvx_signal_05_reg[5]/C
                               i_platform/i_rtl/i_main_core/i_orca/core/D__0/the_register_file/bypass_gen.registers_reg[7][8]/CLR
                                                              4.740         
i_platform/i_rtl/platform_controller/i_rvx_instance_3/rvx_signal_05_reg[5]/C
                               i_platform/i_rtl/i_main_core/i_orca/the_memory_interface/dcache_mux/internal_oimm_register/light_request_register_gen.slave_oimm_writedata_held_reg[29]/CLR
                                                              4.752         
i_platform/i_rtl/platform_controller/i_rvx_instance_3/rvx_signal_05_reg[5]/C
                               i_platform/i_rtl/i_main_core/i_orca/the_memory_interface/dcache_mux/internal_oimm_register/light_request_register_gen.slave_oimm_writedata_held_reg[30]/CLR
                                                              4.752         
i_platform/i_rtl/platform_controller/i_rvx_instance_3/rvx_signal_05_reg[5]/C
                               i_platform/i_rtl/i_main_core/i_orca/core/D__0/the_register_file/bypass_gen.registers_reg[22][10]/CLR
                                                              4.762         
i_platform/i_rtl/platform_controller/i_rvx_instance_3/rvx_signal_05_reg[5]/C
                               i_platform/i_rtl/i_main_core/i_orca/core/D__0/the_register_file/bypass_gen.out1_reg[25]/CLR
                                                              4.762         
i_platform/i_rtl/platform_controller/i_rvx_instance_3/rvx_signal_05_reg[5]/C
                               i_platform/i_rtl/i_main_core/i_orca/core/D__0/the_register_file/bypass_gen.out2_reg[25]/CLR
                                                              4.762         
i_platform/i_rtl/platform_controller/i_rvx_instance_3/rvx_signal_05_reg[5]/C
                               i_platform/i_rtl/i_main_core/i_orca/core/D__0/the_register_file/bypass_gen.registers_reg[6][10]/CLR
                                                              4.780         
i_platform/i_rtl/platform_controller/i_rvx_instance_3/rvx_signal_05_reg[5]/C
                               i_platform/i_rtl/i_main_core/i_orca/core/D__0/the_register_file/bypass_gen.registers_reg[28][0]/CLR
                                                              4.780         
i_platform/i_rtl/platform_controller/i_rvx_instance_3/rvx_signal_05_reg[5]/C
                               i_platform/i_rtl/i_main_core/i_orca/core/D__0/the_register_file/bypass_gen.registers_reg[28][11]/CLR
                                                              4.780         
i_platform/i_rtl/platform_controller/i_rvx_instance_3/rvx_signal_05_reg[5]/C
                               i_platform/i_rtl/i_main_core/i_orca/core/D__0/the_register_file/bypass_gen.registers_reg[28][13]/CLR
                                                              4.780         
i_platform/i_rtl/platform_controller/i_rvx_instance_3/rvx_signal_05_reg[5]/C
                               i_platform/i_rtl/i_main_core/i_orca/core/D__0/the_register_file/bypass_gen.registers_reg[28][14]/CLR
                                                              4.780         
i_platform/i_rtl/platform_controller/i_rvx_instance_3/rvx_signal_05_reg[5]/C
                               i_platform/i_rtl/i_main_core/i_orca/core/D__0/the_register_file/bypass_gen.registers_reg[3][24]/CLR
                                                              4.792         
i_platform/i_rtl/platform_controller/i_rvx_instance_3/rvx_signal_05_reg[5]/C
                               i_platform/i_rtl/i_main_core/i_orca/the_memory_interface/uc_masters_gen.duc_master/ervp_master/i_write_buffer/rvx_signal_6_reg[1][16]/CLR
                                                              4.812         
i_platform/i_rtl/platform_controller/i_rvx_instance_3/rvx_signal_05_reg[5]/C
                               i_platform/i_rtl/i_main_core/i_orca/the_memory_interface/uc_masters_gen.duc_master/ervp_master/i_write_buffer/rvx_signal_6_reg[1][18]/CLR
                                                              4.812         
i_platform/i_rtl/platform_controller/i_rvx_instance_3/rvx_signal_05_reg[5]/C
                               i_platform/i_rtl/i_main_core/i_orca/the_memory_interface/uc_masters_gen.duc_master/ervp_master/i_write_buffer/rvx_signal_6_reg[1][25]/CLR
                                                              4.812         
i_platform/i_rtl/platform_controller/i_rvx_instance_3/rvx_signal_05_reg[5]/C
                               i_platform/i_rtl/i_main_core/i_orca/the_memory_interface/uc_masters_gen.duc_master/ervp_master/i_write_buffer/rvx_signal_6_reg[1][34]/CLR
                                                              4.812         
i_platform/i_rtl/platform_controller/i_rvx_instance_3/rvx_signal_05_reg[5]/C
                               i_platform/i_rtl/i_main_core/i_orca/core/D__0/the_register_file/bypass_gen.registers_reg[29][25]/CLR
                                                              4.829         
i_platform/i_rtl/platform_controller/i_rvx_instance_3/rvx_signal_05_reg[5]/C
                               i_platform/i_rtl/i_main_core/i_orca/core/D__0/the_register_file/bypass_gen.registers_reg[29][28]/CLR
                                                              4.829         
i_platform/i_rtl/platform_controller/i_rvx_instance_3/rvx_signal_05_reg[5]/C
                               i_platform/i_rtl/i_main_core/i_orca/core/D__0/the_register_file/bypass_gen.registers_reg[29][31]/CLR
                                                              4.829         
i_platform/i_rtl/platform_controller/i_rvx_instance_3/rvx_signal_05_reg[5]/C
                               i_platform/i_rtl/i_main_core/i_orca/core/D__0/the_register_file/bypass_gen.registers_reg[2][10]/CLR
                                                              4.848         
i_platform/i_rtl/platform_controller/i_rvx_instance_3/rvx_signal_05_reg[5]/C
                               i_platform/i_rtl/i_main_core/i_orca/core/D__0/the_register_file/bypass_gen.registers_reg[26][28]/CLR
                                                              4.848         
i_platform/i_rtl/platform_controller/i_rvx_instance_3/rvx_signal_05_reg[5]/C
                               i_platform/i_rtl/i_main_core/i_orca/core/D__0/the_register_file/bypass_gen.registers_reg[21][10]/CLR
                                                              4.866         
i_platform/i_rtl/platform_controller/i_rvx_instance_3/rvx_signal_05_reg[5]/C
                               i_platform/i_rtl/i_main_core/i_orca/core/D__0/the_register_file/bypass_gen.out1_reg[11]/CLR
                                                              4.866         
i_platform/i_rtl/platform_controller/i_rvx_instance_3/rvx_signal_05_reg[5]/C
                               i_platform/i_rtl/i_main_core/i_orca/core/D__0/the_register_file/bypass_gen.out1_reg[14]/CLR
                                                              4.866         
i_platform/i_rtl/platform_controller/i_rvx_instance_3/rvx_signal_05_reg[5]/C
                               i_platform/i_rtl/i_main_core/i_orca/core/D__0/the_register_file/bypass_gen.out2_reg[11]/CLR
                                                              4.866         
i_platform/i_rtl/platform_controller/i_rvx_instance_3/rvx_signal_05_reg[5]/C
                               i_platform/i_rtl/i_main_core/i_orca/the_memory_interface/uc_masters_gen.duc_master/ervp_master/i_write_buffer/rvx_signal_6_reg[0][25]/CLR
                                                              4.898         
i_platform/i_rtl/platform_controller/i_rvx_instance_3/rvx_signal_05_reg[5]/C
                               i_platform/i_rtl/i_main_core/i_orca/core/D__0/the_register_file/bypass_gen.registers_reg[30][25]/CLR
                                                              4.915         
i_platform/i_rtl/platform_controller/i_rvx_instance_3/rvx_signal_05_reg[5]/C
                               i_platform/i_rtl/i_main_core/i_orca/core/D__0/the_register_file/bypass_gen.registers_reg[30][28]/CLR
                                                              4.915         
i_platform/i_rtl/platform_controller/i_rvx_instance_3/rvx_signal_05_reg[5]/C
                               i_platform/i_rtl/i_main_core/i_orca/core/D__0/the_register_file/bypass_gen.registers_reg[23][10]/CLR
                                                              4.922         
i_platform/i_rtl/platform_controller/i_rvx_instance_3/rvx_signal_05_reg[5]/C
                               i_platform/i_rtl/i_main_core/i_orca/core/D__0/the_register_file/bypass_gen.registers_reg[8][28]/CLR
                                                              4.934         
i_platform/i_rtl/platform_controller/i_rvx_instance_3/rvx_signal_05_reg[5]/C
                               i_platform/i_rtl/i_main_core/i_orca/core/D__0/the_register_file/bypass_gen.registers_reg[9][10]/CLR
                                                              4.940         
i_platform/i_rtl/platform_controller/i_rvx_instance_3/rvx_signal_05_reg[5]/C
                               i_platform/i_rtl/i_main_core/i_orca/core/D__0/the_register_file/bypass_gen.registers_reg[30][16]/CLR
                                                              4.988         
i_platform/i_rtl/platform_controller/i_rvx_instance_3/rvx_signal_05_reg[5]/C
                               i_platform/i_rtl/i_main_core/i_orca/core/D__0/the_register_file/bypass_gen.registers_reg[17][5]/CLR
                                                              4.991         
i_platform/i_rtl/platform_controller/i_rvx_instance_3/rvx_signal_05_reg[5]/C
                               i_platform/i_rtl/i_main_core/i_orca/core/D__0/the_register_file/bypass_gen.registers_reg[2][25]/CLR
                                                              4.991         
i_platform/i_rtl/platform_controller/i_rvx_instance_3/rvx_signal_05_reg[5]/C
                               i_platform/i_rtl/i_main_core/i_orca/the_memory_interface/uc_masters_gen.duc_master/ervp_master/i_write_buffer/rvx_signal_6_reg[1][20]/CLR
                                                              4.993         
i_platform/i_rtl/i_main_core/i_orca/core/D__0/two_cycle.from_decode_instruction_signal_reg[24]/C
                               i_platform/i_rtl/i_main_core/i_orca/the_memory_interface/uc_masters_gen.duc_master/ervp_master/i_write_buffer/rvx_signal_6_reg[1][19]/CE
                                                              5.976         
i_platform/i_rtl/i_main_core/i_orca/core/D__0/two_cycle.from_decode_instruction_signal_reg[24]/C
                               i_platform/i_rtl/i_main_core/i_orca/the_memory_interface/uc_masters_gen.duc_master/ervp_master/i_write_buffer/rvx_signal_6_reg[1][24]/CE
                                                              5.976         
i_platform/i_rtl/i_main_core/i_orca/core/D__0/two_cycle.from_decode_instruction_signal_reg[24]/C
                               i_platform/i_rtl/i_main_core/i_orca/the_memory_interface/uc_masters_gen.duc_master/ervp_master/i_write_buffer/rvx_signal_6_reg[1][27]/CE
                                                              5.976         
i_platform/i_rtl/i_main_core/i_orca/core/D__0/two_cycle.from_decode_instruction_signal_reg[24]/C
                               i_platform/i_rtl/i_main_core/i_orca/the_memory_interface/uc_masters_gen.duc_master/ervp_master/i_write_buffer/rvx_signal_6_reg[1][35]/CE
                                                              5.976         
i_platform/i_rtl/i_main_core/i_orca/core/D__0/two_cycle.from_decode_sign_extension_reg[0]/C
                               i_platform/i_rtl/i_main_core/i_orca/core/D__0/the_register_file/bypass_gen.out1_reg[11]/D
                                                              6.045         
i_platform/i_rtl/i_main_core/i_orca/core/D__0/two_cycle.from_decode_sign_extension_reg[0]/C
                               i_platform/i_rtl/i_main_core/i_orca/core/D__0/the_register_file/bypass_gen.out2_reg[24]/D
                                                              6.072         
i_platform/i_rtl/i_main_core/i_orca/core/D__0/two_cycle.from_decode_sign_extension_reg[0]/C
                               i_platform/i_rtl/i_main_core/i_orca/core/D__0/the_register_file/bypass_gen.out1_reg[23]/D
                                                              6.089         
i_platform/i_rtl/i_main_core/i_orca/core/D__0/two_cycle.from_decode_sign_extension_reg[0]/C
                               i_platform/i_rtl/i_main_core/i_orca/core/D__0/the_register_file/bypass_gen.out1_reg[24]/D
                                                              6.119         
i_platform/i_rtl/i_main_core/i_orca/core/D__0/two_cycle.from_decode_instruction_signal_reg[24]/C
                               i_platform/i_rtl/i_main_core/i_orca/the_memory_interface/uc_masters_gen.duc_master/ervp_master/i_write_buffer/rvx_signal_6_reg[1][20]/CE
                                                              6.139         
i_platform/i_rtl/i_main_core/i_orca/core/D__0/two_cycle.from_decode_instruction_signal_reg[24]/C
                               i_platform/i_rtl/i_main_core/i_orca/the_memory_interface/uc_masters_gen.duc_master/ervp_master/i_write_buffer/rvx_signal_6_reg[1][21]/CE
                                                              6.139         
i_platform/i_rtl/i_main_core/i_orca/core/D__0/two_cycle.from_decode_instruction_signal_reg[24]/C
                               i_platform/i_rtl/i_main_core/i_orca/the_memory_interface/uc_masters_gen.duc_master/ervp_master/i_write_buffer/rvx_signal_6_reg[1][23]/CE
                                                              6.139         
i_platform/i_rtl/i_main_core/i_orca/core/D__0/two_cycle.from_decode_instruction_signal_reg[24]/C
                               i_platform/i_rtl/i_main_core/i_orca/the_memory_interface/uc_masters_gen.duc_master/ervp_master/i_write_buffer/rvx_signal_6_reg[1][4]/CE
                                                              6.139         
i_platform/i_rtl/i_main_core/i_orca/core/D__0/two_cycle.from_decode_sign_extension_reg[0]/C
                               i_platform/i_rtl/i_main_core/i_orca/core/D__0/the_register_file/bypass_gen.out2_reg[23]/D
                                                              6.154         
i_platform/i_rtl/i_main_core/i_orca/core/D__0/two_cycle.from_decode_sign_extension_reg[0]/C
                               i_platform/i_rtl/i_main_core/i_orca/core/D__0/the_register_file/bypass_gen.out1_reg[30]/D
                                                              6.164         
i_platform/i_rtl/i_main_core/i_orca/core/D__0/two_cycle.from_decode_instruction_signal_reg[24]/C
                               i_platform/i_rtl/i_main_core/i_orca/the_memory_interface/uc_masters_gen.duc_master/ervp_master/i_write_buffer/rvx_signal_6_reg[1][15]/CE
                                                              6.244         
i_platform/i_rtl/i_main_core/i_orca/core/D__0/two_cycle.from_decode_instruction_signal_reg[24]/C
                               i_platform/i_rtl/i_main_core/i_orca/the_memory_interface/uc_masters_gen.duc_master/ervp_master/i_write_buffer/rvx_signal_6_reg[1][17]/CE
                                                              6.244         
i_platform/i_rtl/i_main_core/i_orca/core/D__0/two_cycle.from_decode_instruction_signal_reg[24]/C
                               i_platform/i_rtl/i_main_core/i_orca/the_memory_interface/uc_masters_gen.duc_master/ervp_master/i_write_buffer/rvx_signal_6_reg[1][22]/CE
                                                              6.244         
i_platform/i_rtl/i_main_core/i_orca/core/D__0/two_cycle.from_decode_instruction_signal_reg[24]/C
                               i_platform/i_rtl/i_main_core/i_orca/the_memory_interface/uc_masters_gen.duc_master/ervp_master/i_write_buffer/rvx_signal_6_reg[1][26]/CE
                                                              6.244         
i_platform/i_rtl/i_main_core/i_orca/core/D__0/two_cycle.from_decode_instruction_signal_reg[24]/C
                               i_platform/i_rtl/i_main_core/i_orca/the_memory_interface/uc_masters_gen.duc_master/ervp_master/i_write_buffer/rvx_signal_6_reg[1][28]/CE
                                                              6.244         
i_platform/i_rtl/i_main_core/i_orca/core/D__0/two_cycle.from_decode_instruction_signal_reg[24]/C
                               i_platform/i_rtl/i_main_core/i_orca/the_memory_interface/uc_masters_gen.duc_master/ervp_master/i_write_buffer/rvx_signal_6_reg[1][3]/CE
                                                              6.244         
i_platform/i_rtl/i_main_core/i_orca/core/D__0/two_cycle.from_decode_sign_extension_reg[0]/C
                               i_platform/i_rtl/i_main_core/i_orca/core/D__0/the_register_file/bypass_gen.out1_reg[22]/D
                                                              6.246         
i_platform/i_rtl/i_main_core/i_orca/core/D__0/two_cycle.from_decode_sign_extension_reg[0]/C
                               i_platform/i_rtl/i_main_core/i_orca/core/D__0/the_register_file/bypass_gen.out2_reg[30]/D
                                                              6.261         
i_platform/i_rtl/i_main_core/i_orca/core/D__0/two_cycle.from_decode_sign_extension_reg[0]/C
                               i_platform/i_rtl/i_main_core/i_orca/core/D__0/the_register_file/bypass_gen.out1_reg[14]/D
                                                              6.303         
i_platform/i_rtl/i_main_core/i_orca/core/D__0/two_cycle.from_decode_instruction_signal_reg[24]/C
                               i_platform/i_rtl/i_main_core/i_orca/the_memory_interface/uc_masters_gen.duc_master/ervp_master/i_write_buffer/rvx_signal_6_reg[0][19]/CE
                                                              6.308         
i_platform/i_rtl/i_main_core/i_orca/core/D__0/two_cycle.from_decode_instruction_signal_reg[24]/C
                               i_platform/i_rtl/i_main_core/i_orca/the_memory_interface/uc_masters_gen.duc_master/ervp_master/i_write_buffer/rvx_signal_6_reg[0][24]/CE
                                                              6.308         
i_platform/i_rtl/i_main_core/i_orca/core/D__0/two_cycle.from_decode_instruction_signal_reg[24]/C
                               i_platform/i_rtl/i_main_core/i_orca/the_memory_interface/uc_masters_gen.duc_master/ervp_master/i_write_buffer/rvx_signal_6_reg[0][27]/CE
                                                              6.308         
i_platform/i_rtl/i_main_core/i_orca/core/D__0/two_cycle.from_decode_instruction_signal_reg[24]/C
                               i_platform/i_rtl/i_main_core/i_orca/the_memory_interface/uc_masters_gen.duc_master/ervp_master/i_write_buffer/rvx_signal_6_reg[0][35]/CE
                                                              6.308         
i_platform/i_rtl/i_main_core/i_orca/core/D__0/two_cycle.from_decode_sign_extension_reg[0]/C
                               i_platform/i_rtl/i_main_core/i_orca/core/D__0/the_register_file/bypass_gen.out1_reg[28]/D
                                                              6.363         
i_platform/i_rtl/i_main_core/i_orca/core/D__0/two_cycle.from_decode_sign_extension_reg[0]/C
                               i_platform/i_rtl/i_main_core/i_orca/core/D__0/the_register_file/bypass_gen.out1_reg[4]/D
                                                              6.371         
i_platform/i_rtl/i_main_core/i_orca/core/D__0/two_cycle.from_decode_sign_extension_reg[0]/C
                               i_platform/i_rtl/i_main_core/i_orca/core/D__0/the_register_file/bypass_gen.out2_reg[27]/D
                                                              6.429         
i_platform/i_rtl/i_main_core/i_orca/core/D__0/two_cycle.from_decode_sign_extension_reg[0]/C
                               i_platform/i_rtl/i_main_core/i_orca/core/D__0/the_register_file/bypass_gen.out2_reg[22]/D
                                                              6.451         
i_platform/i_rtl/i_main_core/i_orca/core/D__0/two_cycle.from_decode_instruction_signal_reg[24]/C
                               i_platform/i_rtl/i_main_core/i_orca/the_memory_interface/uc_masters_gen.duc_master/ervp_master/i_write_buffer/rvx_signal_6_reg[1][16]/CE
                                                              6.479         
i_platform/i_rtl/i_main_core/i_orca/core/D__0/two_cycle.from_decode_instruction_signal_reg[24]/C
                               i_platform/i_rtl/i_main_core/i_orca/the_memory_interface/uc_masters_gen.duc_master/ervp_master/i_write_buffer/rvx_signal_6_reg[1][18]/CE
                                                              6.479         
i_platform/i_rtl/i_main_core/i_orca/core/D__0/two_cycle.from_decode_instruction_signal_reg[24]/C
                               i_platform/i_rtl/i_main_core/i_orca/the_memory_interface/uc_masters_gen.duc_master/ervp_master/i_write_buffer/rvx_signal_6_reg[1][25]/CE
                                                              6.479         
i_platform/i_rtl/i_main_core/i_orca/core/D__0/two_cycle.from_decode_instruction_signal_reg[24]/C
                               i_platform/i_rtl/i_main_core/i_orca/the_memory_interface/uc_masters_gen.duc_master/ervp_master/i_write_buffer/rvx_signal_6_reg[1][34]/CE
                                                              6.479         
i_platform/i_rtl/i_main_core/i_orca/core/D__0/two_cycle.from_decode_sign_extension_reg[0]/C
                               i_platform/i_rtl/i_main_core/i_orca/core/D__0/the_register_file/bypass_gen.out2_reg[14]/D
                                                              6.497         
i_platform/i_rtl/i_main_core/i_orca/core/D__0/two_cycle.from_decode_instruction_signal_reg[24]/C
                               i_platform/i_rtl/i_main_core/i_orca/the_memory_interface/uc_masters_gen.duc_master/ervp_master/i_write_buffer/rvx_signal_6_reg[1][13]/CE
                                                              6.504         
i_platform/i_rtl/i_main_core/i_orca/core/D__0/two_cycle.from_decode_instruction_signal_reg[24]/C
                               i_platform/i_rtl/i_main_core/i_orca/the_memory_interface/uc_masters_gen.duc_master/ervp_master/i_write_buffer/rvx_signal_6_reg[1][14]/CE
                                                              6.504         
i_platform/i_rtl/i_main_core/i_orca/core/D__0/two_cycle.from_decode_instruction_signal_reg[24]/C
                               i_platform/i_rtl/i_main_core/i_orca/the_memory_interface/uc_masters_gen.duc_master/ervp_master/i_write_buffer/rvx_signal_6_reg[1][2]/CE
                                                              6.504         
i_platform/i_rtl/i_main_core/i_orca/core/D__0/two_cycle.from_decode_instruction_signal_reg[24]/C
                               i_platform/i_rtl/i_main_core/i_orca/the_memory_interface/uc_masters_gen.duc_master/ervp_master/i_write_buffer/rvx_signal_6_reg[1][33]/CE
                                                              6.504         
i_platform/i_rtl/i_main_core/i_orca/core/D__0/two_cycle.from_decode_instruction_signal_reg[24]/C
                               i_platform/i_rtl/i_main_core/i_orca/the_memory_interface/uc_masters_gen.duc_master/ervp_master/i_write_buffer/rvx_signal_6_reg[1][36]/CE
                                                              6.504         
i_platform/i_rtl/i_main_core/i_orca/core/D__0/two_cycle.from_decode_sign_extension_reg[0]/C
                               i_platform/i_rtl/i_main_core/i_orca/core/D__0/the_register_file/bypass_gen.out1_reg[26]/D
                                                              6.519         
i_platform/i_rtl/i_main_core/i_orca/core/D__0/two_cycle.from_decode_sign_extension_reg[0]/C
                               i_platform/i_rtl/i_main_core/i_orca/core/D__0/the_register_file/bypass_gen.out2_reg[13]/D
                                                              6.519         
i_platform/i_rtl/i_main_core/i_orca/core/D__0/two_cycle.from_decode_sign_extension_reg[0]/C
                               i_platform/i_rtl/i_main_core/i_orca/core/D__0/the_register_file/bypass_gen.out2_reg[15]/D
                                                              6.534         
i_platform/i_rtl/i_main_core/i_orca/core/D__0/two_cycle.from_decode_sign_extension_reg[0]/C
                               i_platform/i_rtl/i_main_core/i_orca/core/D__0/the_register_file/bypass_gen.out2_reg[11]/D
                                                              6.613         
i_platform/i_rtl/i_main_core/i_orca/core/D__0/two_cycle.from_decode_sign_extension_reg[0]/C
                               i_platform/i_rtl/i_main_core/i_orca/core/D__0/the_register_file/bypass_gen.out2_reg[29]/D
                                                              6.657         
i_platform/i_rtl/i_main_core/i_orca/core/D__0/two_cycle.from_decode_sign_extension_reg[0]/C
                               i_platform/i_rtl/i_main_core/i_orca/core/D__0/the_register_file/bypass_gen.out1_reg[25]/D
                                                              6.660         
i_platform/i_rtl/i_main_core/i_orca/core/D__0/two_cycle.from_decode_sign_extension_reg[0]/C
                               i_platform/i_rtl/i_main_core/i_orca/core/D__0/the_register_file/bypass_gen.out1_reg[17]/D
                                                              6.688         
i_platform/i_rtl/i_main_core/i_orca/core/D__0/two_cycle.from_decode_sign_extension_reg[0]/C
                               i_platform/i_rtl/i_main_core/i_orca/core/D__0/the_register_file/bypass_gen.out1_reg[15]/D
                                                              6.715         
i_platform/i_rtl/i_main_core/i_orca/core/D__0/two_cycle.from_decode_sign_extension_reg[0]/C
                               i_platform/i_rtl/i_main_core/i_orca/core/D__0/the_register_file/bypass_gen.out1_reg[27]/D
                                                              6.716         
i_platform/i_rtl/i_main_core/i_orca/core/D__0/two_cycle.from_decode_instruction_signal_reg[24]/C
                               i_platform/i_rtl/i_main_core/i_orca/the_memory_interface/uc_masters_gen.duc_master/ervp_master/i_write_buffer/rvx_signal_6_reg[0][15]/CE
                                                              6.728         
i_platform/i_rtl/i_main_core/i_orca/core/D__0/two_cycle.from_decode_instruction_signal_reg[24]/C
                               i_platform/i_rtl/i_main_core/i_orca/the_memory_interface/uc_masters_gen.duc_master/ervp_master/i_write_buffer/rvx_signal_6_reg[0][17]/CE
                                                              6.728         
i_platform/i_rtl/i_main_core/i_orca/core/D__0/two_cycle.from_decode_instruction_signal_reg[24]/C
                               i_platform/i_rtl/i_main_core/i_orca/the_memory_interface/uc_masters_gen.duc_master/ervp_master/i_write_buffer/rvx_signal_6_reg[0][21]/CE
                                                              6.728         
i_platform/i_rtl/i_main_core/i_orca/core/D__0/two_cycle.from_decode_instruction_signal_reg[24]/C
                               i_platform/i_rtl/i_main_core/i_orca/the_memory_interface/uc_masters_gen.duc_master/ervp_master/i_write_buffer/rvx_signal_6_reg[0][22]/CE
                                                              6.728         
i_platform/i_rtl/i_main_core/i_orca/core/D__0/two_cycle.from_decode_instruction_signal_reg[24]/C
                               i_platform/i_rtl/i_main_core/i_orca/the_memory_interface/uc_masters_gen.duc_master/ervp_master/i_write_buffer/rvx_signal_6_reg[0][23]/CE
                                                              6.728         
i_platform/i_rtl/i_main_core/i_orca/core/D__0/two_cycle.from_decode_instruction_signal_reg[24]/C
                               i_platform/i_rtl/i_main_core/i_orca/the_memory_interface/uc_masters_gen.duc_master/ervp_master/i_write_buffer/rvx_signal_6_reg[0][26]/CE
                                                              6.728         
i_platform/i_rtl/i_main_core/i_orca/core/D__0/two_cycle.from_decode_instruction_signal_reg[24]/C
                               i_platform/i_rtl/i_main_core/i_orca/the_memory_interface/uc_masters_gen.duc_master/ervp_master/i_write_buffer/rvx_signal_6_reg[0][28]/CE
                                                              6.728         
i_platform/i_rtl/i_main_core/i_orca/core/D__0/two_cycle.from_decode_instruction_signal_reg[24]/C
                               i_platform/i_rtl/i_main_core/i_orca/the_memory_interface/uc_masters_gen.duc_master/ervp_master/i_write_buffer/rvx_signal_6_reg[0][4]/CE
                                                              6.728         
i_platform/i_rtl/i_main_core/i_orca/core/D__0/two_cycle.from_decode_sign_extension_reg[0]/C
                               i_platform/i_rtl/i_main_core/i_orca/core/D__0/the_register_file/bypass_gen.out2_reg[0]/D
                                                              6.742         
i_platform/i_rtl/i_main_core/i_orca/core/D__0/two_cycle.from_decode_sign_extension_reg[0]/C
                               i_platform/i_rtl/i_main_core/i_orca/core/D__0/the_register_file/bypass_gen.out1_reg[29]/D
                                                              6.753         
i_platform/i_rtl/i_main_core/i_orca/core/D__0/two_cycle.from_decode_sign_extension_reg[0]/C
                               i_platform/i_rtl/i_main_core/i_orca/core/D__0/the_register_file/bypass_gen.out2_reg[21]/D
                                                              6.786         
i_platform/i_rtl/i_main_core/i_orca/core/D__0/two_cycle.from_decode_sign_extension_reg[0]/C
                               i_platform/i_rtl/i_main_core/i_orca/core/D__0/the_register_file/bypass_gen.out2_reg[16]/D
                                                              6.787         
i_platform/i_rtl/i_main_core/i_orca/core/D__0/two_cycle.from_decode_sign_extension_reg[0]/C
                               i_platform/i_rtl/i_main_core/i_orca/core/D__0/the_register_file/bypass_gen.out1_reg[31]/D
                                                              6.801         
i_platform/i_rtl/i_main_core/i_orca/core/D__0/two_cycle.from_decode_sign_extension_reg[0]/C
                               i_platform/i_rtl/i_main_core/i_orca/core/D__0/the_register_file/bypass_gen.out1_reg[21]/D
                                                              6.822         
i_platform/i_rtl/i_main_core/i_orca/core/D__0/two_cycle.from_decode_instruction_signal_reg[24]/C
                               i_platform/i_rtl/i_main_core/i_orca/the_memory_interface/uc_masters_gen.duc_master/ervp_master/i_write_buffer/rvx_signal_6_reg[0][16]/CE
                                                              6.837         
i_platform/i_rtl/i_main_core/i_orca/core/D__0/two_cycle.from_decode_instruction_signal_reg[24]/C
                               i_platform/i_rtl/i_main_core/i_orca/the_memory_interface/uc_masters_gen.duc_master/ervp_master/i_write_buffer/rvx_signal_6_reg[0][1]/CE
                                                              6.838         
i_platform/i_rtl/i_main_core/i_orca/core/D__0/two_cycle.from_decode_instruction_signal_reg[24]/C
                               i_platform/i_rtl/i_main_core/i_orca/the_memory_interface/uc_masters_gen.duc_master/ervp_master/i_write_buffer/rvx_signal_6_reg[0][32]/CE
                                                              6.838         
i_platform/i_rtl/i_main_core/i_orca/core/D__0/two_cycle.from_decode_instruction_signal_reg[24]/C
                               i_platform/i_rtl/i_main_core/i_orca/core/X/syscall/memory_region_registers_gen[0].umr_gen.writeable_umr_gen.mumr_last_reg[0][12]/CE
                                                              6.842         
i_platform/i_rtl/i_main_core/i_orca/core/D__0/two_cycle.from_decode_sign_extension_reg[0]/C
                               i_platform/i_rtl/i_main_core/i_orca/core/D__0/the_register_file/bypass_gen.out2_reg[18]/D
                                                              6.843         
i_platform/i_rtl/i_main_core/i_orca/core/D__0/two_cycle.from_decode_sign_extension_reg[0]/C
                               i_platform/i_rtl/i_main_core/i_orca/core/D__0/the_register_file/bypass_gen.out2_reg[26]/D
                                                              6.846         
i_platform/i_rtl/i_main_core/i_orca/core/D__0/two_cycle.from_decode_instruction_signal_reg[24]/C
                               i_platform/i_rtl/i_main_core/i_orca/the_memory_interface/uc_masters_gen.duc_master/ervp_master/i_write_buffer/rvx_signal_6_reg[0][18]/CE
                                                              6.873         
i_platform/i_rtl/i_main_core/i_orca/core/D__0/two_cycle.from_decode_instruction_signal_reg[24]/C
                               i_platform/i_rtl/i_main_core/i_orca/the_memory_interface/uc_masters_gen.duc_master/ervp_master/i_write_buffer/rvx_signal_6_reg[0][20]/CE
                                                              6.873         
i_platform/i_rtl/i_main_core/i_orca/core/D__0/two_cycle.from_decode_instruction_signal_reg[24]/C
                               i_platform/i_rtl/i_main_core/i_orca/the_memory_interface/uc_masters_gen.duc_master/ervp_master/i_write_buffer/rvx_signal_6_reg[0][34]/CE
                                                              6.873         
i_platform/i_rtl/i_main_core/i_orca/core/D__0/two_cycle.from_decode_instruction_signal_reg[24]/C
                               i_platform/i_rtl/i_main_core/i_orca/the_memory_interface/uc_masters_gen.duc_master/ervp_master/i_write_buffer/rvx_signal_6_reg[0][3]/CE
                                                              6.873         
i_platform/i_rtl/i_main_core/i_orca/core/D__0/two_cycle.from_decode_sign_extension_reg[0]/C
                               i_platform/i_rtl/i_main_core/i_orca/core/D__0/the_register_file/bypass_gen.out2_reg[17]/D
                                                              6.888         
i_platform/i_rtl/i_main_core/i_orca/core/D__0/two_cycle.from_decode_instruction_signal_reg[24]/C
                               i_platform/i_rtl/i_main_core/i_orca/core/X/syscall/memory_region_registers_gen[0].umr_gen.writeable_umr_gen.mumr_base_reg[0][15]/CE
                                                              6.914         
i_platform/i_rtl/i_main_core/i_orca/core/D__0/two_cycle.from_decode_instruction_signal_reg[24]/C
                               i_platform/i_rtl/i_main_core/i_orca/core/X/syscall/memory_region_registers_gen[0].umr_gen.writeable_umr_gen.mumr_base_reg[0][18]/CE
                                                              6.914         
i_platform/i_rtl/i_main_core/i_orca/core/D__0/two_cycle.from_decode_instruction_signal_reg[24]/C
                               i_platform/i_rtl/i_main_core/i_orca/core/X/syscall/memory_region_registers_gen[0].umr_gen.writeable_umr_gen.mumr_base_reg[0][23]/CE
                                                              6.914         
i_platform/i_rtl/i_main_core/i_orca/core/D__0/two_cycle.from_decode_instruction_signal_reg[24]/C
                               i_platform/i_rtl/i_main_core/i_orca/core/X/syscall/memory_region_registers_gen[0].umr_gen.writeable_umr_gen.mumr_base_reg[0][7]/CE
                                                              6.914         
i_platform/i_rtl/i_main_core/i_orca/core/D__0/two_cycle.from_decode_instruction_signal_reg[24]/C
                               i_platform/i_rtl/i_main_core/i_orca/core/X/syscall/memory_region_registers_gen[0].umr_gen.writeable_umr_gen.mumr_base_reg[0][5]/CE
                                                              6.918         
i_platform/i_rtl/i_main_core/i_orca/core/D__0/two_cycle.from_decode_instruction_signal_reg[24]/C
                               i_platform/i_rtl/i_main_core/i_orca/core/X/syscall/memory_region_registers_gen[0].umr_gen.writeable_umr_gen.mumr_base_reg[0][6]/CE
                                                              6.918         
i_platform/i_rtl/i_main_core/i_orca/core/D__0/two_cycle.from_decode_instruction_signal_reg[24]/C
                               i_platform/i_rtl/i_main_core/i_orca/the_memory_interface/uc_masters_gen.duc_master/ervp_master/i_write_buffer/rvx_signal_6_reg[0][25]/CE
                                                              6.924         
i_platform/i_rtl/i_main_core/i_orca/core/D__0/two_cycle.from_decode_instruction_signal_reg[24]/C
                               i_platform/i_rtl/i_main_core/i_orca/core/X/syscall/memory_region_registers_gen[0].umr_gen.writeable_umr_gen.mumr_last_reg[0][13]/CE
                                                              6.944         
i_platform/i_rtl/i_main_core/i_orca/core/D__0/two_cycle.from_decode_sign_extension_reg[0]/C
                               i_platform/i_rtl/i_main_core/i_orca/core/D__0/the_register_file/bypass_gen.out2_reg[31]/D
                                                              6.952         
i_platform/i_rtl/i_main_core/i_orca/core/D__0/two_cycle.from_decode_instruction_signal_reg[24]/C
                               i_platform/i_rtl/i_main_core/i_orca/the_memory_interface/uc_masters_gen.duc_master/ervp_master/i_write_buffer/rvx_signal_6_reg[0][13]/CE
                                                              6.952         
i_platform/i_rtl/i_main_core/i_orca/core/D__0/two_cycle.from_decode_instruction_signal_reg[24]/C
                               i_platform/i_rtl/i_main_core/i_orca/the_memory_interface/uc_masters_gen.duc_master/ervp_master/i_write_buffer/rvx_signal_6_reg[0][14]/CE
                                                              6.952         
i_platform/i_rtl/i_main_core/i_orca/core/D__0/two_cycle.from_decode_instruction_signal_reg[24]/C
                               i_platform/i_rtl/i_main_core/i_orca/the_memory_interface/uc_masters_gen.duc_master/ervp_master/i_write_buffer/rvx_signal_6_reg[0][2]/CE
                                                              6.952         
i_platform/i_rtl/i_main_core/i_orca/core/D__0/two_cycle.from_decode_instruction_signal_reg[24]/C
                               i_platform/i_rtl/i_main_core/i_orca/the_memory_interface/uc_masters_gen.duc_master/ervp_master/i_write_buffer/rvx_signal_6_reg[0][33]/CE
                                                              6.952         
i_platform/i_rtl/i_main_core/i_orca/core/D__0/two_cycle.from_decode_instruction_signal_reg[24]/C
                               i_platform/i_rtl/i_main_core/i_orca/the_memory_interface/uc_masters_gen.duc_master/ervp_master/i_write_buffer/rvx_signal_6_reg[0][36]/CE
                                                              6.952         
i_platform/i_rtl/i_main_core/i_orca/core/D__0/two_cycle.from_decode_instruction_signal_reg[24]/C
                               i_platform/i_rtl/i_main_core/i_orca/core/X/syscall/memory_region_registers_gen[0].umr_gen.writeable_umr_gen.mumr_last_reg[0][15]/CE
                                                              6.953         
i_platform/i_rtl/i_main_core/i_orca/core/D__0/two_cycle.from_decode_instruction_signal_reg[24]/C
                               i_platform/i_rtl/i_main_core/i_orca/core/X/syscall/memory_region_registers_gen[0].umr_gen.writeable_umr_gen.mumr_last_reg[0][18]/CE
                                                              6.953         
i_platform/i_rtl/i_main_core/i_orca/core/D__0/two_cycle.from_decode_instruction_signal_reg[24]/C
                               i_platform/i_rtl/i_main_core/i_orca/core/X/syscall/memory_region_registers_gen[0].umr_gen.writeable_umr_gen.mumr_last_reg[0][19]/CE
                                                              6.953         
i_platform/i_rtl/i_main_core/i_orca/core/D__0/two_cycle.from_decode_instruction_signal_reg[24]/C
                               i_platform/i_rtl/i_main_core/i_orca/core/X/syscall/memory_region_registers_gen[0].umr_gen.writeable_umr_gen.mumr_last_reg[0][23]/CE
                                                              6.953         
i_platform/i_rtl/i_main_core/i_orca/core/D__0/two_cycle.from_decode_instruction_signal_reg[24]/C
                               i_platform/i_rtl/i_main_core/i_orca/core/X/syscall/memory_region_registers_gen[0].umr_gen.writeable_umr_gen.mumr_last_reg[0][25]/CE
                                                              6.953         
i_platform/i_rtl/i_main_core/i_orca/core/D__0/two_cycle.from_decode_instruction_signal_reg[24]/C
                               i_platform/i_rtl/i_main_core/i_orca/core/X/syscall/memory_region_registers_gen[0].umr_gen.writeable_umr_gen.mumr_last_reg[0][2]/CE
                                                              6.959         
i_platform/i_rtl/i_main_core/i_orca/core/D__0/two_cycle.from_decode_instruction_signal_reg[24]/C
                               i_platform/i_rtl/i_main_core/i_orca/core/X/syscall/memory_region_registers_gen[0].umr_gen.writeable_umr_gen.mumr_last_reg[0][4]/CE
                                                              6.959         
i_platform/i_rtl/i_main_core/i_orca/core/D__0/two_cycle.from_decode_instruction_signal_reg[24]/C
                               i_platform/i_rtl/i_main_core/i_orca/core/X/syscall/memory_region_registers_gen[0].umr_gen.writeable_umr_gen.mumr_last_reg[0][5]/CE
                                                              6.959         
i_platform/i_rtl/i_main_core/i_orca/core/D__0/two_cycle.from_decode_instruction_signal_reg[24]/C
                               i_platform/i_rtl/i_main_core/i_orca/core/X/syscall/memory_region_registers_gen[0].umr_gen.writeable_umr_gen.mumr_last_reg[0][6]/CE
                                                              6.959         
i_platform/i_rtl/i_main_core/i_orca/core/D__0/two_cycle.from_decode_instruction_signal_reg[24]/C
                               i_platform/i_rtl/i_main_core/i_orca/core/X/syscall/memory_region_registers_gen[0].umr_gen.writeable_umr_gen.mumr_last_reg[0][17]/CE
                                                              6.959         
i_platform/i_rtl/i_main_core/i_orca/core/D__0/two_cycle.from_decode_instruction_signal_reg[24]/C
                               i_platform/i_rtl/i_main_core/i_orca/core/X/syscall/memory_region_registers_gen[0].umr_gen.writeable_umr_gen.mumr_last_reg[0][1]/CE
                                                              6.959         
i_platform/i_rtl/platform_controller/i_rvx_instance_4/i_rvx_instance_0/rvx_port_09_reg/C
                               pjtag_rtdo                     11.397        
pjtag_rtms                     i_platform/i_rtl/platform_controller/i_rvx_instance_4/i_rvx_instance_0/i_rvx_instance_1/rvx_signal_0_reg[3]/D
                                                              23.349        
pjtag_rtms                     i_platform/i_rtl/platform_controller/i_rvx_instance_4/i_rvx_instance_0/i_rvx_instance_1/rvx_signal_0_reg[4]/D
                                                              23.371        
pjtag_rtms                     i_platform/i_rtl/platform_controller/i_rvx_instance_4/i_rvx_instance_0/rvx_port_09_reg/CE
                                                              23.380        
pjtag_rtms                     i_platform/i_rtl/platform_controller/i_rvx_instance_4/i_rvx_instance_0/i_rvx_instance_1/rvx_signal_0_reg[5]/CE
                                                              23.408        
pjtag_rtms                     i_platform/i_rtl/platform_controller/i_rvx_instance_4/i_rvx_instance_0/i_rvx_instance_1/rvx_signal_0_reg[6]/CE
                                                              23.408        
pjtag_rtms                     i_platform/i_rtl/platform_controller/i_rvx_instance_4/i_rvx_instance_0/i_rvx_instance_1/rvx_signal_0_reg[7]/CE
                                                              23.408        
pjtag_rtms                     i_platform/i_rtl/platform_controller/i_rvx_instance_4/i_rvx_instance_0/i_rvx_instance_1/rvx_signal_0_reg[5]/D
                                                              23.413        
pjtag_rtms                     i_platform/i_rtl/platform_controller/i_rvx_instance_4/i_rvx_instance_0/i_rvx_instance_1/rvx_signal_0_reg[3]/CE
                                                              23.425        
pjtag_rtms                     i_platform/i_rtl/platform_controller/i_rvx_instance_4/i_rvx_instance_0/i_rvx_instance_1/rvx_signal_0_reg[4]/CE
                                                              23.425        
pjtag_rtms                     i_platform/i_rtl/platform_controller/i_rvx_instance_4/i_rvx_instance_0/i_rvx_instance_1/rvx_signal_0_reg[6]/D
                                                              23.435        
pjtag_rtms                     i_platform/i_rtl/platform_controller/i_rvx_instance_4/i_rvx_instance_0/i_rvx_instance_1/rvx_signal_0_reg[0]/CE
                                                              23.482        
pjtag_rtms                     i_platform/i_rtl/platform_controller/i_rvx_instance_4/i_rvx_instance_0/i_rvx_instance_1/rvx_signal_0_reg[1]/CE
                                                              23.482        
pjtag_rtms                     i_platform/i_rtl/platform_controller/i_rvx_instance_4/i_rvx_instance_0/i_rvx_instance_1/rvx_signal_0_reg[2]/CE
                                                              23.482        
pjtag_rtms                     i_platform/i_rtl/platform_controller/i_rvx_instance_4/i_rvx_instance_0/i_rvx_instance_1/rvx_signal_0_reg[7]/D
                                                              23.584        
pjtag_rtms                     i_platform/i_rtl/platform_controller/i_rvx_instance_4/i_rvx_instance_0/i_rvx_instance_1/rvx_signal_0_reg[0]/D
                                                              23.614        
pjtag_rtms                     i_platform/i_rtl/platform_controller/i_rvx_instance_4/i_rvx_instance_0/i_rvx_instance_1/rvx_signal_0_reg[1]/D
                                                              23.617        
pjtag_rtms                     i_platform/i_rtl/platform_controller/i_rvx_instance_4/i_rvx_instance_0/i_rvx_instance_1/rvx_signal_0_reg[2]/D
                                                              23.636        
pjtag_rtms                     i_platform/i_rtl/platform_controller/i_rvx_instance_4/i_rvx_instance_0/rvx_port_09_reg/D
                                                              23.785        
i_platform/i_rtl/platform_controller/i_rvx_instance_4/i_rvx_instance_0/i_rvx_instance_1/rvx_signal_0_reg[7]/C
                               i_platform/i_rtl/platform_controller/i_rvx_instance_4/i_rvx_instance_3/rvx_signal_07_reg[15]/CE
                                                              42.765        
i_platform/i_rtl/platform_controller/i_rvx_instance_4/i_rvx_instance_0/i_rvx_instance_1/rvx_signal_0_reg[7]/C
                               i_platform/i_rtl/platform_controller/i_rvx_instance_4/i_rvx_instance_3/rvx_signal_07_reg[17]/CE
                                                              42.765        
i_platform/i_rtl/platform_controller/i_rvx_instance_4/i_rvx_instance_0/i_rvx_instance_1/rvx_signal_0_reg[7]/C
                               i_platform/i_rtl/platform_controller/i_rvx_instance_4/i_rvx_instance_3/rvx_signal_07_reg[25]/CE
                                                              42.765        
i_platform/i_rtl/platform_controller/i_rvx_instance_4/i_rvx_instance_0/i_rvx_instance_1/rvx_signal_0_reg[7]/C
                               i_platform/i_rtl/platform_controller/i_rvx_instance_4/i_rvx_instance_3/rvx_signal_07_reg[26]/CE
                                                              42.765        
i_platform/i_rtl/platform_controller/i_rvx_instance_4/i_rvx_instance_0/i_rvx_instance_1/rvx_signal_0_reg[7]/C
                               i_platform/i_rtl/platform_controller/i_rvx_instance_4/i_rvx_instance_3/rvx_signal_07_reg[9]/CE
                                                              42.765        
i_platform/i_rtl/platform_controller/i_rvx_instance_4/i_rvx_instance_0/i_rvx_instance_1/rvx_signal_0_reg[7]/C
                               i_platform/i_rtl/platform_controller/i_rvx_instance_4/i_rvx_instance_3/rvx_signal_07_reg[14]/CE
                                                              42.794        
i_platform/i_rtl/platform_controller/i_rvx_instance_4/i_rvx_instance_0/i_rvx_instance_1/rvx_signal_0_reg[7]/C
                               i_platform/i_rtl/platform_controller/i_rvx_instance_4/i_rvx_instance_3/rvx_signal_07_reg[12]/CE
                                                              42.927        
i_platform/i_rtl/platform_controller/i_rvx_instance_4/i_rvx_instance_0/i_rvx_instance_1/rvx_signal_0_reg[7]/C
                               i_platform/i_rtl/platform_controller/i_rvx_instance_4/i_rvx_instance_3/rvx_signal_07_reg[13]/CE
                                                              42.927        
i_platform/i_rtl/platform_controller/i_rvx_instance_4/i_rvx_instance_0/i_rvx_instance_1/rvx_signal_0_reg[7]/C
                               i_platform/i_rtl/platform_controller/i_rvx_instance_4/i_rvx_instance_3/rvx_signal_07_reg[19]/CE
                                                              42.927        
i_platform/i_rtl/platform_controller/i_rvx_instance_4/i_rvx_instance_0/i_rvx_instance_1/rvx_signal_0_reg[7]/C
                               i_platform/i_rtl/platform_controller/i_rvx_instance_4/i_rvx_instance_3/rvx_signal_07_reg[20]/CE
                                                              42.927        
i_platform/i_rtl/platform_controller/i_rvx_instance_4/i_rvx_instance_0/i_rvx_instance_1/rvx_signal_0_reg[7]/C
                               i_platform/i_rtl/platform_controller/i_rvx_instance_4/i_rvx_instance_3/rvx_signal_07_reg[21]/CE
                                                              42.927        
i_platform/i_rtl/platform_controller/i_rvx_instance_4/i_rvx_instance_0/i_rvx_instance_1/rvx_signal_0_reg[7]/C
                               i_platform/i_rtl/platform_controller/i_rvx_instance_4/i_rvx_instance_3/rvx_signal_07_reg[27]/CE
                                                              42.927        
i_platform/i_rtl/platform_controller/i_rvx_instance_4/i_rvx_instance_0/i_rvx_instance_1/rvx_signal_0_reg[7]/C
                               i_platform/i_rtl/platform_controller/i_rvx_instance_4/i_rvx_instance_0/i_rvx_instance_0/rvx_signal_1_reg[10]/CE
                                                              42.966        
i_platform/i_rtl/platform_controller/i_rvx_instance_4/i_rvx_instance_0/i_rvx_instance_1/rvx_signal_0_reg[7]/C
                               i_platform/i_rtl/platform_controller/i_rvx_instance_4/i_rvx_instance_0/i_rvx_instance_0/rvx_signal_1_reg[19]/CE
                                                              42.966        
i_platform/i_rtl/platform_controller/i_rvx_instance_4/i_rvx_instance_0/i_rvx_instance_1/rvx_signal_0_reg[7]/C
                               i_platform/i_rtl/platform_controller/i_rvx_instance_4/i_rvx_instance_0/i_rvx_instance_0/rvx_signal_1_reg[20]/CE
                                                              42.966        
i_platform/i_rtl/platform_controller/i_rvx_instance_4/i_rvx_instance_0/i_rvx_instance_1/rvx_signal_0_reg[7]/C
                               i_platform/i_rtl/platform_controller/i_rvx_instance_4/i_rvx_instance_0/i_rvx_instance_0/rvx_signal_1_reg[27]/CE
                                                              42.966        
i_platform/i_rtl/platform_controller/i_rvx_instance_4/i_rvx_instance_0/i_rvx_instance_1/rvx_signal_0_reg[7]/C
                               i_platform/i_rtl/platform_controller/i_rvx_instance_4/i_rvx_instance_0/i_rvx_instance_0/rvx_signal_1_reg[11]/CE
                                                              43.036        
i_platform/i_rtl/platform_controller/i_rvx_instance_4/i_rvx_instance_0/i_rvx_instance_1/rvx_signal_0_reg[7]/C
                               i_platform/i_rtl/platform_controller/i_rvx_instance_4/i_rvx_instance_0/i_rvx_instance_0/rvx_signal_1_reg[12]/CE
                                                              43.036        
i_platform/i_rtl/platform_controller/i_rvx_instance_4/i_rvx_instance_0/i_rvx_instance_1/rvx_signal_0_reg[7]/C
                               i_platform/i_rtl/platform_controller/i_rvx_instance_4/i_rvx_instance_0/i_rvx_instance_0/rvx_signal_1_reg[13]/CE
                                                              43.036        
i_platform/i_rtl/platform_controller/i_rvx_instance_4/i_rvx_instance_0/i_rvx_instance_1/rvx_signal_0_reg[7]/C
                               i_platform/i_rtl/platform_controller/i_rvx_instance_4/i_rvx_instance_0/i_rvx_instance_0/rvx_signal_1_reg[14]/CE
                                                              43.036        
i_platform/i_rtl/platform_controller/i_rvx_instance_4/i_rvx_instance_0/i_rvx_instance_1/rvx_signal_0_reg[7]/C
                               i_platform/i_rtl/platform_controller/i_rvx_instance_4/i_rvx_instance_0/i_rvx_instance_0/rvx_signal_1_reg[17]/CE
                                                              43.036        
i_platform/i_rtl/platform_controller/i_rvx_instance_4/i_rvx_instance_0/i_rvx_instance_1/rvx_signal_0_reg[7]/C
                               i_platform/i_rtl/platform_controller/i_rvx_instance_4/i_rvx_instance_0/i_rvx_instance_0/rvx_signal_1_reg[18]/CE
                                                              43.036        
i_platform/i_rtl/platform_controller/i_rvx_instance_4/i_rvx_instance_0/i_rvx_instance_1/rvx_signal_0_reg[7]/C
                               i_platform/i_rtl/platform_controller/i_rvx_instance_4/i_rvx_instance_0/i_rvx_instance_0/rvx_signal_1_reg[25]/CE
                                                              43.036        
i_platform/i_rtl/platform_controller/i_rvx_instance_4/i_rvx_instance_0/i_rvx_instance_1/rvx_signal_0_reg[7]/C
                               i_platform/i_rtl/platform_controller/i_rvx_instance_4/i_rvx_instance_0/i_rvx_instance_0/rvx_signal_1_reg[26]/CE
                                                              43.036        
i_platform/i_rtl/platform_controller/i_rvx_instance_4/i_rvx_instance_0/i_rvx_instance_1/rvx_signal_0_reg[7]/C
                               i_platform/i_rtl/platform_controller/i_rvx_instance_4/i_rvx_instance_0/i_rvx_instance_0/rvx_signal_1_reg[16]/CE
                                                              43.068        
i_platform/i_rtl/platform_controller/i_rvx_instance_4/i_rvx_instance_0/i_rvx_instance_1/rvx_signal_0_reg[7]/C
                               i_platform/i_rtl/platform_controller/i_rvx_instance_4/i_rvx_instance_0/i_rvx_instance_0/rvx_signal_1_reg[28]/CE
                                                              43.068        
i_platform/i_rtl/platform_controller/i_rvx_instance_4/i_rvx_instance_0/i_rvx_instance_1/rvx_signal_0_reg[7]/C
                               i_platform/i_rtl/platform_controller/i_rvx_instance_4/i_rvx_instance_0/i_rvx_instance_0/rvx_signal_1_reg[29]/CE
                                                              43.068        
i_platform/i_rtl/platform_controller/i_rvx_instance_4/i_rvx_instance_0/i_rvx_instance_1/rvx_signal_0_reg[7]/C
                               i_platform/i_rtl/platform_controller/i_rvx_instance_4/i_rvx_instance_0/i_rvx_instance_0/rvx_signal_1_reg[6]/CE
                                                              43.068        
i_platform/i_rtl/platform_controller/i_rvx_instance_4/i_rvx_instance_0/i_rvx_instance_1/rvx_signal_0_reg[7]/C
                               i_platform/i_rtl/platform_controller/i_rvx_instance_4/i_rvx_instance_0/i_rvx_instance_0/rvx_signal_1_reg[21]/CE
                                                              43.115        
i_platform/i_rtl/platform_controller/i_rvx_instance_4/i_rvx_instance_0/i_rvx_instance_1/rvx_signal_0_reg[7]/C
                               i_platform/i_rtl/platform_controller/i_rvx_instance_4/i_rvx_instance_0/i_rvx_instance_0/rvx_signal_1_reg[22]/CE
                                                              43.115        
i_platform/i_rtl/platform_controller/i_rvx_instance_4/i_rvx_instance_0/i_rvx_instance_1/rvx_signal_0_reg[7]/C
                               i_platform/i_rtl/platform_controller/i_rvx_instance_4/i_rvx_instance_0/i_rvx_instance_0/rvx_signal_1_reg[23]/CE
                                                              43.115        
i_platform/i_rtl/platform_controller/i_rvx_instance_4/i_rvx_instance_0/i_rvx_instance_1/rvx_signal_0_reg[7]/C
                               i_platform/i_rtl/platform_controller/i_rvx_instance_4/i_rvx_instance_0/i_rvx_instance_0/rvx_signal_1_reg[24]/CE
                                                              43.115        
i_platform/i_rtl/platform_controller/i_rvx_instance_4/i_rvx_instance_0/i_rvx_instance_1/rvx_signal_0_reg[7]/C
                               i_platform/i_rtl/platform_controller/i_rvx_instance_4/i_rvx_instance_0/i_rvx_instance_0/rvx_signal_1_reg[22]/D
                                                              43.207        
i_platform/i_rtl/platform_controller/i_rvx_instance_4/i_rvx_instance_0/i_rvx_instance_1/rvx_signal_0_reg[7]/C
                               i_platform/i_rtl/platform_controller/i_rvx_instance_4/i_rvx_instance_0/i_rvx_instance_0/rvx_signal_1_reg[15]/CE
                                                              43.246        
i_platform/i_rtl/platform_controller/i_rvx_instance_4/i_rvx_instance_0/i_rvx_instance_1/rvx_signal_0_reg[7]/C
                               i_platform/i_rtl/platform_controller/i_rvx_instance_4/i_rvx_instance_0/i_rvx_instance_0/rvx_signal_1_reg[7]/CE
                                                              43.246        
i_platform/i_rtl/platform_controller/i_rvx_instance_4/i_rvx_instance_0/i_rvx_instance_1/rvx_signal_0_reg[7]/C
                               i_platform/i_rtl/platform_controller/i_rvx_instance_4/i_rvx_instance_0/i_rvx_instance_0/rvx_signal_1_reg[8]/CE
                                                              43.246        
i_platform/i_rtl/platform_controller/i_rvx_instance_4/i_rvx_instance_0/i_rvx_instance_1/rvx_signal_0_reg[7]/C
                               i_platform/i_rtl/platform_controller/i_rvx_instance_4/i_rvx_instance_0/i_rvx_instance_0/rvx_signal_1_reg[9]/CE
                                                              43.246        
i_platform/i_rtl/platform_controller/i_rvx_instance_4/i_rvx_instance_0/i_rvx_instance_1/rvx_signal_0_reg[7]/C
                               i_platform/i_rtl/platform_controller/i_rvx_instance_4/i_rvx_instance_3/rvx_signal_07_reg[10]/CE
                                                              43.249        
i_platform/i_rtl/platform_controller/i_rvx_instance_4/i_rvx_instance_0/i_rvx_instance_1/rvx_signal_0_reg[7]/C
                               i_platform/i_rtl/platform_controller/i_rvx_instance_4/i_rvx_instance_3/rvx_signal_07_reg[11]/CE
                                                              43.249        
i_platform/i_rtl/platform_controller/i_rvx_instance_4/i_rvx_instance_0/i_rvx_instance_1/rvx_signal_0_reg[7]/C
                               i_platform/i_rtl/platform_controller/i_rvx_instance_4/i_rvx_instance_3/rvx_signal_07_reg[18]/CE
                                                              43.249        
i_platform/i_rtl/platform_controller/i_rvx_instance_4/i_rvx_instance_0/i_rvx_instance_1/rvx_signal_0_reg[7]/C
                               i_platform/i_rtl/platform_controller/i_rvx_instance_4/i_rvx_instance_3/rvx_signal_07_reg[22]/CE
                                                              43.249        
i_platform/i_rtl/platform_controller/i_rvx_instance_4/i_rvx_instance_0/i_rvx_instance_1/rvx_signal_0_reg[7]/C
                               i_platform/i_rtl/platform_controller/i_rvx_instance_4/i_rvx_instance_3/rvx_signal_07_reg[28]/CE
                                                              43.249        
i_platform/i_rtl/platform_controller/i_rvx_instance_4/i_rvx_instance_0/i_rvx_instance_1/rvx_signal_0_reg[7]/C
                               i_platform/i_rtl/platform_controller/i_rvx_instance_4/i_rvx_instance_3/rvx_signal_07_reg[29]/CE
                                                              43.249        
i_platform/i_rtl/platform_controller/i_rvx_instance_4/i_rvx_instance_0/i_rvx_instance_1/rvx_signal_0_reg[7]/C
                               i_platform/i_rtl/platform_controller/i_rvx_instance_4/i_rvx_instance_3/rvx_signal_07_reg[30]/CE
                                                              43.249        
i_platform/i_rtl/platform_controller/i_rvx_instance_4/i_rvx_instance_0/i_rvx_instance_1/rvx_signal_0_reg[7]/C
                               i_platform/i_rtl/platform_controller/i_rvx_instance_4/i_rvx_instance_3/rvx_signal_07_reg[8]/CE
                                                              43.249        
i_platform/i_rtl/platform_controller/i_rvx_instance_4/i_rvx_instance_0/i_rvx_instance_1/rvx_signal_0_reg[7]/C
                               i_platform/i_rtl/platform_controller/i_rvx_instance_4/i_rvx_instance_0/i_rvx_instance_0/rvx_signal_1_reg[13]/D
                                                              43.256        
i_platform/i_rtl/platform_controller/i_rvx_instance_4/i_rvx_instance_0/i_rvx_instance_1/rvx_signal_0_reg[7]/C
                               i_platform/i_rtl/platform_controller/i_rvx_instance_4/i_rvx_instance_0/i_rvx_instance_0/rvx_signal_1_reg[14]/D
                                                              43.265        
i_platform/i_rtl/platform_controller/i_rvx_instance_4/i_rvx_instance_0/i_rvx_instance_1/rvx_signal_0_reg[7]/C
                               i_platform/i_rtl/platform_controller/i_rvx_instance_4/i_rvx_instance_0/i_rvx_instance_0/rvx_signal_1_reg[21]/D
                                                              43.366        
i_platform/i_rtl/platform_controller/i_rvx_instance_4/i_rvx_instance_0/i_rvx_instance_1/rvx_signal_0_reg[7]/C
                               i_platform/i_rtl/platform_controller/i_rvx_instance_4/i_rvx_instance_0/i_rvx_instance_0/rvx_signal_1_reg[30]/CE
                                                              43.390        
i_platform/i_rtl/platform_controller/i_rvx_instance_4/i_rvx_instance_0/i_rvx_instance_1/rvx_signal_0_reg[7]/C
                               i_platform/i_rtl/platform_controller/i_rvx_instance_4/i_rvx_instance_0/i_rvx_instance_0/rvx_signal_1_reg[31]/CE
                                                              43.390        
i_platform/i_rtl/platform_controller/i_rvx_instance_4/i_rvx_instance_0/i_rvx_instance_1/rvx_signal_0_reg[7]/C
                               i_platform/i_rtl/platform_controller/i_rvx_instance_4/i_rvx_instance_0/i_rvx_instance_0/rvx_signal_1_reg[1]/CE
                                                              43.416        
i_platform/i_rtl/platform_controller/i_rvx_instance_4/i_rvx_instance_0/i_rvx_instance_1/rvx_signal_0_reg[7]/C
                               i_platform/i_rtl/platform_controller/i_rvx_instance_4/i_rvx_instance_0/i_rvx_instance_0/rvx_signal_1_reg[2]/CE
                                                              43.416        
i_platform/i_rtl/platform_controller/i_rvx_instance_4/i_rvx_instance_0/i_rvx_instance_1/rvx_signal_0_reg[7]/C
                               i_platform/i_rtl/platform_controller/i_rvx_instance_4/i_rvx_instance_3/rvx_signal_07_reg[16]/CE
                                                              43.457        
i_platform/i_rtl/platform_controller/i_rvx_instance_4/i_rvx_instance_0/i_rvx_instance_1/rvx_signal_0_reg[7]/C
                               i_platform/i_rtl/platform_controller/i_rvx_instance_4/i_rvx_instance_3/rvx_signal_07_reg[24]/CE
                                                              43.457        
i_platform/i_rtl/platform_controller/i_rvx_instance_4/i_rvx_instance_0/i_rvx_instance_1/rvx_signal_0_reg[7]/C
                               i_platform/i_rtl/platform_controller/i_rvx_instance_4/i_rvx_instance_3/rvx_signal_07_reg[31]/CE
                                                              43.457        
i_platform/i_rtl/platform_controller/i_rvx_instance_4/i_rvx_instance_0/i_rvx_instance_1/rvx_signal_0_reg[7]/C
                               i_platform/i_rtl/platform_controller/i_rvx_instance_4/i_rvx_instance_3/rvx_signal_07_reg[3]/CE
                                                              43.457        
i_platform/i_rtl/platform_controller/i_rvx_instance_4/i_rvx_instance_0/i_rvx_instance_1/rvx_signal_0_reg[7]/C
                               i_platform/i_rtl/platform_controller/i_rvx_instance_4/i_rvx_instance_3/rvx_signal_07_reg[4]/CE
                                                              43.457        
i_platform/i_rtl/platform_controller/i_rvx_instance_4/i_rvx_instance_0/i_rvx_instance_1/rvx_signal_0_reg[7]/C
                               i_platform/i_rtl/platform_controller/i_rvx_instance_4/i_rvx_instance_3/rvx_signal_07_reg[5]/CE
                                                              43.457        
i_platform/i_rtl/platform_controller/i_rvx_instance_4/i_rvx_instance_0/i_rvx_instance_1/rvx_signal_0_reg[7]/C
                               i_platform/i_rtl/platform_controller/i_rvx_instance_4/i_rvx_instance_3/rvx_signal_07_reg[6]/CE
                                                              43.457        
i_platform/i_rtl/platform_controller/i_rvx_instance_4/i_rvx_instance_0/i_rvx_instance_1/rvx_signal_0_reg[7]/C
                               i_platform/i_rtl/platform_controller/i_rvx_instance_4/i_rvx_instance_3/rvx_signal_07_reg[7]/CE
                                                              43.457        
i_platform/i_rtl/platform_controller/i_rvx_instance_4/i_rvx_instance_0/i_rvx_instance_1/rvx_signal_0_reg[7]/C
                               i_platform/i_rtl/platform_controller/i_rvx_instance_4/i_rvx_instance_0/i_rvx_instance_0/rvx_signal_1_reg[0]/CE
                                                              43.516        
i_platform/i_rtl/platform_controller/i_rvx_instance_4/i_rvx_instance_0/i_rvx_instance_1/rvx_signal_0_reg[7]/C
                               i_platform/i_rtl/platform_controller/i_rvx_instance_4/i_rvx_instance_0/i_rvx_instance_0/rvx_signal_1_reg[3]/CE
                                                              43.519        
i_platform/i_rtl/platform_controller/i_rvx_instance_4/i_rvx_instance_0/i_rvx_instance_1/rvx_signal_0_reg[7]/C
                               i_platform/i_rtl/platform_controller/i_rvx_instance_4/i_rvx_instance_0/i_rvx_instance_0/rvx_signal_1_reg[4]/CE
                                                              43.519        
i_platform/i_rtl/platform_controller/i_rvx_instance_4/i_rvx_instance_0/i_rvx_instance_1/rvx_signal_0_reg[7]/C
                               i_platform/i_rtl/platform_controller/i_rvx_instance_4/i_rvx_instance_0/i_rvx_instance_0/rvx_signal_1_reg[5]/CE
                                                              43.519        
i_platform/i_rtl/platform_controller/i_rvx_instance_4/i_rvx_instance_0/i_rvx_instance_1/rvx_signal_0_reg[7]/C
                               i_platform/i_rtl/platform_controller/i_rvx_instance_4/i_rvx_instance_0/i_rvx_instance_0/rvx_signal_1_reg[17]/D
                                                              43.532        
i_platform/i_rtl/platform_controller/i_rvx_instance_4/i_rvx_instance_0/i_rvx_instance_1/rvx_signal_0_reg[7]/C
                               i_platform/i_rtl/platform_controller/i_rvx_instance_4/i_rvx_instance_0/i_rvx_instance_0/rvx_signal_1_reg[10]/D
                                                              43.540        
i_platform/i_rtl/platform_controller/i_rvx_instance_4/i_rvx_instance_0/i_rvx_instance_1/rvx_signal_0_reg[7]/C
                               i_platform/i_rtl/platform_controller/i_rvx_instance_4/i_rvx_instance_0/i_rvx_instance_0/rvx_signal_1_reg[19]/D
                                                              43.554        
i_platform/i_rtl/platform_controller/i_rvx_instance_4/i_rvx_instance_0/i_rvx_instance_1/rvx_signal_0_reg[7]/C
                               i_platform/i_rtl/platform_controller/i_rvx_instance_4/i_rvx_instance_0/i_rvx_instance_0/rvx_signal_1_reg[18]/D
                                                              43.658        
i_platform/i_rtl/platform_controller/i_rvx_instance_4/i_rvx_instance_0/i_rvx_instance_1/rvx_signal_0_reg[7]/C
                               i_platform/i_rtl/platform_controller/i_rvx_instance_4/i_rvx_instance_0/i_rvx_instance_0/rvx_signal_1_reg[27]/D
                                                              43.696        
i_platform/i_rtl/platform_controller/i_rvx_instance_4/i_rvx_instance_0/i_rvx_instance_1/rvx_signal_0_reg[7]/C
                               i_platform/i_rtl/platform_controller/i_rvx_instance_4/i_rvx_instance_0/i_rvx_instance_0/rvx_signal_1_reg[20]/D
                                                              43.705        
i_platform/i_rtl/platform_controller/i_rvx_instance_4/i_rvx_instance_0/i_rvx_instance_1/rvx_signal_0_reg[7]/C
                               i_platform/i_rtl/platform_controller/i_rvx_instance_4/i_rvx_instance_0/i_rvx_instance_0/rvx_signal_1_reg[26]/D
                                                              43.713        
i_platform/i_rtl/platform_controller/i_rvx_instance_4/i_rvx_instance_0/i_rvx_instance_1/rvx_signal_0_reg[7]/C
                               i_platform/i_rtl/platform_controller/i_rvx_instance_4/i_rvx_instance_0/i_rvx_instance_0/rvx_signal_1_reg[25]/D
                                                              43.715        
i_platform/i_rtl/platform_controller/i_rvx_instance_4/i_rvx_instance_0/i_rvx_instance_1/rvx_signal_0_reg[7]/C
                               i_platform/i_rtl/platform_controller/i_rvx_instance_4/i_rvx_instance_0/i_rvx_instance_0/rvx_signal_1_reg[9]/D
                                                              43.729        
i_platform/i_rtl/platform_controller/i_rvx_instance_4/i_rvx_instance_0/i_rvx_instance_1/rvx_signal_0_reg[7]/C
                               i_platform/i_rtl/platform_controller/i_rvx_instance_4/i_rvx_instance_0/i_rvx_instance_0/rvx_signal_1_reg[8]/D
                                                              43.743        
i_platform/i_rtl/platform_controller/i_rvx_instance_4/i_rvx_instance_0/i_rvx_instance_1/rvx_signal_0_reg[7]/C
                               i_platform/i_rtl/platform_controller/i_rvx_instance_4/i_rvx_instance_0/i_rvx_instance_0/rvx_signal_1_reg[24]/D
                                                              43.762        
i_platform/i_rtl/platform_controller/i_rvx_instance_4/i_rvx_instance_0/i_rvx_instance_1/rvx_signal_0_reg[7]/C
                               i_platform/i_rtl/platform_controller/i_rvx_instance_4/i_rvx_instance_0/i_rvx_instance_0/rvx_signal_1_reg[12]/D
                                                              43.763        
i_platform/i_rtl/platform_controller/i_rvx_instance_4/i_rvx_instance_0/i_rvx_instance_1/rvx_signal_0_reg[7]/C
                               i_platform/i_rtl/platform_controller/i_rvx_instance_4/i_rvx_instance_0/i_rvx_instance_0/rvx_signal_1_reg[23]/D
                                                              43.766        
i_platform/i_rtl/platform_controller/i_rvx_instance_4/i_rvx_instance_0/i_rvx_instance_1/rvx_signal_0_reg[7]/C
                               i_platform/i_rtl/platform_controller/i_rvx_instance_4/i_rvx_instance_0/i_rvx_instance_0/rvx_signal_1_reg[29]/D
                                                              43.805        
i_platform/i_rtl/platform_controller/i_rvx_instance_4/i_rvx_instance_0/i_rvx_instance_1/rvx_signal_0_reg[7]/C
                               i_platform/i_rtl/platform_controller/i_rvx_instance_4/i_rvx_instance_0/i_rvx_instance_0/rvx_signal_1_reg[11]/D
                                                              43.989        
i_platform/i_rtl/platform_controller/i_rvx_instance_4/i_rvx_instance_0/i_rvx_instance_1/rvx_signal_0_reg[7]/C
                               i_platform/i_rtl/platform_controller/i_rvx_instance_4/i_rvx_instance_3/rvx_signal_07_reg[0]/CE
                                                              43.991        
i_platform/i_rtl/platform_controller/i_rvx_instance_4/i_rvx_instance_0/i_rvx_instance_1/rvx_signal_0_reg[7]/C
                               i_platform/i_rtl/platform_controller/i_rvx_instance_4/i_rvx_instance_3/rvx_signal_07_reg[1]/CE
                                                              43.991        



