Copyright 1986-2022 Xilinx, Inc. All Rights Reserved. Copyright 2022-2024 Advanced Micro Devices, Inc. All Rights Reserved.
---------------------------------------------------------------------------------------------------------------------------------------------------------------------------------
| Tool Version : Vivado v.2024.2 (lin64) Build 5239630 Fri Nov 08 22:34:34 MST 2024
| Date         : Mon Sep  7 17:20:14 2026
| Host         : JoongKyu running 64-bit Ubuntu 24.04.1 LTS
| Command      : report_utilization -hierarchical -file /home/kyu/rvx_summer26/platform/bbht_grover_upgrade/imp_arty-100t_k3h3_e4_m2_rvx_20260907/imp_result/route_util_hier.rpt
| Design       : BBHT_GROVER_UPGRADE_FPGA
| Device       : xc7a100tcsg324-1
| Speed File   : -1
| Design State : Routed
---------------------------------------------------------------------------------------------------------------------------------------------------------------------------------

Utilization Design Information

Table of Contents
-----------------
1. Utilization by Hierarchy

1. Utilization by Hierarchy
---------------------------

+-----------------------------------------------------------------------+-----------------------------------------------------------+------------+------------+---------+------+-------+--------+--------+------------+
|                                Instance                               |                           Module                          | Total LUTs | Logic LUTs | LUTRAMs | SRLs |  FFs  | RAMB36 | RAMB18 | DSP Blocks |
+-----------------------------------------------------------------------+-----------------------------------------------------------+------------+------------+---------+------+-------+--------+--------+------------+
| BBHT_GROVER_UPGRADE_FPGA                                              |                                                     (top) |      45284 |      45068 |     216 |    0 | 45223 |     84 |     64 |        132 |
|   (BBHT_GROVER_UPGRADE_FPGA)                                          |                                                     (top) |        601 |        601 |       0 |    0 |     0 |      0 |      0 |          0 |
|   i_platform                                                          |                                       BBHT_GROVER_UPGRADE |      44704 |      44488 |     216 |    0 | 45223 |     84 |     64 |        132 |
|     i_bbht_rvx_wrapper                                                |                                          bbht_rvx_wrapper |      32610 |      32442 |     168 |    0 | 28584 |     52 |     64 |        128 |
|       u_ahb_loader                                                    |                                           bbht_ahb_loader |        258 |        258 |       0 |    0 |   182 |      0 |      0 |          0 |
|       u_main_ip                                                       |                                       bbht_grover_main_ip |      32242 |      32074 |     168 |    0 | 28223 |     52 |     64 |        128 |
|         (u_main_ip)                                                   |                                       bbht_grover_main_ip |        170 |        170 |       0 |    0 |   959 |      0 |      0 |          0 |
|         g_ckpt_plan_exec.g_auto_policy_k34.u_auto_policy              |                                grover_ckpt_policy_rolling |       3085 |       3085 |       0 |    0 |  2920 |      4 |      0 |          0 |
|           (g_ckpt_plan_exec.g_auto_policy_k34.u_auto_policy)          |                                grover_ckpt_policy_rolling |       2739 |       2739 |       0 |    0 |  2917 |      0 |      0 |          0 |
|           u_policy_memo                                               |                                   grover_ckpt_policy_memo |        347 |        347 |       0 |    0 |     3 |      4 |      0 |          0 |
|         g_ckpt_plan_exec.g_auto_policy_k34.u_plan_fifo                |                                     grover_ckpt_plan_fifo |        161 |        113 |      48 |    0 |    42 |      0 |      0 |          0 |
|         g_ckpt_plan_exec.g_auto_policy_k34.u_shadow_j                 |                                           grover_shadow_j |        145 |        145 |       0 |    0 |   119 |      0 |      0 |          0 |
|         g_ckpt_plan_exec.g_ckpt_planner_auto_pipe.u_ckpt_planner_pipe |                                  grover_ckpt_planner_pipe |        193 |        193 |       0 |    0 |    70 |      0 |      0 |          0 |
|         g_ckpt_plan_exec.u_ckpt_executor                              |                                      grover_ckpt_executor |        154 |        154 |       0 |    0 |    96 |      0 |      0 |          0 |
|         g_ckpt_plan_exec.u_ckpt_meta                                  |                                          grover_ckpt_meta |        112 |        112 |       0 |    0 |    24 |      0 |      0 |          0 |
|         g_intra_e4.u_amp_mem                                          |                            grover_ckpt_mem_interleaved_e4 |       2110 |       2110 |       0 |    0 |  3699 |     44 |      0 |          0 |
|           (g_intra_e4.u_amp_mem)                                      |                            grover_ckpt_mem_interleaved_e4 |       1374 |       1374 |       0 |    0 |  3699 |      0 |      0 |          0 |
|           u_phase0                                                    |                                     grover_amp_mem_packed |          0 |          0 |       0 |    0 |     0 |     11 |      0 |          0 |
|           u_phase1                                                    |                                 grover_amp_mem_packed_633 |          0 |          0 |       0 |    0 |     0 |     11 |      0 |          0 |
|           u_phase2                                                    |                                 grover_amp_mem_packed_634 |        736 |        736 |       0 |    0 |     0 |     11 |      0 |          0 |
|           u_phase3                                                    |                                 grover_amp_mem_packed_635 |          0 |          0 |       0 |    0 |     0 |     11 |      0 |          0 |
|         g_intra_e4.u_data_mem                                         |                                        grover_data_mem_e4 |       3579 |       3579 |       0 |    0 |     8 |      0 |     64 |          0 |
|         g_intra_e4.u_found_mask                                       |                                  grover_found_mask_mem_e4 |        113 |        113 |       0 |    0 |    32 |      2 |      0 |          0 |
|         g_intra_e4.u_iter_ctrl                                        |                                   grover_ctrl_fsm_ckpt_e4 |        651 |        651 |       0 |    0 |    68 |      0 |      0 |          0 |
|         g_intra_e4.u_iter_dp                                          |                                   grover_iter_datapath_e4 |      13124 |      13124 |       0 |    0 |  9919 |      0 |      0 |          0 |
|           (g_intra_e4.u_iter_dp)                                      |                                   grover_iter_datapath_e4 |       8131 |       8131 |       0 |    0 |  9313 |      0 |      0 |          0 |
|           g_e4_lane[0].u_d1                                           |                                      grover_diffusion_sat |         37 |         37 |       0 |    0 |     0 |      0 |      0 |          0 |
|           g_e4_lane[0].u_o0                                           |                                        grover_oracle_flip |         22 |         22 |       0 |    0 |     0 |      0 |      0 |          0 |
|           g_e4_lane[0].u_o1                                           |                                    grover_oracle_flip_445 |         22 |         22 |       0 |    0 |     0 |      0 |      0 |          0 |
|           g_e4_lane[0].u_o2                                           |                                    grover_oracle_flip_446 |         22 |         22 |       0 |    0 |     0 |      0 |      0 |          0 |
|           g_e4_lane[0].u_p0                                           |                                          grover_predicate |          1 |          1 |       0 |    0 |     0 |      0 |      0 |          0 |
|           g_e4_lane[0].u_p2                                           |                                      grover_predicate_447 |          1 |          1 |       0 |    0 |     0 |      0 |      0 |          0 |
|           g_e4_lane[10].u_d1                                          |                                  grover_diffusion_sat_448 |         37 |         37 |       0 |    0 |     0 |      0 |      0 |          0 |
|           g_e4_lane[10].u_o0                                          |                                    grover_oracle_flip_449 |         22 |         22 |       0 |    0 |     0 |      0 |      0 |          0 |
|           g_e4_lane[10].u_o1                                          |                                    grover_oracle_flip_450 |         22 |         22 |       0 |    0 |     0 |      0 |      0 |          0 |
|           g_e4_lane[10].u_o2                                          |                                    grover_oracle_flip_451 |         22 |         22 |       0 |    0 |     0 |      0 |      0 |          0 |
|           g_e4_lane[10].u_p0                                          |                                      grover_predicate_452 |          6 |          6 |       0 |    0 |     0 |      0 |      0 |          0 |
|           g_e4_lane[10].u_p1                                          |                                      grover_predicate_453 |          1 |          1 |       0 |    0 |     0 |      0 |      0 |          0 |
|           g_e4_lane[11].u_d1                                          |                                  grover_diffusion_sat_454 |         37 |         37 |       0 |    0 |     0 |      0 |      0 |          0 |
|           g_e4_lane[11].u_o0                                          |                                    grover_oracle_flip_455 |         22 |         22 |       0 |    0 |     0 |      0 |      0 |          0 |
|           g_e4_lane[11].u_o1                                          |                                    grover_oracle_flip_456 |         22 |         22 |       0 |    0 |     0 |      0 |      0 |          0 |
|           g_e4_lane[11].u_o2                                          |                                    grover_oracle_flip_457 |         22 |         22 |       0 |    0 |     0 |      0 |      0 |          0 |
|           g_e4_lane[11].u_p0                                          |                                      grover_predicate_458 |          6 |          6 |       0 |    0 |     0 |      0 |      0 |          0 |
|           g_e4_lane[11].u_p1                                          |                                      grover_predicate_459 |          1 |          1 |       0 |    0 |     0 |      0 |      0 |          0 |
|           g_e4_lane[12].u_d1                                          |                                  grover_diffusion_sat_460 |         37 |         37 |       0 |    0 |     0 |      0 |      0 |          0 |
|           g_e4_lane[12].u_o0                                          |                                    grover_oracle_flip_461 |         22 |         22 |       0 |    0 |     0 |      0 |      0 |          0 |
|           g_e4_lane[12].u_o1                                          |                                    grover_oracle_flip_462 |         22 |         22 |       0 |    0 |     0 |      0 |      0 |          0 |
|           g_e4_lane[12].u_o2                                          |                                    grover_oracle_flip_463 |         22 |         22 |       0 |    0 |     0 |      0 |      0 |          0 |
|           g_e4_lane[12].u_p0                                          |                                      grover_predicate_464 |          6 |          6 |       0 |    0 |     0 |      0 |      0 |          0 |
|           g_e4_lane[12].u_p1                                          |                                      grover_predicate_465 |          1 |          1 |       0 |    0 |     0 |      0 |      0 |          0 |
|           g_e4_lane[13].u_d1                                          |                                  grover_diffusion_sat_466 |         37 |         37 |       0 |    0 |     0 |      0 |      0 |          0 |
|           g_e4_lane[13].u_o0                                          |                                    grover_oracle_flip_467 |         22 |         22 |       0 |    0 |     0 |      0 |      0 |          0 |
|           g_e4_lane[13].u_o1                                          |                                    grover_oracle_flip_468 |         22 |         22 |       0 |    0 |     0 |      0 |      0 |          0 |
|           g_e4_lane[13].u_o2                                          |                                    grover_oracle_flip_469 |         22 |         22 |       0 |    0 |     0 |      0 |      0 |          0 |
|           g_e4_lane[13].u_p0                                          |                                      grover_predicate_470 |          6 |          6 |       0 |    0 |     0 |      0 |      0 |          0 |
|           g_e4_lane[13].u_p1                                          |                                      grover_predicate_471 |          1 |          1 |       0 |    0 |     0 |      0 |      0 |          0 |
|           g_e4_lane[14].u_d1                                          |                                  grover_diffusion_sat_472 |         37 |         37 |       0 |    0 |     0 |      0 |      0 |          0 |
|           g_e4_lane[14].u_o0                                          |                                    grover_oracle_flip_473 |         22 |         22 |       0 |    0 |     0 |      0 |      0 |          0 |
|           g_e4_lane[14].u_o1                                          |                                    grover_oracle_flip_474 |         22 |         22 |       0 |    0 |     0 |      0 |      0 |          0 |
|           g_e4_lane[14].u_o2                                          |                                    grover_oracle_flip_475 |         22 |         22 |       0 |    0 |     0 |      0 |      0 |          0 |
|           g_e4_lane[14].u_p0                                          |                                      grover_predicate_476 |          6 |          6 |       0 |    0 |     0 |      0 |      0 |          0 |
|           g_e4_lane[14].u_p1                                          |                                      grover_predicate_477 |          1 |          1 |       0 |    0 |     0 |      0 |      0 |          0 |
|           g_e4_lane[15].u_d1                                          |                                  grover_diffusion_sat_478 |         37 |         37 |       0 |    0 |     0 |      0 |      0 |          0 |
|           g_e4_lane[15].u_o0                                          |                                    grover_oracle_flip_479 |         22 |         22 |       0 |    0 |     0 |      0 |      0 |          0 |
|           g_e4_lane[15].u_o1                                          |                                    grover_oracle_flip_480 |         22 |         22 |       0 |    0 |     0 |      0 |      0 |          0 |
|           g_e4_lane[15].u_o2                                          |                                    grover_oracle_flip_481 |         22 |         22 |       0 |    0 |     0 |      0 |      0 |          0 |
|           g_e4_lane[15].u_p0                                          |                                      grover_predicate_482 |          6 |          6 |       0 |    0 |     0 |      0 |      0 |          0 |
|           g_e4_lane[16].u_d1                                          |                                  grover_diffusion_sat_483 |         37 |         37 |       0 |    0 |     0 |      0 |      0 |          0 |
|           g_e4_lane[16].u_o0                                          |                                    grover_oracle_flip_484 |         22 |         22 |       0 |    0 |     0 |      0 |      0 |          0 |
|           g_e4_lane[16].u_o1                                          |                                    grover_oracle_flip_485 |         22 |         22 |       0 |    0 |     0 |      0 |      0 |          0 |
|           g_e4_lane[16].u_o2                                          |                                    grover_oracle_flip_486 |         22 |         22 |       0 |    0 |     0 |      0 |      0 |          0 |
|           g_e4_lane[16].u_p0                                          |                                      grover_predicate_487 |          6 |          6 |       0 |    0 |     0 |      0 |      0 |          0 |
|           g_e4_lane[17].u_d1                                          |                                  grover_diffusion_sat_488 |         37 |         37 |       0 |    0 |     0 |      0 |      0 |          0 |
|           g_e4_lane[17].u_o0                                          |                                    grover_oracle_flip_489 |         22 |         22 |       0 |    0 |     0 |      0 |      0 |          0 |
|           g_e4_lane[17].u_o1                                          |                                    grover_oracle_flip_490 |         22 |         22 |       0 |    0 |     0 |      0 |      0 |          0 |
|           g_e4_lane[17].u_o2                                          |                                    grover_oracle_flip_491 |         22 |         22 |       0 |    0 |     0 |      0 |      0 |          0 |
|           g_e4_lane[17].u_p0                                          |                                      grover_predicate_492 |          6 |          6 |       0 |    0 |     0 |      0 |      0 |          0 |
|           g_e4_lane[18].u_d1                                          |                                  grover_diffusion_sat_493 |         37 |         37 |       0 |    0 |     0 |      0 |      0 |          0 |
|           g_e4_lane[18].u_o0                                          |                                    grover_oracle_flip_494 |         22 |         22 |       0 |    0 |     0 |      0 |      0 |          0 |
|           g_e4_lane[18].u_o1                                          |                                    grover_oracle_flip_495 |         22 |         22 |       0 |    0 |     0 |      0 |      0 |          0 |
|           g_e4_lane[18].u_o2                                          |                                    grover_oracle_flip_496 |         22 |         22 |       0 |    0 |     0 |      0 |      0 |          0 |
|           g_e4_lane[18].u_p0                                          |                                      grover_predicate_497 |          6 |          6 |       0 |    0 |     0 |      0 |      0 |          0 |
|           g_e4_lane[19].u_d1                                          |                                  grover_diffusion_sat_498 |         37 |         37 |       0 |    0 |     0 |      0 |      0 |          0 |
|           g_e4_lane[19].u_o0                                          |                                    grover_oracle_flip_499 |         22 |         22 |       0 |    0 |     0 |      0 |      0 |          0 |
|           g_e4_lane[19].u_o1                                          |                                    grover_oracle_flip_500 |         22 |         22 |       0 |    0 |     0 |      0 |      0 |          0 |
|           g_e4_lane[19].u_o2                                          |                                    grover_oracle_flip_501 |         22 |         22 |       0 |    0 |     0 |      0 |      0 |          0 |
|           g_e4_lane[19].u_p0                                          |                                      grover_predicate_502 |          6 |          6 |       0 |    0 |     0 |      0 |      0 |          0 |
|           g_e4_lane[1].u_d1                                           |                                  grover_diffusion_sat_503 |         37 |         37 |       0 |    0 |     0 |      0 |      0 |          0 |
|           g_e4_lane[1].u_o0                                           |                                    grover_oracle_flip_504 |         22 |         22 |       0 |    0 |     0 |      0 |      0 |          0 |
|           g_e4_lane[1].u_o1                                           |                                    grover_oracle_flip_505 |         22 |         22 |       0 |    0 |     0 |      0 |      0 |          0 |
|           g_e4_lane[1].u_o2                                           |                                    grover_oracle_flip_506 |         22 |         22 |       0 |    0 |     0 |      0 |      0 |          0 |
|           g_e4_lane[1].u_p0                                           |                                      grover_predicate_507 |          6 |          6 |       0 |    0 |     0 |      0 |      0 |          0 |
|           g_e4_lane[1].u_p1                                           |                                      grover_predicate_508 |          1 |          1 |       0 |    0 |     0 |      0 |      0 |          0 |
|           g_e4_lane[20].u_d1                                          |                                  grover_diffusion_sat_509 |         37 |         37 |       0 |    0 |     0 |      0 |      0 |          0 |
|           g_e4_lane[20].u_o0                                          |                                    grover_oracle_flip_510 |         22 |         22 |       0 |    0 |     0 |      0 |      0 |          0 |
|           g_e4_lane[20].u_o1                                          |                                    grover_oracle_flip_511 |         22 |         22 |       0 |    0 |     0 |      0 |      0 |          0 |
|           g_e4_lane[20].u_o2                                          |                                    grover_oracle_flip_512 |         22 |         22 |       0 |    0 |     0 |      0 |      0 |          0 |
|           g_e4_lane[20].u_p0                                          |                                      grover_predicate_513 |          6 |          6 |       0 |    0 |     0 |      0 |      0 |          0 |
|           g_e4_lane[21].u_d1                                          |                                  grover_diffusion_sat_514 |         37 |         37 |       0 |    0 |     0 |      0 |      0 |          0 |
|           g_e4_lane[21].u_o0                                          |                                    grover_oracle_flip_515 |         22 |         22 |       0 |    0 |     0 |      0 |      0 |          0 |
|           g_e4_lane[21].u_o1                                          |                                    grover_oracle_flip_516 |         22 |         22 |       0 |    0 |     0 |      0 |      0 |          0 |
|           g_e4_lane[21].u_o2                                          |                                    grover_oracle_flip_517 |         22 |         22 |       0 |    0 |     0 |      0 |      0 |          0 |
|           g_e4_lane[21].u_p0                                          |                                      grover_predicate_518 |          6 |          6 |       0 |    0 |     0 |      0 |      0 |          0 |
|           g_e4_lane[22].u_d1                                          |                                  grover_diffusion_sat_519 |         37 |         37 |       0 |    0 |     0 |      0 |      0 |          0 |
|           g_e4_lane[22].u_o0                                          |                                    grover_oracle_flip_520 |         22 |         22 |       0 |    0 |     0 |      0 |      0 |          0 |
|           g_e4_lane[22].u_o1                                          |                                    grover_oracle_flip_521 |         22 |         22 |       0 |    0 |     0 |      0 |      0 |          0 |
|           g_e4_lane[22].u_o2                                          |                                    grover_oracle_flip_522 |         22 |         22 |       0 |    0 |     0 |      0 |      0 |          0 |
|           g_e4_lane[22].u_p0                                          |                                      grover_predicate_523 |          6 |          6 |       0 |    0 |     0 |      0 |      0 |          0 |
|           g_e4_lane[23].u_d1                                          |                                  grover_diffusion_sat_524 |         37 |         37 |       0 |    0 |     0 |      0 |      0 |          0 |
|           g_e4_lane[23].u_o0                                          |                                    grover_oracle_flip_525 |         22 |         22 |       0 |    0 |     0 |      0 |      0 |          0 |
|           g_e4_lane[23].u_o1                                          |                                    grover_oracle_flip_526 |         22 |         22 |       0 |    0 |     0 |      0 |      0 |          0 |
|           g_e4_lane[23].u_o2                                          |                                    grover_oracle_flip_527 |         22 |         22 |       0 |    0 |     0 |      0 |      0 |          0 |
|           g_e4_lane[23].u_p0                                          |                                      grover_predicate_528 |          6 |          6 |       0 |    0 |     0 |      0 |      0 |          0 |
|           g_e4_lane[24].u_d1                                          |                                  grover_diffusion_sat_529 |         37 |         37 |       0 |    0 |     0 |      0 |      0 |          0 |
|           g_e4_lane[24].u_o0                                          |                                    grover_oracle_flip_530 |         22 |         22 |       0 |    0 |     0 |      0 |      0 |          0 |
|           g_e4_lane[24].u_o1                                          |                                    grover_oracle_flip_531 |         22 |         22 |       0 |    0 |     0 |      0 |      0 |          0 |
|           g_e4_lane[24].u_o2                                          |                                    grover_oracle_flip_532 |         22 |         22 |       0 |    0 |     0 |      0 |      0 |          0 |
|           g_e4_lane[24].u_p0                                          |                                      grover_predicate_533 |          6 |          6 |       0 |    0 |     0 |      0 |      0 |          0 |
|           g_e4_lane[25].u_d1                                          |                                  grover_diffusion_sat_534 |         37 |         37 |       0 |    0 |     0 |      0 |      0 |          0 |
|           g_e4_lane[25].u_o0                                          |                                    grover_oracle_flip_535 |         22 |         22 |       0 |    0 |     0 |      0 |      0 |          0 |
|           g_e4_lane[25].u_o1                                          |                                    grover_oracle_flip_536 |         22 |         22 |       0 |    0 |     0 |      0 |      0 |          0 |
|           g_e4_lane[25].u_o2                                          |                                    grover_oracle_flip_537 |         22 |         22 |       0 |    0 |     0 |      0 |      0 |          0 |
|           g_e4_lane[25].u_p0                                          |                                      grover_predicate_538 |          6 |          6 |       0 |    0 |     0 |      0 |      0 |          0 |
|           g_e4_lane[25].u_p3                                          |                                      grover_predicate_539 |          6 |          6 |       0 |    0 |     0 |      0 |      0 |          0 |
|           g_e4_lane[26].u_d1                                          |                                  grover_diffusion_sat_540 |         37 |         37 |       0 |    0 |     0 |      0 |      0 |          0 |
|           g_e4_lane[26].u_o0                                          |                                    grover_oracle_flip_541 |         22 |         22 |       0 |    0 |     0 |      0 |      0 |          0 |
|           g_e4_lane[26].u_o1                                          |                                    grover_oracle_flip_542 |         22 |         22 |       0 |    0 |     0 |      0 |      0 |          0 |
|           g_e4_lane[26].u_o2                                          |                                    grover_oracle_flip_543 |         22 |         22 |       0 |    0 |     0 |      0 |      0 |          0 |
|           g_e4_lane[26].u_p0                                          |                                      grover_predicate_544 |          6 |          6 |       0 |    0 |     0 |      0 |      0 |          0 |
|           g_e4_lane[26].u_p1                                          |                                      grover_predicate_545 |          6 |          6 |       0 |    0 |     0 |      0 |      0 |          0 |
|           g_e4_lane[26].u_p2                                          |                                      grover_predicate_546 |          6 |          6 |       0 |    0 |     0 |      0 |      0 |          0 |
|           g_e4_lane[26].u_p3                                          |                                      grover_predicate_547 |          6 |          6 |       0 |    0 |     0 |      0 |      0 |          0 |
|           g_e4_lane[27].u_d1                                          |                                  grover_diffusion_sat_548 |         37 |         37 |       0 |    0 |     0 |      0 |      0 |          0 |
|           g_e4_lane[27].u_o0                                          |                                    grover_oracle_flip_549 |         22 |         22 |       0 |    0 |     0 |      0 |      0 |          0 |
|           g_e4_lane[27].u_o1                                          |                                    grover_oracle_flip_550 |         22 |         22 |       0 |    0 |     0 |      0 |      0 |          0 |
|           g_e4_lane[27].u_o2                                          |                                    grover_oracle_flip_551 |         22 |         22 |       0 |    0 |     0 |      0 |      0 |          0 |
|           g_e4_lane[27].u_p0                                          |                                      grover_predicate_552 |          6 |          6 |       0 |    0 |     0 |      0 |      0 |          0 |
|           g_e4_lane[27].u_p1                                          |                                      grover_predicate_553 |          6 |          6 |       0 |    0 |     0 |      0 |      0 |          0 |
|           g_e4_lane[27].u_p2                                          |                                      grover_predicate_554 |          6 |          6 |       0 |    0 |     0 |      0 |      0 |          0 |
|           g_e4_lane[27].u_p3                                          |                                      grover_predicate_555 |          6 |          6 |       0 |    0 |     0 |      0 |      0 |          0 |
|           g_e4_lane[28].u_d1                                          |                                  grover_diffusion_sat_556 |         37 |         37 |       0 |    0 |     0 |      0 |      0 |          0 |
|           g_e4_lane[28].u_o0                                          |                                    grover_oracle_flip_557 |         22 |         22 |       0 |    0 |     0 |      0 |      0 |          0 |
|           g_e4_lane[28].u_o1                                          |                                    grover_oracle_flip_558 |         22 |         22 |       0 |    0 |     0 |      0 |      0 |          0 |
|           g_e4_lane[28].u_o2                                          |                                    grover_oracle_flip_559 |         22 |         22 |       0 |    0 |     0 |      0 |      0 |          0 |
|           g_e4_lane[28].u_p0                                          |                                      grover_predicate_560 |          6 |          6 |       0 |    0 |     0 |      0 |      0 |          0 |
|           g_e4_lane[28].u_p1                                          |                                      grover_predicate_561 |          6 |          6 |       0 |    0 |     0 |      0 |      0 |          0 |
|           g_e4_lane[28].u_p2                                          |                                      grover_predicate_562 |          6 |          6 |       0 |    0 |     0 |      0 |      0 |          0 |
|           g_e4_lane[28].u_p3                                          |                                      grover_predicate_563 |          6 |          6 |       0 |    0 |     0 |      0 |      0 |          0 |
|           g_e4_lane[29].u_d1                                          |                                  grover_diffusion_sat_564 |         37 |         37 |       0 |    0 |     0 |      0 |      0 |          0 |
|           g_e4_lane[29].u_o0                                          |                                    grover_oracle_flip_565 |         22 |         22 |       0 |    0 |     0 |      0 |      0 |          0 |
|           g_e4_lane[29].u_o1                                          |                                    grover_oracle_flip_566 |         22 |         22 |       0 |    0 |     0 |      0 |      0 |          0 |
|           g_e4_lane[29].u_o2                                          |                                    grover_oracle_flip_567 |         22 |         22 |       0 |    0 |     0 |      0 |      0 |          0 |
|           g_e4_lane[29].u_p0                                          |                                      grover_predicate_568 |          6 |          6 |       0 |    0 |     0 |      0 |      0 |          0 |
|           g_e4_lane[29].u_p1                                          |                                      grover_predicate_569 |          6 |          6 |       0 |    0 |     0 |      0 |      0 |          0 |
|           g_e4_lane[29].u_p2                                          |                                      grover_predicate_570 |          6 |          6 |       0 |    0 |     0 |      0 |      0 |          0 |
|           g_e4_lane[29].u_p3                                          |                                      grover_predicate_571 |          6 |          6 |       0 |    0 |     0 |      0 |      0 |          0 |
|           g_e4_lane[2].u_d1                                           |                                  grover_diffusion_sat_572 |         37 |         37 |       0 |    0 |     0 |      0 |      0 |          0 |
|           g_e4_lane[2].u_o0                                           |                                    grover_oracle_flip_573 |         22 |         22 |       0 |    0 |     0 |      0 |      0 |          0 |
|           g_e4_lane[2].u_o1                                           |                                    grover_oracle_flip_574 |         22 |         22 |       0 |    0 |     0 |      0 |      0 |          0 |
|           g_e4_lane[2].u_o2                                           |                                    grover_oracle_flip_575 |         22 |         22 |       0 |    0 |     0 |      0 |      0 |          0 |
|           g_e4_lane[2].u_p0                                           |                                      grover_predicate_576 |          6 |          6 |       0 |    0 |     0 |      0 |      0 |          0 |
|           g_e4_lane[2].u_p1                                           |                                      grover_predicate_577 |          1 |          1 |       0 |    0 |     0 |      0 |      0 |          0 |
|           g_e4_lane[30].u_d1                                          |                                  grover_diffusion_sat_578 |         37 |         37 |       0 |    0 |     0 |      0 |      0 |          0 |
|           g_e4_lane[30].u_o0                                          |                                    grover_oracle_flip_579 |         22 |         22 |       0 |    0 |     0 |      0 |      0 |          0 |
|           g_e4_lane[30].u_o1                                          |                                    grover_oracle_flip_580 |         22 |         22 |       0 |    0 |     0 |      0 |      0 |          0 |
|           g_e4_lane[30].u_o2                                          |                                    grover_oracle_flip_581 |         22 |         22 |       0 |    0 |     0 |      0 |      0 |          0 |
|           g_e4_lane[30].u_p0                                          |                                      grover_predicate_582 |          6 |          6 |       0 |    0 |     0 |      0 |      0 |          0 |
|           g_e4_lane[30].u_p1                                          |                                      grover_predicate_583 |          6 |          6 |       0 |    0 |     0 |      0 |      0 |          0 |
|           g_e4_lane[30].u_p2                                          |                                      grover_predicate_584 |          6 |          6 |       0 |    0 |     0 |      0 |      0 |          0 |
|           g_e4_lane[31].u_d1                                          |                                  grover_diffusion_sat_585 |         37 |         37 |       0 |    0 |     0 |      0 |      0 |          0 |
|           g_e4_lane[31].u_p0                                          |                                      grover_predicate_586 |          1 |          1 |       0 |    0 |     0 |      0 |      0 |          0 |
|           g_e4_lane[31].u_p3                                          |                                      grover_predicate_587 |          6 |          6 |       0 |    0 |     0 |      0 |      0 |          0 |
|           g_e4_lane[3].u_d1                                           |                                  grover_diffusion_sat_588 |         37 |         37 |       0 |    0 |     0 |      0 |      0 |          0 |
|           g_e4_lane[3].u_o0                                           |                                    grover_oracle_flip_589 |         22 |         22 |       0 |    0 |     0 |      0 |      0 |          0 |
|           g_e4_lane[3].u_o1                                           |                                    grover_oracle_flip_590 |         22 |         22 |       0 |    0 |     0 |      0 |      0 |          0 |
|           g_e4_lane[3].u_p0                                           |                                      grover_predicate_591 |          6 |          6 |       0 |    0 |     0 |      0 |      0 |          0 |
|           g_e4_lane[3].u_p1                                           |                                      grover_predicate_592 |          1 |          1 |       0 |    0 |     0 |      0 |      0 |          0 |
|           g_e4_lane[4].u_d1                                           |                                  grover_diffusion_sat_593 |         37 |         37 |       0 |    0 |     0 |      0 |      0 |          0 |
|           g_e4_lane[4].u_o0                                           |                                    grover_oracle_flip_594 |         22 |         22 |       0 |    0 |     0 |      0 |      0 |          0 |
|           g_e4_lane[4].u_o1                                           |                                    grover_oracle_flip_595 |         22 |         22 |       0 |    0 |     0 |      0 |      0 |          0 |
|           g_e4_lane[4].u_p0                                           |                                      grover_predicate_596 |          6 |          6 |       0 |    0 |     0 |      0 |      0 |          0 |
|           g_e4_lane[4].u_p1                                           |                                      grover_predicate_597 |          1 |          1 |       0 |    0 |     0 |      0 |      0 |          0 |
|           g_e4_lane[5].u_d1                                           |                                  grover_diffusion_sat_598 |         37 |         37 |       0 |    0 |     0 |      0 |      0 |          0 |
|           g_e4_lane[5].u_o0                                           |                                    grover_oracle_flip_599 |         22 |         22 |       0 |    0 |     0 |      0 |      0 |          0 |
|           g_e4_lane[5].u_o1                                           |                                    grover_oracle_flip_600 |         22 |         22 |       0 |    0 |     0 |      0 |      0 |          0 |
|           g_e4_lane[5].u_p0                                           |                                      grover_predicate_601 |          6 |          6 |       0 |    0 |     0 |      0 |      0 |          0 |
|           g_e4_lane[5].u_p1                                           |                                      grover_predicate_602 |          1 |          1 |       0 |    0 |     0 |      0 |      0 |          0 |
|           g_e4_lane[6].u_d1                                           |                                  grover_diffusion_sat_603 |         37 |         37 |       0 |    0 |     0 |      0 |      0 |          0 |
|           g_e4_lane[6].u_o0                                           |                                    grover_oracle_flip_604 |         22 |         22 |       0 |    0 |     0 |      0 |      0 |          0 |
|           g_e4_lane[6].u_o1                                           |                                    grover_oracle_flip_605 |         22 |         22 |       0 |    0 |     0 |      0 |      0 |          0 |
|           g_e4_lane[6].u_o2                                           |                                    grover_oracle_flip_606 |         22 |         22 |       0 |    0 |     0 |      0 |      0 |          0 |
|           g_e4_lane[6].u_p0                                           |                                      grover_predicate_607 |          6 |          6 |       0 |    0 |     0 |      0 |      0 |          0 |
|           g_e4_lane[6].u_p1                                           |                                      grover_predicate_608 |          1 |          1 |       0 |    0 |     0 |      0 |      0 |          0 |
|           g_e4_lane[7].u_d1                                           |                                  grover_diffusion_sat_609 |         37 |         37 |       0 |    0 |     0 |      0 |      0 |          0 |
|           g_e4_lane[7].u_o0                                           |                                    grover_oracle_flip_610 |         22 |         22 |       0 |    0 |     0 |      0 |      0 |          0 |
|           g_e4_lane[7].u_o1                                           |                                    grover_oracle_flip_611 |         22 |         22 |       0 |    0 |     0 |      0 |      0 |          0 |
|           g_e4_lane[7].u_o2                                           |                                    grover_oracle_flip_612 |         22 |         22 |       0 |    0 |     0 |      0 |      0 |          0 |
|           g_e4_lane[7].u_p0                                           |                                      grover_predicate_613 |          6 |          6 |       0 |    0 |     0 |      0 |      0 |          0 |
|           g_e4_lane[7].u_p1                                           |                                      grover_predicate_614 |          1 |          1 |       0 |    0 |     0 |      0 |      0 |          0 |
|           g_e4_lane[8].u_d1                                           |                                  grover_diffusion_sat_615 |         37 |         37 |       0 |    0 |     0 |      0 |      0 |          0 |
|           g_e4_lane[8].u_o0                                           |                                    grover_oracle_flip_616 |         22 |         22 |       0 |    0 |     0 |      0 |      0 |          0 |
|           g_e4_lane[8].u_o1                                           |                                    grover_oracle_flip_617 |         22 |         22 |       0 |    0 |     0 |      0 |      0 |          0 |
|           g_e4_lane[8].u_o2                                           |                                    grover_oracle_flip_618 |         22 |         22 |       0 |    0 |     0 |      0 |      0 |          0 |
|           g_e4_lane[8].u_p0                                           |                                      grover_predicate_619 |          6 |          6 |       0 |    0 |     0 |      0 |      0 |          0 |
|           g_e4_lane[8].u_p1                                           |                                      grover_predicate_620 |          1 |          1 |       0 |    0 |     0 |      0 |      0 |          0 |
|           g_e4_lane[9].u_d1                                           |                                  grover_diffusion_sat_621 |         37 |         37 |       0 |    0 |     0 |      0 |      0 |          0 |
|           g_e4_lane[9].u_o0                                           |                                    grover_oracle_flip_622 |         22 |         22 |       0 |    0 |     0 |      0 |      0 |          0 |
|           g_e4_lane[9].u_o1                                           |                                    grover_oracle_flip_623 |         22 |         22 |       0 |    0 |     0 |      0 |      0 |          0 |
|           g_e4_lane[9].u_o2                                           |                                    grover_oracle_flip_624 |         22 |         22 |       0 |    0 |     0 |      0 |      0 |          0 |
|           g_e4_lane[9].u_p0                                           |                                      grover_predicate_625 |          6 |          6 |       0 |    0 |     0 |      0 |      0 |          0 |
|           g_e4_lane[9].u_p1                                           |                                      grover_predicate_626 |          1 |          1 |       0 |    0 |     0 |      0 |      0 |          0 |
|           u_a0                                                        |                                          grover_sum_accum |          2 |          2 |       0 |    0 |    38 |      0 |      0 |          0 |
|           u_a1                                                        |                                      grover_sum_accum_627 |         44 |         44 |       0 |    0 |    39 |      0 |      0 |          0 |
|           u_a2                                                        |                                      grover_sum_accum_628 |         75 |         75 |       0 |    0 |    38 |      0 |      0 |          0 |
|           u_a3                                                        |                                      grover_sum_accum_629 |         40 |         40 |       0 |    0 |    39 |      0 |      0 |          0 |
|           u_sum0                                                      |                                         grover_adder_tree |        314 |        314 |       0 |    0 |   113 |      0 |      0 |          0 |
|           u_sum1                                                      |                                     grover_adder_tree_630 |        470 |        470 |       0 |    0 |   113 |      0 |      0 |          0 |
|           u_sum2                                                      |                                     grover_adder_tree_631 |        314 |        314 |       0 |    0 |   113 |      0 |      0 |          0 |
|           u_sum3                                                      |                                     grover_adder_tree_632 |        278 |        278 |       0 |    0 |   113 |      0 |      0 |          0 |
|         g_intra_e4.u_oracle_align                                     |                               grover_e4_oracle_align_quad |       3440 |       3440 |       0 |    0 |  1089 |      0 |      0 |          0 |
|         u_bbht                                                        |                                      grover_bbht_shot_fsm |        359 |        359 |       0 |    0 |   164 |      0 |      0 |          0 |
|           (u_bbht)                                                    |                                      grover_bbht_shot_fsm |        276 |        276 |       0 |    0 |   123 |      0 |      0 |          0 |
|           u_bbht_random                                               |                                        grover_bbht_random |         83 |         83 |       0 |    0 |    41 |      0 |      0 |          0 |
|             (u_bbht_random)                                           |                                        grover_bbht_random |         45 |         45 |       0 |    0 |     9 |      0 |      0 |          0 |
|             u_lfsr_j                                                  |                                       grover_lfsr32_jump7 |         38 |         38 |       0 |    0 |    32 |      0 |      0 |          0 |
|             u_reject                                                  |                                           grover_j_reject |          0 |          0 |       0 |    0 |     0 |      0 |      0 |          0 |
|         u_cache                                                       |                                         grover_cache_ctrl |          4 |          4 |       0 |    0 |    17 |      0 |      0 |          0 |
|         u_loader                                                      |                                        grover_loader_ctrl |         47 |         47 |       0 |    0 |    48 |      0 |      0 |          0 |
|         u_meas_lfsr                                                   |                                grover_meas_prng64_adapter |        112 |        112 |       0 |    0 |    65 |      0 |      0 |          0 |
|         u_measure_verify                                              |                                     grover_measure_verify |       4450 |       4410 |      40 |    0 |  8709 |      2 |      0 |        128 |
|           (u_measure_verify)                                          |                                     grover_measure_verify |          4 |          4 |       0 |    0 |    21 |      0 |      0 |          0 |
|           u_born                                                      |                                       grover_born_sampler |       4359 |       4319 |      40 |    0 |  8652 |      2 |      0 |        128 |
|             (u_born)                                                  |                                       grover_born_sampler |        897 |        857 |      40 |    0 |  3603 |      0 |      0 |          0 |
|             g_m1_row_weight.u_row_weight_mem                          |                               grover_row_weight_mem_m1_2w |         30 |         30 |       0 |    0 |     1 |      2 |      0 |          0 |
|             g_m1_square1.u_square32_b                                 |                                      grover_born_square32 |       1480 |       1480 |       0 |    0 |  1019 |      0 |      0 |         64 |
|             u_reject64                                                |                                      grover_born_reject64 |        283 |        283 |       0 |    0 |    66 |      0 |      0 |          0 |
|             u_square32                                                |                                  grover_born_square32_444 |       1672 |       1672 |       0 |    0 |  3963 |      0 |      0 |         64 |
|           u_verify                                                    |                                             grover_verify |         87 |         87 |       0 |    0 |    36 |      0 |      0 |          0 |
|             (u_verify)                                                |                                             grover_verify |         41 |         41 |       0 |    0 |    36 |      0 |      0 |          0 |
|             u_verify_predicate                                        |                          grover_predicate__parameterized0 |         46 |         46 |       0 |    0 |     0 |      0 |      0 |          0 |
|         u_result_fifo                                                 |                                        grover_result_fifo |        189 |        109 |      80 |    0 |    25 |      0 |      0 |          0 |
|         u_status                                                      |                                    grover_status_counters |         71 |         71 |       0 |    0 |   150 |      0 |      0 |          0 |
|       u_mmio                                                          |                                          bbht_grover_mmio |        118 |        118 |       0 |    0 |   179 |      0 |      0 |          0 |
|     i_pll0                                                            |                        BBHT_GROVER_UPGRADE_CLOCK_PLL_0_00 |          0 |          0 |       0 |    0 |     0 |      0 |      0 |          0 |
|       i_xilinx_clock_pll_0                                            |                                        xilinx_clock_pll_0 |          0 |          0 |       0 |    0 |     0 |      0 |      0 |          0 |
|         inst                                                          |                                xilinx_clock_pll_0_clk_wiz |          0 |          0 |       0 |    0 |     0 |      0 |      0 |          0 |
|     i_rtl                                                             |                                   BBHT_GROVER_UPGRADE_RTL |      11841 |      11793 |      48 |    0 | 16229 |      0 |      0 |          4 |
|       (i_rtl)                                                         |                                   BBHT_GROVER_UPGRADE_RTL |         26 |          2 |      24 |    0 |     0 |      0 |      0 |          0 |
|       autoname_105                                                    |                                       ERVP_TICK_GENERATOR |         14 |         14 |       0 |    0 |    10 |      0 |      0 |          0 |
|         i_rvx_instance_1                                              |                                              ERVP_COUNTER |         14 |         14 |       0 |    0 |    10 |      0 |      0 |          0 |
|       autoname_107                                                    |                                           ERVP_REAL_CLOCK |         85 |         85 |       0 |    0 |    64 |      0 |      0 |          0 |
|         i_rvx_instance_0                                              |                              ERVP_COUNTER__parameterized1 |         85 |         85 |       0 |    0 |    64 |      0 |      0 |          0 |
|       common_peri_group                                               |                                    ERVP_COMMON_PERI_GROUP |        145 |        145 |       0 |    0 |    87 |      0 |      0 |          0 |
|         (common_peri_group)                                           |                                    ERVP_COMMON_PERI_GROUP |         32 |         32 |       0 |    0 |    65 |      0 |      0 |          0 |
|         i_rvx_instance_4                                              |                                             ERVP_IROM_APB |        112 |        112 |       0 |    0 |     0 |      0 |      0 |          0 |
|         i_rvx_instance_6                                              |                                            RVX_MODULE_082 |          1 |          1 |       0 |    0 |    22 |      0 |      0 |          0 |
|       default_slave                                                   |                                        MUNOC_DEFAULT_SNIM |        430 |        430 |       0 |    0 |   798 |      0 |      0 |          0 |
|         (default_slave)                                               |                                        MUNOC_DEFAULT_SNIM |          0 |          0 |       0 |    0 |     2 |      0 |      0 |          0 |
|         i_munoc_instance_0                                            |                                           MUNOC_MODULE_07 |         13 |         13 |       0 |    0 |     6 |      0 |      0 |          0 |
|         i_munoc_instance_1                                            |                                       MUNOC_MODULE_06_390 |        288 |        288 |       0 |    0 |   584 |      0 |      0 |          0 |
|           i_munoc_instance_1                                          |                                       MUNOC_MODULE_27_414 |         43 |         43 |       0 |    0 |    70 |      0 |      0 |          0 |
|             (i_munoc_instance_1)                                      |                                       MUNOC_MODULE_27_414 |          4 |          4 |       0 |    0 |     0 |      0 |      0 |          0 |
|             i_gen_rdata_buffer[0].i_munoc_instance_1                  |                      ERVP_ASYNCH_FIFO__parameterized2_438 |         19 |         19 |       0 |    0 |    36 |      0 |      0 |          0 |
|               (i_gen_rdata_buffer[0].i_munoc_instance_1)              |                      ERVP_ASYNCH_FIFO__parameterized2_438 |         17 |         17 |       0 |    0 |    28 |      0 |      0 |          0 |
|               i_rvx_instance_0                                        |                     ERVP_SYNCHRONIZER__parameterized4_442 |          1 |          1 |       0 |    0 |     4 |      0 |      0 |          0 |
|               i_rvx_instance_1                                        |                     ERVP_SYNCHRONIZER__parameterized4_443 |          1 |          1 |       0 |    0 |     4 |      0 |      0 |          0 |
|             i_munoc_instance_0                                        |                      ERVP_ASYNCH_FIFO__parameterized3_439 |         21 |         21 |       0 |    0 |    34 |      0 |      0 |          0 |
|               (i_munoc_instance_0)                                    |                      ERVP_ASYNCH_FIFO__parameterized3_439 |         18 |         18 |       0 |    0 |    26 |      0 |      0 |          0 |
|               i_rvx_instance_0                                        |                     ERVP_SYNCHRONIZER__parameterized4_440 |          1 |          1 |       0 |    0 |     4 |      0 |      0 |          0 |
|               i_rvx_instance_1                                        |                     ERVP_SYNCHRONIZER__parameterized4_441 |          2 |          2 |       0 |    0 |     4 |      0 |      0 |          0 |
|           i_munoc_instance_2                                          |                                       MUNOC_MODULE_21_415 |        161 |        161 |       0 |    0 |   385 |      0 |      0 |          0 |
|             i_munoc_instance_0                                        |                                       MUNOC_MODULE_46_429 |        148 |        148 |       0 |    0 |   368 |      0 |      0 |          0 |
|               i_gen_buffer[0].i_munoc_instance_1                      |                                      ERVP_ASYNCH_FIFO_435 |        148 |        148 |       0 |    0 |   368 |      0 |      0 |          0 |
|                 (i_gen_buffer[0].i_munoc_instance_1)                  |                                      ERVP_ASYNCH_FIFO_435 |        128 |        128 |       0 |    0 |   352 |      0 |      0 |          0 |
|                 i_rvx_instance_0                                      |                     ERVP_SYNCHRONIZER__parameterized3_436 |          5 |          5 |       0 |    0 |     8 |      0 |      0 |          0 |
|                 i_rvx_instance_1                                      |                     ERVP_SYNCHRONIZER__parameterized3_437 |         16 |         16 |       0 |    0 |     8 |      0 |      0 |          0 |
|             i_munoc_instance_1                                        |                                       MUNOC_MODULE_34_430 |          6 |          6 |       0 |    0 |     1 |      0 |      0 |          0 |
|             i_munoc_instance_2                                        |                       MUNOC_MODULE_46__parameterized0_431 |          7 |          7 |       0 |    0 |    16 |      0 |      0 |          0 |
|               i_gen_buffer[0].i_munoc_instance_1                      |                      ERVP_ASYNCH_FIFO__parameterized0_432 |          7 |          7 |       0 |    0 |    16 |      0 |      0 |          0 |
|                 (i_gen_buffer[0].i_munoc_instance_1)                  |                      ERVP_ASYNCH_FIFO__parameterized0_432 |          4 |          4 |       0 |    0 |     8 |      0 |      0 |          0 |
|                 i_rvx_instance_0                                      |                     ERVP_SYNCHRONIZER__parameterized4_433 |          1 |          1 |       0 |    0 |     4 |      0 |      0 |          0 |
|                 i_rvx_instance_1                                      |                     ERVP_SYNCHRONIZER__parameterized4_434 |          2 |          2 |       0 |    0 |     4 |      0 |      0 |          0 |
|           i_munoc_instance_3                                          |                                       MUNOC_MODULE_00_416 |          5 |          5 |       0 |    0 |     2 |      0 |      0 |          0 |
|           i_munoc_instance_4                                          |                                       MUNOC_MODULE_16_417 |         13 |         13 |       0 |    0 |    13 |      0 |      0 |          0 |
|             (i_munoc_instance_4)                                      |                                       MUNOC_MODULE_16_417 |          9 |          9 |       0 |    0 |    11 |      0 |      0 |          0 |
|             i_munoc_instance_0                                        |                       ERVP_SMALL_FIFO__parameterized2_427 |          4 |          4 |       0 |    0 |     2 |      0 |      0 |          0 |
|               i_rvx_instance_1                                        |                   ERVP_SHIFT_REGISTER__parameterized0_428 |          4 |          4 |       0 |    0 |     2 |      0 |      0 |          0 |
|           i_munoc_instance_5                                          |                      ERVP_ASYNCH_FIFO__parameterized1_418 |         15 |         15 |       0 |    0 |    32 |      0 |      0 |          0 |
|             (i_munoc_instance_5)                                      |                      ERVP_ASYNCH_FIFO__parameterized1_418 |         13 |         13 |       0 |    0 |    24 |      0 |      0 |          0 |
|             i_rvx_instance_0                                          |                     ERVP_SYNCHRONIZER__parameterized4_425 |          1 |          1 |       0 |    0 |     4 |      0 |      0 |          0 |
|             i_rvx_instance_1                                          |                     ERVP_SYNCHRONIZER__parameterized4_426 |          1 |          1 |       0 |    0 |     4 |      0 |      0 |          0 |
|           i_munoc_instance_6                                          |                      ERVP_ASYNCH_FIFO__parameterized4_419 |          5 |          5 |       0 |    0 |    16 |      0 |      0 |          0 |
|             (i_munoc_instance_6)                                      |                      ERVP_ASYNCH_FIFO__parameterized4_419 |          3 |          3 |       0 |    0 |     8 |      0 |      0 |          0 |
|             i_rvx_instance_0                                          |                     ERVP_SYNCHRONIZER__parameterized4_423 |          1 |          1 |       0 |    0 |     4 |      0 |      0 |          0 |
|             i_rvx_instance_1                                          |                     ERVP_SYNCHRONIZER__parameterized4_424 |          1 |          1 |       0 |    0 |     4 |      0 |      0 |          0 |
|           i_munoc_instance_7                                          |                                       MUNOC_MODULE_35_420 |         46 |         46 |       0 |    0 |    66 |      0 |      0 |          0 |
|             (i_munoc_instance_7)                                      |                                       MUNOC_MODULE_35_420 |          0 |          0 |       0 |    0 |     3 |      0 |      0 |          0 |
|             i_munoc_instance_0                                        |                                       MUNOC_MODULE_29_421 |         10 |         10 |       0 |    0 |    10 |      0 |      0 |          0 |
|             i_munoc_instance_1                                        |                                       MUNOC_MODULE_40_422 |         37 |         37 |       0 |    0 |    53 |      0 |      0 |          0 |
|         i_munoc_instance_2                                            |                              MUNOC_AXI2APB_CONVERTER__391 |        130 |        130 |       0 |    0 |   206 |      0 |      0 |          0 |
|           i_munoc_instance_0                                          |                                        RVX_MODULE_007_392 |         37 |         37 |       0 |    0 |    86 |      0 |      0 |          0 |
|             i_rvx_instance_0                                          |                                        RVX_MODULE_017_403 |          5 |          5 |       0 |    0 |     3 |      0 |      0 |          0 |
|             i_rvx_instance_1                                          |                                        RVX_MODULE_022_404 |         32 |         32 |       0 |    0 |    83 |      0 |      0 |          0 |
|               i_rvx_instance_0                                        |                             ERVP_FIFO__parameterized0_405 |         16 |         16 |       0 |    0 |    35 |      0 |      0 |          0 |
|                 (i_rvx_instance_0)                                    |                             ERVP_FIFO__parameterized0_405 |          0 |          0 |       0 |    0 |    28 |      0 |      0 |          0 |
|                 i_rvx_instance_0                                      |                          ERVP_COUNTER__parameterized6_410 |          0 |          0 |       0 |    0 |     2 |      0 |      0 |          0 |
|                 i_rvx_instance_2                                      |                   ERVP_UPDOWN_COUNTER__parameterized2_411 |          7 |          7 |       0 |    0 |     3 |      0 |      0 |          0 |
|                 i_rvx_instance_3                                      |                          ERVP_COUNTER__parameterized6_412 |          2 |          2 |       0 |    0 |     2 |      0 |      0 |          0 |
|                 i_rvx_instance_4                                      |                              ERVP_MUX__parameterized5_413 |          7 |          7 |       0 |    0 |     0 |      0 |      0 |          0 |
|               i_rvx_instance_1                                        |                       ERVP_SMALL_FIFO__parameterized4_406 |         16 |         16 |       0 |    0 |    48 |      0 |      0 |          0 |
|                 (i_rvx_instance_1)                                    |                       ERVP_SMALL_FIFO__parameterized4_406 |          0 |          0 |       0 |    0 |    39 |      0 |      0 |          0 |
|                 i_rvx_instance_0                                      |     ERVP_COUNTER_WITH_ONEHOT_ENCODING__parameterized3_407 |         13 |         13 |       0 |    0 |     3 |      0 |      0 |          0 |
|                 i_rvx_instance_1                                      |                   ERVP_SHIFT_REGISTER__parameterized1_408 |          1 |          1 |       0 |    0 |     3 |      0 |      0 |          0 |
|                 i_rvx_instance_2                                      |     ERVP_COUNTER_WITH_ONEHOT_ENCODING__parameterized3_409 |          2 |          2 |       0 |    0 |     3 |      0 |      0 |          0 |
|           i_munoc_instance_1                                          |                                       MUNOC_AXI2LPIXS_393 |         93 |         93 |       0 |    0 |   120 |      0 |      0 |          0 |
|             i_rvx_instance_0                                          |                                        RVX_MODULE_095_394 |         22 |         22 |       0 |    0 |    68 |      0 |      0 |          0 |
|               i_rvx_instance_0                                        |                       ERVP_SMALL_FIFO__parameterized3_398 |         21 |         21 |       0 |    0 |    66 |      0 |      0 |          0 |
|                 (i_rvx_instance_0)                                    |                       ERVP_SMALL_FIFO__parameterized3_398 |          0 |          0 |       0 |    0 |    57 |      0 |      0 |          0 |
|                 i_rvx_instance_0                                      |     ERVP_COUNTER_WITH_ONEHOT_ENCODING__parameterized3_400 |         21 |         21 |       0 |    0 |     3 |      0 |      0 |          0 |
|                 i_rvx_instance_1                                      |                   ERVP_SHIFT_REGISTER__parameterized1_401 |          0 |          0 |       0 |    0 |     3 |      0 |      0 |          0 |
|                 i_rvx_instance_2                                      |     ERVP_COUNTER_WITH_ONEHOT_ENCODING__parameterized3_402 |          0 |          0 |       0 |    0 |     3 |      0 |      0 |          0 |
|               i_rvx_instance_1                                        |                                          ERVP_GRANTER_399 |          1 |          1 |       0 |    0 |     2 |      0 |      0 |          0 |
|             i_rvx_instance_1                                          |                                        RVX_MODULE_092_395 |         71 |         71 |       0 |    0 |    52 |      0 |      0 |          0 |
|               i_rvx_instance_0                                        |                                        RVX_MODULE_036_396 |         71 |         71 |       0 |    0 |    52 |      0 |      0 |          0 |
|                 (i_rvx_instance_0)                                    |                                        RVX_MODULE_036_396 |          0 |          0 |       0 |    0 |     8 |      0 |      0 |          0 |
|                 i_rvx_instance_0                                      |                                        RVX_MODULE_111_397 |         71 |         71 |       0 |    0 |    44 |      0 |      0 |          0 |
|       external_peri_group                                             |                                  ERVP_EXTERNAL_PERI_GROUP |       1259 |       1235 |      24 |    0 |  1063 |      0 |      0 |          0 |
|         i_gen_valid_uart[0].i_rvx_instance_05                         |                                            RVX_MODULE_120 |       1081 |       1057 |      24 |    0 |   636 |      0 |      0 |          0 |
|           i_rvx_instance_0                                            |                                            RVX_MODULE_090 |       1081 |       1057 |      24 |    0 |   636 |      0 |      0 |          0 |
|             (i_rvx_instance_0)                                        |                                            RVX_MODULE_090 |         57 |         57 |       0 |    0 |   123 |      0 |      0 |          0 |
|             i_rvx_instance_0                                          |                                            RVX_MODULE_073 |        933 |        933 |       0 |    0 |   469 |      0 |      0 |          0 |
|               (i_rvx_instance_0)                                      |                                            RVX_MODULE_073 |         63 |         63 |       0 |    0 |    62 |      0 |      0 |          0 |
|               i_rvx_instance_0                                        |                                            RVX_MODULE_027 |        871 |        871 |       0 |    0 |   407 |      0 |      0 |          0 |
|             i_rvx_instance_1                                          |                                            RVX_MODULE_106 |         92 |         68 |      24 |    0 |    44 |      0 |      0 |          0 |
|               (i_rvx_instance_1)                                      |                                            RVX_MODULE_106 |         21 |         21 |       0 |    0 |    22 |      0 |      0 |          0 |
|               i_rvx_instance_0                                        |                                            RVX_MODULE_097 |         71 |         47 |      24 |    0 |    22 |      0 |      0 |          0 |
|                 (i_rvx_instance_0)                                    |                                            RVX_MODULE_097 |         32 |         32 |       0 |    0 |    22 |      0 |      0 |          0 |
|                 i_rvx_instance_0                                      |                                            RVX_MODULE_098 |         39 |         15 |      24 |    0 |     0 |      0 |      0 |          0 |
|         i_rvx_instance_01                                             |                                            RVX_MODULE_030 |         28 |         28 |       0 |    0 |    15 |      0 |      0 |          0 |
|           i_rvx_instance_0                                            |                              ERVP_COUNTER__parameterized2 |         28 |         28 |       0 |    0 |    15 |      0 |      0 |          0 |
|         i_rvx_instance_07                                             |                                            RVX_MODULE_078 |         69 |         69 |       0 |    0 |   140 |      0 |      0 |          0 |
|           (i_rvx_instance_07)                                         |                                            RVX_MODULE_078 |          2 |          2 |       0 |    0 |    72 |      0 |      0 |          0 |
|           i_rvx_instance_0                                            |                                                 ERVP_GPIO |         11 |         11 |       0 |    0 |    17 |      0 |      0 |          0 |
|             (i_rvx_instance_0)                                        |                                                 ERVP_GPIO |          0 |          0 |       0 |    0 |    11 |      0 |      0 |          0 |
|             i_rvx_instance_0                                          |                                        ERVP_DEBOUNCER_387 |          5 |          5 |       0 |    0 |     3 |      0 |      0 |          0 |
|               i_generate[0].i_rvx_instance_0                          |                                   ERVP_UPDOWN_COUNTER_389 |          5 |          5 |       0 |    0 |     3 |      0 |      0 |          0 |
|             i_rvx_instance_1                                          |                                        RVX_MODULE_040_388 |          6 |          6 |       0 |    0 |     3 |      0 |      0 |          0 |
|           i_rvx_instance_1                                            |                                             ERVP_GPIO_378 |         12 |         12 |       0 |    0 |    17 |      0 |      0 |          0 |
|             (i_rvx_instance_1)                                        |                                             ERVP_GPIO_378 |          0 |          0 |       0 |    0 |    11 |      0 |      0 |          0 |
|             i_rvx_instance_0                                          |                                        ERVP_DEBOUNCER_384 |          5 |          5 |       0 |    0 |     3 |      0 |      0 |          0 |
|               i_generate[0].i_rvx_instance_0                          |                                   ERVP_UPDOWN_COUNTER_386 |          5 |          5 |       0 |    0 |     3 |      0 |      0 |          0 |
|             i_rvx_instance_1                                          |                                        RVX_MODULE_040_385 |          7 |          7 |       0 |    0 |     3 |      0 |      0 |          0 |
|           i_rvx_instance_2                                            |                                             ERVP_GPIO_379 |         22 |         22 |       0 |    0 |    17 |      0 |      0 |          0 |
|             (i_rvx_instance_2)                                        |                                             ERVP_GPIO_379 |         10 |         10 |       0 |    0 |    11 |      0 |      0 |          0 |
|             i_rvx_instance_0                                          |                                        ERVP_DEBOUNCER_381 |          6 |          6 |       0 |    0 |     3 |      0 |      0 |          0 |
|               i_generate[0].i_rvx_instance_0                          |                                   ERVP_UPDOWN_COUNTER_383 |          6 |          6 |       0 |    0 |     3 |      0 |      0 |          0 |
|             i_rvx_instance_1                                          |                                        RVX_MODULE_040_382 |          6 |          6 |       0 |    0 |     3 |      0 |      0 |          0 |
|           i_rvx_instance_3                                            |                                             ERVP_GPIO_380 |         22 |         22 |       0 |    0 |    17 |      0 |      0 |          0 |
|             (i_rvx_instance_3)                                        |                                             ERVP_GPIO_380 |         10 |         10 |       0 |    0 |    11 |      0 |      0 |          0 |
|             i_rvx_instance_0                                          |                                            ERVP_DEBOUNCER |          6 |          6 |       0 |    0 |     3 |      0 |      0 |          0 |
|               i_generate[0].i_rvx_instance_0                          |                                       ERVP_UPDOWN_COUNTER |          6 |          6 |       0 |    0 |     3 |      0 |      0 |          0 |
|             i_rvx_instance_1                                          |                                            RVX_MODULE_040 |          6 |          6 |       0 |    0 |     3 |      0 |      0 |          0 |
|         i_rvx_instance_08                                             |                                            RVX_MODULE_110 |         81 |         81 |       0 |    0 |   272 |      0 |      0 |          0 |
|       i_main_core                                                     |                                                  RVC_ORCA |       2228 |       2228 |       0 |    0 |  2184 |      0 |      0 |          4 |
|         i_orca                                                        |                                                      orca |       2228 |       2228 |       0 |    0 |  2184 |      0 |      0 |          4 |
|           (i_orca)                                                    |                                                      orca |         11 |         11 |       0 |    0 |     0 |      0 |      0 |          0 |
|           core                                                        |                                                 orca_core |       2085 |       2085 |       0 |    0 |  2006 |      0 |      0 |          4 |
|             D__0                                                      |                                                    decode |       1138 |       1138 |       0 |    0 |  1316 |      0 |      0 |          0 |
|               (D__0)                                                  |                                                    decode |        510 |        510 |       0 |    0 |   194 |      0 |      0 |          0 |
|               the_register_file                                       |                                             register_file |        628 |        628 |       0 |    0 |  1122 |      0 |      0 |          0 |
|             I                                                         |                                         instruction_fetch |         75 |         75 |       0 |    0 |   100 |      0 |      0 |          0 |
|             X                                                         |                                                   execute |        879 |        879 |       0 |    0 |   590 |      0 |      0 |          4 |
|               (X)                                                     |                                                   execute |          4 |          4 |       0 |    0 |    74 |      0 |      0 |          0 |
|               alu                                                     |                                           arithmetic_unit |        620 |        620 |       0 |    0 |   275 |      0 |      0 |          4 |
|                 (alu)                                                 |                                           arithmetic_unit |        203 |        203 |       0 |    0 |   136 |      0 |      0 |          4 |
|                 divide_gen.div                                        |                                                   divider |        417 |        417 |       0 |    0 |   139 |      0 |      0 |          0 |
|               branch                                                  |                                               branch_unit |         12 |         12 |       0 |    0 |    66 |      0 |      0 |          0 |
|               ls_unit                                                 |                                           load_store_unit |         34 |         34 |       0 |    0 |     6 |      0 |      0 |          0 |
|               syscall                                                 |                                                  sys_call |        212 |        212 |       0 |    0 |   169 |      0 |      0 |          0 |
|           the_memory_interface                                        |                                          memory_interface |        132 |        132 |       0 |    0 |   178 |      0 |      0 |          0 |
|             dcache_gen.data_cache                                     |                          cache_controller__parameterized1 |         19 |         19 |       0 |    0 |    16 |      0 |      0 |          0 |
|               (dcache_gen.data_cache)                                 |                          cache_controller__parameterized1 |         10 |         10 |       0 |    0 |    15 |      0 |      0 |          0 |
|               the_cache                                               |                                                 cache_377 |          9 |          9 |       0 |    0 |     1 |      0 |      0 |          0 |
|             dcache_mux                                                |                                 cache_mux__parameterized1 |         60 |         60 |       0 |    0 |    69 |      0 |      0 |          0 |
|               (dcache_mux)                                            |                                 cache_mux__parameterized1 |          0 |          0 |       0 |    0 |     0 |      0 |      0 |          0 |
|               internal_oimm_register                                  |                             oimm_register__parameterized2 |         60 |         60 |       0 |    0 |    69 |      0 |      0 |          0 |
|             instruction_cache_gen.instruction_cache                   |                                          cache_controller |         15 |         15 |       0 |    0 |    15 |      0 |      0 |          0 |
|               (instruction_cache_gen.instruction_cache)               |                                          cache_controller |         10 |         10 |       0 |    0 |    14 |      0 |      0 |          0 |
|               the_cache                                               |                                                     cache |          5 |          5 |       0 |    0 |     1 |      0 |      0 |          0 |
|             instruction_cache_mux                                     |                                                 cache_mux |          0 |          0 |       0 |    0 |     0 |      0 |      0 |          0 |
|             uc_masters_gen.duc_master                                 |                                                a4l_master |         38 |         38 |       0 |    0 |    78 |      0 |      0 |          0 |
|               ervp_master                                             |            ERVP_ORCA_CACHE_AXI_MASTER_OLD__parameterized2 |         38 |         38 |       0 |    0 |    78 |      0 |      0 |          0 |
|                 i_write_buffer                                        |                           ERVP_SMALL_FIFO__parameterized0 |         38 |         38 |       0 |    0 |    78 |      0 |      0 |          0 |
|                   (i_write_buffer)                                    |                           ERVP_SMALL_FIFO__parameterized0 |          0 |          0 |       0 |    0 |    72 |      0 |      0 |          0 |
|                   i_rvx_instance_0                                    |     ERVP_COUNTER_WITH_ONEHOT_ENCODING__parameterized0_374 |          0 |          0 |       0 |    0 |     2 |      0 |      0 |          0 |
|                   i_rvx_instance_1                                    |                   ERVP_SHIFT_REGISTER__parameterized0_375 |          0 |          0 |       0 |    0 |     2 |      0 |      0 |          0 |
|                   i_rvx_instance_2                                    |     ERVP_COUNTER_WITH_ONEHOT_ENCODING__parameterized0_376 |          2 |          2 |       0 |    0 |     2 |      0 |      0 |          0 |
|                   i_rvx_instance_3                                    |       ERVP_MUX_WITH_ONEHOT_ENCODED_SELECT__parameterized0 |         36 |         36 |       0 |    0 |     0 |      0 |      0 |          0 |
|       i_mnim_i_grover_dma_master                                      |          MUNOC_AHB_MASTER_NETWORK_INTERFACE_MODULE_ASYNCH |        332 |        332 |       0 |    0 |   769 |      0 |      0 |          0 |
|         i_munoc_instance_00                                           |                                           MUNOC_MODULE_30 |         61 |         61 |       0 |    0 |   177 |      0 |      0 |          0 |
|           (i_munoc_instance_00)                                       |                                           MUNOC_MODULE_30 |          0 |          0 |       0 |    0 |     2 |      0 |      0 |          0 |
|           i_munoc_instance_0                                          |                           MUNOC_MODULE_46__parameterized1 |         11 |         11 |       0 |    0 |    18 |      0 |      0 |          0 |
|             i_gen_buffer[0].i_munoc_instance_1                        |                          ERVP_ASYNCH_FIFO__parameterized7 |         11 |         11 |       0 |    0 |    18 |      0 |      0 |          0 |
|               (i_gen_buffer[0].i_munoc_instance_1)                    |                          ERVP_ASYNCH_FIFO__parameterized7 |          9 |          9 |       0 |    0 |    10 |      0 |      0 |          0 |
|               i_rvx_instance_0                                        |                     ERVP_SYNCHRONIZER__parameterized4_372 |          1 |          1 |       0 |    0 |     4 |      0 |      0 |          0 |
|               i_rvx_instance_1                                        |                     ERVP_SYNCHRONIZER__parameterized4_373 |          1 |          1 |       0 |    0 |     4 |      0 |      0 |          0 |
|           i_munoc_instance_1                                          |                           MUNOC_MODULE_46__parameterized2 |         50 |         50 |       0 |    0 |   156 |      0 |      0 |          0 |
|             (i_munoc_instance_1)                                      |                           MUNOC_MODULE_46__parameterized2 |          1 |          1 |       0 |    0 |     0 |      0 |      0 |          0 |
|             i_gen_buffer[0].i_munoc_instance_1                        |                          ERVP_ASYNCH_FIFO__parameterized8 |         49 |         49 |       0 |    0 |   156 |      0 |      0 |          0 |
|               (i_gen_buffer[0].i_munoc_instance_1)                    |                          ERVP_ASYNCH_FIFO__parameterized8 |         47 |         47 |       0 |    0 |   144 |      0 |      0 |          0 |
|               i_rvx_instance_0                                        |                         ERVP_SYNCHRONIZER__parameterized5 |          1 |          1 |       0 |    0 |     6 |      0 |      0 |          0 |
|               i_rvx_instance_1                                        |                     ERVP_SYNCHRONIZER__parameterized5_371 |          1 |          1 |       0 |    0 |     6 |      0 |      0 |          0 |
|           i_munoc_instance_2                                          |                                       MUNOC_MODULE_12_370 |          0 |          0 |       0 |    0 |     1 |      0 |      0 |          0 |
|         i_munoc_instance_01                                           |                                       MUNOC_MODULE_39_345 |        112 |        112 |       0 |    0 |   153 |      0 |      0 |          0 |
|           (i_munoc_instance_01)                                       |                                       MUNOC_MODULE_39_345 |          0 |          0 |       0 |    0 |     3 |      0 |      0 |          0 |
|           i_munoc_instance_0                                          |                       MUNOC_MODULE_01__parameterized2_359 |         63 |         63 |       0 |    0 |    72 |      0 |      0 |          0 |
|             i_munoc_instance_0                                        |                      ERVP_SMALL_FIFO__parameterized13_366 |         63 |         63 |       0 |    0 |    72 |      0 |      0 |          0 |
|               (i_munoc_instance_0)                                    |                      ERVP_SMALL_FIFO__parameterized13_366 |          0 |          0 |       0 |    0 |    66 |      0 |      0 |          0 |
|               i_rvx_instance_0                                        |     ERVP_COUNTER_WITH_ONEHOT_ENCODING__parameterized0_367 |         55 |         55 |       0 |    0 |     2 |      0 |      0 |          0 |
|               i_rvx_instance_1                                        |                   ERVP_SHIFT_REGISTER__parameterized0_368 |          4 |          4 |       0 |    0 |     2 |      0 |      0 |          0 |
|               i_rvx_instance_2                                        |     ERVP_COUNTER_WITH_ONEHOT_ENCODING__parameterized0_369 |          4 |          4 |       0 |    0 |     2 |      0 |      0 |          0 |
|           i_munoc_instance_1                                          |                       MUNOC_MODULE_01__parameterized4_360 |         41 |         41 |       0 |    0 |    70 |      0 |      0 |          0 |
|             i_munoc_instance_0                                        |                      ERVP_SMALL_FIFO__parameterized15_362 |         41 |         41 |       0 |    0 |    70 |      0 |      0 |          0 |
|               (i_munoc_instance_0)                                    |                      ERVP_SMALL_FIFO__parameterized15_362 |          0 |          0 |       0 |    0 |    64 |      0 |      0 |          0 |
|               i_rvx_instance_0                                        |     ERVP_COUNTER_WITH_ONEHOT_ENCODING__parameterized0_363 |          2 |          2 |       0 |    0 |     2 |      0 |      0 |          0 |
|               i_rvx_instance_1                                        |                   ERVP_SHIFT_REGISTER__parameterized0_364 |          5 |          5 |       0 |    0 |     2 |      0 |      0 |          0 |
|               i_rvx_instance_2                                        |     ERVP_COUNTER_WITH_ONEHOT_ENCODING__parameterized0_365 |          2 |          2 |       0 |    0 |     2 |      0 |      0 |          0 |
|               i_rvx_instance_3                                        |      ERVP_MUX_WITH_ONEHOT_ENCODED_SELECT__parameterized25 |         32 |         32 |       0 |    0 |     0 |      0 |      0 |          0 |
|           i_munoc_instance_2                                          |                          ERVP_COUNTER__parameterized7_361 |          8 |          8 |       0 |    0 |     8 |      0 |      0 |          0 |
|         i_munoc_instance_03                                           |                       MUNOC_MODULE_43__parameterized1_346 |          2 |          2 |       0 |    0 |     3 |      0 |      0 |          0 |
|         i_munoc_instance_04                                           |                       MUNOC_MODULE_33__parameterized0_347 |         23 |         23 |       0 |    0 |    39 |      0 |      0 |          0 |
|           (i_munoc_instance_04)                                       |                       MUNOC_MODULE_33__parameterized0_347 |          0 |          0 |       0 |    0 |     3 |      0 |      0 |          0 |
|           i_munoc_instance_0                                          |                   ERVP_UPDOWN_COUNTER__parameterized4_355 |          9 |          9 |       0 |    0 |     4 |      0 |      0 |          0 |
|           i_munoc_instance_1                                          |                      ERVP_ASYNCH_FIFO__parameterized5_356 |         14 |         14 |       0 |    0 |    32 |      0 |      0 |          0 |
|             (i_munoc_instance_1)                                      |                      ERVP_ASYNCH_FIFO__parameterized5_356 |         10 |         10 |       0 |    0 |    16 |      0 |      0 |          0 |
|             i_rvx_instance_0                                          |                     ERVP_SYNCHRONIZER__parameterized3_357 |          2 |          2 |       0 |    0 |     8 |      0 |      0 |          0 |
|             i_rvx_instance_1                                          |                     ERVP_SYNCHRONIZER__parameterized3_358 |          2 |          2 |       0 |    0 |     8 |      0 |      0 |          0 |
|         i_munoc_instance_07                                           |                          ERVP_ASYNCH_FIFO__parameterized6 |         99 |         99 |       0 |    0 |   352 |      0 |      0 |          0 |
|           (i_munoc_instance_07)                                       |                          ERVP_ASYNCH_FIFO__parameterized6 |         95 |         95 |       0 |    0 |   336 |      0 |      0 |          0 |
|           i_rvx_instance_0                                            |                     ERVP_SYNCHRONIZER__parameterized3_353 |          2 |          2 |       0 |    0 |     8 |      0 |      0 |          0 |
|           i_rvx_instance_1                                            |                     ERVP_SYNCHRONIZER__parameterized3_354 |          2 |          2 |       0 |    0 |     8 |      0 |      0 |          0 |
|         i_munoc_instance_08                                           |                       MUNOC_MODULE_33__parameterized0_348 |         24 |         24 |       0 |    0 |    39 |      0 |      0 |          0 |
|           (i_munoc_instance_08)                                       |                       MUNOC_MODULE_33__parameterized0_348 |          0 |          0 |       0 |    0 |     3 |      0 |      0 |          0 |
|           i_munoc_instance_0                                          |                   ERVP_UPDOWN_COUNTER__parameterized4_349 |         10 |         10 |       0 |    0 |     4 |      0 |      0 |          0 |
|           i_munoc_instance_1                                          |                      ERVP_ASYNCH_FIFO__parameterized5_350 |         14 |         14 |       0 |    0 |    32 |      0 |      0 |          0 |
|             (i_munoc_instance_1)                                      |                      ERVP_ASYNCH_FIFO__parameterized5_350 |         10 |         10 |       0 |    0 |    16 |      0 |      0 |          0 |
|             i_rvx_instance_0                                          |                     ERVP_SYNCHRONIZER__parameterized3_351 |          2 |          2 |       0 |    0 |     8 |      0 |      0 |          0 |
|             i_rvx_instance_1                                          |                     ERVP_SYNCHRONIZER__parameterized3_352 |          2 |          2 |       0 |    0 |     8 |      0 |      0 |          0 |
|         i_munoc_instance_09                                           |                           MUNOC_MODULE_02__parameterized1 |         11 |         11 |       0 |    0 |     6 |      0 |      0 |          0 |
|       i_mnim_i_main_core_data                                         | MUNOC_AXI_MASTER_NETWORK_INTERFACE_MODULE__parameterized0 |        475 |        475 |       0 |    0 |   677 |      0 |      0 |          0 |
|         i_munoc_instance_00                                           |                                       MUNOC_MODULE_33_298 |         25 |         25 |       0 |    0 |    39 |      0 |      0 |          0 |
|           (i_munoc_instance_00)                                       |                                       MUNOC_MODULE_33_298 |          0 |          0 |       0 |    0 |     3 |      0 |      0 |          0 |
|           i_munoc_instance_0                                          |                   ERVP_UPDOWN_COUNTER__parameterized4_341 |          8 |          8 |       0 |    0 |     4 |      0 |      0 |          0 |
|           i_munoc_instance_1                                          |                      ERVP_ASYNCH_FIFO__parameterized5_342 |         17 |         17 |       0 |    0 |    32 |      0 |      0 |          0 |
|             (i_munoc_instance_1)                                      |                      ERVP_ASYNCH_FIFO__parameterized5_342 |         13 |         13 |       0 |    0 |    16 |      0 |      0 |          0 |
|             i_rvx_instance_0                                          |                     ERVP_SYNCHRONIZER__parameterized3_343 |          2 |          2 |       0 |    0 |     8 |      0 |      0 |          0 |
|             i_rvx_instance_1                                          |                     ERVP_SYNCHRONIZER__parameterized3_344 |          2 |          2 |       0 |    0 |     8 |      0 |      0 |          0 |
|         i_munoc_instance_01                                           |                           MUNOC_MODULE_01__parameterized0 |         59 |         59 |       0 |    0 |    68 |      0 |      0 |          0 |
|           i_munoc_instance_0                                          |                       ERVP_SMALL_FIFO__parameterized6_337 |         59 |         59 |       0 |    0 |    68 |      0 |      0 |          0 |
|             (i_munoc_instance_0)                                      |                       ERVP_SMALL_FIFO__parameterized6_337 |          0 |          0 |       0 |    0 |    62 |      0 |      0 |          0 |
|             i_rvx_instance_0                                          |     ERVP_COUNTER_WITH_ONEHOT_ENCODING__parameterized0_338 |         56 |         56 |       0 |    0 |     2 |      0 |      0 |          0 |
|             i_rvx_instance_1                                          |                   ERVP_SHIFT_REGISTER__parameterized0_339 |          1 |          1 |       0 |    0 |     2 |      0 |      0 |          0 |
|             i_rvx_instance_2                                          |     ERVP_COUNTER_WITH_ONEHOT_ENCODING__parameterized0_340 |          2 |          2 |       0 |    0 |     2 |      0 |      0 |          0 |
|         i_munoc_instance_02                                           |                                       MUNOC_MODULE_33_299 |         23 |         23 |       0 |    0 |    39 |      0 |      0 |          0 |
|           (i_munoc_instance_02)                                       |                                       MUNOC_MODULE_33_299 |          0 |          0 |       0 |    0 |     3 |      0 |      0 |          0 |
|           i_munoc_instance_0                                          |                   ERVP_UPDOWN_COUNTER__parameterized4_333 |          8 |          8 |       0 |    0 |     4 |      0 |      0 |          0 |
|           i_munoc_instance_1                                          |                      ERVP_ASYNCH_FIFO__parameterized5_334 |         15 |         15 |       0 |    0 |    32 |      0 |      0 |          0 |
|             (i_munoc_instance_1)                                      |                      ERVP_ASYNCH_FIFO__parameterized5_334 |         11 |         11 |       0 |    0 |    16 |      0 |      0 |          0 |
|             i_rvx_instance_0                                          |                     ERVP_SYNCHRONIZER__parameterized3_335 |          2 |          2 |       0 |    0 |     8 |      0 |      0 |          0 |
|             i_rvx_instance_1                                          |                     ERVP_SYNCHRONIZER__parameterized3_336 |          2 |          2 |       0 |    0 |     8 |      0 |      0 |          0 |
|         i_munoc_instance_03                                           |                           MUNOC_MODULE_20__parameterized0 |         56 |         56 |       0 |    0 |    47 |      0 |      0 |          0 |
|           (i_munoc_instance_03)                                       |                           MUNOC_MODULE_20__parameterized0 |          1 |          1 |       0 |    0 |     8 |      0 |      0 |          0 |
|           i_munoc_instance_0                                          |                           ERVP_SMALL_FIFO__parameterized5 |         22 |         22 |       0 |    0 |    16 |      0 |      0 |          0 |
|             (i_munoc_instance_0)                                      |                           ERVP_SMALL_FIFO__parameterized5 |          6 |          6 |       0 |    0 |     4 |      0 |      0 |          0 |
|             i_rvx_instance_0                                          |     ERVP_COUNTER_WITH_ONEHOT_ENCODING__parameterized4_330 |          3 |          3 |       0 |    0 |     4 |      0 |      0 |          0 |
|             i_rvx_instance_1                                          |                   ERVP_SHIFT_REGISTER__parameterized2_331 |         11 |         11 |       0 |    0 |     4 |      0 |      0 |          0 |
|             i_rvx_instance_2                                          |     ERVP_COUNTER_WITH_ONEHOT_ENCODING__parameterized4_332 |          2 |          2 |       0 |    0 |     4 |      0 |      0 |          0 |
|           i_munoc_instance_1                                          |                       ERVP_SMALL_FIFO__parameterized5_321 |         16 |         16 |       0 |    0 |    16 |      0 |      0 |          0 |
|             (i_munoc_instance_1)                                      |                       ERVP_SMALL_FIFO__parameterized5_321 |          2 |          2 |       0 |    0 |     4 |      0 |      0 |          0 |
|             i_rvx_instance_0                                          |     ERVP_COUNTER_WITH_ONEHOT_ENCODING__parameterized4_327 |          3 |          3 |       0 |    0 |     4 |      0 |      0 |          0 |
|             i_rvx_instance_1                                          |                   ERVP_SHIFT_REGISTER__parameterized2_328 |          7 |          7 |       0 |    0 |     4 |      0 |      0 |          0 |
|             i_rvx_instance_2                                          |     ERVP_COUNTER_WITH_ONEHOT_ENCODING__parameterized4_329 |          4 |          4 |       0 |    0 |     4 |      0 |      0 |          0 |
|           i_munoc_instance_2                                          |                                      MUNOC_AXI2APB_BRIDGE |         18 |         18 |       0 |    0 |     7 |      0 |      0 |          0 |
|             i_munoc_instance_0                                        |                           ERVP_SMALL_FIFO__parameterized6 |          8 |          8 |       0 |    0 |     2 |      0 |      0 |          0 |
|               i_rvx_instance_1                                        |                   ERVP_SHIFT_REGISTER__parameterized0_326 |          8 |          8 |       0 |    0 |     2 |      0 |      0 |          0 |
|             i_munoc_instance_1                                        |                  MUNOC_AXI2APB_CONVERTER___parameterized0 |          7 |          7 |       0 |    0 |     3 |      0 |      0 |          0 |
|               i_munoc_instance_1                                      |                           MUNOC_AXI2LPIXS__parameterized0 |          7 |          7 |       0 |    0 |     3 |      0 |      0 |          0 |
|                 i_rvx_instance_0                                      |                            RVX_MODULE_095__parameterized0 |          7 |          7 |       0 |    0 |     2 |      0 |      0 |          0 |
|                   i_rvx_instance_1                                    |                                          ERVP_GRANTER_325 |          7 |          7 |       0 |    0 |     2 |      0 |      0 |          0 |
|                 i_rvx_instance_1                                      |                            RVX_MODULE_092__parameterized0 |          0 |          0 |       0 |    0 |     1 |      0 |      0 |          0 |
|                   i_rvx_instance_0                                    |                            RVX_MODULE_036__parameterized0 |          0 |          0 |       0 |    0 |     1 |      0 |      0 |          0 |
|                     i_rvx_instance_0                                  |                                        RVX_MODULE_111_324 |          0 |          0 |       0 |    0 |     1 |      0 |      0 |          0 |
|             i_munoc_instance_3                                        |                       ERVP_SMALL_FIFO__parameterized6_322 |          3 |          3 |       0 |    0 |     2 |      0 |      0 |          0 |
|               i_rvx_instance_1                                        |                   ERVP_SHIFT_REGISTER__parameterized0_323 |          3 |          3 |       0 |    0 |     2 |      0 |      0 |          0 |
|         i_munoc_instance_04                                           |                                       MUNOC_MODULE_01_300 |         75 |         75 |       0 |    0 |   136 |      0 |      0 |          0 |
|           i_munoc_instance_0                                          |                       ERVP_SMALL_FIFO__parameterized9_317 |         75 |         75 |       0 |    0 |   136 |      0 |      0 |          0 |
|             (i_munoc_instance_0)                                      |                       ERVP_SMALL_FIFO__parameterized9_317 |          0 |          0 |       0 |    0 |   124 |      0 |      0 |          0 |
|             i_rvx_instance_0                                          |     ERVP_COUNTER_WITH_ONEHOT_ENCODING__parameterized4_318 |         67 |         67 |       0 |    0 |     4 |      0 |      0 |          0 |
|             i_rvx_instance_1                                          |                   ERVP_SHIFT_REGISTER__parameterized2_319 |          6 |          6 |       0 |    0 |     4 |      0 |      0 |          0 |
|             i_rvx_instance_2                                          |     ERVP_COUNTER_WITH_ONEHOT_ENCODING__parameterized4_320 |          2 |          2 |       0 |    0 |     4 |      0 |      0 |          0 |
|         i_munoc_instance_09                                           |                           MUNOC_MODULE_02__parameterized0 |         47 |         47 |       0 |    0 |     6 |      0 |      0 |          0 |
|         i_munoc_instance_10                                           |                                       MUNOC_MODULE_22_301 |        114 |        114 |       0 |    0 |   179 |      0 |      0 |          0 |
|           (i_munoc_instance_10)                                       |                                       MUNOC_MODULE_22_301 |          0 |          0 |       0 |    0 |     2 |      0 |      0 |          0 |
|           i_munoc_instance_0                                          |                       MUNOC_MODULE_31__parameterized0_306 |         91 |         91 |       0 |    0 |   144 |      0 |      0 |          0 |
|             i_gen_buffer[0].i_munoc_instance_0                        |                      ERVP_SMALL_FIFO__parameterized12_313 |         91 |         91 |       0 |    0 |   144 |      0 |      0 |          0 |
|               (i_gen_buffer[0].i_munoc_instance_0)                    |                      ERVP_SMALL_FIFO__parameterized12_313 |          0 |          0 |       0 |    0 |   132 |      0 |      0 |          0 |
|               i_rvx_instance_0                                        |     ERVP_COUNTER_WITH_ONEHOT_ENCODING__parameterized4_314 |         84 |         84 |       0 |    0 |     4 |      0 |      0 |          0 |
|               i_rvx_instance_1                                        |                   ERVP_SHIFT_REGISTER__parameterized2_315 |          5 |          5 |       0 |    0 |     4 |      0 |      0 |          0 |
|               i_rvx_instance_2                                        |     ERVP_COUNTER_WITH_ONEHOT_ENCODING__parameterized4_316 |          2 |          2 |       0 |    0 |     4 |      0 |      0 |          0 |
|           i_munoc_instance_1                                          |                                       MUNOC_MODULE_12_307 |          0 |          0 |       0 |    0 |     1 |      0 |      0 |          0 |
|           i_munoc_instance_2                                          |                                       MUNOC_MODULE_31_308 |         23 |         23 |       0 |    0 |    32 |      0 |      0 |          0 |
|             i_gen_buffer[0].i_munoc_instance_0                        |                      ERVP_SMALL_FIFO__parameterized11_309 |         23 |         23 |       0 |    0 |    32 |      0 |      0 |          0 |
|               (i_gen_buffer[0].i_munoc_instance_0)                    |                      ERVP_SMALL_FIFO__parameterized11_309 |          0 |          0 |       0 |    0 |     8 |      0 |      0 |          0 |
|               i_rvx_instance_0                                        |                     ERVP_COUNTER_WITH_ONEHOT_ENCODING_310 |          4 |          4 |       0 |    0 |     8 |      0 |      0 |          0 |
|               i_rvx_instance_1                                        |                                   ERVP_SHIFT_REGISTER_311 |         11 |         11 |       0 |    0 |     8 |      0 |      0 |          0 |
|               i_rvx_instance_2                                        |                     ERVP_COUNTER_WITH_ONEHOT_ENCODING_312 |          8 |          8 |       0 |    0 |     8 |      0 |      0 |          0 |
|         i_munoc_instance_11                                           |                           MUNOC_MODULE_01__parameterized1 |         76 |         76 |       0 |    0 |   160 |      0 |      0 |          0 |
|           i_munoc_instance_0                                          |                          ERVP_SMALL_FIFO__parameterized10 |         76 |         76 |       0 |    0 |   160 |      0 |      0 |          0 |
|             (i_munoc_instance_0)                                      |                          ERVP_SMALL_FIFO__parameterized10 |          0 |          0 |       0 |    0 |   148 |      0 |      0 |          0 |
|             i_rvx_instance_0                                          |     ERVP_COUNTER_WITH_ONEHOT_ENCODING__parameterized4_303 |         73 |         73 |       0 |    0 |     4 |      0 |      0 |          0 |
|             i_rvx_instance_1                                          |                   ERVP_SHIFT_REGISTER__parameterized2_304 |          3 |          3 |       0 |    0 |     4 |      0 |      0 |          0 |
|             i_rvx_instance_2                                          |     ERVP_COUNTER_WITH_ONEHOT_ENCODING__parameterized4_305 |          0 |          0 |       0 |    0 |     4 |      0 |      0 |          0 |
|         i_munoc_instance_12                                           |                                       MUNOC_MODULE_43_302 |          2 |          2 |       0 |    0 |     3 |      0 |      0 |          0 |
|       i_mnim_i_main_core_inst                                         |                 MUNOC_AXI_MASTER_NETWORK_INTERFACE_MODULE |        230 |        230 |       0 |    0 |   369 |      0 |      0 |          0 |
|         i_munoc_instance_00                                           |                                           MUNOC_MODULE_33 |         23 |         23 |       0 |    0 |    39 |      0 |      0 |          0 |
|           (i_munoc_instance_00)                                       |                                           MUNOC_MODULE_33 |          0 |          0 |       0 |    0 |     3 |      0 |      0 |          0 |
|           i_munoc_instance_0                                          |                   ERVP_UPDOWN_COUNTER__parameterized4_294 |          7 |          7 |       0 |    0 |     4 |      0 |      0 |          0 |
|           i_munoc_instance_1                                          |                      ERVP_ASYNCH_FIFO__parameterized5_295 |         16 |         16 |       0 |    0 |    32 |      0 |      0 |          0 |
|             (i_munoc_instance_1)                                      |                      ERVP_ASYNCH_FIFO__parameterized5_295 |         12 |         12 |       0 |    0 |    16 |      0 |      0 |          0 |
|             i_rvx_instance_0                                          |                     ERVP_SYNCHRONIZER__parameterized3_296 |          2 |          2 |       0 |    0 |     8 |      0 |      0 |          0 |
|             i_rvx_instance_1                                          |                     ERVP_SYNCHRONIZER__parameterized3_297 |          2 |          2 |       0 |    0 |     8 |      0 |      0 |          0 |
|         i_munoc_instance_04                                           |                                           MUNOC_MODULE_01 |         88 |         88 |       0 |    0 |   144 |      0 |      0 |          0 |
|           i_munoc_instance_0                                          |                           ERVP_SMALL_FIFO__parameterized9 |         88 |         88 |       0 |    0 |   144 |      0 |      0 |          0 |
|             (i_munoc_instance_0)                                      |                           ERVP_SMALL_FIFO__parameterized9 |          0 |          0 |       0 |    0 |   132 |      0 |      0 |          0 |
|             i_rvx_instance_0                                          |     ERVP_COUNTER_WITH_ONEHOT_ENCODING__parameterized4_291 |         83 |         83 |       0 |    0 |     4 |      0 |      0 |          0 |
|             i_rvx_instance_1                                          |                   ERVP_SHIFT_REGISTER__parameterized2_292 |          3 |          3 |       0 |    0 |     4 |      0 |      0 |          0 |
|             i_rvx_instance_2                                          |     ERVP_COUNTER_WITH_ONEHOT_ENCODING__parameterized4_293 |          2 |          2 |       0 |    0 |     4 |      0 |      0 |          0 |
|         i_munoc_instance_09                                           |                                           MUNOC_MODULE_02 |         21 |         21 |       0 |    0 |     6 |      0 |      0 |          0 |
|         i_munoc_instance_10                                           |                                           MUNOC_MODULE_22 |         98 |         98 |       0 |    0 |   178 |      0 |      0 |          0 |
|           (i_munoc_instance_10)                                       |                                           MUNOC_MODULE_22 |          0 |          0 |       0 |    0 |     1 |      0 |      0 |          0 |
|           i_munoc_instance_0                                          |                       MUNOC_MODULE_31__parameterized0_282 |         76 |         76 |       0 |    0 |   144 |      0 |      0 |          0 |
|             i_gen_buffer[0].i_munoc_instance_0                        |                      ERVP_SMALL_FIFO__parameterized12_287 |         76 |         76 |       0 |    0 |   144 |      0 |      0 |          0 |
|               (i_gen_buffer[0].i_munoc_instance_0)                    |                      ERVP_SMALL_FIFO__parameterized12_287 |          0 |          0 |       0 |    0 |   132 |      0 |      0 |          0 |
|               i_rvx_instance_0                                        |     ERVP_COUNTER_WITH_ONEHOT_ENCODING__parameterized4_288 |         68 |         68 |       0 |    0 |     4 |      0 |      0 |          0 |
|               i_rvx_instance_1                                        |                   ERVP_SHIFT_REGISTER__parameterized2_289 |          6 |          6 |       0 |    0 |     4 |      0 |      0 |          0 |
|               i_rvx_instance_2                                        |     ERVP_COUNTER_WITH_ONEHOT_ENCODING__parameterized4_290 |          2 |          2 |       0 |    0 |     4 |      0 |      0 |          0 |
|           i_munoc_instance_1                                          |                                       MUNOC_MODULE_12_283 |          0 |          0 |       0 |    0 |     1 |      0 |      0 |          0 |
|           i_munoc_instance_2                                          |                                           MUNOC_MODULE_31 |         22 |         22 |       0 |    0 |    32 |      0 |      0 |          0 |
|             i_gen_buffer[0].i_munoc_instance_0                        |                          ERVP_SMALL_FIFO__parameterized11 |         22 |         22 |       0 |    0 |    32 |      0 |      0 |          0 |
|               (i_gen_buffer[0].i_munoc_instance_0)                    |                          ERVP_SMALL_FIFO__parameterized11 |          0 |          0 |       0 |    0 |     8 |      0 |      0 |          0 |
|               i_rvx_instance_0                                        |                     ERVP_COUNTER_WITH_ONEHOT_ENCODING_284 |          4 |          4 |       0 |    0 |     8 |      0 |      0 |          0 |
|               i_rvx_instance_1                                        |                                   ERVP_SHIFT_REGISTER_285 |         10 |         10 |       0 |    0 |     8 |      0 |      0 |          0 |
|               i_rvx_instance_2                                        |                     ERVP_COUNTER_WITH_ONEHOT_ENCODING_286 |          8 |          8 |       0 |    0 |     8 |      0 |      0 |          0 |
|         i_munoc_instance_12                                           |                                           MUNOC_MODULE_43 |          0 |          0 |       0 |    0 |     2 |      0 |      0 |          0 |
|       i_mnim_platform_controller_master                               |                 MUNOC_AHB_MASTER_NETWORK_INTERFACE_MODULE |        470 |        470 |       0 |    0 |   797 |      0 |      0 |          0 |
|         i_munoc_instance_02                                           |                           MUNOC_MODULE_02__parameterized2 |         32 |         32 |       0 |    0 |     6 |      0 |      0 |          0 |
|         i_munoc_instance_03                                           |                           MUNOC_MODULE_33__parameterized0 |         22 |         22 |       0 |    0 |    39 |      0 |      0 |          0 |
|           (i_munoc_instance_03)                                       |                           MUNOC_MODULE_33__parameterized0 |          1 |          1 |       0 |    0 |     3 |      0 |      0 |          0 |
|           i_munoc_instance_0                                          |                   ERVP_UPDOWN_COUNTER__parameterized4_278 |          7 |          7 |       0 |    0 |     4 |      0 |      0 |          0 |
|           i_munoc_instance_1                                          |                      ERVP_ASYNCH_FIFO__parameterized5_279 |         14 |         14 |       0 |    0 |    32 |      0 |      0 |          0 |
|             (i_munoc_instance_1)                                      |                      ERVP_ASYNCH_FIFO__parameterized5_279 |         10 |         10 |       0 |    0 |    16 |      0 |      0 |          0 |
|             i_rvx_instance_0                                          |                     ERVP_SYNCHRONIZER__parameterized3_280 |          2 |          2 |       0 |    0 |     8 |      0 |      0 |          0 |
|             i_rvx_instance_1                                          |                     ERVP_SYNCHRONIZER__parameterized3_281 |          2 |          2 |       0 |    0 |     8 |      0 |      0 |          0 |
|         i_munoc_instance_05                                           |                           MUNOC_MODULE_22__parameterized0 |         89 |         89 |       0 |    0 |   155 |      0 |      0 |          0 |
|           (i_munoc_instance_05)                                       |                           MUNOC_MODULE_22__parameterized0 |          0 |          0 |       0 |    0 |     2 |      0 |      0 |          0 |
|           i_munoc_instance_0                                          |                           MUNOC_MODULE_31__parameterized0 |         76 |         76 |       0 |    0 |   144 |      0 |      0 |          0 |
|             i_gen_buffer[0].i_munoc_instance_0                        |                          ERVP_SMALL_FIFO__parameterized12 |         76 |         76 |       0 |    0 |   144 |      0 |      0 |          0 |
|               (i_gen_buffer[0].i_munoc_instance_0)                    |                          ERVP_SMALL_FIFO__parameterized12 |          0 |          0 |       0 |    0 |   132 |      0 |      0 |          0 |
|               i_rvx_instance_0                                        |     ERVP_COUNTER_WITH_ONEHOT_ENCODING__parameterized4_275 |         68 |         68 |       0 |    0 |     4 |      0 |      0 |          0 |
|               i_rvx_instance_1                                        |                   ERVP_SHIFT_REGISTER__parameterized2_276 |          8 |          8 |       0 |    0 |     4 |      0 |      0 |          0 |
|               i_rvx_instance_2                                        |     ERVP_COUNTER_WITH_ONEHOT_ENCODING__parameterized4_277 |          0 |          0 |       0 |    0 |     4 |      0 |      0 |          0 |
|           i_munoc_instance_1                                          |                                           MUNOC_MODULE_12 |          3 |          3 |       0 |    0 |     1 |      0 |      0 |          0 |
|           i_munoc_instance_2                                          |                           MUNOC_MODULE_31__parameterized1 |         10 |         10 |       0 |    0 |     8 |      0 |      0 |          0 |
|             i_gen_buffer[0].i_munoc_instance_0                        |                          ERVP_SMALL_FIFO__parameterized17 |         10 |         10 |       0 |    0 |     8 |      0 |      0 |          0 |
|               (i_gen_buffer[0].i_munoc_instance_0)                    |                          ERVP_SMALL_FIFO__parameterized17 |          2 |          2 |       0 |    0 |     2 |      0 |      0 |          0 |
|               i_rvx_instance_0                                        |     ERVP_COUNTER_WITH_ONEHOT_ENCODING__parameterized0_272 |          3 |          3 |       0 |    0 |     2 |      0 |      0 |          0 |
|               i_rvx_instance_1                                        |                   ERVP_SHIFT_REGISTER__parameterized0_273 |          3 |          3 |       0 |    0 |     2 |      0 |      0 |          0 |
|               i_rvx_instance_2                                        |     ERVP_COUNTER_WITH_ONEHOT_ENCODING__parameterized0_274 |          2 |          2 |       0 |    0 |     2 |      0 |      0 |          0 |
|         i_munoc_instance_06                                           |                          ERVP_SMALL_FIFO__parameterized16 |        145 |        145 |       0 |    0 |   294 |      0 |      0 |          0 |
|           (i_munoc_instance_06)                                       |                          ERVP_SMALL_FIFO__parameterized16 |          0 |          0 |       0 |    0 |   276 |      0 |      0 |          0 |
|           i_rvx_instance_0                                            |         ERVP_COUNTER_WITH_ONEHOT_ENCODING__parameterized6 |        138 |        138 |       0 |    0 |     6 |      0 |      0 |          0 |
|           i_rvx_instance_1                                            |                       ERVP_SHIFT_REGISTER__parameterized3 |          7 |          7 |       0 |    0 |     6 |      0 |      0 |          0 |
|           i_rvx_instance_2                                            |     ERVP_COUNTER_WITH_ONEHOT_ENCODING__parameterized6_271 |          0 |          0 |       0 |    0 |     6 |      0 |      0 |          0 |
|         i_munoc_instance_07                                           |                                           MUNOC_MODULE_39 |        157 |        157 |       0 |    0 |   261 |      0 |      0 |          0 |
|           (i_munoc_instance_07)                                       |                                           MUNOC_MODULE_39 |          0 |          0 |       0 |    0 |     4 |      0 |      0 |          0 |
|           i_munoc_instance_0                                          |                           MUNOC_MODULE_01__parameterized2 |         56 |         56 |       0 |    0 |    74 |      0 |      0 |          0 |
|             i_munoc_instance_0                                        |                          ERVP_SMALL_FIFO__parameterized13 |         56 |         56 |       0 |    0 |    74 |      0 |      0 |          0 |
|               (i_munoc_instance_0)                                    |                          ERVP_SMALL_FIFO__parameterized13 |          0 |          0 |       0 |    0 |    68 |      0 |      0 |          0 |
|               i_rvx_instance_0                                        |     ERVP_COUNTER_WITH_ONEHOT_ENCODING__parameterized0_268 |         52 |         52 |       0 |    0 |     2 |      0 |      0 |          0 |
|               i_rvx_instance_1                                        |                   ERVP_SHIFT_REGISTER__parameterized0_269 |          2 |          2 |       0 |    0 |     2 |      0 |      0 |          0 |
|               i_rvx_instance_2                                        |     ERVP_COUNTER_WITH_ONEHOT_ENCODING__parameterized0_270 |          2 |          2 |       0 |    0 |     2 |      0 |      0 |          0 |
|           i_munoc_instance_1                                          |                           MUNOC_MODULE_01__parameterized4 |         42 |         42 |       0 |    0 |    70 |      0 |      0 |          0 |
|             i_munoc_instance_0                                        |                          ERVP_SMALL_FIFO__parameterized15 |         42 |         42 |       0 |    0 |    70 |      0 |      0 |          0 |
|               (i_munoc_instance_0)                                    |                          ERVP_SMALL_FIFO__parameterized15 |          0 |          0 |       0 |    0 |    64 |      0 |      0 |          0 |
|               i_rvx_instance_0                                        |     ERVP_COUNTER_WITH_ONEHOT_ENCODING__parameterized0_265 |         34 |         34 |       0 |    0 |     2 |      0 |      0 |          0 |
|               i_rvx_instance_1                                        |                   ERVP_SHIFT_REGISTER__parameterized0_266 |          6 |          6 |       0 |    0 |     2 |      0 |      0 |          0 |
|               i_rvx_instance_2                                        |     ERVP_COUNTER_WITH_ONEHOT_ENCODING__parameterized0_267 |          2 |          2 |       0 |    0 |     2 |      0 |      0 |          0 |
|           i_munoc_instance_2                                          |                              ERVP_COUNTER__parameterized7 |          7 |          7 |       0 |    0 |     8 |      0 |      0 |          0 |
|           i_munoc_instance_3                                          |                           MUNOC_MODULE_01__parameterized3 |         53 |         53 |       0 |    0 |   105 |      0 |      0 |          0 |
|             i_munoc_instance_0                                        |                          ERVP_SMALL_FIFO__parameterized14 |         53 |         53 |       0 |    0 |   105 |      0 |      0 |          0 |
|               (i_munoc_instance_0)                                    |                          ERVP_SMALL_FIFO__parameterized14 |          0 |          0 |       0 |    0 |    96 |      0 |      0 |          0 |
|               i_rvx_instance_0                                        |     ERVP_COUNTER_WITH_ONEHOT_ENCODING__parameterized3_262 |         42 |         42 |       0 |    0 |     3 |      0 |      0 |          0 |
|               i_rvx_instance_1                                        |                   ERVP_SHIFT_REGISTER__parameterized1_263 |          9 |          9 |       0 |    0 |     3 |      0 |      0 |          0 |
|               i_rvx_instance_2                                        |     ERVP_COUNTER_WITH_ONEHOT_ENCODING__parameterized3_264 |          2 |          2 |       0 |    0 |     3 |      0 |      0 |          0 |
|         i_munoc_instance_08                                           |                       MUNOC_MODULE_33__parameterized0_259 |         23 |         23 |       0 |    0 |    39 |      0 |      0 |          0 |
|           (i_munoc_instance_08)                                       |                       MUNOC_MODULE_33__parameterized0_259 |          1 |          1 |       0 |    0 |     3 |      0 |      0 |          0 |
|           i_munoc_instance_0                                          |                       ERVP_UPDOWN_COUNTER__parameterized4 |          8 |          8 |       0 |    0 |     4 |      0 |      0 |          0 |
|           i_munoc_instance_1                                          |                          ERVP_ASYNCH_FIFO__parameterized5 |         14 |         14 |       0 |    0 |    32 |      0 |      0 |          0 |
|             (i_munoc_instance_1)                                      |                          ERVP_ASYNCH_FIFO__parameterized5 |         10 |         10 |       0 |    0 |    16 |      0 |      0 |          0 |
|             i_rvx_instance_0                                          |                     ERVP_SYNCHRONIZER__parameterized3_260 |          2 |          2 |       0 |    0 |     8 |      0 |      0 |          0 |
|             i_rvx_instance_1                                          |                     ERVP_SYNCHRONIZER__parameterized3_261 |          2 |          2 |       0 |    0 |     8 |      0 |      0 |          0 |
|         i_munoc_instance_09                                           |                           MUNOC_MODULE_43__parameterized1 |          2 |          2 |       0 |    0 |     3 |      0 |      0 |          0 |
|       i_snim_common_peri_group_no_name                                |                  MUNOC_APB_SLAVE_NETWORK_INTERFACE_MODULE |        485 |        485 |       0 |    0 |   756 |      0 |      0 |          0 |
|         i_munoc_instance_0                                            |                       MUNOC_MODULE_36__parameterized0_199 |        279 |        279 |       0 |    0 |   435 |      0 |      0 |          0 |
|           i_munoc_instance_0                                          |                                       MUNOC_MODULE_35_224 |         40 |         40 |       0 |    0 |    49 |      0 |      0 |          0 |
|             (i_munoc_instance_0)                                      |                                       MUNOC_MODULE_35_224 |          2 |          2 |       0 |    0 |     3 |      0 |      0 |          0 |
|             i_munoc_instance_0                                        |                                       MUNOC_MODULE_29_257 |         10 |         10 |       0 |    0 |    10 |      0 |      0 |          0 |
|             i_munoc_instance_1                                        |                                       MUNOC_MODULE_40_258 |         29 |         29 |       0 |    0 |    36 |      0 |      0 |          0 |
|           i_munoc_instance_1                                          |                       MUNOC_MODULE_25__parameterized0_225 |         52 |         52 |       0 |    0 |    94 |      0 |      0 |          0 |
|             i_gen_rdata_buffer[0].i_munoc_instance_1                  |                      ERVP_SMALL_FIFO__parameterized26_249 |         35 |         35 |       0 |    0 |    70 |      0 |      0 |          0 |
|               (i_gen_rdata_buffer[0].i_munoc_instance_1)              |                      ERVP_SMALL_FIFO__parameterized26_249 |          0 |          0 |       0 |    0 |    64 |      0 |      0 |          0 |
|               i_rvx_instance_0                                        |     ERVP_COUNTER_WITH_ONEHOT_ENCODING__parameterized0_254 |         32 |         32 |       0 |    0 |     2 |      0 |      0 |          0 |
|               i_rvx_instance_1                                        |                   ERVP_SHIFT_REGISTER__parameterized0_255 |          2 |          2 |       0 |    0 |     2 |      0 |      0 |          0 |
|               i_rvx_instance_2                                        |     ERVP_COUNTER_WITH_ONEHOT_ENCODING__parameterized0_256 |          1 |          1 |       0 |    0 |     2 |      0 |      0 |          0 |
|             i_munoc_instance_0                                        |                      ERVP_SMALL_FIFO__parameterized27_250 |         18 |         18 |       0 |    0 |    24 |      0 |      0 |          0 |
|               (i_munoc_instance_0)                                    |                      ERVP_SMALL_FIFO__parameterized27_250 |          0 |          0 |       0 |    0 |    18 |      0 |      0 |          0 |
|               i_rvx_instance_0                                        |     ERVP_COUNTER_WITH_ONEHOT_ENCODING__parameterized0_251 |         11 |         11 |       0 |    0 |     2 |      0 |      0 |          0 |
|               i_rvx_instance_1                                        |                   ERVP_SHIFT_REGISTER__parameterized0_252 |          6 |          6 |       0 |    0 |     2 |      0 |      0 |          0 |
|               i_rvx_instance_2                                        |     ERVP_COUNTER_WITH_ONEHOT_ENCODING__parameterized0_253 |          1 |          1 |       0 |    0 |     2 |      0 |      0 |          0 |
|           i_munoc_instance_2                                          |                       MUNOC_MODULE_47__parameterized0_226 |        154 |        154 |       0 |    0 |   253 |      0 |      0 |          0 |
|             i_munoc_instance_0                                        |                       MUNOC_MODULE_31__parameterized2_237 |        135 |        135 |       0 |    0 |   224 |      0 |      0 |          0 |
|               i_gen_buffer[0].i_munoc_instance_0                      |                      ERVP_SMALL_FIFO__parameterized18_245 |        135 |        135 |       0 |    0 |   224 |      0 |      0 |          0 |
|                 (i_gen_buffer[0].i_munoc_instance_0)                  |                      ERVP_SMALL_FIFO__parameterized18_245 |          0 |          0 |       0 |    0 |   200 |      0 |      0 |          0 |
|                 i_rvx_instance_0                                      |                     ERVP_COUNTER_WITH_ONEHOT_ENCODING_246 |        120 |        120 |       0 |    0 |     8 |      0 |      0 |          0 |
|                 i_rvx_instance_1                                      |                                   ERVP_SHIFT_REGISTER_247 |         11 |         11 |       0 |    0 |     8 |      0 |      0 |          0 |
|                 i_rvx_instance_2                                      |                     ERVP_COUNTER_WITH_ONEHOT_ENCODING_248 |          4 |          4 |       0 |    0 |     8 |      0 |      0 |          0 |
|             i_munoc_instance_1                                        |                                       MUNOC_MODULE_34_238 |          0 |          0 |       0 |    0 |     1 |      0 |      0 |          0 |
|             i_munoc_instance_2                                        |                       MUNOC_MODULE_31__parameterized4_239 |         19 |         19 |       0 |    0 |    28 |      0 |      0 |          0 |
|               i_gen_buffer[0].i_munoc_instance_0                      |                      ERVP_SMALL_FIFO__parameterized25_240 |         19 |         19 |       0 |    0 |    28 |      0 |      0 |          0 |
|                 (i_gen_buffer[0].i_munoc_instance_0)                  |                      ERVP_SMALL_FIFO__parameterized25_240 |          0 |          0 |       0 |    0 |    22 |      0 |      0 |          0 |
|                 i_rvx_instance_0                                      |     ERVP_COUNTER_WITH_ONEHOT_ENCODING__parameterized0_241 |          2 |          2 |       0 |    0 |     2 |      0 |      0 |          0 |
|                 i_rvx_instance_1                                      |                   ERVP_SHIFT_REGISTER__parameterized0_242 |          4 |          4 |       0 |    0 |     2 |      0 |      0 |          0 |
|                 i_rvx_instance_2                                      |     ERVP_COUNTER_WITH_ONEHOT_ENCODING__parameterized0_243 |          2 |          2 |       0 |    0 |     2 |      0 |      0 |          0 |
|                 i_rvx_instance_3                                      |  ERVP_MUX_WITH_ONEHOT_ENCODED_SELECT__parameterized34_244 |         11 |         11 |       0 |    0 |     0 |      0 |      0 |          0 |
|           i_munoc_instance_3                                          |                                       MUNOC_MODULE_16_227 |         13 |         13 |       0 |    0 |    13 |      0 |      0 |          0 |
|             (i_munoc_instance_3)                                      |                                       MUNOC_MODULE_16_227 |          9 |          9 |       0 |    0 |    11 |      0 |      0 |          0 |
|             i_munoc_instance_0                                        |                       ERVP_SMALL_FIFO__parameterized2_235 |          4 |          4 |       0 |    0 |     2 |      0 |      0 |          0 |
|               i_rvx_instance_1                                        |                   ERVP_SHIFT_REGISTER__parameterized0_236 |          4 |          4 |       0 |    0 |     2 |      0 |      0 |          0 |
|           i_munoc_instance_4                                          |                      ERVP_SMALL_FIFO__parameterized28_228 |          2 |          2 |       0 |    0 |     2 |      0 |      0 |          0 |
|             i_rvx_instance_1                                          |                   ERVP_SHIFT_REGISTER__parameterized0_234 |          2 |          2 |       0 |    0 |     2 |      0 |      0 |          0 |
|           i_munoc_instance_5                                          |                                       MUNOC_MODULE_00_229 |          4 |          4 |       0 |    0 |     2 |      0 |      0 |          0 |
|           i_munoc_instance_6                                          |                      ERVP_SMALL_FIFO__parameterized20_230 |         14 |         14 |       0 |    0 |    22 |      0 |      0 |          0 |
|             (i_munoc_instance_6)                                      |                      ERVP_SMALL_FIFO__parameterized20_230 |          0 |          0 |       0 |    0 |    16 |      0 |      0 |          0 |
|             i_rvx_instance_0                                          |     ERVP_COUNTER_WITH_ONEHOT_ENCODING__parameterized0_231 |         10 |         10 |       0 |    0 |     2 |      0 |      0 |          0 |
|             i_rvx_instance_1                                          |                   ERVP_SHIFT_REGISTER__parameterized0_232 |          2 |          2 |       0 |    0 |     2 |      0 |      0 |          0 |
|             i_rvx_instance_2                                          |     ERVP_COUNTER_WITH_ONEHOT_ENCODING__parameterized0_233 |          2 |          2 |       0 |    0 |     2 |      0 |      0 |          0 |
|         i_munoc_instance_1                                            |                                       MUNOC_MODULE_08_200 |        206 |        206 |       0 |    0 |   321 |      0 |      0 |          0 |
|           (i_munoc_instance_1)                                        |                                       MUNOC_MODULE_08_200 |          1 |          1 |       0 |    0 |     0 |      0 |      0 |          0 |
|           i_munoc_instance_3                                          |                              MUNOC_AXI2APB_CONVERTER__201 |        205 |        205 |       0 |    0 |   321 |      0 |      0 |          0 |
|             i_munoc_instance_0                                        |                                        RVX_MODULE_007_202 |         62 |         62 |       0 |    0 |   152 |      0 |      0 |          0 |
|               i_rvx_instance_0                                        |                                        RVX_MODULE_017_213 |          2 |          2 |       0 |    0 |     3 |      0 |      0 |          0 |
|               i_rvx_instance_1                                        |                                        RVX_MODULE_022_214 |         60 |         60 |       0 |    0 |   149 |      0 |      0 |          0 |
|                 i_rvx_instance_0                                      |                             ERVP_FIFO__parameterized0_215 |         18 |         18 |       0 |    0 |    35 |      0 |      0 |          0 |
|                   (i_rvx_instance_0)                                  |                             ERVP_FIFO__parameterized0_215 |          0 |          0 |       0 |    0 |    28 |      0 |      0 |          0 |
|                   i_rvx_instance_0                                    |                          ERVP_COUNTER__parameterized6_220 |          1 |          1 |       0 |    0 |     2 |      0 |      0 |          0 |
|                   i_rvx_instance_2                                    |                   ERVP_UPDOWN_COUNTER__parameterized2_221 |          7 |          7 |       0 |    0 |     3 |      0 |      0 |          0 |
|                   i_rvx_instance_3                                    |                          ERVP_COUNTER__parameterized6_222 |          3 |          3 |       0 |    0 |     2 |      0 |      0 |          0 |
|                   i_rvx_instance_4                                    |                              ERVP_MUX__parameterized5_223 |          7 |          7 |       0 |    0 |     0 |      0 |      0 |          0 |
|                 i_rvx_instance_1                                      |                       ERVP_SMALL_FIFO__parameterized4_216 |         42 |         42 |       0 |    0 |   114 |      0 |      0 |          0 |
|                   (i_rvx_instance_1)                                  |                       ERVP_SMALL_FIFO__parameterized4_216 |          0 |          0 |       0 |    0 |   105 |      0 |      0 |          0 |
|                   i_rvx_instance_0                                    |     ERVP_COUNTER_WITH_ONEHOT_ENCODING__parameterized3_217 |         35 |         35 |       0 |    0 |     3 |      0 |      0 |          0 |
|                   i_rvx_instance_1                                    |                   ERVP_SHIFT_REGISTER__parameterized1_218 |          4 |          4 |       0 |    0 |     3 |      0 |      0 |          0 |
|                   i_rvx_instance_2                                    |     ERVP_COUNTER_WITH_ONEHOT_ENCODING__parameterized3_219 |          3 |          3 |       0 |    0 |     3 |      0 |      0 |          0 |
|             i_munoc_instance_1                                        |                                       MUNOC_AXI2LPIXS_203 |        143 |        143 |       0 |    0 |   169 |      0 |      0 |          0 |
|               i_rvx_instance_0                                        |                                        RVX_MODULE_095_204 |         50 |         50 |       0 |    0 |   134 |      0 |      0 |          0 |
|                 i_rvx_instance_0                                      |                       ERVP_SMALL_FIFO__parameterized3_208 |         47 |         47 |       0 |    0 |   132 |      0 |      0 |          0 |
|                   (i_rvx_instance_0)                                  |                       ERVP_SMALL_FIFO__parameterized3_208 |          0 |          0 |       0 |    0 |   123 |      0 |      0 |          0 |
|                   i_rvx_instance_0                                    |     ERVP_COUNTER_WITH_ONEHOT_ENCODING__parameterized3_210 |         44 |         44 |       0 |    0 |     3 |      0 |      0 |          0 |
|                   i_rvx_instance_1                                    |                   ERVP_SHIFT_REGISTER__parameterized1_211 |          3 |          3 |       0 |    0 |     3 |      0 |      0 |          0 |
|                   i_rvx_instance_2                                    |     ERVP_COUNTER_WITH_ONEHOT_ENCODING__parameterized3_212 |          0 |          0 |       0 |    0 |     3 |      0 |      0 |          0 |
|                 i_rvx_instance_1                                      |                                          ERVP_GRANTER_209 |          3 |          3 |       0 |    0 |     2 |      0 |      0 |          0 |
|               i_rvx_instance_1                                        |                                        RVX_MODULE_092_205 |         93 |         93 |       0 |    0 |    35 |      0 |      0 |          0 |
|                 i_rvx_instance_0                                      |                                        RVX_MODULE_036_206 |         93 |         93 |       0 |    0 |    35 |      0 |      0 |          0 |
|                   (i_rvx_instance_0)                                  |                                        RVX_MODULE_036_206 |          0 |          0 |       0 |    0 |     8 |      0 |      0 |          0 |
|                   i_rvx_instance_0                                    |                                        RVX_MODULE_111_207 |         93 |         93 |       0 |    0 |    27 |      0 |      0 |          0 |
|       i_snim_external_peri_group_no_name                              |                MUNOC_APB_SLAVE_NETWORK_INTERFACE_MODULE_5 |        586 |        586 |       0 |    0 |   768 |      0 |      0 |          0 |
|         i_munoc_instance_0                                            |                       MUNOC_MODULE_36__parameterized0_140 |        304 |        304 |       0 |    0 |   450 |      0 |      0 |          0 |
|           i_munoc_instance_0                                          |                                       MUNOC_MODULE_35_165 |         40 |         40 |       0 |    0 |    46 |      0 |      0 |          0 |
|             (i_munoc_instance_0)                                      |                                       MUNOC_MODULE_35_165 |          2 |          2 |       0 |    0 |     3 |      0 |      0 |          0 |
|             i_munoc_instance_0                                        |                                       MUNOC_MODULE_29_197 |         10 |         10 |       0 |    0 |    10 |      0 |      0 |          0 |
|             i_munoc_instance_1                                        |                                       MUNOC_MODULE_40_198 |         29 |         29 |       0 |    0 |    33 |      0 |      0 |          0 |
|           i_munoc_instance_1                                          |                       MUNOC_MODULE_25__parameterized0_166 |         52 |         52 |       0 |    0 |    94 |      0 |      0 |          0 |
|             i_gen_rdata_buffer[0].i_munoc_instance_1                  |                      ERVP_SMALL_FIFO__parameterized26_189 |         35 |         35 |       0 |    0 |    70 |      0 |      0 |          0 |
|               (i_gen_rdata_buffer[0].i_munoc_instance_1)              |                      ERVP_SMALL_FIFO__parameterized26_189 |          0 |          0 |       0 |    0 |    64 |      0 |      0 |          0 |
|               i_rvx_instance_0                                        |     ERVP_COUNTER_WITH_ONEHOT_ENCODING__parameterized0_194 |         32 |         32 |       0 |    0 |     2 |      0 |      0 |          0 |
|               i_rvx_instance_1                                        |                   ERVP_SHIFT_REGISTER__parameterized0_195 |          2 |          2 |       0 |    0 |     2 |      0 |      0 |          0 |
|               i_rvx_instance_2                                        |     ERVP_COUNTER_WITH_ONEHOT_ENCODING__parameterized0_196 |          1 |          1 |       0 |    0 |     2 |      0 |      0 |          0 |
|             i_munoc_instance_0                                        |                      ERVP_SMALL_FIFO__parameterized27_190 |         18 |         18 |       0 |    0 |    24 |      0 |      0 |          0 |
|               (i_munoc_instance_0)                                    |                      ERVP_SMALL_FIFO__parameterized27_190 |          0 |          0 |       0 |    0 |    18 |      0 |      0 |          0 |
|               i_rvx_instance_0                                        |     ERVP_COUNTER_WITH_ONEHOT_ENCODING__parameterized0_191 |         11 |         11 |       0 |    0 |     2 |      0 |      0 |          0 |
|               i_rvx_instance_1                                        |                   ERVP_SHIFT_REGISTER__parameterized0_192 |          6 |          6 |       0 |    0 |     2 |      0 |      0 |          0 |
|               i_rvx_instance_2                                        |     ERVP_COUNTER_WITH_ONEHOT_ENCODING__parameterized0_193 |          1 |          1 |       0 |    0 |     2 |      0 |      0 |          0 |
|           i_munoc_instance_2                                          |                       MUNOC_MODULE_47__parameterized0_167 |        179 |        179 |       0 |    0 |   271 |      0 |      0 |          0 |
|             i_munoc_instance_0                                        |                       MUNOC_MODULE_31__parameterized2_178 |        122 |        122 |       0 |    0 |   200 |      0 |      0 |          0 |
|               i_gen_buffer[0].i_munoc_instance_0                      |                      ERVP_SMALL_FIFO__parameterized18_185 |        122 |        122 |       0 |    0 |   200 |      0 |      0 |          0 |
|                 (i_gen_buffer[0].i_munoc_instance_0)                  |                      ERVP_SMALL_FIFO__parameterized18_185 |          0 |          0 |       0 |    0 |   176 |      0 |      0 |          0 |
|                 i_rvx_instance_0                                      |                     ERVP_COUNTER_WITH_ONEHOT_ENCODING_186 |        107 |        107 |       0 |    0 |     8 |      0 |      0 |          0 |
|                 i_rvx_instance_1                                      |                                   ERVP_SHIFT_REGISTER_187 |         11 |         11 |       0 |    0 |     8 |      0 |      0 |          0 |
|                 i_rvx_instance_2                                      |                     ERVP_COUNTER_WITH_ONEHOT_ENCODING_188 |          4 |          4 |       0 |    0 |     8 |      0 |      0 |          0 |
|             i_munoc_instance_1                                        |                                       MUNOC_MODULE_34_179 |          0 |          0 |       0 |    0 |     1 |      0 |      0 |          0 |
|             i_munoc_instance_2                                        |                       MUNOC_MODULE_31__parameterized4_180 |         57 |         57 |       0 |    0 |    70 |      0 |      0 |          0 |
|               i_gen_buffer[0].i_munoc_instance_0                      |                      ERVP_SMALL_FIFO__parameterized25_181 |         57 |         57 |       0 |    0 |    70 |      0 |      0 |          0 |
|                 (i_gen_buffer[0].i_munoc_instance_0)                  |                      ERVP_SMALL_FIFO__parameterized25_181 |          0 |          0 |       0 |    0 |    64 |      0 |      0 |          0 |
|                 i_rvx_instance_0                                      |     ERVP_COUNTER_WITH_ONEHOT_ENCODING__parameterized0_182 |         19 |         19 |       0 |    0 |     2 |      0 |      0 |          0 |
|                 i_rvx_instance_1                                      |                   ERVP_SHIFT_REGISTER__parameterized0_183 |          5 |          5 |       0 |    0 |     2 |      0 |      0 |          0 |
|                 i_rvx_instance_2                                      |     ERVP_COUNTER_WITH_ONEHOT_ENCODING__parameterized0_184 |          3 |          3 |       0 |    0 |     2 |      0 |      0 |          0 |
|                 i_rvx_instance_3                                      |      ERVP_MUX_WITH_ONEHOT_ENCODED_SELECT__parameterized34 |         33 |         33 |       0 |    0 |     0 |      0 |      0 |          0 |
|           i_munoc_instance_3                                          |                                       MUNOC_MODULE_16_168 |         13 |         13 |       0 |    0 |    13 |      0 |      0 |          0 |
|             (i_munoc_instance_3)                                      |                                       MUNOC_MODULE_16_168 |          9 |          9 |       0 |    0 |    11 |      0 |      0 |          0 |
|             i_munoc_instance_0                                        |                       ERVP_SMALL_FIFO__parameterized2_176 |          4 |          4 |       0 |    0 |     2 |      0 |      0 |          0 |
|               i_rvx_instance_1                                        |                   ERVP_SHIFT_REGISTER__parameterized0_177 |          4 |          4 |       0 |    0 |     2 |      0 |      0 |          0 |
|           i_munoc_instance_4                                          |                      ERVP_SMALL_FIFO__parameterized28_169 |          2 |          2 |       0 |    0 |     2 |      0 |      0 |          0 |
|             i_rvx_instance_1                                          |                   ERVP_SHIFT_REGISTER__parameterized0_175 |          2 |          2 |       0 |    0 |     2 |      0 |      0 |          0 |
|           i_munoc_instance_5                                          |                                       MUNOC_MODULE_00_170 |          4 |          4 |       0 |    0 |     2 |      0 |      0 |          0 |
|           i_munoc_instance_6                                          |                      ERVP_SMALL_FIFO__parameterized20_171 |         14 |         14 |       0 |    0 |    22 |      0 |      0 |          0 |
|             (i_munoc_instance_6)                                      |                      ERVP_SMALL_FIFO__parameterized20_171 |          0 |          0 |       0 |    0 |    16 |      0 |      0 |          0 |
|             i_rvx_instance_0                                          |     ERVP_COUNTER_WITH_ONEHOT_ENCODING__parameterized0_172 |         10 |         10 |       0 |    0 |     2 |      0 |      0 |          0 |
|             i_rvx_instance_1                                          |                   ERVP_SHIFT_REGISTER__parameterized0_173 |          2 |          2 |       0 |    0 |     2 |      0 |      0 |          0 |
|             i_rvx_instance_2                                          |     ERVP_COUNTER_WITH_ONEHOT_ENCODING__parameterized0_174 |          2 |          2 |       0 |    0 |     2 |      0 |      0 |          0 |
|         i_munoc_instance_1                                            |                                       MUNOC_MODULE_08_141 |        282 |        282 |       0 |    0 |   318 |      0 |      0 |          0 |
|           (i_munoc_instance_1)                                        |                                       MUNOC_MODULE_08_141 |          1 |          1 |       0 |    0 |     0 |      0 |      0 |          0 |
|           i_munoc_instance_3                                          |                              MUNOC_AXI2APB_CONVERTER__142 |        281 |        281 |       0 |    0 |   318 |      0 |      0 |          0 |
|             i_munoc_instance_0                                        |                                        RVX_MODULE_007_143 |         60 |         60 |       0 |    0 |   152 |      0 |      0 |          0 |
|               i_rvx_instance_0                                        |                                        RVX_MODULE_017_154 |          2 |          2 |       0 |    0 |     3 |      0 |      0 |          0 |
|               i_rvx_instance_1                                        |                                        RVX_MODULE_022_155 |         58 |         58 |       0 |    0 |   149 |      0 |      0 |          0 |
|                 i_rvx_instance_0                                      |                             ERVP_FIFO__parameterized0_156 |         18 |         18 |       0 |    0 |    35 |      0 |      0 |          0 |
|                   (i_rvx_instance_0)                                  |                             ERVP_FIFO__parameterized0_156 |          0 |          0 |       0 |    0 |    28 |      0 |      0 |          0 |
|                   i_rvx_instance_0                                    |                          ERVP_COUNTER__parameterized6_161 |          1 |          1 |       0 |    0 |     2 |      0 |      0 |          0 |
|                   i_rvx_instance_2                                    |                   ERVP_UPDOWN_COUNTER__parameterized2_162 |          7 |          7 |       0 |    0 |     3 |      0 |      0 |          0 |
|                   i_rvx_instance_3                                    |                          ERVP_COUNTER__parameterized6_163 |          3 |          3 |       0 |    0 |     2 |      0 |      0 |          0 |
|                   i_rvx_instance_4                                    |                              ERVP_MUX__parameterized5_164 |          7 |          7 |       0 |    0 |     0 |      0 |      0 |          0 |
|                 i_rvx_instance_1                                      |                       ERVP_SMALL_FIFO__parameterized4_157 |         40 |         40 |       0 |    0 |   114 |      0 |      0 |          0 |
|                   (i_rvx_instance_1)                                  |                       ERVP_SMALL_FIFO__parameterized4_157 |          0 |          0 |       0 |    0 |   105 |      0 |      0 |          0 |
|                   i_rvx_instance_0                                    |     ERVP_COUNTER_WITH_ONEHOT_ENCODING__parameterized3_158 |         35 |         35 |       0 |    0 |     3 |      0 |      0 |          0 |
|                   i_rvx_instance_1                                    |                   ERVP_SHIFT_REGISTER__parameterized1_159 |          2 |          2 |       0 |    0 |     3 |      0 |      0 |          0 |
|                   i_rvx_instance_2                                    |     ERVP_COUNTER_WITH_ONEHOT_ENCODING__parameterized3_160 |          3 |          3 |       0 |    0 |     3 |      0 |      0 |          0 |
|             i_munoc_instance_1                                        |                                       MUNOC_AXI2LPIXS_144 |        221 |        221 |       0 |    0 |   166 |      0 |      0 |          0 |
|               i_rvx_instance_0                                        |                                        RVX_MODULE_095_145 |         50 |         50 |       0 |    0 |   134 |      0 |      0 |          0 |
|                 i_rvx_instance_0                                      |                       ERVP_SMALL_FIFO__parameterized3_149 |         47 |         47 |       0 |    0 |   132 |      0 |      0 |          0 |
|                   (i_rvx_instance_0)                                  |                       ERVP_SMALL_FIFO__parameterized3_149 |          0 |          0 |       0 |    0 |   123 |      0 |      0 |          0 |
|                   i_rvx_instance_0                                    |     ERVP_COUNTER_WITH_ONEHOT_ENCODING__parameterized3_151 |         44 |         44 |       0 |    0 |     3 |      0 |      0 |          0 |
|                   i_rvx_instance_1                                    |                   ERVP_SHIFT_REGISTER__parameterized1_152 |          3 |          3 |       0 |    0 |     3 |      0 |      0 |          0 |
|                   i_rvx_instance_2                                    |     ERVP_COUNTER_WITH_ONEHOT_ENCODING__parameterized3_153 |          0 |          0 |       0 |    0 |     3 |      0 |      0 |          0 |
|                 i_rvx_instance_1                                      |                                          ERVP_GRANTER_150 |          3 |          3 |       0 |    0 |     2 |      0 |      0 |          0 |
|               i_rvx_instance_1                                        |                                        RVX_MODULE_092_146 |        171 |        171 |       0 |    0 |    32 |      0 |      0 |          0 |
|                 i_rvx_instance_0                                      |                                        RVX_MODULE_036_147 |        171 |        171 |       0 |    0 |    32 |      0 |      0 |          0 |
|                   (i_rvx_instance_0)                                  |                                        RVX_MODULE_036_147 |          0 |          0 |       0 |    0 |     8 |      0 |      0 |          0 |
|                   i_rvx_instance_0                                    |                                        RVX_MODULE_111_148 |        171 |        171 |       0 |    0 |    24 |      0 |      0 |          0 |
|       i_snim_i_grover_csr_slave                                       |           MUNOC_APB_SLAVE_NETWORK_INTERFACE_MODULE_ASYNCH |        615 |        615 |       0 |    0 |   852 |      0 |      0 |          0 |
|         (i_snim_i_grover_csr_slave)                                   |           MUNOC_APB_SLAVE_NETWORK_INTERFACE_MODULE_ASYNCH |          1 |          1 |       0 |    0 |     0 |      0 |      0 |          0 |
|         i_munoc_instance_0                                            |                                        MUNOC_MODULE_08_98 |        349 |        349 |       0 |    0 |   322 |      0 |      0 |          0 |
|           (i_munoc_instance_0)                                        |                                        MUNOC_MODULE_08_98 |          2 |          2 |       0 |    0 |     0 |      0 |      0 |          0 |
|           i_munoc_instance_3                                          |                              MUNOC_AXI2APB_CONVERTER__117 |        347 |        347 |       0 |    0 |   322 |      0 |      0 |          0 |
|             i_munoc_instance_0                                        |                                        RVX_MODULE_007_118 |         65 |         65 |       0 |    0 |   152 |      0 |      0 |          0 |
|               i_rvx_instance_0                                        |                                        RVX_MODULE_017_129 |          3 |          3 |       0 |    0 |     3 |      0 |      0 |          0 |
|               i_rvx_instance_1                                        |                                        RVX_MODULE_022_130 |         62 |         62 |       0 |    0 |   149 |      0 |      0 |          0 |
|                 i_rvx_instance_0                                      |                             ERVP_FIFO__parameterized0_131 |         19 |         19 |       0 |    0 |    35 |      0 |      0 |          0 |
|                   (i_rvx_instance_0)                                  |                             ERVP_FIFO__parameterized0_131 |          0 |          0 |       0 |    0 |    28 |      0 |      0 |          0 |
|                   i_rvx_instance_0                                    |                          ERVP_COUNTER__parameterized6_136 |          1 |          1 |       0 |    0 |     2 |      0 |      0 |          0 |
|                   i_rvx_instance_2                                    |                   ERVP_UPDOWN_COUNTER__parameterized2_137 |          8 |          8 |       0 |    0 |     3 |      0 |      0 |          0 |
|                   i_rvx_instance_3                                    |                          ERVP_COUNTER__parameterized6_138 |          3 |          3 |       0 |    0 |     2 |      0 |      0 |          0 |
|                   i_rvx_instance_4                                    |                              ERVP_MUX__parameterized5_139 |          7 |          7 |       0 |    0 |     0 |      0 |      0 |          0 |
|                 i_rvx_instance_1                                      |                       ERVP_SMALL_FIFO__parameterized4_132 |         43 |         43 |       0 |    0 |   114 |      0 |      0 |          0 |
|                   (i_rvx_instance_1)                                  |                       ERVP_SMALL_FIFO__parameterized4_132 |          0 |          0 |       0 |    0 |   105 |      0 |      0 |          0 |
|                   i_rvx_instance_0                                    |     ERVP_COUNTER_WITH_ONEHOT_ENCODING__parameterized3_133 |         35 |         35 |       0 |    0 |     3 |      0 |      0 |          0 |
|                   i_rvx_instance_1                                    |                   ERVP_SHIFT_REGISTER__parameterized1_134 |          5 |          5 |       0 |    0 |     3 |      0 |      0 |          0 |
|                   i_rvx_instance_2                                    |     ERVP_COUNTER_WITH_ONEHOT_ENCODING__parameterized3_135 |          3 |          3 |       0 |    0 |     3 |      0 |      0 |          0 |
|             i_munoc_instance_1                                        |                                       MUNOC_AXI2LPIXS_119 |        282 |        282 |       0 |    0 |   170 |      0 |      0 |          0 |
|               i_rvx_instance_0                                        |                                        RVX_MODULE_095_120 |         50 |         50 |       0 |    0 |   134 |      0 |      0 |          0 |
|                 i_rvx_instance_0                                      |                       ERVP_SMALL_FIFO__parameterized3_124 |         46 |         46 |       0 |    0 |   132 |      0 |      0 |          0 |
|                   (i_rvx_instance_0)                                  |                       ERVP_SMALL_FIFO__parameterized3_124 |          0 |          0 |       0 |    0 |   123 |      0 |      0 |          0 |
|                   i_rvx_instance_0                                    |     ERVP_COUNTER_WITH_ONEHOT_ENCODING__parameterized3_126 |         44 |         44 |       0 |    0 |     3 |      0 |      0 |          0 |
|                   i_rvx_instance_1                                    |                   ERVP_SHIFT_REGISTER__parameterized1_127 |          2 |          2 |       0 |    0 |     3 |      0 |      0 |          0 |
|                   i_rvx_instance_2                                    |     ERVP_COUNTER_WITH_ONEHOT_ENCODING__parameterized3_128 |          0 |          0 |       0 |    0 |     3 |      0 |      0 |          0 |
|                 i_rvx_instance_1                                      |                                          ERVP_GRANTER_125 |          4 |          4 |       0 |    0 |     2 |      0 |      0 |          0 |
|               i_rvx_instance_1                                        |                                        RVX_MODULE_092_121 |        232 |        232 |       0 |    0 |    36 |      0 |      0 |          0 |
|                 i_rvx_instance_0                                      |                                        RVX_MODULE_036_122 |        232 |        232 |       0 |    0 |    36 |      0 |      0 |          0 |
|                   (i_rvx_instance_0)                                  |                                        RVX_MODULE_036_122 |          0 |          0 |       0 |    0 |     8 |      0 |      0 |          0 |
|                   i_rvx_instance_0                                    |                                        RVX_MODULE_111_123 |        232 |        232 |       0 |    0 |    28 |      0 |      0 |          0 |
|         i_munoc_instance_1                                            |                                           MUNOC_MODULE_06 |        266 |        266 |       0 |    0 |   530 |      0 |      0 |          0 |
|           i_munoc_instance_1                                          |                                           MUNOC_MODULE_27 |         67 |         67 |       0 |    0 |   114 |      0 |      0 |          0 |
|             (i_munoc_instance_1)                                      |                                           MUNOC_MODULE_27 |          2 |          2 |       0 |    0 |     0 |      0 |      0 |          0 |
|             i_gen_rdata_buffer[0].i_munoc_instance_1                  |                          ERVP_ASYNCH_FIFO__parameterized2 |         40 |         40 |       0 |    0 |    80 |      0 |      0 |          0 |
|               (i_gen_rdata_buffer[0].i_munoc_instance_1)              |                          ERVP_ASYNCH_FIFO__parameterized2 |         38 |         38 |       0 |    0 |    72 |      0 |      0 |          0 |
|               i_rvx_instance_0                                        |                     ERVP_SYNCHRONIZER__parameterized4_115 |          1 |          1 |       0 |    0 |     4 |      0 |      0 |          0 |
|               i_rvx_instance_1                                        |                     ERVP_SYNCHRONIZER__parameterized4_116 |          1 |          1 |       0 |    0 |     4 |      0 |      0 |          0 |
|             i_munoc_instance_0                                        |                          ERVP_ASYNCH_FIFO__parameterized3 |         25 |         25 |       0 |    0 |    34 |      0 |      0 |          0 |
|               (i_munoc_instance_0)                                    |                          ERVP_ASYNCH_FIFO__parameterized3 |         22 |         22 |       0 |    0 |    26 |      0 |      0 |          0 |
|               i_rvx_instance_0                                        |                     ERVP_SYNCHRONIZER__parameterized4_113 |          1 |          1 |       0 |    0 |     4 |      0 |      0 |          0 |
|               i_rvx_instance_1                                        |                     ERVP_SYNCHRONIZER__parameterized4_114 |          2 |          2 |       0 |    0 |     4 |      0 |      0 |          0 |
|           i_munoc_instance_2                                          |                                           MUNOC_MODULE_21 |        113 |        113 |       0 |    0 |   305 |      0 |      0 |          0 |
|             i_munoc_instance_0                                        |                                           MUNOC_MODULE_46 |         89 |         89 |       0 |    0 |   224 |      0 |      0 |          0 |
|               i_gen_buffer[0].i_munoc_instance_1                      |                                          ERVP_ASYNCH_FIFO |         89 |         89 |       0 |    0 |   224 |      0 |      0 |          0 |
|                 (i_gen_buffer[0].i_munoc_instance_1)                  |                                          ERVP_ASYNCH_FIFO |         71 |         71 |       0 |    0 |   208 |      0 |      0 |          0 |
|                 i_rvx_instance_0                                      |                         ERVP_SYNCHRONIZER__parameterized3 |          2 |          2 |       0 |    0 |     8 |      0 |      0 |          0 |
|                 i_rvx_instance_1                                      |                     ERVP_SYNCHRONIZER__parameterized3_112 |         16 |         16 |       0 |    0 |     8 |      0 |      0 |          0 |
|             i_munoc_instance_1                                        |                                       MUNOC_MODULE_34_109 |          2 |          2 |       0 |    0 |     1 |      0 |      0 |          0 |
|             i_munoc_instance_2                                        |                           MUNOC_MODULE_46__parameterized0 |         24 |         24 |       0 |    0 |    80 |      0 |      0 |          0 |
|               i_gen_buffer[0].i_munoc_instance_1                      |                          ERVP_ASYNCH_FIFO__parameterized0 |         24 |         24 |       0 |    0 |    80 |      0 |      0 |          0 |
|                 (i_gen_buffer[0].i_munoc_instance_1)                  |                          ERVP_ASYNCH_FIFO__parameterized0 |         21 |         21 |       0 |    0 |    72 |      0 |      0 |          0 |
|                 i_rvx_instance_0                                      |                     ERVP_SYNCHRONIZER__parameterized4_110 |          2 |          2 |       0 |    0 |     4 |      0 |      0 |          0 |
|                 i_rvx_instance_1                                      |                     ERVP_SYNCHRONIZER__parameterized4_111 |          1 |          1 |       0 |    0 |     4 |      0 |      0 |          0 |
|           i_munoc_instance_3                                          |                                        MUNOC_MODULE_00_99 |          5 |          5 |       0 |    0 |     2 |      0 |      0 |          0 |
|           i_munoc_instance_4                                          |                                       MUNOC_MODULE_16_100 |         13 |         13 |       0 |    0 |    13 |      0 |      0 |          0 |
|             (i_munoc_instance_4)                                      |                                       MUNOC_MODULE_16_100 |          9 |          9 |       0 |    0 |    11 |      0 |      0 |          0 |
|             i_munoc_instance_0                                        |                       ERVP_SMALL_FIFO__parameterized2_107 |          4 |          4 |       0 |    0 |     2 |      0 |      0 |          0 |
|               i_rvx_instance_1                                        |                   ERVP_SHIFT_REGISTER__parameterized0_108 |          4 |          4 |       0 |    0 |     2 |      0 |      0 |          0 |
|           i_munoc_instance_5                                          |                          ERVP_ASYNCH_FIFO__parameterized1 |         14 |         14 |       0 |    0 |    32 |      0 |      0 |          0 |
|             (i_munoc_instance_5)                                      |                          ERVP_ASYNCH_FIFO__parameterized1 |         13 |         13 |       0 |    0 |    24 |      0 |      0 |          0 |
|             i_rvx_instance_0                                          |                     ERVP_SYNCHRONIZER__parameterized4_105 |          1 |          1 |       0 |    0 |     4 |      0 |      0 |          0 |
|             i_rvx_instance_1                                          |                     ERVP_SYNCHRONIZER__parameterized4_106 |          0 |          0 |       0 |    0 |     4 |      0 |      0 |          0 |
|           i_munoc_instance_6                                          |                          ERVP_ASYNCH_FIFO__parameterized4 |          5 |          5 |       0 |    0 |    16 |      0 |      0 |          0 |
|             (i_munoc_instance_6)                                      |                          ERVP_ASYNCH_FIFO__parameterized4 |          3 |          3 |       0 |    0 |     8 |      0 |      0 |          0 |
|             i_rvx_instance_0                                          |                         ERVP_SYNCHRONIZER__parameterized4 |          1 |          1 |       0 |    0 |     4 |      0 |      0 |          0 |
|             i_rvx_instance_1                                          |                     ERVP_SYNCHRONIZER__parameterized4_104 |          1 |          1 |       0 |    0 |     4 |      0 |      0 |          0 |
|           i_munoc_instance_7                                          |                                       MUNOC_MODULE_35_101 |         49 |         49 |       0 |    0 |    48 |      0 |      0 |          0 |
|             (i_munoc_instance_7)                                      |                                       MUNOC_MODULE_35_101 |          0 |          0 |       0 |    0 |     3 |      0 |      0 |          0 |
|             i_munoc_instance_0                                        |                                       MUNOC_MODULE_29_102 |         17 |         17 |       0 |    0 |    10 |      0 |      0 |          0 |
|             i_munoc_instance_1                                        |                                       MUNOC_MODULE_40_103 |         32 |         32 |       0 |    0 |    35 |      0 |      0 |          0 |
|       i_snim_i_system_sram_no_name                                    |                  MUNOC_AXI_SLAVE_NETWORK_INTERFACE_MODULE |        416 |        416 |       0 |    0 |   687 |      0 |      0 |          0 |
|         (i_snim_i_system_sram_no_name)                                |                  MUNOC_AXI_SLAVE_NETWORK_INTERFACE_MODULE |          1 |          1 |       0 |    0 |     0 |      0 |      0 |          0 |
|         i_munoc_instance_0                                            |                                           MUNOC_MODULE_36 |        414 |        414 |       0 |    0 |   687 |      0 |      0 |          0 |
|           i_munoc_instance_0                                          |                                        MUNOC_MODULE_35_75 |         46 |         46 |       0 |    0 |    57 |      0 |      0 |          0 |
|             (i_munoc_instance_0)                                      |                                        MUNOC_MODULE_35_75 |          0 |          0 |       0 |    0 |     3 |      0 |      0 |          0 |
|             i_munoc_instance_0                                        |                                        MUNOC_MODULE_29_96 |         13 |         13 |       0 |    0 |    15 |      0 |      0 |          0 |
|             i_munoc_instance_1                                        |                                        MUNOC_MODULE_40_97 |         33 |         33 |       0 |    0 |    39 |      0 |      0 |          0 |
|           i_munoc_instance_1                                          |                                           MUNOC_MODULE_25 |        103 |        103 |       0 |    0 |   184 |      0 |      0 |          0 |
|             i_gen_rdata_buffer[0].i_munoc_instance_1                  |                          ERVP_SMALL_FIFO__parameterized22 |         74 |         74 |       0 |    0 |   140 |      0 |      0 |          0 |
|               (i_gen_rdata_buffer[0].i_munoc_instance_1)              |                          ERVP_SMALL_FIFO__parameterized22 |          0 |          0 |       0 |    0 |   128 |      0 |      0 |          0 |
|               i_rvx_instance_0                                        |      ERVP_COUNTER_WITH_ONEHOT_ENCODING__parameterized4_93 |         67 |         67 |       0 |    0 |     4 |      0 |      0 |          0 |
|               i_rvx_instance_1                                        |                    ERVP_SHIFT_REGISTER__parameterized2_94 |          3 |          3 |       0 |    0 |     4 |      0 |      0 |          0 |
|               i_rvx_instance_2                                        |      ERVP_COUNTER_WITH_ONEHOT_ENCODING__parameterized4_95 |          4 |          4 |       0 |    0 |     4 |      0 |      0 |          0 |
|             i_munoc_instance_0                                        |                          ERVP_SMALL_FIFO__parameterized23 |         30 |         30 |       0 |    0 |    44 |      0 |      0 |          0 |
|               (i_munoc_instance_0)                                    |                          ERVP_SMALL_FIFO__parameterized23 |          2 |          2 |       0 |    0 |    32 |      0 |      0 |          0 |
|               i_rvx_instance_0                                        |      ERVP_COUNTER_WITH_ONEHOT_ENCODING__parameterized4_90 |         19 |         19 |       0 |    0 |     4 |      0 |      0 |          0 |
|               i_rvx_instance_1                                        |                    ERVP_SHIFT_REGISTER__parameterized2_91 |          5 |          5 |       0 |    0 |     4 |      0 |      0 |          0 |
|               i_rvx_instance_2                                        |      ERVP_COUNTER_WITH_ONEHOT_ENCODING__parameterized4_92 |          4 |          4 |       0 |    0 |     4 |      0 |      0 |          0 |
|           i_munoc_instance_2                                          |                                           MUNOC_MODULE_47 |        222 |        222 |       0 |    0 |   405 |      0 |      0 |          0 |
|             i_munoc_instance_0                                        |                        MUNOC_MODULE_31__parameterized2_82 |        143 |        143 |       0 |    0 |   248 |      0 |      0 |          0 |
|               i_gen_buffer[0].i_munoc_instance_0                      |                       ERVP_SMALL_FIFO__parameterized18_86 |        143 |        143 |       0 |    0 |   248 |      0 |      0 |          0 |
|                 (i_gen_buffer[0].i_munoc_instance_0)                  |                       ERVP_SMALL_FIFO__parameterized18_86 |          0 |          0 |       0 |    0 |   224 |      0 |      0 |          0 |
|                 i_rvx_instance_0                                      |                      ERVP_COUNTER_WITH_ONEHOT_ENCODING_87 |        128 |        128 |       0 |    0 |     8 |      0 |      0 |          0 |
|                 i_rvx_instance_1                                      |                                    ERVP_SHIFT_REGISTER_88 |         15 |         15 |       0 |    0 |     8 |      0 |      0 |          0 |
|                 i_rvx_instance_2                                      |                      ERVP_COUNTER_WITH_ONEHOT_ENCODING_89 |          0 |          0 |       0 |    0 |     8 |      0 |      0 |          0 |
|             i_munoc_instance_1                                        |                                        MUNOC_MODULE_34_83 |          0 |          0 |       0 |    0 |     1 |      0 |      0 |          0 |
|             i_munoc_instance_2                                        |                           MUNOC_MODULE_31__parameterized3 |         79 |         79 |       0 |    0 |   156 |      0 |      0 |          0 |
|               i_gen_buffer[0].i_munoc_instance_0                      |                          ERVP_SMALL_FIFO__parameterized19 |         79 |         79 |       0 |    0 |   156 |      0 |      0 |          0 |
|                 (i_gen_buffer[0].i_munoc_instance_0)                  |                          ERVP_SMALL_FIFO__parameterized19 |          0 |          0 |       0 |    0 |   144 |      0 |      0 |          0 |
|                 i_rvx_instance_0                                      |         ERVP_COUNTER_WITH_ONEHOT_ENCODING__parameterized4 |         72 |         72 |       0 |    0 |     4 |      0 |      0 |          0 |
|                 i_rvx_instance_1                                      |                    ERVP_SHIFT_REGISTER__parameterized2_84 |          7 |          7 |       0 |    0 |     4 |      0 |      0 |          0 |
|                 i_rvx_instance_2                                      |      ERVP_COUNTER_WITH_ONEHOT_ENCODING__parameterized4_85 |          0 |          0 |       0 |    0 |     4 |      0 |      0 |          0 |
|           i_munoc_instance_3                                          |                           MUNOC_MODULE_16__parameterized0 |         16 |         16 |       0 |    0 |    15 |      0 |      0 |          0 |
|             (i_munoc_instance_3)                                      |                           MUNOC_MODULE_16__parameterized0 |          9 |          9 |       0 |    0 |    11 |      0 |      0 |          0 |
|             i_munoc_instance_0                                        |                          ERVP_SMALL_FIFO__parameterized21 |          7 |          7 |       0 |    0 |     4 |      0 |      0 |          0 |
|               i_rvx_instance_1                                        |                    ERVP_SHIFT_REGISTER__parameterized2_81 |          7 |          7 |       0 |    0 |     4 |      0 |      0 |          0 |
|           i_munoc_instance_4                                          |                          ERVP_SMALL_FIFO__parameterized24 |          4 |          4 |       0 |    0 |     4 |      0 |      0 |          0 |
|             i_rvx_instance_1                                          |                       ERVP_SHIFT_REGISTER__parameterized2 |          4 |          4 |       0 |    0 |     4 |      0 |      0 |          0 |
|           i_munoc_instance_5                                          |                                        MUNOC_MODULE_00_76 |         11 |         11 |       0 |    0 |     2 |      0 |      0 |          0 |
|           i_munoc_instance_6                                          |                       ERVP_SMALL_FIFO__parameterized20_77 |         12 |         12 |       0 |    0 |    20 |      0 |      0 |          0 |
|             (i_munoc_instance_6)                                      |                       ERVP_SMALL_FIFO__parameterized20_77 |          0 |          0 |       0 |    0 |    14 |      0 |      0 |          0 |
|             i_rvx_instance_0                                          |      ERVP_COUNTER_WITH_ONEHOT_ENCODING__parameterized0_78 |          9 |          9 |       0 |    0 |     2 |      0 |      0 |          0 |
|             i_rvx_instance_1                                          |                    ERVP_SHIFT_REGISTER__parameterized0_79 |          1 |          1 |       0 |    0 |     2 |      0 |      0 |          0 |
|             i_rvx_instance_2                                          |      ERVP_COUNTER_WITH_ONEHOT_ENCODING__parameterized0_80 |          2 |          2 |       0 |    0 |     2 |      0 |      0 |          0 |
|         i_munoc_instance_1                                            |                           MUNOC_MODULE_14__parameterized0 |          1 |          1 |       0 |    0 |     0 |      0 |      0 |          0 |
|       i_snim_platform_controller_no_name                              |                MUNOC_APB_SLAVE_NETWORK_INTERFACE_MODULE_6 |        472 |        472 |       0 |    0 |   828 |      0 |      0 |          0 |
|         (i_snim_platform_controller_no_name)                          |                MUNOC_APB_SLAVE_NETWORK_INTERFACE_MODULE_6 |          1 |          1 |       0 |    0 |     0 |      0 |      0 |          0 |
|         i_munoc_instance_0                                            |                           MUNOC_MODULE_36__parameterized0 |        314 |        314 |       0 |    0 |   504 |      0 |      0 |          0 |
|           i_munoc_instance_0                                          |                                           MUNOC_MODULE_35 |         41 |         41 |       0 |    0 |    52 |      0 |      0 |          0 |
|             (i_munoc_instance_0)                                      |                                           MUNOC_MODULE_35 |          2 |          2 |       0 |    0 |     3 |      0 |      0 |          0 |
|             i_munoc_instance_0                                        |                                           MUNOC_MODULE_29 |         10 |         10 |       0 |    0 |    10 |      0 |      0 |          0 |
|             i_munoc_instance_1                                        |                                           MUNOC_MODULE_40 |         29 |         29 |       0 |    0 |    39 |      0 |      0 |          0 |
|           i_munoc_instance_1                                          |                           MUNOC_MODULE_25__parameterized0 |         55 |         55 |       0 |    0 |    94 |      0 |      0 |          0 |
|             i_gen_rdata_buffer[0].i_munoc_instance_1                  |                          ERVP_SMALL_FIFO__parameterized26 |         39 |         39 |       0 |    0 |    70 |      0 |      0 |          0 |
|               (i_gen_rdata_buffer[0].i_munoc_instance_1)              |                          ERVP_SMALL_FIFO__parameterized26 |          0 |          0 |       0 |    0 |    64 |      0 |      0 |          0 |
|               i_rvx_instance_0                                        |      ERVP_COUNTER_WITH_ONEHOT_ENCODING__parameterized0_72 |         32 |         32 |       0 |    0 |     2 |      0 |      0 |          0 |
|               i_rvx_instance_1                                        |                    ERVP_SHIFT_REGISTER__parameterized0_73 |          6 |          6 |       0 |    0 |     2 |      0 |      0 |          0 |
|               i_rvx_instance_2                                        |      ERVP_COUNTER_WITH_ONEHOT_ENCODING__parameterized0_74 |          1 |          1 |       0 |    0 |     2 |      0 |      0 |          0 |
|             i_munoc_instance_0                                        |                          ERVP_SMALL_FIFO__parameterized27 |         17 |         17 |       0 |    0 |    24 |      0 |      0 |          0 |
|               (i_munoc_instance_0)                                    |                          ERVP_SMALL_FIFO__parameterized27 |          2 |          2 |       0 |    0 |    18 |      0 |      0 |          0 |
|               i_rvx_instance_0                                        |      ERVP_COUNTER_WITH_ONEHOT_ENCODING__parameterized0_69 |         11 |         11 |       0 |    0 |     2 |      0 |      0 |          0 |
|               i_rvx_instance_1                                        |                    ERVP_SHIFT_REGISTER__parameterized0_70 |          3 |          3 |       0 |    0 |     2 |      0 |      0 |          0 |
|               i_rvx_instance_2                                        |      ERVP_COUNTER_WITH_ONEHOT_ENCODING__parameterized0_71 |          1 |          1 |       0 |    0 |     2 |      0 |      0 |          0 |
|           i_munoc_instance_2                                          |                           MUNOC_MODULE_47__parameterized0 |        185 |        185 |       0 |    0 |   319 |      0 |      0 |          0 |
|             i_munoc_instance_0                                        |                           MUNOC_MODULE_31__parameterized2 |        147 |        147 |       0 |    0 |   248 |      0 |      0 |          0 |
|               i_gen_buffer[0].i_munoc_instance_0                      |                          ERVP_SMALL_FIFO__parameterized18 |        147 |        147 |       0 |    0 |   248 |      0 |      0 |          0 |
|                 (i_gen_buffer[0].i_munoc_instance_0)                  |                          ERVP_SMALL_FIFO__parameterized18 |          0 |          0 |       0 |    0 |   224 |      0 |      0 |          0 |
|                 i_rvx_instance_0                                      |                         ERVP_COUNTER_WITH_ONEHOT_ENCODING |        130 |        130 |       0 |    0 |     8 |      0 |      0 |          0 |
|                 i_rvx_instance_1                                      |                                       ERVP_SHIFT_REGISTER |         13 |         13 |       0 |    0 |     8 |      0 |      0 |          0 |
|                 i_rvx_instance_2                                      |                      ERVP_COUNTER_WITH_ONEHOT_ENCODING_68 |          4 |          4 |       0 |    0 |     8 |      0 |      0 |          0 |
|             i_munoc_instance_1                                        |                                           MUNOC_MODULE_34 |          0 |          0 |       0 |    0 |     1 |      0 |      0 |          0 |
|             i_munoc_instance_2                                        |                           MUNOC_MODULE_31__parameterized4 |         39 |         39 |       0 |    0 |    70 |      0 |      0 |          0 |
|               i_gen_buffer[0].i_munoc_instance_0                      |                          ERVP_SMALL_FIFO__parameterized25 |         39 |         39 |       0 |    0 |    70 |      0 |      0 |          0 |
|                 (i_gen_buffer[0].i_munoc_instance_0)                  |                          ERVP_SMALL_FIFO__parameterized25 |          0 |          0 |       0 |    0 |    64 |      0 |      0 |          0 |
|                 i_rvx_instance_0                                      |      ERVP_COUNTER_WITH_ONEHOT_ENCODING__parameterized0_65 |         34 |         34 |       0 |    0 |     2 |      0 |      0 |          0 |
|                 i_rvx_instance_1                                      |                    ERVP_SHIFT_REGISTER__parameterized0_66 |          3 |          3 |       0 |    0 |     2 |      0 |      0 |          0 |
|                 i_rvx_instance_2                                      |      ERVP_COUNTER_WITH_ONEHOT_ENCODING__parameterized0_67 |          2 |          2 |       0 |    0 |     2 |      0 |      0 |          0 |
|           i_munoc_instance_3                                          |                                           MUNOC_MODULE_16 |         13 |         13 |       0 |    0 |    13 |      0 |      0 |          0 |
|             (i_munoc_instance_3)                                      |                                           MUNOC_MODULE_16 |          9 |          9 |       0 |    0 |    11 |      0 |      0 |          0 |
|             i_munoc_instance_0                                        |                           ERVP_SMALL_FIFO__parameterized2 |          4 |          4 |       0 |    0 |     2 |      0 |      0 |          0 |
|               i_rvx_instance_1                                        |                    ERVP_SHIFT_REGISTER__parameterized0_64 |          4 |          4 |       0 |    0 |     2 |      0 |      0 |          0 |
|           i_munoc_instance_4                                          |                          ERVP_SMALL_FIFO__parameterized28 |          2 |          2 |       0 |    0 |     2 |      0 |      0 |          0 |
|             i_rvx_instance_1                                          |                    ERVP_SHIFT_REGISTER__parameterized0_63 |          2 |          2 |       0 |    0 |     2 |      0 |      0 |          0 |
|           i_munoc_instance_5                                          |                                           MUNOC_MODULE_00 |          4 |          4 |       0 |    0 |     2 |      0 |      0 |          0 |
|           i_munoc_instance_6                                          |                          ERVP_SMALL_FIFO__parameterized20 |         14 |         14 |       0 |    0 |    22 |      0 |      0 |          0 |
|             (i_munoc_instance_6)                                      |                          ERVP_SMALL_FIFO__parameterized20 |          0 |          0 |       0 |    0 |    16 |      0 |      0 |          0 |
|             i_rvx_instance_0                                          |         ERVP_COUNTER_WITH_ONEHOT_ENCODING__parameterized0 |         10 |         10 |       0 |    0 |     2 |      0 |      0 |          0 |
|             i_rvx_instance_1                                          |                       ERVP_SHIFT_REGISTER__parameterized0 |          2 |          2 |       0 |    0 |     2 |      0 |      0 |          0 |
|             i_rvx_instance_2                                          |      ERVP_COUNTER_WITH_ONEHOT_ENCODING__parameterized0_62 |          2 |          2 |       0 |    0 |     2 |      0 |      0 |          0 |
|         i_munoc_instance_1                                            |                                           MUNOC_MODULE_08 |        157 |        157 |       0 |    0 |   324 |      0 |      0 |          0 |
|           (i_munoc_instance_1)                                        |                                           MUNOC_MODULE_08 |          1 |          1 |       0 |    0 |     0 |      0 |      0 |          0 |
|           i_munoc_instance_3                                          |                                  MUNOC_AXI2APB_CONVERTER_ |        156 |        156 |       0 |    0 |   324 |      0 |      0 |          0 |
|             i_munoc_instance_0                                        |                                            RVX_MODULE_007 |         62 |         62 |       0 |    0 |   152 |      0 |      0 |          0 |
|               i_rvx_instance_0                                        |                                            RVX_MODULE_017 |          3 |          3 |       0 |    0 |     3 |      0 |      0 |          0 |
|               i_rvx_instance_1                                        |                                         RVX_MODULE_022_52 |         60 |         60 |       0 |    0 |   149 |      0 |      0 |          0 |
|                 i_rvx_instance_0                                      |                              ERVP_FIFO__parameterized0_53 |         17 |         17 |       0 |    0 |    35 |      0 |      0 |          0 |
|                   (i_rvx_instance_0)                                  |                              ERVP_FIFO__parameterized0_53 |          0 |          0 |       0 |    0 |    28 |      0 |      0 |          0 |
|                   i_rvx_instance_0                                    |                           ERVP_COUNTER__parameterized6_58 |          1 |          1 |       0 |    0 |     2 |      0 |      0 |          0 |
|                   i_rvx_instance_2                                    |                    ERVP_UPDOWN_COUNTER__parameterized2_59 |          9 |          9 |       0 |    0 |     3 |      0 |      0 |          0 |
|                   i_rvx_instance_3                                    |                           ERVP_COUNTER__parameterized6_60 |          0 |          0 |       0 |    0 |     2 |      0 |      0 |          0 |
|                   i_rvx_instance_4                                    |                               ERVP_MUX__parameterized5_61 |          7 |          7 |       0 |    0 |     0 |      0 |      0 |          0 |
|                 i_rvx_instance_1                                      |                        ERVP_SMALL_FIFO__parameterized4_54 |         43 |         43 |       0 |    0 |   114 |      0 |      0 |          0 |
|                   (i_rvx_instance_1)                                  |                        ERVP_SMALL_FIFO__parameterized4_54 |          0 |          0 |       0 |    0 |   105 |      0 |      0 |          0 |
|                   i_rvx_instance_0                                    |      ERVP_COUNTER_WITH_ONEHOT_ENCODING__parameterized3_55 |         35 |         35 |       0 |    0 |     3 |      0 |      0 |          0 |
|                   i_rvx_instance_1                                    |                    ERVP_SHIFT_REGISTER__parameterized1_56 |          5 |          5 |       0 |    0 |     3 |      0 |      0 |          0 |
|                   i_rvx_instance_2                                    |      ERVP_COUNTER_WITH_ONEHOT_ENCODING__parameterized3_57 |          3 |          3 |       0 |    0 |     3 |      0 |      0 |          0 |
|             i_munoc_instance_1                                        |                                           MUNOC_AXI2LPIXS |         94 |         94 |       0 |    0 |   172 |      0 |      0 |          0 |
|               i_rvx_instance_0                                        |                                         RVX_MODULE_095_43 |         50 |         50 |       0 |    0 |   134 |      0 |      0 |          0 |
|                 i_rvx_instance_0                                      |                        ERVP_SMALL_FIFO__parameterized3_47 |         46 |         46 |       0 |    0 |   132 |      0 |      0 |          0 |
|                   (i_rvx_instance_0)                                  |                        ERVP_SMALL_FIFO__parameterized3_47 |          0 |          0 |       0 |    0 |   123 |      0 |      0 |          0 |
|                   i_rvx_instance_0                                    |      ERVP_COUNTER_WITH_ONEHOT_ENCODING__parameterized3_49 |         43 |         43 |       0 |    0 |     3 |      0 |      0 |          0 |
|                   i_rvx_instance_1                                    |                    ERVP_SHIFT_REGISTER__parameterized1_50 |          3 |          3 |       0 |    0 |     3 |      0 |      0 |          0 |
|                   i_rvx_instance_2                                    |      ERVP_COUNTER_WITH_ONEHOT_ENCODING__parameterized3_51 |          0 |          0 |       0 |    0 |     3 |      0 |      0 |          0 |
|                 i_rvx_instance_1                                      |                                           ERVP_GRANTER_48 |          4 |          4 |       0 |    0 |     2 |      0 |      0 |          0 |
|               i_rvx_instance_1                                        |                                         RVX_MODULE_092_44 |         44 |         44 |       0 |    0 |    38 |      0 |      0 |          0 |
|                 i_rvx_instance_0                                      |                                         RVX_MODULE_036_45 |         44 |         44 |       0 |    0 |    38 |      0 |      0 |          0 |
|                   (i_rvx_instance_0)                                  |                                         RVX_MODULE_036_45 |          1 |          1 |       0 |    0 |     8 |      0 |      0 |          0 |
|                   i_rvx_instance_0                                    |                                         RVX_MODULE_111_46 |         44 |         44 |       0 |    0 |    30 |      0 |      0 |          0 |
|       i_system_router                                                 |                                 MUNOC_NETWORK_DUAL_ROUTER |       1106 |       1106 |       0 |    0 |   516 |      0 |      0 |          0 |
|         i_munoc_instance_0                                            |                                      MUNOC_NETWORK_ROUTER |        574 |        574 |       0 |    0 |   240 |      0 |      0 |          0 |
|           i_arbiter_gen[0].i_munoc_instance_2                         |                                           MUNOC_MODULE_38 |         87 |         87 |       0 |    0 |     9 |      0 |      0 |          0 |
|           i_arbiter_gen[1].i_munoc_instance_2                         |                                        MUNOC_MODULE_38_32 |         93 |         93 |       0 |    0 |     9 |      0 |      0 |          0 |
|           i_arbiter_gen[2].i_munoc_instance_2                         |                                        MUNOC_MODULE_38_33 |         64 |         64 |       0 |    0 |     9 |      0 |      0 |          0 |
|           i_arbiter_gen[3].i_munoc_instance_2                         |                                        MUNOC_MODULE_38_34 |         88 |         88 |       0 |    0 |     9 |      0 |      0 |          0 |
|           i_arbiter_gen[4].i_munoc_instance_2                         |                                        MUNOC_MODULE_38_35 |         90 |         90 |       0 |    0 |     9 |      0 |      0 |          0 |
|           i_arbiter_gen[5].i_munoc_instance_2                         |                                        MUNOC_MODULE_38_36 |         90 |         90 |       0 |    0 |     9 |      0 |      0 |          0 |
|           i_input_port_with_routinhg_info[0].i_munoc_instance_1       |                                           MUNOC_MODULE_04 |         14 |         14 |       0 |    0 |    44 |      0 |      0 |          0 |
|             (i_input_port_with_routinhg_info[0].i_munoc_instance_1)   |                                           MUNOC_MODULE_04 |          0 |          0 |       0 |    0 |     4 |      0 |      0 |          0 |
|             i_munoc_instance_1                                        |                                         RVX_MODULE_076_42 |         14 |         14 |       0 |    0 |    40 |      0 |      0 |          0 |
|           i_input_port_with_routinhg_info[1].i_munoc_instance_1       |                                        MUNOC_MODULE_04_37 |         20 |         20 |       0 |    0 |    48 |      0 |      0 |          0 |
|             (i_input_port_with_routinhg_info[1].i_munoc_instance_1)   |                                        MUNOC_MODULE_04_37 |          0 |          0 |       0 |    0 |     4 |      0 |      0 |          0 |
|             i_munoc_instance_1                                        |                                         RVX_MODULE_076_41 |         20 |         20 |       0 |    0 |    44 |      0 |      0 |          0 |
|           i_input_port_with_routinhg_info[2].i_munoc_instance_1       |                                        MUNOC_MODULE_04_38 |         13 |         13 |       0 |    0 |    44 |      0 |      0 |          0 |
|             (i_input_port_with_routinhg_info[2].i_munoc_instance_1)   |                                        MUNOC_MODULE_04_38 |          0 |          0 |       0 |    0 |     4 |      0 |      0 |          0 |
|             i_munoc_instance_1                                        |                                         RVX_MODULE_076_40 |         13 |         13 |       0 |    0 |    40 |      0 |      0 |          0 |
|           i_input_port_with_routinhg_info[3].i_munoc_instance_1       |                                        MUNOC_MODULE_04_39 |         15 |         15 |       0 |    0 |    50 |      0 |      0 |          0 |
|             (i_input_port_with_routinhg_info[3].i_munoc_instance_1)   |                                        MUNOC_MODULE_04_39 |          0 |          0 |       0 |    0 |     4 |      0 |      0 |          0 |
|             i_munoc_instance_1                                        |                                            RVX_MODULE_076 |         15 |         15 |       0 |    0 |    46 |      0 |      0 |          0 |
|         i_munoc_instance_1                                            |                      MUNOC_NETWORK_ROUTER__parameterized0 |        532 |        532 |       0 |    0 |   276 |      0 |      0 |          0 |
|           (i_munoc_instance_1)                                        |                      MUNOC_NETWORK_ROUTER__parameterized0 |         10 |         10 |       0 |    0 |     0 |      0 |      0 |          0 |
|           i_arbiter_gen[0].i_munoc_instance_2                         |                           MUNOC_MODULE_38__parameterized0 |        106 |        106 |       0 |    0 |    13 |      0 |      0 |          0 |
|           i_arbiter_gen[1].i_munoc_instance_2                         |                        MUNOC_MODULE_38__parameterized0_19 |        106 |        106 |       0 |    0 |    13 |      0 |      0 |          0 |
|           i_arbiter_gen[2].i_munoc_instance_2                         |                        MUNOC_MODULE_38__parameterized0_20 |        107 |        107 |       0 |    0 |    13 |      0 |      0 |          0 |
|           i_arbiter_gen[3].i_munoc_instance_2                         |                        MUNOC_MODULE_38__parameterized0_21 |        106 |        106 |       0 |    0 |    13 |      0 |      0 |          0 |
|           i_input_port_with_routinhg_info[0].i_munoc_instance_1       |                           MUNOC_MODULE_04__parameterized0 |         12 |         12 |       0 |    0 |    40 |      0 |      0 |          0 |
|             (i_input_port_with_routinhg_info[0].i_munoc_instance_1)   |                           MUNOC_MODULE_04__parameterized0 |          0 |          0 |       0 |    0 |     4 |      0 |      0 |          0 |
|             i_munoc_instance_1                                        |                         RVX_MODULE_076__parameterized0_31 |         12 |         12 |       0 |    0 |    36 |      0 |      0 |          0 |
|           i_input_port_with_routinhg_info[1].i_munoc_instance_1       |                        MUNOC_MODULE_04__parameterized0_22 |         12 |         12 |       0 |    0 |    40 |      0 |      0 |          0 |
|             (i_input_port_with_routinhg_info[1].i_munoc_instance_1)   |                        MUNOC_MODULE_04__parameterized0_22 |          0 |          0 |       0 |    0 |     4 |      0 |      0 |          0 |
|             i_munoc_instance_1                                        |                         RVX_MODULE_076__parameterized0_30 |         12 |         12 |       0 |    0 |    36 |      0 |      0 |          0 |
|           i_input_port_with_routinhg_info[2].i_munoc_instance_1       |                        MUNOC_MODULE_04__parameterized0_23 |         16 |         16 |       0 |    0 |    40 |      0 |      0 |          0 |
|             (i_input_port_with_routinhg_info[2].i_munoc_instance_1)   |                        MUNOC_MODULE_04__parameterized0_23 |          0 |          0 |       0 |    0 |     4 |      0 |      0 |          0 |
|             i_munoc_instance_1                                        |                         RVX_MODULE_076__parameterized0_29 |         16 |         16 |       0 |    0 |    36 |      0 |      0 |          0 |
|           i_input_port_with_routinhg_info[3].i_munoc_instance_1       |                        MUNOC_MODULE_04__parameterized0_24 |         25 |         25 |       0 |    0 |    40 |      0 |      0 |          0 |
|             (i_input_port_with_routinhg_info[3].i_munoc_instance_1)   |                        MUNOC_MODULE_04__parameterized0_24 |          0 |          0 |       0 |    0 |     4 |      0 |      0 |          0 |
|             i_munoc_instance_1                                        |                         RVX_MODULE_076__parameterized0_28 |         25 |         25 |       0 |    0 |    36 |      0 |      0 |          0 |
|           i_input_port_with_routinhg_info[4].i_munoc_instance_1       |                        MUNOC_MODULE_04__parameterized0_25 |         16 |         16 |       0 |    0 |    40 |      0 |      0 |          0 |
|             (i_input_port_with_routinhg_info[4].i_munoc_instance_1)   |                        MUNOC_MODULE_04__parameterized0_25 |          0 |          0 |       0 |    0 |     4 |      0 |      0 |          0 |
|             i_munoc_instance_1                                        |                         RVX_MODULE_076__parameterized0_27 |         16 |         16 |       0 |    0 |    36 |      0 |      0 |          0 |
|           i_input_port_with_routinhg_info[5].i_munoc_instance_1       |                        MUNOC_MODULE_04__parameterized0_26 |         16 |         16 |       0 |    0 |    24 |      0 |      0 |          0 |
|             (i_input_port_with_routinhg_info[5].i_munoc_instance_1)   |                        MUNOC_MODULE_04__parameterized0_26 |          0 |          0 |       0 |    0 |     4 |      0 |      0 |          0 |
|             i_munoc_instance_1                                        |                            RVX_MODULE_076__parameterized0 |         16 |         16 |       0 |    0 |    20 |      0 |      0 |          0 |
|       platform_controller                                             |                                  ERVP_PLATFORM_CONTROLLER |       2470 |       2470 |       0 |    0 |  5004 |      0 |      0 |          0 |
|         i_rvx_instance_1                                              |                                            RVX_MODULE_118 |         32 |         32 |       0 |    0 |    77 |      0 |      0 |          0 |
|           i_rvx_instance_5                                            |                                         RVX_MODULE_101_17 |         32 |         32 |       0 |    0 |    77 |      0 |      0 |          0 |
|             (i_rvx_instance_5)                                        |                                         RVX_MODULE_101_17 |          0 |          0 |       0 |    0 |     3 |      0 |      0 |          0 |
|             i_rvx_instance_0                                          |                                         RVX_MODULE_026_18 |         32 |         32 |       0 |    0 |    74 |      0 |      0 |          0 |
|         i_rvx_instance_2                                              |                              ERVP_APB_BUS__parameterized2 |         11 |         11 |       0 |    0 |     0 |      0 |      0 |          0 |
|           i_rvx_instance_0                                            |                            RVX_MODULE_051__parameterized2 |         11 |         11 |       0 |    0 |     0 |      0 |      0 |          0 |
|         i_rvx_instance_3                                              |                                            RVX_MODULE_123 |        792 |        792 |       0 |    0 |    25 |      0 |      0 |          0 |
|           (i_rvx_instance_3)                                          |                                            RVX_MODULE_123 |        780 |        780 |       0 |    0 |    19 |      0 |      0 |          0 |
|           i_rvx_instance_1                                            |                              ERVP_COUNTER__parameterized5 |         12 |         12 |       0 |    0 |     6 |      0 |      0 |          0 |
|         i_rvx_instance_4                                              |                                            RVX_MODULE_009 |       1496 |       1496 |       0 |    0 |  4606 |      0 |      0 |          0 |
|           (i_rvx_instance_4)                                          |                                            RVX_MODULE_009 |          1 |          1 |       0 |    0 |     0 |      0 |      0 |          0 |
|           i_rvx_instance_0                                            |                                            RVX_MODULE_103 |        100 |        100 |       0 |    0 |   127 |      0 |      0 |          0 |
|             (i_rvx_instance_0)                                        |                                            RVX_MODULE_103 |          9 |          9 |       0 |    0 |    47 |      0 |      0 |          0 |
|             i_rvx_instance_0                                          |                            RVX_MODULE_013__parameterized0 |          1 |          1 |       0 |    0 |    64 |      0 |      0 |          0 |
|             i_rvx_instance_1                                          |                                            RVX_MODULE_013 |         90 |         90 |       0 |    0 |    16 |      0 |      0 |          0 |
|           i_rvx_instance_1                                            |                                            RVX_MODULE_029 |       1234 |       1234 |       0 |    0 |  4234 |      0 |      0 |          0 |
|             (i_rvx_instance_1)                                        |                                            RVX_MODULE_029 |          0 |          0 |       0 |    0 |     5 |      0 |      0 |          0 |
|             i_rvx_instance_0                                          |                                       ERVP_SYNCHRONIZER_9 |          1 |          1 |       0 |    0 |     2 |      0 |      0 |          0 |
|             i_rvx_instance_1                                          |                      ERVP_SYNCHRONIZER__parameterized0_10 |          0 |          0 |       0 |    0 |    66 |      0 |      0 |          0 |
|             i_rvx_instance_2                                          |                                                 ERVP_FIFO |        635 |        635 |       0 |    0 |  2084 |      0 |      0 |          0 |
|               (i_rvx_instance_2)                                      |                                                 ERVP_FIFO |          0 |          0 |       0 |    0 |  2048 |      0 |      0 |          0 |
|               i_rvx_instance_0                                        |                           ERVP_COUNTER__parameterized3_13 |          4 |          4 |       0 |    0 |    18 |      0 |      0 |          0 |
|               i_rvx_instance_1                                        |                       ERVP_UPDOWN_COUNTER__parameterized1 |          3 |          3 |       0 |    0 |     6 |      0 |      0 |          0 |
|               i_rvx_instance_2                                        |                    ERVP_UPDOWN_COUNTER__parameterized0_14 |         19 |         19 |       0 |    0 |     6 |      0 |      0 |          0 |
|               i_rvx_instance_3                                        |                           ERVP_COUNTER__parameterized3_15 |         66 |         66 |       0 |    0 |     6 |      0 |      0 |          0 |
|               i_rvx_instance_4                                        |                                               ERVP_MUX_16 |        544 |        544 |       0 |    0 |     0 |      0 |      0 |          0 |
|             i_rvx_instance_3                                          |                                              ERVP_FIFO_11 |        598 |        598 |       0 |    0 |  2077 |      0 |      0 |          0 |
|               (i_rvx_instance_3)                                      |                                              ERVP_FIFO_11 |          0 |          0 |       0 |    0 |  2048 |      0 |      0 |          0 |
|               i_rvx_instance_0                                        |                              ERVP_COUNTER__parameterized3 |          4 |          4 |       0 |    0 |    17 |      0 |      0 |          0 |
|               i_rvx_instance_2                                        |                       ERVP_UPDOWN_COUNTER__parameterized0 |         10 |         10 |       0 |    0 |     6 |      0 |      0 |          0 |
|               i_rvx_instance_3                                        |                           ERVP_COUNTER__parameterized3_12 |         40 |         40 |       0 |    0 |     6 |      0 |      0 |          0 |
|               i_rvx_instance_4                                        |                                                  ERVP_MUX |        544 |        544 |       0 |    0 |     0 |      0 |      0 |          0 |
|           i_rvx_instance_2                                            |                                            RVX_MODULE_065 |        155 |        155 |       0 |    0 |   119 |      0 |      0 |          0 |
|             (i_rvx_instance_2)                                        |                                            RVX_MODULE_065 |        115 |        115 |       0 |    0 |   103 |      0 |      0 |          0 |
|             i_rvx_instance_0                                          |                              ERVP_COUNTER__parameterized4 |         41 |         41 |       0 |    0 |    16 |      0 |      0 |          0 |
|           i_rvx_instance_3                                            |                                            RVX_MODULE_108 |          7 |          7 |       0 |    0 |   126 |      0 |      0 |          0 |
|             (i_rvx_instance_3)                                        |                                            RVX_MODULE_108 |          0 |          0 |       0 |    0 |    34 |      0 |      0 |          0 |
|             i_rvx_instance_0                                          |                         ERVP_SYNCHRONIZER__parameterized1 |          5 |          5 |       0 |    0 |    78 |      0 |      0 |          0 |
|             i_rvx_instance_1                                          |                         ERVP_SYNCHRONIZER__parameterized0 |          2 |          2 |       0 |    0 |    14 |      0 |      0 |          0 |
|         i_rvx_instance_5                                              |                                            RVX_MODULE_058 |        142 |        142 |       0 |    0 |   296 |      0 |      0 |          0 |
|           (i_rvx_instance_5)                                          |                                            RVX_MODULE_058 |          1 |          1 |       0 |    0 |     7 |      0 |      0 |          0 |
|           i_rvx_instance_0                                            |                                         ERVP_SYNCHRONIZER |          3 |          3 |       0 |    0 |     0 |      0 |      0 |          0 |
|           i_rvx_instance_1                                            |                         ERVP_SYNCHRONIZER__parameterized2 |          0 |          0 |       0 |    0 |    64 |      0 |      0 |          0 |
|           i_rvx_instance_2                                            |                                            RVX_MODULE_101 |        138 |        138 |       0 |    0 |   127 |      0 |      0 |          0 |
|             (i_rvx_instance_2)                                        |                                            RVX_MODULE_101 |          0 |          0 |       0 |    0 |     3 |      0 |      0 |          0 |
|             i_rvx_instance_0                                          |                                            RVX_MODULE_026 |        138 |        138 |       0 |    0 |   124 |      0 |      0 |          0 |
|           i_rvx_instance_3                                            |                       ERVP_SYNCHRONIZER__parameterized2_7 |          0 |          0 |       0 |    0 |    64 |      0 |      0 |          0 |
|           i_rvx_instance_4                                            |                                       ERVP_SYNCHRONIZER_8 |          0 |          0 |       0 |    0 |     2 |      0 |      0 |          0 |
|           i_rvx_instance_6                                            |                                            RVX_MODULE_031 |          0 |          0 |       0 |    0 |    32 |      0 |      0 |          0 |
|     i_system_sram                                                     |                           BBHT_GROVER_UPGRADE_SRAM_AXI_01 |        256 |        256 |       0 |    0 |   410 |     32 |      0 |          0 |
|       generate_cell[0].i_cell                                         |                                     ERVP_MEMORY_CELL_1R1W |          0 |          0 |       0 |    0 |     0 |     32 |      0 |          0 |
|       i_controller                                                    |                                ERVP_SPSRAM_CONTROLLER_AXI |        256 |        256 |       0 |    0 |   410 |      0 |      0 |          0 |
|         i_rvx_instance_0                                              |                                            RVX_MODULE_088 |        256 |        256 |       0 |    0 |   410 |      0 |      0 |          0 |
|           i_rvx_instance_0                                            |                                         MUNOC_LPIXM2SCELL |        206 |        206 |       0 |    0 |   279 |      0 |      0 |          0 |
|             i_rvx_instance_0                                          |                                            RVX_MODULE_016 |         71 |         71 |       0 |    0 |   149 |      0 |      0 |          0 |
|               i_rvx_instance_0                                        |                                            RVX_MODULE_072 |         16 |         16 |       0 |    0 |     3 |      0 |      0 |          0 |
|               i_rvx_instance_1                                        |                                            RVX_MODULE_022 |         55 |         55 |       0 |    0 |   146 |      0 |      0 |          0 |
|                 i_rvx_instance_0                                      |                                 ERVP_FIFO__parameterized0 |         16 |         16 |       0 |    0 |    35 |      0 |      0 |          0 |
|                   (i_rvx_instance_0)                                  |                                 ERVP_FIFO__parameterized0 |          0 |          0 |       0 |    0 |    28 |      0 |      0 |          0 |
|                   i_rvx_instance_0                                    |                              ERVP_COUNTER__parameterized6 |          1 |          1 |       0 |    0 |     2 |      0 |      0 |          0 |
|                   i_rvx_instance_2                                    |                       ERVP_UPDOWN_COUNTER__parameterized2 |          8 |          8 |       0 |    0 |     3 |      0 |      0 |          0 |
|                   i_rvx_instance_3                                    |                            ERVP_COUNTER__parameterized6_4 |          0 |          0 |       0 |    0 |     2 |      0 |      0 |          0 |
|                   i_rvx_instance_4                                    |                                  ERVP_MUX__parameterized5 |          7 |          7 |       0 |    0 |     0 |      0 |      0 |          0 |
|                 i_rvx_instance_1                                      |                           ERVP_SMALL_FIFO__parameterized4 |         39 |         39 |       0 |    0 |   111 |      0 |      0 |          0 |
|                   (i_rvx_instance_1)                                  |                           ERVP_SMALL_FIFO__parameterized4 |          0 |          0 |       0 |    0 |   102 |      0 |      0 |          0 |
|                   i_rvx_instance_0                                    |       ERVP_COUNTER_WITH_ONEHOT_ENCODING__parameterized3_1 |         34 |         34 |       0 |    0 |     3 |      0 |      0 |          0 |
|                   i_rvx_instance_1                                    |                     ERVP_SHIFT_REGISTER__parameterized1_2 |          2 |          2 |       0 |    0 |     3 |      0 |      0 |          0 |
|                   i_rvx_instance_2                                    |       ERVP_COUNTER_WITH_ONEHOT_ENCODING__parameterized3_3 |          3 |          3 |       0 |    0 |     3 |      0 |      0 |          0 |
|             i_rvx_instance_1                                          |                                            RVX_MODULE_092 |        136 |        136 |       0 |    0 |   130 |      0 |      0 |          0 |
|               i_rvx_instance_0                                        |                                            RVX_MODULE_036 |        136 |        136 |       0 |    0 |   130 |      0 |      0 |          0 |
|                 (i_rvx_instance_0)                                    |                                            RVX_MODULE_036 |          0 |          0 |       0 |    0 |     8 |      0 |      0 |          0 |
|                 i_rvx_instance_0                                      |                                            RVX_MODULE_111 |        136 |        136 |       0 |    0 |   122 |      0 |      0 |          0 |
|           i_rvx_instance_1                                            |                                            RVX_MODULE_095 |         50 |         50 |       0 |    0 |   131 |      0 |      0 |          0 |
|             i_rvx_instance_0                                          |                           ERVP_SMALL_FIFO__parameterized3 |         46 |         46 |       0 |    0 |   129 |      0 |      0 |          0 |
|               (i_rvx_instance_0)                                      |                           ERVP_SMALL_FIFO__parameterized3 |          0 |          0 |       0 |    0 |   120 |      0 |      0 |          0 |
|               i_rvx_instance_0                                        |         ERVP_COUNTER_WITH_ONEHOT_ENCODING__parameterized3 |         43 |         43 |       0 |    0 |     3 |      0 |      0 |          0 |
|               i_rvx_instance_1                                        |                       ERVP_SHIFT_REGISTER__parameterized1 |          3 |          3 |       0 |    0 |     3 |      0 |      0 |          0 |
|               i_rvx_instance_2                                        |       ERVP_COUNTER_WITH_ONEHOT_ENCODING__parameterized3_0 |          0 |          0 |       0 |    0 |     3 |      0 |      0 |          0 |
|             i_rvx_instance_1                                          |                                              ERVP_GRANTER |          4 |          4 |       0 |    0 |     2 |      0 |      0 |          0 |
+-----------------------------------------------------------------------+-----------------------------------------------------------+------------+------------+---------+------+-------+--------+--------+------------+
* Note: The sum of lower-level cells may be larger than their parent cells total, due to cross-hierarchy LUT combining


